rm: cannot remove '*#*': No such file or directory
    :-) GROMACS - gmx mdrun, 2023.2-EasyBuild_4.9.0_PLUMED_2.9.0.GMX2023 (-:

Executable:   /sw/arch/RHEL8/EB_production/2023/software/GROMACS/2023.2-foss-2023a-PLUMED-2.9.0.GMX2023/bin/gmx
Data prefix:  /sw/arch/RHEL8/EB_production/2023/software/GROMACS/2023.2-foss-2023a-PLUMED-2.9.0.GMX2023
Working dir:  /gpfs/home1/ekempkes/adipep_umbrella_grid_superfast/result_GRID20649832
Command line:
  gmx mdrun -s simulations_essentials/md.tpr -plumed Colvars/plumed_-3.142_-3.142.dat -nsteps 10000 -x Colvars/traj_-3.142_-3.142.xtc

Reading file simulations_essentials/md.tpr, VERSION 2022.5-plumed_2.9.3 (single precision)
Note: file tpx version 127, software tpx version 129

NOTE: Parallelization is limited by the small number of atoms,
      only starting 1 thread-MPI ranks.
      You can use the -nt and/or -ntmpi option to optimize the number of threads.

Overriding nsteps with value passed on the command line: 10000 steps, 20 ps

comm-mode angular will give incorrect results when the comm group partially crosses a periodic boundary
Using 1 MPI thread

Non-default thread affinity set, disabling internal thread affinity

Using 1 OpenMP thread 

starting mdrun 'Generated by trjconv : Generated by trjconv : Alanine in vacuum in water t= 4500.00000'
10000 steps,     20.0 ps.

Writing final coordinates.

               Core t (s)   Wall t (s)        (%)
       Time:        2.064        2.064      100.0
                 (ns/day)    (hour/ns)
Performance:      837.408        0.029

GROMACS reminds you: "Like other defaulters, I like to lay half the blame on ill-fortune and adverse circumstances" (Mr. Rochester in Jane Eyre by Charlotte Bronte)

 /home/ekempkes/.local/lib/python3.12/site-packages/paramz/transformations.py:111: RuntimeWarning:divide by zero encountered in log
Error occurred while running command: rm *#*
Command 'rm *#*' returned non-zero exit status 1.
# Integrating             - Simpson's rule + Real Space Grid Mini rm: cannot remove '*#*': No such file or directory
    :-) GROMACS - gmx mdrun, 2023.2-EasyBuild_4.9.0_PLUMED_2.9.0.GMX2023 (-:

Executable:   /sw/arch/RHEL8/EB_production/2023/software/GROMACS/2023.2-foss-2023a-PLUMED-2.9.0.GMX2023/bin/gmx
Data prefix:  /sw/arch/RHEL8/EB_production/2023/software/GROMACS/2023.2-foss-2023a-PLUMED-2.9.0.GMX2023
Working dir:  /gpfs/home1/ekempkes/adipep_umbrella_grid_superfast/result_GRID20649832
Command line:
  gmx mdrun -s simulations_essentials/md.tpr -plumed Colvars/plumed_-3.142_-3.142.dat -nsteps 10000 -x Colvars/traj_-3.142_-3.142.xtc


Back Off! I just backed up md.log to ./#md.log.1#
Reading file simulations_essentials/md.tpr, VERSION 2022.5-plumed_2.9.3 (single precision)
Note: file tpx version 127, software tpx version 129

NOTE: Parallelization is limited by the small number of atoms,
      only starting 1 thread-MPI ranks.
      You can use the -nt and/or -ntmpi option to optimize the number of threads.

Overriding nsteps with value passed on the command line: 10000 steps, 20 ps

comm-mode angular will give incorrect results when the comm group partially crosses a periodic boundary
Using 1 MPI thread

Non-default thread affinity set, disabling internal thread affinity

Using 1 OpenMP thread 


Back Off! I just backed up Colvars/traj_-3.142_-3.142.xtc to Colvars/#traj_-3.142_-3.142.xtc.1#

Back Off! I just backed up traj.trr to ./#traj.trr.1#

Back Off! I just backed up ener.edr to ./#ener.edr.1#
starting mdrun 'Generated by trjconv : Generated by trjconv : Alanine in vacuum in water t= 4500.00000'
10000 steps,     20.0 ps.

Writing final coordinates.

Back Off! I just backed up confout.gro to ./#confout.gro.1#

               Core t (s)   Wall t (s)        (%)
       Time:        2.026        2.026      100.0
                 (ns/day)    (hour/ns)
Performance:      852.810        0.028

GROMACS reminds you: "What do you want out of life?" (Jack Kerouac, On The Road)

    :-) GROMACS - gmx mdrun, 2023.2-EasyBuild_4.9.0_PLUMED_2.9.0.GMX2023 (-:

Executable:   /sw/arch/RHEL8/EB_production/2023/software/GROMACS/2023.2-foss-2023a-PLUMED-2.9.0.GMX2023/bin/gmx
Data prefix:  /sw/arch/RHEL8/EB_production/2023/software/GROMACS/2023.2-foss-2023a-PLUMED-2.9.0.GMX2023
Working dir:  /gpfs/home1/ekempkes/adipep_umbrella_grid_superfast/result_GRID20649832
Command line:
  gmx mdrun -s simulations_essentials/md.tpr -plumed Colvars/plumed_-3.142_0.000.dat -nsteps 10000 -x Colvars/traj_-3.142_0.000.xtc


Back Off! I just backed up md.log to ./#md.log.1#
Reading file simulations_essentials/md.tpr, VERSION 2022.5-plumed_2.9.3 (single precision)
Note: file tpx version 127, software tpx version 129

NOTE: Parallelization is limited by the small number of atoms,
      only starting 1 thread-MPI ranks.
      You can use the -nt and/or -ntmpi option to optimize the number of threads.

Overriding nsteps with value passed on the command line: 10000 steps, 20 ps

comm-mode angular will give incorrect results when the comm group partially crosses a periodic boundary
Using 1 MPI thread

Non-default thread affinity set, disabling internal thread affinity

Using 1 OpenMP thread 


Back Off! I just backed up traj.trr to ./#traj.trr.1#

Back Off! I just backed up ener.edr to ./#ener.edr.1#
starting mdrun 'Generated by trjconv : Generated by trjconv : Alanine in vacuum in water t= 4500.00000'
10000 steps,     20.0 ps.

Writing final coordinates.

Back Off! I just backed up confout.gro to ./#confout.gro.1#

               Core t (s)   Wall t (s)        (%)
       Time:        2.050        2.050      100.0
                 (ns/day)    (hour/ns)
Performance:      842.884        0.028

GROMACS reminds you: "Even the *healthy* people move in clouds of cigarette smoke, women straining polyester, men in raggedly cutoffs slathering mayonnaise on foot-long hot dogs. It's as if the hotel were hosting a conference on adult onset diabetes" (Jess Walter)

    :-) GROMACS - gmx mdrun, 2023.2-EasyBuild_4.9.0_PLUMED_2.9.0.GMX2023 (-:

Executable:   /sw/arch/RHEL8/EB_production/2023/software/GROMACS/2023.2-foss-2023a-PLUMED-2.9.0.GMX2023/bin/gmx
Data prefix:  /sw/arch/RHEL8/EB_production/2023/software/GROMACS/2023.2-foss-2023a-PLUMED-2.9.0.GMX2023
Working dir:  /gpfs/home1/ekempkes/adipep_umbrella_grid_superfast/result_GRID20649832
Command line:
  gmx mdrun -s simulations_essentials/md.tpr -plumed Colvars/plumed_0.000_-3.142.dat -nsteps 10000 -x Colvars/traj_0.000_-3.142.xtc


Back Off! I just backed up md.log to ./#md.log.1#
Reading file simulations_essentials/md.tpr, VERSION 2022.5-plumed_2.9.3 (single precision)
Note: file tpx version 127, software tpx version 129

NOTE: Parallelization is limited by the small number of atoms,
      only starting 1 thread-MPI ranks.
      You can use the -nt and/or -ntmpi option to optimize the number of threads.

Overriding nsteps with value passed on the command line: 10000 steps, 20 ps

comm-mode angular will give incorrect results when the comm group partially crosses a periodic boundary
Using 1 MPI thread

Non-default thread affinity set, disabling internal thread affinity

Using 1 OpenMP thread 


Back Off! I just backed up traj.trr to ./#traj.trr.1#

Back Off! I just backed up ener.edr to ./#ener.edr.1#
starting mdrun 'Generated by trjconv : Generated by trjconv : Alanine in vacuum in water t= 4500.00000'
10000 steps,     20.0 ps.

Writing final coordinates.

Back Off! I just backed up confout.gro to ./#confout.gro.1#

               Core t (s)   Wall t (s)        (%)
       Time:        2.035        2.035      100.0
                 (ns/day)    (hour/ns)
Performance:      849.176        0.028

GROMACS reminds you: "Stop Drinking My Beer !" (The Amps)

    :-) GROMACS - gmx mdrun, 2023.2-EasyBuild_4.9.0_PLUMED_2.9.0.GMX2023 (-:

Executable:   /sw/arch/RHEL8/EB_production/2023/software/GROMACS/2023.2-foss-2023a-PLUMED-2.9.0.GMX2023/bin/gmx
Data prefix:  /sw/arch/RHEL8/EB_production/2023/software/GROMACS/2023.2-foss-2023a-PLUMED-2.9.0.GMX2023
Working dir:  /gpfs/home1/ekempkes/adipep_umbrella_grid_superfast/result_GRID20649832
Command line:
  gmx mdrun -s simulations_essentials/md.tpr -plumed Colvars/plumed_0.000_0.000.dat -nsteps 10000 -x Colvars/traj_0.000_0.000.xtc


Back Off! I just backed up md.log to ./#md.log.1#
Reading file simulations_essentials/md.tpr, VERSION 2022.5-plumed_2.9.3 (single precision)
Note: file tpx version 127, software tpx version 129

NOTE: Parallelization is limited by the small number of atoms,
      only starting 1 thread-MPI ranks.
      You can use the -nt and/or -ntmpi option to optimize the number of threads.

Overriding nsteps with value passed on the command line: 10000 steps, 20 ps

comm-mode angular will give incorrect results when the comm group partially crosses a periodic boundary
Using 1 MPI thread

Non-default thread affinity set, disabling internal thread affinity

Using 1 OpenMP thread 


Back Off! I just backed up traj.trr to ./#traj.trr.1#

Back Off! I just backed up ener.edr to ./#ener.edr.1#
starting mdrun 'Generated by trjconv : Generated by trjconv : Alanine in vacuum in water t= 4500.00000'
10000 steps,     20.0 ps.

Writing final coordinates.

Back Off! I just backed up confout.gro to ./#confout.gro.1#

               Core t (s)   Wall t (s)        (%)
       Time:        2.031        2.032      100.0
                 (ns/day)    (hour/ns)
Performance:      850.684        0.028

GROMACS reminds you: "The physical chemists never use their eyes and are most lamentably lacking in chemical culture. It is essential to cast out from our midst, root and branch, this physical element and return to our laboratories." (Henry Edward Armstrong)


# Integration error:        0.30

Error occurred while running command: rm *#*
Command 'rm *#*' returned non-zero exit status 1.
# Integrating             - Simpson's rule + Real Space Grid Mini     :-) GROMACS - gmx mdrun, 2023.2-EasyBuild_4.9.0_PLUMED_2.9.0.GMX2023 (-:

Executable:   /sw/arch/RHEL8/EB_production/2023/software/GROMACS/2023.2-foss-2023a-PLUMED-2.9.0.GMX2023/bin/gmx
Data prefix:  /sw/arch/RHEL8/EB_production/2023/software/GROMACS/2023.2-foss-2023a-PLUMED-2.9.0.GMX2023
Working dir:  /gpfs/home1/ekempkes/adipep_umbrella_grid_superfast/result_GRID20649832
Command line:
  gmx mdrun -s simulations_essentials/md.tpr -plumed Colvars/plumed_-3.142_-3.142.dat -nsteps 10000 -x Colvars/traj_-3.142_-3.142.xtc


Back Off! I just backed up md.log to ./#md.log.1#
Reading file simulations_essentials/md.tpr, VERSION 2022.5-plumed_2.9.3 (single precision)
Note: file tpx version 127, software tpx version 129

NOTE: Parallelization is limited by the small number of atoms,
      only starting 1 thread-MPI ranks.
      You can use the -nt and/or -ntmpi option to optimize the number of threads.

Overriding nsteps with value passed on the command line: 10000 steps, 20 ps

comm-mode angular will give incorrect results when the comm group partially crosses a periodic boundary
Using 1 MPI thread

Non-default thread affinity set, disabling internal thread affinity

Using 1 OpenMP thread 


Back Off! I just backed up Colvars/traj_-3.142_-3.142.xtc to Colvars/#traj_-3.142_-3.142.xtc.2#

Back Off! I just backed up traj.trr to ./#traj.trr.1#

Back Off! I just backed up ener.edr to ./#ener.edr.1#
starting mdrun 'Generated by trjconv : Generated by trjconv : Alanine in vacuum in water t= 4500.00000'
10000 steps,     20.0 ps.

Writing final coordinates.

Back Off! I just backed up confout.gro to ./#confout.gro.1#

               Core t (s)   Wall t (s)        (%)
       Time:        2.019        2.020      100.0
                 (ns/day)    (hour/ns)
Performance:      855.741        0.028

GROMACS reminds you: "I believe in miracles cause I'm one" (The Ramones)

    :-) GROMACS - gmx mdrun, 2023.2-EasyBuild_4.9.0_PLUMED_2.9.0.GMX2023 (-:

Executable:   /sw/arch/RHEL8/EB_production/2023/software/GROMACS/2023.2-foss-2023a-PLUMED-2.9.0.GMX2023/bin/gmx
Data prefix:  /sw/arch/RHEL8/EB_production/2023/software/GROMACS/2023.2-foss-2023a-PLUMED-2.9.0.GMX2023
Working dir:  /gpfs/home1/ekempkes/adipep_umbrella_grid_superfast/result_GRID20649832
Command line:
  gmx mdrun -s simulations_essentials/md.tpr -plumed Colvars/plumed_-3.142_-1.047.dat -nsteps 10000 -x Colvars/traj_-3.142_-1.047.xtc


Back Off! I just backed up md.log to ./#md.log.1#
Reading file simulations_essentials/md.tpr, VERSION 2022.5-plumed_2.9.3 (single precision)
Note: file tpx version 127, software tpx version 129

NOTE: Parallelization is limited by the small number of atoms,
      only starting 1 thread-MPI ranks.
      You can use the -nt and/or -ntmpi option to optimize the number of threads.

Overriding nsteps with value passed on the command line: 10000 steps, 20 ps

comm-mode angular will give incorrect results when the comm group partially crosses a periodic boundary
Using 1 MPI thread

Non-default thread affinity set, disabling internal thread affinity

Using 1 OpenMP thread 


Back Off! I just backed up traj.trr to ./#traj.trr.1#

Back Off! I just backed up ener.edr to ./#ener.edr.1#
starting mdrun 'Generated by trjconv : Generated by trjconv : Alanine in vacuum in water t= 4500.00000'
10000 steps,     20.0 ps.

Writing final coordinates.

Back Off! I just backed up confout.gro to ./#confout.gro.1#

               Core t (s)   Wall t (s)        (%)
       Time:        2.057        2.057      100.0
                 (ns/day)    (hour/ns)
Performance:      840.144        0.029

GROMACS reminds you: "FORTRAN was the language of choice for the same reason that three-legged races are popular." (Ken Thompson)

    :-) GROMACS - gmx mdrun, 2023.2-EasyBuild_4.9.0_PLUMED_2.9.0.GMX2023 (-:

Executable:   /sw/arch/RHEL8/EB_production/2023/software/GROMACS/2023.2-foss-2023a-PLUMED-2.9.0.GMX2023/bin/gmx
Data prefix:  /sw/arch/RHEL8/EB_production/2023/software/GROMACS/2023.2-foss-2023a-PLUMED-2.9.0.GMX2023
Working dir:  /gpfs/home1/ekempkes/adipep_umbrella_grid_superfast/result_GRID20649832
Command line:
  gmx mdrun -s simulations_essentials/md.tpr -plumed Colvars/plumed_-3.142_1.047.dat -nsteps 10000 -x Colvars/traj_-3.142_1.047.xtc


Back Off! I just backed up md.log to ./#md.log.1#
Reading file simulations_essentials/md.tpr, VERSION 2022.5-plumed_2.9.3 (single precision)
Note: file tpx version 127, software tpx version 129

NOTE: Parallelization is limited by the small number of atoms,
      only starting 1 thread-MPI ranks.
      You can use the -nt and/or -ntmpi option to optimize the number of threads.

Overriding nsteps with value passed on the command line: 10000 steps, 20 ps

comm-mode angular will give incorrect results when the comm group partially crosses a periodic boundary
Using 1 MPI thread

Non-default thread affinity set, disabling internal thread affinity

Using 1 OpenMP thread 


Back Off! I just backed up traj.trr to ./#traj.trr.1#

Back Off! I just backed up ener.edr to ./#ener.edr.1#
starting mdrun 'Generated by trjconv : Generated by trjconv : Alanine in vacuum in water t= 4500.00000'
10000 steps,     20.0 ps.

Writing final coordinates.

Back Off! I just backed up confout.gro to ./#confout.gro.1#

               Core t (s)   Wall t (s)        (%)
       Time:        2.043        2.043      100.0
                 (ns/day)    (hour/ns)
Performance:      846.023        0.028

GROMACS reminds you: "The programmer got stuck in the shower because the instructions on the shampoo bottle said: Lather, Rinse, Repeat." (Anonymous)

    :-) GROMACS - gmx mdrun, 2023.2-EasyBuild_4.9.0_PLUMED_2.9.0.GMX2023 (-:

Executable:   /sw/arch/RHEL8/EB_production/2023/software/GROMACS/2023.2-foss-2023a-PLUMED-2.9.0.GMX2023/bin/gmx
Data prefix:  /sw/arch/RHEL8/EB_production/2023/software/GROMACS/2023.2-foss-2023a-PLUMED-2.9.0.GMX2023
Working dir:  /gpfs/home1/ekempkes/adipep_umbrella_grid_superfast/result_GRID20649832
Command line:
  gmx mdrun -s simulations_essentials/md.tpr -plumed Colvars/plumed_-1.047_-3.142.dat -nsteps 10000 -x Colvars/traj_-1.047_-3.142.xtc


Back Off! I just backed up md.log to ./#md.log.1#
Reading file simulations_essentials/md.tpr, VERSION 2022.5-plumed_2.9.3 (single precision)
Note: file tpx version 127, software tpx version 129

NOTE: Parallelization is limited by the small number of atoms,
      only starting 1 thread-MPI ranks.
      You can use the -nt and/or -ntmpi option to optimize the number of threads.

Overriding nsteps with value passed on the command line: 10000 steps, 20 ps

comm-mode angular will give incorrect results when the comm group partially crosses a periodic boundary
Using 1 MPI thread

Non-default thread affinity set, disabling internal thread affinity

Using 1 OpenMP thread 


Back Off! I just backed up traj.trr to ./#traj.trr.1#

Back Off! I just backed up ener.edr to ./#ener.edr.1#
starting mdrun 'Generated by trjconv : Generated by trjconv : Alanine in vacuum in water t= 4500.00000'
10000 steps,     20.0 ps.

Writing final coordinates.

Back Off! I just backed up confout.gro to ./#confout.gro.1#

               Core t (s)   Wall t (s)        (%)
       Time:        2.041        2.041      100.0
                 (ns/day)    (hour/ns)
Performance:      846.789        0.028

GROMACS reminds you: "Big Data is like teenage sex: everyone talks about it, nobody really knows how to do it, everyone thinks everyone else is doing it, so everyone claims they are doing it..." (Dan Ariely)

    :-) GROMACS - gmx mdrun, 2023.2-EasyBuild_4.9.0_PLUMED_2.9.0.GMX2023 (-:

Executable:   /sw/arch/RHEL8/EB_production/2023/software/GROMACS/2023.2-foss-2023a-PLUMED-2.9.0.GMX2023/bin/gmx
Data prefix:  /sw/arch/RHEL8/EB_production/2023/software/GROMACS/2023.2-foss-2023a-PLUMED-2.9.0.GMX2023
Working dir:  /gpfs/home1/ekempkes/adipep_umbrella_grid_superfast/result_GRID20649832
Command line:
  gmx mdrun -s simulations_essentials/md.tpr -plumed Colvars/plumed_-1.047_-1.047.dat -nsteps 10000 -x Colvars/traj_-1.047_-1.047.xtc


Back Off! I just backed up md.log to ./#md.log.1#
Reading file simulations_essentials/md.tpr, VERSION 2022.5-plumed_2.9.3 (single precision)
Note: file tpx version 127, software tpx version 129

NOTE: Parallelization is limited by the small number of atoms,
      only starting 1 thread-MPI ranks.
      You can use the -nt and/or -ntmpi option to optimize the number of threads.

Overriding nsteps with value passed on the command line: 10000 steps, 20 ps

comm-mode angular will give incorrect results when the comm group partially crosses a periodic boundary
Using 1 MPI thread

Non-default thread affinity set, disabling internal thread affinity

Using 1 OpenMP thread 


Back Off! I just backed up traj.trr to ./#traj.trr.1#

Back Off! I just backed up ener.edr to ./#ener.edr.1#
starting mdrun 'Generated by trjconv : Generated by trjconv : Alanine in vacuum in water t= 4500.00000'
10000 steps,     20.0 ps.

Writing final coordinates.

Back Off! I just backed up confout.gro to ./#confout.gro.1#

               Core t (s)   Wall t (s)        (%)
       Time:        2.087        2.087      100.0
                 (ns/day)    (hour/ns)
Performance:      828.208        0.029

GROMACS reminds you: "Academia is kind of like applied Marxism. The workers really do own the means of production." (Niklas Blomberg)

    :-) GROMACS - gmx mdrun, 2023.2-EasyBuild_4.9.0_PLUMED_2.9.0.GMX2023 (-:

Executable:   /sw/arch/RHEL8/EB_production/2023/software/GROMACS/2023.2-foss-2023a-PLUMED-2.9.0.GMX2023/bin/gmx
Data prefix:  /sw/arch/RHEL8/EB_production/2023/software/GROMACS/2023.2-foss-2023a-PLUMED-2.9.0.GMX2023
Working dir:  /gpfs/home1/ekempkes/adipep_umbrella_grid_superfast/result_GRID20649832
Command line:
  gmx mdrun -s simulations_essentials/md.tpr -plumed Colvars/plumed_-1.047_1.047.dat -nsteps 10000 -x Colvars/traj_-1.047_1.047.xtc


Back Off! I just backed up md.log to ./#md.log.1#
Reading file simulations_essentials/md.tpr, VERSION 2022.5-plumed_2.9.3 (single precision)
Note: file tpx version 127, software tpx version 129

NOTE: Parallelization is limited by the small number of atoms,
      only starting 1 thread-MPI ranks.
      You can use the -nt and/or -ntmpi option to optimize the number of threads.

Overriding nsteps with value passed on the command line: 10000 steps, 20 ps

comm-mode angular will give incorrect results when the comm group partially crosses a periodic boundary
Using 1 MPI thread

Non-default thread affinity set, disabling internal thread affinity

Using 1 OpenMP thread 


Back Off! I just backed up traj.trr to ./#traj.trr.1#

Back Off! I just backed up ener.edr to ./#ener.edr.1#
starting mdrun 'Generated by trjconv : Generated by trjconv : Alanine in vacuum in water t= 4500.00000'
10000 steps,     20.0 ps.

Writing final coordinates.

Back Off! I just backed up confout.gro to ./#confout.gro.1#

               Core t (s)   Wall t (s)        (%)
       Time:        2.032        2.032      100.0
                 (ns/day)    (hour/ns)
Performance:      850.379        0.028

GROMACS reminds you: "Some People Say Not to Worry About the Air" (The Talking Heads)

    :-) GROMACS - gmx mdrun, 2023.2-EasyBuild_4.9.0_PLUMED_2.9.0.GMX2023 (-:

Executable:   /sw/arch/RHEL8/EB_production/2023/software/GROMACS/2023.2-foss-2023a-PLUMED-2.9.0.GMX2023/bin/gmx
Data prefix:  /sw/arch/RHEL8/EB_production/2023/software/GROMACS/2023.2-foss-2023a-PLUMED-2.9.0.GMX2023
Working dir:  /gpfs/home1/ekempkes/adipep_umbrella_grid_superfast/result_GRID20649832
Command line:
  gmx mdrun -s simulations_essentials/md.tpr -plumed Colvars/plumed_1.047_-3.142.dat -nsteps 10000 -x Colvars/traj_1.047_-3.142.xtc


Back Off! I just backed up md.log to ./#md.log.1#
Reading file simulations_essentials/md.tpr, VERSION 2022.5-plumed_2.9.3 (single precision)
Note: file tpx version 127, software tpx version 129

NOTE: Parallelization is limited by the small number of atoms,
      only starting 1 thread-MPI ranks.
      You can use the -nt and/or -ntmpi option to optimize the number of threads.

Overriding nsteps with value passed on the command line: 10000 steps, 20 ps

comm-mode angular will give incorrect results when the comm group partially crosses a periodic boundary
Using 1 MPI thread

Non-default thread affinity set, disabling internal thread affinity

Using 1 OpenMP thread 


Back Off! I just backed up traj.trr to ./#traj.trr.1#

Back Off! I just backed up ener.edr to ./#ener.edr.1#
starting mdrun 'Generated by trjconv : Generated by trjconv : Alanine in vacuum in water t= 4500.00000'
10000 steps,     20.0 ps.

Writing final coordinates.

Back Off! I just backed up confout.gro to ./#confout.gro.1#

               Core t (s)   Wall t (s)        (%)
       Time:        2.045        2.045      100.0
                 (ns/day)    (hour/ns)
Performance:      844.870        0.028

GROMACS reminds you: "In a talk you have a choice: You can make one point or no points." (Paul Sigler)

    :-) GROMACS - gmx mdrun, 2023.2-EasyBuild_4.9.0_PLUMED_2.9.0.GMX2023 (-:

Executable:   /sw/arch/RHEL8/EB_production/2023/software/GROMACS/2023.2-foss-2023a-PLUMED-2.9.0.GMX2023/bin/gmx
Data prefix:  /sw/arch/RHEL8/EB_production/2023/software/GROMACS/2023.2-foss-2023a-PLUMED-2.9.0.GMX2023
Working dir:  /gpfs/home1/ekempkes/adipep_umbrella_grid_superfast/result_GRID20649832
Command line:
  gmx mdrun -s simulations_essentials/md.tpr -plumed Colvars/plumed_1.047_-1.047.dat -nsteps 10000 -x Colvars/traj_1.047_-1.047.xtc


Back Off! I just backed up md.log to ./#md.log.1#
Reading file simulations_essentials/md.tpr, VERSION 2022.5-plumed_2.9.3 (single precision)
Note: file tpx version 127, software tpx version 129

NOTE: Parallelization is limited by the small number of atoms,
      only starting 1 thread-MPI ranks.
      You can use the -nt and/or -ntmpi option to optimize the number of threads.

Overriding nsteps with value passed on the command line: 10000 steps, 20 ps

comm-mode angular will give incorrect results when the comm group partially crosses a periodic boundary
Using 1 MPI thread

Non-default thread affinity set, disabling internal thread affinity

Using 1 OpenMP thread 


Back Off! I just backed up traj.trr to ./#traj.trr.1#

Back Off! I just backed up ener.edr to ./#ener.edr.1#
starting mdrun 'Generated by trjconv : Generated by trjconv : Alanine in vacuum in water t= 4500.00000'
10000 steps,     20.0 ps.

Writing final coordinates.

Back Off! I just backed up confout.gro to ./#confout.gro.1#

               Core t (s)   Wall t (s)        (%)
       Time:        2.043        2.043      100.0
                 (ns/day)    (hour/ns)
Performance:      845.841        0.028

GROMACS reminds you: "It's Against the Rules" (Pulp Fiction)

    :-) GROMACS - gmx mdrun, 2023.2-EasyBuild_4.9.0_PLUMED_2.9.0.GMX2023 (-:

Executable:   /sw/arch/RHEL8/EB_production/2023/software/GROMACS/2023.2-foss-2023a-PLUMED-2.9.0.GMX2023/bin/gmx
Data prefix:  /sw/arch/RHEL8/EB_production/2023/software/GROMACS/2023.2-foss-2023a-PLUMED-2.9.0.GMX2023
Working dir:  /gpfs/home1/ekempkes/adipep_umbrella_grid_superfast/result_GRID20649832
Command line:
  gmx mdrun -s simulations_essentials/md.tpr -plumed Colvars/plumed_1.047_1.047.dat -nsteps 10000 -x Colvars/traj_1.047_1.047.xtc


Back Off! I just backed up md.log to ./#md.log.1#
Reading file simulations_essentials/md.tpr, VERSION 2022.5-plumed_2.9.3 (single precision)
Note: file tpx version 127, software tpx version 129

NOTE: Parallelization is limited by the small number of atoms,
      only starting 1 thread-MPI ranks.
      You can use the -nt and/or -ntmpi option to optimize the number of threads.

Overriding nsteps with value passed on the command line: 10000 steps, 20 ps

comm-mode angular will give incorrect results when the comm group partially crosses a periodic boundary
Using 1 MPI thread

Non-default thread affinity set, disabling internal thread affinity

Using 1 OpenMP thread 


Back Off! I just backed up traj.trr to ./#traj.trr.1#

Back Off! I just backed up ener.edr to ./#ener.edr.1#
starting mdrun 'Generated by trjconv : Generated by trjconv : Alanine in vacuum in water t= 4500.00000'
10000 steps,     20.0 ps.

Writing final coordinates.

Back Off! I just backed up confout.gro to ./#confout.gro.1#

               Core t (s)   Wall t (s)        (%)
       Time:        2.024        2.025      100.0
                 (ns/day)    (hour/ns)
Performance:      853.621        0.028

GROMACS reminds you: "Performance and power are great targets for tuning, but really you want to tune for money!" (Erik Lindahl)


# Integration error:        0.82

# Integrating             - Simpson's rule + Real Space Grid Mini     :-) GROMACS - gmx mdrun, 2023.2-EasyBuild_4.9.0_PLUMED_2.9.0.GMX2023 (-:

Executable:   /sw/arch/RHEL8/EB_production/2023/software/GROMACS/2023.2-foss-2023a-PLUMED-2.9.0.GMX2023/bin/gmx
Data prefix:  /sw/arch/RHEL8/EB_production/2023/software/GROMACS/2023.2-foss-2023a-PLUMED-2.9.0.GMX2023
Working dir:  /gpfs/home1/ekempkes/adipep_umbrella_grid_superfast/result_GRID20649832
Command line:
  gmx mdrun -s simulations_essentials/md.tpr -plumed Colvars/plumed_-3.142_-3.142.dat -nsteps 10000 -x Colvars/traj_-3.142_-3.142.xtc


Back Off! I just backed up md.log to ./#md.log.1#
Reading file simulations_essentials/md.tpr, VERSION 2022.5-plumed_2.9.3 (single precision)
Note: file tpx version 127, software tpx version 129

NOTE: Parallelization is limited by the small number of atoms,
      only starting 1 thread-MPI ranks.
      You can use the -nt and/or -ntmpi option to optimize the number of threads.

Overriding nsteps with value passed on the command line: 10000 steps, 20 ps

comm-mode angular will give incorrect results when the comm group partially crosses a periodic boundary
Using 1 MPI thread

Non-default thread affinity set, disabling internal thread affinity

Using 1 OpenMP thread 


Back Off! I just backed up Colvars/traj_-3.142_-3.142.xtc to Colvars/#traj_-3.142_-3.142.xtc.3#

Back Off! I just backed up traj.trr to ./#traj.trr.1#

Back Off! I just backed up ener.edr to ./#ener.edr.1#
starting mdrun 'Generated by trjconv : Generated by trjconv : Alanine in vacuum in water t= 4500.00000'
10000 steps,     20.0 ps.

Writing final coordinates.

Back Off! I just backed up confout.gro to ./#confout.gro.1#

               Core t (s)   Wall t (s)        (%)
       Time:        2.042        2.042      100.0
                 (ns/day)    (hour/ns)
Performance:      846.322        0.028

GROMACS reminds you: "We all understand the twinge of discomfort at the thought that we share a common ancestor with the apes. No one can embarrass you like a relative." (Neal DeGrasse Tyson)

    :-) GROMACS - gmx mdrun, 2023.2-EasyBuild_4.9.0_PLUMED_2.9.0.GMX2023 (-:

Executable:   /sw/arch/RHEL8/EB_production/2023/software/GROMACS/2023.2-foss-2023a-PLUMED-2.9.0.GMX2023/bin/gmx
Data prefix:  /sw/arch/RHEL8/EB_production/2023/software/GROMACS/2023.2-foss-2023a-PLUMED-2.9.0.GMX2023
Working dir:  /gpfs/home1/ekempkes/adipep_umbrella_grid_superfast/result_GRID20649832
Command line:
  gmx mdrun -s simulations_essentials/md.tpr -plumed Colvars/plumed_-3.142_-1.571.dat -nsteps 10000 -x Colvars/traj_-3.142_-1.571.xtc


Back Off! I just backed up md.log to ./#md.log.1#
Reading file simulations_essentials/md.tpr, VERSION 2022.5-plumed_2.9.3 (single precision)
Note: file tpx version 127, software tpx version 129

NOTE: Parallelization is limited by the small number of atoms,
      only starting 1 thread-MPI ranks.
      You can use the -nt and/or -ntmpi option to optimize the number of threads.

Overriding nsteps with value passed on the command line: 10000 steps, 20 ps

comm-mode angular will give incorrect results when the comm group partially crosses a periodic boundary
Using 1 MPI thread

Non-default thread affinity set, disabling internal thread affinity

Using 1 OpenMP thread 


Back Off! I just backed up traj.trr to ./#traj.trr.1#

Back Off! I just backed up ener.edr to ./#ener.edr.1#
starting mdrun 'Generated by trjconv : Generated by trjconv : Alanine in vacuum in water t= 4500.00000'
10000 steps,     20.0 ps.

Writing final coordinates.

Back Off! I just backed up confout.gro to ./#confout.gro.1#

               Core t (s)   Wall t (s)        (%)
       Time:        2.025        2.025      100.0
                 (ns/day)    (hour/ns)
Performance:      853.528        0.028

GROMACS reminds you: "Why add prime numbers? Prime numbers are made to be multiplied." (Lev Landau)

    :-) GROMACS - gmx mdrun, 2023.2-EasyBuild_4.9.0_PLUMED_2.9.0.GMX2023 (-:

Executable:   /sw/arch/RHEL8/EB_production/2023/software/GROMACS/2023.2-foss-2023a-PLUMED-2.9.0.GMX2023/bin/gmx
Data prefix:  /sw/arch/RHEL8/EB_production/2023/software/GROMACS/2023.2-foss-2023a-PLUMED-2.9.0.GMX2023
Working dir:  /gpfs/home1/ekempkes/adipep_umbrella_grid_superfast/result_GRID20649832
Command line:
  gmx mdrun -s simulations_essentials/md.tpr -plumed Colvars/plumed_-3.142_0.000.dat -nsteps 10000 -x Colvars/traj_-3.142_0.000.xtc


Back Off! I just backed up md.log to ./#md.log.1#
Reading file simulations_essentials/md.tpr, VERSION 2022.5-plumed_2.9.3 (single precision)
Note: file tpx version 127, software tpx version 129

NOTE: Parallelization is limited by the small number of atoms,
      only starting 1 thread-MPI ranks.
      You can use the -nt and/or -ntmpi option to optimize the number of threads.

Overriding nsteps with value passed on the command line: 10000 steps, 20 ps

comm-mode angular will give incorrect results when the comm group partially crosses a periodic boundary
Using 1 MPI thread

Non-default thread affinity set, disabling internal thread affinity

Using 1 OpenMP thread 


Back Off! I just backed up Colvars/traj_-3.142_0.000.xtc to Colvars/#traj_-3.142_0.000.xtc.1#

Back Off! I just backed up traj.trr to ./#traj.trr.1#

Back Off! I just backed up ener.edr to ./#ener.edr.1#
starting mdrun 'Generated by trjconv : Generated by trjconv : Alanine in vacuum in water t= 4500.00000'
10000 steps,     20.0 ps.

Writing final coordinates.

Back Off! I just backed up confout.gro to ./#confout.gro.1#

               Core t (s)   Wall t (s)        (%)
       Time:        2.038        2.038      100.0
                 (ns/day)    (hour/ns)
Performance:      847.834        0.028

GROMACS reminds you: "Why Do *You* Use Constraints ?" (H.J.C. Berendsen)

    :-) GROMACS - gmx mdrun, 2023.2-EasyBuild_4.9.0_PLUMED_2.9.0.GMX2023 (-:

Executable:   /sw/arch/RHEL8/EB_production/2023/software/GROMACS/2023.2-foss-2023a-PLUMED-2.9.0.GMX2023/bin/gmx
Data prefix:  /sw/arch/RHEL8/EB_production/2023/software/GROMACS/2023.2-foss-2023a-PLUMED-2.9.0.GMX2023
Working dir:  /gpfs/home1/ekempkes/adipep_umbrella_grid_superfast/result_GRID20649832
Command line:
  gmx mdrun -s simulations_essentials/md.tpr -plumed Colvars/plumed_-3.142_1.571.dat -nsteps 10000 -x Colvars/traj_-3.142_1.571.xtc


Back Off! I just backed up md.log to ./#md.log.1#
Reading file simulations_essentials/md.tpr, VERSION 2022.5-plumed_2.9.3 (single precision)
Note: file tpx version 127, software tpx version 129

NOTE: Parallelization is limited by the small number of atoms,
      only starting 1 thread-MPI ranks.
      You can use the -nt and/or -ntmpi option to optimize the number of threads.

Overriding nsteps with value passed on the command line: 10000 steps, 20 ps

comm-mode angular will give incorrect results when the comm group partially crosses a periodic boundary
Using 1 MPI thread

Non-default thread affinity set, disabling internal thread affinity

Using 1 OpenMP thread 


Back Off! I just backed up traj.trr to ./#traj.trr.1#

Back Off! I just backed up ener.edr to ./#ener.edr.1#
starting mdrun 'Generated by trjconv : Generated by trjconv : Alanine in vacuum in water t= 4500.00000'
10000 steps,     20.0 ps.

Writing final coordinates.

Back Off! I just backed up confout.gro to ./#confout.gro.1#

               Core t (s)   Wall t (s)        (%)
       Time:        2.048        2.048      100.0
                 (ns/day)    (hour/ns)
Performance:      843.947        0.028

GROMACS reminds you: "Raw data is like raw sewage, it requires some processing before it can be spread around. The opposite is true of theories." (Jim Carr)

    :-) GROMACS - gmx mdrun, 2023.2-EasyBuild_4.9.0_PLUMED_2.9.0.GMX2023 (-:

Executable:   /sw/arch/RHEL8/EB_production/2023/software/GROMACS/2023.2-foss-2023a-PLUMED-2.9.0.GMX2023/bin/gmx
Data prefix:  /sw/arch/RHEL8/EB_production/2023/software/GROMACS/2023.2-foss-2023a-PLUMED-2.9.0.GMX2023
Working dir:  /gpfs/home1/ekempkes/adipep_umbrella_grid_superfast/result_GRID20649832
Command line:
  gmx mdrun -s simulations_essentials/md.tpr -plumed Colvars/plumed_-1.571_-3.142.dat -nsteps 10000 -x Colvars/traj_-1.571_-3.142.xtc


Back Off! I just backed up md.log to ./#md.log.1#
Reading file simulations_essentials/md.tpr, VERSION 2022.5-plumed_2.9.3 (single precision)
Note: file tpx version 127, software tpx version 129

NOTE: Parallelization is limited by the small number of atoms,
      only starting 1 thread-MPI ranks.
      You can use the -nt and/or -ntmpi option to optimize the number of threads.

Overriding nsteps with value passed on the command line: 10000 steps, 20 ps

comm-mode angular will give incorrect results when the comm group partially crosses a periodic boundary
Using 1 MPI thread

Non-default thread affinity set, disabling internal thread affinity

Using 1 OpenMP thread 


Back Off! I just backed up traj.trr to ./#traj.trr.1#

Back Off! I just backed up ener.edr to ./#ener.edr.1#
starting mdrun 'Generated by trjconv : Generated by trjconv : Alanine in vacuum in water t= 4500.00000'
10000 steps,     20.0 ps.

Writing final coordinates.

Back Off! I just backed up confout.gro to ./#confout.gro.1#

               Core t (s)   Wall t (s)        (%)
       Time:        2.025        2.025      100.0
                 (ns/day)    (hour/ns)
Performance:      853.273        0.028

GROMACS reminds you: "Meet Me At the Coffee Shop" (Red Hot Chili Peppers)

    :-) GROMACS - gmx mdrun, 2023.2-EasyBuild_4.9.0_PLUMED_2.9.0.GMX2023 (-:

Executable:   /sw/arch/RHEL8/EB_production/2023/software/GROMACS/2023.2-foss-2023a-PLUMED-2.9.0.GMX2023/bin/gmx
Data prefix:  /sw/arch/RHEL8/EB_production/2023/software/GROMACS/2023.2-foss-2023a-PLUMED-2.9.0.GMX2023
Working dir:  /gpfs/home1/ekempkes/adipep_umbrella_grid_superfast/result_GRID20649832
Command line:
  gmx mdrun -s simulations_essentials/md.tpr -plumed Colvars/plumed_-1.571_-1.571.dat -nsteps 10000 -x Colvars/traj_-1.571_-1.571.xtc


Back Off! I just backed up md.log to ./#md.log.1#
Reading file simulations_essentials/md.tpr, VERSION 2022.5-plumed_2.9.3 (single precision)
Note: file tpx version 127, software tpx version 129

NOTE: Parallelization is limited by the small number of atoms,
      only starting 1 thread-MPI ranks.
      You can use the -nt and/or -ntmpi option to optimize the number of threads.

Overriding nsteps with value passed on the command line: 10000 steps, 20 ps

comm-mode angular will give incorrect results when the comm group partially crosses a periodic boundary
Using 1 MPI thread

Non-default thread affinity set, disabling internal thread affinity

Using 1 OpenMP thread 


Back Off! I just backed up traj.trr to ./#traj.trr.1#

Back Off! I just backed up ener.edr to ./#ener.edr.1#
starting mdrun 'Generated by trjconv : Generated by trjconv : Alanine in vacuum in water t= 4500.00000'
10000 steps,     20.0 ps.

Writing final coordinates.

Back Off! I just backed up confout.gro to ./#confout.gro.1#

               Core t (s)   Wall t (s)        (%)
       Time:        2.059        2.059      100.0
                 (ns/day)    (hour/ns)
Performance:      839.274        0.029

GROMACS reminds you: "They don't have half hours in the north" (Carl Caleman)

    :-) GROMACS - gmx mdrun, 2023.2-EasyBuild_4.9.0_PLUMED_2.9.0.GMX2023 (-:

Executable:   /sw/arch/RHEL8/EB_production/2023/software/GROMACS/2023.2-foss-2023a-PLUMED-2.9.0.GMX2023/bin/gmx
Data prefix:  /sw/arch/RHEL8/EB_production/2023/software/GROMACS/2023.2-foss-2023a-PLUMED-2.9.0.GMX2023
Working dir:  /gpfs/home1/ekempkes/adipep_umbrella_grid_superfast/result_GRID20649832
Command line:
  gmx mdrun -s simulations_essentials/md.tpr -plumed Colvars/plumed_-1.571_0.000.dat -nsteps 10000 -x Colvars/traj_-1.571_0.000.xtc


Back Off! I just backed up md.log to ./#md.log.1#
Reading file simulations_essentials/md.tpr, VERSION 2022.5-plumed_2.9.3 (single precision)
Note: file tpx version 127, software tpx version 129

NOTE: Parallelization is limited by the small number of atoms,
      only starting 1 thread-MPI ranks.
      You can use the -nt and/or -ntmpi option to optimize the number of threads.

Overriding nsteps with value passed on the command line: 10000 steps, 20 ps

comm-mode angular will give incorrect results when the comm group partially crosses a periodic boundary
Using 1 MPI thread

Non-default thread affinity set, disabling internal thread affinity

Using 1 OpenMP thread 


Back Off! I just backed up traj.trr to ./#traj.trr.1#

Back Off! I just backed up ener.edr to ./#ener.edr.1#
starting mdrun 'Generated by trjconv : Generated by trjconv : Alanine in vacuum in water t= 4500.00000'
10000 steps,     20.0 ps.

Writing final coordinates.

Back Off! I just backed up confout.gro to ./#confout.gro.1#

               Core t (s)   Wall t (s)        (%)
       Time:        2.056        2.056      100.0
                 (ns/day)    (hour/ns)
Performance:      840.433        0.029

GROMACS reminds you: "X-rays will prove to be a hoax." (Lord Kelvin, while president of the Royal Society)

    :-) GROMACS - gmx mdrun, 2023.2-EasyBuild_4.9.0_PLUMED_2.9.0.GMX2023 (-:

Executable:   /sw/arch/RHEL8/EB_production/2023/software/GROMACS/2023.2-foss-2023a-PLUMED-2.9.0.GMX2023/bin/gmx
Data prefix:  /sw/arch/RHEL8/EB_production/2023/software/GROMACS/2023.2-foss-2023a-PLUMED-2.9.0.GMX2023
Working dir:  /gpfs/home1/ekempkes/adipep_umbrella_grid_superfast/result_GRID20649832
Command line:
  gmx mdrun -s simulations_essentials/md.tpr -plumed Colvars/plumed_-1.571_1.571.dat -nsteps 10000 -x Colvars/traj_-1.571_1.571.xtc


Back Off! I just backed up md.log to ./#md.log.1#
Reading file simulations_essentials/md.tpr, VERSION 2022.5-plumed_2.9.3 (single precision)
Note: file tpx version 127, software tpx version 129

NOTE: Parallelization is limited by the small number of atoms,
      only starting 1 thread-MPI ranks.
      You can use the -nt and/or -ntmpi option to optimize the number of threads.

Overriding nsteps with value passed on the command line: 10000 steps, 20 ps

comm-mode angular will give incorrect results when the comm group partially crosses a periodic boundary
Using 1 MPI thread

Non-default thread affinity set, disabling internal thread affinity

Using 1 OpenMP thread 


Back Off! I just backed up traj.trr to ./#traj.trr.1#

Back Off! I just backed up ener.edr to ./#ener.edr.1#
starting mdrun 'Generated by trjconv : Generated by trjconv : Alanine in vacuum in water t= 4500.00000'
10000 steps,     20.0 ps.

Writing final coordinates.

Back Off! I just backed up confout.gro to ./#confout.gro.1#

               Core t (s)   Wall t (s)        (%)
       Time:        2.058        2.058      100.0
                 (ns/day)    (hour/ns)
Performance:      839.674        0.029

GROMACS reminds you: "They Were So Quiet About It" (Pixies)

    :-) GROMACS - gmx mdrun, 2023.2-EasyBuild_4.9.0_PLUMED_2.9.0.GMX2023 (-:

Executable:   /sw/arch/RHEL8/EB_production/2023/software/GROMACS/2023.2-foss-2023a-PLUMED-2.9.0.GMX2023/bin/gmx
Data prefix:  /sw/arch/RHEL8/EB_production/2023/software/GROMACS/2023.2-foss-2023a-PLUMED-2.9.0.GMX2023
Working dir:  /gpfs/home1/ekempkes/adipep_umbrella_grid_superfast/result_GRID20649832
Command line:
  gmx mdrun -s simulations_essentials/md.tpr -plumed Colvars/plumed_0.000_-3.142.dat -nsteps 10000 -x Colvars/traj_0.000_-3.142.xtc


Back Off! I just backed up md.log to ./#md.log.1#
Reading file simulations_essentials/md.tpr, VERSION 2022.5-plumed_2.9.3 (single precision)
Note: file tpx version 127, software tpx version 129

NOTE: Parallelization is limited by the small number of atoms,
      only starting 1 thread-MPI ranks.
      You can use the -nt and/or -ntmpi option to optimize the number of threads.

Overriding nsteps with value passed on the command line: 10000 steps, 20 ps

comm-mode angular will give incorrect results when the comm group partially crosses a periodic boundary
Using 1 MPI thread

Non-default thread affinity set, disabling internal thread affinity

Using 1 OpenMP thread 


Back Off! I just backed up Colvars/traj_0.000_-3.142.xtc to Colvars/#traj_0.000_-3.142.xtc.1#

Back Off! I just backed up traj.trr to ./#traj.trr.1#

Back Off! I just backed up ener.edr to ./#ener.edr.1#
starting mdrun 'Generated by trjconv : Generated by trjconv : Alanine in vacuum in water t= 4500.00000'
10000 steps,     20.0 ps.

Writing final coordinates.

Back Off! I just backed up confout.gro to ./#confout.gro.1#

               Core t (s)   Wall t (s)        (%)
       Time:        2.049        2.050      100.0
                 (ns/day)    (hour/ns)
Performance:      843.203        0.028

GROMACS reminds you: "Friends don't let friends use Berendsen!" (John Chodera (on Twitter))

    :-) GROMACS - gmx mdrun, 2023.2-EasyBuild_4.9.0_PLUMED_2.9.0.GMX2023 (-:

Executable:   /sw/arch/RHEL8/EB_production/2023/software/GROMACS/2023.2-foss-2023a-PLUMED-2.9.0.GMX2023/bin/gmx
Data prefix:  /sw/arch/RHEL8/EB_production/2023/software/GROMACS/2023.2-foss-2023a-PLUMED-2.9.0.GMX2023
Working dir:  /gpfs/home1/ekempkes/adipep_umbrella_grid_superfast/result_GRID20649832
Command line:
  gmx mdrun -s simulations_essentials/md.tpr -plumed Colvars/plumed_0.000_-1.571.dat -nsteps 10000 -x Colvars/traj_0.000_-1.571.xtc


Back Off! I just backed up md.log to ./#md.log.1#
Reading file simulations_essentials/md.tpr, VERSION 2022.5-plumed_2.9.3 (single precision)
Note: file tpx version 127, software tpx version 129

NOTE: Parallelization is limited by the small number of atoms,
      only starting 1 thread-MPI ranks.
      You can use the -nt and/or -ntmpi option to optimize the number of threads.

Overriding nsteps with value passed on the command line: 10000 steps, 20 ps

comm-mode angular will give incorrect results when the comm group partially crosses a periodic boundary
Using 1 MPI thread

Non-default thread affinity set, disabling internal thread affinity

Using 1 OpenMP thread 


Back Off! I just backed up traj.trr to ./#traj.trr.1#

Back Off! I just backed up ener.edr to ./#ener.edr.1#
starting mdrun 'Generated by trjconv : Generated by trjconv : Alanine in vacuum in water t= 4500.00000'
10000 steps,     20.0 ps.

Writing final coordinates.

Back Off! I just backed up confout.gro to ./#confout.gro.1#

               Core t (s)   Wall t (s)        (%)
       Time:        2.054        2.054      100.0
                 (ns/day)    (hour/ns)
Performance:      841.328        0.029

GROMACS reminds you: "There's a limit to how many times you can read how great you are and what an inspiration you are, but I'm not there yet." (Randy Pausch)

    :-) GROMACS - gmx mdrun, 2023.2-EasyBuild_4.9.0_PLUMED_2.9.0.GMX2023 (-:

Executable:   /sw/arch/RHEL8/EB_production/2023/software/GROMACS/2023.2-foss-2023a-PLUMED-2.9.0.GMX2023/bin/gmx
Data prefix:  /sw/arch/RHEL8/EB_production/2023/software/GROMACS/2023.2-foss-2023a-PLUMED-2.9.0.GMX2023
Working dir:  /gpfs/home1/ekempkes/adipep_umbrella_grid_superfast/result_GRID20649832
Command line:
  gmx mdrun -s simulations_essentials/md.tpr -plumed Colvars/plumed_0.000_0.000.dat -nsteps 10000 -x Colvars/traj_0.000_0.000.xtc


Back Off! I just backed up md.log to ./#md.log.1#
Reading file simulations_essentials/md.tpr, VERSION 2022.5-plumed_2.9.3 (single precision)
Note: file tpx version 127, software tpx version 129

NOTE: Parallelization is limited by the small number of atoms,
      only starting 1 thread-MPI ranks.
      You can use the -nt and/or -ntmpi option to optimize the number of threads.

Overriding nsteps with value passed on the command line: 10000 steps, 20 ps

comm-mode angular will give incorrect results when the comm group partially crosses a periodic boundary
Using 1 MPI thread

Non-default thread affinity set, disabling internal thread affinity

Using 1 OpenMP thread 


Back Off! I just backed up Colvars/traj_0.000_0.000.xtc to Colvars/#traj_0.000_0.000.xtc.1#

Back Off! I just backed up traj.trr to ./#traj.trr.1#

Back Off! I just backed up ener.edr to ./#ener.edr.1#
starting mdrun 'Generated by trjconv : Generated by trjconv : Alanine in vacuum in water t= 4500.00000'
10000 steps,     20.0 ps.

Writing final coordinates.

Back Off! I just backed up confout.gro to ./#confout.gro.1#

               Core t (s)   Wall t (s)        (%)
       Time:        2.045        2.045      100.0
                 (ns/day)    (hour/ns)
Performance:      844.936        0.028

GROMACS reminds you: "Sort Of" (Urban Dance Squad)

    :-) GROMACS - gmx mdrun, 2023.2-EasyBuild_4.9.0_PLUMED_2.9.0.GMX2023 (-:

Executable:   /sw/arch/RHEL8/EB_production/2023/software/GROMACS/2023.2-foss-2023a-PLUMED-2.9.0.GMX2023/bin/gmx
Data prefix:  /sw/arch/RHEL8/EB_production/2023/software/GROMACS/2023.2-foss-2023a-PLUMED-2.9.0.GMX2023
Working dir:  /gpfs/home1/ekempkes/adipep_umbrella_grid_superfast/result_GRID20649832
Command line:
  gmx mdrun -s simulations_essentials/md.tpr -plumed Colvars/plumed_0.000_1.571.dat -nsteps 10000 -x Colvars/traj_0.000_1.571.xtc


Back Off! I just backed up md.log to ./#md.log.1#
Reading file simulations_essentials/md.tpr, VERSION 2022.5-plumed_2.9.3 (single precision)
Note: file tpx version 127, software tpx version 129

NOTE: Parallelization is limited by the small number of atoms,
      only starting 1 thread-MPI ranks.
      You can use the -nt and/or -ntmpi option to optimize the number of threads.

Overriding nsteps with value passed on the command line: 10000 steps, 20 ps

comm-mode angular will give incorrect results when the comm group partially crosses a periodic boundary
Using 1 MPI thread

Non-default thread affinity set, disabling internal thread affinity

Using 1 OpenMP thread 


Back Off! I just backed up traj.trr to ./#traj.trr.1#

Back Off! I just backed up ener.edr to ./#ener.edr.1#
starting mdrun 'Generated by trjconv : Generated by trjconv : Alanine in vacuum in water t= 4500.00000'
10000 steps,     20.0 ps.

Writing final coordinates.

Back Off! I just backed up confout.gro to ./#confout.gro.1#

               Core t (s)   Wall t (s)        (%)
       Time:        2.035        2.035      100.0
                 (ns/day)    (hour/ns)
Performance:      849.310        0.028

GROMACS reminds you: "...sometimes a scream is better than a thesis." (Ralph Waldo Emerson)

    :-) GROMACS - gmx mdrun, 2023.2-EasyBuild_4.9.0_PLUMED_2.9.0.GMX2023 (-:

Executable:   /sw/arch/RHEL8/EB_production/2023/software/GROMACS/2023.2-foss-2023a-PLUMED-2.9.0.GMX2023/bin/gmx
Data prefix:  /sw/arch/RHEL8/EB_production/2023/software/GROMACS/2023.2-foss-2023a-PLUMED-2.9.0.GMX2023
Working dir:  /gpfs/home1/ekempkes/adipep_umbrella_grid_superfast/result_GRID20649832
Command line:
  gmx mdrun -s simulations_essentials/md.tpr -plumed Colvars/plumed_1.571_-3.142.dat -nsteps 10000 -x Colvars/traj_1.571_-3.142.xtc


Back Off! I just backed up md.log to ./#md.log.1#
Reading file simulations_essentials/md.tpr, VERSION 2022.5-plumed_2.9.3 (single precision)
Note: file tpx version 127, software tpx version 129

NOTE: Parallelization is limited by the small number of atoms,
      only starting 1 thread-MPI ranks.
      You can use the -nt and/or -ntmpi option to optimize the number of threads.

Overriding nsteps with value passed on the command line: 10000 steps, 20 ps

comm-mode angular will give incorrect results when the comm group partially crosses a periodic boundary
Using 1 MPI thread

Non-default thread affinity set, disabling internal thread affinity

Using 1 OpenMP thread 


Back Off! I just backed up traj.trr to ./#traj.trr.1#

Back Off! I just backed up ener.edr to ./#ener.edr.1#
starting mdrun 'Generated by trjconv : Generated by trjconv : Alanine in vacuum in water t= 4500.00000'
10000 steps,     20.0 ps.

Writing final coordinates.

Back Off! I just backed up confout.gro to ./#confout.gro.1#

               Core t (s)   Wall t (s)        (%)
       Time:        2.019        2.019      100.0
                 (ns/day)    (hour/ns)
Performance:      856.067        0.028

GROMACS reminds you: "Do You Have a Mind of Your Own ?" (Garbage)

    :-) GROMACS - gmx mdrun, 2023.2-EasyBuild_4.9.0_PLUMED_2.9.0.GMX2023 (-:

Executable:   /sw/arch/RHEL8/EB_production/2023/software/GROMACS/2023.2-foss-2023a-PLUMED-2.9.0.GMX2023/bin/gmx
Data prefix:  /sw/arch/RHEL8/EB_production/2023/software/GROMACS/2023.2-foss-2023a-PLUMED-2.9.0.GMX2023
Working dir:  /gpfs/home1/ekempkes/adipep_umbrella_grid_superfast/result_GRID20649832
Command line:
  gmx mdrun -s simulations_essentials/md.tpr -plumed Colvars/plumed_1.571_-1.571.dat -nsteps 10000 -x Colvars/traj_1.571_-1.571.xtc


Back Off! I just backed up md.log to ./#md.log.1#
Reading file simulations_essentials/md.tpr, VERSION 2022.5-plumed_2.9.3 (single precision)
Note: file tpx version 127, software tpx version 129

NOTE: Parallelization is limited by the small number of atoms,
      only starting 1 thread-MPI ranks.
      You can use the -nt and/or -ntmpi option to optimize the number of threads.

Overriding nsteps with value passed on the command line: 10000 steps, 20 ps

comm-mode angular will give incorrect results when the comm group partially crosses a periodic boundary
Using 1 MPI thread

Non-default thread affinity set, disabling internal thread affinity

Using 1 OpenMP thread 


Back Off! I just backed up traj.trr to ./#traj.trr.1#

Back Off! I just backed up ener.edr to ./#ener.edr.1#
starting mdrun 'Generated by trjconv : Generated by trjconv : Alanine in vacuum in water t= 4500.00000'
10000 steps,     20.0 ps.

Writing final coordinates.

Back Off! I just backed up confout.gro to ./#confout.gro.1#

               Core t (s)   Wall t (s)        (%)
       Time:        2.085        2.085      100.0
                 (ns/day)    (hour/ns)
Performance:      828.693        0.029

GROMACS reminds you: "People who do QM/MM must be rather patient and enjoy quality over speed" (Kresten Lindorff-Larsen)

    :-) GROMACS - gmx mdrun, 2023.2-EasyBuild_4.9.0_PLUMED_2.9.0.GMX2023 (-:

Executable:   /sw/arch/RHEL8/EB_production/2023/software/GROMACS/2023.2-foss-2023a-PLUMED-2.9.0.GMX2023/bin/gmx
Data prefix:  /sw/arch/RHEL8/EB_production/2023/software/GROMACS/2023.2-foss-2023a-PLUMED-2.9.0.GMX2023
Working dir:  /gpfs/home1/ekempkes/adipep_umbrella_grid_superfast/result_GRID20649832
Command line:
  gmx mdrun -s simulations_essentials/md.tpr -plumed Colvars/plumed_1.571_0.000.dat -nsteps 10000 -x Colvars/traj_1.571_0.000.xtc


Back Off! I just backed up md.log to ./#md.log.1#
Reading file simulations_essentials/md.tpr, VERSION 2022.5-plumed_2.9.3 (single precision)
Note: file tpx version 127, software tpx version 129

NOTE: Parallelization is limited by the small number of atoms,
      only starting 1 thread-MPI ranks.
      You can use the -nt and/or -ntmpi option to optimize the number of threads.

Overriding nsteps with value passed on the command line: 10000 steps, 20 ps

comm-mode angular will give incorrect results when the comm group partially crosses a periodic boundary
Using 1 MPI thread

Non-default thread affinity set, disabling internal thread affinity

Using 1 OpenMP thread 


Back Off! I just backed up traj.trr to ./#traj.trr.1#

Back Off! I just backed up ener.edr to ./#ener.edr.1#
starting mdrun 'Generated by trjconv : Generated by trjconv : Alanine in vacuum in water t= 4500.00000'
10000 steps,     20.0 ps.

Writing final coordinates.

Back Off! I just backed up confout.gro to ./#confout.gro.1#

               Core t (s)   Wall t (s)        (%)
       Time:        2.036        2.036      100.0
                 (ns/day)    (hour/ns)
Performance:      848.612        0.028

GROMACS reminds you: "We haven't the money, so we've got to think." (Ernest Rutherford)

    :-) GROMACS - gmx mdrun, 2023.2-EasyBuild_4.9.0_PLUMED_2.9.0.GMX2023 (-:

Executable:   /sw/arch/RHEL8/EB_production/2023/software/GROMACS/2023.2-foss-2023a-PLUMED-2.9.0.GMX2023/bin/gmx
Data prefix:  /sw/arch/RHEL8/EB_production/2023/software/GROMACS/2023.2-foss-2023a-PLUMED-2.9.0.GMX2023
Working dir:  /gpfs/home1/ekempkes/adipep_umbrella_grid_superfast/result_GRID20649832
Command line:
  gmx mdrun -s simulations_essentials/md.tpr -plumed Colvars/plumed_1.571_1.571.dat -nsteps 10000 -x Colvars/traj_1.571_1.571.xtc


Back Off! I just backed up md.log to ./#md.log.1#
Reading file simulations_essentials/md.tpr, VERSION 2022.5-plumed_2.9.3 (single precision)
Note: file tpx version 127, software tpx version 129

NOTE: Parallelization is limited by the small number of atoms,
      only starting 1 thread-MPI ranks.
      You can use the -nt and/or -ntmpi option to optimize the number of threads.

Overriding nsteps with value passed on the command line: 10000 steps, 20 ps

comm-mode angular will give incorrect results when the comm group partially crosses a periodic boundary
Using 1 MPI thread

Non-default thread affinity set, disabling internal thread affinity

Using 1 OpenMP thread 


Back Off! I just backed up traj.trr to ./#traj.trr.1#

Back Off! I just backed up ener.edr to ./#ener.edr.1#
starting mdrun 'Generated by trjconv : Generated by trjconv : Alanine in vacuum in water t= 4500.00000'
10000 steps,     20.0 ps.

Writing final coordinates.

Back Off! I just backed up confout.gro to ./#confout.gro.1#

               Core t (s)   Wall t (s)        (%)
       Time:        2.053        2.053      100.0
                 (ns/day)    (hour/ns)
Performance:      841.682        0.029

GROMACS reminds you: "The time for theory is over" (J. Hajdu)


# Integration error:        2.76

# Integrating             - Simpson's rule + Real Space Grid Mini     :-) GROMACS - gmx mdrun, 2023.2-EasyBuild_4.9.0_PLUMED_2.9.0.GMX2023 (-:

Executable:   /sw/arch/RHEL8/EB_production/2023/software/GROMACS/2023.2-foss-2023a-PLUMED-2.9.0.GMX2023/bin/gmx
Data prefix:  /sw/arch/RHEL8/EB_production/2023/software/GROMACS/2023.2-foss-2023a-PLUMED-2.9.0.GMX2023
Working dir:  /gpfs/home1/ekempkes/adipep_umbrella_grid_superfast/result_GRID20649832
Command line:
  gmx mdrun -s simulations_essentials/md.tpr -plumed Colvars/plumed_-3.142_-3.142.dat -nsteps 10000 -x Colvars/traj_-3.142_-3.142.xtc


Back Off! I just backed up md.log to ./#md.log.1#
Reading file simulations_essentials/md.tpr, VERSION 2022.5-plumed_2.9.3 (single precision)
Note: file tpx version 127, software tpx version 129

NOTE: Parallelization is limited by the small number of atoms,
      only starting 1 thread-MPI ranks.
      You can use the -nt and/or -ntmpi option to optimize the number of threads.

Overriding nsteps with value passed on the command line: 10000 steps, 20 ps

comm-mode angular will give incorrect results when the comm group partially crosses a periodic boundary
Using 1 MPI thread

Non-default thread affinity set, disabling internal thread affinity

Using 1 OpenMP thread 


Back Off! I just backed up Colvars/traj_-3.142_-3.142.xtc to Colvars/#traj_-3.142_-3.142.xtc.4#

Back Off! I just backed up traj.trr to ./#traj.trr.1#

Back Off! I just backed up ener.edr to ./#ener.edr.1#
starting mdrun 'Generated by trjconv : Generated by trjconv : Alanine in vacuum in water t= 4500.00000'
10000 steps,     20.0 ps.

Writing final coordinates.

Back Off! I just backed up confout.gro to ./#confout.gro.1#

               Core t (s)   Wall t (s)        (%)
       Time:        2.055        2.055      100.0
                 (ns/day)    (hour/ns)
Performance:      840.976        0.029

GROMACS reminds you: "C is quirky, flawed, and an enormous success." (Dennis Ritchie, C author)

    :-) GROMACS - gmx mdrun, 2023.2-EasyBuild_4.9.0_PLUMED_2.9.0.GMX2023 (-:

Executable:   /sw/arch/RHEL8/EB_production/2023/software/GROMACS/2023.2-foss-2023a-PLUMED-2.9.0.GMX2023/bin/gmx
Data prefix:  /sw/arch/RHEL8/EB_production/2023/software/GROMACS/2023.2-foss-2023a-PLUMED-2.9.0.GMX2023
Working dir:  /gpfs/home1/ekempkes/adipep_umbrella_grid_superfast/result_GRID20649832
Command line:
  gmx mdrun -s simulations_essentials/md.tpr -plumed Colvars/plumed_-3.142_-1.885.dat -nsteps 10000 -x Colvars/traj_-3.142_-1.885.xtc


Back Off! I just backed up md.log to ./#md.log.1#
Reading file simulations_essentials/md.tpr, VERSION 2022.5-plumed_2.9.3 (single precision)
Note: file tpx version 127, software tpx version 129

NOTE: Parallelization is limited by the small number of atoms,
      only starting 1 thread-MPI ranks.
      You can use the -nt and/or -ntmpi option to optimize the number of threads.

Overriding nsteps with value passed on the command line: 10000 steps, 20 ps

comm-mode angular will give incorrect results when the comm group partially crosses a periodic boundary
Using 1 MPI thread

Non-default thread affinity set, disabling internal thread affinity

Using 1 OpenMP thread 


Back Off! I just backed up traj.trr to ./#traj.trr.1#

Back Off! I just backed up ener.edr to ./#ener.edr.1#
starting mdrun 'Generated by trjconv : Generated by trjconv : Alanine in vacuum in water t= 4500.00000'
10000 steps,     20.0 ps.

Writing final coordinates.

Back Off! I just backed up confout.gro to ./#confout.gro.1#

               Core t (s)   Wall t (s)        (%)
       Time:        2.073        2.073      100.0
                 (ns/day)    (hour/ns)
Performance:      833.627        0.029

GROMACS reminds you: "One Ripple At a Time" (Bianca's Smut Shack)

    :-) GROMACS - gmx mdrun, 2023.2-EasyBuild_4.9.0_PLUMED_2.9.0.GMX2023 (-:

Executable:   /sw/arch/RHEL8/EB_production/2023/software/GROMACS/2023.2-foss-2023a-PLUMED-2.9.0.GMX2023/bin/gmx
Data prefix:  /sw/arch/RHEL8/EB_production/2023/software/GROMACS/2023.2-foss-2023a-PLUMED-2.9.0.GMX2023
Working dir:  /gpfs/home1/ekempkes/adipep_umbrella_grid_superfast/result_GRID20649832
Command line:
  gmx mdrun -s simulations_essentials/md.tpr -plumed Colvars/plumed_-3.142_-0.628.dat -nsteps 10000 -x Colvars/traj_-3.142_-0.628.xtc


Back Off! I just backed up md.log to ./#md.log.1#
Reading file simulations_essentials/md.tpr, VERSION 2022.5-plumed_2.9.3 (single precision)
Note: file tpx version 127, software tpx version 129

NOTE: Parallelization is limited by the small number of atoms,
      only starting 1 thread-MPI ranks.
      You can use the -nt and/or -ntmpi option to optimize the number of threads.

Overriding nsteps with value passed on the command line: 10000 steps, 20 ps

comm-mode angular will give incorrect results when the comm group partially crosses a periodic boundary
Using 1 MPI thread

Non-default thread affinity set, disabling internal thread affinity

Using 1 OpenMP thread 


Back Off! I just backed up traj.trr to ./#traj.trr.1#

Back Off! I just backed up ener.edr to ./#ener.edr.1#
starting mdrun 'Generated by trjconv : Generated by trjconv : Alanine in vacuum in water t= 4500.00000'
10000 steps,     20.0 ps.

Writing final coordinates.

Back Off! I just backed up confout.gro to ./#confout.gro.1#

               Core t (s)   Wall t (s)        (%)
       Time:        2.031        2.031      100.0
                 (ns/day)    (hour/ns)
Performance:      851.023        0.028

GROMACS reminds you: "This really is a pretty scene, could you ask your kid to smile please?" (Joe Jackson)

    :-) GROMACS - gmx mdrun, 2023.2-EasyBuild_4.9.0_PLUMED_2.9.0.GMX2023 (-:

Executable:   /sw/arch/RHEL8/EB_production/2023/software/GROMACS/2023.2-foss-2023a-PLUMED-2.9.0.GMX2023/bin/gmx
Data prefix:  /sw/arch/RHEL8/EB_production/2023/software/GROMACS/2023.2-foss-2023a-PLUMED-2.9.0.GMX2023
Working dir:  /gpfs/home1/ekempkes/adipep_umbrella_grid_superfast/result_GRID20649832
Command line:
  gmx mdrun -s simulations_essentials/md.tpr -plumed Colvars/plumed_-3.142_0.628.dat -nsteps 10000 -x Colvars/traj_-3.142_0.628.xtc


Back Off! I just backed up md.log to ./#md.log.1#
Reading file simulations_essentials/md.tpr, VERSION 2022.5-plumed_2.9.3 (single precision)
Note: file tpx version 127, software tpx version 129

NOTE: Parallelization is limited by the small number of atoms,
      only starting 1 thread-MPI ranks.
      You can use the -nt and/or -ntmpi option to optimize the number of threads.

Overriding nsteps with value passed on the command line: 10000 steps, 20 ps

comm-mode angular will give incorrect results when the comm group partially crosses a periodic boundary
Using 1 MPI thread

Non-default thread affinity set, disabling internal thread affinity

Using 1 OpenMP thread 


Back Off! I just backed up traj.trr to ./#traj.trr.1#

Back Off! I just backed up ener.edr to ./#ener.edr.1#
starting mdrun 'Generated by trjconv : Generated by trjconv : Alanine in vacuum in water t= 4500.00000'
10000 steps,     20.0 ps.

Writing final coordinates.

Back Off! I just backed up confout.gro to ./#confout.gro.1#

               Core t (s)   Wall t (s)        (%)
       Time:        2.026        2.026      100.0
                 (ns/day)    (hour/ns)
Performance:      852.850        0.028

GROMACS reminds you: "Quite frankly, even if the choice of C were to do *nothing* but keep the C++ programmers out, that in itself would be a huge reason to use C." (Linus Torvalds)

    :-) GROMACS - gmx mdrun, 2023.2-EasyBuild_4.9.0_PLUMED_2.9.0.GMX2023 (-:

Executable:   /sw/arch/RHEL8/EB_production/2023/software/GROMACS/2023.2-foss-2023a-PLUMED-2.9.0.GMX2023/bin/gmx
Data prefix:  /sw/arch/RHEL8/EB_production/2023/software/GROMACS/2023.2-foss-2023a-PLUMED-2.9.0.GMX2023
Working dir:  /gpfs/home1/ekempkes/adipep_umbrella_grid_superfast/result_GRID20649832
Command line:
  gmx mdrun -s simulations_essentials/md.tpr -plumed Colvars/plumed_-3.142_1.885.dat -nsteps 10000 -x Colvars/traj_-3.142_1.885.xtc


Back Off! I just backed up md.log to ./#md.log.1#
Reading file simulations_essentials/md.tpr, VERSION 2022.5-plumed_2.9.3 (single precision)
Note: file tpx version 127, software tpx version 129

NOTE: Parallelization is limited by the small number of atoms,
      only starting 1 thread-MPI ranks.
      You can use the -nt and/or -ntmpi option to optimize the number of threads.

Overriding nsteps with value passed on the command line: 10000 steps, 20 ps

comm-mode angular will give incorrect results when the comm group partially crosses a periodic boundary
Using 1 MPI thread

Non-default thread affinity set, disabling internal thread affinity

Using 1 OpenMP thread 


Back Off! I just backed up traj.trr to ./#traj.trr.1#

Back Off! I just backed up ener.edr to ./#ener.edr.1#
starting mdrun 'Generated by trjconv : Generated by trjconv : Alanine in vacuum in water t= 4500.00000'
10000 steps,     20.0 ps.

Writing final coordinates.

Back Off! I just backed up confout.gro to ./#confout.gro.1#

               Core t (s)   Wall t (s)        (%)
       Time:        2.049        2.049      100.0
                 (ns/day)    (hour/ns)
Performance:      843.480        0.028

GROMACS reminds you: "It's Calling Me to Break my Bonds, Again..." (Van der Graaf)

    :-) GROMACS - gmx mdrun, 2023.2-EasyBuild_4.9.0_PLUMED_2.9.0.GMX2023 (-:

Executable:   /sw/arch/RHEL8/EB_production/2023/software/GROMACS/2023.2-foss-2023a-PLUMED-2.9.0.GMX2023/bin/gmx
Data prefix:  /sw/arch/RHEL8/EB_production/2023/software/GROMACS/2023.2-foss-2023a-PLUMED-2.9.0.GMX2023
Working dir:  /gpfs/home1/ekempkes/adipep_umbrella_grid_superfast/result_GRID20649832
Command line:
  gmx mdrun -s simulations_essentials/md.tpr -plumed Colvars/plumed_-1.885_-3.142.dat -nsteps 10000 -x Colvars/traj_-1.885_-3.142.xtc


Back Off! I just backed up md.log to ./#md.log.1#
Reading file simulations_essentials/md.tpr, VERSION 2022.5-plumed_2.9.3 (single precision)
Note: file tpx version 127, software tpx version 129

NOTE: Parallelization is limited by the small number of atoms,
      only starting 1 thread-MPI ranks.
      You can use the -nt and/or -ntmpi option to optimize the number of threads.

Overriding nsteps with value passed on the command line: 10000 steps, 20 ps

comm-mode angular will give incorrect results when the comm group partially crosses a periodic boundary
Using 1 MPI thread

Non-default thread affinity set, disabling internal thread affinity

Using 1 OpenMP thread 


Back Off! I just backed up traj.trr to ./#traj.trr.1#

Back Off! I just backed up ener.edr to ./#ener.edr.1#
starting mdrun 'Generated by trjconv : Generated by trjconv : Alanine in vacuum in water t= 4500.00000'
10000 steps,     20.0 ps.

Writing final coordinates.

Back Off! I just backed up confout.gro to ./#confout.gro.1#

               Core t (s)   Wall t (s)        (%)
       Time:        2.039        2.039      100.0
                 (ns/day)    (hour/ns)
Performance:      847.682        0.028

GROMACS reminds you: "Documentation is like sex: When it's good it's great, and when it's bad it's better than nothing." (Linus Torvalds)

    :-) GROMACS - gmx mdrun, 2023.2-EasyBuild_4.9.0_PLUMED_2.9.0.GMX2023 (-:

Executable:   /sw/arch/RHEL8/EB_production/2023/software/GROMACS/2023.2-foss-2023a-PLUMED-2.9.0.GMX2023/bin/gmx
Data prefix:  /sw/arch/RHEL8/EB_production/2023/software/GROMACS/2023.2-foss-2023a-PLUMED-2.9.0.GMX2023
Working dir:  /gpfs/home1/ekempkes/adipep_umbrella_grid_superfast/result_GRID20649832
Command line:
  gmx mdrun -s simulations_essentials/md.tpr -plumed Colvars/plumed_-1.885_-1.885.dat -nsteps 10000 -x Colvars/traj_-1.885_-1.885.xtc


Back Off! I just backed up md.log to ./#md.log.1#
Reading file simulations_essentials/md.tpr, VERSION 2022.5-plumed_2.9.3 (single precision)
Note: file tpx version 127, software tpx version 129

NOTE: Parallelization is limited by the small number of atoms,
      only starting 1 thread-MPI ranks.
      You can use the -nt and/or -ntmpi option to optimize the number of threads.

Overriding nsteps with value passed on the command line: 10000 steps, 20 ps

comm-mode angular will give incorrect results when the comm group partially crosses a periodic boundary
Using 1 MPI thread

Non-default thread affinity set, disabling internal thread affinity

Using 1 OpenMP thread 


Back Off! I just backed up traj.trr to ./#traj.trr.1#

Back Off! I just backed up ener.edr to ./#ener.edr.1#
starting mdrun 'Generated by trjconv : Generated by trjconv : Alanine in vacuum in water t= 4500.00000'
10000 steps,     20.0 ps.

Writing final coordinates.

Back Off! I just backed up confout.gro to ./#confout.gro.1#

               Core t (s)   Wall t (s)        (%)
       Time:        2.070        2.070      100.0
                 (ns/day)    (hour/ns)
Performance:      834.815        0.029

GROMACS reminds you: "If it's a good idea, go ahead and do it. It's much easier to apologize than it is to get permission." (Grace Hopper, developer of COBOL)

    :-) GROMACS - gmx mdrun, 2023.2-EasyBuild_4.9.0_PLUMED_2.9.0.GMX2023 (-:

Executable:   /sw/arch/RHEL8/EB_production/2023/software/GROMACS/2023.2-foss-2023a-PLUMED-2.9.0.GMX2023/bin/gmx
Data prefix:  /sw/arch/RHEL8/EB_production/2023/software/GROMACS/2023.2-foss-2023a-PLUMED-2.9.0.GMX2023
Working dir:  /gpfs/home1/ekempkes/adipep_umbrella_grid_superfast/result_GRID20649832
Command line:
  gmx mdrun -s simulations_essentials/md.tpr -plumed Colvars/plumed_-1.885_-0.628.dat -nsteps 10000 -x Colvars/traj_-1.885_-0.628.xtc


Back Off! I just backed up md.log to ./#md.log.1#
Reading file simulations_essentials/md.tpr, VERSION 2022.5-plumed_2.9.3 (single precision)
Note: file tpx version 127, software tpx version 129

NOTE: Parallelization is limited by the small number of atoms,
      only starting 1 thread-MPI ranks.
      You can use the -nt and/or -ntmpi option to optimize the number of threads.

Overriding nsteps with value passed on the command line: 10000 steps, 20 ps

comm-mode angular will give incorrect results when the comm group partially crosses a periodic boundary
Using 1 MPI thread

Non-default thread affinity set, disabling internal thread affinity

Using 1 OpenMP thread 


Back Off! I just backed up traj.trr to ./#traj.trr.1#

Back Off! I just backed up ener.edr to ./#ener.edr.1#
starting mdrun 'Generated by trjconv : Generated by trjconv : Alanine in vacuum in water t= 4500.00000'
10000 steps,     20.0 ps.

Writing final coordinates.

Back Off! I just backed up confout.gro to ./#confout.gro.1#

               Core t (s)   Wall t (s)        (%)
       Time:        2.021        2.021      100.0
                 (ns/day)    (hour/ns)
Performance:      855.148        0.028

GROMACS reminds you: "The sign of wisdom is to have more questions than answers." (Abhijit Naskar)

    :-) GROMACS - gmx mdrun, 2023.2-EasyBuild_4.9.0_PLUMED_2.9.0.GMX2023 (-:

Executable:   /sw/arch/RHEL8/EB_production/2023/software/GROMACS/2023.2-foss-2023a-PLUMED-2.9.0.GMX2023/bin/gmx
Data prefix:  /sw/arch/RHEL8/EB_production/2023/software/GROMACS/2023.2-foss-2023a-PLUMED-2.9.0.GMX2023
Working dir:  /gpfs/home1/ekempkes/adipep_umbrella_grid_superfast/result_GRID20649832
Command line:
  gmx mdrun -s simulations_essentials/md.tpr -plumed Colvars/plumed_-1.885_0.628.dat -nsteps 10000 -x Colvars/traj_-1.885_0.628.xtc


Back Off! I just backed up md.log to ./#md.log.1#
Reading file simulations_essentials/md.tpr, VERSION 2022.5-plumed_2.9.3 (single precision)
Note: file tpx version 127, software tpx version 129

NOTE: Parallelization is limited by the small number of atoms,
      only starting 1 thread-MPI ranks.
      You can use the -nt and/or -ntmpi option to optimize the number of threads.

Overriding nsteps with value passed on the command line: 10000 steps, 20 ps

comm-mode angular will give incorrect results when the comm group partially crosses a periodic boundary
Using 1 MPI thread

Non-default thread affinity set, disabling internal thread affinity

Using 1 OpenMP thread 


Back Off! I just backed up traj.trr to ./#traj.trr.1#

Back Off! I just backed up ener.edr to ./#ener.edr.1#
starting mdrun 'Generated by trjconv : Generated by trjconv : Alanine in vacuum in water t= 4500.00000'
10000 steps,     20.0 ps.

Writing final coordinates.

Back Off! I just backed up confout.gro to ./#confout.gro.1#

               Core t (s)   Wall t (s)        (%)
       Time:        2.006        2.006      100.0
                 (ns/day)    (hour/ns)
Performance:      861.428        0.028

GROMACS reminds you: "Money won't buy happiness, but it will pay the salaries of a large research staff to study the problem." (Bill Vaughan)

    :-) GROMACS - gmx mdrun, 2023.2-EasyBuild_4.9.0_PLUMED_2.9.0.GMX2023 (-:

Executable:   /sw/arch/RHEL8/EB_production/2023/software/GROMACS/2023.2-foss-2023a-PLUMED-2.9.0.GMX2023/bin/gmx
Data prefix:  /sw/arch/RHEL8/EB_production/2023/software/GROMACS/2023.2-foss-2023a-PLUMED-2.9.0.GMX2023
Working dir:  /gpfs/home1/ekempkes/adipep_umbrella_grid_superfast/result_GRID20649832
Command line:
  gmx mdrun -s simulations_essentials/md.tpr -plumed Colvars/plumed_-1.885_1.885.dat -nsteps 10000 -x Colvars/traj_-1.885_1.885.xtc


Back Off! I just backed up md.log to ./#md.log.1#
Reading file simulations_essentials/md.tpr, VERSION 2022.5-plumed_2.9.3 (single precision)
Note: file tpx version 127, software tpx version 129

NOTE: Parallelization is limited by the small number of atoms,
      only starting 1 thread-MPI ranks.
      You can use the -nt and/or -ntmpi option to optimize the number of threads.

Overriding nsteps with value passed on the command line: 10000 steps, 20 ps

comm-mode angular will give incorrect results when the comm group partially crosses a periodic boundary
Using 1 MPI thread

Non-default thread affinity set, disabling internal thread affinity

Using 1 OpenMP thread 


Back Off! I just backed up traj.trr to ./#traj.trr.1#

Back Off! I just backed up ener.edr to ./#ener.edr.1#
starting mdrun 'Generated by trjconv : Generated by trjconv : Alanine in vacuum in water t= 4500.00000'
10000 steps,     20.0 ps.

Writing final coordinates.

Back Off! I just backed up confout.gro to ./#confout.gro.1#

               Core t (s)   Wall t (s)        (%)
       Time:        2.055        2.055      100.0
                 (ns/day)    (hour/ns)
Performance:      840.871        0.029

GROMACS reminds you: "Hang On to Your Ego" (F. Black)

    :-) GROMACS - gmx mdrun, 2023.2-EasyBuild_4.9.0_PLUMED_2.9.0.GMX2023 (-:

Executable:   /sw/arch/RHEL8/EB_production/2023/software/GROMACS/2023.2-foss-2023a-PLUMED-2.9.0.GMX2023/bin/gmx
Data prefix:  /sw/arch/RHEL8/EB_production/2023/software/GROMACS/2023.2-foss-2023a-PLUMED-2.9.0.GMX2023
Working dir:  /gpfs/home1/ekempkes/adipep_umbrella_grid_superfast/result_GRID20649832
Command line:
  gmx mdrun -s simulations_essentials/md.tpr -plumed Colvars/plumed_-0.628_-3.142.dat -nsteps 10000 -x Colvars/traj_-0.628_-3.142.xtc


Back Off! I just backed up md.log to ./#md.log.1#
Reading file simulations_essentials/md.tpr, VERSION 2022.5-plumed_2.9.3 (single precision)
Note: file tpx version 127, software tpx version 129

NOTE: Parallelization is limited by the small number of atoms,
      only starting 1 thread-MPI ranks.
      You can use the -nt and/or -ntmpi option to optimize the number of threads.

Overriding nsteps with value passed on the command line: 10000 steps, 20 ps

comm-mode angular will give incorrect results when the comm group partially crosses a periodic boundary
Using 1 MPI thread

Non-default thread affinity set, disabling internal thread affinity

Using 1 OpenMP thread 


Back Off! I just backed up traj.trr to ./#traj.trr.1#

Back Off! I just backed up ener.edr to ./#ener.edr.1#
starting mdrun 'Generated by trjconv : Generated by trjconv : Alanine in vacuum in water t= 4500.00000'
10000 steps,     20.0 ps.

Writing final coordinates.

Back Off! I just backed up confout.gro to ./#confout.gro.1#

               Core t (s)   Wall t (s)        (%)
       Time:        2.036        2.036      100.0
                 (ns/day)    (hour/ns)
Performance:      848.931        0.028

GROMACS reminds you: "I have no responsibility to live up to what others expect of me. That's their mistake, not my failing." (Richard Feynman)

    :-) GROMACS - gmx mdrun, 2023.2-EasyBuild_4.9.0_PLUMED_2.9.0.GMX2023 (-:

Executable:   /sw/arch/RHEL8/EB_production/2023/software/GROMACS/2023.2-foss-2023a-PLUMED-2.9.0.GMX2023/bin/gmx
Data prefix:  /sw/arch/RHEL8/EB_production/2023/software/GROMACS/2023.2-foss-2023a-PLUMED-2.9.0.GMX2023
Working dir:  /gpfs/home1/ekempkes/adipep_umbrella_grid_superfast/result_GRID20649832
Command line:
  gmx mdrun -s simulations_essentials/md.tpr -plumed Colvars/plumed_-0.628_-1.885.dat -nsteps 10000 -x Colvars/traj_-0.628_-1.885.xtc


Back Off! I just backed up md.log to ./#md.log.1#
Reading file simulations_essentials/md.tpr, VERSION 2022.5-plumed_2.9.3 (single precision)
Note: file tpx version 127, software tpx version 129

NOTE: Parallelization is limited by the small number of atoms,
      only starting 1 thread-MPI ranks.
      You can use the -nt and/or -ntmpi option to optimize the number of threads.

Overriding nsteps with value passed on the command line: 10000 steps, 20 ps

comm-mode angular will give incorrect results when the comm group partially crosses a periodic boundary
Using 1 MPI thread

Non-default thread affinity set, disabling internal thread affinity

Using 1 OpenMP thread 


Back Off! I just backed up traj.trr to ./#traj.trr.1#

Back Off! I just backed up ener.edr to ./#ener.edr.1#
starting mdrun 'Generated by trjconv : Generated by trjconv : Alanine in vacuum in water t= 4500.00000'
10000 steps,     20.0 ps.

Writing final coordinates.

Back Off! I just backed up confout.gro to ./#confout.gro.1#

               Core t (s)   Wall t (s)        (%)
       Time:        2.062        2.062      100.0
                 (ns/day)    (hour/ns)
Performance:      837.946        0.029

GROMACS reminds you: "Science is a wonderful thing if one does not have to earn one's living at it." (Albert Einstein)

    :-) GROMACS - gmx mdrun, 2023.2-EasyBuild_4.9.0_PLUMED_2.9.0.GMX2023 (-:

Executable:   /sw/arch/RHEL8/EB_production/2023/software/GROMACS/2023.2-foss-2023a-PLUMED-2.9.0.GMX2023/bin/gmx
Data prefix:  /sw/arch/RHEL8/EB_production/2023/software/GROMACS/2023.2-foss-2023a-PLUMED-2.9.0.GMX2023
Working dir:  /gpfs/home1/ekempkes/adipep_umbrella_grid_superfast/result_GRID20649832
Command line:
  gmx mdrun -s simulations_essentials/md.tpr -plumed Colvars/plumed_-0.628_-0.628.dat -nsteps 10000 -x Colvars/traj_-0.628_-0.628.xtc


Back Off! I just backed up md.log to ./#md.log.1#
Reading file simulations_essentials/md.tpr, VERSION 2022.5-plumed_2.9.3 (single precision)
Note: file tpx version 127, software tpx version 129

NOTE: Parallelization is limited by the small number of atoms,
      only starting 1 thread-MPI ranks.
      You can use the -nt and/or -ntmpi option to optimize the number of threads.

Overriding nsteps with value passed on the command line: 10000 steps, 20 ps

comm-mode angular will give incorrect results when the comm group partially crosses a periodic boundary
Using 1 MPI thread

Non-default thread affinity set, disabling internal thread affinity

Using 1 OpenMP thread 


Back Off! I just backed up traj.trr to ./#traj.trr.1#

Back Off! I just backed up ener.edr to ./#ener.edr.1#
starting mdrun 'Generated by trjconv : Generated by trjconv : Alanine in vacuum in water t= 4500.00000'
10000 steps,     20.0 ps.

Writing final coordinates.

Back Off! I just backed up confout.gro to ./#confout.gro.1#

               Core t (s)   Wall t (s)        (%)
       Time:        2.005        2.005      100.0
                 (ns/day)    (hour/ns)
Performance:      861.754        0.028

GROMACS reminds you: "This May Come As a Shock" (F. Black)

    :-) GROMACS - gmx mdrun, 2023.2-EasyBuild_4.9.0_PLUMED_2.9.0.GMX2023 (-:

Executable:   /sw/arch/RHEL8/EB_production/2023/software/GROMACS/2023.2-foss-2023a-PLUMED-2.9.0.GMX2023/bin/gmx
Data prefix:  /sw/arch/RHEL8/EB_production/2023/software/GROMACS/2023.2-foss-2023a-PLUMED-2.9.0.GMX2023
Working dir:  /gpfs/home1/ekempkes/adipep_umbrella_grid_superfast/result_GRID20649832
Command line:
  gmx mdrun -s simulations_essentials/md.tpr -plumed Colvars/plumed_-0.628_0.628.dat -nsteps 10000 -x Colvars/traj_-0.628_0.628.xtc


Back Off! I just backed up md.log to ./#md.log.1#
Reading file simulations_essentials/md.tpr, VERSION 2022.5-plumed_2.9.3 (single precision)
Note: file tpx version 127, software tpx version 129

NOTE: Parallelization is limited by the small number of atoms,
      only starting 1 thread-MPI ranks.
      You can use the -nt and/or -ntmpi option to optimize the number of threads.

Overriding nsteps with value passed on the command line: 10000 steps, 20 ps

comm-mode angular will give incorrect results when the comm group partially crosses a periodic boundary
Using 1 MPI thread

Non-default thread affinity set, disabling internal thread affinity

Using 1 OpenMP thread 


Back Off! I just backed up traj.trr to ./#traj.trr.1#

Back Off! I just backed up ener.edr to ./#ener.edr.1#
starting mdrun 'Generated by trjconv : Generated by trjconv : Alanine in vacuum in water t= 4500.00000'
10000 steps,     20.0 ps.

Writing final coordinates.

Back Off! I just backed up confout.gro to ./#confout.gro.1#

               Core t (s)   Wall t (s)        (%)
       Time:        2.055        2.055      100.0
                 (ns/day)    (hour/ns)
Performance:      840.877        0.029

GROMACS reminds you: "I am driven by two main philosophies: know more today about the world than I knew yesterday and lessen the suffering of others. You'd be surprised how far that gets you." (Neil deGrasse Tyson)

    :-) GROMACS - gmx mdrun, 2023.2-EasyBuild_4.9.0_PLUMED_2.9.0.GMX2023 (-:

Executable:   /sw/arch/RHEL8/EB_production/2023/software/GROMACS/2023.2-foss-2023a-PLUMED-2.9.0.GMX2023/bin/gmx
Data prefix:  /sw/arch/RHEL8/EB_production/2023/software/GROMACS/2023.2-foss-2023a-PLUMED-2.9.0.GMX2023
Working dir:  /gpfs/home1/ekempkes/adipep_umbrella_grid_superfast/result_GRID20649832
Command line:
  gmx mdrun -s simulations_essentials/md.tpr -plumed Colvars/plumed_-0.628_1.885.dat -nsteps 10000 -x Colvars/traj_-0.628_1.885.xtc


Back Off! I just backed up md.log to ./#md.log.1#
Reading file simulations_essentials/md.tpr, VERSION 2022.5-plumed_2.9.3 (single precision)
Note: file tpx version 127, software tpx version 129

NOTE: Parallelization is limited by the small number of atoms,
      only starting 1 thread-MPI ranks.
      You can use the -nt and/or -ntmpi option to optimize the number of threads.

Overriding nsteps with value passed on the command line: 10000 steps, 20 ps

comm-mode angular will give incorrect results when the comm group partially crosses a periodic boundary
Using 1 MPI thread

Non-default thread affinity set, disabling internal thread affinity

Using 1 OpenMP thread 


Back Off! I just backed up traj.trr to ./#traj.trr.1#

Back Off! I just backed up ener.edr to ./#ener.edr.1#
starting mdrun 'Generated by trjconv : Generated by trjconv : Alanine in vacuum in water t= 4500.00000'
10000 steps,     20.0 ps.

Writing final coordinates.

Back Off! I just backed up confout.gro to ./#confout.gro.1#

               Core t (s)   Wall t (s)        (%)
       Time:        2.102        2.102      100.0
                 (ns/day)    (hour/ns)
Performance:      822.259        0.029

GROMACS reminds you: "No great discovery was ever made without a bold guess." (Marie Curie)

    :-) GROMACS - gmx mdrun, 2023.2-EasyBuild_4.9.0_PLUMED_2.9.0.GMX2023 (-:

Executable:   /sw/arch/RHEL8/EB_production/2023/software/GROMACS/2023.2-foss-2023a-PLUMED-2.9.0.GMX2023/bin/gmx
Data prefix:  /sw/arch/RHEL8/EB_production/2023/software/GROMACS/2023.2-foss-2023a-PLUMED-2.9.0.GMX2023
Working dir:  /gpfs/home1/ekempkes/adipep_umbrella_grid_superfast/result_GRID20649832
Command line:
  gmx mdrun -s simulations_essentials/md.tpr -plumed Colvars/plumed_0.628_-3.142.dat -nsteps 10000 -x Colvars/traj_0.628_-3.142.xtc


Back Off! I just backed up md.log to ./#md.log.1#
Reading file simulations_essentials/md.tpr, VERSION 2022.5-plumed_2.9.3 (single precision)
Note: file tpx version 127, software tpx version 129

NOTE: Parallelization is limited by the small number of atoms,
      only starting 1 thread-MPI ranks.
      You can use the -nt and/or -ntmpi option to optimize the number of threads.

Overriding nsteps with value passed on the command line: 10000 steps, 20 ps

comm-mode angular will give incorrect results when the comm group partially crosses a periodic boundary
Using 1 MPI thread

Non-default thread affinity set, disabling internal thread affinity

Using 1 OpenMP thread 


Back Off! I just backed up traj.trr to ./#traj.trr.1#

Back Off! I just backed up ener.edr to ./#ener.edr.1#
starting mdrun 'Generated by trjconv : Generated by trjconv : Alanine in vacuum in water t= 4500.00000'
10000 steps,     20.0 ps.

Writing final coordinates.

Back Off! I just backed up confout.gro to ./#confout.gro.1#

               Core t (s)   Wall t (s)        (%)
       Time:        2.033        2.033      100.0
                 (ns/day)    (hour/ns)
Performance:      850.037        0.028

GROMACS reminds you: "I wanted to have a real language where programmers could write real programs, and see whether they would find the idea of data abstraction at all useful." (Barbara Liskov)

    :-) GROMACS - gmx mdrun, 2023.2-EasyBuild_4.9.0_PLUMED_2.9.0.GMX2023 (-:

Executable:   /sw/arch/RHEL8/EB_production/2023/software/GROMACS/2023.2-foss-2023a-PLUMED-2.9.0.GMX2023/bin/gmx
Data prefix:  /sw/arch/RHEL8/EB_production/2023/software/GROMACS/2023.2-foss-2023a-PLUMED-2.9.0.GMX2023
Working dir:  /gpfs/home1/ekempkes/adipep_umbrella_grid_superfast/result_GRID20649832
Command line:
  gmx mdrun -s simulations_essentials/md.tpr -plumed Colvars/plumed_0.628_-1.885.dat -nsteps 10000 -x Colvars/traj_0.628_-1.885.xtc


Back Off! I just backed up md.log to ./#md.log.1#
Reading file simulations_essentials/md.tpr, VERSION 2022.5-plumed_2.9.3 (single precision)
Note: file tpx version 127, software tpx version 129

NOTE: Parallelization is limited by the small number of atoms,
      only starting 1 thread-MPI ranks.
      You can use the -nt and/or -ntmpi option to optimize the number of threads.

Overriding nsteps with value passed on the command line: 10000 steps, 20 ps

comm-mode angular will give incorrect results when the comm group partially crosses a periodic boundary
Using 1 MPI thread

Non-default thread affinity set, disabling internal thread affinity

Using 1 OpenMP thread 


Back Off! I just backed up traj.trr to ./#traj.trr.1#

Back Off! I just backed up ener.edr to ./#ener.edr.1#
starting mdrun 'Generated by trjconv : Generated by trjconv : Alanine in vacuum in water t= 4500.00000'
10000 steps,     20.0 ps.

Writing final coordinates.

Back Off! I just backed up confout.gro to ./#confout.gro.1#

               Core t (s)   Wall t (s)        (%)
       Time:        2.017        2.017      100.0
                 (ns/day)    (hour/ns)
Performance:      856.773        0.028

GROMACS reminds you: "Memory is like an orgasm. It's a lot better if you don't have to fake it." (Seymour Cray, on virtual memory)

    :-) GROMACS - gmx mdrun, 2023.2-EasyBuild_4.9.0_PLUMED_2.9.0.GMX2023 (-:

Executable:   /sw/arch/RHEL8/EB_production/2023/software/GROMACS/2023.2-foss-2023a-PLUMED-2.9.0.GMX2023/bin/gmx
Data prefix:  /sw/arch/RHEL8/EB_production/2023/software/GROMACS/2023.2-foss-2023a-PLUMED-2.9.0.GMX2023
Working dir:  /gpfs/home1/ekempkes/adipep_umbrella_grid_superfast/result_GRID20649832
Command line:
  gmx mdrun -s simulations_essentials/md.tpr -plumed Colvars/plumed_0.628_-0.628.dat -nsteps 10000 -x Colvars/traj_0.628_-0.628.xtc


Back Off! I just backed up md.log to ./#md.log.1#
Reading file simulations_essentials/md.tpr, VERSION 2022.5-plumed_2.9.3 (single precision)
Note: file tpx version 127, software tpx version 129

NOTE: Parallelization is limited by the small number of atoms,
      only starting 1 thread-MPI ranks.
      You can use the -nt and/or -ntmpi option to optimize the number of threads.

Overriding nsteps with value passed on the command line: 10000 steps, 20 ps

comm-mode angular will give incorrect results when the comm group partially crosses a periodic boundary
Using 1 MPI thread

Non-default thread affinity set, disabling internal thread affinity

Using 1 OpenMP thread 


Back Off! I just backed up traj.trr to ./#traj.trr.1#

Back Off! I just backed up ener.edr to ./#ener.edr.1#
starting mdrun 'Generated by trjconv : Generated by trjconv : Alanine in vacuum in water t= 4500.00000'
10000 steps,     20.0 ps.

Writing final coordinates.

Back Off! I just backed up confout.gro to ./#confout.gro.1#

               Core t (s)   Wall t (s)        (%)
       Time:        2.037        2.037      100.0
                 (ns/day)    (hour/ns)
Performance:      848.479        0.028

GROMACS reminds you: "Throughout my academic career, I'd given some pretty good talks. But being considered the best speaker in the computer science department is like being known as the tallest of the Seven Dwarfs." (Randy Pausch)

    :-) GROMACS - gmx mdrun, 2023.2-EasyBuild_4.9.0_PLUMED_2.9.0.GMX2023 (-:

Executable:   /sw/arch/RHEL8/EB_production/2023/software/GROMACS/2023.2-foss-2023a-PLUMED-2.9.0.GMX2023/bin/gmx
Data prefix:  /sw/arch/RHEL8/EB_production/2023/software/GROMACS/2023.2-foss-2023a-PLUMED-2.9.0.GMX2023
Working dir:  /gpfs/home1/ekempkes/adipep_umbrella_grid_superfast/result_GRID20649832
Command line:
  gmx mdrun -s simulations_essentials/md.tpr -plumed Colvars/plumed_0.628_0.628.dat -nsteps 10000 -x Colvars/traj_0.628_0.628.xtc


Back Off! I just backed up md.log to ./#md.log.1#
Reading file simulations_essentials/md.tpr, VERSION 2022.5-plumed_2.9.3 (single precision)
Note: file tpx version 127, software tpx version 129

NOTE: Parallelization is limited by the small number of atoms,
      only starting 1 thread-MPI ranks.
      You can use the -nt and/or -ntmpi option to optimize the number of threads.

Overriding nsteps with value passed on the command line: 10000 steps, 20 ps

comm-mode angular will give incorrect results when the comm group partially crosses a periodic boundary
Using 1 MPI thread

Non-default thread affinity set, disabling internal thread affinity

Using 1 OpenMP thread 


Back Off! I just backed up traj.trr to ./#traj.trr.1#

Back Off! I just backed up ener.edr to ./#ener.edr.1#
starting mdrun 'Generated by trjconv : Generated by trjconv : Alanine in vacuum in water t= 4500.00000'
10000 steps,     20.0 ps.

Writing final coordinates.

Back Off! I just backed up confout.gro to ./#confout.gro.1#

               Core t (s)   Wall t (s)        (%)
       Time:        2.060        2.060      100.0
                 (ns/day)    (hour/ns)
Performance:      838.948        0.029

GROMACS reminds you: "I have not failed. I've just found 10,000 ways that won't work" (Thomas Alva Edison)

    :-) GROMACS - gmx mdrun, 2023.2-EasyBuild_4.9.0_PLUMED_2.9.0.GMX2023 (-:

Executable:   /sw/arch/RHEL8/EB_production/2023/software/GROMACS/2023.2-foss-2023a-PLUMED-2.9.0.GMX2023/bin/gmx
Data prefix:  /sw/arch/RHEL8/EB_production/2023/software/GROMACS/2023.2-foss-2023a-PLUMED-2.9.0.GMX2023
Working dir:  /gpfs/home1/ekempkes/adipep_umbrella_grid_superfast/result_GRID20649832
Command line:
  gmx mdrun -s simulations_essentials/md.tpr -plumed Colvars/plumed_0.628_1.885.dat -nsteps 10000 -x Colvars/traj_0.628_1.885.xtc


Back Off! I just backed up md.log to ./#md.log.1#
Reading file simulations_essentials/md.tpr, VERSION 2022.5-plumed_2.9.3 (single precision)
Note: file tpx version 127, software tpx version 129

NOTE: Parallelization is limited by the small number of atoms,
      only starting 1 thread-MPI ranks.
      You can use the -nt and/or -ntmpi option to optimize the number of threads.

Overriding nsteps with value passed on the command line: 10000 steps, 20 ps

comm-mode angular will give incorrect results when the comm group partially crosses a periodic boundary
Using 1 MPI thread

Non-default thread affinity set, disabling internal thread affinity

Using 1 OpenMP thread 


Back Off! I just backed up traj.trr to ./#traj.trr.1#

Back Off! I just backed up ener.edr to ./#ener.edr.1#
starting mdrun 'Generated by trjconv : Generated by trjconv : Alanine in vacuum in water t= 4500.00000'
10000 steps,     20.0 ps.

Writing final coordinates.

Back Off! I just backed up confout.gro to ./#confout.gro.1#

               Core t (s)   Wall t (s)        (%)
       Time:        2.076        2.076      100.0
                 (ns/day)    (hour/ns)
Performance:      832.409        0.029

GROMACS reminds you: "The biggest lie in science is 'data and code available upon request'" (Michael Eisen)

    :-) GROMACS - gmx mdrun, 2023.2-EasyBuild_4.9.0_PLUMED_2.9.0.GMX2023 (-:

Executable:   /sw/arch/RHEL8/EB_production/2023/software/GROMACS/2023.2-foss-2023a-PLUMED-2.9.0.GMX2023/bin/gmx
Data prefix:  /sw/arch/RHEL8/EB_production/2023/software/GROMACS/2023.2-foss-2023a-PLUMED-2.9.0.GMX2023
Working dir:  /gpfs/home1/ekempkes/adipep_umbrella_grid_superfast/result_GRID20649832
Command line:
  gmx mdrun -s simulations_essentials/md.tpr -plumed Colvars/plumed_1.885_-3.142.dat -nsteps 10000 -x Colvars/traj_1.885_-3.142.xtc


Back Off! I just backed up md.log to ./#md.log.1#
Reading file simulations_essentials/md.tpr, VERSION 2022.5-plumed_2.9.3 (single precision)
Note: file tpx version 127, software tpx version 129

NOTE: Parallelization is limited by the small number of atoms,
      only starting 1 thread-MPI ranks.
      You can use the -nt and/or -ntmpi option to optimize the number of threads.

Overriding nsteps with value passed on the command line: 10000 steps, 20 ps

comm-mode angular will give incorrect results when the comm group partially crosses a periodic boundary
Using 1 MPI thread

Non-default thread affinity set, disabling internal thread affinity

Using 1 OpenMP thread 


Back Off! I just backed up traj.trr to ./#traj.trr.1#

Back Off! I just backed up ener.edr to ./#ener.edr.1#
starting mdrun 'Generated by trjconv : Generated by trjconv : Alanine in vacuum in water t= 4500.00000'
10000 steps,     20.0 ps.

Writing final coordinates.

Back Off! I just backed up confout.gro to ./#confout.gro.1#

               Core t (s)   Wall t (s)        (%)
       Time:        2.055        2.055      100.0
                 (ns/day)    (hour/ns)
Performance:      840.977        0.029

GROMACS reminds you: "Still I had a lurking question. Would it not be better if one could really 'see' whether molecules as complicated as the sterols, or strychnine were just as experiment suggested?" (Dorothy Hodgkin)

    :-) GROMACS - gmx mdrun, 2023.2-EasyBuild_4.9.0_PLUMED_2.9.0.GMX2023 (-:

Executable:   /sw/arch/RHEL8/EB_production/2023/software/GROMACS/2023.2-foss-2023a-PLUMED-2.9.0.GMX2023/bin/gmx
Data prefix:  /sw/arch/RHEL8/EB_production/2023/software/GROMACS/2023.2-foss-2023a-PLUMED-2.9.0.GMX2023
Working dir:  /gpfs/home1/ekempkes/adipep_umbrella_grid_superfast/result_GRID20649832
Command line:
  gmx mdrun -s simulations_essentials/md.tpr -plumed Colvars/plumed_1.885_-1.885.dat -nsteps 10000 -x Colvars/traj_1.885_-1.885.xtc


Back Off! I just backed up md.log to ./#md.log.1#
Reading file simulations_essentials/md.tpr, VERSION 2022.5-plumed_2.9.3 (single precision)
Note: file tpx version 127, software tpx version 129

NOTE: Parallelization is limited by the small number of atoms,
      only starting 1 thread-MPI ranks.
      You can use the -nt and/or -ntmpi option to optimize the number of threads.

Overriding nsteps with value passed on the command line: 10000 steps, 20 ps

comm-mode angular will give incorrect results when the comm group partially crosses a periodic boundary
Using 1 MPI thread

Non-default thread affinity set, disabling internal thread affinity

Using 1 OpenMP thread 


Back Off! I just backed up traj.trr to ./#traj.trr.1#

Back Off! I just backed up ener.edr to ./#ener.edr.1#
starting mdrun 'Generated by trjconv : Generated by trjconv : Alanine in vacuum in water t= 4500.00000'
10000 steps,     20.0 ps.

Writing final coordinates.

Back Off! I just backed up confout.gro to ./#confout.gro.1#

               Core t (s)   Wall t (s)        (%)
       Time:        2.060        2.060      100.0
                 (ns/day)    (hour/ns)
Performance:      839.037        0.029

GROMACS reminds you: "It's Not Dark Yet, But It's Getting There" (Bob Dylan)

    :-) GROMACS - gmx mdrun, 2023.2-EasyBuild_4.9.0_PLUMED_2.9.0.GMX2023 (-:

Executable:   /sw/arch/RHEL8/EB_production/2023/software/GROMACS/2023.2-foss-2023a-PLUMED-2.9.0.GMX2023/bin/gmx
Data prefix:  /sw/arch/RHEL8/EB_production/2023/software/GROMACS/2023.2-foss-2023a-PLUMED-2.9.0.GMX2023
Working dir:  /gpfs/home1/ekempkes/adipep_umbrella_grid_superfast/result_GRID20649832
Command line:
  gmx mdrun -s simulations_essentials/md.tpr -plumed Colvars/plumed_1.885_-0.628.dat -nsteps 10000 -x Colvars/traj_1.885_-0.628.xtc


Back Off! I just backed up md.log to ./#md.log.1#
Reading file simulations_essentials/md.tpr, VERSION 2022.5-plumed_2.9.3 (single precision)
Note: file tpx version 127, software tpx version 129

NOTE: Parallelization is limited by the small number of atoms,
      only starting 1 thread-MPI ranks.
      You can use the -nt and/or -ntmpi option to optimize the number of threads.

Overriding nsteps with value passed on the command line: 10000 steps, 20 ps

comm-mode angular will give incorrect results when the comm group partially crosses a periodic boundary
Using 1 MPI thread

Non-default thread affinity set, disabling internal thread affinity

Using 1 OpenMP thread 


Back Off! I just backed up traj.trr to ./#traj.trr.1#

Back Off! I just backed up ener.edr to ./#ener.edr.1#
starting mdrun 'Generated by trjconv : Generated by trjconv : Alanine in vacuum in water t= 4500.00000'
10000 steps,     20.0 ps.

Writing final coordinates.

Back Off! I just backed up confout.gro to ./#confout.gro.1#

               Core t (s)   Wall t (s)        (%)
       Time:        2.061        2.061      100.0
                 (ns/day)    (hour/ns)
Performance:      838.388        0.029

GROMACS reminds you: "I like single-molecule experiments because I hate to simulate 10^23 molecules at the same time." (Helmut Grubmüller)

    :-) GROMACS - gmx mdrun, 2023.2-EasyBuild_4.9.0_PLUMED_2.9.0.GMX2023 (-:

Executable:   /sw/arch/RHEL8/EB_production/2023/software/GROMACS/2023.2-foss-2023a-PLUMED-2.9.0.GMX2023/bin/gmx
Data prefix:  /sw/arch/RHEL8/EB_production/2023/software/GROMACS/2023.2-foss-2023a-PLUMED-2.9.0.GMX2023
Working dir:  /gpfs/home1/ekempkes/adipep_umbrella_grid_superfast/result_GRID20649832
Command line:
  gmx mdrun -s simulations_essentials/md.tpr -plumed Colvars/plumed_1.885_0.628.dat -nsteps 10000 -x Colvars/traj_1.885_0.628.xtc


Back Off! I just backed up md.log to ./#md.log.1#
Reading file simulations_essentials/md.tpr, VERSION 2022.5-plumed_2.9.3 (single precision)
Note: file tpx version 127, software tpx version 129

NOTE: Parallelization is limited by the small number of atoms,
      only starting 1 thread-MPI ranks.
      You can use the -nt and/or -ntmpi option to optimize the number of threads.

Overriding nsteps with value passed on the command line: 10000 steps, 20 ps

comm-mode angular will give incorrect results when the comm group partially crosses a periodic boundary
Using 1 MPI thread

Non-default thread affinity set, disabling internal thread affinity

Using 1 OpenMP thread 


Back Off! I just backed up traj.trr to ./#traj.trr.1#

Back Off! I just backed up ener.edr to ./#ener.edr.1#
starting mdrun 'Generated by trjconv : Generated by trjconv : Alanine in vacuum in water t= 4500.00000'
10000 steps,     20.0 ps.

Writing final coordinates.

Back Off! I just backed up confout.gro to ./#confout.gro.1#

               Core t (s)   Wall t (s)        (%)
       Time:        2.030        2.030      100.0
                 (ns/day)    (hour/ns)
Performance:      851.404        0.028

GROMACS reminds you: "You should call it 'entropy'. No one knows what entropy really is, so in a debate you will always have the advantage." (John von Neumann to Claude Shannon, on why he should borrow the term for information theory)

    :-) GROMACS - gmx mdrun, 2023.2-EasyBuild_4.9.0_PLUMED_2.9.0.GMX2023 (-:

Executable:   /sw/arch/RHEL8/EB_production/2023/software/GROMACS/2023.2-foss-2023a-PLUMED-2.9.0.GMX2023/bin/gmx
Data prefix:  /sw/arch/RHEL8/EB_production/2023/software/GROMACS/2023.2-foss-2023a-PLUMED-2.9.0.GMX2023
Working dir:  /gpfs/home1/ekempkes/adipep_umbrella_grid_superfast/result_GRID20649832
Command line:
  gmx mdrun -s simulations_essentials/md.tpr -plumed Colvars/plumed_1.885_1.885.dat -nsteps 10000 -x Colvars/traj_1.885_1.885.xtc


Back Off! I just backed up md.log to ./#md.log.1#
Reading file simulations_essentials/md.tpr, VERSION 2022.5-plumed_2.9.3 (single precision)
Note: file tpx version 127, software tpx version 129

NOTE: Parallelization is limited by the small number of atoms,
      only starting 1 thread-MPI ranks.
      You can use the -nt and/or -ntmpi option to optimize the number of threads.

Overriding nsteps with value passed on the command line: 10000 steps, 20 ps

comm-mode angular will give incorrect results when the comm group partially crosses a periodic boundary
Using 1 MPI thread

Non-default thread affinity set, disabling internal thread affinity

Using 1 OpenMP thread 


Back Off! I just backed up traj.trr to ./#traj.trr.1#

Back Off! I just backed up ener.edr to ./#ener.edr.1#
starting mdrun 'Generated by trjconv : Generated by trjconv : Alanine in vacuum in water t= 4500.00000'
10000 steps,     20.0 ps.

Writing final coordinates.

Back Off! I just backed up confout.gro to ./#confout.gro.1#

               Core t (s)   Wall t (s)        (%)
       Time:        2.037        2.037      100.0
                 (ns/day)    (hour/ns)
Performance:      848.349        0.028

GROMACS reminds you: "No matter how important you are, you are not as important as lunch." (Randy Pausch)


# Integration error:        2.45

# Integrating             - Simpson's rule + Real Space Grid Mini     :-) GROMACS - gmx mdrun, 2023.2-EasyBuild_4.9.0_PLUMED_2.9.0.GMX2023 (-:

Executable:   /sw/arch/RHEL8/EB_production/2023/software/GROMACS/2023.2-foss-2023a-PLUMED-2.9.0.GMX2023/bin/gmx
Data prefix:  /sw/arch/RHEL8/EB_production/2023/software/GROMACS/2023.2-foss-2023a-PLUMED-2.9.0.GMX2023
Working dir:  /gpfs/home1/ekempkes/adipep_umbrella_grid_superfast/result_GRID20649832
Command line:
  gmx mdrun -s simulations_essentials/md.tpr -plumed Colvars/plumed_-3.142_-3.142.dat -nsteps 10000 -x Colvars/traj_-3.142_-3.142.xtc


Back Off! I just backed up md.log to ./#md.log.1#
Reading file simulations_essentials/md.tpr, VERSION 2022.5-plumed_2.9.3 (single precision)
Note: file tpx version 127, software tpx version 129

NOTE: Parallelization is limited by the small number of atoms,
      only starting 1 thread-MPI ranks.
      You can use the -nt and/or -ntmpi option to optimize the number of threads.

Overriding nsteps with value passed on the command line: 10000 steps, 20 ps

comm-mode angular will give incorrect results when the comm group partially crosses a periodic boundary
Using 1 MPI thread

Non-default thread affinity set, disabling internal thread affinity

Using 1 OpenMP thread 


Back Off! I just backed up Colvars/traj_-3.142_-3.142.xtc to Colvars/#traj_-3.142_-3.142.xtc.5#

Back Off! I just backed up traj.trr to ./#traj.trr.1#

Back Off! I just backed up ener.edr to ./#ener.edr.1#
starting mdrun 'Generated by trjconv : Generated by trjconv : Alanine in vacuum in water t= 4500.00000'
10000 steps,     20.0 ps.

Writing final coordinates.

Back Off! I just backed up confout.gro to ./#confout.gro.1#

               Core t (s)   Wall t (s)        (%)
       Time:        2.041        2.041      100.0
                 (ns/day)    (hour/ns)
Performance:      846.637        0.028

GROMACS reminds you: "Either you will be dashed to atoms on crag points, or lifted up and borne by some master-wave into a calmer current" (Charlotte Bronte)

    :-) GROMACS - gmx mdrun, 2023.2-EasyBuild_4.9.0_PLUMED_2.9.0.GMX2023 (-:

Executable:   /sw/arch/RHEL8/EB_production/2023/software/GROMACS/2023.2-foss-2023a-PLUMED-2.9.0.GMX2023/bin/gmx
Data prefix:  /sw/arch/RHEL8/EB_production/2023/software/GROMACS/2023.2-foss-2023a-PLUMED-2.9.0.GMX2023
Working dir:  /gpfs/home1/ekempkes/adipep_umbrella_grid_superfast/result_GRID20649832
Command line:
  gmx mdrun -s simulations_essentials/md.tpr -plumed Colvars/plumed_-3.142_-2.094.dat -nsteps 10000 -x Colvars/traj_-3.142_-2.094.xtc


Back Off! I just backed up md.log to ./#md.log.1#
Reading file simulations_essentials/md.tpr, VERSION 2022.5-plumed_2.9.3 (single precision)
Note: file tpx version 127, software tpx version 129

NOTE: Parallelization is limited by the small number of atoms,
      only starting 1 thread-MPI ranks.
      You can use the -nt and/or -ntmpi option to optimize the number of threads.

Overriding nsteps with value passed on the command line: 10000 steps, 20 ps

comm-mode angular will give incorrect results when the comm group partially crosses a periodic boundary
Using 1 MPI thread

Non-default thread affinity set, disabling internal thread affinity

Using 1 OpenMP thread 


Back Off! I just backed up traj.trr to ./#traj.trr.1#

Back Off! I just backed up ener.edr to ./#ener.edr.1#
starting mdrun 'Generated by trjconv : Generated by trjconv : Alanine in vacuum in water t= 4500.00000'
10000 steps,     20.0 ps.

Writing final coordinates.

Back Off! I just backed up confout.gro to ./#confout.gro.1#

               Core t (s)   Wall t (s)        (%)
       Time:        2.058        2.058      100.0
                 (ns/day)    (hour/ns)
Performance:      839.657        0.029

GROMACS reminds you: "I try to identify myself with the atoms... I ask what I would do If I were a carbon atom or a sodium atom." (Linus Pauling)

    :-) GROMACS - gmx mdrun, 2023.2-EasyBuild_4.9.0_PLUMED_2.9.0.GMX2023 (-:

Executable:   /sw/arch/RHEL8/EB_production/2023/software/GROMACS/2023.2-foss-2023a-PLUMED-2.9.0.GMX2023/bin/gmx
Data prefix:  /sw/arch/RHEL8/EB_production/2023/software/GROMACS/2023.2-foss-2023a-PLUMED-2.9.0.GMX2023
Working dir:  /gpfs/home1/ekempkes/adipep_umbrella_grid_superfast/result_GRID20649832
Command line:
  gmx mdrun -s simulations_essentials/md.tpr -plumed Colvars/plumed_-3.142_-1.047.dat -nsteps 10000 -x Colvars/traj_-3.142_-1.047.xtc


Back Off! I just backed up md.log to ./#md.log.1#
Reading file simulations_essentials/md.tpr, VERSION 2022.5-plumed_2.9.3 (single precision)
Note: file tpx version 127, software tpx version 129

NOTE: Parallelization is limited by the small number of atoms,
      only starting 1 thread-MPI ranks.
      You can use the -nt and/or -ntmpi option to optimize the number of threads.

Overriding nsteps with value passed on the command line: 10000 steps, 20 ps

comm-mode angular will give incorrect results when the comm group partially crosses a periodic boundary
Using 1 MPI thread

Non-default thread affinity set, disabling internal thread affinity

Using 1 OpenMP thread 


Back Off! I just backed up Colvars/traj_-3.142_-1.047.xtc to Colvars/#traj_-3.142_-1.047.xtc.1#

Back Off! I just backed up traj.trr to ./#traj.trr.1#

Back Off! I just backed up ener.edr to ./#ener.edr.1#
starting mdrun 'Generated by trjconv : Generated by trjconv : Alanine in vacuum in water t= 4500.00000'
10000 steps,     20.0 ps.

Writing final coordinates.

Back Off! I just backed up confout.gro to ./#confout.gro.1#

               Core t (s)   Wall t (s)        (%)
       Time:        2.026        2.026      100.0
                 (ns/day)    (hour/ns)
Performance:      853.019        0.028

GROMACS reminds you: "Rub It Right Across Your Eyes" (F. Zappa)

    :-) GROMACS - gmx mdrun, 2023.2-EasyBuild_4.9.0_PLUMED_2.9.0.GMX2023 (-:

Executable:   /sw/arch/RHEL8/EB_production/2023/software/GROMACS/2023.2-foss-2023a-PLUMED-2.9.0.GMX2023/bin/gmx
Data prefix:  /sw/arch/RHEL8/EB_production/2023/software/GROMACS/2023.2-foss-2023a-PLUMED-2.9.0.GMX2023
Working dir:  /gpfs/home1/ekempkes/adipep_umbrella_grid_superfast/result_GRID20649832
Command line:
  gmx mdrun -s simulations_essentials/md.tpr -plumed Colvars/plumed_-3.142_0.000.dat -nsteps 10000 -x Colvars/traj_-3.142_0.000.xtc


Back Off! I just backed up md.log to ./#md.log.1#
Reading file simulations_essentials/md.tpr, VERSION 2022.5-plumed_2.9.3 (single precision)
Note: file tpx version 127, software tpx version 129

NOTE: Parallelization is limited by the small number of atoms,
      only starting 1 thread-MPI ranks.
      You can use the -nt and/or -ntmpi option to optimize the number of threads.

Overriding nsteps with value passed on the command line: 10000 steps, 20 ps

comm-mode angular will give incorrect results when the comm group partially crosses a periodic boundary
Using 1 MPI thread

Non-default thread affinity set, disabling internal thread affinity

Using 1 OpenMP thread 


Back Off! I just backed up Colvars/traj_-3.142_0.000.xtc to Colvars/#traj_-3.142_0.000.xtc.2#

Back Off! I just backed up traj.trr to ./#traj.trr.1#

Back Off! I just backed up ener.edr to ./#ener.edr.1#
starting mdrun 'Generated by trjconv : Generated by trjconv : Alanine in vacuum in water t= 4500.00000'
10000 steps,     20.0 ps.

Writing final coordinates.

Back Off! I just backed up confout.gro to ./#confout.gro.1#

               Core t (s)   Wall t (s)        (%)
       Time:        2.021        2.021      100.0
                 (ns/day)    (hour/ns)
Performance:      855.153        0.028

GROMACS reminds you: "If 10 years from now, when you are doing something quick and dirty, you suddenly visualize that I am looking over your shoulders and say to yourself: 'Dijkstra would not have liked this', well that would be enough immortality for me." (Edsger Dijkstra)

    :-) GROMACS - gmx mdrun, 2023.2-EasyBuild_4.9.0_PLUMED_2.9.0.GMX2023 (-:

Executable:   /sw/arch/RHEL8/EB_production/2023/software/GROMACS/2023.2-foss-2023a-PLUMED-2.9.0.GMX2023/bin/gmx
Data prefix:  /sw/arch/RHEL8/EB_production/2023/software/GROMACS/2023.2-foss-2023a-PLUMED-2.9.0.GMX2023
Working dir:  /gpfs/home1/ekempkes/adipep_umbrella_grid_superfast/result_GRID20649832
Command line:
  gmx mdrun -s simulations_essentials/md.tpr -plumed Colvars/plumed_-3.142_1.047.dat -nsteps 10000 -x Colvars/traj_-3.142_1.047.xtc


Back Off! I just backed up md.log to ./#md.log.1#
Reading file simulations_essentials/md.tpr, VERSION 2022.5-plumed_2.9.3 (single precision)
Note: file tpx version 127, software tpx version 129

NOTE: Parallelization is limited by the small number of atoms,
      only starting 1 thread-MPI ranks.
      You can use the -nt and/or -ntmpi option to optimize the number of threads.

Overriding nsteps with value passed on the command line: 10000 steps, 20 ps

comm-mode angular will give incorrect results when the comm group partially crosses a periodic boundary
Using 1 MPI thread

Non-default thread affinity set, disabling internal thread affinity

Using 1 OpenMP thread 


Back Off! I just backed up Colvars/traj_-3.142_1.047.xtc to Colvars/#traj_-3.142_1.047.xtc.1#

Back Off! I just backed up traj.trr to ./#traj.trr.1#

Back Off! I just backed up ener.edr to ./#ener.edr.1#
starting mdrun 'Generated by trjconv : Generated by trjconv : Alanine in vacuum in water t= 4500.00000'
10000 steps,     20.0 ps.

Writing final coordinates.

Back Off! I just backed up confout.gro to ./#confout.gro.1#

               Core t (s)   Wall t (s)        (%)
       Time:        2.050        2.050      100.0
                 (ns/day)    (hour/ns)
Performance:      843.012        0.028

GROMACS reminds you: "Therefore, things must be learned only to be unlearned again or, more likely, to be corrected." (Richard Feynman)

    :-) GROMACS - gmx mdrun, 2023.2-EasyBuild_4.9.0_PLUMED_2.9.0.GMX2023 (-:

Executable:   /sw/arch/RHEL8/EB_production/2023/software/GROMACS/2023.2-foss-2023a-PLUMED-2.9.0.GMX2023/bin/gmx
Data prefix:  /sw/arch/RHEL8/EB_production/2023/software/GROMACS/2023.2-foss-2023a-PLUMED-2.9.0.GMX2023
Working dir:  /gpfs/home1/ekempkes/adipep_umbrella_grid_superfast/result_GRID20649832
Command line:
  gmx mdrun -s simulations_essentials/md.tpr -plumed Colvars/plumed_-3.142_2.094.dat -nsteps 10000 -x Colvars/traj_-3.142_2.094.xtc


Back Off! I just backed up md.log to ./#md.log.1#
Reading file simulations_essentials/md.tpr, VERSION 2022.5-plumed_2.9.3 (single precision)
Note: file tpx version 127, software tpx version 129

NOTE: Parallelization is limited by the small number of atoms,
      only starting 1 thread-MPI ranks.
      You can use the -nt and/or -ntmpi option to optimize the number of threads.

Overriding nsteps with value passed on the command line: 10000 steps, 20 ps

comm-mode angular will give incorrect results when the comm group partially crosses a periodic boundary
Using 1 MPI thread

Non-default thread affinity set, disabling internal thread affinity

Using 1 OpenMP thread 


Back Off! I just backed up traj.trr to ./#traj.trr.1#

Back Off! I just backed up ener.edr to ./#ener.edr.1#
starting mdrun 'Generated by trjconv : Generated by trjconv : Alanine in vacuum in water t= 4500.00000'
10000 steps,     20.0 ps.

Writing final coordinates.

Back Off! I just backed up confout.gro to ./#confout.gro.1#

               Core t (s)   Wall t (s)        (%)
       Time:        2.040        2.040      100.0
                 (ns/day)    (hour/ns)
Performance:      847.087        0.028

GROMACS reminds you: "Life need not be easy, provided only that it is not empty." (Lise Meitner)

    :-) GROMACS - gmx mdrun, 2023.2-EasyBuild_4.9.0_PLUMED_2.9.0.GMX2023 (-:

Executable:   /sw/arch/RHEL8/EB_production/2023/software/GROMACS/2023.2-foss-2023a-PLUMED-2.9.0.GMX2023/bin/gmx
Data prefix:  /sw/arch/RHEL8/EB_production/2023/software/GROMACS/2023.2-foss-2023a-PLUMED-2.9.0.GMX2023
Working dir:  /gpfs/home1/ekempkes/adipep_umbrella_grid_superfast/result_GRID20649832
Command line:
  gmx mdrun -s simulations_essentials/md.tpr -plumed Colvars/plumed_-2.094_-3.142.dat -nsteps 10000 -x Colvars/traj_-2.094_-3.142.xtc


Back Off! I just backed up md.log to ./#md.log.1#
Reading file simulations_essentials/md.tpr, VERSION 2022.5-plumed_2.9.3 (single precision)
Note: file tpx version 127, software tpx version 129

NOTE: Parallelization is limited by the small number of atoms,
      only starting 1 thread-MPI ranks.
      You can use the -nt and/or -ntmpi option to optimize the number of threads.

Overriding nsteps with value passed on the command line: 10000 steps, 20 ps

comm-mode angular will give incorrect results when the comm group partially crosses a periodic boundary
Using 1 MPI thread

Non-default thread affinity set, disabling internal thread affinity

Using 1 OpenMP thread 


Back Off! I just backed up traj.trr to ./#traj.trr.1#

Back Off! I just backed up ener.edr to ./#ener.edr.1#
starting mdrun 'Generated by trjconv : Generated by trjconv : Alanine in vacuum in water t= 4500.00000'
10000 steps,     20.0 ps.

Writing final coordinates.

Back Off! I just backed up confout.gro to ./#confout.gro.1#

               Core t (s)   Wall t (s)        (%)
       Time:        2.005        2.006      100.0
                 (ns/day)    (hour/ns)
Performance:      861.684        0.028

GROMACS reminds you: "Science is a wonderful thing if one does not have to earn one's living at it." (Albert Einstein)

    :-) GROMACS - gmx mdrun, 2023.2-EasyBuild_4.9.0_PLUMED_2.9.0.GMX2023 (-:

Executable:   /sw/arch/RHEL8/EB_production/2023/software/GROMACS/2023.2-foss-2023a-PLUMED-2.9.0.GMX2023/bin/gmx
Data prefix:  /sw/arch/RHEL8/EB_production/2023/software/GROMACS/2023.2-foss-2023a-PLUMED-2.9.0.GMX2023
Working dir:  /gpfs/home1/ekempkes/adipep_umbrella_grid_superfast/result_GRID20649832
Command line:
  gmx mdrun -s simulations_essentials/md.tpr -plumed Colvars/plumed_-2.094_-2.094.dat -nsteps 10000 -x Colvars/traj_-2.094_-2.094.xtc


Back Off! I just backed up md.log to ./#md.log.1#
Reading file simulations_essentials/md.tpr, VERSION 2022.5-plumed_2.9.3 (single precision)
Note: file tpx version 127, software tpx version 129

NOTE: Parallelization is limited by the small number of atoms,
      only starting 1 thread-MPI ranks.
      You can use the -nt and/or -ntmpi option to optimize the number of threads.

Overriding nsteps with value passed on the command line: 10000 steps, 20 ps

comm-mode angular will give incorrect results when the comm group partially crosses a periodic boundary
Using 1 MPI thread

Non-default thread affinity set, disabling internal thread affinity

Using 1 OpenMP thread 


Back Off! I just backed up traj.trr to ./#traj.trr.1#

Back Off! I just backed up ener.edr to ./#ener.edr.1#
starting mdrun 'Generated by trjconv : Generated by trjconv : Alanine in vacuum in water t= 4500.00000'
10000 steps,     20.0 ps.

Writing final coordinates.

Back Off! I just backed up confout.gro to ./#confout.gro.1#

               Core t (s)   Wall t (s)        (%)
       Time:        2.067        2.067      100.0
                 (ns/day)    (hour/ns)
Performance:      836.065        0.029

GROMACS reminds you: "A weed scientist goes into a shop. He asks: 'Hey, you got any of that inhibitor of 3-phosphoshikimate-carboxyvinyl transferase?' Shopkeeper: 'You mean Roundup?' Scientist: 'Yeah, that's it. I can never remember that dang name!'" (John Pickett)

    :-) GROMACS - gmx mdrun, 2023.2-EasyBuild_4.9.0_PLUMED_2.9.0.GMX2023 (-:

Executable:   /sw/arch/RHEL8/EB_production/2023/software/GROMACS/2023.2-foss-2023a-PLUMED-2.9.0.GMX2023/bin/gmx
Data prefix:  /sw/arch/RHEL8/EB_production/2023/software/GROMACS/2023.2-foss-2023a-PLUMED-2.9.0.GMX2023
Working dir:  /gpfs/home1/ekempkes/adipep_umbrella_grid_superfast/result_GRID20649832
Command line:
  gmx mdrun -s simulations_essentials/md.tpr -plumed Colvars/plumed_-2.094_-1.047.dat -nsteps 10000 -x Colvars/traj_-2.094_-1.047.xtc


Back Off! I just backed up md.log to ./#md.log.1#
Reading file simulations_essentials/md.tpr, VERSION 2022.5-plumed_2.9.3 (single precision)
Note: file tpx version 127, software tpx version 129

NOTE: Parallelization is limited by the small number of atoms,
      only starting 1 thread-MPI ranks.
      You can use the -nt and/or -ntmpi option to optimize the number of threads.

Overriding nsteps with value passed on the command line: 10000 steps, 20 ps

comm-mode angular will give incorrect results when the comm group partially crosses a periodic boundary
Using 1 MPI thread

Non-default thread affinity set, disabling internal thread affinity

Using 1 OpenMP thread 


Back Off! I just backed up traj.trr to ./#traj.trr.1#

Back Off! I just backed up ener.edr to ./#ener.edr.1#
starting mdrun 'Generated by trjconv : Generated by trjconv : Alanine in vacuum in water t= 4500.00000'
10000 steps,     20.0 ps.

Writing final coordinates.

Back Off! I just backed up confout.gro to ./#confout.gro.1#

               Core t (s)   Wall t (s)        (%)
       Time:        2.053        2.053      100.0
                 (ns/day)    (hour/ns)
Performance:      841.819        0.029

GROMACS reminds you: "What is a Unix or Linux sysadmin's favourite hangout place? Foo Bar." (Anonymous)

    :-) GROMACS - gmx mdrun, 2023.2-EasyBuild_4.9.0_PLUMED_2.9.0.GMX2023 (-:

Executable:   /sw/arch/RHEL8/EB_production/2023/software/GROMACS/2023.2-foss-2023a-PLUMED-2.9.0.GMX2023/bin/gmx
Data prefix:  /sw/arch/RHEL8/EB_production/2023/software/GROMACS/2023.2-foss-2023a-PLUMED-2.9.0.GMX2023
Working dir:  /gpfs/home1/ekempkes/adipep_umbrella_grid_superfast/result_GRID20649832
Command line:
  gmx mdrun -s simulations_essentials/md.tpr -plumed Colvars/plumed_-2.094_0.000.dat -nsteps 10000 -x Colvars/traj_-2.094_0.000.xtc


Back Off! I just backed up md.log to ./#md.log.1#
Reading file simulations_essentials/md.tpr, VERSION 2022.5-plumed_2.9.3 (single precision)
Note: file tpx version 127, software tpx version 129

NOTE: Parallelization is limited by the small number of atoms,
      only starting 1 thread-MPI ranks.
      You can use the -nt and/or -ntmpi option to optimize the number of threads.

Overriding nsteps with value passed on the command line: 10000 steps, 20 ps

comm-mode angular will give incorrect results when the comm group partially crosses a periodic boundary
Using 1 MPI thread

Non-default thread affinity set, disabling internal thread affinity

Using 1 OpenMP thread 


Back Off! I just backed up traj.trr to ./#traj.trr.1#

Back Off! I just backed up ener.edr to ./#ener.edr.1#
starting mdrun 'Generated by trjconv : Generated by trjconv : Alanine in vacuum in water t= 4500.00000'
10000 steps,     20.0 ps.

Writing final coordinates.

Back Off! I just backed up confout.gro to ./#confout.gro.1#

               Core t (s)   Wall t (s)        (%)
       Time:        2.045        2.045      100.0
                 (ns/day)    (hour/ns)
Performance:      845.176        0.028

GROMACS reminds you: "A Man Needs a Maid" (N. Young)

    :-) GROMACS - gmx mdrun, 2023.2-EasyBuild_4.9.0_PLUMED_2.9.0.GMX2023 (-:

Executable:   /sw/arch/RHEL8/EB_production/2023/software/GROMACS/2023.2-foss-2023a-PLUMED-2.9.0.GMX2023/bin/gmx
Data prefix:  /sw/arch/RHEL8/EB_production/2023/software/GROMACS/2023.2-foss-2023a-PLUMED-2.9.0.GMX2023
Working dir:  /gpfs/home1/ekempkes/adipep_umbrella_grid_superfast/result_GRID20649832
Command line:
  gmx mdrun -s simulations_essentials/md.tpr -plumed Colvars/plumed_-2.094_1.047.dat -nsteps 10000 -x Colvars/traj_-2.094_1.047.xtc


Back Off! I just backed up md.log to ./#md.log.1#
Reading file simulations_essentials/md.tpr, VERSION 2022.5-plumed_2.9.3 (single precision)
Note: file tpx version 127, software tpx version 129

NOTE: Parallelization is limited by the small number of atoms,
      only starting 1 thread-MPI ranks.
      You can use the -nt and/or -ntmpi option to optimize the number of threads.

Overriding nsteps with value passed on the command line: 10000 steps, 20 ps

comm-mode angular will give incorrect results when the comm group partially crosses a periodic boundary
Using 1 MPI thread

Non-default thread affinity set, disabling internal thread affinity

Using 1 OpenMP thread 


Back Off! I just backed up traj.trr to ./#traj.trr.1#

Back Off! I just backed up ener.edr to ./#ener.edr.1#
starting mdrun 'Generated by trjconv : Generated by trjconv : Alanine in vacuum in water t= 4500.00000'
10000 steps,     20.0 ps.

Writing final coordinates.

Back Off! I just backed up confout.gro to ./#confout.gro.1#

               Core t (s)   Wall t (s)        (%)
       Time:        2.022        2.023      100.0
                 (ns/day)    (hour/ns)
Performance:      854.456        0.028

GROMACS reminds you: "They Were So Quiet About It" (Pixies)

    :-) GROMACS - gmx mdrun, 2023.2-EasyBuild_4.9.0_PLUMED_2.9.0.GMX2023 (-:

Executable:   /sw/arch/RHEL8/EB_production/2023/software/GROMACS/2023.2-foss-2023a-PLUMED-2.9.0.GMX2023/bin/gmx
Data prefix:  /sw/arch/RHEL8/EB_production/2023/software/GROMACS/2023.2-foss-2023a-PLUMED-2.9.0.GMX2023
Working dir:  /gpfs/home1/ekempkes/adipep_umbrella_grid_superfast/result_GRID20649832
Command line:
  gmx mdrun -s simulations_essentials/md.tpr -plumed Colvars/plumed_-2.094_2.094.dat -nsteps 10000 -x Colvars/traj_-2.094_2.094.xtc


Back Off! I just backed up md.log to ./#md.log.1#
Reading file simulations_essentials/md.tpr, VERSION 2022.5-plumed_2.9.3 (single precision)
Note: file tpx version 127, software tpx version 129

NOTE: Parallelization is limited by the small number of atoms,
      only starting 1 thread-MPI ranks.
      You can use the -nt and/or -ntmpi option to optimize the number of threads.

Overriding nsteps with value passed on the command line: 10000 steps, 20 ps

comm-mode angular will give incorrect results when the comm group partially crosses a periodic boundary
Using 1 MPI thread

Non-default thread affinity set, disabling internal thread affinity

Using 1 OpenMP thread 


Back Off! I just backed up traj.trr to ./#traj.trr.1#

Back Off! I just backed up ener.edr to ./#ener.edr.1#
starting mdrun 'Generated by trjconv : Generated by trjconv : Alanine in vacuum in water t= 4500.00000'
10000 steps,     20.0 ps.

Writing final coordinates.

Back Off! I just backed up confout.gro to ./#confout.gro.1#

               Core t (s)   Wall t (s)        (%)
       Time:        2.014        2.014      100.0
                 (ns/day)    (hour/ns)
Performance:      857.935        0.028

GROMACS reminds you: "Jede der Scherben spiegelt das Licht" (Wir sind Helden)

    :-) GROMACS - gmx mdrun, 2023.2-EasyBuild_4.9.0_PLUMED_2.9.0.GMX2023 (-:

Executable:   /sw/arch/RHEL8/EB_production/2023/software/GROMACS/2023.2-foss-2023a-PLUMED-2.9.0.GMX2023/bin/gmx
Data prefix:  /sw/arch/RHEL8/EB_production/2023/software/GROMACS/2023.2-foss-2023a-PLUMED-2.9.0.GMX2023
Working dir:  /gpfs/home1/ekempkes/adipep_umbrella_grid_superfast/result_GRID20649832
Command line:
  gmx mdrun -s simulations_essentials/md.tpr -plumed Colvars/plumed_-1.047_-3.142.dat -nsteps 10000 -x Colvars/traj_-1.047_-3.142.xtc


Back Off! I just backed up md.log to ./#md.log.1#
Reading file simulations_essentials/md.tpr, VERSION 2022.5-plumed_2.9.3 (single precision)
Note: file tpx version 127, software tpx version 129

NOTE: Parallelization is limited by the small number of atoms,
      only starting 1 thread-MPI ranks.
      You can use the -nt and/or -ntmpi option to optimize the number of threads.

Overriding nsteps with value passed on the command line: 10000 steps, 20 ps

comm-mode angular will give incorrect results when the comm group partially crosses a periodic boundary
Using 1 MPI thread

Non-default thread affinity set, disabling internal thread affinity

Using 1 OpenMP thread 


Back Off! I just backed up Colvars/traj_-1.047_-3.142.xtc to Colvars/#traj_-1.047_-3.142.xtc.1#

Back Off! I just backed up traj.trr to ./#traj.trr.1#

Back Off! I just backed up ener.edr to ./#ener.edr.1#
starting mdrun 'Generated by trjconv : Generated by trjconv : Alanine in vacuum in water t= 4500.00000'
10000 steps,     20.0 ps.

Writing final coordinates.

Back Off! I just backed up confout.gro to ./#confout.gro.1#

               Core t (s)   Wall t (s)        (%)
       Time:        2.023        2.023      100.0
                 (ns/day)    (hour/ns)
Performance:      854.385        0.028

GROMACS reminds you: "It is Lunchtime" (A.R. Van Buuren)

    :-) GROMACS - gmx mdrun, 2023.2-EasyBuild_4.9.0_PLUMED_2.9.0.GMX2023 (-:

Executable:   /sw/arch/RHEL8/EB_production/2023/software/GROMACS/2023.2-foss-2023a-PLUMED-2.9.0.GMX2023/bin/gmx
Data prefix:  /sw/arch/RHEL8/EB_production/2023/software/GROMACS/2023.2-foss-2023a-PLUMED-2.9.0.GMX2023
Working dir:  /gpfs/home1/ekempkes/adipep_umbrella_grid_superfast/result_GRID20649832
Command line:
  gmx mdrun -s simulations_essentials/md.tpr -plumed Colvars/plumed_-1.047_-2.094.dat -nsteps 10000 -x Colvars/traj_-1.047_-2.094.xtc


Back Off! I just backed up md.log to ./#md.log.1#
Reading file simulations_essentials/md.tpr, VERSION 2022.5-plumed_2.9.3 (single precision)
Note: file tpx version 127, software tpx version 129

NOTE: Parallelization is limited by the small number of atoms,
      only starting 1 thread-MPI ranks.
      You can use the -nt and/or -ntmpi option to optimize the number of threads.

Overriding nsteps with value passed on the command line: 10000 steps, 20 ps

comm-mode angular will give incorrect results when the comm group partially crosses a periodic boundary
Using 1 MPI thread

Non-default thread affinity set, disabling internal thread affinity

Using 1 OpenMP thread 


Back Off! I just backed up traj.trr to ./#traj.trr.1#

Back Off! I just backed up ener.edr to ./#ener.edr.1#
starting mdrun 'Generated by trjconv : Generated by trjconv : Alanine in vacuum in water t= 4500.00000'
10000 steps,     20.0 ps.

Writing final coordinates.

Back Off! I just backed up confout.gro to ./#confout.gro.1#

               Core t (s)   Wall t (s)        (%)
       Time:        2.049        2.049      100.0
                 (ns/day)    (hour/ns)
Performance:      843.355        0.028

GROMACS reminds you: "At school I had a teacher that didn't like me and I didn't like him. At the end of the year he decided to fail me. The ironic thing is that the topic was chemistry. I have the distinction of being the only Chemistry Laurate who failed the topic in high school." (Thomas Lindahl)

    :-) GROMACS - gmx mdrun, 2023.2-EasyBuild_4.9.0_PLUMED_2.9.0.GMX2023 (-:

Executable:   /sw/arch/RHEL8/EB_production/2023/software/GROMACS/2023.2-foss-2023a-PLUMED-2.9.0.GMX2023/bin/gmx
Data prefix:  /sw/arch/RHEL8/EB_production/2023/software/GROMACS/2023.2-foss-2023a-PLUMED-2.9.0.GMX2023
Working dir:  /gpfs/home1/ekempkes/adipep_umbrella_grid_superfast/result_GRID20649832
Command line:
  gmx mdrun -s simulations_essentials/md.tpr -plumed Colvars/plumed_-1.047_-1.047.dat -nsteps 10000 -x Colvars/traj_-1.047_-1.047.xtc


Back Off! I just backed up md.log to ./#md.log.1#
Reading file simulations_essentials/md.tpr, VERSION 2022.5-plumed_2.9.3 (single precision)
Note: file tpx version 127, software tpx version 129

NOTE: Parallelization is limited by the small number of atoms,
      only starting 1 thread-MPI ranks.
      You can use the -nt and/or -ntmpi option to optimize the number of threads.

Overriding nsteps with value passed on the command line: 10000 steps, 20 ps

comm-mode angular will give incorrect results when the comm group partially crosses a periodic boundary
Using 1 MPI thread

Non-default thread affinity set, disabling internal thread affinity

Using 1 OpenMP thread 


Back Off! I just backed up Colvars/traj_-1.047_-1.047.xtc to Colvars/#traj_-1.047_-1.047.xtc.1#

Back Off! I just backed up traj.trr to ./#traj.trr.1#

Back Off! I just backed up ener.edr to ./#ener.edr.1#
starting mdrun 'Generated by trjconv : Generated by trjconv : Alanine in vacuum in water t= 4500.00000'
10000 steps,     20.0 ps.

Writing final coordinates.

Back Off! I just backed up confout.gro to ./#confout.gro.1#

               Core t (s)   Wall t (s)        (%)
       Time:        2.020        2.020      100.0
                 (ns/day)    (hour/ns)
Performance:      855.591        0.028

GROMACS reminds you: "Look at these, my work-strong arms" (P.J. Harvey)

    :-) GROMACS - gmx mdrun, 2023.2-EasyBuild_4.9.0_PLUMED_2.9.0.GMX2023 (-:

Executable:   /sw/arch/RHEL8/EB_production/2023/software/GROMACS/2023.2-foss-2023a-PLUMED-2.9.0.GMX2023/bin/gmx
Data prefix:  /sw/arch/RHEL8/EB_production/2023/software/GROMACS/2023.2-foss-2023a-PLUMED-2.9.0.GMX2023
Working dir:  /gpfs/home1/ekempkes/adipep_umbrella_grid_superfast/result_GRID20649832
Command line:
  gmx mdrun -s simulations_essentials/md.tpr -plumed Colvars/plumed_-1.047_0.000.dat -nsteps 10000 -x Colvars/traj_-1.047_0.000.xtc


Back Off! I just backed up md.log to ./#md.log.1#
Reading file simulations_essentials/md.tpr, VERSION 2022.5-plumed_2.9.3 (single precision)
Note: file tpx version 127, software tpx version 129

NOTE: Parallelization is limited by the small number of atoms,
      only starting 1 thread-MPI ranks.
      You can use the -nt and/or -ntmpi option to optimize the number of threads.

Overriding nsteps with value passed on the command line: 10000 steps, 20 ps

comm-mode angular will give incorrect results when the comm group partially crosses a periodic boundary
Using 1 MPI thread

Non-default thread affinity set, disabling internal thread affinity

Using 1 OpenMP thread 


Back Off! I just backed up traj.trr to ./#traj.trr.1#

Back Off! I just backed up ener.edr to ./#ener.edr.1#
starting mdrun 'Generated by trjconv : Generated by trjconv : Alanine in vacuum in water t= 4500.00000'
10000 steps,     20.0 ps.

Writing final coordinates.

Back Off! I just backed up confout.gro to ./#confout.gro.1#

               Core t (s)   Wall t (s)        (%)
       Time:        2.026        2.027      100.0
                 (ns/day)    (hour/ns)
Performance:      852.762        0.028

GROMACS reminds you: "XML is not a language in the sense of a programming language any more than sketches on a napkin are a language." (Charles Simonyi)

    :-) GROMACS - gmx mdrun, 2023.2-EasyBuild_4.9.0_PLUMED_2.9.0.GMX2023 (-:

Executable:   /sw/arch/RHEL8/EB_production/2023/software/GROMACS/2023.2-foss-2023a-PLUMED-2.9.0.GMX2023/bin/gmx
Data prefix:  /sw/arch/RHEL8/EB_production/2023/software/GROMACS/2023.2-foss-2023a-PLUMED-2.9.0.GMX2023
Working dir:  /gpfs/home1/ekempkes/adipep_umbrella_grid_superfast/result_GRID20649832
Command line:
  gmx mdrun -s simulations_essentials/md.tpr -plumed Colvars/plumed_-1.047_1.047.dat -nsteps 10000 -x Colvars/traj_-1.047_1.047.xtc


Back Off! I just backed up md.log to ./#md.log.1#
Reading file simulations_essentials/md.tpr, VERSION 2022.5-plumed_2.9.3 (single precision)
Note: file tpx version 127, software tpx version 129

NOTE: Parallelization is limited by the small number of atoms,
      only starting 1 thread-MPI ranks.
      You can use the -nt and/or -ntmpi option to optimize the number of threads.

Overriding nsteps with value passed on the command line: 10000 steps, 20 ps

comm-mode angular will give incorrect results when the comm group partially crosses a periodic boundary
Using 1 MPI thread

Non-default thread affinity set, disabling internal thread affinity

Using 1 OpenMP thread 


Back Off! I just backed up Colvars/traj_-1.047_1.047.xtc to Colvars/#traj_-1.047_1.047.xtc.1#

Back Off! I just backed up traj.trr to ./#traj.trr.1#

Back Off! I just backed up ener.edr to ./#ener.edr.1#
starting mdrun 'Generated by trjconv : Generated by trjconv : Alanine in vacuum in water t= 4500.00000'
10000 steps,     20.0 ps.

Writing final coordinates.

Back Off! I just backed up confout.gro to ./#confout.gro.1#

               Core t (s)   Wall t (s)        (%)
       Time:        2.012        2.012      100.0
                 (ns/day)    (hour/ns)
Performance:      858.891        0.028

GROMACS reminds you: "If Java had true garbage collection, most programs would delete themselves upon execution." (Robert Sewell)

    :-) GROMACS - gmx mdrun, 2023.2-EasyBuild_4.9.0_PLUMED_2.9.0.GMX2023 (-:

Executable:   /sw/arch/RHEL8/EB_production/2023/software/GROMACS/2023.2-foss-2023a-PLUMED-2.9.0.GMX2023/bin/gmx
Data prefix:  /sw/arch/RHEL8/EB_production/2023/software/GROMACS/2023.2-foss-2023a-PLUMED-2.9.0.GMX2023
Working dir:  /gpfs/home1/ekempkes/adipep_umbrella_grid_superfast/result_GRID20649832
Command line:
  gmx mdrun -s simulations_essentials/md.tpr -plumed Colvars/plumed_-1.047_2.094.dat -nsteps 10000 -x Colvars/traj_-1.047_2.094.xtc


Back Off! I just backed up md.log to ./#md.log.1#
Reading file simulations_essentials/md.tpr, VERSION 2022.5-plumed_2.9.3 (single precision)
Note: file tpx version 127, software tpx version 129

NOTE: Parallelization is limited by the small number of atoms,
      only starting 1 thread-MPI ranks.
      You can use the -nt and/or -ntmpi option to optimize the number of threads.

Overriding nsteps with value passed on the command line: 10000 steps, 20 ps

comm-mode angular will give incorrect results when the comm group partially crosses a periodic boundary
Using 1 MPI thread

Non-default thread affinity set, disabling internal thread affinity

Using 1 OpenMP thread 


Back Off! I just backed up traj.trr to ./#traj.trr.1#

Back Off! I just backed up ener.edr to ./#ener.edr.1#
starting mdrun 'Generated by trjconv : Generated by trjconv : Alanine in vacuum in water t= 4500.00000'
10000 steps,     20.0 ps.

Writing final coordinates.

Back Off! I just backed up confout.gro to ./#confout.gro.1#

               Core t (s)   Wall t (s)        (%)
       Time:        2.031        2.031      100.0
                 (ns/day)    (hour/ns)
Performance:      850.841        0.028

GROMACS reminds you: "Give a Man a Fish" (Arrested Development)

    :-) GROMACS - gmx mdrun, 2023.2-EasyBuild_4.9.0_PLUMED_2.9.0.GMX2023 (-:

Executable:   /sw/arch/RHEL8/EB_production/2023/software/GROMACS/2023.2-foss-2023a-PLUMED-2.9.0.GMX2023/bin/gmx
Data prefix:  /sw/arch/RHEL8/EB_production/2023/software/GROMACS/2023.2-foss-2023a-PLUMED-2.9.0.GMX2023
Working dir:  /gpfs/home1/ekempkes/adipep_umbrella_grid_superfast/result_GRID20649832
Command line:
  gmx mdrun -s simulations_essentials/md.tpr -plumed Colvars/plumed_0.000_-3.142.dat -nsteps 10000 -x Colvars/traj_0.000_-3.142.xtc


Back Off! I just backed up md.log to ./#md.log.1#
Reading file simulations_essentials/md.tpr, VERSION 2022.5-plumed_2.9.3 (single precision)
Note: file tpx version 127, software tpx version 129

NOTE: Parallelization is limited by the small number of atoms,
      only starting 1 thread-MPI ranks.
      You can use the -nt and/or -ntmpi option to optimize the number of threads.

Overriding nsteps with value passed on the command line: 10000 steps, 20 ps

comm-mode angular will give incorrect results when the comm group partially crosses a periodic boundary
Using 1 MPI thread

Non-default thread affinity set, disabling internal thread affinity

Using 1 OpenMP thread 


Back Off! I just backed up Colvars/traj_0.000_-3.142.xtc to Colvars/#traj_0.000_-3.142.xtc.2#

Back Off! I just backed up traj.trr to ./#traj.trr.1#

Back Off! I just backed up ener.edr to ./#ener.edr.1#
starting mdrun 'Generated by trjconv : Generated by trjconv : Alanine in vacuum in water t= 4500.00000'
10000 steps,     20.0 ps.

Writing final coordinates.

Back Off! I just backed up confout.gro to ./#confout.gro.1#

               Core t (s)   Wall t (s)        (%)
       Time:        1.997        1.997      100.0
                 (ns/day)    (hour/ns)
Performance:      865.358        0.028

GROMACS reminds you: "It's hard to ignore 12 orders of magnitude" (John Urbanic)

    :-) GROMACS - gmx mdrun, 2023.2-EasyBuild_4.9.0_PLUMED_2.9.0.GMX2023 (-:

Executable:   /sw/arch/RHEL8/EB_production/2023/software/GROMACS/2023.2-foss-2023a-PLUMED-2.9.0.GMX2023/bin/gmx
Data prefix:  /sw/arch/RHEL8/EB_production/2023/software/GROMACS/2023.2-foss-2023a-PLUMED-2.9.0.GMX2023
Working dir:  /gpfs/home1/ekempkes/adipep_umbrella_grid_superfast/result_GRID20649832
Command line:
  gmx mdrun -s simulations_essentials/md.tpr -plumed Colvars/plumed_0.000_-2.094.dat -nsteps 10000 -x Colvars/traj_0.000_-2.094.xtc


Back Off! I just backed up md.log to ./#md.log.1#
Reading file simulations_essentials/md.tpr, VERSION 2022.5-plumed_2.9.3 (single precision)
Note: file tpx version 127, software tpx version 129

NOTE: Parallelization is limited by the small number of atoms,
      only starting 1 thread-MPI ranks.
      You can use the -nt and/or -ntmpi option to optimize the number of threads.

Overriding nsteps with value passed on the command line: 10000 steps, 20 ps

comm-mode angular will give incorrect results when the comm group partially crosses a periodic boundary
Using 1 MPI thread

Non-default thread affinity set, disabling internal thread affinity

Using 1 OpenMP thread 


Back Off! I just backed up traj.trr to ./#traj.trr.1#

Back Off! I just backed up ener.edr to ./#ener.edr.1#
starting mdrun 'Generated by trjconv : Generated by trjconv : Alanine in vacuum in water t= 4500.00000'
10000 steps,     20.0 ps.

Writing final coordinates.

Back Off! I just backed up confout.gro to ./#confout.gro.1#

               Core t (s)   Wall t (s)        (%)
       Time:        2.021        2.021      100.0
                 (ns/day)    (hour/ns)
Performance:      854.948        0.028

GROMACS reminds you: "Yeah, uh uh, Neil's Head !" (Neil)

    :-) GROMACS - gmx mdrun, 2023.2-EasyBuild_4.9.0_PLUMED_2.9.0.GMX2023 (-:

Executable:   /sw/arch/RHEL8/EB_production/2023/software/GROMACS/2023.2-foss-2023a-PLUMED-2.9.0.GMX2023/bin/gmx
Data prefix:  /sw/arch/RHEL8/EB_production/2023/software/GROMACS/2023.2-foss-2023a-PLUMED-2.9.0.GMX2023
Working dir:  /gpfs/home1/ekempkes/adipep_umbrella_grid_superfast/result_GRID20649832
Command line:
  gmx mdrun -s simulations_essentials/md.tpr -plumed Colvars/plumed_0.000_-1.047.dat -nsteps 10000 -x Colvars/traj_0.000_-1.047.xtc


Back Off! I just backed up md.log to ./#md.log.1#
Reading file simulations_essentials/md.tpr, VERSION 2022.5-plumed_2.9.3 (single precision)
Note: file tpx version 127, software tpx version 129

NOTE: Parallelization is limited by the small number of atoms,
      only starting 1 thread-MPI ranks.
      You can use the -nt and/or -ntmpi option to optimize the number of threads.

Overriding nsteps with value passed on the command line: 10000 steps, 20 ps

comm-mode angular will give incorrect results when the comm group partially crosses a periodic boundary
Using 1 MPI thread

Non-default thread affinity set, disabling internal thread affinity

Using 1 OpenMP thread 


Back Off! I just backed up traj.trr to ./#traj.trr.1#

Back Off! I just backed up ener.edr to ./#ener.edr.1#
starting mdrun 'Generated by trjconv : Generated by trjconv : Alanine in vacuum in water t= 4500.00000'
10000 steps,     20.0 ps.

Writing final coordinates.

Back Off! I just backed up confout.gro to ./#confout.gro.1#

               Core t (s)   Wall t (s)        (%)
       Time:        2.060        2.060      100.0
                 (ns/day)    (hour/ns)
Performance:      839.061        0.029

GROMACS reminds you: "Now it's filled with hundreds and hundreds of chemicals" (Midlake)

    :-) GROMACS - gmx mdrun, 2023.2-EasyBuild_4.9.0_PLUMED_2.9.0.GMX2023 (-:

Executable:   /sw/arch/RHEL8/EB_production/2023/software/GROMACS/2023.2-foss-2023a-PLUMED-2.9.0.GMX2023/bin/gmx
Data prefix:  /sw/arch/RHEL8/EB_production/2023/software/GROMACS/2023.2-foss-2023a-PLUMED-2.9.0.GMX2023
Working dir:  /gpfs/home1/ekempkes/adipep_umbrella_grid_superfast/result_GRID20649832
Command line:
  gmx mdrun -s simulations_essentials/md.tpr -plumed Colvars/plumed_0.000_0.000.dat -nsteps 10000 -x Colvars/traj_0.000_0.000.xtc


Back Off! I just backed up md.log to ./#md.log.1#
Reading file simulations_essentials/md.tpr, VERSION 2022.5-plumed_2.9.3 (single precision)
Note: file tpx version 127, software tpx version 129

NOTE: Parallelization is limited by the small number of atoms,
      only starting 1 thread-MPI ranks.
      You can use the -nt and/or -ntmpi option to optimize the number of threads.

Overriding nsteps with value passed on the command line: 10000 steps, 20 ps

comm-mode angular will give incorrect results when the comm group partially crosses a periodic boundary
Using 1 MPI thread

Non-default thread affinity set, disabling internal thread affinity

Using 1 OpenMP thread 


Back Off! I just backed up Colvars/traj_0.000_0.000.xtc to Colvars/#traj_0.000_0.000.xtc.2#

Back Off! I just backed up traj.trr to ./#traj.trr.1#

Back Off! I just backed up ener.edr to ./#ener.edr.1#
starting mdrun 'Generated by trjconv : Generated by trjconv : Alanine in vacuum in water t= 4500.00000'
10000 steps,     20.0 ps.

Writing final coordinates.

Back Off! I just backed up confout.gro to ./#confout.gro.1#

               Core t (s)   Wall t (s)        (%)
       Time:        2.031        2.031      100.0
                 (ns/day)    (hour/ns)
Performance:      850.925        0.028

GROMACS reminds you: "We must have perseverance and above all confidence in ourselves. We must believe that we are gifted for something and that this thing must be attained." (Marie Curie)

    :-) GROMACS - gmx mdrun, 2023.2-EasyBuild_4.9.0_PLUMED_2.9.0.GMX2023 (-:

Executable:   /sw/arch/RHEL8/EB_production/2023/software/GROMACS/2023.2-foss-2023a-PLUMED-2.9.0.GMX2023/bin/gmx
Data prefix:  /sw/arch/RHEL8/EB_production/2023/software/GROMACS/2023.2-foss-2023a-PLUMED-2.9.0.GMX2023
Working dir:  /gpfs/home1/ekempkes/adipep_umbrella_grid_superfast/result_GRID20649832
Command line:
  gmx mdrun -s simulations_essentials/md.tpr -plumed Colvars/plumed_0.000_1.047.dat -nsteps 10000 -x Colvars/traj_0.000_1.047.xtc


Back Off! I just backed up md.log to ./#md.log.1#
Reading file simulations_essentials/md.tpr, VERSION 2022.5-plumed_2.9.3 (single precision)
Note: file tpx version 127, software tpx version 129

NOTE: Parallelization is limited by the small number of atoms,
      only starting 1 thread-MPI ranks.
      You can use the -nt and/or -ntmpi option to optimize the number of threads.

Overriding nsteps with value passed on the command line: 10000 steps, 20 ps

comm-mode angular will give incorrect results when the comm group partially crosses a periodic boundary
Using 1 MPI thread

Non-default thread affinity set, disabling internal thread affinity

Using 1 OpenMP thread 


Back Off! I just backed up traj.trr to ./#traj.trr.1#

Back Off! I just backed up ener.edr to ./#ener.edr.1#
starting mdrun 'Generated by trjconv : Generated by trjconv : Alanine in vacuum in water t= 4500.00000'
10000 steps,     20.0 ps.

Writing final coordinates.

Back Off! I just backed up confout.gro to ./#confout.gro.1#

               Core t (s)   Wall t (s)        (%)
       Time:        2.062        2.062      100.0
                 (ns/day)    (hour/ns)
Performance:      838.168        0.029

GROMACS reminds you: "Ohne Arbeit waer das Leben oede" (Wir Sind Helden)

    :-) GROMACS - gmx mdrun, 2023.2-EasyBuild_4.9.0_PLUMED_2.9.0.GMX2023 (-:

Executable:   /sw/arch/RHEL8/EB_production/2023/software/GROMACS/2023.2-foss-2023a-PLUMED-2.9.0.GMX2023/bin/gmx
Data prefix:  /sw/arch/RHEL8/EB_production/2023/software/GROMACS/2023.2-foss-2023a-PLUMED-2.9.0.GMX2023
Working dir:  /gpfs/home1/ekempkes/adipep_umbrella_grid_superfast/result_GRID20649832
Command line:
  gmx mdrun -s simulations_essentials/md.tpr -plumed Colvars/plumed_0.000_2.094.dat -nsteps 10000 -x Colvars/traj_0.000_2.094.xtc


Back Off! I just backed up md.log to ./#md.log.1#
Reading file simulations_essentials/md.tpr, VERSION 2022.5-plumed_2.9.3 (single precision)
Note: file tpx version 127, software tpx version 129

NOTE: Parallelization is limited by the small number of atoms,
      only starting 1 thread-MPI ranks.
      You can use the -nt and/or -ntmpi option to optimize the number of threads.

Overriding nsteps with value passed on the command line: 10000 steps, 20 ps

comm-mode angular will give incorrect results when the comm group partially crosses a periodic boundary
Using 1 MPI thread

Non-default thread affinity set, disabling internal thread affinity

Using 1 OpenMP thread 


Back Off! I just backed up traj.trr to ./#traj.trr.1#

Back Off! I just backed up ener.edr to ./#ener.edr.1#
starting mdrun 'Generated by trjconv : Generated by trjconv : Alanine in vacuum in water t= 4500.00000'
10000 steps,     20.0 ps.

Writing final coordinates.

Back Off! I just backed up confout.gro to ./#confout.gro.1#

               Core t (s)   Wall t (s)        (%)
       Time:        2.023        2.023      100.0
                 (ns/day)    (hour/ns)
Performance:      854.410        0.028

GROMACS reminds you: "It Costs Too Much If It Costs a Lot" (Magnapop)

    :-) GROMACS - gmx mdrun, 2023.2-EasyBuild_4.9.0_PLUMED_2.9.0.GMX2023 (-:

Executable:   /sw/arch/RHEL8/EB_production/2023/software/GROMACS/2023.2-foss-2023a-PLUMED-2.9.0.GMX2023/bin/gmx
Data prefix:  /sw/arch/RHEL8/EB_production/2023/software/GROMACS/2023.2-foss-2023a-PLUMED-2.9.0.GMX2023
Working dir:  /gpfs/home1/ekempkes/adipep_umbrella_grid_superfast/result_GRID20649832
Command line:
  gmx mdrun -s simulations_essentials/md.tpr -plumed Colvars/plumed_1.047_-3.142.dat -nsteps 10000 -x Colvars/traj_1.047_-3.142.xtc


Back Off! I just backed up md.log to ./#md.log.1#
Reading file simulations_essentials/md.tpr, VERSION 2022.5-plumed_2.9.3 (single precision)
Note: file tpx version 127, software tpx version 129

NOTE: Parallelization is limited by the small number of atoms,
      only starting 1 thread-MPI ranks.
      You can use the -nt and/or -ntmpi option to optimize the number of threads.

Overriding nsteps with value passed on the command line: 10000 steps, 20 ps

comm-mode angular will give incorrect results when the comm group partially crosses a periodic boundary
Using 1 MPI thread

Non-default thread affinity set, disabling internal thread affinity

Using 1 OpenMP thread 


Back Off! I just backed up Colvars/traj_1.047_-3.142.xtc to Colvars/#traj_1.047_-3.142.xtc.1#

Back Off! I just backed up traj.trr to ./#traj.trr.1#

Back Off! I just backed up ener.edr to ./#ener.edr.1#
starting mdrun 'Generated by trjconv : Generated by trjconv : Alanine in vacuum in water t= 4500.00000'
10000 steps,     20.0 ps.

Writing final coordinates.

Back Off! I just backed up confout.gro to ./#confout.gro.1#

               Core t (s)   Wall t (s)        (%)
       Time:        2.041        2.041      100.0
                 (ns/day)    (hour/ns)
Performance:      846.739        0.028

GROMACS reminds you: "Do not quench your inspiration and your imagination; do not become the slave of your model." (Vincent Van Gogh)

    :-) GROMACS - gmx mdrun, 2023.2-EasyBuild_4.9.0_PLUMED_2.9.0.GMX2023 (-:

Executable:   /sw/arch/RHEL8/EB_production/2023/software/GROMACS/2023.2-foss-2023a-PLUMED-2.9.0.GMX2023/bin/gmx
Data prefix:  /sw/arch/RHEL8/EB_production/2023/software/GROMACS/2023.2-foss-2023a-PLUMED-2.9.0.GMX2023
Working dir:  /gpfs/home1/ekempkes/adipep_umbrella_grid_superfast/result_GRID20649832
Command line:
  gmx mdrun -s simulations_essentials/md.tpr -plumed Colvars/plumed_1.047_-2.094.dat -nsteps 10000 -x Colvars/traj_1.047_-2.094.xtc


Back Off! I just backed up md.log to ./#md.log.1#
Reading file simulations_essentials/md.tpr, VERSION 2022.5-plumed_2.9.3 (single precision)
Note: file tpx version 127, software tpx version 129

NOTE: Parallelization is limited by the small number of atoms,
      only starting 1 thread-MPI ranks.
      You can use the -nt and/or -ntmpi option to optimize the number of threads.

Overriding nsteps with value passed on the command line: 10000 steps, 20 ps

comm-mode angular will give incorrect results when the comm group partially crosses a periodic boundary
Using 1 MPI thread

Non-default thread affinity set, disabling internal thread affinity

Using 1 OpenMP thread 


Back Off! I just backed up traj.trr to ./#traj.trr.1#

Back Off! I just backed up ener.edr to ./#ener.edr.1#
starting mdrun 'Generated by trjconv : Generated by trjconv : Alanine in vacuum in water t= 4500.00000'
10000 steps,     20.0 ps.

Writing final coordinates.

Back Off! I just backed up confout.gro to ./#confout.gro.1#

               Core t (s)   Wall t (s)        (%)
       Time:        2.056        2.056      100.0
                 (ns/day)    (hour/ns)
Performance:      840.539        0.029

GROMACS reminds you: "Load Up Your Rubber Bullets" (10 CC)

    :-) GROMACS - gmx mdrun, 2023.2-EasyBuild_4.9.0_PLUMED_2.9.0.GMX2023 (-:

Executable:   /sw/arch/RHEL8/EB_production/2023/software/GROMACS/2023.2-foss-2023a-PLUMED-2.9.0.GMX2023/bin/gmx
Data prefix:  /sw/arch/RHEL8/EB_production/2023/software/GROMACS/2023.2-foss-2023a-PLUMED-2.9.0.GMX2023
Working dir:  /gpfs/home1/ekempkes/adipep_umbrella_grid_superfast/result_GRID20649832
Command line:
  gmx mdrun -s simulations_essentials/md.tpr -plumed Colvars/plumed_1.047_-1.047.dat -nsteps 10000 -x Colvars/traj_1.047_-1.047.xtc


Back Off! I just backed up md.log to ./#md.log.1#
Reading file simulations_essentials/md.tpr, VERSION 2022.5-plumed_2.9.3 (single precision)
Note: file tpx version 127, software tpx version 129

NOTE: Parallelization is limited by the small number of atoms,
      only starting 1 thread-MPI ranks.
      You can use the -nt and/or -ntmpi option to optimize the number of threads.

Overriding nsteps with value passed on the command line: 10000 steps, 20 ps

comm-mode angular will give incorrect results when the comm group partially crosses a periodic boundary
Using 1 MPI thread

Non-default thread affinity set, disabling internal thread affinity

Using 1 OpenMP thread 


Back Off! I just backed up Colvars/traj_1.047_-1.047.xtc to Colvars/#traj_1.047_-1.047.xtc.1#

Back Off! I just backed up traj.trr to ./#traj.trr.1#

Back Off! I just backed up ener.edr to ./#ener.edr.1#
starting mdrun 'Generated by trjconv : Generated by trjconv : Alanine in vacuum in water t= 4500.00000'
10000 steps,     20.0 ps.

Writing final coordinates.

Back Off! I just backed up confout.gro to ./#confout.gro.1#

               Core t (s)   Wall t (s)        (%)
       Time:        2.025        2.025      100.0
                 (ns/day)    (hour/ns)
Performance:      853.330        0.028

GROMACS reminds you: "Teaching quantum computing is like teaching computer science at Hogwarts." (Thomas Sterling, ISC2018 keynote)

    :-) GROMACS - gmx mdrun, 2023.2-EasyBuild_4.9.0_PLUMED_2.9.0.GMX2023 (-:

Executable:   /sw/arch/RHEL8/EB_production/2023/software/GROMACS/2023.2-foss-2023a-PLUMED-2.9.0.GMX2023/bin/gmx
Data prefix:  /sw/arch/RHEL8/EB_production/2023/software/GROMACS/2023.2-foss-2023a-PLUMED-2.9.0.GMX2023
Working dir:  /gpfs/home1/ekempkes/adipep_umbrella_grid_superfast/result_GRID20649832
Command line:
  gmx mdrun -s simulations_essentials/md.tpr -plumed Colvars/plumed_1.047_0.000.dat -nsteps 10000 -x Colvars/traj_1.047_0.000.xtc


Back Off! I just backed up md.log to ./#md.log.1#
Reading file simulations_essentials/md.tpr, VERSION 2022.5-plumed_2.9.3 (single precision)
Note: file tpx version 127, software tpx version 129

NOTE: Parallelization is limited by the small number of atoms,
      only starting 1 thread-MPI ranks.
      You can use the -nt and/or -ntmpi option to optimize the number of threads.

Overriding nsteps with value passed on the command line: 10000 steps, 20 ps

comm-mode angular will give incorrect results when the comm group partially crosses a periodic boundary
Using 1 MPI thread

Non-default thread affinity set, disabling internal thread affinity

Using 1 OpenMP thread 


Back Off! I just backed up traj.trr to ./#traj.trr.1#

Back Off! I just backed up ener.edr to ./#ener.edr.1#
starting mdrun 'Generated by trjconv : Generated by trjconv : Alanine in vacuum in water t= 4500.00000'
10000 steps,     20.0 ps.

Writing final coordinates.

Back Off! I just backed up confout.gro to ./#confout.gro.1#

               Core t (s)   Wall t (s)        (%)
       Time:        2.037        2.037      100.0
                 (ns/day)    (hour/ns)
Performance:      848.225        0.028

GROMACS reminds you: "A protein is a chain of letters." (Julie Bernauer)

    :-) GROMACS - gmx mdrun, 2023.2-EasyBuild_4.9.0_PLUMED_2.9.0.GMX2023 (-:

Executable:   /sw/arch/RHEL8/EB_production/2023/software/GROMACS/2023.2-foss-2023a-PLUMED-2.9.0.GMX2023/bin/gmx
Data prefix:  /sw/arch/RHEL8/EB_production/2023/software/GROMACS/2023.2-foss-2023a-PLUMED-2.9.0.GMX2023
Working dir:  /gpfs/home1/ekempkes/adipep_umbrella_grid_superfast/result_GRID20649832
Command line:
  gmx mdrun -s simulations_essentials/md.tpr -plumed Colvars/plumed_1.047_1.047.dat -nsteps 10000 -x Colvars/traj_1.047_1.047.xtc


Back Off! I just backed up md.log to ./#md.log.1#
Reading file simulations_essentials/md.tpr, VERSION 2022.5-plumed_2.9.3 (single precision)
Note: file tpx version 127, software tpx version 129

NOTE: Parallelization is limited by the small number of atoms,
      only starting 1 thread-MPI ranks.
      You can use the -nt and/or -ntmpi option to optimize the number of threads.

Overriding nsteps with value passed on the command line: 10000 steps, 20 ps

comm-mode angular will give incorrect results when the comm group partially crosses a periodic boundary
Using 1 MPI thread

Non-default thread affinity set, disabling internal thread affinity

Using 1 OpenMP thread 


Back Off! I just backed up Colvars/traj_1.047_1.047.xtc to Colvars/#traj_1.047_1.047.xtc.1#

Back Off! I just backed up traj.trr to ./#traj.trr.1#

Back Off! I just backed up ener.edr to ./#ener.edr.1#
starting mdrun 'Generated by trjconv : Generated by trjconv : Alanine in vacuum in water t= 4500.00000'
10000 steps,     20.0 ps.

Writing final coordinates.

Back Off! I just backed up confout.gro to ./#confout.gro.1#

               Core t (s)   Wall t (s)        (%)
       Time:        2.042        2.043      100.0
                 (ns/day)    (hour/ns)
Performance:      846.092        0.028

GROMACS reminds you: "I Can't Shake It" (Dinosaur Jr)

    :-) GROMACS - gmx mdrun, 2023.2-EasyBuild_4.9.0_PLUMED_2.9.0.GMX2023 (-:

Executable:   /sw/arch/RHEL8/EB_production/2023/software/GROMACS/2023.2-foss-2023a-PLUMED-2.9.0.GMX2023/bin/gmx
Data prefix:  /sw/arch/RHEL8/EB_production/2023/software/GROMACS/2023.2-foss-2023a-PLUMED-2.9.0.GMX2023
Working dir:  /gpfs/home1/ekempkes/adipep_umbrella_grid_superfast/result_GRID20649832
Command line:
  gmx mdrun -s simulations_essentials/md.tpr -plumed Colvars/plumed_1.047_2.094.dat -nsteps 10000 -x Colvars/traj_1.047_2.094.xtc


Back Off! I just backed up md.log to ./#md.log.1#
Reading file simulations_essentials/md.tpr, VERSION 2022.5-plumed_2.9.3 (single precision)
Note: file tpx version 127, software tpx version 129

NOTE: Parallelization is limited by the small number of atoms,
      only starting 1 thread-MPI ranks.
      You can use the -nt and/or -ntmpi option to optimize the number of threads.

Overriding nsteps with value passed on the command line: 10000 steps, 20 ps

comm-mode angular will give incorrect results when the comm group partially crosses a periodic boundary
Using 1 MPI thread

Non-default thread affinity set, disabling internal thread affinity

Using 1 OpenMP thread 


Back Off! I just backed up traj.trr to ./#traj.trr.1#

Back Off! I just backed up ener.edr to ./#ener.edr.1#
starting mdrun 'Generated by trjconv : Generated by trjconv : Alanine in vacuum in water t= 4500.00000'
10000 steps,     20.0 ps.

Writing final coordinates.

Back Off! I just backed up confout.gro to ./#confout.gro.1#

               Core t (s)   Wall t (s)        (%)
       Time:        2.035        2.035      100.0
                 (ns/day)    (hour/ns)
Performance:      849.105        0.028

GROMACS reminds you: "Computer system analysis is like child-rearing; you can do grievous damage, but you cannot ensure success." (Tom DeMarcho)

    :-) GROMACS - gmx mdrun, 2023.2-EasyBuild_4.9.0_PLUMED_2.9.0.GMX2023 (-:

Executable:   /sw/arch/RHEL8/EB_production/2023/software/GROMACS/2023.2-foss-2023a-PLUMED-2.9.0.GMX2023/bin/gmx
Data prefix:  /sw/arch/RHEL8/EB_production/2023/software/GROMACS/2023.2-foss-2023a-PLUMED-2.9.0.GMX2023
Working dir:  /gpfs/home1/ekempkes/adipep_umbrella_grid_superfast/result_GRID20649832
Command line:
  gmx mdrun -s simulations_essentials/md.tpr -plumed Colvars/plumed_2.094_-3.142.dat -nsteps 10000 -x Colvars/traj_2.094_-3.142.xtc


Back Off! I just backed up md.log to ./#md.log.1#
Reading file simulations_essentials/md.tpr, VERSION 2022.5-plumed_2.9.3 (single precision)
Note: file tpx version 127, software tpx version 129

NOTE: Parallelization is limited by the small number of atoms,
      only starting 1 thread-MPI ranks.
      You can use the -nt and/or -ntmpi option to optimize the number of threads.

Overriding nsteps with value passed on the command line: 10000 steps, 20 ps

comm-mode angular will give incorrect results when the comm group partially crosses a periodic boundary
Using 1 MPI thread

Non-default thread affinity set, disabling internal thread affinity

Using 1 OpenMP thread 


Back Off! I just backed up traj.trr to ./#traj.trr.1#

Back Off! I just backed up ener.edr to ./#ener.edr.1#
starting mdrun 'Generated by trjconv : Generated by trjconv : Alanine in vacuum in water t= 4500.00000'
10000 steps,     20.0 ps.

Writing final coordinates.

Back Off! I just backed up confout.gro to ./#confout.gro.1#

               Core t (s)   Wall t (s)        (%)
       Time:        2.041        2.041      100.0
                 (ns/day)    (hour/ns)
Performance:      846.845        0.028

GROMACS reminds you: "#define QUESTION ((bb),| !(bb))" (William Shakespeare)

    :-) GROMACS - gmx mdrun, 2023.2-EasyBuild_4.9.0_PLUMED_2.9.0.GMX2023 (-:

Executable:   /sw/arch/RHEL8/EB_production/2023/software/GROMACS/2023.2-foss-2023a-PLUMED-2.9.0.GMX2023/bin/gmx
Data prefix:  /sw/arch/RHEL8/EB_production/2023/software/GROMACS/2023.2-foss-2023a-PLUMED-2.9.0.GMX2023
Working dir:  /gpfs/home1/ekempkes/adipep_umbrella_grid_superfast/result_GRID20649832
Command line:
  gmx mdrun -s simulations_essentials/md.tpr -plumed Colvars/plumed_2.094_-2.094.dat -nsteps 10000 -x Colvars/traj_2.094_-2.094.xtc


Back Off! I just backed up md.log to ./#md.log.1#
Reading file simulations_essentials/md.tpr, VERSION 2022.5-plumed_2.9.3 (single precision)
Note: file tpx version 127, software tpx version 129

NOTE: Parallelization is limited by the small number of atoms,
      only starting 1 thread-MPI ranks.
      You can use the -nt and/or -ntmpi option to optimize the number of threads.

Overriding nsteps with value passed on the command line: 10000 steps, 20 ps

comm-mode angular will give incorrect results when the comm group partially crosses a periodic boundary
Using 1 MPI thread

Non-default thread affinity set, disabling internal thread affinity

Using 1 OpenMP thread 


Back Off! I just backed up traj.trr to ./#traj.trr.1#

Back Off! I just backed up ener.edr to ./#ener.edr.1#
starting mdrun 'Generated by trjconv : Generated by trjconv : Alanine in vacuum in water t= 4500.00000'
10000 steps,     20.0 ps.

Writing final coordinates.

Back Off! I just backed up confout.gro to ./#confout.gro.1#

               Core t (s)   Wall t (s)        (%)
       Time:        2.038        2.038      100.0
                 (ns/day)    (hour/ns)
Performance:      847.930        0.028

GROMACS reminds you: "Pump Up the Volume Along With the Tempo" (Jazzy Jeff)

    :-) GROMACS - gmx mdrun, 2023.2-EasyBuild_4.9.0_PLUMED_2.9.0.GMX2023 (-:

Executable:   /sw/arch/RHEL8/EB_production/2023/software/GROMACS/2023.2-foss-2023a-PLUMED-2.9.0.GMX2023/bin/gmx
Data prefix:  /sw/arch/RHEL8/EB_production/2023/software/GROMACS/2023.2-foss-2023a-PLUMED-2.9.0.GMX2023
Working dir:  /gpfs/home1/ekempkes/adipep_umbrella_grid_superfast/result_GRID20649832
Command line:
  gmx mdrun -s simulations_essentials/md.tpr -plumed Colvars/plumed_2.094_-1.047.dat -nsteps 10000 -x Colvars/traj_2.094_-1.047.xtc


Back Off! I just backed up md.log to ./#md.log.1#
Reading file simulations_essentials/md.tpr, VERSION 2022.5-plumed_2.9.3 (single precision)
Note: file tpx version 127, software tpx version 129

NOTE: Parallelization is limited by the small number of atoms,
      only starting 1 thread-MPI ranks.
      You can use the -nt and/or -ntmpi option to optimize the number of threads.

Overriding nsteps with value passed on the command line: 10000 steps, 20 ps

comm-mode angular will give incorrect results when the comm group partially crosses a periodic boundary
Using 1 MPI thread

Non-default thread affinity set, disabling internal thread affinity

Using 1 OpenMP thread 


Back Off! I just backed up traj.trr to ./#traj.trr.1#

Back Off! I just backed up ener.edr to ./#ener.edr.1#
starting mdrun 'Generated by trjconv : Generated by trjconv : Alanine in vacuum in water t= 4500.00000'
10000 steps,     20.0 ps.

Writing final coordinates.

Back Off! I just backed up confout.gro to ./#confout.gro.1#

               Core t (s)   Wall t (s)        (%)
       Time:        2.031        2.031      100.0
                 (ns/day)    (hour/ns)
Performance:      850.698        0.028

GROMACS reminds you: "Nurture Another Mind, Before Yours Expires" (Arrested Development)

    :-) GROMACS - gmx mdrun, 2023.2-EasyBuild_4.9.0_PLUMED_2.9.0.GMX2023 (-:

Executable:   /sw/arch/RHEL8/EB_production/2023/software/GROMACS/2023.2-foss-2023a-PLUMED-2.9.0.GMX2023/bin/gmx
Data prefix:  /sw/arch/RHEL8/EB_production/2023/software/GROMACS/2023.2-foss-2023a-PLUMED-2.9.0.GMX2023
Working dir:  /gpfs/home1/ekempkes/adipep_umbrella_grid_superfast/result_GRID20649832
Command line:
  gmx mdrun -s simulations_essentials/md.tpr -plumed Colvars/plumed_2.094_0.000.dat -nsteps 10000 -x Colvars/traj_2.094_0.000.xtc


Back Off! I just backed up md.log to ./#md.log.1#
Reading file simulations_essentials/md.tpr, VERSION 2022.5-plumed_2.9.3 (single precision)
Note: file tpx version 127, software tpx version 129

NOTE: Parallelization is limited by the small number of atoms,
      only starting 1 thread-MPI ranks.
      You can use the -nt and/or -ntmpi option to optimize the number of threads.

Overriding nsteps with value passed on the command line: 10000 steps, 20 ps

comm-mode angular will give incorrect results when the comm group partially crosses a periodic boundary
Using 1 MPI thread

Non-default thread affinity set, disabling internal thread affinity

Using 1 OpenMP thread 


Back Off! I just backed up traj.trr to ./#traj.trr.1#

Back Off! I just backed up ener.edr to ./#ener.edr.1#
starting mdrun 'Generated by trjconv : Generated by trjconv : Alanine in vacuum in water t= 4500.00000'
10000 steps,     20.0 ps.

Writing final coordinates.

Back Off! I just backed up confout.gro to ./#confout.gro.1#

               Core t (s)   Wall t (s)        (%)
       Time:        2.019        2.019      100.0
                 (ns/day)    (hour/ns)
Performance:      855.839        0.028

GROMACS reminds you: "I had trouble with physics in college. When I signed up I thought it said psychics." (Greg Tamblyn)

    :-) GROMACS - gmx mdrun, 2023.2-EasyBuild_4.9.0_PLUMED_2.9.0.GMX2023 (-:

Executable:   /sw/arch/RHEL8/EB_production/2023/software/GROMACS/2023.2-foss-2023a-PLUMED-2.9.0.GMX2023/bin/gmx
Data prefix:  /sw/arch/RHEL8/EB_production/2023/software/GROMACS/2023.2-foss-2023a-PLUMED-2.9.0.GMX2023
Working dir:  /gpfs/home1/ekempkes/adipep_umbrella_grid_superfast/result_GRID20649832
Command line:
  gmx mdrun -s simulations_essentials/md.tpr -plumed Colvars/plumed_2.094_1.047.dat -nsteps 10000 -x Colvars/traj_2.094_1.047.xtc


Back Off! I just backed up md.log to ./#md.log.1#
Reading file simulations_essentials/md.tpr, VERSION 2022.5-plumed_2.9.3 (single precision)
Note: file tpx version 127, software tpx version 129

NOTE: Parallelization is limited by the small number of atoms,
      only starting 1 thread-MPI ranks.
      You can use the -nt and/or -ntmpi option to optimize the number of threads.

Overriding nsteps with value passed on the command line: 10000 steps, 20 ps

comm-mode angular will give incorrect results when the comm group partially crosses a periodic boundary
Using 1 MPI thread

Non-default thread affinity set, disabling internal thread affinity

Using 1 OpenMP thread 


Back Off! I just backed up traj.trr to ./#traj.trr.1#

Back Off! I just backed up ener.edr to ./#ener.edr.1#
starting mdrun 'Generated by trjconv : Generated by trjconv : Alanine in vacuum in water t= 4500.00000'
10000 steps,     20.0 ps.

Writing final coordinates.

Back Off! I just backed up confout.gro to ./#confout.gro.1#

               Core t (s)   Wall t (s)        (%)
       Time:        2.039        2.039      100.0
                 (ns/day)    (hour/ns)
Performance:      847.677        0.028

GROMACS reminds you: "It's So Lonely When You Don't Even Know Yourself" (Red Hot Chili Peppers)

    :-) GROMACS - gmx mdrun, 2023.2-EasyBuild_4.9.0_PLUMED_2.9.0.GMX2023 (-:

Executable:   /sw/arch/RHEL8/EB_production/2023/software/GROMACS/2023.2-foss-2023a-PLUMED-2.9.0.GMX2023/bin/gmx
Data prefix:  /sw/arch/RHEL8/EB_production/2023/software/GROMACS/2023.2-foss-2023a-PLUMED-2.9.0.GMX2023
Working dir:  /gpfs/home1/ekempkes/adipep_umbrella_grid_superfast/result_GRID20649832
Command line:
  gmx mdrun -s simulations_essentials/md.tpr -plumed Colvars/plumed_2.094_2.094.dat -nsteps 10000 -x Colvars/traj_2.094_2.094.xtc


Back Off! I just backed up md.log to ./#md.log.1#
Reading file simulations_essentials/md.tpr, VERSION 2022.5-plumed_2.9.3 (single precision)
Note: file tpx version 127, software tpx version 129

NOTE: Parallelization is limited by the small number of atoms,
      only starting 1 thread-MPI ranks.
      You can use the -nt and/or -ntmpi option to optimize the number of threads.

Overriding nsteps with value passed on the command line: 10000 steps, 20 ps

comm-mode angular will give incorrect results when the comm group partially crosses a periodic boundary
Using 1 MPI thread

Non-default thread affinity set, disabling internal thread affinity

Using 1 OpenMP thread 


Back Off! I just backed up traj.trr to ./#traj.trr.1#

Back Off! I just backed up ener.edr to ./#ener.edr.1#
starting mdrun 'Generated by trjconv : Generated by trjconv : Alanine in vacuum in water t= 4500.00000'
10000 steps,     20.0 ps.

Writing final coordinates.

Back Off! I just backed up confout.gro to ./#confout.gro.1#

               Core t (s)   Wall t (s)        (%)
       Time:        2.038        2.038      100.0
                 (ns/day)    (hour/ns)
Performance:      848.142        0.028

GROMACS reminds you: "I think it's very important to get more women into computing. My slogan is: Computing is too important to be left to men." (Karen Jones)


# Integration error:        3.74

# Integrating             - Simpson's rule + Real Space Grid Mini     :-) GROMACS - gmx mdrun, 2023.2-EasyBuild_4.9.0_PLUMED_2.9.0.GMX2023 (-:

Executable:   /sw/arch/RHEL8/EB_production/2023/software/GROMACS/2023.2-foss-2023a-PLUMED-2.9.0.GMX2023/bin/gmx
Data prefix:  /sw/arch/RHEL8/EB_production/2023/software/GROMACS/2023.2-foss-2023a-PLUMED-2.9.0.GMX2023
Working dir:  /gpfs/home1/ekempkes/adipep_umbrella_grid_superfast/result_GRID20649832
Command line:
  gmx mdrun -s simulations_essentials/md.tpr -plumed Colvars/plumed_-3.142_-3.142.dat -nsteps 10000 -x Colvars/traj_-3.142_-3.142.xtc


Back Off! I just backed up md.log to ./#md.log.1#
Reading file simulations_essentials/md.tpr, VERSION 2022.5-plumed_2.9.3 (single precision)
Note: file tpx version 127, software tpx version 129

NOTE: Parallelization is limited by the small number of atoms,
      only starting 1 thread-MPI ranks.
      You can use the -nt and/or -ntmpi option to optimize the number of threads.

Overriding nsteps with value passed on the command line: 10000 steps, 20 ps

comm-mode angular will give incorrect results when the comm group partially crosses a periodic boundary
Using 1 MPI thread

Non-default thread affinity set, disabling internal thread affinity

Using 1 OpenMP thread 


Back Off! I just backed up Colvars/traj_-3.142_-3.142.xtc to Colvars/#traj_-3.142_-3.142.xtc.6#

Back Off! I just backed up traj.trr to ./#traj.trr.1#

Back Off! I just backed up ener.edr to ./#ener.edr.1#
starting mdrun 'Generated by trjconv : Generated by trjconv : Alanine in vacuum in water t= 4500.00000'
10000 steps,     20.0 ps.

Writing final coordinates.

Back Off! I just backed up confout.gro to ./#confout.gro.1#

               Core t (s)   Wall t (s)        (%)
       Time:        2.021        2.021      100.0
                 (ns/day)    (hour/ns)
Performance:      855.178        0.028

GROMACS reminds you: "In a talk you have a choice: You can make one point or no points." (Paul Sigler)

    :-) GROMACS - gmx mdrun, 2023.2-EasyBuild_4.9.0_PLUMED_2.9.0.GMX2023 (-:

Executable:   /sw/arch/RHEL8/EB_production/2023/software/GROMACS/2023.2-foss-2023a-PLUMED-2.9.0.GMX2023/bin/gmx
Data prefix:  /sw/arch/RHEL8/EB_production/2023/software/GROMACS/2023.2-foss-2023a-PLUMED-2.9.0.GMX2023
Working dir:  /gpfs/home1/ekempkes/adipep_umbrella_grid_superfast/result_GRID20649832
Command line:
  gmx mdrun -s simulations_essentials/md.tpr -plumed Colvars/plumed_-3.142_-2.244.dat -nsteps 10000 -x Colvars/traj_-3.142_-2.244.xtc


Back Off! I just backed up md.log to ./#md.log.1#
Reading file simulations_essentials/md.tpr, VERSION 2022.5-plumed_2.9.3 (single precision)
Note: file tpx version 127, software tpx version 129

NOTE: Parallelization is limited by the small number of atoms,
      only starting 1 thread-MPI ranks.
      You can use the -nt and/or -ntmpi option to optimize the number of threads.

Overriding nsteps with value passed on the command line: 10000 steps, 20 ps

comm-mode angular will give incorrect results when the comm group partially crosses a periodic boundary
Using 1 MPI thread

Non-default thread affinity set, disabling internal thread affinity

Using 1 OpenMP thread 


Back Off! I just backed up traj.trr to ./#traj.trr.1#

Back Off! I just backed up ener.edr to ./#ener.edr.1#
starting mdrun 'Generated by trjconv : Generated by trjconv : Alanine in vacuum in water t= 4500.00000'
10000 steps,     20.0 ps.

Writing final coordinates.

Back Off! I just backed up confout.gro to ./#confout.gro.1#

               Core t (s)   Wall t (s)        (%)
       Time:        2.059        2.059      100.0
                 (ns/day)    (hour/ns)
Performance:      839.394        0.029

GROMACS reminds you: "Everything is theoretically impossible, until it is done." (Robert Heinlein)

    :-) GROMACS - gmx mdrun, 2023.2-EasyBuild_4.9.0_PLUMED_2.9.0.GMX2023 (-:

Executable:   /sw/arch/RHEL8/EB_production/2023/software/GROMACS/2023.2-foss-2023a-PLUMED-2.9.0.GMX2023/bin/gmx
Data prefix:  /sw/arch/RHEL8/EB_production/2023/software/GROMACS/2023.2-foss-2023a-PLUMED-2.9.0.GMX2023
Working dir:  /gpfs/home1/ekempkes/adipep_umbrella_grid_superfast/result_GRID20649832
Command line:
  gmx mdrun -s simulations_essentials/md.tpr -plumed Colvars/plumed_-3.142_-1.346.dat -nsteps 10000 -x Colvars/traj_-3.142_-1.346.xtc


Back Off! I just backed up md.log to ./#md.log.1#
Reading file simulations_essentials/md.tpr, VERSION 2022.5-plumed_2.9.3 (single precision)
Note: file tpx version 127, software tpx version 129

NOTE: Parallelization is limited by the small number of atoms,
      only starting 1 thread-MPI ranks.
      You can use the -nt and/or -ntmpi option to optimize the number of threads.

Overriding nsteps with value passed on the command line: 10000 steps, 20 ps

comm-mode angular will give incorrect results when the comm group partially crosses a periodic boundary
Using 1 MPI thread

Non-default thread affinity set, disabling internal thread affinity

Using 1 OpenMP thread 


Back Off! I just backed up traj.trr to ./#traj.trr.1#

Back Off! I just backed up ener.edr to ./#ener.edr.1#
starting mdrun 'Generated by trjconv : Generated by trjconv : Alanine in vacuum in water t= 4500.00000'
10000 steps,     20.0 ps.

Writing final coordinates.

Back Off! I just backed up confout.gro to ./#confout.gro.1#

               Core t (s)   Wall t (s)        (%)
       Time:        2.044        2.044      100.0
                 (ns/day)    (hour/ns)
Performance:      845.558        0.028

GROMACS reminds you: "Ludwig Boltzmann, who spent much of his life studying statistical mechanics, died in 1906, by his own hand. Paul Ehrenfest, carrying on the same work, died similarly in 1933. Now it is our turn to study statistical mechanics. Perhaps it will be wise to approach the subject cautiously." (David Goodstein)

    :-) GROMACS - gmx mdrun, 2023.2-EasyBuild_4.9.0_PLUMED_2.9.0.GMX2023 (-:

Executable:   /sw/arch/RHEL8/EB_production/2023/software/GROMACS/2023.2-foss-2023a-PLUMED-2.9.0.GMX2023/bin/gmx
Data prefix:  /sw/arch/RHEL8/EB_production/2023/software/GROMACS/2023.2-foss-2023a-PLUMED-2.9.0.GMX2023
Working dir:  /gpfs/home1/ekempkes/adipep_umbrella_grid_superfast/result_GRID20649832
Command line:
  gmx mdrun -s simulations_essentials/md.tpr -plumed Colvars/plumed_-3.142_-0.449.dat -nsteps 10000 -x Colvars/traj_-3.142_-0.449.xtc


Back Off! I just backed up md.log to ./#md.log.1#
Reading file simulations_essentials/md.tpr, VERSION 2022.5-plumed_2.9.3 (single precision)
Note: file tpx version 127, software tpx version 129

NOTE: Parallelization is limited by the small number of atoms,
      only starting 1 thread-MPI ranks.
      You can use the -nt and/or -ntmpi option to optimize the number of threads.

Overriding nsteps with value passed on the command line: 10000 steps, 20 ps

comm-mode angular will give incorrect results when the comm group partially crosses a periodic boundary
Using 1 MPI thread

Non-default thread affinity set, disabling internal thread affinity

Using 1 OpenMP thread 


Back Off! I just backed up traj.trr to ./#traj.trr.1#

Back Off! I just backed up ener.edr to ./#ener.edr.1#
starting mdrun 'Generated by trjconv : Generated by trjconv : Alanine in vacuum in water t= 4500.00000'
10000 steps,     20.0 ps.

Writing final coordinates.

Back Off! I just backed up confout.gro to ./#confout.gro.1#

               Core t (s)   Wall t (s)        (%)
       Time:        2.006        2.006      100.0
                 (ns/day)    (hour/ns)
Performance:      861.430        0.028

GROMACS reminds you: "I invented the term 'Object-Oriented', and I can tell you I did not have C++ in mind." (Alan Kay, author of Smalltalk)

    :-) GROMACS - gmx mdrun, 2023.2-EasyBuild_4.9.0_PLUMED_2.9.0.GMX2023 (-:

Executable:   /sw/arch/RHEL8/EB_production/2023/software/GROMACS/2023.2-foss-2023a-PLUMED-2.9.0.GMX2023/bin/gmx
Data prefix:  /sw/arch/RHEL8/EB_production/2023/software/GROMACS/2023.2-foss-2023a-PLUMED-2.9.0.GMX2023
Working dir:  /gpfs/home1/ekempkes/adipep_umbrella_grid_superfast/result_GRID20649832
Command line:
  gmx mdrun -s simulations_essentials/md.tpr -plumed Colvars/plumed_-3.142_0.449.dat -nsteps 10000 -x Colvars/traj_-3.142_0.449.xtc


Back Off! I just backed up md.log to ./#md.log.1#
Reading file simulations_essentials/md.tpr, VERSION 2022.5-plumed_2.9.3 (single precision)
Note: file tpx version 127, software tpx version 129

NOTE: Parallelization is limited by the small number of atoms,
      only starting 1 thread-MPI ranks.
      You can use the -nt and/or -ntmpi option to optimize the number of threads.

Overriding nsteps with value passed on the command line: 10000 steps, 20 ps

comm-mode angular will give incorrect results when the comm group partially crosses a periodic boundary
Using 1 MPI thread

Non-default thread affinity set, disabling internal thread affinity

Using 1 OpenMP thread 


Back Off! I just backed up traj.trr to ./#traj.trr.1#

Back Off! I just backed up ener.edr to ./#ener.edr.1#
starting mdrun 'Generated by trjconv : Generated by trjconv : Alanine in vacuum in water t= 4500.00000'
10000 steps,     20.0 ps.

Writing final coordinates.

Back Off! I just backed up confout.gro to ./#confout.gro.1#

               Core t (s)   Wall t (s)        (%)
       Time:        2.036        2.036      100.0
                 (ns/day)    (hour/ns)
Performance:      848.780        0.028

GROMACS reminds you: "RTFM" (B. Hess)

    :-) GROMACS - gmx mdrun, 2023.2-EasyBuild_4.9.0_PLUMED_2.9.0.GMX2023 (-:

Executable:   /sw/arch/RHEL8/EB_production/2023/software/GROMACS/2023.2-foss-2023a-PLUMED-2.9.0.GMX2023/bin/gmx
Data prefix:  /sw/arch/RHEL8/EB_production/2023/software/GROMACS/2023.2-foss-2023a-PLUMED-2.9.0.GMX2023
Working dir:  /gpfs/home1/ekempkes/adipep_umbrella_grid_superfast/result_GRID20649832
Command line:
  gmx mdrun -s simulations_essentials/md.tpr -plumed Colvars/plumed_-3.142_1.346.dat -nsteps 10000 -x Colvars/traj_-3.142_1.346.xtc


Back Off! I just backed up md.log to ./#md.log.1#
Reading file simulations_essentials/md.tpr, VERSION 2022.5-plumed_2.9.3 (single precision)
Note: file tpx version 127, software tpx version 129

NOTE: Parallelization is limited by the small number of atoms,
      only starting 1 thread-MPI ranks.
      You can use the -nt and/or -ntmpi option to optimize the number of threads.

Overriding nsteps with value passed on the command line: 10000 steps, 20 ps

comm-mode angular will give incorrect results when the comm group partially crosses a periodic boundary
Using 1 MPI thread

Non-default thread affinity set, disabling internal thread affinity

Using 1 OpenMP thread 


Back Off! I just backed up traj.trr to ./#traj.trr.1#

Back Off! I just backed up ener.edr to ./#ener.edr.1#
starting mdrun 'Generated by trjconv : Generated by trjconv : Alanine in vacuum in water t= 4500.00000'
10000 steps,     20.0 ps.

Writing final coordinates.

Back Off! I just backed up confout.gro to ./#confout.gro.1#

               Core t (s)   Wall t (s)        (%)
       Time:        2.033        2.033      100.0
                 (ns/day)    (hour/ns)
Performance:      849.934        0.028

GROMACS reminds you: "Making merry out of nothing, like in refugee camp" (Gogol Bordello)

    :-) GROMACS - gmx mdrun, 2023.2-EasyBuild_4.9.0_PLUMED_2.9.0.GMX2023 (-:

Executable:   /sw/arch/RHEL8/EB_production/2023/software/GROMACS/2023.2-foss-2023a-PLUMED-2.9.0.GMX2023/bin/gmx
Data prefix:  /sw/arch/RHEL8/EB_production/2023/software/GROMACS/2023.2-foss-2023a-PLUMED-2.9.0.GMX2023
Working dir:  /gpfs/home1/ekempkes/adipep_umbrella_grid_superfast/result_GRID20649832
Command line:
  gmx mdrun -s simulations_essentials/md.tpr -plumed Colvars/plumed_-3.142_2.244.dat -nsteps 10000 -x Colvars/traj_-3.142_2.244.xtc


Back Off! I just backed up md.log to ./#md.log.1#
Reading file simulations_essentials/md.tpr, VERSION 2022.5-plumed_2.9.3 (single precision)
Note: file tpx version 127, software tpx version 129

NOTE: Parallelization is limited by the small number of atoms,
      only starting 1 thread-MPI ranks.
      You can use the -nt and/or -ntmpi option to optimize the number of threads.

Overriding nsteps with value passed on the command line: 10000 steps, 20 ps

comm-mode angular will give incorrect results when the comm group partially crosses a periodic boundary
Using 1 MPI thread

Non-default thread affinity set, disabling internal thread affinity

Using 1 OpenMP thread 


Back Off! I just backed up traj.trr to ./#traj.trr.1#

Back Off! I just backed up ener.edr to ./#ener.edr.1#
starting mdrun 'Generated by trjconv : Generated by trjconv : Alanine in vacuum in water t= 4500.00000'
10000 steps,     20.0 ps.

Writing final coordinates.

Back Off! I just backed up confout.gro to ./#confout.gro.1#

               Core t (s)   Wall t (s)        (%)
       Time:        2.053        2.053      100.0
                 (ns/day)    (hour/ns)
Performance:      841.885        0.029

GROMACS reminds you: "What you do makes a difference, and you have to decide what kind of difference you want to make." (Jane Goodall)

    :-) GROMACS - gmx mdrun, 2023.2-EasyBuild_4.9.0_PLUMED_2.9.0.GMX2023 (-:

Executable:   /sw/arch/RHEL8/EB_production/2023/software/GROMACS/2023.2-foss-2023a-PLUMED-2.9.0.GMX2023/bin/gmx
Data prefix:  /sw/arch/RHEL8/EB_production/2023/software/GROMACS/2023.2-foss-2023a-PLUMED-2.9.0.GMX2023
Working dir:  /gpfs/home1/ekempkes/adipep_umbrella_grid_superfast/result_GRID20649832
Command line:
  gmx mdrun -s simulations_essentials/md.tpr -plumed Colvars/plumed_-2.244_-3.142.dat -nsteps 10000 -x Colvars/traj_-2.244_-3.142.xtc


Back Off! I just backed up md.log to ./#md.log.1#
Reading file simulations_essentials/md.tpr, VERSION 2022.5-plumed_2.9.3 (single precision)
Note: file tpx version 127, software tpx version 129

NOTE: Parallelization is limited by the small number of atoms,
      only starting 1 thread-MPI ranks.
      You can use the -nt and/or -ntmpi option to optimize the number of threads.

Overriding nsteps with value passed on the command line: 10000 steps, 20 ps

comm-mode angular will give incorrect results when the comm group partially crosses a periodic boundary
Using 1 MPI thread

Non-default thread affinity set, disabling internal thread affinity

Using 1 OpenMP thread 


Back Off! I just backed up traj.trr to ./#traj.trr.1#

Back Off! I just backed up ener.edr to ./#ener.edr.1#
starting mdrun 'Generated by trjconv : Generated by trjconv : Alanine in vacuum in water t= 4500.00000'
10000 steps,     20.0 ps.

Writing final coordinates.

Back Off! I just backed up confout.gro to ./#confout.gro.1#

               Core t (s)   Wall t (s)        (%)
       Time:        2.011        2.011      100.0
                 (ns/day)    (hour/ns)
Performance:      859.367        0.028

GROMACS reminds you: "We can make it into a friend class. But I don't like having friends." (Joe Jordan)

    :-) GROMACS - gmx mdrun, 2023.2-EasyBuild_4.9.0_PLUMED_2.9.0.GMX2023 (-:

Executable:   /sw/arch/RHEL8/EB_production/2023/software/GROMACS/2023.2-foss-2023a-PLUMED-2.9.0.GMX2023/bin/gmx
Data prefix:  /sw/arch/RHEL8/EB_production/2023/software/GROMACS/2023.2-foss-2023a-PLUMED-2.9.0.GMX2023
Working dir:  /gpfs/home1/ekempkes/adipep_umbrella_grid_superfast/result_GRID20649832
Command line:
  gmx mdrun -s simulations_essentials/md.tpr -plumed Colvars/plumed_-2.244_-2.244.dat -nsteps 10000 -x Colvars/traj_-2.244_-2.244.xtc


Back Off! I just backed up md.log to ./#md.log.1#
Reading file simulations_essentials/md.tpr, VERSION 2022.5-plumed_2.9.3 (single precision)
Note: file tpx version 127, software tpx version 129

NOTE: Parallelization is limited by the small number of atoms,
      only starting 1 thread-MPI ranks.
      You can use the -nt and/or -ntmpi option to optimize the number of threads.

Overriding nsteps with value passed on the command line: 10000 steps, 20 ps

comm-mode angular will give incorrect results when the comm group partially crosses a periodic boundary
Using 1 MPI thread

Non-default thread affinity set, disabling internal thread affinity

Using 1 OpenMP thread 


Back Off! I just backed up traj.trr to ./#traj.trr.1#

Back Off! I just backed up ener.edr to ./#ener.edr.1#
starting mdrun 'Generated by trjconv : Generated by trjconv : Alanine in vacuum in water t= 4500.00000'
10000 steps,     20.0 ps.

Writing final coordinates.

Back Off! I just backed up confout.gro to ./#confout.gro.1#

               Core t (s)   Wall t (s)        (%)
       Time:        2.085        2.085      100.0
                 (ns/day)    (hour/ns)
Performance:      828.950        0.029

GROMACS reminds you: "Same sex marriage is not a gay privilege, it's equal rights. Privilege would be something like gay people not paying taxes. Like churches don't." (Ricky Gervais)

    :-) GROMACS - gmx mdrun, 2023.2-EasyBuild_4.9.0_PLUMED_2.9.0.GMX2023 (-:

Executable:   /sw/arch/RHEL8/EB_production/2023/software/GROMACS/2023.2-foss-2023a-PLUMED-2.9.0.GMX2023/bin/gmx
Data prefix:  /sw/arch/RHEL8/EB_production/2023/software/GROMACS/2023.2-foss-2023a-PLUMED-2.9.0.GMX2023
Working dir:  /gpfs/home1/ekempkes/adipep_umbrella_grid_superfast/result_GRID20649832
Command line:
  gmx mdrun -s simulations_essentials/md.tpr -plumed Colvars/plumed_-2.244_-1.346.dat -nsteps 10000 -x Colvars/traj_-2.244_-1.346.xtc


Back Off! I just backed up md.log to ./#md.log.1#
Reading file simulations_essentials/md.tpr, VERSION 2022.5-plumed_2.9.3 (single precision)
Note: file tpx version 127, software tpx version 129

NOTE: Parallelization is limited by the small number of atoms,
      only starting 1 thread-MPI ranks.
      You can use the -nt and/or -ntmpi option to optimize the number of threads.

Overriding nsteps with value passed on the command line: 10000 steps, 20 ps

comm-mode angular will give incorrect results when the comm group partially crosses a periodic boundary
Using 1 MPI thread

Non-default thread affinity set, disabling internal thread affinity

Using 1 OpenMP thread 


Back Off! I just backed up traj.trr to ./#traj.trr.1#

Back Off! I just backed up ener.edr to ./#ener.edr.1#
starting mdrun 'Generated by trjconv : Generated by trjconv : Alanine in vacuum in water t= 4500.00000'
10000 steps,     20.0 ps.

Writing final coordinates.

Back Off! I just backed up confout.gro to ./#confout.gro.1#

               Core t (s)   Wall t (s)        (%)
       Time:        2.023        2.023      100.0
                 (ns/day)    (hour/ns)
Performance:      854.268        0.028

GROMACS reminds you: "Isn't this enough? Just this world? Just this beautiful, complex wonderfully unfathomable world? How does it so fail to hold our attention that we have to diminish it with the invention of cheap, man-made myths and monsters?" (Tim Minchin)

    :-) GROMACS - gmx mdrun, 2023.2-EasyBuild_4.9.0_PLUMED_2.9.0.GMX2023 (-:

Executable:   /sw/arch/RHEL8/EB_production/2023/software/GROMACS/2023.2-foss-2023a-PLUMED-2.9.0.GMX2023/bin/gmx
Data prefix:  /sw/arch/RHEL8/EB_production/2023/software/GROMACS/2023.2-foss-2023a-PLUMED-2.9.0.GMX2023
Working dir:  /gpfs/home1/ekempkes/adipep_umbrella_grid_superfast/result_GRID20649832
Command line:
  gmx mdrun -s simulations_essentials/md.tpr -plumed Colvars/plumed_-2.244_-0.449.dat -nsteps 10000 -x Colvars/traj_-2.244_-0.449.xtc


Back Off! I just backed up md.log to ./#md.log.1#
Reading file simulations_essentials/md.tpr, VERSION 2022.5-plumed_2.9.3 (single precision)
Note: file tpx version 127, software tpx version 129

NOTE: Parallelization is limited by the small number of atoms,
      only starting 1 thread-MPI ranks.
      You can use the -nt and/or -ntmpi option to optimize the number of threads.

Overriding nsteps with value passed on the command line: 10000 steps, 20 ps

comm-mode angular will give incorrect results when the comm group partially crosses a periodic boundary
Using 1 MPI thread

Non-default thread affinity set, disabling internal thread affinity

Using 1 OpenMP thread 


Back Off! I just backed up traj.trr to ./#traj.trr.1#

Back Off! I just backed up ener.edr to ./#ener.edr.1#
starting mdrun 'Generated by trjconv : Generated by trjconv : Alanine in vacuum in water t= 4500.00000'
10000 steps,     20.0 ps.

Writing final coordinates.

Back Off! I just backed up confout.gro to ./#confout.gro.1#

               Core t (s)   Wall t (s)        (%)
       Time:        2.092        2.092      100.0
                 (ns/day)    (hour/ns)
Performance:      825.993        0.029

GROMACS reminds you: "Problems worthy of attack prove their worth by hitting back." (Piet Hein)

    :-) GROMACS - gmx mdrun, 2023.2-EasyBuild_4.9.0_PLUMED_2.9.0.GMX2023 (-:

Executable:   /sw/arch/RHEL8/EB_production/2023/software/GROMACS/2023.2-foss-2023a-PLUMED-2.9.0.GMX2023/bin/gmx
Data prefix:  /sw/arch/RHEL8/EB_production/2023/software/GROMACS/2023.2-foss-2023a-PLUMED-2.9.0.GMX2023
Working dir:  /gpfs/home1/ekempkes/adipep_umbrella_grid_superfast/result_GRID20649832
Command line:
  gmx mdrun -s simulations_essentials/md.tpr -plumed Colvars/plumed_-2.244_0.449.dat -nsteps 10000 -x Colvars/traj_-2.244_0.449.xtc


Back Off! I just backed up md.log to ./#md.log.1#
Reading file simulations_essentials/md.tpr, VERSION 2022.5-plumed_2.9.3 (single precision)
Note: file tpx version 127, software tpx version 129

NOTE: Parallelization is limited by the small number of atoms,
      only starting 1 thread-MPI ranks.
      You can use the -nt and/or -ntmpi option to optimize the number of threads.

Overriding nsteps with value passed on the command line: 10000 steps, 20 ps

comm-mode angular will give incorrect results when the comm group partially crosses a periodic boundary
Using 1 MPI thread

Non-default thread affinity set, disabling internal thread affinity

Using 1 OpenMP thread 


Back Off! I just backed up traj.trr to ./#traj.trr.1#

Back Off! I just backed up ener.edr to ./#ener.edr.1#
starting mdrun 'Generated by trjconv : Generated by trjconv : Alanine in vacuum in water t= 4500.00000'
10000 steps,     20.0 ps.

Writing final coordinates.

Back Off! I just backed up confout.gro to ./#confout.gro.1#

               Core t (s)   Wall t (s)        (%)
       Time:        2.051        2.051      100.0
                 (ns/day)    (hour/ns)
Performance:      842.467        0.028

GROMACS reminds you: "The scientist is not a person who gives the right answers, he's one who asks the right questions." (Claude Levi-Strauss)

    :-) GROMACS - gmx mdrun, 2023.2-EasyBuild_4.9.0_PLUMED_2.9.0.GMX2023 (-:

Executable:   /sw/arch/RHEL8/EB_production/2023/software/GROMACS/2023.2-foss-2023a-PLUMED-2.9.0.GMX2023/bin/gmx
Data prefix:  /sw/arch/RHEL8/EB_production/2023/software/GROMACS/2023.2-foss-2023a-PLUMED-2.9.0.GMX2023
Working dir:  /gpfs/home1/ekempkes/adipep_umbrella_grid_superfast/result_GRID20649832
Command line:
  gmx mdrun -s simulations_essentials/md.tpr -plumed Colvars/plumed_-2.244_1.346.dat -nsteps 10000 -x Colvars/traj_-2.244_1.346.xtc


Back Off! I just backed up md.log to ./#md.log.1#
Reading file simulations_essentials/md.tpr, VERSION 2022.5-plumed_2.9.3 (single precision)
Note: file tpx version 127, software tpx version 129

NOTE: Parallelization is limited by the small number of atoms,
      only starting 1 thread-MPI ranks.
      You can use the -nt and/or -ntmpi option to optimize the number of threads.

Overriding nsteps with value passed on the command line: 10000 steps, 20 ps

comm-mode angular will give incorrect results when the comm group partially crosses a periodic boundary
Using 1 MPI thread

Non-default thread affinity set, disabling internal thread affinity

Using 1 OpenMP thread 


Back Off! I just backed up traj.trr to ./#traj.trr.1#

Back Off! I just backed up ener.edr to ./#ener.edr.1#
starting mdrun 'Generated by trjconv : Generated by trjconv : Alanine in vacuum in water t= 4500.00000'
10000 steps,     20.0 ps.

Writing final coordinates.

Back Off! I just backed up confout.gro to ./#confout.gro.1#

               Core t (s)   Wall t (s)        (%)
       Time:        2.032        2.032      100.0
                 (ns/day)    (hour/ns)
Performance:      850.277        0.028

GROMACS reminds you: "I Feel a Great Disturbance in the Force" (The Emperor Strikes Back)

    :-) GROMACS - gmx mdrun, 2023.2-EasyBuild_4.9.0_PLUMED_2.9.0.GMX2023 (-:

Executable:   /sw/arch/RHEL8/EB_production/2023/software/GROMACS/2023.2-foss-2023a-PLUMED-2.9.0.GMX2023/bin/gmx
Data prefix:  /sw/arch/RHEL8/EB_production/2023/software/GROMACS/2023.2-foss-2023a-PLUMED-2.9.0.GMX2023
Working dir:  /gpfs/home1/ekempkes/adipep_umbrella_grid_superfast/result_GRID20649832
Command line:
  gmx mdrun -s simulations_essentials/md.tpr -plumed Colvars/plumed_-2.244_2.244.dat -nsteps 10000 -x Colvars/traj_-2.244_2.244.xtc


Back Off! I just backed up md.log to ./#md.log.1#
Reading file simulations_essentials/md.tpr, VERSION 2022.5-plumed_2.9.3 (single precision)
Note: file tpx version 127, software tpx version 129

NOTE: Parallelization is limited by the small number of atoms,
      only starting 1 thread-MPI ranks.
      You can use the -nt and/or -ntmpi option to optimize the number of threads.

Overriding nsteps with value passed on the command line: 10000 steps, 20 ps

comm-mode angular will give incorrect results when the comm group partially crosses a periodic boundary
Using 1 MPI thread

Non-default thread affinity set, disabling internal thread affinity

Using 1 OpenMP thread 


Back Off! I just backed up traj.trr to ./#traj.trr.1#

Back Off! I just backed up ener.edr to ./#ener.edr.1#
starting mdrun 'Generated by trjconv : Generated by trjconv : Alanine in vacuum in water t= 4500.00000'
10000 steps,     20.0 ps.

Writing final coordinates.

Back Off! I just backed up confout.gro to ./#confout.gro.1#

               Core t (s)   Wall t (s)        (%)
       Time:        2.047        2.047      100.0
                 (ns/day)    (hour/ns)
Performance:      844.188        0.028

GROMACS reminds you: "Sie haben also recht gehabt, Sie Spitzbube. [You were right after all, you rascal.]" (Albert Einstein (letter to Wolfgang Pauli))

    :-) GROMACS - gmx mdrun, 2023.2-EasyBuild_4.9.0_PLUMED_2.9.0.GMX2023 (-:

Executable:   /sw/arch/RHEL8/EB_production/2023/software/GROMACS/2023.2-foss-2023a-PLUMED-2.9.0.GMX2023/bin/gmx
Data prefix:  /sw/arch/RHEL8/EB_production/2023/software/GROMACS/2023.2-foss-2023a-PLUMED-2.9.0.GMX2023
Working dir:  /gpfs/home1/ekempkes/adipep_umbrella_grid_superfast/result_GRID20649832
Command line:
  gmx mdrun -s simulations_essentials/md.tpr -plumed Colvars/plumed_-1.346_-3.142.dat -nsteps 10000 -x Colvars/traj_-1.346_-3.142.xtc


Back Off! I just backed up md.log to ./#md.log.1#
Reading file simulations_essentials/md.tpr, VERSION 2022.5-plumed_2.9.3 (single precision)
Note: file tpx version 127, software tpx version 129

NOTE: Parallelization is limited by the small number of atoms,
      only starting 1 thread-MPI ranks.
      You can use the -nt and/or -ntmpi option to optimize the number of threads.

Overriding nsteps with value passed on the command line: 10000 steps, 20 ps

comm-mode angular will give incorrect results when the comm group partially crosses a periodic boundary
Using 1 MPI thread

Non-default thread affinity set, disabling internal thread affinity

Using 1 OpenMP thread 


Back Off! I just backed up traj.trr to ./#traj.trr.1#

Back Off! I just backed up ener.edr to ./#ener.edr.1#
starting mdrun 'Generated by trjconv : Generated by trjconv : Alanine in vacuum in water t= 4500.00000'
10000 steps,     20.0 ps.

Writing final coordinates.

Back Off! I just backed up confout.gro to ./#confout.gro.1#

               Core t (s)   Wall t (s)        (%)
       Time:        2.041        2.041      100.0
                 (ns/day)    (hour/ns)
Performance:      846.693        0.028

GROMACS reminds you: "It Just Tastes Better" (Burger King)

    :-) GROMACS - gmx mdrun, 2023.2-EasyBuild_4.9.0_PLUMED_2.9.0.GMX2023 (-:

Executable:   /sw/arch/RHEL8/EB_production/2023/software/GROMACS/2023.2-foss-2023a-PLUMED-2.9.0.GMX2023/bin/gmx
Data prefix:  /sw/arch/RHEL8/EB_production/2023/software/GROMACS/2023.2-foss-2023a-PLUMED-2.9.0.GMX2023
Working dir:  /gpfs/home1/ekempkes/adipep_umbrella_grid_superfast/result_GRID20649832
Command line:
  gmx mdrun -s simulations_essentials/md.tpr -plumed Colvars/plumed_-1.346_-2.244.dat -nsteps 10000 -x Colvars/traj_-1.346_-2.244.xtc


Back Off! I just backed up md.log to ./#md.log.1#
Reading file simulations_essentials/md.tpr, VERSION 2022.5-plumed_2.9.3 (single precision)
Note: file tpx version 127, software tpx version 129

NOTE: Parallelization is limited by the small number of atoms,
      only starting 1 thread-MPI ranks.
      You can use the -nt and/or -ntmpi option to optimize the number of threads.

Overriding nsteps with value passed on the command line: 10000 steps, 20 ps

comm-mode angular will give incorrect results when the comm group partially crosses a periodic boundary
Using 1 MPI thread

Non-default thread affinity set, disabling internal thread affinity

Using 1 OpenMP thread 


Back Off! I just backed up traj.trr to ./#traj.trr.1#

Back Off! I just backed up ener.edr to ./#ener.edr.1#
starting mdrun 'Generated by trjconv : Generated by trjconv : Alanine in vacuum in water t= 4500.00000'
10000 steps,     20.0 ps.

Writing final coordinates.

Back Off! I just backed up confout.gro to ./#confout.gro.1#

               Core t (s)   Wall t (s)        (%)
       Time:        2.021        2.021      100.0
                 (ns/day)    (hour/ns)
Performance:      855.250        0.028

GROMACS reminds you: "Science is the great antidote to the poison of enthusiasm and superstition." (Adam Smith, Wealth of Nations, 1776)

    :-) GROMACS - gmx mdrun, 2023.2-EasyBuild_4.9.0_PLUMED_2.9.0.GMX2023 (-:

Executable:   /sw/arch/RHEL8/EB_production/2023/software/GROMACS/2023.2-foss-2023a-PLUMED-2.9.0.GMX2023/bin/gmx
Data prefix:  /sw/arch/RHEL8/EB_production/2023/software/GROMACS/2023.2-foss-2023a-PLUMED-2.9.0.GMX2023
Working dir:  /gpfs/home1/ekempkes/adipep_umbrella_grid_superfast/result_GRID20649832
Command line:
  gmx mdrun -s simulations_essentials/md.tpr -plumed Colvars/plumed_-1.346_-1.346.dat -nsteps 10000 -x Colvars/traj_-1.346_-1.346.xtc


Back Off! I just backed up md.log to ./#md.log.1#
Reading file simulations_essentials/md.tpr, VERSION 2022.5-plumed_2.9.3 (single precision)
Note: file tpx version 127, software tpx version 129

NOTE: Parallelization is limited by the small number of atoms,
      only starting 1 thread-MPI ranks.
      You can use the -nt and/or -ntmpi option to optimize the number of threads.

Overriding nsteps with value passed on the command line: 10000 steps, 20 ps

comm-mode angular will give incorrect results when the comm group partially crosses a periodic boundary
Using 1 MPI thread

Non-default thread affinity set, disabling internal thread affinity

Using 1 OpenMP thread 


Back Off! I just backed up traj.trr to ./#traj.trr.1#

Back Off! I just backed up ener.edr to ./#ener.edr.1#
starting mdrun 'Generated by trjconv : Generated by trjconv : Alanine in vacuum in water t= 4500.00000'
10000 steps,     20.0 ps.

Writing final coordinates.

Back Off! I just backed up confout.gro to ./#confout.gro.1#

               Core t (s)   Wall t (s)        (%)
       Time:        2.025        2.025      100.0
                 (ns/day)    (hour/ns)
Performance:      853.548        0.028

GROMACS reminds you: "We all understand the twinge of discomfort at the thought that we share a common ancestor with the apes. No one can embarrass you like a relative." (Neal DeGrasse Tyson)

    :-) GROMACS - gmx mdrun, 2023.2-EasyBuild_4.9.0_PLUMED_2.9.0.GMX2023 (-:

Executable:   /sw/arch/RHEL8/EB_production/2023/software/GROMACS/2023.2-foss-2023a-PLUMED-2.9.0.GMX2023/bin/gmx
Data prefix:  /sw/arch/RHEL8/EB_production/2023/software/GROMACS/2023.2-foss-2023a-PLUMED-2.9.0.GMX2023
Working dir:  /gpfs/home1/ekempkes/adipep_umbrella_grid_superfast/result_GRID20649832
Command line:
  gmx mdrun -s simulations_essentials/md.tpr -plumed Colvars/plumed_-1.346_-0.449.dat -nsteps 10000 -x Colvars/traj_-1.346_-0.449.xtc


Back Off! I just backed up md.log to ./#md.log.1#
Reading file simulations_essentials/md.tpr, VERSION 2022.5-plumed_2.9.3 (single precision)
Note: file tpx version 127, software tpx version 129

NOTE: Parallelization is limited by the small number of atoms,
      only starting 1 thread-MPI ranks.
      You can use the -nt and/or -ntmpi option to optimize the number of threads.

Overriding nsteps with value passed on the command line: 10000 steps, 20 ps

comm-mode angular will give incorrect results when the comm group partially crosses a periodic boundary
Using 1 MPI thread

Non-default thread affinity set, disabling internal thread affinity

Using 1 OpenMP thread 


Back Off! I just backed up traj.trr to ./#traj.trr.1#

Back Off! I just backed up ener.edr to ./#ener.edr.1#
starting mdrun 'Generated by trjconv : Generated by trjconv : Alanine in vacuum in water t= 4500.00000'
10000 steps,     20.0 ps.

Writing final coordinates.

Back Off! I just backed up confout.gro to ./#confout.gro.1#

               Core t (s)   Wall t (s)        (%)
       Time:        2.027        2.027      100.0
                 (ns/day)    (hour/ns)
Performance:      852.435        0.028

GROMACS reminds you: "There are only two kinds of programming languages: those people always bitch about and those nobody uses." (Bjarne Stroustrup)

    :-) GROMACS - gmx mdrun, 2023.2-EasyBuild_4.9.0_PLUMED_2.9.0.GMX2023 (-:

Executable:   /sw/arch/RHEL8/EB_production/2023/software/GROMACS/2023.2-foss-2023a-PLUMED-2.9.0.GMX2023/bin/gmx
Data prefix:  /sw/arch/RHEL8/EB_production/2023/software/GROMACS/2023.2-foss-2023a-PLUMED-2.9.0.GMX2023
Working dir:  /gpfs/home1/ekempkes/adipep_umbrella_grid_superfast/result_GRID20649832
Command line:
  gmx mdrun -s simulations_essentials/md.tpr -plumed Colvars/plumed_-1.346_0.449.dat -nsteps 10000 -x Colvars/traj_-1.346_0.449.xtc


Back Off! I just backed up md.log to ./#md.log.1#
Reading file simulations_essentials/md.tpr, VERSION 2022.5-plumed_2.9.3 (single precision)
Note: file tpx version 127, software tpx version 129

NOTE: Parallelization is limited by the small number of atoms,
      only starting 1 thread-MPI ranks.
      You can use the -nt and/or -ntmpi option to optimize the number of threads.

Overriding nsteps with value passed on the command line: 10000 steps, 20 ps

comm-mode angular will give incorrect results when the comm group partially crosses a periodic boundary
Using 1 MPI thread

Non-default thread affinity set, disabling internal thread affinity

Using 1 OpenMP thread 


Back Off! I just backed up traj.trr to ./#traj.trr.1#

Back Off! I just backed up ener.edr to ./#ener.edr.1#
starting mdrun 'Generated by trjconv : Generated by trjconv : Alanine in vacuum in water t= 4500.00000'
10000 steps,     20.0 ps.

Writing final coordinates.

Back Off! I just backed up confout.gro to ./#confout.gro.1#

               Core t (s)   Wall t (s)        (%)
       Time:        2.043        2.044      100.0
                 (ns/day)    (hour/ns)
Performance:      845.657        0.028

GROMACS reminds you: "The message here is that Thermodynamic Integration sucks." (Berk Hess)

    :-) GROMACS - gmx mdrun, 2023.2-EasyBuild_4.9.0_PLUMED_2.9.0.GMX2023 (-:

Executable:   /sw/arch/RHEL8/EB_production/2023/software/GROMACS/2023.2-foss-2023a-PLUMED-2.9.0.GMX2023/bin/gmx
Data prefix:  /sw/arch/RHEL8/EB_production/2023/software/GROMACS/2023.2-foss-2023a-PLUMED-2.9.0.GMX2023
Working dir:  /gpfs/home1/ekempkes/adipep_umbrella_grid_superfast/result_GRID20649832
Command line:
  gmx mdrun -s simulations_essentials/md.tpr -plumed Colvars/plumed_-1.346_1.346.dat -nsteps 10000 -x Colvars/traj_-1.346_1.346.xtc


Back Off! I just backed up md.log to ./#md.log.1#
Reading file simulations_essentials/md.tpr, VERSION 2022.5-plumed_2.9.3 (single precision)
Note: file tpx version 127, software tpx version 129

NOTE: Parallelization is limited by the small number of atoms,
      only starting 1 thread-MPI ranks.
      You can use the -nt and/or -ntmpi option to optimize the number of threads.

Overriding nsteps with value passed on the command line: 10000 steps, 20 ps

comm-mode angular will give incorrect results when the comm group partially crosses a periodic boundary
Using 1 MPI thread

Non-default thread affinity set, disabling internal thread affinity

Using 1 OpenMP thread 


Back Off! I just backed up traj.trr to ./#traj.trr.1#

Back Off! I just backed up ener.edr to ./#ener.edr.1#
starting mdrun 'Generated by trjconv : Generated by trjconv : Alanine in vacuum in water t= 4500.00000'
10000 steps,     20.0 ps.

Writing final coordinates.

Back Off! I just backed up confout.gro to ./#confout.gro.1#

               Core t (s)   Wall t (s)        (%)
       Time:        2.029        2.029      100.0
                 (ns/day)    (hour/ns)
Performance:      851.901        0.028

GROMACS reminds you: "What if you're wrong about the great Ju Ju at the bottom of the sea?" (Richard Dawkins)

    :-) GROMACS - gmx mdrun, 2023.2-EasyBuild_4.9.0_PLUMED_2.9.0.GMX2023 (-:

Executable:   /sw/arch/RHEL8/EB_production/2023/software/GROMACS/2023.2-foss-2023a-PLUMED-2.9.0.GMX2023/bin/gmx
Data prefix:  /sw/arch/RHEL8/EB_production/2023/software/GROMACS/2023.2-foss-2023a-PLUMED-2.9.0.GMX2023
Working dir:  /gpfs/home1/ekempkes/adipep_umbrella_grid_superfast/result_GRID20649832
Command line:
  gmx mdrun -s simulations_essentials/md.tpr -plumed Colvars/plumed_-1.346_2.244.dat -nsteps 10000 -x Colvars/traj_-1.346_2.244.xtc


Back Off! I just backed up md.log to ./#md.log.1#
Reading file simulations_essentials/md.tpr, VERSION 2022.5-plumed_2.9.3 (single precision)
Note: file tpx version 127, software tpx version 129

NOTE: Parallelization is limited by the small number of atoms,
      only starting 1 thread-MPI ranks.
      You can use the -nt and/or -ntmpi option to optimize the number of threads.

Overriding nsteps with value passed on the command line: 10000 steps, 20 ps

comm-mode angular will give incorrect results when the comm group partially crosses a periodic boundary
Using 1 MPI thread

Non-default thread affinity set, disabling internal thread affinity

Using 1 OpenMP thread 


Back Off! I just backed up traj.trr to ./#traj.trr.1#

Back Off! I just backed up ener.edr to ./#ener.edr.1#
starting mdrun 'Generated by trjconv : Generated by trjconv : Alanine in vacuum in water t= 4500.00000'
10000 steps,     20.0 ps.

Writing final coordinates.

Back Off! I just backed up confout.gro to ./#confout.gro.1#

               Core t (s)   Wall t (s)        (%)
       Time:        2.104        2.104      100.0
                 (ns/day)    (hour/ns)
Performance:      821.238        0.029

GROMACS reminds you: "When I asked a younger colleague at the university how he had been able to change his research field several times within a decade or so, he answered: "It's just a question of new software"" (Paul Verhaeghe)

    :-) GROMACS - gmx mdrun, 2023.2-EasyBuild_4.9.0_PLUMED_2.9.0.GMX2023 (-:

Executable:   /sw/arch/RHEL8/EB_production/2023/software/GROMACS/2023.2-foss-2023a-PLUMED-2.9.0.GMX2023/bin/gmx
Data prefix:  /sw/arch/RHEL8/EB_production/2023/software/GROMACS/2023.2-foss-2023a-PLUMED-2.9.0.GMX2023
Working dir:  /gpfs/home1/ekempkes/adipep_umbrella_grid_superfast/result_GRID20649832
Command line:
  gmx mdrun -s simulations_essentials/md.tpr -plumed Colvars/plumed_-0.449_-3.142.dat -nsteps 10000 -x Colvars/traj_-0.449_-3.142.xtc


Back Off! I just backed up md.log to ./#md.log.1#
Reading file simulations_essentials/md.tpr, VERSION 2022.5-plumed_2.9.3 (single precision)
Note: file tpx version 127, software tpx version 129

NOTE: Parallelization is limited by the small number of atoms,
      only starting 1 thread-MPI ranks.
      You can use the -nt and/or -ntmpi option to optimize the number of threads.

Overriding nsteps with value passed on the command line: 10000 steps, 20 ps

comm-mode angular will give incorrect results when the comm group partially crosses a periodic boundary
Using 1 MPI thread

Non-default thread affinity set, disabling internal thread affinity

Using 1 OpenMP thread 


Back Off! I just backed up traj.trr to ./#traj.trr.1#

Back Off! I just backed up ener.edr to ./#ener.edr.1#
starting mdrun 'Generated by trjconv : Generated by trjconv : Alanine in vacuum in water t= 4500.00000'
10000 steps,     20.0 ps.

Writing final coordinates.

Back Off! I just backed up confout.gro to ./#confout.gro.1#

               Core t (s)   Wall t (s)        (%)
       Time:        2.039        2.039      100.0
                 (ns/day)    (hour/ns)
Performance:      847.417        0.028

GROMACS reminds you: "Check Your Input" (D. Van Der Spoel)

    :-) GROMACS - gmx mdrun, 2023.2-EasyBuild_4.9.0_PLUMED_2.9.0.GMX2023 (-:

Executable:   /sw/arch/RHEL8/EB_production/2023/software/GROMACS/2023.2-foss-2023a-PLUMED-2.9.0.GMX2023/bin/gmx
Data prefix:  /sw/arch/RHEL8/EB_production/2023/software/GROMACS/2023.2-foss-2023a-PLUMED-2.9.0.GMX2023
Working dir:  /gpfs/home1/ekempkes/adipep_umbrella_grid_superfast/result_GRID20649832
Command line:
  gmx mdrun -s simulations_essentials/md.tpr -plumed Colvars/plumed_-0.449_-2.244.dat -nsteps 10000 -x Colvars/traj_-0.449_-2.244.xtc


Back Off! I just backed up md.log to ./#md.log.1#
Reading file simulations_essentials/md.tpr, VERSION 2022.5-plumed_2.9.3 (single precision)
Note: file tpx version 127, software tpx version 129

NOTE: Parallelization is limited by the small number of atoms,
      only starting 1 thread-MPI ranks.
      You can use the -nt and/or -ntmpi option to optimize the number of threads.

Overriding nsteps with value passed on the command line: 10000 steps, 20 ps

comm-mode angular will give incorrect results when the comm group partially crosses a periodic boundary
Using 1 MPI thread

Non-default thread affinity set, disabling internal thread affinity

Using 1 OpenMP thread 


Back Off! I just backed up traj.trr to ./#traj.trr.1#

Back Off! I just backed up ener.edr to ./#ener.edr.1#
starting mdrun 'Generated by trjconv : Generated by trjconv : Alanine in vacuum in water t= 4500.00000'
10000 steps,     20.0 ps.

Writing final coordinates.

Back Off! I just backed up confout.gro to ./#confout.gro.1#

               Core t (s)   Wall t (s)        (%)
       Time:        2.056        2.056      100.0
                 (ns/day)    (hour/ns)
Performance:      840.497        0.029

GROMACS reminds you: "The future still looks good, and you've got time to rectify all the things that you should" (G. Harrison)

    :-) GROMACS - gmx mdrun, 2023.2-EasyBuild_4.9.0_PLUMED_2.9.0.GMX2023 (-:

Executable:   /sw/arch/RHEL8/EB_production/2023/software/GROMACS/2023.2-foss-2023a-PLUMED-2.9.0.GMX2023/bin/gmx
Data prefix:  /sw/arch/RHEL8/EB_production/2023/software/GROMACS/2023.2-foss-2023a-PLUMED-2.9.0.GMX2023
Working dir:  /gpfs/home1/ekempkes/adipep_umbrella_grid_superfast/result_GRID20649832
Command line:
  gmx mdrun -s simulations_essentials/md.tpr -plumed Colvars/plumed_-0.449_-1.346.dat -nsteps 10000 -x Colvars/traj_-0.449_-1.346.xtc


Back Off! I just backed up md.log to ./#md.log.1#
Reading file simulations_essentials/md.tpr, VERSION 2022.5-plumed_2.9.3 (single precision)
Note: file tpx version 127, software tpx version 129

NOTE: Parallelization is limited by the small number of atoms,
      only starting 1 thread-MPI ranks.
      You can use the -nt and/or -ntmpi option to optimize the number of threads.

Overriding nsteps with value passed on the command line: 10000 steps, 20 ps

comm-mode angular will give incorrect results when the comm group partially crosses a periodic boundary
Using 1 MPI thread

Non-default thread affinity set, disabling internal thread affinity

Using 1 OpenMP thread 


Back Off! I just backed up traj.trr to ./#traj.trr.1#

Back Off! I just backed up ener.edr to ./#ener.edr.1#
starting mdrun 'Generated by trjconv : Generated by trjconv : Alanine in vacuum in water t= 4500.00000'
10000 steps,     20.0 ps.

Writing final coordinates.

Back Off! I just backed up confout.gro to ./#confout.gro.1#

               Core t (s)   Wall t (s)        (%)
       Time:        2.042        2.042      100.0
                 (ns/day)    (hour/ns)
Performance:      846.107        0.028

GROMACS reminds you: "This Doesn't Suck, It's a Black Hole !" (K.A. Feenstra)

    :-) GROMACS - gmx mdrun, 2023.2-EasyBuild_4.9.0_PLUMED_2.9.0.GMX2023 (-:

Executable:   /sw/arch/RHEL8/EB_production/2023/software/GROMACS/2023.2-foss-2023a-PLUMED-2.9.0.GMX2023/bin/gmx
Data prefix:  /sw/arch/RHEL8/EB_production/2023/software/GROMACS/2023.2-foss-2023a-PLUMED-2.9.0.GMX2023
Working dir:  /gpfs/home1/ekempkes/adipep_umbrella_grid_superfast/result_GRID20649832
Command line:
  gmx mdrun -s simulations_essentials/md.tpr -plumed Colvars/plumed_-0.449_-0.449.dat -nsteps 10000 -x Colvars/traj_-0.449_-0.449.xtc


Back Off! I just backed up md.log to ./#md.log.1#
Reading file simulations_essentials/md.tpr, VERSION 2022.5-plumed_2.9.3 (single precision)
Note: file tpx version 127, software tpx version 129

NOTE: Parallelization is limited by the small number of atoms,
      only starting 1 thread-MPI ranks.
      You can use the -nt and/or -ntmpi option to optimize the number of threads.

Overriding nsteps with value passed on the command line: 10000 steps, 20 ps

comm-mode angular will give incorrect results when the comm group partially crosses a periodic boundary
Using 1 MPI thread

Non-default thread affinity set, disabling internal thread affinity

Using 1 OpenMP thread 


Back Off! I just backed up traj.trr to ./#traj.trr.1#

Back Off! I just backed up ener.edr to ./#ener.edr.1#
starting mdrun 'Generated by trjconv : Generated by trjconv : Alanine in vacuum in water t= 4500.00000'
10000 steps,     20.0 ps.

Writing final coordinates.

Back Off! I just backed up confout.gro to ./#confout.gro.1#

               Core t (s)   Wall t (s)        (%)
       Time:        2.034        2.034      100.0
                 (ns/day)    (hour/ns)
Performance:      849.703        0.028

GROMACS reminds you: "You Fill Me With Inertia" (The Long Blondes)

    :-) GROMACS - gmx mdrun, 2023.2-EasyBuild_4.9.0_PLUMED_2.9.0.GMX2023 (-:

Executable:   /sw/arch/RHEL8/EB_production/2023/software/GROMACS/2023.2-foss-2023a-PLUMED-2.9.0.GMX2023/bin/gmx
Data prefix:  /sw/arch/RHEL8/EB_production/2023/software/GROMACS/2023.2-foss-2023a-PLUMED-2.9.0.GMX2023
Working dir:  /gpfs/home1/ekempkes/adipep_umbrella_grid_superfast/result_GRID20649832
Command line:
  gmx mdrun -s simulations_essentials/md.tpr -plumed Colvars/plumed_-0.449_0.449.dat -nsteps 10000 -x Colvars/traj_-0.449_0.449.xtc


Back Off! I just backed up md.log to ./#md.log.1#
Reading file simulations_essentials/md.tpr, VERSION 2022.5-plumed_2.9.3 (single precision)
Note: file tpx version 127, software tpx version 129

NOTE: Parallelization is limited by the small number of atoms,
      only starting 1 thread-MPI ranks.
      You can use the -nt and/or -ntmpi option to optimize the number of threads.

Overriding nsteps with value passed on the command line: 10000 steps, 20 ps

comm-mode angular will give incorrect results when the comm group partially crosses a periodic boundary
Using 1 MPI thread

Non-default thread affinity set, disabling internal thread affinity

Using 1 OpenMP thread 


Back Off! I just backed up traj.trr to ./#traj.trr.1#

Back Off! I just backed up ener.edr to ./#ener.edr.1#
starting mdrun 'Generated by trjconv : Generated by trjconv : Alanine in vacuum in water t= 4500.00000'
10000 steps,     20.0 ps.

Writing final coordinates.

Back Off! I just backed up confout.gro to ./#confout.gro.1#

               Core t (s)   Wall t (s)        (%)
       Time:        2.058        2.059      100.0
                 (ns/day)    (hour/ns)
Performance:      839.500        0.029

GROMACS reminds you: "Roses are read // Violets are blue // Unexpected '}' on line 32" (Anonymous)

    :-) GROMACS - gmx mdrun, 2023.2-EasyBuild_4.9.0_PLUMED_2.9.0.GMX2023 (-:

Executable:   /sw/arch/RHEL8/EB_production/2023/software/GROMACS/2023.2-foss-2023a-PLUMED-2.9.0.GMX2023/bin/gmx
Data prefix:  /sw/arch/RHEL8/EB_production/2023/software/GROMACS/2023.2-foss-2023a-PLUMED-2.9.0.GMX2023
Working dir:  /gpfs/home1/ekempkes/adipep_umbrella_grid_superfast/result_GRID20649832
Command line:
  gmx mdrun -s simulations_essentials/md.tpr -plumed Colvars/plumed_-0.449_1.346.dat -nsteps 10000 -x Colvars/traj_-0.449_1.346.xtc


Back Off! I just backed up md.log to ./#md.log.1#
Reading file simulations_essentials/md.tpr, VERSION 2022.5-plumed_2.9.3 (single precision)
Note: file tpx version 127, software tpx version 129

NOTE: Parallelization is limited by the small number of atoms,
      only starting 1 thread-MPI ranks.
      You can use the -nt and/or -ntmpi option to optimize the number of threads.

Overriding nsteps with value passed on the command line: 10000 steps, 20 ps

comm-mode angular will give incorrect results when the comm group partially crosses a periodic boundary
Using 1 MPI thread

Non-default thread affinity set, disabling internal thread affinity

Using 1 OpenMP thread 


Back Off! I just backed up traj.trr to ./#traj.trr.1#

Back Off! I just backed up ener.edr to ./#ener.edr.1#
starting mdrun 'Generated by trjconv : Generated by trjconv : Alanine in vacuum in water t= 4500.00000'
10000 steps,     20.0 ps.

Writing final coordinates.

Back Off! I just backed up confout.gro to ./#confout.gro.1#

               Core t (s)   Wall t (s)        (%)
       Time:        2.008        2.008      100.0
                 (ns/day)    (hour/ns)
Performance:      860.560        0.028

GROMACS reminds you: "Science Won't Change You" (The Talking Heads)

    :-) GROMACS - gmx mdrun, 2023.2-EasyBuild_4.9.0_PLUMED_2.9.0.GMX2023 (-:

Executable:   /sw/arch/RHEL8/EB_production/2023/software/GROMACS/2023.2-foss-2023a-PLUMED-2.9.0.GMX2023/bin/gmx
Data prefix:  /sw/arch/RHEL8/EB_production/2023/software/GROMACS/2023.2-foss-2023a-PLUMED-2.9.0.GMX2023
Working dir:  /gpfs/home1/ekempkes/adipep_umbrella_grid_superfast/result_GRID20649832
Command line:
  gmx mdrun -s simulations_essentials/md.tpr -plumed Colvars/plumed_-0.449_2.244.dat -nsteps 10000 -x Colvars/traj_-0.449_2.244.xtc


Back Off! I just backed up md.log to ./#md.log.1#
Reading file simulations_essentials/md.tpr, VERSION 2022.5-plumed_2.9.3 (single precision)
Note: file tpx version 127, software tpx version 129

NOTE: Parallelization is limited by the small number of atoms,
      only starting 1 thread-MPI ranks.
      You can use the -nt and/or -ntmpi option to optimize the number of threads.

Overriding nsteps with value passed on the command line: 10000 steps, 20 ps

comm-mode angular will give incorrect results when the comm group partially crosses a periodic boundary
Using 1 MPI thread

Non-default thread affinity set, disabling internal thread affinity

Using 1 OpenMP thread 


Back Off! I just backed up traj.trr to ./#traj.trr.1#

Back Off! I just backed up ener.edr to ./#ener.edr.1#
starting mdrun 'Generated by trjconv : Generated by trjconv : Alanine in vacuum in water t= 4500.00000'
10000 steps,     20.0 ps.

Writing final coordinates.

Back Off! I just backed up confout.gro to ./#confout.gro.1#

               Core t (s)   Wall t (s)        (%)
       Time:        2.039        2.039      100.0
                 (ns/day)    (hour/ns)
Performance:      847.575        0.028

GROMACS reminds you: "Out Of Register Space (Ugh)" (Vi)

    :-) GROMACS - gmx mdrun, 2023.2-EasyBuild_4.9.0_PLUMED_2.9.0.GMX2023 (-:

Executable:   /sw/arch/RHEL8/EB_production/2023/software/GROMACS/2023.2-foss-2023a-PLUMED-2.9.0.GMX2023/bin/gmx
Data prefix:  /sw/arch/RHEL8/EB_production/2023/software/GROMACS/2023.2-foss-2023a-PLUMED-2.9.0.GMX2023
Working dir:  /gpfs/home1/ekempkes/adipep_umbrella_grid_superfast/result_GRID20649832
Command line:
  gmx mdrun -s simulations_essentials/md.tpr -plumed Colvars/plumed_0.449_-3.142.dat -nsteps 10000 -x Colvars/traj_0.449_-3.142.xtc


Back Off! I just backed up md.log to ./#md.log.1#
Reading file simulations_essentials/md.tpr, VERSION 2022.5-plumed_2.9.3 (single precision)
Note: file tpx version 127, software tpx version 129

NOTE: Parallelization is limited by the small number of atoms,
      only starting 1 thread-MPI ranks.
      You can use the -nt and/or -ntmpi option to optimize the number of threads.

Overriding nsteps with value passed on the command line: 10000 steps, 20 ps

comm-mode angular will give incorrect results when the comm group partially crosses a periodic boundary
Using 1 MPI thread

Non-default thread affinity set, disabling internal thread affinity

Using 1 OpenMP thread 


Back Off! I just backed up traj.trr to ./#traj.trr.1#

Back Off! I just backed up ener.edr to ./#ener.edr.1#
starting mdrun 'Generated by trjconv : Generated by trjconv : Alanine in vacuum in water t= 4500.00000'
10000 steps,     20.0 ps.

Writing final coordinates.

Back Off! I just backed up confout.gro to ./#confout.gro.1#

               Core t (s)   Wall t (s)        (%)
       Time:        2.095        2.095      100.0
                 (ns/day)    (hour/ns)
Performance:      825.041        0.029

GROMACS reminds you: "Sincerity is the key to success. Once you can fake that you've got it made." (Groucho Marx)

    :-) GROMACS - gmx mdrun, 2023.2-EasyBuild_4.9.0_PLUMED_2.9.0.GMX2023 (-:

Executable:   /sw/arch/RHEL8/EB_production/2023/software/GROMACS/2023.2-foss-2023a-PLUMED-2.9.0.GMX2023/bin/gmx
Data prefix:  /sw/arch/RHEL8/EB_production/2023/software/GROMACS/2023.2-foss-2023a-PLUMED-2.9.0.GMX2023
Working dir:  /gpfs/home1/ekempkes/adipep_umbrella_grid_superfast/result_GRID20649832
Command line:
  gmx mdrun -s simulations_essentials/md.tpr -plumed Colvars/plumed_0.449_-2.244.dat -nsteps 10000 -x Colvars/traj_0.449_-2.244.xtc


Back Off! I just backed up md.log to ./#md.log.1#
Reading file simulations_essentials/md.tpr, VERSION 2022.5-plumed_2.9.3 (single precision)
Note: file tpx version 127, software tpx version 129

NOTE: Parallelization is limited by the small number of atoms,
      only starting 1 thread-MPI ranks.
      You can use the -nt and/or -ntmpi option to optimize the number of threads.

Overriding nsteps with value passed on the command line: 10000 steps, 20 ps

comm-mode angular will give incorrect results when the comm group partially crosses a periodic boundary
Using 1 MPI thread

Non-default thread affinity set, disabling internal thread affinity

Using 1 OpenMP thread 


Back Off! I just backed up traj.trr to ./#traj.trr.1#

Back Off! I just backed up ener.edr to ./#ener.edr.1#
starting mdrun 'Generated by trjconv : Generated by trjconv : Alanine in vacuum in water t= 4500.00000'
10000 steps,     20.0 ps.

Writing final coordinates.

Back Off! I just backed up confout.gro to ./#confout.gro.1#

               Core t (s)   Wall t (s)        (%)
       Time:        2.048        2.048      100.0
                 (ns/day)    (hour/ns)
Performance:      843.858        0.028

GROMACS reminds you: "Home computers are being called upon to perform many new functions, including the consumption of homework formerly eaten by the dog." (Doug Larson)

    :-) GROMACS - gmx mdrun, 2023.2-EasyBuild_4.9.0_PLUMED_2.9.0.GMX2023 (-:

Executable:   /sw/arch/RHEL8/EB_production/2023/software/GROMACS/2023.2-foss-2023a-PLUMED-2.9.0.GMX2023/bin/gmx
Data prefix:  /sw/arch/RHEL8/EB_production/2023/software/GROMACS/2023.2-foss-2023a-PLUMED-2.9.0.GMX2023
Working dir:  /gpfs/home1/ekempkes/adipep_umbrella_grid_superfast/result_GRID20649832
Command line:
  gmx mdrun -s simulations_essentials/md.tpr -plumed Colvars/plumed_0.449_-1.346.dat -nsteps 10000 -x Colvars/traj_0.449_-1.346.xtc


Back Off! I just backed up md.log to ./#md.log.1#
Reading file simulations_essentials/md.tpr, VERSION 2022.5-plumed_2.9.3 (single precision)
Note: file tpx version 127, software tpx version 129

NOTE: Parallelization is limited by the small number of atoms,
      only starting 1 thread-MPI ranks.
      You can use the -nt and/or -ntmpi option to optimize the number of threads.

Overriding nsteps with value passed on the command line: 10000 steps, 20 ps

comm-mode angular will give incorrect results when the comm group partially crosses a periodic boundary
Using 1 MPI thread

Non-default thread affinity set, disabling internal thread affinity

Using 1 OpenMP thread 


Back Off! I just backed up traj.trr to ./#traj.trr.1#

Back Off! I just backed up ener.edr to ./#ener.edr.1#
starting mdrun 'Generated by trjconv : Generated by trjconv : Alanine in vacuum in water t= 4500.00000'
10000 steps,     20.0 ps.

Writing final coordinates.

Back Off! I just backed up confout.gro to ./#confout.gro.1#

               Core t (s)   Wall t (s)        (%)
       Time:        2.061        2.061      100.0
                 (ns/day)    (hour/ns)
Performance:      838.590        0.029

GROMACS reminds you: "It's just B I O L O G Y, can't you see?" (Joe Jackson)

    :-) GROMACS - gmx mdrun, 2023.2-EasyBuild_4.9.0_PLUMED_2.9.0.GMX2023 (-:

Executable:   /sw/arch/RHEL8/EB_production/2023/software/GROMACS/2023.2-foss-2023a-PLUMED-2.9.0.GMX2023/bin/gmx
Data prefix:  /sw/arch/RHEL8/EB_production/2023/software/GROMACS/2023.2-foss-2023a-PLUMED-2.9.0.GMX2023
Working dir:  /gpfs/home1/ekempkes/adipep_umbrella_grid_superfast/result_GRID20649832
Command line:
  gmx mdrun -s simulations_essentials/md.tpr -plumed Colvars/plumed_0.449_-0.449.dat -nsteps 10000 -x Colvars/traj_0.449_-0.449.xtc


Back Off! I just backed up md.log to ./#md.log.1#
Reading file simulations_essentials/md.tpr, VERSION 2022.5-plumed_2.9.3 (single precision)
Note: file tpx version 127, software tpx version 129

NOTE: Parallelization is limited by the small number of atoms,
      only starting 1 thread-MPI ranks.
      You can use the -nt and/or -ntmpi option to optimize the number of threads.

Overriding nsteps with value passed on the command line: 10000 steps, 20 ps

comm-mode angular will give incorrect results when the comm group partially crosses a periodic boundary
Using 1 MPI thread

Non-default thread affinity set, disabling internal thread affinity

Using 1 OpenMP thread 


Back Off! I just backed up traj.trr to ./#traj.trr.1#

Back Off! I just backed up ener.edr to ./#ener.edr.1#
starting mdrun 'Generated by trjconv : Generated by trjconv : Alanine in vacuum in water t= 4500.00000'
10000 steps,     20.0 ps.

Writing final coordinates.

Back Off! I just backed up confout.gro to ./#confout.gro.1#

               Core t (s)   Wall t (s)        (%)
       Time:        2.125        2.125      100.0
                 (ns/day)    (hour/ns)
Performance:      813.272        0.030

GROMACS reminds you: "The great tragedy of science - the slaying of a beautiful hypothesis by an ugly fact." (Thomas Henry Huxley)

    :-) GROMACS - gmx mdrun, 2023.2-EasyBuild_4.9.0_PLUMED_2.9.0.GMX2023 (-:

Executable:   /sw/arch/RHEL8/EB_production/2023/software/GROMACS/2023.2-foss-2023a-PLUMED-2.9.0.GMX2023/bin/gmx
Data prefix:  /sw/arch/RHEL8/EB_production/2023/software/GROMACS/2023.2-foss-2023a-PLUMED-2.9.0.GMX2023
Working dir:  /gpfs/home1/ekempkes/adipep_umbrella_grid_superfast/result_GRID20649832
Command line:
  gmx mdrun -s simulations_essentials/md.tpr -plumed Colvars/plumed_0.449_0.449.dat -nsteps 10000 -x Colvars/traj_0.449_0.449.xtc


Back Off! I just backed up md.log to ./#md.log.1#
Reading file simulations_essentials/md.tpr, VERSION 2022.5-plumed_2.9.3 (single precision)
Note: file tpx version 127, software tpx version 129

NOTE: Parallelization is limited by the small number of atoms,
      only starting 1 thread-MPI ranks.
      You can use the -nt and/or -ntmpi option to optimize the number of threads.

Overriding nsteps with value passed on the command line: 10000 steps, 20 ps

comm-mode angular will give incorrect results when the comm group partially crosses a periodic boundary
Using 1 MPI thread

Non-default thread affinity set, disabling internal thread affinity

Using 1 OpenMP thread 


Back Off! I just backed up traj.trr to ./#traj.trr.1#

Back Off! I just backed up ener.edr to ./#ener.edr.1#
starting mdrun 'Generated by trjconv : Generated by trjconv : Alanine in vacuum in water t= 4500.00000'
10000 steps,     20.0 ps.

Writing final coordinates.

Back Off! I just backed up confout.gro to ./#confout.gro.1#

               Core t (s)   Wall t (s)        (%)
       Time:        2.038        2.038      100.0
                 (ns/day)    (hour/ns)
Performance:      848.114        0.028

GROMACS reminds you: "You Fill Me With Inertia" (The Long Blondes)

    :-) GROMACS - gmx mdrun, 2023.2-EasyBuild_4.9.0_PLUMED_2.9.0.GMX2023 (-:

Executable:   /sw/arch/RHEL8/EB_production/2023/software/GROMACS/2023.2-foss-2023a-PLUMED-2.9.0.GMX2023/bin/gmx
Data prefix:  /sw/arch/RHEL8/EB_production/2023/software/GROMACS/2023.2-foss-2023a-PLUMED-2.9.0.GMX2023
Working dir:  /gpfs/home1/ekempkes/adipep_umbrella_grid_superfast/result_GRID20649832
Command line:
  gmx mdrun -s simulations_essentials/md.tpr -plumed Colvars/plumed_0.449_1.346.dat -nsteps 10000 -x Colvars/traj_0.449_1.346.xtc


Back Off! I just backed up md.log to ./#md.log.1#
Reading file simulations_essentials/md.tpr, VERSION 2022.5-plumed_2.9.3 (single precision)
Note: file tpx version 127, software tpx version 129

NOTE: Parallelization is limited by the small number of atoms,
      only starting 1 thread-MPI ranks.
      You can use the -nt and/or -ntmpi option to optimize the number of threads.

Overriding nsteps with value passed on the command line: 10000 steps, 20 ps

comm-mode angular will give incorrect results when the comm group partially crosses a periodic boundary
Using 1 MPI thread

Non-default thread affinity set, disabling internal thread affinity

Using 1 OpenMP thread 


Back Off! I just backed up traj.trr to ./#traj.trr.1#

Back Off! I just backed up ener.edr to ./#ener.edr.1#
starting mdrun 'Generated by trjconv : Generated by trjconv : Alanine in vacuum in water t= 4500.00000'
10000 steps,     20.0 ps.

Writing final coordinates.

Back Off! I just backed up confout.gro to ./#confout.gro.1#

               Core t (s)   Wall t (s)        (%)
       Time:        2.029        2.029      100.0
                 (ns/day)    (hour/ns)
Performance:      851.814        0.028

GROMACS reminds you: "Science, for me, gives a partial explanation for life. In so far as it goes, it is based on fact, experience and experiment." (Rosalind Franklin)

    :-) GROMACS - gmx mdrun, 2023.2-EasyBuild_4.9.0_PLUMED_2.9.0.GMX2023 (-:

Executable:   /sw/arch/RHEL8/EB_production/2023/software/GROMACS/2023.2-foss-2023a-PLUMED-2.9.0.GMX2023/bin/gmx
Data prefix:  /sw/arch/RHEL8/EB_production/2023/software/GROMACS/2023.2-foss-2023a-PLUMED-2.9.0.GMX2023
Working dir:  /gpfs/home1/ekempkes/adipep_umbrella_grid_superfast/result_GRID20649832
Command line:
  gmx mdrun -s simulations_essentials/md.tpr -plumed Colvars/plumed_0.449_2.244.dat -nsteps 10000 -x Colvars/traj_0.449_2.244.xtc


Back Off! I just backed up md.log to ./#md.log.1#
Reading file simulations_essentials/md.tpr, VERSION 2022.5-plumed_2.9.3 (single precision)
Note: file tpx version 127, software tpx version 129

NOTE: Parallelization is limited by the small number of atoms,
      only starting 1 thread-MPI ranks.
      You can use the -nt and/or -ntmpi option to optimize the number of threads.

Overriding nsteps with value passed on the command line: 10000 steps, 20 ps

comm-mode angular will give incorrect results when the comm group partially crosses a periodic boundary
Using 1 MPI thread

Non-default thread affinity set, disabling internal thread affinity

Using 1 OpenMP thread 


Back Off! I just backed up traj.trr to ./#traj.trr.1#

Back Off! I just backed up ener.edr to ./#ener.edr.1#
starting mdrun 'Generated by trjconv : Generated by trjconv : Alanine in vacuum in water t= 4500.00000'
10000 steps,     20.0 ps.

Writing final coordinates.

Back Off! I just backed up confout.gro to ./#confout.gro.1#

               Core t (s)   Wall t (s)        (%)
       Time:        2.051        2.051      100.0
                 (ns/day)    (hour/ns)
Performance:      842.456        0.028

GROMACS reminds you: "This Doesn't Suck, It's a Black Hole !" (K.A. Feenstra)

    :-) GROMACS - gmx mdrun, 2023.2-EasyBuild_4.9.0_PLUMED_2.9.0.GMX2023 (-:

Executable:   /sw/arch/RHEL8/EB_production/2023/software/GROMACS/2023.2-foss-2023a-PLUMED-2.9.0.GMX2023/bin/gmx
Data prefix:  /sw/arch/RHEL8/EB_production/2023/software/GROMACS/2023.2-foss-2023a-PLUMED-2.9.0.GMX2023
Working dir:  /gpfs/home1/ekempkes/adipep_umbrella_grid_superfast/result_GRID20649832
Command line:
  gmx mdrun -s simulations_essentials/md.tpr -plumed Colvars/plumed_1.346_-3.142.dat -nsteps 10000 -x Colvars/traj_1.346_-3.142.xtc


Back Off! I just backed up md.log to ./#md.log.1#
Reading file simulations_essentials/md.tpr, VERSION 2022.5-plumed_2.9.3 (single precision)
Note: file tpx version 127, software tpx version 129

NOTE: Parallelization is limited by the small number of atoms,
      only starting 1 thread-MPI ranks.
      You can use the -nt and/or -ntmpi option to optimize the number of threads.

Overriding nsteps with value passed on the command line: 10000 steps, 20 ps

comm-mode angular will give incorrect results when the comm group partially crosses a periodic boundary
Using 1 MPI thread

Non-default thread affinity set, disabling internal thread affinity

Using 1 OpenMP thread 


Back Off! I just backed up traj.trr to ./#traj.trr.1#

Back Off! I just backed up ener.edr to ./#ener.edr.1#
starting mdrun 'Generated by trjconv : Generated by trjconv : Alanine in vacuum in water t= 4500.00000'
10000 steps,     20.0 ps.

Writing final coordinates.

Back Off! I just backed up confout.gro to ./#confout.gro.1#

               Core t (s)   Wall t (s)        (%)
       Time:        2.027        2.027      100.0
                 (ns/day)    (hour/ns)
Performance:      852.655        0.028

GROMACS reminds you: "Lottery: A tax on people who are bad at math." (Ambrose Bierce)

    :-) GROMACS - gmx mdrun, 2023.2-EasyBuild_4.9.0_PLUMED_2.9.0.GMX2023 (-:

Executable:   /sw/arch/RHEL8/EB_production/2023/software/GROMACS/2023.2-foss-2023a-PLUMED-2.9.0.GMX2023/bin/gmx
Data prefix:  /sw/arch/RHEL8/EB_production/2023/software/GROMACS/2023.2-foss-2023a-PLUMED-2.9.0.GMX2023
Working dir:  /gpfs/home1/ekempkes/adipep_umbrella_grid_superfast/result_GRID20649832
Command line:
  gmx mdrun -s simulations_essentials/md.tpr -plumed Colvars/plumed_1.346_-2.244.dat -nsteps 10000 -x Colvars/traj_1.346_-2.244.xtc


Back Off! I just backed up md.log to ./#md.log.1#
Reading file simulations_essentials/md.tpr, VERSION 2022.5-plumed_2.9.3 (single precision)
Note: file tpx version 127, software tpx version 129

NOTE: Parallelization is limited by the small number of atoms,
      only starting 1 thread-MPI ranks.
      You can use the -nt and/or -ntmpi option to optimize the number of threads.

Overriding nsteps with value passed on the command line: 10000 steps, 20 ps

comm-mode angular will give incorrect results when the comm group partially crosses a periodic boundary
Using 1 MPI thread

Non-default thread affinity set, disabling internal thread affinity

Using 1 OpenMP thread 


Back Off! I just backed up traj.trr to ./#traj.trr.1#

Back Off! I just backed up ener.edr to ./#ener.edr.1#
starting mdrun 'Generated by trjconv : Generated by trjconv : Alanine in vacuum in water t= 4500.00000'
10000 steps,     20.0 ps.

Writing final coordinates.

Back Off! I just backed up confout.gro to ./#confout.gro.1#

               Core t (s)   Wall t (s)        (%)
       Time:        2.037        2.037      100.0
                 (ns/day)    (hour/ns)
Performance:      848.334        0.028

GROMACS reminds you: "When doing HPC, don't communica" (Jim Demmel)

    :-) GROMACS - gmx mdrun, 2023.2-EasyBuild_4.9.0_PLUMED_2.9.0.GMX2023 (-:

Executable:   /sw/arch/RHEL8/EB_production/2023/software/GROMACS/2023.2-foss-2023a-PLUMED-2.9.0.GMX2023/bin/gmx
Data prefix:  /sw/arch/RHEL8/EB_production/2023/software/GROMACS/2023.2-foss-2023a-PLUMED-2.9.0.GMX2023
Working dir:  /gpfs/home1/ekempkes/adipep_umbrella_grid_superfast/result_GRID20649832
Command line:
  gmx mdrun -s simulations_essentials/md.tpr -plumed Colvars/plumed_1.346_-1.346.dat -nsteps 10000 -x Colvars/traj_1.346_-1.346.xtc


Back Off! I just backed up md.log to ./#md.log.1#
Reading file simulations_essentials/md.tpr, VERSION 2022.5-plumed_2.9.3 (single precision)
Note: file tpx version 127, software tpx version 129

NOTE: Parallelization is limited by the small number of atoms,
      only starting 1 thread-MPI ranks.
      You can use the -nt and/or -ntmpi option to optimize the number of threads.

Overriding nsteps with value passed on the command line: 10000 steps, 20 ps

comm-mode angular will give incorrect results when the comm group partially crosses a periodic boundary
Using 1 MPI thread

Non-default thread affinity set, disabling internal thread affinity

Using 1 OpenMP thread 


Back Off! I just backed up traj.trr to ./#traj.trr.1#

Back Off! I just backed up ener.edr to ./#ener.edr.1#
starting mdrun 'Generated by trjconv : Generated by trjconv : Alanine in vacuum in water t= 4500.00000'
10000 steps,     20.0 ps.

Writing final coordinates.

Back Off! I just backed up confout.gro to ./#confout.gro.1#

               Core t (s)   Wall t (s)        (%)
       Time:        2.028        2.028      100.0
                 (ns/day)    (hour/ns)
Performance:      852.238        0.028

GROMACS reminds you: "An expert is a person who has made all the mistakes that can be made in a very narrow field." (Niels Bohr)

    :-) GROMACS - gmx mdrun, 2023.2-EasyBuild_4.9.0_PLUMED_2.9.0.GMX2023 (-:

Executable:   /sw/arch/RHEL8/EB_production/2023/software/GROMACS/2023.2-foss-2023a-PLUMED-2.9.0.GMX2023/bin/gmx
Data prefix:  /sw/arch/RHEL8/EB_production/2023/software/GROMACS/2023.2-foss-2023a-PLUMED-2.9.0.GMX2023
Working dir:  /gpfs/home1/ekempkes/adipep_umbrella_grid_superfast/result_GRID20649832
Command line:
  gmx mdrun -s simulations_essentials/md.tpr -plumed Colvars/plumed_1.346_-0.449.dat -nsteps 10000 -x Colvars/traj_1.346_-0.449.xtc


Back Off! I just backed up md.log to ./#md.log.1#
Reading file simulations_essentials/md.tpr, VERSION 2022.5-plumed_2.9.3 (single precision)
Note: file tpx version 127, software tpx version 129

NOTE: Parallelization is limited by the small number of atoms,
      only starting 1 thread-MPI ranks.
      You can use the -nt and/or -ntmpi option to optimize the number of threads.

Overriding nsteps with value passed on the command line: 10000 steps, 20 ps

comm-mode angular will give incorrect results when the comm group partially crosses a periodic boundary
Using 1 MPI thread

Non-default thread affinity set, disabling internal thread affinity

Using 1 OpenMP thread 


Back Off! I just backed up traj.trr to ./#traj.trr.1#

Back Off! I just backed up ener.edr to ./#ener.edr.1#
starting mdrun 'Generated by trjconv : Generated by trjconv : Alanine in vacuum in water t= 4500.00000'
10000 steps,     20.0 ps.

Writing final coordinates.

Back Off! I just backed up confout.gro to ./#confout.gro.1#

               Core t (s)   Wall t (s)        (%)
       Time:        2.049        2.049      100.0
                 (ns/day)    (hour/ns)
Performance:      843.531        0.028

GROMACS reminds you: "Yeah, a Wuzz, Or a Jerk" (F. Black)

    :-) GROMACS - gmx mdrun, 2023.2-EasyBuild_4.9.0_PLUMED_2.9.0.GMX2023 (-:

Executable:   /sw/arch/RHEL8/EB_production/2023/software/GROMACS/2023.2-foss-2023a-PLUMED-2.9.0.GMX2023/bin/gmx
Data prefix:  /sw/arch/RHEL8/EB_production/2023/software/GROMACS/2023.2-foss-2023a-PLUMED-2.9.0.GMX2023
Working dir:  /gpfs/home1/ekempkes/adipep_umbrella_grid_superfast/result_GRID20649832
Command line:
  gmx mdrun -s simulations_essentials/md.tpr -plumed Colvars/plumed_1.346_0.449.dat -nsteps 10000 -x Colvars/traj_1.346_0.449.xtc


Back Off! I just backed up md.log to ./#md.log.1#
Reading file simulations_essentials/md.tpr, VERSION 2022.5-plumed_2.9.3 (single precision)
Note: file tpx version 127, software tpx version 129

NOTE: Parallelization is limited by the small number of atoms,
      only starting 1 thread-MPI ranks.
      You can use the -nt and/or -ntmpi option to optimize the number of threads.

Overriding nsteps with value passed on the command line: 10000 steps, 20 ps

comm-mode angular will give incorrect results when the comm group partially crosses a periodic boundary
Using 1 MPI thread

Non-default thread affinity set, disabling internal thread affinity

Using 1 OpenMP thread 


Back Off! I just backed up traj.trr to ./#traj.trr.1#

Back Off! I just backed up ener.edr to ./#ener.edr.1#
starting mdrun 'Generated by trjconv : Generated by trjconv : Alanine in vacuum in water t= 4500.00000'
10000 steps,     20.0 ps.

Writing final coordinates.

Back Off! I just backed up confout.gro to ./#confout.gro.1#

               Core t (s)   Wall t (s)        (%)
       Time:        2.054        2.054      100.0
                 (ns/day)    (hour/ns)
Performance:      841.440        0.029

GROMACS reminds you: "In physics, you don't have to go around making trouble for yourself. Nature does it for you." (Frank Wilczek)

    :-) GROMACS - gmx mdrun, 2023.2-EasyBuild_4.9.0_PLUMED_2.9.0.GMX2023 (-:

Executable:   /sw/arch/RHEL8/EB_production/2023/software/GROMACS/2023.2-foss-2023a-PLUMED-2.9.0.GMX2023/bin/gmx
Data prefix:  /sw/arch/RHEL8/EB_production/2023/software/GROMACS/2023.2-foss-2023a-PLUMED-2.9.0.GMX2023
Working dir:  /gpfs/home1/ekempkes/adipep_umbrella_grid_superfast/result_GRID20649832
Command line:
  gmx mdrun -s simulations_essentials/md.tpr -plumed Colvars/plumed_1.346_1.346.dat -nsteps 10000 -x Colvars/traj_1.346_1.346.xtc


Back Off! I just backed up md.log to ./#md.log.1#
Reading file simulations_essentials/md.tpr, VERSION 2022.5-plumed_2.9.3 (single precision)
Note: file tpx version 127, software tpx version 129

NOTE: Parallelization is limited by the small number of atoms,
      only starting 1 thread-MPI ranks.
      You can use the -nt and/or -ntmpi option to optimize the number of threads.

Overriding nsteps with value passed on the command line: 10000 steps, 20 ps

comm-mode angular will give incorrect results when the comm group partially crosses a periodic boundary
Using 1 MPI thread

Non-default thread affinity set, disabling internal thread affinity

Using 1 OpenMP thread 


Back Off! I just backed up traj.trr to ./#traj.trr.1#

Back Off! I just backed up ener.edr to ./#ener.edr.1#
starting mdrun 'Generated by trjconv : Generated by trjconv : Alanine in vacuum in water t= 4500.00000'
10000 steps,     20.0 ps.

Writing final coordinates.

Back Off! I just backed up confout.gro to ./#confout.gro.1#

               Core t (s)   Wall t (s)        (%)
       Time:        2.028        2.028      100.0
                 (ns/day)    (hour/ns)
Performance:      852.049        0.028

GROMACS reminds you: "People are DNA's way of making more DNA." (Edward O. Wilson)

    :-) GROMACS - gmx mdrun, 2023.2-EasyBuild_4.9.0_PLUMED_2.9.0.GMX2023 (-:

Executable:   /sw/arch/RHEL8/EB_production/2023/software/GROMACS/2023.2-foss-2023a-PLUMED-2.9.0.GMX2023/bin/gmx
Data prefix:  /sw/arch/RHEL8/EB_production/2023/software/GROMACS/2023.2-foss-2023a-PLUMED-2.9.0.GMX2023
Working dir:  /gpfs/home1/ekempkes/adipep_umbrella_grid_superfast/result_GRID20649832
Command line:
  gmx mdrun -s simulations_essentials/md.tpr -plumed Colvars/plumed_1.346_2.244.dat -nsteps 10000 -x Colvars/traj_1.346_2.244.xtc


Back Off! I just backed up md.log to ./#md.log.1#
Reading file simulations_essentials/md.tpr, VERSION 2022.5-plumed_2.9.3 (single precision)
Note: file tpx version 127, software tpx version 129

NOTE: Parallelization is limited by the small number of atoms,
      only starting 1 thread-MPI ranks.
      You can use the -nt and/or -ntmpi option to optimize the number of threads.

Overriding nsteps with value passed on the command line: 10000 steps, 20 ps

comm-mode angular will give incorrect results when the comm group partially crosses a periodic boundary
Using 1 MPI thread

Non-default thread affinity set, disabling internal thread affinity

Using 1 OpenMP thread 


Back Off! I just backed up traj.trr to ./#traj.trr.1#

Back Off! I just backed up ener.edr to ./#ener.edr.1#
starting mdrun 'Generated by trjconv : Generated by trjconv : Alanine in vacuum in water t= 4500.00000'
10000 steps,     20.0 ps.

Writing final coordinates.

Back Off! I just backed up confout.gro to ./#confout.gro.1#

               Core t (s)   Wall t (s)        (%)
       Time:        2.046        2.046      100.0
                 (ns/day)    (hour/ns)
Performance:      844.604        0.028

GROMACS reminds you: "Been There, Done It" (Beavis and Butthead)

    :-) GROMACS - gmx mdrun, 2023.2-EasyBuild_4.9.0_PLUMED_2.9.0.GMX2023 (-:

Executable:   /sw/arch/RHEL8/EB_production/2023/software/GROMACS/2023.2-foss-2023a-PLUMED-2.9.0.GMX2023/bin/gmx
Data prefix:  /sw/arch/RHEL8/EB_production/2023/software/GROMACS/2023.2-foss-2023a-PLUMED-2.9.0.GMX2023
Working dir:  /gpfs/home1/ekempkes/adipep_umbrella_grid_superfast/result_GRID20649832
Command line:
  gmx mdrun -s simulations_essentials/md.tpr -plumed Colvars/plumed_2.244_-3.142.dat -nsteps 10000 -x Colvars/traj_2.244_-3.142.xtc


Back Off! I just backed up md.log to ./#md.log.1#
Reading file simulations_essentials/md.tpr, VERSION 2022.5-plumed_2.9.3 (single precision)
Note: file tpx version 127, software tpx version 129

NOTE: Parallelization is limited by the small number of atoms,
      only starting 1 thread-MPI ranks.
      You can use the -nt and/or -ntmpi option to optimize the number of threads.

Overriding nsteps with value passed on the command line: 10000 steps, 20 ps

comm-mode angular will give incorrect results when the comm group partially crosses a periodic boundary
Using 1 MPI thread

Non-default thread affinity set, disabling internal thread affinity

Using 1 OpenMP thread 


Back Off! I just backed up traj.trr to ./#traj.trr.1#

Back Off! I just backed up ener.edr to ./#ener.edr.1#
starting mdrun 'Generated by trjconv : Generated by trjconv : Alanine in vacuum in water t= 4500.00000'
10000 steps,     20.0 ps.

Writing final coordinates.

Back Off! I just backed up confout.gro to ./#confout.gro.1#

               Core t (s)   Wall t (s)        (%)
       Time:        2.076        2.076      100.0
                 (ns/day)    (hour/ns)
Performance:      832.464        0.029

GROMACS reminds you: "It Costs Too Much If It Costs a Lot" (Magnapop)

    :-) GROMACS - gmx mdrun, 2023.2-EasyBuild_4.9.0_PLUMED_2.9.0.GMX2023 (-:

Executable:   /sw/arch/RHEL8/EB_production/2023/software/GROMACS/2023.2-foss-2023a-PLUMED-2.9.0.GMX2023/bin/gmx
Data prefix:  /sw/arch/RHEL8/EB_production/2023/software/GROMACS/2023.2-foss-2023a-PLUMED-2.9.0.GMX2023
Working dir:  /gpfs/home1/ekempkes/adipep_umbrella_grid_superfast/result_GRID20649832
Command line:
  gmx mdrun -s simulations_essentials/md.tpr -plumed Colvars/plumed_2.244_-2.244.dat -nsteps 10000 -x Colvars/traj_2.244_-2.244.xtc


Back Off! I just backed up md.log to ./#md.log.1#
Reading file simulations_essentials/md.tpr, VERSION 2022.5-plumed_2.9.3 (single precision)
Note: file tpx version 127, software tpx version 129

NOTE: Parallelization is limited by the small number of atoms,
      only starting 1 thread-MPI ranks.
      You can use the -nt and/or -ntmpi option to optimize the number of threads.

Overriding nsteps with value passed on the command line: 10000 steps, 20 ps

comm-mode angular will give incorrect results when the comm group partially crosses a periodic boundary
Using 1 MPI thread

Non-default thread affinity set, disabling internal thread affinity

Using 1 OpenMP thread 


Back Off! I just backed up traj.trr to ./#traj.trr.1#

Back Off! I just backed up ener.edr to ./#ener.edr.1#
starting mdrun 'Generated by trjconv : Generated by trjconv : Alanine in vacuum in water t= 4500.00000'
10000 steps,     20.0 ps.

Writing final coordinates.

Back Off! I just backed up confout.gro to ./#confout.gro.1#

               Core t (s)   Wall t (s)        (%)
       Time:        2.042        2.042      100.0
                 (ns/day)    (hour/ns)
Performance:      846.119        0.028

GROMACS reminds you: "You Dirty Switch, You're On Again" (The Breeders)

    :-) GROMACS - gmx mdrun, 2023.2-EasyBuild_4.9.0_PLUMED_2.9.0.GMX2023 (-:

Executable:   /sw/arch/RHEL8/EB_production/2023/software/GROMACS/2023.2-foss-2023a-PLUMED-2.9.0.GMX2023/bin/gmx
Data prefix:  /sw/arch/RHEL8/EB_production/2023/software/GROMACS/2023.2-foss-2023a-PLUMED-2.9.0.GMX2023
Working dir:  /gpfs/home1/ekempkes/adipep_umbrella_grid_superfast/result_GRID20649832
Command line:
  gmx mdrun -s simulations_essentials/md.tpr -plumed Colvars/plumed_2.244_-1.346.dat -nsteps 10000 -x Colvars/traj_2.244_-1.346.xtc


Back Off! I just backed up md.log to ./#md.log.1#
Reading file simulations_essentials/md.tpr, VERSION 2022.5-plumed_2.9.3 (single precision)
Note: file tpx version 127, software tpx version 129

NOTE: Parallelization is limited by the small number of atoms,
      only starting 1 thread-MPI ranks.
      You can use the -nt and/or -ntmpi option to optimize the number of threads.

Overriding nsteps with value passed on the command line: 10000 steps, 20 ps

comm-mode angular will give incorrect results when the comm group partially crosses a periodic boundary
Using 1 MPI thread

Non-default thread affinity set, disabling internal thread affinity

Using 1 OpenMP thread 


Back Off! I just backed up traj.trr to ./#traj.trr.1#

Back Off! I just backed up ener.edr to ./#ener.edr.1#
starting mdrun 'Generated by trjconv : Generated by trjconv : Alanine in vacuum in water t= 4500.00000'
10000 steps,     20.0 ps.

Writing final coordinates.

Back Off! I just backed up confout.gro to ./#confout.gro.1#

               Core t (s)   Wall t (s)        (%)
       Time:        2.053        2.053      100.0
                 (ns/day)    (hour/ns)
Performance:      841.869        0.029

GROMACS reminds you: "Science is a way of thinking much more than it is a body of knowledge." (Carl Sagan)

    :-) GROMACS - gmx mdrun, 2023.2-EasyBuild_4.9.0_PLUMED_2.9.0.GMX2023 (-:

Executable:   /sw/arch/RHEL8/EB_production/2023/software/GROMACS/2023.2-foss-2023a-PLUMED-2.9.0.GMX2023/bin/gmx
Data prefix:  /sw/arch/RHEL8/EB_production/2023/software/GROMACS/2023.2-foss-2023a-PLUMED-2.9.0.GMX2023
Working dir:  /gpfs/home1/ekempkes/adipep_umbrella_grid_superfast/result_GRID20649832
Command line:
  gmx mdrun -s simulations_essentials/md.tpr -plumed Colvars/plumed_2.244_-0.449.dat -nsteps 10000 -x Colvars/traj_2.244_-0.449.xtc


Back Off! I just backed up md.log to ./#md.log.1#
Reading file simulations_essentials/md.tpr, VERSION 2022.5-plumed_2.9.3 (single precision)
Note: file tpx version 127, software tpx version 129

NOTE: Parallelization is limited by the small number of atoms,
      only starting 1 thread-MPI ranks.
      You can use the -nt and/or -ntmpi option to optimize the number of threads.

Overriding nsteps with value passed on the command line: 10000 steps, 20 ps

comm-mode angular will give incorrect results when the comm group partially crosses a periodic boundary
Using 1 MPI thread

Non-default thread affinity set, disabling internal thread affinity

Using 1 OpenMP thread 


Back Off! I just backed up traj.trr to ./#traj.trr.1#

Back Off! I just backed up ener.edr to ./#ener.edr.1#
starting mdrun 'Generated by trjconv : Generated by trjconv : Alanine in vacuum in water t= 4500.00000'
10000 steps,     20.0 ps.

Writing final coordinates.

Back Off! I just backed up confout.gro to ./#confout.gro.1#

               Core t (s)   Wall t (s)        (%)
       Time:        2.054        2.054      100.0
                 (ns/day)    (hour/ns)
Performance:      841.536        0.029

GROMACS reminds you: "Never mind, death professor, your structure's fine" (TV on the Radio)

    :-) GROMACS - gmx mdrun, 2023.2-EasyBuild_4.9.0_PLUMED_2.9.0.GMX2023 (-:

Executable:   /sw/arch/RHEL8/EB_production/2023/software/GROMACS/2023.2-foss-2023a-PLUMED-2.9.0.GMX2023/bin/gmx
Data prefix:  /sw/arch/RHEL8/EB_production/2023/software/GROMACS/2023.2-foss-2023a-PLUMED-2.9.0.GMX2023
Working dir:  /gpfs/home1/ekempkes/adipep_umbrella_grid_superfast/result_GRID20649832
Command line:
  gmx mdrun -s simulations_essentials/md.tpr -plumed Colvars/plumed_2.244_0.449.dat -nsteps 10000 -x Colvars/traj_2.244_0.449.xtc


Back Off! I just backed up md.log to ./#md.log.1#
Reading file simulations_essentials/md.tpr, VERSION 2022.5-plumed_2.9.3 (single precision)
Note: file tpx version 127, software tpx version 129

NOTE: Parallelization is limited by the small number of atoms,
      only starting 1 thread-MPI ranks.
      You can use the -nt and/or -ntmpi option to optimize the number of threads.

Overriding nsteps with value passed on the command line: 10000 steps, 20 ps

comm-mode angular will give incorrect results when the comm group partially crosses a periodic boundary
Using 1 MPI thread

Non-default thread affinity set, disabling internal thread affinity

Using 1 OpenMP thread 


Back Off! I just backed up traj.trr to ./#traj.trr.1#

Back Off! I just backed up ener.edr to ./#ener.edr.1#
starting mdrun 'Generated by trjconv : Generated by trjconv : Alanine in vacuum in water t= 4500.00000'
10000 steps,     20.0 ps.

Writing final coordinates.

Back Off! I just backed up confout.gro to ./#confout.gro.1#

               Core t (s)   Wall t (s)        (%)
       Time:        2.040        2.040      100.0
                 (ns/day)    (hour/ns)
Performance:      847.072        0.028

GROMACS reminds you: "In a talk you have a choice: You can make one point or no points." (Paul Sigler)

    :-) GROMACS - gmx mdrun, 2023.2-EasyBuild_4.9.0_PLUMED_2.9.0.GMX2023 (-:

Executable:   /sw/arch/RHEL8/EB_production/2023/software/GROMACS/2023.2-foss-2023a-PLUMED-2.9.0.GMX2023/bin/gmx
Data prefix:  /sw/arch/RHEL8/EB_production/2023/software/GROMACS/2023.2-foss-2023a-PLUMED-2.9.0.GMX2023
Working dir:  /gpfs/home1/ekempkes/adipep_umbrella_grid_superfast/result_GRID20649832
Command line:
  gmx mdrun -s simulations_essentials/md.tpr -plumed Colvars/plumed_2.244_1.346.dat -nsteps 10000 -x Colvars/traj_2.244_1.346.xtc


Back Off! I just backed up md.log to ./#md.log.1#
Reading file simulations_essentials/md.tpr, VERSION 2022.5-plumed_2.9.3 (single precision)
Note: file tpx version 127, software tpx version 129

NOTE: Parallelization is limited by the small number of atoms,
      only starting 1 thread-MPI ranks.
      You can use the -nt and/or -ntmpi option to optimize the number of threads.

Overriding nsteps with value passed on the command line: 10000 steps, 20 ps

comm-mode angular will give incorrect results when the comm group partially crosses a periodic boundary
Using 1 MPI thread

Non-default thread affinity set, disabling internal thread affinity

Using 1 OpenMP thread 


Back Off! I just backed up traj.trr to ./#traj.trr.1#

Back Off! I just backed up ener.edr to ./#ener.edr.1#
starting mdrun 'Generated by trjconv : Generated by trjconv : Alanine in vacuum in water t= 4500.00000'
10000 steps,     20.0 ps.

Writing final coordinates.

Back Off! I just backed up confout.gro to ./#confout.gro.1#

               Core t (s)   Wall t (s)        (%)
       Time:        2.078        2.078      100.0
                 (ns/day)    (hour/ns)
Performance:      831.776        0.029

GROMACS reminds you: "NASA spent millions of dollars inventing the ball-point pen so they could write in space. The Russians took a pencil." (Will Chabot)

    :-) GROMACS - gmx mdrun, 2023.2-EasyBuild_4.9.0_PLUMED_2.9.0.GMX2023 (-:

Executable:   /sw/arch/RHEL8/EB_production/2023/software/GROMACS/2023.2-foss-2023a-PLUMED-2.9.0.GMX2023/bin/gmx
Data prefix:  /sw/arch/RHEL8/EB_production/2023/software/GROMACS/2023.2-foss-2023a-PLUMED-2.9.0.GMX2023
Working dir:  /gpfs/home1/ekempkes/adipep_umbrella_grid_superfast/result_GRID20649832
Command line:
  gmx mdrun -s simulations_essentials/md.tpr -plumed Colvars/plumed_2.244_2.244.dat -nsteps 10000 -x Colvars/traj_2.244_2.244.xtc


Back Off! I just backed up md.log to ./#md.log.1#
Reading file simulations_essentials/md.tpr, VERSION 2022.5-plumed_2.9.3 (single precision)
Note: file tpx version 127, software tpx version 129

NOTE: Parallelization is limited by the small number of atoms,
      only starting 1 thread-MPI ranks.
      You can use the -nt and/or -ntmpi option to optimize the number of threads.

Overriding nsteps with value passed on the command line: 10000 steps, 20 ps

comm-mode angular will give incorrect results when the comm group partially crosses a periodic boundary
Using 1 MPI thread

Non-default thread affinity set, disabling internal thread affinity

Using 1 OpenMP thread 


Back Off! I just backed up traj.trr to ./#traj.trr.1#

Back Off! I just backed up ener.edr to ./#ener.edr.1#
starting mdrun 'Generated by trjconv : Generated by trjconv : Alanine in vacuum in water t= 4500.00000'
10000 steps,     20.0 ps.

Writing final coordinates.

Back Off! I just backed up confout.gro to ./#confout.gro.1#

               Core t (s)   Wall t (s)        (%)
       Time:        2.023        2.023      100.0
                 (ns/day)    (hour/ns)
Performance:      854.192        0.028

GROMACS reminds you: "Though the path of the comet is sure, it's constitution is not" (Peter Hammill)


# Integration error:        2.25

# Integrating             - Simpson's rule + Real Space Grid Mini     :-) GROMACS - gmx mdrun, 2023.2-EasyBuild_4.9.0_PLUMED_2.9.0.GMX2023 (-:

Executable:   /sw/arch/RHEL8/EB_production/2023/software/GROMACS/2023.2-foss-2023a-PLUMED-2.9.0.GMX2023/bin/gmx
Data prefix:  /sw/arch/RHEL8/EB_production/2023/software/GROMACS/2023.2-foss-2023a-PLUMED-2.9.0.GMX2023
Working dir:  /gpfs/home1/ekempkes/adipep_umbrella_grid_superfast/result_GRID20649832
Command line:
  gmx mdrun -s simulations_essentials/md.tpr -plumed Colvars/plumed_-3.142_-3.142.dat -nsteps 10000 -x Colvars/traj_-3.142_-3.142.xtc


Back Off! I just backed up md.log to ./#md.log.1#
Reading file simulations_essentials/md.tpr, VERSION 2022.5-plumed_2.9.3 (single precision)
Note: file tpx version 127, software tpx version 129

NOTE: Parallelization is limited by the small number of atoms,
      only starting 1 thread-MPI ranks.
      You can use the -nt and/or -ntmpi option to optimize the number of threads.

Overriding nsteps with value passed on the command line: 10000 steps, 20 ps

comm-mode angular will give incorrect results when the comm group partially crosses a periodic boundary
Using 1 MPI thread

Non-default thread affinity set, disabling internal thread affinity

Using 1 OpenMP thread 


Back Off! I just backed up Colvars/traj_-3.142_-3.142.xtc to Colvars/#traj_-3.142_-3.142.xtc.7#

Back Off! I just backed up traj.trr to ./#traj.trr.1#

Back Off! I just backed up ener.edr to ./#ener.edr.1#
starting mdrun 'Generated by trjconv : Generated by trjconv : Alanine in vacuum in water t= 4500.00000'
10000 steps,     20.0 ps.

Writing final coordinates.

Back Off! I just backed up confout.gro to ./#confout.gro.1#

               Core t (s)   Wall t (s)        (%)
       Time:        2.092        2.092      100.0
                 (ns/day)    (hour/ns)
Performance:      826.224        0.029

GROMACS reminds you: "If at one time or another I have brushed a few colleagues the wrong way, I must apologize: I had not realized that they were covered with fur." (Edwin Chargaff)

    :-) GROMACS - gmx mdrun, 2023.2-EasyBuild_4.9.0_PLUMED_2.9.0.GMX2023 (-:

Executable:   /sw/arch/RHEL8/EB_production/2023/software/GROMACS/2023.2-foss-2023a-PLUMED-2.9.0.GMX2023/bin/gmx
Data prefix:  /sw/arch/RHEL8/EB_production/2023/software/GROMACS/2023.2-foss-2023a-PLUMED-2.9.0.GMX2023
Working dir:  /gpfs/home1/ekempkes/adipep_umbrella_grid_superfast/result_GRID20649832
Command line:
  gmx mdrun -s simulations_essentials/md.tpr -plumed Colvars/plumed_-3.142_-2.356.dat -nsteps 10000 -x Colvars/traj_-3.142_-2.356.xtc


Back Off! I just backed up md.log to ./#md.log.1#
Reading file simulations_essentials/md.tpr, VERSION 2022.5-plumed_2.9.3 (single precision)
Note: file tpx version 127, software tpx version 129

NOTE: Parallelization is limited by the small number of atoms,
      only starting 1 thread-MPI ranks.
      You can use the -nt and/or -ntmpi option to optimize the number of threads.

Overriding nsteps with value passed on the command line: 10000 steps, 20 ps

comm-mode angular will give incorrect results when the comm group partially crosses a periodic boundary
Using 1 MPI thread

Non-default thread affinity set, disabling internal thread affinity

Using 1 OpenMP thread 


Back Off! I just backed up traj.trr to ./#traj.trr.1#

Back Off! I just backed up ener.edr to ./#ener.edr.1#
starting mdrun 'Generated by trjconv : Generated by trjconv : Alanine in vacuum in water t= 4500.00000'
10000 steps,     20.0 ps.

Writing final coordinates.

Back Off! I just backed up confout.gro to ./#confout.gro.1#

               Core t (s)   Wall t (s)        (%)
       Time:        2.028        2.028      100.0
                 (ns/day)    (hour/ns)
Performance:      851.992        0.028

GROMACS reminds you: "Academia is kind of like applied Marxism. The workers really do own the means of production." (Niklas Blomberg)

    :-) GROMACS - gmx mdrun, 2023.2-EasyBuild_4.9.0_PLUMED_2.9.0.GMX2023 (-:

Executable:   /sw/arch/RHEL8/EB_production/2023/software/GROMACS/2023.2-foss-2023a-PLUMED-2.9.0.GMX2023/bin/gmx
Data prefix:  /sw/arch/RHEL8/EB_production/2023/software/GROMACS/2023.2-foss-2023a-PLUMED-2.9.0.GMX2023
Working dir:  /gpfs/home1/ekempkes/adipep_umbrella_grid_superfast/result_GRID20649832
Command line:
  gmx mdrun -s simulations_essentials/md.tpr -plumed Colvars/plumed_-3.142_-1.571.dat -nsteps 10000 -x Colvars/traj_-3.142_-1.571.xtc


Back Off! I just backed up md.log to ./#md.log.1#
Reading file simulations_essentials/md.tpr, VERSION 2022.5-plumed_2.9.3 (single precision)
Note: file tpx version 127, software tpx version 129

NOTE: Parallelization is limited by the small number of atoms,
      only starting 1 thread-MPI ranks.
      You can use the -nt and/or -ntmpi option to optimize the number of threads.

Overriding nsteps with value passed on the command line: 10000 steps, 20 ps

comm-mode angular will give incorrect results when the comm group partially crosses a periodic boundary
Using 1 MPI thread

Non-default thread affinity set, disabling internal thread affinity

Using 1 OpenMP thread 


Back Off! I just backed up Colvars/traj_-3.142_-1.571.xtc to Colvars/#traj_-3.142_-1.571.xtc.1#

Back Off! I just backed up traj.trr to ./#traj.trr.1#

Back Off! I just backed up ener.edr to ./#ener.edr.1#
starting mdrun 'Generated by trjconv : Generated by trjconv : Alanine in vacuum in water t= 4500.00000'
10000 steps,     20.0 ps.

Writing final coordinates.

Back Off! I just backed up confout.gro to ./#confout.gro.1#

               Core t (s)   Wall t (s)        (%)
       Time:        2.050        2.050      100.0
                 (ns/day)    (hour/ns)
Performance:      842.944        0.028

GROMACS reminds you: "The first 90% of the code accounts for the first 90% of the development time. The remaining 10% of the code accounts for the other 90% of the development time." (Tom Cargill)

    :-) GROMACS - gmx mdrun, 2023.2-EasyBuild_4.9.0_PLUMED_2.9.0.GMX2023 (-:

Executable:   /sw/arch/RHEL8/EB_production/2023/software/GROMACS/2023.2-foss-2023a-PLUMED-2.9.0.GMX2023/bin/gmx
Data prefix:  /sw/arch/RHEL8/EB_production/2023/software/GROMACS/2023.2-foss-2023a-PLUMED-2.9.0.GMX2023
Working dir:  /gpfs/home1/ekempkes/adipep_umbrella_grid_superfast/result_GRID20649832
Command line:
  gmx mdrun -s simulations_essentials/md.tpr -plumed Colvars/plumed_-3.142_-0.785.dat -nsteps 10000 -x Colvars/traj_-3.142_-0.785.xtc


Back Off! I just backed up md.log to ./#md.log.1#
Reading file simulations_essentials/md.tpr, VERSION 2022.5-plumed_2.9.3 (single precision)
Note: file tpx version 127, software tpx version 129

NOTE: Parallelization is limited by the small number of atoms,
      only starting 1 thread-MPI ranks.
      You can use the -nt and/or -ntmpi option to optimize the number of threads.

Overriding nsteps with value passed on the command line: 10000 steps, 20 ps

comm-mode angular will give incorrect results when the comm group partially crosses a periodic boundary
Using 1 MPI thread

Non-default thread affinity set, disabling internal thread affinity

Using 1 OpenMP thread 


Back Off! I just backed up traj.trr to ./#traj.trr.1#

Back Off! I just backed up ener.edr to ./#ener.edr.1#
starting mdrun 'Generated by trjconv : Generated by trjconv : Alanine in vacuum in water t= 4500.00000'
10000 steps,     20.0 ps.

Writing final coordinates.

Back Off! I just backed up confout.gro to ./#confout.gro.1#

               Core t (s)   Wall t (s)        (%)
       Time:        2.068        2.068      100.0
                 (ns/day)    (hour/ns)
Performance:      835.661        0.029

GROMACS reminds you: "The biggest lie in science is 'data and code available upon request'" (Michael Eisen)

    :-) GROMACS - gmx mdrun, 2023.2-EasyBuild_4.9.0_PLUMED_2.9.0.GMX2023 (-:

Executable:   /sw/arch/RHEL8/EB_production/2023/software/GROMACS/2023.2-foss-2023a-PLUMED-2.9.0.GMX2023/bin/gmx
Data prefix:  /sw/arch/RHEL8/EB_production/2023/software/GROMACS/2023.2-foss-2023a-PLUMED-2.9.0.GMX2023
Working dir:  /gpfs/home1/ekempkes/adipep_umbrella_grid_superfast/result_GRID20649832
Command line:
  gmx mdrun -s simulations_essentials/md.tpr -plumed Colvars/plumed_-3.142_0.000.dat -nsteps 10000 -x Colvars/traj_-3.142_0.000.xtc


Back Off! I just backed up md.log to ./#md.log.1#
Reading file simulations_essentials/md.tpr, VERSION 2022.5-plumed_2.9.3 (single precision)
Note: file tpx version 127, software tpx version 129

NOTE: Parallelization is limited by the small number of atoms,
      only starting 1 thread-MPI ranks.
      You can use the -nt and/or -ntmpi option to optimize the number of threads.

Overriding nsteps with value passed on the command line: 10000 steps, 20 ps

comm-mode angular will give incorrect results when the comm group partially crosses a periodic boundary
Using 1 MPI thread

Non-default thread affinity set, disabling internal thread affinity

Using 1 OpenMP thread 


Back Off! I just backed up Colvars/traj_-3.142_0.000.xtc to Colvars/#traj_-3.142_0.000.xtc.3#

Back Off! I just backed up traj.trr to ./#traj.trr.1#

Back Off! I just backed up ener.edr to ./#ener.edr.1#
starting mdrun 'Generated by trjconv : Generated by trjconv : Alanine in vacuum in water t= 4500.00000'
10000 steps,     20.0 ps.

Writing final coordinates.

Back Off! I just backed up confout.gro to ./#confout.gro.1#

               Core t (s)   Wall t (s)        (%)
       Time:        2.056        2.056      100.0
                 (ns/day)    (hour/ns)
Performance:      840.713        0.029

GROMACS reminds you: "My Brothers are Protons (Protons!), My Sisters are Neurons (Neurons)" (Gogol Bordello)

    :-) GROMACS - gmx mdrun, 2023.2-EasyBuild_4.9.0_PLUMED_2.9.0.GMX2023 (-:

Executable:   /sw/arch/RHEL8/EB_production/2023/software/GROMACS/2023.2-foss-2023a-PLUMED-2.9.0.GMX2023/bin/gmx
Data prefix:  /sw/arch/RHEL8/EB_production/2023/software/GROMACS/2023.2-foss-2023a-PLUMED-2.9.0.GMX2023
Working dir:  /gpfs/home1/ekempkes/adipep_umbrella_grid_superfast/result_GRID20649832
Command line:
  gmx mdrun -s simulations_essentials/md.tpr -plumed Colvars/plumed_-3.142_0.785.dat -nsteps 10000 -x Colvars/traj_-3.142_0.785.xtc


Back Off! I just backed up md.log to ./#md.log.1#
Reading file simulations_essentials/md.tpr, VERSION 2022.5-plumed_2.9.3 (single precision)
Note: file tpx version 127, software tpx version 129

NOTE: Parallelization is limited by the small number of atoms,
      only starting 1 thread-MPI ranks.
      You can use the -nt and/or -ntmpi option to optimize the number of threads.

Overriding nsteps with value passed on the command line: 10000 steps, 20 ps

comm-mode angular will give incorrect results when the comm group partially crosses a periodic boundary
Using 1 MPI thread

Non-default thread affinity set, disabling internal thread affinity

Using 1 OpenMP thread 


Back Off! I just backed up traj.trr to ./#traj.trr.1#

Back Off! I just backed up ener.edr to ./#ener.edr.1#
starting mdrun 'Generated by trjconv : Generated by trjconv : Alanine in vacuum in water t= 4500.00000'
10000 steps,     20.0 ps.

Writing final coordinates.

Back Off! I just backed up confout.gro to ./#confout.gro.1#

               Core t (s)   Wall t (s)        (%)
       Time:        2.049        2.049      100.0
                 (ns/day)    (hour/ns)
Performance:      843.496        0.028

GROMACS reminds you: "The greatest shortcoming of the human race is our inability to understand the exponential function." (Albert Bartlett)

    :-) GROMACS - gmx mdrun, 2023.2-EasyBuild_4.9.0_PLUMED_2.9.0.GMX2023 (-:

Executable:   /sw/arch/RHEL8/EB_production/2023/software/GROMACS/2023.2-foss-2023a-PLUMED-2.9.0.GMX2023/bin/gmx
Data prefix:  /sw/arch/RHEL8/EB_production/2023/software/GROMACS/2023.2-foss-2023a-PLUMED-2.9.0.GMX2023
Working dir:  /gpfs/home1/ekempkes/adipep_umbrella_grid_superfast/result_GRID20649832
Command line:
  gmx mdrun -s simulations_essentials/md.tpr -plumed Colvars/plumed_-3.142_1.571.dat -nsteps 10000 -x Colvars/traj_-3.142_1.571.xtc


Back Off! I just backed up md.log to ./#md.log.1#
Reading file simulations_essentials/md.tpr, VERSION 2022.5-plumed_2.9.3 (single precision)
Note: file tpx version 127, software tpx version 129

NOTE: Parallelization is limited by the small number of atoms,
      only starting 1 thread-MPI ranks.
      You can use the -nt and/or -ntmpi option to optimize the number of threads.

Overriding nsteps with value passed on the command line: 10000 steps, 20 ps

comm-mode angular will give incorrect results when the comm group partially crosses a periodic boundary
Using 1 MPI thread

Non-default thread affinity set, disabling internal thread affinity

Using 1 OpenMP thread 


Back Off! I just backed up Colvars/traj_-3.142_1.571.xtc to Colvars/#traj_-3.142_1.571.xtc.1#

Back Off! I just backed up traj.trr to ./#traj.trr.1#

Back Off! I just backed up ener.edr to ./#ener.edr.1#
starting mdrun 'Generated by trjconv : Generated by trjconv : Alanine in vacuum in water t= 4500.00000'
10000 steps,     20.0 ps.

Writing final coordinates.

Back Off! I just backed up confout.gro to ./#confout.gro.1#

               Core t (s)   Wall t (s)        (%)
       Time:        2.033        2.033      100.0
                 (ns/day)    (hour/ns)
Performance:      850.195        0.028

GROMACS reminds you: "Energy is a very subtle concept. It is very, very difficult to get right." (Richard Feynman)

    :-) GROMACS - gmx mdrun, 2023.2-EasyBuild_4.9.0_PLUMED_2.9.0.GMX2023 (-:

Executable:   /sw/arch/RHEL8/EB_production/2023/software/GROMACS/2023.2-foss-2023a-PLUMED-2.9.0.GMX2023/bin/gmx
Data prefix:  /sw/arch/RHEL8/EB_production/2023/software/GROMACS/2023.2-foss-2023a-PLUMED-2.9.0.GMX2023
Working dir:  /gpfs/home1/ekempkes/adipep_umbrella_grid_superfast/result_GRID20649832
Command line:
  gmx mdrun -s simulations_essentials/md.tpr -plumed Colvars/plumed_-3.142_2.356.dat -nsteps 10000 -x Colvars/traj_-3.142_2.356.xtc


Back Off! I just backed up md.log to ./#md.log.1#
Reading file simulations_essentials/md.tpr, VERSION 2022.5-plumed_2.9.3 (single precision)
Note: file tpx version 127, software tpx version 129

NOTE: Parallelization is limited by the small number of atoms,
      only starting 1 thread-MPI ranks.
      You can use the -nt and/or -ntmpi option to optimize the number of threads.

Overriding nsteps with value passed on the command line: 10000 steps, 20 ps

comm-mode angular will give incorrect results when the comm group partially crosses a periodic boundary
Using 1 MPI thread

Non-default thread affinity set, disabling internal thread affinity

Using 1 OpenMP thread 


Back Off! I just backed up traj.trr to ./#traj.trr.1#

Back Off! I just backed up ener.edr to ./#ener.edr.1#
starting mdrun 'Generated by trjconv : Generated by trjconv : Alanine in vacuum in water t= 4500.00000'
10000 steps,     20.0 ps.

Writing final coordinates.

Back Off! I just backed up confout.gro to ./#confout.gro.1#

               Core t (s)   Wall t (s)        (%)
       Time:        2.037        2.038      100.0
                 (ns/day)    (hour/ns)
Performance:      848.175        0.028

GROMACS reminds you: "It's So Fast It's Slow" (F. Black)

    :-) GROMACS - gmx mdrun, 2023.2-EasyBuild_4.9.0_PLUMED_2.9.0.GMX2023 (-:

Executable:   /sw/arch/RHEL8/EB_production/2023/software/GROMACS/2023.2-foss-2023a-PLUMED-2.9.0.GMX2023/bin/gmx
Data prefix:  /sw/arch/RHEL8/EB_production/2023/software/GROMACS/2023.2-foss-2023a-PLUMED-2.9.0.GMX2023
Working dir:  /gpfs/home1/ekempkes/adipep_umbrella_grid_superfast/result_GRID20649832
Command line:
  gmx mdrun -s simulations_essentials/md.tpr -plumed Colvars/plumed_-2.356_-3.142.dat -nsteps 10000 -x Colvars/traj_-2.356_-3.142.xtc


Back Off! I just backed up md.log to ./#md.log.1#
Reading file simulations_essentials/md.tpr, VERSION 2022.5-plumed_2.9.3 (single precision)
Note: file tpx version 127, software tpx version 129

NOTE: Parallelization is limited by the small number of atoms,
      only starting 1 thread-MPI ranks.
      You can use the -nt and/or -ntmpi option to optimize the number of threads.

Overriding nsteps with value passed on the command line: 10000 steps, 20 ps

comm-mode angular will give incorrect results when the comm group partially crosses a periodic boundary
Using 1 MPI thread

Non-default thread affinity set, disabling internal thread affinity

Using 1 OpenMP thread 


Back Off! I just backed up traj.trr to ./#traj.trr.1#

Back Off! I just backed up ener.edr to ./#ener.edr.1#
starting mdrun 'Generated by trjconv : Generated by trjconv : Alanine in vacuum in water t= 4500.00000'
10000 steps,     20.0 ps.

Writing final coordinates.

Back Off! I just backed up confout.gro to ./#confout.gro.1#

               Core t (s)   Wall t (s)        (%)
       Time:        2.026        2.026      100.0
                 (ns/day)    (hour/ns)
Performance:      852.922        0.028

GROMACS reminds you: "There are three kinds of men. The one that learns by reading. The few who learn by observation. The rest of them have to pee on the electric fence for themselves." (Will Rogers)

    :-) GROMACS - gmx mdrun, 2023.2-EasyBuild_4.9.0_PLUMED_2.9.0.GMX2023 (-:

Executable:   /sw/arch/RHEL8/EB_production/2023/software/GROMACS/2023.2-foss-2023a-PLUMED-2.9.0.GMX2023/bin/gmx
Data prefix:  /sw/arch/RHEL8/EB_production/2023/software/GROMACS/2023.2-foss-2023a-PLUMED-2.9.0.GMX2023
Working dir:  /gpfs/home1/ekempkes/adipep_umbrella_grid_superfast/result_GRID20649832
Command line:
  gmx mdrun -s simulations_essentials/md.tpr -plumed Colvars/plumed_-2.356_-2.356.dat -nsteps 10000 -x Colvars/traj_-2.356_-2.356.xtc


Back Off! I just backed up md.log to ./#md.log.1#
Reading file simulations_essentials/md.tpr, VERSION 2022.5-plumed_2.9.3 (single precision)
Note: file tpx version 127, software tpx version 129

NOTE: Parallelization is limited by the small number of atoms,
      only starting 1 thread-MPI ranks.
      You can use the -nt and/or -ntmpi option to optimize the number of threads.

Overriding nsteps with value passed on the command line: 10000 steps, 20 ps

comm-mode angular will give incorrect results when the comm group partially crosses a periodic boundary
Using 1 MPI thread

Non-default thread affinity set, disabling internal thread affinity

Using 1 OpenMP thread 


Back Off! I just backed up traj.trr to ./#traj.trr.1#

Back Off! I just backed up ener.edr to ./#ener.edr.1#
starting mdrun 'Generated by trjconv : Generated by trjconv : Alanine in vacuum in water t= 4500.00000'
10000 steps,     20.0 ps.

Writing final coordinates.

Back Off! I just backed up confout.gro to ./#confout.gro.1#

               Core t (s)   Wall t (s)        (%)
       Time:        2.045        2.045      100.0
                 (ns/day)    (hour/ns)
Performance:      845.081        0.028

GROMACS reminds you: "Correctomundo" (Pulp Fiction)

    :-) GROMACS - gmx mdrun, 2023.2-EasyBuild_4.9.0_PLUMED_2.9.0.GMX2023 (-:

Executable:   /sw/arch/RHEL8/EB_production/2023/software/GROMACS/2023.2-foss-2023a-PLUMED-2.9.0.GMX2023/bin/gmx
Data prefix:  /sw/arch/RHEL8/EB_production/2023/software/GROMACS/2023.2-foss-2023a-PLUMED-2.9.0.GMX2023
Working dir:  /gpfs/home1/ekempkes/adipep_umbrella_grid_superfast/result_GRID20649832
Command line:
  gmx mdrun -s simulations_essentials/md.tpr -plumed Colvars/plumed_-2.356_-1.571.dat -nsteps 10000 -x Colvars/traj_-2.356_-1.571.xtc


Back Off! I just backed up md.log to ./#md.log.1#
Reading file simulations_essentials/md.tpr, VERSION 2022.5-plumed_2.9.3 (single precision)
Note: file tpx version 127, software tpx version 129

NOTE: Parallelization is limited by the small number of atoms,
      only starting 1 thread-MPI ranks.
      You can use the -nt and/or -ntmpi option to optimize the number of threads.

Overriding nsteps with value passed on the command line: 10000 steps, 20 ps

comm-mode angular will give incorrect results when the comm group partially crosses a periodic boundary
Using 1 MPI thread

Non-default thread affinity set, disabling internal thread affinity

Using 1 OpenMP thread 


Back Off! I just backed up traj.trr to ./#traj.trr.1#

Back Off! I just backed up ener.edr to ./#ener.edr.1#
starting mdrun 'Generated by trjconv : Generated by trjconv : Alanine in vacuum in water t= 4500.00000'
10000 steps,     20.0 ps.

Writing final coordinates.

Back Off! I just backed up confout.gro to ./#confout.gro.1#

               Core t (s)   Wall t (s)        (%)
       Time:        2.037        2.037      100.0
                 (ns/day)    (hour/ns)
Performance:      848.207        0.028

GROMACS reminds you: "There's No Room For the Weak" (Joy Division)

    :-) GROMACS - gmx mdrun, 2023.2-EasyBuild_4.9.0_PLUMED_2.9.0.GMX2023 (-:

Executable:   /sw/arch/RHEL8/EB_production/2023/software/GROMACS/2023.2-foss-2023a-PLUMED-2.9.0.GMX2023/bin/gmx
Data prefix:  /sw/arch/RHEL8/EB_production/2023/software/GROMACS/2023.2-foss-2023a-PLUMED-2.9.0.GMX2023
Working dir:  /gpfs/home1/ekempkes/adipep_umbrella_grid_superfast/result_GRID20649832
Command line:
  gmx mdrun -s simulations_essentials/md.tpr -plumed Colvars/plumed_-2.356_-0.785.dat -nsteps 10000 -x Colvars/traj_-2.356_-0.785.xtc


Back Off! I just backed up md.log to ./#md.log.1#
Reading file simulations_essentials/md.tpr, VERSION 2022.5-plumed_2.9.3 (single precision)
Note: file tpx version 127, software tpx version 129

NOTE: Parallelization is limited by the small number of atoms,
      only starting 1 thread-MPI ranks.
      You can use the -nt and/or -ntmpi option to optimize the number of threads.

Overriding nsteps with value passed on the command line: 10000 steps, 20 ps

comm-mode angular will give incorrect results when the comm group partially crosses a periodic boundary
Using 1 MPI thread

Non-default thread affinity set, disabling internal thread affinity

Using 1 OpenMP thread 


Back Off! I just backed up traj.trr to ./#traj.trr.1#

Back Off! I just backed up ener.edr to ./#ener.edr.1#
starting mdrun 'Generated by trjconv : Generated by trjconv : Alanine in vacuum in water t= 4500.00000'
10000 steps,     20.0 ps.

Writing final coordinates.

Back Off! I just backed up confout.gro to ./#confout.gro.1#

               Core t (s)   Wall t (s)        (%)
       Time:        2.032        2.032      100.0
                 (ns/day)    (hour/ns)
Performance:      850.292        0.028

GROMACS reminds you: "Jede der Scherben spiegelt das Licht" (Wir sind Helden)

    :-) GROMACS - gmx mdrun, 2023.2-EasyBuild_4.9.0_PLUMED_2.9.0.GMX2023 (-:

Executable:   /sw/arch/RHEL8/EB_production/2023/software/GROMACS/2023.2-foss-2023a-PLUMED-2.9.0.GMX2023/bin/gmx
Data prefix:  /sw/arch/RHEL8/EB_production/2023/software/GROMACS/2023.2-foss-2023a-PLUMED-2.9.0.GMX2023
Working dir:  /gpfs/home1/ekempkes/adipep_umbrella_grid_superfast/result_GRID20649832
Command line:
  gmx mdrun -s simulations_essentials/md.tpr -plumed Colvars/plumed_-2.356_0.000.dat -nsteps 10000 -x Colvars/traj_-2.356_0.000.xtc


Back Off! I just backed up md.log to ./#md.log.1#
Reading file simulations_essentials/md.tpr, VERSION 2022.5-plumed_2.9.3 (single precision)
Note: file tpx version 127, software tpx version 129

NOTE: Parallelization is limited by the small number of atoms,
      only starting 1 thread-MPI ranks.
      You can use the -nt and/or -ntmpi option to optimize the number of threads.

Overriding nsteps with value passed on the command line: 10000 steps, 20 ps

comm-mode angular will give incorrect results when the comm group partially crosses a periodic boundary
Using 1 MPI thread

Non-default thread affinity set, disabling internal thread affinity

Using 1 OpenMP thread 


Back Off! I just backed up traj.trr to ./#traj.trr.1#

Back Off! I just backed up ener.edr to ./#ener.edr.1#
starting mdrun 'Generated by trjconv : Generated by trjconv : Alanine in vacuum in water t= 4500.00000'
10000 steps,     20.0 ps.

Writing final coordinates.

Back Off! I just backed up confout.gro to ./#confout.gro.1#

               Core t (s)   Wall t (s)        (%)
       Time:        2.061        2.061      100.0
                 (ns/day)    (hour/ns)
Performance:      838.373        0.029

GROMACS reminds you: "The Universe is Somewhere In Here" (J.G.E.M. Fraaije)

    :-) GROMACS - gmx mdrun, 2023.2-EasyBuild_4.9.0_PLUMED_2.9.0.GMX2023 (-:

Executable:   /sw/arch/RHEL8/EB_production/2023/software/GROMACS/2023.2-foss-2023a-PLUMED-2.9.0.GMX2023/bin/gmx
Data prefix:  /sw/arch/RHEL8/EB_production/2023/software/GROMACS/2023.2-foss-2023a-PLUMED-2.9.0.GMX2023
Working dir:  /gpfs/home1/ekempkes/adipep_umbrella_grid_superfast/result_GRID20649832
Command line:
  gmx mdrun -s simulations_essentials/md.tpr -plumed Colvars/plumed_-2.356_0.785.dat -nsteps 10000 -x Colvars/traj_-2.356_0.785.xtc


Back Off! I just backed up md.log to ./#md.log.1#
Reading file simulations_essentials/md.tpr, VERSION 2022.5-plumed_2.9.3 (single precision)
Note: file tpx version 127, software tpx version 129

NOTE: Parallelization is limited by the small number of atoms,
      only starting 1 thread-MPI ranks.
      You can use the -nt and/or -ntmpi option to optimize the number of threads.

Overriding nsteps with value passed on the command line: 10000 steps, 20 ps

comm-mode angular will give incorrect results when the comm group partially crosses a periodic boundary
Using 1 MPI thread

Non-default thread affinity set, disabling internal thread affinity

Using 1 OpenMP thread 


Back Off! I just backed up traj.trr to ./#traj.trr.1#

Back Off! I just backed up ener.edr to ./#ener.edr.1#
starting mdrun 'Generated by trjconv : Generated by trjconv : Alanine in vacuum in water t= 4500.00000'
10000 steps,     20.0 ps.

Writing final coordinates.

Back Off! I just backed up confout.gro to ./#confout.gro.1#

               Core t (s)   Wall t (s)        (%)
       Time:        2.048        2.048      100.0
                 (ns/day)    (hour/ns)
Performance:      843.707        0.028

GROMACS reminds you: "Step On the Brakes" (2 Unlimited)

    :-) GROMACS - gmx mdrun, 2023.2-EasyBuild_4.9.0_PLUMED_2.9.0.GMX2023 (-:

Executable:   /sw/arch/RHEL8/EB_production/2023/software/GROMACS/2023.2-foss-2023a-PLUMED-2.9.0.GMX2023/bin/gmx
Data prefix:  /sw/arch/RHEL8/EB_production/2023/software/GROMACS/2023.2-foss-2023a-PLUMED-2.9.0.GMX2023
Working dir:  /gpfs/home1/ekempkes/adipep_umbrella_grid_superfast/result_GRID20649832
Command line:
  gmx mdrun -s simulations_essentials/md.tpr -plumed Colvars/plumed_-2.356_1.571.dat -nsteps 10000 -x Colvars/traj_-2.356_1.571.xtc


Back Off! I just backed up md.log to ./#md.log.1#
Reading file simulations_essentials/md.tpr, VERSION 2022.5-plumed_2.9.3 (single precision)
Note: file tpx version 127, software tpx version 129

NOTE: Parallelization is limited by the small number of atoms,
      only starting 1 thread-MPI ranks.
      You can use the -nt and/or -ntmpi option to optimize the number of threads.

Overriding nsteps with value passed on the command line: 10000 steps, 20 ps

comm-mode angular will give incorrect results when the comm group partially crosses a periodic boundary
Using 1 MPI thread

Non-default thread affinity set, disabling internal thread affinity

Using 1 OpenMP thread 


Back Off! I just backed up traj.trr to ./#traj.trr.1#

Back Off! I just backed up ener.edr to ./#ener.edr.1#
starting mdrun 'Generated by trjconv : Generated by trjconv : Alanine in vacuum in water t= 4500.00000'
10000 steps,     20.0 ps.

Writing final coordinates.

Back Off! I just backed up confout.gro to ./#confout.gro.1#

               Core t (s)   Wall t (s)        (%)
       Time:        2.067        2.067      100.0
                 (ns/day)    (hour/ns)
Performance:      836.177        0.029

GROMACS reminds you: "Inventions have long since reached their limit, and I see no hope for further development." (Julius Sextus Frontinus, 1st century A.D.)

    :-) GROMACS - gmx mdrun, 2023.2-EasyBuild_4.9.0_PLUMED_2.9.0.GMX2023 (-:

Executable:   /sw/arch/RHEL8/EB_production/2023/software/GROMACS/2023.2-foss-2023a-PLUMED-2.9.0.GMX2023/bin/gmx
Data prefix:  /sw/arch/RHEL8/EB_production/2023/software/GROMACS/2023.2-foss-2023a-PLUMED-2.9.0.GMX2023
Working dir:  /gpfs/home1/ekempkes/adipep_umbrella_grid_superfast/result_GRID20649832
Command line:
  gmx mdrun -s simulations_essentials/md.tpr -plumed Colvars/plumed_-2.356_2.356.dat -nsteps 10000 -x Colvars/traj_-2.356_2.356.xtc


Back Off! I just backed up md.log to ./#md.log.1#
Reading file simulations_essentials/md.tpr, VERSION 2022.5-plumed_2.9.3 (single precision)
Note: file tpx version 127, software tpx version 129

NOTE: Parallelization is limited by the small number of atoms,
      only starting 1 thread-MPI ranks.
      You can use the -nt and/or -ntmpi option to optimize the number of threads.

Overriding nsteps with value passed on the command line: 10000 steps, 20 ps

comm-mode angular will give incorrect results when the comm group partially crosses a periodic boundary
Using 1 MPI thread

Non-default thread affinity set, disabling internal thread affinity

Using 1 OpenMP thread 


Back Off! I just backed up traj.trr to ./#traj.trr.1#

Back Off! I just backed up ener.edr to ./#ener.edr.1#
starting mdrun 'Generated by trjconv : Generated by trjconv : Alanine in vacuum in water t= 4500.00000'
10000 steps,     20.0 ps.

Writing final coordinates.

Back Off! I just backed up confout.gro to ./#confout.gro.1#

               Core t (s)   Wall t (s)        (%)
       Time:        2.100        2.100      100.0
                 (ns/day)    (hour/ns)
Performance:      822.915        0.029

GROMACS reminds you: "Never attribute to malice that which can be adequately explained by stupidity." (Robert Hanlon)

    :-) GROMACS - gmx mdrun, 2023.2-EasyBuild_4.9.0_PLUMED_2.9.0.GMX2023 (-:

Executable:   /sw/arch/RHEL8/EB_production/2023/software/GROMACS/2023.2-foss-2023a-PLUMED-2.9.0.GMX2023/bin/gmx
Data prefix:  /sw/arch/RHEL8/EB_production/2023/software/GROMACS/2023.2-foss-2023a-PLUMED-2.9.0.GMX2023
Working dir:  /gpfs/home1/ekempkes/adipep_umbrella_grid_superfast/result_GRID20649832
Command line:
  gmx mdrun -s simulations_essentials/md.tpr -plumed Colvars/plumed_-1.571_-3.142.dat -nsteps 10000 -x Colvars/traj_-1.571_-3.142.xtc


Back Off! I just backed up md.log to ./#md.log.1#
Reading file simulations_essentials/md.tpr, VERSION 2022.5-plumed_2.9.3 (single precision)
Note: file tpx version 127, software tpx version 129

NOTE: Parallelization is limited by the small number of atoms,
      only starting 1 thread-MPI ranks.
      You can use the -nt and/or -ntmpi option to optimize the number of threads.

Overriding nsteps with value passed on the command line: 10000 steps, 20 ps

comm-mode angular will give incorrect results when the comm group partially crosses a periodic boundary
Using 1 MPI thread

Non-default thread affinity set, disabling internal thread affinity

Using 1 OpenMP thread 


Back Off! I just backed up Colvars/traj_-1.571_-3.142.xtc to Colvars/#traj_-1.571_-3.142.xtc.1#

Back Off! I just backed up traj.trr to ./#traj.trr.1#

Back Off! I just backed up ener.edr to ./#ener.edr.1#
starting mdrun 'Generated by trjconv : Generated by trjconv : Alanine in vacuum in water t= 4500.00000'
10000 steps,     20.0 ps.

Writing final coordinates.

Back Off! I just backed up confout.gro to ./#confout.gro.1#

               Core t (s)   Wall t (s)        (%)
       Time:        2.054        2.054      100.0
                 (ns/day)    (hour/ns)
Performance:      841.193        0.029

GROMACS reminds you: "Bring Out the Gimp" (Pulp Fiction)

    :-) GROMACS - gmx mdrun, 2023.2-EasyBuild_4.9.0_PLUMED_2.9.0.GMX2023 (-:

Executable:   /sw/arch/RHEL8/EB_production/2023/software/GROMACS/2023.2-foss-2023a-PLUMED-2.9.0.GMX2023/bin/gmx
Data prefix:  /sw/arch/RHEL8/EB_production/2023/software/GROMACS/2023.2-foss-2023a-PLUMED-2.9.0.GMX2023
Working dir:  /gpfs/home1/ekempkes/adipep_umbrella_grid_superfast/result_GRID20649832
Command line:
  gmx mdrun -s simulations_essentials/md.tpr -plumed Colvars/plumed_-1.571_-2.356.dat -nsteps 10000 -x Colvars/traj_-1.571_-2.356.xtc


Back Off! I just backed up md.log to ./#md.log.1#
Reading file simulations_essentials/md.tpr, VERSION 2022.5-plumed_2.9.3 (single precision)
Note: file tpx version 127, software tpx version 129

NOTE: Parallelization is limited by the small number of atoms,
      only starting 1 thread-MPI ranks.
      You can use the -nt and/or -ntmpi option to optimize the number of threads.

Overriding nsteps with value passed on the command line: 10000 steps, 20 ps

comm-mode angular will give incorrect results when the comm group partially crosses a periodic boundary
Using 1 MPI thread

Non-default thread affinity set, disabling internal thread affinity

Using 1 OpenMP thread 


Back Off! I just backed up traj.trr to ./#traj.trr.1#

Back Off! I just backed up ener.edr to ./#ener.edr.1#
starting mdrun 'Generated by trjconv : Generated by trjconv : Alanine in vacuum in water t= 4500.00000'
10000 steps,     20.0 ps.

Writing final coordinates.

Back Off! I just backed up confout.gro to ./#confout.gro.1#

               Core t (s)   Wall t (s)        (%)
       Time:        2.040        2.040      100.0
                 (ns/day)    (hour/ns)
Performance:      847.101        0.028

GROMACS reminds you: "Carry Me Away" (Motors)

    :-) GROMACS - gmx mdrun, 2023.2-EasyBuild_4.9.0_PLUMED_2.9.0.GMX2023 (-:

Executable:   /sw/arch/RHEL8/EB_production/2023/software/GROMACS/2023.2-foss-2023a-PLUMED-2.9.0.GMX2023/bin/gmx
Data prefix:  /sw/arch/RHEL8/EB_production/2023/software/GROMACS/2023.2-foss-2023a-PLUMED-2.9.0.GMX2023
Working dir:  /gpfs/home1/ekempkes/adipep_umbrella_grid_superfast/result_GRID20649832
Command line:
  gmx mdrun -s simulations_essentials/md.tpr -plumed Colvars/plumed_-1.571_-1.571.dat -nsteps 10000 -x Colvars/traj_-1.571_-1.571.xtc


Back Off! I just backed up md.log to ./#md.log.1#
Reading file simulations_essentials/md.tpr, VERSION 2022.5-plumed_2.9.3 (single precision)
Note: file tpx version 127, software tpx version 129

NOTE: Parallelization is limited by the small number of atoms,
      only starting 1 thread-MPI ranks.
      You can use the -nt and/or -ntmpi option to optimize the number of threads.

Overriding nsteps with value passed on the command line: 10000 steps, 20 ps

comm-mode angular will give incorrect results when the comm group partially crosses a periodic boundary
Using 1 MPI thread

Non-default thread affinity set, disabling internal thread affinity

Using 1 OpenMP thread 


Back Off! I just backed up Colvars/traj_-1.571_-1.571.xtc to Colvars/#traj_-1.571_-1.571.xtc.1#

Back Off! I just backed up traj.trr to ./#traj.trr.1#

Back Off! I just backed up ener.edr to ./#ener.edr.1#
starting mdrun 'Generated by trjconv : Generated by trjconv : Alanine in vacuum in water t= 4500.00000'
10000 steps,     20.0 ps.

Writing final coordinates.

Back Off! I just backed up confout.gro to ./#confout.gro.1#

               Core t (s)   Wall t (s)        (%)
       Time:        2.056        2.056      100.0
                 (ns/day)    (hour/ns)
Performance:      840.529        0.029

GROMACS reminds you: "In mathematics you don't understand things, you just get used to them" (John von Neumann)

    :-) GROMACS - gmx mdrun, 2023.2-EasyBuild_4.9.0_PLUMED_2.9.0.GMX2023 (-:

Executable:   /sw/arch/RHEL8/EB_production/2023/software/GROMACS/2023.2-foss-2023a-PLUMED-2.9.0.GMX2023/bin/gmx
Data prefix:  /sw/arch/RHEL8/EB_production/2023/software/GROMACS/2023.2-foss-2023a-PLUMED-2.9.0.GMX2023
Working dir:  /gpfs/home1/ekempkes/adipep_umbrella_grid_superfast/result_GRID20649832
Command line:
  gmx mdrun -s simulations_essentials/md.tpr -plumed Colvars/plumed_-1.571_-0.785.dat -nsteps 10000 -x Colvars/traj_-1.571_-0.785.xtc


Back Off! I just backed up md.log to ./#md.log.1#
Reading file simulations_essentials/md.tpr, VERSION 2022.5-plumed_2.9.3 (single precision)
Note: file tpx version 127, software tpx version 129

NOTE: Parallelization is limited by the small number of atoms,
      only starting 1 thread-MPI ranks.
      You can use the -nt and/or -ntmpi option to optimize the number of threads.

Overriding nsteps with value passed on the command line: 10000 steps, 20 ps

comm-mode angular will give incorrect results when the comm group partially crosses a periodic boundary
Using 1 MPI thread

Non-default thread affinity set, disabling internal thread affinity

Using 1 OpenMP thread 


Back Off! I just backed up traj.trr to ./#traj.trr.1#

Back Off! I just backed up ener.edr to ./#ener.edr.1#
starting mdrun 'Generated by trjconv : Generated by trjconv : Alanine in vacuum in water t= 4500.00000'
10000 steps,     20.0 ps.

Writing final coordinates.

Back Off! I just backed up confout.gro to ./#confout.gro.1#

               Core t (s)   Wall t (s)        (%)
       Time:        2.028        2.028      100.0
                 (ns/day)    (hour/ns)
Performance:      851.946        0.028

GROMACS reminds you: "Expertise is not inherently good." (Joe Jordan)

    :-) GROMACS - gmx mdrun, 2023.2-EasyBuild_4.9.0_PLUMED_2.9.0.GMX2023 (-:

Executable:   /sw/arch/RHEL8/EB_production/2023/software/GROMACS/2023.2-foss-2023a-PLUMED-2.9.0.GMX2023/bin/gmx
Data prefix:  /sw/arch/RHEL8/EB_production/2023/software/GROMACS/2023.2-foss-2023a-PLUMED-2.9.0.GMX2023
Working dir:  /gpfs/home1/ekempkes/adipep_umbrella_grid_superfast/result_GRID20649832
Command line:
  gmx mdrun -s simulations_essentials/md.tpr -plumed Colvars/plumed_-1.571_0.000.dat -nsteps 10000 -x Colvars/traj_-1.571_0.000.xtc


Back Off! I just backed up md.log to ./#md.log.1#
Reading file simulations_essentials/md.tpr, VERSION 2022.5-plumed_2.9.3 (single precision)
Note: file tpx version 127, software tpx version 129

NOTE: Parallelization is limited by the small number of atoms,
      only starting 1 thread-MPI ranks.
      You can use the -nt and/or -ntmpi option to optimize the number of threads.

Overriding nsteps with value passed on the command line: 10000 steps, 20 ps

comm-mode angular will give incorrect results when the comm group partially crosses a periodic boundary
Using 1 MPI thread

Non-default thread affinity set, disabling internal thread affinity

Using 1 OpenMP thread 


Back Off! I just backed up Colvars/traj_-1.571_0.000.xtc to Colvars/#traj_-1.571_0.000.xtc.1#

Back Off! I just backed up traj.trr to ./#traj.trr.1#

Back Off! I just backed up ener.edr to ./#ener.edr.1#
starting mdrun 'Generated by trjconv : Generated by trjconv : Alanine in vacuum in water t= 4500.00000'
10000 steps,     20.0 ps.

Writing final coordinates.

Back Off! I just backed up confout.gro to ./#confout.gro.1#

               Core t (s)   Wall t (s)        (%)
       Time:        2.095        2.095      100.0
                 (ns/day)    (hour/ns)
Performance:      824.886        0.029

GROMACS reminds you: "It Was My Pleasure" (Pulp Fiction)

    :-) GROMACS - gmx mdrun, 2023.2-EasyBuild_4.9.0_PLUMED_2.9.0.GMX2023 (-:

Executable:   /sw/arch/RHEL8/EB_production/2023/software/GROMACS/2023.2-foss-2023a-PLUMED-2.9.0.GMX2023/bin/gmx
Data prefix:  /sw/arch/RHEL8/EB_production/2023/software/GROMACS/2023.2-foss-2023a-PLUMED-2.9.0.GMX2023
Working dir:  /gpfs/home1/ekempkes/adipep_umbrella_grid_superfast/result_GRID20649832
Command line:
  gmx mdrun -s simulations_essentials/md.tpr -plumed Colvars/plumed_-1.571_0.785.dat -nsteps 10000 -x Colvars/traj_-1.571_0.785.xtc


Back Off! I just backed up md.log to ./#md.log.1#
Reading file simulations_essentials/md.tpr, VERSION 2022.5-plumed_2.9.3 (single precision)
Note: file tpx version 127, software tpx version 129

NOTE: Parallelization is limited by the small number of atoms,
      only starting 1 thread-MPI ranks.
      You can use the -nt and/or -ntmpi option to optimize the number of threads.

Overriding nsteps with value passed on the command line: 10000 steps, 20 ps

comm-mode angular will give incorrect results when the comm group partially crosses a periodic boundary
Using 1 MPI thread

Non-default thread affinity set, disabling internal thread affinity

Using 1 OpenMP thread 


Back Off! I just backed up traj.trr to ./#traj.trr.1#

Back Off! I just backed up ener.edr to ./#ener.edr.1#
starting mdrun 'Generated by trjconv : Generated by trjconv : Alanine in vacuum in water t= 4500.00000'
10000 steps,     20.0 ps.

Writing final coordinates.

Back Off! I just backed up confout.gro to ./#confout.gro.1#

               Core t (s)   Wall t (s)        (%)
       Time:        2.034        2.034      100.0
                 (ns/day)    (hour/ns)
Performance:      849.669        0.028

GROMACS reminds you: "If you're doing I/O, you're doing it wrong!" (Cannada "Drew" Lewis)

    :-) GROMACS - gmx mdrun, 2023.2-EasyBuild_4.9.0_PLUMED_2.9.0.GMX2023 (-:

Executable:   /sw/arch/RHEL8/EB_production/2023/software/GROMACS/2023.2-foss-2023a-PLUMED-2.9.0.GMX2023/bin/gmx
Data prefix:  /sw/arch/RHEL8/EB_production/2023/software/GROMACS/2023.2-foss-2023a-PLUMED-2.9.0.GMX2023
Working dir:  /gpfs/home1/ekempkes/adipep_umbrella_grid_superfast/result_GRID20649832
Command line:
  gmx mdrun -s simulations_essentials/md.tpr -plumed Colvars/plumed_-1.571_1.571.dat -nsteps 10000 -x Colvars/traj_-1.571_1.571.xtc


Back Off! I just backed up md.log to ./#md.log.1#
Reading file simulations_essentials/md.tpr, VERSION 2022.5-plumed_2.9.3 (single precision)
Note: file tpx version 127, software tpx version 129

NOTE: Parallelization is limited by the small number of atoms,
      only starting 1 thread-MPI ranks.
      You can use the -nt and/or -ntmpi option to optimize the number of threads.

Overriding nsteps with value passed on the command line: 10000 steps, 20 ps

comm-mode angular will give incorrect results when the comm group partially crosses a periodic boundary
Using 1 MPI thread

Non-default thread affinity set, disabling internal thread affinity

Using 1 OpenMP thread 


Back Off! I just backed up Colvars/traj_-1.571_1.571.xtc to Colvars/#traj_-1.571_1.571.xtc.1#

Back Off! I just backed up traj.trr to ./#traj.trr.1#

Back Off! I just backed up ener.edr to ./#ener.edr.1#
starting mdrun 'Generated by trjconv : Generated by trjconv : Alanine in vacuum in water t= 4500.00000'
10000 steps,     20.0 ps.

Writing final coordinates.

Back Off! I just backed up confout.gro to ./#confout.gro.1#

               Core t (s)   Wall t (s)        (%)
       Time:        2.028        2.028      100.0
                 (ns/day)    (hour/ns)
Performance:      852.060        0.028

GROMACS reminds you: "Ubiquitin's just a rock" (Berk Hess)

    :-) GROMACS - gmx mdrun, 2023.2-EasyBuild_4.9.0_PLUMED_2.9.0.GMX2023 (-:

Executable:   /sw/arch/RHEL8/EB_production/2023/software/GROMACS/2023.2-foss-2023a-PLUMED-2.9.0.GMX2023/bin/gmx
Data prefix:  /sw/arch/RHEL8/EB_production/2023/software/GROMACS/2023.2-foss-2023a-PLUMED-2.9.0.GMX2023
Working dir:  /gpfs/home1/ekempkes/adipep_umbrella_grid_superfast/result_GRID20649832
Command line:
  gmx mdrun -s simulations_essentials/md.tpr -plumed Colvars/plumed_-1.571_2.356.dat -nsteps 10000 -x Colvars/traj_-1.571_2.356.xtc


Back Off! I just backed up md.log to ./#md.log.1#
Reading file simulations_essentials/md.tpr, VERSION 2022.5-plumed_2.9.3 (single precision)
Note: file tpx version 127, software tpx version 129

NOTE: Parallelization is limited by the small number of atoms,
      only starting 1 thread-MPI ranks.
      You can use the -nt and/or -ntmpi option to optimize the number of threads.

Overriding nsteps with value passed on the command line: 10000 steps, 20 ps

comm-mode angular will give incorrect results when the comm group partially crosses a periodic boundary
Using 1 MPI thread

Non-default thread affinity set, disabling internal thread affinity

Using 1 OpenMP thread 


Back Off! I just backed up traj.trr to ./#traj.trr.1#

Back Off! I just backed up ener.edr to ./#ener.edr.1#
starting mdrun 'Generated by trjconv : Generated by trjconv : Alanine in vacuum in water t= 4500.00000'
10000 steps,     20.0 ps.

Writing final coordinates.

Back Off! I just backed up confout.gro to ./#confout.gro.1#

               Core t (s)   Wall t (s)        (%)
       Time:        2.038        2.038      100.0
                 (ns/day)    (hour/ns)
Performance:      847.843        0.028

GROMACS reminds you: "It all works because Avogadro's number is closer to infinity than to 10." (Ralph Baierlein)

    :-) GROMACS - gmx mdrun, 2023.2-EasyBuild_4.9.0_PLUMED_2.9.0.GMX2023 (-:

Executable:   /sw/arch/RHEL8/EB_production/2023/software/GROMACS/2023.2-foss-2023a-PLUMED-2.9.0.GMX2023/bin/gmx
Data prefix:  /sw/arch/RHEL8/EB_production/2023/software/GROMACS/2023.2-foss-2023a-PLUMED-2.9.0.GMX2023
Working dir:  /gpfs/home1/ekempkes/adipep_umbrella_grid_superfast/result_GRID20649832
Command line:
  gmx mdrun -s simulations_essentials/md.tpr -plumed Colvars/plumed_-0.785_-3.142.dat -nsteps 10000 -x Colvars/traj_-0.785_-3.142.xtc


Back Off! I just backed up md.log to ./#md.log.1#
Reading file simulations_essentials/md.tpr, VERSION 2022.5-plumed_2.9.3 (single precision)
Note: file tpx version 127, software tpx version 129

NOTE: Parallelization is limited by the small number of atoms,
      only starting 1 thread-MPI ranks.
      You can use the -nt and/or -ntmpi option to optimize the number of threads.

Overriding nsteps with value passed on the command line: 10000 steps, 20 ps

comm-mode angular will give incorrect results when the comm group partially crosses a periodic boundary
Using 1 MPI thread

Non-default thread affinity set, disabling internal thread affinity

Using 1 OpenMP thread 


Back Off! I just backed up traj.trr to ./#traj.trr.1#

Back Off! I just backed up ener.edr to ./#ener.edr.1#
starting mdrun 'Generated by trjconv : Generated by trjconv : Alanine in vacuum in water t= 4500.00000'
10000 steps,     20.0 ps.

Writing final coordinates.

Back Off! I just backed up confout.gro to ./#confout.gro.1#

               Core t (s)   Wall t (s)        (%)
       Time:        2.044        2.044      100.0
                 (ns/day)    (hour/ns)
Performance:      845.347        0.028

GROMACS reminds you: "I've Got Two Turntables and a Microphone" (B. Hansen)

    :-) GROMACS - gmx mdrun, 2023.2-EasyBuild_4.9.0_PLUMED_2.9.0.GMX2023 (-:

Executable:   /sw/arch/RHEL8/EB_production/2023/software/GROMACS/2023.2-foss-2023a-PLUMED-2.9.0.GMX2023/bin/gmx
Data prefix:  /sw/arch/RHEL8/EB_production/2023/software/GROMACS/2023.2-foss-2023a-PLUMED-2.9.0.GMX2023
Working dir:  /gpfs/home1/ekempkes/adipep_umbrella_grid_superfast/result_GRID20649832
Command line:
  gmx mdrun -s simulations_essentials/md.tpr -plumed Colvars/plumed_-0.785_-2.356.dat -nsteps 10000 -x Colvars/traj_-0.785_-2.356.xtc


Back Off! I just backed up md.log to ./#md.log.1#
Reading file simulations_essentials/md.tpr, VERSION 2022.5-plumed_2.9.3 (single precision)
Note: file tpx version 127, software tpx version 129

NOTE: Parallelization is limited by the small number of atoms,
      only starting 1 thread-MPI ranks.
      You can use the -nt and/or -ntmpi option to optimize the number of threads.

Overriding nsteps with value passed on the command line: 10000 steps, 20 ps

comm-mode angular will give incorrect results when the comm group partially crosses a periodic boundary
Using 1 MPI thread

Non-default thread affinity set, disabling internal thread affinity

Using 1 OpenMP thread 


Back Off! I just backed up traj.trr to ./#traj.trr.1#

Back Off! I just backed up ener.edr to ./#ener.edr.1#
starting mdrun 'Generated by trjconv : Generated by trjconv : Alanine in vacuum in water t= 4500.00000'
10000 steps,     20.0 ps.

Writing final coordinates.

Back Off! I just backed up confout.gro to ./#confout.gro.1#

               Core t (s)   Wall t (s)        (%)
       Time:        2.028        2.029      100.0
                 (ns/day)    (hour/ns)
Performance:      851.910        0.028

GROMACS reminds you: "Art For Arts Sake, Money For Gods Sake" (10 CC)

    :-) GROMACS - gmx mdrun, 2023.2-EasyBuild_4.9.0_PLUMED_2.9.0.GMX2023 (-:

Executable:   /sw/arch/RHEL8/EB_production/2023/software/GROMACS/2023.2-foss-2023a-PLUMED-2.9.0.GMX2023/bin/gmx
Data prefix:  /sw/arch/RHEL8/EB_production/2023/software/GROMACS/2023.2-foss-2023a-PLUMED-2.9.0.GMX2023
Working dir:  /gpfs/home1/ekempkes/adipep_umbrella_grid_superfast/result_GRID20649832
Command line:
  gmx mdrun -s simulations_essentials/md.tpr -plumed Colvars/plumed_-0.785_-1.571.dat -nsteps 10000 -x Colvars/traj_-0.785_-1.571.xtc


Back Off! I just backed up md.log to ./#md.log.1#
Reading file simulations_essentials/md.tpr, VERSION 2022.5-plumed_2.9.3 (single precision)
Note: file tpx version 127, software tpx version 129

NOTE: Parallelization is limited by the small number of atoms,
      only starting 1 thread-MPI ranks.
      You can use the -nt and/or -ntmpi option to optimize the number of threads.

Overriding nsteps with value passed on the command line: 10000 steps, 20 ps

comm-mode angular will give incorrect results when the comm group partially crosses a periodic boundary
Using 1 MPI thread

Non-default thread affinity set, disabling internal thread affinity

Using 1 OpenMP thread 


Back Off! I just backed up traj.trr to ./#traj.trr.1#

Back Off! I just backed up ener.edr to ./#ener.edr.1#
starting mdrun 'Generated by trjconv : Generated by trjconv : Alanine in vacuum in water t= 4500.00000'
10000 steps,     20.0 ps.

Writing final coordinates.

Back Off! I just backed up confout.gro to ./#confout.gro.1#

               Core t (s)   Wall t (s)        (%)
       Time:        2.019        2.019      100.0
                 (ns/day)    (hour/ns)
Performance:      855.815        0.028

GROMACS reminds you: "We haven't the money, so we've got to think." (Ernest Rutherford)

    :-) GROMACS - gmx mdrun, 2023.2-EasyBuild_4.9.0_PLUMED_2.9.0.GMX2023 (-:

Executable:   /sw/arch/RHEL8/EB_production/2023/software/GROMACS/2023.2-foss-2023a-PLUMED-2.9.0.GMX2023/bin/gmx
Data prefix:  /sw/arch/RHEL8/EB_production/2023/software/GROMACS/2023.2-foss-2023a-PLUMED-2.9.0.GMX2023
Working dir:  /gpfs/home1/ekempkes/adipep_umbrella_grid_superfast/result_GRID20649832
Command line:
  gmx mdrun -s simulations_essentials/md.tpr -plumed Colvars/plumed_-0.785_-0.785.dat -nsteps 10000 -x Colvars/traj_-0.785_-0.785.xtc


Back Off! I just backed up md.log to ./#md.log.1#
Reading file simulations_essentials/md.tpr, VERSION 2022.5-plumed_2.9.3 (single precision)
Note: file tpx version 127, software tpx version 129

NOTE: Parallelization is limited by the small number of atoms,
      only starting 1 thread-MPI ranks.
      You can use the -nt and/or -ntmpi option to optimize the number of threads.

Overriding nsteps with value passed on the command line: 10000 steps, 20 ps

comm-mode angular will give incorrect results when the comm group partially crosses a periodic boundary
Using 1 MPI thread

Non-default thread affinity set, disabling internal thread affinity

Using 1 OpenMP thread 


Back Off! I just backed up traj.trr to ./#traj.trr.1#

Back Off! I just backed up ener.edr to ./#ener.edr.1#
starting mdrun 'Generated by trjconv : Generated by trjconv : Alanine in vacuum in water t= 4500.00000'
10000 steps,     20.0 ps.

Writing final coordinates.

Back Off! I just backed up confout.gro to ./#confout.gro.1#

               Core t (s)   Wall t (s)        (%)
       Time:        2.029        2.029      100.0
                 (ns/day)    (hour/ns)
Performance:      851.692        0.028

GROMACS reminds you: "There's No Room For the Weak" (Joy Division)

    :-) GROMACS - gmx mdrun, 2023.2-EasyBuild_4.9.0_PLUMED_2.9.0.GMX2023 (-:

Executable:   /sw/arch/RHEL8/EB_production/2023/software/GROMACS/2023.2-foss-2023a-PLUMED-2.9.0.GMX2023/bin/gmx
Data prefix:  /sw/arch/RHEL8/EB_production/2023/software/GROMACS/2023.2-foss-2023a-PLUMED-2.9.0.GMX2023
Working dir:  /gpfs/home1/ekempkes/adipep_umbrella_grid_superfast/result_GRID20649832
Command line:
  gmx mdrun -s simulations_essentials/md.tpr -plumed Colvars/plumed_-0.785_0.000.dat -nsteps 10000 -x Colvars/traj_-0.785_0.000.xtc


Back Off! I just backed up md.log to ./#md.log.1#
Reading file simulations_essentials/md.tpr, VERSION 2022.5-plumed_2.9.3 (single precision)
Note: file tpx version 127, software tpx version 129

NOTE: Parallelization is limited by the small number of atoms,
      only starting 1 thread-MPI ranks.
      You can use the -nt and/or -ntmpi option to optimize the number of threads.

Overriding nsteps with value passed on the command line: 10000 steps, 20 ps

comm-mode angular will give incorrect results when the comm group partially crosses a periodic boundary
Using 1 MPI thread

Non-default thread affinity set, disabling internal thread affinity

Using 1 OpenMP thread 


Back Off! I just backed up traj.trr to ./#traj.trr.1#

Back Off! I just backed up ener.edr to ./#ener.edr.1#
starting mdrun 'Generated by trjconv : Generated by trjconv : Alanine in vacuum in water t= 4500.00000'
10000 steps,     20.0 ps.

Writing final coordinates.

Back Off! I just backed up confout.gro to ./#confout.gro.1#

               Core t (s)   Wall t (s)        (%)
       Time:        2.026        2.026      100.0
                 (ns/day)    (hour/ns)
Performance:      852.962        0.028

GROMACS reminds you: "Every Sperm is Sacred" (Monty Python)

    :-) GROMACS - gmx mdrun, 2023.2-EasyBuild_4.9.0_PLUMED_2.9.0.GMX2023 (-:

Executable:   /sw/arch/RHEL8/EB_production/2023/software/GROMACS/2023.2-foss-2023a-PLUMED-2.9.0.GMX2023/bin/gmx
Data prefix:  /sw/arch/RHEL8/EB_production/2023/software/GROMACS/2023.2-foss-2023a-PLUMED-2.9.0.GMX2023
Working dir:  /gpfs/home1/ekempkes/adipep_umbrella_grid_superfast/result_GRID20649832
Command line:
  gmx mdrun -s simulations_essentials/md.tpr -plumed Colvars/plumed_-0.785_0.785.dat -nsteps 10000 -x Colvars/traj_-0.785_0.785.xtc


Back Off! I just backed up md.log to ./#md.log.1#
Reading file simulations_essentials/md.tpr, VERSION 2022.5-plumed_2.9.3 (single precision)
Note: file tpx version 127, software tpx version 129

NOTE: Parallelization is limited by the small number of atoms,
      only starting 1 thread-MPI ranks.
      You can use the -nt and/or -ntmpi option to optimize the number of threads.

Overriding nsteps with value passed on the command line: 10000 steps, 20 ps

comm-mode angular will give incorrect results when the comm group partially crosses a periodic boundary
Using 1 MPI thread

Non-default thread affinity set, disabling internal thread affinity

Using 1 OpenMP thread 


Back Off! I just backed up traj.trr to ./#traj.trr.1#

Back Off! I just backed up ener.edr to ./#ener.edr.1#
starting mdrun 'Generated by trjconv : Generated by trjconv : Alanine in vacuum in water t= 4500.00000'
10000 steps,     20.0 ps.

Writing final coordinates.

Back Off! I just backed up confout.gro to ./#confout.gro.1#

               Core t (s)   Wall t (s)        (%)
       Time:        2.053        2.053      100.0
                 (ns/day)    (hour/ns)
Performance:      841.726        0.029

GROMACS reminds you: "Time is the best appraiser of scientific work, and I am aware that an industrial discovery rarely produces all its fruit in the hands of its first inventor." (Louis Pasteur)

    :-) GROMACS - gmx mdrun, 2023.2-EasyBuild_4.9.0_PLUMED_2.9.0.GMX2023 (-:

Executable:   /sw/arch/RHEL8/EB_production/2023/software/GROMACS/2023.2-foss-2023a-PLUMED-2.9.0.GMX2023/bin/gmx
Data prefix:  /sw/arch/RHEL8/EB_production/2023/software/GROMACS/2023.2-foss-2023a-PLUMED-2.9.0.GMX2023
Working dir:  /gpfs/home1/ekempkes/adipep_umbrella_grid_superfast/result_GRID20649832
Command line:
  gmx mdrun -s simulations_essentials/md.tpr -plumed Colvars/plumed_-0.785_1.571.dat -nsteps 10000 -x Colvars/traj_-0.785_1.571.xtc


Back Off! I just backed up md.log to ./#md.log.1#
Reading file simulations_essentials/md.tpr, VERSION 2022.5-plumed_2.9.3 (single precision)
Note: file tpx version 127, software tpx version 129

NOTE: Parallelization is limited by the small number of atoms,
      only starting 1 thread-MPI ranks.
      You can use the -nt and/or -ntmpi option to optimize the number of threads.

Overriding nsteps with value passed on the command line: 10000 steps, 20 ps

comm-mode angular will give incorrect results when the comm group partially crosses a periodic boundary
Using 1 MPI thread

Non-default thread affinity set, disabling internal thread affinity

Using 1 OpenMP thread 


Back Off! I just backed up traj.trr to ./#traj.trr.1#

Back Off! I just backed up ener.edr to ./#ener.edr.1#
starting mdrun 'Generated by trjconv : Generated by trjconv : Alanine in vacuum in water t= 4500.00000'
10000 steps,     20.0 ps.

Writing final coordinates.

Back Off! I just backed up confout.gro to ./#confout.gro.1#

               Core t (s)   Wall t (s)        (%)
       Time:        2.011        2.011      100.0
                 (ns/day)    (hour/ns)
Performance:      859.204        0.028

GROMACS reminds you: "Sie haben also recht gehabt, Sie Spitzbube. [You were right after all, you rascal.]" (Albert Einstein (letter to Wolfgang Pauli))

    :-) GROMACS - gmx mdrun, 2023.2-EasyBuild_4.9.0_PLUMED_2.9.0.GMX2023 (-:

Executable:   /sw/arch/RHEL8/EB_production/2023/software/GROMACS/2023.2-foss-2023a-PLUMED-2.9.0.GMX2023/bin/gmx
Data prefix:  /sw/arch/RHEL8/EB_production/2023/software/GROMACS/2023.2-foss-2023a-PLUMED-2.9.0.GMX2023
Working dir:  /gpfs/home1/ekempkes/adipep_umbrella_grid_superfast/result_GRID20649832
Command line:
  gmx mdrun -s simulations_essentials/md.tpr -plumed Colvars/plumed_-0.785_2.356.dat -nsteps 10000 -x Colvars/traj_-0.785_2.356.xtc


Back Off! I just backed up md.log to ./#md.log.1#
Reading file simulations_essentials/md.tpr, VERSION 2022.5-plumed_2.9.3 (single precision)
Note: file tpx version 127, software tpx version 129

NOTE: Parallelization is limited by the small number of atoms,
      only starting 1 thread-MPI ranks.
      You can use the -nt and/or -ntmpi option to optimize the number of threads.

Overriding nsteps with value passed on the command line: 10000 steps, 20 ps

comm-mode angular will give incorrect results when the comm group partially crosses a periodic boundary
Using 1 MPI thread

Non-default thread affinity set, disabling internal thread affinity

Using 1 OpenMP thread 


Back Off! I just backed up traj.trr to ./#traj.trr.1#

Back Off! I just backed up ener.edr to ./#ener.edr.1#
starting mdrun 'Generated by trjconv : Generated by trjconv : Alanine in vacuum in water t= 4500.00000'
10000 steps,     20.0 ps.

Writing final coordinates.

Back Off! I just backed up confout.gro to ./#confout.gro.1#

               Core t (s)   Wall t (s)        (%)
       Time:        2.066        2.066      100.0
                 (ns/day)    (hour/ns)
Performance:      836.621        0.029

GROMACS reminds you: "I managed to get two hours of work done before work" (E. Lindahl)

    :-) GROMACS - gmx mdrun, 2023.2-EasyBuild_4.9.0_PLUMED_2.9.0.GMX2023 (-:

Executable:   /sw/arch/RHEL8/EB_production/2023/software/GROMACS/2023.2-foss-2023a-PLUMED-2.9.0.GMX2023/bin/gmx
Data prefix:  /sw/arch/RHEL8/EB_production/2023/software/GROMACS/2023.2-foss-2023a-PLUMED-2.9.0.GMX2023
Working dir:  /gpfs/home1/ekempkes/adipep_umbrella_grid_superfast/result_GRID20649832
Command line:
  gmx mdrun -s simulations_essentials/md.tpr -plumed Colvars/plumed_0.000_-3.142.dat -nsteps 10000 -x Colvars/traj_0.000_-3.142.xtc


Back Off! I just backed up md.log to ./#md.log.1#
Reading file simulations_essentials/md.tpr, VERSION 2022.5-plumed_2.9.3 (single precision)
Note: file tpx version 127, software tpx version 129

NOTE: Parallelization is limited by the small number of atoms,
      only starting 1 thread-MPI ranks.
      You can use the -nt and/or -ntmpi option to optimize the number of threads.

Overriding nsteps with value passed on the command line: 10000 steps, 20 ps

comm-mode angular will give incorrect results when the comm group partially crosses a periodic boundary
Using 1 MPI thread

Non-default thread affinity set, disabling internal thread affinity

Using 1 OpenMP thread 


Back Off! I just backed up Colvars/traj_0.000_-3.142.xtc to Colvars/#traj_0.000_-3.142.xtc.3#

Back Off! I just backed up traj.trr to ./#traj.trr.1#

Back Off! I just backed up ener.edr to ./#ener.edr.1#
starting mdrun 'Generated by trjconv : Generated by trjconv : Alanine in vacuum in water t= 4500.00000'
10000 steps,     20.0 ps.

Writing final coordinates.

Back Off! I just backed up confout.gro to ./#confout.gro.1#

               Core t (s)   Wall t (s)        (%)
       Time:        2.050        2.050      100.0
                 (ns/day)    (hour/ns)
Performance:      843.067        0.028

GROMACS reminds you: "Uh-oh" (Tinky Winky)

    :-) GROMACS - gmx mdrun, 2023.2-EasyBuild_4.9.0_PLUMED_2.9.0.GMX2023 (-:

Executable:   /sw/arch/RHEL8/EB_production/2023/software/GROMACS/2023.2-foss-2023a-PLUMED-2.9.0.GMX2023/bin/gmx
Data prefix:  /sw/arch/RHEL8/EB_production/2023/software/GROMACS/2023.2-foss-2023a-PLUMED-2.9.0.GMX2023
Working dir:  /gpfs/home1/ekempkes/adipep_umbrella_grid_superfast/result_GRID20649832
Command line:
  gmx mdrun -s simulations_essentials/md.tpr -plumed Colvars/plumed_0.000_-2.356.dat -nsteps 10000 -x Colvars/traj_0.000_-2.356.xtc


Back Off! I just backed up md.log to ./#md.log.1#
Reading file simulations_essentials/md.tpr, VERSION 2022.5-plumed_2.9.3 (single precision)
Note: file tpx version 127, software tpx version 129

NOTE: Parallelization is limited by the small number of atoms,
      only starting 1 thread-MPI ranks.
      You can use the -nt and/or -ntmpi option to optimize the number of threads.

Overriding nsteps with value passed on the command line: 10000 steps, 20 ps

comm-mode angular will give incorrect results when the comm group partially crosses a periodic boundary
Using 1 MPI thread

Non-default thread affinity set, disabling internal thread affinity

Using 1 OpenMP thread 


Back Off! I just backed up traj.trr to ./#traj.trr.1#

Back Off! I just backed up ener.edr to ./#ener.edr.1#
starting mdrun 'Generated by trjconv : Generated by trjconv : Alanine in vacuum in water t= 4500.00000'
10000 steps,     20.0 ps.

Writing final coordinates.

Back Off! I just backed up confout.gro to ./#confout.gro.1#

               Core t (s)   Wall t (s)        (%)
       Time:        2.077        2.077      100.0
                 (ns/day)    (hour/ns)
Performance:      832.028        0.029

GROMACS reminds you: "Take Dehydrated Water On Your Desert Trips" (Space Quest III)

    :-) GROMACS - gmx mdrun, 2023.2-EasyBuild_4.9.0_PLUMED_2.9.0.GMX2023 (-:

Executable:   /sw/arch/RHEL8/EB_production/2023/software/GROMACS/2023.2-foss-2023a-PLUMED-2.9.0.GMX2023/bin/gmx
Data prefix:  /sw/arch/RHEL8/EB_production/2023/software/GROMACS/2023.2-foss-2023a-PLUMED-2.9.0.GMX2023
Working dir:  /gpfs/home1/ekempkes/adipep_umbrella_grid_superfast/result_GRID20649832
Command line:
  gmx mdrun -s simulations_essentials/md.tpr -plumed Colvars/plumed_0.000_-1.571.dat -nsteps 10000 -x Colvars/traj_0.000_-1.571.xtc


Back Off! I just backed up md.log to ./#md.log.1#
Reading file simulations_essentials/md.tpr, VERSION 2022.5-plumed_2.9.3 (single precision)
Note: file tpx version 127, software tpx version 129

NOTE: Parallelization is limited by the small number of atoms,
      only starting 1 thread-MPI ranks.
      You can use the -nt and/or -ntmpi option to optimize the number of threads.

Overriding nsteps with value passed on the command line: 10000 steps, 20 ps

comm-mode angular will give incorrect results when the comm group partially crosses a periodic boundary
Using 1 MPI thread

Non-default thread affinity set, disabling internal thread affinity

Using 1 OpenMP thread 


Back Off! I just backed up Colvars/traj_0.000_-1.571.xtc to Colvars/#traj_0.000_-1.571.xtc.1#

Back Off! I just backed up traj.trr to ./#traj.trr.1#

Back Off! I just backed up ener.edr to ./#ener.edr.1#
starting mdrun 'Generated by trjconv : Generated by trjconv : Alanine in vacuum in water t= 4500.00000'
10000 steps,     20.0 ps.

Writing final coordinates.

Back Off! I just backed up confout.gro to ./#confout.gro.1#

               Core t (s)   Wall t (s)        (%)
       Time:        2.027        2.027      100.0
                 (ns/day)    (hour/ns)
Performance:      852.662        0.028

GROMACS reminds you: "I Ripped the Cord Right Out Of the Phone" (Capt. Beefheart)

    :-) GROMACS - gmx mdrun, 2023.2-EasyBuild_4.9.0_PLUMED_2.9.0.GMX2023 (-:

Executable:   /sw/arch/RHEL8/EB_production/2023/software/GROMACS/2023.2-foss-2023a-PLUMED-2.9.0.GMX2023/bin/gmx
Data prefix:  /sw/arch/RHEL8/EB_production/2023/software/GROMACS/2023.2-foss-2023a-PLUMED-2.9.0.GMX2023
Working dir:  /gpfs/home1/ekempkes/adipep_umbrella_grid_superfast/result_GRID20649832
Command line:
  gmx mdrun -s simulations_essentials/md.tpr -plumed Colvars/plumed_0.000_-0.785.dat -nsteps 10000 -x Colvars/traj_0.000_-0.785.xtc


Back Off! I just backed up md.log to ./#md.log.1#
Reading file simulations_essentials/md.tpr, VERSION 2022.5-plumed_2.9.3 (single precision)
Note: file tpx version 127, software tpx version 129

NOTE: Parallelization is limited by the small number of atoms,
      only starting 1 thread-MPI ranks.
      You can use the -nt and/or -ntmpi option to optimize the number of threads.

Overriding nsteps with value passed on the command line: 10000 steps, 20 ps

comm-mode angular will give incorrect results when the comm group partially crosses a periodic boundary
Using 1 MPI thread

Non-default thread affinity set, disabling internal thread affinity

Using 1 OpenMP thread 


Back Off! I just backed up traj.trr to ./#traj.trr.1#

Back Off! I just backed up ener.edr to ./#ener.edr.1#
starting mdrun 'Generated by trjconv : Generated by trjconv : Alanine in vacuum in water t= 4500.00000'
10000 steps,     20.0 ps.

Writing final coordinates.

Back Off! I just backed up confout.gro to ./#confout.gro.1#

               Core t (s)   Wall t (s)        (%)
       Time:        2.031        2.031      100.0
                 (ns/day)    (hour/ns)
Performance:      850.809        0.028

GROMACS reminds you: "Uh-oh, We're In Trouble" (Shampoo)

    :-) GROMACS - gmx mdrun, 2023.2-EasyBuild_4.9.0_PLUMED_2.9.0.GMX2023 (-:

Executable:   /sw/arch/RHEL8/EB_production/2023/software/GROMACS/2023.2-foss-2023a-PLUMED-2.9.0.GMX2023/bin/gmx
Data prefix:  /sw/arch/RHEL8/EB_production/2023/software/GROMACS/2023.2-foss-2023a-PLUMED-2.9.0.GMX2023
Working dir:  /gpfs/home1/ekempkes/adipep_umbrella_grid_superfast/result_GRID20649832
Command line:
  gmx mdrun -s simulations_essentials/md.tpr -plumed Colvars/plumed_0.000_0.000.dat -nsteps 10000 -x Colvars/traj_0.000_0.000.xtc


Back Off! I just backed up md.log to ./#md.log.1#
Reading file simulations_essentials/md.tpr, VERSION 2022.5-plumed_2.9.3 (single precision)
Note: file tpx version 127, software tpx version 129

NOTE: Parallelization is limited by the small number of atoms,
      only starting 1 thread-MPI ranks.
      You can use the -nt and/or -ntmpi option to optimize the number of threads.

Overriding nsteps with value passed on the command line: 10000 steps, 20 ps

comm-mode angular will give incorrect results when the comm group partially crosses a periodic boundary
Using 1 MPI thread

Non-default thread affinity set, disabling internal thread affinity

Using 1 OpenMP thread 


Back Off! I just backed up Colvars/traj_0.000_0.000.xtc to Colvars/#traj_0.000_0.000.xtc.3#

Back Off! I just backed up traj.trr to ./#traj.trr.1#

Back Off! I just backed up ener.edr to ./#ener.edr.1#
starting mdrun 'Generated by trjconv : Generated by trjconv : Alanine in vacuum in water t= 4500.00000'
10000 steps,     20.0 ps.

Writing final coordinates.

Back Off! I just backed up confout.gro to ./#confout.gro.1#

               Core t (s)   Wall t (s)        (%)
       Time:        2.024        2.024      100.0
                 (ns/day)    (hour/ns)
Performance:      853.847        0.028

GROMACS reminds you: "As we all know, blinking lights means science." (Joss Whedon)

    :-) GROMACS - gmx mdrun, 2023.2-EasyBuild_4.9.0_PLUMED_2.9.0.GMX2023 (-:

Executable:   /sw/arch/RHEL8/EB_production/2023/software/GROMACS/2023.2-foss-2023a-PLUMED-2.9.0.GMX2023/bin/gmx
Data prefix:  /sw/arch/RHEL8/EB_production/2023/software/GROMACS/2023.2-foss-2023a-PLUMED-2.9.0.GMX2023
Working dir:  /gpfs/home1/ekempkes/adipep_umbrella_grid_superfast/result_GRID20649832
Command line:
  gmx mdrun -s simulations_essentials/md.tpr -plumed Colvars/plumed_0.000_0.785.dat -nsteps 10000 -x Colvars/traj_0.000_0.785.xtc


Back Off! I just backed up md.log to ./#md.log.1#
Reading file simulations_essentials/md.tpr, VERSION 2022.5-plumed_2.9.3 (single precision)
Note: file tpx version 127, software tpx version 129

NOTE: Parallelization is limited by the small number of atoms,
      only starting 1 thread-MPI ranks.
      You can use the -nt and/or -ntmpi option to optimize the number of threads.

Overriding nsteps with value passed on the command line: 10000 steps, 20 ps

comm-mode angular will give incorrect results when the comm group partially crosses a periodic boundary
Using 1 MPI thread

Non-default thread affinity set, disabling internal thread affinity

Using 1 OpenMP thread 


Back Off! I just backed up traj.trr to ./#traj.trr.1#

Back Off! I just backed up ener.edr to ./#ener.edr.1#
starting mdrun 'Generated by trjconv : Generated by trjconv : Alanine in vacuum in water t= 4500.00000'
10000 steps,     20.0 ps.

Writing final coordinates.

Back Off! I just backed up confout.gro to ./#confout.gro.1#

               Core t (s)   Wall t (s)        (%)
       Time:        2.072        2.072      100.0
                 (ns/day)    (hour/ns)
Performance:      833.957        0.029

GROMACS reminds you: "Facts are stubborn things, but statistics are more pliable." (Laurence Peter)

    :-) GROMACS - gmx mdrun, 2023.2-EasyBuild_4.9.0_PLUMED_2.9.0.GMX2023 (-:

Executable:   /sw/arch/RHEL8/EB_production/2023/software/GROMACS/2023.2-foss-2023a-PLUMED-2.9.0.GMX2023/bin/gmx
Data prefix:  /sw/arch/RHEL8/EB_production/2023/software/GROMACS/2023.2-foss-2023a-PLUMED-2.9.0.GMX2023
Working dir:  /gpfs/home1/ekempkes/adipep_umbrella_grid_superfast/result_GRID20649832
Command line:
  gmx mdrun -s simulations_essentials/md.tpr -plumed Colvars/plumed_0.000_1.571.dat -nsteps 10000 -x Colvars/traj_0.000_1.571.xtc


Back Off! I just backed up md.log to ./#md.log.1#
Reading file simulations_essentials/md.tpr, VERSION 2022.5-plumed_2.9.3 (single precision)
Note: file tpx version 127, software tpx version 129

NOTE: Parallelization is limited by the small number of atoms,
      only starting 1 thread-MPI ranks.
      You can use the -nt and/or -ntmpi option to optimize the number of threads.

Overriding nsteps with value passed on the command line: 10000 steps, 20 ps

comm-mode angular will give incorrect results when the comm group partially crosses a periodic boundary
Using 1 MPI thread

Non-default thread affinity set, disabling internal thread affinity

Using 1 OpenMP thread 


Back Off! I just backed up Colvars/traj_0.000_1.571.xtc to Colvars/#traj_0.000_1.571.xtc.1#

Back Off! I just backed up traj.trr to ./#traj.trr.1#

Back Off! I just backed up ener.edr to ./#ener.edr.1#
starting mdrun 'Generated by trjconv : Generated by trjconv : Alanine in vacuum in water t= 4500.00000'
10000 steps,     20.0 ps.

Writing final coordinates.

Back Off! I just backed up confout.gro to ./#confout.gro.1#

               Core t (s)   Wall t (s)        (%)
       Time:        2.015        2.015      100.0
                 (ns/day)    (hour/ns)
Performance:      857.732        0.028

GROMACS reminds you: "Everybody is Smashing Things Down" (Offspring)

    :-) GROMACS - gmx mdrun, 2023.2-EasyBuild_4.9.0_PLUMED_2.9.0.GMX2023 (-:

Executable:   /sw/arch/RHEL8/EB_production/2023/software/GROMACS/2023.2-foss-2023a-PLUMED-2.9.0.GMX2023/bin/gmx
Data prefix:  /sw/arch/RHEL8/EB_production/2023/software/GROMACS/2023.2-foss-2023a-PLUMED-2.9.0.GMX2023
Working dir:  /gpfs/home1/ekempkes/adipep_umbrella_grid_superfast/result_GRID20649832
Command line:
  gmx mdrun -s simulations_essentials/md.tpr -plumed Colvars/plumed_0.000_2.356.dat -nsteps 10000 -x Colvars/traj_0.000_2.356.xtc


Back Off! I just backed up md.log to ./#md.log.1#
Reading file simulations_essentials/md.tpr, VERSION 2022.5-plumed_2.9.3 (single precision)
Note: file tpx version 127, software tpx version 129

NOTE: Parallelization is limited by the small number of atoms,
      only starting 1 thread-MPI ranks.
      You can use the -nt and/or -ntmpi option to optimize the number of threads.

Overriding nsteps with value passed on the command line: 10000 steps, 20 ps

comm-mode angular will give incorrect results when the comm group partially crosses a periodic boundary
Using 1 MPI thread

Non-default thread affinity set, disabling internal thread affinity

Using 1 OpenMP thread 


Back Off! I just backed up traj.trr to ./#traj.trr.1#

Back Off! I just backed up ener.edr to ./#ener.edr.1#
starting mdrun 'Generated by trjconv : Generated by trjconv : Alanine in vacuum in water t= 4500.00000'
10000 steps,     20.0 ps.

Writing final coordinates.

Back Off! I just backed up confout.gro to ./#confout.gro.1#

               Core t (s)   Wall t (s)        (%)
       Time:        2.032        2.032      100.0
                 (ns/day)    (hour/ns)
Performance:      850.373        0.028

GROMACS reminds you: "It Costs Too Much If It Costs a Lot" (Magnapop)

    :-) GROMACS - gmx mdrun, 2023.2-EasyBuild_4.9.0_PLUMED_2.9.0.GMX2023 (-:

Executable:   /sw/arch/RHEL8/EB_production/2023/software/GROMACS/2023.2-foss-2023a-PLUMED-2.9.0.GMX2023/bin/gmx
Data prefix:  /sw/arch/RHEL8/EB_production/2023/software/GROMACS/2023.2-foss-2023a-PLUMED-2.9.0.GMX2023
Working dir:  /gpfs/home1/ekempkes/adipep_umbrella_grid_superfast/result_GRID20649832
Command line:
  gmx mdrun -s simulations_essentials/md.tpr -plumed Colvars/plumed_0.785_-3.142.dat -nsteps 10000 -x Colvars/traj_0.785_-3.142.xtc


Back Off! I just backed up md.log to ./#md.log.1#
Reading file simulations_essentials/md.tpr, VERSION 2022.5-plumed_2.9.3 (single precision)
Note: file tpx version 127, software tpx version 129

NOTE: Parallelization is limited by the small number of atoms,
      only starting 1 thread-MPI ranks.
      You can use the -nt and/or -ntmpi option to optimize the number of threads.

Overriding nsteps with value passed on the command line: 10000 steps, 20 ps

comm-mode angular will give incorrect results when the comm group partially crosses a periodic boundary
Using 1 MPI thread

Non-default thread affinity set, disabling internal thread affinity

Using 1 OpenMP thread 


Back Off! I just backed up traj.trr to ./#traj.trr.1#

Back Off! I just backed up ener.edr to ./#ener.edr.1#
starting mdrun 'Generated by trjconv : Generated by trjconv : Alanine in vacuum in water t= 4500.00000'
10000 steps,     20.0 ps.

Writing final coordinates.

Back Off! I just backed up confout.gro to ./#confout.gro.1#

               Core t (s)   Wall t (s)        (%)
       Time:        2.022        2.022      100.0
                 (ns/day)    (hour/ns)
Performance:      854.564        0.028

GROMACS reminds you: "Academe, n.: An ancient school where morality and philosophy were taught. Academy, n.: A modern school where football is taught." (Ambrose Bierce)

    :-) GROMACS - gmx mdrun, 2023.2-EasyBuild_4.9.0_PLUMED_2.9.0.GMX2023 (-:

Executable:   /sw/arch/RHEL8/EB_production/2023/software/GROMACS/2023.2-foss-2023a-PLUMED-2.9.0.GMX2023/bin/gmx
Data prefix:  /sw/arch/RHEL8/EB_production/2023/software/GROMACS/2023.2-foss-2023a-PLUMED-2.9.0.GMX2023
Working dir:  /gpfs/home1/ekempkes/adipep_umbrella_grid_superfast/result_GRID20649832
Command line:
  gmx mdrun -s simulations_essentials/md.tpr -plumed Colvars/plumed_0.785_-2.356.dat -nsteps 10000 -x Colvars/traj_0.785_-2.356.xtc


Back Off! I just backed up md.log to ./#md.log.1#
Reading file simulations_essentials/md.tpr, VERSION 2022.5-plumed_2.9.3 (single precision)
Note: file tpx version 127, software tpx version 129

NOTE: Parallelization is limited by the small number of atoms,
      only starting 1 thread-MPI ranks.
      You can use the -nt and/or -ntmpi option to optimize the number of threads.

Overriding nsteps with value passed on the command line: 10000 steps, 20 ps

comm-mode angular will give incorrect results when the comm group partially crosses a periodic boundary
Using 1 MPI thread

Non-default thread affinity set, disabling internal thread affinity

Using 1 OpenMP thread 


Back Off! I just backed up traj.trr to ./#traj.trr.1#

Back Off! I just backed up ener.edr to ./#ener.edr.1#
starting mdrun 'Generated by trjconv : Generated by trjconv : Alanine in vacuum in water t= 4500.00000'
10000 steps,     20.0 ps.

Writing final coordinates.

Back Off! I just backed up confout.gro to ./#confout.gro.1#

               Core t (s)   Wall t (s)        (%)
       Time:        2.087        2.087      100.0
                 (ns/day)    (hour/ns)
Performance:      828.081        0.029

GROMACS reminds you: "The secret to getting ahead is getting started" (Mark Twain)

    :-) GROMACS - gmx mdrun, 2023.2-EasyBuild_4.9.0_PLUMED_2.9.0.GMX2023 (-:

Executable:   /sw/arch/RHEL8/EB_production/2023/software/GROMACS/2023.2-foss-2023a-PLUMED-2.9.0.GMX2023/bin/gmx
Data prefix:  /sw/arch/RHEL8/EB_production/2023/software/GROMACS/2023.2-foss-2023a-PLUMED-2.9.0.GMX2023
Working dir:  /gpfs/home1/ekempkes/adipep_umbrella_grid_superfast/result_GRID20649832
Command line:
  gmx mdrun -s simulations_essentials/md.tpr -plumed Colvars/plumed_0.785_-1.571.dat -nsteps 10000 -x Colvars/traj_0.785_-1.571.xtc


Back Off! I just backed up md.log to ./#md.log.1#
Reading file simulations_essentials/md.tpr, VERSION 2022.5-plumed_2.9.3 (single precision)
Note: file tpx version 127, software tpx version 129

NOTE: Parallelization is limited by the small number of atoms,
      only starting 1 thread-MPI ranks.
      You can use the -nt and/or -ntmpi option to optimize the number of threads.

Overriding nsteps with value passed on the command line: 10000 steps, 20 ps

comm-mode angular will give incorrect results when the comm group partially crosses a periodic boundary
Using 1 MPI thread

Non-default thread affinity set, disabling internal thread affinity

Using 1 OpenMP thread 


Back Off! I just backed up traj.trr to ./#traj.trr.1#

Back Off! I just backed up ener.edr to ./#ener.edr.1#
starting mdrun 'Generated by trjconv : Generated by trjconv : Alanine in vacuum in water t= 4500.00000'
10000 steps,     20.0 ps.

Writing final coordinates.

Back Off! I just backed up confout.gro to ./#confout.gro.1#

               Core t (s)   Wall t (s)        (%)
       Time:        2.027        2.027      100.0
                 (ns/day)    (hour/ns)
Performance:      852.384        0.028

GROMACS reminds you: "Don't waste pure thoughts on dirty enzymes." (Efraim Racker)

    :-) GROMACS - gmx mdrun, 2023.2-EasyBuild_4.9.0_PLUMED_2.9.0.GMX2023 (-:

Executable:   /sw/arch/RHEL8/EB_production/2023/software/GROMACS/2023.2-foss-2023a-PLUMED-2.9.0.GMX2023/bin/gmx
Data prefix:  /sw/arch/RHEL8/EB_production/2023/software/GROMACS/2023.2-foss-2023a-PLUMED-2.9.0.GMX2023
Working dir:  /gpfs/home1/ekempkes/adipep_umbrella_grid_superfast/result_GRID20649832
Command line:
  gmx mdrun -s simulations_essentials/md.tpr -plumed Colvars/plumed_0.785_-0.785.dat -nsteps 10000 -x Colvars/traj_0.785_-0.785.xtc


Back Off! I just backed up md.log to ./#md.log.1#
Reading file simulations_essentials/md.tpr, VERSION 2022.5-plumed_2.9.3 (single precision)
Note: file tpx version 127, software tpx version 129

NOTE: Parallelization is limited by the small number of atoms,
      only starting 1 thread-MPI ranks.
      You can use the -nt and/or -ntmpi option to optimize the number of threads.

Overriding nsteps with value passed on the command line: 10000 steps, 20 ps

comm-mode angular will give incorrect results when the comm group partially crosses a periodic boundary
Using 1 MPI thread

Non-default thread affinity set, disabling internal thread affinity

Using 1 OpenMP thread 


Back Off! I just backed up traj.trr to ./#traj.trr.1#

Back Off! I just backed up ener.edr to ./#ener.edr.1#
starting mdrun 'Generated by trjconv : Generated by trjconv : Alanine in vacuum in water t= 4500.00000'
10000 steps,     20.0 ps.

Writing final coordinates.

Back Off! I just backed up confout.gro to ./#confout.gro.1#

               Core t (s)   Wall t (s)        (%)
       Time:        2.046        2.046      100.0
                 (ns/day)    (hour/ns)
Performance:      844.781        0.028

GROMACS reminds you: "People are DNA's way of making more DNA." (Edward O. Wilson)

    :-) GROMACS - gmx mdrun, 2023.2-EasyBuild_4.9.0_PLUMED_2.9.0.GMX2023 (-:

Executable:   /sw/arch/RHEL8/EB_production/2023/software/GROMACS/2023.2-foss-2023a-PLUMED-2.9.0.GMX2023/bin/gmx
Data prefix:  /sw/arch/RHEL8/EB_production/2023/software/GROMACS/2023.2-foss-2023a-PLUMED-2.9.0.GMX2023
Working dir:  /gpfs/home1/ekempkes/adipep_umbrella_grid_superfast/result_GRID20649832
Command line:
  gmx mdrun -s simulations_essentials/md.tpr -plumed Colvars/plumed_0.785_0.000.dat -nsteps 10000 -x Colvars/traj_0.785_0.000.xtc


Back Off! I just backed up md.log to ./#md.log.1#
Reading file simulations_essentials/md.tpr, VERSION 2022.5-plumed_2.9.3 (single precision)
Note: file tpx version 127, software tpx version 129

NOTE: Parallelization is limited by the small number of atoms,
      only starting 1 thread-MPI ranks.
      You can use the -nt and/or -ntmpi option to optimize the number of threads.

Overriding nsteps with value passed on the command line: 10000 steps, 20 ps

comm-mode angular will give incorrect results when the comm group partially crosses a periodic boundary
Using 1 MPI thread

Non-default thread affinity set, disabling internal thread affinity

Using 1 OpenMP thread 


Back Off! I just backed up traj.trr to ./#traj.trr.1#

Back Off! I just backed up ener.edr to ./#ener.edr.1#
starting mdrun 'Generated by trjconv : Generated by trjconv : Alanine in vacuum in water t= 4500.00000'
10000 steps,     20.0 ps.

Writing final coordinates.

Back Off! I just backed up confout.gro to ./#confout.gro.1#

               Core t (s)   Wall t (s)        (%)
       Time:        2.018        2.018      100.0
                 (ns/day)    (hour/ns)
Performance:      856.187        0.028

GROMACS reminds you: "You Can Be Too Early, You Can Be Too Late and You Can Be On Time" (J. Cruijff)

    :-) GROMACS - gmx mdrun, 2023.2-EasyBuild_4.9.0_PLUMED_2.9.0.GMX2023 (-:

Executable:   /sw/arch/RHEL8/EB_production/2023/software/GROMACS/2023.2-foss-2023a-PLUMED-2.9.0.GMX2023/bin/gmx
Data prefix:  /sw/arch/RHEL8/EB_production/2023/software/GROMACS/2023.2-foss-2023a-PLUMED-2.9.0.GMX2023
Working dir:  /gpfs/home1/ekempkes/adipep_umbrella_grid_superfast/result_GRID20649832
Command line:
  gmx mdrun -s simulations_essentials/md.tpr -plumed Colvars/plumed_0.785_0.785.dat -nsteps 10000 -x Colvars/traj_0.785_0.785.xtc


Back Off! I just backed up md.log to ./#md.log.1#
Reading file simulations_essentials/md.tpr, VERSION 2022.5-plumed_2.9.3 (single precision)
Note: file tpx version 127, software tpx version 129

NOTE: Parallelization is limited by the small number of atoms,
      only starting 1 thread-MPI ranks.
      You can use the -nt and/or -ntmpi option to optimize the number of threads.

Overriding nsteps with value passed on the command line: 10000 steps, 20 ps

comm-mode angular will give incorrect results when the comm group partially crosses a periodic boundary
Using 1 MPI thread

Non-default thread affinity set, disabling internal thread affinity

Using 1 OpenMP thread 


Back Off! I just backed up traj.trr to ./#traj.trr.1#

Back Off! I just backed up ener.edr to ./#ener.edr.1#
starting mdrun 'Generated by trjconv : Generated by trjconv : Alanine in vacuum in water t= 4500.00000'
10000 steps,     20.0 ps.

Writing final coordinates.

Back Off! I just backed up confout.gro to ./#confout.gro.1#

               Core t (s)   Wall t (s)        (%)
       Time:        2.037        2.037      100.0
                 (ns/day)    (hour/ns)
Performance:      848.416        0.028

GROMACS reminds you: "We ignore public understanding of science at our peril." (Eugenie Clark)

    :-) GROMACS - gmx mdrun, 2023.2-EasyBuild_4.9.0_PLUMED_2.9.0.GMX2023 (-:

Executable:   /sw/arch/RHEL8/EB_production/2023/software/GROMACS/2023.2-foss-2023a-PLUMED-2.9.0.GMX2023/bin/gmx
Data prefix:  /sw/arch/RHEL8/EB_production/2023/software/GROMACS/2023.2-foss-2023a-PLUMED-2.9.0.GMX2023
Working dir:  /gpfs/home1/ekempkes/adipep_umbrella_grid_superfast/result_GRID20649832
Command line:
  gmx mdrun -s simulations_essentials/md.tpr -plumed Colvars/plumed_0.785_1.571.dat -nsteps 10000 -x Colvars/traj_0.785_1.571.xtc


Back Off! I just backed up md.log to ./#md.log.1#
Reading file simulations_essentials/md.tpr, VERSION 2022.5-plumed_2.9.3 (single precision)
Note: file tpx version 127, software tpx version 129

NOTE: Parallelization is limited by the small number of atoms,
      only starting 1 thread-MPI ranks.
      You can use the -nt and/or -ntmpi option to optimize the number of threads.

Overriding nsteps with value passed on the command line: 10000 steps, 20 ps

comm-mode angular will give incorrect results when the comm group partially crosses a periodic boundary
Using 1 MPI thread

Non-default thread affinity set, disabling internal thread affinity

Using 1 OpenMP thread 


Back Off! I just backed up traj.trr to ./#traj.trr.1#

Back Off! I just backed up ener.edr to ./#ener.edr.1#
starting mdrun 'Generated by trjconv : Generated by trjconv : Alanine in vacuum in water t= 4500.00000'
10000 steps,     20.0 ps.

Writing final coordinates.

Back Off! I just backed up confout.gro to ./#confout.gro.1#

               Core t (s)   Wall t (s)        (%)
       Time:        2.034        2.034      100.0
                 (ns/day)    (hour/ns)
Performance:      849.663        0.028

GROMACS reminds you: "Just Give Me a Blip" (F. Black)

    :-) GROMACS - gmx mdrun, 2023.2-EasyBuild_4.9.0_PLUMED_2.9.0.GMX2023 (-:

Executable:   /sw/arch/RHEL8/EB_production/2023/software/GROMACS/2023.2-foss-2023a-PLUMED-2.9.0.GMX2023/bin/gmx
Data prefix:  /sw/arch/RHEL8/EB_production/2023/software/GROMACS/2023.2-foss-2023a-PLUMED-2.9.0.GMX2023
Working dir:  /gpfs/home1/ekempkes/adipep_umbrella_grid_superfast/result_GRID20649832
Command line:
  gmx mdrun -s simulations_essentials/md.tpr -plumed Colvars/plumed_0.785_2.356.dat -nsteps 10000 -x Colvars/traj_0.785_2.356.xtc


Back Off! I just backed up md.log to ./#md.log.1#
Reading file simulations_essentials/md.tpr, VERSION 2022.5-plumed_2.9.3 (single precision)
Note: file tpx version 127, software tpx version 129

NOTE: Parallelization is limited by the small number of atoms,
      only starting 1 thread-MPI ranks.
      You can use the -nt and/or -ntmpi option to optimize the number of threads.

Overriding nsteps with value passed on the command line: 10000 steps, 20 ps

comm-mode angular will give incorrect results when the comm group partially crosses a periodic boundary
Using 1 MPI thread

Non-default thread affinity set, disabling internal thread affinity

Using 1 OpenMP thread 


Back Off! I just backed up traj.trr to ./#traj.trr.1#

Back Off! I just backed up ener.edr to ./#ener.edr.1#
starting mdrun 'Generated by trjconv : Generated by trjconv : Alanine in vacuum in water t= 4500.00000'
10000 steps,     20.0 ps.

Writing final coordinates.

Back Off! I just backed up confout.gro to ./#confout.gro.1#

               Core t (s)   Wall t (s)        (%)
       Time:        2.035        2.035      100.0
                 (ns/day)    (hour/ns)
Performance:      849.066        0.028

GROMACS reminds you: "If we are going to have SYCL, can we have a hammer as well?" (Joe Jordan)

    :-) GROMACS - gmx mdrun, 2023.2-EasyBuild_4.9.0_PLUMED_2.9.0.GMX2023 (-:

Executable:   /sw/arch/RHEL8/EB_production/2023/software/GROMACS/2023.2-foss-2023a-PLUMED-2.9.0.GMX2023/bin/gmx
Data prefix:  /sw/arch/RHEL8/EB_production/2023/software/GROMACS/2023.2-foss-2023a-PLUMED-2.9.0.GMX2023
Working dir:  /gpfs/home1/ekempkes/adipep_umbrella_grid_superfast/result_GRID20649832
Command line:
  gmx mdrun -s simulations_essentials/md.tpr -plumed Colvars/plumed_1.571_-3.142.dat -nsteps 10000 -x Colvars/traj_1.571_-3.142.xtc


Back Off! I just backed up md.log to ./#md.log.1#
Reading file simulations_essentials/md.tpr, VERSION 2022.5-plumed_2.9.3 (single precision)
Note: file tpx version 127, software tpx version 129

NOTE: Parallelization is limited by the small number of atoms,
      only starting 1 thread-MPI ranks.
      You can use the -nt and/or -ntmpi option to optimize the number of threads.

Overriding nsteps with value passed on the command line: 10000 steps, 20 ps

comm-mode angular will give incorrect results when the comm group partially crosses a periodic boundary
Using 1 MPI thread

Non-default thread affinity set, disabling internal thread affinity

Using 1 OpenMP thread 


Back Off! I just backed up Colvars/traj_1.571_-3.142.xtc to Colvars/#traj_1.571_-3.142.xtc.1#

Back Off! I just backed up traj.trr to ./#traj.trr.1#

Back Off! I just backed up ener.edr to ./#ener.edr.1#
starting mdrun 'Generated by trjconv : Generated by trjconv : Alanine in vacuum in water t= 4500.00000'
10000 steps,     20.0 ps.

Writing final coordinates.

Back Off! I just backed up confout.gro to ./#confout.gro.1#

               Core t (s)   Wall t (s)        (%)
       Time:        2.038        2.038      100.0
                 (ns/day)    (hour/ns)
Performance:      847.919        0.028

GROMACS reminds you: "Predictions can be very difficult - especially about the future." (Niels Bohr)

    :-) GROMACS - gmx mdrun, 2023.2-EasyBuild_4.9.0_PLUMED_2.9.0.GMX2023 (-:

Executable:   /sw/arch/RHEL8/EB_production/2023/software/GROMACS/2023.2-foss-2023a-PLUMED-2.9.0.GMX2023/bin/gmx
Data prefix:  /sw/arch/RHEL8/EB_production/2023/software/GROMACS/2023.2-foss-2023a-PLUMED-2.9.0.GMX2023
Working dir:  /gpfs/home1/ekempkes/adipep_umbrella_grid_superfast/result_GRID20649832
Command line:
  gmx mdrun -s simulations_essentials/md.tpr -plumed Colvars/plumed_1.571_-2.356.dat -nsteps 10000 -x Colvars/traj_1.571_-2.356.xtc


Back Off! I just backed up md.log to ./#md.log.1#
Reading file simulations_essentials/md.tpr, VERSION 2022.5-plumed_2.9.3 (single precision)
Note: file tpx version 127, software tpx version 129

NOTE: Parallelization is limited by the small number of atoms,
      only starting 1 thread-MPI ranks.
      You can use the -nt and/or -ntmpi option to optimize the number of threads.

Overriding nsteps with value passed on the command line: 10000 steps, 20 ps

comm-mode angular will give incorrect results when the comm group partially crosses a periodic boundary
Using 1 MPI thread

Non-default thread affinity set, disabling internal thread affinity

Using 1 OpenMP thread 


Back Off! I just backed up traj.trr to ./#traj.trr.1#

Back Off! I just backed up ener.edr to ./#ener.edr.1#
starting mdrun 'Generated by trjconv : Generated by trjconv : Alanine in vacuum in water t= 4500.00000'
10000 steps,     20.0 ps.

Writing final coordinates.

Back Off! I just backed up confout.gro to ./#confout.gro.1#

               Core t (s)   Wall t (s)        (%)
       Time:        2.038        2.038      100.0
                 (ns/day)    (hour/ns)
Performance:      847.853        0.028

GROMACS reminds you: "You're Insignificant" (Tricky)

    :-) GROMACS - gmx mdrun, 2023.2-EasyBuild_4.9.0_PLUMED_2.9.0.GMX2023 (-:

Executable:   /sw/arch/RHEL8/EB_production/2023/software/GROMACS/2023.2-foss-2023a-PLUMED-2.9.0.GMX2023/bin/gmx
Data prefix:  /sw/arch/RHEL8/EB_production/2023/software/GROMACS/2023.2-foss-2023a-PLUMED-2.9.0.GMX2023
Working dir:  /gpfs/home1/ekempkes/adipep_umbrella_grid_superfast/result_GRID20649832
Command line:
  gmx mdrun -s simulations_essentials/md.tpr -plumed Colvars/plumed_1.571_-1.571.dat -nsteps 10000 -x Colvars/traj_1.571_-1.571.xtc


Back Off! I just backed up md.log to ./#md.log.1#
Reading file simulations_essentials/md.tpr, VERSION 2022.5-plumed_2.9.3 (single precision)
Note: file tpx version 127, software tpx version 129

NOTE: Parallelization is limited by the small number of atoms,
      only starting 1 thread-MPI ranks.
      You can use the -nt and/or -ntmpi option to optimize the number of threads.

Overriding nsteps with value passed on the command line: 10000 steps, 20 ps

comm-mode angular will give incorrect results when the comm group partially crosses a periodic boundary
Using 1 MPI thread

Non-default thread affinity set, disabling internal thread affinity

Using 1 OpenMP thread 


Back Off! I just backed up Colvars/traj_1.571_-1.571.xtc to Colvars/#traj_1.571_-1.571.xtc.1#

Back Off! I just backed up traj.trr to ./#traj.trr.1#

Back Off! I just backed up ener.edr to ./#ener.edr.1#
starting mdrun 'Generated by trjconv : Generated by trjconv : Alanine in vacuum in water t= 4500.00000'
10000 steps,     20.0 ps.

Writing final coordinates.

Back Off! I just backed up confout.gro to ./#confout.gro.1#

               Core t (s)   Wall t (s)        (%)
       Time:        2.033        2.033      100.0
                 (ns/day)    (hour/ns)
Performance:      850.213        0.028

GROMACS reminds you: "The farther the experiment is from theory, the closer it is to the Nobel Prize." (Irene Joliot-Curie)

    :-) GROMACS - gmx mdrun, 2023.2-EasyBuild_4.9.0_PLUMED_2.9.0.GMX2023 (-:

Executable:   /sw/arch/RHEL8/EB_production/2023/software/GROMACS/2023.2-foss-2023a-PLUMED-2.9.0.GMX2023/bin/gmx
Data prefix:  /sw/arch/RHEL8/EB_production/2023/software/GROMACS/2023.2-foss-2023a-PLUMED-2.9.0.GMX2023
Working dir:  /gpfs/home1/ekempkes/adipep_umbrella_grid_superfast/result_GRID20649832
Command line:
  gmx mdrun -s simulations_essentials/md.tpr -plumed Colvars/plumed_1.571_-0.785.dat -nsteps 10000 -x Colvars/traj_1.571_-0.785.xtc


Back Off! I just backed up md.log to ./#md.log.1#
Reading file simulations_essentials/md.tpr, VERSION 2022.5-plumed_2.9.3 (single precision)
Note: file tpx version 127, software tpx version 129

NOTE: Parallelization is limited by the small number of atoms,
      only starting 1 thread-MPI ranks.
      You can use the -nt and/or -ntmpi option to optimize the number of threads.

Overriding nsteps with value passed on the command line: 10000 steps, 20 ps

comm-mode angular will give incorrect results when the comm group partially crosses a periodic boundary
Using 1 MPI thread

Non-default thread affinity set, disabling internal thread affinity

Using 1 OpenMP thread 


Back Off! I just backed up traj.trr to ./#traj.trr.1#

Back Off! I just backed up ener.edr to ./#ener.edr.1#
starting mdrun 'Generated by trjconv : Generated by trjconv : Alanine in vacuum in water t= 4500.00000'
10000 steps,     20.0 ps.

Writing final coordinates.

Back Off! I just backed up confout.gro to ./#confout.gro.1#

               Core t (s)   Wall t (s)        (%)
       Time:        2.028        2.029      100.0
                 (ns/day)    (hour/ns)
Performance:      851.921        0.028

GROMACS reminds you: "Either you will be dashed to atoms on crag points, or lifted up and borne by some master-wave into a calmer current" (Charlotte Bronte)

    :-) GROMACS - gmx mdrun, 2023.2-EasyBuild_4.9.0_PLUMED_2.9.0.GMX2023 (-:

Executable:   /sw/arch/RHEL8/EB_production/2023/software/GROMACS/2023.2-foss-2023a-PLUMED-2.9.0.GMX2023/bin/gmx
Data prefix:  /sw/arch/RHEL8/EB_production/2023/software/GROMACS/2023.2-foss-2023a-PLUMED-2.9.0.GMX2023
Working dir:  /gpfs/home1/ekempkes/adipep_umbrella_grid_superfast/result_GRID20649832
Command line:
  gmx mdrun -s simulations_essentials/md.tpr -plumed Colvars/plumed_1.571_0.000.dat -nsteps 10000 -x Colvars/traj_1.571_0.000.xtc


Back Off! I just backed up md.log to ./#md.log.1#
Reading file simulations_essentials/md.tpr, VERSION 2022.5-plumed_2.9.3 (single precision)
Note: file tpx version 127, software tpx version 129

NOTE: Parallelization is limited by the small number of atoms,
      only starting 1 thread-MPI ranks.
      You can use the -nt and/or -ntmpi option to optimize the number of threads.

Overriding nsteps with value passed on the command line: 10000 steps, 20 ps

comm-mode angular will give incorrect results when the comm group partially crosses a periodic boundary
Using 1 MPI thread

Non-default thread affinity set, disabling internal thread affinity

Using 1 OpenMP thread 


Back Off! I just backed up Colvars/traj_1.571_0.000.xtc to Colvars/#traj_1.571_0.000.xtc.1#

Back Off! I just backed up traj.trr to ./#traj.trr.1#

Back Off! I just backed up ener.edr to ./#ener.edr.1#
starting mdrun 'Generated by trjconv : Generated by trjconv : Alanine in vacuum in water t= 4500.00000'
10000 steps,     20.0 ps.

Writing final coordinates.

Back Off! I just backed up confout.gro to ./#confout.gro.1#

               Core t (s)   Wall t (s)        (%)
       Time:        2.056        2.056      100.0
                 (ns/day)    (hour/ns)
Performance:      840.643        0.029

GROMACS reminds you: "The Carpenter Goes Bang Bang" (The Breeders)

    :-) GROMACS - gmx mdrun, 2023.2-EasyBuild_4.9.0_PLUMED_2.9.0.GMX2023 (-:

Executable:   /sw/arch/RHEL8/EB_production/2023/software/GROMACS/2023.2-foss-2023a-PLUMED-2.9.0.GMX2023/bin/gmx
Data prefix:  /sw/arch/RHEL8/EB_production/2023/software/GROMACS/2023.2-foss-2023a-PLUMED-2.9.0.GMX2023
Working dir:  /gpfs/home1/ekempkes/adipep_umbrella_grid_superfast/result_GRID20649832
Command line:
  gmx mdrun -s simulations_essentials/md.tpr -plumed Colvars/plumed_1.571_0.785.dat -nsteps 10000 -x Colvars/traj_1.571_0.785.xtc


Back Off! I just backed up md.log to ./#md.log.1#
Reading file simulations_essentials/md.tpr, VERSION 2022.5-plumed_2.9.3 (single precision)
Note: file tpx version 127, software tpx version 129

NOTE: Parallelization is limited by the small number of atoms,
      only starting 1 thread-MPI ranks.
      You can use the -nt and/or -ntmpi option to optimize the number of threads.

Overriding nsteps with value passed on the command line: 10000 steps, 20 ps

comm-mode angular will give incorrect results when the comm group partially crosses a periodic boundary
Using 1 MPI thread

Non-default thread affinity set, disabling internal thread affinity

Using 1 OpenMP thread 


Back Off! I just backed up traj.trr to ./#traj.trr.1#

Back Off! I just backed up ener.edr to ./#ener.edr.1#
starting mdrun 'Generated by trjconv : Generated by trjconv : Alanine in vacuum in water t= 4500.00000'
10000 steps,     20.0 ps.

Writing final coordinates.

Back Off! I just backed up confout.gro to ./#confout.gro.1#

               Core t (s)   Wall t (s)        (%)
       Time:        2.020        2.020      100.0
                 (ns/day)    (hour/ns)
Performance:      855.519        0.028

GROMACS reminds you: "(That makes 100 errors; please try again.)" (TeX)

    :-) GROMACS - gmx mdrun, 2023.2-EasyBuild_4.9.0_PLUMED_2.9.0.GMX2023 (-:

Executable:   /sw/arch/RHEL8/EB_production/2023/software/GROMACS/2023.2-foss-2023a-PLUMED-2.9.0.GMX2023/bin/gmx
Data prefix:  /sw/arch/RHEL8/EB_production/2023/software/GROMACS/2023.2-foss-2023a-PLUMED-2.9.0.GMX2023
Working dir:  /gpfs/home1/ekempkes/adipep_umbrella_grid_superfast/result_GRID20649832
Command line:
  gmx mdrun -s simulations_essentials/md.tpr -plumed Colvars/plumed_1.571_1.571.dat -nsteps 10000 -x Colvars/traj_1.571_1.571.xtc


Back Off! I just backed up md.log to ./#md.log.1#
Reading file simulations_essentials/md.tpr, VERSION 2022.5-plumed_2.9.3 (single precision)
Note: file tpx version 127, software tpx version 129

NOTE: Parallelization is limited by the small number of atoms,
      only starting 1 thread-MPI ranks.
      You can use the -nt and/or -ntmpi option to optimize the number of threads.

Overriding nsteps with value passed on the command line: 10000 steps, 20 ps

comm-mode angular will give incorrect results when the comm group partially crosses a periodic boundary
Using 1 MPI thread

Non-default thread affinity set, disabling internal thread affinity

Using 1 OpenMP thread 


Back Off! I just backed up Colvars/traj_1.571_1.571.xtc to Colvars/#traj_1.571_1.571.xtc.1#

Back Off! I just backed up traj.trr to ./#traj.trr.1#

Back Off! I just backed up ener.edr to ./#ener.edr.1#
starting mdrun 'Generated by trjconv : Generated by trjconv : Alanine in vacuum in water t= 4500.00000'
10000 steps,     20.0 ps.

Writing final coordinates.

Back Off! I just backed up confout.gro to ./#confout.gro.1#

               Core t (s)   Wall t (s)        (%)
       Time:        2.029        2.029      100.0
                 (ns/day)    (hour/ns)
Performance:      851.885        0.028

GROMACS reminds you: "How Do You Like Your Vacation So Far ?" (Speed 2 - Cruise Control)

    :-) GROMACS - gmx mdrun, 2023.2-EasyBuild_4.9.0_PLUMED_2.9.0.GMX2023 (-:

Executable:   /sw/arch/RHEL8/EB_production/2023/software/GROMACS/2023.2-foss-2023a-PLUMED-2.9.0.GMX2023/bin/gmx
Data prefix:  /sw/arch/RHEL8/EB_production/2023/software/GROMACS/2023.2-foss-2023a-PLUMED-2.9.0.GMX2023
Working dir:  /gpfs/home1/ekempkes/adipep_umbrella_grid_superfast/result_GRID20649832
Command line:
  gmx mdrun -s simulations_essentials/md.tpr -plumed Colvars/plumed_1.571_2.356.dat -nsteps 10000 -x Colvars/traj_1.571_2.356.xtc


Back Off! I just backed up md.log to ./#md.log.1#
Reading file simulations_essentials/md.tpr, VERSION 2022.5-plumed_2.9.3 (single precision)
Note: file tpx version 127, software tpx version 129

NOTE: Parallelization is limited by the small number of atoms,
      only starting 1 thread-MPI ranks.
      You can use the -nt and/or -ntmpi option to optimize the number of threads.

Overriding nsteps with value passed on the command line: 10000 steps, 20 ps

comm-mode angular will give incorrect results when the comm group partially crosses a periodic boundary
Using 1 MPI thread

Non-default thread affinity set, disabling internal thread affinity

Using 1 OpenMP thread 


Back Off! I just backed up traj.trr to ./#traj.trr.1#

Back Off! I just backed up ener.edr to ./#ener.edr.1#
starting mdrun 'Generated by trjconv : Generated by trjconv : Alanine in vacuum in water t= 4500.00000'
10000 steps,     20.0 ps.

Writing final coordinates.

Back Off! I just backed up confout.gro to ./#confout.gro.1#

               Core t (s)   Wall t (s)        (%)
       Time:        2.062        2.062      100.0
                 (ns/day)    (hour/ns)
Performance:      838.211        0.029

GROMACS reminds you: "Nullis in verba [Nobody's word is final]." (Motto of the Royal Society)

    :-) GROMACS - gmx mdrun, 2023.2-EasyBuild_4.9.0_PLUMED_2.9.0.GMX2023 (-:

Executable:   /sw/arch/RHEL8/EB_production/2023/software/GROMACS/2023.2-foss-2023a-PLUMED-2.9.0.GMX2023/bin/gmx
Data prefix:  /sw/arch/RHEL8/EB_production/2023/software/GROMACS/2023.2-foss-2023a-PLUMED-2.9.0.GMX2023
Working dir:  /gpfs/home1/ekempkes/adipep_umbrella_grid_superfast/result_GRID20649832
Command line:
  gmx mdrun -s simulations_essentials/md.tpr -plumed Colvars/plumed_2.356_-3.142.dat -nsteps 10000 -x Colvars/traj_2.356_-3.142.xtc


Back Off! I just backed up md.log to ./#md.log.1#
Reading file simulations_essentials/md.tpr, VERSION 2022.5-plumed_2.9.3 (single precision)
Note: file tpx version 127, software tpx version 129

NOTE: Parallelization is limited by the small number of atoms,
      only starting 1 thread-MPI ranks.
      You can use the -nt and/or -ntmpi option to optimize the number of threads.

Overriding nsteps with value passed on the command line: 10000 steps, 20 ps

comm-mode angular will give incorrect results when the comm group partially crosses a periodic boundary
Using 1 MPI thread

Non-default thread affinity set, disabling internal thread affinity

Using 1 OpenMP thread 


Back Off! I just backed up traj.trr to ./#traj.trr.1#

Back Off! I just backed up ener.edr to ./#ener.edr.1#
starting mdrun 'Generated by trjconv : Generated by trjconv : Alanine in vacuum in water t= 4500.00000'
10000 steps,     20.0 ps.

Writing final coordinates.

Back Off! I just backed up confout.gro to ./#confout.gro.1#

               Core t (s)   Wall t (s)        (%)
       Time:        2.048        2.048      100.0
                 (ns/day)    (hour/ns)
Performance:      843.794        0.028

GROMACS reminds you: "The Path Of the Righteous Man is Beset On All Sides With the Iniquities Of the Selfish and the Tyranny Of Evil Men." (Pulp Fiction)

    :-) GROMACS - gmx mdrun, 2023.2-EasyBuild_4.9.0_PLUMED_2.9.0.GMX2023 (-:

Executable:   /sw/arch/RHEL8/EB_production/2023/software/GROMACS/2023.2-foss-2023a-PLUMED-2.9.0.GMX2023/bin/gmx
Data prefix:  /sw/arch/RHEL8/EB_production/2023/software/GROMACS/2023.2-foss-2023a-PLUMED-2.9.0.GMX2023
Working dir:  /gpfs/home1/ekempkes/adipep_umbrella_grid_superfast/result_GRID20649832
Command line:
  gmx mdrun -s simulations_essentials/md.tpr -plumed Colvars/plumed_2.356_-2.356.dat -nsteps 10000 -x Colvars/traj_2.356_-2.356.xtc


Back Off! I just backed up md.log to ./#md.log.1#
Reading file simulations_essentials/md.tpr, VERSION 2022.5-plumed_2.9.3 (single precision)
Note: file tpx version 127, software tpx version 129

NOTE: Parallelization is limited by the small number of atoms,
      only starting 1 thread-MPI ranks.
      You can use the -nt and/or -ntmpi option to optimize the number of threads.

Overriding nsteps with value passed on the command line: 10000 steps, 20 ps

comm-mode angular will give incorrect results when the comm group partially crosses a periodic boundary
Using 1 MPI thread

Non-default thread affinity set, disabling internal thread affinity

Using 1 OpenMP thread 


Back Off! I just backed up traj.trr to ./#traj.trr.1#

Back Off! I just backed up ener.edr to ./#ener.edr.1#
starting mdrun 'Generated by trjconv : Generated by trjconv : Alanine in vacuum in water t= 4500.00000'
10000 steps,     20.0 ps.

Writing final coordinates.

Back Off! I just backed up confout.gro to ./#confout.gro.1#

               Core t (s)   Wall t (s)        (%)
       Time:        2.013        2.013      100.0
                 (ns/day)    (hour/ns)
Performance:      858.356        0.028

GROMACS reminds you: "If I have not seen as far as others, it is because giants were standing on my shoulders." (Hal Abelson)

    :-) GROMACS - gmx mdrun, 2023.2-EasyBuild_4.9.0_PLUMED_2.9.0.GMX2023 (-:

Executable:   /sw/arch/RHEL8/EB_production/2023/software/GROMACS/2023.2-foss-2023a-PLUMED-2.9.0.GMX2023/bin/gmx
Data prefix:  /sw/arch/RHEL8/EB_production/2023/software/GROMACS/2023.2-foss-2023a-PLUMED-2.9.0.GMX2023
Working dir:  /gpfs/home1/ekempkes/adipep_umbrella_grid_superfast/result_GRID20649832
Command line:
  gmx mdrun -s simulations_essentials/md.tpr -plumed Colvars/plumed_2.356_-1.571.dat -nsteps 10000 -x Colvars/traj_2.356_-1.571.xtc


Back Off! I just backed up md.log to ./#md.log.1#
Reading file simulations_essentials/md.tpr, VERSION 2022.5-plumed_2.9.3 (single precision)
Note: file tpx version 127, software tpx version 129

NOTE: Parallelization is limited by the small number of atoms,
      only starting 1 thread-MPI ranks.
      You can use the -nt and/or -ntmpi option to optimize the number of threads.

Overriding nsteps with value passed on the command line: 10000 steps, 20 ps

comm-mode angular will give incorrect results when the comm group partially crosses a periodic boundary
Using 1 MPI thread

Non-default thread affinity set, disabling internal thread affinity

Using 1 OpenMP thread 


Back Off! I just backed up traj.trr to ./#traj.trr.1#

Back Off! I just backed up ener.edr to ./#ener.edr.1#
starting mdrun 'Generated by trjconv : Generated by trjconv : Alanine in vacuum in water t= 4500.00000'
10000 steps,     20.0 ps.

Writing final coordinates.

Back Off! I just backed up confout.gro to ./#confout.gro.1#

               Core t (s)   Wall t (s)        (%)
       Time:        2.059        2.059      100.0
                 (ns/day)    (hour/ns)
Performance:      839.336        0.029

GROMACS reminds you: "When a distinguished but elderly scientist states that something is possible, he is almost certainly right. When he states that something is impossible, he is very probably wrong." (Arthur C. Clarke)

    :-) GROMACS - gmx mdrun, 2023.2-EasyBuild_4.9.0_PLUMED_2.9.0.GMX2023 (-:

Executable:   /sw/arch/RHEL8/EB_production/2023/software/GROMACS/2023.2-foss-2023a-PLUMED-2.9.0.GMX2023/bin/gmx
Data prefix:  /sw/arch/RHEL8/EB_production/2023/software/GROMACS/2023.2-foss-2023a-PLUMED-2.9.0.GMX2023
Working dir:  /gpfs/home1/ekempkes/adipep_umbrella_grid_superfast/result_GRID20649832
Command line:
  gmx mdrun -s simulations_essentials/md.tpr -plumed Colvars/plumed_2.356_-0.785.dat -nsteps 10000 -x Colvars/traj_2.356_-0.785.xtc


Back Off! I just backed up md.log to ./#md.log.1#
Reading file simulations_essentials/md.tpr, VERSION 2022.5-plumed_2.9.3 (single precision)
Note: file tpx version 127, software tpx version 129

NOTE: Parallelization is limited by the small number of atoms,
      only starting 1 thread-MPI ranks.
      You can use the -nt and/or -ntmpi option to optimize the number of threads.

Overriding nsteps with value passed on the command line: 10000 steps, 20 ps

comm-mode angular will give incorrect results when the comm group partially crosses a periodic boundary
Using 1 MPI thread

Non-default thread affinity set, disabling internal thread affinity

Using 1 OpenMP thread 


Back Off! I just backed up traj.trr to ./#traj.trr.1#

Back Off! I just backed up ener.edr to ./#ener.edr.1#
starting mdrun 'Generated by trjconv : Generated by trjconv : Alanine in vacuum in water t= 4500.00000'
10000 steps,     20.0 ps.

Writing final coordinates.

Back Off! I just backed up confout.gro to ./#confout.gro.1#

               Core t (s)   Wall t (s)        (%)
       Time:        2.046        2.047      100.0
                 (ns/day)    (hour/ns)
Performance:      844.427        0.028

GROMACS reminds you: "Do the Dog On the Ground" (Red Hot Chili Peppers)

    :-) GROMACS - gmx mdrun, 2023.2-EasyBuild_4.9.0_PLUMED_2.9.0.GMX2023 (-:

Executable:   /sw/arch/RHEL8/EB_production/2023/software/GROMACS/2023.2-foss-2023a-PLUMED-2.9.0.GMX2023/bin/gmx
Data prefix:  /sw/arch/RHEL8/EB_production/2023/software/GROMACS/2023.2-foss-2023a-PLUMED-2.9.0.GMX2023
Working dir:  /gpfs/home1/ekempkes/adipep_umbrella_grid_superfast/result_GRID20649832
Command line:
  gmx mdrun -s simulations_essentials/md.tpr -plumed Colvars/plumed_2.356_0.000.dat -nsteps 10000 -x Colvars/traj_2.356_0.000.xtc


Back Off! I just backed up md.log to ./#md.log.1#
Reading file simulations_essentials/md.tpr, VERSION 2022.5-plumed_2.9.3 (single precision)
Note: file tpx version 127, software tpx version 129

NOTE: Parallelization is limited by the small number of atoms,
      only starting 1 thread-MPI ranks.
      You can use the -nt and/or -ntmpi option to optimize the number of threads.

Overriding nsteps with value passed on the command line: 10000 steps, 20 ps

comm-mode angular will give incorrect results when the comm group partially crosses a periodic boundary
Using 1 MPI thread

Non-default thread affinity set, disabling internal thread affinity

Using 1 OpenMP thread 


Back Off! I just backed up traj.trr to ./#traj.trr.1#

Back Off! I just backed up ener.edr to ./#ener.edr.1#
starting mdrun 'Generated by trjconv : Generated by trjconv : Alanine in vacuum in water t= 4500.00000'
10000 steps,     20.0 ps.

Writing final coordinates.

Back Off! I just backed up confout.gro to ./#confout.gro.1#

               Core t (s)   Wall t (s)        (%)
       Time:        2.025        2.025      100.0
                 (ns/day)    (hour/ns)
Performance:      853.339        0.028

GROMACS reminds you: "If my PhD doesn't allow me to be right on the internet, what is it even good for?" (Martin Vögele)

    :-) GROMACS - gmx mdrun, 2023.2-EasyBuild_4.9.0_PLUMED_2.9.0.GMX2023 (-:

Executable:   /sw/arch/RHEL8/EB_production/2023/software/GROMACS/2023.2-foss-2023a-PLUMED-2.9.0.GMX2023/bin/gmx
Data prefix:  /sw/arch/RHEL8/EB_production/2023/software/GROMACS/2023.2-foss-2023a-PLUMED-2.9.0.GMX2023
Working dir:  /gpfs/home1/ekempkes/adipep_umbrella_grid_superfast/result_GRID20649832
Command line:
  gmx mdrun -s simulations_essentials/md.tpr -plumed Colvars/plumed_2.356_0.785.dat -nsteps 10000 -x Colvars/traj_2.356_0.785.xtc


Back Off! I just backed up md.log to ./#md.log.1#
Reading file simulations_essentials/md.tpr, VERSION 2022.5-plumed_2.9.3 (single precision)
Note: file tpx version 127, software tpx version 129

NOTE: Parallelization is limited by the small number of atoms,
      only starting 1 thread-MPI ranks.
      You can use the -nt and/or -ntmpi option to optimize the number of threads.

Overriding nsteps with value passed on the command line: 10000 steps, 20 ps

comm-mode angular will give incorrect results when the comm group partially crosses a periodic boundary
Using 1 MPI thread

Non-default thread affinity set, disabling internal thread affinity

Using 1 OpenMP thread 


Back Off! I just backed up traj.trr to ./#traj.trr.1#

Back Off! I just backed up ener.edr to ./#ener.edr.1#
starting mdrun 'Generated by trjconv : Generated by trjconv : Alanine in vacuum in water t= 4500.00000'
10000 steps,     20.0 ps.

Writing final coordinates.

Back Off! I just backed up confout.gro to ./#confout.gro.1#

               Core t (s)   Wall t (s)        (%)
       Time:        2.063        2.063      100.0
                 (ns/day)    (hour/ns)
Performance:      837.774        0.029

GROMACS reminds you: "The plural of regex is regrets" (Steve McCarthy (on Twitter))

    :-) GROMACS - gmx mdrun, 2023.2-EasyBuild_4.9.0_PLUMED_2.9.0.GMX2023 (-:

Executable:   /sw/arch/RHEL8/EB_production/2023/software/GROMACS/2023.2-foss-2023a-PLUMED-2.9.0.GMX2023/bin/gmx
Data prefix:  /sw/arch/RHEL8/EB_production/2023/software/GROMACS/2023.2-foss-2023a-PLUMED-2.9.0.GMX2023
Working dir:  /gpfs/home1/ekempkes/adipep_umbrella_grid_superfast/result_GRID20649832
Command line:
  gmx mdrun -s simulations_essentials/md.tpr -plumed Colvars/plumed_2.356_1.571.dat -nsteps 10000 -x Colvars/traj_2.356_1.571.xtc


Back Off! I just backed up md.log to ./#md.log.1#
Reading file simulations_essentials/md.tpr, VERSION 2022.5-plumed_2.9.3 (single precision)
Note: file tpx version 127, software tpx version 129

NOTE: Parallelization is limited by the small number of atoms,
      only starting 1 thread-MPI ranks.
      You can use the -nt and/or -ntmpi option to optimize the number of threads.

Overriding nsteps with value passed on the command line: 10000 steps, 20 ps

comm-mode angular will give incorrect results when the comm group partially crosses a periodic boundary
Using 1 MPI thread

Non-default thread affinity set, disabling internal thread affinity

Using 1 OpenMP thread 


Back Off! I just backed up traj.trr to ./#traj.trr.1#

Back Off! I just backed up ener.edr to ./#ener.edr.1#
starting mdrun 'Generated by trjconv : Generated by trjconv : Alanine in vacuum in water t= 4500.00000'
10000 steps,     20.0 ps.

Writing final coordinates.

Back Off! I just backed up confout.gro to ./#confout.gro.1#

               Core t (s)   Wall t (s)        (%)
       Time:        2.031        2.031      100.0
                 (ns/day)    (hour/ns)
Performance:      850.847        0.028

GROMACS reminds you: "Only entropy comes easy." (Anton Chekov)

    :-) GROMACS - gmx mdrun, 2023.2-EasyBuild_4.9.0_PLUMED_2.9.0.GMX2023 (-:

Executable:   /sw/arch/RHEL8/EB_production/2023/software/GROMACS/2023.2-foss-2023a-PLUMED-2.9.0.GMX2023/bin/gmx
Data prefix:  /sw/arch/RHEL8/EB_production/2023/software/GROMACS/2023.2-foss-2023a-PLUMED-2.9.0.GMX2023
Working dir:  /gpfs/home1/ekempkes/adipep_umbrella_grid_superfast/result_GRID20649832
Command line:
  gmx mdrun -s simulations_essentials/md.tpr -plumed Colvars/plumed_2.356_2.356.dat -nsteps 10000 -x Colvars/traj_2.356_2.356.xtc


Back Off! I just backed up md.log to ./#md.log.1#
Reading file simulations_essentials/md.tpr, VERSION 2022.5-plumed_2.9.3 (single precision)
Note: file tpx version 127, software tpx version 129

NOTE: Parallelization is limited by the small number of atoms,
      only starting 1 thread-MPI ranks.
      You can use the -nt and/or -ntmpi option to optimize the number of threads.

Overriding nsteps with value passed on the command line: 10000 steps, 20 ps

comm-mode angular will give incorrect results when the comm group partially crosses a periodic boundary
Using 1 MPI thread

Non-default thread affinity set, disabling internal thread affinity

Using 1 OpenMP thread 


Back Off! I just backed up traj.trr to ./#traj.trr.1#

Back Off! I just backed up ener.edr to ./#ener.edr.1#
starting mdrun 'Generated by trjconv : Generated by trjconv : Alanine in vacuum in water t= 4500.00000'
10000 steps,     20.0 ps.

Writing final coordinates.

Back Off! I just backed up confout.gro to ./#confout.gro.1#

               Core t (s)   Wall t (s)        (%)
       Time:        2.031        2.031      100.0
                 (ns/day)    (hour/ns)
Performance:      850.999        0.028

GROMACS reminds you: "This May Come As a Shock" (F. Black)


# Integration error:        3.29

# Integrating             - Simpson's rule + Real Space Grid Mini     :-) GROMACS - gmx mdrun, 2023.2-EasyBuild_4.9.0_PLUMED_2.9.0.GMX2023 (-:

Executable:   /sw/arch/RHEL8/EB_production/2023/software/GROMACS/2023.2-foss-2023a-PLUMED-2.9.0.GMX2023/bin/gmx
Data prefix:  /sw/arch/RHEL8/EB_production/2023/software/GROMACS/2023.2-foss-2023a-PLUMED-2.9.0.GMX2023
Working dir:  /gpfs/home1/ekempkes/adipep_umbrella_grid_superfast/result_GRID20649832
Command line:
  gmx mdrun -s simulations_essentials/md.tpr -plumed Colvars/plumed_-3.142_-3.142.dat -nsteps 10000 -x Colvars/traj_-3.142_-3.142.xtc


Back Off! I just backed up md.log to ./#md.log.1#
Reading file simulations_essentials/md.tpr, VERSION 2022.5-plumed_2.9.3 (single precision)
Note: file tpx version 127, software tpx version 129

NOTE: Parallelization is limited by the small number of atoms,
      only starting 1 thread-MPI ranks.
      You can use the -nt and/or -ntmpi option to optimize the number of threads.

Overriding nsteps with value passed on the command line: 10000 steps, 20 ps

comm-mode angular will give incorrect results when the comm group partially crosses a periodic boundary
Using 1 MPI thread

Non-default thread affinity set, disabling internal thread affinity

Using 1 OpenMP thread 


Back Off! I just backed up Colvars/traj_-3.142_-3.142.xtc to Colvars/#traj_-3.142_-3.142.xtc.8#

Back Off! I just backed up traj.trr to ./#traj.trr.1#

Back Off! I just backed up ener.edr to ./#ener.edr.1#
starting mdrun 'Generated by trjconv : Generated by trjconv : Alanine in vacuum in water t= 4500.00000'
10000 steps,     20.0 ps.

Writing final coordinates.

Back Off! I just backed up confout.gro to ./#confout.gro.1#

               Core t (s)   Wall t (s)        (%)
       Time:        2.050        2.050      100.0
                 (ns/day)    (hour/ns)
Performance:      843.105        0.028

GROMACS reminds you: "It's Bicycle Repair Man !" (Monty Python)

    :-) GROMACS - gmx mdrun, 2023.2-EasyBuild_4.9.0_PLUMED_2.9.0.GMX2023 (-:

Executable:   /sw/arch/RHEL8/EB_production/2023/software/GROMACS/2023.2-foss-2023a-PLUMED-2.9.0.GMX2023/bin/gmx
Data prefix:  /sw/arch/RHEL8/EB_production/2023/software/GROMACS/2023.2-foss-2023a-PLUMED-2.9.0.GMX2023
Working dir:  /gpfs/home1/ekempkes/adipep_umbrella_grid_superfast/result_GRID20649832
Command line:
  gmx mdrun -s simulations_essentials/md.tpr -plumed Colvars/plumed_-3.142_-2.443.dat -nsteps 10000 -x Colvars/traj_-3.142_-2.443.xtc


Back Off! I just backed up md.log to ./#md.log.1#
Reading file simulations_essentials/md.tpr, VERSION 2022.5-plumed_2.9.3 (single precision)
Note: file tpx version 127, software tpx version 129

NOTE: Parallelization is limited by the small number of atoms,
      only starting 1 thread-MPI ranks.
      You can use the -nt and/or -ntmpi option to optimize the number of threads.

Overriding nsteps with value passed on the command line: 10000 steps, 20 ps

comm-mode angular will give incorrect results when the comm group partially crosses a periodic boundary
Using 1 MPI thread

Non-default thread affinity set, disabling internal thread affinity

Using 1 OpenMP thread 


Back Off! I just backed up traj.trr to ./#traj.trr.1#

Back Off! I just backed up ener.edr to ./#ener.edr.1#
starting mdrun 'Generated by trjconv : Generated by trjconv : Alanine in vacuum in water t= 4500.00000'
10000 steps,     20.0 ps.

Writing final coordinates.

Back Off! I just backed up confout.gro to ./#confout.gro.1#

               Core t (s)   Wall t (s)        (%)
       Time:        2.028        2.028      100.0
                 (ns/day)    (hour/ns)
Performance:      852.266        0.028

GROMACS reminds you: "RTFM" (B. Hess)

    :-) GROMACS - gmx mdrun, 2023.2-EasyBuild_4.9.0_PLUMED_2.9.0.GMX2023 (-:

Executable:   /sw/arch/RHEL8/EB_production/2023/software/GROMACS/2023.2-foss-2023a-PLUMED-2.9.0.GMX2023/bin/gmx
Data prefix:  /sw/arch/RHEL8/EB_production/2023/software/GROMACS/2023.2-foss-2023a-PLUMED-2.9.0.GMX2023
Working dir:  /gpfs/home1/ekempkes/adipep_umbrella_grid_superfast/result_GRID20649832
Command line:
  gmx mdrun -s simulations_essentials/md.tpr -plumed Colvars/plumed_-3.142_-1.745.dat -nsteps 10000 -x Colvars/traj_-3.142_-1.745.xtc


Back Off! I just backed up md.log to ./#md.log.1#
Reading file simulations_essentials/md.tpr, VERSION 2022.5-plumed_2.9.3 (single precision)
Note: file tpx version 127, software tpx version 129

NOTE: Parallelization is limited by the small number of atoms,
      only starting 1 thread-MPI ranks.
      You can use the -nt and/or -ntmpi option to optimize the number of threads.

Overriding nsteps with value passed on the command line: 10000 steps, 20 ps

comm-mode angular will give incorrect results when the comm group partially crosses a periodic boundary
Using 1 MPI thread

Non-default thread affinity set, disabling internal thread affinity

Using 1 OpenMP thread 


Back Off! I just backed up traj.trr to ./#traj.trr.1#

Back Off! I just backed up ener.edr to ./#ener.edr.1#
starting mdrun 'Generated by trjconv : Generated by trjconv : Alanine in vacuum in water t= 4500.00000'
10000 steps,     20.0 ps.

Writing final coordinates.

Back Off! I just backed up confout.gro to ./#confout.gro.1#

               Core t (s)   Wall t (s)        (%)
       Time:        2.043        2.043      100.0
                 (ns/day)    (hour/ns)
Performance:      845.792        0.028

GROMACS reminds you: "Protons give an atom its identity, electrons its personality." (Bill Bryson)

    :-) GROMACS - gmx mdrun, 2023.2-EasyBuild_4.9.0_PLUMED_2.9.0.GMX2023 (-:

Executable:   /sw/arch/RHEL8/EB_production/2023/software/GROMACS/2023.2-foss-2023a-PLUMED-2.9.0.GMX2023/bin/gmx
Data prefix:  /sw/arch/RHEL8/EB_production/2023/software/GROMACS/2023.2-foss-2023a-PLUMED-2.9.0.GMX2023
Working dir:  /gpfs/home1/ekempkes/adipep_umbrella_grid_superfast/result_GRID20649832
Command line:
  gmx mdrun -s simulations_essentials/md.tpr -plumed Colvars/plumed_-3.142_-1.047.dat -nsteps 10000 -x Colvars/traj_-3.142_-1.047.xtc


Back Off! I just backed up md.log to ./#md.log.1#
Reading file simulations_essentials/md.tpr, VERSION 2022.5-plumed_2.9.3 (single precision)
Note: file tpx version 127, software tpx version 129

NOTE: Parallelization is limited by the small number of atoms,
      only starting 1 thread-MPI ranks.
      You can use the -nt and/or -ntmpi option to optimize the number of threads.

Overriding nsteps with value passed on the command line: 10000 steps, 20 ps

comm-mode angular will give incorrect results when the comm group partially crosses a periodic boundary
Using 1 MPI thread

Non-default thread affinity set, disabling internal thread affinity

Using 1 OpenMP thread 


Back Off! I just backed up Colvars/traj_-3.142_-1.047.xtc to Colvars/#traj_-3.142_-1.047.xtc.2#

Back Off! I just backed up traj.trr to ./#traj.trr.1#

Back Off! I just backed up ener.edr to ./#ener.edr.1#
starting mdrun 'Generated by trjconv : Generated by trjconv : Alanine in vacuum in water t= 4500.00000'
10000 steps,     20.0 ps.

Writing final coordinates.

Back Off! I just backed up confout.gro to ./#confout.gro.1#

               Core t (s)   Wall t (s)        (%)
       Time:        2.029        2.029      100.0
                 (ns/day)    (hour/ns)
Performance:      851.558        0.028

GROMACS reminds you: "Don't be afraid of hard work. Nothing worthwhile comes easily. Don't let others discourage you or tell you that you can't do it. In my day I was told women didn't go into chemistry. I saw no reason why we couldn't." (Gertrude Elion)

    :-) GROMACS - gmx mdrun, 2023.2-EasyBuild_4.9.0_PLUMED_2.9.0.GMX2023 (-:

Executable:   /sw/arch/RHEL8/EB_production/2023/software/GROMACS/2023.2-foss-2023a-PLUMED-2.9.0.GMX2023/bin/gmx
Data prefix:  /sw/arch/RHEL8/EB_production/2023/software/GROMACS/2023.2-foss-2023a-PLUMED-2.9.0.GMX2023
Working dir:  /gpfs/home1/ekempkes/adipep_umbrella_grid_superfast/result_GRID20649832
Command line:
  gmx mdrun -s simulations_essentials/md.tpr -plumed Colvars/plumed_-3.142_-0.349.dat -nsteps 10000 -x Colvars/traj_-3.142_-0.349.xtc


Back Off! I just backed up md.log to ./#md.log.1#
Reading file simulations_essentials/md.tpr, VERSION 2022.5-plumed_2.9.3 (single precision)
Note: file tpx version 127, software tpx version 129

NOTE: Parallelization is limited by the small number of atoms,
      only starting 1 thread-MPI ranks.
      You can use the -nt and/or -ntmpi option to optimize the number of threads.

Overriding nsteps with value passed on the command line: 10000 steps, 20 ps

comm-mode angular will give incorrect results when the comm group partially crosses a periodic boundary
Using 1 MPI thread

Non-default thread affinity set, disabling internal thread affinity

Using 1 OpenMP thread 


Back Off! I just backed up traj.trr to ./#traj.trr.1#

Back Off! I just backed up ener.edr to ./#ener.edr.1#
starting mdrun 'Generated by trjconv : Generated by trjconv : Alanine in vacuum in water t= 4500.00000'
10000 steps,     20.0 ps.

Writing final coordinates.

Back Off! I just backed up confout.gro to ./#confout.gro.1#

               Core t (s)   Wall t (s)        (%)
       Time:        2.057        2.057      100.0
                 (ns/day)    (hour/ns)
Performance:      840.270        0.029

GROMACS reminds you: "An expert is a person who has made all the mistakes that can be made in a very narrow field." (Niels Bohr)

    :-) GROMACS - gmx mdrun, 2023.2-EasyBuild_4.9.0_PLUMED_2.9.0.GMX2023 (-:

Executable:   /sw/arch/RHEL8/EB_production/2023/software/GROMACS/2023.2-foss-2023a-PLUMED-2.9.0.GMX2023/bin/gmx
Data prefix:  /sw/arch/RHEL8/EB_production/2023/software/GROMACS/2023.2-foss-2023a-PLUMED-2.9.0.GMX2023
Working dir:  /gpfs/home1/ekempkes/adipep_umbrella_grid_superfast/result_GRID20649832
Command line:
  gmx mdrun -s simulations_essentials/md.tpr -plumed Colvars/plumed_-3.142_0.349.dat -nsteps 10000 -x Colvars/traj_-3.142_0.349.xtc


Back Off! I just backed up md.log to ./#md.log.1#
Reading file simulations_essentials/md.tpr, VERSION 2022.5-plumed_2.9.3 (single precision)
Note: file tpx version 127, software tpx version 129

NOTE: Parallelization is limited by the small number of atoms,
      only starting 1 thread-MPI ranks.
      You can use the -nt and/or -ntmpi option to optimize the number of threads.

Overriding nsteps with value passed on the command line: 10000 steps, 20 ps

comm-mode angular will give incorrect results when the comm group partially crosses a periodic boundary
Using 1 MPI thread

Non-default thread affinity set, disabling internal thread affinity

Using 1 OpenMP thread 


Back Off! I just backed up traj.trr to ./#traj.trr.1#

Back Off! I just backed up ener.edr to ./#ener.edr.1#
starting mdrun 'Generated by trjconv : Generated by trjconv : Alanine in vacuum in water t= 4500.00000'
10000 steps,     20.0 ps.

Writing final coordinates.

Back Off! I just backed up confout.gro to ./#confout.gro.1#

               Core t (s)   Wall t (s)        (%)
       Time:        2.038        2.038      100.0
                 (ns/day)    (hour/ns)
Performance:      847.807        0.028

GROMACS reminds you: "Creativity in science, as in art, cannot be organized. It arises spontaneously from individual talent. Well-run laboratories can foster it, but hierarchical organizations, inflexible bureaucratic rules, and mountains of futile paperwork can kill it." (Max Perutz)

    :-) GROMACS - gmx mdrun, 2023.2-EasyBuild_4.9.0_PLUMED_2.9.0.GMX2023 (-:

Executable:   /sw/arch/RHEL8/EB_production/2023/software/GROMACS/2023.2-foss-2023a-PLUMED-2.9.0.GMX2023/bin/gmx
Data prefix:  /sw/arch/RHEL8/EB_production/2023/software/GROMACS/2023.2-foss-2023a-PLUMED-2.9.0.GMX2023
Working dir:  /gpfs/home1/ekempkes/adipep_umbrella_grid_superfast/result_GRID20649832
Command line:
  gmx mdrun -s simulations_essentials/md.tpr -plumed Colvars/plumed_-3.142_1.047.dat -nsteps 10000 -x Colvars/traj_-3.142_1.047.xtc


Back Off! I just backed up md.log to ./#md.log.1#
Reading file simulations_essentials/md.tpr, VERSION 2022.5-plumed_2.9.3 (single precision)
Note: file tpx version 127, software tpx version 129

NOTE: Parallelization is limited by the small number of atoms,
      only starting 1 thread-MPI ranks.
      You can use the -nt and/or -ntmpi option to optimize the number of threads.

Overriding nsteps with value passed on the command line: 10000 steps, 20 ps

comm-mode angular will give incorrect results when the comm group partially crosses a periodic boundary
Using 1 MPI thread

Non-default thread affinity set, disabling internal thread affinity

Using 1 OpenMP thread 


Back Off! I just backed up Colvars/traj_-3.142_1.047.xtc to Colvars/#traj_-3.142_1.047.xtc.2#

Back Off! I just backed up traj.trr to ./#traj.trr.1#

Back Off! I just backed up ener.edr to ./#ener.edr.1#
starting mdrun 'Generated by trjconv : Generated by trjconv : Alanine in vacuum in water t= 4500.00000'
10000 steps,     20.0 ps.

Writing final coordinates.

Back Off! I just backed up confout.gro to ./#confout.gro.1#

               Core t (s)   Wall t (s)        (%)
       Time:        2.065        2.065      100.0
                 (ns/day)    (hour/ns)
Performance:      836.718        0.029

GROMACS reminds you: "It is disconcerting to reflect on the number of students we have flunked in chemistry for not knowing what we later found to be untrue." (Robert L. Weber)

    :-) GROMACS - gmx mdrun, 2023.2-EasyBuild_4.9.0_PLUMED_2.9.0.GMX2023 (-:

Executable:   /sw/arch/RHEL8/EB_production/2023/software/GROMACS/2023.2-foss-2023a-PLUMED-2.9.0.GMX2023/bin/gmx
Data prefix:  /sw/arch/RHEL8/EB_production/2023/software/GROMACS/2023.2-foss-2023a-PLUMED-2.9.0.GMX2023
Working dir:  /gpfs/home1/ekempkes/adipep_umbrella_grid_superfast/result_GRID20649832
Command line:
  gmx mdrun -s simulations_essentials/md.tpr -plumed Colvars/plumed_-3.142_1.745.dat -nsteps 10000 -x Colvars/traj_-3.142_1.745.xtc


Back Off! I just backed up md.log to ./#md.log.1#
Reading file simulations_essentials/md.tpr, VERSION 2022.5-plumed_2.9.3 (single precision)
Note: file tpx version 127, software tpx version 129

NOTE: Parallelization is limited by the small number of atoms,
      only starting 1 thread-MPI ranks.
      You can use the -nt and/or -ntmpi option to optimize the number of threads.

Overriding nsteps with value passed on the command line: 10000 steps, 20 ps

comm-mode angular will give incorrect results when the comm group partially crosses a periodic boundary
Using 1 MPI thread

Non-default thread affinity set, disabling internal thread affinity

Using 1 OpenMP thread 


Back Off! I just backed up traj.trr to ./#traj.trr.1#

Back Off! I just backed up ener.edr to ./#ener.edr.1#
starting mdrun 'Generated by trjconv : Generated by trjconv : Alanine in vacuum in water t= 4500.00000'
10000 steps,     20.0 ps.

Writing final coordinates.

Back Off! I just backed up confout.gro to ./#confout.gro.1#

               Core t (s)   Wall t (s)        (%)
       Time:        2.042        2.042      100.0
                 (ns/day)    (hour/ns)
Performance:      846.389        0.028

GROMACS reminds you: "The final page is written in the books of history" (Bad Religion)

    :-) GROMACS - gmx mdrun, 2023.2-EasyBuild_4.9.0_PLUMED_2.9.0.GMX2023 (-:

Executable:   /sw/arch/RHEL8/EB_production/2023/software/GROMACS/2023.2-foss-2023a-PLUMED-2.9.0.GMX2023/bin/gmx
Data prefix:  /sw/arch/RHEL8/EB_production/2023/software/GROMACS/2023.2-foss-2023a-PLUMED-2.9.0.GMX2023
Working dir:  /gpfs/home1/ekempkes/adipep_umbrella_grid_superfast/result_GRID20649832
Command line:
  gmx mdrun -s simulations_essentials/md.tpr -plumed Colvars/plumed_-3.142_2.443.dat -nsteps 10000 -x Colvars/traj_-3.142_2.443.xtc


Back Off! I just backed up md.log to ./#md.log.1#
Reading file simulations_essentials/md.tpr, VERSION 2022.5-plumed_2.9.3 (single precision)
Note: file tpx version 127, software tpx version 129

NOTE: Parallelization is limited by the small number of atoms,
      only starting 1 thread-MPI ranks.
      You can use the -nt and/or -ntmpi option to optimize the number of threads.

Overriding nsteps with value passed on the command line: 10000 steps, 20 ps

comm-mode angular will give incorrect results when the comm group partially crosses a periodic boundary
Using 1 MPI thread

Non-default thread affinity set, disabling internal thread affinity

Using 1 OpenMP thread 


Back Off! I just backed up traj.trr to ./#traj.trr.1#

Back Off! I just backed up ener.edr to ./#ener.edr.1#
starting mdrun 'Generated by trjconv : Generated by trjconv : Alanine in vacuum in water t= 4500.00000'
10000 steps,     20.0 ps.

Writing final coordinates.

Back Off! I just backed up confout.gro to ./#confout.gro.1#

               Core t (s)   Wall t (s)        (%)
       Time:        2.034        2.034      100.0
                 (ns/day)    (hour/ns)
Performance:      849.739        0.028

GROMACS reminds you: "Der Ball ist rund, das Spiel dauert 90 minuten, alles andere ist Theorie" (Lola rennt)

    :-) GROMACS - gmx mdrun, 2023.2-EasyBuild_4.9.0_PLUMED_2.9.0.GMX2023 (-:

Executable:   /sw/arch/RHEL8/EB_production/2023/software/GROMACS/2023.2-foss-2023a-PLUMED-2.9.0.GMX2023/bin/gmx
Data prefix:  /sw/arch/RHEL8/EB_production/2023/software/GROMACS/2023.2-foss-2023a-PLUMED-2.9.0.GMX2023
Working dir:  /gpfs/home1/ekempkes/adipep_umbrella_grid_superfast/result_GRID20649832
Command line:
  gmx mdrun -s simulations_essentials/md.tpr -plumed Colvars/plumed_-2.443_-3.142.dat -nsteps 10000 -x Colvars/traj_-2.443_-3.142.xtc


Back Off! I just backed up md.log to ./#md.log.1#
Reading file simulations_essentials/md.tpr, VERSION 2022.5-plumed_2.9.3 (single precision)
Note: file tpx version 127, software tpx version 129

NOTE: Parallelization is limited by the small number of atoms,
      only starting 1 thread-MPI ranks.
      You can use the -nt and/or -ntmpi option to optimize the number of threads.

Overriding nsteps with value passed on the command line: 10000 steps, 20 ps

comm-mode angular will give incorrect results when the comm group partially crosses a periodic boundary
Using 1 MPI thread

Non-default thread affinity set, disabling internal thread affinity

Using 1 OpenMP thread 


Back Off! I just backed up traj.trr to ./#traj.trr.1#

Back Off! I just backed up ener.edr to ./#ener.edr.1#
starting mdrun 'Generated by trjconv : Generated by trjconv : Alanine in vacuum in water t= 4500.00000'
10000 steps,     20.0 ps.

Writing final coordinates.

Back Off! I just backed up confout.gro to ./#confout.gro.1#

               Core t (s)   Wall t (s)        (%)
       Time:        2.024        2.024      100.0
                 (ns/day)    (hour/ns)
Performance:      853.904        0.028

GROMACS reminds you: "What you do makes a difference, and you have to decide what kind of difference you want to make." (Jane Goodall)

    :-) GROMACS - gmx mdrun, 2023.2-EasyBuild_4.9.0_PLUMED_2.9.0.GMX2023 (-:

Executable:   /sw/arch/RHEL8/EB_production/2023/software/GROMACS/2023.2-foss-2023a-PLUMED-2.9.0.GMX2023/bin/gmx
Data prefix:  /sw/arch/RHEL8/EB_production/2023/software/GROMACS/2023.2-foss-2023a-PLUMED-2.9.0.GMX2023
Working dir:  /gpfs/home1/ekempkes/adipep_umbrella_grid_superfast/result_GRID20649832
Command line:
  gmx mdrun -s simulations_essentials/md.tpr -plumed Colvars/plumed_-2.443_-2.443.dat -nsteps 10000 -x Colvars/traj_-2.443_-2.443.xtc


Back Off! I just backed up md.log to ./#md.log.1#
Reading file simulations_essentials/md.tpr, VERSION 2022.5-plumed_2.9.3 (single precision)
Note: file tpx version 127, software tpx version 129

NOTE: Parallelization is limited by the small number of atoms,
      only starting 1 thread-MPI ranks.
      You can use the -nt and/or -ntmpi option to optimize the number of threads.

Overriding nsteps with value passed on the command line: 10000 steps, 20 ps

comm-mode angular will give incorrect results when the comm group partially crosses a periodic boundary
Using 1 MPI thread

Non-default thread affinity set, disabling internal thread affinity

Using 1 OpenMP thread 


Back Off! I just backed up traj.trr to ./#traj.trr.1#

Back Off! I just backed up ener.edr to ./#ener.edr.1#
starting mdrun 'Generated by trjconv : Generated by trjconv : Alanine in vacuum in water t= 4500.00000'
10000 steps,     20.0 ps.

Writing final coordinates.

Back Off! I just backed up confout.gro to ./#confout.gro.1#

               Core t (s)   Wall t (s)        (%)
       Time:        2.092        2.092      100.0
                 (ns/day)    (hour/ns)
Performance:      825.940        0.029

GROMACS reminds you: "Baby, It Aint Over Till It's Over" (Lenny Kravitz)

    :-) GROMACS - gmx mdrun, 2023.2-EasyBuild_4.9.0_PLUMED_2.9.0.GMX2023 (-:

Executable:   /sw/arch/RHEL8/EB_production/2023/software/GROMACS/2023.2-foss-2023a-PLUMED-2.9.0.GMX2023/bin/gmx
Data prefix:  /sw/arch/RHEL8/EB_production/2023/software/GROMACS/2023.2-foss-2023a-PLUMED-2.9.0.GMX2023
Working dir:  /gpfs/home1/ekempkes/adipep_umbrella_grid_superfast/result_GRID20649832
Command line:
  gmx mdrun -s simulations_essentials/md.tpr -plumed Colvars/plumed_-2.443_-1.745.dat -nsteps 10000 -x Colvars/traj_-2.443_-1.745.xtc


Back Off! I just backed up md.log to ./#md.log.1#
Reading file simulations_essentials/md.tpr, VERSION 2022.5-plumed_2.9.3 (single precision)
Note: file tpx version 127, software tpx version 129

NOTE: Parallelization is limited by the small number of atoms,
      only starting 1 thread-MPI ranks.
      You can use the -nt and/or -ntmpi option to optimize the number of threads.

Overriding nsteps with value passed on the command line: 10000 steps, 20 ps

comm-mode angular will give incorrect results when the comm group partially crosses a periodic boundary
Using 1 MPI thread

Non-default thread affinity set, disabling internal thread affinity

Using 1 OpenMP thread 


Back Off! I just backed up traj.trr to ./#traj.trr.1#

Back Off! I just backed up ener.edr to ./#ener.edr.1#
starting mdrun 'Generated by trjconv : Generated by trjconv : Alanine in vacuum in water t= 4500.00000'
10000 steps,     20.0 ps.

Writing final coordinates.

Back Off! I just backed up confout.gro to ./#confout.gro.1#

               Core t (s)   Wall t (s)        (%)
       Time:        2.019        2.019      100.0
                 (ns/day)    (hour/ns)
Performance:      855.887        0.028

GROMACS reminds you: "Harvard makes mistakes too, you know. Kissinger taught there." (Woody Allen)

    :-) GROMACS - gmx mdrun, 2023.2-EasyBuild_4.9.0_PLUMED_2.9.0.GMX2023 (-:

Executable:   /sw/arch/RHEL8/EB_production/2023/software/GROMACS/2023.2-foss-2023a-PLUMED-2.9.0.GMX2023/bin/gmx
Data prefix:  /sw/arch/RHEL8/EB_production/2023/software/GROMACS/2023.2-foss-2023a-PLUMED-2.9.0.GMX2023
Working dir:  /gpfs/home1/ekempkes/adipep_umbrella_grid_superfast/result_GRID20649832
Command line:
  gmx mdrun -s simulations_essentials/md.tpr -plumed Colvars/plumed_-2.443_-1.047.dat -nsteps 10000 -x Colvars/traj_-2.443_-1.047.xtc


Back Off! I just backed up md.log to ./#md.log.1#
Reading file simulations_essentials/md.tpr, VERSION 2022.5-plumed_2.9.3 (single precision)
Note: file tpx version 127, software tpx version 129

NOTE: Parallelization is limited by the small number of atoms,
      only starting 1 thread-MPI ranks.
      You can use the -nt and/or -ntmpi option to optimize the number of threads.

Overriding nsteps with value passed on the command line: 10000 steps, 20 ps

comm-mode angular will give incorrect results when the comm group partially crosses a periodic boundary
Using 1 MPI thread

Non-default thread affinity set, disabling internal thread affinity

Using 1 OpenMP thread 


Back Off! I just backed up traj.trr to ./#traj.trr.1#

Back Off! I just backed up ener.edr to ./#ener.edr.1#
starting mdrun 'Generated by trjconv : Generated by trjconv : Alanine in vacuum in water t= 4500.00000'
10000 steps,     20.0 ps.

Writing final coordinates.

Back Off! I just backed up confout.gro to ./#confout.gro.1#

               Core t (s)   Wall t (s)        (%)
       Time:        2.042        2.042      100.0
                 (ns/day)    (hour/ns)
Performance:      846.262        0.028

GROMACS reminds you: "Somewhere, something incredible is waiting to be known." (Carl Sagan)

    :-) GROMACS - gmx mdrun, 2023.2-EasyBuild_4.9.0_PLUMED_2.9.0.GMX2023 (-:

Executable:   /sw/arch/RHEL8/EB_production/2023/software/GROMACS/2023.2-foss-2023a-PLUMED-2.9.0.GMX2023/bin/gmx
Data prefix:  /sw/arch/RHEL8/EB_production/2023/software/GROMACS/2023.2-foss-2023a-PLUMED-2.9.0.GMX2023
Working dir:  /gpfs/home1/ekempkes/adipep_umbrella_grid_superfast/result_GRID20649832
Command line:
  gmx mdrun -s simulations_essentials/md.tpr -plumed Colvars/plumed_-2.443_-0.349.dat -nsteps 10000 -x Colvars/traj_-2.443_-0.349.xtc


Back Off! I just backed up md.log to ./#md.log.1#
Reading file simulations_essentials/md.tpr, VERSION 2022.5-plumed_2.9.3 (single precision)
Note: file tpx version 127, software tpx version 129

NOTE: Parallelization is limited by the small number of atoms,
      only starting 1 thread-MPI ranks.
      You can use the -nt and/or -ntmpi option to optimize the number of threads.

Overriding nsteps with value passed on the command line: 10000 steps, 20 ps

comm-mode angular will give incorrect results when the comm group partially crosses a periodic boundary
Using 1 MPI thread

Non-default thread affinity set, disabling internal thread affinity

Using 1 OpenMP thread 


Back Off! I just backed up traj.trr to ./#traj.trr.1#

Back Off! I just backed up ener.edr to ./#ener.edr.1#
starting mdrun 'Generated by trjconv : Generated by trjconv : Alanine in vacuum in water t= 4500.00000'
10000 steps,     20.0 ps.

Writing final coordinates.

Back Off! I just backed up confout.gro to ./#confout.gro.1#

               Core t (s)   Wall t (s)        (%)
       Time:        2.004        2.004      100.0
                 (ns/day)    (hour/ns)
Performance:      862.218        0.028

GROMACS reminds you: "I never see what has been done; I only see what remains to be done." (Marie Curie)

    :-) GROMACS - gmx mdrun, 2023.2-EasyBuild_4.9.0_PLUMED_2.9.0.GMX2023 (-:

Executable:   /sw/arch/RHEL8/EB_production/2023/software/GROMACS/2023.2-foss-2023a-PLUMED-2.9.0.GMX2023/bin/gmx
Data prefix:  /sw/arch/RHEL8/EB_production/2023/software/GROMACS/2023.2-foss-2023a-PLUMED-2.9.0.GMX2023
Working dir:  /gpfs/home1/ekempkes/adipep_umbrella_grid_superfast/result_GRID20649832
Command line:
  gmx mdrun -s simulations_essentials/md.tpr -plumed Colvars/plumed_-2.443_0.349.dat -nsteps 10000 -x Colvars/traj_-2.443_0.349.xtc


Back Off! I just backed up md.log to ./#md.log.1#
Reading file simulations_essentials/md.tpr, VERSION 2022.5-plumed_2.9.3 (single precision)
Note: file tpx version 127, software tpx version 129

NOTE: Parallelization is limited by the small number of atoms,
      only starting 1 thread-MPI ranks.
      You can use the -nt and/or -ntmpi option to optimize the number of threads.

Overriding nsteps with value passed on the command line: 10000 steps, 20 ps

comm-mode angular will give incorrect results when the comm group partially crosses a periodic boundary
Using 1 MPI thread

Non-default thread affinity set, disabling internal thread affinity

Using 1 OpenMP thread 


Back Off! I just backed up traj.trr to ./#traj.trr.1#

Back Off! I just backed up ener.edr to ./#ener.edr.1#
starting mdrun 'Generated by trjconv : Generated by trjconv : Alanine in vacuum in water t= 4500.00000'
10000 steps,     20.0 ps.

Writing final coordinates.

Back Off! I just backed up confout.gro to ./#confout.gro.1#

               Core t (s)   Wall t (s)        (%)
       Time:        2.047        2.047      100.0
                 (ns/day)    (hour/ns)
Performance:      844.253        0.028

GROMACS reminds you: "I have no responsibility to live up to what others expect of me. That's their mistake, not my failing." (Richard Feynman)

    :-) GROMACS - gmx mdrun, 2023.2-EasyBuild_4.9.0_PLUMED_2.9.0.GMX2023 (-:

Executable:   /sw/arch/RHEL8/EB_production/2023/software/GROMACS/2023.2-foss-2023a-PLUMED-2.9.0.GMX2023/bin/gmx
Data prefix:  /sw/arch/RHEL8/EB_production/2023/software/GROMACS/2023.2-foss-2023a-PLUMED-2.9.0.GMX2023
Working dir:  /gpfs/home1/ekempkes/adipep_umbrella_grid_superfast/result_GRID20649832
Command line:
  gmx mdrun -s simulations_essentials/md.tpr -plumed Colvars/plumed_-2.443_1.047.dat -nsteps 10000 -x Colvars/traj_-2.443_1.047.xtc


Back Off! I just backed up md.log to ./#md.log.1#
Reading file simulations_essentials/md.tpr, VERSION 2022.5-plumed_2.9.3 (single precision)
Note: file tpx version 127, software tpx version 129

NOTE: Parallelization is limited by the small number of atoms,
      only starting 1 thread-MPI ranks.
      You can use the -nt and/or -ntmpi option to optimize the number of threads.

Overriding nsteps with value passed on the command line: 10000 steps, 20 ps

comm-mode angular will give incorrect results when the comm group partially crosses a periodic boundary
Using 1 MPI thread

Non-default thread affinity set, disabling internal thread affinity

Using 1 OpenMP thread 


Back Off! I just backed up traj.trr to ./#traj.trr.1#

Back Off! I just backed up ener.edr to ./#ener.edr.1#
starting mdrun 'Generated by trjconv : Generated by trjconv : Alanine in vacuum in water t= 4500.00000'
10000 steps,     20.0 ps.

Writing final coordinates.

Back Off! I just backed up confout.gro to ./#confout.gro.1#

               Core t (s)   Wall t (s)        (%)
       Time:        2.026        2.026      100.0
                 (ns/day)    (hour/ns)
Performance:      852.798        0.028

GROMACS reminds you: "You cannot hope to build a better world without improving the individuals." (Marie Curie)

    :-) GROMACS - gmx mdrun, 2023.2-EasyBuild_4.9.0_PLUMED_2.9.0.GMX2023 (-:

Executable:   /sw/arch/RHEL8/EB_production/2023/software/GROMACS/2023.2-foss-2023a-PLUMED-2.9.0.GMX2023/bin/gmx
Data prefix:  /sw/arch/RHEL8/EB_production/2023/software/GROMACS/2023.2-foss-2023a-PLUMED-2.9.0.GMX2023
Working dir:  /gpfs/home1/ekempkes/adipep_umbrella_grid_superfast/result_GRID20649832
Command line:
  gmx mdrun -s simulations_essentials/md.tpr -plumed Colvars/plumed_-2.443_1.745.dat -nsteps 10000 -x Colvars/traj_-2.443_1.745.xtc


Back Off! I just backed up md.log to ./#md.log.1#
Reading file simulations_essentials/md.tpr, VERSION 2022.5-plumed_2.9.3 (single precision)
Note: file tpx version 127, software tpx version 129

NOTE: Parallelization is limited by the small number of atoms,
      only starting 1 thread-MPI ranks.
      You can use the -nt and/or -ntmpi option to optimize the number of threads.

Overriding nsteps with value passed on the command line: 10000 steps, 20 ps

comm-mode angular will give incorrect results when the comm group partially crosses a periodic boundary
Using 1 MPI thread

Non-default thread affinity set, disabling internal thread affinity

Using 1 OpenMP thread 


Back Off! I just backed up traj.trr to ./#traj.trr.1#

Back Off! I just backed up ener.edr to ./#ener.edr.1#
starting mdrun 'Generated by trjconv : Generated by trjconv : Alanine in vacuum in water t= 4500.00000'
10000 steps,     20.0 ps.

Writing final coordinates.

Back Off! I just backed up confout.gro to ./#confout.gro.1#

               Core t (s)   Wall t (s)        (%)
       Time:        2.072        2.072      100.0
                 (ns/day)    (hour/ns)
Performance:      833.969        0.029

GROMACS reminds you: "There's an old saying among scientific guys: “You can't make an omelet without breaking eggs, ideally by dropping a cement truck on them from a crane." (Dave Barry)

    :-) GROMACS - gmx mdrun, 2023.2-EasyBuild_4.9.0_PLUMED_2.9.0.GMX2023 (-:

Executable:   /sw/arch/RHEL8/EB_production/2023/software/GROMACS/2023.2-foss-2023a-PLUMED-2.9.0.GMX2023/bin/gmx
Data prefix:  /sw/arch/RHEL8/EB_production/2023/software/GROMACS/2023.2-foss-2023a-PLUMED-2.9.0.GMX2023
Working dir:  /gpfs/home1/ekempkes/adipep_umbrella_grid_superfast/result_GRID20649832
Command line:
  gmx mdrun -s simulations_essentials/md.tpr -plumed Colvars/plumed_-2.443_2.443.dat -nsteps 10000 -x Colvars/traj_-2.443_2.443.xtc


Back Off! I just backed up md.log to ./#md.log.1#
Reading file simulations_essentials/md.tpr, VERSION 2022.5-plumed_2.9.3 (single precision)
Note: file tpx version 127, software tpx version 129

NOTE: Parallelization is limited by the small number of atoms,
      only starting 1 thread-MPI ranks.
      You can use the -nt and/or -ntmpi option to optimize the number of threads.

Overriding nsteps with value passed on the command line: 10000 steps, 20 ps

comm-mode angular will give incorrect results when the comm group partially crosses a periodic boundary
Using 1 MPI thread

Non-default thread affinity set, disabling internal thread affinity

Using 1 OpenMP thread 


Back Off! I just backed up traj.trr to ./#traj.trr.1#

Back Off! I just backed up ener.edr to ./#ener.edr.1#
starting mdrun 'Generated by trjconv : Generated by trjconv : Alanine in vacuum in water t= 4500.00000'
10000 steps,     20.0 ps.

Writing final coordinates.

Back Off! I just backed up confout.gro to ./#confout.gro.1#

               Core t (s)   Wall t (s)        (%)
       Time:        2.046        2.046      100.0
                 (ns/day)    (hour/ns)
Performance:      844.489        0.028

GROMACS reminds you: "How will I know it's working right?" (MGMT)

    :-) GROMACS - gmx mdrun, 2023.2-EasyBuild_4.9.0_PLUMED_2.9.0.GMX2023 (-:

Executable:   /sw/arch/RHEL8/EB_production/2023/software/GROMACS/2023.2-foss-2023a-PLUMED-2.9.0.GMX2023/bin/gmx
Data prefix:  /sw/arch/RHEL8/EB_production/2023/software/GROMACS/2023.2-foss-2023a-PLUMED-2.9.0.GMX2023
Working dir:  /gpfs/home1/ekempkes/adipep_umbrella_grid_superfast/result_GRID20649832
Command line:
  gmx mdrun -s simulations_essentials/md.tpr -plumed Colvars/plumed_-1.745_-3.142.dat -nsteps 10000 -x Colvars/traj_-1.745_-3.142.xtc


Back Off! I just backed up md.log to ./#md.log.1#
Reading file simulations_essentials/md.tpr, VERSION 2022.5-plumed_2.9.3 (single precision)
Note: file tpx version 127, software tpx version 129

NOTE: Parallelization is limited by the small number of atoms,
      only starting 1 thread-MPI ranks.
      You can use the -nt and/or -ntmpi option to optimize the number of threads.

Overriding nsteps with value passed on the command line: 10000 steps, 20 ps

comm-mode angular will give incorrect results when the comm group partially crosses a periodic boundary
Using 1 MPI thread

Non-default thread affinity set, disabling internal thread affinity

Using 1 OpenMP thread 


Back Off! I just backed up traj.trr to ./#traj.trr.1#

Back Off! I just backed up ener.edr to ./#ener.edr.1#
starting mdrun 'Generated by trjconv : Generated by trjconv : Alanine in vacuum in water t= 4500.00000'
10000 steps,     20.0 ps.

Writing final coordinates.

Back Off! I just backed up confout.gro to ./#confout.gro.1#

               Core t (s)   Wall t (s)        (%)
       Time:        2.069        2.069      100.0
                 (ns/day)    (hour/ns)
Performance:      835.401        0.029

GROMACS reminds you: "When using an abacus, a human can achieve about 0.1 flops/watt. Super-computers achieve about 2 gigaflops/watt." (John Linford)

    :-) GROMACS - gmx mdrun, 2023.2-EasyBuild_4.9.0_PLUMED_2.9.0.GMX2023 (-:

Executable:   /sw/arch/RHEL8/EB_production/2023/software/GROMACS/2023.2-foss-2023a-PLUMED-2.9.0.GMX2023/bin/gmx
Data prefix:  /sw/arch/RHEL8/EB_production/2023/software/GROMACS/2023.2-foss-2023a-PLUMED-2.9.0.GMX2023
Working dir:  /gpfs/home1/ekempkes/adipep_umbrella_grid_superfast/result_GRID20649832
Command line:
  gmx mdrun -s simulations_essentials/md.tpr -plumed Colvars/plumed_-1.745_-2.443.dat -nsteps 10000 -x Colvars/traj_-1.745_-2.443.xtc


Back Off! I just backed up md.log to ./#md.log.1#
Reading file simulations_essentials/md.tpr, VERSION 2022.5-plumed_2.9.3 (single precision)
Note: file tpx version 127, software tpx version 129

NOTE: Parallelization is limited by the small number of atoms,
      only starting 1 thread-MPI ranks.
      You can use the -nt and/or -ntmpi option to optimize the number of threads.

Overriding nsteps with value passed on the command line: 10000 steps, 20 ps

comm-mode angular will give incorrect results when the comm group partially crosses a periodic boundary
Using 1 MPI thread

Non-default thread affinity set, disabling internal thread affinity

Using 1 OpenMP thread 


Back Off! I just backed up traj.trr to ./#traj.trr.1#

Back Off! I just backed up ener.edr to ./#ener.edr.1#
starting mdrun 'Generated by trjconv : Generated by trjconv : Alanine in vacuum in water t= 4500.00000'
10000 steps,     20.0 ps.

Writing final coordinates.

Back Off! I just backed up confout.gro to ./#confout.gro.1#

               Core t (s)   Wall t (s)        (%)
       Time:        2.028        2.028      100.0
                 (ns/day)    (hour/ns)
Performance:      852.163        0.028

GROMACS reminds you: "When my information changes, I alter my conclusions. What do you do, sir?" (John Maynard Keynes)

    :-) GROMACS - gmx mdrun, 2023.2-EasyBuild_4.9.0_PLUMED_2.9.0.GMX2023 (-:

Executable:   /sw/arch/RHEL8/EB_production/2023/software/GROMACS/2023.2-foss-2023a-PLUMED-2.9.0.GMX2023/bin/gmx
Data prefix:  /sw/arch/RHEL8/EB_production/2023/software/GROMACS/2023.2-foss-2023a-PLUMED-2.9.0.GMX2023
Working dir:  /gpfs/home1/ekempkes/adipep_umbrella_grid_superfast/result_GRID20649832
Command line:
  gmx mdrun -s simulations_essentials/md.tpr -plumed Colvars/plumed_-1.745_-1.745.dat -nsteps 10000 -x Colvars/traj_-1.745_-1.745.xtc


Back Off! I just backed up md.log to ./#md.log.1#
Reading file simulations_essentials/md.tpr, VERSION 2022.5-plumed_2.9.3 (single precision)
Note: file tpx version 127, software tpx version 129

NOTE: Parallelization is limited by the small number of atoms,
      only starting 1 thread-MPI ranks.
      You can use the -nt and/or -ntmpi option to optimize the number of threads.

Overriding nsteps with value passed on the command line: 10000 steps, 20 ps

comm-mode angular will give incorrect results when the comm group partially crosses a periodic boundary
Using 1 MPI thread

Non-default thread affinity set, disabling internal thread affinity

Using 1 OpenMP thread 


Back Off! I just backed up traj.trr to ./#traj.trr.1#

Back Off! I just backed up ener.edr to ./#ener.edr.1#
starting mdrun 'Generated by trjconv : Generated by trjconv : Alanine in vacuum in water t= 4500.00000'
10000 steps,     20.0 ps.

Writing final coordinates.

Back Off! I just backed up confout.gro to ./#confout.gro.1#

               Core t (s)   Wall t (s)        (%)
       Time:        2.016        2.016      100.0
                 (ns/day)    (hour/ns)
Performance:      857.178        0.028

GROMACS reminds you: "You still have to climb to the shoulders of the giants" (Vedran Miletic)

    :-) GROMACS - gmx mdrun, 2023.2-EasyBuild_4.9.0_PLUMED_2.9.0.GMX2023 (-:

Executable:   /sw/arch/RHEL8/EB_production/2023/software/GROMACS/2023.2-foss-2023a-PLUMED-2.9.0.GMX2023/bin/gmx
Data prefix:  /sw/arch/RHEL8/EB_production/2023/software/GROMACS/2023.2-foss-2023a-PLUMED-2.9.0.GMX2023
Working dir:  /gpfs/home1/ekempkes/adipep_umbrella_grid_superfast/result_GRID20649832
Command line:
  gmx mdrun -s simulations_essentials/md.tpr -plumed Colvars/plumed_-1.745_-1.047.dat -nsteps 10000 -x Colvars/traj_-1.745_-1.047.xtc


Back Off! I just backed up md.log to ./#md.log.1#
Reading file simulations_essentials/md.tpr, VERSION 2022.5-plumed_2.9.3 (single precision)
Note: file tpx version 127, software tpx version 129

NOTE: Parallelization is limited by the small number of atoms,
      only starting 1 thread-MPI ranks.
      You can use the -nt and/or -ntmpi option to optimize the number of threads.

Overriding nsteps with value passed on the command line: 10000 steps, 20 ps

comm-mode angular will give incorrect results when the comm group partially crosses a periodic boundary
Using 1 MPI thread

Non-default thread affinity set, disabling internal thread affinity

Using 1 OpenMP thread 


Back Off! I just backed up traj.trr to ./#traj.trr.1#

Back Off! I just backed up ener.edr to ./#ener.edr.1#
starting mdrun 'Generated by trjconv : Generated by trjconv : Alanine in vacuum in water t= 4500.00000'
10000 steps,     20.0 ps.

Writing final coordinates.

Back Off! I just backed up confout.gro to ./#confout.gro.1#

               Core t (s)   Wall t (s)        (%)
       Time:        2.050        2.050      100.0
                 (ns/day)    (hour/ns)
Performance:      843.133        0.028

GROMACS reminds you: "What If None Of Your Dreams Come True ?" (E. Costello)

    :-) GROMACS - gmx mdrun, 2023.2-EasyBuild_4.9.0_PLUMED_2.9.0.GMX2023 (-:

Executable:   /sw/arch/RHEL8/EB_production/2023/software/GROMACS/2023.2-foss-2023a-PLUMED-2.9.0.GMX2023/bin/gmx
Data prefix:  /sw/arch/RHEL8/EB_production/2023/software/GROMACS/2023.2-foss-2023a-PLUMED-2.9.0.GMX2023
Working dir:  /gpfs/home1/ekempkes/adipep_umbrella_grid_superfast/result_GRID20649832
Command line:
  gmx mdrun -s simulations_essentials/md.tpr -plumed Colvars/plumed_-1.745_-0.349.dat -nsteps 10000 -x Colvars/traj_-1.745_-0.349.xtc


Back Off! I just backed up md.log to ./#md.log.1#
Reading file simulations_essentials/md.tpr, VERSION 2022.5-plumed_2.9.3 (single precision)
Note: file tpx version 127, software tpx version 129

NOTE: Parallelization is limited by the small number of atoms,
      only starting 1 thread-MPI ranks.
      You can use the -nt and/or -ntmpi option to optimize the number of threads.

Overriding nsteps with value passed on the command line: 10000 steps, 20 ps

comm-mode angular will give incorrect results when the comm group partially crosses a periodic boundary
Using 1 MPI thread

Non-default thread affinity set, disabling internal thread affinity

Using 1 OpenMP thread 


Back Off! I just backed up traj.trr to ./#traj.trr.1#

Back Off! I just backed up ener.edr to ./#ener.edr.1#
starting mdrun 'Generated by trjconv : Generated by trjconv : Alanine in vacuum in water t= 4500.00000'
10000 steps,     20.0 ps.

Writing final coordinates.

Back Off! I just backed up confout.gro to ./#confout.gro.1#

               Core t (s)   Wall t (s)        (%)
       Time:        2.050        2.050      100.0
                 (ns/day)    (hour/ns)
Performance:      842.876        0.028

GROMACS reminds you: "Those people who think they know everything are a great annoyance to those of us who do." (Isaac Asimov)

    :-) GROMACS - gmx mdrun, 2023.2-EasyBuild_4.9.0_PLUMED_2.9.0.GMX2023 (-:

Executable:   /sw/arch/RHEL8/EB_production/2023/software/GROMACS/2023.2-foss-2023a-PLUMED-2.9.0.GMX2023/bin/gmx
Data prefix:  /sw/arch/RHEL8/EB_production/2023/software/GROMACS/2023.2-foss-2023a-PLUMED-2.9.0.GMX2023
Working dir:  /gpfs/home1/ekempkes/adipep_umbrella_grid_superfast/result_GRID20649832
Command line:
  gmx mdrun -s simulations_essentials/md.tpr -plumed Colvars/plumed_-1.745_0.349.dat -nsteps 10000 -x Colvars/traj_-1.745_0.349.xtc


Back Off! I just backed up md.log to ./#md.log.1#
Reading file simulations_essentials/md.tpr, VERSION 2022.5-plumed_2.9.3 (single precision)
Note: file tpx version 127, software tpx version 129

NOTE: Parallelization is limited by the small number of atoms,
      only starting 1 thread-MPI ranks.
      You can use the -nt and/or -ntmpi option to optimize the number of threads.

Overriding nsteps with value passed on the command line: 10000 steps, 20 ps

comm-mode angular will give incorrect results when the comm group partially crosses a periodic boundary
Using 1 MPI thread

Non-default thread affinity set, disabling internal thread affinity

Using 1 OpenMP thread 


Back Off! I just backed up traj.trr to ./#traj.trr.1#

Back Off! I just backed up ener.edr to ./#ener.edr.1#
starting mdrun 'Generated by trjconv : Generated by trjconv : Alanine in vacuum in water t= 4500.00000'
10000 steps,     20.0 ps.

Writing final coordinates.

Back Off! I just backed up confout.gro to ./#confout.gro.1#

               Core t (s)   Wall t (s)        (%)
       Time:        2.030        2.031      100.0
                 (ns/day)    (hour/ns)
Performance:      851.075        0.028

GROMACS reminds you: "Bad As This Shit Is, This Shit Ain't As Bad As You Think It Is." (Jackie Brown)

    :-) GROMACS - gmx mdrun, 2023.2-EasyBuild_4.9.0_PLUMED_2.9.0.GMX2023 (-:

Executable:   /sw/arch/RHEL8/EB_production/2023/software/GROMACS/2023.2-foss-2023a-PLUMED-2.9.0.GMX2023/bin/gmx
Data prefix:  /sw/arch/RHEL8/EB_production/2023/software/GROMACS/2023.2-foss-2023a-PLUMED-2.9.0.GMX2023
Working dir:  /gpfs/home1/ekempkes/adipep_umbrella_grid_superfast/result_GRID20649832
Command line:
  gmx mdrun -s simulations_essentials/md.tpr -plumed Colvars/plumed_-1.745_1.047.dat -nsteps 10000 -x Colvars/traj_-1.745_1.047.xtc


Back Off! I just backed up md.log to ./#md.log.1#
Reading file simulations_essentials/md.tpr, VERSION 2022.5-plumed_2.9.3 (single precision)
Note: file tpx version 127, software tpx version 129

NOTE: Parallelization is limited by the small number of atoms,
      only starting 1 thread-MPI ranks.
      You can use the -nt and/or -ntmpi option to optimize the number of threads.

Overriding nsteps with value passed on the command line: 10000 steps, 20 ps

comm-mode angular will give incorrect results when the comm group partially crosses a periodic boundary
Using 1 MPI thread

Non-default thread affinity set, disabling internal thread affinity

Using 1 OpenMP thread 


Back Off! I just backed up traj.trr to ./#traj.trr.1#

Back Off! I just backed up ener.edr to ./#ener.edr.1#
starting mdrun 'Generated by trjconv : Generated by trjconv : Alanine in vacuum in water t= 4500.00000'
10000 steps,     20.0 ps.

Writing final coordinates.

Back Off! I just backed up confout.gro to ./#confout.gro.1#

               Core t (s)   Wall t (s)        (%)
       Time:        2.053        2.053      100.0
                 (ns/day)    (hour/ns)
Performance:      841.627        0.029

GROMACS reminds you: "If 10 years from now, when you are doing something quick and dirty, you suddenly visualize that I am looking over your shoulders and say to yourself: 'Dijkstra would not have liked this', well that would be enough immortality for me." (Edsger Dijkstra)

    :-) GROMACS - gmx mdrun, 2023.2-EasyBuild_4.9.0_PLUMED_2.9.0.GMX2023 (-:

Executable:   /sw/arch/RHEL8/EB_production/2023/software/GROMACS/2023.2-foss-2023a-PLUMED-2.9.0.GMX2023/bin/gmx
Data prefix:  /sw/arch/RHEL8/EB_production/2023/software/GROMACS/2023.2-foss-2023a-PLUMED-2.9.0.GMX2023
Working dir:  /gpfs/home1/ekempkes/adipep_umbrella_grid_superfast/result_GRID20649832
Command line:
  gmx mdrun -s simulations_essentials/md.tpr -plumed Colvars/plumed_-1.745_1.745.dat -nsteps 10000 -x Colvars/traj_-1.745_1.745.xtc


Back Off! I just backed up md.log to ./#md.log.1#
Reading file simulations_essentials/md.tpr, VERSION 2022.5-plumed_2.9.3 (single precision)
Note: file tpx version 127, software tpx version 129

NOTE: Parallelization is limited by the small number of atoms,
      only starting 1 thread-MPI ranks.
      You can use the -nt and/or -ntmpi option to optimize the number of threads.

Overriding nsteps with value passed on the command line: 10000 steps, 20 ps

comm-mode angular will give incorrect results when the comm group partially crosses a periodic boundary
Using 1 MPI thread

Non-default thread affinity set, disabling internal thread affinity

Using 1 OpenMP thread 


Back Off! I just backed up traj.trr to ./#traj.trr.1#

Back Off! I just backed up ener.edr to ./#ener.edr.1#
starting mdrun 'Generated by trjconv : Generated by trjconv : Alanine in vacuum in water t= 4500.00000'
10000 steps,     20.0 ps.

Writing final coordinates.

Back Off! I just backed up confout.gro to ./#confout.gro.1#

               Core t (s)   Wall t (s)        (%)
       Time:        2.027        2.027      100.0
                 (ns/day)    (hour/ns)
Performance:      852.549        0.028

GROMACS reminds you: "This is Tense !" (Star Wars Episode I The Phantom Menace)

    :-) GROMACS - gmx mdrun, 2023.2-EasyBuild_4.9.0_PLUMED_2.9.0.GMX2023 (-:

Executable:   /sw/arch/RHEL8/EB_production/2023/software/GROMACS/2023.2-foss-2023a-PLUMED-2.9.0.GMX2023/bin/gmx
Data prefix:  /sw/arch/RHEL8/EB_production/2023/software/GROMACS/2023.2-foss-2023a-PLUMED-2.9.0.GMX2023
Working dir:  /gpfs/home1/ekempkes/adipep_umbrella_grid_superfast/result_GRID20649832
Command line:
  gmx mdrun -s simulations_essentials/md.tpr -plumed Colvars/plumed_-1.745_2.443.dat -nsteps 10000 -x Colvars/traj_-1.745_2.443.xtc


Back Off! I just backed up md.log to ./#md.log.1#
Reading file simulations_essentials/md.tpr, VERSION 2022.5-plumed_2.9.3 (single precision)
Note: file tpx version 127, software tpx version 129

NOTE: Parallelization is limited by the small number of atoms,
      only starting 1 thread-MPI ranks.
      You can use the -nt and/or -ntmpi option to optimize the number of threads.

Overriding nsteps with value passed on the command line: 10000 steps, 20 ps

comm-mode angular will give incorrect results when the comm group partially crosses a periodic boundary
Using 1 MPI thread

Non-default thread affinity set, disabling internal thread affinity

Using 1 OpenMP thread 


Back Off! I just backed up traj.trr to ./#traj.trr.1#

Back Off! I just backed up ener.edr to ./#ener.edr.1#
starting mdrun 'Generated by trjconv : Generated by trjconv : Alanine in vacuum in water t= 4500.00000'
10000 steps,     20.0 ps.

Writing final coordinates.

Back Off! I just backed up confout.gro to ./#confout.gro.1#

               Core t (s)   Wall t (s)        (%)
       Time:        2.040        2.041      100.0
                 (ns/day)    (hour/ns)
Performance:      846.907        0.028

GROMACS reminds you: "Where all think alike, no one thinks very much." (Walter Lippmann)

    :-) GROMACS - gmx mdrun, 2023.2-EasyBuild_4.9.0_PLUMED_2.9.0.GMX2023 (-:

Executable:   /sw/arch/RHEL8/EB_production/2023/software/GROMACS/2023.2-foss-2023a-PLUMED-2.9.0.GMX2023/bin/gmx
Data prefix:  /sw/arch/RHEL8/EB_production/2023/software/GROMACS/2023.2-foss-2023a-PLUMED-2.9.0.GMX2023
Working dir:  /gpfs/home1/ekempkes/adipep_umbrella_grid_superfast/result_GRID20649832
Command line:
  gmx mdrun -s simulations_essentials/md.tpr -plumed Colvars/plumed_-1.047_-3.142.dat -nsteps 10000 -x Colvars/traj_-1.047_-3.142.xtc


Back Off! I just backed up md.log to ./#md.log.1#
Reading file simulations_essentials/md.tpr, VERSION 2022.5-plumed_2.9.3 (single precision)
Note: file tpx version 127, software tpx version 129

NOTE: Parallelization is limited by the small number of atoms,
      only starting 1 thread-MPI ranks.
      You can use the -nt and/or -ntmpi option to optimize the number of threads.

Overriding nsteps with value passed on the command line: 10000 steps, 20 ps

comm-mode angular will give incorrect results when the comm group partially crosses a periodic boundary
Using 1 MPI thread

Non-default thread affinity set, disabling internal thread affinity

Using 1 OpenMP thread 


Back Off! I just backed up Colvars/traj_-1.047_-3.142.xtc to Colvars/#traj_-1.047_-3.142.xtc.2#

Back Off! I just backed up traj.trr to ./#traj.trr.1#

Back Off! I just backed up ener.edr to ./#ener.edr.1#
starting mdrun 'Generated by trjconv : Generated by trjconv : Alanine in vacuum in water t= 4500.00000'
10000 steps,     20.0 ps.

Writing final coordinates.

Back Off! I just backed up confout.gro to ./#confout.gro.1#

               Core t (s)   Wall t (s)        (%)
       Time:        2.065        2.065      100.0
                 (ns/day)    (hour/ns)
Performance:      836.767        0.029

GROMACS reminds you: "I spent a lot of money on booze, birds and fast cars. The rest I just squandered." (George Best)

    :-) GROMACS - gmx mdrun, 2023.2-EasyBuild_4.9.0_PLUMED_2.9.0.GMX2023 (-:

Executable:   /sw/arch/RHEL8/EB_production/2023/software/GROMACS/2023.2-foss-2023a-PLUMED-2.9.0.GMX2023/bin/gmx
Data prefix:  /sw/arch/RHEL8/EB_production/2023/software/GROMACS/2023.2-foss-2023a-PLUMED-2.9.0.GMX2023
Working dir:  /gpfs/home1/ekempkes/adipep_umbrella_grid_superfast/result_GRID20649832
Command line:
  gmx mdrun -s simulations_essentials/md.tpr -plumed Colvars/plumed_-1.047_-2.443.dat -nsteps 10000 -x Colvars/traj_-1.047_-2.443.xtc


Back Off! I just backed up md.log to ./#md.log.1#
Reading file simulations_essentials/md.tpr, VERSION 2022.5-plumed_2.9.3 (single precision)
Note: file tpx version 127, software tpx version 129

NOTE: Parallelization is limited by the small number of atoms,
      only starting 1 thread-MPI ranks.
      You can use the -nt and/or -ntmpi option to optimize the number of threads.

Overriding nsteps with value passed on the command line: 10000 steps, 20 ps

comm-mode angular will give incorrect results when the comm group partially crosses a periodic boundary
Using 1 MPI thread

Non-default thread affinity set, disabling internal thread affinity

Using 1 OpenMP thread 


Back Off! I just backed up traj.trr to ./#traj.trr.1#

Back Off! I just backed up ener.edr to ./#ener.edr.1#
starting mdrun 'Generated by trjconv : Generated by trjconv : Alanine in vacuum in water t= 4500.00000'
10000 steps,     20.0 ps.

Writing final coordinates.

Back Off! I just backed up confout.gro to ./#confout.gro.1#

               Core t (s)   Wall t (s)        (%)
       Time:        2.030        2.030      100.0
                 (ns/day)    (hour/ns)
Performance:      851.356        0.028

GROMACS reminds you: "California, R.I.P." (Red Hot Chili Peppars)

    :-) GROMACS - gmx mdrun, 2023.2-EasyBuild_4.9.0_PLUMED_2.9.0.GMX2023 (-:

Executable:   /sw/arch/RHEL8/EB_production/2023/software/GROMACS/2023.2-foss-2023a-PLUMED-2.9.0.GMX2023/bin/gmx
Data prefix:  /sw/arch/RHEL8/EB_production/2023/software/GROMACS/2023.2-foss-2023a-PLUMED-2.9.0.GMX2023
Working dir:  /gpfs/home1/ekempkes/adipep_umbrella_grid_superfast/result_GRID20649832
Command line:
  gmx mdrun -s simulations_essentials/md.tpr -plumed Colvars/plumed_-1.047_-1.745.dat -nsteps 10000 -x Colvars/traj_-1.047_-1.745.xtc


Back Off! I just backed up md.log to ./#md.log.1#
Reading file simulations_essentials/md.tpr, VERSION 2022.5-plumed_2.9.3 (single precision)
Note: file tpx version 127, software tpx version 129

NOTE: Parallelization is limited by the small number of atoms,
      only starting 1 thread-MPI ranks.
      You can use the -nt and/or -ntmpi option to optimize the number of threads.

Overriding nsteps with value passed on the command line: 10000 steps, 20 ps

comm-mode angular will give incorrect results when the comm group partially crosses a periodic boundary
Using 1 MPI thread

Non-default thread affinity set, disabling internal thread affinity

Using 1 OpenMP thread 


Back Off! I just backed up traj.trr to ./#traj.trr.1#

Back Off! I just backed up ener.edr to ./#ener.edr.1#
starting mdrun 'Generated by trjconv : Generated by trjconv : Alanine in vacuum in water t= 4500.00000'
10000 steps,     20.0 ps.

Writing final coordinates.

Back Off! I just backed up confout.gro to ./#confout.gro.1#

               Core t (s)   Wall t (s)        (%)
       Time:        2.036        2.036      100.0
                 (ns/day)    (hour/ns)
Performance:      848.627        0.028

GROMACS reminds you: "As an adolescent I aspired to lasting fame, I craved factual certainty, and I thirsted for a meaningful vision of human life -- so I became a scientist. This is like becoming an archbishop so you can meet girls." (Matt Cartmill)

    :-) GROMACS - gmx mdrun, 2023.2-EasyBuild_4.9.0_PLUMED_2.9.0.GMX2023 (-:

Executable:   /sw/arch/RHEL8/EB_production/2023/software/GROMACS/2023.2-foss-2023a-PLUMED-2.9.0.GMX2023/bin/gmx
Data prefix:  /sw/arch/RHEL8/EB_production/2023/software/GROMACS/2023.2-foss-2023a-PLUMED-2.9.0.GMX2023
Working dir:  /gpfs/home1/ekempkes/adipep_umbrella_grid_superfast/result_GRID20649832
Command line:
  gmx mdrun -s simulations_essentials/md.tpr -plumed Colvars/plumed_-1.047_-1.047.dat -nsteps 10000 -x Colvars/traj_-1.047_-1.047.xtc


Back Off! I just backed up md.log to ./#md.log.1#
Reading file simulations_essentials/md.tpr, VERSION 2022.5-plumed_2.9.3 (single precision)
Note: file tpx version 127, software tpx version 129

NOTE: Parallelization is limited by the small number of atoms,
      only starting 1 thread-MPI ranks.
      You can use the -nt and/or -ntmpi option to optimize the number of threads.

Overriding nsteps with value passed on the command line: 10000 steps, 20 ps

comm-mode angular will give incorrect results when the comm group partially crosses a periodic boundary
Using 1 MPI thread

Non-default thread affinity set, disabling internal thread affinity

Using 1 OpenMP thread 


Back Off! I just backed up Colvars/traj_-1.047_-1.047.xtc to Colvars/#traj_-1.047_-1.047.xtc.2#

Back Off! I just backed up traj.trr to ./#traj.trr.1#

Back Off! I just backed up ener.edr to ./#ener.edr.1#
starting mdrun 'Generated by trjconv : Generated by trjconv : Alanine in vacuum in water t= 4500.00000'
10000 steps,     20.0 ps.

Writing final coordinates.

Back Off! I just backed up confout.gro to ./#confout.gro.1#

               Core t (s)   Wall t (s)        (%)
       Time:        2.035        2.035      100.0
                 (ns/day)    (hour/ns)
Performance:      849.293        0.028

GROMACS reminds you: "I Had So Many Problem, and Then I Got Me a Walkman" (F. Black)

    :-) GROMACS - gmx mdrun, 2023.2-EasyBuild_4.9.0_PLUMED_2.9.0.GMX2023 (-:

Executable:   /sw/arch/RHEL8/EB_production/2023/software/GROMACS/2023.2-foss-2023a-PLUMED-2.9.0.GMX2023/bin/gmx
Data prefix:  /sw/arch/RHEL8/EB_production/2023/software/GROMACS/2023.2-foss-2023a-PLUMED-2.9.0.GMX2023
Working dir:  /gpfs/home1/ekempkes/adipep_umbrella_grid_superfast/result_GRID20649832
Command line:
  gmx mdrun -s simulations_essentials/md.tpr -plumed Colvars/plumed_-1.047_-0.349.dat -nsteps 10000 -x Colvars/traj_-1.047_-0.349.xtc


Back Off! I just backed up md.log to ./#md.log.1#
Reading file simulations_essentials/md.tpr, VERSION 2022.5-plumed_2.9.3 (single precision)
Note: file tpx version 127, software tpx version 129

NOTE: Parallelization is limited by the small number of atoms,
      only starting 1 thread-MPI ranks.
      You can use the -nt and/or -ntmpi option to optimize the number of threads.

Overriding nsteps with value passed on the command line: 10000 steps, 20 ps

comm-mode angular will give incorrect results when the comm group partially crosses a periodic boundary
Using 1 MPI thread

Non-default thread affinity set, disabling internal thread affinity

Using 1 OpenMP thread 


Back Off! I just backed up traj.trr to ./#traj.trr.1#

Back Off! I just backed up ener.edr to ./#ener.edr.1#
starting mdrun 'Generated by trjconv : Generated by trjconv : Alanine in vacuum in water t= 4500.00000'
10000 steps,     20.0 ps.

Writing final coordinates.

Back Off! I just backed up confout.gro to ./#confout.gro.1#

               Core t (s)   Wall t (s)        (%)
       Time:        2.028        2.028      100.0
                 (ns/day)    (hour/ns)
Performance:      852.304        0.028

GROMACS reminds you: "Do the Dog On the Ground" (Red Hot Chili Peppers)

    :-) GROMACS - gmx mdrun, 2023.2-EasyBuild_4.9.0_PLUMED_2.9.0.GMX2023 (-:

Executable:   /sw/arch/RHEL8/EB_production/2023/software/GROMACS/2023.2-foss-2023a-PLUMED-2.9.0.GMX2023/bin/gmx
Data prefix:  /sw/arch/RHEL8/EB_production/2023/software/GROMACS/2023.2-foss-2023a-PLUMED-2.9.0.GMX2023
Working dir:  /gpfs/home1/ekempkes/adipep_umbrella_grid_superfast/result_GRID20649832
Command line:
  gmx mdrun -s simulations_essentials/md.tpr -plumed Colvars/plumed_-1.047_0.349.dat -nsteps 10000 -x Colvars/traj_-1.047_0.349.xtc


Back Off! I just backed up md.log to ./#md.log.1#
Reading file simulations_essentials/md.tpr, VERSION 2022.5-plumed_2.9.3 (single precision)
Note: file tpx version 127, software tpx version 129

NOTE: Parallelization is limited by the small number of atoms,
      only starting 1 thread-MPI ranks.
      You can use the -nt and/or -ntmpi option to optimize the number of threads.

Overriding nsteps with value passed on the command line: 10000 steps, 20 ps

comm-mode angular will give incorrect results when the comm group partially crosses a periodic boundary
Using 1 MPI thread

Non-default thread affinity set, disabling internal thread affinity

Using 1 OpenMP thread 


Back Off! I just backed up traj.trr to ./#traj.trr.1#

Back Off! I just backed up ener.edr to ./#ener.edr.1#
starting mdrun 'Generated by trjconv : Generated by trjconv : Alanine in vacuum in water t= 4500.00000'
10000 steps,     20.0 ps.

Writing final coordinates.

Back Off! I just backed up confout.gro to ./#confout.gro.1#

               Core t (s)   Wall t (s)        (%)
       Time:        2.027        2.028      100.0
                 (ns/day)    (hour/ns)
Performance:      852.357        0.028

GROMACS reminds you: "Check Your Input" (D. Van Der Spoel)

    :-) GROMACS - gmx mdrun, 2023.2-EasyBuild_4.9.0_PLUMED_2.9.0.GMX2023 (-:

Executable:   /sw/arch/RHEL8/EB_production/2023/software/GROMACS/2023.2-foss-2023a-PLUMED-2.9.0.GMX2023/bin/gmx
Data prefix:  /sw/arch/RHEL8/EB_production/2023/software/GROMACS/2023.2-foss-2023a-PLUMED-2.9.0.GMX2023
Working dir:  /gpfs/home1/ekempkes/adipep_umbrella_grid_superfast/result_GRID20649832
Command line:
  gmx mdrun -s simulations_essentials/md.tpr -plumed Colvars/plumed_-1.047_1.047.dat -nsteps 10000 -x Colvars/traj_-1.047_1.047.xtc


Back Off! I just backed up md.log to ./#md.log.1#
Reading file simulations_essentials/md.tpr, VERSION 2022.5-plumed_2.9.3 (single precision)
Note: file tpx version 127, software tpx version 129

NOTE: Parallelization is limited by the small number of atoms,
      only starting 1 thread-MPI ranks.
      You can use the -nt and/or -ntmpi option to optimize the number of threads.

Overriding nsteps with value passed on the command line: 10000 steps, 20 ps

comm-mode angular will give incorrect results when the comm group partially crosses a periodic boundary
Using 1 MPI thread

Non-default thread affinity set, disabling internal thread affinity

Using 1 OpenMP thread 


Back Off! I just backed up Colvars/traj_-1.047_1.047.xtc to Colvars/#traj_-1.047_1.047.xtc.2#

Back Off! I just backed up traj.trr to ./#traj.trr.1#

Back Off! I just backed up ener.edr to ./#ener.edr.1#
starting mdrun 'Generated by trjconv : Generated by trjconv : Alanine in vacuum in water t= 4500.00000'
10000 steps,     20.0 ps.

Writing final coordinates.

Back Off! I just backed up confout.gro to ./#confout.gro.1#

               Core t (s)   Wall t (s)        (%)
       Time:        2.031        2.031      100.0
                 (ns/day)    (hour/ns)
Performance:      850.878        0.028

GROMACS reminds you: "I see they found out the universe is 80 million years older than we thought. It's also been lying about its weight." (Bill Maher)

    :-) GROMACS - gmx mdrun, 2023.2-EasyBuild_4.9.0_PLUMED_2.9.0.GMX2023 (-:

Executable:   /sw/arch/RHEL8/EB_production/2023/software/GROMACS/2023.2-foss-2023a-PLUMED-2.9.0.GMX2023/bin/gmx
Data prefix:  /sw/arch/RHEL8/EB_production/2023/software/GROMACS/2023.2-foss-2023a-PLUMED-2.9.0.GMX2023
Working dir:  /gpfs/home1/ekempkes/adipep_umbrella_grid_superfast/result_GRID20649832
Command line:
  gmx mdrun -s simulations_essentials/md.tpr -plumed Colvars/plumed_-1.047_1.745.dat -nsteps 10000 -x Colvars/traj_-1.047_1.745.xtc


Back Off! I just backed up md.log to ./#md.log.1#
Reading file simulations_essentials/md.tpr, VERSION 2022.5-plumed_2.9.3 (single precision)
Note: file tpx version 127, software tpx version 129

NOTE: Parallelization is limited by the small number of atoms,
      only starting 1 thread-MPI ranks.
      You can use the -nt and/or -ntmpi option to optimize the number of threads.

Overriding nsteps with value passed on the command line: 10000 steps, 20 ps

comm-mode angular will give incorrect results when the comm group partially crosses a periodic boundary
Using 1 MPI thread

Non-default thread affinity set, disabling internal thread affinity

Using 1 OpenMP thread 


Back Off! I just backed up traj.trr to ./#traj.trr.1#

Back Off! I just backed up ener.edr to ./#ener.edr.1#
starting mdrun 'Generated by trjconv : Generated by trjconv : Alanine in vacuum in water t= 4500.00000'
10000 steps,     20.0 ps.

Writing final coordinates.

Back Off! I just backed up confout.gro to ./#confout.gro.1#

               Core t (s)   Wall t (s)        (%)
       Time:        2.029        2.029      100.0
                 (ns/day)    (hour/ns)
Performance:      851.578        0.028

GROMACS reminds you: "You Crashed Into the Swamps" (Silicon Graphics)

    :-) GROMACS - gmx mdrun, 2023.2-EasyBuild_4.9.0_PLUMED_2.9.0.GMX2023 (-:

Executable:   /sw/arch/RHEL8/EB_production/2023/software/GROMACS/2023.2-foss-2023a-PLUMED-2.9.0.GMX2023/bin/gmx
Data prefix:  /sw/arch/RHEL8/EB_production/2023/software/GROMACS/2023.2-foss-2023a-PLUMED-2.9.0.GMX2023
Working dir:  /gpfs/home1/ekempkes/adipep_umbrella_grid_superfast/result_GRID20649832
Command line:
  gmx mdrun -s simulations_essentials/md.tpr -plumed Colvars/plumed_-1.047_2.443.dat -nsteps 10000 -x Colvars/traj_-1.047_2.443.xtc


Back Off! I just backed up md.log to ./#md.log.1#
Reading file simulations_essentials/md.tpr, VERSION 2022.5-plumed_2.9.3 (single precision)
Note: file tpx version 127, software tpx version 129

NOTE: Parallelization is limited by the small number of atoms,
      only starting 1 thread-MPI ranks.
      You can use the -nt and/or -ntmpi option to optimize the number of threads.

Overriding nsteps with value passed on the command line: 10000 steps, 20 ps

comm-mode angular will give incorrect results when the comm group partially crosses a periodic boundary
Using 1 MPI thread

Non-default thread affinity set, disabling internal thread affinity

Using 1 OpenMP thread 


Back Off! I just backed up traj.trr to ./#traj.trr.1#

Back Off! I just backed up ener.edr to ./#ener.edr.1#
starting mdrun 'Generated by trjconv : Generated by trjconv : Alanine in vacuum in water t= 4500.00000'
10000 steps,     20.0 ps.

Writing final coordinates.

Back Off! I just backed up confout.gro to ./#confout.gro.1#

               Core t (s)   Wall t (s)        (%)
       Time:        2.062        2.062      100.0
                 (ns/day)    (hour/ns)
Performance:      838.264        0.029

GROMACS reminds you: "User-friendly, adj.: Programmer-hostile." (New Hacker's Dictionary)

    :-) GROMACS - gmx mdrun, 2023.2-EasyBuild_4.9.0_PLUMED_2.9.0.GMX2023 (-:

Executable:   /sw/arch/RHEL8/EB_production/2023/software/GROMACS/2023.2-foss-2023a-PLUMED-2.9.0.GMX2023/bin/gmx
Data prefix:  /sw/arch/RHEL8/EB_production/2023/software/GROMACS/2023.2-foss-2023a-PLUMED-2.9.0.GMX2023
Working dir:  /gpfs/home1/ekempkes/adipep_umbrella_grid_superfast/result_GRID20649832
Command line:
  gmx mdrun -s simulations_essentials/md.tpr -plumed Colvars/plumed_-0.349_-3.142.dat -nsteps 10000 -x Colvars/traj_-0.349_-3.142.xtc


Back Off! I just backed up md.log to ./#md.log.1#
Reading file simulations_essentials/md.tpr, VERSION 2022.5-plumed_2.9.3 (single precision)
Note: file tpx version 127, software tpx version 129

NOTE: Parallelization is limited by the small number of atoms,
      only starting 1 thread-MPI ranks.
      You can use the -nt and/or -ntmpi option to optimize the number of threads.

Overriding nsteps with value passed on the command line: 10000 steps, 20 ps

comm-mode angular will give incorrect results when the comm group partially crosses a periodic boundary
Using 1 MPI thread

Non-default thread affinity set, disabling internal thread affinity

Using 1 OpenMP thread 


Back Off! I just backed up traj.trr to ./#traj.trr.1#

Back Off! I just backed up ener.edr to ./#ener.edr.1#
starting mdrun 'Generated by trjconv : Generated by trjconv : Alanine in vacuum in water t= 4500.00000'
10000 steps,     20.0 ps.

Writing final coordinates.

Back Off! I just backed up confout.gro to ./#confout.gro.1#

               Core t (s)   Wall t (s)        (%)
       Time:        2.100        2.100      100.0
                 (ns/day)    (hour/ns)
Performance:      822.747        0.029

GROMACS reminds you: "And I Will Strike Down Upon Thee With Great Vengeance and With Furious Anger Those Who Attempt to Poison and Destroy My Brothers." (Pulp Fiction)

    :-) GROMACS - gmx mdrun, 2023.2-EasyBuild_4.9.0_PLUMED_2.9.0.GMX2023 (-:

Executable:   /sw/arch/RHEL8/EB_production/2023/software/GROMACS/2023.2-foss-2023a-PLUMED-2.9.0.GMX2023/bin/gmx
Data prefix:  /sw/arch/RHEL8/EB_production/2023/software/GROMACS/2023.2-foss-2023a-PLUMED-2.9.0.GMX2023
Working dir:  /gpfs/home1/ekempkes/adipep_umbrella_grid_superfast/result_GRID20649832
Command line:
  gmx mdrun -s simulations_essentials/md.tpr -plumed Colvars/plumed_-0.349_-2.443.dat -nsteps 10000 -x Colvars/traj_-0.349_-2.443.xtc


Back Off! I just backed up md.log to ./#md.log.1#
Reading file simulations_essentials/md.tpr, VERSION 2022.5-plumed_2.9.3 (single precision)
Note: file tpx version 127, software tpx version 129

NOTE: Parallelization is limited by the small number of atoms,
      only starting 1 thread-MPI ranks.
      You can use the -nt and/or -ntmpi option to optimize the number of threads.

Overriding nsteps with value passed on the command line: 10000 steps, 20 ps

comm-mode angular will give incorrect results when the comm group partially crosses a periodic boundary
Using 1 MPI thread

Non-default thread affinity set, disabling internal thread affinity

Using 1 OpenMP thread 


Back Off! I just backed up traj.trr to ./#traj.trr.1#

Back Off! I just backed up ener.edr to ./#ener.edr.1#
starting mdrun 'Generated by trjconv : Generated by trjconv : Alanine in vacuum in water t= 4500.00000'
10000 steps,     20.0 ps.

Writing final coordinates.

Back Off! I just backed up confout.gro to ./#confout.gro.1#

               Core t (s)   Wall t (s)        (%)
       Time:        2.016        2.016      100.0
                 (ns/day)    (hour/ns)
Performance:      857.249        0.028

GROMACS reminds you: "If you have any trouble sounding condescending, find a UNIX user to show you how it's done." (Scott Adams, Dilbert Cartoonist)

    :-) GROMACS - gmx mdrun, 2023.2-EasyBuild_4.9.0_PLUMED_2.9.0.GMX2023 (-:

Executable:   /sw/arch/RHEL8/EB_production/2023/software/GROMACS/2023.2-foss-2023a-PLUMED-2.9.0.GMX2023/bin/gmx
Data prefix:  /sw/arch/RHEL8/EB_production/2023/software/GROMACS/2023.2-foss-2023a-PLUMED-2.9.0.GMX2023
Working dir:  /gpfs/home1/ekempkes/adipep_umbrella_grid_superfast/result_GRID20649832
Command line:
  gmx mdrun -s simulations_essentials/md.tpr -plumed Colvars/plumed_-0.349_-1.745.dat -nsteps 10000 -x Colvars/traj_-0.349_-1.745.xtc


Back Off! I just backed up md.log to ./#md.log.1#
Reading file simulations_essentials/md.tpr, VERSION 2022.5-plumed_2.9.3 (single precision)
Note: file tpx version 127, software tpx version 129

NOTE: Parallelization is limited by the small number of atoms,
      only starting 1 thread-MPI ranks.
      You can use the -nt and/or -ntmpi option to optimize the number of threads.

Overriding nsteps with value passed on the command line: 10000 steps, 20 ps

comm-mode angular will give incorrect results when the comm group partially crosses a periodic boundary
Using 1 MPI thread

Non-default thread affinity set, disabling internal thread affinity

Using 1 OpenMP thread 


Back Off! I just backed up traj.trr to ./#traj.trr.1#

Back Off! I just backed up ener.edr to ./#ener.edr.1#
starting mdrun 'Generated by trjconv : Generated by trjconv : Alanine in vacuum in water t= 4500.00000'
10000 steps,     20.0 ps.

Writing final coordinates.

Back Off! I just backed up confout.gro to ./#confout.gro.1#

               Core t (s)   Wall t (s)        (%)
       Time:        2.067        2.067      100.0
                 (ns/day)    (hour/ns)
Performance:      835.899        0.029

GROMACS reminds you: "The road to openness is paved with git commits" (Vedran Miletic)

    :-) GROMACS - gmx mdrun, 2023.2-EasyBuild_4.9.0_PLUMED_2.9.0.GMX2023 (-:

Executable:   /sw/arch/RHEL8/EB_production/2023/software/GROMACS/2023.2-foss-2023a-PLUMED-2.9.0.GMX2023/bin/gmx
Data prefix:  /sw/arch/RHEL8/EB_production/2023/software/GROMACS/2023.2-foss-2023a-PLUMED-2.9.0.GMX2023
Working dir:  /gpfs/home1/ekempkes/adipep_umbrella_grid_superfast/result_GRID20649832
Command line:
  gmx mdrun -s simulations_essentials/md.tpr -plumed Colvars/plumed_-0.349_-1.047.dat -nsteps 10000 -x Colvars/traj_-0.349_-1.047.xtc


Back Off! I just backed up md.log to ./#md.log.1#
Reading file simulations_essentials/md.tpr, VERSION 2022.5-plumed_2.9.3 (single precision)
Note: file tpx version 127, software tpx version 129

NOTE: Parallelization is limited by the small number of atoms,
      only starting 1 thread-MPI ranks.
      You can use the -nt and/or -ntmpi option to optimize the number of threads.

Overriding nsteps with value passed on the command line: 10000 steps, 20 ps

comm-mode angular will give incorrect results when the comm group partially crosses a periodic boundary
Using 1 MPI thread

Non-default thread affinity set, disabling internal thread affinity

Using 1 OpenMP thread 


Back Off! I just backed up traj.trr to ./#traj.trr.1#

Back Off! I just backed up ener.edr to ./#ener.edr.1#
starting mdrun 'Generated by trjconv : Generated by trjconv : Alanine in vacuum in water t= 4500.00000'
10000 steps,     20.0 ps.

Writing final coordinates.

Back Off! I just backed up confout.gro to ./#confout.gro.1#

               Core t (s)   Wall t (s)        (%)
       Time:        2.036        2.036      100.0
                 (ns/day)    (hour/ns)
Performance:      848.884        0.028

GROMACS reminds you: "I Quit My Job Blowing Leaves" (Beck)

    :-) GROMACS - gmx mdrun, 2023.2-EasyBuild_4.9.0_PLUMED_2.9.0.GMX2023 (-:

Executable:   /sw/arch/RHEL8/EB_production/2023/software/GROMACS/2023.2-foss-2023a-PLUMED-2.9.0.GMX2023/bin/gmx
Data prefix:  /sw/arch/RHEL8/EB_production/2023/software/GROMACS/2023.2-foss-2023a-PLUMED-2.9.0.GMX2023
Working dir:  /gpfs/home1/ekempkes/adipep_umbrella_grid_superfast/result_GRID20649832
Command line:
  gmx mdrun -s simulations_essentials/md.tpr -plumed Colvars/plumed_-0.349_-0.349.dat -nsteps 10000 -x Colvars/traj_-0.349_-0.349.xtc


Back Off! I just backed up md.log to ./#md.log.1#
Reading file simulations_essentials/md.tpr, VERSION 2022.5-plumed_2.9.3 (single precision)
Note: file tpx version 127, software tpx version 129

NOTE: Parallelization is limited by the small number of atoms,
      only starting 1 thread-MPI ranks.
      You can use the -nt and/or -ntmpi option to optimize the number of threads.

Overriding nsteps with value passed on the command line: 10000 steps, 20 ps

comm-mode angular will give incorrect results when the comm group partially crosses a periodic boundary
Using 1 MPI thread

Non-default thread affinity set, disabling internal thread affinity

Using 1 OpenMP thread 


Back Off! I just backed up traj.trr to ./#traj.trr.1#

Back Off! I just backed up ener.edr to ./#ener.edr.1#
starting mdrun 'Generated by trjconv : Generated by trjconv : Alanine in vacuum in water t= 4500.00000'
10000 steps,     20.0 ps.

Writing final coordinates.

Back Off! I just backed up confout.gro to ./#confout.gro.1#

               Core t (s)   Wall t (s)        (%)
       Time:        2.085        2.085      100.0
                 (ns/day)    (hour/ns)
Performance:      828.885        0.029

GROMACS reminds you: "Dr Pauling, how do you have so many good ideas? Well David, I have a lot of ideas and throw away the bad ones." (Linus Pauling)

    :-) GROMACS - gmx mdrun, 2023.2-EasyBuild_4.9.0_PLUMED_2.9.0.GMX2023 (-:

Executable:   /sw/arch/RHEL8/EB_production/2023/software/GROMACS/2023.2-foss-2023a-PLUMED-2.9.0.GMX2023/bin/gmx
Data prefix:  /sw/arch/RHEL8/EB_production/2023/software/GROMACS/2023.2-foss-2023a-PLUMED-2.9.0.GMX2023
Working dir:  /gpfs/home1/ekempkes/adipep_umbrella_grid_superfast/result_GRID20649832
Command line:
  gmx mdrun -s simulations_essentials/md.tpr -plumed Colvars/plumed_-0.349_0.349.dat -nsteps 10000 -x Colvars/traj_-0.349_0.349.xtc


Back Off! I just backed up md.log to ./#md.log.1#
Reading file simulations_essentials/md.tpr, VERSION 2022.5-plumed_2.9.3 (single precision)
Note: file tpx version 127, software tpx version 129

NOTE: Parallelization is limited by the small number of atoms,
      only starting 1 thread-MPI ranks.
      You can use the -nt and/or -ntmpi option to optimize the number of threads.

Overriding nsteps with value passed on the command line: 10000 steps, 20 ps

comm-mode angular will give incorrect results when the comm group partially crosses a periodic boundary
Using 1 MPI thread

Non-default thread affinity set, disabling internal thread affinity

Using 1 OpenMP thread 


Back Off! I just backed up traj.trr to ./#traj.trr.1#

Back Off! I just backed up ener.edr to ./#ener.edr.1#
starting mdrun 'Generated by trjconv : Generated by trjconv : Alanine in vacuum in water t= 4500.00000'
10000 steps,     20.0 ps.

Writing final coordinates.

Back Off! I just backed up confout.gro to ./#confout.gro.1#

               Core t (s)   Wall t (s)        (%)
       Time:        2.015        2.015      100.0
                 (ns/day)    (hour/ns)
Performance:      857.757        0.028

GROMACS reminds you: "It's So Fast It's Slow" (F. Black)

    :-) GROMACS - gmx mdrun, 2023.2-EasyBuild_4.9.0_PLUMED_2.9.0.GMX2023 (-:

Executable:   /sw/arch/RHEL8/EB_production/2023/software/GROMACS/2023.2-foss-2023a-PLUMED-2.9.0.GMX2023/bin/gmx
Data prefix:  /sw/arch/RHEL8/EB_production/2023/software/GROMACS/2023.2-foss-2023a-PLUMED-2.9.0.GMX2023
Working dir:  /gpfs/home1/ekempkes/adipep_umbrella_grid_superfast/result_GRID20649832
Command line:
  gmx mdrun -s simulations_essentials/md.tpr -plumed Colvars/plumed_-0.349_1.047.dat -nsteps 10000 -x Colvars/traj_-0.349_1.047.xtc


Back Off! I just backed up md.log to ./#md.log.1#
Reading file simulations_essentials/md.tpr, VERSION 2022.5-plumed_2.9.3 (single precision)
Note: file tpx version 127, software tpx version 129

NOTE: Parallelization is limited by the small number of atoms,
      only starting 1 thread-MPI ranks.
      You can use the -nt and/or -ntmpi option to optimize the number of threads.

Overriding nsteps with value passed on the command line: 10000 steps, 20 ps

comm-mode angular will give incorrect results when the comm group partially crosses a periodic boundary
Using 1 MPI thread

Non-default thread affinity set, disabling internal thread affinity

Using 1 OpenMP thread 


Back Off! I just backed up traj.trr to ./#traj.trr.1#

Back Off! I just backed up ener.edr to ./#ener.edr.1#
starting mdrun 'Generated by trjconv : Generated by trjconv : Alanine in vacuum in water t= 4500.00000'
10000 steps,     20.0 ps.

Writing final coordinates.

Back Off! I just backed up confout.gro to ./#confout.gro.1#

               Core t (s)   Wall t (s)        (%)
       Time:        2.059        2.060      100.0
                 (ns/day)    (hour/ns)
Performance:      839.105        0.029

GROMACS reminds you: "I'd be Safe and Warm if I was in L.A." (The Mamas and the Papas)

    :-) GROMACS - gmx mdrun, 2023.2-EasyBuild_4.9.0_PLUMED_2.9.0.GMX2023 (-:

Executable:   /sw/arch/RHEL8/EB_production/2023/software/GROMACS/2023.2-foss-2023a-PLUMED-2.9.0.GMX2023/bin/gmx
Data prefix:  /sw/arch/RHEL8/EB_production/2023/software/GROMACS/2023.2-foss-2023a-PLUMED-2.9.0.GMX2023
Working dir:  /gpfs/home1/ekempkes/adipep_umbrella_grid_superfast/result_GRID20649832
Command line:
  gmx mdrun -s simulations_essentials/md.tpr -plumed Colvars/plumed_-0.349_1.745.dat -nsteps 10000 -x Colvars/traj_-0.349_1.745.xtc


Back Off! I just backed up md.log to ./#md.log.1#
Reading file simulations_essentials/md.tpr, VERSION 2022.5-plumed_2.9.3 (single precision)
Note: file tpx version 127, software tpx version 129

NOTE: Parallelization is limited by the small number of atoms,
      only starting 1 thread-MPI ranks.
      You can use the -nt and/or -ntmpi option to optimize the number of threads.

Overriding nsteps with value passed on the command line: 10000 steps, 20 ps

comm-mode angular will give incorrect results when the comm group partially crosses a periodic boundary
Using 1 MPI thread

Non-default thread affinity set, disabling internal thread affinity

Using 1 OpenMP thread 


Back Off! I just backed up traj.trr to ./#traj.trr.1#

Back Off! I just backed up ener.edr to ./#ener.edr.1#
starting mdrun 'Generated by trjconv : Generated by trjconv : Alanine in vacuum in water t= 4500.00000'
10000 steps,     20.0 ps.

Writing final coordinates.

Back Off! I just backed up confout.gro to ./#confout.gro.1#

               Core t (s)   Wall t (s)        (%)
       Time:        2.040        2.040      100.0
                 (ns/day)    (hour/ns)
Performance:      847.300        0.028

GROMACS reminds you: "C has the power of assembly language and the convenience of... assembly language." (Dennis Ritchie)

    :-) GROMACS - gmx mdrun, 2023.2-EasyBuild_4.9.0_PLUMED_2.9.0.GMX2023 (-:

Executable:   /sw/arch/RHEL8/EB_production/2023/software/GROMACS/2023.2-foss-2023a-PLUMED-2.9.0.GMX2023/bin/gmx
Data prefix:  /sw/arch/RHEL8/EB_production/2023/software/GROMACS/2023.2-foss-2023a-PLUMED-2.9.0.GMX2023
Working dir:  /gpfs/home1/ekempkes/adipep_umbrella_grid_superfast/result_GRID20649832
Command line:
  gmx mdrun -s simulations_essentials/md.tpr -plumed Colvars/plumed_-0.349_2.443.dat -nsteps 10000 -x Colvars/traj_-0.349_2.443.xtc


Back Off! I just backed up md.log to ./#md.log.1#
Reading file simulations_essentials/md.tpr, VERSION 2022.5-plumed_2.9.3 (single precision)
Note: file tpx version 127, software tpx version 129

NOTE: Parallelization is limited by the small number of atoms,
      only starting 1 thread-MPI ranks.
      You can use the -nt and/or -ntmpi option to optimize the number of threads.

Overriding nsteps with value passed on the command line: 10000 steps, 20 ps

comm-mode angular will give incorrect results when the comm group partially crosses a periodic boundary
Using 1 MPI thread

Non-default thread affinity set, disabling internal thread affinity

Using 1 OpenMP thread 


Back Off! I just backed up traj.trr to ./#traj.trr.1#

Back Off! I just backed up ener.edr to ./#ener.edr.1#
starting mdrun 'Generated by trjconv : Generated by trjconv : Alanine in vacuum in water t= 4500.00000'
10000 steps,     20.0 ps.

Writing final coordinates.

Back Off! I just backed up confout.gro to ./#confout.gro.1#

               Core t (s)   Wall t (s)        (%)
       Time:        2.017        2.017      100.0
                 (ns/day)    (hour/ns)
Performance:      856.971        0.028

GROMACS reminds you: "I think it's very important to get more women into computing. My slogan is: Computing is too important to be left to men." (Karen Jones)

    :-) GROMACS - gmx mdrun, 2023.2-EasyBuild_4.9.0_PLUMED_2.9.0.GMX2023 (-:

Executable:   /sw/arch/RHEL8/EB_production/2023/software/GROMACS/2023.2-foss-2023a-PLUMED-2.9.0.GMX2023/bin/gmx
Data prefix:  /sw/arch/RHEL8/EB_production/2023/software/GROMACS/2023.2-foss-2023a-PLUMED-2.9.0.GMX2023
Working dir:  /gpfs/home1/ekempkes/adipep_umbrella_grid_superfast/result_GRID20649832
Command line:
  gmx mdrun -s simulations_essentials/md.tpr -plumed Colvars/plumed_0.349_-3.142.dat -nsteps 10000 -x Colvars/traj_0.349_-3.142.xtc


Back Off! I just backed up md.log to ./#md.log.1#
Reading file simulations_essentials/md.tpr, VERSION 2022.5-plumed_2.9.3 (single precision)
Note: file tpx version 127, software tpx version 129

NOTE: Parallelization is limited by the small number of atoms,
      only starting 1 thread-MPI ranks.
      You can use the -nt and/or -ntmpi option to optimize the number of threads.

Overriding nsteps with value passed on the command line: 10000 steps, 20 ps

comm-mode angular will give incorrect results when the comm group partially crosses a periodic boundary
Using 1 MPI thread

Non-default thread affinity set, disabling internal thread affinity

Using 1 OpenMP thread 


Back Off! I just backed up traj.trr to ./#traj.trr.1#

Back Off! I just backed up ener.edr to ./#ener.edr.1#
starting mdrun 'Generated by trjconv : Generated by trjconv : Alanine in vacuum in water t= 4500.00000'
10000 steps,     20.0 ps.

Writing final coordinates.

Back Off! I just backed up confout.gro to ./#confout.gro.1#

               Core t (s)   Wall t (s)        (%)
       Time:        2.027        2.027      100.0
                 (ns/day)    (hour/ns)
Performance:      852.618        0.028

GROMACS reminds you: "Carbohydrates is all they groove" (Frank Zappa)

    :-) GROMACS - gmx mdrun, 2023.2-EasyBuild_4.9.0_PLUMED_2.9.0.GMX2023 (-:

Executable:   /sw/arch/RHEL8/EB_production/2023/software/GROMACS/2023.2-foss-2023a-PLUMED-2.9.0.GMX2023/bin/gmx
Data prefix:  /sw/arch/RHEL8/EB_production/2023/software/GROMACS/2023.2-foss-2023a-PLUMED-2.9.0.GMX2023
Working dir:  /gpfs/home1/ekempkes/adipep_umbrella_grid_superfast/result_GRID20649832
Command line:
  gmx mdrun -s simulations_essentials/md.tpr -plumed Colvars/plumed_0.349_-2.443.dat -nsteps 10000 -x Colvars/traj_0.349_-2.443.xtc


Back Off! I just backed up md.log to ./#md.log.1#
Reading file simulations_essentials/md.tpr, VERSION 2022.5-plumed_2.9.3 (single precision)
Note: file tpx version 127, software tpx version 129

NOTE: Parallelization is limited by the small number of atoms,
      only starting 1 thread-MPI ranks.
      You can use the -nt and/or -ntmpi option to optimize the number of threads.

Overriding nsteps with value passed on the command line: 10000 steps, 20 ps

comm-mode angular will give incorrect results when the comm group partially crosses a periodic boundary
Using 1 MPI thread

Non-default thread affinity set, disabling internal thread affinity

Using 1 OpenMP thread 


Back Off! I just backed up traj.trr to ./#traj.trr.1#

Back Off! I just backed up ener.edr to ./#ener.edr.1#
starting mdrun 'Generated by trjconv : Generated by trjconv : Alanine in vacuum in water t= 4500.00000'
10000 steps,     20.0 ps.

Writing final coordinates.

Back Off! I just backed up confout.gro to ./#confout.gro.1#

               Core t (s)   Wall t (s)        (%)
       Time:        2.088        2.088      100.0
                 (ns/day)    (hour/ns)
Performance:      827.634        0.029

GROMACS reminds you: "I had trouble with physics in college. When I signed up I thought it said psychics." (Greg Tamblyn)

    :-) GROMACS - gmx mdrun, 2023.2-EasyBuild_4.9.0_PLUMED_2.9.0.GMX2023 (-:

Executable:   /sw/arch/RHEL8/EB_production/2023/software/GROMACS/2023.2-foss-2023a-PLUMED-2.9.0.GMX2023/bin/gmx
Data prefix:  /sw/arch/RHEL8/EB_production/2023/software/GROMACS/2023.2-foss-2023a-PLUMED-2.9.0.GMX2023
Working dir:  /gpfs/home1/ekempkes/adipep_umbrella_grid_superfast/result_GRID20649832
Command line:
  gmx mdrun -s simulations_essentials/md.tpr -plumed Colvars/plumed_0.349_-1.745.dat -nsteps 10000 -x Colvars/traj_0.349_-1.745.xtc


Back Off! I just backed up md.log to ./#md.log.1#
Reading file simulations_essentials/md.tpr, VERSION 2022.5-plumed_2.9.3 (single precision)
Note: file tpx version 127, software tpx version 129

NOTE: Parallelization is limited by the small number of atoms,
      only starting 1 thread-MPI ranks.
      You can use the -nt and/or -ntmpi option to optimize the number of threads.

Overriding nsteps with value passed on the command line: 10000 steps, 20 ps

comm-mode angular will give incorrect results when the comm group partially crosses a periodic boundary
Using 1 MPI thread

Non-default thread affinity set, disabling internal thread affinity

Using 1 OpenMP thread 


Back Off! I just backed up traj.trr to ./#traj.trr.1#

Back Off! I just backed up ener.edr to ./#ener.edr.1#
starting mdrun 'Generated by trjconv : Generated by trjconv : Alanine in vacuum in water t= 4500.00000'
10000 steps,     20.0 ps.

Writing final coordinates.

Back Off! I just backed up confout.gro to ./#confout.gro.1#

               Core t (s)   Wall t (s)        (%)
       Time:        2.030        2.031      100.0
                 (ns/day)    (hour/ns)
Performance:      851.078        0.028

GROMACS reminds you: "We haven't the money, so we've got to think." (Ernest Rutherford)

    :-) GROMACS - gmx mdrun, 2023.2-EasyBuild_4.9.0_PLUMED_2.9.0.GMX2023 (-:

Executable:   /sw/arch/RHEL8/EB_production/2023/software/GROMACS/2023.2-foss-2023a-PLUMED-2.9.0.GMX2023/bin/gmx
Data prefix:  /sw/arch/RHEL8/EB_production/2023/software/GROMACS/2023.2-foss-2023a-PLUMED-2.9.0.GMX2023
Working dir:  /gpfs/home1/ekempkes/adipep_umbrella_grid_superfast/result_GRID20649832
Command line:
  gmx mdrun -s simulations_essentials/md.tpr -plumed Colvars/plumed_0.349_-1.047.dat -nsteps 10000 -x Colvars/traj_0.349_-1.047.xtc


Back Off! I just backed up md.log to ./#md.log.1#
Reading file simulations_essentials/md.tpr, VERSION 2022.5-plumed_2.9.3 (single precision)
Note: file tpx version 127, software tpx version 129

NOTE: Parallelization is limited by the small number of atoms,
      only starting 1 thread-MPI ranks.
      You can use the -nt and/or -ntmpi option to optimize the number of threads.

Overriding nsteps with value passed on the command line: 10000 steps, 20 ps

comm-mode angular will give incorrect results when the comm group partially crosses a periodic boundary
Using 1 MPI thread

Non-default thread affinity set, disabling internal thread affinity

Using 1 OpenMP thread 


Back Off! I just backed up traj.trr to ./#traj.trr.1#

Back Off! I just backed up ener.edr to ./#ener.edr.1#
starting mdrun 'Generated by trjconv : Generated by trjconv : Alanine in vacuum in water t= 4500.00000'
10000 steps,     20.0 ps.

Writing final coordinates.

Back Off! I just backed up confout.gro to ./#confout.gro.1#

               Core t (s)   Wall t (s)        (%)
       Time:        2.030        2.030      100.0
                 (ns/day)    (hour/ns)
Performance:      851.288        0.028

GROMACS reminds you: "There's Still Time to Change the Road You're On" (Led Zeppelin)

    :-) GROMACS - gmx mdrun, 2023.2-EasyBuild_4.9.0_PLUMED_2.9.0.GMX2023 (-:

Executable:   /sw/arch/RHEL8/EB_production/2023/software/GROMACS/2023.2-foss-2023a-PLUMED-2.9.0.GMX2023/bin/gmx
Data prefix:  /sw/arch/RHEL8/EB_production/2023/software/GROMACS/2023.2-foss-2023a-PLUMED-2.9.0.GMX2023
Working dir:  /gpfs/home1/ekempkes/adipep_umbrella_grid_superfast/result_GRID20649832
Command line:
  gmx mdrun -s simulations_essentials/md.tpr -plumed Colvars/plumed_0.349_-0.349.dat -nsteps 10000 -x Colvars/traj_0.349_-0.349.xtc


Back Off! I just backed up md.log to ./#md.log.1#
Reading file simulations_essentials/md.tpr, VERSION 2022.5-plumed_2.9.3 (single precision)
Note: file tpx version 127, software tpx version 129

NOTE: Parallelization is limited by the small number of atoms,
      only starting 1 thread-MPI ranks.
      You can use the -nt and/or -ntmpi option to optimize the number of threads.

Overriding nsteps with value passed on the command line: 10000 steps, 20 ps

comm-mode angular will give incorrect results when the comm group partially crosses a periodic boundary
Using 1 MPI thread

Non-default thread affinity set, disabling internal thread affinity

Using 1 OpenMP thread 


Back Off! I just backed up traj.trr to ./#traj.trr.1#

Back Off! I just backed up ener.edr to ./#ener.edr.1#
starting mdrun 'Generated by trjconv : Generated by trjconv : Alanine in vacuum in water t= 4500.00000'
10000 steps,     20.0 ps.

Writing final coordinates.

Back Off! I just backed up confout.gro to ./#confout.gro.1#

               Core t (s)   Wall t (s)        (%)
       Time:        2.078        2.078      100.0
                 (ns/day)    (hour/ns)
Performance:      831.452        0.029

GROMACS reminds you: "You cannot hope to build a better world without improving the individuals." (Marie Curie)

    :-) GROMACS - gmx mdrun, 2023.2-EasyBuild_4.9.0_PLUMED_2.9.0.GMX2023 (-:

Executable:   /sw/arch/RHEL8/EB_production/2023/software/GROMACS/2023.2-foss-2023a-PLUMED-2.9.0.GMX2023/bin/gmx
Data prefix:  /sw/arch/RHEL8/EB_production/2023/software/GROMACS/2023.2-foss-2023a-PLUMED-2.9.0.GMX2023
Working dir:  /gpfs/home1/ekempkes/adipep_umbrella_grid_superfast/result_GRID20649832
Command line:
  gmx mdrun -s simulations_essentials/md.tpr -plumed Colvars/plumed_0.349_0.349.dat -nsteps 10000 -x Colvars/traj_0.349_0.349.xtc


Back Off! I just backed up md.log to ./#md.log.1#
Reading file simulations_essentials/md.tpr, VERSION 2022.5-plumed_2.9.3 (single precision)
Note: file tpx version 127, software tpx version 129

NOTE: Parallelization is limited by the small number of atoms,
      only starting 1 thread-MPI ranks.
      You can use the -nt and/or -ntmpi option to optimize the number of threads.

Overriding nsteps with value passed on the command line: 10000 steps, 20 ps

comm-mode angular will give incorrect results when the comm group partially crosses a periodic boundary
Using 1 MPI thread

Non-default thread affinity set, disabling internal thread affinity

Using 1 OpenMP thread 


Back Off! I just backed up traj.trr to ./#traj.trr.1#

Back Off! I just backed up ener.edr to ./#ener.edr.1#
starting mdrun 'Generated by trjconv : Generated by trjconv : Alanine in vacuum in water t= 4500.00000'
10000 steps,     20.0 ps.

Writing final coordinates.

Back Off! I just backed up confout.gro to ./#confout.gro.1#

               Core t (s)   Wall t (s)        (%)
       Time:        2.020        2.020      100.0
                 (ns/day)    (hour/ns)
Performance:      855.480        0.028

GROMACS reminds you: "Keep Your Shoes and Socks On, People" (F. Zappa)

    :-) GROMACS - gmx mdrun, 2023.2-EasyBuild_4.9.0_PLUMED_2.9.0.GMX2023 (-:

Executable:   /sw/arch/RHEL8/EB_production/2023/software/GROMACS/2023.2-foss-2023a-PLUMED-2.9.0.GMX2023/bin/gmx
Data prefix:  /sw/arch/RHEL8/EB_production/2023/software/GROMACS/2023.2-foss-2023a-PLUMED-2.9.0.GMX2023
Working dir:  /gpfs/home1/ekempkes/adipep_umbrella_grid_superfast/result_GRID20649832
Command line:
  gmx mdrun -s simulations_essentials/md.tpr -plumed Colvars/plumed_0.349_1.047.dat -nsteps 10000 -x Colvars/traj_0.349_1.047.xtc


Back Off! I just backed up md.log to ./#md.log.1#
Reading file simulations_essentials/md.tpr, VERSION 2022.5-plumed_2.9.3 (single precision)
Note: file tpx version 127, software tpx version 129

NOTE: Parallelization is limited by the small number of atoms,
      only starting 1 thread-MPI ranks.
      You can use the -nt and/or -ntmpi option to optimize the number of threads.

Overriding nsteps with value passed on the command line: 10000 steps, 20 ps

comm-mode angular will give incorrect results when the comm group partially crosses a periodic boundary
Using 1 MPI thread

Non-default thread affinity set, disabling internal thread affinity

Using 1 OpenMP thread 


Back Off! I just backed up traj.trr to ./#traj.trr.1#

Back Off! I just backed up ener.edr to ./#ener.edr.1#
starting mdrun 'Generated by trjconv : Generated by trjconv : Alanine in vacuum in water t= 4500.00000'
10000 steps,     20.0 ps.

Writing final coordinates.

Back Off! I just backed up confout.gro to ./#confout.gro.1#

               Core t (s)   Wall t (s)        (%)
       Time:        2.034        2.034      100.0
                 (ns/day)    (hour/ns)
Performance:      849.686        0.028

GROMACS reminds you: "Base eight is just like base ten really, if you're missing two fingers." (Tom Lehrer)

    :-) GROMACS - gmx mdrun, 2023.2-EasyBuild_4.9.0_PLUMED_2.9.0.GMX2023 (-:

Executable:   /sw/arch/RHEL8/EB_production/2023/software/GROMACS/2023.2-foss-2023a-PLUMED-2.9.0.GMX2023/bin/gmx
Data prefix:  /sw/arch/RHEL8/EB_production/2023/software/GROMACS/2023.2-foss-2023a-PLUMED-2.9.0.GMX2023
Working dir:  /gpfs/home1/ekempkes/adipep_umbrella_grid_superfast/result_GRID20649832
Command line:
  gmx mdrun -s simulations_essentials/md.tpr -plumed Colvars/plumed_0.349_1.745.dat -nsteps 10000 -x Colvars/traj_0.349_1.745.xtc


Back Off! I just backed up md.log to ./#md.log.1#
Reading file simulations_essentials/md.tpr, VERSION 2022.5-plumed_2.9.3 (single precision)
Note: file tpx version 127, software tpx version 129

NOTE: Parallelization is limited by the small number of atoms,
      only starting 1 thread-MPI ranks.
      You can use the -nt and/or -ntmpi option to optimize the number of threads.

Overriding nsteps with value passed on the command line: 10000 steps, 20 ps

comm-mode angular will give incorrect results when the comm group partially crosses a periodic boundary
Using 1 MPI thread

Non-default thread affinity set, disabling internal thread affinity

Using 1 OpenMP thread 


Back Off! I just backed up traj.trr to ./#traj.trr.1#

Back Off! I just backed up ener.edr to ./#ener.edr.1#
starting mdrun 'Generated by trjconv : Generated by trjconv : Alanine in vacuum in water t= 4500.00000'
10000 steps,     20.0 ps.

Writing final coordinates.

Back Off! I just backed up confout.gro to ./#confout.gro.1#

               Core t (s)   Wall t (s)        (%)
       Time:        2.048        2.048      100.0
                 (ns/day)    (hour/ns)
Performance:      843.997        0.028

GROMACS reminds you: "I am at two with nature." (Woody Allen)

    :-) GROMACS - gmx mdrun, 2023.2-EasyBuild_4.9.0_PLUMED_2.9.0.GMX2023 (-:

Executable:   /sw/arch/RHEL8/EB_production/2023/software/GROMACS/2023.2-foss-2023a-PLUMED-2.9.0.GMX2023/bin/gmx
Data prefix:  /sw/arch/RHEL8/EB_production/2023/software/GROMACS/2023.2-foss-2023a-PLUMED-2.9.0.GMX2023
Working dir:  /gpfs/home1/ekempkes/adipep_umbrella_grid_superfast/result_GRID20649832
Command line:
  gmx mdrun -s simulations_essentials/md.tpr -plumed Colvars/plumed_0.349_2.443.dat -nsteps 10000 -x Colvars/traj_0.349_2.443.xtc


Back Off! I just backed up md.log to ./#md.log.1#
Reading file simulations_essentials/md.tpr, VERSION 2022.5-plumed_2.9.3 (single precision)
Note: file tpx version 127, software tpx version 129

NOTE: Parallelization is limited by the small number of atoms,
      only starting 1 thread-MPI ranks.
      You can use the -nt and/or -ntmpi option to optimize the number of threads.

Overriding nsteps with value passed on the command line: 10000 steps, 20 ps

comm-mode angular will give incorrect results when the comm group partially crosses a periodic boundary
Using 1 MPI thread

Non-default thread affinity set, disabling internal thread affinity

Using 1 OpenMP thread 


Back Off! I just backed up traj.trr to ./#traj.trr.1#

Back Off! I just backed up ener.edr to ./#ener.edr.1#
starting mdrun 'Generated by trjconv : Generated by trjconv : Alanine in vacuum in water t= 4500.00000'
10000 steps,     20.0 ps.

Writing final coordinates.

Back Off! I just backed up confout.gro to ./#confout.gro.1#

               Core t (s)   Wall t (s)        (%)
       Time:        2.052        2.053      100.0
                 (ns/day)    (hour/ns)
Performance:      841.963        0.029

GROMACS reminds you: "We are perhaps not far removed from the time when we shall be able to submit the bulk of chemical phenomena to calculation." (Joseph Gay-Lussac, 1808)

    :-) GROMACS - gmx mdrun, 2023.2-EasyBuild_4.9.0_PLUMED_2.9.0.GMX2023 (-:

Executable:   /sw/arch/RHEL8/EB_production/2023/software/GROMACS/2023.2-foss-2023a-PLUMED-2.9.0.GMX2023/bin/gmx
Data prefix:  /sw/arch/RHEL8/EB_production/2023/software/GROMACS/2023.2-foss-2023a-PLUMED-2.9.0.GMX2023
Working dir:  /gpfs/home1/ekempkes/adipep_umbrella_grid_superfast/result_GRID20649832
Command line:
  gmx mdrun -s simulations_essentials/md.tpr -plumed Colvars/plumed_1.047_-3.142.dat -nsteps 10000 -x Colvars/traj_1.047_-3.142.xtc


Back Off! I just backed up md.log to ./#md.log.1#
Reading file simulations_essentials/md.tpr, VERSION 2022.5-plumed_2.9.3 (single precision)
Note: file tpx version 127, software tpx version 129

NOTE: Parallelization is limited by the small number of atoms,
      only starting 1 thread-MPI ranks.
      You can use the -nt and/or -ntmpi option to optimize the number of threads.

Overriding nsteps with value passed on the command line: 10000 steps, 20 ps

comm-mode angular will give incorrect results when the comm group partially crosses a periodic boundary
Using 1 MPI thread

Non-default thread affinity set, disabling internal thread affinity

Using 1 OpenMP thread 


Back Off! I just backed up Colvars/traj_1.047_-3.142.xtc to Colvars/#traj_1.047_-3.142.xtc.2#

Back Off! I just backed up traj.trr to ./#traj.trr.1#

Back Off! I just backed up ener.edr to ./#ener.edr.1#
starting mdrun 'Generated by trjconv : Generated by trjconv : Alanine in vacuum in water t= 4500.00000'
10000 steps,     20.0 ps.

Writing final coordinates.

Back Off! I just backed up confout.gro to ./#confout.gro.1#

               Core t (s)   Wall t (s)        (%)
       Time:        2.015        2.015      100.0
                 (ns/day)    (hour/ns)
Performance:      857.521        0.028

GROMACS reminds you: "Protons give an atom its identity, electrons its personality." (Bill Bryson)

    :-) GROMACS - gmx mdrun, 2023.2-EasyBuild_4.9.0_PLUMED_2.9.0.GMX2023 (-:

Executable:   /sw/arch/RHEL8/EB_production/2023/software/GROMACS/2023.2-foss-2023a-PLUMED-2.9.0.GMX2023/bin/gmx
Data prefix:  /sw/arch/RHEL8/EB_production/2023/software/GROMACS/2023.2-foss-2023a-PLUMED-2.9.0.GMX2023
Working dir:  /gpfs/home1/ekempkes/adipep_umbrella_grid_superfast/result_GRID20649832
Command line:
  gmx mdrun -s simulations_essentials/md.tpr -plumed Colvars/plumed_1.047_-2.443.dat -nsteps 10000 -x Colvars/traj_1.047_-2.443.xtc


Back Off! I just backed up md.log to ./#md.log.1#
Reading file simulations_essentials/md.tpr, VERSION 2022.5-plumed_2.9.3 (single precision)
Note: file tpx version 127, software tpx version 129

NOTE: Parallelization is limited by the small number of atoms,
      only starting 1 thread-MPI ranks.
      You can use the -nt and/or -ntmpi option to optimize the number of threads.

Overriding nsteps with value passed on the command line: 10000 steps, 20 ps

comm-mode angular will give incorrect results when the comm group partially crosses a periodic boundary
Using 1 MPI thread

Non-default thread affinity set, disabling internal thread affinity

Using 1 OpenMP thread 


Back Off! I just backed up traj.trr to ./#traj.trr.1#

Back Off! I just backed up ener.edr to ./#ener.edr.1#
starting mdrun 'Generated by trjconv : Generated by trjconv : Alanine in vacuum in water t= 4500.00000'
10000 steps,     20.0 ps.

Writing final coordinates.

Back Off! I just backed up confout.gro to ./#confout.gro.1#

               Core t (s)   Wall t (s)        (%)
       Time:        2.057        2.057      100.0
                 (ns/day)    (hour/ns)
Performance:      839.959        0.029

GROMACS reminds you: "We Have No Money" (E. Clementi)

    :-) GROMACS - gmx mdrun, 2023.2-EasyBuild_4.9.0_PLUMED_2.9.0.GMX2023 (-:

Executable:   /sw/arch/RHEL8/EB_production/2023/software/GROMACS/2023.2-foss-2023a-PLUMED-2.9.0.GMX2023/bin/gmx
Data prefix:  /sw/arch/RHEL8/EB_production/2023/software/GROMACS/2023.2-foss-2023a-PLUMED-2.9.0.GMX2023
Working dir:  /gpfs/home1/ekempkes/adipep_umbrella_grid_superfast/result_GRID20649832
Command line:
  gmx mdrun -s simulations_essentials/md.tpr -plumed Colvars/plumed_1.047_-1.745.dat -nsteps 10000 -x Colvars/traj_1.047_-1.745.xtc


Back Off! I just backed up md.log to ./#md.log.1#
Reading file simulations_essentials/md.tpr, VERSION 2022.5-plumed_2.9.3 (single precision)
Note: file tpx version 127, software tpx version 129

NOTE: Parallelization is limited by the small number of atoms,
      only starting 1 thread-MPI ranks.
      You can use the -nt and/or -ntmpi option to optimize the number of threads.

Overriding nsteps with value passed on the command line: 10000 steps, 20 ps

comm-mode angular will give incorrect results when the comm group partially crosses a periodic boundary
Using 1 MPI thread

Non-default thread affinity set, disabling internal thread affinity

Using 1 OpenMP thread 


Back Off! I just backed up traj.trr to ./#traj.trr.1#

Back Off! I just backed up ener.edr to ./#ener.edr.1#
starting mdrun 'Generated by trjconv : Generated by trjconv : Alanine in vacuum in water t= 4500.00000'
10000 steps,     20.0 ps.

Writing final coordinates.

Back Off! I just backed up confout.gro to ./#confout.gro.1#

               Core t (s)   Wall t (s)        (%)
       Time:        2.002        2.002      100.0
                 (ns/day)    (hour/ns)
Performance:      863.314        0.028

GROMACS reminds you: "Uh-oh" (Tinky Winky)

    :-) GROMACS - gmx mdrun, 2023.2-EasyBuild_4.9.0_PLUMED_2.9.0.GMX2023 (-:

Executable:   /sw/arch/RHEL8/EB_production/2023/software/GROMACS/2023.2-foss-2023a-PLUMED-2.9.0.GMX2023/bin/gmx
Data prefix:  /sw/arch/RHEL8/EB_production/2023/software/GROMACS/2023.2-foss-2023a-PLUMED-2.9.0.GMX2023
Working dir:  /gpfs/home1/ekempkes/adipep_umbrella_grid_superfast/result_GRID20649832
Command line:
  gmx mdrun -s simulations_essentials/md.tpr -plumed Colvars/plumed_1.047_-1.047.dat -nsteps 10000 -x Colvars/traj_1.047_-1.047.xtc


Back Off! I just backed up md.log to ./#md.log.1#
Reading file simulations_essentials/md.tpr, VERSION 2022.5-plumed_2.9.3 (single precision)
Note: file tpx version 127, software tpx version 129

NOTE: Parallelization is limited by the small number of atoms,
      only starting 1 thread-MPI ranks.
      You can use the -nt and/or -ntmpi option to optimize the number of threads.

Overriding nsteps with value passed on the command line: 10000 steps, 20 ps

comm-mode angular will give incorrect results when the comm group partially crosses a periodic boundary
Using 1 MPI thread

Non-default thread affinity set, disabling internal thread affinity

Using 1 OpenMP thread 


Back Off! I just backed up Colvars/traj_1.047_-1.047.xtc to Colvars/#traj_1.047_-1.047.xtc.2#

Back Off! I just backed up traj.trr to ./#traj.trr.1#

Back Off! I just backed up ener.edr to ./#ener.edr.1#
starting mdrun 'Generated by trjconv : Generated by trjconv : Alanine in vacuum in water t= 4500.00000'
10000 steps,     20.0 ps.

Writing final coordinates.

Back Off! I just backed up confout.gro to ./#confout.gro.1#

               Core t (s)   Wall t (s)        (%)
       Time:        2.034        2.034      100.0
                 (ns/day)    (hour/ns)
Performance:      849.696        0.028

GROMACS reminds you: "On the East coast, a purple patch, to show where the jolly pioneers of progress drink the jolly lager-beer" (Joseph Conrad)

    :-) GROMACS - gmx mdrun, 2023.2-EasyBuild_4.9.0_PLUMED_2.9.0.GMX2023 (-:

Executable:   /sw/arch/RHEL8/EB_production/2023/software/GROMACS/2023.2-foss-2023a-PLUMED-2.9.0.GMX2023/bin/gmx
Data prefix:  /sw/arch/RHEL8/EB_production/2023/software/GROMACS/2023.2-foss-2023a-PLUMED-2.9.0.GMX2023
Working dir:  /gpfs/home1/ekempkes/adipep_umbrella_grid_superfast/result_GRID20649832
Command line:
  gmx mdrun -s simulations_essentials/md.tpr -plumed Colvars/plumed_1.047_-0.349.dat -nsteps 10000 -x Colvars/traj_1.047_-0.349.xtc


Back Off! I just backed up md.log to ./#md.log.1#
Reading file simulations_essentials/md.tpr, VERSION 2022.5-plumed_2.9.3 (single precision)
Note: file tpx version 127, software tpx version 129

NOTE: Parallelization is limited by the small number of atoms,
      only starting 1 thread-MPI ranks.
      You can use the -nt and/or -ntmpi option to optimize the number of threads.

Overriding nsteps with value passed on the command line: 10000 steps, 20 ps

comm-mode angular will give incorrect results when the comm group partially crosses a periodic boundary
Using 1 MPI thread

Non-default thread affinity set, disabling internal thread affinity

Using 1 OpenMP thread 


Back Off! I just backed up traj.trr to ./#traj.trr.1#

Back Off! I just backed up ener.edr to ./#ener.edr.1#
starting mdrun 'Generated by trjconv : Generated by trjconv : Alanine in vacuum in water t= 4500.00000'
10000 steps,     20.0 ps.

Writing final coordinates.

Back Off! I just backed up confout.gro to ./#confout.gro.1#

               Core t (s)   Wall t (s)        (%)
       Time:        2.020        2.020      100.0
                 (ns/day)    (hour/ns)
Performance:      855.401        0.028

GROMACS reminds you: "You Can Be Too Early, You Can Be Too Late and You Can Be On Time" (J. Cruijff)

    :-) GROMACS - gmx mdrun, 2023.2-EasyBuild_4.9.0_PLUMED_2.9.0.GMX2023 (-:

Executable:   /sw/arch/RHEL8/EB_production/2023/software/GROMACS/2023.2-foss-2023a-PLUMED-2.9.0.GMX2023/bin/gmx
Data prefix:  /sw/arch/RHEL8/EB_production/2023/software/GROMACS/2023.2-foss-2023a-PLUMED-2.9.0.GMX2023
Working dir:  /gpfs/home1/ekempkes/adipep_umbrella_grid_superfast/result_GRID20649832
Command line:
  gmx mdrun -s simulations_essentials/md.tpr -plumed Colvars/plumed_1.047_0.349.dat -nsteps 10000 -x Colvars/traj_1.047_0.349.xtc


Back Off! I just backed up md.log to ./#md.log.1#
Reading file simulations_essentials/md.tpr, VERSION 2022.5-plumed_2.9.3 (single precision)
Note: file tpx version 127, software tpx version 129

NOTE: Parallelization is limited by the small number of atoms,
      only starting 1 thread-MPI ranks.
      You can use the -nt and/or -ntmpi option to optimize the number of threads.

Overriding nsteps with value passed on the command line: 10000 steps, 20 ps

comm-mode angular will give incorrect results when the comm group partially crosses a periodic boundary
Using 1 MPI thread

Non-default thread affinity set, disabling internal thread affinity

Using 1 OpenMP thread 


Back Off! I just backed up traj.trr to ./#traj.trr.1#

Back Off! I just backed up ener.edr to ./#ener.edr.1#
starting mdrun 'Generated by trjconv : Generated by trjconv : Alanine in vacuum in water t= 4500.00000'
10000 steps,     20.0 ps.

Writing final coordinates.

Back Off! I just backed up confout.gro to ./#confout.gro.1#

               Core t (s)   Wall t (s)        (%)
       Time:        2.061        2.061      100.0
                 (ns/day)    (hour/ns)
Performance:      838.511        0.029

GROMACS reminds you: "When doing HPC, don't communica" (Jim Demmel)

    :-) GROMACS - gmx mdrun, 2023.2-EasyBuild_4.9.0_PLUMED_2.9.0.GMX2023 (-:

Executable:   /sw/arch/RHEL8/EB_production/2023/software/GROMACS/2023.2-foss-2023a-PLUMED-2.9.0.GMX2023/bin/gmx
Data prefix:  /sw/arch/RHEL8/EB_production/2023/software/GROMACS/2023.2-foss-2023a-PLUMED-2.9.0.GMX2023
Working dir:  /gpfs/home1/ekempkes/adipep_umbrella_grid_superfast/result_GRID20649832
Command line:
  gmx mdrun -s simulations_essentials/md.tpr -plumed Colvars/plumed_1.047_1.047.dat -nsteps 10000 -x Colvars/traj_1.047_1.047.xtc


Back Off! I just backed up md.log to ./#md.log.1#
Reading file simulations_essentials/md.tpr, VERSION 2022.5-plumed_2.9.3 (single precision)
Note: file tpx version 127, software tpx version 129

NOTE: Parallelization is limited by the small number of atoms,
      only starting 1 thread-MPI ranks.
      You can use the -nt and/or -ntmpi option to optimize the number of threads.

Overriding nsteps with value passed on the command line: 10000 steps, 20 ps

comm-mode angular will give incorrect results when the comm group partially crosses a periodic boundary
Using 1 MPI thread

Non-default thread affinity set, disabling internal thread affinity

Using 1 OpenMP thread 


Back Off! I just backed up Colvars/traj_1.047_1.047.xtc to Colvars/#traj_1.047_1.047.xtc.2#

Back Off! I just backed up traj.trr to ./#traj.trr.1#

Back Off! I just backed up ener.edr to ./#ener.edr.1#
starting mdrun 'Generated by trjconv : Generated by trjconv : Alanine in vacuum in water t= 4500.00000'
10000 steps,     20.0 ps.

Writing final coordinates.

Back Off! I just backed up confout.gro to ./#confout.gro.1#

               Core t (s)   Wall t (s)        (%)
       Time:        2.080        2.080      100.0
                 (ns/day)    (hour/ns)
Performance:      830.850        0.029

GROMACS reminds you: "Bring Out the Gimp" (Pulp Fiction)

    :-) GROMACS - gmx mdrun, 2023.2-EasyBuild_4.9.0_PLUMED_2.9.0.GMX2023 (-:

Executable:   /sw/arch/RHEL8/EB_production/2023/software/GROMACS/2023.2-foss-2023a-PLUMED-2.9.0.GMX2023/bin/gmx
Data prefix:  /sw/arch/RHEL8/EB_production/2023/software/GROMACS/2023.2-foss-2023a-PLUMED-2.9.0.GMX2023
Working dir:  /gpfs/home1/ekempkes/adipep_umbrella_grid_superfast/result_GRID20649832
Command line:
  gmx mdrun -s simulations_essentials/md.tpr -plumed Colvars/plumed_1.047_1.745.dat -nsteps 10000 -x Colvars/traj_1.047_1.745.xtc


Back Off! I just backed up md.log to ./#md.log.1#
Reading file simulations_essentials/md.tpr, VERSION 2022.5-plumed_2.9.3 (single precision)
Note: file tpx version 127, software tpx version 129

NOTE: Parallelization is limited by the small number of atoms,
      only starting 1 thread-MPI ranks.
      You can use the -nt and/or -ntmpi option to optimize the number of threads.

Overriding nsteps with value passed on the command line: 10000 steps, 20 ps

comm-mode angular will give incorrect results when the comm group partially crosses a periodic boundary
Using 1 MPI thread

Non-default thread affinity set, disabling internal thread affinity

Using 1 OpenMP thread 


Back Off! I just backed up traj.trr to ./#traj.trr.1#

Back Off! I just backed up ener.edr to ./#ener.edr.1#
starting mdrun 'Generated by trjconv : Generated by trjconv : Alanine in vacuum in water t= 4500.00000'
10000 steps,     20.0 ps.

Writing final coordinates.

Back Off! I just backed up confout.gro to ./#confout.gro.1#

               Core t (s)   Wall t (s)        (%)
       Time:        2.028        2.028      100.0
                 (ns/day)    (hour/ns)
Performance:      852.240        0.028

GROMACS reminds you: "Shaken, not Stirred" (J. Bond)

    :-) GROMACS - gmx mdrun, 2023.2-EasyBuild_4.9.0_PLUMED_2.9.0.GMX2023 (-:

Executable:   /sw/arch/RHEL8/EB_production/2023/software/GROMACS/2023.2-foss-2023a-PLUMED-2.9.0.GMX2023/bin/gmx
Data prefix:  /sw/arch/RHEL8/EB_production/2023/software/GROMACS/2023.2-foss-2023a-PLUMED-2.9.0.GMX2023
Working dir:  /gpfs/home1/ekempkes/adipep_umbrella_grid_superfast/result_GRID20649832
Command line:
  gmx mdrun -s simulations_essentials/md.tpr -plumed Colvars/plumed_1.047_2.443.dat -nsteps 10000 -x Colvars/traj_1.047_2.443.xtc


Back Off! I just backed up md.log to ./#md.log.1#
Reading file simulations_essentials/md.tpr, VERSION 2022.5-plumed_2.9.3 (single precision)
Note: file tpx version 127, software tpx version 129

NOTE: Parallelization is limited by the small number of atoms,
      only starting 1 thread-MPI ranks.
      You can use the -nt and/or -ntmpi option to optimize the number of threads.

Overriding nsteps with value passed on the command line: 10000 steps, 20 ps

comm-mode angular will give incorrect results when the comm group partially crosses a periodic boundary
Using 1 MPI thread

Non-default thread affinity set, disabling internal thread affinity

Using 1 OpenMP thread 


Back Off! I just backed up traj.trr to ./#traj.trr.1#

Back Off! I just backed up ener.edr to ./#ener.edr.1#
starting mdrun 'Generated by trjconv : Generated by trjconv : Alanine in vacuum in water t= 4500.00000'
10000 steps,     20.0 ps.

Writing final coordinates.

Back Off! I just backed up confout.gro to ./#confout.gro.1#

               Core t (s)   Wall t (s)        (%)
       Time:        2.041        2.041      100.0
                 (ns/day)    (hour/ns)
Performance:      846.888        0.028

GROMACS reminds you: "It's easy to remember: a half a kT is equal to five fourths of a kJ/mol." (Anders Gabrielsson)

    :-) GROMACS - gmx mdrun, 2023.2-EasyBuild_4.9.0_PLUMED_2.9.0.GMX2023 (-:

Executable:   /sw/arch/RHEL8/EB_production/2023/software/GROMACS/2023.2-foss-2023a-PLUMED-2.9.0.GMX2023/bin/gmx
Data prefix:  /sw/arch/RHEL8/EB_production/2023/software/GROMACS/2023.2-foss-2023a-PLUMED-2.9.0.GMX2023
Working dir:  /gpfs/home1/ekempkes/adipep_umbrella_grid_superfast/result_GRID20649832
Command line:
  gmx mdrun -s simulations_essentials/md.tpr -plumed Colvars/plumed_1.745_-3.142.dat -nsteps 10000 -x Colvars/traj_1.745_-3.142.xtc


Back Off! I just backed up md.log to ./#md.log.1#
Reading file simulations_essentials/md.tpr, VERSION 2022.5-plumed_2.9.3 (single precision)
Note: file tpx version 127, software tpx version 129

NOTE: Parallelization is limited by the small number of atoms,
      only starting 1 thread-MPI ranks.
      You can use the -nt and/or -ntmpi option to optimize the number of threads.

Overriding nsteps with value passed on the command line: 10000 steps, 20 ps

comm-mode angular will give incorrect results when the comm group partially crosses a periodic boundary
Using 1 MPI thread

Non-default thread affinity set, disabling internal thread affinity

Using 1 OpenMP thread 


Back Off! I just backed up traj.trr to ./#traj.trr.1#

Back Off! I just backed up ener.edr to ./#ener.edr.1#
starting mdrun 'Generated by trjconv : Generated by trjconv : Alanine in vacuum in water t= 4500.00000'
10000 steps,     20.0 ps.

Writing final coordinates.

Back Off! I just backed up confout.gro to ./#confout.gro.1#

               Core t (s)   Wall t (s)        (%)
       Time:        2.048        2.049      100.0
                 (ns/day)    (hour/ns)
Performance:      843.614        0.028

GROMACS reminds you: "It's So Fast It's Slow" (F. Black)

    :-) GROMACS - gmx mdrun, 2023.2-EasyBuild_4.9.0_PLUMED_2.9.0.GMX2023 (-:

Executable:   /sw/arch/RHEL8/EB_production/2023/software/GROMACS/2023.2-foss-2023a-PLUMED-2.9.0.GMX2023/bin/gmx
Data prefix:  /sw/arch/RHEL8/EB_production/2023/software/GROMACS/2023.2-foss-2023a-PLUMED-2.9.0.GMX2023
Working dir:  /gpfs/home1/ekempkes/adipep_umbrella_grid_superfast/result_GRID20649832
Command line:
  gmx mdrun -s simulations_essentials/md.tpr -plumed Colvars/plumed_1.745_-2.443.dat -nsteps 10000 -x Colvars/traj_1.745_-2.443.xtc


Back Off! I just backed up md.log to ./#md.log.1#
Reading file simulations_essentials/md.tpr, VERSION 2022.5-plumed_2.9.3 (single precision)
Note: file tpx version 127, software tpx version 129

NOTE: Parallelization is limited by the small number of atoms,
      only starting 1 thread-MPI ranks.
      You can use the -nt and/or -ntmpi option to optimize the number of threads.

Overriding nsteps with value passed on the command line: 10000 steps, 20 ps

comm-mode angular will give incorrect results when the comm group partially crosses a periodic boundary
Using 1 MPI thread

Non-default thread affinity set, disabling internal thread affinity

Using 1 OpenMP thread 


Back Off! I just backed up traj.trr to ./#traj.trr.1#

Back Off! I just backed up ener.edr to ./#ener.edr.1#
starting mdrun 'Generated by trjconv : Generated by trjconv : Alanine in vacuum in water t= 4500.00000'
10000 steps,     20.0 ps.

Writing final coordinates.

Back Off! I just backed up confout.gro to ./#confout.gro.1#

               Core t (s)   Wall t (s)        (%)
       Time:        2.067        2.067      100.0
                 (ns/day)    (hour/ns)
Performance:      835.943        0.029

GROMACS reminds you: "Cut It Deep and Cut It Wide" (The Walkabouts)

    :-) GROMACS - gmx mdrun, 2023.2-EasyBuild_4.9.0_PLUMED_2.9.0.GMX2023 (-:

Executable:   /sw/arch/RHEL8/EB_production/2023/software/GROMACS/2023.2-foss-2023a-PLUMED-2.9.0.GMX2023/bin/gmx
Data prefix:  /sw/arch/RHEL8/EB_production/2023/software/GROMACS/2023.2-foss-2023a-PLUMED-2.9.0.GMX2023
Working dir:  /gpfs/home1/ekempkes/adipep_umbrella_grid_superfast/result_GRID20649832
Command line:
  gmx mdrun -s simulations_essentials/md.tpr -plumed Colvars/plumed_1.745_-1.745.dat -nsteps 10000 -x Colvars/traj_1.745_-1.745.xtc


Back Off! I just backed up md.log to ./#md.log.1#
Reading file simulations_essentials/md.tpr, VERSION 2022.5-plumed_2.9.3 (single precision)
Note: file tpx version 127, software tpx version 129

NOTE: Parallelization is limited by the small number of atoms,
      only starting 1 thread-MPI ranks.
      You can use the -nt and/or -ntmpi option to optimize the number of threads.

Overriding nsteps with value passed on the command line: 10000 steps, 20 ps

comm-mode angular will give incorrect results when the comm group partially crosses a periodic boundary
Using 1 MPI thread

Non-default thread affinity set, disabling internal thread affinity

Using 1 OpenMP thread 


Back Off! I just backed up traj.trr to ./#traj.trr.1#

Back Off! I just backed up ener.edr to ./#ener.edr.1#
starting mdrun 'Generated by trjconv : Generated by trjconv : Alanine in vacuum in water t= 4500.00000'
10000 steps,     20.0 ps.

Writing final coordinates.

Back Off! I just backed up confout.gro to ./#confout.gro.1#

               Core t (s)   Wall t (s)        (%)
       Time:        2.066        2.066      100.0
                 (ns/day)    (hour/ns)
Performance:      836.529        0.029

GROMACS reminds you: "I went to Venice and looked at the paintings of Canaletto to understand how he presented perspective, and it turned out it was an exponential law. If I had published this, maybe there would be a Karplus law in art theory as well as the Karplus equation in NMR" (Martin Karplus, Nobel lecture 2013)

    :-) GROMACS - gmx mdrun, 2023.2-EasyBuild_4.9.0_PLUMED_2.9.0.GMX2023 (-:

Executable:   /sw/arch/RHEL8/EB_production/2023/software/GROMACS/2023.2-foss-2023a-PLUMED-2.9.0.GMX2023/bin/gmx
Data prefix:  /sw/arch/RHEL8/EB_production/2023/software/GROMACS/2023.2-foss-2023a-PLUMED-2.9.0.GMX2023
Working dir:  /gpfs/home1/ekempkes/adipep_umbrella_grid_superfast/result_GRID20649832
Command line:
  gmx mdrun -s simulations_essentials/md.tpr -plumed Colvars/plumed_1.745_-1.047.dat -nsteps 10000 -x Colvars/traj_1.745_-1.047.xtc


Back Off! I just backed up md.log to ./#md.log.1#
Reading file simulations_essentials/md.tpr, VERSION 2022.5-plumed_2.9.3 (single precision)
Note: file tpx version 127, software tpx version 129

NOTE: Parallelization is limited by the small number of atoms,
      only starting 1 thread-MPI ranks.
      You can use the -nt and/or -ntmpi option to optimize the number of threads.

Overriding nsteps with value passed on the command line: 10000 steps, 20 ps

comm-mode angular will give incorrect results when the comm group partially crosses a periodic boundary
Using 1 MPI thread

Non-default thread affinity set, disabling internal thread affinity

Using 1 OpenMP thread 


Back Off! I just backed up traj.trr to ./#traj.trr.1#

Back Off! I just backed up ener.edr to ./#ener.edr.1#
starting mdrun 'Generated by trjconv : Generated by trjconv : Alanine in vacuum in water t= 4500.00000'
10000 steps,     20.0 ps.

Writing final coordinates.

Back Off! I just backed up confout.gro to ./#confout.gro.1#

               Core t (s)   Wall t (s)        (%)
       Time:        2.031        2.031      100.0
                 (ns/day)    (hour/ns)
Performance:      850.849        0.028

GROMACS reminds you: "Perfect is the enemy of good." (Voltaire)

    :-) GROMACS - gmx mdrun, 2023.2-EasyBuild_4.9.0_PLUMED_2.9.0.GMX2023 (-:

Executable:   /sw/arch/RHEL8/EB_production/2023/software/GROMACS/2023.2-foss-2023a-PLUMED-2.9.0.GMX2023/bin/gmx
Data prefix:  /sw/arch/RHEL8/EB_production/2023/software/GROMACS/2023.2-foss-2023a-PLUMED-2.9.0.GMX2023
Working dir:  /gpfs/home1/ekempkes/adipep_umbrella_grid_superfast/result_GRID20649832
Command line:
  gmx mdrun -s simulations_essentials/md.tpr -plumed Colvars/plumed_1.745_-0.349.dat -nsteps 10000 -x Colvars/traj_1.745_-0.349.xtc


Back Off! I just backed up md.log to ./#md.log.1#
Reading file simulations_essentials/md.tpr, VERSION 2022.5-plumed_2.9.3 (single precision)
Note: file tpx version 127, software tpx version 129

NOTE: Parallelization is limited by the small number of atoms,
      only starting 1 thread-MPI ranks.
      You can use the -nt and/or -ntmpi option to optimize the number of threads.

Overriding nsteps with value passed on the command line: 10000 steps, 20 ps

comm-mode angular will give incorrect results when the comm group partially crosses a periodic boundary
Using 1 MPI thread

Non-default thread affinity set, disabling internal thread affinity

Using 1 OpenMP thread 


Back Off! I just backed up traj.trr to ./#traj.trr.1#

Back Off! I just backed up ener.edr to ./#ener.edr.1#
starting mdrun 'Generated by trjconv : Generated by trjconv : Alanine in vacuum in water t= 4500.00000'
10000 steps,     20.0 ps.

Writing final coordinates.

Back Off! I just backed up confout.gro to ./#confout.gro.1#

               Core t (s)   Wall t (s)        (%)
       Time:        2.039        2.039      100.0
                 (ns/day)    (hour/ns)
Performance:      847.393        0.028

GROMACS reminds you: "Clickety Clickety Click" (System Manager From Hell)

    :-) GROMACS - gmx mdrun, 2023.2-EasyBuild_4.9.0_PLUMED_2.9.0.GMX2023 (-:

Executable:   /sw/arch/RHEL8/EB_production/2023/software/GROMACS/2023.2-foss-2023a-PLUMED-2.9.0.GMX2023/bin/gmx
Data prefix:  /sw/arch/RHEL8/EB_production/2023/software/GROMACS/2023.2-foss-2023a-PLUMED-2.9.0.GMX2023
Working dir:  /gpfs/home1/ekempkes/adipep_umbrella_grid_superfast/result_GRID20649832
Command line:
  gmx mdrun -s simulations_essentials/md.tpr -plumed Colvars/plumed_1.745_0.349.dat -nsteps 10000 -x Colvars/traj_1.745_0.349.xtc


Back Off! I just backed up md.log to ./#md.log.1#
Reading file simulations_essentials/md.tpr, VERSION 2022.5-plumed_2.9.3 (single precision)
Note: file tpx version 127, software tpx version 129

NOTE: Parallelization is limited by the small number of atoms,
      only starting 1 thread-MPI ranks.
      You can use the -nt and/or -ntmpi option to optimize the number of threads.

Overriding nsteps with value passed on the command line: 10000 steps, 20 ps

comm-mode angular will give incorrect results when the comm group partially crosses a periodic boundary
Using 1 MPI thread

Non-default thread affinity set, disabling internal thread affinity

Using 1 OpenMP thread 


Back Off! I just backed up traj.trr to ./#traj.trr.1#

Back Off! I just backed up ener.edr to ./#ener.edr.1#
starting mdrun 'Generated by trjconv : Generated by trjconv : Alanine in vacuum in water t= 4500.00000'
10000 steps,     20.0 ps.

Writing final coordinates.

Back Off! I just backed up confout.gro to ./#confout.gro.1#

               Core t (s)   Wall t (s)        (%)
       Time:        2.072        2.072      100.0
                 (ns/day)    (hour/ns)
Performance:      834.006        0.029

GROMACS reminds you: "I identified myself very early on as a scientist rather than a student - as someone creating knowledge rather than simply absorbing it." (Emmanuelle Charpentier)

    :-) GROMACS - gmx mdrun, 2023.2-EasyBuild_4.9.0_PLUMED_2.9.0.GMX2023 (-:

Executable:   /sw/arch/RHEL8/EB_production/2023/software/GROMACS/2023.2-foss-2023a-PLUMED-2.9.0.GMX2023/bin/gmx
Data prefix:  /sw/arch/RHEL8/EB_production/2023/software/GROMACS/2023.2-foss-2023a-PLUMED-2.9.0.GMX2023
Working dir:  /gpfs/home1/ekempkes/adipep_umbrella_grid_superfast/result_GRID20649832
Command line:
  gmx mdrun -s simulations_essentials/md.tpr -plumed Colvars/plumed_1.745_1.047.dat -nsteps 10000 -x Colvars/traj_1.745_1.047.xtc


Back Off! I just backed up md.log to ./#md.log.1#
Reading file simulations_essentials/md.tpr, VERSION 2022.5-plumed_2.9.3 (single precision)
Note: file tpx version 127, software tpx version 129

NOTE: Parallelization is limited by the small number of atoms,
      only starting 1 thread-MPI ranks.
      You can use the -nt and/or -ntmpi option to optimize the number of threads.

Overriding nsteps with value passed on the command line: 10000 steps, 20 ps

comm-mode angular will give incorrect results when the comm group partially crosses a periodic boundary
Using 1 MPI thread

Non-default thread affinity set, disabling internal thread affinity

Using 1 OpenMP thread 


Back Off! I just backed up traj.trr to ./#traj.trr.1#

Back Off! I just backed up ener.edr to ./#ener.edr.1#
starting mdrun 'Generated by trjconv : Generated by trjconv : Alanine in vacuum in water t= 4500.00000'
10000 steps,     20.0 ps.

Writing final coordinates.

Back Off! I just backed up confout.gro to ./#confout.gro.1#

               Core t (s)   Wall t (s)        (%)
       Time:        2.025        2.025      100.0
                 (ns/day)    (hour/ns)
Performance:      853.367        0.028

GROMACS reminds you: "Science is the great antidote to the poison of enthusiasm and superstition." (Adam Smith, Wealth of Nations, 1776)

    :-) GROMACS - gmx mdrun, 2023.2-EasyBuild_4.9.0_PLUMED_2.9.0.GMX2023 (-:

Executable:   /sw/arch/RHEL8/EB_production/2023/software/GROMACS/2023.2-foss-2023a-PLUMED-2.9.0.GMX2023/bin/gmx
Data prefix:  /sw/arch/RHEL8/EB_production/2023/software/GROMACS/2023.2-foss-2023a-PLUMED-2.9.0.GMX2023
Working dir:  /gpfs/home1/ekempkes/adipep_umbrella_grid_superfast/result_GRID20649832
Command line:
  gmx mdrun -s simulations_essentials/md.tpr -plumed Colvars/plumed_1.745_1.745.dat -nsteps 10000 -x Colvars/traj_1.745_1.745.xtc


Back Off! I just backed up md.log to ./#md.log.1#
Reading file simulations_essentials/md.tpr, VERSION 2022.5-plumed_2.9.3 (single precision)
Note: file tpx version 127, software tpx version 129

NOTE: Parallelization is limited by the small number of atoms,
      only starting 1 thread-MPI ranks.
      You can use the -nt and/or -ntmpi option to optimize the number of threads.

Overriding nsteps with value passed on the command line: 10000 steps, 20 ps

comm-mode angular will give incorrect results when the comm group partially crosses a periodic boundary
Using 1 MPI thread

Non-default thread affinity set, disabling internal thread affinity

Using 1 OpenMP thread 


Back Off! I just backed up traj.trr to ./#traj.trr.1#

Back Off! I just backed up ener.edr to ./#ener.edr.1#
starting mdrun 'Generated by trjconv : Generated by trjconv : Alanine in vacuum in water t= 4500.00000'
10000 steps,     20.0 ps.

Writing final coordinates.

Back Off! I just backed up confout.gro to ./#confout.gro.1#

               Core t (s)   Wall t (s)        (%)
       Time:        2.047        2.047      100.0
                 (ns/day)    (hour/ns)
Performance:      844.266        0.028

GROMACS reminds you: "I will not be a lemming and follow the crowd over the cliff and into the C." (John Beidler)

    :-) GROMACS - gmx mdrun, 2023.2-EasyBuild_4.9.0_PLUMED_2.9.0.GMX2023 (-:

Executable:   /sw/arch/RHEL8/EB_production/2023/software/GROMACS/2023.2-foss-2023a-PLUMED-2.9.0.GMX2023/bin/gmx
Data prefix:  /sw/arch/RHEL8/EB_production/2023/software/GROMACS/2023.2-foss-2023a-PLUMED-2.9.0.GMX2023
Working dir:  /gpfs/home1/ekempkes/adipep_umbrella_grid_superfast/result_GRID20649832
Command line:
  gmx mdrun -s simulations_essentials/md.tpr -plumed Colvars/plumed_1.745_2.443.dat -nsteps 10000 -x Colvars/traj_1.745_2.443.xtc


Back Off! I just backed up md.log to ./#md.log.1#
Reading file simulations_essentials/md.tpr, VERSION 2022.5-plumed_2.9.3 (single precision)
Note: file tpx version 127, software tpx version 129

NOTE: Parallelization is limited by the small number of atoms,
      only starting 1 thread-MPI ranks.
      You can use the -nt and/or -ntmpi option to optimize the number of threads.

Overriding nsteps with value passed on the command line: 10000 steps, 20 ps

comm-mode angular will give incorrect results when the comm group partially crosses a periodic boundary
Using 1 MPI thread

Non-default thread affinity set, disabling internal thread affinity

Using 1 OpenMP thread 


Back Off! I just backed up traj.trr to ./#traj.trr.1#

Back Off! I just backed up ener.edr to ./#ener.edr.1#
starting mdrun 'Generated by trjconv : Generated by trjconv : Alanine in vacuum in water t= 4500.00000'
10000 steps,     20.0 ps.

Writing final coordinates.

Back Off! I just backed up confout.gro to ./#confout.gro.1#

               Core t (s)   Wall t (s)        (%)
       Time:        2.018        2.018      100.0
                 (ns/day)    (hour/ns)
Performance:      856.515        0.028

GROMACS reminds you: "Computer science is no more about computers than astronomy is about telescopes" (Edsger Dijkstra)

    :-) GROMACS - gmx mdrun, 2023.2-EasyBuild_4.9.0_PLUMED_2.9.0.GMX2023 (-:

Executable:   /sw/arch/RHEL8/EB_production/2023/software/GROMACS/2023.2-foss-2023a-PLUMED-2.9.0.GMX2023/bin/gmx
Data prefix:  /sw/arch/RHEL8/EB_production/2023/software/GROMACS/2023.2-foss-2023a-PLUMED-2.9.0.GMX2023
Working dir:  /gpfs/home1/ekempkes/adipep_umbrella_grid_superfast/result_GRID20649832
Command line:
  gmx mdrun -s simulations_essentials/md.tpr -plumed Colvars/plumed_2.443_-3.142.dat -nsteps 10000 -x Colvars/traj_2.443_-3.142.xtc


Back Off! I just backed up md.log to ./#md.log.1#
Reading file simulations_essentials/md.tpr, VERSION 2022.5-plumed_2.9.3 (single precision)
Note: file tpx version 127, software tpx version 129

NOTE: Parallelization is limited by the small number of atoms,
      only starting 1 thread-MPI ranks.
      You can use the -nt and/or -ntmpi option to optimize the number of threads.

Overriding nsteps with value passed on the command line: 10000 steps, 20 ps

comm-mode angular will give incorrect results when the comm group partially crosses a periodic boundary
Using 1 MPI thread

Non-default thread affinity set, disabling internal thread affinity

Using 1 OpenMP thread 


Back Off! I just backed up traj.trr to ./#traj.trr.1#

Back Off! I just backed up ener.edr to ./#ener.edr.1#
starting mdrun 'Generated by trjconv : Generated by trjconv : Alanine in vacuum in water t= 4500.00000'
10000 steps,     20.0 ps.

Writing final coordinates.

Back Off! I just backed up confout.gro to ./#confout.gro.1#

               Core t (s)   Wall t (s)        (%)
       Time:        2.053        2.053      100.0
                 (ns/day)    (hour/ns)
Performance:      841.838        0.029

GROMACS reminds you: "Stop Drinking My Beer !" (The Amps)

    :-) GROMACS - gmx mdrun, 2023.2-EasyBuild_4.9.0_PLUMED_2.9.0.GMX2023 (-:

Executable:   /sw/arch/RHEL8/EB_production/2023/software/GROMACS/2023.2-foss-2023a-PLUMED-2.9.0.GMX2023/bin/gmx
Data prefix:  /sw/arch/RHEL8/EB_production/2023/software/GROMACS/2023.2-foss-2023a-PLUMED-2.9.0.GMX2023
Working dir:  /gpfs/home1/ekempkes/adipep_umbrella_grid_superfast/result_GRID20649832
Command line:
  gmx mdrun -s simulations_essentials/md.tpr -plumed Colvars/plumed_2.443_-2.443.dat -nsteps 10000 -x Colvars/traj_2.443_-2.443.xtc


Back Off! I just backed up md.log to ./#md.log.1#
Reading file simulations_essentials/md.tpr, VERSION 2022.5-plumed_2.9.3 (single precision)
Note: file tpx version 127, software tpx version 129

NOTE: Parallelization is limited by the small number of atoms,
      only starting 1 thread-MPI ranks.
      You can use the -nt and/or -ntmpi option to optimize the number of threads.

Overriding nsteps with value passed on the command line: 10000 steps, 20 ps

comm-mode angular will give incorrect results when the comm group partially crosses a periodic boundary
Using 1 MPI thread

Non-default thread affinity set, disabling internal thread affinity

Using 1 OpenMP thread 


Back Off! I just backed up traj.trr to ./#traj.trr.1#

Back Off! I just backed up ener.edr to ./#ener.edr.1#
starting mdrun 'Generated by trjconv : Generated by trjconv : Alanine in vacuum in water t= 4500.00000'
10000 steps,     20.0 ps.

Writing final coordinates.

Back Off! I just backed up confout.gro to ./#confout.gro.1#

               Core t (s)   Wall t (s)        (%)
       Time:        2.014        2.015      100.0
                 (ns/day)    (hour/ns)
Performance:      857.844        0.028

GROMACS reminds you: "All You Need is Greed" (Aztec Camera)

    :-) GROMACS - gmx mdrun, 2023.2-EasyBuild_4.9.0_PLUMED_2.9.0.GMX2023 (-:

Executable:   /sw/arch/RHEL8/EB_production/2023/software/GROMACS/2023.2-foss-2023a-PLUMED-2.9.0.GMX2023/bin/gmx
Data prefix:  /sw/arch/RHEL8/EB_production/2023/software/GROMACS/2023.2-foss-2023a-PLUMED-2.9.0.GMX2023
Working dir:  /gpfs/home1/ekempkes/adipep_umbrella_grid_superfast/result_GRID20649832
Command line:
  gmx mdrun -s simulations_essentials/md.tpr -plumed Colvars/plumed_2.443_-1.745.dat -nsteps 10000 -x Colvars/traj_2.443_-1.745.xtc


Back Off! I just backed up md.log to ./#md.log.1#
Reading file simulations_essentials/md.tpr, VERSION 2022.5-plumed_2.9.3 (single precision)
Note: file tpx version 127, software tpx version 129

NOTE: Parallelization is limited by the small number of atoms,
      only starting 1 thread-MPI ranks.
      You can use the -nt and/or -ntmpi option to optimize the number of threads.

Overriding nsteps with value passed on the command line: 10000 steps, 20 ps

comm-mode angular will give incorrect results when the comm group partially crosses a periodic boundary
Using 1 MPI thread

Non-default thread affinity set, disabling internal thread affinity

Using 1 OpenMP thread 


Back Off! I just backed up traj.trr to ./#traj.trr.1#

Back Off! I just backed up ener.edr to ./#ener.edr.1#
starting mdrun 'Generated by trjconv : Generated by trjconv : Alanine in vacuum in water t= 4500.00000'
10000 steps,     20.0 ps.

Writing final coordinates.

Back Off! I just backed up confout.gro to ./#confout.gro.1#

               Core t (s)   Wall t (s)        (%)
       Time:        2.016        2.016      100.0
                 (ns/day)    (hour/ns)
Performance:      857.345        0.028

GROMACS reminds you: "Interfacing Space and Beyond..." (P. J. Harvey)

    :-) GROMACS - gmx mdrun, 2023.2-EasyBuild_4.9.0_PLUMED_2.9.0.GMX2023 (-:

Executable:   /sw/arch/RHEL8/EB_production/2023/software/GROMACS/2023.2-foss-2023a-PLUMED-2.9.0.GMX2023/bin/gmx
Data prefix:  /sw/arch/RHEL8/EB_production/2023/software/GROMACS/2023.2-foss-2023a-PLUMED-2.9.0.GMX2023
Working dir:  /gpfs/home1/ekempkes/adipep_umbrella_grid_superfast/result_GRID20649832
Command line:
  gmx mdrun -s simulations_essentials/md.tpr -plumed Colvars/plumed_2.443_-1.047.dat -nsteps 10000 -x Colvars/traj_2.443_-1.047.xtc


Back Off! I just backed up md.log to ./#md.log.1#
Reading file simulations_essentials/md.tpr, VERSION 2022.5-plumed_2.9.3 (single precision)
Note: file tpx version 127, software tpx version 129

NOTE: Parallelization is limited by the small number of atoms,
      only starting 1 thread-MPI ranks.
      You can use the -nt and/or -ntmpi option to optimize the number of threads.

Overriding nsteps with value passed on the command line: 10000 steps, 20 ps

comm-mode angular will give incorrect results when the comm group partially crosses a periodic boundary
Using 1 MPI thread

Non-default thread affinity set, disabling internal thread affinity

Using 1 OpenMP thread 


Back Off! I just backed up traj.trr to ./#traj.trr.1#

Back Off! I just backed up ener.edr to ./#ener.edr.1#
starting mdrun 'Generated by trjconv : Generated by trjconv : Alanine in vacuum in water t= 4500.00000'
10000 steps,     20.0 ps.

Writing final coordinates.

Back Off! I just backed up confout.gro to ./#confout.gro.1#

               Core t (s)   Wall t (s)        (%)
       Time:        2.038        2.038      100.0
                 (ns/day)    (hour/ns)
Performance:      847.820        0.028

GROMACS reminds you: "You Could Make More Money As a Butcher" (F. Zappa)

    :-) GROMACS - gmx mdrun, 2023.2-EasyBuild_4.9.0_PLUMED_2.9.0.GMX2023 (-:

Executable:   /sw/arch/RHEL8/EB_production/2023/software/GROMACS/2023.2-foss-2023a-PLUMED-2.9.0.GMX2023/bin/gmx
Data prefix:  /sw/arch/RHEL8/EB_production/2023/software/GROMACS/2023.2-foss-2023a-PLUMED-2.9.0.GMX2023
Working dir:  /gpfs/home1/ekempkes/adipep_umbrella_grid_superfast/result_GRID20649832
Command line:
  gmx mdrun -s simulations_essentials/md.tpr -plumed Colvars/plumed_2.443_-0.349.dat -nsteps 10000 -x Colvars/traj_2.443_-0.349.xtc


Back Off! I just backed up md.log to ./#md.log.1#
Reading file simulations_essentials/md.tpr, VERSION 2022.5-plumed_2.9.3 (single precision)
Note: file tpx version 127, software tpx version 129

NOTE: Parallelization is limited by the small number of atoms,
      only starting 1 thread-MPI ranks.
      You can use the -nt and/or -ntmpi option to optimize the number of threads.

Overriding nsteps with value passed on the command line: 10000 steps, 20 ps

comm-mode angular will give incorrect results when the comm group partially crosses a periodic boundary
Using 1 MPI thread

Non-default thread affinity set, disabling internal thread affinity

Using 1 OpenMP thread 


Back Off! I just backed up traj.trr to ./#traj.trr.1#

Back Off! I just backed up ener.edr to ./#ener.edr.1#
starting mdrun 'Generated by trjconv : Generated by trjconv : Alanine in vacuum in water t= 4500.00000'
10000 steps,     20.0 ps.

Writing final coordinates.

Back Off! I just backed up confout.gro to ./#confout.gro.1#

               Core t (s)   Wall t (s)        (%)
       Time:        2.010        2.010      100.0
                 (ns/day)    (hour/ns)
Performance:      859.882        0.028

GROMACS reminds you: "If 10 years from now, when you are doing something quick and dirty, you suddenly visualize that I am looking over your shoulders and say to yourself: 'Dijkstra would not have liked this', well that would be enough immortality for me." (Edsger Dijkstra)

    :-) GROMACS - gmx mdrun, 2023.2-EasyBuild_4.9.0_PLUMED_2.9.0.GMX2023 (-:

Executable:   /sw/arch/RHEL8/EB_production/2023/software/GROMACS/2023.2-foss-2023a-PLUMED-2.9.0.GMX2023/bin/gmx
Data prefix:  /sw/arch/RHEL8/EB_production/2023/software/GROMACS/2023.2-foss-2023a-PLUMED-2.9.0.GMX2023
Working dir:  /gpfs/home1/ekempkes/adipep_umbrella_grid_superfast/result_GRID20649832
Command line:
  gmx mdrun -s simulations_essentials/md.tpr -plumed Colvars/plumed_2.443_0.349.dat -nsteps 10000 -x Colvars/traj_2.443_0.349.xtc


Back Off! I just backed up md.log to ./#md.log.1#
Reading file simulations_essentials/md.tpr, VERSION 2022.5-plumed_2.9.3 (single precision)
Note: file tpx version 127, software tpx version 129

NOTE: Parallelization is limited by the small number of atoms,
      only starting 1 thread-MPI ranks.
      You can use the -nt and/or -ntmpi option to optimize the number of threads.

Overriding nsteps with value passed on the command line: 10000 steps, 20 ps

comm-mode angular will give incorrect results when the comm group partially crosses a periodic boundary
Using 1 MPI thread

Non-default thread affinity set, disabling internal thread affinity

Using 1 OpenMP thread 


Back Off! I just backed up traj.trr to ./#traj.trr.1#

Back Off! I just backed up ener.edr to ./#ener.edr.1#
starting mdrun 'Generated by trjconv : Generated by trjconv : Alanine in vacuum in water t= 4500.00000'
10000 steps,     20.0 ps.

Writing final coordinates.

Back Off! I just backed up confout.gro to ./#confout.gro.1#

               Core t (s)   Wall t (s)        (%)
       Time:        2.034        2.034      100.0
                 (ns/day)    (hour/ns)
Performance:      849.565        0.028

GROMACS reminds you: "Wicky-wicky Wa-wild West" (Will Smith)

    :-) GROMACS - gmx mdrun, 2023.2-EasyBuild_4.9.0_PLUMED_2.9.0.GMX2023 (-:

Executable:   /sw/arch/RHEL8/EB_production/2023/software/GROMACS/2023.2-foss-2023a-PLUMED-2.9.0.GMX2023/bin/gmx
Data prefix:  /sw/arch/RHEL8/EB_production/2023/software/GROMACS/2023.2-foss-2023a-PLUMED-2.9.0.GMX2023
Working dir:  /gpfs/home1/ekempkes/adipep_umbrella_grid_superfast/result_GRID20649832
Command line:
  gmx mdrun -s simulations_essentials/md.tpr -plumed Colvars/plumed_2.443_1.047.dat -nsteps 10000 -x Colvars/traj_2.443_1.047.xtc


Back Off! I just backed up md.log to ./#md.log.1#
Reading file simulations_essentials/md.tpr, VERSION 2022.5-plumed_2.9.3 (single precision)
Note: file tpx version 127, software tpx version 129

NOTE: Parallelization is limited by the small number of atoms,
      only starting 1 thread-MPI ranks.
      You can use the -nt and/or -ntmpi option to optimize the number of threads.

Overriding nsteps with value passed on the command line: 10000 steps, 20 ps

comm-mode angular will give incorrect results when the comm group partially crosses a periodic boundary
Using 1 MPI thread

Non-default thread affinity set, disabling internal thread affinity

Using 1 OpenMP thread 


Back Off! I just backed up traj.trr to ./#traj.trr.1#

Back Off! I just backed up ener.edr to ./#ener.edr.1#
starting mdrun 'Generated by trjconv : Generated by trjconv : Alanine in vacuum in water t= 4500.00000'
10000 steps,     20.0 ps.

Writing final coordinates.

Back Off! I just backed up confout.gro to ./#confout.gro.1#

               Core t (s)   Wall t (s)        (%)
       Time:        2.111        2.112      100.0
                 (ns/day)    (hour/ns)
Performance:      818.441        0.029

GROMACS reminds you: "Have a Nice Day" (R. McDonald)

    :-) GROMACS - gmx mdrun, 2023.2-EasyBuild_4.9.0_PLUMED_2.9.0.GMX2023 (-:

Executable:   /sw/arch/RHEL8/EB_production/2023/software/GROMACS/2023.2-foss-2023a-PLUMED-2.9.0.GMX2023/bin/gmx
Data prefix:  /sw/arch/RHEL8/EB_production/2023/software/GROMACS/2023.2-foss-2023a-PLUMED-2.9.0.GMX2023
Working dir:  /gpfs/home1/ekempkes/adipep_umbrella_grid_superfast/result_GRID20649832
Command line:
  gmx mdrun -s simulations_essentials/md.tpr -plumed Colvars/plumed_2.443_1.745.dat -nsteps 10000 -x Colvars/traj_2.443_1.745.xtc


Back Off! I just backed up md.log to ./#md.log.1#
Reading file simulations_essentials/md.tpr, VERSION 2022.5-plumed_2.9.3 (single precision)
Note: file tpx version 127, software tpx version 129

NOTE: Parallelization is limited by the small number of atoms,
      only starting 1 thread-MPI ranks.
      You can use the -nt and/or -ntmpi option to optimize the number of threads.

Overriding nsteps with value passed on the command line: 10000 steps, 20 ps

comm-mode angular will give incorrect results when the comm group partially crosses a periodic boundary
Using 1 MPI thread

Non-default thread affinity set, disabling internal thread affinity

Using 1 OpenMP thread 


Back Off! I just backed up traj.trr to ./#traj.trr.1#

Back Off! I just backed up ener.edr to ./#ener.edr.1#
starting mdrun 'Generated by trjconv : Generated by trjconv : Alanine in vacuum in water t= 4500.00000'
10000 steps,     20.0 ps.

Writing final coordinates.

Back Off! I just backed up confout.gro to ./#confout.gro.1#

               Core t (s)   Wall t (s)        (%)
       Time:        2.057        2.057      100.0
                 (ns/day)    (hour/ns)
Performance:      840.064        0.029

GROMACS reminds you: "Praise those of your critics for whom nothing is up to standard." (Dag Hammarskjold)

    :-) GROMACS - gmx mdrun, 2023.2-EasyBuild_4.9.0_PLUMED_2.9.0.GMX2023 (-:

Executable:   /sw/arch/RHEL8/EB_production/2023/software/GROMACS/2023.2-foss-2023a-PLUMED-2.9.0.GMX2023/bin/gmx
Data prefix:  /sw/arch/RHEL8/EB_production/2023/software/GROMACS/2023.2-foss-2023a-PLUMED-2.9.0.GMX2023
Working dir:  /gpfs/home1/ekempkes/adipep_umbrella_grid_superfast/result_GRID20649832
Command line:
  gmx mdrun -s simulations_essentials/md.tpr -plumed Colvars/plumed_2.443_2.443.dat -nsteps 10000 -x Colvars/traj_2.443_2.443.xtc


Back Off! I just backed up md.log to ./#md.log.1#
Reading file simulations_essentials/md.tpr, VERSION 2022.5-plumed_2.9.3 (single precision)
Note: file tpx version 127, software tpx version 129

NOTE: Parallelization is limited by the small number of atoms,
      only starting 1 thread-MPI ranks.
      You can use the -nt and/or -ntmpi option to optimize the number of threads.

Overriding nsteps with value passed on the command line: 10000 steps, 20 ps

comm-mode angular will give incorrect results when the comm group partially crosses a periodic boundary
Using 1 MPI thread

Non-default thread affinity set, disabling internal thread affinity

Using 1 OpenMP thread 


Back Off! I just backed up traj.trr to ./#traj.trr.1#

Back Off! I just backed up ener.edr to ./#ener.edr.1#
starting mdrun 'Generated by trjconv : Generated by trjconv : Alanine in vacuum in water t= 4500.00000'
10000 steps,     20.0 ps.

Writing final coordinates.

Back Off! I just backed up confout.gro to ./#confout.gro.1#

               Core t (s)   Wall t (s)        (%)
       Time:        2.060        2.060      100.0
                 (ns/day)    (hour/ns)
Performance:      838.982        0.029

GROMACS reminds you: "Why is the Earth moving 'round the sun? Floating in the vacuum with no purpose, not a one" (Fleet Foxes)


# Integration error:        2.06

# Integrating             - Simpson's rule + Real Space Grid Mini     :-) GROMACS - gmx mdrun, 2023.2-EasyBuild_4.9.0_PLUMED_2.9.0.GMX2023 (-:

Executable:   /sw/arch/RHEL8/EB_production/2023/software/GROMACS/2023.2-foss-2023a-PLUMED-2.9.0.GMX2023/bin/gmx
Data prefix:  /sw/arch/RHEL8/EB_production/2023/software/GROMACS/2023.2-foss-2023a-PLUMED-2.9.0.GMX2023
Working dir:  /gpfs/home1/ekempkes/adipep_umbrella_grid_superfast/result_GRID20649832
Command line:
  gmx mdrun -s simulations_essentials/md.tpr -plumed Colvars/plumed_-3.142_-3.142.dat -nsteps 10000 -x Colvars/traj_-3.142_-3.142.xtc


Back Off! I just backed up md.log to ./#md.log.1#
Reading file simulations_essentials/md.tpr, VERSION 2022.5-plumed_2.9.3 (single precision)
Note: file tpx version 127, software tpx version 129

NOTE: Parallelization is limited by the small number of atoms,
      only starting 1 thread-MPI ranks.
      You can use the -nt and/or -ntmpi option to optimize the number of threads.

Overriding nsteps with value passed on the command line: 10000 steps, 20 ps

comm-mode angular will give incorrect results when the comm group partially crosses a periodic boundary
Using 1 MPI thread

Non-default thread affinity set, disabling internal thread affinity

Using 1 OpenMP thread 


Back Off! I just backed up Colvars/traj_-3.142_-3.142.xtc to Colvars/#traj_-3.142_-3.142.xtc.9#

Back Off! I just backed up traj.trr to ./#traj.trr.1#

Back Off! I just backed up ener.edr to ./#ener.edr.1#
starting mdrun 'Generated by trjconv : Generated by trjconv : Alanine in vacuum in water t= 4500.00000'
10000 steps,     20.0 ps.

Writing final coordinates.

Back Off! I just backed up confout.gro to ./#confout.gro.1#

               Core t (s)   Wall t (s)        (%)
       Time:        2.069        2.069      100.0
                 (ns/day)    (hour/ns)
Performance:      835.239        0.029

GROMACS reminds you: "Do not go where the path may lead, go instead where there is no path and leave a trail" (Ralph Waldo Emerson)

    :-) GROMACS - gmx mdrun, 2023.2-EasyBuild_4.9.0_PLUMED_2.9.0.GMX2023 (-:

Executable:   /sw/arch/RHEL8/EB_production/2023/software/GROMACS/2023.2-foss-2023a-PLUMED-2.9.0.GMX2023/bin/gmx
Data prefix:  /sw/arch/RHEL8/EB_production/2023/software/GROMACS/2023.2-foss-2023a-PLUMED-2.9.0.GMX2023
Working dir:  /gpfs/home1/ekempkes/adipep_umbrella_grid_superfast/result_GRID20649832
Command line:
  gmx mdrun -s simulations_essentials/md.tpr -plumed Colvars/plumed_-3.142_-2.513.dat -nsteps 10000 -x Colvars/traj_-3.142_-2.513.xtc


Back Off! I just backed up md.log to ./#md.log.1#
Reading file simulations_essentials/md.tpr, VERSION 2022.5-plumed_2.9.3 (single precision)
Note: file tpx version 127, software tpx version 129

NOTE: Parallelization is limited by the small number of atoms,
      only starting 1 thread-MPI ranks.
      You can use the -nt and/or -ntmpi option to optimize the number of threads.

Overriding nsteps with value passed on the command line: 10000 steps, 20 ps

comm-mode angular will give incorrect results when the comm group partially crosses a periodic boundary
Using 1 MPI thread

Non-default thread affinity set, disabling internal thread affinity

Using 1 OpenMP thread 


Back Off! I just backed up traj.trr to ./#traj.trr.1#

Back Off! I just backed up ener.edr to ./#ener.edr.1#
starting mdrun 'Generated by trjconv : Generated by trjconv : Alanine in vacuum in water t= 4500.00000'
10000 steps,     20.0 ps.

Writing final coordinates.

Back Off! I just backed up confout.gro to ./#confout.gro.1#

               Core t (s)   Wall t (s)        (%)
       Time:        2.032        2.032      100.0
                 (ns/day)    (hour/ns)
Performance:      850.413        0.028

GROMACS reminds you: "I've basically become a vegetarian since the only meat I'm eating is from animals I've killed myself" (Mark Zuckerberg)

    :-) GROMACS - gmx mdrun, 2023.2-EasyBuild_4.9.0_PLUMED_2.9.0.GMX2023 (-:

Executable:   /sw/arch/RHEL8/EB_production/2023/software/GROMACS/2023.2-foss-2023a-PLUMED-2.9.0.GMX2023/bin/gmx
Data prefix:  /sw/arch/RHEL8/EB_production/2023/software/GROMACS/2023.2-foss-2023a-PLUMED-2.9.0.GMX2023
Working dir:  /gpfs/home1/ekempkes/adipep_umbrella_grid_superfast/result_GRID20649832
Command line:
  gmx mdrun -s simulations_essentials/md.tpr -plumed Colvars/plumed_-3.142_-1.885.dat -nsteps 10000 -x Colvars/traj_-3.142_-1.885.xtc


Back Off! I just backed up md.log to ./#md.log.1#
Reading file simulations_essentials/md.tpr, VERSION 2022.5-plumed_2.9.3 (single precision)
Note: file tpx version 127, software tpx version 129

NOTE: Parallelization is limited by the small number of atoms,
      only starting 1 thread-MPI ranks.
      You can use the -nt and/or -ntmpi option to optimize the number of threads.

Overriding nsteps with value passed on the command line: 10000 steps, 20 ps

comm-mode angular will give incorrect results when the comm group partially crosses a periodic boundary
Using 1 MPI thread

Non-default thread affinity set, disabling internal thread affinity

Using 1 OpenMP thread 


Back Off! I just backed up Colvars/traj_-3.142_-1.885.xtc to Colvars/#traj_-3.142_-1.885.xtc.1#

Back Off! I just backed up traj.trr to ./#traj.trr.1#

Back Off! I just backed up ener.edr to ./#ener.edr.1#
starting mdrun 'Generated by trjconv : Generated by trjconv : Alanine in vacuum in water t= 4500.00000'
10000 steps,     20.0 ps.

Writing final coordinates.

Back Off! I just backed up confout.gro to ./#confout.gro.1#

               Core t (s)   Wall t (s)        (%)
       Time:        2.021        2.021      100.0
                 (ns/day)    (hour/ns)
Performance:      855.039        0.028

GROMACS reminds you: "California, R.I.P." (Red Hot Chili Peppars)

    :-) GROMACS - gmx mdrun, 2023.2-EasyBuild_4.9.0_PLUMED_2.9.0.GMX2023 (-:

Executable:   /sw/arch/RHEL8/EB_production/2023/software/GROMACS/2023.2-foss-2023a-PLUMED-2.9.0.GMX2023/bin/gmx
Data prefix:  /sw/arch/RHEL8/EB_production/2023/software/GROMACS/2023.2-foss-2023a-PLUMED-2.9.0.GMX2023
Working dir:  /gpfs/home1/ekempkes/adipep_umbrella_grid_superfast/result_GRID20649832
Command line:
  gmx mdrun -s simulations_essentials/md.tpr -plumed Colvars/plumed_-3.142_-1.257.dat -nsteps 10000 -x Colvars/traj_-3.142_-1.257.xtc


Back Off! I just backed up md.log to ./#md.log.1#
Reading file simulations_essentials/md.tpr, VERSION 2022.5-plumed_2.9.3 (single precision)
Note: file tpx version 127, software tpx version 129

NOTE: Parallelization is limited by the small number of atoms,
      only starting 1 thread-MPI ranks.
      You can use the -nt and/or -ntmpi option to optimize the number of threads.

Overriding nsteps with value passed on the command line: 10000 steps, 20 ps

comm-mode angular will give incorrect results when the comm group partially crosses a periodic boundary
Using 1 MPI thread

Non-default thread affinity set, disabling internal thread affinity

Using 1 OpenMP thread 


Back Off! I just backed up traj.trr to ./#traj.trr.1#

Back Off! I just backed up ener.edr to ./#ener.edr.1#
starting mdrun 'Generated by trjconv : Generated by trjconv : Alanine in vacuum in water t= 4500.00000'
10000 steps,     20.0 ps.

Writing final coordinates.

Back Off! I just backed up confout.gro to ./#confout.gro.1#

               Core t (s)   Wall t (s)        (%)
       Time:        2.031        2.031      100.0
                 (ns/day)    (hour/ns)
Performance:      850.926        0.028

GROMACS reminds you: "There are only two things wrong with C++:  The initial concept and the implementation." (Bertrand Meyer)

    :-) GROMACS - gmx mdrun, 2023.2-EasyBuild_4.9.0_PLUMED_2.9.0.GMX2023 (-:

Executable:   /sw/arch/RHEL8/EB_production/2023/software/GROMACS/2023.2-foss-2023a-PLUMED-2.9.0.GMX2023/bin/gmx
Data prefix:  /sw/arch/RHEL8/EB_production/2023/software/GROMACS/2023.2-foss-2023a-PLUMED-2.9.0.GMX2023
Working dir:  /gpfs/home1/ekempkes/adipep_umbrella_grid_superfast/result_GRID20649832
Command line:
  gmx mdrun -s simulations_essentials/md.tpr -plumed Colvars/plumed_-3.142_-0.628.dat -nsteps 10000 -x Colvars/traj_-3.142_-0.628.xtc


Back Off! I just backed up md.log to ./#md.log.1#
Reading file simulations_essentials/md.tpr, VERSION 2022.5-plumed_2.9.3 (single precision)
Note: file tpx version 127, software tpx version 129

NOTE: Parallelization is limited by the small number of atoms,
      only starting 1 thread-MPI ranks.
      You can use the -nt and/or -ntmpi option to optimize the number of threads.

Overriding nsteps with value passed on the command line: 10000 steps, 20 ps

comm-mode angular will give incorrect results when the comm group partially crosses a periodic boundary
Using 1 MPI thread

Non-default thread affinity set, disabling internal thread affinity

Using 1 OpenMP thread 


Back Off! I just backed up Colvars/traj_-3.142_-0.628.xtc to Colvars/#traj_-3.142_-0.628.xtc.1#

Back Off! I just backed up traj.trr to ./#traj.trr.1#

Back Off! I just backed up ener.edr to ./#ener.edr.1#
starting mdrun 'Generated by trjconv : Generated by trjconv : Alanine in vacuum in water t= 4500.00000'
10000 steps,     20.0 ps.

Writing final coordinates.

Back Off! I just backed up confout.gro to ./#confout.gro.1#

               Core t (s)   Wall t (s)        (%)
       Time:        2.059        2.059      100.0
                 (ns/day)    (hour/ns)
Performance:      839.415        0.029

GROMACS reminds you: "Proceed, With Fingers Crossed" (TeX)

    :-) GROMACS - gmx mdrun, 2023.2-EasyBuild_4.9.0_PLUMED_2.9.0.GMX2023 (-:

Executable:   /sw/arch/RHEL8/EB_production/2023/software/GROMACS/2023.2-foss-2023a-PLUMED-2.9.0.GMX2023/bin/gmx
Data prefix:  /sw/arch/RHEL8/EB_production/2023/software/GROMACS/2023.2-foss-2023a-PLUMED-2.9.0.GMX2023
Working dir:  /gpfs/home1/ekempkes/adipep_umbrella_grid_superfast/result_GRID20649832
Command line:
  gmx mdrun -s simulations_essentials/md.tpr -plumed Colvars/plumed_-3.142_0.000.dat -nsteps 10000 -x Colvars/traj_-3.142_0.000.xtc


Back Off! I just backed up md.log to ./#md.log.1#
Reading file simulations_essentials/md.tpr, VERSION 2022.5-plumed_2.9.3 (single precision)
Note: file tpx version 127, software tpx version 129

NOTE: Parallelization is limited by the small number of atoms,
      only starting 1 thread-MPI ranks.
      You can use the -nt and/or -ntmpi option to optimize the number of threads.

Overriding nsteps with value passed on the command line: 10000 steps, 20 ps

comm-mode angular will give incorrect results when the comm group partially crosses a periodic boundary
Using 1 MPI thread

Non-default thread affinity set, disabling internal thread affinity

Using 1 OpenMP thread 


Back Off! I just backed up Colvars/traj_-3.142_0.000.xtc to Colvars/#traj_-3.142_0.000.xtc.4#

Back Off! I just backed up traj.trr to ./#traj.trr.1#

Back Off! I just backed up ener.edr to ./#ener.edr.1#
starting mdrun 'Generated by trjconv : Generated by trjconv : Alanine in vacuum in water t= 4500.00000'
10000 steps,     20.0 ps.

Writing final coordinates.

Back Off! I just backed up confout.gro to ./#confout.gro.1#

               Core t (s)   Wall t (s)        (%)
       Time:        2.041        2.041      100.0
                 (ns/day)    (hour/ns)
Performance:      846.720        0.028

GROMACS reminds you: "#define QUESTION ((bb),| !(bb))" (William Shakespeare)

    :-) GROMACS - gmx mdrun, 2023.2-EasyBuild_4.9.0_PLUMED_2.9.0.GMX2023 (-:

Executable:   /sw/arch/RHEL8/EB_production/2023/software/GROMACS/2023.2-foss-2023a-PLUMED-2.9.0.GMX2023/bin/gmx
Data prefix:  /sw/arch/RHEL8/EB_production/2023/software/GROMACS/2023.2-foss-2023a-PLUMED-2.9.0.GMX2023
Working dir:  /gpfs/home1/ekempkes/adipep_umbrella_grid_superfast/result_GRID20649832
Command line:
  gmx mdrun -s simulations_essentials/md.tpr -plumed Colvars/plumed_-3.142_0.628.dat -nsteps 10000 -x Colvars/traj_-3.142_0.628.xtc


Back Off! I just backed up md.log to ./#md.log.1#
Reading file simulations_essentials/md.tpr, VERSION 2022.5-plumed_2.9.3 (single precision)
Note: file tpx version 127, software tpx version 129

NOTE: Parallelization is limited by the small number of atoms,
      only starting 1 thread-MPI ranks.
      You can use the -nt and/or -ntmpi option to optimize the number of threads.

Overriding nsteps with value passed on the command line: 10000 steps, 20 ps

comm-mode angular will give incorrect results when the comm group partially crosses a periodic boundary
Using 1 MPI thread

Non-default thread affinity set, disabling internal thread affinity

Using 1 OpenMP thread 


Back Off! I just backed up Colvars/traj_-3.142_0.628.xtc to Colvars/#traj_-3.142_0.628.xtc.1#

Back Off! I just backed up traj.trr to ./#traj.trr.1#

Back Off! I just backed up ener.edr to ./#ener.edr.1#
starting mdrun 'Generated by trjconv : Generated by trjconv : Alanine in vacuum in water t= 4500.00000'
10000 steps,     20.0 ps.

Writing final coordinates.

Back Off! I just backed up confout.gro to ./#confout.gro.1#

               Core t (s)   Wall t (s)        (%)
       Time:        2.019        2.019      100.0
                 (ns/day)    (hour/ns)
Performance:      855.804        0.028

GROMACS reminds you: "Hang On to Your Ego" (F. Black)

    :-) GROMACS - gmx mdrun, 2023.2-EasyBuild_4.9.0_PLUMED_2.9.0.GMX2023 (-:

Executable:   /sw/arch/RHEL8/EB_production/2023/software/GROMACS/2023.2-foss-2023a-PLUMED-2.9.0.GMX2023/bin/gmx
Data prefix:  /sw/arch/RHEL8/EB_production/2023/software/GROMACS/2023.2-foss-2023a-PLUMED-2.9.0.GMX2023
Working dir:  /gpfs/home1/ekempkes/adipep_umbrella_grid_superfast/result_GRID20649832
Command line:
  gmx mdrun -s simulations_essentials/md.tpr -plumed Colvars/plumed_-3.142_1.257.dat -nsteps 10000 -x Colvars/traj_-3.142_1.257.xtc


Back Off! I just backed up md.log to ./#md.log.1#
Reading file simulations_essentials/md.tpr, VERSION 2022.5-plumed_2.9.3 (single precision)
Note: file tpx version 127, software tpx version 129

NOTE: Parallelization is limited by the small number of atoms,
      only starting 1 thread-MPI ranks.
      You can use the -nt and/or -ntmpi option to optimize the number of threads.

Overriding nsteps with value passed on the command line: 10000 steps, 20 ps

comm-mode angular will give incorrect results when the comm group partially crosses a periodic boundary
Using 1 MPI thread

Non-default thread affinity set, disabling internal thread affinity

Using 1 OpenMP thread 


Back Off! I just backed up traj.trr to ./#traj.trr.1#

Back Off! I just backed up ener.edr to ./#ener.edr.1#
starting mdrun 'Generated by trjconv : Generated by trjconv : Alanine in vacuum in water t= 4500.00000'
10000 steps,     20.0 ps.

Writing final coordinates.

Back Off! I just backed up confout.gro to ./#confout.gro.1#

               Core t (s)   Wall t (s)        (%)
       Time:        2.036        2.036      100.0
                 (ns/day)    (hour/ns)
Performance:      848.825        0.028

GROMACS reminds you: "Forcefields are like dating; things go fine for a while and then sometimes it goes really bad." (Alex MacKerell)

    :-) GROMACS - gmx mdrun, 2023.2-EasyBuild_4.9.0_PLUMED_2.9.0.GMX2023 (-:

Executable:   /sw/arch/RHEL8/EB_production/2023/software/GROMACS/2023.2-foss-2023a-PLUMED-2.9.0.GMX2023/bin/gmx
Data prefix:  /sw/arch/RHEL8/EB_production/2023/software/GROMACS/2023.2-foss-2023a-PLUMED-2.9.0.GMX2023
Working dir:  /gpfs/home1/ekempkes/adipep_umbrella_grid_superfast/result_GRID20649832
Command line:
  gmx mdrun -s simulations_essentials/md.tpr -plumed Colvars/plumed_-3.142_1.885.dat -nsteps 10000 -x Colvars/traj_-3.142_1.885.xtc


Back Off! I just backed up md.log to ./#md.log.1#
Reading file simulations_essentials/md.tpr, VERSION 2022.5-plumed_2.9.3 (single precision)
Note: file tpx version 127, software tpx version 129

NOTE: Parallelization is limited by the small number of atoms,
      only starting 1 thread-MPI ranks.
      You can use the -nt and/or -ntmpi option to optimize the number of threads.

Overriding nsteps with value passed on the command line: 10000 steps, 20 ps

comm-mode angular will give incorrect results when the comm group partially crosses a periodic boundary
Using 1 MPI thread

Non-default thread affinity set, disabling internal thread affinity

Using 1 OpenMP thread 


Back Off! I just backed up Colvars/traj_-3.142_1.885.xtc to Colvars/#traj_-3.142_1.885.xtc.1#

Back Off! I just backed up traj.trr to ./#traj.trr.1#

Back Off! I just backed up ener.edr to ./#ener.edr.1#
starting mdrun 'Generated by trjconv : Generated by trjconv : Alanine in vacuum in water t= 4500.00000'
10000 steps,     20.0 ps.

Writing final coordinates.

Back Off! I just backed up confout.gro to ./#confout.gro.1#

               Core t (s)   Wall t (s)        (%)
       Time:        2.060        2.060      100.0
                 (ns/day)    (hour/ns)
Performance:      838.745        0.029

GROMACS reminds you: "Dreams seldom materialize on their own." (Dian Fossey)

    :-) GROMACS - gmx mdrun, 2023.2-EasyBuild_4.9.0_PLUMED_2.9.0.GMX2023 (-:

Executable:   /sw/arch/RHEL8/EB_production/2023/software/GROMACS/2023.2-foss-2023a-PLUMED-2.9.0.GMX2023/bin/gmx
Data prefix:  /sw/arch/RHEL8/EB_production/2023/software/GROMACS/2023.2-foss-2023a-PLUMED-2.9.0.GMX2023
Working dir:  /gpfs/home1/ekempkes/adipep_umbrella_grid_superfast/result_GRID20649832
Command line:
  gmx mdrun -s simulations_essentials/md.tpr -plumed Colvars/plumed_-3.142_2.513.dat -nsteps 10000 -x Colvars/traj_-3.142_2.513.xtc


Back Off! I just backed up md.log to ./#md.log.1#
Reading file simulations_essentials/md.tpr, VERSION 2022.5-plumed_2.9.3 (single precision)
Note: file tpx version 127, software tpx version 129

NOTE: Parallelization is limited by the small number of atoms,
      only starting 1 thread-MPI ranks.
      You can use the -nt and/or -ntmpi option to optimize the number of threads.

Overriding nsteps with value passed on the command line: 10000 steps, 20 ps

comm-mode angular will give incorrect results when the comm group partially crosses a periodic boundary
Using 1 MPI thread

Non-default thread affinity set, disabling internal thread affinity

Using 1 OpenMP thread 


Back Off! I just backed up traj.trr to ./#traj.trr.1#

Back Off! I just backed up ener.edr to ./#ener.edr.1#
starting mdrun 'Generated by trjconv : Generated by trjconv : Alanine in vacuum in water t= 4500.00000'
10000 steps,     20.0 ps.

Writing final coordinates.

Back Off! I just backed up confout.gro to ./#confout.gro.1#

               Core t (s)   Wall t (s)        (%)
       Time:        2.063        2.063      100.0
                 (ns/day)    (hour/ns)
Performance:      837.621        0.029

GROMACS reminds you: "What you do makes a difference, and you have to decide what kind of difference you want to make." (Jane Goodall)

    :-) GROMACS - gmx mdrun, 2023.2-EasyBuild_4.9.0_PLUMED_2.9.0.GMX2023 (-:

Executable:   /sw/arch/RHEL8/EB_production/2023/software/GROMACS/2023.2-foss-2023a-PLUMED-2.9.0.GMX2023/bin/gmx
Data prefix:  /sw/arch/RHEL8/EB_production/2023/software/GROMACS/2023.2-foss-2023a-PLUMED-2.9.0.GMX2023
Working dir:  /gpfs/home1/ekempkes/adipep_umbrella_grid_superfast/result_GRID20649832
Command line:
  gmx mdrun -s simulations_essentials/md.tpr -plumed Colvars/plumed_-2.513_-3.142.dat -nsteps 10000 -x Colvars/traj_-2.513_-3.142.xtc


Back Off! I just backed up md.log to ./#md.log.1#
Reading file simulations_essentials/md.tpr, VERSION 2022.5-plumed_2.9.3 (single precision)
Note: file tpx version 127, software tpx version 129

NOTE: Parallelization is limited by the small number of atoms,
      only starting 1 thread-MPI ranks.
      You can use the -nt and/or -ntmpi option to optimize the number of threads.

Overriding nsteps with value passed on the command line: 10000 steps, 20 ps

comm-mode angular will give incorrect results when the comm group partially crosses a periodic boundary
Using 1 MPI thread

Non-default thread affinity set, disabling internal thread affinity

Using 1 OpenMP thread 


Back Off! I just backed up traj.trr to ./#traj.trr.1#

Back Off! I just backed up ener.edr to ./#ener.edr.1#
starting mdrun 'Generated by trjconv : Generated by trjconv : Alanine in vacuum in water t= 4500.00000'
10000 steps,     20.0 ps.

Writing final coordinates.

Back Off! I just backed up confout.gro to ./#confout.gro.1#

               Core t (s)   Wall t (s)        (%)
       Time:        2.055        2.055      100.0
                 (ns/day)    (hour/ns)
Performance:      841.074        0.029

GROMACS reminds you: "Nobody ever complained a seminar was too easy to understand." (Ken Dill)

    :-) GROMACS - gmx mdrun, 2023.2-EasyBuild_4.9.0_PLUMED_2.9.0.GMX2023 (-:

Executable:   /sw/arch/RHEL8/EB_production/2023/software/GROMACS/2023.2-foss-2023a-PLUMED-2.9.0.GMX2023/bin/gmx
Data prefix:  /sw/arch/RHEL8/EB_production/2023/software/GROMACS/2023.2-foss-2023a-PLUMED-2.9.0.GMX2023
Working dir:  /gpfs/home1/ekempkes/adipep_umbrella_grid_superfast/result_GRID20649832
Command line:
  gmx mdrun -s simulations_essentials/md.tpr -plumed Colvars/plumed_-2.513_-2.513.dat -nsteps 10000 -x Colvars/traj_-2.513_-2.513.xtc


Back Off! I just backed up md.log to ./#md.log.1#
Reading file simulations_essentials/md.tpr, VERSION 2022.5-plumed_2.9.3 (single precision)
Note: file tpx version 127, software tpx version 129

NOTE: Parallelization is limited by the small number of atoms,
      only starting 1 thread-MPI ranks.
      You can use the -nt and/or -ntmpi option to optimize the number of threads.

Overriding nsteps with value passed on the command line: 10000 steps, 20 ps

comm-mode angular will give incorrect results when the comm group partially crosses a periodic boundary
Using 1 MPI thread

Non-default thread affinity set, disabling internal thread affinity

Using 1 OpenMP thread 


Back Off! I just backed up traj.trr to ./#traj.trr.1#

Back Off! I just backed up ener.edr to ./#ener.edr.1#
starting mdrun 'Generated by trjconv : Generated by trjconv : Alanine in vacuum in water t= 4500.00000'
10000 steps,     20.0 ps.

Writing final coordinates.

Back Off! I just backed up confout.gro to ./#confout.gro.1#

               Core t (s)   Wall t (s)        (%)
       Time:        2.043        2.043      100.0
                 (ns/day)    (hour/ns)
Performance:      845.723        0.028

GROMACS reminds you: "Sie haben also recht gehabt, Sie Spitzbube. [You were right after all, you rascal.]" (Albert Einstein (letter to Wolfgang Pauli))

    :-) GROMACS - gmx mdrun, 2023.2-EasyBuild_4.9.0_PLUMED_2.9.0.GMX2023 (-:

Executable:   /sw/arch/RHEL8/EB_production/2023/software/GROMACS/2023.2-foss-2023a-PLUMED-2.9.0.GMX2023/bin/gmx
Data prefix:  /sw/arch/RHEL8/EB_production/2023/software/GROMACS/2023.2-foss-2023a-PLUMED-2.9.0.GMX2023
Working dir:  /gpfs/home1/ekempkes/adipep_umbrella_grid_superfast/result_GRID20649832
Command line:
  gmx mdrun -s simulations_essentials/md.tpr -plumed Colvars/plumed_-2.513_-1.885.dat -nsteps 10000 -x Colvars/traj_-2.513_-1.885.xtc


Back Off! I just backed up md.log to ./#md.log.1#
Reading file simulations_essentials/md.tpr, VERSION 2022.5-plumed_2.9.3 (single precision)
Note: file tpx version 127, software tpx version 129

NOTE: Parallelization is limited by the small number of atoms,
      only starting 1 thread-MPI ranks.
      You can use the -nt and/or -ntmpi option to optimize the number of threads.

Overriding nsteps with value passed on the command line: 10000 steps, 20 ps

comm-mode angular will give incorrect results when the comm group partially crosses a periodic boundary
Using 1 MPI thread

Non-default thread affinity set, disabling internal thread affinity

Using 1 OpenMP thread 


Back Off! I just backed up traj.trr to ./#traj.trr.1#

Back Off! I just backed up ener.edr to ./#ener.edr.1#
starting mdrun 'Generated by trjconv : Generated by trjconv : Alanine in vacuum in water t= 4500.00000'
10000 steps,     20.0 ps.

Writing final coordinates.

Back Off! I just backed up confout.gro to ./#confout.gro.1#

               Core t (s)   Wall t (s)        (%)
       Time:        2.017        2.017      100.0
                 (ns/day)    (hour/ns)
Performance:      856.608        0.028

GROMACS reminds you: "I'm Not Gonna Die Here !" (Sphere)

    :-) GROMACS - gmx mdrun, 2023.2-EasyBuild_4.9.0_PLUMED_2.9.0.GMX2023 (-:

Executable:   /sw/arch/RHEL8/EB_production/2023/software/GROMACS/2023.2-foss-2023a-PLUMED-2.9.0.GMX2023/bin/gmx
Data prefix:  /sw/arch/RHEL8/EB_production/2023/software/GROMACS/2023.2-foss-2023a-PLUMED-2.9.0.GMX2023
Working dir:  /gpfs/home1/ekempkes/adipep_umbrella_grid_superfast/result_GRID20649832
Command line:
  gmx mdrun -s simulations_essentials/md.tpr -plumed Colvars/plumed_-2.513_-1.257.dat -nsteps 10000 -x Colvars/traj_-2.513_-1.257.xtc


Back Off! I just backed up md.log to ./#md.log.1#
Reading file simulations_essentials/md.tpr, VERSION 2022.5-plumed_2.9.3 (single precision)
Note: file tpx version 127, software tpx version 129

NOTE: Parallelization is limited by the small number of atoms,
      only starting 1 thread-MPI ranks.
      You can use the -nt and/or -ntmpi option to optimize the number of threads.

Overriding nsteps with value passed on the command line: 10000 steps, 20 ps

comm-mode angular will give incorrect results when the comm group partially crosses a periodic boundary
Using 1 MPI thread

Non-default thread affinity set, disabling internal thread affinity

Using 1 OpenMP thread 


Back Off! I just backed up traj.trr to ./#traj.trr.1#

Back Off! I just backed up ener.edr to ./#ener.edr.1#
starting mdrun 'Generated by trjconv : Generated by trjconv : Alanine in vacuum in water t= 4500.00000'
10000 steps,     20.0 ps.

Writing final coordinates.

Back Off! I just backed up confout.gro to ./#confout.gro.1#

               Core t (s)   Wall t (s)        (%)
       Time:        2.024        2.024      100.0
                 (ns/day)    (hour/ns)
Performance:      853.722        0.028

GROMACS reminds you: "Don't Eat That Yellow Snow" (F. Zappa)

    :-) GROMACS - gmx mdrun, 2023.2-EasyBuild_4.9.0_PLUMED_2.9.0.GMX2023 (-:

Executable:   /sw/arch/RHEL8/EB_production/2023/software/GROMACS/2023.2-foss-2023a-PLUMED-2.9.0.GMX2023/bin/gmx
Data prefix:  /sw/arch/RHEL8/EB_production/2023/software/GROMACS/2023.2-foss-2023a-PLUMED-2.9.0.GMX2023
Working dir:  /gpfs/home1/ekempkes/adipep_umbrella_grid_superfast/result_GRID20649832
Command line:
  gmx mdrun -s simulations_essentials/md.tpr -plumed Colvars/plumed_-2.513_-0.628.dat -nsteps 10000 -x Colvars/traj_-2.513_-0.628.xtc


Back Off! I just backed up md.log to ./#md.log.1#
Reading file simulations_essentials/md.tpr, VERSION 2022.5-plumed_2.9.3 (single precision)
Note: file tpx version 127, software tpx version 129

NOTE: Parallelization is limited by the small number of atoms,
      only starting 1 thread-MPI ranks.
      You can use the -nt and/or -ntmpi option to optimize the number of threads.

Overriding nsteps with value passed on the command line: 10000 steps, 20 ps

comm-mode angular will give incorrect results when the comm group partially crosses a periodic boundary
Using 1 MPI thread

Non-default thread affinity set, disabling internal thread affinity

Using 1 OpenMP thread 


Back Off! I just backed up traj.trr to ./#traj.trr.1#

Back Off! I just backed up ener.edr to ./#ener.edr.1#
starting mdrun 'Generated by trjconv : Generated by trjconv : Alanine in vacuum in water t= 4500.00000'
10000 steps,     20.0 ps.

Writing final coordinates.

Back Off! I just backed up confout.gro to ./#confout.gro.1#

               Core t (s)   Wall t (s)        (%)
       Time:        2.077        2.077      100.0
                 (ns/day)    (hour/ns)
Performance:      832.206        0.029

GROMACS reminds you: "I have noticed a large, negative correlation between having a well-defined mission workload and concern for the Top500. It's almost like LINPACK is what you focus on when you don't know what to focus on." (Jeff Hammond)

    :-) GROMACS - gmx mdrun, 2023.2-EasyBuild_4.9.0_PLUMED_2.9.0.GMX2023 (-:

Executable:   /sw/arch/RHEL8/EB_production/2023/software/GROMACS/2023.2-foss-2023a-PLUMED-2.9.0.GMX2023/bin/gmx
Data prefix:  /sw/arch/RHEL8/EB_production/2023/software/GROMACS/2023.2-foss-2023a-PLUMED-2.9.0.GMX2023
Working dir:  /gpfs/home1/ekempkes/adipep_umbrella_grid_superfast/result_GRID20649832
Command line:
  gmx mdrun -s simulations_essentials/md.tpr -plumed Colvars/plumed_-2.513_0.000.dat -nsteps 10000 -x Colvars/traj_-2.513_0.000.xtc


Back Off! I just backed up md.log to ./#md.log.1#
Reading file simulations_essentials/md.tpr, VERSION 2022.5-plumed_2.9.3 (single precision)
Note: file tpx version 127, software tpx version 129

NOTE: Parallelization is limited by the small number of atoms,
      only starting 1 thread-MPI ranks.
      You can use the -nt and/or -ntmpi option to optimize the number of threads.

Overriding nsteps with value passed on the command line: 10000 steps, 20 ps

comm-mode angular will give incorrect results when the comm group partially crosses a periodic boundary
Using 1 MPI thread

Non-default thread affinity set, disabling internal thread affinity

Using 1 OpenMP thread 


Back Off! I just backed up traj.trr to ./#traj.trr.1#

Back Off! I just backed up ener.edr to ./#ener.edr.1#
starting mdrun 'Generated by trjconv : Generated by trjconv : Alanine in vacuum in water t= 4500.00000'
10000 steps,     20.0 ps.

Writing final coordinates.

Back Off! I just backed up confout.gro to ./#confout.gro.1#

               Core t (s)   Wall t (s)        (%)
       Time:        2.041        2.041      100.0
                 (ns/day)    (hour/ns)
Performance:      846.771        0.028

GROMACS reminds you: "Give someone a program, you frustrate them for a day; teach them how to program, you frustrate them for a lifetime." (David Leinweber)

    :-) GROMACS - gmx mdrun, 2023.2-EasyBuild_4.9.0_PLUMED_2.9.0.GMX2023 (-:

Executable:   /sw/arch/RHEL8/EB_production/2023/software/GROMACS/2023.2-foss-2023a-PLUMED-2.9.0.GMX2023/bin/gmx
Data prefix:  /sw/arch/RHEL8/EB_production/2023/software/GROMACS/2023.2-foss-2023a-PLUMED-2.9.0.GMX2023
Working dir:  /gpfs/home1/ekempkes/adipep_umbrella_grid_superfast/result_GRID20649832
Command line:
  gmx mdrun -s simulations_essentials/md.tpr -plumed Colvars/plumed_-2.513_0.628.dat -nsteps 10000 -x Colvars/traj_-2.513_0.628.xtc


Back Off! I just backed up md.log to ./#md.log.1#
Reading file simulations_essentials/md.tpr, VERSION 2022.5-plumed_2.9.3 (single precision)
Note: file tpx version 127, software tpx version 129

NOTE: Parallelization is limited by the small number of atoms,
      only starting 1 thread-MPI ranks.
      You can use the -nt and/or -ntmpi option to optimize the number of threads.

Overriding nsteps with value passed on the command line: 10000 steps, 20 ps

comm-mode angular will give incorrect results when the comm group partially crosses a periodic boundary
Using 1 MPI thread

Non-default thread affinity set, disabling internal thread affinity

Using 1 OpenMP thread 


Back Off! I just backed up traj.trr to ./#traj.trr.1#

Back Off! I just backed up ener.edr to ./#ener.edr.1#
starting mdrun 'Generated by trjconv : Generated by trjconv : Alanine in vacuum in water t= 4500.00000'
10000 steps,     20.0 ps.

Writing final coordinates.

Back Off! I just backed up confout.gro to ./#confout.gro.1#

               Core t (s)   Wall t (s)        (%)
       Time:        2.094        2.094      100.0
                 (ns/day)    (hour/ns)
Performance:      825.137        0.029

GROMACS reminds you: "Science... never solves a problem without creating ten more." (George Bernard Shaw)

    :-) GROMACS - gmx mdrun, 2023.2-EasyBuild_4.9.0_PLUMED_2.9.0.GMX2023 (-:

Executable:   /sw/arch/RHEL8/EB_production/2023/software/GROMACS/2023.2-foss-2023a-PLUMED-2.9.0.GMX2023/bin/gmx
Data prefix:  /sw/arch/RHEL8/EB_production/2023/software/GROMACS/2023.2-foss-2023a-PLUMED-2.9.0.GMX2023
Working dir:  /gpfs/home1/ekempkes/adipep_umbrella_grid_superfast/result_GRID20649832
Command line:
  gmx mdrun -s simulations_essentials/md.tpr -plumed Colvars/plumed_-2.513_1.257.dat -nsteps 10000 -x Colvars/traj_-2.513_1.257.xtc


Back Off! I just backed up md.log to ./#md.log.1#
Reading file simulations_essentials/md.tpr, VERSION 2022.5-plumed_2.9.3 (single precision)
Note: file tpx version 127, software tpx version 129

NOTE: Parallelization is limited by the small number of atoms,
      only starting 1 thread-MPI ranks.
      You can use the -nt and/or -ntmpi option to optimize the number of threads.

Overriding nsteps with value passed on the command line: 10000 steps, 20 ps

comm-mode angular will give incorrect results when the comm group partially crosses a periodic boundary
Using 1 MPI thread

Non-default thread affinity set, disabling internal thread affinity

Using 1 OpenMP thread 


Back Off! I just backed up traj.trr to ./#traj.trr.1#

Back Off! I just backed up ener.edr to ./#ener.edr.1#
starting mdrun 'Generated by trjconv : Generated by trjconv : Alanine in vacuum in water t= 4500.00000'
10000 steps,     20.0 ps.

Writing final coordinates.

Back Off! I just backed up confout.gro to ./#confout.gro.1#

               Core t (s)   Wall t (s)        (%)
       Time:        2.019        2.019      100.0
                 (ns/day)    (hour/ns)
Performance:      855.966        0.028

GROMACS reminds you: "Hey, it's me - Pandora. Welcome to my new unboxing video!" (Anonymous)

    :-) GROMACS - gmx mdrun, 2023.2-EasyBuild_4.9.0_PLUMED_2.9.0.GMX2023 (-:

Executable:   /sw/arch/RHEL8/EB_production/2023/software/GROMACS/2023.2-foss-2023a-PLUMED-2.9.0.GMX2023/bin/gmx
Data prefix:  /sw/arch/RHEL8/EB_production/2023/software/GROMACS/2023.2-foss-2023a-PLUMED-2.9.0.GMX2023
Working dir:  /gpfs/home1/ekempkes/adipep_umbrella_grid_superfast/result_GRID20649832
Command line:
  gmx mdrun -s simulations_essentials/md.tpr -plumed Colvars/plumed_-2.513_1.885.dat -nsteps 10000 -x Colvars/traj_-2.513_1.885.xtc


Back Off! I just backed up md.log to ./#md.log.1#
Reading file simulations_essentials/md.tpr, VERSION 2022.5-plumed_2.9.3 (single precision)
Note: file tpx version 127, software tpx version 129

NOTE: Parallelization is limited by the small number of atoms,
      only starting 1 thread-MPI ranks.
      You can use the -nt and/or -ntmpi option to optimize the number of threads.

Overriding nsteps with value passed on the command line: 10000 steps, 20 ps

comm-mode angular will give incorrect results when the comm group partially crosses a periodic boundary
Using 1 MPI thread

Non-default thread affinity set, disabling internal thread affinity

Using 1 OpenMP thread 


Back Off! I just backed up traj.trr to ./#traj.trr.1#

Back Off! I just backed up ener.edr to ./#ener.edr.1#
starting mdrun 'Generated by trjconv : Generated by trjconv : Alanine in vacuum in water t= 4500.00000'
10000 steps,     20.0 ps.

Writing final coordinates.

Back Off! I just backed up confout.gro to ./#confout.gro.1#

               Core t (s)   Wall t (s)        (%)
       Time:        2.012        2.012      100.0
                 (ns/day)    (hour/ns)
Performance:      858.872        0.028

GROMACS reminds you: "If mathematical analysis should ever hold a prominent place in chemistry - an aberration which is happily almost impossible - it would occasion a rapid and widespread degeneration of that science." (Aguste Comte, 1830)

    :-) GROMACS - gmx mdrun, 2023.2-EasyBuild_4.9.0_PLUMED_2.9.0.GMX2023 (-:

Executable:   /sw/arch/RHEL8/EB_production/2023/software/GROMACS/2023.2-foss-2023a-PLUMED-2.9.0.GMX2023/bin/gmx
Data prefix:  /sw/arch/RHEL8/EB_production/2023/software/GROMACS/2023.2-foss-2023a-PLUMED-2.9.0.GMX2023
Working dir:  /gpfs/home1/ekempkes/adipep_umbrella_grid_superfast/result_GRID20649832
Command line:
  gmx mdrun -s simulations_essentials/md.tpr -plumed Colvars/plumed_-2.513_2.513.dat -nsteps 10000 -x Colvars/traj_-2.513_2.513.xtc


Back Off! I just backed up md.log to ./#md.log.1#
Reading file simulations_essentials/md.tpr, VERSION 2022.5-plumed_2.9.3 (single precision)
Note: file tpx version 127, software tpx version 129

NOTE: Parallelization is limited by the small number of atoms,
      only starting 1 thread-MPI ranks.
      You can use the -nt and/or -ntmpi option to optimize the number of threads.

Overriding nsteps with value passed on the command line: 10000 steps, 20 ps

comm-mode angular will give incorrect results when the comm group partially crosses a periodic boundary
Using 1 MPI thread

Non-default thread affinity set, disabling internal thread affinity

Using 1 OpenMP thread 


Back Off! I just backed up traj.trr to ./#traj.trr.1#

Back Off! I just backed up ener.edr to ./#ener.edr.1#
starting mdrun 'Generated by trjconv : Generated by trjconv : Alanine in vacuum in water t= 4500.00000'
10000 steps,     20.0 ps.

Writing final coordinates.

Back Off! I just backed up confout.gro to ./#confout.gro.1#

               Core t (s)   Wall t (s)        (%)
       Time:        2.034        2.034      100.0
                 (ns/day)    (hour/ns)
Performance:      849.728        0.028

GROMACS reminds you: "It's easy to remember: a half a kT is equal to five fourths of a kJ/mol." (Anders Gabrielsson)

    :-) GROMACS - gmx mdrun, 2023.2-EasyBuild_4.9.0_PLUMED_2.9.0.GMX2023 (-:

Executable:   /sw/arch/RHEL8/EB_production/2023/software/GROMACS/2023.2-foss-2023a-PLUMED-2.9.0.GMX2023/bin/gmx
Data prefix:  /sw/arch/RHEL8/EB_production/2023/software/GROMACS/2023.2-foss-2023a-PLUMED-2.9.0.GMX2023
Working dir:  /gpfs/home1/ekempkes/adipep_umbrella_grid_superfast/result_GRID20649832
Command line:
  gmx mdrun -s simulations_essentials/md.tpr -plumed Colvars/plumed_-1.885_-3.142.dat -nsteps 10000 -x Colvars/traj_-1.885_-3.142.xtc


Back Off! I just backed up md.log to ./#md.log.1#
Reading file simulations_essentials/md.tpr, VERSION 2022.5-plumed_2.9.3 (single precision)
Note: file tpx version 127, software tpx version 129

NOTE: Parallelization is limited by the small number of atoms,
      only starting 1 thread-MPI ranks.
      You can use the -nt and/or -ntmpi option to optimize the number of threads.

Overriding nsteps with value passed on the command line: 10000 steps, 20 ps

comm-mode angular will give incorrect results when the comm group partially crosses a periodic boundary
Using 1 MPI thread

Non-default thread affinity set, disabling internal thread affinity

Using 1 OpenMP thread 


Back Off! I just backed up Colvars/traj_-1.885_-3.142.xtc to Colvars/#traj_-1.885_-3.142.xtc.1#

Back Off! I just backed up traj.trr to ./#traj.trr.1#

Back Off! I just backed up ener.edr to ./#ener.edr.1#
starting mdrun 'Generated by trjconv : Generated by trjconv : Alanine in vacuum in water t= 4500.00000'
10000 steps,     20.0 ps.

Writing final coordinates.

Back Off! I just backed up confout.gro to ./#confout.gro.1#

               Core t (s)   Wall t (s)        (%)
       Time:        2.035        2.035      100.0
                 (ns/day)    (hour/ns)
Performance:      849.230        0.028

GROMACS reminds you: "There's a limit to how many times you can read how great you are and what an inspiration you are, but I'm not there yet." (Randy Pausch)

    :-) GROMACS - gmx mdrun, 2023.2-EasyBuild_4.9.0_PLUMED_2.9.0.GMX2023 (-:

Executable:   /sw/arch/RHEL8/EB_production/2023/software/GROMACS/2023.2-foss-2023a-PLUMED-2.9.0.GMX2023/bin/gmx
Data prefix:  /sw/arch/RHEL8/EB_production/2023/software/GROMACS/2023.2-foss-2023a-PLUMED-2.9.0.GMX2023
Working dir:  /gpfs/home1/ekempkes/adipep_umbrella_grid_superfast/result_GRID20649832
Command line:
  gmx mdrun -s simulations_essentials/md.tpr -plumed Colvars/plumed_-1.885_-2.513.dat -nsteps 10000 -x Colvars/traj_-1.885_-2.513.xtc


Back Off! I just backed up md.log to ./#md.log.1#
Reading file simulations_essentials/md.tpr, VERSION 2022.5-plumed_2.9.3 (single precision)
Note: file tpx version 127, software tpx version 129

NOTE: Parallelization is limited by the small number of atoms,
      only starting 1 thread-MPI ranks.
      You can use the -nt and/or -ntmpi option to optimize the number of threads.

Overriding nsteps with value passed on the command line: 10000 steps, 20 ps

comm-mode angular will give incorrect results when the comm group partially crosses a periodic boundary
Using 1 MPI thread

Non-default thread affinity set, disabling internal thread affinity

Using 1 OpenMP thread 


Back Off! I just backed up traj.trr to ./#traj.trr.1#

Back Off! I just backed up ener.edr to ./#ener.edr.1#
starting mdrun 'Generated by trjconv : Generated by trjconv : Alanine in vacuum in water t= 4500.00000'
10000 steps,     20.0 ps.

Writing final coordinates.

Back Off! I just backed up confout.gro to ./#confout.gro.1#

               Core t (s)   Wall t (s)        (%)
       Time:        2.007        2.007      100.0
                 (ns/day)    (hour/ns)
Performance:      861.048        0.028

GROMACS reminds you: "Read me your scripture and I will twist it" (Red Hot Chili Peppers)

    :-) GROMACS - gmx mdrun, 2023.2-EasyBuild_4.9.0_PLUMED_2.9.0.GMX2023 (-:

Executable:   /sw/arch/RHEL8/EB_production/2023/software/GROMACS/2023.2-foss-2023a-PLUMED-2.9.0.GMX2023/bin/gmx
Data prefix:  /sw/arch/RHEL8/EB_production/2023/software/GROMACS/2023.2-foss-2023a-PLUMED-2.9.0.GMX2023
Working dir:  /gpfs/home1/ekempkes/adipep_umbrella_grid_superfast/result_GRID20649832
Command line:
  gmx mdrun -s simulations_essentials/md.tpr -plumed Colvars/plumed_-1.885_-1.885.dat -nsteps 10000 -x Colvars/traj_-1.885_-1.885.xtc


Back Off! I just backed up md.log to ./#md.log.1#
Reading file simulations_essentials/md.tpr, VERSION 2022.5-plumed_2.9.3 (single precision)
Note: file tpx version 127, software tpx version 129

NOTE: Parallelization is limited by the small number of atoms,
      only starting 1 thread-MPI ranks.
      You can use the -nt and/or -ntmpi option to optimize the number of threads.

Overriding nsteps with value passed on the command line: 10000 steps, 20 ps

comm-mode angular will give incorrect results when the comm group partially crosses a periodic boundary
Using 1 MPI thread

Non-default thread affinity set, disabling internal thread affinity

Using 1 OpenMP thread 


Back Off! I just backed up Colvars/traj_-1.885_-1.885.xtc to Colvars/#traj_-1.885_-1.885.xtc.1#

Back Off! I just backed up traj.trr to ./#traj.trr.1#

Back Off! I just backed up ener.edr to ./#ener.edr.1#
starting mdrun 'Generated by trjconv : Generated by trjconv : Alanine in vacuum in water t= 4500.00000'
10000 steps,     20.0 ps.

Writing final coordinates.

Back Off! I just backed up confout.gro to ./#confout.gro.1#

               Core t (s)   Wall t (s)        (%)
       Time:        2.017        2.017      100.0
                 (ns/day)    (hour/ns)
Performance:      856.678        0.028

GROMACS reminds you: "In science it often happens that scientists say, 'You know that's a really good argument; my position is mistaken,' and then they would actually change their minds and you never hear that old view from them again. They really do it. It doesn't happen as often as it should, because scientists are human and change is sometimes painful. But it happens every day. I cannot recall the last time something like that happened in politics or religion." (Carl Sagan)

    :-) GROMACS - gmx mdrun, 2023.2-EasyBuild_4.9.0_PLUMED_2.9.0.GMX2023 (-:

Executable:   /sw/arch/RHEL8/EB_production/2023/software/GROMACS/2023.2-foss-2023a-PLUMED-2.9.0.GMX2023/bin/gmx
Data prefix:  /sw/arch/RHEL8/EB_production/2023/software/GROMACS/2023.2-foss-2023a-PLUMED-2.9.0.GMX2023
Working dir:  /gpfs/home1/ekempkes/adipep_umbrella_grid_superfast/result_GRID20649832
Command line:
  gmx mdrun -s simulations_essentials/md.tpr -plumed Colvars/plumed_-1.885_-1.257.dat -nsteps 10000 -x Colvars/traj_-1.885_-1.257.xtc


Back Off! I just backed up md.log to ./#md.log.1#
Reading file simulations_essentials/md.tpr, VERSION 2022.5-plumed_2.9.3 (single precision)
Note: file tpx version 127, software tpx version 129

NOTE: Parallelization is limited by the small number of atoms,
      only starting 1 thread-MPI ranks.
      You can use the -nt and/or -ntmpi option to optimize the number of threads.

Overriding nsteps with value passed on the command line: 10000 steps, 20 ps

comm-mode angular will give incorrect results when the comm group partially crosses a periodic boundary
Using 1 MPI thread

Non-default thread affinity set, disabling internal thread affinity

Using 1 OpenMP thread 


Back Off! I just backed up traj.trr to ./#traj.trr.1#

Back Off! I just backed up ener.edr to ./#ener.edr.1#
starting mdrun 'Generated by trjconv : Generated by trjconv : Alanine in vacuum in water t= 4500.00000'
10000 steps,     20.0 ps.

Writing final coordinates.

Back Off! I just backed up confout.gro to ./#confout.gro.1#

               Core t (s)   Wall t (s)        (%)
       Time:        2.049        2.049      100.0
                 (ns/day)    (hour/ns)
Performance:      843.278        0.028

GROMACS reminds you: "Don't Eat That Yellow Snow" (F. Zappa)

    :-) GROMACS - gmx mdrun, 2023.2-EasyBuild_4.9.0_PLUMED_2.9.0.GMX2023 (-:

Executable:   /sw/arch/RHEL8/EB_production/2023/software/GROMACS/2023.2-foss-2023a-PLUMED-2.9.0.GMX2023/bin/gmx
Data prefix:  /sw/arch/RHEL8/EB_production/2023/software/GROMACS/2023.2-foss-2023a-PLUMED-2.9.0.GMX2023
Working dir:  /gpfs/home1/ekempkes/adipep_umbrella_grid_superfast/result_GRID20649832
Command line:
  gmx mdrun -s simulations_essentials/md.tpr -plumed Colvars/plumed_-1.885_-0.628.dat -nsteps 10000 -x Colvars/traj_-1.885_-0.628.xtc


Back Off! I just backed up md.log to ./#md.log.1#
Reading file simulations_essentials/md.tpr, VERSION 2022.5-plumed_2.9.3 (single precision)
Note: file tpx version 127, software tpx version 129

NOTE: Parallelization is limited by the small number of atoms,
      only starting 1 thread-MPI ranks.
      You can use the -nt and/or -ntmpi option to optimize the number of threads.

Overriding nsteps with value passed on the command line: 10000 steps, 20 ps

comm-mode angular will give incorrect results when the comm group partially crosses a periodic boundary
Using 1 MPI thread

Non-default thread affinity set, disabling internal thread affinity

Using 1 OpenMP thread 


Back Off! I just backed up Colvars/traj_-1.885_-0.628.xtc to Colvars/#traj_-1.885_-0.628.xtc.1#

Back Off! I just backed up traj.trr to ./#traj.trr.1#

Back Off! I just backed up ener.edr to ./#ener.edr.1#
starting mdrun 'Generated by trjconv : Generated by trjconv : Alanine in vacuum in water t= 4500.00000'
10000 steps,     20.0 ps.

Writing final coordinates.

Back Off! I just backed up confout.gro to ./#confout.gro.1#

               Core t (s)   Wall t (s)        (%)
       Time:        2.060        2.060      100.0
                 (ns/day)    (hour/ns)
Performance:      838.778        0.029

GROMACS reminds you: "We haven't the money, so we've got to think." (Ernest Rutherford)

    :-) GROMACS - gmx mdrun, 2023.2-EasyBuild_4.9.0_PLUMED_2.9.0.GMX2023 (-:

Executable:   /sw/arch/RHEL8/EB_production/2023/software/GROMACS/2023.2-foss-2023a-PLUMED-2.9.0.GMX2023/bin/gmx
Data prefix:  /sw/arch/RHEL8/EB_production/2023/software/GROMACS/2023.2-foss-2023a-PLUMED-2.9.0.GMX2023
Working dir:  /gpfs/home1/ekempkes/adipep_umbrella_grid_superfast/result_GRID20649832
Command line:
  gmx mdrun -s simulations_essentials/md.tpr -plumed Colvars/plumed_-1.885_0.000.dat -nsteps 10000 -x Colvars/traj_-1.885_0.000.xtc


Back Off! I just backed up md.log to ./#md.log.1#
Reading file simulations_essentials/md.tpr, VERSION 2022.5-plumed_2.9.3 (single precision)
Note: file tpx version 127, software tpx version 129

NOTE: Parallelization is limited by the small number of atoms,
      only starting 1 thread-MPI ranks.
      You can use the -nt and/or -ntmpi option to optimize the number of threads.

Overriding nsteps with value passed on the command line: 10000 steps, 20 ps

comm-mode angular will give incorrect results when the comm group partially crosses a periodic boundary
Using 1 MPI thread

Non-default thread affinity set, disabling internal thread affinity

Using 1 OpenMP thread 


Back Off! I just backed up traj.trr to ./#traj.trr.1#

Back Off! I just backed up ener.edr to ./#ener.edr.1#
starting mdrun 'Generated by trjconv : Generated by trjconv : Alanine in vacuum in water t= 4500.00000'
10000 steps,     20.0 ps.

Writing final coordinates.

Back Off! I just backed up confout.gro to ./#confout.gro.1#

               Core t (s)   Wall t (s)        (%)
       Time:        2.040        2.040      100.0
                 (ns/day)    (hour/ns)
Performance:      847.137        0.028

GROMACS reminds you: "Like what you do, and then you will do your best." (Katherine Johnson)

    :-) GROMACS - gmx mdrun, 2023.2-EasyBuild_4.9.0_PLUMED_2.9.0.GMX2023 (-:

Executable:   /sw/arch/RHEL8/EB_production/2023/software/GROMACS/2023.2-foss-2023a-PLUMED-2.9.0.GMX2023/bin/gmx
Data prefix:  /sw/arch/RHEL8/EB_production/2023/software/GROMACS/2023.2-foss-2023a-PLUMED-2.9.0.GMX2023
Working dir:  /gpfs/home1/ekempkes/adipep_umbrella_grid_superfast/result_GRID20649832
Command line:
  gmx mdrun -s simulations_essentials/md.tpr -plumed Colvars/plumed_-1.885_0.628.dat -nsteps 10000 -x Colvars/traj_-1.885_0.628.xtc


Back Off! I just backed up md.log to ./#md.log.1#
Reading file simulations_essentials/md.tpr, VERSION 2022.5-plumed_2.9.3 (single precision)
Note: file tpx version 127, software tpx version 129

NOTE: Parallelization is limited by the small number of atoms,
      only starting 1 thread-MPI ranks.
      You can use the -nt and/or -ntmpi option to optimize the number of threads.

Overriding nsteps with value passed on the command line: 10000 steps, 20 ps

comm-mode angular will give incorrect results when the comm group partially crosses a periodic boundary
Using 1 MPI thread

Non-default thread affinity set, disabling internal thread affinity

Using 1 OpenMP thread 


Back Off! I just backed up Colvars/traj_-1.885_0.628.xtc to Colvars/#traj_-1.885_0.628.xtc.1#

Back Off! I just backed up traj.trr to ./#traj.trr.1#

Back Off! I just backed up ener.edr to ./#ener.edr.1#
starting mdrun 'Generated by trjconv : Generated by trjconv : Alanine in vacuum in water t= 4500.00000'
10000 steps,     20.0 ps.

Writing final coordinates.

Back Off! I just backed up confout.gro to ./#confout.gro.1#

               Core t (s)   Wall t (s)        (%)
       Time:        2.005        2.005      100.0
                 (ns/day)    (hour/ns)
Performance:      861.934        0.028

GROMACS reminds you: "Never attribute to malice that which can be adequately explained by stupidity." (Robert Hanlon)

    :-) GROMACS - gmx mdrun, 2023.2-EasyBuild_4.9.0_PLUMED_2.9.0.GMX2023 (-:

Executable:   /sw/arch/RHEL8/EB_production/2023/software/GROMACS/2023.2-foss-2023a-PLUMED-2.9.0.GMX2023/bin/gmx
Data prefix:  /sw/arch/RHEL8/EB_production/2023/software/GROMACS/2023.2-foss-2023a-PLUMED-2.9.0.GMX2023
Working dir:  /gpfs/home1/ekempkes/adipep_umbrella_grid_superfast/result_GRID20649832
Command line:
  gmx mdrun -s simulations_essentials/md.tpr -plumed Colvars/plumed_-1.885_1.257.dat -nsteps 10000 -x Colvars/traj_-1.885_1.257.xtc


Back Off! I just backed up md.log to ./#md.log.1#
Reading file simulations_essentials/md.tpr, VERSION 2022.5-plumed_2.9.3 (single precision)
Note: file tpx version 127, software tpx version 129

NOTE: Parallelization is limited by the small number of atoms,
      only starting 1 thread-MPI ranks.
      You can use the -nt and/or -ntmpi option to optimize the number of threads.

Overriding nsteps with value passed on the command line: 10000 steps, 20 ps

comm-mode angular will give incorrect results when the comm group partially crosses a periodic boundary
Using 1 MPI thread

Non-default thread affinity set, disabling internal thread affinity

Using 1 OpenMP thread 


Back Off! I just backed up traj.trr to ./#traj.trr.1#

Back Off! I just backed up ener.edr to ./#ener.edr.1#
starting mdrun 'Generated by trjconv : Generated by trjconv : Alanine in vacuum in water t= 4500.00000'
10000 steps,     20.0 ps.

Writing final coordinates.

Back Off! I just backed up confout.gro to ./#confout.gro.1#

               Core t (s)   Wall t (s)        (%)
       Time:        2.074        2.074      100.0
                 (ns/day)    (hour/ns)
Performance:      833.085        0.029

GROMACS reminds you: "We will always have STEM with us. Some things will drop out of the public eye and will go away, but there will always be science, engineering, and technology. And there will always, always be mathematics." (Katherine Johnson)

    :-) GROMACS - gmx mdrun, 2023.2-EasyBuild_4.9.0_PLUMED_2.9.0.GMX2023 (-:

Executable:   /sw/arch/RHEL8/EB_production/2023/software/GROMACS/2023.2-foss-2023a-PLUMED-2.9.0.GMX2023/bin/gmx
Data prefix:  /sw/arch/RHEL8/EB_production/2023/software/GROMACS/2023.2-foss-2023a-PLUMED-2.9.0.GMX2023
Working dir:  /gpfs/home1/ekempkes/adipep_umbrella_grid_superfast/result_GRID20649832
Command line:
  gmx mdrun -s simulations_essentials/md.tpr -plumed Colvars/plumed_-1.885_1.885.dat -nsteps 10000 -x Colvars/traj_-1.885_1.885.xtc


Back Off! I just backed up md.log to ./#md.log.1#
Reading file simulations_essentials/md.tpr, VERSION 2022.5-plumed_2.9.3 (single precision)
Note: file tpx version 127, software tpx version 129

NOTE: Parallelization is limited by the small number of atoms,
      only starting 1 thread-MPI ranks.
      You can use the -nt and/or -ntmpi option to optimize the number of threads.

Overriding nsteps with value passed on the command line: 10000 steps, 20 ps

comm-mode angular will give incorrect results when the comm group partially crosses a periodic boundary
Using 1 MPI thread

Non-default thread affinity set, disabling internal thread affinity

Using 1 OpenMP thread 


Back Off! I just backed up Colvars/traj_-1.885_1.885.xtc to Colvars/#traj_-1.885_1.885.xtc.1#

Back Off! I just backed up traj.trr to ./#traj.trr.1#

Back Off! I just backed up ener.edr to ./#ener.edr.1#
starting mdrun 'Generated by trjconv : Generated by trjconv : Alanine in vacuum in water t= 4500.00000'
10000 steps,     20.0 ps.

Writing final coordinates.

Back Off! I just backed up confout.gro to ./#confout.gro.1#

               Core t (s)   Wall t (s)        (%)
       Time:        2.041        2.041      100.0
                 (ns/day)    (hour/ns)
Performance:      846.809        0.028

GROMACS reminds you: "Our hands are tied by physics." (Christian Blau)

    :-) GROMACS - gmx mdrun, 2023.2-EasyBuild_4.9.0_PLUMED_2.9.0.GMX2023 (-:

Executable:   /sw/arch/RHEL8/EB_production/2023/software/GROMACS/2023.2-foss-2023a-PLUMED-2.9.0.GMX2023/bin/gmx
Data prefix:  /sw/arch/RHEL8/EB_production/2023/software/GROMACS/2023.2-foss-2023a-PLUMED-2.9.0.GMX2023
Working dir:  /gpfs/home1/ekempkes/adipep_umbrella_grid_superfast/result_GRID20649832
Command line:
  gmx mdrun -s simulations_essentials/md.tpr -plumed Colvars/plumed_-1.885_2.513.dat -nsteps 10000 -x Colvars/traj_-1.885_2.513.xtc


Back Off! I just backed up md.log to ./#md.log.1#
Reading file simulations_essentials/md.tpr, VERSION 2022.5-plumed_2.9.3 (single precision)
Note: file tpx version 127, software tpx version 129

NOTE: Parallelization is limited by the small number of atoms,
      only starting 1 thread-MPI ranks.
      You can use the -nt and/or -ntmpi option to optimize the number of threads.

Overriding nsteps with value passed on the command line: 10000 steps, 20 ps

comm-mode angular will give incorrect results when the comm group partially crosses a periodic boundary
Using 1 MPI thread

Non-default thread affinity set, disabling internal thread affinity

Using 1 OpenMP thread 


Back Off! I just backed up traj.trr to ./#traj.trr.1#

Back Off! I just backed up ener.edr to ./#ener.edr.1#
starting mdrun 'Generated by trjconv : Generated by trjconv : Alanine in vacuum in water t= 4500.00000'
10000 steps,     20.0 ps.

Writing final coordinates.

Back Off! I just backed up confout.gro to ./#confout.gro.1#

               Core t (s)   Wall t (s)        (%)
       Time:        2.020        2.021      100.0
                 (ns/day)    (hour/ns)
Performance:      855.318        0.028

GROMACS reminds you: "I don't know how many of you have ever met Dijkstra, but you probably know that arrogance in computer science is measured in nano-Dijkstras." (Alan Kay)

    :-) GROMACS - gmx mdrun, 2023.2-EasyBuild_4.9.0_PLUMED_2.9.0.GMX2023 (-:

Executable:   /sw/arch/RHEL8/EB_production/2023/software/GROMACS/2023.2-foss-2023a-PLUMED-2.9.0.GMX2023/bin/gmx
Data prefix:  /sw/arch/RHEL8/EB_production/2023/software/GROMACS/2023.2-foss-2023a-PLUMED-2.9.0.GMX2023
Working dir:  /gpfs/home1/ekempkes/adipep_umbrella_grid_superfast/result_GRID20649832
Command line:
  gmx mdrun -s simulations_essentials/md.tpr -plumed Colvars/plumed_-1.257_-3.142.dat -nsteps 10000 -x Colvars/traj_-1.257_-3.142.xtc


Back Off! I just backed up md.log to ./#md.log.1#
Reading file simulations_essentials/md.tpr, VERSION 2022.5-plumed_2.9.3 (single precision)
Note: file tpx version 127, software tpx version 129

NOTE: Parallelization is limited by the small number of atoms,
      only starting 1 thread-MPI ranks.
      You can use the -nt and/or -ntmpi option to optimize the number of threads.

Overriding nsteps with value passed on the command line: 10000 steps, 20 ps

comm-mode angular will give incorrect results when the comm group partially crosses a periodic boundary
Using 1 MPI thread

Non-default thread affinity set, disabling internal thread affinity

Using 1 OpenMP thread 


Back Off! I just backed up traj.trr to ./#traj.trr.1#

Back Off! I just backed up ener.edr to ./#ener.edr.1#
starting mdrun 'Generated by trjconv : Generated by trjconv : Alanine in vacuum in water t= 4500.00000'
10000 steps,     20.0 ps.

Writing final coordinates.

Back Off! I just backed up confout.gro to ./#confout.gro.1#

               Core t (s)   Wall t (s)        (%)
       Time:        2.036        2.036      100.0
                 (ns/day)    (hour/ns)
Performance:      848.972        0.028

GROMACS reminds you: "Everything Must Go" (Red Hot Chili Peppers)

    :-) GROMACS - gmx mdrun, 2023.2-EasyBuild_4.9.0_PLUMED_2.9.0.GMX2023 (-:

Executable:   /sw/arch/RHEL8/EB_production/2023/software/GROMACS/2023.2-foss-2023a-PLUMED-2.9.0.GMX2023/bin/gmx
Data prefix:  /sw/arch/RHEL8/EB_production/2023/software/GROMACS/2023.2-foss-2023a-PLUMED-2.9.0.GMX2023
Working dir:  /gpfs/home1/ekempkes/adipep_umbrella_grid_superfast/result_GRID20649832
Command line:
  gmx mdrun -s simulations_essentials/md.tpr -plumed Colvars/plumed_-1.257_-2.513.dat -nsteps 10000 -x Colvars/traj_-1.257_-2.513.xtc


Back Off! I just backed up md.log to ./#md.log.1#
Reading file simulations_essentials/md.tpr, VERSION 2022.5-plumed_2.9.3 (single precision)
Note: file tpx version 127, software tpx version 129

NOTE: Parallelization is limited by the small number of atoms,
      only starting 1 thread-MPI ranks.
      You can use the -nt and/or -ntmpi option to optimize the number of threads.

Overriding nsteps with value passed on the command line: 10000 steps, 20 ps

comm-mode angular will give incorrect results when the comm group partially crosses a periodic boundary
Using 1 MPI thread

Non-default thread affinity set, disabling internal thread affinity

Using 1 OpenMP thread 


Back Off! I just backed up traj.trr to ./#traj.trr.1#

Back Off! I just backed up ener.edr to ./#ener.edr.1#
starting mdrun 'Generated by trjconv : Generated by trjconv : Alanine in vacuum in water t= 4500.00000'
10000 steps,     20.0 ps.

Writing final coordinates.

Back Off! I just backed up confout.gro to ./#confout.gro.1#

               Core t (s)   Wall t (s)        (%)
       Time:        2.036        2.036      100.0
                 (ns/day)    (hour/ns)
Performance:      848.710        0.028

GROMACS reminds you: "If you want to destroy my sweater, hold this thread as I walk away." (Weezer)

    :-) GROMACS - gmx mdrun, 2023.2-EasyBuild_4.9.0_PLUMED_2.9.0.GMX2023 (-:

Executable:   /sw/arch/RHEL8/EB_production/2023/software/GROMACS/2023.2-foss-2023a-PLUMED-2.9.0.GMX2023/bin/gmx
Data prefix:  /sw/arch/RHEL8/EB_production/2023/software/GROMACS/2023.2-foss-2023a-PLUMED-2.9.0.GMX2023
Working dir:  /gpfs/home1/ekempkes/adipep_umbrella_grid_superfast/result_GRID20649832
Command line:
  gmx mdrun -s simulations_essentials/md.tpr -plumed Colvars/plumed_-1.257_-1.885.dat -nsteps 10000 -x Colvars/traj_-1.257_-1.885.xtc


Back Off! I just backed up md.log to ./#md.log.1#
Reading file simulations_essentials/md.tpr, VERSION 2022.5-plumed_2.9.3 (single precision)
Note: file tpx version 127, software tpx version 129

NOTE: Parallelization is limited by the small number of atoms,
      only starting 1 thread-MPI ranks.
      You can use the -nt and/or -ntmpi option to optimize the number of threads.

Overriding nsteps with value passed on the command line: 10000 steps, 20 ps

comm-mode angular will give incorrect results when the comm group partially crosses a periodic boundary
Using 1 MPI thread

Non-default thread affinity set, disabling internal thread affinity

Using 1 OpenMP thread 


Back Off! I just backed up traj.trr to ./#traj.trr.1#

Back Off! I just backed up ener.edr to ./#ener.edr.1#
starting mdrun 'Generated by trjconv : Generated by trjconv : Alanine in vacuum in water t= 4500.00000'
10000 steps,     20.0 ps.

Writing final coordinates.

Back Off! I just backed up confout.gro to ./#confout.gro.1#

               Core t (s)   Wall t (s)        (%)
       Time:        2.058        2.058      100.0
                 (ns/day)    (hour/ns)
Performance:      839.834        0.029

GROMACS reminds you: "I Calculate My Birthright" (P.J. Harvey)

    :-) GROMACS - gmx mdrun, 2023.2-EasyBuild_4.9.0_PLUMED_2.9.0.GMX2023 (-:

Executable:   /sw/arch/RHEL8/EB_production/2023/software/GROMACS/2023.2-foss-2023a-PLUMED-2.9.0.GMX2023/bin/gmx
Data prefix:  /sw/arch/RHEL8/EB_production/2023/software/GROMACS/2023.2-foss-2023a-PLUMED-2.9.0.GMX2023
Working dir:  /gpfs/home1/ekempkes/adipep_umbrella_grid_superfast/result_GRID20649832
Command line:
  gmx mdrun -s simulations_essentials/md.tpr -plumed Colvars/plumed_-1.257_-1.257.dat -nsteps 10000 -x Colvars/traj_-1.257_-1.257.xtc


Back Off! I just backed up md.log to ./#md.log.1#
Reading file simulations_essentials/md.tpr, VERSION 2022.5-plumed_2.9.3 (single precision)
Note: file tpx version 127, software tpx version 129

NOTE: Parallelization is limited by the small number of atoms,
      only starting 1 thread-MPI ranks.
      You can use the -nt and/or -ntmpi option to optimize the number of threads.

Overriding nsteps with value passed on the command line: 10000 steps, 20 ps

comm-mode angular will give incorrect results when the comm group partially crosses a periodic boundary
Using 1 MPI thread

Non-default thread affinity set, disabling internal thread affinity

Using 1 OpenMP thread 


Back Off! I just backed up traj.trr to ./#traj.trr.1#

Back Off! I just backed up ener.edr to ./#ener.edr.1#
starting mdrun 'Generated by trjconv : Generated by trjconv : Alanine in vacuum in water t= 4500.00000'
10000 steps,     20.0 ps.

Writing final coordinates.

Back Off! I just backed up confout.gro to ./#confout.gro.1#

               Core t (s)   Wall t (s)        (%)
       Time:        2.051        2.051      100.0
                 (ns/day)    (hour/ns)
Performance:      842.655        0.028

GROMACS reminds you: "Any one who considers arithmetical methods of producing random digits is, of course, in a state of sin." (John von Neumann)

    :-) GROMACS - gmx mdrun, 2023.2-EasyBuild_4.9.0_PLUMED_2.9.0.GMX2023 (-:

Executable:   /sw/arch/RHEL8/EB_production/2023/software/GROMACS/2023.2-foss-2023a-PLUMED-2.9.0.GMX2023/bin/gmx
Data prefix:  /sw/arch/RHEL8/EB_production/2023/software/GROMACS/2023.2-foss-2023a-PLUMED-2.9.0.GMX2023
Working dir:  /gpfs/home1/ekempkes/adipep_umbrella_grid_superfast/result_GRID20649832
Command line:
  gmx mdrun -s simulations_essentials/md.tpr -plumed Colvars/plumed_-1.257_-0.628.dat -nsteps 10000 -x Colvars/traj_-1.257_-0.628.xtc


Back Off! I just backed up md.log to ./#md.log.1#
Reading file simulations_essentials/md.tpr, VERSION 2022.5-plumed_2.9.3 (single precision)
Note: file tpx version 127, software tpx version 129

NOTE: Parallelization is limited by the small number of atoms,
      only starting 1 thread-MPI ranks.
      You can use the -nt and/or -ntmpi option to optimize the number of threads.

Overriding nsteps with value passed on the command line: 10000 steps, 20 ps

comm-mode angular will give incorrect results when the comm group partially crosses a periodic boundary
Using 1 MPI thread

Non-default thread affinity set, disabling internal thread affinity

Using 1 OpenMP thread 


Back Off! I just backed up traj.trr to ./#traj.trr.1#

Back Off! I just backed up ener.edr to ./#ener.edr.1#
starting mdrun 'Generated by trjconv : Generated by trjconv : Alanine in vacuum in water t= 4500.00000'
10000 steps,     20.0 ps.

Writing final coordinates.

Back Off! I just backed up confout.gro to ./#confout.gro.1#

               Core t (s)   Wall t (s)        (%)
       Time:        2.051        2.051      100.0
                 (ns/day)    (hour/ns)
Performance:      842.670        0.028

GROMACS reminds you: "I'm Gonna Get Medieval On Your Ass" (Pulp Fiction)

    :-) GROMACS - gmx mdrun, 2023.2-EasyBuild_4.9.0_PLUMED_2.9.0.GMX2023 (-:

Executable:   /sw/arch/RHEL8/EB_production/2023/software/GROMACS/2023.2-foss-2023a-PLUMED-2.9.0.GMX2023/bin/gmx
Data prefix:  /sw/arch/RHEL8/EB_production/2023/software/GROMACS/2023.2-foss-2023a-PLUMED-2.9.0.GMX2023
Working dir:  /gpfs/home1/ekempkes/adipep_umbrella_grid_superfast/result_GRID20649832
Command line:
  gmx mdrun -s simulations_essentials/md.tpr -plumed Colvars/plumed_-1.257_0.000.dat -nsteps 10000 -x Colvars/traj_-1.257_0.000.xtc


Back Off! I just backed up md.log to ./#md.log.1#
Reading file simulations_essentials/md.tpr, VERSION 2022.5-plumed_2.9.3 (single precision)
Note: file tpx version 127, software tpx version 129

NOTE: Parallelization is limited by the small number of atoms,
      only starting 1 thread-MPI ranks.
      You can use the -nt and/or -ntmpi option to optimize the number of threads.

Overriding nsteps with value passed on the command line: 10000 steps, 20 ps

comm-mode angular will give incorrect results when the comm group partially crosses a periodic boundary
Using 1 MPI thread

Non-default thread affinity set, disabling internal thread affinity

Using 1 OpenMP thread 


Back Off! I just backed up traj.trr to ./#traj.trr.1#

Back Off! I just backed up ener.edr to ./#ener.edr.1#
starting mdrun 'Generated by trjconv : Generated by trjconv : Alanine in vacuum in water t= 4500.00000'
10000 steps,     20.0 ps.

Writing final coordinates.

Back Off! I just backed up confout.gro to ./#confout.gro.1#

               Core t (s)   Wall t (s)        (%)
       Time:        2.017        2.017      100.0
                 (ns/day)    (hour/ns)
Performance:      856.604        0.028

GROMACS reminds you: "If Life Seems Jolly Rotten, There's Something You've Forgotten !" (Monty Python)

    :-) GROMACS - gmx mdrun, 2023.2-EasyBuild_4.9.0_PLUMED_2.9.0.GMX2023 (-:

Executable:   /sw/arch/RHEL8/EB_production/2023/software/GROMACS/2023.2-foss-2023a-PLUMED-2.9.0.GMX2023/bin/gmx
Data prefix:  /sw/arch/RHEL8/EB_production/2023/software/GROMACS/2023.2-foss-2023a-PLUMED-2.9.0.GMX2023
Working dir:  /gpfs/home1/ekempkes/adipep_umbrella_grid_superfast/result_GRID20649832
Command line:
  gmx mdrun -s simulations_essentials/md.tpr -plumed Colvars/plumed_-1.257_0.628.dat -nsteps 10000 -x Colvars/traj_-1.257_0.628.xtc


Back Off! I just backed up md.log to ./#md.log.1#
Reading file simulations_essentials/md.tpr, VERSION 2022.5-plumed_2.9.3 (single precision)
Note: file tpx version 127, software tpx version 129

NOTE: Parallelization is limited by the small number of atoms,
      only starting 1 thread-MPI ranks.
      You can use the -nt and/or -ntmpi option to optimize the number of threads.

Overriding nsteps with value passed on the command line: 10000 steps, 20 ps

comm-mode angular will give incorrect results when the comm group partially crosses a periodic boundary
Using 1 MPI thread

Non-default thread affinity set, disabling internal thread affinity

Using 1 OpenMP thread 


Back Off! I just backed up traj.trr to ./#traj.trr.1#

Back Off! I just backed up ener.edr to ./#ener.edr.1#
starting mdrun 'Generated by trjconv : Generated by trjconv : Alanine in vacuum in water t= 4500.00000'
10000 steps,     20.0 ps.

Writing final coordinates.

Back Off! I just backed up confout.gro to ./#confout.gro.1#

               Core t (s)   Wall t (s)        (%)
       Time:        2.060        2.060      100.0
                 (ns/day)    (hour/ns)
Performance:      838.993        0.029

GROMACS reminds you: "Chemical gases filling lungs of little ones" (Black Eyed Peas)

    :-) GROMACS - gmx mdrun, 2023.2-EasyBuild_4.9.0_PLUMED_2.9.0.GMX2023 (-:

Executable:   /sw/arch/RHEL8/EB_production/2023/software/GROMACS/2023.2-foss-2023a-PLUMED-2.9.0.GMX2023/bin/gmx
Data prefix:  /sw/arch/RHEL8/EB_production/2023/software/GROMACS/2023.2-foss-2023a-PLUMED-2.9.0.GMX2023
Working dir:  /gpfs/home1/ekempkes/adipep_umbrella_grid_superfast/result_GRID20649832
Command line:
  gmx mdrun -s simulations_essentials/md.tpr -plumed Colvars/plumed_-1.257_1.257.dat -nsteps 10000 -x Colvars/traj_-1.257_1.257.xtc


Back Off! I just backed up md.log to ./#md.log.1#
Reading file simulations_essentials/md.tpr, VERSION 2022.5-plumed_2.9.3 (single precision)
Note: file tpx version 127, software tpx version 129

NOTE: Parallelization is limited by the small number of atoms,
      only starting 1 thread-MPI ranks.
      You can use the -nt and/or -ntmpi option to optimize the number of threads.

Overriding nsteps with value passed on the command line: 10000 steps, 20 ps

comm-mode angular will give incorrect results when the comm group partially crosses a periodic boundary
Using 1 MPI thread

Non-default thread affinity set, disabling internal thread affinity

Using 1 OpenMP thread 


Back Off! I just backed up traj.trr to ./#traj.trr.1#

Back Off! I just backed up ener.edr to ./#ener.edr.1#
starting mdrun 'Generated by trjconv : Generated by trjconv : Alanine in vacuum in water t= 4500.00000'
10000 steps,     20.0 ps.

Writing final coordinates.

Back Off! I just backed up confout.gro to ./#confout.gro.1#

               Core t (s)   Wall t (s)        (%)
       Time:        2.050        2.050      100.0
                 (ns/day)    (hour/ns)
Performance:      842.997        0.028

GROMACS reminds you: "Load Up Your Rubber Bullets" (10 CC)

    :-) GROMACS - gmx mdrun, 2023.2-EasyBuild_4.9.0_PLUMED_2.9.0.GMX2023 (-:

Executable:   /sw/arch/RHEL8/EB_production/2023/software/GROMACS/2023.2-foss-2023a-PLUMED-2.9.0.GMX2023/bin/gmx
Data prefix:  /sw/arch/RHEL8/EB_production/2023/software/GROMACS/2023.2-foss-2023a-PLUMED-2.9.0.GMX2023
Working dir:  /gpfs/home1/ekempkes/adipep_umbrella_grid_superfast/result_GRID20649832
Command line:
  gmx mdrun -s simulations_essentials/md.tpr -plumed Colvars/plumed_-1.257_1.885.dat -nsteps 10000 -x Colvars/traj_-1.257_1.885.xtc


Back Off! I just backed up md.log to ./#md.log.1#
Reading file simulations_essentials/md.tpr, VERSION 2022.5-plumed_2.9.3 (single precision)
Note: file tpx version 127, software tpx version 129

NOTE: Parallelization is limited by the small number of atoms,
      only starting 1 thread-MPI ranks.
      You can use the -nt and/or -ntmpi option to optimize the number of threads.

Overriding nsteps with value passed on the command line: 10000 steps, 20 ps

comm-mode angular will give incorrect results when the comm group partially crosses a periodic boundary
Using 1 MPI thread

Non-default thread affinity set, disabling internal thread affinity

Using 1 OpenMP thread 


Back Off! I just backed up traj.trr to ./#traj.trr.1#

Back Off! I just backed up ener.edr to ./#ener.edr.1#
starting mdrun 'Generated by trjconv : Generated by trjconv : Alanine in vacuum in water t= 4500.00000'
10000 steps,     20.0 ps.

Writing final coordinates.

Back Off! I just backed up confout.gro to ./#confout.gro.1#

               Core t (s)   Wall t (s)        (%)
       Time:        2.047        2.047      100.0
                 (ns/day)    (hour/ns)
Performance:      844.415        0.028

GROMACS reminds you: "This Doesn't Suck, It's a Black Hole !" (K.A. Feenstra)

    :-) GROMACS - gmx mdrun, 2023.2-EasyBuild_4.9.0_PLUMED_2.9.0.GMX2023 (-:

Executable:   /sw/arch/RHEL8/EB_production/2023/software/GROMACS/2023.2-foss-2023a-PLUMED-2.9.0.GMX2023/bin/gmx
Data prefix:  /sw/arch/RHEL8/EB_production/2023/software/GROMACS/2023.2-foss-2023a-PLUMED-2.9.0.GMX2023
Working dir:  /gpfs/home1/ekempkes/adipep_umbrella_grid_superfast/result_GRID20649832
Command line:
  gmx mdrun -s simulations_essentials/md.tpr -plumed Colvars/plumed_-1.257_2.513.dat -nsteps 10000 -x Colvars/traj_-1.257_2.513.xtc


Back Off! I just backed up md.log to ./#md.log.1#
Reading file simulations_essentials/md.tpr, VERSION 2022.5-plumed_2.9.3 (single precision)
Note: file tpx version 127, software tpx version 129

NOTE: Parallelization is limited by the small number of atoms,
      only starting 1 thread-MPI ranks.
      You can use the -nt and/or -ntmpi option to optimize the number of threads.

Overriding nsteps with value passed on the command line: 10000 steps, 20 ps

comm-mode angular will give incorrect results when the comm group partially crosses a periodic boundary
Using 1 MPI thread

Non-default thread affinity set, disabling internal thread affinity

Using 1 OpenMP thread 


Back Off! I just backed up traj.trr to ./#traj.trr.1#

Back Off! I just backed up ener.edr to ./#ener.edr.1#
starting mdrun 'Generated by trjconv : Generated by trjconv : Alanine in vacuum in water t= 4500.00000'
10000 steps,     20.0 ps.

Writing final coordinates.

Back Off! I just backed up confout.gro to ./#confout.gro.1#

               Core t (s)   Wall t (s)        (%)
       Time:        2.031        2.031      100.0
                 (ns/day)    (hour/ns)
Performance:      851.026        0.028

GROMACS reminds you: "Stop Drinking My Beer !" (The Amps)

    :-) GROMACS - gmx mdrun, 2023.2-EasyBuild_4.9.0_PLUMED_2.9.0.GMX2023 (-:

Executable:   /sw/arch/RHEL8/EB_production/2023/software/GROMACS/2023.2-foss-2023a-PLUMED-2.9.0.GMX2023/bin/gmx
Data prefix:  /sw/arch/RHEL8/EB_production/2023/software/GROMACS/2023.2-foss-2023a-PLUMED-2.9.0.GMX2023
Working dir:  /gpfs/home1/ekempkes/adipep_umbrella_grid_superfast/result_GRID20649832
Command line:
  gmx mdrun -s simulations_essentials/md.tpr -plumed Colvars/plumed_-0.628_-3.142.dat -nsteps 10000 -x Colvars/traj_-0.628_-3.142.xtc


Back Off! I just backed up md.log to ./#md.log.1#
Reading file simulations_essentials/md.tpr, VERSION 2022.5-plumed_2.9.3 (single precision)
Note: file tpx version 127, software tpx version 129

NOTE: Parallelization is limited by the small number of atoms,
      only starting 1 thread-MPI ranks.
      You can use the -nt and/or -ntmpi option to optimize the number of threads.

Overriding nsteps with value passed on the command line: 10000 steps, 20 ps

comm-mode angular will give incorrect results when the comm group partially crosses a periodic boundary
Using 1 MPI thread

Non-default thread affinity set, disabling internal thread affinity

Using 1 OpenMP thread 


Back Off! I just backed up Colvars/traj_-0.628_-3.142.xtc to Colvars/#traj_-0.628_-3.142.xtc.1#

Back Off! I just backed up traj.trr to ./#traj.trr.1#

Back Off! I just backed up ener.edr to ./#ener.edr.1#
starting mdrun 'Generated by trjconv : Generated by trjconv : Alanine in vacuum in water t= 4500.00000'
10000 steps,     20.0 ps.

Writing final coordinates.

Back Off! I just backed up confout.gro to ./#confout.gro.1#

               Core t (s)   Wall t (s)        (%)
       Time:        2.058        2.058      100.0
                 (ns/day)    (hour/ns)
Performance:      839.708        0.029

GROMACS reminds you: "Computer system analysis is like child-rearing; you can do grievous damage, but you cannot ensure success." (Tom DeMarcho)

    :-) GROMACS - gmx mdrun, 2023.2-EasyBuild_4.9.0_PLUMED_2.9.0.GMX2023 (-:

Executable:   /sw/arch/RHEL8/EB_production/2023/software/GROMACS/2023.2-foss-2023a-PLUMED-2.9.0.GMX2023/bin/gmx
Data prefix:  /sw/arch/RHEL8/EB_production/2023/software/GROMACS/2023.2-foss-2023a-PLUMED-2.9.0.GMX2023
Working dir:  /gpfs/home1/ekempkes/adipep_umbrella_grid_superfast/result_GRID20649832
Command line:
  gmx mdrun -s simulations_essentials/md.tpr -plumed Colvars/plumed_-0.628_-2.513.dat -nsteps 10000 -x Colvars/traj_-0.628_-2.513.xtc


Back Off! I just backed up md.log to ./#md.log.1#
Reading file simulations_essentials/md.tpr, VERSION 2022.5-plumed_2.9.3 (single precision)
Note: file tpx version 127, software tpx version 129

NOTE: Parallelization is limited by the small number of atoms,
      only starting 1 thread-MPI ranks.
      You can use the -nt and/or -ntmpi option to optimize the number of threads.

Overriding nsteps with value passed on the command line: 10000 steps, 20 ps

comm-mode angular will give incorrect results when the comm group partially crosses a periodic boundary
Using 1 MPI thread

Non-default thread affinity set, disabling internal thread affinity

Using 1 OpenMP thread 


Back Off! I just backed up traj.trr to ./#traj.trr.1#

Back Off! I just backed up ener.edr to ./#ener.edr.1#
starting mdrun 'Generated by trjconv : Generated by trjconv : Alanine in vacuum in water t= 4500.00000'
10000 steps,     20.0 ps.

Writing final coordinates.

Back Off! I just backed up confout.gro to ./#confout.gro.1#

               Core t (s)   Wall t (s)        (%)
       Time:        2.048        2.048      100.0
                 (ns/day)    (hour/ns)
Performance:      843.866        0.028

GROMACS reminds you: "Stupidity got us into this mess, and stupidity will get us out." (Homer Simpson)

    :-) GROMACS - gmx mdrun, 2023.2-EasyBuild_4.9.0_PLUMED_2.9.0.GMX2023 (-:

Executable:   /sw/arch/RHEL8/EB_production/2023/software/GROMACS/2023.2-foss-2023a-PLUMED-2.9.0.GMX2023/bin/gmx
Data prefix:  /sw/arch/RHEL8/EB_production/2023/software/GROMACS/2023.2-foss-2023a-PLUMED-2.9.0.GMX2023
Working dir:  /gpfs/home1/ekempkes/adipep_umbrella_grid_superfast/result_GRID20649832
Command line:
  gmx mdrun -s simulations_essentials/md.tpr -plumed Colvars/plumed_-0.628_-1.885.dat -nsteps 10000 -x Colvars/traj_-0.628_-1.885.xtc


Back Off! I just backed up md.log to ./#md.log.1#
Reading file simulations_essentials/md.tpr, VERSION 2022.5-plumed_2.9.3 (single precision)
Note: file tpx version 127, software tpx version 129

NOTE: Parallelization is limited by the small number of atoms,
      only starting 1 thread-MPI ranks.
      You can use the -nt and/or -ntmpi option to optimize the number of threads.

Overriding nsteps with value passed on the command line: 10000 steps, 20 ps

comm-mode angular will give incorrect results when the comm group partially crosses a periodic boundary
Using 1 MPI thread

Non-default thread affinity set, disabling internal thread affinity

Using 1 OpenMP thread 


Back Off! I just backed up Colvars/traj_-0.628_-1.885.xtc to Colvars/#traj_-0.628_-1.885.xtc.1#

Back Off! I just backed up traj.trr to ./#traj.trr.1#

Back Off! I just backed up ener.edr to ./#ener.edr.1#
starting mdrun 'Generated by trjconv : Generated by trjconv : Alanine in vacuum in water t= 4500.00000'
10000 steps,     20.0 ps.

Writing final coordinates.

Back Off! I just backed up confout.gro to ./#confout.gro.1#

               Core t (s)   Wall t (s)        (%)
       Time:        2.106        2.106      100.0
                 (ns/day)    (hour/ns)
Performance:      820.476        0.029

GROMACS reminds you: "The future still looks good, and you've got time to rectify all the things that you should" (G. Harrison)

    :-) GROMACS - gmx mdrun, 2023.2-EasyBuild_4.9.0_PLUMED_2.9.0.GMX2023 (-:

Executable:   /sw/arch/RHEL8/EB_production/2023/software/GROMACS/2023.2-foss-2023a-PLUMED-2.9.0.GMX2023/bin/gmx
Data prefix:  /sw/arch/RHEL8/EB_production/2023/software/GROMACS/2023.2-foss-2023a-PLUMED-2.9.0.GMX2023
Working dir:  /gpfs/home1/ekempkes/adipep_umbrella_grid_superfast/result_GRID20649832
Command line:
  gmx mdrun -s simulations_essentials/md.tpr -plumed Colvars/plumed_-0.628_-1.257.dat -nsteps 10000 -x Colvars/traj_-0.628_-1.257.xtc


Back Off! I just backed up md.log to ./#md.log.1#
Reading file simulations_essentials/md.tpr, VERSION 2022.5-plumed_2.9.3 (single precision)
Note: file tpx version 127, software tpx version 129

NOTE: Parallelization is limited by the small number of atoms,
      only starting 1 thread-MPI ranks.
      You can use the -nt and/or -ntmpi option to optimize the number of threads.

Overriding nsteps with value passed on the command line: 10000 steps, 20 ps

comm-mode angular will give incorrect results when the comm group partially crosses a periodic boundary
Using 1 MPI thread

Non-default thread affinity set, disabling internal thread affinity

Using 1 OpenMP thread 


Back Off! I just backed up traj.trr to ./#traj.trr.1#

Back Off! I just backed up ener.edr to ./#ener.edr.1#
starting mdrun 'Generated by trjconv : Generated by trjconv : Alanine in vacuum in water t= 4500.00000'
10000 steps,     20.0 ps.

Writing final coordinates.

Back Off! I just backed up confout.gro to ./#confout.gro.1#

               Core t (s)   Wall t (s)        (%)
       Time:        2.056        2.057      100.0
                 (ns/day)    (hour/ns)
Performance:      840.316        0.029

GROMACS reminds you: "This isn't right. This isn't even wrong." (Wolfgang Pauli)

    :-) GROMACS - gmx mdrun, 2023.2-EasyBuild_4.9.0_PLUMED_2.9.0.GMX2023 (-:

Executable:   /sw/arch/RHEL8/EB_production/2023/software/GROMACS/2023.2-foss-2023a-PLUMED-2.9.0.GMX2023/bin/gmx
Data prefix:  /sw/arch/RHEL8/EB_production/2023/software/GROMACS/2023.2-foss-2023a-PLUMED-2.9.0.GMX2023
Working dir:  /gpfs/home1/ekempkes/adipep_umbrella_grid_superfast/result_GRID20649832
Command line:
  gmx mdrun -s simulations_essentials/md.tpr -plumed Colvars/plumed_-0.628_-0.628.dat -nsteps 10000 -x Colvars/traj_-0.628_-0.628.xtc


Back Off! I just backed up md.log to ./#md.log.1#
Reading file simulations_essentials/md.tpr, VERSION 2022.5-plumed_2.9.3 (single precision)
Note: file tpx version 127, software tpx version 129

NOTE: Parallelization is limited by the small number of atoms,
      only starting 1 thread-MPI ranks.
      You can use the -nt and/or -ntmpi option to optimize the number of threads.

Overriding nsteps with value passed on the command line: 10000 steps, 20 ps

comm-mode angular will give incorrect results when the comm group partially crosses a periodic boundary
Using 1 MPI thread

Non-default thread affinity set, disabling internal thread affinity

Using 1 OpenMP thread 


Back Off! I just backed up Colvars/traj_-0.628_-0.628.xtc to Colvars/#traj_-0.628_-0.628.xtc.1#

Back Off! I just backed up traj.trr to ./#traj.trr.1#

Back Off! I just backed up ener.edr to ./#ener.edr.1#
starting mdrun 'Generated by trjconv : Generated by trjconv : Alanine in vacuum in water t= 4500.00000'
10000 steps,     20.0 ps.

Writing final coordinates.

Back Off! I just backed up confout.gro to ./#confout.gro.1#

               Core t (s)   Wall t (s)        (%)
       Time:        2.000        2.000      100.0
                 (ns/day)    (hour/ns)
Performance:      864.031        0.028

GROMACS reminds you: "Miggida-Miggida-Miggida-Mac" (Kriss Kross)

    :-) GROMACS - gmx mdrun, 2023.2-EasyBuild_4.9.0_PLUMED_2.9.0.GMX2023 (-:

Executable:   /sw/arch/RHEL8/EB_production/2023/software/GROMACS/2023.2-foss-2023a-PLUMED-2.9.0.GMX2023/bin/gmx
Data prefix:  /sw/arch/RHEL8/EB_production/2023/software/GROMACS/2023.2-foss-2023a-PLUMED-2.9.0.GMX2023
Working dir:  /gpfs/home1/ekempkes/adipep_umbrella_grid_superfast/result_GRID20649832
Command line:
  gmx mdrun -s simulations_essentials/md.tpr -plumed Colvars/plumed_-0.628_0.000.dat -nsteps 10000 -x Colvars/traj_-0.628_0.000.xtc


Back Off! I just backed up md.log to ./#md.log.1#
Reading file simulations_essentials/md.tpr, VERSION 2022.5-plumed_2.9.3 (single precision)
Note: file tpx version 127, software tpx version 129

NOTE: Parallelization is limited by the small number of atoms,
      only starting 1 thread-MPI ranks.
      You can use the -nt and/or -ntmpi option to optimize the number of threads.

Overriding nsteps with value passed on the command line: 10000 steps, 20 ps

comm-mode angular will give incorrect results when the comm group partially crosses a periodic boundary
Using 1 MPI thread

Non-default thread affinity set, disabling internal thread affinity

Using 1 OpenMP thread 


Back Off! I just backed up traj.trr to ./#traj.trr.1#

Back Off! I just backed up ener.edr to ./#ener.edr.1#
starting mdrun 'Generated by trjconv : Generated by trjconv : Alanine in vacuum in water t= 4500.00000'
10000 steps,     20.0 ps.

Writing final coordinates.

Back Off! I just backed up confout.gro to ./#confout.gro.1#

               Core t (s)   Wall t (s)        (%)
       Time:        2.034        2.034      100.0
                 (ns/day)    (hour/ns)
Performance:      849.790        0.028

GROMACS reminds you: "Read me your scripture and I will twist it" (Red Hot Chili Peppers)

    :-) GROMACS - gmx mdrun, 2023.2-EasyBuild_4.9.0_PLUMED_2.9.0.GMX2023 (-:

Executable:   /sw/arch/RHEL8/EB_production/2023/software/GROMACS/2023.2-foss-2023a-PLUMED-2.9.0.GMX2023/bin/gmx
Data prefix:  /sw/arch/RHEL8/EB_production/2023/software/GROMACS/2023.2-foss-2023a-PLUMED-2.9.0.GMX2023
Working dir:  /gpfs/home1/ekempkes/adipep_umbrella_grid_superfast/result_GRID20649832
Command line:
  gmx mdrun -s simulations_essentials/md.tpr -plumed Colvars/plumed_-0.628_0.628.dat -nsteps 10000 -x Colvars/traj_-0.628_0.628.xtc


Back Off! I just backed up md.log to ./#md.log.1#
Reading file simulations_essentials/md.tpr, VERSION 2022.5-plumed_2.9.3 (single precision)
Note: file tpx version 127, software tpx version 129

NOTE: Parallelization is limited by the small number of atoms,
      only starting 1 thread-MPI ranks.
      You can use the -nt and/or -ntmpi option to optimize the number of threads.

Overriding nsteps with value passed on the command line: 10000 steps, 20 ps

comm-mode angular will give incorrect results when the comm group partially crosses a periodic boundary
Using 1 MPI thread

Non-default thread affinity set, disabling internal thread affinity

Using 1 OpenMP thread 


Back Off! I just backed up Colvars/traj_-0.628_0.628.xtc to Colvars/#traj_-0.628_0.628.xtc.1#

Back Off! I just backed up traj.trr to ./#traj.trr.1#

Back Off! I just backed up ener.edr to ./#ener.edr.1#
starting mdrun 'Generated by trjconv : Generated by trjconv : Alanine in vacuum in water t= 4500.00000'
10000 steps,     20.0 ps.

Writing final coordinates.

Back Off! I just backed up confout.gro to ./#confout.gro.1#

               Core t (s)   Wall t (s)        (%)
       Time:        2.146        2.146      100.0
                 (ns/day)    (hour/ns)
Performance:      805.163        0.030

GROMACS reminds you: "Your Country Raised You, Your Country Fed You, and Just Like Any Other Country it Will Break You" (Gogol Bordello)

    :-) GROMACS - gmx mdrun, 2023.2-EasyBuild_4.9.0_PLUMED_2.9.0.GMX2023 (-:

Executable:   /sw/arch/RHEL8/EB_production/2023/software/GROMACS/2023.2-foss-2023a-PLUMED-2.9.0.GMX2023/bin/gmx
Data prefix:  /sw/arch/RHEL8/EB_production/2023/software/GROMACS/2023.2-foss-2023a-PLUMED-2.9.0.GMX2023
Working dir:  /gpfs/home1/ekempkes/adipep_umbrella_grid_superfast/result_GRID20649832
Command line:
  gmx mdrun -s simulations_essentials/md.tpr -plumed Colvars/plumed_-0.628_1.257.dat -nsteps 10000 -x Colvars/traj_-0.628_1.257.xtc


Back Off! I just backed up md.log to ./#md.log.1#
Reading file simulations_essentials/md.tpr, VERSION 2022.5-plumed_2.9.3 (single precision)
Note: file tpx version 127, software tpx version 129

NOTE: Parallelization is limited by the small number of atoms,
      only starting 1 thread-MPI ranks.
      You can use the -nt and/or -ntmpi option to optimize the number of threads.

Overriding nsteps with value passed on the command line: 10000 steps, 20 ps

comm-mode angular will give incorrect results when the comm group partially crosses a periodic boundary
Using 1 MPI thread

Non-default thread affinity set, disabling internal thread affinity

Using 1 OpenMP thread 


Back Off! I just backed up traj.trr to ./#traj.trr.1#

Back Off! I just backed up ener.edr to ./#ener.edr.1#
starting mdrun 'Generated by trjconv : Generated by trjconv : Alanine in vacuum in water t= 4500.00000'
10000 steps,     20.0 ps.

Writing final coordinates.

Back Off! I just backed up confout.gro to ./#confout.gro.1#

               Core t (s)   Wall t (s)        (%)
       Time:        2.274        2.274      100.0
                 (ns/day)    (hour/ns)
Performance:      760.076        0.032

GROMACS reminds you: "Shit Happens" (Pulp Fiction)

    :-) GROMACS - gmx mdrun, 2023.2-EasyBuild_4.9.0_PLUMED_2.9.0.GMX2023 (-:

Executable:   /sw/arch/RHEL8/EB_production/2023/software/GROMACS/2023.2-foss-2023a-PLUMED-2.9.0.GMX2023/bin/gmx
Data prefix:  /sw/arch/RHEL8/EB_production/2023/software/GROMACS/2023.2-foss-2023a-PLUMED-2.9.0.GMX2023
Working dir:  /gpfs/home1/ekempkes/adipep_umbrella_grid_superfast/result_GRID20649832
Command line:
  gmx mdrun -s simulations_essentials/md.tpr -plumed Colvars/plumed_-0.628_1.885.dat -nsteps 10000 -x Colvars/traj_-0.628_1.885.xtc


Back Off! I just backed up md.log to ./#md.log.1#
Reading file simulations_essentials/md.tpr, VERSION 2022.5-plumed_2.9.3 (single precision)
Note: file tpx version 127, software tpx version 129

NOTE: Parallelization is limited by the small number of atoms,
      only starting 1 thread-MPI ranks.
      You can use the -nt and/or -ntmpi option to optimize the number of threads.

Overriding nsteps with value passed on the command line: 10000 steps, 20 ps

comm-mode angular will give incorrect results when the comm group partially crosses a periodic boundary
Using 1 MPI thread

Non-default thread affinity set, disabling internal thread affinity

Using 1 OpenMP thread 


Back Off! I just backed up Colvars/traj_-0.628_1.885.xtc to Colvars/#traj_-0.628_1.885.xtc.1#

Back Off! I just backed up traj.trr to ./#traj.trr.1#

Back Off! I just backed up ener.edr to ./#ener.edr.1#
starting mdrun 'Generated by trjconv : Generated by trjconv : Alanine in vacuum in water t= 4500.00000'
10000 steps,     20.0 ps.

Writing final coordinates.

Back Off! I just backed up confout.gro to ./#confout.gro.1#

               Core t (s)   Wall t (s)        (%)
       Time:        2.017        2.017      100.0
                 (ns/day)    (hour/ns)
Performance:      856.675        0.028

GROMACS reminds you: "Lets get back to beer" (Yuxuan Zhuang, in a discussion about science communication)

    :-) GROMACS - gmx mdrun, 2023.2-EasyBuild_4.9.0_PLUMED_2.9.0.GMX2023 (-:

Executable:   /sw/arch/RHEL8/EB_production/2023/software/GROMACS/2023.2-foss-2023a-PLUMED-2.9.0.GMX2023/bin/gmx
Data prefix:  /sw/arch/RHEL8/EB_production/2023/software/GROMACS/2023.2-foss-2023a-PLUMED-2.9.0.GMX2023
Working dir:  /gpfs/home1/ekempkes/adipep_umbrella_grid_superfast/result_GRID20649832
Command line:
  gmx mdrun -s simulations_essentials/md.tpr -plumed Colvars/plumed_-0.628_2.513.dat -nsteps 10000 -x Colvars/traj_-0.628_2.513.xtc


Back Off! I just backed up md.log to ./#md.log.1#
Reading file simulations_essentials/md.tpr, VERSION 2022.5-plumed_2.9.3 (single precision)
Note: file tpx version 127, software tpx version 129

NOTE: Parallelization is limited by the small number of atoms,
      only starting 1 thread-MPI ranks.
      You can use the -nt and/or -ntmpi option to optimize the number of threads.

Overriding nsteps with value passed on the command line: 10000 steps, 20 ps

comm-mode angular will give incorrect results when the comm group partially crosses a periodic boundary
Using 1 MPI thread

Non-default thread affinity set, disabling internal thread affinity

Using 1 OpenMP thread 


Back Off! I just backed up traj.trr to ./#traj.trr.1#

Back Off! I just backed up ener.edr to ./#ener.edr.1#
starting mdrun 'Generated by trjconv : Generated by trjconv : Alanine in vacuum in water t= 4500.00000'
10000 steps,     20.0 ps.

Writing final coordinates.

Back Off! I just backed up confout.gro to ./#confout.gro.1#

               Core t (s)   Wall t (s)        (%)
       Time:        2.076        2.076      100.0
                 (ns/day)    (hour/ns)
Performance:      832.471        0.029

GROMACS reminds you: "Fresh Air, Green Hair" (Frank Black)

    :-) GROMACS - gmx mdrun, 2023.2-EasyBuild_4.9.0_PLUMED_2.9.0.GMX2023 (-:

Executable:   /sw/arch/RHEL8/EB_production/2023/software/GROMACS/2023.2-foss-2023a-PLUMED-2.9.0.GMX2023/bin/gmx
Data prefix:  /sw/arch/RHEL8/EB_production/2023/software/GROMACS/2023.2-foss-2023a-PLUMED-2.9.0.GMX2023
Working dir:  /gpfs/home1/ekempkes/adipep_umbrella_grid_superfast/result_GRID20649832
Command line:
  gmx mdrun -s simulations_essentials/md.tpr -plumed Colvars/plumed_0.000_-3.142.dat -nsteps 10000 -x Colvars/traj_0.000_-3.142.xtc


Back Off! I just backed up md.log to ./#md.log.1#
Reading file simulations_essentials/md.tpr, VERSION 2022.5-plumed_2.9.3 (single precision)
Note: file tpx version 127, software tpx version 129

NOTE: Parallelization is limited by the small number of atoms,
      only starting 1 thread-MPI ranks.
      You can use the -nt and/or -ntmpi option to optimize the number of threads.

Overriding nsteps with value passed on the command line: 10000 steps, 20 ps

comm-mode angular will give incorrect results when the comm group partially crosses a periodic boundary
Using 1 MPI thread

Non-default thread affinity set, disabling internal thread affinity

Using 1 OpenMP thread 


Back Off! I just backed up Colvars/traj_0.000_-3.142.xtc to Colvars/#traj_0.000_-3.142.xtc.4#

Back Off! I just backed up traj.trr to ./#traj.trr.1#

Back Off! I just backed up ener.edr to ./#ener.edr.1#
starting mdrun 'Generated by trjconv : Generated by trjconv : Alanine in vacuum in water t= 4500.00000'
10000 steps,     20.0 ps.

Writing final coordinates.

Back Off! I just backed up confout.gro to ./#confout.gro.1#

               Core t (s)   Wall t (s)        (%)
       Time:        2.039        2.039      100.0
                 (ns/day)    (hour/ns)
Performance:      847.638        0.028

GROMACS reminds you: "Facts are stubborn things, but statistics are more pliable." (Laurence Peter)

    :-) GROMACS - gmx mdrun, 2023.2-EasyBuild_4.9.0_PLUMED_2.9.0.GMX2023 (-:

Executable:   /sw/arch/RHEL8/EB_production/2023/software/GROMACS/2023.2-foss-2023a-PLUMED-2.9.0.GMX2023/bin/gmx
Data prefix:  /sw/arch/RHEL8/EB_production/2023/software/GROMACS/2023.2-foss-2023a-PLUMED-2.9.0.GMX2023
Working dir:  /gpfs/home1/ekempkes/adipep_umbrella_grid_superfast/result_GRID20649832
Command line:
  gmx mdrun -s simulations_essentials/md.tpr -plumed Colvars/plumed_0.000_-2.513.dat -nsteps 10000 -x Colvars/traj_0.000_-2.513.xtc


Back Off! I just backed up md.log to ./#md.log.1#
Reading file simulations_essentials/md.tpr, VERSION 2022.5-plumed_2.9.3 (single precision)
Note: file tpx version 127, software tpx version 129

NOTE: Parallelization is limited by the small number of atoms,
      only starting 1 thread-MPI ranks.
      You can use the -nt and/or -ntmpi option to optimize the number of threads.

Overriding nsteps with value passed on the command line: 10000 steps, 20 ps

comm-mode angular will give incorrect results when the comm group partially crosses a periodic boundary
Using 1 MPI thread

Non-default thread affinity set, disabling internal thread affinity

Using 1 OpenMP thread 


Back Off! I just backed up traj.trr to ./#traj.trr.1#

Back Off! I just backed up ener.edr to ./#ener.edr.1#
starting mdrun 'Generated by trjconv : Generated by trjconv : Alanine in vacuum in water t= 4500.00000'
10000 steps,     20.0 ps.

Writing final coordinates.

Back Off! I just backed up confout.gro to ./#confout.gro.1#

               Core t (s)   Wall t (s)        (%)
       Time:        2.082        2.082      100.0
                 (ns/day)    (hour/ns)
Performance:      830.117        0.029

GROMACS reminds you: "As an adolescent I aspired to lasting fame, I craved factual certainty, and I thirsted for a meaningful vision of human life -- so I became a scientist. This is like becoming an archbishop so you can meet girls." (Matt Cartmill)

    :-) GROMACS - gmx mdrun, 2023.2-EasyBuild_4.9.0_PLUMED_2.9.0.GMX2023 (-:

Executable:   /sw/arch/RHEL8/EB_production/2023/software/GROMACS/2023.2-foss-2023a-PLUMED-2.9.0.GMX2023/bin/gmx
Data prefix:  /sw/arch/RHEL8/EB_production/2023/software/GROMACS/2023.2-foss-2023a-PLUMED-2.9.0.GMX2023
Working dir:  /gpfs/home1/ekempkes/adipep_umbrella_grid_superfast/result_GRID20649832
Command line:
  gmx mdrun -s simulations_essentials/md.tpr -plumed Colvars/plumed_0.000_-1.885.dat -nsteps 10000 -x Colvars/traj_0.000_-1.885.xtc


Back Off! I just backed up md.log to ./#md.log.1#
Reading file simulations_essentials/md.tpr, VERSION 2022.5-plumed_2.9.3 (single precision)
Note: file tpx version 127, software tpx version 129

NOTE: Parallelization is limited by the small number of atoms,
      only starting 1 thread-MPI ranks.
      You can use the -nt and/or -ntmpi option to optimize the number of threads.

Overriding nsteps with value passed on the command line: 10000 steps, 20 ps

comm-mode angular will give incorrect results when the comm group partially crosses a periodic boundary
Using 1 MPI thread

Non-default thread affinity set, disabling internal thread affinity

Using 1 OpenMP thread 


Back Off! I just backed up traj.trr to ./#traj.trr.1#

Back Off! I just backed up ener.edr to ./#ener.edr.1#
starting mdrun 'Generated by trjconv : Generated by trjconv : Alanine in vacuum in water t= 4500.00000'
10000 steps,     20.0 ps.

Writing final coordinates.

Back Off! I just backed up confout.gro to ./#confout.gro.1#

               Core t (s)   Wall t (s)        (%)
       Time:        2.046        2.046      100.0
                 (ns/day)    (hour/ns)
Performance:      844.709        0.028

GROMACS reminds you: "Somewhere, something incredible is waiting to be known." (Carl Sagan)

    :-) GROMACS - gmx mdrun, 2023.2-EasyBuild_4.9.0_PLUMED_2.9.0.GMX2023 (-:

Executable:   /sw/arch/RHEL8/EB_production/2023/software/GROMACS/2023.2-foss-2023a-PLUMED-2.9.0.GMX2023/bin/gmx
Data prefix:  /sw/arch/RHEL8/EB_production/2023/software/GROMACS/2023.2-foss-2023a-PLUMED-2.9.0.GMX2023
Working dir:  /gpfs/home1/ekempkes/adipep_umbrella_grid_superfast/result_GRID20649832
Command line:
  gmx mdrun -s simulations_essentials/md.tpr -plumed Colvars/plumed_0.000_-1.257.dat -nsteps 10000 -x Colvars/traj_0.000_-1.257.xtc


Back Off! I just backed up md.log to ./#md.log.1#
Reading file simulations_essentials/md.tpr, VERSION 2022.5-plumed_2.9.3 (single precision)
Note: file tpx version 127, software tpx version 129

NOTE: Parallelization is limited by the small number of atoms,
      only starting 1 thread-MPI ranks.
      You can use the -nt and/or -ntmpi option to optimize the number of threads.

Overriding nsteps with value passed on the command line: 10000 steps, 20 ps

comm-mode angular will give incorrect results when the comm group partially crosses a periodic boundary
Using 1 MPI thread

Non-default thread affinity set, disabling internal thread affinity

Using 1 OpenMP thread 


Back Off! I just backed up traj.trr to ./#traj.trr.1#

Back Off! I just backed up ener.edr to ./#ener.edr.1#
starting mdrun 'Generated by trjconv : Generated by trjconv : Alanine in vacuum in water t= 4500.00000'
10000 steps,     20.0 ps.

Writing final coordinates.

Back Off! I just backed up confout.gro to ./#confout.gro.1#

               Core t (s)   Wall t (s)        (%)
       Time:        2.026        2.026      100.0
                 (ns/day)    (hour/ns)
Performance:      853.141        0.028

GROMACS reminds you: "Bad times have a scientific value. These are occasions a good learner would not miss." (Ralph Waldo Emerson)

    :-) GROMACS - gmx mdrun, 2023.2-EasyBuild_4.9.0_PLUMED_2.9.0.GMX2023 (-:

Executable:   /sw/arch/RHEL8/EB_production/2023/software/GROMACS/2023.2-foss-2023a-PLUMED-2.9.0.GMX2023/bin/gmx
Data prefix:  /sw/arch/RHEL8/EB_production/2023/software/GROMACS/2023.2-foss-2023a-PLUMED-2.9.0.GMX2023
Working dir:  /gpfs/home1/ekempkes/adipep_umbrella_grid_superfast/result_GRID20649832
Command line:
  gmx mdrun -s simulations_essentials/md.tpr -plumed Colvars/plumed_0.000_-0.628.dat -nsteps 10000 -x Colvars/traj_0.000_-0.628.xtc


Back Off! I just backed up md.log to ./#md.log.1#
Reading file simulations_essentials/md.tpr, VERSION 2022.5-plumed_2.9.3 (single precision)
Note: file tpx version 127, software tpx version 129

NOTE: Parallelization is limited by the small number of atoms,
      only starting 1 thread-MPI ranks.
      You can use the -nt and/or -ntmpi option to optimize the number of threads.

Overriding nsteps with value passed on the command line: 10000 steps, 20 ps

comm-mode angular will give incorrect results when the comm group partially crosses a periodic boundary
Using 1 MPI thread

Non-default thread affinity set, disabling internal thread affinity

Using 1 OpenMP thread 


Back Off! I just backed up traj.trr to ./#traj.trr.1#

Back Off! I just backed up ener.edr to ./#ener.edr.1#
starting mdrun 'Generated by trjconv : Generated by trjconv : Alanine in vacuum in water t= 4500.00000'
10000 steps,     20.0 ps.

Writing final coordinates.

Back Off! I just backed up confout.gro to ./#confout.gro.1#

               Core t (s)   Wall t (s)        (%)
       Time:        2.049        2.049      100.0
                 (ns/day)    (hour/ns)
Performance:      843.402        0.028

GROMACS reminds you: "We think there is color, we think there is sweet, we think there is bitter, but in reality there are atoms and a void." (Democritus)

    :-) GROMACS - gmx mdrun, 2023.2-EasyBuild_4.9.0_PLUMED_2.9.0.GMX2023 (-:

Executable:   /sw/arch/RHEL8/EB_production/2023/software/GROMACS/2023.2-foss-2023a-PLUMED-2.9.0.GMX2023/bin/gmx
Data prefix:  /sw/arch/RHEL8/EB_production/2023/software/GROMACS/2023.2-foss-2023a-PLUMED-2.9.0.GMX2023
Working dir:  /gpfs/home1/ekempkes/adipep_umbrella_grid_superfast/result_GRID20649832
Command line:
  gmx mdrun -s simulations_essentials/md.tpr -plumed Colvars/plumed_0.000_0.000.dat -nsteps 10000 -x Colvars/traj_0.000_0.000.xtc


Back Off! I just backed up md.log to ./#md.log.1#
Reading file simulations_essentials/md.tpr, VERSION 2022.5-plumed_2.9.3 (single precision)
Note: file tpx version 127, software tpx version 129

NOTE: Parallelization is limited by the small number of atoms,
      only starting 1 thread-MPI ranks.
      You can use the -nt and/or -ntmpi option to optimize the number of threads.

Overriding nsteps with value passed on the command line: 10000 steps, 20 ps

comm-mode angular will give incorrect results when the comm group partially crosses a periodic boundary
Using 1 MPI thread

Non-default thread affinity set, disabling internal thread affinity

Using 1 OpenMP thread 


Back Off! I just backed up Colvars/traj_0.000_0.000.xtc to Colvars/#traj_0.000_0.000.xtc.4#

Back Off! I just backed up traj.trr to ./#traj.trr.1#

Back Off! I just backed up ener.edr to ./#ener.edr.1#
starting mdrun 'Generated by trjconv : Generated by trjconv : Alanine in vacuum in water t= 4500.00000'
10000 steps,     20.0 ps.

Writing final coordinates.

Back Off! I just backed up confout.gro to ./#confout.gro.1#

               Core t (s)   Wall t (s)        (%)
       Time:        2.037        2.037      100.0
                 (ns/day)    (hour/ns)
Performance:      848.422        0.028

GROMACS reminds you: "There's an old saying among scientific guys: “You can't make an omelet without breaking eggs, ideally by dropping a cement truck on them from a crane." (Dave Barry)

    :-) GROMACS - gmx mdrun, 2023.2-EasyBuild_4.9.0_PLUMED_2.9.0.GMX2023 (-:

Executable:   /sw/arch/RHEL8/EB_production/2023/software/GROMACS/2023.2-foss-2023a-PLUMED-2.9.0.GMX2023/bin/gmx
Data prefix:  /sw/arch/RHEL8/EB_production/2023/software/GROMACS/2023.2-foss-2023a-PLUMED-2.9.0.GMX2023
Working dir:  /gpfs/home1/ekempkes/adipep_umbrella_grid_superfast/result_GRID20649832
Command line:
  gmx mdrun -s simulations_essentials/md.tpr -plumed Colvars/plumed_0.000_0.628.dat -nsteps 10000 -x Colvars/traj_0.000_0.628.xtc


Back Off! I just backed up md.log to ./#md.log.1#
Reading file simulations_essentials/md.tpr, VERSION 2022.5-plumed_2.9.3 (single precision)
Note: file tpx version 127, software tpx version 129

NOTE: Parallelization is limited by the small number of atoms,
      only starting 1 thread-MPI ranks.
      You can use the -nt and/or -ntmpi option to optimize the number of threads.

Overriding nsteps with value passed on the command line: 10000 steps, 20 ps

comm-mode angular will give incorrect results when the comm group partially crosses a periodic boundary
Using 1 MPI thread

Non-default thread affinity set, disabling internal thread affinity

Using 1 OpenMP thread 


Back Off! I just backed up traj.trr to ./#traj.trr.1#

Back Off! I just backed up ener.edr to ./#ener.edr.1#
starting mdrun 'Generated by trjconv : Generated by trjconv : Alanine in vacuum in water t= 4500.00000'
10000 steps,     20.0 ps.

Writing final coordinates.

Back Off! I just backed up confout.gro to ./#confout.gro.1#

               Core t (s)   Wall t (s)        (%)
       Time:        2.068        2.068      100.0
                 (ns/day)    (hour/ns)
Performance:      835.557        0.029

GROMACS reminds you: "You fight, work, sweat, nearly kill yourself, sometimes you do kill yourself, trying to accomplish something - and you can't." (Joseph Conrad)

    :-) GROMACS - gmx mdrun, 2023.2-EasyBuild_4.9.0_PLUMED_2.9.0.GMX2023 (-:

Executable:   /sw/arch/RHEL8/EB_production/2023/software/GROMACS/2023.2-foss-2023a-PLUMED-2.9.0.GMX2023/bin/gmx
Data prefix:  /sw/arch/RHEL8/EB_production/2023/software/GROMACS/2023.2-foss-2023a-PLUMED-2.9.0.GMX2023
Working dir:  /gpfs/home1/ekempkes/adipep_umbrella_grid_superfast/result_GRID20649832
Command line:
  gmx mdrun -s simulations_essentials/md.tpr -plumed Colvars/plumed_0.000_1.257.dat -nsteps 10000 -x Colvars/traj_0.000_1.257.xtc


Back Off! I just backed up md.log to ./#md.log.1#
Reading file simulations_essentials/md.tpr, VERSION 2022.5-plumed_2.9.3 (single precision)
Note: file tpx version 127, software tpx version 129

NOTE: Parallelization is limited by the small number of atoms,
      only starting 1 thread-MPI ranks.
      You can use the -nt and/or -ntmpi option to optimize the number of threads.

Overriding nsteps with value passed on the command line: 10000 steps, 20 ps

comm-mode angular will give incorrect results when the comm group partially crosses a periodic boundary
Using 1 MPI thread

Non-default thread affinity set, disabling internal thread affinity

Using 1 OpenMP thread 


Back Off! I just backed up traj.trr to ./#traj.trr.1#

Back Off! I just backed up ener.edr to ./#ener.edr.1#
starting mdrun 'Generated by trjconv : Generated by trjconv : Alanine in vacuum in water t= 4500.00000'
10000 steps,     20.0 ps.

Writing final coordinates.

Back Off! I just backed up confout.gro to ./#confout.gro.1#

               Core t (s)   Wall t (s)        (%)
       Time:        2.018        2.018      100.0
                 (ns/day)    (hour/ns)
Performance:      856.206        0.028

GROMACS reminds you: "The Poodle Bites" (F. Zappa)

    :-) GROMACS - gmx mdrun, 2023.2-EasyBuild_4.9.0_PLUMED_2.9.0.GMX2023 (-:

Executable:   /sw/arch/RHEL8/EB_production/2023/software/GROMACS/2023.2-foss-2023a-PLUMED-2.9.0.GMX2023/bin/gmx
Data prefix:  /sw/arch/RHEL8/EB_production/2023/software/GROMACS/2023.2-foss-2023a-PLUMED-2.9.0.GMX2023
Working dir:  /gpfs/home1/ekempkes/adipep_umbrella_grid_superfast/result_GRID20649832
Command line:
  gmx mdrun -s simulations_essentials/md.tpr -plumed Colvars/plumed_0.000_1.885.dat -nsteps 10000 -x Colvars/traj_0.000_1.885.xtc


Back Off! I just backed up md.log to ./#md.log.1#
Reading file simulations_essentials/md.tpr, VERSION 2022.5-plumed_2.9.3 (single precision)
Note: file tpx version 127, software tpx version 129

NOTE: Parallelization is limited by the small number of atoms,
      only starting 1 thread-MPI ranks.
      You can use the -nt and/or -ntmpi option to optimize the number of threads.

Overriding nsteps with value passed on the command line: 10000 steps, 20 ps

comm-mode angular will give incorrect results when the comm group partially crosses a periodic boundary
Using 1 MPI thread

Non-default thread affinity set, disabling internal thread affinity

Using 1 OpenMP thread 


Back Off! I just backed up traj.trr to ./#traj.trr.1#

Back Off! I just backed up ener.edr to ./#ener.edr.1#
starting mdrun 'Generated by trjconv : Generated by trjconv : Alanine in vacuum in water t= 4500.00000'
10000 steps,     20.0 ps.

Writing final coordinates.

Back Off! I just backed up confout.gro to ./#confout.gro.1#

               Core t (s)   Wall t (s)        (%)
       Time:        2.027        2.027      100.0
                 (ns/day)    (hour/ns)
Performance:      852.503        0.028

GROMACS reminds you: "They call me 007: 0 pull requests reviewed, 0 features completed, 7 bugs created." (Anonymous)

    :-) GROMACS - gmx mdrun, 2023.2-EasyBuild_4.9.0_PLUMED_2.9.0.GMX2023 (-:

Executable:   /sw/arch/RHEL8/EB_production/2023/software/GROMACS/2023.2-foss-2023a-PLUMED-2.9.0.GMX2023/bin/gmx
Data prefix:  /sw/arch/RHEL8/EB_production/2023/software/GROMACS/2023.2-foss-2023a-PLUMED-2.9.0.GMX2023
Working dir:  /gpfs/home1/ekempkes/adipep_umbrella_grid_superfast/result_GRID20649832
Command line:
  gmx mdrun -s simulations_essentials/md.tpr -plumed Colvars/plumed_0.000_2.513.dat -nsteps 10000 -x Colvars/traj_0.000_2.513.xtc


Back Off! I just backed up md.log to ./#md.log.1#
Reading file simulations_essentials/md.tpr, VERSION 2022.5-plumed_2.9.3 (single precision)
Note: file tpx version 127, software tpx version 129

NOTE: Parallelization is limited by the small number of atoms,
      only starting 1 thread-MPI ranks.
      You can use the -nt and/or -ntmpi option to optimize the number of threads.

Overriding nsteps with value passed on the command line: 10000 steps, 20 ps

comm-mode angular will give incorrect results when the comm group partially crosses a periodic boundary
Using 1 MPI thread

Non-default thread affinity set, disabling internal thread affinity

Using 1 OpenMP thread 


Back Off! I just backed up traj.trr to ./#traj.trr.1#

Back Off! I just backed up ener.edr to ./#ener.edr.1#
starting mdrun 'Generated by trjconv : Generated by trjconv : Alanine in vacuum in water t= 4500.00000'
10000 steps,     20.0 ps.

Writing final coordinates.

Back Off! I just backed up confout.gro to ./#confout.gro.1#

               Core t (s)   Wall t (s)        (%)
       Time:        2.053        2.053      100.0
                 (ns/day)    (hour/ns)
Performance:      841.802        0.029

GROMACS reminds you: "This is extremely unlikely." (Berk Hess)

    :-) GROMACS - gmx mdrun, 2023.2-EasyBuild_4.9.0_PLUMED_2.9.0.GMX2023 (-:

Executable:   /sw/arch/RHEL8/EB_production/2023/software/GROMACS/2023.2-foss-2023a-PLUMED-2.9.0.GMX2023/bin/gmx
Data prefix:  /sw/arch/RHEL8/EB_production/2023/software/GROMACS/2023.2-foss-2023a-PLUMED-2.9.0.GMX2023
Working dir:  /gpfs/home1/ekempkes/adipep_umbrella_grid_superfast/result_GRID20649832
Command line:
  gmx mdrun -s simulations_essentials/md.tpr -plumed Colvars/plumed_0.628_-3.142.dat -nsteps 10000 -x Colvars/traj_0.628_-3.142.xtc


Back Off! I just backed up md.log to ./#md.log.1#
Reading file simulations_essentials/md.tpr, VERSION 2022.5-plumed_2.9.3 (single precision)
Note: file tpx version 127, software tpx version 129

NOTE: Parallelization is limited by the small number of atoms,
      only starting 1 thread-MPI ranks.
      You can use the -nt and/or -ntmpi option to optimize the number of threads.

Overriding nsteps with value passed on the command line: 10000 steps, 20 ps

comm-mode angular will give incorrect results when the comm group partially crosses a periodic boundary
Using 1 MPI thread

Non-default thread affinity set, disabling internal thread affinity

Using 1 OpenMP thread 


Back Off! I just backed up Colvars/traj_0.628_-3.142.xtc to Colvars/#traj_0.628_-3.142.xtc.1#

Back Off! I just backed up traj.trr to ./#traj.trr.1#

Back Off! I just backed up ener.edr to ./#ener.edr.1#
starting mdrun 'Generated by trjconv : Generated by trjconv : Alanine in vacuum in water t= 4500.00000'
10000 steps,     20.0 ps.

Writing final coordinates.

Back Off! I just backed up confout.gro to ./#confout.gro.1#

               Core t (s)   Wall t (s)        (%)
       Time:        2.030        2.030      100.0
                 (ns/day)    (hour/ns)
Performance:      851.162        0.028

GROMACS reminds you: "Science is the record of dead religions." (Oscar Wilde)

    :-) GROMACS - gmx mdrun, 2023.2-EasyBuild_4.9.0_PLUMED_2.9.0.GMX2023 (-:

Executable:   /sw/arch/RHEL8/EB_production/2023/software/GROMACS/2023.2-foss-2023a-PLUMED-2.9.0.GMX2023/bin/gmx
Data prefix:  /sw/arch/RHEL8/EB_production/2023/software/GROMACS/2023.2-foss-2023a-PLUMED-2.9.0.GMX2023
Working dir:  /gpfs/home1/ekempkes/adipep_umbrella_grid_superfast/result_GRID20649832
Command line:
  gmx mdrun -s simulations_essentials/md.tpr -plumed Colvars/plumed_0.628_-2.513.dat -nsteps 10000 -x Colvars/traj_0.628_-2.513.xtc


Back Off! I just backed up md.log to ./#md.log.1#
Reading file simulations_essentials/md.tpr, VERSION 2022.5-plumed_2.9.3 (single precision)
Note: file tpx version 127, software tpx version 129

NOTE: Parallelization is limited by the small number of atoms,
      only starting 1 thread-MPI ranks.
      You can use the -nt and/or -ntmpi option to optimize the number of threads.

Overriding nsteps with value passed on the command line: 10000 steps, 20 ps

comm-mode angular will give incorrect results when the comm group partially crosses a periodic boundary
Using 1 MPI thread

Non-default thread affinity set, disabling internal thread affinity

Using 1 OpenMP thread 


Back Off! I just backed up traj.trr to ./#traj.trr.1#

Back Off! I just backed up ener.edr to ./#ener.edr.1#
starting mdrun 'Generated by trjconv : Generated by trjconv : Alanine in vacuum in water t= 4500.00000'
10000 steps,     20.0 ps.

Writing final coordinates.

Back Off! I just backed up confout.gro to ./#confout.gro.1#

               Core t (s)   Wall t (s)        (%)
       Time:        2.032        2.032      100.0
                 (ns/day)    (hour/ns)
Performance:      850.304        0.028

GROMACS reminds you: "There is no reason for any individual to have a computer in his home." (Ken Olsen, head of Digital Equipment Corp.)

    :-) GROMACS - gmx mdrun, 2023.2-EasyBuild_4.9.0_PLUMED_2.9.0.GMX2023 (-:

Executable:   /sw/arch/RHEL8/EB_production/2023/software/GROMACS/2023.2-foss-2023a-PLUMED-2.9.0.GMX2023/bin/gmx
Data prefix:  /sw/arch/RHEL8/EB_production/2023/software/GROMACS/2023.2-foss-2023a-PLUMED-2.9.0.GMX2023
Working dir:  /gpfs/home1/ekempkes/adipep_umbrella_grid_superfast/result_GRID20649832
Command line:
  gmx mdrun -s simulations_essentials/md.tpr -plumed Colvars/plumed_0.628_-1.885.dat -nsteps 10000 -x Colvars/traj_0.628_-1.885.xtc


Back Off! I just backed up md.log to ./#md.log.1#
Reading file simulations_essentials/md.tpr, VERSION 2022.5-plumed_2.9.3 (single precision)
Note: file tpx version 127, software tpx version 129

NOTE: Parallelization is limited by the small number of atoms,
      only starting 1 thread-MPI ranks.
      You can use the -nt and/or -ntmpi option to optimize the number of threads.

Overriding nsteps with value passed on the command line: 10000 steps, 20 ps

comm-mode angular will give incorrect results when the comm group partially crosses a periodic boundary
Using 1 MPI thread

Non-default thread affinity set, disabling internal thread affinity

Using 1 OpenMP thread 


Back Off! I just backed up Colvars/traj_0.628_-1.885.xtc to Colvars/#traj_0.628_-1.885.xtc.1#

Back Off! I just backed up traj.trr to ./#traj.trr.1#

Back Off! I just backed up ener.edr to ./#ener.edr.1#
starting mdrun 'Generated by trjconv : Generated by trjconv : Alanine in vacuum in water t= 4500.00000'
10000 steps,     20.0 ps.

Writing final coordinates.

Back Off! I just backed up confout.gro to ./#confout.gro.1#

               Core t (s)   Wall t (s)        (%)
       Time:        2.194        2.194      100.0
                 (ns/day)    (hour/ns)
Performance:      787.587        0.030

GROMACS reminds you: "I spent a lot of money on booze, birds and fast cars. The rest I just squandered." (George Best)

    :-) GROMACS - gmx mdrun, 2023.2-EasyBuild_4.9.0_PLUMED_2.9.0.GMX2023 (-:

Executable:   /sw/arch/RHEL8/EB_production/2023/software/GROMACS/2023.2-foss-2023a-PLUMED-2.9.0.GMX2023/bin/gmx
Data prefix:  /sw/arch/RHEL8/EB_production/2023/software/GROMACS/2023.2-foss-2023a-PLUMED-2.9.0.GMX2023
Working dir:  /gpfs/home1/ekempkes/adipep_umbrella_grid_superfast/result_GRID20649832
Command line:
  gmx mdrun -s simulations_essentials/md.tpr -plumed Colvars/plumed_0.628_-1.257.dat -nsteps 10000 -x Colvars/traj_0.628_-1.257.xtc


Back Off! I just backed up md.log to ./#md.log.1#
Reading file simulations_essentials/md.tpr, VERSION 2022.5-plumed_2.9.3 (single precision)
Note: file tpx version 127, software tpx version 129

NOTE: Parallelization is limited by the small number of atoms,
      only starting 1 thread-MPI ranks.
      You can use the -nt and/or -ntmpi option to optimize the number of threads.

Overriding nsteps with value passed on the command line: 10000 steps, 20 ps

comm-mode angular will give incorrect results when the comm group partially crosses a periodic boundary
Using 1 MPI thread

Non-default thread affinity set, disabling internal thread affinity

Using 1 OpenMP thread 


Back Off! I just backed up traj.trr to ./#traj.trr.1#

Back Off! I just backed up ener.edr to ./#ener.edr.1#
starting mdrun 'Generated by trjconv : Generated by trjconv : Alanine in vacuum in water t= 4500.00000'
10000 steps,     20.0 ps.

Writing final coordinates.

Back Off! I just backed up confout.gro to ./#confout.gro.1#

               Core t (s)   Wall t (s)        (%)
       Time:        2.013        2.014      100.0
                 (ns/day)    (hour/ns)
Performance:      858.273        0.028

GROMACS reminds you: "Sir, spare your threats: The bug which you would fright me with I seek." (Hermione, Act III, scene II of Shakespeare's Winter's Tale)

    :-) GROMACS - gmx mdrun, 2023.2-EasyBuild_4.9.0_PLUMED_2.9.0.GMX2023 (-:

Executable:   /sw/arch/RHEL8/EB_production/2023/software/GROMACS/2023.2-foss-2023a-PLUMED-2.9.0.GMX2023/bin/gmx
Data prefix:  /sw/arch/RHEL8/EB_production/2023/software/GROMACS/2023.2-foss-2023a-PLUMED-2.9.0.GMX2023
Working dir:  /gpfs/home1/ekempkes/adipep_umbrella_grid_superfast/result_GRID20649832
Command line:
  gmx mdrun -s simulations_essentials/md.tpr -plumed Colvars/plumed_0.628_-0.628.dat -nsteps 10000 -x Colvars/traj_0.628_-0.628.xtc


Back Off! I just backed up md.log to ./#md.log.1#
Reading file simulations_essentials/md.tpr, VERSION 2022.5-plumed_2.9.3 (single precision)
Note: file tpx version 127, software tpx version 129

NOTE: Parallelization is limited by the small number of atoms,
      only starting 1 thread-MPI ranks.
      You can use the -nt and/or -ntmpi option to optimize the number of threads.

Overriding nsteps with value passed on the command line: 10000 steps, 20 ps

comm-mode angular will give incorrect results when the comm group partially crosses a periodic boundary
Using 1 MPI thread

Non-default thread affinity set, disabling internal thread affinity

Using 1 OpenMP thread 


Back Off! I just backed up Colvars/traj_0.628_-0.628.xtc to Colvars/#traj_0.628_-0.628.xtc.1#

Back Off! I just backed up traj.trr to ./#traj.trr.1#

Back Off! I just backed up ener.edr to ./#ener.edr.1#
starting mdrun 'Generated by trjconv : Generated by trjconv : Alanine in vacuum in water t= 4500.00000'
10000 steps,     20.0 ps.

Writing final coordinates.

Back Off! I just backed up confout.gro to ./#confout.gro.1#

               Core t (s)   Wall t (s)        (%)
       Time:        2.045        2.045      100.0
                 (ns/day)    (hour/ns)
Performance:      844.976        0.028

GROMACS reminds you: "I think it would be a good idea." (Mahatma Gandhi, when asked what he thought of Western civilization)

    :-) GROMACS - gmx mdrun, 2023.2-EasyBuild_4.9.0_PLUMED_2.9.0.GMX2023 (-:

Executable:   /sw/arch/RHEL8/EB_production/2023/software/GROMACS/2023.2-foss-2023a-PLUMED-2.9.0.GMX2023/bin/gmx
Data prefix:  /sw/arch/RHEL8/EB_production/2023/software/GROMACS/2023.2-foss-2023a-PLUMED-2.9.0.GMX2023
Working dir:  /gpfs/home1/ekempkes/adipep_umbrella_grid_superfast/result_GRID20649832
Command line:
  gmx mdrun -s simulations_essentials/md.tpr -plumed Colvars/plumed_0.628_0.000.dat -nsteps 10000 -x Colvars/traj_0.628_0.000.xtc


Back Off! I just backed up md.log to ./#md.log.1#
Reading file simulations_essentials/md.tpr, VERSION 2022.5-plumed_2.9.3 (single precision)
Note: file tpx version 127, software tpx version 129

NOTE: Parallelization is limited by the small number of atoms,
      only starting 1 thread-MPI ranks.
      You can use the -nt and/or -ntmpi option to optimize the number of threads.

Overriding nsteps with value passed on the command line: 10000 steps, 20 ps

comm-mode angular will give incorrect results when the comm group partially crosses a periodic boundary
Using 1 MPI thread

Non-default thread affinity set, disabling internal thread affinity

Using 1 OpenMP thread 


Back Off! I just backed up traj.trr to ./#traj.trr.1#

Back Off! I just backed up ener.edr to ./#ener.edr.1#
starting mdrun 'Generated by trjconv : Generated by trjconv : Alanine in vacuum in water t= 4500.00000'
10000 steps,     20.0 ps.

Writing final coordinates.

Back Off! I just backed up confout.gro to ./#confout.gro.1#

               Core t (s)   Wall t (s)        (%)
       Time:        2.018        2.018      100.0
                 (ns/day)    (hour/ns)
Performance:      856.351        0.028

GROMACS reminds you: "I Wrapped a Newspaper Round My Head" (F. Zappa)

    :-) GROMACS - gmx mdrun, 2023.2-EasyBuild_4.9.0_PLUMED_2.9.0.GMX2023 (-:

Executable:   /sw/arch/RHEL8/EB_production/2023/software/GROMACS/2023.2-foss-2023a-PLUMED-2.9.0.GMX2023/bin/gmx
Data prefix:  /sw/arch/RHEL8/EB_production/2023/software/GROMACS/2023.2-foss-2023a-PLUMED-2.9.0.GMX2023
Working dir:  /gpfs/home1/ekempkes/adipep_umbrella_grid_superfast/result_GRID20649832
Command line:
  gmx mdrun -s simulations_essentials/md.tpr -plumed Colvars/plumed_0.628_0.628.dat -nsteps 10000 -x Colvars/traj_0.628_0.628.xtc


Back Off! I just backed up md.log to ./#md.log.1#
Reading file simulations_essentials/md.tpr, VERSION 2022.5-plumed_2.9.3 (single precision)
Note: file tpx version 127, software tpx version 129

NOTE: Parallelization is limited by the small number of atoms,
      only starting 1 thread-MPI ranks.
      You can use the -nt and/or -ntmpi option to optimize the number of threads.

Overriding nsteps with value passed on the command line: 10000 steps, 20 ps

comm-mode angular will give incorrect results when the comm group partially crosses a periodic boundary
Using 1 MPI thread

Non-default thread affinity set, disabling internal thread affinity

Using 1 OpenMP thread 


Back Off! I just backed up Colvars/traj_0.628_0.628.xtc to Colvars/#traj_0.628_0.628.xtc.1#

Back Off! I just backed up traj.trr to ./#traj.trr.1#

Back Off! I just backed up ener.edr to ./#ener.edr.1#
starting mdrun 'Generated by trjconv : Generated by trjconv : Alanine in vacuum in water t= 4500.00000'
10000 steps,     20.0 ps.

Writing final coordinates.

Back Off! I just backed up confout.gro to ./#confout.gro.1#

               Core t (s)   Wall t (s)        (%)
       Time:        2.073        2.073      100.0
                 (ns/day)    (hour/ns)
Performance:      833.483        0.029

GROMACS reminds you: "All I Ever Wanted Was Your Life" (Red Hot Chili Peppers)

    :-) GROMACS - gmx mdrun, 2023.2-EasyBuild_4.9.0_PLUMED_2.9.0.GMX2023 (-:

Executable:   /sw/arch/RHEL8/EB_production/2023/software/GROMACS/2023.2-foss-2023a-PLUMED-2.9.0.GMX2023/bin/gmx
Data prefix:  /sw/arch/RHEL8/EB_production/2023/software/GROMACS/2023.2-foss-2023a-PLUMED-2.9.0.GMX2023
Working dir:  /gpfs/home1/ekempkes/adipep_umbrella_grid_superfast/result_GRID20649832
Command line:
  gmx mdrun -s simulations_essentials/md.tpr -plumed Colvars/plumed_0.628_1.257.dat -nsteps 10000 -x Colvars/traj_0.628_1.257.xtc


Back Off! I just backed up md.log to ./#md.log.1#
Reading file simulations_essentials/md.tpr, VERSION 2022.5-plumed_2.9.3 (single precision)
Note: file tpx version 127, software tpx version 129

NOTE: Parallelization is limited by the small number of atoms,
      only starting 1 thread-MPI ranks.
      You can use the -nt and/or -ntmpi option to optimize the number of threads.

Overriding nsteps with value passed on the command line: 10000 steps, 20 ps

comm-mode angular will give incorrect results when the comm group partially crosses a periodic boundary
Using 1 MPI thread

Non-default thread affinity set, disabling internal thread affinity

Using 1 OpenMP thread 


Back Off! I just backed up traj.trr to ./#traj.trr.1#

Back Off! I just backed up ener.edr to ./#ener.edr.1#
starting mdrun 'Generated by trjconv : Generated by trjconv : Alanine in vacuum in water t= 4500.00000'
10000 steps,     20.0 ps.

Writing final coordinates.

Back Off! I just backed up confout.gro to ./#confout.gro.1#

               Core t (s)   Wall t (s)        (%)
       Time:        2.078        2.078      100.0
                 (ns/day)    (hour/ns)
Performance:      831.631        0.029

GROMACS reminds you: "You got one part of that wrong. This is not meth." (Breaking Bad)

    :-) GROMACS - gmx mdrun, 2023.2-EasyBuild_4.9.0_PLUMED_2.9.0.GMX2023 (-:

Executable:   /sw/arch/RHEL8/EB_production/2023/software/GROMACS/2023.2-foss-2023a-PLUMED-2.9.0.GMX2023/bin/gmx
Data prefix:  /sw/arch/RHEL8/EB_production/2023/software/GROMACS/2023.2-foss-2023a-PLUMED-2.9.0.GMX2023
Working dir:  /gpfs/home1/ekempkes/adipep_umbrella_grid_superfast/result_GRID20649832
Command line:
  gmx mdrun -s simulations_essentials/md.tpr -plumed Colvars/plumed_0.628_1.885.dat -nsteps 10000 -x Colvars/traj_0.628_1.885.xtc


Back Off! I just backed up md.log to ./#md.log.1#
Reading file simulations_essentials/md.tpr, VERSION 2022.5-plumed_2.9.3 (single precision)
Note: file tpx version 127, software tpx version 129

NOTE: Parallelization is limited by the small number of atoms,
      only starting 1 thread-MPI ranks.
      You can use the -nt and/or -ntmpi option to optimize the number of threads.

Overriding nsteps with value passed on the command line: 10000 steps, 20 ps

comm-mode angular will give incorrect results when the comm group partially crosses a periodic boundary
Using 1 MPI thread

Non-default thread affinity set, disabling internal thread affinity

Using 1 OpenMP thread 


Back Off! I just backed up Colvars/traj_0.628_1.885.xtc to Colvars/#traj_0.628_1.885.xtc.1#

Back Off! I just backed up traj.trr to ./#traj.trr.1#

Back Off! I just backed up ener.edr to ./#ener.edr.1#
starting mdrun 'Generated by trjconv : Generated by trjconv : Alanine in vacuum in water t= 4500.00000'
10000 steps,     20.0 ps.

Writing final coordinates.

Back Off! I just backed up confout.gro to ./#confout.gro.1#

               Core t (s)   Wall t (s)        (%)
       Time:        2.046        2.047      100.0
                 (ns/day)    (hour/ns)
Performance:      844.418        0.028

GROMACS reminds you: "She Needs Cash to Buy Aspirine For Her Pain" (LIVE)

    :-) GROMACS - gmx mdrun, 2023.2-EasyBuild_4.9.0_PLUMED_2.9.0.GMX2023 (-:

Executable:   /sw/arch/RHEL8/EB_production/2023/software/GROMACS/2023.2-foss-2023a-PLUMED-2.9.0.GMX2023/bin/gmx
Data prefix:  /sw/arch/RHEL8/EB_production/2023/software/GROMACS/2023.2-foss-2023a-PLUMED-2.9.0.GMX2023
Working dir:  /gpfs/home1/ekempkes/adipep_umbrella_grid_superfast/result_GRID20649832
Command line:
  gmx mdrun -s simulations_essentials/md.tpr -plumed Colvars/plumed_0.628_2.513.dat -nsteps 10000 -x Colvars/traj_0.628_2.513.xtc


Back Off! I just backed up md.log to ./#md.log.1#
Reading file simulations_essentials/md.tpr, VERSION 2022.5-plumed_2.9.3 (single precision)
Note: file tpx version 127, software tpx version 129

NOTE: Parallelization is limited by the small number of atoms,
      only starting 1 thread-MPI ranks.
      You can use the -nt and/or -ntmpi option to optimize the number of threads.

Overriding nsteps with value passed on the command line: 10000 steps, 20 ps

comm-mode angular will give incorrect results when the comm group partially crosses a periodic boundary
Using 1 MPI thread

Non-default thread affinity set, disabling internal thread affinity

Using 1 OpenMP thread 


Back Off! I just backed up traj.trr to ./#traj.trr.1#

Back Off! I just backed up ener.edr to ./#ener.edr.1#
starting mdrun 'Generated by trjconv : Generated by trjconv : Alanine in vacuum in water t= 4500.00000'
10000 steps,     20.0 ps.

Writing final coordinates.

Back Off! I just backed up confout.gro to ./#confout.gro.1#

               Core t (s)   Wall t (s)        (%)
       Time:        2.036        2.036      100.0
                 (ns/day)    (hour/ns)
Performance:      848.948        0.028

GROMACS reminds you: "I never thought of stopping, and I just hated sleeping. I can't imagine having a better life." (Barbara McClintock)

    :-) GROMACS - gmx mdrun, 2023.2-EasyBuild_4.9.0_PLUMED_2.9.0.GMX2023 (-:

Executable:   /sw/arch/RHEL8/EB_production/2023/software/GROMACS/2023.2-foss-2023a-PLUMED-2.9.0.GMX2023/bin/gmx
Data prefix:  /sw/arch/RHEL8/EB_production/2023/software/GROMACS/2023.2-foss-2023a-PLUMED-2.9.0.GMX2023
Working dir:  /gpfs/home1/ekempkes/adipep_umbrella_grid_superfast/result_GRID20649832
Command line:
  gmx mdrun -s simulations_essentials/md.tpr -plumed Colvars/plumed_1.257_-3.142.dat -nsteps 10000 -x Colvars/traj_1.257_-3.142.xtc


Back Off! I just backed up md.log to ./#md.log.1#
Reading file simulations_essentials/md.tpr, VERSION 2022.5-plumed_2.9.3 (single precision)
Note: file tpx version 127, software tpx version 129

NOTE: Parallelization is limited by the small number of atoms,
      only starting 1 thread-MPI ranks.
      You can use the -nt and/or -ntmpi option to optimize the number of threads.

Overriding nsteps with value passed on the command line: 10000 steps, 20 ps

comm-mode angular will give incorrect results when the comm group partially crosses a periodic boundary
Using 1 MPI thread

Non-default thread affinity set, disabling internal thread affinity

Using 1 OpenMP thread 


Back Off! I just backed up traj.trr to ./#traj.trr.1#

Back Off! I just backed up ener.edr to ./#ener.edr.1#
starting mdrun 'Generated by trjconv : Generated by trjconv : Alanine in vacuum in water t= 4500.00000'
10000 steps,     20.0 ps.

Writing final coordinates.

Back Off! I just backed up confout.gro to ./#confout.gro.1#

               Core t (s)   Wall t (s)        (%)
       Time:        2.077        2.078      100.0
                 (ns/day)    (hour/ns)
Performance:      831.835        0.029

GROMACS reminds you: "Drugs are Bad, mmokay" (South Park)

    :-) GROMACS - gmx mdrun, 2023.2-EasyBuild_4.9.0_PLUMED_2.9.0.GMX2023 (-:

Executable:   /sw/arch/RHEL8/EB_production/2023/software/GROMACS/2023.2-foss-2023a-PLUMED-2.9.0.GMX2023/bin/gmx
Data prefix:  /sw/arch/RHEL8/EB_production/2023/software/GROMACS/2023.2-foss-2023a-PLUMED-2.9.0.GMX2023
Working dir:  /gpfs/home1/ekempkes/adipep_umbrella_grid_superfast/result_GRID20649832
Command line:
  gmx mdrun -s simulations_essentials/md.tpr -plumed Colvars/plumed_1.257_-2.513.dat -nsteps 10000 -x Colvars/traj_1.257_-2.513.xtc


Back Off! I just backed up md.log to ./#md.log.1#
Reading file simulations_essentials/md.tpr, VERSION 2022.5-plumed_2.9.3 (single precision)
Note: file tpx version 127, software tpx version 129

NOTE: Parallelization is limited by the small number of atoms,
      only starting 1 thread-MPI ranks.
      You can use the -nt and/or -ntmpi option to optimize the number of threads.

Overriding nsteps with value passed on the command line: 10000 steps, 20 ps

comm-mode angular will give incorrect results when the comm group partially crosses a periodic boundary
Using 1 MPI thread

Non-default thread affinity set, disabling internal thread affinity

Using 1 OpenMP thread 


Back Off! I just backed up traj.trr to ./#traj.trr.1#

Back Off! I just backed up ener.edr to ./#ener.edr.1#
starting mdrun 'Generated by trjconv : Generated by trjconv : Alanine in vacuum in water t= 4500.00000'
10000 steps,     20.0 ps.

Writing final coordinates.

Back Off! I just backed up confout.gro to ./#confout.gro.1#

               Core t (s)   Wall t (s)        (%)
       Time:        2.045        2.045      100.0
                 (ns/day)    (hour/ns)
Performance:      845.109        0.028

GROMACS reminds you: "I like to wait, then I feel like I do something" (Carl Caleman)

    :-) GROMACS - gmx mdrun, 2023.2-EasyBuild_4.9.0_PLUMED_2.9.0.GMX2023 (-:

Executable:   /sw/arch/RHEL8/EB_production/2023/software/GROMACS/2023.2-foss-2023a-PLUMED-2.9.0.GMX2023/bin/gmx
Data prefix:  /sw/arch/RHEL8/EB_production/2023/software/GROMACS/2023.2-foss-2023a-PLUMED-2.9.0.GMX2023
Working dir:  /gpfs/home1/ekempkes/adipep_umbrella_grid_superfast/result_GRID20649832
Command line:
  gmx mdrun -s simulations_essentials/md.tpr -plumed Colvars/plumed_1.257_-1.885.dat -nsteps 10000 -x Colvars/traj_1.257_-1.885.xtc


Back Off! I just backed up md.log to ./#md.log.1#
Reading file simulations_essentials/md.tpr, VERSION 2022.5-plumed_2.9.3 (single precision)
Note: file tpx version 127, software tpx version 129

NOTE: Parallelization is limited by the small number of atoms,
      only starting 1 thread-MPI ranks.
      You can use the -nt and/or -ntmpi option to optimize the number of threads.

Overriding nsteps with value passed on the command line: 10000 steps, 20 ps

comm-mode angular will give incorrect results when the comm group partially crosses a periodic boundary
Using 1 MPI thread

Non-default thread affinity set, disabling internal thread affinity

Using 1 OpenMP thread 


Back Off! I just backed up traj.trr to ./#traj.trr.1#

Back Off! I just backed up ener.edr to ./#ener.edr.1#
starting mdrun 'Generated by trjconv : Generated by trjconv : Alanine in vacuum in water t= 4500.00000'
10000 steps,     20.0 ps.

Writing final coordinates.

Back Off! I just backed up confout.gro to ./#confout.gro.1#

               Core t (s)   Wall t (s)        (%)
       Time:        2.033        2.033      100.0
                 (ns/day)    (hour/ns)
Performance:      849.944        0.028

GROMACS reminds you: "On average, it takes twenty years for the world's largest super computer to shrink down to the size of your laptop." (Pete Beckman)

    :-) GROMACS - gmx mdrun, 2023.2-EasyBuild_4.9.0_PLUMED_2.9.0.GMX2023 (-:

Executable:   /sw/arch/RHEL8/EB_production/2023/software/GROMACS/2023.2-foss-2023a-PLUMED-2.9.0.GMX2023/bin/gmx
Data prefix:  /sw/arch/RHEL8/EB_production/2023/software/GROMACS/2023.2-foss-2023a-PLUMED-2.9.0.GMX2023
Working dir:  /gpfs/home1/ekempkes/adipep_umbrella_grid_superfast/result_GRID20649832
Command line:
  gmx mdrun -s simulations_essentials/md.tpr -plumed Colvars/plumed_1.257_-1.257.dat -nsteps 10000 -x Colvars/traj_1.257_-1.257.xtc


Back Off! I just backed up md.log to ./#md.log.1#
Reading file simulations_essentials/md.tpr, VERSION 2022.5-plumed_2.9.3 (single precision)
Note: file tpx version 127, software tpx version 129

NOTE: Parallelization is limited by the small number of atoms,
      only starting 1 thread-MPI ranks.
      You can use the -nt and/or -ntmpi option to optimize the number of threads.

Overriding nsteps with value passed on the command line: 10000 steps, 20 ps

comm-mode angular will give incorrect results when the comm group partially crosses a periodic boundary
Using 1 MPI thread

Non-default thread affinity set, disabling internal thread affinity

Using 1 OpenMP thread 


Back Off! I just backed up traj.trr to ./#traj.trr.1#

Back Off! I just backed up ener.edr to ./#ener.edr.1#
starting mdrun 'Generated by trjconv : Generated by trjconv : Alanine in vacuum in water t= 4500.00000'
10000 steps,     20.0 ps.

Writing final coordinates.

Back Off! I just backed up confout.gro to ./#confout.gro.1#

               Core t (s)   Wall t (s)        (%)
       Time:        2.045        2.046      100.0
                 (ns/day)    (hour/ns)
Performance:      844.833        0.028

GROMACS reminds you: "Fifty years of programming language research, and we end up with C++???" (Richard O'Keefe)

    :-) GROMACS - gmx mdrun, 2023.2-EasyBuild_4.9.0_PLUMED_2.9.0.GMX2023 (-:

Executable:   /sw/arch/RHEL8/EB_production/2023/software/GROMACS/2023.2-foss-2023a-PLUMED-2.9.0.GMX2023/bin/gmx
Data prefix:  /sw/arch/RHEL8/EB_production/2023/software/GROMACS/2023.2-foss-2023a-PLUMED-2.9.0.GMX2023
Working dir:  /gpfs/home1/ekempkes/adipep_umbrella_grid_superfast/result_GRID20649832
Command line:
  gmx mdrun -s simulations_essentials/md.tpr -plumed Colvars/plumed_1.257_-0.628.dat -nsteps 10000 -x Colvars/traj_1.257_-0.628.xtc


Back Off! I just backed up md.log to ./#md.log.1#
Reading file simulations_essentials/md.tpr, VERSION 2022.5-plumed_2.9.3 (single precision)
Note: file tpx version 127, software tpx version 129

NOTE: Parallelization is limited by the small number of atoms,
      only starting 1 thread-MPI ranks.
      You can use the -nt and/or -ntmpi option to optimize the number of threads.

Overriding nsteps with value passed on the command line: 10000 steps, 20 ps

comm-mode angular will give incorrect results when the comm group partially crosses a periodic boundary
Using 1 MPI thread

Non-default thread affinity set, disabling internal thread affinity

Using 1 OpenMP thread 


Back Off! I just backed up traj.trr to ./#traj.trr.1#

Back Off! I just backed up ener.edr to ./#ener.edr.1#
starting mdrun 'Generated by trjconv : Generated by trjconv : Alanine in vacuum in water t= 4500.00000'
10000 steps,     20.0 ps.

Writing final coordinates.

Back Off! I just backed up confout.gro to ./#confout.gro.1#

               Core t (s)   Wall t (s)        (%)
       Time:        2.038        2.038      100.0
                 (ns/day)    (hour/ns)
Performance:      847.807        0.028

GROMACS reminds you: "It Doesn't Seem Right, No Computers in Sight" (Faun Fables)

    :-) GROMACS - gmx mdrun, 2023.2-EasyBuild_4.9.0_PLUMED_2.9.0.GMX2023 (-:

Executable:   /sw/arch/RHEL8/EB_production/2023/software/GROMACS/2023.2-foss-2023a-PLUMED-2.9.0.GMX2023/bin/gmx
Data prefix:  /sw/arch/RHEL8/EB_production/2023/software/GROMACS/2023.2-foss-2023a-PLUMED-2.9.0.GMX2023
Working dir:  /gpfs/home1/ekempkes/adipep_umbrella_grid_superfast/result_GRID20649832
Command line:
  gmx mdrun -s simulations_essentials/md.tpr -plumed Colvars/plumed_1.257_0.000.dat -nsteps 10000 -x Colvars/traj_1.257_0.000.xtc


Back Off! I just backed up md.log to ./#md.log.1#
Reading file simulations_essentials/md.tpr, VERSION 2022.5-plumed_2.9.3 (single precision)
Note: file tpx version 127, software tpx version 129

NOTE: Parallelization is limited by the small number of atoms,
      only starting 1 thread-MPI ranks.
      You can use the -nt and/or -ntmpi option to optimize the number of threads.

Overriding nsteps with value passed on the command line: 10000 steps, 20 ps

comm-mode angular will give incorrect results when the comm group partially crosses a periodic boundary
Using 1 MPI thread

Non-default thread affinity set, disabling internal thread affinity

Using 1 OpenMP thread 


Back Off! I just backed up traj.trr to ./#traj.trr.1#

Back Off! I just backed up ener.edr to ./#ener.edr.1#
starting mdrun 'Generated by trjconv : Generated by trjconv : Alanine in vacuum in water t= 4500.00000'
10000 steps,     20.0 ps.

Writing final coordinates.

Back Off! I just backed up confout.gro to ./#confout.gro.1#

               Core t (s)   Wall t (s)        (%)
       Time:        2.068        2.068      100.0
                 (ns/day)    (hour/ns)
Performance:      835.625        0.029

GROMACS reminds you: "We mathematicians are all a bit crazy." (Lev Landau)

    :-) GROMACS - gmx mdrun, 2023.2-EasyBuild_4.9.0_PLUMED_2.9.0.GMX2023 (-:

Executable:   /sw/arch/RHEL8/EB_production/2023/software/GROMACS/2023.2-foss-2023a-PLUMED-2.9.0.GMX2023/bin/gmx
Data prefix:  /sw/arch/RHEL8/EB_production/2023/software/GROMACS/2023.2-foss-2023a-PLUMED-2.9.0.GMX2023
Working dir:  /gpfs/home1/ekempkes/adipep_umbrella_grid_superfast/result_GRID20649832
Command line:
  gmx mdrun -s simulations_essentials/md.tpr -plumed Colvars/plumed_1.257_0.628.dat -nsteps 10000 -x Colvars/traj_1.257_0.628.xtc


Back Off! I just backed up md.log to ./#md.log.1#
Reading file simulations_essentials/md.tpr, VERSION 2022.5-plumed_2.9.3 (single precision)
Note: file tpx version 127, software tpx version 129

NOTE: Parallelization is limited by the small number of atoms,
      only starting 1 thread-MPI ranks.
      You can use the -nt and/or -ntmpi option to optimize the number of threads.

Overriding nsteps with value passed on the command line: 10000 steps, 20 ps

comm-mode angular will give incorrect results when the comm group partially crosses a periodic boundary
Using 1 MPI thread

Non-default thread affinity set, disabling internal thread affinity

Using 1 OpenMP thread 


Back Off! I just backed up traj.trr to ./#traj.trr.1#

Back Off! I just backed up ener.edr to ./#ener.edr.1#
starting mdrun 'Generated by trjconv : Generated by trjconv : Alanine in vacuum in water t= 4500.00000'
10000 steps,     20.0 ps.

Writing final coordinates.

Back Off! I just backed up confout.gro to ./#confout.gro.1#

               Core t (s)   Wall t (s)        (%)
       Time:        2.023        2.023      100.0
                 (ns/day)    (hour/ns)
Performance:      854.060        0.028

GROMACS reminds you: "Baby, It Aint Over Till It's Over" (Lenny Kravitz)

    :-) GROMACS - gmx mdrun, 2023.2-EasyBuild_4.9.0_PLUMED_2.9.0.GMX2023 (-:

Executable:   /sw/arch/RHEL8/EB_production/2023/software/GROMACS/2023.2-foss-2023a-PLUMED-2.9.0.GMX2023/bin/gmx
Data prefix:  /sw/arch/RHEL8/EB_production/2023/software/GROMACS/2023.2-foss-2023a-PLUMED-2.9.0.GMX2023
Working dir:  /gpfs/home1/ekempkes/adipep_umbrella_grid_superfast/result_GRID20649832
Command line:
  gmx mdrun -s simulations_essentials/md.tpr -plumed Colvars/plumed_1.257_1.257.dat -nsteps 10000 -x Colvars/traj_1.257_1.257.xtc


Back Off! I just backed up md.log to ./#md.log.1#
Reading file simulations_essentials/md.tpr, VERSION 2022.5-plumed_2.9.3 (single precision)
Note: file tpx version 127, software tpx version 129

NOTE: Parallelization is limited by the small number of atoms,
      only starting 1 thread-MPI ranks.
      You can use the -nt and/or -ntmpi option to optimize the number of threads.

Overriding nsteps with value passed on the command line: 10000 steps, 20 ps

comm-mode angular will give incorrect results when the comm group partially crosses a periodic boundary
Using 1 MPI thread

Non-default thread affinity set, disabling internal thread affinity

Using 1 OpenMP thread 


Back Off! I just backed up traj.trr to ./#traj.trr.1#

Back Off! I just backed up ener.edr to ./#ener.edr.1#
starting mdrun 'Generated by trjconv : Generated by trjconv : Alanine in vacuum in water t= 4500.00000'
10000 steps,     20.0 ps.

Writing final coordinates.

Back Off! I just backed up confout.gro to ./#confout.gro.1#

               Core t (s)   Wall t (s)        (%)
       Time:        2.036        2.036      100.0
                 (ns/day)    (hour/ns)
Performance:      848.782        0.028

GROMACS reminds you: "I couldn't claim that I was smarter than sixty-five other guys - but the average of sixty-five other guys, certainly!" (Richard Feynman)

    :-) GROMACS - gmx mdrun, 2023.2-EasyBuild_4.9.0_PLUMED_2.9.0.GMX2023 (-:

Executable:   /sw/arch/RHEL8/EB_production/2023/software/GROMACS/2023.2-foss-2023a-PLUMED-2.9.0.GMX2023/bin/gmx
Data prefix:  /sw/arch/RHEL8/EB_production/2023/software/GROMACS/2023.2-foss-2023a-PLUMED-2.9.0.GMX2023
Working dir:  /gpfs/home1/ekempkes/adipep_umbrella_grid_superfast/result_GRID20649832
Command line:
  gmx mdrun -s simulations_essentials/md.tpr -plumed Colvars/plumed_1.257_1.885.dat -nsteps 10000 -x Colvars/traj_1.257_1.885.xtc


Back Off! I just backed up md.log to ./#md.log.1#
Reading file simulations_essentials/md.tpr, VERSION 2022.5-plumed_2.9.3 (single precision)
Note: file tpx version 127, software tpx version 129

NOTE: Parallelization is limited by the small number of atoms,
      only starting 1 thread-MPI ranks.
      You can use the -nt and/or -ntmpi option to optimize the number of threads.

Overriding nsteps with value passed on the command line: 10000 steps, 20 ps

comm-mode angular will give incorrect results when the comm group partially crosses a periodic boundary
Using 1 MPI thread

Non-default thread affinity set, disabling internal thread affinity

Using 1 OpenMP thread 


Back Off! I just backed up traj.trr to ./#traj.trr.1#

Back Off! I just backed up ener.edr to ./#ener.edr.1#
starting mdrun 'Generated by trjconv : Generated by trjconv : Alanine in vacuum in water t= 4500.00000'
10000 steps,     20.0 ps.

Writing final coordinates.

Back Off! I just backed up confout.gro to ./#confout.gro.1#

               Core t (s)   Wall t (s)        (%)
       Time:        2.066        2.067      100.0
                 (ns/day)    (hour/ns)
Performance:      836.257        0.029

GROMACS reminds you: "Never, I said never, compare with experiment" (Magnus Bergh)

    :-) GROMACS - gmx mdrun, 2023.2-EasyBuild_4.9.0_PLUMED_2.9.0.GMX2023 (-:

Executable:   /sw/arch/RHEL8/EB_production/2023/software/GROMACS/2023.2-foss-2023a-PLUMED-2.9.0.GMX2023/bin/gmx
Data prefix:  /sw/arch/RHEL8/EB_production/2023/software/GROMACS/2023.2-foss-2023a-PLUMED-2.9.0.GMX2023
Working dir:  /gpfs/home1/ekempkes/adipep_umbrella_grid_superfast/result_GRID20649832
Command line:
  gmx mdrun -s simulations_essentials/md.tpr -plumed Colvars/plumed_1.257_2.513.dat -nsteps 10000 -x Colvars/traj_1.257_2.513.xtc


Back Off! I just backed up md.log to ./#md.log.1#
Reading file simulations_essentials/md.tpr, VERSION 2022.5-plumed_2.9.3 (single precision)
Note: file tpx version 127, software tpx version 129

NOTE: Parallelization is limited by the small number of atoms,
      only starting 1 thread-MPI ranks.
      You can use the -nt and/or -ntmpi option to optimize the number of threads.

Overriding nsteps with value passed on the command line: 10000 steps, 20 ps

comm-mode angular will give incorrect results when the comm group partially crosses a periodic boundary
Using 1 MPI thread

Non-default thread affinity set, disabling internal thread affinity

Using 1 OpenMP thread 


Back Off! I just backed up traj.trr to ./#traj.trr.1#

Back Off! I just backed up ener.edr to ./#ener.edr.1#
starting mdrun 'Generated by trjconv : Generated by trjconv : Alanine in vacuum in water t= 4500.00000'
10000 steps,     20.0 ps.

Writing final coordinates.

Back Off! I just backed up confout.gro to ./#confout.gro.1#

               Core t (s)   Wall t (s)        (%)
       Time:        2.031        2.031      100.0
                 (ns/day)    (hour/ns)
Performance:      850.919        0.028

GROMACS reminds you: "The more clearly we can focus our attention on the wonders and realities of the universe about us, the less taste we shall have for destruction." (Rachel Carson)

    :-) GROMACS - gmx mdrun, 2023.2-EasyBuild_4.9.0_PLUMED_2.9.0.GMX2023 (-:

Executable:   /sw/arch/RHEL8/EB_production/2023/software/GROMACS/2023.2-foss-2023a-PLUMED-2.9.0.GMX2023/bin/gmx
Data prefix:  /sw/arch/RHEL8/EB_production/2023/software/GROMACS/2023.2-foss-2023a-PLUMED-2.9.0.GMX2023
Working dir:  /gpfs/home1/ekempkes/adipep_umbrella_grid_superfast/result_GRID20649832
Command line:
  gmx mdrun -s simulations_essentials/md.tpr -plumed Colvars/plumed_1.885_-3.142.dat -nsteps 10000 -x Colvars/traj_1.885_-3.142.xtc


Back Off! I just backed up md.log to ./#md.log.1#
Reading file simulations_essentials/md.tpr, VERSION 2022.5-plumed_2.9.3 (single precision)
Note: file tpx version 127, software tpx version 129

NOTE: Parallelization is limited by the small number of atoms,
      only starting 1 thread-MPI ranks.
      You can use the -nt and/or -ntmpi option to optimize the number of threads.

Overriding nsteps with value passed on the command line: 10000 steps, 20 ps

comm-mode angular will give incorrect results when the comm group partially crosses a periodic boundary
Using 1 MPI thread

Non-default thread affinity set, disabling internal thread affinity

Using 1 OpenMP thread 


Back Off! I just backed up Colvars/traj_1.885_-3.142.xtc to Colvars/#traj_1.885_-3.142.xtc.1#

Back Off! I just backed up traj.trr to ./#traj.trr.1#

Back Off! I just backed up ener.edr to ./#ener.edr.1#
starting mdrun 'Generated by trjconv : Generated by trjconv : Alanine in vacuum in water t= 4500.00000'
10000 steps,     20.0 ps.

Writing final coordinates.

Back Off! I just backed up confout.gro to ./#confout.gro.1#

               Core t (s)   Wall t (s)        (%)
       Time:        2.037        2.038      100.0
                 (ns/day)    (hour/ns)
Performance:      848.164        0.028

GROMACS reminds you: "Even if you are on the right track, you will get run over if you just sit there." (Will Rogers)

    :-) GROMACS - gmx mdrun, 2023.2-EasyBuild_4.9.0_PLUMED_2.9.0.GMX2023 (-:

Executable:   /sw/arch/RHEL8/EB_production/2023/software/GROMACS/2023.2-foss-2023a-PLUMED-2.9.0.GMX2023/bin/gmx
Data prefix:  /sw/arch/RHEL8/EB_production/2023/software/GROMACS/2023.2-foss-2023a-PLUMED-2.9.0.GMX2023
Working dir:  /gpfs/home1/ekempkes/adipep_umbrella_grid_superfast/result_GRID20649832
Command line:
  gmx mdrun -s simulations_essentials/md.tpr -plumed Colvars/plumed_1.885_-2.513.dat -nsteps 10000 -x Colvars/traj_1.885_-2.513.xtc


Back Off! I just backed up md.log to ./#md.log.1#
Reading file simulations_essentials/md.tpr, VERSION 2022.5-plumed_2.9.3 (single precision)
Note: file tpx version 127, software tpx version 129

NOTE: Parallelization is limited by the small number of atoms,
      only starting 1 thread-MPI ranks.
      You can use the -nt and/or -ntmpi option to optimize the number of threads.

Overriding nsteps with value passed on the command line: 10000 steps, 20 ps

comm-mode angular will give incorrect results when the comm group partially crosses a periodic boundary
Using 1 MPI thread

Non-default thread affinity set, disabling internal thread affinity

Using 1 OpenMP thread 


Back Off! I just backed up traj.trr to ./#traj.trr.1#

Back Off! I just backed up ener.edr to ./#ener.edr.1#
starting mdrun 'Generated by trjconv : Generated by trjconv : Alanine in vacuum in water t= 4500.00000'
10000 steps,     20.0 ps.

Writing final coordinates.

Back Off! I just backed up confout.gro to ./#confout.gro.1#

               Core t (s)   Wall t (s)        (%)
       Time:        2.034        2.034      100.0
                 (ns/day)    (hour/ns)
Performance:      849.698        0.028

GROMACS reminds you: "Perfect is the enemy of good." (Voltaire)

    :-) GROMACS - gmx mdrun, 2023.2-EasyBuild_4.9.0_PLUMED_2.9.0.GMX2023 (-:

Executable:   /sw/arch/RHEL8/EB_production/2023/software/GROMACS/2023.2-foss-2023a-PLUMED-2.9.0.GMX2023/bin/gmx
Data prefix:  /sw/arch/RHEL8/EB_production/2023/software/GROMACS/2023.2-foss-2023a-PLUMED-2.9.0.GMX2023
Working dir:  /gpfs/home1/ekempkes/adipep_umbrella_grid_superfast/result_GRID20649832
Command line:
  gmx mdrun -s simulations_essentials/md.tpr -plumed Colvars/plumed_1.885_-1.885.dat -nsteps 10000 -x Colvars/traj_1.885_-1.885.xtc


Back Off! I just backed up md.log to ./#md.log.1#
Reading file simulations_essentials/md.tpr, VERSION 2022.5-plumed_2.9.3 (single precision)
Note: file tpx version 127, software tpx version 129

NOTE: Parallelization is limited by the small number of atoms,
      only starting 1 thread-MPI ranks.
      You can use the -nt and/or -ntmpi option to optimize the number of threads.

Overriding nsteps with value passed on the command line: 10000 steps, 20 ps

comm-mode angular will give incorrect results when the comm group partially crosses a periodic boundary
Using 1 MPI thread

Non-default thread affinity set, disabling internal thread affinity

Using 1 OpenMP thread 


Back Off! I just backed up Colvars/traj_1.885_-1.885.xtc to Colvars/#traj_1.885_-1.885.xtc.1#

Back Off! I just backed up traj.trr to ./#traj.trr.1#

Back Off! I just backed up ener.edr to ./#ener.edr.1#
starting mdrun 'Generated by trjconv : Generated by trjconv : Alanine in vacuum in water t= 4500.00000'
10000 steps,     20.0 ps.

Writing final coordinates.

Back Off! I just backed up confout.gro to ./#confout.gro.1#

               Core t (s)   Wall t (s)        (%)
       Time:        2.060        2.060      100.0
                 (ns/day)    (hour/ns)
Performance:      838.756        0.029

GROMACS reminds you: "Never attribute to malice that which can be adequately explained by stupidity." (Robert Hanlon)

    :-) GROMACS - gmx mdrun, 2023.2-EasyBuild_4.9.0_PLUMED_2.9.0.GMX2023 (-:

Executable:   /sw/arch/RHEL8/EB_production/2023/software/GROMACS/2023.2-foss-2023a-PLUMED-2.9.0.GMX2023/bin/gmx
Data prefix:  /sw/arch/RHEL8/EB_production/2023/software/GROMACS/2023.2-foss-2023a-PLUMED-2.9.0.GMX2023
Working dir:  /gpfs/home1/ekempkes/adipep_umbrella_grid_superfast/result_GRID20649832
Command line:
  gmx mdrun -s simulations_essentials/md.tpr -plumed Colvars/plumed_1.885_-1.257.dat -nsteps 10000 -x Colvars/traj_1.885_-1.257.xtc


Back Off! I just backed up md.log to ./#md.log.1#
Reading file simulations_essentials/md.tpr, VERSION 2022.5-plumed_2.9.3 (single precision)
Note: file tpx version 127, software tpx version 129

NOTE: Parallelization is limited by the small number of atoms,
      only starting 1 thread-MPI ranks.
      You can use the -nt and/or -ntmpi option to optimize the number of threads.

Overriding nsteps with value passed on the command line: 10000 steps, 20 ps

comm-mode angular will give incorrect results when the comm group partially crosses a periodic boundary
Using 1 MPI thread

Non-default thread affinity set, disabling internal thread affinity

Using 1 OpenMP thread 


Back Off! I just backed up traj.trr to ./#traj.trr.1#

Back Off! I just backed up ener.edr to ./#ener.edr.1#
starting mdrun 'Generated by trjconv : Generated by trjconv : Alanine in vacuum in water t= 4500.00000'
10000 steps,     20.0 ps.

Writing final coordinates.

Back Off! I just backed up confout.gro to ./#confout.gro.1#

               Core t (s)   Wall t (s)        (%)
       Time:        2.033        2.033      100.0
                 (ns/day)    (hour/ns)
Performance:      850.061        0.028

GROMACS reminds you: "The Universe is Somewhere In Here" (J.G.E.M. Fraaije)

    :-) GROMACS - gmx mdrun, 2023.2-EasyBuild_4.9.0_PLUMED_2.9.0.GMX2023 (-:

Executable:   /sw/arch/RHEL8/EB_production/2023/software/GROMACS/2023.2-foss-2023a-PLUMED-2.9.0.GMX2023/bin/gmx
Data prefix:  /sw/arch/RHEL8/EB_production/2023/software/GROMACS/2023.2-foss-2023a-PLUMED-2.9.0.GMX2023
Working dir:  /gpfs/home1/ekempkes/adipep_umbrella_grid_superfast/result_GRID20649832
Command line:
  gmx mdrun -s simulations_essentials/md.tpr -plumed Colvars/plumed_1.885_-0.628.dat -nsteps 10000 -x Colvars/traj_1.885_-0.628.xtc


Back Off! I just backed up md.log to ./#md.log.1#
Reading file simulations_essentials/md.tpr, VERSION 2022.5-plumed_2.9.3 (single precision)
Note: file tpx version 127, software tpx version 129

NOTE: Parallelization is limited by the small number of atoms,
      only starting 1 thread-MPI ranks.
      You can use the -nt and/or -ntmpi option to optimize the number of threads.

Overriding nsteps with value passed on the command line: 10000 steps, 20 ps

comm-mode angular will give incorrect results when the comm group partially crosses a periodic boundary
Using 1 MPI thread

Non-default thread affinity set, disabling internal thread affinity

Using 1 OpenMP thread 


Back Off! I just backed up Colvars/traj_1.885_-0.628.xtc to Colvars/#traj_1.885_-0.628.xtc.1#

Back Off! I just backed up traj.trr to ./#traj.trr.1#

Back Off! I just backed up ener.edr to ./#ener.edr.1#
starting mdrun 'Generated by trjconv : Generated by trjconv : Alanine in vacuum in water t= 4500.00000'
10000 steps,     20.0 ps.

Writing final coordinates.

Back Off! I just backed up confout.gro to ./#confout.gro.1#

               Core t (s)   Wall t (s)        (%)
       Time:        2.034        2.034      100.0
                 (ns/day)    (hour/ns)
Performance:      849.485        0.028

GROMACS reminds you: "You Dirty Switch, You're On Again" (The Breeders)

    :-) GROMACS - gmx mdrun, 2023.2-EasyBuild_4.9.0_PLUMED_2.9.0.GMX2023 (-:

Executable:   /sw/arch/RHEL8/EB_production/2023/software/GROMACS/2023.2-foss-2023a-PLUMED-2.9.0.GMX2023/bin/gmx
Data prefix:  /sw/arch/RHEL8/EB_production/2023/software/GROMACS/2023.2-foss-2023a-PLUMED-2.9.0.GMX2023
Working dir:  /gpfs/home1/ekempkes/adipep_umbrella_grid_superfast/result_GRID20649832
Command line:
  gmx mdrun -s simulations_essentials/md.tpr -plumed Colvars/plumed_1.885_0.000.dat -nsteps 10000 -x Colvars/traj_1.885_0.000.xtc


Back Off! I just backed up md.log to ./#md.log.1#
Reading file simulations_essentials/md.tpr, VERSION 2022.5-plumed_2.9.3 (single precision)
Note: file tpx version 127, software tpx version 129

NOTE: Parallelization is limited by the small number of atoms,
      only starting 1 thread-MPI ranks.
      You can use the -nt and/or -ntmpi option to optimize the number of threads.

Overriding nsteps with value passed on the command line: 10000 steps, 20 ps

comm-mode angular will give incorrect results when the comm group partially crosses a periodic boundary
Using 1 MPI thread

Non-default thread affinity set, disabling internal thread affinity

Using 1 OpenMP thread 


Back Off! I just backed up traj.trr to ./#traj.trr.1#

Back Off! I just backed up ener.edr to ./#ener.edr.1#
starting mdrun 'Generated by trjconv : Generated by trjconv : Alanine in vacuum in water t= 4500.00000'
10000 steps,     20.0 ps.

Writing final coordinates.

Back Off! I just backed up confout.gro to ./#confout.gro.1#

               Core t (s)   Wall t (s)        (%)
       Time:        2.047        2.047      100.0
                 (ns/day)    (hour/ns)
Performance:      844.190        0.028

GROMACS reminds you: "We must have perseverance and above all confidence in ourselves. We must believe that we are gifted for something and that this thing must be attained." (Marie Curie)

    :-) GROMACS - gmx mdrun, 2023.2-EasyBuild_4.9.0_PLUMED_2.9.0.GMX2023 (-:

Executable:   /sw/arch/RHEL8/EB_production/2023/software/GROMACS/2023.2-foss-2023a-PLUMED-2.9.0.GMX2023/bin/gmx
Data prefix:  /sw/arch/RHEL8/EB_production/2023/software/GROMACS/2023.2-foss-2023a-PLUMED-2.9.0.GMX2023
Working dir:  /gpfs/home1/ekempkes/adipep_umbrella_grid_superfast/result_GRID20649832
Command line:
  gmx mdrun -s simulations_essentials/md.tpr -plumed Colvars/plumed_1.885_0.628.dat -nsteps 10000 -x Colvars/traj_1.885_0.628.xtc


Back Off! I just backed up md.log to ./#md.log.1#
Reading file simulations_essentials/md.tpr, VERSION 2022.5-plumed_2.9.3 (single precision)
Note: file tpx version 127, software tpx version 129

NOTE: Parallelization is limited by the small number of atoms,
      only starting 1 thread-MPI ranks.
      You can use the -nt and/or -ntmpi option to optimize the number of threads.

Overriding nsteps with value passed on the command line: 10000 steps, 20 ps

comm-mode angular will give incorrect results when the comm group partially crosses a periodic boundary
Using 1 MPI thread

Non-default thread affinity set, disabling internal thread affinity

Using 1 OpenMP thread 


Back Off! I just backed up Colvars/traj_1.885_0.628.xtc to Colvars/#traj_1.885_0.628.xtc.1#

Back Off! I just backed up traj.trr to ./#traj.trr.1#

Back Off! I just backed up ener.edr to ./#ener.edr.1#
starting mdrun 'Generated by trjconv : Generated by trjconv : Alanine in vacuum in water t= 4500.00000'
10000 steps,     20.0 ps.

Writing final coordinates.

Back Off! I just backed up confout.gro to ./#confout.gro.1#

               Core t (s)   Wall t (s)        (%)
       Time:        2.027        2.027      100.0
                 (ns/day)    (hour/ns)
Performance:      852.711        0.028

GROMACS reminds you: "There is just one thing I can promise you about the outer-space program: your tax dollar will go farther." (Wernher von Braun)

    :-) GROMACS - gmx mdrun, 2023.2-EasyBuild_4.9.0_PLUMED_2.9.0.GMX2023 (-:

Executable:   /sw/arch/RHEL8/EB_production/2023/software/GROMACS/2023.2-foss-2023a-PLUMED-2.9.0.GMX2023/bin/gmx
Data prefix:  /sw/arch/RHEL8/EB_production/2023/software/GROMACS/2023.2-foss-2023a-PLUMED-2.9.0.GMX2023
Working dir:  /gpfs/home1/ekempkes/adipep_umbrella_grid_superfast/result_GRID20649832
Command line:
  gmx mdrun -s simulations_essentials/md.tpr -plumed Colvars/plumed_1.885_1.257.dat -nsteps 10000 -x Colvars/traj_1.885_1.257.xtc


Back Off! I just backed up md.log to ./#md.log.1#
Reading file simulations_essentials/md.tpr, VERSION 2022.5-plumed_2.9.3 (single precision)
Note: file tpx version 127, software tpx version 129

NOTE: Parallelization is limited by the small number of atoms,
      only starting 1 thread-MPI ranks.
      You can use the -nt and/or -ntmpi option to optimize the number of threads.

Overriding nsteps with value passed on the command line: 10000 steps, 20 ps

comm-mode angular will give incorrect results when the comm group partially crosses a periodic boundary
Using 1 MPI thread

Non-default thread affinity set, disabling internal thread affinity

Using 1 OpenMP thread 


Back Off! I just backed up traj.trr to ./#traj.trr.1#

Back Off! I just backed up ener.edr to ./#ener.edr.1#
starting mdrun 'Generated by trjconv : Generated by trjconv : Alanine in vacuum in water t= 4500.00000'
10000 steps,     20.0 ps.

Writing final coordinates.

Back Off! I just backed up confout.gro to ./#confout.gro.1#

               Core t (s)   Wall t (s)        (%)
       Time:        2.039        2.039      100.0
                 (ns/day)    (hour/ns)
Performance:      847.568        0.028

GROMACS reminds you: "Molecular biology is essentially the practice of biochemistry without a license." (Edwin Chargaff)

    :-) GROMACS - gmx mdrun, 2023.2-EasyBuild_4.9.0_PLUMED_2.9.0.GMX2023 (-:

Executable:   /sw/arch/RHEL8/EB_production/2023/software/GROMACS/2023.2-foss-2023a-PLUMED-2.9.0.GMX2023/bin/gmx
Data prefix:  /sw/arch/RHEL8/EB_production/2023/software/GROMACS/2023.2-foss-2023a-PLUMED-2.9.0.GMX2023
Working dir:  /gpfs/home1/ekempkes/adipep_umbrella_grid_superfast/result_GRID20649832
Command line:
  gmx mdrun -s simulations_essentials/md.tpr -plumed Colvars/plumed_1.885_1.885.dat -nsteps 10000 -x Colvars/traj_1.885_1.885.xtc


Back Off! I just backed up md.log to ./#md.log.1#
Reading file simulations_essentials/md.tpr, VERSION 2022.5-plumed_2.9.3 (single precision)
Note: file tpx version 127, software tpx version 129

NOTE: Parallelization is limited by the small number of atoms,
      only starting 1 thread-MPI ranks.
      You can use the -nt and/or -ntmpi option to optimize the number of threads.

Overriding nsteps with value passed on the command line: 10000 steps, 20 ps

comm-mode angular will give incorrect results when the comm group partially crosses a periodic boundary
Using 1 MPI thread

Non-default thread affinity set, disabling internal thread affinity

Using 1 OpenMP thread 


Back Off! I just backed up Colvars/traj_1.885_1.885.xtc to Colvars/#traj_1.885_1.885.xtc.1#

Back Off! I just backed up traj.trr to ./#traj.trr.1#

Back Off! I just backed up ener.edr to ./#ener.edr.1#
starting mdrun 'Generated by trjconv : Generated by trjconv : Alanine in vacuum in water t= 4500.00000'
10000 steps,     20.0 ps.

Writing final coordinates.

Back Off! I just backed up confout.gro to ./#confout.gro.1#

               Core t (s)   Wall t (s)        (%)
       Time:        2.028        2.028      100.0
                 (ns/day)    (hour/ns)
Performance:      851.967        0.028

GROMACS reminds you: "You Try to Run the Universe" (Tricky)

    :-) GROMACS - gmx mdrun, 2023.2-EasyBuild_4.9.0_PLUMED_2.9.0.GMX2023 (-:

Executable:   /sw/arch/RHEL8/EB_production/2023/software/GROMACS/2023.2-foss-2023a-PLUMED-2.9.0.GMX2023/bin/gmx
Data prefix:  /sw/arch/RHEL8/EB_production/2023/software/GROMACS/2023.2-foss-2023a-PLUMED-2.9.0.GMX2023
Working dir:  /gpfs/home1/ekempkes/adipep_umbrella_grid_superfast/result_GRID20649832
Command line:
  gmx mdrun -s simulations_essentials/md.tpr -plumed Colvars/plumed_1.885_2.513.dat -nsteps 10000 -x Colvars/traj_1.885_2.513.xtc


Back Off! I just backed up md.log to ./#md.log.1#
Reading file simulations_essentials/md.tpr, VERSION 2022.5-plumed_2.9.3 (single precision)
Note: file tpx version 127, software tpx version 129

NOTE: Parallelization is limited by the small number of atoms,
      only starting 1 thread-MPI ranks.
      You can use the -nt and/or -ntmpi option to optimize the number of threads.

Overriding nsteps with value passed on the command line: 10000 steps, 20 ps

comm-mode angular will give incorrect results when the comm group partially crosses a periodic boundary
Using 1 MPI thread

Non-default thread affinity set, disabling internal thread affinity

Using 1 OpenMP thread 


Back Off! I just backed up traj.trr to ./#traj.trr.1#

Back Off! I just backed up ener.edr to ./#ener.edr.1#
starting mdrun 'Generated by trjconv : Generated by trjconv : Alanine in vacuum in water t= 4500.00000'
10000 steps,     20.0 ps.

Writing final coordinates.

Back Off! I just backed up confout.gro to ./#confout.gro.1#

               Core t (s)   Wall t (s)        (%)
       Time:        2.045        2.045      100.0
                 (ns/day)    (hour/ns)
Performance:      845.085        0.028

GROMACS reminds you: "I Live the Life They Wish They Did" (Tricky)

    :-) GROMACS - gmx mdrun, 2023.2-EasyBuild_4.9.0_PLUMED_2.9.0.GMX2023 (-:

Executable:   /sw/arch/RHEL8/EB_production/2023/software/GROMACS/2023.2-foss-2023a-PLUMED-2.9.0.GMX2023/bin/gmx
Data prefix:  /sw/arch/RHEL8/EB_production/2023/software/GROMACS/2023.2-foss-2023a-PLUMED-2.9.0.GMX2023
Working dir:  /gpfs/home1/ekempkes/adipep_umbrella_grid_superfast/result_GRID20649832
Command line:
  gmx mdrun -s simulations_essentials/md.tpr -plumed Colvars/plumed_2.513_-3.142.dat -nsteps 10000 -x Colvars/traj_2.513_-3.142.xtc


Back Off! I just backed up md.log to ./#md.log.1#
Reading file simulations_essentials/md.tpr, VERSION 2022.5-plumed_2.9.3 (single precision)
Note: file tpx version 127, software tpx version 129

NOTE: Parallelization is limited by the small number of atoms,
      only starting 1 thread-MPI ranks.
      You can use the -nt and/or -ntmpi option to optimize the number of threads.

Overriding nsteps with value passed on the command line: 10000 steps, 20 ps

comm-mode angular will give incorrect results when the comm group partially crosses a periodic boundary
Using 1 MPI thread

Non-default thread affinity set, disabling internal thread affinity

Using 1 OpenMP thread 


Back Off! I just backed up traj.trr to ./#traj.trr.1#

Back Off! I just backed up ener.edr to ./#ener.edr.1#
starting mdrun 'Generated by trjconv : Generated by trjconv : Alanine in vacuum in water t= 4500.00000'
10000 steps,     20.0 ps.

Writing final coordinates.

Back Off! I just backed up confout.gro to ./#confout.gro.1#

               Core t (s)   Wall t (s)        (%)
       Time:        2.038        2.038      100.0
                 (ns/day)    (hour/ns)
Performance:      847.880        0.028

GROMACS reminds you: "Miggida-Miggida-Miggida-Mac" (Kriss Kross)

    :-) GROMACS - gmx mdrun, 2023.2-EasyBuild_4.9.0_PLUMED_2.9.0.GMX2023 (-:

Executable:   /sw/arch/RHEL8/EB_production/2023/software/GROMACS/2023.2-foss-2023a-PLUMED-2.9.0.GMX2023/bin/gmx
Data prefix:  /sw/arch/RHEL8/EB_production/2023/software/GROMACS/2023.2-foss-2023a-PLUMED-2.9.0.GMX2023
Working dir:  /gpfs/home1/ekempkes/adipep_umbrella_grid_superfast/result_GRID20649832
Command line:
  gmx mdrun -s simulations_essentials/md.tpr -plumed Colvars/plumed_2.513_-2.513.dat -nsteps 10000 -x Colvars/traj_2.513_-2.513.xtc


Back Off! I just backed up md.log to ./#md.log.1#
Reading file simulations_essentials/md.tpr, VERSION 2022.5-plumed_2.9.3 (single precision)
Note: file tpx version 127, software tpx version 129

NOTE: Parallelization is limited by the small number of atoms,
      only starting 1 thread-MPI ranks.
      You can use the -nt and/or -ntmpi option to optimize the number of threads.

Overriding nsteps with value passed on the command line: 10000 steps, 20 ps

comm-mode angular will give incorrect results when the comm group partially crosses a periodic boundary
Using 1 MPI thread

Non-default thread affinity set, disabling internal thread affinity

Using 1 OpenMP thread 


Back Off! I just backed up traj.trr to ./#traj.trr.1#

Back Off! I just backed up ener.edr to ./#ener.edr.1#
starting mdrun 'Generated by trjconv : Generated by trjconv : Alanine in vacuum in water t= 4500.00000'
10000 steps,     20.0 ps.

Writing final coordinates.

Back Off! I just backed up confout.gro to ./#confout.gro.1#

               Core t (s)   Wall t (s)        (%)
       Time:        2.080        2.080      100.0
                 (ns/day)    (hour/ns)
Performance:      830.708        0.029

GROMACS reminds you: "... yet the [economic] profession continued to churn out purely theoretical results without even knowing what facts needed to be explained." (Thomas Piketty)

    :-) GROMACS - gmx mdrun, 2023.2-EasyBuild_4.9.0_PLUMED_2.9.0.GMX2023 (-:

Executable:   /sw/arch/RHEL8/EB_production/2023/software/GROMACS/2023.2-foss-2023a-PLUMED-2.9.0.GMX2023/bin/gmx
Data prefix:  /sw/arch/RHEL8/EB_production/2023/software/GROMACS/2023.2-foss-2023a-PLUMED-2.9.0.GMX2023
Working dir:  /gpfs/home1/ekempkes/adipep_umbrella_grid_superfast/result_GRID20649832
Command line:
  gmx mdrun -s simulations_essentials/md.tpr -plumed Colvars/plumed_2.513_-1.885.dat -nsteps 10000 -x Colvars/traj_2.513_-1.885.xtc


Back Off! I just backed up md.log to ./#md.log.1#
Reading file simulations_essentials/md.tpr, VERSION 2022.5-plumed_2.9.3 (single precision)
Note: file tpx version 127, software tpx version 129

NOTE: Parallelization is limited by the small number of atoms,
      only starting 1 thread-MPI ranks.
      You can use the -nt and/or -ntmpi option to optimize the number of threads.

Overriding nsteps with value passed on the command line: 10000 steps, 20 ps

comm-mode angular will give incorrect results when the comm group partially crosses a periodic boundary
Using 1 MPI thread

Non-default thread affinity set, disabling internal thread affinity

Using 1 OpenMP thread 


Back Off! I just backed up traj.trr to ./#traj.trr.1#

Back Off! I just backed up ener.edr to ./#ener.edr.1#
starting mdrun 'Generated by trjconv : Generated by trjconv : Alanine in vacuum in water t= 4500.00000'
10000 steps,     20.0 ps.

Writing final coordinates.

Back Off! I just backed up confout.gro to ./#confout.gro.1#

               Core t (s)   Wall t (s)        (%)
       Time:        2.079        2.079      100.0
                 (ns/day)    (hour/ns)
Performance:      831.311        0.029

GROMACS reminds you: "Years of calculations and the stress, My science is waiting, nearly complete" (Midlake)

    :-) GROMACS - gmx mdrun, 2023.2-EasyBuild_4.9.0_PLUMED_2.9.0.GMX2023 (-:

Executable:   /sw/arch/RHEL8/EB_production/2023/software/GROMACS/2023.2-foss-2023a-PLUMED-2.9.0.GMX2023/bin/gmx
Data prefix:  /sw/arch/RHEL8/EB_production/2023/software/GROMACS/2023.2-foss-2023a-PLUMED-2.9.0.GMX2023
Working dir:  /gpfs/home1/ekempkes/adipep_umbrella_grid_superfast/result_GRID20649832
Command line:
  gmx mdrun -s simulations_essentials/md.tpr -plumed Colvars/plumed_2.513_-1.257.dat -nsteps 10000 -x Colvars/traj_2.513_-1.257.xtc


Back Off! I just backed up md.log to ./#md.log.1#
Reading file simulations_essentials/md.tpr, VERSION 2022.5-plumed_2.9.3 (single precision)
Note: file tpx version 127, software tpx version 129

NOTE: Parallelization is limited by the small number of atoms,
      only starting 1 thread-MPI ranks.
      You can use the -nt and/or -ntmpi option to optimize the number of threads.

Overriding nsteps with value passed on the command line: 10000 steps, 20 ps

comm-mode angular will give incorrect results when the comm group partially crosses a periodic boundary
Using 1 MPI thread

Non-default thread affinity set, disabling internal thread affinity

Using 1 OpenMP thread 


Back Off! I just backed up traj.trr to ./#traj.trr.1#

Back Off! I just backed up ener.edr to ./#ener.edr.1#
starting mdrun 'Generated by trjconv : Generated by trjconv : Alanine in vacuum in water t= 4500.00000'
10000 steps,     20.0 ps.

Writing final coordinates.

Back Off! I just backed up confout.gro to ./#confout.gro.1#

               Core t (s)   Wall t (s)        (%)
       Time:        2.037        2.037      100.0
                 (ns/day)    (hour/ns)
Performance:      848.430        0.028

GROMACS reminds you: "Sort Of" (Urban Dance Squad)

    :-) GROMACS - gmx mdrun, 2023.2-EasyBuild_4.9.0_PLUMED_2.9.0.GMX2023 (-:

Executable:   /sw/arch/RHEL8/EB_production/2023/software/GROMACS/2023.2-foss-2023a-PLUMED-2.9.0.GMX2023/bin/gmx
Data prefix:  /sw/arch/RHEL8/EB_production/2023/software/GROMACS/2023.2-foss-2023a-PLUMED-2.9.0.GMX2023
Working dir:  /gpfs/home1/ekempkes/adipep_umbrella_grid_superfast/result_GRID20649832
Command line:
  gmx mdrun -s simulations_essentials/md.tpr -plumed Colvars/plumed_2.513_-0.628.dat -nsteps 10000 -x Colvars/traj_2.513_-0.628.xtc


Back Off! I just backed up md.log to ./#md.log.1#
Reading file simulations_essentials/md.tpr, VERSION 2022.5-plumed_2.9.3 (single precision)
Note: file tpx version 127, software tpx version 129

NOTE: Parallelization is limited by the small number of atoms,
      only starting 1 thread-MPI ranks.
      You can use the -nt and/or -ntmpi option to optimize the number of threads.

Overriding nsteps with value passed on the command line: 10000 steps, 20 ps

comm-mode angular will give incorrect results when the comm group partially crosses a periodic boundary
Using 1 MPI thread

Non-default thread affinity set, disabling internal thread affinity

Using 1 OpenMP thread 


Back Off! I just backed up traj.trr to ./#traj.trr.1#

Back Off! I just backed up ener.edr to ./#ener.edr.1#
starting mdrun 'Generated by trjconv : Generated by trjconv : Alanine in vacuum in water t= 4500.00000'
10000 steps,     20.0 ps.

Writing final coordinates.

Back Off! I just backed up confout.gro to ./#confout.gro.1#

               Core t (s)   Wall t (s)        (%)
       Time:        2.009        2.009      100.0
                 (ns/day)    (hour/ns)
Performance:      860.070        0.028

GROMACS reminds you: "Watch Out Where the Huskies Go" (F. Zappa)

    :-) GROMACS - gmx mdrun, 2023.2-EasyBuild_4.9.0_PLUMED_2.9.0.GMX2023 (-:

Executable:   /sw/arch/RHEL8/EB_production/2023/software/GROMACS/2023.2-foss-2023a-PLUMED-2.9.0.GMX2023/bin/gmx
Data prefix:  /sw/arch/RHEL8/EB_production/2023/software/GROMACS/2023.2-foss-2023a-PLUMED-2.9.0.GMX2023
Working dir:  /gpfs/home1/ekempkes/adipep_umbrella_grid_superfast/result_GRID20649832
Command line:
  gmx mdrun -s simulations_essentials/md.tpr -plumed Colvars/plumed_2.513_0.000.dat -nsteps 10000 -x Colvars/traj_2.513_0.000.xtc


Back Off! I just backed up md.log to ./#md.log.1#
Reading file simulations_essentials/md.tpr, VERSION 2022.5-plumed_2.9.3 (single precision)
Note: file tpx version 127, software tpx version 129

NOTE: Parallelization is limited by the small number of atoms,
      only starting 1 thread-MPI ranks.
      You can use the -nt and/or -ntmpi option to optimize the number of threads.

Overriding nsteps with value passed on the command line: 10000 steps, 20 ps

comm-mode angular will give incorrect results when the comm group partially crosses a periodic boundary
Using 1 MPI thread

Non-default thread affinity set, disabling internal thread affinity

Using 1 OpenMP thread 


Back Off! I just backed up traj.trr to ./#traj.trr.1#

Back Off! I just backed up ener.edr to ./#ener.edr.1#
starting mdrun 'Generated by trjconv : Generated by trjconv : Alanine in vacuum in water t= 4500.00000'
10000 steps,     20.0 ps.

Writing final coordinates.

Back Off! I just backed up confout.gro to ./#confout.gro.1#

               Core t (s)   Wall t (s)        (%)
       Time:        2.023        2.023      100.0
                 (ns/day)    (hour/ns)
Performance:      854.235        0.028

GROMACS reminds you: "Get Down In 3D" (George Clinton)

    :-) GROMACS - gmx mdrun, 2023.2-EasyBuild_4.9.0_PLUMED_2.9.0.GMX2023 (-:

Executable:   /sw/arch/RHEL8/EB_production/2023/software/GROMACS/2023.2-foss-2023a-PLUMED-2.9.0.GMX2023/bin/gmx
Data prefix:  /sw/arch/RHEL8/EB_production/2023/software/GROMACS/2023.2-foss-2023a-PLUMED-2.9.0.GMX2023
Working dir:  /gpfs/home1/ekempkes/adipep_umbrella_grid_superfast/result_GRID20649832
Command line:
  gmx mdrun -s simulations_essentials/md.tpr -plumed Colvars/plumed_2.513_0.628.dat -nsteps 10000 -x Colvars/traj_2.513_0.628.xtc


Back Off! I just backed up md.log to ./#md.log.1#
Reading file simulations_essentials/md.tpr, VERSION 2022.5-plumed_2.9.3 (single precision)
Note: file tpx version 127, software tpx version 129

NOTE: Parallelization is limited by the small number of atoms,
      only starting 1 thread-MPI ranks.
      You can use the -nt and/or -ntmpi option to optimize the number of threads.

Overriding nsteps with value passed on the command line: 10000 steps, 20 ps

comm-mode angular will give incorrect results when the comm group partially crosses a periodic boundary
Using 1 MPI thread

Non-default thread affinity set, disabling internal thread affinity

Using 1 OpenMP thread 


Back Off! I just backed up traj.trr to ./#traj.trr.1#

Back Off! I just backed up ener.edr to ./#ener.edr.1#
starting mdrun 'Generated by trjconv : Generated by trjconv : Alanine in vacuum in water t= 4500.00000'
10000 steps,     20.0 ps.

Writing final coordinates.

Back Off! I just backed up confout.gro to ./#confout.gro.1#

               Core t (s)   Wall t (s)        (%)
       Time:        2.053        2.053      100.0
                 (ns/day)    (hour/ns)
Performance:      841.829        0.029

GROMACS reminds you: "... and that dream of dreams, a computational model that predicts everything accurately." (Roald Hoffmann)

    :-) GROMACS - gmx mdrun, 2023.2-EasyBuild_4.9.0_PLUMED_2.9.0.GMX2023 (-:

Executable:   /sw/arch/RHEL8/EB_production/2023/software/GROMACS/2023.2-foss-2023a-PLUMED-2.9.0.GMX2023/bin/gmx
Data prefix:  /sw/arch/RHEL8/EB_production/2023/software/GROMACS/2023.2-foss-2023a-PLUMED-2.9.0.GMX2023
Working dir:  /gpfs/home1/ekempkes/adipep_umbrella_grid_superfast/result_GRID20649832
Command line:
  gmx mdrun -s simulations_essentials/md.tpr -plumed Colvars/plumed_2.513_1.257.dat -nsteps 10000 -x Colvars/traj_2.513_1.257.xtc


Back Off! I just backed up md.log to ./#md.log.1#
Reading file simulations_essentials/md.tpr, VERSION 2022.5-plumed_2.9.3 (single precision)
Note: file tpx version 127, software tpx version 129

NOTE: Parallelization is limited by the small number of atoms,
      only starting 1 thread-MPI ranks.
      You can use the -nt and/or -ntmpi option to optimize the number of threads.

Overriding nsteps with value passed on the command line: 10000 steps, 20 ps

comm-mode angular will give incorrect results when the comm group partially crosses a periodic boundary
Using 1 MPI thread

Non-default thread affinity set, disabling internal thread affinity

Using 1 OpenMP thread 


Back Off! I just backed up traj.trr to ./#traj.trr.1#

Back Off! I just backed up ener.edr to ./#ener.edr.1#
starting mdrun 'Generated by trjconv : Generated by trjconv : Alanine in vacuum in water t= 4500.00000'
10000 steps,     20.0 ps.

Writing final coordinates.

Back Off! I just backed up confout.gro to ./#confout.gro.1#

               Core t (s)   Wall t (s)        (%)
       Time:        2.041        2.041      100.0
                 (ns/day)    (hour/ns)
Performance:      846.698        0.028

GROMACS reminds you: "I believe the big bang of self-driving cars is about to come." (Jen-Hsun Huang, CEO NVIDIA)

    :-) GROMACS - gmx mdrun, 2023.2-EasyBuild_4.9.0_PLUMED_2.9.0.GMX2023 (-:

Executable:   /sw/arch/RHEL8/EB_production/2023/software/GROMACS/2023.2-foss-2023a-PLUMED-2.9.0.GMX2023/bin/gmx
Data prefix:  /sw/arch/RHEL8/EB_production/2023/software/GROMACS/2023.2-foss-2023a-PLUMED-2.9.0.GMX2023
Working dir:  /gpfs/home1/ekempkes/adipep_umbrella_grid_superfast/result_GRID20649832
Command line:
  gmx mdrun -s simulations_essentials/md.tpr -plumed Colvars/plumed_2.513_1.885.dat -nsteps 10000 -x Colvars/traj_2.513_1.885.xtc


Back Off! I just backed up md.log to ./#md.log.1#
Reading file simulations_essentials/md.tpr, VERSION 2022.5-plumed_2.9.3 (single precision)
Note: file tpx version 127, software tpx version 129

NOTE: Parallelization is limited by the small number of atoms,
      only starting 1 thread-MPI ranks.
      You can use the -nt and/or -ntmpi option to optimize the number of threads.

Overriding nsteps with value passed on the command line: 10000 steps, 20 ps

comm-mode angular will give incorrect results when the comm group partially crosses a periodic boundary
Using 1 MPI thread

Non-default thread affinity set, disabling internal thread affinity

Using 1 OpenMP thread 


Back Off! I just backed up traj.trr to ./#traj.trr.1#

Back Off! I just backed up ener.edr to ./#ener.edr.1#
starting mdrun 'Generated by trjconv : Generated by trjconv : Alanine in vacuum in water t= 4500.00000'
10000 steps,     20.0 ps.

Writing final coordinates.

Back Off! I just backed up confout.gro to ./#confout.gro.1#

               Core t (s)   Wall t (s)        (%)
       Time:        2.054        2.054      100.0
                 (ns/day)    (hour/ns)
Performance:      841.176        0.029

GROMACS reminds you: "Your Country Needs YOU" (U.S. Army)

    :-) GROMACS - gmx mdrun, 2023.2-EasyBuild_4.9.0_PLUMED_2.9.0.GMX2023 (-:

Executable:   /sw/arch/RHEL8/EB_production/2023/software/GROMACS/2023.2-foss-2023a-PLUMED-2.9.0.GMX2023/bin/gmx
Data prefix:  /sw/arch/RHEL8/EB_production/2023/software/GROMACS/2023.2-foss-2023a-PLUMED-2.9.0.GMX2023
Working dir:  /gpfs/home1/ekempkes/adipep_umbrella_grid_superfast/result_GRID20649832
Command line:
  gmx mdrun -s simulations_essentials/md.tpr -plumed Colvars/plumed_2.513_2.513.dat -nsteps 10000 -x Colvars/traj_2.513_2.513.xtc


Back Off! I just backed up md.log to ./#md.log.1#
Reading file simulations_essentials/md.tpr, VERSION 2022.5-plumed_2.9.3 (single precision)
Note: file tpx version 127, software tpx version 129

NOTE: Parallelization is limited by the small number of atoms,
      only starting 1 thread-MPI ranks.
      You can use the -nt and/or -ntmpi option to optimize the number of threads.

Overriding nsteps with value passed on the command line: 10000 steps, 20 ps

comm-mode angular will give incorrect results when the comm group partially crosses a periodic boundary
Using 1 MPI thread

Non-default thread affinity set, disabling internal thread affinity

Using 1 OpenMP thread 


Back Off! I just backed up traj.trr to ./#traj.trr.1#

Back Off! I just backed up ener.edr to ./#ener.edr.1#
starting mdrun 'Generated by trjconv : Generated by trjconv : Alanine in vacuum in water t= 4500.00000'
10000 steps,     20.0 ps.

Writing final coordinates.

Back Off! I just backed up confout.gro to ./#confout.gro.1#

               Core t (s)   Wall t (s)        (%)
       Time:        2.070        2.070      100.0
                 (ns/day)    (hour/ns)
Performance:      835.022        0.029

GROMACS reminds you: "You Could Be a Shadow" (The Breeders)


# Integration error:        3.74

# Integrating             - Simpson's rule + Real Space Grid Mini 
# Integration error:        2.49

