rm: cannot remove '*#*': No such file or directory
    :-) GROMACS - gmx mdrun, 2023.2-EasyBuild_4.9.0_PLUMED_2.9.0.GMX2023 (-:

Executable:   /sw/arch/RHEL8/EB_production/2023/software/GROMACS/2023.2-foss-2023a-PLUMED-2.9.0.GMX2023/bin/gmx
Data prefix:  /sw/arch/RHEL8/EB_production/2023/software/GROMACS/2023.2-foss-2023a-PLUMED-2.9.0.GMX2023
Working dir:  /gpfs/home1/ekempkes/adipep_buq_short/result_Matern52_ls_0.75_kappa400_w_0.1_n0.0_queries_100_full
Command line:
  gmx mdrun -s simulations_essentials/md.tpr -plumed Colvars/plumed_-1.508_1.194.dat -nsteps 10000 -x Colvars/traj_-1.508_1.194.xtc

Reading file simulations_essentials/md.tpr, VERSION 2022.5-plumed_2.9.3 (single precision)
Note: file tpx version 127, software tpx version 129

NOTE: Parallelization is limited by the small number of atoms,
      only starting 1 thread-MPI ranks.
      You can use the -nt and/or -ntmpi option to optimize the number of threads.

Overriding nsteps with value passed on the command line: 10000 steps, 20 ps

comm-mode angular will give incorrect results when the comm group partially crosses a periodic boundary
Using 1 MPI thread
Using 1 OpenMP thread 


NOTE: Thread affinity was not set.
starting mdrun 'Generated by trjconv : Generated by trjconv : Alanine in vacuum in water t= 4500.00000'
10000 steps,     20.0 ps.

Writing final coordinates.

               Core t (s)   Wall t (s)        (%)
       Time:        2.038        2.038      100.0
                 (ns/day)    (hour/ns)
Performance:      848.103        0.028

GROMACS reminds you: "I Am a Poor Lonesome Cowboy" (Lucky Luke)

rm: cannot remove '*#*': No such file or directory
    :-) GROMACS - gmx mdrun, 2023.2-EasyBuild_4.9.0_PLUMED_2.9.0.GMX2023 (-:

Executable:   /sw/arch/RHEL8/EB_production/2023/software/GROMACS/2023.2-foss-2023a-PLUMED-2.9.0.GMX2023/bin/gmx
Data prefix:  /sw/arch/RHEL8/EB_production/2023/software/GROMACS/2023.2-foss-2023a-PLUMED-2.9.0.GMX2023
Working dir:  /gpfs/home1/ekempkes/adipep_buq_short/result_Matern52_ls_0.75_kappa400_w_0.1_n0.0_queries_100_full
Command line:
  gmx mdrun -s simulations_essentials/md.tpr -plumed Colvars/plumed_0.880_-0.880.dat -nsteps 10000 -x Colvars/traj_0.880_-0.880.xtc


Back Off! I just backed up md.log to ./#md.log.1#
Reading file simulations_essentials/md.tpr, VERSION 2022.5-plumed_2.9.3 (single precision)
Note: file tpx version 127, software tpx version 129

NOTE: Parallelization is limited by the small number of atoms,
      only starting 1 thread-MPI ranks.
      You can use the -nt and/or -ntmpi option to optimize the number of threads.

Overriding nsteps with value passed on the command line: 10000 steps, 20 ps

comm-mode angular will give incorrect results when the comm group partially crosses a periodic boundary
Using 1 MPI thread
Using 1 OpenMP thread 


NOTE: Thread affinity was not set.

Back Off! I just backed up traj.trr to ./#traj.trr.1#

Back Off! I just backed up ener.edr to ./#ener.edr.1#
starting mdrun 'Generated by trjconv : Generated by trjconv : Alanine in vacuum in water t= 4500.00000'
10000 steps,     20.0 ps.

Writing final coordinates.

Back Off! I just backed up confout.gro to ./#confout.gro.1#

               Core t (s)   Wall t (s)        (%)
       Time:        2.028        2.028      100.0
                 (ns/day)    (hour/ns)
Performance:      852.129        0.028

GROMACS reminds you: "It's more useful when you know what you're doing." (Artem Zhmurov)

 /home/ekempkes/.local/lib/python3.12/site-packages/paramz/transformations.py:111: RuntimeWarning:divide by zero encountered in log
Error occurred while running command: rm *#*
Command 'rm *#*' returned non-zero exit status 1.
Error occurred while running command: rm *#*
Command 'rm *#*' returned non-zero exit status 1.
# Integrating             - Simpson's rule + Real Space Grid Mini     :-) GROMACS - gmx mdrun, 2023.2-EasyBuild_4.9.0_PLUMED_2.9.0.GMX2023 (-:

Executable:   /sw/arch/RHEL8/EB_production/2023/software/GROMACS/2023.2-foss-2023a-PLUMED-2.9.0.GMX2023/bin/gmx
Data prefix:  /sw/arch/RHEL8/EB_production/2023/software/GROMACS/2023.2-foss-2023a-PLUMED-2.9.0.GMX2023
Working dir:  /gpfs/home1/ekempkes/adipep_buq_short/result_Matern52_ls_0.75_kappa400_w_0.1_n0.0_queries_100_full
Command line:
  gmx mdrun -s simulations_essentials/md.tpr -plumed Colvars/plumed_1.194_1.445.dat -nsteps 10000 -x Colvars/traj_1.194_1.445.xtc


Back Off! I just backed up md.log to ./#md.log.1#
Reading file simulations_essentials/md.tpr, VERSION 2022.5-plumed_2.9.3 (single precision)
Note: file tpx version 127, software tpx version 129

NOTE: Parallelization is limited by the small number of atoms,
      only starting 1 thread-MPI ranks.
      You can use the -nt and/or -ntmpi option to optimize the number of threads.

Overriding nsteps with value passed on the command line: 10000 steps, 20 ps

comm-mode angular will give incorrect results when the comm group partially crosses a periodic boundary
Using 1 MPI thread
Using 1 OpenMP thread 


NOTE: Thread affinity was not set.

Back Off! I just backed up traj.trr to ./#traj.trr.1#

Back Off! I just backed up ener.edr to ./#ener.edr.1#
starting mdrun 'Generated by trjconv : Generated by trjconv : Alanine in vacuum in water t= 4500.00000'
10000 steps,     20.0 ps.

Writing final coordinates.

Back Off! I just backed up confout.gro to ./#confout.gro.1#

               Core t (s)   Wall t (s)        (%)
       Time:        2.024        2.024      100.0
                 (ns/day)    (hour/ns)
Performance:      853.843        0.028

GROMACS reminds you: "Rub It Right Across Your Eyes" (F. Zappa)


# Integration error:        1.63

 -------------- BaysOpt loop, query 1 ---------------
going to run a simulation at 1.1938052079999777 1.4451326210000188 
# Integrating             - Simpson's rule + Real Space Grid Mini  /gpfs/home1/ekempkes/adipep_buq_short/result_Matern52_ls_0.75_kappa400_w_0.1_n0.0_queries_100_full/helper_functions.py:377: UserWarning:Adding colorbar to a different Figure <Figure size 1800x600 with 6 Axes> than <Figure size 1600x1400 with 6 Axes> which fig.colorbar is called on.
    :-) GROMACS - gmx mdrun, 2023.2-EasyBuild_4.9.0_PLUMED_2.9.0.GMX2023 (-:

Executable:   /sw/arch/RHEL8/EB_production/2023/software/GROMACS/2023.2-foss-2023a-PLUMED-2.9.0.GMX2023/bin/gmx
Data prefix:  /sw/arch/RHEL8/EB_production/2023/software/GROMACS/2023.2-foss-2023a-PLUMED-2.9.0.GMX2023
Working dir:  /gpfs/home1/ekempkes/adipep_buq_short/result_Matern52_ls_0.75_kappa400_w_0.1_n0.0_queries_100_full
Command line:
  gmx mdrun -s simulations_essentials/md.tpr -plumed Colvars/plumed_-1.382_-1.382.dat -nsteps 10000 -x Colvars/traj_-1.382_-1.382.xtc


Back Off! I just backed up md.log to ./#md.log.1#
Reading file simulations_essentials/md.tpr, VERSION 2022.5-plumed_2.9.3 (single precision)
Note: file tpx version 127, software tpx version 129

NOTE: Parallelization is limited by the small number of atoms,
      only starting 1 thread-MPI ranks.
      You can use the -nt and/or -ntmpi option to optimize the number of threads.

Overriding nsteps with value passed on the command line: 10000 steps, 20 ps

comm-mode angular will give incorrect results when the comm group partially crosses a periodic boundary
Using 1 MPI thread
Using 1 OpenMP thread 


NOTE: Thread affinity was not set.

Back Off! I just backed up traj.trr to ./#traj.trr.1#

Back Off! I just backed up ener.edr to ./#ener.edr.1#
starting mdrun 'Generated by trjconv : Generated by trjconv : Alanine in vacuum in water t= 4500.00000'
10000 steps,     20.0 ps.

Writing final coordinates.

Back Off! I just backed up confout.gro to ./#confout.gro.1#

               Core t (s)   Wall t (s)        (%)
       Time:        2.080        2.080      100.0
                 (ns/day)    (hour/ns)
Performance:      830.735        0.029

GROMACS reminds you: "California, R.I.P." (Red Hot Chili Peppars)


# Integration error:        2.63

 -------------- BaysOpt loop, query 2 ---------------
going to run a simulation at -1.3823007680000294 -1.3823007680000294 
# Integrating             - Simpson's rule + Real Space Grid Mini     :-) GROMACS - gmx mdrun, 2023.2-EasyBuild_4.9.0_PLUMED_2.9.0.GMX2023 (-:

Executable:   /sw/arch/RHEL8/EB_production/2023/software/GROMACS/2023.2-foss-2023a-PLUMED-2.9.0.GMX2023/bin/gmx
Data prefix:  /sw/arch/RHEL8/EB_production/2023/software/GROMACS/2023.2-foss-2023a-PLUMED-2.9.0.GMX2023
Working dir:  /gpfs/home1/ekempkes/adipep_buq_short/result_Matern52_ls_0.75_kappa400_w_0.1_n0.0_queries_100_full
Command line:
  gmx mdrun -s simulations_essentials/md.tpr -plumed Colvars/plumed_2.011_-2.011.dat -nsteps 10000 -x Colvars/traj_2.011_-2.011.xtc


Back Off! I just backed up md.log to ./#md.log.1#
Reading file simulations_essentials/md.tpr, VERSION 2022.5-plumed_2.9.3 (single precision)
Note: file tpx version 127, software tpx version 129

NOTE: Parallelization is limited by the small number of atoms,
      only starting 1 thread-MPI ranks.
      You can use the -nt and/or -ntmpi option to optimize the number of threads.

Overriding nsteps with value passed on the command line: 10000 steps, 20 ps

comm-mode angular will give incorrect results when the comm group partially crosses a periodic boundary
Using 1 MPI thread
Using 1 OpenMP thread 


NOTE: Thread affinity was not set.

Back Off! I just backed up traj.trr to ./#traj.trr.1#

Back Off! I just backed up ener.edr to ./#ener.edr.1#
starting mdrun 'Generated by trjconv : Generated by trjconv : Alanine in vacuum in water t= 4500.00000'
10000 steps,     20.0 ps.

Writing final coordinates.

Back Off! I just backed up confout.gro to ./#confout.gro.1#

               Core t (s)   Wall t (s)        (%)
       Time:        2.052        2.052      100.0
                 (ns/day)    (hour/ns)
Performance:      842.030        0.029

GROMACS reminds you: "I can't help but think the model is ungrateful for all that nice data I gave it. Jerk." (Kate Stafford)


# Integration error:        2.93

 -------------- BaysOpt loop, query 3 ---------------
going to run a simulation at 2.0106192979999813 -2.0106192979999813 
# Integrating             - Simpson's rule + Real Space Grid Mini     :-) GROMACS - gmx mdrun, 2023.2-EasyBuild_4.9.0_PLUMED_2.9.0.GMX2023 (-:

Executable:   /sw/arch/RHEL8/EB_production/2023/software/GROMACS/2023.2-foss-2023a-PLUMED-2.9.0.GMX2023/bin/gmx
Data prefix:  /sw/arch/RHEL8/EB_production/2023/software/GROMACS/2023.2-foss-2023a-PLUMED-2.9.0.GMX2023
Working dir:  /gpfs/home1/ekempkes/adipep_buq_short/result_Matern52_ls_0.75_kappa400_w_0.1_n0.0_queries_100_full
Command line:
  gmx mdrun -s simulations_essentials/md.tpr -plumed Colvars/plumed_-0.251_0.314.dat -nsteps 10000 -x Colvars/traj_-0.251_0.314.xtc


Back Off! I just backed up md.log to ./#md.log.1#
Reading file simulations_essentials/md.tpr, VERSION 2022.5-plumed_2.9.3 (single precision)
Note: file tpx version 127, software tpx version 129

NOTE: Parallelization is limited by the small number of atoms,
      only starting 1 thread-MPI ranks.
      You can use the -nt and/or -ntmpi option to optimize the number of threads.

Overriding nsteps with value passed on the command line: 10000 steps, 20 ps

comm-mode angular will give incorrect results when the comm group partially crosses a periodic boundary
Using 1 MPI thread
Using 1 OpenMP thread 


NOTE: Thread affinity was not set.

Back Off! I just backed up traj.trr to ./#traj.trr.1#

Back Off! I just backed up ener.edr to ./#ener.edr.1#
starting mdrun 'Generated by trjconv : Generated by trjconv : Alanine in vacuum in water t= 4500.00000'
10000 steps,     20.0 ps.

Writing final coordinates.

Back Off! I just backed up confout.gro to ./#confout.gro.1#

               Core t (s)   Wall t (s)        (%)
       Time:        2.037        2.037      100.0
                 (ns/day)    (hour/ns)
Performance:      848.520        0.028

GROMACS reminds you: "Pump Up the Volume Along With the Tempo" (Jazzy Jeff)


# Integration error:        3.15

 -------------- BaysOpt loop, query 4 ---------------
going to run a simulation at -0.25132741199999636 0.31415926500000063 
# Integrating             - Simpson's rule + Real Space Grid Mini     :-) GROMACS - gmx mdrun, 2023.2-EasyBuild_4.9.0_PLUMED_2.9.0.GMX2023 (-:

Executable:   /sw/arch/RHEL8/EB_production/2023/software/GROMACS/2023.2-foss-2023a-PLUMED-2.9.0.GMX2023/bin/gmx
Data prefix:  /sw/arch/RHEL8/EB_production/2023/software/GROMACS/2023.2-foss-2023a-PLUMED-2.9.0.GMX2023
Working dir:  /gpfs/home1/ekempkes/adipep_buq_short/result_Matern52_ls_0.75_kappa400_w_0.1_n0.0_queries_100_full
Command line:
  gmx mdrun -s simulations_essentials/md.tpr -plumed Colvars/plumed_2.262_0.126.dat -nsteps 10000 -x Colvars/traj_2.262_0.126.xtc


Back Off! I just backed up md.log to ./#md.log.1#
Reading file simulations_essentials/md.tpr, VERSION 2022.5-plumed_2.9.3 (single precision)
Note: file tpx version 127, software tpx version 129

NOTE: Parallelization is limited by the small number of atoms,
      only starting 1 thread-MPI ranks.
      You can use the -nt and/or -ntmpi option to optimize the number of threads.

Overriding nsteps with value passed on the command line: 10000 steps, 20 ps

comm-mode angular will give incorrect results when the comm group partially crosses a periodic boundary
Using 1 MPI thread
Using 1 OpenMP thread 


NOTE: Thread affinity was not set.

Back Off! I just backed up traj.trr to ./#traj.trr.1#

Back Off! I just backed up ener.edr to ./#ener.edr.1#
starting mdrun 'Generated by trjconv : Generated by trjconv : Alanine in vacuum in water t= 4500.00000'
10000 steps,     20.0 ps.

Writing final coordinates.

Back Off! I just backed up confout.gro to ./#confout.gro.1#

               Core t (s)   Wall t (s)        (%)
       Time:        2.041        2.041      100.0
                 (ns/day)    (hour/ns)
Performance:      846.604        0.028

GROMACS reminds you: "I never thought about breaking barriers, I was just interested in what I was doing and kept going." (Barbara Liskov)


# Integration error:        3.06

 -------------- BaysOpt loop, query 5 ---------------
going to run a simulation at 2.2619467110000038 0.12566370599999818 
# Integrating             - Simpson's rule + Real Space Grid Mini     :-) GROMACS - gmx mdrun, 2023.2-EasyBuild_4.9.0_PLUMED_2.9.0.GMX2023 (-:

Executable:   /sw/arch/RHEL8/EB_production/2023/software/GROMACS/2023.2-foss-2023a-PLUMED-2.9.0.GMX2023/bin/gmx
Data prefix:  /sw/arch/RHEL8/EB_production/2023/software/GROMACS/2023.2-foss-2023a-PLUMED-2.9.0.GMX2023
Working dir:  /gpfs/home1/ekempkes/adipep_buq_short/result_Matern52_ls_0.75_kappa400_w_0.1_n0.0_queries_100_full
Command line:
  gmx mdrun -s simulations_essentials/md.tpr -plumed Colvars/plumed_-0.314_2.325.dat -nsteps 10000 -x Colvars/traj_-0.314_2.325.xtc


Back Off! I just backed up md.log to ./#md.log.1#
Reading file simulations_essentials/md.tpr, VERSION 2022.5-plumed_2.9.3 (single precision)
Note: file tpx version 127, software tpx version 129

NOTE: Parallelization is limited by the small number of atoms,
      only starting 1 thread-MPI ranks.
      You can use the -nt and/or -ntmpi option to optimize the number of threads.

Overriding nsteps with value passed on the command line: 10000 steps, 20 ps

comm-mode angular will give incorrect results when the comm group partially crosses a periodic boundary
Using 1 MPI thread
Using 1 OpenMP thread 


NOTE: Thread affinity was not set.

Back Off! I just backed up traj.trr to ./#traj.trr.1#

Back Off! I just backed up ener.edr to ./#ener.edr.1#
starting mdrun 'Generated by trjconv : Generated by trjconv : Alanine in vacuum in water t= 4500.00000'
10000 steps,     20.0 ps.

Writing final coordinates.

Back Off! I just backed up confout.gro to ./#confout.gro.1#

               Core t (s)   Wall t (s)        (%)
       Time:        2.014        2.014      100.0
                 (ns/day)    (hour/ns)
Performance:      858.120        0.028

GROMACS reminds you: "Don’t bring an anecdote to a data fight." (Molly Hodgdon)


# Integration error:        2.66

 -------------- BaysOpt loop, query 6 ---------------
going to run a simulation at -0.31415926500000063 2.3247785640000505 
# Integrating             - Simpson's rule + Real Space Grid Mini     :-) GROMACS - gmx mdrun, 2023.2-EasyBuild_4.9.0_PLUMED_2.9.0.GMX2023 (-:

Executable:   /sw/arch/RHEL8/EB_production/2023/software/GROMACS/2023.2-foss-2023a-PLUMED-2.9.0.GMX2023/bin/gmx
Data prefix:  /sw/arch/RHEL8/EB_production/2023/software/GROMACS/2023.2-foss-2023a-PLUMED-2.9.0.GMX2023
Working dir:  /gpfs/home1/ekempkes/adipep_buq_short/result_Matern52_ls_0.75_kappa400_w_0.1_n0.0_queries_100_full
Command line:
  gmx mdrun -s simulations_essentials/md.tpr -plumed Colvars/plumed_0.000_-2.262.dat -nsteps 10000 -x Colvars/traj_0.000_-2.262.xtc


Back Off! I just backed up md.log to ./#md.log.1#
Reading file simulations_essentials/md.tpr, VERSION 2022.5-plumed_2.9.3 (single precision)
Note: file tpx version 127, software tpx version 129

NOTE: Parallelization is limited by the small number of atoms,
      only starting 1 thread-MPI ranks.
      You can use the -nt and/or -ntmpi option to optimize the number of threads.

Overriding nsteps with value passed on the command line: 10000 steps, 20 ps

comm-mode angular will give incorrect results when the comm group partially crosses a periodic boundary
Using 1 MPI thread
Using 1 OpenMP thread 


NOTE: Thread affinity was not set.

Back Off! I just backed up traj.trr to ./#traj.trr.1#

Back Off! I just backed up ener.edr to ./#ener.edr.1#
starting mdrun 'Generated by trjconv : Generated by trjconv : Alanine in vacuum in water t= 4500.00000'
10000 steps,     20.0 ps.

Writing final coordinates.

Back Off! I just backed up confout.gro to ./#confout.gro.1#

               Core t (s)   Wall t (s)        (%)
       Time:        2.092        2.093      100.0
                 (ns/day)    (hour/ns)
Performance:      825.869        0.029

GROMACS reminds you: "I hadn't been aware that there were doors closed to me until I started knocking on them." (Gertrude Elion)


# Integration error:        2.94

 -------------- BaysOpt loop, query 7 ---------------
going to run a simulation at 0.0 -2.2619467110000038 
# Integrating             - Simpson's rule + Real Space Grid Mini     :-) GROMACS - gmx mdrun, 2023.2-EasyBuild_4.9.0_PLUMED_2.9.0.GMX2023 (-:

Executable:   /sw/arch/RHEL8/EB_production/2023/software/GROMACS/2023.2-foss-2023a-PLUMED-2.9.0.GMX2023/bin/gmx
Data prefix:  /sw/arch/RHEL8/EB_production/2023/software/GROMACS/2023.2-foss-2023a-PLUMED-2.9.0.GMX2023
Working dir:  /gpfs/home1/ekempkes/adipep_buq_short/result_Matern52_ls_0.75_kappa400_w_0.1_n0.0_queries_100_full
Command line:
  gmx mdrun -s simulations_essentials/md.tpr -plumed Colvars/plumed_-2.325_-0.188.dat -nsteps 10000 -x Colvars/traj_-2.325_-0.188.xtc


Back Off! I just backed up md.log to ./#md.log.1#
Reading file simulations_essentials/md.tpr, VERSION 2022.5-plumed_2.9.3 (single precision)
Note: file tpx version 127, software tpx version 129

NOTE: Parallelization is limited by the small number of atoms,
      only starting 1 thread-MPI ranks.
      You can use the -nt and/or -ntmpi option to optimize the number of threads.

Overriding nsteps with value passed on the command line: 10000 steps, 20 ps

comm-mode angular will give incorrect results when the comm group partially crosses a periodic boundary
Using 1 MPI thread
Using 1 OpenMP thread 


NOTE: Thread affinity was not set.

Back Off! I just backed up traj.trr to ./#traj.trr.1#

Back Off! I just backed up ener.edr to ./#ener.edr.1#
starting mdrun 'Generated by trjconv : Generated by trjconv : Alanine in vacuum in water t= 4500.00000'
10000 steps,     20.0 ps.

Writing final coordinates.

Back Off! I just backed up confout.gro to ./#confout.gro.1#

               Core t (s)   Wall t (s)        (%)
       Time:        2.023        2.023      100.0
                 (ns/day)    (hour/ns)
Performance:      854.412        0.028

GROMACS reminds you: "If your experiment needs a statistician, you need a better experiment." (Ernest Rutherford)


# Integration error:        5.29

 -------------- BaysOpt loop, query 8 ---------------
going to run a simulation at -2.3247785640000505 -0.18849555899999812 
# Integrating             - Simpson's rule + Real Space Grid Mini     :-) GROMACS - gmx mdrun, 2023.2-EasyBuild_4.9.0_PLUMED_2.9.0.GMX2023 (-:

Executable:   /sw/arch/RHEL8/EB_production/2023/software/GROMACS/2023.2-foss-2023a-PLUMED-2.9.0.GMX2023/bin/gmx
Data prefix:  /sw/arch/RHEL8/EB_production/2023/software/GROMACS/2023.2-foss-2023a-PLUMED-2.9.0.GMX2023
Working dir:  /gpfs/home1/ekempkes/adipep_buq_short/result_Matern52_ls_0.75_kappa400_w_0.1_n0.0_queries_100_full
Command line:
  gmx mdrun -s simulations_essentials/md.tpr -plumed Colvars/plumed_-2.262_2.262.dat -nsteps 10000 -x Colvars/traj_-2.262_2.262.xtc


Back Off! I just backed up md.log to ./#md.log.1#
Reading file simulations_essentials/md.tpr, VERSION 2022.5-plumed_2.9.3 (single precision)
Note: file tpx version 127, software tpx version 129

NOTE: Parallelization is limited by the small number of atoms,
      only starting 1 thread-MPI ranks.
      You can use the -nt and/or -ntmpi option to optimize the number of threads.

Overriding nsteps with value passed on the command line: 10000 steps, 20 ps

comm-mode angular will give incorrect results when the comm group partially crosses a periodic boundary
Using 1 MPI thread
Using 1 OpenMP thread 


NOTE: Thread affinity was not set.

Back Off! I just backed up traj.trr to ./#traj.trr.1#

Back Off! I just backed up ener.edr to ./#ener.edr.1#
starting mdrun 'Generated by trjconv : Generated by trjconv : Alanine in vacuum in water t= 4500.00000'
10000 steps,     20.0 ps.

Writing final coordinates.

Back Off! I just backed up confout.gro to ./#confout.gro.1#

               Core t (s)   Wall t (s)        (%)
       Time:        2.099        2.099      100.0
                 (ns/day)    (hour/ns)
Performance:      823.397        0.029

GROMACS reminds you: "Energy is a very subtle concept. It is very, very difficult to get right." (Richard Feynman)


# Integration error:        5.00

 -------------- BaysOpt loop, query 9 ---------------
going to run a simulation at -2.2619467110000038 2.2619467110000038 
# Integrating             - Simpson's rule + Real Space Grid Mini     :-) GROMACS - gmx mdrun, 2023.2-EasyBuild_4.9.0_PLUMED_2.9.0.GMX2023 (-:

Executable:   /sw/arch/RHEL8/EB_production/2023/software/GROMACS/2023.2-foss-2023a-PLUMED-2.9.0.GMX2023/bin/gmx
Data prefix:  /sw/arch/RHEL8/EB_production/2023/software/GROMACS/2023.2-foss-2023a-PLUMED-2.9.0.GMX2023
Working dir:  /gpfs/home1/ekempkes/adipep_buq_short/result_Matern52_ls_0.75_kappa400_w_0.1_n0.0_queries_100_full
Command line:
  gmx mdrun -s simulations_essentials/md.tpr -plumed Colvars/plumed_2.262_2.262.dat -nsteps 10000 -x Colvars/traj_2.262_2.262.xtc


Back Off! I just backed up md.log to ./#md.log.1#
Reading file simulations_essentials/md.tpr, VERSION 2022.5-plumed_2.9.3 (single precision)
Note: file tpx version 127, software tpx version 129

NOTE: Parallelization is limited by the small number of atoms,
      only starting 1 thread-MPI ranks.
      You can use the -nt and/or -ntmpi option to optimize the number of threads.

Overriding nsteps with value passed on the command line: 10000 steps, 20 ps

comm-mode angular will give incorrect results when the comm group partially crosses a periodic boundary
Using 1 MPI thread
Using 1 OpenMP thread 


NOTE: Thread affinity was not set.

Back Off! I just backed up traj.trr to ./#traj.trr.1#

Back Off! I just backed up ener.edr to ./#ener.edr.1#
starting mdrun 'Generated by trjconv : Generated by trjconv : Alanine in vacuum in water t= 4500.00000'
10000 steps,     20.0 ps.

Writing final coordinates.

Back Off! I just backed up confout.gro to ./#confout.gro.1#

               Core t (s)   Wall t (s)        (%)
       Time:        2.048        2.048      100.0
                 (ns/day)    (hour/ns)
Performance:      843.719        0.028

GROMACS reminds you: "Philosophy of science is about as useful to scientists as ornithology is to birds." (Richard Feynman)


# Integration error:        4.84

 -------------- BaysOpt loop, query 10 ---------------
going to run a simulation at 2.2619467110000038 2.2619467110000038 
# Integrating             - Simpson's rule + Real Space Grid Mini  /gpfs/home1/ekempkes/adipep_buq_short/result_Matern52_ls_0.75_kappa400_w_0.1_n0.0_queries_100_full/helper_functions.py:331: RuntimeWarning:More than 20 figures have been opened. Figures created through the pyplot interface (`matplotlib.pyplot.figure`) are retained until explicitly closed and may consume too much memory. (To control this warning, see the rcParam `figure.max_open_warning`). Consider using `matplotlib.pyplot.close()`.
    :-) GROMACS - gmx mdrun, 2023.2-EasyBuild_4.9.0_PLUMED_2.9.0.GMX2023 (-:

Executable:   /sw/arch/RHEL8/EB_production/2023/software/GROMACS/2023.2-foss-2023a-PLUMED-2.9.0.GMX2023/bin/gmx
Data prefix:  /sw/arch/RHEL8/EB_production/2023/software/GROMACS/2023.2-foss-2023a-PLUMED-2.9.0.GMX2023
Working dir:  /gpfs/home1/ekempkes/adipep_buq_short/result_Matern52_ls_0.75_kappa400_w_0.1_n0.0_queries_100_full
Command line:
  gmx mdrun -s simulations_essentials/md.tpr -plumed Colvars/plumed_-2.262_-2.325.dat -nsteps 10000 -x Colvars/traj_-2.262_-2.325.xtc


Back Off! I just backed up md.log to ./#md.log.1#
Reading file simulations_essentials/md.tpr, VERSION 2022.5-plumed_2.9.3 (single precision)
Note: file tpx version 127, software tpx version 129

NOTE: Parallelization is limited by the small number of atoms,
      only starting 1 thread-MPI ranks.
      You can use the -nt and/or -ntmpi option to optimize the number of threads.

Overriding nsteps with value passed on the command line: 10000 steps, 20 ps

comm-mode angular will give incorrect results when the comm group partially crosses a periodic boundary
Using 1 MPI thread
Using 1 OpenMP thread 


NOTE: Thread affinity was not set.

Back Off! I just backed up traj.trr to ./#traj.trr.1#

Back Off! I just backed up ener.edr to ./#ener.edr.1#
starting mdrun 'Generated by trjconv : Generated by trjconv : Alanine in vacuum in water t= 4500.00000'
10000 steps,     20.0 ps.

Writing final coordinates.

Back Off! I just backed up confout.gro to ./#confout.gro.1#

               Core t (s)   Wall t (s)        (%)
       Time:        2.019        2.019      100.0
                 (ns/day)    (hour/ns)
Performance:      856.044        0.028

GROMACS reminds you: "Energy is a very subtle concept. It is very, very difficult to get right." (Richard Feynman)


# Integration error:        4.84

 -------------- BaysOpt loop, query 11 ---------------
going to run a simulation at -2.2619467110000038 -2.3247785640000505 
# Integrating             - Simpson's rule + Real Space Grid Mini     :-) GROMACS - gmx mdrun, 2023.2-EasyBuild_4.9.0_PLUMED_2.9.0.GMX2023 (-:

Executable:   /sw/arch/RHEL8/EB_production/2023/software/GROMACS/2023.2-foss-2023a-PLUMED-2.9.0.GMX2023/bin/gmx
Data prefix:  /sw/arch/RHEL8/EB_production/2023/software/GROMACS/2023.2-foss-2023a-PLUMED-2.9.0.GMX2023
Working dir:  /gpfs/home1/ekempkes/adipep_buq_short/result_Matern52_ls_0.75_kappa400_w_0.1_n0.0_queries_100_full
Command line:
  gmx mdrun -s simulations_essentials/md.tpr -plumed Colvars/plumed_-0.503_-0.817.dat -nsteps 10000 -x Colvars/traj_-0.503_-0.817.xtc


Back Off! I just backed up md.log to ./#md.log.1#
Reading file simulations_essentials/md.tpr, VERSION 2022.5-plumed_2.9.3 (single precision)
Note: file tpx version 127, software tpx version 129

NOTE: Parallelization is limited by the small number of atoms,
      only starting 1 thread-MPI ranks.
      You can use the -nt and/or -ntmpi option to optimize the number of threads.

Overriding nsteps with value passed on the command line: 10000 steps, 20 ps

comm-mode angular will give incorrect results when the comm group partially crosses a periodic boundary
Using 1 MPI thread
Using 1 OpenMP thread 


NOTE: Thread affinity was not set.

Back Off! I just backed up traj.trr to ./#traj.trr.1#

Back Off! I just backed up ener.edr to ./#ener.edr.1#
starting mdrun 'Generated by trjconv : Generated by trjconv : Alanine in vacuum in water t= 4500.00000'
10000 steps,     20.0 ps.

Writing final coordinates.

Back Off! I just backed up confout.gro to ./#confout.gro.1#

               Core t (s)   Wall t (s)        (%)
       Time:        2.045        2.045      100.0
                 (ns/day)    (hour/ns)
Performance:      845.225        0.028

GROMACS reminds you: "Chemistry: It tends to be a messy science." (Gunnar von Heijne, former chair of the Nobel Committee for chemistry)


# Integration error:        5.53

 -------------- BaysOpt loop, query 12 ---------------
going to run a simulation at -0.5026548249999909 -0.8168140899999872 
# Integrating             - Simpson's rule + Real Space Grid Mini     :-) GROMACS - gmx mdrun, 2023.2-EasyBuild_4.9.0_PLUMED_2.9.0.GMX2023 (-:

Executable:   /sw/arch/RHEL8/EB_production/2023/software/GROMACS/2023.2-foss-2023a-PLUMED-2.9.0.GMX2023/bin/gmx
Data prefix:  /sw/arch/RHEL8/EB_production/2023/software/GROMACS/2023.2-foss-2023a-PLUMED-2.9.0.GMX2023
Working dir:  /gpfs/home1/ekempkes/adipep_buq_short/result_Matern52_ls_0.75_kappa400_w_0.1_n0.0_queries_100_full
Command line:
  gmx mdrun -s simulations_essentials/md.tpr -plumed Colvars/plumed_2.513_-1.005.dat -nsteps 10000 -x Colvars/traj_2.513_-1.005.xtc


Back Off! I just backed up md.log to ./#md.log.1#
Reading file simulations_essentials/md.tpr, VERSION 2022.5-plumed_2.9.3 (single precision)
Note: file tpx version 127, software tpx version 129

NOTE: Parallelization is limited by the small number of atoms,
      only starting 1 thread-MPI ranks.
      You can use the -nt and/or -ntmpi option to optimize the number of threads.

Overriding nsteps with value passed on the command line: 10000 steps, 20 ps

comm-mode angular will give incorrect results when the comm group partially crosses a periodic boundary
Using 1 MPI thread
Using 1 OpenMP thread 


NOTE: Thread affinity was not set.

Back Off! I just backed up traj.trr to ./#traj.trr.1#

Back Off! I just backed up ener.edr to ./#ener.edr.1#
starting mdrun 'Generated by trjconv : Generated by trjconv : Alanine in vacuum in water t= 4500.00000'
10000 steps,     20.0 ps.

Writing final coordinates.

Back Off! I just backed up confout.gro to ./#confout.gro.1#

               Core t (s)   Wall t (s)        (%)
       Time:        2.027        2.027      100.0
                 (ns/day)    (hour/ns)
Performance:      852.528        0.028

GROMACS reminds you: "Never measure the height of a mountain until you have reached the top. Then you will see how low it was." (Dag Hammarskjold)


# Integration error:        6.86

 -------------- BaysOpt loop, query 13 ---------------
going to run a simulation at 2.513274122999977 -1.0053096489999906 
# Integrating             - Simpson's rule + Real Space Grid Mini     :-) GROMACS - gmx mdrun, 2023.2-EasyBuild_4.9.0_PLUMED_2.9.0.GMX2023 (-:

Executable:   /sw/arch/RHEL8/EB_production/2023/software/GROMACS/2023.2-foss-2023a-PLUMED-2.9.0.GMX2023/bin/gmx
Data prefix:  /sw/arch/RHEL8/EB_production/2023/software/GROMACS/2023.2-foss-2023a-PLUMED-2.9.0.GMX2023
Working dir:  /gpfs/home1/ekempkes/adipep_buq_short/result_Matern52_ls_0.75_kappa400_w_0.1_n0.0_queries_100_full
Command line:
  gmx mdrun -s simulations_essentials/md.tpr -plumed Colvars/plumed_1.194_-2.639.dat -nsteps 10000 -x Colvars/traj_1.194_-2.639.xtc


Back Off! I just backed up md.log to ./#md.log.1#
Reading file simulations_essentials/md.tpr, VERSION 2022.5-plumed_2.9.3 (single precision)
Note: file tpx version 127, software tpx version 129

NOTE: Parallelization is limited by the small number of atoms,
      only starting 1 thread-MPI ranks.
      You can use the -nt and/or -ntmpi option to optimize the number of threads.

Overriding nsteps with value passed on the command line: 10000 steps, 20 ps

comm-mode angular will give incorrect results when the comm group partially crosses a periodic boundary
Using 1 MPI thread
Using 1 OpenMP thread 


NOTE: Thread affinity was not set.

Back Off! I just backed up traj.trr to ./#traj.trr.1#

Back Off! I just backed up ener.edr to ./#ener.edr.1#
starting mdrun 'Generated by trjconv : Generated by trjconv : Alanine in vacuum in water t= 4500.00000'
10000 steps,     20.0 ps.

Writing final coordinates.

Back Off! I just backed up confout.gro to ./#confout.gro.1#

               Core t (s)   Wall t (s)        (%)
       Time:        2.024        2.025      100.0
                 (ns/day)    (hour/ns)
Performance:      853.602        0.028

GROMACS reminds you: "Working in the Burger Kings, Spitting on your Onion Rings" (Slim Shady)


# Integration error:        8.86

 -------------- BaysOpt loop, query 14 ---------------
going to run a simulation at 1.1938052079999777 -2.6389378290000334 
# Integrating             - Simpson's rule + Real Space Grid Mini     :-) GROMACS - gmx mdrun, 2023.2-EasyBuild_4.9.0_PLUMED_2.9.0.GMX2023 (-:

Executable:   /sw/arch/RHEL8/EB_production/2023/software/GROMACS/2023.2-foss-2023a-PLUMED-2.9.0.GMX2023/bin/gmx
Data prefix:  /sw/arch/RHEL8/EB_production/2023/software/GROMACS/2023.2-foss-2023a-PLUMED-2.9.0.GMX2023
Working dir:  /gpfs/home1/ekempkes/adipep_buq_short/result_Matern52_ls_0.75_kappa400_w_0.1_n0.0_queries_100_full
Command line:
  gmx mdrun -s simulations_essentials/md.tpr -plumed Colvars/plumed_1.005_0.314.dat -nsteps 10000 -x Colvars/traj_1.005_0.314.xtc


Back Off! I just backed up md.log to ./#md.log.1#
Reading file simulations_essentials/md.tpr, VERSION 2022.5-plumed_2.9.3 (single precision)
Note: file tpx version 127, software tpx version 129

NOTE: Parallelization is limited by the small number of atoms,
      only starting 1 thread-MPI ranks.
      You can use the -nt and/or -ntmpi option to optimize the number of threads.

Overriding nsteps with value passed on the command line: 10000 steps, 20 ps

comm-mode angular will give incorrect results when the comm group partially crosses a periodic boundary
Using 1 MPI thread
Using 1 OpenMP thread 


NOTE: Thread affinity was not set.

Back Off! I just backed up traj.trr to ./#traj.trr.1#

Back Off! I just backed up ener.edr to ./#ener.edr.1#
starting mdrun 'Generated by trjconv : Generated by trjconv : Alanine in vacuum in water t= 4500.00000'
10000 steps,     20.0 ps.

Writing final coordinates.

Back Off! I just backed up confout.gro to ./#confout.gro.1#

               Core t (s)   Wall t (s)        (%)
       Time:        2.014        2.014      100.0
                 (ns/day)    (hour/ns)
Performance:      857.890        0.028

GROMACS reminds you: "Get Down In 3D" (George Clinton)


# Integration error:        9.05

 -------------- BaysOpt loop, query 15 ---------------
going to run a simulation at 1.0053096489999906 0.31415926500000063 
# Integrating             - Simpson's rule + Real Space Grid Mini     :-) GROMACS - gmx mdrun, 2023.2-EasyBuild_4.9.0_PLUMED_2.9.0.GMX2023 (-:

Executable:   /sw/arch/RHEL8/EB_production/2023/software/GROMACS/2023.2-foss-2023a-PLUMED-2.9.0.GMX2023/bin/gmx
Data prefix:  /sw/arch/RHEL8/EB_production/2023/software/GROMACS/2023.2-foss-2023a-PLUMED-2.9.0.GMX2023
Working dir:  /gpfs/home1/ekempkes/adipep_buq_short/result_Matern52_ls_0.75_kappa400_w_0.1_n0.0_queries_100_full
Command line:
  gmx mdrun -s simulations_essentials/md.tpr -plumed Colvars/plumed_0.942_2.576.dat -nsteps 10000 -x Colvars/traj_0.942_2.576.xtc


Back Off! I just backed up md.log to ./#md.log.1#
Reading file simulations_essentials/md.tpr, VERSION 2022.5-plumed_2.9.3 (single precision)
Note: file tpx version 127, software tpx version 129

NOTE: Parallelization is limited by the small number of atoms,
      only starting 1 thread-MPI ranks.
      You can use the -nt and/or -ntmpi option to optimize the number of threads.

Overriding nsteps with value passed on the command line: 10000 steps, 20 ps

comm-mode angular will give incorrect results when the comm group partially crosses a periodic boundary
Using 1 MPI thread
Using 1 OpenMP thread 


NOTE: Thread affinity was not set.

Back Off! I just backed up traj.trr to ./#traj.trr.1#

Back Off! I just backed up ener.edr to ./#ener.edr.1#
starting mdrun 'Generated by trjconv : Generated by trjconv : Alanine in vacuum in water t= 4500.00000'
10000 steps,     20.0 ps.

Writing final coordinates.

Back Off! I just backed up confout.gro to ./#confout.gro.1#

               Core t (s)   Wall t (s)        (%)
       Time:        2.135        2.135      100.0
                 (ns/day)    (hour/ns)
Performance:      809.423        0.030

GROMACS reminds you: "Every Sperm is Sacred" (Monty Python)


# Integration error:        9.26

 -------------- BaysOpt loop, query 16 ---------------
going to run a simulation at 0.9424777960000189 2.576105975999961 
# Integrating             - Simpson's rule + Real Space Grid Mini     :-) GROMACS - gmx mdrun, 2023.2-EasyBuild_4.9.0_PLUMED_2.9.0.GMX2023 (-:

Executable:   /sw/arch/RHEL8/EB_production/2023/software/GROMACS/2023.2-foss-2023a-PLUMED-2.9.0.GMX2023/bin/gmx
Data prefix:  /sw/arch/RHEL8/EB_production/2023/software/GROMACS/2023.2-foss-2023a-PLUMED-2.9.0.GMX2023
Working dir:  /gpfs/home1/ekempkes/adipep_buq_short/result_Matern52_ls_0.75_kappa400_w_0.1_n0.0_queries_100_full
Command line:
  gmx mdrun -s simulations_essentials/md.tpr -plumed Colvars/plumed_2.576_1.131.dat -nsteps 10000 -x Colvars/traj_2.576_1.131.xtc


Back Off! I just backed up md.log to ./#md.log.1#
Reading file simulations_essentials/md.tpr, VERSION 2022.5-plumed_2.9.3 (single precision)
Note: file tpx version 127, software tpx version 129

NOTE: Parallelization is limited by the small number of atoms,
      only starting 1 thread-MPI ranks.
      You can use the -nt and/or -ntmpi option to optimize the number of threads.

Overriding nsteps with value passed on the command line: 10000 steps, 20 ps

comm-mode angular will give incorrect results when the comm group partially crosses a periodic boundary
Using 1 MPI thread
Using 1 OpenMP thread 


NOTE: Thread affinity was not set.

Back Off! I just backed up traj.trr to ./#traj.trr.1#

Back Off! I just backed up ener.edr to ./#ener.edr.1#
starting mdrun 'Generated by trjconv : Generated by trjconv : Alanine in vacuum in water t= 4500.00000'
10000 steps,     20.0 ps.

Writing final coordinates.

Back Off! I just backed up confout.gro to ./#confout.gro.1#

               Core t (s)   Wall t (s)        (%)
       Time:        2.037        2.037      100.0
                 (ns/day)    (hour/ns)
Performance:      848.540        0.028

GROMACS reminds you: "I like single-molecule experiments because I hate to simulate 10^23 molecules at the same time." (Helmut Grubmüller)


# Integration error:        9.50

 -------------- BaysOpt loop, query 17 ---------------
going to run a simulation at 2.576105975999961 1.130973355000006 
# Integrating             - Simpson's rule + Real Space Grid Mini     :-) GROMACS - gmx mdrun, 2023.2-EasyBuild_4.9.0_PLUMED_2.9.0.GMX2023 (-:

Executable:   /sw/arch/RHEL8/EB_production/2023/software/GROMACS/2023.2-foss-2023a-PLUMED-2.9.0.GMX2023/bin/gmx
Data prefix:  /sw/arch/RHEL8/EB_production/2023/software/GROMACS/2023.2-foss-2023a-PLUMED-2.9.0.GMX2023
Working dir:  /gpfs/home1/ekempkes/adipep_buq_short/result_Matern52_ls_0.75_kappa400_w_0.1_n0.0_queries_100_full
Command line:
  gmx mdrun -s simulations_essentials/md.tpr -plumed Colvars/plumed_-1.068_-2.639.dat -nsteps 10000 -x Colvars/traj_-1.068_-2.639.xtc


Back Off! I just backed up md.log to ./#md.log.1#
Reading file simulations_essentials/md.tpr, VERSION 2022.5-plumed_2.9.3 (single precision)
Note: file tpx version 127, software tpx version 129

NOTE: Parallelization is limited by the small number of atoms,
      only starting 1 thread-MPI ranks.
      You can use the -nt and/or -ntmpi option to optimize the number of threads.

Overriding nsteps with value passed on the command line: 10000 steps, 20 ps

comm-mode angular will give incorrect results when the comm group partially crosses a periodic boundary
Using 1 MPI thread
Using 1 OpenMP thread 


NOTE: Thread affinity was not set.

Back Off! I just backed up traj.trr to ./#traj.trr.1#

Back Off! I just backed up ener.edr to ./#ener.edr.1#
starting mdrun 'Generated by trjconv : Generated by trjconv : Alanine in vacuum in water t= 4500.00000'
10000 steps,     20.0 ps.

Writing final coordinates.

Back Off! I just backed up confout.gro to ./#confout.gro.1#

               Core t (s)   Wall t (s)        (%)
       Time:        2.132        2.132      100.0
                 (ns/day)    (hour/ns)
Performance:      810.671        0.030

GROMACS reminds you: "I Am the Psychotherapist. Please, Describe Your Problems." (GNU Emacs)


# Integration error:        8.59

 -------------- BaysOpt loop, query 18 ---------------
going to run a simulation at -1.0681415019999982 -2.6389378290000334 
# Integrating             - Simpson's rule + Real Space Grid Mini     :-) GROMACS - gmx mdrun, 2023.2-EasyBuild_4.9.0_PLUMED_2.9.0.GMX2023 (-:

Executable:   /sw/arch/RHEL8/EB_production/2023/software/GROMACS/2023.2-foss-2023a-PLUMED-2.9.0.GMX2023/bin/gmx
Data prefix:  /sw/arch/RHEL8/EB_production/2023/software/GROMACS/2023.2-foss-2023a-PLUMED-2.9.0.GMX2023
Working dir:  /gpfs/home1/ekempkes/adipep_buq_short/result_Matern52_ls_0.75_kappa400_w_0.1_n0.0_queries_100_full
Command line:
  gmx mdrun -s simulations_essentials/md.tpr -plumed Colvars/plumed_-2.702_1.005.dat -nsteps 10000 -x Colvars/traj_-2.702_1.005.xtc


Back Off! I just backed up md.log to ./#md.log.1#
Reading file simulations_essentials/md.tpr, VERSION 2022.5-plumed_2.9.3 (single precision)
Note: file tpx version 127, software tpx version 129

NOTE: Parallelization is limited by the small number of atoms,
      only starting 1 thread-MPI ranks.
      You can use the -nt and/or -ntmpi option to optimize the number of threads.

Overriding nsteps with value passed on the command line: 10000 steps, 20 ps

comm-mode angular will give incorrect results when the comm group partially crosses a periodic boundary
Using 1 MPI thread
Using 1 OpenMP thread 


NOTE: Thread affinity was not set.

Back Off! I just backed up traj.trr to ./#traj.trr.1#

Back Off! I just backed up ener.edr to ./#ener.edr.1#
starting mdrun 'Generated by trjconv : Generated by trjconv : Alanine in vacuum in water t= 4500.00000'
10000 steps,     20.0 ps.

Writing final coordinates.

Back Off! I just backed up confout.gro to ./#confout.gro.1#

               Core t (s)   Wall t (s)        (%)
       Time:        2.045        2.045      100.0
                 (ns/day)    (hour/ns)
Performance:      844.931        0.028

GROMACS reminds you: "Dr Pauling, how do you have so many good ideas? Well David, I have a lot of ideas and throw away the bad ones." (Linus Pauling)


# Integration error:        7.14

 -------------- BaysOpt loop, query 19 ---------------
going to run a simulation at -2.701769681999987 1.0053096489999906 
# Integrating             - Simpson's rule + Real Space Grid Mini     :-) GROMACS - gmx mdrun, 2023.2-EasyBuild_4.9.0_PLUMED_2.9.0.GMX2023 (-:

Executable:   /sw/arch/RHEL8/EB_production/2023/software/GROMACS/2023.2-foss-2023a-PLUMED-2.9.0.GMX2023/bin/gmx
Data prefix:  /sw/arch/RHEL8/EB_production/2023/software/GROMACS/2023.2-foss-2023a-PLUMED-2.9.0.GMX2023
Working dir:  /gpfs/home1/ekempkes/adipep_buq_short/result_Matern52_ls_0.75_kappa400_w_0.1_n0.0_queries_100_full
Command line:
  gmx mdrun -s simulations_essentials/md.tpr -plumed Colvars/plumed_-2.639_-1.319.dat -nsteps 10000 -x Colvars/traj_-2.639_-1.319.xtc


Back Off! I just backed up md.log to ./#md.log.1#
Reading file simulations_essentials/md.tpr, VERSION 2022.5-plumed_2.9.3 (single precision)
Note: file tpx version 127, software tpx version 129

NOTE: Parallelization is limited by the small number of atoms,
      only starting 1 thread-MPI ranks.
      You can use the -nt and/or -ntmpi option to optimize the number of threads.

Overriding nsteps with value passed on the command line: 10000 steps, 20 ps

comm-mode angular will give incorrect results when the comm group partially crosses a periodic boundary
Using 1 MPI thread
Using 1 OpenMP thread 


NOTE: Thread affinity was not set.

Back Off! I just backed up traj.trr to ./#traj.trr.1#

Back Off! I just backed up ener.edr to ./#ener.edr.1#
starting mdrun 'Generated by trjconv : Generated by trjconv : Alanine in vacuum in water t= 4500.00000'
10000 steps,     20.0 ps.

Writing final coordinates.

Back Off! I just backed up confout.gro to ./#confout.gro.1#

               Core t (s)   Wall t (s)        (%)
       Time:        2.031        2.031      100.0
                 (ns/day)    (hour/ns)
Performance:      850.834        0.028

GROMACS reminds you: "In the processing of models we must be especially cautious of the human weakness to think that models can be verified or validated. Especially one's own." (Roald Hoffmann)


# Integration error:        7.50

 -------------- BaysOpt loop, query 20 ---------------
going to run a simulation at -2.6389378290000334 -1.3194689150000116 
# Integrating             - Simpson's rule + Real Space Grid Mini     :-) GROMACS - gmx mdrun, 2023.2-EasyBuild_4.9.0_PLUMED_2.9.0.GMX2023 (-:

Executable:   /sw/arch/RHEL8/EB_production/2023/software/GROMACS/2023.2-foss-2023a-PLUMED-2.9.0.GMX2023/bin/gmx
Data prefix:  /sw/arch/RHEL8/EB_production/2023/software/GROMACS/2023.2-foss-2023a-PLUMED-2.9.0.GMX2023
Working dir:  /gpfs/home1/ekempkes/adipep_buq_short/result_Matern52_ls_0.75_kappa400_w_0.1_n0.0_queries_100_full
Command line:
  gmx mdrun -s simulations_essentials/md.tpr -plumed Colvars/plumed_-0.251_1.319.dat -nsteps 10000 -x Colvars/traj_-0.251_1.319.xtc


Back Off! I just backed up md.log to ./#md.log.1#
Reading file simulations_essentials/md.tpr, VERSION 2022.5-plumed_2.9.3 (single precision)
Note: file tpx version 127, software tpx version 129

NOTE: Parallelization is limited by the small number of atoms,
      only starting 1 thread-MPI ranks.
      You can use the -nt and/or -ntmpi option to optimize the number of threads.

Overriding nsteps with value passed on the command line: 10000 steps, 20 ps

comm-mode angular will give incorrect results when the comm group partially crosses a periodic boundary
Using 1 MPI thread
Using 1 OpenMP thread 


NOTE: Thread affinity was not set.

Back Off! I just backed up traj.trr to ./#traj.trr.1#

Back Off! I just backed up ener.edr to ./#ener.edr.1#
starting mdrun 'Generated by trjconv : Generated by trjconv : Alanine in vacuum in water t= 4500.00000'
10000 steps,     20.0 ps.

Writing final coordinates.

Back Off! I just backed up confout.gro to ./#confout.gro.1#

               Core t (s)   Wall t (s)        (%)
       Time:        2.017        2.017      100.0
                 (ns/day)    (hour/ns)
Performance:      856.817        0.028

GROMACS reminds you: "Yeah, a Wuzz, Or a Jerk" (F. Black)


# Integration error:        8.05

 -------------- BaysOpt loop, query 21 ---------------
going to run a simulation at -0.25132741199999636 1.3194689150000116 
# Integrating             - Simpson's rule + Real Space Grid Mini     :-) GROMACS - gmx mdrun, 2023.2-EasyBuild_4.9.0_PLUMED_2.9.0.GMX2023 (-:

Executable:   /sw/arch/RHEL8/EB_production/2023/software/GROMACS/2023.2-foss-2023a-PLUMED-2.9.0.GMX2023/bin/gmx
Data prefix:  /sw/arch/RHEL8/EB_production/2023/software/GROMACS/2023.2-foss-2023a-PLUMED-2.9.0.GMX2023
Working dir:  /gpfs/home1/ekempkes/adipep_buq_short/result_Matern52_ls_0.75_kappa400_w_0.1_n0.0_queries_100_full
Command line:
  gmx mdrun -s simulations_essentials/md.tpr -plumed Colvars/plumed_-1.257_2.639.dat -nsteps 10000 -x Colvars/traj_-1.257_2.639.xtc


Back Off! I just backed up md.log to ./#md.log.1#
Reading file simulations_essentials/md.tpr, VERSION 2022.5-plumed_2.9.3 (single precision)
Note: file tpx version 127, software tpx version 129

NOTE: Parallelization is limited by the small number of atoms,
      only starting 1 thread-MPI ranks.
      You can use the -nt and/or -ntmpi option to optimize the number of threads.

Overriding nsteps with value passed on the command line: 10000 steps, 20 ps

comm-mode angular will give incorrect results when the comm group partially crosses a periodic boundary
Using 1 MPI thread
Using 1 OpenMP thread 


NOTE: Thread affinity was not set.

Back Off! I just backed up traj.trr to ./#traj.trr.1#

Back Off! I just backed up ener.edr to ./#ener.edr.1#
starting mdrun 'Generated by trjconv : Generated by trjconv : Alanine in vacuum in water t= 4500.00000'
10000 steps,     20.0 ps.

Writing final coordinates.

Back Off! I just backed up confout.gro to ./#confout.gro.1#

               Core t (s)   Wall t (s)        (%)
       Time:        2.007        2.007      100.0
                 (ns/day)    (hour/ns)
Performance:      860.952        0.028

GROMACS reminds you: "If it weren't for C, we'd all be programming in BASI and OBOL." (Anonymous)


# Integration error:        8.31

 -------------- BaysOpt loop, query 22 ---------------
going to run a simulation at -1.2566370609999933 2.6389378290000334 
# Integrating             - Simpson's rule + Real Space Grid Mini     :-) GROMACS - gmx mdrun, 2023.2-EasyBuild_4.9.0_PLUMED_2.9.0.GMX2023 (-:

Executable:   /sw/arch/RHEL8/EB_production/2023/software/GROMACS/2023.2-foss-2023a-PLUMED-2.9.0.GMX2023/bin/gmx
Data prefix:  /sw/arch/RHEL8/EB_production/2023/software/GROMACS/2023.2-foss-2023a-PLUMED-2.9.0.GMX2023
Working dir:  /gpfs/home1/ekempkes/adipep_buq_short/result_Matern52_ls_0.75_kappa400_w_0.1_n0.0_queries_100_full
Command line:
  gmx mdrun -s simulations_essentials/md.tpr -plumed Colvars/plumed_-1.319_0.063.dat -nsteps 10000 -x Colvars/traj_-1.319_0.063.xtc


Back Off! I just backed up md.log to ./#md.log.1#
Reading file simulations_essentials/md.tpr, VERSION 2022.5-plumed_2.9.3 (single precision)
Note: file tpx version 127, software tpx version 129

NOTE: Parallelization is limited by the small number of atoms,
      only starting 1 thread-MPI ranks.
      You can use the -nt and/or -ntmpi option to optimize the number of threads.

Overriding nsteps with value passed on the command line: 10000 steps, 20 ps

comm-mode angular will give incorrect results when the comm group partially crosses a periodic boundary
Using 1 MPI thread
Using 1 OpenMP thread 


NOTE: Thread affinity was not set.

Back Off! I just backed up traj.trr to ./#traj.trr.1#

Back Off! I just backed up ener.edr to ./#ener.edr.1#
starting mdrun 'Generated by trjconv : Generated by trjconv : Alanine in vacuum in water t= 4500.00000'
10000 steps,     20.0 ps.

Writing final coordinates.

Back Off! I just backed up confout.gro to ./#confout.gro.1#

               Core t (s)   Wall t (s)        (%)
       Time:        2.051        2.052      100.0
                 (ns/day)    (hour/ns)
Performance:      842.381        0.028

GROMACS reminds you: "It Doesn't Have to Be Tip Top" (Pulp Fiction)


# Integration error:        8.17

 -------------- BaysOpt loop, query 23 ---------------
going to run a simulation at -1.3194689150000116 0.06283185299999909 
# Integrating             - Simpson's rule + Real Space Grid Mini     :-) GROMACS - gmx mdrun, 2023.2-EasyBuild_4.9.0_PLUMED_2.9.0.GMX2023 (-:

Executable:   /sw/arch/RHEL8/EB_production/2023/software/GROMACS/2023.2-foss-2023a-PLUMED-2.9.0.GMX2023/bin/gmx
Data prefix:  /sw/arch/RHEL8/EB_production/2023/software/GROMACS/2023.2-foss-2023a-PLUMED-2.9.0.GMX2023
Working dir:  /gpfs/home1/ekempkes/adipep_buq_short/result_Matern52_ls_0.75_kappa400_w_0.1_n0.0_queries_100_full
Command line:
  gmx mdrun -s simulations_essentials/md.tpr -plumed Colvars/plumed_2.702_-2.576.dat -nsteps 10000 -x Colvars/traj_2.702_-2.576.xtc


Back Off! I just backed up md.log to ./#md.log.1#
Reading file simulations_essentials/md.tpr, VERSION 2022.5-plumed_2.9.3 (single precision)
Note: file tpx version 127, software tpx version 129

NOTE: Parallelization is limited by the small number of atoms,
      only starting 1 thread-MPI ranks.
      You can use the -nt and/or -ntmpi option to optimize the number of threads.

Overriding nsteps with value passed on the command line: 10000 steps, 20 ps

comm-mode angular will give incorrect results when the comm group partially crosses a periodic boundary
Using 1 MPI thread
Using 1 OpenMP thread 


NOTE: Thread affinity was not set.

Back Off! I just backed up traj.trr to ./#traj.trr.1#

Back Off! I just backed up ener.edr to ./#ener.edr.1#
starting mdrun 'Generated by trjconv : Generated by trjconv : Alanine in vacuum in water t= 4500.00000'
10000 steps,     20.0 ps.

Writing final coordinates.

Back Off! I just backed up confout.gro to ./#confout.gro.1#

               Core t (s)   Wall t (s)        (%)
       Time:        2.044        2.044      100.0
                 (ns/day)    (hour/ns)
Performance:      845.471        0.028

GROMACS reminds you: "Fresh Air, Green Hair" (Frank Black)


# Integration error:        8.43

 -------------- BaysOpt loop, query 24 ---------------
going to run a simulation at 2.701769681999987 -2.576105975999961 
# Integrating             - Simpson's rule + Real Space Grid Mini     :-) GROMACS - gmx mdrun, 2023.2-EasyBuild_4.9.0_PLUMED_2.9.0.GMX2023 (-:

Executable:   /sw/arch/RHEL8/EB_production/2023/software/GROMACS/2023.2-foss-2023a-PLUMED-2.9.0.GMX2023/bin/gmx
Data prefix:  /sw/arch/RHEL8/EB_production/2023/software/GROMACS/2023.2-foss-2023a-PLUMED-2.9.0.GMX2023
Working dir:  /gpfs/home1/ekempkes/adipep_buq_short/result_Matern52_ls_0.75_kappa400_w_0.1_n0.0_queries_100_full
Command line:
  gmx mdrun -s simulations_essentials/md.tpr -plumed Colvars/plumed_0.880_-1.696.dat -nsteps 10000 -x Colvars/traj_0.880_-1.696.xtc


Back Off! I just backed up md.log to ./#md.log.1#
Reading file simulations_essentials/md.tpr, VERSION 2022.5-plumed_2.9.3 (single precision)
Note: file tpx version 127, software tpx version 129

NOTE: Parallelization is limited by the small number of atoms,
      only starting 1 thread-MPI ranks.
      You can use the -nt and/or -ntmpi option to optimize the number of threads.

Overriding nsteps with value passed on the command line: 10000 steps, 20 ps

comm-mode angular will give incorrect results when the comm group partially crosses a periodic boundary
Using 1 MPI thread
Using 1 OpenMP thread 


NOTE: Thread affinity was not set.

Back Off! I just backed up traj.trr to ./#traj.trr.1#

Back Off! I just backed up ener.edr to ./#ener.edr.1#
starting mdrun 'Generated by trjconv : Generated by trjconv : Alanine in vacuum in water t= 4500.00000'
10000 steps,     20.0 ps.

Writing final coordinates.

Back Off! I just backed up confout.gro to ./#confout.gro.1#

               Core t (s)   Wall t (s)        (%)
       Time:        2.034        2.034      100.0
                 (ns/day)    (hour/ns)
Performance:      849.712        0.028

GROMACS reminds you: "I'm An Oakman" (Pulp Fiction)


# Integration error:        7.52

 -------------- BaysOpt loop, query 25 ---------------
going to run a simulation at 0.8796459430000121 -1.6964600329999944 
# Integrating             - Simpson's rule + Real Space Grid Mini     :-) GROMACS - gmx mdrun, 2023.2-EasyBuild_4.9.0_PLUMED_2.9.0.GMX2023 (-:

Executable:   /sw/arch/RHEL8/EB_production/2023/software/GROMACS/2023.2-foss-2023a-PLUMED-2.9.0.GMX2023/bin/gmx
Data prefix:  /sw/arch/RHEL8/EB_production/2023/software/GROMACS/2023.2-foss-2023a-PLUMED-2.9.0.GMX2023
Working dir:  /gpfs/home1/ekempkes/adipep_buq_short/result_Matern52_ls_0.75_kappa400_w_0.1_n0.0_queries_100_full
Command line:
  gmx mdrun -s simulations_essentials/md.tpr -plumed Colvars/plumed_2.702_2.827.dat -nsteps 10000 -x Colvars/traj_2.702_2.827.xtc


Back Off! I just backed up md.log to ./#md.log.1#
Reading file simulations_essentials/md.tpr, VERSION 2022.5-plumed_2.9.3 (single precision)
Note: file tpx version 127, software tpx version 129

NOTE: Parallelization is limited by the small number of atoms,
      only starting 1 thread-MPI ranks.
      You can use the -nt and/or -ntmpi option to optimize the number of threads.

Overriding nsteps with value passed on the command line: 10000 steps, 20 ps

comm-mode angular will give incorrect results when the comm group partially crosses a periodic boundary
Using 1 MPI thread
Using 1 OpenMP thread 


NOTE: Thread affinity was not set.

Back Off! I just backed up traj.trr to ./#traj.trr.1#

Back Off! I just backed up ener.edr to ./#ener.edr.1#
starting mdrun 'Generated by trjconv : Generated by trjconv : Alanine in vacuum in water t= 4500.00000'
10000 steps,     20.0 ps.

Writing final coordinates.

Back Off! I just backed up confout.gro to ./#confout.gro.1#

               Core t (s)   Wall t (s)        (%)
       Time:        2.027        2.027      100.0
                 (ns/day)    (hour/ns)
Performance:      852.593        0.028

GROMACS reminds you: "Ich war schwanger, mir gings zum kotzen" (Nina Hagen)


# Integration error:        7.39

 -------------- BaysOpt loop, query 26 ---------------
going to run a simulation at 2.701769681999987 2.8274333879999514 
# Integrating             - Simpson's rule + Real Space Grid Mini     :-) GROMACS - gmx mdrun, 2023.2-EasyBuild_4.9.0_PLUMED_2.9.0.GMX2023 (-:

Executable:   /sw/arch/RHEL8/EB_production/2023/software/GROMACS/2023.2-foss-2023a-PLUMED-2.9.0.GMX2023/bin/gmx
Data prefix:  /sw/arch/RHEL8/EB_production/2023/software/GROMACS/2023.2-foss-2023a-PLUMED-2.9.0.GMX2023
Working dir:  /gpfs/home1/ekempkes/adipep_buq_short/result_Matern52_ls_0.75_kappa400_w_0.1_n0.0_queries_100_full
Command line:
  gmx mdrun -s simulations_essentials/md.tpr -plumed Colvars/plumed_-2.827_2.702.dat -nsteps 10000 -x Colvars/traj_-2.827_2.702.xtc


Back Off! I just backed up md.log to ./#md.log.1#
Reading file simulations_essentials/md.tpr, VERSION 2022.5-plumed_2.9.3 (single precision)
Note: file tpx version 127, software tpx version 129

NOTE: Parallelization is limited by the small number of atoms,
      only starting 1 thread-MPI ranks.
      You can use the -nt and/or -ntmpi option to optimize the number of threads.

Overriding nsteps with value passed on the command line: 10000 steps, 20 ps

comm-mode angular will give incorrect results when the comm group partially crosses a periodic boundary
Using 1 MPI thread
Using 1 OpenMP thread 


NOTE: Thread affinity was not set.

Back Off! I just backed up traj.trr to ./#traj.trr.1#

Back Off! I just backed up ener.edr to ./#ener.edr.1#
starting mdrun 'Generated by trjconv : Generated by trjconv : Alanine in vacuum in water t= 4500.00000'
10000 steps,     20.0 ps.

Writing final coordinates.

Back Off! I just backed up confout.gro to ./#confout.gro.1#

               Core t (s)   Wall t (s)        (%)
       Time:        2.039        2.040      100.0
                 (ns/day)    (hour/ns)
Performance:      847.336        0.028

GROMACS reminds you: "If You Want Something Done You Have to Do It Yourself" (Highlander II)


# Integration error:        7.96

 -------------- BaysOpt loop, query 27 ---------------
going to run a simulation at -2.8274333879999514 2.701769681999987 
# Integrating             - Simpson's rule + Real Space Grid Mini     :-) GROMACS - gmx mdrun, 2023.2-EasyBuild_4.9.0_PLUMED_2.9.0.GMX2023 (-:

Executable:   /sw/arch/RHEL8/EB_production/2023/software/GROMACS/2023.2-foss-2023a-PLUMED-2.9.0.GMX2023/bin/gmx
Data prefix:  /sw/arch/RHEL8/EB_production/2023/software/GROMACS/2023.2-foss-2023a-PLUMED-2.9.0.GMX2023
Working dir:  /gpfs/home1/ekempkes/adipep_buq_short/result_Matern52_ls_0.75_kappa400_w_0.1_n0.0_queries_100_full
Command line:
  gmx mdrun -s simulations_essentials/md.tpr -plumed Colvars/plumed_1.696_-0.691.dat -nsteps 10000 -x Colvars/traj_1.696_-0.691.xtc


Back Off! I just backed up md.log to ./#md.log.1#
Reading file simulations_essentials/md.tpr, VERSION 2022.5-plumed_2.9.3 (single precision)
Note: file tpx version 127, software tpx version 129

NOTE: Parallelization is limited by the small number of atoms,
      only starting 1 thread-MPI ranks.
      You can use the -nt and/or -ntmpi option to optimize the number of threads.

Overriding nsteps with value passed on the command line: 10000 steps, 20 ps

comm-mode angular will give incorrect results when the comm group partially crosses a periodic boundary
Using 1 MPI thread
Using 1 OpenMP thread 


NOTE: Thread affinity was not set.

Back Off! I just backed up traj.trr to ./#traj.trr.1#

Back Off! I just backed up ener.edr to ./#ener.edr.1#
starting mdrun 'Generated by trjconv : Generated by trjconv : Alanine in vacuum in water t= 4500.00000'
10000 steps,     20.0 ps.

Writing final coordinates.

Back Off! I just backed up confout.gro to ./#confout.gro.1#

               Core t (s)   Wall t (s)        (%)
       Time:        2.033        2.033      100.0
                 (ns/day)    (hour/ns)
Performance:      850.092        0.028

GROMACS reminds you: "I'm Gonna Get Medieval On Your Ass" (Pulp Fiction)


# Integration error:        7.91

 -------------- BaysOpt loop, query 28 ---------------
going to run a simulation at 1.6964600329999944 -0.6911503840000147 
# Integrating             - Simpson's rule + Real Space Grid Mini     :-) GROMACS - gmx mdrun, 2023.2-EasyBuild_4.9.0_PLUMED_2.9.0.GMX2023 (-:

Executable:   /sw/arch/RHEL8/EB_production/2023/software/GROMACS/2023.2-foss-2023a-PLUMED-2.9.0.GMX2023/bin/gmx
Data prefix:  /sw/arch/RHEL8/EB_production/2023/software/GROMACS/2023.2-foss-2023a-PLUMED-2.9.0.GMX2023
Working dir:  /gpfs/home1/ekempkes/adipep_buq_short/result_Matern52_ls_0.75_kappa400_w_0.1_n0.0_queries_100_full
Command line:
  gmx mdrun -s simulations_essentials/md.tpr -plumed Colvars/plumed_-2.765_-2.827.dat -nsteps 10000 -x Colvars/traj_-2.765_-2.827.xtc


Back Off! I just backed up md.log to ./#md.log.1#
Reading file simulations_essentials/md.tpr, VERSION 2022.5-plumed_2.9.3 (single precision)
Note: file tpx version 127, software tpx version 129

NOTE: Parallelization is limited by the small number of atoms,
      only starting 1 thread-MPI ranks.
      You can use the -nt and/or -ntmpi option to optimize the number of threads.

Overriding nsteps with value passed on the command line: 10000 steps, 20 ps

comm-mode angular will give incorrect results when the comm group partially crosses a periodic boundary
Using 1 MPI thread
Using 1 OpenMP thread 


NOTE: Thread affinity was not set.

Back Off! I just backed up traj.trr to ./#traj.trr.1#

Back Off! I just backed up ener.edr to ./#ener.edr.1#
starting mdrun 'Generated by trjconv : Generated by trjconv : Alanine in vacuum in water t= 4500.00000'
10000 steps,     20.0 ps.

Writing final coordinates.

Back Off! I just backed up confout.gro to ./#confout.gro.1#

               Core t (s)   Wall t (s)        (%)
       Time:        2.132        2.132      100.0
                 (ns/day)    (hour/ns)
Performance:      810.633        0.030

GROMACS reminds you: "Where all think alike, no one thinks very much." (Walter Lippmann)


# Integration error:        7.22

 -------------- BaysOpt loop, query 29 ---------------
going to run a simulation at -2.7646015350000686 -2.8274333879999514 
# Integrating             - Simpson's rule + Real Space Grid Mini     :-) GROMACS - gmx mdrun, 2023.2-EasyBuild_4.9.0_PLUMED_2.9.0.GMX2023 (-:

Executable:   /sw/arch/RHEL8/EB_production/2023/software/GROMACS/2023.2-foss-2023a-PLUMED-2.9.0.GMX2023/bin/gmx
Data prefix:  /sw/arch/RHEL8/EB_production/2023/software/GROMACS/2023.2-foss-2023a-PLUMED-2.9.0.GMX2023
Working dir:  /gpfs/home1/ekempkes/adipep_buq_short/result_Matern52_ls_0.75_kappa400_w_0.1_n0.0_queries_100_full
Command line:
  gmx mdrun -s simulations_essentials/md.tpr -plumed Colvars/plumed_0.251_-0.691.dat -nsteps 10000 -x Colvars/traj_0.251_-0.691.xtc


Back Off! I just backed up md.log to ./#md.log.1#
Reading file simulations_essentials/md.tpr, VERSION 2022.5-plumed_2.9.3 (single precision)
Note: file tpx version 127, software tpx version 129

NOTE: Parallelization is limited by the small number of atoms,
      only starting 1 thread-MPI ranks.
      You can use the -nt and/or -ntmpi option to optimize the number of threads.

Overriding nsteps with value passed on the command line: 10000 steps, 20 ps

comm-mode angular will give incorrect results when the comm group partially crosses a periodic boundary
Using 1 MPI thread
Using 1 OpenMP thread 


NOTE: Thread affinity was not set.

Back Off! I just backed up traj.trr to ./#traj.trr.1#

Back Off! I just backed up ener.edr to ./#ener.edr.1#
starting mdrun 'Generated by trjconv : Generated by trjconv : Alanine in vacuum in water t= 4500.00000'
10000 steps,     20.0 ps.

Writing final coordinates.

Back Off! I just backed up confout.gro to ./#confout.gro.1#

               Core t (s)   Wall t (s)        (%)
       Time:        2.049        2.049      100.0
                 (ns/day)    (hour/ns)
Performance:      843.458        0.028

GROMACS reminds you: "It's an easy game, just don't let the ball past!" (Szilard Pall)


# Integration error:        7.05

 -------------- BaysOpt loop, query 30 ---------------
going to run a simulation at 0.25132741199999636 -0.6911503840000147 
# Integrating             - Simpson's rule + Real Space Grid Mini     :-) GROMACS - gmx mdrun, 2023.2-EasyBuild_4.9.0_PLUMED_2.9.0.GMX2023 (-:

Executable:   /sw/arch/RHEL8/EB_production/2023/software/GROMACS/2023.2-foss-2023a-PLUMED-2.9.0.GMX2023/bin/gmx
Data prefix:  /sw/arch/RHEL8/EB_production/2023/software/GROMACS/2023.2-foss-2023a-PLUMED-2.9.0.GMX2023
Working dir:  /gpfs/home1/ekempkes/adipep_buq_short/result_Matern52_ls_0.75_kappa400_w_0.1_n0.0_queries_100_full
Command line:
  gmx mdrun -s simulations_essentials/md.tpr -plumed Colvars/plumed_-0.440_-1.634.dat -nsteps 10000 -x Colvars/traj_-0.440_-1.634.xtc


Back Off! I just backed up md.log to ./#md.log.1#
Reading file simulations_essentials/md.tpr, VERSION 2022.5-plumed_2.9.3 (single precision)
Note: file tpx version 127, software tpx version 129

NOTE: Parallelization is limited by the small number of atoms,
      only starting 1 thread-MPI ranks.
      You can use the -nt and/or -ntmpi option to optimize the number of threads.

Overriding nsteps with value passed on the command line: 10000 steps, 20 ps

comm-mode angular will give incorrect results when the comm group partially crosses a periodic boundary
Using 1 MPI thread
Using 1 OpenMP thread 


NOTE: Thread affinity was not set.

Back Off! I just backed up traj.trr to ./#traj.trr.1#

Back Off! I just backed up ener.edr to ./#ener.edr.1#
starting mdrun 'Generated by trjconv : Generated by trjconv : Alanine in vacuum in water t= 4500.00000'
10000 steps,     20.0 ps.

Writing final coordinates.

Back Off! I just backed up confout.gro to ./#confout.gro.1#

               Core t (s)   Wall t (s)        (%)
       Time:        2.029        2.030      100.0
                 (ns/day)    (hour/ns)
Performance:      851.498        0.028

GROMACS reminds you: "I Don't Want to Catch Anybody Not Drinking." (Monty Python)


# Integration error:        6.75

 -------------- BaysOpt loop, query 31 ---------------
going to run a simulation at -0.43982297200000164 -1.6336281799999743 
# Integrating             - Simpson's rule + Real Space Grid Mini     :-) GROMACS - gmx mdrun, 2023.2-EasyBuild_4.9.0_PLUMED_2.9.0.GMX2023 (-:

Executable:   /sw/arch/RHEL8/EB_production/2023/software/GROMACS/2023.2-foss-2023a-PLUMED-2.9.0.GMX2023/bin/gmx
Data prefix:  /sw/arch/RHEL8/EB_production/2023/software/GROMACS/2023.2-foss-2023a-PLUMED-2.9.0.GMX2023
Working dir:  /gpfs/home1/ekempkes/adipep_buq_short/result_Matern52_ls_0.75_kappa400_w_0.1_n0.0_queries_100_full
Command line:
  gmx mdrun -s simulations_essentials/md.tpr -plumed Colvars/plumed_0.188_-2.827.dat -nsteps 10000 -x Colvars/traj_0.188_-2.827.xtc


Back Off! I just backed up md.log to ./#md.log.1#
Reading file simulations_essentials/md.tpr, VERSION 2022.5-plumed_2.9.3 (single precision)
Note: file tpx version 127, software tpx version 129

NOTE: Parallelization is limited by the small number of atoms,
      only starting 1 thread-MPI ranks.
      You can use the -nt and/or -ntmpi option to optimize the number of threads.

Overriding nsteps with value passed on the command line: 10000 steps, 20 ps

comm-mode angular will give incorrect results when the comm group partially crosses a periodic boundary
Using 1 MPI thread
Using 1 OpenMP thread 


NOTE: Thread affinity was not set.

Back Off! I just backed up traj.trr to ./#traj.trr.1#

Back Off! I just backed up ener.edr to ./#ener.edr.1#
starting mdrun 'Generated by trjconv : Generated by trjconv : Alanine in vacuum in water t= 4500.00000'
10000 steps,     20.0 ps.

Writing final coordinates.

Back Off! I just backed up confout.gro to ./#confout.gro.1#

               Core t (s)   Wall t (s)        (%)
       Time:        2.045        2.045      100.0
                 (ns/day)    (hour/ns)
Performance:      845.110        0.028

GROMACS reminds you: "Those who cannot remember the past are condemned to compute it." (Steve Pinker)


# Integration error:        6.63

 -------------- BaysOpt loop, query 32 ---------------
going to run a simulation at 0.18849555899999812 -2.8274333879999514 
# Integrating             - Simpson's rule + Real Space Grid Mini     :-) GROMACS - gmx mdrun, 2023.2-EasyBuild_4.9.0_PLUMED_2.9.0.GMX2023 (-:

Executable:   /sw/arch/RHEL8/EB_production/2023/software/GROMACS/2023.2-foss-2023a-PLUMED-2.9.0.GMX2023/bin/gmx
Data prefix:  /sw/arch/RHEL8/EB_production/2023/software/GROMACS/2023.2-foss-2023a-PLUMED-2.9.0.GMX2023
Working dir:  /gpfs/home1/ekempkes/adipep_buq_short/result_Matern52_ls_0.75_kappa400_w_0.1_n0.0_queries_100_full
Command line:
  gmx mdrun -s simulations_essentials/md.tpr -plumed Colvars/plumed_0.440_1.319.dat -nsteps 10000 -x Colvars/traj_0.440_1.319.xtc


Back Off! I just backed up md.log to ./#md.log.1#
Reading file simulations_essentials/md.tpr, VERSION 2022.5-plumed_2.9.3 (single precision)
Note: file tpx version 127, software tpx version 129

NOTE: Parallelization is limited by the small number of atoms,
      only starting 1 thread-MPI ranks.
      You can use the -nt and/or -ntmpi option to optimize the number of threads.

Overriding nsteps with value passed on the command line: 10000 steps, 20 ps

comm-mode angular will give incorrect results when the comm group partially crosses a periodic boundary
Using 1 MPI thread
Using 1 OpenMP thread 


NOTE: Thread affinity was not set.

Back Off! I just backed up traj.trr to ./#traj.trr.1#

Back Off! I just backed up ener.edr to ./#ener.edr.1#
starting mdrun 'Generated by trjconv : Generated by trjconv : Alanine in vacuum in water t= 4500.00000'
10000 steps,     20.0 ps.

Writing final coordinates.

Back Off! I just backed up confout.gro to ./#confout.gro.1#

               Core t (s)   Wall t (s)        (%)
       Time:        2.048        2.048      100.0
                 (ns/day)    (hour/ns)
Performance:      843.672        0.028

GROMACS reminds you: "The best way to obtain plausible negative examples is to run a docking program with a biophysics-based function." (Julie Bernauer)


# Integration error:        6.85

 -------------- BaysOpt loop, query 33 ---------------
going to run a simulation at 0.43982297200000164 1.3194689150000116 
# Integrating             - Simpson's rule + Real Space Grid Mini     :-) GROMACS - gmx mdrun, 2023.2-EasyBuild_4.9.0_PLUMED_2.9.0.GMX2023 (-:

Executable:   /sw/arch/RHEL8/EB_production/2023/software/GROMACS/2023.2-foss-2023a-PLUMED-2.9.0.GMX2023/bin/gmx
Data prefix:  /sw/arch/RHEL8/EB_production/2023/software/GROMACS/2023.2-foss-2023a-PLUMED-2.9.0.GMX2023
Working dir:  /gpfs/home1/ekempkes/adipep_buq_short/result_Matern52_ls_0.75_kappa400_w_0.1_n0.0_queries_100_full
Command line:
  gmx mdrun -s simulations_essentials/md.tpr -plumed Colvars/plumed_1.759_1.194.dat -nsteps 10000 -x Colvars/traj_1.759_1.194.xtc


Back Off! I just backed up md.log to ./#md.log.1#
Reading file simulations_essentials/md.tpr, VERSION 2022.5-plumed_2.9.3 (single precision)
Note: file tpx version 127, software tpx version 129

NOTE: Parallelization is limited by the small number of atoms,
      only starting 1 thread-MPI ranks.
      You can use the -nt and/or -ntmpi option to optimize the number of threads.

Overriding nsteps with value passed on the command line: 10000 steps, 20 ps

comm-mode angular will give incorrect results when the comm group partially crosses a periodic boundary
Using 1 MPI thread
Using 1 OpenMP thread 


NOTE: Thread affinity was not set.

Back Off! I just backed up traj.trr to ./#traj.trr.1#

Back Off! I just backed up ener.edr to ./#ener.edr.1#
starting mdrun 'Generated by trjconv : Generated by trjconv : Alanine in vacuum in water t= 4500.00000'
10000 steps,     20.0 ps.

Writing final coordinates.

Back Off! I just backed up confout.gro to ./#confout.gro.1#

               Core t (s)   Wall t (s)        (%)
       Time:        2.058        2.058      100.0
                 (ns/day)    (hour/ns)
Performance:      839.757        0.029

GROMACS reminds you: "Well, I am a dilettante. It's only in England that dilettantism is considered a bad thing. In other countries it's called interdisciplinary research." (Brian Eno)


# Integration error:        6.60

 -------------- BaysOpt loop, query 34 ---------------
going to run a simulation at 1.7592918860000242 1.1938052079999777 
# Integrating             - Simpson's rule + Real Space Grid Mini     :-) GROMACS - gmx mdrun, 2023.2-EasyBuild_4.9.0_PLUMED_2.9.0.GMX2023 (-:

Executable:   /sw/arch/RHEL8/EB_production/2023/software/GROMACS/2023.2-foss-2023a-PLUMED-2.9.0.GMX2023/bin/gmx
Data prefix:  /sw/arch/RHEL8/EB_production/2023/software/GROMACS/2023.2-foss-2023a-PLUMED-2.9.0.GMX2023
Working dir:  /gpfs/home1/ekempkes/adipep_buq_short/result_Matern52_ls_0.75_kappa400_w_0.1_n0.0_queries_100_full
Command line:
  gmx mdrun -s simulations_essentials/md.tpr -plumed Colvars/plumed_2.953_0.000.dat -nsteps 10000 -x Colvars/traj_2.953_0.000.xtc


Back Off! I just backed up md.log to ./#md.log.1#
Reading file simulations_essentials/md.tpr, VERSION 2022.5-plumed_2.9.3 (single precision)
Note: file tpx version 127, software tpx version 129

NOTE: Parallelization is limited by the small number of atoms,
      only starting 1 thread-MPI ranks.
      You can use the -nt and/or -ntmpi option to optimize the number of threads.

Overriding nsteps with value passed on the command line: 10000 steps, 20 ps

comm-mode angular will give incorrect results when the comm group partially crosses a periodic boundary
Using 1 MPI thread
Using 1 OpenMP thread 


NOTE: Thread affinity was not set.

Back Off! I just backed up traj.trr to ./#traj.trr.1#

Back Off! I just backed up ener.edr to ./#ener.edr.1#
starting mdrun 'Generated by trjconv : Generated by trjconv : Alanine in vacuum in water t= 4500.00000'
10000 steps,     20.0 ps.

Writing final coordinates.

Back Off! I just backed up confout.gro to ./#confout.gro.1#

               Core t (s)   Wall t (s)        (%)
       Time:        2.018        2.018      100.0
                 (ns/day)    (hour/ns)
Performance:      856.245        0.028

GROMACS reminds you: "Every electron is sacred." (Greg McMullan, on Cryo-EM detectors)


# Integration error:        6.73

 -------------- BaysOpt loop, query 35 ---------------
going to run a simulation at 2.953097093999987 0.0 
# Integrating             - Simpson's rule + Real Space Grid Mini     :-) GROMACS - gmx mdrun, 2023.2-EasyBuild_4.9.0_PLUMED_2.9.0.GMX2023 (-:

Executable:   /sw/arch/RHEL8/EB_production/2023/software/GROMACS/2023.2-foss-2023a-PLUMED-2.9.0.GMX2023/bin/gmx
Data prefix:  /sw/arch/RHEL8/EB_production/2023/software/GROMACS/2023.2-foss-2023a-PLUMED-2.9.0.GMX2023
Working dir:  /gpfs/home1/ekempkes/adipep_buq_short/result_Matern52_ls_0.75_kappa400_w_0.1_n0.0_queries_100_full
Command line:
  gmx mdrun -s simulations_essentials/md.tpr -plumed Colvars/plumed_-1.131_1.759.dat -nsteps 10000 -x Colvars/traj_-1.131_1.759.xtc


Back Off! I just backed up md.log to ./#md.log.1#
Reading file simulations_essentials/md.tpr, VERSION 2022.5-plumed_2.9.3 (single precision)
Note: file tpx version 127, software tpx version 129

NOTE: Parallelization is limited by the small number of atoms,
      only starting 1 thread-MPI ranks.
      You can use the -nt and/or -ntmpi option to optimize the number of threads.

Overriding nsteps with value passed on the command line: 10000 steps, 20 ps

comm-mode angular will give incorrect results when the comm group partially crosses a periodic boundary
Using 1 MPI thread
Using 1 OpenMP thread 


NOTE: Thread affinity was not set.

Back Off! I just backed up traj.trr to ./#traj.trr.1#

Back Off! I just backed up ener.edr to ./#ener.edr.1#
starting mdrun 'Generated by trjconv : Generated by trjconv : Alanine in vacuum in water t= 4500.00000'
10000 steps,     20.0 ps.

Writing final coordinates.

Back Off! I just backed up confout.gro to ./#confout.gro.1#

               Core t (s)   Wall t (s)        (%)
       Time:        2.031        2.031      100.0
                 (ns/day)    (hour/ns)
Performance:      850.764        0.028

GROMACS reminds you: "Bailed Out Of Edge Synchronization After 10,000 Iterations" (X/Motif)


# Integration error:        6.51

 -------------- BaysOpt loop, query 36 ---------------
going to run a simulation at -1.130973355000006 1.7592918860000242 
# Integrating             - Simpson's rule + Real Space Grid Mini     :-) GROMACS - gmx mdrun, 2023.2-EasyBuild_4.9.0_PLUMED_2.9.0.GMX2023 (-:

Executable:   /sw/arch/RHEL8/EB_production/2023/software/GROMACS/2023.2-foss-2023a-PLUMED-2.9.0.GMX2023/bin/gmx
Data prefix:  /sw/arch/RHEL8/EB_production/2023/software/GROMACS/2023.2-foss-2023a-PLUMED-2.9.0.GMX2023
Working dir:  /gpfs/home1/ekempkes/adipep_buq_short/result_Matern52_ls_0.75_kappa400_w_0.1_n0.0_queries_100_full
Command line:
  gmx mdrun -s simulations_essentials/md.tpr -plumed Colvars/plumed_0.000_2.827.dat -nsteps 10000 -x Colvars/traj_0.000_2.827.xtc


Back Off! I just backed up md.log to ./#md.log.1#
Reading file simulations_essentials/md.tpr, VERSION 2022.5-plumed_2.9.3 (single precision)
Note: file tpx version 127, software tpx version 129

NOTE: Parallelization is limited by the small number of atoms,
      only starting 1 thread-MPI ranks.
      You can use the -nt and/or -ntmpi option to optimize the number of threads.

Overriding nsteps with value passed on the command line: 10000 steps, 20 ps

comm-mode angular will give incorrect results when the comm group partially crosses a periodic boundary
Using 1 MPI thread
Using 1 OpenMP thread 


NOTE: Thread affinity was not set.

Back Off! I just backed up traj.trr to ./#traj.trr.1#

Back Off! I just backed up ener.edr to ./#ener.edr.1#
starting mdrun 'Generated by trjconv : Generated by trjconv : Alanine in vacuum in water t= 4500.00000'
10000 steps,     20.0 ps.

Writing final coordinates.

Back Off! I just backed up confout.gro to ./#confout.gro.1#

               Core t (s)   Wall t (s)        (%)
       Time:        2.078        2.078      100.0
                 (ns/day)    (hour/ns)
Performance:      831.523        0.029

GROMACS reminds you: "With a Lead Filled Snowshoe" (F. Zappa)


# Integration error:        6.96

 -------------- BaysOpt loop, query 37 ---------------
going to run a simulation at 0.0 2.8274333879999514 
# Integrating             - Simpson's rule + Real Space Grid Mini     :-) GROMACS - gmx mdrun, 2023.2-EasyBuild_4.9.0_PLUMED_2.9.0.GMX2023 (-:

Executable:   /sw/arch/RHEL8/EB_production/2023/software/GROMACS/2023.2-foss-2023a-PLUMED-2.9.0.GMX2023/bin/gmx
Data prefix:  /sw/arch/RHEL8/EB_production/2023/software/GROMACS/2023.2-foss-2023a-PLUMED-2.9.0.GMX2023
Working dir:  /gpfs/home1/ekempkes/adipep_buq_short/result_Matern52_ls_0.75_kappa400_w_0.1_n0.0_queries_100_full
Command line:
  gmx mdrun -s simulations_essentials/md.tpr -plumed Colvars/plumed_1.634_2.576.dat -nsteps 10000 -x Colvars/traj_1.634_2.576.xtc


Back Off! I just backed up md.log to ./#md.log.1#
Reading file simulations_essentials/md.tpr, VERSION 2022.5-plumed_2.9.3 (single precision)
Note: file tpx version 127, software tpx version 129

NOTE: Parallelization is limited by the small number of atoms,
      only starting 1 thread-MPI ranks.
      You can use the -nt and/or -ntmpi option to optimize the number of threads.

Overriding nsteps with value passed on the command line: 10000 steps, 20 ps

comm-mode angular will give incorrect results when the comm group partially crosses a periodic boundary
Using 1 MPI thread
Using 1 OpenMP thread 


NOTE: Thread affinity was not set.

Back Off! I just backed up traj.trr to ./#traj.trr.1#

Back Off! I just backed up ener.edr to ./#ener.edr.1#
starting mdrun 'Generated by trjconv : Generated by trjconv : Alanine in vacuum in water t= 4500.00000'
10000 steps,     20.0 ps.

Writing final coordinates.

Back Off! I just backed up confout.gro to ./#confout.gro.1#

               Core t (s)   Wall t (s)        (%)
       Time:        2.081        2.081      100.0
                 (ns/day)    (hour/ns)
Performance:      830.479        0.029

GROMACS reminds you: "If mathematical analysis should ever hold a prominent place in chemistry - an aberration which is happily almost impossible - it would occasion a rapid and widespread degeneration of that science." (Aguste Comte, 1830)


# Integration error:        7.57

 -------------- BaysOpt loop, query 38 ---------------
going to run a simulation at 1.6336281799999743 2.576105975999961 
# Integrating             - Simpson's rule + Real Space Grid Mini     :-) GROMACS - gmx mdrun, 2023.2-EasyBuild_4.9.0_PLUMED_2.9.0.GMX2023 (-:

Executable:   /sw/arch/RHEL8/EB_production/2023/software/GROMACS/2023.2-foss-2023a-PLUMED-2.9.0.GMX2023/bin/gmx
Data prefix:  /sw/arch/RHEL8/EB_production/2023/software/GROMACS/2023.2-foss-2023a-PLUMED-2.9.0.GMX2023
Working dir:  /gpfs/home1/ekempkes/adipep_buq_short/result_Matern52_ls_0.75_kappa400_w_0.1_n0.0_queries_100_full
Command line:
  gmx mdrun -s simulations_essentials/md.tpr -plumed Colvars/plumed_2.827_1.885.dat -nsteps 10000 -x Colvars/traj_2.827_1.885.xtc


Back Off! I just backed up md.log to ./#md.log.1#
Reading file simulations_essentials/md.tpr, VERSION 2022.5-plumed_2.9.3 (single precision)
Note: file tpx version 127, software tpx version 129

NOTE: Parallelization is limited by the small number of atoms,
      only starting 1 thread-MPI ranks.
      You can use the -nt and/or -ntmpi option to optimize the number of threads.

Overriding nsteps with value passed on the command line: 10000 steps, 20 ps

comm-mode angular will give incorrect results when the comm group partially crosses a periodic boundary
Using 1 MPI thread
Using 1 OpenMP thread 


NOTE: Thread affinity was not set.

Back Off! I just backed up traj.trr to ./#traj.trr.1#

Back Off! I just backed up ener.edr to ./#ener.edr.1#
starting mdrun 'Generated by trjconv : Generated by trjconv : Alanine in vacuum in water t= 4500.00000'
10000 steps,     20.0 ps.

Writing final coordinates.

Back Off! I just backed up confout.gro to ./#confout.gro.1#

               Core t (s)   Wall t (s)        (%)
       Time:        2.061        2.061      100.0
                 (ns/day)    (hour/ns)
Performance:      838.335        0.029

GROMACS reminds you: "The Carpenter Goes Bang Bang" (The Breeders)


# Integration error:        6.78

 -------------- BaysOpt loop, query 39 ---------------
going to run a simulation at 2.8274333879999514 1.8849555920000378 
# Integrating             - Simpson's rule + Real Space Grid Mini     :-) GROMACS - gmx mdrun, 2023.2-EasyBuild_4.9.0_PLUMED_2.9.0.GMX2023 (-:

Executable:   /sw/arch/RHEL8/EB_production/2023/software/GROMACS/2023.2-foss-2023a-PLUMED-2.9.0.GMX2023/bin/gmx
Data prefix:  /sw/arch/RHEL8/EB_production/2023/software/GROMACS/2023.2-foss-2023a-PLUMED-2.9.0.GMX2023
Working dir:  /gpfs/home1/ekempkes/adipep_buq_short/result_Matern52_ls_0.75_kappa400_w_0.1_n0.0_queries_100_full
Command line:
  gmx mdrun -s simulations_essentials/md.tpr -plumed Colvars/plumed_2.827_-1.634.dat -nsteps 10000 -x Colvars/traj_2.827_-1.634.xtc


Back Off! I just backed up md.log to ./#md.log.1#
Reading file simulations_essentials/md.tpr, VERSION 2022.5-plumed_2.9.3 (single precision)
Note: file tpx version 127, software tpx version 129

NOTE: Parallelization is limited by the small number of atoms,
      only starting 1 thread-MPI ranks.
      You can use the -nt and/or -ntmpi option to optimize the number of threads.

Overriding nsteps with value passed on the command line: 10000 steps, 20 ps

comm-mode angular will give incorrect results when the comm group partially crosses a periodic boundary
Using 1 MPI thread
Using 1 OpenMP thread 


NOTE: Thread affinity was not set.

Back Off! I just backed up traj.trr to ./#traj.trr.1#

Back Off! I just backed up ener.edr to ./#ener.edr.1#
starting mdrun 'Generated by trjconv : Generated by trjconv : Alanine in vacuum in water t= 4500.00000'
10000 steps,     20.0 ps.

Writing final coordinates.

Back Off! I just backed up confout.gro to ./#confout.gro.1#

               Core t (s)   Wall t (s)        (%)
       Time:        2.050        2.050      100.0
                 (ns/day)    (hour/ns)
Performance:      843.134        0.028

GROMACS reminds you: "In the processing of models we must be especially cautious of the human weakness to think that models can be verified or validated. Especially one's own." (Roald Hoffmann)


# Integration error:        6.64

 -------------- BaysOpt loop, query 40 ---------------
going to run a simulation at 2.8274333879999514 -1.6336281799999743 
# Integrating             - Simpson's rule + Real Space Grid Mini     :-) GROMACS - gmx mdrun, 2023.2-EasyBuild_4.9.0_PLUMED_2.9.0.GMX2023 (-:

Executable:   /sw/arch/RHEL8/EB_production/2023/software/GROMACS/2023.2-foss-2023a-PLUMED-2.9.0.GMX2023/bin/gmx
Data prefix:  /sw/arch/RHEL8/EB_production/2023/software/GROMACS/2023.2-foss-2023a-PLUMED-2.9.0.GMX2023
Working dir:  /gpfs/home1/ekempkes/adipep_buq_short/result_Matern52_ls_0.75_kappa400_w_0.1_n0.0_queries_100_full
Command line:
  gmx mdrun -s simulations_essentials/md.tpr -plumed Colvars/plumed_-1.759_-0.817.dat -nsteps 10000 -x Colvars/traj_-1.759_-0.817.xtc


Back Off! I just backed up md.log to ./#md.log.1#
Reading file simulations_essentials/md.tpr, VERSION 2022.5-plumed_2.9.3 (single precision)
Note: file tpx version 127, software tpx version 129

NOTE: Parallelization is limited by the small number of atoms,
      only starting 1 thread-MPI ranks.
      You can use the -nt and/or -ntmpi option to optimize the number of threads.

Overriding nsteps with value passed on the command line: 10000 steps, 20 ps

comm-mode angular will give incorrect results when the comm group partially crosses a periodic boundary
Using 1 MPI thread
Using 1 OpenMP thread 


NOTE: Thread affinity was not set.

Back Off! I just backed up traj.trr to ./#traj.trr.1#

Back Off! I just backed up ener.edr to ./#ener.edr.1#
starting mdrun 'Generated by trjconv : Generated by trjconv : Alanine in vacuum in water t= 4500.00000'
10000 steps,     20.0 ps.

Writing final coordinates.

Back Off! I just backed up confout.gro to ./#confout.gro.1#

               Core t (s)   Wall t (s)        (%)
       Time:        2.037        2.037      100.0
                 (ns/day)    (hour/ns)
Performance:      848.537        0.028

GROMACS reminds you: "This May Come As a Shock" (F. Black)


# Integration error:        6.64

 -------------- BaysOpt loop, query 41 ---------------
going to run a simulation at -1.7592918860000242 -0.8168140899999872 
# Integrating             - Simpson's rule + Real Space Grid Mini     :-) GROMACS - gmx mdrun, 2023.2-EasyBuild_4.9.0_PLUMED_2.9.0.GMX2023 (-:

Executable:   /sw/arch/RHEL8/EB_production/2023/software/GROMACS/2023.2-foss-2023a-PLUMED-2.9.0.GMX2023/bin/gmx
Data prefix:  /sw/arch/RHEL8/EB_production/2023/software/GROMACS/2023.2-foss-2023a-PLUMED-2.9.0.GMX2023
Working dir:  /gpfs/home1/ekempkes/adipep_buq_short/result_Matern52_ls_0.75_kappa400_w_0.1_n0.0_queries_100_full
Command line:
  gmx mdrun -s simulations_essentials/md.tpr -plumed Colvars/plumed_-2.827_-0.063.dat -nsteps 10000 -x Colvars/traj_-2.827_-0.063.xtc


Back Off! I just backed up md.log to ./#md.log.1#
Reading file simulations_essentials/md.tpr, VERSION 2022.5-plumed_2.9.3 (single precision)
Note: file tpx version 127, software tpx version 129

NOTE: Parallelization is limited by the small number of atoms,
      only starting 1 thread-MPI ranks.
      You can use the -nt and/or -ntmpi option to optimize the number of threads.

Overriding nsteps with value passed on the command line: 10000 steps, 20 ps

comm-mode angular will give incorrect results when the comm group partially crosses a periodic boundary
Using 1 MPI thread
Using 1 OpenMP thread 


NOTE: Thread affinity was not set.

Back Off! I just backed up traj.trr to ./#traj.trr.1#

Back Off! I just backed up ener.edr to ./#ener.edr.1#
starting mdrun 'Generated by trjconv : Generated by trjconv : Alanine in vacuum in water t= 4500.00000'
10000 steps,     20.0 ps.

Writing final coordinates.

Back Off! I just backed up confout.gro to ./#confout.gro.1#

               Core t (s)   Wall t (s)        (%)
       Time:        2.027        2.027      100.0
                 (ns/day)    (hour/ns)
Performance:      852.462        0.028

GROMACS reminds you: "Don't pay any attention to what they write about you. Just measure it in inches." (Andy Warhol)


# Integration error:        6.46

 -------------- BaysOpt loop, query 42 ---------------
going to run a simulation at -2.8274333879999514 -0.06283185299999909 
# Integrating             - Simpson's rule + Real Space Grid Mini     :-) GROMACS - gmx mdrun, 2023.2-EasyBuild_4.9.0_PLUMED_2.9.0.GMX2023 (-:

Executable:   /sw/arch/RHEL8/EB_production/2023/software/GROMACS/2023.2-foss-2023a-PLUMED-2.9.0.GMX2023/bin/gmx
Data prefix:  /sw/arch/RHEL8/EB_production/2023/software/GROMACS/2023.2-foss-2023a-PLUMED-2.9.0.GMX2023
Working dir:  /gpfs/home1/ekempkes/adipep_buq_short/result_Matern52_ls_0.75_kappa400_w_0.1_n0.0_queries_100_full
Command line:
  gmx mdrun -s simulations_essentials/md.tpr -plumed Colvars/plumed_-2.011_0.691.dat -nsteps 10000 -x Colvars/traj_-2.011_0.691.xtc


Back Off! I just backed up md.log to ./#md.log.1#
Reading file simulations_essentials/md.tpr, VERSION 2022.5-plumed_2.9.3 (single precision)
Note: file tpx version 127, software tpx version 129

NOTE: Parallelization is limited by the small number of atoms,
      only starting 1 thread-MPI ranks.
      You can use the -nt and/or -ntmpi option to optimize the number of threads.

Overriding nsteps with value passed on the command line: 10000 steps, 20 ps

comm-mode angular will give incorrect results when the comm group partially crosses a periodic boundary
Using 1 MPI thread
Using 1 OpenMP thread 


NOTE: Thread affinity was not set.

Back Off! I just backed up traj.trr to ./#traj.trr.1#

Back Off! I just backed up ener.edr to ./#ener.edr.1#
starting mdrun 'Generated by trjconv : Generated by trjconv : Alanine in vacuum in water t= 4500.00000'
10000 steps,     20.0 ps.

Writing final coordinates.

Back Off! I just backed up confout.gro to ./#confout.gro.1#

               Core t (s)   Wall t (s)        (%)
       Time:        2.050        2.050      100.0
                 (ns/day)    (hour/ns)
Performance:      842.851        0.028

GROMACS reminds you: "After a few talks we usually sit down to do some work... or drinking." (Mike Klein)


# Integration error:        6.52

 -------------- BaysOpt loop, query 43 ---------------
going to run a simulation at -2.0106192979999813 0.6911503840000147 
# Integrating             - Simpson's rule + Real Space Grid Mini     :-) GROMACS - gmx mdrun, 2023.2-EasyBuild_4.9.0_PLUMED_2.9.0.GMX2023 (-:

Executable:   /sw/arch/RHEL8/EB_production/2023/software/GROMACS/2023.2-foss-2023a-PLUMED-2.9.0.GMX2023/bin/gmx
Data prefix:  /sw/arch/RHEL8/EB_production/2023/software/GROMACS/2023.2-foss-2023a-PLUMED-2.9.0.GMX2023
Working dir:  /gpfs/home1/ekempkes/adipep_buq_short/result_Matern52_ls_0.75_kappa400_w_0.1_n0.0_queries_100_full
Command line:
  gmx mdrun -s simulations_essentials/md.tpr -plumed Colvars/plumed_-2.576_1.634.dat -nsteps 10000 -x Colvars/traj_-2.576_1.634.xtc


Back Off! I just backed up md.log to ./#md.log.1#
Reading file simulations_essentials/md.tpr, VERSION 2022.5-plumed_2.9.3 (single precision)
Note: file tpx version 127, software tpx version 129

NOTE: Parallelization is limited by the small number of atoms,
      only starting 1 thread-MPI ranks.
      You can use the -nt and/or -ntmpi option to optimize the number of threads.

Overriding nsteps with value passed on the command line: 10000 steps, 20 ps

comm-mode angular will give incorrect results when the comm group partially crosses a periodic boundary
Using 1 MPI thread
Using 1 OpenMP thread 


NOTE: Thread affinity was not set.

Back Off! I just backed up traj.trr to ./#traj.trr.1#

Back Off! I just backed up ener.edr to ./#ener.edr.1#
starting mdrun 'Generated by trjconv : Generated by trjconv : Alanine in vacuum in water t= 4500.00000'
10000 steps,     20.0 ps.

Writing final coordinates.

Back Off! I just backed up confout.gro to ./#confout.gro.1#

               Core t (s)   Wall t (s)        (%)
       Time:        2.046        2.046      100.0
                 (ns/day)    (hour/ns)
Performance:      844.531        0.028

GROMACS reminds you: "Parallel programming is not about elegance!" (Bill Gropp)


# Integration error:        6.22

 -------------- BaysOpt loop, query 44 ---------------
going to run a simulation at -2.576105975999961 1.6336281799999743 
# Integrating             - Simpson's rule + Real Space Grid Mini     :-) GROMACS - gmx mdrun, 2023.2-EasyBuild_4.9.0_PLUMED_2.9.0.GMX2023 (-:

Executable:   /sw/arch/RHEL8/EB_production/2023/software/GROMACS/2023.2-foss-2023a-PLUMED-2.9.0.GMX2023/bin/gmx
Data prefix:  /sw/arch/RHEL8/EB_production/2023/software/GROMACS/2023.2-foss-2023a-PLUMED-2.9.0.GMX2023
Working dir:  /gpfs/home1/ekempkes/adipep_buq_short/result_Matern52_ls_0.75_kappa400_w_0.1_n0.0_queries_100_full
Command line:
  gmx mdrun -s simulations_essentials/md.tpr -plumed Colvars/plumed_-1.571_-2.073.dat -nsteps 10000 -x Colvars/traj_-1.571_-2.073.xtc


Back Off! I just backed up md.log to ./#md.log.1#
Reading file simulations_essentials/md.tpr, VERSION 2022.5-plumed_2.9.3 (single precision)
Note: file tpx version 127, software tpx version 129

NOTE: Parallelization is limited by the small number of atoms,
      only starting 1 thread-MPI ranks.
      You can use the -nt and/or -ntmpi option to optimize the number of threads.

Overriding nsteps with value passed on the command line: 10000 steps, 20 ps

comm-mode angular will give incorrect results when the comm group partially crosses a periodic boundary
Using 1 MPI thread
Using 1 OpenMP thread 


NOTE: Thread affinity was not set.

Back Off! I just backed up traj.trr to ./#traj.trr.1#

Back Off! I just backed up ener.edr to ./#ener.edr.1#
starting mdrun 'Generated by trjconv : Generated by trjconv : Alanine in vacuum in water t= 4500.00000'
10000 steps,     20.0 ps.

Writing final coordinates.

Back Off! I just backed up confout.gro to ./#confout.gro.1#

               Core t (s)   Wall t (s)        (%)
       Time:        2.031        2.031      100.0
                 (ns/day)    (hour/ns)
Performance:      850.978        0.028

GROMACS reminds you: "Every revolutionary idea seems to evoke three stages of reaction. They may be summed up by the phrases: (1) It's completely impossible. (2) It's possible, but not worth doing. (3) I said it was a good idea all along." (Arthur C. Clarke)


# Integration error:        6.17

 -------------- BaysOpt loop, query 45 ---------------
going to run a simulation at -1.5707963269999845 -2.0734511509999756 
# Integrating             - Simpson's rule + Real Space Grid Mini     :-) GROMACS - gmx mdrun, 2023.2-EasyBuild_4.9.0_PLUMED_2.9.0.GMX2023 (-:

Executable:   /sw/arch/RHEL8/EB_production/2023/software/GROMACS/2023.2-foss-2023a-PLUMED-2.9.0.GMX2023/bin/gmx
Data prefix:  /sw/arch/RHEL8/EB_production/2023/software/GROMACS/2023.2-foss-2023a-PLUMED-2.9.0.GMX2023
Working dir:  /gpfs/home1/ekempkes/adipep_buq_short/result_Matern52_ls_0.75_kappa400_w_0.1_n0.0_queries_100_full
Command line:
  gmx mdrun -s simulations_essentials/md.tpr -plumed Colvars/plumed_2.011_-2.890.dat -nsteps 10000 -x Colvars/traj_2.011_-2.890.xtc


Back Off! I just backed up md.log to ./#md.log.1#
Reading file simulations_essentials/md.tpr, VERSION 2022.5-plumed_2.9.3 (single precision)
Note: file tpx version 127, software tpx version 129

NOTE: Parallelization is limited by the small number of atoms,
      only starting 1 thread-MPI ranks.
      You can use the -nt and/or -ntmpi option to optimize the number of threads.

Overriding nsteps with value passed on the command line: 10000 steps, 20 ps

comm-mode angular will give incorrect results when the comm group partially crosses a periodic boundary
Using 1 MPI thread
Using 1 OpenMP thread 


NOTE: Thread affinity was not set.

Back Off! I just backed up traj.trr to ./#traj.trr.1#

Back Off! I just backed up ener.edr to ./#ener.edr.1#
starting mdrun 'Generated by trjconv : Generated by trjconv : Alanine in vacuum in water t= 4500.00000'
10000 steps,     20.0 ps.

Writing final coordinates.

Back Off! I just backed up confout.gro to ./#confout.gro.1#

               Core t (s)   Wall t (s)        (%)
       Time:        2.048        2.048      100.0
                 (ns/day)    (hour/ns)
Performance:      843.874        0.028

GROMACS reminds you: "Unfortunately, "simulation" has become increasingly misused to mean nothing more than "calculation"" (Bill Jorgensen)


# Integration error:        6.29

 -------------- BaysOpt loop, query 46 ---------------
going to run a simulation at 2.0106192979999813 -2.890265241000028 
# Integrating             - Simpson's rule + Real Space Grid Mini     :-) GROMACS - gmx mdrun, 2023.2-EasyBuild_4.9.0_PLUMED_2.9.0.GMX2023 (-:

Executable:   /sw/arch/RHEL8/EB_production/2023/software/GROMACS/2023.2-foss-2023a-PLUMED-2.9.0.GMX2023/bin/gmx
Data prefix:  /sw/arch/RHEL8/EB_production/2023/software/GROMACS/2023.2-foss-2023a-PLUMED-2.9.0.GMX2023
Working dir:  /gpfs/home1/ekempkes/adipep_buq_short/result_Matern52_ls_0.75_kappa400_w_0.1_n0.0_queries_100_full
Command line:
  gmx mdrun -s simulations_essentials/md.tpr -plumed Colvars/plumed_0.503_2.073.dat -nsteps 10000 -x Colvars/traj_0.503_2.073.xtc


Back Off! I just backed up md.log to ./#md.log.1#
Reading file simulations_essentials/md.tpr, VERSION 2022.5-plumed_2.9.3 (single precision)
Note: file tpx version 127, software tpx version 129

NOTE: Parallelization is limited by the small number of atoms,
      only starting 1 thread-MPI ranks.
      You can use the -nt and/or -ntmpi option to optimize the number of threads.

Overriding nsteps with value passed on the command line: 10000 steps, 20 ps

comm-mode angular will give incorrect results when the comm group partially crosses a periodic boundary
Using 1 MPI thread
Using 1 OpenMP thread 


NOTE: Thread affinity was not set.

Back Off! I just backed up traj.trr to ./#traj.trr.1#

Back Off! I just backed up ener.edr to ./#ener.edr.1#
starting mdrun 'Generated by trjconv : Generated by trjconv : Alanine in vacuum in water t= 4500.00000'
10000 steps,     20.0 ps.

Writing final coordinates.

Back Off! I just backed up confout.gro to ./#confout.gro.1#

               Core t (s)   Wall t (s)        (%)
       Time:        2.074        2.074      100.0
                 (ns/day)    (hour/ns)
Performance:      833.110        0.029

GROMACS reminds you: "Why is it that programmers always confuse Halloween with Christmas? Because 31 OCT = 25 DEC." (Anonymous)


# Integration error:        6.46

 -------------- BaysOpt loop, query 47 ---------------
going to run a simulation at 0.5026548249999909 2.0734511509999756 
# Integrating             - Simpson's rule + Real Space Grid Mini     :-) GROMACS - gmx mdrun, 2023.2-EasyBuild_4.9.0_PLUMED_2.9.0.GMX2023 (-:

Executable:   /sw/arch/RHEL8/EB_production/2023/software/GROMACS/2023.2-foss-2023a-PLUMED-2.9.0.GMX2023/bin/gmx
Data prefix:  /sw/arch/RHEL8/EB_production/2023/software/GROMACS/2023.2-foss-2023a-PLUMED-2.9.0.GMX2023
Working dir:  /gpfs/home1/ekempkes/adipep_buq_short/result_Matern52_ls_0.75_kappa400_w_0.1_n0.0_queries_100_full
Command line:
  gmx mdrun -s simulations_essentials/md.tpr -plumed Colvars/plumed_-0.880_0.817.dat -nsteps 10000 -x Colvars/traj_-0.880_0.817.xtc


Back Off! I just backed up md.log to ./#md.log.1#
Reading file simulations_essentials/md.tpr, VERSION 2022.5-plumed_2.9.3 (single precision)
Note: file tpx version 127, software tpx version 129

NOTE: Parallelization is limited by the small number of atoms,
      only starting 1 thread-MPI ranks.
      You can use the -nt and/or -ntmpi option to optimize the number of threads.

Overriding nsteps with value passed on the command line: 10000 steps, 20 ps

comm-mode angular will give incorrect results when the comm group partially crosses a periodic boundary
Using 1 MPI thread
Using 1 OpenMP thread 


NOTE: Thread affinity was not set.

Back Off! I just backed up traj.trr to ./#traj.trr.1#

Back Off! I just backed up ener.edr to ./#ener.edr.1#
starting mdrun 'Generated by trjconv : Generated by trjconv : Alanine in vacuum in water t= 4500.00000'
10000 steps,     20.0 ps.

Writing final coordinates.

Back Off! I just backed up confout.gro to ./#confout.gro.1#

               Core t (s)   Wall t (s)        (%)
       Time:        2.018        2.019      100.0
                 (ns/day)    (hour/ns)
Performance:      856.154        0.028

GROMACS reminds you: "A weed scientist goes into a shop. He asks: 'Hey, you got any of that inhibitor of 3-phosphoshikimate-carboxyvinyl transferase?' Shopkeeper: 'You mean Roundup?' Scientist: 'Yeah, that's it. I can never remember that dang name!'" (John Pickett)


# Integration error:        6.06

 -------------- BaysOpt loop, query 48 ---------------
going to run a simulation at -0.8796459430000121 0.8168140899999872 
# Integrating             - Simpson's rule + Real Space Grid Mini     :-) GROMACS - gmx mdrun, 2023.2-EasyBuild_4.9.0_PLUMED_2.9.0.GMX2023 (-:

Executable:   /sw/arch/RHEL8/EB_production/2023/software/GROMACS/2023.2-foss-2023a-PLUMED-2.9.0.GMX2023/bin/gmx
Data prefix:  /sw/arch/RHEL8/EB_production/2023/software/GROMACS/2023.2-foss-2023a-PLUMED-2.9.0.GMX2023
Working dir:  /gpfs/home1/ekempkes/adipep_buq_short/result_Matern52_ls_0.75_kappa400_w_0.1_n0.0_queries_100_full
Command line:
  gmx mdrun -s simulations_essentials/md.tpr -plumed Colvars/plumed_-1.948_2.827.dat -nsteps 10000 -x Colvars/traj_-1.948_2.827.xtc


Back Off! I just backed up md.log to ./#md.log.1#
Reading file simulations_essentials/md.tpr, VERSION 2022.5-plumed_2.9.3 (single precision)
Note: file tpx version 127, software tpx version 129

NOTE: Parallelization is limited by the small number of atoms,
      only starting 1 thread-MPI ranks.
      You can use the -nt and/or -ntmpi option to optimize the number of threads.

Overriding nsteps with value passed on the command line: 10000 steps, 20 ps

comm-mode angular will give incorrect results when the comm group partially crosses a periodic boundary
Using 1 MPI thread
Using 1 OpenMP thread 


NOTE: Thread affinity was not set.

Back Off! I just backed up traj.trr to ./#traj.trr.1#

Back Off! I just backed up ener.edr to ./#ener.edr.1#
starting mdrun 'Generated by trjconv : Generated by trjconv : Alanine in vacuum in water t= 4500.00000'
10000 steps,     20.0 ps.

Writing final coordinates.

Back Off! I just backed up confout.gro to ./#confout.gro.1#

               Core t (s)   Wall t (s)        (%)
       Time:        2.026        2.026      100.0
                 (ns/day)    (hour/ns)
Performance:      853.115        0.028

GROMACS reminds you: "That Was Really Cool" (Butthead)


# Integration error:        5.20

 -------------- BaysOpt loop, query 49 ---------------
going to run a simulation at -1.9477874449999604 2.8274333879999514 
# Integrating             - Simpson's rule + Real Space Grid Mini     :-) GROMACS - gmx mdrun, 2023.2-EasyBuild_4.9.0_PLUMED_2.9.0.GMX2023 (-:

Executable:   /sw/arch/RHEL8/EB_production/2023/software/GROMACS/2023.2-foss-2023a-PLUMED-2.9.0.GMX2023/bin/gmx
Data prefix:  /sw/arch/RHEL8/EB_production/2023/software/GROMACS/2023.2-foss-2023a-PLUMED-2.9.0.GMX2023
Working dir:  /gpfs/home1/ekempkes/adipep_buq_short/result_Matern52_ls_0.75_kappa400_w_0.1_n0.0_queries_100_full
Command line:
  gmx mdrun -s simulations_essentials/md.tpr -plumed Colvars/plumed_1.634_-1.508.dat -nsteps 10000 -x Colvars/traj_1.634_-1.508.xtc


Back Off! I just backed up md.log to ./#md.log.1#
Reading file simulations_essentials/md.tpr, VERSION 2022.5-plumed_2.9.3 (single precision)
Note: file tpx version 127, software tpx version 129

NOTE: Parallelization is limited by the small number of atoms,
      only starting 1 thread-MPI ranks.
      You can use the -nt and/or -ntmpi option to optimize the number of threads.

Overriding nsteps with value passed on the command line: 10000 steps, 20 ps

comm-mode angular will give incorrect results when the comm group partially crosses a periodic boundary
Using 1 MPI thread
Using 1 OpenMP thread 


NOTE: Thread affinity was not set.

Back Off! I just backed up traj.trr to ./#traj.trr.1#

Back Off! I just backed up ener.edr to ./#ener.edr.1#
starting mdrun 'Generated by trjconv : Generated by trjconv : Alanine in vacuum in water t= 4500.00000'
10000 steps,     20.0 ps.

Writing final coordinates.

Back Off! I just backed up confout.gro to ./#confout.gro.1#

               Core t (s)   Wall t (s)        (%)
       Time:        2.037        2.037      100.0
                 (ns/day)    (hour/ns)
Performance:      848.524        0.028

GROMACS reminds you: "If You're So Special Why aren't You Dead ?" (The Breeders)


# Integration error:        5.13

 -------------- BaysOpt loop, query 50 ---------------
going to run a simulation at 1.6336281799999743 -1.507964473999968 
# Integrating             - Simpson's rule + Real Space Grid Mini     :-) GROMACS - gmx mdrun, 2023.2-EasyBuild_4.9.0_PLUMED_2.9.0.GMX2023 (-:

Executable:   /sw/arch/RHEL8/EB_production/2023/software/GROMACS/2023.2-foss-2023a-PLUMED-2.9.0.GMX2023/bin/gmx
Data prefix:  /sw/arch/RHEL8/EB_production/2023/software/GROMACS/2023.2-foss-2023a-PLUMED-2.9.0.GMX2023
Working dir:  /gpfs/home1/ekempkes/adipep_buq_short/result_Matern52_ls_0.75_kappa400_w_0.1_n0.0_queries_100_full
Command line:
  gmx mdrun -s simulations_essentials/md.tpr -plumed Colvars/plumed_0.314_0.063.dat -nsteps 10000 -x Colvars/traj_0.314_0.063.xtc


Back Off! I just backed up md.log to ./#md.log.1#
Reading file simulations_essentials/md.tpr, VERSION 2022.5-plumed_2.9.3 (single precision)
Note: file tpx version 127, software tpx version 129

NOTE: Parallelization is limited by the small number of atoms,
      only starting 1 thread-MPI ranks.
      You can use the -nt and/or -ntmpi option to optimize the number of threads.

Overriding nsteps with value passed on the command line: 10000 steps, 20 ps

comm-mode angular will give incorrect results when the comm group partially crosses a periodic boundary
Using 1 MPI thread
Using 1 OpenMP thread 


NOTE: Thread affinity was not set.

Back Off! I just backed up traj.trr to ./#traj.trr.1#

Back Off! I just backed up ener.edr to ./#ener.edr.1#
starting mdrun 'Generated by trjconv : Generated by trjconv : Alanine in vacuum in water t= 4500.00000'
10000 steps,     20.0 ps.

Writing final coordinates.

Back Off! I just backed up confout.gro to ./#confout.gro.1#

               Core t (s)   Wall t (s)        (%)
       Time:        2.036        2.036      100.0
                 (ns/day)    (hour/ns)
Performance:      848.956        0.028

GROMACS reminds you: "Mathematics is no more computation than typing is literature." (John Allen Paulos)


# Integration error:        4.85

 -------------- BaysOpt loop, query 51 ---------------
going to run a simulation at 0.31415926500000063 0.06283185299999909 
# Integrating             - Simpson's rule + Real Space Grid Mini     :-) GROMACS - gmx mdrun, 2023.2-EasyBuild_4.9.0_PLUMED_2.9.0.GMX2023 (-:

Executable:   /sw/arch/RHEL8/EB_production/2023/software/GROMACS/2023.2-foss-2023a-PLUMED-2.9.0.GMX2023/bin/gmx
Data prefix:  /sw/arch/RHEL8/EB_production/2023/software/GROMACS/2023.2-foss-2023a-PLUMED-2.9.0.GMX2023
Working dir:  /gpfs/home1/ekempkes/adipep_buq_short/result_Matern52_ls_0.75_kappa400_w_0.1_n0.0_queries_100_full
Command line:
  gmx mdrun -s simulations_essentials/md.tpr -plumed Colvars/plumed_1.634_0.251.dat -nsteps 10000 -x Colvars/traj_1.634_0.251.xtc


Back Off! I just backed up md.log to ./#md.log.1#
Reading file simulations_essentials/md.tpr, VERSION 2022.5-plumed_2.9.3 (single precision)
Note: file tpx version 127, software tpx version 129

NOTE: Parallelization is limited by the small number of atoms,
      only starting 1 thread-MPI ranks.
      You can use the -nt and/or -ntmpi option to optimize the number of threads.

Overriding nsteps with value passed on the command line: 10000 steps, 20 ps

comm-mode angular will give incorrect results when the comm group partially crosses a periodic boundary
Using 1 MPI thread
Using 1 OpenMP thread 


NOTE: Thread affinity was not set.

Back Off! I just backed up traj.trr to ./#traj.trr.1#

Back Off! I just backed up ener.edr to ./#ener.edr.1#
starting mdrun 'Generated by trjconv : Generated by trjconv : Alanine in vacuum in water t= 4500.00000'
10000 steps,     20.0 ps.

Writing final coordinates.

Back Off! I just backed up confout.gro to ./#confout.gro.1#

               Core t (s)   Wall t (s)        (%)
       Time:        2.029        2.029      100.0
                 (ns/day)    (hour/ns)
Performance:      851.576        0.028

GROMACS reminds you: "It's Not Your Fault" (Pulp Fiction)


# Integration error:        4.80

 -------------- BaysOpt loop, query 52 ---------------
going to run a simulation at 1.6336281799999743 0.25132741199999636 
# Integrating             - Simpson's rule + Real Space Grid Mini     :-) GROMACS - gmx mdrun, 2023.2-EasyBuild_4.9.0_PLUMED_2.9.0.GMX2023 (-:

Executable:   /sw/arch/RHEL8/EB_production/2023/software/GROMACS/2023.2-foss-2023a-PLUMED-2.9.0.GMX2023/bin/gmx
Data prefix:  /sw/arch/RHEL8/EB_production/2023/software/GROMACS/2023.2-foss-2023a-PLUMED-2.9.0.GMX2023
Working dir:  /gpfs/home1/ekempkes/adipep_buq_short/result_Matern52_ls_0.75_kappa400_w_0.1_n0.0_queries_100_full
Command line:
  gmx mdrun -s simulations_essentials/md.tpr -plumed Colvars/plumed_-0.880_-0.377.dat -nsteps 10000 -x Colvars/traj_-0.880_-0.377.xtc


Back Off! I just backed up md.log to ./#md.log.1#
Reading file simulations_essentials/md.tpr, VERSION 2022.5-plumed_2.9.3 (single precision)
Note: file tpx version 127, software tpx version 129

NOTE: Parallelization is limited by the small number of atoms,
      only starting 1 thread-MPI ranks.
      You can use the -nt and/or -ntmpi option to optimize the number of threads.

Overriding nsteps with value passed on the command line: 10000 steps, 20 ps

comm-mode angular will give incorrect results when the comm group partially crosses a periodic boundary
Using 1 MPI thread
Using 1 OpenMP thread 


NOTE: Thread affinity was not set.

Back Off! I just backed up traj.trr to ./#traj.trr.1#

Back Off! I just backed up ener.edr to ./#ener.edr.1#
starting mdrun 'Generated by trjconv : Generated by trjconv : Alanine in vacuum in water t= 4500.00000'
10000 steps,     20.0 ps.

Writing final coordinates.

Back Off! I just backed up confout.gro to ./#confout.gro.1#

               Core t (s)   Wall t (s)        (%)
       Time:        2.057        2.057      100.0
                 (ns/day)    (hour/ns)
Performance:      840.093        0.029

GROMACS reminds you: "Microsecond Here I Come" (P.J. Van Maaren)


# Integration error:        4.78

 -------------- BaysOpt loop, query 53 ---------------
going to run a simulation at -0.8796459430000121 -0.37699111799999624 
# Integrating             - Simpson's rule + Real Space Grid Mini     :-) GROMACS - gmx mdrun, 2023.2-EasyBuild_4.9.0_PLUMED_2.9.0.GMX2023 (-:

Executable:   /sw/arch/RHEL8/EB_production/2023/software/GROMACS/2023.2-foss-2023a-PLUMED-2.9.0.GMX2023/bin/gmx
Data prefix:  /sw/arch/RHEL8/EB_production/2023/software/GROMACS/2023.2-foss-2023a-PLUMED-2.9.0.GMX2023
Working dir:  /gpfs/home1/ekempkes/adipep_buq_short/result_Matern52_ls_0.75_kappa400_w_0.1_n0.0_queries_100_full
Command line:
  gmx mdrun -s simulations_essentials/md.tpr -plumed Colvars/plumed_-1.822_-2.953.dat -nsteps 10000 -x Colvars/traj_-1.822_-2.953.xtc


Back Off! I just backed up md.log to ./#md.log.1#
Reading file simulations_essentials/md.tpr, VERSION 2022.5-plumed_2.9.3 (single precision)
Note: file tpx version 127, software tpx version 129

NOTE: Parallelization is limited by the small number of atoms,
      only starting 1 thread-MPI ranks.
      You can use the -nt and/or -ntmpi option to optimize the number of threads.

Overriding nsteps with value passed on the command line: 10000 steps, 20 ps

comm-mode angular will give incorrect results when the comm group partially crosses a periodic boundary
Using 1 MPI thread
Using 1 OpenMP thread 


NOTE: Thread affinity was not set.

Back Off! I just backed up traj.trr to ./#traj.trr.1#

Back Off! I just backed up ener.edr to ./#ener.edr.1#
starting mdrun 'Generated by trjconv : Generated by trjconv : Alanine in vacuum in water t= 4500.00000'
10000 steps,     20.0 ps.

Writing final coordinates.

Back Off! I just backed up confout.gro to ./#confout.gro.1#

               Core t (s)   Wall t (s)        (%)
       Time:        2.017        2.017      100.0
                 (ns/day)    (hour/ns)
Performance:      856.780        0.028

GROMACS reminds you: "Come on boys, Let's push it hard" (P.J. Harvey)


# Integration error:        4.52

 -------------- BaysOpt loop, query 54 ---------------
going to run a simulation at -1.8221237390000142 -2.953097093999987 
# Integrating             - Simpson's rule + Real Space Grid Mini     :-) GROMACS - gmx mdrun, 2023.2-EasyBuild_4.9.0_PLUMED_2.9.0.GMX2023 (-:

Executable:   /sw/arch/RHEL8/EB_production/2023/software/GROMACS/2023.2-foss-2023a-PLUMED-2.9.0.GMX2023/bin/gmx
Data prefix:  /sw/arch/RHEL8/EB_production/2023/software/GROMACS/2023.2-foss-2023a-PLUMED-2.9.0.GMX2023
Working dir:  /gpfs/home1/ekempkes/adipep_buq_short/result_Matern52_ls_0.75_kappa400_w_0.1_n0.0_queries_100_full
Command line:
  gmx mdrun -s simulations_essentials/md.tpr -plumed Colvars/plumed_-2.827_-2.073.dat -nsteps 10000 -x Colvars/traj_-2.827_-2.073.xtc


Back Off! I just backed up md.log to ./#md.log.1#
Reading file simulations_essentials/md.tpr, VERSION 2022.5-plumed_2.9.3 (single precision)
Note: file tpx version 127, software tpx version 129

NOTE: Parallelization is limited by the small number of atoms,
      only starting 1 thread-MPI ranks.
      You can use the -nt and/or -ntmpi option to optimize the number of threads.

Overriding nsteps with value passed on the command line: 10000 steps, 20 ps

comm-mode angular will give incorrect results when the comm group partially crosses a periodic boundary
Using 1 MPI thread
Using 1 OpenMP thread 


NOTE: Thread affinity was not set.

Back Off! I just backed up traj.trr to ./#traj.trr.1#

Back Off! I just backed up ener.edr to ./#ener.edr.1#
starting mdrun 'Generated by trjconv : Generated by trjconv : Alanine in vacuum in water t= 4500.00000'
10000 steps,     20.0 ps.

Writing final coordinates.

Back Off! I just backed up confout.gro to ./#confout.gro.1#

               Core t (s)   Wall t (s)        (%)
       Time:        2.011        2.012      100.0
                 (ns/day)    (hour/ns)
Performance:      859.107        0.028

GROMACS reminds you: "Move Over Hogey Bear" (Urban Dance Squad)


# Integration error:        4.68

 -------------- BaysOpt loop, query 55 ---------------
going to run a simulation at -2.8274333879999514 -2.0734511509999756 
# Integrating             - Simpson's rule + Real Space Grid Mini     :-) GROMACS - gmx mdrun, 2023.2-EasyBuild_4.9.0_PLUMED_2.9.0.GMX2023 (-:

Executable:   /sw/arch/RHEL8/EB_production/2023/software/GROMACS/2023.2-foss-2023a-PLUMED-2.9.0.GMX2023/bin/gmx
Data prefix:  /sw/arch/RHEL8/EB_production/2023/software/GROMACS/2023.2-foss-2023a-PLUMED-2.9.0.GMX2023
Working dir:  /gpfs/home1/ekempkes/adipep_buq_short/result_Matern52_ls_0.75_kappa400_w_0.1_n0.0_queries_100_full
Command line:
  gmx mdrun -s simulations_essentials/md.tpr -plumed Colvars/plumed_-1.822_1.822.dat -nsteps 10000 -x Colvars/traj_-1.822_1.822.xtc


Back Off! I just backed up md.log to ./#md.log.1#
Reading file simulations_essentials/md.tpr, VERSION 2022.5-plumed_2.9.3 (single precision)
Note: file tpx version 127, software tpx version 129

NOTE: Parallelization is limited by the small number of atoms,
      only starting 1 thread-MPI ranks.
      You can use the -nt and/or -ntmpi option to optimize the number of threads.

Overriding nsteps with value passed on the command line: 10000 steps, 20 ps

comm-mode angular will give incorrect results when the comm group partially crosses a periodic boundary
Using 1 MPI thread
Using 1 OpenMP thread 


NOTE: Thread affinity was not set.

Back Off! I just backed up traj.trr to ./#traj.trr.1#

Back Off! I just backed up ener.edr to ./#ener.edr.1#
starting mdrun 'Generated by trjconv : Generated by trjconv : Alanine in vacuum in water t= 4500.00000'
10000 steps,     20.0 ps.

Writing final coordinates.

Back Off! I just backed up confout.gro to ./#confout.gro.1#

               Core t (s)   Wall t (s)        (%)
       Time:        2.040        2.040      100.0
                 (ns/day)    (hour/ns)
Performance:      847.015        0.028

GROMACS reminds you: "There's Nothing We Can't Fix, 'coz We Can Do It in the Mix" (Indeep)


# Integration error:        4.52

 -------------- BaysOpt loop, query 56 ---------------
going to run a simulation at -1.8221237390000142 1.8221237390000142 
# Integrating             - Simpson's rule + Real Space Grid Mini     :-) GROMACS - gmx mdrun, 2023.2-EasyBuild_4.9.0_PLUMED_2.9.0.GMX2023 (-:

Executable:   /sw/arch/RHEL8/EB_production/2023/software/GROMACS/2023.2-foss-2023a-PLUMED-2.9.0.GMX2023/bin/gmx
Data prefix:  /sw/arch/RHEL8/EB_production/2023/software/GROMACS/2023.2-foss-2023a-PLUMED-2.9.0.GMX2023
Working dir:  /gpfs/home1/ekempkes/adipep_buq_short/result_Matern52_ls_0.75_kappa400_w_0.1_n0.0_queries_100_full
Command line:
  gmx mdrun -s simulations_essentials/md.tpr -plumed Colvars/plumed_0.251_-1.508.dat -nsteps 10000 -x Colvars/traj_0.251_-1.508.xtc


Back Off! I just backed up md.log to ./#md.log.1#
Reading file simulations_essentials/md.tpr, VERSION 2022.5-plumed_2.9.3 (single precision)
Note: file tpx version 127, software tpx version 129

NOTE: Parallelization is limited by the small number of atoms,
      only starting 1 thread-MPI ranks.
      You can use the -nt and/or -ntmpi option to optimize the number of threads.

Overriding nsteps with value passed on the command line: 10000 steps, 20 ps

comm-mode angular will give incorrect results when the comm group partially crosses a periodic boundary
Using 1 MPI thread
Using 1 OpenMP thread 


NOTE: Thread affinity was not set.

Back Off! I just backed up traj.trr to ./#traj.trr.1#

Back Off! I just backed up ener.edr to ./#ener.edr.1#
starting mdrun 'Generated by trjconv : Generated by trjconv : Alanine in vacuum in water t= 4500.00000'
10000 steps,     20.0 ps.

Writing final coordinates.

Back Off! I just backed up confout.gro to ./#confout.gro.1#

               Core t (s)   Wall t (s)        (%)
       Time:        2.054        2.054      100.0
                 (ns/day)    (hour/ns)
Performance:      841.256        0.029

GROMACS reminds you: "Here's Another Useful Quote" (S. Boot)


# Integration error:        4.64

 -------------- BaysOpt loop, query 57 ---------------
going to run a simulation at 0.25132741199999636 -1.507964473999968 
# Integrating             - Simpson's rule + Real Space Grid Mini     :-) GROMACS - gmx mdrun, 2023.2-EasyBuild_4.9.0_PLUMED_2.9.0.GMX2023 (-:

Executable:   /sw/arch/RHEL8/EB_production/2023/software/GROMACS/2023.2-foss-2023a-PLUMED-2.9.0.GMX2023/bin/gmx
Data prefix:  /sw/arch/RHEL8/EB_production/2023/software/GROMACS/2023.2-foss-2023a-PLUMED-2.9.0.GMX2023
Working dir:  /gpfs/home1/ekempkes/adipep_buq_short/result_Matern52_ls_0.75_kappa400_w_0.1_n0.0_queries_100_full
Command line:
  gmx mdrun -s simulations_essentials/md.tpr -plumed Colvars/plumed_-0.628_-2.576.dat -nsteps 10000 -x Colvars/traj_-0.628_-2.576.xtc


Back Off! I just backed up md.log to ./#md.log.1#
Reading file simulations_essentials/md.tpr, VERSION 2022.5-plumed_2.9.3 (single precision)
Note: file tpx version 127, software tpx version 129

NOTE: Parallelization is limited by the small number of atoms,
      only starting 1 thread-MPI ranks.
      You can use the -nt and/or -ntmpi option to optimize the number of threads.

Overriding nsteps with value passed on the command line: 10000 steps, 20 ps

comm-mode angular will give incorrect results when the comm group partially crosses a periodic boundary
Using 1 MPI thread
Using 1 OpenMP thread 


NOTE: Thread affinity was not set.

Back Off! I just backed up traj.trr to ./#traj.trr.1#

Back Off! I just backed up ener.edr to ./#ener.edr.1#
starting mdrun 'Generated by trjconv : Generated by trjconv : Alanine in vacuum in water t= 4500.00000'
10000 steps,     20.0 ps.

Writing final coordinates.

Back Off! I just backed up confout.gro to ./#confout.gro.1#

               Core t (s)   Wall t (s)        (%)
       Time:        2.044        2.044      100.0
                 (ns/day)    (hour/ns)
Performance:      845.628        0.028

GROMACS reminds you: "It always takes longer than you think even when you take Hofstadter's Law into account." (Hofstadter's Law)


# Integration error:        4.49

 -------------- BaysOpt loop, query 58 ---------------
going to run a simulation at -0.6283185309999932 -2.576105975999961 
# Integrating             - Simpson's rule + Real Space Grid Mini     :-) GROMACS - gmx mdrun, 2023.2-EasyBuild_4.9.0_PLUMED_2.9.0.GMX2023 (-:

Executable:   /sw/arch/RHEL8/EB_production/2023/software/GROMACS/2023.2-foss-2023a-PLUMED-2.9.0.GMX2023/bin/gmx
Data prefix:  /sw/arch/RHEL8/EB_production/2023/software/GROMACS/2023.2-foss-2023a-PLUMED-2.9.0.GMX2023
Working dir:  /gpfs/home1/ekempkes/adipep_buq_short/result_Matern52_ls_0.75_kappa400_w_0.1_n0.0_queries_100_full
Command line:
  gmx mdrun -s simulations_essentials/md.tpr -plumed Colvars/plumed_0.503_0.817.dat -nsteps 10000 -x Colvars/traj_0.503_0.817.xtc


Back Off! I just backed up md.log to ./#md.log.1#
Reading file simulations_essentials/md.tpr, VERSION 2022.5-plumed_2.9.3 (single precision)
Note: file tpx version 127, software tpx version 129

NOTE: Parallelization is limited by the small number of atoms,
      only starting 1 thread-MPI ranks.
      You can use the -nt and/or -ntmpi option to optimize the number of threads.

Overriding nsteps with value passed on the command line: 10000 steps, 20 ps

comm-mode angular will give incorrect results when the comm group partially crosses a periodic boundary
Using 1 MPI thread
Using 1 OpenMP thread 


NOTE: Thread affinity was not set.

Back Off! I just backed up traj.trr to ./#traj.trr.1#

Back Off! I just backed up ener.edr to ./#ener.edr.1#
starting mdrun 'Generated by trjconv : Generated by trjconv : Alanine in vacuum in water t= 4500.00000'
10000 steps,     20.0 ps.

Writing final coordinates.

Back Off! I just backed up confout.gro to ./#confout.gro.1#

               Core t (s)   Wall t (s)        (%)
       Time:        2.061        2.061      100.0
                 (ns/day)    (hour/ns)
Performance:      838.531        0.029

GROMACS reminds you: "If you don't know what you're doing, use a (M)BAR-based method" (Erik Lindahl)


# Integration error:        4.17

 -------------- BaysOpt loop, query 59 ---------------
going to run a simulation at 0.5026548249999909 0.8168140899999872 
# Integrating             - Simpson's rule + Real Space Grid Mini     :-) GROMACS - gmx mdrun, 2023.2-EasyBuild_4.9.0_PLUMED_2.9.0.GMX2023 (-:

Executable:   /sw/arch/RHEL8/EB_production/2023/software/GROMACS/2023.2-foss-2023a-PLUMED-2.9.0.GMX2023/bin/gmx
Data prefix:  /sw/arch/RHEL8/EB_production/2023/software/GROMACS/2023.2-foss-2023a-PLUMED-2.9.0.GMX2023
Working dir:  /gpfs/home1/ekempkes/adipep_buq_short/result_Matern52_ls_0.75_kappa400_w_0.1_n0.0_queries_100_full
Command line:
  gmx mdrun -s simulations_essentials/md.tpr -plumed Colvars/plumed_1.759_1.885.dat -nsteps 10000 -x Colvars/traj_1.759_1.885.xtc


Back Off! I just backed up md.log to ./#md.log.1#
Reading file simulations_essentials/md.tpr, VERSION 2022.5-plumed_2.9.3 (single precision)
Note: file tpx version 127, software tpx version 129

NOTE: Parallelization is limited by the small number of atoms,
      only starting 1 thread-MPI ranks.
      You can use the -nt and/or -ntmpi option to optimize the number of threads.

Overriding nsteps with value passed on the command line: 10000 steps, 20 ps

comm-mode angular will give incorrect results when the comm group partially crosses a periodic boundary
Using 1 MPI thread
Using 1 OpenMP thread 


NOTE: Thread affinity was not set.

Back Off! I just backed up traj.trr to ./#traj.trr.1#

Back Off! I just backed up ener.edr to ./#ener.edr.1#
starting mdrun 'Generated by trjconv : Generated by trjconv : Alanine in vacuum in water t= 4500.00000'
10000 steps,     20.0 ps.

Writing final coordinates.

Back Off! I just backed up confout.gro to ./#confout.gro.1#

               Core t (s)   Wall t (s)        (%)
       Time:        2.050        2.050      100.0
                 (ns/day)    (hour/ns)
Performance:      843.149        0.028

GROMACS reminds you: "Have a Nice Day" (R. McDonald)


# Integration error:        4.09

 -------------- BaysOpt loop, query 60 ---------------
going to run a simulation at 1.7592918860000242 1.8849555920000378 
# Integrating             - Simpson's rule + Real Space Grid Mini     :-) GROMACS - gmx mdrun, 2023.2-EasyBuild_4.9.0_PLUMED_2.9.0.GMX2023 (-:

Executable:   /sw/arch/RHEL8/EB_production/2023/software/GROMACS/2023.2-foss-2023a-PLUMED-2.9.0.GMX2023/bin/gmx
Data prefix:  /sw/arch/RHEL8/EB_production/2023/software/GROMACS/2023.2-foss-2023a-PLUMED-2.9.0.GMX2023
Working dir:  /gpfs/home1/ekempkes/adipep_buq_short/result_Matern52_ls_0.75_kappa400_w_0.1_n0.0_queries_100_full
Command line:
  gmx mdrun -s simulations_essentials/md.tpr -plumed Colvars/plumed_0.691_-2.262.dat -nsteps 10000 -x Colvars/traj_0.691_-2.262.xtc


Back Off! I just backed up md.log to ./#md.log.1#
Reading file simulations_essentials/md.tpr, VERSION 2022.5-plumed_2.9.3 (single precision)
Note: file tpx version 127, software tpx version 129

NOTE: Parallelization is limited by the small number of atoms,
      only starting 1 thread-MPI ranks.
      You can use the -nt and/or -ntmpi option to optimize the number of threads.

Overriding nsteps with value passed on the command line: 10000 steps, 20 ps

comm-mode angular will give incorrect results when the comm group partially crosses a periodic boundary
Using 1 MPI thread
Using 1 OpenMP thread 


NOTE: Thread affinity was not set.

Back Off! I just backed up traj.trr to ./#traj.trr.1#

Back Off! I just backed up ener.edr to ./#ener.edr.1#
starting mdrun 'Generated by trjconv : Generated by trjconv : Alanine in vacuum in water t= 4500.00000'
10000 steps,     20.0 ps.

Writing final coordinates.

Back Off! I just backed up confout.gro to ./#confout.gro.1#

               Core t (s)   Wall t (s)        (%)
       Time:        2.036        2.036      100.0
                 (ns/day)    (hour/ns)
Performance:      848.965        0.028

GROMACS reminds you: "Count the Bubbles In Your Hair" (The Breeders)


# Integration error:        4.38

 -------------- BaysOpt loop, query 61 ---------------
going to run a simulation at 0.6911503840000147 -2.2619467110000038 
# Integrating             - Simpson's rule + Real Space Grid Mini     :-) GROMACS - gmx mdrun, 2023.2-EasyBuild_4.9.0_PLUMED_2.9.0.GMX2023 (-:

Executable:   /sw/arch/RHEL8/EB_production/2023/software/GROMACS/2023.2-foss-2023a-PLUMED-2.9.0.GMX2023/bin/gmx
Data prefix:  /sw/arch/RHEL8/EB_production/2023/software/GROMACS/2023.2-foss-2023a-PLUMED-2.9.0.GMX2023
Working dir:  /gpfs/home1/ekempkes/adipep_buq_short/result_Matern52_ls_0.75_kappa400_w_0.1_n0.0_queries_100_full
Command line:
  gmx mdrun -s simulations_essentials/md.tpr -plumed Colvars/plumed_-2.639_-0.817.dat -nsteps 10000 -x Colvars/traj_-2.639_-0.817.xtc


Back Off! I just backed up md.log to ./#md.log.1#
Reading file simulations_essentials/md.tpr, VERSION 2022.5-plumed_2.9.3 (single precision)
Note: file tpx version 127, software tpx version 129

NOTE: Parallelization is limited by the small number of atoms,
      only starting 1 thread-MPI ranks.
      You can use the -nt and/or -ntmpi option to optimize the number of threads.

Overriding nsteps with value passed on the command line: 10000 steps, 20 ps

comm-mode angular will give incorrect results when the comm group partially crosses a periodic boundary
Using 1 MPI thread
Using 1 OpenMP thread 


NOTE: Thread affinity was not set.

Back Off! I just backed up traj.trr to ./#traj.trr.1#

Back Off! I just backed up ener.edr to ./#ener.edr.1#
starting mdrun 'Generated by trjconv : Generated by trjconv : Alanine in vacuum in water t= 4500.00000'
10000 steps,     20.0 ps.

Writing final coordinates.

Back Off! I just backed up confout.gro to ./#confout.gro.1#

               Core t (s)   Wall t (s)        (%)
       Time:        2.037        2.038      100.0
                 (ns/day)    (hour/ns)
Performance:      848.168        0.028

GROMACS reminds you: "I have a hunch that the unknown sequences of DNA will decode into copyright notices and patent protections." (Donald Knuth)


# Integration error:        4.29

 -------------- BaysOpt loop, query 62 ---------------
going to run a simulation at -2.6389378290000334 -0.8168140899999872 
# Integrating             - Simpson's rule + Real Space Grid Mini     :-) GROMACS - gmx mdrun, 2023.2-EasyBuild_4.9.0_PLUMED_2.9.0.GMX2023 (-:

Executable:   /sw/arch/RHEL8/EB_production/2023/software/GROMACS/2023.2-foss-2023a-PLUMED-2.9.0.GMX2023/bin/gmx
Data prefix:  /sw/arch/RHEL8/EB_production/2023/software/GROMACS/2023.2-foss-2023a-PLUMED-2.9.0.GMX2023
Working dir:  /gpfs/home1/ekempkes/adipep_buq_short/result_Matern52_ls_0.75_kappa400_w_0.1_n0.0_queries_100_full
Command line:
  gmx mdrun -s simulations_essentials/md.tpr -plumed Colvars/plumed_1.068_-0.314.dat -nsteps 10000 -x Colvars/traj_1.068_-0.314.xtc


Back Off! I just backed up md.log to ./#md.log.1#
Reading file simulations_essentials/md.tpr, VERSION 2022.5-plumed_2.9.3 (single precision)
Note: file tpx version 127, software tpx version 129

NOTE: Parallelization is limited by the small number of atoms,
      only starting 1 thread-MPI ranks.
      You can use the -nt and/or -ntmpi option to optimize the number of threads.

Overriding nsteps with value passed on the command line: 10000 steps, 20 ps

comm-mode angular will give incorrect results when the comm group partially crosses a periodic boundary
Using 1 MPI thread
Using 1 OpenMP thread 


NOTE: Thread affinity was not set.

Back Off! I just backed up traj.trr to ./#traj.trr.1#

Back Off! I just backed up ener.edr to ./#ener.edr.1#
starting mdrun 'Generated by trjconv : Generated by trjconv : Alanine in vacuum in water t= 4500.00000'
10000 steps,     20.0 ps.

Writing final coordinates.

Back Off! I just backed up confout.gro to ./#confout.gro.1#

               Core t (s)   Wall t (s)        (%)
       Time:        2.067        2.067      100.0
                 (ns/day)    (hour/ns)
Performance:      836.133        0.029

GROMACS reminds you: "I Am Testing Your Grey Matter" (Red Hot Chili Peppers)


# Integration error:        4.28

 -------------- BaysOpt loop, query 63 ---------------
going to run a simulation at 1.0681415019999982 -0.31415926500000063 
# Integrating             - Simpson's rule + Real Space Grid Mini     :-) GROMACS - gmx mdrun, 2023.2-EasyBuild_4.9.0_PLUMED_2.9.0.GMX2023 (-:

Executable:   /sw/arch/RHEL8/EB_production/2023/software/GROMACS/2023.2-foss-2023a-PLUMED-2.9.0.GMX2023/bin/gmx
Data prefix:  /sw/arch/RHEL8/EB_production/2023/software/GROMACS/2023.2-foss-2023a-PLUMED-2.9.0.GMX2023
Working dir:  /gpfs/home1/ekempkes/adipep_buq_short/result_Matern52_ls_0.75_kappa400_w_0.1_n0.0_queries_100_full
Command line:
  gmx mdrun -s simulations_essentials/md.tpr -plumed Colvars/plumed_-2.199_-1.634.dat -nsteps 10000 -x Colvars/traj_-2.199_-1.634.xtc


Back Off! I just backed up md.log to ./#md.log.1#
Reading file simulations_essentials/md.tpr, VERSION 2022.5-plumed_2.9.3 (single precision)
Note: file tpx version 127, software tpx version 129

NOTE: Parallelization is limited by the small number of atoms,
      only starting 1 thread-MPI ranks.
      You can use the -nt and/or -ntmpi option to optimize the number of threads.

Overriding nsteps with value passed on the command line: 10000 steps, 20 ps

comm-mode angular will give incorrect results when the comm group partially crosses a periodic boundary
Using 1 MPI thread
Using 1 OpenMP thread 


NOTE: Thread affinity was not set.

Back Off! I just backed up traj.trr to ./#traj.trr.1#

Back Off! I just backed up ener.edr to ./#ener.edr.1#
starting mdrun 'Generated by trjconv : Generated by trjconv : Alanine in vacuum in water t= 4500.00000'
10000 steps,     20.0 ps.

Writing final coordinates.

Back Off! I just backed up confout.gro to ./#confout.gro.1#

               Core t (s)   Wall t (s)        (%)
       Time:        2.042        2.042      100.0
                 (ns/day)    (hour/ns)
Performance:      846.155        0.028

GROMACS reminds you: "The farther the experiment is from theory, the closer it is to the Nobel Prize." (Irene Joliot-Curie)


# Integration error:        4.32

 -------------- BaysOpt loop, query 64 ---------------
going to run a simulation at -2.1991148580000197 -1.6336281799999743 
# Integrating             - Simpson's rule + Real Space Grid Mini     :-) GROMACS - gmx mdrun, 2023.2-EasyBuild_4.9.0_PLUMED_2.9.0.GMX2023 (-:

Executable:   /sw/arch/RHEL8/EB_production/2023/software/GROMACS/2023.2-foss-2023a-PLUMED-2.9.0.GMX2023/bin/gmx
Data prefix:  /sw/arch/RHEL8/EB_production/2023/software/GROMACS/2023.2-foss-2023a-PLUMED-2.9.0.GMX2023
Working dir:  /gpfs/home1/ekempkes/adipep_buq_short/result_Matern52_ls_0.75_kappa400_w_0.1_n0.0_queries_100_full
Command line:
  gmx mdrun -s simulations_essentials/md.tpr -plumed Colvars/plumed_-0.817_2.765.dat -nsteps 10000 -x Colvars/traj_-0.817_2.765.xtc


Back Off! I just backed up md.log to ./#md.log.1#
Reading file simulations_essentials/md.tpr, VERSION 2022.5-plumed_2.9.3 (single precision)
Note: file tpx version 127, software tpx version 129

NOTE: Parallelization is limited by the small number of atoms,
      only starting 1 thread-MPI ranks.
      You can use the -nt and/or -ntmpi option to optimize the number of threads.

Overriding nsteps with value passed on the command line: 10000 steps, 20 ps

comm-mode angular will give incorrect results when the comm group partially crosses a periodic boundary
Using 1 MPI thread
Using 1 OpenMP thread 


NOTE: Thread affinity was not set.

Back Off! I just backed up traj.trr to ./#traj.trr.1#

Back Off! I just backed up ener.edr to ./#ener.edr.1#
starting mdrun 'Generated by trjconv : Generated by trjconv : Alanine in vacuum in water t= 4500.00000'
10000 steps,     20.0 ps.

Writing final coordinates.

Back Off! I just backed up confout.gro to ./#confout.gro.1#

               Core t (s)   Wall t (s)        (%)
       Time:        2.014        2.014      100.0
                 (ns/day)    (hour/ns)
Performance:      857.941        0.028

GROMACS reminds you: "UNIX is basically a simple operating system. It just takes a genius to understand its simplicity." (Dennis Ritchie)


# Integration error:        4.30

 -------------- BaysOpt loop, query 65 ---------------
going to run a simulation at -0.8168140899999872 2.7646015350000686 
# Integrating             - Simpson's rule + Real Space Grid Mini     :-) GROMACS - gmx mdrun, 2023.2-EasyBuild_4.9.0_PLUMED_2.9.0.GMX2023 (-:

Executable:   /sw/arch/RHEL8/EB_production/2023/software/GROMACS/2023.2-foss-2023a-PLUMED-2.9.0.GMX2023/bin/gmx
Data prefix:  /sw/arch/RHEL8/EB_production/2023/software/GROMACS/2023.2-foss-2023a-PLUMED-2.9.0.GMX2023
Working dir:  /gpfs/home1/ekempkes/adipep_buq_short/result_Matern52_ls_0.75_kappa400_w_0.1_n0.0_queries_100_full
Command line:
  gmx mdrun -s simulations_essentials/md.tpr -plumed Colvars/plumed_2.639_-0.565.dat -nsteps 10000 -x Colvars/traj_2.639_-0.565.xtc


Back Off! I just backed up md.log to ./#md.log.1#
Reading file simulations_essentials/md.tpr, VERSION 2022.5-plumed_2.9.3 (single precision)
Note: file tpx version 127, software tpx version 129

NOTE: Parallelization is limited by the small number of atoms,
      only starting 1 thread-MPI ranks.
      You can use the -nt and/or -ntmpi option to optimize the number of threads.

Overriding nsteps with value passed on the command line: 10000 steps, 20 ps

comm-mode angular will give incorrect results when the comm group partially crosses a periodic boundary
Using 1 MPI thread
Using 1 OpenMP thread 


NOTE: Thread affinity was not set.

Back Off! I just backed up traj.trr to ./#traj.trr.1#

Back Off! I just backed up ener.edr to ./#ener.edr.1#
starting mdrun 'Generated by trjconv : Generated by trjconv : Alanine in vacuum in water t= 4500.00000'
10000 steps,     20.0 ps.

Writing final coordinates.

Back Off! I just backed up confout.gro to ./#confout.gro.1#

               Core t (s)   Wall t (s)        (%)
       Time:        2.020        2.020      100.0
                 (ns/day)    (hour/ns)
Performance:      855.635        0.028

GROMACS reminds you: "Theoretical chemistry has of course always been important and useful ... at least to theoretical chemists" (Sven Lidin)


# Integration error:        4.30

 -------------- BaysOpt loop, query 66 ---------------
going to run a simulation at 2.6389378290000334 -0.5654866780000047 
# Integrating             - Simpson's rule + Real Space Grid Mini     :-) GROMACS - gmx mdrun, 2023.2-EasyBuild_4.9.0_PLUMED_2.9.0.GMX2023 (-:

Executable:   /sw/arch/RHEL8/EB_production/2023/software/GROMACS/2023.2-foss-2023a-PLUMED-2.9.0.GMX2023/bin/gmx
Data prefix:  /sw/arch/RHEL8/EB_production/2023/software/GROMACS/2023.2-foss-2023a-PLUMED-2.9.0.GMX2023
Working dir:  /gpfs/home1/ekempkes/adipep_buq_short/result_Matern52_ls_0.75_kappa400_w_0.1_n0.0_queries_100_full
Command line:
  gmx mdrun -s simulations_essentials/md.tpr -plumed Colvars/plumed_2.702_0.565.dat -nsteps 10000 -x Colvars/traj_2.702_0.565.xtc


Back Off! I just backed up md.log to ./#md.log.1#
Reading file simulations_essentials/md.tpr, VERSION 2022.5-plumed_2.9.3 (single precision)
Note: file tpx version 127, software tpx version 129

NOTE: Parallelization is limited by the small number of atoms,
      only starting 1 thread-MPI ranks.
      You can use the -nt and/or -ntmpi option to optimize the number of threads.

Overriding nsteps with value passed on the command line: 10000 steps, 20 ps

comm-mode angular will give incorrect results when the comm group partially crosses a periodic boundary
Using 1 MPI thread
Using 1 OpenMP thread 


NOTE: Thread affinity was not set.

Back Off! I just backed up traj.trr to ./#traj.trr.1#

Back Off! I just backed up ener.edr to ./#ener.edr.1#
starting mdrun 'Generated by trjconv : Generated by trjconv : Alanine in vacuum in water t= 4500.00000'
10000 steps,     20.0 ps.

Writing final coordinates.

Back Off! I just backed up confout.gro to ./#confout.gro.1#

               Core t (s)   Wall t (s)        (%)
       Time:        2.030        2.030      100.0
                 (ns/day)    (hour/ns)
Performance:      851.427        0.028

GROMACS reminds you: "Do you have mole problems? If so, call Avogadro at 602-1023." (Jay Leno)


# Integration error:        4.31

 -------------- BaysOpt loop, query 67 ---------------
going to run a simulation at 2.701769681999987 0.5654866780000047 
# Integrating             - Simpson's rule + Real Space Grid Mini     :-) GROMACS - gmx mdrun, 2023.2-EasyBuild_4.9.0_PLUMED_2.9.0.GMX2023 (-:

Executable:   /sw/arch/RHEL8/EB_production/2023/software/GROMACS/2023.2-foss-2023a-PLUMED-2.9.0.GMX2023/bin/gmx
Data prefix:  /sw/arch/RHEL8/EB_production/2023/software/GROMACS/2023.2-foss-2023a-PLUMED-2.9.0.GMX2023
Working dir:  /gpfs/home1/ekempkes/adipep_buq_short/result_Matern52_ls_0.75_kappa400_w_0.1_n0.0_queries_100_full
Command line:
  gmx mdrun -s simulations_essentials/md.tpr -plumed Colvars/plumed_1.759_2.953.dat -nsteps 10000 -x Colvars/traj_1.759_2.953.xtc


Back Off! I just backed up md.log to ./#md.log.1#
Reading file simulations_essentials/md.tpr, VERSION 2022.5-plumed_2.9.3 (single precision)
Note: file tpx version 127, software tpx version 129

NOTE: Parallelization is limited by the small number of atoms,
      only starting 1 thread-MPI ranks.
      You can use the -nt and/or -ntmpi option to optimize the number of threads.

Overriding nsteps with value passed on the command line: 10000 steps, 20 ps

comm-mode angular will give incorrect results when the comm group partially crosses a periodic boundary
Using 1 MPI thread
Using 1 OpenMP thread 


NOTE: Thread affinity was not set.

Back Off! I just backed up traj.trr to ./#traj.trr.1#

Back Off! I just backed up ener.edr to ./#ener.edr.1#
starting mdrun 'Generated by trjconv : Generated by trjconv : Alanine in vacuum in water t= 4500.00000'
10000 steps,     20.0 ps.

Writing final coordinates.

Back Off! I just backed up confout.gro to ./#confout.gro.1#

               Core t (s)   Wall t (s)        (%)
       Time:        2.042        2.042      100.0
                 (ns/day)    (hour/ns)
Performance:      846.379        0.028

GROMACS reminds you: "Ich war schwanger, mir gings zum kotzen" (Nina Hagen)


# Integration error:        4.73

 -------------- BaysOpt loop, query 68 ---------------
going to run a simulation at 1.7592918860000242 2.953097093999987 
# Integrating             - Simpson's rule + Real Space Grid Mini     :-) GROMACS - gmx mdrun, 2023.2-EasyBuild_4.9.0_PLUMED_2.9.0.GMX2023 (-:

Executable:   /sw/arch/RHEL8/EB_production/2023/software/GROMACS/2023.2-foss-2023a-PLUMED-2.9.0.GMX2023/bin/gmx
Data prefix:  /sw/arch/RHEL8/EB_production/2023/software/GROMACS/2023.2-foss-2023a-PLUMED-2.9.0.GMX2023
Working dir:  /gpfs/home1/ekempkes/adipep_buq_short/result_Matern52_ls_0.75_kappa400_w_0.1_n0.0_queries_100_full
Command line:
  gmx mdrun -s simulations_essentials/md.tpr -plumed Colvars/plumed_-0.503_1.885.dat -nsteps 10000 -x Colvars/traj_-0.503_1.885.xtc


Back Off! I just backed up md.log to ./#md.log.1#
Reading file simulations_essentials/md.tpr, VERSION 2022.5-plumed_2.9.3 (single precision)
Note: file tpx version 127, software tpx version 129

NOTE: Parallelization is limited by the small number of atoms,
      only starting 1 thread-MPI ranks.
      You can use the -nt and/or -ntmpi option to optimize the number of threads.

Overriding nsteps with value passed on the command line: 10000 steps, 20 ps

comm-mode angular will give incorrect results when the comm group partially crosses a periodic boundary
Using 1 MPI thread
Using 1 OpenMP thread 


NOTE: Thread affinity was not set.

Back Off! I just backed up traj.trr to ./#traj.trr.1#

Back Off! I just backed up ener.edr to ./#ener.edr.1#
starting mdrun 'Generated by trjconv : Generated by trjconv : Alanine in vacuum in water t= 4500.00000'
10000 steps,     20.0 ps.

Writing final coordinates.

Back Off! I just backed up confout.gro to ./#confout.gro.1#

               Core t (s)   Wall t (s)        (%)
       Time:        2.055        2.055      100.0
                 (ns/day)    (hour/ns)
Performance:      840.798        0.029

GROMACS reminds you: "Men love to wonder, and that is the seed of science." (Ralph Waldo Emerson)


# Integration error:        4.90

 -------------- BaysOpt loop, query 69 ---------------
going to run a simulation at -0.5026548249999909 1.8849555920000378 
# Integrating             - Simpson's rule + Real Space Grid Mini     :-) GROMACS - gmx mdrun, 2023.2-EasyBuild_4.9.0_PLUMED_2.9.0.GMX2023 (-:

Executable:   /sw/arch/RHEL8/EB_production/2023/software/GROMACS/2023.2-foss-2023a-PLUMED-2.9.0.GMX2023/bin/gmx
Data prefix:  /sw/arch/RHEL8/EB_production/2023/software/GROMACS/2023.2-foss-2023a-PLUMED-2.9.0.GMX2023
Working dir:  /gpfs/home1/ekempkes/adipep_buq_short/result_Matern52_ls_0.75_kappa400_w_0.1_n0.0_queries_100_full
Command line:
  gmx mdrun -s simulations_essentials/md.tpr -plumed Colvars/plumed_-2.765_0.503.dat -nsteps 10000 -x Colvars/traj_-2.765_0.503.xtc


Back Off! I just backed up md.log to ./#md.log.1#
Reading file simulations_essentials/md.tpr, VERSION 2022.5-plumed_2.9.3 (single precision)
Note: file tpx version 127, software tpx version 129

NOTE: Parallelization is limited by the small number of atoms,
      only starting 1 thread-MPI ranks.
      You can use the -nt and/or -ntmpi option to optimize the number of threads.

Overriding nsteps with value passed on the command line: 10000 steps, 20 ps

comm-mode angular will give incorrect results when the comm group partially crosses a periodic boundary
Using 1 MPI thread
Using 1 OpenMP thread 


NOTE: Thread affinity was not set.

Back Off! I just backed up traj.trr to ./#traj.trr.1#

Back Off! I just backed up ener.edr to ./#ener.edr.1#
starting mdrun 'Generated by trjconv : Generated by trjconv : Alanine in vacuum in water t= 4500.00000'
10000 steps,     20.0 ps.

Writing final coordinates.

Back Off! I just backed up confout.gro to ./#confout.gro.1#

               Core t (s)   Wall t (s)        (%)
       Time:        2.043        2.043      100.0
                 (ns/day)    (hour/ns)
Performance:      846.004        0.028

GROMACS reminds you: "On the East coast, a purple patch, to show where the jolly pioneers of progress drink the jolly lager-beer" (Joseph Conrad)


# Integration error:        4.89

 -------------- BaysOpt loop, query 70 ---------------
going to run a simulation at -2.7646015350000686 0.5026548249999909 
# Integrating             - Simpson's rule + Real Space Grid Mini     :-) GROMACS - gmx mdrun, 2023.2-EasyBuild_4.9.0_PLUMED_2.9.0.GMX2023 (-:

Executable:   /sw/arch/RHEL8/EB_production/2023/software/GROMACS/2023.2-foss-2023a-PLUMED-2.9.0.GMX2023/bin/gmx
Data prefix:  /sw/arch/RHEL8/EB_production/2023/software/GROMACS/2023.2-foss-2023a-PLUMED-2.9.0.GMX2023
Working dir:  /gpfs/home1/ekempkes/adipep_buq_short/result_Matern52_ls_0.75_kappa400_w_0.1_n0.0_queries_100_full
Command line:
  gmx mdrun -s simulations_essentials/md.tpr -plumed Colvars/plumed_-0.880_-1.696.dat -nsteps 10000 -x Colvars/traj_-0.880_-1.696.xtc


Back Off! I just backed up md.log to ./#md.log.1#
Reading file simulations_essentials/md.tpr, VERSION 2022.5-plumed_2.9.3 (single precision)
Note: file tpx version 127, software tpx version 129

NOTE: Parallelization is limited by the small number of atoms,
      only starting 1 thread-MPI ranks.
      You can use the -nt and/or -ntmpi option to optimize the number of threads.

Overriding nsteps with value passed on the command line: 10000 steps, 20 ps

comm-mode angular will give incorrect results when the comm group partially crosses a periodic boundary
Using 1 MPI thread
Using 1 OpenMP thread 


NOTE: Thread affinity was not set.

Back Off! I just backed up traj.trr to ./#traj.trr.1#

Back Off! I just backed up ener.edr to ./#ener.edr.1#
starting mdrun 'Generated by trjconv : Generated by trjconv : Alanine in vacuum in water t= 4500.00000'
10000 steps,     20.0 ps.

Writing final coordinates.

Back Off! I just backed up confout.gro to ./#confout.gro.1#

               Core t (s)   Wall t (s)        (%)
       Time:        2.038        2.038      100.0
                 (ns/day)    (hour/ns)
Performance:      848.098        0.028

GROMACS reminds you: "In ancient times they had no statistics so they had to fall back on lies." (Stephen Leacock)


# Integration error:        5.10

 -------------- BaysOpt loop, query 71 ---------------
going to run a simulation at -0.8796459430000121 -1.6964600329999944 
# Integrating             - Simpson's rule + Real Space Grid Mini     :-) GROMACS - gmx mdrun, 2023.2-EasyBuild_4.9.0_PLUMED_2.9.0.GMX2023 (-:

Executable:   /sw/arch/RHEL8/EB_production/2023/software/GROMACS/2023.2-foss-2023a-PLUMED-2.9.0.GMX2023/bin/gmx
Data prefix:  /sw/arch/RHEL8/EB_production/2023/software/GROMACS/2023.2-foss-2023a-PLUMED-2.9.0.GMX2023
Working dir:  /gpfs/home1/ekempkes/adipep_buq_short/result_Matern52_ls_0.75_kappa400_w_0.1_n0.0_queries_100_full
Command line:
  gmx mdrun -s simulations_essentials/md.tpr -plumed Colvars/plumed_-2.890_1.948.dat -nsteps 10000 -x Colvars/traj_-2.890_1.948.xtc


Back Off! I just backed up md.log to ./#md.log.1#
Reading file simulations_essentials/md.tpr, VERSION 2022.5-plumed_2.9.3 (single precision)
Note: file tpx version 127, software tpx version 129

NOTE: Parallelization is limited by the small number of atoms,
      only starting 1 thread-MPI ranks.
      You can use the -nt and/or -ntmpi option to optimize the number of threads.

Overriding nsteps with value passed on the command line: 10000 steps, 20 ps

comm-mode angular will give incorrect results when the comm group partially crosses a periodic boundary
Using 1 MPI thread
Using 1 OpenMP thread 


NOTE: Thread affinity was not set.

Back Off! I just backed up traj.trr to ./#traj.trr.1#

Back Off! I just backed up ener.edr to ./#ener.edr.1#
starting mdrun 'Generated by trjconv : Generated by trjconv : Alanine in vacuum in water t= 4500.00000'
10000 steps,     20.0 ps.

Writing final coordinates.

Back Off! I just backed up confout.gro to ./#confout.gro.1#

               Core t (s)   Wall t (s)        (%)
       Time:        2.033        2.033      100.0
                 (ns/day)    (hour/ns)
Performance:      850.157        0.028

GROMACS reminds you: "Or (horrors!) use Berendsen!" (Justin Lemkul)


# Integration error:        5.14

 -------------- BaysOpt loop, query 72 ---------------
going to run a simulation at -2.890265241000028 1.9477874449999604 
# Integrating             - Simpson's rule + Real Space Grid Mini     :-) GROMACS - gmx mdrun, 2023.2-EasyBuild_4.9.0_PLUMED_2.9.0.GMX2023 (-:

Executable:   /sw/arch/RHEL8/EB_production/2023/software/GROMACS/2023.2-foss-2023a-PLUMED-2.9.0.GMX2023/bin/gmx
Data prefix:  /sw/arch/RHEL8/EB_production/2023/software/GROMACS/2023.2-foss-2023a-PLUMED-2.9.0.GMX2023
Working dir:  /gpfs/home1/ekempkes/adipep_buq_short/result_Matern52_ls_0.75_kappa400_w_0.1_n0.0_queries_100_full
Command line:
  gmx mdrun -s simulations_essentials/md.tpr -plumed Colvars/plumed_-1.885_0.000.dat -nsteps 10000 -x Colvars/traj_-1.885_0.000.xtc


Back Off! I just backed up md.log to ./#md.log.1#
Reading file simulations_essentials/md.tpr, VERSION 2022.5-plumed_2.9.3 (single precision)
Note: file tpx version 127, software tpx version 129

NOTE: Parallelization is limited by the small number of atoms,
      only starting 1 thread-MPI ranks.
      You can use the -nt and/or -ntmpi option to optimize the number of threads.

Overriding nsteps with value passed on the command line: 10000 steps, 20 ps

comm-mode angular will give incorrect results when the comm group partially crosses a periodic boundary
Using 1 MPI thread
Using 1 OpenMP thread 


NOTE: Thread affinity was not set.

Back Off! I just backed up traj.trr to ./#traj.trr.1#

Back Off! I just backed up ener.edr to ./#ener.edr.1#
starting mdrun 'Generated by trjconv : Generated by trjconv : Alanine in vacuum in water t= 4500.00000'
10000 steps,     20.0 ps.

Writing final coordinates.

Back Off! I just backed up confout.gro to ./#confout.gro.1#

               Core t (s)   Wall t (s)        (%)
       Time:        2.023        2.023      100.0
                 (ns/day)    (hour/ns)
Performance:      854.206        0.028

GROMACS reminds you: "What's Your Definition Of Dirty ?" (G. Michael)


# Integration error:        5.11

 -------------- BaysOpt loop, query 73 ---------------
going to run a simulation at -1.8849555920000378 0.0 
# Integrating             - Simpson's rule + Real Space Grid Mini     :-) GROMACS - gmx mdrun, 2023.2-EasyBuild_4.9.0_PLUMED_2.9.0.GMX2023 (-:

Executable:   /sw/arch/RHEL8/EB_production/2023/software/GROMACS/2023.2-foss-2023a-PLUMED-2.9.0.GMX2023/bin/gmx
Data prefix:  /sw/arch/RHEL8/EB_production/2023/software/GROMACS/2023.2-foss-2023a-PLUMED-2.9.0.GMX2023
Working dir:  /gpfs/home1/ekempkes/adipep_buq_short/result_Matern52_ls_0.75_kappa400_w_0.1_n0.0_queries_100_full
Command line:
  gmx mdrun -s simulations_essentials/md.tpr -plumed Colvars/plumed_1.382_0.754.dat -nsteps 10000 -x Colvars/traj_1.382_0.754.xtc


Back Off! I just backed up md.log to ./#md.log.1#
Reading file simulations_essentials/md.tpr, VERSION 2022.5-plumed_2.9.3 (single precision)
Note: file tpx version 127, software tpx version 129

NOTE: Parallelization is limited by the small number of atoms,
      only starting 1 thread-MPI ranks.
      You can use the -nt and/or -ntmpi option to optimize the number of threads.

Overriding nsteps with value passed on the command line: 10000 steps, 20 ps

comm-mode angular will give incorrect results when the comm group partially crosses a periodic boundary
Using 1 MPI thread
Using 1 OpenMP thread 


NOTE: Thread affinity was not set.

Back Off! I just backed up traj.trr to ./#traj.trr.1#

Back Off! I just backed up ener.edr to ./#ener.edr.1#
starting mdrun 'Generated by trjconv : Generated by trjconv : Alanine in vacuum in water t= 4500.00000'
10000 steps,     20.0 ps.

Writing final coordinates.

Back Off! I just backed up confout.gro to ./#confout.gro.1#

               Core t (s)   Wall t (s)        (%)
       Time:        2.031        2.031      100.0
                 (ns/day)    (hour/ns)
Performance:      850.984        0.028

GROMACS reminds you: "Computer science is no more about computers than astronomy is about telescopes" (Edsger Dijkstra)


# Integration error:        5.02

 -------------- BaysOpt loop, query 74 ---------------
going to run a simulation at 1.3823007680000294 0.753982236999984 
# Integrating             - Simpson's rule + Real Space Grid Mini     :-) GROMACS - gmx mdrun, 2023.2-EasyBuild_4.9.0_PLUMED_2.9.0.GMX2023 (-:

Executable:   /sw/arch/RHEL8/EB_production/2023/software/GROMACS/2023.2-foss-2023a-PLUMED-2.9.0.GMX2023/bin/gmx
Data prefix:  /sw/arch/RHEL8/EB_production/2023/software/GROMACS/2023.2-foss-2023a-PLUMED-2.9.0.GMX2023
Working dir:  /gpfs/home1/ekempkes/adipep_buq_short/result_Matern52_ls_0.75_kappa400_w_0.1_n0.0_queries_100_full
Command line:
  gmx mdrun -s simulations_essentials/md.tpr -plumed Colvars/plumed_0.628_2.890.dat -nsteps 10000 -x Colvars/traj_0.628_2.890.xtc


Back Off! I just backed up md.log to ./#md.log.1#
Reading file simulations_essentials/md.tpr, VERSION 2022.5-plumed_2.9.3 (single precision)
Note: file tpx version 127, software tpx version 129

NOTE: Parallelization is limited by the small number of atoms,
      only starting 1 thread-MPI ranks.
      You can use the -nt and/or -ntmpi option to optimize the number of threads.

Overriding nsteps with value passed on the command line: 10000 steps, 20 ps

comm-mode angular will give incorrect results when the comm group partially crosses a periodic boundary
Using 1 MPI thread
Using 1 OpenMP thread 


NOTE: Thread affinity was not set.

Back Off! I just backed up traj.trr to ./#traj.trr.1#

Back Off! I just backed up ener.edr to ./#ener.edr.1#
starting mdrun 'Generated by trjconv : Generated by trjconv : Alanine in vacuum in water t= 4500.00000'
10000 steps,     20.0 ps.

Writing final coordinates.

Back Off! I just backed up confout.gro to ./#confout.gro.1#

               Core t (s)   Wall t (s)        (%)
       Time:        2.044        2.044      100.0
                 (ns/day)    (hour/ns)
Performance:      845.523        0.028

GROMACS reminds you: "Misslycka kan man med all kod" (Mats Nylen)


# Integration error:        5.08

 -------------- BaysOpt loop, query 75 ---------------
going to run a simulation at 0.6283185309999932 2.890265241000028 
# Integrating             - Simpson's rule + Real Space Grid Mini     :-) GROMACS - gmx mdrun, 2023.2-EasyBuild_4.9.0_PLUMED_2.9.0.GMX2023 (-:

Executable:   /sw/arch/RHEL8/EB_production/2023/software/GROMACS/2023.2-foss-2023a-PLUMED-2.9.0.GMX2023/bin/gmx
Data prefix:  /sw/arch/RHEL8/EB_production/2023/software/GROMACS/2023.2-foss-2023a-PLUMED-2.9.0.GMX2023
Working dir:  /gpfs/home1/ekempkes/adipep_buq_short/result_Matern52_ls_0.75_kappa400_w_0.1_n0.0_queries_100_full
Command line:
  gmx mdrun -s simulations_essentials/md.tpr -plumed Colvars/plumed_1.131_2.011.dat -nsteps 10000 -x Colvars/traj_1.131_2.011.xtc


Back Off! I just backed up md.log to ./#md.log.1#
Reading file simulations_essentials/md.tpr, VERSION 2022.5-plumed_2.9.3 (single precision)
Note: file tpx version 127, software tpx version 129

NOTE: Parallelization is limited by the small number of atoms,
      only starting 1 thread-MPI ranks.
      You can use the -nt and/or -ntmpi option to optimize the number of threads.

Overriding nsteps with value passed on the command line: 10000 steps, 20 ps

comm-mode angular will give incorrect results when the comm group partially crosses a periodic boundary
Using 1 MPI thread
Using 1 OpenMP thread 


NOTE: Thread affinity was not set.

Back Off! I just backed up traj.trr to ./#traj.trr.1#

Back Off! I just backed up ener.edr to ./#ener.edr.1#
starting mdrun 'Generated by trjconv : Generated by trjconv : Alanine in vacuum in water t= 4500.00000'
10000 steps,     20.0 ps.

Writing final coordinates.

Back Off! I just backed up confout.gro to ./#confout.gro.1#

               Core t (s)   Wall t (s)        (%)
       Time:        2.037        2.037      100.0
                 (ns/day)    (hour/ns)
Performance:      848.433        0.028

GROMACS reminds you: "We must be clear that when it comes to atoms, language can be used only as in poetry. " (Niels Bohr)


# Integration error:        4.19

 -------------- BaysOpt loop, query 76 ---------------
going to run a simulation at 1.130973355000006 2.0106192979999813 
# Integrating             - Simpson's rule + Real Space Grid Mini     :-) GROMACS - gmx mdrun, 2023.2-EasyBuild_4.9.0_PLUMED_2.9.0.GMX2023 (-:

Executable:   /sw/arch/RHEL8/EB_production/2023/software/GROMACS/2023.2-foss-2023a-PLUMED-2.9.0.GMX2023/bin/gmx
Data prefix:  /sw/arch/RHEL8/EB_production/2023/software/GROMACS/2023.2-foss-2023a-PLUMED-2.9.0.GMX2023
Working dir:  /gpfs/home1/ekempkes/adipep_buq_short/result_Matern52_ls_0.75_kappa400_w_0.1_n0.0_queries_100_full
Command line:
  gmx mdrun -s simulations_essentials/md.tpr -plumed Colvars/plumed_-1.131_-0.942.dat -nsteps 10000 -x Colvars/traj_-1.131_-0.942.xtc


Back Off! I just backed up md.log to ./#md.log.1#
Reading file simulations_essentials/md.tpr, VERSION 2022.5-plumed_2.9.3 (single precision)
Note: file tpx version 127, software tpx version 129

NOTE: Parallelization is limited by the small number of atoms,
      only starting 1 thread-MPI ranks.
      You can use the -nt and/or -ntmpi option to optimize the number of threads.

Overriding nsteps with value passed on the command line: 10000 steps, 20 ps

comm-mode angular will give incorrect results when the comm group partially crosses a periodic boundary
Using 1 MPI thread
Using 1 OpenMP thread 


NOTE: Thread affinity was not set.

Back Off! I just backed up traj.trr to ./#traj.trr.1#

Back Off! I just backed up ener.edr to ./#ener.edr.1#
starting mdrun 'Generated by trjconv : Generated by trjconv : Alanine in vacuum in water t= 4500.00000'
10000 steps,     20.0 ps.

Writing final coordinates.

Back Off! I just backed up confout.gro to ./#confout.gro.1#

               Core t (s)   Wall t (s)        (%)
       Time:        2.015        2.015      100.0
                 (ns/day)    (hour/ns)
Performance:      857.767        0.028

GROMACS reminds you: "All sorts of things can happen when you're open to new ideas and playing around with things." (Stephanie Kwolek, inventor of Kevlar)


# Integration error:        4.09

 -------------- BaysOpt loop, query 77 ---------------
going to run a simulation at -1.130973355000006 -0.9424777960000189 
# Integrating             - Simpson's rule + Real Space Grid Mini     :-) GROMACS - gmx mdrun, 2023.2-EasyBuild_4.9.0_PLUMED_2.9.0.GMX2023 (-:

Executable:   /sw/arch/RHEL8/EB_production/2023/software/GROMACS/2023.2-foss-2023a-PLUMED-2.9.0.GMX2023/bin/gmx
Data prefix:  /sw/arch/RHEL8/EB_production/2023/software/GROMACS/2023.2-foss-2023a-PLUMED-2.9.0.GMX2023
Working dir:  /gpfs/home1/ekempkes/adipep_buq_short/result_Matern52_ls_0.75_kappa400_w_0.1_n0.0_queries_100_full
Command line:
  gmx mdrun -s simulations_essentials/md.tpr -plumed Colvars/plumed_-0.565_-0.063.dat -nsteps 10000 -x Colvars/traj_-0.565_-0.063.xtc


Back Off! I just backed up md.log to ./#md.log.1#
Reading file simulations_essentials/md.tpr, VERSION 2022.5-plumed_2.9.3 (single precision)
Note: file tpx version 127, software tpx version 129

NOTE: Parallelization is limited by the small number of atoms,
      only starting 1 thread-MPI ranks.
      You can use the -nt and/or -ntmpi option to optimize the number of threads.

Overriding nsteps with value passed on the command line: 10000 steps, 20 ps

comm-mode angular will give incorrect results when the comm group partially crosses a periodic boundary
Using 1 MPI thread
Using 1 OpenMP thread 


NOTE: Thread affinity was not set.

Back Off! I just backed up traj.trr to ./#traj.trr.1#

Back Off! I just backed up ener.edr to ./#ener.edr.1#
starting mdrun 'Generated by trjconv : Generated by trjconv : Alanine in vacuum in water t= 4500.00000'
10000 steps,     20.0 ps.

Writing final coordinates.

Back Off! I just backed up confout.gro to ./#confout.gro.1#

               Core t (s)   Wall t (s)        (%)
       Time:        2.047        2.047      100.0
                 (ns/day)    (hour/ns)
Performance:      844.247        0.028

GROMACS reminds you: "It is now quite lawful for a Catholic woman to avoid pregnancy by a resort to mathematics, though she is still forbidden to resort to physics and chemistry." (Henry Louis Mencken)


# Integration error:        4.12

 -------------- BaysOpt loop, query 78 ---------------
going to run a simulation at -0.5654866780000047 -0.06283185299999909 
# Integrating             - Simpson's rule + Real Space Grid Mini     :-) GROMACS - gmx mdrun, 2023.2-EasyBuild_4.9.0_PLUMED_2.9.0.GMX2023 (-:

Executable:   /sw/arch/RHEL8/EB_production/2023/software/GROMACS/2023.2-foss-2023a-PLUMED-2.9.0.GMX2023/bin/gmx
Data prefix:  /sw/arch/RHEL8/EB_production/2023/software/GROMACS/2023.2-foss-2023a-PLUMED-2.9.0.GMX2023
Working dir:  /gpfs/home1/ekempkes/adipep_buq_short/result_Matern52_ls_0.75_kappa400_w_0.1_n0.0_queries_100_full
Command line:
  gmx mdrun -s simulations_essentials/md.tpr -plumed Colvars/plumed_2.199_1.508.dat -nsteps 10000 -x Colvars/traj_2.199_1.508.xtc


Back Off! I just backed up md.log to ./#md.log.1#
Reading file simulations_essentials/md.tpr, VERSION 2022.5-plumed_2.9.3 (single precision)
Note: file tpx version 127, software tpx version 129

NOTE: Parallelization is limited by the small number of atoms,
      only starting 1 thread-MPI ranks.
      You can use the -nt and/or -ntmpi option to optimize the number of threads.

Overriding nsteps with value passed on the command line: 10000 steps, 20 ps

comm-mode angular will give incorrect results when the comm group partially crosses a periodic boundary
Using 1 MPI thread
Using 1 OpenMP thread 


NOTE: Thread affinity was not set.

Back Off! I just backed up traj.trr to ./#traj.trr.1#

Back Off! I just backed up ener.edr to ./#ener.edr.1#
starting mdrun 'Generated by trjconv : Generated by trjconv : Alanine in vacuum in water t= 4500.00000'
10000 steps,     20.0 ps.

Writing final coordinates.

Back Off! I just backed up confout.gro to ./#confout.gro.1#

               Core t (s)   Wall t (s)        (%)
       Time:        2.039        2.039      100.0
                 (ns/day)    (hour/ns)
Performance:      847.497        0.028

GROMACS reminds you: "My Brothers are Protons (Protons!), My Sisters are Neurons (Neurons)" (Gogol Bordello)


# Integration error:        4.00

 -------------- BaysOpt loop, query 79 ---------------
going to run a simulation at 2.1991148580000197 1.507964473999968 
# Integrating             - Simpson's rule + Real Space Grid Mini     :-) GROMACS - gmx mdrun, 2023.2-EasyBuild_4.9.0_PLUMED_2.9.0.GMX2023 (-:

Executable:   /sw/arch/RHEL8/EB_production/2023/software/GROMACS/2023.2-foss-2023a-PLUMED-2.9.0.GMX2023/bin/gmx
Data prefix:  /sw/arch/RHEL8/EB_production/2023/software/GROMACS/2023.2-foss-2023a-PLUMED-2.9.0.GMX2023
Working dir:  /gpfs/home1/ekempkes/adipep_buq_short/result_Matern52_ls_0.75_kappa400_w_0.1_n0.0_queries_100_full
Command line:
  gmx mdrun -s simulations_essentials/md.tpr -plumed Colvars/plumed_1.696_-2.450.dat -nsteps 10000 -x Colvars/traj_1.696_-2.450.xtc


Back Off! I just backed up md.log to ./#md.log.1#
Reading file simulations_essentials/md.tpr, VERSION 2022.5-plumed_2.9.3 (single precision)
Note: file tpx version 127, software tpx version 129

NOTE: Parallelization is limited by the small number of atoms,
      only starting 1 thread-MPI ranks.
      You can use the -nt and/or -ntmpi option to optimize the number of threads.

Overriding nsteps with value passed on the command line: 10000 steps, 20 ps

comm-mode angular will give incorrect results when the comm group partially crosses a periodic boundary
Using 1 MPI thread
Using 1 OpenMP thread 


NOTE: Thread affinity was not set.

Back Off! I just backed up traj.trr to ./#traj.trr.1#

Back Off! I just backed up ener.edr to ./#ener.edr.1#
starting mdrun 'Generated by trjconv : Generated by trjconv : Alanine in vacuum in water t= 4500.00000'
10000 steps,     20.0 ps.

Writing final coordinates.

Back Off! I just backed up confout.gro to ./#confout.gro.1#

               Core t (s)   Wall t (s)        (%)
       Time:        2.047        2.047      100.0
                 (ns/day)    (hour/ns)
Performance:      844.102        0.028

GROMACS reminds you: "Culture eats strategy for breakfast" (Peter Drucker)


# Integration error:        3.88

 -------------- BaysOpt loop, query 80 ---------------
going to run a simulation at 1.6964600329999944 -2.450442270000013 
# Integrating             - Simpson's rule + Real Space Grid Mini     :-) GROMACS - gmx mdrun, 2023.2-EasyBuild_4.9.0_PLUMED_2.9.0.GMX2023 (-:

Executable:   /sw/arch/RHEL8/EB_production/2023/software/GROMACS/2023.2-foss-2023a-PLUMED-2.9.0.GMX2023/bin/gmx
Data prefix:  /sw/arch/RHEL8/EB_production/2023/software/GROMACS/2023.2-foss-2023a-PLUMED-2.9.0.GMX2023
Working dir:  /gpfs/home1/ekempkes/adipep_buq_short/result_Matern52_ls_0.75_kappa400_w_0.1_n0.0_queries_100_full
Command line:
  gmx mdrun -s simulations_essentials/md.tpr -plumed Colvars/plumed_2.262_-1.445.dat -nsteps 10000 -x Colvars/traj_2.262_-1.445.xtc


Back Off! I just backed up md.log to ./#md.log.1#
Reading file simulations_essentials/md.tpr, VERSION 2022.5-plumed_2.9.3 (single precision)
Note: file tpx version 127, software tpx version 129

NOTE: Parallelization is limited by the small number of atoms,
      only starting 1 thread-MPI ranks.
      You can use the -nt and/or -ntmpi option to optimize the number of threads.

Overriding nsteps with value passed on the command line: 10000 steps, 20 ps

comm-mode angular will give incorrect results when the comm group partially crosses a periodic boundary
Using 1 MPI thread
Using 1 OpenMP thread 


NOTE: Thread affinity was not set.

Back Off! I just backed up traj.trr to ./#traj.trr.1#

Back Off! I just backed up ener.edr to ./#ener.edr.1#
starting mdrun 'Generated by trjconv : Generated by trjconv : Alanine in vacuum in water t= 4500.00000'
10000 steps,     20.0 ps.

Writing final coordinates.

Back Off! I just backed up confout.gro to ./#confout.gro.1#

               Core t (s)   Wall t (s)        (%)
       Time:        2.060        2.060      100.0
                 (ns/day)    (hour/ns)
Performance:      838.747        0.029

GROMACS reminds you: "Programming today is a race between software engineers striving to build bigger and better idiot-proof programs, and the universe trying to build bigger and better idiots. So far, the universe is winning." (Rick Cook)


# Integration error:        3.86

 -------------- BaysOpt loop, query 81 ---------------
going to run a simulation at 2.2619467110000038 -1.4451326210000188 
# Integrating             - Simpson's rule + Real Space Grid Mini     :-) GROMACS - gmx mdrun, 2023.2-EasyBuild_4.9.0_PLUMED_2.9.0.GMX2023 (-:

Executable:   /sw/arch/RHEL8/EB_production/2023/software/GROMACS/2023.2-foss-2023a-PLUMED-2.9.0.GMX2023/bin/gmx
Data prefix:  /sw/arch/RHEL8/EB_production/2023/software/GROMACS/2023.2-foss-2023a-PLUMED-2.9.0.GMX2023
Working dir:  /gpfs/home1/ekempkes/adipep_buq_short/result_Matern52_ls_0.75_kappa400_w_0.1_n0.0_queries_100_full
Command line:
  gmx mdrun -s simulations_essentials/md.tpr -plumed Colvars/plumed_0.817_-2.890.dat -nsteps 10000 -x Colvars/traj_0.817_-2.890.xtc


Back Off! I just backed up md.log to ./#md.log.1#
Reading file simulations_essentials/md.tpr, VERSION 2022.5-plumed_2.9.3 (single precision)
Note: file tpx version 127, software tpx version 129

NOTE: Parallelization is limited by the small number of atoms,
      only starting 1 thread-MPI ranks.
      You can use the -nt and/or -ntmpi option to optimize the number of threads.

Overriding nsteps with value passed on the command line: 10000 steps, 20 ps

comm-mode angular will give incorrect results when the comm group partially crosses a periodic boundary
Using 1 MPI thread
Using 1 OpenMP thread 


NOTE: Thread affinity was not set.

Back Off! I just backed up traj.trr to ./#traj.trr.1#

Back Off! I just backed up ener.edr to ./#ener.edr.1#
starting mdrun 'Generated by trjconv : Generated by trjconv : Alanine in vacuum in water t= 4500.00000'
10000 steps,     20.0 ps.

Writing final coordinates.

Back Off! I just backed up confout.gro to ./#confout.gro.1#

               Core t (s)   Wall t (s)        (%)
       Time:        2.033        2.033      100.0
                 (ns/day)    (hour/ns)
Performance:      850.061        0.028

GROMACS reminds you: "It's Not Your Fault" (Pulp Fiction)


# Integration error:        3.89

 -------------- BaysOpt loop, query 82 ---------------
going to run a simulation at 0.8168140899999872 -2.890265241000028 
# Integrating             - Simpson's rule + Real Space Grid Mini     :-) GROMACS - gmx mdrun, 2023.2-EasyBuild_4.9.0_PLUMED_2.9.0.GMX2023 (-:

Executable:   /sw/arch/RHEL8/EB_production/2023/software/GROMACS/2023.2-foss-2023a-PLUMED-2.9.0.GMX2023/bin/gmx
Data prefix:  /sw/arch/RHEL8/EB_production/2023/software/GROMACS/2023.2-foss-2023a-PLUMED-2.9.0.GMX2023
Working dir:  /gpfs/home1/ekempkes/adipep_buq_short/result_Matern52_ls_0.75_kappa400_w_0.1_n0.0_queries_100_full
Command line:
  gmx mdrun -s simulations_essentials/md.tpr -plumed Colvars/plumed_-0.188_0.754.dat -nsteps 10000 -x Colvars/traj_-0.188_0.754.xtc


Back Off! I just backed up md.log to ./#md.log.1#
Reading file simulations_essentials/md.tpr, VERSION 2022.5-plumed_2.9.3 (single precision)
Note: file tpx version 127, software tpx version 129

NOTE: Parallelization is limited by the small number of atoms,
      only starting 1 thread-MPI ranks.
      You can use the -nt and/or -ntmpi option to optimize the number of threads.

Overriding nsteps with value passed on the command line: 10000 steps, 20 ps

comm-mode angular will give incorrect results when the comm group partially crosses a periodic boundary
Using 1 MPI thread
Using 1 OpenMP thread 


NOTE: Thread affinity was not set.

Back Off! I just backed up traj.trr to ./#traj.trr.1#

Back Off! I just backed up ener.edr to ./#ener.edr.1#
starting mdrun 'Generated by trjconv : Generated by trjconv : Alanine in vacuum in water t= 4500.00000'
10000 steps,     20.0 ps.

Writing final coordinates.

Back Off! I just backed up confout.gro to ./#confout.gro.1#

               Core t (s)   Wall t (s)        (%)
       Time:        2.039        2.039      100.0
                 (ns/day)    (hour/ns)
Performance:      847.536        0.028

GROMACS reminds you: "Youth is wasted on the young" (The Smashing Pumpkins)


# Integration error:        3.93

 -------------- BaysOpt loop, query 83 ---------------
going to run a simulation at -0.18849555899999812 0.753982236999984 
# Integrating             - Simpson's rule + Real Space Grid Mini     :-) GROMACS - gmx mdrun, 2023.2-EasyBuild_4.9.0_PLUMED_2.9.0.GMX2023 (-:

Executable:   /sw/arch/RHEL8/EB_production/2023/software/GROMACS/2023.2-foss-2023a-PLUMED-2.9.0.GMX2023/bin/gmx
Data prefix:  /sw/arch/RHEL8/EB_production/2023/software/GROMACS/2023.2-foss-2023a-PLUMED-2.9.0.GMX2023
Working dir:  /gpfs/home1/ekempkes/adipep_buq_short/result_Matern52_ls_0.75_kappa400_w_0.1_n0.0_queries_100_full
Command line:
  gmx mdrun -s simulations_essentials/md.tpr -plumed Colvars/plumed_-0.377_-2.827.dat -nsteps 10000 -x Colvars/traj_-0.377_-2.827.xtc


Back Off! I just backed up md.log to ./#md.log.1#
Reading file simulations_essentials/md.tpr, VERSION 2022.5-plumed_2.9.3 (single precision)
Note: file tpx version 127, software tpx version 129

NOTE: Parallelization is limited by the small number of atoms,
      only starting 1 thread-MPI ranks.
      You can use the -nt and/or -ntmpi option to optimize the number of threads.

Overriding nsteps with value passed on the command line: 10000 steps, 20 ps

comm-mode angular will give incorrect results when the comm group partially crosses a periodic boundary
Using 1 MPI thread
Using 1 OpenMP thread 


NOTE: Thread affinity was not set.

Back Off! I just backed up traj.trr to ./#traj.trr.1#

Back Off! I just backed up ener.edr to ./#ener.edr.1#
starting mdrun 'Generated by trjconv : Generated by trjconv : Alanine in vacuum in water t= 4500.00000'
10000 steps,     20.0 ps.

Writing final coordinates.

Back Off! I just backed up confout.gro to ./#confout.gro.1#

               Core t (s)   Wall t (s)        (%)
       Time:        2.033        2.033      100.0
                 (ns/day)    (hour/ns)
Performance:      850.195        0.028

GROMACS reminds you: "Everybody Wants to Be Naked and Famous" (Tricky)


# Integration error:        3.95

 -------------- BaysOpt loop, query 84 ---------------
going to run a simulation at -0.37699111799999624 -2.8274333879999514 
# Integrating             - Simpson's rule + Real Space Grid Mini     :-) GROMACS - gmx mdrun, 2023.2-EasyBuild_4.9.0_PLUMED_2.9.0.GMX2023 (-:

Executable:   /sw/arch/RHEL8/EB_production/2023/software/GROMACS/2023.2-foss-2023a-PLUMED-2.9.0.GMX2023/bin/gmx
Data prefix:  /sw/arch/RHEL8/EB_production/2023/software/GROMACS/2023.2-foss-2023a-PLUMED-2.9.0.GMX2023
Working dir:  /gpfs/home1/ekempkes/adipep_buq_short/result_Matern52_ls_0.75_kappa400_w_0.1_n0.0_queries_100_full
Command line:
  gmx mdrun -s simulations_essentials/md.tpr -plumed Colvars/plumed_-1.445_2.325.dat -nsteps 10000 -x Colvars/traj_-1.445_2.325.xtc


Back Off! I just backed up md.log to ./#md.log.1#
Reading file simulations_essentials/md.tpr, VERSION 2022.5-plumed_2.9.3 (single precision)
Note: file tpx version 127, software tpx version 129

NOTE: Parallelization is limited by the small number of atoms,
      only starting 1 thread-MPI ranks.
      You can use the -nt and/or -ntmpi option to optimize the number of threads.

Overriding nsteps with value passed on the command line: 10000 steps, 20 ps

comm-mode angular will give incorrect results when the comm group partially crosses a periodic boundary
Using 1 MPI thread
Using 1 OpenMP thread 


NOTE: Thread affinity was not set.

Back Off! I just backed up traj.trr to ./#traj.trr.1#

Back Off! I just backed up ener.edr to ./#ener.edr.1#
starting mdrun 'Generated by trjconv : Generated by trjconv : Alanine in vacuum in water t= 4500.00000'
10000 steps,     20.0 ps.

Writing final coordinates.

Back Off! I just backed up confout.gro to ./#confout.gro.1#

               Core t (s)   Wall t (s)        (%)
       Time:        2.027        2.027      100.0
                 (ns/day)    (hour/ns)
Performance:      852.487        0.028

GROMACS reminds you: "I Do It All the Time" (Magnapop)


# Integration error:        3.86

 -------------- BaysOpt loop, query 85 ---------------
going to run a simulation at -1.4451326210000188 2.3247785640000505 
# Integrating             - Simpson's rule + Real Space Grid Mini     :-) GROMACS - gmx mdrun, 2023.2-EasyBuild_4.9.0_PLUMED_2.9.0.GMX2023 (-:

Executable:   /sw/arch/RHEL8/EB_production/2023/software/GROMACS/2023.2-foss-2023a-PLUMED-2.9.0.GMX2023/bin/gmx
Data prefix:  /sw/arch/RHEL8/EB_production/2023/software/GROMACS/2023.2-foss-2023a-PLUMED-2.9.0.GMX2023
Working dir:  /gpfs/home1/ekempkes/adipep_buq_short/result_Matern52_ls_0.75_kappa400_w_0.1_n0.0_queries_100_full
Command line:
  gmx mdrun -s simulations_essentials/md.tpr -plumed Colvars/plumed_-2.136_1.382.dat -nsteps 10000 -x Colvars/traj_-2.136_1.382.xtc


Back Off! I just backed up md.log to ./#md.log.1#
Reading file simulations_essentials/md.tpr, VERSION 2022.5-plumed_2.9.3 (single precision)
Note: file tpx version 127, software tpx version 129

NOTE: Parallelization is limited by the small number of atoms,
      only starting 1 thread-MPI ranks.
      You can use the -nt and/or -ntmpi option to optimize the number of threads.

Overriding nsteps with value passed on the command line: 10000 steps, 20 ps

comm-mode angular will give incorrect results when the comm group partially crosses a periodic boundary
Using 1 MPI thread
Using 1 OpenMP thread 


NOTE: Thread affinity was not set.

Back Off! I just backed up traj.trr to ./#traj.trr.1#

Back Off! I just backed up ener.edr to ./#ener.edr.1#
starting mdrun 'Generated by trjconv : Generated by trjconv : Alanine in vacuum in water t= 4500.00000'
10000 steps,     20.0 ps.

Writing final coordinates.

Back Off! I just backed up confout.gro to ./#confout.gro.1#

               Core t (s)   Wall t (s)        (%)
       Time:        2.026        2.026      100.0
                 (ns/day)    (hour/ns)
Performance:      852.962        0.028

GROMACS reminds you: "Your Excellency, I have no need of this hypothesis." (Pierre Laplace, to Napoleon on why his works on celestial mechanics make no mention of God.)


# Integration error:        3.76

 -------------- BaysOpt loop, query 86 ---------------
going to run a simulation at -2.1362830039999965 1.3823007680000294 
# Integrating             - Simpson's rule + Real Space Grid Mini     :-) GROMACS - gmx mdrun, 2023.2-EasyBuild_4.9.0_PLUMED_2.9.0.GMX2023 (-:

Executable:   /sw/arch/RHEL8/EB_production/2023/software/GROMACS/2023.2-foss-2023a-PLUMED-2.9.0.GMX2023/bin/gmx
Data prefix:  /sw/arch/RHEL8/EB_production/2023/software/GROMACS/2023.2-foss-2023a-PLUMED-2.9.0.GMX2023
Working dir:  /gpfs/home1/ekempkes/adipep_buq_short/result_Matern52_ls_0.75_kappa400_w_0.1_n0.0_queries_100_full
Command line:
  gmx mdrun -s simulations_essentials/md.tpr -plumed Colvars/plumed_-1.382_0.628.dat -nsteps 10000 -x Colvars/traj_-1.382_0.628.xtc


Back Off! I just backed up md.log to ./#md.log.1#
Reading file simulations_essentials/md.tpr, VERSION 2022.5-plumed_2.9.3 (single precision)
Note: file tpx version 127, software tpx version 129

NOTE: Parallelization is limited by the small number of atoms,
      only starting 1 thread-MPI ranks.
      You can use the -nt and/or -ntmpi option to optimize the number of threads.

Overriding nsteps with value passed on the command line: 10000 steps, 20 ps

comm-mode angular will give incorrect results when the comm group partially crosses a periodic boundary
Using 1 MPI thread
Using 1 OpenMP thread 


NOTE: Thread affinity was not set.

Back Off! I just backed up traj.trr to ./#traj.trr.1#

Back Off! I just backed up ener.edr to ./#ener.edr.1#
starting mdrun 'Generated by trjconv : Generated by trjconv : Alanine in vacuum in water t= 4500.00000'
10000 steps,     20.0 ps.

Writing final coordinates.

Back Off! I just backed up confout.gro to ./#confout.gro.1#

               Core t (s)   Wall t (s)        (%)
       Time:        2.056        2.056      100.0
                 (ns/day)    (hour/ns)
Performance:      840.518        0.029

GROMACS reminds you: "Christianity may be OK between consenting adults in private but should not be taught to young children." (Francis Crick)


# Integration error:        3.81

 -------------- BaysOpt loop, query 87 ---------------
going to run a simulation at -1.3823007680000294 0.6283185309999932 
# Integrating             - Simpson's rule + Real Space Grid Mini     :-) GROMACS - gmx mdrun, 2023.2-EasyBuild_4.9.0_PLUMED_2.9.0.GMX2023 (-:

Executable:   /sw/arch/RHEL8/EB_production/2023/software/GROMACS/2023.2-foss-2023a-PLUMED-2.9.0.GMX2023/bin/gmx
Data prefix:  /sw/arch/RHEL8/EB_production/2023/software/GROMACS/2023.2-foss-2023a-PLUMED-2.9.0.GMX2023
Working dir:  /gpfs/home1/ekempkes/adipep_buq_short/result_Matern52_ls_0.75_kappa400_w_0.1_n0.0_queries_100_full
Command line:
  gmx mdrun -s simulations_essentials/md.tpr -plumed Colvars/plumed_-1.885_-2.702.dat -nsteps 10000 -x Colvars/traj_-1.885_-2.702.xtc


Back Off! I just backed up md.log to ./#md.log.1#
Reading file simulations_essentials/md.tpr, VERSION 2022.5-plumed_2.9.3 (single precision)
Note: file tpx version 127, software tpx version 129

NOTE: Parallelization is limited by the small number of atoms,
      only starting 1 thread-MPI ranks.
      You can use the -nt and/or -ntmpi option to optimize the number of threads.

Overriding nsteps with value passed on the command line: 10000 steps, 20 ps

comm-mode angular will give incorrect results when the comm group partially crosses a periodic boundary
Using 1 MPI thread
Using 1 OpenMP thread 


NOTE: Thread affinity was not set.

Back Off! I just backed up traj.trr to ./#traj.trr.1#

Back Off! I just backed up ener.edr to ./#ener.edr.1#
starting mdrun 'Generated by trjconv : Generated by trjconv : Alanine in vacuum in water t= 4500.00000'
10000 steps,     20.0 ps.

Writing final coordinates.

Back Off! I just backed up confout.gro to ./#confout.gro.1#

               Core t (s)   Wall t (s)        (%)
       Time:        2.056        2.056      100.0
                 (ns/day)    (hour/ns)
Performance:      840.451        0.029

GROMACS reminds you: "Being Great is Not So Good" (Red Hot Chili Peppers)


# Integration error:        3.70

 -------------- BaysOpt loop, query 88 ---------------
going to run a simulation at -1.8849555920000378 -2.701769681999987 
# Integrating             - Simpson's rule + Real Space Grid Mini     :-) GROMACS - gmx mdrun, 2023.2-EasyBuild_4.9.0_PLUMED_2.9.0.GMX2023 (-:

Executable:   /sw/arch/RHEL8/EB_production/2023/software/GROMACS/2023.2-foss-2023a-PLUMED-2.9.0.GMX2023/bin/gmx
Data prefix:  /sw/arch/RHEL8/EB_production/2023/software/GROMACS/2023.2-foss-2023a-PLUMED-2.9.0.GMX2023
Working dir:  /gpfs/home1/ekempkes/adipep_buq_short/result_Matern52_ls_0.75_kappa400_w_0.1_n0.0_queries_100_full
Command line:
  gmx mdrun -s simulations_essentials/md.tpr -plumed Colvars/plumed_2.011_0.754.dat -nsteps 10000 -x Colvars/traj_2.011_0.754.xtc


Back Off! I just backed up md.log to ./#md.log.1#
Reading file simulations_essentials/md.tpr, VERSION 2022.5-plumed_2.9.3 (single precision)
Note: file tpx version 127, software tpx version 129

NOTE: Parallelization is limited by the small number of atoms,
      only starting 1 thread-MPI ranks.
      You can use the -nt and/or -ntmpi option to optimize the number of threads.

Overriding nsteps with value passed on the command line: 10000 steps, 20 ps

comm-mode angular will give incorrect results when the comm group partially crosses a periodic boundary
Using 1 MPI thread
Using 1 OpenMP thread 


NOTE: Thread affinity was not set.

Back Off! I just backed up traj.trr to ./#traj.trr.1#

Back Off! I just backed up ener.edr to ./#ener.edr.1#
starting mdrun 'Generated by trjconv : Generated by trjconv : Alanine in vacuum in water t= 4500.00000'
10000 steps,     20.0 ps.

Writing final coordinates.

Back Off! I just backed up confout.gro to ./#confout.gro.1#

               Core t (s)   Wall t (s)        (%)
       Time:        2.023        2.023      100.0
                 (ns/day)    (hour/ns)
Performance:      854.168        0.028

GROMACS reminds you: "Why would I pay GitHub $100/year for an AI to tell me what code to write when men do it for free?" (Safia Abdalla)


# Integration error:        3.90

 -------------- BaysOpt loop, query 89 ---------------
going to run a simulation at 2.0106192979999813 0.753982236999984 
# Integrating             - Simpson's rule + Real Space Grid Mini     :-) GROMACS - gmx mdrun, 2023.2-EasyBuild_4.9.0_PLUMED_2.9.0.GMX2023 (-:

Executable:   /sw/arch/RHEL8/EB_production/2023/software/GROMACS/2023.2-foss-2023a-PLUMED-2.9.0.GMX2023/bin/gmx
Data prefix:  /sw/arch/RHEL8/EB_production/2023/software/GROMACS/2023.2-foss-2023a-PLUMED-2.9.0.GMX2023
Working dir:  /gpfs/home1/ekempkes/adipep_buq_short/result_Matern52_ls_0.75_kappa400_w_0.1_n0.0_queries_100_full
Command line:
  gmx mdrun -s simulations_essentials/md.tpr -plumed Colvars/plumed_1.948_-0.251.dat -nsteps 10000 -x Colvars/traj_1.948_-0.251.xtc


Back Off! I just backed up md.log to ./#md.log.1#
Reading file simulations_essentials/md.tpr, VERSION 2022.5-plumed_2.9.3 (single precision)
Note: file tpx version 127, software tpx version 129

NOTE: Parallelization is limited by the small number of atoms,
      only starting 1 thread-MPI ranks.
      You can use the -nt and/or -ntmpi option to optimize the number of threads.

Overriding nsteps with value passed on the command line: 10000 steps, 20 ps

comm-mode angular will give incorrect results when the comm group partially crosses a periodic boundary
Using 1 MPI thread
Using 1 OpenMP thread 


NOTE: Thread affinity was not set.

Back Off! I just backed up traj.trr to ./#traj.trr.1#

Back Off! I just backed up ener.edr to ./#ener.edr.1#
starting mdrun 'Generated by trjconv : Generated by trjconv : Alanine in vacuum in water t= 4500.00000'
10000 steps,     20.0 ps.

Writing final coordinates.

Back Off! I just backed up confout.gro to ./#confout.gro.1#

               Core t (s)   Wall t (s)        (%)
       Time:        2.038        2.038      100.0
                 (ns/day)    (hour/ns)
Performance:      848.076        0.028

GROMACS reminds you: "We ignore public understanding of science at our peril." (Eugenie Clark)


# Integration error:        3.71

 -------------- BaysOpt loop, query 90 ---------------
going to run a simulation at 1.9477874449999604 -0.25132741199999636 
# Integrating             - Simpson's rule + Real Space Grid Mini     :-) GROMACS - gmx mdrun, 2023.2-EasyBuild_4.9.0_PLUMED_2.9.0.GMX2023 (-:

Executable:   /sw/arch/RHEL8/EB_production/2023/software/GROMACS/2023.2-foss-2023a-PLUMED-2.9.0.GMX2023/bin/gmx
Data prefix:  /sw/arch/RHEL8/EB_production/2023/software/GROMACS/2023.2-foss-2023a-PLUMED-2.9.0.GMX2023
Working dir:  /gpfs/home1/ekempkes/adipep_buq_short/result_Matern52_ls_0.75_kappa400_w_0.1_n0.0_queries_100_full
Command line:
  gmx mdrun -s simulations_essentials/md.tpr -plumed Colvars/plumed_1.257_-1.194.dat -nsteps 10000 -x Colvars/traj_1.257_-1.194.xtc


Back Off! I just backed up md.log to ./#md.log.1#
Reading file simulations_essentials/md.tpr, VERSION 2022.5-plumed_2.9.3 (single precision)
Note: file tpx version 127, software tpx version 129

NOTE: Parallelization is limited by the small number of atoms,
      only starting 1 thread-MPI ranks.
      You can use the -nt and/or -ntmpi option to optimize the number of threads.

Overriding nsteps with value passed on the command line: 10000 steps, 20 ps

comm-mode angular will give incorrect results when the comm group partially crosses a periodic boundary
Using 1 MPI thread
Using 1 OpenMP thread 


NOTE: Thread affinity was not set.

Back Off! I just backed up traj.trr to ./#traj.trr.1#

Back Off! I just backed up ener.edr to ./#ener.edr.1#
starting mdrun 'Generated by trjconv : Generated by trjconv : Alanine in vacuum in water t= 4500.00000'
10000 steps,     20.0 ps.

Writing final coordinates.

Back Off! I just backed up confout.gro to ./#confout.gro.1#

               Core t (s)   Wall t (s)        (%)
       Time:        2.039        2.039      100.0
                 (ns/day)    (hour/ns)
Performance:      847.606        0.028

GROMACS reminds you: "This work contains many things which are new and interesting. Unfortunately, everything that is new is not interesting, and everything which is interesting, is not new." (Lev Landau)


# Integration error:        3.68

 -------------- BaysOpt loop, query 91 ---------------
going to run a simulation at 1.2566370609999933 -1.1938052079999777 
# Integrating             - Simpson's rule + Real Space Grid Mini     :-) GROMACS - gmx mdrun, 2023.2-EasyBuild_4.9.0_PLUMED_2.9.0.GMX2023 (-:

Executable:   /sw/arch/RHEL8/EB_production/2023/software/GROMACS/2023.2-foss-2023a-PLUMED-2.9.0.GMX2023/bin/gmx
Data prefix:  /sw/arch/RHEL8/EB_production/2023/software/GROMACS/2023.2-foss-2023a-PLUMED-2.9.0.GMX2023
Working dir:  /gpfs/home1/ekempkes/adipep_buq_short/result_Matern52_ls_0.75_kappa400_w_0.1_n0.0_queries_100_full
Command line:
  gmx mdrun -s simulations_essentials/md.tpr -plumed Colvars/plumed_1.319_-2.011.dat -nsteps 10000 -x Colvars/traj_1.319_-2.011.xtc


Back Off! I just backed up md.log to ./#md.log.1#
Reading file simulations_essentials/md.tpr, VERSION 2022.5-plumed_2.9.3 (single precision)
Note: file tpx version 127, software tpx version 129

NOTE: Parallelization is limited by the small number of atoms,
      only starting 1 thread-MPI ranks.
      You can use the -nt and/or -ntmpi option to optimize the number of threads.

Overriding nsteps with value passed on the command line: 10000 steps, 20 ps

comm-mode angular will give incorrect results when the comm group partially crosses a periodic boundary
Using 1 MPI thread
Using 1 OpenMP thread 


NOTE: Thread affinity was not set.

Back Off! I just backed up traj.trr to ./#traj.trr.1#

Back Off! I just backed up ener.edr to ./#ener.edr.1#
starting mdrun 'Generated by trjconv : Generated by trjconv : Alanine in vacuum in water t= 4500.00000'
10000 steps,     20.0 ps.

Writing final coordinates.

Back Off! I just backed up confout.gro to ./#confout.gro.1#

               Core t (s)   Wall t (s)        (%)
       Time:        2.021        2.021      100.0
                 (ns/day)    (hour/ns)
Performance:      855.268        0.028

GROMACS reminds you: "Got Coffee, Got Donuts, Got Wasted" (F. Black)


# Integration error:        3.73

 -------------- BaysOpt loop, query 92 ---------------
going to run a simulation at 1.3194689150000116 -2.0106192979999813 
# Integrating             - Simpson's rule + Real Space Grid Mini     :-) GROMACS - gmx mdrun, 2023.2-EasyBuild_4.9.0_PLUMED_2.9.0.GMX2023 (-:

Executable:   /sw/arch/RHEL8/EB_production/2023/software/GROMACS/2023.2-foss-2023a-PLUMED-2.9.0.GMX2023/bin/gmx
Data prefix:  /sw/arch/RHEL8/EB_production/2023/software/GROMACS/2023.2-foss-2023a-PLUMED-2.9.0.GMX2023
Working dir:  /gpfs/home1/ekempkes/adipep_buq_short/result_Matern52_ls_0.75_kappa400_w_0.1_n0.0_queries_100_full
Command line:
  gmx mdrun -s simulations_essentials/md.tpr -plumed Colvars/plumed_0.126_1.948.dat -nsteps 10000 -x Colvars/traj_0.126_1.948.xtc


Back Off! I just backed up md.log to ./#md.log.1#
Reading file simulations_essentials/md.tpr, VERSION 2022.5-plumed_2.9.3 (single precision)
Note: file tpx version 127, software tpx version 129

NOTE: Parallelization is limited by the small number of atoms,
      only starting 1 thread-MPI ranks.
      You can use the -nt and/or -ntmpi option to optimize the number of threads.

Overriding nsteps with value passed on the command line: 10000 steps, 20 ps

comm-mode angular will give incorrect results when the comm group partially crosses a periodic boundary
Using 1 MPI thread
Using 1 OpenMP thread 


NOTE: Thread affinity was not set.

Back Off! I just backed up traj.trr to ./#traj.trr.1#

Back Off! I just backed up ener.edr to ./#ener.edr.1#
starting mdrun 'Generated by trjconv : Generated by trjconv : Alanine in vacuum in water t= 4500.00000'
10000 steps,     20.0 ps.

Writing final coordinates.

Back Off! I just backed up confout.gro to ./#confout.gro.1#

               Core t (s)   Wall t (s)        (%)
       Time:        2.063        2.063      100.0
                 (ns/day)    (hour/ns)
Performance:      837.847        0.029

GROMACS reminds you: "Player Sleeps With the Fishes" (Ein Bekanntes Spiel Von ID Software)


# Integration error:        3.72

 -------------- BaysOpt loop, query 93 ---------------
going to run a simulation at 0.12566370599999818 1.9477874449999604 
# Integrating             - Simpson's rule + Real Space Grid Mini     :-) GROMACS - gmx mdrun, 2023.2-EasyBuild_4.9.0_PLUMED_2.9.0.GMX2023 (-:

Executable:   /sw/arch/RHEL8/EB_production/2023/software/GROMACS/2023.2-foss-2023a-PLUMED-2.9.0.GMX2023/bin/gmx
Data prefix:  /sw/arch/RHEL8/EB_production/2023/software/GROMACS/2023.2-foss-2023a-PLUMED-2.9.0.GMX2023
Working dir:  /gpfs/home1/ekempkes/adipep_buq_short/result_Matern52_ls_0.75_kappa400_w_0.1_n0.0_queries_100_full
Command line:
  gmx mdrun -s simulations_essentials/md.tpr -plumed Colvars/plumed_2.890_1.194.dat -nsteps 10000 -x Colvars/traj_2.890_1.194.xtc


Back Off! I just backed up md.log to ./#md.log.1#
Reading file simulations_essentials/md.tpr, VERSION 2022.5-plumed_2.9.3 (single precision)
Note: file tpx version 127, software tpx version 129

NOTE: Parallelization is limited by the small number of atoms,
      only starting 1 thread-MPI ranks.
      You can use the -nt and/or -ntmpi option to optimize the number of threads.

Overriding nsteps with value passed on the command line: 10000 steps, 20 ps

comm-mode angular will give incorrect results when the comm group partially crosses a periodic boundary
Using 1 MPI thread
Using 1 OpenMP thread 


NOTE: Thread affinity was not set.

Back Off! I just backed up traj.trr to ./#traj.trr.1#

Back Off! I just backed up ener.edr to ./#ener.edr.1#
starting mdrun 'Generated by trjconv : Generated by trjconv : Alanine in vacuum in water t= 4500.00000'
10000 steps,     20.0 ps.

Writing final coordinates.

Back Off! I just backed up confout.gro to ./#confout.gro.1#

               Core t (s)   Wall t (s)        (%)
       Time:        2.019        2.019      100.0
                 (ns/day)    (hour/ns)
Performance:      856.028        0.028

GROMACS reminds you: "Our struggle today is not to have a female Einstein get appointed as an assistant professor. It is for a woman schlemiel to get as quickly promoted as a male schlemiel." (Bella Abzug)


# Integration error:        3.78

 -------------- BaysOpt loop, query 94 ---------------
going to run a simulation at 2.890265241000028 1.1938052079999777 
# Integrating             - Simpson's rule + Real Space Grid Mini     :-) GROMACS - gmx mdrun, 2023.2-EasyBuild_4.9.0_PLUMED_2.9.0.GMX2023 (-:

Executable:   /sw/arch/RHEL8/EB_production/2023/software/GROMACS/2023.2-foss-2023a-PLUMED-2.9.0.GMX2023/bin/gmx
Data prefix:  /sw/arch/RHEL8/EB_production/2023/software/GROMACS/2023.2-foss-2023a-PLUMED-2.9.0.GMX2023
Working dir:  /gpfs/home1/ekempkes/adipep_buq_short/result_Matern52_ls_0.75_kappa400_w_0.1_n0.0_queries_100_full
Command line:
  gmx mdrun -s simulations_essentials/md.tpr -plumed Colvars/plumed_-0.817_1.319.dat -nsteps 10000 -x Colvars/traj_-0.817_1.319.xtc


Back Off! I just backed up md.log to ./#md.log.1#
Reading file simulations_essentials/md.tpr, VERSION 2022.5-plumed_2.9.3 (single precision)
Note: file tpx version 127, software tpx version 129

NOTE: Parallelization is limited by the small number of atoms,
      only starting 1 thread-MPI ranks.
      You can use the -nt and/or -ntmpi option to optimize the number of threads.

Overriding nsteps with value passed on the command line: 10000 steps, 20 ps

comm-mode angular will give incorrect results when the comm group partially crosses a periodic boundary
Using 1 MPI thread
Using 1 OpenMP thread 


NOTE: Thread affinity was not set.

Back Off! I just backed up traj.trr to ./#traj.trr.1#

Back Off! I just backed up ener.edr to ./#ener.edr.1#
starting mdrun 'Generated by trjconv : Generated by trjconv : Alanine in vacuum in water t= 4500.00000'
10000 steps,     20.0 ps.

Writing final coordinates.

Back Off! I just backed up confout.gro to ./#confout.gro.1#

               Core t (s)   Wall t (s)        (%)
       Time:        2.012        2.012      100.0
                 (ns/day)    (hour/ns)
Performance:      858.789        0.028

GROMACS reminds you: "A tidy laboratory means a lazy chemist." (J.J. Berzelius)


# Integration error:        3.74

 -------------- BaysOpt loop, query 95 ---------------
going to run a simulation at -0.8168140899999872 1.3194689150000116 
# Integrating             - Simpson's rule + Real Space Grid Mini     :-) GROMACS - gmx mdrun, 2023.2-EasyBuild_4.9.0_PLUMED_2.9.0.GMX2023 (-:

Executable:   /sw/arch/RHEL8/EB_production/2023/software/GROMACS/2023.2-foss-2023a-PLUMED-2.9.0.GMX2023/bin/gmx
Data prefix:  /sw/arch/RHEL8/EB_production/2023/software/GROMACS/2023.2-foss-2023a-PLUMED-2.9.0.GMX2023
Working dir:  /gpfs/home1/ekempkes/adipep_buq_short/result_Matern52_ls_0.75_kappa400_w_0.1_n0.0_queries_100_full
Command line:
  gmx mdrun -s simulations_essentials/md.tpr -plumed Colvars/plumed_2.890_2.388.dat -nsteps 10000 -x Colvars/traj_2.890_2.388.xtc


Back Off! I just backed up md.log to ./#md.log.1#
Reading file simulations_essentials/md.tpr, VERSION 2022.5-plumed_2.9.3 (single precision)
Note: file tpx version 127, software tpx version 129

NOTE: Parallelization is limited by the small number of atoms,
      only starting 1 thread-MPI ranks.
      You can use the -nt and/or -ntmpi option to optimize the number of threads.

Overriding nsteps with value passed on the command line: 10000 steps, 20 ps

comm-mode angular will give incorrect results when the comm group partially crosses a periodic boundary
Using 1 MPI thread
Using 1 OpenMP thread 


NOTE: Thread affinity was not set.

Back Off! I just backed up traj.trr to ./#traj.trr.1#

Back Off! I just backed up ener.edr to ./#ener.edr.1#
starting mdrun 'Generated by trjconv : Generated by trjconv : Alanine in vacuum in water t= 4500.00000'
10000 steps,     20.0 ps.

Writing final coordinates.

Back Off! I just backed up confout.gro to ./#confout.gro.1#

               Core t (s)   Wall t (s)        (%)
       Time:        2.065        2.065      100.0
                 (ns/day)    (hour/ns)
Performance:      836.694        0.029

GROMACS reminds you: "The scientific method is an integral part of human intelligence, and when it has once been set at work it can only be dismissed by dismissing the intelligence itself" (George H. Mead)


# Integration error:        3.73

 -------------- BaysOpt loop, query 96 ---------------
going to run a simulation at 2.890265241000028 2.3876104169999515 
# Integrating             - Simpson's rule + Real Space Grid Mini     :-) GROMACS - gmx mdrun, 2023.2-EasyBuild_4.9.0_PLUMED_2.9.0.GMX2023 (-:

Executable:   /sw/arch/RHEL8/EB_production/2023/software/GROMACS/2023.2-foss-2023a-PLUMED-2.9.0.GMX2023/bin/gmx
Data prefix:  /sw/arch/RHEL8/EB_production/2023/software/GROMACS/2023.2-foss-2023a-PLUMED-2.9.0.GMX2023
Working dir:  /gpfs/home1/ekempkes/adipep_buq_short/result_Matern52_ls_0.75_kappa400_w_0.1_n0.0_queries_100_full
Command line:
  gmx mdrun -s simulations_essentials/md.tpr -plumed Colvars/plumed_2.702_-2.073.dat -nsteps 10000 -x Colvars/traj_2.702_-2.073.xtc


Back Off! I just backed up md.log to ./#md.log.1#
Reading file simulations_essentials/md.tpr, VERSION 2022.5-plumed_2.9.3 (single precision)
Note: file tpx version 127, software tpx version 129

NOTE: Parallelization is limited by the small number of atoms,
      only starting 1 thread-MPI ranks.
      You can use the -nt and/or -ntmpi option to optimize the number of threads.

Overriding nsteps with value passed on the command line: 10000 steps, 20 ps

comm-mode angular will give incorrect results when the comm group partially crosses a periodic boundary
Using 1 MPI thread
Using 1 OpenMP thread 


NOTE: Thread affinity was not set.

Back Off! I just backed up traj.trr to ./#traj.trr.1#

Back Off! I just backed up ener.edr to ./#ener.edr.1#
starting mdrun 'Generated by trjconv : Generated by trjconv : Alanine in vacuum in water t= 4500.00000'
10000 steps,     20.0 ps.

Writing final coordinates.

Back Off! I just backed up confout.gro to ./#confout.gro.1#

               Core t (s)   Wall t (s)        (%)
       Time:        2.047        2.047      100.0
                 (ns/day)    (hour/ns)
Performance:      844.129        0.028

GROMACS reminds you: "Watch Out Where the Huskies Go" (F. Zappa)


# Integration error:        3.72

 -------------- BaysOpt loop, query 97 ---------------
going to run a simulation at 2.701769681999987 -2.0734511509999756 
# Integrating             - Simpson's rule + Real Space Grid Mini     :-) GROMACS - gmx mdrun, 2023.2-EasyBuild_4.9.0_PLUMED_2.9.0.GMX2023 (-:

Executable:   /sw/arch/RHEL8/EB_production/2023/software/GROMACS/2023.2-foss-2023a-PLUMED-2.9.0.GMX2023/bin/gmx
Data prefix:  /sw/arch/RHEL8/EB_production/2023/software/GROMACS/2023.2-foss-2023a-PLUMED-2.9.0.GMX2023
Working dir:  /gpfs/home1/ekempkes/adipep_buq_short/result_Matern52_ls_0.75_kappa400_w_0.1_n0.0_queries_100_full
Command line:
  gmx mdrun -s simulations_essentials/md.tpr -plumed Colvars/plumed_2.827_-2.890.dat -nsteps 10000 -x Colvars/traj_2.827_-2.890.xtc


Back Off! I just backed up md.log to ./#md.log.1#
Reading file simulations_essentials/md.tpr, VERSION 2022.5-plumed_2.9.3 (single precision)
Note: file tpx version 127, software tpx version 129

NOTE: Parallelization is limited by the small number of atoms,
      only starting 1 thread-MPI ranks.
      You can use the -nt and/or -ntmpi option to optimize the number of threads.

Overriding nsteps with value passed on the command line: 10000 steps, 20 ps

comm-mode angular will give incorrect results when the comm group partially crosses a periodic boundary
Using 1 MPI thread
Using 1 OpenMP thread 


NOTE: Thread affinity was not set.

Back Off! I just backed up traj.trr to ./#traj.trr.1#

Back Off! I just backed up ener.edr to ./#ener.edr.1#
starting mdrun 'Generated by trjconv : Generated by trjconv : Alanine in vacuum in water t= 4500.00000'
10000 steps,     20.0 ps.

Writing final coordinates.

Back Off! I just backed up confout.gro to ./#confout.gro.1#

               Core t (s)   Wall t (s)        (%)
       Time:        2.019        2.019      100.0
                 (ns/day)    (hour/ns)
Performance:      855.937        0.028

GROMACS reminds you: "I have noticed a large, negative correlation between having a well-defined mission workload and concern for the Top500. It's almost like LINPACK is what you focus on when you don't know what to focus on." (Jeff Hammond)


# Integration error:        3.74

 -------------- BaysOpt loop, query 98 ---------------
going to run a simulation at 2.8274333879999514 -2.890265241000028 
# Integrating             - Simpson's rule + Real Space Grid Mini     :-) GROMACS - gmx mdrun, 2023.2-EasyBuild_4.9.0_PLUMED_2.9.0.GMX2023 (-:

Executable:   /sw/arch/RHEL8/EB_production/2023/software/GROMACS/2023.2-foss-2023a-PLUMED-2.9.0.GMX2023/bin/gmx
Data prefix:  /sw/arch/RHEL8/EB_production/2023/software/GROMACS/2023.2-foss-2023a-PLUMED-2.9.0.GMX2023
Working dir:  /gpfs/home1/ekempkes/adipep_buq_short/result_Matern52_ls_0.75_kappa400_w_0.1_n0.0_queries_100_full
Command line:
  gmx mdrun -s simulations_essentials/md.tpr -plumed Colvars/plumed_2.890_-1.131.dat -nsteps 10000 -x Colvars/traj_2.890_-1.131.xtc


Back Off! I just backed up md.log to ./#md.log.1#
Reading file simulations_essentials/md.tpr, VERSION 2022.5-plumed_2.9.3 (single precision)
Note: file tpx version 127, software tpx version 129

NOTE: Parallelization is limited by the small number of atoms,
      only starting 1 thread-MPI ranks.
      You can use the -nt and/or -ntmpi option to optimize the number of threads.

Overriding nsteps with value passed on the command line: 10000 steps, 20 ps

comm-mode angular will give incorrect results when the comm group partially crosses a periodic boundary
Using 1 MPI thread
Using 1 OpenMP thread 


NOTE: Thread affinity was not set.

Back Off! I just backed up traj.trr to ./#traj.trr.1#

Back Off! I just backed up ener.edr to ./#ener.edr.1#
starting mdrun 'Generated by trjconv : Generated by trjconv : Alanine in vacuum in water t= 4500.00000'
10000 steps,     20.0 ps.

Writing final coordinates.

Back Off! I just backed up confout.gro to ./#confout.gro.1#

               Core t (s)   Wall t (s)        (%)
       Time:        2.038        2.038      100.0
                 (ns/day)    (hour/ns)
Performance:      847.862        0.028

GROMACS reminds you: "Never measure the height of a mountain until you have reached the top. Then you will see how low it was." (Dag Hammarskjold)


# Integration error:        3.71

 -------------- BaysOpt loop, query 99 ---------------
going to run a simulation at 2.890265241000028 -1.130973355000006 
# Integrating             - Simpson's rule + Real Space Grid Mini     :-) GROMACS - gmx mdrun, 2023.2-EasyBuild_4.9.0_PLUMED_2.9.0.GMX2023 (-:

Executable:   /sw/arch/RHEL8/EB_production/2023/software/GROMACS/2023.2-foss-2023a-PLUMED-2.9.0.GMX2023/bin/gmx
Data prefix:  /sw/arch/RHEL8/EB_production/2023/software/GROMACS/2023.2-foss-2023a-PLUMED-2.9.0.GMX2023
Working dir:  /gpfs/home1/ekempkes/adipep_buq_short/result_Matern52_ls_0.75_kappa400_w_0.1_n0.0_queries_100_full
Command line:
  gmx mdrun -s simulations_essentials/md.tpr -plumed Colvars/plumed_-2.890_-1.445.dat -nsteps 10000 -x Colvars/traj_-2.890_-1.445.xtc


Back Off! I just backed up md.log to ./#md.log.1#
Reading file simulations_essentials/md.tpr, VERSION 2022.5-plumed_2.9.3 (single precision)
Note: file tpx version 127, software tpx version 129

NOTE: Parallelization is limited by the small number of atoms,
      only starting 1 thread-MPI ranks.
      You can use the -nt and/or -ntmpi option to optimize the number of threads.

Overriding nsteps with value passed on the command line: 10000 steps, 20 ps

comm-mode angular will give incorrect results when the comm group partially crosses a periodic boundary
Using 1 MPI thread
Using 1 OpenMP thread 


NOTE: Thread affinity was not set.

Back Off! I just backed up traj.trr to ./#traj.trr.1#

Back Off! I just backed up ener.edr to ./#ener.edr.1#
starting mdrun 'Generated by trjconv : Generated by trjconv : Alanine in vacuum in water t= 4500.00000'
10000 steps,     20.0 ps.

Writing final coordinates.

Back Off! I just backed up confout.gro to ./#confout.gro.1#

               Core t (s)   Wall t (s)        (%)
       Time:        2.036        2.036      100.0
                 (ns/day)    (hour/ns)
Performance:      848.756        0.028

GROMACS reminds you: "Perl: The only language that looks the same before and after RSA encryption." (Keith Bostic)


# Integration error:        3.71

 -------------- BaysOpt loop, query 100 ---------------
going to run a simulation at -2.890265241000028 -1.4451326210000188 
# Integrating             - Simpson's rule + Real Space Grid Mini 
# Integration error:        3.72

# Integrating             - Simpson's rule + Real Space Grid Mini 
# Integration error:        3.72

Results saved to AD_Matern52kappa_400.0_ls_0.75_w_0.1_n0.0_acq_IVR_q_100_adipep.txt
