rm: cannot remove '*#*': No such file or directory
    :-) GROMACS - gmx mdrun, 2023.2-EasyBuild_4.9.0_PLUMED_2.9.0.GMX2023 (-:

Executable:   /sw/arch/RHEL8/EB_production/2023/software/GROMACS/2023.2-foss-2023a-PLUMED-2.9.0.GMX2023/bin/gmx
Data prefix:  /sw/arch/RHEL8/EB_production/2023/software/GROMACS/2023.2-foss-2023a-PLUMED-2.9.0.GMX2023
Working dir:  /gpfs/home1/ekempkes/adipep_buq_short/result_rerun_Matern52_ls_0.75_kappa200_w_0.1_n0.0_queries_100_full_2
Command line:
  gmx mdrun -s simulations_essentials/md.tpr -plumed Colvars/plumed_-1.508_1.194.dat -nsteps 10000 -x Colvars/traj_-1.508_1.194.xtc

Reading file simulations_essentials/md.tpr, VERSION 2022.5-plumed_2.9.3 (single precision)
Note: file tpx version 127, software tpx version 129

NOTE: Parallelization is limited by the small number of atoms,
      only starting 1 thread-MPI ranks.
      You can use the -nt and/or -ntmpi option to optimize the number of threads.

Overriding nsteps with value passed on the command line: 10000 steps, 20 ps

comm-mode angular will give incorrect results when the comm group partially crosses a periodic boundary
Using 1 MPI thread

Non-default thread affinity set, disabling internal thread affinity

Using 1 OpenMP thread 

starting mdrun 'Generated by trjconv : Generated by trjconv : Alanine in vacuum in water t= 4500.00000'
10000 steps,     20.0 ps.

Writing final coordinates.

               Core t (s)   Wall t (s)        (%)
       Time:        2.031        2.031      100.0
                 (ns/day)    (hour/ns)
Performance:      850.969        0.028

GROMACS reminds you: "After a few talks we usually sit down to do some work... or drinking." (Mike Klein)

rm: cannot remove '*#*': No such file or directory
    :-) GROMACS - gmx mdrun, 2023.2-EasyBuild_4.9.0_PLUMED_2.9.0.GMX2023 (-:

Executable:   /sw/arch/RHEL8/EB_production/2023/software/GROMACS/2023.2-foss-2023a-PLUMED-2.9.0.GMX2023/bin/gmx
Data prefix:  /sw/arch/RHEL8/EB_production/2023/software/GROMACS/2023.2-foss-2023a-PLUMED-2.9.0.GMX2023
Working dir:  /gpfs/home1/ekempkes/adipep_buq_short/result_rerun_Matern52_ls_0.75_kappa200_w_0.1_n0.0_queries_100_full_2
Command line:
  gmx mdrun -s simulations_essentials/md.tpr -plumed Colvars/plumed_0.880_-0.880.dat -nsteps 10000 -x Colvars/traj_0.880_-0.880.xtc


Back Off! I just backed up md.log to ./#md.log.1#
Reading file simulations_essentials/md.tpr, VERSION 2022.5-plumed_2.9.3 (single precision)
Note: file tpx version 127, software tpx version 129

NOTE: Parallelization is limited by the small number of atoms,
      only starting 1 thread-MPI ranks.
      You can use the -nt and/or -ntmpi option to optimize the number of threads.

Overriding nsteps with value passed on the command line: 10000 steps, 20 ps

comm-mode angular will give incorrect results when the comm group partially crosses a periodic boundary
Using 1 MPI thread

Non-default thread affinity set, disabling internal thread affinity

Using 1 OpenMP thread 


Back Off! I just backed up traj.trr to ./#traj.trr.1#

Back Off! I just backed up ener.edr to ./#ener.edr.1#
starting mdrun 'Generated by trjconv : Generated by trjconv : Alanine in vacuum in water t= 4500.00000'
10000 steps,     20.0 ps.

Writing final coordinates.

Back Off! I just backed up confout.gro to ./#confout.gro.1#

               Core t (s)   Wall t (s)        (%)
       Time:        2.046        2.047      100.0
                 (ns/day)    (hour/ns)
Performance:      844.416        0.028

GROMACS reminds you: "It is not critical to add the next quote to a patch release" (Paul Bauer)

 /home/ekempkes/.local/lib/python3.12/site-packages/paramz/transformations.py:111: RuntimeWarning:divide by zero encountered in log
Error occurred while running command: rm *#*
Command 'rm *#*' returned non-zero exit status 1.
Error occurred while running command: rm *#*
Command 'rm *#*' returned non-zero exit status 1.
# Integrating             - Simpson's rule + Real Space Grid Mini     :-) GROMACS - gmx mdrun, 2023.2-EasyBuild_4.9.0_PLUMED_2.9.0.GMX2023 (-:

Executable:   /sw/arch/RHEL8/EB_production/2023/software/GROMACS/2023.2-foss-2023a-PLUMED-2.9.0.GMX2023/bin/gmx
Data prefix:  /sw/arch/RHEL8/EB_production/2023/software/GROMACS/2023.2-foss-2023a-PLUMED-2.9.0.GMX2023
Working dir:  /gpfs/home1/ekempkes/adipep_buq_short/result_rerun_Matern52_ls_0.75_kappa200_w_0.1_n0.0_queries_100_full_2
Command line:
  gmx mdrun -s simulations_essentials/md.tpr -plumed Colvars/plumed_1.257_1.445.dat -nsteps 10000 -x Colvars/traj_1.257_1.445.xtc


Back Off! I just backed up md.log to ./#md.log.1#
Reading file simulations_essentials/md.tpr, VERSION 2022.5-plumed_2.9.3 (single precision)
Note: file tpx version 127, software tpx version 129

NOTE: Parallelization is limited by the small number of atoms,
      only starting 1 thread-MPI ranks.
      You can use the -nt and/or -ntmpi option to optimize the number of threads.

Overriding nsteps with value passed on the command line: 10000 steps, 20 ps

comm-mode angular will give incorrect results when the comm group partially crosses a periodic boundary
Using 1 MPI thread

Non-default thread affinity set, disabling internal thread affinity

Using 1 OpenMP thread 


Back Off! I just backed up traj.trr to ./#traj.trr.1#

Back Off! I just backed up ener.edr to ./#ener.edr.1#
starting mdrun 'Generated by trjconv : Generated by trjconv : Alanine in vacuum in water t= 4500.00000'
10000 steps,     20.0 ps.

Writing final coordinates.

Back Off! I just backed up confout.gro to ./#confout.gro.1#

               Core t (s)   Wall t (s)        (%)
       Time:        2.021        2.021      100.0
                 (ns/day)    (hour/ns)
Performance:      855.117        0.028

GROMACS reminds you: "Be less curious about people and more curious about ideas." (Marie Curie)


# Integration error:        1.14

 -------------- BaysOpt loop, query 1 ---------------
going to run a simulation at 1.2566370609999933 1.4451326210000188 
# Integrating             - Simpson's rule + Real Space Grid Mini  /gpfs/home1/ekempkes/adipep_buq_short/result_rerun_Matern52_ls_0.75_kappa200_w_0.1_n0.0_queries_100_full_2/helper_functions.py:377: UserWarning:Adding colorbar to a different Figure <Figure size 1800x600 with 6 Axes> than <Figure size 1600x1400 with 6 Axes> which fig.colorbar is called on.
    :-) GROMACS - gmx mdrun, 2023.2-EasyBuild_4.9.0_PLUMED_2.9.0.GMX2023 (-:

Executable:   /sw/arch/RHEL8/EB_production/2023/software/GROMACS/2023.2-foss-2023a-PLUMED-2.9.0.GMX2023/bin/gmx
Data prefix:  /sw/arch/RHEL8/EB_production/2023/software/GROMACS/2023.2-foss-2023a-PLUMED-2.9.0.GMX2023
Working dir:  /gpfs/home1/ekempkes/adipep_buq_short/result_rerun_Matern52_ls_0.75_kappa200_w_0.1_n0.0_queries_100_full_2
Command line:
  gmx mdrun -s simulations_essentials/md.tpr -plumed Colvars/plumed_-1.382_-1.382.dat -nsteps 10000 -x Colvars/traj_-1.382_-1.382.xtc


Back Off! I just backed up md.log to ./#md.log.1#
Reading file simulations_essentials/md.tpr, VERSION 2022.5-plumed_2.9.3 (single precision)
Note: file tpx version 127, software tpx version 129

NOTE: Parallelization is limited by the small number of atoms,
      only starting 1 thread-MPI ranks.
      You can use the -nt and/or -ntmpi option to optimize the number of threads.

Overriding nsteps with value passed on the command line: 10000 steps, 20 ps

comm-mode angular will give incorrect results when the comm group partially crosses a periodic boundary
Using 1 MPI thread

Non-default thread affinity set, disabling internal thread affinity

Using 1 OpenMP thread 


Back Off! I just backed up traj.trr to ./#traj.trr.1#

Back Off! I just backed up ener.edr to ./#ener.edr.1#
starting mdrun 'Generated by trjconv : Generated by trjconv : Alanine in vacuum in water t= 4500.00000'
10000 steps,     20.0 ps.

Writing final coordinates.

Back Off! I just backed up confout.gro to ./#confout.gro.1#

               Core t (s)   Wall t (s)        (%)
       Time:        2.062        2.062      100.0
                 (ns/day)    (hour/ns)
Performance:      838.196        0.029

GROMACS reminds you: "If I Wanted You to Understand This, I Would Explain it Better" (J. Cruijff)


# Integration error:        2.59

 -------------- BaysOpt loop, query 2 ---------------
going to run a simulation at -1.3823007680000294 -1.3823007680000294 
# Integrating             - Simpson's rule + Real Space Grid Mini     :-) GROMACS - gmx mdrun, 2023.2-EasyBuild_4.9.0_PLUMED_2.9.0.GMX2023 (-:

Executable:   /sw/arch/RHEL8/EB_production/2023/software/GROMACS/2023.2-foss-2023a-PLUMED-2.9.0.GMX2023/bin/gmx
Data prefix:  /sw/arch/RHEL8/EB_production/2023/software/GROMACS/2023.2-foss-2023a-PLUMED-2.9.0.GMX2023
Working dir:  /gpfs/home1/ekempkes/adipep_buq_short/result_rerun_Matern52_ls_0.75_kappa200_w_0.1_n0.0_queries_100_full_2
Command line:
  gmx mdrun -s simulations_essentials/md.tpr -plumed Colvars/plumed_2.011_-2.011.dat -nsteps 10000 -x Colvars/traj_2.011_-2.011.xtc


Back Off! I just backed up md.log to ./#md.log.1#
Reading file simulations_essentials/md.tpr, VERSION 2022.5-plumed_2.9.3 (single precision)
Note: file tpx version 127, software tpx version 129

NOTE: Parallelization is limited by the small number of atoms,
      only starting 1 thread-MPI ranks.
      You can use the -nt and/or -ntmpi option to optimize the number of threads.

Overriding nsteps with value passed on the command line: 10000 steps, 20 ps

comm-mode angular will give incorrect results when the comm group partially crosses a periodic boundary
Using 1 MPI thread

Non-default thread affinity set, disabling internal thread affinity

Using 1 OpenMP thread 


Back Off! I just backed up traj.trr to ./#traj.trr.1#

Back Off! I just backed up ener.edr to ./#ener.edr.1#
starting mdrun 'Generated by trjconv : Generated by trjconv : Alanine in vacuum in water t= 4500.00000'
10000 steps,     20.0 ps.

Writing final coordinates.

Back Off! I just backed up confout.gro to ./#confout.gro.1#

               Core t (s)   Wall t (s)        (%)
       Time:        2.010        2.010      100.0
                 (ns/day)    (hour/ns)
Performance:      859.657        0.028

GROMACS reminds you: "I ought to warn you, I have no faith" (Jane Eyre in Jane Eyre by Charlotte Bronte)


# Integration error:        3.33

 -------------- BaysOpt loop, query 3 ---------------
going to run a simulation at 2.0106192979999813 -2.0106192979999813 
# Integrating             - Simpson's rule + Real Space Grid Mini     :-) GROMACS - gmx mdrun, 2023.2-EasyBuild_4.9.0_PLUMED_2.9.0.GMX2023 (-:

Executable:   /sw/arch/RHEL8/EB_production/2023/software/GROMACS/2023.2-foss-2023a-PLUMED-2.9.0.GMX2023/bin/gmx
Data prefix:  /sw/arch/RHEL8/EB_production/2023/software/GROMACS/2023.2-foss-2023a-PLUMED-2.9.0.GMX2023
Working dir:  /gpfs/home1/ekempkes/adipep_buq_short/result_rerun_Matern52_ls_0.75_kappa200_w_0.1_n0.0_queries_100_full_2
Command line:
  gmx mdrun -s simulations_essentials/md.tpr -plumed Colvars/plumed_-0.188_0.377.dat -nsteps 10000 -x Colvars/traj_-0.188_0.377.xtc


Back Off! I just backed up md.log to ./#md.log.1#
Reading file simulations_essentials/md.tpr, VERSION 2022.5-plumed_2.9.3 (single precision)
Note: file tpx version 127, software tpx version 129

NOTE: Parallelization is limited by the small number of atoms,
      only starting 1 thread-MPI ranks.
      You can use the -nt and/or -ntmpi option to optimize the number of threads.

Overriding nsteps with value passed on the command line: 10000 steps, 20 ps

comm-mode angular will give incorrect results when the comm group partially crosses a periodic boundary
Using 1 MPI thread

Non-default thread affinity set, disabling internal thread affinity

Using 1 OpenMP thread 


Back Off! I just backed up traj.trr to ./#traj.trr.1#

Back Off! I just backed up ener.edr to ./#ener.edr.1#
starting mdrun 'Generated by trjconv : Generated by trjconv : Alanine in vacuum in water t= 4500.00000'
10000 steps,     20.0 ps.

Writing final coordinates.

Back Off! I just backed up confout.gro to ./#confout.gro.1#

               Core t (s)   Wall t (s)        (%)
       Time:        2.030        2.030      100.0
                 (ns/day)    (hour/ns)
Performance:      851.471        0.028

GROMACS reminds you: "Christianity may be OK between consenting adults in private but should not be taught to young children." (Francis Crick)


# Integration error:        4.27

 -------------- BaysOpt loop, query 4 ---------------
going to run a simulation at -0.18849555899999812 0.37699111799999624 
# Integrating             - Simpson's rule + Real Space Grid Mini     :-) GROMACS - gmx mdrun, 2023.2-EasyBuild_4.9.0_PLUMED_2.9.0.GMX2023 (-:

Executable:   /sw/arch/RHEL8/EB_production/2023/software/GROMACS/2023.2-foss-2023a-PLUMED-2.9.0.GMX2023/bin/gmx
Data prefix:  /sw/arch/RHEL8/EB_production/2023/software/GROMACS/2023.2-foss-2023a-PLUMED-2.9.0.GMX2023
Working dir:  /gpfs/home1/ekempkes/adipep_buq_short/result_rerun_Matern52_ls_0.75_kappa200_w_0.1_n0.0_queries_100_full_2
Command line:
  gmx mdrun -s simulations_essentials/md.tpr -plumed Colvars/plumed_2.262_0.126.dat -nsteps 10000 -x Colvars/traj_2.262_0.126.xtc


Back Off! I just backed up md.log to ./#md.log.1#
Reading file simulations_essentials/md.tpr, VERSION 2022.5-plumed_2.9.3 (single precision)
Note: file tpx version 127, software tpx version 129

NOTE: Parallelization is limited by the small number of atoms,
      only starting 1 thread-MPI ranks.
      You can use the -nt and/or -ntmpi option to optimize the number of threads.

Overriding nsteps with value passed on the command line: 10000 steps, 20 ps

comm-mode angular will give incorrect results when the comm group partially crosses a periodic boundary
Using 1 MPI thread

Non-default thread affinity set, disabling internal thread affinity

Using 1 OpenMP thread 


Back Off! I just backed up traj.trr to ./#traj.trr.1#

Back Off! I just backed up ener.edr to ./#ener.edr.1#
starting mdrun 'Generated by trjconv : Generated by trjconv : Alanine in vacuum in water t= 4500.00000'
10000 steps,     20.0 ps.

Writing final coordinates.

Back Off! I just backed up confout.gro to ./#confout.gro.1#

               Core t (s)   Wall t (s)        (%)
       Time:        2.117        2.118      100.0
                 (ns/day)    (hour/ns)
Performance:      816.098        0.029

GROMACS reminds you: "Your assumptions are your windows on the world. Scrub them off every once in a while, or the light won't come in." (Isaac Asimov)


# Integration error:        4.14

 -------------- BaysOpt loop, query 5 ---------------
going to run a simulation at 2.2619467110000038 0.12566370599999818 
# Integrating             - Simpson's rule + Real Space Grid Mini     :-) GROMACS - gmx mdrun, 2023.2-EasyBuild_4.9.0_PLUMED_2.9.0.GMX2023 (-:

Executable:   /sw/arch/RHEL8/EB_production/2023/software/GROMACS/2023.2-foss-2023a-PLUMED-2.9.0.GMX2023/bin/gmx
Data prefix:  /sw/arch/RHEL8/EB_production/2023/software/GROMACS/2023.2-foss-2023a-PLUMED-2.9.0.GMX2023
Working dir:  /gpfs/home1/ekempkes/adipep_buq_short/result_rerun_Matern52_ls_0.75_kappa200_w_0.1_n0.0_queries_100_full_2
Command line:
  gmx mdrun -s simulations_essentials/md.tpr -plumed Colvars/plumed_-0.314_2.325.dat -nsteps 10000 -x Colvars/traj_-0.314_2.325.xtc


Back Off! I just backed up md.log to ./#md.log.1#
Reading file simulations_essentials/md.tpr, VERSION 2022.5-plumed_2.9.3 (single precision)
Note: file tpx version 127, software tpx version 129

NOTE: Parallelization is limited by the small number of atoms,
      only starting 1 thread-MPI ranks.
      You can use the -nt and/or -ntmpi option to optimize the number of threads.

Overriding nsteps with value passed on the command line: 10000 steps, 20 ps

comm-mode angular will give incorrect results when the comm group partially crosses a periodic boundary
Using 1 MPI thread

Non-default thread affinity set, disabling internal thread affinity

Using 1 OpenMP thread 


Back Off! I just backed up traj.trr to ./#traj.trr.1#

Back Off! I just backed up ener.edr to ./#ener.edr.1#
starting mdrun 'Generated by trjconv : Generated by trjconv : Alanine in vacuum in water t= 4500.00000'
10000 steps,     20.0 ps.

Writing final coordinates.

Back Off! I just backed up confout.gro to ./#confout.gro.1#

               Core t (s)   Wall t (s)        (%)
       Time:        2.041        2.041      100.0
                 (ns/day)    (hour/ns)
Performance:      846.797        0.028

GROMACS reminds you: "You Fill Your Space So Sweet" (F. Apple)


# Integration error:        3.46

 -------------- BaysOpt loop, query 6 ---------------
going to run a simulation at -0.31415926500000063 2.3247785640000505 
# Integrating             - Simpson's rule + Real Space Grid Mini     :-) GROMACS - gmx mdrun, 2023.2-EasyBuild_4.9.0_PLUMED_2.9.0.GMX2023 (-:

Executable:   /sw/arch/RHEL8/EB_production/2023/software/GROMACS/2023.2-foss-2023a-PLUMED-2.9.0.GMX2023/bin/gmx
Data prefix:  /sw/arch/RHEL8/EB_production/2023/software/GROMACS/2023.2-foss-2023a-PLUMED-2.9.0.GMX2023
Working dir:  /gpfs/home1/ekempkes/adipep_buq_short/result_rerun_Matern52_ls_0.75_kappa200_w_0.1_n0.0_queries_100_full_2
Command line:
  gmx mdrun -s simulations_essentials/md.tpr -plumed Colvars/plumed_0.000_-2.262.dat -nsteps 10000 -x Colvars/traj_0.000_-2.262.xtc


Back Off! I just backed up md.log to ./#md.log.1#
Reading file simulations_essentials/md.tpr, VERSION 2022.5-plumed_2.9.3 (single precision)
Note: file tpx version 127, software tpx version 129

NOTE: Parallelization is limited by the small number of atoms,
      only starting 1 thread-MPI ranks.
      You can use the -nt and/or -ntmpi option to optimize the number of threads.

Overriding nsteps with value passed on the command line: 10000 steps, 20 ps

comm-mode angular will give incorrect results when the comm group partially crosses a periodic boundary
Using 1 MPI thread

Non-default thread affinity set, disabling internal thread affinity

Using 1 OpenMP thread 


Back Off! I just backed up traj.trr to ./#traj.trr.1#

Back Off! I just backed up ener.edr to ./#ener.edr.1#
starting mdrun 'Generated by trjconv : Generated by trjconv : Alanine in vacuum in water t= 4500.00000'
10000 steps,     20.0 ps.

Writing final coordinates.

Back Off! I just backed up confout.gro to ./#confout.gro.1#

               Core t (s)   Wall t (s)        (%)
       Time:        2.056        2.057      100.0
                 (ns/day)    (hour/ns)
Performance:      840.314        0.029

GROMACS reminds you: "That Was Cool" (Beavis and Butthead)


# Integration error:        3.27

 -------------- BaysOpt loop, query 7 ---------------
going to run a simulation at 0.0 -2.2619467110000038 
# Integrating             - Simpson's rule + Real Space Grid Mini     :-) GROMACS - gmx mdrun, 2023.2-EasyBuild_4.9.0_PLUMED_2.9.0.GMX2023 (-:

Executable:   /sw/arch/RHEL8/EB_production/2023/software/GROMACS/2023.2-foss-2023a-PLUMED-2.9.0.GMX2023/bin/gmx
Data prefix:  /sw/arch/RHEL8/EB_production/2023/software/GROMACS/2023.2-foss-2023a-PLUMED-2.9.0.GMX2023
Working dir:  /gpfs/home1/ekempkes/adipep_buq_short/result_rerun_Matern52_ls_0.75_kappa200_w_0.1_n0.0_queries_100_full_2
Command line:
  gmx mdrun -s simulations_essentials/md.tpr -plumed Colvars/plumed_-2.325_-0.188.dat -nsteps 10000 -x Colvars/traj_-2.325_-0.188.xtc


Back Off! I just backed up md.log to ./#md.log.1#
Reading file simulations_essentials/md.tpr, VERSION 2022.5-plumed_2.9.3 (single precision)
Note: file tpx version 127, software tpx version 129

NOTE: Parallelization is limited by the small number of atoms,
      only starting 1 thread-MPI ranks.
      You can use the -nt and/or -ntmpi option to optimize the number of threads.

Overriding nsteps with value passed on the command line: 10000 steps, 20 ps

comm-mode angular will give incorrect results when the comm group partially crosses a periodic boundary
Using 1 MPI thread

Non-default thread affinity set, disabling internal thread affinity

Using 1 OpenMP thread 


Back Off! I just backed up traj.trr to ./#traj.trr.1#

Back Off! I just backed up ener.edr to ./#ener.edr.1#
starting mdrun 'Generated by trjconv : Generated by trjconv : Alanine in vacuum in water t= 4500.00000'
10000 steps,     20.0 ps.

Writing final coordinates.

Back Off! I just backed up confout.gro to ./#confout.gro.1#

               Core t (s)   Wall t (s)        (%)
       Time:        2.009        2.010      100.0
                 (ns/day)    (hour/ns)
Performance:      859.989        0.028

GROMACS reminds you: "Almost without exception, the talented women I have known have believed they had less ability than they actually had. And almost without exception, the talented men I have known believed they had more." (Gregory Petsko)


# Integration error:        3.94

 -------------- BaysOpt loop, query 8 ---------------
going to run a simulation at -2.3247785640000505 -0.18849555899999812 
# Integrating             - Simpson's rule + Real Space Grid Mini     :-) GROMACS - gmx mdrun, 2023.2-EasyBuild_4.9.0_PLUMED_2.9.0.GMX2023 (-:

Executable:   /sw/arch/RHEL8/EB_production/2023/software/GROMACS/2023.2-foss-2023a-PLUMED-2.9.0.GMX2023/bin/gmx
Data prefix:  /sw/arch/RHEL8/EB_production/2023/software/GROMACS/2023.2-foss-2023a-PLUMED-2.9.0.GMX2023
Working dir:  /gpfs/home1/ekempkes/adipep_buq_short/result_rerun_Matern52_ls_0.75_kappa200_w_0.1_n0.0_queries_100_full_2
Command line:
  gmx mdrun -s simulations_essentials/md.tpr -plumed Colvars/plumed_-2.262_2.262.dat -nsteps 10000 -x Colvars/traj_-2.262_2.262.xtc


Back Off! I just backed up md.log to ./#md.log.1#
Reading file simulations_essentials/md.tpr, VERSION 2022.5-plumed_2.9.3 (single precision)
Note: file tpx version 127, software tpx version 129

NOTE: Parallelization is limited by the small number of atoms,
      only starting 1 thread-MPI ranks.
      You can use the -nt and/or -ntmpi option to optimize the number of threads.

Overriding nsteps with value passed on the command line: 10000 steps, 20 ps

comm-mode angular will give incorrect results when the comm group partially crosses a periodic boundary
Using 1 MPI thread

Non-default thread affinity set, disabling internal thread affinity

Using 1 OpenMP thread 


Back Off! I just backed up traj.trr to ./#traj.trr.1#

Back Off! I just backed up ener.edr to ./#ener.edr.1#
starting mdrun 'Generated by trjconv : Generated by trjconv : Alanine in vacuum in water t= 4500.00000'
10000 steps,     20.0 ps.

Writing final coordinates.

Back Off! I just backed up confout.gro to ./#confout.gro.1#

               Core t (s)   Wall t (s)        (%)
       Time:        2.101        2.101      100.0
                 (ns/day)    (hour/ns)
Performance:      822.507        0.029

GROMACS reminds you: "Science may never come up with a better office communication system than the coffee break." (Earl Wilson)


# Integration error:        3.97

 -------------- BaysOpt loop, query 9 ---------------
going to run a simulation at -2.2619467110000038 2.2619467110000038 
# Integrating             - Simpson's rule + Real Space Grid Mini     :-) GROMACS - gmx mdrun, 2023.2-EasyBuild_4.9.0_PLUMED_2.9.0.GMX2023 (-:

Executable:   /sw/arch/RHEL8/EB_production/2023/software/GROMACS/2023.2-foss-2023a-PLUMED-2.9.0.GMX2023/bin/gmx
Data prefix:  /sw/arch/RHEL8/EB_production/2023/software/GROMACS/2023.2-foss-2023a-PLUMED-2.9.0.GMX2023
Working dir:  /gpfs/home1/ekempkes/adipep_buq_short/result_rerun_Matern52_ls_0.75_kappa200_w_0.1_n0.0_queries_100_full_2
Command line:
  gmx mdrun -s simulations_essentials/md.tpr -plumed Colvars/plumed_2.262_2.262.dat -nsteps 10000 -x Colvars/traj_2.262_2.262.xtc


Back Off! I just backed up md.log to ./#md.log.1#
Reading file simulations_essentials/md.tpr, VERSION 2022.5-plumed_2.9.3 (single precision)
Note: file tpx version 127, software tpx version 129

NOTE: Parallelization is limited by the small number of atoms,
      only starting 1 thread-MPI ranks.
      You can use the -nt and/or -ntmpi option to optimize the number of threads.

Overriding nsteps with value passed on the command line: 10000 steps, 20 ps

comm-mode angular will give incorrect results when the comm group partially crosses a periodic boundary
Using 1 MPI thread

Non-default thread affinity set, disabling internal thread affinity

Using 1 OpenMP thread 


Back Off! I just backed up traj.trr to ./#traj.trr.1#

Back Off! I just backed up ener.edr to ./#ener.edr.1#
starting mdrun 'Generated by trjconv : Generated by trjconv : Alanine in vacuum in water t= 4500.00000'
10000 steps,     20.0 ps.

Writing final coordinates.

Back Off! I just backed up confout.gro to ./#confout.gro.1#

               Core t (s)   Wall t (s)        (%)
       Time:        2.051        2.051      100.0
                 (ns/day)    (hour/ns)
Performance:      842.483        0.028

GROMACS reminds you: "I Live the Life They Wish They Did" (Tricky)


# Integration error:        3.94

 -------------- BaysOpt loop, query 10 ---------------
going to run a simulation at 2.2619467110000038 2.2619467110000038 
# Integrating             - Simpson's rule + Real Space Grid Mini  /gpfs/home1/ekempkes/adipep_buq_short/result_rerun_Matern52_ls_0.75_kappa200_w_0.1_n0.0_queries_100_full_2/helper_functions.py:331: RuntimeWarning:More than 20 figures have been opened. Figures created through the pyplot interface (`matplotlib.pyplot.figure`) are retained until explicitly closed and may consume too much memory. (To control this warning, see the rcParam `figure.max_open_warning`). Consider using `matplotlib.pyplot.close()`.
    :-) GROMACS - gmx mdrun, 2023.2-EasyBuild_4.9.0_PLUMED_2.9.0.GMX2023 (-:

Executable:   /sw/arch/RHEL8/EB_production/2023/software/GROMACS/2023.2-foss-2023a-PLUMED-2.9.0.GMX2023/bin/gmx
Data prefix:  /sw/arch/RHEL8/EB_production/2023/software/GROMACS/2023.2-foss-2023a-PLUMED-2.9.0.GMX2023
Working dir:  /gpfs/home1/ekempkes/adipep_buq_short/result_rerun_Matern52_ls_0.75_kappa200_w_0.1_n0.0_queries_100_full_2
Command line:
  gmx mdrun -s simulations_essentials/md.tpr -plumed Colvars/plumed_-2.262_-2.325.dat -nsteps 10000 -x Colvars/traj_-2.262_-2.325.xtc


Back Off! I just backed up md.log to ./#md.log.1#
Reading file simulations_essentials/md.tpr, VERSION 2022.5-plumed_2.9.3 (single precision)
Note: file tpx version 127, software tpx version 129

NOTE: Parallelization is limited by the small number of atoms,
      only starting 1 thread-MPI ranks.
      You can use the -nt and/or -ntmpi option to optimize the number of threads.

Overriding nsteps with value passed on the command line: 10000 steps, 20 ps

comm-mode angular will give incorrect results when the comm group partially crosses a periodic boundary
Using 1 MPI thread

Non-default thread affinity set, disabling internal thread affinity

Using 1 OpenMP thread 


Back Off! I just backed up traj.trr to ./#traj.trr.1#

Back Off! I just backed up ener.edr to ./#ener.edr.1#
starting mdrun 'Generated by trjconv : Generated by trjconv : Alanine in vacuum in water t= 4500.00000'
10000 steps,     20.0 ps.

Writing final coordinates.

Back Off! I just backed up confout.gro to ./#confout.gro.1#

               Core t (s)   Wall t (s)        (%)
       Time:        2.038        2.038      100.0
                 (ns/day)    (hour/ns)
Performance:      847.986        0.028

GROMACS reminds you: "You can get into a habit of thought in which you enjoy making fun of all those other people who don't see things as clearly as you do. We have to guard carefully against it." (Carl Sagan)


# Integration error:        4.12

 -------------- BaysOpt loop, query 11 ---------------
going to run a simulation at -2.2619467110000038 -2.3247785640000505 
# Integrating             - Simpson's rule + Real Space Grid Mini     :-) GROMACS - gmx mdrun, 2023.2-EasyBuild_4.9.0_PLUMED_2.9.0.GMX2023 (-:

Executable:   /sw/arch/RHEL8/EB_production/2023/software/GROMACS/2023.2-foss-2023a-PLUMED-2.9.0.GMX2023/bin/gmx
Data prefix:  /sw/arch/RHEL8/EB_production/2023/software/GROMACS/2023.2-foss-2023a-PLUMED-2.9.0.GMX2023
Working dir:  /gpfs/home1/ekempkes/adipep_buq_short/result_rerun_Matern52_ls_0.75_kappa200_w_0.1_n0.0_queries_100_full_2
Command line:
  gmx mdrun -s simulations_essentials/md.tpr -plumed Colvars/plumed_-0.565_-0.691.dat -nsteps 10000 -x Colvars/traj_-0.565_-0.691.xtc


Back Off! I just backed up md.log to ./#md.log.1#
Reading file simulations_essentials/md.tpr, VERSION 2022.5-plumed_2.9.3 (single precision)
Note: file tpx version 127, software tpx version 129

NOTE: Parallelization is limited by the small number of atoms,
      only starting 1 thread-MPI ranks.
      You can use the -nt and/or -ntmpi option to optimize the number of threads.

Overriding nsteps with value passed on the command line: 10000 steps, 20 ps

comm-mode angular will give incorrect results when the comm group partially crosses a periodic boundary
Using 1 MPI thread

Non-default thread affinity set, disabling internal thread affinity

Using 1 OpenMP thread 


Back Off! I just backed up traj.trr to ./#traj.trr.1#

Back Off! I just backed up ener.edr to ./#ener.edr.1#
starting mdrun 'Generated by trjconv : Generated by trjconv : Alanine in vacuum in water t= 4500.00000'
10000 steps,     20.0 ps.

Writing final coordinates.

Back Off! I just backed up confout.gro to ./#confout.gro.1#

               Core t (s)   Wall t (s)        (%)
       Time:        2.022        2.022      100.0
                 (ns/day)    (hour/ns)
Performance:      854.637        0.028

GROMACS reminds you: "What about my nose?" (Aneesur Rahman, responding to an Argonne manager arguing the long hair of Charles Bennett in his group was disreputing the lab; Retold by Michael Klein)


# Integration error:        4.74

 -------------- BaysOpt loop, query 12 ---------------
going to run a simulation at -0.5654866780000047 -0.6911503840000147 
# Integrating             - Simpson's rule + Real Space Grid Mini     :-) GROMACS - gmx mdrun, 2023.2-EasyBuild_4.9.0_PLUMED_2.9.0.GMX2023 (-:

Executable:   /sw/arch/RHEL8/EB_production/2023/software/GROMACS/2023.2-foss-2023a-PLUMED-2.9.0.GMX2023/bin/gmx
Data prefix:  /sw/arch/RHEL8/EB_production/2023/software/GROMACS/2023.2-foss-2023a-PLUMED-2.9.0.GMX2023
Working dir:  /gpfs/home1/ekempkes/adipep_buq_short/result_rerun_Matern52_ls_0.75_kappa200_w_0.1_n0.0_queries_100_full_2
Command line:
  gmx mdrun -s simulations_essentials/md.tpr -plumed Colvars/plumed_2.513_-1.005.dat -nsteps 10000 -x Colvars/traj_2.513_-1.005.xtc


Back Off! I just backed up md.log to ./#md.log.1#
Reading file simulations_essentials/md.tpr, VERSION 2022.5-plumed_2.9.3 (single precision)
Note: file tpx version 127, software tpx version 129

NOTE: Parallelization is limited by the small number of atoms,
      only starting 1 thread-MPI ranks.
      You can use the -nt and/or -ntmpi option to optimize the number of threads.

Overriding nsteps with value passed on the command line: 10000 steps, 20 ps

comm-mode angular will give incorrect results when the comm group partially crosses a periodic boundary
Using 1 MPI thread

Non-default thread affinity set, disabling internal thread affinity

Using 1 OpenMP thread 


Back Off! I just backed up traj.trr to ./#traj.trr.1#

Back Off! I just backed up ener.edr to ./#ener.edr.1#
starting mdrun 'Generated by trjconv : Generated by trjconv : Alanine in vacuum in water t= 4500.00000'
10000 steps,     20.0 ps.

Writing final coordinates.

Back Off! I just backed up confout.gro to ./#confout.gro.1#

               Core t (s)   Wall t (s)        (%)
       Time:        2.015        2.015      100.0
                 (ns/day)    (hour/ns)
Performance:      857.775        0.028

GROMACS reminds you: "I Got a Forty Dollar Bill" (F. Zappa)


# Integration error:        4.95

 -------------- BaysOpt loop, query 13 ---------------
going to run a simulation at 2.513274122999977 -1.0053096489999906 
# Integrating             - Simpson's rule + Real Space Grid Mini     :-) GROMACS - gmx mdrun, 2023.2-EasyBuild_4.9.0_PLUMED_2.9.0.GMX2023 (-:

Executable:   /sw/arch/RHEL8/EB_production/2023/software/GROMACS/2023.2-foss-2023a-PLUMED-2.9.0.GMX2023/bin/gmx
Data prefix:  /sw/arch/RHEL8/EB_production/2023/software/GROMACS/2023.2-foss-2023a-PLUMED-2.9.0.GMX2023
Working dir:  /gpfs/home1/ekempkes/adipep_buq_short/result_rerun_Matern52_ls_0.75_kappa200_w_0.1_n0.0_queries_100_full_2
Command line:
  gmx mdrun -s simulations_essentials/md.tpr -plumed Colvars/plumed_1.194_-2.639.dat -nsteps 10000 -x Colvars/traj_1.194_-2.639.xtc


Back Off! I just backed up md.log to ./#md.log.1#
Reading file simulations_essentials/md.tpr, VERSION 2022.5-plumed_2.9.3 (single precision)
Note: file tpx version 127, software tpx version 129

NOTE: Parallelization is limited by the small number of atoms,
      only starting 1 thread-MPI ranks.
      You can use the -nt and/or -ntmpi option to optimize the number of threads.

Overriding nsteps with value passed on the command line: 10000 steps, 20 ps

comm-mode angular will give incorrect results when the comm group partially crosses a periodic boundary
Using 1 MPI thread

Non-default thread affinity set, disabling internal thread affinity

Using 1 OpenMP thread 


Back Off! I just backed up traj.trr to ./#traj.trr.1#

Back Off! I just backed up ener.edr to ./#ener.edr.1#
starting mdrun 'Generated by trjconv : Generated by trjconv : Alanine in vacuum in water t= 4500.00000'
10000 steps,     20.0 ps.

Writing final coordinates.

Back Off! I just backed up confout.gro to ./#confout.gro.1#

               Core t (s)   Wall t (s)        (%)
       Time:        2.050        2.050      100.0
                 (ns/day)    (hour/ns)
Performance:      843.106        0.028

GROMACS reminds you: "We had the quaint notion at the time that software should be completely, absolutely free of bugs. Unfortunately it's a notion that never really quite caught on." (Mary Allen Wilkes)


# Integration error:        6.33

 -------------- BaysOpt loop, query 14 ---------------
going to run a simulation at 1.1938052079999777 -2.6389378290000334 
# Integrating             - Simpson's rule + Real Space Grid Mini     :-) GROMACS - gmx mdrun, 2023.2-EasyBuild_4.9.0_PLUMED_2.9.0.GMX2023 (-:

Executable:   /sw/arch/RHEL8/EB_production/2023/software/GROMACS/2023.2-foss-2023a-PLUMED-2.9.0.GMX2023/bin/gmx
Data prefix:  /sw/arch/RHEL8/EB_production/2023/software/GROMACS/2023.2-foss-2023a-PLUMED-2.9.0.GMX2023
Working dir:  /gpfs/home1/ekempkes/adipep_buq_short/result_rerun_Matern52_ls_0.75_kappa200_w_0.1_n0.0_queries_100_full_2
Command line:
  gmx mdrun -s simulations_essentials/md.tpr -plumed Colvars/plumed_0.880_2.576.dat -nsteps 10000 -x Colvars/traj_0.880_2.576.xtc


Back Off! I just backed up md.log to ./#md.log.1#
Reading file simulations_essentials/md.tpr, VERSION 2022.5-plumed_2.9.3 (single precision)
Note: file tpx version 127, software tpx version 129

NOTE: Parallelization is limited by the small number of atoms,
      only starting 1 thread-MPI ranks.
      You can use the -nt and/or -ntmpi option to optimize the number of threads.

Overriding nsteps with value passed on the command line: 10000 steps, 20 ps

comm-mode angular will give incorrect results when the comm group partially crosses a periodic boundary
Using 1 MPI thread

Non-default thread affinity set, disabling internal thread affinity

Using 1 OpenMP thread 


Back Off! I just backed up traj.trr to ./#traj.trr.1#

Back Off! I just backed up ener.edr to ./#ener.edr.1#
starting mdrun 'Generated by trjconv : Generated by trjconv : Alanine in vacuum in water t= 4500.00000'
10000 steps,     20.0 ps.

Writing final coordinates.

Back Off! I just backed up confout.gro to ./#confout.gro.1#

               Core t (s)   Wall t (s)        (%)
       Time:        2.033        2.033      100.0
                 (ns/day)    (hour/ns)
Performance:      850.217        0.028

GROMACS reminds you: "The most exciting phrase to hear in science, the one that heralds new discoveries, is not "Eureka" but "That's funny..."." (Isaac Asimov)


# Integration error:        6.67

 -------------- BaysOpt loop, query 15 ---------------
going to run a simulation at 0.8796459430000121 2.576105975999961 
# Integrating             - Simpson's rule + Real Space Grid Mini     :-) GROMACS - gmx mdrun, 2023.2-EasyBuild_4.9.0_PLUMED_2.9.0.GMX2023 (-:

Executable:   /sw/arch/RHEL8/EB_production/2023/software/GROMACS/2023.2-foss-2023a-PLUMED-2.9.0.GMX2023/bin/gmx
Data prefix:  /sw/arch/RHEL8/EB_production/2023/software/GROMACS/2023.2-foss-2023a-PLUMED-2.9.0.GMX2023
Working dir:  /gpfs/home1/ekempkes/adipep_buq_short/result_rerun_Matern52_ls_0.75_kappa200_w_0.1_n0.0_queries_100_full_2
Command line:
  gmx mdrun -s simulations_essentials/md.tpr -plumed Colvars/plumed_1.005_0.377.dat -nsteps 10000 -x Colvars/traj_1.005_0.377.xtc


Back Off! I just backed up md.log to ./#md.log.1#
Reading file simulations_essentials/md.tpr, VERSION 2022.5-plumed_2.9.3 (single precision)
Note: file tpx version 127, software tpx version 129

NOTE: Parallelization is limited by the small number of atoms,
      only starting 1 thread-MPI ranks.
      You can use the -nt and/or -ntmpi option to optimize the number of threads.

Overriding nsteps with value passed on the command line: 10000 steps, 20 ps

comm-mode angular will give incorrect results when the comm group partially crosses a periodic boundary
Using 1 MPI thread

Non-default thread affinity set, disabling internal thread affinity

Using 1 OpenMP thread 


Back Off! I just backed up traj.trr to ./#traj.trr.1#

Back Off! I just backed up ener.edr to ./#ener.edr.1#
starting mdrun 'Generated by trjconv : Generated by trjconv : Alanine in vacuum in water t= 4500.00000'
10000 steps,     20.0 ps.

Writing final coordinates.

Back Off! I just backed up confout.gro to ./#confout.gro.1#

               Core t (s)   Wall t (s)        (%)
       Time:        2.029        2.029      100.0
                 (ns/day)    (hour/ns)
Performance:      851.757        0.028

GROMACS reminds you: "I'd be Safe and Warm if I was in L.A." (The Mamas and the Papas)


# Integration error:        8.38

 -------------- BaysOpt loop, query 16 ---------------
going to run a simulation at 1.0053096489999906 0.37699111799999624 
# Integrating             - Simpson's rule + Real Space Grid Mini     :-) GROMACS - gmx mdrun, 2023.2-EasyBuild_4.9.0_PLUMED_2.9.0.GMX2023 (-:

Executable:   /sw/arch/RHEL8/EB_production/2023/software/GROMACS/2023.2-foss-2023a-PLUMED-2.9.0.GMX2023/bin/gmx
Data prefix:  /sw/arch/RHEL8/EB_production/2023/software/GROMACS/2023.2-foss-2023a-PLUMED-2.9.0.GMX2023
Working dir:  /gpfs/home1/ekempkes/adipep_buq_short/result_rerun_Matern52_ls_0.75_kappa200_w_0.1_n0.0_queries_100_full_2
Command line:
  gmx mdrun -s simulations_essentials/md.tpr -plumed Colvars/plumed_2.639_1.194.dat -nsteps 10000 -x Colvars/traj_2.639_1.194.xtc


Back Off! I just backed up md.log to ./#md.log.1#
Reading file simulations_essentials/md.tpr, VERSION 2022.5-plumed_2.9.3 (single precision)
Note: file tpx version 127, software tpx version 129

NOTE: Parallelization is limited by the small number of atoms,
      only starting 1 thread-MPI ranks.
      You can use the -nt and/or -ntmpi option to optimize the number of threads.

Overriding nsteps with value passed on the command line: 10000 steps, 20 ps

comm-mode angular will give incorrect results when the comm group partially crosses a periodic boundary
Using 1 MPI thread

Non-default thread affinity set, disabling internal thread affinity

Using 1 OpenMP thread 


Back Off! I just backed up traj.trr to ./#traj.trr.1#

Back Off! I just backed up ener.edr to ./#ener.edr.1#
starting mdrun 'Generated by trjconv : Generated by trjconv : Alanine in vacuum in water t= 4500.00000'
10000 steps,     20.0 ps.

Writing final coordinates.

Back Off! I just backed up confout.gro to ./#confout.gro.1#

               Core t (s)   Wall t (s)        (%)
       Time:        2.026        2.026      100.0
                 (ns/day)    (hour/ns)
Performance:      852.831        0.028

GROMACS reminds you: "Sir, spare your threats: The bug which you would fright me with I seek." (Hermione, Act III, scene II of Shakespeare's Winter's Tale)


# Integration error:        8.38

 -------------- BaysOpt loop, query 17 ---------------
going to run a simulation at 2.6389378290000334 1.1938052079999777 
# Integrating             - Simpson's rule + Real Space Grid Mini     :-) GROMACS - gmx mdrun, 2023.2-EasyBuild_4.9.0_PLUMED_2.9.0.GMX2023 (-:

Executable:   /sw/arch/RHEL8/EB_production/2023/software/GROMACS/2023.2-foss-2023a-PLUMED-2.9.0.GMX2023/bin/gmx
Data prefix:  /sw/arch/RHEL8/EB_production/2023/software/GROMACS/2023.2-foss-2023a-PLUMED-2.9.0.GMX2023
Working dir:  /gpfs/home1/ekempkes/adipep_buq_short/result_rerun_Matern52_ls_0.75_kappa200_w_0.1_n0.0_queries_100_full_2
Command line:
  gmx mdrun -s simulations_essentials/md.tpr -plumed Colvars/plumed_-2.702_1.005.dat -nsteps 10000 -x Colvars/traj_-2.702_1.005.xtc


Back Off! I just backed up md.log to ./#md.log.1#
Reading file simulations_essentials/md.tpr, VERSION 2022.5-plumed_2.9.3 (single precision)
Note: file tpx version 127, software tpx version 129

NOTE: Parallelization is limited by the small number of atoms,
      only starting 1 thread-MPI ranks.
      You can use the -nt and/or -ntmpi option to optimize the number of threads.

Overriding nsteps with value passed on the command line: 10000 steps, 20 ps

comm-mode angular will give incorrect results when the comm group partially crosses a periodic boundary
Using 1 MPI thread

Non-default thread affinity set, disabling internal thread affinity

Using 1 OpenMP thread 


Back Off! I just backed up traj.trr to ./#traj.trr.1#

Back Off! I just backed up ener.edr to ./#ener.edr.1#
starting mdrun 'Generated by trjconv : Generated by trjconv : Alanine in vacuum in water t= 4500.00000'
10000 steps,     20.0 ps.

Writing final coordinates.

Back Off! I just backed up confout.gro to ./#confout.gro.1#

               Core t (s)   Wall t (s)        (%)
       Time:        2.087        2.087      100.0
                 (ns/day)    (hour/ns)
Performance:      828.107        0.029

GROMACS reminds you: "A good sign these days when you're listening to someone talk about this epidemic is the number of times they say 'We don't know yet'. The more of those, the better." (Derek Lowe)


# Integration error:        6.91

 -------------- BaysOpt loop, query 18 ---------------
going to run a simulation at -2.701769681999987 1.0053096489999906 
# Integrating             - Simpson's rule + Real Space Grid Mini     :-) GROMACS - gmx mdrun, 2023.2-EasyBuild_4.9.0_PLUMED_2.9.0.GMX2023 (-:

Executable:   /sw/arch/RHEL8/EB_production/2023/software/GROMACS/2023.2-foss-2023a-PLUMED-2.9.0.GMX2023/bin/gmx
Data prefix:  /sw/arch/RHEL8/EB_production/2023/software/GROMACS/2023.2-foss-2023a-PLUMED-2.9.0.GMX2023
Working dir:  /gpfs/home1/ekempkes/adipep_buq_short/result_rerun_Matern52_ls_0.75_kappa200_w_0.1_n0.0_queries_100_full_2
Command line:
  gmx mdrun -s simulations_essentials/md.tpr -plumed Colvars/plumed_-1.068_-2.639.dat -nsteps 10000 -x Colvars/traj_-1.068_-2.639.xtc


Back Off! I just backed up md.log to ./#md.log.1#
Reading file simulations_essentials/md.tpr, VERSION 2022.5-plumed_2.9.3 (single precision)
Note: file tpx version 127, software tpx version 129

NOTE: Parallelization is limited by the small number of atoms,
      only starting 1 thread-MPI ranks.
      You can use the -nt and/or -ntmpi option to optimize the number of threads.

Overriding nsteps with value passed on the command line: 10000 steps, 20 ps

comm-mode angular will give incorrect results when the comm group partially crosses a periodic boundary
Using 1 MPI thread

Non-default thread affinity set, disabling internal thread affinity

Using 1 OpenMP thread 


Back Off! I just backed up traj.trr to ./#traj.trr.1#

Back Off! I just backed up ener.edr to ./#ener.edr.1#
starting mdrun 'Generated by trjconv : Generated by trjconv : Alanine in vacuum in water t= 4500.00000'
10000 steps,     20.0 ps.

Writing final coordinates.

Back Off! I just backed up confout.gro to ./#confout.gro.1#

               Core t (s)   Wall t (s)        (%)
       Time:        2.017        2.017      100.0
                 (ns/day)    (hour/ns)
Performance:      856.784        0.028

GROMACS reminds you: "When you get right down to it, almost every explanation Man came up with for anything until about 1926 was stupid." (Dave Barry)


# Integration error:        7.30

 -------------- BaysOpt loop, query 19 ---------------
going to run a simulation at -1.0681415019999982 -2.6389378290000334 
# Integrating             - Simpson's rule + Real Space Grid Mini     :-) GROMACS - gmx mdrun, 2023.2-EasyBuild_4.9.0_PLUMED_2.9.0.GMX2023 (-:

Executable:   /sw/arch/RHEL8/EB_production/2023/software/GROMACS/2023.2-foss-2023a-PLUMED-2.9.0.GMX2023/bin/gmx
Data prefix:  /sw/arch/RHEL8/EB_production/2023/software/GROMACS/2023.2-foss-2023a-PLUMED-2.9.0.GMX2023
Working dir:  /gpfs/home1/ekempkes/adipep_buq_short/result_rerun_Matern52_ls_0.75_kappa200_w_0.1_n0.0_queries_100_full_2
Command line:
  gmx mdrun -s simulations_essentials/md.tpr -plumed Colvars/plumed_-2.639_-1.257.dat -nsteps 10000 -x Colvars/traj_-2.639_-1.257.xtc


Back Off! I just backed up md.log to ./#md.log.1#
Reading file simulations_essentials/md.tpr, VERSION 2022.5-plumed_2.9.3 (single precision)
Note: file tpx version 127, software tpx version 129

NOTE: Parallelization is limited by the small number of atoms,
      only starting 1 thread-MPI ranks.
      You can use the -nt and/or -ntmpi option to optimize the number of threads.

Overriding nsteps with value passed on the command line: 10000 steps, 20 ps

comm-mode angular will give incorrect results when the comm group partially crosses a periodic boundary
Using 1 MPI thread

Non-default thread affinity set, disabling internal thread affinity

Using 1 OpenMP thread 


Back Off! I just backed up traj.trr to ./#traj.trr.1#

Back Off! I just backed up ener.edr to ./#ener.edr.1#
starting mdrun 'Generated by trjconv : Generated by trjconv : Alanine in vacuum in water t= 4500.00000'
10000 steps,     20.0 ps.

Writing final coordinates.

Back Off! I just backed up confout.gro to ./#confout.gro.1#

               Core t (s)   Wall t (s)        (%)
       Time:        2.034        2.034      100.0
                 (ns/day)    (hour/ns)
Performance:      849.634        0.028

GROMACS reminds you: "Can someone please tell Icarus that he's not the only one falling from the sky?" (Urban Dance Squad)


# Integration error:        5.80

 -------------- BaysOpt loop, query 20 ---------------
going to run a simulation at -2.6389378290000334 -1.2566370609999933 
# Integrating             - Simpson's rule + Real Space Grid Mini     :-) GROMACS - gmx mdrun, 2023.2-EasyBuild_4.9.0_PLUMED_2.9.0.GMX2023 (-:

Executable:   /sw/arch/RHEL8/EB_production/2023/software/GROMACS/2023.2-foss-2023a-PLUMED-2.9.0.GMX2023/bin/gmx
Data prefix:  /sw/arch/RHEL8/EB_production/2023/software/GROMACS/2023.2-foss-2023a-PLUMED-2.9.0.GMX2023
Working dir:  /gpfs/home1/ekempkes/adipep_buq_short/result_rerun_Matern52_ls_0.75_kappa200_w_0.1_n0.0_queries_100_full_2
Command line:
  gmx mdrun -s simulations_essentials/md.tpr -plumed Colvars/plumed_-0.251_1.319.dat -nsteps 10000 -x Colvars/traj_-0.251_1.319.xtc


Back Off! I just backed up md.log to ./#md.log.1#
Reading file simulations_essentials/md.tpr, VERSION 2022.5-plumed_2.9.3 (single precision)
Note: file tpx version 127, software tpx version 129

NOTE: Parallelization is limited by the small number of atoms,
      only starting 1 thread-MPI ranks.
      You can use the -nt and/or -ntmpi option to optimize the number of threads.

Overriding nsteps with value passed on the command line: 10000 steps, 20 ps

comm-mode angular will give incorrect results when the comm group partially crosses a periodic boundary
Using 1 MPI thread

Non-default thread affinity set, disabling internal thread affinity

Using 1 OpenMP thread 


Back Off! I just backed up traj.trr to ./#traj.trr.1#

Back Off! I just backed up ener.edr to ./#ener.edr.1#
starting mdrun 'Generated by trjconv : Generated by trjconv : Alanine in vacuum in water t= 4500.00000'
10000 steps,     20.0 ps.

Writing final coordinates.

Back Off! I just backed up confout.gro to ./#confout.gro.1#

               Core t (s)   Wall t (s)        (%)
       Time:        2.020        2.021      100.0
                 (ns/day)    (hour/ns)
Performance:      855.284        0.028

GROMACS reminds you: "Wicky-wicky Wa-wild West" (Will Smith)


# Integration error:        5.77

 -------------- BaysOpt loop, query 21 ---------------
going to run a simulation at -0.25132741199999636 1.3194689150000116 
# Integrating             - Simpson's rule + Real Space Grid Mini     :-) GROMACS - gmx mdrun, 2023.2-EasyBuild_4.9.0_PLUMED_2.9.0.GMX2023 (-:

Executable:   /sw/arch/RHEL8/EB_production/2023/software/GROMACS/2023.2-foss-2023a-PLUMED-2.9.0.GMX2023/bin/gmx
Data prefix:  /sw/arch/RHEL8/EB_production/2023/software/GROMACS/2023.2-foss-2023a-PLUMED-2.9.0.GMX2023
Working dir:  /gpfs/home1/ekempkes/adipep_buq_short/result_rerun_Matern52_ls_0.75_kappa200_w_0.1_n0.0_queries_100_full_2
Command line:
  gmx mdrun -s simulations_essentials/md.tpr -plumed Colvars/plumed_-1.257_2.639.dat -nsteps 10000 -x Colvars/traj_-1.257_2.639.xtc


Back Off! I just backed up md.log to ./#md.log.1#
Reading file simulations_essentials/md.tpr, VERSION 2022.5-plumed_2.9.3 (single precision)
Note: file tpx version 127, software tpx version 129

NOTE: Parallelization is limited by the small number of atoms,
      only starting 1 thread-MPI ranks.
      You can use the -nt and/or -ntmpi option to optimize the number of threads.

Overriding nsteps with value passed on the command line: 10000 steps, 20 ps

comm-mode angular will give incorrect results when the comm group partially crosses a periodic boundary
Using 1 MPI thread

Non-default thread affinity set, disabling internal thread affinity

Using 1 OpenMP thread 


Back Off! I just backed up traj.trr to ./#traj.trr.1#

Back Off! I just backed up ener.edr to ./#ener.edr.1#
starting mdrun 'Generated by trjconv : Generated by trjconv : Alanine in vacuum in water t= 4500.00000'
10000 steps,     20.0 ps.

Writing final coordinates.

Back Off! I just backed up confout.gro to ./#confout.gro.1#

               Core t (s)   Wall t (s)        (%)
       Time:        2.033        2.033      100.0
                 (ns/day)    (hour/ns)
Performance:      849.894        0.028

GROMACS reminds you: "Occams Razor is the scientific principle that, all things being equal, the simplest explanation is always the dog ate my homework." (Greg Tamblyn)


# Integration error:        6.11

 -------------- BaysOpt loop, query 22 ---------------
going to run a simulation at -1.2566370609999933 2.6389378290000334 
# Integrating             - Simpson's rule + Real Space Grid Mini     :-) GROMACS - gmx mdrun, 2023.2-EasyBuild_4.9.0_PLUMED_2.9.0.GMX2023 (-:

Executable:   /sw/arch/RHEL8/EB_production/2023/software/GROMACS/2023.2-foss-2023a-PLUMED-2.9.0.GMX2023/bin/gmx
Data prefix:  /sw/arch/RHEL8/EB_production/2023/software/GROMACS/2023.2-foss-2023a-PLUMED-2.9.0.GMX2023
Working dir:  /gpfs/home1/ekempkes/adipep_buq_short/result_rerun_Matern52_ls_0.75_kappa200_w_0.1_n0.0_queries_100_full_2
Command line:
  gmx mdrun -s simulations_essentials/md.tpr -plumed Colvars/plumed_-1.382_0.126.dat -nsteps 10000 -x Colvars/traj_-1.382_0.126.xtc


Back Off! I just backed up md.log to ./#md.log.1#
Reading file simulations_essentials/md.tpr, VERSION 2022.5-plumed_2.9.3 (single precision)
Note: file tpx version 127, software tpx version 129

NOTE: Parallelization is limited by the small number of atoms,
      only starting 1 thread-MPI ranks.
      You can use the -nt and/or -ntmpi option to optimize the number of threads.

Overriding nsteps with value passed on the command line: 10000 steps, 20 ps

comm-mode angular will give incorrect results when the comm group partially crosses a periodic boundary
Using 1 MPI thread

Non-default thread affinity set, disabling internal thread affinity

Using 1 OpenMP thread 


Back Off! I just backed up traj.trr to ./#traj.trr.1#

Back Off! I just backed up ener.edr to ./#ener.edr.1#
starting mdrun 'Generated by trjconv : Generated by trjconv : Alanine in vacuum in water t= 4500.00000'
10000 steps,     20.0 ps.

Writing final coordinates.

Back Off! I just backed up confout.gro to ./#confout.gro.1#

               Core t (s)   Wall t (s)        (%)
       Time:        2.039        2.039      100.0
                 (ns/day)    (hour/ns)
Performance:      847.373        0.028

GROMACS reminds you: "During my undergraduate work I concluded that electrostatics is unlikely to be important [for enzymes]" (Arieh Warshel, Nobel lecture 2013)


# Integration error:        6.14

 -------------- BaysOpt loop, query 23 ---------------
going to run a simulation at -1.3823007680000294 0.12566370599999818 
# Integrating             - Simpson's rule + Real Space Grid Mini     :-) GROMACS - gmx mdrun, 2023.2-EasyBuild_4.9.0_PLUMED_2.9.0.GMX2023 (-:

Executable:   /sw/arch/RHEL8/EB_production/2023/software/GROMACS/2023.2-foss-2023a-PLUMED-2.9.0.GMX2023/bin/gmx
Data prefix:  /sw/arch/RHEL8/EB_production/2023/software/GROMACS/2023.2-foss-2023a-PLUMED-2.9.0.GMX2023
Working dir:  /gpfs/home1/ekempkes/adipep_buq_short/result_rerun_Matern52_ls_0.75_kappa200_w_0.1_n0.0_queries_100_full_2
Command line:
  gmx mdrun -s simulations_essentials/md.tpr -plumed Colvars/plumed_2.702_-2.576.dat -nsteps 10000 -x Colvars/traj_2.702_-2.576.xtc


Back Off! I just backed up md.log to ./#md.log.1#
Reading file simulations_essentials/md.tpr, VERSION 2022.5-plumed_2.9.3 (single precision)
Note: file tpx version 127, software tpx version 129

NOTE: Parallelization is limited by the small number of atoms,
      only starting 1 thread-MPI ranks.
      You can use the -nt and/or -ntmpi option to optimize the number of threads.

Overriding nsteps with value passed on the command line: 10000 steps, 20 ps

comm-mode angular will give incorrect results when the comm group partially crosses a periodic boundary
Using 1 MPI thread

Non-default thread affinity set, disabling internal thread affinity

Using 1 OpenMP thread 


Back Off! I just backed up traj.trr to ./#traj.trr.1#

Back Off! I just backed up ener.edr to ./#ener.edr.1#
starting mdrun 'Generated by trjconv : Generated by trjconv : Alanine in vacuum in water t= 4500.00000'
10000 steps,     20.0 ps.

Writing final coordinates.

Back Off! I just backed up confout.gro to ./#confout.gro.1#

               Core t (s)   Wall t (s)        (%)
       Time:        2.024        2.024      100.0
                 (ns/day)    (hour/ns)
Performance:      853.821        0.028

GROMACS reminds you: "The programmer got stuck in the shower because the instructions on the shampoo bottle said: Lather, Rinse, Repeat." (Anonymous)


# Integration error:        6.13

 -------------- BaysOpt loop, query 24 ---------------
going to run a simulation at 2.701769681999987 -2.576105975999961 
# Integrating             - Simpson's rule + Real Space Grid Mini     :-) GROMACS - gmx mdrun, 2023.2-EasyBuild_4.9.0_PLUMED_2.9.0.GMX2023 (-:

Executable:   /sw/arch/RHEL8/EB_production/2023/software/GROMACS/2023.2-foss-2023a-PLUMED-2.9.0.GMX2023/bin/gmx
Data prefix:  /sw/arch/RHEL8/EB_production/2023/software/GROMACS/2023.2-foss-2023a-PLUMED-2.9.0.GMX2023
Working dir:  /gpfs/home1/ekempkes/adipep_buq_short/result_rerun_Matern52_ls_0.75_kappa200_w_0.1_n0.0_queries_100_full_2
Command line:
  gmx mdrun -s simulations_essentials/md.tpr -plumed Colvars/plumed_0.817_-1.696.dat -nsteps 10000 -x Colvars/traj_0.817_-1.696.xtc


Back Off! I just backed up md.log to ./#md.log.1#
Reading file simulations_essentials/md.tpr, VERSION 2022.5-plumed_2.9.3 (single precision)
Note: file tpx version 127, software tpx version 129

NOTE: Parallelization is limited by the small number of atoms,
      only starting 1 thread-MPI ranks.
      You can use the -nt and/or -ntmpi option to optimize the number of threads.

Overriding nsteps with value passed on the command line: 10000 steps, 20 ps

comm-mode angular will give incorrect results when the comm group partially crosses a periodic boundary
Using 1 MPI thread

Non-default thread affinity set, disabling internal thread affinity

Using 1 OpenMP thread 


Back Off! I just backed up traj.trr to ./#traj.trr.1#

Back Off! I just backed up ener.edr to ./#ener.edr.1#
starting mdrun 'Generated by trjconv : Generated by trjconv : Alanine in vacuum in water t= 4500.00000'
10000 steps,     20.0 ps.

Writing final coordinates.

Back Off! I just backed up confout.gro to ./#confout.gro.1#

               Core t (s)   Wall t (s)        (%)
       Time:        2.034        2.034      100.0
                 (ns/day)    (hour/ns)
Performance:      849.566        0.028

GROMACS reminds you: "Misslycka kan man med all kod" (Mats Nylen)


# Integration error:        5.64

 -------------- BaysOpt loop, query 25 ---------------
going to run a simulation at 0.8168140899999872 -1.6964600329999944 
# Integrating             - Simpson's rule + Real Space Grid Mini     :-) GROMACS - gmx mdrun, 2023.2-EasyBuild_4.9.0_PLUMED_2.9.0.GMX2023 (-:

Executable:   /sw/arch/RHEL8/EB_production/2023/software/GROMACS/2023.2-foss-2023a-PLUMED-2.9.0.GMX2023/bin/gmx
Data prefix:  /sw/arch/RHEL8/EB_production/2023/software/GROMACS/2023.2-foss-2023a-PLUMED-2.9.0.GMX2023
Working dir:  /gpfs/home1/ekempkes/adipep_buq_short/result_rerun_Matern52_ls_0.75_kappa200_w_0.1_n0.0_queries_100_full_2
Command line:
  gmx mdrun -s simulations_essentials/md.tpr -plumed Colvars/plumed_-0.251_-1.382.dat -nsteps 10000 -x Colvars/traj_-0.251_-1.382.xtc


Back Off! I just backed up md.log to ./#md.log.1#
Reading file simulations_essentials/md.tpr, VERSION 2022.5-plumed_2.9.3 (single precision)
Note: file tpx version 127, software tpx version 129

NOTE: Parallelization is limited by the small number of atoms,
      only starting 1 thread-MPI ranks.
      You can use the -nt and/or -ntmpi option to optimize the number of threads.

Overriding nsteps with value passed on the command line: 10000 steps, 20 ps

comm-mode angular will give incorrect results when the comm group partially crosses a periodic boundary
Using 1 MPI thread

Non-default thread affinity set, disabling internal thread affinity

Using 1 OpenMP thread 


Back Off! I just backed up traj.trr to ./#traj.trr.1#

Back Off! I just backed up ener.edr to ./#ener.edr.1#
starting mdrun 'Generated by trjconv : Generated by trjconv : Alanine in vacuum in water t= 4500.00000'
10000 steps,     20.0 ps.

Writing final coordinates.

Back Off! I just backed up confout.gro to ./#confout.gro.1#

               Core t (s)   Wall t (s)        (%)
       Time:        2.036        2.036      100.0
                 (ns/day)    (hour/ns)
Performance:      848.853        0.028

GROMACS reminds you: "A programmer's spouse says 'While you're at the grocery store, buy some eggs.' The programmer never comes back." (Anonymous)


# Integration error:        5.47

 -------------- BaysOpt loop, query 26 ---------------
going to run a simulation at -0.25132741199999636 -1.3823007680000294 
# Integrating             - Simpson's rule + Real Space Grid Mini     :-) GROMACS - gmx mdrun, 2023.2-EasyBuild_4.9.0_PLUMED_2.9.0.GMX2023 (-:

Executable:   /sw/arch/RHEL8/EB_production/2023/software/GROMACS/2023.2-foss-2023a-PLUMED-2.9.0.GMX2023/bin/gmx
Data prefix:  /sw/arch/RHEL8/EB_production/2023/software/GROMACS/2023.2-foss-2023a-PLUMED-2.9.0.GMX2023
Working dir:  /gpfs/home1/ekempkes/adipep_buq_short/result_rerun_Matern52_ls_0.75_kappa200_w_0.1_n0.0_queries_100_full_2
Command line:
  gmx mdrun -s simulations_essentials/md.tpr -plumed Colvars/plumed_1.634_-0.691.dat -nsteps 10000 -x Colvars/traj_1.634_-0.691.xtc


Back Off! I just backed up md.log to ./#md.log.1#
Reading file simulations_essentials/md.tpr, VERSION 2022.5-plumed_2.9.3 (single precision)
Note: file tpx version 127, software tpx version 129

NOTE: Parallelization is limited by the small number of atoms,
      only starting 1 thread-MPI ranks.
      You can use the -nt and/or -ntmpi option to optimize the number of threads.

Overriding nsteps with value passed on the command line: 10000 steps, 20 ps

comm-mode angular will give incorrect results when the comm group partially crosses a periodic boundary
Using 1 MPI thread

Non-default thread affinity set, disabling internal thread affinity

Using 1 OpenMP thread 


Back Off! I just backed up traj.trr to ./#traj.trr.1#

Back Off! I just backed up ener.edr to ./#ener.edr.1#
starting mdrun 'Generated by trjconv : Generated by trjconv : Alanine in vacuum in water t= 4500.00000'
10000 steps,     20.0 ps.

Writing final coordinates.

Back Off! I just backed up confout.gro to ./#confout.gro.1#

               Core t (s)   Wall t (s)        (%)
       Time:        2.052        2.052      100.0
                 (ns/day)    (hour/ns)
Performance:      842.340        0.028

GROMACS reminds you: "I have no responsibility to live up to what others expect of me. That's their mistake, not my failing." (Richard Feynman)


# Integration error:        5.55

 -------------- BaysOpt loop, query 27 ---------------
going to run a simulation at 1.6336281799999743 -0.6911503840000147 
# Integrating             - Simpson's rule + Real Space Grid Mini     :-) GROMACS - gmx mdrun, 2023.2-EasyBuild_4.9.0_PLUMED_2.9.0.GMX2023 (-:

Executable:   /sw/arch/RHEL8/EB_production/2023/software/GROMACS/2023.2-foss-2023a-PLUMED-2.9.0.GMX2023/bin/gmx
Data prefix:  /sw/arch/RHEL8/EB_production/2023/software/GROMACS/2023.2-foss-2023a-PLUMED-2.9.0.GMX2023
Working dir:  /gpfs/home1/ekempkes/adipep_buq_short/result_rerun_Matern52_ls_0.75_kappa200_w_0.1_n0.0_queries_100_full_2
Command line:
  gmx mdrun -s simulations_essentials/md.tpr -plumed Colvars/plumed_2.639_2.890.dat -nsteps 10000 -x Colvars/traj_2.639_2.890.xtc


Back Off! I just backed up md.log to ./#md.log.1#
Reading file simulations_essentials/md.tpr, VERSION 2022.5-plumed_2.9.3 (single precision)
Note: file tpx version 127, software tpx version 129

NOTE: Parallelization is limited by the small number of atoms,
      only starting 1 thread-MPI ranks.
      You can use the -nt and/or -ntmpi option to optimize the number of threads.

Overriding nsteps with value passed on the command line: 10000 steps, 20 ps

comm-mode angular will give incorrect results when the comm group partially crosses a periodic boundary
Using 1 MPI thread

Non-default thread affinity set, disabling internal thread affinity

Using 1 OpenMP thread 


Back Off! I just backed up traj.trr to ./#traj.trr.1#

Back Off! I just backed up ener.edr to ./#ener.edr.1#
starting mdrun 'Generated by trjconv : Generated by trjconv : Alanine in vacuum in water t= 4500.00000'
10000 steps,     20.0 ps.

Writing final coordinates.

Back Off! I just backed up confout.gro to ./#confout.gro.1#

               Core t (s)   Wall t (s)        (%)
       Time:        2.069        2.069      100.0
                 (ns/day)    (hour/ns)
Performance:      835.220        0.029

GROMACS reminds you: "Science is the record of dead religions." (Oscar Wilde)


# Integration error:        5.14

 -------------- BaysOpt loop, query 28 ---------------
going to run a simulation at 2.6389378290000334 2.890265241000028 
# Integrating             - Simpson's rule + Real Space Grid Mini     :-) GROMACS - gmx mdrun, 2023.2-EasyBuild_4.9.0_PLUMED_2.9.0.GMX2023 (-:

Executable:   /sw/arch/RHEL8/EB_production/2023/software/GROMACS/2023.2-foss-2023a-PLUMED-2.9.0.GMX2023/bin/gmx
Data prefix:  /sw/arch/RHEL8/EB_production/2023/software/GROMACS/2023.2-foss-2023a-PLUMED-2.9.0.GMX2023
Working dir:  /gpfs/home1/ekempkes/adipep_buq_short/result_rerun_Matern52_ls_0.75_kappa200_w_0.1_n0.0_queries_100_full_2
Command line:
  gmx mdrun -s simulations_essentials/md.tpr -plumed Colvars/plumed_-2.827_2.702.dat -nsteps 10000 -x Colvars/traj_-2.827_2.702.xtc


Back Off! I just backed up md.log to ./#md.log.1#
Reading file simulations_essentials/md.tpr, VERSION 2022.5-plumed_2.9.3 (single precision)
Note: file tpx version 127, software tpx version 129

NOTE: Parallelization is limited by the small number of atoms,
      only starting 1 thread-MPI ranks.
      You can use the -nt and/or -ntmpi option to optimize the number of threads.

Overriding nsteps with value passed on the command line: 10000 steps, 20 ps

comm-mode angular will give incorrect results when the comm group partially crosses a periodic boundary
Using 1 MPI thread

Non-default thread affinity set, disabling internal thread affinity

Using 1 OpenMP thread 


Back Off! I just backed up traj.trr to ./#traj.trr.1#

Back Off! I just backed up ener.edr to ./#ener.edr.1#
starting mdrun 'Generated by trjconv : Generated by trjconv : Alanine in vacuum in water t= 4500.00000'
10000 steps,     20.0 ps.

Writing final coordinates.

Back Off! I just backed up confout.gro to ./#confout.gro.1#

               Core t (s)   Wall t (s)        (%)
       Time:        2.010        2.010      100.0
                 (ns/day)    (hour/ns)
Performance:      859.741        0.028

GROMACS reminds you: "The plural of regex is regrets" (Steve McCarthy (on Twitter))


# Integration error:        5.42

 -------------- BaysOpt loop, query 29 ---------------
going to run a simulation at -2.8274333879999514 2.701769681999987 
# Integrating             - Simpson's rule + Real Space Grid Mini     :-) GROMACS - gmx mdrun, 2023.2-EasyBuild_4.9.0_PLUMED_2.9.0.GMX2023 (-:

Executable:   /sw/arch/RHEL8/EB_production/2023/software/GROMACS/2023.2-foss-2023a-PLUMED-2.9.0.GMX2023/bin/gmx
Data prefix:  /sw/arch/RHEL8/EB_production/2023/software/GROMACS/2023.2-foss-2023a-PLUMED-2.9.0.GMX2023
Working dir:  /gpfs/home1/ekempkes/adipep_buq_short/result_rerun_Matern52_ls_0.75_kappa200_w_0.1_n0.0_queries_100_full_2
Command line:
  gmx mdrun -s simulations_essentials/md.tpr -plumed Colvars/plumed_0.314_-0.377.dat -nsteps 10000 -x Colvars/traj_0.314_-0.377.xtc


Back Off! I just backed up md.log to ./#md.log.1#
Reading file simulations_essentials/md.tpr, VERSION 2022.5-plumed_2.9.3 (single precision)
Note: file tpx version 127, software tpx version 129

NOTE: Parallelization is limited by the small number of atoms,
      only starting 1 thread-MPI ranks.
      You can use the -nt and/or -ntmpi option to optimize the number of threads.

Overriding nsteps with value passed on the command line: 10000 steps, 20 ps

comm-mode angular will give incorrect results when the comm group partially crosses a periodic boundary
Using 1 MPI thread

Non-default thread affinity set, disabling internal thread affinity

Using 1 OpenMP thread 


Back Off! I just backed up traj.trr to ./#traj.trr.1#

Back Off! I just backed up ener.edr to ./#ener.edr.1#
starting mdrun 'Generated by trjconv : Generated by trjconv : Alanine in vacuum in water t= 4500.00000'
10000 steps,     20.0 ps.

Writing final coordinates.

Back Off! I just backed up confout.gro to ./#confout.gro.1#

               Core t (s)   Wall t (s)        (%)
       Time:        2.018        2.018      100.0
                 (ns/day)    (hour/ns)
Performance:      856.230        0.028

GROMACS reminds you: "Memory is like an orgasm. It's a lot better if you don't have to fake it." (Seymour Cray, on virtual memory)


# Integration error:        5.44

 -------------- BaysOpt loop, query 30 ---------------
going to run a simulation at 0.31415926500000063 -0.37699111799999624 
# Integrating             - Simpson's rule + Real Space Grid Mini     :-) GROMACS - gmx mdrun, 2023.2-EasyBuild_4.9.0_PLUMED_2.9.0.GMX2023 (-:

Executable:   /sw/arch/RHEL8/EB_production/2023/software/GROMACS/2023.2-foss-2023a-PLUMED-2.9.0.GMX2023/bin/gmx
Data prefix:  /sw/arch/RHEL8/EB_production/2023/software/GROMACS/2023.2-foss-2023a-PLUMED-2.9.0.GMX2023
Working dir:  /gpfs/home1/ekempkes/adipep_buq_short/result_rerun_Matern52_ls_0.75_kappa200_w_0.1_n0.0_queries_100_full_2
Command line:
  gmx mdrun -s simulations_essentials/md.tpr -plumed Colvars/plumed_-2.765_-2.827.dat -nsteps 10000 -x Colvars/traj_-2.765_-2.827.xtc


Back Off! I just backed up md.log to ./#md.log.1#
Reading file simulations_essentials/md.tpr, VERSION 2022.5-plumed_2.9.3 (single precision)
Note: file tpx version 127, software tpx version 129

NOTE: Parallelization is limited by the small number of atoms,
      only starting 1 thread-MPI ranks.
      You can use the -nt and/or -ntmpi option to optimize the number of threads.

Overriding nsteps with value passed on the command line: 10000 steps, 20 ps

comm-mode angular will give incorrect results when the comm group partially crosses a periodic boundary
Using 1 MPI thread

Non-default thread affinity set, disabling internal thread affinity

Using 1 OpenMP thread 


Back Off! I just backed up traj.trr to ./#traj.trr.1#

Back Off! I just backed up ener.edr to ./#ener.edr.1#
starting mdrun 'Generated by trjconv : Generated by trjconv : Alanine in vacuum in water t= 4500.00000'
10000 steps,     20.0 ps.

Writing final coordinates.

Back Off! I just backed up confout.gro to ./#confout.gro.1#

               Core t (s)   Wall t (s)        (%)
       Time:        2.045        2.045      100.0
                 (ns/day)    (hour/ns)
Performance:      845.186        0.028

GROMACS reminds you: "If we knew what it was we were doing, it would not be called research, would it?" (Albert Einstein)


# Integration error:        5.35

 -------------- BaysOpt loop, query 31 ---------------
going to run a simulation at -2.7646015350000686 -2.8274333879999514 
# Integrating             - Simpson's rule + Real Space Grid Mini     :-) GROMACS - gmx mdrun, 2023.2-EasyBuild_4.9.0_PLUMED_2.9.0.GMX2023 (-:

Executable:   /sw/arch/RHEL8/EB_production/2023/software/GROMACS/2023.2-foss-2023a-PLUMED-2.9.0.GMX2023/bin/gmx
Data prefix:  /sw/arch/RHEL8/EB_production/2023/software/GROMACS/2023.2-foss-2023a-PLUMED-2.9.0.GMX2023
Working dir:  /gpfs/home1/ekempkes/adipep_buq_short/result_rerun_Matern52_ls_0.75_kappa200_w_0.1_n0.0_queries_100_full_2
Command line:
  gmx mdrun -s simulations_essentials/md.tpr -plumed Colvars/plumed_0.440_1.508.dat -nsteps 10000 -x Colvars/traj_0.440_1.508.xtc


Back Off! I just backed up md.log to ./#md.log.1#
Reading file simulations_essentials/md.tpr, VERSION 2022.5-plumed_2.9.3 (single precision)
Note: file tpx version 127, software tpx version 129

NOTE: Parallelization is limited by the small number of atoms,
      only starting 1 thread-MPI ranks.
      You can use the -nt and/or -ntmpi option to optimize the number of threads.

Overriding nsteps with value passed on the command line: 10000 steps, 20 ps

comm-mode angular will give incorrect results when the comm group partially crosses a periodic boundary
Using 1 MPI thread

Non-default thread affinity set, disabling internal thread affinity

Using 1 OpenMP thread 


Back Off! I just backed up traj.trr to ./#traj.trr.1#

Back Off! I just backed up ener.edr to ./#ener.edr.1#
starting mdrun 'Generated by trjconv : Generated by trjconv : Alanine in vacuum in water t= 4500.00000'
10000 steps,     20.0 ps.

Writing final coordinates.

Back Off! I just backed up confout.gro to ./#confout.gro.1#

               Core t (s)   Wall t (s)        (%)
       Time:        2.025        2.025      100.0
                 (ns/day)    (hour/ns)
Performance:      853.538        0.028

GROMACS reminds you: "If You Don't Like Cool Quotes Check Your GMXRC File" (Your Sysadmin)


# Integration error:        5.22

 -------------- BaysOpt loop, query 32 ---------------
going to run a simulation at 0.43982297200000164 1.507964473999968 
# Integrating             - Simpson's rule + Real Space Grid Mini     :-) GROMACS - gmx mdrun, 2023.2-EasyBuild_4.9.0_PLUMED_2.9.0.GMX2023 (-:

Executable:   /sw/arch/RHEL8/EB_production/2023/software/GROMACS/2023.2-foss-2023a-PLUMED-2.9.0.GMX2023/bin/gmx
Data prefix:  /sw/arch/RHEL8/EB_production/2023/software/GROMACS/2023.2-foss-2023a-PLUMED-2.9.0.GMX2023
Working dir:  /gpfs/home1/ekempkes/adipep_buq_short/result_rerun_Matern52_ls_0.75_kappa200_w_0.1_n0.0_queries_100_full_2
Command line:
  gmx mdrun -s simulations_essentials/md.tpr -plumed Colvars/plumed_1.822_1.005.dat -nsteps 10000 -x Colvars/traj_1.822_1.005.xtc


Back Off! I just backed up md.log to ./#md.log.1#
Reading file simulations_essentials/md.tpr, VERSION 2022.5-plumed_2.9.3 (single precision)
Note: file tpx version 127, software tpx version 129

NOTE: Parallelization is limited by the small number of atoms,
      only starting 1 thread-MPI ranks.
      You can use the -nt and/or -ntmpi option to optimize the number of threads.

Overriding nsteps with value passed on the command line: 10000 steps, 20 ps

comm-mode angular will give incorrect results when the comm group partially crosses a periodic boundary
Using 1 MPI thread

Non-default thread affinity set, disabling internal thread affinity

Using 1 OpenMP thread 


Back Off! I just backed up traj.trr to ./#traj.trr.1#

Back Off! I just backed up ener.edr to ./#ener.edr.1#
starting mdrun 'Generated by trjconv : Generated by trjconv : Alanine in vacuum in water t= 4500.00000'
10000 steps,     20.0 ps.

Writing final coordinates.

Back Off! I just backed up confout.gro to ./#confout.gro.1#

               Core t (s)   Wall t (s)        (%)
       Time:        2.022        2.022      100.0
                 (ns/day)    (hour/ns)
Performance:      854.745        0.028

GROMACS reminds you: "Everybody Lie Down On the Floor and Keep Calm" (KLF)


# Integration error:        4.57

 -------------- BaysOpt loop, query 33 ---------------
going to run a simulation at 1.8221237390000142 1.0053096489999906 
# Integrating             - Simpson's rule + Real Space Grid Mini     :-) GROMACS - gmx mdrun, 2023.2-EasyBuild_4.9.0_PLUMED_2.9.0.GMX2023 (-:

Executable:   /sw/arch/RHEL8/EB_production/2023/software/GROMACS/2023.2-foss-2023a-PLUMED-2.9.0.GMX2023/bin/gmx
Data prefix:  /sw/arch/RHEL8/EB_production/2023/software/GROMACS/2023.2-foss-2023a-PLUMED-2.9.0.GMX2023
Working dir:  /gpfs/home1/ekempkes/adipep_buq_short/result_rerun_Matern52_ls_0.75_kappa200_w_0.1_n0.0_queries_100_full_2
Command line:
  gmx mdrun -s simulations_essentials/md.tpr -plumed Colvars/plumed_2.890_0.000.dat -nsteps 10000 -x Colvars/traj_2.890_0.000.xtc


Back Off! I just backed up md.log to ./#md.log.1#
Reading file simulations_essentials/md.tpr, VERSION 2022.5-plumed_2.9.3 (single precision)
Note: file tpx version 127, software tpx version 129

NOTE: Parallelization is limited by the small number of atoms,
      only starting 1 thread-MPI ranks.
      You can use the -nt and/or -ntmpi option to optimize the number of threads.

Overriding nsteps with value passed on the command line: 10000 steps, 20 ps

comm-mode angular will give incorrect results when the comm group partially crosses a periodic boundary
Using 1 MPI thread

Non-default thread affinity set, disabling internal thread affinity

Using 1 OpenMP thread 


Back Off! I just backed up traj.trr to ./#traj.trr.1#

Back Off! I just backed up ener.edr to ./#ener.edr.1#
starting mdrun 'Generated by trjconv : Generated by trjconv : Alanine in vacuum in water t= 4500.00000'
10000 steps,     20.0 ps.

Writing final coordinates.

Back Off! I just backed up confout.gro to ./#confout.gro.1#

               Core t (s)   Wall t (s)        (%)
       Time:        2.033        2.033      100.0
                 (ns/day)    (hour/ns)
Performance:      850.041        0.028

GROMACS reminds you: "Wicky-wicky Wa-wild West" (Will Smith)


# Integration error:        5.01

 -------------- BaysOpt loop, query 34 ---------------
going to run a simulation at 2.890265241000028 0.0 
# Integrating             - Simpson's rule + Real Space Grid Mini     :-) GROMACS - gmx mdrun, 2023.2-EasyBuild_4.9.0_PLUMED_2.9.0.GMX2023 (-:

Executable:   /sw/arch/RHEL8/EB_production/2023/software/GROMACS/2023.2-foss-2023a-PLUMED-2.9.0.GMX2023/bin/gmx
Data prefix:  /sw/arch/RHEL8/EB_production/2023/software/GROMACS/2023.2-foss-2023a-PLUMED-2.9.0.GMX2023
Working dir:  /gpfs/home1/ekempkes/adipep_buq_short/result_rerun_Matern52_ls_0.75_kappa200_w_0.1_n0.0_queries_100_full_2
Command line:
  gmx mdrun -s simulations_essentials/md.tpr -plumed Colvars/plumed_-1.131_1.759.dat -nsteps 10000 -x Colvars/traj_-1.131_1.759.xtc


Back Off! I just backed up md.log to ./#md.log.1#
Reading file simulations_essentials/md.tpr, VERSION 2022.5-plumed_2.9.3 (single precision)
Note: file tpx version 127, software tpx version 129

NOTE: Parallelization is limited by the small number of atoms,
      only starting 1 thread-MPI ranks.
      You can use the -nt and/or -ntmpi option to optimize the number of threads.

Overriding nsteps with value passed on the command line: 10000 steps, 20 ps

comm-mode angular will give incorrect results when the comm group partially crosses a periodic boundary
Using 1 MPI thread

Non-default thread affinity set, disabling internal thread affinity

Using 1 OpenMP thread 


Back Off! I just backed up traj.trr to ./#traj.trr.1#

Back Off! I just backed up ener.edr to ./#ener.edr.1#
starting mdrun 'Generated by trjconv : Generated by trjconv : Alanine in vacuum in water t= 4500.00000'
10000 steps,     20.0 ps.

Writing final coordinates.

Back Off! I just backed up confout.gro to ./#confout.gro.1#

               Core t (s)   Wall t (s)        (%)
       Time:        2.037        2.037      100.0
                 (ns/day)    (hour/ns)
Performance:      848.281        0.028

GROMACS reminds you: "I am at two with nature." (Woody Allen)


# Integration error:        4.73

 -------------- BaysOpt loop, query 35 ---------------
going to run a simulation at -1.130973355000006 1.7592918860000242 
# Integrating             - Simpson's rule + Real Space Grid Mini     :-) GROMACS - gmx mdrun, 2023.2-EasyBuild_4.9.0_PLUMED_2.9.0.GMX2023 (-:

Executable:   /sw/arch/RHEL8/EB_production/2023/software/GROMACS/2023.2-foss-2023a-PLUMED-2.9.0.GMX2023/bin/gmx
Data prefix:  /sw/arch/RHEL8/EB_production/2023/software/GROMACS/2023.2-foss-2023a-PLUMED-2.9.0.GMX2023
Working dir:  /gpfs/home1/ekempkes/adipep_buq_short/result_rerun_Matern52_ls_0.75_kappa200_w_0.1_n0.0_queries_100_full_2
Command line:
  gmx mdrun -s simulations_essentials/md.tpr -plumed Colvars/plumed_0.188_-2.890.dat -nsteps 10000 -x Colvars/traj_0.188_-2.890.xtc


Back Off! I just backed up md.log to ./#md.log.1#
Reading file simulations_essentials/md.tpr, VERSION 2022.5-plumed_2.9.3 (single precision)
Note: file tpx version 127, software tpx version 129

NOTE: Parallelization is limited by the small number of atoms,
      only starting 1 thread-MPI ranks.
      You can use the -nt and/or -ntmpi option to optimize the number of threads.

Overriding nsteps with value passed on the command line: 10000 steps, 20 ps

comm-mode angular will give incorrect results when the comm group partially crosses a periodic boundary
Using 1 MPI thread

Non-default thread affinity set, disabling internal thread affinity

Using 1 OpenMP thread 


Back Off! I just backed up traj.trr to ./#traj.trr.1#

Back Off! I just backed up ener.edr to ./#ener.edr.1#
starting mdrun 'Generated by trjconv : Generated by trjconv : Alanine in vacuum in water t= 4500.00000'
10000 steps,     20.0 ps.

Writing final coordinates.

Back Off! I just backed up confout.gro to ./#confout.gro.1#

               Core t (s)   Wall t (s)        (%)
       Time:        2.025        2.025      100.0
                 (ns/day)    (hour/ns)
Performance:      853.500        0.028

GROMACS reminds you: "Rat-tat-tat Ka boom boom" (The Smashing Pumpkins)


# Integration error:        4.99

 -------------- BaysOpt loop, query 36 ---------------
going to run a simulation at 0.18849555899999812 -2.890265241000028 
# Integrating             - Simpson's rule + Real Space Grid Mini     :-) GROMACS - gmx mdrun, 2023.2-EasyBuild_4.9.0_PLUMED_2.9.0.GMX2023 (-:

Executable:   /sw/arch/RHEL8/EB_production/2023/software/GROMACS/2023.2-foss-2023a-PLUMED-2.9.0.GMX2023/bin/gmx
Data prefix:  /sw/arch/RHEL8/EB_production/2023/software/GROMACS/2023.2-foss-2023a-PLUMED-2.9.0.GMX2023
Working dir:  /gpfs/home1/ekempkes/adipep_buq_short/result_rerun_Matern52_ls_0.75_kappa200_w_0.1_n0.0_queries_100_full_2
Command line:
  gmx mdrun -s simulations_essentials/md.tpr -plumed Colvars/plumed_1.634_2.576.dat -nsteps 10000 -x Colvars/traj_1.634_2.576.xtc


Back Off! I just backed up md.log to ./#md.log.1#
Reading file simulations_essentials/md.tpr, VERSION 2022.5-plumed_2.9.3 (single precision)
Note: file tpx version 127, software tpx version 129

NOTE: Parallelization is limited by the small number of atoms,
      only starting 1 thread-MPI ranks.
      You can use the -nt and/or -ntmpi option to optimize the number of threads.

Overriding nsteps with value passed on the command line: 10000 steps, 20 ps

comm-mode angular will give incorrect results when the comm group partially crosses a periodic boundary
Using 1 MPI thread

Non-default thread affinity set, disabling internal thread affinity

Using 1 OpenMP thread 


Back Off! I just backed up traj.trr to ./#traj.trr.1#

Back Off! I just backed up ener.edr to ./#ener.edr.1#
starting mdrun 'Generated by trjconv : Generated by trjconv : Alanine in vacuum in water t= 4500.00000'
10000 steps,     20.0 ps.

Writing final coordinates.

Back Off! I just backed up confout.gro to ./#confout.gro.1#

               Core t (s)   Wall t (s)        (%)
       Time:        2.023        2.024      100.0
                 (ns/day)    (hour/ns)
Performance:      854.016        0.028

GROMACS reminds you: "Apologies to the astrophysics student I met at a party years ago. When you told me how many hours a day you used 4chan and how much you love it, I gave you a funny look and walked away. Now, a decade later, I realize you were talking about Fortran." (Anonymous)


# Integration error:        7.31

 -------------- BaysOpt loop, query 37 ---------------
going to run a simulation at 1.6336281799999743 2.576105975999961 
# Integrating             - Simpson's rule + Real Space Grid Mini     :-) GROMACS - gmx mdrun, 2023.2-EasyBuild_4.9.0_PLUMED_2.9.0.GMX2023 (-:

Executable:   /sw/arch/RHEL8/EB_production/2023/software/GROMACS/2023.2-foss-2023a-PLUMED-2.9.0.GMX2023/bin/gmx
Data prefix:  /sw/arch/RHEL8/EB_production/2023/software/GROMACS/2023.2-foss-2023a-PLUMED-2.9.0.GMX2023
Working dir:  /gpfs/home1/ekempkes/adipep_buq_short/result_rerun_Matern52_ls_0.75_kappa200_w_0.1_n0.0_queries_100_full_2
Command line:
  gmx mdrun -s simulations_essentials/md.tpr -plumed Colvars/plumed_0.063_2.827.dat -nsteps 10000 -x Colvars/traj_0.063_2.827.xtc


Back Off! I just backed up md.log to ./#md.log.1#
Reading file simulations_essentials/md.tpr, VERSION 2022.5-plumed_2.9.3 (single precision)
Note: file tpx version 127, software tpx version 129

NOTE: Parallelization is limited by the small number of atoms,
      only starting 1 thread-MPI ranks.
      You can use the -nt and/or -ntmpi option to optimize the number of threads.

Overriding nsteps with value passed on the command line: 10000 steps, 20 ps

comm-mode angular will give incorrect results when the comm group partially crosses a periodic boundary
Using 1 MPI thread

Non-default thread affinity set, disabling internal thread affinity

Using 1 OpenMP thread 


Back Off! I just backed up traj.trr to ./#traj.trr.1#

Back Off! I just backed up ener.edr to ./#ener.edr.1#
starting mdrun 'Generated by trjconv : Generated by trjconv : Alanine in vacuum in water t= 4500.00000'
10000 steps,     20.0 ps.

Writing final coordinates.

Back Off! I just backed up confout.gro to ./#confout.gro.1#

               Core t (s)   Wall t (s)        (%)
       Time:        2.073        2.073      100.0
                 (ns/day)    (hour/ns)
Performance:      833.761        0.029

GROMACS reminds you: "They Were So Quiet About It" (Pixies)


# Integration error:        6.21

 -------------- BaysOpt loop, query 38 ---------------
going to run a simulation at 0.06283185299999909 2.8274333879999514 
# Integrating             - Simpson's rule + Real Space Grid Mini     :-) GROMACS - gmx mdrun, 2023.2-EasyBuild_4.9.0_PLUMED_2.9.0.GMX2023 (-:

Executable:   /sw/arch/RHEL8/EB_production/2023/software/GROMACS/2023.2-foss-2023a-PLUMED-2.9.0.GMX2023/bin/gmx
Data prefix:  /sw/arch/RHEL8/EB_production/2023/software/GROMACS/2023.2-foss-2023a-PLUMED-2.9.0.GMX2023
Working dir:  /gpfs/home1/ekempkes/adipep_buq_short/result_rerun_Matern52_ls_0.75_kappa200_w_0.1_n0.0_queries_100_full_2
Command line:
  gmx mdrun -s simulations_essentials/md.tpr -plumed Colvars/plumed_2.827_2.011.dat -nsteps 10000 -x Colvars/traj_2.827_2.011.xtc


Back Off! I just backed up md.log to ./#md.log.1#
Reading file simulations_essentials/md.tpr, VERSION 2022.5-plumed_2.9.3 (single precision)
Note: file tpx version 127, software tpx version 129

NOTE: Parallelization is limited by the small number of atoms,
      only starting 1 thread-MPI ranks.
      You can use the -nt and/or -ntmpi option to optimize the number of threads.

Overriding nsteps with value passed on the command line: 10000 steps, 20 ps

comm-mode angular will give incorrect results when the comm group partially crosses a periodic boundary
Using 1 MPI thread

Non-default thread affinity set, disabling internal thread affinity

Using 1 OpenMP thread 


Back Off! I just backed up traj.trr to ./#traj.trr.1#

Back Off! I just backed up ener.edr to ./#ener.edr.1#
starting mdrun 'Generated by trjconv : Generated by trjconv : Alanine in vacuum in water t= 4500.00000'
10000 steps,     20.0 ps.

Writing final coordinates.

Back Off! I just backed up confout.gro to ./#confout.gro.1#

               Core t (s)   Wall t (s)        (%)
       Time:        2.051        2.052      100.0
                 (ns/day)    (hour/ns)
Performance:      842.386        0.028

GROMACS reminds you: "The Poodle Chews It" (F. Zappa)


# Integration error:        6.89

 -------------- BaysOpt loop, query 39 ---------------
going to run a simulation at 2.8274333879999514 2.0106192979999813 
# Integrating             - Simpson's rule + Real Space Grid Mini     :-) GROMACS - gmx mdrun, 2023.2-EasyBuild_4.9.0_PLUMED_2.9.0.GMX2023 (-:

Executable:   /sw/arch/RHEL8/EB_production/2023/software/GROMACS/2023.2-foss-2023a-PLUMED-2.9.0.GMX2023/bin/gmx
Data prefix:  /sw/arch/RHEL8/EB_production/2023/software/GROMACS/2023.2-foss-2023a-PLUMED-2.9.0.GMX2023
Working dir:  /gpfs/home1/ekempkes/adipep_buq_short/result_rerun_Matern52_ls_0.75_kappa200_w_0.1_n0.0_queries_100_full_2
Command line:
  gmx mdrun -s simulations_essentials/md.tpr -plumed Colvars/plumed_2.827_-1.634.dat -nsteps 10000 -x Colvars/traj_2.827_-1.634.xtc


Back Off! I just backed up md.log to ./#md.log.1#
Reading file simulations_essentials/md.tpr, VERSION 2022.5-plumed_2.9.3 (single precision)
Note: file tpx version 127, software tpx version 129

NOTE: Parallelization is limited by the small number of atoms,
      only starting 1 thread-MPI ranks.
      You can use the -nt and/or -ntmpi option to optimize the number of threads.

Overriding nsteps with value passed on the command line: 10000 steps, 20 ps

comm-mode angular will give incorrect results when the comm group partially crosses a periodic boundary
Using 1 MPI thread

Non-default thread affinity set, disabling internal thread affinity

Using 1 OpenMP thread 


Back Off! I just backed up traj.trr to ./#traj.trr.1#

Back Off! I just backed up ener.edr to ./#ener.edr.1#
starting mdrun 'Generated by trjconv : Generated by trjconv : Alanine in vacuum in water t= 4500.00000'
10000 steps,     20.0 ps.

Writing final coordinates.

Back Off! I just backed up confout.gro to ./#confout.gro.1#

               Core t (s)   Wall t (s)        (%)
       Time:        2.004        2.004      100.0
                 (ns/day)    (hour/ns)
Performance:      862.518        0.028

GROMACS reminds you: "You Can Be Too Early, You Can Be Too Late and You Can Be On Time" (J. Cruijff)


# Integration error:        6.84

 -------------- BaysOpt loop, query 40 ---------------
going to run a simulation at 2.8274333879999514 -1.6336281799999743 
# Integrating             - Simpson's rule + Real Space Grid Mini     :-) GROMACS - gmx mdrun, 2023.2-EasyBuild_4.9.0_PLUMED_2.9.0.GMX2023 (-:

Executable:   /sw/arch/RHEL8/EB_production/2023/software/GROMACS/2023.2-foss-2023a-PLUMED-2.9.0.GMX2023/bin/gmx
Data prefix:  /sw/arch/RHEL8/EB_production/2023/software/GROMACS/2023.2-foss-2023a-PLUMED-2.9.0.GMX2023
Working dir:  /gpfs/home1/ekempkes/adipep_buq_short/result_rerun_Matern52_ls_0.75_kappa200_w_0.1_n0.0_queries_100_full_2
Command line:
  gmx mdrun -s simulations_essentials/md.tpr -plumed Colvars/plumed_-2.388_1.634.dat -nsteps 10000 -x Colvars/traj_-2.388_1.634.xtc


Back Off! I just backed up md.log to ./#md.log.1#
Reading file simulations_essentials/md.tpr, VERSION 2022.5-plumed_2.9.3 (single precision)
Note: file tpx version 127, software tpx version 129

NOTE: Parallelization is limited by the small number of atoms,
      only starting 1 thread-MPI ranks.
      You can use the -nt and/or -ntmpi option to optimize the number of threads.

Overriding nsteps with value passed on the command line: 10000 steps, 20 ps

comm-mode angular will give incorrect results when the comm group partially crosses a periodic boundary
Using 1 MPI thread

Non-default thread affinity set, disabling internal thread affinity

Using 1 OpenMP thread 


Back Off! I just backed up traj.trr to ./#traj.trr.1#

Back Off! I just backed up ener.edr to ./#ener.edr.1#
starting mdrun 'Generated by trjconv : Generated by trjconv : Alanine in vacuum in water t= 4500.00000'
10000 steps,     20.0 ps.

Writing final coordinates.

Back Off! I just backed up confout.gro to ./#confout.gro.1#

               Core t (s)   Wall t (s)        (%)
       Time:        2.035        2.036      100.0
                 (ns/day)    (hour/ns)
Performance:      849.001        0.028

GROMACS reminds you: "I don't know how many of you have ever met Dijkstra, but you probably know that arrogance in computer science is measured in nano-Dijkstras." (Alan Kay)


# Integration error:        7.07

 -------------- BaysOpt loop, query 41 ---------------
going to run a simulation at -2.3876104169999515 1.6336281799999743 
# Integrating             - Simpson's rule + Real Space Grid Mini     :-) GROMACS - gmx mdrun, 2023.2-EasyBuild_4.9.0_PLUMED_2.9.0.GMX2023 (-:

Executable:   /sw/arch/RHEL8/EB_production/2023/software/GROMACS/2023.2-foss-2023a-PLUMED-2.9.0.GMX2023/bin/gmx
Data prefix:  /sw/arch/RHEL8/EB_production/2023/software/GROMACS/2023.2-foss-2023a-PLUMED-2.9.0.GMX2023
Working dir:  /gpfs/home1/ekempkes/adipep_buq_short/result_rerun_Matern52_ls_0.75_kappa200_w_0.1_n0.0_queries_100_full_2
Command line:
  gmx mdrun -s simulations_essentials/md.tpr -plumed Colvars/plumed_-2.765_0.251.dat -nsteps 10000 -x Colvars/traj_-2.765_0.251.xtc


Back Off! I just backed up md.log to ./#md.log.1#
Reading file simulations_essentials/md.tpr, VERSION 2022.5-plumed_2.9.3 (single precision)
Note: file tpx version 127, software tpx version 129

NOTE: Parallelization is limited by the small number of atoms,
      only starting 1 thread-MPI ranks.
      You can use the -nt and/or -ntmpi option to optimize the number of threads.

Overriding nsteps with value passed on the command line: 10000 steps, 20 ps

comm-mode angular will give incorrect results when the comm group partially crosses a periodic boundary
Using 1 MPI thread

Non-default thread affinity set, disabling internal thread affinity

Using 1 OpenMP thread 


Back Off! I just backed up traj.trr to ./#traj.trr.1#

Back Off! I just backed up ener.edr to ./#ener.edr.1#
starting mdrun 'Generated by trjconv : Generated by trjconv : Alanine in vacuum in water t= 4500.00000'
10000 steps,     20.0 ps.

Writing final coordinates.

Back Off! I just backed up confout.gro to ./#confout.gro.1#

               Core t (s)   Wall t (s)        (%)
       Time:        2.050        2.050      100.0
                 (ns/day)    (hour/ns)
Performance:      843.090        0.028

GROMACS reminds you: "We Have No Money" (E. Clementi)


# Integration error:        7.07

 -------------- BaysOpt loop, query 42 ---------------
going to run a simulation at -2.7646015350000686 0.25132741199999636 
# Integrating             - Simpson's rule + Real Space Grid Mini     :-) GROMACS - gmx mdrun, 2023.2-EasyBuild_4.9.0_PLUMED_2.9.0.GMX2023 (-:

Executable:   /sw/arch/RHEL8/EB_production/2023/software/GROMACS/2023.2-foss-2023a-PLUMED-2.9.0.GMX2023/bin/gmx
Data prefix:  /sw/arch/RHEL8/EB_production/2023/software/GROMACS/2023.2-foss-2023a-PLUMED-2.9.0.GMX2023
Working dir:  /gpfs/home1/ekempkes/adipep_buq_short/result_rerun_Matern52_ls_0.75_kappa200_w_0.1_n0.0_queries_100_full_2
Command line:
  gmx mdrun -s simulations_essentials/md.tpr -plumed Colvars/plumed_-1.822_-0.754.dat -nsteps 10000 -x Colvars/traj_-1.822_-0.754.xtc


Back Off! I just backed up md.log to ./#md.log.1#
Reading file simulations_essentials/md.tpr, VERSION 2022.5-plumed_2.9.3 (single precision)
Note: file tpx version 127, software tpx version 129

NOTE: Parallelization is limited by the small number of atoms,
      only starting 1 thread-MPI ranks.
      You can use the -nt and/or -ntmpi option to optimize the number of threads.

Overriding nsteps with value passed on the command line: 10000 steps, 20 ps

comm-mode angular will give incorrect results when the comm group partially crosses a periodic boundary
Using 1 MPI thread

Non-default thread affinity set, disabling internal thread affinity

Using 1 OpenMP thread 


Back Off! I just backed up traj.trr to ./#traj.trr.1#

Back Off! I just backed up ener.edr to ./#ener.edr.1#
starting mdrun 'Generated by trjconv : Generated by trjconv : Alanine in vacuum in water t= 4500.00000'
10000 steps,     20.0 ps.

Writing final coordinates.

Back Off! I just backed up confout.gro to ./#confout.gro.1#

               Core t (s)   Wall t (s)        (%)
       Time:        2.021        2.022      100.0
                 (ns/day)    (hour/ns)
Performance:      854.876        0.028

GROMACS reminds you: "Mathematics is like love; a simple idea, but it can get complicated." (Anonymous)


# Integration error:        7.19

 -------------- BaysOpt loop, query 43 ---------------
going to run a simulation at -1.8221237390000142 -0.753982236999984 
# Integrating             - Simpson's rule + Real Space Grid Mini     :-) GROMACS - gmx mdrun, 2023.2-EasyBuild_4.9.0_PLUMED_2.9.0.GMX2023 (-:

Executable:   /sw/arch/RHEL8/EB_production/2023/software/GROMACS/2023.2-foss-2023a-PLUMED-2.9.0.GMX2023/bin/gmx
Data prefix:  /sw/arch/RHEL8/EB_production/2023/software/GROMACS/2023.2-foss-2023a-PLUMED-2.9.0.GMX2023
Working dir:  /gpfs/home1/ekempkes/adipep_buq_short/result_rerun_Matern52_ls_0.75_kappa200_w_0.1_n0.0_queries_100_full_2
Command line:
  gmx mdrun -s simulations_essentials/md.tpr -plumed Colvars/plumed_-1.319_-2.011.dat -nsteps 10000 -x Colvars/traj_-1.319_-2.011.xtc


Back Off! I just backed up md.log to ./#md.log.1#
Reading file simulations_essentials/md.tpr, VERSION 2022.5-plumed_2.9.3 (single precision)
Note: file tpx version 127, software tpx version 129

NOTE: Parallelization is limited by the small number of atoms,
      only starting 1 thread-MPI ranks.
      You can use the -nt and/or -ntmpi option to optimize the number of threads.

Overriding nsteps with value passed on the command line: 10000 steps, 20 ps

comm-mode angular will give incorrect results when the comm group partially crosses a periodic boundary
Using 1 MPI thread

Non-default thread affinity set, disabling internal thread affinity

Using 1 OpenMP thread 


Back Off! I just backed up traj.trr to ./#traj.trr.1#

Back Off! I just backed up ener.edr to ./#ener.edr.1#
starting mdrun 'Generated by trjconv : Generated by trjconv : Alanine in vacuum in water t= 4500.00000'
10000 steps,     20.0 ps.

Writing final coordinates.

Back Off! I just backed up confout.gro to ./#confout.gro.1#

               Core t (s)   Wall t (s)        (%)
       Time:        2.029        2.030      100.0
                 (ns/day)    (hour/ns)
Performance:      851.501        0.028

GROMACS reminds you: "The historical meaning of QM/MM: Quanto Mangi, Mamma Mia!" (Attilio Vittorio Vargiu, at BioExcel 2022 Summer School in Sardinia)


# Integration error:        7.15

 -------------- BaysOpt loop, query 44 ---------------
going to run a simulation at -1.3194689150000116 -2.0106192979999813 
# Integrating             - Simpson's rule + Real Space Grid Mini     :-) GROMACS - gmx mdrun, 2023.2-EasyBuild_4.9.0_PLUMED_2.9.0.GMX2023 (-:

Executable:   /sw/arch/RHEL8/EB_production/2023/software/GROMACS/2023.2-foss-2023a-PLUMED-2.9.0.GMX2023/bin/gmx
Data prefix:  /sw/arch/RHEL8/EB_production/2023/software/GROMACS/2023.2-foss-2023a-PLUMED-2.9.0.GMX2023
Working dir:  /gpfs/home1/ekempkes/adipep_buq_short/result_rerun_Matern52_ls_0.75_kappa200_w_0.1_n0.0_queries_100_full_2
Command line:
  gmx mdrun -s simulations_essentials/md.tpr -plumed Colvars/plumed_2.011_-2.890.dat -nsteps 10000 -x Colvars/traj_2.011_-2.890.xtc


Back Off! I just backed up md.log to ./#md.log.1#
Reading file simulations_essentials/md.tpr, VERSION 2022.5-plumed_2.9.3 (single precision)
Note: file tpx version 127, software tpx version 129

NOTE: Parallelization is limited by the small number of atoms,
      only starting 1 thread-MPI ranks.
      You can use the -nt and/or -ntmpi option to optimize the number of threads.

Overriding nsteps with value passed on the command line: 10000 steps, 20 ps

comm-mode angular will give incorrect results when the comm group partially crosses a periodic boundary
Using 1 MPI thread

Non-default thread affinity set, disabling internal thread affinity

Using 1 OpenMP thread 


Back Off! I just backed up traj.trr to ./#traj.trr.1#

Back Off! I just backed up ener.edr to ./#ener.edr.1#
starting mdrun 'Generated by trjconv : Generated by trjconv : Alanine in vacuum in water t= 4500.00000'
10000 steps,     20.0 ps.

Writing final coordinates.

Back Off! I just backed up confout.gro to ./#confout.gro.1#

               Core t (s)   Wall t (s)        (%)
       Time:        2.036        2.036      100.0
                 (ns/day)    (hour/ns)
Performance:      848.974        0.028

GROMACS reminds you: "You're About to Hurt Somebody" (Jazzy Jeff)


# Integration error:        7.09

 -------------- BaysOpt loop, query 45 ---------------
going to run a simulation at 2.0106192979999813 -2.890265241000028 
# Integrating             - Simpson's rule + Real Space Grid Mini     :-) GROMACS - gmx mdrun, 2023.2-EasyBuild_4.9.0_PLUMED_2.9.0.GMX2023 (-:

Executable:   /sw/arch/RHEL8/EB_production/2023/software/GROMACS/2023.2-foss-2023a-PLUMED-2.9.0.GMX2023/bin/gmx
Data prefix:  /sw/arch/RHEL8/EB_production/2023/software/GROMACS/2023.2-foss-2023a-PLUMED-2.9.0.GMX2023
Working dir:  /gpfs/home1/ekempkes/adipep_buq_short/result_rerun_Matern52_ls_0.75_kappa200_w_0.1_n0.0_queries_100_full_2
Command line:
  gmx mdrun -s simulations_essentials/md.tpr -plumed Colvars/plumed_-0.880_0.691.dat -nsteps 10000 -x Colvars/traj_-0.880_0.691.xtc


Back Off! I just backed up md.log to ./#md.log.1#
Reading file simulations_essentials/md.tpr, VERSION 2022.5-plumed_2.9.3 (single precision)
Note: file tpx version 127, software tpx version 129

NOTE: Parallelization is limited by the small number of atoms,
      only starting 1 thread-MPI ranks.
      You can use the -nt and/or -ntmpi option to optimize the number of threads.

Overriding nsteps with value passed on the command line: 10000 steps, 20 ps

comm-mode angular will give incorrect results when the comm group partially crosses a periodic boundary
Using 1 MPI thread

Non-default thread affinity set, disabling internal thread affinity

Using 1 OpenMP thread 


Back Off! I just backed up traj.trr to ./#traj.trr.1#

Back Off! I just backed up ener.edr to ./#ener.edr.1#
starting mdrun 'Generated by trjconv : Generated by trjconv : Alanine in vacuum in water t= 4500.00000'
10000 steps,     20.0 ps.

Writing final coordinates.

Back Off! I just backed up confout.gro to ./#confout.gro.1#

               Core t (s)   Wall t (s)        (%)
       Time:        2.054        2.054      100.0
                 (ns/day)    (hour/ns)
Performance:      841.358        0.029

GROMACS reminds you: "Microsecond Here I Come" (P.J. Van Maaren)


# Integration error:        6.88

 -------------- BaysOpt loop, query 46 ---------------
going to run a simulation at -0.8796459430000121 0.6911503840000147 
# Integrating             - Simpson's rule + Real Space Grid Mini     :-) GROMACS - gmx mdrun, 2023.2-EasyBuild_4.9.0_PLUMED_2.9.0.GMX2023 (-:

Executable:   /sw/arch/RHEL8/EB_production/2023/software/GROMACS/2023.2-foss-2023a-PLUMED-2.9.0.GMX2023/bin/gmx
Data prefix:  /sw/arch/RHEL8/EB_production/2023/software/GROMACS/2023.2-foss-2023a-PLUMED-2.9.0.GMX2023
Working dir:  /gpfs/home1/ekempkes/adipep_buq_short/result_rerun_Matern52_ls_0.75_kappa200_w_0.1_n0.0_queries_100_full_2
Command line:
  gmx mdrun -s simulations_essentials/md.tpr -plumed Colvars/plumed_-2.011_0.754.dat -nsteps 10000 -x Colvars/traj_-2.011_0.754.xtc


Back Off! I just backed up md.log to ./#md.log.1#
Reading file simulations_essentials/md.tpr, VERSION 2022.5-plumed_2.9.3 (single precision)
Note: file tpx version 127, software tpx version 129

NOTE: Parallelization is limited by the small number of atoms,
      only starting 1 thread-MPI ranks.
      You can use the -nt and/or -ntmpi option to optimize the number of threads.

Overriding nsteps with value passed on the command line: 10000 steps, 20 ps

comm-mode angular will give incorrect results when the comm group partially crosses a periodic boundary
Using 1 MPI thread

Non-default thread affinity set, disabling internal thread affinity

Using 1 OpenMP thread 


Back Off! I just backed up traj.trr to ./#traj.trr.1#

Back Off! I just backed up ener.edr to ./#ener.edr.1#
starting mdrun 'Generated by trjconv : Generated by trjconv : Alanine in vacuum in water t= 4500.00000'
10000 steps,     20.0 ps.

Writing final coordinates.

Back Off! I just backed up confout.gro to ./#confout.gro.1#

               Core t (s)   Wall t (s)        (%)
       Time:        2.055        2.055      100.0
                 (ns/day)    (hour/ns)
Performance:      840.984        0.029

GROMACS reminds you: "Computer system analysis is like child-rearing; you can do grievous damage, but you cannot ensure success." (Tom DeMarcho)


# Integration error:        6.61

 -------------- BaysOpt loop, query 47 ---------------
going to run a simulation at -2.0106192979999813 0.753982236999984 
# Integrating             - Simpson's rule + Real Space Grid Mini     :-) GROMACS - gmx mdrun, 2023.2-EasyBuild_4.9.0_PLUMED_2.9.0.GMX2023 (-:

Executable:   /sw/arch/RHEL8/EB_production/2023/software/GROMACS/2023.2-foss-2023a-PLUMED-2.9.0.GMX2023/bin/gmx
Data prefix:  /sw/arch/RHEL8/EB_production/2023/software/GROMACS/2023.2-foss-2023a-PLUMED-2.9.0.GMX2023
Working dir:  /gpfs/home1/ekempkes/adipep_buq_short/result_rerun_Matern52_ls_0.75_kappa200_w_0.1_n0.0_queries_100_full_2
Command line:
  gmx mdrun -s simulations_essentials/md.tpr -plumed Colvars/plumed_1.571_-1.571.dat -nsteps 10000 -x Colvars/traj_1.571_-1.571.xtc


Back Off! I just backed up md.log to ./#md.log.1#
Reading file simulations_essentials/md.tpr, VERSION 2022.5-plumed_2.9.3 (single precision)
Note: file tpx version 127, software tpx version 129

NOTE: Parallelization is limited by the small number of atoms,
      only starting 1 thread-MPI ranks.
      You can use the -nt and/or -ntmpi option to optimize the number of threads.

Overriding nsteps with value passed on the command line: 10000 steps, 20 ps

comm-mode angular will give incorrect results when the comm group partially crosses a periodic boundary
Using 1 MPI thread

Non-default thread affinity set, disabling internal thread affinity

Using 1 OpenMP thread 


Back Off! I just backed up traj.trr to ./#traj.trr.1#

Back Off! I just backed up ener.edr to ./#ener.edr.1#
starting mdrun 'Generated by trjconv : Generated by trjconv : Alanine in vacuum in water t= 4500.00000'
10000 steps,     20.0 ps.

Writing final coordinates.

Back Off! I just backed up confout.gro to ./#confout.gro.1#

               Core t (s)   Wall t (s)        (%)
       Time:        2.031        2.031      100.0
                 (ns/day)    (hour/ns)
Performance:      850.726        0.028

GROMACS reminds you: "We All Get the Flu, We All Get Aids" (LIVE)


# Integration error:        6.53

 -------------- BaysOpt loop, query 48 ---------------
going to run a simulation at 1.5707963269999845 -1.5707963269999845 
# Integrating             - Simpson's rule + Real Space Grid Mini     :-) GROMACS - gmx mdrun, 2023.2-EasyBuild_4.9.0_PLUMED_2.9.0.GMX2023 (-:

Executable:   /sw/arch/RHEL8/EB_production/2023/software/GROMACS/2023.2-foss-2023a-PLUMED-2.9.0.GMX2023/bin/gmx
Data prefix:  /sw/arch/RHEL8/EB_production/2023/software/GROMACS/2023.2-foss-2023a-PLUMED-2.9.0.GMX2023
Working dir:  /gpfs/home1/ekempkes/adipep_buq_short/result_rerun_Matern52_ls_0.75_kappa200_w_0.1_n0.0_queries_100_full_2
Command line:
  gmx mdrun -s simulations_essentials/md.tpr -plumed Colvars/plumed_-1.948_2.827.dat -nsteps 10000 -x Colvars/traj_-1.948_2.827.xtc


Back Off! I just backed up md.log to ./#md.log.1#
Reading file simulations_essentials/md.tpr, VERSION 2022.5-plumed_2.9.3 (single precision)
Note: file tpx version 127, software tpx version 129

NOTE: Parallelization is limited by the small number of atoms,
      only starting 1 thread-MPI ranks.
      You can use the -nt and/or -ntmpi option to optimize the number of threads.

Overriding nsteps with value passed on the command line: 10000 steps, 20 ps

comm-mode angular will give incorrect results when the comm group partially crosses a periodic boundary
Using 1 MPI thread

Non-default thread affinity set, disabling internal thread affinity

Using 1 OpenMP thread 


Back Off! I just backed up traj.trr to ./#traj.trr.1#

Back Off! I just backed up ener.edr to ./#ener.edr.1#
starting mdrun 'Generated by trjconv : Generated by trjconv : Alanine in vacuum in water t= 4500.00000'
10000 steps,     20.0 ps.

Writing final coordinates.

Back Off! I just backed up confout.gro to ./#confout.gro.1#

               Core t (s)   Wall t (s)        (%)
       Time:        2.096        2.096      100.0
                 (ns/day)    (hour/ns)
Performance:      824.457        0.029

GROMACS reminds you: "My Head Goes Pop Pop Pop Pop Pop" (F. Black)


# Integration error:        6.34

 -------------- BaysOpt loop, query 49 ---------------
going to run a simulation at -1.9477874449999604 2.8274333879999514 
# Integrating             - Simpson's rule + Real Space Grid Mini     :-) GROMACS - gmx mdrun, 2023.2-EasyBuild_4.9.0_PLUMED_2.9.0.GMX2023 (-:

Executable:   /sw/arch/RHEL8/EB_production/2023/software/GROMACS/2023.2-foss-2023a-PLUMED-2.9.0.GMX2023/bin/gmx
Data prefix:  /sw/arch/RHEL8/EB_production/2023/software/GROMACS/2023.2-foss-2023a-PLUMED-2.9.0.GMX2023
Working dir:  /gpfs/home1/ekempkes/adipep_buq_short/result_rerun_Matern52_ls_0.75_kappa200_w_0.1_n0.0_queries_100_full_2
Command line:
  gmx mdrun -s simulations_essentials/md.tpr -plumed Colvars/plumed_-1.759_-2.890.dat -nsteps 10000 -x Colvars/traj_-1.759_-2.890.xtc


Back Off! I just backed up md.log to ./#md.log.1#
Reading file simulations_essentials/md.tpr, VERSION 2022.5-plumed_2.9.3 (single precision)
Note: file tpx version 127, software tpx version 129

NOTE: Parallelization is limited by the small number of atoms,
      only starting 1 thread-MPI ranks.
      You can use the -nt and/or -ntmpi option to optimize the number of threads.

Overriding nsteps with value passed on the command line: 10000 steps, 20 ps

comm-mode angular will give incorrect results when the comm group partially crosses a periodic boundary
Using 1 MPI thread

Non-default thread affinity set, disabling internal thread affinity

Using 1 OpenMP thread 


Back Off! I just backed up traj.trr to ./#traj.trr.1#

Back Off! I just backed up ener.edr to ./#ener.edr.1#
starting mdrun 'Generated by trjconv : Generated by trjconv : Alanine in vacuum in water t= 4500.00000'
10000 steps,     20.0 ps.

Writing final coordinates.

Back Off! I just backed up confout.gro to ./#confout.gro.1#

               Core t (s)   Wall t (s)        (%)
       Time:        2.012        2.012      100.0
                 (ns/day)    (hour/ns)
Performance:      858.947        0.028

GROMACS reminds you: "Mathematics is no more computation than typing is literature." (John Allen Paulos)


# Integration error:        6.30

 -------------- BaysOpt loop, query 50 ---------------
going to run a simulation at -1.7592918860000242 -2.890265241000028 
# Integrating             - Simpson's rule + Real Space Grid Mini     :-) GROMACS - gmx mdrun, 2023.2-EasyBuild_4.9.0_PLUMED_2.9.0.GMX2023 (-:

Executable:   /sw/arch/RHEL8/EB_production/2023/software/GROMACS/2023.2-foss-2023a-PLUMED-2.9.0.GMX2023/bin/gmx
Data prefix:  /sw/arch/RHEL8/EB_production/2023/software/GROMACS/2023.2-foss-2023a-PLUMED-2.9.0.GMX2023
Working dir:  /gpfs/home1/ekempkes/adipep_buq_short/result_rerun_Matern52_ls_0.75_kappa200_w_0.1_n0.0_queries_100_full_2
Command line:
  gmx mdrun -s simulations_essentials/md.tpr -plumed Colvars/plumed_-2.765_-1.948.dat -nsteps 10000 -x Colvars/traj_-2.765_-1.948.xtc


Back Off! I just backed up md.log to ./#md.log.1#
Reading file simulations_essentials/md.tpr, VERSION 2022.5-plumed_2.9.3 (single precision)
Note: file tpx version 127, software tpx version 129

NOTE: Parallelization is limited by the small number of atoms,
      only starting 1 thread-MPI ranks.
      You can use the -nt and/or -ntmpi option to optimize the number of threads.

Overriding nsteps with value passed on the command line: 10000 steps, 20 ps

comm-mode angular will give incorrect results when the comm group partially crosses a periodic boundary
Using 1 MPI thread

Non-default thread affinity set, disabling internal thread affinity

Using 1 OpenMP thread 


Back Off! I just backed up traj.trr to ./#traj.trr.1#

Back Off! I just backed up ener.edr to ./#ener.edr.1#
starting mdrun 'Generated by trjconv : Generated by trjconv : Alanine in vacuum in water t= 4500.00000'
10000 steps,     20.0 ps.

Writing final coordinates.

Back Off! I just backed up confout.gro to ./#confout.gro.1#

               Core t (s)   Wall t (s)        (%)
       Time:        2.037        2.037      100.0
                 (ns/day)    (hour/ns)
Performance:      848.425        0.028

GROMACS reminds you: "I see they found out the universe is 80 million years older than we thought. It's also been lying about its weight." (Bill Maher)


# Integration error:        6.41

 -------------- BaysOpt loop, query 51 ---------------
going to run a simulation at -2.7646015350000686 -1.9477874449999604 
# Integrating             - Simpson's rule + Real Space Grid Mini     :-) GROMACS - gmx mdrun, 2023.2-EasyBuild_4.9.0_PLUMED_2.9.0.GMX2023 (-:

Executable:   /sw/arch/RHEL8/EB_production/2023/software/GROMACS/2023.2-foss-2023a-PLUMED-2.9.0.GMX2023/bin/gmx
Data prefix:  /sw/arch/RHEL8/EB_production/2023/software/GROMACS/2023.2-foss-2023a-PLUMED-2.9.0.GMX2023
Working dir:  /gpfs/home1/ekempkes/adipep_buq_short/result_rerun_Matern52_ls_0.75_kappa200_w_0.1_n0.0_queries_100_full_2
Command line:
  gmx mdrun -s simulations_essentials/md.tpr -plumed Colvars/plumed_-2.827_-0.565.dat -nsteps 10000 -x Colvars/traj_-2.827_-0.565.xtc


Back Off! I just backed up md.log to ./#md.log.1#
Reading file simulations_essentials/md.tpr, VERSION 2022.5-plumed_2.9.3 (single precision)
Note: file tpx version 127, software tpx version 129

NOTE: Parallelization is limited by the small number of atoms,
      only starting 1 thread-MPI ranks.
      You can use the -nt and/or -ntmpi option to optimize the number of threads.

Overriding nsteps with value passed on the command line: 10000 steps, 20 ps

comm-mode angular will give incorrect results when the comm group partially crosses a periodic boundary
Using 1 MPI thread

Non-default thread affinity set, disabling internal thread affinity

Using 1 OpenMP thread 


Back Off! I just backed up traj.trr to ./#traj.trr.1#

Back Off! I just backed up ener.edr to ./#ener.edr.1#
starting mdrun 'Generated by trjconv : Generated by trjconv : Alanine in vacuum in water t= 4500.00000'
10000 steps,     20.0 ps.

Writing final coordinates.

Back Off! I just backed up confout.gro to ./#confout.gro.1#

               Core t (s)   Wall t (s)        (%)
       Time:        2.048        2.048      100.0
                 (ns/day)    (hour/ns)
Performance:      843.793        0.028

GROMACS reminds you: "Millions saw the apple fall, Newton was the only one who asked why?" (Bernard Baruch)


# Integration error:        6.51

 -------------- BaysOpt loop, query 52 ---------------
going to run a simulation at -2.8274333879999514 -0.5654866780000047 
# Integrating             - Simpson's rule + Real Space Grid Mini     :-) GROMACS - gmx mdrun, 2023.2-EasyBuild_4.9.0_PLUMED_2.9.0.GMX2023 (-:

Executable:   /sw/arch/RHEL8/EB_production/2023/software/GROMACS/2023.2-foss-2023a-PLUMED-2.9.0.GMX2023/bin/gmx
Data prefix:  /sw/arch/RHEL8/EB_production/2023/software/GROMACS/2023.2-foss-2023a-PLUMED-2.9.0.GMX2023
Working dir:  /gpfs/home1/ekempkes/adipep_buq_short/result_rerun_Matern52_ls_0.75_kappa200_w_0.1_n0.0_queries_100_full_2
Command line:
  gmx mdrun -s simulations_essentials/md.tpr -plumed Colvars/plumed_1.571_-0.063.dat -nsteps 10000 -x Colvars/traj_1.571_-0.063.xtc


Back Off! I just backed up md.log to ./#md.log.1#
Reading file simulations_essentials/md.tpr, VERSION 2022.5-plumed_2.9.3 (single precision)
Note: file tpx version 127, software tpx version 129

NOTE: Parallelization is limited by the small number of atoms,
      only starting 1 thread-MPI ranks.
      You can use the -nt and/or -ntmpi option to optimize the number of threads.

Overriding nsteps with value passed on the command line: 10000 steps, 20 ps

comm-mode angular will give incorrect results when the comm group partially crosses a periodic boundary
Using 1 MPI thread

Non-default thread affinity set, disabling internal thread affinity

Using 1 OpenMP thread 


Back Off! I just backed up traj.trr to ./#traj.trr.1#

Back Off! I just backed up ener.edr to ./#ener.edr.1#
starting mdrun 'Generated by trjconv : Generated by trjconv : Alanine in vacuum in water t= 4500.00000'
10000 steps,     20.0 ps.

Writing final coordinates.

Back Off! I just backed up confout.gro to ./#confout.gro.1#

               Core t (s)   Wall t (s)        (%)
       Time:        2.041        2.041      100.0
                 (ns/day)    (hour/ns)
Performance:      846.752        0.028

GROMACS reminds you: "Weaseling out of things is important to learn. It's what separates us from the animals... except the weasels." (Homer Simpson)


# Integration error:        6.56

 -------------- BaysOpt loop, query 53 ---------------
going to run a simulation at 1.5707963269999845 -0.06283185299999909 
# Integrating             - Simpson's rule + Real Space Grid Mini     :-) GROMACS - gmx mdrun, 2023.2-EasyBuild_4.9.0_PLUMED_2.9.0.GMX2023 (-:

Executable:   /sw/arch/RHEL8/EB_production/2023/software/GROMACS/2023.2-foss-2023a-PLUMED-2.9.0.GMX2023/bin/gmx
Data prefix:  /sw/arch/RHEL8/EB_production/2023/software/GROMACS/2023.2-foss-2023a-PLUMED-2.9.0.GMX2023
Working dir:  /gpfs/home1/ekempkes/adipep_buq_short/result_rerun_Matern52_ls_0.75_kappa200_w_0.1_n0.0_queries_100_full_2
Command line:
  gmx mdrun -s simulations_essentials/md.tpr -plumed Colvars/plumed_0.503_0.628.dat -nsteps 10000 -x Colvars/traj_0.503_0.628.xtc


Back Off! I just backed up md.log to ./#md.log.1#
Reading file simulations_essentials/md.tpr, VERSION 2022.5-plumed_2.9.3 (single precision)
Note: file tpx version 127, software tpx version 129

NOTE: Parallelization is limited by the small number of atoms,
      only starting 1 thread-MPI ranks.
      You can use the -nt and/or -ntmpi option to optimize the number of threads.

Overriding nsteps with value passed on the command line: 10000 steps, 20 ps

comm-mode angular will give incorrect results when the comm group partially crosses a periodic boundary
Using 1 MPI thread

Non-default thread affinity set, disabling internal thread affinity

Using 1 OpenMP thread 


Back Off! I just backed up traj.trr to ./#traj.trr.1#

Back Off! I just backed up ener.edr to ./#ener.edr.1#
starting mdrun 'Generated by trjconv : Generated by trjconv : Alanine in vacuum in water t= 4500.00000'
10000 steps,     20.0 ps.

Writing final coordinates.

Back Off! I just backed up confout.gro to ./#confout.gro.1#

               Core t (s)   Wall t (s)        (%)
       Time:        2.049        2.049      100.0
                 (ns/day)    (hour/ns)
Performance:      843.306        0.028

GROMACS reminds you: "Erwin with his psi can do / Calculations quite a few. / But one thing has not been seen / Just what psi really mean." (Felix Bloch)


# Integration error:        6.87

 -------------- BaysOpt loop, query 54 ---------------
going to run a simulation at 0.5026548249999909 0.6283185309999932 
# Integrating             - Simpson's rule + Real Space Grid Mini     :-) GROMACS - gmx mdrun, 2023.2-EasyBuild_4.9.0_PLUMED_2.9.0.GMX2023 (-:

Executable:   /sw/arch/RHEL8/EB_production/2023/software/GROMACS/2023.2-foss-2023a-PLUMED-2.9.0.GMX2023/bin/gmx
Data prefix:  /sw/arch/RHEL8/EB_production/2023/software/GROMACS/2023.2-foss-2023a-PLUMED-2.9.0.GMX2023
Working dir:  /gpfs/home1/ekempkes/adipep_buq_short/result_rerun_Matern52_ls_0.75_kappa200_w_0.1_n0.0_queries_100_full_2
Command line:
  gmx mdrun -s simulations_essentials/md.tpr -plumed Colvars/plumed_-0.942_-0.314.dat -nsteps 10000 -x Colvars/traj_-0.942_-0.314.xtc


Back Off! I just backed up md.log to ./#md.log.1#
Reading file simulations_essentials/md.tpr, VERSION 2022.5-plumed_2.9.3 (single precision)
Note: file tpx version 127, software tpx version 129

NOTE: Parallelization is limited by the small number of atoms,
      only starting 1 thread-MPI ranks.
      You can use the -nt and/or -ntmpi option to optimize the number of threads.

Overriding nsteps with value passed on the command line: 10000 steps, 20 ps

comm-mode angular will give incorrect results when the comm group partially crosses a periodic boundary
Using 1 MPI thread

Non-default thread affinity set, disabling internal thread affinity

Using 1 OpenMP thread 


Back Off! I just backed up traj.trr to ./#traj.trr.1#

Back Off! I just backed up ener.edr to ./#ener.edr.1#
starting mdrun 'Generated by trjconv : Generated by trjconv : Alanine in vacuum in water t= 4500.00000'
10000 steps,     20.0 ps.

Writing final coordinates.

Back Off! I just backed up confout.gro to ./#confout.gro.1#

               Core t (s)   Wall t (s)        (%)
       Time:        2.022        2.022      100.0
                 (ns/day)    (hour/ns)
Performance:      854.537        0.028

GROMACS reminds you: "That Was Cool" (Beavis and Butthead)


# Integration error:        6.38

 -------------- BaysOpt loop, query 55 ---------------
going to run a simulation at -0.9424777960000189 -0.31415926500000063 
# Integrating             - Simpson's rule + Real Space Grid Mini     :-) GROMACS - gmx mdrun, 2023.2-EasyBuild_4.9.0_PLUMED_2.9.0.GMX2023 (-:

Executable:   /sw/arch/RHEL8/EB_production/2023/software/GROMACS/2023.2-foss-2023a-PLUMED-2.9.0.GMX2023/bin/gmx
Data prefix:  /sw/arch/RHEL8/EB_production/2023/software/GROMACS/2023.2-foss-2023a-PLUMED-2.9.0.GMX2023
Working dir:  /gpfs/home1/ekempkes/adipep_buq_short/result_rerun_Matern52_ls_0.75_kappa200_w_0.1_n0.0_queries_100_full_2
Command line:
  gmx mdrun -s simulations_essentials/md.tpr -plumed Colvars/plumed_1.759_1.822.dat -nsteps 10000 -x Colvars/traj_1.759_1.822.xtc


Back Off! I just backed up md.log to ./#md.log.1#
Reading file simulations_essentials/md.tpr, VERSION 2022.5-plumed_2.9.3 (single precision)
Note: file tpx version 127, software tpx version 129

NOTE: Parallelization is limited by the small number of atoms,
      only starting 1 thread-MPI ranks.
      You can use the -nt and/or -ntmpi option to optimize the number of threads.

Overriding nsteps with value passed on the command line: 10000 steps, 20 ps

comm-mode angular will give incorrect results when the comm group partially crosses a periodic boundary
Using 1 MPI thread

Non-default thread affinity set, disabling internal thread affinity

Using 1 OpenMP thread 


Back Off! I just backed up traj.trr to ./#traj.trr.1#

Back Off! I just backed up ener.edr to ./#ener.edr.1#
starting mdrun 'Generated by trjconv : Generated by trjconv : Alanine in vacuum in water t= 4500.00000'
10000 steps,     20.0 ps.

Writing final coordinates.

Back Off! I just backed up confout.gro to ./#confout.gro.1#

               Core t (s)   Wall t (s)        (%)
       Time:        2.011        2.011      100.0
                 (ns/day)    (hour/ns)
Performance:      859.288        0.028

GROMACS reminds you: "Marie, you're looking more radiant every day!" (Pierre Curie)


# Integration error:        6.42

 -------------- BaysOpt loop, query 56 ---------------
going to run a simulation at 1.7592918860000242 1.8221237390000142 
# Integrating             - Simpson's rule + Real Space Grid Mini     :-) GROMACS - gmx mdrun, 2023.2-EasyBuild_4.9.0_PLUMED_2.9.0.GMX2023 (-:

Executable:   /sw/arch/RHEL8/EB_production/2023/software/GROMACS/2023.2-foss-2023a-PLUMED-2.9.0.GMX2023/bin/gmx
Data prefix:  /sw/arch/RHEL8/EB_production/2023/software/GROMACS/2023.2-foss-2023a-PLUMED-2.9.0.GMX2023
Working dir:  /gpfs/home1/ekempkes/adipep_buq_short/result_rerun_Matern52_ls_0.75_kappa200_w_0.1_n0.0_queries_100_full_2
Command line:
  gmx mdrun -s simulations_essentials/md.tpr -plumed Colvars/plumed_-0.628_-2.576.dat -nsteps 10000 -x Colvars/traj_-0.628_-2.576.xtc


Back Off! I just backed up md.log to ./#md.log.1#
Reading file simulations_essentials/md.tpr, VERSION 2022.5-plumed_2.9.3 (single precision)
Note: file tpx version 127, software tpx version 129

NOTE: Parallelization is limited by the small number of atoms,
      only starting 1 thread-MPI ranks.
      You can use the -nt and/or -ntmpi option to optimize the number of threads.

Overriding nsteps with value passed on the command line: 10000 steps, 20 ps

comm-mode angular will give incorrect results when the comm group partially crosses a periodic boundary
Using 1 MPI thread

Non-default thread affinity set, disabling internal thread affinity

Using 1 OpenMP thread 


Back Off! I just backed up traj.trr to ./#traj.trr.1#

Back Off! I just backed up ener.edr to ./#ener.edr.1#
starting mdrun 'Generated by trjconv : Generated by trjconv : Alanine in vacuum in water t= 4500.00000'
10000 steps,     20.0 ps.

Writing final coordinates.

Back Off! I just backed up confout.gro to ./#confout.gro.1#

               Core t (s)   Wall t (s)        (%)
       Time:        2.021        2.021      100.0
                 (ns/day)    (hour/ns)
Performance:      855.147        0.028

GROMACS reminds you: "No matter how important you are, you are not as important as lunch." (Randy Pausch)


# Integration error:        6.32

 -------------- BaysOpt loop, query 57 ---------------
going to run a simulation at -0.6283185309999932 -2.576105975999961 
# Integrating             - Simpson's rule + Real Space Grid Mini     :-) GROMACS - gmx mdrun, 2023.2-EasyBuild_4.9.0_PLUMED_2.9.0.GMX2023 (-:

Executable:   /sw/arch/RHEL8/EB_production/2023/software/GROMACS/2023.2-foss-2023a-PLUMED-2.9.0.GMX2023/bin/gmx
Data prefix:  /sw/arch/RHEL8/EB_production/2023/software/GROMACS/2023.2-foss-2023a-PLUMED-2.9.0.GMX2023
Working dir:  /gpfs/home1/ekempkes/adipep_buq_short/result_rerun_Matern52_ls_0.75_kappa200_w_0.1_n0.0_queries_100_full_2
Command line:
  gmx mdrun -s simulations_essentials/md.tpr -plumed Colvars/plumed_-2.073_-1.634.dat -nsteps 10000 -x Colvars/traj_-2.073_-1.634.xtc


Back Off! I just backed up md.log to ./#md.log.1#
Reading file simulations_essentials/md.tpr, VERSION 2022.5-plumed_2.9.3 (single precision)
Note: file tpx version 127, software tpx version 129

NOTE: Parallelization is limited by the small number of atoms,
      only starting 1 thread-MPI ranks.
      You can use the -nt and/or -ntmpi option to optimize the number of threads.

Overriding nsteps with value passed on the command line: 10000 steps, 20 ps

comm-mode angular will give incorrect results when the comm group partially crosses a periodic boundary
Using 1 MPI thread

Non-default thread affinity set, disabling internal thread affinity

Using 1 OpenMP thread 


Back Off! I just backed up traj.trr to ./#traj.trr.1#

Back Off! I just backed up ener.edr to ./#ener.edr.1#
starting mdrun 'Generated by trjconv : Generated by trjconv : Alanine in vacuum in water t= 4500.00000'
10000 steps,     20.0 ps.

Writing final coordinates.

Back Off! I just backed up confout.gro to ./#confout.gro.1#

               Core t (s)   Wall t (s)        (%)
       Time:        2.049        2.049      100.0
                 (ns/day)    (hour/ns)
Performance:      843.529        0.028

GROMACS reminds you: "She Says She Can't Go Home Without a Chaperone" (E. Costello)


# Integration error:        5.79

 -------------- BaysOpt loop, query 58 ---------------
going to run a simulation at -2.0734511509999756 -1.6336281799999743 
# Integrating             - Simpson's rule + Real Space Grid Mini     :-) GROMACS - gmx mdrun, 2023.2-EasyBuild_4.9.0_PLUMED_2.9.0.GMX2023 (-:

Executable:   /sw/arch/RHEL8/EB_production/2023/software/GROMACS/2023.2-foss-2023a-PLUMED-2.9.0.GMX2023/bin/gmx
Data prefix:  /sw/arch/RHEL8/EB_production/2023/software/GROMACS/2023.2-foss-2023a-PLUMED-2.9.0.GMX2023
Working dir:  /gpfs/home1/ekempkes/adipep_buq_short/result_rerun_Matern52_ls_0.75_kappa200_w_0.1_n0.0_queries_100_full_2
Command line:
  gmx mdrun -s simulations_essentials/md.tpr -plumed Colvars/plumed_-2.953_1.822.dat -nsteps 10000 -x Colvars/traj_-2.953_1.822.xtc


Back Off! I just backed up md.log to ./#md.log.1#
Reading file simulations_essentials/md.tpr, VERSION 2022.5-plumed_2.9.3 (single precision)
Note: file tpx version 127, software tpx version 129

NOTE: Parallelization is limited by the small number of atoms,
      only starting 1 thread-MPI ranks.
      You can use the -nt and/or -ntmpi option to optimize the number of threads.

Overriding nsteps with value passed on the command line: 10000 steps, 20 ps

comm-mode angular will give incorrect results when the comm group partially crosses a periodic boundary
Using 1 MPI thread

Non-default thread affinity set, disabling internal thread affinity

Using 1 OpenMP thread 


Back Off! I just backed up traj.trr to ./#traj.trr.1#

Back Off! I just backed up ener.edr to ./#ener.edr.1#
starting mdrun 'Generated by trjconv : Generated by trjconv : Alanine in vacuum in water t= 4500.00000'
10000 steps,     20.0 ps.

Writing final coordinates.

Back Off! I just backed up confout.gro to ./#confout.gro.1#

               Core t (s)   Wall t (s)        (%)
       Time:        2.033        2.033      100.0
                 (ns/day)    (hour/ns)
Performance:      850.045        0.028

GROMACS reminds you: "Be less curious about people and more curious about ideas." (Marie Curie)


# Integration error:        5.66

 -------------- BaysOpt loop, query 59 ---------------
going to run a simulation at -2.953097093999987 1.8221237390000142 
# Integrating             - Simpson's rule + Real Space Grid Mini     :-) GROMACS - gmx mdrun, 2023.2-EasyBuild_4.9.0_PLUMED_2.9.0.GMX2023 (-:

Executable:   /sw/arch/RHEL8/EB_production/2023/software/GROMACS/2023.2-foss-2023a-PLUMED-2.9.0.GMX2023/bin/gmx
Data prefix:  /sw/arch/RHEL8/EB_production/2023/software/GROMACS/2023.2-foss-2023a-PLUMED-2.9.0.GMX2023
Working dir:  /gpfs/home1/ekempkes/adipep_buq_short/result_rerun_Matern52_ls_0.75_kappa200_w_0.1_n0.0_queries_100_full_2
Command line:
  gmx mdrun -s simulations_essentials/md.tpr -plumed Colvars/plumed_0.628_2.011.dat -nsteps 10000 -x Colvars/traj_0.628_2.011.xtc


Back Off! I just backed up md.log to ./#md.log.1#
Reading file simulations_essentials/md.tpr, VERSION 2022.5-plumed_2.9.3 (single precision)
Note: file tpx version 127, software tpx version 129

NOTE: Parallelization is limited by the small number of atoms,
      only starting 1 thread-MPI ranks.
      You can use the -nt and/or -ntmpi option to optimize the number of threads.

Overriding nsteps with value passed on the command line: 10000 steps, 20 ps

comm-mode angular will give incorrect results when the comm group partially crosses a periodic boundary
Using 1 MPI thread

Non-default thread affinity set, disabling internal thread affinity

Using 1 OpenMP thread 


Back Off! I just backed up traj.trr to ./#traj.trr.1#

Back Off! I just backed up ener.edr to ./#ener.edr.1#
starting mdrun 'Generated by trjconv : Generated by trjconv : Alanine in vacuum in water t= 4500.00000'
10000 steps,     20.0 ps.

Writing final coordinates.

Back Off! I just backed up confout.gro to ./#confout.gro.1#

               Core t (s)   Wall t (s)        (%)
       Time:        2.003        2.003      100.0
                 (ns/day)    (hour/ns)
Performance:      862.702        0.028

GROMACS reminds you: "The absence of real intelligence doesn't prove you're using AI" (Magnus Lundborg)


# Integration error:        5.53

 -------------- BaysOpt loop, query 60 ---------------
going to run a simulation at 0.6283185309999932 2.0106192979999813 
# Integrating             - Simpson's rule + Real Space Grid Mini     :-) GROMACS - gmx mdrun, 2023.2-EasyBuild_4.9.0_PLUMED_2.9.0.GMX2023 (-:

Executable:   /sw/arch/RHEL8/EB_production/2023/software/GROMACS/2023.2-foss-2023a-PLUMED-2.9.0.GMX2023/bin/gmx
Data prefix:  /sw/arch/RHEL8/EB_production/2023/software/GROMACS/2023.2-foss-2023a-PLUMED-2.9.0.GMX2023
Working dir:  /gpfs/home1/ekempkes/adipep_buq_short/result_rerun_Matern52_ls_0.75_kappa200_w_0.1_n0.0_queries_100_full_2
Command line:
  gmx mdrun -s simulations_essentials/md.tpr -plumed Colvars/plumed_-1.822_1.885.dat -nsteps 10000 -x Colvars/traj_-1.822_1.885.xtc


Back Off! I just backed up md.log to ./#md.log.1#
Reading file simulations_essentials/md.tpr, VERSION 2022.5-plumed_2.9.3 (single precision)
Note: file tpx version 127, software tpx version 129

NOTE: Parallelization is limited by the small number of atoms,
      only starting 1 thread-MPI ranks.
      You can use the -nt and/or -ntmpi option to optimize the number of threads.

Overriding nsteps with value passed on the command line: 10000 steps, 20 ps

comm-mode angular will give incorrect results when the comm group partially crosses a periodic boundary
Using 1 MPI thread

Non-default thread affinity set, disabling internal thread affinity

Using 1 OpenMP thread 


Back Off! I just backed up traj.trr to ./#traj.trr.1#

Back Off! I just backed up ener.edr to ./#ener.edr.1#
starting mdrun 'Generated by trjconv : Generated by trjconv : Alanine in vacuum in water t= 4500.00000'
10000 steps,     20.0 ps.

Writing final coordinates.

Back Off! I just backed up confout.gro to ./#confout.gro.1#

               Core t (s)   Wall t (s)        (%)
       Time:        2.046        2.046      100.0
                 (ns/day)    (hour/ns)
Performance:      844.751        0.028

GROMACS reminds you: "You Fill Your Space So Sweet" (F. Apple)


# Integration error:        5.51

 -------------- BaysOpt loop, query 61 ---------------
going to run a simulation at -1.8221237390000142 1.8849555920000378 
# Integrating             - Simpson's rule + Real Space Grid Mini     :-) GROMACS - gmx mdrun, 2023.2-EasyBuild_4.9.0_PLUMED_2.9.0.GMX2023 (-:

Executable:   /sw/arch/RHEL8/EB_production/2023/software/GROMACS/2023.2-foss-2023a-PLUMED-2.9.0.GMX2023/bin/gmx
Data prefix:  /sw/arch/RHEL8/EB_production/2023/software/GROMACS/2023.2-foss-2023a-PLUMED-2.9.0.GMX2023
Working dir:  /gpfs/home1/ekempkes/adipep_buq_short/result_rerun_Matern52_ls_0.75_kappa200_w_0.1_n0.0_queries_100_full_2
Command line:
  gmx mdrun -s simulations_essentials/md.tpr -plumed Colvars/plumed_-0.754_2.765.dat -nsteps 10000 -x Colvars/traj_-0.754_2.765.xtc


Back Off! I just backed up md.log to ./#md.log.1#
Reading file simulations_essentials/md.tpr, VERSION 2022.5-plumed_2.9.3 (single precision)
Note: file tpx version 127, software tpx version 129

NOTE: Parallelization is limited by the small number of atoms,
      only starting 1 thread-MPI ranks.
      You can use the -nt and/or -ntmpi option to optimize the number of threads.

Overriding nsteps with value passed on the command line: 10000 steps, 20 ps

comm-mode angular will give incorrect results when the comm group partially crosses a periodic boundary
Using 1 MPI thread

Non-default thread affinity set, disabling internal thread affinity

Using 1 OpenMP thread 


Back Off! I just backed up traj.trr to ./#traj.trr.1#

Back Off! I just backed up ener.edr to ./#ener.edr.1#
starting mdrun 'Generated by trjconv : Generated by trjconv : Alanine in vacuum in water t= 4500.00000'
10000 steps,     20.0 ps.

Writing final coordinates.

Back Off! I just backed up confout.gro to ./#confout.gro.1#

               Core t (s)   Wall t (s)        (%)
       Time:        2.052        2.052      100.0
                 (ns/day)    (hour/ns)
Performance:      842.059        0.029

GROMACS reminds you: "If You Touch Me, You'll Get Shocked" (Beastie Boys)


# Integration error:        5.40

 -------------- BaysOpt loop, query 62 ---------------
going to run a simulation at -0.753982236999984 2.7646015350000686 
# Integrating             - Simpson's rule + Real Space Grid Mini     :-) GROMACS - gmx mdrun, 2023.2-EasyBuild_4.9.0_PLUMED_2.9.0.GMX2023 (-:

Executable:   /sw/arch/RHEL8/EB_production/2023/software/GROMACS/2023.2-foss-2023a-PLUMED-2.9.0.GMX2023/bin/gmx
Data prefix:  /sw/arch/RHEL8/EB_production/2023/software/GROMACS/2023.2-foss-2023a-PLUMED-2.9.0.GMX2023
Working dir:  /gpfs/home1/ekempkes/adipep_buq_short/result_rerun_Matern52_ls_0.75_kappa200_w_0.1_n0.0_queries_100_full_2
Command line:
  gmx mdrun -s simulations_essentials/md.tpr -plumed Colvars/plumed_0.628_-2.325.dat -nsteps 10000 -x Colvars/traj_0.628_-2.325.xtc


Back Off! I just backed up md.log to ./#md.log.1#
Reading file simulations_essentials/md.tpr, VERSION 2022.5-plumed_2.9.3 (single precision)
Note: file tpx version 127, software tpx version 129

NOTE: Parallelization is limited by the small number of atoms,
      only starting 1 thread-MPI ranks.
      You can use the -nt and/or -ntmpi option to optimize the number of threads.

Overriding nsteps with value passed on the command line: 10000 steps, 20 ps

comm-mode angular will give incorrect results when the comm group partially crosses a periodic boundary
Using 1 MPI thread

Non-default thread affinity set, disabling internal thread affinity

Using 1 OpenMP thread 


Back Off! I just backed up traj.trr to ./#traj.trr.1#

Back Off! I just backed up ener.edr to ./#ener.edr.1#
starting mdrun 'Generated by trjconv : Generated by trjconv : Alanine in vacuum in water t= 4500.00000'
10000 steps,     20.0 ps.

Writing final coordinates.

Back Off! I just backed up confout.gro to ./#confout.gro.1#

               Core t (s)   Wall t (s)        (%)
       Time:        2.048        2.048      100.0
                 (ns/day)    (hour/ns)
Performance:      843.636        0.028

GROMACS reminds you: "A robot will be truly autonomous when you instruct it to go to work and it decides to go to the beach instead." (Brad Templeton)


# Integration error:        5.45

 -------------- BaysOpt loop, query 63 ---------------
going to run a simulation at 0.6283185309999932 -2.3247785640000505 
# Integrating             - Simpson's rule + Real Space Grid Mini     :-) GROMACS - gmx mdrun, 2023.2-EasyBuild_4.9.0_PLUMED_2.9.0.GMX2023 (-:

Executable:   /sw/arch/RHEL8/EB_production/2023/software/GROMACS/2023.2-foss-2023a-PLUMED-2.9.0.GMX2023/bin/gmx
Data prefix:  /sw/arch/RHEL8/EB_production/2023/software/GROMACS/2023.2-foss-2023a-PLUMED-2.9.0.GMX2023
Working dir:  /gpfs/home1/ekempkes/adipep_buq_short/result_rerun_Matern52_ls_0.75_kappa200_w_0.1_n0.0_queries_100_full_2
Command line:
  gmx mdrun -s simulations_essentials/md.tpr -plumed Colvars/plumed_-0.754_-1.759.dat -nsteps 10000 -x Colvars/traj_-0.754_-1.759.xtc


Back Off! I just backed up md.log to ./#md.log.1#
Reading file simulations_essentials/md.tpr, VERSION 2022.5-plumed_2.9.3 (single precision)
Note: file tpx version 127, software tpx version 129

NOTE: Parallelization is limited by the small number of atoms,
      only starting 1 thread-MPI ranks.
      You can use the -nt and/or -ntmpi option to optimize the number of threads.

Overriding nsteps with value passed on the command line: 10000 steps, 20 ps

comm-mode angular will give incorrect results when the comm group partially crosses a periodic boundary
Using 1 MPI thread

Non-default thread affinity set, disabling internal thread affinity

Using 1 OpenMP thread 


Back Off! I just backed up traj.trr to ./#traj.trr.1#

Back Off! I just backed up ener.edr to ./#ener.edr.1#
starting mdrun 'Generated by trjconv : Generated by trjconv : Alanine in vacuum in water t= 4500.00000'
10000 steps,     20.0 ps.

Writing final coordinates.

Back Off! I just backed up confout.gro to ./#confout.gro.1#

               Core t (s)   Wall t (s)        (%)
       Time:        2.064        2.064      100.0
                 (ns/day)    (hour/ns)
Performance:      837.140        0.029

GROMACS reminds you: "What do you want out of life?" (Jack Kerouac, On The Road)


# Integration error:        5.05

 -------------- BaysOpt loop, query 64 ---------------
going to run a simulation at -0.753982236999984 -1.7592918860000242 
# Integrating             - Simpson's rule + Real Space Grid Mini     :-) GROMACS - gmx mdrun, 2023.2-EasyBuild_4.9.0_PLUMED_2.9.0.GMX2023 (-:

Executable:   /sw/arch/RHEL8/EB_production/2023/software/GROMACS/2023.2-foss-2023a-PLUMED-2.9.0.GMX2023/bin/gmx
Data prefix:  /sw/arch/RHEL8/EB_production/2023/software/GROMACS/2023.2-foss-2023a-PLUMED-2.9.0.GMX2023
Working dir:  /gpfs/home1/ekempkes/adipep_buq_short/result_rerun_Matern52_ls_0.75_kappa200_w_0.1_n0.0_queries_100_full_2
Command line:
  gmx mdrun -s simulations_essentials/md.tpr -plumed Colvars/plumed_0.251_-1.319.dat -nsteps 10000 -x Colvars/traj_0.251_-1.319.xtc


Back Off! I just backed up md.log to ./#md.log.1#
Reading file simulations_essentials/md.tpr, VERSION 2022.5-plumed_2.9.3 (single precision)
Note: file tpx version 127, software tpx version 129

NOTE: Parallelization is limited by the small number of atoms,
      only starting 1 thread-MPI ranks.
      You can use the -nt and/or -ntmpi option to optimize the number of threads.

Overriding nsteps with value passed on the command line: 10000 steps, 20 ps

comm-mode angular will give incorrect results when the comm group partially crosses a periodic boundary
Using 1 MPI thread

Non-default thread affinity set, disabling internal thread affinity

Using 1 OpenMP thread 


Back Off! I just backed up traj.trr to ./#traj.trr.1#

Back Off! I just backed up ener.edr to ./#ener.edr.1#
starting mdrun 'Generated by trjconv : Generated by trjconv : Alanine in vacuum in water t= 4500.00000'
10000 steps,     20.0 ps.

Writing final coordinates.

Back Off! I just backed up confout.gro to ./#confout.gro.1#

               Core t (s)   Wall t (s)        (%)
       Time:        2.007        2.007      100.0
                 (ns/day)    (hour/ns)
Performance:      861.153        0.028

GROMACS reminds you: "Developer accused of unreadable code refuses to comment" (Molly Struve)


# Integration error:        4.69

 -------------- BaysOpt loop, query 65 ---------------
going to run a simulation at 0.25132741199999636 -1.3194689150000116 
# Integrating             - Simpson's rule + Real Space Grid Mini     :-) GROMACS - gmx mdrun, 2023.2-EasyBuild_4.9.0_PLUMED_2.9.0.GMX2023 (-:

Executable:   /sw/arch/RHEL8/EB_production/2023/software/GROMACS/2023.2-foss-2023a-PLUMED-2.9.0.GMX2023/bin/gmx
Data prefix:  /sw/arch/RHEL8/EB_production/2023/software/GROMACS/2023.2-foss-2023a-PLUMED-2.9.0.GMX2023
Working dir:  /gpfs/home1/ekempkes/adipep_buq_short/result_rerun_Matern52_ls_0.75_kappa200_w_0.1_n0.0_queries_100_full_2
Command line:
  gmx mdrun -s simulations_essentials/md.tpr -plumed Colvars/plumed_2.702_0.691.dat -nsteps 10000 -x Colvars/traj_2.702_0.691.xtc


Back Off! I just backed up md.log to ./#md.log.1#
Reading file simulations_essentials/md.tpr, VERSION 2022.5-plumed_2.9.3 (single precision)
Note: file tpx version 127, software tpx version 129

NOTE: Parallelization is limited by the small number of atoms,
      only starting 1 thread-MPI ranks.
      You can use the -nt and/or -ntmpi option to optimize the number of threads.

Overriding nsteps with value passed on the command line: 10000 steps, 20 ps

comm-mode angular will give incorrect results when the comm group partially crosses a periodic boundary
Using 1 MPI thread

Non-default thread affinity set, disabling internal thread affinity

Using 1 OpenMP thread 


Back Off! I just backed up traj.trr to ./#traj.trr.1#

Back Off! I just backed up ener.edr to ./#ener.edr.1#
starting mdrun 'Generated by trjconv : Generated by trjconv : Alanine in vacuum in water t= 4500.00000'
10000 steps,     20.0 ps.

Writing final coordinates.

Back Off! I just backed up confout.gro to ./#confout.gro.1#

               Core t (s)   Wall t (s)        (%)
       Time:        2.037        2.037      100.0
                 (ns/day)    (hour/ns)
Performance:      848.380        0.028

GROMACS reminds you: "Your Shopping Techniques are Amazing" (Gogol Bordello)


# Integration error:        4.67

 -------------- BaysOpt loop, query 66 ---------------
going to run a simulation at 2.701769681999987 0.6911503840000147 
# Integrating             - Simpson's rule + Real Space Grid Mini     :-) GROMACS - gmx mdrun, 2023.2-EasyBuild_4.9.0_PLUMED_2.9.0.GMX2023 (-:

Executable:   /sw/arch/RHEL8/EB_production/2023/software/GROMACS/2023.2-foss-2023a-PLUMED-2.9.0.GMX2023/bin/gmx
Data prefix:  /sw/arch/RHEL8/EB_production/2023/software/GROMACS/2023.2-foss-2023a-PLUMED-2.9.0.GMX2023
Working dir:  /gpfs/home1/ekempkes/adipep_buq_short/result_rerun_Matern52_ls_0.75_kappa200_w_0.1_n0.0_queries_100_full_2
Command line:
  gmx mdrun -s simulations_essentials/md.tpr -plumed Colvars/plumed_2.639_-0.503.dat -nsteps 10000 -x Colvars/traj_2.639_-0.503.xtc


Back Off! I just backed up md.log to ./#md.log.1#
Reading file simulations_essentials/md.tpr, VERSION 2022.5-plumed_2.9.3 (single precision)
Note: file tpx version 127, software tpx version 129

NOTE: Parallelization is limited by the small number of atoms,
      only starting 1 thread-MPI ranks.
      You can use the -nt and/or -ntmpi option to optimize the number of threads.

Overriding nsteps with value passed on the command line: 10000 steps, 20 ps

comm-mode angular will give incorrect results when the comm group partially crosses a periodic boundary
Using 1 MPI thread

Non-default thread affinity set, disabling internal thread affinity

Using 1 OpenMP thread 


Back Off! I just backed up traj.trr to ./#traj.trr.1#

Back Off! I just backed up ener.edr to ./#ener.edr.1#
starting mdrun 'Generated by trjconv : Generated by trjconv : Alanine in vacuum in water t= 4500.00000'
10000 steps,     20.0 ps.

Writing final coordinates.

Back Off! I just backed up confout.gro to ./#confout.gro.1#

               Core t (s)   Wall t (s)        (%)
       Time:        2.039        2.039      100.0
                 (ns/day)    (hour/ns)
Performance:      847.486        0.028

GROMACS reminds you: "Humbug! Most things free-born will submit to anything for a salary" (Mr. Rochester in Jane Eyre by Charlotte Bronte)


# Integration error:        4.85

 -------------- BaysOpt loop, query 67 ---------------
going to run a simulation at 2.6389378290000334 -0.5026548249999909 
# Integrating             - Simpson's rule + Real Space Grid Mini     :-) GROMACS - gmx mdrun, 2023.2-EasyBuild_4.9.0_PLUMED_2.9.0.GMX2023 (-:

Executable:   /sw/arch/RHEL8/EB_production/2023/software/GROMACS/2023.2-foss-2023a-PLUMED-2.9.0.GMX2023/bin/gmx
Data prefix:  /sw/arch/RHEL8/EB_production/2023/software/GROMACS/2023.2-foss-2023a-PLUMED-2.9.0.GMX2023
Working dir:  /gpfs/home1/ekempkes/adipep_buq_short/result_rerun_Matern52_ls_0.75_kappa200_w_0.1_n0.0_queries_100_full_2
Command line:
  gmx mdrun -s simulations_essentials/md.tpr -plumed Colvars/plumed_-0.565_1.822.dat -nsteps 10000 -x Colvars/traj_-0.565_1.822.xtc


Back Off! I just backed up md.log to ./#md.log.1#
Reading file simulations_essentials/md.tpr, VERSION 2022.5-plumed_2.9.3 (single precision)
Note: file tpx version 127, software tpx version 129

NOTE: Parallelization is limited by the small number of atoms,
      only starting 1 thread-MPI ranks.
      You can use the -nt and/or -ntmpi option to optimize the number of threads.

Overriding nsteps with value passed on the command line: 10000 steps, 20 ps

comm-mode angular will give incorrect results when the comm group partially crosses a periodic boundary
Using 1 MPI thread

Non-default thread affinity set, disabling internal thread affinity

Using 1 OpenMP thread 


Back Off! I just backed up traj.trr to ./#traj.trr.1#

Back Off! I just backed up ener.edr to ./#ener.edr.1#
starting mdrun 'Generated by trjconv : Generated by trjconv : Alanine in vacuum in water t= 4500.00000'
10000 steps,     20.0 ps.

Writing final coordinates.

Back Off! I just backed up confout.gro to ./#confout.gro.1#

               Core t (s)   Wall t (s)        (%)
       Time:        2.018        2.018      100.0
                 (ns/day)    (hour/ns)
Performance:      856.379        0.028

GROMACS reminds you: "Though the path of the comet is sure, it's constitution is not" (Peter Hammill)


# Integration error:        4.66

 -------------- BaysOpt loop, query 68 ---------------
going to run a simulation at -0.5654866780000047 1.8221237390000142 
# Integrating             - Simpson's rule + Real Space Grid Mini     :-) GROMACS - gmx mdrun, 2023.2-EasyBuild_4.9.0_PLUMED_2.9.0.GMX2023 (-:

Executable:   /sw/arch/RHEL8/EB_production/2023/software/GROMACS/2023.2-foss-2023a-PLUMED-2.9.0.GMX2023/bin/gmx
Data prefix:  /sw/arch/RHEL8/EB_production/2023/software/GROMACS/2023.2-foss-2023a-PLUMED-2.9.0.GMX2023
Working dir:  /gpfs/home1/ekempkes/adipep_buq_short/result_rerun_Matern52_ls_0.75_kappa200_w_0.1_n0.0_queries_100_full_2
Command line:
  gmx mdrun -s simulations_essentials/md.tpr -plumed Colvars/plumed_1.571_2.953.dat -nsteps 10000 -x Colvars/traj_1.571_2.953.xtc


Back Off! I just backed up md.log to ./#md.log.1#
Reading file simulations_essentials/md.tpr, VERSION 2022.5-plumed_2.9.3 (single precision)
Note: file tpx version 127, software tpx version 129

NOTE: Parallelization is limited by the small number of atoms,
      only starting 1 thread-MPI ranks.
      You can use the -nt and/or -ntmpi option to optimize the number of threads.

Overriding nsteps with value passed on the command line: 10000 steps, 20 ps

comm-mode angular will give incorrect results when the comm group partially crosses a periodic boundary
Using 1 MPI thread

Non-default thread affinity set, disabling internal thread affinity

Using 1 OpenMP thread 


Back Off! I just backed up traj.trr to ./#traj.trr.1#

Back Off! I just backed up ener.edr to ./#ener.edr.1#
starting mdrun 'Generated by trjconv : Generated by trjconv : Alanine in vacuum in water t= 4500.00000'
10000 steps,     20.0 ps.

Writing final coordinates.

Back Off! I just backed up confout.gro to ./#confout.gro.1#

               Core t (s)   Wall t (s)        (%)
       Time:        2.063        2.063      100.0
                 (ns/day)    (hour/ns)
Performance:      837.529        0.029

GROMACS reminds you: "Fresh Air, Green Hair" (Frank Black)


# Integration error:        4.65

 -------------- BaysOpt loop, query 69 ---------------
going to run a simulation at 1.5707963269999845 2.953097093999987 
# Integrating             - Simpson's rule + Real Space Grid Mini     :-) GROMACS - gmx mdrun, 2023.2-EasyBuild_4.9.0_PLUMED_2.9.0.GMX2023 (-:

Executable:   /sw/arch/RHEL8/EB_production/2023/software/GROMACS/2023.2-foss-2023a-PLUMED-2.9.0.GMX2023/bin/gmx
Data prefix:  /sw/arch/RHEL8/EB_production/2023/software/GROMACS/2023.2-foss-2023a-PLUMED-2.9.0.GMX2023
Working dir:  /gpfs/home1/ekempkes/adipep_buq_short/result_rerun_Matern52_ls_0.75_kappa200_w_0.1_n0.0_queries_100_full_2
Command line:
  gmx mdrun -s simulations_essentials/md.tpr -plumed Colvars/plumed_-1.885_0.126.dat -nsteps 10000 -x Colvars/traj_-1.885_0.126.xtc


Back Off! I just backed up md.log to ./#md.log.1#
Reading file simulations_essentials/md.tpr, VERSION 2022.5-plumed_2.9.3 (single precision)
Note: file tpx version 127, software tpx version 129

NOTE: Parallelization is limited by the small number of atoms,
      only starting 1 thread-MPI ranks.
      You can use the -nt and/or -ntmpi option to optimize the number of threads.

Overriding nsteps with value passed on the command line: 10000 steps, 20 ps

comm-mode angular will give incorrect results when the comm group partially crosses a periodic boundary
Using 1 MPI thread

Non-default thread affinity set, disabling internal thread affinity

Using 1 OpenMP thread 


Back Off! I just backed up traj.trr to ./#traj.trr.1#

Back Off! I just backed up ener.edr to ./#ener.edr.1#
starting mdrun 'Generated by trjconv : Generated by trjconv : Alanine in vacuum in water t= 4500.00000'
10000 steps,     20.0 ps.

Writing final coordinates.

Back Off! I just backed up confout.gro to ./#confout.gro.1#

               Core t (s)   Wall t (s)        (%)
       Time:        2.048        2.048      100.0
                 (ns/day)    (hour/ns)
Performance:      843.756        0.028

GROMACS reminds you: "I can't help but think the model is ungrateful for all that nice data I gave it. Jerk." (Kate Stafford)


# Integration error:        4.70

 -------------- BaysOpt loop, query 70 ---------------
going to run a simulation at -1.8849555920000378 0.12566370599999818 
# Integrating             - Simpson's rule + Real Space Grid Mini     :-) GROMACS - gmx mdrun, 2023.2-EasyBuild_4.9.0_PLUMED_2.9.0.GMX2023 (-:

Executable:   /sw/arch/RHEL8/EB_production/2023/software/GROMACS/2023.2-foss-2023a-PLUMED-2.9.0.GMX2023/bin/gmx
Data prefix:  /sw/arch/RHEL8/EB_production/2023/software/GROMACS/2023.2-foss-2023a-PLUMED-2.9.0.GMX2023
Working dir:  /gpfs/home1/ekempkes/adipep_buq_short/result_rerun_Matern52_ls_0.75_kappa200_w_0.1_n0.0_queries_100_full_2
Command line:
  gmx mdrun -s simulations_essentials/md.tpr -plumed Colvars/plumed_1.571_0.565.dat -nsteps 10000 -x Colvars/traj_1.571_0.565.xtc


Back Off! I just backed up md.log to ./#md.log.1#
Reading file simulations_essentials/md.tpr, VERSION 2022.5-plumed_2.9.3 (single precision)
Note: file tpx version 127, software tpx version 129

NOTE: Parallelization is limited by the small number of atoms,
      only starting 1 thread-MPI ranks.
      You can use the -nt and/or -ntmpi option to optimize the number of threads.

Overriding nsteps with value passed on the command line: 10000 steps, 20 ps

comm-mode angular will give incorrect results when the comm group partially crosses a periodic boundary
Using 1 MPI thread

Non-default thread affinity set, disabling internal thread affinity

Using 1 OpenMP thread 


Back Off! I just backed up traj.trr to ./#traj.trr.1#

Back Off! I just backed up ener.edr to ./#ener.edr.1#
starting mdrun 'Generated by trjconv : Generated by trjconv : Alanine in vacuum in water t= 4500.00000'
10000 steps,     20.0 ps.

Writing final coordinates.

Back Off! I just backed up confout.gro to ./#confout.gro.1#

               Core t (s)   Wall t (s)        (%)
       Time:        2.032        2.032      100.0
                 (ns/day)    (hour/ns)
Performance:      850.501        0.028

GROMACS reminds you: "Life in the streets is not easy" (Marky Mark)


# Integration error:        4.70

 -------------- BaysOpt loop, query 71 ---------------
going to run a simulation at 1.5707963269999845 0.5654866780000047 
# Integrating             - Simpson's rule + Real Space Grid Mini     :-) GROMACS - gmx mdrun, 2023.2-EasyBuild_4.9.0_PLUMED_2.9.0.GMX2023 (-:

Executable:   /sw/arch/RHEL8/EB_production/2023/software/GROMACS/2023.2-foss-2023a-PLUMED-2.9.0.GMX2023/bin/gmx
Data prefix:  /sw/arch/RHEL8/EB_production/2023/software/GROMACS/2023.2-foss-2023a-PLUMED-2.9.0.GMX2023
Working dir:  /gpfs/home1/ekempkes/adipep_buq_short/result_rerun_Matern52_ls_0.75_kappa200_w_0.1_n0.0_queries_100_full_2
Command line:
  gmx mdrun -s simulations_essentials/md.tpr -plumed Colvars/plumed_0.942_-0.188.dat -nsteps 10000 -x Colvars/traj_0.942_-0.188.xtc


Back Off! I just backed up md.log to ./#md.log.1#
Reading file simulations_essentials/md.tpr, VERSION 2022.5-plumed_2.9.3 (single precision)
Note: file tpx version 127, software tpx version 129

NOTE: Parallelization is limited by the small number of atoms,
      only starting 1 thread-MPI ranks.
      You can use the -nt and/or -ntmpi option to optimize the number of threads.

Overriding nsteps with value passed on the command line: 10000 steps, 20 ps

comm-mode angular will give incorrect results when the comm group partially crosses a periodic boundary
Using 1 MPI thread

Non-default thread affinity set, disabling internal thread affinity

Using 1 OpenMP thread 


Back Off! I just backed up traj.trr to ./#traj.trr.1#

Back Off! I just backed up ener.edr to ./#ener.edr.1#
starting mdrun 'Generated by trjconv : Generated by trjconv : Alanine in vacuum in water t= 4500.00000'
10000 steps,     20.0 ps.

Writing final coordinates.

Back Off! I just backed up confout.gro to ./#confout.gro.1#

               Core t (s)   Wall t (s)        (%)
       Time:        2.059        2.059      100.0
                 (ns/day)    (hour/ns)
Performance:      839.225        0.029

GROMACS reminds you: "You should never bet against anything in science at odds of more than about 10^12 to 1." (Ernest Rutherford)


# Integration error:        4.66

 -------------- BaysOpt loop, query 72 ---------------
going to run a simulation at 0.9424777960000189 -0.18849555899999812 
# Integrating             - Simpson's rule + Real Space Grid Mini     :-) GROMACS - gmx mdrun, 2023.2-EasyBuild_4.9.0_PLUMED_2.9.0.GMX2023 (-:

Executable:   /sw/arch/RHEL8/EB_production/2023/software/GROMACS/2023.2-foss-2023a-PLUMED-2.9.0.GMX2023/bin/gmx
Data prefix:  /sw/arch/RHEL8/EB_production/2023/software/GROMACS/2023.2-foss-2023a-PLUMED-2.9.0.GMX2023
Working dir:  /gpfs/home1/ekempkes/adipep_buq_short/result_rerun_Matern52_ls_0.75_kappa200_w_0.1_n0.0_queries_100_full_2
Command line:
  gmx mdrun -s simulations_essentials/md.tpr -plumed Colvars/plumed_0.880_1.068.dat -nsteps 10000 -x Colvars/traj_0.880_1.068.xtc


Back Off! I just backed up md.log to ./#md.log.1#
Reading file simulations_essentials/md.tpr, VERSION 2022.5-plumed_2.9.3 (single precision)
Note: file tpx version 127, software tpx version 129

NOTE: Parallelization is limited by the small number of atoms,
      only starting 1 thread-MPI ranks.
      You can use the -nt and/or -ntmpi option to optimize the number of threads.

Overriding nsteps with value passed on the command line: 10000 steps, 20 ps

comm-mode angular will give incorrect results when the comm group partially crosses a periodic boundary
Using 1 MPI thread

Non-default thread affinity set, disabling internal thread affinity

Using 1 OpenMP thread 


Back Off! I just backed up traj.trr to ./#traj.trr.1#

Back Off! I just backed up ener.edr to ./#ener.edr.1#
starting mdrun 'Generated by trjconv : Generated by trjconv : Alanine in vacuum in water t= 4500.00000'
10000 steps,     20.0 ps.

Writing final coordinates.

Back Off! I just backed up confout.gro to ./#confout.gro.1#

               Core t (s)   Wall t (s)        (%)
       Time:        2.028        2.028      100.0
                 (ns/day)    (hour/ns)
Performance:      851.965        0.028

GROMACS reminds you: "Mathematics is a game played according to certain rules with meaningless marks on paper." (David Hilbert)


# Integration error:        4.74

 -------------- BaysOpt loop, query 73 ---------------
going to run a simulation at 0.8796459430000121 1.0681415019999982 
# Integrating             - Simpson's rule + Real Space Grid Mini     :-) GROMACS - gmx mdrun, 2023.2-EasyBuild_4.9.0_PLUMED_2.9.0.GMX2023 (-:

Executable:   /sw/arch/RHEL8/EB_production/2023/software/GROMACS/2023.2-foss-2023a-PLUMED-2.9.0.GMX2023/bin/gmx
Data prefix:  /sw/arch/RHEL8/EB_production/2023/software/GROMACS/2023.2-foss-2023a-PLUMED-2.9.0.GMX2023
Working dir:  /gpfs/home1/ekempkes/adipep_buq_short/result_rerun_Matern52_ls_0.75_kappa200_w_0.1_n0.0_queries_100_full_2
Command line:
  gmx mdrun -s simulations_essentials/md.tpr -plumed Colvars/plumed_2.011_-1.131.dat -nsteps 10000 -x Colvars/traj_2.011_-1.131.xtc


Back Off! I just backed up md.log to ./#md.log.1#
Reading file simulations_essentials/md.tpr, VERSION 2022.5-plumed_2.9.3 (single precision)
Note: file tpx version 127, software tpx version 129

NOTE: Parallelization is limited by the small number of atoms,
      only starting 1 thread-MPI ranks.
      You can use the -nt and/or -ntmpi option to optimize the number of threads.

Overriding nsteps with value passed on the command line: 10000 steps, 20 ps

comm-mode angular will give incorrect results when the comm group partially crosses a periodic boundary
Using 1 MPI thread

Non-default thread affinity set, disabling internal thread affinity

Using 1 OpenMP thread 


Back Off! I just backed up traj.trr to ./#traj.trr.1#

Back Off! I just backed up ener.edr to ./#ener.edr.1#
starting mdrun 'Generated by trjconv : Generated by trjconv : Alanine in vacuum in water t= 4500.00000'
10000 steps,     20.0 ps.

Writing final coordinates.

Back Off! I just backed up confout.gro to ./#confout.gro.1#

               Core t (s)   Wall t (s)        (%)
       Time:        2.058        2.059      100.0
                 (ns/day)    (hour/ns)
Performance:      839.509        0.029

GROMACS reminds you: "If you know you are on the right track, if you have this inner knowledge, then nobody can turn you off... no matter what they say." (Barbara McClintock)


# Integration error:        4.76

 -------------- BaysOpt loop, query 74 ---------------
going to run a simulation at 2.0106192979999813 -1.130973355000006 
# Integrating             - Simpson's rule + Real Space Grid Mini     :-) GROMACS - gmx mdrun, 2023.2-EasyBuild_4.9.0_PLUMED_2.9.0.GMX2023 (-:

Executable:   /sw/arch/RHEL8/EB_production/2023/software/GROMACS/2023.2-foss-2023a-PLUMED-2.9.0.GMX2023/bin/gmx
Data prefix:  /sw/arch/RHEL8/EB_production/2023/software/GROMACS/2023.2-foss-2023a-PLUMED-2.9.0.GMX2023
Working dir:  /gpfs/home1/ekempkes/adipep_buq_short/result_rerun_Matern52_ls_0.75_kappa200_w_0.1_n0.0_queries_100_full_2
Command line:
  gmx mdrun -s simulations_essentials/md.tpr -plumed Colvars/plumed_-1.131_-1.005.dat -nsteps 10000 -x Colvars/traj_-1.131_-1.005.xtc


Back Off! I just backed up md.log to ./#md.log.1#
Reading file simulations_essentials/md.tpr, VERSION 2022.5-plumed_2.9.3 (single precision)
Note: file tpx version 127, software tpx version 129

NOTE: Parallelization is limited by the small number of atoms,
      only starting 1 thread-MPI ranks.
      You can use the -nt and/or -ntmpi option to optimize the number of threads.

Overriding nsteps with value passed on the command line: 10000 steps, 20 ps

comm-mode angular will give incorrect results when the comm group partially crosses a periodic boundary
Using 1 MPI thread

Non-default thread affinity set, disabling internal thread affinity

Using 1 OpenMP thread 


Back Off! I just backed up traj.trr to ./#traj.trr.1#

Back Off! I just backed up ener.edr to ./#ener.edr.1#
starting mdrun 'Generated by trjconv : Generated by trjconv : Alanine in vacuum in water t= 4500.00000'
10000 steps,     20.0 ps.

Writing final coordinates.

Back Off! I just backed up confout.gro to ./#confout.gro.1#

               Core t (s)   Wall t (s)        (%)
       Time:        2.020        2.020      100.0
                 (ns/day)    (hour/ns)
Performance:      855.482        0.028

GROMACS reminds you: "Memory is like an orgasm. It's a lot better if you don't have to fake it." (Seymour Cray, on virtual memory)


# Integration error:        4.79

 -------------- BaysOpt loop, query 75 ---------------
going to run a simulation at -1.130973355000006 -1.0053096489999906 
# Integrating             - Simpson's rule + Real Space Grid Mini     :-) GROMACS - gmx mdrun, 2023.2-EasyBuild_4.9.0_PLUMED_2.9.0.GMX2023 (-:

Executable:   /sw/arch/RHEL8/EB_production/2023/software/GROMACS/2023.2-foss-2023a-PLUMED-2.9.0.GMX2023/bin/gmx
Data prefix:  /sw/arch/RHEL8/EB_production/2023/software/GROMACS/2023.2-foss-2023a-PLUMED-2.9.0.GMX2023
Working dir:  /gpfs/home1/ekempkes/adipep_buq_short/result_rerun_Matern52_ls_0.75_kappa200_w_0.1_n0.0_queries_100_full_2
Command line:
  gmx mdrun -s simulations_essentials/md.tpr -plumed Colvars/plumed_-0.188_-0.314.dat -nsteps 10000 -x Colvars/traj_-0.188_-0.314.xtc


Back Off! I just backed up md.log to ./#md.log.1#
Reading file simulations_essentials/md.tpr, VERSION 2022.5-plumed_2.9.3 (single precision)
Note: file tpx version 127, software tpx version 129

NOTE: Parallelization is limited by the small number of atoms,
      only starting 1 thread-MPI ranks.
      You can use the -nt and/or -ntmpi option to optimize the number of threads.

Overriding nsteps with value passed on the command line: 10000 steps, 20 ps

comm-mode angular will give incorrect results when the comm group partially crosses a periodic boundary
Using 1 MPI thread

Non-default thread affinity set, disabling internal thread affinity

Using 1 OpenMP thread 


Back Off! I just backed up traj.trr to ./#traj.trr.1#

Back Off! I just backed up ener.edr to ./#ener.edr.1#
starting mdrun 'Generated by trjconv : Generated by trjconv : Alanine in vacuum in water t= 4500.00000'
10000 steps,     20.0 ps.

Writing final coordinates.

Back Off! I just backed up confout.gro to ./#confout.gro.1#

               Core t (s)   Wall t (s)        (%)
       Time:        2.028        2.028      100.0
                 (ns/day)    (hour/ns)
Performance:      851.976        0.028

GROMACS reminds you: "I think everybody should like everybody." (Andy Warhol)


# Integration error:        4.79

 -------------- BaysOpt loop, query 76 ---------------
going to run a simulation at -0.18849555899999812 -0.31415926500000063 
# Integrating             - Simpson's rule + Real Space Grid Mini     :-) GROMACS - gmx mdrun, 2023.2-EasyBuild_4.9.0_PLUMED_2.9.0.GMX2023 (-:

Executable:   /sw/arch/RHEL8/EB_production/2023/software/GROMACS/2023.2-foss-2023a-PLUMED-2.9.0.GMX2023/bin/gmx
Data prefix:  /sw/arch/RHEL8/EB_production/2023/software/GROMACS/2023.2-foss-2023a-PLUMED-2.9.0.GMX2023
Working dir:  /gpfs/home1/ekempkes/adipep_buq_short/result_rerun_Matern52_ls_0.75_kappa200_w_0.1_n0.0_queries_100_full_2
Command line:
  gmx mdrun -s simulations_essentials/md.tpr -plumed Colvars/plumed_-1.696_-2.262.dat -nsteps 10000 -x Colvars/traj_-1.696_-2.262.xtc


Back Off! I just backed up md.log to ./#md.log.1#
Reading file simulations_essentials/md.tpr, VERSION 2022.5-plumed_2.9.3 (single precision)
Note: file tpx version 127, software tpx version 129

NOTE: Parallelization is limited by the small number of atoms,
      only starting 1 thread-MPI ranks.
      You can use the -nt and/or -ntmpi option to optimize the number of threads.

Overriding nsteps with value passed on the command line: 10000 steps, 20 ps

comm-mode angular will give incorrect results when the comm group partially crosses a periodic boundary
Using 1 MPI thread

Non-default thread affinity set, disabling internal thread affinity

Using 1 OpenMP thread 


Back Off! I just backed up traj.trr to ./#traj.trr.1#

Back Off! I just backed up ener.edr to ./#ener.edr.1#
starting mdrun 'Generated by trjconv : Generated by trjconv : Alanine in vacuum in water t= 4500.00000'
10000 steps,     20.0 ps.

Writing final coordinates.

Back Off! I just backed up confout.gro to ./#confout.gro.1#

               Core t (s)   Wall t (s)        (%)
       Time:        2.125        2.126      100.0
                 (ns/day)    (hour/ns)
Performance:      813.064        0.030

GROMACS reminds you: "It's easy to remember: a half a kT is equal to five fourths of a kJ/mol." (Anders Gabrielsson)


# Integration error:        4.73

 -------------- BaysOpt loop, query 77 ---------------
going to run a simulation at -1.6964600329999944 -2.2619467110000038 
# Integrating             - Simpson's rule + Real Space Grid Mini     :-) GROMACS - gmx mdrun, 2023.2-EasyBuild_4.9.0_PLUMED_2.9.0.GMX2023 (-:

Executable:   /sw/arch/RHEL8/EB_production/2023/software/GROMACS/2023.2-foss-2023a-PLUMED-2.9.0.GMX2023/bin/gmx
Data prefix:  /sw/arch/RHEL8/EB_production/2023/software/GROMACS/2023.2-foss-2023a-PLUMED-2.9.0.GMX2023
Working dir:  /gpfs/home1/ekempkes/adipep_buq_short/result_rerun_Matern52_ls_0.75_kappa200_w_0.1_n0.0_queries_100_full_2
Command line:
  gmx mdrun -s simulations_essentials/md.tpr -plumed Colvars/plumed_2.325_1.508.dat -nsteps 10000 -x Colvars/traj_2.325_1.508.xtc


Back Off! I just backed up md.log to ./#md.log.1#
Reading file simulations_essentials/md.tpr, VERSION 2022.5-plumed_2.9.3 (single precision)
Note: file tpx version 127, software tpx version 129

NOTE: Parallelization is limited by the small number of atoms,
      only starting 1 thread-MPI ranks.
      You can use the -nt and/or -ntmpi option to optimize the number of threads.

Overriding nsteps with value passed on the command line: 10000 steps, 20 ps

comm-mode angular will give incorrect results when the comm group partially crosses a periodic boundary
Using 1 MPI thread

Non-default thread affinity set, disabling internal thread affinity

Using 1 OpenMP thread 


Back Off! I just backed up traj.trr to ./#traj.trr.1#

Back Off! I just backed up ener.edr to ./#ener.edr.1#
starting mdrun 'Generated by trjconv : Generated by trjconv : Alanine in vacuum in water t= 4500.00000'
10000 steps,     20.0 ps.

Writing final coordinates.

Back Off! I just backed up confout.gro to ./#confout.gro.1#

               Core t (s)   Wall t (s)        (%)
       Time:        2.014        2.014      100.0
                 (ns/day)    (hour/ns)
Performance:      858.005        0.028

GROMACS reminds you: "Unfortunately, "simulation" has become increasingly misused to mean nothing more than "calculation"" (Bill Jorgensen)


# Integration error:        4.77

 -------------- BaysOpt loop, query 78 ---------------
going to run a simulation at 2.3247785640000505 1.507964473999968 
# Integrating             - Simpson's rule + Real Space Grid Mini     :-) GROMACS - gmx mdrun, 2023.2-EasyBuild_4.9.0_PLUMED_2.9.0.GMX2023 (-:

Executable:   /sw/arch/RHEL8/EB_production/2023/software/GROMACS/2023.2-foss-2023a-PLUMED-2.9.0.GMX2023/bin/gmx
Data prefix:  /sw/arch/RHEL8/EB_production/2023/software/GROMACS/2023.2-foss-2023a-PLUMED-2.9.0.GMX2023
Working dir:  /gpfs/home1/ekempkes/adipep_buq_short/result_rerun_Matern52_ls_0.75_kappa200_w_0.1_n0.0_queries_100_full_2
Command line:
  gmx mdrun -s simulations_essentials/md.tpr -plumed Colvars/plumed_1.634_-2.388.dat -nsteps 10000 -x Colvars/traj_1.634_-2.388.xtc


Back Off! I just backed up md.log to ./#md.log.1#
Reading file simulations_essentials/md.tpr, VERSION 2022.5-plumed_2.9.3 (single precision)
Note: file tpx version 127, software tpx version 129

NOTE: Parallelization is limited by the small number of atoms,
      only starting 1 thread-MPI ranks.
      You can use the -nt and/or -ntmpi option to optimize the number of threads.

Overriding nsteps with value passed on the command line: 10000 steps, 20 ps

comm-mode angular will give incorrect results when the comm group partially crosses a periodic boundary
Using 1 MPI thread

Non-default thread affinity set, disabling internal thread affinity

Using 1 OpenMP thread 


Back Off! I just backed up traj.trr to ./#traj.trr.1#

Back Off! I just backed up ener.edr to ./#ener.edr.1#
starting mdrun 'Generated by trjconv : Generated by trjconv : Alanine in vacuum in water t= 4500.00000'
10000 steps,     20.0 ps.

Writing final coordinates.

Back Off! I just backed up confout.gro to ./#confout.gro.1#

               Core t (s)   Wall t (s)        (%)
       Time:        2.026        2.026      100.0
                 (ns/day)    (hour/ns)
Performance:      852.808        0.028

GROMACS reminds you: "Furious activity is no substitute for understanding." (H.H. Williams)


# Integration error:        4.72

 -------------- BaysOpt loop, query 79 ---------------
going to run a simulation at 1.6336281799999743 -2.3876104169999515 
# Integrating             - Simpson's rule + Real Space Grid Mini     :-) GROMACS - gmx mdrun, 2023.2-EasyBuild_4.9.0_PLUMED_2.9.0.GMX2023 (-:

Executable:   /sw/arch/RHEL8/EB_production/2023/software/GROMACS/2023.2-foss-2023a-PLUMED-2.9.0.GMX2023/bin/gmx
Data prefix:  /sw/arch/RHEL8/EB_production/2023/software/GROMACS/2023.2-foss-2023a-PLUMED-2.9.0.GMX2023
Working dir:  /gpfs/home1/ekempkes/adipep_buq_short/result_rerun_Matern52_ls_0.75_kappa200_w_0.1_n0.0_queries_100_full_2
Command line:
  gmx mdrun -s simulations_essentials/md.tpr -plumed Colvars/plumed_0.126_2.136.dat -nsteps 10000 -x Colvars/traj_0.126_2.136.xtc


Back Off! I just backed up md.log to ./#md.log.1#
Reading file simulations_essentials/md.tpr, VERSION 2022.5-plumed_2.9.3 (single precision)
Note: file tpx version 127, software tpx version 129

NOTE: Parallelization is limited by the small number of atoms,
      only starting 1 thread-MPI ranks.
      You can use the -nt and/or -ntmpi option to optimize the number of threads.

Overriding nsteps with value passed on the command line: 10000 steps, 20 ps

comm-mode angular will give incorrect results when the comm group partially crosses a periodic boundary
Using 1 MPI thread

Non-default thread affinity set, disabling internal thread affinity

Using 1 OpenMP thread 


Back Off! I just backed up traj.trr to ./#traj.trr.1#

Back Off! I just backed up ener.edr to ./#ener.edr.1#
starting mdrun 'Generated by trjconv : Generated by trjconv : Alanine in vacuum in water t= 4500.00000'
10000 steps,     20.0 ps.

Writing final coordinates.

Back Off! I just backed up confout.gro to ./#confout.gro.1#

               Core t (s)   Wall t (s)        (%)
       Time:        2.034        2.034      100.0
                 (ns/day)    (hour/ns)
Performance:      849.787        0.028

GROMACS reminds you: "Culture eats strategy for breakfast" (Peter Drucker)


# Integration error:        4.64

 -------------- BaysOpt loop, query 80 ---------------
going to run a simulation at 0.12566370599999818 2.1362830039999965 
# Integrating             - Simpson's rule + Real Space Grid Mini     :-) GROMACS - gmx mdrun, 2023.2-EasyBuild_4.9.0_PLUMED_2.9.0.GMX2023 (-:

Executable:   /sw/arch/RHEL8/EB_production/2023/software/GROMACS/2023.2-foss-2023a-PLUMED-2.9.0.GMX2023/bin/gmx
Data prefix:  /sw/arch/RHEL8/EB_production/2023/software/GROMACS/2023.2-foss-2023a-PLUMED-2.9.0.GMX2023
Working dir:  /gpfs/home1/ekempkes/adipep_buq_short/result_rerun_Matern52_ls_0.75_kappa200_w_0.1_n0.0_queries_100_full_2
Command line:
  gmx mdrun -s simulations_essentials/md.tpr -plumed Colvars/plumed_1.194_1.948.dat -nsteps 10000 -x Colvars/traj_1.194_1.948.xtc


Back Off! I just backed up md.log to ./#md.log.1#
Reading file simulations_essentials/md.tpr, VERSION 2022.5-plumed_2.9.3 (single precision)
Note: file tpx version 127, software tpx version 129

NOTE: Parallelization is limited by the small number of atoms,
      only starting 1 thread-MPI ranks.
      You can use the -nt and/or -ntmpi option to optimize the number of threads.

Overriding nsteps with value passed on the command line: 10000 steps, 20 ps

comm-mode angular will give incorrect results when the comm group partially crosses a periodic boundary
Using 1 MPI thread

Non-default thread affinity set, disabling internal thread affinity

Using 1 OpenMP thread 


Back Off! I just backed up traj.trr to ./#traj.trr.1#

Back Off! I just backed up ener.edr to ./#ener.edr.1#
starting mdrun 'Generated by trjconv : Generated by trjconv : Alanine in vacuum in water t= 4500.00000'
10000 steps,     20.0 ps.

Writing final coordinates.

Back Off! I just backed up confout.gro to ./#confout.gro.1#

               Core t (s)   Wall t (s)        (%)
       Time:        2.039        2.039      100.0
                 (ns/day)    (hour/ns)
Performance:      847.594        0.028

GROMACS reminds you: "Memory is like an orgasm. It's a lot better if you don't have to fake it." (Seymour Cray, on virtual memory)


# Integration error:        4.55

 -------------- BaysOpt loop, query 81 ---------------
going to run a simulation at 1.1938052079999777 1.9477874449999604 
# Integrating             - Simpson's rule + Real Space Grid Mini     :-) GROMACS - gmx mdrun, 2023.2-EasyBuild_4.9.0_PLUMED_2.9.0.GMX2023 (-:

Executable:   /sw/arch/RHEL8/EB_production/2023/software/GROMACS/2023.2-foss-2023a-PLUMED-2.9.0.GMX2023/bin/gmx
Data prefix:  /sw/arch/RHEL8/EB_production/2023/software/GROMACS/2023.2-foss-2023a-PLUMED-2.9.0.GMX2023
Working dir:  /gpfs/home1/ekempkes/adipep_buq_short/result_rerun_Matern52_ls_0.75_kappa200_w_0.1_n0.0_queries_100_full_2
Command line:
  gmx mdrun -s simulations_essentials/md.tpr -plumed Colvars/plumed_0.691_2.827.dat -nsteps 10000 -x Colvars/traj_0.691_2.827.xtc


Back Off! I just backed up md.log to ./#md.log.1#
Reading file simulations_essentials/md.tpr, VERSION 2022.5-plumed_2.9.3 (single precision)
Note: file tpx version 127, software tpx version 129

NOTE: Parallelization is limited by the small number of atoms,
      only starting 1 thread-MPI ranks.
      You can use the -nt and/or -ntmpi option to optimize the number of threads.

Overriding nsteps with value passed on the command line: 10000 steps, 20 ps

comm-mode angular will give incorrect results when the comm group partially crosses a periodic boundary
Using 1 MPI thread

Non-default thread affinity set, disabling internal thread affinity

Using 1 OpenMP thread 


Back Off! I just backed up traj.trr to ./#traj.trr.1#

Back Off! I just backed up ener.edr to ./#ener.edr.1#
starting mdrun 'Generated by trjconv : Generated by trjconv : Alanine in vacuum in water t= 4500.00000'
10000 steps,     20.0 ps.

Writing final coordinates.

Back Off! I just backed up confout.gro to ./#confout.gro.1#

               Core t (s)   Wall t (s)        (%)
       Time:        2.073        2.073      100.0
                 (ns/day)    (hour/ns)
Performance:      833.647        0.029

GROMACS reminds you: "If it's a good idea, go ahead and do it. It's much easier to apologize than it is to get permission." (Grace Hopper, developer of COBOL)


# Integration error:        4.63

 -------------- BaysOpt loop, query 82 ---------------
going to run a simulation at 0.6911503840000147 2.8274333879999514 
# Integrating             - Simpson's rule + Real Space Grid Mini     :-) GROMACS - gmx mdrun, 2023.2-EasyBuild_4.9.0_PLUMED_2.9.0.GMX2023 (-:

Executable:   /sw/arch/RHEL8/EB_production/2023/software/GROMACS/2023.2-foss-2023a-PLUMED-2.9.0.GMX2023/bin/gmx
Data prefix:  /sw/arch/RHEL8/EB_production/2023/software/GROMACS/2023.2-foss-2023a-PLUMED-2.9.0.GMX2023
Working dir:  /gpfs/home1/ekempkes/adipep_buq_short/result_rerun_Matern52_ls_0.75_kappa200_w_0.1_n0.0_queries_100_full_2
Command line:
  gmx mdrun -s simulations_essentials/md.tpr -plumed Colvars/plumed_2.388_-1.885.dat -nsteps 10000 -x Colvars/traj_2.388_-1.885.xtc


Back Off! I just backed up md.log to ./#md.log.1#
Reading file simulations_essentials/md.tpr, VERSION 2022.5-plumed_2.9.3 (single precision)
Note: file tpx version 127, software tpx version 129

NOTE: Parallelization is limited by the small number of atoms,
      only starting 1 thread-MPI ranks.
      You can use the -nt and/or -ntmpi option to optimize the number of threads.

Overriding nsteps with value passed on the command line: 10000 steps, 20 ps

comm-mode angular will give incorrect results when the comm group partially crosses a periodic boundary
Using 1 MPI thread

Non-default thread affinity set, disabling internal thread affinity

Using 1 OpenMP thread 


Back Off! I just backed up traj.trr to ./#traj.trr.1#

Back Off! I just backed up ener.edr to ./#ener.edr.1#
starting mdrun 'Generated by trjconv : Generated by trjconv : Alanine in vacuum in water t= 4500.00000'
10000 steps,     20.0 ps.

Writing final coordinates.

Back Off! I just backed up confout.gro to ./#confout.gro.1#

               Core t (s)   Wall t (s)        (%)
       Time:        2.023        2.023      100.0
                 (ns/day)    (hour/ns)
Performance:      854.081        0.028

GROMACS reminds you: "If you want to save your child from polio, you can pray or you can inoculate... choose science." (Carl Sagan)


# Integration error:        4.15

 -------------- BaysOpt loop, query 83 ---------------
going to run a simulation at 2.3876104169999515 -1.8849555920000378 
# Integrating             - Simpson's rule + Real Space Grid Mini     :-) GROMACS - gmx mdrun, 2023.2-EasyBuild_4.9.0_PLUMED_2.9.0.GMX2023 (-:

Executable:   /sw/arch/RHEL8/EB_production/2023/software/GROMACS/2023.2-foss-2023a-PLUMED-2.9.0.GMX2023/bin/gmx
Data prefix:  /sw/arch/RHEL8/EB_production/2023/software/GROMACS/2023.2-foss-2023a-PLUMED-2.9.0.GMX2023
Working dir:  /gpfs/home1/ekempkes/adipep_buq_short/result_rerun_Matern52_ls_0.75_kappa200_w_0.1_n0.0_queries_100_full_2
Command line:
  gmx mdrun -s simulations_essentials/md.tpr -plumed Colvars/plumed_0.880_-2.890.dat -nsteps 10000 -x Colvars/traj_0.880_-2.890.xtc


Back Off! I just backed up md.log to ./#md.log.1#
Reading file simulations_essentials/md.tpr, VERSION 2022.5-plumed_2.9.3 (single precision)
Note: file tpx version 127, software tpx version 129

NOTE: Parallelization is limited by the small number of atoms,
      only starting 1 thread-MPI ranks.
      You can use the -nt and/or -ntmpi option to optimize the number of threads.

Overriding nsteps with value passed on the command line: 10000 steps, 20 ps

comm-mode angular will give incorrect results when the comm group partially crosses a periodic boundary
Using 1 MPI thread

Non-default thread affinity set, disabling internal thread affinity

Using 1 OpenMP thread 


Back Off! I just backed up traj.trr to ./#traj.trr.1#

Back Off! I just backed up ener.edr to ./#ener.edr.1#
starting mdrun 'Generated by trjconv : Generated by trjconv : Alanine in vacuum in water t= 4500.00000'
10000 steps,     20.0 ps.

Writing final coordinates.

Back Off! I just backed up confout.gro to ./#confout.gro.1#

               Core t (s)   Wall t (s)        (%)
       Time:        2.015        2.015      100.0
                 (ns/day)    (hour/ns)
Performance:      857.661        0.028

GROMACS reminds you: "Expertise is not inherently good." (Joe Jordan)


# Integration error:        4.27

 -------------- BaysOpt loop, query 84 ---------------
going to run a simulation at 0.8796459430000121 -2.890265241000028 
# Integrating             - Simpson's rule + Real Space Grid Mini     :-) GROMACS - gmx mdrun, 2023.2-EasyBuild_4.9.0_PLUMED_2.9.0.GMX2023 (-:

Executable:   /sw/arch/RHEL8/EB_production/2023/software/GROMACS/2023.2-foss-2023a-PLUMED-2.9.0.GMX2023/bin/gmx
Data prefix:  /sw/arch/RHEL8/EB_production/2023/software/GROMACS/2023.2-foss-2023a-PLUMED-2.9.0.GMX2023
Working dir:  /gpfs/home1/ekempkes/adipep_buq_short/result_rerun_Matern52_ls_0.75_kappa200_w_0.1_n0.0_queries_100_full_2
Command line:
  gmx mdrun -s simulations_essentials/md.tpr -plumed Colvars/plumed_-0.440_-2.890.dat -nsteps 10000 -x Colvars/traj_-0.440_-2.890.xtc


Back Off! I just backed up md.log to ./#md.log.1#
Reading file simulations_essentials/md.tpr, VERSION 2022.5-plumed_2.9.3 (single precision)
Note: file tpx version 127, software tpx version 129

NOTE: Parallelization is limited by the small number of atoms,
      only starting 1 thread-MPI ranks.
      You can use the -nt and/or -ntmpi option to optimize the number of threads.

Overriding nsteps with value passed on the command line: 10000 steps, 20 ps

comm-mode angular will give incorrect results when the comm group partially crosses a periodic boundary
Using 1 MPI thread

Non-default thread affinity set, disabling internal thread affinity

Using 1 OpenMP thread 


Back Off! I just backed up traj.trr to ./#traj.trr.1#

Back Off! I just backed up ener.edr to ./#ener.edr.1#
starting mdrun 'Generated by trjconv : Generated by trjconv : Alanine in vacuum in water t= 4500.00000'
10000 steps,     20.0 ps.

Writing final coordinates.

Back Off! I just backed up confout.gro to ./#confout.gro.1#

               Core t (s)   Wall t (s)        (%)
       Time:        2.080        2.080      100.0
                 (ns/day)    (hour/ns)
Performance:      830.701        0.029

GROMACS reminds you: "I couldn't give a shit about ribosomes." (Björn Forsberg, presenting his thesis, including two papers on ribosomes)


# Integration error:        4.13

 -------------- BaysOpt loop, query 85 ---------------
going to run a simulation at -0.43982297200000164 -2.890265241000028 
# Integrating             - Simpson's rule + Real Space Grid Mini     :-) GROMACS - gmx mdrun, 2023.2-EasyBuild_4.9.0_PLUMED_2.9.0.GMX2023 (-:

Executable:   /sw/arch/RHEL8/EB_production/2023/software/GROMACS/2023.2-foss-2023a-PLUMED-2.9.0.GMX2023/bin/gmx
Data prefix:  /sw/arch/RHEL8/EB_production/2023/software/GROMACS/2023.2-foss-2023a-PLUMED-2.9.0.GMX2023
Working dir:  /gpfs/home1/ekempkes/adipep_buq_short/result_rerun_Matern52_ls_0.75_kappa200_w_0.1_n0.0_queries_100_full_2
Command line:
  gmx mdrun -s simulations_essentials/md.tpr -plumed Colvars/plumed_0.000_0.942.dat -nsteps 10000 -x Colvars/traj_0.000_0.942.xtc


Back Off! I just backed up md.log to ./#md.log.1#
Reading file simulations_essentials/md.tpr, VERSION 2022.5-plumed_2.9.3 (single precision)
Note: file tpx version 127, software tpx version 129

NOTE: Parallelization is limited by the small number of atoms,
      only starting 1 thread-MPI ranks.
      You can use the -nt and/or -ntmpi option to optimize the number of threads.

Overriding nsteps with value passed on the command line: 10000 steps, 20 ps

comm-mode angular will give incorrect results when the comm group partially crosses a periodic boundary
Using 1 MPI thread

Non-default thread affinity set, disabling internal thread affinity

Using 1 OpenMP thread 


Back Off! I just backed up traj.trr to ./#traj.trr.1#

Back Off! I just backed up ener.edr to ./#ener.edr.1#
starting mdrun 'Generated by trjconv : Generated by trjconv : Alanine in vacuum in water t= 4500.00000'
10000 steps,     20.0 ps.

Writing final coordinates.

Back Off! I just backed up confout.gro to ./#confout.gro.1#

               Core t (s)   Wall t (s)        (%)
       Time:        2.027        2.027      100.0
                 (ns/day)    (hour/ns)
Performance:      852.620        0.028

GROMACS reminds you: "Throwing the Baby Away With the SPC" (S. Hayward)


# Integration error:        3.59

 -------------- BaysOpt loop, query 86 ---------------
going to run a simulation at 0.0 0.9424777960000189 
# Integrating             - Simpson's rule + Real Space Grid Mini     :-) GROMACS - gmx mdrun, 2023.2-EasyBuild_4.9.0_PLUMED_2.9.0.GMX2023 (-:

Executable:   /sw/arch/RHEL8/EB_production/2023/software/GROMACS/2023.2-foss-2023a-PLUMED-2.9.0.GMX2023/bin/gmx
Data prefix:  /sw/arch/RHEL8/EB_production/2023/software/GROMACS/2023.2-foss-2023a-PLUMED-2.9.0.GMX2023
Working dir:  /gpfs/home1/ekempkes/adipep_buq_short/result_rerun_Matern52_ls_0.75_kappa200_w_0.1_n0.0_queries_100_full_2
Command line:
  gmx mdrun -s simulations_essentials/md.tpr -plumed Colvars/plumed_2.890_-2.953.dat -nsteps 10000 -x Colvars/traj_2.890_-2.953.xtc


Back Off! I just backed up md.log to ./#md.log.1#
Reading file simulations_essentials/md.tpr, VERSION 2022.5-plumed_2.9.3 (single precision)
Note: file tpx version 127, software tpx version 129

NOTE: Parallelization is limited by the small number of atoms,
      only starting 1 thread-MPI ranks.
      You can use the -nt and/or -ntmpi option to optimize the number of threads.

Overriding nsteps with value passed on the command line: 10000 steps, 20 ps

comm-mode angular will give incorrect results when the comm group partially crosses a periodic boundary
Using 1 MPI thread

Non-default thread affinity set, disabling internal thread affinity

Using 1 OpenMP thread 


Back Off! I just backed up traj.trr to ./#traj.trr.1#

Back Off! I just backed up ener.edr to ./#ener.edr.1#
starting mdrun 'Generated by trjconv : Generated by trjconv : Alanine in vacuum in water t= 4500.00000'
10000 steps,     20.0 ps.

Writing final coordinates.

Back Off! I just backed up confout.gro to ./#confout.gro.1#

               Core t (s)   Wall t (s)        (%)
       Time:        2.025        2.025      100.0
                 (ns/day)    (hour/ns)
Performance:      853.395        0.028

GROMACS reminds you: "What is a Unix or Linux sysadmin's favourite hangout place? Foo Bar." (Anonymous)


# Integration error:        3.59

 -------------- BaysOpt loop, query 87 ---------------
going to run a simulation at 2.890265241000028 -2.953097093999987 
# Integrating             - Simpson's rule + Real Space Grid Mini     :-) GROMACS - gmx mdrun, 2023.2-EasyBuild_4.9.0_PLUMED_2.9.0.GMX2023 (-:

Executable:   /sw/arch/RHEL8/EB_production/2023/software/GROMACS/2023.2-foss-2023a-PLUMED-2.9.0.GMX2023/bin/gmx
Data prefix:  /sw/arch/RHEL8/EB_production/2023/software/GROMACS/2023.2-foss-2023a-PLUMED-2.9.0.GMX2023
Working dir:  /gpfs/home1/ekempkes/adipep_buq_short/result_rerun_Matern52_ls_0.75_kappa200_w_0.1_n0.0_queries_100_full_2
Command line:
  gmx mdrun -s simulations_essentials/md.tpr -plumed Colvars/plumed_-1.445_2.262.dat -nsteps 10000 -x Colvars/traj_-1.445_2.262.xtc


Back Off! I just backed up md.log to ./#md.log.1#
Reading file simulations_essentials/md.tpr, VERSION 2022.5-plumed_2.9.3 (single precision)
Note: file tpx version 127, software tpx version 129

NOTE: Parallelization is limited by the small number of atoms,
      only starting 1 thread-MPI ranks.
      You can use the -nt and/or -ntmpi option to optimize the number of threads.

Overriding nsteps with value passed on the command line: 10000 steps, 20 ps

comm-mode angular will give incorrect results when the comm group partially crosses a periodic boundary
Using 1 MPI thread

Non-default thread affinity set, disabling internal thread affinity

Using 1 OpenMP thread 


Back Off! I just backed up traj.trr to ./#traj.trr.1#

Back Off! I just backed up ener.edr to ./#ener.edr.1#
starting mdrun 'Generated by trjconv : Generated by trjconv : Alanine in vacuum in water t= 4500.00000'
10000 steps,     20.0 ps.

Writing final coordinates.

Back Off! I just backed up confout.gro to ./#confout.gro.1#

               Core t (s)   Wall t (s)        (%)
       Time:        2.026        2.026      100.0
                 (ns/day)    (hour/ns)
Performance:      852.860        0.028

GROMACS reminds you: "Art is what you can get away with." (Andy Warhol)


# Integration error:        3.51

 -------------- BaysOpt loop, query 88 ---------------
going to run a simulation at -1.4451326210000188 2.2619467110000038 
# Integrating             - Simpson's rule + Real Space Grid Mini     :-) GROMACS - gmx mdrun, 2023.2-EasyBuild_4.9.0_PLUMED_2.9.0.GMX2023 (-:

Executable:   /sw/arch/RHEL8/EB_production/2023/software/GROMACS/2023.2-foss-2023a-PLUMED-2.9.0.GMX2023/bin/gmx
Data prefix:  /sw/arch/RHEL8/EB_production/2023/software/GROMACS/2023.2-foss-2023a-PLUMED-2.9.0.GMX2023
Working dir:  /gpfs/home1/ekempkes/adipep_buq_short/result_rerun_Matern52_ls_0.75_kappa200_w_0.1_n0.0_queries_100_full_2
Command line:
  gmx mdrun -s simulations_essentials/md.tpr -plumed Colvars/plumed_-0.817_1.257.dat -nsteps 10000 -x Colvars/traj_-0.817_1.257.xtc


Back Off! I just backed up md.log to ./#md.log.1#
Reading file simulations_essentials/md.tpr, VERSION 2022.5-plumed_2.9.3 (single precision)
Note: file tpx version 127, software tpx version 129

NOTE: Parallelization is limited by the small number of atoms,
      only starting 1 thread-MPI ranks.
      You can use the -nt and/or -ntmpi option to optimize the number of threads.

Overriding nsteps with value passed on the command line: 10000 steps, 20 ps

comm-mode angular will give incorrect results when the comm group partially crosses a periodic boundary
Using 1 MPI thread

Non-default thread affinity set, disabling internal thread affinity

Using 1 OpenMP thread 


Back Off! I just backed up traj.trr to ./#traj.trr.1#

Back Off! I just backed up ener.edr to ./#ener.edr.1#
starting mdrun 'Generated by trjconv : Generated by trjconv : Alanine in vacuum in water t= 4500.00000'
10000 steps,     20.0 ps.

Writing final coordinates.

Back Off! I just backed up confout.gro to ./#confout.gro.1#

               Core t (s)   Wall t (s)        (%)
       Time:        2.018        2.018      100.0
                 (ns/day)    (hour/ns)
Performance:      856.385        0.028

GROMACS reminds you: "He's using code that only you and I know" (Kate Bush)


# Integration error:        3.37

 -------------- BaysOpt loop, query 89 ---------------
going to run a simulation at -0.8168140899999872 1.2566370609999933 
# Integrating             - Simpson's rule + Real Space Grid Mini     :-) GROMACS - gmx mdrun, 2023.2-EasyBuild_4.9.0_PLUMED_2.9.0.GMX2023 (-:

Executable:   /sw/arch/RHEL8/EB_production/2023/software/GROMACS/2023.2-foss-2023a-PLUMED-2.9.0.GMX2023/bin/gmx
Data prefix:  /sw/arch/RHEL8/EB_production/2023/software/GROMACS/2023.2-foss-2023a-PLUMED-2.9.0.GMX2023
Working dir:  /gpfs/home1/ekempkes/adipep_buq_short/result_rerun_Matern52_ls_0.75_kappa200_w_0.1_n0.0_queries_100_full_2
Command line:
  gmx mdrun -s simulations_essentials/md.tpr -plumed Colvars/plumed_-0.754_0.188.dat -nsteps 10000 -x Colvars/traj_-0.754_0.188.xtc


Back Off! I just backed up md.log to ./#md.log.1#
Reading file simulations_essentials/md.tpr, VERSION 2022.5-plumed_2.9.3 (single precision)
Note: file tpx version 127, software tpx version 129

NOTE: Parallelization is limited by the small number of atoms,
      only starting 1 thread-MPI ranks.
      You can use the -nt and/or -ntmpi option to optimize the number of threads.

Overriding nsteps with value passed on the command line: 10000 steps, 20 ps

comm-mode angular will give incorrect results when the comm group partially crosses a periodic boundary
Using 1 MPI thread

Non-default thread affinity set, disabling internal thread affinity

Using 1 OpenMP thread 


Back Off! I just backed up traj.trr to ./#traj.trr.1#

Back Off! I just backed up ener.edr to ./#ener.edr.1#
starting mdrun 'Generated by trjconv : Generated by trjconv : Alanine in vacuum in water t= 4500.00000'
10000 steps,     20.0 ps.

Writing final coordinates.

Back Off! I just backed up confout.gro to ./#confout.gro.1#

               Core t (s)   Wall t (s)        (%)
       Time:        2.037        2.037      100.0
                 (ns/day)    (hour/ns)
Performance:      848.487        0.028

GROMACS reminds you: "If Java had true garbage collection, most programs would delete themselves upon execution." (Robert Sewell)


# Integration error:        3.30

 -------------- BaysOpt loop, query 90 ---------------
going to run a simulation at -0.753982236999984 0.18849555899999812 
# Integrating             - Simpson's rule + Real Space Grid Mini     :-) GROMACS - gmx mdrun, 2023.2-EasyBuild_4.9.0_PLUMED_2.9.0.GMX2023 (-:

Executable:   /sw/arch/RHEL8/EB_production/2023/software/GROMACS/2023.2-foss-2023a-PLUMED-2.9.0.GMX2023/bin/gmx
Data prefix:  /sw/arch/RHEL8/EB_production/2023/software/GROMACS/2023.2-foss-2023a-PLUMED-2.9.0.GMX2023
Working dir:  /gpfs/home1/ekempkes/adipep_buq_short/result_rerun_Matern52_ls_0.75_kappa200_w_0.1_n0.0_queries_100_full_2
Command line:
  gmx mdrun -s simulations_essentials/md.tpr -plumed Colvars/plumed_0.377_0.188.dat -nsteps 10000 -x Colvars/traj_0.377_0.188.xtc


Back Off! I just backed up md.log to ./#md.log.1#
Reading file simulations_essentials/md.tpr, VERSION 2022.5-plumed_2.9.3 (single precision)
Note: file tpx version 127, software tpx version 129

NOTE: Parallelization is limited by the small number of atoms,
      only starting 1 thread-MPI ranks.
      You can use the -nt and/or -ntmpi option to optimize the number of threads.

Overriding nsteps with value passed on the command line: 10000 steps, 20 ps

comm-mode angular will give incorrect results when the comm group partially crosses a periodic boundary
Using 1 MPI thread

Non-default thread affinity set, disabling internal thread affinity

Using 1 OpenMP thread 


Back Off! I just backed up traj.trr to ./#traj.trr.1#

Back Off! I just backed up ener.edr to ./#ener.edr.1#
starting mdrun 'Generated by trjconv : Generated by trjconv : Alanine in vacuum in water t= 4500.00000'
10000 steps,     20.0 ps.

Writing final coordinates.

Back Off! I just backed up confout.gro to ./#confout.gro.1#

               Core t (s)   Wall t (s)        (%)
       Time:        2.038        2.038      100.0
                 (ns/day)    (hour/ns)
Performance:      848.049        0.028

GROMACS reminds you: "I used to be blond and stupid, but now I dyed it black" (Miss Li)


# Integration error:        3.32

 -------------- BaysOpt loop, query 91 ---------------
going to run a simulation at 0.37699111799999624 0.18849555899999812 
# Integrating             - Simpson's rule + Real Space Grid Mini     :-) GROMACS - gmx mdrun, 2023.2-EasyBuild_4.9.0_PLUMED_2.9.0.GMX2023 (-:

Executable:   /sw/arch/RHEL8/EB_production/2023/software/GROMACS/2023.2-foss-2023a-PLUMED-2.9.0.GMX2023/bin/gmx
Data prefix:  /sw/arch/RHEL8/EB_production/2023/software/GROMACS/2023.2-foss-2023a-PLUMED-2.9.0.GMX2023
Working dir:  /gpfs/home1/ekempkes/adipep_buq_short/result_rerun_Matern52_ls_0.75_kappa200_w_0.1_n0.0_queries_100_full_2
Command line:
  gmx mdrun -s simulations_essentials/md.tpr -plumed Colvars/plumed_0.126_-0.817.dat -nsteps 10000 -x Colvars/traj_0.126_-0.817.xtc


Back Off! I just backed up md.log to ./#md.log.1#
Reading file simulations_essentials/md.tpr, VERSION 2022.5-plumed_2.9.3 (single precision)
Note: file tpx version 127, software tpx version 129

NOTE: Parallelization is limited by the small number of atoms,
      only starting 1 thread-MPI ranks.
      You can use the -nt and/or -ntmpi option to optimize the number of threads.

Overriding nsteps with value passed on the command line: 10000 steps, 20 ps

comm-mode angular will give incorrect results when the comm group partially crosses a periodic boundary
Using 1 MPI thread

Non-default thread affinity set, disabling internal thread affinity

Using 1 OpenMP thread 


Back Off! I just backed up traj.trr to ./#traj.trr.1#

Back Off! I just backed up ener.edr to ./#ener.edr.1#
starting mdrun 'Generated by trjconv : Generated by trjconv : Alanine in vacuum in water t= 4500.00000'
10000 steps,     20.0 ps.

Writing final coordinates.

Back Off! I just backed up confout.gro to ./#confout.gro.1#

               Core t (s)   Wall t (s)        (%)
       Time:        2.038        2.038      100.0
                 (ns/day)    (hour/ns)
Performance:      847.776        0.028

GROMACS reminds you: "Don't You Wish You Never Met Her, Dirty Blue Gene?" (Captain Beefheart)


# Integration error:        3.30

 -------------- BaysOpt loop, query 92 ---------------
going to run a simulation at 0.12566370599999818 -0.8168140899999872 
# Integrating             - Simpson's rule + Real Space Grid Mini     :-) GROMACS - gmx mdrun, 2023.2-EasyBuild_4.9.0_PLUMED_2.9.0.GMX2023 (-:

Executable:   /sw/arch/RHEL8/EB_production/2023/software/GROMACS/2023.2-foss-2023a-PLUMED-2.9.0.GMX2023/bin/gmx
Data prefix:  /sw/arch/RHEL8/EB_production/2023/software/GROMACS/2023.2-foss-2023a-PLUMED-2.9.0.GMX2023
Working dir:  /gpfs/home1/ekempkes/adipep_buq_short/result_rerun_Matern52_ls_0.75_kappa200_w_0.1_n0.0_queries_100_full_2
Command line:
  gmx mdrun -s simulations_essentials/md.tpr -plumed Colvars/plumed_2.890_-1.005.dat -nsteps 10000 -x Colvars/traj_2.890_-1.005.xtc


Back Off! I just backed up md.log to ./#md.log.1#
Reading file simulations_essentials/md.tpr, VERSION 2022.5-plumed_2.9.3 (single precision)
Note: file tpx version 127, software tpx version 129

NOTE: Parallelization is limited by the small number of atoms,
      only starting 1 thread-MPI ranks.
      You can use the -nt and/or -ntmpi option to optimize the number of threads.

Overriding nsteps with value passed on the command line: 10000 steps, 20 ps

comm-mode angular will give incorrect results when the comm group partially crosses a periodic boundary
Using 1 MPI thread

Non-default thread affinity set, disabling internal thread affinity

Using 1 OpenMP thread 


Back Off! I just backed up traj.trr to ./#traj.trr.1#

Back Off! I just backed up ener.edr to ./#ener.edr.1#
starting mdrun 'Generated by trjconv : Generated by trjconv : Alanine in vacuum in water t= 4500.00000'
10000 steps,     20.0 ps.

Writing final coordinates.

Back Off! I just backed up confout.gro to ./#confout.gro.1#

               Core t (s)   Wall t (s)        (%)
       Time:        2.039        2.039      100.0
                 (ns/day)    (hour/ns)
Performance:      847.506        0.028

GROMACS reminds you: "You Got to Relate to It" (A.E. Torda)


# Integration error:        3.30

 -------------- BaysOpt loop, query 93 ---------------
going to run a simulation at 2.890265241000028 -1.0053096489999906 
# Integrating             - Simpson's rule + Real Space Grid Mini     :-) GROMACS - gmx mdrun, 2023.2-EasyBuild_4.9.0_PLUMED_2.9.0.GMX2023 (-:

Executable:   /sw/arch/RHEL8/EB_production/2023/software/GROMACS/2023.2-foss-2023a-PLUMED-2.9.0.GMX2023/bin/gmx
Data prefix:  /sw/arch/RHEL8/EB_production/2023/software/GROMACS/2023.2-foss-2023a-PLUMED-2.9.0.GMX2023
Working dir:  /gpfs/home1/ekempkes/adipep_buq_short/result_rerun_Matern52_ls_0.75_kappa200_w_0.1_n0.0_queries_100_full_2
Command line:
  gmx mdrun -s simulations_essentials/md.tpr -plumed Colvars/plumed_2.136_-0.440.dat -nsteps 10000 -x Colvars/traj_2.136_-0.440.xtc


Back Off! I just backed up md.log to ./#md.log.1#
Reading file simulations_essentials/md.tpr, VERSION 2022.5-plumed_2.9.3 (single precision)
Note: file tpx version 127, software tpx version 129

NOTE: Parallelization is limited by the small number of atoms,
      only starting 1 thread-MPI ranks.
      You can use the -nt and/or -ntmpi option to optimize the number of threads.

Overriding nsteps with value passed on the command line: 10000 steps, 20 ps

comm-mode angular will give incorrect results when the comm group partially crosses a periodic boundary
Using 1 MPI thread

Non-default thread affinity set, disabling internal thread affinity

Using 1 OpenMP thread 


Back Off! I just backed up traj.trr to ./#traj.trr.1#

Back Off! I just backed up ener.edr to ./#ener.edr.1#
starting mdrun 'Generated by trjconv : Generated by trjconv : Alanine in vacuum in water t= 4500.00000'
10000 steps,     20.0 ps.

Writing final coordinates.

Back Off! I just backed up confout.gro to ./#confout.gro.1#

               Core t (s)   Wall t (s)        (%)
       Time:        2.037        2.037      100.0
                 (ns/day)    (hour/ns)
Performance:      848.443        0.028

GROMACS reminds you: "Engage" (J.L. Picard)


# Integration error:        3.41

 -------------- BaysOpt loop, query 94 ---------------
going to run a simulation at 2.1362830039999965 -0.43982297200000164 
# Integrating             - Simpson's rule + Real Space Grid Mini     :-) GROMACS - gmx mdrun, 2023.2-EasyBuild_4.9.0_PLUMED_2.9.0.GMX2023 (-:

Executable:   /sw/arch/RHEL8/EB_production/2023/software/GROMACS/2023.2-foss-2023a-PLUMED-2.9.0.GMX2023/bin/gmx
Data prefix:  /sw/arch/RHEL8/EB_production/2023/software/GROMACS/2023.2-foss-2023a-PLUMED-2.9.0.GMX2023
Working dir:  /gpfs/home1/ekempkes/adipep_buq_short/result_rerun_Matern52_ls_0.75_kappa200_w_0.1_n0.0_queries_100_full_2
Command line:
  gmx mdrun -s simulations_essentials/md.tpr -plumed Colvars/plumed_2.890_2.576.dat -nsteps 10000 -x Colvars/traj_2.890_2.576.xtc


Back Off! I just backed up md.log to ./#md.log.1#
Reading file simulations_essentials/md.tpr, VERSION 2022.5-plumed_2.9.3 (single precision)
Note: file tpx version 127, software tpx version 129

NOTE: Parallelization is limited by the small number of atoms,
      only starting 1 thread-MPI ranks.
      You can use the -nt and/or -ntmpi option to optimize the number of threads.

Overriding nsteps with value passed on the command line: 10000 steps, 20 ps

comm-mode angular will give incorrect results when the comm group partially crosses a periodic boundary
Using 1 MPI thread

Non-default thread affinity set, disabling internal thread affinity

Using 1 OpenMP thread 


Back Off! I just backed up traj.trr to ./#traj.trr.1#

Back Off! I just backed up ener.edr to ./#ener.edr.1#
starting mdrun 'Generated by trjconv : Generated by trjconv : Alanine in vacuum in water t= 4500.00000'
10000 steps,     20.0 ps.

Writing final coordinates.

Back Off! I just backed up confout.gro to ./#confout.gro.1#

               Core t (s)   Wall t (s)        (%)
       Time:        2.021        2.021      100.0
                 (ns/day)    (hour/ns)
Performance:      855.022        0.028

GROMACS reminds you: "Science progresses best when observations force us to alter our preconceptions." (Vera Rubin)


# Integration error:        3.35

 -------------- BaysOpt loop, query 95 ---------------
going to run a simulation at 2.890265241000028 2.576105975999961 
# Integrating             - Simpson's rule + Real Space Grid Mini     :-) GROMACS - gmx mdrun, 2023.2-EasyBuild_4.9.0_PLUMED_2.9.0.GMX2023 (-:

Executable:   /sw/arch/RHEL8/EB_production/2023/software/GROMACS/2023.2-foss-2023a-PLUMED-2.9.0.GMX2023/bin/gmx
Data prefix:  /sw/arch/RHEL8/EB_production/2023/software/GROMACS/2023.2-foss-2023a-PLUMED-2.9.0.GMX2023
Working dir:  /gpfs/home1/ekempkes/adipep_buq_short/result_rerun_Matern52_ls_0.75_kappa200_w_0.1_n0.0_queries_100_full_2
Command line:
  gmx mdrun -s simulations_essentials/md.tpr -plumed Colvars/plumed_2.199_2.827.dat -nsteps 10000 -x Colvars/traj_2.199_2.827.xtc


Back Off! I just backed up md.log to ./#md.log.1#
Reading file simulations_essentials/md.tpr, VERSION 2022.5-plumed_2.9.3 (single precision)
Note: file tpx version 127, software tpx version 129

NOTE: Parallelization is limited by the small number of atoms,
      only starting 1 thread-MPI ranks.
      You can use the -nt and/or -ntmpi option to optimize the number of threads.

Overriding nsteps with value passed on the command line: 10000 steps, 20 ps

comm-mode angular will give incorrect results when the comm group partially crosses a periodic boundary
Using 1 MPI thread

Non-default thread affinity set, disabling internal thread affinity

Using 1 OpenMP thread 


Back Off! I just backed up traj.trr to ./#traj.trr.1#

Back Off! I just backed up ener.edr to ./#ener.edr.1#
starting mdrun 'Generated by trjconv : Generated by trjconv : Alanine in vacuum in water t= 4500.00000'
10000 steps,     20.0 ps.

Writing final coordinates.

Back Off! I just backed up confout.gro to ./#confout.gro.1#

               Core t (s)   Wall t (s)        (%)
       Time:        2.054        2.054      100.0
                 (ns/day)    (hour/ns)
Performance:      841.300        0.029

GROMACS reminds you: "I'm no model lady. A model's just an imitation of the real thing." (Mae West)


# Integration error:        3.39

 -------------- BaysOpt loop, query 96 ---------------
going to run a simulation at 2.1991148580000197 2.8274333879999514 
# Integrating             - Simpson's rule + Real Space Grid Mini     :-) GROMACS - gmx mdrun, 2023.2-EasyBuild_4.9.0_PLUMED_2.9.0.GMX2023 (-:

Executable:   /sw/arch/RHEL8/EB_production/2023/software/GROMACS/2023.2-foss-2023a-PLUMED-2.9.0.GMX2023/bin/gmx
Data prefix:  /sw/arch/RHEL8/EB_production/2023/software/GROMACS/2023.2-foss-2023a-PLUMED-2.9.0.GMX2023
Working dir:  /gpfs/home1/ekempkes/adipep_buq_short/result_rerun_Matern52_ls_0.75_kappa200_w_0.1_n0.0_queries_100_full_2
Command line:
  gmx mdrun -s simulations_essentials/md.tpr -plumed Colvars/plumed_2.890_1.445.dat -nsteps 10000 -x Colvars/traj_2.890_1.445.xtc


Back Off! I just backed up md.log to ./#md.log.1#
Reading file simulations_essentials/md.tpr, VERSION 2022.5-plumed_2.9.3 (single precision)
Note: file tpx version 127, software tpx version 129

NOTE: Parallelization is limited by the small number of atoms,
      only starting 1 thread-MPI ranks.
      You can use the -nt and/or -ntmpi option to optimize the number of threads.

Overriding nsteps with value passed on the command line: 10000 steps, 20 ps

comm-mode angular will give incorrect results when the comm group partially crosses a periodic boundary
Using 1 MPI thread

Non-default thread affinity set, disabling internal thread affinity

Using 1 OpenMP thread 


Back Off! I just backed up traj.trr to ./#traj.trr.1#

Back Off! I just backed up ener.edr to ./#ener.edr.1#
starting mdrun 'Generated by trjconv : Generated by trjconv : Alanine in vacuum in water t= 4500.00000'
10000 steps,     20.0 ps.

Writing final coordinates.

Back Off! I just backed up confout.gro to ./#confout.gro.1#

               Core t (s)   Wall t (s)        (%)
       Time:        2.026        2.026      100.0
                 (ns/day)    (hour/ns)
Performance:      852.913        0.028

GROMACS reminds you: "If You Touch Me, You'll Get Shocked" (Beastie Boys)


# Integration error:        3.38

 -------------- BaysOpt loop, query 97 ---------------
going to run a simulation at 2.890265241000028 1.4451326210000188 
# Integrating             - Simpson's rule + Real Space Grid Mini     :-) GROMACS - gmx mdrun, 2023.2-EasyBuild_4.9.0_PLUMED_2.9.0.GMX2023 (-:

Executable:   /sw/arch/RHEL8/EB_production/2023/software/GROMACS/2023.2-foss-2023a-PLUMED-2.9.0.GMX2023/bin/gmx
Data prefix:  /sw/arch/RHEL8/EB_production/2023/software/GROMACS/2023.2-foss-2023a-PLUMED-2.9.0.GMX2023
Working dir:  /gpfs/home1/ekempkes/adipep_buq_short/result_rerun_Matern52_ls_0.75_kappa200_w_0.1_n0.0_queries_100_full_2
Command line:
  gmx mdrun -s simulations_essentials/md.tpr -plumed Colvars/plumed_-2.325_-0.880.dat -nsteps 10000 -x Colvars/traj_-2.325_-0.880.xtc


Back Off! I just backed up md.log to ./#md.log.1#
Reading file simulations_essentials/md.tpr, VERSION 2022.5-plumed_2.9.3 (single precision)
Note: file tpx version 127, software tpx version 129

NOTE: Parallelization is limited by the small number of atoms,
      only starting 1 thread-MPI ranks.
      You can use the -nt and/or -ntmpi option to optimize the number of threads.

Overriding nsteps with value passed on the command line: 10000 steps, 20 ps

comm-mode angular will give incorrect results when the comm group partially crosses a periodic boundary
Using 1 MPI thread

Non-default thread affinity set, disabling internal thread affinity

Using 1 OpenMP thread 


Back Off! I just backed up traj.trr to ./#traj.trr.1#

Back Off! I just backed up ener.edr to ./#ener.edr.1#
starting mdrun 'Generated by trjconv : Generated by trjconv : Alanine in vacuum in water t= 4500.00000'
10000 steps,     20.0 ps.

Writing final coordinates.

Back Off! I just backed up confout.gro to ./#confout.gro.1#

               Core t (s)   Wall t (s)        (%)
       Time:        2.026        2.026      100.0
                 (ns/day)    (hour/ns)
Performance:      852.888        0.028

GROMACS reminds you: "We're Gonna Hit You Harder" (Scoter)


# Integration error:        3.38

 -------------- BaysOpt loop, query 98 ---------------
going to run a simulation at -2.3247785640000505 -0.8796459430000121 
# Integrating             - Simpson's rule + Real Space Grid Mini     :-) GROMACS - gmx mdrun, 2023.2-EasyBuild_4.9.0_PLUMED_2.9.0.GMX2023 (-:

Executable:   /sw/arch/RHEL8/EB_production/2023/software/GROMACS/2023.2-foss-2023a-PLUMED-2.9.0.GMX2023/bin/gmx
Data prefix:  /sw/arch/RHEL8/EB_production/2023/software/GROMACS/2023.2-foss-2023a-PLUMED-2.9.0.GMX2023
Working dir:  /gpfs/home1/ekempkes/adipep_buq_short/result_rerun_Matern52_ls_0.75_kappa200_w_0.1_n0.0_queries_100_full_2
Command line:
  gmx mdrun -s simulations_essentials/md.tpr -plumed Colvars/plumed_-1.445_-0.440.dat -nsteps 10000 -x Colvars/traj_-1.445_-0.440.xtc


Back Off! I just backed up md.log to ./#md.log.1#
Reading file simulations_essentials/md.tpr, VERSION 2022.5-plumed_2.9.3 (single precision)
Note: file tpx version 127, software tpx version 129

NOTE: Parallelization is limited by the small number of atoms,
      only starting 1 thread-MPI ranks.
      You can use the -nt and/or -ntmpi option to optimize the number of threads.

Overriding nsteps with value passed on the command line: 10000 steps, 20 ps

comm-mode angular will give incorrect results when the comm group partially crosses a periodic boundary
Using 1 MPI thread

Non-default thread affinity set, disabling internal thread affinity

Using 1 OpenMP thread 


Back Off! I just backed up traj.trr to ./#traj.trr.1#

Back Off! I just backed up ener.edr to ./#ener.edr.1#
starting mdrun 'Generated by trjconv : Generated by trjconv : Alanine in vacuum in water t= 4500.00000'
10000 steps,     20.0 ps.

Writing final coordinates.

Back Off! I just backed up confout.gro to ./#confout.gro.1#

               Core t (s)   Wall t (s)        (%)
       Time:        2.032        2.032      100.0
                 (ns/day)    (hour/ns)
Performance:      850.520        0.028

GROMACS reminds you: "Why add prime numbers? Prime numbers are made to be multiplied." (Lev Landau)


# Integration error:        3.59

 -------------- BaysOpt loop, query 99 ---------------
going to run a simulation at -1.4451326210000188 -0.43982297200000164 
# Integrating             - Simpson's rule + Real Space Grid Mini     :-) GROMACS - gmx mdrun, 2023.2-EasyBuild_4.9.0_PLUMED_2.9.0.GMX2023 (-:

Executable:   /sw/arch/RHEL8/EB_production/2023/software/GROMACS/2023.2-foss-2023a-PLUMED-2.9.0.GMX2023/bin/gmx
Data prefix:  /sw/arch/RHEL8/EB_production/2023/software/GROMACS/2023.2-foss-2023a-PLUMED-2.9.0.GMX2023
Working dir:  /gpfs/home1/ekempkes/adipep_buq_short/result_rerun_Matern52_ls_0.75_kappa200_w_0.1_n0.0_queries_100_full_2
Command line:
  gmx mdrun -s simulations_essentials/md.tpr -plumed Colvars/plumed_-0.126_-1.885.dat -nsteps 10000 -x Colvars/traj_-0.126_-1.885.xtc


Back Off! I just backed up md.log to ./#md.log.1#
Reading file simulations_essentials/md.tpr, VERSION 2022.5-plumed_2.9.3 (single precision)
Note: file tpx version 127, software tpx version 129

NOTE: Parallelization is limited by the small number of atoms,
      only starting 1 thread-MPI ranks.
      You can use the -nt and/or -ntmpi option to optimize the number of threads.

Overriding nsteps with value passed on the command line: 10000 steps, 20 ps

comm-mode angular will give incorrect results when the comm group partially crosses a periodic boundary
Using 1 MPI thread

Non-default thread affinity set, disabling internal thread affinity

Using 1 OpenMP thread 


Back Off! I just backed up traj.trr to ./#traj.trr.1#

Back Off! I just backed up ener.edr to ./#ener.edr.1#
starting mdrun 'Generated by trjconv : Generated by trjconv : Alanine in vacuum in water t= 4500.00000'
10000 steps,     20.0 ps.

Writing final coordinates.

Back Off! I just backed up confout.gro to ./#confout.gro.1#

               Core t (s)   Wall t (s)        (%)
       Time:        2.032        2.032      100.0
                 (ns/day)    (hour/ns)
Performance:      850.523        0.028

GROMACS reminds you: "The Universe is Somewhere In Here" (J.G.E.M. Fraaije)


# Integration error:        3.59

 -------------- BaysOpt loop, query 100 ---------------
going to run a simulation at -0.12566370599999818 -1.8849555920000378 
# Integrating             - Simpson's rule + Real Space Grid Mini 
# Integration error:        3.54

# Integrating             - Simpson's rule + Real Space Grid Mini 
# Integration error:        3.54

Results saved to AD_Matern52kappa_200.0_ls_0.75_w_0.1_n0.0_acq_IVR_q_100_adipep.txt
