 /home/ekempke/miniconda3/envs/mace/lib/python3.12/site-packages/e3nn/o3/_wigner.py:10: UserWarning:Environment variable TORCH_FORCE_NO_WEIGHTS_ONLY_LOAD detected, since the`weights_only` argument was not explicitly passed to `torch.load`, forcing weights_only=False.
 /home/ekempke/miniconda3/envs/mace/lib/python3.12/site-packages/mace/calculators/mace.py:143: UserWarning:Environment variable TORCH_FORCE_NO_WEIGHTS_ONLY_LOAD detected, since the`weights_only` argument was not explicitly passed to `torch.load`, forcing weights_only=False.
+++ Loading the PLUMED kernel runtime +++
+++ PLUMED_KERNEL="/home/ekempke/miniconda3/envs/mace/lib/libplumedKernel.so" +++
PLUMED: PLUMED is starting
PLUMED: Version: 2.8.0 (git: Unknown) compiled on Feb 23 2022 at 09:52:46
PLUMED: Please cite these papers when using PLUMED [1][2]
PLUMED: For further information see the PLUMED web page at http://www.plumed.org
PLUMED: Root: /home/ekempke/miniconda3/envs/mace/lib/plumed
PLUMED: For installed feature, see /home/ekempke/miniconda3/envs/mace/lib/plumed/src/config/config.txt
PLUMED: Molecular dynamics engine: ASE
PLUMED: Precision of reals: 8
PLUMED: Running over 1 node
PLUMED: Number of threads: 1
PLUMED: Cache line size: 512
PLUMED: Number of atoms: 9
PLUMED: File suffix: 
PLUMED: Timestep: 0.000500
PLUMED: KbT: 96.485333
PLUMED: Relevant bibliography:
PLUMED:   [1] The PLUMED consortium, Nat. Methods 16, 670 (2019)
PLUMED:   [2] Tribello, Bonomi, Branduardi, Camilloni, and Bussi, Comput. Phys. Commun. 185, 604 (2014)
PLUMED: Please read and cite where appropriate!
PLUMED: Finished setup
PLUMED: Action UNITS
PLUMED:   with label @0
PLUMED:   length: A = 0.1 nm
PLUMED:   energy: kcal/mol = 4.184 kj/mol
PLUMED:   time: ps
PLUMED:   charge: e
PLUMED:   mass: amu
PLUMED:   using physical units
PLUMED:   inside PLUMED, Boltzmann constant is 0.0019872
PLUMED: Action DISTANCE
PLUMED:   with label d1
PLUMED:   between atoms 1 4
PLUMED:   without periodic boundary conditions
PLUMED: Action DISTANCE
PLUMED:   with label d2
PLUMED:   between atoms 1 5
PLUMED:   without periodic boundary conditions
PLUMED: Action COMBINE
PLUMED:   with label rc
PLUMED:   with arguments d1 d2
PLUMED:   with coefficients: -1.000000 1.000000
PLUMED:   with parameters: 0.000000 0.000000
PLUMED:   and powers: 1.000000 1.000000
PLUMED: Action MOVINGRESTRAINT
PLUMED:   with label steer
PLUMED:   with arguments d1 d2
PLUMED:   added component to this action:  steer.bias 
PLUMED:   step0 1000
PLUMED:   at 2.640000 1.840000
PLUMED:   with force constant 1000.000000 100.000000
PLUMED:   step1 5000
PLUMED:   at 2.640000 1.840000
PLUMED:   with force constant 1000.000000 100.000000
PLUMED:   added component to this action:  steer.force2 
PLUMED:   added component to this action:  steer.d1_cntr 
PLUMED:   added component to this action:  steer.d1_work 
PLUMED:   added component to this action:  steer.d1_kappa 
PLUMED:   added component to this action:  steer.d2_cntr 
PLUMED:   added component to this action:  steer.d2_work 
PLUMED:   added component to this action:  steer.d2_kappa 
PLUMED:   added component to this action:  steer.work 
PLUMED:   Bibliography [1]
PLUMED: Relevant bibliography:
PLUMED:   [1] Grubmuller, Heymann, and Tavan, Science 271, 997 (1996)
PLUMED: Please read and cite where appropriate!
PLUMED: Action ENERGY
PLUMED:   with label ener
PLUMED:   Bibliography [1][2]
PLUMED: Relevant bibliography:
PLUMED:   [1] Bartels and Karplus, J. Phys. Chem. B 102, 865 (1998)
PLUMED:   [2] Bonomi and Parrinello, J. Comp. Chem. 30, 1615 (2009)
PLUMED: Please read and cite where appropriate!
PLUMED: Action ANGLE
PLUMED:   with label an
PLUMED:   between lines 1-2 and 4-5
PLUMED:   without periodic boundary conditions
PLUMED: Action RESTRAINT
PLUMED:   with label res
PLUMED:   with arguments an
PLUMED:   added component to this action:  res.bias 
PLUMED:   at 1.570796
PLUMED:   with harmonic force constant 100.000000
PLUMED:   and linear force constant 0.000000
PLUMED:   added component to this action:  res.force2 
PLUMED: Action ANGLE
PLUMED:   with label an2
PLUMED:   between atoms 1 5 4
PLUMED:   without periodic boundary conditions
PLUMED: Action RESTRAINT
PLUMED:   with label res2
PLUMED:   with arguments an2
PLUMED:   added component to this action:  res2.bias 
PLUMED:   at 0.000000
PLUMED:   with harmonic force constant 100.000000
PLUMED:   and linear force constant 0.000000
PLUMED:   added component to this action:  res2.force2 
PLUMED: Action PRINT
PLUMED:   with label @10
PLUMED:   with stride 100
PLUMED:   with arguments d1 d2 rc steer.bias steer.force2 steer.d1_cntr steer.d1_work steer.d1_kappa steer.d2_cntr steer.d2_work steer.d2_kappa steer.work ener an res.bias res.force2 an2 res2.bias res2.force2
PLUMED:   on file colvars/COLVAR_2.64_1.84
PLUMED:   with format  %f
PLUMED: Action FLUSH
PLUMED:   with label @11
PLUMED:   with stride 500
 /home/ekempke/miniconda3/envs/mace/lib/python3.12/site-packages/mace/calculators/mace.py:143: UserWarning:Environment variable TORCH_FORCE_NO_WEIGHTS_ONLY_LOAD detected, since the`weights_only` argument was not explicitly passed to `torch.load`, forcing weights_only=False.
+++ Loading the PLUMED kernel runtime +++
+++ PLUMED_KERNEL="/home/ekempke/miniconda3/envs/mace/lib/libplumedKernel.so" +++
PLUMED: PLUMED is starting
PLUMED: Version: 2.8.0 (git: Unknown) compiled on Feb 23 2022 at 09:52:46
PLUMED: Please cite these papers when using PLUMED [1][2]
PLUMED: For further information see the PLUMED web page at http://www.plumed.org
PLUMED: Root: /home/ekempke/miniconda3/envs/mace/lib/plumed
PLUMED: For installed feature, see /home/ekempke/miniconda3/envs/mace/lib/plumed/src/config/config.txt
PLUMED: Molecular dynamics engine: ASE
PLUMED: Precision of reals: 8
PLUMED: Running over 1 node
PLUMED: Number of threads: 1
PLUMED: Cache line size: 512
PLUMED: Number of atoms: 9
PLUMED: File suffix: 
PLUMED: Timestep: 0.000500
PLUMED: KbT: 96.485333
PLUMED: Relevant bibliography:
PLUMED:   [1] The PLUMED consortium, Nat. Methods 16, 670 (2019)
PLUMED:   [2] Tribello, Bonomi, Branduardi, Camilloni, and Bussi, Comput. Phys. Commun. 185, 604 (2014)
PLUMED: Please read and cite where appropriate!
PLUMED: Finished setup
PLUMED: Action UNITS
PLUMED:   with label @0
PLUMED:   length: A = 0.1 nm
PLUMED:   energy: kcal/mol = 4.184 kj/mol
PLUMED:   time: ps
PLUMED:   charge: e
PLUMED:   mass: amu
PLUMED:   using physical units
PLUMED:   inside PLUMED, Boltzmann constant is 0.0019872
PLUMED: Action DISTANCE
PLUMED:   with label d1
PLUMED:   between atoms 1 4
PLUMED:   without periodic boundary conditions
PLUMED: Action DISTANCE
PLUMED:   with label d2
PLUMED:   between atoms 1 5
PLUMED:   without periodic boundary conditions
PLUMED: Action COMBINE
PLUMED:   with label rc
PLUMED:   with arguments d1 d2
PLUMED:   with coefficients: -1.000000 1.000000
PLUMED:   with parameters: 0.000000 0.000000
PLUMED:   and powers: 1.000000 1.000000
PLUMED: Action MOVINGRESTRAINT
PLUMED:   with label steer
PLUMED:   with arguments d1 d2
PLUMED:   added component to this action:  steer.bias 
PLUMED:   step0 1000
PLUMED:   at 2.640000 1.840000
PLUMED:   with force constant 1000.000000 100.000000
PLUMED:   step1 5000
PLUMED:   at 1.600000 2.600000
PLUMED:   with force constant 1000.000000 100.000000
PLUMED:   added component to this action:  steer.force2 
PLUMED:   added component to this action:  steer.d1_cntr 
PLUMED:   added component to this action:  steer.d1_work 
PLUMED:   added component to this action:  steer.d1_kappa 
PLUMED:   added component to this action:  steer.d2_cntr 
PLUMED:   added component to this action:  steer.d2_work 
PLUMED:   added component to this action:  steer.d2_kappa 
PLUMED:   added component to this action:  steer.work 
PLUMED:   Bibliography [1]
PLUMED: Relevant bibliography:
PLUMED:   [1] Grubmuller, Heymann, and Tavan, Science 271, 997 (1996)
PLUMED: Please read and cite where appropriate!
PLUMED: Action ENERGY
PLUMED:   with label ener
PLUMED:   Bibliography [1][2]
PLUMED: Relevant bibliography:
PLUMED:   [1] Bartels and Karplus, J. Phys. Chem. B 102, 865 (1998)
PLUMED:   [2] Bonomi and Parrinello, J. Comp. Chem. 30, 1615 (2009)
PLUMED: Please read and cite where appropriate!
PLUMED: Action ANGLE
PLUMED:   with label an
PLUMED:   between lines 1-2 and 4-5
PLUMED:   without periodic boundary conditions
PLUMED: Action RESTRAINT
PLUMED:   with label res
PLUMED:   with arguments an
PLUMED:   added component to this action:  res.bias 
PLUMED:   at 1.570796
PLUMED:   with harmonic force constant 100.000000
PLUMED:   and linear force constant 0.000000
PLUMED:   added component to this action:  res.force2 
PLUMED: Action ANGLE
PLUMED:   with label an2
PLUMED:   between atoms 1 5 4
PLUMED:   without periodic boundary conditions
PLUMED: Action RESTRAINT
PLUMED:   with label res2
PLUMED:   with arguments an2
PLUMED:   added component to this action:  res2.bias 
PLUMED:   at 0.000000
PLUMED:   with harmonic force constant 100.000000
PLUMED:   and linear force constant 0.000000
PLUMED:   added component to this action:  res2.force2 
PLUMED: Action PRINT
PLUMED:   with label @10
PLUMED:   with stride 100
PLUMED:   with arguments d1 d2 rc steer.bias steer.force2 steer.d1_cntr steer.d1_work steer.d1_kappa steer.d2_cntr steer.d2_work steer.d2_kappa steer.work ener an res.bias res.force2 an2 res2.bias res2.force2
PLUMED:   on file colvars/COLVAR_1.6_2.6
PLUMED:   with format  %f
PLUMED: Action FLUSH
PLUMED:   with label @11
PLUMED:   with stride 500
 /home/ekempke/miniconda3/envs/mace/lib/python3.12/site-packages/mace/calculators/mace.py:143: UserWarning:Environment variable TORCH_FORCE_NO_WEIGHTS_ONLY_LOAD detected, since the`weights_only` argument was not explicitly passed to `torch.load`, forcing weights_only=False.
+++ Loading the PLUMED kernel runtime +++
+++ PLUMED_KERNEL="/home/ekempke/miniconda3/envs/mace/lib/libplumedKernel.so" +++
PLUMED: PLUMED is starting
PLUMED: Version: 2.8.0 (git: Unknown) compiled on Feb 23 2022 at 09:52:46
PLUMED: Please cite these papers when using PLUMED [1][2]
PLUMED: For further information see the PLUMED web page at http://www.plumed.org
PLUMED: Root: /home/ekempke/miniconda3/envs/mace/lib/plumed
PLUMED: For installed feature, see /home/ekempke/miniconda3/envs/mace/lib/plumed/src/config/config.txt
PLUMED: Molecular dynamics engine: ASE
PLUMED: Precision of reals: 8
PLUMED: Running over 1 node
PLUMED: Number of threads: 1
PLUMED: Cache line size: 512
PLUMED: Number of atoms: 9
PLUMED: File suffix: 
PLUMED: Timestep: 0.000500
PLUMED: KbT: 96.485333
PLUMED: Relevant bibliography:
PLUMED:   [1] The PLUMED consortium, Nat. Methods 16, 670 (2019)
PLUMED:   [2] Tribello, Bonomi, Branduardi, Camilloni, and Bussi, Comput. Phys. Commun. 185, 604 (2014)
PLUMED: Please read and cite where appropriate!
PLUMED: Finished setup
PLUMED: Action UNITS
PLUMED:   with label @0
PLUMED:   length: A = 0.1 nm
PLUMED:   energy: kcal/mol = 4.184 kj/mol
PLUMED:   time: ps
PLUMED:   charge: e
PLUMED:   mass: amu
PLUMED:   using physical units
PLUMED:   inside PLUMED, Boltzmann constant is 0.0019872
PLUMED: Action DISTANCE
PLUMED:   with label d1
PLUMED:   between atoms 1 4
PLUMED:   without periodic boundary conditions
PLUMED: Action DISTANCE
PLUMED:   with label d2
PLUMED:   between atoms 1 5
PLUMED:   without periodic boundary conditions
PLUMED: Action COMBINE
PLUMED:   with label rc
PLUMED:   with arguments d1 d2
PLUMED:   with coefficients: -1.000000 1.000000
PLUMED:   with parameters: 0.000000 0.000000
PLUMED:   and powers: 1.000000 1.000000
PLUMED: Action MOVINGRESTRAINT
PLUMED:   with label steer
PLUMED:   with arguments d1 d2
PLUMED:   added component to this action:  steer.bias 
PLUMED:   step0 1000
PLUMED:   at 2.640000 1.840000
PLUMED:   with force constant 1000.000000 100.000000
PLUMED:   step1 5000
PLUMED:   at 1.413000 3.468000
PLUMED:   with force constant 1000.000000 100.000000
PLUMED:   added component to this action:  steer.force2 
PLUMED:   added component to this action:  steer.d1_cntr 
PLUMED:   added component to this action:  steer.d1_work 
PLUMED:   added component to this action:  steer.d1_kappa 
PLUMED:   added component to this action:  steer.d2_cntr 
PLUMED:   added component to this action:  steer.d2_work 
PLUMED:   added component to this action:  steer.d2_kappa 
PLUMED:   added component to this action:  steer.work 
PLUMED:   Bibliography [1]
PLUMED: Relevant bibliography:
PLUMED:   [1] Grubmuller, Heymann, and Tavan, Science 271, 997 (1996)
PLUMED: Please read and cite where appropriate!
PLUMED: Action ENERGY
PLUMED:   with label ener
PLUMED:   Bibliography [1][2]
PLUMED: Relevant bibliography:
PLUMED:   [1] Bartels and Karplus, J. Phys. Chem. B 102, 865 (1998)
PLUMED:   [2] Bonomi and Parrinello, J. Comp. Chem. 30, 1615 (2009)
PLUMED: Please read and cite where appropriate!
PLUMED: Action ANGLE
PLUMED:   with label an
PLUMED:   between lines 1-2 and 4-5
PLUMED:   without periodic boundary conditions
PLUMED: Action RESTRAINT
PLUMED:   with label res
PLUMED:   with arguments an
PLUMED:   added component to this action:  res.bias 
PLUMED:   at 1.570796
PLUMED:   with harmonic force constant 100.000000
PLUMED:   and linear force constant 0.000000
PLUMED:   added component to this action:  res.force2 
PLUMED: Action ANGLE
PLUMED:   with label an2
PLUMED:   between atoms 1 5 4
PLUMED:   without periodic boundary conditions
PLUMED: Action RESTRAINT
PLUMED:   with label res2
PLUMED:   with arguments an2
PLUMED:   added component to this action:  res2.bias 
PLUMED:   at 0.000000
PLUMED:   with harmonic force constant 100.000000
PLUMED:   and linear force constant 0.000000
PLUMED:   added component to this action:  res2.force2 
PLUMED: Action PRINT
PLUMED:   with label @10
PLUMED:   with stride 100
PLUMED:   with arguments d1 d2 rc steer.bias steer.force2 steer.d1_cntr steer.d1_work steer.d1_kappa steer.d2_cntr steer.d2_work steer.d2_kappa steer.work ener an res.bias res.force2 an2 res2.bias res2.force2
PLUMED:   on file colvars/COLVAR_1.413_3.468
PLUMED:   with format  %f
PLUMED: Action FLUSH
PLUMED:   with label @11
PLUMED:   with stride 500
 /home/ekempke/miniconda3/envs/mace/lib/python3.12/site-packages/paramz/transformations.py:111: RuntimeWarning:divide by zero encountered in log
cuequivariance or cuequivariance_torch is not available. Cuequivariance acceleration will be disabled.
Running simulation for d2=1.84, d1=2.64
Using head Default out of ['Default']
No dtype selected, switching to float64 to match model dtype.
Running simulation for d2=2.6, d1=1.6
Using head Default out of ['Default']
No dtype selected, switching to float64 to match model dtype.
Running simulation for d2=3.468, d1=1.413
Using head Default out of ['Default']
No dtype selected, switching to float64 to match model dtype.
# Integrating             - Simpson's rule + Real Space Grid Mini  /home/ekempke/miniconda3/envs/mace/lib/python3.12/site-packages/mace/calculators/mace.py:143: UserWarning:Environment variable TORCH_FORCE_NO_WEIGHTS_ONLY_LOAD detected, since the`weights_only` argument was not explicitly passed to `torch.load`, forcing weights_only=False.
+++ Loading the PLUMED kernel runtime +++
+++ PLUMED_KERNEL="/home/ekempke/miniconda3/envs/mace/lib/libplumedKernel.so" +++
PLUMED: PLUMED is starting
PLUMED: Version: 2.8.0 (git: Unknown) compiled on Feb 23 2022 at 09:52:46
PLUMED: Please cite these papers when using PLUMED [1][2]
PLUMED: For further information see the PLUMED web page at http://www.plumed.org
PLUMED: Root: /home/ekempke/miniconda3/envs/mace/lib/plumed
PLUMED: For installed feature, see /home/ekempke/miniconda3/envs/mace/lib/plumed/src/config/config.txt
PLUMED: Molecular dynamics engine: ASE
PLUMED: Precision of reals: 8
PLUMED: Running over 1 node
PLUMED: Number of threads: 1
PLUMED: Cache line size: 512
PLUMED: Number of atoms: 9
PLUMED: File suffix: 
PLUMED: Timestep: 0.000500
PLUMED: KbT: 96.485333
PLUMED: Relevant bibliography:
PLUMED:   [1] The PLUMED consortium, Nat. Methods 16, 670 (2019)
PLUMED:   [2] Tribello, Bonomi, Branduardi, Camilloni, and Bussi, Comput. Phys. Commun. 185, 604 (2014)
PLUMED: Please read and cite where appropriate!
PLUMED: Finished setup
PLUMED: Action UNITS
PLUMED:   with label @0
PLUMED:   length: A = 0.1 nm
PLUMED:   energy: kcal/mol = 4.184 kj/mol
PLUMED:   time: ps
PLUMED:   charge: e
PLUMED:   mass: amu
PLUMED:   using physical units
PLUMED:   inside PLUMED, Boltzmann constant is 0.0019872
PLUMED: Action DISTANCE
PLUMED:   with label d1
PLUMED:   between atoms 1 4
PLUMED:   without periodic boundary conditions
PLUMED: Action DISTANCE
PLUMED:   with label d2
PLUMED:   between atoms 1 5
PLUMED:   without periodic boundary conditions
PLUMED: Action COMBINE
PLUMED:   with label rc
PLUMED:   with arguments d1 d2
PLUMED:   with coefficients: -1.000000 1.000000
PLUMED:   with parameters: 0.000000 0.000000
PLUMED:   and powers: 1.000000 1.000000
PLUMED: Action MOVINGRESTRAINT
PLUMED:   with label steer
PLUMED:   with arguments d1 d2
PLUMED:   added component to this action:  steer.bias 
PLUMED:   step0 1000
PLUMED:   at 2.640000 1.840000
PLUMED:   with force constant 1000.000000 100.000000
PLUMED:   step1 5000
PLUMED:   at 2.203390 2.952542
PLUMED:   with force constant 1000.000000 100.000000
PLUMED:   added component to this action:  steer.force2 
PLUMED:   added component to this action:  steer.d1_cntr 
PLUMED:   added component to this action:  steer.d1_work 
PLUMED:   added component to this action:  steer.d1_kappa 
PLUMED:   added component to this action:  steer.d2_cntr 
PLUMED:   added component to this action:  steer.d2_work 
PLUMED:   added component to this action:  steer.d2_kappa 
PLUMED:   added component to this action:  steer.work 
PLUMED:   Bibliography [1]
PLUMED: Relevant bibliography:
PLUMED:   [1] Grubmuller, Heymann, and Tavan, Science 271, 997 (1996)
PLUMED: Please read and cite where appropriate!
PLUMED: Action ENERGY
PLUMED:   with label ener
PLUMED:   Bibliography [1][2]
PLUMED: Relevant bibliography:
PLUMED:   [1] Bartels and Karplus, J. Phys. Chem. B 102, 865 (1998)
PLUMED:   [2] Bonomi and Parrinello, J. Comp. Chem. 30, 1615 (2009)
PLUMED: Please read and cite where appropriate!
PLUMED: Action ANGLE
PLUMED:   with label an
PLUMED:   between lines 1-2 and 4-5
PLUMED:   without periodic boundary conditions
PLUMED: Action RESTRAINT
PLUMED:   with label res
PLUMED:   with arguments an
PLUMED:   added component to this action:  res.bias 
PLUMED:   at 1.570796
PLUMED:   with harmonic force constant 100.000000
PLUMED:   and linear force constant 0.000000
PLUMED:   added component to this action:  res.force2 
PLUMED: Action ANGLE
PLUMED:   with label an2
PLUMED:   between atoms 1 5 4
PLUMED:   without periodic boundary conditions
PLUMED: Action RESTRAINT
PLUMED:   with label res2
PLUMED:   with arguments an2
PLUMED:   added component to this action:  res2.bias 
PLUMED:   at 0.000000
PLUMED:   with harmonic force constant 100.000000
PLUMED:   and linear force constant 0.000000
PLUMED:   added component to this action:  res2.force2 
PLUMED: Action PRINT
PLUMED:   with label @10
PLUMED:   with stride 100
PLUMED:   with arguments d1 d2 rc steer.bias steer.force2 steer.d1_cntr steer.d1_work steer.d1_kappa steer.d2_cntr steer.d2_work steer.d2_kappa steer.work ener an res.bias res.force2 an2 res2.bias res2.force2
PLUMED:   on file colvars/COLVAR_2.2033898305084745_2.9525423728813562
PLUMED:   with format  %f
PLUMED: Action FLUSH
PLUMED:   with label @11
PLUMED:   with stride 500

# Integration error:        35.56

 -------------- BaysOpt loop, query 1 ---------------
going to run a simulation at 2.9525423728813562 2.2033898305084745 
Using head Default out of ['Default']
No dtype selected, switching to float64 to match model dtype.
# Integrating             - Simpson's rule + Real Space Grid Mini  /home/ekempke/miniconda3/envs/mace/lib/python3.12/site-packages/mace/calculators/mace.py:143: UserWarning:Environment variable TORCH_FORCE_NO_WEIGHTS_ONLY_LOAD detected, since the`weights_only` argument was not explicitly passed to `torch.load`, forcing weights_only=False.
+++ Loading the PLUMED kernel runtime +++
+++ PLUMED_KERNEL="/home/ekempke/miniconda3/envs/mace/lib/libplumedKernel.so" +++
PLUMED: PLUMED is starting
PLUMED: Version: 2.8.0 (git: Unknown) compiled on Feb 23 2022 at 09:52:46
PLUMED: Please cite these papers when using PLUMED [1][2]
PLUMED: For further information see the PLUMED web page at http://www.plumed.org
PLUMED: Root: /home/ekempke/miniconda3/envs/mace/lib/plumed
PLUMED: For installed feature, see /home/ekempke/miniconda3/envs/mace/lib/plumed/src/config/config.txt
PLUMED: Molecular dynamics engine: ASE
PLUMED: Precision of reals: 8
PLUMED: Running over 1 node
PLUMED: Number of threads: 1
PLUMED: Cache line size: 512
PLUMED: Number of atoms: 9
PLUMED: File suffix: 
PLUMED: Timestep: 0.000500
PLUMED: KbT: 96.485333
PLUMED: Relevant bibliography:
PLUMED:   [1] The PLUMED consortium, Nat. Methods 16, 670 (2019)
PLUMED:   [2] Tribello, Bonomi, Branduardi, Camilloni, and Bussi, Comput. Phys. Commun. 185, 604 (2014)
PLUMED: Please read and cite where appropriate!
PLUMED: Finished setup
PLUMED: Action UNITS
PLUMED:   with label @0
PLUMED:   length: A = 0.1 nm
PLUMED:   energy: kcal/mol = 4.184 kj/mol
PLUMED:   time: ps
PLUMED:   charge: e
PLUMED:   mass: amu
PLUMED:   using physical units
PLUMED:   inside PLUMED, Boltzmann constant is 0.0019872
PLUMED: Action DISTANCE
PLUMED:   with label d1
PLUMED:   between atoms 1 4
PLUMED:   without periodic boundary conditions
PLUMED: Action DISTANCE
PLUMED:   with label d2
PLUMED:   between atoms 1 5
PLUMED:   without periodic boundary conditions
PLUMED: Action COMBINE
PLUMED:   with label rc
PLUMED:   with arguments d1 d2
PLUMED:   with coefficients: -1.000000 1.000000
PLUMED:   with parameters: 0.000000 0.000000
PLUMED:   and powers: 1.000000 1.000000
PLUMED: Action MOVINGRESTRAINT
PLUMED:   with label steer
PLUMED:   with arguments d1 d2
PLUMED:   added component to this action:  steer.bias 
PLUMED:   step0 1000
PLUMED:   at 2.640000 1.840000
PLUMED:   with force constant 1000.000000 100.000000
PLUMED:   step1 5000
PLUMED:   at 2.176271 2.289831
PLUMED:   with force constant 1000.000000 100.000000
PLUMED:   added component to this action:  steer.force2 
PLUMED:   added component to this action:  steer.d1_cntr 
PLUMED:   added component to this action:  steer.d1_work 
PLUMED:   added component to this action:  steer.d1_kappa 
PLUMED:   added component to this action:  steer.d2_cntr 
PLUMED:   added component to this action:  steer.d2_work 
PLUMED:   added component to this action:  steer.d2_kappa 
PLUMED:   added component to this action:  steer.work 
PLUMED:   Bibliography [1]
PLUMED: Relevant bibliography:
PLUMED:   [1] Grubmuller, Heymann, and Tavan, Science 271, 997 (1996)
PLUMED: Please read and cite where appropriate!
PLUMED: Action ENERGY
PLUMED:   with label ener
PLUMED:   Bibliography [1][2]
PLUMED: Relevant bibliography:
PLUMED:   [1] Bartels and Karplus, J. Phys. Chem. B 102, 865 (1998)
PLUMED:   [2] Bonomi and Parrinello, J. Comp. Chem. 30, 1615 (2009)
PLUMED: Please read and cite where appropriate!
PLUMED: Action ANGLE
PLUMED:   with label an
PLUMED:   between lines 1-2 and 4-5
PLUMED:   without periodic boundary conditions
PLUMED: Action RESTRAINT
PLUMED:   with label res
PLUMED:   with arguments an
PLUMED:   added component to this action:  res.bias 
PLUMED:   at 1.570796
PLUMED:   with harmonic force constant 100.000000
PLUMED:   and linear force constant 0.000000
PLUMED:   added component to this action:  res.force2 
PLUMED: Action ANGLE
PLUMED:   with label an2
PLUMED:   between atoms 1 5 4
PLUMED:   without periodic boundary conditions
PLUMED: Action RESTRAINT
PLUMED:   with label res2
PLUMED:   with arguments an2
PLUMED:   added component to this action:  res2.bias 
PLUMED:   at 0.000000
PLUMED:   with harmonic force constant 100.000000
PLUMED:   and linear force constant 0.000000
PLUMED:   added component to this action:  res2.force2 
PLUMED: Action PRINT
PLUMED:   with label @10
PLUMED:   with stride 100
PLUMED:   with arguments d1 d2 rc steer.bias steer.force2 steer.d1_cntr steer.d1_work steer.d1_kappa steer.d2_cntr steer.d2_work steer.d2_kappa steer.work ener an res.bias res.force2 an2 res2.bias res2.force2
PLUMED:   on file colvars/COLVAR_2.176271186440678_2.2898305084745765
PLUMED:   with format  %f
PLUMED: Action FLUSH
PLUMED:   with label @11
PLUMED:   with stride 500

# Integration error:        35.53

 -------------- BaysOpt loop, query 2 ---------------
going to run a simulation at 2.2898305084745765 2.176271186440678 
Using head Default out of ['Default']
No dtype selected, switching to float64 to match model dtype.
# Integrating             - Simpson's rule + Real Space Grid Mini PLUMED:                                               Cycles        Total      Average      Minimum      Maximum
PLUMED:                                                    1     3.514047     3.514047     3.514047     3.514047
PLUMED: 1 Prepare dependencies                         80001     0.199542     0.000002     0.000001     0.000013
PLUMED: 2 Sharing data                                 80001     0.556652     0.000007     0.000003     0.000216
PLUMED: 3 Waiting for data                             80001     0.026604     0.000000     0.000000     0.000010
PLUMED: 4 Calculating (forward loop)                   80001     1.301135     0.000016     0.000010     0.000032
PLUMED: 5 Applying (backward loop)                     80001     0.516829     0.000006     0.000004     0.000029
PLUMED: 6 Update                                       80001     0.063828     0.000001     0.000000     0.000164
PLUMED:                                               Cycles        Total      Average      Minimum      Maximum
PLUMED:                                                    1     3.847275     3.847275     3.847275     3.847275
PLUMED: 1 Prepare dependencies                         80001     0.246631     0.000003     0.000001     0.000013
PLUMED: 2 Sharing data                                 80001     0.600240     0.000008     0.000003     0.000025
PLUMED: 3 Waiting for data                             80001     0.029075     0.000000     0.000000     0.000010
PLUMED: 4 Calculating (forward loop)                   80001     1.436344     0.000018     0.000010     0.000040
PLUMED: 5 Applying (backward loop)                     80001     0.549358     0.000007     0.000004     0.000018
PLUMED: 6 Update                                       80001     0.064174     0.000001     0.000000     0.000263
PLUMED:                                               Cycles        Total      Average      Minimum      Maximum
PLUMED:                                                    1     2.895744     2.895744     2.895744     2.895744
PLUMED: 1 Prepare dependencies                         80001     0.170706     0.000002     0.000001     0.000022
PLUMED: 2 Sharing data                                 80001     0.408785     0.000005     0.000003     0.000018
PLUMED: 3 Waiting for data                             80001     0.022994     0.000000     0.000000     0.000008
PLUMED: 4 Calculating (forward loop)                   80001     1.116153     0.000014     0.000010     0.000037
PLUMED: 5 Applying (backward loop)                     80001     0.436400     0.000005     0.000004     0.000018
PLUMED: 6 Update                                       80001     0.056925     0.000001     0.000000     0.000171
PLUMED:                                               Cycles        Total      Average      Minimum      Maximum
PLUMED:                                                    1     3.626202     3.626202     3.626202     3.626202
PLUMED: 1 Prepare dependencies                         80001     0.221009     0.000003     0.000001     0.000017
PLUMED: 2 Sharing data                                 80001     0.553398     0.000007     0.000003     0.000031
PLUMED: 3 Waiting for data                             80001     0.025505     0.000000     0.000000     0.000009
PLUMED: 4 Calculating (forward loop)                   80001     1.327310     0.000017     0.000010     0.000039
PLUMED: 5 Applying (backward loop)                     80001     0.509501     0.000006     0.000004     0.000021
PLUMED: 6 Update                                       80001     0.063354     0.000001     0.000000     0.000257
PLUMED:                                               Cycles        Total      Average      Minimum      Maximum
PLUMED:                                                    1     3.234733     3.234733     3.234733     3.234733
PLUMED: 1 Prepare dependencies                         80001     0.192709     0.000002     0.000001     0.000013
PLUMED: 2 Sharing data                                 80001     0.476417     0.000006     0.000003     0.000024
PLUMED: 3 Waiting for data   /home/ekempke/miniconda3/envs/mace/lib/python3.12/site-packages/mace/calculators/mace.py:143: UserWarning:Environment variable TORCH_FORCE_NO_WEIGHTS_ONLY_LOAD detected, since the`weights_only` argument was not explicitly passed to `torch.load`, forcing weights_only=False.
+++ Loading the PLUMED kernel runtime +++
+++ PLUMED_KERNEL="/home/ekempke/miniconda3/envs/mace/lib/libplumedKernel.so" +++
                           80001     0.023950     0.000000     0.000000     0.000008
PLUMED: 4 Calculating (forward loop)                   80001     1.215884     0.000015     0.000010     0.000035
PLUMED: 5 Applying (backward loop)                     80001     0.462225     0.000006     0.000004     0.000029
PLUMED: 6 Update                                       80001     0.056621     0.000001     0.000000     0.000162
PLUMED: PLUMED is starting
PLUMED: Version: 2.8.0 (git: Unknown) compiled on Feb 23 2022 at 09:52:46
PLUMED: Please cite these papers when using PLUMED [1][2]
PLUMED: For further information see the PLUMED web page at http://www.plumed.org
PLUMED: Root: /home/ekempke/miniconda3/envs/mace/lib/plumed
PLUMED: For installed feature, see /home/ekempke/miniconda3/envs/mace/lib/plumed/src/config/config.txt
PLUMED: Molecular dynamics engine: ASE
PLUMED: Precision of reals: 8
PLUMED: Running over 1 node
PLUMED: Number of threads: 1
PLUMED: Cache line size: 512
PLUMED: Number of atoms: 9
PLUMED: File suffix: 
PLUMED: Timestep: 0.000500
PLUMED: KbT: 96.485333
PLUMED: Relevant bibliography:
PLUMED:   [1] The PLUMED consortium, Nat. Methods 16, 670 (2019)
PLUMED:   [2] Tribello, Bonomi, Branduardi, Camilloni, and Bussi, Comput. Phys. Commun. 185, 604 (2014)
PLUMED: Please read and cite where appropriate!
PLUMED: Finished setup
PLUMED: Action UNITS
PLUMED:   with label @0
PLUMED:   length: A = 0.1 nm
PLUMED:   energy: kcal/mol = 4.184 kj/mol
PLUMED:   time: ps
PLUMED:   charge: e
PLUMED:   mass: amu
PLUMED:   using physical units
PLUMED:   inside PLUMED, Boltzmann constant is 0.0019872
PLUMED: Action DISTANCE
PLUMED:   with label d1
PLUMED:   between atoms 1 4
PLUMED:   without periodic boundary conditions
PLUMED: Action DISTANCE
PLUMED:   with label d2
PLUMED:   between atoms 1 5
PLUMED:   without periodic boundary conditions
PLUMED: Action COMBINE
PLUMED:   with label rc
PLUMED:   with arguments d1 d2
PLUMED:   with coefficients: -1.000000 1.000000
PLUMED:   with parameters: 0.000000 0.000000
PLUMED:   and powers: 1.000000 1.000000
PLUMED: Action MOVINGRESTRAINT
PLUMED:   with label steer
PLUMED:   with arguments d1 d2
PLUMED:   added component to this action:  steer.bias 
PLUMED:   step0 1000
PLUMED:   at 2.640000 1.840000
PLUMED:   with force constant 1000.000000 100.000000
PLUMED:   step1 5000
PLUMED:   at 1.688136 3.096610
PLUMED:   with force constant 1000.000000 100.000000
PLUMED:   added component to this action:  steer.force2 
PLUMED:   added component to this action:  steer.d1_cntr 
PLUMED:   added component to this action:  steer.d1_work 
PLUMED:   added component to this action:  steer.d1_kappa 
PLUMED:   added component to this action:  steer.d2_cntr 
PLUMED:   added component to this action:  steer.d2_work 
PLUMED:   added component to this action:  steer.d2_kappa 
PLUMED:   added component to this action:  steer.work 
PLUMED:   Bibliography [1]
PLUMED: Relevant bibliography:
PLUMED:   [1] Grubmuller, Heymann, and Tavan, Science 271, 997 (1996)
PLUMED: Please read and cite where appropriate!
PLUMED: Action ENERGY
PLUMED:   with label ener
PLUMED:   Bibliography [1][2]
PLUMED: Relevant bibliography:
PLUMED:   [1] Bartels and Karplus, J. Phys. Chem. B 102, 865 (1998)
PLUMED:   [2] Bonomi and Parrinello, J. Comp. Chem. 30, 1615 (2009)
PLUMED: Please read and cite where appropriate!
PLUMED: Action ANGLE
PLUMED:   with label an
PLUMED:   between lines 1-2 and 4-5
PLUMED:   without periodic boundary conditions
PLUMED: Action RESTRAINT
PLUMED:   with label res
PLUMED:   with arguments an
PLUMED:   added component to this action:  res.bias 
PLUMED:   at 1.570796
PLUMED:   with harmonic force constant 100.000000
PLUMED:   and linear force constant 0.000000
PLUMED:   added component to this action:  res.force2 
PLUMED: Action ANGLE
PLUMED:   with label an2
PLUMED:   between atoms 1 5 4
PLUMED:   without periodic boundary conditions
PLUMED: Action RESTRAINT
PLUMED:   with label res2
PLUMED:   with arguments an2
PLUMED:   added component to this action:  res2.bias 
PLUMED:   at 0.000000
PLUMED:   with harmonic force constant 100.000000
PLUMED:   and linear force constant 0.000000
PLUMED:   added component to this action:  res2.force2 
PLUMED: Action PRINT
PLUMED:   with label @10
PLUMED:   with stride 100
PLUMED:   with arguments d1 d2 rc steer.bias steer.force2 steer.d1_cntr steer.d1_work steer.d1_kappa steer.d2_cntr steer.d2_work steer.d2_kappa steer.work ener an res.bias res.force2 an2 res2.bias res2.force2
PLUMED:   on file colvars/COLVAR_1.688135593220339_3.096610169491526
PLUMED:   with format  %f
PLUMED: Action FLUSH
PLUMED:   with label @11
PLUMED:   with stride 500

# Integration error:        48.70

 -------------- BaysOpt loop, query 3 ---------------
going to run a simulation at 3.096610169491526 1.688135593220339 
Using head Default out of ['Default']
No dtype selected, switching to float64 to match model dtype.
# Integrating             - Simpson's rule + Real Space Grid Mini  /home/ekempke/miniconda3/envs/mace/lib/python3.12/site-packages/mace/calculators/mace.py:143: UserWarning:Environment variable TORCH_FORCE_NO_WEIGHTS_ONLY_LOAD detected, since the`weights_only` argument was not explicitly passed to `torch.load`, forcing weights_only=False.
+++ Loading the PLUMED kernel runtime +++
+++ PLUMED_KERNEL="/home/ekempke/miniconda3/envs/mace/lib/libplumedKernel.so" +++
PLUMED: PLUMED is starting
PLUMED: Version: 2.8.0 (git: Unknown) compiled on Feb 23 2022 at 09:52:46
PLUMED: Please cite these papers when using PLUMED [1][2]
PLUMED: For further information see the PLUMED web page at http://www.plumed.org
PLUMED: Root: /home/ekempke/miniconda3/envs/mace/lib/plumed
PLUMED: For installed feature, see /home/ekempke/miniconda3/envs/mace/lib/plumed/src/config/config.txt
PLUMED: Molecular dynamics engine: ASE
PLUMED: Precision of reals: 8
PLUMED: Running over 1 node
PLUMED: Number of threads: 1
PLUMED: Cache line size: 512
PLUMED: Number of atoms: 9
PLUMED: File suffix: 
PLUMED: Timestep: 0.000500
PLUMED: KbT: 96.485333
PLUMED: Relevant bibliography:
PLUMED:   [1] The PLUMED consortium, Nat. Methods 16, 670 (2019)
PLUMED:   [2] Tribello, Bonomi, Branduardi, Camilloni, and Bussi, Comput. Phys. Commun. 185, 604 (2014)
PLUMED: Please read and cite where appropriate!
PLUMED: Finished setup
PLUMED: Action UNITS
PLUMED:   with label @0
PLUMED:   length: A = 0.1 nm
PLUMED:   energy: kcal/mol = 4.184 kj/mol
PLUMED:   time: ps
PLUMED:   charge: e
PLUMED:   mass: amu
PLUMED:   using physical units
PLUMED:   inside PLUMED, Boltzmann constant is 0.0019872
PLUMED: Action DISTANCE
PLUMED:   with label d1
PLUMED:   between atoms 1 4
PLUMED:   without periodic boundary conditions
PLUMED: Action DISTANCE
PLUMED:   with label d2
PLUMED:   between atoms 1 5
PLUMED:   without periodic boundary conditions
PLUMED: Action COMBINE
PLUMED:   with label rc
PLUMED:   with arguments d1 d2
PLUMED:   with coefficients: -1.000000 1.000000
PLUMED:   with parameters: 0.000000 0.000000
PLUMED:   and powers: 1.000000 1.000000
PLUMED: Action MOVINGRESTRAINT
PLUMED:   with label steer
PLUMED:   with arguments d1 d2
PLUMED:   added component to this action:  steer.bias 
PLUMED:   step0 1000
PLUMED:   at 2.640000 1.840000
PLUMED:   with force constant 1000.000000 100.000000
PLUMED:   step1 5000
PLUMED:   at 1.606780 2.116949
PLUMED:   with force constant 1000.000000 100.000000
PLUMED:   added component to this action:  steer.force2 
PLUMED:   added component to this action:  steer.d1_cntr 
PLUMED:   added component to this action:  steer.d1_work 
PLUMED:   added component to this action:  steer.d1_kappa 
PLUMED:   added component to this action:  steer.d2_cntr 
PLUMED:   added component to this action:  steer.d2_work 
PLUMED:   added component to this action:  steer.d2_kappa 
PLUMED:   added component to this action:  steer.work 
PLUMED:   Bibliography [1]
PLUMED: Relevant bibliography:
PLUMED:   [1] Grubmuller, Heymann, and Tavan, Science 271, 997 (1996)
PLUMED: Please read and cite where appropriate!
PLUMED: Action ENERGY
PLUMED:   with label ener
PLUMED:   Bibliography [1][2]
PLUMED: Relevant bibliography:
PLUMED:   [1] Bartels and Karplus, J. Phys. Chem. B 102, 865 (1998)
PLUMED:   [2] Bonomi and Parrinello, J. Comp. Chem. 30, 1615 (2009)
PLUMED: Please read and cite where appropriate!
PLUMED: Action ANGLE
PLUMED:   with label an
PLUMED:   between lines 1-2 and 4-5
PLUMED:   without periodic boundary conditions
PLUMED: Action RESTRAINT
PLUMED:   with label res
PLUMED:   with arguments an
PLUMED:   added component to this action:  res.bias 
PLUMED:   at 1.570796
PLUMED:   with harmonic force constant 100.000000
PLUMED:   and linear force constant 0.000000
PLUMED:   added component to this action:  res.force2 
PLUMED: Action ANGLE
PLUMED:   with label an2
PLUMED:   between atoms 1 5 4
PLUMED:   without periodic boundary conditions
PLUMED: Action RESTRAINT
PLUMED:   with label res2
PLUMED:   with arguments an2
PLUMED:   added component to this action:  res2.bias 
PLUMED:   at 0.000000
PLUMED:   with harmonic force constant 100.000000
PLUMED:   and linear force constant 0.000000
PLUMED:   added component to this action:  res2.force2 
PLUMED: Action PRINT
PLUMED:   with label @10
PLUMED:   with stride 100
PLUMED:   with arguments d1 d2 rc steer.bias steer.force2 steer.d1_cntr steer.d1_work steer.d1_kappa steer.d2_cntr steer.d2_work steer.d2_kappa steer.work ener an res.bias res.force2 an2 res2.bias res2.force2
PLUMED:   on file colvars/COLVAR_1.6067796610169491_2.116949152542373
PLUMED:   with format  %f
PLUMED: Action FLUSH
PLUMED:   with label @11
PLUMED:   with stride 500

# Integration error:        74.32

 -------------- BaysOpt loop, query 4 ---------------
going to run a simulation at 2.116949152542373 1.6067796610169491 
Using head Default out of ['Default']
No dtype selected, switching to float64 to match model dtype.
# Integrating             - Simpson's rule + Real Space Grid Mini  /home/ekempke/miniconda3/envs/mace/lib/python3.12/site-packages/mace/calculators/mace.py:143: UserWarning:Environment variable TORCH_FORCE_NO_WEIGHTS_ONLY_LOAD detected, since the`weights_only` argument was not explicitly passed to `torch.load`, forcing weights_only=False.
+++ Loading the PLUMED kernel runtime +++
+++ PLUMED_KERNEL="/home/ekempke/miniconda3/envs/mace/lib/libplumedKernel.so" +++
PLUMED: PLUMED is starting
PLUMED: Version: 2.8.0 (git: Unknown) compiled on Feb 23 2022 at 09:52:46
PLUMED: Please cite these papers when using PLUMED [1][2]
PLUMED: For further information see the PLUMED web page at http://www.plumed.org
PLUMED: Root: /home/ekempke/miniconda3/envs/mace/lib/plumed
PLUMED: For installed feature, see /home/ekempke/miniconda3/envs/mace/lib/plumed/src/config/config.txt
PLUMED: Molecular dynamics engine: ASE
PLUMED: Precision of reals: 8
PLUMED: Running over 1 node
PLUMED: Number of threads: 1
PLUMED: Cache line size: 512
PLUMED: Number of atoms: 9
PLUMED: File suffix: 
PLUMED: Timestep: 0.000500
PLUMED: KbT: 96.485333
PLUMED: Relevant bibliography:
PLUMED:   [1] The PLUMED consortium, Nat. Methods 16, 670 (2019)
PLUMED:   [2] Tribello, Bonomi, Branduardi, Camilloni, and Bussi, Comput. Phys. Commun. 185, 604 (2014)
PLUMED: Please read and cite where appropriate!
PLUMED: Finished setup
PLUMED: Action UNITS
PLUMED:   with label @0
PLUMED:   length: A = 0.1 nm
PLUMED:   energy: kcal/mol = 4.184 kj/mol
PLUMED:   time: ps
PLUMED:   charge: e
PLUMED:   mass: amu
PLUMED:   using physical units
PLUMED:   inside PLUMED, Boltzmann constant is 0.0019872
PLUMED: Action DISTANCE
PLUMED:   with label d1
PLUMED:   between atoms 1 4
PLUMED:   without periodic boundary conditions
PLUMED: Action DISTANCE
PLUMED:   with label d2
PLUMED:   between atoms 1 5
PLUMED:   without periodic boundary conditions
PLUMED: Action COMBINE
PLUMED:   with label rc
PLUMED:   with arguments d1 d2
PLUMED:   with coefficients: -1.000000 1.000000
PLUMED:   with parameters: 0.000000 0.000000
PLUMED:   and powers: 1.000000 1.000000
PLUMED: Action MOVINGRESTRAINT
PLUMED:   with label steer
PLUMED:   with arguments d1 d2
PLUMED:   added component to this action:  steer.bias 
PLUMED:   step0 1000
PLUMED:   at 2.640000 1.840000
PLUMED:   with force constant 1000.000000 100.000000
PLUMED:   step1 5000
PLUMED:   at 2.528814 2.606780
PLUMED:   with force constant 1000.000000 100.000000
PLUMED:   added component to this action:  steer.force2 
PLUMED:   added component to this action:  steer.d1_cntr 
PLUMED:   added component to this action:  steer.d1_work 
PLUMED:   added component to this action:  steer.d1_kappa 
PLUMED:   added component to this action:  steer.d2_cntr 
PLUMED:   added component to this action:  steer.d2_work 
PLUMED:   added component to this action:  steer.d2_kappa 
PLUMED:   added component to this action:  steer.work 
PLUMED:   Bibliography [1]
PLUMED: Relevant bibliography:
PLUMED:   [1] Grubmuller, Heymann, and Tavan, Science 271, 997 (1996)
PLUMED: Please read and cite where appropriate!
PLUMED: Action ENERGY
PLUMED:   with label ener
PLUMED:   Bibliography [1][2]
PLUMED: Relevant bibliography:
PLUMED:   [1] Bartels and Karplus, J. Phys. Chem. B 102, 865 (1998)
PLUMED:   [2] Bonomi and Parrinello, J. Comp. Chem. 30, 1615 (2009)
PLUMED: Please read and cite where appropriate!
PLUMED: Action ANGLE
PLUMED:   with label an
PLUMED:   between lines 1-2 and 4-5
PLUMED:   without periodic boundary conditions
PLUMED: Action RESTRAINT
PLUMED:   with label res
PLUMED:   with arguments an
PLUMED:   added component to this action:  res.bias 
PLUMED:   at 1.570796
PLUMED:   with harmonic force constant 100.000000
PLUMED:   and linear force constant 0.000000
PLUMED:   added component to this action:  res.force2 
PLUMED: Action ANGLE
PLUMED:   with label an2
PLUMED:   between atoms 1 5 4
PLUMED:   without periodic boundary conditions
PLUMED: Action RESTRAINT
PLUMED:   with label res2
PLUMED:   with arguments an2
PLUMED:   added component to this action:  res2.bias 
PLUMED:   at 0.000000
PLUMED:   with harmonic force constant 100.000000
PLUMED:   and linear force constant 0.000000
PLUMED:   added component to this action:  res2.force2 
PLUMED: Action PRINT
PLUMED:   with label @10
PLUMED:   with stride 100
PLUMED:   with arguments d1 d2 rc steer.bias steer.force2 steer.d1_cntr steer.d1_work steer.d1_kappa steer.d2_cntr steer.d2_work steer.d2_kappa steer.work ener an res.bias res.force2 an2 res2.bias res2.force2
PLUMED:   on file colvars/COLVAR_2.5288135593220336_2.606779661016949
PLUMED:   with format  %f
PLUMED: Action FLUSH
PLUMED:   with label @11
PLUMED:   with stride 500

# Integration error:        51.27

 -------------- BaysOpt loop, query 5 ---------------
going to run a simulation at 2.606779661016949 2.5288135593220336 
Using head Default out of ['Default']
No dtype selected, switching to float64 to match model dtype.
# Integrating             - Simpson's rule + Real Space Grid Mini  /home/ekempke/miniconda3/envs/mace/lib/python3.12/site-packages/mace/calculators/mace.py:143: UserWarning:Environment variable TORCH_FORCE_NO_WEIGHTS_ONLY_LOAD detected, since the`weights_only` argument was not explicitly passed to `torch.load`, forcing weights_only=False.
+++ Loading the PLUMED kernel runtime +++
+++ PLUMED_KERNEL="/home/ekempke/miniconda3/envs/mace/lib/libplumedKernel.so" +++
PLUMED: PLUMED is starting
PLUMED: Version: 2.8.0 (git: Unknown) compiled on Feb 23 2022 at 09:52:46
PLUMED: Please cite these papers when using PLUMED [1][2]
PLUMED: For further information see the PLUMED web page at http://www.plumed.org
PLUMED: Root: /home/ekempke/miniconda3/envs/mace/lib/plumed
PLUMED: For installed feature, see /home/ekempke/miniconda3/envs/mace/lib/plumed/src/config/config.txt
PLUMED: Molecular dynamics engine: ASE
PLUMED: Precision of reals: 8
PLUMED: Running over 1 node
PLUMED: Number of threads: 1
PLUMED: Cache line size: 512
PLUMED: Number of atoms: 9
PLUMED: File suffix: 
PLUMED: Timestep: 0.000500
PLUMED: KbT: 96.485333
PLUMED: Relevant bibliography:
PLUMED:   [1] The PLUMED consortium, Nat. Methods 16, 670 (2019)
PLUMED:   [2] Tribello, Bonomi, Branduardi, Camilloni, and Bussi, Comput. Phys. Commun. 185, 604 (2014)
PLUMED: Please read and cite where appropriate!
PLUMED: Finished setup
PLUMED: Action UNITS
PLUMED:   with label @0
PLUMED:   length: A = 0.1 nm
PLUMED:   energy: kcal/mol = 4.184 kj/mol
PLUMED:   time: ps
PLUMED:   charge: e
PLUMED:   mass: amu
PLUMED:   using physical units
PLUMED:   inside PLUMED, Boltzmann constant is 0.0019872
PLUMED: Action DISTANCE
PLUMED:   with label d1
PLUMED:   between atoms 1 4
PLUMED:   without periodic boundary conditions
PLUMED: Action DISTANCE
PLUMED:   with label d2
PLUMED:   between atoms 1 5
PLUMED:   without periodic boundary conditions
PLUMED: Action COMBINE
PLUMED:   with label rc
PLUMED:   with arguments d1 d2
PLUMED:   with coefficients: -1.000000 1.000000
PLUMED:   with parameters: 0.000000 0.000000
PLUMED:   and powers: 1.000000 1.000000
PLUMED: Action MOVINGRESTRAINT
PLUMED:   with label steer
PLUMED:   with arguments d1 d2
PLUMED:   added component to this action:  steer.bias 
PLUMED:   step0 1000
PLUMED:   at 2.640000 1.840000
PLUMED:   with force constant 1000.000000 100.000000
PLUMED:   step1 5000
PLUMED:   at 2.501695 3.240678
PLUMED:   with force constant 1000.000000 100.000000
PLUMED:   added component to this action:  steer.force2 
PLUMED:   added component to this action:  steer.d1_cntr 
PLUMED:   added component to this action:  steer.d1_work 
PLUMED:   added component to this action:  steer.d1_kappa 
PLUMED:   added component to this action:  steer.d2_cntr 
PLUMED:   added component to this action:  steer.d2_work 
PLUMED:   added component to this action:  steer.d2_kappa 
PLUMED:   added component to this action:  steer.work 
PLUMED:   Bibliography [1]
PLUMED: Relevant bibliography:
PLUMED:   [1] Grubmuller, Heymann, and Tavan, Science 271, 997 (1996)
PLUMED: Please read and cite where appropriate!
PLUMED: Action ENERGY
PLUMED:   with label ener
PLUMED:   Bibliography [1][2]
PLUMED: Relevant bibliography:
PLUMED:   [1] Bartels and Karplus, J. Phys. Chem. B 102, 865 (1998)
PLUMED:   [2] Bonomi and Parrinello, J. Comp. Chem. 30, 1615 (2009)
PLUMED: Please read and cite where appropriate!
PLUMED: Action ANGLE
PLUMED:   with label an
PLUMED:   between lines 1-2 and 4-5
PLUMED:   without periodic boundary conditions
PLUMED: Action RESTRAINT
PLUMED:   with label res
PLUMED:   with arguments an
PLUMED:   added component to this action:  res.bias 
PLUMED:   at 1.570796
PLUMED:   with harmonic force constant 100.000000
PLUMED:   and linear force constant 0.000000
PLUMED:   added component to this action:  res.force2 
PLUMED: Action ANGLE
PLUMED:   with label an2
PLUMED:   between atoms 1 5 4
PLUMED:   without periodic boundary conditions
PLUMED: Action RESTRAINT
PLUMED:   with label res2
PLUMED:   with arguments an2
PLUMED:   added component to this action:  res2.bias 
PLUMED:   at 0.000000
PLUMED:   with harmonic force constant 100.000000
PLUMED:   and linear force constant 0.000000
PLUMED:   added component to this action:  res2.force2 
PLUMED: Action PRINT
PLUMED:   with label @10
PLUMED:   with stride 100
PLUMED:   with arguments d1 d2 rc steer.bias steer.force2 steer.d1_cntr steer.d1_work steer.d1_kappa steer.d2_cntr steer.d2_work steer.d2_kappa steer.work ener an res.bias res.force2 an2 res2.bias res2.force2
PLUMED:   on file colvars/COLVAR_2.5016949152542374_3.240677966101695
PLUMED:   with format  %f
PLUMED: Action FLUSH
PLUMED:   with label @11
PLUMED:   with stride 500
 /home/ekempke/miniconda3/envs/mace/lib/python3.12/site-packages/matscipy/neighbours.py:718: RuntimeWarning:Ratio of simulation cell size to cutoff is very large; reducing number of bins for neighbour list search, but this may be slow. Are you using a cell with lots of vacuum?

# Integration error:        50.49

 -------------- BaysOpt loop, query 6 ---------------
going to run a simulation at 3.240677966101695 2.5016949152542374 
Using head Default out of ['Default']
No dtype selected, switching to float64 to match model dtype.
# Integrating             - Simpson's rule + Real Space Grid Mini PLUMED:                                               Cycles        Total      Average      Minimum      Maximum
PLUMED:                                                    1     3.020661     3.020661     3.020661     3.020661
PLUMED: 1 Prepare dependencies                         80001     0.176375     0.000002     0.000001     0.000014
PLUMED: 2 Sharing data                                 80001     0.430735     0.000005     0.000003     0.000017
PLUMED: 3 Waiting for data                             80001     0.021577     0.000000     0.000000     0.000008
PLUMED: 4 Calculating (forward loop)                   80001     1.186937     0.000015     0.000011     0.000041
PLUMED: 5 Applying (backward loop)                     80001     0.445527     0.000006     0.000004     0.000018
PLUMED: 6 Update                                       80001     0.059790     0.000001     0.000000     0.000265
PLUMED:                                               Cycles        Total      Average      Minimum      Maximum
PLUMED:                                                    1     3.587833     3.587833     3.587833     3.587833
PLUMED: 1 Prepare dependencies                         80001     0.217636     0.000003     0.000001     0.000014
PLUMED: 2 Sharing data                                 80001     0.551516     0.000007     0.000003     0.000021
PLUMED: 3 Waiting for data                             80001     0.027480     0.000000     0.000000     0.000009
PLUMED: 4 Calculating (forward loop)                   80001     1.316721     0.000016     0.000010     0.000035
PLUMED: 5 Applying (backward loop)                     80001     0.505095     0.000006     0.000004     0.000020
PLUMED: 6 Update                                       80001     0.064473     0.000001     0.000000     0.000284
PLUMED:                                               Cycles        Total      Average      Minimum      Maximum
PLUMED:                                                    1     3.604418     3.604418     3.604418     3.604418
PLUMED: 1 Prepare dependencies                         80001     0.211761     0.000003     0.000001     0.000013
PLUMED: 2 Sharing data                                 80001     0.557186     0.000007     0.000003     0.000020
PLUMED: 3 Waiting for data                             80001     0.027151     0.000000     0.000000     0.000010
PLUMED: 4 Calculating (forward loop)                   80001     1.324321     0.000017     0.000010     0.000081
PLUMED: 5 Applying (backward loop)                     80001     0.512956     0.000006     0.000004     0.000018
PLUMED: 6 Update                                       80001     0.063607     0.000001     0.000000     0.000268
PLUMED:                                               Cycles        Total      Average      Minimum      Maximum
PLUMED:                                                    1     3.444254     3.444254     3.444254     3.444254
PLUMED: 1 Prepare dependencies                         80001     0.209630     0.000003     0.000001     0.000016
PLUMED: 2 Sharing dat /home/ekempke/miniconda3/envs/mace/lib/python3.12/site-packages/mace/calculators/mace.py:143: UserWarning:Environment variable TORCH_FORCE_NO_WEIGHTS_ONLY_LOAD detected, since the`weights_only` argument was not explicitly passed to `torch.load`, forcing weights_only=False.
+++ Loading the PLUMED kernel runtime +++
+++ PLUMED_KERNEL="/home/ekempke/miniconda3/envs/mace/lib/libplumedKernel.so" +++
a                                 80001     0.521515     0.000007     0.000003     0.000026
PLUMED: 3 Waiting for data                             80001     0.025665     0.000000     0.000000     0.000013
PLUMED: 4 Calculating (forward loop)                   80001     1.260213     0.000016     0.000010     0.000044
PLUMED: 5 Applying (backward loop)                     80001     0.491012     0.000006     0.000004     0.000028
PLUMED: 6 Update                                       80001     0.063260     0.000001     0.000000     0.000268
PLUMED: PLUMED is starting
PLUMED: Version: 2.8.0 (git: Unknown) compiled on Feb 23 2022 at 09:52:46
PLUMED: Please cite these papers when using PLUMED [1][2]
PLUMED: For further information see the PLUMED web page at http://www.plumed.org
PLUMED: Root: /home/ekempke/miniconda3/envs/mace/lib/plumed
PLUMED: For installed feature, see /home/ekempke/miniconda3/envs/mace/lib/plumed/src/config/config.txt
PLUMED: Molecular dynamics engine: ASE
PLUMED: Precision of reals: 8
PLUMED: Running over 1 node
PLUMED: Number of threads: 1
PLUMED: Cache line size: 512
PLUMED: Number of atoms: 9
PLUMED: File suffix: 
PLUMED: Timestep: 0.000500
PLUMED: KbT: 96.485333
PLUMED: Relevant bibliography:
PLUMED:   [1] The PLUMED consortium, Nat. Methods 16, 670 (2019)
PLUMED:   [2] Tribello, Bonomi, Branduardi, Camilloni, and Bussi, Comput. Phys. Commun. 185, 604 (2014)
PLUMED: Please read and cite where appropriate!
PLUMED: Finished setup
PLUMED: Action UNITS
PLUMED:   with label @0
PLUMED:   length: A = 0.1 nm
PLUMED:   energy: kcal/mol = 4.184 kj/mol
PLUMED:   time: ps
PLUMED:   charge: e
PLUMED:   mass: amu
PLUMED:   using physical units
PLUMED:   inside PLUMED, Boltzmann constant is 0.0019872
PLUMED: Action DISTANCE
PLUMED:   with label d1
PLUMED:   between atoms 1 4
PLUMED:   without periodic boundary conditions
PLUMED: Action DISTANCE
PLUMED:   with label d2
PLUMED:   between atoms 1 5
PLUMED:   without periodic boundary conditions
PLUMED: Action COMBINE
PLUMED:   with label rc
PLUMED:   with arguments d1 d2
PLUMED:   with coefficients: -1.000000 1.000000
PLUMED:   with parameters: 0.000000 0.000000
PLUMED:   and powers: 1.000000 1.000000
PLUMED: Action MOVINGRESTRAINT
PLUMED:   with label steer
PLUMED:   with arguments d1 d2
PLUMED:   added component to this action:  steer.bias 
PLUMED:   step0 1000
PLUMED:   at 2.640000 1.840000
PLUMED:   with force constant 1000.000000 100.000000
PLUMED:   step1 5000
PLUMED:   at 1.362712 2.923729
PLUMED:   with force constant 1000.000000 100.000000
PLUMED:   added component to this action:  steer.force2 
PLUMED:   added component to this action:  steer.d1_cntr 
PLUMED:   added component to this action:  steer.d1_work 
PLUMED:   added component to this action:  steer.d1_kappa 
PLUMED:   added component to this action:  steer.d2_cntr 
PLUMED:   added component to this action:  steer.d2_work 
PLUMED:   added component to this action:  steer.d2_kappa 
PLUMED:   added component to this action:  steer.work 
PLUMED:   Bibliography [1]
PLUMED: Relevant bibliography:
PLUMED:   [1] Grubmuller, Heymann, and Tavan, Science 271, 997 (1996)
PLUMED: Please read and cite where appropriate!
PLUMED: Action ENERGY
PLUMED:   with label ener
PLUMED:   Bibliography [1][2]
PLUMED: Relevant bibliography:
PLUMED:   [1] Bartels and Karplus, J. Phys. Chem. B 102, 865 (1998)
PLUMED:   [2] Bonomi and Parrinello, J. Comp. Chem. 30, 1615 (2009)
PLUMED: Please read and cite where appropriate!
PLUMED: Action ANGLE
PLUMED:   with label an
PLUMED:   between lines 1-2 and 4-5
PLUMED:   without periodic boundary conditions
PLUMED: Action RESTRAINT
PLUMED:   with label res
PLUMED:   with arguments an
PLUMED:   added component to this action:  res.bias 
PLUMED:   at 1.570796
PLUMED:   with harmonic force constant 100.000000
PLUMED:   and linear force constant 0.000000
PLUMED:   added component to this action:  res.force2 
PLUMED: Action ANGLE
PLUMED:   with label an2
PLUMED:   between atoms 1 5 4
PLUMED:   without periodic boundary conditions
PLUMED: Action RESTRAINT
PLUMED:   with label res2
PLUMED:   with arguments an2
PLUMED:   added component to this action:  res2.bias 
PLUMED:   at 0.000000
PLUMED:   with harmonic force constant 100.000000
PLUMED:   and linear force constant 0.000000
PLUMED:   added component to this action:  res2.force2 
PLUMED: Action PRINT
PLUMED:   with label @10
PLUMED:   with stride 100
PLUMED:   with arguments d1 d2 rc steer.bias steer.force2 steer.d1_cntr steer.d1_work steer.d1_kappa steer.d2_cntr steer.d2_work steer.d2_kappa steer.work ener an res.bias res.force2 an2 res2.bias res2.force2
PLUMED:   on file colvars/COLVAR_1.3627118644067795_2.923728813559322
PLUMED:   with format  %f
PLUMED: Action FLUSH
PLUMED:   with label @11
PLUMED:   with stride 500

# Integration error:        48.75

 -------------- BaysOpt loop, query 7 ---------------
going to run a simulation at 2.923728813559322 1.3627118644067795 
Using head Default out of ['Default']
No dtype selected, switching to float64 to match model dtype.
# Integrating             - Simpson's rule + Real Space Grid Mini  /home/ekempke/miniconda3/envs/mace/lib/python3.12/site-packages/mace/calculators/mace.py:143: UserWarning:Environment variable TORCH_FORCE_NO_WEIGHTS_ONLY_LOAD detected, since the`weights_only` argument was not explicitly passed to `torch.load`, forcing weights_only=False.
+++ Loading the PLUMED kernel runtime +++
+++ PLUMED_KERNEL="/home/ekempke/miniconda3/envs/mace/lib/libplumedKernel.so" +++
PLUMED: PLUMED is starting
PLUMED: Version: 2.8.0 (git: Unknown) compiled on Feb 23 2022 at 09:52:46
PLUMED: Please cite these papers when using PLUMED [1][2]
PLUMED: For further information see the PLUMED web page at http://www.plumed.org
PLUMED: Root: /home/ekempke/miniconda3/envs/mace/lib/plumed
PLUMED: For installed feature, see /home/ekempke/miniconda3/envs/mace/lib/plumed/src/config/config.txt
PLUMED: Molecular dynamics engine: ASE
PLUMED: Precision of reals: 8
PLUMED: Running over 1 node
PLUMED: Number of threads: 1
PLUMED: Cache line size: 512
PLUMED: Number of atoms: 9
PLUMED: File suffix: 
PLUMED: Timestep: 0.000500
PLUMED: KbT: 96.485333
PLUMED: Relevant bibliography:
PLUMED:   [1] The PLUMED consortium, Nat. Methods 16, 670 (2019)
PLUMED:   [2] Tribello, Bonomi, Branduardi, Camilloni, and Bussi, Comput. Phys. Commun. 185, 604 (2014)
PLUMED: Please read and cite where appropriate!
PLUMED: Finished setup
PLUMED: Action UNITS
PLUMED:   with label @0
PLUMED:   length: A = 0.1 nm
PLUMED:   energy: kcal/mol = 4.184 kj/mol
PLUMED:   time: ps
PLUMED:   charge: e
PLUMED:   mass: amu
PLUMED:   using physical units
PLUMED:   inside PLUMED, Boltzmann constant is 0.0019872
PLUMED: Action DISTANCE
PLUMED:   with label d1
PLUMED:   between atoms 1 4
PLUMED:   without periodic boundary conditions
PLUMED: Action DISTANCE
PLUMED:   with label d2
PLUMED:   between atoms 1 5
PLUMED:   without periodic boundary conditions
PLUMED: Action COMBINE
PLUMED:   with label rc
PLUMED:   with arguments d1 d2
PLUMED:   with coefficients: -1.000000 1.000000
PLUMED:   with parameters: 0.000000 0.000000
PLUMED:   and powers: 1.000000 1.000000
PLUMED: Action MOVINGRESTRAINT
PLUMED:   with label steer
PLUMED:   with arguments d1 d2
PLUMED:   added component to this action:  steer.bias 
PLUMED:   step0 1000
PLUMED:   at 2.640000 1.840000
PLUMED:   with force constant 1000.000000 100.000000
PLUMED:   step1 5000
PLUMED:   at 2.013559 3.298305
PLUMED:   with force constant 1000.000000 100.000000
PLUMED:   added component to this action:  steer.force2 
PLUMED:   added component to this action:  steer.d1_cntr 
PLUMED:   added component to this action:  steer.d1_work 
PLUMED:   added component to this action:  steer.d1_kappa 
PLUMED:   added component to this action:  steer.d2_cntr 
PLUMED:   added component to this action:  steer.d2_work 
PLUMED:   added component to this action:  steer.d2_kappa 
PLUMED:   added component to this action:  steer.work 
PLUMED:   Bibliography [1]
PLUMED: Relevant bibliography:
PLUMED:   [1] Grubmuller, Heymann, and Tavan, Science 271, 997 (1996)
PLUMED: Please read and cite where appropriate!
PLUMED: Action ENERGY
PLUMED:   with label ener
PLUMED:   Bibliography [1][2]
PLUMED: Relevant bibliography:
PLUMED:   [1] Bartels and Karplus, J. Phys. Chem. B 102, 865 (1998)
PLUMED:   [2] Bonomi and Parrinello, J. Comp. Chem. 30, 1615 (2009)
PLUMED: Please read and cite where appropriate!
PLUMED: Action ANGLE
PLUMED:   with label an
PLUMED:   between lines 1-2 and 4-5
PLUMED:   without periodic boundary conditions
PLUMED: Action RESTRAINT
PLUMED:   with label res
PLUMED:   with arguments an
PLUMED:   added component to this action:  res.bias 
PLUMED:   at 1.570796
PLUMED:   with harmonic force constant 100.000000
PLUMED:   and linear force constant 0.000000
PLUMED:   added component to this action:  res.force2 
PLUMED: Action ANGLE
PLUMED:   with label an2
PLUMED:   between atoms 1 5 4
PLUMED:   without periodic boundary conditions
PLUMED: Action RESTRAINT
PLUMED:   with label res2
PLUMED:   with arguments an2
PLUMED:   added component to this action:  res2.bias 
PLUMED:   at 0.000000
PLUMED:   with harmonic force constant 100.000000
PLUMED:   and linear force constant 0.000000
PLUMED:   added component to this action:  res2.force2 
PLUMED: Action PRINT
PLUMED:   with label @10
PLUMED:   with stride 100
PLUMED:   with arguments d1 d2 rc steer.bias steer.force2 steer.d1_cntr steer.d1_work steer.d1_kappa steer.d2_cntr steer.d2_work steer.d2_kappa steer.work ener an res.bias res.force2 an2 res2.bias res2.force2
PLUMED:   on file colvars/COLVAR_2.013559322033898_3.2983050847457624
PLUMED:   with format  %f
PLUMED: Action FLUSH
PLUMED:   with label @11
PLUMED:   with stride 500

# Integration error:        44.65

 -------------- BaysOpt loop, query 8 ---------------
going to run a simulation at 3.2983050847457624 2.013559322033898 
Using head Default out of ['Default']
No dtype selected, switching to float64 to match model dtype.
# Integrating             - Simpson's rule + Real Space Grid Mini  /home/ekempke/miniconda3/envs/mace/lib/python3.12/site-packages/mace/calculators/mace.py:143: UserWarning:Environment variable TORCH_FORCE_NO_WEIGHTS_ONLY_LOAD detected, since the`weights_only` argument was not explicitly passed to `torch.load`, forcing weights_only=False.
+++ Loading the PLUMED kernel runtime +++
+++ PLUMED_KERNEL="/home/ekempke/miniconda3/envs/mace/lib/libplumedKernel.so" +++
PLUMED: PLUMED is starting
PLUMED: Version: 2.8.0 (git: Unknown) compiled on Feb 23 2022 at 09:52:46
PLUMED: Please cite these papers when using PLUMED [1][2]
PLUMED: For further information see the PLUMED web page at http://www.plumed.org
PLUMED: Root: /home/ekempke/miniconda3/envs/mace/lib/plumed
PLUMED: For installed feature, see /home/ekempke/miniconda3/envs/mace/lib/plumed/src/config/config.txt
PLUMED: Molecular dynamics engine: ASE
PLUMED: Precision of reals: 8
PLUMED: Running over 1 node
PLUMED: Number of threads: 1
PLUMED: Cache line size: 512
PLUMED: Number of atoms: 9
PLUMED: File suffix: 
PLUMED: Timestep: 0.000500
PLUMED: KbT: 96.485333
PLUMED: Relevant bibliography:
PLUMED:   [1] The PLUMED consortium, Nat. Methods 16, 670 (2019)
PLUMED:   [2] Tribello, Bonomi, Branduardi, Camilloni, and Bussi, Comput. Phys. Commun. 185, 604 (2014)
PLUMED: Please read and cite where appropriate!
PLUMED: Finished setup
PLUMED: Action UNITS
PLUMED:   with label @0
PLUMED:   length: A = 0.1 nm
PLUMED:   energy: kcal/mol = 4.184 kj/mol
PLUMED:   time: ps
PLUMED:   charge: e
PLUMED:   mass: amu
PLUMED:   using physical units
PLUMED:   inside PLUMED, Boltzmann constant is 0.0019872
PLUMED: Action DISTANCE
PLUMED:   with label d1
PLUMED:   between atoms 1 4
PLUMED:   without periodic boundary conditions
PLUMED: Action DISTANCE
PLUMED:   with label d2
PLUMED:   between atoms 1 5
PLUMED:   without periodic boundary conditions
PLUMED: Action COMBINE
PLUMED:   with label rc
PLUMED:   with arguments d1 d2
PLUMED:   with coefficients: -1.000000 1.000000
PLUMED:   with parameters: 0.000000 0.000000
PLUMED:   and powers: 1.000000 1.000000
PLUMED: Action MOVINGRESTRAINT
PLUMED:   with label steer
PLUMED:   with arguments d1 d2
PLUMED:   added component to this action:  steer.bias 
PLUMED:   step0 1000
PLUMED:   at 2.640000 1.840000
PLUMED:   with force constant 1000.000000 100.000000
PLUMED:   step1 5000
PLUMED:   at 1.959322 2.635593
PLUMED:   with force constant 1000.000000 100.000000
PLUMED:   added component to this action:  steer.force2 
PLUMED:   added component to this action:  steer.d1_cntr 
PLUMED:   added component to this action:  steer.d1_work 
PLUMED:   added component to this action:  steer.d1_kappa 
PLUMED:   added component to this action:  steer.d2_cntr 
PLUMED:   added component to this action:  steer.d2_work 
PLUMED:   added component to this action:  steer.d2_kappa 
PLUMED:   added component to this action:  steer.work 
PLUMED:   Bibliography [1]
PLUMED: Relevant bibliography:
PLUMED:   [1] Grubmuller, Heymann, and Tavan, Science 271, 997 (1996)
PLUMED: Please read and cite where appropriate!
PLUMED: Action ENERGY
PLUMED:   with label ener
PLUMED:   Bibliography [1][2]
PLUMED: Relevant bibliography:
PLUMED:   [1] Bartels and Karplus, J. Phys. Chem. B 102, 865 (1998)
PLUMED:   [2] Bonomi and Parrinello, J. Comp. Chem. 30, 1615 (2009)
PLUMED: Please read and cite where appropriate!
PLUMED: Action ANGLE
PLUMED:   with label an
PLUMED:   between lines 1-2 and 4-5
PLUMED:   without periodic boundary conditions
PLUMED: Action RESTRAINT
PLUMED:   with label res
PLUMED:   with arguments an
PLUMED:   added component to this action:  res.bias 
PLUMED:   at 1.570796
PLUMED:   with harmonic force constant 100.000000
PLUMED:   and linear force constant 0.000000
PLUMED:   added component to this action:  res.force2 
PLUMED: Action ANGLE
PLUMED:   with label an2
PLUMED:   between atoms 1 5 4
PLUMED:   without periodic boundary conditions
PLUMED: Action RESTRAINT
PLUMED:   with label res2
PLUMED:   with arguments an2
PLUMED:   added component to this action:  res2.bias 
PLUMED:   at 0.000000
PLUMED:   with harmonic force constant 100.000000
PLUMED:   and linear force constant 0.000000
PLUMED:   added component to this action:  res2.force2 
PLUMED: Action PRINT
PLUMED:   with label @10
PLUMED:   with stride 100
PLUMED:   with arguments d1 d2 rc steer.bias steer.force2 steer.d1_cntr steer.d1_work steer.d1_kappa steer.d2_cntr steer.d2_work steer.d2_kappa steer.work ener an res.bias res.force2 an2 res2.bias res2.force2
PLUMED:   on file colvars/COLVAR_1.959322033898305_2.635593220338983
PLUMED:   with format  %f
PLUMED: Action FLUSH
PLUMED:   with label @11
PLUMED:   with stride 500

# Integration error:        43.33

 -------------- BaysOpt loop, query 9 ---------------
going to run a simulation at 2.635593220338983 1.959322033898305 
Using head Default out of ['Default']
No dtype selected, switching to float64 to match model dtype.
# Integrating             - Simpson's rule + Real Space Grid Mini  /home/ekempke/miniconda3/envs/mace/lib/python3.12/site-packages/mace/calculators/mace.py:143: UserWarning:Environment variable TORCH_FORCE_NO_WEIGHTS_ONLY_LOAD detected, since the`weights_only` argument was not explicitly passed to `torch.load`, forcing weights_only=False.
+++ Loading the PLUMED kernel runtime +++
+++ PLUMED_KERNEL="/home/ekempke/miniconda3/envs/mace/lib/libplumedKernel.so" +++
PLUMED: PLUMED is starting
PLUMED: Version: 2.8.0 (git: Unknown) compiled on Feb 23 2022 at 09:52:46
PLUMED: Please cite these papers when using PLUMED [1][2]
PLUMED: For further information see the PLUMED web page at http://www.plumed.org
PLUMED: Root: /home/ekempke/miniconda3/envs/mace/lib/plumed
PLUMED: For installed feature, see /home/ekempke/miniconda3/envs/mace/lib/plumed/src/config/config.txt
PLUMED: Molecular dynamics engine: ASE
PLUMED: Precision of reals: 8
PLUMED: Running over 1 node
PLUMED: Number of threads: 1
PLUMED: Cache line size: 512
PLUMED: Number of atoms: 9
PLUMED: File suffix: 
PLUMED: Timestep: 0.000500
PLUMED: KbT: 96.485333
PLUMED: Relevant bibliography:
PLUMED:   [1] The PLUMED consortium, Nat. Methods 16, 670 (2019)
PLUMED:   [2] Tribello, Bonomi, Branduardi, Camilloni, and Bussi, Comput. Phys. Commun. 185, 604 (2014)
PLUMED: Please read and cite where appropriate!
PLUMED: Finished setup
PLUMED: Action UNITS
PLUMED:   with label @0
PLUMED:   length: A = 0.1 nm
PLUMED:   energy: kcal/mol = 4.184 kj/mol
PLUMED:   time: ps
PLUMED:   charge: e
PLUMED:   mass: amu
PLUMED:   using physical units
PLUMED:   inside PLUMED, Boltzmann constant is 0.0019872
PLUMED: Action DISTANCE
PLUMED:   with label d1
PLUMED:   between atoms 1 4
PLUMED:   without periodic boundary conditions
PLUMED: Action DISTANCE
PLUMED:   with label d2
PLUMED:   between atoms 1 5
PLUMED:   without periodic boundary conditions
PLUMED: Action COMBINE
PLUMED:   with label rc
PLUMED:   with arguments d1 d2
PLUMED:   with coefficients: -1.000000 1.000000
PLUMED:   with parameters: 0.000000 0.000000
PLUMED:   and powers: 1.000000 1.000000
PLUMED: Action MOVINGRESTRAINT
PLUMED:   with label steer
PLUMED:   with arguments d1 d2
PLUMED:   added component to this action:  steer.bias 
PLUMED:   step0 1000
PLUMED:   at 2.640000 1.840000
PLUMED:   with force constant 1000.000000 100.000000
PLUMED:   step1 5000
PLUMED:   at 2.528814 2.145763
PLUMED:   with force constant 1000.000000 100.000000
PLUMED:   added component to this action:  steer.force2 
PLUMED:   added component to this action:  steer.d1_cntr 
PLUMED:   added component to this action:  steer.d1_work 
PLUMED:   added component to this action:  steer.d1_kappa 
PLUMED:   added component to this action:  steer.d2_cntr 
PLUMED:   added component to this action:  steer.d2_work 
PLUMED:   added component to this action:  steer.d2_kappa 
PLUMED:   added component to this action:  steer.work 
PLUMED:   Bibliography [1]
PLUMED: Relevant bibliography:
PLUMED:   [1] Grubmuller, Heymann, and Tavan, Science 271, 997 (1996)
PLUMED: Please read and cite where appropriate!
PLUMED: Action ENERGY
PLUMED:   with label ener
PLUMED:   Bibliography [1][2]
PLUMED: Relevant bibliography:
PLUMED:   [1] Bartels and Karplus, J. Phys. Chem. B 102, 865 (1998)
PLUMED:   [2] Bonomi and Parrinello, J. Comp. Chem. 30, 1615 (2009)
PLUMED: Please read and cite where appropriate!
PLUMED: Action ANGLE
PLUMED:   with label an
PLUMED:   between lines 1-2 and 4-5
PLUMED:   without periodic boundary conditions
PLUMED: Action RESTRAINT
PLUMED:   with label res
PLUMED:   with arguments an
PLUMED:   added component to this action:  res.bias 
PLUMED:   at 1.570796
PLUMED:   with harmonic force constant 100.000000
PLUMED:   and linear force constant 0.000000
PLUMED:   added component to this action:  res.force2 
PLUMED: Action ANGLE
PLUMED:   with label an2
PLUMED:   between atoms 1 5 4
PLUMED:   without periodic boundary conditions
PLUMED: Action RESTRAINT
PLUMED:   with label res2
PLUMED:   with arguments an2
PLUMED:   added component to this action:  res2.bias 
PLUMED:   at 0.000000
PLUMED:   with harmonic force constant 100.000000
PLUMED:   and linear force constant 0.000000
PLUMED:   added component to this action:  res2.force2 
PLUMED: Action PRINT
PLUMED:   with label @10
PLUMED:   with stride 100
PLUMED:   with arguments d1 d2 rc steer.bias steer.force2 steer.d1_cntr steer.d1_work steer.d1_kappa steer.d2_cntr steer.d2_work steer.d2_kappa steer.work ener an res.bias res.force2 an2 res2.bias res2.force2
PLUMED:   on file colvars/COLVAR_2.5288135593220336_2.145762711864407
PLUMED:   with format  %f
PLUMED: Action FLUSH
PLUMED:   with label @11
PLUMED:   with stride 500

# Integration error:        53.62

 -------------- BaysOpt loop, query 10 ---------------
going to run a simulation at 2.145762711864407 2.5288135593220336 
Using head Default out of ['Default']
No dtype selected, switching to float64 to match model dtype.
# Integrating             - Simpson's rule + Real Space Grid Mini  /local_scratch/ekempke/104532/bq_chemical.py:542: RuntimeWarning:More than 20 figures have been opened. Figures created through the pyplot interface (`matplotlib.pyplot.figure`) are retained until explicitly closed and may consume too much memory. (To control this warning, see the rcParam `figure.max_open_warning`). Consider using `matplotlib.pyplot.close()`.
 /home/ekempke/miniconda3/envs/mace/lib/python3.12/site-packages/mace/calculators/mace.py:143: UserWarning:Environment variable TORCH_FORCE_NO_WEIGHTS_ONLY_LOAD detected, since the`weights_only` argument was not explicitly passed to `torch.load`, forcing weights_only=False.
+++ Loading the PLUMED kernel runtime +++
+++ PLUMED_KERNEL="/home/ekempke/miniconda3/envs/mace/lib/libplumedKernel.so" +++
PLUMED: PLUMED is starting
PLUMED: Version: 2.8.0 (git: Unknown) compiled on Feb 23 2022 at 09:52:46
PLUMED: Please cite these papers when using PLUMED [1][2]
PLUMED: For further information see the PLUMED web page at http://www.plumed.org
PLUMED: Root: /home/ekempke/miniconda3/envs/mace/lib/plumed
PLUMED: For installed feature, see /home/ekempke/miniconda3/envs/mace/lib/plumed/src/config/config.txt
PLUMED: Molecular dynamics engine: ASE
PLUMED: Precision of reals: 8
PLUMED: Running over 1 node
PLUMED: Number of threads: 1
PLUMED: Cache line size: 512
PLUMED: Number of atoms: 9
PLUMED: File suffix: 
PLUMED: Timestep: 0.000500
PLUMED: KbT: 96.485333
PLUMED: Relevant bibliography:
PLUMED:   [1] The PLUMED consortium, Nat. Methods 16, 670 (2019)
PLUMED:   [2] Tribello, Bonomi, Branduardi, Camilloni, and Bussi, Comput. Phys. Commun. 185, 604 (2014)
PLUMED: Please read and cite where appropriate!
PLUMED: Finished setup
PLUMED: Action UNITS
PLUMED:   with label @0
PLUMED:   length: A = 0.1 nm
PLUMED:   energy: kcal/mol = 4.184 kj/mol
PLUMED:   time: ps
PLUMED:   charge: e
PLUMED:   mass: amu
PLUMED:   using physical units
PLUMED:   inside PLUMED, Boltzmann constant is 0.0019872
PLUMED: Action DISTANCE
PLUMED:   with label d1
PLUMED:   between atoms 1 4
PLUMED:   without periodic boundary conditions
PLUMED: Action DISTANCE
PLUMED:   with label d2
PLUMED:   between atoms 1 5
PLUMED:   without periodic boundary conditions
PLUMED: Action COMBINE
PLUMED:   with label rc
PLUMED:   with arguments d1 d2
PLUMED:   with coefficients: -1.000000 1.000000
PLUMED:   with parameters: 0.000000 0.000000
PLUMED:   and powers: 1.000000 1.000000
PLUMED: Action MOVINGRESTRAINT
PLUMED:   with label steer
PLUMED:   with arguments d1 d2
PLUMED:   added component to this action:  steer.bias 
PLUMED:   step0 1000
PLUMED:   at 2.640000 1.840000
PLUMED:   with force constant 1000.000000 100.000000
PLUMED:   step1 5000
PLUMED:   at 1.986441 2.001695
PLUMED:   with force constant 1000.000000 100.000000
PLUMED:   added component to this action:  steer.force2 
PLUMED:   added component to this action:  steer.d1_cntr 
PLUMED:   added component to this action:  steer.d1_work 
PLUMED:   added component to this action:  steer.d1_kappa 
PLUMED:   added component to this action:  steer.d2_cntr 
PLUMED:   added component to this action:  steer.d2_work 
PLUMED:   added component to this action:  steer.d2_kappa 
PLUMED:   added component to this action:  steer.work 
PLUMED:   Bibliography [1]
PLUMED: Relevant bibliography:
PLUMED:   [1] Grubmuller, Heymann, and Tavan, Science 271, 997 (1996)
PLUMED: Please read and cite where appropriate!
PLUMED: Action ENERGY
PLUMED:   with label ener
PLUMED:   Bibliography [1][2]
PLUMED: Relevant bibliography:
PLUMED:   [1] Bartels and Karplus, J. Phys. Chem. B 102, 865 (1998)
PLUMED:   [2] Bonomi and Parrinello, J. Comp. Chem. 30, 1615 (2009)
PLUMED: Please read and cite where appropriate!
PLUMED: Action ANGLE
PLUMED:   with label an
PLUMED:   between lines 1-2 and 4-5
PLUMED:   without periodic boundary conditions
PLUMED: Action RESTRAINT
PLUMED:   with label res
PLUMED:   with arguments an
PLUMED:   added component to this action:  res.bias 
PLUMED:   at 1.570796
PLUMED:   with harmonic force constant 100.000000
PLUMED:   and linear force constant 0.000000
PLUMED:   added component to this action:  res.force2 
PLUMED: Action ANGLE
PLUMED:   with label an2
PLUMED:   between atoms 1 5 4
PLUMED:   without periodic boundary conditions
PLUMED: Action RESTRAINT
PLUMED:   with label res2
PLUMED:   with arguments an2
PLUMED:   added component to this action:  res2.bias 
PLUMED:   at 0.000000
PLUMED:   with harmonic force constant 100.000000
PLUMED:   and linear force constant 0.000000
PLUMED:   added component to this action:  res2.force2 
PLUMED: Action PRINT
PLUMED:   with label @10
PLUMED:   with stride 100
PLUMED:   with arguments d1 d2 rc steer.bias steer.force2 steer.d1_cntr steer.d1_work steer.d1_kappa steer.d2_cntr steer.d2_work steer.d2_kappa steer.work ener an res.bias res.force2 an2 res2.bias res2.force2
PLUMED:   on file colvars/COLVAR_1.9864406779661015_2.0016949152542374
PLUMED:   with format  %f
PLUMED: Action FLUSH
PLUMED:   with label @11
PLUMED:   with stride 500

# Integration error:        54.28

 -------------- BaysOpt loop, query 11 ---------------
going to run a simulation at 2.0016949152542374 1.9864406779661015 
Using head Default out of ['Default']
No dtype selected, switching to float64 to match model dtype.
# Integrating             - Simpson's rule + Real Space Grid Mini PLUMED:                                               Cycles        Total      Average      Minimum      Maximum
PLUMED:                                                    1     2.915178     2.915178     2.915178     2.915178
PLUMED: 1 Prepare dependencies                         80001     0.177151     0.000002     0.000001     0.000012
PLUMED: 2 Sharing data                                 80001     0.400285     0.000005     0.000003     0.000016
PLUMED: 3 Waiting for data                             80001     0.020641     0.000000     0.000000     0.000008
PLUMED: 4 Calculating (forward loop)                   80001     1.147856     0.000014     0.000011     0.000036
PLUMED: 5 Applying (backward loop)                     80001     0.431808     0.000005     0.000004     0.000016
PLUMED: 6 Update                                       80001     0.058757     0.000001     0.000000     0.000308
PLUMED:                                               Cycles        Total      Average      Minimum      Maximum
PLUMED:                                                    1     3.317961     3.317961     3.317961     3.317961
PLUMED: 1 Prepare dependencies                         80001     0.203728     0.000003     0.000001     0.000023
PLUMED: 2 Sharing data                                 80001     0.498174     0.000006     0.000003     0.000026
PLUMED: 3 Waiting for data                             80001     0.024340     0.000000     0.000000     0.000008
PLUMED: 4 Calculating (forward loop)                   80001     1.212808     0.000015     0.000009     0.000030
PLUMED: 5 Applying (backward loop)                     80001     0.473533     0.000006     0.000004     0.000025
PLUMED: 6 Update                                       80001     0.062089     0.000001     0.000000     0.000166
PLUMED:                                               Cycles        Total      Average      Minimum      Maximum
PLUMED:                                                    1     3.875068     3.875068     3.875068     3.875068
PLUMED: 1 Prepare dependencies                         80001     0.233401     0.000003     0.000001     0.000013
PLUMED: 2 Sharing data                                 80001     0.601762     0.000008     0.000003     0.000020
PLUMED: 3 Waiting for data                             80001     0.029100     0.000000     0.000000     0.000009
PLUMED: 4 Calculating (forward loop)                   80001     1.406789     0.000018     0.000010     0.000074
PLUMED: 5 Applying (backward loop)                     80001     0.545827     0.000007     0.000004     0.000028
PLUMED: 6 Update                                       80001     0.065277     0.000001     0.000000     0.000270
PLUMED:                                               Cycles        Total      Average      Minimum      Maximum
PLUMED:                                                    1     3.507225     3.507225     3.507225     3.507225
PLUMED: 1 Prepare dependencies                         80001     0.203475     0.000003     0.000001     0.000016
PLUMED: 2 Sharing data                                 80001     0.535440     0.000007     0.000003     0.000020
PLUMED: 3 Waiting for data                             80001     0.026182     0.000000     0.000000     0.000007
PLUMED: 4 Calculating (forward loop)                   80001     1.311154     0.000016     0.000010     0.000058
PLUMED: 5 Applying (backward loop)                     80001     0.505387     0.000006     0.000004     0.000026
PLUMED: 6 Update                                       80001     0.058283     0.000001     0.000000     0.000161
PLUMED:                                               Cycles        Total      Average      Minimum      Maximum
PLUMED:                                                    1     3.445851     3.445851     3.445851     3.445851
PLUMED: 1 Prepare dependencies                         80001     0.216536     0.000003     0.000001     0.000035
PLUMED: 2 Sharing data                                 80001     0.536095     0.000007     0.000003     0.000022
PLUMED: 3 Waiting for data   /home/ekempke/miniconda3/envs/mace/lib/python3.12/site-packages/mace/calculators/mace.py:143: UserWarning:Environment variable TORCH_FORCE_NO_WEIGHTS_ONLY_LOAD detected, since the`weights_only` argument was not explicitly passed to `torch.load`, forcing weights_only=False.
+++ Loading the PLUMED kernel runtime +++
+++ PLUMED_KERNEL="/home/ekempke/miniconda3/envs/mace/lib/libplumedKernel.so" +++
                           80001     0.027237     0.000000     0.000000     0.000006
PLUMED: 4 Calculating (forward loop)                   80001     1.304905     0.000016     0.000010     0.000036
PLUMED: 5 Applying (backward loop)                     80001     0.499173     0.000006     0.000004     0.000026
PLUMED: 6 Update                                       80001     0.058209     0.000001     0.000000     0.000171
PLUMED: PLUMED is starting
PLUMED: Version: 2.8.0 (git: Unknown) compiled on Feb 23 2022 at 09:52:46
PLUMED: Please cite these papers when using PLUMED [1][2]
PLUMED: For further information see the PLUMED web page at http://www.plumed.org
PLUMED: Root: /home/ekempke/miniconda3/envs/mace/lib/plumed
PLUMED: For installed feature, see /home/ekempke/miniconda3/envs/mace/lib/plumed/src/config/config.txt
PLUMED: Molecular dynamics engine: ASE
PLUMED: Precision of reals: 8
PLUMED: Running over 1 node
PLUMED: Number of threads: 1
PLUMED: Cache line size: 512
PLUMED: Number of atoms: 9
PLUMED: File suffix: 
PLUMED: Timestep: 0.000500
PLUMED: KbT: 96.485333
PLUMED: Relevant bibliography:
PLUMED:   [1] The PLUMED consortium, Nat. Methods 16, 670 (2019)
PLUMED:   [2] Tribello, Bonomi, Branduardi, Camilloni, and Bussi, Comput. Phys. Commun. 185, 604 (2014)
PLUMED: Please read and cite where appropriate!
PLUMED: Finished setup
PLUMED: Action UNITS
PLUMED:   with label @0
PLUMED:   length: A = 0.1 nm
PLUMED:   energy: kcal/mol = 4.184 kj/mol
PLUMED:   time: ps
PLUMED:   charge: e
PLUMED:   mass: amu
PLUMED:   using physical units
PLUMED:   inside PLUMED, Boltzmann constant is 0.0019872
PLUMED: Action DISTANCE
PLUMED:   with label d1
PLUMED:   between atoms 1 4
PLUMED:   without periodic boundary conditions
PLUMED: Action DISTANCE
PLUMED:   with label d2
PLUMED:   between atoms 1 5
PLUMED:   without periodic boundary conditions
PLUMED: Action COMBINE
PLUMED:   with label rc
PLUMED:   with arguments d1 d2
PLUMED:   with coefficients: -1.000000 1.000000
PLUMED:   with parameters: 0.000000 0.000000
PLUMED:   and powers: 1.000000 1.000000
PLUMED: Action MOVINGRESTRAINT
PLUMED:   with label steer
PLUMED:   with arguments d1 d2
PLUMED:   added component to this action:  steer.bias 
PLUMED:   step0 1000
PLUMED:   at 2.640000 1.840000
PLUMED:   with force constant 1000.000000 100.000000
PLUMED:   step1 5000
PLUMED:   at 1.335593 2.347458
PLUMED:   with force constant 1000.000000 100.000000
PLUMED:   added component to this action:  steer.force2 
PLUMED:   added component to this action:  steer.d1_cntr 
PLUMED:   added component to this action:  steer.d1_work 
PLUMED:   added component to this action:  steer.d1_kappa 
PLUMED:   added component to this action:  steer.d2_cntr 
PLUMED:   added component to this action:  steer.d2_work 
PLUMED:   added component to this action:  steer.d2_kappa 
PLUMED:   added component to this action:  steer.work 
PLUMED:   Bibliography [1]
PLUMED: Relevant bibliography:
PLUMED:   [1] Grubmuller, Heymann, and Tavan, Science 271, 997 (1996)
PLUMED: Please read and cite where appropriate!
PLUMED: Action ENERGY
PLUMED:   with label ener
PLUMED:   Bibliography [1][2]
PLUMED: Relevant bibliography:
PLUMED:   [1] Bartels and Karplus, J. Phys. Chem. B 102, 865 (1998)
PLUMED:   [2] Bonomi and Parrinello, J. Comp. Chem. 30, 1615 (2009)
PLUMED: Please read and cite where appropriate!
PLUMED: Action ANGLE
PLUMED:   with label an
PLUMED:   between lines 1-2 and 4-5
PLUMED:   without periodic boundary conditions
PLUMED: Action RESTRAINT
PLUMED:   with label res
PLUMED:   with arguments an
PLUMED:   added component to this action:  res.bias 
PLUMED:   at 1.570796
PLUMED:   with harmonic force constant 100.000000
PLUMED:   and linear force constant 0.000000
PLUMED:   added component to this action:  res.force2 
PLUMED: Action ANGLE
PLUMED:   with label an2
PLUMED:   between atoms 1 5 4
PLUMED:   without periodic boundary conditions
PLUMED: Action RESTRAINT
PLUMED:   with label res2
PLUMED:   with arguments an2
PLUMED:   added component to this action:  res2.bias 
PLUMED:   at 0.000000
PLUMED:   with harmonic force constant 100.000000
PLUMED:   and linear force constant 0.000000
PLUMED:   added component to this action:  res2.force2 
PLUMED: Action PRINT
PLUMED:   with label @10
PLUMED:   with stride 100
PLUMED:   with arguments d1 d2 rc steer.bias steer.force2 steer.d1_cntr steer.d1_work steer.d1_kappa steer.d2_cntr steer.d2_work steer.d2_kappa steer.work ener an res.bias res.force2 an2 res2.bias res2.force2
PLUMED:   on file colvars/COLVAR_1.335593220338983_2.347457627118644
PLUMED:   with format  %f
PLUMED: Action FLUSH
PLUMED:   with label @11
PLUMED:   with stride 500

# Integration error:        50.65

 -------------- BaysOpt loop, query 12 ---------------
going to run a simulation at 2.347457627118644 1.335593220338983 
Using head Default out of ['Default']
No dtype selected, switching to float64 to match model dtype.
# Integrating             - Simpson's rule + Real Space Grid Mini  /home/ekempke/miniconda3/envs/mace/lib/python3.12/site-packages/mace/calculators/mace.py:143: UserWarning:Environment variable TORCH_FORCE_NO_WEIGHTS_ONLY_LOAD detected, since the`weights_only` argument was not explicitly passed to `torch.load`, forcing weights_only=False.
+++ Loading the PLUMED kernel runtime +++
+++ PLUMED_KERNEL="/home/ekempke/miniconda3/envs/mace/lib/libplumedKernel.so" +++
PLUMED: PLUMED is starting
PLUMED: Version: 2.8.0 (git: Unknown) compiled on Feb 23 2022 at 09:52:46
PLUMED: Please cite these papers when using PLUMED [1][2]
PLUMED: For further information see the PLUMED web page at http://www.plumed.org
PLUMED: Root: /home/ekempke/miniconda3/envs/mace/lib/plumed
PLUMED: For installed feature, see /home/ekempke/miniconda3/envs/mace/lib/plumed/src/config/config.txt
PLUMED: Molecular dynamics engine: ASE
PLUMED: Precision of reals: 8
PLUMED: Running over 1 node
PLUMED: Number of threads: 1
PLUMED: Cache line size: 512
PLUMED: Number of atoms: 9
PLUMED: File suffix: 
PLUMED: Timestep: 0.000500
PLUMED: KbT: 96.485333
PLUMED: Relevant bibliography:
PLUMED:   [1] The PLUMED consortium, Nat. Methods 16, 670 (2019)
PLUMED:   [2] Tribello, Bonomi, Branduardi, Camilloni, and Bussi, Comput. Phys. Commun. 185, 604 (2014)
PLUMED: Please read and cite where appropriate!
PLUMED: Finished setup
PLUMED: Action UNITS
PLUMED:   with label @0
PLUMED:   length: A = 0.1 nm
PLUMED:   energy: kcal/mol = 4.184 kj/mol
PLUMED:   time: ps
PLUMED:   charge: e
PLUMED:   mass: amu
PLUMED:   using physical units
PLUMED:   inside PLUMED, Boltzmann constant is 0.0019872
PLUMED: Action DISTANCE
PLUMED:   with label d1
PLUMED:   between atoms 1 4
PLUMED:   without periodic boundary conditions
PLUMED: Action DISTANCE
PLUMED:   with label d2
PLUMED:   between atoms 1 5
PLUMED:   without periodic boundary conditions
PLUMED: Action COMBINE
PLUMED:   with label rc
PLUMED:   with arguments d1 d2
PLUMED:   with coefficients: -1.000000 1.000000
PLUMED:   with parameters: 0.000000 0.000000
PLUMED:   and powers: 1.000000 1.000000
PLUMED: Action MOVINGRESTRAINT
PLUMED:   with label steer
PLUMED:   with arguments d1 d2
PLUMED:   added component to this action:  steer.bias 
PLUMED:   step0 1000
PLUMED:   at 2.640000 1.840000
PLUMED:   with force constant 1000.000000 100.000000
PLUMED:   step1 5000
PLUMED:   at 2.637288 2.923729
PLUMED:   with force constant 1000.000000 100.000000
PLUMED:   added component to this action:  steer.force2 
PLUMED:   added component to this action:  steer.d1_cntr 
PLUMED:   added component to this action:  steer.d1_work 
PLUMED:   added component to this action:  steer.d1_kappa 
PLUMED:   added component to this action:  steer.d2_cntr 
PLUMED:   added component to this action:  steer.d2_work 
PLUMED:   added component to this action:  steer.d2_kappa 
PLUMED:   added component to this action:  steer.work 
PLUMED:   Bibliography [1]
PLUMED: Relevant bibliography:
PLUMED:   [1] Grubmuller, Heymann, and Tavan, Science 271, 997 (1996)
PLUMED: Please read and cite where appropriate!
PLUMED: Action ENERGY
PLUMED:   with label ener
PLUMED:   Bibliography [1][2]
PLUMED: Relevant bibliography:
PLUMED:   [1] Bartels and Karplus, J. Phys. Chem. B 102, 865 (1998)
PLUMED:   [2] Bonomi and Parrinello, J. Comp. Chem. 30, 1615 (2009)
PLUMED: Please read and cite where appropriate!
PLUMED: Action ANGLE
PLUMED:   with label an
PLUMED:   between lines 1-2 and 4-5
PLUMED:   without periodic boundary conditions
PLUMED: Action RESTRAINT
PLUMED:   with label res
PLUMED:   with arguments an
PLUMED:   added component to this action:  res.bias 
PLUMED:   at 1.570796
PLUMED:   with harmonic force constant 100.000000
PLUMED:   and linear force constant 0.000000
PLUMED:   added component to this action:  res.force2 
PLUMED: Action ANGLE
PLUMED:   with label an2
PLUMED:   between atoms 1 5 4
PLUMED:   without periodic boundary conditions
PLUMED: Action RESTRAINT
PLUMED:   with label res2
PLUMED:   with arguments an2
PLUMED:   added component to this action:  res2.bias 
PLUMED:   at 0.000000
PLUMED:   with harmonic force constant 100.000000
PLUMED:   and linear force constant 0.000000
PLUMED:   added component to this action:  res2.force2 
PLUMED: Action PRINT
PLUMED:   with label @10
PLUMED:   with stride 100
PLUMED:   with arguments d1 d2 rc steer.bias steer.force2 steer.d1_cntr steer.d1_work steer.d1_kappa steer.d2_cntr steer.d2_work steer.d2_kappa steer.work ener an res.bias res.force2 an2 res2.bias res2.force2
PLUMED:   on file colvars/COLVAR_2.63728813559322_2.923728813559322
PLUMED:   with format  %f
PLUMED: Action FLUSH
PLUMED:   with label @11
PLUMED:   with stride 500

# Integration error:        47.48

 -------------- BaysOpt loop, query 13 ---------------
going to run a simulation at 2.923728813559322 2.63728813559322 
Using head Default out of ['Default']
No dtype selected, switching to float64 to match model dtype.
# Integrating             - Simpson's rule + Real Space Grid Mini  /home/ekempke/miniconda3/envs/mace/lib/python3.12/site-packages/mace/calculators/mace.py:143: UserWarning:Environment variable TORCH_FORCE_NO_WEIGHTS_ONLY_LOAD detected, since the`weights_only` argument was not explicitly passed to `torch.load`, forcing weights_only=False.
+++ Loading the PLUMED kernel runtime +++
+++ PLUMED_KERNEL="/home/ekempke/miniconda3/envs/mace/lib/libplumedKernel.so" +++
PLUMED: PLUMED is starting
PLUMED: Version: 2.8.0 (git: Unknown) compiled on Feb 23 2022 at 09:52:46
PLUMED: Please cite these papers when using PLUMED [1][2]
PLUMED: For further information see the PLUMED web page at http://www.plumed.org
PLUMED: Root: /home/ekempke/miniconda3/envs/mace/lib/plumed
PLUMED: For installed feature, see /home/ekempke/miniconda3/envs/mace/lib/plumed/src/config/config.txt
PLUMED: Molecular dynamics engine: ASE
PLUMED: Precision of reals: 8
PLUMED: Running over 1 node
PLUMED: Number of threads: 1
PLUMED: Cache line size: 512
PLUMED: Number of atoms: 9
PLUMED: File suffix: 
PLUMED: Timestep: 0.000500
PLUMED: KbT: 96.485333
PLUMED: Relevant bibliography:
PLUMED:   [1] The PLUMED consortium, Nat. Methods 16, 670 (2019)
PLUMED:   [2] Tribello, Bonomi, Branduardi, Camilloni, and Bussi, Comput. Phys. Commun. 185, 604 (2014)
PLUMED: Please read and cite where appropriate!
PLUMED: Finished setup
PLUMED: Action UNITS
PLUMED:   with label @0
PLUMED:   length: A = 0.1 nm
PLUMED:   energy: kcal/mol = 4.184 kj/mol
PLUMED:   time: ps
PLUMED:   charge: e
PLUMED:   mass: amu
PLUMED:   using physical units
PLUMED:   inside PLUMED, Boltzmann constant is 0.0019872
PLUMED: Action DISTANCE
PLUMED:   with label d1
PLUMED:   between atoms 1 4
PLUMED:   without periodic boundary conditions
PLUMED: Action DISTANCE
PLUMED:   with label d2
PLUMED:   between atoms 1 5
PLUMED:   without periodic boundary conditions
PLUMED: Action COMBINE
PLUMED:   with label rc
PLUMED:   with arguments d1 d2
PLUMED:   with coefficients: -1.000000 1.000000
PLUMED:   with parameters: 0.000000 0.000000
PLUMED:   and powers: 1.000000 1.000000
PLUMED: Action MOVINGRESTRAINT
PLUMED:   with label steer
PLUMED:   with arguments d1 d2
PLUMED:   added component to this action:  steer.bias 
PLUMED:   step0 1000
PLUMED:   at 2.640000 1.840000
PLUMED:   with force constant 1000.000000 100.000000
PLUMED:   step1 5000
PLUMED:   at 1.362712 1.944068
PLUMED:   with force constant 1000.000000 100.000000
PLUMED:   added component to this action:  steer.force2 
PLUMED:   added component to this action:  steer.d1_cntr 
PLUMED:   added component to this action:  steer.d1_work 
PLUMED:   added component to this action:  steer.d1_kappa 
PLUMED:   added component to this action:  steer.d2_cntr 
PLUMED:   added component to this action:  steer.d2_work 
PLUMED:   added component to this action:  steer.d2_kappa 
PLUMED:   added component to this action:  steer.work 
PLUMED:   Bibliography [1]
PLUMED: Relevant bibliography:
PLUMED:   [1] Grubmuller, Heymann, and Tavan, Science 271, 997 (1996)
PLUMED: Please read and cite where appropriate!
PLUMED: Action ENERGY
PLUMED:   with label ener
PLUMED:   Bibliography [1][2]
PLUMED: Relevant bibliography:
PLUMED:   [1] Bartels and Karplus, J. Phys. Chem. B 102, 865 (1998)
PLUMED:   [2] Bonomi and Parrinello, J. Comp. Chem. 30, 1615 (2009)
PLUMED: Please read and cite where appropriate!
PLUMED: Action ANGLE
PLUMED:   with label an
PLUMED:   between lines 1-2 and 4-5
PLUMED:   without periodic boundary conditions
PLUMED: Action RESTRAINT
PLUMED:   with label res
PLUMED:   with arguments an
PLUMED:   added component to this action:  res.bias 
PLUMED:   at 1.570796
PLUMED:   with harmonic force constant 100.000000
PLUMED:   and linear force constant 0.000000
PLUMED:   added component to this action:  res.force2 
PLUMED: Action ANGLE
PLUMED:   with label an2
PLUMED:   between atoms 1 5 4
PLUMED:   without periodic boundary conditions
PLUMED: Action RESTRAINT
PLUMED:   with label res2
PLUMED:   with arguments an2
PLUMED:   added component to this action:  res2.bias 
PLUMED:   at 0.000000
PLUMED:   with harmonic force constant 100.000000
PLUMED:   and linear force constant 0.000000
PLUMED:   added component to this action:  res2.force2 
PLUMED: Action PRINT
PLUMED:   with label @10
PLUMED:   with stride 100
PLUMED:   with arguments d1 d2 rc steer.bias steer.force2 steer.d1_cntr steer.d1_work steer.d1_kappa steer.d2_cntr steer.d2_work steer.d2_kappa steer.work ener an res.bias res.force2 an2 res2.bias res2.force2
PLUMED:   on file colvars/COLVAR_1.3627118644067795_1.9440677966101696
PLUMED:   with format  %f
PLUMED: Action FLUSH
PLUMED:   with label @11
PLUMED:   with stride 500

# Integration error:        47.63

 -------------- BaysOpt loop, query 14 ---------------
going to run a simulation at 1.9440677966101696 1.3627118644067795 
Using head Default out of ['Default']
No dtype selected, switching to float64 to match model dtype.
# Integrating             - Simpson's rule + Real Space Grid Mini  /home/ekempke/miniconda3/envs/mace/lib/python3.12/site-packages/mace/calculators/mace.py:143: UserWarning:Environment variable TORCH_FORCE_NO_WEIGHTS_ONLY_LOAD detected, since the`weights_only` argument was not explicitly passed to `torch.load`, forcing weights_only=False.
+++ Loading the PLUMED kernel runtime +++
+++ PLUMED_KERNEL="/home/ekempke/miniconda3/envs/mace/lib/libplumedKernel.so" +++
PLUMED: PLUMED is starting
PLUMED: Version: 2.8.0 (git: Unknown) compiled on Feb 23 2022 at 09:52:46
PLUMED: Please cite these papers when using PLUMED [1][2]
PLUMED: For further information see the PLUMED web page at http://www.plumed.org
PLUMED: Root: /home/ekempke/miniconda3/envs/mace/lib/plumed
PLUMED: For installed feature, see /home/ekempke/miniconda3/envs/mace/lib/plumed/src/config/config.txt
PLUMED: Molecular dynamics engine: ASE
PLUMED: Precision of reals: 8
PLUMED: Running over 1 node
PLUMED: Number of threads: 1
PLUMED: Cache line size: 512
PLUMED: Number of atoms: 9
PLUMED: File suffix: 
PLUMED: Timestep: 0.000500
PLUMED: KbT: 96.485333
PLUMED: Relevant bibliography:
PLUMED:   [1] The PLUMED consortium, Nat. Methods 16, 670 (2019)
PLUMED:   [2] Tribello, Bonomi, Branduardi, Camilloni, and Bussi, Comput. Phys. Commun. 185, 604 (2014)
PLUMED: Please read and cite where appropriate!
PLUMED: Finished setup
PLUMED: Action UNITS
PLUMED:   with label @0
PLUMED:   length: A = 0.1 nm
PLUMED:   energy: kcal/mol = 4.184 kj/mol
PLUMED:   time: ps
PLUMED:   charge: e
PLUMED:   mass: amu
PLUMED:   using physical units
PLUMED:   inside PLUMED, Boltzmann constant is 0.0019872
PLUMED: Action DISTANCE
PLUMED:   with label d1
PLUMED:   between atoms 1 4
PLUMED:   without periodic boundary conditions
PLUMED: Action DISTANCE
PLUMED:   with label d2
PLUMED:   between atoms 1 5
PLUMED:   without periodic boundary conditions
PLUMED: Action COMBINE
PLUMED:   with label rc
PLUMED:   with arguments d1 d2
PLUMED:   with coefficients: -1.000000 1.000000
PLUMED:   with parameters: 0.000000 0.000000
PLUMED:   and powers: 1.000000 1.000000
PLUMED: Action MOVINGRESTRAINT
PLUMED:   with label steer
PLUMED:   with arguments d1 d2
PLUMED:   added component to this action:  steer.bias 
PLUMED:   step0 1000
PLUMED:   at 2.640000 1.840000
PLUMED:   with force constant 1000.000000 100.000000
PLUMED:   step1 5000
PLUMED:   at 1.416949 3.240678
PLUMED:   with force constant 1000.000000 100.000000
PLUMED:   added component to this action:  steer.force2 
PLUMED:   added component to this action:  steer.d1_cntr 
PLUMED:   added component to this action:  steer.d1_work 
PLUMED:   added component to this action:  steer.d1_kappa 
PLUMED:   added component to this action:  steer.d2_cntr 
PLUMED:   added component to this action:  steer.d2_work 
PLUMED:   added component to this action:  steer.d2_kappa 
PLUMED:   added component to this action:  steer.work 
PLUMED:   Bibliography [1]
PLUMED: Relevant bibliography:
PLUMED:   [1] Grubmuller, Heymann, and Tavan, Science 271, 997 (1996)
PLUMED: Please read and cite where appropriate!
PLUMED: Action ENERGY
PLUMED:   with label ener
PLUMED:   Bibliography [1][2]
PLUMED: Relevant bibliography:
PLUMED:   [1] Bartels and Karplus, J. Phys. Chem. B 102, 865 (1998)
PLUMED:   [2] Bonomi and Parrinello, J. Comp. Chem. 30, 1615 (2009)
PLUMED: Please read and cite where appropriate!
PLUMED: Action ANGLE
PLUMED:   with label an
PLUMED:   between lines 1-2 and 4-5
PLUMED:   without periodic boundary conditions
PLUMED: Action RESTRAINT
PLUMED:   with label res
PLUMED:   with arguments an
PLUMED:   added component to this action:  res.bias 
PLUMED:   at 1.570796
PLUMED:   with harmonic force constant 100.000000
PLUMED:   and linear force constant 0.000000
PLUMED:   added component to this action:  res.force2 
PLUMED: Action ANGLE
PLUMED:   with label an2
PLUMED:   between atoms 1 5 4
PLUMED:   without periodic boundary conditions
PLUMED: Action RESTRAINT
PLUMED:   with label res2
PLUMED:   with arguments an2
PLUMED:   added component to this action:  res2.bias 
PLUMED:   at 0.000000
PLUMED:   with harmonic force constant 100.000000
PLUMED:   and linear force constant 0.000000
PLUMED:   added component to this action:  res2.force2 
PLUMED: Action PRINT
PLUMED:   with label @10
PLUMED:   with stride 100
PLUMED:   with arguments d1 d2 rc steer.bias steer.force2 steer.d1_cntr steer.d1_work steer.d1_kappa steer.d2_cntr steer.d2_work steer.d2_kappa steer.work ener an res.bias res.force2 an2 res2.bias res2.force2
PLUMED:   on file colvars/COLVAR_1.4169491525423727_3.240677966101695
PLUMED:   with format  %f
PLUMED: Action FLUSH
PLUMED:   with label @11
PLUMED:   with stride 500

# Integration error:        58.47

 -------------- BaysOpt loop, query 15 ---------------
going to run a simulation at 3.240677966101695 1.4169491525423727 
Using head Default out of ['Default']
No dtype selected, switching to float64 to match model dtype.
# Integrating             - Simpson's rule + Real Space Grid Mini  /home/ekempke/miniconda3/envs/mace/lib/python3.12/site-packages/mace/calculators/mace.py:143: UserWarning:Environment variable TORCH_FORCE_NO_WEIGHTS_ONLY_LOAD detected, since the`weights_only` argument was not explicitly passed to `torch.load`, forcing weights_only=False.
+++ Loading the PLUMED kernel runtime +++
+++ PLUMED_KERNEL="/home/ekempke/miniconda3/envs/mace/lib/libplumedKernel.so" +++
PLUMED: PLUMED is starting
PLUMED: Version: 2.8.0 (git: Unknown) compiled on Feb 23 2022 at 09:52:46
PLUMED: Please cite these papers when using PLUMED [1][2]
PLUMED: For further information see the PLUMED web page at http://www.plumed.org
PLUMED: Root: /home/ekempke/miniconda3/envs/mace/lib/plumed
PLUMED: For installed feature, see /home/ekempke/miniconda3/envs/mace/lib/plumed/src/config/config.txt
PLUMED: Molecular dynamics engine: ASE
PLUMED: Precision of reals: 8
PLUMED: Running over 1 node
PLUMED: Number of threads: 1
PLUMED: Cache line size: 512
PLUMED: Number of atoms: 9
PLUMED: File suffix: 
PLUMED: Timestep: 0.000500
PLUMED: KbT: 96.485333
PLUMED: Relevant bibliography:
PLUMED:   [1] The PLUMED consortium, Nat. Methods 16, 670 (2019)
PLUMED:   [2] Tribello, Bonomi, Branduardi, Camilloni, and Bussi, Comput. Phys. Commun. 185, 604 (2014)
PLUMED: Please read and cite where appropriate!
PLUMED: Finished setup
PLUMED: Action UNITS
PLUMED:   with label @0
PLUMED:   length: A = 0.1 nm
PLUMED:   energy: kcal/mol = 4.184 kj/mol
PLUMED:   time: ps
PLUMED:   charge: e
PLUMED:   mass: amu
PLUMED:   using physical units
PLUMED:   inside PLUMED, Boltzmann constant is 0.0019872
PLUMED: Action DISTANCE
PLUMED:   with label d1
PLUMED:   between atoms 1 4
PLUMED:   without periodic boundary conditions
PLUMED: Action DISTANCE
PLUMED:   with label d2
PLUMED:   between atoms 1 5
PLUMED:   without periodic boundary conditions
PLUMED: Action COMBINE
PLUMED:   with label rc
PLUMED:   with arguments d1 d2
PLUMED:   with coefficients: -1.000000 1.000000
PLUMED:   with parameters: 0.000000 0.000000
PLUMED:   and powers: 1.000000 1.000000
PLUMED: Action MOVINGRESTRAINT
PLUMED:   with label steer
PLUMED:   with arguments d1 d2
PLUMED:   added component to this action:  steer.bias 
PLUMED:   step0 1000
PLUMED:   at 2.640000 1.840000
PLUMED:   with force constant 1000.000000 100.000000
PLUMED:   step1 5000
PLUMED:   at 1.823729 2.318644
PLUMED:   with force constant 1000.000000 100.000000
PLUMED:   added component to this action:  steer.force2 
PLUMED:   added component to this action:  steer.d1_cntr 
PLUMED:   added component to this action:  steer.d1_work 
PLUMED:   added component to this action:  steer.d1_kappa 
PLUMED:   added component to this action:  steer.d2_cntr 
PLUMED:   added component to this action:  steer.d2_work 
PLUMED:   added component to this action:  steer.d2_kappa 
PLUMED:   added component to this action:  steer.work 
PLUMED:   Bibliography [1]
PLUMED: Relevant bibliography:
PLUMED:   [1] Grubmuller, Heymann, and Tavan, Science 271, 997 (1996)
PLUMED: Please read and cite where appropriate!
PLUMED: Action ENERGY
PLUMED:   with label ener
PLUMED:   Bibliography [1][2]
PLUMED: Relevant bibliography:
PLUMED:   [1] Bartels and Karplus, J. Phys. Chem. B 102, 865 (1998)
PLUMED:   [2] Bonomi and Parrinello, J. Comp. Chem. 30, 1615 (2009)
PLUMED: Please read and cite where appropriate!
PLUMED: Action ANGLE
PLUMED:   with label an
PLUMED:   between lines 1-2 and 4-5
PLUMED:   without periodic boundary conditions
PLUMED: Action RESTRAINT
PLUMED:   with label res
PLUMED:   with arguments an
PLUMED:   added component to this action:  res.bias 
PLUMED:   at 1.570796
PLUMED:   with harmonic force constant 100.000000
PLUMED:   and linear force constant 0.000000
PLUMED:   added component to this action:  res.force2 
PLUMED: Action ANGLE
PLUMED:   with label an2
PLUMED:   between atoms 1 5 4
PLUMED:   without periodic boundary conditions
PLUMED: Action RESTRAINT
PLUMED:   with label res2
PLUMED:   with arguments an2
PLUMED:   added component to this action:  res2.bias 
PLUMED:   at 0.000000
PLUMED:   with harmonic force constant 100.000000
PLUMED:   and linear force constant 0.000000
PLUMED:   added component to this action:  res2.force2 
PLUMED: Action PRINT
PLUMED:   with label @10
PLUMED:   with stride 100
PLUMED:   with arguments d1 d2 rc steer.bias steer.force2 steer.d1_cntr steer.d1_work steer.d1_kappa steer.d2_cntr steer.d2_work steer.d2_kappa steer.work ener an res.bias res.force2 an2 res2.bias res2.force2
PLUMED:   on file colvars/COLVAR_1.823728813559322_2.31864406779661
PLUMED:   with format  %f
PLUMED: Action FLUSH
PLUMED:   with label @11
PLUMED:   with stride 500

# Integration error:        57.95

 -------------- BaysOpt loop, query 16 ---------------
going to run a simulation at 2.31864406779661 1.823728813559322 
Using head Default out of ['Default']
No dtype selected, switching to float64 to match model dtype.
# Integrating             - Simpson's rule + Real Space Grid Mini  /home/ekempke/miniconda3/envs/mace/lib/python3.12/site-packages/mace/calculators/mace.py:143: UserWarning:Environment variable TORCH_FORCE_NO_WEIGHTS_ONLY_LOAD detected, since the`weights_only` argument was not explicitly passed to `torch.load`, forcing weights_only=False.
+++ Loading the PLUMED kernel runtime +++
+++ PLUMED_KERNEL="/home/ekempke/miniconda3/envs/mace/lib/libplumedKernel.so" +++
PLUMED: PLUMED is starting
PLUMED: Version: 2.8.0 (git: Unknown) compiled on Feb 23 2022 at 09:52:46
PLUMED: Please cite these papers when using PLUMED [1][2]
PLUMED: For further information see the PLUMED web page at http://www.plumed.org
PLUMED: Root: /home/ekempke/miniconda3/envs/mace/lib/plumed
PLUMED: For installed feature, see /home/ekempke/miniconda3/envs/mace/lib/plumed/src/config/config.txt
PLUMED: Molecular dynamics engine: ASE
PLUMED: Precision of reals: 8
PLUMED: Running over 1 node
PLUMED: Number of threads: 1
PLUMED: Cache line size: 512
PLUMED: Number of atoms: 9
PLUMED: File suffix: 
PLUMED: Timestep: 0.000500
PLUMED: KbT: 96.485333
PLUMED: Relevant bibliography:
PLUMED:   [1] The PLUMED consortium, Nat. Methods 16, 670 (2019)
PLUMED:   [2] Tribello, Bonomi, Branduardi, Camilloni, and Bussi, Comput. Phys. Commun. 185, 604 (2014)
PLUMED: Please read and cite where appropriate!
PLUMED: Finished setup
PLUMED: Action UNITS
PLUMED:   with label @0
PLUMED:   length: A = 0.1 nm
PLUMED:   energy: kcal/mol = 4.184 kj/mol
PLUMED:   time: ps
PLUMED:   charge: e
PLUMED:   mass: amu
PLUMED:   using physical units
PLUMED:   inside PLUMED, Boltzmann constant is 0.0019872
PLUMED: Action DISTANCE
PLUMED:   with label d1
PLUMED:   between atoms 1 4
PLUMED:   without periodic boundary conditions
PLUMED: Action DISTANCE
PLUMED:   with label d2
PLUMED:   between atoms 1 5
PLUMED:   without periodic boundary conditions
PLUMED: Action COMBINE
PLUMED:   with label rc
PLUMED:   with arguments d1 d2
PLUMED:   with coefficients: -1.000000 1.000000
PLUMED:   with parameters: 0.000000 0.000000
PLUMED:   and powers: 1.000000 1.000000
PLUMED: Action MOVINGRESTRAINT
PLUMED:   with label steer
PLUMED:   with arguments d1 d2
PLUMED:   added component to this action:  steer.bias 
PLUMED:   step0 1000
PLUMED:   at 2.640000 1.840000
PLUMED:   with force constant 1000.000000 100.000000
PLUMED:   step1 5000
PLUMED:   at 1.850847 2.894915
PLUMED:   with force constant 1000.000000 100.000000
PLUMED:   added component to this action:  steer.force2 
PLUMED:   added component to this action:  steer.d1_cntr 
PLUMED:   added component to this action:  steer.d1_work 
PLUMED:   added component to this action:  steer.d1_kappa 
PLUMED:   added component to this action:  steer.d2_cntr 
PLUMED:   added component to this action:  steer.d2_work 
PLUMED:   added component to this action:  steer.d2_kappa 
PLUMED:   added component to this action:  steer.work 
PLUMED:   Bibliography [1]
PLUMED: Relevant bibliography:
PLUMED:   [1] Grubmuller, Heymann, and Tavan, Science 271, 997 (1996)
PLUMED: Please read and cite where appropriate!
PLUMED: Action ENERGY
PLUMED:   with label ener
PLUMED:   Bibliography [1][2]
PLUMED: Relevant bibliography:
PLUMED:   [1] Bartels and Karplus, J. Phys. Chem. B 102, 865 (1998)
PLUMED:   [2] Bonomi and Parrinello, J. Comp. Chem. 30, 1615 (2009)
PLUMED: Please read and cite where appropriate!
PLUMED: Action ANGLE
PLUMED:   with label an
PLUMED:   between lines 1-2 and 4-5
PLUMED:   without periodic boundary conditions
PLUMED: Action RESTRAINT
PLUMED:   with label res
PLUMED:   with arguments an
PLUMED:   added component to this action:  res.bias 
PLUMED:   at 1.570796
PLUMED:   with harmonic force constant 100.000000
PLUMED:   and linear force constant 0.000000
PLUMED:   added component to this action:  res.force2 
PLUMED: Action ANGLE
PLUMED:   with label an2
PLUMED:   between atoms 1 5 4
PLUMED:   without periodic boundary conditions
PLUMED: Action RESTRAINT
PLUMED:   with label res2
PLUMED:   with arguments an2
PLUMED:   added component to this action:  res2.bias 
PLUMED:   at 0.000000
PLUMED:   with harmonic force constant 100.000000
PLUMED:   and linear force constant 0.000000
PLUMED:   added component to this action:  res2.force2 
PLUMED: Action PRINT
PLUMED:   with label @10
PLUMED:   with stride 100
PLUMED:   with arguments d1 d2 rc steer.bias steer.force2 steer.d1_cntr steer.d1_work steer.d1_kappa steer.d2_cntr steer.d2_work steer.d2_kappa steer.work ener an res.bias res.force2 an2 res2.bias res2.force2
PLUMED:   on file colvars/COLVAR_1.8508474576271186_2.8949152542372882
PLUMED:   with format  %f
PLUMED: Action FLUSH
PLUMED:   with label @11
PLUMED:   with stride 500

# Integration error:        63.89

 -------------- BaysOpt loop, query 17 ---------------
going to run a simulation at 2.8949152542372882 1.8508474576271186 
Using head Default out of ['Default']
No dtype selected, switching to float64 to match model dtype.
# Integrating             - Simpson's rule + Real Space Grid Mini PLUMED:                                               Cycles        Total      Average      Minimum      Maximum
PLUMED:                                                    1     2.325791     2.325791     2.325791     2.325791
PLUMED: 1 Prepare dependencies                         80001     0.116406     0.000001     0.000001     0.000031
PLUMED: 2 Sharing data                                 80001     0.320304     0.000004     0.000003     0.000020
PLUMED: 3 Waiting for data                             80001     0.016534     0.000000     0.000000     0.000008
PLUMED: 4 Calculating (forward loop)                   80001     0.945199     0.000012     0.000010     0.000028
PLUMED: 5 Applying (backward loop)                     80001     0.378303     0.000005     0.000004     0.000014
PLUMED: 6 Update                                       80001     0.050097     0.000001     0.000000     0.000237
PLUMED:                                               Cycles        Total      Average      Minimum      Maximum
PLUMED:                                                    1     3.490590     3.490590     3.490590     3.490590
PLUMED: 1 Prepare dependencies                         80001     0.207005     0.000003     0.000001     0.000012
PLUMED: 2 Sharing data                                 80001     0.567311     0.000007     0.000003     0.000027
PLUMED: 3 Waiting for data                             80001     0.026748     0.000000     0.000000     0.000007
PLUMED: 4 Calculating (forward loop)                   80001     1.291540     0.000016     0.000009     0.000064
PLUMED: 5 Applying (backward loop)                     80001     0.518869     0.000006     0.000004     0.000047
PLUMED: 6 Update                                       80001     0.058445     0.000001     0.000000     0.000165
PLUMED:                                               Cycles        Total      Average      Minimum      Maximum
PLUMED:                                                    1     3.418070     3.418070     3.418070     3.418070
PLUMED: 1 Prepare dependencies                         80001     0.215395     0.000003     0.000001     0.000012
PLUMED: 2 Sharing data                                 80001     0.541576     0.000007     0.000003     0.000022
PLUMED: 3 Waiting for data                             80001     0.025704     0.000000     0.000000     0.000008
PLUMED: 4 Calculating (forward loop)                   80001     1.281510     0.000016     0.000010     0.000045
PLUMED: 5 Applying (backward loop)                     80001     0.499433     0.000006     0.000004     0.000020
PLUMED: 6 Update                                       80001     0.058232     0.000001     0.000000     0.000165
PLUMED:                                               Cycles        Total      Average      Minimum      Maximum
PLUMED:                                                    1     3.067672     3.067672     3.067672     3.067672
PLUMED: 1 Prepare dependencies                         80001     0.176340     0.000002     0.000001     0.000021
PLUMED: 2 Sharing data                                 80001     0.470321     0.000006     0.000003     0.000016
PLUMED: 3 Waiting for data                             80001     0.023566     0.000000     0.000000     0.000008
PLUMED: 4 Calculating (forward loop)                   80001     1.176214     0.000015     0.000010     0.000034
PLUMED: 5 Applying (backward loop)                     80001     0.452584     0.000006     0.000004     0.000020
PLUMED: 6 Update                                       80001     0.056226     0.000001     0.000000     0.000159
PLUMED:                                               Cycles        Total      Average      Minimum      Maximum
PLUMED:                                                    1     3.366222     3.366222     3.366222     3.366222
PLUMED: 1 Prepare dependencies                         80001     0.205291     0.000003     0.000001     0.000012
PLUMED: 2 Sharing data                                 80001     0.539228     0.000007     0.000003     0.000023
PLUMED: 3 Waiting for data                             80001     0.026921     0.000000     0.000000     0.000008
PLUMED: 4 Calculating (forward loop)                   80001     1.247779     0.000016     0.000010     0.000029
PLUMED: 5 Applying (backward loop)                     80001     0.495694     0.000006     0.000004     0.000017
PLUMED: 6 Update                                       80001     0.058360     0.000001     0.000000     0.000160
PLUMED:                                               Cycles        Total      Average      Minimum      Maximum
PLUMED:                                                    1     2.633049     2.633049     2.633049     2.633049
PLUMED: 1 Prepare dependencies                         80001     0.136555     0.000002     0.000001     0.000011
PLUMED: 2 Sharing data                                 80001     0.380326     0.000005     0.000003     0.000022
PLUMED: 3 Waiting for data                             80001     0.018342     0.000000     0.000000     0.000007
PLUMED: 4 Calculating (forward loop /home/ekempke/miniconda3/envs/mace/lib/python3.12/site-packages/mace/calculators/mace.py:143: UserWarning:Environment variable TORCH_FORCE_NO_WEIGHTS_ONLY_LOAD detected, since the`weights_only` argument was not explicitly passed to `torch.load`, forcing weights_only=False.
+++ Loading the PLUMED kernel runtime +++
+++ PLUMED_KERNEL="/home/ekempke/miniconda3/envs/mace/lib/libplumedKernel.so" +++
)                   80001     1.047684     0.000013     0.000010     0.000027
PLUMED: 5 Applying (backward loop)                     80001     0.405649     0.000005     0.000004     0.000020
PLUMED: 6 Update                                       80001     0.052668     0.000001     0.000000     0.000166
PLUMED: PLUMED is starting
PLUMED: Version: 2.8.0 (git: Unknown) compiled on Feb 23 2022 at 09:52:46
PLUMED: Please cite these papers when using PLUMED [1][2]
PLUMED: For further information see the PLUMED web page at http://www.plumed.org
PLUMED: Root: /home/ekempke/miniconda3/envs/mace/lib/plumed
PLUMED: For installed feature, see /home/ekempke/miniconda3/envs/mace/lib/plumed/src/config/config.txt
PLUMED: Molecular dynamics engine: ASE
PLUMED: Precision of reals: 8
PLUMED: Running over 1 node
PLUMED: Number of threads: 1
PLUMED: Cache line size: 512
PLUMED: Number of atoms: 9
PLUMED: File suffix: 
PLUMED: Timestep: 0.000500
PLUMED: KbT: 96.485333
PLUMED: Relevant bibliography:
PLUMED:   [1] The PLUMED consortium, Nat. Methods 16, 670 (2019)
PLUMED:   [2] Tribello, Bonomi, Branduardi, Camilloni, and Bussi, Comput. Phys. Commun. 185, 604 (2014)
PLUMED: Please read and cite where appropriate!
PLUMED: Finished setup
PLUMED: Action UNITS
PLUMED:   with label @0
PLUMED:   length: A = 0.1 nm
PLUMED:   energy: kcal/mol = 4.184 kj/mol
PLUMED:   time: ps
PLUMED:   charge: e
PLUMED:   mass: amu
PLUMED:   using physical units
PLUMED:   inside PLUMED, Boltzmann constant is 0.0019872
PLUMED: Action DISTANCE
PLUMED:   with label d1
PLUMED:   between atoms 1 4
PLUMED:   without periodic boundary conditions
PLUMED: Action DISTANCE
PLUMED:   with label d2
PLUMED:   between atoms 1 5
PLUMED:   without periodic boundary conditions
PLUMED: Action COMBINE
PLUMED:   with label rc
PLUMED:   with arguments d1 d2
PLUMED:   with coefficients: -1.000000 1.000000
PLUMED:   with parameters: 0.000000 0.000000
PLUMED:   and powers: 1.000000 1.000000
PLUMED: Action MOVINGRESTRAINT
PLUMED:   with label steer
PLUMED:   with arguments d1 d2
PLUMED:   added component to this action:  steer.bias 
PLUMED:   step0 1000
PLUMED:   at 2.640000 1.840000
PLUMED:   with force constant 1000.000000 100.000000
PLUMED:   step1 5000
PLUMED:   at 2.230508 2.606780
PLUMED:   with force constant 1000.000000 100.000000
PLUMED:   added component to this action:  steer.force2 
PLUMED:   added component to this action:  steer.d1_cntr 
PLUMED:   added component to this action:  steer.d1_work 
PLUMED:   added component to this action:  steer.d1_kappa 
PLUMED:   added component to this action:  steer.d2_cntr 
PLUMED:   added component to this action:  steer.d2_work 
PLUMED:   added component to this action:  steer.d2_kappa 
PLUMED:   added component to this action:  steer.work 
PLUMED:   Bibliography [1]
PLUMED: Relevant bibliography:
PLUMED:   [1] Grubmuller, Heymann, and Tavan, Science 271, 997 (1996)
PLUMED: Please read and cite where appropriate!
PLUMED: Action ENERGY
PLUMED:   with label ener
PLUMED:   Bibliography [1][2]
PLUMED: Relevant bibliography:
PLUMED:   [1] Bartels and Karplus, J. Phys. Chem. B 102, 865 (1998)
PLUMED:   [2] Bonomi and Parrinello, J. Comp. Chem. 30, 1615 (2009)
PLUMED: Please read and cite where appropriate!
PLUMED: Action ANGLE
PLUMED:   with label an
PLUMED:   between lines 1-2 and 4-5
PLUMED:   without periodic boundary conditions
PLUMED: Action RESTRAINT
PLUMED:   with label res
PLUMED:   with arguments an
PLUMED:   added component to this action:  res.bias 
PLUMED:   at 1.570796
PLUMED:   with harmonic force constant 100.000000
PLUMED:   and linear force constant 0.000000
PLUMED:   added component to this action:  res.force2 
PLUMED: Action ANGLE
PLUMED:   with label an2
PLUMED:   between atoms 1 5 4
PLUMED:   without periodic boundary conditions
PLUMED: Action RESTRAINT
PLUMED:   with label res2
PLUMED:   with arguments an2
PLUMED:   added component to this action:  res2.bias 
PLUMED:   at 0.000000
PLUMED:   with harmonic force constant 100.000000
PLUMED:   and linear force constant 0.000000
PLUMED:   added component to this action:  res2.force2 
PLUMED: Action PRINT
PLUMED:   with label @10
PLUMED:   with stride 100
PLUMED:   with arguments d1 d2 rc steer.bias steer.force2 steer.d1_cntr steer.d1_work steer.d1_kappa steer.d2_cntr steer.d2_work steer.d2_kappa steer.work ener an res.bias res.force2 an2 res2.bias res2.force2
PLUMED:   on file colvars/COLVAR_2.230508474576271_2.606779661016949
PLUMED:   with format  %f
PLUMED: Action FLUSH
PLUMED:   with label @11
PLUMED:   with stride 500

# Integration error:        73.78

 -------------- BaysOpt loop, query 18 ---------------
going to run a simulation at 2.606779661016949 2.230508474576271 
Using head Default out of ['Default']
No dtype selected, switching to float64 to match model dtype.
# Integrating             - Simpson's rule + Real Space Grid Mini  /home/ekempke/miniconda3/envs/mace/lib/python3.12/site-packages/mace/calculators/mace.py:143: UserWarning:Environment variable TORCH_FORCE_NO_WEIGHTS_ONLY_LOAD detected, since the`weights_only` argument was not explicitly passed to `torch.load`, forcing weights_only=False.
+++ Loading the PLUMED kernel runtime +++
+++ PLUMED_KERNEL="/home/ekempke/miniconda3/envs/mace/lib/libplumedKernel.so" +++
PLUMED: PLUMED is starting
PLUMED: Version: 2.8.0 (git: Unknown) compiled on Feb 23 2022 at 09:52:46
PLUMED: Please cite these papers when using PLUMED [1][2]
PLUMED: For further information see the PLUMED web page at http://www.plumed.org
PLUMED: Root: /home/ekempke/miniconda3/envs/mace/lib/plumed
PLUMED: For installed feature, see /home/ekempke/miniconda3/envs/mace/lib/plumed/src/config/config.txt
PLUMED: Molecular dynamics engine: ASE
PLUMED: Precision of reals: 8
PLUMED: Running over 1 node
PLUMED: Number of threads: 1
PLUMED: Cache line size: 512
PLUMED: Number of atoms: 9
PLUMED: File suffix: 
PLUMED: Timestep: 0.000500
PLUMED: KbT: 96.485333
PLUMED: Relevant bibliography:
PLUMED:   [1] The PLUMED consortium, Nat. Methods 16, 670 (2019)
PLUMED:   [2] Tribello, Bonomi, Branduardi, Camilloni, and Bussi, Comput. Phys. Commun. 185, 604 (2014)
PLUMED: Please read and cite where appropriate!
PLUMED: Finished setup
PLUMED: Action UNITS
PLUMED:   with label @0
PLUMED:   length: A = 0.1 nm
PLUMED:   energy: kcal/mol = 4.184 kj/mol
PLUMED:   time: ps
PLUMED:   charge: e
PLUMED:   mass: amu
PLUMED:   using physical units
PLUMED:   inside PLUMED, Boltzmann constant is 0.0019872
PLUMED: Action DISTANCE
PLUMED:   with label d1
PLUMED:   between atoms 1 4
PLUMED:   without periodic boundary conditions
PLUMED: Action DISTANCE
PLUMED:   with label d2
PLUMED:   between atoms 1 5
PLUMED:   without periodic boundary conditions
PLUMED: Action COMBINE
PLUMED:   with label rc
PLUMED:   with arguments d1 d2
PLUMED:   with coefficients: -1.000000 1.000000
PLUMED:   with parameters: 0.000000 0.000000
PLUMED:   and powers: 1.000000 1.000000
PLUMED: Action MOVINGRESTRAINT
PLUMED:   with label steer
PLUMED:   with arguments d1 d2
PLUMED:   added component to this action:  steer.bias 
PLUMED:   step0 1000
PLUMED:   at 2.640000 1.840000
PLUMED:   with force constant 1000.000000 100.000000
PLUMED:   step1 5000
PLUMED:   at 2.284746 1.944068
PLUMED:   with force constant 1000.000000 100.000000
PLUMED:   added component to this action:  steer.force2 
PLUMED:   added component to this action:  steer.d1_cntr 
PLUMED:   added component to this action:  steer.d1_work 
PLUMED:   added component to this action:  steer.d1_kappa 
PLUMED:   added component to this action:  steer.d2_cntr 
PLUMED:   added component to this action:  steer.d2_work 
PLUMED:   added component to this action:  steer.d2_kappa 
PLUMED:   added component to this action:  steer.work 
PLUMED:   Bibliography [1]
PLUMED: Relevant bibliography:
PLUMED:   [1] Grubmuller, Heymann, and Tavan, Science 271, 997 (1996)
PLUMED: Please read and cite where appropriate!
PLUMED: Action ENERGY
PLUMED:   with label ener
PLUMED:   Bibliography [1][2]
PLUMED: Relevant bibliography:
PLUMED:   [1] Bartels and Karplus, J. Phys. Chem. B 102, 865 (1998)
PLUMED:   [2] Bonomi and Parrinello, J. Comp. Chem. 30, 1615 (2009)
PLUMED: Please read and cite where appropriate!
PLUMED: Action ANGLE
PLUMED:   with label an
PLUMED:   between lines 1-2 and 4-5
PLUMED:   without periodic boundary conditions
PLUMED: Action RESTRAINT
PLUMED:   with label res
PLUMED:   with arguments an
PLUMED:   added component to this action:  res.bias 
PLUMED:   at 1.570796
PLUMED:   with harmonic force constant 100.000000
PLUMED:   and linear force constant 0.000000
PLUMED:   added component to this action:  res.force2 
PLUMED: Action ANGLE
PLUMED:   with label an2
PLUMED:   between atoms 1 5 4
PLUMED:   without periodic boundary conditions
PLUMED: Action RESTRAINT
PLUMED:   with label res2
PLUMED:   with arguments an2
PLUMED:   added component to this action:  res2.bias 
PLUMED:   at 0.000000
PLUMED:   with harmonic force constant 100.000000
PLUMED:   and linear force constant 0.000000
PLUMED:   added component to this action:  res2.force2 
PLUMED: Action PRINT
PLUMED:   with label @10
PLUMED:   with stride 100
PLUMED:   with arguments d1 d2 rc steer.bias steer.force2 steer.d1_cntr steer.d1_work steer.d1_kappa steer.d2_cntr steer.d2_work steer.d2_kappa steer.work ener an res.bias res.force2 an2 res2.bias res2.force2
PLUMED:   on file colvars/COLVAR_2.2847457627118644_1.9440677966101696
PLUMED:   with format  %f
PLUMED: Action FLUSH
PLUMED:   with label @11
PLUMED:   with stride 500
 /home/ekempke/miniconda3/envs/mace/lib/python3.12/site-packages/matscipy/neighbours.py:718: RuntimeWarning:Ratio of simulation cell size to cutoff is very large; reducing number of bins for neighbour list search, but this may be slow. Are you using a cell with lots of vacuum?

# Integration error:        74.51

 -------------- BaysOpt loop, query 19 ---------------
going to run a simulation at 1.9440677966101696 2.2847457627118644 
Using head Default out of ['Default']
No dtype selected, switching to float64 to match model dtype.
# Integrating             - Simpson's rule + Real Space Grid Mini  /home/ekempke/miniconda3/envs/mace/lib/python3.12/site-packages/mace/calculators/mace.py:143: UserWarning:Environment variable TORCH_FORCE_NO_WEIGHTS_ONLY_LOAD detected, since the`weights_only` argument was not explicitly passed to `torch.load`, forcing weights_only=False.
+++ Loading the PLUMED kernel runtime +++
+++ PLUMED_KERNEL="/home/ekempke/miniconda3/envs/mace/lib/libplumedKernel.so" +++
PLUMED: PLUMED is starting
PLUMED: Version: 2.8.0 (git: Unknown) compiled on Feb 23 2022 at 09:52:46
PLUMED: Please cite these papers when using PLUMED [1][2]
PLUMED: For further information see the PLUMED web page at http://www.plumed.org
PLUMED: Root: /home/ekempke/miniconda3/envs/mace/lib/plumed
PLUMED: For installed feature, see /home/ekempke/miniconda3/envs/mace/lib/plumed/src/config/config.txt
PLUMED: Molecular dynamics engine: ASE
PLUMED: Precision of reals: 8
PLUMED: Running over 1 node
PLUMED: Number of threads: 1
PLUMED: Cache line size: 512
PLUMED: Number of atoms: 9
PLUMED: File suffix: 
PLUMED: Timestep: 0.000500
PLUMED: KbT: 96.485333
PLUMED: Relevant bibliography:
PLUMED:   [1] The PLUMED consortium, Nat. Methods 16, 670 (2019)
PLUMED:   [2] Tribello, Bonomi, Branduardi, Camilloni, and Bussi, Comput. Phys. Commun. 185, 604 (2014)
PLUMED: Please read and cite where appropriate!
PLUMED: Finished setup
PLUMED: Action UNITS
PLUMED:   with label @0
PLUMED:   length: A = 0.1 nm
PLUMED:   energy: kcal/mol = 4.184 kj/mol
PLUMED:   time: ps
PLUMED:   charge: e
PLUMED:   mass: amu
PLUMED:   using physical units
PLUMED:   inside PLUMED, Boltzmann constant is 0.0019872
PLUMED: Action DISTANCE
PLUMED:   with label d1
PLUMED:   between atoms 1 4
PLUMED:   without periodic boundary conditions
PLUMED: Action DISTANCE
PLUMED:   with label d2
PLUMED:   between atoms 1 5
PLUMED:   without periodic boundary conditions
PLUMED: Action COMBINE
PLUMED:   with label rc
PLUMED:   with arguments d1 d2
PLUMED:   with coefficients: -1.000000 1.000000
PLUMED:   with parameters: 0.000000 0.000000
PLUMED:   and powers: 1.000000 1.000000
PLUMED: Action MOVINGRESTRAINT
PLUMED:   with label steer
PLUMED:   with arguments d1 d2
PLUMED:   added component to this action:  steer.bias 
PLUMED:   step0 1000
PLUMED:   at 2.640000 1.840000
PLUMED:   with force constant 1000.000000 100.000000
PLUMED:   step1 5000
PLUMED:   at 2.664407 2.376271
PLUMED:   with force constant 1000.000000 100.000000
PLUMED:   added component to this action:  steer.force2 
PLUMED:   added component to this action:  steer.d1_cntr 
PLUMED:   added component to this action:  steer.d1_work 
PLUMED:   added component to this action:  steer.d1_kappa 
PLUMED:   added component to this action:  steer.d2_cntr 
PLUMED:   added component to this action:  steer.d2_work 
PLUMED:   added component to this action:  steer.d2_kappa 
PLUMED:   added component to this action:  steer.work 
PLUMED:   Bibliography [1]
PLUMED: Relevant bibliography:
PLUMED:   [1] Grubmuller, Heymann, and Tavan, Science 271, 997 (1996)
PLUMED: Please read and cite where appropriate!
PLUMED: Action ENERGY
PLUMED:   with label ener
PLUMED:   Bibliography [1][2]
PLUMED: Relevant bibliography:
PLUMED:   [1] Bartels and Karplus, J. Phys. Chem. B 102, 865 (1998)
PLUMED:   [2] Bonomi and Parrinello, J. Comp. Chem. 30, 1615 (2009)
PLUMED: Please read and cite where appropriate!
PLUMED: Action ANGLE
PLUMED:   with label an
PLUMED:   between lines 1-2 and 4-5
PLUMED:   without periodic boundary conditions
PLUMED: Action RESTRAINT
PLUMED:   with label res
PLUMED:   with arguments an
PLUMED:   added component to this action:  res.bias 
PLUMED:   at 1.570796
PLUMED:   with harmonic force constant 100.000000
PLUMED:   and linear force constant 0.000000
PLUMED:   added component to this action:  res.force2 
PLUMED: Action ANGLE
PLUMED:   with label an2
PLUMED:   between atoms 1 5 4
PLUMED:   without periodic boundary conditions
PLUMED: Action RESTRAINT
PLUMED:   with label res2
PLUMED:   with arguments an2
PLUMED:   added component to this action:  res2.bias 
PLUMED:   at 0.000000
PLUMED:   with harmonic force constant 100.000000
PLUMED:   and linear force constant 0.000000
PLUMED:   added component to this action:  res2.force2 
PLUMED: Action PRINT
PLUMED:   with label @10
PLUMED:   with stride 100
PLUMED:   with arguments d1 d2 rc steer.bias steer.force2 steer.d1_cntr steer.d1_work steer.d1_kappa steer.d2_cntr steer.d2_work steer.d2_kappa steer.work ener an res.bias res.force2 an2 res2.bias res2.force2
PLUMED:   on file colvars/COLVAR_2.664406779661017_2.376271186440678
PLUMED:   with format  %f
PLUMED: Action FLUSH
PLUMED:   with label @11
PLUMED:   with stride 500

# Integration error:        76.15

 -------------- BaysOpt loop, query 20 ---------------
going to run a simulation at 2.376271186440678 2.664406779661017 
Using head Default out of ['Default']
No dtype selected, switching to float64 to match model dtype.
# Integrating             - Simpson's rule + Real Space Grid Mini  /home/ekempke/miniconda3/envs/mace/lib/python3.12/site-packages/mace/calculators/mace.py:143: UserWarning:Environment variable TORCH_FORCE_NO_WEIGHTS_ONLY_LOAD detected, since the`weights_only` argument was not explicitly passed to `torch.load`, forcing weights_only=False.
+++ Loading the PLUMED kernel runtime +++
+++ PLUMED_KERNEL="/home/ekempke/miniconda3/envs/mace/lib/libplumedKernel.so" +++
PLUMED: PLUMED is starting
PLUMED: Version: 2.8.0 (git: Unknown) compiled on Feb 23 2022 at 09:52:46
PLUMED: Please cite these papers when using PLUMED [1][2]
PLUMED: For further information see the PLUMED web page at http://www.plumed.org
PLUMED: Root: /home/ekempke/miniconda3/envs/mace/lib/plumed
PLUMED: For installed feature, see /home/ekempke/miniconda3/envs/mace/lib/plumed/src/config/config.txt
PLUMED: Molecular dynamics engine: ASE
PLUMED: Precision of reals: 8
PLUMED: Running over 1 node
PLUMED: Number of threads: 1
PLUMED: Cache line size: 512
PLUMED: Number of atoms: 9
PLUMED: File suffix: 
PLUMED: Timestep: 0.000500
PLUMED: KbT: 96.485333
PLUMED: Relevant bibliography:
PLUMED:   [1] The PLUMED consortium, Nat. Methods 16, 670 (2019)
PLUMED:   [2] Tribello, Bonomi, Branduardi, Camilloni, and Bussi, Comput. Phys. Commun. 185, 604 (2014)
PLUMED: Please read and cite where appropriate!
PLUMED: Finished setup
PLUMED: Action UNITS
PLUMED:   with label @0
PLUMED:   length: A = 0.1 nm
PLUMED:   energy: kcal/mol = 4.184 kj/mol
PLUMED:   time: ps
PLUMED:   charge: e
PLUMED:   mass: amu
PLUMED:   using physical units
PLUMED:   inside PLUMED, Boltzmann constant is 0.0019872
PLUMED: Action DISTANCE
PLUMED:   with label d1
PLUMED:   between atoms 1 4
PLUMED:   without periodic boundary conditions
PLUMED: Action DISTANCE
PLUMED:   with label d2
PLUMED:   between atoms 1 5
PLUMED:   without periodic boundary conditions
PLUMED: Action COMBINE
PLUMED:   with label rc
PLUMED:   with arguments d1 d2
PLUMED:   with coefficients: -1.000000 1.000000
PLUMED:   with parameters: 0.000000 0.000000
PLUMED:   and powers: 1.000000 1.000000
PLUMED: Action MOVINGRESTRAINT
PLUMED:   with label steer
PLUMED:   with arguments d1 d2
PLUMED:   added component to this action:  steer.bias 
PLUMED:   step0 1000
PLUMED:   at 2.640000 1.840000
PLUMED:   with force constant 1000.000000 100.000000
PLUMED:   step1 5000
PLUMED:   at 1.715254 3.384746
PLUMED:   with force constant 1000.000000 100.000000
PLUMED:   added component to this action:  steer.force2 
PLUMED:   added component to this action:  steer.d1_cntr 
PLUMED:   added component to this action:  steer.d1_work 
PLUMED:   added component to this action:  steer.d1_kappa 
PLUMED:   added component to this action:  steer.d2_cntr 
PLUMED:   added component to this action:  steer.d2_work 
PLUMED:   added component to this action:  steer.d2_kappa 
PLUMED:   added component to this action:  steer.work 
PLUMED:   Bibliography [1]
PLUMED: Relevant bibliography:
PLUMED:   [1] Grubmuller, Heymann, and Tavan, Science 271, 997 (1996)
PLUMED: Please read and cite where appropriate!
PLUMED: Action ENERGY
PLUMED:   with label ener
PLUMED:   Bibliography [1][2]
PLUMED: Relevant bibliography:
PLUMED:   [1] Bartels and Karplus, J. Phys. Chem. B 102, 865 (1998)
PLUMED:   [2] Bonomi and Parrinello, J. Comp. Chem. 30, 1615 (2009)
PLUMED: Please read and cite where appropriate!
PLUMED: Action ANGLE
PLUMED:   with label an
PLUMED:   between lines 1-2 and 4-5
PLUMED:   without periodic boundary conditions
PLUMED: Action RESTRAINT
PLUMED:   with label res
PLUMED:   with arguments an
PLUMED:   added component to this action:  res.bias 
PLUMED:   at 1.570796
PLUMED:   with harmonic force constant 100.000000
PLUMED:   and linear force constant 0.000000
PLUMED:   added component to this action:  res.force2 
PLUMED: Action ANGLE
PLUMED:   with label an2
PLUMED:   between atoms 1 5 4
PLUMED:   without periodic boundary conditions
PLUMED: Action RESTRAINT
PLUMED:   with label res2
PLUMED:   with arguments an2
PLUMED:   added component to this action:  res2.bias 
PLUMED:   at 0.000000
PLUMED:   with harmonic force constant 100.000000
PLUMED:   and linear force constant 0.000000
PLUMED:   added component to this action:  res2.force2 
PLUMED: Action PRINT
PLUMED:   with label @10
PLUMED:   with stride 100
PLUMED:   with arguments d1 d2 rc steer.bias steer.force2 steer.d1_cntr steer.d1_work steer.d1_kappa steer.d2_cntr steer.d2_work steer.d2_kappa steer.work ener an res.bias res.force2 an2 res2.bias res2.force2
PLUMED:   on file colvars/COLVAR_1.7152542372881356_3.3847457627118644
PLUMED:   with format  %f
PLUMED: Action FLUSH
PLUMED:   with label @11
PLUMED:   with stride 500

# Integration error:        72.71

 -------------- BaysOpt loop, query 21 ---------------
going to run a simulation at 3.3847457627118644 1.7152542372881356 
Using head Default out of ['Default']
No dtype selected, switching to float64 to match model dtype.
# Integrating             - Simpson's rule + Real Space Grid Mini  /home/ekempke/miniconda3/envs/mace/lib/python3.12/site-packages/mace/calculators/mace.py:143: UserWarning:Environment variable TORCH_FORCE_NO_WEIGHTS_ONLY_LOAD detected, since the`weights_only` argument was not explicitly passed to `torch.load`, forcing weights_only=False.
+++ Loading the PLUMED kernel runtime +++
+++ PLUMED_KERNEL="/home/ekempke/miniconda3/envs/mace/lib/libplumedKernel.so" +++
PLUMED: PLUMED is starting
PLUMED: Version: 2.8.0 (git: Unknown) compiled on Feb 23 2022 at 09:52:46
PLUMED: Please cite these papers when using PLUMED [1][2]
PLUMED: For further information see the PLUMED web page at http://www.plumed.org
PLUMED: Root: /home/ekempke/miniconda3/envs/mace/lib/plumed
PLUMED: For installed feature, see /home/ekempke/miniconda3/envs/mace/lib/plumed/src/config/config.txt
PLUMED: Molecular dynamics engine: ASE
PLUMED: Precision of reals: 8
PLUMED: Running over 1 node
PLUMED: Number of threads: 1
PLUMED: Cache line size: 512
PLUMED: Number of atoms: 9
PLUMED: File suffix: 
PLUMED: Timestep: 0.000500
PLUMED: KbT: 96.485333
PLUMED: Relevant bibliography:
PLUMED:   [1] The PLUMED consortium, Nat. Methods 16, 670 (2019)
PLUMED:   [2] Tribello, Bonomi, Branduardi, Camilloni, and Bussi, Comput. Phys. Commun. 185, 604 (2014)
PLUMED: Please read and cite where appropriate!
PLUMED: Finished setup
PLUMED: Action UNITS
PLUMED:   with label @0
PLUMED:   length: A = 0.1 nm
PLUMED:   energy: kcal/mol = 4.184 kj/mol
PLUMED:   time: ps
PLUMED:   charge: e
PLUMED:   mass: amu
PLUMED:   using physical units
PLUMED:   inside PLUMED, Boltzmann constant is 0.0019872
PLUMED: Action DISTANCE
PLUMED:   with label d1
PLUMED:   between atoms 1 4
PLUMED:   without periodic boundary conditions
PLUMED: Action DISTANCE
PLUMED:   with label d2
PLUMED:   between atoms 1 5
PLUMED:   without periodic boundary conditions
PLUMED: Action COMBINE
PLUMED:   with label rc
PLUMED:   with arguments d1 d2
PLUMED:   with coefficients: -1.000000 1.000000
PLUMED:   with parameters: 0.000000 0.000000
PLUMED:   and powers: 1.000000 1.000000
PLUMED: Action MOVINGRESTRAINT
PLUMED:   with label steer
PLUMED:   with arguments d1 d2
PLUMED:   added component to this action:  steer.bias 
PLUMED:   step0 1000
PLUMED:   at 2.640000 1.840000
PLUMED:   with force constant 1000.000000 100.000000
PLUMED:   step1 5000
PLUMED:   at 2.257627 3.355932
PLUMED:   with force constant 1000.000000 100.000000
PLUMED:   added component to this action:  steer.force2 
PLUMED:   added component to this action:  steer.d1_cntr 
PLUMED:   added component to this action:  steer.d1_work 
PLUMED:   added component to this action:  steer.d1_kappa 
PLUMED:   added component to this action:  steer.d2_cntr 
PLUMED:   added component to this action:  steer.d2_work 
PLUMED:   added component to this action:  steer.d2_kappa 
PLUMED:   added component to this action:  steer.work 
PLUMED:   Bibliography [1]
PLUMED: Relevant bibliography:
PLUMED:   [1] Grubmuller, Heymann, and Tavan, Science 271, 997 (1996)
PLUMED: Please read and cite where appropriate!
PLUMED: Action ENERGY
PLUMED:   with label ener
PLUMED:   Bibliography [1][2]
PLUMED: Relevant bibliography:
PLUMED:   [1] Bartels and Karplus, J. Phys. Chem. B 102, 865 (1998)
PLUMED:   [2] Bonomi and Parrinello, J. Comp. Chem. 30, 1615 (2009)
PLUMED: Please read and cite where appropriate!
PLUMED: Action ANGLE
PLUMED:   with label an
PLUMED:   between lines 1-2 and 4-5
PLUMED:   without periodic boundary conditions
PLUMED: Action RESTRAINT
PLUMED:   with label res
PLUMED:   with arguments an
PLUMED:   added component to this action:  res.bias 
PLUMED:   at 1.570796
PLUMED:   with harmonic force constant 100.000000
PLUMED:   and linear force constant 0.000000
PLUMED:   added component to this action:  res.force2 
PLUMED: Action ANGLE
PLUMED:   with label an2
PLUMED:   between atoms 1 5 4
PLUMED:   without periodic boundary conditions
PLUMED: Action RESTRAINT
PLUMED:   with label res2
PLUMED:   with arguments an2
PLUMED:   added component to this action:  res2.bias 
PLUMED:   at 0.000000
PLUMED:   with harmonic force constant 100.000000
PLUMED:   and linear force constant 0.000000
PLUMED:   added component to this action:  res2.force2 
PLUMED: Action PRINT
PLUMED:   with label @10
PLUMED:   with stride 100
PLUMED:   with arguments d1 d2 rc steer.bias steer.force2 steer.d1_cntr steer.d1_work steer.d1_kappa steer.d2_cntr steer.d2_work steer.d2_kappa steer.work ener an res.bias res.force2 an2 res2.bias res2.force2
PLUMED:   on file colvars/COLVAR_2.2576271186440677_3.3559322033898304
PLUMED:   with format  %f
PLUMED: Action FLUSH
PLUMED:   with label @11
PLUMED:   with stride 500

# Integration error:        44.11

 -------------- BaysOpt loop, query 22 ---------------
going to run a simulation at 3.3559322033898304 2.2576271186440677 
Using head Default out of ['Default']
No dtype selected, switching to float64 to match model dtype.
# Integrating             - Simpson's rule + Real Space Grid Mini  /home/ekempke/miniconda3/envs/mace/lib/python3.12/site-packages/mace/calculators/mace.py:143: UserWarning:Environment variable TORCH_FORCE_NO_WEIGHTS_ONLY_LOAD detected, since the`weights_only` argument was not explicitly passed to `torch.load`, forcing weights_only=False.
+++ Loading the PLUMED kernel runtime +++
+++ PLUMED_KERNEL="/home/ekempke/miniconda3/envs/mace/lib/libplumedKernel.so" +++
PLUMED: PLUMED is starting
PLUMED: Version: 2.8.0 (git: Unknown) compiled on Feb 23 2022 at 09:52:46
PLUMED: Please cite these papers when using PLUMED [1][2]
PLUMED: For further information see the PLUMED web page at http://www.plumed.org
PLUMED: Root: /home/ekempke/miniconda3/envs/mace/lib/plumed
PLUMED: For installed feature, see /home/ekempke/miniconda3/envs/mace/lib/plumed/src/config/config.txt
PLUMED: Molecular dynamics engine: ASE
PLUMED: Precision of reals: 8
PLUMED: Running over 1 node
PLUMED: Number of threads: 1
PLUMED: Cache line size: 512
PLUMED: Number of atoms: 9
PLUMED: File suffix: 
PLUMED: Timestep: 0.000500
PLUMED: KbT: 96.485333
PLUMED: Relevant bibliography:
PLUMED:   [1] The PLUMED consortium, Nat. Methods 16, 670 (2019)
PLUMED:   [2] Tribello, Bonomi, Branduardi, Camilloni, and Bussi, Comput. Phys. Commun. 185, 604 (2014)
PLUMED: Please read and cite where appropriate!
PLUMED: Finished setup
PLUMED: Action UNITS
PLUMED:   with label @0
PLUMED:   length: A = 0.1 nm
PLUMED:   energy: kcal/mol = 4.184 kj/mol
PLUMED:   time: ps
PLUMED:   charge: e
PLUMED:   mass: amu
PLUMED:   using physical units
PLUMED:   inside PLUMED, Boltzmann constant is 0.0019872
PLUMED: Action DISTANCE
PLUMED:   with label d1
PLUMED:   between atoms 1 4
PLUMED:   without periodic boundary conditions
PLUMED: Action DISTANCE
PLUMED:   with label d2
PLUMED:   between atoms 1 5
PLUMED:   without periodic boundary conditions
PLUMED: Action COMBINE
PLUMED:   with label rc
PLUMED:   with arguments d1 d2
PLUMED:   with coefficients: -1.000000 1.000000
PLUMED:   with parameters: 0.000000 0.000000
PLUMED:   and powers: 1.000000 1.000000
PLUMED: Action MOVINGRESTRAINT
PLUMED:   with label steer
PLUMED:   with arguments d1 d2
PLUMED:   added component to this action:  steer.bias 
PLUMED:   step0 1000
PLUMED:   at 2.640000 1.840000
PLUMED:   with force constant 1000.000000 100.000000
PLUMED:   step1 5000
PLUMED:   at 1.335593 2.664407
PLUMED:   with force constant 1000.000000 100.000000
PLUMED:   added component to this action:  steer.force2 
PLUMED:   added component to this action:  steer.d1_cntr 
PLUMED:   added component to this action:  steer.d1_work 
PLUMED:   added component to this action:  steer.d1_kappa 
PLUMED:   added component to this action:  steer.d2_cntr 
PLUMED:   added component to this action:  steer.d2_work 
PLUMED:   added component to this action:  steer.d2_kappa 
PLUMED:   added component to this action:  steer.work 
PLUMED:   Bibliography [1]
PLUMED: Relevant bibliography:
PLUMED:   [1] Grubmuller, Heymann, and Tavan, Science 271, 997 (1996)
PLUMED: Please read and cite where appropriate!
PLUMED: Action ENERGY
PLUMED:   with label ener
PLUMED:   Bibliography [1][2]
PLUMED: Relevant bibliography:
PLUMED:   [1] Bartels and Karplus, J. Phys. Chem. B 102, 865 (1998)
PLUMED:   [2] Bonomi and Parrinello, J. Comp. Chem. 30, 1615 (2009)
PLUMED: Please read and cite where appropriate!
PLUMED: Action ANGLE
PLUMED:   with label an
PLUMED:   between lines 1-2 and 4-5
PLUMED:   without periodic boundary conditions
PLUMED: Action RESTRAINT
PLUMED:   with label res
PLUMED:   with arguments an
PLUMED:   added component to this action:  res.bias 
PLUMED:   at 1.570796
PLUMED:   with harmonic force constant 100.000000
PLUMED:   and linear force constant 0.000000
PLUMED:   added component to this action:  res.force2 
PLUMED: Action ANGLE
PLUMED:   with label an2
PLUMED:   between atoms 1 5 4
PLUMED:   without periodic boundary conditions
PLUMED: Action RESTRAINT
PLUMED:   with label res2
PLUMED:   with arguments an2
PLUMED:   added component to this action:  res2.bias 
PLUMED:   at 0.000000
PLUMED:   with harmonic force constant 100.000000
PLUMED:   and linear force constant 0.000000
PLUMED:   added component to this action:  res2.force2 
PLUMED: Action PRINT
PLUMED:   with label @10
PLUMED:   with stride 100
PLUMED:   with arguments d1 d2 rc steer.bias steer.force2 steer.d1_cntr steer.d1_work steer.d1_kappa steer.d2_cntr steer.d2_work steer.d2_kappa steer.work ener an res.bias res.force2 an2 res2.bias res2.force2
PLUMED:   on file colvars/COLVAR_1.335593220338983_2.664406779661017
PLUMED:   with format  %f
PLUMED: Action FLUSH
PLUMED:   with label @11
PLUMED:   with stride 500

# Integration error:        43.35

 -------------- BaysOpt loop, query 23 ---------------
going to run a simulation at 2.664406779661017 1.335593220338983 
Using head Default out of ['Default']
No dtype selected, switching to float64 to match model dtype.
# Integrating             - Simpson's rule + Real Space Grid Mini  /home/ekempke/miniconda3/envs/mace/lib/python3.12/site-packages/mace/calculators/mace.py:143: UserWarning:Environment variable TORCH_FORCE_NO_WEIGHTS_ONLY_LOAD detected, since the`weights_only` argument was not explicitly passed to `torch.load`, forcing weights_only=False.
+++ Loading the PLUMED kernel runtime +++
+++ PLUMED_KERNEL="/home/ekempke/miniconda3/envs/mace/lib/libplumedKernel.so" +++
PLUMED: PLUMED is starting
PLUMED: Version: 2.8.0 (git: Unknown) compiled on Feb 23 2022 at 09:52:46
PLUMED: Please cite these papers when using PLUMED [1][2]
PLUMED: For further information see the PLUMED web page at http://www.plumed.org
PLUMED: Root: /home/ekempke/miniconda3/envs/mace/lib/plumed
PLUMED: For installed feature, see /home/ekempke/miniconda3/envs/mace/lib/plumed/src/config/config.txt
PLUMED: Molecular dynamics engine: ASE
PLUMED: Precision of reals: 8
PLUMED: Running over 1 node
PLUMED: Number of threads: 1
PLUMED: Cache line size: 512
PLUMED: Number of atoms: 9
PLUMED: File suffix: 
PLUMED: Timestep: 0.000500
PLUMED: KbT: 96.485333
PLUMED: Relevant bibliography:
PLUMED:   [1] The PLUMED consortium, Nat. Methods 16, 670 (2019)
PLUMED:   [2] Tribello, Bonomi, Branduardi, Camilloni, and Bussi, Comput. Phys. Commun. 185, 604 (2014)
PLUMED: Please read and cite where appropriate!
PLUMED: Finished setup
PLUMED: Action UNITS
PLUMED:   with label @0
PLUMED:   length: A = 0.1 nm
PLUMED:   energy: kcal/mol = 4.184 kj/mol
PLUMED:   time: ps
PLUMED:   charge: e
PLUMED:   mass: amu
PLUMED:   using physical units
PLUMED:   inside PLUMED, Boltzmann constant is 0.0019872
PLUMED: Action DISTANCE
PLUMED:   with label d1
PLUMED:   between atoms 1 4
PLUMED:   without periodic boundary conditions
PLUMED: Action DISTANCE
PLUMED:   with label d2
PLUMED:   between atoms 1 5
PLUMED:   without periodic boundary conditions
PLUMED: Action COMBINE
PLUMED:   with label rc
PLUMED:   with arguments d1 d2
PLUMED:   with coefficients: -1.000000 1.000000
PLUMED:   with parameters: 0.000000 0.000000
PLUMED:   and powers: 1.000000 1.000000
PLUMED: Action MOVINGRESTRAINT
PLUMED:   with label steer
PLUMED:   with arguments d1 d2
PLUMED:   added component to this action:  steer.bias 
PLUMED:   step0 1000
PLUMED:   at 2.640000 1.840000
PLUMED:   with force constant 1000.000000 100.000000
PLUMED:   step1 5000
PLUMED:   at 2.691525 3.355932
PLUMED:   with force constant 1000.000000 100.000000
PLUMED:   added component to this action:  steer.force2 
PLUMED:   added component to this action:  steer.d1_cntr 
PLUMED:   added component to this action:  steer.d1_work 
PLUMED:   added component to this action:  steer.d1_kappa 
PLUMED:   added component to this action:  steer.d2_cntr 
PLUMED:   added component to this action:  steer.d2_work 
PLUMED:   added component to this action:  steer.d2_kappa 
PLUMED:   added component to this action:  steer.work 
PLUMED:   Bibliography [1]
PLUMED: Relevant bibliography:
PLUMED:   [1] Grubmuller, Heymann, and Tavan, Science 271, 997 (1996)
PLUMED: Please read and cite where appropriate!
PLUMED: Action ENERGY
PLUMED:   with label ener
PLUMED:   Bibliography [1][2]
PLUMED: Relevant bibliography:
PLUMED:   [1] Bartels and Karplus, J. Phys. Chem. B 102, 865 (1998)
PLUMED:   [2] Bonomi and Parrinello, J. Comp. Chem. 30, 1615 (2009)
PLUMED: Please read and cite where appropriate!
PLUMED: Action ANGLE
PLUMED:   with label an
PLUMED:   between lines 1-2 and 4-5
PLUMED:   without periodic boundary conditions
PLUMED: Action RESTRAINT
PLUMED:   with label res
PLUMED:   with arguments an
PLUMED:   added component to this action:  res.bias 
PLUMED:   at 1.570796
PLUMED:   with harmonic force constant 100.000000
PLUMED:   and linear force constant 0.000000
PLUMED:   added component to this action:  res.force2 
PLUMED: Action ANGLE
PLUMED:   with label an2
PLUMED:   between atoms 1 5 4
PLUMED:   without periodic boundary conditions
PLUMED: Action RESTRAINT
PLUMED:   with label res2
PLUMED:   with arguments an2
PLUMED:   added component to this action:  res2.bias 
PLUMED:   at 0.000000
PLUMED:   with harmonic force constant 100.000000
PLUMED:   and linear force constant 0.000000
PLUMED:   added component to this action:  res2.force2 
PLUMED: Action PRINT
PLUMED:   with label @10
PLUMED:   with stride 100
PLUMED:   with arguments d1 d2 rc steer.bias steer.force2 steer.d1_cntr steer.d1_work steer.d1_kappa steer.d2_cntr steer.d2_work steer.d2_kappa steer.work ener an res.bias res.force2 an2 res2.bias res2.force2
PLUMED:   on file colvars/COLVAR_2.6915254237288133_3.3559322033898304
PLUMED:   with format  %f
PLUMED: Action FLUSH
PLUMED:   with label @11
PLUMED:   with stride 500

# Integration error:        39.17

 -------------- BaysOpt loop, query 24 ---------------
going to run a simulation at 3.3559322033898304 2.6915254237288133 
Using head Default out of ['Default']
No dtype selected, switching to float64 to match model dtype.
# Integrating             - Simpson's rule + Real Space Grid Mini PLUMED:                                               Cycles        Total      Average      Minimum      Maximum
PLUMED:                                                    1     3.337083     3.337083     3.337083     3.337083
PLUMED: 1 Prepare dependencies                         80001     0.200336     0.000003     0.000001     0.000012
PLUMED: 2 Sharing data                                 80001     0.521215     0.000007     0.000003     0.000026
PLUMED: 3 Waiting for data                             80001     0.025905     0.000000     0.000000     0.000009
PLUMED: 4 Calculating (forward loop)                   80001     1.249561     0.000016     0.000010     0.000062
PLUMED: 5 Applying (backward loop)                     80001     0.490096     0.000006     0.000004     0.000019
PLUMED: 6 Update                                       80001     0.057384     0.000001     0.000000     0.000228
PLUMED:                                               Cycles        Total      Average      Minimum      Maximum
PLUMED:                                                    1     3.320138     3.320138     3.320138     3.320138
PLUMED: 1 Prepare dependencies                         80001     0.191421     0.000002     0.000001     0.000023
PLUMED: 2 Sharing data                                 80001     0.530640     0.000007     0.000003     0.000042
PLUMED: 3 Waiting for data                             80001     0.024795     0.000000     0.000000     0.000009
PLUMED: 4 Calculating (forward loop)                   80001     1.253908     0.000016     0.000010     0.000038
PLUMED: 5 Applying (backward loop)                     80001     0.499767     0.000006     0.000004     0.000027
PLUMED: 6 Update                                       80001     0.057042     0.000001     0.000000     0.000172
PLUMED:                                               Cycles        Total      Average      Minimum      Maximum
PLUMED:                                                    1     3.356571     3.356571     3.356571     3.356571
PLUMED: 1 Prepare dependencies                         80001     0.199401     0.000002     0.000001     0.000019
PLUMED: 2 Sharing data                                 80001     0.541171     0.000007     0.000003     0.000019
PLUMED: 3 Waiting for data                             80001     0.027001     0.000000     0.000000     0.000009
PLUMED: 4 Calculating (forward loop)                   80001     1.255517     0.000016     0.000010     0.000040
PLUMED: 5 Applying (backward loop)                     80001     0.499431     0.000006     0.000004     0.000020
PLUMED: 6 Update                                       80001     0.058135     0.000001     0.000000     0.000163
PLUMED:                                               Cycles        Total      Average      Minimum      Maximum
PLUMED:                                                    1     3.665353     3.665353     3.665353     3.665353
PLUMED: 1 Prepare dependencies                         80001     0.222322     0.000003     0.000001     0.000012
PLUMED: 2 Sharing data                                 80001     0.597399     0.000007     0.000003     0.000021
PLUMED: 3 Waiting for data                             80001     0.028915     0.000000     0.000000     0.000007
PLUMED: 4 Calculating (forward loop)                   80001     1.353488     0.000017     0.000010     0.000036
PLUMED: 5 Applying (backward loop)                     80001     0.537989     0.000007     0.000004     0.000027
PLUMED: 6 Update                                       80001     0.059510     0.000001     0.000000     0.000233
PLUMED:                                               Cycles        Total      Average      Minimum      Maximum
PLUMED:                                                    1     3.090245     3.090245     3.090245     3.090245
PLUMED: 1 Prepare dependencies                         80001     0.181480     0.000002     0.000001     0.000013
PLUMED: 2 Sharing data                                 80001     0.474981     0.000006     0.000003     0.000020
PLUMED: 3 Waiting for data                             80001     0.024012     0.000000     0.000000     0.000007
PLUMED: 4 Calculating (forward loop)                   80001     1.192029     0.000015     0.000010     0.000036
PLUMED: 5 Applying (backward loop)                     80001     0.460671     0.000006     0.000004     0.000016
PLUMED: 6 Update                                       80001     0.056035     0.000001     0.000000     0.000229
PLUMED:                                               Cycles        Total      Average      Minimum      Maximum
PLUMED:                                                    1     3.003706     3.003706     3.003706     3.003706
PLUMED: 1 Prepare dependencies                         80001     0.172222     0.000002     0.000001     0.000011
PLUMED: 2 Sharing data                                 80001     0.447295     0.000006     0.000003     0.000021
PLUMED: 3 Waiting for data                             80001     0.024250     0.000000     0.000000     0.000007
PLUMED: 4 Calculating (forward loop)                   80001     1.174763     0.000015     0.000010     0.000055
PLUMED: 5 Applying (backward loop)                     80001     0.447067     0.000006     0.000004     0.000018
PLUMED: 6 Update                                       80001     0.055277     0.000001     0.000000     0.000242
PLUMED:                                               Cycles        Total      Average      Minimum      Maximum
PLUMED:                                                    1     3.088431     3.088431     3.088431     3.088431
PLUMED: 1 Prepare dependencies                         80001     0.185828     0.000002     0.000001     0.000016
PLUMED: 2 Sharing data                                 80001     0.478081     0.000006     0.000003     0.000022
PLUMED: 3 Waiting for data                             80001     0.025184     0.000000     0.000000     0.000007
PLUMED: 4 Calculating (forward loop)                   80001     1.171548     0.000015     0.000010     0.000031
PLUMED: 5 Applying (backward loop)         /home/ekempke/miniconda3/envs/mace/lib/python3.12/site-packages/mace/calculators/mace.py:143: UserWarning:Environment variable TORCH_FORCE_NO_WEIGHTS_ONLY_LOAD detected, since the`weights_only` argument was not explicitly passed to `torch.load`, forcing weights_only=False.
+++ Loading the PLUMED kernel runtime +++
+++ PLUMED_KERNEL="/home/ekempke/miniconda3/envs/mace/lib/libplumedKernel.so" +++
             80001     0.461366     0.000006     0.000004     0.000025
PLUMED: 6 Update                                       80001     0.055285     0.000001     0.000000     0.000166
PLUMED: PLUMED is starting
PLUMED: Version: 2.8.0 (git: Unknown) compiled on Feb 23 2022 at 09:52:46
PLUMED: Please cite these papers when using PLUMED [1][2]
PLUMED: For further information see the PLUMED web page at http://www.plumed.org
PLUMED: Root: /home/ekempke/miniconda3/envs/mace/lib/plumed
PLUMED: For installed feature, see /home/ekempke/miniconda3/envs/mace/lib/plumed/src/config/config.txt
PLUMED: Molecular dynamics engine: ASE
PLUMED: Precision of reals: 8
PLUMED: Running over 1 node
PLUMED: Number of threads: 1
PLUMED: Cache line size: 512
PLUMED: Number of atoms: 9
PLUMED: File suffix: 
PLUMED: Timestep: 0.000500
PLUMED: KbT: 96.485333
PLUMED: Relevant bibliography:
PLUMED:   [1] The PLUMED consortium, Nat. Methods 16, 670 (2019)
PLUMED:   [2] Tribello, Bonomi, Branduardi, Camilloni, and Bussi, Comput. Phys. Commun. 185, 604 (2014)
PLUMED: Please read and cite where appropriate!
PLUMED: Finished setup
PLUMED: Action UNITS
PLUMED:   with label @0
PLUMED:   length: A = 0.1 nm
PLUMED:   energy: kcal/mol = 4.184 kj/mol
PLUMED:   time: ps
PLUMED:   charge: e
PLUMED:   mass: amu
PLUMED:   using physical units
PLUMED:   inside PLUMED, Boltzmann constant is 0.0019872
PLUMED: Action DISTANCE
PLUMED:   with label d1
PLUMED:   between atoms 1 4
PLUMED:   without periodic boundary conditions
PLUMED: Action DISTANCE
PLUMED:   with label d2
PLUMED:   between atoms 1 5
PLUMED:   without periodic boundary conditions
PLUMED: Action COMBINE
PLUMED:   with label rc
PLUMED:   with arguments d1 d2
PLUMED:   with coefficients: -1.000000 1.000000
PLUMED:   with parameters: 0.000000 0.000000
PLUMED:   and powers: 1.000000 1.000000
PLUMED: Action MOVINGRESTRAINT
PLUMED:   with label steer
PLUMED:   with arguments d1 d2
PLUMED:   added component to this action:  steer.bias 
PLUMED:   step0 1000
PLUMED:   at 2.640000 1.840000
PLUMED:   with force constant 1000.000000 100.000000
PLUMED:   step1 5000
PLUMED:   at 1.715254 1.886441
PLUMED:   with force constant 1000.000000 100.000000
PLUMED:   added component to this action:  steer.force2 
PLUMED:   added component to this action:  steer.d1_cntr 
PLUMED:   added component to this action:  steer.d1_work 
PLUMED:   added component to this action:  steer.d1_kappa 
PLUMED:   added component to this action:  steer.d2_cntr 
PLUMED:   added component to this action:  steer.d2_work 
PLUMED:   added component to this action:  steer.d2_kappa 
PLUMED:   added component to this action:  steer.work 
PLUMED:   Bibliography [1]
PLUMED: Relevant bibliography:
PLUMED:   [1] Grubmuller, Heymann, and Tavan, Science 271, 997 (1996)
PLUMED: Please read and cite where appropriate!
PLUMED: Action ENERGY
PLUMED:   with label ener
PLUMED:   Bibliography [1][2]
PLUMED: Relevant bibliography:
PLUMED:   [1] Bartels and Karplus, J. Phys. Chem. B 102, 865 (1998)
PLUMED:   [2] Bonomi and Parrinello, J. Comp. Chem. 30, 1615 (2009)
PLUMED: Please read and cite where appropriate!
PLUMED: Action ANGLE
PLUMED:   with label an
PLUMED:   between lines 1-2 and 4-5
PLUMED:   without periodic boundary conditions
PLUMED: Action RESTRAINT
PLUMED:   with label res
PLUMED:   with arguments an
PLUMED:   added component to this action:  res.bias 
PLUMED:   at 1.570796
PLUMED:   with harmonic force constant 100.000000
PLUMED:   and linear force constant 0.000000
PLUMED:   added component to this action:  res.force2 
PLUMED: Action ANGLE
PLUMED:   with label an2
PLUMED:   between atoms 1 5 4
PLUMED:   without periodic boundary conditions
PLUMED: Action RESTRAINT
PLUMED:   with label res2
PLUMED:   with arguments an2
PLUMED:   added component to this action:  res2.bias 
PLUMED:   at 0.000000
PLUMED:   with harmonic force constant 100.000000
PLUMED:   and linear force constant 0.000000
PLUMED:   added component to this action:  res2.force2 
PLUMED: Action PRINT
PLUMED:   with label @10
PLUMED:   with stride 100
PLUMED:   with arguments d1 d2 rc steer.bias steer.force2 steer.d1_cntr steer.d1_work steer.d1_kappa steer.d2_cntr steer.d2_work steer.d2_kappa steer.work ener an res.bias res.force2 an2 res2.bias res2.force2
PLUMED:   on file colvars/COLVAR_1.7152542372881356_1.8864406779661018
PLUMED:   with format  %f
PLUMED: Action FLUSH
PLUMED:   with label @11
PLUMED:   with stride 500

# Integration error:        38.95

 -------------- BaysOpt loop, query 25 ---------------
going to run a simulation at 1.8864406779661018 1.7152542372881356 
Using head Default out of ['Default']
No dtype selected, switching to float64 to match model dtype.
# Integrating             - Simpson's rule + Real Space Grid Mini  /home/ekempke/miniconda3/envs/mace/lib/python3.12/site-packages/mace/calculators/mace.py:143: UserWarning:Environment variable TORCH_FORCE_NO_WEIGHTS_ONLY_LOAD detected, since the`weights_only` argument was not explicitly passed to `torch.load`, forcing weights_only=False.
+++ Loading the PLUMED kernel runtime +++
+++ PLUMED_KERNEL="/home/ekempke/miniconda3/envs/mace/lib/libplumedKernel.so" +++
PLUMED: PLUMED is starting
PLUMED: Version: 2.8.0 (git: Unknown) compiled on Feb 23 2022 at 09:52:46
PLUMED: Please cite these papers when using PLUMED [1][2]
PLUMED: For further information see the PLUMED web page at http://www.plumed.org
PLUMED: Root: /home/ekempke/miniconda3/envs/mace/lib/plumed
PLUMED: For installed feature, see /home/ekempke/miniconda3/envs/mace/lib/plumed/src/config/config.txt
PLUMED: Molecular dynamics engine: ASE
PLUMED: Precision of reals: 8
PLUMED: Running over 1 node
PLUMED: Number of threads: 1
PLUMED: Cache line size: 512
PLUMED: Number of atoms: 9
PLUMED: File suffix: 
PLUMED: Timestep: 0.000500
PLUMED: KbT: 96.485333
PLUMED: Relevant bibliography:
PLUMED:   [1] The PLUMED consortium, Nat. Methods 16, 670 (2019)
PLUMED:   [2] Tribello, Bonomi, Branduardi, Camilloni, and Bussi, Comput. Phys. Commun. 185, 604 (2014)
PLUMED: Please read and cite where appropriate!
PLUMED: Finished setup
PLUMED: Action UNITS
PLUMED:   with label @0
PLUMED:   length: A = 0.1 nm
PLUMED:   energy: kcal/mol = 4.184 kj/mol
PLUMED:   time: ps
PLUMED:   charge: e
PLUMED:   mass: amu
PLUMED:   using physical units
PLUMED:   inside PLUMED, Boltzmann constant is 0.0019872
PLUMED: Action DISTANCE
PLUMED:   with label d1
PLUMED:   between atoms 1 4
PLUMED:   without periodic boundary conditions
PLUMED: Action DISTANCE
PLUMED:   with label d2
PLUMED:   between atoms 1 5
PLUMED:   without periodic boundary conditions
PLUMED: Action COMBINE
PLUMED:   with label rc
PLUMED:   with arguments d1 d2
PLUMED:   with coefficients: -1.000000 1.000000
PLUMED:   with parameters: 0.000000 0.000000
PLUMED:   and powers: 1.000000 1.000000
PLUMED: Action MOVINGRESTRAINT
PLUMED:   with label steer
PLUMED:   with arguments d1 d2
PLUMED:   added component to this action:  steer.bias 
PLUMED:   step0 1000
PLUMED:   at 2.640000 1.840000
PLUMED:   with force constant 1000.000000 100.000000
PLUMED:   step1 5000
PLUMED:   at 2.420339 2.981356
PLUMED:   with force constant 1000.000000 100.000000
PLUMED:   added component to this action:  steer.force2 
PLUMED:   added component to this action:  steer.d1_cntr 
PLUMED:   added component to this action:  steer.d1_work 
PLUMED:   added component to this action:  steer.d1_kappa 
PLUMED:   added component to this action:  steer.d2_cntr 
PLUMED:   added component to this action:  steer.d2_work 
PLUMED:   added component to this action:  steer.d2_kappa 
PLUMED:   added component to this action:  steer.work 
PLUMED:   Bibliography [1]
PLUMED: Relevant bibliography:
PLUMED:   [1] Grubmuller, Heymann, and Tavan, Science 271, 997 (1996)
PLUMED: Please read and cite where appropriate!
PLUMED: Action ENERGY
PLUMED:   with label ener
PLUMED:   Bibliography [1][2]
PLUMED: Relevant bibliography:
PLUMED:   [1] Bartels and Karplus, J. Phys. Chem. B 102, 865 (1998)
PLUMED:   [2] Bonomi and Parrinello, J. Comp. Chem. 30, 1615 (2009)
PLUMED: Please read and cite where appropriate!
PLUMED: Action ANGLE
PLUMED:   with label an
PLUMED:   between lines 1-2 and 4-5
PLUMED:   without periodic boundary conditions
PLUMED: Action RESTRAINT
PLUMED:   with label res
PLUMED:   with arguments an
PLUMED:   added component to this action:  res.bias 
PLUMED:   at 1.570796
PLUMED:   with harmonic force constant 100.000000
PLUMED:   and linear force constant 0.000000
PLUMED:   added component to this action:  res.force2 
PLUMED: Action ANGLE
PLUMED:   with label an2
PLUMED:   between atoms 1 5 4
PLUMED:   without periodic boundary conditions
PLUMED: Action RESTRAINT
PLUMED:   with label res2
PLUMED:   with arguments an2
PLUMED:   added component to this action:  res2.bias 
PLUMED:   at 0.000000
PLUMED:   with harmonic force constant 100.000000
PLUMED:   and linear force constant 0.000000
PLUMED:   added component to this action:  res2.force2 
PLUMED: Action PRINT
PLUMED:   with label @10
PLUMED:   with stride 100
PLUMED:   with arguments d1 d2 rc steer.bias steer.force2 steer.d1_cntr steer.d1_work steer.d1_kappa steer.d2_cntr steer.d2_work steer.d2_kappa steer.work ener an res.bias res.force2 an2 res2.bias res2.force2
PLUMED:   on file colvars/COLVAR_2.420338983050847_2.98135593220339
PLUMED:   with format  %f
PLUMED: Action FLUSH
PLUMED:   with label @11
PLUMED:   with stride 500

# Integration error:        23.05

 -------------- BaysOpt loop, query 26 ---------------
going to run a simulation at 2.98135593220339 2.420338983050847 
Using head Default out of ['Default']
No dtype selected, switching to float64 to match model dtype.
# Integrating             - Simpson's rule + Real Space Grid Mini  /home/ekempke/miniconda3/envs/mace/lib/python3.12/site-packages/mace/calculators/mace.py:143: UserWarning:Environment variable TORCH_FORCE_NO_WEIGHTS_ONLY_LOAD detected, since the`weights_only` argument was not explicitly passed to `torch.load`, forcing weights_only=False.
+++ Loading the PLUMED kernel runtime +++
+++ PLUMED_KERNEL="/home/ekempke/miniconda3/envs/mace/lib/libplumedKernel.so" +++
PLUMED: PLUMED is starting
PLUMED: Version: 2.8.0 (git: Unknown) compiled on Feb 23 2022 at 09:52:46
PLUMED: Please cite these papers when using PLUMED [1][2]
PLUMED: For further information see the PLUMED web page at http://www.plumed.org
PLUMED: Root: /home/ekempke/miniconda3/envs/mace/lib/plumed
PLUMED: For installed feature, see /home/ekempke/miniconda3/envs/mace/lib/plumed/src/config/config.txt
PLUMED: Molecular dynamics engine: ASE
PLUMED: Precision of reals: 8
PLUMED: Running over 1 node
PLUMED: Number of threads: 1
PLUMED: Cache line size: 512
PLUMED: Number of atoms: 9
PLUMED: File suffix: 
PLUMED: Timestep: 0.000500
PLUMED: KbT: 96.485333
PLUMED: Relevant bibliography:
PLUMED:   [1] The PLUMED consortium, Nat. Methods 16, 670 (2019)
PLUMED:   [2] Tribello, Bonomi, Branduardi, Camilloni, and Bussi, Comput. Phys. Commun. 185, 604 (2014)
PLUMED: Please read and cite where appropriate!
PLUMED: Finished setup
PLUMED: Action UNITS
PLUMED:   with label @0
PLUMED:   length: A = 0.1 nm
PLUMED:   energy: kcal/mol = 4.184 kj/mol
PLUMED:   time: ps
PLUMED:   charge: e
PLUMED:   mass: amu
PLUMED:   using physical units
PLUMED:   inside PLUMED, Boltzmann constant is 0.0019872
PLUMED: Action DISTANCE
PLUMED:   with label d1
PLUMED:   between atoms 1 4
PLUMED:   without periodic boundary conditions
PLUMED: Action DISTANCE
PLUMED:   with label d2
PLUMED:   between atoms 1 5
PLUMED:   without periodic boundary conditions
PLUMED: Action COMBINE
PLUMED:   with label rc
PLUMED:   with arguments d1 d2
PLUMED:   with coefficients: -1.000000 1.000000
PLUMED:   with parameters: 0.000000 0.000000
PLUMED:   and powers: 1.000000 1.000000
PLUMED: Action MOVINGRESTRAINT
PLUMED:   with label steer
PLUMED:   with arguments d1 d2
PLUMED:   added component to this action:  steer.bias 
PLUMED:   step0 1000
PLUMED:   at 2.640000 1.840000
PLUMED:   with force constant 1000.000000 100.000000
PLUMED:   step1 5000
PLUMED:   at 1.579661 2.866102
PLUMED:   with force constant 1000.000000 100.000000
PLUMED:   added component to this action:  steer.force2 
PLUMED:   added component to this action:  steer.d1_cntr 
PLUMED:   added component to this action:  steer.d1_work 
PLUMED:   added component to this action:  steer.d1_kappa 
PLUMED:   added component to this action:  steer.d2_cntr 
PLUMED:   added component to this action:  steer.d2_work 
PLUMED:   added component to this action:  steer.d2_kappa 
PLUMED:   added component to this action:  steer.work 
PLUMED:   Bibliography [1]
PLUMED: Relevant bibliography:
PLUMED:   [1] Grubmuller, Heymann, and Tavan, Science 271, 997 (1996)
PLUMED: Please read and cite where appropriate!
PLUMED: Action ENERGY
PLUMED:   with label ener
PLUMED:   Bibliography [1][2]
PLUMED: Relevant bibliography:
PLUMED:   [1] Bartels and Karplus, J. Phys. Chem. B 102, 865 (1998)
PLUMED:   [2] Bonomi and Parrinello, J. Comp. Chem. 30, 1615 (2009)
PLUMED: Please read and cite where appropriate!
PLUMED: Action ANGLE
PLUMED:   with label an
PLUMED:   between lines 1-2 and 4-5
PLUMED:   without periodic boundary conditions
PLUMED: Action RESTRAINT
PLUMED:   with label res
PLUMED:   with arguments an
PLUMED:   added component to this action:  res.bias 
PLUMED:   at 1.570796
PLUMED:   with harmonic force constant 100.000000
PLUMED:   and linear force constant 0.000000
PLUMED:   added component to this action:  res.force2 
PLUMED: Action ANGLE
PLUMED:   with label an2
PLUMED:   between atoms 1 5 4
PLUMED:   without periodic boundary conditions
PLUMED: Action RESTRAINT
PLUMED:   with label res2
PLUMED:   with arguments an2
PLUMED:   added component to this action:  res2.bias 
PLUMED:   at 0.000000
PLUMED:   with harmonic force constant 100.000000
PLUMED:   and linear force constant 0.000000
PLUMED:   added component to this action:  res2.force2 
PLUMED: Action PRINT
PLUMED:   with label @10
PLUMED:   with stride 100
PLUMED:   with arguments d1 d2 rc steer.bias steer.force2 steer.d1_cntr steer.d1_work steer.d1_kappa steer.d2_cntr steer.d2_work steer.d2_kappa steer.work ener an res.bias res.force2 an2 res2.bias res2.force2
PLUMED:   on file colvars/COLVAR_1.5796610169491525_2.8661016949152542
PLUMED:   with format  %f
PLUMED: Action FLUSH
PLUMED:   with label @11
PLUMED:   with stride 500

# Integration error:        23.21

 -------------- BaysOpt loop, query 27 ---------------
going to run a simulation at 2.8661016949152542 1.5796610169491525 
Using head Default out of ['Default']
No dtype selected, switching to float64 to match model dtype.
# Integrating             - Simpson's rule + Real Space Grid Mini  /home/ekempke/miniconda3/envs/mace/lib/python3.12/site-packages/mace/calculators/mace.py:143: UserWarning:Environment variable TORCH_FORCE_NO_WEIGHTS_ONLY_LOAD detected, since the`weights_only` argument was not explicitly passed to `torch.load`, forcing weights_only=False.
+++ Loading the PLUMED kernel runtime +++
+++ PLUMED_KERNEL="/home/ekempke/miniconda3/envs/mace/lib/libplumedKernel.so" +++
PLUMED: PLUMED is starting
PLUMED: Version: 2.8.0 (git: Unknown) compiled on Feb 23 2022 at 09:52:46
PLUMED: Please cite these papers when using PLUMED [1][2]
PLUMED: For further information see the PLUMED web page at http://www.plumed.org
PLUMED: Root: /home/ekempke/miniconda3/envs/mace/lib/plumed
PLUMED: For installed feature, see /home/ekempke/miniconda3/envs/mace/lib/plumed/src/config/config.txt
PLUMED: Molecular dynamics engine: ASE
PLUMED: Precision of reals: 8
PLUMED: Running over 1 node
PLUMED: Number of threads: 1
PLUMED: Cache line size: 512
PLUMED: Number of atoms: 9
PLUMED: File suffix: 
PLUMED: Timestep: 0.000500
PLUMED: KbT: 96.485333
PLUMED: Relevant bibliography:
PLUMED:   [1] The PLUMED consortium, Nat. Methods 16, 670 (2019)
PLUMED:   [2] Tribello, Bonomi, Branduardi, Camilloni, and Bussi, Comput. Phys. Commun. 185, 604 (2014)
PLUMED: Please read and cite where appropriate!
PLUMED: Finished setup
PLUMED: Action UNITS
PLUMED:   with label @0
PLUMED:   length: A = 0.1 nm
PLUMED:   energy: kcal/mol = 4.184 kj/mol
PLUMED:   time: ps
PLUMED:   charge: e
PLUMED:   mass: amu
PLUMED:   using physical units
PLUMED:   inside PLUMED, Boltzmann constant is 0.0019872
PLUMED: Action DISTANCE
PLUMED:   with label d1
PLUMED:   between atoms 1 4
PLUMED:   without periodic boundary conditions
PLUMED: Action DISTANCE
PLUMED:   with label d2
PLUMED:   between atoms 1 5
PLUMED:   without periodic boundary conditions
PLUMED: Action COMBINE
PLUMED:   with label rc
PLUMED:   with arguments d1 d2
PLUMED:   with coefficients: -1.000000 1.000000
PLUMED:   with parameters: 0.000000 0.000000
PLUMED:   and powers: 1.000000 1.000000
PLUMED: Action MOVINGRESTRAINT
PLUMED:   with label steer
PLUMED:   with arguments d1 d2
PLUMED:   added component to this action:  steer.bias 
PLUMED:   step0 1000
PLUMED:   at 2.640000 1.840000
PLUMED:   with force constant 1000.000000 100.000000
PLUMED:   step1 5000
PLUMED:   at 1.986441 3.067797
PLUMED:   with force constant 1000.000000 100.000000
PLUMED:   added component to this action:  steer.force2 
PLUMED:   added component to this action:  steer.d1_cntr 
PLUMED:   added component to this action:  steer.d1_work 
PLUMED:   added component to this action:  steer.d1_kappa 
PLUMED:   added component to this action:  steer.d2_cntr 
PLUMED:   added component to this action:  steer.d2_work 
PLUMED:   added component to this action:  steer.d2_kappa 
PLUMED:   added component to this action:  steer.work 
PLUMED:   Bibliography [1]
PLUMED: Relevant bibliography:
PLUMED:   [1] Grubmuller, Heymann, and Tavan, Science 271, 997 (1996)
PLUMED: Please read and cite where appropriate!
PLUMED: Action ENERGY
PLUMED:   with label ener
PLUMED:   Bibliography [1][2]
PLUMED: Relevant bibliography:
PLUMED:   [1] Bartels and Karplus, J. Phys. Chem. B 102, 865 (1998)
PLUMED:   [2] Bonomi and Parrinello, J. Comp. Chem. 30, 1615 (2009)
PLUMED: Please read and cite where appropriate!
PLUMED: Action ANGLE
PLUMED:   with label an
PLUMED:   between lines 1-2 and 4-5
PLUMED:   without periodic boundary conditions
PLUMED: Action RESTRAINT
PLUMED:   with label res
PLUMED:   with arguments an
PLUMED:   added component to this action:  res.bias 
PLUMED:   at 1.570796
PLUMED:   with harmonic force constant 100.000000
PLUMED:   and linear force constant 0.000000
PLUMED:   added component to this action:  res.force2 
PLUMED: Action ANGLE
PLUMED:   with label an2
PLUMED:   between atoms 1 5 4
PLUMED:   without periodic boundary conditions
PLUMED: Action RESTRAINT
PLUMED:   with label res2
PLUMED:   with arguments an2
PLUMED:   added component to this action:  res2.bias 
PLUMED:   at 0.000000
PLUMED:   with harmonic force constant 100.000000
PLUMED:   and linear force constant 0.000000
PLUMED:   added component to this action:  res2.force2 
PLUMED: Action PRINT
PLUMED:   with label @10
PLUMED:   with stride 100
PLUMED:   with arguments d1 d2 rc steer.bias steer.force2 steer.d1_cntr steer.d1_work steer.d1_kappa steer.d2_cntr steer.d2_work steer.d2_kappa steer.work ener an res.bias res.force2 an2 res2.bias res2.force2
PLUMED:   on file colvars/COLVAR_1.9864406779661015_3.0677966101694913
PLUMED:   with format  %f
PLUMED: Action FLUSH
PLUMED:   with label @11
PLUMED:   with stride 500

# Integration error:        22.63

 -------------- BaysOpt loop, query 28 ---------------
going to run a simulation at 3.0677966101694913 1.9864406779661015 
Using head Default out of ['Default']
No dtype selected, switching to float64 to match model dtype.
# Integrating             - Simpson's rule + Real Space Grid Mini  /home/ekempke/miniconda3/envs/mace/lib/python3.12/site-packages/mace/calculators/mace.py:143: UserWarning:Environment variable TORCH_FORCE_NO_WEIGHTS_ONLY_LOAD detected, since the`weights_only` argument was not explicitly passed to `torch.load`, forcing weights_only=False.
+++ Loading the PLUMED kernel runtime +++
+++ PLUMED_KERNEL="/home/ekempke/miniconda3/envs/mace/lib/libplumedKernel.so" +++
PLUMED: PLUMED is starting
PLUMED: Version: 2.8.0 (git: Unknown) compiled on Feb 23 2022 at 09:52:46
PLUMED: Please cite these papers when using PLUMED [1][2]
PLUMED: For further information see the PLUMED web page at http://www.plumed.org
PLUMED: Root: /home/ekempke/miniconda3/envs/mace/lib/plumed
PLUMED: For installed feature, see /home/ekempke/miniconda3/envs/mace/lib/plumed/src/config/config.txt
PLUMED: Molecular dynamics engine: ASE
PLUMED: Precision of reals: 8
PLUMED: Running over 1 node
PLUMED: Number of threads: 1
PLUMED: Cache line size: 512
PLUMED: Number of atoms: 9
PLUMED: File suffix: 
PLUMED: Timestep: 0.000500
PLUMED: KbT: 96.485333
PLUMED: Relevant bibliography:
PLUMED:   [1] The PLUMED consortium, Nat. Methods 16, 670 (2019)
PLUMED:   [2] Tribello, Bonomi, Branduardi, Camilloni, and Bussi, Comput. Phys. Commun. 185, 604 (2014)
PLUMED: Please read and cite where appropriate!
PLUMED: Finished setup
PLUMED: Action UNITS
PLUMED:   with label @0
PLUMED:   length: A = 0.1 nm
PLUMED:   energy: kcal/mol = 4.184 kj/mol
PLUMED:   time: ps
PLUMED:   charge: e
PLUMED:   mass: amu
PLUMED:   using physical units
PLUMED:   inside PLUMED, Boltzmann constant is 0.0019872
PLUMED: Action DISTANCE
PLUMED:   with label d1
PLUMED:   between atoms 1 4
PLUMED:   without periodic boundary conditions
PLUMED: Action DISTANCE
PLUMED:   with label d2
PLUMED:   between atoms 1 5
PLUMED:   without periodic boundary conditions
PLUMED: Action COMBINE
PLUMED:   with label rc
PLUMED:   with arguments d1 d2
PLUMED:   with coefficients: -1.000000 1.000000
PLUMED:   with parameters: 0.000000 0.000000
PLUMED:   and powers: 1.000000 1.000000
PLUMED: Action MOVINGRESTRAINT
PLUMED:   with label steer
PLUMED:   with arguments d1 d2
PLUMED:   added component to this action:  steer.bias 
PLUMED:   step0 1000
PLUMED:   at 2.640000 1.840000
PLUMED:   with force constant 1000.000000 100.000000
PLUMED:   step1 5000
PLUMED:   at 1.552542 2.347458
PLUMED:   with force constant 1000.000000 100.000000
PLUMED:   added component to this action:  steer.force2 
PLUMED:   added component to this action:  steer.d1_cntr 
PLUMED:   added component to this action:  steer.d1_work 
PLUMED:   added component to this action:  steer.d1_kappa 
PLUMED:   added component to this action:  steer.d2_cntr 
PLUMED:   added component to this action:  steer.d2_work 
PLUMED:   added component to this action:  steer.d2_kappa 
PLUMED:   added component to this action:  steer.work 
PLUMED:   Bibliography [1]
PLUMED: Relevant bibliography:
PLUMED:   [1] Grubmuller, Heymann, and Tavan, Science 271, 997 (1996)
PLUMED: Please read and cite where appropriate!
PLUMED: Action ENERGY
PLUMED:   with label ener
PLUMED:   Bibliography [1][2]
PLUMED: Relevant bibliography:
PLUMED:   [1] Bartels and Karplus, J. Phys. Chem. B 102, 865 (1998)
PLUMED:   [2] Bonomi and Parrinello, J. Comp. Chem. 30, 1615 (2009)
PLUMED: Please read and cite where appropriate!
PLUMED: Action ANGLE
PLUMED:   with label an
PLUMED:   between lines 1-2 and 4-5
PLUMED:   without periodic boundary conditions
PLUMED: Action RESTRAINT
PLUMED:   with label res
PLUMED:   with arguments an
PLUMED:   added component to this action:  res.bias 
PLUMED:   at 1.570796
PLUMED:   with harmonic force constant 100.000000
PLUMED:   and linear force constant 0.000000
PLUMED:   added component to this action:  res.force2 
PLUMED: Action ANGLE
PLUMED:   with label an2
PLUMED:   between atoms 1 5 4
PLUMED:   without periodic boundary conditions
PLUMED: Action RESTRAINT
PLUMED:   with label res2
PLUMED:   with arguments an2
PLUMED:   added component to this action:  res2.bias 
PLUMED:   at 0.000000
PLUMED:   with harmonic force constant 100.000000
PLUMED:   and linear force constant 0.000000
PLUMED:   added component to this action:  res2.force2 
PLUMED: Action PRINT
PLUMED:   with label @10
PLUMED:   with stride 100
PLUMED:   with arguments d1 d2 rc steer.bias steer.force2 steer.d1_cntr steer.d1_work steer.d1_kappa steer.d2_cntr steer.d2_work steer.d2_kappa steer.work ener an res.bias res.force2 an2 res2.bias res2.force2
PLUMED:   on file colvars/COLVAR_1.5525423728813559_2.347457627118644
PLUMED:   with format  %f
PLUMED: Action FLUSH
PLUMED:   with label @11
PLUMED:   with stride 500

# Integration error:        24.10

 -------------- BaysOpt loop, query 29 ---------------
going to run a simulation at 2.347457627118644 1.5525423728813559 
Using head Default out of ['Default']
No dtype selected, switching to float64 to match model dtype.
# Integrating             - Simpson's rule + Real Space Grid Mini  /home/ekempke/miniconda3/envs/mace/lib/python3.12/site-packages/mace/calculators/mace.py:143: UserWarning:Environment variable TORCH_FORCE_NO_WEIGHTS_ONLY_LOAD detected, since the`weights_only` argument was not explicitly passed to `torch.load`, forcing weights_only=False.
+++ Loading the PLUMED kernel runtime +++
+++ PLUMED_KERNEL="/home/ekempke/miniconda3/envs/mace/lib/libplumedKernel.so" +++
PLUMED: PLUMED is starting
PLUMED: Version: 2.8.0 (git: Unknown) compiled on Feb 23 2022 at 09:52:46
PLUMED: Please cite these papers when using PLUMED [1][2]
PLUMED: For further information see the PLUMED web page at http://www.plumed.org
PLUMED: Root: /home/ekempke/miniconda3/envs/mace/lib/plumed
PLUMED: For installed feature, see /home/ekempke/miniconda3/envs/mace/lib/plumed/src/config/config.txt
PLUMED: Molecular dynamics engine: ASE
PLUMED: Precision of reals: 8
PLUMED: Running over 1 node
PLUMED: Number of threads: 1
PLUMED: Cache line size: 512
PLUMED: Number of atoms: 9
PLUMED: File suffix: 
PLUMED: Timestep: 0.000500
PLUMED: KbT: 96.485333
PLUMED: Relevant bibliography:
PLUMED:   [1] The PLUMED consortium, Nat. Methods 16, 670 (2019)
PLUMED:   [2] Tribello, Bonomi, Branduardi, Camilloni, and Bussi, Comput. Phys. Commun. 185, 604 (2014)
PLUMED: Please read and cite where appropriate!
PLUMED: Finished setup
PLUMED: Action UNITS
PLUMED:   with label @0
PLUMED:   length: A = 0.1 nm
PLUMED:   energy: kcal/mol = 4.184 kj/mol
PLUMED:   time: ps
PLUMED:   charge: e
PLUMED:   mass: amu
PLUMED:   using physical units
PLUMED:   inside PLUMED, Boltzmann constant is 0.0019872
PLUMED: Action DISTANCE
PLUMED:   with label d1
PLUMED:   between atoms 1 4
PLUMED:   without periodic boundary conditions
PLUMED: Action DISTANCE
PLUMED:   with label d2
PLUMED:   between atoms 1 5
PLUMED:   without periodic boundary conditions
PLUMED: Action COMBINE
PLUMED:   with label rc
PLUMED:   with arguments d1 d2
PLUMED:   with coefficients: -1.000000 1.000000
PLUMED:   with parameters: 0.000000 0.000000
PLUMED:   and powers: 1.000000 1.000000
PLUMED: Action MOVINGRESTRAINT
PLUMED:   with label steer
PLUMED:   with arguments d1 d2
PLUMED:   added component to this action:  steer.bias 
PLUMED:   step0 1000
PLUMED:   at 2.640000 1.840000
PLUMED:   with force constant 1000.000000 100.000000
PLUMED:   step1 5000
PLUMED:   at 2.718644 2.030508
PLUMED:   with force constant 1000.000000 100.000000
PLUMED:   added component to this action:  steer.force2 
PLUMED:   added component to this action:  steer.d1_cntr 
PLUMED:   added component to this action:  steer.d1_work 
PLUMED:   added component to this action:  steer.d1_kappa 
PLUMED:   added component to this action:  steer.d2_cntr 
PLUMED:   added component to this action:  steer.d2_work 
PLUMED:   added component to this action:  steer.d2_kappa 
PLUMED:   added component to this action:  steer.work 
PLUMED:   Bibliography [1]
PLUMED: Relevant bibliography:
PLUMED:   [1] Grubmuller, Heymann, and Tavan, Science 271, 997 (1996)
PLUMED: Please read and cite where appropriate!
PLUMED: Action ENERGY
PLUMED:   with label ener
PLUMED:   Bibliography [1][2]
PLUMED: Relevant bibliography:
PLUMED:   [1] Bartels and Karplus, J. Phys. Chem. B 102, 865 (1998)
PLUMED:   [2] Bonomi and Parrinello, J. Comp. Chem. 30, 1615 (2009)
PLUMED: Please read and cite where appropriate!
PLUMED: Action ANGLE
PLUMED:   with label an
PLUMED:   between lines 1-2 and 4-5
PLUMED:   without periodic boundary conditions
PLUMED: Action RESTRAINT
PLUMED:   with label res
PLUMED:   with arguments an
PLUMED:   added component to this action:  res.bias 
PLUMED:   at 1.570796
PLUMED:   with harmonic force constant 100.000000
PLUMED:   and linear force constant 0.000000
PLUMED:   added component to this action:  res.force2 
PLUMED: Action ANGLE
PLUMED:   with label an2
PLUMED:   between atoms 1 5 4
PLUMED:   without periodic boundary conditions
PLUMED: Action RESTRAINT
PLUMED:   with label res2
PLUMED:   with arguments an2
PLUMED:   added component to this action:  res2.bias 
PLUMED:   at 0.000000
PLUMED:   with harmonic force constant 100.000000
PLUMED:   and linear force constant 0.000000
PLUMED:   added component to this action:  res2.force2 
PLUMED: Action PRINT
PLUMED:   with label @10
PLUMED:   with stride 100
PLUMED:   with arguments d1 d2 rc steer.bias steer.force2 steer.d1_cntr steer.d1_work steer.d1_kappa steer.d2_cntr steer.d2_work steer.d2_kappa steer.work ener an res.bias res.force2 an2 res2.bias res2.force2
PLUMED:   on file colvars/COLVAR_2.7186440677966104_2.0305084745762714
PLUMED:   with format  %f
PLUMED: Action FLUSH
PLUMED:   with label @11
PLUMED:   with stride 500

# Integration error:        22.56

 -------------- BaysOpt loop, query 30 ---------------
going to run a simulation at 2.0305084745762714 2.7186440677966104 
Using head Default out of ['Default']
No dtype selected, switching to float64 to match model dtype.
# Integrating             - Simpson's rule + Real Space Grid Mini  /home/ekempke/miniconda3/envs/mace/lib/python3.12/site-packages/mace/calculators/mace.py:143: UserWarning:Environment variable TORCH_FORCE_NO_WEIGHTS_ONLY_LOAD detected, since the`weights_only` argument was not explicitly passed to `torch.load`, forcing weights_only=False.
+++ Loading the PLUMED kernel runtime +++
+++ PLUMED_KERNEL="/home/ekempke/miniconda3/envs/mace/lib/libplumedKernel.so" +++
PLUMED: PLUMED is starting
PLUMED: Version: 2.8.0 (git: Unknown) compiled on Feb 23 2022 at 09:52:46
PLUMED: Please cite these papers when using PLUMED [1][2]
PLUMED: For further information see the PLUMED web page at http://www.plumed.org
PLUMED: Root: /home/ekempke/miniconda3/envs/mace/lib/plumed
PLUMED: For installed feature, see /home/ekempke/miniconda3/envs/mace/lib/plumed/src/config/config.txt
PLUMED: Molecular dynamics engine: ASE
PLUMED: Precision of reals: 8
PLUMED: Running over 1 node
PLUMED: Number of threads: 1
PLUMED: Cache line size: 512
PLUMED: Number of atoms: 9
PLUMED: File suffix: 
PLUMED: Timestep: 0.000500
PLUMED: KbT: 96.485333
PLUMED: Relevant bibliography:
PLUMED:   [1] The PLUMED consortium, Nat. Methods 16, 670 (2019)
PLUMED:   [2] Tribello, Bonomi, Branduardi, Camilloni, and Bussi, Comput. Phys. Commun. 185, 604 (2014)
PLUMED: Please read and cite where appropriate!
PLUMED: Finished setup
PLUMED: Action UNITS
PLUMED:   with label @0
PLUMED:   length: A = 0.1 nm
PLUMED:   energy: kcal/mol = 4.184 kj/mol
PLUMED:   time: ps
PLUMED:   charge: e
PLUMED:   mass: amu
PLUMED:   using physical units
PLUMED:   inside PLUMED, Boltzmann constant is 0.0019872
PLUMED: Action DISTANCE
PLUMED:   with label d1
PLUMED:   between atoms 1 4
PLUMED:   without periodic boundary conditions
PLUMED: Action DISTANCE
PLUMED:   with label d2
PLUMED:   between atoms 1 5
PLUMED:   without periodic boundary conditions
PLUMED: Action COMBINE
PLUMED:   with label rc
PLUMED:   with arguments d1 d2
PLUMED:   with coefficients: -1.000000 1.000000
PLUMED:   with parameters: 0.000000 0.000000
PLUMED:   and powers: 1.000000 1.000000
PLUMED: Action MOVINGRESTRAINT
PLUMED:   with label steer
PLUMED:   with arguments d1 d2
PLUMED:   added component to this action:  steer.bias 
PLUMED:   step0 1000
PLUMED:   at 2.640000 1.840000
PLUMED:   with force constant 1000.000000 100.000000
PLUMED:   step1 5000
PLUMED:   at 2.393220 2.347458
PLUMED:   with force constant 1000.000000 100.000000
PLUMED:   added component to this action:  steer.force2 
PLUMED:   added component to this action:  steer.d1_cntr 
PLUMED:   added component to this action:  steer.d1_work 
PLUMED:   added component to this action:  steer.d1_kappa 
PLUMED:   added component to this action:  steer.d2_cntr 
PLUMED:   added component to this action:  steer.d2_work 
PLUMED:   added component to this action:  steer.d2_kappa 
PLUMED:   added component to this action:  steer.work 
PLUMED:   Bibliography [1]
PLUMED: Relevant bibliography:
PLUMED:   [1] Grubmuller, Heymann, and Tavan, Science 271, 997 (1996)
PLUMED: Please read and cite where appropriate!
PLUMED: Action ENERGY
PLUMED:   with label ener
PLUMED:   Bibliography [1][2]
PLUMED: Relevant bibliography:
PLUMED:   [1] Bartels and Karplus, J. Phys. Chem. B 102, 865 (1998)
PLUMED:   [2] Bonomi and Parrinello, J. Comp. Chem. 30, 1615 (2009)
PLUMED: Please read and cite where appropriate!
PLUMED: Action ANGLE
PLUMED:   with label an
PLUMED:   between lines 1-2 and 4-5
PLUMED:   without periodic boundary conditions
PLUMED: Action RESTRAINT
PLUMED:   with label res
PLUMED:   with arguments an
PLUMED:   added component to this action:  res.bias 
PLUMED:   at 1.570796
PLUMED:   with harmonic force constant 100.000000
PLUMED:   and linear force constant 0.000000
PLUMED:   added component to this action:  res.force2 
PLUMED: Action ANGLE
PLUMED:   with label an2
PLUMED:   between atoms 1 5 4
PLUMED:   without periodic boundary conditions
PLUMED: Action RESTRAINT
PLUMED:   with label res2
PLUMED:   with arguments an2
PLUMED:   added component to this action:  res2.bias 
PLUMED:   at 0.000000
PLUMED:   with harmonic force constant 100.000000
PLUMED:   and linear force constant 0.000000
PLUMED:   added component to this action:  res2.force2 
PLUMED: Action PRINT
PLUMED:   with label @10
PLUMED:   with stride 100
PLUMED:   with arguments d1 d2 rc steer.bias steer.force2 steer.d1_cntr steer.d1_work steer.d1_kappa steer.d2_cntr steer.d2_work steer.d2_kappa steer.work ener an res.bias res.force2 an2 res2.bias res2.force2
PLUMED:   on file colvars/COLVAR_2.393220338983051_2.347457627118644
PLUMED:   with format  %f
PLUMED: Action FLUSH
PLUMED:   with label @11
PLUMED:   with stride 500

# Integration error:        22.62

 -------------- BaysOpt loop, query 31 ---------------
going to run a simulation at 2.347457627118644 2.393220338983051 
Using head Default out of ['Default']
No dtype selected, switching to float64 to match model dtype.
# Integrating             - Simpson's rule + Real Space Grid Mini  /home/ekempke/miniconda3/envs/mace/lib/python3.12/site-packages/mace/calculators/mace.py:143: UserWarning:Environment variable TORCH_FORCE_NO_WEIGHTS_ONLY_LOAD detected, since the`weights_only` argument was not explicitly passed to `torch.load`, forcing weights_only=False.
+++ Loading the PLUMED kernel runtime +++
+++ PLUMED_KERNEL="/home/ekempke/miniconda3/envs/mace/lib/libplumedKernel.so" +++
PLUMED: PLUMED is starting
PLUMED: Version: 2.8.0 (git: Unknown) compiled on Feb 23 2022 at 09:52:46
PLUMED: Please cite these papers when using PLUMED [1][2]
PLUMED: For further information see the PLUMED web page at http://www.plumed.org
PLUMED: Root: /home/ekempke/miniconda3/envs/mace/lib/plumed
PLUMED: For installed feature, see /home/ekempke/miniconda3/envs/mace/lib/plumed/src/config/config.txt
PLUMED: Molecular dynamics engine: ASE
PLUMED: Precision of reals: 8
PLUMED: Running over 1 node
PLUMED: Number of threads: 1
PLUMED: Cache line size: 512
PLUMED: Number of atoms: 9
PLUMED: File suffix: 
PLUMED: Timestep: 0.000500
PLUMED: KbT: 96.485333
PLUMED: Relevant bibliography:
PLUMED:   [1] The PLUMED consortium, Nat. Methods 16, 670 (2019)
PLUMED:   [2] Tribello, Bonomi, Branduardi, Camilloni, and Bussi, Comput. Phys. Commun. 185, 604 (2014)
PLUMED: Please read and cite where appropriate!
PLUMED: Finished setup
PLUMED: Action UNITS
PLUMED:   with label @0
PLUMED:   length: A = 0.1 nm
PLUMED:   energy: kcal/mol = 4.184 kj/mol
PLUMED:   time: ps
PLUMED:   charge: e
PLUMED:   mass: amu
PLUMED:   using physical units
PLUMED:   inside PLUMED, Boltzmann constant is 0.0019872
PLUMED: Action DISTANCE
PLUMED:   with label d1
PLUMED:   between atoms 1 4
PLUMED:   without periodic boundary conditions
PLUMED: Action DISTANCE
PLUMED:   with label d2
PLUMED:   between atoms 1 5
PLUMED:   without periodic boundary conditions
PLUMED: Action COMBINE
PLUMED:   with label rc
PLUMED:   with arguments d1 d2
PLUMED:   with coefficients: -1.000000 1.000000
PLUMED:   with parameters: 0.000000 0.000000
PLUMED:   and powers: 1.000000 1.000000
PLUMED: Action MOVINGRESTRAINT
PLUMED:   with label steer
PLUMED:   with arguments d1 d2
PLUMED:   added component to this action:  steer.bias 
PLUMED:   step0 1000
PLUMED:   at 2.640000 1.840000
PLUMED:   with force constant 1000.000000 100.000000
PLUMED:   step1 5000
PLUMED:   at 2.718644 2.693220
PLUMED:   with force constant 1000.000000 100.000000
PLUMED:   added component to this action:  steer.force2 
PLUMED:   added component to this action:  steer.d1_cntr 
PLUMED:   added component to this action:  steer.d1_work 
PLUMED:   added component to this action:  steer.d1_kappa 
PLUMED:   added component to this action:  steer.d2_cntr 
PLUMED:   added component to this action:  steer.d2_work 
PLUMED:   added component to this action:  steer.d2_kappa 
PLUMED:   added component to this action:  steer.work 
PLUMED:   Bibliography [1]
PLUMED: Relevant bibliography:
PLUMED:   [1] Grubmuller, Heymann, and Tavan, Science 271, 997 (1996)
PLUMED: Please read and cite where appropriate!
PLUMED: Action ENERGY
PLUMED:   with label ener
PLUMED:   Bibliography [1][2]
PLUMED: Relevant bibliography:
PLUMED:   [1] Bartels and Karplus, J. Phys. Chem. B 102, 865 (1998)
PLUMED:   [2] Bonomi and Parrinello, J. Comp. Chem. 30, 1615 (2009)
PLUMED: Please read and cite where appropriate!
PLUMED: Action ANGLE
PLUMED:   with label an
PLUMED:   between lines 1-2 and 4-5
PLUMED:   without periodic boundary conditions
PLUMED: Action RESTRAINT
PLUMED:   with label res
PLUMED:   with arguments an
PLUMED:   added component to this action:  res.bias 
PLUMED:   at 1.570796
PLUMED:   with harmonic force constant 100.000000
PLUMED:   and linear force constant 0.000000
PLUMED:   added component to this action:  res.force2 
PLUMED: Action ANGLE
PLUMED:   with label an2
PLUMED:   between atoms 1 5 4
PLUMED:   without periodic boundary conditions
PLUMED: Action RESTRAINT
PLUMED:   with label res2
PLUMED:   with arguments an2
PLUMED:   added component to this action:  res2.bias 
PLUMED:   at 0.000000
PLUMED:   with harmonic force constant 100.000000
PLUMED:   and linear force constant 0.000000
PLUMED:   added component to this action:  res2.force2 
PLUMED: Action PRINT
PLUMED:   with label @10
PLUMED:   with stride 100
PLUMED:   with arguments d1 d2 rc steer.bias steer.force2 steer.d1_cntr steer.d1_work steer.d1_kappa steer.d2_cntr steer.d2_work steer.d2_kappa steer.work ener an res.bias res.force2 an2 res2.bias res2.force2
PLUMED:   on file colvars/COLVAR_2.7186440677966104_2.6932203389830507
PLUMED:   with format  %f
PLUMED: Action FLUSH
PLUMED:   with label @11
PLUMED:   with stride 500

# Integration error:        22.99

 -------------- BaysOpt loop, query 32 ---------------
going to run a simulation at 2.6932203389830507 2.7186440677966104 
Using head Default out of ['Default']
No dtype selected, switching to float64 to match model dtype.
# Integrating             - Simpson's rule + Real Space Grid Mini  /home/ekempke/miniconda3/envs/mace/lib/python3.12/site-packages/mace/calculators/mace.py:143: UserWarning:Environment variable TORCH_FORCE_NO_WEIGHTS_ONLY_LOAD detected, since the`weights_only` argument was not explicitly passed to `torch.load`, forcing weights_only=False.
+++ Loading the PLUMED kernel runtime +++
+++ PLUMED_KERNEL="/home/ekempke/miniconda3/envs/mace/lib/libplumedKernel.so" +++
PLUMED: PLUMED is starting
PLUMED: Version: 2.8.0 (git: Unknown) compiled on Feb 23 2022 at 09:52:46
PLUMED: Please cite these papers when using PLUMED [1][2]
PLUMED: For further information see the PLUMED web page at http://www.plumed.org
PLUMED: Root: /home/ekempke/miniconda3/envs/mace/lib/plumed
PLUMED: For installed feature, see /home/ekempke/miniconda3/envs/mace/lib/plumed/src/config/config.txt
PLUMED: Molecular dynamics engine: ASE
PLUMED: Precision of reals: 8
PLUMED: Running over 1 node
PLUMED: Number of threads: 1
PLUMED: Cache line size: 512
PLUMED: Number of atoms: 9
PLUMED: File suffix: 
PLUMED: Timestep: 0.000500
PLUMED: KbT: 96.485333
PLUMED: Relevant bibliography:
PLUMED:   [1] The PLUMED consortium, Nat. Methods 16, 670 (2019)
PLUMED:   [2] Tribello, Bonomi, Branduardi, Camilloni, and Bussi, Comput. Phys. Commun. 185, 604 (2014)
PLUMED: Please read and cite where appropriate!
PLUMED: Finished setup
PLUMED: Action UNITS
PLUMED:   with label @0
PLUMED:   length: A = 0.1 nm
PLUMED:   energy: kcal/mol = 4.184 kj/mol
PLUMED:   time: ps
PLUMED:   charge: e
PLUMED:   mass: amu
PLUMED:   using physical units
PLUMED:   inside PLUMED, Boltzmann constant is 0.0019872
PLUMED: Action DISTANCE
PLUMED:   with label d1
PLUMED:   between atoms 1 4
PLUMED:   without periodic boundary conditions
PLUMED: Action DISTANCE
PLUMED:   with label d2
PLUMED:   between atoms 1 5
PLUMED:   without periodic boundary conditions
PLUMED: Action COMBINE
PLUMED:   with label rc
PLUMED:   with arguments d1 d2
PLUMED:   with coefficients: -1.000000 1.000000
PLUMED:   with parameters: 0.000000 0.000000
PLUMED:   and powers: 1.000000 1.000000
PLUMED: Action MOVINGRESTRAINT
PLUMED:   with label steer
PLUMED:   with arguments d1 d2
PLUMED:   added component to this action:  steer.bias 
PLUMED:   step0 1000
PLUMED:   at 2.640000 1.840000
PLUMED:   with force constant 1000.000000 100.000000
PLUMED:   step1 5000
PLUMED:   at 1.254237 3.154237
PLUMED:   with force constant 1000.000000 100.000000
PLUMED:   added component to this action:  steer.force2 
PLUMED:   added component to this action:  steer.d1_cntr 
PLUMED:   added component to this action:  steer.d1_work 
PLUMED:   added component to this action:  steer.d1_kappa 
PLUMED:   added component to this action:  steer.d2_cntr 
PLUMED:   added component to this action:  steer.d2_work 
PLUMED:   added component to this action:  steer.d2_kappa 
PLUMED:   added component to this action:  steer.work 
PLUMED:   Bibliography [1]
PLUMED: Relevant bibliography:
PLUMED:   [1] Grubmuller, Heymann, and Tavan, Science 271, 997 (1996)
PLUMED: Please read and cite where appropriate!
PLUMED: Action ENERGY
PLUMED:   with label ener
PLUMED:   Bibliography [1][2]
PLUMED: Relevant bibliography:
PLUMED:   [1] Bartels and Karplus, J. Phys. Chem. B 102, 865 (1998)
PLUMED:   [2] Bonomi and Parrinello, J. Comp. Chem. 30, 1615 (2009)
PLUMED: Please read and cite where appropriate!
PLUMED: Action ANGLE
PLUMED:   with label an
PLUMED:   between lines 1-2 and 4-5
PLUMED:   without periodic boundary conditions
PLUMED: Action RESTRAINT
PLUMED:   with label res
PLUMED:   with arguments an
PLUMED:   added component to this action:  res.bias 
PLUMED:   at 1.570796
PLUMED:   with harmonic force constant 100.000000
PLUMED:   and linear force constant 0.000000
PLUMED:   added component to this action:  res.force2 
PLUMED: Action ANGLE
PLUMED:   with label an2
PLUMED:   between atoms 1 5 4
PLUMED:   without periodic boundary conditions
PLUMED: Action RESTRAINT
PLUMED:   with label res2
PLUMED:   with arguments an2
PLUMED:   added component to this action:  res2.bias 
PLUMED:   at 0.000000
PLUMED:   with harmonic force constant 100.000000
PLUMED:   and linear force constant 0.000000
PLUMED:   added component to this action:  res2.force2 
PLUMED: Action PRINT
PLUMED:   with label @10
PLUMED:   with stride 100
PLUMED:   with arguments d1 d2 rc steer.bias steer.force2 steer.d1_cntr steer.d1_work steer.d1_kappa steer.d2_cntr steer.d2_work steer.d2_kappa steer.work ener an res.bias res.force2 an2 res2.bias res2.force2
PLUMED:   on file colvars/COLVAR_1.2542372881355932_3.1542372881355933
PLUMED:   with format  %f
PLUMED: Action FLUSH
PLUMED:   with label @11
PLUMED:   with stride 500

# Integration error:        22.28

 -------------- BaysOpt loop, query 33 ---------------
going to run a simulation at 3.1542372881355933 1.2542372881355932 
Using head Default out of ['Default']
No dtype selected, switching to float64 to match model dtype.
# Integrating             - Simpson's rule + Real Space Grid Mini PLUMED:                                               Cycles        Total      Average      Minimum      Maximum
PLUMED:                                                    1     3.469268     3.469268     3.469268     3.469268
PLUMED: 1 Prepare dependencies                         80001     0.210187     0.000003     0.000001     0.000023
PLUMED: 2 Sharing data                                 80001     0.553681     0.000007     0.000003     0.000018
PLUMED: 3 Waiting for data                             80001     0.026590     0.000000     0.000000     0.000007
PLUMED: 4 Calculating (forward loop)                   80001     1.301677     0.000016     0.000010     0.000034
PLUMED: 5 Applying (backward loop)                     80001     0.510147     0.000006     0.000004     0.000017
PLUMED: 6 Update                                       80001     0.058086     0.000001     0.000000     0.000265
PLUMED:                                               Cycles        Total      Average      Minimum      Maximum
PLUMED:                                                    1     3.189362     3.189362     3.189362     3.189362
PLUMED: 1 Prepare dependencies                         80001     0.183943     0.000002     0.000001     0.000018
PLUMED: 2 Sharing data                                 80001     0.497905     0.000006     0.000003     0.000051
PLUMED: 3 Waiting for data                             80001     0.025082     0.000000     0.000000     0.000008
PLUMED: 4 Calculating (forward loop)                   80001     1.196234     0.000015     0.000010     0.000035
PLUMED: 5 Applying (backward loop)                     80001     0.480301     0.000006     0.000004     0.000020
PLUMED: 6 Update                                       80001     0.056392     0.000001     0.000000     0.000129
PLUMED:                                               Cycles        Total      Average      Minimum      Maximum
PLUMED:                                                    1     3.442049     3.442049     3.442049     3.442049
PLUMED: 1 Prepare dependencies                         80001     0.213858     0.000003     0.000001     0.000012
PLUMED: 2 Sharing data                                 80001     0.556944     0.000007     0.000003     0.000046
PLUMED: 3 Waiting for data                             80001     0.026512     0.000000     0.000000     0.000007
PLUMED: 4 Calculating (forward loop)                   80001     1.281233     0.000016     0.000010     0.000032
PLUMED: 5 Applying (backward loop)                     80001     0.506651     0.000006     0.000004     0.000020
PLUMED: 6 Update                                       80001     0.057194     0.000001     0.000000     0.000131
PLUMED:                                               Cycles        Total      Average      Minimum      Maximum
PLUMED:                                                    1     2.944029     2.944029     2.944029     2.944029
PLUMED: 1 Prepare dependencies                         80001     0.164943     0.000002     0.000001     0.000011
PLUMED: 2 Sharing data                                 80001     0.449525     0.000006     0.000003     0.000026
PLUMED: 3 Waiting for data                             80001     0.023014     0.000000     0.000000     0.000018
PLUMED: 4 Calculating (forward loop)                   80001     1.132931     0.000014     0.000009     0.000028
PLUMED: 5 Applying (backward loop)                     80001     0.451710     0.000006     0.000004     0.000020
PLUMED: 6 Update                                       80001     0.054546     0.000001     0.000000     0.000132
PLUMED:                                               Cycles        Total      Average      Minimum      Maximum
PLUMED:                                                    1     3.444450     3.444450     3.444450     3.444450
PLUMED: 1 Prepare dependencies                         80001     0.208171     0.000003     0.000001     0.000039
PLUMED: 2 Sharing data                                 80001     0.551301     0.000007     0.000003     0.000021
PLUMED: 3 Waiting for data                             80001     0.026312     0.000000     0.000000     0.000025
PLUMED: 4 Calculating (forward loop)                   80001     1.302135     0.000016     0.000010     0.000036
PLUMED: 5 Applying (backward loop)                     80001     0.505544     0.000006     0.000004     0.000017
PLUMED: 6 Update                                       80001     0.057744     0.000001     0.000000     0.000172
PLUMED:                                               Cycles        Total      Average      Minimum      Maximum
PLUMED:                                                    1     3.254212     3.254212     3.254212     3.254212
PLUMED: 1 Prepare dependencies                         80001     0.191519     0.000002     0.000001     0.000012
PLUMED: 2 Sharing data                                 80001     0.515190     0.000006     0.000003     0.000017
PLUMED: 3 Waiting for data                             80001     0.025096     0.000000     0.000000     0.000009
PLUMED: 4 Calculating (forward loop)                   80001     1.235820     0.000015     0.000010     0.000049
PLUMED: 5 Applying (backward loop)                     80001     0.477720     0.000006     0.000004     0.000016
PLUMED: 6 Update                                       80001     0.057156     0.000001     0.000000     0.000165
PLUMED:                                               Cycles        Total      Average      Minimum      Maximum
PLUMED:                                                    1     3.229234     3.229234     3.229234     3.229234
PLUMED: 1 Prepare dependencies                         80001     0.193940     0.000002     0.000001     0.000012
PLUMED: 2 Sharing data                                 80001     0.505637     0.000006     0.000003     0.000022
PLUMED: 3 Waiting for data                             80001     0.025204     0.000000     0.000000     0.000007
PLUMED: 4 Calculating (forward loop)                   80001     1.219026     0.000015     0.000010     0.000079
PLUMED: 5 Applying (backward loop)                     80001     0.478220     0.000006     0.000004     0.000025
PLUMED: 6 Update                                       80001     0.056790     0.000001     0.000000     0.000167
PLUMED:                                               Cycles        Total      Average      Minimum      Maximum
PLUMED:                                                    1     3.421499     3.421499     3.421499     3.421499
PLUMED: 1 Prepare dependencies                         80001     0.198521     0.000002     0.000001     0.000016
PLUMED: 2 Sharing data                                 80001     0.542919     0.000007     0.000003     0.000022
PLUMED: 3 Waiting for data                             80001     0.026545     0.000000     0.000000     0.000007
PLUMED: 4 Calculating (forward loop)                   80001     1.304637     0.000016     0.000010     0.000038
PLUMED: 5 Applying (backward loop)                     80001     0.494869     0.000006     0.000004     0.000041
PLUMED: 6 Update                                  /home/ekempke/miniconda3/envs/mace/lib/python3.12/site-packages/mace/calculators/mace.py:143: UserWarning:Environment variable TORCH_FORCE_NO_WEIGHTS_ONLY_LOAD detected, since the`weights_only` argument was not explicitly passed to `torch.load`, forcing weights_only=False.
+++ Loading the PLUMED kernel runtime +++
+++ PLUMED_KERNEL="/home/ekempke/miniconda3/envs/mace/lib/libplumedKernel.so" +++
      80001     0.057743     0.000001     0.000000     0.000167
PLUMED:                                               Cycles        Total      Average      Minimum      Maximum
PLUMED:                                                    1     3.304140     3.304140     3.304140     3.304140
PLUMED: 1 Prepare dependencies                         80001     0.199824     0.000002     0.000001     0.000017
PLUMED: 2 Sharing data                                 80001     0.523195     0.000007     0.000003     0.000019
PLUMED: 3 Waiting for data                             80001     0.025472     0.000000     0.000000     0.000007
PLUMED: 4 Calculating (forward loop)                   80001     1.239786     0.000015     0.000010     0.000037
PLUMED: 5 Applying (backward loop)                     80001     0.490480     0.000006     0.000004     0.000021
PLUMED: 6 Update                                       80001     0.057130     0.000001     0.000000     0.000167
PLUMED: PLUMED is starting
PLUMED: Version: 2.8.0 (git: Unknown) compiled on Feb 23 2022 at 09:52:46
PLUMED: Please cite these papers when using PLUMED [1][2]
PLUMED: For further information see the PLUMED web page at http://www.plumed.org
PLUMED: Root: /home/ekempke/miniconda3/envs/mace/lib/plumed
PLUMED: For installed feature, see /home/ekempke/miniconda3/envs/mace/lib/plumed/src/config/config.txt
PLUMED: Molecular dynamics engine: ASE
PLUMED: Precision of reals: 8
PLUMED: Running over 1 node
PLUMED: Number of threads: 1
PLUMED: Cache line size: 512
PLUMED: Number of atoms: 9
PLUMED: File suffix: 
PLUMED: Timestep: 0.000500
PLUMED: KbT: 96.485333
PLUMED: Relevant bibliography:
PLUMED:   [1] The PLUMED consortium, Nat. Methods 16, 670 (2019)
PLUMED:   [2] Tribello, Bonomi, Branduardi, Camilloni, and Bussi, Comput. Phys. Commun. 185, 604 (2014)
PLUMED: Please read and cite where appropriate!
PLUMED: Finished setup
PLUMED: Action UNITS
PLUMED:   with label @0
PLUMED:   length: A = 0.1 nm
PLUMED:   energy: kcal/mol = 4.184 kj/mol
PLUMED:   time: ps
PLUMED:   charge: e
PLUMED:   mass: amu
PLUMED:   using physical units
PLUMED:   inside PLUMED, Boltzmann constant is 0.0019872
PLUMED: Action DISTANCE
PLUMED:   with label d1
PLUMED:   between atoms 1 4
PLUMED:   without periodic boundary conditions
PLUMED: Action DISTANCE
PLUMED:   with label d2
PLUMED:   between atoms 1 5
PLUMED:   without periodic boundary conditions
PLUMED: Action COMBINE
PLUMED:   with label rc
PLUMED:   with arguments d1 d2
PLUMED:   with coefficients: -1.000000 1.000000
PLUMED:   with parameters: 0.000000 0.000000
PLUMED:   and powers: 1.000000 1.000000
PLUMED: Action MOVINGRESTRAINT
PLUMED:   with label steer
PLUMED:   with arguments d1 d2
PLUMED:   added component to this action:  steer.bias 
PLUMED:   step0 1000
PLUMED:   at 2.640000 1.840000
PLUMED:   with force constant 1000.000000 100.000000
PLUMED:   step1 5000
PLUMED:   at 1.308475 2.145763
PLUMED:   with force constant 1000.000000 100.000000
PLUMED:   added component to this action:  steer.force2 
PLUMED:   added component to this action:  steer.d1_cntr 
PLUMED:   added component to this action:  steer.d1_work 
PLUMED:   added component to this action:  steer.d1_kappa 
PLUMED:   added component to this action:  steer.d2_cntr 
PLUMED:   added component to this action:  steer.d2_work 
PLUMED:   added component to this action:  steer.d2_kappa 
PLUMED:   added component to this action:  steer.work 
PLUMED:   Bibliography [1]
PLUMED: Relevant bibliography:
PLUMED:   [1] Grubmuller, Heymann, and Tavan, Science 271, 997 (1996)
PLUMED: Please read and cite where appropriate!
PLUMED: Action ENERGY
PLUMED:   with label ener
PLUMED:   Bibliography [1][2]
PLUMED: Relevant bibliography:
PLUMED:   [1] Bartels and Karplus, J. Phys. Chem. B 102, 865 (1998)
PLUMED:   [2] Bonomi and Parrinello, J. Comp. Chem. 30, 1615 (2009)
PLUMED: Please read and cite where appropriate!
PLUMED: Action ANGLE
PLUMED:   with label an
PLUMED:   between lines 1-2 and 4-5
PLUMED:   without periodic boundary conditions
PLUMED: Action RESTRAINT
PLUMED:   with label res
PLUMED:   with arguments an
PLUMED:   added component to this action:  res.bias 
PLUMED:   at 1.570796
PLUMED:   with harmonic force constant 100.000000
PLUMED:   and linear force constant 0.000000
PLUMED:   added component to this action:  res.force2 
PLUMED: Action ANGLE
PLUMED:   with label an2
PLUMED:   between atoms 1 5 4
PLUMED:   without periodic boundary conditions
PLUMED: Action RESTRAINT
PLUMED:   with label res2
PLUMED:   with arguments an2
PLUMED:   added component to this action:  res2.bias 
PLUMED:   at 0.000000
PLUMED:   with harmonic force constant 100.000000
PLUMED:   and linear force constant 0.000000
PLUMED:   added component to this action:  res2.force2 
PLUMED: Action PRINT
PLUMED:   with label @10
PLUMED:   with stride 100
PLUMED:   with arguments d1 d2 rc steer.bias steer.force2 steer.d1_cntr steer.d1_work steer.d1_kappa steer.d2_cntr steer.d2_work steer.d2_kappa steer.work ener an res.bias res.force2 an2 res2.bias res2.force2
PLUMED:   on file colvars/COLVAR_1.3084745762711865_2.145762711864407
PLUMED:   with format  %f
PLUMED: Action FLUSH
PLUMED:   with label @11
PLUMED:   with stride 500

# Integration error:        24.31

 -------------- BaysOpt loop, query 34 ---------------
going to run a simulation at 2.145762711864407 1.3084745762711865 
Using head Default out of ['Default']
No dtype selected, switching to float64 to match model dtype.
# Integrating             - Simpson's rule + Real Space Grid Mini  /home/ekempke/miniconda3/envs/mace/lib/python3.12/site-packages/mace/calculators/mace.py:143: UserWarning:Environment variable TORCH_FORCE_NO_WEIGHTS_ONLY_LOAD detected, since the`weights_only` argument was not explicitly passed to `torch.load`, forcing weights_only=False.
+++ Loading the PLUMED kernel runtime +++
+++ PLUMED_KERNEL="/home/ekempke/miniconda3/envs/mace/lib/libplumedKernel.so" +++
PLUMED: PLUMED is starting
PLUMED: Version: 2.8.0 (git: Unknown) compiled on Feb 23 2022 at 09:52:46
PLUMED: Please cite these papers when using PLUMED [1][2]
PLUMED: For further information see the PLUMED web page at http://www.plumed.org
PLUMED: Root: /home/ekempke/miniconda3/envs/mace/lib/plumed
PLUMED: For installed feature, see /home/ekempke/miniconda3/envs/mace/lib/plumed/src/config/config.txt
PLUMED: Molecular dynamics engine: ASE
PLUMED: Precision of reals: 8
PLUMED: Running over 1 node
PLUMED: Number of threads: 1
PLUMED: Cache line size: 512
PLUMED: Number of atoms: 9
PLUMED: File suffix: 
PLUMED: Timestep: 0.000500
PLUMED: KbT: 96.485333
PLUMED: Relevant bibliography:
PLUMED:   [1] The PLUMED consortium, Nat. Methods 16, 670 (2019)
PLUMED:   [2] Tribello, Bonomi, Branduardi, Camilloni, and Bussi, Comput. Phys. Commun. 185, 604 (2014)
PLUMED: Please read and cite where appropriate!
PLUMED: Finished setup
PLUMED: Action UNITS
PLUMED:   with label @0
PLUMED:   length: A = 0.1 nm
PLUMED:   energy: kcal/mol = 4.184 kj/mol
PLUMED:   time: ps
PLUMED:   charge: e
PLUMED:   mass: amu
PLUMED:   using physical units
PLUMED:   inside PLUMED, Boltzmann constant is 0.0019872
PLUMED: Action DISTANCE
PLUMED:   with label d1
PLUMED:   between atoms 1 4
PLUMED:   without periodic boundary conditions
PLUMED: Action DISTANCE
PLUMED:   with label d2
PLUMED:   between atoms 1 5
PLUMED:   without periodic boundary conditions
PLUMED: Action COMBINE
PLUMED:   with label rc
PLUMED:   with arguments d1 d2
PLUMED:   with coefficients: -1.000000 1.000000
PLUMED:   with parameters: 0.000000 0.000000
PLUMED:   and powers: 1.000000 1.000000
PLUMED: Action MOVINGRESTRAINT
PLUMED:   with label steer
PLUMED:   with arguments d1 d2
PLUMED:   added component to this action:  steer.bias 
PLUMED:   step0 1000
PLUMED:   at 2.640000 1.840000
PLUMED:   with force constant 1000.000000 100.000000
PLUMED:   step1 5000
PLUMED:   at 2.366102 2.750847
PLUMED:   with force constant 1000.000000 100.000000
PLUMED:   added component to this action:  steer.force2 
PLUMED:   added component to this action:  steer.d1_cntr 
PLUMED:   added component to this action:  steer.d1_work 
PLUMED:   added component to this action:  steer.d1_kappa 
PLUMED:   added component to this action:  steer.d2_cntr 
PLUMED:   added component to this action:  steer.d2_work 
PLUMED:   added component to this action:  steer.d2_kappa 
PLUMED:   added component to this action:  steer.work 
PLUMED:   Bibliography [1]
PLUMED: Relevant bibliography:
PLUMED:   [1] Grubmuller, Heymann, and Tavan, Science 271, 997 (1996)
PLUMED: Please read and cite where appropriate!
PLUMED: Action ENERGY
PLUMED:   with label ener
PLUMED:   Bibliography [1][2]
PLUMED: Relevant bibliography:
PLUMED:   [1] Bartels and Karplus, J. Phys. Chem. B 102, 865 (1998)
PLUMED:   [2] Bonomi and Parrinello, J. Comp. Chem. 30, 1615 (2009)
PLUMED: Please read and cite where appropriate!
PLUMED: Action ANGLE
PLUMED:   with label an
PLUMED:   between lines 1-2 and 4-5
PLUMED:   without periodic boundary conditions
PLUMED: Action RESTRAINT
PLUMED:   with label res
PLUMED:   with arguments an
PLUMED:   added component to this action:  res.bias 
PLUMED:   at 1.570796
PLUMED:   with harmonic force constant 100.000000
PLUMED:   and linear force constant 0.000000
PLUMED:   added component to this action:  res.force2 
PLUMED: Action ANGLE
PLUMED:   with label an2
PLUMED:   between atoms 1 5 4
PLUMED:   without periodic boundary conditions
PLUMED: Action RESTRAINT
PLUMED:   with label res2
PLUMED:   with arguments an2
PLUMED:   added component to this action:  res2.bias 
PLUMED:   at 0.000000
PLUMED:   with harmonic force constant 100.000000
PLUMED:   and linear force constant 0.000000
PLUMED:   added component to this action:  res2.force2 
PLUMED: Action PRINT
PLUMED:   with label @10
PLUMED:   with stride 100
PLUMED:   with arguments d1 d2 rc steer.bias steer.force2 steer.d1_cntr steer.d1_work steer.d1_kappa steer.d2_cntr steer.d2_work steer.d2_kappa steer.work ener an res.bias res.force2 an2 res2.bias res2.force2
PLUMED:   on file colvars/COLVAR_2.3661016949152542_2.7508474576271187
PLUMED:   with format  %f
PLUMED: Action FLUSH
PLUMED:   with label @11
PLUMED:   with stride 500

# Integration error:        27.87

 -------------- BaysOpt loop, query 35 ---------------
going to run a simulation at 2.7508474576271187 2.3661016949152542 
Using head Default out of ['Default']
No dtype selected, switching to float64 to match model dtype.
# Integrating             - Simpson's rule + Real Space Grid Mini  /home/ekempke/miniconda3/envs/mace/lib/python3.12/site-packages/mace/calculators/mace.py:143: UserWarning:Environment variable TORCH_FORCE_NO_WEIGHTS_ONLY_LOAD detected, since the`weights_only` argument was not explicitly passed to `torch.load`, forcing weights_only=False.
+++ Loading the PLUMED kernel runtime +++
+++ PLUMED_KERNEL="/home/ekempke/miniconda3/envs/mace/lib/libplumedKernel.so" +++
PLUMED: PLUMED is starting
PLUMED: Version: 2.8.0 (git: Unknown) compiled on Feb 23 2022 at 09:52:46
PLUMED: Please cite these papers when using PLUMED [1][2]
PLUMED: For further information see the PLUMED web page at http://www.plumed.org
PLUMED: Root: /home/ekempke/miniconda3/envs/mace/lib/plumed
PLUMED: For installed feature, see /home/ekempke/miniconda3/envs/mace/lib/plumed/src/config/config.txt
PLUMED: Molecular dynamics engine: ASE
PLUMED: Precision of reals: 8
PLUMED: Running over 1 node
PLUMED: Number of threads: 1
PLUMED: Cache line size: 512
PLUMED: Number of atoms: 9
PLUMED: File suffix: 
PLUMED: Timestep: 0.000500
PLUMED: KbT: 96.485333
PLUMED: Relevant bibliography:
PLUMED:   [1] The PLUMED consortium, Nat. Methods 16, 670 (2019)
PLUMED:   [2] Tribello, Bonomi, Branduardi, Camilloni, and Bussi, Comput. Phys. Commun. 185, 604 (2014)
PLUMED: Please read and cite where appropriate!
PLUMED: Finished setup
PLUMED: Action UNITS
PLUMED:   with label @0
PLUMED:   length: A = 0.1 nm
PLUMED:   energy: kcal/mol = 4.184 kj/mol
PLUMED:   time: ps
PLUMED:   charge: e
PLUMED:   mass: amu
PLUMED:   using physical units
PLUMED:   inside PLUMED, Boltzmann constant is 0.0019872
PLUMED: Action DISTANCE
PLUMED:   with label d1
PLUMED:   between atoms 1 4
PLUMED:   without periodic boundary conditions
PLUMED: Action DISTANCE
PLUMED:   with label d2
PLUMED:   between atoms 1 5
PLUMED:   without periodic boundary conditions
PLUMED: Action COMBINE
PLUMED:   with label rc
PLUMED:   with arguments d1 d2
PLUMED:   with coefficients: -1.000000 1.000000
PLUMED:   with parameters: 0.000000 0.000000
PLUMED:   and powers: 1.000000 1.000000
PLUMED: Action MOVINGRESTRAINT
PLUMED:   with label steer
PLUMED:   with arguments d1 d2
PLUMED:   added component to this action:  steer.bias 
PLUMED:   step0 1000
PLUMED:   at 2.640000 1.840000
PLUMED:   with force constant 1000.000000 100.000000
PLUMED:   step1 5000
PLUMED:   at 2.718644 3.096610
PLUMED:   with force constant 1000.000000 100.000000
PLUMED:   added component to this action:  steer.force2 
PLUMED:   added component to this action:  steer.d1_cntr 
PLUMED:   added component to this action:  steer.d1_work 
PLUMED:   added component to this action:  steer.d1_kappa 
PLUMED:   added component to this action:  steer.d2_cntr 
PLUMED:   added component to this action:  steer.d2_work 
PLUMED:   added component to this action:  steer.d2_kappa 
PLUMED:   added component to this action:  steer.work 
PLUMED:   Bibliography [1]
PLUMED: Relevant bibliography:
PLUMED:   [1] Grubmuller, Heymann, and Tavan, Science 271, 997 (1996)
PLUMED: Please read and cite where appropriate!
PLUMED: Action ENERGY
PLUMED:   with label ener
PLUMED:   Bibliography [1][2]
PLUMED: Relevant bibliography:
PLUMED:   [1] Bartels and Karplus, J. Phys. Chem. B 102, 865 (1998)
PLUMED:   [2] Bonomi and Parrinello, J. Comp. Chem. 30, 1615 (2009)
PLUMED: Please read and cite where appropriate!
PLUMED: Action ANGLE
PLUMED:   with label an
PLUMED:   between lines 1-2 and 4-5
PLUMED:   without periodic boundary conditions
PLUMED: Action RESTRAINT
PLUMED:   with label res
PLUMED:   with arguments an
PLUMED:   added component to this action:  res.bias 
PLUMED:   at 1.570796
PLUMED:   with harmonic force constant 100.000000
PLUMED:   and linear force constant 0.000000
PLUMED:   added component to this action:  res.force2 
PLUMED: Action ANGLE
PLUMED:   with label an2
PLUMED:   between atoms 1 5 4
PLUMED:   without periodic boundary conditions
PLUMED: Action RESTRAINT
PLUMED:   with label res2
PLUMED:   with arguments an2
PLUMED:   added component to this action:  res2.bias 
PLUMED:   at 0.000000
PLUMED:   with harmonic force constant 100.000000
PLUMED:   and linear force constant 0.000000
PLUMED:   added component to this action:  res2.force2 
PLUMED: Action PRINT
PLUMED:   with label @10
PLUMED:   with stride 100
PLUMED:   with arguments d1 d2 rc steer.bias steer.force2 steer.d1_cntr steer.d1_work steer.d1_kappa steer.d2_cntr steer.d2_work steer.d2_kappa steer.work ener an res.bias res.force2 an2 res2.bias res2.force2
PLUMED:   on file colvars/COLVAR_2.7186440677966104_3.096610169491526
PLUMED:   with format  %f
PLUMED: Action FLUSH
PLUMED:   with label @11
PLUMED:   with stride 500

# Integration error:        27.21

 -------------- BaysOpt loop, query 36 ---------------
going to run a simulation at 3.096610169491526 2.7186440677966104 
Using head Default out of ['Default']
No dtype selected, switching to float64 to match model dtype.
# Integrating             - Simpson's rule + Real Space Grid Mini  /home/ekempke/miniconda3/envs/mace/lib/python3.12/site-packages/mace/calculators/mace.py:143: UserWarning:Environment variable TORCH_FORCE_NO_WEIGHTS_ONLY_LOAD detected, since the`weights_only` argument was not explicitly passed to `torch.load`, forcing weights_only=False.
+++ Loading the PLUMED kernel runtime +++
+++ PLUMED_KERNEL="/home/ekempke/miniconda3/envs/mace/lib/libplumedKernel.so" +++
PLUMED: PLUMED is starting
PLUMED: Version: 2.8.0 (git: Unknown) compiled on Feb 23 2022 at 09:52:46
PLUMED: Please cite these papers when using PLUMED [1][2]
PLUMED: For further information see the PLUMED web page at http://www.plumed.org
PLUMED: Root: /home/ekempke/miniconda3/envs/mace/lib/plumed
PLUMED: For installed feature, see /home/ekempke/miniconda3/envs/mace/lib/plumed/src/config/config.txt
PLUMED: Molecular dynamics engine: ASE
PLUMED: Precision of reals: 8
PLUMED: Running over 1 node
PLUMED: Number of threads: 1
PLUMED: Cache line size: 512
PLUMED: Number of atoms: 9
PLUMED: File suffix: 
PLUMED: Timestep: 0.000500
PLUMED: KbT: 96.485333
PLUMED: Relevant bibliography:
PLUMED:   [1] The PLUMED consortium, Nat. Methods 16, 670 (2019)
PLUMED:   [2] Tribello, Bonomi, Branduardi, Camilloni, and Bussi, Comput. Phys. Commun. 185, 604 (2014)
PLUMED: Please read and cite where appropriate!
PLUMED: Finished setup
PLUMED: Action UNITS
PLUMED:   with label @0
PLUMED:   length: A = 0.1 nm
PLUMED:   energy: kcal/mol = 4.184 kj/mol
PLUMED:   time: ps
PLUMED:   charge: e
PLUMED:   mass: amu
PLUMED:   using physical units
PLUMED:   inside PLUMED, Boltzmann constant is 0.0019872
PLUMED: Action DISTANCE
PLUMED:   with label d1
PLUMED:   between atoms 1 4
PLUMED:   without periodic boundary conditions
PLUMED: Action DISTANCE
PLUMED:   with label d2
PLUMED:   between atoms 1 5
PLUMED:   without periodic boundary conditions
PLUMED: Action COMBINE
PLUMED:   with label rc
PLUMED:   with arguments d1 d2
PLUMED:   with coefficients: -1.000000 1.000000
PLUMED:   with parameters: 0.000000 0.000000
PLUMED:   and powers: 1.000000 1.000000
PLUMED: Action MOVINGRESTRAINT
PLUMED:   with label steer
PLUMED:   with arguments d1 d2
PLUMED:   added component to this action:  steer.bias 
PLUMED:   step0 1000
PLUMED:   at 2.640000 1.840000
PLUMED:   with force constant 1000.000000 100.000000
PLUMED:   step1 5000
PLUMED:   at 2.013559 2.376271
PLUMED:   with force constant 1000.000000 100.000000
PLUMED:   added component to this action:  steer.force2 
PLUMED:   added component to this action:  steer.d1_cntr 
PLUMED:   added component to this action:  steer.d1_work 
PLUMED:   added component to this action:  steer.d1_kappa 
PLUMED:   added component to this action:  steer.d2_cntr 
PLUMED:   added component to this action:  steer.d2_work 
PLUMED:   added component to this action:  steer.d2_kappa 
PLUMED:   added component to this action:  steer.work 
PLUMED:   Bibliography [1]
PLUMED: Relevant bibliography:
PLUMED:   [1] Grubmuller, Heymann, and Tavan, Science 271, 997 (1996)
PLUMED: Please read and cite where appropriate!
PLUMED: Action ENERGY
PLUMED:   with label ener
PLUMED:   Bibliography [1][2]
PLUMED: Relevant bibliography:
PLUMED:   [1] Bartels and Karplus, J. Phys. Chem. B 102, 865 (1998)
PLUMED:   [2] Bonomi and Parrinello, J. Comp. Chem. 30, 1615 (2009)
PLUMED: Please read and cite where appropriate!
PLUMED: Action ANGLE
PLUMED:   with label an
PLUMED:   between lines 1-2 and 4-5
PLUMED:   without periodic boundary conditions
PLUMED: Action RESTRAINT
PLUMED:   with label res
PLUMED:   with arguments an
PLUMED:   added component to this action:  res.bias 
PLUMED:   at 1.570796
PLUMED:   with harmonic force constant 100.000000
PLUMED:   and linear force constant 0.000000
PLUMED:   added component to this action:  res.force2 
PLUMED: Action ANGLE
PLUMED:   with label an2
PLUMED:   between atoms 1 5 4
PLUMED:   without periodic boundary conditions
PLUMED: Action RESTRAINT
PLUMED:   with label res2
PLUMED:   with arguments an2
PLUMED:   added component to this action:  res2.bias 
PLUMED:   at 0.000000
PLUMED:   with harmonic force constant 100.000000
PLUMED:   and linear force constant 0.000000
PLUMED:   added component to this action:  res2.force2 
PLUMED: Action PRINT
PLUMED:   with label @10
PLUMED:   with stride 100
PLUMED:   with arguments d1 d2 rc steer.bias steer.force2 steer.d1_cntr steer.d1_work steer.d1_kappa steer.d2_cntr steer.d2_work steer.d2_kappa steer.work ener an res.bias res.force2 an2 res2.bias res2.force2
PLUMED:   on file colvars/COLVAR_2.013559322033898_2.376271186440678
PLUMED:   with format  %f
PLUMED: Action FLUSH
PLUMED:   with label @11
PLUMED:   with stride 500

# Integration error:        27.30

 -------------- BaysOpt loop, query 37 ---------------
going to run a simulation at 2.376271186440678 2.013559322033898 
Using head Default out of ['Default']
No dtype selected, switching to float64 to match model dtype.
# Integrating             - Simpson's rule + Real Space Grid Mini  /home/ekempke/miniconda3/envs/mace/lib/python3.12/site-packages/mace/calculators/mace.py:143: UserWarning:Environment variable TORCH_FORCE_NO_WEIGHTS_ONLY_LOAD detected, since the`weights_only` argument was not explicitly passed to `torch.load`, forcing weights_only=False.
+++ Loading the PLUMED kernel runtime +++
+++ PLUMED_KERNEL="/home/ekempke/miniconda3/envs/mace/lib/libplumedKernel.so" +++
PLUMED: PLUMED is starting
PLUMED: Version: 2.8.0 (git: Unknown) compiled on Feb 23 2022 at 09:52:46
PLUMED: Please cite these papers when using PLUMED [1][2]
PLUMED: For further information see the PLUMED web page at http://www.plumed.org
PLUMED: Root: /home/ekempke/miniconda3/envs/mace/lib/plumed
PLUMED: For installed feature, see /home/ekempke/miniconda3/envs/mace/lib/plumed/src/config/config.txt
PLUMED: Molecular dynamics engine: ASE
PLUMED: Precision of reals: 8
PLUMED: Running over 1 node
PLUMED: Number of threads: 1
PLUMED: Cache line size: 512
PLUMED: Number of atoms: 9
PLUMED: File suffix: 
PLUMED: Timestep: 0.000500
PLUMED: KbT: 96.485333
PLUMED: Relevant bibliography:
PLUMED:   [1] The PLUMED consortium, Nat. Methods 16, 670 (2019)
PLUMED:   [2] Tribello, Bonomi, Branduardi, Camilloni, and Bussi, Comput. Phys. Commun. 185, 604 (2014)
PLUMED: Please read and cite where appropriate!
PLUMED: Finished setup
PLUMED: Action UNITS
PLUMED:   with label @0
PLUMED:   length: A = 0.1 nm
PLUMED:   energy: kcal/mol = 4.184 kj/mol
PLUMED:   time: ps
PLUMED:   charge: e
PLUMED:   mass: amu
PLUMED:   using physical units
PLUMED:   inside PLUMED, Boltzmann constant is 0.0019872
PLUMED: Action DISTANCE
PLUMED:   with label d1
PLUMED:   between atoms 1 4
PLUMED:   without periodic boundary conditions
PLUMED: Action DISTANCE
PLUMED:   with label d2
PLUMED:   between atoms 1 5
PLUMED:   without periodic boundary conditions
PLUMED: Action COMBINE
PLUMED:   with label rc
PLUMED:   with arguments d1 d2
PLUMED:   with coefficients: -1.000000 1.000000
PLUMED:   with parameters: 0.000000 0.000000
PLUMED:   and powers: 1.000000 1.000000
PLUMED: Action MOVINGRESTRAINT
PLUMED:   with label steer
PLUMED:   with arguments d1 d2
PLUMED:   added component to this action:  steer.bias 
PLUMED:   step0 1000
PLUMED:   at 2.640000 1.840000
PLUMED:   with force constant 1000.000000 100.000000
PLUMED:   step1 5000
PLUMED:   at 1.769492 2.635593
PLUMED:   with force constant 1000.000000 100.000000
PLUMED:   added component to this action:  steer.force2 
PLUMED:   added component to this action:  steer.d1_cntr 
PLUMED:   added component to this action:  steer.d1_work 
PLUMED:   added component to this action:  steer.d1_kappa 
PLUMED:   added component to this action:  steer.d2_cntr 
PLUMED:   added component to this action:  steer.d2_work 
PLUMED:   added component to this action:  steer.d2_kappa 
PLUMED:   added component to this action:  steer.work 
PLUMED:   Bibliography [1]
PLUMED: Relevant bibliography:
PLUMED:   [1] Grubmuller, Heymann, and Tavan, Science 271, 997 (1996)
PLUMED: Please read and cite where appropriate!
PLUMED: Action ENERGY
PLUMED:   with label ener
PLUMED:   Bibliography [1][2]
PLUMED: Relevant bibliography:
PLUMED:   [1] Bartels and Karplus, J. Phys. Chem. B 102, 865 (1998)
PLUMED:   [2] Bonomi and Parrinello, J. Comp. Chem. 30, 1615 (2009)
PLUMED: Please read and cite where appropriate!
PLUMED: Action ANGLE
PLUMED:   with label an
PLUMED:   between lines 1-2 and 4-5
PLUMED:   without periodic boundary conditions
PLUMED: Action RESTRAINT
PLUMED:   with label res
PLUMED:   with arguments an
PLUMED:   added component to this action:  res.bias 
PLUMED:   at 1.570796
PLUMED:   with harmonic force constant 100.000000
PLUMED:   and linear force constant 0.000000
PLUMED:   added component to this action:  res.force2 
PLUMED: Action ANGLE
PLUMED:   with label an2
PLUMED:   between atoms 1 5 4
PLUMED:   without periodic boundary conditions
PLUMED: Action RESTRAINT
PLUMED:   with label res2
PLUMED:   with arguments an2
PLUMED:   added component to this action:  res2.bias 
PLUMED:   at 0.000000
PLUMED:   with harmonic force constant 100.000000
PLUMED:   and linear force constant 0.000000
PLUMED:   added component to this action:  res2.force2 
PLUMED: Action PRINT
PLUMED:   with label @10
PLUMED:   with stride 100
PLUMED:   with arguments d1 d2 rc steer.bias steer.force2 steer.d1_cntr steer.d1_work steer.d1_kappa steer.d2_cntr steer.d2_work steer.d2_kappa steer.work ener an res.bias res.force2 an2 res2.bias res2.force2
PLUMED:   on file colvars/COLVAR_1.769491525423729_2.635593220338983
PLUMED:   with format  %f
PLUMED: Action FLUSH
PLUMED:   with label @11
PLUMED:   with stride 500

# Integration error:        27.91

 -------------- BaysOpt loop, query 38 ---------------
going to run a simulation at 2.635593220338983 1.769491525423729 
Using head Default out of ['Default']
No dtype selected, switching to float64 to match model dtype.
# Integrating             - Simpson's rule + Real Space Grid Mini  /home/ekempke/miniconda3/envs/mace/lib/python3.12/site-packages/mace/calculators/mace.py:143: UserWarning:Environment variable TORCH_FORCE_NO_WEIGHTS_ONLY_LOAD detected, since the`weights_only` argument was not explicitly passed to `torch.load`, forcing weights_only=False.
+++ Loading the PLUMED kernel runtime +++
+++ PLUMED_KERNEL="/home/ekempke/miniconda3/envs/mace/lib/libplumedKernel.so" +++
PLUMED: PLUMED is starting
PLUMED: Version: 2.8.0 (git: Unknown) compiled on Feb 23 2022 at 09:52:46
PLUMED: Please cite these papers when using PLUMED [1][2]
PLUMED: For further information see the PLUMED web page at http://www.plumed.org
PLUMED: Root: /home/ekempke/miniconda3/envs/mace/lib/plumed
PLUMED: For installed feature, see /home/ekempke/miniconda3/envs/mace/lib/plumed/src/config/config.txt
PLUMED: Molecular dynamics engine: ASE
PLUMED: Precision of reals: 8
PLUMED: Running over 1 node
PLUMED: Number of threads: 1
PLUMED: Cache line size: 512
PLUMED: Number of atoms: 9
PLUMED: File suffix: 
PLUMED: Timestep: 0.000500
PLUMED: KbT: 96.485333
PLUMED: Relevant bibliography:
PLUMED:   [1] The PLUMED consortium, Nat. Methods 16, 670 (2019)
PLUMED:   [2] Tribello, Bonomi, Branduardi, Camilloni, and Bussi, Comput. Phys. Commun. 185, 604 (2014)
PLUMED: Please read and cite where appropriate!
PLUMED: Finished setup
PLUMED: Action UNITS
PLUMED:   with label @0
PLUMED:   length: A = 0.1 nm
PLUMED:   energy: kcal/mol = 4.184 kj/mol
PLUMED:   time: ps
PLUMED:   charge: e
PLUMED:   mass: amu
PLUMED:   using physical units
PLUMED:   inside PLUMED, Boltzmann constant is 0.0019872
PLUMED: Action DISTANCE
PLUMED:   with label d1
PLUMED:   between atoms 1 4
PLUMED:   without periodic boundary conditions
PLUMED: Action DISTANCE
PLUMED:   with label d2
PLUMED:   between atoms 1 5
PLUMED:   without periodic boundary conditions
PLUMED: Action COMBINE
PLUMED:   with label rc
PLUMED:   with arguments d1 d2
PLUMED:   with coefficients: -1.000000 1.000000
PLUMED:   with parameters: 0.000000 0.000000
PLUMED:   and powers: 1.000000 1.000000
PLUMED: Action MOVINGRESTRAINT
PLUMED:   with label steer
PLUMED:   with arguments d1 d2
PLUMED:   added component to this action:  steer.bias 
PLUMED:   step0 1000
PLUMED:   at 2.640000 1.840000
PLUMED:   with force constant 1000.000000 100.000000
PLUMED:   step1 5000
PLUMED:   at 2.067797 2.779661
PLUMED:   with force constant 1000.000000 100.000000
PLUMED:   added component to this action:  steer.force2 
PLUMED:   added component to this action:  steer.d1_cntr 
PLUMED:   added component to this action:  steer.d1_work 
PLUMED:   added component to this action:  steer.d1_kappa 
PLUMED:   added component to this action:  steer.d2_cntr 
PLUMED:   added component to this action:  steer.d2_work 
PLUMED:   added component to this action:  steer.d2_kappa 
PLUMED:   added component to this action:  steer.work 
PLUMED:   Bibliography [1]
PLUMED: Relevant bibliography:
PLUMED:   [1] Grubmuller, Heymann, and Tavan, Science 271, 997 (1996)
PLUMED: Please read and cite where appropriate!
PLUMED: Action ENERGY
PLUMED:   with label ener
PLUMED:   Bibliography [1][2]
PLUMED: Relevant bibliography:
PLUMED:   [1] Bartels and Karplus, J. Phys. Chem. B 102, 865 (1998)
PLUMED:   [2] Bonomi and Parrinello, J. Comp. Chem. 30, 1615 (2009)
PLUMED: Please read and cite where appropriate!
PLUMED: Action ANGLE
PLUMED:   with label an
PLUMED:   between lines 1-2 and 4-5
PLUMED:   without periodic boundary conditions
PLUMED: Action RESTRAINT
PLUMED:   with label res
PLUMED:   with arguments an
PLUMED:   added component to this action:  res.bias 
PLUMED:   at 1.570796
PLUMED:   with harmonic force constant 100.000000
PLUMED:   and linear force constant 0.000000
PLUMED:   added component to this action:  res.force2 
PLUMED: Action ANGLE
PLUMED:   with label an2
PLUMED:   between atoms 1 5 4
PLUMED:   without periodic boundary conditions
PLUMED: Action RESTRAINT
PLUMED:   with label res2
PLUMED:   with arguments an2
PLUMED:   added component to this action:  res2.bias 
PLUMED:   at 0.000000
PLUMED:   with harmonic force constant 100.000000
PLUMED:   and linear force constant 0.000000
PLUMED:   added component to this action:  res2.force2 
PLUMED: Action PRINT
PLUMED:   with label @10
PLUMED:   with stride 100
PLUMED:   with arguments d1 d2 rc steer.bias steer.force2 steer.d1_cntr steer.d1_work steer.d1_kappa steer.d2_cntr steer.d2_work steer.d2_kappa steer.work ener an res.bias res.force2 an2 res2.bias res2.force2
PLUMED:   on file colvars/COLVAR_2.0677966101694913_2.7796610169491527
PLUMED:   with format  %f
PLUMED: Action FLUSH
PLUMED:   with label @11
PLUMED:   with stride 500

# Integration error:        27.93

 -------------- BaysOpt loop, query 39 ---------------
going to run a simulation at 2.7796610169491527 2.0677966101694913 
Using head Default out of ['Default']
No dtype selected, switching to float64 to match model dtype.
# Integrating             - Simpson's rule + Real Space Grid Mini  /home/ekempke/miniconda3/envs/mace/lib/python3.12/site-packages/mace/calculators/mace.py:143: UserWarning:Environment variable TORCH_FORCE_NO_WEIGHTS_ONLY_LOAD detected, since the`weights_only` argument was not explicitly passed to `torch.load`, forcing weights_only=False.
+++ Loading the PLUMED kernel runtime +++
+++ PLUMED_KERNEL="/home/ekempke/miniconda3/envs/mace/lib/libplumedKernel.so" +++
PLUMED: PLUMED is starting
PLUMED: Version: 2.8.0 (git: Unknown) compiled on Feb 23 2022 at 09:52:46
PLUMED: Please cite these papers when using PLUMED [1][2]
PLUMED: For further information see the PLUMED web page at http://www.plumed.org
PLUMED: Root: /home/ekempke/miniconda3/envs/mace/lib/plumed
PLUMED: For installed feature, see /home/ekempke/miniconda3/envs/mace/lib/plumed/src/config/config.txt
PLUMED: Molecular dynamics engine: ASE
PLUMED: Precision of reals: 8
PLUMED: Running over 1 node
PLUMED: Number of threads: 1
PLUMED: Cache line size: 512
PLUMED: Number of atoms: 9
PLUMED: File suffix: 
PLUMED: Timestep: 0.000500
PLUMED: KbT: 96.485333
PLUMED: Relevant bibliography:
PLUMED:   [1] The PLUMED consortium, Nat. Methods 16, 670 (2019)
PLUMED:   [2] Tribello, Bonomi, Branduardi, Camilloni, and Bussi, Comput. Phys. Commun. 185, 604 (2014)
PLUMED: Please read and cite where appropriate!
PLUMED: Finished setup
PLUMED: Action UNITS
PLUMED:   with label @0
PLUMED:   length: A = 0.1 nm
PLUMED:   energy: kcal/mol = 4.184 kj/mol
PLUMED:   time: ps
PLUMED:   charge: e
PLUMED:   mass: amu
PLUMED:   using physical units
PLUMED:   inside PLUMED, Boltzmann constant is 0.0019872
PLUMED: Action DISTANCE
PLUMED:   with label d1
PLUMED:   between atoms 1 4
PLUMED:   without periodic boundary conditions
PLUMED: Action DISTANCE
PLUMED:   with label d2
PLUMED:   between atoms 1 5
PLUMED:   without periodic boundary conditions
PLUMED: Action COMBINE
PLUMED:   with label rc
PLUMED:   with arguments d1 d2
PLUMED:   with coefficients: -1.000000 1.000000
PLUMED:   with parameters: 0.000000 0.000000
PLUMED:   and powers: 1.000000 1.000000
PLUMED: Action MOVINGRESTRAINT
PLUMED:   with label steer
PLUMED:   with arguments d1 d2
PLUMED:   added component to this action:  steer.bias 
PLUMED:   step0 1000
PLUMED:   at 2.640000 1.840000
PLUMED:   with force constant 1000.000000 100.000000
PLUMED:   step1 5000
PLUMED:   at 2.257627 3.125424
PLUMED:   with force constant 1000.000000 100.000000
PLUMED:   added component to this action:  steer.force2 
PLUMED:   added component to this action:  steer.d1_cntr 
PLUMED:   added component to this action:  steer.d1_work 
PLUMED:   added component to this action:  steer.d1_kappa 
PLUMED:   added component to this action:  steer.d2_cntr 
PLUMED:   added component to this action:  steer.d2_work 
PLUMED:   added component to this action:  steer.d2_kappa 
PLUMED:   added component to this action:  steer.work 
PLUMED:   Bibliography [1]
PLUMED: Relevant bibliography:
PLUMED:   [1] Grubmuller, Heymann, and Tavan, Science 271, 997 (1996)
PLUMED: Please read and cite where appropriate!
PLUMED: Action ENERGY
PLUMED:   with label ener
PLUMED:   Bibliography [1][2]
PLUMED: Relevant bibliography:
PLUMED:   [1] Bartels and Karplus, J. Phys. Chem. B 102, 865 (1998)
PLUMED:   [2] Bonomi and Parrinello, J. Comp. Chem. 30, 1615 (2009)
PLUMED: Please read and cite where appropriate!
PLUMED: Action ANGLE
PLUMED:   with label an
PLUMED:   between lines 1-2 and 4-5
PLUMED:   without periodic boundary conditions
PLUMED: Action RESTRAINT
PLUMED:   with label res
PLUMED:   with arguments an
PLUMED:   added component to this action:  res.bias 
PLUMED:   at 1.570796
PLUMED:   with harmonic force constant 100.000000
PLUMED:   and linear force constant 0.000000
PLUMED:   added component to this action:  res.force2 
PLUMED: Action ANGLE
PLUMED:   with label an2
PLUMED:   between atoms 1 5 4
PLUMED:   without periodic boundary conditions
PLUMED: Action RESTRAINT
PLUMED:   with label res2
PLUMED:   with arguments an2
PLUMED:   added component to this action:  res2.bias 
PLUMED:   at 0.000000
PLUMED:   with harmonic force constant 100.000000
PLUMED:   and linear force constant 0.000000
PLUMED:   added component to this action:  res2.force2 
PLUMED: Action PRINT
PLUMED:   with label @10
PLUMED:   with stride 100
PLUMED:   with arguments d1 d2 rc steer.bias steer.force2 steer.d1_cntr steer.d1_work steer.d1_kappa steer.d2_cntr steer.d2_work steer.d2_kappa steer.work ener an res.bias res.force2 an2 res2.bias res2.force2
PLUMED:   on file colvars/COLVAR_2.2576271186440677_3.1254237288135593
PLUMED:   with format  %f
PLUMED: Action FLUSH
PLUMED:   with label @11
PLUMED:   with stride 500

# Integration error:        25.16

 -------------- BaysOpt loop, query 40 ---------------
going to run a simulation at 3.1254237288135593 2.2576271186440677 
Using head Default out of ['Default']
No dtype selected, switching to float64 to match model dtype.
# Integrating             - Simpson's rule + Real Space Grid Mini  /home/ekempke/miniconda3/envs/mace/lib/python3.12/site-packages/mace/calculators/mace.py:143: UserWarning:Environment variable TORCH_FORCE_NO_WEIGHTS_ONLY_LOAD detected, since the`weights_only` argument was not explicitly passed to `torch.load`, forcing weights_only=False.
+++ Loading the PLUMED kernel runtime +++
+++ PLUMED_KERNEL="/home/ekempke/miniconda3/envs/mace/lib/libplumedKernel.so" +++
PLUMED: PLUMED is starting
PLUMED: Version: 2.8.0 (git: Unknown) compiled on Feb 23 2022 at 09:52:46
PLUMED: Please cite these papers when using PLUMED [1][2]
PLUMED: For further information see the PLUMED web page at http://www.plumed.org
PLUMED: Root: /home/ekempke/miniconda3/envs/mace/lib/plumed
PLUMED: For installed feature, see /home/ekempke/miniconda3/envs/mace/lib/plumed/src/config/config.txt
PLUMED: Molecular dynamics engine: ASE
PLUMED: Precision of reals: 8
PLUMED: Running over 1 node
PLUMED: Number of threads: 1
PLUMED: Cache line size: 512
PLUMED: Number of atoms: 9
PLUMED: File suffix: 
PLUMED: Timestep: 0.000500
PLUMED: KbT: 96.485333
PLUMED: Relevant bibliography:
PLUMED:   [1] The PLUMED consortium, Nat. Methods 16, 670 (2019)
PLUMED:   [2] Tribello, Bonomi, Branduardi, Camilloni, and Bussi, Comput. Phys. Commun. 185, 604 (2014)
PLUMED: Please read and cite where appropriate!
PLUMED: Finished setup
PLUMED: Action UNITS
PLUMED:   with label @0
PLUMED:   length: A = 0.1 nm
PLUMED:   energy: kcal/mol = 4.184 kj/mol
PLUMED:   time: ps
PLUMED:   charge: e
PLUMED:   mass: amu
PLUMED:   using physical units
PLUMED:   inside PLUMED, Boltzmann constant is 0.0019872
PLUMED: Action DISTANCE
PLUMED:   with label d1
PLUMED:   between atoms 1 4
PLUMED:   without periodic boundary conditions
PLUMED: Action DISTANCE
PLUMED:   with label d2
PLUMED:   between atoms 1 5
PLUMED:   without periodic boundary conditions
PLUMED: Action COMBINE
PLUMED:   with label rc
PLUMED:   with arguments d1 d2
PLUMED:   with coefficients: -1.000000 1.000000
PLUMED:   with parameters: 0.000000 0.000000
PLUMED:   and powers: 1.000000 1.000000
PLUMED: Action MOVINGRESTRAINT
PLUMED:   with label steer
PLUMED:   with arguments d1 d2
PLUMED:   added component to this action:  steer.bias 
PLUMED:   step0 1000
PLUMED:   at 2.640000 1.840000
PLUMED:   with force constant 1000.000000 100.000000
PLUMED:   step1 5000
PLUMED:   at 2.474576 3.442373
PLUMED:   with force constant 1000.000000 100.000000
PLUMED:   added component to this action:  steer.force2 
PLUMED:   added component to this action:  steer.d1_cntr 
PLUMED:   added component to this action:  steer.d1_work 
PLUMED:   added component to this action:  steer.d1_kappa 
PLUMED:   added component to this action:  steer.d2_cntr 
PLUMED:   added component to this action:  steer.d2_work 
PLUMED:   added component to this action:  steer.d2_kappa 
PLUMED:   added component to this action:  steer.work 
PLUMED:   Bibliography [1]
PLUMED: Relevant bibliography:
PLUMED:   [1] Grubmuller, Heymann, and Tavan, Science 271, 997 (1996)
PLUMED: Please read and cite where appropriate!
PLUMED: Action ENERGY
PLUMED:   with label ener
PLUMED:   Bibliography [1][2]
PLUMED: Relevant bibliography:
PLUMED:   [1] Bartels and Karplus, J. Phys. Chem. B 102, 865 (1998)
PLUMED:   [2] Bonomi and Parrinello, J. Comp. Chem. 30, 1615 (2009)
PLUMED: Please read and cite where appropriate!
PLUMED: Action ANGLE
PLUMED:   with label an
PLUMED:   between lines 1-2 and 4-5
PLUMED:   without periodic boundary conditions
PLUMED: Action RESTRAINT
PLUMED:   with label res
PLUMED:   with arguments an
PLUMED:   added component to this action:  res.bias 
PLUMED:   at 1.570796
PLUMED:   with harmonic force constant 100.000000
PLUMED:   and linear force constant 0.000000
PLUMED:   added component to this action:  res.force2 
PLUMED: Action ANGLE
PLUMED:   with label an2
PLUMED:   between atoms 1 5 4
PLUMED:   without periodic boundary conditions
PLUMED: Action RESTRAINT
PLUMED:   with label res2
PLUMED:   with arguments an2
PLUMED:   added component to this action:  res2.bias 
PLUMED:   at 0.000000
PLUMED:   with harmonic force constant 100.000000
PLUMED:   and linear force constant 0.000000
PLUMED:   added component to this action:  res2.force2 
PLUMED: Action PRINT
PLUMED:   with label @10
PLUMED:   with stride 100
PLUMED:   with arguments d1 d2 rc steer.bias steer.force2 steer.d1_cntr steer.d1_work steer.d1_kappa steer.d2_cntr steer.d2_work steer.d2_kappa steer.work ener an res.bias res.force2 an2 res2.bias res2.force2
PLUMED:   on file colvars/COLVAR_2.4745762711864403_3.442372881355932
PLUMED:   with format  %f
PLUMED: Action FLUSH
PLUMED:   with label @11
PLUMED:   with stride 500

# Integration error:        25.12

 -------------- BaysOpt loop, query 41 ---------------
going to run a simulation at 3.442372881355932 2.4745762711864403 
Using head Default out of ['Default']
No dtype selected, switching to float64 to match model dtype.
# Integrating             - Simpson's rule + Real Space Grid Mini  /home/ekempke/miniconda3/envs/mace/lib/python3.12/site-packages/mace/calculators/mace.py:143: UserWarning:Environment variable TORCH_FORCE_NO_WEIGHTS_ONLY_LOAD detected, since the`weights_only` argument was not explicitly passed to `torch.load`, forcing weights_only=False.
+++ Loading the PLUMED kernel runtime +++
+++ PLUMED_KERNEL="/home/ekempke/miniconda3/envs/mace/lib/libplumedKernel.so" +++
PLUMED: PLUMED is starting
PLUMED: Version: 2.8.0 (git: Unknown) compiled on Feb 23 2022 at 09:52:46
PLUMED: Please cite these papers when using PLUMED [1][2]
PLUMED: For further information see the PLUMED web page at http://www.plumed.org
PLUMED: Root: /home/ekempke/miniconda3/envs/mace/lib/plumed
PLUMED: For installed feature, see /home/ekempke/miniconda3/envs/mace/lib/plumed/src/config/config.txt
PLUMED: Molecular dynamics engine: ASE
PLUMED: Precision of reals: 8
PLUMED: Running over 1 node
PLUMED: Number of threads: 1
PLUMED: Cache line size: 512
PLUMED: Number of atoms: 9
PLUMED: File suffix: 
PLUMED: Timestep: 0.000500
PLUMED: KbT: 96.485333
PLUMED: Relevant bibliography:
PLUMED:   [1] The PLUMED consortium, Nat. Methods 16, 670 (2019)
PLUMED:   [2] Tribello, Bonomi, Branduardi, Camilloni, and Bussi, Comput. Phys. Commun. 185, 604 (2014)
PLUMED: Please read and cite where appropriate!
PLUMED: Finished setup
PLUMED: Action UNITS
PLUMED:   with label @0
PLUMED:   length: A = 0.1 nm
PLUMED:   energy: kcal/mol = 4.184 kj/mol
PLUMED:   time: ps
PLUMED:   charge: e
PLUMED:   mass: amu
PLUMED:   using physical units
PLUMED:   inside PLUMED, Boltzmann constant is 0.0019872
PLUMED: Action DISTANCE
PLUMED:   with label d1
PLUMED:   between atoms 1 4
PLUMED:   without periodic boundary conditions
PLUMED: Action DISTANCE
PLUMED:   with label d2
PLUMED:   between atoms 1 5
PLUMED:   without periodic boundary conditions
PLUMED: Action COMBINE
PLUMED:   with label rc
PLUMED:   with arguments d1 d2
PLUMED:   with coefficients: -1.000000 1.000000
PLUMED:   with parameters: 0.000000 0.000000
PLUMED:   and powers: 1.000000 1.000000
PLUMED: Action MOVINGRESTRAINT
PLUMED:   with label steer
PLUMED:   with arguments d1 d2
PLUMED:   added component to this action:  steer.bias 
PLUMED:   step0 1000
PLUMED:   at 2.640000 1.840000
PLUMED:   with force constant 1000.000000 100.000000
PLUMED:   step1 5000
PLUMED:   at 2.474576 1.944068
PLUMED:   with force constant 1000.000000 100.000000
PLUMED:   added component to this action:  steer.force2 
PLUMED:   added component to this action:  steer.d1_cntr 
PLUMED:   added component to this action:  steer.d1_work 
PLUMED:   added component to this action:  steer.d1_kappa 
PLUMED:   added component to this action:  steer.d2_cntr 
PLUMED:   added component to this action:  steer.d2_work 
PLUMED:   added component to this action:  steer.d2_kappa 
PLUMED:   added component to this action:  steer.work 
PLUMED:   Bibliography [1]
PLUMED: Relevant bibliography:
PLUMED:   [1] Grubmuller, Heymann, and Tavan, Science 271, 997 (1996)
PLUMED: Please read and cite where appropriate!
PLUMED: Action ENERGY
PLUMED:   with label ener
PLUMED:   Bibliography [1][2]
PLUMED: Relevant bibliography:
PLUMED:   [1] Bartels and Karplus, J. Phys. Chem. B 102, 865 (1998)
PLUMED:   [2] Bonomi and Parrinello, J. Comp. Chem. 30, 1615 (2009)
PLUMED: Please read and cite where appropriate!
PLUMED: Action ANGLE
PLUMED:   with label an
PLUMED:   between lines 1-2 and 4-5
PLUMED:   without periodic boundary conditions
PLUMED: Action RESTRAINT
PLUMED:   with label res
PLUMED:   with arguments an
PLUMED:   added component to this action:  res.bias 
PLUMED:   at 1.570796
PLUMED:   with harmonic force constant 100.000000
PLUMED:   and linear force constant 0.000000
PLUMED:   added component to this action:  res.force2 
PLUMED: Action ANGLE
PLUMED:   with label an2
PLUMED:   between atoms 1 5 4
PLUMED:   without periodic boundary conditions
PLUMED: Action RESTRAINT
PLUMED:   with label res2
PLUMED:   with arguments an2
PLUMED:   added component to this action:  res2.bias 
PLUMED:   at 0.000000
PLUMED:   with harmonic force constant 100.000000
PLUMED:   and linear force constant 0.000000
PLUMED:   added component to this action:  res2.force2 
PLUMED: Action PRINT
PLUMED:   with label @10
PLUMED:   with stride 100
PLUMED:   with arguments d1 d2 rc steer.bias steer.force2 steer.d1_cntr steer.d1_work steer.d1_kappa steer.d2_cntr steer.d2_work steer.d2_kappa steer.work ener an res.bias res.force2 an2 res2.bias res2.force2
PLUMED:   on file colvars/COLVAR_2.4745762711864403_1.9440677966101696
PLUMED:   with format  %f
PLUMED: Action FLUSH
PLUMED:   with label @11
PLUMED:   with stride 500

# Integration error:        24.64

 -------------- BaysOpt loop, query 42 ---------------
going to run a simulation at 1.9440677966101696 2.4745762711864403 
Using head Default out of ['Default']
No dtype selected, switching to float64 to match model dtype.
# Integrating             - Simpson's rule + Real Space Grid Mini  /home/ekempke/miniconda3/envs/mace/lib/python3.12/site-packages/mace/calculators/mace.py:143: UserWarning:Environment variable TORCH_FORCE_NO_WEIGHTS_ONLY_LOAD detected, since the`weights_only` argument was not explicitly passed to `torch.load`, forcing weights_only=False.
+++ Loading the PLUMED kernel runtime +++
+++ PLUMED_KERNEL="/home/ekempke/miniconda3/envs/mace/lib/libplumedKernel.so" +++
PLUMED: PLUMED is starting
PLUMED: Version: 2.8.0 (git: Unknown) compiled on Feb 23 2022 at 09:52:46
PLUMED: Please cite these papers when using PLUMED [1][2]
PLUMED: For further information see the PLUMED web page at http://www.plumed.org
PLUMED: Root: /home/ekempke/miniconda3/envs/mace/lib/plumed
PLUMED: For installed feature, see /home/ekempke/miniconda3/envs/mace/lib/plumed/src/config/config.txt
PLUMED: Molecular dynamics engine: ASE
PLUMED: Precision of reals: 8
PLUMED: Running over 1 node
PLUMED: Number of threads: 1
PLUMED: Cache line size: 512
PLUMED: Number of atoms: 9
PLUMED: File suffix: 
PLUMED: Timestep: 0.000500
PLUMED: KbT: 96.485333
PLUMED: Relevant bibliography:
PLUMED:   [1] The PLUMED consortium, Nat. Methods 16, 670 (2019)
PLUMED:   [2] Tribello, Bonomi, Branduardi, Camilloni, and Bussi, Comput. Phys. Commun. 185, 604 (2014)
PLUMED: Please read and cite where appropriate!
PLUMED: Finished setup
PLUMED: Action UNITS
PLUMED:   with label @0
PLUMED:   length: A = 0.1 nm
PLUMED:   energy: kcal/mol = 4.184 kj/mol
PLUMED:   time: ps
PLUMED:   charge: e
PLUMED:   mass: amu
PLUMED:   using physical units
PLUMED:   inside PLUMED, Boltzmann constant is 0.0019872
PLUMED: Action DISTANCE
PLUMED:   with label d1
PLUMED:   between atoms 1 4
PLUMED:   without periodic boundary conditions
PLUMED: Action DISTANCE
PLUMED:   with label d2
PLUMED:   between atoms 1 5
PLUMED:   without periodic boundary conditions
PLUMED: Action COMBINE
PLUMED:   with label rc
PLUMED:   with arguments d1 d2
PLUMED:   with coefficients: -1.000000 1.000000
PLUMED:   with parameters: 0.000000 0.000000
PLUMED:   and powers: 1.000000 1.000000
PLUMED: Action MOVINGRESTRAINT
PLUMED:   with label steer
PLUMED:   with arguments d1 d2
PLUMED:   added component to this action:  steer.bias 
PLUMED:   step0 1000
PLUMED:   at 2.640000 1.840000
PLUMED:   with force constant 1000.000000 100.000000
PLUMED:   step1 5000
PLUMED:   at 2.203390 2.116949
PLUMED:   with force constant 1000.000000 100.000000
PLUMED:   added component to this action:  steer.force2 
PLUMED:   added component to this action:  steer.d1_cntr 
PLUMED:   added component to this action:  steer.d1_work 
PLUMED:   added component to this action:  steer.d1_kappa 
PLUMED:   added component to this action:  steer.d2_cntr 
PLUMED:   added component to this action:  steer.d2_work 
PLUMED:   added component to this action:  steer.d2_kappa 
PLUMED:   added component to this action:  steer.work 
PLUMED:   Bibliography [1]
PLUMED: Relevant bibliography:
PLUMED:   [1] Grubmuller, Heymann, and Tavan, Science 271, 997 (1996)
PLUMED: Please read and cite where appropriate!
PLUMED: Action ENERGY
PLUMED:   with label ener
PLUMED:   Bibliography [1][2]
PLUMED: Relevant bibliography:
PLUMED:   [1] Bartels and Karplus, J. Phys. Chem. B 102, 865 (1998)
PLUMED:   [2] Bonomi and Parrinello, J. Comp. Chem. 30, 1615 (2009)
PLUMED: Please read and cite where appropriate!
PLUMED: Action ANGLE
PLUMED:   with label an
PLUMED:   between lines 1-2 and 4-5
PLUMED:   without periodic boundary conditions
PLUMED: Action RESTRAINT
PLUMED:   with label res
PLUMED:   with arguments an
PLUMED:   added component to this action:  res.bias 
PLUMED:   at 1.570796
PLUMED:   with harmonic force constant 100.000000
PLUMED:   and linear force constant 0.000000
PLUMED:   added component to this action:  res.force2 
PLUMED: Action ANGLE
PLUMED:   with label an2
PLUMED:   between atoms 1 5 4
PLUMED:   without periodic boundary conditions
PLUMED: Action RESTRAINT
PLUMED:   with label res2
PLUMED:   with arguments an2
PLUMED:   added component to this action:  res2.bias 
PLUMED:   at 0.000000
PLUMED:   with harmonic force constant 100.000000
PLUMED:   and linear force constant 0.000000
PLUMED:   added component to this action:  res2.force2 
PLUMED: Action PRINT
PLUMED:   with label @10
PLUMED:   with stride 100
PLUMED:   with arguments d1 d2 rc steer.bias steer.force2 steer.d1_cntr steer.d1_work steer.d1_kappa steer.d2_cntr steer.d2_work steer.d2_kappa steer.work ener an res.bias res.force2 an2 res2.bias res2.force2
PLUMED:   on file colvars/COLVAR_2.2033898305084745_2.116949152542373
PLUMED:   with format  %f
PLUMED: Action FLUSH
PLUMED:   with label @11
PLUMED:   with stride 500

# Integration error:        24.04

 -------------- BaysOpt loop, query 43 ---------------
going to run a simulation at 2.116949152542373 2.2033898305084745 
Using head Default out of ['Default']
No dtype selected, switching to float64 to match model dtype.
# Integrating             - Simpson's rule + Real Space Grid Mini PLUMED:                                               Cycles        Total      Average      Minimum      Maximum
PLUMED:                                                    1     2.816745     2.816745     2.816745     2.816745
PLUMED: 1 Prepare dependencies                         80001     0.159426     0.000002     0.000001     0.000015
PLUMED: 2 Sharing data                                 80001     0.416696     0.000005     0.000003     0.000026
PLUMED: 3 Waiting for data                             80001     0.021140     0.000000     0.000000     0.000008
PLUMED: 4 Calculating (forward loop)                   80001     1.099971     0.000014     0.000010     0.000035
PLUMED: 5 Applying (backward loop)                     80001     0.428367     0.000005     0.000004     0.000015
PLUMED: 6 Update                                       80001     0.053253     0.000001     0.000000     0.000253
PLUMED:                                               Cycles        Total      Average      Minimum      Maximum
PLUMED:                                                    1     2.963301     2.963301     2.963301     2.963301
PLUMED: 1 Prepare dependencies                         80001     0.166975     0.000002     0.000001     0.000011
PLUMED: 2 Sharing data                                 80001     0.453634     0.000006     0.000003     0.000018
PLUMED: 3 Waiting for data                             80001     0.021833     0.000000     0.000000     0.000008
PLUMED: 4 Calculating (forward loop)                   80001     1.130681     0.000014     0.000010     0.000056
PLUMED: 5 Applying (backward loop)                     80001     0.447200     0.000006     0.000004     0.000021
PLUMED: 6 Update                                       80001     0.054275     0.000001     0.000000     0.000136
PLUMED:                                               Cycles        Total      Average      Minimum      Maximum
PLUMED:                                                    1     3.192813     3.192813     3.192813     3.192813
PLUMED: 1 Prepare dependencies                         80001     0.186971     0.000002     0.000001     0.000012
PLUMED: 2 Sharing data                                 80001     0.506386     0.000006     0.000003     0.000026
PLUMED: 3 Waiting for data                             80001     0.024711     0.000000     0.000000     0.000009
PLUMED: 4 Calculating (forward loop)                   80001     1.198155     0.000015     0.000010     0.000036
PLUMED: 5 Applying (backward loop)                     80001     0.478186     0.000006     0.000004     0.000025
PLUMED: 6 Update                                       80001     0.056831     0.000001     0.000000     0.000130
PLUMED:                                               Cycles        Total      Average      Minimum      Maximum
PLUMED:                                                    1     2.979444     2.979444     2.979444     2.979444
PLUMED: 1 Prepare dependencies                         80001     0.181020     0.000002     0.000001     0.000011
PLUMED: 2 Sharing data                                 80001     0.443267     0.000006     0.000003     0.000024
PLUMED: 3 Waiting for data                             80001     0.021613     0.000000     0.000000     0.000007
PLUMED: 4 Calculating (forward loop)                   80001     1.145321     0.000014     0.000010     0.000057
PLUMED: 5 Applying (backward loop)                     80001     0.451281     0.000006     0.000004     0.000024
PLUMED: 6 Update                                       80001     0.054793     0.000001     0.000000     0.000234
PLUMED:                                               Cycles        Total      Average      Minimum      Maximum
PLUMED:                                                    1     3.756664     3.756664     3.756664     3.756664
PLUMED: 1 Prepare dependencies                         80001     0.232881     0.000003     0.000001     0.000023
PLUMED: 2 Sharing data                                 80001     0.620482     0.000008     0.000003     0.000024
PLUMED: 3 Waiting for data                             80001     0.030404     0.000000     0.000000     0.000009
PLUMED: 4 Calculating (forward loop)                   80001     1.380972     0.000017     0.000010     0.000033
PLUMED: 5 Applying (backward loop)                     80001     0.546839     0.000007     0.000004     0.000018
PLUMED: 6 Update                                       80001     0.061915     0.000001     0.000000     0.000159
PLUMED:                                               Cycles        Total      Average      Minimum      Maximum
PLUMED:                                                    1     2.937845     2.937845     2.937845     2.937845
PLUMED: 1 Prepare dependencies                         80001     0.161696     0.000002     0.000001     0.000015
PLUMED: 2 Sharing data                                 80001     0.449706     0.000006     0.000003     0.000025
PLUMED: 3 Waiting for data                             80001     0.024036     0.000000     0.000000     0.000007
PLUMED: 4 Calculating (forward loop)                   80001     1.133129     0.000014     0.000010     0.000057
PLUMED: 5 Applying (backward loop)                     80001     0.444264     0.000006     0.000004     0.000027
PLUMED: 6 Update                                       80001     0.055222     0.000001     0.000000     0.000163
PLUMED:                                               Cycles        Total      Average      Minimum      Maximum
PLUMED:                                                    1     3.579751     3.579751     3.579751     3.579751
PLUMED: 1 Prepare dependencies                         80001     0.218252     0.000003     0.000001     0.000012
PLUMED: 2 Sharing data                                 80001     0.583701     0.000007     0.000003     0.000018
PLUMED: 3 Waiting for data                             80001     0.028154     0.000000     0.000000     0.000007
PLUMED: 4 Calculating (forward loop)                   80001     1.323897     0.000017     0.000010     0.000057
PLUMED: 5 Applying (backward loop)                     80001     0.522156     0.000007     0.000004     0.000026
PLUMED: 6 Update                                       80001     0.059423     0.000001     0.000000     0.000173
PLUMED:                                               Cycles        Total      Average      Minimum      Maximum
PLUMED:                                                    1     3.848088     3.848088     3.848088     3.848088
PLUMED: 1 Prepare dependencies                         80001     0.247309     0.000003     0.000001     0.000013
PLUMED: 2 Sharing data                                 80001     0.635492     0.000008     0.000003     0.000019
PLUMED: 3 Waiting for data                             80001     0.029887     0.000000     0.000000     0.000007
PLUMED: 4 Calculating (forward loop)                   80001     1.413704     0.000018     0.000010     0.000034
PLUMED: 5 Applying (backward loop)                     80001     0.557912     0.000007     0.000004     0.000022
PLUMED: 6 Update                                       80001     0.061032     0.000001     0.000000     0.000160
PLUMED:                                               Cycles        Total      Average      Minimum      Maximum
PLUMED:                                                    1     2.799451     2.799451     2.799451     2.799451
PLUMED: 1 Prepare dependencies                         80001     0.156586     0.000002     0.000001     0.000010
PLUMED: 2 Sharing data                                 80001     0.417629     0.000005     0.000003     0.000017
PLUMED: 3 Waiting for data                             80001     0.019037     0.000000     0.000000     0.000007
PLUMED: 4 Calculating (forward loop)                   80001     1.092691     0.000014     0.000010     0.000032
PLUMED: 5 Applying (backward loop)                     80001     0.424571     0.000005     0.000004     0.000041
PLUMED: 6 Update                                       80001     0.053762     0.000001     0.000000     0.000163
PLUMED:                                               Cy /home/ekempke/miniconda3/envs/mace/lib/python3.12/site-packages/mace/calculators/mace.py:143: UserWarning:Environment variable TORCH_FORCE_NO_WEIGHTS_ONLY_LOAD detected, since the`weights_only` argument was not explicitly passed to `torch.load`, forcing weights_only=False.
+++ Loading the PLUMED kernel runtime +++
+++ PLUMED_KERNEL="/home/ekempke/miniconda3/envs/mace/lib/libplumedKernel.so" +++
cles        Total      Average      Minimum      Maximum
PLUMED:                                                    1     3.745311     3.745311     3.745311     3.745311
PLUMED: 1 Prepare dependencies                         80001     0.234368     0.000003     0.000001     0.000020
PLUMED: 2 Sharing data                                 80001     0.615160     0.000008     0.000003     0.000028
PLUMED: 3 Waiting for data                             80001     0.028985     0.000000     0.000000     0.000007
PLUMED: 4 Calculating (forward loop)                   80001     1.383444     0.000017     0.000010     0.000056
PLUMED: 5 Applying (backward loop)                     80001     0.549232     0.000007     0.000004     0.000018
PLUMED: 6 Update                                       80001     0.060452     0.000001     0.000000     0.000161
PLUMED: PLUMED is starting
PLUMED: Version: 2.8.0 (git: Unknown) compiled on Feb 23 2022 at 09:52:46
PLUMED: Please cite these papers when using PLUMED [1][2]
PLUMED: For further information see the PLUMED web page at http://www.plumed.org
PLUMED: Root: /home/ekempke/miniconda3/envs/mace/lib/plumed
PLUMED: For installed feature, see /home/ekempke/miniconda3/envs/mace/lib/plumed/src/config/config.txt
PLUMED: Molecular dynamics engine: ASE
PLUMED: Precision of reals: 8
PLUMED: Running over 1 node
PLUMED: Number of threads: 1
PLUMED: Cache line size: 512
PLUMED: Number of atoms: 9
PLUMED: File suffix: 
PLUMED: Timestep: 0.000500
PLUMED: KbT: 96.485333
PLUMED: Relevant bibliography:
PLUMED:   [1] The PLUMED consortium, Nat. Methods 16, 670 (2019)
PLUMED:   [2] Tribello, Bonomi, Branduardi, Camilloni, and Bussi, Comput. Phys. Commun. 185, 604 (2014)
PLUMED: Please read and cite where appropriate!
PLUMED: Finished setup
PLUMED: Action UNITS
PLUMED:   with label @0
PLUMED:   length: A = 0.1 nm
PLUMED:   energy: kcal/mol = 4.184 kj/mol
PLUMED:   time: ps
PLUMED:   charge: e
PLUMED:   mass: amu
PLUMED:   using physical units
PLUMED:   inside PLUMED, Boltzmann constant is 0.0019872
PLUMED: Action DISTANCE
PLUMED:   with label d1
PLUMED:   between atoms 1 4
PLUMED:   without periodic boundary conditions
PLUMED: Action DISTANCE
PLUMED:   with label d2
PLUMED:   between atoms 1 5
PLUMED:   without periodic boundary conditions
PLUMED: Action COMBINE
PLUMED:   with label rc
PLUMED:   with arguments d1 d2
PLUMED:   with coefficients: -1.000000 1.000000
PLUMED:   with parameters: 0.000000 0.000000
PLUMED:   and powers: 1.000000 1.000000
PLUMED: Action MOVINGRESTRAINT
PLUMED:   with label steer
PLUMED:   with arguments d1 d2
PLUMED:   added component to this action:  steer.bias 
PLUMED:   step0 1000
PLUMED:   at 2.640000 1.840000
PLUMED:   with force constant 1000.000000 100.000000
PLUMED:   step1 5000
PLUMED:   at 1.823729 2.116949
PLUMED:   with force constant 1000.000000 100.000000
PLUMED:   added component to this action:  steer.force2 
PLUMED:   added component to this action:  steer.d1_cntr 
PLUMED:   added component to this action:  steer.d1_work 
PLUMED:   added component to this action:  steer.d1_kappa 
PLUMED:   added component to this action:  steer.d2_cntr 
PLUMED:   added component to this action:  steer.d2_work 
PLUMED:   added component to this action:  steer.d2_kappa 
PLUMED:   added component to this action:  steer.work 
PLUMED:   Bibliography [1]
PLUMED: Relevant bibliography:
PLUMED:   [1] Grubmuller, Heymann, and Tavan, Science 271, 997 (1996)
PLUMED: Please read and cite where appropriate!
PLUMED: Action ENERGY
PLUMED:   with label ener
PLUMED:   Bibliography [1][2]
PLUMED: Relevant bibliography:
PLUMED:   [1] Bartels and Karplus, J. Phys. Chem. B 102, 865 (1998)
PLUMED:   [2] Bonomi and Parrinello, J. Comp. Chem. 30, 1615 (2009)
PLUMED: Please read and cite where appropriate!
PLUMED: Action ANGLE
PLUMED:   with label an
PLUMED:   between lines 1-2 and 4-5
PLUMED:   without periodic boundary conditions
PLUMED: Action RESTRAINT
PLUMED:   with label res
PLUMED:   with arguments an
PLUMED:   added component to this action:  res.bias 
PLUMED:   at 1.570796
PLUMED:   with harmonic force constant 100.000000
PLUMED:   and linear force constant 0.000000
PLUMED:   added component to this action:  res.force2 
PLUMED: Action ANGLE
PLUMED:   with label an2
PLUMED:   between atoms 1 5 4
PLUMED:   without periodic boundary conditions
PLUMED: Action RESTRAINT
PLUMED:   with label res2
PLUMED:   with arguments an2
PLUMED:   added component to this action:  res2.bias 
PLUMED:   at 0.000000
PLUMED:   with harmonic force constant 100.000000
PLUMED:   and linear force constant 0.000000
PLUMED:   added component to this action:  res2.force2 
PLUMED: Action PRINT
PLUMED:   with label @10
PLUMED:   with stride 100
PLUMED:   with arguments d1 d2 rc steer.bias steer.force2 steer.d1_cntr steer.d1_work steer.d1_kappa steer.d2_cntr steer.d2_work steer.d2_kappa steer.work ener an res.bias res.force2 an2 res2.bias res2.force2
PLUMED:   on file colvars/COLVAR_1.823728813559322_2.116949152542373
PLUMED:   with format  %f
PLUMED: Action FLUSH
PLUMED:   with label @11
PLUMED:   with stride 500

# Integration error:        28.49

 -------------- BaysOpt loop, query 44 ---------------
going to run a simulation at 2.116949152542373 1.823728813559322 
Using head Default out of ['Default']
No dtype selected, switching to float64 to match model dtype.
# Integrating             - Simpson's rule + Real Space Grid Mini  /home/ekempke/miniconda3/envs/mace/lib/python3.12/site-packages/mace/calculators/mace.py:143: UserWarning:Environment variable TORCH_FORCE_NO_WEIGHTS_ONLY_LOAD detected, since the`weights_only` argument was not explicitly passed to `torch.load`, forcing weights_only=False.
+++ Loading the PLUMED kernel runtime +++
+++ PLUMED_KERNEL="/home/ekempke/miniconda3/envs/mace/lib/libplumedKernel.so" +++
PLUMED: PLUMED is starting
PLUMED: Version: 2.8.0 (git: Unknown) compiled on Feb 23 2022 at 09:52:46
PLUMED: Please cite these papers when using PLUMED [1][2]
PLUMED: For further information see the PLUMED web page at http://www.plumed.org
PLUMED: Root: /home/ekempke/miniconda3/envs/mace/lib/plumed
PLUMED: For installed feature, see /home/ekempke/miniconda3/envs/mace/lib/plumed/src/config/config.txt
PLUMED: Molecular dynamics engine: ASE
PLUMED: Precision of reals: 8
PLUMED: Running over 1 node
PLUMED: Number of threads: 1
PLUMED: Cache line size: 512
PLUMED: Number of atoms: 9
PLUMED: File suffix: 
PLUMED: Timestep: 0.000500
PLUMED: KbT: 96.485333
PLUMED: Relevant bibliography:
PLUMED:   [1] The PLUMED consortium, Nat. Methods 16, 670 (2019)
PLUMED:   [2] Tribello, Bonomi, Branduardi, Camilloni, and Bussi, Comput. Phys. Commun. 185, 604 (2014)
PLUMED: Please read and cite where appropriate!
PLUMED: Finished setup
PLUMED: Action UNITS
PLUMED:   with label @0
PLUMED:   length: A = 0.1 nm
PLUMED:   energy: kcal/mol = 4.184 kj/mol
PLUMED:   time: ps
PLUMED:   charge: e
PLUMED:   mass: amu
PLUMED:   using physical units
PLUMED:   inside PLUMED, Boltzmann constant is 0.0019872
PLUMED: Action DISTANCE
PLUMED:   with label d1
PLUMED:   between atoms 1 4
PLUMED:   without periodic boundary conditions
PLUMED: Action DISTANCE
PLUMED:   with label d2
PLUMED:   between atoms 1 5
PLUMED:   without periodic boundary conditions
PLUMED: Action COMBINE
PLUMED:   with label rc
PLUMED:   with arguments d1 d2
PLUMED:   with coefficients: -1.000000 1.000000
PLUMED:   with parameters: 0.000000 0.000000
PLUMED:   and powers: 1.000000 1.000000
PLUMED: Action MOVINGRESTRAINT
PLUMED:   with label steer
PLUMED:   with arguments d1 d2
PLUMED:   added component to this action:  steer.bias 
PLUMED:   step0 1000
PLUMED:   at 2.640000 1.840000
PLUMED:   with force constant 1000.000000 100.000000
PLUMED:   step1 5000
PLUMED:   at 2.067797 1.857627
PLUMED:   with force constant 1000.000000 100.000000
PLUMED:   added component to this action:  steer.force2 
PLUMED:   added component to this action:  steer.d1_cntr 
PLUMED:   added component to this action:  steer.d1_work 
PLUMED:   added component to this action:  steer.d1_kappa 
PLUMED:   added component to this action:  steer.d2_cntr 
PLUMED:   added component to this action:  steer.d2_work 
PLUMED:   added component to this action:  steer.d2_kappa 
PLUMED:   added component to this action:  steer.work 
PLUMED:   Bibliography [1]
PLUMED: Relevant bibliography:
PLUMED:   [1] Grubmuller, Heymann, and Tavan, Science 271, 997 (1996)
PLUMED: Please read and cite where appropriate!
PLUMED: Action ENERGY
PLUMED:   with label ener
PLUMED:   Bibliography [1][2]
PLUMED: Relevant bibliography:
PLUMED:   [1] Bartels and Karplus, J. Phys. Chem. B 102, 865 (1998)
PLUMED:   [2] Bonomi and Parrinello, J. Comp. Chem. 30, 1615 (2009)
PLUMED: Please read and cite where appropriate!
PLUMED: Action ANGLE
PLUMED:   with label an
PLUMED:   between lines 1-2 and 4-5
PLUMED:   without periodic boundary conditions
PLUMED: Action RESTRAINT
PLUMED:   with label res
PLUMED:   with arguments an
PLUMED:   added component to this action:  res.bias 
PLUMED:   at 1.570796
PLUMED:   with harmonic force constant 100.000000
PLUMED:   and linear force constant 0.000000
PLUMED:   added component to this action:  res.force2 
PLUMED: Action ANGLE
PLUMED:   with label an2
PLUMED:   between atoms 1 5 4
PLUMED:   without periodic boundary conditions
PLUMED: Action RESTRAINT
PLUMED:   with label res2
PLUMED:   with arguments an2
PLUMED:   added component to this action:  res2.bias 
PLUMED:   at 0.000000
PLUMED:   with harmonic force constant 100.000000
PLUMED:   and linear force constant 0.000000
PLUMED:   added component to this action:  res2.force2 
PLUMED: Action PRINT
PLUMED:   with label @10
PLUMED:   with stride 100
PLUMED:   with arguments d1 d2 rc steer.bias steer.force2 steer.d1_cntr steer.d1_work steer.d1_kappa steer.d2_cntr steer.d2_work steer.d2_kappa steer.work ener an res.bias res.force2 an2 res2.bias res2.force2
PLUMED:   on file colvars/COLVAR_2.0677966101694913_1.8576271186440678
PLUMED:   with format  %f
PLUMED: Action FLUSH
PLUMED:   with label @11
PLUMED:   with stride 500

# Integration error:        27.26

 -------------- BaysOpt loop, query 45 ---------------
going to run a simulation at 1.8576271186440678 2.0677966101694913 
Using head Default out of ['Default']
No dtype selected, switching to float64 to match model dtype.
# Integrating             - Simpson's rule + Real Space Grid Mini  /home/ekempke/miniconda3/envs/mace/lib/python3.12/site-packages/mace/calculators/mace.py:143: UserWarning:Environment variable TORCH_FORCE_NO_WEIGHTS_ONLY_LOAD detected, since the`weights_only` argument was not explicitly passed to `torch.load`, forcing weights_only=False.
+++ Loading the PLUMED kernel runtime +++
+++ PLUMED_KERNEL="/home/ekempke/miniconda3/envs/mace/lib/libplumedKernel.so" +++
PLUMED: PLUMED is starting
PLUMED: Version: 2.8.0 (git: Unknown) compiled on Feb 23 2022 at 09:52:46
PLUMED: Please cite these papers when using PLUMED [1][2]
PLUMED: For further information see the PLUMED web page at http://www.plumed.org
PLUMED: Root: /home/ekempke/miniconda3/envs/mace/lib/plumed
PLUMED: For installed feature, see /home/ekempke/miniconda3/envs/mace/lib/plumed/src/config/config.txt
PLUMED: Molecular dynamics engine: ASE
PLUMED: Precision of reals: 8
PLUMED: Running over 1 node
PLUMED: Number of threads: 1
PLUMED: Cache line size: 512
PLUMED: Number of atoms: 9
PLUMED: File suffix: 
PLUMED: Timestep: 0.000500
PLUMED: KbT: 96.485333
PLUMED: Relevant bibliography:
PLUMED:   [1] The PLUMED consortium, Nat. Methods 16, 670 (2019)
PLUMED:   [2] Tribello, Bonomi, Branduardi, Camilloni, and Bussi, Comput. Phys. Commun. 185, 604 (2014)
PLUMED: Please read and cite where appropriate!
PLUMED: Finished setup
PLUMED: Action UNITS
PLUMED:   with label @0
PLUMED:   length: A = 0.1 nm
PLUMED:   energy: kcal/mol = 4.184 kj/mol
PLUMED:   time: ps
PLUMED:   charge: e
PLUMED:   mass: amu
PLUMED:   using physical units
PLUMED:   inside PLUMED, Boltzmann constant is 0.0019872
PLUMED: Action DISTANCE
PLUMED:   with label d1
PLUMED:   between atoms 1 4
PLUMED:   without periodic boundary conditions
PLUMED: Action DISTANCE
PLUMED:   with label d2
PLUMED:   between atoms 1 5
PLUMED:   without periodic boundary conditions
PLUMED: Action COMBINE
PLUMED:   with label rc
PLUMED:   with arguments d1 d2
PLUMED:   with coefficients: -1.000000 1.000000
PLUMED:   with parameters: 0.000000 0.000000
PLUMED:   and powers: 1.000000 1.000000
PLUMED: Action MOVINGRESTRAINT
PLUMED:   with label steer
PLUMED:   with arguments d1 d2
PLUMED:   added component to this action:  steer.bias 
PLUMED:   step0 1000
PLUMED:   at 2.640000 1.840000
PLUMED:   with force constant 1000.000000 100.000000
PLUMED:   step1 5000
PLUMED:   at 1.932203 3.413559
PLUMED:   with force constant 1000.000000 100.000000
PLUMED:   added component to this action:  steer.force2 
PLUMED:   added component to this action:  steer.d1_cntr 
PLUMED:   added component to this action:  steer.d1_work 
PLUMED:   added component to this action:  steer.d1_kappa 
PLUMED:   added component to this action:  steer.d2_cntr 
PLUMED:   added component to this action:  steer.d2_work 
PLUMED:   added component to this action:  steer.d2_kappa 
PLUMED:   added component to this action:  steer.work 
PLUMED:   Bibliography [1]
PLUMED: Relevant bibliography:
PLUMED:   [1] Grubmuller, Heymann, and Tavan, Science 271, 997 (1996)
PLUMED: Please read and cite where appropriate!
PLUMED: Action ENERGY
PLUMED:   with label ener
PLUMED:   Bibliography [1][2]
PLUMED: Relevant bibliography:
PLUMED:   [1] Bartels and Karplus, J. Phys. Chem. B 102, 865 (1998)
PLUMED:   [2] Bonomi and Parrinello, J. Comp. Chem. 30, 1615 (2009)
PLUMED: Please read and cite where appropriate!
PLUMED: Action ANGLE
PLUMED:   with label an
PLUMED:   between lines 1-2 and 4-5
PLUMED:   without periodic boundary conditions
PLUMED: Action RESTRAINT
PLUMED:   with label res
PLUMED:   with arguments an
PLUMED:   added component to this action:  res.bias 
PLUMED:   at 1.570796
PLUMED:   with harmonic force constant 100.000000
PLUMED:   and linear force constant 0.000000
PLUMED:   added component to this action:  res.force2 
PLUMED: Action ANGLE
PLUMED:   with label an2
PLUMED:   between atoms 1 5 4
PLUMED:   without periodic boundary conditions
PLUMED: Action RESTRAINT
PLUMED:   with label res2
PLUMED:   with arguments an2
PLUMED:   added component to this action:  res2.bias 
PLUMED:   at 0.000000
PLUMED:   with harmonic force constant 100.000000
PLUMED:   and linear force constant 0.000000
PLUMED:   added component to this action:  res2.force2 
PLUMED: Action PRINT
PLUMED:   with label @10
PLUMED:   with stride 100
PLUMED:   with arguments d1 d2 rc steer.bias steer.force2 steer.d1_cntr steer.d1_work steer.d1_kappa steer.d2_cntr steer.d2_work steer.d2_kappa steer.work ener an res.bias res.force2 an2 res2.bias res2.force2
PLUMED:   on file colvars/COLVAR_1.9322033898305084_3.4135593220338984
PLUMED:   with format  %f
PLUMED: Action FLUSH
PLUMED:   with label @11
PLUMED:   with stride 500

# Integration error:        24.65

 -------------- BaysOpt loop, query 46 ---------------
going to run a simulation at 3.4135593220338984 1.9322033898305084 
Using head Default out of ['Default']
No dtype selected, switching to float64 to match model dtype.
# Integrating             - Simpson's rule + Real Space Grid Mini  /home/ekempke/miniconda3/envs/mace/lib/python3.12/site-packages/mace/calculators/mace.py:143: UserWarning:Environment variable TORCH_FORCE_NO_WEIGHTS_ONLY_LOAD detected, since the`weights_only` argument was not explicitly passed to `torch.load`, forcing weights_only=False.
+++ Loading the PLUMED kernel runtime +++
+++ PLUMED_KERNEL="/home/ekempke/miniconda3/envs/mace/lib/libplumedKernel.so" +++
PLUMED: PLUMED is starting
PLUMED: Version: 2.8.0 (git: Unknown) compiled on Feb 23 2022 at 09:52:46
PLUMED: Please cite these papers when using PLUMED [1][2]
PLUMED: For further information see the PLUMED web page at http://www.plumed.org
PLUMED: Root: /home/ekempke/miniconda3/envs/mace/lib/plumed
PLUMED: For installed feature, see /home/ekempke/miniconda3/envs/mace/lib/plumed/src/config/config.txt
PLUMED: Molecular dynamics engine: ASE
PLUMED: Precision of reals: 8
PLUMED: Running over 1 node
PLUMED: Number of threads: 1
PLUMED: Cache line size: 512
PLUMED: Number of atoms: 9
PLUMED: File suffix: 
PLUMED: Timestep: 0.000500
PLUMED: KbT: 96.485333
PLUMED: Relevant bibliography:
PLUMED:   [1] The PLUMED consortium, Nat. Methods 16, 670 (2019)
PLUMED:   [2] Tribello, Bonomi, Branduardi, Camilloni, and Bussi, Comput. Phys. Commun. 185, 604 (2014)
PLUMED: Please read and cite where appropriate!
PLUMED: Finished setup
PLUMED: Action UNITS
PLUMED:   with label @0
PLUMED:   length: A = 0.1 nm
PLUMED:   energy: kcal/mol = 4.184 kj/mol
PLUMED:   time: ps
PLUMED:   charge: e
PLUMED:   mass: amu
PLUMED:   using physical units
PLUMED:   inside PLUMED, Boltzmann constant is 0.0019872
PLUMED: Action DISTANCE
PLUMED:   with label d1
PLUMED:   between atoms 1 4
PLUMED:   without periodic boundary conditions
PLUMED: Action DISTANCE
PLUMED:   with label d2
PLUMED:   between atoms 1 5
PLUMED:   without periodic boundary conditions
PLUMED: Action COMBINE
PLUMED:   with label rc
PLUMED:   with arguments d1 d2
PLUMED:   with coefficients: -1.000000 1.000000
PLUMED:   with parameters: 0.000000 0.000000
PLUMED:   and powers: 1.000000 1.000000
PLUMED: Action MOVINGRESTRAINT
PLUMED:   with label steer
PLUMED:   with arguments d1 d2
PLUMED:   added component to this action:  steer.bias 
PLUMED:   step0 1000
PLUMED:   at 2.640000 1.840000
PLUMED:   with force constant 1000.000000 100.000000
PLUMED:   step1 5000
PLUMED:   at 1.606780 3.269492
PLUMED:   with force constant 1000.000000 100.000000
PLUMED:   added component to this action:  steer.force2 
PLUMED:   added component to this action:  steer.d1_cntr 
PLUMED:   added component to this action:  steer.d1_work 
PLUMED:   added component to this action:  steer.d1_kappa 
PLUMED:   added component to this action:  steer.d2_cntr 
PLUMED:   added component to this action:  steer.d2_work 
PLUMED:   added component to this action:  steer.d2_kappa 
PLUMED:   added component to this action:  steer.work 
PLUMED:   Bibliography [1]
PLUMED: Relevant bibliography:
PLUMED:   [1] Grubmuller, Heymann, and Tavan, Science 271, 997 (1996)
PLUMED: Please read and cite where appropriate!
PLUMED: Action ENERGY
PLUMED:   with label ener
PLUMED:   Bibliography [1][2]
PLUMED: Relevant bibliography:
PLUMED:   [1] Bartels and Karplus, J. Phys. Chem. B 102, 865 (1998)
PLUMED:   [2] Bonomi and Parrinello, J. Comp. Chem. 30, 1615 (2009)
PLUMED: Please read and cite where appropriate!
PLUMED: Action ANGLE
PLUMED:   with label an
PLUMED:   between lines 1-2 and 4-5
PLUMED:   without periodic boundary conditions
PLUMED: Action RESTRAINT
PLUMED:   with label res
PLUMED:   with arguments an
PLUMED:   added component to this action:  res.bias 
PLUMED:   at 1.570796
PLUMED:   with harmonic force constant 100.000000
PLUMED:   and linear force constant 0.000000
PLUMED:   added component to this action:  res.force2 
PLUMED: Action ANGLE
PLUMED:   with label an2
PLUMED:   between atoms 1 5 4
PLUMED:   without periodic boundary conditions
PLUMED: Action RESTRAINT
PLUMED:   with label res2
PLUMED:   with arguments an2
PLUMED:   added component to this action:  res2.bias 
PLUMED:   at 0.000000
PLUMED:   with harmonic force constant 100.000000
PLUMED:   and linear force constant 0.000000
PLUMED:   added component to this action:  res2.force2 
PLUMED: Action PRINT
PLUMED:   with label @10
PLUMED:   with stride 100
PLUMED:   with arguments d1 d2 rc steer.bias steer.force2 steer.d1_cntr steer.d1_work steer.d1_kappa steer.d2_cntr steer.d2_work steer.d2_kappa steer.work ener an res.bias res.force2 an2 res2.bias res2.force2
PLUMED:   on file colvars/COLVAR_1.6067796610169491_3.269491525423729
PLUMED:   with format  %f
PLUMED: Action FLUSH
PLUMED:   with label @11
PLUMED:   with stride 500

# Integration error:        26.87

 -------------- BaysOpt loop, query 47 ---------------
going to run a simulation at 3.269491525423729 1.6067796610169491 
Using head Default out of ['Default']
No dtype selected, switching to float64 to match model dtype.
# Integrating             - Simpson's rule + Real Space Grid Mini  /home/ekempke/miniconda3/envs/mace/lib/python3.12/site-packages/mace/calculators/mace.py:143: UserWarning:Environment variable TORCH_FORCE_NO_WEIGHTS_ONLY_LOAD detected, since the`weights_only` argument was not explicitly passed to `torch.load`, forcing weights_only=False.
+++ Loading the PLUMED kernel runtime +++
+++ PLUMED_KERNEL="/home/ekempke/miniconda3/envs/mace/lib/libplumedKernel.so" +++
PLUMED: PLUMED is starting
PLUMED: Version: 2.8.0 (git: Unknown) compiled on Feb 23 2022 at 09:52:46
PLUMED: Please cite these papers when using PLUMED [1][2]
PLUMED: For further information see the PLUMED web page at http://www.plumed.org
PLUMED: Root: /home/ekempke/miniconda3/envs/mace/lib/plumed
PLUMED: For installed feature, see /home/ekempke/miniconda3/envs/mace/lib/plumed/src/config/config.txt
PLUMED: Molecular dynamics engine: ASE
PLUMED: Precision of reals: 8
PLUMED: Running over 1 node
PLUMED: Number of threads: 1
PLUMED: Cache line size: 512
PLUMED: Number of atoms: 9
PLUMED: File suffix: 
PLUMED: Timestep: 0.000500
PLUMED: KbT: 96.485333
PLUMED: Relevant bibliography:
PLUMED:   [1] The PLUMED consortium, Nat. Methods 16, 670 (2019)
PLUMED:   [2] Tribello, Bonomi, Branduardi, Camilloni, and Bussi, Comput. Phys. Commun. 185, 604 (2014)
PLUMED: Please read and cite where appropriate!
PLUMED: Finished setup
PLUMED: Action UNITS
PLUMED:   with label @0
PLUMED:   length: A = 0.1 nm
PLUMED:   energy: kcal/mol = 4.184 kj/mol
PLUMED:   time: ps
PLUMED:   charge: e
PLUMED:   mass: amu
PLUMED:   using physical units
PLUMED:   inside PLUMED, Boltzmann constant is 0.0019872
PLUMED: Action DISTANCE
PLUMED:   with label d1
PLUMED:   between atoms 1 4
PLUMED:   without periodic boundary conditions
PLUMED: Action DISTANCE
PLUMED:   with label d2
PLUMED:   between atoms 1 5
PLUMED:   without periodic boundary conditions
PLUMED: Action COMBINE
PLUMED:   with label rc
PLUMED:   with arguments d1 d2
PLUMED:   with coefficients: -1.000000 1.000000
PLUMED:   with parameters: 0.000000 0.000000
PLUMED:   and powers: 1.000000 1.000000
PLUMED: Action MOVINGRESTRAINT
PLUMED:   with label steer
PLUMED:   with arguments d1 d2
PLUMED:   added component to this action:  steer.bias 
PLUMED:   step0 1000
PLUMED:   at 2.640000 1.840000
PLUMED:   with force constant 1000.000000 100.000000
PLUMED:   step1 5000
PLUMED:   at 1.525424 1.915254
PLUMED:   with force constant 1000.000000 100.000000
PLUMED:   added component to this action:  steer.force2 
PLUMED:   added component to this action:  steer.d1_cntr 
PLUMED:   added component to this action:  steer.d1_work 
PLUMED:   added component to this action:  steer.d1_kappa 
PLUMED:   added component to this action:  steer.d2_cntr 
PLUMED:   added component to this action:  steer.d2_work 
PLUMED:   added component to this action:  steer.d2_kappa 
PLUMED:   added component to this action:  steer.work 
PLUMED:   Bibliography [1]
PLUMED: Relevant bibliography:
PLUMED:   [1] Grubmuller, Heymann, and Tavan, Science 271, 997 (1996)
PLUMED: Please read and cite where appropriate!
PLUMED: Action ENERGY
PLUMED:   with label ener
PLUMED:   Bibliography [1][2]
PLUMED: Relevant bibliography:
PLUMED:   [1] Bartels and Karplus, J. Phys. Chem. B 102, 865 (1998)
PLUMED:   [2] Bonomi and Parrinello, J. Comp. Chem. 30, 1615 (2009)
PLUMED: Please read and cite where appropriate!
PLUMED: Action ANGLE
PLUMED:   with label an
PLUMED:   between lines 1-2 and 4-5
PLUMED:   without periodic boundary conditions
PLUMED: Action RESTRAINT
PLUMED:   with label res
PLUMED:   with arguments an
PLUMED:   added component to this action:  res.bias 
PLUMED:   at 1.570796
PLUMED:   with harmonic force constant 100.000000
PLUMED:   and linear force constant 0.000000
PLUMED:   added component to this action:  res.force2 
PLUMED: Action ANGLE
PLUMED:   with label an2
PLUMED:   between atoms 1 5 4
PLUMED:   without periodic boundary conditions
PLUMED: Action RESTRAINT
PLUMED:   with label res2
PLUMED:   with arguments an2
PLUMED:   added component to this action:  res2.bias 
PLUMED:   at 0.000000
PLUMED:   with harmonic force constant 100.000000
PLUMED:   and linear force constant 0.000000
PLUMED:   added component to this action:  res2.force2 
PLUMED: Action PRINT
PLUMED:   with label @10
PLUMED:   with stride 100
PLUMED:   with arguments d1 d2 rc steer.bias steer.force2 steer.d1_cntr steer.d1_work steer.d1_kappa steer.d2_cntr steer.d2_work steer.d2_kappa steer.work ener an res.bias res.force2 an2 res2.bias res2.force2
PLUMED:   on file colvars/COLVAR_1.5254237288135593_1.9152542372881356
PLUMED:   with format  %f
PLUMED: Action FLUSH
PLUMED:   with label @11
PLUMED:   with stride 500

# Integration error:        26.57

 -------------- BaysOpt loop, query 48 ---------------
going to run a simulation at 1.9152542372881356 1.5254237288135593 
Using head Default out of ['Default']
No dtype selected, switching to float64 to match model dtype.
# Integrating             - Simpson's rule + Real Space Grid Mini  /home/ekempke/miniconda3/envs/mace/lib/python3.12/site-packages/mace/calculators/mace.py:143: UserWarning:Environment variable TORCH_FORCE_NO_WEIGHTS_ONLY_LOAD detected, since the`weights_only` argument was not explicitly passed to `torch.load`, forcing weights_only=False.
+++ Loading the PLUMED kernel runtime +++
+++ PLUMED_KERNEL="/home/ekempke/miniconda3/envs/mace/lib/libplumedKernel.so" +++
PLUMED: PLUMED is starting
PLUMED: Version: 2.8.0 (git: Unknown) compiled on Feb 23 2022 at 09:52:46
PLUMED: Please cite these papers when using PLUMED [1][2]
PLUMED: For further information see the PLUMED web page at http://www.plumed.org
PLUMED: Root: /home/ekempke/miniconda3/envs/mace/lib/plumed
PLUMED: For installed feature, see /home/ekempke/miniconda3/envs/mace/lib/plumed/src/config/config.txt
PLUMED: Molecular dynamics engine: ASE
PLUMED: Precision of reals: 8
PLUMED: Running over 1 node
PLUMED: Number of threads: 1
PLUMED: Cache line size: 512
PLUMED: Number of atoms: 9
PLUMED: File suffix: 
PLUMED: Timestep: 0.000500
PLUMED: KbT: 96.485333
PLUMED: Relevant bibliography:
PLUMED:   [1] The PLUMED consortium, Nat. Methods 16, 670 (2019)
PLUMED:   [2] Tribello, Bonomi, Branduardi, Camilloni, and Bussi, Comput. Phys. Commun. 185, 604 (2014)
PLUMED: Please read and cite where appropriate!
PLUMED: Finished setup
PLUMED: Action UNITS
PLUMED:   with label @0
PLUMED:   length: A = 0.1 nm
PLUMED:   energy: kcal/mol = 4.184 kj/mol
PLUMED:   time: ps
PLUMED:   charge: e
PLUMED:   mass: amu
PLUMED:   using physical units
PLUMED:   inside PLUMED, Boltzmann constant is 0.0019872
PLUMED: Action DISTANCE
PLUMED:   with label d1
PLUMED:   between atoms 1 4
PLUMED:   without periodic boundary conditions
PLUMED: Action DISTANCE
PLUMED:   with label d2
PLUMED:   between atoms 1 5
PLUMED:   without periodic boundary conditions
PLUMED: Action COMBINE
PLUMED:   with label rc
PLUMED:   with arguments d1 d2
PLUMED:   with coefficients: -1.000000 1.000000
PLUMED:   with parameters: 0.000000 0.000000
PLUMED:   and powers: 1.000000 1.000000
PLUMED: Action MOVINGRESTRAINT
PLUMED:   with label steer
PLUMED:   with arguments d1 d2
PLUMED:   added component to this action:  steer.bias 
PLUMED:   step0 1000
PLUMED:   at 2.640000 1.840000
PLUMED:   with force constant 1000.000000 100.000000
PLUMED:   step1 5000
PLUMED:   at 1.335593 2.491525
PLUMED:   with force constant 1000.000000 100.000000
PLUMED:   added component to this action:  steer.force2 
PLUMED:   added component to this action:  steer.d1_cntr 
PLUMED:   added component to this action:  steer.d1_work 
PLUMED:   added component to this action:  steer.d1_kappa 
PLUMED:   added component to this action:  steer.d2_cntr 
PLUMED:   added component to this action:  steer.d2_work 
PLUMED:   added component to this action:  steer.d2_kappa 
PLUMED:   added component to this action:  steer.work 
PLUMED:   Bibliography [1]
PLUMED: Relevant bibliography:
PLUMED:   [1] Grubmuller, Heymann, and Tavan, Science 271, 997 (1996)
PLUMED: Please read and cite where appropriate!
PLUMED: Action ENERGY
PLUMED:   with label ener
PLUMED:   Bibliography [1][2]
PLUMED: Relevant bibliography:
PLUMED:   [1] Bartels and Karplus, J. Phys. Chem. B 102, 865 (1998)
PLUMED:   [2] Bonomi and Parrinello, J. Comp. Chem. 30, 1615 (2009)
PLUMED: Please read and cite where appropriate!
PLUMED: Action ANGLE
PLUMED:   with label an
PLUMED:   between lines 1-2 and 4-5
PLUMED:   without periodic boundary conditions
PLUMED: Action RESTRAINT
PLUMED:   with label res
PLUMED:   with arguments an
PLUMED:   added component to this action:  res.bias 
PLUMED:   at 1.570796
PLUMED:   with harmonic force constant 100.000000
PLUMED:   and linear force constant 0.000000
PLUMED:   added component to this action:  res.force2 
PLUMED: Action ANGLE
PLUMED:   with label an2
PLUMED:   between atoms 1 5 4
PLUMED:   without periodic boundary conditions
PLUMED: Action RESTRAINT
PLUMED:   with label res2
PLUMED:   with arguments an2
PLUMED:   added component to this action:  res2.bias 
PLUMED:   at 0.000000
PLUMED:   with harmonic force constant 100.000000
PLUMED:   and linear force constant 0.000000
PLUMED:   added component to this action:  res2.force2 
PLUMED: Action PRINT
PLUMED:   with label @10
PLUMED:   with stride 100
PLUMED:   with arguments d1 d2 rc steer.bias steer.force2 steer.d1_cntr steer.d1_work steer.d1_kappa steer.d2_cntr steer.d2_work steer.d2_kappa steer.work ener an res.bias res.force2 an2 res2.bias res2.force2
PLUMED:   on file colvars/COLVAR_1.335593220338983_2.4915254237288136
PLUMED:   with format  %f
PLUMED: Action FLUSH
PLUMED:   with label @11
PLUMED:   with stride 500

# Integration error:        27.74

 -------------- BaysOpt loop, query 49 ---------------
going to run a simulation at 2.4915254237288136 1.335593220338983 
Using head Default out of ['Default']
No dtype selected, switching to float64 to match model dtype.
# Integrating             - Simpson's rule + Real Space Grid Mini  /home/ekempke/miniconda3/envs/mace/lib/python3.12/site-packages/mace/calculators/mace.py:143: UserWarning:Environment variable TORCH_FORCE_NO_WEIGHTS_ONLY_LOAD detected, since the`weights_only` argument was not explicitly passed to `torch.load`, forcing weights_only=False.
+++ Loading the PLUMED kernel runtime +++
+++ PLUMED_KERNEL="/home/ekempke/miniconda3/envs/mace/lib/libplumedKernel.so" +++
PLUMED: PLUMED is starting
PLUMED: Version: 2.8.0 (git: Unknown) compiled on Feb 23 2022 at 09:52:46
PLUMED: Please cite these papers when using PLUMED [1][2]
PLUMED: For further information see the PLUMED web page at http://www.plumed.org
PLUMED: Root: /home/ekempke/miniconda3/envs/mace/lib/plumed
PLUMED: For installed feature, see /home/ekempke/miniconda3/envs/mace/lib/plumed/src/config/config.txt
PLUMED: Molecular dynamics engine: ASE
PLUMED: Precision of reals: 8
PLUMED: Running over 1 node
PLUMED: Number of threads: 1
PLUMED: Cache line size: 512
PLUMED: Number of atoms: 9
PLUMED: File suffix: 
PLUMED: Timestep: 0.000500
PLUMED: KbT: 96.485333
PLUMED: Relevant bibliography:
PLUMED:   [1] The PLUMED consortium, Nat. Methods 16, 670 (2019)
PLUMED:   [2] Tribello, Bonomi, Branduardi, Camilloni, and Bussi, Comput. Phys. Commun. 185, 604 (2014)
PLUMED: Please read and cite where appropriate!
PLUMED: Finished setup
PLUMED: Action UNITS
PLUMED:   with label @0
PLUMED:   length: A = 0.1 nm
PLUMED:   energy: kcal/mol = 4.184 kj/mol
PLUMED:   time: ps
PLUMED:   charge: e
PLUMED:   mass: amu
PLUMED:   using physical units
PLUMED:   inside PLUMED, Boltzmann constant is 0.0019872
PLUMED: Action DISTANCE
PLUMED:   with label d1
PLUMED:   between atoms 1 4
PLUMED:   without periodic boundary conditions
PLUMED: Action DISTANCE
PLUMED:   with label d2
PLUMED:   between atoms 1 5
PLUMED:   without periodic boundary conditions
PLUMED: Action COMBINE
PLUMED:   with label rc
PLUMED:   with arguments d1 d2
PLUMED:   with coefficients: -1.000000 1.000000
PLUMED:   with parameters: 0.000000 0.000000
PLUMED:   and powers: 1.000000 1.000000
PLUMED: Action MOVINGRESTRAINT
PLUMED:   with label steer
PLUMED:   with arguments d1 d2
PLUMED:   added component to this action:  steer.bias 
PLUMED:   step0 1000
PLUMED:   at 2.640000 1.840000
PLUMED:   with force constant 1000.000000 100.000000
PLUMED:   step1 5000
PLUMED:   at 1.281356 3.384746
PLUMED:   with force constant 1000.000000 100.000000
PLUMED:   added component to this action:  steer.force2 
PLUMED:   added component to this action:  steer.d1_cntr 
PLUMED:   added component to this action:  steer.d1_work 
PLUMED:   added component to this action:  steer.d1_kappa 
PLUMED:   added component to this action:  steer.d2_cntr 
PLUMED:   added component to this action:  steer.d2_work 
PLUMED:   added component to this action:  steer.d2_kappa 
PLUMED:   added component to this action:  steer.work 
PLUMED:   Bibliography [1]
PLUMED: Relevant bibliography:
PLUMED:   [1] Grubmuller, Heymann, and Tavan, Science 271, 997 (1996)
PLUMED: Please read and cite where appropriate!
PLUMED: Action ENERGY
PLUMED:   with label ener
PLUMED:   Bibliography [1][2]
PLUMED: Relevant bibliography:
PLUMED:   [1] Bartels and Karplus, J. Phys. Chem. B 102, 865 (1998)
PLUMED:   [2] Bonomi and Parrinello, J. Comp. Chem. 30, 1615 (2009)
PLUMED: Please read and cite where appropriate!
PLUMED: Action ANGLE
PLUMED:   with label an
PLUMED:   between lines 1-2 and 4-5
PLUMED:   without periodic boundary conditions
PLUMED: Action RESTRAINT
PLUMED:   with label res
PLUMED:   with arguments an
PLUMED:   added component to this action:  res.bias 
PLUMED:   at 1.570796
PLUMED:   with harmonic force constant 100.000000
PLUMED:   and linear force constant 0.000000
PLUMED:   added component to this action:  res.force2 
PLUMED: Action ANGLE
PLUMED:   with label an2
PLUMED:   between atoms 1 5 4
PLUMED:   without periodic boundary conditions
PLUMED: Action RESTRAINT
PLUMED:   with label res2
PLUMED:   with arguments an2
PLUMED:   added component to this action:  res2.bias 
PLUMED:   at 0.000000
PLUMED:   with harmonic force constant 100.000000
PLUMED:   and linear force constant 0.000000
PLUMED:   added component to this action:  res2.force2 
PLUMED: Action PRINT
PLUMED:   with label @10
PLUMED:   with stride 100
PLUMED:   with arguments d1 d2 rc steer.bias steer.force2 steer.d1_cntr steer.d1_work steer.d1_kappa steer.d2_cntr steer.d2_work steer.d2_kappa steer.work ener an res.bias res.force2 an2 res2.bias res2.force2
PLUMED:   on file colvars/COLVAR_1.2813559322033898_3.3847457627118644
PLUMED:   with format  %f
PLUMED: Action FLUSH
PLUMED:   with label @11
PLUMED:   with stride 500

# Integration error:        27.62

 -------------- BaysOpt loop, query 50 ---------------
going to run a simulation at 3.3847457627118644 1.2813559322033898 
Using head Default out of ['Default']
No dtype selected, switching to float64 to match model dtype.
# Integrating             - Simpson's rule + Real Space Grid Mini 
# Integration error:        25.32

# Integrating             - Simpson's rule + Real Space Grid Mini 
# Integration error:        25.32

Results saved to PT_Matern52_ls_0.2_0.2_w_fes0.2__w_path0.0_n0.0_full_50_PT.txt
PLUMED:                                               Cycles        Total      Average      Minimum      Maximum
PLUMED:                                                    1     3.405086     3.405086     3.405086     3.405086
PLUMED: 1 Prepare dependencies                         80001     0.203695     0.000003     0.000001     0.000012
PLUMED: 2 Sharing data                                 80001     0.538069     0.000007     0.000003     0.000019
PLUMED: 3 Waiting for data                             80001     0.026354     0.000000     0.000000     0.000006
PLUMED: 4 Calculating (forward loop)                   80001     1.286729     0.000016     0.000010     0.000037
PLUMED: 5 Applying (backward loop)                     80001     0.502997     0.000006     0.000004     0.000019
PLUMED: 6 Update                                       80001     0.058367     0.000001     0.000000     0.000272
PLUMED:                                               Cycles        Total      Average      Minimum      Maximum
PLUMED:                                                    1     3.569661     3.569661     3.569661     3.569661
PLUMED: 1 Prepare dependencies                         80001     0.215213     0.000003     0.000001     0.000012
PLUMED: 2 Sharing data                                 80001     0.579667     0.000007     0.000003     0.000028
PLUMED: 3 Waiting for data                             80001     0.029500     0.000000     0.000000     0.000007
PLUMED: 4 Calculating (forward loop)                   80001     1.312219     0.000016     0.000010     0.000038
PLUMED: 5 Applying (backward loop)                     80001     0.525214     0.000007     0.000004     0.000024
PLUMED: 6 Update                                       80001     0.059575     0.000001     0.000000     0.000170
PLUMED:                                               Cycles        Total      Average      Minimum      Maximum
PLUMED:                                                    1     3.542965     3.542965     3.542965     3.542965
PLUMED: 1 Prepare dependencies                         80001     0.210473     0.000003     0.000001     0.000020
PLUMED: 2 Sharing data                                 80001     0.574323     0.000007     0.000003     0.000021
PLUMED: 3 Waiting for data                             80001     0.028254     0.000000     0.000000     0.000009
PLUMED: 4 Calculating (forward loop)                   80001     1.319526     0.000016     0.000010     0.000034
PLUMED: 5 Applying (backward loop)                     80001     0.517842     0.000006     0.000004     0.000019
PLUMED: 6 Update                                       80001     0.058762     0.000001     0.000000     0.000229
PLUMED:                                               Cycles        Total      Average      Minimum      Maximum
PLUMED:                                                    1     3.598611     3.598611     3.598611     3.598611
PLUMED: 1 Prepare dependencies                         80001     0.215286     0.000003     0.000001     0.000016
PLUMED: 2 Sharing data                                 80001     0.590204     0.000007     0.000003     0.000020
PLUMED: 3 Waiting for data                             80001     0.028517     0.000000     0.000000     0.000010
PLUMED: 4 Calculating (forward loop)                   80001     1.347415     0.000017     0.000010     0.000032
PLUMED: 5 Applying (backward loop)                     80001     0.525346     0.000007     0.000004     0.000024
PLUMED: 6 Update                                       80001     0.059012     0.000001     0.000000     0.000239
PLUMED:                                               Cycles        Total      Average      Minimum      Maximum
PLUMED:                                                    1     2.333039     2.333039     2.333039     2.333039
PLUMED: 1 Prepare dependencies                         80001     0.118210     0.000001     0.000001     0.000010
PLUMED: 2 Sharing data                                 80001     0.320179     0.000004     0.000003     0.000012
PLUMED: 3 Waiting for data                             80001     0.017002     0.000000     0.000000     0.000007
PLUMED: 4 Calculating (forward loop)                   80001     0.944809     0.000012     0.000010     0.000046
PLUMED: 5 Applying (backward loop)                     80001     0.379824     0.000005     0.000004     0.000013
PLUMED: 6 Update                                       80001     0.049612     0.000001     0.000000     0.000228
PLUMED:                                               Cycles        Total      Average      Minimum      Maximum
PLUMED:                                                    1     3.006745     3.006745     3.006745     3.006745
PLUMED: 1 Prepare dependencies                         80001     0.179771     0.000002     0.000001     0.000015
PLUMED: 2 Sharing data                                 80001     0.447001     0.000006     0.000003     0.000016
PLUMED: 3 Waiting for data                             80001     0.022352     0.000000     0.000000     0.000008
PLUMED: 4 Calculating (forward loop)                   80001     1.170816     0.000015     0.000010     0.000030
PLUMED: 5 Applying (backward loop)                     80001     0.447431     0.000006     0.000004     0.000018
PLUMED: 6 Update                                       80001     0.054936     0.000001     0.000000     0.000167
PLUMED:                                               Cycles        Total      Average      Minimum      Maximum
PLUMED:                                                    1     3.498481     3.498481     3.498481     3.498481
PLUMED: 1 Prepare dependencies                         80001     0.201799     0.000003     0.000001     0.000012
PLUMED: 2 Sharing data                                 80001     0.565482     0.000007     0.000003     0.000019
PLUMED: 3 Waiting for data                             80001     0.027137     0.000000     0.000000     0.000010
PLUMED: 4 Calculating (forward loop)                   80001     1.327168     0.000017     0.000010     0.000037
PLUMED: 5 Applying (backward loop)                     80001     0.511168     0.000006     0.000004     0.000018
PLUMED: 6 Update                                       80001     0.058223     0.000001     0.000000     0.000169
