rm: cannot remove '*#*': No such file or directory
    :-) GROMACS - gmx mdrun, 2023.2-EasyBuild_4.9.0_PLUMED_2.9.0.GMX2023 (-:

Executable:   /sw/arch/RHEL8/EB_production/2023/software/GROMACS/2023.2-foss-2023a-PLUMED-2.9.0.GMX2023/bin/gmx
Data prefix:  /sw/arch/RHEL8/EB_production/2023/software/GROMACS/2023.2-foss-2023a-PLUMED-2.9.0.GMX2023
Working dir:  /gpfs/home1/ekempkes/adipep_buq_short/result_Matern52_ls_0.75_kappa100_w_0.1_n0.0_queries_100_full
Command line:
  gmx mdrun -s simulations_essentials/md.tpr -plumed Colvars/plumed_-1.508_1.194.dat -nsteps 10000 -x Colvars/traj_-1.508_1.194.xtc

Reading file simulations_essentials/md.tpr, VERSION 2022.5-plumed_2.9.3 (single precision)
Note: file tpx version 127, software tpx version 129

NOTE: Parallelization is limited by the small number of atoms,
      only starting 1 thread-MPI ranks.
      You can use the -nt and/or -ntmpi option to optimize the number of threads.

Overriding nsteps with value passed on the command line: 10000 steps, 20 ps

comm-mode angular will give incorrect results when the comm group partially crosses a periodic boundary
Using 1 MPI thread

Non-default thread affinity set, disabling internal thread affinity

Using 1 OpenMP thread 

starting mdrun 'Generated by trjconv : Generated by trjconv : Alanine in vacuum in water t= 4500.00000'
10000 steps,     20.0 ps.

Writing final coordinates.

               Core t (s)   Wall t (s)        (%)
       Time:        2.037        2.038      100.0
                 (ns/day)    (hour/ns)
Performance:      848.164        0.028

GROMACS reminds you: "I Am a Poor Lonesome Cowboy" (Lucky Luke)

rm: cannot remove '*#*': No such file or directory
    :-) GROMACS - gmx mdrun, 2023.2-EasyBuild_4.9.0_PLUMED_2.9.0.GMX2023 (-:

Executable:   /sw/arch/RHEL8/EB_production/2023/software/GROMACS/2023.2-foss-2023a-PLUMED-2.9.0.GMX2023/bin/gmx
Data prefix:  /sw/arch/RHEL8/EB_production/2023/software/GROMACS/2023.2-foss-2023a-PLUMED-2.9.0.GMX2023
Working dir:  /gpfs/home1/ekempkes/adipep_buq_short/result_Matern52_ls_0.75_kappa100_w_0.1_n0.0_queries_100_full
Command line:
  gmx mdrun -s simulations_essentials/md.tpr -plumed Colvars/plumed_0.880_-0.880.dat -nsteps 10000 -x Colvars/traj_0.880_-0.880.xtc


Back Off! I just backed up md.log to ./#md.log.1#
Reading file simulations_essentials/md.tpr, VERSION 2022.5-plumed_2.9.3 (single precision)
Note: file tpx version 127, software tpx version 129

NOTE: Parallelization is limited by the small number of atoms,
      only starting 1 thread-MPI ranks.
      You can use the -nt and/or -ntmpi option to optimize the number of threads.

Overriding nsteps with value passed on the command line: 10000 steps, 20 ps

comm-mode angular will give incorrect results when the comm group partially crosses a periodic boundary
Using 1 MPI thread

Non-default thread affinity set, disabling internal thread affinity

Using 1 OpenMP thread 


Back Off! I just backed up traj.trr to ./#traj.trr.1#

Back Off! I just backed up ener.edr to ./#ener.edr.1#
starting mdrun 'Generated by trjconv : Generated by trjconv : Alanine in vacuum in water t= 4500.00000'
10000 steps,     20.0 ps.

Writing final coordinates.

Back Off! I just backed up confout.gro to ./#confout.gro.1#

               Core t (s)   Wall t (s)        (%)
       Time:        2.030        2.030      100.0
                 (ns/day)    (hour/ns)
Performance:      851.149        0.028

GROMACS reminds you: "What if you're wrong about the great Ju Ju at the bottom of the sea?" (Richard Dawkins)

 /home/ekempkes/.local/lib/python3.12/site-packages/paramz/transformations.py:111: RuntimeWarning:divide by zero encountered in log
Error occurred while running command: rm *#*
Command 'rm *#*' returned non-zero exit status 1.
Error occurred while running command: rm *#*
Command 'rm *#*' returned non-zero exit status 1.
# Integrating             - Simpson's rule + Real Space Grid Mini     :-) GROMACS - gmx mdrun, 2023.2-EasyBuild_4.9.0_PLUMED_2.9.0.GMX2023 (-:

Executable:   /sw/arch/RHEL8/EB_production/2023/software/GROMACS/2023.2-foss-2023a-PLUMED-2.9.0.GMX2023/bin/gmx
Data prefix:  /sw/arch/RHEL8/EB_production/2023/software/GROMACS/2023.2-foss-2023a-PLUMED-2.9.0.GMX2023
Working dir:  /gpfs/home1/ekempkes/adipep_buq_short/result_Matern52_ls_0.75_kappa100_w_0.1_n0.0_queries_100_full
Command line:
  gmx mdrun -s simulations_essentials/md.tpr -plumed Colvars/plumed_1.194_1.445.dat -nsteps 10000 -x Colvars/traj_1.194_1.445.xtc


Back Off! I just backed up md.log to ./#md.log.1#
Reading file simulations_essentials/md.tpr, VERSION 2022.5-plumed_2.9.3 (single precision)
Note: file tpx version 127, software tpx version 129

NOTE: Parallelization is limited by the small number of atoms,
      only starting 1 thread-MPI ranks.
      You can use the -nt and/or -ntmpi option to optimize the number of threads.

Overriding nsteps with value passed on the command line: 10000 steps, 20 ps

comm-mode angular will give incorrect results when the comm group partially crosses a periodic boundary
Using 1 MPI thread

Non-default thread affinity set, disabling internal thread affinity

Using 1 OpenMP thread 


Back Off! I just backed up traj.trr to ./#traj.trr.1#

Back Off! I just backed up ener.edr to ./#ener.edr.1#
starting mdrun 'Generated by trjconv : Generated by trjconv : Alanine in vacuum in water t= 4500.00000'
10000 steps,     20.0 ps.

Writing final coordinates.

Back Off! I just backed up confout.gro to ./#confout.gro.1#

               Core t (s)   Wall t (s)        (%)
       Time:        2.045        2.045      100.0
                 (ns/day)    (hour/ns)
Performance:      844.965        0.028

GROMACS reminds you: "Stop Drinking My Beer !" (The Amps)


# Integration error:        0.47

 -------------- BaysOpt loop, query 1 ---------------
going to run a simulation at 1.1938052079999777 1.4451326210000188 
# Integrating             - Simpson's rule + Real Space Grid Mini  /gpfs/home1/ekempkes/adipep_buq_short/result_Matern52_ls_0.75_kappa100_w_0.1_n0.0_queries_100_full/helper_functions.py:377: UserWarning:Adding colorbar to a different Figure <Figure size 1800x600 with 6 Axes> than <Figure size 1600x1400 with 6 Axes> which fig.colorbar is called on.
    :-) GROMACS - gmx mdrun, 2023.2-EasyBuild_4.9.0_PLUMED_2.9.0.GMX2023 (-:

Executable:   /sw/arch/RHEL8/EB_production/2023/software/GROMACS/2023.2-foss-2023a-PLUMED-2.9.0.GMX2023/bin/gmx
Data prefix:  /sw/arch/RHEL8/EB_production/2023/software/GROMACS/2023.2-foss-2023a-PLUMED-2.9.0.GMX2023
Working dir:  /gpfs/home1/ekempkes/adipep_buq_short/result_Matern52_ls_0.75_kappa100_w_0.1_n0.0_queries_100_full
Command line:
  gmx mdrun -s simulations_essentials/md.tpr -plumed Colvars/plumed_-1.382_-1.319.dat -nsteps 10000 -x Colvars/traj_-1.382_-1.319.xtc


Back Off! I just backed up md.log to ./#md.log.1#
Reading file simulations_essentials/md.tpr, VERSION 2022.5-plumed_2.9.3 (single precision)
Note: file tpx version 127, software tpx version 129

NOTE: Parallelization is limited by the small number of atoms,
      only starting 1 thread-MPI ranks.
      You can use the -nt and/or -ntmpi option to optimize the number of threads.

Overriding nsteps with value passed on the command line: 10000 steps, 20 ps

comm-mode angular will give incorrect results when the comm group partially crosses a periodic boundary
Using 1 MPI thread

Non-default thread affinity set, disabling internal thread affinity

Using 1 OpenMP thread 


Back Off! I just backed up traj.trr to ./#traj.trr.1#

Back Off! I just backed up ener.edr to ./#ener.edr.1#
starting mdrun 'Generated by trjconv : Generated by trjconv : Alanine in vacuum in water t= 4500.00000'
10000 steps,     20.0 ps.

Writing final coordinates.

Back Off! I just backed up confout.gro to ./#confout.gro.1#

               Core t (s)   Wall t (s)        (%)
       Time:        2.020        2.020      100.0
                 (ns/day)    (hour/ns)
Performance:      855.341        0.028

GROMACS reminds you: "By denying scientific principles, one may maintain any paradox." (Galileo Galilei)


# Integration error:        1.51

 -------------- BaysOpt loop, query 2 ---------------
going to run a simulation at -1.3823007680000294 -1.3194689150000116 
# Integrating             - Simpson's rule + Real Space Grid Mini     :-) GROMACS - gmx mdrun, 2023.2-EasyBuild_4.9.0_PLUMED_2.9.0.GMX2023 (-:

Executable:   /sw/arch/RHEL8/EB_production/2023/software/GROMACS/2023.2-foss-2023a-PLUMED-2.9.0.GMX2023/bin/gmx
Data prefix:  /sw/arch/RHEL8/EB_production/2023/software/GROMACS/2023.2-foss-2023a-PLUMED-2.9.0.GMX2023
Working dir:  /gpfs/home1/ekempkes/adipep_buq_short/result_Matern52_ls_0.75_kappa100_w_0.1_n0.0_queries_100_full
Command line:
  gmx mdrun -s simulations_essentials/md.tpr -plumed Colvars/plumed_2.011_-2.011.dat -nsteps 10000 -x Colvars/traj_2.011_-2.011.xtc


Back Off! I just backed up md.log to ./#md.log.1#
Reading file simulations_essentials/md.tpr, VERSION 2022.5-plumed_2.9.3 (single precision)
Note: file tpx version 127, software tpx version 129

NOTE: Parallelization is limited by the small number of atoms,
      only starting 1 thread-MPI ranks.
      You can use the -nt and/or -ntmpi option to optimize the number of threads.

Overriding nsteps with value passed on the command line: 10000 steps, 20 ps

comm-mode angular will give incorrect results when the comm group partially crosses a periodic boundary
Using 1 MPI thread

Non-default thread affinity set, disabling internal thread affinity

Using 1 OpenMP thread 


Back Off! I just backed up traj.trr to ./#traj.trr.1#

Back Off! I just backed up ener.edr to ./#ener.edr.1#
starting mdrun 'Generated by trjconv : Generated by trjconv : Alanine in vacuum in water t= 4500.00000'
10000 steps,     20.0 ps.

Writing final coordinates.

Back Off! I just backed up confout.gro to ./#confout.gro.1#

               Core t (s)   Wall t (s)        (%)
       Time:        2.032        2.032      100.0
                 (ns/day)    (hour/ns)
Performance:      850.285        0.028

GROMACS reminds you: "You Look Better Upside Down" (Throwing Muses)


# Integration error:        1.76

 -------------- BaysOpt loop, query 3 ---------------
going to run a simulation at 2.0106192979999813 -2.0106192979999813 
# Integrating             - Simpson's rule + Real Space Grid Mini     :-) GROMACS - gmx mdrun, 2023.2-EasyBuild_4.9.0_PLUMED_2.9.0.GMX2023 (-:

Executable:   /sw/arch/RHEL8/EB_production/2023/software/GROMACS/2023.2-foss-2023a-PLUMED-2.9.0.GMX2023/bin/gmx
Data prefix:  /sw/arch/RHEL8/EB_production/2023/software/GROMACS/2023.2-foss-2023a-PLUMED-2.9.0.GMX2023
Working dir:  /gpfs/home1/ekempkes/adipep_buq_short/result_Matern52_ls_0.75_kappa100_w_0.1_n0.0_queries_100_full
Command line:
  gmx mdrun -s simulations_essentials/md.tpr -plumed Colvars/plumed_-0.188_0.314.dat -nsteps 10000 -x Colvars/traj_-0.188_0.314.xtc


Back Off! I just backed up md.log to ./#md.log.1#
Reading file simulations_essentials/md.tpr, VERSION 2022.5-plumed_2.9.3 (single precision)
Note: file tpx version 127, software tpx version 129

NOTE: Parallelization is limited by the small number of atoms,
      only starting 1 thread-MPI ranks.
      You can use the -nt and/or -ntmpi option to optimize the number of threads.

Overriding nsteps with value passed on the command line: 10000 steps, 20 ps

comm-mode angular will give incorrect results when the comm group partially crosses a periodic boundary
Using 1 MPI thread

Non-default thread affinity set, disabling internal thread affinity

Using 1 OpenMP thread 


Back Off! I just backed up traj.trr to ./#traj.trr.1#

Back Off! I just backed up ener.edr to ./#ener.edr.1#
starting mdrun 'Generated by trjconv : Generated by trjconv : Alanine in vacuum in water t= 4500.00000'
10000 steps,     20.0 ps.

Writing final coordinates.

Back Off! I just backed up confout.gro to ./#confout.gro.1#

               Core t (s)   Wall t (s)        (%)
       Time:        2.036        2.036      100.0
                 (ns/day)    (hour/ns)
Performance:      848.619        0.028

GROMACS reminds you: "I am rarely happier than when spending an entire day programming my computer to perform automatically a task that it would otherwise take me a good ten seconds to do by hand." (Douglas Adams)


# Integration error:        2.22

 -------------- BaysOpt loop, query 4 ---------------
going to run a simulation at -0.18849555899999812 0.31415926500000063 
# Integrating             - Simpson's rule + Real Space Grid Mini     :-) GROMACS - gmx mdrun, 2023.2-EasyBuild_4.9.0_PLUMED_2.9.0.GMX2023 (-:

Executable:   /sw/arch/RHEL8/EB_production/2023/software/GROMACS/2023.2-foss-2023a-PLUMED-2.9.0.GMX2023/bin/gmx
Data prefix:  /sw/arch/RHEL8/EB_production/2023/software/GROMACS/2023.2-foss-2023a-PLUMED-2.9.0.GMX2023
Working dir:  /gpfs/home1/ekempkes/adipep_buq_short/result_Matern52_ls_0.75_kappa100_w_0.1_n0.0_queries_100_full
Command line:
  gmx mdrun -s simulations_essentials/md.tpr -plumed Colvars/plumed_2.262_0.126.dat -nsteps 10000 -x Colvars/traj_2.262_0.126.xtc


Back Off! I just backed up md.log to ./#md.log.1#
Reading file simulations_essentials/md.tpr, VERSION 2022.5-plumed_2.9.3 (single precision)
Note: file tpx version 127, software tpx version 129

NOTE: Parallelization is limited by the small number of atoms,
      only starting 1 thread-MPI ranks.
      You can use the -nt and/or -ntmpi option to optimize the number of threads.

Overriding nsteps with value passed on the command line: 10000 steps, 20 ps

comm-mode angular will give incorrect results when the comm group partially crosses a periodic boundary
Using 1 MPI thread

Non-default thread affinity set, disabling internal thread affinity

Using 1 OpenMP thread 


Back Off! I just backed up traj.trr to ./#traj.trr.1#

Back Off! I just backed up ener.edr to ./#ener.edr.1#
starting mdrun 'Generated by trjconv : Generated by trjconv : Alanine in vacuum in water t= 4500.00000'
10000 steps,     20.0 ps.

Writing final coordinates.

Back Off! I just backed up confout.gro to ./#confout.gro.1#

               Core t (s)   Wall t (s)        (%)
       Time:        2.046        2.046      100.0
                 (ns/day)    (hour/ns)
Performance:      844.595        0.028

GROMACS reminds you: "Watch Out Where the Huskies Go" (F. Zappa)


# Integration error:        2.18

 -------------- BaysOpt loop, query 5 ---------------
going to run a simulation at 2.2619467110000038 0.12566370599999818 
# Integrating             - Simpson's rule + Real Space Grid Mini     :-) GROMACS - gmx mdrun, 2023.2-EasyBuild_4.9.0_PLUMED_2.9.0.GMX2023 (-:

Executable:   /sw/arch/RHEL8/EB_production/2023/software/GROMACS/2023.2-foss-2023a-PLUMED-2.9.0.GMX2023/bin/gmx
Data prefix:  /sw/arch/RHEL8/EB_production/2023/software/GROMACS/2023.2-foss-2023a-PLUMED-2.9.0.GMX2023
Working dir:  /gpfs/home1/ekempkes/adipep_buq_short/result_Matern52_ls_0.75_kappa100_w_0.1_n0.0_queries_100_full
Command line:
  gmx mdrun -s simulations_essentials/md.tpr -plumed Colvars/plumed_0.000_-2.262.dat -nsteps 10000 -x Colvars/traj_0.000_-2.262.xtc


Back Off! I just backed up md.log to ./#md.log.1#
Reading file simulations_essentials/md.tpr, VERSION 2022.5-plumed_2.9.3 (single precision)
Note: file tpx version 127, software tpx version 129

NOTE: Parallelization is limited by the small number of atoms,
      only starting 1 thread-MPI ranks.
      You can use the -nt and/or -ntmpi option to optimize the number of threads.

Overriding nsteps with value passed on the command line: 10000 steps, 20 ps

comm-mode angular will give incorrect results when the comm group partially crosses a periodic boundary
Using 1 MPI thread

Non-default thread affinity set, disabling internal thread affinity

Using 1 OpenMP thread 


Back Off! I just backed up traj.trr to ./#traj.trr.1#

Back Off! I just backed up ener.edr to ./#ener.edr.1#
starting mdrun 'Generated by trjconv : Generated by trjconv : Alanine in vacuum in water t= 4500.00000'
10000 steps,     20.0 ps.

Writing final coordinates.

Back Off! I just backed up confout.gro to ./#confout.gro.1#

               Core t (s)   Wall t (s)        (%)
       Time:        2.019        2.020      100.0
                 (ns/day)    (hour/ns)
Performance:      855.737        0.028

GROMACS reminds you: "Load Up Your Rubber Bullets" (10 CC)


# Integration error:        1.82

 -------------- BaysOpt loop, query 6 ---------------
going to run a simulation at 0.0 -2.2619467110000038 
# Integrating             - Simpson's rule + Real Space Grid Mini     :-) GROMACS - gmx mdrun, 2023.2-EasyBuild_4.9.0_PLUMED_2.9.0.GMX2023 (-:

Executable:   /sw/arch/RHEL8/EB_production/2023/software/GROMACS/2023.2-foss-2023a-PLUMED-2.9.0.GMX2023/bin/gmx
Data prefix:  /sw/arch/RHEL8/EB_production/2023/software/GROMACS/2023.2-foss-2023a-PLUMED-2.9.0.GMX2023
Working dir:  /gpfs/home1/ekempkes/adipep_buq_short/result_Matern52_ls_0.75_kappa100_w_0.1_n0.0_queries_100_full
Command line:
  gmx mdrun -s simulations_essentials/md.tpr -plumed Colvars/plumed_-0.314_2.325.dat -nsteps 10000 -x Colvars/traj_-0.314_2.325.xtc


Back Off! I just backed up md.log to ./#md.log.1#
Reading file simulations_essentials/md.tpr, VERSION 2022.5-plumed_2.9.3 (single precision)
Note: file tpx version 127, software tpx version 129

NOTE: Parallelization is limited by the small number of atoms,
      only starting 1 thread-MPI ranks.
      You can use the -nt and/or -ntmpi option to optimize the number of threads.

Overriding nsteps with value passed on the command line: 10000 steps, 20 ps

comm-mode angular will give incorrect results when the comm group partially crosses a periodic boundary
Using 1 MPI thread

Non-default thread affinity set, disabling internal thread affinity

Using 1 OpenMP thread 


Back Off! I just backed up traj.trr to ./#traj.trr.1#

Back Off! I just backed up ener.edr to ./#ener.edr.1#
starting mdrun 'Generated by trjconv : Generated by trjconv : Alanine in vacuum in water t= 4500.00000'
10000 steps,     20.0 ps.

Writing final coordinates.

Back Off! I just backed up confout.gro to ./#confout.gro.1#

               Core t (s)   Wall t (s)        (%)
       Time:        2.038        2.038      100.0
                 (ns/day)    (hour/ns)
Performance:      847.785        0.028

GROMACS reminds you: "You cannot hope to build a better world without improving the individuals." (Marie Curie)


# Integration error:        3.22

 -------------- BaysOpt loop, query 7 ---------------
going to run a simulation at -0.31415926500000063 2.3247785640000505 
# Integrating             - Simpson's rule + Real Space Grid Mini     :-) GROMACS - gmx mdrun, 2023.2-EasyBuild_4.9.0_PLUMED_2.9.0.GMX2023 (-:

Executable:   /sw/arch/RHEL8/EB_production/2023/software/GROMACS/2023.2-foss-2023a-PLUMED-2.9.0.GMX2023/bin/gmx
Data prefix:  /sw/arch/RHEL8/EB_production/2023/software/GROMACS/2023.2-foss-2023a-PLUMED-2.9.0.GMX2023
Working dir:  /gpfs/home1/ekempkes/adipep_buq_short/result_Matern52_ls_0.75_kappa100_w_0.1_n0.0_queries_100_full
Command line:
  gmx mdrun -s simulations_essentials/md.tpr -plumed Colvars/plumed_-2.325_-0.126.dat -nsteps 10000 -x Colvars/traj_-2.325_-0.126.xtc


Back Off! I just backed up md.log to ./#md.log.1#
Reading file simulations_essentials/md.tpr, VERSION 2022.5-plumed_2.9.3 (single precision)
Note: file tpx version 127, software tpx version 129

NOTE: Parallelization is limited by the small number of atoms,
      only starting 1 thread-MPI ranks.
      You can use the -nt and/or -ntmpi option to optimize the number of threads.

Overriding nsteps with value passed on the command line: 10000 steps, 20 ps

comm-mode angular will give incorrect results when the comm group partially crosses a periodic boundary
Using 1 MPI thread

Non-default thread affinity set, disabling internal thread affinity

Using 1 OpenMP thread 


Back Off! I just backed up traj.trr to ./#traj.trr.1#

Back Off! I just backed up ener.edr to ./#ener.edr.1#
starting mdrun 'Generated by trjconv : Generated by trjconv : Alanine in vacuum in water t= 4500.00000'
10000 steps,     20.0 ps.

Writing final coordinates.

Back Off! I just backed up confout.gro to ./#confout.gro.1#

               Core t (s)   Wall t (s)        (%)
       Time:        2.019        2.019      100.0
                 (ns/day)    (hour/ns)
Performance:      855.878        0.028

GROMACS reminds you: "Your assumptions are your windows on the world. Scrub them off every once in a while, or the light won't come in." (Isaac Asimov)


# Integration error:        4.05

 -------------- BaysOpt loop, query 8 ---------------
going to run a simulation at -2.3247785640000505 -0.12566370599999818 
# Integrating             - Simpson's rule + Real Space Grid Mini     :-) GROMACS - gmx mdrun, 2023.2-EasyBuild_4.9.0_PLUMED_2.9.0.GMX2023 (-:

Executable:   /sw/arch/RHEL8/EB_production/2023/software/GROMACS/2023.2-foss-2023a-PLUMED-2.9.0.GMX2023/bin/gmx
Data prefix:  /sw/arch/RHEL8/EB_production/2023/software/GROMACS/2023.2-foss-2023a-PLUMED-2.9.0.GMX2023
Working dir:  /gpfs/home1/ekempkes/adipep_buq_short/result_Matern52_ls_0.75_kappa100_w_0.1_n0.0_queries_100_full
Command line:
  gmx mdrun -s simulations_essentials/md.tpr -plumed Colvars/plumed_-2.262_2.262.dat -nsteps 10000 -x Colvars/traj_-2.262_2.262.xtc


Back Off! I just backed up md.log to ./#md.log.1#
Reading file simulations_essentials/md.tpr, VERSION 2022.5-plumed_2.9.3 (single precision)
Note: file tpx version 127, software tpx version 129

NOTE: Parallelization is limited by the small number of atoms,
      only starting 1 thread-MPI ranks.
      You can use the -nt and/or -ntmpi option to optimize the number of threads.

Overriding nsteps with value passed on the command line: 10000 steps, 20 ps

comm-mode angular will give incorrect results when the comm group partially crosses a periodic boundary
Using 1 MPI thread

Non-default thread affinity set, disabling internal thread affinity

Using 1 OpenMP thread 


Back Off! I just backed up traj.trr to ./#traj.trr.1#

Back Off! I just backed up ener.edr to ./#ener.edr.1#
starting mdrun 'Generated by trjconv : Generated by trjconv : Alanine in vacuum in water t= 4500.00000'
10000 steps,     20.0 ps.

Writing final coordinates.

Back Off! I just backed up confout.gro to ./#confout.gro.1#

               Core t (s)   Wall t (s)        (%)
       Time:        2.072        2.072      100.0
                 (ns/day)    (hour/ns)
Performance:      833.871        0.029

GROMACS reminds you: "Perfect is the enemy of good." (Voltaire)


# Integration error:        3.66

 -------------- BaysOpt loop, query 9 ---------------
going to run a simulation at -2.2619467110000038 2.2619467110000038 
# Integrating             - Simpson's rule + Real Space Grid Mini     :-) GROMACS - gmx mdrun, 2023.2-EasyBuild_4.9.0_PLUMED_2.9.0.GMX2023 (-:

Executable:   /sw/arch/RHEL8/EB_production/2023/software/GROMACS/2023.2-foss-2023a-PLUMED-2.9.0.GMX2023/bin/gmx
Data prefix:  /sw/arch/RHEL8/EB_production/2023/software/GROMACS/2023.2-foss-2023a-PLUMED-2.9.0.GMX2023
Working dir:  /gpfs/home1/ekempkes/adipep_buq_short/result_Matern52_ls_0.75_kappa100_w_0.1_n0.0_queries_100_full
Command line:
  gmx mdrun -s simulations_essentials/md.tpr -plumed Colvars/plumed_2.262_2.262.dat -nsteps 10000 -x Colvars/traj_2.262_2.262.xtc


Back Off! I just backed up md.log to ./#md.log.1#
Reading file simulations_essentials/md.tpr, VERSION 2022.5-plumed_2.9.3 (single precision)
Note: file tpx version 127, software tpx version 129

NOTE: Parallelization is limited by the small number of atoms,
      only starting 1 thread-MPI ranks.
      You can use the -nt and/or -ntmpi option to optimize the number of threads.

Overriding nsteps with value passed on the command line: 10000 steps, 20 ps

comm-mode angular will give incorrect results when the comm group partially crosses a periodic boundary
Using 1 MPI thread

Non-default thread affinity set, disabling internal thread affinity

Using 1 OpenMP thread 


Back Off! I just backed up traj.trr to ./#traj.trr.1#

Back Off! I just backed up ener.edr to ./#ener.edr.1#
starting mdrun 'Generated by trjconv : Generated by trjconv : Alanine in vacuum in water t= 4500.00000'
10000 steps,     20.0 ps.

Writing final coordinates.

Back Off! I just backed up confout.gro to ./#confout.gro.1#

               Core t (s)   Wall t (s)        (%)
       Time:        2.054        2.054      100.0
                 (ns/day)    (hour/ns)
Performance:      841.354        0.029

GROMACS reminds you: "Your Country Needs YOU" (U.S. Army)


# Integration error:        3.55

 -------------- BaysOpt loop, query 10 ---------------
going to run a simulation at 2.2619467110000038 2.2619467110000038 
# Integrating             - Simpson's rule + Real Space Grid Mini  /gpfs/home1/ekempkes/adipep_buq_short/result_Matern52_ls_0.75_kappa100_w_0.1_n0.0_queries_100_full/helper_functions.py:331: RuntimeWarning:More than 20 figures have been opened. Figures created through the pyplot interface (`matplotlib.pyplot.figure`) are retained until explicitly closed and may consume too much memory. (To control this warning, see the rcParam `figure.max_open_warning`). Consider using `matplotlib.pyplot.close()`.
    :-) GROMACS - gmx mdrun, 2023.2-EasyBuild_4.9.0_PLUMED_2.9.0.GMX2023 (-:

Executable:   /sw/arch/RHEL8/EB_production/2023/software/GROMACS/2023.2-foss-2023a-PLUMED-2.9.0.GMX2023/bin/gmx
Data prefix:  /sw/arch/RHEL8/EB_production/2023/software/GROMACS/2023.2-foss-2023a-PLUMED-2.9.0.GMX2023
Working dir:  /gpfs/home1/ekempkes/adipep_buq_short/result_Matern52_ls_0.75_kappa100_w_0.1_n0.0_queries_100_full
Command line:
  gmx mdrun -s simulations_essentials/md.tpr -plumed Colvars/plumed_-2.262_-2.325.dat -nsteps 10000 -x Colvars/traj_-2.262_-2.325.xtc


Back Off! I just backed up md.log to ./#md.log.1#
Reading file simulations_essentials/md.tpr, VERSION 2022.5-plumed_2.9.3 (single precision)
Note: file tpx version 127, software tpx version 129

NOTE: Parallelization is limited by the small number of atoms,
      only starting 1 thread-MPI ranks.
      You can use the -nt and/or -ntmpi option to optimize the number of threads.

Overriding nsteps with value passed on the command line: 10000 steps, 20 ps

comm-mode angular will give incorrect results when the comm group partially crosses a periodic boundary
Using 1 MPI thread

Non-default thread affinity set, disabling internal thread affinity

Using 1 OpenMP thread 


Back Off! I just backed up traj.trr to ./#traj.trr.1#

Back Off! I just backed up ener.edr to ./#ener.edr.1#
starting mdrun 'Generated by trjconv : Generated by trjconv : Alanine in vacuum in water t= 4500.00000'
10000 steps,     20.0 ps.

Writing final coordinates.

Back Off! I just backed up confout.gro to ./#confout.gro.1#

               Core t (s)   Wall t (s)        (%)
       Time:        2.040        2.040      100.0
                 (ns/day)    (hour/ns)
Performance:      847.056        0.028

GROMACS reminds you: "#define QUESTION ((bb),| !(bb))" (William Shakespeare)


# Integration error:        3.57

 -------------- BaysOpt loop, query 11 ---------------
going to run a simulation at -2.2619467110000038 -2.3247785640000505 
# Integrating             - Simpson's rule + Real Space Grid Mini     :-) GROMACS - gmx mdrun, 2023.2-EasyBuild_4.9.0_PLUMED_2.9.0.GMX2023 (-:

Executable:   /sw/arch/RHEL8/EB_production/2023/software/GROMACS/2023.2-foss-2023a-PLUMED-2.9.0.GMX2023/bin/gmx
Data prefix:  /sw/arch/RHEL8/EB_production/2023/software/GROMACS/2023.2-foss-2023a-PLUMED-2.9.0.GMX2023
Working dir:  /gpfs/home1/ekempkes/adipep_buq_short/result_Matern52_ls_0.75_kappa100_w_0.1_n0.0_queries_100_full
Command line:
  gmx mdrun -s simulations_essentials/md.tpr -plumed Colvars/plumed_2.576_-1.005.dat -nsteps 10000 -x Colvars/traj_2.576_-1.005.xtc


Back Off! I just backed up md.log to ./#md.log.1#
Reading file simulations_essentials/md.tpr, VERSION 2022.5-plumed_2.9.3 (single precision)
Note: file tpx version 127, software tpx version 129

NOTE: Parallelization is limited by the small number of atoms,
      only starting 1 thread-MPI ranks.
      You can use the -nt and/or -ntmpi option to optimize the number of threads.

Overriding nsteps with value passed on the command line: 10000 steps, 20 ps

comm-mode angular will give incorrect results when the comm group partially crosses a periodic boundary
Using 1 MPI thread

Non-default thread affinity set, disabling internal thread affinity

Using 1 OpenMP thread 


Back Off! I just backed up traj.trr to ./#traj.trr.1#

Back Off! I just backed up ener.edr to ./#ener.edr.1#
starting mdrun 'Generated by trjconv : Generated by trjconv : Alanine in vacuum in water t= 4500.00000'
10000 steps,     20.0 ps.

Writing final coordinates.

Back Off! I just backed up confout.gro to ./#confout.gro.1#

               Core t (s)   Wall t (s)        (%)
       Time:        2.062        2.062      100.0
                 (ns/day)    (hour/ns)
Performance:      838.071        0.029

GROMACS reminds you: "When I got my first job as a programmer there were quite a number of women doing programming because there was no computer science education and people were hired from many different fields if it seemed like they could do the work. It was better then, probably, in terms of proportions, not necessarily in women being paid as much as men and so forth, but definitely, there were women around." (Barbara Liskov)


# Integration error:        4.08

 -------------- BaysOpt loop, query 12 ---------------
going to run a simulation at 2.576105975999961 -1.0053096489999906 
# Integrating             - Simpson's rule + Real Space Grid Mini     :-) GROMACS - gmx mdrun, 2023.2-EasyBuild_4.9.0_PLUMED_2.9.0.GMX2023 (-:

Executable:   /sw/arch/RHEL8/EB_production/2023/software/GROMACS/2023.2-foss-2023a-PLUMED-2.9.0.GMX2023/bin/gmx
Data prefix:  /sw/arch/RHEL8/EB_production/2023/software/GROMACS/2023.2-foss-2023a-PLUMED-2.9.0.GMX2023
Working dir:  /gpfs/home1/ekempkes/adipep_buq_short/result_Matern52_ls_0.75_kappa100_w_0.1_n0.0_queries_100_full
Command line:
  gmx mdrun -s simulations_essentials/md.tpr -plumed Colvars/plumed_-0.440_-0.817.dat -nsteps 10000 -x Colvars/traj_-0.440_-0.817.xtc


Back Off! I just backed up md.log to ./#md.log.1#
Reading file simulations_essentials/md.tpr, VERSION 2022.5-plumed_2.9.3 (single precision)
Note: file tpx version 127, software tpx version 129

NOTE: Parallelization is limited by the small number of atoms,
      only starting 1 thread-MPI ranks.
      You can use the -nt and/or -ntmpi option to optimize the number of threads.

Overriding nsteps with value passed on the command line: 10000 steps, 20 ps

comm-mode angular will give incorrect results when the comm group partially crosses a periodic boundary
Using 1 MPI thread

Non-default thread affinity set, disabling internal thread affinity

Using 1 OpenMP thread 


Back Off! I just backed up traj.trr to ./#traj.trr.1#

Back Off! I just backed up ener.edr to ./#ener.edr.1#
starting mdrun 'Generated by trjconv : Generated by trjconv : Alanine in vacuum in water t= 4500.00000'
10000 steps,     20.0 ps.

Writing final coordinates.

Back Off! I just backed up confout.gro to ./#confout.gro.1#

               Core t (s)   Wall t (s)        (%)
       Time:        2.045        2.045      100.0
                 (ns/day)    (hour/ns)
Performance:      845.125        0.028

GROMACS reminds you: "There's so many shades of black" (The Raconteurs)


# Integration error:        6.24

 -------------- BaysOpt loop, query 13 ---------------
going to run a simulation at -0.43982297200000164 -0.8168140899999872 
# Integrating             - Simpson's rule + Real Space Grid Mini     :-) GROMACS - gmx mdrun, 2023.2-EasyBuild_4.9.0_PLUMED_2.9.0.GMX2023 (-:

Executable:   /sw/arch/RHEL8/EB_production/2023/software/GROMACS/2023.2-foss-2023a-PLUMED-2.9.0.GMX2023/bin/gmx
Data prefix:  /sw/arch/RHEL8/EB_production/2023/software/GROMACS/2023.2-foss-2023a-PLUMED-2.9.0.GMX2023
Working dir:  /gpfs/home1/ekempkes/adipep_buq_short/result_Matern52_ls_0.75_kappa100_w_0.1_n0.0_queries_100_full
Command line:
  gmx mdrun -s simulations_essentials/md.tpr -plumed Colvars/plumed_1.194_-2.639.dat -nsteps 10000 -x Colvars/traj_1.194_-2.639.xtc


Back Off! I just backed up md.log to ./#md.log.1#
Reading file simulations_essentials/md.tpr, VERSION 2022.5-plumed_2.9.3 (single precision)
Note: file tpx version 127, software tpx version 129

NOTE: Parallelization is limited by the small number of atoms,
      only starting 1 thread-MPI ranks.
      You can use the -nt and/or -ntmpi option to optimize the number of threads.

Overriding nsteps with value passed on the command line: 10000 steps, 20 ps

comm-mode angular will give incorrect results when the comm group partially crosses a periodic boundary
Using 1 MPI thread

Non-default thread affinity set, disabling internal thread affinity

Using 1 OpenMP thread 


Back Off! I just backed up traj.trr to ./#traj.trr.1#

Back Off! I just backed up ener.edr to ./#ener.edr.1#
starting mdrun 'Generated by trjconv : Generated by trjconv : Alanine in vacuum in water t= 4500.00000'
10000 steps,     20.0 ps.

Writing final coordinates.

Back Off! I just backed up confout.gro to ./#confout.gro.1#

               Core t (s)   Wall t (s)        (%)
       Time:        2.062        2.062      100.0
                 (ns/day)    (hour/ns)
Performance:      837.934        0.029

GROMACS reminds you: "As we all know, blinking lights means science." (Joss Whedon)


# Integration error:        6.58

 -------------- BaysOpt loop, query 14 ---------------
going to run a simulation at 1.1938052079999777 -2.6389378290000334 
# Integrating             - Simpson's rule + Real Space Grid Mini     :-) GROMACS - gmx mdrun, 2023.2-EasyBuild_4.9.0_PLUMED_2.9.0.GMX2023 (-:

Executable:   /sw/arch/RHEL8/EB_production/2023/software/GROMACS/2023.2-foss-2023a-PLUMED-2.9.0.GMX2023/bin/gmx
Data prefix:  /sw/arch/RHEL8/EB_production/2023/software/GROMACS/2023.2-foss-2023a-PLUMED-2.9.0.GMX2023
Working dir:  /gpfs/home1/ekempkes/adipep_buq_short/result_Matern52_ls_0.75_kappa100_w_0.1_n0.0_queries_100_full
Command line:
  gmx mdrun -s simulations_essentials/md.tpr -plumed Colvars/plumed_0.942_2.639.dat -nsteps 10000 -x Colvars/traj_0.942_2.639.xtc


Back Off! I just backed up md.log to ./#md.log.1#
Reading file simulations_essentials/md.tpr, VERSION 2022.5-plumed_2.9.3 (single precision)
Note: file tpx version 127, software tpx version 129

NOTE: Parallelization is limited by the small number of atoms,
      only starting 1 thread-MPI ranks.
      You can use the -nt and/or -ntmpi option to optimize the number of threads.

Overriding nsteps with value passed on the command line: 10000 steps, 20 ps

comm-mode angular will give incorrect results when the comm group partially crosses a periodic boundary
Using 1 MPI thread

Non-default thread affinity set, disabling internal thread affinity

Using 1 OpenMP thread 


Back Off! I just backed up traj.trr to ./#traj.trr.1#

Back Off! I just backed up ener.edr to ./#ener.edr.1#
starting mdrun 'Generated by trjconv : Generated by trjconv : Alanine in vacuum in water t= 4500.00000'
10000 steps,     20.0 ps.

Writing final coordinates.

Back Off! I just backed up confout.gro to ./#confout.gro.1#

               Core t (s)   Wall t (s)        (%)
       Time:        2.058        2.058      100.0
                 (ns/day)    (hour/ns)
Performance:      839.556        0.029

GROMACS reminds you: "gmx fellowship-writing -g grant_name -s protein_structure_involved -o output -m method_used -p list_of_pi" (Tanadet Pipatpolkai, while discussing new features for GROMACS)


# Integration error:        6.69

 -------------- BaysOpt loop, query 15 ---------------
going to run a simulation at 0.9424777960000189 2.6389378290000334 
# Integrating             - Simpson's rule + Real Space Grid Mini     :-) GROMACS - gmx mdrun, 2023.2-EasyBuild_4.9.0_PLUMED_2.9.0.GMX2023 (-:

Executable:   /sw/arch/RHEL8/EB_production/2023/software/GROMACS/2023.2-foss-2023a-PLUMED-2.9.0.GMX2023/bin/gmx
Data prefix:  /sw/arch/RHEL8/EB_production/2023/software/GROMACS/2023.2-foss-2023a-PLUMED-2.9.0.GMX2023
Working dir:  /gpfs/home1/ekempkes/adipep_buq_short/result_Matern52_ls_0.75_kappa100_w_0.1_n0.0_queries_100_full
Command line:
  gmx mdrun -s simulations_essentials/md.tpr -plumed Colvars/plumed_1.068_0.377.dat -nsteps 10000 -x Colvars/traj_1.068_0.377.xtc


Back Off! I just backed up md.log to ./#md.log.1#
Reading file simulations_essentials/md.tpr, VERSION 2022.5-plumed_2.9.3 (single precision)
Note: file tpx version 127, software tpx version 129

NOTE: Parallelization is limited by the small number of atoms,
      only starting 1 thread-MPI ranks.
      You can use the -nt and/or -ntmpi option to optimize the number of threads.

Overriding nsteps with value passed on the command line: 10000 steps, 20 ps

comm-mode angular will give incorrect results when the comm group partially crosses a periodic boundary
Using 1 MPI thread

Non-default thread affinity set, disabling internal thread affinity

Using 1 OpenMP thread 


Back Off! I just backed up traj.trr to ./#traj.trr.1#

Back Off! I just backed up ener.edr to ./#ener.edr.1#
starting mdrun 'Generated by trjconv : Generated by trjconv : Alanine in vacuum in water t= 4500.00000'
10000 steps,     20.0 ps.

Writing final coordinates.

Back Off! I just backed up confout.gro to ./#confout.gro.1#

               Core t (s)   Wall t (s)        (%)
       Time:        2.037        2.037      100.0
                 (ns/day)    (hour/ns)
Performance:      848.399        0.028

GROMACS reminds you: "Either you will be dashed to atoms on crag points, or lifted up and borne by some master-wave into a calmer current" (Charlotte Bronte)


# Integration error:        7.86

 -------------- BaysOpt loop, query 16 ---------------
going to run a simulation at 1.0681415019999982 0.37699111799999624 
# Integrating             - Simpson's rule + Real Space Grid Mini     :-) GROMACS - gmx mdrun, 2023.2-EasyBuild_4.9.0_PLUMED_2.9.0.GMX2023 (-:

Executable:   /sw/arch/RHEL8/EB_production/2023/software/GROMACS/2023.2-foss-2023a-PLUMED-2.9.0.GMX2023/bin/gmx
Data prefix:  /sw/arch/RHEL8/EB_production/2023/software/GROMACS/2023.2-foss-2023a-PLUMED-2.9.0.GMX2023
Working dir:  /gpfs/home1/ekempkes/adipep_buq_short/result_Matern52_ls_0.75_kappa100_w_0.1_n0.0_queries_100_full
Command line:
  gmx mdrun -s simulations_essentials/md.tpr -plumed Colvars/plumed_2.576_1.194.dat -nsteps 10000 -x Colvars/traj_2.576_1.194.xtc


Back Off! I just backed up md.log to ./#md.log.1#
Reading file simulations_essentials/md.tpr, VERSION 2022.5-plumed_2.9.3 (single precision)
Note: file tpx version 127, software tpx version 129

NOTE: Parallelization is limited by the small number of atoms,
      only starting 1 thread-MPI ranks.
      You can use the -nt and/or -ntmpi option to optimize the number of threads.

Overriding nsteps with value passed on the command line: 10000 steps, 20 ps

comm-mode angular will give incorrect results when the comm group partially crosses a periodic boundary
Using 1 MPI thread

Non-default thread affinity set, disabling internal thread affinity

Using 1 OpenMP thread 


Back Off! I just backed up traj.trr to ./#traj.trr.1#

Back Off! I just backed up ener.edr to ./#ener.edr.1#
starting mdrun 'Generated by trjconv : Generated by trjconv : Alanine in vacuum in water t= 4500.00000'
10000 steps,     20.0 ps.

Writing final coordinates.

Back Off! I just backed up confout.gro to ./#confout.gro.1#

               Core t (s)   Wall t (s)        (%)
       Time:        2.032        2.032      100.0
                 (ns/day)    (hour/ns)
Performance:      850.288        0.028

GROMACS reminds you: "I don't know how many of you have ever met Dijkstra, but you probably know that arrogance in computer science is measured in nano-Dijkstras." (Alan Kay)


# Integration error:        8.30

 -------------- BaysOpt loop, query 17 ---------------
going to run a simulation at 2.576105975999961 1.1938052079999777 
# Integrating             - Simpson's rule + Real Space Grid Mini     :-) GROMACS - gmx mdrun, 2023.2-EasyBuild_4.9.0_PLUMED_2.9.0.GMX2023 (-:

Executable:   /sw/arch/RHEL8/EB_production/2023/software/GROMACS/2023.2-foss-2023a-PLUMED-2.9.0.GMX2023/bin/gmx
Data prefix:  /sw/arch/RHEL8/EB_production/2023/software/GROMACS/2023.2-foss-2023a-PLUMED-2.9.0.GMX2023
Working dir:  /gpfs/home1/ekempkes/adipep_buq_short/result_Matern52_ls_0.75_kappa100_w_0.1_n0.0_queries_100_full
Command line:
  gmx mdrun -s simulations_essentials/md.tpr -plumed Colvars/plumed_-1.068_-2.576.dat -nsteps 10000 -x Colvars/traj_-1.068_-2.576.xtc


Back Off! I just backed up md.log to ./#md.log.1#
Reading file simulations_essentials/md.tpr, VERSION 2022.5-plumed_2.9.3 (single precision)
Note: file tpx version 127, software tpx version 129

NOTE: Parallelization is limited by the small number of atoms,
      only starting 1 thread-MPI ranks.
      You can use the -nt and/or -ntmpi option to optimize the number of threads.

Overriding nsteps with value passed on the command line: 10000 steps, 20 ps

comm-mode angular will give incorrect results when the comm group partially crosses a periodic boundary
Using 1 MPI thread

Non-default thread affinity set, disabling internal thread affinity

Using 1 OpenMP thread 


Back Off! I just backed up traj.trr to ./#traj.trr.1#

Back Off! I just backed up ener.edr to ./#ener.edr.1#
starting mdrun 'Generated by trjconv : Generated by trjconv : Alanine in vacuum in water t= 4500.00000'
10000 steps,     20.0 ps.

Writing final coordinates.

Back Off! I just backed up confout.gro to ./#confout.gro.1#

               Core t (s)   Wall t (s)        (%)
       Time:        2.048        2.048      100.0
                 (ns/day)    (hour/ns)
Performance:      843.787        0.028

GROMACS reminds you: "When I got my first job as a programmer there were quite a number of women doing programming because there was no computer science education and people were hired from many different fields if it seemed like they could do the work. It was better then, probably, in terms of proportions, not necessarily in women being paid as much as men and so forth, but definitely, there were women around." (Barbara Liskov)


# Integration error:        7.11

 -------------- BaysOpt loop, query 18 ---------------
going to run a simulation at -1.0681415019999982 -2.576105975999961 
# Integrating             - Simpson's rule + Real Space Grid Mini     :-) GROMACS - gmx mdrun, 2023.2-EasyBuild_4.9.0_PLUMED_2.9.0.GMX2023 (-:

Executable:   /sw/arch/RHEL8/EB_production/2023/software/GROMACS/2023.2-foss-2023a-PLUMED-2.9.0.GMX2023/bin/gmx
Data prefix:  /sw/arch/RHEL8/EB_production/2023/software/GROMACS/2023.2-foss-2023a-PLUMED-2.9.0.GMX2023
Working dir:  /gpfs/home1/ekempkes/adipep_buq_short/result_Matern52_ls_0.75_kappa100_w_0.1_n0.0_queries_100_full
Command line:
  gmx mdrun -s simulations_essentials/md.tpr -plumed Colvars/plumed_-2.639_-1.257.dat -nsteps 10000 -x Colvars/traj_-2.639_-1.257.xtc


Back Off! I just backed up md.log to ./#md.log.1#
Reading file simulations_essentials/md.tpr, VERSION 2022.5-plumed_2.9.3 (single precision)
Note: file tpx version 127, software tpx version 129

NOTE: Parallelization is limited by the small number of atoms,
      only starting 1 thread-MPI ranks.
      You can use the -nt and/or -ntmpi option to optimize the number of threads.

Overriding nsteps with value passed on the command line: 10000 steps, 20 ps

comm-mode angular will give incorrect results when the comm group partially crosses a periodic boundary
Using 1 MPI thread

Non-default thread affinity set, disabling internal thread affinity

Using 1 OpenMP thread 


Back Off! I just backed up traj.trr to ./#traj.trr.1#

Back Off! I just backed up ener.edr to ./#ener.edr.1#
starting mdrun 'Generated by trjconv : Generated by trjconv : Alanine in vacuum in water t= 4500.00000'
10000 steps,     20.0 ps.

Writing final coordinates.

Back Off! I just backed up confout.gro to ./#confout.gro.1#

               Core t (s)   Wall t (s)        (%)
       Time:        2.052        2.052      100.0
                 (ns/day)    (hour/ns)
Performance:      842.212        0.028

GROMACS reminds you: "The most exciting phrase to hear in science, the one that heralds new discoveries, is not "Eureka" but "That's funny..."." (Isaac Asimov)


# Integration error:        5.95

 -------------- BaysOpt loop, query 19 ---------------
going to run a simulation at -2.6389378290000334 -1.2566370609999933 
# Integrating             - Simpson's rule + Real Space Grid Mini     :-) GROMACS - gmx mdrun, 2023.2-EasyBuild_4.9.0_PLUMED_2.9.0.GMX2023 (-:

Executable:   /sw/arch/RHEL8/EB_production/2023/software/GROMACS/2023.2-foss-2023a-PLUMED-2.9.0.GMX2023/bin/gmx
Data prefix:  /sw/arch/RHEL8/EB_production/2023/software/GROMACS/2023.2-foss-2023a-PLUMED-2.9.0.GMX2023
Working dir:  /gpfs/home1/ekempkes/adipep_buq_short/result_Matern52_ls_0.75_kappa100_w_0.1_n0.0_queries_100_full
Command line:
  gmx mdrun -s simulations_essentials/md.tpr -plumed Colvars/plumed_-2.702_1.005.dat -nsteps 10000 -x Colvars/traj_-2.702_1.005.xtc


Back Off! I just backed up md.log to ./#md.log.1#
Reading file simulations_essentials/md.tpr, VERSION 2022.5-plumed_2.9.3 (single precision)
Note: file tpx version 127, software tpx version 129

NOTE: Parallelization is limited by the small number of atoms,
      only starting 1 thread-MPI ranks.
      You can use the -nt and/or -ntmpi option to optimize the number of threads.

Overriding nsteps with value passed on the command line: 10000 steps, 20 ps

comm-mode angular will give incorrect results when the comm group partially crosses a periodic boundary
Using 1 MPI thread

Non-default thread affinity set, disabling internal thread affinity

Using 1 OpenMP thread 


Back Off! I just backed up traj.trr to ./#traj.trr.1#

Back Off! I just backed up ener.edr to ./#ener.edr.1#
starting mdrun 'Generated by trjconv : Generated by trjconv : Alanine in vacuum in water t= 4500.00000'
10000 steps,     20.0 ps.

Writing final coordinates.

Back Off! I just backed up confout.gro to ./#confout.gro.1#

               Core t (s)   Wall t (s)        (%)
       Time:        2.046        2.046      100.0
                 (ns/day)    (hour/ns)
Performance:      844.629        0.028

GROMACS reminds you: "Player Sleeps With the Fishes" (Ein Bekanntes Spiel Von ID Software)


# Integration error:        6.01

 -------------- BaysOpt loop, query 20 ---------------
going to run a simulation at -2.701769681999987 1.0053096489999906 
# Integrating             - Simpson's rule + Real Space Grid Mini     :-) GROMACS - gmx mdrun, 2023.2-EasyBuild_4.9.0_PLUMED_2.9.0.GMX2023 (-:

Executable:   /sw/arch/RHEL8/EB_production/2023/software/GROMACS/2023.2-foss-2023a-PLUMED-2.9.0.GMX2023/bin/gmx
Data prefix:  /sw/arch/RHEL8/EB_production/2023/software/GROMACS/2023.2-foss-2023a-PLUMED-2.9.0.GMX2023
Working dir:  /gpfs/home1/ekempkes/adipep_buq_short/result_Matern52_ls_0.75_kappa100_w_0.1_n0.0_queries_100_full
Command line:
  gmx mdrun -s simulations_essentials/md.tpr -plumed Colvars/plumed_-0.251_1.319.dat -nsteps 10000 -x Colvars/traj_-0.251_1.319.xtc


Back Off! I just backed up md.log to ./#md.log.1#
Reading file simulations_essentials/md.tpr, VERSION 2022.5-plumed_2.9.3 (single precision)
Note: file tpx version 127, software tpx version 129

NOTE: Parallelization is limited by the small number of atoms,
      only starting 1 thread-MPI ranks.
      You can use the -nt and/or -ntmpi option to optimize the number of threads.

Overriding nsteps with value passed on the command line: 10000 steps, 20 ps

comm-mode angular will give incorrect results when the comm group partially crosses a periodic boundary
Using 1 MPI thread

Non-default thread affinity set, disabling internal thread affinity

Using 1 OpenMP thread 


Back Off! I just backed up traj.trr to ./#traj.trr.1#

Back Off! I just backed up ener.edr to ./#ener.edr.1#
starting mdrun 'Generated by trjconv : Generated by trjconv : Alanine in vacuum in water t= 4500.00000'
10000 steps,     20.0 ps.

Writing final coordinates.

Back Off! I just backed up confout.gro to ./#confout.gro.1#

               Core t (s)   Wall t (s)        (%)
       Time:        2.042        2.042      100.0
                 (ns/day)    (hour/ns)
Performance:      846.291        0.028

GROMACS reminds you: "Come on boys, Let's push it hard" (P.J. Harvey)


# Integration error:        6.14

 -------------- BaysOpt loop, query 21 ---------------
going to run a simulation at -0.25132741199999636 1.3194689150000116 
# Integrating             - Simpson's rule + Real Space Grid Mini     :-) GROMACS - gmx mdrun, 2023.2-EasyBuild_4.9.0_PLUMED_2.9.0.GMX2023 (-:

Executable:   /sw/arch/RHEL8/EB_production/2023/software/GROMACS/2023.2-foss-2023a-PLUMED-2.9.0.GMX2023/bin/gmx
Data prefix:  /sw/arch/RHEL8/EB_production/2023/software/GROMACS/2023.2-foss-2023a-PLUMED-2.9.0.GMX2023
Working dir:  /gpfs/home1/ekempkes/adipep_buq_short/result_Matern52_ls_0.75_kappa100_w_0.1_n0.0_queries_100_full
Command line:
  gmx mdrun -s simulations_essentials/md.tpr -plumed Colvars/plumed_-1.319_0.000.dat -nsteps 10000 -x Colvars/traj_-1.319_0.000.xtc


Back Off! I just backed up md.log to ./#md.log.1#
Reading file simulations_essentials/md.tpr, VERSION 2022.5-plumed_2.9.3 (single precision)
Note: file tpx version 127, software tpx version 129

NOTE: Parallelization is limited by the small number of atoms,
      only starting 1 thread-MPI ranks.
      You can use the -nt and/or -ntmpi option to optimize the number of threads.

Overriding nsteps with value passed on the command line: 10000 steps, 20 ps

comm-mode angular will give incorrect results when the comm group partially crosses a periodic boundary
Using 1 MPI thread

Non-default thread affinity set, disabling internal thread affinity

Using 1 OpenMP thread 


Back Off! I just backed up traj.trr to ./#traj.trr.1#

Back Off! I just backed up ener.edr to ./#ener.edr.1#
starting mdrun 'Generated by trjconv : Generated by trjconv : Alanine in vacuum in water t= 4500.00000'
10000 steps,     20.0 ps.

Writing final coordinates.

Back Off! I just backed up confout.gro to ./#confout.gro.1#

               Core t (s)   Wall t (s)        (%)
       Time:        2.043        2.043      100.0
                 (ns/day)    (hour/ns)
Performance:      845.747        0.028

GROMACS reminds you: "Unfortunately, "simulation" has become increasingly misused to mean nothing more than "calculation"" (Bill Jorgensen)


# Integration error:        6.53

 -------------- BaysOpt loop, query 22 ---------------
going to run a simulation at -1.3194689150000116 0.0 
# Integrating             - Simpson's rule + Real Space Grid Mini     :-) GROMACS - gmx mdrun, 2023.2-EasyBuild_4.9.0_PLUMED_2.9.0.GMX2023 (-:

Executable:   /sw/arch/RHEL8/EB_production/2023/software/GROMACS/2023.2-foss-2023a-PLUMED-2.9.0.GMX2023/bin/gmx
Data prefix:  /sw/arch/RHEL8/EB_production/2023/software/GROMACS/2023.2-foss-2023a-PLUMED-2.9.0.GMX2023
Working dir:  /gpfs/home1/ekempkes/adipep_buq_short/result_Matern52_ls_0.75_kappa100_w_0.1_n0.0_queries_100_full
Command line:
  gmx mdrun -s simulations_essentials/md.tpr -plumed Colvars/plumed_-1.319_2.639.dat -nsteps 10000 -x Colvars/traj_-1.319_2.639.xtc


Back Off! I just backed up md.log to ./#md.log.1#
Reading file simulations_essentials/md.tpr, VERSION 2022.5-plumed_2.9.3 (single precision)
Note: file tpx version 127, software tpx version 129

NOTE: Parallelization is limited by the small number of atoms,
      only starting 1 thread-MPI ranks.
      You can use the -nt and/or -ntmpi option to optimize the number of threads.

Overriding nsteps with value passed on the command line: 10000 steps, 20 ps

comm-mode angular will give incorrect results when the comm group partially crosses a periodic boundary
Using 1 MPI thread

Non-default thread affinity set, disabling internal thread affinity

Using 1 OpenMP thread 


Back Off! I just backed up traj.trr to ./#traj.trr.1#

Back Off! I just backed up ener.edr to ./#ener.edr.1#
starting mdrun 'Generated by trjconv : Generated by trjconv : Alanine in vacuum in water t= 4500.00000'
10000 steps,     20.0 ps.

Writing final coordinates.

Back Off! I just backed up confout.gro to ./#confout.gro.1#

               Core t (s)   Wall t (s)        (%)
       Time:        2.036        2.036      100.0
                 (ns/day)    (hour/ns)
Performance:      848.688        0.028

GROMACS reminds you: "It is disconcerting to reflect on the number of students we have flunked in chemistry for not knowing what we later found to be untrue." (Robert L. Weber)


# Integration error:        6.57

 -------------- BaysOpt loop, query 23 ---------------
going to run a simulation at -1.3194689150000116 2.6389378290000334 
# Integrating             - Simpson's rule + Real Space Grid Mini     :-) GROMACS - gmx mdrun, 2023.2-EasyBuild_4.9.0_PLUMED_2.9.0.GMX2023 (-:

Executable:   /sw/arch/RHEL8/EB_production/2023/software/GROMACS/2023.2-foss-2023a-PLUMED-2.9.0.GMX2023/bin/gmx
Data prefix:  /sw/arch/RHEL8/EB_production/2023/software/GROMACS/2023.2-foss-2023a-PLUMED-2.9.0.GMX2023
Working dir:  /gpfs/home1/ekempkes/adipep_buq_short/result_Matern52_ls_0.75_kappa100_w_0.1_n0.0_queries_100_full
Command line:
  gmx mdrun -s simulations_essentials/md.tpr -plumed Colvars/plumed_2.702_-2.639.dat -nsteps 10000 -x Colvars/traj_2.702_-2.639.xtc


Back Off! I just backed up md.log to ./#md.log.1#
Reading file simulations_essentials/md.tpr, VERSION 2022.5-plumed_2.9.3 (single precision)
Note: file tpx version 127, software tpx version 129

NOTE: Parallelization is limited by the small number of atoms,
      only starting 1 thread-MPI ranks.
      You can use the -nt and/or -ntmpi option to optimize the number of threads.

Overriding nsteps with value passed on the command line: 10000 steps, 20 ps

comm-mode angular will give incorrect results when the comm group partially crosses a periodic boundary
Using 1 MPI thread

Non-default thread affinity set, disabling internal thread affinity

Using 1 OpenMP thread 


Back Off! I just backed up traj.trr to ./#traj.trr.1#

Back Off! I just backed up ener.edr to ./#ener.edr.1#
starting mdrun 'Generated by trjconv : Generated by trjconv : Alanine in vacuum in water t= 4500.00000'
10000 steps,     20.0 ps.

Writing final coordinates.

Back Off! I just backed up confout.gro to ./#confout.gro.1#

               Core t (s)   Wall t (s)        (%)
       Time:        2.035        2.035      100.0
                 (ns/day)    (hour/ns)
Performance:      849.097        0.028

GROMACS reminds you: "Mendeleev's first attempt, the perfluoric table, was a total disaster, and his subsequent attempts, the perchloric and perbromic tables, were not favorably received. Only his fourth attempt, the periodic table, gained general acceptance." (Anonymous)


# Integration error:        6.45

 -------------- BaysOpt loop, query 24 ---------------
going to run a simulation at 2.701769681999987 -2.6389378290000334 
# Integrating             - Simpson's rule + Real Space Grid Mini     :-) GROMACS - gmx mdrun, 2023.2-EasyBuild_4.9.0_PLUMED_2.9.0.GMX2023 (-:

Executable:   /sw/arch/RHEL8/EB_production/2023/software/GROMACS/2023.2-foss-2023a-PLUMED-2.9.0.GMX2023/bin/gmx
Data prefix:  /sw/arch/RHEL8/EB_production/2023/software/GROMACS/2023.2-foss-2023a-PLUMED-2.9.0.GMX2023
Working dir:  /gpfs/home1/ekempkes/adipep_buq_short/result_Matern52_ls_0.75_kappa100_w_0.1_n0.0_queries_100_full
Command line:
  gmx mdrun -s simulations_essentials/md.tpr -plumed Colvars/plumed_0.942_-1.696.dat -nsteps 10000 -x Colvars/traj_0.942_-1.696.xtc


Back Off! I just backed up md.log to ./#md.log.1#
Reading file simulations_essentials/md.tpr, VERSION 2022.5-plumed_2.9.3 (single precision)
Note: file tpx version 127, software tpx version 129

NOTE: Parallelization is limited by the small number of atoms,
      only starting 1 thread-MPI ranks.
      You can use the -nt and/or -ntmpi option to optimize the number of threads.

Overriding nsteps with value passed on the command line: 10000 steps, 20 ps

comm-mode angular will give incorrect results when the comm group partially crosses a periodic boundary
Using 1 MPI thread

Non-default thread affinity set, disabling internal thread affinity

Using 1 OpenMP thread 


Back Off! I just backed up traj.trr to ./#traj.trr.1#

Back Off! I just backed up ener.edr to ./#ener.edr.1#
starting mdrun 'Generated by trjconv : Generated by trjconv : Alanine in vacuum in water t= 4500.00000'
10000 steps,     20.0 ps.

Writing final coordinates.

Back Off! I just backed up confout.gro to ./#confout.gro.1#

               Core t (s)   Wall t (s)        (%)
       Time:        2.087        2.087      100.0
                 (ns/day)    (hour/ns)
Performance:      828.193        0.029

GROMACS reminds you: "The best way to obtain plausible negative examples is to run a docking program with a biophysics-based function." (Julie Bernauer)


# Integration error:        5.75

 -------------- BaysOpt loop, query 25 ---------------
going to run a simulation at 0.9424777960000189 -1.6964600329999944 
# Integrating             - Simpson's rule + Real Space Grid Mini     :-) GROMACS - gmx mdrun, 2023.2-EasyBuild_4.9.0_PLUMED_2.9.0.GMX2023 (-:

Executable:   /sw/arch/RHEL8/EB_production/2023/software/GROMACS/2023.2-foss-2023a-PLUMED-2.9.0.GMX2023/bin/gmx
Data prefix:  /sw/arch/RHEL8/EB_production/2023/software/GROMACS/2023.2-foss-2023a-PLUMED-2.9.0.GMX2023
Working dir:  /gpfs/home1/ekempkes/adipep_buq_short/result_Matern52_ls_0.75_kappa100_w_0.1_n0.0_queries_100_full
Command line:
  gmx mdrun -s simulations_essentials/md.tpr -plumed Colvars/plumed_1.696_-0.691.dat -nsteps 10000 -x Colvars/traj_1.696_-0.691.xtc


Back Off! I just backed up md.log to ./#md.log.1#
Reading file simulations_essentials/md.tpr, VERSION 2022.5-plumed_2.9.3 (single precision)
Note: file tpx version 127, software tpx version 129

NOTE: Parallelization is limited by the small number of atoms,
      only starting 1 thread-MPI ranks.
      You can use the -nt and/or -ntmpi option to optimize the number of threads.

Overriding nsteps with value passed on the command line: 10000 steps, 20 ps

comm-mode angular will give incorrect results when the comm group partially crosses a periodic boundary
Using 1 MPI thread

Non-default thread affinity set, disabling internal thread affinity

Using 1 OpenMP thread 


Back Off! I just backed up traj.trr to ./#traj.trr.1#

Back Off! I just backed up ener.edr to ./#ener.edr.1#
starting mdrun 'Generated by trjconv : Generated by trjconv : Alanine in vacuum in water t= 4500.00000'
10000 steps,     20.0 ps.

Writing final coordinates.

Back Off! I just backed up confout.gro to ./#confout.gro.1#

               Core t (s)   Wall t (s)        (%)
       Time:        2.029        2.029      100.0
                 (ns/day)    (hour/ns)
Performance:      851.570        0.028

GROMACS reminds you: "The time for theory is over" (J. Hajdu)


# Integration error:        6.00

 -------------- BaysOpt loop, query 26 ---------------
going to run a simulation at 1.6964600329999944 -0.6911503840000147 
# Integrating             - Simpson's rule + Real Space Grid Mini     :-) GROMACS - gmx mdrun, 2023.2-EasyBuild_4.9.0_PLUMED_2.9.0.GMX2023 (-:

Executable:   /sw/arch/RHEL8/EB_production/2023/software/GROMACS/2023.2-foss-2023a-PLUMED-2.9.0.GMX2023/bin/gmx
Data prefix:  /sw/arch/RHEL8/EB_production/2023/software/GROMACS/2023.2-foss-2023a-PLUMED-2.9.0.GMX2023
Working dir:  /gpfs/home1/ekempkes/adipep_buq_short/result_Matern52_ls_0.75_kappa100_w_0.1_n0.0_queries_100_full
Command line:
  gmx mdrun -s simulations_essentials/md.tpr -plumed Colvars/plumed_2.702_2.827.dat -nsteps 10000 -x Colvars/traj_2.702_2.827.xtc


Back Off! I just backed up md.log to ./#md.log.1#
Reading file simulations_essentials/md.tpr, VERSION 2022.5-plumed_2.9.3 (single precision)
Note: file tpx version 127, software tpx version 129

NOTE: Parallelization is limited by the small number of atoms,
      only starting 1 thread-MPI ranks.
      You can use the -nt and/or -ntmpi option to optimize the number of threads.

Overriding nsteps with value passed on the command line: 10000 steps, 20 ps

comm-mode angular will give incorrect results when the comm group partially crosses a periodic boundary
Using 1 MPI thread

Non-default thread affinity set, disabling internal thread affinity

Using 1 OpenMP thread 


Back Off! I just backed up traj.trr to ./#traj.trr.1#

Back Off! I just backed up ener.edr to ./#ener.edr.1#
starting mdrun 'Generated by trjconv : Generated by trjconv : Alanine in vacuum in water t= 4500.00000'
10000 steps,     20.0 ps.

Writing final coordinates.

Back Off! I just backed up confout.gro to ./#confout.gro.1#

               Core t (s)   Wall t (s)        (%)
       Time:        2.026        2.026      100.0
                 (ns/day)    (hour/ns)
Performance:      852.828        0.028

GROMACS reminds you: "Never Get a Chance to Kick Ass" (The Amps)


# Integration error:        5.34

 -------------- BaysOpt loop, query 27 ---------------
going to run a simulation at 2.701769681999987 2.8274333879999514 
# Integrating             - Simpson's rule + Real Space Grid Mini     :-) GROMACS - gmx mdrun, 2023.2-EasyBuild_4.9.0_PLUMED_2.9.0.GMX2023 (-:

Executable:   /sw/arch/RHEL8/EB_production/2023/software/GROMACS/2023.2-foss-2023a-PLUMED-2.9.0.GMX2023/bin/gmx
Data prefix:  /sw/arch/RHEL8/EB_production/2023/software/GROMACS/2023.2-foss-2023a-PLUMED-2.9.0.GMX2023
Working dir:  /gpfs/home1/ekempkes/adipep_buq_short/result_Matern52_ls_0.75_kappa100_w_0.1_n0.0_queries_100_full
Command line:
  gmx mdrun -s simulations_essentials/md.tpr -plumed Colvars/plumed_-2.827_2.702.dat -nsteps 10000 -x Colvars/traj_-2.827_2.702.xtc


Back Off! I just backed up md.log to ./#md.log.1#
Reading file simulations_essentials/md.tpr, VERSION 2022.5-plumed_2.9.3 (single precision)
Note: file tpx version 127, software tpx version 129

NOTE: Parallelization is limited by the small number of atoms,
      only starting 1 thread-MPI ranks.
      You can use the -nt and/or -ntmpi option to optimize the number of threads.

Overriding nsteps with value passed on the command line: 10000 steps, 20 ps

comm-mode angular will give incorrect results when the comm group partially crosses a periodic boundary
Using 1 MPI thread

Non-default thread affinity set, disabling internal thread affinity

Using 1 OpenMP thread 


Back Off! I just backed up traj.trr to ./#traj.trr.1#

Back Off! I just backed up ener.edr to ./#ener.edr.1#
starting mdrun 'Generated by trjconv : Generated by trjconv : Alanine in vacuum in water t= 4500.00000'
10000 steps,     20.0 ps.

Writing final coordinates.

Back Off! I just backed up confout.gro to ./#confout.gro.1#

               Core t (s)   Wall t (s)        (%)
       Time:        2.030        2.030      100.0
                 (ns/day)    (hour/ns)
Performance:      851.235        0.028

GROMACS reminds you: "Everything Must Go" (Red Hot Chili Peppers)


# Integration error:        5.54

 -------------- BaysOpt loop, query 28 ---------------
going to run a simulation at -2.8274333879999514 2.701769681999987 
# Integrating             - Simpson's rule + Real Space Grid Mini     :-) GROMACS - gmx mdrun, 2023.2-EasyBuild_4.9.0_PLUMED_2.9.0.GMX2023 (-:

Executable:   /sw/arch/RHEL8/EB_production/2023/software/GROMACS/2023.2-foss-2023a-PLUMED-2.9.0.GMX2023/bin/gmx
Data prefix:  /sw/arch/RHEL8/EB_production/2023/software/GROMACS/2023.2-foss-2023a-PLUMED-2.9.0.GMX2023
Working dir:  /gpfs/home1/ekempkes/adipep_buq_short/result_Matern52_ls_0.75_kappa100_w_0.1_n0.0_queries_100_full
Command line:
  gmx mdrun -s simulations_essentials/md.tpr -plumed Colvars/plumed_-2.765_-2.827.dat -nsteps 10000 -x Colvars/traj_-2.765_-2.827.xtc


Back Off! I just backed up md.log to ./#md.log.1#
Reading file simulations_essentials/md.tpr, VERSION 2022.5-plumed_2.9.3 (single precision)
Note: file tpx version 127, software tpx version 129

NOTE: Parallelization is limited by the small number of atoms,
      only starting 1 thread-MPI ranks.
      You can use the -nt and/or -ntmpi option to optimize the number of threads.

Overriding nsteps with value passed on the command line: 10000 steps, 20 ps

comm-mode angular will give incorrect results when the comm group partially crosses a periodic boundary
Using 1 MPI thread

Non-default thread affinity set, disabling internal thread affinity

Using 1 OpenMP thread 


Back Off! I just backed up traj.trr to ./#traj.trr.1#

Back Off! I just backed up ener.edr to ./#ener.edr.1#
starting mdrun 'Generated by trjconv : Generated by trjconv : Alanine in vacuum in water t= 4500.00000'
10000 steps,     20.0 ps.

Writing final coordinates.

Back Off! I just backed up confout.gro to ./#confout.gro.1#

               Core t (s)   Wall t (s)        (%)
       Time:        2.046        2.046      100.0
                 (ns/day)    (hour/ns)
Performance:      844.559        0.028

GROMACS reminds you: "The historical meaning of QM/MM: Quanto Mangi, Mamma Mia!" (Attilio Vittorio Vargiu, at BioExcel 2022 Summer School in Sardinia)


# Integration error:        5.57

 -------------- BaysOpt loop, query 29 ---------------
going to run a simulation at -2.7646015350000686 -2.8274333879999514 
# Integrating             - Simpson's rule + Real Space Grid Mini     :-) GROMACS - gmx mdrun, 2023.2-EasyBuild_4.9.0_PLUMED_2.9.0.GMX2023 (-:

Executable:   /sw/arch/RHEL8/EB_production/2023/software/GROMACS/2023.2-foss-2023a-PLUMED-2.9.0.GMX2023/bin/gmx
Data prefix:  /sw/arch/RHEL8/EB_production/2023/software/GROMACS/2023.2-foss-2023a-PLUMED-2.9.0.GMX2023
Working dir:  /gpfs/home1/ekempkes/adipep_buq_short/result_Matern52_ls_0.75_kappa100_w_0.1_n0.0_queries_100_full
Command line:
  gmx mdrun -s simulations_essentials/md.tpr -plumed Colvars/plumed_0.000_-1.319.dat -nsteps 10000 -x Colvars/traj_0.000_-1.319.xtc


Back Off! I just backed up md.log to ./#md.log.1#
Reading file simulations_essentials/md.tpr, VERSION 2022.5-plumed_2.9.3 (single precision)
Note: file tpx version 127, software tpx version 129

NOTE: Parallelization is limited by the small number of atoms,
      only starting 1 thread-MPI ranks.
      You can use the -nt and/or -ntmpi option to optimize the number of threads.

Overriding nsteps with value passed on the command line: 10000 steps, 20 ps

comm-mode angular will give incorrect results when the comm group partially crosses a periodic boundary
Using 1 MPI thread

Non-default thread affinity set, disabling internal thread affinity

Using 1 OpenMP thread 


Back Off! I just backed up traj.trr to ./#traj.trr.1#

Back Off! I just backed up ener.edr to ./#ener.edr.1#
starting mdrun 'Generated by trjconv : Generated by trjconv : Alanine in vacuum in water t= 4500.00000'
10000 steps,     20.0 ps.

Writing final coordinates.

Back Off! I just backed up confout.gro to ./#confout.gro.1#

               Core t (s)   Wall t (s)        (%)
       Time:        2.048        2.048      100.0
                 (ns/day)    (hour/ns)
Performance:      843.648        0.028

GROMACS reminds you: "Perfect is the enemy of good." (Voltaire)


# Integration error:        5.41

 -------------- BaysOpt loop, query 30 ---------------
going to run a simulation at 0.0 -1.3194689150000116 
# Integrating             - Simpson's rule + Real Space Grid Mini     :-) GROMACS - gmx mdrun, 2023.2-EasyBuild_4.9.0_PLUMED_2.9.0.GMX2023 (-:

Executable:   /sw/arch/RHEL8/EB_production/2023/software/GROMACS/2023.2-foss-2023a-PLUMED-2.9.0.GMX2023/bin/gmx
Data prefix:  /sw/arch/RHEL8/EB_production/2023/software/GROMACS/2023.2-foss-2023a-PLUMED-2.9.0.GMX2023
Working dir:  /gpfs/home1/ekempkes/adipep_buq_short/result_Matern52_ls_0.75_kappa100_w_0.1_n0.0_queries_100_full
Command line:
  gmx mdrun -s simulations_essentials/md.tpr -plumed Colvars/plumed_0.440_-0.251.dat -nsteps 10000 -x Colvars/traj_0.440_-0.251.xtc


Back Off! I just backed up md.log to ./#md.log.1#
Reading file simulations_essentials/md.tpr, VERSION 2022.5-plumed_2.9.3 (single precision)
Note: file tpx version 127, software tpx version 129

NOTE: Parallelization is limited by the small number of atoms,
      only starting 1 thread-MPI ranks.
      You can use the -nt and/or -ntmpi option to optimize the number of threads.

Overriding nsteps with value passed on the command line: 10000 steps, 20 ps

comm-mode angular will give incorrect results when the comm group partially crosses a periodic boundary
Using 1 MPI thread

Non-default thread affinity set, disabling internal thread affinity

Using 1 OpenMP thread 


Back Off! I just backed up traj.trr to ./#traj.trr.1#

Back Off! I just backed up ener.edr to ./#ener.edr.1#
starting mdrun 'Generated by trjconv : Generated by trjconv : Alanine in vacuum in water t= 4500.00000'
10000 steps,     20.0 ps.

Writing final coordinates.

Back Off! I just backed up confout.gro to ./#confout.gro.1#

               Core t (s)   Wall t (s)        (%)
       Time:        2.046        2.046      100.0
                 (ns/day)    (hour/ns)
Performance:      844.665        0.028

GROMACS reminds you: "Computer science is no more about computers than astronomy is about telescopes" (Edsger Dijkstra)


# Integration error:        5.49

 -------------- BaysOpt loop, query 31 ---------------
going to run a simulation at 0.43982297200000164 -0.25132741199999636 
# Integrating             - Simpson's rule + Real Space Grid Mini     :-) GROMACS - gmx mdrun, 2023.2-EasyBuild_4.9.0_PLUMED_2.9.0.GMX2023 (-:

Executable:   /sw/arch/RHEL8/EB_production/2023/software/GROMACS/2023.2-foss-2023a-PLUMED-2.9.0.GMX2023/bin/gmx
Data prefix:  /sw/arch/RHEL8/EB_production/2023/software/GROMACS/2023.2-foss-2023a-PLUMED-2.9.0.GMX2023
Working dir:  /gpfs/home1/ekempkes/adipep_buq_short/result_Matern52_ls_0.75_kappa100_w_0.1_n0.0_queries_100_full
Command line:
  gmx mdrun -s simulations_essentials/md.tpr -plumed Colvars/plumed_0.440_1.696.dat -nsteps 10000 -x Colvars/traj_0.440_1.696.xtc


Back Off! I just backed up md.log to ./#md.log.1#
Reading file simulations_essentials/md.tpr, VERSION 2022.5-plumed_2.9.3 (single precision)
Note: file tpx version 127, software tpx version 129

NOTE: Parallelization is limited by the small number of atoms,
      only starting 1 thread-MPI ranks.
      You can use the -nt and/or -ntmpi option to optimize the number of threads.

Overriding nsteps with value passed on the command line: 10000 steps, 20 ps

comm-mode angular will give incorrect results when the comm group partially crosses a periodic boundary
Using 1 MPI thread

Non-default thread affinity set, disabling internal thread affinity

Using 1 OpenMP thread 


Back Off! I just backed up traj.trr to ./#traj.trr.1#

Back Off! I just backed up ener.edr to ./#ener.edr.1#
starting mdrun 'Generated by trjconv : Generated by trjconv : Alanine in vacuum in water t= 4500.00000'
10000 steps,     20.0 ps.

Writing final coordinates.

Back Off! I just backed up confout.gro to ./#confout.gro.1#

               Core t (s)   Wall t (s)        (%)
       Time:        2.036        2.037      100.0
                 (ns/day)    (hour/ns)
Performance:      848.574        0.028

GROMACS reminds you: "Today we're not going to optimize our CUDA code, cause that's just a rabbit hole of misery!" (Tim Warburton)


# Integration error:        4.99

 -------------- BaysOpt loop, query 32 ---------------
going to run a simulation at 0.43982297200000164 1.6964600329999944 
# Integrating             - Simpson's rule + Real Space Grid Mini     :-) GROMACS - gmx mdrun, 2023.2-EasyBuild_4.9.0_PLUMED_2.9.0.GMX2023 (-:

Executable:   /sw/arch/RHEL8/EB_production/2023/software/GROMACS/2023.2-foss-2023a-PLUMED-2.9.0.GMX2023/bin/gmx
Data prefix:  /sw/arch/RHEL8/EB_production/2023/software/GROMACS/2023.2-foss-2023a-PLUMED-2.9.0.GMX2023
Working dir:  /gpfs/home1/ekempkes/adipep_buq_short/result_Matern52_ls_0.75_kappa100_w_0.1_n0.0_queries_100_full
Command line:
  gmx mdrun -s simulations_essentials/md.tpr -plumed Colvars/plumed_0.188_-2.890.dat -nsteps 10000 -x Colvars/traj_0.188_-2.890.xtc


Back Off! I just backed up md.log to ./#md.log.1#
Reading file simulations_essentials/md.tpr, VERSION 2022.5-plumed_2.9.3 (single precision)
Note: file tpx version 127, software tpx version 129

NOTE: Parallelization is limited by the small number of atoms,
      only starting 1 thread-MPI ranks.
      You can use the -nt and/or -ntmpi option to optimize the number of threads.

Overriding nsteps with value passed on the command line: 10000 steps, 20 ps

comm-mode angular will give incorrect results when the comm group partially crosses a periodic boundary
Using 1 MPI thread

Non-default thread affinity set, disabling internal thread affinity

Using 1 OpenMP thread 


Back Off! I just backed up traj.trr to ./#traj.trr.1#

Back Off! I just backed up ener.edr to ./#ener.edr.1#
starting mdrun 'Generated by trjconv : Generated by trjconv : Alanine in vacuum in water t= 4500.00000'
10000 steps,     20.0 ps.

Writing final coordinates.

Back Off! I just backed up confout.gro to ./#confout.gro.1#

               Core t (s)   Wall t (s)        (%)
       Time:        2.017        2.017      100.0
                 (ns/day)    (hour/ns)
Performance:      856.679        0.028

GROMACS reminds you: "Physics isn't a religion. If it were, we'd have a much easier time raising money." (Leon Lederman)


# Integration error:        4.23

 -------------- BaysOpt loop, query 33 ---------------
going to run a simulation at 0.18849555899999812 -2.890265241000028 
# Integrating             - Simpson's rule + Real Space Grid Mini     :-) GROMACS - gmx mdrun, 2023.2-EasyBuild_4.9.0_PLUMED_2.9.0.GMX2023 (-:

Executable:   /sw/arch/RHEL8/EB_production/2023/software/GROMACS/2023.2-foss-2023a-PLUMED-2.9.0.GMX2023/bin/gmx
Data prefix:  /sw/arch/RHEL8/EB_production/2023/software/GROMACS/2023.2-foss-2023a-PLUMED-2.9.0.GMX2023
Working dir:  /gpfs/home1/ekempkes/adipep_buq_short/result_Matern52_ls_0.75_kappa100_w_0.1_n0.0_queries_100_full
Command line:
  gmx mdrun -s simulations_essentials/md.tpr -plumed Colvars/plumed_1.759_1.068.dat -nsteps 10000 -x Colvars/traj_1.759_1.068.xtc


Back Off! I just backed up md.log to ./#md.log.1#
Reading file simulations_essentials/md.tpr, VERSION 2022.5-plumed_2.9.3 (single precision)
Note: file tpx version 127, software tpx version 129

NOTE: Parallelization is limited by the small number of atoms,
      only starting 1 thread-MPI ranks.
      You can use the -nt and/or -ntmpi option to optimize the number of threads.

Overriding nsteps with value passed on the command line: 10000 steps, 20 ps

comm-mode angular will give incorrect results when the comm group partially crosses a periodic boundary
Using 1 MPI thread

Non-default thread affinity set, disabling internal thread affinity

Using 1 OpenMP thread 


Back Off! I just backed up traj.trr to ./#traj.trr.1#

Back Off! I just backed up ener.edr to ./#ener.edr.1#
starting mdrun 'Generated by trjconv : Generated by trjconv : Alanine in vacuum in water t= 4500.00000'
10000 steps,     20.0 ps.

Writing final coordinates.

Back Off! I just backed up confout.gro to ./#confout.gro.1#

               Core t (s)   Wall t (s)        (%)
       Time:        2.017        2.017      100.0
                 (ns/day)    (hour/ns)
Performance:      856.899        0.028

GROMACS reminds you: "Teemu [Murtola] keeps beating our code, but that's fine because he's always right." (Berk Hess)


# Integration error:        5.38

 -------------- BaysOpt loop, query 34 ---------------
going to run a simulation at 1.7592918860000242 1.0681415019999982 
# Integrating             - Simpson's rule + Real Space Grid Mini     :-) GROMACS - gmx mdrun, 2023.2-EasyBuild_4.9.0_PLUMED_2.9.0.GMX2023 (-:

Executable:   /sw/arch/RHEL8/EB_production/2023/software/GROMACS/2023.2-foss-2023a-PLUMED-2.9.0.GMX2023/bin/gmx
Data prefix:  /sw/arch/RHEL8/EB_production/2023/software/GROMACS/2023.2-foss-2023a-PLUMED-2.9.0.GMX2023
Working dir:  /gpfs/home1/ekempkes/adipep_buq_short/result_Matern52_ls_0.75_kappa100_w_0.1_n0.0_queries_100_full
Command line:
  gmx mdrun -s simulations_essentials/md.tpr -plumed Colvars/plumed_2.890_0.126.dat -nsteps 10000 -x Colvars/traj_2.890_0.126.xtc


Back Off! I just backed up md.log to ./#md.log.1#
Reading file simulations_essentials/md.tpr, VERSION 2022.5-plumed_2.9.3 (single precision)
Note: file tpx version 127, software tpx version 129

NOTE: Parallelization is limited by the small number of atoms,
      only starting 1 thread-MPI ranks.
      You can use the -nt and/or -ntmpi option to optimize the number of threads.

Overriding nsteps with value passed on the command line: 10000 steps, 20 ps

comm-mode angular will give incorrect results when the comm group partially crosses a periodic boundary
Using 1 MPI thread

Non-default thread affinity set, disabling internal thread affinity

Using 1 OpenMP thread 


Back Off! I just backed up traj.trr to ./#traj.trr.1#

Back Off! I just backed up ener.edr to ./#ener.edr.1#
starting mdrun 'Generated by trjconv : Generated by trjconv : Alanine in vacuum in water t= 4500.00000'
10000 steps,     20.0 ps.

Writing final coordinates.

Back Off! I just backed up confout.gro to ./#confout.gro.1#

               Core t (s)   Wall t (s)        (%)
       Time:        2.054        2.054      100.0
                 (ns/day)    (hour/ns)
Performance:      841.260        0.029

GROMACS reminds you: "The loveliest theories are being overthrown by these damned experiments; it is no fun being a chemist any more." (Justus von Liebig, letter to J.J. Berzelius 1834)


# Integration error:        5.67

 -------------- BaysOpt loop, query 35 ---------------
going to run a simulation at 2.890265241000028 0.12566370599999818 
# Integrating             - Simpson's rule + Real Space Grid Mini     :-) GROMACS - gmx mdrun, 2023.2-EasyBuild_4.9.0_PLUMED_2.9.0.GMX2023 (-:

Executable:   /sw/arch/RHEL8/EB_production/2023/software/GROMACS/2023.2-foss-2023a-PLUMED-2.9.0.GMX2023/bin/gmx
Data prefix:  /sw/arch/RHEL8/EB_production/2023/software/GROMACS/2023.2-foss-2023a-PLUMED-2.9.0.GMX2023
Working dir:  /gpfs/home1/ekempkes/adipep_buq_short/result_Matern52_ls_0.75_kappa100_w_0.1_n0.0_queries_100_full
Command line:
  gmx mdrun -s simulations_essentials/md.tpr -plumed Colvars/plumed_-1.131_1.822.dat -nsteps 10000 -x Colvars/traj_-1.131_1.822.xtc


Back Off! I just backed up md.log to ./#md.log.1#
Reading file simulations_essentials/md.tpr, VERSION 2022.5-plumed_2.9.3 (single precision)
Note: file tpx version 127, software tpx version 129

NOTE: Parallelization is limited by the small number of atoms,
      only starting 1 thread-MPI ranks.
      You can use the -nt and/or -ntmpi option to optimize the number of threads.

Overriding nsteps with value passed on the command line: 10000 steps, 20 ps

comm-mode angular will give incorrect results when the comm group partially crosses a periodic boundary
Using 1 MPI thread

Non-default thread affinity set, disabling internal thread affinity

Using 1 OpenMP thread 


Back Off! I just backed up traj.trr to ./#traj.trr.1#

Back Off! I just backed up ener.edr to ./#ener.edr.1#
starting mdrun 'Generated by trjconv : Generated by trjconv : Alanine in vacuum in water t= 4500.00000'
10000 steps,     20.0 ps.

Writing final coordinates.

Back Off! I just backed up confout.gro to ./#confout.gro.1#

               Core t (s)   Wall t (s)        (%)
       Time:        2.033        2.033      100.0
                 (ns/day)    (hour/ns)
Performance:      849.968        0.028

GROMACS reminds you: "Aber wenn der Quarterback kommt, um dir die Brille abzunehmen, sag ihm: Danke, die bleibt wo sie ist" (Wir sind Helden)


# Integration error:        5.44

 -------------- BaysOpt loop, query 36 ---------------
going to run a simulation at -1.130973355000006 1.8221237390000142 
# Integrating             - Simpson's rule + Real Space Grid Mini     :-) GROMACS - gmx mdrun, 2023.2-EasyBuild_4.9.0_PLUMED_2.9.0.GMX2023 (-:

Executable:   /sw/arch/RHEL8/EB_production/2023/software/GROMACS/2023.2-foss-2023a-PLUMED-2.9.0.GMX2023/bin/gmx
Data prefix:  /sw/arch/RHEL8/EB_production/2023/software/GROMACS/2023.2-foss-2023a-PLUMED-2.9.0.GMX2023
Working dir:  /gpfs/home1/ekempkes/adipep_buq_short/result_Matern52_ls_0.75_kappa100_w_0.1_n0.0_queries_100_full
Command line:
  gmx mdrun -s simulations_essentials/md.tpr -plumed Colvars/plumed_-0.126_2.827.dat -nsteps 10000 -x Colvars/traj_-0.126_2.827.xtc


Back Off! I just backed up md.log to ./#md.log.1#
Reading file simulations_essentials/md.tpr, VERSION 2022.5-plumed_2.9.3 (single precision)
Note: file tpx version 127, software tpx version 129

NOTE: Parallelization is limited by the small number of atoms,
      only starting 1 thread-MPI ranks.
      You can use the -nt and/or -ntmpi option to optimize the number of threads.

Overriding nsteps with value passed on the command line: 10000 steps, 20 ps

comm-mode angular will give incorrect results when the comm group partially crosses a periodic boundary
Using 1 MPI thread

Non-default thread affinity set, disabling internal thread affinity

Using 1 OpenMP thread 


Back Off! I just backed up traj.trr to ./#traj.trr.1#

Back Off! I just backed up ener.edr to ./#ener.edr.1#
starting mdrun 'Generated by trjconv : Generated by trjconv : Alanine in vacuum in water t= 4500.00000'
10000 steps,     20.0 ps.

Writing final coordinates.

Back Off! I just backed up confout.gro to ./#confout.gro.1#

               Core t (s)   Wall t (s)        (%)
       Time:        2.076        2.077      100.0
                 (ns/day)    (hour/ns)
Performance:      832.225        0.029

GROMACS reminds you: "Can I have everything louder than everything else?" (Deep Purple)


# Integration error:        5.52

 -------------- BaysOpt loop, query 37 ---------------
going to run a simulation at -0.12566370599999818 2.8274333879999514 
# Integrating             - Simpson's rule + Real Space Grid Mini     :-) GROMACS - gmx mdrun, 2023.2-EasyBuild_4.9.0_PLUMED_2.9.0.GMX2023 (-:

Executable:   /sw/arch/RHEL8/EB_production/2023/software/GROMACS/2023.2-foss-2023a-PLUMED-2.9.0.GMX2023/bin/gmx
Data prefix:  /sw/arch/RHEL8/EB_production/2023/software/GROMACS/2023.2-foss-2023a-PLUMED-2.9.0.GMX2023
Working dir:  /gpfs/home1/ekempkes/adipep_buq_short/result_Matern52_ls_0.75_kappa100_w_0.1_n0.0_queries_100_full
Command line:
  gmx mdrun -s simulations_essentials/md.tpr -plumed Colvars/plumed_1.571_2.513.dat -nsteps 10000 -x Colvars/traj_1.571_2.513.xtc


Back Off! I just backed up md.log to ./#md.log.1#
Reading file simulations_essentials/md.tpr, VERSION 2022.5-plumed_2.9.3 (single precision)
Note: file tpx version 127, software tpx version 129

NOTE: Parallelization is limited by the small number of atoms,
      only starting 1 thread-MPI ranks.
      You can use the -nt and/or -ntmpi option to optimize the number of threads.

Overriding nsteps with value passed on the command line: 10000 steps, 20 ps

comm-mode angular will give incorrect results when the comm group partially crosses a periodic boundary
Using 1 MPI thread

Non-default thread affinity set, disabling internal thread affinity

Using 1 OpenMP thread 


Back Off! I just backed up traj.trr to ./#traj.trr.1#

Back Off! I just backed up ener.edr to ./#ener.edr.1#
starting mdrun 'Generated by trjconv : Generated by trjconv : Alanine in vacuum in water t= 4500.00000'
10000 steps,     20.0 ps.

Writing final coordinates.

Back Off! I just backed up confout.gro to ./#confout.gro.1#

               Core t (s)   Wall t (s)        (%)
       Time:        2.044        2.044      100.0
                 (ns/day)    (hour/ns)
Performance:      845.300        0.028

GROMACS reminds you: "There are only two things wrong with C++:  The initial concept and the implementation." (Bertrand Meyer)


# Integration error:        5.93

 -------------- BaysOpt loop, query 38 ---------------
going to run a simulation at 1.5707963269999845 2.513274122999977 
# Integrating             - Simpson's rule + Real Space Grid Mini     :-) GROMACS - gmx mdrun, 2023.2-EasyBuild_4.9.0_PLUMED_2.9.0.GMX2023 (-:

Executable:   /sw/arch/RHEL8/EB_production/2023/software/GROMACS/2023.2-foss-2023a-PLUMED-2.9.0.GMX2023/bin/gmx
Data prefix:  /sw/arch/RHEL8/EB_production/2023/software/GROMACS/2023.2-foss-2023a-PLUMED-2.9.0.GMX2023
Working dir:  /gpfs/home1/ekempkes/adipep_buq_short/result_Matern52_ls_0.75_kappa100_w_0.1_n0.0_queries_100_full
Command line:
  gmx mdrun -s simulations_essentials/md.tpr -plumed Colvars/plumed_2.827_-1.696.dat -nsteps 10000 -x Colvars/traj_2.827_-1.696.xtc


Back Off! I just backed up md.log to ./#md.log.1#
Reading file simulations_essentials/md.tpr, VERSION 2022.5-plumed_2.9.3 (single precision)
Note: file tpx version 127, software tpx version 129

NOTE: Parallelization is limited by the small number of atoms,
      only starting 1 thread-MPI ranks.
      You can use the -nt and/or -ntmpi option to optimize the number of threads.

Overriding nsteps with value passed on the command line: 10000 steps, 20 ps

comm-mode angular will give incorrect results when the comm group partially crosses a periodic boundary
Using 1 MPI thread

Non-default thread affinity set, disabling internal thread affinity

Using 1 OpenMP thread 


Back Off! I just backed up traj.trr to ./#traj.trr.1#

Back Off! I just backed up ener.edr to ./#ener.edr.1#
starting mdrun 'Generated by trjconv : Generated by trjconv : Alanine in vacuum in water t= 4500.00000'
10000 steps,     20.0 ps.

Writing final coordinates.

Back Off! I just backed up confout.gro to ./#confout.gro.1#

               Core t (s)   Wall t (s)        (%)
       Time:        2.049        2.049      100.0
                 (ns/day)    (hour/ns)
Performance:      843.319        0.028

GROMACS reminds you: "I never thought about breaking barriers, I was just interested in what I was doing and kept going." (Barbara Liskov)


# Integration error:        4.78

 -------------- BaysOpt loop, query 39 ---------------
going to run a simulation at 2.8274333879999514 -1.6964600329999944 
# Integrating             - Simpson's rule + Real Space Grid Mini     :-) GROMACS - gmx mdrun, 2023.2-EasyBuild_4.9.0_PLUMED_2.9.0.GMX2023 (-:

Executable:   /sw/arch/RHEL8/EB_production/2023/software/GROMACS/2023.2-foss-2023a-PLUMED-2.9.0.GMX2023/bin/gmx
Data prefix:  /sw/arch/RHEL8/EB_production/2023/software/GROMACS/2023.2-foss-2023a-PLUMED-2.9.0.GMX2023
Working dir:  /gpfs/home1/ekempkes/adipep_buq_short/result_Matern52_ls_0.75_kappa100_w_0.1_n0.0_queries_100_full
Command line:
  gmx mdrun -s simulations_essentials/md.tpr -plumed Colvars/plumed_-0.691_-1.822.dat -nsteps 10000 -x Colvars/traj_-0.691_-1.822.xtc


Back Off! I just backed up md.log to ./#md.log.1#
Reading file simulations_essentials/md.tpr, VERSION 2022.5-plumed_2.9.3 (single precision)
Note: file tpx version 127, software tpx version 129

NOTE: Parallelization is limited by the small number of atoms,
      only starting 1 thread-MPI ranks.
      You can use the -nt and/or -ntmpi option to optimize the number of threads.

Overriding nsteps with value passed on the command line: 10000 steps, 20 ps

comm-mode angular will give incorrect results when the comm group partially crosses a periodic boundary
Using 1 MPI thread

Non-default thread affinity set, disabling internal thread affinity

Using 1 OpenMP thread 


Back Off! I just backed up traj.trr to ./#traj.trr.1#

Back Off! I just backed up ener.edr to ./#ener.edr.1#
starting mdrun 'Generated by trjconv : Generated by trjconv : Alanine in vacuum in water t= 4500.00000'
10000 steps,     20.0 ps.

Writing final coordinates.

Back Off! I just backed up confout.gro to ./#confout.gro.1#

               Core t (s)   Wall t (s)        (%)
       Time:        2.032        2.032      100.0
                 (ns/day)    (hour/ns)
Performance:      850.646        0.028

GROMACS reminds you: "It's Coming Right For Us !" (South Park)


# Integration error:        4.73

 -------------- BaysOpt loop, query 40 ---------------
going to run a simulation at -0.6911503840000147 -1.8221237390000142 
# Integrating             - Simpson's rule + Real Space Grid Mini     :-) GROMACS - gmx mdrun, 2023.2-EasyBuild_4.9.0_PLUMED_2.9.0.GMX2023 (-:

Executable:   /sw/arch/RHEL8/EB_production/2023/software/GROMACS/2023.2-foss-2023a-PLUMED-2.9.0.GMX2023/bin/gmx
Data prefix:  /sw/arch/RHEL8/EB_production/2023/software/GROMACS/2023.2-foss-2023a-PLUMED-2.9.0.GMX2023
Working dir:  /gpfs/home1/ekempkes/adipep_buq_short/result_Matern52_ls_0.75_kappa100_w_0.1_n0.0_queries_100_full
Command line:
  gmx mdrun -s simulations_essentials/md.tpr -plumed Colvars/plumed_-2.450_1.634.dat -nsteps 10000 -x Colvars/traj_-2.450_1.634.xtc


Back Off! I just backed up md.log to ./#md.log.1#
Reading file simulations_essentials/md.tpr, VERSION 2022.5-plumed_2.9.3 (single precision)
Note: file tpx version 127, software tpx version 129

NOTE: Parallelization is limited by the small number of atoms,
      only starting 1 thread-MPI ranks.
      You can use the -nt and/or -ntmpi option to optimize the number of threads.

Overriding nsteps with value passed on the command line: 10000 steps, 20 ps

comm-mode angular will give incorrect results when the comm group partially crosses a periodic boundary
Using 1 MPI thread

Non-default thread affinity set, disabling internal thread affinity

Using 1 OpenMP thread 


Back Off! I just backed up traj.trr to ./#traj.trr.1#

Back Off! I just backed up ener.edr to ./#ener.edr.1#
starting mdrun 'Generated by trjconv : Generated by trjconv : Alanine in vacuum in water t= 4500.00000'
10000 steps,     20.0 ps.

Writing final coordinates.

Back Off! I just backed up confout.gro to ./#confout.gro.1#

               Core t (s)   Wall t (s)        (%)
       Time:        2.046        2.046      100.0
                 (ns/day)    (hour/ns)
Performance:      844.670        0.028

GROMACS reminds you: "Studying expands knowledge. Knowledge is power. Power corrupts. Corruption is a crime. Crime doesn't pay." (Anonymous)


# Integration error:        3.96

 -------------- BaysOpt loop, query 41 ---------------
going to run a simulation at -2.450442270000013 1.6336281799999743 
# Integrating             - Simpson's rule + Real Space Grid Mini     :-) GROMACS - gmx mdrun, 2023.2-EasyBuild_4.9.0_PLUMED_2.9.0.GMX2023 (-:

Executable:   /sw/arch/RHEL8/EB_production/2023/software/GROMACS/2023.2-foss-2023a-PLUMED-2.9.0.GMX2023/bin/gmx
Data prefix:  /sw/arch/RHEL8/EB_production/2023/software/GROMACS/2023.2-foss-2023a-PLUMED-2.9.0.GMX2023
Working dir:  /gpfs/home1/ekempkes/adipep_buq_short/result_Matern52_ls_0.75_kappa100_w_0.1_n0.0_queries_100_full
Command line:
  gmx mdrun -s simulations_essentials/md.tpr -plumed Colvars/plumed_-0.942_0.691.dat -nsteps 10000 -x Colvars/traj_-0.942_0.691.xtc


Back Off! I just backed up md.log to ./#md.log.1#
Reading file simulations_essentials/md.tpr, VERSION 2022.5-plumed_2.9.3 (single precision)
Note: file tpx version 127, software tpx version 129

NOTE: Parallelization is limited by the small number of atoms,
      only starting 1 thread-MPI ranks.
      You can use the -nt and/or -ntmpi option to optimize the number of threads.

Overriding nsteps with value passed on the command line: 10000 steps, 20 ps

comm-mode angular will give incorrect results when the comm group partially crosses a periodic boundary
Using 1 MPI thread

Non-default thread affinity set, disabling internal thread affinity

Using 1 OpenMP thread 


Back Off! I just backed up traj.trr to ./#traj.trr.1#

Back Off! I just backed up ener.edr to ./#ener.edr.1#
starting mdrun 'Generated by trjconv : Generated by trjconv : Alanine in vacuum in water t= 4500.00000'
10000 steps,     20.0 ps.

Writing final coordinates.

Back Off! I just backed up confout.gro to ./#confout.gro.1#

               Core t (s)   Wall t (s)        (%)
       Time:        2.044        2.044      100.0
                 (ns/day)    (hour/ns)
Performance:      845.607        0.028

GROMACS reminds you: "Everything's formed from particles" (Van der Graaf Generator)


# Integration error:        3.89

 -------------- BaysOpt loop, query 42 ---------------
going to run a simulation at -0.9424777960000189 0.6911503840000147 
# Integrating             - Simpson's rule + Real Space Grid Mini     :-) GROMACS - gmx mdrun, 2023.2-EasyBuild_4.9.0_PLUMED_2.9.0.GMX2023 (-:

Executable:   /sw/arch/RHEL8/EB_production/2023/software/GROMACS/2023.2-foss-2023a-PLUMED-2.9.0.GMX2023/bin/gmx
Data prefix:  /sw/arch/RHEL8/EB_production/2023/software/GROMACS/2023.2-foss-2023a-PLUMED-2.9.0.GMX2023
Working dir:  /gpfs/home1/ekempkes/adipep_buq_short/result_Matern52_ls_0.75_kappa100_w_0.1_n0.0_queries_100_full
Command line:
  gmx mdrun -s simulations_essentials/md.tpr -plumed Colvars/plumed_-1.822_-0.880.dat -nsteps 10000 -x Colvars/traj_-1.822_-0.880.xtc


Back Off! I just backed up md.log to ./#md.log.1#
Reading file simulations_essentials/md.tpr, VERSION 2022.5-plumed_2.9.3 (single precision)
Note: file tpx version 127, software tpx version 129

NOTE: Parallelization is limited by the small number of atoms,
      only starting 1 thread-MPI ranks.
      You can use the -nt and/or -ntmpi option to optimize the number of threads.

Overriding nsteps with value passed on the command line: 10000 steps, 20 ps

comm-mode angular will give incorrect results when the comm group partially crosses a periodic boundary
Using 1 MPI thread

Non-default thread affinity set, disabling internal thread affinity

Using 1 OpenMP thread 


Back Off! I just backed up traj.trr to ./#traj.trr.1#

Back Off! I just backed up ener.edr to ./#ener.edr.1#
starting mdrun 'Generated by trjconv : Generated by trjconv : Alanine in vacuum in water t= 4500.00000'
10000 steps,     20.0 ps.

Writing final coordinates.

Back Off! I just backed up confout.gro to ./#confout.gro.1#

               Core t (s)   Wall t (s)        (%)
       Time:        2.033        2.034      100.0
                 (ns/day)    (hour/ns)
Performance:      849.845        0.028

GROMACS reminds you: "If you have any trouble sounding condescending, find a UNIX user to show you how it's done." (Scott Adams, Dilbert Cartoonist)


# Integration error:        3.81

 -------------- BaysOpt loop, query 43 ---------------
going to run a simulation at -1.8221237390000142 -0.8796459430000121 
# Integrating             - Simpson's rule + Real Space Grid Mini     :-) GROMACS - gmx mdrun, 2023.2-EasyBuild_4.9.0_PLUMED_2.9.0.GMX2023 (-:

Executable:   /sw/arch/RHEL8/EB_production/2023/software/GROMACS/2023.2-foss-2023a-PLUMED-2.9.0.GMX2023/bin/gmx
Data prefix:  /sw/arch/RHEL8/EB_production/2023/software/GROMACS/2023.2-foss-2023a-PLUMED-2.9.0.GMX2023
Working dir:  /gpfs/home1/ekempkes/adipep_buq_short/result_Matern52_ls_0.75_kappa100_w_0.1_n0.0_queries_100_full
Command line:
  gmx mdrun -s simulations_essentials/md.tpr -plumed Colvars/plumed_-2.765_0.188.dat -nsteps 10000 -x Colvars/traj_-2.765_0.188.xtc


Back Off! I just backed up md.log to ./#md.log.1#
Reading file simulations_essentials/md.tpr, VERSION 2022.5-plumed_2.9.3 (single precision)
Note: file tpx version 127, software tpx version 129

NOTE: Parallelization is limited by the small number of atoms,
      only starting 1 thread-MPI ranks.
      You can use the -nt and/or -ntmpi option to optimize the number of threads.

Overriding nsteps with value passed on the command line: 10000 steps, 20 ps

comm-mode angular will give incorrect results when the comm group partially crosses a periodic boundary
Using 1 MPI thread

Non-default thread affinity set, disabling internal thread affinity

Using 1 OpenMP thread 


Back Off! I just backed up traj.trr to ./#traj.trr.1#

Back Off! I just backed up ener.edr to ./#ener.edr.1#
starting mdrun 'Generated by trjconv : Generated by trjconv : Alanine in vacuum in water t= 4500.00000'
10000 steps,     20.0 ps.

Writing final coordinates.

Back Off! I just backed up confout.gro to ./#confout.gro.1#

               Core t (s)   Wall t (s)        (%)
       Time:        2.048        2.048      100.0
                 (ns/day)    (hour/ns)
Performance:      843.814        0.028

GROMACS reminds you: "Documentation is like sex: When it's good it's great, and when it's bad it's better than nothing." (Linus Torvalds)


# Integration error:        3.78

 -------------- BaysOpt loop, query 44 ---------------
going to run a simulation at -2.7646015350000686 0.18849555899999812 
# Integrating             - Simpson's rule + Real Space Grid Mini     :-) GROMACS - gmx mdrun, 2023.2-EasyBuild_4.9.0_PLUMED_2.9.0.GMX2023 (-:

Executable:   /sw/arch/RHEL8/EB_production/2023/software/GROMACS/2023.2-foss-2023a-PLUMED-2.9.0.GMX2023/bin/gmx
Data prefix:  /sw/arch/RHEL8/EB_production/2023/software/GROMACS/2023.2-foss-2023a-PLUMED-2.9.0.GMX2023
Working dir:  /gpfs/home1/ekempkes/adipep_buq_short/result_Matern52_ls_0.75_kappa100_w_0.1_n0.0_queries_100_full
Command line:
  gmx mdrun -s simulations_essentials/md.tpr -plumed Colvars/plumed_-1.948_0.691.dat -nsteps 10000 -x Colvars/traj_-1.948_0.691.xtc


Back Off! I just backed up md.log to ./#md.log.1#
Reading file simulations_essentials/md.tpr, VERSION 2022.5-plumed_2.9.3 (single precision)
Note: file tpx version 127, software tpx version 129

NOTE: Parallelization is limited by the small number of atoms,
      only starting 1 thread-MPI ranks.
      You can use the -nt and/or -ntmpi option to optimize the number of threads.

Overriding nsteps with value passed on the command line: 10000 steps, 20 ps

comm-mode angular will give incorrect results when the comm group partially crosses a periodic boundary
Using 1 MPI thread

Non-default thread affinity set, disabling internal thread affinity

Using 1 OpenMP thread 


Back Off! I just backed up traj.trr to ./#traj.trr.1#

Back Off! I just backed up ener.edr to ./#ener.edr.1#
starting mdrun 'Generated by trjconv : Generated by trjconv : Alanine in vacuum in water t= 4500.00000'
10000 steps,     20.0 ps.

Writing final coordinates.

Back Off! I just backed up confout.gro to ./#confout.gro.1#

               Core t (s)   Wall t (s)        (%)
       Time:        2.027        2.027      100.0
                 (ns/day)    (hour/ns)
Performance:      852.553        0.028

GROMACS reminds you: "Theoretical chemistry has of course always been important and useful ... at least to theoretical chemists" (Sven Lidin)


# Integration error:        3.82

 -------------- BaysOpt loop, query 45 ---------------
going to run a simulation at -1.9477874449999604 0.6911503840000147 
# Integrating             - Simpson's rule + Real Space Grid Mini     :-) GROMACS - gmx mdrun, 2023.2-EasyBuild_4.9.0_PLUMED_2.9.0.GMX2023 (-:

Executable:   /sw/arch/RHEL8/EB_production/2023/software/GROMACS/2023.2-foss-2023a-PLUMED-2.9.0.GMX2023/bin/gmx
Data prefix:  /sw/arch/RHEL8/EB_production/2023/software/GROMACS/2023.2-foss-2023a-PLUMED-2.9.0.GMX2023
Working dir:  /gpfs/home1/ekempkes/adipep_buq_short/result_Matern52_ls_0.75_kappa100_w_0.1_n0.0_queries_100_full
Command line:
  gmx mdrun -s simulations_essentials/md.tpr -plumed Colvars/plumed_2.827_1.885.dat -nsteps 10000 -x Colvars/traj_2.827_1.885.xtc


Back Off! I just backed up md.log to ./#md.log.1#
Reading file simulations_essentials/md.tpr, VERSION 2022.5-plumed_2.9.3 (single precision)
Note: file tpx version 127, software tpx version 129

NOTE: Parallelization is limited by the small number of atoms,
      only starting 1 thread-MPI ranks.
      You can use the -nt and/or -ntmpi option to optimize the number of threads.

Overriding nsteps with value passed on the command line: 10000 steps, 20 ps

comm-mode angular will give incorrect results when the comm group partially crosses a periodic boundary
Using 1 MPI thread

Non-default thread affinity set, disabling internal thread affinity

Using 1 OpenMP thread 


Back Off! I just backed up traj.trr to ./#traj.trr.1#

Back Off! I just backed up ener.edr to ./#ener.edr.1#
starting mdrun 'Generated by trjconv : Generated by trjconv : Alanine in vacuum in water t= 4500.00000'
10000 steps,     20.0 ps.

Writing final coordinates.

Back Off! I just backed up confout.gro to ./#confout.gro.1#

               Core t (s)   Wall t (s)        (%)
       Time:        2.020        2.020      100.0
                 (ns/day)    (hour/ns)
Performance:      855.352        0.028

GROMACS reminds you: "Sacrifices must be made" (Otto Lilienthal, dying after having crashed with his glider in 1896)


# Integration error:        3.78

 -------------- BaysOpt loop, query 46 ---------------
going to run a simulation at 2.8274333879999514 1.8849555920000378 
# Integrating             - Simpson's rule + Real Space Grid Mini     :-) GROMACS - gmx mdrun, 2023.2-EasyBuild_4.9.0_PLUMED_2.9.0.GMX2023 (-:

Executable:   /sw/arch/RHEL8/EB_production/2023/software/GROMACS/2023.2-foss-2023a-PLUMED-2.9.0.GMX2023/bin/gmx
Data prefix:  /sw/arch/RHEL8/EB_production/2023/software/GROMACS/2023.2-foss-2023a-PLUMED-2.9.0.GMX2023
Working dir:  /gpfs/home1/ekempkes/adipep_buq_short/result_Matern52_ls_0.75_kappa100_w_0.1_n0.0_queries_100_full
Command line:
  gmx mdrun -s simulations_essentials/md.tpr -plumed Colvars/plumed_1.948_-2.827.dat -nsteps 10000 -x Colvars/traj_1.948_-2.827.xtc


Back Off! I just backed up md.log to ./#md.log.1#
Reading file simulations_essentials/md.tpr, VERSION 2022.5-plumed_2.9.3 (single precision)
Note: file tpx version 127, software tpx version 129

NOTE: Parallelization is limited by the small number of atoms,
      only starting 1 thread-MPI ranks.
      You can use the -nt and/or -ntmpi option to optimize the number of threads.

Overriding nsteps with value passed on the command line: 10000 steps, 20 ps

comm-mode angular will give incorrect results when the comm group partially crosses a periodic boundary
Using 1 MPI thread

Non-default thread affinity set, disabling internal thread affinity

Using 1 OpenMP thread 


Back Off! I just backed up traj.trr to ./#traj.trr.1#

Back Off! I just backed up ener.edr to ./#ener.edr.1#
starting mdrun 'Generated by trjconv : Generated by trjconv : Alanine in vacuum in water t= 4500.00000'
10000 steps,     20.0 ps.

Writing final coordinates.

Back Off! I just backed up confout.gro to ./#confout.gro.1#

               Core t (s)   Wall t (s)        (%)
       Time:        2.087        2.087      100.0
                 (ns/day)    (hour/ns)
Performance:      828.159        0.029

GROMACS reminds you: "Meet Me At the Coffee Shop" (Red Hot Chili Peppers)


# Integration error:        3.79

 -------------- BaysOpt loop, query 47 ---------------
going to run a simulation at 1.9477874449999604 -2.8274333879999514 
# Integrating             - Simpson's rule + Real Space Grid Mini     :-) GROMACS - gmx mdrun, 2023.2-EasyBuild_4.9.0_PLUMED_2.9.0.GMX2023 (-:

Executable:   /sw/arch/RHEL8/EB_production/2023/software/GROMACS/2023.2-foss-2023a-PLUMED-2.9.0.GMX2023/bin/gmx
Data prefix:  /sw/arch/RHEL8/EB_production/2023/software/GROMACS/2023.2-foss-2023a-PLUMED-2.9.0.GMX2023
Working dir:  /gpfs/home1/ekempkes/adipep_buq_short/result_Matern52_ls_0.75_kappa100_w_0.1_n0.0_queries_100_full
Command line:
  gmx mdrun -s simulations_essentials/md.tpr -plumed Colvars/plumed_-1.696_-2.702.dat -nsteps 10000 -x Colvars/traj_-1.696_-2.702.xtc


Back Off! I just backed up md.log to ./#md.log.1#
Reading file simulations_essentials/md.tpr, VERSION 2022.5-plumed_2.9.3 (single precision)
Note: file tpx version 127, software tpx version 129

NOTE: Parallelization is limited by the small number of atoms,
      only starting 1 thread-MPI ranks.
      You can use the -nt and/or -ntmpi option to optimize the number of threads.

Overriding nsteps with value passed on the command line: 10000 steps, 20 ps

comm-mode angular will give incorrect results when the comm group partially crosses a periodic boundary
Using 1 MPI thread

Non-default thread affinity set, disabling internal thread affinity

Using 1 OpenMP thread 


Back Off! I just backed up traj.trr to ./#traj.trr.1#

Back Off! I just backed up ener.edr to ./#ener.edr.1#
starting mdrun 'Generated by trjconv : Generated by trjconv : Alanine in vacuum in water t= 4500.00000'
10000 steps,     20.0 ps.

Writing final coordinates.

Back Off! I just backed up confout.gro to ./#confout.gro.1#

               Core t (s)   Wall t (s)        (%)
       Time:        2.020        2.020      100.0
                 (ns/day)    (hour/ns)
Performance:      855.536        0.028

GROMACS reminds you: "As an adolescent I aspired to lasting fame, I craved factual certainty, and I thirsted for a meaningful vision of human life -- so I became a scientist. This is like becoming an archbishop so you can meet girls." (Matt Cartmill)


# Integration error:        3.92

 -------------- BaysOpt loop, query 48 ---------------
going to run a simulation at -1.6964600329999944 -2.701769681999987 
# Integrating             - Simpson's rule + Real Space Grid Mini     :-) GROMACS - gmx mdrun, 2023.2-EasyBuild_4.9.0_PLUMED_2.9.0.GMX2023 (-:

Executable:   /sw/arch/RHEL8/EB_production/2023/software/GROMACS/2023.2-foss-2023a-PLUMED-2.9.0.GMX2023/bin/gmx
Data prefix:  /sw/arch/RHEL8/EB_production/2023/software/GROMACS/2023.2-foss-2023a-PLUMED-2.9.0.GMX2023
Working dir:  /gpfs/home1/ekempkes/adipep_buq_short/result_Matern52_ls_0.75_kappa100_w_0.1_n0.0_queries_100_full
Command line:
  gmx mdrun -s simulations_essentials/md.tpr -plumed Colvars/plumed_0.440_0.817.dat -nsteps 10000 -x Colvars/traj_0.440_0.817.xtc


Back Off! I just backed up md.log to ./#md.log.1#
Reading file simulations_essentials/md.tpr, VERSION 2022.5-plumed_2.9.3 (single precision)
Note: file tpx version 127, software tpx version 129

NOTE: Parallelization is limited by the small number of atoms,
      only starting 1 thread-MPI ranks.
      You can use the -nt and/or -ntmpi option to optimize the number of threads.

Overriding nsteps with value passed on the command line: 10000 steps, 20 ps

comm-mode angular will give incorrect results when the comm group partially crosses a periodic boundary
Using 1 MPI thread

Non-default thread affinity set, disabling internal thread affinity

Using 1 OpenMP thread 


Back Off! I just backed up traj.trr to ./#traj.trr.1#

Back Off! I just backed up ener.edr to ./#ener.edr.1#
starting mdrun 'Generated by trjconv : Generated by trjconv : Alanine in vacuum in water t= 4500.00000'
10000 steps,     20.0 ps.

Writing final coordinates.

Back Off! I just backed up confout.gro to ./#confout.gro.1#

               Core t (s)   Wall t (s)        (%)
       Time:        2.046        2.046      100.0
                 (ns/day)    (hour/ns)
Performance:      844.474        0.028

GROMACS reminds you: "There's no way you can rely on an experiment" (Gerrit Groenhof)


# Integration error:        4.06

 -------------- BaysOpt loop, query 49 ---------------
going to run a simulation at 0.43982297200000164 0.8168140899999872 
# Integrating             - Simpson's rule + Real Space Grid Mini     :-) GROMACS - gmx mdrun, 2023.2-EasyBuild_4.9.0_PLUMED_2.9.0.GMX2023 (-:

Executable:   /sw/arch/RHEL8/EB_production/2023/software/GROMACS/2023.2-foss-2023a-PLUMED-2.9.0.GMX2023/bin/gmx
Data prefix:  /sw/arch/RHEL8/EB_production/2023/software/GROMACS/2023.2-foss-2023a-PLUMED-2.9.0.GMX2023
Working dir:  /gpfs/home1/ekempkes/adipep_buq_short/result_Matern52_ls_0.75_kappa100_w_0.1_n0.0_queries_100_full
Command line:
  gmx mdrun -s simulations_essentials/md.tpr -plumed Colvars/plumed_-2.765_-1.948.dat -nsteps 10000 -x Colvars/traj_-2.765_-1.948.xtc


Back Off! I just backed up md.log to ./#md.log.1#
Reading file simulations_essentials/md.tpr, VERSION 2022.5-plumed_2.9.3 (single precision)
Note: file tpx version 127, software tpx version 129

NOTE: Parallelization is limited by the small number of atoms,
      only starting 1 thread-MPI ranks.
      You can use the -nt and/or -ntmpi option to optimize the number of threads.

Overriding nsteps with value passed on the command line: 10000 steps, 20 ps

comm-mode angular will give incorrect results when the comm group partially crosses a periodic boundary
Using 1 MPI thread

Non-default thread affinity set, disabling internal thread affinity

Using 1 OpenMP thread 


Back Off! I just backed up traj.trr to ./#traj.trr.1#

Back Off! I just backed up ener.edr to ./#ener.edr.1#
starting mdrun 'Generated by trjconv : Generated by trjconv : Alanine in vacuum in water t= 4500.00000'
10000 steps,     20.0 ps.

Writing final coordinates.

Back Off! I just backed up confout.gro to ./#confout.gro.1#

               Core t (s)   Wall t (s)        (%)
       Time:        2.042        2.042      100.0
                 (ns/day)    (hour/ns)
Performance:      846.107        0.028

GROMACS reminds you: "I Caught It In the Face" (P.J. Harvey)


# Integration error:        3.34

 -------------- BaysOpt loop, query 50 ---------------
going to run a simulation at -2.7646015350000686 -1.9477874449999604 
# Integrating             - Simpson's rule + Real Space Grid Mini     :-) GROMACS - gmx mdrun, 2023.2-EasyBuild_4.9.0_PLUMED_2.9.0.GMX2023 (-:

Executable:   /sw/arch/RHEL8/EB_production/2023/software/GROMACS/2023.2-foss-2023a-PLUMED-2.9.0.GMX2023/bin/gmx
Data prefix:  /sw/arch/RHEL8/EB_production/2023/software/GROMACS/2023.2-foss-2023a-PLUMED-2.9.0.GMX2023
Working dir:  /gpfs/home1/ekempkes/adipep_buq_short/result_Matern52_ls_0.75_kappa100_w_0.1_n0.0_queries_100_full
Command line:
  gmx mdrun -s simulations_essentials/md.tpr -plumed Colvars/plumed_-1.759_-1.885.dat -nsteps 10000 -x Colvars/traj_-1.759_-1.885.xtc


Back Off! I just backed up md.log to ./#md.log.1#
Reading file simulations_essentials/md.tpr, VERSION 2022.5-plumed_2.9.3 (single precision)
Note: file tpx version 127, software tpx version 129

NOTE: Parallelization is limited by the small number of atoms,
      only starting 1 thread-MPI ranks.
      You can use the -nt and/or -ntmpi option to optimize the number of threads.

Overriding nsteps with value passed on the command line: 10000 steps, 20 ps

comm-mode angular will give incorrect results when the comm group partially crosses a periodic boundary
Using 1 MPI thread

Non-default thread affinity set, disabling internal thread affinity

Using 1 OpenMP thread 


Back Off! I just backed up traj.trr to ./#traj.trr.1#

Back Off! I just backed up ener.edr to ./#ener.edr.1#
starting mdrun 'Generated by trjconv : Generated by trjconv : Alanine in vacuum in water t= 4500.00000'
10000 steps,     20.0 ps.

Writing final coordinates.

Back Off! I just backed up confout.gro to ./#confout.gro.1#

               Core t (s)   Wall t (s)        (%)
       Time:        2.029        2.029      100.0
                 (ns/day)    (hour/ns)
Performance:      851.795        0.028

GROMACS reminds you: "Statistics: The only science that enables different experts using the same figures to draw different conclusions." (Evan Esar)


# Integration error:        3.34

 -------------- BaysOpt loop, query 51 ---------------
going to run a simulation at -1.7592918860000242 -1.8849555920000378 
# Integrating             - Simpson's rule + Real Space Grid Mini     :-) GROMACS - gmx mdrun, 2023.2-EasyBuild_4.9.0_PLUMED_2.9.0.GMX2023 (-:

Executable:   /sw/arch/RHEL8/EB_production/2023/software/GROMACS/2023.2-foss-2023a-PLUMED-2.9.0.GMX2023/bin/gmx
Data prefix:  /sw/arch/RHEL8/EB_production/2023/software/GROMACS/2023.2-foss-2023a-PLUMED-2.9.0.GMX2023
Working dir:  /gpfs/home1/ekempkes/adipep_buq_short/result_Matern52_ls_0.75_kappa100_w_0.1_n0.0_queries_100_full
Command line:
  gmx mdrun -s simulations_essentials/md.tpr -plumed Colvars/plumed_-0.880_-0.440.dat -nsteps 10000 -x Colvars/traj_-0.880_-0.440.xtc


Back Off! I just backed up md.log to ./#md.log.1#
Reading file simulations_essentials/md.tpr, VERSION 2022.5-plumed_2.9.3 (single precision)
Note: file tpx version 127, software tpx version 129

NOTE: Parallelization is limited by the small number of atoms,
      only starting 1 thread-MPI ranks.
      You can use the -nt and/or -ntmpi option to optimize the number of threads.

Overriding nsteps with value passed on the command line: 10000 steps, 20 ps

comm-mode angular will give incorrect results when the comm group partially crosses a periodic boundary
Using 1 MPI thread

Non-default thread affinity set, disabling internal thread affinity

Using 1 OpenMP thread 


Back Off! I just backed up traj.trr to ./#traj.trr.1#

Back Off! I just backed up ener.edr to ./#ener.edr.1#
starting mdrun 'Generated by trjconv : Generated by trjconv : Alanine in vacuum in water t= 4500.00000'
10000 steps,     20.0 ps.

Writing final coordinates.

Back Off! I just backed up confout.gro to ./#confout.gro.1#

               Core t (s)   Wall t (s)        (%)
       Time:        2.054        2.054      100.0
                 (ns/day)    (hour/ns)
Performance:      841.376        0.029

GROMACS reminds you: "If You Don't Like Cool Quotes Check Your GMXRC File" (Your Sysadmin)


# Integration error:        3.40

 -------------- BaysOpt loop, query 52 ---------------
going to run a simulation at -0.8796459430000121 -0.43982297200000164 
# Integrating             - Simpson's rule + Real Space Grid Mini     :-) GROMACS - gmx mdrun, 2023.2-EasyBuild_4.9.0_PLUMED_2.9.0.GMX2023 (-:

Executable:   /sw/arch/RHEL8/EB_production/2023/software/GROMACS/2023.2-foss-2023a-PLUMED-2.9.0.GMX2023/bin/gmx
Data prefix:  /sw/arch/RHEL8/EB_production/2023/software/GROMACS/2023.2-foss-2023a-PLUMED-2.9.0.GMX2023
Working dir:  /gpfs/home1/ekempkes/adipep_buq_short/result_Matern52_ls_0.75_kappa100_w_0.1_n0.0_queries_100_full
Command line:
  gmx mdrun -s simulations_essentials/md.tpr -plumed Colvars/plumed_-2.765_-0.628.dat -nsteps 10000 -x Colvars/traj_-2.765_-0.628.xtc


Back Off! I just backed up md.log to ./#md.log.1#
Reading file simulations_essentials/md.tpr, VERSION 2022.5-plumed_2.9.3 (single precision)
Note: file tpx version 127, software tpx version 129

NOTE: Parallelization is limited by the small number of atoms,
      only starting 1 thread-MPI ranks.
      You can use the -nt and/or -ntmpi option to optimize the number of threads.

Overriding nsteps with value passed on the command line: 10000 steps, 20 ps

comm-mode angular will give incorrect results when the comm group partially crosses a periodic boundary
Using 1 MPI thread

Non-default thread affinity set, disabling internal thread affinity

Using 1 OpenMP thread 


Back Off! I just backed up traj.trr to ./#traj.trr.1#

Back Off! I just backed up ener.edr to ./#ener.edr.1#
starting mdrun 'Generated by trjconv : Generated by trjconv : Alanine in vacuum in water t= 4500.00000'
10000 steps,     20.0 ps.

Writing final coordinates.

Back Off! I just backed up confout.gro to ./#confout.gro.1#

               Core t (s)   Wall t (s)        (%)
       Time:        2.018        2.018      100.0
                 (ns/day)    (hour/ns)
Performance:      856.214        0.028

GROMACS reminds you: "My Ass May Be Dumb, But I Ain't No Dumbass." (Jackie Brown)


# Integration error:        3.39

 -------------- BaysOpt loop, query 53 ---------------
going to run a simulation at -2.7646015350000686 -0.6283185309999932 
# Integrating             - Simpson's rule + Real Space Grid Mini     :-) GROMACS - gmx mdrun, 2023.2-EasyBuild_4.9.0_PLUMED_2.9.0.GMX2023 (-:

Executable:   /sw/arch/RHEL8/EB_production/2023/software/GROMACS/2023.2-foss-2023a-PLUMED-2.9.0.GMX2023/bin/gmx
Data prefix:  /sw/arch/RHEL8/EB_production/2023/software/GROMACS/2023.2-foss-2023a-PLUMED-2.9.0.GMX2023
Working dir:  /gpfs/home1/ekempkes/adipep_buq_short/result_Matern52_ls_0.75_kappa100_w_0.1_n0.0_queries_100_full
Command line:
  gmx mdrun -s simulations_essentials/md.tpr -plumed Colvars/plumed_-2.011_2.827.dat -nsteps 10000 -x Colvars/traj_-2.011_2.827.xtc


Back Off! I just backed up md.log to ./#md.log.1#
Reading file simulations_essentials/md.tpr, VERSION 2022.5-plumed_2.9.3 (single precision)
Note: file tpx version 127, software tpx version 129

NOTE: Parallelization is limited by the small number of atoms,
      only starting 1 thread-MPI ranks.
      You can use the -nt and/or -ntmpi option to optimize the number of threads.

Overriding nsteps with value passed on the command line: 10000 steps, 20 ps

comm-mode angular will give incorrect results when the comm group partially crosses a periodic boundary
Using 1 MPI thread

Non-default thread affinity set, disabling internal thread affinity

Using 1 OpenMP thread 


Back Off! I just backed up traj.trr to ./#traj.trr.1#

Back Off! I just backed up ener.edr to ./#ener.edr.1#
starting mdrun 'Generated by trjconv : Generated by trjconv : Alanine in vacuum in water t= 4500.00000'
10000 steps,     20.0 ps.

Writing final coordinates.

Back Off! I just backed up confout.gro to ./#confout.gro.1#

               Core t (s)   Wall t (s)        (%)
       Time:        2.039        2.039      100.0
                 (ns/day)    (hour/ns)
Performance:      847.551        0.028

GROMACS reminds you: "BioBeat is Not Available In Regular Shops" (P.J. Meulenhoff)


# Integration error:        3.38

 -------------- BaysOpt loop, query 54 ---------------
going to run a simulation at -2.0106192979999813 2.8274333879999514 
# Integrating             - Simpson's rule + Real Space Grid Mini     :-) GROMACS - gmx mdrun, 2023.2-EasyBuild_4.9.0_PLUMED_2.9.0.GMX2023 (-:

Executable:   /sw/arch/RHEL8/EB_production/2023/software/GROMACS/2023.2-foss-2023a-PLUMED-2.9.0.GMX2023/bin/gmx
Data prefix:  /sw/arch/RHEL8/EB_production/2023/software/GROMACS/2023.2-foss-2023a-PLUMED-2.9.0.GMX2023
Working dir:  /gpfs/home1/ekempkes/adipep_buq_short/result_Matern52_ls_0.75_kappa100_w_0.1_n0.0_queries_100_full
Command line:
  gmx mdrun -s simulations_essentials/md.tpr -plumed Colvars/plumed_1.696_-1.508.dat -nsteps 10000 -x Colvars/traj_1.696_-1.508.xtc


Back Off! I just backed up md.log to ./#md.log.1#
Reading file simulations_essentials/md.tpr, VERSION 2022.5-plumed_2.9.3 (single precision)
Note: file tpx version 127, software tpx version 129

NOTE: Parallelization is limited by the small number of atoms,
      only starting 1 thread-MPI ranks.
      You can use the -nt and/or -ntmpi option to optimize the number of threads.

Overriding nsteps with value passed on the command line: 10000 steps, 20 ps

comm-mode angular will give incorrect results when the comm group partially crosses a periodic boundary
Using 1 MPI thread

Non-default thread affinity set, disabling internal thread affinity

Using 1 OpenMP thread 


Back Off! I just backed up traj.trr to ./#traj.trr.1#

Back Off! I just backed up ener.edr to ./#ener.edr.1#
starting mdrun 'Generated by trjconv : Generated by trjconv : Alanine in vacuum in water t= 4500.00000'
10000 steps,     20.0 ps.

Writing final coordinates.

Back Off! I just backed up confout.gro to ./#confout.gro.1#

               Core t (s)   Wall t (s)        (%)
       Time:        2.063        2.063      100.0
                 (ns/day)    (hour/ns)
Performance:      837.525        0.029

GROMACS reminds you: "The scientist is not the person who always gives the right answers, he is the one who asks the right questions." (Claude Levi-Strauss)


# Integration error:        3.32

 -------------- BaysOpt loop, query 55 ---------------
going to run a simulation at 1.6964600329999944 -1.507964473999968 
# Integrating             - Simpson's rule + Real Space Grid Mini     :-) GROMACS - gmx mdrun, 2023.2-EasyBuild_4.9.0_PLUMED_2.9.0.GMX2023 (-:

Executable:   /sw/arch/RHEL8/EB_production/2023/software/GROMACS/2023.2-foss-2023a-PLUMED-2.9.0.GMX2023/bin/gmx
Data prefix:  /sw/arch/RHEL8/EB_production/2023/software/GROMACS/2023.2-foss-2023a-PLUMED-2.9.0.GMX2023
Working dir:  /gpfs/home1/ekempkes/adipep_buq_short/result_Matern52_ls_0.75_kappa100_w_0.1_n0.0_queries_100_full
Command line:
  gmx mdrun -s simulations_essentials/md.tpr -plumed Colvars/plumed_1.508_0.000.dat -nsteps 10000 -x Colvars/traj_1.508_0.000.xtc


Back Off! I just backed up md.log to ./#md.log.1#
Reading file simulations_essentials/md.tpr, VERSION 2022.5-plumed_2.9.3 (single precision)
Note: file tpx version 127, software tpx version 129

NOTE: Parallelization is limited by the small number of atoms,
      only starting 1 thread-MPI ranks.
      You can use the -nt and/or -ntmpi option to optimize the number of threads.

Overriding nsteps with value passed on the command line: 10000 steps, 20 ps

comm-mode angular will give incorrect results when the comm group partially crosses a periodic boundary
Using 1 MPI thread

Non-default thread affinity set, disabling internal thread affinity

Using 1 OpenMP thread 


Back Off! I just backed up traj.trr to ./#traj.trr.1#

Back Off! I just backed up ener.edr to ./#ener.edr.1#
starting mdrun 'Generated by trjconv : Generated by trjconv : Alanine in vacuum in water t= 4500.00000'
10000 steps,     20.0 ps.

Writing final coordinates.

Back Off! I just backed up confout.gro to ./#confout.gro.1#

               Core t (s)   Wall t (s)        (%)
       Time:        2.028        2.028      100.0
                 (ns/day)    (hour/ns)
Performance:      852.180        0.028

GROMACS reminds you: "Oh, There Goes Gravity" (Eminem)


# Integration error:        3.08

 -------------- BaysOpt loop, query 56 ---------------
going to run a simulation at 1.507964473999968 0.0 
# Integrating             - Simpson's rule + Real Space Grid Mini     :-) GROMACS - gmx mdrun, 2023.2-EasyBuild_4.9.0_PLUMED_2.9.0.GMX2023 (-:

Executable:   /sw/arch/RHEL8/EB_production/2023/software/GROMACS/2023.2-foss-2023a-PLUMED-2.9.0.GMX2023/bin/gmx
Data prefix:  /sw/arch/RHEL8/EB_production/2023/software/GROMACS/2023.2-foss-2023a-PLUMED-2.9.0.GMX2023
Working dir:  /gpfs/home1/ekempkes/adipep_buq_short/result_Matern52_ls_0.75_kappa100_w_0.1_n0.0_queries_100_full
Command line:
  gmx mdrun -s simulations_essentials/md.tpr -plumed Colvars/plumed_1.759_1.822.dat -nsteps 10000 -x Colvars/traj_1.759_1.822.xtc


Back Off! I just backed up md.log to ./#md.log.1#
Reading file simulations_essentials/md.tpr, VERSION 2022.5-plumed_2.9.3 (single precision)
Note: file tpx version 127, software tpx version 129

NOTE: Parallelization is limited by the small number of atoms,
      only starting 1 thread-MPI ranks.
      You can use the -nt and/or -ntmpi option to optimize the number of threads.

Overriding nsteps with value passed on the command line: 10000 steps, 20 ps

comm-mode angular will give incorrect results when the comm group partially crosses a periodic boundary
Using 1 MPI thread

Non-default thread affinity set, disabling internal thread affinity

Using 1 OpenMP thread 


Back Off! I just backed up traj.trr to ./#traj.trr.1#

Back Off! I just backed up ener.edr to ./#ener.edr.1#
starting mdrun 'Generated by trjconv : Generated by trjconv : Alanine in vacuum in water t= 4500.00000'
10000 steps,     20.0 ps.

Writing final coordinates.

Back Off! I just backed up confout.gro to ./#confout.gro.1#

               Core t (s)   Wall t (s)        (%)
       Time:        2.050        2.050      100.0
                 (ns/day)    (hour/ns)
Performance:      842.964        0.028

GROMACS reminds you: "The Carpenter Goes Bang Bang" (The Breeders)


# Integration error:        3.06

 -------------- BaysOpt loop, query 57 ---------------
going to run a simulation at 1.7592918860000242 1.8221237390000142 
# Integrating             - Simpson's rule + Real Space Grid Mini     :-) GROMACS - gmx mdrun, 2023.2-EasyBuild_4.9.0_PLUMED_2.9.0.GMX2023 (-:

Executable:   /sw/arch/RHEL8/EB_production/2023/software/GROMACS/2023.2-foss-2023a-PLUMED-2.9.0.GMX2023/bin/gmx
Data prefix:  /sw/arch/RHEL8/EB_production/2023/software/GROMACS/2023.2-foss-2023a-PLUMED-2.9.0.GMX2023
Working dir:  /gpfs/home1/ekempkes/adipep_buq_short/result_Matern52_ls_0.75_kappa100_w_0.1_n0.0_queries_100_full
Command line:
  gmx mdrun -s simulations_essentials/md.tpr -plumed Colvars/plumed_-0.628_-2.827.dat -nsteps 10000 -x Colvars/traj_-0.628_-2.827.xtc


Back Off! I just backed up md.log to ./#md.log.1#
Reading file simulations_essentials/md.tpr, VERSION 2022.5-plumed_2.9.3 (single precision)
Note: file tpx version 127, software tpx version 129

NOTE: Parallelization is limited by the small number of atoms,
      only starting 1 thread-MPI ranks.
      You can use the -nt and/or -ntmpi option to optimize the number of threads.

Overriding nsteps with value passed on the command line: 10000 steps, 20 ps

comm-mode angular will give incorrect results when the comm group partially crosses a periodic boundary
Using 1 MPI thread

Non-default thread affinity set, disabling internal thread affinity

Using 1 OpenMP thread 


Back Off! I just backed up traj.trr to ./#traj.trr.1#

Back Off! I just backed up ener.edr to ./#ener.edr.1#
starting mdrun 'Generated by trjconv : Generated by trjconv : Alanine in vacuum in water t= 4500.00000'
10000 steps,     20.0 ps.

Writing final coordinates.

Back Off! I just backed up confout.gro to ./#confout.gro.1#

               Core t (s)   Wall t (s)        (%)
       Time:        2.051        2.051      100.0
                 (ns/day)    (hour/ns)
Performance:      842.461        0.028

GROMACS reminds you: "I'm Only Faking When I Get It Right" (Soundgarden)


# Integration error:        3.23

 -------------- BaysOpt loop, query 58 ---------------
going to run a simulation at -0.6283185309999932 -2.8274333879999514 
# Integrating             - Simpson's rule + Real Space Grid Mini     :-) GROMACS - gmx mdrun, 2023.2-EasyBuild_4.9.0_PLUMED_2.9.0.GMX2023 (-:

Executable:   /sw/arch/RHEL8/EB_production/2023/software/GROMACS/2023.2-foss-2023a-PLUMED-2.9.0.GMX2023/bin/gmx
Data prefix:  /sw/arch/RHEL8/EB_production/2023/software/GROMACS/2023.2-foss-2023a-PLUMED-2.9.0.GMX2023
Working dir:  /gpfs/home1/ekempkes/adipep_buq_short/result_Matern52_ls_0.75_kappa100_w_0.1_n0.0_queries_100_full
Command line:
  gmx mdrun -s simulations_essentials/md.tpr -plumed Colvars/plumed_0.628_-2.262.dat -nsteps 10000 -x Colvars/traj_0.628_-2.262.xtc


Back Off! I just backed up md.log to ./#md.log.1#
Reading file simulations_essentials/md.tpr, VERSION 2022.5-plumed_2.9.3 (single precision)
Note: file tpx version 127, software tpx version 129

NOTE: Parallelization is limited by the small number of atoms,
      only starting 1 thread-MPI ranks.
      You can use the -nt and/or -ntmpi option to optimize the number of threads.

Overriding nsteps with value passed on the command line: 10000 steps, 20 ps

comm-mode angular will give incorrect results when the comm group partially crosses a periodic boundary
Using 1 MPI thread

Non-default thread affinity set, disabling internal thread affinity

Using 1 OpenMP thread 


Back Off! I just backed up traj.trr to ./#traj.trr.1#

Back Off! I just backed up ener.edr to ./#ener.edr.1#
starting mdrun 'Generated by trjconv : Generated by trjconv : Alanine in vacuum in water t= 4500.00000'
10000 steps,     20.0 ps.

Writing final coordinates.

Back Off! I just backed up confout.gro to ./#confout.gro.1#

               Core t (s)   Wall t (s)        (%)
       Time:        1.999        1.999      100.0
                 (ns/day)    (hour/ns)
Performance:      864.386        0.028

GROMACS reminds you: "Never replicate a successful experiment." (Fett's law.)


# Integration error:        2.20

 -------------- BaysOpt loop, query 59 ---------------
going to run a simulation at 0.6283185309999932 -2.2619467110000038 
# Integrating             - Simpson's rule + Real Space Grid Mini     :-) GROMACS - gmx mdrun, 2023.2-EasyBuild_4.9.0_PLUMED_2.9.0.GMX2023 (-:

Executable:   /sw/arch/RHEL8/EB_production/2023/software/GROMACS/2023.2-foss-2023a-PLUMED-2.9.0.GMX2023/bin/gmx
Data prefix:  /sw/arch/RHEL8/EB_production/2023/software/GROMACS/2023.2-foss-2023a-PLUMED-2.9.0.GMX2023
Working dir:  /gpfs/home1/ekempkes/adipep_buq_short/result_Matern52_ls_0.75_kappa100_w_0.1_n0.0_queries_100_full
Command line:
  gmx mdrun -s simulations_essentials/md.tpr -plumed Colvars/plumed_0.503_2.450.dat -nsteps 10000 -x Colvars/traj_0.503_2.450.xtc


Back Off! I just backed up md.log to ./#md.log.1#
Reading file simulations_essentials/md.tpr, VERSION 2022.5-plumed_2.9.3 (single precision)
Note: file tpx version 127, software tpx version 129

NOTE: Parallelization is limited by the small number of atoms,
      only starting 1 thread-MPI ranks.
      You can use the -nt and/or -ntmpi option to optimize the number of threads.

Overriding nsteps with value passed on the command line: 10000 steps, 20 ps

comm-mode angular will give incorrect results when the comm group partially crosses a periodic boundary
Using 1 MPI thread

Non-default thread affinity set, disabling internal thread affinity

Using 1 OpenMP thread 


Back Off! I just backed up traj.trr to ./#traj.trr.1#

Back Off! I just backed up ener.edr to ./#ener.edr.1#
starting mdrun 'Generated by trjconv : Generated by trjconv : Alanine in vacuum in water t= 4500.00000'
10000 steps,     20.0 ps.

Writing final coordinates.

Back Off! I just backed up confout.gro to ./#confout.gro.1#

               Core t (s)   Wall t (s)        (%)
       Time:        2.024        2.024      100.0
                 (ns/day)    (hour/ns)
Performance:      853.829        0.028

GROMACS reminds you: "I think it's very important to get more women into computing. My slogan is: Computing is too important to be left to men." (Karen Jones)


# Integration error:        1.90

 -------------- BaysOpt loop, query 60 ---------------
going to run a simulation at 0.5026548249999909 2.450442270000013 
# Integrating             - Simpson's rule + Real Space Grid Mini     :-) GROMACS - gmx mdrun, 2023.2-EasyBuild_4.9.0_PLUMED_2.9.0.GMX2023 (-:

Executable:   /sw/arch/RHEL8/EB_production/2023/software/GROMACS/2023.2-foss-2023a-PLUMED-2.9.0.GMX2023/bin/gmx
Data prefix:  /sw/arch/RHEL8/EB_production/2023/software/GROMACS/2023.2-foss-2023a-PLUMED-2.9.0.GMX2023
Working dir:  /gpfs/home1/ekempkes/adipep_buq_short/result_Matern52_ls_0.75_kappa100_w_0.1_n0.0_queries_100_full
Command line:
  gmx mdrun -s simulations_essentials/md.tpr -plumed Colvars/plumed_1.885_2.890.dat -nsteps 10000 -x Colvars/traj_1.885_2.890.xtc


Back Off! I just backed up md.log to ./#md.log.1#
Reading file simulations_essentials/md.tpr, VERSION 2022.5-plumed_2.9.3 (single precision)
Note: file tpx version 127, software tpx version 129

NOTE: Parallelization is limited by the small number of atoms,
      only starting 1 thread-MPI ranks.
      You can use the -nt and/or -ntmpi option to optimize the number of threads.

Overriding nsteps with value passed on the command line: 10000 steps, 20 ps

comm-mode angular will give incorrect results when the comm group partially crosses a periodic boundary
Using 1 MPI thread

Non-default thread affinity set, disabling internal thread affinity

Using 1 OpenMP thread 


Back Off! I just backed up traj.trr to ./#traj.trr.1#

Back Off! I just backed up ener.edr to ./#ener.edr.1#
starting mdrun 'Generated by trjconv : Generated by trjconv : Alanine in vacuum in water t= 4500.00000'
10000 steps,     20.0 ps.

Writing final coordinates.

Back Off! I just backed up confout.gro to ./#confout.gro.1#

               Core t (s)   Wall t (s)        (%)
       Time:        2.043        2.043      100.0
                 (ns/day)    (hour/ns)
Performance:      845.839        0.028

GROMACS reminds you: "Raw data is like raw sewage, it requires some processing before it can be spread around. The opposite is true of theories." (Jim Carr)


# Integration error:        2.54

 -------------- BaysOpt loop, query 61 ---------------
going to run a simulation at 1.8849555920000378 2.890265241000028 
# Integrating             - Simpson's rule + Real Space Grid Mini     :-) GROMACS - gmx mdrun, 2023.2-EasyBuild_4.9.0_PLUMED_2.9.0.GMX2023 (-:

Executable:   /sw/arch/RHEL8/EB_production/2023/software/GROMACS/2023.2-foss-2023a-PLUMED-2.9.0.GMX2023/bin/gmx
Data prefix:  /sw/arch/RHEL8/EB_production/2023/software/GROMACS/2023.2-foss-2023a-PLUMED-2.9.0.GMX2023
Working dir:  /gpfs/home1/ekempkes/adipep_buq_short/result_Matern52_ls_0.75_kappa100_w_0.1_n0.0_queries_100_full
Command line:
  gmx mdrun -s simulations_essentials/md.tpr -plumed Colvars/plumed_-2.953_1.948.dat -nsteps 10000 -x Colvars/traj_-2.953_1.948.xtc


Back Off! I just backed up md.log to ./#md.log.1#
Reading file simulations_essentials/md.tpr, VERSION 2022.5-plumed_2.9.3 (single precision)
Note: file tpx version 127, software tpx version 129

NOTE: Parallelization is limited by the small number of atoms,
      only starting 1 thread-MPI ranks.
      You can use the -nt and/or -ntmpi option to optimize the number of threads.

Overriding nsteps with value passed on the command line: 10000 steps, 20 ps

comm-mode angular will give incorrect results when the comm group partially crosses a periodic boundary
Using 1 MPI thread

Non-default thread affinity set, disabling internal thread affinity

Using 1 OpenMP thread 


Back Off! I just backed up traj.trr to ./#traj.trr.1#

Back Off! I just backed up ener.edr to ./#ener.edr.1#
starting mdrun 'Generated by trjconv : Generated by trjconv : Alanine in vacuum in water t= 4500.00000'
10000 steps,     20.0 ps.

Writing final coordinates.

Back Off! I just backed up confout.gro to ./#confout.gro.1#

               Core t (s)   Wall t (s)        (%)
       Time:        2.137        2.138      100.0
                 (ns/day)    (hour/ns)
Performance:      808.478        0.030

GROMACS reminds you: "Product of optimism and knowledge is a constant." (Lev Landau)


# Integration error:        2.64

 -------------- BaysOpt loop, query 62 ---------------
going to run a simulation at -2.953097093999987 1.9477874449999604 
# Integrating             - Simpson's rule + Real Space Grid Mini     :-) GROMACS - gmx mdrun, 2023.2-EasyBuild_4.9.0_PLUMED_2.9.0.GMX2023 (-:

Executable:   /sw/arch/RHEL8/EB_production/2023/software/GROMACS/2023.2-foss-2023a-PLUMED-2.9.0.GMX2023/bin/gmx
Data prefix:  /sw/arch/RHEL8/EB_production/2023/software/GROMACS/2023.2-foss-2023a-PLUMED-2.9.0.GMX2023
Working dir:  /gpfs/home1/ekempkes/adipep_buq_short/result_Matern52_ls_0.75_kappa100_w_0.1_n0.0_queries_100_full
Command line:
  gmx mdrun -s simulations_essentials/md.tpr -plumed Colvars/plumed_-1.885_1.759.dat -nsteps 10000 -x Colvars/traj_-1.885_1.759.xtc


Back Off! I just backed up md.log to ./#md.log.1#
Reading file simulations_essentials/md.tpr, VERSION 2022.5-plumed_2.9.3 (single precision)
Note: file tpx version 127, software tpx version 129

NOTE: Parallelization is limited by the small number of atoms,
      only starting 1 thread-MPI ranks.
      You can use the -nt and/or -ntmpi option to optimize the number of threads.

Overriding nsteps with value passed on the command line: 10000 steps, 20 ps

comm-mode angular will give incorrect results when the comm group partially crosses a periodic boundary
Using 1 MPI thread

Non-default thread affinity set, disabling internal thread affinity

Using 1 OpenMP thread 


Back Off! I just backed up traj.trr to ./#traj.trr.1#

Back Off! I just backed up ener.edr to ./#ener.edr.1#
starting mdrun 'Generated by trjconv : Generated by trjconv : Alanine in vacuum in water t= 4500.00000'
10000 steps,     20.0 ps.

Writing final coordinates.

Back Off! I just backed up confout.gro to ./#confout.gro.1#

               Core t (s)   Wall t (s)        (%)
       Time:        2.026        2.026      100.0
                 (ns/day)    (hour/ns)
Performance:      853.160        0.028

GROMACS reminds you: "My greatest contribution to the field of science is that I never entered it." (Colin Powell)


# Integration error:        2.60

 -------------- BaysOpt loop, query 63 ---------------
going to run a simulation at -1.8849555920000378 1.7592918860000242 
# Integrating             - Simpson's rule + Real Space Grid Mini     :-) GROMACS - gmx mdrun, 2023.2-EasyBuild_4.9.0_PLUMED_2.9.0.GMX2023 (-:

Executable:   /sw/arch/RHEL8/EB_production/2023/software/GROMACS/2023.2-foss-2023a-PLUMED-2.9.0.GMX2023/bin/gmx
Data prefix:  /sw/arch/RHEL8/EB_production/2023/software/GROMACS/2023.2-foss-2023a-PLUMED-2.9.0.GMX2023
Working dir:  /gpfs/home1/ekempkes/adipep_buq_short/result_Matern52_ls_0.75_kappa100_w_0.1_n0.0_queries_100_full
Command line:
  gmx mdrun -s simulations_essentials/md.tpr -plumed Colvars/plumed_-0.817_2.765.dat -nsteps 10000 -x Colvars/traj_-0.817_2.765.xtc


Back Off! I just backed up md.log to ./#md.log.1#
Reading file simulations_essentials/md.tpr, VERSION 2022.5-plumed_2.9.3 (single precision)
Note: file tpx version 127, software tpx version 129

NOTE: Parallelization is limited by the small number of atoms,
      only starting 1 thread-MPI ranks.
      You can use the -nt and/or -ntmpi option to optimize the number of threads.

Overriding nsteps with value passed on the command line: 10000 steps, 20 ps

comm-mode angular will give incorrect results when the comm group partially crosses a periodic boundary
Using 1 MPI thread

Non-default thread affinity set, disabling internal thread affinity

Using 1 OpenMP thread 


Back Off! I just backed up traj.trr to ./#traj.trr.1#

Back Off! I just backed up ener.edr to ./#ener.edr.1#
starting mdrun 'Generated by trjconv : Generated by trjconv : Alanine in vacuum in water t= 4500.00000'
10000 steps,     20.0 ps.

Writing final coordinates.

Back Off! I just backed up confout.gro to ./#confout.gro.1#

               Core t (s)   Wall t (s)        (%)
       Time:        2.042        2.042      100.0
                 (ns/day)    (hour/ns)
Performance:      846.244        0.028

GROMACS reminds you: "All Beauty Must Die" (Nick Cave)


# Integration error:        2.56

 -------------- BaysOpt loop, query 64 ---------------
going to run a simulation at -0.8168140899999872 2.7646015350000686 
# Integrating             - Simpson's rule + Real Space Grid Mini     :-) GROMACS - gmx mdrun, 2023.2-EasyBuild_4.9.0_PLUMED_2.9.0.GMX2023 (-:

Executable:   /sw/arch/RHEL8/EB_production/2023/software/GROMACS/2023.2-foss-2023a-PLUMED-2.9.0.GMX2023/bin/gmx
Data prefix:  /sw/arch/RHEL8/EB_production/2023/software/GROMACS/2023.2-foss-2023a-PLUMED-2.9.0.GMX2023
Working dir:  /gpfs/home1/ekempkes/adipep_buq_short/result_Matern52_ls_0.75_kappa100_w_0.1_n0.0_queries_100_full
Command line:
  gmx mdrun -s simulations_essentials/md.tpr -plumed Colvars/plumed_2.639_-0.565.dat -nsteps 10000 -x Colvars/traj_2.639_-0.565.xtc


Back Off! I just backed up md.log to ./#md.log.1#
Reading file simulations_essentials/md.tpr, VERSION 2022.5-plumed_2.9.3 (single precision)
Note: file tpx version 127, software tpx version 129

NOTE: Parallelization is limited by the small number of atoms,
      only starting 1 thread-MPI ranks.
      You can use the -nt and/or -ntmpi option to optimize the number of threads.

Overriding nsteps with value passed on the command line: 10000 steps, 20 ps

comm-mode angular will give incorrect results when the comm group partially crosses a periodic boundary
Using 1 MPI thread

Non-default thread affinity set, disabling internal thread affinity

Using 1 OpenMP thread 


Back Off! I just backed up traj.trr to ./#traj.trr.1#

Back Off! I just backed up ener.edr to ./#ener.edr.1#
starting mdrun 'Generated by trjconv : Generated by trjconv : Alanine in vacuum in water t= 4500.00000'
10000 steps,     20.0 ps.

Writing final coordinates.

Back Off! I just backed up confout.gro to ./#confout.gro.1#

               Core t (s)   Wall t (s)        (%)
       Time:        2.038        2.038      100.0
                 (ns/day)    (hour/ns)
Performance:      847.992        0.028

GROMACS reminds you: "My Head Goes Pop Pop Pop Pop Pop" (F. Black)


# Integration error:        2.49

 -------------- BaysOpt loop, query 65 ---------------
going to run a simulation at 2.6389378290000334 -0.5654866780000047 
# Integrating             - Simpson's rule + Real Space Grid Mini     :-) GROMACS - gmx mdrun, 2023.2-EasyBuild_4.9.0_PLUMED_2.9.0.GMX2023 (-:

Executable:   /sw/arch/RHEL8/EB_production/2023/software/GROMACS/2023.2-foss-2023a-PLUMED-2.9.0.GMX2023/bin/gmx
Data prefix:  /sw/arch/RHEL8/EB_production/2023/software/GROMACS/2023.2-foss-2023a-PLUMED-2.9.0.GMX2023
Working dir:  /gpfs/home1/ekempkes/adipep_buq_short/result_Matern52_ls_0.75_kappa100_w_0.1_n0.0_queries_100_full
Command line:
  gmx mdrun -s simulations_essentials/md.tpr -plumed Colvars/plumed_2.639_0.691.dat -nsteps 10000 -x Colvars/traj_2.639_0.691.xtc


Back Off! I just backed up md.log to ./#md.log.1#
Reading file simulations_essentials/md.tpr, VERSION 2022.5-plumed_2.9.3 (single precision)
Note: file tpx version 127, software tpx version 129

NOTE: Parallelization is limited by the small number of atoms,
      only starting 1 thread-MPI ranks.
      You can use the -nt and/or -ntmpi option to optimize the number of threads.

Overriding nsteps with value passed on the command line: 10000 steps, 20 ps

comm-mode angular will give incorrect results when the comm group partially crosses a periodic boundary
Using 1 MPI thread

Non-default thread affinity set, disabling internal thread affinity

Using 1 OpenMP thread 


Back Off! I just backed up traj.trr to ./#traj.trr.1#

Back Off! I just backed up ener.edr to ./#ener.edr.1#
starting mdrun 'Generated by trjconv : Generated by trjconv : Alanine in vacuum in water t= 4500.00000'
10000 steps,     20.0 ps.

Writing final coordinates.

Back Off! I just backed up confout.gro to ./#confout.gro.1#

               Core t (s)   Wall t (s)        (%)
       Time:        2.027        2.027      100.0
                 (ns/day)    (hour/ns)
Performance:      852.481        0.028

GROMACS reminds you: "There's no way you can rely on an experiment" (Gerrit Groenhof)


# Integration error:        2.50

 -------------- BaysOpt loop, query 66 ---------------
going to run a simulation at 2.6389378290000334 0.6911503840000147 
# Integrating             - Simpson's rule + Real Space Grid Mini     :-) GROMACS - gmx mdrun, 2023.2-EasyBuild_4.9.0_PLUMED_2.9.0.GMX2023 (-:

Executable:   /sw/arch/RHEL8/EB_production/2023/software/GROMACS/2023.2-foss-2023a-PLUMED-2.9.0.GMX2023/bin/gmx
Data prefix:  /sw/arch/RHEL8/EB_production/2023/software/GROMACS/2023.2-foss-2023a-PLUMED-2.9.0.GMX2023
Working dir:  /gpfs/home1/ekempkes/adipep_buq_short/result_Matern52_ls_0.75_kappa100_w_0.1_n0.0_queries_100_full
Command line:
  gmx mdrun -s simulations_essentials/md.tpr -plumed Colvars/plumed_-1.885_-0.126.dat -nsteps 10000 -x Colvars/traj_-1.885_-0.126.xtc


Back Off! I just backed up md.log to ./#md.log.1#
Reading file simulations_essentials/md.tpr, VERSION 2022.5-plumed_2.9.3 (single precision)
Note: file tpx version 127, software tpx version 129

NOTE: Parallelization is limited by the small number of atoms,
      only starting 1 thread-MPI ranks.
      You can use the -nt and/or -ntmpi option to optimize the number of threads.

Overriding nsteps with value passed on the command line: 10000 steps, 20 ps

comm-mode angular will give incorrect results when the comm group partially crosses a periodic boundary
Using 1 MPI thread

Non-default thread affinity set, disabling internal thread affinity

Using 1 OpenMP thread 


Back Off! I just backed up traj.trr to ./#traj.trr.1#

Back Off! I just backed up ener.edr to ./#ener.edr.1#
starting mdrun 'Generated by trjconv : Generated by trjconv : Alanine in vacuum in water t= 4500.00000'
10000 steps,     20.0 ps.

Writing final coordinates.

Back Off! I just backed up confout.gro to ./#confout.gro.1#

               Core t (s)   Wall t (s)        (%)
       Time:        2.023        2.023      100.0
                 (ns/day)    (hour/ns)
Performance:      854.394        0.028

GROMACS reminds you: "A ship in port is safe, but that is not what ships are for. Sail out to sea and do new things." (Grace Hopper, developer of COBOL)


# Integration error:        2.68

 -------------- BaysOpt loop, query 67 ---------------
going to run a simulation at -1.8849555920000378 -0.12566370599999818 
# Integrating             - Simpson's rule + Real Space Grid Mini     :-) GROMACS - gmx mdrun, 2023.2-EasyBuild_4.9.0_PLUMED_2.9.0.GMX2023 (-:

Executable:   /sw/arch/RHEL8/EB_production/2023/software/GROMACS/2023.2-foss-2023a-PLUMED-2.9.0.GMX2023/bin/gmx
Data prefix:  /sw/arch/RHEL8/EB_production/2023/software/GROMACS/2023.2-foss-2023a-PLUMED-2.9.0.GMX2023
Working dir:  /gpfs/home1/ekempkes/adipep_buq_short/result_Matern52_ls_0.75_kappa100_w_0.1_n0.0_queries_100_full
Command line:
  gmx mdrun -s simulations_essentials/md.tpr -plumed Colvars/plumed_-0.565_1.759.dat -nsteps 10000 -x Colvars/traj_-0.565_1.759.xtc


Back Off! I just backed up md.log to ./#md.log.1#
Reading file simulations_essentials/md.tpr, VERSION 2022.5-plumed_2.9.3 (single precision)
Note: file tpx version 127, software tpx version 129

NOTE: Parallelization is limited by the small number of atoms,
      only starting 1 thread-MPI ranks.
      You can use the -nt and/or -ntmpi option to optimize the number of threads.

Overriding nsteps with value passed on the command line: 10000 steps, 20 ps

comm-mode angular will give incorrect results when the comm group partially crosses a periodic boundary
Using 1 MPI thread

Non-default thread affinity set, disabling internal thread affinity

Using 1 OpenMP thread 


Back Off! I just backed up traj.trr to ./#traj.trr.1#

Back Off! I just backed up ener.edr to ./#ener.edr.1#
starting mdrun 'Generated by trjconv : Generated by trjconv : Alanine in vacuum in water t= 4500.00000'
10000 steps,     20.0 ps.

Writing final coordinates.

Back Off! I just backed up confout.gro to ./#confout.gro.1#

               Core t (s)   Wall t (s)        (%)
       Time:        2.043        2.043      100.0
                 (ns/day)    (hour/ns)
Performance:      845.714        0.028

GROMACS reminds you: "The last good thing written in C was Franz Schubert's Symphony Number 9." (Erwin Dieterich)


# Integration error:        2.68

 -------------- BaysOpt loop, query 68 ---------------
going to run a simulation at -0.5654866780000047 1.7592918860000242 
# Integrating             - Simpson's rule + Real Space Grid Mini     :-) GROMACS - gmx mdrun, 2023.2-EasyBuild_4.9.0_PLUMED_2.9.0.GMX2023 (-:

Executable:   /sw/arch/RHEL8/EB_production/2023/software/GROMACS/2023.2-foss-2023a-PLUMED-2.9.0.GMX2023/bin/gmx
Data prefix:  /sw/arch/RHEL8/EB_production/2023/software/GROMACS/2023.2-foss-2023a-PLUMED-2.9.0.GMX2023
Working dir:  /gpfs/home1/ekempkes/adipep_buq_short/result_Matern52_ls_0.75_kappa100_w_0.1_n0.0_queries_100_full
Command line:
  gmx mdrun -s simulations_essentials/md.tpr -plumed Colvars/plumed_-0.063_-0.440.dat -nsteps 10000 -x Colvars/traj_-0.063_-0.440.xtc


Back Off! I just backed up md.log to ./#md.log.1#
Reading file simulations_essentials/md.tpr, VERSION 2022.5-plumed_2.9.3 (single precision)
Note: file tpx version 127, software tpx version 129

NOTE: Parallelization is limited by the small number of atoms,
      only starting 1 thread-MPI ranks.
      You can use the -nt and/or -ntmpi option to optimize the number of threads.

Overriding nsteps with value passed on the command line: 10000 steps, 20 ps

comm-mode angular will give incorrect results when the comm group partially crosses a periodic boundary
Using 1 MPI thread

Non-default thread affinity set, disabling internal thread affinity

Using 1 OpenMP thread 


Back Off! I just backed up traj.trr to ./#traj.trr.1#

Back Off! I just backed up ener.edr to ./#ener.edr.1#
starting mdrun 'Generated by trjconv : Generated by trjconv : Alanine in vacuum in water t= 4500.00000'
10000 steps,     20.0 ps.

Writing final coordinates.

Back Off! I just backed up confout.gro to ./#confout.gro.1#

               Core t (s)   Wall t (s)        (%)
       Time:        2.043        2.043      100.0
                 (ns/day)    (hour/ns)
Performance:      845.780        0.028

GROMACS reminds you: "It doesn't pay to make predictions" (Crowded House)


# Integration error:        2.65

 -------------- BaysOpt loop, query 69 ---------------
going to run a simulation at -0.06283185299999909 -0.43982297200000164 
# Integrating             - Simpson's rule + Real Space Grid Mini     :-) GROMACS - gmx mdrun, 2023.2-EasyBuild_4.9.0_PLUMED_2.9.0.GMX2023 (-:

Executable:   /sw/arch/RHEL8/EB_production/2023/software/GROMACS/2023.2-foss-2023a-PLUMED-2.9.0.GMX2023/bin/gmx
Data prefix:  /sw/arch/RHEL8/EB_production/2023/software/GROMACS/2023.2-foss-2023a-PLUMED-2.9.0.GMX2023
Working dir:  /gpfs/home1/ekempkes/adipep_buq_short/result_Matern52_ls_0.75_kappa100_w_0.1_n0.0_queries_100_full
Command line:
  gmx mdrun -s simulations_essentials/md.tpr -plumed Colvars/plumed_-0.880_-1.131.dat -nsteps 10000 -x Colvars/traj_-0.880_-1.131.xtc


Back Off! I just backed up md.log to ./#md.log.1#
Reading file simulations_essentials/md.tpr, VERSION 2022.5-plumed_2.9.3 (single precision)
Note: file tpx version 127, software tpx version 129

NOTE: Parallelization is limited by the small number of atoms,
      only starting 1 thread-MPI ranks.
      You can use the -nt and/or -ntmpi option to optimize the number of threads.

Overriding nsteps with value passed on the command line: 10000 steps, 20 ps

comm-mode angular will give incorrect results when the comm group partially crosses a periodic boundary
Using 1 MPI thread

Non-default thread affinity set, disabling internal thread affinity

Using 1 OpenMP thread 


Back Off! I just backed up traj.trr to ./#traj.trr.1#

Back Off! I just backed up ener.edr to ./#ener.edr.1#
starting mdrun 'Generated by trjconv : Generated by trjconv : Alanine in vacuum in water t= 4500.00000'
10000 steps,     20.0 ps.

Writing final coordinates.

Back Off! I just backed up confout.gro to ./#confout.gro.1#

               Core t (s)   Wall t (s)        (%)
       Time:        2.049        2.049      100.0
                 (ns/day)    (hour/ns)
Performance:      843.410        0.028

GROMACS reminds you: "The three principal virtues of a programmer are Laziness, Impatience, and Hubris" (Larry Wall)


# Integration error:        2.63

 -------------- BaysOpt loop, query 70 ---------------
going to run a simulation at -0.8796459430000121 -1.130973355000006 
# Integrating             - Simpson's rule + Real Space Grid Mini     :-) GROMACS - gmx mdrun, 2023.2-EasyBuild_4.9.0_PLUMED_2.9.0.GMX2023 (-:

Executable:   /sw/arch/RHEL8/EB_production/2023/software/GROMACS/2023.2-foss-2023a-PLUMED-2.9.0.GMX2023/bin/gmx
Data prefix:  /sw/arch/RHEL8/EB_production/2023/software/GROMACS/2023.2-foss-2023a-PLUMED-2.9.0.GMX2023
Working dir:  /gpfs/home1/ekempkes/adipep_buq_short/result_Matern52_ls_0.75_kappa100_w_0.1_n0.0_queries_100_full
Command line:
  gmx mdrun -s simulations_essentials/md.tpr -plumed Colvars/plumed_1.822_0.628.dat -nsteps 10000 -x Colvars/traj_1.822_0.628.xtc


Back Off! I just backed up md.log to ./#md.log.1#
Reading file simulations_essentials/md.tpr, VERSION 2022.5-plumed_2.9.3 (single precision)
Note: file tpx version 127, software tpx version 129

NOTE: Parallelization is limited by the small number of atoms,
      only starting 1 thread-MPI ranks.
      You can use the -nt and/or -ntmpi option to optimize the number of threads.

Overriding nsteps with value passed on the command line: 10000 steps, 20 ps

comm-mode angular will give incorrect results when the comm group partially crosses a periodic boundary
Using 1 MPI thread

Non-default thread affinity set, disabling internal thread affinity

Using 1 OpenMP thread 


Back Off! I just backed up traj.trr to ./#traj.trr.1#

Back Off! I just backed up ener.edr to ./#ener.edr.1#
starting mdrun 'Generated by trjconv : Generated by trjconv : Alanine in vacuum in water t= 4500.00000'
10000 steps,     20.0 ps.

Writing final coordinates.

Back Off! I just backed up confout.gro to ./#confout.gro.1#

               Core t (s)   Wall t (s)        (%)
       Time:        2.070        2.070      100.0
                 (ns/day)    (hour/ns)
Performance:      834.683        0.029

GROMACS reminds you: "An intellectual is someone who has found something more interesting than sex." (Edgar Wallace)


# Integration error:        2.66

 -------------- BaysOpt loop, query 71 ---------------
going to run a simulation at 1.8221237390000142 0.6283185309999932 
# Integrating             - Simpson's rule + Real Space Grid Mini     :-) GROMACS - gmx mdrun, 2023.2-EasyBuild_4.9.0_PLUMED_2.9.0.GMX2023 (-:

Executable:   /sw/arch/RHEL8/EB_production/2023/software/GROMACS/2023.2-foss-2023a-PLUMED-2.9.0.GMX2023/bin/gmx
Data prefix:  /sw/arch/RHEL8/EB_production/2023/software/GROMACS/2023.2-foss-2023a-PLUMED-2.9.0.GMX2023
Working dir:  /gpfs/home1/ekempkes/adipep_buq_short/result_Matern52_ls_0.75_kappa100_w_0.1_n0.0_queries_100_full
Command line:
  gmx mdrun -s simulations_essentials/md.tpr -plumed Colvars/plumed_0.377_-1.508.dat -nsteps 10000 -x Colvars/traj_0.377_-1.508.xtc


Back Off! I just backed up md.log to ./#md.log.1#
Reading file simulations_essentials/md.tpr, VERSION 2022.5-plumed_2.9.3 (single precision)
Note: file tpx version 127, software tpx version 129

NOTE: Parallelization is limited by the small number of atoms,
      only starting 1 thread-MPI ranks.
      You can use the -nt and/or -ntmpi option to optimize the number of threads.

Overriding nsteps with value passed on the command line: 10000 steps, 20 ps

comm-mode angular will give incorrect results when the comm group partially crosses a periodic boundary
Using 1 MPI thread

Non-default thread affinity set, disabling internal thread affinity

Using 1 OpenMP thread 


Back Off! I just backed up traj.trr to ./#traj.trr.1#

Back Off! I just backed up ener.edr to ./#ener.edr.1#
starting mdrun 'Generated by trjconv : Generated by trjconv : Alanine in vacuum in water t= 4500.00000'
10000 steps,     20.0 ps.

Writing final coordinates.

Back Off! I just backed up confout.gro to ./#confout.gro.1#

               Core t (s)   Wall t (s)        (%)
       Time:        2.043        2.043      100.0
                 (ns/day)    (hour/ns)
Performance:      845.702        0.028

GROMACS reminds you: "Bailed Out Of Edge Synchronization After 10,000 Iterations" (X/Motif)


# Integration error:        2.61

 -------------- BaysOpt loop, query 72 ---------------
going to run a simulation at 0.37699111799999624 -1.507964473999968 
# Integrating             - Simpson's rule + Real Space Grid Mini     :-) GROMACS - gmx mdrun, 2023.2-EasyBuild_4.9.0_PLUMED_2.9.0.GMX2023 (-:

Executable:   /sw/arch/RHEL8/EB_production/2023/software/GROMACS/2023.2-foss-2023a-PLUMED-2.9.0.GMX2023/bin/gmx
Data prefix:  /sw/arch/RHEL8/EB_production/2023/software/GROMACS/2023.2-foss-2023a-PLUMED-2.9.0.GMX2023
Working dir:  /gpfs/home1/ekempkes/adipep_buq_short/result_Matern52_ls_0.75_kappa100_w_0.1_n0.0_queries_100_full
Command line:
  gmx mdrun -s simulations_essentials/md.tpr -plumed Colvars/plumed_-2.136_-2.890.dat -nsteps 10000 -x Colvars/traj_-2.136_-2.890.xtc


Back Off! I just backed up md.log to ./#md.log.1#
Reading file simulations_essentials/md.tpr, VERSION 2022.5-plumed_2.9.3 (single precision)
Note: file tpx version 127, software tpx version 129

NOTE: Parallelization is limited by the small number of atoms,
      only starting 1 thread-MPI ranks.
      You can use the -nt and/or -ntmpi option to optimize the number of threads.

Overriding nsteps with value passed on the command line: 10000 steps, 20 ps

comm-mode angular will give incorrect results when the comm group partially crosses a periodic boundary
Using 1 MPI thread

Non-default thread affinity set, disabling internal thread affinity

Using 1 OpenMP thread 


Back Off! I just backed up traj.trr to ./#traj.trr.1#

Back Off! I just backed up ener.edr to ./#ener.edr.1#
starting mdrun 'Generated by trjconv : Generated by trjconv : Alanine in vacuum in water t= 4500.00000'
10000 steps,     20.0 ps.

Writing final coordinates.

Back Off! I just backed up confout.gro to ./#confout.gro.1#

               Core t (s)   Wall t (s)        (%)
       Time:        2.033        2.034      100.0
                 (ns/day)    (hour/ns)
Performance:      849.831        0.028

GROMACS reminds you: "The Stingrays Must Be Fat This Year" (Red Hot Chili Peppers)


# Integration error:        2.61

 -------------- BaysOpt loop, query 73 ---------------
going to run a simulation at -2.1362830039999965 -2.890265241000028 
# Integrating             - Simpson's rule + Real Space Grid Mini     :-) GROMACS - gmx mdrun, 2023.2-EasyBuild_4.9.0_PLUMED_2.9.0.GMX2023 (-:

Executable:   /sw/arch/RHEL8/EB_production/2023/software/GROMACS/2023.2-foss-2023a-PLUMED-2.9.0.GMX2023/bin/gmx
Data prefix:  /sw/arch/RHEL8/EB_production/2023/software/GROMACS/2023.2-foss-2023a-PLUMED-2.9.0.GMX2023
Working dir:  /gpfs/home1/ekempkes/adipep_buq_short/result_Matern52_ls_0.75_kappa100_w_0.1_n0.0_queries_100_full
Command line:
  gmx mdrun -s simulations_essentials/md.tpr -plumed Colvars/plumed_-2.199_-1.382.dat -nsteps 10000 -x Colvars/traj_-2.199_-1.382.xtc


Back Off! I just backed up md.log to ./#md.log.1#
Reading file simulations_essentials/md.tpr, VERSION 2022.5-plumed_2.9.3 (single precision)
Note: file tpx version 127, software tpx version 129

NOTE: Parallelization is limited by the small number of atoms,
      only starting 1 thread-MPI ranks.
      You can use the -nt and/or -ntmpi option to optimize the number of threads.

Overriding nsteps with value passed on the command line: 10000 steps, 20 ps

comm-mode angular will give incorrect results when the comm group partially crosses a periodic boundary
Using 1 MPI thread

Non-default thread affinity set, disabling internal thread affinity

Using 1 OpenMP thread 


Back Off! I just backed up traj.trr to ./#traj.trr.1#

Back Off! I just backed up ener.edr to ./#ener.edr.1#
starting mdrun 'Generated by trjconv : Generated by trjconv : Alanine in vacuum in water t= 4500.00000'
10000 steps,     20.0 ps.

Writing final coordinates.

Back Off! I just backed up confout.gro to ./#confout.gro.1#

               Core t (s)   Wall t (s)        (%)
       Time:        2.034        2.034      100.0
                 (ns/day)    (hour/ns)
Performance:      849.603        0.028

GROMACS reminds you: "Shit Happens" (Pulp Fiction)


# Integration error:        2.62

 -------------- BaysOpt loop, query 74 ---------------
going to run a simulation at -2.1991148580000197 -1.3823007680000294 
# Integrating             - Simpson's rule + Real Space Grid Mini     :-) GROMACS - gmx mdrun, 2023.2-EasyBuild_4.9.0_PLUMED_2.9.0.GMX2023 (-:

Executable:   /sw/arch/RHEL8/EB_production/2023/software/GROMACS/2023.2-foss-2023a-PLUMED-2.9.0.GMX2023/bin/gmx
Data prefix:  /sw/arch/RHEL8/EB_production/2023/software/GROMACS/2023.2-foss-2023a-PLUMED-2.9.0.GMX2023
Working dir:  /gpfs/home1/ekempkes/adipep_buq_short/result_Matern52_ls_0.75_kappa100_w_0.1_n0.0_queries_100_full
Command line:
  gmx mdrun -s simulations_essentials/md.tpr -plumed Colvars/plumed_-1.257_-2.073.dat -nsteps 10000 -x Colvars/traj_-1.257_-2.073.xtc


Back Off! I just backed up md.log to ./#md.log.1#
Reading file simulations_essentials/md.tpr, VERSION 2022.5-plumed_2.9.3 (single precision)
Note: file tpx version 127, software tpx version 129

NOTE: Parallelization is limited by the small number of atoms,
      only starting 1 thread-MPI ranks.
      You can use the -nt and/or -ntmpi option to optimize the number of threads.

Overriding nsteps with value passed on the command line: 10000 steps, 20 ps

comm-mode angular will give incorrect results when the comm group partially crosses a periodic boundary
Using 1 MPI thread

Non-default thread affinity set, disabling internal thread affinity

Using 1 OpenMP thread 


Back Off! I just backed up traj.trr to ./#traj.trr.1#

Back Off! I just backed up ener.edr to ./#ener.edr.1#
starting mdrun 'Generated by trjconv : Generated by trjconv : Alanine in vacuum in water t= 4500.00000'
10000 steps,     20.0 ps.

Writing final coordinates.

Back Off! I just backed up confout.gro to ./#confout.gro.1#

               Core t (s)   Wall t (s)        (%)
       Time:        2.008        2.008      100.0
                 (ns/day)    (hour/ns)
Performance:      860.675        0.028

GROMACS reminds you: "Predictions can be very difficult - especially about the future." (Niels Bohr)


# Integration error:        2.63

 -------------- BaysOpt loop, query 75 ---------------
going to run a simulation at -1.2566370609999933 -2.0734511509999756 
# Integrating             - Simpson's rule + Real Space Grid Mini     :-) GROMACS - gmx mdrun, 2023.2-EasyBuild_4.9.0_PLUMED_2.9.0.GMX2023 (-:

Executable:   /sw/arch/RHEL8/EB_production/2023/software/GROMACS/2023.2-foss-2023a-PLUMED-2.9.0.GMX2023/bin/gmx
Data prefix:  /sw/arch/RHEL8/EB_production/2023/software/GROMACS/2023.2-foss-2023a-PLUMED-2.9.0.GMX2023
Working dir:  /gpfs/home1/ekempkes/adipep_buq_short/result_Matern52_ls_0.75_kappa100_w_0.1_n0.0_queries_100_full
Command line:
  gmx mdrun -s simulations_essentials/md.tpr -plumed Colvars/plumed_0.942_-0.251.dat -nsteps 10000 -x Colvars/traj_0.942_-0.251.xtc


Back Off! I just backed up md.log to ./#md.log.1#
Reading file simulations_essentials/md.tpr, VERSION 2022.5-plumed_2.9.3 (single precision)
Note: file tpx version 127, software tpx version 129

NOTE: Parallelization is limited by the small number of atoms,
      only starting 1 thread-MPI ranks.
      You can use the -nt and/or -ntmpi option to optimize the number of threads.

Overriding nsteps with value passed on the command line: 10000 steps, 20 ps

comm-mode angular will give incorrect results when the comm group partially crosses a periodic boundary
Using 1 MPI thread

Non-default thread affinity set, disabling internal thread affinity

Using 1 OpenMP thread 


Back Off! I just backed up traj.trr to ./#traj.trr.1#

Back Off! I just backed up ener.edr to ./#ener.edr.1#
starting mdrun 'Generated by trjconv : Generated by trjconv : Alanine in vacuum in water t= 4500.00000'
10000 steps,     20.0 ps.

Writing final coordinates.

Back Off! I just backed up confout.gro to ./#confout.gro.1#

               Core t (s)   Wall t (s)        (%)
       Time:        2.034        2.034      100.0
                 (ns/day)    (hour/ns)
Performance:      849.700        0.028

GROMACS reminds you: "For those who want some proof that physicists are human, the proof is in the idiocy of all the different units which they use for measuring energy." (Richard Feynman)


# Integration error:        2.50

 -------------- BaysOpt loop, query 76 ---------------
going to run a simulation at 0.9424777960000189 -0.25132741199999636 
# Integrating             - Simpson's rule + Real Space Grid Mini     :-) GROMACS - gmx mdrun, 2023.2-EasyBuild_4.9.0_PLUMED_2.9.0.GMX2023 (-:

Executable:   /sw/arch/RHEL8/EB_production/2023/software/GROMACS/2023.2-foss-2023a-PLUMED-2.9.0.GMX2023/bin/gmx
Data prefix:  /sw/arch/RHEL8/EB_production/2023/software/GROMACS/2023.2-foss-2023a-PLUMED-2.9.0.GMX2023
Working dir:  /gpfs/home1/ekempkes/adipep_buq_short/result_Matern52_ls_0.75_kappa100_w_0.1_n0.0_queries_100_full
Command line:
  gmx mdrun -s simulations_essentials/md.tpr -plumed Colvars/plumed_2.262_-1.257.dat -nsteps 10000 -x Colvars/traj_2.262_-1.257.xtc


Back Off! I just backed up md.log to ./#md.log.1#
Reading file simulations_essentials/md.tpr, VERSION 2022.5-plumed_2.9.3 (single precision)
Note: file tpx version 127, software tpx version 129

NOTE: Parallelization is limited by the small number of atoms,
      only starting 1 thread-MPI ranks.
      You can use the -nt and/or -ntmpi option to optimize the number of threads.

Overriding nsteps with value passed on the command line: 10000 steps, 20 ps

comm-mode angular will give incorrect results when the comm group partially crosses a periodic boundary
Using 1 MPI thread

Non-default thread affinity set, disabling internal thread affinity

Using 1 OpenMP thread 


Back Off! I just backed up traj.trr to ./#traj.trr.1#

Back Off! I just backed up ener.edr to ./#ener.edr.1#
starting mdrun 'Generated by trjconv : Generated by trjconv : Alanine in vacuum in water t= 4500.00000'
10000 steps,     20.0 ps.

Writing final coordinates.

Back Off! I just backed up confout.gro to ./#confout.gro.1#

               Core t (s)   Wall t (s)        (%)
       Time:        2.033        2.033      100.0
                 (ns/day)    (hour/ns)
Performance:      849.931        0.028

GROMACS reminds you: "Science Won't Change You" (The Talking Heads)


# Integration error:        2.49

 -------------- BaysOpt loop, query 77 ---------------
going to run a simulation at 2.2619467110000038 -1.2566370609999933 
# Integrating             - Simpson's rule + Real Space Grid Mini     :-) GROMACS - gmx mdrun, 2023.2-EasyBuild_4.9.0_PLUMED_2.9.0.GMX2023 (-:

Executable:   /sw/arch/RHEL8/EB_production/2023/software/GROMACS/2023.2-foss-2023a-PLUMED-2.9.0.GMX2023/bin/gmx
Data prefix:  /sw/arch/RHEL8/EB_production/2023/software/GROMACS/2023.2-foss-2023a-PLUMED-2.9.0.GMX2023
Working dir:  /gpfs/home1/ekempkes/adipep_buq_short/result_Matern52_ls_0.75_kappa100_w_0.1_n0.0_queries_100_full
Command line:
  gmx mdrun -s simulations_essentials/md.tpr -plumed Colvars/plumed_1.005_0.880.dat -nsteps 10000 -x Colvars/traj_1.005_0.880.xtc


Back Off! I just backed up md.log to ./#md.log.1#
Reading file simulations_essentials/md.tpr, VERSION 2022.5-plumed_2.9.3 (single precision)
Note: file tpx version 127, software tpx version 129

NOTE: Parallelization is limited by the small number of atoms,
      only starting 1 thread-MPI ranks.
      You can use the -nt and/or -ntmpi option to optimize the number of threads.

Overriding nsteps with value passed on the command line: 10000 steps, 20 ps

comm-mode angular will give incorrect results when the comm group partially crosses a periodic boundary
Using 1 MPI thread

Non-default thread affinity set, disabling internal thread affinity

Using 1 OpenMP thread 


Back Off! I just backed up traj.trr to ./#traj.trr.1#

Back Off! I just backed up ener.edr to ./#ener.edr.1#
starting mdrun 'Generated by trjconv : Generated by trjconv : Alanine in vacuum in water t= 4500.00000'
10000 steps,     20.0 ps.

Writing final coordinates.

Back Off! I just backed up confout.gro to ./#confout.gro.1#

               Core t (s)   Wall t (s)        (%)
       Time:        2.039        2.039      100.0
                 (ns/day)    (hour/ns)
Performance:      847.722        0.028

GROMACS reminds you: "Not to get technical... but according to chemistry, alcohol is a solution." (Anonymous)


# Integration error:        2.46

 -------------- BaysOpt loop, query 78 ---------------
going to run a simulation at 1.0053096489999906 0.8796459430000121 
# Integrating             - Simpson's rule + Real Space Grid Mini     :-) GROMACS - gmx mdrun, 2023.2-EasyBuild_4.9.0_PLUMED_2.9.0.GMX2023 (-:

Executable:   /sw/arch/RHEL8/EB_production/2023/software/GROMACS/2023.2-foss-2023a-PLUMED-2.9.0.GMX2023/bin/gmx
Data prefix:  /sw/arch/RHEL8/EB_production/2023/software/GROMACS/2023.2-foss-2023a-PLUMED-2.9.0.GMX2023
Working dir:  /gpfs/home1/ekempkes/adipep_buq_short/result_Matern52_ls_0.75_kappa100_w_0.1_n0.0_queries_100_full
Command line:
  gmx mdrun -s simulations_essentials/md.tpr -plumed Colvars/plumed_1.068_1.948.dat -nsteps 10000 -x Colvars/traj_1.068_1.948.xtc


Back Off! I just backed up md.log to ./#md.log.1#
Reading file simulations_essentials/md.tpr, VERSION 2022.5-plumed_2.9.3 (single precision)
Note: file tpx version 127, software tpx version 129

NOTE: Parallelization is limited by the small number of atoms,
      only starting 1 thread-MPI ranks.
      You can use the -nt and/or -ntmpi option to optimize the number of threads.

Overriding nsteps with value passed on the command line: 10000 steps, 20 ps

comm-mode angular will give incorrect results when the comm group partially crosses a periodic boundary
Using 1 MPI thread

Non-default thread affinity set, disabling internal thread affinity

Using 1 OpenMP thread 


Back Off! I just backed up traj.trr to ./#traj.trr.1#

Back Off! I just backed up ener.edr to ./#ener.edr.1#
starting mdrun 'Generated by trjconv : Generated by trjconv : Alanine in vacuum in water t= 4500.00000'
10000 steps,     20.0 ps.

Writing final coordinates.

Back Off! I just backed up confout.gro to ./#confout.gro.1#

               Core t (s)   Wall t (s)        (%)
       Time:        2.022        2.022      100.0
                 (ns/day)    (hour/ns)
Performance:      854.707        0.028

GROMACS reminds you: "I can't help but think the model is ungrateful for all that nice data I gave it. Jerk." (Kate Stafford)


# Integration error:        2.46

 -------------- BaysOpt loop, query 79 ---------------
going to run a simulation at 1.0681415019999982 1.9477874449999604 
# Integrating             - Simpson's rule + Real Space Grid Mini     :-) GROMACS - gmx mdrun, 2023.2-EasyBuild_4.9.0_PLUMED_2.9.0.GMX2023 (-:

Executable:   /sw/arch/RHEL8/EB_production/2023/software/GROMACS/2023.2-foss-2023a-PLUMED-2.9.0.GMX2023/bin/gmx
Data prefix:  /sw/arch/RHEL8/EB_production/2023/software/GROMACS/2023.2-foss-2023a-PLUMED-2.9.0.GMX2023
Working dir:  /gpfs/home1/ekempkes/adipep_buq_short/result_Matern52_ls_0.75_kappa100_w_0.1_n0.0_queries_100_full
Command line:
  gmx mdrun -s simulations_essentials/md.tpr -plumed Colvars/plumed_0.942_2.890.dat -nsteps 10000 -x Colvars/traj_0.942_2.890.xtc


Back Off! I just backed up md.log to ./#md.log.1#
Reading file simulations_essentials/md.tpr, VERSION 2022.5-plumed_2.9.3 (single precision)
Note: file tpx version 127, software tpx version 129

NOTE: Parallelization is limited by the small number of atoms,
      only starting 1 thread-MPI ranks.
      You can use the -nt and/or -ntmpi option to optimize the number of threads.

Overriding nsteps with value passed on the command line: 10000 steps, 20 ps

comm-mode angular will give incorrect results when the comm group partially crosses a periodic boundary
Using 1 MPI thread

Non-default thread affinity set, disabling internal thread affinity

Using 1 OpenMP thread 


Back Off! I just backed up traj.trr to ./#traj.trr.1#

Back Off! I just backed up ener.edr to ./#ener.edr.1#
starting mdrun 'Generated by trjconv : Generated by trjconv : Alanine in vacuum in water t= 4500.00000'
10000 steps,     20.0 ps.

Writing final coordinates.

Back Off! I just backed up confout.gro to ./#confout.gro.1#

               Core t (s)   Wall t (s)        (%)
       Time:        2.024        2.024      100.0
                 (ns/day)    (hour/ns)
Performance:      853.910        0.028

GROMACS reminds you: "Everybody is Smashing Things Down" (Offspring)


# Integration error:        2.44

 -------------- BaysOpt loop, query 80 ---------------
going to run a simulation at 0.9424777960000189 2.890265241000028 
# Integrating             - Simpson's rule + Real Space Grid Mini     :-) GROMACS - gmx mdrun, 2023.2-EasyBuild_4.9.0_PLUMED_2.9.0.GMX2023 (-:

Executable:   /sw/arch/RHEL8/EB_production/2023/software/GROMACS/2023.2-foss-2023a-PLUMED-2.9.0.GMX2023/bin/gmx
Data prefix:  /sw/arch/RHEL8/EB_production/2023/software/GROMACS/2023.2-foss-2023a-PLUMED-2.9.0.GMX2023
Working dir:  /gpfs/home1/ekempkes/adipep_buq_short/result_Matern52_ls_0.75_kappa100_w_0.1_n0.0_queries_100_full
Command line:
  gmx mdrun -s simulations_essentials/md.tpr -plumed Colvars/plumed_1.445_-2.073.dat -nsteps 10000 -x Colvars/traj_1.445_-2.073.xtc


Back Off! I just backed up md.log to ./#md.log.1#
Reading file simulations_essentials/md.tpr, VERSION 2022.5-plumed_2.9.3 (single precision)
Note: file tpx version 127, software tpx version 129

NOTE: Parallelization is limited by the small number of atoms,
      only starting 1 thread-MPI ranks.
      You can use the -nt and/or -ntmpi option to optimize the number of threads.

Overriding nsteps with value passed on the command line: 10000 steps, 20 ps

comm-mode angular will give incorrect results when the comm group partially crosses a periodic boundary
Using 1 MPI thread

Non-default thread affinity set, disabling internal thread affinity

Using 1 OpenMP thread 


Back Off! I just backed up traj.trr to ./#traj.trr.1#

Back Off! I just backed up ener.edr to ./#ener.edr.1#
starting mdrun 'Generated by trjconv : Generated by trjconv : Alanine in vacuum in water t= 4500.00000'
10000 steps,     20.0 ps.

Writing final coordinates.

Back Off! I just backed up confout.gro to ./#confout.gro.1#

               Core t (s)   Wall t (s)        (%)
       Time:        2.053        2.053      100.0
                 (ns/day)    (hour/ns)
Performance:      841.662        0.029

GROMACS reminds you: "It's So Lonely When You Don't Even Know Yourself" (Red Hot Chili Peppers)


# Integration error:        2.42

 -------------- BaysOpt loop, query 81 ---------------
going to run a simulation at 1.4451326210000188 -2.0734511509999756 
# Integrating             - Simpson's rule + Real Space Grid Mini     :-) GROMACS - gmx mdrun, 2023.2-EasyBuild_4.9.0_PLUMED_2.9.0.GMX2023 (-:

Executable:   /sw/arch/RHEL8/EB_production/2023/software/GROMACS/2023.2-foss-2023a-PLUMED-2.9.0.GMX2023/bin/gmx
Data prefix:  /sw/arch/RHEL8/EB_production/2023/software/GROMACS/2023.2-foss-2023a-PLUMED-2.9.0.GMX2023
Working dir:  /gpfs/home1/ekempkes/adipep_buq_short/result_Matern52_ls_0.75_kappa100_w_0.1_n0.0_queries_100_full
Command line:
  gmx mdrun -s simulations_essentials/md.tpr -plumed Colvars/plumed_0.754_-2.827.dat -nsteps 10000 -x Colvars/traj_0.754_-2.827.xtc


Back Off! I just backed up md.log to ./#md.log.1#
Reading file simulations_essentials/md.tpr, VERSION 2022.5-plumed_2.9.3 (single precision)
Note: file tpx version 127, software tpx version 129

NOTE: Parallelization is limited by the small number of atoms,
      only starting 1 thread-MPI ranks.
      You can use the -nt and/or -ntmpi option to optimize the number of threads.

Overriding nsteps with value passed on the command line: 10000 steps, 20 ps

comm-mode angular will give incorrect results when the comm group partially crosses a periodic boundary
Using 1 MPI thread

Non-default thread affinity set, disabling internal thread affinity

Using 1 OpenMP thread 


Back Off! I just backed up traj.trr to ./#traj.trr.1#

Back Off! I just backed up ener.edr to ./#ener.edr.1#
starting mdrun 'Generated by trjconv : Generated by trjconv : Alanine in vacuum in water t= 4500.00000'
10000 steps,     20.0 ps.

Writing final coordinates.

Back Off! I just backed up confout.gro to ./#confout.gro.1#

               Core t (s)   Wall t (s)        (%)
       Time:        2.152        2.152      100.0
                 (ns/day)    (hour/ns)
Performance:      803.184        0.030

GROMACS reminds you: "Why would I pay GitHub $100/year for an AI to tell me what code to write when men do it for free?" (Safia Abdalla)


# Integration error:        2.45

 -------------- BaysOpt loop, query 82 ---------------
going to run a simulation at 0.753982236999984 -2.8274333879999514 
# Integrating             - Simpson's rule + Real Space Grid Mini     :-) GROMACS - gmx mdrun, 2023.2-EasyBuild_4.9.0_PLUMED_2.9.0.GMX2023 (-:

Executable:   /sw/arch/RHEL8/EB_production/2023/software/GROMACS/2023.2-foss-2023a-PLUMED-2.9.0.GMX2023/bin/gmx
Data prefix:  /sw/arch/RHEL8/EB_production/2023/software/GROMACS/2023.2-foss-2023a-PLUMED-2.9.0.GMX2023
Working dir:  /gpfs/home1/ekempkes/adipep_buq_short/result_Matern52_ls_0.75_kappa100_w_0.1_n0.0_queries_100_full
Command line:
  gmx mdrun -s simulations_essentials/md.tpr -plumed Colvars/plumed_1.319_-1.257.dat -nsteps 10000 -x Colvars/traj_1.319_-1.257.xtc


Back Off! I just backed up md.log to ./#md.log.1#
Reading file simulations_essentials/md.tpr, VERSION 2022.5-plumed_2.9.3 (single precision)
Note: file tpx version 127, software tpx version 129

NOTE: Parallelization is limited by the small number of atoms,
      only starting 1 thread-MPI ranks.
      You can use the -nt and/or -ntmpi option to optimize the number of threads.

Overriding nsteps with value passed on the command line: 10000 steps, 20 ps

comm-mode angular will give incorrect results when the comm group partially crosses a periodic boundary
Using 1 MPI thread

Non-default thread affinity set, disabling internal thread affinity

Using 1 OpenMP thread 


Back Off! I just backed up traj.trr to ./#traj.trr.1#

Back Off! I just backed up ener.edr to ./#ener.edr.1#
starting mdrun 'Generated by trjconv : Generated by trjconv : Alanine in vacuum in water t= 4500.00000'
10000 steps,     20.0 ps.

Writing final coordinates.

Back Off! I just backed up confout.gro to ./#confout.gro.1#

               Core t (s)   Wall t (s)        (%)
       Time:        2.136        2.136      100.0
                 (ns/day)    (hour/ns)
Performance:      809.050        0.030

GROMACS reminds you: "Disturb the Peace of a John Q Citizen" (Urban Dance Squad)


# Integration error:        2.42

 -------------- BaysOpt loop, query 83 ---------------
going to run a simulation at 1.3194689150000116 -1.2566370609999933 
# Integrating             - Simpson's rule + Real Space Grid Mini     :-) GROMACS - gmx mdrun, 2023.2-EasyBuild_4.9.0_PLUMED_2.9.0.GMX2023 (-:

Executable:   /sw/arch/RHEL8/EB_production/2023/software/GROMACS/2023.2-foss-2023a-PLUMED-2.9.0.GMX2023/bin/gmx
Data prefix:  /sw/arch/RHEL8/EB_production/2023/software/GROMACS/2023.2-foss-2023a-PLUMED-2.9.0.GMX2023
Working dir:  /gpfs/home1/ekempkes/adipep_buq_short/result_Matern52_ls_0.75_kappa100_w_0.1_n0.0_queries_100_full
Command line:
  gmx mdrun -s simulations_essentials/md.tpr -plumed Colvars/plumed_-1.571_2.199.dat -nsteps 10000 -x Colvars/traj_-1.571_2.199.xtc


Back Off! I just backed up md.log to ./#md.log.1#
Reading file simulations_essentials/md.tpr, VERSION 2022.5-plumed_2.9.3 (single precision)
Note: file tpx version 127, software tpx version 129

NOTE: Parallelization is limited by the small number of atoms,
      only starting 1 thread-MPI ranks.
      You can use the -nt and/or -ntmpi option to optimize the number of threads.

Overriding nsteps with value passed on the command line: 10000 steps, 20 ps

comm-mode angular will give incorrect results when the comm group partially crosses a periodic boundary
Using 1 MPI thread

Non-default thread affinity set, disabling internal thread affinity

Using 1 OpenMP thread 


Back Off! I just backed up traj.trr to ./#traj.trr.1#

Back Off! I just backed up ener.edr to ./#ener.edr.1#
starting mdrun 'Generated by trjconv : Generated by trjconv : Alanine in vacuum in water t= 4500.00000'
10000 steps,     20.0 ps.

Writing final coordinates.

Back Off! I just backed up confout.gro to ./#confout.gro.1#

               Core t (s)   Wall t (s)        (%)
       Time:        2.057        2.057      100.0
                 (ns/day)    (hour/ns)
Performance:      840.307        0.029

GROMACS reminds you: "When using an abacus, a human can achieve about 0.1 flops/watt. Super-computers achieve about 2 gigaflops/watt." (John Linford)


# Integration error:        2.42

 -------------- BaysOpt loop, query 84 ---------------
going to run a simulation at -1.5707963269999845 2.1991148580000197 
# Integrating             - Simpson's rule + Real Space Grid Mini     :-) GROMACS - gmx mdrun, 2023.2-EasyBuild_4.9.0_PLUMED_2.9.0.GMX2023 (-:

Executable:   /sw/arch/RHEL8/EB_production/2023/software/GROMACS/2023.2-foss-2023a-PLUMED-2.9.0.GMX2023/bin/gmx
Data prefix:  /sw/arch/RHEL8/EB_production/2023/software/GROMACS/2023.2-foss-2023a-PLUMED-2.9.0.GMX2023
Working dir:  /gpfs/home1/ekempkes/adipep_buq_short/result_Matern52_ls_0.75_kappa100_w_0.1_n0.0_queries_100_full
Command line:
  gmx mdrun -s simulations_essentials/md.tpr -plumed Colvars/plumed_2.136_1.571.dat -nsteps 10000 -x Colvars/traj_2.136_1.571.xtc


Back Off! I just backed up md.log to ./#md.log.1#
Reading file simulations_essentials/md.tpr, VERSION 2022.5-plumed_2.9.3 (single precision)
Note: file tpx version 127, software tpx version 129

NOTE: Parallelization is limited by the small number of atoms,
      only starting 1 thread-MPI ranks.
      You can use the -nt and/or -ntmpi option to optimize the number of threads.

Overriding nsteps with value passed on the command line: 10000 steps, 20 ps

comm-mode angular will give incorrect results when the comm group partially crosses a periodic boundary
Using 1 MPI thread

Non-default thread affinity set, disabling internal thread affinity

Using 1 OpenMP thread 


Back Off! I just backed up traj.trr to ./#traj.trr.1#

Back Off! I just backed up ener.edr to ./#ener.edr.1#
starting mdrun 'Generated by trjconv : Generated by trjconv : Alanine in vacuum in water t= 4500.00000'
10000 steps,     20.0 ps.

Writing final coordinates.

Back Off! I just backed up confout.gro to ./#confout.gro.1#

               Core t (s)   Wall t (s)        (%)
       Time:        2.055        2.055      100.0
                 (ns/day)    (hour/ns)
Performance:      841.061        0.029

GROMACS reminds you: "It seems likely that significant software contributions to existing scientific software projects are not likely to be rewarded through the traditional reputation economy of science. Together these factors provide a reason to expect the over-production of independent scientific software packages, and the underproduction of collaborative projects in which later academics build on the work of earlier ones." (Howison & Herbsleb)


# Integration error:        2.40

 -------------- BaysOpt loop, query 85 ---------------
going to run a simulation at 2.1362830039999965 1.5707963269999845 
# Integrating             - Simpson's rule + Real Space Grid Mini     :-) GROMACS - gmx mdrun, 2023.2-EasyBuild_4.9.0_PLUMED_2.9.0.GMX2023 (-:

Executable:   /sw/arch/RHEL8/EB_production/2023/software/GROMACS/2023.2-foss-2023a-PLUMED-2.9.0.GMX2023/bin/gmx
Data prefix:  /sw/arch/RHEL8/EB_production/2023/software/GROMACS/2023.2-foss-2023a-PLUMED-2.9.0.GMX2023
Working dir:  /gpfs/home1/ekempkes/adipep_buq_short/result_Matern52_ls_0.75_kappa100_w_0.1_n0.0_queries_100_full
Command line:
  gmx mdrun -s simulations_essentials/md.tpr -plumed Colvars/plumed_-0.440_0.942.dat -nsteps 10000 -x Colvars/traj_-0.440_0.942.xtc


Back Off! I just backed up md.log to ./#md.log.1#
Reading file simulations_essentials/md.tpr, VERSION 2022.5-plumed_2.9.3 (single precision)
Note: file tpx version 127, software tpx version 129

NOTE: Parallelization is limited by the small number of atoms,
      only starting 1 thread-MPI ranks.
      You can use the -nt and/or -ntmpi option to optimize the number of threads.

Overriding nsteps with value passed on the command line: 10000 steps, 20 ps

comm-mode angular will give incorrect results when the comm group partially crosses a periodic boundary
Using 1 MPI thread

Non-default thread affinity set, disabling internal thread affinity

Using 1 OpenMP thread 


Back Off! I just backed up traj.trr to ./#traj.trr.1#

Back Off! I just backed up ener.edr to ./#ener.edr.1#
starting mdrun 'Generated by trjconv : Generated by trjconv : Alanine in vacuum in water t= 4500.00000'
10000 steps,     20.0 ps.

Writing final coordinates.

Back Off! I just backed up confout.gro to ./#confout.gro.1#

               Core t (s)   Wall t (s)        (%)
       Time:        2.047        2.047      100.0
                 (ns/day)    (hour/ns)
Performance:      844.231        0.028

GROMACS reminds you: "Drugs are Bad, mmokay" (South Park)


# Integration error:        2.39

 -------------- BaysOpt loop, query 86 ---------------
going to run a simulation at -0.43982297200000164 0.9424777960000189 
# Integrating             - Simpson's rule + Real Space Grid Mini     :-) GROMACS - gmx mdrun, 2023.2-EasyBuild_4.9.0_PLUMED_2.9.0.GMX2023 (-:

Executable:   /sw/arch/RHEL8/EB_production/2023/software/GROMACS/2023.2-foss-2023a-PLUMED-2.9.0.GMX2023/bin/gmx
Data prefix:  /sw/arch/RHEL8/EB_production/2023/software/GROMACS/2023.2-foss-2023a-PLUMED-2.9.0.GMX2023
Working dir:  /gpfs/home1/ekempkes/adipep_buq_short/result_Matern52_ls_0.75_kappa100_w_0.1_n0.0_queries_100_full
Command line:
  gmx mdrun -s simulations_essentials/md.tpr -plumed Colvars/plumed_-0.691_0.063.dat -nsteps 10000 -x Colvars/traj_-0.691_0.063.xtc


Back Off! I just backed up md.log to ./#md.log.1#
Reading file simulations_essentials/md.tpr, VERSION 2022.5-plumed_2.9.3 (single precision)
Note: file tpx version 127, software tpx version 129

NOTE: Parallelization is limited by the small number of atoms,
      only starting 1 thread-MPI ranks.
      You can use the -nt and/or -ntmpi option to optimize the number of threads.

Overriding nsteps with value passed on the command line: 10000 steps, 20 ps

comm-mode angular will give incorrect results when the comm group partially crosses a periodic boundary
Using 1 MPI thread

Non-default thread affinity set, disabling internal thread affinity

Using 1 OpenMP thread 


Back Off! I just backed up traj.trr to ./#traj.trr.1#

Back Off! I just backed up ener.edr to ./#ener.edr.1#
starting mdrun 'Generated by trjconv : Generated by trjconv : Alanine in vacuum in water t= 4500.00000'
10000 steps,     20.0 ps.

Writing final coordinates.

Back Off! I just backed up confout.gro to ./#confout.gro.1#

               Core t (s)   Wall t (s)        (%)
       Time:        2.064        2.064      100.0
                 (ns/day)    (hour/ns)
Performance:      837.427        0.029

GROMACS reminds you: "If There Is No Guitar In The House, You Know It's Owner Can Not Be Trusted" (Gogol Bordello)


# Integration error:        2.36

 -------------- BaysOpt loop, query 87 ---------------
going to run a simulation at -0.6911503840000147 0.06283185299999909 
# Integrating             - Simpson's rule + Real Space Grid Mini     :-) GROMACS - gmx mdrun, 2023.2-EasyBuild_4.9.0_PLUMED_2.9.0.GMX2023 (-:

Executable:   /sw/arch/RHEL8/EB_production/2023/software/GROMACS/2023.2-foss-2023a-PLUMED-2.9.0.GMX2023/bin/gmx
Data prefix:  /sw/arch/RHEL8/EB_production/2023/software/GROMACS/2023.2-foss-2023a-PLUMED-2.9.0.GMX2023
Working dir:  /gpfs/home1/ekempkes/adipep_buq_short/result_Matern52_ls_0.75_kappa100_w_0.1_n0.0_queries_100_full
Command line:
  gmx mdrun -s simulations_essentials/md.tpr -plumed Colvars/plumed_0.377_0.251.dat -nsteps 10000 -x Colvars/traj_0.377_0.251.xtc


Back Off! I just backed up md.log to ./#md.log.1#
Reading file simulations_essentials/md.tpr, VERSION 2022.5-plumed_2.9.3 (single precision)
Note: file tpx version 127, software tpx version 129

NOTE: Parallelization is limited by the small number of atoms,
      only starting 1 thread-MPI ranks.
      You can use the -nt and/or -ntmpi option to optimize the number of threads.

Overriding nsteps with value passed on the command line: 10000 steps, 20 ps

comm-mode angular will give incorrect results when the comm group partially crosses a periodic boundary
Using 1 MPI thread

Non-default thread affinity set, disabling internal thread affinity

Using 1 OpenMP thread 


Back Off! I just backed up traj.trr to ./#traj.trr.1#

Back Off! I just backed up ener.edr to ./#ener.edr.1#
starting mdrun 'Generated by trjconv : Generated by trjconv : Alanine in vacuum in water t= 4500.00000'
10000 steps,     20.0 ps.

Writing final coordinates.

Back Off! I just backed up confout.gro to ./#confout.gro.1#

               Core t (s)   Wall t (s)        (%)
       Time:        2.025        2.025      100.0
                 (ns/day)    (hour/ns)
Performance:      853.398        0.028

GROMACS reminds you: "Interfacing Space and Beyond..." (P. J. Harvey)


# Integration error:        2.36

 -------------- BaysOpt loop, query 88 ---------------
going to run a simulation at 0.37699111799999624 0.25132741199999636 
# Integrating             - Simpson's rule + Real Space Grid Mini     :-) GROMACS - gmx mdrun, 2023.2-EasyBuild_4.9.0_PLUMED_2.9.0.GMX2023 (-:

Executable:   /sw/arch/RHEL8/EB_production/2023/software/GROMACS/2023.2-foss-2023a-PLUMED-2.9.0.GMX2023/bin/gmx
Data prefix:  /sw/arch/RHEL8/EB_production/2023/software/GROMACS/2023.2-foss-2023a-PLUMED-2.9.0.GMX2023
Working dir:  /gpfs/home1/ekempkes/adipep_buq_short/result_Matern52_ls_0.75_kappa100_w_0.1_n0.0_queries_100_full
Command line:
  gmx mdrun -s simulations_essentials/md.tpr -plumed Colvars/plumed_0.377_-0.817.dat -nsteps 10000 -x Colvars/traj_0.377_-0.817.xtc


Back Off! I just backed up md.log to ./#md.log.1#
Reading file simulations_essentials/md.tpr, VERSION 2022.5-plumed_2.9.3 (single precision)
Note: file tpx version 127, software tpx version 129

NOTE: Parallelization is limited by the small number of atoms,
      only starting 1 thread-MPI ranks.
      You can use the -nt and/or -ntmpi option to optimize the number of threads.

Overriding nsteps with value passed on the command line: 10000 steps, 20 ps

comm-mode angular will give incorrect results when the comm group partially crosses a periodic boundary
Using 1 MPI thread

Non-default thread affinity set, disabling internal thread affinity

Using 1 OpenMP thread 


Back Off! I just backed up traj.trr to ./#traj.trr.1#

Back Off! I just backed up ener.edr to ./#ener.edr.1#
starting mdrun 'Generated by trjconv : Generated by trjconv : Alanine in vacuum in water t= 4500.00000'
10000 steps,     20.0 ps.

Writing final coordinates.

Back Off! I just backed up confout.gro to ./#confout.gro.1#

               Core t (s)   Wall t (s)        (%)
       Time:        2.070        2.070      100.0
                 (ns/day)    (hour/ns)
Performance:      834.967        0.029

GROMACS reminds you: "I Wrapped a Newspaper Round My Head" (F. Zappa)


# Integration error:        2.36

 -------------- BaysOpt loop, query 89 ---------------
going to run a simulation at 0.37699111799999624 -0.8168140899999872 
# Integrating             - Simpson's rule + Real Space Grid Mini     :-) GROMACS - gmx mdrun, 2023.2-EasyBuild_4.9.0_PLUMED_2.9.0.GMX2023 (-:

Executable:   /sw/arch/RHEL8/EB_production/2023/software/GROMACS/2023.2-foss-2023a-PLUMED-2.9.0.GMX2023/bin/gmx
Data prefix:  /sw/arch/RHEL8/EB_production/2023/software/GROMACS/2023.2-foss-2023a-PLUMED-2.9.0.GMX2023
Working dir:  /gpfs/home1/ekempkes/adipep_buq_short/result_Matern52_ls_0.75_kappa100_w_0.1_n0.0_queries_100_full
Command line:
  gmx mdrun -s simulations_essentials/md.tpr -plumed Colvars/plumed_-1.319_-0.628.dat -nsteps 10000 -x Colvars/traj_-1.319_-0.628.xtc


Back Off! I just backed up md.log to ./#md.log.1#
Reading file simulations_essentials/md.tpr, VERSION 2022.5-plumed_2.9.3 (single precision)
Note: file tpx version 127, software tpx version 129

NOTE: Parallelization is limited by the small number of atoms,
      only starting 1 thread-MPI ranks.
      You can use the -nt and/or -ntmpi option to optimize the number of threads.

Overriding nsteps with value passed on the command line: 10000 steps, 20 ps

comm-mode angular will give incorrect results when the comm group partially crosses a periodic boundary
Using 1 MPI thread

Non-default thread affinity set, disabling internal thread affinity

Using 1 OpenMP thread 


Back Off! I just backed up traj.trr to ./#traj.trr.1#

Back Off! I just backed up ener.edr to ./#ener.edr.1#
starting mdrun 'Generated by trjconv : Generated by trjconv : Alanine in vacuum in water t= 4500.00000'
10000 steps,     20.0 ps.

Writing final coordinates.

Back Off! I just backed up confout.gro to ./#confout.gro.1#

               Core t (s)   Wall t (s)        (%)
       Time:        2.035        2.035      100.0
                 (ns/day)    (hour/ns)
Performance:      849.290        0.028

GROMACS reminds you: "When my information changes, I alter my conclusions. What do you do, sir?" (John Maynard Keynes)


# Integration error:        2.34

 -------------- BaysOpt loop, query 90 ---------------
going to run a simulation at -1.3194689150000116 -0.6283185309999932 
# Integrating             - Simpson's rule + Real Space Grid Mini     :-) GROMACS - gmx mdrun, 2023.2-EasyBuild_4.9.0_PLUMED_2.9.0.GMX2023 (-:

Executable:   /sw/arch/RHEL8/EB_production/2023/software/GROMACS/2023.2-foss-2023a-PLUMED-2.9.0.GMX2023/bin/gmx
Data prefix:  /sw/arch/RHEL8/EB_production/2023/software/GROMACS/2023.2-foss-2023a-PLUMED-2.9.0.GMX2023
Working dir:  /gpfs/home1/ekempkes/adipep_buq_short/result_Matern52_ls_0.75_kappa100_w_0.1_n0.0_queries_100_full
Command line:
  gmx mdrun -s simulations_essentials/md.tpr -plumed Colvars/plumed_2.513_-2.073.dat -nsteps 10000 -x Colvars/traj_2.513_-2.073.xtc


Back Off! I just backed up md.log to ./#md.log.1#
Reading file simulations_essentials/md.tpr, VERSION 2022.5-plumed_2.9.3 (single precision)
Note: file tpx version 127, software tpx version 129

NOTE: Parallelization is limited by the small number of atoms,
      only starting 1 thread-MPI ranks.
      You can use the -nt and/or -ntmpi option to optimize the number of threads.

Overriding nsteps with value passed on the command line: 10000 steps, 20 ps

comm-mode angular will give incorrect results when the comm group partially crosses a periodic boundary
Using 1 MPI thread

Non-default thread affinity set, disabling internal thread affinity

Using 1 OpenMP thread 


Back Off! I just backed up traj.trr to ./#traj.trr.1#

Back Off! I just backed up ener.edr to ./#ener.edr.1#
starting mdrun 'Generated by trjconv : Generated by trjconv : Alanine in vacuum in water t= 4500.00000'
10000 steps,     20.0 ps.

Writing final coordinates.

Back Off! I just backed up confout.gro to ./#confout.gro.1#

               Core t (s)   Wall t (s)        (%)
       Time:        2.062        2.062      100.0
                 (ns/day)    (hour/ns)
Performance:      838.128        0.029

GROMACS reminds you: "I love fools' experiments. I am always making them." (Charles Darwin)


# Integration error:        2.34

 -------------- BaysOpt loop, query 91 ---------------
going to run a simulation at 2.513274122999977 -2.0734511509999756 
# Integrating             - Simpson's rule + Real Space Grid Mini     :-) GROMACS - gmx mdrun, 2023.2-EasyBuild_4.9.0_PLUMED_2.9.0.GMX2023 (-:

Executable:   /sw/arch/RHEL8/EB_production/2023/software/GROMACS/2023.2-foss-2023a-PLUMED-2.9.0.GMX2023/bin/gmx
Data prefix:  /sw/arch/RHEL8/EB_production/2023/software/GROMACS/2023.2-foss-2023a-PLUMED-2.9.0.GMX2023
Working dir:  /gpfs/home1/ekempkes/adipep_buq_short/result_Matern52_ls_0.75_kappa100_w_0.1_n0.0_queries_100_full
Command line:
  gmx mdrun -s simulations_essentials/md.tpr -plumed Colvars/plumed_2.890_-1.131.dat -nsteps 10000 -x Colvars/traj_2.890_-1.131.xtc


Back Off! I just backed up md.log to ./#md.log.1#
Reading file simulations_essentials/md.tpr, VERSION 2022.5-plumed_2.9.3 (single precision)
Note: file tpx version 127, software tpx version 129

NOTE: Parallelization is limited by the small number of atoms,
      only starting 1 thread-MPI ranks.
      You can use the -nt and/or -ntmpi option to optimize the number of threads.

Overriding nsteps with value passed on the command line: 10000 steps, 20 ps

comm-mode angular will give incorrect results when the comm group partially crosses a periodic boundary
Using 1 MPI thread

Non-default thread affinity set, disabling internal thread affinity

Using 1 OpenMP thread 


Back Off! I just backed up traj.trr to ./#traj.trr.1#

Back Off! I just backed up ener.edr to ./#ener.edr.1#
starting mdrun 'Generated by trjconv : Generated by trjconv : Alanine in vacuum in water t= 4500.00000'
10000 steps,     20.0 ps.

Writing final coordinates.

Back Off! I just backed up confout.gro to ./#confout.gro.1#

               Core t (s)   Wall t (s)        (%)
       Time:        2.041        2.041      100.0
                 (ns/day)    (hour/ns)
Performance:      846.646        0.028

GROMACS reminds you: "A ship in port is safe, but that is not what ships are for. Sail out to sea and do new things." (Grace Hopper, developer of COBOL)


# Integration error:        2.38

 -------------- BaysOpt loop, query 92 ---------------
going to run a simulation at 2.890265241000028 -1.130973355000006 
# Integrating             - Simpson's rule + Real Space Grid Mini     :-) GROMACS - gmx mdrun, 2023.2-EasyBuild_4.9.0_PLUMED_2.9.0.GMX2023 (-:

Executable:   /sw/arch/RHEL8/EB_production/2023/software/GROMACS/2023.2-foss-2023a-PLUMED-2.9.0.GMX2023/bin/gmx
Data prefix:  /sw/arch/RHEL8/EB_production/2023/software/GROMACS/2023.2-foss-2023a-PLUMED-2.9.0.GMX2023
Working dir:  /gpfs/home1/ekempkes/adipep_buq_short/result_Matern52_ls_0.75_kappa100_w_0.1_n0.0_queries_100_full
Command line:
  gmx mdrun -s simulations_essentials/md.tpr -plumed Colvars/plumed_2.073_-0.377.dat -nsteps 10000 -x Colvars/traj_2.073_-0.377.xtc


Back Off! I just backed up md.log to ./#md.log.1#
Reading file simulations_essentials/md.tpr, VERSION 2022.5-plumed_2.9.3 (single precision)
Note: file tpx version 127, software tpx version 129

NOTE: Parallelization is limited by the small number of atoms,
      only starting 1 thread-MPI ranks.
      You can use the -nt and/or -ntmpi option to optimize the number of threads.

Overriding nsteps with value passed on the command line: 10000 steps, 20 ps

comm-mode angular will give incorrect results when the comm group partially crosses a periodic boundary
Using 1 MPI thread

Non-default thread affinity set, disabling internal thread affinity

Using 1 OpenMP thread 


Back Off! I just backed up traj.trr to ./#traj.trr.1#

Back Off! I just backed up ener.edr to ./#ener.edr.1#
starting mdrun 'Generated by trjconv : Generated by trjconv : Alanine in vacuum in water t= 4500.00000'
10000 steps,     20.0 ps.

Writing final coordinates.

Back Off! I just backed up confout.gro to ./#confout.gro.1#

               Core t (s)   Wall t (s)        (%)
       Time:        2.011        2.012      100.0
                 (ns/day)    (hour/ns)
Performance:      859.127        0.028

GROMACS reminds you: "Our hands are tied by physics." (Christian Blau)


# Integration error:        2.38

 -------------- BaysOpt loop, query 93 ---------------
going to run a simulation at 2.0734511509999756 -0.37699111799999624 
# Integrating             - Simpson's rule + Real Space Grid Mini     :-) GROMACS - gmx mdrun, 2023.2-EasyBuild_4.9.0_PLUMED_2.9.0.GMX2023 (-:

Executable:   /sw/arch/RHEL8/EB_production/2023/software/GROMACS/2023.2-foss-2023a-PLUMED-2.9.0.GMX2023/bin/gmx
Data prefix:  /sw/arch/RHEL8/EB_production/2023/software/GROMACS/2023.2-foss-2023a-PLUMED-2.9.0.GMX2023
Working dir:  /gpfs/home1/ekempkes/adipep_buq_short/result_Matern52_ls_0.75_kappa100_w_0.1_n0.0_queries_100_full
Command line:
  gmx mdrun -s simulations_essentials/md.tpr -plumed Colvars/plumed_2.890_2.450.dat -nsteps 10000 -x Colvars/traj_2.890_2.450.xtc


Back Off! I just backed up md.log to ./#md.log.1#
Reading file simulations_essentials/md.tpr, VERSION 2022.5-plumed_2.9.3 (single precision)
Note: file tpx version 127, software tpx version 129

NOTE: Parallelization is limited by the small number of atoms,
      only starting 1 thread-MPI ranks.
      You can use the -nt and/or -ntmpi option to optimize the number of threads.

Overriding nsteps with value passed on the command line: 10000 steps, 20 ps

comm-mode angular will give incorrect results when the comm group partially crosses a periodic boundary
Using 1 MPI thread

Non-default thread affinity set, disabling internal thread affinity

Using 1 OpenMP thread 


Back Off! I just backed up traj.trr to ./#traj.trr.1#

Back Off! I just backed up ener.edr to ./#ener.edr.1#
starting mdrun 'Generated by trjconv : Generated by trjconv : Alanine in vacuum in water t= 4500.00000'
10000 steps,     20.0 ps.

Writing final coordinates.

Back Off! I just backed up confout.gro to ./#confout.gro.1#

               Core t (s)   Wall t (s)        (%)
       Time:        2.032        2.032      100.0
                 (ns/day)    (hour/ns)
Performance:      850.413        0.028

GROMACS reminds you: "Science adjusts its views based on what's observed. Faith is the denial of observation so that belief can be preserved." (Tim Minchin)


# Integration error:        2.38

 -------------- BaysOpt loop, query 94 ---------------
going to run a simulation at 2.890265241000028 2.450442270000013 
# Integrating             - Simpson's rule + Real Space Grid Mini     :-) GROMACS - gmx mdrun, 2023.2-EasyBuild_4.9.0_PLUMED_2.9.0.GMX2023 (-:

Executable:   /sw/arch/RHEL8/EB_production/2023/software/GROMACS/2023.2-foss-2023a-PLUMED-2.9.0.GMX2023/bin/gmx
Data prefix:  /sw/arch/RHEL8/EB_production/2023/software/GROMACS/2023.2-foss-2023a-PLUMED-2.9.0.GMX2023
Working dir:  /gpfs/home1/ekempkes/adipep_buq_short/result_Matern52_ls_0.75_kappa100_w_0.1_n0.0_queries_100_full
Command line:
  gmx mdrun -s simulations_essentials/md.tpr -plumed Colvars/plumed_2.890_1.319.dat -nsteps 10000 -x Colvars/traj_2.890_1.319.xtc


Back Off! I just backed up md.log to ./#md.log.1#
Reading file simulations_essentials/md.tpr, VERSION 2022.5-plumed_2.9.3 (single precision)
Note: file tpx version 127, software tpx version 129

NOTE: Parallelization is limited by the small number of atoms,
      only starting 1 thread-MPI ranks.
      You can use the -nt and/or -ntmpi option to optimize the number of threads.

Overriding nsteps with value passed on the command line: 10000 steps, 20 ps

comm-mode angular will give incorrect results when the comm group partially crosses a periodic boundary
Using 1 MPI thread

Non-default thread affinity set, disabling internal thread affinity

Using 1 OpenMP thread 


Back Off! I just backed up traj.trr to ./#traj.trr.1#

Back Off! I just backed up ener.edr to ./#ener.edr.1#
starting mdrun 'Generated by trjconv : Generated by trjconv : Alanine in vacuum in water t= 4500.00000'
10000 steps,     20.0 ps.

Writing final coordinates.

Back Off! I just backed up confout.gro to ./#confout.gro.1#

               Core t (s)   Wall t (s)        (%)
       Time:        2.034        2.034      100.0
                 (ns/day)    (hour/ns)
Performance:      849.434        0.028

GROMACS reminds you: "This Doesn't Suck, It's a Black Hole !" (K.A. Feenstra)


# Integration error:        2.35

 -------------- BaysOpt loop, query 95 ---------------
going to run a simulation at 2.890265241000028 1.3194689150000116 
# Integrating             - Simpson's rule + Real Space Grid Mini     :-) GROMACS - gmx mdrun, 2023.2-EasyBuild_4.9.0_PLUMED_2.9.0.GMX2023 (-:

Executable:   /sw/arch/RHEL8/EB_production/2023/software/GROMACS/2023.2-foss-2023a-PLUMED-2.9.0.GMX2023/bin/gmx
Data prefix:  /sw/arch/RHEL8/EB_production/2023/software/GROMACS/2023.2-foss-2023a-PLUMED-2.9.0.GMX2023
Working dir:  /gpfs/home1/ekempkes/adipep_buq_short/result_Matern52_ls_0.75_kappa100_w_0.1_n0.0_queries_100_full
Command line:
  gmx mdrun -s simulations_essentials/md.tpr -plumed Colvars/plumed_0.251_1.194.dat -nsteps 10000 -x Colvars/traj_0.251_1.194.xtc


Back Off! I just backed up md.log to ./#md.log.1#
Reading file simulations_essentials/md.tpr, VERSION 2022.5-plumed_2.9.3 (single precision)
Note: file tpx version 127, software tpx version 129

NOTE: Parallelization is limited by the small number of atoms,
      only starting 1 thread-MPI ranks.
      You can use the -nt and/or -ntmpi option to optimize the number of threads.

Overriding nsteps with value passed on the command line: 10000 steps, 20 ps

comm-mode angular will give incorrect results when the comm group partially crosses a periodic boundary
Using 1 MPI thread

Non-default thread affinity set, disabling internal thread affinity

Using 1 OpenMP thread 


Back Off! I just backed up traj.trr to ./#traj.trr.1#

Back Off! I just backed up ener.edr to ./#ener.edr.1#
starting mdrun 'Generated by trjconv : Generated by trjconv : Alanine in vacuum in water t= 4500.00000'
10000 steps,     20.0 ps.

Writing final coordinates.

Back Off! I just backed up confout.gro to ./#confout.gro.1#

               Core t (s)   Wall t (s)        (%)
       Time:        2.021        2.021      100.0
                 (ns/day)    (hour/ns)
Performance:      855.267        0.028

GROMACS reminds you: "Everybody Wants to Be Naked and Famous" (Tricky)


# Integration error:        2.31

 -------------- BaysOpt loop, query 96 ---------------
going to run a simulation at 0.25132741199999636 1.1938052079999777 
# Integrating             - Simpson's rule + Real Space Grid Mini     :-) GROMACS - gmx mdrun, 2023.2-EasyBuild_4.9.0_PLUMED_2.9.0.GMX2023 (-:

Executable:   /sw/arch/RHEL8/EB_production/2023/software/GROMACS/2023.2-foss-2023a-PLUMED-2.9.0.GMX2023/bin/gmx
Data prefix:  /sw/arch/RHEL8/EB_production/2023/software/GROMACS/2023.2-foss-2023a-PLUMED-2.9.0.GMX2023
Working dir:  /gpfs/home1/ekempkes/adipep_buq_short/result_Matern52_ls_0.75_kappa100_w_0.1_n0.0_queries_100_full
Command line:
  gmx mdrun -s simulations_essentials/md.tpr -plumed Colvars/plumed_0.063_2.011.dat -nsteps 10000 -x Colvars/traj_0.063_2.011.xtc


Back Off! I just backed up md.log to ./#md.log.1#
Reading file simulations_essentials/md.tpr, VERSION 2022.5-plumed_2.9.3 (single precision)
Note: file tpx version 127, software tpx version 129

NOTE: Parallelization is limited by the small number of atoms,
      only starting 1 thread-MPI ranks.
      You can use the -nt and/or -ntmpi option to optimize the number of threads.

Overriding nsteps with value passed on the command line: 10000 steps, 20 ps

comm-mode angular will give incorrect results when the comm group partially crosses a periodic boundary
Using 1 MPI thread

Non-default thread affinity set, disabling internal thread affinity

Using 1 OpenMP thread 


Back Off! I just backed up traj.trr to ./#traj.trr.1#

Back Off! I just backed up ener.edr to ./#ener.edr.1#
starting mdrun 'Generated by trjconv : Generated by trjconv : Alanine in vacuum in water t= 4500.00000'
10000 steps,     20.0 ps.

Writing final coordinates.

Back Off! I just backed up confout.gro to ./#confout.gro.1#

               Core t (s)   Wall t (s)        (%)
       Time:        2.029        2.029      100.0
                 (ns/day)    (hour/ns)
Performance:      851.638        0.028

GROMACS reminds you: "Nada e organico, e tudo programado" (Pitty)


# Integration error:        2.25

 -------------- BaysOpt loop, query 97 ---------------
going to run a simulation at 0.06283185299999909 2.0106192979999813 
# Integrating             - Simpson's rule + Real Space Grid Mini     :-) GROMACS - gmx mdrun, 2023.2-EasyBuild_4.9.0_PLUMED_2.9.0.GMX2023 (-:

Executable:   /sw/arch/RHEL8/EB_production/2023/software/GROMACS/2023.2-foss-2023a-PLUMED-2.9.0.GMX2023/bin/gmx
Data prefix:  /sw/arch/RHEL8/EB_production/2023/software/GROMACS/2023.2-foss-2023a-PLUMED-2.9.0.GMX2023
Working dir:  /gpfs/home1/ekempkes/adipep_buq_short/result_Matern52_ls_0.75_kappa100_w_0.1_n0.0_queries_100_full
Command line:
  gmx mdrun -s simulations_essentials/md.tpr -plumed Colvars/plumed_-0.942_1.257.dat -nsteps 10000 -x Colvars/traj_-0.942_1.257.xtc


Back Off! I just backed up md.log to ./#md.log.1#
Reading file simulations_essentials/md.tpr, VERSION 2022.5-plumed_2.9.3 (single precision)
Note: file tpx version 127, software tpx version 129

NOTE: Parallelization is limited by the small number of atoms,
      only starting 1 thread-MPI ranks.
      You can use the -nt and/or -ntmpi option to optimize the number of threads.

Overriding nsteps with value passed on the command line: 10000 steps, 20 ps

comm-mode angular will give incorrect results when the comm group partially crosses a periodic boundary
Using 1 MPI thread

Non-default thread affinity set, disabling internal thread affinity

Using 1 OpenMP thread 


Back Off! I just backed up traj.trr to ./#traj.trr.1#

Back Off! I just backed up ener.edr to ./#ener.edr.1#
starting mdrun 'Generated by trjconv : Generated by trjconv : Alanine in vacuum in water t= 4500.00000'
10000 steps,     20.0 ps.

Writing final coordinates.

Back Off! I just backed up confout.gro to ./#confout.gro.1#

               Core t (s)   Wall t (s)        (%)
       Time:        2.019        2.020      100.0
                 (ns/day)    (hour/ns)
Performance:      855.720        0.028

GROMACS reminds you: "Don't be afraid of hard work. Nothing worthwhile comes easily. Don't let others discourage you or tell you that you can't do it. In my day I was told women didn't go into chemistry. I saw no reason why we couldn't." (Gertrude Elion)


# Integration error:        2.00

 -------------- BaysOpt loop, query 98 ---------------
going to run a simulation at -0.9424777960000189 1.2566370609999933 
# Integrating             - Simpson's rule + Real Space Grid Mini     :-) GROMACS - gmx mdrun, 2023.2-EasyBuild_4.9.0_PLUMED_2.9.0.GMX2023 (-:

Executable:   /sw/arch/RHEL8/EB_production/2023/software/GROMACS/2023.2-foss-2023a-PLUMED-2.9.0.GMX2023/bin/gmx
Data prefix:  /sw/arch/RHEL8/EB_production/2023/software/GROMACS/2023.2-foss-2023a-PLUMED-2.9.0.GMX2023
Working dir:  /gpfs/home1/ekempkes/adipep_buq_short/result_Matern52_ls_0.75_kappa100_w_0.1_n0.0_queries_100_full
Command line:
  gmx mdrun -s simulations_essentials/md.tpr -plumed Colvars/plumed_-1.382_0.440.dat -nsteps 10000 -x Colvars/traj_-1.382_0.440.xtc


Back Off! I just backed up md.log to ./#md.log.1#
Reading file simulations_essentials/md.tpr, VERSION 2022.5-plumed_2.9.3 (single precision)
Note: file tpx version 127, software tpx version 129

NOTE: Parallelization is limited by the small number of atoms,
      only starting 1 thread-MPI ranks.
      You can use the -nt and/or -ntmpi option to optimize the number of threads.

Overriding nsteps with value passed on the command line: 10000 steps, 20 ps

comm-mode angular will give incorrect results when the comm group partially crosses a periodic boundary
Using 1 MPI thread

Non-default thread affinity set, disabling internal thread affinity

Using 1 OpenMP thread 


Back Off! I just backed up traj.trr to ./#traj.trr.1#

Back Off! I just backed up ener.edr to ./#ener.edr.1#
starting mdrun 'Generated by trjconv : Generated by trjconv : Alanine in vacuum in water t= 4500.00000'
10000 steps,     20.0 ps.

Writing final coordinates.

Back Off! I just backed up confout.gro to ./#confout.gro.1#

               Core t (s)   Wall t (s)        (%)
       Time:        2.044        2.044      100.0
                 (ns/day)    (hour/ns)
Performance:      845.418        0.028

GROMACS reminds you: "It's Bicycle Repair Man !" (Monty Python)


# Integration error:        1.96

 -------------- BaysOpt loop, query 99 ---------------
going to run a simulation at -1.3823007680000294 0.43982297200000164 
# Integrating             - Simpson's rule + Real Space Grid Mini     :-) GROMACS - gmx mdrun, 2023.2-EasyBuild_4.9.0_PLUMED_2.9.0.GMX2023 (-:

Executable:   /sw/arch/RHEL8/EB_production/2023/software/GROMACS/2023.2-foss-2023a-PLUMED-2.9.0.GMX2023/bin/gmx
Data prefix:  /sw/arch/RHEL8/EB_production/2023/software/GROMACS/2023.2-foss-2023a-PLUMED-2.9.0.GMX2023
Working dir:  /gpfs/home1/ekempkes/adipep_buq_short/result_Matern52_ls_0.75_kappa100_w_0.1_n0.0_queries_100_full
Command line:
  gmx mdrun -s simulations_essentials/md.tpr -plumed Colvars/plumed_2.953_-2.890.dat -nsteps 10000 -x Colvars/traj_2.953_-2.890.xtc


Back Off! I just backed up md.log to ./#md.log.1#
Reading file simulations_essentials/md.tpr, VERSION 2022.5-plumed_2.9.3 (single precision)
Note: file tpx version 127, software tpx version 129

NOTE: Parallelization is limited by the small number of atoms,
      only starting 1 thread-MPI ranks.
      You can use the -nt and/or -ntmpi option to optimize the number of threads.

Overriding nsteps with value passed on the command line: 10000 steps, 20 ps

comm-mode angular will give incorrect results when the comm group partially crosses a periodic boundary
Using 1 MPI thread

Non-default thread affinity set, disabling internal thread affinity

Using 1 OpenMP thread 


Back Off! I just backed up traj.trr to ./#traj.trr.1#

Back Off! I just backed up ener.edr to ./#ener.edr.1#
starting mdrun 'Generated by trjconv : Generated by trjconv : Alanine in vacuum in water t= 4500.00000'
10000 steps,     20.0 ps.

Writing final coordinates.

Back Off! I just backed up confout.gro to ./#confout.gro.1#

               Core t (s)   Wall t (s)        (%)
       Time:        2.048        2.048      100.0
                 (ns/day)    (hour/ns)
Performance:      843.873        0.028

GROMACS reminds you: "Making merry out of nothing, like in refugee camp" (Gogol Bordello)


# Integration error:        1.97

 -------------- BaysOpt loop, query 100 ---------------
going to run a simulation at 2.953097093999987 -2.890265241000028 
# Integrating             - Simpson's rule + Real Space Grid Mini 
# Integration error:        1.97

# Integrating             - Simpson's rule + Real Space Grid Mini 
# Integration error:        1.97

Results saved to AD_Matern52kappa_100.0_ls_0.75_w_0.1_n0.0_acq_IVR_q_100_adipep.txt
