#! FIELDS time d1 d2 rc steer.bias steer.force2 steer.d1_cntr steer.d1_work steer.d1_kappa steer.d2_cntr steer.d2_work steer.d2_kappa steer.work ener an res.bias res.force2 an2 res2.bias res2.force2
 0.000000 2.644139 1.840637 -0.803502 0.008586 17.136183 2.640000 0.000000 1000.000000 1.840000 0.000000 100.000000 0.000000 -400576.064421 1.275815 4.350712 870.142465 0.097644 0.476720 95.344035
 0.050000 2.635791 1.794371 -0.841420 0.112956 38.534870 2.640000 0.000000 1000.000000 1.840000 0.000000 100.000000 0.000000 -400571.547092 1.369433 2.027369 405.473883 0.071000 0.252047 50.409394
 0.100000 2.641827 1.892601 -0.749226 0.140015 31.008590 2.640000 0.000000 1000.000000 1.840000 0.000000 100.000000 0.000000 -400571.950790 1.413973 1.229671 245.934259 0.150854 1.137848 227.569529
 0.150000 2.631883 1.902792 -0.729091 0.230084 105.317993 2.640000 0.000000 1000.000000 1.840000 0.000000 100.000000 0.000000 -400571.291047 1.370104 2.013868 402.773695 0.093004 0.432485 86.497077
 0.200000 2.623185 1.821767 -0.801418 0.157996 286.073200 2.640000 0.000000 1000.000000 1.840000 0.000000 100.000000 0.000000 -400568.630945 1.387983 1.671035 334.207040 0.037822 0.071525 14.304984
 0.250000 2.636313 1.856237 -0.780076 0.019979 16.230760 2.640000 0.000000 1000.000000 1.840000 0.000000 100.000000 0.000000 -400570.927133 1.298660 3.702916 740.583211 0.183060 1.675544 335.108790
 0.300000 2.666321 1.844935 -0.821387 0.347627 693.063059 2.640000 0.000000 1000.000000 1.840000 0.000000 100.000000 0.000000 -400563.555191 1.512346 0.170822 34.164323 0.048832 0.119226 23.845193
 0.350000 2.622427 1.923856 -0.698571 0.505995 379.120579 2.640000 0.000000 1000.000000 1.840000 0.000000 100.000000 0.000000 -400570.486375 1.234584 5.651947 1130.389423 0.107450 0.577271 115.454252
 0.400000 2.602727 1.786402 -0.816325 0.838294 1418.039430 2.640000 0.000000 1000.000000 1.840000 0.000000 100.000000 0.000000 -400568.113635 1.498162 0.263785 52.756915 0.100107 0.501067 100.213309
 0.450000 2.646033 1.834010 -0.812023 0.019991 36.753423 2.640000 0.000000 1000.000000 1.840000 0.000000 100.000000 0.000000 -400572.728776 1.275466 4.360995 872.199083 0.134662 0.906688 181.337601
 0.500000 2.661939 1.890244 -0.771695 0.366879 506.556251 2.640000 0.000000 1000.000000 1.840000 0.000000 100.000000 0.000000 -400569.920440 1.384593 1.733576 346.715131 0.037899 0.071819 14.363704
 0.550000 2.588927 1.886642 -0.702285 0.621825 1095.597501 2.621778 -0.101332 1000.000000 1.846083 -0.010868 100.000000 -0.112201 -400571.483023 1.401443 1.434023 286.804637 0.138635 0.960986 192.197299
 0.600000 2.615831 1.828118 -0.787713 0.104259 156.465327 2.603556 -0.169820 1000.000000 1.852167 -0.007582 100.000000 -0.177402 -400567.960173 1.445323 0.787176 157.435196 0.165133 1.363445 272.688999
 0.650000 2.600507 1.847311 -0.753196 0.121107 231.444285 2.585333 -0.253612 1000.000000 1.858250 -0.018722 100.000000 -0.272334 -400570.538491 1.362378 2.171911 434.382151 0.064695 0.209272 41.854371
 0.700000 2.563948 1.872720 -0.691228 0.008518 10.706422 2.567111 -0.204369 1000.000000 1.864333 -0.017173 100.000000 -0.221542 -400569.523615 1.270549 4.507410 901.482034 0.111265 0.618993 123.798657
 0.750000 2.568030 1.798966 -0.769064 0.438456 417.439576 2.548889 -0.224357 1000.000000 1.870417 -0.026105 100.000000 -0.250462 -400563.999711 1.548488 0.024883 4.976626 0.130470 0.851118 170.223655
 0.800000 2.512704 1.905591 -0.607112 0.203652 331.136947 2.530667 -0.294761 1000.000000 1.876500 -0.021472 100.000000 -0.316233 -400571.559909 1.288953 3.971788 794.357560 0.168728 1.423464 284.692812
 0.850000 2.532760 1.893670 -0.639090 0.212504 413.946760 2.512444 -0.237654 1000.000000 1.882583 -0.020310 100.000000 -0.257964 -400566.005439 1.460079 0.612917 122.583460 0.040658 0.082652 16.530492
 0.900000 2.527501 1.879760 -0.647742 0.557710 1108.280483 2.494222 -0.195669 1000.000000 1.888667 -0.017935 100.000000 -0.213604 -400570.531626 1.352871 2.374571 474.914186 0.157783 1.244778 248.955514
 0.950000 2.463209 1.844510 -0.618699 0.208011 188.855006 2.476000 -0.156626 1000.000000 1.894750 -0.003595 100.000000 -0.160221 -400569.559105 1.453471 0.688266 137.653126 0.105741 0.559062 111.812496
 1.000000 2.454776 1.920549 -0.534227 0.023941 12.896934 2.457778 -0.052653 1000.000000 1.900833 -0.010902 100.000000 -0.063555 -400570.668928 1.350749 2.421043 484.208648 0.075213 0.282850 56.570067
 1.050000 2.454615 1.891391 -0.563224 0.125444 229.194259 2.439556 -0.023242 1000.000000 1.906917 0.008964 100.000000 -0.014278 -400571.246380 1.412440 1.253835 250.766971 0.142612 1.016908 203.381573
 1.100000 2.431193 1.863585 -0.567608 0.170698 121.633032 2.421333 0.060488 1000.000000 1.913000 0.015314 100.000000 0.075802 -400566.282736 1.455086 0.669444 133.888846 0.093446 0.436608 87.321545
 1.150000 2.414344 1.924856 -0.489487 0.064751 126.502365 2.403111 0.268643 1000.000000 1.919083 0.026957 100.000000 0.295600 -400570.696798 1.309109 3.424013 684.802612 0.100690 0.506923 101.384632
 1.200000 2.377733 1.901242 -0.476492 0.054220 56.923879 2.384889 0.357039 1000.000000 1.925167 0.029342 100.000000 0.386381 -400564.609648 1.555447 0.011780 2.355900 0.119704 0.716449 143.289770
 1.250000 2.355941 1.921603 -0.434338 0.062174 115.973033 2.366667 0.481181 1000.000000 1.931250 0.048209 100.000000 0.529390 -400567.996581 1.365905 2.099026 419.805172 0.167193 1.397675 279.535056
 1.300000 2.365867 1.930341 -0.435527 0.154223 304.044504 2.348444 0.666915 1000.000000 1.937333 0.055074 100.000000 0.721990 -400565.212865 1.493758 0.296745 59.349073 0.022571 0.025473 5.094695
 1.350000 2.341694 1.973895 -0.367799 0.112248 140.892961 2.330222 0.809837 1000.000000 1.943417 0.064665 100.000000 0.874502 -400568.378667 1.380634 1.808087 361.617335 0.185015 1.711521 342.304146
 1.400000 2.317564 1.871177 -0.446387 0.322206 92.301425 2.312000 1.005150 1000.000000 1.949500 0.084821 100.000000 1.089971 -400565.657089 1.486314 0.356867 71.373373 0.112156 0.628951 125.790130
 1.450000 2.350170 1.957669 -0.392501 1.590252 3180.112243 2.293778 1.279455 1000.000000 1.955583 0.075392 100.000000 1.354847 -400564.897733 1.379441 1.830852 366.170492 0.056211 0.157984 31.596782
 1.500000 2.299927 1.938629 -0.361298 0.323528 599.289733 2.275556 1.472765 1000.000000 1.961667 0.097133 100.000000 1.569898 -400568.327927 1.441296 0.838517 167.703456 0.129295 0.835857 167.171460
 1.550000 2.257346 1.933380 -0.323966 0.059066 11.813304 2.257333 1.688778 1000.000000 1.967750 0.093190 100.000000 1.781968 -400564.550086 1.455569 0.663870 132.774031 0.109704 0.601751 120.350112
 1.600000 2.250934 2.002577 -0.248356 0.111200 148.040415 2.239111 1.913752 1000.000000 1.973833 0.109934 100.000000 2.023685 -400566.066646 1.382941 1.764487 352.897331 0.071465 0.255363 51.072650
 1.650000 2.245381 1.907663 -0.337718 0.560957 652.061227 2.220889 2.114507 1000.000000 1.979917 0.105814 100.000000 2.220322 -400565.204316 1.516507 0.147369 29.473847 0.131618 0.866164 173.232774
 1.700000 2.239820 2.021576 -0.218244 0.753459 1393.008405 2.202667 2.415293 1000.000000 1.986000 0.124043 100.000000 2.539336 -400567.612395 1.388785 1.656403 331.280684 0.107809 0.581143 116.228691
 1.750000 2.187494 1.948440 -0.239054 0.099885 28.346344 2.184444 2.597304 1000.000000 1.992083 0.115644 100.000000 2.712947 -400566.021832 1.491774 0.312228 62.445581 0.059694 0.178167 35.633376
 1.800000 2.180712 2.038453 -0.142260 0.186132 226.196725 2.166222 2.779657 1000.000000 1.998167 0.117397 100.000000 2.897054 -400568.037892 1.447007 0.766192 153.238444 0.154762 1.197562 239.512352
 1.850000 2.181360 1.957437 -0.223923 0.666015 1134.802899 2.148000 3.071740 1000.000000 2.004250 0.138662 100.000000 3.210402 -400566.765569 1.439277 0.864869 172.973713 0.054712 0.149668 29.933575
 1.900000 2.149732 2.044528 -0.105204 0.257545 409.856178 2.129778 3.170110 1000.000000 2.010333 0.090833 100.000000 3.260943 -400563.788121 1.493784 0.296545 59.308965 0.093687 0.438860 87.771970
 1.950000 2.132821 2.047170 -0.085650 0.273389 461.657455 2.111556 3.346720 1000.000000 2.016417 0.126014 100.000000 3.472735 -400564.188118 1.447501 0.760084 152.016815 0.143172 1.024911 204.982296
 2.000000 2.120856 2.085440 -0.035416 0.576810 797.090818 2.093333 3.453336 1000.000000 2.022500 0.039379 100.000000 3.492714 -400559.638022 1.457079 0.646584 129.316825 0.034212 0.058524 11.704821
 2.050000 2.128331 2.073679 -0.054652 1.517873 2852.716425 2.075111 3.496885 1000.000000 2.028583 0.050323 100.000000 3.547208 -400562.738239 1.511524 0.175661 35.132121 0.119531 0.714385 142.876945
 2.100000 2.046564 2.101141 0.054577 0.274240 150.786862 2.056889 3.567359 1000.000000 2.034667 -0.037751 100.000000 3.529607 -400560.674243 1.452666 0.697739 139.547869 0.090399 0.408600 81.719910
 2.150000 2.016906 2.187855 0.170948 1.318748 689.915820 2.038667 3.579727 1000.000000 2.040750 -0.057304 100.000000 3.522423 -400560.441854 1.545005 0.033259 6.651786 0.035147 0.061766 12.353119
 2.200000 2.018742 2.142583 0.123841 0.459850 94.577093 2.020444 3.415009 1000.000000 2.046833 -0.167568 100.000000 3.247441 -400560.968468 1.473503 0.473300 94.660061 0.106422 0.566280 113.255934
 2.250000 1.951833 2.195149 0.243316 2.281050 2741.398586 2.002222 3.388344 1000.000000 2.052917 -0.197337 100.000000 3.191008 -400565.418560 1.522874 0.114826 22.965130 0.075104 0.282030 56.406043
 2.300000 1.956979 2.327298 0.370319 3.964255 1449.954617 1.984000 3.063917 1000.000000 2.059000 -0.342230 100.000000 2.721686 -400570.052240 1.564186 0.002185 0.436937 0.069874 0.244120 48.824027
 2.350000 1.975612 2.121257 0.145645 0.206134 128.269935 1.965778 2.812819 1000.000000 2.065083 -0.424085 100.000000 2.388734 -400564.305964 1.485168 0.366611 73.322159 0.070176 0.246235 49.247059
 2.400000 1.910269 2.411461 0.501193 6.485175 2548.300286 1.947556 2.363167 1000.000000 2.071167 -0.558913 100.000000 1.804254 -400571.877924 1.575091 0.000922 0.184417 0.070726 0.250106 50.021127
 2.450000 1.935190 2.170994 0.235804 0.456553 122.185903 1.929333 1.840433 1000.000000 2.077250 -0.696916 100.000000 1.143517 -400565.943206 1.542725 0.039401 7.880202 0.061635 0.189946 37.989208
 2.500000 1.891855 2.434383 0.542528 6.347189 1603.153467 1.911111 1.298310 1000.000000 2.083333 -0.823444 100.000000 0.474866 -400574.283795 1.524889 0.105372 21.074402 0.086377 0.373051 74.610209
 2.550000 1.893721 2.247289 0.353567 1.495269 571.215926 1.911111 1.298310 1000.000000 2.083333 -0.823444 100.000000 0.474866 -400567.573003 1.582347 0.006671 1.334150 0.043254 0.093544 18.708740
 2.600000 1.868956 2.399433 0.530476 5.884456 2776.225828 1.911111 1.298310 1000.000000 2.083333 -0.823444 100.000000 0.474866 -400574.977721 1.565531 0.001386 0.277262 0.089214 0.397953 79.590645
 2.650000 1.885898 2.312907 0.427009 2.953066 1162.764494 1.911111 1.298310 1000.000000 2.083333 -0.823444 100.000000 0.474866 -400571.553297 1.534895 0.064446 12.889164 0.071567 0.256092 51.218470
 2.700000 1.890734 2.312198 0.421464 2.826568 939.019143 1.911111 1.298310 1000.000000 2.083333 -0.823444 100.000000 0.474866 -400568.879444 1.572349 0.000121 0.024102 0.069958 0.244709 48.941775
 2.750000 1.859382 2.434085 0.574703 7.489307 3906.194925 1.911111 1.298310 1000.000000 2.083333 -0.823444 100.000000 0.474866 -400572.010165 1.539020 0.050488 10.097564 0.099611 0.496121 99.224238
 2.800000 1.907278 2.177011 0.269733 0.446121 102.450481 1.911111 1.298310 1000.000000 2.083333 -0.823444 100.000000 0.474866 -400565.605533 1.485588 0.363023 72.604599 0.051671 0.133494 26.698746
 2.850000 1.867063 2.547070 0.680006 11.722679 4090.740946 1.911111 1.298310 1000.000000 2.083333 -0.823444 100.000000 0.474866 -400576.729854 1.557976 0.008218 1.643677 0.067016 0.224555 44.911077
 2.900000 1.872207 2.150563 0.278356 0.982760 1558.738005 1.911111 1.298310 1000.000000 2.083333 -0.823444 100.000000 0.474866 -400567.149121 1.522006 0.119025 23.804934 0.091185 0.415737 83.147369
 2.950000 1.900259 2.455145 0.554886 6.971073 1500.207220 1.911111 1.298310 1000.000000 2.083333 -0.823444 100.000000 0.474866 -400574.156746 1.576270 0.001498 0.299656 0.057489 0.165249 33.049728
 3.000000 1.883404 2.236817 0.353412 1.561690 1003.240271 1.911111 1.298310 1000.000000 2.083333 -0.823444 100.000000 0.474866 -400569.606568 1.496914 0.272928 54.585673 0.061895 0.191551 38.310277
 3.050000 1.896120 2.434917 0.538797 6.292929 1460.851575 1.911111 1.298310 1000.000000 2.083333 -0.823444 100.000000 0.474866 -400571.419430 1.542700 0.039470 7.893915 0.110821 0.614069 122.813817
 3.100000 1.868457 2.252323 0.383866 2.337563 2104.940903 1.911111 1.298310 1000.000000 2.083333 -0.823444 100.000000 0.474866 -400569.118982 1.580990 0.005196 1.039101 0.053351 0.142315 28.462919
 3.150000 1.890853 2.400478 0.509625 5.234239 1416.190898 1.911111 1.298310 1000.000000 2.083333 -0.823444 100.000000 0.474866 -400573.539155 1.542195 0.040901 8.180148 0.087984 0.387062 77.412482
 3.200000 1.847726 2.328507 0.480780 5.014306 4618.713787 1.911111 1.298310 1000.000000 2.083333 -0.823444 100.000000 0.474866 -400572.116686 1.550151 0.021312 4.262460 0.078085 0.304863 60.972544
 3.250000 1.896525 2.306138 0.409613 2.588481 709.174266 1.911111 1.298310 1000.000000 2.083333 -0.823444 100.000000 0.474866 -400570.087252 1.573151 0.000277 0.055428 0.100472 0.504729 100.945846
 3.300000 1.859976 2.413201 0.553225 6.748017 3702.914315 1.911111 1.298310 1000.000000 2.083333 -0.823444 100.000000 0.474866 -400575.091703 1.558267 0.007849 1.569863 0.083869 0.351701 70.340255
 3.350000 1.895548 2.184453 0.288905 0.632365 344.462885 1.911111 1.298310 1000.000000 2.083333 -0.823444 100.000000 0.474866 -400566.609024 1.533340 0.070150 14.029903 0.078233 0.306018 61.203688
 3.400000 1.859421 2.525440 0.666019 11.108840 4626.432517 1.911111 1.298310 1000.000000 2.083333 -0.823444 100.000000 0.474866 -400578.085991 1.594256 0.027517 5.503375 0.062798 0.197179 39.435753
 3.450000 1.871202 2.195801 0.324599 1.428813 1719.226345 1.911111 1.298310 1000.000000 2.083333 -0.823444 100.000000 0.474866 -400569.150366 1.568570 0.000248 0.049582 0.055417 0.153554 30.710727
 3.500000 1.872965 2.463325 0.590360 7.947252 2899.081682 1.911111 1.298310 1000.000000 2.083333 -0.823444 100.000000 0.474866 -400574.547265 1.559206 0.006717 1.343355 0.090474 0.409274 81.854899
 3.550000 1.873823 2.197048 0.323225 1.341745 1519.697963 1.911111 1.298310 1000.000000 2.083333 -0.823444 100.000000 0.474866 -400565.667232 1.574126 0.000554 0.110836 0.104950 0.550722 110.144494
 3.600000 1.876902 2.513129 0.636226 9.821324 3017.492536 1.911111 1.298310 1000.000000 2.083333 -0.823444 100.000000 0.474866 -400574.184106 1.593016 0.024685 4.936976 0.120615 0.727396 145.479173
 3.650000 1.880348 2.161577 0.281228 0.779277 1007.572094 1.911111 1.298310 1000.000000 2.083333 -0.823444 100.000000 0.474866 -400564.537493 1.504848 0.217459 43.491770 0.027797 0.038634 7.726856
 3.700000 1.911903 2.478597 0.566694 7.811972 1562.958889 1.911111 1.298310 1000.000000 2.083333 -0.823444 100.000000 0.474866 -400574.372655 1.569633 0.000068 0.013525 0.074640 0.278558 55.711611
 3.750000 1.865781 2.262514 0.396733 2.632680 2375.841044 1.911111 1.298310 1000.000000 2.083333 -0.823444 100.000000 0.474866 -400569.737990 1.536075 0.060280 12.055983 0.105128 0.552595 110.519060
 3.800000 1.886866 2.360023 0.473157 4.121774 1353.401690 1.911111 1.298310 1000.000000 2.083333 -0.823444 100.000000 0.474866 -400570.398837 1.536648 0.058304 11.660845 0.073101 0.267191 53.438266
 3.850000 1.867862 2.358572 0.490710 4.723074 2628.072684 1.911111 1.298310 1000.000000 2.083333 -0.823444 100.000000 0.474866 -400574.505789 1.585407 0.010674 2.134791 0.088188 0.388857 77.771452
 3.900000 1.899407 2.255190 0.355783 1.545225 432.331386 1.911111 1.298310 1000.000000 2.083333 -0.823444 100.000000 0.474866 -400568.894845 1.590578 0.019567 3.913314 0.075070 0.281773 56.354569
 3.950000 1.854447 2.450819 0.596372 8.357724 4561.331310 1.911111 1.298310 1000.000000 2.083333 -0.823444 100.000000 0.474866 -400575.932579 1.540105 0.047096 9.419292 0.045228 0.102276 20.455274
 4.000000 1.888172 2.195605 0.307432 0.893337 652.236387 1.911111 1.298310 1000.000000 2.083333 -0.823444 100.000000 0.474866 -400568.173962 1.547346 0.027497 5.499397 0.095240 0.453530 90.706038
 4.050000 1.883836 2.499969 0.616133 9.051226 2479.802818 1.911111 1.298310 1000.000000 2.083333 -0.823444 100.000000 0.474866 -400576.375304 1.602778 0.051142 10.228342 0.052910 0.139972 27.994380
 4.100000 1.904785 2.132910 0.228124 0.142898 64.592012 1.911111 1.298310 1000.000000 2.083333 -0.823444 100.000000 0.474866 -400567.262960 1.524195 0.108586 21.717194 0.070238 0.246672 49.334379
 4.150000 1.872846 2.477642 0.604797 8.506096 3019.048874 1.911111 1.298310 1000.000000 2.083333 -0.823444 100.000000 0.474866 -400575.869635 1.561178 0.004625 0.925028 0.094011 0.441899 88.379807
 4.200000 1.886127 2.246884 0.360757 1.649540 891.686249 1.911111 1.298310 1000.000000 2.083333 -0.823444 100.000000 0.474866 -400567.084699 1.609784 0.076004 15.200718 0.032449 0.052647 10.529461
 4.250000 1.874725 2.386690 0.511964 5.263218 2244.187312 1.911111 1.298310 1000.000000 2.083333 -0.823444 100.000000 0.474866 -400575.140964 1.525715 0.101618 20.323601 0.094915 0.450447 90.089436
 4.300000 1.866773 2.319294 0.452521 3.766805 2522.636617 1.911111 1.298310 1000.000000 2.083333 -0.823444 100.000000 0.474866 -400573.271442 1.574495 0.000684 0.136800 0.061709 0.190397 38.079494
 4.350000 1.880991 2.341672 0.460682 3.790571 1574.623880 1.911111 1.298310 1000.000000 2.083333 -0.823444 100.000000 0.474866 -400570.890271 1.592136 0.022769 4.553753 0.045850 0.105109 21.021781
 4.400000 1.852247 2.352198 0.499951 5.346886 4187.840099 1.911111 1.298310 1000.000000 2.083333 -0.823444 100.000000 0.474866 -400573.710707 1.529270 0.086223 17.244589 0.086943 0.377952 75.590456
 4.450000 1.863814 2.297058 0.433244 3.402423 2693.809298 1.911111 1.298310 1000.000000 2.083333 -0.823444 100.000000 0.474866 -400571.760684 1.579859 0.004107 0.821312 0.064737 0.209547 41.909380
 4.500000 1.859417 2.438177 0.578759 7.631818 3931.402956 1.911111 1.298310 1000.000000 2.083333 -0.823444 100.000000 0.474866 -400574.561701 1.584434 0.009299 1.859781 0.077857 0.303084 60.616810
 4.550000 1.893940 2.225572 0.331632 1.159022 497.169564 1.911111 1.298310 1000.000000 2.083333 -0.823444 100.000000 0.474866 -400569.052414 1.524786 0.105849 21.169752 0.071418 0.255027 51.005362
 4.600000 1.842754 2.512524 0.669770 11.546595 6514.740388 1.911111 1.298310 1000.000000 2.083333 -0.823444 100.000000 0.474866 -400576.280603 1.544992 0.033294 6.658758 0.059128 0.174806 34.961237
 4.650000 1.913696 2.164097 0.250401 0.329480 71.909065 1.911111 1.298310 1000.000000 2.083333 -0.823444 100.000000 0.474866 -400565.024353 1.592861 0.024342 4.868399 0.096042 0.461200 92.240042
 4.700000 1.880623 2.504900 0.624277 9.350685 2706.713534 1.911111 1.298310 1000.000000 2.083333 -0.823444 100.000000 0.474866 -400574.123717 1.553975 0.014147 2.829407 0.068261 0.232981 46.596103
 4.750000 1.889955 2.188629 0.298675 0.778158 558.463109 1.911111 1.298310 1000.000000 2.083333 -0.823444 100.000000 0.474866 -400568.448857 1.497805 0.266384 53.276800 0.063127 0.199250 39.850021
 4.800000 1.843172 2.491546 0.648374 10.639726 6282.052328 1.911111 1.298310 1000.000000 2.083333 -0.823444 100.000000 0.474866 -400575.333204 1.532031 0.075138 15.027549 0.067457 0.227521 45.504143
 4.850000 1.873368 2.270126 0.396758 2.456858 1773.484037 1.911111 1.298310 1000.000000 2.083333 -0.823444 100.000000 0.474866 -400568.054926 1.573087 0.000262 0.052483 0.066149 0.218782 43.756419
 4.900000 1.870492 2.358775 0.488284 4.618384 2408.631600 1.911111 1.298310 1000.000000 2.083333 -0.823444 100.000000 0.474866 -400567.893647 1.565905 0.001196 0.239219 0.099745 0.497453 99.490681
 4.950000 1.852437 2.394269 0.541832 6.555378 4409.441557 1.911111 1.298310 1000.000000 2.083333 -0.823444 100.000000 0.474866 -400573.283056 1.528213 0.090667 18.133322 0.105264 0.554020 110.804098
 5.000000 1.901235 2.281534 0.380299 2.012943 490.364484 1.911111 1.298310 1000.000000 2.083333 -0.823444 100.000000 0.474866 -400570.168518 1.517255 0.143335 28.666912 0.079506 0.316057 63.211336
 5.050000 1.868604 2.449324 0.580720 7.600887 3146.349045 1.911111 1.298310 1000.000000 2.083333 -0.823444 100.000000 0.474866 -400572.545852 1.494088 0.294211 58.842203 0.062373 0.194519 38.903832
 5.100000 1.913585 2.212026 0.298442 0.831154 171.736874 1.911111 1.298310 1000.000000 2.083333 -0.823444 100.000000 0.474866 -400567.448187 1.530531 0.081066 16.213230 0.090322 0.407905 81.580993
 5.150000 1.877035 2.461387 0.584352 7.726829 2590.413805 1.911111 1.298310 1000.000000 2.083333 -0.823444 100.000000 0.474866 -400575.508425 1.618220 0.112449 22.489888 0.070219 0.246537 49.307368
 5.200000 1.882016 2.215989 0.333972 1.303126 1022.476914 1.911111 1.298310 1000.000000 2.083333 -0.823444 100.000000 0.474866 -400565.395621 1.535762 0.061369 12.273806 0.138497 0.959074 191.814799
 5.250000 1.840378 2.456042 0.615664 9.447154 6392.228506 1.911111 1.298310 1000.000000 2.083333 -0.823444 100.000000 0.474866 -400575.327942 1.583741 0.008379 1.675746 0.104183 0.542708 108.541587
 5.300000 1.876669 2.306668 0.429999 3.087034 1685.021125 1.911111 1.298310 1000.000000 2.083333 -0.823444 100.000000 0.474866 -400570.411065 1.631007 0.181269 36.253824 0.026603 0.035385 7.076995
 5.350000 1.837526 2.405800 0.568274 7.906617 6454.608703 1.911111 1.298310 1000.000000 2.083333 -0.823444 100.000000 0.474866 -400573.927694 1.539063 0.050351 10.070199 0.116668 0.680568 136.113578
 5.400000 1.866704 2.294614 0.427910 3.217980 2418.385878 1.911111 1.298310 1000.000000 2.083333 -0.823444 100.000000 0.474866 -400570.632619 1.567837 0.000438 0.087573 0.014227 0.010121 2.024214
 5.450000 1.877084 2.394025 0.516942 5.405411 2123.159321 1.911111 1.298310 1000.000000 2.083333 -0.823444 100.000000 0.474866 -400573.979552 1.626464 0.154947 30.989329 0.104013 0.540936 108.187179
 5.500000 1.861641 2.325341 0.463700 4.152020 3032.941824 1.911111 1.298310 1000.000000 2.083333 -0.823444 100.000000 0.474866 -400569.387215 1.515229 0.154384 30.876807 0.127636 0.814541 162.908269
 5.550000 1.866799 2.357150 0.490350 4.730538 2713.296902 1.911111 1.298310 1000.000000 2.083333 -0.823444 100.000000 0.474866 -400572.627984 1.580880 0.005085 1.016901 0.059674 0.178051 35.610277
 5.600000 1.883936 2.380067 0.496130 4.771767 1618.978815 1.911111 1.298310 1000.000000 2.083333 -0.823444 100.000000 0.474866 -400571.836783 1.586471 0.012285 2.457090 0.113544 0.644610 128.922042
 5.650000 1.887709 2.285941 0.398232 2.326328 958.177013 1.911111 1.298310 1000.000000 2.083333 -0.823444 100.000000 0.474866 -400568.421129 1.445471 0.785320 157.063958 0.044414 0.098631 19.726173
 5.700000 1.843031 2.485616 0.642585 10.409046 6253.256629 1.911111 1.298310 1000.000000 2.083333 -0.823444 100.000000 0.474866 -400574.500015 1.578762 0.003172 0.634497 0.076255 0.290740 58.148065
 5.750000 1.907238 2.182525 0.275286 0.499444 113.388165 1.911111 1.298310 1000.000000 2.083333 -0.823444 100.000000 0.474866 -400566.129172 1.609915 0.076514 15.302790 0.087168 0.379912 75.982344
 5.800000 1.848455 2.494548 0.646093 10.417764 5616.770169 1.911111 1.298310 1000.000000 2.083333 -0.823444 100.000000 0.474866 -400575.580312 1.529003 0.087336 17.467139 0.086980 0.378273 75.654687
 5.850000 1.860615 2.236538 0.375923 2.448515 2784.574639 1.911111 1.298310 1000.000000 2.083333 -0.823444 100.000000 0.474866 -400568.259008 1.606527 0.063833 12.766658 0.084454 0.356628 71.325555
 5.900000 1.866211 2.448726 0.582516 7.683622 3351.177876 1.911111 1.298310 1000.000000 2.083333 -0.823444 100.000000 0.474866 -400572.643188 1.588165 0.015084 3.016771 0.063409 0.201034 40.206772
 5.950000 1.888627 2.279631 0.391004 2.179402 890.849916 1.911111 1.298310 1000.000000 2.083333 -0.823444 100.000000 0.474866 -400570.301417 1.448682 0.745594 149.118813 0.065093 0.211856 42.371203
 6.000000 1.868510 2.409566 0.541056 6.228817 2879.138982 1.911111 1.298310 1000.000000 2.083333 -0.823444 100.000000 0.474866 -400574.394509 1.566910 0.000755 0.151028 0.080419 0.323362 64.672322
 6.050000 1.926581 2.262630 0.336049 1.727029 560.795133 1.911111 1.298310 1000.000000 2.083333 -0.823444 100.000000 0.474866 -400567.289322 1.562845 0.003161 0.632226 0.051840 0.134372 26.874323
 6.100000 1.908538 2.356860 0.448322 3.744153 754.789795 1.911111 1.298310 1000.000000 2.083333 -0.823444 100.000000 0.474866 -400572.429744 1.497107 0.271506 54.301106 0.091474 0.418374 83.674725
 6.150000 1.910642 2.297523 0.386881 2.293972 458.992097 1.911111 1.298310 1000.000000 2.083333 -0.823444 100.000000 0.474866 -400568.126320 1.528450 0.089662 17.932438 0.089134 0.397240 79.447970
 6.200000 1.878516 2.330083 0.451566 3.575471 1671.274825 1.911111 1.298310 1000.000000 2.083333 -0.823444 100.000000 0.474866 -400569.939928 1.613037 0.089213 17.842596 0.064759 0.209687 41.937316
 6.250000 1.862836 2.381482 0.518646 5.609858 3219.388110 1.911111 1.298310 1000.000000 2.083333 -0.823444 100.000000 0.474866 -400572.741565 1.503782 0.224546 44.909231 0.078327 0.306758 61.351532
 6.300000 1.833497 2.301696 0.468199 5.396116 6500.844699 1.911111 1.298310 1000.000000 2.083333 -0.823444 100.000000 0.474866 -400572.910906 1.556501 0.010218 2.043625 0.077325 0.298960 59.791982
 6.350000 1.863125 2.499068 0.635943 9.793118 4031.054977 1.911111 1.298310 1000.000000 2.083333 -0.823444 100.000000 0.474866 -400574.818713 1.562923 0.003100 0.619921 0.056706 0.160777 32.155301
 6.400000 1.867017 2.258047 0.391030 2.498383 2249.514589 1.911111 1.298310 1000.000000 2.083333 -0.823444 100.000000 0.474866 -400569.845315 1.512171 0.171849 34.369841 0.081940 0.335705 67.140936
 6.450000 1.861848 2.422103 0.560255 6.951656 3574.488890 1.911111 1.298310 1000.000000 2.083333 -0.823444 100.000000 0.474866 -400574.707725 1.580950 0.005155 1.030935 0.076529 0.292832 58.566468
 6.500000 1.886925 2.284523 0.397597 2.316336 989.728048 1.911111 1.298310 1000.000000 2.083333 -0.823444 100.000000 0.474866 -400569.070023 1.591223 0.020862 4.172306 0.060669 0.184039 36.807734
 6.550000 1.899395 2.365243 0.465848 4.042294 931.990083 1.911111 1.298310 1000.000000 2.083333 -0.823444 100.000000 0.474866 -400569.000020 1.526890 0.096388 19.277519 0.095185 0.453012 90.602424
 6.600000 1.883398 2.292607 0.409209 2.573780 1205.973209 1.911111 1.298310 1000.000000 2.083333 -0.823444 100.000000 0.474866 -400569.627755 1.580020 0.004254 0.850741 0.044755 0.100152 20.030486
 6.650000 1.871697 2.403818 0.532121 5.912255 2580.556014 1.911111 1.298310 1000.000000 2.083333 -0.823444 100.000000 0.474866 -400573.574007 1.553084 0.015686 3.137263 0.101495 0.515065 103.013060
 6.700000 1.917596 2.278736 0.361140 1.930132 423.871202 1.911111 1.298310 1000.000000 2.083333 -0.823444 100.000000 0.474866 -400568.697448 1.523007 0.114193 22.838579 0.092393 0.426819 85.363765
 6.750000 1.876194 2.369552 0.493358 4.705654 2038.388772 1.911111 1.298310 1000.000000 2.083333 -0.823444 100.000000 0.474866 -400572.452102 1.581748 0.005997 1.199327 0.058620 0.171818 34.363600
 6.800000 1.884207 2.333095 0.448887 3.480946 1347.631105 1.911111 1.298310 1000.000000 2.083333 -0.823444 100.000000 0.474866 -400572.502917 1.530104 0.082793 16.558693 0.095437 0.455415 91.082966
 6.850000 1.873783 2.348974 0.475191 4.224955 2099.039616 1.911111 1.298310 1000.000000 2.083333 -0.823444 100.000000 0.474866 -400571.239637 1.497773 0.266619 53.323885 0.039017 0.076117 15.223455
 6.900000 1.898174 2.373560 0.475386 4.295258 1009.690351 1.911111 1.298310 1000.000000 2.083333 -0.823444 100.000000 0.474866 -400570.133229 1.576628 0.001701 0.340133 0.076127 0.289764 57.952754
 6.950000 1.834056 2.303806 0.469751 5.399180 6423.609855 1.911111 1.298310 1000.000000 2.083333 -0.823444 100.000000 0.474866 -400571.616925 1.585385 0.010642 2.128333 0.077222 0.298159 59.631880
 7.000000 1.914557 2.390356 0.475799 4.719094 954.505406 1.911111 1.298310 1000.000000 2.083333 -0.823444 100.000000 0.474866 -400569.791197 1.544738 0.033953 6.790605 0.059634 0.177809 35.561784
 7.050000 1.872539 2.252029 0.379490 2.166825 1772.411340 1.911111 1.298310 1000.000000 2.083333 -0.823444 100.000000 0.474866 -400569.962518 1.573581 0.000388 0.077528 0.074313 0.276119 55.223746
 7.100000 1.892608 2.407049 0.514441 5.410768 1390.295055 1.911111 1.298310 1000.000000 2.083333 -0.823444 100.000000 0.474866 -400570.578403 1.544372 0.034912 6.982379 0.068216 0.232671 46.534227
 7.150000 1.892560 2.292236 0.399676 2.354096 780.555308 1.911111 1.298310 1000.000000 2.083333 -0.823444 100.000000 0.474866 -400568.213078 1.493363 0.299792 59.958467 0.059021 0.174175 34.834928
 7.200000 1.925872 2.379085 0.453213 4.482382 1092.569054 1.911111 1.298310 1000.000000 2.083333 -0.823444 100.000000 0.474866 -400570.765141 1.535567 0.062054 12.410788 0.066254 0.219478 43.895635
 7.250000 1.846304 2.299136 0.452832 4.428502 4665.621454 1.911111 1.298310 1000.000000 2.083333 -0.823444 100.000000 0.474866 -400571.042461 1.582887 0.007309 1.461733 0.077936 0.303704 60.740787
 7.300000 1.907530 2.349873 0.442343 3.558572 723.257602 1.911111 1.298310 1000.000000 2.083333 -0.823444 100.000000 0.474866 -400570.016736 1.538327 0.052713 10.542622 0.081877 0.335188 67.037697
 7.350000 1.833714 2.363444 0.529730 6.918274 6774.953756 1.911111 1.298310 1000.000000 2.083333 -0.823444 100.000000 0.474866 -400575.987545 1.577433 0.002202 0.440393 0.066248 0.219440 43.887949
 7.400000 1.881678 2.298961 0.417283 2.757919 1331.263433 1.911111 1.298310 1000.000000 2.083333 -0.823444 100.000000 0.474866 -400570.602233 1.589986 0.018412 3.682486 0.073307 0.268699 53.739814
 7.450000 1.866093 2.391942 0.525849 5.775297 2979.062183 1.911111 1.298310 1000.000000 2.083333 -0.823444 100.000000 0.474866 -400572.269982 1.521209 0.122946 24.589279 0.049813 0.124064 24.812859
 7.500000 1.919684 2.230774 0.311090 1.123681 290.881291 1.911111 1.298310 1000.000000 2.083333 -0.823444 100.000000 0.474866 -400566.567761 1.578106 0.002672 0.534365 0.093756 0.439506 87.901274
 7.550000 1.836426 2.464067 0.627641 10.036843 7027.433644 1.911111 1.298310 1000.000000 2.083333 -0.823444 100.000000 0.474866 -400576.974848 1.590069 0.018572 3.714488 0.050561 0.127821 25.564120
 7.600000 1.907203 2.237441 0.330238 1.195090 252.764716 1.911111 1.298310 1000.000000 2.083333 -0.823444 100.000000 0.474866 -400566.522649 1.480215 0.410246 82.049206 0.072319 0.261503 52.300551
 7.650000 1.836277 2.446838 0.610561 9.406824 6921.434702 1.911111 1.298310 1000.000000 2.083333 -0.823444 100.000000 0.474866 -400577.105135 1.538984 0.050601 10.120276 0.076888 0.295587 59.117349
 7.700000 1.875870 2.308646 0.432775 3.159240 1749.570310 1.911111 1.298310 1000.000000 2.083333 -0.823444 100.000000 0.474866 -400569.666605 1.568084 0.000368 0.073572 0.058947 0.173737 34.747311
 7.750000 1.865593 2.373085 0.507491 5.233722 2911.421845 1.911111 1.298310 1000.000000 2.083333 -0.823444 100.000000 0.474866 -400573.279995 1.538291 0.052828 10.565688 0.089760 0.402843 80.568603
 7.800000 1.895256 2.278781 0.383525 2.035678 633.384630 1.911111 1.298310 1000.000000 2.083333 -0.823444 100.000000 0.474866 -400569.585994 1.565177 0.001579 0.315793 0.028745 0.041315 8.262961
 7.850000 1.870374 2.402774 0.532400 5.931879 2679.943495 1.911111 1.298310 1000.000000 2.083333 -0.823444 100.000000 0.474866 -400574.631622 1.603601 0.053806 10.761170 0.084831 0.359813 71.962507
 7.900000 1.918068 2.244237 0.326169 1.318699 307.294321 1.911111 1.298310 1000.000000 2.083333 -0.823444 100.000000 0.474866 -400568.420268 1.514413 0.158953 31.790530 0.085407 0.364719 72.943844
 7.950000 1.863141 2.414052 0.550912 6.619337 3394.920201 1.911111 1.298310 1000.000000 2.083333 -0.823444 100.000000 0.474866 -400572.576506 1.574327 0.000623 0.124654 0.022662 0.025679 5.135874
 8.000000 1.855135 2.312878 0.457744 4.201224 3660.265781 1.911111 1.298310 1000.000000 2.083333 -0.823444 100.000000 0.474866 -400570.383565 1.608522 0.071160 14.232000 0.096276 0.463452 92.690457
 8.050000 1.848989 2.385944 0.536955 6.508254 4774.911360 1.911111 1.298310 1000.000000 2.083333 -0.823444 100.000000 0.474866 -400573.257332 1.549707 0.022239 4.447752 0.055792 0.155637 31.127400
 8.100000 1.867055 2.330319 0.463264 4.020553 2550.930148 1.911111 1.298310 1000.000000 2.083333 -0.823444 100.000000 0.474866 -400571.714399 1.596846 0.033930 6.786064 0.035084 0.061545 12.309005
 8.150000 1.837437 2.363305 0.525868 6.633131 6211.709008 1.911111 1.298310 1000.000000 2.083333 -0.823444 100.000000 0.474866 -400572.012145 1.604901 0.058156 11.631266 0.096737 0.467903 93.580668
 8.200000 1.884112 2.366514 0.482402 4.374038 1530.877867 1.911111 1.298310 1000.000000 2.083333 -0.823444 100.000000 0.474866 -400572.623605 1.536640 0.058331 11.666290 0.047897 0.114705 22.941030
 8.250000 1.885689 2.288732 0.403043 2.432562 1068.146198 1.911111 1.298310 1000.000000 2.083333 -0.823444 100.000000 0.474866 -400571.328889 1.564583 0.001930 0.386060 0.056946 0.162145 32.428959
 8.300000 1.853218 2.424931 0.571714 7.510290 4518.548359 1.911111 1.298310 1000.000000 2.083333 -0.823444 100.000000 0.474866 -400574.443937 1.563746 0.002485 0.497070 0.092581 0.428559 85.711729
 8.350000 1.911541 2.288706 0.377166 2.108995 421.965141 1.911111 1.298310 1000.000000 2.083333 -0.823444 100.000000 0.474866 -400567.860017 1.499925 0.251134 50.226826 0.035105 0.061619 12.323810
 8.400000 1.889047 2.390644 0.501598 4.965424 1431.238552 1.911111 1.298310 1000.000000 2.083333 -0.823444 100.000000 0.474866 -400571.495191 1.540212 0.046769 9.353814 0.081556 0.332573 66.514594
 8.450000 1.891614 2.259815 0.368201 1.747362 691.596201 1.911111 1.298310 1000.000000 2.083333 -0.823444 100.000000 0.474866 -400566.936385 1.564424 0.002031 0.406127 0.079212 0.313724 62.744791
 8.500000 1.884332 2.421983 0.537651 6.092737 1863.948119 1.911111 1.298310 1000.000000 2.083333 -0.823444 100.000000 0.474866 -400572.275101 1.548503 0.024850 4.969909 0.058679 0.172161 34.432196
 8.550000 1.861987 2.323645 0.461658 4.094067 2990.660822 1.911111 1.298310 1000.000000 2.083333 -0.823444 100.000000 0.474866 -400572.722942 1.499377 0.255039 51.007882 0.103549 0.536115 107.223062
 8.600000 1.872413 2.387156 0.514743 5.364199 2420.642967 1.911111 1.298310 1000.000000 2.083333 -0.823444 100.000000 0.474866 -400572.719593 1.547679 0.026720 5.343985 0.066577 0.221625 44.324925
 8.650000 1.889619 2.346349 0.456730 3.689824 1153.697974 1.911111 1.298310 1000.000000 2.083333 -0.823444 100.000000 0.474866 -400570.898743 1.538162 0.053248 10.649691 0.065323 0.213354 42.670875
 8.700000 1.889828 2.332732 0.442904 3.336480 1074.972398 1.911111 1.298310 1000.000000 2.083333 -0.823444 100.000000 0.474866 -400570.073897 1.486627 0.354227 70.845302 0.088138 0.388414 77.682718
 8.750000 1.846360 2.417816 0.571456 7.690294 5311.498485 1.911111 1.298310 1000.000000 2.083333 -0.823444 100.000000 0.474866 -400573.175691 1.562119 0.003765 0.752955 0.043927 0.096481 19.296220
 8.800000 1.887083 2.315369 0.428286 2.980702 1115.774861 1.911111 1.298310 1000.000000 2.083333 -0.823444 100.000000 0.474866 -400568.591682 1.521680 0.120620 24.123917 0.098797 0.488041 97.608122
 8.850000 1.875931 2.396864 0.520934 5.533919 2220.678771 1.911111 1.298310 1000.000000 2.083333 -0.823444 100.000000 0.474866 -400572.147189 1.500198 0.249203 49.840603 0.055797 0.155668 31.133529
 8.900000 1.866401 2.337307 0.470907 4.224648 2644.037352 1.911111 1.298310 1000.000000 2.083333 -0.823444 100.000000 0.474866 -400569.998870 1.533469 0.069667 13.933440 0.041024 0.084149 16.829744
 8.950000 1.899247 2.371421 0.472174 4.220095 970.699547 1.911111 1.298310 1000.000000 2.083333 -0.823444 100.000000 0.474866 -400571.042978 1.530870 0.079706 15.941232 0.119256 0.711103 142.220676
 9.000000 1.880316 2.339349 0.459033 3.751373 1603.800365 1.911111 1.298310 1000.000000 2.083333 -0.823444 100.000000 0.474866 -400570.592725 1.528523 0.089350 17.870055 0.019975 0.019950 3.989938
 9.050000 1.881836 2.348047 0.466210 3.932167 1557.746565 1.911111 1.298310 1000.000000 2.083333 -0.823444 100.000000 0.474866 -400572.560494 1.585083 0.010206 2.041225 0.101211 0.512182 102.436422
 9.100000 1.880949 2.314626 0.433677 3.129691 1444.724573 1.911111 1.298310 1000.000000 2.083333 -0.823444 100.000000 0.474866 -400568.815301 1.533577 0.069262 13.852424 0.084748 0.359110 71.822083
 9.150000 1.894845 2.375908 0.481063 4.412292 1120.588342 1.911111 1.298310 1000.000000 2.083333 -0.823444 100.000000 0.474866 -400571.160228 1.498623 0.260448 52.089656 0.032611 0.053174 10.634820
 9.200000 1.879260 2.329104 0.449844 3.527397 1618.514328 1.911111 1.298310 1000.000000 2.083333 -0.823444 100.000000 0.474866 -400572.338434 1.513731 0.162821 32.564240 0.097098 0.471398 94.279528
 9.250000 1.866256 2.361020 0.494764 4.861483 2783.085131 1.911111 1.298310 1000.000000 2.083333 -0.823444 100.000000 0.474866 -400572.043679 1.590086 0.018604 3.720771 0.070579 0.249068 49.813557
 9.300000 1.852614 2.351085 0.498471 5.295520 4138.865757 1.911111 1.298310 1000.000000 2.083333 -0.823444 100.000000 0.474866 -400571.416637 1.561766 0.004077 0.815499 0.042987 0.092393 18.478657
 9.350000 1.850349 2.409623 0.559275 7.169285 4756.700243 1.911111 1.298310 1000.000000 2.083333 -0.823444 100.000000 0.474866 -400574.038977 1.498021 0.264810 52.962023 0.117985 0.696023 139.204637
 9.400000 1.869104 2.330272 0.461168 3.931234 2374.377818 1.911111 1.298310 1000.000000 2.083333 -0.823444 100.000000 0.474866 -400571.000138 1.550855 0.019882 3.976417 0.023905 0.028572 5.714479
 9.450000 1.886250 2.396197 0.509947 5.203217 1596.894095 1.911111 1.298310 1000.000000 2.083333 -0.823444 100.000000 0.474866 -400572.378143 1.536037 0.060410 12.081989 0.072982 0.266318 53.263601
 9.500000 1.870908 2.279941 0.409033 2.740872 2002.845671 1.911111 1.298310 1000.000000 2.083333 -0.823444 100.000000 0.474866 -400572.156747 1.526505 0.098088 19.617547 0.095122 0.452412 90.482474
 9.550000 1.887771 2.394363 0.506592 5.109366 1512.153431 1.911111 1.298310 1000.000000 2.083333 -0.823444 100.000000 0.474866 -400572.836404 1.622301 0.132636 26.527183 0.023538 0.027702 5.540436
 9.600000 1.872938 2.287982 0.415044 2.822659 1876.023347 1.911111 1.298310 1000.000000 2.083333 -0.823444 100.000000 0.474866 -400571.943400 1.534259 0.066751 13.350110 0.104893 0.550128 110.025668
 9.650000 1.843297 2.405106 0.561809 7.476269 5634.134175 1.911111 1.298310 1000.000000 2.083333 -0.823444 100.000000 0.474866 -400573.006526 1.539463 0.049087 9.817475 0.058532 0.171300 34.260005
 9.700000 1.852452 2.361710 0.509258 5.595127 4215.831172 1.911111 1.298310 1000.000000 2.083333 -0.823444 100.000000 0.474866 -400573.688259 1.549323 0.023055 4.611021 0.039726 0.078907 15.781333
 9.750000 1.866136 2.369606 0.503470 5.108985 2842.301070 1.911111 1.298310 1000.000000 2.083333 -0.823444 100.000000 0.474866 -400571.823615 1.526228 0.099318 19.863670 0.111623 0.622987 124.597395
 9.800000 1.869149 2.352468 0.483319 4.502087 2485.138321 1.911111 1.298310 1000.000000 2.083333 -0.823444 100.000000 0.474866 -400572.012197 1.557000 0.009517 1.903460 0.023628 0.027914 5.582731
 9.850000 1.900634 2.302928 0.402293 2.465965 591.984550 1.911111 1.298310 1000.000000 2.083333 -0.823444 100.000000 0.474866 -400569.066311 1.567694 0.000481 0.096265 0.082345 0.339036 67.807296
 9.900000 1.891501 2.391798 0.500297 4.949801 1336.071811 1.911111 1.298310 1000.000000 2.083333 -0.823444 100.000000 0.474866 -400572.985336 1.542650 0.039610 7.921936 0.080589 0.324726 64.945228
 9.950000 1.878673 2.294241 0.415569 2.750234 1497.079567 1.911111 1.298310 1000.000000 2.083333 -0.823444 100.000000 0.474866 -400571.043734 1.491030 0.318134 63.626804 0.047742 0.113966 22.793132
 10.000000 1.837179 2.437784 0.600605 9.014739 6722.286728 1.911111 1.298310 1000.000000 2.083333 -0.823444 100.000000 0.474866 -400575.645472 1.535483 0.062353 12.470630 0.086399 0.373238 74.647634
 10.050000 1.839738 2.332963 0.493225 5.662838 5717.332142 1.911111 1.298310 1000.000000 2.083333 -0.823444 100.000000 0.474866 -400572.528870 1.587782 0.014426 2.885129 0.047346 0.112084 22.416869
 10.100000 1.808314 2.390373 0.582058 9.997250 11509.923583 1.911111 1.298310 1000.000000 2.083333 -0.823444 100.000000 0.474866 -400575.771873 1.581587 0.005822 1.164330 0.064760 0.209696 41.939181
 10.150000 1.853898 2.362440 0.508541 5.531673 4052.311231 1.911111 1.298310 1000.000000 2.083333 -0.823444 100.000000 0.474866 -400574.452465 1.496023 0.279553 55.910586 0.078011 0.304288 60.857600
 10.200000 1.896866 2.357219 0.460353 3.852123 953.043528 1.911111 1.298310 1000.000000 2.083333 -0.823444 100.000000 0.474866 -400569.941554 1.613010 0.089100 17.820051 0.044379 0.098475 19.695041
 10.250000 1.902224 2.305160 0.402936 2.499844 571.057370 1.911111 1.298310 1000.000000 2.083333 -0.823444 100.000000 0.474866 -400571.296024 1.507477 0.200469 40.093827 0.086543 0.374480 74.896084
 10.300000 1.910714 2.343319 0.432605 3.379702 676.082404 1.911111 1.298310 1000.000000 2.083333 -0.823444 100.000000 0.474866 -400571.018112 1.486535 0.354997 70.999356 0.077149 0.297601 59.520169
 10.350000 1.887791 2.333469 0.445678 3.400298 1169.504244 1.911111 1.298310 1000.000000 2.083333 -0.823444 100.000000 0.474866 -400571.641017 1.536284 0.059555 11.910960 0.034340 0.058961 11.792108
 10.400000 1.862763 2.392141 0.529378 5.936879 3291.136286 1.911111 1.298310 1000.000000 2.083333 -0.823444 100.000000 0.474866 -400571.588988 1.539483 0.049025 9.804950 0.107376 0.576479 115.295888
 10.450000 1.846729 2.301650 0.454921 4.455649 4621.713686 1.911111 1.298310 1000.000000 2.083333 -0.823444 100.000000 0.474866 -400573.294340 1.579951 0.004191 0.838150 0.057149 0.163303 32.660560
 10.500000 1.869842 2.395749 0.525907 5.731763 2679.207595 1.911111 1.298310 1000.000000 2.083333 -0.823444 100.000000 0.474866 -400573.797005 1.597168 0.034773 6.954547 0.043533 0.094757 18.951489
 10.550000 1.821608 2.348290 0.526683 7.515535 8712.869287 1.911111 1.298310 1000.000000 2.083333 -0.823444 100.000000 0.474866 -400575.443054 1.550807 0.019979 3.995734 0.116736 0.681366 136.273280
 10.600000 1.870939 2.391002 0.520063 5.539892 2560.376992 1.911111 1.298310 1000.000000 2.083333 -0.823444 100.000000 0.474866 -400571.661569 1.529216 0.086448 17.289585 0.030686 0.047080 9.416002
 10.650000 1.885724 2.357585 0.471861 4.082940 1396.631842 1.911111 1.298310 1000.000000 2.083333 -0.823444 100.000000 0.474866 -400571.872998 1.527037 0.095745 19.148954 0.067497 0.227789 45.557854
 10.700000 1.898679 2.277144 0.378465 1.955409 530.178913 1.911111 1.298310 1000.000000 2.083333 -0.823444 100.000000 0.474866 -400571.015333 1.503852 0.224077 44.815361 0.119191 0.710321 142.064234
 10.750000 1.885326 2.391515 0.506189 5.081233 1614.650848 1.911111 1.298310 1000.000000 2.083333 -0.823444 100.000000 0.474866 -400572.576216 1.597244 0.034974 6.994892 0.048996 0.120032 24.006395
 10.800000 1.886229 2.275485 0.389257 2.155687 988.354764 1.911111 1.298310 1000.000000 2.083333 -0.823444 100.000000 0.474866 -400569.986352 1.534272 0.066700 13.339935 0.077701 0.301873 60.374657
 10.850000 1.843430 2.469171 0.625741 9.733910 6069.490069 1.911111 1.298310 1000.000000 2.083333 -0.823444 100.000000 0.474866 -400578.350230 1.527305 0.094573 18.914545 0.086974 0.378224 75.644881
 10.900000 1.843416 2.283317 0.439901 4.290972 4982.522258 1.911111 1.298310 1000.000000 2.083333 -0.823444 100.000000 0.474866 -400572.182479 1.524129 0.108891 21.778248 0.038512 0.074160 14.832013
 10.950000 1.864267 2.444858 0.580591 7.632205 3501.396759 1.911111 1.298310 1000.000000 2.083333 -0.823444 100.000000 0.474866 -400575.510604 1.521827 0.119900 23.979914 0.082250 0.338250 67.650029
 11.000000 1.873678 2.291549 0.417871 2.868319 1834.801187 1.911111 1.298310 1000.000000 2.083333 -0.823444 100.000000 0.474866 -400571.242481 1.546722 0.028979 5.795874 0.073353 0.269034 53.806862
 11.050000 1.889794 2.393450 0.503655 5.035803 1416.118838 1.911111 1.298310 1000.000000 2.083333 -0.823444 100.000000 0.474866 -400573.918330 1.514390 0.159084 31.816824 0.079918 0.319345 63.869012
 11.100000 1.905929 2.277532 0.371603 1.899083 403.985971 1.911111 1.298310 1000.000000 2.083333 -0.823444 100.000000 0.474866 -400571.585541 1.536238 0.059713 11.942529 0.066679 0.222301 44.460261
 11.150000 1.898552 2.372211 0.473659 4.251378 992.238806 1.911111 1.298310 1000.000000 2.083333 -0.823444 100.000000 0.474866 -400572.241235 1.599327 0.040701 8.140183 0.063084 0.198979 39.795873
 11.200000 1.886508 2.305967 0.419460 2.780961 1100.986040 1.911111 1.298310 1000.000000 2.083333 -0.823444 100.000000 0.474866 -400571.131472 1.498340 0.262493 52.498588 0.057451 0.165031 33.006170
 11.250000 1.845468 2.386896 0.541428 6.762019 5230.489472 1.911111 1.298310 1000.000000 2.083333 -0.823444 100.000000 0.474866 -400575.377615 1.533877 0.068153 13.630509 0.083990 0.352714 70.542728
 11.300000 1.855806 2.362684 0.506879 5.431197 3839.076491 1.911111 1.298310 1000.000000 2.083333 -0.823444 100.000000 0.474866 -400575.015501 1.604954 0.058338 11.667522 0.062134 0.193032 38.606342
 11.350000 1.865920 2.306100 0.440180 3.502380 2538.496669 1.911111 1.298310 1000.000000 2.083333 -0.823444 100.000000 0.474866 -400572.101649 1.545965 0.030831 6.166125 0.083723 0.350474 70.094729
 11.400000 1.861603 2.412642 0.551039 6.647751 3535.506141 1.911111 1.298310 1000.000000 2.083333 -0.823444 100.000000 0.474866 -400576.468900 1.541678 0.042395 8.478956 0.071912 0.258564 51.712792
 11.450000 1.887630 2.290974 0.403345 2.431427 982.524336 1.911111 1.298310 1000.000000 2.083333 -0.823444 100.000000 0.474866 -400571.955713 1.501987 0.236735 47.346970 0.047233 0.111546 22.309234
 11.500000 1.899337 2.406591 0.507255 5.294105 1183.592847 1.911111 1.298310 1000.000000 2.083333 -0.823444 100.000000 0.474866 -400572.802112 1.548163 0.025612 5.122478 0.097586 0.476149 95.229889
 11.550000 1.891413 2.252093 0.360680 1.617996 672.813197 1.911111 1.298310 1000.000000 2.083333 -0.823444 100.000000 0.474866 -400567.189401 1.590412 0.019239 3.847882 0.056564 0.159972 31.994374
 11.600000 1.884187 2.416694 0.532507 5.918908 1836.202758 1.911111 1.298310 1000.000000 2.083333 -0.823444 100.000000 0.474866 -400573.583825 1.556691 0.009947 1.989490 0.082952 0.344051 68.810203
 11.650000 1.866723 2.267357 0.400634 2.678388 2308.937925 1.911111 1.298310 1000.000000 2.083333 -0.823444 100.000000 0.474866 -400572.342669 1.573111 0.000268 0.053564 0.084664 0.358404 71.680761
 11.700000 1.865960 2.413940 0.547980 6.484357 3131.670249 1.911111 1.298310 1000.000000 2.083333 -0.823444 100.000000 0.474866 -400573.866062 1.591025 0.020461 4.092191 0.044763 0.100188 20.037589
 11.750000 1.868867 2.294905 0.426037 3.130390 2232.159650 1.911111 1.298310 1000.000000 2.083333 -0.823444 100.000000 0.474866 -400572.084405 1.543051 0.038490 7.698054 0.098679 0.486875 97.375062
 11.800000 1.868308 2.363025 0.494716 4.827402 2614.344687 1.911111 1.298310 1000.000000 2.083333 -0.823444 100.000000 0.474866 -400574.006325 1.592449 0.023441 4.688172 0.033879 0.057389 11.477703
 11.850000 1.878353 2.334037 0.455684 3.679175 1701.647633 1.911111 1.298310 1000.000000 2.083333 -0.823444 100.000000 0.474866 -400571.997609 1.572554 0.000154 0.030881 0.078572 0.308681 61.736189
 11.900000 1.899883 2.330529 0.430646 3.118332 737.131084 1.911111 1.298310 1000.000000 2.083333 -0.823444 100.000000 0.474866 -400570.191559 1.522848 0.114954 22.990795 0.091139 0.415312 83.062406
 11.950000 1.878380 2.379547 0.501166 4.922771 1948.736112 1.911111 1.298310 1000.000000 2.083333 -0.823444 100.000000 0.474866 -400574.449065 1.532194 0.074506 14.901215 0.046742 0.109242 21.848399
 12.000000 1.886537 2.289578 0.403042 2.428800 1029.278690 1.911111 1.298310 1000.000000 2.083333 -0.823444 100.000000 0.474866 -400570.157416 1.507326 0.201422 40.284452 0.095444 0.455475 91.095051
 12.050000 1.894155 2.442139 0.547984 6.580820 1574.913559 1.911111 1.298310 1000.000000 2.083333 -0.823444 100.000000 0.474866 -400573.265011 1.524154 0.108774 21.754824 0.077497 0.300288 60.057629
 12.100000 1.834813 2.284894 0.450081 4.942009 6227.606032 1.911111 1.298310 1000.000000 2.083333 -0.823444 100.000000 0.474866 -400570.443906 1.527426 0.094049 18.809740 0.058870 0.173286 34.657129
 12.150000 1.852268 2.473435 0.621168 9.340248 4984.343966 1.911111 1.298310 1000.000000 2.083333 -0.823444 100.000000 0.474866 -400577.394263 1.550020 0.021582 4.316422 0.100587 0.505885 101.177068
 12.200000 1.866186 2.296721 0.430535 3.285853 2473.612552 1.911111 1.298310 1000.000000 2.083333 -0.823444 100.000000 0.474866 -400569.596204 1.529660 0.084612 16.922363 0.051839 0.134366 26.873276
 12.250000 1.888366 2.388179 0.499813 4.905207 1446.632913 1.911111 1.298310 1000.000000 2.083333 -0.823444 100.000000 0.474866 -400573.374915 1.490930 0.318930 63.786034 0.065828 0.216669 43.333786
 12.300000 1.864571 2.354912 0.490341 4.770739 2903.532849 1.911111 1.298310 1000.000000 2.083333 -0.823444 100.000000 0.474866 -400570.939043 1.547430 0.027299 5.459758 0.099410 0.494115 98.822936
 12.350000 1.916426 2.326890 0.410464 2.980106 621.443451 1.911111 1.298310 1000.000000 2.083333 -0.823444 100.000000 0.474866 -400569.153331 1.504566 0.219320 43.863958 0.095467 0.455702 91.140394
 12.400000 1.894403 2.376918 0.482515 4.449183 1141.082682 1.911111 1.298310 1000.000000 2.083333 -0.823444 100.000000 0.474866 -400571.728927 1.491350 0.315583 63.116648 0.070188 0.246316 49.263156
 12.450000 1.886643 2.307415 0.420773 2.809991 1100.832295 1.911111 1.298310 1000.000000 2.083333 -0.823444 100.000000 0.474866 -400570.459442 1.528835 0.088036 17.607138 0.113097 0.639542 127.908358
 12.500000 1.898399 2.412042 0.513643 5.483268 1242.097915 1.911111 1.298310 1000.000000 2.083333 -0.823444 100.000000 0.474866 -400573.076146 1.504424 0.220264 44.052855 0.036929 0.068187 13.637420
 12.550000 1.867859 2.270868 0.403009 2.693815 2222.399430 1.911111 1.298310 1000.000000 2.083333 -0.823444 100.000000 0.474866 -400570.930281 1.473199 0.476259 95.251756 0.072342 0.261666 52.333177
 12.600000 1.884181 2.459595 0.575414 7.441264 2140.979415 1.911111 1.298310 1000.000000 2.083333 -0.823444 100.000000 0.474866 -400572.952891 1.551030 0.019535 3.907095 0.132249 0.874484 174.896865
 12.650000 1.882327 2.277404 0.395076 2.297418 1205.136275 1.911111 1.298310 1000.000000 2.083333 -0.823444 100.000000 0.474866 -400565.734123 1.550034 0.021553 4.310668 0.040334 0.081343 16.268626
 12.700000 1.881944 2.377705 0.495761 4.758086 1717.242686 1.911111 1.298310 1000.000000 2.083333 -0.823444 100.000000 0.474866 -400573.381718 1.556383 0.010388 2.077578 0.104826 0.549426 109.885203
 12.750000 1.893112 2.339514 0.446402 3.443401 980.243103 1.911111 1.298310 1000.000000 2.083333 -0.823444 100.000000 0.474866 -400571.449482 1.539056 0.050371 10.074194 0.098919 0.489246 97.849287
 12.800000 1.892623 2.348110 0.455487 3.676251 1042.888122 1.911111 1.298310 1000.000000 2.083333 -0.823444 100.000000 0.474866 -400570.833937 1.499374 0.255058 51.011590 0.024923 0.031057 6.211415
 12.850000 1.845271 2.378263 0.532992 6.516621 5204.747616 1.911111 1.298310 1000.000000 2.083333 -0.823444 100.000000 0.474866 -400574.685632 1.537329 0.056002 11.200362 0.113095 0.639525 127.904984
 12.900000 1.859857 2.343756 0.483899 4.704498 3305.176099 1.911111 1.298310 1000.000000 2.083333 -0.823444 100.000000 0.474866 -400573.457165 1.582720 0.007109 1.421722 0.065321 0.213341 42.668295
 12.950000 1.877326 2.342348 0.465023 3.925165 1812.338024 1.911111 1.298310 1000.000000 2.083333 -0.823444 100.000000 0.474866 -400572.937227 1.560979 0.004819 0.963879 0.051345 0.131817 26.363368
 13.000000 1.868616 2.327448 0.458832 3.882517 2401.766329 1.911111 1.298310 1000.000000 2.083333 -0.823444 100.000000 0.474866 -400571.602111 1.541926 0.041676 8.335164 0.110808 0.613920 122.784068
 13.050000 1.890858 2.390201 0.499344 4.913503 1351.882616 1.911111 1.298310 1000.000000 2.083333 -0.823444 100.000000 0.474866 -400572.360633 1.546388 0.029789 5.957813 0.032986 0.054404 10.880845
 13.100000 1.901333 2.304268 0.402935 2.488421 583.733965 1.911111 1.298310 1000.000000 2.083333 -0.823444 100.000000 0.474866 -400568.335253 1.479824 0.413803 82.760532 0.100470 0.504713 100.942506
 13.150000 1.917470 2.354868 0.437398 3.706768 777.743929 1.911111 1.298310 1000.000000 2.083333 -0.823444 100.000000 0.474866 -400571.276179 1.498616 0.260503 52.100570 0.087742 0.384932 76.986345
 13.200000 1.902976 2.312868 0.409892 2.667406 593.039876 1.911111 1.298310 1000.000000 2.083333 -0.823444 100.000000 0.474866 -400570.196858 1.540439 0.046080 9.215923 0.065206 0.212593 42.518622
 13.250000 1.908191 2.373534 0.465344 4.215099 850.695087 1.911111 1.298310 1000.000000 2.083333 -0.823444 100.000000 0.474866 -400569.739031 1.505994 0.209970 41.994018 0.111344 0.619877 123.975439
 13.300000 1.864865 2.318299 0.453434 3.829774 2690.754546 1.911111 1.298310 1000.000000 2.083333 -0.823444 100.000000 0.474866 -400570.981371 1.566241 0.001038 0.207524 0.031058 0.048230 9.645961
 13.350000 1.879263 2.364386 0.485122 4.456656 1804.178576 1.911111 1.298310 1000.000000 2.083333 -0.823444 100.000000 0.474866 -400572.493026 1.601000 0.045612 9.122418 0.096607 0.466649 93.329823
 13.400000 1.837442 2.359919 0.522478 6.538584 6192.191785 1.911111 1.298310 1000.000000 2.083333 -0.823444 100.000000 0.474866 -400574.401260 1.516861 0.145449 29.089814 0.071931 0.258706 51.741294
 13.450000 1.883904 2.342408 0.458504 3.726086 1411.400552 1.911111 1.298310 1000.000000 2.083333 -0.823444 100.000000 0.474866 -400571.553651 1.492723 0.304769 60.953889 0.038946 0.075838 15.167566
 13.500000 1.853873 2.395775 0.541902 6.519085 4252.367336 1.911111 1.298310 1000.000000 2.083333 -0.823444 100.000000 0.474866 -400573.992827 1.590156 0.018740 3.747996 0.103996 0.540755 108.150956
 13.550000 1.914905 2.279070 0.364165 1.922839 397.523984 1.911111 1.298310 1000.000000 2.083333 -0.823444 100.000000 0.474866 -400570.775108 1.519412 0.132016 26.403285 0.064562 0.208415 41.682919
 13.600000 1.890420 2.333365 0.442945 3.339853 1053.270380 1.911111 1.298310 1000.000000 2.083333 -0.823444 100.000000 0.474866 -400572.865672 1.549387 0.022919 4.583752 0.038169 0.072845 14.569020
 13.650000 1.875161 2.387508 0.512347 5.272315 2217.604120 1.911111 1.298310 1000.000000 2.083333 -0.823444 100.000000 0.474866 -400572.135740 1.601243 0.046350 9.269985 0.124853 0.779411 155.882171
 13.700000 1.881859 2.327480 0.445621 3.408219 1451.739173 1.911111 1.298310 1000.000000 2.083333 -0.823444 100.000000 0.474866 -400570.020470 1.464821 0.561540 112.308058 0.049200 0.121032 24.206356
 13.750000 1.856260 2.361651 0.505391 5.377359 3783.269351 1.911111 1.298310 1000.000000 2.083333 -0.823444 100.000000 0.474866 -400574.045363 1.518967 0.134313 26.862501 0.048121 0.115781 23.156138
 13.800000 1.854987 2.390771 0.535784 6.300838 4095.082388 1.911111 1.298310 1000.000000 2.083333 -0.823444 100.000000 0.474866 -400574.653832 1.560513 0.005287 1.057457 0.098367 0.483807 96.761484
 13.850000 1.868850 2.326480 0.457630 3.849000 2377.167238 1.911111 1.298310 1000.000000 2.083333 -0.823444 100.000000 0.474866 -400571.560519 1.490386 0.323288 64.657681 0.033492 0.056086 11.217245
 13.900000 1.901282 2.356208 0.454926 3.771326 841.220768 1.911111 1.298310 1000.000000 2.083333 -0.823444 100.000000 0.474866 -400570.776664 1.582588 0.006952 1.390448 0.088030 0.387466 77.493178
 13.950000 1.871550 2.323108 0.451558 3.657129 2139.995055 1.911111 1.298310 1000.000000 2.083333 -0.823444 100.000000 0.474866 -400570.828431 1.602841 0.051342 10.268376 0.083599 0.349444 69.888752
 14.000000 1.915319 2.352599 0.437280 3.634056 742.745872 1.911111 1.298310 1000.000000 2.083333 -0.823444 100.000000 0.474866 -400571.813196 1.517840 0.140216 28.043295 0.051390 0.132044 26.408865
 14.050000 1.902104 2.268033 0.365929 1.746267 422.275649 1.911111 1.298310 1000.000000 2.083333 -0.823444 100.000000 0.474866 -400569.344157 1.559361 0.006538 1.307587 0.075676 0.286343 57.268557
 14.100000 1.901238 2.385141 0.483903 4.603145 1008.355299 1.911111 1.298310 1000.000000 2.083333 -0.823444 100.000000 0.474866 -400570.863491 1.575870 0.001287 0.257415 0.073328 0.268849 53.769837
 14.150000 1.877695 2.273518 0.395824 2.366847 1478.367354 1.911111 1.298310 1000.000000 2.083333 -0.823444 100.000000 0.474866 -400571.267991 1.515730 0.151616 30.323188 0.069100 0.238742 47.748314
 14.200000 1.874906 2.377901 0.502996 4.993932 2178.541531 1.911111 1.298310 1000.000000 2.083333 -0.823444 100.000000 0.474866 -400571.998422 1.605682 0.060851 12.170186 0.070657 0.249618 49.923650
 14.250000 1.835921 2.358496 0.522574 6.612466 6410.639542 1.911111 1.298310 1000.000000 2.083333 -0.823444 100.000000 0.474866 -400572.480015 1.595601 0.030764 6.152849 0.067503 0.227831 45.566106
 14.300000 1.866413 2.363816 0.497402 4.932456 2784.586506 1.911111 1.298310 1000.000000 2.083333 -0.823444 100.000000 0.474866 -400571.587445 1.536678 0.058202 11.640301 0.078174 0.305558 61.111546
 14.350000 1.875775 2.303815 0.428039 3.054910 1734.743081 1.911111 1.298310 1000.000000 2.083333 -0.823444 100.000000 0.474866 -400570.142803 1.591598 0.021635 4.326933 0.065424 0.214013 42.802525
 14.400000 1.892141 2.376958 0.484817 4.490699 1222.025922 1.911111 1.298310 1000.000000 2.083333 -0.823444 100.000000 0.474866 -400572.529239 1.595144 0.029639 5.927854 0.076764 0.294637 58.927482
 14.450000 1.873521 2.282312 0.408792 2.686159 1808.973312 1.911111 1.298310 1000.000000 2.083333 -0.823444 100.000000 0.474866 -400570.120344 1.517364 0.142753 28.550655 0.074257 0.275709 55.141712
 14.500000 1.904731 2.337561 0.432830 3.251939 687.022278 1.911111 1.298310 1000.000000 2.083333 -0.823444 100.000000 0.474866 -400571.002892 1.592184 0.022872 4.574467 0.056331 0.158659 31.731719
 14.550000 1.875492 2.360913 0.485421 4.486897 2039.255109 1.911111 1.298310 1000.000000 2.083333 -0.823444 100.000000 0.474866 -400573.778272 1.601330 0.046614 9.322828 0.070288 0.247017 49.403388
 14.600000 1.856111 2.298541 0.442430 3.828235 3488.170149 1.911111 1.298310 1000.000000 2.083333 -0.823444 100.000000 0.474866 -400570.343583 1.537456 0.055580 11.116099 0.072690 0.264193 52.838511
 14.650000 1.864748 2.403556 0.538809 6.201933 3175.009182 1.911111 1.298310 1000.000000 2.083333 -0.823444 100.000000 0.474866 -400572.622099 1.605789 0.061224 12.244745 0.054150 0.146611 29.322293
 14.700000 1.850801 2.280323 0.429522 3.758901 4025.344778 1.911111 1.298310 1000.000000 2.083333 -0.823444 100.000000 0.474866 -400570.152814 1.593408 0.025565 5.113031 0.090995 0.414005 82.801001
 14.750000 1.863301 2.394228 0.530927 5.975668 3252.335063 1.911111 1.298310 1000.000000 2.083333 -0.823444 100.000000 0.474866 -400570.995631 1.532133 0.074742 14.948367 0.050253 0.126266 25.253267
 14.800000 1.885025 2.301809 0.416784 2.726831 1157.816382 1.911111 1.298310 1000.000000 2.083333 -0.823444 100.000000 0.474866 -400570.879867 1.608727 0.071936 14.387282 0.053814 0.144798 28.959550
 14.850000 1.910058 2.358139 0.448080 3.776449 756.287795 1.911111 1.298310 1000.000000 2.083333 -0.823444 100.000000 0.474866 -400572.352788 1.554408 0.013429 2.685790 0.086328 0.372629 74.525891
 14.900000 1.888045 2.296352 0.408306 2.534857 985.804281 1.911111 1.298310 1000.000000 2.083333 -0.823444 100.000000 0.474866 -400568.174276 1.497914 0.265595 53.118946 0.064720 0.209436 41.887278
 14.950000 1.915360 2.371332 0.455972 4.156193 847.486614 1.911111 1.298310 1000.000000 2.083333 -0.823444 100.000000 0.474866 -400570.247662 1.547701 0.026669 5.333825 0.098929 0.489343 97.868556
 15.000000 1.911694 2.319062 0.407368 2.778575 556.021077 1.911111 1.298310 1000.000000 2.083333 -0.823444 100.000000 0.474866 -400571.344968 1.555198 0.012165 2.432953 0.075537 0.285290 57.057941
 15.050000 1.879535 2.323167 0.443632 3.374543 1572.256794 1.911111 1.298310 1000.000000 2.083333 -0.823444 100.000000 0.474866 -400569.339150 1.530956 0.079363 15.872505 0.034128 0.058235 11.647084
 15.100000 1.914802 2.341957 0.427155 3.351133 682.489234 1.911111 1.298310 1000.000000 2.083333 -0.823444 100.000000 0.474866 -400570.138246 1.584286 0.009098 1.819626 0.113974 0.649503 129.900507
 15.150000 1.895056 2.332348 0.437292 3.229300 877.850244 1.911111 1.298310 1000.000000 2.083333 -0.823444 100.000000 0.474866 -400569.437033 1.572998 0.000242 0.048490 0.033829 0.057218 11.443677
 15.200000 1.880873 2.339738 0.458865 3.744338 1571.793014 1.911111 1.298310 1000.000000 2.083333 -0.823444 100.000000 0.474866 -400570.850007 1.535780 0.061306 12.261100 0.085185 0.362820 72.564032
 15.250000 1.897147 2.325127 0.427981 3.020722 779.651846 1.911111 1.298310 1000.000000 2.083333 -0.823444 100.000000 0.474866 -400570.413692 1.577364 0.002157 0.431338 0.090494 0.409458 81.891618
 15.300000 1.892958 2.350160 0.457202 3.724587 1041.483123 1.911111 1.298310 1000.000000 2.083333 -0.823444 100.000000 0.474866 -400571.911356 1.599295 0.040609 8.121830 0.030418 0.046262 9.252446
 15.350000 1.848923 2.316302 0.467380 4.647437 4410.164053 1.911111 1.298310 1000.000000 2.083333 -0.823444 100.000000 0.474866 -400571.734793 1.538765 0.051301 10.260286 0.104212 0.543008 108.601649
 15.400000 1.874984 2.400195 0.525210 5.672623 2309.152180 1.911111 1.298310 1000.000000 2.083333 -0.823444 100.000000 0.474866 -400571.934942 1.577255 0.002086 0.417102 0.052689 0.138807 27.761358
 15.450000 1.837482 2.318854 0.481372 5.484127 5975.956123 1.911111 1.298310 1000.000000 2.083333 -0.823444 100.000000 0.474866 -400574.418241 1.606488 0.063694 12.738854 0.075731 0.286757 57.351482
 15.500000 1.850232 2.374240 0.524008 6.084485 4552.548903 1.911111 1.298310 1000.000000 2.083333 -0.823444 100.000000 0.474866 -400574.449596 1.565433 0.001438 0.287621 0.091686 0.420316 84.063260
 15.550000 1.878266 2.318690 0.440425 3.309053 1632.739301 1.911111 1.298310 1000.000000 2.083333 -0.823444 100.000000 0.474866 -400569.227325 1.566959 0.000736 0.147268 0.031452 0.049463 9.892567
 15.600000 1.893305 2.373685 0.480379 4.373723 1160.083152 1.911111 1.298310 1000.000000 2.083333 -0.823444 100.000000 0.474866 -400569.676452 1.577845 0.002484 0.496793 0.100807 0.508105 101.621073
 15.650000 1.899938 2.269958 0.370019 1.803849 473.118893 1.911111 1.298310 1000.000000 2.083333 -0.823444 100.000000 0.474866 -400568.243779 1.545826 0.031175 6.234952 0.034107 0.058166 11.633115
 15.700000 1.918389 2.336030 0.417641 3.219272 691.530195 1.911111 1.298310 1000.000000 2.083333 -0.823444 100.000000 0.474866 -400572.406404 1.540507 0.045874 9.174735 0.086795 0.376668 75.333599
 15.750000 1.895189 2.331321 0.436132 3.201646 868.479581 1.911111 1.298310 1000.000000 2.083333 -0.823444 100.000000 0.474866 -400571.476953 1.583897 0.008582 1.716400 0.090545 0.409923 81.984615
 15.800000 1.890706 2.323050 0.432343 3.081375 990.995163 1.911111 1.298310 1000.000000 2.083333 -0.823444 100.000000 0.474866 -400567.673753 1.525871 0.100914 20.182768 0.050208 0.126040 25.208031
 15.850000 1.861730 2.379778 0.518048 5.613235 3317.312026 1.911111 1.298310 1000.000000 2.083333 -0.823444 100.000000 0.474866 -400571.764631 1.522285 0.117668 23.533652 0.105060 0.551878 110.375660
 15.900000 1.883612 2.336798 0.453186 3.590310 1398.626379 1.911111 1.298310 1000.000000 2.083333 -0.823444 100.000000 0.474866 -400569.561352 1.541513 0.042874 8.574849 0.048571 0.117956 23.591172
 15.950000 1.858794 2.397926 0.539132 6.316961 3726.758247 1.911111 1.298310 1000.000000 2.083333 -0.823444 100.000000 0.474866 -400574.074988 1.506393 0.207388 41.477691 0.055400 0.153457 30.691353
 16.000000 1.861070 2.321072 0.460002 4.078036 3069.281057 1.911111 1.298310 1000.000000 2.083333 -0.823444 100.000000 0.474866 -400571.695697 1.527462 0.093894 18.778719 0.092942 0.431912 86.382303
 16.050000 1.836728 2.438679 0.601951 9.079965 6795.565607 1.911111 1.298310 1000.000000 2.083333 -0.823444 100.000000 0.474866 -400572.908571 1.602915 0.051579 10.315876 0.084820 0.359722 71.944476
 16.100000 1.879564 2.281632 0.402068 2.463725 1388.441934 1.911111 1.298310 1000.000000 2.083333 -0.823444 100.000000 0.474866 -400567.863492 1.594620 0.028377 5.675472 0.071474 0.255423 51.084631
 16.150000 1.837128 2.391848 0.554720 7.495791 6425.257563 1.911111 1.298310 1000.000000 2.083333 -0.823444 100.000000 0.474866 -400575.994800 1.532201 0.074479 14.895729 0.079259 0.314102 62.820479
 16.200000 1.880710 2.354465 0.473755 4.137733 1659.363766 1.911111 1.298310 1000.000000 2.083333 -0.823444 100.000000 0.474866 -400571.863878 1.556972 0.009555 1.911082 0.058568 0.171509 34.301749
 16.250000 1.885000 2.364727 0.479726 4.299991 1473.591227 1.911111 1.298310 1000.000000 2.083333 -0.823444 100.000000 0.474866 -400572.766224 1.507992 0.197220 39.444095 0.070382 0.247684 49.536834
 16.300000 1.935688 2.269682 0.333994 2.038296 951.281247 1.911111 1.298310 1000.000000 2.083333 -0.823444 100.000000 0.474866 -400568.337383 1.460973 0.603056 120.611220 0.084909 0.360477 72.095325
 16.350000 1.894450 2.363852 0.469402 4.073343 1064.504089 1.911111 1.298310 1000.000000 2.083333 -0.823444 100.000000 0.474866 -400571.006918 1.616145 0.102827 20.565381 0.068451 0.234279 46.855880
 16.400000 1.900543 2.293879 0.393335 2.272309 554.969978 1.911111 1.298310 1000.000000 2.083333 -0.823444 100.000000 0.474866 -400569.324357 1.526326 0.098882 19.776462 0.047678 0.113660 22.732023
 16.450000 1.834756 2.390840 0.556084 7.643047 6775.656102 1.911111 1.298310 1000.000000 2.083333 -0.823444 100.000000 0.474866 -400576.154166 1.496826 0.273579 54.715728 0.089695 0.402260 80.451958
 16.500000 1.831485 2.393237 0.561752 7.972157 7300.699239 1.911111 1.298310 1000.000000 2.083333 -0.823444 100.000000 0.474866 -400575.378468 1.591625 0.021693 4.338527 0.045609 0.104011 20.802136
 16.550000 1.840064 2.338841 0.498777 5.788027 5700.479083 1.911111 1.298310 1000.000000 2.083333 -0.823444 100.000000 0.474866 -400572.135406 1.563519 0.002648 0.529547 0.079233 0.313890 62.778087
 16.600000 1.841655 2.349633 0.507978 5.957866 5533.314245 1.911111 1.298310 1000.000000 2.083333 -0.823444 100.000000 0.474866 -400573.221495 1.552411 0.016900 3.380034 0.059867 0.179201 35.840230
 16.650000 1.885668 2.368168 0.482499 4.380201 1458.634072 1.911111 1.298310 1000.000000 2.083333 -0.823444 100.000000 0.474866 -400571.537342 1.613398 0.090747 18.149375 0.074188 0.275191 55.038169
 16.700000 1.896933 2.318059 0.421126 2.855317 751.978019 1.911111 1.298310 1000.000000 2.083333 -0.823444 100.000000 0.474866 -400569.195385 1.522671 0.115800 23.160059 0.096867 0.469162 93.832485
 16.750000 1.917211 2.280138 0.362927 1.955203 424.523017 1.911111 1.298310 1000.000000 2.083333 -0.823444 100.000000 0.474866 -400568.500121 1.520824 0.124862 24.972468 0.033863 0.057335 11.466913
 16.800000 1.902825 2.379459 0.476635 4.418864 945.568866 1.911111 1.298310 1000.000000 2.083333 -0.823444 100.000000 0.474866 -400571.113171 1.615072 0.098019 19.603753 0.075967 0.288549 57.709818
 16.850000 1.903700 2.245308 0.341608 1.339254 317.287646 1.911111 1.298310 1000.000000 2.083333 -0.823444 100.000000 0.474866 -400569.284350 1.511034 0.178578 35.715506 0.081607 0.332987 66.597320
 16.900000 1.837017 2.413436 0.576418 8.193325 6579.579678 1.911111 1.298310 1000.000000 2.083333 -0.823444 100.000000 0.474866 -400576.555891 1.587047 0.013204 2.640862 0.035581 0.063300 12.659998
 16.950000 1.870693 2.315072 0.444379 3.501958 2170.671226 1.911111 1.298310 1000.000000 2.083333 -0.823444 100.000000 0.474866 -400569.936335 1.632826 0.192382 38.476371 0.098506 0.485170 97.034004
 17.000000 1.788064 2.401424 0.613360 12.629357 16152.357131 1.911111 1.298310 1000.000000 2.083333 -0.823444 100.000000 0.474866 -400576.664132 1.541766 0.042137 8.427406 0.038952 0.075862 15.172492
 17.050000 1.870521 2.333594 0.463072 3.955275 2273.829131 1.911111 1.298310 1000.000000 2.083333 -0.823444 100.000000 0.474866 -400571.041726 1.610391 0.078385 15.677086 0.062291 0.194006 38.801118
 17.100000 1.844573 2.363851 0.519278 6.148180 5214.265549 1.911111 1.298310 1000.000000 2.083333 -0.823444 100.000000 0.474866 -400574.054590 1.596701 0.033553 6.710551 0.076367 0.291599 58.319812
 17.150000 1.920779 2.298493 0.377714 2.361419 556.410123 1.911111 1.298310 1000.000000 2.083333 -0.823444 100.000000 0.474866 -400568.660597 1.539216 0.049866 9.973162 0.035049 0.061420 12.284045
 17.200000 1.882883 2.317225 0.434342 3.133676 1343.876922 1.911111 1.298310 1000.000000 2.083333 -0.823444 100.000000 0.474866 -400571.207116 1.558188 0.007948 1.589586 0.095502 0.456029 91.205738
 17.250000 1.941564 2.329352 0.387788 3.489951 1532.629283 1.911111 1.298310 1000.000000 2.083333 -0.823444 100.000000 0.474866 -400570.283452 1.541848 0.041901 8.380289 0.068738 0.236243 47.248695
 17.300000 1.861420 2.325134 0.463714 4.157961 3053.846960 1.911111 1.298310 1000.000000 2.083333 -0.823444 100.000000 0.474866 -400569.650400 1.479443 0.417272 83.454457 0.073786 0.272216 54.443129
 17.350000 1.912470 2.364665 0.452195 3.958306 793.324002 1.911111 1.298310 1000.000000 2.083333 -0.823444 100.000000 0.474866 -400572.565412 1.532740 0.072414 14.482722 0.099060 0.490640 98.128027
 17.400000 1.830735 2.366821 0.536085 7.248376 7263.895126 1.911111 1.298310 1000.000000 2.083333 -0.823444 100.000000 0.474866 -400574.713637 1.563389 0.002743 0.548694 0.052950 0.140183 28.036511
 17.450000 1.874420 2.357829 0.483408 4.440489 2099.678745 1.911111 1.298310 1000.000000 2.083333 -0.823444 100.000000 0.474866 -400572.549003 1.502952 0.230146 46.029172 0.069979 0.244850 48.970025
 17.500000 1.833785 2.376619 0.542834 7.290497 6839.488855 1.911111 1.298310 1000.000000 2.083333 -0.823444 100.000000 0.474866 -400575.428644 1.535980 0.060609 12.121826 0.077955 0.303853 60.770555
 17.550000 1.840022 2.381965 0.541943 6.985842 5945.401013 1.911111 1.298310 1000.000000 2.083333 -0.823444 100.000000 0.474866 -400575.124790 1.550853 0.019886 3.977178 0.069001 0.238056 47.611204
 17.600000 1.870037 2.354651 0.484614 4.524209 2423.238492 1.911111 1.298310 1000.000000 2.083333 -0.823444 100.000000 0.474866 -400573.125116 1.503125 0.228973 45.794524 0.082314 0.338776 67.755256
 17.650000 1.853989 2.357197 0.503208 5.381514 4012.896134 1.911111 1.298310 1000.000000 2.083333 -0.823444 100.000000 0.474866 -400574.274147 1.524728 0.106115 21.223094 0.061724 0.190493 38.098697
 17.700000 1.915363 2.345330 0.429967 3.441159 704.501774 1.911111 1.298310 1000.000000 2.083333 -0.823444 100.000000 0.474866 -400570.794238 1.505223 0.214991 42.998293 0.064050 0.205120 41.023970
 17.750000 1.872923 2.320714 0.447791 3.546650 2021.824599 1.911111 1.298310 1000.000000 2.083333 -0.823444 100.000000 0.474866 -400570.616013 1.494160 0.293656 58.731173 0.084511 0.357105 71.421063
 17.800000 1.922290 2.375578 0.453287 4.332824 979.043041 1.911111 1.298310 1000.000000 2.083333 -0.823444 100.000000 0.474866 -400568.039761 1.519081 0.133724 26.744733 0.086981 0.378283 75.656696
 17.850000 1.869641 2.326537 0.456896 3.817273 2311.239300 1.911111 1.298310 1000.000000 2.083333 -0.823444 100.000000 0.474866 -400568.824024 1.499317 0.255468 51.093515 0.100121 0.501208 100.241553
 17.900000 1.894042 2.365551 0.471509 4.128020 1087.837215 1.911111 1.298310 1000.000000 2.083333 -0.823444 100.000000 0.474866 -400572.003772 1.492524 0.306328 61.265687 0.078558 0.308567 61.713356
 17.950000 1.888086 2.352726 0.464640 3.893698 1255.877229 1.911111 1.298310 1000.000000 2.083333 -0.823444 100.000000 0.474866 -400571.929410 1.541552 0.042763 8.552532 0.054806 0.150186 30.037197
 18.000000 1.854060 2.339149 0.485089 4.899499 3909.263283 1.911111 1.298310 1000.000000 2.083333 -0.823444 100.000000 0.474866 -400572.619817 1.496215 0.278116 55.623242 0.090745 0.411730 82.346071
 18.050000 1.859695 2.436892 0.577197 7.572011 3893.655768 1.911111 1.298310 1000.000000 2.083333 -0.823444 100.000000 0.474866 -400571.998942 1.531950 0.075452 15.090363 0.123809 0.766428 153.285520
 18.100000 1.839566 2.346277 0.506711 6.016337 5810.117351 1.911111 1.298310 1000.000000 2.083333 -0.823444 100.000000 0.474866 -400572.544454 1.601627 0.047525 9.505086 0.102975 0.530188 106.037583
 18.150000 1.852830 2.383898 0.531067 6.215263 4300.028127 1.911111 1.298310 1000.000000 2.083333 -0.823444 100.000000 0.474866 -400573.341894 1.601554 0.047303 9.460640 0.062059 0.192566 38.513268
 18.200000 1.842961 2.292081 0.449120 4.501001 5080.208139 1.911111 1.298310 1000.000000 2.083333 -0.823444 100.000000 0.474866 -400572.673629 1.525730 0.101550 20.309906 0.081114 0.328972 65.794481
 18.250000 1.885815 2.410375 0.524560 5.667755 1709.460071 1.911111 1.298310 1000.000000 2.083333 -0.823444 100.000000 0.474866 -400573.243241 1.582807 0.007212 1.442487 0.073864 0.272798 54.559511
 18.300000 1.886455 2.324185 0.437730 3.204427 1188.007665 1.911111 1.298310 1000.000000 2.083333 -0.823444 100.000000 0.474866 -400570.084282 1.544745 0.033935 6.786976 0.122615 0.751724 150.344854
 18.350000 1.927492 2.274760 0.347268 1.966386 634.789184 1.911111 1.298310 1000.000000 2.083333 -0.823444 100.000000 0.474866 -400569.391151 1.508880 0.191681 38.336264 0.054294 0.147390 29.478023
 18.400000 1.876883 2.365982 0.489099 4.580309 1970.481977 1.911111 1.298310 1000.000000 2.083333 -0.823444 100.000000 0.474866 -400570.673297 1.538158 0.053261 10.652292 0.058812 0.172942 34.588425
 18.450000 1.892930 2.355782 0.462853 3.876706 1072.848011 1.911111 1.298310 1000.000000 2.083333 -0.823444 100.000000 0.474866 -400570.422346 1.524181 0.108651 21.730280 0.106993 0.572372 114.474350
 18.500000 1.848349 2.335936 0.487587 5.159956 4577.166213 1.911111 1.298310 1000.000000 2.083333 -0.823444 100.000000 0.474866 -400573.763969 1.544758 0.033899 6.779730 0.035344 0.062461 12.492145
 18.550000 1.899645 2.338839 0.439194 3.329894 784.305004 1.911111 1.298310 1000.000000 2.083333 -0.823444 100.000000 0.474866 -400571.862927 1.568222 0.000331 0.066254 0.095874 0.459588 91.917632
 18.600000 1.831006 2.428429 0.597423 9.162935 7607.663827 1.911111 1.298310 1000.000000 2.083333 -0.823444 100.000000 0.474866 -400575.793762 1.538267 0.052907 10.581395 0.076945 0.296026 59.205133
 18.650000 1.916227 2.260822 0.344595 1.588195 341.192554 1.911111 1.298310 1000.000000 2.083333 -0.823444 100.000000 0.474866 -400568.627457 1.463454 0.576124 115.224789 0.029929 0.044787 8.957365
 18.700000 1.844426 2.454178 0.609752 9.099762 5822.186265 1.911111 1.298310 1000.000000 2.083333 -0.823444 100.000000 0.474866 -400575.652091 1.541528 0.042831 8.566236 0.094382 0.445398 89.079541
 18.750000 1.889624 2.290812 0.401188 2.383218 892.162302 1.911111 1.298310 1000.000000 2.083333 -0.823444 100.000000 0.474866 -400570.562832 1.563122 0.002945 0.588917 0.073052 0.266831 53.366188
 18.800000 1.843953 2.402441 0.558488 7.346591 5528.508423 1.911111 1.298310 1000.000000 2.083333 -0.823444 100.000000 0.474866 -400574.793989 1.577212 0.002058 0.411556 0.045196 0.102132 20.426350
 18.850000 1.869985 2.306108 0.436123 3.327104 2187.649864 1.911111 1.298310 1000.000000 2.083333 -0.823444 100.000000 0.474866 -400571.764245 1.515000 0.155659 31.131854 0.096919 0.469662 93.932442
 18.900000 1.849189 2.435962 0.586773 8.134543 5077.875246 1.911111 1.298310 1000.000000 2.083333 -0.823444 100.000000 0.474866 -400576.936726 1.533655 0.068974 13.794876 0.072708 0.264326 52.865244
 18.950000 1.877588 2.293504 0.415916 2.770490 1565.543601 1.911111 1.298310 1000.000000 2.083333 -0.823444 100.000000 0.474866 -400572.058511 1.546629 0.029202 5.840441 0.060911 0.185508 37.101620
 19.000000 1.897290 2.345407 0.448117 3.529645 877.861890 1.911111 1.298310 1000.000000 2.083333 -0.823444 100.000000 0.474866 -400572.360858 1.553072 0.015708 3.141654 0.086970 0.378187 75.637489
 19.050000 1.878565 2.352467 0.473903 4.151289 1783.593128 1.911111 1.298310 1000.000000 2.083333 -0.823444 100.000000 0.474866 -400572.888548 1.474591 0.462778 92.555583 0.046495 0.108091 21.618161
 19.100000 1.936649 2.332421 0.395772 3.428326 1272.634778 1.911111 1.298310 1000.000000 2.083333 -0.823444 100.000000 0.474866 -400569.623743 1.560066 0.005756 1.151300 0.101917 0.519358 103.871565
 19.150000 1.872606 2.280547 0.407942 2.685995 1871.583443 1.911111 1.298310 1000.000000 2.083333 -0.823444 100.000000 0.474866 -400571.648716 1.563184 0.002897 0.579497 0.046380 0.107555 21.511009
 19.200000 1.879543 2.435414 0.555870 6.696293 2236.131942 1.911111 1.298310 1000.000000 2.083333 -0.823444 100.000000 0.474866 -400573.177588 1.512390 0.170566 34.113177 0.082984 0.344316 68.863166
 19.250000 1.825408 2.299074 0.473666 5.999741 7810.532256 1.911111 1.298310 1000.000000 2.083333 -0.823444 100.000000 0.474866 -400572.118236 1.529437 0.085530 17.105982 0.089183 0.397679 79.535808
 19.300000 1.875137 2.428381 0.553244 6.599976 2484.725753 1.911111 1.298310 1000.000000 2.083333 -0.823444 100.000000 0.474866 -400572.430261 1.575817 0.001260 0.252100 0.044863 0.100634 20.126837
 19.350000 1.818183 2.297813 0.479630 6.617889 9095.643329 1.911111 1.298310 1000.000000 2.083333 -0.823444 100.000000 0.474866 -400575.315238 1.583389 0.007929 1.585794 0.074926 0.280692 56.138435
 19.400000 1.887992 2.381270 0.493278 4.705556 1422.148896 1.911111 1.298310 1000.000000 2.083333 -0.823444 100.000000 0.474866 -400571.898811 1.554829 0.012748 2.549581 0.067538 0.228068 45.613630
 19.450000 1.857367 2.357717 0.500350 5.208533 3641.298929 1.911111 1.298310 1000.000000 2.083333 -0.823444 100.000000 0.474866 -400573.683925 1.501578 0.239559 47.911802 0.062922 0.197962 39.592340
 19.500000 1.942499 2.270895 0.328396 2.251584 1337.008861 1.911111 1.298310 1000.000000 2.083333 -0.823444 100.000000 0.474866 -400569.266455 1.487999 0.342769 68.553784 0.105454 0.556028 111.205625
 19.550000 1.894272 2.424045 0.529774 5.946019 1444.414261 1.911111 1.298310 1000.000000 2.083333 -0.823444 100.000000 0.474866 -400572.607806 1.523566 0.111534 22.306790 0.036810 0.067750 13.550007
 19.600000 1.910709 2.231206 0.320497 1.093396 218.824896 1.911111 1.298310 1000.000000 2.083333 -0.823444 100.000000 0.474866 -400570.171670 1.482505 0.389770 77.953914 0.087516 0.382951 76.590225
 19.650000 1.880718 2.442112 0.561394 6.897975 2210.955417 1.911111 1.298310 1000.000000 2.083333 -0.823444 100.000000 0.474866 -400574.970568 1.527933 0.091864 18.372761 0.078263 0.306254 61.250715
 19.700000 1.862278 2.283431 0.421152 3.194268 2785.027164 1.911111 1.298310 1000.000000 2.083333 -0.823444 100.000000 0.474866 -400573.385859 1.584157 0.008925 1.784949 0.060583 0.183515 36.703018
 19.750000 1.881725 2.407376 0.525651 5.681966 1913.576614 1.911111 1.298310 1000.000000 2.083333 -0.823444 100.000000 0.474866 -400572.516724 1.558389 0.007697 1.539306 0.095835 0.459216 91.843116
 19.800000 1.837433 2.316123 0.478690 5.423773 5970.351257 1.911111 1.298310 1000.000000 2.083333 -0.823444 100.000000 0.474866 -400574.093376 1.495055 0.286838 57.367532 0.045287 0.102547 20.509422
 19.850000 1.893889 2.433386 0.539498 6.275157 1521.980423 1.911111 1.298310 1000.000000 2.083333 -0.823444 100.000000 0.474866 -400572.893105 1.570533 0.000003 0.000692 0.128443 0.824887 164.977313
 19.900000 1.849330 2.294907 0.445577 4.146633 4264.542942 1.911111 1.298310 1000.000000 2.083333 -0.823444 100.000000 0.474866 -400571.453706 1.579424 0.003722 0.744351 0.078643 0.309238 61.847526
 19.950000 1.922246 2.336603 0.414357 3.269284 765.453773 1.911111 1.298310 1000.000000 2.083333 -0.823444 100.000000 0.474866 -400571.291075 1.498893 0.258507 51.701457 0.037203 0.069202 13.840356
 20.000000 1.882383 2.354386 0.472003 4.086120 1559.992230 1.911111 1.298310 1000.000000 2.083333 -0.823444 100.000000 0.474866 -400571.583037 1.557626 0.008673 1.734580 0.118760 0.705198 141.039628
 20.050000 1.912867 2.311584 0.398716 2.606451 524.066045 1.911111 1.298310 1000.000000 2.083333 -0.823444 100.000000 0.474866 -400571.234602 1.537815 0.054389 10.877879 0.048800 0.119070 23.813994
 20.100000 1.862928 2.376449 0.513521 5.456636 3180.746713 1.911111 1.298310 1000.000000 2.083333 -0.823444 100.000000 0.474866 -400574.969378 1.506262 0.208233 41.646598 0.060994 0.186012 37.202326
 20.150000 1.893038 2.277187 0.384148 2.042271 702.419668 1.911111 1.298310 1000.000000 2.083333 -0.823444 100.000000 0.474866 -400570.885899 1.632354 0.189468 37.893584 0.114210 0.652194 130.438766
 20.200000 1.819268 2.439309 0.620041 10.553537 9702.381573 1.911111 1.298310 1000.000000 2.083333 -0.823444 100.000000 0.474866 -400577.585346 1.581337 0.005556 1.111148 0.042332 0.089602 17.920369
 20.250000 1.871125 2.266718 0.395592 2.480920 1935.156253 1.911111 1.298310 1000.000000 2.083333 -0.823444 100.000000 0.474866 -400569.072469 1.530263 0.082149 16.429792 0.114020 0.650026 130.005137
 20.300000 1.829523 2.453884 0.624361 10.193671 8029.631797 1.911111 1.298310 1000.000000 2.083333 -0.823444 100.000000 0.474866 -400578.472621 1.652381 0.332803 66.560583 0.061596 0.189702 37.940433
 20.350000 1.897688 2.248248 0.350560 1.449931 452.149739 1.911111 1.298310 1000.000000 2.083333 -0.823444 100.000000 0.474866 -400568.133429 1.540578 0.045657 9.131392 0.042133 0.088761 17.752177
 20.400000 1.859308 2.409133 0.549826 6.649077 3745.052588 1.911111 1.298310 1000.000000 2.083333 -0.823444 100.000000 0.474866 -400575.100976 1.562613 0.003348 0.669693 0.125993 0.793711 158.742261
 20.450000 1.926041 2.272988 0.346947 1.909909 582.602976 1.911111 1.298310 1000.000000 2.083333 -0.823444 100.000000 0.474866 -400568.683926 1.618023 0.111517 22.303354 0.088400 0.390731 78.146281
 20.500000 1.851180 2.390428 0.539248 6.511216 4534.811041 1.911111 1.298310 1000.000000 2.083333 -0.823444 100.000000 0.474866 -400573.989009 1.503913 0.223671 44.734201 0.070343 0.247408 49.481631
 20.550000 1.896408 2.313719 0.417311 2.761970 746.946433 1.911111 1.298310 1000.000000 2.083333 -0.823444 100.000000 0.474866 -400571.765314 1.582927 0.007358 1.471561 0.113927 0.648966 129.793124
 20.600000 1.891571 2.335377 0.443806 3.367206 1017.088578 1.911111 1.298310 1000.000000 2.083333 -0.823444 100.000000 0.474866 -400570.550828 1.592677 0.023939 4.787854 0.120082 0.720990 144.197982
 20.650000 1.901950 2.353752 0.451801 3.698268 815.181290 1.911111 1.298310 1000.000000 2.083333 -0.823444 100.000000 0.474866 -400569.419620 1.510159 0.183845 36.769071 0.135662 0.920209 184.041704
 20.700000 1.915297 2.253910 0.338613 1.463580 308.488105 1.911111 1.298310 1000.000000 2.083333 -0.823444 100.000000 0.474866 -400569.059440 1.547546 0.027028 5.405629 0.086042 0.370160 74.032060
 20.750000 1.896408 2.457850 0.561443 7.121249 1618.817716 1.911111 1.298310 1000.000000 2.083333 -0.823444 100.000000 0.474866 -400575.146774 1.553850 0.014359 2.871740 0.099031 0.490354 98.070830
 20.800000 1.881557 2.260538 0.378981 2.006785 1187.439970 1.911111 1.298310 1000.000000 2.083333 -0.823444 100.000000 0.474866 -400566.988379 1.445957 0.779248 155.849679 0.131142 0.859915 171.983016
 20.850000 1.872913 2.441228 0.568315 7.133986 2739.966518 1.911111 1.298310 1000.000000 2.083333 -0.823444 100.000000 0.474866 -400574.510940 1.564147 0.002211 0.442155 0.127205 0.809055 161.811041
 20.900000 1.846142 2.347838 0.501696 5.608603 4920.554040 1.911111 1.298310 1000.000000 2.083333 -0.823444 100.000000 0.474866 -400572.972815 1.577417 0.002192 0.438325 0.088451 0.391177 78.235351
 20.950000 1.829294 2.377650 0.548357 7.678155 7560.280057 1.911111 1.298310 1000.000000 2.083333 -0.823444 100.000000 0.474866 -400574.265907 1.565375 0.001469 0.293888 0.035286 0.062255 12.451095
 21.000000 1.862062 2.343738 0.481677 4.593460 3083.945388 1.911111 1.298310 1000.000000 2.083333 -0.823444 100.000000 0.474866 -400571.058409 1.592039 0.022562 4.512402 0.138098 0.953557 190.711393
 21.050000 1.850285 2.419177 0.568892 7.489461 4827.733475 1.911111 1.298310 1000.000000 2.083333 -0.823444 100.000000 0.474866 -400573.388013 1.564604 0.001917 0.383479 0.070921 0.251489 50.297845
 21.100000 1.852183 2.363750 0.511567 5.667955 4258.906967 1.911111 1.298310 1000.000000 2.083333 -0.823444 100.000000 0.474866 -400573.968151 1.501190 0.242251 48.450227 0.077302 0.298779 59.755728
 21.150000 1.882746 2.315396 0.432650 3.094952 1343.109335 1.911111 1.298310 1000.000000 2.083333 -0.823444 100.000000 0.474866 -400570.435547 1.541571 0.042706 8.541108 0.106397 0.566020 113.203905
 21.200000 1.909393 2.381375 0.471982 4.442916 891.239496 1.911111 1.298310 1000.000000 2.083333 -0.823444 100.000000 0.474866 -400572.653986 1.639671 0.237186 47.437108 0.014606 0.010667 2.133387
 21.250000 1.870546 2.276033 0.405487 2.679428 2016.857675 1.911111 1.298310 1000.000000 2.083333 -0.823444 100.000000 0.474866 -400569.185875 1.488140 0.341605 68.320907 0.134720 0.907470 181.493911
 21.300000 1.910797 2.368358 0.457561 4.061989 812.486828 1.911111 1.298310 1000.000000 2.083333 -0.823444 100.000000 0.474866 -400570.768148 1.544729 0.033976 6.795111 0.070023 0.245158 49.031607
 21.350000 1.868824 2.346727 0.477903 4.362907 2481.975269 1.911111 1.298310 1000.000000 2.083333 -0.823444 100.000000 0.474866 -400571.759846 1.612779 0.088127 17.625371 0.084337 0.355638 71.127658
 21.400000 1.887923 2.327409 0.439485 3.247473 1133.398728 1.911111 1.298310 1000.000000 2.083333 -0.823444 100.000000 0.474866 -400570.517669 1.504923 0.216965 43.393067 0.133465 0.890651 178.130271
 21.450000 1.901802 2.334639 0.432837 3.201061 718.211603 1.911111 1.298310 1000.000000 2.083333 -0.823444 100.000000 0.474866 -400571.830812 1.529767 0.084170 16.833999 0.014455 0.010447 2.089428
 21.500000 1.908424 2.362100 0.453676 3.889156 784.331378 1.911111 1.298310 1000.000000 2.083333 -0.823444 100.000000 0.474866 -400571.823563 1.516956 0.144939 28.987841 0.099699 0.496997 99.399356
 21.550000 1.889000 2.317081 0.428081 2.976342 1035.261283 1.911111 1.298310 1000.000000 2.083333 -0.823444 100.000000 0.474866 -400573.086623 1.528240 0.090551 18.110102 0.082238 0.338151 67.630230
 21.600000 1.919671 2.314132 0.394461 2.700048 605.959396 1.911111 1.298310 1000.000000 2.083333 -0.823444 100.000000 0.474866 -400568.450090 1.525314 0.103433 20.686699 0.052600 0.138338 27.667657
 21.650000 1.876270 2.376589 0.500319 4.906897 2073.913896 1.911111 1.298310 1000.000000 2.083333 -0.823444 100.000000 0.474866 -400572.722164 1.589100 0.016750 3.350085 0.130704 0.854175 170.835085
 21.700000 1.869472 2.328933 0.459461 3.882868 2336.990366 1.911111 1.298310 1000.000000 2.083333 -0.823444 100.000000 0.474866 -400572.130031 1.542439 0.040207 8.041391 0.063252 0.200042 40.008412
 21.750000 1.863726 2.340992 0.477266 4.442092 2909.266027 1.911111 1.298310 1000.000000 2.083333 -0.823444 100.000000 0.474866 -400574.239246 1.569483 0.000086 0.017254 0.046817 0.109590 21.917953
 21.800000 1.851589 2.371409 0.519820 5.920810 4372.728956 1.911111 1.298310 1000.000000 2.083333 -0.823444 100.000000 0.474866 -400574.896778 1.598633 0.038743 7.748530 0.112515 0.632980 126.595914
 21.850000 1.863919 2.359021 0.495101 4.913708 2987.095677 1.911111 1.298310 1000.000000 2.083333 -0.823444 100.000000 0.474866 -400571.246642 1.514586 0.157980 31.596045 0.027993 0.039180 7.836099
 21.900000 1.874602 2.333092 0.458490 3.785427 1956.697417 1.911111 1.298310 1000.000000 2.083333 -0.823444 100.000000 0.474866 -400573.066586 1.530761 0.080143 16.028585 0.071223 0.253638 50.727658
 21.950000 1.883510 2.356149 0.472638 4.102313 1506.089700 1.911111 1.298310 1000.000000 2.083333 -0.823444 100.000000 0.474866 -400569.815526 1.615781 0.101183 20.236657 0.096571 0.466295 93.258913
 22.000000 1.922612 2.293921 0.371309 2.283486 575.738904 1.911111 1.298310 1000.000000 2.083333 -0.823444 100.000000 0.474866 -400565.802579 1.518486 0.136818 27.363677 0.048315 0.116717 23.343480
 22.050000 1.886090 2.327008 0.440918 3.281896 1219.848609 1.911111 1.298310 1000.000000 2.083333 -0.823444 100.000000 0.474866 -400568.859459 1.536552 0.058634 11.726794 0.116474 0.678311 135.662178
 22.100000 1.894182 2.312743 0.418561 2.774728 812.868260 1.911111 1.298310 1000.000000 2.083333 -0.823444 100.000000 0.474866 -400569.969231 1.611844 0.084246 16.849239 0.067489 0.227738 45.547563
 22.150000 1.856176 2.386011 0.529835 6.089623 3934.018127 1.911111 1.298310 1000.000000 2.083333 -0.823444 100.000000 0.474866 -400574.308128 1.543554 0.037108 7.421545 0.035866 0.064319 12.863873
 22.200000 1.873505 2.270265 0.396760 2.454289 1763.661358 1.911111 1.298310 1000.000000 2.083333 -0.823444 100.000000 0.474866 -400569.939563 1.576366 0.001551 0.310247 0.109519 0.599724 119.944738
 22.250000 1.853853 2.451817 0.597964 8.428240 4636.244807 1.911111 1.298310 1000.000000 2.083333 -0.823444 100.000000 0.474866 -400573.445683 1.630811 0.180087 36.017376 0.033970 0.057698 11.539529
 22.300000 1.905209 2.220659 0.315451 0.960339 223.424037 1.911111 1.298310 1000.000000 2.083333 -0.823444 100.000000 0.474866 -400567.919664 1.514355 0.159280 31.856005 0.074131 0.274773 54.954532
 22.350000 1.859667 2.393468 0.533801 6.132413 3608.304786 1.911111 1.298310 1000.000000 2.083333 -0.823444 100.000000 0.474866 -400575.036145 1.584632 0.009571 1.914192 0.078051 0.304602 60.920350
 22.400000 1.910981 2.284240 0.373259 2.018176 403.650458 1.911111 1.298310 1000.000000 2.083333 -0.823444 100.000000 0.474866 -400568.948708 1.609142 0.073520 14.704002 0.032727 0.053551 10.710281
 22.450000 1.868312 2.371552 0.503240 5.069368 2662.453105 1.911111 1.298310 1000.000000 2.083333 -0.823444 100.000000 0.474866 -400570.024375 1.503874 0.223932 44.786484 0.103796 0.538684 107.736873
 22.500000 1.904403 2.291377 0.386974 2.186611 477.820728 1.911111 1.298310 1000.000000 2.083333 -0.823444 100.000000 0.474866 -400570.064150 1.584412 0.009269 1.853811 0.056311 0.158544 31.708740
 22.550000 1.849075 2.374877 0.525802 6.174142 4698.514874 1.911111 1.298310 1000.000000 2.083333 -0.823444 100.000000 0.474866 -400574.400117 1.594113 0.027183 5.436676 0.044952 0.101033 20.206555
 22.600000 1.878135 2.301066 0.422931 2.914100 1561.517621 1.911111 1.298310 1000.000000 2.083333 -0.823444 100.000000 0.474866 -400572.179644 1.520597 0.125999 25.199883 0.102856 0.528970 105.793923
 22.650000 1.878964 2.347981 0.469017 4.018651 1733.850076 1.911111 1.298310 1000.000000 2.083333 -0.823444 100.000000 0.474866 -400569.976337 1.602368 0.049838 9.967689 0.038180 0.072885 14.577091
 22.700000 1.857251 2.368717 0.511465 5.522621 3715.299539 1.911111 1.298310 1000.000000 2.083333 -0.823444 100.000000 0.474866 -400573.569500 1.592664 0.023909 4.781841 0.073499 0.270104 54.020788
 22.750000 1.859746 2.296110 0.436364 3.582897 3091.146951 1.911111 1.298310 1000.000000 2.083333 -0.823444 100.000000 0.474866 -400570.618756 1.508429 0.194483 38.896506 0.090690 0.411238 82.247510
 22.800000 1.879832 2.405038 0.525206 5.663896 2013.337408 1.911111 1.298310 1000.000000 2.083333 -0.823444 100.000000 0.474866 -400572.357924 1.609095 0.073340 14.668031 0.029119 0.042396 8.479262
 22.850000 1.901247 2.272876 0.371629 1.844973 456.560889 1.911111 1.298310 1000.000000 2.083333 -0.823444 100.000000 0.474866 -400570.729562 1.588634 0.015910 3.181914 0.084171 0.354240 70.848033
 22.900000 1.854541 2.419025 0.564484 7.234526 4327.048813 1.911111 1.298310 1000.000000 2.083333 -0.823444 100.000000 0.474866 -400573.879692 1.513335 0.165090 33.018075 0.076113 0.289661 57.932223
 22.950000 1.899824 2.237983 0.338158 1.259516 366.557022 1.911111 1.298310 1000.000000 2.083333 -0.823444 100.000000 0.474866 -400566.294017 1.604393 0.056436 11.287258 0.042769 0.091459 18.291884
 23.000000 1.866367 2.455526 0.589159 7.927401 3387.340708 1.911111 1.298310 1000.000000 2.083333 -0.823444 100.000000 0.474866 -400575.423700 1.587771 0.014406 2.881265 0.088343 0.390228 78.045596
 23.050000 1.868978 2.211552 0.342574 1.709608 1939.620778 1.911111 1.298310 1000.000000 2.083333 -0.823444 100.000000 0.474866 -400564.502377 1.543013 0.038595 7.718976 0.039012 0.076099 15.219710
 23.100000 1.865919 2.448225 0.582307 7.678482 3373.798911 1.911111 1.298310 1000.000000 2.083333 -0.823444 100.000000 0.474866 -400576.324181 1.614533 0.095643 19.128665 0.064538 0.208259 41.651856
 23.150000 1.879053 2.274785 0.395731 2.346530 1394.236170 1.911111 1.298310 1000.000000 2.083333 -0.823444 100.000000 0.474866 -400571.921706 1.567263 0.000624 0.124815 0.074064 0.274277 54.855427
 23.200000 1.861573 2.393667 0.532094 6.042371 3417.122723 1.911111 1.298310 1000.000000 2.083333 -0.823444 100.000000 0.474866 -400572.643513 1.544441 0.034730 6.946022 0.031810 0.050595 10.119053
 23.250000 1.900743 2.289420 0.388677 2.177330 532.218605 1.911111 1.298310 1000.000000 2.083333 -0.823444 100.000000 0.474866 -400569.624298 1.559960 0.005872 1.174362 0.091516 0.418756 83.751292
 23.300000 1.892288 2.372896 0.480608 4.369477 1192.782413 1.911111 1.298310 1000.000000 2.083333 -0.823444 100.000000 0.474866 -400571.695934 1.558653 0.007373 1.474628 0.087276 0.380856 76.171215
 23.350000 1.896404 2.309311 0.412907 2.661451 726.950242 1.911111 1.298310 1000.000000 2.083333 -0.823444 100.000000 0.474866 -400570.062586 1.485927 0.360144 72.028759 0.032561 0.053010 10.602039
 23.400000 1.860997 2.357137 0.496140 5.004143 3261.114657 1.911111 1.298310 1000.000000 2.083333 -0.823444 100.000000 0.474866 -400573.371952 1.527879 0.092096 18.419203 0.099395 0.493965 98.792905
 23.450000 1.907482 2.391917 0.484436 4.767795 965.414280 1.911111 1.298310 1000.000000 2.083333 -0.823444 100.000000 0.474866 -400571.473339 1.559273 0.006639 1.327801 0.073534 0.270363 54.072547
 23.500000 1.867604 2.285057 0.417453 2.981052 2299.775104 1.911111 1.298310 1000.000000 2.083333 -0.823444 100.000000 0.474866 -400571.748168 1.470735 0.500610 100.122077 0.050367 0.126843 25.368531
 23.550000 1.864756 2.440103 0.575347 7.438638 3421.660781 1.911111 1.298310 1000.000000 2.083333 -0.823444 100.000000 0.474866 -400574.877766 1.560279 0.005531 1.106182 0.100932 0.509361 101.872254
 23.600000 1.872715 2.299160 0.426445 3.066177 1940.061439 1.911111 1.298310 1000.000000 2.083333 -0.823444 100.000000 0.474866 -400571.302554 1.532292 0.074128 14.825517 0.040430 0.081730 16.345922
 23.650000 1.891792 2.392980 0.501188 4.980666 1332.045251 1.911111 1.298310 1000.000000 2.083333 -0.823444 100.000000 0.474866 -400573.552693 1.458544 0.630030 126.005946 0.065421 0.213993 42.798523
 23.700000 1.870124 2.310985 0.440861 3.431235 2198.186270 1.911111 1.298310 1000.000000 2.083333 -0.823444 100.000000 0.474866 -400570.000864 1.559576 0.006295 1.258908 0.105815 0.559839 111.967760
 23.750000 1.901423 2.390521 0.489097 4.765126 1037.495072 1.911111 1.298310 1000.000000 2.083333 -0.823444 100.000000 0.474866 -400572.827970 1.555626 0.011507 2.301485 0.055415 0.153541 30.708167
 23.800000 1.915033 2.253884 0.338851 1.462065 306.256474 1.911111 1.298310 1000.000000 2.083333 -0.823444 100.000000 0.474866 -400570.495482 1.477707 0.433283 86.656666 0.098413 0.484251 96.850250
 23.850000 1.896172 2.359017 0.462845 3.911666 983.186108 1.911111 1.298310 1000.000000 2.083333 -0.823444 100.000000 0.474866 -400572.840834 1.611736 0.083805 16.760951 0.070478 0.248356 49.671163
 23.900000 1.902397 2.332029 0.429631 3.130432 694.424731 1.911111 1.298310 1000.000000 2.083333 -0.823444 100.000000 0.474866 -400571.453563 1.550954 0.019687 3.937311 0.059597 0.177588 35.517689
 23.950000 1.871744 2.319663 0.447919 3.567456 2108.257067 1.911111 1.298310 1000.000000 2.083333 -0.823444 100.000000 0.474866 -400571.735181 1.487937 0.343284 68.656765 0.090833 0.412527 82.505476
 24.000000 1.875092 2.402055 0.526963 5.727850 2313.193070 1.911111 1.298310 1000.000000 2.083333 -0.823444 100.000000 0.474866 -400573.527550 1.600825 0.045086 9.017110 0.082970 0.344202 68.840391
 24.050000 1.874860 2.237257 0.362397 1.841706 1551.083875 1.911111 1.298310 1000.000000 2.083333 -0.823444 100.000000 0.474866 -400569.441917 1.579500 0.003787 0.757471 0.038382 0.073658 14.731693
 24.100000 1.867314 2.435037 0.567723 7.143883 3155.167792 1.911111 1.298310 1000.000000 2.083333 -0.823444 100.000000 0.474866 -400573.149142 1.486629 0.354207 70.841441 0.093204 0.434349 86.869707
 24.150000 1.886841 2.275858 0.389017 2.147811 959.686977 1.911111 1.298310 1000.000000 2.083333 -0.823444 100.000000 0.474866 -400568.779413 1.557281 0.009134 1.826733 0.056197 0.157904 31.580852
 24.200000 1.892169 2.447075 0.554906 6.794793 1681.880562 1.911111 1.298310 1000.000000 2.083333 -0.823444 100.000000 0.474866 -400574.557889 1.544079 0.035691 7.138101 0.077119 0.297370 59.473922
 24.250000 1.895365 2.181757 0.286392 0.608332 344.811296 1.911111 1.298310 1000.000000 2.083333 -0.823444 100.000000 0.474866 -400567.332457 1.468140 0.526913 105.382546 0.076803 0.294935 58.986942
 24.300000 1.897774 2.432710 0.534936 6.192140 1398.511025 1.911111 1.298310 1000.000000 2.083333 -0.823444 100.000000 0.474866 -400574.893909 1.634881 0.205343 41.068638 0.053352 0.142321 28.464271
 24.350000 1.863218 2.238848 0.375630 2.356131 2535.641517 1.911111 1.298310 1000.000000 2.083333 -0.823444 100.000000 0.474866 -400570.294422 1.505779 0.211363 42.272598 0.070447 0.248136 49.627296
 24.400000 1.881756 2.433310 0.551554 6.555041 2086.564415 1.911111 1.298310 1000.000000 2.083333 -0.823444 100.000000 0.474866 -400575.286160 1.481944 0.394734 78.946801 0.106489 0.566997 113.399455
 24.450000 1.870205 2.363541 0.493336 4.762483 2458.505401 1.911111 1.298310 1000.000000 2.083333 -0.823444 100.000000 0.474866 -400573.061575 1.615665 0.100661 20.132289 0.060956 0.185783 37.156559
 24.500000 1.883834 2.294330 0.410496 2.598011 1189.245197 1.911111 1.298310 1000.000000 2.083333 -0.823444 100.000000 0.474866 -400569.656697 1.521404 0.121979 24.395704 0.077256 0.298422 59.684301
 24.550000 1.897867 2.376251 0.478384 4.377748 1033.408018 1.911111 1.298310 1000.000000 2.083333 -0.823444 100.000000 0.474866 -400573.373458 1.468063 0.527704 105.540753 0.082047 0.336584 67.316856
 24.600000 1.909729 2.296823 0.387093 2.279836 457.685539 1.911111 1.298310 1000.000000 2.083333 -0.823444 100.000000 0.474866 -400568.641996 1.652535 0.334061 66.812170 0.066277 0.219631 43.926111
 24.650000 1.868692 2.386724 0.518032 5.501973 2719.807315 1.911111 1.298310 1000.000000 2.083333 -0.823444 100.000000 0.474866 -400573.525003 1.468090 0.527434 105.486852 0.092194 0.424983 84.996651
 24.700000 1.872825 2.333975 0.461150 3.873971 2094.040367 1.911111 1.298310 1000.000000 2.083333 -0.823444 100.000000 0.474866 -400572.471966 1.574657 0.000745 0.149020 0.092360 0.426516 85.303104
 24.750000 1.878126 2.357894 0.479767 4.313168 1841.827201 1.911111 1.298310 1000.000000 2.083333 -0.823444 100.000000 0.474866 -400570.955411 1.540990 0.044422 8.884354 0.035852 0.064268 12.853503
 24.800000 1.835692 2.441875 0.606183 9.271653 6973.604235 1.911111 1.298310 1000.000000 2.083333 -0.823444 100.000000 0.474866 -400574.920869 1.534855 0.064590 12.918003 0.124287 0.772359 154.471821
 24.850000 1.891965 2.265896 0.373931 1.849743 699.874621 1.911111 1.298310 1000.000000 2.083333 -0.823444 100.000000 0.474866 -400568.780308 1.569364 0.000103 0.020504 0.121475 0.737812 147.562386
 24.900000 1.880084 2.481177 0.601093 8.395334 2545.505841 1.911111 1.298310 1000.000000 2.083333 -0.823444 100.000000 0.474866 -400573.800493 1.597574 0.035854 7.170702 0.125000 0.781252 156.250352
 24.950000 1.861894 2.196475 0.334581 1.851210 2550.319452 1.911111 1.298310 1000.000000 2.083333 -0.823444 100.000000 0.474866 -400566.995758 1.552327 0.017057 3.411334 0.113762 0.647092 129.418327
 25.000000 1.876259 2.469165 0.592905 8.050621 2703.305100 1.911111 1.298310 1000.000000 2.083333 -0.823444 100.000000 0.474866 -400573.913511 1.581408 0.005630 1.126100 0.077659 0.301546 60.309223
 25.050000 1.846901 2.270242 0.423341 3.808207 4472.283694 1.911111 1.298310 1000.000000 2.083333 -0.823444 100.000000 0.474866 -400570.073953 1.577609 0.002321 0.464128 0.083081 0.345122 69.024380
 25.100000 1.871879 2.435808 0.563929 6.981504 2781.535241 1.911111 1.298310 1000.000000 2.083333 -0.823444 100.000000 0.474866 -400573.272926 1.604445 0.056610 11.322014 0.137426 0.944296 188.859242
 25.150000 1.875929 2.316908 0.440980 3.346771 1783.388530 1.911111 1.298310 1000.000000 2.083333 -0.823444 100.000000 0.474866 -400570.608128 1.556181 0.010681 2.136133 0.087096 0.379284 75.856807
 25.200000 1.876352 2.342622 0.466270 3.965632 1880.500193 1.911111 1.298310 1000.000000 2.083333 -0.823444 100.000000 0.474866 -400573.744285 1.554947 0.012559 2.511880 0.089194 0.397782 79.556467
 25.250000 1.882847 2.385839 0.502992 4.974919 1713.943117 1.911111 1.298310 1000.000000 2.083333 -0.823444 100.000000 0.474866 -400572.377129 1.574769 0.000789 0.157833 0.113167 0.640333 128.066620
 25.300000 1.854520 2.312089 0.457568 4.217706 3725.806377 1.911111 1.298310 1000.000000 2.083333 -0.823444 100.000000 0.474866 -400571.121887 1.573538 0.000376 0.075145 0.090297 0.407679 81.535797
 25.350000 1.874139 2.445619 0.571480 7.246013 2679.477367 1.911111 1.298310 1000.000000 2.083333 -0.823444 100.000000 0.474866 -400574.939737 1.597635 0.036015 7.203064 0.135181 0.913694 182.738740
 25.400000 1.874653 2.246650 0.371997 1.998210 1595.914373 1.911111 1.298310 1000.000000 2.083333 -0.823444 100.000000 0.474866 -400569.848694 1.533361 0.070069 14.013768 0.080121 0.320972 64.194475
 25.450000 1.859667 2.471645 0.611978 8.862539 4154.308855 1.911111 1.298310 1000.000000 2.083333 -0.823444 100.000000 0.474866 -400572.701094 1.563025 0.003020 0.603904 0.035659 0.063579 12.715761
 25.500000 1.880976 2.195352 0.314376 1.081474 1033.613210 1.911111 1.298310 1000.000000 2.083333 -0.823444 100.000000 0.474866 -400567.421671 1.577640 0.002342 0.468311 0.146305 1.070252 214.050369
 25.550000 1.892065 2.471827 0.579763 7.727764 1872.047054 1.911111 1.298310 1000.000000 2.083333 -0.823444 100.000000 0.474866 -400573.356289 1.550804 0.019985 3.996979 0.048026 0.115326 23.065154
 25.600000 1.908413 2.227277 0.318864 1.039631 214.478430 1.911111 1.298310 1000.000000 2.083333 -0.823444 100.000000 0.474866 -400568.779770 1.437133 0.893292 178.658377 0.059187 0.175156 35.031157
 25.650000 1.879782 2.407065 0.527283 5.730861 2029.534504 1.911111 1.298310 1000.000000 2.083333 -0.823444 100.000000 0.474866 -400574.631381 1.572073 0.000082 0.016309 0.114049 0.650354 130.070862
 25.700000 1.890368 2.332125 0.441758 3.310019 1049.271023 1.911111 1.298310 1000.000000 2.083333 -0.823444 100.000000 0.474866 -400569.942839 1.582738 0.007131 1.426101 0.047833 0.114400 22.879971
 25.750000 1.855164 2.313689 0.458525 4.218226 3660.696604 1.911111 1.298310 1000.000000 2.083333 -0.823444 100.000000 0.474866 -400570.537608 1.513290 0.165346 33.069291 0.094758 0.448952 89.790375
 25.800000 1.832635 2.441572 0.608937 9.495976 7441.810740 1.911111 1.298310 1000.000000 2.083333 -0.823444 100.000000 0.474866 -400577.118034 1.594115 0.027188 5.437683 0.082217 0.337980 67.595912
 25.850000 1.878381 2.302812 0.424431 2.944184 1552.995960 1.911111 1.298310 1000.000000 2.083333 -0.823444 100.000000 0.474866 -400569.797329 1.521769 0.120182 24.036356 0.048810 0.119120 23.823946
 25.900000 1.837712 2.448287 0.610575 9.353275 6719.350351 1.911111 1.298310 1000.000000 2.083333 -0.823444 100.000000 0.474866 -400574.978817 1.507957 0.197437 39.487334 0.108529 0.588926 117.785210
 25.950000 1.922983 2.214000 0.291017 0.924156 311.676425 1.911111 1.298310 1000.000000 2.083333 -0.823444 100.000000 0.474866 -400565.952999 1.619814 0.120136 24.027224 0.043490 0.094571 18.914182
 26.000000 1.861394 2.458118 0.596724 8.259068 3876.418348 1.911111 1.298310 1000.000000 2.083333 -0.823444 100.000000 0.474866 -400576.665683 1.540978 0.044458 8.891553 0.075128 0.282209 56.441747
 26.050000 1.896983 2.254122 0.357139 1.558244 491.287229 1.911111 1.298310 1000.000000 2.083333 -0.823444 100.000000 0.474866 -400567.457185 1.477959 0.430937 86.187373 0.139967 0.979533 195.906640
 26.100000 1.862755 2.450480 0.587725 7.908984 3686.250157 1.911111 1.298310 1000.000000 2.083333 -0.823444 100.000000 0.474866 -400573.421037 1.640056 0.239846 47.969165 0.020051 0.020103 4.020602
 26.150000 1.881910 2.234778 0.352868 1.573133 1082.068334 1.911111 1.298310 1000.000000 2.083333 -0.823444 100.000000 0.474866 -400569.501173 1.502258 0.234873 46.974553 0.086754 0.376312 75.262346
 26.200000 1.863531 2.428135 0.564605 7.076367 3452.770824 1.911111 1.298310 1000.000000 2.083333 -0.823444 100.000000 0.474866 -400574.741199 1.500175 0.249367 49.873379 0.080987 0.327946 65.589297
 26.250000 1.906925 2.293931 0.387006 2.226330 461.040265 1.911111 1.298310 1000.000000 2.083333 -0.823444 100.000000 0.474866 -400569.496972 1.550950 0.019695 3.938925 0.027436 0.037637 7.527306
 26.300000 1.909472 2.377753 0.468281 4.335494 869.515649 1.911111 1.298310 1000.000000 2.083333 -0.823444 100.000000 0.474866 -400570.454136 1.485958 0.359880 71.975903 0.128832 0.829888 165.977529
 26.350000 1.891731 2.319217 0.427485 2.969833 931.984701 1.911111 1.298310 1000.000000 2.083333 -0.823444 100.000000 0.474866 -400570.591666 1.527936 0.091851 18.370145 0.059835 0.179011 35.802282
 26.400000 1.882165 2.361045 0.478880 4.275127 1609.114580 1.911111 1.298310 1000.000000 2.083333 -0.823444 100.000000 0.474866 -400572.384680 1.582810 0.007216 1.443263 0.076981 0.296306 59.261178
 26.450000 1.839934 2.353986 0.514052 6.195730 5798.718448 1.911111 1.298310 1000.000000 2.083333 -0.823444 100.000000 0.474866 -400571.909319 1.549977 0.021671 4.334276 0.098958 0.489632 97.926338
 26.500000 1.815946 2.394125 0.578178 9.357734 10022.248589 1.911111 1.298310 1000.000000 2.083333 -0.823444 100.000000 0.474866 -400572.506861 1.549931 0.021769 4.353759 0.057126 0.163172 32.634303
 26.550000 1.825593 2.410008 0.584414 8.992437 8380.427233 1.911111 1.298310 1000.000000 2.083333 -0.823444 100.000000 0.474866 -400571.726059 1.530839 0.079830 15.965937 0.095218 0.453320 90.664036
 26.600000 1.868165 2.297515 0.429350 3.215885 2303.123074 1.911111 1.298310 1000.000000 2.083333 -0.823444 100.000000 0.474866 -400569.777378 1.568628 0.000235 0.047031 0.098870 0.488764 97.752739
 26.650000 1.874554 2.415719 0.541165 6.192208 2441.191405 1.911111 1.298310 1000.000000 2.083333 -0.823444 100.000000 0.474866 -400571.254961 1.553287 0.015329 3.065740 0.034990 0.061215 12.243079
 26.700000 1.893300 2.309449 0.416150 2.715044 828.530331 1.911111 1.298310 1000.000000 2.083333 -0.823444 100.000000 0.474866 -400569.372293 1.516381 0.148054 29.610719 0.090195 0.406760 81.352023
 26.750000 1.868798 2.330725 0.461927 3.955338 2402.435548 1.911111 1.298310 1000.000000 2.083333 -0.823444 100.000000 0.474866 -400570.106935 1.571487 0.000024 0.004764 0.054699 0.149599 29.919857
 26.800000 1.866589 2.387444 0.520855 5.615266 2907.044115 1.911111 1.298310 1000.000000 2.083333 -0.823444 100.000000 0.474866 -400572.908069 1.534120 0.067256 13.451205 0.063868 0.203957 40.791442
 26.850000 1.886635 2.348312 0.461677 3.810229 1301.204997 1.911111 1.298310 1000.000000 2.083333 -0.823444 100.000000 0.474866 -400568.410951 1.479610 0.415749 83.149716 0.112750 0.635631 127.126128
 26.900000 1.874145 2.330312 0.456167 3.733161 1976.450906 1.911111 1.298310 1000.000000 2.083333 -0.823444 100.000000 0.474866 -400569.946653 1.601112 0.045953 9.190671 0.028910 0.041790 8.358082
 26.950000 1.857077 2.378334 0.521257 5.811114 3789.936992 1.911111 1.298310 1000.000000 2.083333 -0.823444 100.000000 0.474866 -400573.726426 1.532843 0.072024 14.404891 0.075100 0.282004 56.400773
 27.000000 1.851549 2.363972 0.512422 5.711690 4335.170410 1.911111 1.298310 1000.000000 2.083333 -0.823444 100.000000 0.474866 -400571.654817 1.520538 0.126297 25.259459 0.087138 0.379656 75.931118
 27.050000 1.849158 2.335131 0.485973 5.089208 4472.228013 1.911111 1.298310 1000.000000 2.083333 -0.823444 100.000000 0.474866 -400571.790414 1.614628 0.096061 19.212182 0.026014 0.033837 6.767441
 27.100000 1.839839 2.406957 0.567118 7.776448 6126.976216 1.911111 1.298310 1000.000000 2.083333 -0.823444 100.000000 0.474866 -400574.352573 1.511507 0.175762 35.152344 0.109290 0.597210 119.442050
 27.150000 1.855098 2.372722 0.517625 5.756061 3974.974840 1.911111 1.298310 1000.000000 2.083333 -0.823444 100.000000 0.474866 -400573.332043 1.546840 0.028695 5.738970 0.074659 0.278699 55.739823
 27.200000 1.877150 2.303302 0.426152 2.995994 1637.229778 1.911111 1.298310 1000.000000 2.083333 -0.823444 100.000000 0.474866 -400570.273078 1.592218 0.022945 4.588972 0.052563 0.138142 27.628394
 27.250000 1.855488 2.391001 0.535513 6.279955 4040.567038 1.911111 1.298310 1000.000000 2.083333 -0.823444 100.000000 0.474866 -400573.454098 1.477500 0.435213 87.042556 0.090582 0.410254 82.050783
 27.300000 1.903052 2.313597 0.410544 2.683534 595.157706 1.911111 1.298310 1000.000000 2.083333 -0.823444 100.000000 0.474866 -400569.367518 1.572495 0.000144 0.028845 0.059867 0.179202 35.840447
 27.350000 1.892639 2.345428 0.452789 3.605296 1028.154685 1.911111 1.298310 1000.000000 2.083333 -0.823444 100.000000 0.474866 -400570.058638 1.530682 0.080459 16.091770 0.078519 0.308260 61.651916
 27.400000 1.901681 2.359876 0.458195 3.868267 853.688109 1.911111 1.298310 1000.000000 2.083333 -0.823444 100.000000 0.474866 -400572.044261 1.487858 0.343935 68.787008 0.094012 0.441917 88.383475
 27.450000 1.888774 2.287661 0.398886 2.336951 916.435770 1.911111 1.298310 1000.000000 2.083333 -0.823444 100.000000 0.474866 -400569.581252 1.573674 0.000414 0.082814 0.045650 0.104196 20.839216
 27.500000 1.881003 2.386167 0.505165 5.038679 1823.603348 1.911111 1.298310 1000.000000 2.083333 -0.823444 100.000000 0.474866 -400570.106949 1.524315 0.108027 21.605301 0.103707 0.537759 107.551755
 27.550000 1.864465 2.350262 0.485797 4.650463 2888.335868 1.911111 1.298310 1000.000000 2.083333 -0.823444 100.000000 0.474866 -400571.562401 1.532520 0.073255 14.650997 0.096417 0.464814 92.962729
 27.600000 1.853271 2.385247 0.531976 6.230349 4257.007980 1.911111 1.298310 1000.000000 2.083333 -0.823444 100.000000 0.474866 -400570.113340 1.542991 0.038658 7.731538 0.047600 0.113287 22.657368
 27.650000 1.880353 2.310300 0.429948 3.048743 1461.224587 1.911111 1.298310 1000.000000 2.083333 -0.823444 100.000000 0.474866 -400567.208024 1.563813 0.002438 0.487654 0.097953 0.479737 95.947355
 27.700000 1.873971 2.391688 0.517717 5.443818 2330.222237 1.911111 1.298310 1000.000000 2.083333 -0.823444 100.000000 0.474866 -400570.145947 1.556198 0.010656 2.131202 0.046179 0.106624 21.324725
 27.750000 1.893416 2.369328 0.475912 4.246214 1131.047072 1.911111 1.298310 1000.000000 2.083333 -0.823444 100.000000 0.474866 -400571.716432 1.485441 0.364279 72.855739 0.084585 0.357733 71.546573
 27.800000 1.910925 2.245540 0.334615 1.315560 263.143192 1.911111 1.298310 1000.000000 2.083333 -0.823444 100.000000 0.474866 -400567.961324 1.516391 0.147999 29.599708 0.100111 0.501112 100.222330
 27.850000 1.899257 2.408761 0.509504 5.365428 1199.556593 1.911111 1.298310 1000.000000 2.083333 -0.823444 100.000000 0.474866 -400567.882662 1.608987 0.072927 14.585459 0.073131 0.267410 53.482056
 27.900000 1.868819 2.298715 0.429896 3.213771 2252.504769 1.911111 1.298310 1000.000000 2.083333 -0.823444 100.000000 0.474866 -400570.089276 1.516127 0.149439 29.887809 0.098233 0.482488 96.497672
 27.950000 1.844049 2.418474 0.574425 7.864653 5620.578858 1.911111 1.298310 1000.000000 2.083333 -0.823444 100.000000 0.474866 -400572.951140 1.492685 0.305069 61.013867 0.062032 0.192395 38.479072
 28.000000 1.825723 2.340887 0.515164 6.962286 7954.541624 1.911111 1.298310 1000.000000 2.083333 -0.823444 100.000000 0.474866 -400572.070088 1.600024 0.042712 8.542388 0.060432 0.182604 36.520860
 28.050000 1.874823 2.441511 0.566688 7.072970 2599.748066 1.911111 1.298310 1000.000000 2.083333 -0.823444 100.000000 0.474866 -400573.214533 1.507490 0.200382 40.076317 0.123215 0.759102 151.820357
 28.100000 1.865261 2.288101 0.422840 3.147599 2521.526574 1.911111 1.298310 1000.000000 2.083333 -0.823444 100.000000 0.474866 -400568.031067 1.518308 0.137750 27.550011 0.068485 0.234507 46.901363
 28.150000 1.900719 2.397764 0.497046 4.997348 1096.671342 1.911111 1.298310 1000.000000 2.083333 -0.823444 100.000000 0.474866 -400572.088520 1.597415 0.035429 7.085750 0.098551 0.485619 97.123838
 28.200000 1.888915 2.267795 0.378880 1.947642 832.919343 1.911111 1.298310 1000.000000 2.083333 -0.823444 100.000000 0.474866 -400568.652873 1.557280 0.009135 1.826956 0.058453 0.170837 34.167400
 28.250000 1.892685 2.358762 0.466077 3.962799 1098.116221 1.911111 1.298310 1000.000000 2.083333 -0.823444 100.000000 0.474866 -400571.606706 1.537032 0.057001 11.400256 0.058578 0.171570 34.313984
 28.300000 1.890262 2.323778 0.433516 3.108028 1012.813128 1.911111 1.298310 1000.000000 2.083333 -0.823444 100.000000 0.474866 -400570.814940 1.588990 0.016550 3.310002 0.106536 0.567495 113.498957
 28.350000 1.892128 2.315122 0.422994 2.866484 897.627362 1.911111 1.298310 1000.000000 2.083333 -0.823444 100.000000 0.474866 -400568.541757 1.552012 0.017643 3.528686 0.077341 0.299080 59.815906
 28.400000 1.886747 2.386609 0.499861 4.895596 1513.364610 1.911111 1.298310 1000.000000 2.083333 -0.823444 100.000000 0.474866 -400570.177528 1.514203 0.160141 32.028118 0.090322 0.407904 81.580784
 28.450000 1.887451 2.245101 0.357650 1.588336 821.472687 1.911111 1.298310 1000.000000 2.083333 -0.823444 100.000000 0.474866 -400568.139169 1.562880 0.003133 0.626611 0.080352 0.322826 64.565165
 28.500000 1.880022 2.439122 0.559100 6.812536 2232.383078 1.911111 1.298310 1000.000000 2.083333 -0.823444 100.000000 0.474866 -400571.536841 1.587672 0.014240 2.847912 0.064099 0.205436 41.087297
 28.550000 1.867733 2.215159 0.347426 1.809723 2055.422691 1.911111 1.298310 1000.000000 2.083333 -0.823444 100.000000 0.474866 -400569.464413 1.502953 0.230133 46.026659 0.064485 0.207917 41.583461
 28.600000 1.857006 2.458773 0.601767 8.511413 4336.891376 1.911111 1.298310 1000.000000 2.083333 -0.823444 100.000000 0.474866 -400572.788597 1.603280 0.052760 10.552082 0.071667 0.256807 51.361328
 28.650000 1.852304 2.257097 0.404793 3.238819 3760.181680 1.911111 1.298310 1000.000000 2.083333 -0.823444 100.000000 0.474866 -400569.017813 1.619666 0.119411 23.882105 0.075059 0.281691 56.338272
 28.700000 1.882178 2.418216 0.536038 6.025884 1958.572881 1.911111 1.298310 1000.000000 2.083333 -0.823444 100.000000 0.474866 -400572.505700 1.500875 0.244449 48.889747 0.096676 0.467315 93.462906
 28.750000 1.878419 2.277456 0.399037 2.418558 1445.595176 1.911111 1.298310 1000.000000 2.083333 -0.823444 100.000000 0.474866 -400568.474846 1.538829 0.051096 10.219173 0.060287 0.181726 36.345274
 28.800000 1.899617 2.406724 0.507107 5.295137 1177.926856 1.911111 1.298310 1000.000000 2.083333 -0.823444 100.000000 0.474866 -400571.870011 1.540624 0.045519 9.103803 0.063409 0.201038 40.207633
 28.850000 1.888380 2.277773 0.389393 2.148697 894.789183 1.911111 1.298310 1000.000000 2.083333 -0.823444 100.000000 0.474866 -400568.089293 1.440882 0.843880 168.776074 0.088946 0.395567 79.113444
 28.900000 1.886942 2.378050 0.491108 4.634963 1452.719223 1.911111 1.298310 1000.000000 2.083333 -0.823444 100.000000 0.474866 -400571.051445 1.574354 0.000633 0.126550 0.061544 0.189384 37.876839
 28.950000 1.830476 2.406839 0.576362 8.483752 7548.499986 1.911111 1.298310 1000.000000 2.083333 -0.823444 100.000000 0.474866 -400573.984091 1.558142 0.008006 1.601295 0.084449 0.356581 71.316212
 29.000000 1.869968 2.287918 0.417950 2.939141 2111.342250 1.911111 1.298310 1000.000000 2.083333 -0.823444 100.000000 0.474866 -400567.921187 1.507193 0.202271 40.454271 0.065653 0.215515 43.103085
 29.050000 1.820571 2.493713 0.673142 12.519339 9881.675854 1.911111 1.298310 1000.000000 2.083333 -0.823444 100.000000 0.474866 -400577.766232 1.629650 0.173186 34.637286 0.052352 0.137036 27.407224
 29.100000 1.885286 2.205637 0.320351 1.081381 816.534589 1.911111 1.298310 1000.000000 2.083333 -0.823444 100.000000 0.474866 -400563.562128 1.579263 0.003584 0.716790 0.090916 0.413287 82.657376
 29.150000 1.877255 2.445686 0.568430 7.138073 2459.206968 1.911111 1.298310 1000.000000 2.083333 -0.823444 100.000000 0.474866 -400575.574426 1.531143 0.078620 15.724035 0.059064 0.174427 34.885440
 29.200000 1.900890 2.196477 0.295588 0.692317 232.493864 1.911111 1.298310 1000.000000 2.083333 -0.823444 100.000000 0.474866 -400564.884200 1.590041 0.018518 3.703526 0.067195 0.225757 45.151404
 29.250000 1.896890 2.450437 0.553547 6.839364 1549.890685 1.911111 1.298310 1000.000000 2.083333 -0.823444 100.000000 0.474866 -400572.645865 1.540825 0.044914 8.982762 0.088906 0.395215 79.043056
 29.300000 1.904508 2.220641 0.316132 0.964463 232.128035 1.911111 1.298310 1000.000000 2.083333 -0.823444 100.000000 0.474866 -400568.054461 1.453859 0.683715 136.742955 0.050827 0.129171 25.834159
 29.350000 1.880309 2.435937 0.555627 6.690829 2192.040496 1.911111 1.298310 1000.000000 2.083333 -0.823444 100.000000 0.474866 -400574.264852 1.558032 0.008146 1.629209 0.080443 0.323556 64.711288
 29.400000 1.868136 2.308005 0.439868 3.447271 2351.594706 1.911111 1.298310 1000.000000 2.083333 -0.823444 100.000000 0.474866 -400569.748666 1.591878 0.022222 4.444407 0.077995 0.304160 60.832044
 29.450000 1.841666 2.367277 0.525611 6.442484 5628.800900 1.911111 1.298310 1000.000000 2.083333 -0.823444 100.000000 0.474866 -400571.734431 1.527883 0.092079 18.415769 0.052631 0.138504 27.700708
 29.500000 1.866933 2.345820 0.478887 4.420816 2640.722279 1.911111 1.298310 1000.000000 2.083333 -0.823444 100.000000 0.474866 -400572.208193 1.619836 0.120243 24.048637 0.080950 0.327647 65.529369
 29.550000 1.873554 2.286509 0.412955 2.769301 1823.370234 1.911111 1.298310 1000.000000 2.083333 -0.823444 100.000000 0.474866 -400570.992441 1.592953 0.024545 4.909072 0.054099 0.146333 29.266519
 29.600000 1.860581 2.418955 0.558374 6.908739 3679.722718 1.911111 1.298310 1000.000000 2.083333 -0.823444 100.000000 0.474866 -400572.660580 1.524910 0.105280 21.055901 0.055306 0.152939 30.587870
 29.650000 1.905738 2.225400 0.319662 1.023578 230.702457 1.911111 1.298310 1000.000000 2.083333 -0.823444 100.000000 0.474866 -400569.967591 1.591154 0.020722 4.144353 0.080122 0.320979 64.195747
 29.700000 1.903594 2.445159 0.541565 6.574145 1365.691810 1.911111 1.298310 1000.000000 2.083333 -0.823444 100.000000 0.474866 -400573.659767 1.571127 0.000005 0.001094 0.052410 0.137340 27.467915
 29.750000 1.903068 2.181697 0.278629 0.516115 161.448637 1.911111 1.298310 1000.000000 2.083333 -0.823444 100.000000 0.474866 -400567.740307 1.508603 0.193403 38.680505 0.076158 0.290003 58.000652
 29.800000 1.929098 2.436034 0.506937 6.381653 1567.494031 1.911111 1.298310 1000.000000 2.083333 -0.823444 100.000000 0.474866 -400570.526250 1.573136 0.000274 0.054729 0.067241 0.226070 45.214087
 29.850000 1.902877 2.222578 0.319701 1.003349 261.689818 1.911111 1.298310 1000.000000 2.083333 -0.823444 100.000000 0.474866 -400568.780678 1.554362 0.013505 2.701007 0.070636 0.249470 49.894071
 29.900000 1.874626 2.434521 0.559895 6.832210 2564.464251 1.911111 1.298310 1000.000000 2.083333 -0.823444 100.000000 0.474866 -400574.357772 1.532183 0.074550 14.909936 0.098213 0.482291 96.458171
 29.950000 1.874500 2.263623 0.389123 2.295408 1665.437135 1.911111 1.298310 1000.000000 2.083333 -0.823444 100.000000 0.474866 -400566.583905 1.588571 0.015797 3.159436 0.032080 0.051456 10.291196
 30.000000 1.888805 2.416852 0.528047 5.810524 1609.906131 1.911111 1.298310 1000.000000 2.083333 -0.823444 100.000000 0.474866 -400572.081008 1.589008 0.016583 3.316530 0.089334 0.399026 79.805145
 30.050000 1.853501 2.258802 0.405301 3.198918 3626.806257 1.911111 1.298310 1000.000000 2.083333 -0.823444 100.000000 0.474866 -400570.630477 1.511460 0.176043 35.208586 0.060074 0.180446 36.089103
 30.100000 1.895591 2.386612 0.491020 4.719318 1160.646383 1.911111 1.298310 1000.000000 2.083333 -0.823444 100.000000 0.474866 -400568.260806 1.610659 0.079451 15.890191 0.070264 0.246852 49.370435
 30.150000 1.873853 2.358523 0.484671 4.480573 2145.496475 1.911111 1.298310 1000.000000 2.083333 -0.823444 100.000000 0.474866 -400569.316639 1.542262 0.040711 8.142266 0.115364 0.665448 133.089585
 30.200000 1.895897 2.275575 0.379678 1.963585 601.036147 1.911111 1.298310 1000.000000 2.083333 -0.823444 100.000000 0.474866 -400570.898578 1.467241 0.536187 107.237475 0.037747 0.071242 14.248359
 30.250000 1.852994 2.463197 0.610203 8.903593 4820.511597 1.911111 1.298310 1000.000000 2.083333 -0.823444 100.000000 0.474866 -400575.418258 1.549988 0.021649 4.329877 0.058391 0.170475 34.095051
 30.300000 1.897264 2.232589 0.335325 1.209730 414.514491 1.911111 1.298310 1000.000000 2.083333 -0.823444 100.000000 0.474866 -400567.687877 1.595256 0.029913 5.982536 0.110729 0.613045 122.608910
 30.350000 1.875030 2.449071 0.574041 7.339135 2639.520331 1.911111 1.298310 1000.000000 2.083333 -0.823444 100.000000 0.474866 -400571.378812 1.491486 0.314505 62.901089 0.003063 0.000469 0.093803
 30.400000 1.904030 2.241632 0.337602 1.277992 300.732624 1.911111 1.298310 1000.000000 2.083333 -0.823444 100.000000 0.474866 -400566.575656 1.529679 0.084533 16.906611 0.122580 0.751293 150.258680
 30.450000 1.875174 2.420528 0.545353 6.330726 2428.456937 1.911111 1.298310 1000.000000 2.083333 -0.823444 100.000000 0.474866 -400570.959045 1.575981 0.001344 0.268771 0.089077 0.396736 79.347245
 30.500000 1.923986 2.304383 0.380397 2.526020 654.385038 1.911111 1.298310 1000.000000 2.083333 -0.823444 100.000000 0.474866 -400566.646412 1.491993 0.310500 62.099980 0.065229 0.212742 42.548345
 30.550000 1.852757 2.367007 0.514250 5.726123 4209.877078 1.911111 1.298310 1000.000000 2.083333 -0.823444 100.000000 0.474866 -400572.926353 1.541729 0.042247 8.449383 0.134352 0.902519 180.503793
 30.600000 1.897164 2.363221 0.466057 4.014112 977.900625 1.911111 1.298310 1000.000000 2.083333 -0.823444 100.000000 0.474866 -400569.428131 1.585433 0.010712 2.142453 0.029612 0.043843 8.768661
 30.650000 1.906916 2.370204 0.463288 4.123544 840.545067 1.911111 1.298310 1000.000000 2.083333 -0.823444 100.000000 0.474866 -400567.814630 1.499575 0.253622 50.724409 0.117116 0.685813 137.162555
 30.700000 1.883959 2.318561 0.434601 3.135202 1290.534615 1.911111 1.298310 1000.000000 2.083333 -0.823444 100.000000 0.474866 -400570.347002 1.475015 0.458700 91.740051 0.119793 0.717522 143.504368
 30.750000 1.871843 2.430935 0.559092 6.812327 2750.240498 1.911111 1.298310 1000.000000 2.083333 -0.823444 100.000000 0.474866 -400570.894129 1.586382 0.012146 2.429131 0.087082 0.379166 75.833133
 30.800000 1.894656 2.348171 0.453515 3.642345 972.166136 1.911111 1.298310 1000.000000 2.083333 -0.823444 100.000000 0.474866 -400571.857085 1.504531 0.219558 43.911584 0.105046 0.551736 110.347164
 30.850000 1.862051 2.299543 0.437491 3.540759 2874.340405 1.911111 1.298310 1000.000000 2.083333 -0.823444 100.000000 0.474866 -400570.501868 1.535346 0.062838 12.567528 0.104188 0.542762 108.552369
 30.900000 1.896842 2.418265 0.521423 5.710778 1325.403453 1.911111 1.298310 1000.000000 2.083333 -0.823444 100.000000 0.474866 -400571.727141 1.638916 0.232018 46.403569 0.127768 0.816234 163.246891
 30.950000 1.888184 2.292241 0.404057 2.444946 962.059542 1.911111 1.298310 1000.000000 2.083333 -0.823444 100.000000 0.474866 -400567.215035 1.462749 0.583712 116.742418 0.077409 0.299610 59.921908
 31.000000 1.857839 2.391946 0.534107 6.181046 3790.338599 1.911111 1.298310 1000.000000 2.083333 -0.823444 100.000000 0.474866 -400572.645919 1.554739 0.012892 2.578494 0.052794 0.139359 27.871720
 31.050000 1.863919 2.297246 0.433327 3.401486 2684.711329 1.911111 1.298310 1000.000000 2.083333 -0.823444 100.000000 0.474866 -400570.088287 1.590581 0.019571 3.914235 0.091118 0.415127 83.025391
 31.100000 1.863923 2.438267 0.574344 7.412270 3486.522848 1.911111 1.298310 1000.000000 2.083333 -0.823444 100.000000 0.474866 -400575.360600 1.531733 0.076297 15.259391 0.076860 0.295374 59.074771
 31.150000 1.886077 2.268846 0.382769 2.034104 970.851301 1.911111 1.298310 1000.000000 2.083333 -0.823444 100.000000 0.474866 -400568.293680 1.460113 0.612540 122.508004 0.048320 0.116740 23.348048
 31.200000 1.866485 2.418814 0.552329 6.623103 3116.962657 1.911111 1.298310 1000.000000 2.083333 -0.823444 100.000000 0.474866 -400572.441057 1.570080 0.000026 0.005125 0.087651 0.384131 76.826148
 31.250000 1.896181 2.300253 0.404072 2.464168 693.460955 1.911111 1.298310 1000.000000 2.083333 -0.823444 100.000000 0.474866 -400569.595181 1.567019 0.000713 0.142699 0.084898 0.360379 72.075896
 31.300000 1.847473 2.356235 0.508762 5.748687 4794.598387 1.911111 1.298310 1000.000000 2.083333 -0.823444 100.000000 0.474866 -400571.571502 1.545985 0.030781 6.156203 0.044143 0.097431 19.486236
 31.350000 1.839032 2.396564 0.557532 7.503362 6176.511918 1.911111 1.298310 1000.000000 2.083333 -0.823444 100.000000 0.474866 -400574.254386 1.567995 0.000392 0.078446 0.095335 0.454436 90.887108
 31.400000 1.830268 2.379827 0.549558 7.663204 7414.663229 1.911111 1.298310 1000.000000 2.083333 -0.823444 100.000000 0.474866 -400569.485948 1.574383 0.000643 0.128668 0.050299 0.126497 25.299500
 31.450000 1.836538 2.401320 0.564782 7.836372 6572.342293 1.911111 1.298310 1000.000000 2.083333 -0.823444 100.000000 0.474866 -400574.822357 1.526283 0.099073 19.814566 0.050231 0.126159 25.231896
 31.500000 1.866789 2.268496 0.401706 2.696463 2307.267941 1.911111 1.298310 1000.000000 2.083333 -0.823444 100.000000 0.474866 -400567.511484 1.563411 0.002727 0.545438 0.141700 1.003948 200.789527
 31.550000 1.919702 2.400618 0.480916 5.070365 1080.494524 1.911111 1.298310 1000.000000 2.083333 -0.823444 100.000000 0.474866 -400570.527627 1.597460 0.035547 7.109400 0.052370 0.137129 27.425783
 31.600000 1.889262 2.244847 0.355585 1.543028 738.249866 1.911111 1.298310 1000.000000 2.083333 -0.823444 100.000000 0.474866 -400565.221467 1.513049 0.166737 33.347418 0.063076 0.198929 39.785821
 31.650000 1.912434 2.348565 0.436131 3.518277 705.231018 1.911111 1.298310 1000.000000 2.083333 -0.823444 100.000000 0.474866 -400566.809834 1.566960 0.000736 0.147178 0.132923 0.883424 176.684781
 31.700000 1.876361 2.393161 0.516800 5.403434 2167.478086 1.911111 1.298310 1000.000000 2.083333 -0.823444 100.000000 0.474866 -400569.409591 1.550162 0.021289 4.257795 0.045475 0.103397 20.679374
 31.750000 1.896070 2.351075 0.455005 3.697391 943.098584 1.911111 1.298310 1000.000000 2.083333 -0.823444 100.000000 0.474866 -400570.432491 1.507596 0.199717 39.943361 0.135046 0.911876 182.375257
 31.800000 1.872561 2.309603 0.437042 3.302961 1998.117941 1.911111 1.298310 1000.000000 2.083333 -0.823444 100.000000 0.474866 -400570.974276 1.555338 0.011948 2.389507 0.058696 0.172263 34.452584
 31.850000 1.887055 2.396927 0.509872 5.206396 1562.123881 1.911111 1.298310 1000.000000 2.083333 -0.823444 100.000000 0.474866 -400572.928002 1.597862 0.036627 7.325487 0.018396 0.016920 3.384031
 31.900000 1.913829 2.293550 0.379722 2.213253 449.297564 1.911111 1.298310 1000.000000 2.083333 -0.823444 100.000000 0.474866 -400566.886386 1.539370 0.049382 9.876304 0.153591 1.179510 235.901999
 31.950000 1.884142 2.307424 0.423281 2.874479 1229.480437 1.911111 1.298310 1000.000000 2.083333 -0.823444 100.000000 0.474866 -400567.151832 1.563684 0.002530 0.505901 0.051592 0.133089 26.617849
 32.000000 1.929150 2.378920 0.449770 4.531290 1199.132925 1.911111 1.298310 1000.000000 2.083333 -0.823444 100.000000 0.474866 -400567.917401 1.570821 0.000000 0.000006 0.066674 0.222272 44.454413
 32.050000 1.868288 2.239856 0.371568 2.141883 2078.832872 1.911111 1.298310 1000.000000 2.083333 -0.823444 100.000000 0.474866 -400568.063444 1.525452 0.102807 20.561449 0.096219 0.462906 92.581196
 32.100000 1.857519 2.483935 0.626416 9.460140 4476.946670 1.911111 1.298310 1000.000000 2.083333 -0.823444 100.000000 0.474866 -400575.097282 1.623397 0.138343 27.668598 0.027175 0.036924 7.384854
 32.150000 1.861624 2.230072 0.368449 2.301114 2664.312848 1.911111 1.298310 1000.000000 2.083333 -0.823444 100.000000 0.474866 -400567.540817 1.580306 0.004522 0.904311 0.125567 0.788357 157.671449
 32.200000 1.790624 2.475570 0.684945 14.950975 16055.520396 1.911111 1.298310 1000.000000 2.083333 -0.823444 100.000000 0.474866 -400576.727699 1.596421 0.032831 6.566130 0.061670 0.190161 38.032215
 32.250000 1.830236 2.319958 0.489723 6.069997 7100.768382 1.911111 1.298310 1000.000000 2.083333 -0.823444 100.000000 0.474866 -400564.706129 1.636790 0.217757 43.551449 0.045116 0.101771 20.354237
 32.300000 1.830264 2.424083 0.593820 9.073667 7697.375145 1.911111 1.298310 1000.000000 2.083333 -0.823444 100.000000 0.474866 -400568.548163 1.576504 0.001629 0.325746 0.149071 1.111103 222.220685
 32.350000 1.882546 2.348741 0.466195 3.930042 1520.354831 1.911111 1.298310 1000.000000 2.083333 -0.823444 100.000000 0.474866 -400567.489263 1.554501 0.013277 2.655483 0.046541 0.108305 21.660968
 32.400000 1.878474 2.348133 0.469659 4.038538 1766.355699 1.911111 1.298310 1000.000000 2.083333 -0.823444 100.000000 0.474866 -400567.693306 1.463135 0.579551 115.910286 0.070360 0.247525 49.505032
 32.450000 1.943926 2.377707 0.433782 4.871211 1943.368789 1.911111 1.298310 1000.000000 2.083333 -0.823444 100.000000 0.474866 -400568.573116 1.536308 0.059472 11.894475 0.139251 0.969541 193.908199
 32.500000 1.863922 2.348603 0.484682 4.631836 2930.532287 1.911111 1.298310 1000.000000 2.083333 -0.823444 100.000000 0.474866 -400570.251980 1.520656 0.125702 25.140361 0.078457 0.307775 61.555040
 32.550000 1.873535 2.395074 0.521539 5.565085 2383.763118 1.911111 1.298310 1000.000000 2.083333 -0.823444 100.000000 0.474866 -400574.454733 1.500728 0.245479 49.095878 0.128656 0.827619 165.523800
 32.600000 1.870737 2.316882 0.446145 3.542276 2175.487140 1.911111 1.298310 1000.000000 2.083333 -0.823444 100.000000 0.474866 -400571.727729 1.558388 0.007698 1.539558 0.034828 0.060650 12.129911
 32.650000 1.898458 2.412417 0.513959 5.494864 1243.059477 1.911111 1.298310 1000.000000 2.083333 -0.823444 100.000000 0.474866 -400573.794184 1.487048 0.350687 70.137467 0.075857 0.287717 57.543482
 32.700000 1.920744 2.225502 0.304758 1.056985 294.906310 1.911111 1.298310 1000.000000 2.083333 -0.823444 100.000000 0.474866 -400569.315124 1.479923 0.412900 82.579924 0.103324 0.533793 106.758566
 32.750000 1.900254 2.426834 0.526579 5.958561 1297.797120 1.911111 1.298310 1000.000000 2.083333 -0.823444 100.000000 0.474866 -400573.201415 1.526579 0.097758 19.551507 0.049725 0.123628 24.725647
 32.800000 1.925324 2.246717 0.321392 1.435720 468.961076 1.911111 1.298310 1000.000000 2.083333 -0.823444 100.000000 0.474866 -400568.476190 1.470301 0.504970 100.994061 0.108154 0.584868 116.973587
 32.850000 1.828839 2.408610 0.579771 8.674569 7826.693440 1.911111 1.298310 1000.000000 2.083333 -0.823444 100.000000 0.474866 -400573.560557 1.529258 0.086271 17.254270 0.055510 0.154065 30.813087
 32.900000 1.869024 2.400317 0.531293 5.909579 2776.077331 1.911111 1.298310 1000.000000 2.083333 -0.823444 100.000000 0.474866 -400569.902088 1.534540 0.065724 13.144899 0.066114 0.218555 43.711091
 32.950000 1.825316 2.312085 0.486770 6.296807 7884.139714 1.911111 1.298310 1000.000000 2.083333 -0.823444 100.000000 0.474866 -400571.319288 1.495783 0.281351 56.270260 0.094622 0.447669 89.533847
 33.000000 1.892413 2.426037 0.533624 6.047092 1524.076521 1.911111 1.298310 1000.000000 2.083333 -0.823444 100.000000 0.474866 -400570.301311 1.548249 0.025419 5.083719 0.058989 0.173987 34.797397
 33.050000 1.875155 2.280463 0.405309 2.589451 1681.479066 1.911111 1.298310 1000.000000 2.083333 -0.823444 100.000000 0.474866 -400569.572635 1.504649 0.218772 43.754314 0.076666 0.293881 58.776235
 33.100000 1.944769 2.368157 0.423389 4.622658 1944.088426 1.911111 1.298310 1000.000000 2.083333 -0.823444 100.000000 0.474866 -400570.258361 1.456225 0.656331 131.266191 0.075041 0.281559 56.311888
 33.150000 1.916706 2.276019 0.359312 1.872032 402.581434 1.911111 1.298310 1000.000000 2.083333 -0.823444 100.000000 0.474866 -400566.199742 1.538902 0.050863 10.172695 0.050039 0.125193 25.038552
 33.200000 1.889341 2.413973 0.524632 5.703103 1567.145536 1.911111 1.298310 1000.000000 2.083333 -0.823444 100.000000 0.474866 -400571.648974 1.473177 0.476479 95.295768 0.100153 0.501527 100.305437
 33.250000 1.863403 2.285956 0.422553 3.190846 2686.657232 1.911111 1.298310 1000.000000 2.083333 -0.823444 100.000000 0.474866 -400569.145970 1.508828 0.192003 38.400637 0.037682 0.070996 14.199213
 33.300000 1.876295 2.445295 0.569000 7.156883 2522.319275 1.911111 1.298310 1000.000000 2.083333 -0.823444 100.000000 0.474866 -400573.859422 1.562167 0.003723 0.744581 0.083331 0.347205 69.441059
 33.350000 1.856033 2.306654 0.450620 4.010389 3532.302416 1.911111 1.298310 1000.000000 2.083333 -0.823444 100.000000 0.474866 -400570.251597 1.486797 0.352794 70.558831 0.086472 0.373868 74.773588
 33.400000 1.867647 2.381987 0.514341 5.404293 2781.105732 1.911111 1.298310 1000.000000 2.083333 -0.823444 100.000000 0.474866 -400571.581256 1.485478 0.363957 72.791496 0.034007 0.057823 11.564570
 33.450000 1.883172 2.384212 0.501039 4.916680 1685.849624 1.911111 1.298310 1000.000000 2.083333 -0.823444 100.000000 0.474866 -400572.165379 1.551218 0.019166 3.833200 0.097450 0.474826 94.965241
 33.500000 1.860230 2.287808 0.427578 3.384938 3006.999934 1.911111 1.298310 1000.000000 2.083333 -0.823444 100.000000 0.474866 -400568.692338 1.508198 0.195926 39.185273 0.031615 0.049975 9.994956
 33.550000 1.859711 2.436972 0.577261 7.573985 3892.530994 1.911111 1.298310 1000.000000 2.083333 -0.823444 100.000000 0.474866 -400571.730843 1.495945 0.280136 56.027252 0.068197 0.232543 46.508609
 33.600000 1.885686 2.265102 0.379417 1.975223 976.852954 1.911111 1.298310 1000.000000 2.083333 -0.823444 100.000000 0.474866 -400567.251996 1.548233 0.025456 5.091102 0.088692 0.393311 78.662154
 33.650000 1.903925 2.440394 0.536469 6.400428 1326.557994 1.911111 1.298310 1000.000000 2.083333 -0.823444 100.000000 0.474866 -400570.820787 1.495336 0.284716 56.943146 0.047030 0.110592 22.118387
 33.700000 1.858416 2.250673 0.392256 2.788488 3056.758501 1.911111 1.298310 1000.000000 2.083333 -0.823444 100.000000 0.474866 -400570.684119 1.474513 0.463527 92.705387 0.055917 0.156337 31.267328
 33.750000 1.878745 2.473559 0.594814 8.137598 2570.351470 1.911111 1.298310 1000.000000 2.083333 -0.823444 100.000000 0.474866 -400574.027189 1.590180 0.018787 3.757442 0.094591 0.447371 89.474249
 33.800000 1.851058 2.304455 0.453397 4.247912 4095.276251 1.911111 1.298310 1000.000000 2.083333 -0.823444 100.000000 0.474866 -400570.662775 1.515504 0.152861 30.572256 0.043013 0.092504 18.500852
 33.850000 1.842994 2.395497 0.552503 7.192303 5614.440746 1.911111 1.298310 1000.000000 2.083333 -0.823444 100.000000 0.474866 -400572.449162 1.437629 0.886680 177.335987 0.090746 0.411738 82.347534
 33.900000 1.873746 2.411775 0.538029 6.091773 2474.907546 1.911111 1.298310 1000.000000 2.083333 -0.823444 100.000000 0.474866 -400572.823523 1.601370 0.046737 9.347396 0.088021 0.387381 77.476231
 33.950000 1.891444 2.286478 0.395035 2.256798 799.487138 1.911111 1.298310 1000.000000 2.083333 -0.823444 100.000000 0.474866 -400568.046034 1.464297 0.567105 113.421083 0.040803 0.083243 16.648541
 34.000000 1.884975 2.408751 0.523776 5.636373 1742.070707 1.911111 1.298310 1000.000000 2.083333 -0.823444 100.000000 0.474866 -400572.180141 1.500261 0.248760 49.752090 0.098543 0.485536 97.107151
 34.050000 1.912373 2.291825 0.379452 2.174234 436.279320 1.911111 1.298310 1000.000000 2.083333 -0.823444 100.000000 0.474866 -400568.402542 1.565507 0.001399 0.279766 0.046812 0.109567 21.913364
 34.100000 1.892686 2.424547 0.531861 5.991074 1503.753178 1.911111 1.298310 1000.000000 2.083333 -0.823444 100.000000 0.474866 -400571.645203 1.488849 0.335770 67.154075 0.061133 0.186859 37.371881
 34.150000 1.878781 2.263772 0.384990 2.150503 1370.791281 1.911111 1.298310 1000.000000 2.083333 -0.823444 100.000000 0.474866 -400567.126553 1.497297 0.270106 54.021239 0.096298 0.463661 92.732185
 34.200000 1.884808 2.312054 0.427246 2.961590 1214.993526 1.911111 1.298310 1000.000000 2.083333 -0.823444 100.000000 0.474866 -400568.050491 1.539095 0.050250 10.049938 0.108330 0.586768 117.353510
 34.250000 1.818587 2.197237 0.378650 4.929094 8690.531985 1.911111 1.298310 1000.000000 2.083333 -0.823444 100.000000 0.474866 -400573.619429 1.501818 0.237900 47.579928 0.281870 3.972548 794.509575
 34.300000 1.901181 2.207438 0.306257 0.819400 252.621582 1.911111 1.298310 1000.000000 2.083333 -0.823444 100.000000 0.474866 -400565.929770 1.547986 0.026016 5.203225 0.230374 2.653620 530.723995
 34.350000 1.861874 2.407395 0.545521 6.462936 3474.459025 1.911111 1.298310 1000.000000 2.083333 -0.823444 100.000000 0.474866 -400569.546989 1.504985 0.216556 43.311126 0.081847 0.334949 66.989836
 34.400000 1.939109 2.262067 0.322958 1.989211 1103.322557 1.911111 1.298310 1000.000000 2.083333 -0.823444 100.000000 0.474866 -400566.644606 1.457905 0.637225 127.445047 0.093596 0.438011 87.602299
 34.450000 1.874277 2.440397 0.566120 7.053083 2631.688718 1.911111 1.298310 1000.000000 2.083333 -0.823444 100.000000 0.474866 -400572.476266 1.558099 0.008061 1.612127 0.075701 0.286533 57.306676
 34.500000 1.871213 2.306591 0.435378 3.288136 2090.329583 1.911111 1.298310 1000.000000 2.083333 -0.823444 100.000000 0.474866 -400568.867563 1.542431 0.040228 8.045670 0.042993 0.092418 18.483583
 34.550000 1.822394 2.366105 0.543710 7.933328 8670.294723 1.911111 1.298310 1000.000000 2.083333 -0.823444 100.000000 0.474866 -400570.903223 1.602105 0.049011 9.802282 0.094773 0.449099 89.819724
 34.600000 1.819237 2.435870 0.616633 10.434524 9683.668245 1.911111 1.298310 1000.000000 2.083333 -0.823444 100.000000 0.474866 -400572.770466 1.581281 0.005497 1.099324 0.079374 0.315011 63.002171
 34.650000 1.836409 2.368818 0.532409 6.865292 6395.432379 1.911111 1.298310 1000.000000 2.083333 -0.823444 100.000000 0.474866 -400570.681180 1.490320 0.323821 64.764109 0.076146 0.289907 57.981490
 34.700000 1.912614 2.267728 0.355114 1.701204 342.274578 1.911111 1.298310 1000.000000 2.083333 -0.823444 100.000000 0.474866 -400569.829863 1.545678 0.031546 6.309126 0.086894 0.377525 75.504990
 34.750000 1.923717 2.370198 0.446481 4.194028 981.834324 1.911111 1.298310 1000.000000 2.083333 -0.823444 100.000000 0.474866 -400568.899176 1.560234 0.005578 1.115624 0.047168 0.111241 22.248126
 34.800000 1.886176 2.329958 0.443782 3.352074 1230.000823 1.911111 1.298310 1000.000000 2.083333 -0.823444 100.000000 0.474866 -400568.276770 1.472053 0.487509 97.501850 0.085720 0.367396 73.479182
 34.850000 1.910999 2.315192 0.404193 2.687928 537.596893 1.911111 1.298310 1000.000000 2.083333 -0.823444 100.000000 0.474866 -400570.042097 1.500685 0.245779 49.155809 0.083678 0.350098 70.019532
 34.900000 1.876802 2.351066 0.474264 4.172594 1893.918086 1.911111 1.298310 1000.000000 2.083333 -0.823444 100.000000 0.474866 -400572.896246 1.621949 0.130828 26.165577 0.042484 0.090246 18.049244
 34.950000 1.844643 2.360943 0.516301 6.062379 5188.696401 1.911111 1.298310 1000.000000 2.083333 -0.823444 100.000000 0.474866 -400573.678136 1.531821 0.075955 15.191046 0.075577 0.285595 57.119051
 35.000000 1.851510 2.368682 0.517172 5.847339 4366.517890 1.911111 1.298310 1000.000000 2.083333 -0.823444 100.000000 0.474866 -400571.075380 1.530475 0.081289 16.257724 0.071461 0.255331 51.066233
 35.050000 1.869071 2.370655 0.501584 5.011356 2592.889433 1.911111 1.298310 1000.000000 2.083333 -0.823444 100.000000 0.474866 -400571.725596 1.533462 0.069692 13.938413 0.041532 0.086245 17.248919
 35.100000 1.849971 2.390924 0.540954 6.599690 4684.282861 1.911111 1.298310 1000.000000 2.083333 -0.823444 100.000000 0.474866 -400572.327328 1.536108 0.060164 12.032869 0.085775 0.367865 73.573058
 35.150000 1.905520 2.305738 0.400218 2.488823 525.896216 1.911111 1.298310 1000.000000 2.083333 -0.823444 100.000000 0.474866 -400569.005255 1.529378 0.085776 17.155172 0.058849 0.173158 34.631641
 35.200000 1.857449 2.397863 0.540414 6.386252 3868.913095 1.911111 1.298310 1000.000000 2.083333 -0.823444 100.000000 0.474866 -400573.637971 1.554246 0.013696 2.739120 0.070954 0.251726 50.345292
 35.250000 1.949213 2.231086 0.281873 1.817420 1670.053925 1.911111 1.298310 1000.000000 2.083333 -0.823444 100.000000 0.474866 -400567.892522 1.558740 0.007268 1.453612 0.085326 0.364028 72.805567
 35.300000 1.859508 2.432168 0.572660 7.415714 3879.713896 1.911111 1.298310 1000.000000 2.083333 -0.823444 100.000000 0.474866 -400573.369772 1.550106 0.021404 4.280749 0.037277 0.069480 13.895996
 35.350000 1.906437 2.273240 0.366802 1.814147 382.488721 1.911111 1.298310 1000.000000 2.083333 -0.823444 100.000000 0.474866 -400566.756974 1.463258 0.578224 115.644812 0.102095 0.521169 104.233717
 35.400000 1.883111 2.389733 0.506621 5.086024 1722.805878 1.911111 1.298310 1000.000000 2.083333 -0.823444 100.000000 0.474866 -400570.663616 1.542128 0.041095 8.218923 0.032700 0.053465 10.693037
 35.450000 1.887649 2.330290 0.442642 3.324630 1160.360839 1.911111 1.298310 1000.000000 2.083333 -0.823444 100.000000 0.474866 -400569.410033 1.595028 0.029359 5.871714 0.079003 0.312074 62.414861
 35.500000 1.800649 2.352432 0.551783 9.721625 12925.985769 1.911111 1.298310 1000.000000 2.083333 -0.823444 100.000000 0.474866 -400574.322381 1.533175 0.070769 14.153797 0.081201 0.329680 65.936065
 35.550000 1.914743 2.384676 0.469933 4.546981 921.269288 1.911111 1.298310 1000.000000 2.083333 -0.823444 100.000000 0.474866 -400567.624341 1.577840 0.002481 0.496147 0.047142 0.111118 22.223617
 35.600000 1.836913 2.365926 0.529013 6.745580 6303.889593 1.911111 1.298310 1000.000000 2.083333 -0.823444 100.000000 0.474866 -400568.989991 1.519623 0.130934 26.186873 0.114776 0.658676 131.735282
 35.650000 1.941990 2.332217 0.390228 3.573900 1572.911071 1.911111 1.298310 1000.000000 2.083333 -0.823444 100.000000 0.474866 -400566.693562 1.463736 0.573098 114.619653 0.065208 0.212605 42.520994
 35.700000 1.879115 2.345412 0.466297 3.946149 1710.625345 1.911111 1.298310 1000.000000 2.083333 -0.823444 100.000000 0.474866 -400565.613832 1.571163 0.000007 0.001346 0.067633 0.228710 45.742078
 35.750000 1.847965 2.406211 0.558246 7.206208 5029.905265 1.911111 1.298310 1000.000000 2.083333 -0.823444 100.000000 0.474866 -400570.415370 1.503147 0.228819 45.763850 0.109300 0.597323 119.464560
 35.800000 1.895373 2.313462 0.418090 2.771813 777.294088 1.911111 1.298310 1000.000000 2.083333 -0.823444 100.000000 0.474866 -400563.407099 1.526482 0.098186 19.637227 0.027386 0.037500 7.500060
 35.850000 1.863534 2.378249 0.514715 5.480554 3133.344620 1.911111 1.298310 1000.000000 2.083333 -0.823444 100.000000 0.474866 -400569.293090 1.620463 0.123339 24.667717 0.097918 0.479399 95.879841
 35.900000 1.921620 2.324530 0.402911 2.964020 692.195991 1.911111 1.298310 1000.000000 2.083333 -0.823444 100.000000 0.474866 -400568.752520 1.547635 0.026822 5.364322 0.109250 0.596780 119.355937
 35.950000 1.865128 2.309100 0.443972 3.605748 2624.156187 1.911111 1.298310 1000.000000 2.083333 -0.823444 100.000000 0.474866 -400568.357711 1.553995 0.014114 2.822726 0.056734 0.160935 32.187013
 36.000000 1.889566 2.392748 0.503182 5.018962 1421.559656 1.911111 1.298310 1000.000000 2.083333 -0.823444 100.000000 0.474866 -400567.939497 1.611031 0.080941 16.188300 0.096062 0.461395 92.279060
 36.050000 1.851486 2.321903 0.470417 4.623349 4124.296056 1.911111 1.298310 1000.000000 2.083333 -0.823444 100.000000 0.474866 -400569.230723 1.489329 0.331847 66.369455 0.054253 0.147169 29.433879
 36.100000 1.912152 2.342948 0.430796 3.370527 675.080470 1.911111 1.298310 1000.000000 2.083333 -0.823444 100.000000 0.474866 -400567.171243 1.536947 0.057289 11.457809 0.090085 0.405763 81.152646
 36.150000 1.831733 2.400081 0.568347 8.166861 7304.119693 1.911111 1.298310 1000.000000 2.083333 -0.823444 100.000000 0.474866 -400570.109894 1.614479 0.095408 19.081629 0.085455 0.365125 73.024932
 36.200000 1.932842 2.309938 0.377096 2.803593 985.730580 1.911111 1.298310 1000.000000 2.083333 -0.823444 100.000000 0.474866 -400568.888852 1.510838 0.179751 35.950207 0.086895 0.377534 75.506717
 36.250000 1.873784 2.323158 0.449374 3.572445 1968.482648 1.911111 1.298310 1000.000000 2.083333 -0.823444 100.000000 0.474866 -400569.621847 1.579253 0.003576 0.715218 0.044242 0.097867 19.573374
 36.300000 1.898021 2.375045 0.477024 4.340454 1022.300673 1.911111 1.298310 1000.000000 2.083333 -0.823444 100.000000 0.474866 -400570.383685 1.613571 0.091483 18.296590 0.096530 0.465899 93.179744
 36.350000 1.896061 2.230611 0.334550 1.197790 443.424611 1.911111 1.298310 1000.000000 2.083333 -0.823444 100.000000 0.474866 -400565.359026 1.481387 0.399700 79.940056 0.041488 0.086063 17.212511
 36.400000 1.886438 2.436769 0.550331 6.550214 1857.921364 1.911111 1.298310 1000.000000 2.083333 -0.823444 100.000000 0.474866 -400569.984615 1.622641 0.134395 26.878993 0.062993 0.198404 39.680744
 36.450000 1.859441 2.302059 0.442618 3.726954 3148.242627 1.911111 1.298310 1000.000000 2.083333 -0.823444 100.000000 0.474866 -400568.868896 1.587407 0.013795 2.759050 0.104778 0.548926 109.785110
 36.500000 1.882437 2.377750 0.495313 4.745173 1689.040522 1.911111 1.298310 1000.000000 2.083333 -0.823444 100.000000 0.474866 -400568.807475 1.507019 0.203379 40.675747 0.041008 0.084081 16.816210
 36.550000 1.889813 2.286444 0.396630 2.289491 866.129964 1.911111 1.298310 1000.000000 2.083333 -0.823444 100.000000 0.474866 -400568.148963 1.641245 0.248149 49.629759 0.080372 0.322982 64.596334
 36.600000 1.860374 2.378245 0.517871 5.635794 3444.026606 1.911111 1.298310 1000.000000 2.083333 -0.823444 100.000000 0.474866 -400572.706213 1.536642 0.058327 11.665307 0.078272 0.306327 61.265324
 36.650000 1.883540 2.319799 0.436260 3.175907 1319.353627 1.911111 1.298310 1000.000000 2.083333 -0.823444 100.000000 0.474866 -400568.657383 1.495822 0.281061 56.212121 0.048271 0.116504 23.300708
 36.700000 1.842677 2.419851 0.577174 8.003809 5815.663157 1.911111 1.298310 1000.000000 2.083333 -0.823444 100.000000 0.474866 -400569.915879 1.628775 0.168074 33.614713 0.127813 0.816811 163.362116
 36.750000 1.837785 2.386495 0.548709 7.283683 6295.755905 1.911111 1.298310 1000.000000 2.083333 -0.823444 100.000000 0.474866 -400573.657501 1.477776 0.432639 86.527781 0.063399 0.200971 40.194110
 36.800000 1.870682 2.329424 0.458742 3.845279 2240.115164 1.911111 1.298310 1000.000000 2.083333 -0.823444 100.000000 0.474866 -400567.135643 1.498679 0.260049 52.009797 0.030894 0.047722 9.544417
 36.850000 1.880386 2.406431 0.526045 5.691622 1987.958010 1.911111 1.298310 1000.000000 2.083333 -0.823444 100.000000 0.474866 -400572.761155 1.603342 0.052962 10.592336 0.129221 0.834901 166.980179
 36.900000 1.869184 2.275143 0.405959 2.718497 2125.793506 1.911111 1.298310 1000.000000 2.083333 -0.823444 100.000000 0.474866 -400565.623235 1.471226 0.495716 99.143167 0.043376 0.094075 18.815014
 36.950000 1.914809 2.376839 0.462030 4.314102 875.127189 1.911111 1.298310 1000.000000 2.083333 -0.823444 100.000000 0.474866 -400571.160947 1.580237 0.004456 0.891231 0.076468 0.292367 58.473418
 37.000000 1.878621 2.302292 0.423671 2.924940 1535.030800 1.911111 1.298310 1000.000000 2.083333 -0.823444 100.000000 0.474866 -400567.909693 1.534951 0.064246 12.849211 0.103946 0.540236 108.047273
 37.050000 1.866445 2.413733 0.547288 6.455727 3086.683901 1.911111 1.298310 1000.000000 2.083333 -0.823444 100.000000 0.474866 -400570.314174 1.587688 0.014267 2.853425 0.035237 0.062082 12.416351
 37.100000 1.863534 2.328617 0.465083 4.140015 2865.266475 1.911111 1.298310 1000.000000 2.083333 -0.823444 100.000000 0.474866 -400571.851522 1.487676 0.345447 69.089341 0.105345 0.554877 110.975472
 37.150000 1.912561 2.306230 0.393669 2.485204 498.932835 1.911111 1.298310 1000.000000 2.083333 -0.823444 100.000000 0.474866 -400568.985047 1.597908 0.036752 7.350403 0.087649 0.384120 76.824035
 37.200000 1.868640 2.407620 0.538981 6.160020 2855.455599 1.911111 1.298310 1000.000000 2.083333 -0.823444 100.000000 0.474866 -400569.540444 1.562768 0.003223 0.644572 0.053556 0.143412 28.682392
 37.250000 1.938903 2.279208 0.340305 2.304547 1156.068726 1.911111 1.298310 1000.000000 2.083333 -0.823444 100.000000 0.474866 -400568.635347 1.419555 1.143695 228.739095 0.135848 0.922732 184.546440
 37.300000 1.867127 2.392664 0.525536 5.751555 2891.429726 1.911111 1.298310 1000.000000 2.083333 -0.823444 100.000000 0.474866 -400573.310719 1.591699 0.021846 4.369285 0.061748 0.190640 38.128041
 37.350000 1.907517 2.333278 0.425761 3.130080 637.641101 1.911111 1.298310 1000.000000 2.083333 -0.823444 100.000000 0.474866 -400571.569944 1.568596 0.000242 0.048435 0.067721 0.229310 45.861951
 37.400000 1.847343 2.300068 0.452725 4.381894 4536.146814 1.911111 1.298310 1000.000000 2.083333 -0.823444 100.000000 0.474866 -400571.652082 1.485607 0.362860 72.572030 0.111083 0.616977 123.395350
 37.450000 1.862446 2.441831 0.579385 7.610175 3653.516375 1.911111 1.298310 1000.000000 2.083333 -0.823444 100.000000 0.474866 -400569.420178 1.566573 0.000892 0.178324 0.030335 0.046011 9.202288
 37.500000 1.826483 2.341422 0.514939 6.911414 7827.941983 1.911111 1.298310 1000.000000 2.083333 -0.823444 100.000000 0.474866 -400571.797678 1.658917 0.388260 77.651909 0.086486 0.373994 74.798730
 37.550000 1.878780 2.276549 0.397769 2.389267 1418.629304 1.911111 1.298310 1000.000000 2.083333 -0.823444 100.000000 0.474866 -400567.385534 1.447984 0.754146 150.829172 0.150081 1.126211 225.242262
 37.600000 1.816006 2.266306 0.450300 6.196398 9379.681948 1.911111 1.298310 1000.000000 2.083333 -0.823444 100.000000 0.474866 -400573.127106 1.576643 0.001709 0.341877 0.229510 2.633739 526.747842
 37.650000 1.841934 2.239551 0.397617 3.612943 5029.524799 1.911111 1.298310 1000.000000 2.083333 -0.823444 100.000000 0.474866 -400569.661851 1.501605 0.239369 47.873806 0.253206 3.205664 641.132862
 37.700000 1.857701 2.311253 0.453552 4.023679 3372.110370 1.911111 1.298310 1000.000000 2.083333 -0.823444 100.000000 0.474866 -400567.711218 1.475246 0.456497 91.299325 0.150036 1.125535 225.106917
 37.750000 1.885664 2.237972 0.352309 1.519446 886.701220 1.911111 1.298310 1000.000000 2.083333 -0.823444 100.000000 0.474866 -400564.746807 1.579618 0.003891 0.778199 0.160297 1.284754 256.950767
 37.800000 1.842099 2.247654 0.405555 3.731376 5032.637078 1.911111 1.298310 1000.000000 2.083333 -0.823444 100.000000 0.474866 -400567.739668 1.508499 0.194050 38.809942 0.270062 3.646661 729.332286
 37.850000 1.894400 2.202111 0.307711 0.845037 420.351631 1.911111 1.298310 1000.000000 2.083333 -0.823444 100.000000 0.474866 -400561.625293 1.596810 0.033836 6.767110 0.148563 1.103549 220.709736
 37.900000 1.851838 2.358245 0.506406 5.535442 4269.021811 1.911111 1.298310 1000.000000 2.083333 -0.823444 100.000000 0.474866 -400569.063180 1.432813 0.951973 190.394648 0.166383 1.384171 276.834109
 37.950000 1.867964 2.170522 0.302558 1.310941 1937.712648 1.911111 1.298310 1000.000000 2.083333 -0.823444 100.000000 0.474866 -400568.914259 1.543490 0.037282 7.456487 0.239553 2.869274 573.854705
 38.000000 1.833759 2.331899 0.498140 6.080892 6601.128677 1.911111 1.298310 1000.000000 2.083333 -0.823444 100.000000 0.474866 -400569.906586 1.506261 0.208239 41.647804 0.224594 2.522124 504.424728
 38.050000 1.884054 2.184592 0.300539 0.878722 834.644442 1.911111 1.298310 1000.000000 2.083333 -0.823444 100.000000 0.474866 -400562.981412 1.451207 0.715082 143.016348 0.133285 0.888250 177.650048
 38.100000 1.827855 2.383360 0.555505 7.966588 7831.718359 1.911111 1.298310 1000.000000 2.083333 -0.823444 100.000000 0.474866 -400571.939282 1.652781 0.336071 67.214135 0.193828 1.878464 375.692718
 38.150000 1.859000 2.085358 0.226359 1.358005 2715.641521 1.911111 1.298310 1000.000000 2.083333 -0.823444 100.000000 0.474866 -400560.545568 1.459939 0.614470 122.894094 0.243587 2.966720 593.344067
 38.200000 1.831192 2.365392 0.534201 7.171431 7182.709658 1.911111 1.298310 1000.000000 2.083333 -0.823444 100.000000 0.474866 -400572.512631 1.581847 0.006106 1.221177 0.199471 1.989436 397.887107
 38.250000 1.821634 2.252516 0.430882 5.434230 8292.410860 1.911111 1.298310 1000.000000 2.083333 -0.823444 100.000000 0.474866 -400572.994127 1.494683 0.289659 57.931820 0.167094 1.396025 279.205008
 38.300000 1.845552 2.234653 0.389101 3.293871 4526.954694 1.911111 1.298310 1000.000000 2.083333 -0.823444 100.000000 0.474866 -400569.543843 1.551489 0.018639 3.727810 0.180103 1.621863 324.372647
 38.350000 1.832522 2.276266 0.443743 4.949243 6548.418604 1.911111 1.298310 1000.000000 2.083333 -0.823444 100.000000 0.474866 -400571.383972 1.535630 0.061835 12.366939 0.187562 1.758973 351.794638
 38.400000 1.856680 2.254383 0.397703 2.944267 3255.306522 1.911111 1.298310 1000.000000 2.083333 -0.823444 100.000000 0.474866 -400570.127408 1.485199 0.366344 73.268710 0.201223 2.024537 404.907323
 38.450000 1.833143 2.226075 0.392932 4.058293 6282.823884 1.911111 1.298310 1000.000000 2.083333 -0.823444 100.000000 0.474866 -400566.139176 1.608526 0.071177 14.235302 0.160914 1.294661 258.932182
 38.500000 1.867880 2.343831 0.475950 4.327394 2547.488591 1.911111 1.298310 1000.000000 2.083333 -0.823444 100.000000 0.474866 -400567.218718 1.547978 0.026033 5.206610 0.192427 1.851400 370.280071
 38.550000 1.897069 2.288349 0.391280 2.200167 617.505010 1.911111 1.298310 1000.000000 2.083333 -0.823444 100.000000 0.474866 -400570.142002 1.537909 0.054078 10.815695 0.030318 0.045958 9.191579
 38.600000 1.883470 2.413804 0.530334 5.842561 1856.118514 1.911111 1.298310 1000.000000 2.083333 -0.823444 100.000000 0.474866 -400571.702912 1.572086 0.000083 0.016631 0.100974 0.509783 101.956631
 38.650000 1.881342 2.279239 0.397897 2.362041 1269.976795 1.911111 1.298310 1000.000000 2.083333 -0.823444 100.000000 0.474866 -400566.176104 1.557664 0.008622 1.724451 0.183144 1.677094 335.418822
 38.700000 1.873583 2.234440 0.360857 1.845835 1636.670979 1.911111 1.298310 1000.000000 2.083333 -0.823444 100.000000 0.474866 -400565.484485 1.519296 0.132615 26.523045 0.116333 0.676672 135.334312
 38.750000 1.888441 2.260820 0.372379 1.832041 828.953863 1.911111 1.298310 1000.000000 2.083333 -0.823444 100.000000 0.474866 -400568.866796 1.466059 0.548493 109.698673 0.258306 3.336107 667.221463
 38.800000 1.886067 2.184175 0.298109 0.822066 728.908685 1.911111 1.298310 1000.000000 2.083333 -0.823444 100.000000 0.474866 -400566.446605 1.509953 0.185097 37.019403 0.215531 2.322686 464.537123
 38.850000 1.866216 2.331992 0.465777 4.099369 2633.925850 1.911111 1.298310 1000.000000 2.083333 -0.823444 100.000000 0.474866 -400568.950303 1.449580 0.734666 146.933125 0.163478 1.336250 267.249932
 38.900000 1.859928 2.182132 0.322205 1.797940 2717.369872 1.911111 1.298310 1000.000000 2.083333 -0.823444 100.000000 0.474866 -400567.449726 1.516428 0.147797 29.559431 0.159791 1.276660 255.332005
 38.950000 1.832028 2.320527 0.488500 5.940148 6816.816060 1.911111 1.298310 1000.000000 2.083333 -0.823444 100.000000 0.474866 -400571.863158 1.572617 0.000166 0.033154 0.217146 2.357616 471.523138
 39.000000 1.869364 2.145411 0.276047 1.064089 1781.353776 1.911111 1.298310 1000.000000 2.083333 -0.823444 100.000000 0.474866 -400566.383278 1.517459 0.142242 28.448329 0.142127 1.010008 202.001680
 39.050000 1.845455 2.330435 0.484980 5.208310 4921.299503 1.911111 1.298310 1000.000000 2.083333 -0.823444 100.000000 0.474866 -400571.174518 1.465269 0.556800 111.359948 0.179424 1.609641 321.928194
 39.100000 1.879993 2.228192 0.348199 1.533377 1178.203939 1.911111 1.298310 1000.000000 2.083333 -0.823444 100.000000 0.474866 -400566.231710 1.567029 0.000709 0.141892 0.247254 3.056732 611.346320
 39.150000 1.836533 2.238494 0.401961 3.984669 5802.608756 1.911111 1.298310 1000.000000 2.083333 -0.823444 100.000000 0.474866 -400568.385104 1.387177 1.685811 337.162267 0.193034 1.863111 372.622148
 39.200000 1.900025 2.288295 0.388270 2.161912 542.991609 1.911111 1.298310 1000.000000 2.083333 -0.823444 100.000000 0.474866 -400565.182960 1.604225 0.055874 11.174754 0.182048 1.657079 331.415872
 39.250000 1.828551 2.168990 0.340439 3.774926 6889.517390 1.911111 1.298310 1000.000000 2.083333 -0.823444 100.000000 0.474866 -400568.536404 1.476746 0.442270 88.453960 0.217782 2.371457 474.291430
 39.300000 1.909078 2.275022 0.365945 1.839298 371.581672 1.911111 1.298310 1000.000000 2.083333 -0.823444 100.000000 0.474866 -400564.793821 1.585993 0.011546 2.309246 0.188215 1.771245 354.248913
 39.350000 1.873516 2.395319 0.521803 5.573437 2386.710512 1.911111 1.298310 1000.000000 2.083333 -0.823444 100.000000 0.474866 -400567.637718 1.549135 0.023460 4.692034 0.047062 0.110743 22.148576
 39.400000 1.933456 2.330938 0.397482 3.315052 1112.380614 1.911111 1.298310 1000.000000 2.083333 -0.823444 100.000000 0.474866 -400569.806972 1.428838 1.007614 201.522898 0.099701 0.497011 99.402192
 39.450000 1.884540 2.265247 0.380707 2.007651 1036.958221 1.911111 1.298310 1000.000000 2.083333 -0.823444 100.000000 0.474866 -400566.596957 1.583994 0.008709 1.741785 0.106058 0.562414 112.482899
 39.500000 1.869774 2.514308 0.644534 10.141353 3566.173288 1.911111 1.298310 1000.000000 2.083333 -0.823444 100.000000 0.474866 -400570.020118 1.511669 0.174800 34.960066 0.072018 0.259330 51.865958
 39.550000 1.848565 2.209244 0.360679 2.748690 4070.565858 1.911111 1.298310 1000.000000 2.083333 -0.823444 100.000000 0.474866 -400566.828457 1.502030 0.236443 47.288522 0.117896 0.694976 138.995286
 39.600000 1.855938 2.551275 0.695336 12.470469 5233.725903 1.911111 1.298310 1000.000000 2.083333 -0.823444 100.000000 0.474866 -400574.743958 1.631843 0.186332 37.266485 0.108029 0.583518 116.703547
 39.650000 1.845936 2.206908 0.360972 2.887440 4400.509657 1.911111 1.298310 1000.000000 2.083333 -0.823444 100.000000 0.474866 -400565.512887 1.516803 0.145762 29.152384 0.040024 0.080097 16.019332
 39.700000 1.875352 2.473812 0.598460 8.263037 2803.418962 1.911111 1.298310 1000.000000 2.083333 -0.823444 100.000000 0.474866 -400570.256147 1.580133 0.004359 0.871765 0.132867 0.882686 176.537139
 39.750000 1.871947 2.339992 0.468045 4.060588 2192.542534 1.911111 1.298310 1000.000000 2.083333 -0.823444 100.000000 0.474866 -400574.323607 1.480346 0.409061 81.812286 0.070536 0.248769 49.753843
 39.800000 1.906845 2.327196 0.420351 2.982554 612.887437 1.911111 1.298310 1000.000000 2.083333 -0.823444 100.000000 0.474866 -400568.565837 1.581903 0.006168 1.233630 0.036127 0.065259 13.051782
 39.850000 1.866887 2.378447 0.511559 5.332465 2826.662485 1.911111 1.298310 1000.000000 2.083333 -0.823444 100.000000 0.474866 -400573.013166 1.446416 0.773521 154.704185 0.107266 0.575297 115.059416
 39.900000 1.858660 2.326467 0.467807 4.331246 3342.252654 1.911111 1.298310 1000.000000 2.083333 -0.823444 100.000000 0.474866 -400570.411589 1.658566 0.385175 77.035024 0.062840 0.197440 39.488097
 39.950000 1.832667 2.448521 0.615854 9.744830 7487.083855 1.911111 1.298310 1000.000000 2.083333 -0.823444 100.000000 0.474866 -400575.678136 1.543949 0.036040 7.208058 0.077116 0.297347 59.469390
 40.000000 1.874134 2.313227 0.439093 3.326197 1895.785107 1.911111 1.298310 1000.000000 2.083333 -0.823444 100.000000 0.474866 -400570.259159 1.480091 0.411370 82.273960 0.136358 0.929676 185.935104
