#! FIELDS time d1 d2 rc steer.bias steer.force2 steer.d1_cntr steer.d1_work steer.d1_kappa steer.d2_cntr steer.d2_work steer.d2_kappa steer.work ener an res.bias res.force2 an2 res2.bias res2.force2
 0.000000 2.644139 1.840637 -0.803502 0.008586 17.136183 2.640000 0.000000 1000.000000 1.840000 0.000000 100.000000 0.000000 -400576.064421 1.275815 4.350712 870.142465 0.097644 0.476720 95.344035
 0.050000 2.570957 1.817451 -0.753506 2.408882 4772.003227 2.640000 0.000000 1000.000000 1.840000 0.000000 100.000000 0.000000 -400569.931474 1.428083 1.018355 203.671099 0.062116 0.192922 38.584399
 0.100000 2.630049 1.920101 -0.709948 0.370321 163.189983 2.640000 0.000000 1000.000000 1.840000 0.000000 100.000000 0.000000 -400571.132892 1.370777 2.000395 400.079068 0.166241 1.381804 276.360753
 0.150000 2.662293 1.925811 -0.736482 0.616678 570.631846 2.640000 0.000000 1000.000000 1.840000 0.000000 100.000000 0.000000 -400568.210538 1.441082 0.841289 168.257706 0.058258 0.169699 33.939712
 0.200000 2.610009 1.840815 -0.769194 0.449756 899.451328 2.640000 0.000000 1000.000000 1.840000 0.000000 100.000000 0.000000 -400574.053398 1.318623 3.179568 635.913673 0.094985 0.451106 90.221242
 0.250000 2.622091 1.778277 -0.843815 0.350845 358.813065 2.640000 0.000000 1000.000000 1.840000 0.000000 100.000000 0.000000 -400571.366218 1.427971 1.019955 203.990988 0.175430 1.538783 307.756636
 0.300000 2.713065 1.827094 -0.885971 2.677607 5340.222750 2.640000 0.000000 1000.000000 1.840000 0.000000 100.000000 0.000000 -400571.011638 1.336347 2.748323 549.664524 0.086249 0.371945 74.388999
 0.350000 2.644836 1.905274 -0.739562 0.224726 65.990335 2.640000 0.000000 1000.000000 1.840000 0.000000 100.000000 0.000000 -400573.762313 1.317293 3.213196 642.639238 0.048113 0.115744 23.148733
 0.400000 2.587022 1.837800 -0.749222 1.403598 2806.761225 2.640000 0.000000 1000.000000 1.840000 0.000000 100.000000 0.000000 -400569.827335 1.471388 0.494105 98.821065 0.171017 1.462332 292.466483
 0.450000 2.626159 1.830278 -0.795881 0.100516 192.525232 2.640000 0.000000 1000.000000 1.840000 0.000000 100.000000 0.000000 -400569.801956 1.440435 0.849710 169.941986 0.183125 1.676733 335.346640
 0.500000 2.649728 1.908450 -0.741278 0.281585 141.487540 2.640000 0.000000 1000.000000 1.840000 0.000000 100.000000 0.000000 -400569.023876 1.364577 2.126314 425.262782 0.054252 0.147166 29.433128
 0.550000 2.619592 1.877301 -0.742291 0.088412 176.799775 2.632889 -0.027497 1000.000000 1.876778 0.050821 100.000000 0.023325 -400571.188045 1.342569 2.604377 520.875456 0.144219 1.039958 207.991599
 0.600000 2.617402 1.793976 -0.823426 0.750044 213.153070 2.625778 -0.075758 1000.000000 1.913556 0.097832 100.000000 0.022074 -400570.121646 1.444043 0.803315 160.663015 0.140417 0.985844 197.168793
 0.650000 2.657425 1.881241 -0.776183 0.989775 1549.915123 2.618667 -0.077456 1000.000000 1.950333 0.279108 100.000000 0.201652 -400572.186061 1.261833 4.772920 954.583913 0.109248 0.596759 119.351711
 0.700000 2.636589 1.913096 -0.723493 0.587245 681.446848 2.611556 -0.074287 1000.000000 1.987111 0.589626 100.000000 0.515339 -400569.751039 1.464651 0.563344 112.668833 0.100741 0.507439 101.487862
 0.750000 2.582898 1.880275 -0.702623 1.263373 670.505766 2.604444 -0.147101 1000.000000 2.023889 1.019788 100.000000 0.872687 -400571.803903 1.337985 2.710054 542.010754 0.184591 1.703695 340.739006
 0.800000 2.573653 1.925573 -0.648080 1.192889 743.261632 2.597333 -0.166241 1000.000000 2.060667 1.413623 100.000000 1.247382 -400568.014561 1.448200 0.751489 150.297883 0.002094 0.000219 0.043868
 0.850000 2.571212 2.041102 -0.530110 0.339409 393.120421 2.590222 -0.191276 1000.000000 2.097444 1.946660 100.000000 1.755384 -400569.492703 1.333242 2.821603 564.320578 0.090390 0.408521 81.704275
 0.900000 2.553195 1.863559 -0.689637 4.110409 1627.533896 2.583111 -0.242001 1000.000000 2.134222 2.565183 100.000000 2.323182 -400569.954827 1.508012 0.197090 39.418096 0.195397 1.909009 381.801823
 0.950000 2.561863 2.021881 -0.539982 1.211747 422.211193 2.576000 -0.271701 1000.000000 2.171000 3.182376 100.000000 2.910675 -400569.254980 1.404718 1.379094 275.818760 0.138807 0.963371 192.674206
 1.000000 2.592959 1.999189 -0.593770 2.465143 1014.451519 2.568889 -0.310022 1000.000000 2.207778 4.044385 100.000000 3.734363 -400569.253152 1.376674 1.884183 376.836508 0.084332 0.355598 71.119618
 1.050000 2.568626 2.079385 -0.489240 1.387508 319.707374 2.561778 -0.306290 1000.000000 2.244556 4.493355 100.000000 4.187065 -400567.468535 1.397461 1.502252 300.450475 0.131860 0.869349 173.869898
 1.100000 2.562615 1.963871 -0.598743 5.070686 1070.988903 2.554667 -0.390934 1000.000000 2.281333 5.661035 100.000000 5.270101 -400569.776374 1.452613 0.698366 139.673291 0.151790 1.152015 230.402971
 1.150000 2.582182 2.181060 -0.401122 1.538651 1386.835663 2.547556 -0.407903 1000.000000 2.318111 6.201869 100.000000 5.793966 -400563.606636 1.362316 2.173196 434.639218 0.078101 0.304992 60.998348
 1.200000 2.554690 2.130001 -0.424689 2.630204 708.692029 2.540444 -0.415266 1000.000000 2.354889 6.807359 100.000000 6.392092 -400563.775166 1.444342 0.799536 159.907191 0.053786 0.144646 28.929272
 1.250000 2.542874 2.148747 -0.394127 2.996015 681.132405 2.533333 -0.478950 1000.000000 2.391667 7.626194 100.000000 7.147244 -400563.087830 1.401223 1.437758 287.551599 0.156337 1.222057 244.411385
 1.300000 2.537700 2.148528 -0.389172 3.983526 915.268064 2.526222 -0.535525 1000.000000 2.428444 8.540411 100.000000 8.004886 -400564.935711 1.532678 0.072651 14.530193 0.097094 0.471366 94.273197
 1.350000 2.517434 2.258349 -0.259085 2.141243 430.781438 2.519111 -0.590284 1000.000000 2.465222 9.443010 100.000000 8.852726 -400562.404532 1.321977 3.095546 619.109258 0.045764 0.104719 20.943725
 1.400000 2.524900 2.736287 0.211387 2.827732 715.316034 2.512000 -0.661094 1000.000000 2.502000 9.490781 100.000000 8.829687 -400565.098007 1.605400 0.059872 11.974331 0.047352 0.112113 22.422534
 1.450000 2.494434 2.702857 0.208422 1.400745 378.517751 2.504889 -0.572904 1000.000000 2.538778 8.448881 100.000000 7.875977 -400565.350094 1.449436 0.736418 147.283622 0.079304 0.314457 62.891461
 1.500000 2.521021 2.796740 0.275719 2.716251 1029.472295 2.497778 -0.664222 1000.000000 2.575556 7.973880 100.000000 7.309658 -400563.411630 1.551341 0.018925 3.784918 0.085754 0.367686 73.537110
 1.550000 2.492218 2.721651 0.229433 0.598727 121.912199 2.490667 -0.587206 1000.000000 2.612333 7.094706 100.000000 6.507500 -400564.217560 1.432640 0.954361 190.872249 0.096086 0.461626 92.325117
 1.600000 2.492132 2.871592 0.379460 2.511669 568.533087 2.483556 -0.664253 1000.000000 2.649111 6.640895 100.000000 5.976642 -400569.598372 1.498137 0.263972 52.794478 0.189270 1.791166 358.233144
 1.650000 2.484295 2.796469 0.312174 0.642210 183.908753 2.476444 -0.608757 1000.000000 2.685889 5.932117 100.000000 5.323360 -400568.077905 1.542231 0.040800 8.159954 0.187857 1.764505 352.900910
 1.700000 2.461230 2.944529 0.483299 2.493979 557.895314 2.469333 -0.595240 1000.000000 2.722667 5.355101 100.000000 4.759861 -400570.840162 1.727219 1.223402 244.680382 0.106450 0.566584 113.316875
 1.750000 2.431304 2.873399 0.442095 1.127241 1085.772723 2.462222 -0.681595 1000.000000 2.759444 4.785308 100.000000 4.103713 -400566.918536 1.479194 0.419552 83.910463 0.068058 0.231592 46.318319
 1.800000 2.364767 3.002507 0.637740 6.208672 8587.541335 2.455111 -0.774812 1000.000000 2.796222 4.266012 100.000000 3.491200 -400572.489632 1.550450 0.020698 4.139532 0.161639 1.306353 261.270666
 1.850000 2.456402 2.873595 0.417194 0.117693 87.065707 2.448000 -0.960992 1000.000000 2.833000 3.738594 100.000000 2.777603 -400570.556671 1.701127 0.849306 169.861132 0.198509 1.970286 394.057282
 1.900000 2.396584 2.985366 0.588781 1.649475 2096.497175 2.440889 -1.191179 1000.000000 2.869778 3.668860 100.000000 2.477681 -400573.886410 1.578229 0.002762 0.552444 0.192288 1.848729 369.745799
 1.950000 2.470168 3.011113 0.540945 1.208742 1433.582393 2.433778 -1.180107 1000.000000 2.906556 3.133161 100.000000 1.953054 -400573.271001 1.492865 0.303665 60.732977 0.099085 0.490892 98.178497
 2.000000 2.406470 3.018201 0.611731 0.484206 463.947037 2.426667 -1.249810 1000.000000 2.943333 2.764030 100.000000 1.514220 -400573.180820 1.670236 0.494417 98.883334 0.067267 0.226246 45.249128
 2.050000 2.379108 3.032622 0.653513 0.955856 1663.550015 2.419556 -1.439995 1000.000000 2.980111 2.496192 100.000000 1.056197 -400574.231638 1.669464 0.486770 97.353987 0.177532 1.575886 315.177107
 2.100000 2.423371 3.136420 0.713049 0.774073 262.257766 2.412444 -1.664111 1000.000000 3.016889 2.297129 100.000000 0.633018 -400573.871897 1.450732 0.720771 144.154112 0.213452 2.278082 455.616384
 2.150000 2.365470 3.043175 0.677705 0.800032 1590.158503 2.405333 -1.863384 1000.000000 3.053667 1.834625 100.000000 -0.028758 -400575.130416 1.583655 0.008267 1.653448 0.223620 2.500304 500.060852
 2.200000 2.361887 3.083019 0.721133 0.662895 1320.828819 2.398222 -2.062494 1000.000000 3.090444 2.147283 100.000000 0.084789 -400576.591710 1.722699 1.153716 230.743111 0.075297 0.283485 56.697083
 2.250000 2.404099 3.300398 0.896299 1.583827 468.576589 2.391111 -2.204784 1000.000000 3.127222 1.683304 100.000000 -0.521480 -400570.952560 1.508186 0.196005 39.201086 0.096529 0.465891 93.178135
 2.300000 2.350226 3.155796 0.805570 0.573706 1141.353364 2.384000 -2.341884 1000.000000 3.164000 1.296241 100.000000 -1.045643 -400576.798970 1.717220 1.071995 214.398901 0.146194 1.068633 213.726640
 2.350000 2.328123 3.187318 0.859195 1.198130 2379.955256 2.376889 -2.550336 1000.000000 3.200778 1.563286 100.000000 -0.987051 -400577.019062 1.662630 0.421667 84.333458 0.123108 0.757782 151.556439
 2.400000 2.340628 3.456114 1.115486 2.813247 1327.402753 2.369778 -2.713583 1000.000000 3.237556 1.155774 100.000000 -1.557809 -400575.525019 1.496689 0.274597 54.919429 0.135822 0.922383 184.476579
 2.450000 2.341501 3.225051 0.883550 0.345431 472.276668 2.362667 -2.898443 1000.000000 3.274333 0.728999 100.000000 -2.169444 -400574.929970 1.630271 0.176863 35.372623 0.147072 1.081513 216.302582
 2.500000 2.332327 3.279685 0.947358 0.319152 549.423570 2.355556 -3.103329 1000.000000 3.311111 1.096648 100.000000 -2.006681 -400575.558474 1.842731 3.697431 739.486119 0.138657 0.961286 192.257249
 2.550000 2.310523 3.378504 1.067981 1.241068 2073.372207 2.355556 -3.103329 1000.000000 3.311111 1.096648 100.000000 -2.006681 -400575.497630 1.470366 0.504312 100.862493 0.065464 0.214276 42.855251
 2.600000 2.342464 3.431672 1.089208 0.812437 316.729037 2.355556 -3.103329 1000.000000 3.311111 1.096648 100.000000 -2.006681 -400572.186916 1.593485 0.025738 5.147664 0.111477 0.621352 124.270434
 2.650000 2.325426 3.187865 0.862439 1.213363 1059.671325 2.355556 -3.103329 1000.000000 3.311111 1.096648 100.000000 -2.006681 -400573.583790 1.782612 2.243289 448.657757 0.142799 1.019578 203.915680
 2.700000 2.330076 3.393549 1.063473 0.664412 717.188836 2.355556 -3.103329 1000.000000 3.311111 1.096648 100.000000 -2.006681 -400575.757403 1.656103 0.363859 72.771870 0.122123 0.745695 149.139097
 2.750000 2.308739 3.417386 1.108647 1.660609 2304.730807 2.355556 -3.103329 1000.000000 3.311111 1.096648 100.000000 -2.006681 -400577.361060 1.551819 0.018007 3.601468 0.085317 0.363952 72.790346
 2.800000 2.315608 3.260583 0.944975 0.925544 1621.311503 2.355556 -3.103329 1000.000000 3.311111 1.096648 100.000000 -2.006681 -400574.383936 1.760663 1.802466 360.493182 0.097976 0.479964 95.992843
 2.850000 2.337156 3.283825 0.946669 0.206506 346.004726 2.355556 -3.103329 1000.000000 3.311111 1.096648 100.000000 -2.006681 -400575.158724 1.616764 0.105650 21.130023 0.085353 0.364257 72.851472
 2.900000 2.289345 3.555965 1.266620 5.189601 4983.375871 2.355556 -3.103329 1000.000000 3.311111 1.096648 100.000000 -2.006681 -400572.461086 1.498895 0.258491 51.698242 0.082735 0.342258 68.451578
 2.950000 2.308874 3.301394 0.992521 1.094322 2180.145935 2.355556 -3.103329 1000.000000 3.311111 1.096648 100.000000 -2.006681 -400578.680942 1.658760 0.386878 77.375590 0.119513 0.714163 142.832514
 3.000000 2.325526 3.244379 0.918853 0.673561 946.333445 2.355556 -3.103329 1000.000000 3.311111 1.096648 100.000000 -2.006681 -400575.594572 1.641774 0.251893 50.378576 0.121320 0.735928 147.185597
 3.050000 2.353780 3.453282 1.099501 1.012198 205.275805 2.355556 -3.103329 1000.000000 3.311111 1.096648 100.000000 -2.006681 -400573.276619 1.543421 0.037470 7.493931 0.067327 0.226644 45.328770
 3.100000 2.284098 3.335270 1.051171 2.582240 5111.952886 2.355556 -3.103329 1000.000000 3.311111 1.096648 100.000000 -2.006681 -400579.624606 1.659212 0.390870 78.173940 0.086622 0.375170 75.034009
 3.150000 2.316182 3.225239 0.909057 1.143826 1623.994309 2.355556 -3.103329 1000.000000 3.311111 1.096648 100.000000 -2.006681 -400575.096385 1.753151 1.662661 332.532292 0.105063 0.551910 110.382068
 3.200000 2.346766 3.450525 1.103759 1.010435 271.618061 2.355556 -3.103329 1000.000000 3.311111 1.096648 100.000000 -2.006681 -400573.813868 1.510186 0.183678 36.735690 0.136275 0.928542 185.708315
 3.250000 2.331618 3.327992 0.996374 0.300752 575.856129 2.355556 -3.103329 1000.000000 3.311111 1.096648 100.000000 -2.006681 -400576.308775 1.630910 0.180684 36.136815 0.121143 0.733783 146.756553
 3.300000 2.301794 3.195791 0.893997 2.110099 3023.308142 2.355556 -3.103329 1000.000000 3.311111 1.096648 100.000000 -2.006681 -400579.826285 1.680414 0.600797 120.159452 0.134324 0.902150 180.429993
 3.350000 2.316684 3.459090 1.142407 1.850405 1730.000004 2.355556 -3.103329 1000.000000 3.311111 1.096648 100.000000 -2.006681 -400574.450319 1.560517 0.005283 1.056623 0.120142 0.721711 144.342182
 3.400000 2.301083 3.333457 1.032374 1.508601 2972.262224 2.355556 -3.103329 1000.000000 3.311111 1.096648 100.000000 -2.006681 -400577.905440 1.641246 0.248156 49.631267 0.101120 0.511259 102.251755
 3.450000 2.345659 3.228005 0.882346 0.394298 167.001092 2.355556 -3.103329 1000.000000 3.311111 1.096648 100.000000 -2.006681 -400575.904268 1.702642 0.869164 173.832766 0.129111 0.833477 166.695472
 3.500000 2.312714 3.466263 1.153549 2.121300 2076.111484 2.355556 -3.103329 1000.000000 3.311111 1.096648 100.000000 -2.006681 -400578.244836 1.610501 0.078823 15.764592 0.117112 0.685759 137.151715
 3.550000 2.325745 3.306000 0.980256 0.445649 888.947489 2.355556 -3.103329 1000.000000 3.311111 1.096648 100.000000 -2.006681 -400575.723632 1.584815 0.009826 1.965102 0.068072 0.231688 46.337572
 3.600000 2.338190 3.304619 0.966429 0.152893 301.993219 2.355556 -3.103329 1000.000000 3.311111 1.096648 100.000000 -2.006681 -400577.703261 1.667807 0.470552 94.110412 0.135837 0.922590 184.518060
 3.650000 2.362484 3.268281 0.905797 0.115722 66.341674 2.355556 -3.103329 1000.000000 3.311111 1.096648 100.000000 -2.006681 -400573.264779 1.510776 0.180124 36.024852 0.137529 0.945716 189.143133
 3.700000 2.353155 3.411367 1.058212 0.505440 106.273627 2.355556 -3.103329 1000.000000 3.311111 1.096648 100.000000 -2.006681 -400577.302088 1.632488 0.190293 38.058515 0.130669 0.853717 170.743452
 3.750000 2.314802 3.252903 0.938101 0.999851 1694.763312 2.355556 -3.103329 1000.000000 3.311111 1.096648 100.000000 -2.006681 -400576.715354 1.658203 0.381995 76.399070 0.100658 0.506605 101.320931
 3.800000 2.318259 3.457787 1.139528 1.771204 1606.151851 2.355556 -3.103329 1000.000000 3.311111 1.096648 100.000000 -2.006681 -400577.471154 1.710210 0.971815 194.362950 0.117015 0.684627 136.925329
 3.850000 2.312994 3.329265 1.016270 0.922201 1814.741313 2.355556 -3.103329 1000.000000 3.311111 1.096648 100.000000 -2.006681 -400575.327312 1.633585 0.197123 39.424694 0.040782 0.083157 16.631499
 3.900000 2.320958 3.346634 1.025676 0.661592 1209.616107 2.355556 -3.103329 1000.000000 3.311111 1.096648 100.000000 -2.006681 -400578.550870 1.699775 0.831771 166.354133 0.187455 1.756978 351.395613
 3.950000 2.338798 3.252674 0.913875 0.311148 314.951339 2.355556 -3.103329 1000.000000 3.311111 1.096648 100.000000 -2.006681 -400574.308043 1.458749 0.627730 125.546024 0.212751 2.263146 452.629211
 4.000000 2.343261 3.406951 1.063690 0.534845 243.016785 2.355556 -3.103329 1000.000000 3.311111 1.096648 100.000000 -2.006681 -400573.972267 1.566121 0.001093 0.218589 0.203007 2.060589 412.117853
 4.050000 2.353273 3.246356 0.893083 0.212266 47.140681 2.355556 -3.103329 1000.000000 3.311111 1.096648 100.000000 -2.006681 -400576.891217 1.612142 0.085474 17.094828 0.109148 0.595669 119.133744
 4.100000 2.343849 3.359010 1.015161 0.183241 159.994411 2.355556 -3.103329 1000.000000 3.311111 1.096648 100.000000 -2.006681 -400574.433455 1.703973 0.886801 177.360206 0.039994 0.079975 15.994964
 4.150000 2.367991 3.319981 0.951990 0.081250 155.419905 2.355556 -3.103329 1000.000000 3.311111 1.096648 100.000000 -2.006681 -400574.094017 1.579469 0.003760 0.752095 0.029351 0.043074 8.614738
 4.200000 2.349307 3.311955 0.962648 0.019558 39.052739 2.355556 -3.103329 1000.000000 3.311111 1.096648 100.000000 -2.006681 -400575.688362 1.624780 0.145712 29.142393 0.168495 1.419523 283.904602
 4.250000 2.366658 3.219971 0.853313 0.476957 206.334435 2.355556 -3.103329 1000.000000 3.311111 1.096648 100.000000 -2.006681 -400573.413956 1.472465 0.483449 96.689729 0.211108 2.228335 445.667075
 4.300000 2.387426 3.477032 1.089606 1.884346 1291.019167 2.355556 -3.103329 1000.000000 3.311111 1.096648 100.000000 -2.006681 -400576.433648 1.575227 0.000982 0.196305 0.202014 2.040479 408.095800
 4.350000 2.336043 3.195762 0.859719 0.855646 513.800431 2.355556 -3.103329 1000.000000 3.311111 1.096648 100.000000 -2.006681 -400575.089686 1.589298 0.017115 3.423030 0.102198 0.522221 104.444213
 4.400000 2.340346 3.362627 1.022281 0.248355 257.858693 2.355556 -3.103329 1000.000000 3.311111 1.096648 100.000000 -2.006681 -400573.485573 1.719960 1.112491 222.498134 0.033541 0.056249 11.249844
 4.450000 2.343422 3.325546 0.982124 0.084033 149.313053 2.355556 -3.103329 1000.000000 3.311111 1.096648 100.000000 -2.006681 -400575.464194 1.563934 0.002354 0.470854 0.073681 0.271447 54.289422
 4.500000 2.393346 3.266635 0.873289 0.812981 1447.930187 2.355556 -3.103329 1000.000000 3.311111 1.096648 100.000000 -2.006681 -400575.471900 1.672992 0.522197 104.439487 0.110857 0.614467 122.893338
 4.550000 2.330881 3.346451 1.015570 0.366865 621.327028 2.355556 -3.103329 1000.000000 3.311111 1.096648 100.000000 -2.006681 -400574.900332 1.558687 0.007332 1.466300 0.172865 1.494120 298.823998
 4.600000 2.352526 3.375468 1.022942 0.211678 50.596287 2.355556 -3.103329 1000.000000 3.311111 1.096648 100.000000 -2.006681 -400575.983590 1.599279 0.040562 8.112398 0.179611 1.612999 322.599839
 4.650000 2.342889 3.238920 0.896031 0.340796 212.553310 2.355556 -3.103329 1000.000000 3.311111 1.096648 100.000000 -2.006681 -400576.126385 1.640994 0.246388 49.277507 0.112344 0.631055 126.211041
 4.700000 2.364383 3.413797 1.049413 0.566182 183.373207 2.355556 -3.103329 1000.000000 3.311111 1.096648 100.000000 -2.006681 -400576.207941 1.614856 0.097063 19.412612 0.106371 0.565741 113.148268
 4.750000 2.330996 3.295067 0.964071 0.314458 605.747068 2.355556 -3.103329 1000.000000 3.311111 1.096648 100.000000 -2.006681 -400574.244381 1.594450 0.027975 5.595073 0.099882 0.498816 99.763197
 4.800000 2.348221 3.234875 0.886654 0.317498 111.919319 2.355556 -3.103329 1000.000000 3.311111 1.096648 100.000000 -2.006681 -400574.927511 1.679522 0.591061 118.212149 0.086965 0.378147 75.629413
 4.850000 2.350644 3.495490 1.144846 1.711842 364.075926 2.355556 -3.103329 1000.000000 3.311111 1.096648 100.000000 -2.006681 -400573.321890 1.575782 0.001243 0.248578 0.100312 0.503125 100.625060
 4.900000 2.343677 3.230930 0.887253 0.392002 205.392924 2.355556 -3.103329 1000.000000 3.311111 1.096648 100.000000 -2.006681 -400575.864701 1.655969 0.362719 72.543714 0.113959 0.649331 129.866115
 4.950000 2.325180 3.310320 0.985140 0.461364 922.672020 2.355556 -3.103329 1000.000000 3.311111 1.096648 100.000000 -2.006681 -400576.947030 1.699788 0.831939 166.387736 0.141128 0.995849 199.169756
 5.000000 2.338918 3.412992 1.074074 0.657389 380.611389 2.355556 -3.103329 1000.000000 3.311111 1.096648 100.000000 -2.006681 -400573.836618 1.476733 0.442391 88.478264 0.126176 0.796016 159.203144
 5.050000 2.357382 3.274342 0.916961 0.069265 16.854437 2.355556 -3.103329 1000.000000 3.311111 1.096648 100.000000 -2.006681 -400575.562298 1.644796 0.273797 54.759480 0.152429 1.161723 232.344582
 5.100000 2.304432 3.250798 0.946366 1.488692 2649.992534 2.355556 -3.103329 1000.000000 3.311111 1.096648 100.000000 -2.006681 -400580.276033 1.641436 0.249500 49.899953 0.090656 0.410922 82.184494
 5.150000 2.333808 3.471236 1.137428 1.518470 729.350724 2.355556 -3.103329 1000.000000 3.311111 1.096648 100.000000 -2.006681 -400578.108173 1.627347 0.159899 31.979858 0.061553 0.189436 37.887126
 5.200000 2.328941 3.230705 0.901764 0.677414 772.971250 2.355556 -3.103329 1000.000000 3.311111 1.096648 100.000000 -2.006681 -400578.620598 1.693819 0.756727 151.345418 0.081215 0.329794 65.958851
 5.250000 2.302924 3.334732 1.031808 1.412918 2775.620762 2.355556 -3.103329 1000.000000 3.311111 1.096648 100.000000 -2.006681 -400578.053453 1.602176 0.049235 9.847032 0.125208 0.783851 156.770285
 5.300000 2.343081 3.385374 1.042293 0.353557 210.759669 2.355556 -3.103329 1000.000000 3.311111 1.096648 100.000000 -2.006681 -400578.615953 1.537345 0.055948 11.189684 0.132683 0.880241 176.048160
 5.350000 2.319788 3.279562 0.959774 0.689433 1289.285059 2.355556 -3.103329 1000.000000 3.311111 1.096648 100.000000 -2.006681 -400579.235296 1.695476 0.777252 155.450412 0.113059 0.639118 127.823550
 5.400000 2.280577 3.321063 1.040486 2.815816 5622.716910 2.355556 -3.103329 1000.000000 3.311111 1.096648 100.000000 -2.006681 -400578.284218 1.689129 0.700129 140.025771 0.062319 0.194181 38.836163
 5.450000 2.337591 3.484362 1.146770 1.662147 622.880162 2.355556 -3.103329 1000.000000 3.311111 1.096648 100.000000 -2.006681 -400573.722899 1.632623 0.191129 38.225889 0.034903 0.060910 12.182008
 5.500000 2.334621 3.263198 0.928577 0.333919 461.226094 2.355556 -3.103329 1000.000000 3.311111 1.096648 100.000000 -2.006681 -400576.231661 1.614281 0.094546 18.909300 0.059444 0.176681 35.336270
 5.550000 2.332899 3.302429 0.969530 0.260430 514.076368 2.355556 -3.103329 1000.000000 3.311111 1.096648 100.000000 -2.006681 -400576.719284 1.680133 0.597723 119.544640 0.123855 0.767007 153.401386
 5.600000 2.302913 3.404017 1.101104 1.817198 2857.560200 2.355556 -3.103329 1000.000000 3.311111 1.096648 100.000000 -2.006681 -400579.306014 1.601392 0.046805 9.360992 0.126163 0.795854 159.170770
 5.650000 2.316760 3.356729 1.039969 0.856584 1525.877053 2.355556 -3.103329 1000.000000 3.311111 1.096648 100.000000 -2.006681 -400579.458556 1.595101 0.029535 5.907011 0.156409 1.223185 244.636943
 5.700000 2.333612 3.295641 0.962030 0.252728 483.918670 2.355556 -3.103329 1000.000000 3.311111 1.096648 100.000000 -2.006681 -400576.928303 1.715598 1.048377 209.675343 0.142993 1.022348 204.469615
 5.750000 2.306706 3.313547 1.006841 1.193446 2386.358488 2.355556 -3.103329 1000.000000 3.311111 1.096648 100.000000 -2.006681 -400577.076340 1.663718 0.431718 86.343672 0.046388 0.107591 21.518174
 5.800000 2.288588 3.420171 1.131583 2.837004 4603.542959 2.355556 -3.103329 1000.000000 3.311111 1.096648 100.000000 -2.006681 -400578.361317 1.617870 0.110796 22.159223 0.032178 0.051772 10.354323
 5.850000 2.310423 3.323572 1.013149 1.026245 2038.514433 2.355556 -3.103329 1000.000000 3.311111 1.096648 100.000000 -2.006681 -400577.400169 1.722208 1.146282 229.256316 0.076449 0.292225 58.444921
 5.900000 2.293989 3.340422 1.046433 1.938201 3799.081991 2.355556 -3.103329 1000.000000 3.311111 1.096648 100.000000 -2.006681 -400578.723199 1.627116 0.158597 31.719438 0.173844 1.511082 302.216441
 5.950000 2.326951 3.401019 1.074068 0.813275 899.041536 2.355556 -3.103329 1000.000000 3.311111 1.096648 100.000000 -2.006681 -400576.613893 1.468916 0.518981 103.796134 0.206124 2.124354 424.870822
 6.000000 2.338797 3.336597 0.997800 0.172901 287.343833 2.355556 -3.103329 1000.000000 3.311111 1.096648 100.000000 -2.006681 -400577.251771 1.613400 0.090753 18.150522 0.165401 1.367869 273.573793
 6.050000 2.343005 3.242580 0.899575 0.313592 204.494082 2.355556 -3.103329 1000.000000 3.311111 1.096648 100.000000 -2.006681 -400576.710062 1.681996 0.618266 123.653150 0.060562 0.183386 36.677259
 6.100000 2.310147 3.475256 1.165108 2.378124 2331.335933 2.355556 -3.103329 1000.000000 3.311111 1.096648 100.000000 -2.006681 -400576.488536 1.711909 0.995634 199.126729 0.055187 0.152279 30.455701
 6.150000 2.302533 3.277514 0.974981 1.462148 2822.704781 2.355556 -3.103329 1000.000000 3.311111 1.096648 100.000000 -2.006681 -400577.021306 1.611174 0.081519 16.303789 0.106210 0.564026 112.805274
 6.200000 2.338595 3.353703 1.015108 0.234540 305.814462 2.355556 -3.103329 1000.000000 3.311111 1.096648 100.000000 -2.006681 -400577.432120 1.638168 0.226949 45.389778 0.194418 1.889914 377.982789
 6.250000 2.361905 3.309147 0.947243 0.020350 40.352667 2.355556 -3.103329 1000.000000 3.311111 1.096648 100.000000 -2.006681 -400576.395209 1.526967 0.096049 19.209844 0.181291 1.643319 328.663743
 6.300000 2.314710 3.318262 1.003551 0.836725 1668.848485 2.355556 -3.103329 1000.000000 3.311111 1.096648 100.000000 -2.006681 -400578.743863 1.648886 0.304898 60.979672 0.120778 0.729363 145.872552
 6.350000 2.353553 3.314695 0.961142 0.002648 4.139682 2.355556 -3.103329 1000.000000 3.311111 1.096648 100.000000 -2.006681 -400575.538916 1.627783 0.162374 32.474733 0.059876 0.179254 35.850873
 6.400000 2.319540 3.365132 1.045592 0.794483 1326.322951 2.355556 -3.103329 1000.000000 3.311111 1.096648 100.000000 -2.006681 -400576.547409 1.589683 0.017835 3.566952 0.088227 0.389204 77.840828
 6.450000 2.342931 3.372625 1.029694 0.268891 197.224164 2.355556 -3.103329 1000.000000 3.311111 1.096648 100.000000 -2.006681 -400575.771728 1.624810 0.145873 29.174557 0.090385 0.408472 81.694499
 6.500000 2.350121 3.307663 0.957541 0.015360 29.649535 2.355556 -3.103329 1000.000000 3.311111 1.096648 100.000000 -2.006681 -400579.612814 1.691549 0.729063 145.812603 0.062685 0.196471 39.294293
 6.550000 2.308539 3.313916 1.005377 1.105659 2210.609185 2.355556 -3.103329 1000.000000 3.311111 1.096648 100.000000 -2.006681 -400577.562133 1.603598 0.053798 10.759659 0.139166 0.968364 193.672819
 6.600000 2.355730 3.344363 0.988632 0.055299 11.087274 2.355556 -3.103329 1000.000000 3.311111 1.096648 100.000000 -2.006681 -400576.711846 1.606525 0.063829 12.765710 0.164804 1.358012 271.602471
 6.650000 2.368824 3.277733 0.908909 0.143735 187.201173 2.355556 -3.103329 1000.000000 3.311111 1.096648 100.000000 -2.006681 -400577.054513 1.629378 0.171593 34.318590 0.136888 0.936921 187.384193
 6.700000 2.337690 3.362330 1.024640 0.290759 345.418998 2.355556 -3.103329 1000.000000 3.311111 1.096648 100.000000 -2.006681 -400574.953683 1.595554 0.030647 6.129322 0.118871 0.706521 141.304241
 6.750000 2.330523 3.294438 0.963915 0.327204 629.389543 2.355556 -3.103329 1000.000000 3.311111 1.096648 100.000000 -2.006681 -400577.116564 1.663878 0.433213 86.642631 0.107782 0.580848 116.169503
 6.800000 2.337963 3.263508 0.925545 0.268050 332.153033 2.355556 -3.103329 1000.000000 3.311111 1.096648 100.000000 -2.006681 -400576.799964 1.653208 0.339588 67.917558 0.065086 0.211809 42.361766
 6.850000 2.345921 3.423399 1.077478 0.676839 218.911550 2.355556 -3.103329 1000.000000 3.311111 1.096648 100.000000 -2.006681 -400577.240788 1.600132 0.043029 8.605743 0.100743 0.507460 101.492089
 6.900000 2.341679 3.286813 0.945134 0.125804 198.470451 2.355556 -3.103329 1000.000000 3.311111 1.096648 100.000000 -2.006681 -400579.448265 1.655342 0.357397 71.479486 0.142210 1.011189 202.237732
 6.950000 2.308433 3.310049 1.001615 1.110310 2220.519038 2.355556 -3.103329 1000.000000 3.311111 1.096648 100.000000 -2.006681 -400579.858672 1.635399 0.208672 41.734491 0.117969 0.695838 139.167589
 7.000000 2.305083 3.416975 1.111892 1.834109 2659.578014 2.355556 -3.103329 1000.000000 3.311111 1.096648 100.000000 -2.006681 -400577.933312 1.537190 0.056471 11.294111 0.127864 0.817454 163.490865
 7.050000 2.338680 3.270327 0.931647 0.225552 301.405944 2.355556 -3.103329 1000.000000 3.311111 1.096648 100.000000 -2.006681 -400577.489173 1.678638 0.581486 116.297248 0.130263 0.848427 169.685401
 7.100000 2.286759 3.312429 1.025669 2.366538 4732.919080 2.355556 -3.103329 1000.000000 3.311111 1.096648 100.000000 -2.006681 -400577.850714 1.642160 0.254636 50.927160 0.071925 0.258661 51.732207
 7.150000 2.314881 3.454630 1.139749 1.857075 1860.357700 2.355556 -3.103329 1000.000000 3.311111 1.096648 100.000000 -2.006681 -400579.929701 1.660218 0.399812 79.962383 0.062658 0.196299 39.259727
 7.200000 2.296668 3.265475 0.968808 1.838030 3488.624018 2.355556 -3.103329 1000.000000 3.311111 1.096648 100.000000 -2.006681 -400579.426054 1.654900 0.353670 70.733921 0.091932 0.422578 84.515592
 7.250000 2.286909 3.392253 1.105344 2.685366 4778.166337 2.355556 -3.103329 1000.000000 3.311111 1.096648 100.000000 -2.006681 -400579.674213 1.646549 0.286920 57.384071 0.126193 0.796229 159.245869
 7.300000 2.315300 3.369150 1.053850 0.978699 1654.231464 2.355556 -3.103329 1000.000000 3.311111 1.096648 100.000000 -2.006681 -400578.337538 1.547854 0.026319 5.263727 0.118229 0.698905 139.780943
 7.350000 2.332729 3.300480 0.967751 0.266186 522.199196 2.355556 -3.103329 1000.000000 3.311111 1.096648 100.000000 -2.006681 -400577.767637 1.710027 0.969262 193.852343 0.129343 0.836479 167.295811
 7.400000 2.296325 3.293772 0.997446 1.769138 3511.216694 2.355556 -3.103329 1000.000000 3.311111 1.096648 100.000000 -2.006681 -400575.885562 1.591257 0.020933 4.186543 0.061168 0.187077 37.415362
 7.450000 2.309942 3.460865 1.150923 2.161611 2304.861564 2.355556 -3.103329 1000.000000 3.311111 1.096648 100.000000 -2.006681 -400576.972576 1.661140 0.408097 81.619475 0.052918 0.140016 28.003293
 7.500000 2.289847 3.238965 0.949118 2.419038 4369.620829 2.355556 -3.103329 1000.000000 3.311111 1.096648 100.000000 -2.006681 -400576.481019 1.649139 0.306876 61.375191 0.081202 0.329692 65.938418
 7.550000 2.356076 3.393218 1.037141 0.337209 67.685987 2.355556 -3.103329 1000.000000 3.311111 1.096648 100.000000 -2.006681 -400575.804580 1.639652 0.237053 47.410679 0.129960 0.844482 168.896421
 7.600000 2.286191 3.372137 1.085946 2.591937 4848.696399 2.355556 -3.103329 1000.000000 3.311111 1.096648 100.000000 -2.006681 -400577.517154 1.582010 0.006287 1.257469 0.106195 0.563867 112.773417
 7.650000 2.325328 3.286202 0.960874 0.487871 919.900713 2.355556 -3.103329 1000.000000 3.311111 1.096648 100.000000 -2.006681 -400577.377408 1.699475 0.827905 165.580920 0.112572 0.633627 126.725498
 7.700000 2.371731 3.317393 0.945662 0.132788 262.025686 2.355556 -3.103329 1000.000000 3.311111 1.096648 100.000000 -2.006681 -400574.612630 1.575848 0.001276 0.255202 0.089682 0.402145 80.429016
 7.750000 2.368027 3.373456 1.005429 0.272115 194.405912 2.355556 -3.103329 1000.000000 3.311111 1.096648 100.000000 -2.006681 -400572.805602 1.566316 0.001003 0.200690 0.052875 0.139788 27.957694
 7.800000 2.332336 3.340267 1.007931 0.312078 547.647658 2.355556 -3.103329 1000.000000 3.311111 1.096648 100.000000 -2.006681 -400576.638895 1.751810 1.638300 327.660059 0.082579 0.340968 68.193678
 7.850000 2.350137 3.227001 0.876864 0.368406 100.104167 2.355556 -3.103329 1000.000000 3.311111 1.096648 100.000000 -2.006681 -400577.023188 1.583318 0.007840 1.567938 0.095967 0.460485 92.097001
 7.900000 2.352584 3.454028 1.101444 1.025680 213.082942 2.355556 -3.103329 1000.000000 3.311111 1.096648 100.000000 -2.006681 -400577.474811 1.589168 0.016875 3.375086 0.126546 0.800694 160.138729
 7.950000 2.330504 3.207686 0.877182 0.848625 734.537921 2.355556 -3.103329 1000.000000 3.311111 1.096648 100.000000 -2.006681 -400576.598942 1.601829 0.048151 9.630122 0.112098 0.628295 125.659041
 8.000000 2.368796 3.341387 0.972591 0.133481 184.466135 2.355556 -3.103329 1000.000000 3.311111 1.096648 100.000000 -2.006681 -400575.586937 1.701912 0.859571 171.914203 0.084735 0.359001 71.800263
 8.050000 2.341331 3.354467 1.013136 0.195154 221.135469 2.355556 -3.103329 1000.000000 3.311111 1.096648 100.000000 -2.006681 -400575.579194 1.554810 0.012778 2.555579 0.082629 0.341379 68.275822
 8.100000 2.342010 3.295362 0.953352 0.104143 185.962784 2.355556 -3.103329 1000.000000 3.311111 1.096648 100.000000 -2.006681 -400577.695253 1.712426 1.002949 200.589836 0.101730 0.517448 103.489668
 8.150000 2.313331 3.326421 1.013090 0.903174 1785.252507 2.355556 -3.103329 1000.000000 3.311111 1.096648 100.000000 -2.006681 -400576.471245 1.613600 0.091607 18.321414 0.112639 0.634374 126.874834
 8.200000 2.361777 3.403718 1.041941 0.448158 124.466407 2.355556 -3.103329 1000.000000 3.311111 1.096648 100.000000 -2.006681 -400577.126933 1.629348 0.171415 34.283068 0.082999 0.344438 68.887529
 8.250000 2.331394 3.226769 0.895375 0.647572 654.923949 2.355556 -3.103329 1000.000000 3.311111 1.096648 100.000000 -2.006681 -400577.354775 1.638761 0.230961 46.192221 0.091112 0.415070 83.014039
 8.300000 2.336274 3.370341 1.034066 0.361294 406.856299 2.355556 -3.103329 1000.000000 3.311111 1.096648 100.000000 -2.006681 -400577.049807 1.620668 0.124357 24.871410 0.090442 0.408991 81.798280
 8.350000 2.324277 3.339314 1.015037 0.528952 986.318371 2.355556 -3.103329 1000.000000 3.311111 1.096648 100.000000 -2.006681 -400577.710601 1.583755 0.008396 1.679276 0.089520 0.400691 80.138276
 8.400000 2.313999 3.288559 0.974560 0.888907 1732.040640 2.355556 -3.103329 1000.000000 3.311111 1.096648 100.000000 -2.006681 -400578.238416 1.689648 0.706289 141.257893 0.098771 0.487786 97.557149
 8.450000 2.341663 3.378088 1.036425 0.320791 237.851097 2.355556 -3.103329 1000.000000 3.311111 1.096648 100.000000 -2.006681 -400575.620589 1.601880 0.048309 9.661804 0.102595 0.526285 105.257038
 8.500000 2.339267 3.369887 1.030620 0.305387 299.857812 2.355556 -3.103329 1000.000000 3.311111 1.096648 100.000000 -2.006681 -400577.695265 1.599295 0.040608 8.121564 0.113323 0.642103 128.420539
 8.550000 2.300785 3.248148 0.947362 1.698116 3039.435238 2.355556 -3.103329 1000.000000 3.311111 1.096648 100.000000 -2.006681 -400575.393375 1.684971 0.651788 130.357525 0.111419 0.620707 124.141489
 8.600000 2.317681 3.359020 1.041339 0.832003 1457.433331 2.355556 -3.103329 1000.000000 3.311111 1.096648 100.000000 -2.006681 -400577.895917 1.563981 0.002322 0.464470 0.125134 0.782926 156.585200
 8.650000 2.316655 3.398468 1.081813 1.138176 1589.541763 2.355556 -3.103329 1000.000000 3.311111 1.096648 100.000000 -2.006681 -400576.663795 1.619283 0.117549 23.509726 0.115255 0.664191 132.838117
 8.700000 2.300172 3.240645 0.940473 1.781958 3117.023123 2.355556 -3.103329 1000.000000 3.311111 1.096648 100.000000 -2.006681 -400576.184564 1.680781 0.604832 120.966439 0.106932 0.571722 114.344398
 8.750000 2.313666 3.413899 1.100233 1.405628 1860.370782 2.355556 -3.103329 1000.000000 3.311111 1.096648 100.000000 -2.006681 -400578.348800 1.653519 0.342149 68.429834 0.091991 0.423120 84.624087
 8.800000 2.334115 3.350394 1.016279 0.307008 475.130006 2.355556 -3.103329 1000.000000 3.311111 1.096648 100.000000 -2.006681 -400576.207013 1.612568 0.087243 17.448624 0.093669 0.438698 87.739543
 8.850000 2.303730 3.287813 0.984083 1.370099 2691.346483 2.355556 -3.103329 1000.000000 3.311111 1.096648 100.000000 -2.006681 -400579.374179 1.635278 0.207895 41.579068 0.146165 1.068215 213.643083
 8.900000 2.312413 3.351608 1.039194 1.012630 1877.662844 2.355556 -3.103329 1000.000000 3.311111 1.096648 100.000000 -2.006681 -400578.716984 1.563216 0.002873 0.574558 0.130676 0.853811 170.762236
 8.950000 2.337085 3.333302 0.996217 0.195201 346.085353 2.355556 -3.103329 1000.000000 3.311111 1.096648 100.000000 -2.006681 -400576.865443 1.619605 0.119117 23.823342 0.082032 0.336459 67.291883
 9.000000 2.359022 3.281653 0.922631 0.049397 20.693730 2.355556 -3.103329 1000.000000 3.311111 1.096648 100.000000 -2.006681 -400576.719584 1.672842 0.520667 104.133425 0.070590 0.249148 49.829563
 9.050000 2.327663 3.371516 1.043854 0.571449 814.508744 2.355556 -3.103329 1000.000000 3.311111 1.096648 100.000000 -2.006681 -400576.804983 1.659862 0.396632 79.326493 0.064694 0.209264 41.852867
 9.100000 2.326416 3.330235 1.003819 0.442837 852.757807 2.355556 -3.103329 1000.000000 3.311111 1.096648 100.000000 -2.006681 -400575.594469 1.592296 0.023112 4.622317 0.125904 0.792596 158.519216
 9.150000 2.385291 3.278275 0.892984 0.496002 894.966384 2.355556 -3.103329 1000.000000 3.311111 1.096648 100.000000 -2.006681 -400574.852688 1.542834 0.039094 7.818862 0.203172 2.063934 412.786855
 9.200000 2.340662 3.339433 0.998772 0.151023 229.852226 2.355556 -3.103329 1000.000000 3.311111 1.096648 100.000000 -2.006681 -400574.215584 1.518789 0.135237 27.047491 0.185051 1.712194 342.438723
 9.250000 2.339332 3.350215 1.010883 0.208063 278.506380 2.355556 -3.103329 1000.000000 3.311111 1.096648 100.000000 -2.006681 -400577.451649 1.617126 0.107322 21.464477 0.104247 0.543370 108.673970
 9.300000 2.299069 3.298519 0.999449 1.603276 3192.281005 2.355556 -3.103329 1000.000000 3.311111 1.096648 100.000000 -2.006681 -400575.615719 1.682426 0.623054 124.610763 0.021795 0.023750 4.750010
 9.350000 2.369166 3.344610 0.975444 0.148729 196.460552 2.355556 -3.103329 1000.000000 3.311111 1.096648 100.000000 -2.006681 -400574.309077 1.699743 0.831362 166.272496 0.013931 0.009703 1.940612
 9.400000 2.336173 3.318088 0.981915 0.190275 376.168521 2.355556 -3.103329 1000.000000 3.311111 1.096648 100.000000 -2.006681 -400577.546292 1.619229 0.117284 23.456897 0.072282 0.261236 52.247199
 9.450000 2.322756 3.343124 1.020368 0.589148 1086.063388 2.355556 -3.103329 1000.000000 3.311111 1.096648 100.000000 -2.006681 -400578.321097 1.614252 0.094421 18.884181 0.149500 1.117517 223.503330
 9.500000 2.303877 3.343137 1.039260 1.386596 2680.881971 2.355556 -3.103329 1000.000000 3.311111 1.096648 100.000000 -2.006681 -400576.923947 1.567293 0.000614 0.122758 0.166323 1.383168 276.633545
 9.550000 2.357031 3.321540 0.964510 0.006527 3.263893 2.355556 -3.103329 1000.000000 3.311111 1.096648 100.000000 -2.006681 -400574.342088 1.661175 0.408419 81.683829 0.102850 0.528905 105.780920
 9.600000 2.309678 3.336802 1.027124 1.085363 2111.324241 2.355556 -3.103329 1000.000000 3.311111 1.096648 100.000000 -2.006681 -400577.321551 1.631294 0.182997 36.599461 0.077889 0.303332 60.666425
 9.650000 2.304419 3.344794 1.040376 1.364213 2626.313683 2.355556 -3.103329 1000.000000 3.311111 1.096648 100.000000 -2.006681 -400577.063954 1.664627 0.440207 88.041451 0.067850 0.230184 46.036868
 9.700000 2.304201 3.317741 1.013540 1.320857 2637.757903 2.355556 -3.103329 1000.000000 3.311111 1.096648 100.000000 -2.006681 -400578.111479 1.611157 0.081449 16.289765 0.118531 0.702476 140.495160
 9.750000 2.351871 3.377323 1.025451 0.225985 57.413695 2.355556 -3.103329 1000.000000 3.311111 1.096648 100.000000 -2.006681 -400575.801142 1.647857 0.296919 59.383713 0.144926 1.050173 210.034518
 9.800000 2.262381 3.328802 1.066421 4.356376 8684.583369 2.355556 -3.103329 1000.000000 3.311111 1.096648 100.000000 -2.006681 -400578.849343 1.639962 0.239194 47.838713 0.110806 0.613897 122.779438
 9.850000 2.319519 3.328116 1.008597 0.663762 1301.499580 2.355556 -3.103329 1000.000000 3.311111 1.096648 100.000000 -2.006681 -400578.227813 1.654463 0.350004 70.000749 0.085940 0.369284 73.856853
 9.900000 2.336566 3.320976 0.984410 0.185158 361.557702 2.355556 -3.103329 1000.000000 3.311111 1.096648 100.000000 -2.006681 -400577.280232 1.601499 0.047134 9.426745 0.115227 0.663859 132.771875
 9.950000 2.328055 3.322250 0.994195 0.384345 757.523087 2.355556 -3.103329 1000.000000 3.311111 1.096648 100.000000 -2.006681 -400579.189335 1.634040 0.199989 39.997884 0.096247 0.463173 92.634668
 10.000000 2.292993 3.362687 1.069693 2.090019 3940.634418 2.355556 -3.103329 1000.000000 3.311111 1.096648 100.000000 -2.006681 -400575.096276 1.623754 0.140226 28.045280 0.130345 0.849495 169.899028
 10.050000 2.336622 3.327382 0.990759 0.192468 361.108877 2.355556 -3.103329 1000.000000 3.311111 1.096648 100.000000 -2.006681 -400577.148619 1.696059 0.784536 156.907180 0.116185 0.674950 134.989988
 10.100000 2.344009 3.331959 0.987950 0.088390 137.662953 2.355556 -3.103329 1000.000000 3.311111 1.096648 100.000000 -2.006681 -400574.610186 1.617612 0.109586 21.917154 0.130419 0.850457 170.091493
 10.150000 2.309297 3.348531 1.039234 1.139921 2153.818804 2.355556 -3.103329 1000.000000 3.311111 1.096648 100.000000 -2.006681 -400576.761827 1.560982 0.004816 0.963214 0.148914 1.108769 221.753748
 10.200000 2.279507 3.325519 1.046013 2.902108 5785.531197 2.355556 -3.103329 1000.000000 3.311111 1.096648 100.000000 -2.006681 -400578.474019 1.617360 0.108409 21.681745 0.147212 1.083565 216.713089
 10.250000 2.346140 3.290192 0.944051 0.066203 93.019700 2.355556 -3.103329 1000.000000 3.311111 1.096648 100.000000 -2.006681 -400578.074823 1.620406 0.123055 24.610987 0.091030 0.414320 82.863907
 10.300000 2.339947 3.381474 1.041528 0.369367 293.143899 2.355556 -3.103329 1000.000000 3.311111 1.096648 100.000000 -2.006681 -400575.552285 1.639388 0.235244 47.048731 0.053177 0.141392 28.278458
 10.350000 2.333002 3.287519 0.954516 0.282154 514.212766 2.355556 -3.103329 1000.000000 3.311111 1.096648 100.000000 -2.006681 -400572.460922 1.640664 0.244076 48.815212 0.076036 0.289070 57.813984
 10.400000 2.301048 3.327497 1.026449 1.498965 2973.766168 2.355556 -3.103329 1000.000000 3.311111 1.096648 100.000000 -2.006681 -400578.802409 1.660820 0.405210 81.041948 0.129368 0.836805 167.360905
 10.450000 2.356421 3.348390 0.991969 0.069861 14.646881 2.355556 -3.103329 1000.000000 3.311111 1.096648 100.000000 -2.006681 -400575.467885 1.551963 0.017734 3.546873 0.142989 1.022290 204.458007
 10.500000 2.326313 3.322516 0.996203 0.434070 856.433881 2.355556 -3.103329 1000.000000 3.311111 1.096648 100.000000 -2.006681 -400577.090119 1.583691 0.008313 1.662656 0.139263 0.969709 193.941754
 10.550000 2.342642 3.273932 0.931290 0.152488 180.573647 2.355556 -3.103329 1000.000000 3.311111 1.096648 100.000000 -2.006681 -400577.665520 1.669063 0.482821 96.564269 0.079433 0.315482 63.096425
 10.600000 2.331483 3.356893 1.025410 0.394553 600.471329 2.355556 -3.103329 1000.000000 3.311111 1.096648 100.000000 -2.006681 -400575.023632 1.597700 0.036191 7.238245 0.067813 0.229927 45.985495
 10.650000 2.363072 3.325451 0.962379 0.038533 58.558679 2.355556 -3.103329 1000.000000 3.311111 1.096648 100.000000 -2.006681 -400575.492258 1.624634 0.144922 28.984481 0.067028 0.224638 44.927501
 10.700000 2.344341 3.273022 0.928681 0.135427 140.281599 2.355556 -3.103329 1000.000000 3.311111 1.096648 100.000000 -2.006681 -400574.856158 1.604655 0.057322 11.464407 0.152062 1.156147 231.229397
 10.750000 2.340503 3.338060 0.997557 0.149603 233.842440 2.355556 -3.103329 1000.000000 3.311111 1.096648 100.000000 -2.006681 -400577.221201 1.621781 0.129970 25.993903 0.157058 1.233355 246.671080
 10.800000 2.335974 3.361667 1.025693 0.319520 409.009787 2.355556 -3.103329 1000.000000 3.311111 1.096648 100.000000 -2.006681 -400575.137313 1.611010 0.080858 16.171633 0.123965 0.768365 153.673011
 10.850000 2.330476 3.316380 0.985903 0.315869 629.239749 2.355556 -3.103329 1000.000000 3.311111 1.096648 100.000000 -2.006681 -400578.541216 1.610687 0.079564 15.912821 0.129907 0.843788 168.757600
 10.900000 2.319365 3.295075 0.975709 0.667731 1312.316038 2.355556 -3.103329 1000.000000 3.311111 1.096648 100.000000 -2.006681 -400575.938752 1.615034 0.097848 19.569635 0.092346 0.426391 85.278132
 10.950000 2.357618 3.342480 0.984862 0.051328 14.094751 2.355556 -3.103329 1000.000000 3.311111 1.096648 100.000000 -2.006681 -400574.849486 1.641979 0.253350 50.670088 0.064424 0.207524 41.504733
 11.000000 2.348788 3.284977 0.936189 0.057049 52.627974 2.355556 -3.103329 1000.000000 3.311111 1.096648 100.000000 -2.006681 -400575.997843 1.620420 0.123123 24.624665 0.059850 0.179103 35.820504
 11.050000 2.307187 3.394103 1.086916 1.514154 2408.425366 2.355556 -3.103329 1000.000000 3.311111 1.096648 100.000000 -2.006681 -400578.202579 1.657601 0.376756 75.351244 0.108523 0.588867 117.773301
 11.100000 2.322731 3.292185 0.969455 0.556638 1081.040144 2.355556 -3.103329 1000.000000 3.311111 1.096648 100.000000 -2.006681 -400578.722588 1.601714 0.047796 9.559286 0.125072 0.782146 156.429256
 11.150000 2.320379 3.355839 1.035460 0.718721 1257.388581 2.355556 -3.103329 1000.000000 3.311111 1.096648 100.000000 -2.006681 -400577.793313 1.675012 0.543042 108.608332 0.146982 1.080180 216.036027
 11.200000 2.333352 3.296983 0.963631 0.256483 495.002460 2.355556 -3.103329 1000.000000 3.311111 1.096648 100.000000 -2.006681 -400575.975632 1.539852 0.047877 9.575443 0.125837 0.791743 158.348648
 11.250000 2.337386 3.354120 1.016734 0.257554 348.624892 2.355556 -3.103329 1000.000000 3.311111 1.096648 100.000000 -2.006681 -400577.406837 1.641871 0.252577 50.515451 0.109755 0.602303 120.460626
 11.300000 2.347248 3.244071 0.896823 0.259224 113.956888 2.355556 -3.103329 1000.000000 3.311111 1.096648 100.000000 -2.006681 -400577.499433 1.626429 0.154748 30.949554 0.051386 0.132028 26.405682
 11.350000 2.348622 3.402095 1.053473 0.437937 130.853572 2.355556 -3.103329 1000.000000 3.311111 1.096648 100.000000 -2.006681 -400574.525144 1.695988 0.783645 156.728913 0.042804 0.091610 18.322037
 11.400000 2.320801 3.321126 1.000325 0.608962 1208.896640 2.355556 -3.103329 1000.000000 3.311111 1.096648 100.000000 -2.006681 -400576.162780 1.613253 0.090129 18.025749 0.083824 0.351324 70.264876
 11.450000 2.297851 3.352934 1.055083 1.752387 3347.352748 2.355556 -3.103329 1000.000000 3.311111 1.096648 100.000000 -2.006681 -400575.791111 1.639828 0.238268 47.653501 0.163097 1.330038 266.007599
 11.500000 2.315549 3.368530 1.052980 0.965090 1633.460962 2.355556 -3.103329 1000.000000 3.311111 1.096648 100.000000 -2.006681 -400576.072496 1.633241 0.194965 38.993000 0.182717 1.669279 333.855735
 11.550000 2.300588 3.344820 1.044232 1.567553 3032.841009 2.355556 -3.103329 1000.000000 3.311111 1.096648 100.000000 -2.006681 -400578.623209 1.526735 0.097071 19.414128 0.160268 1.284291 256.858208
 11.600000 2.348483 3.360277 1.011795 0.145879 74.198013 2.355556 -3.103329 1000.000000 3.311111 1.096648 100.000000 -2.006681 -400575.279771 1.623098 0.136772 27.354482 0.160333 1.285333 257.066657
 11.650000 2.320233 3.255201 0.934968 0.780121 1278.908228 2.355556 -3.103329 1000.000000 3.311111 1.096648 100.000000 -2.006681 -400575.241604 1.660185 0.399518 79.903619 0.112863 0.636907 127.381367
 11.700000 2.349989 3.378222 1.028233 0.240689 76.027702 2.355556 -3.103329 1000.000000 3.311111 1.096648 100.000000 -2.006681 -400576.708082 1.628906 0.168836 33.767233 0.070944 0.251654 50.330869
 11.750000 2.317119 3.323282 1.006162 0.746074 1478.816081 2.355556 -3.103329 1000.000000 3.311111 1.096648 100.000000 -2.006681 -400575.203991 1.590951 0.020311 4.062109 0.070089 0.245627 49.125336
 11.800000 2.369687 3.279229 0.909543 0.150666 209.850027 2.355556 -3.103329 1000.000000 3.311111 1.096648 100.000000 -2.006681 -400576.890676 1.701161 0.849751 169.950105 0.076490 0.292532 58.506438
 11.850000 2.311418 3.362228 1.050809 1.104690 1974.215777 2.355556 -3.103329 1000.000000 3.311111 1.096648 100.000000 -2.006681 -400578.194933 1.559536 0.006339 1.267857 0.118460 0.701643 140.328650
 11.900000 2.311528 3.404870 1.093341 1.408728 2026.296025 2.355556 -3.103329 1000.000000 3.311111 1.096648 100.000000 -2.006681 -400578.450762 1.571451 0.000021 0.004285 0.154134 1.187857 237.571438
 11.950000 2.339273 3.223572 0.884299 0.515719 341.754546 2.355556 -3.103329 1000.000000 3.311111 1.096648 100.000000 -2.006681 -400578.264304 1.656672 0.368731 73.746107 0.137769 0.949014 189.802707
 12.000000 2.325604 3.348209 1.022604 0.517346 910.833284 2.355556 -3.103329 1000.000000 3.311111 1.096648 100.000000 -2.006681 -400575.973292 1.647555 0.294595 58.918969 0.047180 0.111299 22.259706
 12.050000 2.339997 3.398879 1.058882 0.506197 319.106292 2.355556 -3.103329 1000.000000 3.311111 1.096648 100.000000 -2.006681 -400576.144196 1.590479 0.019371 3.874159 0.044164 0.097524 19.504748
 12.100000 2.334229 3.235654 0.901425 0.512096 511.752073 2.355556 -3.103329 1000.000000 3.311111 1.096648 100.000000 -2.006681 -400577.580739 1.692715 0.743211 148.642226 0.107981 0.582999 116.599755
 12.150000 2.321700 3.365250 1.043550 0.719650 1175.507988 2.355556 -3.103329 1000.000000 3.311111 1.096648 100.000000 -2.006681 -400577.631203 1.574915 0.000848 0.169648 0.135884 0.923227 184.645368
 12.200000 2.370846 3.388552 1.017706 0.416754 293.768431 2.355556 -3.103329 1000.000000 3.311111 1.096648 100.000000 -2.006681 -400577.516614 1.570899 0.000001 0.000105 0.141612 1.002695 200.539039
 12.250000 2.337028 3.250802 0.913774 0.353495 379.640486 2.355556 -3.103329 1000.000000 3.311111 1.096648 100.000000 -2.006681 -400576.395057 1.682385 0.622597 124.519443 0.137581 0.946426 189.285182
 12.300000 2.333407 3.319091 0.985684 0.248461 491.191285 2.355556 -3.103329 1000.000000 3.311111 1.096648 100.000000 -2.006681 -400579.292974 1.565530 0.001387 0.277314 0.095497 0.455988 91.197593
 12.350000 2.348708 3.400838 1.052130 0.425988 127.394889 2.355556 -3.103329 1000.000000 3.311111 1.096648 100.000000 -2.006681 -400576.962670 1.635986 0.212485 42.497021 0.083114 0.345393 69.078572
 12.400000 2.318601 3.226020 0.907419 1.044824 1438.008781 2.355556 -3.103329 1000.000000 3.311111 1.096648 100.000000 -2.006681 -400577.389015 1.672509 0.517273 103.454576 0.072415 0.262200 52.439903
 12.450000 2.357940 3.408173 1.050233 0.473895 99.895062 2.355556 -3.103329 1000.000000 3.311111 1.096648 100.000000 -2.006681 -400576.009548 1.610221 0.077714 15.542705 0.109134 0.595510 119.102094
 12.500000 2.330798 3.325224 0.994425 0.316417 614.909453 2.355556 -3.103329 1000.000000 3.311111 1.096648 100.000000 -2.006681 -400578.941009 1.572302 0.000113 0.022671 0.114850 0.659521 131.904159
 12.550000 2.323576 3.272851 0.949275 0.584534 1037.325245 2.355556 -3.103329 1000.000000 3.311111 1.096648 100.000000 -2.006681 -400577.052143 1.706077 0.915049 183.009851 0.188354 1.773858 354.771555
 12.600000 2.328173 3.335812 1.007639 0.405417 755.922160 2.355556 -3.103329 1000.000000 3.311111 1.096648 100.000000 -2.006681 -400576.732178 1.545153 0.032879 6.575829 0.208208 2.167537 433.507402
 12.650000 2.331124 3.406421 1.075297 0.752646 687.739406 2.355556 -3.103329 1000.000000 3.311111 1.096648 100.000000 -2.006681 -400575.558535 1.549252 0.023207 4.641483 0.133817 0.895345 179.069065
 12.700000 2.322979 3.254255 0.931277 0.692255 1093.576586 2.355556 -3.103329 1000.000000 3.311111 1.096648 100.000000 -2.006681 -400577.892945 1.700989 0.847501 169.500232 0.077189 0.297906 59.581165
 12.750000 2.327390 3.323660 0.996270 0.404519 794.863610 2.355556 -3.103329 1000.000000 3.311111 1.096648 100.000000 -2.006681 -400576.051550 1.712565 1.004921 200.984200 0.005709 0.001629 0.325872
 12.800000 2.309641 3.426092 1.116451 1.715088 2240.324999 2.355556 -3.103329 1000.000000 3.311111 1.096648 100.000000 -2.006681 -400576.217379 1.496919 0.272895 54.578939 0.017194 0.014782 2.956420
 12.850000 2.331553 3.349387 1.017834 0.361321 590.786745 2.355556 -3.103329 1000.000000 3.311111 1.096648 100.000000 -2.006681 -400577.772556 1.634570 0.203353 40.670553 0.122451 0.749707 149.941488
 12.900000 2.306728 3.216458 0.909731 1.640043 2473.760827 2.355556 -3.103329 1000.000000 3.311111 1.096648 100.000000 -2.006681 -400577.896163 1.657479 0.375691 75.138151 0.191617 1.835853 367.170693
 12.950000 2.329518 3.417992 1.088474 0.910158 792.207075 2.355556 -3.103329 1000.000000 3.311111 1.096648 100.000000 -2.006681 -400578.170760 1.547310 0.027581 5.516228 0.153344 1.175723 235.144563
 13.000000 2.320901 3.389999 1.069098 0.911637 1263.183027 2.355556 -3.103329 1000.000000 3.311111 1.096648 100.000000 -2.006681 -400577.474317 1.619441 0.118313 23.662600 0.109025 0.594322 118.864319
 13.050000 2.321524 3.223381 0.901857 0.963907 1235.124489 2.355556 -3.103329 1000.000000 3.311111 1.096648 100.000000 -2.006681 -400577.660028 1.702749 0.870572 174.114497 0.087221 0.380379 76.075880
 13.100000 2.341959 3.366376 1.024417 0.245144 215.409984 2.355556 -3.103329 1000.000000 3.311111 1.096648 100.000000 -2.006681 -400576.479186 1.605572 0.060469 12.093789 0.054522 0.148630 29.726094
 13.150000 2.306424 3.368491 1.062067 1.371601 2446.880164 2.355556 -3.103329 1000.000000 3.311111 1.096648 100.000000 -2.006681 -400577.571513 1.538876 0.050946 10.189207 0.060039 0.180234 36.046879
 13.200000 2.341845 3.287270 0.945425 0.122411 193.663696 2.355556 -3.103329 1000.000000 3.311111 1.096648 100.000000 -2.006681 -400578.478411 1.755120 1.698759 339.751787 0.118556 0.702772 140.554353
 13.250000 2.321812 3.335866 1.014054 0.599963 1144.776297 2.355556 -3.103329 1000.000000 3.311111 1.096648 100.000000 -2.006681 -400575.109610 1.566837 0.000784 0.156780 0.154658 1.195954 239.190771
 13.300000 2.358320 3.463735 1.105415 1.168519 240.580204 2.355556 -3.103329 1000.000000 3.311111 1.096648 100.000000 -2.006681 -400578.511250 1.572948 0.000232 0.046310 0.158051 1.249000 249.799906
 13.350000 2.300472 3.185672 0.885199 2.303830 3191.507556 2.355556 -3.103329 1000.000000 3.311111 1.096648 100.000000 -2.006681 -400576.795878 1.612250 0.085921 17.184136 0.129974 0.844665 168.933059
 13.400000 2.342890 3.360014 1.017124 0.199779 184.323315 2.355556 -3.103329 1000.000000 3.311111 1.096648 100.000000 -2.006681 -400577.891897 1.706064 0.914870 182.973990 0.156688 1.227563 245.512505
 13.450000 2.335285 3.318524 0.983239 0.208195 411.444872 2.355556 -3.103329 1000.000000 3.311111 1.096648 100.000000 -2.006681 -400576.161118 1.492783 0.304301 60.860241 0.101271 0.512792 102.558353
 13.500000 2.371179 3.356303 0.985124 0.224169 264.530315 2.355556 -3.103329 1000.000000 3.311111 1.096648 100.000000 -2.006681 -400576.611420 1.691366 0.726858 145.371563 0.056741 0.160979 32.195729
 13.550000 2.311247 3.281401 0.970155 1.025772 1972.102852 2.355556 -3.103329 1000.000000 3.311111 1.096648 100.000000 -2.006681 -400577.245886 1.634426 0.202438 40.487512 0.151500 1.147618 229.523679
 13.600000 2.342466 3.391305 1.048839 0.407218 235.644289 2.355556 -3.103329 1000.000000 3.311111 1.096648 100.000000 -2.006681 -400575.550662 1.622390 0.133096 26.619271 0.161418 1.302783 260.556612
 13.650000 2.344033 3.310995 0.966963 0.066390 132.778556 2.355556 -3.103329 1000.000000 3.311111 1.096648 100.000000 -2.006681 -400577.936563 1.574343 0.000629 0.125780 0.176642 1.560114 312.022844
 13.700000 2.343079 3.317776 0.974697 0.080054 156.108823 2.355556 -3.103329 1000.000000 3.311111 1.096648 100.000000 -2.006681 -400576.535796 1.586510 0.012346 2.469206 0.200926 2.018566 403.713102
 13.750000 2.306732 3.292197 0.985465 1.209770 2387.341667 2.355556 -3.103329 1000.000000 3.311111 1.096648 100.000000 -2.006681 -400578.823921 1.592326 0.023176 4.635248 0.141290 0.998144 199.628825
 13.800000 2.330022 3.369900 1.039878 0.498789 686.531462 2.355556 -3.103329 1000.000000 3.311111 1.096648 100.000000 -2.006681 -400580.068378 1.676878 0.562662 112.532431 0.060661 0.183989 36.797780
 13.850000 2.314649 3.360736 1.046087 0.959809 1697.982495 2.355556 -3.103329 1000.000000 3.311111 1.096648 100.000000 -2.006681 -400578.512847 1.651477 0.325470 65.093914 0.059045 0.174318 34.863593
 13.900000 2.319092 3.331009 1.011916 0.684575 1333.517694 2.355556 -3.103329 1000.000000 3.311111 1.096648 100.000000 -2.006681 -400577.420028 1.672477 0.516948 103.389643 0.101743 0.517578 103.515569
 13.950000 2.304638 3.354664 1.050025 1.391120 2611.525233 2.355556 -3.103329 1000.000000 3.311111 1.096648 100.000000 -2.006681 -400578.202142 1.583401 0.007944 1.588793 0.181905 1.654469 330.893711
 14.000000 2.321406 3.347307 1.025901 0.648600 1179.284235 2.355556 -3.103329 1000.000000 3.311111 1.096648 100.000000 -2.006681 -400576.900313 1.509456 0.188131 37.626151 0.225594 2.544633 508.926689
 14.050000 2.317548 3.342772 1.025224 0.772391 1454.563641 2.355556 -3.103329 1000.000000 3.311111 1.096648 100.000000 -2.006681 -400578.394308 1.578695 0.003119 0.623858 0.220705 2.435524 487.104891
 14.100000 2.337049 3.278610 0.941561 0.224059 353.049518 2.355556 -3.103329 1000.000000 3.311111 1.096648 100.000000 -2.006681 -400577.979500 1.619295 0.117607 23.521312 0.107492 0.577722 115.544461
 14.150000 2.334754 3.416882 1.082128 0.775723 544.572878 2.355556 -3.103329 1000.000000 3.311111 1.096648 100.000000 -2.006681 -400577.043172 1.669484 0.486965 97.393051 0.029239 0.042746 8.549242
 14.200000 2.321715 3.238544 0.916829 0.835879 1197.822880 2.355556 -3.103329 1000.000000 3.311111 1.096648 100.000000 -2.006681 -400577.845186 1.676893 0.562824 112.564827 0.032427 0.052576 10.515213
 14.250000 2.317129 3.372788 1.055659 0.928486 1514.607213 2.355556 -3.103329 1000.000000 3.311111 1.096648 100.000000 -2.006681 -400579.661581 1.631460 0.184005 36.801022 0.150996 1.139991 227.998250
 14.300000 2.342777 3.389320 1.046542 0.387469 224.447134 2.355556 -3.103329 1000.000000 3.311111 1.096648 100.000000 -2.006681 -400577.743685 1.541407 0.043186 8.637208 0.191526 1.834107 366.821380
 14.350000 2.331521 3.240048 0.908527 0.541325 628.154567 2.355556 -3.103329 1000.000000 3.311111 1.096648 100.000000 -2.006681 -400578.507630 1.674313 0.535788 107.157557 0.149881 1.123223 224.644571
 14.400000 2.336873 3.319908 0.983035 0.178390 349.816850 2.355556 -3.103329 1000.000000 3.311111 1.096648 100.000000 -2.006681 -400576.416116 1.584131 0.008891 1.778192 0.125324 0.785302 157.060303
 14.450000 2.363503 3.410267 1.046764 0.523176 161.480277 2.355556 -3.103329 1000.000000 3.311111 1.096648 100.000000 -2.006681 -400577.228464 1.641861 0.252511 50.502241 0.101131 0.511379 102.275716
 14.500000 2.352034 3.155987 0.803953 1.209379 253.039264 2.355556 -3.103329 1000.000000 3.311111 1.096648 100.000000 -2.006681 -400574.318901 1.623834 0.140650 28.130025 0.072778 0.264832 52.966453
 14.550000 2.357718 3.434150 1.076432 0.759262 156.060126 2.355556 -3.103329 1000.000000 3.311111 1.096648 100.000000 -2.006681 -400576.641938 1.661076 0.407517 81.503347 0.134016 0.898016 179.603211
 14.600000 2.343528 3.296613 0.953085 0.082836 146.754823 2.355556 -3.103329 1000.000000 3.311111 1.096648 100.000000 -2.006681 -400575.418645 1.563905 0.002375 0.474968 0.138291 0.956222 191.244484
 14.650000 2.349780 3.268646 0.918866 0.106845 51.393833 2.355556 -3.103329 1000.000000 3.311111 1.096648 100.000000 -2.006681 -400576.236878 1.641066 0.246889 49.377737 0.199868 1.997366 399.473279
 14.700000 2.360427 3.288737 0.928310 0.036895 28.736070 2.355556 -3.103329 1000.000000 3.311111 1.096648 100.000000 -2.006681 -400578.256628 1.484005 0.376639 75.327700 0.195608 1.913129 382.625718
 14.750000 2.335957 3.390071 1.054114 0.503780 446.442484 2.355556 -3.103329 1000.000000 3.311111 1.096648 100.000000 -2.006681 -400578.764759 1.599785 0.042017 8.403415 0.136907 0.937172 187.434399
 14.800000 2.324603 3.261515 0.936912 0.602021 982.663705 2.355556 -3.103329 1000.000000 3.311111 1.096648 100.000000 -2.006681 -400578.036959 1.655638 0.359905 71.980907 0.057451 0.165032 33.006456
 14.850000 2.358992 3.377099 1.018107 0.223622 55.352706 2.355556 -3.103329 1000.000000 3.311111 1.096648 100.000000 -2.006681 -400578.202683 1.683327 0.633158 126.631535 0.057598 0.165876 33.175263
 14.900000 2.331141 3.336727 1.005586 0.330854 602.654797 2.355556 -3.103329 1000.000000 3.311111 1.096648 100.000000 -2.006681 -400578.607476 1.590000 0.018438 3.687621 0.085534 0.365806 73.161242
 14.950000 2.332281 3.303106 0.970825 0.274056 542.345294 2.355556 -3.103329 1000.000000 3.311111 1.096648 100.000000 -2.006681 -400579.593815 1.612588 0.087327 17.465344 0.173608 1.506990 301.398090
 15.000000 2.312123 3.328791 1.016668 0.958838 1889.543523 2.355556 -3.103329 1000.000000 3.311111 1.096648 100.000000 -2.006681 -400579.059591 1.581519 0.005749 1.149789 0.191858 1.840472 368.094469
 15.050000 2.325822 3.339714 1.013892 0.482951 892.270958 2.355556 -3.103329 1000.000000 3.311111 1.096648 100.000000 -2.006681 -400576.640594 1.553867 0.014330 2.866080 0.125234 0.784183 156.836694
 15.100000 2.350388 3.328220 0.977832 0.027988 29.630788 2.355556 -3.103329 1000.000000 3.311111 1.096648 100.000000 -2.006681 -400576.714228 1.667549 0.468057 93.611350 0.068102 0.231894 46.378714
 15.150000 2.321633 3.303692 0.982059 0.578139 1151.323379 2.355556 -3.103329 1000.000000 3.311111 1.096648 100.000000 -2.006681 -400577.470803 1.655373 0.357665 71.532982 0.018896 0.017852 3.570500
 15.200000 2.326162 3.362114 1.035951 0.562043 889.974354 2.355556 -3.103329 1000.000000 3.311111 1.096648 100.000000 -2.006681 -400578.661508 1.638686 0.230450 46.089900 0.078481 0.307960 61.592064
 15.250000 2.330653 3.344102 1.013449 0.364484 631.011013 2.355556 -3.103329 1000.000000 3.311111 1.096648 100.000000 -2.006681 -400578.499967 1.621697 0.129544 25.908861 0.160212 1.283394 256.678730
 15.300000 2.312423 3.304765 0.992341 0.932206 1860.786551 2.355556 -3.103329 1000.000000 3.311111 1.096648 100.000000 -2.006681 -400579.504640 1.611723 0.083750 16.750067 0.182245 1.660658 332.131660
 15.350000 2.334917 3.379411 1.044494 0.446219 472.595105 2.355556 -3.103329 1000.000000 3.311111 1.096648 100.000000 -2.006681 -400576.339227 1.634749 0.204495 40.898987 0.111478 0.621372 124.274302
 15.400000 2.307307 3.360430 1.053123 1.285596 2352.283435 2.355556 -3.103329 1000.000000 3.311111 1.096648 100.000000 -2.006681 -400578.337492 1.632313 0.189215 37.842908 0.056141 0.157589 31.517704
 15.450000 2.325482 3.266657 0.941175 0.551023 924.187022 2.355556 -3.103329 1000.000000 3.311111 1.096648 100.000000 -2.006681 -400574.295101 1.704488 0.893679 178.735769 0.112893 0.637246 127.449156
 15.500000 2.340227 3.360901 1.020674 0.241431 259.746835 2.355556 -3.103329 1000.000000 3.311111 1.096648 100.000000 -2.006681 -400578.972532 1.602955 0.051708 10.341654 0.129336 0.836395 167.278987
 15.550000 2.328942 3.359138 1.030196 0.469469 731.345964 2.355556 -3.103329 1000.000000 3.311111 1.096648 100.000000 -2.006681 -400577.757991 1.533675 0.068899 13.779872 0.164489 1.352833 270.566606
 15.600000 2.307325 3.322268 1.014943 1.169324 2327.445862 2.355556 -3.103329 1000.000000 3.311111 1.096648 100.000000 -2.006681 -400580.156673 1.706286 0.917867 183.573486 0.148484 1.102374 220.474778
 15.650000 2.314338 3.346356 1.032018 0.911540 1711.278359 2.355556 -3.103329 1000.000000 3.311111 1.096648 100.000000 -2.006681 -400579.370274 1.600256 0.043393 8.678519 0.072687 0.264168 52.833528
 15.700000 2.342726 3.407229 1.064503 0.544232 256.992875 2.355556 -3.103329 1000.000000 3.311111 1.096648 100.000000 -2.006681 -400576.717235 1.668021 0.472636 94.527237 0.076902 0.295698 59.139585
 15.750000 2.301382 3.161039 0.859657 2.593486 3160.020722 2.355556 -3.103329 1000.000000 3.311111 1.096648 100.000000 -2.006681 -400577.069999 1.638246 0.227473 45.494558 0.096543 0.466023 93.204644
 15.800000 2.341037 3.425305 1.084268 0.757409 341.198546 2.355556 -3.103329 1000.000000 3.311111 1.096648 100.000000 -2.006681 -400579.125835 1.644264 0.269874 53.974856 0.117171 0.686448 137.289686
 15.850000 2.349786 3.363871 1.014086 0.155827 61.126088 2.355556 -3.103329 1000.000000 3.311111 1.096648 100.000000 -2.006681 -400576.527727 1.510444 0.182122 36.424428 0.145529 1.058937 211.787306
 15.900000 2.347991 3.230382 0.882391 0.354468 122.392536 2.355556 -3.103329 1000.000000 3.311111 1.096648 100.000000 -2.006681 -400577.410732 1.790286 2.408785 481.756961 0.163102 1.330113 266.022524
 15.950000 2.311742 3.296422 0.984680 0.970602 1921.783048 2.355556 -3.103329 1000.000000 3.311111 1.096648 100.000000 -2.006681 -400575.419251 1.510761 0.180212 36.042415 0.094747 0.448853 89.770693
 16.000000 2.370940 3.521189 1.150248 2.324976 678.018732 2.355556 -3.103329 1000.000000 3.311111 1.096648 100.000000 -2.006681 -400578.055762 1.591496 0.021424 4.284707 0.112147 0.628851 125.770177
 16.050000 2.365904 3.022909 0.657005 4.206559 937.691549 2.355556 -3.103329 1000.000000 3.311111 1.096648 100.000000 -2.006681 -400574.734782 1.638957 0.232295 46.459056 0.110997 0.616021 123.204119
 16.100000 2.364665 3.423012 1.058347 0.667582 208.201554 2.355556 -3.103329 1000.000000 3.311111 1.096648 100.000000 -2.006681 -400577.293598 1.676734 0.561139 112.227894 0.091980 0.423012 84.602466
 16.150000 2.308295 3.387349 1.079054 1.407402 2291.706503 2.355556 -3.103329 1000.000000 3.311111 1.096648 100.000000 -2.006681 -400575.256825 1.468525 0.522975 104.594957 0.068913 0.237453 47.490699
 16.200000 2.348408 3.273503 0.925095 0.096264 65.235123 2.355556 -3.103329 1000.000000 3.311111 1.096648 100.000000 -2.006681 -400576.806164 1.806965 2.788790 557.758076 0.144325 1.041479 208.295872
 16.250000 2.330734 3.213183 0.882449 0.787543 711.993584 2.355556 -3.103329 1000.000000 3.311111 1.096648 100.000000 -2.006681 -400578.893386 1.509141 0.190070 38.014021 0.155355 1.206758 241.351518
 16.300000 2.346089 3.558338 1.212249 3.100870 700.825381 2.355556 -3.103329 1000.000000 3.311111 1.096648 100.000000 -2.006681 -400578.492094 1.603629 0.053900 10.779958 0.140833 0.991695 198.339052
 16.350000 2.286507 3.131089 0.844581 4.004242 5091.756772 2.355556 -3.103329 1000.000000 3.311111 1.096648 100.000000 -2.006681 -400578.822813 1.609419 0.074585 14.917067 0.090959 0.413675 82.735041
 16.400000 2.343260 3.430373 1.087113 0.786759 293.418639 2.355556 -3.103329 1000.000000 3.311111 1.096648 100.000000 -2.006681 -400578.156186 1.703219 0.876795 175.358934 0.076737 0.294430 58.886066
 16.450000 2.333199 3.373890 1.040691 0.446959 539.208384 2.355556 -3.103329 1000.000000 3.311111 1.096648 100.000000 -2.006681 -400571.772624 1.463467 0.575984 115.196746 0.021925 0.024036 4.807148
 16.500000 2.350980 3.274942 0.923962 0.075880 34.018912 2.355556 -3.103329 1000.000000 3.311111 1.096648 100.000000 -2.006681 -400577.531447 1.756425 1.722906 344.581133 0.095828 0.459151 91.830238
 16.550000 2.310619 3.281432 0.970813 1.053688 2028.098734 2.355556 -3.103329 1000.000000 3.311111 1.096648 100.000000 -2.006681 -400577.639122 1.631218 0.182539 36.507754 0.135392 0.916545 183.308966
 16.600000 2.339588 3.467727 1.128139 1.353913 500.251068 2.355556 -3.103329 1000.000000 3.311111 1.096648 100.000000 -2.006681 -400575.345407 1.436800 0.897751 179.550239 0.147407 1.086436 217.287184
 16.650000 2.346547 3.354565 1.008018 0.134990 100.036207 2.355556 -3.103329 1000.000000 3.311111 1.096648 100.000000 -2.006681 -400577.259290 1.648759 0.303910 60.782003 0.129759 0.841873 168.374637
 16.700000 2.323699 3.127250 0.803551 2.197656 1352.876951 2.355556 -3.103329 1000.000000 3.311111 1.096648 100.000000 -2.006681 -400576.879809 1.671092 0.502963 100.592668 0.095945 0.460273 92.054544
 16.750000 2.345231 3.514512 1.169281 2.121889 520.318594 2.355556 -3.103329 1000.000000 3.311111 1.096648 100.000000 -2.006681 -400576.422500 1.547099 0.028078 5.615513 0.099249 0.492522 98.504483
 16.800000 2.323222 3.323492 1.000270 0.530394 1046.992254 2.355556 -3.103329 1000.000000 3.311111 1.096648 100.000000 -2.006681 -400577.139526 1.564545 0.001954 0.390838 0.068736 0.236229 47.245752
 16.850000 2.311543 3.213107 0.901564 1.448776 2033.125832 2.355556 -3.103329 1000.000000 3.311111 1.096648 100.000000 -2.006681 -400577.532765 1.813981 2.956941 591.388239 0.153563 1.179081 235.816248
 16.900000 2.330560 3.524294 1.193733 2.584721 1079.235385 2.355556 -3.103329 1000.000000 3.311111 1.096648 100.000000 -2.006681 -400577.062889 1.489981 0.326559 65.311776 0.231807 2.686721 537.344159
 16.950000 2.342864 3.400337 1.057473 0.478600 240.686606 2.355556 -3.103329 1000.000000 3.311111 1.096648 100.000000 -2.006681 -400573.891723 1.572076 0.000082 0.016376 0.148985 1.109825 221.964952
 17.000000 2.337269 3.246781 0.909512 0.374110 375.771435 2.355556 -3.103329 1000.000000 3.311111 1.096648 100.000000 -2.006681 -400579.092417 1.756711 1.728213 345.642519 0.176521 1.557989 311.597897
 17.050000 2.300095 3.315843 1.015748 1.539075 3076.134143 2.355556 -3.103329 1000.000000 3.311111 1.096648 100.000000 -2.006681 -400577.317297 1.494224 0.293167 58.633492 0.196685 1.934259 386.851849
 17.100000 2.304840 3.496278 1.191438 3.000388 2914.957839 2.355556 -3.103329 1000.000000 3.311111 1.096648 100.000000 -2.006681 -400577.901954 1.580796 0.004999 0.999887 0.160146 1.282332 256.466359
 17.150000 2.346485 3.149904 0.803418 1.340529 342.149427 2.355556 -3.103329 1000.000000 3.311111 1.096648 100.000000 -2.006681 -400577.777827 1.696970 0.795985 159.197049 0.071180 0.253328 50.665638
 17.200000 2.336294 3.459142 1.122848 1.281162 590.136868 2.355556 -3.103329 1000.000000 3.311111 1.096648 100.000000 -2.006681 -400574.518809 1.736977 1.380804 276.160799 0.160501 1.288031 257.606214
 17.250000 2.339509 3.345624 1.006115 0.188303 269.404033 2.355556 -3.103329 1000.000000 3.311111 1.096648 100.000000 -2.006681 -400576.667923 1.625755 0.151021 30.204127 0.135941 0.923993 184.798566
 17.300000 2.329193 3.298618 0.969425 0.355297 696.547946 2.355556 -3.103329 1000.000000 3.311111 1.096648 100.000000 -2.006681 -400578.624877 1.709214 0.957971 191.594259 0.122725 0.753075 150.615093
 17.350000 2.350064 3.355217 1.005153 0.112345 49.607235 2.355556 -3.103329 1000.000000 3.311111 1.096648 100.000000 -2.006681 -400576.550532 1.453595 0.686812 137.362330 0.219429 2.407456 481.491100
 17.400000 2.323811 3.343622 1.019811 0.556714 1018.303405 2.355556 -3.103329 1000.000000 3.311111 1.096648 100.000000 -2.006681 -400576.198742 1.514907 0.156183 31.236510 0.285034 4.062231 812.446291
 17.450000 2.336646 3.195790 0.859144 0.843736 490.569334 2.355556 -3.103329 1000.000000 3.311111 1.096648 100.000000 -2.006681 -400576.557740 1.676403 0.557640 111.527925 0.223856 2.505585 501.117072
 17.500000 2.333830 3.447268 1.113438 1.162937 657.384320 2.355556 -3.103329 1000.000000 3.311111 1.096648 100.000000 -2.006681 -400577.017518 1.612706 0.087819 17.563832 0.045850 0.105111 21.022233
 17.550000 2.326967 3.390967 1.064001 0.727509 881.085948 2.355556 -3.103329 1000.000000 3.311111 1.096648 100.000000 -2.006681 -400575.763111 1.700246 0.837865 167.572930 0.070271 0.246898 49.379581
 17.600000 2.297169 3.187175 0.890005 2.472482 3562.544595 2.355556 -3.103329 1000.000000 3.311111 1.096648 100.000000 -2.006681 -400575.825346 1.767180 1.928331 385.666288 0.051001 0.130055 26.010934
 17.650000 2.326081 3.444810 1.118729 1.328139 1047.493863 2.355556 -3.103329 1000.000000 3.311111 1.096648 100.000000 -2.006681 -400578.947419 1.571850 0.000056 0.011102 0.105794 0.559614 111.922810
 17.700000 2.337238 3.367597 1.030359 0.327294 367.431000 2.355556 -3.103329 1000.000000 3.311111 1.096648 100.000000 -2.006681 -400575.512656 1.519779 0.130140 26.027921 0.186056 1.730847 346.169358
 17.750000 2.317586 3.271363 0.953777 0.799840 1457.485323 2.355556 -3.103329 1000.000000 3.311111 1.096648 100.000000 -2.006681 -400576.944924 1.719456 1.104979 220.995891 0.225626 2.545353 509.070606
 17.800000 2.289425 3.310084 1.020658 2.186661 4373.227358 2.355556 -3.103329 1000.000000 3.311111 1.096648 100.000000 -2.006681 -400578.395931 1.537132 0.056664 11.332835 0.143387 1.027991 205.598257
 17.850000 2.350280 3.510511 1.160231 2.001925 425.432804 2.355556 -3.103329 1000.000000 3.311111 1.096648 100.000000 -2.006681 -400574.683116 1.549013 0.023725 4.744928 0.025953 0.033678 6.735545
 17.900000 2.321753 3.226592 0.904838 0.928469 1214.020730 2.355556 -3.103329 1000.000000 3.311111 1.096648 100.000000 -2.006681 -400576.246131 1.666142 0.454544 90.908731 0.030268 0.045808 9.161570
 17.950000 2.348214 3.279614 0.931400 0.076550 63.815494 2.355556 -3.103329 1000.000000 3.311111 1.096648 100.000000 -2.006681 -400576.217347 1.717938 1.082535 216.506905 0.032699 0.053461 10.692283
 18.000000 2.339367 3.423018 1.083651 0.757186 387.289744 2.355556 -3.103329 1000.000000 3.311111 1.096648 100.000000 -2.006681 -400577.458028 1.546706 0.029018 5.803653 0.080086 0.320684 64.136890
 18.050000 2.328640 3.308215 0.979575 0.362646 724.537330 2.355556 -3.103329 1000.000000 3.311111 1.096648 100.000000 -2.006681 -400577.195858 1.480482 0.407833 81.566593 0.232641 2.706084 541.216718
 18.100000 2.327017 3.375289 1.048272 0.613169 855.642946 2.355556 -3.103329 1000.000000 3.311111 1.096648 100.000000 -2.006681 -400573.905339 1.709498 0.961911 192.382292 0.329269 5.420900 1084.179987
 18.150000 2.382430 3.214592 0.832161 0.826927 815.412502 2.355556 -3.103329 1000.000000 3.311111 1.096648 100.000000 -2.006681 -400573.474547 1.430020 0.990898 198.179595 0.260969 3.405229 681.045795
 18.200000 2.354635 3.463761 1.109127 1.165526 233.868535 2.355556 -3.103329 1000.000000 3.311111 1.096648 100.000000 -2.006681 -400576.504028 1.533026 0.071330 14.265910 0.163109 1.330219 266.043862
 18.250000 2.335981 3.228925 0.892944 0.529313 450.710450 2.355556 -3.103329 1000.000000 3.311111 1.096648 100.000000 -2.006681 -400575.495622 1.752219 1.645715 329.142960 0.008162 0.003331 0.666257
 18.300000 2.313198 3.349445 1.036247 0.970554 1808.853578 2.355556 -3.103329 1000.000000 3.311111 1.096648 100.000000 -2.006681 -400576.851764 1.707600 0.935759 187.151748 0.081974 0.335988 67.197605
 18.350000 2.351259 3.393570 1.042311 0.349204 86.452354 2.355556 -3.103329 1000.000000 3.311111 1.096648 100.000000 -2.006681 -400576.555802 1.625958 0.152139 30.427707 0.061232 0.187470 37.494012
 18.400000 2.311296 3.277826 0.966531 1.034854 1969.999569 2.355556 -3.103329 1000.000000 3.311111 1.096648 100.000000 -2.006681 -400579.990328 1.594033 0.026997 5.399319 0.176984 1.566158 313.231608
 18.450000 2.315452 3.375513 1.060061 1.011520 1649.756410 2.355556 -3.103329 1000.000000 3.311111 1.096648 100.000000 -2.006681 -400577.928358 1.598268 0.037736 7.547151 0.205348 2.108391 421.678192
 18.500000 2.295808 3.399490 1.103682 2.175412 3647.848983 2.355556 -3.103329 1000.000000 3.311111 1.096648 100.000000 -2.006681 -400576.587415 1.556858 0.009714 1.942718 0.153533 1.178619 235.723719
 18.550000 2.341958 3.328043 0.986084 0.106778 187.756063 2.355556 -3.103329 1000.000000 3.311111 1.096648 100.000000 -2.006681 -400576.522280 1.672782 0.520059 104.011749 0.070833 0.250864 50.172837
 18.600000 2.326775 3.280312 0.953536 0.461586 837.796129 2.355556 -3.103329 1000.000000 3.311111 1.096648 100.000000 -2.006681 -400575.758477 1.635200 0.207394 41.478796 0.015428 0.011901 2.380275
 18.650000 2.300358 3.387493 1.087135 1.815078 3105.076806 2.355556 -3.103329 1000.000000 3.311111 1.096648 100.000000 -2.006681 -400577.403635 1.656498 0.367240 73.448081 0.042015 0.088263 17.652691
 18.700000 2.325647 3.312204 0.986557 0.447313 894.518612 2.355556 -3.103329 1000.000000 3.311111 1.096648 100.000000 -2.006681 -400579.095373 1.683211 0.631848 126.369524 0.116122 0.674216 134.843253
 18.750000 2.347880 3.355464 1.007584 0.127818 78.591236 2.355556 -3.103329 1000.000000 3.311111 1.096648 100.000000 -2.006681 -400575.104845 1.578782 0.003188 0.637692 0.218152 2.379518 475.903635
 18.800000 2.351175 3.397888 1.046712 0.386102 94.487540 2.355556 -3.103329 1000.000000 3.311111 1.096648 100.000000 -2.006681 -400577.156717 1.496596 0.275285 55.057085 0.253447 3.211758 642.351670
 18.850000 2.324003 3.279177 0.955174 0.548756 1005.733790 2.355556 -3.103329 1000.000000 3.311111 1.096648 100.000000 -2.006681 -400577.338955 1.666185 0.454952 90.990497 0.153057 1.171320 234.264078
 18.900000 2.338922 3.350591 1.011669 0.216268 292.259525 2.355556 -3.103329 1000.000000 3.311111 1.096648 100.000000 -2.006681 -400576.409345 1.626558 0.155470 31.093987 0.138542 0.959699 191.939790
 18.950000 2.358435 3.298395 0.939960 0.012230 9.906743 2.355556 -3.103329 1000.000000 3.311111 1.096648 100.000000 -2.006681 -400574.625298 1.538880 0.050934 10.186801 0.163595 1.338159 267.631840
 19.000000 2.340005 3.308055 0.968050 0.121377 241.913722 2.355556 -3.103329 1000.000000 3.311111 1.096648 100.000000 -2.006681 -400574.536863 1.703933 0.886271 177.254208 0.071948 0.258829 51.765836
 19.050000 2.333414 3.378625 1.045211 0.473035 535.836308 2.355556 -3.103329 1000.000000 3.311111 1.096648 100.000000 -2.006681 -400577.629234 1.587774 0.014412 2.882345 0.147571 1.088856 217.771264
 19.100000 2.361211 3.309643 0.948432 0.016099 32.003900 2.355556 -3.103329 1000.000000 3.311111 1.096648 100.000000 -2.006681 -400575.952165 1.604085 0.055406 11.081201 0.183551 1.684556 336.911259
 19.150000 2.325242 3.297120 0.971878 0.469231 920.844815 2.355556 -3.103329 1000.000000 3.311111 1.096648 100.000000 -2.006681 -400579.275575 1.668051 0.472922 94.584311 0.140214 0.983004 196.600778
 19.200000 2.335135 3.399991 1.064856 0.603483 495.991060 2.355556 -3.103329 1000.000000 3.311111 1.096648 100.000000 -2.006681 -400575.527660 1.537635 0.054983 10.996690 0.179193 1.605514 321.102762
 19.250000 2.331412 3.257976 0.926563 0.432623 611.141498 2.355556 -3.103329 1000.000000 3.311111 1.096648 100.000000 -2.006681 -400578.187378 1.564622 0.001906 0.381176 0.156434 1.223585 244.716962
 19.300000 2.364699 3.310013 0.945315 0.041859 83.609816 2.355556 -3.103329 1000.000000 3.311111 1.096648 100.000000 -2.006681 -400575.199788 1.705144 0.902471 180.494127 0.098275 0.482895 96.578958
 19.350000 2.303132 3.367813 1.064681 1.534869 2780.384198 2.355556 -3.103329 1000.000000 3.311111 1.096648 100.000000 -2.006681 -400577.474984 1.625224 0.148117 29.623431 0.044682 0.099824 19.964799
 19.400000 2.324384 3.362008 1.037624 0.615367 997.588915 2.355556 -3.103329 1000.000000 3.311111 1.096648 100.000000 -2.006681 -400574.957628 1.662370 0.419287 83.857378 0.066598 0.221764 44.352746
 19.450000 2.316457 3.309396 0.992939 0.764504 1528.743489 2.355556 -3.103329 1000.000000 3.311111 1.096648 100.000000 -2.006681 -400578.381728 1.650131 0.314701 62.940225 0.144629 1.045885 209.176918
 19.500000 2.364606 3.326626 0.962020 0.052991 84.316988 2.355556 -3.103329 1000.000000 3.311111 1.096648 100.000000 -2.006681 -400576.280968 1.531968 0.075384 15.076724 0.170642 1.455940 291.188003
 19.550000 2.340846 3.418665 1.077819 0.686575 332.037354 2.355556 -3.103329 1000.000000 3.311111 1.096648 100.000000 -2.006681 -400577.568501 1.644166 0.269154 53.830765 0.132367 0.876048 175.209616
 19.600000 2.315985 3.236872 0.920887 1.058493 1620.954748 2.355556 -3.103329 1000.000000 3.311111 1.096648 100.000000 -2.006681 -400573.483755 1.639024 0.232748 46.549550 0.084646 0.358248 71.649613
 19.650000 2.314505 3.420216 1.105711 1.437765 1804.189188 2.355556 -3.103329 1000.000000 3.311111 1.096648 100.000000 -2.006681 -400576.666250 1.688017 0.687039 137.407734 0.063195 0.199683 39.936565
 19.700000 2.347934 3.275282 0.927349 0.093229 70.925815 2.355556 -3.103329 1000.000000 3.311111 1.096648 100.000000 -2.006681 -400577.154141 1.597705 0.036203 7.240686 0.074904 0.280533 56.106526
 19.750000 2.313888 3.343287 1.029398 0.919842 1746.510195 2.355556 -3.103329 1000.000000 3.311111 1.096648 100.000000 -2.006681 -400578.426025 1.691467 0.728076 145.615294 0.148401 1.101145 220.228908
 19.800000 2.301918 3.378663 1.076746 1.666683 2922.667574 2.355556 -3.103329 1000.000000 3.311111 1.096648 100.000000 -2.006681 -400576.763419 1.534774 0.064880 12.975957 0.171752 1.474933 294.986502
 19.850000 2.342075 3.344111 1.002036 0.145313 192.614690 2.355556 -3.103329 1000.000000 3.311111 1.096648 100.000000 -2.006681 -400578.416302 1.699462 0.827744 165.548753 0.144154 1.039015 207.802983
 19.900000 2.333038 3.257731 0.924693 0.396003 535.554672 2.355556 -3.103329 1000.000000 3.311111 1.096648 100.000000 -2.006681 -400577.607094 1.588498 0.015667 3.133427 0.103203 0.532544 106.508795
 19.950000 2.327464 3.426213 1.098749 1.057002 921.641793 2.355556 -3.103329 1000.000000 3.311111 1.096648 100.000000 -2.006681 -400578.019384 1.641463 0.249690 49.937904 0.133960 0.897260 179.452066
 20.000000 2.342701 3.211884 0.869183 0.574926 263.710156 2.355556 -3.103329 1000.000000 3.311111 1.096648 100.000000 -2.006681 -400576.035204 1.637868 0.224929 44.985748 0.085871 0.368696 73.739116
 20.050000 2.325604 3.412913 1.087309 0.966737 1000.753784 2.355556 -3.103329 1000.000000 3.311111 1.096648 100.000000 -2.006681 -400577.648445 1.662106 0.416870 83.373972 0.104599 0.547053 109.410547
 20.100000 2.342076 3.368557 1.026481 0.255851 214.697816 2.355556 -3.103329 1000.000000 3.311111 1.096648 100.000000 -2.006681 -400575.214990 1.634455 0.202619 40.523847 0.114962 0.660811 132.162112
 20.150000 2.361612 3.225197 0.863584 0.387407 110.496589 2.355556 -3.103329 1000.000000 3.311111 1.096648 100.000000 -2.006681 -400576.511625 1.640165 0.240603 48.120597 0.135026 0.911599 182.319876
 20.200000 2.354085 3.349574 0.995489 0.075050 16.955980 2.355556 -3.103329 1000.000000 3.311111 1.096648 100.000000 -2.006681 -400576.297562 1.531371 0.077718 15.543651 0.170263 1.449476 289.895274
 20.250000 2.321510 3.365201 1.043691 0.725833 1188.350706 2.355556 -3.103329 1000.000000 3.311111 1.096648 100.000000 -2.006681 -400576.888891 1.557117 0.009356 1.871174 0.153792 1.182596 236.519134
 20.300000 2.327314 3.253905 0.926591 0.562430 830.332039 2.355556 -3.103329 1000.000000 3.311111 1.096648 100.000000 -2.006681 -400576.057535 1.695005 0.771384 154.276807 0.087547 0.383228 76.645598
 20.350000 2.359142 3.369471 1.010329 0.176725 46.922460 2.355556 -3.103329 1000.000000 3.311111 1.096648 100.000000 -2.006681 -400576.126297 1.646600 0.287313 57.462539 0.037727 0.071165 14.232991
 20.400000 2.350195 3.358813 1.008618 0.128144 51.493951 2.355556 -3.103329 1000.000000 3.311111 1.096648 100.000000 -2.006681 -400575.217060 1.629275 0.170986 34.197163 0.050984 0.129970 25.994091
 20.450000 2.299243 3.270173 0.970929 1.669338 3187.839526 2.355556 -3.103329 1000.000000 3.311111 1.096648 100.000000 -2.006681 -400578.397656 1.614371 0.094938 18.987629 0.144006 1.036892 207.378435
 20.500000 2.349985 3.363394 1.013409 0.152189 58.366534 2.355556 -3.103329 1000.000000 3.311111 1.096648 100.000000 -2.006681 -400575.592205 1.570645 0.000001 0.000228 0.190491 1.814332 362.866357
 20.550000 2.328274 3.374263 1.045989 0.571561 784.189073 2.355556 -3.103329 1000.000000 3.311111 1.096648 100.000000 -2.006681 -400578.090468 1.545127 0.032945 6.589031 0.155677 1.211774 242.354702
 20.600000 2.335090 3.300964 0.965874 0.214570 419.873680 2.355556 -3.103329 1000.000000 3.311111 1.096648 100.000000 -2.006681 -400577.870257 1.675645 0.549662 109.932362 0.094733 0.448715 89.742946
 20.650000 2.294196 3.331880 1.037684 1.904067 3769.312795 2.355556 -3.103329 1000.000000 3.311111 1.096648 100.000000 -2.006681 -400579.555125 1.637424 0.221965 44.392972 0.039591 0.078374 15.674747
 20.700000 2.344447 3.367899 1.023453 0.222949 155.656634 2.355556 -3.103329 1000.000000 3.311111 1.096648 100.000000 -2.006681 -400577.159924 1.665000 0.443719 88.743794 0.038592 0.074468 14.893677
 20.750000 2.332614 3.282754 0.950140 0.303365 534.360044 2.355556 -3.103329 1000.000000 3.311111 1.096648 100.000000 -2.006681 -400579.475791 1.624552 0.144486 28.897123 0.101338 0.513466 102.693101
 20.800000 2.318289 3.363488 1.045199 0.831564 1416.226874 2.355556 -3.103329 1000.000000 3.311111 1.096648 100.000000 -2.006681 -400579.134165 1.601364 0.046720 9.343953 0.139132 0.967881 193.576247
 20.850000 2.316702 3.322680 1.005978 0.761505 1510.966112 2.355556 -3.103329 1000.000000 3.311111 1.096648 100.000000 -2.006681 -400578.941527 1.606083 0.062258 12.451557 0.125038 0.781720 156.343956
 20.900000 2.359638 3.301861 0.942223 0.012610 17.519670 2.355556 -3.103329 1000.000000 3.311111 1.096648 100.000000 -2.006681 -400577.505283 1.660768 0.404741 80.948240 0.092986 0.432317 86.463368
 20.950000 2.328431 3.351362 1.022931 0.448883 751.955723 2.355556 -3.103329 1000.000000 3.311111 1.096648 100.000000 -2.006681 -400576.503598 1.600691 0.044684 8.936820 0.069170 0.239222 47.844429
 21.000000 2.321684 3.315004 0.993320 0.574395 1147.427164 2.355556 -3.103329 1000.000000 3.311111 1.096648 100.000000 -2.006681 -400577.566395 1.659053 0.389462 77.892417 0.081403 0.331321 66.264137
 21.050000 2.336489 3.290169 0.953680 0.203689 367.907747 2.355556 -3.103329 1000.000000 3.311111 1.096648 100.000000 -2.006681 -400576.731380 1.607105 0.065915 13.183025 0.102326 0.523533 104.706660
 21.100000 2.351101 3.390653 1.039552 0.326265 83.111925 2.355556 -3.103329 1000.000000 3.311111 1.096648 100.000000 -2.006681 -400576.618446 1.626964 0.157740 31.548097 0.128716 0.828390 165.677937
 21.150000 2.323779 3.276125 0.952346 0.566088 1022.013627 2.355556 -3.103329 1000.000000 3.311111 1.096648 100.000000 -2.006681 -400579.039834 1.634456 0.202626 40.525196 0.101665 0.516793 103.358577
 21.200000 2.333774 3.330780 0.997006 0.256562 478.307558 2.355556 -3.103329 1000.000000 3.311111 1.096648 100.000000 -2.006681 -400577.877245 1.633142 0.194349 38.869738 0.106634 0.568544 113.708770
 21.250000 2.345107 3.343796 0.998689 0.108004 119.861598 2.355556 -3.103329 1000.000000 3.311111 1.096648 100.000000 -2.006681 -400576.830974 1.577304 0.002118 0.423561 0.105462 0.556117 111.223379
 21.300000 2.332959 3.292478 0.959519 0.272654 514.062231 2.355556 -3.103329 1000.000000 3.311111 1.096648 100.000000 -2.006681 -400578.255044 1.663867 0.433110 86.622047 0.099782 0.497820 99.564021
 21.350000 2.307619 3.363066 1.055446 1.283902 2324.870340 2.355556 -3.103329 1000.000000 3.311111 1.096648 100.000000 -2.006681 -400577.818175 1.643431 0.263789 52.757861 0.099609 0.496098 99.219625
 21.400000 2.342628 3.374196 1.031568 0.282546 206.923595 2.355556 -3.103329 1000.000000 3.311111 1.096648 100.000000 -2.006681 -400577.686081 1.636176 0.213723 42.744590 0.090389 0.408508 81.701677
 21.450000 2.328694 3.266284 0.937590 0.461249 741.647772 2.355556 -3.103329 1000.000000 3.311111 1.096648 100.000000 -2.006681 -400576.461762 1.596696 0.033539 6.707782 0.116905 0.683336 136.667110
 21.500000 2.351727 3.330245 0.978519 0.025636 18.321739 2.355556 -3.103329 1000.000000 3.311111 1.096648 100.000000 -2.006681 -400575.633038 1.610150 0.077437 15.487326 0.126792 0.803804 160.760890
 21.550000 2.300994 3.334647 1.033653 1.516179 2982.504204 2.355556 -3.103329 1000.000000 3.311111 1.096648 100.000000 -2.006681 -400577.191152 1.594788 0.028779 5.755897 0.101183 0.511903 102.380566
 21.600000 2.321024 3.343935 1.022911 0.650078 1203.185758 2.355556 -3.103329 1000.000000 3.311111 1.096648 100.000000 -2.006681 -400577.502861 1.664301 0.437156 87.431137 0.075099 0.281996 56.399256
 21.650000 2.328052 3.315603 0.987550 0.379219 756.622644 2.355556 -3.103329 1000.000000 3.311111 1.096648 100.000000 -2.006681 -400578.706634 1.615640 0.100546 20.109283 0.083459 0.348272 69.654398
 21.700000 2.339629 3.341675 1.002046 0.173536 263.000641 2.355556 -3.103329 1000.000000 3.311111 1.096648 100.000000 -2.006681 -400576.328733 1.642228 0.255124 51.024861 0.097208 0.472472 94.494326
 21.750000 2.315325 3.324001 1.008676 0.817560 1620.167536 2.355556 -3.103329 1000.000000 3.311111 1.096648 100.000000 -2.006681 -400580.057506 1.579454 0.003748 0.749634 0.119044 0.708579 141.715844
 21.800000 2.334465 3.323979 0.989515 0.230695 446.485855 2.355556 -3.103329 1000.000000 3.311111 1.096648 100.000000 -2.006681 -400577.543135 1.628279 0.165212 33.042366 0.115831 0.670840 134.167977
 21.850000 2.315337 3.301698 0.986361 0.813204 1618.432155 2.355556 -3.103329 1000.000000 3.311111 1.096648 100.000000 -2.006681 -400576.778602 1.617271 0.107993 21.598562 0.077584 0.300966 60.193238
 21.900000 2.356238 3.375874 1.019636 0.209947 42.409065 2.355556 -3.103329 1000.000000 3.311111 1.096648 100.000000 -2.006681 -400575.769496 1.648646 0.303031 60.606201 0.062190 0.193382 38.676339
 21.950000 2.337178 3.286443 0.949265 0.199295 343.821689 2.355556 -3.103329 1000.000000 3.311111 1.096648 100.000000 -2.006681 -400574.709861 1.608675 0.071738 14.347643 0.083021 0.344625 68.924955
 22.000000 2.333846 3.306613 0.972766 0.236654 471.487375 2.355556 -3.103329 1000.000000 3.311111 1.096648 100.000000 -2.006681 -400578.582643 1.640572 0.243429 48.685818 0.119818 0.717815 143.563003
 22.050000 2.318062 3.359567 1.041506 0.820292 1429.264279 2.355556 -3.103329 1000.000000 3.311111 1.096648 100.000000 -2.006681 -400574.780585 1.570696 0.000001 0.000102 0.121279 0.735430 147.086035
 22.100000 2.332711 3.338174 1.005463 0.297556 529.195073 2.355556 -3.103329 1000.000000 3.311111 1.096648 100.000000 -2.006681 -400577.762358 1.651315 0.324162 64.832419 0.103626 0.536913 107.382517
 22.150000 2.319976 3.277116 0.957141 0.690751 1277.494113 2.355556 -3.103329 1000.000000 3.311111 1.096648 100.000000 -2.006681 -400578.110173 1.632707 0.191649 38.329703 0.070125 0.245875 49.175074
 22.200000 2.338741 3.388893 1.050152 0.443862 343.222948 2.355556 -3.103329 1000.000000 3.311111 1.096648 100.000000 -2.006681 -400574.617388 1.612862 0.088476 17.695161 0.057006 0.162485 32.496950
 22.250000 2.349260 3.298678 0.949418 0.027544 41.175271 2.355556 -3.103329 1000.000000 3.311111 1.096648 100.000000 -2.006681 -400574.601347 1.614715 0.096444 19.288738 0.110363 0.609001 121.800200
 22.300000 2.353291 3.288262 0.934971 0.028667 10.347395 2.355556 -3.103329 1000.000000 3.311111 1.096648 100.000000 -2.006681 -400576.744723 1.626822 0.156945 31.388977 0.132515 0.878007 175.601360
 22.350000 2.318561 3.373968 1.055407 0.881862 1408.138134 2.355556 -3.103329 1000.000000 3.311111 1.096648 100.000000 -2.006681 -400576.749073 1.598274 0.037750 7.549990 0.110712 0.612860 122.572056
 22.400000 2.342072 3.303503 0.961431 0.093800 182.390051 2.355556 -3.103329 1000.000000 3.311111 1.096648 100.000000 -2.006681 -400576.980243 1.613963 0.093170 18.633911 0.087810 0.385534 77.106838
 22.450000 2.336957 3.303888 0.966931 0.175555 346.414433 2.355556 -3.103329 1000.000000 3.311111 1.096648 100.000000 -2.006681 -400576.532963 1.627430 0.160368 32.073510 0.088940 0.395515 79.102974
 22.500000 2.351284 3.326206 0.974921 0.020514 20.521312 2.355556 -3.103329 1000.000000 3.311111 1.096648 100.000000 -2.006681 -400576.940260 1.620176 0.121917 24.383432 0.079002 0.312064 62.412883
 22.550000 2.289225 3.346870 1.057644 2.263778 4412.475361 2.355556 -3.103329 1000.000000 3.311111 1.096648 100.000000 -2.006681 -400574.953179 1.630273 0.176871 35.374256 0.087354 0.381534 76.306834
 22.600000 2.342349 3.321522 0.979173 0.092622 175.489369 2.355556 -3.103329 1000.000000 3.311111 1.096648 100.000000 -2.006681 -400577.594037 1.619622 0.119198 23.839691 0.131435 0.863759 172.751722
 22.650000 2.349957 3.348643 0.998686 0.086104 45.430254 2.355556 -3.103329 1000.000000 3.311111 1.096648 100.000000 -2.006681 -400576.055520 1.648973 0.305577 61.115382 0.129647 0.840424 168.084700
 22.700000 2.330590 3.290650 0.960060 0.332568 627.455869 2.355556 -3.103329 1000.000000 3.311111 1.096648 100.000000 -2.006681 -400578.109312 1.578904 0.003287 0.657372 0.095877 0.459624 91.924800
 22.750000 2.305760 3.370984 1.065224 1.419048 2515.468318 2.355556 -3.103329 1000.000000 3.311111 1.096648 100.000000 -2.006681 -400578.348057 1.640291 0.241478 48.295510 0.110708 0.612813 122.562628
 22.800000 2.340830 3.268204 0.927374 0.200473 235.253041 2.355556 -3.103329 1000.000000 3.311111 1.096648 100.000000 -2.006681 -400575.882073 1.614942 0.097443 19.488648 0.073724 0.271762 54.352374
 22.850000 2.334952 3.370634 1.035682 0.389408 459.945099 2.355556 -3.103329 1000.000000 3.311111 1.096648 100.000000 -2.006681 -400576.707929 1.667111 0.463822 92.764427 0.087221 0.380371 76.074262
 22.900000 2.319553 3.334789 1.015236 0.676113 1301.769731 2.355556 -3.103329 1000.000000 3.311111 1.096648 100.000000 -2.006681 -400575.518927 1.598816 0.039254 7.850795 0.090194 0.406744 81.348744
 22.950000 2.310712 3.340370 1.029659 1.048297 2019.545297 2.355556 -3.103329 1000.000000 3.311111 1.096648 100.000000 -2.006681 -400579.884219 1.674923 0.542122 108.424446 0.139289 0.970072 194.014390
 23.000000 2.363606 3.278262 0.914657 0.086354 75.595376 2.355556 -3.103329 1000.000000 3.311111 1.096648 100.000000 -2.006681 -400574.165528 1.550055 0.021510 4.301999 0.129269 0.835521 167.104251
 23.050000 2.310454 3.414998 1.104544 1.556703 2142.074577 2.355556 -3.103329 1000.000000 3.311111 1.096648 100.000000 -2.006681 -400577.881049 1.623508 0.138929 27.785702 0.134828 0.908927 181.785457
 23.100000 2.309999 3.246489 0.936489 1.246479 2117.115116 2.355556 -3.103329 1000.000000 3.311111 1.096648 100.000000 -2.006681 -400576.841517 1.619692 0.119538 23.907687 0.063642 0.202515 40.503031
 23.150000 2.338465 3.414778 1.076312 0.683375 399.540890 2.355556 -3.103329 1000.000000 3.311111 1.096648 100.000000 -2.006681 -400573.821921 1.727541 1.228447 245.689454 0.052957 0.140220 28.044004
 23.200000 2.356407 3.303973 0.947566 0.002910 1.234688 2.355556 -3.103329 1000.000000 3.311111 1.096648 100.000000 -2.006681 -400572.710824 1.579926 0.004168 0.833525 0.057615 0.165973 33.194628
 23.250000 2.307270 3.359042 1.051772 1.280625 2354.486925 2.355556 -3.103329 1000.000000 3.311111 1.096648 100.000000 -2.006681 -400576.790942 1.696031 0.784180 156.836035 0.160632 1.290129 258.025893
 23.300000 2.325025 3.288239 0.963214 0.492204 937.325448 2.355556 -3.103329 1000.000000 3.311111 1.096648 100.000000 -2.006681 -400574.774723 1.542956 0.038753 7.750630 0.171633 1.472894 294.578880
 23.350000 2.340144 3.401170 1.061026 0.524289 318.621962 2.355556 -3.103329 1000.000000 3.311111 1.096648 100.000000 -2.006681 -400574.407735 1.588989 0.016549 3.309737 0.145506 1.058595 211.719093
 23.400000 2.361353 3.244532 0.883179 0.238443 77.935470 2.355556 -3.103329 1000.000000 3.311111 1.096648 100.000000 -2.006681 -400576.002421 1.608706 0.071858 14.371509 0.088468 0.391333 78.266617
 23.450000 2.305679 3.360087 1.054408 1.363783 2511.691301 2.355556 -3.103329 1000.000000 3.311111 1.096648 100.000000 -2.006681 -400575.852823 1.696337 0.788027 157.605491 0.053785 0.144643 28.928536
 23.500000 2.350761 3.314574 0.963813 0.012093 23.106782 2.355556 -3.103329 1000.000000 3.311111 1.096648 100.000000 -2.006681 -400575.683221 1.598590 0.038625 7.725078 0.042484 0.090243 18.048665
 23.550000 2.369277 3.327287 0.958009 0.107228 190.908034 2.355556 -3.103329 1000.000000 3.311111 1.096648 100.000000 -2.006681 -400574.846027 1.646283 0.284909 56.981708 0.142985 1.022229 204.445835
 23.600000 2.322696 3.321902 0.999206 0.545689 1080.899146 2.355556 -3.103329 1000.000000 3.311111 1.096648 100.000000 -2.006681 -400577.464906 1.581864 0.006125 1.225020 0.184104 1.694718 338.943633
 23.650000 2.318132 3.365066 1.046934 0.845826 1429.651728 2.355556 -3.103329 1000.000000 3.311111 1.096648 100.000000 -2.006681 -400576.213753 1.657809 0.378564 75.712845 0.146852 1.078275 215.655029
 23.700000 2.331082 3.310529 0.979447 0.299502 598.973530 2.355556 -3.103329 1000.000000 3.311111 1.096648 100.000000 -2.006681 -400578.887719 1.599261 0.040512 8.102319 0.083759 0.350780 70.155911
 23.750000 2.328144 3.345277 1.017133 0.434053 763.049300 2.355556 -3.103329 1000.000000 3.311111 1.096648 100.000000 -2.006681 -400574.844942 1.669950 0.491575 98.314988 0.100337 0.503374 100.674811
 23.800000 2.331029 3.271182 0.940153 0.380492 617.496543 2.355556 -3.103329 1000.000000 3.311111 1.096648 100.000000 -2.006681 -400576.268115 1.621862 0.130385 26.077007 0.074228 0.275492 55.098456
 23.850000 2.320683 3.425048 1.104365 1.257125 1345.907683 2.355556 -3.103329 1000.000000 3.311111 1.096648 100.000000 -2.006681 -400577.008290 1.667901 0.471462 94.292464 0.106979 0.572226 114.445295
 23.900000 2.294882 3.311252 1.016371 1.840660 3681.317978 2.355556 -3.103329 1000.000000 3.311111 1.096648 100.000000 -2.006681 -400577.372649 1.601709 0.047780 9.556007 0.146316 1.070415 214.083016
 23.950000 2.331850 3.346946 1.015096 0.345177 574.779481 2.355556 -3.103329 1000.000000 3.311111 1.096648 100.000000 -2.006681 -400577.108596 1.705068 0.901438 180.287631 0.132371 0.876109 175.221841
 24.000000 2.292570 3.345635 1.053066 2.043205 3979.138406 2.355556 -3.103329 1000.000000 3.311111 1.096648 100.000000 -2.006681 -400577.442093 1.567366 0.000588 0.117683 0.108260 0.586010 117.201912
 24.050000 2.312837 3.370910 1.058073 1.091220 1860.606258 2.355556 -3.103329 1000.000000 3.311111 1.096648 100.000000 -2.006681 -400578.534863 1.673947 0.532004 106.400701 0.133535 0.891575 178.314931
 24.100000 2.307853 3.241551 0.933698 1.379682 2323.888753 2.355556 -3.103329 1000.000000 3.311111 1.096648 100.000000 -2.006681 -400576.832290 1.615404 0.099494 19.898774 0.108266 0.586079 117.215755
 24.150000 2.360633 3.420807 1.060174 0.614546 146.111056 2.355556 -3.103329 1000.000000 3.311111 1.096648 100.000000 -2.006681 -400575.495962 1.662803 0.423262 84.652340 0.065664 0.215589 43.117806
 24.200000 2.301079 3.307447 1.006367 1.484497 2967.784833 2.355556 -3.103329 1000.000000 3.311111 1.096648 100.000000 -2.006681 -400577.720236 1.626643 0.155945 31.188973 0.073774 0.272127 54.425472
 24.250000 2.342717 3.329617 0.986900 0.099543 168.264011 2.355556 -3.103329 1000.000000 3.311111 1.096648 100.000000 -2.006681 -400574.346600 1.686080 0.664514 132.902780 0.123079 0.757426 151.485127
 24.300000 2.325104 3.338125 1.013021 0.500131 934.582980 2.355556 -3.103329 1000.000000 3.311111 1.096648 100.000000 -2.006681 -400574.372749 1.550695 0.020202 4.040484 0.137171 0.940790 188.158039
 24.350000 2.333336 3.363131 1.029795 0.382157 520.769420 2.355556 -3.103329 1000.000000 3.311111 1.096648 100.000000 -2.006681 -400573.322528 1.667437 0.466975 93.395044 0.143043 1.023071 204.614102
 24.400000 2.304937 3.274166 0.969229 1.349348 2575.852095 2.355556 -3.103329 1000.000000 3.311111 1.096648 100.000000 -2.006681 -400576.172871 1.619715 0.119651 23.930240 0.117687 0.692510 138.501902
 24.450000 2.338112 3.362941 1.024829 0.286449 331.124453 2.355556 -3.103329 1000.000000 3.311111 1.096648 100.000000 -2.006681 -400573.939781 1.600524 0.044187 8.837326 0.101674 0.516879 103.375809
 24.500000 2.350213 3.323787 0.973574 0.022307 30.153584 2.355556 -3.103329 1000.000000 3.311111 1.096648 100.000000 -2.006681 -400575.144652 1.643652 0.265397 53.079303 0.069692 0.242849 48.569705
 24.550000 2.291726 3.324527 1.032801 2.046129 4076.060502 2.355556 -3.103329 1000.000000 3.311111 1.096648 100.000000 -2.006681 -400578.334300 1.653379 0.340993 68.198655 0.086080 0.370484 74.096814
 24.600000 2.310701 3.389993 1.079292 1.317080 2074.148363 2.355556 -3.103329 1000.000000 3.311111 1.096648 100.000000 -2.006681 -400577.213053 1.641945 0.253109 50.621773 0.111522 0.621863 124.372605
 24.650000 2.298846 3.322193 1.023348 1.614136 3217.217976 2.355556 -3.103329 1000.000000 3.311111 1.096648 100.000000 -2.006681 -400574.802163 1.617616 0.109603 21.920599 0.140549 0.987704 197.540791
 24.700000 2.355158 3.324019 0.968861 0.008410 1.824132 2.355556 -3.103329 1000.000000 3.311111 1.096648 100.000000 -2.006681 -400574.622414 1.644012 0.268026 53.605217 0.163371 1.334511 266.902137
 24.750000 2.263958 3.360958 1.097001 4.319313 8414.998529 2.355556 -3.103329 1000.000000 3.311111 1.096648 100.000000 -2.006681 -400579.495201 1.568155 0.000349 0.069773 0.123466 0.762195 152.439063
 24.800000 2.303545 3.362753 1.059208 1.485898 2731.775352 2.355556 -3.103329 1000.000000 3.311111 1.096648 100.000000 -2.006681 -400576.939908 1.692370 0.739013 147.802527 0.067380 0.227001 45.400121
 24.850000 2.281757 3.315537 1.033780 2.724116 5446.469467 2.355556 -3.103329 1000.000000 3.311111 1.096648 100.000000 -2.006681 -400575.880474 1.668895 0.481171 96.234221 0.039736 0.078947 15.789330
 24.900000 2.310680 3.419664 1.108984 1.596112 2131.696495 2.355556 -3.103329 1000.000000 3.311111 1.096648 100.000000 -2.006681 -400576.054251 1.663375 0.428545 85.708926 0.071585 0.256220 51.244090
 24.950000 2.279302 3.315494 1.036191 2.908226 5814.724225 2.355556 -3.103329 1000.000000 3.311111 1.096648 100.000000 -2.006681 -400578.809816 1.615797 0.101252 20.250459 0.141511 1.001268 200.253536
 25.000000 2.306720 3.342021 1.035301 1.240249 2394.512683 2.355556 -3.103329 1000.000000 3.311111 1.096648 100.000000 -2.006681 -400577.459030 1.655192 0.356129 71.225856 0.170607 1.455333 291.066688
 25.050000 2.292782 3.361376 1.068594 2.096563 3965.733246 2.355556 -3.103329 1000.000000 3.311111 1.096648 100.000000 -2.006681 -400580.021220 1.556228 0.010612 2.122342 0.133461 0.890589 178.117760
 25.100000 2.327008 3.364790 1.037782 0.551541 843.754567 2.355556 -3.103329 1000.000000 3.311111 1.096648 100.000000 -2.006681 -400578.074698 1.708143 0.943201 188.640290 0.068451 0.234275 46.855039
 25.150000 2.290245 3.265422 0.975177 2.237098 4286.321750 2.355556 -3.103329 1000.000000 3.311111 1.096648 100.000000 -2.006681 -400577.162737 1.641267 0.248307 49.661399 0.056372 0.158892 31.778365
 25.200000 2.349785 3.396916 1.047131 0.384777 106.925726 2.355556 -3.103329 1000.000000 3.311111 1.096648 100.000000 -2.006681 -400578.851845 1.668952 0.481724 96.344782 0.072633 0.263774 52.754856
 25.250000 2.324611 3.303322 0.978711 0.481816 958.172847 2.355556 -3.103329 1000.000000 3.311111 1.096648 100.000000 -2.006681 -400576.860776 1.565410 0.001451 0.290152 0.144802 1.048374 209.674869
 25.300000 2.345798 3.330569 0.984770 0.066534 98.994154 2.355556 -3.103329 1000.000000 3.311111 1.096648 100.000000 -2.006681 -400576.994486 1.676885 0.562741 112.548111 0.182436 1.664145 332.828986
 25.350000 2.353614 3.284458 0.930844 0.037404 10.873772 2.355556 -3.103329 1000.000000 3.311111 1.096648 100.000000 -2.006681 -400575.492165 1.557273 0.009145 1.828930 0.129477 0.838218 167.643613
 25.400000 2.391852 3.368488 0.976637 0.823309 1350.326304 2.355556 -3.103329 1000.000000 3.311111 1.096648 100.000000 -2.006681 -400575.708570 1.622108 0.131644 26.328760 0.091364 0.417369 83.473776
 25.450000 2.365441 3.179361 0.813920 0.916766 271.301281 2.355556 -3.103329 1000.000000 3.311111 1.096648 100.000000 -2.006681 -400575.404096 1.560793 0.005003 1.000665 0.129664 0.840637 168.127443
 25.500000 2.352485 3.337842 0.985357 0.040442 16.573753 2.355556 -3.103329 1000.000000 3.311111 1.096648 100.000000 -2.006681 -400576.544842 1.660912 0.406046 81.209160 0.118324 0.700033 140.006621
 25.550000 2.340113 3.334533 0.994420 0.146668 243.964844 2.355556 -3.103329 1000.000000 3.311111 1.096648 100.000000 -2.006681 -400576.002691 1.549119 0.023496 4.699246 0.086044 0.370182 74.036489
 25.600000 2.403020 3.279669 0.876649 1.175879 2262.782946 2.355556 -3.103329 1000.000000 3.311111 1.096648 100.000000 -2.006681 -400576.765527 1.665346 0.446978 89.395652 0.128912 0.830921 166.184165
 25.650000 2.351873 3.296396 0.944523 0.017610 15.730200 2.355556 -3.103329 1000.000000 3.311111 1.096648 100.000000 -2.006681 -400576.541268 1.593540 0.025863 5.172694 0.109709 0.601799 120.359896
 25.700000 2.337140 3.376708 1.039568 0.384715 382.161866 2.355556 -3.103329 1000.000000 3.311111 1.096648 100.000000 -2.006681 -400576.871874 1.616818 0.105902 21.180302 0.106530 0.567435 113.487020
 25.750000 2.338344 3.257120 0.918776 0.293869 325.382886 2.355556 -3.103329 1000.000000 3.311111 1.096648 100.000000 -2.006681 -400578.399074 1.589275 0.017073 3.414597 0.150047 1.125700 225.140093
 25.800000 2.341258 3.310009 0.968752 0.102273 204.437088 2.355556 -3.103329 1000.000000 3.311111 1.096648 100.000000 -2.006681 -400577.314958 1.618965 0.116010 23.201918 0.137408 0.944052 188.810440
 25.850000 2.351126 3.335973 0.984847 0.040716 25.800145 2.355556 -3.103329 1000.000000 3.311111 1.096648 100.000000 -2.006681 -400577.743193 1.579904 0.004147 0.829471 0.073834 0.272574 54.514887
 25.900000 2.361308 3.340558 0.979250 0.059899 41.757186 2.355556 -3.103329 1000.000000 3.311111 1.096648 100.000000 -2.006681 -400576.402730 1.688928 0.697751 139.550236 0.070727 0.250114 50.022732
 25.950000 2.326122 3.282345 0.956223 0.474531 874.587393 2.355556 -3.103329 1000.000000 3.311111 1.096648 100.000000 -2.006681 -400575.728304 1.620071 0.121401 24.280270 0.099555 0.495559 99.111764
 26.000000 2.335930 3.399344 1.063414 0.581831 463.014165 2.355556 -3.103329 1000.000000 3.311111 1.096648 100.000000 -2.006681 -400577.456199 1.633183 0.194606 38.921285 0.143637 1.031579 206.315804
 26.050000 2.298380 3.285524 0.987143 1.667234 3275.543401 2.355556 -3.103329 1000.000000 3.311111 1.096648 100.000000 -2.006681 -400577.608626 1.513384 0.164806 32.961222 0.188838 1.782987 356.597440
 26.100000 2.344959 3.381114 1.036155 0.301167 161.295503 2.355556 -3.103329 1000.000000 3.311111 1.096648 100.000000 -2.006681 -400576.999830 1.641496 0.249923 49.984542 0.209280 2.189901 437.980149
 26.150000 2.333917 3.220202 0.886286 0.647342 550.885902 2.355556 -3.103329 1000.000000 3.311111 1.096648 100.000000 -2.006681 -400576.626904 1.528163 0.090881 18.176278 0.103797 0.538691 107.738132
 26.200000 2.337538 3.454285 1.116747 1.187255 529.632700 2.355556 -3.103329 1000.000000 3.311111 1.096648 100.000000 -2.006681 -400575.721573 1.740631 1.442191 288.438156 0.043421 0.094269 18.853714
 26.250000 2.298404 3.235459 0.937055 1.919312 3323.528568 2.355556 -3.103329 1000.000000 3.311111 1.096648 100.000000 -2.006681 -400575.502846 1.581036 0.005242 1.048423 0.014378 0.010336 2.067264
 26.300000 2.361363 3.414558 1.053195 0.551932 140.744284 2.355556 -3.103329 1000.000000 3.311111 1.096648 100.000000 -2.006681 -400578.703882 1.737454 1.388734 277.746721 0.108875 0.592685 118.537071
 26.350000 2.305921 3.286393 0.980472 1.262333 2469.678259 2.355556 -3.103329 1000.000000 3.311111 1.096648 100.000000 -2.006681 -400579.389202 1.491793 0.312080 62.415980 0.143666 1.031996 206.399288
 26.400000 2.317420 3.395036 1.077615 1.079317 1524.735701 2.355556 -3.103329 1000.000000 3.311111 1.096648 100.000000 -2.006681 -400579.472750 1.705631 0.909024 181.804758 0.172136 1.481539 296.307779
 26.450000 2.298900 3.205290 0.906390 2.164853 3321.871490 2.355556 -3.103329 1000.000000 3.311111 1.096648 100.000000 -2.006681 -400577.162888 1.545113 0.032981 6.596169 0.116182 0.674914 134.982804
 26.500000 2.369088 3.470554 1.101465 1.362666 437.359138 2.355556 -3.103329 1000.000000 3.311111 1.096648 100.000000 -2.006681 -400577.576030 1.694242 0.761942 152.388351 0.106034 0.562156 112.431111
 26.550000 2.318216 3.205963 0.887747 1.249925 1504.798091 2.355556 -3.103329 1000.000000 3.311111 1.096648 100.000000 -2.006681 -400573.408469 1.570792 0.000000 0.000000 0.042102 0.088629 17.725770
 26.600000 2.310117 3.367908 1.057792 1.193641 2096.948984 2.355556 -3.103329 1000.000000 3.311111 1.096648 100.000000 -2.006681 -400577.231191 1.730741 1.279120 255.824098 0.059672 0.178036 35.607244
 26.650000 2.316622 3.385972 1.069350 1.038133 1571.895644 2.355556 -3.103329 1000.000000 3.311111 1.096648 100.000000 -2.006681 -400576.861770 1.576279 0.001503 0.300617 0.107180 0.574379 114.875872
 26.700000 2.326480 3.346384 1.019904 0.484897 857.818287 2.355556 -3.103329 1000.000000 3.311111 1.096648 100.000000 -2.006681 -400576.790853 1.589635 0.017745 3.549076 0.155376 1.207092 241.418423
 26.750000 2.316194 3.307408 0.991214 0.775352 1549.470589 2.355556 -3.103329 1000.000000 3.311111 1.096648 100.000000 -2.006681 -400579.425458 1.636668 0.216951 43.390201 0.152180 1.157937 231.587361
 26.800000 2.302205 3.348012 1.045807 1.491220 2859.891774 2.355556 -3.103329 1000.000000 3.311111 1.096648 100.000000 -2.006681 -400580.639679 1.624219 0.142699 28.539819 0.103321 0.533762 106.752300
 26.850000 2.337480 3.380622 1.043142 0.404944 375.027300 2.355556 -3.103329 1000.000000 3.311111 1.096648 100.000000 -2.006681 -400576.748445 1.639355 0.235013 47.002538 0.079502 0.316028 63.205571
 26.900000 2.337989 3.236843 0.898855 0.430078 363.745159 2.355556 -3.103329 1000.000000 3.311111 1.096648 100.000000 -2.006681 -400578.116516 1.620375 0.122901 24.580249 0.034992 0.061223 12.244590
 26.950000 2.342716 3.419762 1.077046 0.672675 282.906801 2.355556 -3.103329 1000.000000 3.311111 1.096648 100.000000 -2.006681 -400577.160399 1.678464 0.579619 115.923812 0.083810 0.351205 70.241013
 27.000000 2.314096 3.292674 0.978578 0.876458 1722.322257 2.355556 -3.103329 1000.000000 3.311111 1.096648 100.000000 -2.006681 -400579.452780 1.561820 0.004028 0.805673 0.157275 1.236767 247.353323
 27.050000 2.372773 3.297236 0.924463 0.157848 298.370086 2.355556 -3.103329 1000.000000 3.311111 1.096648 100.000000 -2.006681 -400577.136475 1.655493 0.358676 71.735284 0.181394 1.645181 329.036285
 27.100000 2.337642 3.322278 0.984636 0.166688 322.153907 2.355556 -3.103329 1000.000000 3.311111 1.096648 100.000000 -2.006681 -400577.031735 1.501787 0.238116 47.623231 0.128723 0.828486 165.697268
 27.150000 2.342699 3.369174 1.026475 0.251215 199.012172 2.355556 -3.103329 1000.000000 3.311111 1.096648 100.000000 -2.006681 -400577.664753 1.649934 0.313141 62.628249 0.095893 0.459777 91.955355
 27.200000 2.319215 3.160648 0.841433 1.792277 1547.024233 2.355556 -3.103329 1000.000000 3.311111 1.096648 100.000000 -2.006681 -400576.726709 1.660080 0.398580 79.715967 0.031396 0.049284 9.856841
 27.250000 2.372432 3.451793 1.079361 1.131988 482.741298 2.355556 -3.103329 1000.000000 3.311111 1.096648 100.000000 -2.006681 -400575.758685 1.679996 0.596232 119.246386 0.011331 0.006420 1.283980
 27.300000 2.311171 3.321208 1.010037 0.990092 1971.008327 2.355556 -3.103329 1000.000000 3.311111 1.096648 100.000000 -2.006681 -400576.855856 1.581702 0.005946 1.189263 0.104838 0.549548 109.909681
 27.350000 2.321660 3.299706 0.978047 0.580967 1150.227664 2.355556 -3.103329 1000.000000 3.311111 1.096648 100.000000 -2.006681 -400579.171414 1.677312 0.567282 113.456491 0.186864 1.745917 349.183343
 27.400000 2.317721 3.351662 1.033941 0.797943 1447.889647 2.355556 -3.103329 1000.000000 3.311111 1.096648 100.000000 -2.006681 -400577.819056 1.503359 0.227393 45.478558 0.163921 1.343510 268.701948
 27.450000 2.364505 3.393077 1.028572 0.375964 147.270226 2.355556 -3.103329 1000.000000 3.311111 1.096648 100.000000 -2.006681 -400577.346605 1.628399 0.165902 33.180343 0.120037 0.720443 144.088623
 27.500000 2.295220 3.213090 0.917870 2.300604 3736.476911 2.355556 -3.103329 1000.000000 3.311111 1.096648 100.000000 -2.006681 -400579.812732 1.639783 0.237956 47.591128 0.080668 0.325369 65.073823
 27.550000 2.320846 3.424739 1.103893 1.247943 1333.862295 2.355556 -3.103329 1000.000000 3.311111 1.096648 100.000000 -2.006681 -400576.547849 1.702574 0.868270 173.653982 0.055144 0.152044 30.408803
 27.600000 2.303726 3.323689 1.019963 1.351077 2687.917160 2.355556 -3.103329 1000.000000 3.311111 1.096648 100.000000 -2.006681 -400579.583795 1.612514 0.087019 17.403800 0.062703 0.196581 39.316136
 27.650000 2.353729 3.329319 0.975590 0.018245 6.652264 2.355556 -3.103329 1000.000000 3.311111 1.096648 100.000000 -2.006681 -400576.880925 1.679048 0.585919 117.183734 0.172282 1.484057 296.811349
 27.700000 2.294942 3.363166 1.068224 1.972460 3701.042652 2.355556 -3.103329 1000.000000 3.311111 1.096648 100.000000 -2.006681 -400579.840515 1.570136 0.000022 0.004367 0.187196 1.752118 350.423688
 27.750000 2.316350 3.365213 1.048863 0.914881 1566.330223 2.355556 -3.103329 1000.000000 3.311111 1.096648 100.000000 -2.006681 -400578.010394 1.670743 0.499463 99.892523 0.120676 0.728133 145.626624
 27.800000 2.331329 3.279776 0.948447 0.342546 596.723139 2.355556 -3.103329 1000.000000 3.311111 1.096648 100.000000 -2.006681 -400577.316082 1.570150 0.000021 0.004182 0.136929 0.937477 187.495364
 27.850000 2.386799 3.322943 0.936144 0.495071 977.543764 2.355556 -3.103329 1000.000000 3.311111 1.096648 100.000000 -2.006681 -400576.039983 1.672645 0.518657 103.731431 0.120810 0.729757 145.951465
 27.900000 2.306409 3.270629 0.964220 1.289646 2431.798951 2.355556 -3.103329 1000.000000 3.311111 1.096648 100.000000 -2.006681 -400578.091198 1.598591 0.038629 7.725703 0.057941 0.167859 33.571880
 27.950000 2.345429 3.426480 1.081050 0.716764 235.636542 2.355556 -3.103329 1000.000000 3.311111 1.096648 100.000000 -2.006681 -400577.084294 1.706951 0.926910 185.381969 0.120386 0.724635 144.927084
 28.000000 2.335811 3.256560 0.920749 0.343722 419.616276 2.355556 -3.103329 1000.000000 3.311111 1.096648 100.000000 -2.006681 -400577.285737 1.569114 0.000142 0.028307 0.156900 1.230884 246.176790
 28.050000 2.352967 3.342818 0.989851 0.053618 16.755523 2.355556 -3.103329 1000.000000 3.311111 1.096648 100.000000 -2.006681 -400577.050795 1.649570 0.310263 62.052574 0.172349 1.485216 297.043170
 28.100000 2.320048 3.312826 0.992778 0.630546 1260.826417 2.355556 -3.103329 1000.000000 3.311111 1.096648 100.000000 -2.006681 -400578.088000 1.506353 0.207644 41.528840 0.163928 1.343624 268.724886
 28.150000 2.329088 3.351019 1.021931 0.429898 716.456855 2.355556 -3.103329 1000.000000 3.311111 1.096648 100.000000 -2.006681 -400578.398050 1.639616 0.236806 47.361119 0.126397 0.798809 159.761827
 28.200000 2.313711 3.267063 0.953353 0.972506 1770.392918 2.355556 -3.103329 1000.000000 3.311111 1.096648 100.000000 -2.006681 -400577.150421 1.632841 0.192475 38.494926 0.040990 0.084010 16.801997
 28.250000 2.347022 3.400601 1.053579 0.436835 152.912527 2.355556 -3.103329 1000.000000 3.311111 1.096648 100.000000 -2.006681 -400577.197999 1.710862 0.980920 196.184027 0.040197 0.080790 16.158044
 28.300000 2.313367 3.304365 0.990997 0.892205 1780.313764 2.355556 -3.103329 1000.000000 3.311111 1.096648 100.000000 -2.006681 -400577.762286 1.584740 0.009721 1.944245 0.093333 0.435548 87.109589
 28.350000 2.350656 3.362311 1.011654 0.143072 50.216061 2.355556 -3.103329 1000.000000 3.311111 1.096648 100.000000 -2.006681 -400574.246355 1.642257 0.255328 51.065677 0.200101 2.002029 400.405867
 28.400000 2.297539 3.279245 0.981706 1.733719 3376.046242 2.355556 -3.103329 1000.000000 3.311111 1.096648 100.000000 -2.006681 -400578.161341 1.509997 0.184825 36.965064 0.202619 2.052721 410.544214
 28.450000 2.335230 3.410407 1.075176 0.699535 511.705972 2.355556 -3.103329 1000.000000 3.311111 1.096648 100.000000 -2.006681 -400574.400821 1.611456 0.082659 16.531734 0.141103 0.995499 199.099785
 28.500000 2.325261 3.294690 0.969429 0.472356 920.443597 2.355556 -3.103329 1000.000000 3.311111 1.096648 100.000000 -2.006681 -400575.626558 1.627369 0.160026 32.005229 0.067059 0.224845 44.969097
 28.550000 2.336191 3.317610 0.981419 0.189603 375.404471 2.355556 -3.103329 1000.000000 3.311111 1.096648 100.000000 -2.006681 -400576.466471 1.723784 1.170257 234.051438 0.018462 0.017042 3.408411
 28.600000 2.317356 3.344741 1.027385 0.786151 1470.513808 2.355556 -3.103329 1000.000000 3.311111 1.096648 100.000000 -2.006681 -400576.991890 1.615357 0.099282 19.856423 0.058032 0.168388 33.677693
 28.650000 2.340370 3.363006 1.022636 0.249956 257.531094 2.355556 -3.103329 1000.000000 3.311111 1.096648 100.000000 -2.006681 -400576.224817 1.642164 0.254668 50.933544 0.142857 1.020405 204.081030
 28.700000 2.310933 3.286589 0.975657 1.025671 1997.223281 2.355556 -3.103329 1000.000000 3.311111 1.096648 100.000000 -2.006681 -400577.075506 1.586021 0.011589 2.317849 0.181231 1.642227 328.445380
 28.750000 2.354468 3.357697 1.003229 0.109102 22.884789 2.355556 -3.103329 1000.000000 3.311111 1.096648 100.000000 -2.006681 -400578.715889 1.629588 0.172824 34.564709 0.129603 0.839845 167.968923
 28.800000 2.312971 3.350191 1.037220 0.983069 1828.684230 2.355556 -3.103329 1000.000000 3.311111 1.096648 100.000000 -2.006681 -400576.754736 1.616241 0.103261 20.652237 0.085090 0.362012 72.402339
 28.850000 2.339766 3.285462 0.945696 0.157544 255.879227 2.355556 -3.103329 1000.000000 3.311111 1.096648 100.000000 -2.006681 -400578.231248 1.665427 0.447745 89.548956 0.078335 0.306820 61.363942
 28.900000 2.343302 3.347472 1.004170 0.141176 163.358896 2.355556 -3.103329 1000.000000 3.311111 1.096648 100.000000 -2.006681 -400576.230117 1.629537 0.172525 34.505049 0.091625 0.419757 83.951386
 28.950000 2.318937 3.352059 1.033122 0.754303 1357.698369 2.355556 -3.103329 1000.000000 3.311111 1.096648 100.000000 -2.006681 -400579.474645 1.626252 0.153764 30.752846 0.129876 0.843387 168.677460
 29.000000 2.310279 3.307494 0.997215 1.025636 2050.093735 2.355556 -3.103329 1000.000000 3.311111 1.096648 100.000000 -2.006681 -400577.811203 1.669629 0.488399 97.679751 0.136781 0.935447 187.089376
 29.050000 2.362846 3.328626 0.965779 0.041914 56.219882 2.355556 -3.103329 1000.000000 3.311111 1.096648 100.000000 -2.006681 -400578.123587 1.556780 0.009823 1.964518 0.114071 0.650610 130.122049
 29.100000 2.328824 3.369873 1.041049 0.529938 749.113621 2.355556 -3.103329 1000.000000 3.311111 1.096648 100.000000 -2.006681 -400575.450002 1.612789 0.088170 17.634006 0.123454 0.762039 152.407777
 29.150000 2.336094 3.212027 0.875933 0.680249 476.913112 2.355556 -3.103329 1000.000000 3.311111 1.096648 100.000000 -2.006681 -400577.919050 1.632133 0.188107 37.621356 0.104756 0.548692 109.738335
 29.200000 2.318547 3.413311 1.094764 1.207066 1474.100166 2.355556 -3.103329 1000.000000 3.311111 1.096648 100.000000 -2.006681 -400578.939479 1.638151 0.226832 45.366464 0.079610 0.316889 63.377858
 29.250000 2.337346 3.338468 1.001122 0.203212 339.070212 2.355556 -3.103329 1000.000000 3.311111 1.096648 100.000000 -2.006681 -400577.897271 1.618924 0.115812 23.162429 0.107566 0.578525 115.704900
 29.300000 2.337887 3.249560 0.911673 0.345512 350.059255 2.355556 -3.103329 1000.000000 3.311111 1.096648 100.000000 -2.006681 -400578.552535 1.676880 0.562683 112.536653 0.122116 0.745618 149.123529
 29.350000 2.310679 3.404425 1.093746 1.442335 2100.996994 2.355556 -3.103329 1000.000000 3.311111 1.096648 100.000000 -2.006681 -400577.811673 1.558538 0.007514 1.502770 0.111677 0.623584 124.716757
 29.400000 2.336419 3.348763 1.012343 0.253979 380.369663 2.355556 -3.103329 1000.000000 3.311111 1.096648 100.000000 -2.006681 -400579.254692 1.568347 0.000300 0.060016 0.137575 0.946344 189.268734
 29.450000 2.358484 3.203158 0.844674 0.586977 125.113597 2.355556 -3.103329 1000.000000 3.311111 1.096648 100.000000 -2.006681 -400578.019790 1.663832 0.432777 86.555475 0.114713 0.657950 131.589918
 29.500000 2.331916 3.421596 1.089680 0.889754 680.878349 2.355556 -3.103329 1000.000000 3.311111 1.096648 100.000000 -2.006681 -400575.665052 1.577658 0.002354 0.470830 0.044336 0.098284 19.656895
 29.550000 2.357456 3.317102 0.959647 0.003600 3.969948 2.355556 -3.103329 1000.000000 3.311111 1.096648 100.000000 -2.006681 -400576.202797 1.657486 0.375758 75.151587 0.065543 0.214795 42.958920
 29.600000 2.325498 3.236998 0.911501 0.726367 958.391418 2.355556 -3.103329 1000.000000 3.311111 1.096648 100.000000 -2.006681 -400577.490873 1.639652 0.237054 47.410778 0.130914 0.856924 171.384878
 29.650000 2.366128 3.407588 1.041460 0.521274 204.852636 2.355556 -3.103329 1000.000000 3.311111 1.096648 100.000000 -2.006681 -400578.165907 1.564696 0.001861 0.372107 0.157085 1.233781 246.756242
 29.700000 2.317636 3.323736 1.006099 0.726896 1439.448582 2.355556 -3.103329 1000.000000 3.311111 1.096648 100.000000 -2.006681 -400577.999608 1.594034 0.027000 5.399931 0.152566 1.163820 232.764039
 29.750000 2.325990 3.271248 0.945258 0.516517 890.017740 2.355556 -3.103329 1000.000000 3.311111 1.096648 100.000000 -2.006681 -400576.357953 1.650670 0.318987 63.797348 0.123549 0.763216 152.643255
 29.800000 2.341787 3.385837 1.044050 0.373981 245.407978 2.355556 -3.103329 1000.000000 3.311111 1.096648 100.000000 -2.006681 -400574.692334 1.578274 0.002796 0.559169 0.090967 0.413751 82.750129
 29.850000 2.328949 3.325869 0.996920 0.364844 710.085630 2.355556 -3.103329 1000.000000 3.311111 1.096648 100.000000 -2.006681 -400576.747306 1.668765 0.479888 95.977660 0.043871 0.096232 19.246472
 29.900000 2.311242 3.278150 0.966908 1.036178 1974.578341 2.355556 -3.103329 1000.000000 3.311111 1.096648 100.000000 -2.006681 -400578.958372 1.636665 0.216936 43.387279 0.088969 0.395778 79.155567
 29.950000 2.365706 3.420999 1.055293 0.655279 223.778485 2.355556 -3.103329 1000.000000 3.311111 1.096648 100.000000 -2.006681 -400578.327958 1.634621 0.203678 40.735599 0.144261 1.040566 208.113259
 30.000000 2.303023 3.258906 0.955883 1.516108 2786.931011 2.355556 -3.103329 1000.000000 3.311111 1.096648 100.000000 -2.006681 -400580.399082 1.584320 0.009145 1.829000 0.135103 0.912635 182.526955
 30.050000 2.325556 3.374545 1.048989 0.651184 940.216061 2.355556 -3.103329 1000.000000 3.311111 1.096648 100.000000 -2.006681 -400577.839603 1.661364 0.410126 82.025146 0.116864 0.682863 136.572605
 30.100000 2.313347 3.324813 1.011465 0.900158 1783.419881 2.355556 -3.103329 1000.000000 3.311111 1.096648 100.000000 -2.006681 -400577.298599 1.568344 0.000301 0.060135 0.084651 0.358290 71.657990
 30.150000 2.336120 3.293104 0.956984 0.205085 380.986277 2.355556 -3.103329 1000.000000 3.311111 1.096648 100.000000 -2.006681 -400575.249946 1.730406 1.273769 254.753791 0.070860 0.251059 50.211702
 30.200000 2.308383 3.335082 1.026699 1.141372 2231.031398 2.355556 -3.103329 1000.000000 3.311111 1.096648 100.000000 -2.006681 -400577.768646 1.574804 0.000803 0.160646 0.081672 0.333516 66.703231
 30.250000 2.323432 3.450813 1.127380 1.491782 1227.077489 2.355556 -3.103329 1000.000000 3.311111 1.096648 100.000000 -2.006681 -400577.596311 1.693956 0.758413 151.682566 0.148115 1.096905 219.381066
 30.300000 2.311191 3.170063 0.858872 1.978849 2167.175376 2.355556 -3.103329 1000.000000 3.311111 1.096648 100.000000 -2.006681 -400577.053192 1.556734 0.009887 1.977398 0.158475 1.255717 251.143404
 30.350000 2.351463 3.466463 1.115000 1.215082 258.091784 2.355556 -3.103329 1000.000000 3.311111 1.096648 100.000000 -2.006681 -400577.174858 1.621209 0.127073 25.414656 0.153797 1.182676 236.535201
 30.400000 2.299098 3.282526 0.983428 1.634590 3195.640460 2.355556 -3.103329 1000.000000 3.311111 1.096648 100.000000 -2.006681 -400578.427777 1.543685 0.036751 7.350192 0.105077 0.552055 110.411065
 30.450000 2.323851 3.293888 0.970036 0.517412 1008.126087 2.355556 -3.103329 1000.000000 3.311111 1.096648 100.000000 -2.006681 -400575.441744 1.757113 1.735701 347.140130 0.108391 0.587428 117.485689
 30.500000 2.317121 3.331044 1.013923 0.758490 1481.222005 2.355556 -3.103329 1000.000000 3.311111 1.096648 100.000000 -2.006681 -400574.920095 1.546759 0.028889 5.777749 0.074771 0.279538 55.907592
 30.550000 2.351740 3.422260 1.070520 0.624984 138.096538 2.355556 -3.103329 1000.000000 3.311111 1.096648 100.000000 -2.006681 -400578.722244 1.683713 0.637506 127.501160 0.111709 0.623941 124.788245
 30.600000 2.317951 3.196532 0.878581 1.363468 1545.379101 2.355556 -3.103329 1000.000000 3.311111 1.096648 100.000000 -2.006681 -400576.403542 1.603419 0.053213 10.642660 0.134820 0.908822 181.764345
 30.650000 2.329469 3.425217 1.095749 0.991278 810.733033 2.355556 -3.103329 1000.000000 3.311111 1.096648 100.000000 -2.006681 -400578.110654 1.632643 0.191253 38.250509 0.126222 0.796600 159.320079
 30.700000 2.340031 3.257963 0.917932 0.261741 269.254669 2.355556 -3.103329 1000.000000 3.311111 1.096648 100.000000 -2.006681 -400578.203379 1.561681 0.004155 0.830900 0.103634 0.537001 107.400210
 30.750000 2.347136 3.324409 0.977273 0.044285 72.653833 2.355556 -3.103329 1000.000000 3.311111 1.096648 100.000000 -2.006681 -400577.284221 1.693472 0.752471 150.494251 0.157537 1.240899 248.179766
 30.800000 2.316161 3.290813 0.974652 0.796550 1556.019362 2.355556 -3.103329 1000.000000 3.311111 1.096648 100.000000 -2.006681 -400577.423325 1.537966 0.053893 10.778628 0.109976 0.604736 120.947209
 30.850000 2.309224 3.417668 1.108444 1.641028 2260.159624 2.355556 -3.103329 1000.000000 3.311111 1.096648 100.000000 -2.006681 -400578.419703 1.681367 0.611291 122.258243 0.108792 0.591781 118.356110
 30.900000 2.353657 3.247283 0.893626 0.205504 44.345376 2.355556 -3.103329 1000.000000 3.311111 1.096648 100.000000 -2.006681 -400574.426800 1.604153 0.055634 11.126749 0.105657 0.558175 111.635043
 30.950000 2.350976 3.372497 1.021522 0.198902 58.659420 2.355556 -3.103329 1000.000000 3.311111 1.096648 100.000000 -2.006681 -400577.984692 1.680830 0.605375 121.075083 0.099003 0.490081 98.016235
 31.000000 2.342636 3.303641 0.961005 0.086246 167.468795 2.355556 -3.103329 1000.000000 3.311111 1.096648 100.000000 -2.006681 -400576.632933 1.573660 0.000410 0.082029 0.116426 0.677748 135.549661
 31.050000 2.303509 3.340763 1.037253 1.398369 2717.608402 2.355556 -3.103329 1000.000000 3.311111 1.096648 100.000000 -2.006681 -400577.478340 1.620303 0.122546 24.509291 0.195191 1.904971 380.994243
 31.100000 2.330176 3.258137 0.927961 0.462361 672.160592 2.355556 -3.103329 1000.000000 3.311111 1.096648 100.000000 -2.006681 -400577.591792 1.525535 0.102430 20.485907 0.171258 1.466458 293.291652
 31.150000 2.337137 3.417673 1.080537 0.737405 452.814443 2.355556 -3.103329 1000.000000 3.311111 1.096648 100.000000 -2.006681 -400576.815041 1.623504 0.138903 27.780607 0.103288 0.533422 106.684381
 31.200000 2.338460 3.254670 0.916209 0.305408 324.108694 2.355556 -3.103329 1000.000000 3.311111 1.096648 100.000000 -2.006681 -400576.309037 1.655110 0.355443 71.088638 0.035948 0.064615 12.922905
 31.250000 2.306816 3.375079 1.068263 1.392368 2416.470774 2.355556 -3.103329 1000.000000 3.311111 1.096648 100.000000 -2.006681 -400576.822534 1.719151 1.100451 220.090297 0.033207 0.055137 11.027374
 31.300000 2.315568 3.344660 1.029092 0.855788 1610.279966 2.355556 -3.103329 1000.000000 3.311111 1.096648 100.000000 -2.006681 -400578.674310 1.569952 0.000036 0.007137 0.091167 0.415573 83.114619
 31.350000 2.334130 3.337507 1.003377 0.264372 466.039428 2.355556 -3.103329 1000.000000 3.311111 1.096648 100.000000 -2.006681 -400577.829279 1.659224 0.390971 78.194119 0.177719 1.579196 315.839153
 31.400000 2.324041 3.270100 0.946059 0.580686 1010.001947 2.355556 -3.103329 1000.000000 3.311111 1.096648 100.000000 -2.006681 -400578.327383 1.558306 0.007800 1.560083 0.168970 1.427535 285.507020
 31.450000 2.313814 3.431416 1.117602 1.594853 1887.119150 2.355556 -3.103329 1000.000000 3.311111 1.096648 100.000000 -2.006681 -400575.491107 1.616822 0.105919 21.183714 0.111017 0.616238 123.247508
 31.500000 2.322441 3.282312 0.959870 0.589742 1104.837283 2.355556 -3.103329 1000.000000 3.311111 1.096648 100.000000 -2.006681 -400576.130604 1.657404 0.375048 75.009613 0.052871 0.139767 27.953305
 31.550000 2.334712 3.317351 0.982639 0.219171 434.839034 2.355556 -3.103329 1000.000000 3.311111 1.096648 100.000000 -2.006681 -400575.322298 1.677263 0.566755 113.350930 0.062767 0.196986 39.397286
 31.600000 2.325748 3.368182 1.042434 0.607092 921.043606 2.355556 -3.103329 1000.000000 3.311111 1.096648 100.000000 -2.006681 -400577.727068 1.588275 0.015276 3.055116 0.096570 0.466292 93.258367
 31.650000 2.300230 3.329212 1.028982 1.546857 3064.226970 2.355556 -3.103329 1000.000000 3.311111 1.096648 100.000000 -2.006681 -400576.990934 1.635628 0.210158 42.031662 0.167570 1.403980 280.795991
 31.700000 2.327639 3.328590 1.000951 0.404932 782.368879 2.355556 -3.103329 1000.000000 3.311111 1.096648 100.000000 -2.006681 -400577.636060 1.627271 0.159467 31.893455 0.175936 1.547668 309.533610
 31.750000 2.362761 3.356104 0.993343 0.127175 72.157772 2.355556 -3.103329 1000.000000 3.311111 1.096648 100.000000 -2.006681 -400575.526627 1.617989 0.111358 22.271531 0.088105 0.388125 77.624961
 31.800000 2.318463 3.319316 1.000853 0.691305 1376.551375 2.355556 -3.103329 1000.000000 3.311111 1.096648 100.000000 -2.006681 -400577.198110 1.647388 0.293316 58.663208 0.123767 0.765912 153.182316
 31.850000 2.323715 3.278007 0.954292 0.561698 1024.768636 2.355556 -3.103329 1000.000000 3.311111 1.096648 100.000000 -2.006681 -400575.583325 1.607761 0.068320 13.663920 0.121527 0.738445 147.688977
 31.900000 2.365065 3.350443 0.985378 0.122563 105.899187 2.355556 -3.103329 1000.000000 3.311111 1.096648 100.000000 -2.006681 -400575.523598 1.596264 0.032431 6.486196 0.119371 0.712469 142.493805
 31.950000 2.348718 3.336931 0.988213 0.056710 53.422843 2.355556 -3.103329 1000.000000 3.311111 1.096648 100.000000 -2.006681 -400576.766295 1.645464 0.278762 55.752316 0.129326 0.836261 167.252149
 32.000000 2.327113 3.288140 0.961027 0.430867 814.242288 2.355556 -3.103329 1000.000000 3.311111 1.096648 100.000000 -2.006681 -400574.582781 1.659793 0.396022 79.204351 0.099042 0.490465 98.092994
 32.050000 2.358274 3.359206 1.000931 0.119352 30.523639 2.355556 -3.103329 1000.000000 3.311111 1.096648 100.000000 -2.006681 -400577.475494 1.584804 0.009811 1.962154 0.106993 0.572376 114.475197
 32.100000 2.359046 3.270936 0.911890 0.086795 28.323583 2.355556 -3.103329 1000.000000 3.311111 1.096648 100.000000 -2.006681 -400574.438694 1.566234 0.001041 0.208105 0.162021 1.312544 262.508805
 32.150000 2.302023 3.325107 1.023084 1.442654 2867.679276 2.355556 -3.103329 1000.000000 3.311111 1.096648 100.000000 -2.006681 -400578.116292 1.648454 0.301533 60.306658 0.162725 1.323975 264.795081
 32.200000 2.318150 3.352127 1.033976 0.783687 1415.966996 2.355556 -3.103329 1000.000000 3.311111 1.096648 100.000000 -2.006681 -400574.310251 1.577479 0.002233 0.446538 0.078922 0.311433 62.286513
 32.250000 2.350869 3.335235 0.984365 0.040078 27.780936 2.355556 -3.103329 1000.000000 3.311111 1.096648 100.000000 -2.006681 -400576.143698 1.683587 0.636089 127.217846 0.057008 0.162494 32.498813
 32.300000 2.351952 3.251243 0.899291 0.185700 48.827394 2.355556 -3.103329 1000.000000 3.311111 1.096648 100.000000 -2.006681 -400577.274657 1.631057 0.181565 36.313065 0.042885 0.091956 18.391138
 32.350000 2.299408 3.435626 1.136218 2.351470 3307.585793 2.355556 -3.103329 1000.000000 3.311111 1.096648 100.000000 -2.006681 -400579.061230 1.608371 0.070594 14.118726 0.135132 0.913026 182.605279
 32.400000 2.324482 3.255002 0.930520 0.640198 997.057494 2.355556 -3.103329 1000.000000 3.311111 1.096648 100.000000 -2.006681 -400577.716312 1.547881 0.026256 5.251152 0.166613 1.388002 277.600422
 32.450000 2.332067 3.352427 1.020361 0.361215 568.798740 2.355556 -3.103329 1000.000000 3.311111 1.096648 100.000000 -2.006681 -400578.290114 1.654624 0.351357 70.271406 0.157952 1.247434 249.486797
 32.500000 2.357326 3.315577 0.958251 0.002565 3.334585 2.355556 -3.103329 1000.000000 3.311111 1.096648 100.000000 -2.006681 -400577.761369 1.574636 0.000737 0.147452 0.066788 0.223032 44.606356
 32.550000 2.291705 3.365393 1.073688 2.185747 4106.305082 2.355556 -3.103329 1000.000000 3.311111 1.096648 100.000000 -2.006681 -400578.752144 1.721407 1.134180 226.835907 0.056453 0.159348 31.869578
 32.600000 2.319409 3.246869 0.927460 0.859636 1347.836949 2.355556 -3.103329 1000.000000 3.311111 1.096648 100.000000 -2.006681 -400576.390865 1.586032 0.011606 2.321177 0.078752 0.310094 62.018893
 32.650000 2.345774 3.432091 1.086317 0.779643 242.037621 2.355556 -3.103329 1000.000000 3.311111 1.096648 100.000000 -2.006681 -400575.454242 1.632415 0.189845 37.969079 0.154923 1.200062 240.012482
 32.700000 2.335540 3.240894 0.905354 0.446836 449.934046 2.355556 -3.103329 1000.000000 3.311111 1.096648 100.000000 -2.006681 -400576.817772 1.563578 0.002605 0.521081 0.157338 1.237769 247.553896
 32.750000 2.292954 3.409114 1.116160 2.439700 4014.987784 2.355556 -3.103329 1000.000000 3.311111 1.096648 100.000000 -2.006681 -400578.565601 1.701224 0.850564 170.112751 0.117332 0.688339 137.667741
 32.800000 2.333324 3.305330 0.972006 0.248791 494.573927 2.355556 -3.103329 1000.000000 3.311111 1.096648 100.000000 -2.006681 -400576.926775 1.573926 0.000490 0.097918 0.053474 0.142973 28.594522
 32.850000 2.341219 3.333498 0.992279 0.127830 210.555673 2.355556 -3.103329 1000.000000 3.311111 1.096648 100.000000 -2.006681 -400578.133951 1.673039 0.522675 104.534951 0.119884 0.718609 143.721745
 32.900000 2.332724 3.260735 0.928012 0.387530 546.665119 2.355556 -3.103329 1000.000000 3.311111 1.096648 100.000000 -2.006681 -400577.661848 1.565861 0.001218 0.243553 0.109346 0.597825 119.565056
 32.950000 2.306169 3.399891 1.093722 1.613586 2517.804764 2.355556 -3.103329 1000.000000 3.311111 1.096648 100.000000 -2.006681 -400579.386411 1.623826 0.140607 28.121484 0.114763 0.658527 131.705347
 33.000000 2.357571 3.268919 0.911347 0.091042 21.864976 2.355556 -3.103329 1000.000000 3.311111 1.096648 100.000000 -2.006681 -400577.460485 1.635134 0.206968 41.393598 0.084789 0.359455 71.890941
 33.050000 2.315266 3.361935 1.046669 0.940776 1649.073947 2.355556 -3.103329 1000.000000 3.311111 1.096648 100.000000 -2.006681 -400577.832320 1.662863 0.423815 84.762935 0.077081 0.297071 59.414261
 33.100000 2.343432 3.333929 0.990497 0.099523 152.187398 2.355556 -3.103329 1000.000000 3.311111 1.096648 100.000000 -2.006681 -400577.901515 1.598209 0.037573 7.514539 0.091971 0.422931 84.586281
 33.150000 2.319951 3.291504 0.971553 0.653073 1271.547446 2.355556 -3.103329 1000.000000 3.311111 1.096648 100.000000 -2.006681 -400577.303090 1.609412 0.074557 14.911493 0.157555 1.241181 248.236120
 33.200000 2.372962 3.308909 0.935947 0.151729 303.021665 2.355556 -3.103329 1000.000000 3.311111 1.096648 100.000000 -2.006681 -400575.768644 1.569294 0.000113 0.022574 0.139997 0.979953 195.990626
 33.250000 2.346287 3.386326 1.040039 0.325813 142.474378 2.355556 -3.103329 1000.000000 3.311111 1.096648 100.000000 -2.006681 -400578.495605 1.650916 0.320956 64.191120 0.101715 0.517296 103.459138
 33.300000 2.328207 3.267194 0.938987 0.470420 767.251990 2.355556 -3.103329 1000.000000 3.311111 1.096648 100.000000 -2.006681 -400577.712457 1.638347 0.228152 45.630457 0.055669 0.154949 30.989884
 33.350000 2.324268 3.392763 1.068495 0.822818 1045.602240 2.355556 -3.103329 1000.000000 3.311111 1.096648 100.000000 -2.006681 -400577.595728 1.638080 0.226356 45.271280 0.080099 0.320792 64.158430
 33.400000 2.338339 3.317198 0.978859 0.150052 296.769384 2.355556 -3.103329 1000.000000 3.311111 1.096648 100.000000 -2.006681 -400576.168232 1.591241 0.020898 4.179665 0.127362 0.811059 162.211742
 33.450000 2.339933 3.311418 0.971485 0.122037 244.064616 2.355556 -3.103329 1000.000000 3.311111 1.096648 100.000000 -2.006681 -400576.280508 1.658438 0.384051 76.810243 0.128486 0.825435 165.086913
 33.500000 2.315569 3.345688 1.030118 0.859223 1610.846568 2.355556 -3.103329 1000.000000 3.311111 1.096648 100.000000 -2.006681 -400578.454591 1.602892 0.051507 10.301375 0.081270 0.330237 66.047346
 33.550000 2.360148 3.341053 0.980906 0.055370 30.051756 2.355556 -3.103329 1000.000000 3.311111 1.096648 100.000000 -2.006681 -400576.907939 1.683086 0.630444 126.088755 0.078537 0.308400 61.680055
 33.600000 2.333893 3.248785 0.914892 0.428865 508.116364 2.355556 -3.103329 1000.000000 3.311111 1.096648 100.000000 -2.006681 -400577.395768 1.594153 0.027276 5.455214 0.085820 0.368258 73.651534
 33.650000 2.315288 3.400216 1.084928 1.207711 1700.848194 2.355556 -3.103329 1000.000000 3.311111 1.096648 100.000000 -2.006681 -400579.340080 1.619746 0.119803 23.960699 0.127093 0.807625 161.525089
 33.700000 2.325101 3.280731 0.955630 0.509888 936.710340 2.355556 -3.103329 1000.000000 3.311111 1.096648 100.000000 -2.006681 -400578.660026 1.580367 0.004580 0.916044 0.121365 0.736474 147.294785
 33.750000 2.331101 3.335086 1.003984 0.327748 603.766610 2.355556 -3.103329 1000.000000 3.311111 1.096648 100.000000 -2.006681 -400577.081480 1.684679 0.648464 129.692825 0.107894 0.582060 116.411922
 33.800000 2.339680 3.344623 1.004944 0.182175 263.274288 2.355556 -3.103329 1000.000000 3.311111 1.096648 100.000000 -2.006681 -400573.508018 1.588829 0.016259 3.251886 0.068715 0.236091 47.218119
 33.850000 2.301021 3.359062 1.058040 1.601950 2996.965163 2.355556 -3.103329 1000.000000 3.311111 1.096648 100.000000 -2.006681 -400579.136219 1.659562 0.393970 78.793936 0.103327 0.533820 106.763913
 33.900000 2.314425 3.257927 0.943502 0.987277 1719.988746 2.355556 -3.103329 1000.000000 3.311111 1.096648 100.000000 -2.006681 -400578.376833 1.597840 0.036567 7.313481 0.121640 0.739812 147.962461
 33.950000 2.357238 3.384867 1.027629 0.273412 57.230988 2.355556 -3.103329 1000.000000 3.311111 1.096648 100.000000 -2.006681 -400577.905949 1.628538 0.166706 33.341219 0.115193 0.663470 132.693970
 34.000000 2.308896 3.334642 1.025746 1.116238 2182.642675 2.355556 -3.103329 1000.000000 3.311111 1.096648 100.000000 -2.006681 -400575.617110 1.631830 0.186254 37.250717 0.062949 0.198127 39.625409
 34.050000 2.329588 3.316243 0.986656 0.338481 674.590955 2.355556 -3.103329 1000.000000 3.311111 1.096648 100.000000 -2.006681 -400576.284626 1.702856 0.871983 174.396563 0.052874 0.139781 27.956142
 34.100000 2.343738 3.311458 0.967720 0.069830 139.648998 2.355556 -3.103329 1000.000000 3.311111 1.096648 100.000000 -2.006681 -400578.375366 1.592238 0.022987 4.597374 0.076088 0.289468 57.893593
 34.150000 2.364474 3.342244 0.977770 0.088231 89.227355 2.355556 -3.103329 1000.000000 3.311111 1.096648 100.000000 -2.006681 -400577.458159 1.618833 0.115374 23.074853 0.129044 0.832614 166.522731
 34.200000 2.305682 3.281852 0.976170 1.286487 2495.928445 2.355556 -3.103329 1000.000000 3.311111 1.096648 100.000000 -2.006681 -400579.147088 1.585825 0.011292 2.258484 0.127206 0.809063 161.812588
 34.250000 2.321213 3.375515 1.054302 0.797108 1220.906243 2.355556 -3.103329 1000.000000 3.311111 1.096648 100.000000 -2.006681 -400577.942372 1.664366 0.437763 87.552688 0.093499 0.437103 87.420678
 34.300000 2.344455 3.295504 0.951049 0.073789 125.657051 2.355556 -3.103329 1000.000000 3.311111 1.096648 100.000000 -2.006681 -400575.279302 1.597272 0.035049 7.009742 0.064396 0.207345 41.468969
 34.350000 2.353981 3.349094 0.995113 0.073374 16.904974 2.355556 -3.103329 1000.000000 3.311111 1.096648 100.000000 -2.006681 -400575.047057 1.667037 0.463114 92.622762 0.098283 0.482980 96.595904
 34.400000 2.303922 3.275502 0.971580 1.396399 2678.681091 2.355556 -3.103329 1000.000000 3.311111 1.096648 100.000000 -2.006681 -400576.699495 1.544053 0.035761 7.152242 0.110277 0.608054 121.610853
 34.450000 2.321332 3.390931 1.069598 0.904170 1234.936198 2.355556 -3.103329 1000.000000 3.311111 1.096648 100.000000 -2.006681 -400575.056947 1.652697 0.335389 67.077886 0.140703 0.989871 197.974254
 34.500000 2.311891 3.320614 1.008723 0.957800 1907.472298 2.355556 -3.103329 1000.000000 3.311111 1.096648 100.000000 -2.006681 -400576.574751 1.630274 0.176879 35.375888 0.102967 0.530112 106.022312
 34.550000 2.315545 3.373170 1.057625 0.993000 1639.388971 2.355556 -3.103329 1000.000000 3.311111 1.096648 100.000000 -2.006681 -400576.945937 1.667061 0.463346 92.669287 0.085676 0.367019 73.403733
 34.600000 2.307740 3.319078 1.011338 1.146356 2286.999361 2.355556 -3.103329 1000.000000 3.311111 1.096648 100.000000 -2.006681 -400576.540337 1.615293 0.098997 19.799450 0.055505 0.154039 30.807717
 34.650000 2.314038 3.340811 1.026773 0.905972 1732.554804 2.355556 -3.103329 1000.000000 3.311111 1.096648 100.000000 -2.006681 -400578.740040 1.669119 0.483365 96.673058 0.112320 0.630792 126.158437
 34.700000 2.321378 3.330393 1.009015 0.602651 1171.839016 2.355556 -3.103329 1000.000000 3.311111 1.096648 100.000000 -2.006681 -400575.531925 1.585931 0.011453 2.290525 0.126143 0.795598 159.119511
 34.750000 2.322307 3.360463 1.038156 0.674522 1129.841056 2.355556 -3.103329 1000.000000 3.311111 1.096648 100.000000 -2.006681 -400576.959073 1.604176 0.055711 11.142162 0.145107 1.052806 210.561224
 34.800000 2.320857 3.293172 0.972315 0.618098 1207.232495 2.355556 -3.103329 1000.000000 3.311111 1.096648 100.000000 -2.006681 -400574.926608 1.665708 0.450409 90.081891 0.102873 0.529143 105.828650
 34.850000 2.316979 3.363219 1.046239 0.879820 1515.273430 2.355556 -3.103329 1000.000000 3.311111 1.096648 100.000000 -2.006681 -400578.904213 1.644165 0.269146 53.829149 0.058426 0.170677 34.135453
 34.900000 2.323070 3.351260 1.028189 0.608238 1071.403408 2.355556 -3.103329 1000.000000 3.311111 1.096648 100.000000 -2.006681 -400576.342903 1.602054 0.048851 9.770135 0.099146 0.491500 98.300091
 34.950000 2.325905 3.265179 0.939274 0.545066 900.253481 2.355556 -3.103329 1000.000000 3.311111 1.096648 100.000000 -2.006681 -400578.062356 1.636595 0.216471 43.294221 0.134404 0.903218 180.643532
 35.000000 2.300344 3.364551 1.064206 1.666921 3076.821170 2.355556 -3.103329 1000.000000 3.311111 1.096648 100.000000 -2.006681 -400579.010501 1.617126 0.107321 21.464230 0.123608 0.763952 152.790362
 35.050000 2.329226 3.385468 1.056241 0.623059 748.517046 2.355556 -3.103329 1000.000000 3.311111 1.096648 100.000000 -2.006681 -400575.772401 1.613983 0.093253 18.650657 0.072757 0.264682 52.936316
 35.100000 2.338014 3.256208 0.918194 0.304566 337.839236 2.355556 -3.103329 1000.000000 3.311111 1.096648 100.000000 -2.006681 -400577.448608 1.686966 0.674774 134.954900 0.060611 0.183684 36.736817
 35.150000 2.337674 3.317493 0.979819 0.161908 320.150231 2.355556 -3.103329 1000.000000 3.311111 1.096648 100.000000 -2.006681 -400576.961287 1.609863 0.076310 15.262037 0.084543 0.357372 71.474478
 35.200000 2.326350 3.359309 1.032958 0.542620 876.169928 2.355556 -3.103329 1000.000000 3.311111 1.096648 100.000000 -2.006681 -400577.759068 1.594874 0.028988 5.797563 0.111652 0.623309 124.661711
 35.250000 2.361006 3.272287 0.911282 0.090217 44.775842 2.355556 -3.103329 1000.000000 3.311111 1.096648 100.000000 -2.006681 -400577.275334 1.606863 0.065040 13.007900 0.141990 1.008065 201.612966
 35.300000 2.371971 3.325176 0.953204 0.144629 271.455513 2.355556 -3.103329 1000.000000 3.311111 1.096648 100.000000 -2.006681 -400575.854305 1.626578 0.155582 31.116356 0.129824 0.842709 168.541795
 35.350000 2.375326 3.317263 0.941937 0.197324 391.241445 2.355556 -3.103329 1000.000000 3.311111 1.096648 100.000000 -2.006681 -400574.634017 1.625688 0.150655 30.131036 0.067965 0.230963 46.192586
 35.400000 2.319186 3.332159 1.012974 0.683541 1327.211013 2.355556 -3.103329 1000.000000 3.311111 1.096648 100.000000 -2.006681 -400572.223447 1.606850 0.064993 12.998603 0.119262 0.711167 142.233475
 35.450000 2.392460 3.248400 0.855941 0.877595 1401.252986 2.355556 -3.103329 1000.000000 3.311111 1.096648 100.000000 -2.006681 -400572.102330 1.556086 0.010819 2.163817 0.168497 1.419563 283.912596
 35.500000 2.377834 3.316248 0.938414 0.249484 496.591852 2.355556 -3.103329 1000.000000 3.311111 1.096648 100.000000 -2.006681 -400574.799618 1.575359 0.001041 0.208207 0.153662 1.180601 236.120189
 35.550000 2.351249 3.310107 0.958858 0.009326 18.560625 2.355556 -3.103329 1000.000000 3.311111 1.096648 100.000000 -2.006681 -400576.636092 1.603088 0.052139 10.427740 0.079742 0.317941 63.588251
 35.600000 2.314505 3.357209 1.042704 0.948843 1706.436371 2.355556 -3.103329 1000.000000 3.311111 1.096648 100.000000 -2.006681 -400576.258534 1.687771 0.684148 136.829623 0.068424 0.234092 46.818383
 35.650000 2.381005 3.263929 0.882924 0.435152 669.953176 2.355556 -3.103329 1000.000000 3.311111 1.096648 100.000000 -2.006681 -400575.282350 1.642422 0.256515 51.302939 0.051860 0.134474 26.894797
 35.700000 2.327327 3.376506 1.049179 0.612257 839.634097 2.355556 -3.103329 1000.000000 3.311111 1.096648 100.000000 -2.006681 -400576.358692 1.582123 0.006415 1.282908 0.152024 1.155558 231.111552
 35.750000 2.322657 3.308340 0.985683 0.541529 1082.367942 2.355556 -3.103329 1000.000000 3.311111 1.096648 100.000000 -2.006681 -400575.632461 1.524024 0.109384 21.876837 0.170380 1.451466 290.293277
 35.800000 2.295857 3.326184 1.030327 1.793334 3566.222913 2.355556 -3.103329 1000.000000 3.311111 1.096648 100.000000 -2.006681 -400579.510358 1.626576 0.155568 31.113680 0.152091 1.156591 231.318228
 35.850000 2.353751 3.338901 0.985150 0.040241 10.978114 2.355556 -3.103329 1000.000000 3.311111 1.096648 100.000000 -2.006681 -400575.794920 1.657542 0.376240 75.248061 0.047529 0.112950 22.589954
 35.900000 2.284873 3.379846 1.094973 2.734238 5043.275185 2.355556 -3.103329 1000.000000 3.311111 1.096648 100.000000 -2.006681 -400579.251120 1.677050 0.564497 112.899325 0.021428 0.022959 4.591713
 35.950000 2.285225 3.301386 1.016160 2.477892 4947.270773 2.355556 -3.103329 1000.000000 3.311111 1.096648 100.000000 -2.006681 -400578.389853 1.665400 0.447492 89.498422 0.081073 0.328640 65.727961
 36.000000 2.304352 3.381882 1.077531 1.561354 2671.938786 2.355556 -3.103329 1000.000000 3.311111 1.096648 100.000000 -2.006681 -400579.199811 1.581750 0.005999 1.199806 0.165436 1.368446 273.689120
 36.050000 2.320894 3.373490 1.052596 0.795276 1240.352943 2.355556 -3.103329 1000.000000 3.311111 1.096648 100.000000 -2.006681 -400576.888665 1.566411 0.000962 0.192321 0.180636 1.631475 326.294999
 36.100000 2.288597 3.310132 1.021535 2.241796 4483.506498 2.355556 -3.103329 1000.000000 3.311111 1.096648 100.000000 -2.006681 -400577.684669 1.714522 1.032856 206.571136 0.106962 0.572045 114.408961
 36.150000 2.286927 3.358221 1.071294 2.465893 4732.042934 2.355556 -3.103329 1000.000000 3.311111 1.096648 100.000000 -2.006681 -400575.753010 1.632229 0.188697 37.739302 0.060866 0.185234 37.046732
 36.200000 2.369161 3.368238 0.999077 0.255729 217.739877 2.355556 -3.103329 1000.000000 3.311111 1.096648 100.000000 -2.006681 -400574.879807 1.683700 0.637356 127.471281 0.096635 0.466920 93.384036
 36.250000 2.314413 3.248387 0.933974 1.043074 1732.055905 2.355556 -3.103329 1000.000000 3.311111 1.096648 100.000000 -2.006681 -400578.250666 1.611146 0.081404 16.280795 0.125576 0.788463 157.692516
 36.300000 2.291501 3.418736 1.127235 2.630670 4218.859258 2.355556 -3.103329 1000.000000 3.311111 1.096648 100.000000 -2.006681 -400578.134515 1.610414 0.078479 15.695847 0.178684 1.596398 319.279568
 36.350000 2.367493 3.289569 0.922077 0.094452 147.138877 2.355556 -3.103329 1000.000000 3.311111 1.096648 100.000000 -2.006681 -400575.086715 1.624491 0.144153 28.830691 0.135987 0.924621 184.924298
 36.400000 2.355508 3.324366 0.968858 0.008785 1.759088 2.355556 -3.103329 1000.000000 3.311111 1.096648 100.000000 -2.006681 -400574.940307 1.654269 0.348388 69.677690 0.081039 0.328362 65.672428
 36.450000 2.333678 3.320187 0.986509 0.243441 479.469556 2.355556 -3.103329 1000.000000 3.311111 1.096648 100.000000 -2.006681 -400576.557948 1.589528 0.017544 3.508744 0.115857 0.671140 134.228072
 36.500000 2.313779 3.309157 0.995378 0.872824 1745.304302 2.355556 -3.103329 1000.000000 3.311111 1.096648 100.000000 -2.006681 -400576.855493 1.659269 0.391375 78.274903 0.109159 0.595781 119.156216
 36.550000 2.374828 3.310503 0.935675 0.185736 371.439588 2.355556 -3.103329 1000.000000 3.311111 1.096648 100.000000 -2.006681 -400575.769590 1.570093 0.000025 0.004942 0.133115 0.885987 177.197332
 36.600000 2.347410 3.372166 1.024756 0.219558 103.622468 2.355556 -3.103329 1000.000000 3.311111 1.096648 100.000000 -2.006681 -400576.923561 1.663515 0.429840 85.967917 0.137468 0.944875 188.974970
 36.650000 2.316847 3.255402 0.938555 0.904361 1529.401602 2.355556 -3.103329 1000.000000 3.311111 1.096648 100.000000 -2.006681 -400575.511712 1.627097 0.158489 31.697898 0.076247 0.290683 58.136561
 36.700000 2.361832 3.359230 0.997398 0.135469 62.548174 2.355556 -3.103329 1000.000000 3.311111 1.096648 100.000000 -2.006681 -400578.152309 1.580623 0.004828 0.965555 0.123165 0.758484 151.696713
 36.750000 2.393482 3.224766 0.831284 1.091982 1512.964306 2.355556 -3.103329 1000.000000 3.311111 1.096648 100.000000 -2.006681 -400577.411355 1.561686 0.004150 0.829968 0.109808 0.602885 120.577044
 36.800000 2.385916 3.290344 0.904428 0.482448 926.081345 2.355556 -3.103329 1000.000000 3.311111 1.096648 100.000000 -2.006681 -400577.583398 1.640761 0.244755 48.950907 0.107686 0.579810 115.962026
 36.850000 2.329264 3.394363 1.065099 0.692159 760.536570 2.355556 -3.103329 1000.000000 3.311111 1.096648 100.000000 -2.006681 -400575.558055 1.620779 0.124912 24.982459 0.087660 0.384217 76.843334
 36.900000 2.328211 3.285615 0.957405 0.406376 754.249626 2.355556 -3.103329 1000.000000 3.311111 1.096648 100.000000 -2.006681 -400576.323581 1.651032 0.321884 64.376864 0.071743 0.257351 51.470292
 36.950000 2.361260 3.308235 0.946975 0.016682 32.620218 2.355556 -3.103329 1000.000000 3.311111 1.096648 100.000000 -2.006681 -400576.386000 1.590629 0.019666 3.933266 0.133423 0.890083 178.016510
 37.000000 2.389775 3.297608 0.907833 0.594589 1172.768689 2.355556 -3.103329 1000.000000 3.311111 1.096648 100.000000 -2.006681 -400577.685632 1.539239 0.049792 9.958385 0.138067 0.953119 190.623757
 37.050000 2.310278 3.316484 1.006206 1.026482 2050.364737 2.355556 -3.103329 1000.000000 3.311111 1.096648 100.000000 -2.006681 -400576.502977 1.646940 0.289889 57.977862 0.102318 0.523445 104.689027
 37.100000 2.324790 3.345246 1.020456 0.531522 958.179635 2.355556 -3.103329 1000.000000 3.311111 1.096648 100.000000 -2.006681 -400575.836805 1.638733 0.230769 46.153715 0.070152 0.246065 49.213086
 37.150000 2.336309 3.377480 1.041171 0.405456 414.475302 2.355556 -3.103329 1000.000000 3.311111 1.096648 100.000000 -2.006681 -400574.827407 1.699351 0.826321 165.264142 0.069357 0.240516 48.103273
 37.200000 2.323823 3.261005 0.937182 0.629016 1032.077149 2.355556 -3.103329 1000.000000 3.311111 1.096648 100.000000 -2.006681 -400575.705368 1.588570 0.015795 3.159062 0.111811 0.625084 125.016739
 37.250000 2.303120 3.420773 1.117653 1.976009 2869.697486 2.355556 -3.103329 1000.000000 3.311111 1.096648 100.000000 -2.006681 -400578.469729 1.577900 0.002523 0.504595 0.161598 1.305693 261.138669
 37.300000 2.321979 3.271668 0.949689 0.641476 1142.933734 2.355556 -3.103329 1000.000000 3.311111 1.096648 100.000000 -2.006681 -400577.615329 1.588883 0.016357 3.271362 0.125979 0.793533 158.706516
 37.350000 2.328561 3.345922 1.017360 0.424929 740.797251 2.355556 -3.103329 1000.000000 3.311111 1.096648 100.000000 -2.006681 -400575.790047 1.709161 0.957235 191.447061 0.066178 0.218975 43.795079
 37.400000 2.309617 3.388475 1.078858 1.354440 2170.219845 2.355556 -3.103329 1000.000000 3.311111 1.096648 100.000000 -2.006681 -400575.475922 1.620919 0.125613 25.122632 0.003741 0.000700 0.139955
 37.450000 2.284898 3.306156 1.021258 2.497484 4992.758472 2.355556 -3.103329 1000.000000 3.311111 1.096648 100.000000 -2.006681 -400578.579282 1.698331 0.813257 162.651466 0.092496 0.427771 85.554188
 37.500000 2.347748 3.305371 0.957622 0.032124 61.282091 2.355556 -3.103329 1000.000000 3.311111 1.096648 100.000000 -2.006681 -400576.300851 1.569897 0.000040 0.008088 0.168271 1.415754 283.150899
 37.550000 2.326088 3.445904 1.119815 1.342609 1050.003276 2.355556 -3.103329 1000.000000 3.311111 1.096648 100.000000 -2.006681 -400576.749140 1.546025 0.030682 6.136372 0.178958 1.601307 320.261331
 37.600000 2.289953 3.230549 0.940596 2.476378 4368.633685 2.355556 -3.103329 1000.000000 3.311111 1.096648 100.000000 -2.006681 -400573.902905 1.643262 0.262560 52.512098 0.100564 0.505653 101.130501
 37.650000 2.331427 3.342148 1.010721 0.339248 591.798248 2.355556 -3.103329 1000.000000 3.311111 1.096648 100.000000 -2.006681 -400576.893153 1.700604 0.842498 168.499609 0.075797 0.287263 57.452565
 37.700000 2.373848 3.411908 1.038060 0.675308 436.219302 2.355556 -3.103329 1000.000000 3.311111 1.096648 100.000000 -2.006681 -400572.152692 1.610493 0.078792 15.758477 0.086273 0.372155 74.431021
 37.750000 2.312729 3.227261 0.914532 1.268598 1904.415947 2.355556 -3.103329 1000.000000 3.311111 1.096648 100.000000 -2.006681 -400578.490311 1.669998 0.492052 98.410428 0.115272 0.664383 132.876628
 37.800000 2.297463 3.417767 1.120304 2.256150 3488.506096 2.355556 -3.103329 1000.000000 3.311111 1.096648 100.000000 -2.006681 -400578.118205 1.616005 0.102189 20.437853 0.197441 1.949157 389.831420
 37.850000 2.326994 3.386977 1.059982 0.695653 873.302936 2.355556 -3.103329 1000.000000 3.311111 1.096648 100.000000 -2.006681 -400578.685632 1.615130 0.098274 19.654809 0.172183 1.482355 296.471050
 37.900000 2.368896 3.236578 0.867682 0.366745 233.517334 2.355556 -3.103329 1000.000000 3.311111 1.096648 100.000000 -2.006681 -400577.230831 1.646008 0.282842 56.568374 0.110095 0.606045 121.209049
 37.950000 2.301180 3.399072 1.097892 1.865207 3034.079104 2.355556 -3.103329 1000.000000 3.311111 1.096648 100.000000 -2.006681 -400577.524009 1.609904 0.076469 15.293718 0.142637 1.017263 203.452685
 38.000000 2.309176 3.290280 0.981104 1.097246 2155.436823 2.355556 -3.103329 1000.000000 3.311111 1.096648 100.000000 -2.006681 -400577.233545 1.668322 0.475562 95.112433 0.102084 0.521054 104.210873
 38.050000 2.347928 3.350108 1.002179 0.105124 73.382107 2.355556 -3.103329 1000.000000 3.311111 1.096648 100.000000 -2.006681 -400570.599290 1.657537 0.376197 75.239330 0.150096 1.126444 225.288888
 38.100000 2.312291 3.450975 1.138684 1.914013 2067.453456 2.355556 -3.103329 1000.000000 3.311111 1.096648 100.000000 -2.006681 -400576.890434 1.691504 0.728515 145.702960 0.194782 1.897002 379.400341
 38.150000 2.294282 3.261168 0.966886 2.001934 3779.377951 2.355556 -3.103329 1000.000000 3.311111 1.096648 100.000000 -2.006681 -400578.904432 1.695856 0.782002 156.400461 0.135833 0.922533 184.506628
 38.200000 2.344148 3.374808 1.030660 0.267928 170.694792 2.355556 -3.103329 1000.000000 3.311111 1.096648 100.000000 -2.006681 -400577.129121 1.531780 0.076112 15.222485 0.149315 1.114743 222.948513
 38.250000 2.359378 3.324768 0.965390 0.016631 16.475854 2.355556 -3.103329 1000.000000 3.311111 1.096648 100.000000 -2.006681 -400577.326075 1.579434 0.003730 0.746029 0.157762 1.244440 248.888054
 38.300000 2.289041 3.244708 0.955668 2.432564 4468.289420 2.355556 -3.103329 1000.000000 3.311111 1.096648 100.000000 -2.006681 -400576.530601 1.704872 0.898814 179.762836 0.085987 0.369691 73.938219
 38.350000 2.312679 3.481159 1.168480 2.365010 2127.550492 2.355556 -3.103329 1000.000000 3.311111 1.096648 100.000000 -2.006681 -400577.106864 1.629446 0.171987 34.397357 0.075342 0.283818 56.763514
 38.400000 2.356561 3.326327 0.969767 0.012082 3.325800 2.355556 -3.103329 1000.000000 3.311111 1.096648 100.000000 -2.006681 -400572.915383 1.690993 0.722367 144.473403 0.070768 0.250406 50.081103
 38.450000 2.329711 3.250268 0.920557 0.519070 704.970075 2.355556 -3.103329 1000.000000 3.311111 1.096648 100.000000 -2.006681 -400576.533768 1.603050 0.052014 10.402732 0.131759 0.868017 173.603478
 38.500000 2.352608 3.413678 1.061070 0.530346 113.888793 2.355556 -3.103329 1000.000000 3.311111 1.096648 100.000000 -2.006681 -400575.608169 1.530388 0.081642 16.328370 0.155780 1.213370 242.673995
 38.550000 2.324200 3.294963 0.970763 0.504633 985.797093 2.355556 -3.103329 1000.000000 3.311111 1.096648 100.000000 -2.006681 -400578.235736 1.588290 0.015301 3.060183 0.141403 0.999745 199.949075
 38.600000 2.367396 3.282041 0.914645 0.112351 148.648663 2.355556 -3.103329 1000.000000 3.311111 1.096648 100.000000 -2.006681 -400578.313163 1.691413 0.727418 145.483690 0.086602 0.374998 74.999669
 38.650000 2.347821 3.377803 1.029982 0.252300 104.294299 2.355556 -3.103329 1000.000000 3.311111 1.096648 100.000000 -2.006681 -400573.794516 1.601702 0.047758 9.551688 0.019588 0.019184 3.836885
 38.700000 2.333321 3.320733 0.987413 0.251825 495.316766 2.355556 -3.103329 1000.000000 3.311111 1.096648 100.000000 -2.006681 -400578.046868 1.668556 0.477844 95.568802 0.068019 0.231326 46.265294
 38.750000 2.349666 3.271736 0.922070 0.094861 50.187977 2.355556 -3.103329 1000.000000 3.311111 1.096648 100.000000 -2.006681 -400576.817144 1.595982 0.031716 6.343179 0.135624 0.919697 183.939444
 38.800000 2.347797 3.358372 1.010574 0.141774 82.528984 2.355556 -3.103329 1000.000000 3.311111 1.096648 100.000000 -2.006681 -400578.176299 1.583819 0.008479 1.695839 0.132689 0.880316 176.063271
 38.850000 2.313856 3.320959 1.007103 0.874284 1739.838958 2.355556 -3.103329 1000.000000 3.311111 1.096648 100.000000 -2.006681 -400578.416355 1.642628 0.257990 51.598020 0.080325 0.322604 64.520897
 38.900000 2.317061 3.326090 1.009028 0.752115 1484.037461 2.355556 -3.103329 1000.000000 3.311111 1.096648 100.000000 -2.006681 -400578.755100 1.664355 0.437659 87.531809 0.042293 0.089433 17.886670
 38.950000 2.335330 3.353777 1.018447 0.295555 427.277405 2.355556 -3.103329 1000.000000 3.311111 1.096648 100.000000 -2.006681 -400577.437438 1.631338 0.183264 36.652812 0.054496 0.148489 29.697731
 39.000000 2.317951 3.321833 1.003882 0.712795 1415.242181 2.355556 -3.103329 1000.000000 3.311111 1.096648 100.000000 -2.006681 -400578.866340 1.650953 0.321257 64.251405 0.104187 0.542751 108.550144
 39.050000 2.291555 3.355018 1.063463 2.144451 4115.400990 2.355556 -3.103329 1000.000000 3.311111 1.096648 100.000000 -2.006681 -400579.836080 1.596050 0.031887 6.377435 0.158433 1.255057 251.011319
 39.100000 2.307233 3.375173 1.067940 1.372727 2376.094868 2.355556 -3.103329 1000.000000 3.311111 1.096648 100.000000 -2.006681 -400577.965562 1.629084 0.169871 33.974107 0.137921 0.951106 190.221142
 39.150000 2.334820 3.274452 0.939632 0.282174 443.397618 2.355556 -3.103329 1000.000000 3.311111 1.096648 100.000000 -2.006681 -400577.547358 1.656158 0.364334 72.866766 0.064362 0.207121 41.424299
 39.200000 2.314245 3.398073 1.083828 1.231387 1782.157429 2.355556 -3.103329 1000.000000 3.311111 1.096648 100.000000 -2.006681 -400578.392334 1.647275 0.292450 58.489913 0.056105 0.157391 31.478125
 39.250000 2.299500 3.331465 1.031965 1.591842 3146.399379 2.355556 -3.103329 1000.000000 3.311111 1.096648 100.000000 -2.006681 -400580.358429 1.664507 0.439082 87.816324 0.072748 0.264613 52.922684
 39.300000 2.295614 3.307764 1.012150 1.797028 3593.047853 2.355556 -3.103329 1000.000000 3.311111 1.096648 100.000000 -2.006681 -400579.562991 1.643476 0.264115 52.823095 0.139317 0.970455 194.090953
 39.350000 2.332852 3.439688 1.106836 1.084323 680.773043 2.355556 -3.103329 1000.000000 3.311111 1.096648 100.000000 -2.006681 -400575.536367 1.598230 0.037632 7.526307 0.160090 1.281445 256.288978
 39.400000 2.295290 3.285120 0.989830 1.849754 3638.708074 2.355556 -3.103329 1000.000000 3.311111 1.096648 100.000000 -2.006681 -400577.847844 1.649615 0.310618 62.123580 0.116477 0.678341 135.668185
 39.450000 2.327719 3.335175 1.007456 0.416399 780.683062 2.355556 -3.103329 1000.000000 3.311111 1.096648 100.000000 -2.006681 -400575.856875 1.667751 0.470012 94.002367 0.087118 0.379480 75.896065
 39.500000 2.312472 3.356822 1.044350 1.032573 1877.089340 2.355556 -3.103329 1000.000000 3.311111 1.096648 100.000000 -2.006681 -400575.951372 1.603743 0.054275 10.854993 0.096067 0.461445 92.288974
 39.550000 2.335502 3.279181 0.943679 0.252054 412.349137 2.355556 -3.103329 1000.000000 3.311111 1.096648 100.000000 -2.006681 -400576.425404 1.685702 0.660167 132.033387 0.100674 0.506765 101.352916
 39.600000 2.333712 3.364546 1.030834 0.381331 505.688274 2.355556 -3.103329 1000.000000 3.311111 1.096648 100.000000 -2.006681 -400574.918939 1.579883 0.004128 0.825661 0.153275 1.174663 234.932601
 39.650000 2.330547 3.364033 1.033486 0.452742 653.414115 2.355556 -3.103329 1000.000000 3.311111 1.096648 100.000000 -2.006681 -400579.198845 1.690551 0.717056 143.411278 0.134182 0.900246 180.049124
 39.700000 2.331290 3.269830 0.938540 0.379611 605.853416 2.355556 -3.103329 1000.000000 3.311111 1.096648 100.000000 -2.006681 -400577.087707 1.600278 0.043459 8.691871 0.100538 0.505395 101.078944
 39.750000 2.344737 3.420266 1.075530 0.654270 236.198361 2.355556 -3.103329 1000.000000 3.311111 1.096648 100.000000 -2.006681 -400576.361265 1.617061 0.107023 21.404582 0.153703 1.181236 236.247261
 39.800000 2.320355 3.209135 0.888780 1.139494 1343.061957 2.355556 -3.103329 1000.000000 3.311111 1.096648 100.000000 -2.006681 -400577.208442 1.604056 0.055310 11.062037 0.110693 0.612646 122.529113
 39.850000 2.316983 3.396685 1.079702 1.110064 1561.064464 2.355556 -3.103329 1000.000000 3.311111 1.096648 100.000000 -2.006681 -400577.365523 1.689476 0.704242 140.848336 0.090218 0.406964 81.392716
 39.900000 2.348590 3.419322 1.070732 0.609738 165.611746 2.355556 -3.103329 1000.000000 3.311111 1.096648 100.000000 -2.006681 -400575.557069 1.625424 0.149208 29.841528 0.114511 0.655638 131.127655
 39.950000 2.336940 3.219797 0.882858 0.590186 429.930975 2.355556 -3.103329 1000.000000 3.311111 1.096648 100.000000 -2.006681 -400577.007425 1.666950 0.462274 92.454712 0.102324 0.523512 104.702402
 40.000000 2.334797 3.373435 1.038638 0.409681 469.776172 2.355556 -3.103329 1000.000000 3.311111 1.096648 100.000000 -2.006681 -400574.329332 1.549434 0.022817 4.563336 0.137827 0.949816 189.963113
