#! FIELDS time d1 d2 rc steer.bias steer.force2 steer.d1_cntr steer.d1_work steer.d1_kappa steer.d2_cntr steer.d2_work steer.d2_kappa steer.work ener an res.bias res.force2 an2 res2.bias res2.force2
 0.000000 2.644139 1.840637 -0.803502 0.008586 17.136183 2.640000 0.000000 1000.000000 1.840000 0.000000 100.000000 0.000000 -400576.064421 1.275815 4.350712 870.142465 0.097644 0.476720 95.344035
 0.050000 2.619573 1.843187 -0.776386 0.209143 417.371645 2.640000 0.000000 1000.000000 1.840000 0.000000 100.000000 0.000000 -400572.062561 1.407279 1.336892 267.378478 0.122162 0.746180 149.236072
 0.100000 2.662081 1.850799 -0.811282 0.249627 488.757051 2.640000 0.000000 1000.000000 1.840000 0.000000 100.000000 0.000000 -400573.052292 1.385977 1.707913 341.582549 0.102980 0.530247 106.049301
 0.150000 2.635448 1.857373 -0.778075 0.025451 23.738235 2.640000 0.000000 1000.000000 1.840000 0.000000 100.000000 0.000000 -400573.975905 1.322413 3.084703 616.940506 0.114517 0.655709 131.141737
 0.200000 2.603513 1.833748 -0.769764 0.667617 1331.715939 2.640000 0.000000 1000.000000 1.840000 0.000000 100.000000 0.000000 -400571.322277 1.435832 0.910766 182.153125 0.125763 0.790813 158.162674
 0.250000 2.632134 1.872620 -0.759515 0.084137 72.508662 2.640000 0.000000 1000.000000 1.840000 0.000000 100.000000 0.000000 -400572.395576 1.319356 3.161120 632.223994 0.123885 0.767381 153.476127
 0.300000 2.648939 1.854002 -0.794937 0.049752 81.860035 2.640000 0.000000 1000.000000 1.840000 0.000000 100.000000 0.000000 -400571.373145 1.432958 0.949965 189.993018 0.060544 0.183278 36.655510
 0.350000 2.619998 1.872829 -0.747169 0.253922 410.844620 2.640000 0.000000 1000.000000 1.840000 0.000000 100.000000 0.000000 -400572.333753 1.325740 3.002635 600.526933 0.170560 1.454530 290.905960
 0.400000 2.648107 1.808126 -0.839982 0.083662 75.885103 2.640000 0.000000 1000.000000 1.840000 0.000000 100.000000 0.000000 -400573.188567 1.403420 1.400742 280.148448 0.102155 0.521779 104.355800
 0.450000 2.667187 1.853580 -0.813607 0.378797 740.997098 2.640000 0.000000 1000.000000 1.840000 0.000000 100.000000 0.000000 -400573.102927 1.312554 3.334463 666.892676 0.072384 0.261972 52.394438
 0.500000 2.599835 1.877447 -0.722389 0.876713 1627.222180 2.640000 0.000000 1000.000000 1.840000 0.000000 100.000000 0.000000 -400572.924004 1.432926 0.950407 190.081453 0.140582 0.988163 197.632519
 0.550000 2.588104 1.852954 -0.735151 0.309500 614.750886 2.612889 -0.188796 1000.000000 1.846083 -0.006278 100.000000 -0.195074 -400573.077645 1.384963 1.726696 345.339263 0.127686 0.815189 163.037852
 0.600000 2.593273 1.825772 -0.767501 0.062925 63.146847 2.585778 -0.226138 1000.000000 1.852167 -0.011772 100.000000 -0.237909 -400573.417523 1.344719 2.555557 511.111358 0.099420 0.494213 98.842617
 0.650000 2.554362 1.862608 -0.691754 0.010215 18.720690 2.558667 -0.237850 1000.000000 1.858250 -0.021825 100.000000 -0.259676 -400572.688208 1.429133 1.003428 200.685699 0.131388 0.863144 172.628880
 0.700000 2.529621 1.905732 -0.623889 0.087563 20.880855 2.531556 -0.225635 1000.000000 1.864333 -0.008735 100.000000 -0.234370 -400573.786471 1.354806 2.332588 466.517570 0.141952 1.007521 201.504218
 0.750000 2.545812 1.832707 -0.713105 0.926724 1725.463847 2.504444 -0.248880 1000.000000 1.870417 -0.012784 100.000000 -0.261663 -400571.858217 1.447066 0.765466 153.093168 0.068547 0.234932 46.986321
 0.800000 2.479341 1.867862 -0.611480 0.005747 4.777997 2.477333 -0.124476 1000.000000 1.876500 -0.008618 100.000000 -0.133094 -400573.053750 1.323883 3.048303 609.660551 0.195559 1.912171 382.434128
 0.850000 2.428166 1.886631 -0.541535 0.244056 486.636496 2.450222 -0.014294 1000.000000 1.882583 -0.006758 100.000000 -0.021053 -400570.781749 1.485362 0.364954 72.990758 0.089994 0.404945 80.988971
 0.900000 2.416580 1.942592 -0.473988 0.166727 71.737744 2.423111 0.065627 1000.000000 1.888667 -0.006948 100.000000 0.058680 -400570.667775 1.370438 2.007164 401.432747 0.117337 0.688401 137.680162
 0.950000 2.378034 1.874673 -0.503361 0.181541 326.804010 2.396000 0.143870 1000.000000 1.894750 0.002041 100.000000 0.145911 -400571.157369 1.487028 0.350860 70.172030 0.139747 0.976461 195.292252
 1.000000 2.365540 1.883879 -0.481662 0.019980 14.087338 2.368889 0.389957 1000.000000 1.900833 -0.003356 100.000000 0.386601 -400572.437538 1.381047 1.800233 360.046523 0.134758 0.907980 181.596003
 1.050000 2.365199 1.907232 -0.457967 0.274290 548.570945 2.341778 0.688569 1000.000000 1.906917 0.001189 100.000000 0.689758 -400572.751919 1.405945 1.358795 271.759017 0.079946 0.319566 63.913227
 1.100000 2.341271 1.903105 -0.438167 0.358794 708.774333 2.314667 0.933333 1000.000000 1.913000 0.003509 100.000000 0.936841 -400571.527870 1.465754 0.551690 110.337930 0.168833 1.425231 285.046171
 1.150000 2.309267 1.928577 -0.380690 0.240198 472.284376 2.287556 1.355746 1000.000000 1.919083 0.015796 100.000000 1.371542 -400571.550047 1.367301 2.070527 414.105319 0.127771 0.816266 163.253236
 1.200000 2.289278 1.875551 -0.413727 0.538766 855.977471 2.260444 1.709216 1000.000000 1.925167 0.001440 100.000000 1.710655 -400569.312997 1.474572 0.462959 92.591783 0.080351 0.322814 64.562831
 1.250000 2.268185 1.982498 -0.285687 0.738634 1240.899771 2.233333 2.079373 1000.000000 1.931250 -0.000531 100.000000 2.078842 -400569.461349 1.382859 1.766015 353.202953 0.161906 1.310676 262.135171
 1.300000 2.216302 1.939861 -0.276441 0.051122 101.669629 2.206222 2.410498 1000.000000 1.937333 0.000101 100.000000 2.410598 -400568.621488 1.448215 0.751313 150.262658 0.102795 0.528343 105.668656
 1.350000 2.199579 1.937324 -0.262256 0.211328 419.315502 2.179111 2.756504 1000.000000 1.943417 -0.026024 100.000000 2.730480 -400567.973802 1.403197 1.404470 280.894021 0.097734 0.477599 95.519864
 1.400000 2.174065 2.029241 -0.144823 0.561366 550.448389 2.152000 2.832353 1000.000000 1.949500 -0.043356 100.000000 2.788997 -400566.940269 1.434221 0.932642 186.528327 0.072204 0.260668 52.133506
 1.450000 2.121941 1.952490 -0.169451 0.004823 8.785213 2.124889 3.220066 1000.000000 1.955583 -0.069614 100.000000 3.150452 -400565.857145 1.477926 0.431243 86.248501 0.110689 0.612604 122.520792
 1.500000 2.117805 2.041237 -0.076568 0.517117 464.407796 2.097778 3.534006 1000.000000 1.961667 -0.096773 100.000000 3.437233 -400568.537292 1.406133 1.355694 271.138715 0.124828 0.779105 155.821029
 1.550000 2.110921 2.004081 -0.106840 0.876192 1633.590035 2.070667 3.812740 1000.000000 1.967750 -0.136579 100.000000 3.676161 -400566.843007 1.528586 0.089085 17.817081 0.086896 0.377549 75.509778
 1.600000 2.033060 2.109283 0.076223 0.972412 293.616185 2.043556 3.945535 1000.000000 1.973833 -0.181347 100.000000 3.764187 -400566.735219 1.455076 0.669563 133.912630 0.116050 0.673384 134.676895
 1.650000 2.014532 2.105268 0.090736 0.787473 160.787599 2.016444 3.998959 1000.000000 1.979917 -0.273749 100.000000 3.725210 -400565.637557 1.407731 1.329511 265.902177 0.071310 0.254256 50.851131
 1.700000 2.010745 2.139060 0.128315 1.400603 692.736090 1.989333 3.852961 1000.000000 1.986000 -0.358579 100.000000 3.494382 -400566.799938 1.518170 0.138474 27.694818 0.087672 0.384321 76.864171
 1.750000 1.959811 2.193348 0.233537 2.028271 410.886658 1.962222 3.622119 1000.000000 1.992083 -0.468344 100.000000 3.153776 -400569.017640 1.550758 0.020077 4.015442 0.074563 0.277985 55.596914
 1.800000 1.907290 2.234247 0.326957 3.173716 1331.375574 1.935111 3.215046 1000.000000 1.998167 -0.600848 100.000000 2.614198 -400569.366031 1.465622 0.553086 110.617233 0.065488 0.214432 42.886459
 1.850000 1.888514 2.283613 0.395099 4.092045 1160.137754 1.908000 2.607675 1000.000000 2.004250 -0.773430 100.000000 1.834245 -400571.759873 1.589103 0.016756 3.351274 0.079590 0.316730 63.346047
 1.900000 1.831912 2.322714 0.490802 6.078455 3374.551972 1.880889 1.871713 1000.000000 2.010333 -0.927960 100.000000 0.943753 -400574.654428 1.600290 0.043493 8.698517 0.067203 0.225809 45.161895
 1.950000 1.830059 2.356351 0.526292 6.059071 1718.149658 1.853778 1.011094 1000.000000 2.016417 -1.136172 100.000000 -0.125078 -400573.490016 1.483338 0.382450 76.489929 0.069748 0.243241 48.648195
 2.000000 1.765438 2.391969 0.626532 8.699861 5114.028142 1.826667 -0.198976 1000.000000 2.022500 -1.364340 100.000000 -1.563316 -400579.527205 1.559691 0.006166 1.233244 0.097425 0.474585 94.917015
 2.050000 1.782707 2.455387 0.672680 9.250011 2105.478061 1.799556 -1.189767 1000.000000 2.028583 -1.589295 100.000000 -2.779062 -400580.560010 1.610071 0.077127 15.425314 0.070776 0.250460 50.092039
 2.100000 1.738779 2.365700 0.626921 6.045841 2229.176918 1.772444 -2.450507 1000.000000 2.034667 -1.832366 100.000000 -4.282873 -400578.970234 1.521119 0.123393 24.678544 0.082430 0.339733 67.946641
 2.150000 1.709247 2.477550 0.768303 10.190823 3210.189999 1.745333 -3.550992 1000.000000 2.040750 -2.079624 100.000000 -5.630617 -400585.004584 1.613511 0.091229 18.245721 0.072816 0.265107 53.021421
 2.200000 1.705861 2.432470 0.726609 7.512194 1639.952213 1.718222 -4.692205 1000.000000 2.046833 -2.317715 100.000000 -7.009920 -400583.041116 1.697868 0.807357 161.471490 0.077817 0.302776 60.555125
 2.250000 1.630181 2.483453 0.853272 11.124317 5566.088064 1.691111 -5.750989 1000.000000 2.052917 -2.563554 100.000000 -8.314543 -400586.438242 1.559822 0.006022 1.204356 0.073827 0.272525 54.504933
 2.300000 1.613747 2.442981 0.829234 8.634753 3999.805357 1.664000 -6.836264 1000.000000 2.059000 -2.834359 100.000000 -9.670623 -400588.108136 1.615123 0.098242 19.648393 0.073339 0.268930 53.785971
 2.350000 1.618559 2.591721 0.973162 14.035365 3109.473342 1.636889 -7.891808 1000.000000 2.065083 -3.102612 100.000000 -10.994420 -400593.636974 1.646770 0.288599 57.719755 0.087607 0.383748 76.749587
 2.400000 1.570850 2.509433 0.938582 10.361528 3436.129763 1.609778 -8.958902 1000.000000 2.071167 -3.380558 100.000000 -12.339460 -400591.699109 1.604409 0.056489 11.297874 0.136420 0.930525 186.104949
 2.450000 1.560463 2.545844 0.985381 11.225528 2688.806713 1.582667 -9.822897 1000.000000 2.077250 -3.666307 100.000000 -13.489205 -400594.436507 1.573535 0.000375 0.075021 0.051581 0.133032 26.606370
 2.500000 1.532506 2.523030 0.990524 9.932311 2464.615329 1.555556 -10.523366 1000.000000 2.083333 -3.956059 100.000000 -14.479425 -400593.842874 1.592428 0.023397 4.679399 0.114599 0.656649 131.329806
 2.550000 1.523568 2.584420 1.060852 13.066012 3534.100040 1.555556 -10.523366 1000.000000 2.083333 -3.956059 100.000000 -14.479425 -400598.066483 1.643610 0.265093 53.018556 0.107315 0.575828 115.165512
 2.600000 1.502410 2.594674 1.092264 14.485667 5439.097968 1.555556 -10.523366 1000.000000 2.083333 -3.956059 100.000000 -14.479425 -400597.307779 1.674901 0.541886 108.377252 0.057061 0.162798 32.559528
 2.650000 1.532764 2.476015 0.943251 7.969687 2061.452370 1.555556 -10.523366 1000.000000 2.083333 -3.956059 100.000000 -14.479425 -400590.157873 1.565572 0.001365 0.272984 0.130892 0.856635 171.327038
 2.700000 1.554089 2.566821 1.012732 11.689091 2339.753834 1.555556 -10.523366 1000.000000 2.083333 -3.956059 100.000000 -14.479425 -400595.594251 1.613086 0.089423 17.884529 0.075738 0.286809 57.361819
 2.750000 1.504144 2.559344 1.055200 12.650882 4908.966805 1.555556 -10.523366 1000.000000 2.083333 -3.956059 100.000000 -14.479425 -400596.707852 1.680759 0.604589 120.917890 0.108880 0.592745 118.549030
 2.800000 1.497897 2.611734 1.113838 15.622650 6116.637234 1.555556 -10.523366 1000.000000 2.083333 -3.956059 100.000000 -14.479425 -400598.267483 1.639823 0.238233 47.646503 0.088691 0.393303 78.660695
 2.850000 1.531175 2.482141 0.950965 8.249561 2184.871966 1.555556 -10.523366 1000.000000 2.083333 -3.956059 100.000000 -14.479425 -400593.135955 1.580524 0.004731 0.946271 0.077814 0.302751 60.550255
 2.900000 1.547687 2.597872 1.050186 13.268478 2709.424853 1.555556 -10.523366 1000.000000 2.083333 -3.956059 100.000000 -14.479425 -400596.185561 1.613836 0.092622 18.524324 0.117971 0.695864 139.172701
 2.950000 1.521213 2.556872 1.035659 11.801666 3421.803755 1.555556 -10.523366 1000.000000 2.083333 -3.956059 100.000000 -14.479425 -400596.730580 1.666806 0.460893 92.178680 0.104449 0.545484 109.096890
 3.000000 1.505231 2.575440 1.070209 13.374705 4954.200998 1.555556 -10.523366 1000.000000 2.083333 -3.956059 100.000000 -14.479425 -400596.432144 1.599321 0.040684 8.136703 0.093948 0.441315 88.262956
 3.050000 1.508931 2.521985 1.013054 10.707671 4097.964321 1.555556 -10.523366 1000.000000 2.083333 -3.956059 100.000000 -14.479425 -400594.929564 1.578406 0.002896 0.579131 0.073529 0.270323 54.064677
 3.100000 1.532100 2.584924 1.052824 12.854736 3066.073326 1.555556 -10.523366 1000.000000 2.083333 -3.956059 100.000000 -14.479425 -400597.662332 1.651749 0.327665 65.532995 0.116882 0.683068 136.613565
 3.150000 1.532291 2.584531 1.052239 12.830547 3053.210231 1.555556 -10.523366 1000.000000 2.083333 -3.956059 100.000000 -14.479425 -400597.104251 1.652401 0.332963 66.592518 0.108768 0.591526 118.305116
 3.200000 1.531284 2.518028 0.986744 9.742538 2478.719480 1.555556 -10.523366 1000.000000 2.083333 -3.956059 100.000000 -14.479425 -400593.585780 1.556166 0.010702 2.140473 0.116297 0.676245 135.248974
 3.250000 1.491718 2.297082 0.805363 4.322009 4532.058019 1.555556 -10.523366 1000.000000 2.083333 -3.956059 100.000000 -14.479425 -400594.008757 1.557473 0.008875 1.775018 0.295468 4.365060 873.011934
 3.300000 1.506102 2.185161 0.679059 1.741285 2549.377161 1.555556 -10.523366 1000.000000 2.083333 -3.956059 100.000000 -14.479425 -400595.011169 1.561072 0.004728 0.945641 0.459458 10.555091 2111.018296
 3.350000 1.537478 1.943750 0.406272 1.137566 521.619625 1.555556 -10.523366 1000.000000 2.083333 -3.956059 100.000000 -14.479425 -400593.335849 1.508956 0.191210 38.241953 0.446814 9.982139 1996.427816
 3.400000 1.477375 1.865691 0.388315 5.424495 6585.842697 1.555556 -10.523366 1000.000000 2.083333 -3.956059 100.000000 -14.479425 -400603.711844 1.450044 0.729052 145.810411 0.522894 13.670894 2734.178759
 3.450000 1.528417 1.885395 0.356978 2.327234 1128.306971 1.555556 -10.523366 1000.000000 2.083333 -3.956059 100.000000 -14.479425 -400596.090752 1.563761 0.002474 0.494889 0.490333 12.021343 2404.268697
 3.500000 1.504867 1.947435 0.442569 2.208107 2754.063419 1.555556 -10.523366 1000.000000 2.083333 -3.956059 100.000000 -14.479425 -400598.179820 1.411396 1.270418 254.083669 0.484157 11.720391 2344.078158
 3.550000 1.480308 1.754968 0.274660 8.222301 6740.463113 1.555556 -10.523366 1000.000000 2.083333 -3.956059 100.000000 -14.479425 -400606.423701 1.526955 0.096102 19.220453 0.545330 14.869249 2973.849760
 3.600000 1.502580 2.009978 0.507398 1.672276 2860.258615 1.555556 -10.523366 1000.000000 2.083333 -3.956059 100.000000 -14.479425 -400596.603682 1.495075 0.286685 57.336934 0.476020 11.329732 2265.946314
 3.650000 1.475488 2.232424 0.756936 4.316791 6633.057467 1.555556 -10.523366 1000.000000 2.083333 -3.956059 100.000000 -14.479425 -400595.964675 1.609568 0.075162 15.032395 0.361980 6.551463 1310.292585
 3.700000 1.526857 2.451369 0.924512 7.184310 2178.090006 1.555556 -10.523366 1000.000000 2.083333 -3.956059 100.000000 -14.479425 -400594.664712 1.573350 0.000326 0.065235 0.160988 1.295854 259.170858
 3.750000 1.553937 2.401422 0.847486 5.060343 1014.427618 1.555556 -10.523366 1000.000000 2.083333 -3.956059 100.000000 -14.479425 -400595.530518 1.606895 0.065155 13.031099 0.238757 2.850233 570.046686
 3.800000 1.478674 2.269728 0.791055 4.692580 6258.276881 1.555556 -10.523366 1000.000000 2.083333 -3.956059 100.000000 -14.479425 -400594.690770 1.565355 0.001480 0.296056 0.335393 5.624411 1124.882178
 3.850000 1.494945 2.322875 0.827930 4.705827 4247.437190 1.555556 -10.523366 1000.000000 2.083333 -3.956059 100.000000 -14.479425 -400594.172633 1.628763 0.168007 33.601433 0.263001 3.458484 691.696839
 3.900000 1.545314 2.445764 0.900450 6.620247 1418.442238 1.555556 -10.523366 1000.000000 2.083333 -3.956059 100.000000 -14.479425 -400594.293341 1.578898 0.003282 0.656449 0.175832 1.545848 309.169622
 3.950000 1.530178 2.379275 0.849097 4.701092 1519.846273 1.555556 -10.523366 1000.000000 2.083333 -3.956059 100.000000 -14.479425 -400595.824024 1.590381 0.019178 3.835550 0.341515 5.831633 1166.326564
 4.000000 1.495526 2.278687 0.783161 3.709926 3985.181896 1.555556 -10.523366 1000.000000 2.083333 -3.956059 100.000000 -14.479425 -400592.771909 1.612821 0.088305 17.660954 0.256206 3.282076 656.415161
 4.050000 1.508822 2.454923 0.946101 7.995963 3564.846761 1.555556 -10.523366 1000.000000 2.083333 -3.956059 100.000000 -14.479425 -400596.004204 1.607578 0.067644 13.528891 0.169536 1.437124 287.424762
 4.100000 1.526251 2.344977 0.818726 3.852247 1543.323862 1.555556 -10.523366 1000.000000 2.083333 -3.956059 100.000000 -14.479425 -400594.320307 1.575546 0.001128 0.225568 0.300418 4.512539 902.507715
 4.150000 1.506433 2.408638 0.902205 6.497686 3471.278444 1.555556 -10.523366 1000.000000 2.083333 -3.956059 100.000000 -14.479425 -400597.331498 1.607488 0.067312 13.462465 0.270454 3.657280 731.455993
 4.200000 1.522260 2.344530 0.822270 3.965483 1790.822059 1.555556 -10.523366 1000.000000 2.083333 -3.956059 100.000000 -14.479425 -400592.385901 1.631314 0.183122 36.624473 0.174103 1.515585 303.116974
 4.250000 1.506224 2.460706 0.954482 8.337332 3857.747807 1.555556 -10.523366 1000.000000 2.083333 -3.956059 100.000000 -14.479425 -400595.594467 1.578618 0.003059 0.611791 0.305907 4.678948 935.789565
 4.300000 1.502084 2.294363 0.792278 3.656253 3304.496557 1.555556 -10.523366 1000.000000 2.083333 -3.956059 100.000000 -14.479425 -400593.480236 1.585675 0.011068 2.213650 0.227421 2.586017 517.203360
 4.350000 1.512883 2.450290 0.937407 7.643352 3167.537420 1.555556 -10.523366 1000.000000 2.083333 -3.956059 100.000000 -14.479425 -400595.856260 1.639543 0.236304 47.260722 0.225670 2.546358 509.271509
 4.400000 1.536602 2.333014 0.796412 3.296651 982.652804 1.555556 -10.523366 1000.000000 2.083333 -3.956059 100.000000 -14.479425 -400593.761485 1.591955 0.022384 4.476710 0.302817 4.584896 916.979176
 4.450000 1.518637 2.394280 0.875644 5.515900 2329.892316 1.555556 -10.523366 1000.000000 2.083333 -3.956059 100.000000 -14.479425 -400593.661368 1.563622 0.002573 0.514649 0.235146 2.764687 552.937357
 4.500000 1.496224 2.403728 0.907504 6.892756 4546.746051 1.555556 -10.523366 1000.000000 2.083333 -3.956059 100.000000 -14.479425 -400594.739211 1.591161 0.020737 4.147371 0.210958 2.225156 445.031245
 4.550000 1.504247 2.334439 0.830192 4.469003 3263.131825 1.555556 -10.523366 1000.000000 2.083333 -3.956059 100.000000 -14.479425 -400595.322939 1.615829 0.101396 20.279186 0.301179 4.535426 907.085104
 4.600000 1.524265 2.433595 0.909330 6.623710 2205.946158 1.555556 -10.523366 1000.000000 2.083333 -3.956059 100.000000 -14.479425 -400596.131728 1.604682 0.057411 11.482289 0.247498 3.062772 612.554497
 4.650000 1.534487 2.343197 0.808710 3.598400 1119.174177 1.555556 -10.523366 1000.000000 2.083333 -3.956059 100.000000 -14.479425 -400591.807993 1.555037 0.012418 2.483582 0.193803 1.877989 375.597725
 4.700000 1.480683 2.329618 0.848935 5.835745 6212.432525 1.555556 -10.523366 1000.000000 2.083333 -3.956059 100.000000 -14.479425 -400595.384010 1.641736 0.251624 50.324889 0.303413 4.602964 920.592871
 4.750000 1.526564 2.377815 0.851251 4.756216 1707.683918 1.555556 -10.523366 1000.000000 2.083333 -3.956059 100.000000 -14.479425 -400595.236600 1.612518 0.087035 17.407071 0.268206 3.596716 719.343116
 4.800000 1.568410 2.404834 0.836423 5.250748 1198.872687 1.555556 -10.523366 1000.000000 2.083333 -3.956059 100.000000 -14.479425 -400593.334314 1.552931 0.015959 3.191775 0.206522 2.132564 426.512750
 4.850000 1.495191 2.305140 0.809949 4.281861 4135.887153 1.555556 -10.523366 1000.000000 2.083333 -3.956059 100.000000 -14.479425 -400593.863082 1.616379 0.103891 20.778241 0.268714 3.610365 722.073083
 4.900000 1.519584 2.361819 0.842234 4.524666 2069.469592 1.555556 -10.523366 1000.000000 2.083333 -3.956059 100.000000 -14.479425 -400594.122020 1.637201 0.220479 44.095881 0.305225 4.658115 931.623038
 4.950000 1.508415 2.403684 0.895269 6.242345 3248.452489 1.555556 -10.523366 1000.000000 2.083333 -3.956059 100.000000 -14.479425 -400594.140564 1.543484 0.037299 7.459726 0.188313 1.773082 354.616329
 5.000000 1.525847 2.350824 0.824976 4.018841 1598.083113 1.555556 -10.523366 1000.000000 2.083333 -3.956059 100.000000 -14.479425 -400594.959483 1.598691 0.038904 7.780897 0.262819 3.453698 690.739532
 5.050000 1.504663 2.327921 0.823258 4.286197 3188.320691 1.555556 -10.523366 1000.000000 2.083333 -3.956059 100.000000 -14.479425 -400593.789542 1.640255 0.241227 48.245484 0.316333 5.003342 1000.668320
 5.100000 1.517567 2.440562 0.922995 7.102193 2719.253215 1.555556 -10.523366 1000.000000 2.083333 -3.956059 100.000000 -14.479425 -400595.346443 1.587727 0.014333 2.866515 0.197249 1.945352 389.070458
 5.150000 1.499268 2.335020 0.835753 4.751487 3801.800878 1.555556 -10.523366 1000.000000 2.083333 -3.956059 100.000000 -14.479425 -400592.603818 1.542150 0.041031 8.206208 0.220739 2.436278 487.255539
 5.200000 1.501731 2.351111 0.849381 5.033815 3614.177845 1.555556 -10.523366 1000.000000 2.083333 -3.956059 100.000000 -14.479425 -400594.520924 1.622952 0.136012 27.202353 0.300600 4.518029 903.605882
 5.250000 1.526724 2.436716 0.909992 6.659584 2080.036997 1.555556 -10.523366 1000.000000 2.083333 -3.956059 100.000000 -14.479425 -400593.701934 1.651856 0.328538 65.707503 0.213214 2.273005 454.601046
 5.300000 1.551763 2.358759 0.806996 3.800154 772.973704 1.555556 -10.523366 1000.000000 2.083333 -3.956059 100.000000 -14.479425 -400592.010030 1.542522 0.039971 7.994136 0.239285 2.862854 572.570880
 5.350000 1.490378 2.324009 0.833631 5.020265 4827.298162 1.555556 -10.523366 1000.000000 2.083333 -3.956059 100.000000 -14.479425 -400595.662910 1.573976 0.000506 0.101113 0.295607 4.369178 873.835582
 5.400000 1.504214 2.423493 0.919279 7.103423 3793.081592 1.555556 -10.523366 1000.000000 2.083333 -3.956059 100.000000 -14.479425 -400595.451556 1.658302 0.382865 76.573024 0.191642 1.836337 367.267337
 5.450000 1.531980 2.384759 0.852779 4.820769 1464.391297 1.555556 -10.523366 1000.000000 2.083333 -3.956059 100.000000 -14.479425 -400593.078399 1.573315 0.000317 0.063429 0.240885 2.901276 580.255196
 5.500000 1.522207 2.310924 0.788717 3.145933 1630.110364 1.555556 -10.523366 1000.000000 2.083333 -3.956059 100.000000 -14.479425 -400594.395401 1.554091 0.013953 2.790627 0.297401 4.422381 884.476287
 5.550000 1.505774 2.451520 0.945746 8.017181 3833.857752 1.555556 -10.523366 1000.000000 2.083333 -3.956059 100.000000 -14.479425 -400597.800181 1.646854 0.289241 57.848228 0.209840 2.201650 440.330063
 5.600000 1.489563 2.391449 0.901886 6.924246 5304.317369 1.555556 -10.523366 1000.000000 2.083333 -3.956059 100.000000 -14.479425 -400596.564374 1.599510 0.041225 8.245026 0.223825 2.504874 500.974761
 5.650000 1.522204 2.323641 0.801437 3.443550 1689.785025 1.555556 -10.523366 1000.000000 2.083333 -3.956059 100.000000 -14.479425 -400594.168674 1.515183 0.154644 30.928871 0.280609 3.937057 787.411308
 5.700000 1.525557 2.409453 0.883895 5.767632 1963.423043 1.555556 -10.523366 1000.000000 2.083333 -3.956059 100.000000 -14.479425 -400592.755512 1.649268 0.307893 61.578660 0.224603 2.522334 504.466891
 5.750000 1.527399 2.417710 0.890311 5.986796 1910.863959 1.555556 -10.523366 1000.000000 2.083333 -3.956059 100.000000 -14.479425 -400594.716683 1.626515 0.155227 31.045369 0.228686 2.614870 522.973922
 5.800000 1.493183 2.327983 0.834800 4.937848 4488.861875 1.555556 -10.523366 1000.000000 2.083333 -3.956059 100.000000 -14.479425 -400594.513165 1.504711 0.218366 43.673266 0.273619 3.743379 748.675718
 5.850000 1.545830 2.372869 0.827039 4.238830 932.894433 1.555556 -10.523366 1000.000000 2.083333 -3.956059 100.000000 -14.479425 -400589.542453 1.636911 0.218560 43.711938 0.218234 2.381300 476.260059
 5.900000 1.512319 2.422040 0.909721 6.670795 3016.606273 1.555556 -10.523366 1000.000000 2.083333 -3.956059 100.000000 -14.479425 -400594.072096 1.640235 0.241085 48.217048 0.232745 2.708510 541.702071
 5.950000 1.542198 2.333541 0.791343 3.219400 804.458744 1.555556 -10.523366 1000.000000 2.083333 -3.956059 100.000000 -14.479425 -400590.935724 1.503833 0.224201 44.840263 0.274747 3.774303 754.860699
 6.000000 1.511613 2.366897 0.855285 4.985917 2735.072360 1.555556 -10.523366 1000.000000 2.083333 -3.956059 100.000000 -14.479425 -400590.912200 1.610697 0.079601 15.920282 0.243513 2.964941 592.988194
 6.050000 1.519672 2.414908 0.895236 6.140902 2387.033170 1.555556 -10.523366 1000.000000 2.083333 -3.956059 100.000000 -14.479425 -400594.458114 1.638775 0.231053 46.210610 0.209555 2.195661 439.132174
 6.100000 1.495480 2.366178 0.870697 5.804561 4409.031870 1.555556 -10.523366 1000.000000 2.083333 -3.956059 100.000000 -14.479425 -400594.576154 1.546447 0.029645 5.929058 0.281811 3.970880 794.175986
 6.150000 1.517015 2.370890 0.853875 4.877141 2312.299028 1.555556 -10.523366 1000.000000 2.083333 -3.956059 100.000000 -14.479425 -400593.041362 1.595473 0.030447 6.089448 0.231684 2.683884 536.776858
 6.200000 1.528406 2.385855 0.857450 4.944534 1652.303989 1.555556 -10.523366 1000.000000 2.083333 -3.956059 100.000000 -14.479425 -400594.415894 1.614109 0.093798 18.759567 0.227922 2.597432 519.486326
 6.250000 1.517338 2.391162 0.873824 5.468229 2408.173850 1.555556 -10.523366 1000.000000 2.083333 -3.956059 100.000000 -14.479425 -400595.228500 1.573643 0.000405 0.081011 0.278672 3.882918 776.583572
 6.300000 1.497960 2.375010 0.877049 5.912361 4167.958405 1.555556 -10.523366 1000.000000 2.083333 -3.956059 100.000000 -14.479425 -400595.107978 1.596002 0.031767 6.353324 0.210975 2.225516 445.103117
 6.350000 1.510498 2.384544 0.874046 5.551469 2937.445722 1.555556 -10.523366 1000.000000 2.083333 -3.956059 100.000000 -14.479425 -400596.083390 1.593962 0.026832 5.366403 0.236702 2.801397 560.279309
 6.400000 1.535818 2.384487 0.848669 4.729469 1296.524989 1.555556 -10.523366 1000.000000 2.083333 -3.956059 100.000000 -14.479425 -400592.658820 1.578967 0.003338 0.667570 0.275557 3.796595 759.319001
 6.450000 1.533056 2.364528 0.831472 4.206636 1296.948543 1.555556 -10.523366 1000.000000 2.083333 -3.956059 100.000000 -14.479425 -400594.233866 1.588230 0.015196 3.039184 0.216772 2.349495 469.899057
 6.500000 1.519577 2.373703 0.854126 4.862966 2137.596458 1.555556 -10.523366 1000.000000 2.083333 -3.956059 100.000000 -14.479425 -400593.825626 1.580228 0.004448 0.889652 0.237342 2.816571 563.314122
 6.550000 1.498654 2.347377 0.848723 5.104832 3934.934534 1.555556 -10.523366 1000.000000 2.083333 -3.956059 100.000000 -14.479425 -400593.355362 1.586482 0.012302 2.460406 0.285420 4.073225 814.644925
 6.600000 1.532051 2.439019 0.906968 6.601833 1817.587472 1.555556 -10.523366 1000.000000 2.083333 -3.956059 100.000000 -14.479425 -400595.720537 1.602399 0.049937 9.987444 0.199585 1.991704 398.340711
 6.650000 1.502714 2.299228 0.796514 3.726636 3258.309008 1.555556 -10.523366 1000.000000 2.083333 -3.956059 100.000000 -14.479425 -400590.173963 1.576193 0.001456 0.291195 0.242761 2.946647 589.329443
 6.700000 1.516347 2.378961 0.862613 5.138420 2411.248022 1.555556 -10.523366 1000.000000 2.083333 -3.956059 100.000000 -14.479425 -400595.961242 1.576541 0.001650 0.330018 0.278197 3.869683 773.936694
 6.750000 1.524775 2.457806 0.933031 7.485203 2349.744295 1.555556 -10.523366 1000.000000 2.083333 -3.956059 100.000000 -14.479425 -400593.955234 1.623965 0.141347 28.269353 0.196146 1.923663 384.732676
 6.800000 1.519949 2.332968 0.813019 3.749793 1891.013347 1.555556 -10.523366 1000.000000 2.083333 -3.956059 100.000000 -14.479425 -400592.837651 1.608365 0.070571 14.114114 0.271576 3.687668 737.533549
 6.850000 1.489984 2.352039 0.862055 5.759966 5021.687500 1.555556 -10.523366 1000.000000 2.083333 -3.956059 100.000000 -14.479425 -400595.846415 1.526868 0.096484 19.296835 0.266296 3.545689 709.137832
 6.900000 1.517915 2.422696 0.904781 6.466774 2568.513485 1.555556 -10.523366 1000.000000 2.083333 -3.956059 100.000000 -14.479425 -400594.106131 1.624197 0.142579 28.515796 0.193192 1.866151 373.230103
 6.950000 1.512594 2.391342 0.878748 5.666312 2794.372354 1.555556 -10.523366 1000.000000 2.083333 -3.956059 100.000000 -14.479425 -400595.601295 1.617996 0.111391 22.278169 0.280802 3.942494 788.498872
 7.000000 1.519316 2.334513 0.815197 3.811213 1944.232711 1.555556 -10.523366 1000.000000 2.083333 -3.956059 100.000000 -14.479425 -400594.103547 1.556738 0.009881 1.976284 0.257518 3.315769 663.153700
 7.050000 1.504480 2.441559 0.937079 7.720654 3891.995110 1.555556 -10.523366 1000.000000 2.083333 -3.956059 100.000000 -14.479425 -400595.459501 1.594136 0.027237 5.447332 0.199422 1.988457 397.691460
 7.100000 1.513054 2.367975 0.854920 4.954219 2616.578616 1.555556 -10.523366 1000.000000 2.083333 -3.956059 100.000000 -14.479425 -400596.111013 1.646700 0.288069 57.613867 0.272337 3.708367 741.673317
 7.150000 1.519513 2.372131 0.852618 4.819727 2133.093478 1.555556 -10.523366 1000.000000 2.083333 -3.956059 100.000000 -14.479425 -400595.446604 1.531162 0.078544 15.708765 0.245803 3.020952 604.190380
 7.200000 1.522980 2.356937 0.833958 4.273553 1809.779475 1.555556 -10.523366 1000.000000 2.083333 -3.956059 100.000000 -14.479425 -400592.572050 1.595598 0.030756 6.151123 0.204405 2.089072 417.814305
 7.250000 1.503794 2.457098 0.953304 8.324621 4076.211299 1.555556 -10.523366 1000.000000 2.083333 -3.956059 100.000000 -14.479425 -400597.922376 1.649805 0.312117 62.423468 0.280346 3.929688 785.937671
 7.300000 1.512547 2.327541 0.814994 3.906753 2446.143699 1.555556 -10.523366 1000.000000 2.083333 -3.956059 100.000000 -14.479425 -400592.659098 1.554531 0.013228 2.645676 0.233663 2.729916 545.983128
 7.350000 1.538948 2.352514 0.813566 3.760829 1000.400929 1.555556 -10.523366 1000.000000 2.083333 -3.956059 100.000000 -14.479425 -400589.126276 1.497922 0.265535 53.107029 0.210672 2.219124 443.824821
 7.400000 1.506003 2.400825 0.894822 6.267784 3463.495906 1.555556 -10.523366 1000.000000 2.083333 -3.956059 100.000000 -14.479425 -400597.393735 1.649741 0.311610 62.321991 0.281063 3.949824 789.964898
 7.450000 1.515945 2.416315 0.900369 6.328308 2677.732978 1.555556 -10.523366 1000.000000 2.083333 -3.956059 100.000000 -14.479425 -400593.835565 1.625869 0.151651 30.330271 0.215754 2.327488 465.497508
 7.500000 1.510199 2.344465 0.834266 4.438099 2739.140409 1.555556 -10.523366 1000.000000 2.083333 -3.956059 100.000000 -14.479425 -400592.704370 1.501618 0.239281 47.856157 0.238262 2.838442 567.688493
 7.550000 1.542244 2.332071 0.789827 3.182120 795.902386 1.555556 -10.523366 1000.000000 2.083333 -3.956059 100.000000 -14.479425 -400592.559591 1.622702 0.134710 26.942027 0.286382 4.100732 820.146369
 7.600000 1.509408 2.464084 0.954676 8.313339 3579.285348 1.555556 -10.523366 1000.000000 2.083333 -3.956059 100.000000 -14.479425 -400596.599009 1.621929 0.130726 26.145271 0.221487 2.452826 490.565163
 7.650000 1.501655 2.347082 0.845426 4.930781 3600.877708 1.555556 -10.523366 1000.000000 2.083333 -3.956059 100.000000 -14.479425 -400594.289303 1.565169 0.001583 0.316620 0.239675 2.872200 574.439921
 7.700000 1.494839 2.360826 0.865987 5.693346 4456.475593 1.555556 -10.523366 1000.000000 2.083333 -3.956059 100.000000 -14.479425 -400593.069573 1.566369 0.000980 0.195995 0.272623 3.716170 743.234033
 7.750000 1.542725 2.442767 0.900042 6.541946 1456.542987 1.555556 -10.523366 1000.000000 2.083333 -3.956059 100.000000 -14.479425 -400591.424977 1.653795 0.344442 68.888480 0.208615 2.176016 435.203253
 7.800000 1.509225 2.371101 0.861876 5.213777 2974.617293 1.555556 -10.523366 1000.000000 2.083333 -3.956059 100.000000 -14.479425 -400592.941675 1.541506 0.042895 8.579070 0.262845 3.454381 690.876168
 7.850000 1.519900 2.296806 0.776906 2.914181 1726.991541 1.555556 -10.523366 1000.000000 2.083333 -3.956059 100.000000 -14.479425 -400591.745498 1.591005 0.020419 4.083772 0.280227 3.926365 785.273061
 7.900000 1.516611 2.469964 0.953353 8.232495 3011.475709 1.555556 -10.523366 1000.000000 2.083333 -3.956059 100.000000 -14.479425 -400595.061953 1.638666 0.230315 46.062943 0.205552 2.112572 422.514379
 7.950000 1.518883 2.359522 0.840639 4.486444 2107.675207 1.555556 -10.523366 1000.000000 2.083333 -3.956059 100.000000 -14.479425 -400596.303493 1.590157 0.018742 3.748389 0.269466 3.630598 726.119618
 8.000000 1.501775 2.333961 0.832186 4.586876 3520.453263 1.555556 -10.523366 1000.000000 2.083333 -3.956059 100.000000 -14.479425 -400591.184017 1.510061 0.184440 36.887915 0.247916 3.073118 614.623653
 8.050000 1.524732 2.411254 0.886522 5.851650 2025.434224 1.555556 -10.523366 1000.000000 2.083333 -3.956059 100.000000 -14.479425 -400595.397708 1.624590 0.144687 28.937367 0.213792 2.285350 457.070018
 8.100000 1.515811 2.399911 0.884100 5.800897 2581.855209 1.555556 -10.523366 1000.000000 2.083333 -3.956059 100.000000 -14.479425 -400598.007958 1.612177 0.085616 17.123267 0.262895 3.455687 691.137340
 8.150000 1.502145 2.356189 0.854044 5.148871 3597.234640 1.555556 -10.523366 1000.000000 2.083333 -3.956059 100.000000 -14.479425 -400592.443889 1.546492 0.029536 5.907133 0.229229 2.627294 525.458878
 8.200000 1.513906 2.372362 0.858456 5.044236 2570.095996 1.555556 -10.523366 1000.000000 2.083333 -3.956059 100.000000 -14.479425 -400595.183299 1.551211 0.019180 3.836031 0.220725 2.435979 487.195890
 8.250000 1.542324 2.412099 0.869775 5.491883 1255.933361 1.555556 -10.523366 1000.000000 2.083333 -3.956059 100.000000 -14.479425 -400592.910288 1.610774 0.079910 15.982022 0.283100 4.007287 801.457369
 8.300000 1.521556 2.361436 0.839879 4.445019 1929.359804 1.555556 -10.523366 1000.000000 2.083333 -3.956059 100.000000 -14.479425 -400590.566220 1.611973 0.084774 16.954864 0.226565 2.566590 513.318012
 8.350000 1.480938 2.362680 0.881742 6.685591 6348.056173 1.555556 -10.523366 1000.000000 2.083333 -3.956059 100.000000 -14.479425 -400593.546186 1.531966 0.075388 15.077680 0.211128 2.228743 445.748562
 8.400000 1.508917 2.404435 0.895519 6.242924 3206.256815 1.555556 -10.523366 1000.000000 2.083333 -3.956059 100.000000 -14.479425 -400596.027861 1.648209 0.299640 59.927983 0.280420 3.931768 786.353659
 8.450000 1.550584 2.433469 0.882885 6.142094 1250.664294 1.555556 -10.523366 1000.000000 2.083333 -3.956059 100.000000 -14.479425 -400591.690249 1.580389 0.004601 0.920113 0.229629 2.636471 527.294296
 8.500000 1.541551 2.285071 0.743520 2.132973 603.103840 1.555556 -10.523366 1000.000000 2.083333 -3.956059 100.000000 -14.479425 -400589.102274 1.590387 0.019190 3.838092 0.262740 3.451620 690.324002
 8.550000 1.481148 2.397218 0.916069 7.694397 6521.696860 1.555556 -10.523366 1000.000000 2.083333 -3.956059 100.000000 -14.479425 -400593.127167 1.557307 0.009098 1.819680 0.274961 3.780179 756.035730
 8.600000 1.514531 2.458360 0.943829 7.873772 3089.465464 1.555556 -10.523366 1000.000000 2.083333 -3.956059 100.000000 -14.479425 -400597.430856 1.617763 0.110294 22.058770 0.217905 2.374123 474.824515
 8.650000 1.518932 2.314067 0.795135 3.332547 1873.679227 1.555556 -10.523366 1000.000000 2.083333 -3.956059 100.000000 -14.479425 -400590.111751 1.526745 0.097024 19.404770 0.251520 3.163128 632.625514
 8.700000 1.518867 2.358599 0.839732 4.461572 2103.742654 1.555556 -10.523366 1000.000000 2.083333 -3.956059 100.000000 -14.479425 -400593.255382 1.587894 0.014617 2.923399 0.258373 3.337824 667.564876
 8.750000 1.529660 2.484983 0.955323 8.401418 2283.815054 1.555556 -10.523366 1000.000000 2.083333 -3.956059 100.000000 -14.479425 -400595.902485 1.649579 0.310335 62.067080 0.214243 2.295006 459.001213
 8.800000 1.513803 2.343492 0.829689 4.255757 2420.100295 1.555556 -10.523366 1000.000000 2.083333 -3.956059 100.000000 -14.479425 -400593.639344 1.559357 0.006543 1.308543 0.260873 3.402742 680.548388
 8.850000 1.495860 2.311826 0.815966 4.392210 4085.609516 1.555556 -10.523366 1000.000000 2.083333 -3.956059 100.000000 -14.479425 -400592.851569 1.568549 0.000252 0.050499 0.258083 3.330340 666.068045
 8.900000 1.519605 2.478782 0.959178 8.465232 2856.268039 1.555556 -10.523366 1000.000000 2.083333 -3.956059 100.000000 -14.479425 -400594.414636 1.612430 0.086666 17.333279 0.192952 1.861530 372.306088
 8.950000 1.526611 2.347593 0.820982 3.910545 1536.122544 1.555556 -10.523366 1000.000000 2.083333 -3.956059 100.000000 -14.479425 -400593.637128 1.629913 0.174739 34.947802 0.297144 4.414722 882.944352
 9.000000 1.526194 2.345647 0.819453 3.871465 1550.162086 1.555556 -10.523366 1000.000000 2.083333 -3.956059 100.000000 -14.479425 -400593.529204 1.534054 0.067498 13.499642 0.239510 2.868251 573.650209
 9.050000 1.501713 2.399527 0.897813 6.448396 3898.752318 1.555556 -10.523366 1000.000000 2.083333 -3.956059 100.000000 -14.479425 -400594.721436 1.609446 0.074688 14.937685 0.197692 1.954112 390.822402
 9.100000 1.510628 2.449860 0.939233 7.726360 3361.926918 1.555556 -10.523366 1000.000000 2.083333 -3.956059 100.000000 -14.479425 -400596.290089 1.635801 0.211282 42.256359 0.292519 4.278357 855.671420
 9.150000 1.521654 2.323264 0.801611 3.453011 1724.996078 1.555556 -10.523366 1000.000000 2.083333 -3.956059 100.000000 -14.479425 -400591.425425 1.553154 0.015563 3.112604 0.229177 2.626111 525.222283
 9.200000 1.514502 2.371905 0.857403 5.006393 2518.168845 1.555556 -10.523366 1000.000000 2.083333 -3.956059 100.000000 -14.479425 -400589.437987 1.491020 0.318216 63.643245 0.211809 2.243163 448.632534
 9.250000 1.503335 2.415314 0.911979 6.874038 3829.065056 1.555556 -10.523366 1000.000000 2.083333 -3.956059 100.000000 -14.479425 -400594.814876 1.654875 0.353465 70.692975 0.284718 4.053211 810.642254
 9.300000 1.512156 2.368127 0.855971 4.997118 2694.569965 1.555556 -10.523366 1000.000000 2.083333 -3.956059 100.000000 -14.479425 -400594.070744 1.635593 0.209932 41.986466 0.245257 3.007540 601.507939
 9.350000 1.515572 2.348071 0.832499 4.303643 2299.528814 1.555556 -10.523366 1000.000000 2.083333 -3.956059 100.000000 -14.479425 -400591.354087 1.489492 0.330520 66.103983 0.206249 2.126940 425.387981
 9.400000 1.515826 2.375818 0.859992 5.066570 2433.878431 1.555556 -10.523366 1000.000000 2.083333 -3.956059 100.000000 -14.479425 -400595.140871 1.618178 0.112250 22.449921 0.285547 4.076849 815.369751
 9.450000 1.527140 2.463392 0.936252 7.625933 2251.884412 1.555556 -10.523366 1000.000000 2.083333 -3.956059 100.000000 -14.479425 -400595.090458 1.658630 0.385738 77.147621 0.220026 2.420583 484.116575
 9.500000 1.516055 2.256933 0.740879 2.287011 1861.697939 1.555556 -10.523366 1000.000000 2.083333 -3.956059 100.000000 -14.479425 -400589.854343 1.544783 0.033835 6.767019 0.245478 3.012984 602.596792
 9.550000 1.521883 2.360919 0.839036 4.419613 1904.369222 1.555556 -10.523366 1000.000000 2.083333 -3.956059 100.000000 -14.479425 -400595.481544 1.524079 0.109126 21.825145 0.285599 4.078336 815.667182
 9.600000 1.536688 2.467714 0.931026 7.565409 1833.473744 1.555556 -10.523366 1000.000000 2.083333 -3.956059 100.000000 -14.479425 -400597.882070 1.599144 0.040180 8.036038 0.246834 3.046350 609.269957
 9.650000 1.501069 2.333068 0.831999 4.602746 3592.440079 1.555556 -10.523366 1000.000000 2.083333 -3.956059 100.000000 -14.479425 -400594.800169 1.583514 0.008087 1.617423 0.227736 2.593181 518.636127
 9.700000 1.510930 2.373524 0.862594 5.206264 2833.575806 1.555556 -10.523366 1000.000000 2.083333 -3.956059 100.000000 -14.479425 -400596.853710 1.544799 0.033793 6.758627 0.255097 3.253713 650.742629
 9.750000 1.531052 2.451965 0.920913 7.094686 1959.323881 1.555556 -10.523366 1000.000000 2.083333 -3.956059 100.000000 -14.479425 -400596.420299 1.675814 0.551441 110.288148 0.244329 2.984832 596.966372
 9.800000 1.520985 2.386995 0.866010 5.208072 2117.198603 1.555556 -10.523366 1000.000000 2.083333 -3.956059 100.000000 -14.479425 -400594.352087 1.569992 0.000032 0.006468 0.244025 2.977410 595.482002
 9.850000 1.490222 2.314775 0.824552 4.812483 4804.111250 1.555556 -10.523366 1000.000000 2.083333 -3.956059 100.000000 -14.479425 -400592.327855 1.542922 0.038848 7.769637 0.259872 3.376678 675.335691
 9.900000 1.493880 2.471430 0.977550 9.432872 5310.060792 1.555556 -10.523366 1000.000000 2.083333 -3.956059 100.000000 -14.479425 -400596.997939 1.626965 0.157745 31.549091 0.213009 2.268651 453.730229
 9.950000 1.511581 2.394905 0.883324 5.820725 2904.518042 1.555556 -10.523366 1000.000000 2.083333 -3.956059 100.000000 -14.479425 -400597.124131 1.652285 0.332021 66.404162 0.278595 3.880765 776.153067
 10.000000 1.551086 2.333802 0.782716 3.146708 647.319324 1.555556 -10.523366 1000.000000 2.083333 -3.956059 100.000000 -14.479425 -400591.284290 1.493731 0.296957 59.391414 0.248668 3.091779 618.355805
 10.050000 1.505533 2.375205 0.869672 5.510583 3354.149169 1.555556 -10.523366 1000.000000 2.083333 -3.956059 100.000000 -14.479425 -400596.398760 1.592848 0.024313 4.862552 0.224610 2.522473 504.494597
 10.100000 1.522483 2.433962 0.911479 6.693925 2323.179430 1.555556 -10.523366 1000.000000 2.083333 -3.956059 100.000000 -14.479425 -400595.963249 1.650250 0.315645 63.129073 0.264847 3.507190 701.437929
 10.150000 1.497889 2.335152 0.837263 4.833336 3959.541579 1.555556 -10.523366 1000.000000 2.083333 -3.956059 100.000000 -14.479425 -400593.482904 1.504208 0.221701 44.340140 0.231535 2.680418 536.083627
 10.200000 1.519817 2.389631 0.869814 5.329538 2215.443267 1.555556 -10.523366 1000.000000 2.083333 -3.956059 100.000000 -14.479425 -400595.820453 1.553869 0.014326 2.865244 0.236039 2.785725 557.144956
 10.250000 1.539630 2.412467 0.872837 5.543265 1336.925962 1.555556 -10.523366 1000.000000 2.083333 -3.956059 100.000000 -14.479425 -400595.063786 1.627614 0.161414 32.282803 0.252766 3.194528 638.905636
 10.300000 1.519548 2.340012 0.820465 3.942494 1955.414823 1.555556 -10.523366 1000.000000 2.083333 -3.956059 100.000000 -14.479425 -400594.354781 1.608170 0.069840 13.967904 0.274882 3.778010 755.602075
 10.350000 1.500739 2.363781 0.863042 5.434982 3791.380899 1.555556 -10.523366 1000.000000 2.083333 -3.956059 100.000000 -14.479425 -400592.010518 1.495842 0.280908 56.181666 0.198380 1.967734 393.546886
 10.400000 1.511867 2.452953 0.941086 7.785281 3274.878886 1.555556 -10.523366 1000.000000 2.083333 -3.956059 100.000000 -14.479425 -400597.414656 1.679599 0.591896 118.379218 0.278718 3.884177 776.835470
 10.450000 1.512162 2.396011 0.883849 5.829866 2860.655906 1.555556 -10.523366 1000.000000 2.083333 -3.956059 100.000000 -14.479425 -400596.466444 1.584337 0.009167 1.833451 0.256867 3.299030 659.805916
 10.500000 1.526456 2.342177 0.815721 3.773396 1516.796826 1.555556 -10.523366 1000.000000 2.083333 -3.956059 100.000000 -14.479425 -400592.926877 1.546139 0.030398 6.079656 0.235418 2.771078 554.215583
 10.550000 1.490821 2.437778 0.946958 8.376873 5446.924019 1.555556 -10.523366 1000.000000 2.083333 -3.956059 100.000000 -14.479425 -400598.407352 1.595432 0.030346 6.069138 0.241968 2.927425 585.485043
 10.600000 1.499561 2.422038 0.922477 7.303728 4282.601326 1.555556 -10.523366 1000.000000 2.083333 -3.956059 100.000000 -14.479425 -400599.342572 1.600177 0.043161 8.632206 0.280727 3.940383 788.076624
 10.650000 1.537228 2.365058 0.827830 4.136388 1129.596732 1.555556 -10.523366 1000.000000 2.083333 -3.956059 100.000000 -14.479425 -400593.630004 1.519307 0.132555 26.511076 0.224753 2.525689 505.137709
 10.700000 1.521430 2.367668 0.846238 4.624584 1972.999835 1.555556 -10.523366 1000.000000 2.083333 -3.956059 100.000000 -14.479425 -400593.993191 1.596382 0.032732 6.546417 0.241678 2.920408 584.081504
 10.750000 1.512850 2.414901 0.902051 6.408734 2923.147391 1.555556 -10.523366 1000.000000 2.083333 -3.956059 100.000000 -14.479425 -400595.839475 1.637684 0.223701 44.740246 0.306681 4.702655 940.530918
 10.800000 1.530169 2.334060 0.803891 3.465428 1273.121995 1.555556 -10.523366 1000.000000 2.083333 -3.956059 100.000000 -14.479425 -400588.189643 1.514949 0.155949 31.189772 0.171111 1.463952 292.790469
 10.850000 1.529677 2.422224 0.892547 6.077209 1818.185215 1.555556 -10.523366 1000.000000 2.083333 -3.956059 100.000000 -14.479425 -400595.998650 1.576401 0.001570 0.314086 0.263893 3.481970 696.394050
 10.900000 1.494050 2.325255 0.831205 4.817767 4368.202485 1.555556 -10.523366 1000.000000 2.083333 -3.956059 100.000000 -14.479425 -400593.833165 1.596892 0.034049 6.809731 0.286667 4.108910 821.781976
 10.950000 1.525767 2.473744 0.947978 8.064723 2411.587957 1.555556 -10.523366 1000.000000 2.083333 -3.956059 100.000000 -14.479425 -400597.256676 1.603649 0.053966 10.793246 0.226129 2.556712 511.342378
 11.000000 1.518233 2.304553 0.786320 3.143405 1882.370618 1.555556 -10.523366 1000.000000 2.083333 -3.956059 100.000000 -14.479425 -400591.385962 1.555964 0.011000 2.199927 0.236567 2.798193 559.638646
 11.050000 1.519397 2.499979 0.980581 9.333372 3043.352410 1.555556 -10.523366 1000.000000 2.083333 -3.956059 100.000000 -14.479425 -400597.842128 1.617734 0.110159 22.031889 0.324565 5.267113 1053.422608
 11.100000 1.486529 2.335411 0.848883 5.559515 5400.131096 1.555556 -10.523366 1000.000000 2.083333 -3.956059 100.000000 -14.479425 -400592.074792 1.612251 0.085926 17.185213 0.189427 1.794125 358.824998
 11.150000 1.504375 2.451720 0.947345 8.095174 3976.573187 1.555556 -10.523366 1000.000000 2.083333 -3.956059 100.000000 -14.479425 -400596.632912 1.587562 0.014055 2.811007 0.255459 3.262957 652.591392
 11.200000 1.513889 2.294542 0.780653 3.098503 2182.173349 1.555556 -10.523366 1000.000000 2.083333 -3.956059 100.000000 -14.479425 -400594.499028 1.579175 0.003510 0.702006 0.297550 4.426801 885.360114
 11.250000 1.498256 2.500459 1.002203 10.341306 5023.138631 1.555556 -10.523366 1000.000000 2.083333 -3.956059 100.000000 -14.479425 -400597.207606 1.556925 0.009621 1.924174 0.223445 2.496387 499.277351
 11.300000 1.534587 2.308720 0.774134 2.759812 947.682313 1.555556 -10.523366 1000.000000 2.083333 -3.956059 100.000000 -14.479425 -400592.712791 1.591992 0.022464 4.492767 0.225564 2.543955 508.790920
 11.350000 1.530070 2.406346 0.876276 5.541608 1692.891762 1.555556 -10.523366 1000.000000 2.083333 -3.956059 100.000000 -14.479425 -400594.115299 1.542766 0.039285 7.856951 0.291302 4.242838 848.567525
 11.400000 1.539810 2.423074 0.883264 5.895155 1402.169459 1.555556 -10.523366 1000.000000 2.083333 -3.956059 100.000000 -14.479425 -400593.640347 1.637306 0.221177 44.235317 0.231422 2.677797 535.559445
 11.450000 1.460959 2.387245 0.926286 9.092381 9872.137253 1.555556 -10.523366 1000.000000 2.083333 -3.956059 100.000000 -14.479425 -400592.062234 1.592756 0.024111 4.822272 0.217343 2.361905 472.380995
 11.500000 1.535844 2.383579 0.847736 4.701668 1290.042207 1.555556 -10.523366 1000.000000 2.083333 -3.956059 100.000000 -14.479425 -400593.095517 1.569869 0.000043 0.008604 0.287195 4.124061 824.812134
 11.550000 1.529604 2.354944 0.825340 4.025355 1411.203041 1.555556 -10.523366 1000.000000 2.083333 -3.956059 100.000000 -14.479425 -400590.622857 1.589731 0.017925 3.585034 0.207085 2.144213 428.842675
 11.600000 1.548085 2.451979 0.903894 6.822897 1414.804296 1.555556 -10.523366 1000.000000 2.083333 -3.956059 100.000000 -14.479425 -400596.931143 1.624931 0.146526 29.305160 0.269312 3.626449 725.289778
 11.650000 1.469335 2.293995 0.824660 5.935949 7877.845590 1.555556 -10.523366 1000.000000 2.083333 -3.956059 100.000000 -14.479425 -400593.349046 1.579235 0.003561 0.712186 0.253510 3.213362 642.672400
 11.700000 1.504358 2.497727 0.993369 9.896707 4338.411526 1.555556 -10.523366 1000.000000 2.083333 -3.956059 100.000000 -14.479425 -400599.082206 1.603143 0.052315 10.463100 0.234397 2.747107 549.421339
 11.750000 1.529894 2.295814 0.765920 2.586651 1109.984935 1.555556 -10.523366 1000.000000 2.083333 -3.956059 100.000000 -14.479425 -400590.059203 1.598053 0.037146 7.429293 0.220390 2.428578 485.715614
 11.800000 1.531901 2.448759 0.916858 6.956559 1894.910032 1.555556 -10.523366 1000.000000 2.083333 -3.956059 100.000000 -14.479425 -400594.156525 1.562118 0.003766 0.753124 0.289121 4.179536 835.907211
 11.850000 1.519559 2.326569 0.807010 3.606045 1887.366687 1.555556 -10.523366 1000.000000 2.083333 -3.956059 100.000000 -14.479425 -400591.830519 1.598648 0.038786 7.757177 0.220626 2.433785 486.756995
 11.900000 1.502784 2.482243 0.979458 9.348834 4376.089727 1.555556 -10.523366 1000.000000 2.083333 -3.956059 100.000000 -14.479425 -400595.718798 1.621199 0.127022 25.404456 0.227731 2.593069 518.613848
 11.950000 1.530059 2.223633 0.693574 1.309228 846.896982 1.555556 -10.523366 1000.000000 2.083333 -3.956059 100.000000 -14.479425 -400585.315630 1.556032 0.010899 2.179751 0.277914 3.861818 772.363695
 12.000000 1.485791 2.520868 1.035077 12.005380 6781.477093 1.555556 -10.523366 1000.000000 2.083333 -3.956059 100.000000 -14.479425 -400600.591862 1.617575 0.109413 21.882555 0.299287 4.478634 895.726816
 12.050000 1.508660 2.374051 0.865391 5.325451 3044.376803 1.555556 -10.523366 1000.000000 2.083333 -3.956059 100.000000 -14.479425 -400590.008013 1.649023 0.305972 61.194326 0.175663 1.542870 308.574081
 12.100000 1.564124 2.438018 0.873894 6.326784 1331.436031 1.555556 -10.523366 1000.000000 2.083333 -3.956059 100.000000 -14.479425 -400592.069325 1.536481 0.058878 11.775554 0.288920 4.173749 834.749709
 12.150000 1.523287 2.253294 0.730007 1.964976 1330.154643 1.555556 -10.523366 1000.000000 2.083333 -3.956059 100.000000 -14.479425 -400590.795558 1.590275 0.018970 3.794026 0.295960 4.379613 875.922549
 12.200000 1.513436 2.479699 0.966262 8.742282 3345.072543 1.555556 -10.523366 1000.000000 2.083333 -3.956059 100.000000 -14.479425 -400594.987680 1.644666 0.272839 54.567727 0.263297 3.466256 693.251268
 12.250000 1.546499 2.342970 0.796471 3.411577 756.129125 1.555556 -10.523366 1000.000000 2.083333 -3.956059 100.000000 -14.479425 -400588.064844 1.584087 0.008832 1.766315 0.179408 1.609367 321.873335
 12.300000 1.484012 2.416765 0.932753 8.118078 6230.238994 1.555556 -10.523366 1000.000000 2.083333 -3.956059 100.000000 -14.479425 -400597.835433 1.547208 0.027821 5.564288 0.296603 4.398682 879.736355
 12.350000 1.528767 2.384786 0.856019 4.902501 1626.345146 1.555556 -10.523366 1000.000000 2.083333 -3.956059 100.000000 -14.479425 -400590.688320 1.626421 0.154707 30.941469 0.254685 3.243232 648.646301
 12.400000 1.492249 2.434071 0.941823 8.154734 5237.932865 1.555556 -10.523366 1000.000000 2.083333 -3.956059 100.000000 -14.479425 -400594.552678 1.634982 0.205991 41.198103 0.224844 2.527752 505.550379
 12.450000 1.541441 2.406093 0.864652 5.308301 1240.969775 1.555556 -10.523366 1000.000000 2.083333 -3.956059 100.000000 -14.479425 -400594.578026 1.541098 0.044099 8.819766 0.275189 3.786458 757.291670
 12.500000 1.515751 2.362733 0.846982 4.695414 2365.070324 1.555556 -10.523366 1000.000000 2.083333 -3.956059 100.000000 -14.479425 -400593.946203 1.607863 0.068696 13.739214 0.266901 3.561818 712.363585
 12.550000 1.520720 2.449478 0.928758 7.309858 2554.156002 1.555556 -10.523366 1000.000000 2.083333 -3.956059 100.000000 -14.479425 -400595.747855 1.610792 0.079982 15.996435 0.216888 2.352027 470.405457
 12.600000 1.472209 2.323739 0.851531 6.363116 7524.675893 1.555556 -10.523366 1000.000000 2.083333 -3.956059 100.000000 -14.479425 -400596.040140 1.587322 0.013654 2.730859 0.253933 3.224103 644.820650
 12.650000 1.525239 2.449143 0.923904 7.150393 2257.289353 1.555556 -10.523366 1000.000000 2.083333 -3.956059 100.000000 -14.479425 -400597.680459 1.591447 0.021322 4.264322 0.278086 3.866592 773.318413
 12.700000 1.566931 2.320613 0.753683 2.879782 692.409581 1.555556 -10.523366 1000.000000 2.083333 -3.956059 100.000000 -14.479425 -400589.113809 1.603191 0.052471 10.494112 0.204038 2.081578 416.315521
 12.750000 1.535194 2.389081 0.853887 4.881367 1349.400454 1.555556 -10.523366 1000.000000 2.083333 -3.956059 100.000000 -14.479425 -400592.375356 1.558710 0.007303 1.460698 0.275512 3.795338 759.067679
 12.800000 1.492201 2.360477 0.868276 5.847349 4781.939576 1.555556 -10.523366 1000.000000 2.083333 -3.956059 100.000000 -14.479425 -400590.627072 1.559107 0.006832 1.366301 0.254153 3.229685 645.936949
 12.850000 1.473411 2.498589 1.025178 11.995710 8472.070458 1.555556 -10.523366 1000.000000 2.083333 -3.956059 100.000000 -14.479425 -400594.842164 1.658831 0.387501 77.500254 0.243828 2.972607 594.521365
 12.900000 1.554821 2.261260 0.706440 1.583174 317.120995 1.555556 -10.523366 1000.000000 2.083333 -3.956059 100.000000 -14.479425 -400579.575152 1.603748 0.054290 10.858014 0.220820 2.438075 487.615039
 12.950000 1.537592 2.443870 0.906278 6.660693 1622.554739 1.555556 -10.523366 1000.000000 2.083333 -3.956059 100.000000 -14.479425 -400590.648965 1.546216 0.030209 6.041835 0.299514 4.485423 897.084536
 13.000000 1.521262 2.347187 0.825924 4.068938 1872.205592 1.555556 -10.523366 1000.000000 2.083333 -3.956059 100.000000 -14.479425 -400588.968031 1.612867 0.088495 17.699098 0.191953 1.842293 368.458589
 13.050000 1.467520 2.496733 1.029212 12.420048 9459.165938 1.555556 -10.523366 1000.000000 2.083333 -3.956059 100.000000 -14.479425 -400597.660540 1.613589 0.091563 18.312521 0.282714 3.996368 799.273686
 13.100000 1.526978 2.197064 0.670086 1.055078 946.039863 1.555556 -10.523366 1000.000000 2.083333 -3.956059 100.000000 -14.479425 -400587.880649 1.592215 0.022938 4.587530 0.283083 4.006801 801.360215
 13.150000 1.519918 2.478355 0.958436 8.437103 2830.440069 1.555556 -10.523366 1000.000000 2.083333 -3.956059 100.000000 -14.479425 -400595.091810 1.577214 0.002059 0.411831 0.251479 3.162082 632.416436
 13.200000 1.517556 2.336578 0.819022 3.928619 2085.276592 1.555556 -10.523366 1000.000000 2.083333 -3.956059 100.000000 -14.479425 -400590.953873 1.604736 0.057595 11.518999 0.193904 1.879938 375.987609
 13.250000 1.539692 2.398010 0.858318 5.076908 1241.865869 1.555556 -10.523366 1000.000000 2.083333 -3.956059 100.000000 -14.479425 -400593.977140 1.563447 0.002700 0.540066 0.296746 4.402917 880.583337
 13.300000 1.507390 2.382923 0.875532 5.647639 3217.437761 1.555556 -10.523366 1000.000000 2.083333 -3.956059 100.000000 -14.479425 -400592.624103 1.635136 0.206982 41.396467 0.229135 2.625145 525.028997
 13.350000 1.494418 2.403441 0.909022 6.992319 4762.444788 1.555556 -10.523366 1000.000000 2.083333 -3.956059 100.000000 -14.479425 -400592.595669 1.587991 0.014783 2.956569 0.204033 2.081477 416.295365
 13.400000 1.492714 2.347382 0.854668 5.460608 4646.243254 1.555556 -10.523366 1000.000000 2.083333 -3.956059 100.000000 -14.479425 -400592.553916 1.586361 0.012112 2.422439 0.285696 4.081121 816.224251
 13.450000 1.582830 2.408796 0.825965 5.668238 1803.161406 1.555556 -10.523366 1000.000000 2.083333 -3.956059 100.000000 -14.479425 -400588.686574 1.634067 0.200157 40.031330 0.283449 4.017157 803.431480
 13.500000 1.541686 2.423927 0.882242 5.896402 1352.417028 1.555556 -10.523366 1000.000000 2.083333 -3.956059 100.000000 -14.479425 -400590.070773 1.594078 0.027102 5.420373 0.221186 2.446171 489.234128
 13.550000 1.497216 2.354477 0.857261 5.377689 4138.696305 1.555556 -10.523366 1000.000000 2.083333 -3.956059 100.000000 -14.479425 -400592.605784 1.581765 0.006015 1.203058 0.263537 3.472588 694.517630
 13.600000 1.490453 2.451453 0.961000 8.894794 5593.491411 1.555556 -10.523366 1000.000000 2.083333 -3.956059 100.000000 -14.479425 -400594.379853 1.620693 0.124484 24.896783 0.242893 2.949846 589.969225
 13.650000 1.558160 2.319758 0.761598 2.798223 565.750297 1.555556 -10.523366 1000.000000 2.083333 -3.956059 100.000000 -14.479425 -400590.380527 1.615413 0.099533 19.906518 0.235399 2.770641 554.128213
 13.700000 1.516077 2.479070 0.962993 8.609660 3124.610785 1.555556 -10.523366 1000.000000 2.083333 -3.956059 100.000000 -14.479425 -400594.402844 1.515823 0.151105 30.220916 0.272687 3.717917 743.583368
 13.750000 1.511682 2.290467 0.778784 3.107642 2353.896092 1.555556 -10.523366 1000.000000 2.083333 -3.956059 100.000000 -14.479425 -400591.041169 1.641850 0.252434 50.486874 0.221985 2.463860 492.771910
 13.800000 1.494481 2.461528 0.967047 9.016616 5160.439571 1.555556 -10.523366 1000.000000 2.083333 -3.956059 100.000000 -14.479425 -400597.195822 1.577804 0.002455 0.491071 0.240929 2.902350 580.469910
 13.850000 1.528866 2.309702 0.780837 2.918324 1224.778308 1.555556 -10.523366 1000.000000 2.083333 -3.956059 100.000000 -14.479425 -400587.224748 1.589462 0.017420 3.483969 0.252956 3.199326 639.865197
 13.900000 1.527966 2.436112 0.908146 6.603230 2005.689009 1.555556 -10.523366 1000.000000 2.083333 -3.956059 100.000000 -14.479425 -400594.041004 1.574988 0.000879 0.175710 0.244317 2.984532 596.906304
 13.950000 1.531483 2.295045 0.763562 2.530827 1027.700274 1.555556 -10.523366 1000.000000 2.083333 -3.956059 100.000000 -14.479425 -400587.814223 1.594507 0.028109 5.621847 0.203087 2.062217 412.443434
 14.000000 1.520317 2.396658 0.876341 5.529504 2223.486728 1.555556 -10.523366 1000.000000 2.083333 -3.956059 100.000000 -14.479425 -400595.118470 1.622554 0.133942 26.788378 0.284621 4.050451 810.090297
 14.050000 1.507844 2.376892 0.869047 5.447002 3138.115537 1.555556 -10.523366 1000.000000 2.083333 -3.956059 100.000000 -14.479425 -400588.186182 1.549611 0.022440 4.488024 0.216601 2.345790 469.157979
 14.100000 1.515770 2.405542 0.889772 5.982367 2621.069198 1.555556 -10.523366 1000.000000 2.083333 -3.956059 100.000000 -14.479425 -400593.384309 1.634744 0.204467 40.893435 0.254019 3.226290 645.257933
 14.150000 1.518030 2.299776 0.781745 3.046438 1876.624882 1.555556 -10.523366 1000.000000 2.083333 -3.956059 100.000000 -14.479425 -400588.269763 1.603689 0.054096 10.819228 0.264163 3.489115 697.823015
 14.200000 1.549211 2.425765 0.876554 5.883100 1212.846525 1.555556 -10.523366 1000.000000 2.083333 -3.956059 100.000000 -14.479425 -400593.998571 1.589875 0.018200 3.639929 0.244346 2.985240 597.047914
 14.250000 1.484450 2.372363 0.887913 6.704901 5891.375088 1.555556 -10.523366 1000.000000 2.083333 -3.956059 100.000000 -14.479425 -400591.048464 1.575945 0.001325 0.265040 0.204311 2.087155 417.430978
 14.300000 1.510710 2.390178 0.879468 5.713233 2952.620794 1.555556 -10.523366 1000.000000 2.083333 -3.956059 100.000000 -14.479425 -400593.137591 1.595192 0.029758 5.951548 0.259701 3.372219 674.443829
 14.350000 1.529562 2.337601 0.808039 3.570433 1322.190759 1.555556 -10.523366 1000.000000 2.083333 -3.956059 100.000000 -14.479425 -400590.310278 1.692789 0.744113 148.822686 0.252393 3.185119 637.023875
 14.400000 1.555582 2.401939 0.846357 5.075466 1015.093800 1.555556 -10.523366 1000.000000 2.083333 -3.956059 100.000000 -14.479425 -400591.214306 1.535105 0.063695 12.739044 0.242238 2.933962 586.792401
 14.450000 1.533567 2.386299 0.852732 4.831150 1401.357720 1.555556 -10.523366 1000.000000 2.083333 -3.956059 100.000000 -14.479425 -400593.819278 1.567479 0.000550 0.110015 0.265074 3.513221 702.644118
 14.500000 1.466992 2.370104 0.903113 8.033664 8665.951502 1.555556 -10.523366 1000.000000 2.083333 -3.956059 100.000000 -14.479425 -400593.543495 1.714285 1.029443 205.888661 0.266738 3.557458 711.491657
 14.550000 1.527831 2.374358 0.846527 4.619093 1615.605704 1.555556 -10.523366 1000.000000 2.083333 -3.956059 100.000000 -14.479425 -400588.411919 1.554847 0.012718 2.543698 0.216424 2.341957 468.391369
 14.600000 1.501048 2.395204 0.894156 6.348685 3943.688892 1.555556 -10.523366 1000.000000 2.083333 -3.956059 100.000000 -14.479425 -400589.350345 1.604004 0.055137 11.027482 0.244739 2.994849 598.969815
 14.650000 1.536646 2.387840 0.851194 4.815001 1284.821746 1.555556 -10.523366 1000.000000 2.083333 -3.956059 100.000000 -14.479425 -400592.215226 1.599677 0.041704 8.340832 0.267664 3.582213 716.442617
 14.700000 1.492908 2.372920 0.880012 6.155365 4763.293740 1.555556 -10.523366 1000.000000 2.083333 -3.956059 100.000000 -14.479425 -400589.822759 1.571594 0.000032 0.006356 0.218672 2.390876 478.175232
 14.750000 1.525608 2.374539 0.848931 4.688469 1744.848311 1.555556 -10.523366 1000.000000 2.083333 -3.956059 100.000000 -14.479425 -400591.108447 1.546128 0.030426 6.085143 0.244965 3.000397 600.079419
 14.800000 1.497588 2.418096 0.920509 7.283459 4480.946871 1.555556 -10.523366 1000.000000 2.083333 -3.956059 100.000000 -14.479425 -400592.930725 1.588433 0.015553 3.110580 0.268682 3.609507 721.901408
 14.850000 1.528363 2.370505 0.842142 4.493099 1564.122152 1.555556 -10.523366 1000.000000 2.083333 -3.956059 100.000000 -14.479425 -400589.689622 1.653414 0.341283 68.256700 0.247696 3.067659 613.531874
 14.900000 1.516095 2.382706 0.866610 5.259746 2453.340266 1.555556 -10.523366 1000.000000 2.083333 -3.956059 100.000000 -14.479425 -400590.017465 1.512455 0.170183 34.036609 0.231417 2.677699 535.539886
 14.950000 1.520165 2.384296 0.864131 5.155166 2158.280582 1.555556 -10.523366 1000.000000 2.083333 -3.956059 100.000000 -14.479425 -400590.341591 1.619207 0.117179 23.435861 0.280558 3.935649 787.129874
 15.000000 1.481479 2.455930 0.974452 9.685121 6875.670155 1.555556 -10.523366 1000.000000 2.083333 -3.956059 100.000000 -14.479425 -400594.693030 1.581944 0.006213 1.242663 0.219484 2.408669 481.733872
 15.050000 1.495224 2.355083 0.859858 5.512317 4378.338536 1.555556 -10.523366 1000.000000 2.083333 -3.956059 100.000000 -14.479425 -400593.428711 1.627627 0.161489 32.297706 0.229405 2.631328 526.265565
 15.100000 1.544701 2.391785 0.847084 4.816040 1069.253557 1.555556 -10.523366 1000.000000 2.083333 -3.956059 100.000000 -14.479425 -400593.721690 1.527910 0.091962 18.392474 0.277768 3.857745 771.549099
 15.150000 1.542061 2.377123 0.835063 4.406681 1045.240309 1.555556 -10.523366 1000.000000 2.083333 -3.956059 100.000000 -14.479425 -400593.921210 1.573578 0.000387 0.077400 0.242385 2.937530 587.506062
 15.200000 1.490915 2.375378 0.884463 6.353724 5031.355265 1.555556 -10.523366 1000.000000 2.083333 -3.956059 100.000000 -14.479425 -400593.247408 1.600865 0.045206 9.041202 0.224189 2.513026 502.605178
 15.250000 1.466926 2.396714 0.929787 8.837930 8837.210414 1.555556 -10.523366 1000.000000 2.083333 -3.956059 100.000000 -14.479425 -400598.223443 1.569401 0.000097 0.019478 0.238413 2.842037 568.407465
 15.300000 1.549992 2.418754 0.868762 5.640842 1156.024818 1.555556 -10.523366 1000.000000 2.083333 -3.956059 100.000000 -14.479425 -400592.878563 1.628063 0.163974 32.794771 0.259180 3.358720 671.743912
 15.350000 1.562342 2.344538 0.782196 3.434430 728.335800 1.555556 -10.523366 1000.000000 2.083333 -3.956059 100.000000 -14.479425 -400589.113285 1.562575 0.003379 0.675890 0.222345 2.471865 494.372912
 15.400000 1.517092 2.331661 0.814569 3.823045 2096.099173 1.555556 -10.523366 1000.000000 2.083333 -3.956059 100.000000 -14.479425 -400590.548745 1.576459 0.001603 0.320612 0.265286 3.518840 703.768071
 15.450000 1.483405 2.441588 0.958182 9.020153 6489.160201 1.555556 -10.523366 1000.000000 2.083333 -3.956059 100.000000 -14.479425 -400596.510755 1.580180 0.004403 0.880613 0.233160 2.718178 543.635695
 15.500000 1.519506 2.427707 0.908201 6.579439 2485.511946 1.555556 -10.523366 1000.000000 2.083333 -3.956059 100.000000 -14.479425 -400589.628781 1.671379 0.505849 101.169728 0.268074 3.593195 718.639043
 15.550000 1.498416 2.363777 0.865361 5.564891 4051.410620 1.555556 -10.523366 1000.000000 2.083333 -3.956059 100.000000 -14.479425 -400593.890690 1.543683 0.036756 7.351104 0.252702 3.192914 638.582730
 15.600000 1.500468 2.385512 0.885044 6.082931 3947.781058 1.555556 -10.523366 1000.000000 2.083333 -3.956059 100.000000 -14.479425 -400592.483157 1.574490 0.000682 0.136456 0.231224 2.673223 534.644511
 15.650000 1.537291 2.423831 0.886539 5.963712 1492.964041 1.555556 -10.523366 1000.000000 2.083333 -3.956059 100.000000 -14.479425 -400596.051906 1.595396 0.030257 6.051325 0.241709 2.921160 584.231902
 15.700000 1.538346 2.367456 0.829111 4.184383 1103.431140 1.555556 -10.523366 1000.000000 2.083333 -3.956059 100.000000 -14.479425 -400593.565169 1.566660 0.000856 0.171117 0.261281 3.413377 682.675318
 15.750000 1.512122 2.347213 0.835091 4.424864 2582.818757 1.555556 -10.523366 1000.000000 2.083333 -3.956059 100.000000 -14.479425 -400589.214185 1.570303 0.000012 0.002433 0.249358 3.108960 621.791998
 15.800000 1.489099 2.414011 0.924913 7.675654 5509.991195 1.555556 -10.523366 1000.000000 2.083333 -3.956059 100.000000 -14.479425 -400589.198291 1.589348 0.017209 3.441823 0.202444 2.049178 409.835607
 15.850000 1.513470 2.391613 0.878143 5.637411 2721.556574 1.555556 -10.523366 1000.000000 2.083333 -3.956059 100.000000 -14.479425 -400593.720914 1.644721 0.273240 54.647984 0.302789 4.584049 916.809869
 15.900000 1.546225 2.330540 0.784314 3.099077 698.161933 1.555556 -10.523366 1000.000000 2.083333 -3.956059 100.000000 -14.479425 -400585.902189 1.564079 0.002256 0.451217 0.240332 2.887981 577.596206
 15.950000 1.561474 2.407672 0.846198 5.277296 1086.981863 1.555556 -10.523366 1000.000000 2.083333 -3.956059 100.000000 -14.479425 -400591.290153 1.607402 0.066998 13.399513 0.242294 2.935327 587.065376
 16.000000 1.487202 2.373403 0.886201 6.543111 5513.601748 1.555556 -10.523366 1000.000000 2.083333 -3.956059 100.000000 -14.479425 -400593.773002 1.584820 0.009834 1.966722 0.246388 3.035341 607.068106
 16.050000 1.487102 2.420590 0.933488 8.030040 5823.273723 1.555556 -10.523366 1000.000000 2.083333 -3.956059 100.000000 -14.479425 -400596.470984 1.575537 0.001124 0.224767 0.261979 3.431660 686.332005
 16.100000 1.519590 2.353835 0.834245 4.305323 2025.254116 1.555556 -10.523366 1000.000000 2.083333 -3.956059 100.000000 -14.479425 -400593.861510 1.588666 0.015966 3.193114 0.213597 2.281188 456.237591
 16.150000 1.544875 2.431186 0.886311 6.107100 1324.095789 1.555556 -10.523366 1000.000000 2.083333 -3.956059 100.000000 -14.479425 -400596.840441 1.556952 0.009583 1.916571 0.281851 3.971998 794.399534
 16.200000 1.524728 2.315712 0.790984 3.175170 1490.338602 1.555556 -10.523366 1000.000000 2.083333 -3.956059 100.000000 -14.479425 -400592.336035 1.604575 0.057051 11.410250 0.254250 3.232165 646.432902
 16.250000 1.512737 2.460257 0.947520 8.020291 3254.127333 1.555556 -10.523366 1000.000000 2.083333 -3.956059 100.000000 -14.479425 -400596.133472 1.580510 0.004717 0.943495 0.224374 2.517186 503.437250
 16.300000 1.502079 2.372694 0.870615 5.616341 3697.013414 1.555556 -10.523366 1000.000000 2.083333 -3.956059 100.000000 -14.479425 -400592.041504 1.617270 0.107989 21.597834 0.271414 3.683289 736.657726
 16.350000 1.544183 2.393252 0.849070 4.867159 1089.840126 1.555556 -10.523366 1000.000000 2.083333 -3.956059 100.000000 -14.479425 -400591.266813 1.529813 0.083982 16.796387 0.258552 3.342457 668.491412
 16.400000 1.539097 2.383897 0.844801 4.652384 1174.277101 1.555556 -10.523366 1000.000000 2.083333 -3.956059 100.000000 -14.479425 -400591.565197 1.647668 0.295466 59.093122 0.241498 2.916061 583.212106
 16.450000 1.478838 2.360753 0.881915 6.790856 6655.166431 1.555556 -10.523366 1000.000000 2.083333 -3.956059 100.000000 -14.479425 -400593.967897 1.590025 0.018487 3.697325 0.270695 3.663797 732.759485
 16.500000 1.531984 2.425864 0.893880 6.144172 1728.885002 1.555556 -10.523366 1000.000000 2.083333 -3.956059 100.000000 -14.479425 -400595.755100 1.545996 0.030754 6.150759 0.268678 3.609396 721.879230
 16.550000 1.537815 2.328502 0.790687 3.162748 915.812390 1.555556 -10.523366 1000.000000 2.083333 -3.956059 100.000000 -14.479425 -400591.443130 1.641363 0.248982 49.796467 0.213670 2.282747 456.549301
 16.600000 1.504021 2.441101 0.937081 7.727824 3935.833320 1.555556 -10.523366 1000.000000 2.083333 -3.956059 100.000000 -14.479425 -400596.619364 1.597602 0.035927 7.185478 0.264844 3.507123 701.424640
 16.650000 1.511179 2.307544 0.796365 3.498146 2471.950850 1.555556 -10.523366 1000.000000 2.083333 -3.956059 100.000000 -14.479425 -400593.157399 1.595590 0.030736 6.147183 0.248248 3.081365 616.272940
 16.700000 1.532370 2.462958 0.930588 7.474526 1978.716169 1.555556 -10.523366 1000.000000 2.083333 -3.956059 100.000000 -14.479425 -400593.571409 1.572725 0.000186 0.037190 0.213932 2.288349 457.669754
 16.750000 1.529639 2.270778 0.741138 2.092595 1022.999088 1.555556 -10.523366 1000.000000 2.083333 -3.956059 100.000000 -14.479425 -400589.322770 1.621081 0.126427 25.285499 0.236888 2.805803 561.160500
 16.800000 1.498095 2.394437 0.896341 6.490100 4269.520696 1.555556 -10.523366 1000.000000 2.083333 -3.956059 100.000000 -14.479425 -400596.431639 1.615269 0.098890 19.777955 0.276445 3.821088 764.217678
 16.850000 1.529253 2.394731 0.865478 5.194330 1661.489063 1.555556 -10.523366 1000.000000 2.083333 -3.956059 100.000000 -14.479425 -400593.407598 1.570661 0.000001 0.000183 0.208877 2.181485 436.296968
 16.900000 1.505133 2.393700 0.888567 6.087582 3505.671548 1.555556 -10.523366 1000.000000 2.083333 -3.956059 100.000000 -14.479425 -400596.358831 1.618008 0.111445 22.289083 0.254999 3.251230 650.245975
 16.950000 1.518199 2.263150 0.744951 2.314458 1718.859004 1.555556 -10.523366 1000.000000 2.083333 -3.956059 100.000000 -14.479425 -400589.715763 1.592480 0.023510 4.702009 0.255149 3.255057 651.011475
 17.000000 1.550410 2.433293 0.882883 6.136827 1251.195894 1.555556 -10.523366 1000.000000 2.083333 -3.956059 100.000000 -14.479425 -400591.781620 1.549848 0.021942 4.388448 0.244762 2.995413 599.082552
 17.050000 1.520329 2.377711 0.857382 4.953366 2107.479561 1.555556 -10.523366 1000.000000 2.083333 -3.956059 100.000000 -14.479425 -400594.619271 1.621259 0.127325 25.465059 0.225902 2.551592 510.318329
 17.100000 1.479569 2.376900 0.897331 7.196014 6635.700644 1.555556 -10.523366 1000.000000 2.083333 -3.956059 100.000000 -14.479425 -400592.927682 1.616528 0.104570 20.914048 0.273624 3.743516 748.703252
 17.150000 1.497104 2.453024 0.955920 8.541848 4783.308109 1.555556 -10.523366 1000.000000 2.083333 -3.956059 100.000000 -14.479425 -400596.377724 1.582104 0.006393 1.278665 0.239343 2.864247 572.849500
 17.200000 1.524455 2.295307 0.770852 2.730265 1416.585871 1.555556 -10.523366 1000.000000 2.083333 -3.956059 100.000000 -14.479425 -400590.577706 1.552041 0.017589 3.517713 0.201819 2.036552 407.310403
 17.250000 1.537424 2.393730 0.856306 4.981670 1292.216804 1.555556 -10.523366 1000.000000 2.083333 -3.956059 100.000000 -14.479425 -400594.051151 1.614453 0.095297 19.059303 0.293954 4.320449 864.089707
 17.300000 1.543583 2.370383 0.826800 4.191536 967.310809 1.555556 -10.523366 1000.000000 2.083333 -3.956059 100.000000 -14.479425 -400590.963669 1.628755 0.167959 33.591885 0.232738 2.708347 541.669412
 17.350000 1.486845 2.459414 0.972569 9.432395 6135.519930 1.555556 -10.523366 1000.000000 2.083333 -3.956059 100.000000 -14.479425 -400597.380635 1.556271 0.010549 2.109816 0.230871 2.665060 533.011968
 17.400000 1.496334 2.276788 0.780455 3.624854 3881.474729 1.555556 -10.523366 1000.000000 2.083333 -3.956059 100.000000 -14.479425 -400591.890015 1.602658 0.050759 10.151857 0.233938 2.736353 547.270604
 17.450000 1.544753 2.462519 0.917765 7.247414 1554.502164 1.555556 -10.523366 1000.000000 2.083333 -3.956059 100.000000 -14.479425 -400595.145380 1.622848 0.135467 27.093405 0.275552 3.796458 759.291573
 17.500000 1.569612 2.347388 0.777776 3.585041 894.842891 1.555556 -10.523366 1000.000000 2.083333 -3.956059 100.000000 -14.479425 -400589.637738 1.565408 0.001452 0.290375 0.221814 2.460066 492.013209
 17.550000 1.490206 2.395564 0.905358 7.009688 5245.444208 1.555556 -10.523366 1000.000000 2.083333 -3.956059 100.000000 -14.479425 -400596.211436 1.589801 0.018059 3.611739 0.267017 3.564917 712.983383
 17.600000 1.482463 2.353606 0.871143 6.323610 6072.949377 1.555556 -10.523366 1000.000000 2.083333 -3.956059 100.000000 -14.479425 -400593.976659 1.657728 0.377856 75.571179 0.228830 2.618157 523.631314
 17.650000 1.511525 2.433233 0.921708 7.090834 3163.016053 1.555556 -10.523366 1000.000000 2.083333 -3.956059 100.000000 -14.479425 -400591.958368 1.546910 0.028528 5.705514 0.220054 2.421191 484.238100
 17.700000 1.548146 2.322561 0.774415 2.888939 627.202690 1.555556 -10.523366 1000.000000 2.083333 -3.956059 100.000000 -14.479425 -400589.783578 1.555293 0.012017 2.403421 0.265624 3.527798 705.559571
 17.750000 1.529184 2.432671 0.903486 6.449550 1915.809872 1.555556 -10.523366 1000.000000 2.083333 -3.956059 100.000000 -14.479425 -400591.836363 1.630383 0.177531 35.506237 0.262289 3.439763 687.952629
 17.800000 1.523719 2.419246 0.895527 6.148657 2141.955326 1.555556 -10.523366 1000.000000 2.083333 -3.956059 100.000000 -14.479425 -400592.091419 1.643384 0.263449 52.689836 0.227699 2.592343 518.468502
 17.850000 1.496772 2.349263 0.852490 5.263654 4162.647936 1.555556 -10.523366 1000.000000 2.083333 -3.956059 100.000000 -14.479425 -400591.781067 1.491519 0.314241 62.848166 0.250394 3.134864 626.972809
 17.900000 1.505455 2.378749 0.873294 5.618540 3382.756553 1.555556 -10.523366 1000.000000 2.083333 -3.956059 100.000000 -14.479425 -400593.657704 1.635103 0.206766 41.353108 0.256034 3.277682 655.536364
 17.950000 1.523944 2.412502 0.888558 5.917249 2082.797062 1.555556 -10.523366 1000.000000 2.083333 -3.956059 100.000000 -14.479425 -400594.480286 1.650937 0.321127 64.225463 0.218360 2.384053 476.810529
 18.000000 1.506642 2.384625 0.877983 5.735105 3300.288821 1.555556 -10.523366 1000.000000 2.083333 -3.956059 100.000000 -14.479425 -400594.605413 1.532284 0.074161 14.832112 0.271044 3.673241 734.648249
 18.050000 1.545472 2.305654 0.760182 2.522162 595.946221 1.555556 -10.523366 1000.000000 2.083333 -3.956059 100.000000 -14.479425 -400590.834299 1.548308 0.025287 5.057429 0.233736 2.731630 546.326036
 18.100000 1.491336 2.464222 0.972886 9.315884 5574.933530 1.555556 -10.523366 1000.000000 2.083333 -3.956059 100.000000 -14.479425 -400597.937293 1.666711 0.459977 91.995360 0.226531 2.565809 513.161807
 18.150000 1.506360 2.353178 0.846819 4.850936 3148.403701 1.555556 -10.523366 1000.000000 2.083333 -3.956059 100.000000 -14.479425 -400593.037128 1.584374 0.009217 1.843490 0.261698 3.424293 684.858510
 18.200000 1.513660 2.377899 0.864239 5.216067 2622.925970 1.555556 -10.523366 1000.000000 2.083333 -3.956059 100.000000 -14.479425 -400592.728365 1.529197 0.086526 17.305299 0.233293 2.721279 544.255869
 18.250000 1.585237 2.377943 0.792706 4.780224 1748.923757 1.555556 -10.523366 1000.000000 2.083333 -3.956059 100.000000 -14.479425 -400591.175299 1.617837 0.110643 22.128550 0.239011 2.856302 571.260364
 18.300000 1.492049 2.380579 0.888530 6.434274 4916.611183 1.555556 -10.523366 1000.000000 2.083333 -3.956059 100.000000 -14.479425 -400595.931488 1.580529 0.004736 0.947251 0.267005 3.564584 712.916717
 18.350000 1.491574 2.399336 0.907763 7.039747 5092.280208 1.555556 -10.523366 1000.000000 2.083333 -3.956059 100.000000 -14.479425 -400593.068054 1.588699 0.016026 3.205123 0.223329 2.493782 498.756416
 18.400000 1.513317 2.375991 0.862674 5.174489 2640.601330 1.555556 -10.523366 1000.000000 2.083333 -3.956059 100.000000 -14.479425 -400593.554520 1.614235 0.094347 18.869388 0.212010 2.247409 449.481777
 18.450000 1.554735 2.387742 0.833007 4.633581 927.321861 1.555556 -10.523366 1000.000000 2.083333 -3.956059 100.000000 -14.479425 -400593.936308 1.627835 0.162672 32.534374 0.292440 4.276046 855.209193
 18.500000 1.512738 2.393751 0.881012 5.734607 2796.898156 1.555556 -10.523366 1000.000000 2.083333 -3.956059 100.000000 -14.479425 -400595.071590 1.539382 0.049342 9.868485 0.222197 2.468581 493.716297
 18.550000 1.504053 2.379971 0.875918 5.725965 3532.499672 1.555556 -10.523366 1000.000000 2.083333 -3.956059 100.000000 -14.479425 -400595.095426 1.616315 0.103600 20.719909 0.247364 3.059459 611.891744
 18.600000 1.508028 2.386819 0.878791 5.734604 3179.898657 1.555556 -10.523366 1000.000000 2.083333 -3.956059 100.000000 -14.479425 -400595.615621 1.632658 0.191342 38.268490 0.268203 3.596643 719.328559
 18.650000 1.522991 2.423431 0.900440 6.313536 2217.097935 1.555556 -10.523366 1000.000000 2.083333 -3.956059 100.000000 -14.479425 -400594.623187 1.581695 0.005939 1.187761 0.232310 2.698397 539.679369
 18.700000 1.512782 2.383520 0.870738 5.420386 2730.696513 1.555556 -10.523366 1000.000000 2.083333 -3.956059 100.000000 -14.479425 -400593.344342 1.560384 0.005421 1.084214 0.238241 2.837941 567.588185
 18.750000 1.514498 2.339955 0.825457 4.135606 2344.268603 1.555556 -10.523366 1000.000000 2.083333 -3.956059 100.000000 -14.479425 -400591.463779 1.602942 0.051667 10.333395 0.276789 3.830619 766.123731
 18.800000 1.529188 2.468892 0.939704 7.780408 2181.801603 1.555556 -10.523366 1000.000000 2.083333 -3.956059 100.000000 -14.479425 -400596.810788 1.619441 0.118313 23.662665 0.223433 2.496122 499.224422
 18.850000 1.507419 2.307194 0.799775 3.664241 2818.269103 1.555556 -10.523366 1000.000000 2.083333 -3.956059 100.000000 -14.479425 -400589.983978 1.546664 0.029118 5.823621 0.232496 2.702730 540.546066
 18.900000 1.537773 2.375046 0.837272 4.412907 1167.168613 1.555556 -10.523366 1000.000000 2.083333 -3.956059 100.000000 -14.479425 -400594.978154 1.588899 0.016386 3.277231 0.293392 4.303954 860.790772
 18.950000 1.530188 2.412450 0.882261 5.737620 1726.663365 1.555556 -10.523366 1000.000000 2.083333 -3.956059 100.000000 -14.479425 -400594.167951 1.621934 0.130751 26.150227 0.210793 2.221688 444.337538
 19.000000 1.512778 2.377276 0.864498 5.235075 2693.927526 1.555556 -10.523366 1000.000000 2.083333 -3.956059 100.000000 -14.479425 -400593.892886 1.576087 0.001399 0.279898 0.249566 3.114152 622.830323
 19.050000 1.463390 2.360612 0.897221 8.091367 9263.242209 1.555556 -10.523366 1000.000000 2.083333 -3.956059 100.000000 -14.479425 -400595.868462 1.564420 0.002033 0.406606 0.239411 2.865876 573.175277
 19.100000 1.539398 2.420251 0.880854 5.806226 1396.208877 1.555556 -10.523366 1000.000000 2.083333 -3.956059 100.000000 -14.479425 -400590.623491 1.644298 0.270122 54.024470 0.244274 2.983490 596.697941
 19.150000 1.532591 2.461920 0.929330 7.430103 1960.669372 1.555556 -10.523366 1000.000000 2.083333 -3.956059 100.000000 -14.479425 -400595.438725 1.615240 0.098764 19.752822 0.257657 3.319349 663.869747
 19.200000 1.534891 2.300148 0.765257 2.563937 897.099992 1.555556 -10.523366 1000.000000 2.083333 -3.956059 100.000000 -14.479425 -400590.494788 1.567794 0.000451 0.090120 0.262313 3.440403 688.080549
 19.250000 1.479861 2.440510 0.960650 9.243624 7005.451695 1.555556 -10.523366 1000.000000 2.083333 -3.956059 100.000000 -14.479425 -400596.039839 1.564457 0.002010 0.401924 0.222178 2.468155 493.630973
 19.300000 1.525338 2.319752 0.794413 3.251220 1472.015505 1.555556 -10.523366 1000.000000 2.083333 -3.956059 100.000000 -14.479425 -400590.472528 1.611545 0.083025 16.604949 0.233159 2.718151 543.630175
 19.350000 1.520458 2.514738 0.994280 9.921412 3092.912908 1.555556 -10.523366 1000.000000 2.083333 -3.956059 100.000000 -14.479425 -400595.507563 1.608910 0.072632 14.526430 0.295996 4.380683 876.136569
 19.400000 1.523276 2.281924 0.758648 2.492890 1436.324795 1.555556 -10.523366 1000.000000 2.083333 -3.956059 100.000000 -14.479425 -400589.815538 1.621574 0.128920 25.784066 0.207875 2.160609 432.121759
 19.450000 1.485708 2.530738 1.045030 12.447885 6880.409822 1.555556 -10.523366 1000.000000 2.083333 -3.956059 100.000000 -14.479425 -400597.276293 1.537017 0.057052 11.410492 0.251973 3.174511 634.902161
 19.500000 1.523279 2.254268 0.730989 1.981811 1333.935791 1.555556 -10.523366 1000.000000 2.083333 -3.956059 100.000000 -14.479425 -400588.851951 1.589225 0.016981 3.396279 0.248038 3.076143 615.228621
 19.550000 1.540846 2.529654 0.988808 10.068294 2208.381249 1.555556 -10.523366 1000.000000 2.083333 -3.956059 100.000000 -14.479425 -400597.310601 1.617877 0.110831 22.166185 0.275705 3.800665 760.133056
 19.600000 1.507798 2.290645 0.782847 3.289312 2710.582390 1.555556 -10.523366 1000.000000 2.083333 -3.956059 100.000000 -14.479425 -400590.732729 1.601976 0.048609 9.721748 0.210869 2.223293 444.658602
 19.650000 1.492016 2.479207 0.987191 9.854413 5604.405824 1.555556 -10.523366 1000.000000 2.083333 -3.956059 100.000000 -14.479425 -400596.169790 1.549311 0.023081 4.616257 0.271295 3.680037 736.007367
 19.700000 1.532561 2.291745 0.759184 2.436152 963.102612 1.555556 -10.523366 1000.000000 2.083333 -3.956059 100.000000 -14.479425 -400591.601389 1.618683 0.114657 22.931495 0.210612 2.217880 443.575940
 19.750000 1.550036 2.483446 0.933410 8.019745 1631.371826 1.555556 -10.523366 1000.000000 2.083333 -3.956059 100.000000 -14.479425 -400595.175147 1.628157 0.164510 32.902075 0.288153 4.151608 830.321563
 19.800000 1.508395 2.328767 0.820373 4.123974 2826.538479 1.555556 -10.523366 1000.000000 2.083333 -3.956059 100.000000 -14.479425 -400590.436533 1.547641 0.026808 5.361533 0.239634 2.871211 574.242238
 19.850000 1.504878 2.403648 0.898769 6.414147 3594.179585 1.555556 -10.523366 1000.000000 2.083333 -3.956059 100.000000 -14.479425 -400594.239285 1.595590 0.030735 6.147063 0.229365 2.630410 526.082015
 19.900000 1.529651 2.364821 0.835169 4.297266 1463.378430 1.555556 -10.523366 1000.000000 2.083333 -3.956059 100.000000 -14.479425 -400593.620354 1.603323 0.052900 10.579994 0.245631 3.016737 603.347454
 19.950000 1.540603 2.398650 0.858047 5.083005 1217.822118 1.555556 -10.523366 1000.000000 2.083333 -3.956059 100.000000 -14.479425 -400595.040792 1.568266 0.000320 0.064023 0.271796 3.693646 738.729197
 20.000000 1.504849 2.440225 0.935376 7.654179 3844.891591 1.555556 -10.523366 1000.000000 2.083333 -3.956059 100.000000 -14.479425 -400597.071993 1.583489 0.008056 1.611111 0.231219 2.673103 534.620594
 20.050000 1.510556 2.371730 0.861174 5.171100 2856.678458 1.555556 -10.523366 1000.000000 2.083333 -3.956059 100.000000 -14.479425 -400590.922681 1.614316 0.094699 18.939895 0.252969 3.199660 639.931950
 20.100000 1.496033 2.361231 0.865199 5.632850 4315.243195 1.555556 -10.523366 1000.000000 2.083333 -3.956059 100.000000 -14.479425 -400592.398543 1.596986 0.034294 6.858862 0.290454 4.218185 843.636996
 20.150000 1.517766 2.413166 0.895401 6.153525 2515.975146 1.555556 -10.523366 1000.000000 2.083333 -3.956059 100.000000 -14.479425 -400592.565923 1.564795 0.001801 0.360126 0.226225 2.558881 511.776259
 20.200000 1.499853 2.461208 0.961355 8.690828 4530.637879 1.555556 -10.523366 1000.000000 2.083333 -3.956059 100.000000 -14.479425 -400595.298270 1.643863 0.266933 53.386671 0.254581 3.240575 648.115035
 20.250000 1.533550 2.335241 0.801691 3.414986 1118.803506 1.555556 -10.523366 1000.000000 2.083333 -3.956059 100.000000 -14.479425 -400590.559332 1.533049 0.071245 14.248959 0.278379 3.874755 774.950981
 20.300000 1.521094 2.421136 0.900042 6.299337 2328.724639 1.555556 -10.523366 1000.000000 2.083333 -3.956059 100.000000 -14.479425 -400594.909328 1.597045 0.034449 6.889891 0.255594 3.266416 653.283139
 20.350000 1.506233 2.365417 0.859184 5.194912 3228.393836 1.555556 -10.523366 1000.000000 2.083333 -3.956059 100.000000 -14.479425 -400588.555800 1.594621 0.028381 5.676265 0.200645 2.012916 402.583231
 20.400000 1.506505 2.439711 0.933206 7.553245 3676.011808 1.555556 -10.523366 1000.000000 2.083333 -3.956059 100.000000 -14.479425 -400598.466167 1.609429 0.074623 14.924537 0.285994 4.089625 817.925045
 20.450000 1.518686 2.297854 0.779168 2.980626 1819.541946 1.555556 -10.523366 1000.000000 2.083333 -3.956059 100.000000 -14.479425 -400590.599754 1.577348 0.002147 0.429306 0.234977 2.760720 552.143935
 20.500000 1.523926 2.484554 0.960629 8.549142 2610.238180 1.555556 -10.523366 1000.000000 2.083333 -3.956059 100.000000 -14.479425 -400596.893730 1.599514 0.041236 8.247180 0.240529 2.892703 578.540501
 20.550000 1.499909 2.323752 0.823843 4.438304 3674.502241 1.555556 -10.523366 1000.000000 2.083333 -3.956059 100.000000 -14.479425 -400594.397407 1.619330 0.117775 23.554954 0.246193 3.030553 606.110638
 20.600000 1.540675 2.435769 0.895094 6.321246 1463.534451 1.555556 -10.523366 1000.000000 2.083333 -3.956059 100.000000 -14.479425 -400592.823216 1.527309 0.094559 18.911840 0.259041 3.355111 671.022276
 20.650000 1.523383 2.332240 0.808857 3.615261 1654.616225 1.555556 -10.523366 1000.000000 2.083333 -3.956059 100.000000 -14.479425 -400590.944982 1.595122 0.029588 5.917591 0.216473 2.343021 468.604141
 20.700000 1.511982 2.437450 0.925468 7.219264 3152.653130 1.555556 -10.523366 1000.000000 2.083333 -3.956059 100.000000 -14.479425 -400595.967640 1.584750 0.009736 1.947165 0.250831 3.145798 629.159602
 20.750000 1.483050 2.364229 0.881180 6.573672 6046.110015 1.555556 -10.523366 1000.000000 2.083333 -3.956059 100.000000 -14.479425 -400593.128893 1.646166 0.284030 56.805964 0.269193 3.623239 724.647887
 20.800000 1.550457 2.405658 0.855201 5.207645 1064.926764 1.555556 -10.523366 1000.000000 2.083333 -3.956059 100.000000 -14.479425 -400591.594743 1.565359 0.001478 0.295593 0.233654 2.729700 545.940069
 20.850000 1.510602 2.426158 0.915556 6.886846 3196.096206 1.555556 -10.523366 1000.000000 2.083333 -3.956059 100.000000 -14.479425 -400593.285316 1.618501 0.113788 22.757626 0.256947 3.301097 660.219359
 20.900000 1.509289 2.343121 0.833832 4.444781 2815.489060 1.555556 -10.523366 1000.000000 2.083333 -3.956059 100.000000 -14.479425 -400592.769728 1.592257 0.023027 4.605463 0.256104 3.279455 655.891014
 20.950000 1.516157 2.425594 0.909437 6.633248 2723.655420 1.555556 -10.523366 1000.000000 2.083333 -3.956059 100.000000 -14.479425 -400595.708312 1.603871 0.054697 10.939492 0.231509 2.679831 535.966256
 21.000000 1.532746 2.360220 0.827474 4.093448 1286.931889 1.555556 -10.523366 1000.000000 2.083333 -3.956059 100.000000 -14.479425 -400593.434560 1.597542 0.035767 7.153430 0.247451 3.061590 612.318008
 21.050000 1.515803 2.466214 0.950411 8.120007 3046.244945 1.555556 -10.523366 1000.000000 2.083333 -3.956059 100.000000 -14.479425 -400595.846783 1.545552 0.031865 6.372999 0.281763 3.969519 793.903791
 21.100000 1.490921 2.332162 0.841242 5.184632 4796.845888 1.555556 -10.523366 1000.000000 2.083333 -3.956059 100.000000 -14.479425 -400591.688597 1.712547 1.004658 200.931555 0.244551 2.990271 598.054217
 21.150000 1.510425 2.471841 0.961416 8.565283 3546.128901 1.555556 -10.523366 1000.000000 2.083333 -3.956059 100.000000 -14.479425 -400597.816326 1.562038 0.003835 0.767074 0.254747 3.244799 648.959767
 21.200000 1.511139 2.286739 0.775601 3.055125 2386.585832 1.555556 -10.523366 1000.000000 2.083333 -3.956059 100.000000 -14.479425 -400591.772371 1.565020 0.001668 0.333618 0.219734 2.414143 482.828546
 21.250000 1.513957 2.476290 0.962333 8.585960 3274.568504 1.555556 -10.523366 1000.000000 2.083333 -3.956059 100.000000 -14.479425 -400598.394733 1.579767 0.004024 0.804753 0.254769 3.245362 649.072439
 21.300000 1.525443 2.308663 0.783220 2.992064 1414.500667 1.555556 -10.523366 1000.000000 2.083333 -3.956059 100.000000 -14.479425 -400592.322995 1.609749 0.075864 15.172777 0.240358 2.888591 577.718129
 21.350000 1.543403 2.401135 0.857732 5.123746 1157.667132 1.555556 -10.523366 1000.000000 2.083333 -3.956059 100.000000 -14.479425 -400591.341643 1.537722 0.054694 10.938805 0.251052 3.151355 630.271040
 21.400000 1.512093 2.347882 0.835789 4.443800 2588.873431 1.555556 -10.523366 1000.000000 2.083333 -3.956059 100.000000 -14.479425 -400594.058557 1.589047 0.016654 3.330748 0.205934 2.120439 424.087739
 21.450000 1.479410 2.434333 0.954923 9.059130 7030.194618 1.555556 -10.523366 1000.000000 2.083333 -3.956059 100.000000 -14.479425 -400596.217108 1.690204 0.712911 142.582216 0.296138 4.384873 876.974560
 21.500000 1.507048 2.329162 0.822114 4.198082 2957.298452 1.555556 -10.523366 1000.000000 2.083333 -3.956059 100.000000 -14.479425 -400591.559849 1.537553 0.055257 11.051413 0.245827 3.021550 604.309996
 21.550000 1.549797 2.396083 0.846286 4.907186 1011.284091 1.555556 -10.523366 1000.000000 2.083333 -3.956059 100.000000 -14.479425 -400592.729708 1.568658 0.000229 0.045722 0.224866 2.528241 505.648185
 21.600000 1.532938 2.384665 0.851727 4.795810 1419.568028 1.555556 -10.523366 1000.000000 2.083333 -3.956059 100.000000 -14.479425 -400592.555574 1.597802 0.036465 7.292962 0.250966 3.149203 629.840603
 21.650000 1.481664 2.393963 0.912299 7.554541 6424.895732 1.555556 -10.523366 1000.000000 2.083333 -3.956059 100.000000 -14.479425 -400597.157645 1.607812 0.068508 13.701660 0.264749 3.504600 700.919987
 21.700000 1.502708 2.422768 0.920060 7.157231 3945.048249 1.555556 -10.523366 1000.000000 2.083333 -3.956059 100.000000 -14.479425 -400596.271417 1.554137 0.013877 2.775414 0.204657 2.094231 418.846138
 21.750000 1.542529 2.341098 0.798568 3.406966 834.111810 1.555556 -10.523366 1000.000000 2.083333 -3.956059 100.000000 -14.479425 -400592.410541 1.629948 0.174943 34.988697 0.275883 3.805574 761.114752
 21.800000 1.492295 2.336373 0.844078 5.202415 4642.193151 1.555556 -10.523366 1000.000000 2.083333 -3.956059 100.000000 -14.479425 -400595.553894 1.628438 0.166130 33.225904 0.289093 4.178735 835.746935
 21.850000 1.515185 2.412703 0.897518 6.239122 2714.654292 1.555556 -10.523366 1000.000000 2.083333 -3.956059 100.000000 -14.479425 -400591.715391 1.551603 0.018420 3.683974 0.205030 2.101862 420.372410
 21.900000 1.511649 2.398865 0.887215 5.941883 2923.361329 1.555556 -10.523366 1000.000000 2.083333 -3.956059 100.000000 -14.479425 -400592.511258 1.625683 0.150625 30.124945 0.249319 3.108005 621.600930
 21.950000 1.534066 2.326454 0.792388 3.186285 1052.871187 1.555556 -10.523366 1000.000000 2.083333 -3.956059 100.000000 -14.479425 -400592.522965 1.559463 0.006422 1.284496 0.274250 3.760654 752.130809
 22.000000 1.511383 2.432647 0.921264 7.076617 3171.439530 1.555556 -10.523366 1000.000000 2.083333 -3.956059 100.000000 -14.479425 -400595.394455 1.629448 0.172000 34.399998 0.228324 2.606600 521.320093
 22.050000 1.523721 2.401210 0.877489 5.558996 2023.895464 1.555556 -10.523366 1000.000000 2.083333 -3.956059 100.000000 -14.479425 -400592.796733 1.585026 0.010125 2.024964 0.225207 2.535905 507.181053
 22.100000 1.521369 2.339146 0.817778 3.856395 1823.155275 1.555556 -10.523366 1000.000000 2.083333 -3.956059 100.000000 -14.479425 -400589.973176 1.575289 0.001009 0.201872 0.298065 4.442140 888.427905
 22.150000 1.488755 2.335372 0.846617 5.407348 5097.571443 1.555556 -10.523366 1000.000000 2.083333 -3.956059 100.000000 -14.479425 -400592.418423 1.641351 0.248900 49.779997 0.211825 2.243498 448.699544
 22.200000 1.531011 2.475650 0.944639 7.996839 2141.570039 1.555556 -10.523366 1000.000000 2.083333 -3.956059 100.000000 -14.479425 -400591.815299 1.586800 0.012806 2.561164 0.237361 2.817004 563.400810
 22.250000 1.521867 2.321646 0.799780 3.407121 1702.868377 1.555556 -10.523366 1000.000000 2.083333 -3.956059 100.000000 -14.479425 -400592.496580 1.595447 0.030382 6.076444 0.264876 3.507975 701.594900
 22.300000 1.515546 2.431594 0.916048 6.864671 2813.629178 1.555556 -10.523366 1000.000000 2.083333 -3.956059 100.000000 -14.479425 -400594.462874 1.570357 0.000010 0.001928 0.222383 2.472710 494.542031
 22.350000 1.486753 2.340216 0.853463 5.666344 5393.714617 1.555556 -10.523366 1000.000000 2.083333 -3.956059 100.000000 -14.479425 -400591.640754 1.639223 0.234114 46.822753 0.224238 2.514133 502.826588
 22.400000 1.524334 2.415366 0.891032 5.999674 2077.265029 1.555556 -10.523366 1000.000000 2.083333 -3.956059 100.000000 -14.479425 -400596.573797 1.562079 0.003800 0.759938 0.258117 3.331217 666.243491
 22.450000 1.548057 2.367058 0.819001 4.053096 861.229931 1.555556 -10.523366 1000.000000 2.083333 -3.956059 100.000000 -14.479425 -400592.008101 1.617895 0.110914 22.182835 0.245374 3.010432 602.086393
 22.500000 1.513150 2.360482 0.847332 4.739675 2566.346115 1.555556 -10.523366 1000.000000 2.083333 -3.956059 100.000000 -14.479425 -400593.640895 1.570416 0.000007 0.001443 0.233189 2.718849 543.769861
 22.550000 1.480791 2.431095 0.950304 8.841793 6799.137413 1.555556 -10.523366 1000.000000 2.083333 -3.956059 100.000000 -14.479425 -400597.648620 1.582359 0.006685 1.337025 0.261769 3.426146 685.229262
 22.600000 1.512390 2.339859 0.827469 4.221914 2521.339829 1.555556 -10.523366 1000.000000 2.083333 -3.956059 100.000000 -14.479425 -400591.406459 1.583343 0.007870 1.574090 0.202373 2.047734 409.546892
 22.650000 1.517632 2.445316 0.927683 7.270652 2748.482294 1.555556 -10.523366 1000.000000 2.083333 -3.956059 100.000000 -14.479425 -400597.569840 1.587430 0.013834 2.766747 0.265626 3.527859 705.571798
 22.700000 1.524332 2.262186 0.737855 2.086886 1294.812275 1.555556 -10.523366 1000.000000 2.083333 -3.956059 100.000000 -14.479425 -400590.242360 1.620017 0.121132 24.226469 0.264230 3.490880 698.176090
 22.750000 1.521959 2.483351 0.961392 8.565065 2728.886279 1.555556 -10.523366 1000.000000 2.083333 -3.956059 100.000000 -14.479425 -400595.219066 1.546236 0.030161 6.032131 0.227819 2.595065 519.012928
 22.800000 1.500269 2.329294 0.829025 4.553136 3661.554658 1.555556 -10.523366 1000.000000 2.083333 -3.956059 100.000000 -14.479425 -400594.839543 1.641665 0.251120 50.224028 0.257052 3.303797 660.759366
 22.850000 1.503733 2.392687 0.888954 6.127768 3642.581124 1.555556 -10.523366 1000.000000 2.083333 -3.956059 100.000000 -14.479425 -400592.909792 1.560988 0.004810 0.962034 0.254660 3.242596 648.519206
 22.900000 1.551517 2.375462 0.823945 4.275117 869.699803 1.555556 -10.523366 1000.000000 2.083333 -3.956059 100.000000 -14.479425 -400592.177067 1.599417 0.040956 8.191146 0.217362 2.362314 472.462837
 22.950000 1.553688 2.372103 0.818415 4.171129 837.365791 1.555556 -10.523366 1000.000000 2.083333 -3.956059 100.000000 -14.479425 -400591.785530 1.571296 0.000013 0.002500 0.251855 3.171539 634.307812
 23.000000 1.496500 2.411946 0.915446 7.143092 4567.440782 1.555556 -10.523366 1000.000000 2.083333 -3.956059 100.000000 -14.479425 -400595.307347 1.599727 0.041850 8.369969 0.262213 3.437794 687.558737
 23.050000 1.450672 2.342797 0.892125 8.866351 11673.763305 1.555556 -10.523366 1000.000000 2.083333 -3.956059 100.000000 -14.479425 -400594.578504 1.661740 0.413537 82.707327 0.212324 2.254068 450.813697
 23.100000 1.530117 2.471043 0.940926 7.839506 2150.323790 1.555556 -10.523366 1000.000000 2.083333 -3.956059 100.000000 -14.479425 -400598.481162 1.577943 0.002554 0.510719 0.246439 3.036607 607.321467
 23.150000 1.554599 2.270487 0.715888 1.751776 351.178988 1.555556 -10.523366 1000.000000 2.083333 -3.956059 100.000000 -14.479425 -400589.451639 1.574978 0.000875 0.174905 0.260790 3.400580 680.115912
 23.200000 1.527987 2.435486 0.907500 6.580608 2000.156075 1.555556 -10.523366 1000.000000 2.083333 -3.956059 100.000000 -14.479425 -400593.744380 1.569369 0.000102 0.020377 0.226363 2.562009 512.401852
 23.250000 1.482677 2.378598 0.895920 7.014662 6183.023206 1.555556 -10.523366 1000.000000 2.083333 -3.956059 100.000000 -14.479425 -400592.954331 1.668740 0.479652 95.930424 0.244257 2.983077 596.615419
 23.300000 1.514250 2.438124 0.923874 7.146895 2964.911494 1.555556 -10.523366 1000.000000 2.083333 -3.956059 100.000000 -14.479425 -400596.003979 1.567889 0.000423 0.084523 0.257082 3.304571 660.914117
 23.350000 1.539342 2.355909 0.816568 3.846326 1005.866005 1.555556 -10.523366 1000.000000 2.083333 -3.956059 100.000000 -14.479425 -400589.212009 1.590452 0.019318 3.863512 0.248303 3.082728 616.545605
 23.400000 1.523510 2.347626 0.824115 4.005975 1725.409570 1.555556 -10.523366 1000.000000 2.083333 -3.956059 100.000000 -14.479425 -400593.673396 1.604846 0.057968 11.593693 0.257898 3.325559 665.111744
 23.450000 1.503948 2.469625 0.965677 8.792751 4155.554410 1.555556 -10.523366 1000.000000 2.083333 -3.956059 100.000000 -14.479425 -400597.131810 1.606733 0.064573 12.914666 0.248113 3.078015 615.603032
 23.500000 1.502202 2.337232 0.835030 4.646535 3491.251507 1.555556 -10.523366 1000.000000 2.083333 -3.956059 100.000000 -14.479425 -400589.856067 1.606061 0.062179 12.435747 0.215782 2.328087 465.617496
 23.550000 1.509684 2.450970 0.941286 7.809942 3455.784497 1.555556 -10.523366 1000.000000 2.083333 -3.956059 100.000000 -14.479425 -400597.729590 1.570853 0.000000 0.000032 0.260246 3.386389 677.277777
 23.600000 1.519412 2.308893 0.789481 3.197034 1815.108948 1.555556 -10.523366 1000.000000 2.083333 -3.956059 100.000000 -14.479425 -400592.114837 1.606721 0.064528 12.905627 0.247343 3.058918 611.783691
 23.650000 1.536741 2.504667 0.967926 9.053108 2129.204038 1.555556 -10.523366 1000.000000 2.083333 -3.956059 100.000000 -14.479425 -400593.050650 1.577211 0.002058 0.411538 0.226514 2.565435 513.087062
 23.700000 1.508890 2.282572 0.773683 3.073659 2574.661473 1.555556 -10.523366 1000.000000 2.083333 -3.956059 100.000000 -14.479425 -400590.283462 1.619614 0.119159 23.831885 0.273206 3.732063 746.412507
 23.750000 1.504401 2.387574 0.883173 5.936498 3542.394042 1.555556 -10.523366 1000.000000 2.083333 -3.956059 100.000000 -14.479425 -400592.056776 1.599424 0.040977 8.195318 0.250271 3.131778 626.355545
 23.800000 1.501678 2.376240 0.874561 5.741082 3760.695997 1.555556 -10.523366 1000.000000 2.083333 -3.956059 100.000000 -14.479425 -400590.630080 1.568505 0.000263 0.052506 0.190258 1.809910 361.982015
 23.850000 1.542747 2.383953 0.841206 4.600636 1067.785351 1.555556 -10.523366 1000.000000 2.083333 -3.956059 100.000000 -14.479425 -400592.868909 1.588812 0.016228 3.245602 0.272761 3.719919 743.983766
 23.900000 1.541551 2.408735 0.867184 5.392385 1254.998170 1.555556 -10.523366 1000.000000 2.083333 -3.956059 100.000000 -14.479425 -400591.823750 1.603623 0.053879 10.775794 0.268229 3.597337 719.467400
 23.950000 1.495386 2.340595 0.845209 5.119362 4282.201823 1.555556 -10.523366 1000.000000 2.083333 -3.956059 100.000000 -14.479425 -400593.021546 1.588609 0.015864 3.172831 0.196095 1.922658 384.531670
 24.000000 1.480806 2.446812 0.966006 9.399584 6908.687867 1.555556 -10.523366 1000.000000 2.083333 -3.956059 100.000000 -14.479425 -400599.218064 1.554999 0.012478 2.495589 0.255693 3.268943 653.788559
 24.050000 1.530877 2.342354 0.811477 3.659094 1279.932288 1.555556 -10.523366 1000.000000 2.083333 -3.956059 100.000000 -14.479425 -400593.714074 1.655322 0.357229 71.445784 0.260731 3.399034 679.806780
 24.100000 1.535052 2.439582 0.904530 6.555859 1689.522806 1.555556 -10.523366 1000.000000 2.083333 -3.956059 100.000000 -14.479425 -400592.908374 1.554041 0.014037 2.807429 0.209167 2.187536 437.507154
 24.150000 1.515651 2.311646 0.795995 3.402527 2113.671199 1.555556 -10.523366 1000.000000 2.083333 -3.956059 100.000000 -14.479425 -400593.693795 1.578497 0.002965 0.592958 0.277242 3.843154 768.630802
 24.200000 1.507918 2.408213 0.900295 6.412000 3324.780190 1.555556 -10.523366 1000.000000 2.083333 -3.956059 100.000000 -14.479425 -400596.098234 1.590161 0.018750 3.749940 0.257283 3.309735 661.947087
 24.250000 1.515104 2.398691 0.883587 5.790689 2630.852966 1.555556 -10.523366 1000.000000 2.083333 -3.956059 100.000000 -14.479425 -400593.734885 1.653739 0.343977 68.795367 0.201073 2.021519 404.303809
 24.300000 1.504898 2.327181 0.822282 4.256142 3160.754191 1.555556 -10.523366 1000.000000 2.083333 -3.956059 100.000000 -14.479425 -400593.974755 1.550960 0.019674 3.934801 0.289663 4.195231 839.046269
 24.350000 1.530219 2.426383 0.896164 6.205129 1818.756100 1.555556 -10.523366 1000.000000 2.083333 -3.956059 100.000000 -14.479425 -400596.152750 1.567795 0.000450 0.090067 0.276443 3.821044 764.208888
 24.400000 1.516424 2.365774 0.849350 4.754272 2328.978309 1.555556 -10.523366 1000.000000 2.083333 -3.956059 100.000000 -14.479425 -400593.531618 1.644209 0.269473 53.894567 0.177561 1.576397 315.279410
 24.450000 1.501824 2.379201 0.877377 5.820419 3762.431318 1.555556 -10.523366 1000.000000 2.083333 -3.956059 100.000000 -14.479425 -400595.831944 1.571472 0.000023 0.004559 0.286641 4.108140 821.627988
 24.500000 1.513187 2.324800 0.811612 3.812840 2378.145648 1.555556 -10.523366 1000.000000 2.083333 -3.956059 100.000000 -14.479425 -400590.866275 1.602492 0.050231 10.046163 0.271698 3.690994 738.198848
 24.550000 1.539711 2.473228 0.933517 7.726403 1771.230425 1.555556 -10.523366 1000.000000 2.083333 -3.956059 100.000000 -14.479425 -400593.291968 1.579948 0.004187 0.837477 0.191071 1.825406 365.081238
 24.600000 1.500032 2.305900 0.805868 4.018225 3578.208129 1.555556 -10.523366 1000.000000 2.083333 -3.956059 100.000000 -14.479425 -400594.154909 1.636892 0.218432 43.686447 0.296371 4.391800 878.359919
 24.650000 1.493633 2.267436 0.773803 3.611883 4173.334873 1.555556 -10.523366 1000.000000 2.083333 -3.956059 100.000000 -14.479425 -400593.956126 1.617947 0.111159 22.231771 0.332204 5.517986 1103.597192
 24.700000 1.534134 2.427217 0.893083 6.142228 1641.431210 1.555556 -10.523366 1000.000000 2.083333 -3.956059 100.000000 -14.479425 -400592.479287 1.549435 0.022816 4.563275 0.178212 1.587978 317.595674
 24.750000 1.542749 2.337249 0.794500 3.305654 808.741847 1.555556 -10.523366 1000.000000 2.083333 -3.956059 100.000000 -14.479425 -400592.253735 1.612272 0.086012 17.202454 0.254401 3.235990 647.198057
 24.800000 1.524940 2.325958 0.801017 3.411977 1525.968698 1.555556 -10.523366 1000.000000 2.083333 -3.956059 100.000000 -14.479425 -400592.186737 1.560334 0.005473 1.094581 0.344801 5.944397 1188.879488
 24.850000 1.490007 2.353613 0.863606 5.800893 5027.187772 1.555556 -10.523366 1000.000000 2.083333 -3.956059 100.000000 -14.479425 -400596.817666 1.584055 0.008790 1.758048 0.240709 2.897029 579.405888
 24.900000 1.523986 2.480134 0.956148 8.370867 2571.131403 1.555556 -10.523366 1000.000000 2.083333 -3.956059 100.000000 -14.479425 -400594.922041 1.562470 0.003466 0.693217 0.170576 1.454813 290.962590
 24.950000 1.506948 2.319055 0.812107 3.959584 2918.346885 1.555556 -10.523366 1000.000000 2.083333 -3.956059 100.000000 -14.479425 -400592.281609 1.607846 0.068635 13.726916 0.324173 5.254394 1050.878873
 25.000000 1.483491 2.301126 0.817635 4.968310 5667.599984 1.555556 -10.523366 1000.000000 2.083333 -3.956059 100.000000 -14.479425 -400593.598036 1.613041 0.089232 17.846432 0.314581 4.948049 989.609815
 25.050000 1.488644 2.410795 0.922151 7.600152 5549.517974 1.555556 -10.523366 1000.000000 2.083333 -3.956059 100.000000 -14.479425 -400596.198137 1.604043 0.055268 11.053605 0.200616 2.012333 402.466596
 25.100000 1.515567 2.448121 0.932553 7.453021 2929.753895 1.555556 -10.523366 1000.000000 2.083333 -3.956059 100.000000 -14.479425 -400595.517395 1.623630 0.139570 27.913928 0.238382 2.841306 568.261262
 25.150000 1.535707 2.277457 0.741750 2.081175 770.792574 1.555556 -10.523366 1000.000000 2.083333 -3.956059 100.000000 -14.479425 -400591.055809 1.532275 0.074194 14.838879 0.308146 4.747703 949.540668
 25.200000 1.488530 2.358553 0.870023 6.033500 5249.866916 1.555556 -10.523366 1000.000000 2.083333 -3.956059 100.000000 -14.479425 -400589.947221 1.626717 0.156359 31.271709 0.264080 3.486912 697.382331
 25.250000 1.488029 2.387835 0.899806 6.915992 5487.057758 1.555556 -10.523366 1000.000000 2.083333 -3.956059 100.000000 -14.479425 -400593.765042 1.621720 0.129659 25.931883 0.197918 1.958586 391.717142
 25.300000 1.556472 2.412865 0.856393 5.429982 1086.752020 1.555556 -10.523366 1000.000000 2.083333 -3.956059 100.000000 -14.479425 -400593.587217 1.537699 0.054773 10.954584 0.273876 3.750393 750.078661
 25.350000 1.539074 2.267807 0.728733 1.837342 611.935188 1.555556 -10.523366 1000.000000 2.083333 -3.956059 100.000000 -14.479425 -400591.834817 1.635409 0.208741 41.748221 0.278263 3.871519 774.303821
 25.400000 1.504910 2.419886 0.914976 6.945872 3697.650024 1.555556 -10.523366 1000.000000 2.083333 -3.956059 100.000000 -14.479425 -400594.003733 1.612140 0.085463 17.092676 0.228115 2.601831 520.366149
 25.450000 1.482717 2.412489 0.929772 8.069892 6388.852809 1.555556 -10.523366 1000.000000 2.083333 -3.956059 100.000000 -14.479425 -400593.925940 1.588736 0.016092 3.218479 0.221284 2.448322 489.664351
 25.500000 1.502254 2.334820 0.832566 4.582794 3473.484507 1.555556 -10.523366 1000.000000 2.083333 -3.956059 100.000000 -14.479425 -400591.973938 1.585851 0.011333 2.266561 0.270351 3.654489 730.897734
 25.550000 1.518725 2.395742 0.877017 5.558215 2332.489514 1.555556 -10.523366 1000.000000 2.083333 -3.956059 100.000000 -14.479425 -400593.339769 1.656482 0.367099 73.419702 0.235529 2.773696 554.739169
 25.600000 1.521217 2.353578 0.832360 4.241161 1909.441087 1.555556 -10.523366 1000.000000 2.083333 -3.956059 100.000000 -14.479425 -400590.700009 1.568217 0.000333 0.066534 0.208004 2.163290 432.657979
 25.650000 1.562105 2.369093 0.806988 4.104368 859.480440 1.555556 -10.523366 1000.000000 2.083333 -3.956059 100.000000 -14.479425 -400593.553115 1.530941 0.079421 15.884270 0.276605 3.825510 765.101972
 25.700000 1.520952 2.330983 0.810031 3.665212 1810.702249 1.555556 -10.523366 1000.000000 2.083333 -3.956059 100.000000 -14.479425 -400588.797193 1.685310 0.655671 131.134154 0.247417 3.060752 612.150475
 25.750000 1.482754 2.414328 0.931574 8.127911 6395.658021 1.555556 -10.523366 1000.000000 2.083333 -3.956059 100.000000 -14.479425 -400593.974794 1.586419 0.012203 2.440621 0.207160 2.145767 429.153412
 25.800000 1.497218 2.405857 0.908639 6.902689 4443.442652 1.555556 -10.523366 1000.000000 2.083333 -3.956059 100.000000 -14.479425 -400594.547469 1.570997 0.000002 0.000404 0.241961 2.927265 585.453002
 25.850000 1.545712 2.334240 0.788528 3.196152 726.441369 1.555556 -10.523366 1000.000000 2.083333 -3.956059 100.000000 -14.479425 -400589.298986 1.637460 0.222201 44.440250 0.258812 3.349187 669.837474
 25.900000 1.556132 2.335873 0.779741 3.188981 638.095466 1.555556 -10.523366 1000.000000 2.083333 -3.956059 100.000000 -14.479425 -400589.400794 1.571071 0.000004 0.000754 0.220724 2.435948 487.189650
 25.950000 1.490213 2.384390 0.894177 6.666566 5175.951352 1.555556 -10.523366 1000.000000 2.083333 -3.956059 100.000000 -14.479425 -400595.623816 1.614007 0.093357 18.671419 0.246507 3.038296 607.659112
 26.000000 1.490276 2.431097 0.940820 8.177662 5470.780830 1.555556 -10.523366 1000.000000 2.083333 -3.956059 100.000000 -14.479425 -400594.385139 1.610357 0.078251 15.650278 0.243369 2.961412 592.282376
 26.050000 1.511158 2.353406 0.842248 4.632541 2700.534931 1.555556 -10.523366 1000.000000 2.083333 -3.956059 100.000000 -14.479425 -400591.721785 1.561959 0.003905 0.780938 0.228081 2.601045 520.209021
 26.100000 1.536239 2.332736 0.796497 3.296643 995.130824 1.555556 -10.523366 1000.000000 2.083333 -3.956059 100.000000 -14.479425 -400589.439442 1.660494 0.402287 80.457305 0.265037 3.512225 702.445063
 26.150000 1.527757 2.385661 0.857904 4.956479 1686.802985 1.555556 -10.523366 1000.000000 2.083333 -3.956059 100.000000 -14.479425 -400593.623634 1.605937 0.061742 12.348347 0.250306 3.132666 626.533160
 26.200000 1.509454 2.404329 0.894876 6.214607 3155.755902 1.555556 -10.523366 1000.000000 2.083333 -3.956059 100.000000 -14.479425 -400594.484929 1.581838 0.006096 1.219161 0.215737 2.327131 465.426218
 26.250000 1.505945 2.341468 0.835523 4.562285 3127.554387 1.555556 -10.523366 1000.000000 2.083333 -3.956059 100.000000 -14.479425 -400593.971763 1.544827 0.033721 6.744101 0.242432 2.938676 587.735148
 26.300000 1.501696 2.375693 0.873997 5.724147 3755.614653 1.555556 -10.523366 1000.000000 2.083333 -3.956059 100.000000 -14.479425 -400595.112739 1.633546 0.196876 39.375283 0.237579 2.822182 564.436337
 26.350000 1.534769 2.413543 0.878774 5.667955 1522.460910 1.555556 -10.523366 1000.000000 2.083333 -3.956059 100.000000 -14.479425 -400595.266713 1.586322 0.012053 2.410563 0.229203 2.626696 525.339122
 26.400000 1.530763 2.344685 0.813922 3.722568 1297.713945 1.555556 -10.523366 1000.000000 2.083333 -3.956059 100.000000 -14.479425 -400593.414965 1.548113 0.025726 5.145140 0.251811 3.170439 634.087712
 26.450000 1.505414 2.330276 0.824862 4.306107 3123.949345 1.555556 -10.523366 1000.000000 2.083333 -3.956059 100.000000 -14.479425 -400595.005306 1.661266 0.409238 81.847662 0.279548 3.907361 781.472147
 26.500000 1.475030 2.447905 0.972875 9.887829 7813.553014 1.555556 -10.523366 1000.000000 2.083333 -3.956059 100.000000 -14.479425 -400598.500309 1.625912 0.151889 30.377864 0.225033 2.531984 506.396798
 26.550000 1.532059 2.346263 0.814205 3.732662 1243.432346 1.555556 -10.523366 1000.000000 2.083333 -3.956059 100.000000 -14.479425 -400592.485636 1.564077 0.002258 0.451537 0.236340 2.792827 558.565344
 26.600000 1.538035 2.355600 0.817564 3.859928 1048.248566 1.555556 -10.523366 1000.000000 2.083333 -3.956059 100.000000 -14.479425 -400594.204647 1.567544 0.000529 0.105782 0.257934 3.326501 665.300196
 26.650000 1.520793 2.379615 0.858821 4.993342 2086.246123 1.555556 -10.523366 1000.000000 2.083333 -3.956059 100.000000 -14.479425 -400593.625255 1.634759 0.204559 40.911885 0.222947 2.485273 497.054537
 26.700000 1.508720 2.431740 0.923020 7.166159 3407.477393 1.555556 -10.523366 1000.000000 2.083333 -3.956059 100.000000 -14.479425 -400596.506481 1.569525 0.000081 0.016172 0.234439 2.748083 549.616645
 26.750000 1.517671 2.305263 0.787592 3.180265 1927.785346 1.555556 -10.523366 1000.000000 2.083333 -3.956059 100.000000 -14.479425 -400588.678907 1.578016 0.002606 0.521271 0.255741 3.270167 654.033383
 26.800000 1.521317 2.396409 0.875093 5.486982 2152.464673 1.555556 -10.523366 1000.000000 2.083333 -3.956059 100.000000 -14.479425 -400596.309524 1.637033 0.219365 43.873091 0.258430 3.339304 667.860889
 26.850000 1.502114 2.410857 0.908743 6.791573 3928.673935 1.555556 -10.523366 1000.000000 2.083333 -3.956059 100.000000 -14.479425 -400592.111402 1.576231 0.001477 0.295361 0.221383 2.450532 490.106352
 26.900000 1.534005 2.344059 0.810053 3.631088 1144.186807 1.555556 -10.523366 1000.000000 2.083333 -3.956059 100.000000 -14.479425 -400593.688234 1.586623 0.012524 2.504815 0.257045 3.303600 660.720063
 26.950000 1.538861 2.363789 0.824928 4.072129 1065.271897 1.555556 -10.523366 1000.000000 2.083333 -3.956059 100.000000 -14.479425 -400589.866183 1.606576 0.064008 12.801663 0.233254 2.720374 544.074896
 27.000000 1.497785 2.395208 0.897423 6.532016 4310.135183 1.555556 -10.523366 1000.000000 2.083333 -3.956059 100.000000 -14.479425 -400593.927121 1.607809 0.068495 13.699039 0.235349 2.769465 553.893090
 27.050000 1.485398 2.425692 0.940294 8.321521 6094.188664 1.555556 -10.523366 1000.000000 2.083333 -3.956059 100.000000 -14.479425 -400596.275284 1.589363 0.017235 3.447081 0.239281 2.862769 572.553791
 27.100000 1.534553 2.344451 0.809898 3.629669 1122.925427 1.555556 -10.523366 1000.000000 2.083333 -3.956059 100.000000 -14.479425 -400590.651545 1.629362 0.171498 34.299621 0.254819 3.246648 649.329516
 27.150000 1.546069 2.357485 0.811416 3.802966 841.586090 1.555556 -10.523366 1000.000000 2.083333 -3.956059 100.000000 -14.479425 -400589.572283 1.584447 0.009317 1.863358 0.239864 2.876727 575.345405
 27.200000 1.511926 2.398716 0.886790 5.925078 2898.220847 1.555556 -10.523366 1000.000000 2.083333 -3.956059 100.000000 -14.479425 -400594.968669 1.554131 0.013887 2.777467 0.245840 3.021866 604.373283
 27.250000 1.504605 2.368975 0.864370 5.377522 3411.860257 1.555556 -10.523366 1000.000000 2.083333 -3.956059 100.000000 -14.479425 -400593.121042 1.617909 0.110981 22.196250 0.233869 2.734741 546.948147
 27.300000 1.527326 2.398815 0.871489 5.374885 1792.206775 1.555556 -10.523366 1000.000000 2.083333 -3.956059 100.000000 -14.479425 -400590.894077 1.611139 0.081377 16.275481 0.242823 2.948161 589.632224
 27.350000 1.540601 2.354673 0.814072 3.793089 959.887029 1.555556 -10.523366 1000.000000 2.083333 -3.956059 100.000000 -14.479425 -400590.612339 1.554875 0.012674 2.534801 0.253384 3.210165 642.033048
 27.400000 1.503024 2.380173 0.877149 5.785477 3640.721119 1.555556 -10.523366 1000.000000 2.083333 -3.956059 100.000000 -14.479425 -400594.038474 1.561346 0.004465 0.893083 0.223295 2.493041 498.608107
 27.450000 1.509330 2.354292 0.844962 4.739327 2870.955184 1.555556 -10.523366 1000.000000 2.083333 -3.956059 100.000000 -14.479425 -400592.459792 1.632383 0.189644 37.928875 0.245296 3.008515 601.703052
 27.500000 1.526230 2.437449 0.911219 6.699888 2113.967910 1.555556 -10.523366 1000.000000 2.083333 -3.956059 100.000000 -14.479425 -400593.419300 1.622593 0.134144 26.828760 0.251783 3.169740 633.947926
 27.550000 1.515573 2.352201 0.836628 4.413801 2321.508007 1.555556 -10.523366 1000.000000 2.083333 -3.956059 100.000000 -14.479425 -400593.761692 1.565137 0.001601 0.320242 0.232695 2.707341 541.468215
 27.600000 1.498771 2.374027 0.875255 5.837348 4069.463629 1.555556 -10.523366 1000.000000 2.083333 -3.956059 100.000000 -14.479425 -400592.168992 1.599063 0.039951 7.990252 0.227622 2.590599 518.119713
 27.650000 1.519314 2.370524 0.851210 4.780658 2138.244605 1.555556 -10.523366 1000.000000 2.083333 -3.956059 100.000000 -14.479425 -400591.137896 1.629191 0.170500 34.099950 0.258421 3.339067 667.813476
 27.700000 1.525297 2.437315 0.912018 6.722955 2168.640256 1.555556 -10.523366 1000.000000 2.083333 -3.956059 100.000000 -14.479425 -400595.753721 1.579099 0.003446 0.689275 0.241062 2.905544 581.108878
 27.750000 1.507739 2.309714 0.801976 3.705650 2798.941848 1.555556 -10.523366 1000.000000 2.083333 -3.956059 100.000000 -14.479425 -400591.472590 1.594278 0.027569 5.513789 0.244247 2.982825 596.565005
 27.800000 1.520061 2.376983 0.856921 4.941420 2122.143951 1.555556 -10.523366 1000.000000 2.083333 -3.956059 100.000000 -14.479425 -400593.890113 1.622595 0.134156 26.831101 0.255631 3.267356 653.471158
 27.850000 1.513847 2.427476 0.913628 6.791489 2923.909805 1.555556 -10.523366 1000.000000 2.083333 -3.956059 100.000000 -14.479425 -400593.479129 1.577030 0.001943 0.388613 0.229081 2.623912 524.782382
 27.900000 1.514290 2.335339 0.821050 4.026786 2337.940220 1.555556 -10.523366 1000.000000 2.083333 -3.956059 100.000000 -14.479425 -400590.569007 1.576372 0.001554 0.310897 0.240266 2.886387 577.277333
 27.950000 1.523234 2.365875 0.842641 4.513818 1842.962840 1.555556 -10.523366 1000.000000 2.083333 -3.956059 100.000000 -14.479425 -400592.517974 1.612266 0.085986 17.197199 0.245399 3.011029 602.205781
 28.000000 1.553759 2.427069 0.873310 5.909311 1184.767862 1.555556 -10.523366 1000.000000 2.083333 -3.956059 100.000000 -14.479425 -400593.999117 1.623139 0.136990 27.397916 0.243475 2.964010 592.801935
 28.050000 1.512422 2.346642 0.834220 4.396820 2553.789374 1.555556 -10.523366 1000.000000 2.083333 -3.956059 100.000000 -14.479425 -400592.989585 1.507916 0.197697 39.539420 0.241136 2.907338 581.467681
 28.100000 1.484700 2.355810 0.871110 6.222436 5762.929827 1.555556 -10.523366 1000.000000 2.083333 -3.956059 100.000000 -14.479425 -400593.947090 1.624817 0.145911 29.182168 0.252420 3.185798 637.159500
 28.150000 1.503498 2.461550 0.958052 8.507377 4140.448146 1.555556 -10.523366 1000.000000 2.083333 -3.956059 100.000000 -14.479425 -400596.489656 1.643510 0.264361 52.872199 0.225919 2.551969 510.393852
 28.200000 1.539891 2.352891 0.813000 3.755753 971.983116 1.555556 -10.523366 1000.000000 2.083333 -3.956059 100.000000 -14.479425 -400593.961831 1.567724 0.000472 0.094378 0.269894 3.642152 728.430345
 28.250000 1.529984 2.349134 0.819150 3.859445 1360.413373 1.555556 -10.523366 1000.000000 2.083333 -3.956059 100.000000 -14.479425 -400591.641751 1.532822 0.072104 14.420732 0.231322 2.675483 535.096698
 28.300000 1.490129 2.400791 0.910662 7.179283 5288.397424 1.555556 -10.523366 1000.000000 2.083333 -3.956059 100.000000 -14.479425 -400591.986486 1.638105 0.226520 45.304012 0.215817 2.328849 465.769819
 28.350000 1.503715 2.423994 0.920279 7.146210 3847.929331 1.555556 -10.523366 1000.000000 2.083333 -3.956059 100.000000 -14.479425 -400594.128161 1.598611 0.038683 7.736580 0.259376 3.363791 672.758182
 28.400000 1.535299 2.290650 0.755351 2.354181 840.129813 1.555556 -10.523366 1000.000000 2.083333 -3.956059 100.000000 -14.479425 -400588.019848 1.551777 0.018086 3.617227 0.213996 2.289705 457.940974
 28.450000 1.526410 2.427453 0.901043 6.345647 2033.637257 1.555556 -10.523366 1000.000000 2.083333 -3.956059 100.000000 -14.479425 -400594.197707 1.577491 0.002241 0.448210 0.244716 2.994304 598.860784
 28.500000 1.510355 2.408374 0.898019 6.304122 3099.619975 1.555556 -10.523366 1000.000000 2.083333 -3.956059 100.000000 -14.479425 -400596.222863 1.596859 0.033964 6.792889 0.272982 3.725970 745.194062
 28.550000 1.516156 2.339007 0.822851 4.044603 2205.989863 1.555556 -10.523366 1000.000000 2.083333 -3.956059 100.000000 -14.479425 -400588.079601 1.579089 0.003438 0.687640 0.221077 2.443744 488.748847
 28.600000 1.514221 2.361493 0.847273 4.722932 2482.305189 1.555556 -10.523366 1000.000000 2.083333 -3.956059 100.000000 -14.479425 -400588.530858 1.560265 0.005545 1.109096 0.215242 2.316446 463.289280
 28.650000 1.540414 2.417738 0.877324 5.705950 1347.536985 1.555556 -10.523366 1000.000000 2.083333 -3.956059 100.000000 -14.479425 -400591.604375 1.645152 0.276438 55.287677 0.294944 4.349608 869.921695
 28.700000 1.498772 2.436584 0.937812 7.851476 4472.231074 1.555556 -10.523366 1000.000000 2.083333 -3.956059 100.000000 -14.479425 -400592.722460 1.571841 0.000055 0.010905 0.219802 2.415648 483.129640
 28.750000 1.514266 2.294029 0.779763 3.072047 2148.745741 1.555556 -10.523366 1000.000000 2.083333 -3.956059 100.000000 -14.479425 -400593.427173 1.582993 0.007438 1.487638 0.239470 2.867301 573.460182
 28.800000 1.517436 2.470353 0.952918 8.215787 2950.965013 1.555556 -10.523366 1000.000000 2.083333 -3.956059 100.000000 -14.479425 -400594.344930 1.599998 0.042636 8.527184 0.290623 4.223079 844.615799
 28.850000 1.525540 2.330270 0.804730 3.499358 1510.708233 1.555556 -10.523366 1000.000000 2.083333 -3.956059 100.000000 -14.479425 -400590.328801 1.608002 0.069212 13.842401 0.186022 1.730201 346.040264
 28.900000 1.495745 2.429233 0.933488 7.771002 4773.792042 1.555556 -10.523366 1000.000000 2.083333 -3.956059 100.000000 -14.479425 -400596.134858 1.548717 0.024375 4.874969 0.268513 3.604958 720.991595
 28.950000 1.528661 2.319757 0.791096 3.156453 1282.258348 1.555556 -10.523366 1000.000000 2.083333 -3.956059 100.000000 -14.479425 -400589.667311 1.583708 0.008336 1.667179 0.286645 4.108263 821.652550
 29.000000 1.527520 2.501931 0.974411 9.154183 2538.212920 1.555556 -10.523366 1000.000000 2.083333 -3.956059 100.000000 -14.479425 -400596.541257 1.645591 0.279715 55.942965 0.203240 2.065329 413.065863
 29.050000 1.510786 2.297613 0.786827 3.297931 2463.429929 1.555556 -10.523366 1000.000000 2.083333 -3.956059 100.000000 -14.479425 -400591.329372 1.582206 0.006509 1.301772 0.222903 2.484280 496.856056
 29.100000 1.532743 2.342523 0.809780 3.619162 1192.201264 1.555556 -10.523366 1000.000000 2.083333 -3.956059 100.000000 -14.479425 -400591.974666 1.558493 0.007569 1.513774 0.332810 5.538127 1107.625397
 29.150000 1.513450 2.441693 0.928243 7.307518 3057.110761 1.555556 -10.523366 1000.000000 2.083333 -3.956059 100.000000 -14.479425 -400594.318042 1.622806 0.135250 27.050026 0.198682 1.973725 394.744990
 29.200000 1.513803 2.394846 0.881043 5.723634 2713.669171 1.555556 -10.523366 1000.000000 2.083333 -3.956059 100.000000 -14.479425 -400595.215457 1.636368 0.214985 42.997026 0.262219 3.437928 687.585619
 29.250000 1.518384 2.310726 0.792342 3.276243 1898.826808 1.555556 -10.523366 1000.000000 2.083333 -3.956059 100.000000 -14.479425 -400591.443350 1.522921 0.114602 22.920442 0.295594 4.368800 873.760005
 29.300000 1.537263 2.445115 0.907852 6.711592 1643.470736 1.555556 -10.523366 1000.000000 2.083333 -3.956059 100.000000 -14.479425 -400593.899238 1.643824 0.266654 53.330863 0.216631 2.346444 469.288740
 29.350000 1.507319 2.435105 0.927786 7.350556 3564.192117 1.555556 -10.523366 1000.000000 2.083333 -3.956059 100.000000 -14.479425 -400595.109907 1.566361 0.000983 0.196691 0.223422 2.495879 499.175877
 29.400000 1.527710 2.292404 0.764693 2.573200 1212.455446 1.555556 -10.523366 1000.000000 2.083333 -3.956059 100.000000 -14.479425 -400593.540394 1.532542 0.073169 14.633820 0.310368 4.816424 963.284835
 29.450000 1.511403 2.407344 0.895941 6.223862 2999.262612 1.555556 -10.523366 1000.000000 2.083333 -3.956059 100.000000 -14.479425 -400594.994728 1.644803 0.273851 54.770295 0.249981 3.124515 624.902905
 29.500000 1.477264 2.477470 1.000206 10.831964 7682.996851 1.555556 -10.523366 1000.000000 2.083333 -3.956059 100.000000 -14.479425 -400597.291507 1.609363 0.074368 14.873696 0.215078 2.312925 462.584933
 29.550000 1.516939 2.286938 0.769999 2.818354 1905.784644 1.555556 -10.523366 1000.000000 2.083333 -3.956059 100.000000 -14.479425 -400591.747662 1.555846 0.011176 2.235134 0.318108 5.059620 1011.923967
 29.600000 1.545158 2.378641 0.833483 4.414399 980.176730 1.555556 -10.523366 1000.000000 2.083333 -3.956059 100.000000 -14.479425 -400593.792497 1.613714 0.092096 18.419247 0.257530 3.316082 663.216391
 29.650000 1.521575 2.497679 0.976104 9.161442 2871.484230 1.555556 -10.523366 1000.000000 2.083333 -3.956059 100.000000 -14.479425 -400590.964724 1.668040 0.472815 94.563013 0.174689 1.525821 305.164158
 29.700000 1.502723 2.288050 0.785327 3.491075 3210.331677 1.555556 -10.523366 1000.000000 2.083333 -3.956059 100.000000 -14.479425 -400588.873183 1.531367 0.077732 15.546364 0.274530 3.768328 753.665668
 29.750000 1.550443 2.319851 0.769408 2.810097 585.539639 1.555556 -10.523366 1000.000000 2.083333 -3.956059 100.000000 -14.479425 -400586.946849 1.586787 0.012784 2.556892 0.325721 5.304699 1060.939820
 29.800000 1.517841 2.405936 0.888095 5.914819 2463.113759 1.555556 -10.523366 1000.000000 2.083333 -3.956059 100.000000 -14.479425 -400590.449034 1.712213 0.999927 199.985396 0.214011 2.290040 458.008099
 29.850000 1.537742 2.446206 0.908464 6.742500 1634.079162 1.555556 -10.523366 1000.000000 2.083333 -3.956059 100.000000 -14.479425 -400590.833894 1.514600 0.157901 31.580131 0.240817 2.899635 579.927044
 29.900000 1.472412 2.269273 0.796861 5.185081 7258.527576 1.555556 -10.523366 1000.000000 2.083333 -3.956059 100.000000 -14.479425 -400593.180337 1.583758 0.008401 1.680113 0.250929 3.148272 629.654446
 29.950000 1.523649 2.478969 0.955321 8.335418 2583.334513 1.555556 -10.523366 1000.000000 2.083333 -3.956059 100.000000 -14.479425 -400595.179053 1.702546 0.867905 173.580903 0.246269 3.032420 606.483910
 30.000000 1.520258 2.317771 0.797513 3.371015 1795.534423 1.555556 -10.523366 1000.000000 2.083333 -3.956059 100.000000 -14.479425 -400590.858594 1.588381 0.015461 3.092229 0.216011 2.333046 466.609279
 30.050000 1.519900 2.380086 0.860186 5.038779 2151.969273 1.555556 -10.523366 1000.000000 2.083333 -3.956059 100.000000 -14.479425 -400587.922470 1.497230 0.270603 54.120633 0.266253 3.544525 708.904934
 30.100000 1.538956 2.348991 0.810035 3.666480 981.283366 1.555556 -10.523366 1000.000000 2.083333 -3.956059 100.000000 -14.479425 -400584.841103 1.660581 0.403063 80.612528 0.208292 2.169276 433.855217
 30.150000 1.528305 2.378595 0.850290 4.730269 1614.394839 1.555556 -10.523366 1000.000000 2.083333 -3.956059 100.000000 -14.479425 -400591.881102 1.607597 0.067713 13.542670 0.229137 2.625185 525.037072
 30.200000 1.491315 2.311704 0.820389 4.671111 4648.438158 1.555556 -10.523366 1000.000000 2.083333 -3.956059 100.000000 -14.479425 -400585.753871 1.573001 0.000243 0.048585 0.251575 3.164503 632.900605
 30.250000 1.507726 2.446495 0.938769 7.738137 3606.523867 1.555556 -10.523366 1000.000000 2.083333 -3.956059 100.000000 -14.479425 -400590.316607 1.625554 0.149920 29.984021 0.224882 2.528606 505.721226
 30.300000 1.519709 2.436201 0.916492 6.868260 2530.125530 1.555556 -10.523366 1000.000000 2.083333 -3.956059 100.000000 -14.479425 -400596.861928 1.594581 0.028286 5.657156 0.238556 2.845452 569.090312
 30.350000 1.547373 2.267552 0.720179 1.730301 406.319863 1.555556 -10.523366 1000.000000 2.083333 -3.956059 100.000000 -14.479425 -400589.893224 1.617186 0.107599 21.519762 0.276291 3.816843 763.368537
 30.400000 1.502003 2.427839 0.925837 7.368173 4054.764904 1.555556 -10.523366 1000.000000 2.083333 -3.956059 100.000000 -14.479425 -400595.338394 1.598345 0.037946 7.589155 0.238290 2.839114 567.822799
 30.450000 1.522006 2.355614 0.833608 4.269632 1866.955735 1.555556 -10.523366 1000.000000 2.083333 -3.956059 100.000000 -14.479425 -400587.067993 1.587641 0.014188 2.837594 0.207572 2.154304 430.860858
 30.500000 1.500652 2.415183 0.914531 7.013429 4115.683258 1.555556 -10.523366 1000.000000 2.083333 -3.956059 100.000000 -14.479425 -400592.609743 1.634348 0.201944 40.388770 0.309352 4.784939 956.987742
 30.550000 1.521708 2.352670 0.830962 4.199947 1871.079294 1.555556 -10.523366 1000.000000 2.083333 -3.956059 100.000000 -14.479425 -400591.888981 1.646754 0.288476 57.695143 0.296789 4.404185 880.836910
 30.600000 1.530432 2.511690 0.981258 9.490072 2466.072958 1.555556 -10.523366 1000.000000 2.083333 -3.956059 100.000000 -14.479425 -400593.430953 1.576030 0.001370 0.273949 0.206566 2.133485 426.696931
 30.650000 1.506931 2.205587 0.698657 1.929491 2513.842061 1.555556 -10.523366 1000.000000 2.083333 -3.956059 100.000000 -14.479425 -400585.774666 1.568950 0.000171 0.034102 0.237113 2.811138 562.227680
 30.700000 1.490584 2.367892 0.877308 6.159326 5031.012087 1.555556 -10.523366 1000.000000 2.083333 -3.956059 100.000000 -14.479425 -400587.929148 1.602245 0.049450 9.890081 0.326859 5.341826 1068.365117
 30.750000 1.546541 2.384245 0.837704 4.568011 986.737818 1.555556 -10.523366 1000.000000 2.083333 -3.956059 100.000000 -14.479425 -400592.808823 1.617375 0.108478 21.695633 0.221102 2.444294 488.858790
 30.800000 1.530284 2.482480 0.952196 8.285242 2231.839190 1.555556 -10.523366 1000.000000 2.083333 -3.956059 100.000000 -14.479425 -400592.841065 1.564201 0.002175 0.434963 0.225207 2.535918 507.183521
 30.850000 1.509432 2.256550 0.747118 2.563901 2427.444903 1.555556 -10.523366 1000.000000 2.083333 -3.956059 100.000000 -14.479425 -400586.261252 1.617423 0.108701 21.740262 0.285590 4.078074 815.614777
 30.900000 1.454927 2.453601 0.998675 11.918003 11497.148834 1.555556 -10.523366 1000.000000 2.083333 -3.956059 100.000000 -14.479425 -400594.844022 1.671628 0.508350 101.669956 0.267431 3.575979 715.195862
 30.950000 1.535708 2.366070 0.830362 4.193975 1193.338399 1.555556 -10.523366 1000.000000 2.083333 -3.956059 100.000000 -14.479425 -400591.132963 1.544662 0.034150 6.830007 0.189119 1.788296 357.659198
 31.000000 1.561440 2.437254 0.875814 6.280298 1287.219181 1.555556 -10.523366 1000.000000 2.083333 -3.956059 100.000000 -14.479425 -400595.539525 1.594634 0.028412 5.682486 0.305126 4.655096 931.019166
 31.050000 1.518683 2.267109 0.748426 2.368463 1697.304191 1.555556 -10.523366 1000.000000 2.083333 -3.956059 100.000000 -14.479425 -400588.854595 1.625495 0.149595 29.919028 0.245200 3.006160 601.231950
 31.100000 1.501573 2.513654 1.012081 10.715851 4765.910014 1.555556 -10.523366 1000.000000 2.083333 -3.956059 100.000000 -14.479425 -400591.192717 1.586717 0.012674 2.534769 0.211663 2.240058 448.011587
 31.150000 1.445592 2.315419 0.869826 8.739117 12630.515563 1.555556 -10.523366 1000.000000 2.083333 -3.956059 100.000000 -14.479425 -400592.028437 1.610676 0.079518 15.903503 0.212238 2.252241 450.448216
 31.200000 1.560699 2.515335 0.954637 9.344516 1892.711544 1.555556 -10.523366 1000.000000 2.083333 -3.956059 100.000000 -14.479425 -400596.671049 1.621185 0.126951 25.390145 0.318206 5.062754 1012.550746
 31.250000 1.562103 2.218025 0.655922 0.928526 224.283739 1.555556 -10.523366 1000.000000 2.083333 -3.956059 100.000000 -14.479425 -400585.245356 1.602354 0.049795 9.959061 0.233820 2.733595 546.719007
 31.300000 1.501532 2.534288 1.032756 11.627272 4952.131833 1.555556 -10.523366 1000.000000 2.083333 -3.956059 100.000000 -14.479425 -400595.531892 1.560637 0.005161 1.032142 0.232698 2.707421 541.484134
 31.350000 1.469867 2.279723 0.809856 5.599711 7728.226302 1.555556 -10.523366 1000.000000 2.083333 -3.956059 100.000000 -14.479425 -400593.464403 1.606710 0.064490 12.897986 0.237958 2.831193 566.238552
 31.400000 1.505139 2.496494 0.991355 9.806021 4248.849561 1.555556 -10.523366 1000.000000 2.083333 -3.956059 100.000000 -14.479425 -400595.274143 1.667627 0.468811 93.762272 0.273543 3.741302 748.260315
 31.450000 1.530982 2.297980 0.766998 2.605588 1064.595951 1.555556 -10.523366 1000.000000 2.083333 -3.956059 100.000000 -14.479425 -400590.323629 1.570454 0.000006 0.001171 0.214733 2.305520 461.104033
 31.500000 1.511409 2.411221 0.899811 6.349951 3023.993312 1.555556 -10.523366 1000.000000 2.083333 -3.956059 100.000000 -14.479425 -400594.617033 1.561560 0.004266 0.853139 0.242309 2.935683 587.136564
 31.550000 1.531552 2.352926 0.821374 3.922102 1302.983289 1.555556 -10.523366 1000.000000 2.083333 -3.956059 100.000000 -14.479425 -400593.452811 1.643723 0.265918 53.183547 0.248287 3.082316 616.463133
 31.600000 1.519363 2.409268 0.889906 5.966638 2372.243478 1.555556 -10.523366 1000.000000 2.083333 -3.956059 100.000000 -14.479425 -400594.503034 1.646525 0.286741 57.348165 0.257630 3.318661 663.732253
 31.650000 1.501043 2.411726 0.910682 6.877873 4050.015985 1.555556 -10.523366 1000.000000 2.083333 -3.956059 100.000000 -14.479425 -400594.878252 1.538669 0.051608 10.321592 0.238900 2.853669 570.733860
 31.700000 1.517132 2.316377 0.799246 3.453667 2019.474408 1.555556 -10.523366 1000.000000 2.083333 -3.956059 100.000000 -14.479425 -400590.318307 1.600486 0.044073 8.814592 0.221032 2.442758 488.551609
 31.750000 1.538326 2.390376 0.852050 4.862201 1239.609446 1.555556 -10.523366 1000.000000 2.083333 -3.956059 100.000000 -14.479425 -400588.487470 1.652559 0.334253 66.850538 0.246076 3.027658 605.531584
 31.800000 1.542916 2.357594 0.814677 3.840813 911.941470 1.555556 -10.523366 1000.000000 2.083333 -3.956059 100.000000 -14.479425 -400588.343146 1.552576 0.016599 3.319837 0.251924 3.173279 634.655815
 31.850000 1.474589 2.437039 0.962450 9.533196 7806.725632 1.555556 -10.523366 1000.000000 2.083333 -3.956059 100.000000 -14.479425 -400595.706431 1.620780 0.124920 24.984042 0.221638 2.456176 491.235134
 31.900000 1.505280 2.330064 0.824784 4.307595 3136.342807 1.555556 -10.523366 1000.000000 2.083333 -3.956059 100.000000 -14.479425 -400589.122736 1.613611 0.091655 18.331093 0.221925 2.462535 492.506912
 31.950000 1.515537 2.417543 0.902006 6.385557 2718.481534 1.555556 -10.523366 1000.000000 2.083333 -3.956059 100.000000 -14.479425 -400593.586673 1.628381 0.165801 33.160187 0.288537 4.162693 832.538629
 32.000000 1.538184 2.357134 0.818950 3.899219 1051.432790 1.555556 -10.523366 1000.000000 2.083333 -3.956059 100.000000 -14.479425 -400592.023542 1.537746 0.054615 10.923069 0.238888 2.853379 570.675803
 32.050000 1.503432 2.427008 0.923576 7.264053 3898.016530 1.555556 -10.523366 1000.000000 2.083333 -3.956059 100.000000 -14.479425 -400596.221534 1.614594 0.095911 19.182118 0.250135 3.128375 625.675024
 32.100000 1.490503 2.228697 0.738194 3.172422 4443.090410 1.555556 -10.523366 1000.000000 2.083333 -3.956059 100.000000 -14.479425 -400589.169705 1.656462 0.366933 73.386629 0.287781 4.140905 828.180940
 32.150000 1.548366 2.467105 0.918739 7.389869 1524.499922 1.555556 -10.523366 1000.000000 2.083333 -3.956059 100.000000 -14.479425 -400592.259813 1.493844 0.296081 59.216165 0.303705 4.611834 922.366884
 32.200000 1.560833 2.332361 0.771528 3.114676 648.002995 1.555556 -10.523366 1000.000000 2.083333 -3.956059 100.000000 -14.479425 -400587.881981 1.622317 0.132719 26.543806 0.184861 1.708678 341.735601
 32.250000 1.510504 2.443006 0.932501 7.483018 3323.260033 1.555556 -10.523366 1000.000000 2.083333 -3.956059 100.000000 -14.479425 -400594.736775 1.568372 0.000294 0.058765 0.281905 3.973529 794.705726
 32.300000 1.474564 2.271965 0.797401 5.058900 6915.441306 1.555556 -10.523366 1000.000000 2.083333 -3.956059 100.000000 -14.479425 -400593.084814 1.619875 0.120436 24.087267 0.245271 3.007905 601.581043
 32.350000 1.530881 2.493490 0.962608 8.715818 2291.103398 1.555556 -10.523366 1000.000000 2.083333 -3.956059 100.000000 -14.479425 -400594.454127 1.533559 0.069330 13.865932 0.216030 2.333438 466.687617
 32.400000 1.548052 2.295118 0.747066 2.270784 504.831936 1.555556 -10.523366 1000.000000 2.083333 -3.956059 100.000000 -14.479425 -400591.087864 1.623109 0.136833 27.366640 0.281413 3.959653 791.930692
 32.450000 1.515053 2.407922 0.892869 6.088105 2693.998808 1.555556 -10.523366 1000.000000 2.083333 -3.956059 100.000000 -14.479425 -400595.878060 1.635455 0.209035 41.807073 0.323667 5.238000 1047.600072
 32.500000 1.489454 2.334228 0.844774 5.332090 4998.848002 1.555556 -10.523366 1000.000000 2.083333 -3.956059 100.000000 -14.479425 -400592.423364 1.589647 0.017767 3.553391 0.204305 2.087031 417.406240
 32.550000 1.495490 2.488379 0.992890 10.007071 5248.528422 1.555556 -10.523366 1000.000000 2.083333 -3.956059 100.000000 -14.479425 -400598.497995 1.622460 0.133456 26.691125 0.250939 3.148522 629.704468
 32.600000 1.507279 2.268799 0.761520 2.885183 2674.592324 1.555556 -10.523366 1000.000000 2.083333 -3.956059 100.000000 -14.479425 -400591.521419 1.568200 0.000337 0.067417 0.299126 4.473815 894.762977
 32.650000 1.531275 2.451888 0.920613 7.086410 1947.889323 1.555556 -10.523366 1000.000000 2.083333 -3.956059 100.000000 -14.479425 -400594.548315 1.628822 0.168351 33.670285 0.274625 3.770955 754.190976
 32.700000 1.516817 2.375685 0.858867 5.023793 2355.351294 1.555556 -10.523366 1000.000000 2.083333 -3.956059 100.000000 -14.479425 -400587.283132 1.542121 0.041112 8.222499 0.197561 1.951524 390.304868
 32.750000 1.508070 2.441835 0.933766 7.553641 3540.144861 1.555556 -10.523366 1000.000000 2.083333 -3.956059 100.000000 -14.479425 -400595.455378 1.582012 0.006290 1.257926 0.312854 4.893896 978.779105
 32.800000 1.543970 2.214089 0.670119 0.921967 305.193312 1.555556 -10.523366 1000.000000 2.083333 -3.956059 100.000000 -14.479425 -400584.596209 1.629189 0.170488 34.097546 0.239889 2.877341 575.468143
 32.850000 1.521289 2.473496 0.952207 8.198435 2696.464576 1.555556 -10.523366 1000.000000 2.083333 -3.956059 100.000000 -14.479425 -400594.415495 1.562799 0.003198 0.639630 0.220469 2.430331 486.066186
 32.900000 1.513808 2.352241 0.838433 4.487009 2466.009762 1.555556 -10.523366 1000.000000 2.083333 -3.956059 100.000000 -14.479425 -400588.055123 1.626143 0.153165 30.632982 0.285382 4.072143 814.428682
 32.950000 1.472606 2.451799 0.979193 10.228660 8238.291036 1.555556 -10.523366 1000.000000 2.083333 -3.956059 100.000000 -14.479425 -400592.876954 1.556315 0.010486 2.097189 0.259884 3.376979 675.395742
 33.000000 1.561631 2.371955 0.810324 4.183582 869.938251 1.555556 -10.523366 1000.000000 2.083333 -3.956059 100.000000 -14.479425 -400587.242820 1.628587 0.166985 33.397070 0.219157 2.401499 480.299700
 33.050000 1.560385 2.304332 0.743947 2.453671 511.724124 1.555556 -10.523366 1000.000000 2.083333 -3.956059 100.000000 -14.479425 -400582.769924 1.600723 0.044780 8.955912 0.320001 5.120046 1024.009119
 33.100000 1.503745 2.351489 0.847744 4.937518 3403.358129 1.555556 -10.523366 1000.000000 2.083333 -3.956059 100.000000 -14.479425 -400584.651433 1.497140 0.271266 54.253181 0.265147 3.515148 703.029500
 33.150000 1.508098 2.388907 0.880809 5.794872 3185.961563 1.555556 -10.523366 1000.000000 2.083333 -3.956059 100.000000 -14.479425 -400589.605551 1.639671 0.237183 47.436693 0.190828 1.820758 364.151665
 33.200000 1.531425 2.451196 0.919771 7.057302 1935.507100 1.555556 -10.523366 1000.000000 2.083333 -3.956059 100.000000 -14.479425 -400596.229164 1.576164 0.001441 0.288111 0.265960 3.536724 707.344749
 33.250000 1.516914 2.283816 0.766901 2.756229 1895.069402 1.555556 -10.523366 1000.000000 2.083333 -3.956059 100.000000 -14.479425 -400588.457560 1.568231 0.000329 0.065828 0.260256 3.386654 677.330836
 33.300000 1.493679 2.511019 1.017340 11.060104 5657.825569 1.555556 -10.523366 1000.000000 2.083333 -3.956059 100.000000 -14.479425 -400598.707597 1.577389 0.002173 0.434617 0.213696 2.283308 456.661608
 33.350000 1.496579 2.314129 0.817549 4.402432 4010.881455 1.555556 -10.523366 1000.000000 2.083333 -3.956059 100.000000 -14.479425 -400591.618284 1.640746 0.244647 48.929452 0.247787 3.069931 613.986118
 33.400000 1.546496 2.379552 0.833056 4.428305 959.531465 1.555556 -10.523366 1000.000000 2.083333 -3.956059 100.000000 -14.479425 -400588.907951 1.535508 0.062263 12.452637 0.291338 4.243897 848.779304
 33.450000 1.529418 2.383941 0.854523 4.859844 1586.821191 1.555556 -10.523366 1000.000000 2.083333 -3.956059 100.000000 -14.479425 -400591.571495 1.611878 0.084386 16.877262 0.197531 1.950934 390.186739
 33.500000 1.497730 2.419946 0.922217 7.337327 4476.913964 1.555556 -10.523366 1000.000000 2.083333 -3.956059 100.000000 -14.479425 -400595.570223 1.586261 0.011957 2.391467 0.268912 3.615679 723.135895
 33.550000 1.510381 2.342793 0.832412 4.386340 2713.924835 1.555556 -10.523366 1000.000000 2.083333 -3.956059 100.000000 -14.479425 -400589.660519 1.534586 0.065560 13.111923 0.249627 3.115688 623.137688
 33.600000 1.516591 2.427326 0.910736 6.675684 2701.552198 1.555556 -10.523366 1000.000000 2.083333 -3.956059 100.000000 -14.479425 -400590.387444 1.659579 0.394120 78.823988 0.248035 3.076074 615.214736
 33.650000 1.526925 2.415935 0.889010 5.941055 1925.934996 1.555556 -10.523366 1000.000000 2.083333 -3.956059 100.000000 -14.479425 -400582.806238 1.555244 0.012094 2.418896 0.246633 3.041398 608.279509
 33.700000 1.567606 2.336222 0.768617 3.270247 784.737490 1.555556 -10.523366 1000.000000 2.083333 -3.956059 100.000000 -14.479425 -400590.527611 1.600374 0.043742 8.748408 0.287857 4.143080 828.615972
 33.750000 1.515519 2.424855 0.909337 6.633346 2769.331199 1.555556 -10.523366 1000.000000 2.083333 -3.956059 100.000000 -14.479425 -400588.928462 1.526439 0.098381 19.676120 0.212392 2.255509 451.101855
 33.800000 1.492025 2.342934 0.850909 5.387684 4710.048042 1.555556 -10.523366 1000.000000 2.083333 -3.956059 100.000000 -14.479425 -400590.832112 1.624592 0.144698 28.939622 0.229024 2.622604 524.520767
 33.850000 1.523149 2.463107 0.939958 7.736492 2492.453898 1.555556 -10.523366 1000.000000 2.083333 -3.956059 100.000000 -14.479425 -400595.501353 1.588566 0.015788 3.157690 0.275956 3.807588 761.517552
 33.900000 1.559210 2.292143 0.732933 2.186745 449.369197 1.555556 -10.523366 1000.000000 2.083333 -3.956059 100.000000 -14.479425 -400584.782754 1.559200 0.006724 1.344804 0.207224 2.147093 429.418668
 33.950000 1.508418 2.453538 0.945120 7.963568 3592.495795 1.555556 -10.523366 1000.000000 2.083333 -3.956059 100.000000 -14.479425 -400594.601519 1.573211 0.000292 0.058312 0.275385 3.791853 758.370645
 34.000000 1.474063 2.406952 0.932889 8.556998 7688.372068 1.555556 -10.523366 1000.000000 2.083333 -3.956059 100.000000 -14.479425 -400592.059351 1.636331 0.214740 42.948059 0.252745 3.194003 638.800580
 34.050000 1.509789 2.383627 0.873838 5.556109 2996.378477 1.555556 -10.523366 1000.000000 2.083333 -3.956059 100.000000 -14.479425 -400593.073177 1.571452 0.000021 0.004299 0.218865 2.395104 479.020734
 34.100000 1.521087 2.367885 0.846798 4.642533 1997.809338 1.555556 -10.523366 1000.000000 2.083333 -3.956059 100.000000 -14.479425 -400590.469740 1.575554 0.001132 0.226329 0.242574 2.942097 588.419324
 34.150000 1.517327 2.392811 0.875484 5.519542 2419.200338 1.555556 -10.523366 1000.000000 2.083333 -3.956059 100.000000 -14.479425 -400590.763586 1.631823 0.186215 37.242985 0.266201 3.543158 708.631680
 34.200000 1.518309 2.428304 0.909994 6.643860 2577.318805 1.555556 -10.523366 1000.000000 2.083333 -3.956059 100.000000 -14.479425 -400587.977013 1.554495 0.013287 2.657488 0.210783 2.221481 444.296210
 34.250000 1.505051 2.319139 0.814089 4.055597 3106.796890 1.555556 -10.523366 1000.000000 2.083333 -3.956059 100.000000 -14.479425 -400585.846805 1.615210 0.098629 19.725899 0.266667 3.555556 711.111185
 34.300000 1.531457 2.426670 0.895214 6.184403 1759.568194 1.555556 -10.523366 1000.000000 2.083333 -3.956059 100.000000 -14.479425 -400589.466538 1.549789 0.022065 4.412905 0.261343 3.415010 683.002085
 34.350000 1.526266 2.354544 0.828278 4.106690 1593.431062 1.555556 -10.523366 1000.000000 2.083333 -3.956059 100.000000 -14.479425 -400592.510713 1.599885 0.042308 8.461663 0.210053 2.206116 441.223174
 34.400000 1.497827 2.432077 0.934250 7.747396 4548.808235 1.555556 -10.523366 1000.000000 2.083333 -3.956059 100.000000 -14.479425 -400592.332231 1.598559 0.038537 7.707478 0.270983 3.671592 734.318463
 34.450000 1.475578 2.343072 0.867494 6.571410 7071.047912 1.555556 -10.523366 1000.000000 2.083333 -3.956059 100.000000 -14.479425 -400591.850878 1.580776 0.004980 0.995981 0.221671 2.456909 491.381875
 34.500000 1.540469 2.412109 0.871639 5.518460 1308.531329 1.555556 -10.523366 1000.000000 2.083333 -3.956059 100.000000 -14.479425 -400592.249679 1.589039 0.016640 3.328071 0.222890 2.484000 496.799973
 34.550000 1.557380 2.358690 0.801310 3.792731 761.540831 1.555556 -10.523366 1000.000000 2.083333 -3.956059 100.000000 -14.479425 -400589.320133 1.554891 0.012649 2.529708 0.259879 3.376865 675.373005
 34.600000 1.521050 2.323209 0.802159 3.472327 1766.017802 1.555556 -10.523366 1000.000000 2.083333 -3.956059 100.000000 -14.479425 -400593.081865 1.608252 0.070147 14.029460 0.260456 3.391871 678.374106
 34.650000 1.497067 2.457323 0.960256 8.703852 4819.571555 1.555556 -10.523366 1000.000000 2.083333 -3.956059 100.000000 -14.479425 -400598.143055 1.593009 0.024669 4.933874 0.214209 2.294279 458.855899
 34.700000 1.506406 2.334503 0.828097 4.362149 3046.534900 1.555556 -10.523366 1000.000000 2.083333 -3.956059 100.000000 -14.479425 -400593.131998 1.618533 0.113939 22.787839 0.258866 3.350574 670.114806
 34.750000 1.537426 2.424889 0.887464 5.997371 1495.292932 1.555556 -10.523366 1000.000000 2.083333 -3.956059 100.000000 -14.479425 -400594.227356 1.534990 0.064104 12.820742 0.252771 3.194653 638.930654
 34.800000 1.511521 2.318229 0.806708 3.728337 2490.827545 1.555556 -10.523366 1000.000000 2.083333 -3.956059 100.000000 -14.479425 -400588.227775 1.631437 0.183865 36.772986 0.220353 2.427767 485.553410
 34.850000 1.495843 2.506721 1.010878 10.745635 5358.115237 1.555556 -10.523366 1000.000000 2.083333 -3.956059 100.000000 -14.479425 -400596.330422 1.601055 0.045779 9.155858 0.269274 3.625420 725.083974
 34.900000 1.473729 2.304843 0.831114 5.801112 7186.220517 1.555556 -10.523366 1000.000000 2.083333 -3.956059 100.000000 -14.479425 -400590.050279 1.563761 0.002475 0.495012 0.226121 2.556541 511.308121
 34.950000 1.535951 2.399671 0.863719 5.195630 1385.014456 1.555556 -10.523366 1000.000000 2.083333 -3.956059 100.000000 -14.479425 -400590.648493 1.628006 0.163646 32.729209 0.253622 3.216207 643.241425
 35.000000 1.553740 2.356356 0.802617 3.728729 748.713949 1.555556 -10.523366 1000.000000 2.083333 -3.956059 100.000000 -14.479425 -400587.018149 1.558135 0.008016 1.603152 0.252479 3.187275 637.454940
 35.050000 1.485320 2.408645 0.923325 7.757887 5991.299968 1.555556 -10.523366 1000.000000 2.083333 -3.956059 100.000000 -14.479425 -400588.804383 1.628882 0.168695 33.739055 0.254758 3.245090 649.018013
 35.100000 1.500605 2.451979 0.951374 8.304765 4378.578890 1.555556 -10.523366 1000.000000 2.083333 -3.956059 100.000000 -14.479425 -400591.789110 1.569577 0.000074 0.014870 0.231804 2.686660 537.332024
 35.150000 1.510995 2.329168 0.818173 4.014538 2589.949036 1.555556 -10.523366 1000.000000 2.083333 -3.956059 100.000000 -14.479425 -400590.499397 1.665112 0.444774 88.954711 0.280312 3.928738 785.747644
 35.200000 1.514588 2.294457 0.779870 3.067846 2124.088472 1.555556 -10.523366 1000.000000 2.083333 -3.956059 100.000000 -14.479425 -400593.529774 1.582847 0.007261 1.452267 0.289859 4.200906 840.181177
 35.250000 1.512791 2.467350 0.954560 8.287870 3303.516463 1.555556 -10.523366 1000.000000 2.083333 -3.956059 100.000000 -14.479425 -400593.193715 1.538588 0.051869 10.373867 0.227200 2.580981 516.196178
 35.300000 1.501304 2.391276 0.889973 6.213072 3891.544728 1.555556 -10.523366 1000.000000 2.083333 -3.956059 100.000000 -14.479425 -400594.152650 1.625533 0.149806 29.961169 0.200869 2.017414 403.482759
 35.350000 1.552362 2.317817 0.765456 2.754236 560.028361 1.555556 -10.523366 1000.000000 2.083333 -3.956059 100.000000 -14.479425 -400590.351670 1.550997 0.019600 3.919985 0.304702 4.642150 928.430073
 35.400000 1.530812 2.359294 0.828481 4.113823 1373.764180 1.555556 -10.523366 1000.000000 2.083333 -3.956059 100.000000 -14.479425 -400590.275604 1.638201 0.227167 45.433480 0.273919 3.751570 750.314027
 35.450000 1.494069 2.465372 0.971303 9.187970 5240.089460 1.555556 -10.523366 1000.000000 2.083333 -3.956059 100.000000 -14.479425 -400589.179258 1.555109 0.012305 2.460997 0.161346 1.301629 260.325769
 35.500000 1.496079 2.363392 0.867313 5.690377 4321.802306 1.555556 -10.523366 1000.000000 2.083333 -3.956059 100.000000 -14.479425 -400592.680571 1.619829 0.120211 24.042231 0.322365 5.195954 1039.190844
 35.550000 1.531606 2.255826 0.724220 1.774473 871.101708 1.555556 -10.523366 1000.000000 2.083333 -3.956059 100.000000 -14.479425 -400590.539359 1.633912 0.199180 39.835900 0.337424 5.692757 1138.551479
 35.600000 1.512143 2.456693 0.944550 7.912204 3278.645014 1.555556 -10.523366 1000.000000 2.083333 -3.956059 100.000000 -14.479425 -400593.539661 1.524341 0.107906 21.581243 0.232761 2.708893 541.778539
 35.650000 1.505023 2.342388 0.837365 4.632245 3224.661710 1.555556 -10.523366 1000.000000 2.083333 -3.956059 100.000000 -14.479425 -400591.368139 1.641660 0.251081 50.216290 0.198256 1.965271 393.054139
 35.700000 1.487994 2.394310 0.906316 7.117618 5531.660492 1.555556 -10.523366 1000.000000 2.083333 -3.956059 100.000000 -14.479425 -400592.222205 1.631342 0.183288 36.657571 0.318482 5.071544 1014.308794
 35.750000 1.536128 2.250302 0.714173 1.582629 656.196620 1.555556 -10.523366 1000.000000 2.083333 -3.956059 100.000000 -14.479425 -400587.319076 1.551121 0.019357 3.871355 0.293579 4.309440 861.887943
 35.800000 1.489714 2.399297 0.909583 7.159234 5333.500877 1.555556 -10.523366 1000.000000 2.083333 -3.956059 100.000000 -14.479425 -400596.208071 1.644879 0.274411 54.882103 0.224894 2.528859 505.771734
 35.850000 1.515072 2.435203 0.920131 7.010063 2877.018922 1.555556 -10.523366 1000.000000 2.083333 -3.956059 100.000000 -14.479425 -400592.022857 1.596259 0.032418 6.483591 0.222950 2.485330 497.065939
 35.900000 1.538825 2.306450 0.767625 2.629016 777.724586 1.555556 -10.523366 1000.000000 2.083333 -3.956059 100.000000 -14.479425 -400588.961023 1.592630 0.023836 4.767233 0.346267 5.995031 1199.006140
 35.950000 1.453006 2.348774 0.895769 8.781200 11221.102181 1.555556 -10.523366 1000.000000 2.083333 -3.956059 100.000000 -14.479425 -400591.961673 1.649930 0.313107 62.621445 0.288480 4.161044 832.208793
 36.000000 1.478923 2.518182 1.039259 12.390939 7763.449732 1.555556 -10.523366 1000.000000 2.083333 -3.956059 100.000000 -14.479425 -400591.335645 1.604559 0.056996 11.399223 0.171654 1.473251 294.650123
 36.050000 1.526028 2.287593 0.761564 2.522022 1289.073411 1.555556 -10.523366 1000.000000 2.083333 -3.956059 100.000000 -14.479425 -400590.623309 1.595659 0.030907 6.181480 0.266701 3.556478 711.295566
 36.100000 1.536079 2.360753 0.824673 4.037739 1148.936426 1.555556 -10.523366 1000.000000 2.083333 -3.956059 100.000000 -14.479425 -400590.688516 1.587831 0.014509 2.901832 0.333389 5.557416 1111.483220
 36.150000 1.502911 2.348943 0.846033 4.913174 3476.972613 1.555556 -10.523366 1000.000000 2.083333 -3.956059 100.000000 -14.479425 -400591.018307 1.650659 0.318903 63.780695 0.191724 1.837899 367.579797
 36.200000 1.486355 2.457877 0.971522 9.408513 6191.586746 1.555556 -10.523366 1000.000000 2.083333 -3.956059 100.000000 -14.479425 -400593.847911 1.538889 0.050904 10.180751 0.210672 2.219138 443.827534
 36.250000 1.515717 2.272786 0.757069 2.588159 1946.001851 1.555556 -10.523366 1000.000000 2.083333 -3.956059 100.000000 -14.479425 -400592.276177 1.575874 0.001289 0.257789 0.285983 4.089317 817.863417
 36.300000 1.542076 2.445910 0.903834 6.663937 1496.323032 1.555556 -10.523366 1000.000000 2.083333 -3.956059 100.000000 -14.479425 -400594.894713 1.703213 0.876713 175.342504 0.273017 3.726920 745.383967
 36.350000 1.509482 2.346144 0.836661 4.514835 2813.441003 1.555556 -10.523366 1000.000000 2.083333 -3.956059 100.000000 -14.479425 -400589.081567 1.583401 0.007944 1.588776 0.199300 1.986023 397.204507
 36.400000 1.495445 2.433835 0.938390 7.949224 4841.801131 1.555556 -10.523366 1000.000000 2.083333 -3.956059 100.000000 -14.479425 -400594.324757 1.536366 0.059274 11.854708 0.293570 4.309167 861.833333
 36.450000 1.518448 2.321908 0.803461 3.534399 1946.177387 1.555556 -10.523366 1000.000000 2.083333 -3.956059 100.000000 -14.479425 -400590.955487 1.638928 0.232094 46.418730 0.229812 2.640667 528.133303
 36.500000 1.513641 2.408968 0.895327 6.180326 2817.233336 1.555556 -10.523366 1000.000000 2.083333 -3.956059 100.000000 -14.479425 -400591.047485 1.585623 0.010991 2.198193 0.223953 2.507749 501.549751
 36.550000 1.485537 2.348081 0.862544 5.955881 5603.534039 1.555556 -10.523366 1000.000000 2.083333 -3.956059 100.000000 -14.479425 -400592.892444 1.604674 0.057386 11.477103 0.271130 3.675581 735.116177
 36.600000 1.523262 2.422790 0.899528 6.282972 2195.198235 1.555556 -10.523366 1000.000000 2.083333 -3.956059 100.000000 -14.479425 -400588.394169 1.578495 0.002964 0.592753 0.238917 2.854073 570.814602
 36.650000 1.535403 2.362648 0.827245 4.103900 1186.284539 1.555556 -10.523366 1000.000000 2.083333 -3.956059 100.000000 -14.479425 -400587.730538 1.642406 0.256400 51.280053 0.216650 2.346861 469.372227
 36.700000 1.513327 2.389935 0.876607 5.591835 2723.269607 1.555556 -10.523366 1000.000000 2.083333 -3.956059 100.000000 -14.479425 -400592.968447 1.517227 0.143481 28.696218 0.268765 3.611744 722.348866
 36.750000 1.492537 2.402210 0.909673 7.069786 4988.177193 1.555556 -10.523366 1000.000000 2.083333 -3.956059 100.000000 -14.479425 -400596.137084 1.679394 0.589668 117.933538 0.266663 3.555454 711.090855
 36.800000 1.524668 2.379551 0.854883 4.864271 1831.481822 1.555556 -10.523366 1000.000000 2.083333 -3.956059 100.000000 -14.479425 -400594.141908 1.567032 0.000709 0.141727 0.238356 2.840683 568.136683
 36.850000 1.509196 2.433749 0.924553 7.214162 3377.107064 1.555556 -10.523366 1000.000000 2.083333 -3.956059 100.000000 -14.479425 -400596.870218 1.553145 0.015578 3.115552 0.269622 3.634791 726.958252
 36.900000 1.527378 2.306910 0.779532 2.896309 1293.822699 1.555556 -10.523366 1000.000000 2.083333 -3.956059 100.000000 -14.479425 -400592.139831 1.668733 0.479579 95.915801 0.256902 3.299943 659.988662
 36.950000 1.491799 2.471751 0.979952 9.575845 5573.555596 1.555556 -10.523366 1000.000000 2.083333 -3.956059 100.000000 -14.479425 -400594.186631 1.565776 0.001260 0.252070 0.219628 2.411816 482.363174
 37.000000 1.509525 2.287786 0.778261 3.149448 2536.799981 1.555556 -10.523366 1000.000000 2.083333 -3.956059 100.000000 -14.479425 -400587.828626 1.611856 0.084295 16.859098 0.245488 3.013219 602.643784
 37.050000 1.512594 2.400909 0.888314 5.965543 2854.223484 1.555556 -10.523366 1000.000000 2.083333 -3.956059 100.000000 -14.479425 -400594.004790 1.587327 0.013663 2.732508 0.266485 3.550701 710.140159
 37.100000 1.532973 2.435696 0.902723 6.462943 1751.557574 1.555556 -10.523366 1000.000000 2.083333 -3.956059 100.000000 -14.479425 -400589.448578 1.579899 0.004143 0.828526 0.240776 2.898650 579.730003
 37.150000 1.496917 2.275000 0.778083 3.556064 3805.889383 1.555556 -10.523366 1000.000000 2.083333 -3.956059 100.000000 -14.479425 -400588.910755 1.698810 0.819370 163.873906 0.280845 3.943696 788.739284
 37.200000 1.535903 2.420805 0.884902 5.887478 1525.105444 1.555556 -10.523366 1000.000000 2.083333 -3.956059 100.000000 -14.479425 -400591.030144 1.489423 0.331082 66.216476 0.276956 3.835238 767.047553
 37.250000 1.553439 2.380718 0.827278 4.424109 888.852868 1.555556 -10.523366 1000.000000 2.083333 -3.956059 100.000000 -14.479425 -400592.733274 1.566102 0.001102 0.220399 0.254993 3.251066 650.213256
 37.300000 1.486830 2.306928 0.820098 4.861305 5223.087527 1.555556 -10.523366 1000.000000 2.083333 -3.956059 100.000000 -14.479425 -400591.454032 1.609571 0.075173 15.034588 0.236658 2.800352 560.070356
 37.350000 1.474538 2.467629 0.993091 10.666088 8040.712831 1.555556 -10.523366 1000.000000 2.083333 -3.956059 100.000000 -14.479425 -400591.511218 1.557287 0.009125 1.824944 0.237977 2.831646 566.329199
 37.400000 1.485457 2.344046 0.858589 5.855445 5593.475820 1.555556 -10.523366 1000.000000 2.083333 -3.956059 100.000000 -14.479425 -400588.721012 1.724255 1.177478 235.495526 0.246400 3.035644 607.128893
 37.450000 1.567578 2.372406 0.804829 4.250427 980.161336 1.555556 -10.523366 1000.000000 2.083333 -3.956059 100.000000 -14.479425 -400590.617697 1.523724 0.110790 22.157949 0.258755 3.347698 669.539650
 37.500000 1.528179 2.362252 0.834072 4.264496 1527.407132 1.555556 -10.523366 1000.000000 2.083333 -3.956059 100.000000 -14.479425 -400587.313595 1.573864 0.000470 0.094078 0.235379 2.770169 554.033753
 37.550000 1.516100 2.396794 0.880694 5.691254 2539.351468 1.555556 -10.523366 1000.000000 2.083333 -3.956059 100.000000 -14.479425 -400593.330773 1.637744 0.224101 44.820254 0.250266 3.131661 626.332134
 37.600000 1.458202 2.339893 0.881692 8.030041 10136.002659 1.555556 -10.523366 1000.000000 2.083333 -3.956059 100.000000 -14.479425 -400591.667943 1.594894 0.029034 5.806842 0.220698 2.435391 487.078210
 37.650000 1.533468 2.381732 0.848265 4.696039 1378.294124 1.555556 -10.523366 1000.000000 2.083333 -3.956059 100.000000 -14.479425 -400594.602084 1.607877 0.068749 13.749796 0.252692 3.192674 638.534883
 37.700000 1.589098 2.399361 0.810263 5.556234 2123.840403 1.555556 -10.523366 1000.000000 2.083333 -3.956059 100.000000 -14.479425 -400588.198340 1.582478 0.006823 1.364632 0.241690 2.920700 584.139958
 37.750000 1.517274 2.327797 0.810524 3.720890 2063.141686 1.555556 -10.523366 1000.000000 2.083333 -3.956059 100.000000 -14.479425 -400592.683595 1.591767 0.021988 4.397513 0.257382 3.312287 662.457497
 37.800000 1.495373 2.335605 0.840233 4.993045 4258.393811 1.555556 -10.523366 1000.000000 2.083333 -3.956059 100.000000 -14.479425 -400593.555013 1.584530 0.009430 1.886061 0.243131 2.955630 591.126041
 37.850000 1.494341 2.466853 0.972512 9.227996 5218.126977 1.555556 -10.523366 1000.000000 2.083333 -3.956059 100.000000 -14.479425 -400595.340798 1.613174 0.089793 17.958536 0.222779 2.481519 496.303734
 37.900000 1.547191 2.357766 0.810575 3.800647 823.099358 1.555556 -10.523366 1000.000000 2.083333 -3.956059 100.000000 -14.479425 -400592.120622 1.603125 0.052256 10.451116 0.266799 3.559085 711.817050
 37.950000 1.540180 2.312667 0.772487 2.747892 762.335555 1.555556 -10.523366 1000.000000 2.083333 -3.956059 100.000000 -14.479425 -400586.613464 1.538808 0.051162 10.232441 0.232945 2.713165 542.632975
 38.000000 1.531019 2.393382 0.862362 5.107517 1563.324935 1.555556 -10.523366 1000.000000 2.083333 -3.956059 100.000000 -14.479425 -400592.576436 1.616042 0.102359 20.471799 0.233225 2.719701 543.940248
 38.050000 1.483706 2.421849 0.938143 8.310795 6308.232494 1.555556 -10.523366 1000.000000 2.083333 -3.956059 100.000000 -14.479425 -400593.631578 1.601134 0.046019 9.203868 0.246808 3.045699 609.139807
 38.100000 1.490092 2.385269 0.895177 6.700991 5197.102739 1.555556 -10.523366 1000.000000 2.083333 -3.956059 100.000000 -14.479425 -400591.154905 1.650768 0.319773 63.954570 0.293507 4.307310 861.461943
 38.150000 1.539348 2.331748 0.792400 3.216839 879.784724 1.555556 -10.523366 1000.000000 2.083333 -3.956059 100.000000 -14.479425 -400589.384913 1.574962 0.000868 0.173523 0.287237 4.125259 825.051775
 38.200000 1.491961 2.502604 1.010643 10.811546 5802.147157 1.555556 -10.523366 1000.000000 2.083333 -3.956059 100.000000 -14.479425 -400593.324621 1.625608 0.150219 30.043716 0.247343 3.058931 611.786117
 38.250000 1.511435 2.284053 0.772618 2.987726 2349.508331 1.555556 -10.523366 1000.000000 2.083333 -3.956059 100.000000 -14.479425 -400588.174782 1.576269 0.001498 0.299511 0.205547 2.112486 422.497191
 38.300000 1.507371 2.442103 0.934732 7.596657 3608.899074 1.555556 -10.523366 1000.000000 2.083333 -3.956059 100.000000 -14.479425 -400591.136619 1.555820 0.011215 2.242918 0.263960 3.483753 696.750527
 38.350000 1.523271 2.310352 0.787080 3.097996 1557.638403 1.555556 -10.523366 1000.000000 2.083333 -3.956059 100.000000 -14.479425 -400586.709241 1.689341 0.702645 140.529095 0.265926 3.535824 707.164769
 38.400000 1.566072 2.485649 0.919577 8.148212 1729.178322 1.555556 -10.523366 1000.000000 2.083333 -3.956059 100.000000 -14.479425 -400590.696784 1.473971 0.468757 93.751419 0.246280 3.032686 606.537225
 38.450000 1.498225 2.263632 0.765406 3.268749 3611.813339 1.555556 -10.523366 1000.000000 2.083333 -3.956059 100.000000 -14.479425 -400590.085942 1.618642 0.114461 22.892180 0.234941 2.759867 551.973319
 38.500000 1.522288 2.431071 0.908783 6.599434 2315.927189 1.555556 -10.523366 1000.000000 2.083333 -3.956059 100.000000 -14.479425 -400594.732206 1.637387 0.221715 44.342996 0.309415 4.786889 957.377819
 38.550000 1.523326 2.368334 0.845008 4.580644 1851.015127 1.555556 -10.523366 1000.000000 2.083333 -3.956059 100.000000 -14.479425 -400591.715314 1.531930 0.075529 15.105760 0.230722 2.661641 532.328188
 38.600000 1.487859 2.387640 0.899781 6.921552 5508.897456 1.555556 -10.523366 1000.000000 2.083333 -3.956059 100.000000 -14.479425 -400591.393292 1.569506 0.000083 0.016641 0.218158 2.379644 475.928761
 38.650000 1.489367 2.404474 0.915107 7.347015 5412.193119 1.555556 -10.523366 1000.000000 2.083333 -3.956059 100.000000 -14.479425 -400592.235875 1.619904 0.120580 24.116050 0.251091 3.152328 630.465551
 38.700000 1.541048 2.372578 0.831530 4.288368 1047.098069 1.555556 -10.523366 1000.000000 2.083333 -3.956059 100.000000 -14.479425 -400593.186715 1.625885 0.151736 30.347109 0.265492 3.524306 704.861139
 38.750000 1.542099 2.375909 0.833810 4.370566 1037.079904 1.555556 -10.523366 1000.000000 2.083333 -3.956059 100.000000 -14.479425 -400591.149253 1.498006 0.264919 52.983782 0.210875 2.223406 444.681152
 38.800000 1.507435 2.341503 0.834068 4.490367 2982.070594 1.555556 -10.523366 1000.000000 2.083333 -3.956059 100.000000 -14.479425 -400595.783279 1.618334 0.112993 22.598578 0.261052 3.407411 681.482258
 38.850000 1.474710 2.403502 0.928793 8.393436 7561.131176 1.555556 -10.523366 1000.000000 2.083333 -3.956059 100.000000 -14.479425 -400595.937871 1.662547 0.420907 84.181360 0.259349 3.363102 672.620477
 38.900000 1.523630 2.364262 0.840632 4.455671 1808.473438 1.555556 -10.523366 1000.000000 2.083333 -3.956059 100.000000 -14.479425 -400591.451086 1.540524 0.045822 9.164312 0.210398 2.213366 442.673292
 38.950000 1.539341 2.383726 0.844385 4.643233 1165.260323 1.555556 -10.523366 1000.000000 2.083333 -3.956059 100.000000 -14.479425 -400591.899600 1.566121 0.001093 0.218554 0.258099 3.330759 666.151772
 39.000000 1.525391 2.370070 0.844679 4.565860 1732.109387 1.555556 -10.523366 1000.000000 2.083333 -3.956059 100.000000 -14.479425 -400590.535503 1.610146 0.077419 15.483774 0.255467 3.263176 652.635128
 39.050000 1.498661 2.359098 0.860437 5.420823 3997.480288 1.555556 -10.523366 1000.000000 2.083333 -3.956059 100.000000 -14.479425 -400591.063413 1.638486 0.229098 45.819589 0.228797 2.617405 523.481023
 39.100000 1.499986 2.381436 0.881451 5.987276 3976.658063 1.555556 -10.523366 1000.000000 2.083333 -3.956059 100.000000 -14.479425 -400591.555517 1.518936 0.134476 26.895300 0.240583 2.894016 578.803231
 39.150000 1.555723 2.401660 0.845937 5.066611 1013.347264 1.555556 -10.523366 1000.000000 2.083333 -3.956059 100.000000 -14.479425 -400594.874928 1.585209 0.010387 2.077334 0.287607 4.135902 827.180487
 39.200000 1.514632 2.333268 0.818636 3.960728 2299.409324 1.555556 -10.523366 1000.000000 2.083333 -3.956059 100.000000 -14.479425 -400590.948948 1.655506 0.358782 71.756441 0.213209 2.272911 454.582110
 39.250000 1.505829 2.395202 0.889373 6.099478 3445.388345 1.555556 -10.523366 1000.000000 2.083333 -3.956059 100.000000 -14.479425 -400594.403304 1.545800 0.031242 6.248376 0.243650 2.968255 593.651078
 39.300000 1.508501 2.394197 0.885696 5.938864 3180.460226 1.555556 -10.523366 1000.000000 2.083333 -3.956059 100.000000 -14.479425 -400591.736598 1.639499 0.236003 47.200505 0.274414 3.765140 753.028000
 39.350000 1.524209 2.396790 0.872582 5.404075 1965.172389 1.555556 -10.523366 1000.000000 2.083333 -3.956059 100.000000 -14.479425 -400592.781639 1.585288 0.010501 2.100157 0.207336 2.149403 429.880660
 39.400000 1.507540 2.345202 0.837662 4.581494 2991.202363 1.555556 -10.523366 1000.000000 2.083333 -3.956059 100.000000 -14.479425 -400592.677270 1.606121 0.062392 12.478428 0.249126 3.103199 620.639896
 39.450000 1.484632 2.355801 0.871169 6.226990 5772.522455 1.555556 -10.523366 1000.000000 2.083333 -3.956059 100.000000 -14.479425 -400593.738553 1.648394 0.301067 60.213370 0.304483 4.635493 927.098653
 39.500000 1.509747 2.497135 0.987389 9.610838 3810.788785 1.555556 -10.523366 1000.000000 2.083333 -3.956059 100.000000 -14.479425 -400598.913472 1.555041 0.012412 2.482385 0.233991 2.737581 547.516238
 39.550000 1.522957 2.269068 0.746111 2.256214 1407.665561 1.555556 -10.523366 1000.000000 2.083333 -3.956059 100.000000 -14.479425 -400589.500096 1.597499 0.035652 7.130404 0.220243 2.425339 485.067836
 39.600000 1.552380 2.395991 0.843611 4.892774 987.630004 1.555556 -10.523366 1000.000000 2.083333 -3.956059 100.000000 -14.479425 -400594.057549 1.587115 0.013314 2.662859 0.304674 4.641299 928.259809
 39.650000 1.502835 2.454175 0.951340 8.265904 4154.706349 1.555556 -10.523366 1000.000000 2.083333 -3.956059 100.000000 -14.479425 -400593.035058 1.657587 0.376627 75.325441 0.215632 2.324854 464.970763
 39.700000 1.498112 2.351147 0.853034 5.236056 4016.952837 1.555556 -10.523366 1000.000000 2.083333 -3.956059 100.000000 -14.479425 -400590.636264 1.524084 0.109104 21.820870 0.220195 2.424300 484.860096
 39.750000 1.500567 2.323936 0.823369 4.406340 3602.604587 1.555556 -10.523366 1000.000000 2.083333 -3.956059 100.000000 -14.479425 -400592.049221 1.603790 0.054430 10.885963 0.271156 3.676282 735.256403
 39.800000 1.551403 2.386441 0.835038 4.602337 935.986138 1.555556 -10.523366 1000.000000 2.083333 -3.956059 100.000000 -14.479425 -400592.618633 1.635494 0.209289 41.857872 0.254818 3.246613 649.322632
 39.850000 1.527298 2.424216 0.896919 6.209320 1960.523166 1.555556 -10.523366 1000.000000 2.083333 -3.956059 100.000000 -14.479425 -400595.004474 1.528904 0.087749 17.549794 0.237954 2.831099 566.219753
 39.900000 1.488879 2.264203 0.775324 3.858589 4772.937952 1.555556 -10.523366 1000.000000 2.083333 -3.956059 100.000000 -14.479425 -400591.889784 1.590672 0.019753 3.950507 0.285782 4.083560 816.712083
 39.950000 1.506371 2.417650 0.911279 6.797945 3536.824684 1.555556 -10.523366 1000.000000 2.083333 -3.956059 100.000000 -14.479425 -400594.922367 1.667997 0.472395 94.479039 0.261982 3.431730 686.346078
 40.000000 1.499103 2.409742 0.910639 6.920596 4252.363747 1.555556 -10.523366 1000.000000 2.083333 -3.956059 100.000000 -14.479425 -400593.203887 1.589158 0.016858 3.371555 0.198954 1.979138 395.827609
