#! FIELDS time d1 d2 rc steer.bias steer.force2 steer.d1_cntr steer.d1_work steer.d1_kappa steer.d2_cntr steer.d2_work steer.d2_kappa steer.work ener an res.bias res.force2 an2 res2.bias res2.force2
 0.000000 2.644139 1.840637 -0.803502 0.008586 17.136183 2.640000 0.000000 1000.000000 1.840000 0.000000 100.000000 0.000000 -400576.064421 1.275815 4.350712 870.142465 0.097644 0.476720 95.344035
 0.050000 2.650507 1.753130 -0.897377 0.432517 185.854051 2.640000 0.000000 1000.000000 1.840000 0.000000 100.000000 0.000000 -400568.697543 1.366645 2.083880 416.776058 0.005476 0.001499 0.299858
 0.100000 2.628927 1.941090 -0.687837 0.572270 224.812132 2.640000 0.000000 1000.000000 1.840000 0.000000 100.000000 0.000000 -400570.225001 1.388183 1.667373 333.474624 0.192686 1.856403 371.280528
 0.150000 2.611159 2.001176 -0.609983 1.714784 1091.569561 2.640000 0.000000 1000.000000 1.840000 0.000000 100.000000 0.000000 -400565.273596 1.471261 0.495360 99.071927 0.048603 0.118112 23.622403
 0.200000 2.623322 1.766290 -0.857032 0.410740 332.492177 2.640000 0.000000 1000.000000 1.840000 0.000000 100.000000 0.000000 -400568.079413 1.265229 4.668558 933.711565 0.048691 0.118543 23.708532
 0.250000 2.669036 1.818519 -0.850517 0.444603 847.675232 2.640000 0.000000 1000.000000 1.840000 0.000000 100.000000 0.000000 -400569.554045 1.386977 1.689485 337.897060 0.181125 1.640314 328.062820
 0.300000 2.650048 1.954408 -0.695640 0.704938 231.848134 2.640000 0.000000 1000.000000 1.840000 0.000000 100.000000 0.000000 -400567.117553 1.483399 0.381911 76.382136 0.151408 1.146219 229.243826
 0.350000 2.617272 1.864025 -0.753247 0.287142 522.336187 2.640000 0.000000 1000.000000 1.840000 0.000000 100.000000 0.000000 -400572.608285 1.262992 4.737163 947.432556 0.053660 0.143971 28.794293
 0.400000 2.629819 1.763182 -0.866637 0.346873 162.657706 2.640000 0.000000 1000.000000 1.840000 0.000000 100.000000 0.000000 -400568.333097 1.429872 0.992983 198.596588 0.092379 0.426696 85.339296
 0.450000 2.658082 1.948013 -0.710068 0.746816 443.610985 2.640000 0.000000 1000.000000 1.840000 0.000000 100.000000 0.000000 -400568.445274 1.426071 1.047275 209.454950 0.222816 2.482344 496.468721
 0.500000 2.640342 1.967681 -0.672661 0.815174 163.140005 2.640000 0.000000 1000.000000 1.840000 0.000000 100.000000 0.000000 -400567.368014 1.429820 0.993712 198.742318 0.057880 0.167507 33.501384
 0.550000 2.597278 1.796252 -0.801027 0.935833 1475.345199 2.635111 0.005065 1000.000000 1.862611 -0.114530 100.000000 -0.109465 -400571.050733 1.294188 3.825609 765.121785 0.038648 0.074683 14.936620
 0.600000 2.661600 1.817999 -0.843601 0.718231 1029.758141 2.630222 0.018733 1000.000000 1.885222 -0.161333 100.000000 -0.142600 -400567.766102 1.434690 0.926247 185.249500 0.229392 2.631024 526.204880
 0.650000 2.630196 1.971711 -0.658485 0.215843 64.451605 2.625333 -0.020774 1000.000000 1.907833 -0.086834 100.000000 -0.107608 -400566.877192 1.558779 0.007220 1.444093 0.232745 2.708516 541.703195
 0.700000 2.595598 1.882351 -0.713246 0.424332 640.496436 2.620444 -0.047134 1000.000000 1.930444 0.038281 100.000000 -0.008853 -400571.562200 1.249194 5.171395 1034.278910 0.067848 0.230171 46.034149
 0.750000 2.639538 1.862670 -0.776868 0.696056 656.860258 2.615556 -0.020323 1000.000000 1.953056 -0.047575 100.000000 -0.067898 -400569.126312 1.404107 1.389269 277.853830 0.075326 0.283700 56.739959
 0.800000 2.624561 2.036212 -0.588349 0.279818 229.715576 2.610667 -0.041808 1000.000000 1.975667 0.156086 100.000000 0.114278 -400563.505053 1.391055 1.615340 323.068033 0.235061 2.762677 552.535450
 0.850000 2.611986 1.813343 -0.798643 1.729307 380.549648 2.605778 -0.052426 1000.000000 1.998278 0.271591 100.000000 0.219165 -400563.138611 1.460667 0.606426 121.285107 0.140458 0.986427 197.285446
 0.900000 2.582344 2.036918 -0.545427 0.184796 346.468429 2.600889 -0.058866 1000.000000 2.020889 0.314538 100.000000 0.255672 -400565.226009 1.405529 1.365665 273.133076 0.152096 1.156653 231.330688
 0.950000 2.579300 1.929510 -0.649790 0.789140 408.838805 2.596000 -0.105401 1000.000000 2.043500 0.656972 100.000000 0.551572 -400568.933433 1.433612 0.940976 188.195229 0.131883 0.869659 173.931818
 1.000000 2.568534 1.983303 -0.585231 0.597730 578.305844 2.591111 -0.119469 1000.000000 2.066111 0.741142 100.000000 0.621673 -400571.453083 1.335587 2.766160 553.232074 0.061492 0.189061 37.812208
 1.050000 2.554272 2.003253 -0.551020 0.875653 1093.852889 2.586222 -0.142587 1000.000000 2.088722 1.136576 100.000000 0.993989 -400568.885628 1.410725 1.281138 256.227675 0.114419 0.654586 130.917138
 1.100000 2.576277 1.868604 -0.707673 2.958648 614.735193 2.581333 -0.178101 1000.000000 2.111333 1.383406 100.000000 1.205305 -400569.738593 1.399289 1.470731 294.146131 0.151108 1.141687 228.337473
 1.150000 2.610213 2.053224 -0.556988 0.895933 1205.447535 2.576444 -0.180347 1000.000000 2.133944 1.752503 100.000000 1.572156 -400567.610080 1.374800 1.920730 384.145966 0.153397 1.176532 235.306365
 1.200000 2.594619 1.894960 -0.699659 3.687584 1216.247817 2.571556 -0.184330 1000.000000 2.156556 2.105495 100.000000 1.921164 -400570.336675 1.397415 1.503050 300.609964 0.081255 0.330121 66.024169
 1.250000 2.609028 1.998523 -0.610505 2.528841 2120.794235 2.566667 -0.190704 1000.000000 2.179167 2.518384 100.000000 2.327680 -400568.004417 1.327271 2.965229 593.045775 0.154040 1.186419 237.283753
 1.300000 2.578955 1.963521 -0.615434 2.985853 862.723650 2.561778 -0.230731 1000.000000 2.201778 2.990702 100.000000 2.759971 -400565.122117 1.481032 0.402877 80.575491 0.082533 0.340582 68.116340
 1.350000 2.550716 2.007346 -0.543370 2.374439 509.187226 2.556889 -0.228623 1000.000000 2.224389 3.414077 100.000000 3.185455 -400568.600262 1.291975 3.887073 777.414650 0.106688 0.569112 113.822364
 1.400000 2.529351 2.062890 -0.466460 1.951314 851.955560 2.552000 -0.273228 1000.000000 2.247000 3.910285 100.000000 3.637057 -400563.471371 1.557097 0.009384 1.876739 0.114147 0.651474 130.294829
 1.450000 2.532451 2.061986 -0.470465 2.262870 646.007611 2.547111 -0.294724 1000.000000 2.269611 4.311555 100.000000 4.016831 -400566.658292 1.307709 3.460738 692.147522 0.137354 0.943309 188.661851
 1.500000 2.515489 2.104087 -0.411402 2.127076 1068.609514 2.542222 -0.319571 1000.000000 2.292222 4.824911 100.000000 4.505340 -400562.192943 1.529637 0.084703 16.940531 0.095179 0.452956 90.591141
 1.550000 2.507709 2.138643 -0.369066 1.990945 1188.017988 2.537333 -0.343960 1000.000000 2.314833 5.234005 100.000000 4.890046 -400565.038034 1.314522 3.283821 656.764179 0.087448 0.382354 76.470780
 1.600000 2.508181 2.094661 -0.413520 3.241539 1178.154632 2.532444 -0.371177 1000.000000 2.337444 5.701687 100.000000 5.330510 -400560.881177 1.558465 0.007603 1.520603 0.094580 0.447264 89.452897
 1.650000 2.481141 2.171958 -0.309183 2.846187 2508.123662 2.527556 -0.415212 1000.000000 2.360056 6.279204 100.000000 5.863992 -400564.691235 1.315412 3.261058 652.211602 0.154500 1.193518 238.703651
 1.700000 2.516939 2.340289 -0.176650 0.106193 50.760240 2.522667 -0.436936 1000.000000 2.382667 6.544213 100.000000 6.107277 -400555.940375 1.604213 0.055835 11.167034 0.026501 0.035115 7.023023
 1.750000 2.527789 2.729460 0.201671 5.304805 1151.164045 2.517778 -0.450624 1000.000000 2.405278 6.351105 100.000000 5.900481 -400565.958190 1.454833 0.672378 134.475565 0.080408 0.323275 64.655094
 1.800000 2.485261 2.750738 0.265477 5.593228 1805.608428 2.512889 -0.400515 1000.000000 2.427889 5.444423 100.000000 5.043908 -400562.890711 1.483063 0.384854 76.970856 0.040267 0.081071 16.214289
 1.850000 2.503456 2.661622 0.158166 2.238949 466.369499 2.508000 -0.414762 1000.000000 2.450500 5.003980 100.000000 4.589218 -400562.797798 1.596044 0.031873 6.374626 0.218415 2.385256 477.051242
 1.900000 2.536210 2.732235 0.196025 3.905013 1766.975720 2.503111 -0.380748 1000.000000 2.473111 4.455657 100.000000 4.074909 -400566.946691 1.384389 1.737391 347.478231 0.220133 2.422938 484.587563
 1.950000 2.517447 2.532655 0.015208 0.253004 383.245607 2.498222 -0.334593 1000.000000 2.495722 3.967733 100.000000 3.633141 -400565.634894 1.491260 0.316297 63.259490 0.062356 0.194413 38.882604
 2.000000 2.486678 2.698238 0.211560 1.640432 367.948476 2.493333 -0.272748 1000.000000 2.518333 3.788621 100.000000 3.515872 -400566.447221 1.424288 1.073237 214.647390 0.290677 4.224654 844.930784
 2.050000 2.439039 2.667155 0.228116 2.016925 2600.231651 2.488444 -0.323361 1000.000000 2.540944 3.546779 100.000000 3.223417 -400563.957197 1.517225 0.143495 28.698975 0.102683 0.527191 105.438180
 2.100000 2.449919 2.650930 0.201012 0.947443 1207.793128 2.483556 -0.283796 1000.000000 2.563556 3.231445 100.000000 2.947649 -400569.975691 1.598360 0.037988 7.597698 0.188210 1.771154 354.230814
 2.150000 2.444097 2.726420 0.282323 1.581087 1391.773306 2.478667 -0.444390 1000.000000 2.586167 3.143289 100.000000 2.698898 -400570.256847 1.512546 0.169652 33.930430 0.324572 5.267340 1053.467972
 2.200000 2.497977 2.627148 0.129171 0.309672 588.973423 2.473778 -0.469711 1000.000000 2.608778 2.939135 100.000000 2.469424 -400568.346685 1.429367 1.000107 200.021412 0.161873 1.310145 262.028986
 2.250000 2.493097 2.728963 0.235866 0.769048 681.236255 2.468889 -0.390536 1000.000000 2.631389 2.691791 100.000000 2.301255 -400568.702247 1.457679 0.639782 127.956334 0.105553 0.557076 111.415197
 2.300000 2.455491 2.641211 0.185720 0.044380 74.039250 2.464000 -0.366947 1000.000000 2.654000 2.684941 100.000000 2.317994 -400562.955161 1.490497 0.322398 64.479594 0.143641 1.031633 206.326530
 2.350000 2.489164 2.745818 0.256654 0.691058 951.057557 2.459111 -0.290656 1000.000000 2.676611 2.525576 100.000000 2.234920 -400570.529009 1.411982 1.261106 252.221264 0.067617 0.228603 45.720516
 2.400000 2.404030 2.745549 0.341519 1.366940 2540.726086 2.454222 -0.356175 1000.000000 2.699222 2.389795 100.000000 2.033620 -400570.452456 1.497376 0.269525 53.905060 0.212359 2.254808 450.961594
 2.450000 2.420576 2.685146 0.264569 0.480787 840.434438 2.449333 -0.467548 1000.000000 2.721833 2.402666 100.000000 1.935118 -400570.747288 1.698887 0.820360 164.072065 0.249034 3.100897 620.179440
 2.500000 2.446489 2.735257 0.288768 0.006311 5.025509 2.444444 -0.632063 1000.000000 2.744444 2.520060 100.000000 1.887997 -400568.269918 1.481716 0.396764 79.352720 0.147932 1.094193 218.838520
 2.550000 2.436300 2.797755 0.361455 0.175269 94.756237 2.444444 -0.632063 1000.000000 2.744444 2.520060 100.000000 1.887997 -400571.104882 1.560756 0.005040 1.008094 0.156044 1.217479 243.495829
 2.600000 2.429626 2.651352 0.221725 0.543105 306.242970 2.444444 -0.632063 1000.000000 2.744444 2.520060 100.000000 1.887997 -400571.219393 1.666471 0.457687 91.537365 0.302558 4.577074 915.414789
 2.650000 2.417883 2.778345 0.360462 0.410217 716.999952 2.444444 -0.632063 1000.000000 2.744444 2.520060 100.000000 1.887997 -400572.815263 1.435825 0.910868 182.173639 0.261580 3.421210 684.241966
 2.700000 2.445699 2.826701 0.381003 0.339095 69.234555 2.444444 -0.632063 1000.000000 2.744444 2.520060 100.000000 1.887997 -400569.030746 1.552555 0.016638 3.327557 0.178098 1.585938 317.187634
 2.750000 2.403396 2.585041 0.181645 2.112960 1939.073643 2.444444 -0.632063 1000.000000 2.744444 2.520060 100.000000 1.887997 -400569.804835 1.641264 0.248286 49.657239 0.193011 1.862668 372.533597
 2.800000 2.407856 2.915914 0.508058 2.139445 1632.734196 2.444444 -0.632063 1000.000000 2.744444 2.520060 100.000000 1.887997 -400568.244246 1.529408 0.085651 17.130202 0.162301 1.317080 263.415914
 2.850000 2.417378 2.733481 0.316102 0.372302 733.785575 2.444444 -0.632063 1000.000000 2.744444 2.520060 100.000000 1.887997 -400568.594365 1.408267 1.320789 264.157834 0.140589 0.988268 197.653699
 2.900000 2.454020 2.769316 0.315296 0.076778 97.881974 2.444444 -0.632063 1000.000000 2.744444 2.520060 100.000000 1.887997 -400568.580732 1.644155 0.269072 53.814411 0.167959 1.410520 282.103931
 2.950000 2.432219 2.703616 0.271397 0.158085 166.139729 2.444444 -0.632063 1000.000000 2.744444 2.520060 100.000000 1.887997 -400569.383596 1.560814 0.004983 0.996555 0.165222 1.364910 272.981905
 3.000000 2.430010 2.952342 0.522332 2.265250 640.568589 2.444444 -0.632063 1000.000000 2.744444 2.520060 100.000000 1.887997 -400568.415527 1.556915 0.009635 1.926943 0.193956 1.880947 376.189305
 3.050000 2.414657 2.851874 0.437217 1.020710 1002.722097 2.444444 -0.632063 1000.000000 2.744444 2.520060 100.000000 1.887997 -400570.688412 1.583454 0.008011 1.602177 0.238782 2.850842 570.168390
 3.100000 2.454838 2.929957 0.475119 1.774746 452.165607 2.444444 -0.632063 1000.000000 2.744444 2.520060 100.000000 1.887997 -400568.816855 1.776581 2.117360 423.472060 0.230153 2.648513 529.702524
 3.150000 2.463936 2.902546 0.438610 1.439772 629.884085 2.444444 -0.632063 1000.000000 2.744444 2.520060 100.000000 1.887997 -400566.854929 1.511866 0.173641 34.728126 0.073272 0.268440 53.688075
 3.200000 2.426551 2.878921 0.452370 1.064287 501.014598 2.444444 -0.632063 1000.000000 2.744444 2.520060 100.000000 1.887997 -400567.708820 1.586975 0.013087 2.617452 0.119610 0.715327 143.065389
 3.250000 2.390388 2.938721 0.548333 3.348236 3299.569140 2.444444 -0.632063 1000.000000 2.744444 2.520060 100.000000 1.887997 -400571.860023 1.620335 0.122702 24.540347 0.135082 0.912359 182.471751
 3.300000 2.411837 2.886250 0.474413 1.537072 1264.338601 2.444444 -0.632063 1000.000000 2.744444 2.520060 100.000000 1.887997 -400568.967254 1.622421 0.133257 26.651445 0.108762 0.591455 118.290907
 3.350000 2.402724 2.890086 0.487362 1.930865 1952.703511 2.444444 -0.632063 1000.000000 2.744444 2.520060 100.000000 1.887997 -400569.159545 1.626921 0.157501 31.500134 0.255982 3.276350 655.270096
 3.400000 2.454452 2.843859 0.389407 0.544241 198.989830 2.444444 -0.632063 1000.000000 2.744444 2.520060 100.000000 1.887997 -400571.980040 1.669584 0.487953 97.590633 0.184264 1.697659 339.531729
 3.450000 2.435905 2.894928 0.459023 1.168723 299.379703 2.444444 -0.632063 1000.000000 2.744444 2.520060 100.000000 1.887997 -400568.062128 1.592679 0.023942 4.788462 0.050892 0.129502 25.900401
 3.500000 2.382996 2.951053 0.568057 4.022315 4202.786770 2.444444 -0.632063 1000.000000 2.744444 2.520060 100.000000 1.887997 -400572.427078 1.710607 0.977351 195.470253 0.100595 0.505969 101.193832
 3.550000 2.365393 2.885639 0.520246 4.121343 6448.455200 2.444444 -0.632063 1000.000000 2.744444 2.520060 100.000000 1.887997 -400571.874067 1.596979 0.034278 6.855569 0.106230 0.564241 112.848161
 3.600000 2.416351 2.900540 0.484190 1.612928 1032.924237 2.444444 -0.632063 1000.000000 2.744444 2.520060 100.000000 1.887997 -400574.169351 1.612523 0.087058 17.411510 0.185263 1.716111 343.222234
 3.650000 2.379126 2.823859 0.444733 2.448576 4329.552864 2.444444 -0.632063 1000.000000 2.744444 2.520060 100.000000 1.887997 -400574.635975 1.677766 0.572125 114.424920 0.124483 0.774803 154.960667
 3.700000 2.431982 2.944234 0.512252 2.073441 554.469922 2.444444 -0.632063 1000.000000 2.744444 2.520060 100.000000 1.887997 -400570.485469 1.568947 0.000171 0.034216 0.058254 0.169679 33.935720
 3.750000 2.372486 2.878452 0.505967 3.486936 5357.639240 2.444444 -0.632063 1000.000000 2.744444 2.520060 100.000000 1.887997 -400572.711581 1.656815 0.369957 73.991498 0.050320 0.126604 25.320830
 3.800000 2.456438 2.907539 0.451101 1.401910 409.839981 2.444444 -0.632063 1000.000000 2.744444 2.520060 100.000000 1.887997 -400569.959981 1.637992 0.225762 45.152439 0.078907 0.311319 62.263827
 3.850000 2.418213 2.876895 0.458682 1.221202 863.523982 2.444444 -0.632063 1000.000000 2.744444 2.520060 100.000000 1.887997 -400568.750332 1.587483 0.013922 2.784495 0.163701 1.339894 267.978780
 3.900000 2.376561 2.833419 0.456858 2.699891 4687.297680 2.444444 -0.632063 1000.000000 2.744444 2.520060 100.000000 1.887997 -400571.629946 1.697034 0.796794 159.358864 0.169646 1.438992 287.798364
 3.950000 2.360732 3.042170 0.681438 7.935930 7894.199056 2.444444 -0.632063 1000.000000 2.744444 2.520060 100.000000 1.887997 -400574.848862 1.568085 0.000368 0.073510 0.066087 0.218374 43.674819
 4.000000 2.390598 2.865322 0.474723 2.180267 3045.514162 2.444444 -0.632063 1000.000000 2.744444 2.520060 100.000000 1.887997 -400570.914004 1.707434 0.933496 186.699192 0.024500 0.030014 6.002704
 4.050000 2.404149 2.918042 0.513892 2.318646 1925.053861 2.444444 -0.632063 1000.000000 2.744444 2.520060 100.000000 1.887997 -400571.180740 1.618831 0.115369 23.073770 0.099411 0.494131 98.826289
 4.100000 2.387044 2.901739 0.514695 2.884481 3542.210033 2.444444 -0.632063 1000.000000 2.744444 2.520060 100.000000 1.887997 -400573.694554 1.536262 0.059631 11.926136 0.151438 1.146678 229.335586
 4.150000 2.402935 2.842231 0.439296 1.339630 1818.658279 2.444444 -0.632063 1000.000000 2.744444 2.520060 100.000000 1.887997 -400568.423834 1.782573 2.242463 448.492560 0.174781 1.527426 305.485178
 4.200000 2.403634 2.911782 0.508148 2.232846 1945.517498 2.444444 -0.632063 1000.000000 2.744444 2.520060 100.000000 1.887997 -400572.384911 1.509742 0.186384 37.276830 0.059466 0.176808 35.361688
 4.250000 2.415862 2.918504 0.502642 1.923323 1119.937884 2.444444 -0.632063 1000.000000 2.744444 2.520060 100.000000 1.887997 -400568.554373 1.568585 0.000244 0.048884 0.014731 0.010850 2.170094
 4.300000 2.438797 2.803575 0.364778 0.190770 66.859017 2.444444 -0.632063 1000.000000 2.744444 2.520060 100.000000 1.887997 -400569.824179 1.701784 0.857885 171.576954 0.047803 0.114255 22.850919
 4.350000 2.433879 3.007351 0.573472 3.511801 802.821043 2.444444 -0.632063 1000.000000 2.744444 2.520060 100.000000 1.887997 -400569.835058 1.513060 0.166672 33.334499 0.158778 1.260522 252.104343
 4.400000 2.420513 2.751169 0.330656 0.288617 573.164702 2.444444 -0.632063 1000.000000 2.744444 2.520060 100.000000 1.887997 -400568.915519 1.619837 0.120251 24.050116 0.227457 2.586845 517.368976
 4.450000 2.395699 2.959418 0.563719 3.498730 2838.247113 2.444444 -0.632063 1000.000000 2.744444 2.520060 100.000000 1.887997 -400574.220604 1.634290 0.201571 40.314252 0.160576 1.289240 257.848097
 4.500000 2.460394 2.860262 0.399868 0.797882 388.533301 2.444444 -0.632063 1000.000000 2.744444 2.520060 100.000000 1.887997 -400568.664599 1.554611 0.013098 2.619530 0.058935 0.173666 34.733268
 4.550000 2.408407 2.898491 0.490084 1.835853 1535.972027 2.444444 -0.632063 1000.000000 2.744444 2.520060 100.000000 1.887997 -400571.664775 1.682852 0.627820 125.564026 0.042008 0.088232 17.646465
 4.600000 2.431494 2.896972 0.465478 1.247093 400.365095 2.444444 -0.632063 1000.000000 2.744444 2.520060 100.000000 1.887997 -400568.334397 1.490766 0.320242 64.048391 0.136816 0.935927 187.185310
 4.650000 2.377725 2.934313 0.556588 4.028224 4811.934114 2.444444 -0.632063 1000.000000 2.744444 2.520060 100.000000 1.887997 -400570.366213 1.619132 0.116816 23.363115 0.231455 2.678567 535.713332
 4.700000 2.423897 2.790977 0.367080 0.319362 443.851545 2.444444 -0.632063 1000.000000 2.744444 2.520060 100.000000 1.887997 -400568.207755 1.689720 0.707140 141.427925 0.226796 2.571819 514.363884
 4.750000 2.402137 3.005872 0.603735 4.312197 2473.405212 2.444444 -0.632063 1000.000000 2.744444 2.520060 100.000000 1.887997 -400573.522388 1.604099 0.055455 11.090966 0.080929 0.327473 65.494636
 4.800000 2.433930 2.823858 0.389928 0.370604 173.620649 2.444444 -0.632063 1000.000000 2.744444 2.520060 100.000000 1.887997 -400567.450888 1.593418 0.025588 5.117517 0.058558 0.171454 34.290783
 4.850000 2.441292 2.903624 0.462332 1.271879 263.318564 2.444444 -0.632063 1000.000000 2.744444 2.520060 100.000000 1.887997 -400564.930413 1.701184 0.850049 170.009879 0.071194 0.253428 50.685506
 4.900000 2.423963 2.913868 0.489905 1.644959 706.532323 2.444444 -0.632063 1000.000000 2.744444 2.520060 100.000000 1.887997 -400565.829836 1.472181 0.486248 97.249582 0.060515 0.183104 36.620853
 4.950000 2.393639 2.880625 0.486986 2.217845 2766.634844 2.444444 -0.632063 1000.000000 2.744444 2.520060 100.000000 1.887997 -400568.636016 1.579364 0.003670 0.733989 0.152191 1.158108 231.621654
 5.000000 2.414700 2.851599 0.436899 1.016463 999.526742 2.444444 -0.632063 1000.000000 2.744444 2.520060 100.000000 1.887997 -400569.764154 1.739888 1.429593 285.918614 0.105411 0.555579 111.115829
 5.050000 2.425669 2.900173 0.474505 1.388843 595.048619 2.444444 -0.632063 1000.000000 2.744444 2.520060 100.000000 1.887997 -400569.854388 1.555468 0.011747 2.349462 0.052743 0.139091 27.818221
 5.100000 2.430130 2.966241 0.536110 2.562126 696.832013 2.444444 -0.632063 1000.000000 2.744444 2.520060 100.000000 1.887997 -400569.360618 1.618390 0.113259 22.651751 0.132240 0.874365 174.872932
 5.150000 2.370442 2.830338 0.459896 3.107058 5550.122405 2.444444 -0.632063 1000.000000 2.744444 2.520060 100.000000 1.887997 -400574.029298 1.674533 0.538068 107.613515 0.094786 0.449218 89.843629
 5.200000 2.374314 2.968495 0.594181 4.969062 5420.252752 2.444444 -0.632063 1000.000000 2.744444 2.520060 100.000000 1.887997 -400572.945115 1.628987 0.169305 33.861038 0.136911 0.937236 187.447201
 5.250000 2.436309 2.831333 0.395024 0.410571 141.679066 2.444444 -0.632063 1000.000000 2.744444 2.520060 100.000000 1.887997 -400570.772794 1.699381 0.826702 165.340499 0.080282 0.322260 64.451977
 5.300000 2.395693 2.927092 0.531399 2.856372 2710.346797 2.444444 -0.632063 1000.000000 2.744444 2.520060 100.000000 1.887997 -400573.505670 1.547379 0.027419 5.483792 0.130825 0.855760 171.152002
 5.350000 2.414161 2.937619 0.523458 2.324358 1290.235014 2.444444 -0.632063 1000.000000 2.744444 2.520060 100.000000 1.887997 -400573.015602 1.596152 0.032147 6.429354 0.142997 1.022408 204.481562
 5.400000 2.418698 2.790962 0.372263 0.439627 684.507362 2.444444 -0.632063 1000.000000 2.744444 2.520060 100.000000 1.887997 -400569.645644 1.669020 0.482394 96.478742 0.163626 1.338681 267.736204
 5.450000 2.493727 2.926799 0.433072 2.877069 2761.341061 2.444444 -0.632063 1000.000000 2.744444 2.520060 100.000000 1.887997 -400567.635329 1.552174 0.017340 3.467969 0.146870 1.078534 215.706779
 5.500000 2.436651 2.799735 0.363084 0.183224 91.313442 2.444444 -0.632063 1000.000000 2.744444 2.520060 100.000000 1.887997 -400570.309549 1.669963 0.491697 98.339470 0.084497 0.356989 71.397766
 5.550000 2.440474 2.923468 0.482994 1.610351 336.260269 2.444444 -0.632063 1000.000000 2.744444 2.520060 100.000000 1.887997 -400570.351167 1.585198 0.010371 2.074161 0.158643 1.258373 251.674513
 5.600000 2.411425 2.913435 0.502009 1.973016 1375.835001 2.444444 -0.632063 1000.000000 2.744444 2.520060 100.000000 1.887997 -400573.717106 1.581040 0.005247 1.049314 0.100063 0.500634 100.126887
 5.650000 2.431313 2.829507 0.398193 0.447989 244.777697 2.444444 -0.632063 1000.000000 2.744444 2.520060 100.000000 1.887997 -400572.389276 1.710357 0.973866 194.773186 0.165803 1.374533 274.906565
 5.700000 2.415003 2.903085 0.488082 1.691731 1118.444611 2.444444 -0.632063 1000.000000 2.744444 2.520060 100.000000 1.887997 -400569.414071 1.579066 0.003420 0.683952 0.154783 1.197892 239.578327
 5.750000 2.418060 2.904261 0.486201 1.625144 951.573999 2.444444 -0.632063 1000.000000 2.744444 2.520060 100.000000 1.887997 -400567.283261 1.610496 0.078803 15.760611 0.037776 0.071353 14.270503
 5.800000 2.395174 2.939893 0.544718 3.123773 2809.538926 2.444444 -0.632063 1000.000000 2.744444 2.520060 100.000000 1.887997 -400573.747327 1.689606 0.705786 141.157234 0.122621 0.751801 150.360116
 5.850000 2.414917 2.884750 0.469833 1.420225 1068.728890 2.444444 -0.632063 1000.000000 2.744444 2.520060 100.000000 1.887997 -400571.271862 1.615323 0.099132 19.826468 0.075704 0.286558 57.311650
 5.900000 2.421412 2.894400 0.472988 1.389588 755.364822 2.444444 -0.632063 1000.000000 2.744444 2.520060 100.000000 1.887997 -400570.000296 1.638260 0.227566 45.513264 0.146556 1.073930 214.785977
 5.950000 2.434696 2.840284 0.405588 0.506777 186.890376 2.444444 -0.632063 1000.000000 2.744444 2.520060 100.000000 1.887997 -400571.414470 1.648128 0.299008 59.801699 0.183395 1.681693 336.338564
 6.000000 2.459002 2.875538 0.416536 0.965230 383.773201 2.444444 -0.632063 1000.000000 2.744444 2.520060 100.000000 1.887997 -400571.702804 1.613772 0.092345 18.469032 0.090500 0.409515 81.902951
 6.050000 2.419703 2.937720 0.518016 2.173826 985.676552 2.444444 -0.632063 1000.000000 2.744444 2.520060 100.000000 1.887997 -400569.024745 1.624589 0.144685 28.936927 0.155211 1.204530 240.906086
 6.100000 2.410794 2.828724 0.417929 0.921321 1203.376356 2.444444 -0.632063 1000.000000 2.744444 2.520060 100.000000 1.887997 -400565.554823 1.621404 0.128057 25.611390 0.107395 0.576683 115.336551
 6.150000 2.489168 2.929546 0.440377 2.713241 2342.858458 2.444444 -0.632063 1000.000000 2.744444 2.520060 100.000000 1.887997 -400567.918737 1.619016 0.116255 23.251098 0.155582 1.210286 242.057197
 6.200000 2.415882 2.782117 0.366235 0.478863 829.997971 2.444444 -0.632063 1000.000000 2.744444 2.520060 100.000000 1.887997 -400570.134766 1.671044 0.502477 100.495331 0.139814 0.977401 195.480169
 6.250000 2.414455 2.937589 0.523134 2.314921 1272.420691 2.444444 -0.632063 1000.000000 2.744444 2.520060 100.000000 1.887997 -400571.863780 1.604927 0.058246 11.649175 0.131336 0.862461 172.492287
 6.300000 2.420383 2.928869 0.508487 1.990113 919.096657 2.444444 -0.632063 1000.000000 2.744444 2.520060 100.000000 1.887997 -400572.518513 1.582998 0.007445 1.488912 0.139288 0.970052 194.010438
 6.350000 2.433105 2.831752 0.398647 0.445423 204.816792 2.444444 -0.632063 1000.000000 2.744444 2.520060 100.000000 1.887997 -400565.362048 1.688778 0.695985 139.197062 0.068826 0.236850 47.370094
 6.400000 2.389206 2.952886 0.563679 3.698024 3485.755613 2.444444 -0.632063 1000.000000 2.744444 2.520060 100.000000 1.887997 -400572.480730 1.592310 0.023141 4.628277 0.093627 0.438305 87.660912
 6.450000 2.384792 2.820777 0.435985 2.070544 3616.686274 2.444444 -0.632063 1000.000000 2.744444 2.520060 100.000000 1.887997 -400565.555137 1.657540 0.376225 75.245023 0.053811 0.144783 28.956521
 6.500000 2.399402 2.935843 0.536441 2.846096 2395.192066 2.444444 -0.632063 1000.000000 2.744444 2.520060 100.000000 1.887997 -400571.197866 1.699968 0.834268 166.853508 0.068866 0.237125 47.425010
 6.550000 2.424724 2.882905 0.458181 1.153013 580.607453 2.444444 -0.632063 1000.000000 2.744444 2.520060 100.000000 1.887997 -400566.738141 1.540239 0.046688 9.337679 0.097600 0.476285 95.256994
 6.600000 2.419975 2.897469 0.477494 1.470208 832.938160 2.444444 -0.632063 1000.000000 2.744444 2.520060 100.000000 1.887997 -400570.607850 1.663467 0.429392 85.878490 0.116216 0.675312 135.062467
 6.650000 2.432922 2.810862 0.377940 0.286947 176.871917 2.444444 -0.632063 1000.000000 2.744444 2.520060 100.000000 1.887997 -400570.084948 1.594052 0.027042 5.408305 0.088292 0.389775 77.954993
 6.700000 2.432471 2.913788 0.481316 1.505534 430.128481 2.444444 -0.632063 1000.000000 2.744444 2.520060 100.000000 1.887997 -400572.225744 1.604747 0.057632 11.526409 0.050041 0.125206 25.041219
 6.750000 2.425133 2.846007 0.420874 0.702212 476.071002 2.444444 -0.632063 1000.000000 2.744444 2.520060 100.000000 1.887997 -400568.151609 1.682340 0.622097 124.419449 0.043651 0.095271 19.054120
 6.800000 2.448229 2.897001 0.448771 1.170831 247.058576 2.444444 -0.632063 1000.000000 2.744444 2.520060 100.000000 1.887997 -400571.326636 1.613039 0.089224 17.844714 0.083380 0.347610 69.522087
 6.850000 2.441641 2.843342 0.401701 0.492971 105.667432 2.444444 -0.632063 1000.000000 2.744444 2.520060 100.000000 1.887997 -400570.368610 1.573496 0.000364 0.072893 0.104010 0.540908 108.181562
 6.900000 2.462077 2.833250 0.371172 0.549776 389.779053 2.444444 -0.632063 1000.000000 2.744444 2.520060 100.000000 1.887997 -400568.502779 1.682707 0.626204 125.240707 0.140851 0.991949 198.389811
 6.950000 2.433804 2.883275 0.449471 1.020304 305.955706 2.444444 -0.632063 1000.000000 2.744444 2.520060 100.000000 1.887997 -400565.893210 1.563318 0.002796 0.559199 0.091777 0.421155 84.231001
 7.000000 2.397757 2.917044 0.519286 2.579370 2477.594203 2.444444 -0.632063 1000.000000 2.744444 2.520060 100.000000 1.887997 -400573.420510 1.651930 0.329130 65.825954 0.077748 0.302241 60.448107
 7.050000 2.421438 2.839286 0.417848 0.714390 619.231741 2.444444 -0.632063 1000.000000 2.744444 2.520060 100.000000 1.887997 -400572.066242 1.644127 0.268872 53.774354 0.097695 0.477218 95.443560
 7.100000 2.424725 2.950245 0.525521 2.312138 812.415494 2.444444 -0.632063 1000.000000 2.744444 2.520060 100.000000 1.887997 -400570.940576 1.569438 0.000092 0.018446 0.107819 0.581251 116.250184
 7.150000 2.358119 2.854546 0.496428 4.332181 7573.342524 2.444444 -0.632063 1000.000000 2.744444 2.520060 100.000000 1.887997 -400572.899313 1.688227 0.689503 137.900510 0.119260 0.711142 142.228313
 7.200000 2.372043 2.909266 0.537223 3.979291 5513.638185 2.444444 -0.632063 1000.000000 2.744444 2.520060 100.000000 1.887997 -400571.810554 1.628752 0.167940 33.588066 0.090640 0.410781 82.156224
 7.250000 2.411780 2.941971 0.530191 2.484314 1457.127130 2.444444 -0.632063 1000.000000 2.744444 2.520060 100.000000 1.887997 -400572.972727 1.562224 0.003674 0.734864 0.071934 0.258723 51.744502
 7.300000 2.431472 2.796702 0.365229 0.220680 195.586989 2.444444 -0.632063 1000.000000 2.744444 2.520060 100.000000 1.887997 -400571.857019 1.684253 0.643625 128.724972 0.073135 0.267437 53.487327
 7.350000 2.438340 2.964585 0.526245 2.441735 521.883613 2.444444 -0.632063 1000.000000 2.744444 2.520060 100.000000 1.887997 -400572.503924 1.571415 0.000019 0.003831 0.112524 0.633082 126.616397
 7.400000 2.397050 2.785281 0.388230 1.206478 2262.873025 2.444444 -0.632063 1000.000000 2.744444 2.520060 100.000000 1.887997 -400566.441675 1.613885 0.092833 18.566617 0.114500 0.655509 131.101701
 7.450000 2.446990 2.908188 0.461198 1.343831 274.596366 2.444444 -0.632063 1000.000000 2.744444 2.520060 100.000000 1.887997 -400569.860709 1.663650 0.431087 86.217342 0.099010 0.490154 98.030779
 7.500000 2.421351 2.912922 0.491571 1.685889 817.152440 2.444444 -0.632063 1000.000000 2.744444 2.520060 100.000000 1.887997 -400568.331273 1.533124 0.070961 14.192151 0.056259 0.158256 31.651235
 7.550000 2.421629 2.828360 0.406730 0.612356 590.954335 2.444444 -0.632063 1000.000000 2.744444 2.520060 100.000000 1.887997 -400569.984296 1.721445 1.134746 226.949206 0.057414 0.164820 32.964057
 7.600000 2.437272 2.893939 0.456667 1.143150 274.930915 2.444444 -0.632063 1000.000000 2.744444 2.520060 100.000000 1.887997 -400570.721041 1.535428 0.062545 12.508941 0.118597 0.703268 140.653532
 7.650000 2.455471 2.888281 0.432810 1.095237 328.469536 2.444444 -0.632063 1000.000000 2.744444 2.520060 100.000000 1.887997 -400568.889139 1.613683 0.091964 18.392729 0.132267 0.874729 174.945806
 7.700000 2.407120 2.820198 0.413077 0.983471 1450.473586 2.444444 -0.632063 1000.000000 2.744444 2.520060 100.000000 1.887997 -400571.265958 1.621838 0.130262 26.052437 0.126336 0.798040 159.607994
 7.750000 2.431969 2.957714 0.525745 2.352013 610.473291 2.444444 -0.632063 1000.000000 2.744444 2.520060 100.000000 1.887997 -400570.975114 1.605868 0.061501 12.300197 0.050390 0.126957 25.391353
 7.800000 2.360218 2.868089 0.507871 4.311478 7247.038185 2.444444 -0.632063 1000.000000 2.744444 2.520060 100.000000 1.887997 -400574.660978 1.696623 0.791613 158.322512 0.053596 0.143628 28.725568
 7.850000 2.396829 2.916202 0.519374 2.608672 2562.283761 2.444444 -0.632063 1000.000000 2.744444 2.520060 100.000000 1.887997 -400570.601766 1.605490 0.060182 12.036394 0.095743 0.458332 91.666461
 7.900000 2.395627 2.921631 0.526005 2.761346 2697.127461 2.444444 -0.632063 1000.000000 2.744444 2.520060 100.000000 1.887997 -400572.116668 1.576812 0.001809 0.361882 0.169510 1.436676 287.335139
 7.950000 2.431819 2.826409 0.394590 0.415609 226.575497 2.444444 -0.632063 1000.000000 2.744444 2.520060 100.000000 1.887997 -400571.547552 1.667151 0.464209 92.841807 0.135554 0.918745 183.748942
 8.000000 2.413600 2.913364 0.499764 1.902391 1236.743735 2.444444 -0.632063 1000.000000 2.744444 2.520060 100.000000 1.887997 -400572.130670 1.613098 0.089473 17.894568 0.059570 0.177431 35.486148
 8.050000 2.429412 2.834840 0.405428 0.521559 307.689291 2.444444 -0.632063 1000.000000 2.744444 2.520060 100.000000 1.887997 -400571.643837 1.613690 0.091993 18.398547 0.020695 0.021415 4.283001
 8.100000 2.422937 2.925877 0.502940 1.877172 791.732957 2.444444 -0.632063 1000.000000 2.744444 2.520060 100.000000 1.887997 -400571.400613 1.665365 0.447157 89.431468 0.051901 0.134686 26.937224
 8.150000 2.447986 2.827195 0.379209 0.348657 81.022849 2.444444 -0.632063 1000.000000 2.744444 2.520060 100.000000 1.887997 -400570.642150 1.548571 0.024699 4.939752 0.127757 0.816090 163.218013
 8.200000 2.405183 2.895699 0.490517 1.914652 1770.276427 2.444444 -0.632063 1000.000000 2.744444 2.520060 100.000000 1.887997 -400574.313626 1.659663 0.394860 78.972085 0.180479 1.628633 325.726576
 8.250000 2.416359 2.840445 0.424087 0.855216 880.976223 2.444444 -0.632063 1000.000000 2.744444 2.520060 100.000000 1.887997 -400574.266709 1.612163 0.085561 17.112201 0.118377 0.700653 140.130584
 8.300000 2.386045 2.937114 0.551070 3.561357 3781.757089 2.444444 -0.632063 1000.000000 2.744444 2.520060 100.000000 1.887997 -400573.516495 1.663941 0.433801 86.760111 0.044663 0.099740 19.947920
 8.350000 2.398301 2.875658 0.477357 1.925456 2301.389777 2.444444 -0.632063 1000.000000 2.744444 2.520060 100.000000 1.887997 -400572.853706 1.653411 0.341257 68.251388 0.064095 0.205411 41.082164
 8.400000 2.406100 2.890995 0.484895 1.809006 1685.072499 2.444444 -0.632063 1000.000000 2.744444 2.520060 100.000000 1.887997 -400573.984912 1.607363 0.066857 13.371331 0.093394 0.436124 87.224826
 8.450000 2.461249 2.884894 0.423645 1.127493 479.641617 2.444444 -0.632063 1000.000000 2.744444 2.520060 100.000000 1.887997 -400572.208351 1.626096 0.152903 30.580536 0.230024 2.645545 529.108930
 8.500000 2.388349 2.791000 0.402651 1.681712 3168.357080 2.444444 -0.632063 1000.000000 2.744444 2.520060 100.000000 1.887997 -400573.111237 1.627717 0.162001 32.400108 0.184827 1.708046 341.609258
 8.550000 2.416905 3.008611 0.591706 3.868409 1456.252854 2.444444 -0.632063 1000.000000 2.744444 2.520060 100.000000 1.887997 -400571.120259 1.629850 0.174364 34.872783 0.068401 0.233935 46.787022
 8.600000 2.422312 2.859870 0.437558 0.911078 623.085950 2.444444 -0.632063 1000.000000 2.744444 2.520060 100.000000 1.887997 -400568.686350 1.646922 0.289758 57.951575 0.121813 0.741915 148.383016
 8.650000 2.462399 2.878724 0.416325 1.062733 502.682304 2.444444 -0.632063 1000.000000 2.744444 2.520060 100.000000 1.887997 -400571.446853 1.612017 0.084958 16.991544 0.068103 0.231901 46.380300
 8.700000 2.389115 2.922359 0.533243 3.113329 3377.848693 2.444444 -0.632063 1000.000000 2.744444 2.520060 100.000000 1.887997 -400575.576721 1.614828 0.096940 19.388012 0.172247 1.483450 296.690023
 8.750000 2.360508 2.797372 0.436864 3.662749 7073.378720 2.444444 -0.632063 1000.000000 2.744444 2.520060 100.000000 1.887997 -400573.330615 1.672803 0.520269 104.053810 0.175625 1.542215 308.442959
 8.800000 2.442035 2.981133 0.539098 2.803977 566.022351 2.444444 -0.632063 1000.000000 2.744444 2.520060 100.000000 1.887997 -400571.633191 1.552081 0.017513 3.502543 0.131442 0.863848 172.769681
 8.850000 2.424882 2.843678 0.418795 0.683699 481.146160 2.444444 -0.632063 1000.000000 2.744444 2.520060 100.000000 1.887997 -400568.781579 1.657923 0.379549 75.909873 0.070274 0.246925 49.385024
 8.900000 2.397823 2.934441 0.536618 2.891721 2534.547496 2.444444 -0.632063 1000.000000 2.744444 2.520060 100.000000 1.887997 -400570.774643 1.631607 0.184899 36.979712 0.027224 0.037056 7.411225
 8.950000 2.425461 2.897729 0.472268 1.354986 595.331999 2.444444 -0.632063 1000.000000 2.744444 2.520060 100.000000 1.887997 -400571.882335 1.614764 0.096659 19.331719 0.107931 0.582451 116.490183
 9.000000 2.445210 2.779404 0.334194 0.061401 12.808010 2.444444 -0.632063 1000.000000 2.744444 2.520060 100.000000 1.887997 -400569.067073 1.647092 0.291051 58.210125 0.189486 1.795249 359.049791
 9.050000 2.450992 2.890561 0.439569 1.088942 256.375156 2.444444 -0.632063 1000.000000 2.744444 2.520060 100.000000 1.887997 -400573.507993 1.519439 0.131878 26.375646 0.153668 1.180696 236.139189
 9.100000 2.429392 2.880626 0.451234 1.040562 412.035560 2.444444 -0.632063 1000.000000 2.744444 2.520060 100.000000 1.887997 -400569.863401 1.714517 1.032780 206.556076 0.080527 0.324229 64.845871
 9.150000 2.372993 2.896217 0.523224 3.704408 5335.684590 2.444444 -0.632063 1000.000000 2.744444 2.520060 100.000000 1.887997 -400571.274969 1.553985 0.014131 2.826236 0.054165 0.146692 29.338318
 9.200000 2.437304 2.961632 0.524328 2.384021 522.688790 2.444444 -0.632063 1000.000000 2.744444 2.520060 100.000000 1.887997 -400574.504534 1.693960 0.758470 151.694021 0.095119 0.452384 90.476776
 9.250000 2.389732 2.776069 0.386337 1.546732 3003.451448 2.444444 -0.632063 1000.000000 2.744444 2.520060 100.000000 1.887997 -400573.634333 1.627357 0.159956 31.991101 0.154705 1.196686 239.337159
 9.300000 2.384372 2.997670 0.613298 5.010507 4249.917046 2.444444 -0.632063 1000.000000 2.744444 2.520060 100.000000 1.887997 -400575.624645 1.609032 0.073100 14.619917 0.160363 1.285822 257.164496
 9.350000 2.397790 2.870347 0.472557 1.880885 2335.133902 2.444444 -0.632063 1000.000000 2.744444 2.520060 100.000000 1.887997 -400572.675025 1.689425 0.703634 140.726804 0.095162 0.452787 90.557496
 9.400000 2.401326 2.877847 0.476521 1.819400 2037.141418 2.444444 -0.632063 1000.000000 2.744444 2.520060 100.000000 1.887997 -400571.131709 1.588571 0.015796 3.159218 0.081437 0.331595 66.319064
 9.450000 2.392388 2.969951 0.577563 3.897600 3218.411234 2.444444 -0.632063 1000.000000 2.744444 2.520060 100.000000 1.887997 -400573.375496 1.553306 0.015295 3.059021 0.040942 0.083811 16.762278
 9.500000 2.423301 2.815213 0.391912 0.473937 497.142627 2.444444 -0.632063 1000.000000 2.744444 2.520060 100.000000 1.887997 -400567.848738 1.713833 1.022975 204.595040 0.112319 0.630780 126.156081
 9.550000 2.397241 2.958665 0.561424 3.408622 2687.100707 2.444444 -0.632063 1000.000000 2.744444 2.520060 100.000000 1.887997 -400571.682761 1.597132 0.034679 6.935773 0.134369 0.902748 180.549679
 9.600000 2.429559 2.842383 0.412825 0.590395 317.506604 2.444444 -0.632063 1000.000000 2.744444 2.520060 100.000000 1.887997 -400567.973261 1.528549 0.089242 17.848329 0.187363 1.755246 351.049213
 9.650000 2.398284 2.962617 0.564333 3.445352 2606.758365 2.444444 -0.632063 1000.000000 2.744444 2.520060 100.000000 1.887997 -400572.957237 1.680809 0.605138 121.027506 0.175525 1.540452 308.090364
 9.700000 2.436601 2.845762 0.409161 0.544018 164.170617 2.444444 -0.632063 1000.000000 2.744444 2.520060 100.000000 1.887997 -400571.402260 1.574185 0.000574 0.114815 0.062885 0.197726 39.545136
 9.750000 2.449043 2.918529 0.469486 1.525849 324.205278 2.444444 -0.632063 1000.000000 2.744444 2.520060 100.000000 1.887997 -400568.274269 1.684104 0.641934 128.386706 0.160831 1.293336 258.667164
 9.800000 2.441025 2.840577 0.399553 0.467924 104.109689 2.444444 -0.632063 1000.000000 2.744444 2.520060 100.000000 1.887997 -400568.671086 1.583404 0.007947 1.589473 0.053939 0.145471 29.094180
 9.850000 2.428311 2.958827 0.530516 2.428132 719.878565 2.444444 -0.632063 1000.000000 2.744444 2.520060 100.000000 1.887997 -400572.312692 1.630352 0.177342 35.468343 0.143638 1.031596 206.319149
 9.900000 2.408291 2.811448 0.403157 0.878006 1351.956891 2.444444 -0.632063 1000.000000 2.744444 2.520060 100.000000 1.887997 -400573.542613 1.609706 0.075697 15.139366 0.218010 2.376418 475.283660
 9.950000 2.406691 2.926654 0.519963 2.372677 1757.335427 2.444444 -0.632063 1000.000000 2.744444 2.520060 100.000000 1.887997 -400572.066293 1.590683 0.019775 3.954969 0.216168 2.336437 467.287363
 10.000000 2.422028 2.862917 0.440889 0.953045 642.873941 2.444444 -0.632063 1000.000000 2.744444 2.520060 100.000000 1.887997 -400568.895767 1.623406 0.138387 27.677400 0.046688 0.108986 21.797290
 10.050000 2.421624 2.959414 0.537790 2.570982 982.892296 2.444444 -0.632063 1000.000000 2.744444 2.520060 100.000000 1.887997 -400570.921580 1.657260 0.373798 74.759688 0.089913 0.404222 80.844321
 10.100000 2.399746 2.857961 0.458215 1.643262 2126.780788 2.444444 -0.632063 1000.000000 2.744444 2.520060 100.000000 1.887997 -400574.281355 1.610645 0.079395 15.879032 0.156528 1.225058 245.011527
 10.150000 2.375584 2.915115 0.539531 3.827296 5033.034759 2.444444 -0.632063 1000.000000 2.744444 2.520060 100.000000 1.887997 -400575.718631 1.575920 0.001313 0.262556 0.259140 3.357688 671.537505
 10.200000 2.413543 2.848191 0.434647 1.015602 1062.502563 2.444444 -0.632063 1000.000000 2.744444 2.520060 100.000000 1.887997 -400573.472337 1.681888 0.617065 123.412971 0.160994 1.295958 259.191689
 10.250000 2.422383 2.925427 0.503043 1.881077 814.236019 2.444444 -0.632063 1000.000000 2.744444 2.520060 100.000000 1.887997 -400569.537176 1.651405 0.324884 64.976876 0.058433 0.170719 34.143754
 10.300000 2.424827 2.902668 0.477841 1.444158 635.206113 2.444444 -0.632063 1000.000000 2.744444 2.520060 100.000000 1.887997 -400566.901345 1.532334 0.073966 14.793157 0.117514 0.690479 138.095759
 10.350000 2.435281 2.906297 0.471016 1.351799 345.931707 2.444444 -0.632063 1000.000000 2.744444 2.520060 100.000000 1.887997 -400568.476641 1.645267 0.277294 55.458860 0.023145 0.026783 5.356695
 10.400000 2.409254 2.857234 0.447980 1.255258 1365.572063 2.444444 -0.632063 1000.000000 2.744444 2.520060 100.000000 1.887997 -400573.941102 1.677118 0.565212 113.042388 0.180839 1.635143 327.028505
 10.450000 2.436878 2.898596 0.461718 1.216764 294.877178 2.444444 -0.632063 1000.000000 2.744444 2.520060 100.000000 1.887997 -400569.791730 1.544526 0.034505 6.901094 0.275531 3.795855 759.170976
 10.500000 2.449114 2.881360 0.432245 0.948190 209.263772 2.444444 -0.632063 1000.000000 2.744444 2.520060 100.000000 1.887997 -400572.473721 1.631178 0.182296 36.459167 0.184301 1.698334 339.666813
 10.550000 2.381540 2.900528 0.518988 3.196613 4200.640330 2.444444 -0.632063 1000.000000 2.744444 2.520060 100.000000 1.887997 -400573.820481 1.603628 0.053895 10.778968 0.072520 0.262957 52.591403
 10.600000 2.404243 2.953186 0.548942 2.986714 2051.862659 2.444444 -0.632063 1000.000000 2.744444 2.520060 100.000000 1.887997 -400572.537982 1.710108 0.970391 194.078122 0.046539 0.108296 21.659162
 10.650000 2.397664 2.873544 0.475880 1.927557 2355.112454 2.444444 -0.632063 1000.000000 2.744444 2.520060 100.000000 1.887997 -400571.671299 1.494851 0.288382 57.676441 0.137222 0.941496 188.299257
 10.700000 2.400172 2.984873 0.584700 3.870289 2538.063008 2.444444 -0.632063 1000.000000 2.744444 2.520060 100.000000 1.887997 -400570.775863 1.576882 0.001852 0.370356 0.228756 2.616472 523.294304
 10.750000 2.378685 2.770015 0.391330 2.194874 4330.901171 2.444444 -0.632063 1000.000000 2.744444 2.520060 100.000000 1.887997 -400569.185075 1.687906 0.685736 137.147265 0.152528 1.163239 232.647822
 10.800000 2.433149 3.041963 0.608814 4.489671 1012.761941 2.444444 -0.632063 1000.000000 2.744444 2.520060 100.000000 1.887997 -400574.554570 1.650345 0.316400 63.280025 0.037156 0.069029 13.805769
 10.850000 2.367349 2.846675 0.479326 3.494419 6048.232870 2.444444 -0.632063 1000.000000 2.744444 2.520060 100.000000 1.887997 -400574.184618 1.681352 0.611126 122.225292 0.017629 0.015540 3.107916
 10.900000 2.383643 2.958277 0.574634 4.134618 4154.025669 2.444444 -0.632063 1000.000000 2.744444 2.520060 100.000000 1.887997 -400573.386577 1.638080 0.226352 45.270452 0.108863 0.592558 118.511530
 10.950000 2.360899 2.943721 0.582822 5.475471 7376.922298 2.444444 -0.632063 1000.000000 2.744444 2.520060 100.000000 1.887997 -400575.183840 1.566027 0.001137 0.227473 0.188625 1.778974 355.794805
 11.000000 2.417661 2.821487 0.403826 0.655463 776.729647 2.444444 -0.632063 1000.000000 2.744444 2.520060 100.000000 1.887997 -400572.095229 1.683173 0.631426 126.285190 0.177598 1.577059 315.411828
 11.050000 2.416524 2.922504 0.505980 1.975040 1096.610160 2.444444 -0.632063 1000.000000 2.744444 2.520060 100.000000 1.887997 -400573.690330 1.592452 0.023448 4.689637 0.071601 0.256338 51.267514
 11.100000 2.408633 2.861230 0.452597 1.323176 1418.845522 2.444444 -0.632063 1000.000000 2.744444 2.520060 100.000000 1.887997 -400571.326910 1.661466 0.411048 82.209664 0.030671 0.047036 9.407186
 11.150000 2.413083 2.899611 0.486528 1.695607 1224.324387 2.444444 -0.632063 1000.000000 2.744444 2.520060 100.000000 1.887997 -400573.350174 1.602220 0.049371 9.874241 0.035164 0.061826 12.365289
 11.200000 2.457087 2.868660 0.411573 0.851401 314.142276 2.444444 -0.632063 1000.000000 2.744444 2.520060 100.000000 1.887997 -400571.917896 1.618601 0.114266 22.853121 0.130621 0.853089 170.617730
 11.250000 2.428126 2.847122 0.418995 0.660269 371.705082 2.444444 -0.632063 1000.000000 2.744444 2.520060 100.000000 1.887997 -400570.814667 1.599083 0.040007 8.001340 0.199131 1.982654 396.530744
 11.300000 2.448809 2.875320 0.426512 0.865949 190.331605 2.444444 -0.632063 1000.000000 2.744444 2.520060 100.000000 1.887997 -400569.140049 1.594608 0.028350 5.670041 0.162385 1.318451 263.690252
 11.350000 2.437219 2.875069 0.437850 0.879237 222.834561 2.444444 -0.632063 1000.000000 2.744444 2.520060 100.000000 1.887997 -400571.068596 1.668192 0.474300 94.860035 0.038697 0.074873 14.974625
 11.400000 2.454509 2.895879 0.441370 1.197262 330.616498 2.444444 -0.632063 1000.000000 2.744444 2.520060 100.000000 1.887997 -400570.966442 1.591046 0.020502 4.100445 0.070732 0.250150 50.029937
 11.450000 2.444752 2.837462 0.392710 0.432660 86.617122 2.444444 -0.632063 1000.000000 2.744444 2.520060 100.000000 1.887997 -400569.606920 1.662083 0.416660 83.331977 0.127512 0.812969 162.593720
 11.500000 2.481908 2.862851 0.380943 1.402760 1543.713093 2.444444 -0.632063 1000.000000 2.744444 2.520060 100.000000 1.887997 -400568.388292 1.523357 0.112526 22.505246 0.218852 2.394805 478.961034
 11.550000 2.446118 2.822770 0.376653 0.308148 64.149693 2.444444 -0.632063 1000.000000 2.744444 2.520060 100.000000 1.887997 -400568.374091 1.610194 0.077608 15.521634 0.169105 1.429831 285.966126
 11.600000 2.437085 2.878178 0.441093 0.921317 233.003599 2.444444 -0.632063 1000.000000 2.744444 2.520060 100.000000 1.887997 -400569.796112 1.639346 0.234954 46.990753 0.065914 0.217233 43.446607
 11.650000 2.437454 2.937606 0.500152 1.890006 421.976570 2.444444 -0.632063 1000.000000 2.744444 2.520060 100.000000 1.887997 -400568.858716 1.582397 0.006729 1.345836 0.076414 0.291953 58.390617
 11.700000 2.463039 2.835350 0.372311 0.586075 428.405195 2.444444 -0.632063 1000.000000 2.744444 2.520060 100.000000 1.887997 -400569.353972 1.697170 0.798522 159.704305 0.066506 0.221150 44.229901
 11.750000 2.417153 2.922193 0.505039 1.952122 1060.750213 2.444444 -0.632063 1000.000000 2.744444 2.520060 100.000000 1.887997 -400568.917876 1.542768 0.039279 7.855890 0.159655 1.274491 254.898277
 11.800000 2.390888 2.829678 0.438790 1.797385 2940.940876 2.444444 -0.632063 1000.000000 2.744444 2.520060 100.000000 1.887997 -400569.672493 1.645347 0.277887 55.577487 0.168560 1.420628 284.125506
 11.850000 2.420091 2.904340 0.484250 1.574889 848.779994 2.444444 -0.632063 1000.000000 2.744444 2.520060 100.000000 1.887997 -400571.142269 1.660693 0.404068 80.813672 0.085078 0.361916 72.383105
 11.900000 2.431585 2.940526 0.508940 2.005071 549.834404 2.444444 -0.632063 1000.000000 2.744444 2.520060 100.000000 1.887997 -400570.083495 1.551620 0.018387 3.677325 0.033466 0.055998 11.199580
 11.950000 2.424010 2.859297 0.435288 0.868348 549.488596 2.444444 -0.632063 1000.000000 2.744444 2.520060 100.000000 1.887997 -400569.212374 1.677313 0.567291 113.458113 0.052418 0.137381 27.476150
 12.000000 2.425283 2.878186 0.452903 1.077928 546.043523 2.444444 -0.632063 1000.000000 2.744444 2.520060 100.000000 1.887997 -400572.533970 1.537226 0.056350 11.269934 0.113309 0.641944 128.388818
 12.050000 2.429486 2.901910 0.472424 1.351650 471.708144 2.444444 -0.632063 1000.000000 2.744444 2.520060 100.000000 1.887997 -400570.744333 1.574145 0.000561 0.112122 0.204068 2.082192 416.438393
 12.100000 2.364343 2.845570 0.481226 3.719412 6518.454238 2.444444 -0.632063 1000.000000 2.744444 2.520060 100.000000 1.887997 -400571.709200 1.646575 0.287122 57.424437 0.188752 1.781375 356.274955
 12.150000 2.452872 2.997502 0.544630 3.237407 711.395435 2.444444 -0.632063 1000.000000 2.744444 2.520060 100.000000 1.887997 -400568.687593 1.673911 0.531635 106.327079 0.030730 0.047217 9.443414
 12.200000 2.450676 2.781871 0.331195 0.089450 52.834495 2.444444 -0.632063 1000.000000 2.744444 2.520060 100.000000 1.887997 -400568.593076 1.582832 0.007242 1.448476 0.012591 0.007926 1.585296
 12.250000 2.405203 2.961740 0.556537 3.130819 2012.083874 2.444444 -0.632063 1000.000000 2.744444 2.520060 100.000000 1.887997 -400567.268265 1.679829 0.594402 118.880370 0.044848 0.100568 20.113635
 12.300000 2.343262 2.868629 0.525367 5.890004 10392.045879 2.444444 -0.632063 1000.000000 2.744444 2.520060 100.000000 1.887997 -400573.241632 1.581683 0.005926 1.185225 0.106874 0.571104 114.220844
 12.350000 2.451306 2.906196 0.454890 1.331718 308.711862 2.444444 -0.632063 1000.000000 2.744444 2.520060 100.000000 1.887997 -400571.630842 1.700730 0.844139 168.827734 0.125838 0.791759 158.351831
 12.400000 2.378943 2.856661 0.477718 2.774855 4416.370933 2.444444 -0.632063 1000.000000 2.744444 2.520060 100.000000 1.887997 -400573.279117 1.556910 0.009641 1.928232 0.088948 0.395589 79.117850
 12.450000 2.447588 2.914017 0.466429 1.442688 297.432928 2.444444 -0.632063 1000.000000 2.744444 2.520060 100.000000 1.887997 -400572.087044 1.685024 0.652394 130.478759 0.042836 0.091747 18.349325
 12.500000 2.412064 2.850970 0.438906 1.091620 1161.942829 2.444444 -0.632063 1000.000000 2.744444 2.520060 100.000000 1.887997 -400570.009691 1.602998 0.051848 10.369665 0.077892 0.303359 60.671849
 12.550000 2.450080 2.871172 0.421092 0.818876 192.358474 2.444444 -0.632063 1000.000000 2.744444 2.520060 100.000000 1.887997 -400568.431214 1.620206 0.122068 24.413532 0.109085 0.594971 118.994292
 12.600000 2.423651 2.861096 0.437445 0.896567 568.441395 2.444444 -0.632063 1000.000000 2.744444 2.520060 100.000000 1.887997 -400569.255531 1.626271 0.153873 30.774556 0.145310 1.055748 211.149693
 12.650000 2.491173 2.827547 0.336374 1.437077 2252.610733 2.444444 -0.632063 1000.000000 2.744444 2.520060 100.000000 1.887997 -400567.890963 1.575777 0.001240 0.248080 0.094455 0.446085 89.217076
 12.700000 2.381308 2.932756 0.551447 3.766137 4340.765839 2.444444 -0.632063 1000.000000 2.744444 2.520060 100.000000 1.887997 -400569.687885 1.638241 0.227439 45.487840 0.061355 0.188222 37.644448
 12.750000 2.471561 2.815292 0.343731 0.618621 785.497230 2.444444 -0.632063 1000.000000 2.744444 2.520060 100.000000 1.887997 -400567.169051 1.616446 0.104195 20.839096 0.040470 0.081893 16.378547
 12.800000 2.426719 2.914530 0.487811 1.603552 603.492100 2.444444 -0.632063 1000.000000 2.744444 2.520060 100.000000 1.887997 -400569.695375 1.638710 0.230615 46.123071 0.122763 0.753537 150.707500
 12.850000 2.418464 2.798573 0.380109 0.483978 704.260530 2.444444 -0.632063 1000.000000 2.744444 2.520060 100.000000 1.887997 -400563.391736 1.580733 0.004937 0.987387 0.112591 0.633839 126.767760
 12.900000 2.411316 2.964910 0.553594 2.978993 1583.514934 2.444444 -0.632063 1000.000000 2.744444 2.520060 100.000000 1.887997 -400573.768663 1.649637 0.310790 62.158043 0.128675 0.827864 165.572825
 12.950000 2.438180 2.839515 0.401335 0.471542 129.627114 2.444444 -0.632063 1000.000000 2.744444 2.520060 100.000000 1.887997 -400569.993690 1.610712 0.079665 15.932929 0.060168 0.181011 36.202225
 13.000000 2.429087 2.870121 0.441033 0.907644 393.782553 2.444444 -0.632063 1000.000000 2.744444 2.520060 100.000000 1.887997 -400570.778351 1.621750 0.129812 25.962481 0.040793 0.083202 16.640470
 13.050000 2.427521 2.885606 0.458086 1.139539 485.679700 2.444444 -0.632063 1000.000000 2.744444 2.520060 100.000000 1.887997 -400572.895900 1.613068 0.089346 17.869230 0.086163 0.371199 74.239799
 13.100000 2.436073 2.834543 0.398469 0.440921 151.250216 2.444444 -0.632063 1000.000000 2.744444 2.520060 100.000000 1.887997 -400572.225268 1.621916 0.130660 26.131929 0.117507 0.690391 138.078266
 13.150000 2.433080 2.933223 0.500142 1.846431 485.512514 2.444444 -0.632063 1000.000000 2.744444 2.520060 100.000000 1.887997 -400573.227151 1.621909 0.130623 26.124676 0.116252 0.675727 135.145427
 13.200000 2.404004 2.826531 0.422527 1.154623 1702.813362 2.444444 -0.632063 1000.000000 2.744444 2.520060 100.000000 1.887997 -400570.052656 1.609298 0.074119 14.823862 0.064692 0.209252 41.850360
 13.250000 2.397459 2.954004 0.556545 3.299588 2646.819873 2.444444 -0.632063 1000.000000 2.744444 2.520060 100.000000 1.887997 -400573.985466 1.695694 0.779975 155.995059 0.066056 0.218170 43.633965
 13.300000 2.399814 2.868843 0.469029 1.769685 2146.617357 2.444444 -0.632063 1000.000000 2.744444 2.520060 100.000000 1.887997 -400571.654086 1.573243 0.000299 0.059876 0.094736 0.448742 89.748460
 13.350000 2.386200 2.916162 0.529962 3.170550 3687.263778 2.444444 -0.632063 1000.000000 2.744444 2.520060 100.000000 1.887997 -400574.087116 1.696154 0.785727 157.145395 0.138555 0.959868 191.973627
 13.400000 2.413936 2.851606 0.437670 1.039576 1045.628042 2.444444 -0.632063 1000.000000 2.744444 2.520060 100.000000 1.887997 -400573.147280 1.583911 0.008599 1.719873 0.096502 0.465632 93.126441
 13.450000 2.404828 2.918323 0.513495 2.296436 1871.832858 2.444444 -0.632063 1000.000000 2.744444 2.520060 100.000000 1.887997 -400573.195620 1.690352 0.714678 142.935523 0.060303 0.181825 36.364943
 13.500000 2.410256 2.849632 0.439375 1.137627 1279.463890 2.444444 -0.632063 1000.000000 2.744444 2.520060 100.000000 1.887997 -400573.167656 1.610183 0.077566 15.513264 0.051914 0.134752 26.950372
 13.550000 2.421456 2.902284 0.480828 1.509908 777.620047 2.444444 -0.632063 1000.000000 2.744444 2.520060 100.000000 1.887997 -400573.989099 1.607352 0.066818 13.363528 0.109393 0.598341 119.668249
 13.600000 2.441895 2.841331 0.399436 0.472604 100.368446 2.444444 -0.632063 1000.000000 2.744444 2.520060 100.000000 1.887997 -400572.691745 1.630601 0.178832 35.766357 0.127270 0.809883 161.976685
 13.650000 2.410568 2.838334 0.427766 1.014578 1235.783952 2.444444 -0.632063 1000.000000 2.744444 2.520060 100.000000 1.887997 -400570.551113 1.581222 0.005435 1.086929 0.102504 0.525355 105.071039
 13.700000 2.470526 2.909761 0.439235 1.706616 953.558663 2.444444 -0.632063 1000.000000 2.744444 2.520060 100.000000 1.887997 -400570.577395 1.675697 0.550207 110.041358 0.054733 0.149788 29.957547
 13.750000 2.404478 2.809624 0.405146 1.011058 1639.761434 2.444444 -0.632063 1000.000000 2.744444 2.520060 100.000000 1.887997 -400571.008905 1.570528 0.000004 0.000721 0.074241 0.275589 55.117745
 13.800000 2.479465 2.910374 0.430909 1.989852 1501.758041 2.444444 -0.632063 1000.000000 2.744444 2.520060 100.000000 1.887997 -400570.676585 1.654749 0.352402 70.480476 0.107201 0.574600 114.919919
 13.850000 2.421750 2.811856 0.390106 0.484732 560.477450 2.444444 -0.632063 1000.000000 2.744444 2.520060 100.000000 1.887997 -400569.446067 1.563717 0.002506 0.501131 0.127356 0.810983 162.196511
 13.900000 2.448950 2.883882 0.434932 0.982294 214.730312 2.444444 -0.632063 1000.000000 2.744444 2.520060 100.000000 1.887997 -400572.961133 1.666509 0.458045 91.609085 0.088945 0.395559 79.111824
 13.950000 2.416031 2.853918 0.437887 1.002895 927.190586 2.444444 -0.632063 1000.000000 2.744444 2.520060 100.000000 1.887997 -400571.610894 1.609289 0.074084 14.816895 0.065381 0.213732 42.746331
 14.000000 2.472547 2.870600 0.398052 1.190642 948.921410 2.444444 -0.632063 1000.000000 2.744444 2.520060 100.000000 1.887997 -400567.347011 1.619800 0.120067 24.013323 0.072902 0.265738 53.147639
 14.050000 2.390716 2.911601 0.520885 2.840437 3166.166552 2.444444 -0.632063 1000.000000 2.744444 2.520060 100.000000 1.887997 -400573.452985 1.648905 0.305045 61.009000 0.097917 0.479386 95.877165
 14.100000 2.414559 2.813065 0.398506 0.681999 940.204214 2.444444 -0.632063 1000.000000 2.744444 2.520060 100.000000 1.887997 -400569.438916 1.597611 0.035952 7.190391 0.117537 0.690746 138.149224
 14.150000 2.407859 2.954301 0.546442 2.871226 1778.870608 2.444444 -0.632063 1000.000000 2.744444 2.520060 100.000000 1.887997 -400571.429419 1.690129 0.712011 142.402119 0.124419 0.774007 154.801494
 14.200000 2.409039 2.830258 0.421219 0.994983 1327.215678 2.444444 -0.632063 1000.000000 2.744444 2.520060 100.000000 1.887997 -400566.988938 1.583746 0.008385 1.677055 0.082493 0.340257 68.051459
 14.250000 2.367505 2.973477 0.605972 5.582652 6444.290181 2.444444 -0.632063 1000.000000 2.744444 2.520060 100.000000 1.887997 -400576.169790 1.697337 0.800626 160.125294 0.085933 0.369227 73.845372
 14.300000 2.404175 2.854896 0.450721 1.420806 1743.651531 2.444444 -0.632063 1000.000000 2.744444 2.520060 100.000000 1.887997 -400570.602544 1.631682 0.185354 37.070717 0.073895 0.273022 54.604460
 14.350000 2.370229 2.913535 0.543307 4.183573 5793.889664 2.444444 -0.632063 1000.000000 2.744444 2.520060 100.000000 1.887997 -400572.765627 1.667844 0.470913 94.182550 0.108907 0.593038 118.607576
 14.400000 2.412106 2.857236 0.445129 1.158968 1172.968119 2.444444 -0.632063 1000.000000 2.744444 2.520060 100.000000 1.887997 -400571.577419 1.623647 0.139659 27.931805 0.103143 0.531919 106.383876
 14.450000 2.366945 2.930113 0.563168 4.726750 6350.949656 2.444444 -0.632063 1000.000000 2.744444 2.520060 100.000000 1.887997 -400575.403390 1.641557 0.250352 50.070494 0.092603 0.428763 85.752608
 14.500000 2.401183 2.883381 0.482198 1.900937 2064.576365 2.444444 -0.632063 1000.000000 2.744444 2.520060 100.000000 1.887997 -400572.071478 1.662271 0.418383 83.676524 0.052897 0.139907 27.981335
 14.550000 2.415583 2.860161 0.444577 1.085991 966.859081 2.444444 -0.632063 1000.000000 2.744444 2.520060 100.000000 1.887997 -400572.004762 1.616867 0.106126 21.225208 0.070771 0.250428 50.085610
 14.600000 2.429429 2.893141 0.463712 1.218267 446.568112 2.444444 -0.632063 1000.000000 2.744444 2.520060 100.000000 1.887997 -400573.171422 1.652413 0.333060 66.612024 0.105620 0.557774 111.554803
 14.650000 2.350382 2.873287 0.522905 5.253885 9013.723301 2.444444 -0.632063 1000.000000 2.744444 2.520060 100.000000 1.887997 -400573.874175 1.601906 0.048390 9.677909 0.119726 0.716715 143.342956
 14.700000 2.442116 2.907890 0.465774 1.338434 272.564951 2.444444 -0.632063 1000.000000 2.744444 2.520060 100.000000 1.887997 -400570.851282 1.640166 0.240611 48.122141 0.098178 0.481949 96.389735
 14.750000 2.429340 2.845886 0.416545 0.628583 331.033883 2.444444 -0.632063 1000.000000 2.744444 2.520060 100.000000 1.887997 -400569.293640 1.598846 0.039339 7.867822 0.056791 0.161260 32.252088
 14.800000 2.464563 2.851700 0.387136 0.777567 519.806070 2.444444 -0.632063 1000.000000 2.744444 2.520060 100.000000 1.887997 -400570.518382 1.649628 0.310720 62.143960 0.034614 0.059905 11.981093
 14.850000 2.419721 2.877963 0.458242 1.196985 789.517607 2.444444 -0.632063 1000.000000 2.744444 2.520060 100.000000 1.887997 -400570.950833 1.606234 0.062792 12.558474 0.095279 0.453902 90.780411
 14.900000 2.454604 2.855515 0.400911 0.668446 226.586625 2.444444 -0.632063 1000.000000 2.744444 2.520060 100.000000 1.887997 -400568.222602 1.617833 0.110620 22.124081 0.125190 0.783629 156.725831
 14.950000 2.410352 2.882167 0.471815 1.529513 1351.937979 2.444444 -0.632063 1000.000000 2.744444 2.520060 100.000000 1.887997 -400569.090917 1.583635 0.008241 1.648210 0.136862 0.936554 187.310787
 15.000000 2.470071 2.851390 0.381319 0.900232 771.106034 2.444444 -0.632063 1000.000000 2.744444 2.520060 100.000000 1.887997 -400566.976127 1.627596 0.161311 32.262292 0.071154 0.253141 50.628237
 15.050000 2.415400 2.883321 0.467922 1.386140 1036.466941 2.444444 -0.632063 1000.000000 2.744444 2.520060 100.000000 1.887997 -400567.531271 1.616360 0.103801 20.760142 0.037806 0.071465 14.293085
 15.100000 2.481154 2.844273 0.363118 1.172096 1447.277757 2.444444 -0.632063 1000.000000 2.744444 2.520060 100.000000 1.887997 -400566.840606 1.603763 0.054340 10.867954 0.081176 0.329475 65.895039
 15.150000 2.393187 2.913917 0.520731 2.749741 2914.582708 2.444444 -0.632063 1000.000000 2.744444 2.520060 100.000000 1.887997 -400567.670659 1.622181 0.132021 26.404131 0.153917 1.184523 236.904658
 15.200000 2.434049 2.845646 0.411596 0.566114 210.478573 2.444444 -0.632063 1000.000000 2.744444 2.520060 100.000000 1.887997 -400564.653714 1.566732 0.000826 0.165196 0.138680 0.961605 192.320979
 15.250000 2.415543 2.901947 0.486404 1.658005 1083.377886 2.444444 -0.632063 1000.000000 2.744444 2.520060 100.000000 1.887997 -400569.056198 1.678275 0.577579 115.515798 0.088018 0.387357 77.471497
 15.300000 2.422934 2.843340 0.420406 0.720359 560.489662 2.444444 -0.632063 1000.000000 2.744444 2.520060 100.000000 1.887997 -400569.021446 1.615235 0.098738 19.747597 0.008930 0.003987 0.797435
 15.350000 2.395369 2.966460 0.571091 3.668761 2901.349103 2.444444 -0.632063 1000.000000 2.744444 2.520060 100.000000 1.887997 -400571.617683 1.664639 0.440326 88.065227 0.074902 0.280518 56.103545
 15.400000 2.439333 2.808952 0.369619 0.221122 67.737403 2.444444 -0.632063 1000.000000 2.744444 2.520060 100.000000 1.887997 -400567.722271 1.600682 0.044658 8.931688 0.114390 0.654251 130.850200
 15.450000 2.374841 2.937105 0.562264 4.278240 5215.867836 2.444444 -0.632063 1000.000000 2.744444 2.520060 100.000000 1.887997 -400573.850064 1.634233 0.201212 40.242444 0.131190 0.860539 172.107800
 15.500000 2.441445 2.821420 0.379975 0.300761 68.251551 2.444444 -0.632063 1000.000000 2.744444 2.520060 100.000000 1.887997 -400568.862810 1.621452 0.128298 25.659556 0.075891 0.287971 57.594185
 15.550000 2.416159 2.948657 0.532498 2.485182 1217.102692 2.444444 -0.632063 1000.000000 2.744444 2.520060 100.000000 1.887997 -400570.095233 1.631133 0.182028 36.405505 0.054400 0.147966 29.593242
 15.600000 2.441327 2.843458 0.402130 0.495039 107.751706 2.444444 -0.632063 1000.000000 2.744444 2.520060 100.000000 1.887997 -400567.994190 1.603247 0.052652 10.530448 0.042105 0.088641 17.728177
 15.650000 2.400628 2.907538 0.506910 2.289924 2185.904349 2.444444 -0.632063 1000.000000 2.744444 2.520060 100.000000 1.887997 -400571.538928 1.658574 0.385242 77.048470 0.105626 0.557840 111.567901
 15.700000 2.441416 2.869404 0.427989 0.785337 165.324105 2.444444 -0.632063 1000.000000 2.744444 2.520060 100.000000 1.887997 -400566.292524 1.607175 0.066169 13.233836 0.140417 0.985845 197.169095
 15.750000 2.384511 2.850799 0.466287 2.361545 3705.076066 2.444444 -0.632063 1000.000000 2.744444 2.520060 100.000000 1.887997 -400573.949857 1.629332 0.171319 34.263870 0.133053 0.885151 177.030179
 15.800000 2.445378 2.928850 0.483472 1.700699 340.923894 2.444444 -0.632063 1000.000000 2.744444 2.520060 100.000000 1.887997 -400572.269181 1.645534 0.279287 55.857428 0.071031 0.252273 50.454646
 15.850000 2.375505 2.891579 0.516075 3.458789 4969.197983 2.444444 -0.632063 1000.000000 2.744444 2.520060 100.000000 1.887997 -400572.743063 1.629043 0.169633 33.926570 0.044903 0.100814 20.162868
 15.900000 2.407954 2.916740 0.508785 2.150048 1628.387086 2.444444 -0.632063 1000.000000 2.744444 2.520060 100.000000 1.887997 -400573.132856 1.705502 0.907277 181.455440 0.072772 0.264787 52.957468
 15.950000 2.363242 2.898747 0.535505 4.487371 6831.898489 2.444444 -0.632063 1000.000000 2.744444 2.520060 100.000000 1.887997 -400572.070120 1.560801 0.004995 0.999001 0.161603 1.305774 261.154787
 16.000000 2.444061 2.864963 0.420902 0.726305 145.393560 2.444444 -0.632063 1000.000000 2.744444 2.520060 100.000000 1.887997 -400565.957270 1.684194 0.642949 128.589724 0.189123 1.788371 357.674207
 16.050000 2.380004 2.888100 0.508097 3.108160 4358.992839 2.444444 -0.632063 1000.000000 2.744444 2.520060 100.000000 1.887997 -400574.346460 1.590254 0.018930 3.786059 0.113122 0.639832 127.966422
 16.100000 2.379561 2.964367 0.584806 4.523216 4693.495737 2.444444 -0.632063 1000.000000 2.744444 2.520060 100.000000 1.887997 -400569.986157 1.689659 0.706411 141.282231 0.020921 0.021883 4.376690
 16.150000 2.378718 2.879394 0.500676 3.070564 4502.097112 2.444444 -0.632063 1000.000000 2.744444 2.520060 100.000000 1.887997 -400571.705802 1.658480 0.384420 76.883958 0.031131 0.048457 9.691395
 16.200000 2.465578 2.899503 0.433925 1.425463 687.042986 2.444444 -0.632063 1000.000000 2.744444 2.520060 100.000000 1.887997 -400565.856947 1.604264 0.056004 11.200727 0.125750 0.790659 158.131840
 16.250000 2.388209 2.874081 0.485872 2.421491 3330.473405 2.444444 -0.632063 1000.000000 2.744444 2.520060 100.000000 1.887997 -400571.549491 1.616143 0.102817 20.563349 0.201173 2.023524 404.704806
 16.300000 2.400086 2.879843 0.479758 1.900499 2151.037737 2.444444 -0.632063 1000.000000 2.744444 2.520060 100.000000 1.887997 -400570.669372 1.611100 0.081219 16.243713 0.139200 0.968836 193.767217
 16.350000 2.393131 2.935622 0.542490 3.143949 2998.507179 2.444444 -0.632063 1000.000000 2.744444 2.520060 100.000000 1.887997 -400570.619375 1.659807 0.396146 79.229247 0.036144 0.065318 13.063672
 16.400000 2.439770 2.843047 0.403277 0.497050 119.073114 2.444444 -0.632063 1000.000000 2.744444 2.520060 100.000000 1.887997 -400568.659563 1.624236 0.142791 28.558229 0.025794 0.033267 6.653369
 16.450000 2.427992 2.944033 0.516041 2.127121 669.031852 2.444444 -0.632063 1000.000000 2.744444 2.520060 100.000000 1.887997 -400574.140585 1.645883 0.281897 56.379387 0.108611 0.589822 117.964498
 16.500000 2.402888 2.787815 0.384927 0.957535 1745.782869 2.444444 -0.632063 1000.000000 2.744444 2.520060 100.000000 1.887997 -400566.852659 1.579865 0.004112 0.822449 0.172546 1.488600 297.720012
 16.550000 2.414540 2.919007 0.504467 1.970734 1198.995447 2.444444 -0.632063 1000.000000 2.744444 2.520060 100.000000 1.887997 -400572.019952 1.602586 0.050530 10.106066 0.171335 1.467782 293.556462
 16.600000 2.491912 2.818236 0.326324 1.398846 2307.622872 2.444444 -0.632063 1000.000000 2.744444 2.520060 100.000000 1.887997 -400568.711210 1.600746 0.044848 8.969540 0.058675 0.172136 34.427191
 16.650000 2.449669 2.871380 0.421711 0.819274 188.417514 2.444444 -0.632063 1000.000000 2.744444 2.520060 100.000000 1.887997 -400567.039926 1.609249 0.073932 14.786330 0.033456 0.055966 11.193189
 16.700000 2.451333 2.876902 0.425569 0.900972 222.902216 2.444444 -0.632063 1000.000000 2.744444 2.520060 100.000000 1.887997 -400570.835575 1.610179 0.077550 15.510040 0.045862 0.105167 21.033435
 16.750000 2.420241 2.818591 0.398350 0.567791 640.783730 2.444444 -0.632063 1000.000000 2.744444 2.520060 100.000000 1.887997 -400570.081803 1.614397 0.095050 19.010043 0.146626 1.074952 214.990484
 16.800000 2.466833 2.891881 0.425049 1.337496 718.603108 2.444444 -0.632063 1000.000000 2.744444 2.520060 100.000000 1.887997 -400571.311101 1.590771 0.019949 3.989883 0.155048 1.201996 240.399286
 16.850000 2.391019 2.836918 0.445899 1.854700 2939.771398 2.444444 -0.632063 1000.000000 2.744444 2.520060 100.000000 1.887997 -400570.191040 1.596015 0.031800 6.359946 0.101654 0.516672 103.334348
 16.900000 2.419747 2.934371 0.514623 2.108570 970.664304 2.444444 -0.632063 1000.000000 2.744444 2.520060 100.000000 1.887997 -400572.312673 1.690665 0.718429 143.685761 0.035829 0.064186 12.837191
 16.950000 2.385518 2.884351 0.498833 2.714861 3668.072153 2.444444 -0.632063 1000.000000 2.744444 2.520060 100.000000 1.887997 -400571.550858 1.597077 0.034534 6.906866 0.037789 0.071399 14.279856
 17.000000 2.420338 2.856447 0.436109 0.917791 706.564848 2.444444 -0.632063 1000.000000 2.744444 2.520060 100.000000 1.887997 -400571.081974 1.693537 0.753258 150.651655 0.105426 0.555729 111.145794
 17.050000 2.394766 2.891568 0.496801 2.316226 2684.383661 2.444444 -0.632063 1000.000000 2.744444 2.520060 100.000000 1.887997 -400573.164284 1.545711 0.031464 6.292855 0.153221 1.173830 234.766061
 17.100000 2.434141 2.880877 0.446736 0.983771 292.295008 2.444444 -0.632063 1000.000000 2.744444 2.520060 100.000000 1.887997 -400570.943820 1.635518 0.209442 41.888304 0.120933 0.731243 146.248601
 17.150000 2.389959 2.879886 0.489927 2.401572 3152.148861 2.444444 -0.632063 1000.000000 2.744444 2.520060 100.000000 1.887997 -400571.856620 1.650712 0.319326 63.865215 0.050042 0.125208 25.041645
 17.200000 2.460093 2.918590 0.458498 1.638772 548.132841 2.444444 -0.632063 1000.000000 2.744444 2.520060 100.000000 1.887997 -400567.971875 1.601541 0.047263 9.452601 0.021796 0.023753 4.750689
 17.250000 2.444316 2.818225 0.373908 0.272184 54.451510 2.444444 -0.632063 1000.000000 2.744444 2.520060 100.000000 1.887997 -400567.897206 1.659198 0.390743 78.148543 0.116284 0.676098 135.219655
 17.300000 2.409595 2.884856 0.475261 1.593008 1411.619261 2.444444 -0.632063 1000.000000 2.744444 2.520060 100.000000 1.887997 -400571.552608 1.552106 0.017467 3.493429 0.154156 1.188211 237.642139
 17.350000 2.409074 2.885713 0.476638 1.623360 1450.617582 2.444444 -0.632063 1000.000000 2.744444 2.520060 100.000000 1.887997 -400571.145333 1.623458 0.138665 27.732961 0.133996 0.897744 179.548867
 17.400000 2.454973 2.844082 0.389109 0.551812 210.130089 2.444444 -0.632063 1000.000000 2.744444 2.520060 100.000000 1.887997 -400569.140493 1.646473 0.286350 57.270009 0.065395 0.213823 42.764641
 17.450000 2.447824 2.901361 0.453537 1.236849 257.646900 2.444444 -0.632063 1000.000000 2.744444 2.520060 100.000000 1.887997 -400567.962693 1.570334 0.000011 0.002135 0.020033 0.020066 4.013293
 17.500000 2.422866 2.837667 0.414801 0.667337 552.537436 2.444444 -0.632063 1000.000000 2.744444 2.520060 100.000000 1.887997 -400571.687869 1.669294 0.485089 97.017781 0.062193 0.193397 38.679357
 17.550000 2.389657 2.889929 0.500272 2.559128 3213.330469 2.444444 -0.632063 1000.000000 2.744444 2.520060 100.000000 1.887997 -400572.252672 1.600024 0.042712 8.542412 0.130097 0.846264 169.252836
 17.600000 2.427924 2.909518 0.481594 1.498931 545.412781 2.444444 -0.632063 1000.000000 2.744444 2.520060 100.000000 1.887997 -400572.103838 1.605471 0.060116 12.023157 0.160627 1.290057 258.011367
 17.650000 2.379283 2.835427 0.456144 2.536888 4328.770764 2.444444 -0.632063 1000.000000 2.744444 2.520060 100.000000 1.887997 -400574.591790 1.619209 0.117189 23.437869 0.111069 0.616817 123.363480
 17.700000 2.413545 2.965863 0.552318 2.928707 1445.061380 2.444444 -0.632063 1000.000000 2.744444 2.520060 100.000000 1.887997 -400569.829995 1.676409 0.557705 111.541021 0.039315 0.077284 15.456807
 17.750000 2.375576 2.830670 0.455093 2.743141 4817.151459 2.444444 -0.632063 1000.000000 2.744444 2.520060 100.000000 1.887997 -400573.752593 1.640874 0.245543 49.108598 0.039830 0.079320 15.864094
 17.800000 2.403439 2.920873 0.517435 2.397100 1992.751813 2.444444 -0.632063 1000.000000 2.744444 2.520060 100.000000 1.887997 -400571.524661 1.651186 0.323123 64.624588 0.085934 0.369234 73.846707
 17.850000 2.376690 2.899198 0.522507 3.492732 4830.092656 2.444444 -0.632063 1000.000000 2.744444 2.520060 100.000000 1.887997 -400572.064685 1.578140 0.002696 0.539234 0.152915 1.169152 233.830474
 17.900000 2.425576 2.866220 0.440644 0.919473 504.303412 2.444444 -0.632063 1000.000000 2.744444 2.520060 100.000000 1.887997 -400569.577811 1.621432 0.128198 25.639596 0.136734 0.934809 186.961789
 17.950000 2.404536 2.887335 0.482799 1.817236 1796.873512 2.444444 -0.632063 1000.000000 2.744444 2.520060 100.000000 1.887997 -400572.092080 1.637719 0.223935 44.787064 0.072527 0.263006 52.601279
 18.000000 2.415336 2.882409 0.467073 1.375365 1037.658449 2.444444 -0.632063 1000.000000 2.744444 2.520060 100.000000 1.887997 -400570.147122 1.638001 0.225823 45.164569 0.048754 0.118850 23.769976
 18.050000 2.420180 2.905982 0.485802 1.599099 849.708739 2.444444 -0.632063 1000.000000 2.744444 2.520060 100.000000 1.887997 -400571.108321 1.675026 0.543188 108.637556 0.106941 0.571822 114.364371
 18.100000 2.434456 2.871046 0.436590 0.851283 260.044747 2.444444 -0.632063 1000.000000 2.744444 2.520060 100.000000 1.887997 -400567.709230 1.529623 0.084762 16.952371 0.145066 1.052212 210.442442
 18.150000 2.434397 2.874116 0.439720 0.891221 269.107404 2.444444 -0.632063 1000.000000 2.744444 2.520060 100.000000 1.887997 -400569.724428 1.622641 0.134391 26.878295 0.151490 1.147459 229.491892
 18.200000 2.447407 2.801470 0.354062 0.166984 41.297919 2.444444 -0.632063 1000.000000 2.744444 2.520060 100.000000 1.887997 -400567.252740 1.642192 0.254870 50.974079 0.079921 0.319371 63.874151
 18.250000 2.412824 2.961585 0.548762 2.857443 1471.374385 2.444444 -0.632063 1000.000000 2.744444 2.520060 100.000000 1.887997 -400572.921706 1.584081 0.008824 1.764857 0.011255 0.006333 1.266692
 18.300000 2.402637 2.844174 0.441537 1.371232 1847.327799 2.444444 -0.632063 1000.000000 2.744444 2.520060 100.000000 1.887997 -400573.395770 1.671842 0.510510 102.102071 0.043475 0.094503 18.900684
 18.350000 2.395291 2.965119 0.569828 3.642905 2903.044731 2.444444 -0.632063 1000.000000 2.744444 2.520060 100.000000 1.887997 -400574.606382 1.595322 0.030075 6.015062 0.141203 0.996919 199.383847
 18.400000 2.390890 2.863575 0.472686 2.143671 3010.048378 2.444444 -0.632063 1000.000000 2.744444 2.520060 100.000000 1.887997 -400570.881758 1.569527 0.000081 0.016113 0.205927 2.120306 424.061145
 18.450000 2.411743 2.845203 0.433460 1.042312 1170.920683 2.444444 -0.632063 1000.000000 2.744444 2.520060 100.000000 1.887997 -400570.274998 1.685843 0.661788 132.357516 0.159936 1.278976 255.795210
 18.500000 2.431531 2.916887 0.485356 1.570196 464.128322 2.444444 -0.632063 1000.000000 2.744444 2.520060 100.000000 1.887997 -400571.506114 1.605390 0.059835 11.967074 0.021725 0.023598 4.719659
 18.550000 2.444651 2.834303 0.389652 0.403753 80.789167 2.444444 -0.632063 1000.000000 2.744444 2.520060 100.000000 1.887997 -400570.800357 1.664215 0.436353 87.270665 0.059476 0.176869 35.373899
 18.600000 2.394905 2.960074 0.565168 3.551869 2919.104572 2.444444 -0.632063 1000.000000 2.744444 2.520060 100.000000 1.887997 -400574.364328 1.619587 0.119025 23.804906 0.125050 0.781871 156.374299
 18.650000 2.412374 2.805863 0.393489 0.702880 1066.257469 2.444444 -0.632063 1000.000000 2.744444 2.520060 100.000000 1.887997 -400568.624548 1.551154 0.019291 3.858180 0.170766 1.458056 291.611251
 18.700000 2.478869 2.863705 0.384836 1.303668 1327.262590 2.444444 -0.632063 1000.000000 2.744444 2.520060 100.000000 1.887997 -400565.589793 1.696602 0.791359 158.271847 0.173371 1.502878 300.575522
 18.750000 2.446375 2.840489 0.394114 0.463088 95.971917 2.444444 -0.632063 1000.000000 2.744444 2.520060 100.000000 1.887997 -400567.828588 1.534838 0.064650 12.929998 0.011792 0.006953 1.390572
 18.800000 2.413704 2.912915 0.499211 1.891601 1228.804863 2.444444 -0.632063 1000.000000 2.744444 2.520060 100.000000 1.887997 -400569.145908 1.691267 0.725654 145.130874 0.064251 0.206410 41.282040
 18.850000 2.417899 2.849055 0.431156 0.899488 814.071490 2.444444 -0.632063 1000.000000 2.744444 2.520060 100.000000 1.887997 -400571.926984 1.608116 0.069638 13.927583 0.087929 0.386576 77.315255
 18.900000 2.412481 2.937699 0.525217 2.378179 1395.107130 2.444444 -0.632063 1000.000000 2.744444 2.520060 100.000000 1.887997 -400573.221488 1.569914 0.000039 0.007789 0.153937 1.184827 236.965467
 18.950000 2.416975 2.791942 0.374967 0.490077 777.114205 2.444444 -0.632063 1000.000000 2.744444 2.520060 100.000000 1.887997 -400570.763889 1.702823 0.871550 174.309976 0.142078 1.009313 201.862672
 19.000000 2.398674 2.927947 0.529273 2.731134 2431.677095 2.444444 -0.632063 1000.000000 2.744444 2.520060 100.000000 1.887997 -400572.420183 1.555250 0.012084 2.416742 0.071374 0.254715 50.943051
 19.050000 2.391759 2.937704 0.545946 3.255361 3149.282222 2.444444 -0.632063 1000.000000 2.744444 2.520060 100.000000 1.887997 -400569.674026 1.707279 0.931380 186.276029 0.061042 0.186305 37.260989
 19.100000 2.368246 2.844820 0.476574 3.406838 5906.895977 2.444444 -0.632063 1000.000000 2.744444 2.520060 100.000000 1.887997 -400572.786340 1.648949 0.305394 61.078884 0.069682 0.242779 48.555730
 19.150000 2.428520 3.024386 0.595866 4.045153 1037.271762 2.444444 -0.632063 1000.000000 2.744444 2.520060 100.000000 1.887997 -400571.019241 1.603146 0.052325 10.464987 0.151278 1.144257 228.851462
 19.200000 2.397020 2.758913 0.361893 1.134986 2251.130804 2.444444 -0.632063 1000.000000 2.744444 2.520060 100.000000 1.887997 -400566.837080 1.628549 0.166770 33.353986 0.152335 1.160295 232.058930
 19.250000 2.422992 2.960605 0.537613 2.566381 927.463955 2.444444 -0.632063 1000.000000 2.744444 2.520060 100.000000 1.887997 -400572.145395 1.669284 0.484993 96.998621 0.092191 0.424962 84.992396
 19.300000 2.397740 2.878668 0.480928 1.991434 2361.428719 2.444444 -0.632063 1000.000000 2.744444 2.520060 100.000000 1.887997 -400567.114409 1.586312 0.012037 2.407444 0.053841 0.144942 28.988321
 19.350000 2.442570 2.886913 0.444343 1.016617 206.486357 2.444444 -0.632063 1000.000000 2.744444 2.520060 100.000000 1.887997 -400568.604082 1.695178 0.773538 154.707585 0.057673 0.166308 33.261602
 19.400000 2.403235 2.906667 0.503431 2.164895 1961.339589 2.444444 -0.632063 1000.000000 2.744444 2.520060 100.000000 1.887997 -400568.281167 1.530840 0.079827 15.965359 0.110009 0.605101 121.020146
 19.450000 2.427921 2.876133 0.448212 1.003605 446.430072 2.444444 -0.632063 1000.000000 2.744444 2.520060 100.000000 1.887997 -400571.232629 1.665452 0.447983 89.596643 0.136416 0.930466 186.093237
 19.500000 2.360872 2.891487 0.530615 4.573229 7200.511950 2.444444 -0.632063 1000.000000 2.744444 2.520060 100.000000 1.887997 -400572.811613 1.628047 0.163881 32.776217 0.095517 0.456176 91.235294
 19.550000 2.412092 2.933470 0.521378 2.309862 1403.955961 2.444444 -0.632063 1000.000000 2.744444 2.520060 100.000000 1.887997 -400570.438656 1.649372 0.308710 61.742068 0.032393 0.052465 10.492971
 19.600000 2.340026 2.903409 0.563383 6.715103 11155.920020 2.444444 -0.632063 1000.000000 2.744444 2.520060 100.000000 1.887997 -400573.180683 1.699192 0.824273 164.854506 0.026085 0.034022 6.804373
 19.650000 2.414437 2.926317 0.511880 2.104113 1231.230343 2.444444 -0.632063 1000.000000 2.744444 2.520060 100.000000 1.887997 -400570.219600 1.600804 0.045023 9.004554 0.078289 0.306456 61.291122
 19.700000 2.399401 2.924148 0.524747 2.629131 2351.864412 2.444444 -0.632063 1000.000000 2.744444 2.520060 100.000000 1.887997 -400566.807548 1.597361 0.035284 7.056882 0.169187 1.431209 286.241827
 19.750000 2.437904 2.784264 0.346360 0.100671 58.639206 2.444444 -0.632063 1000.000000 2.744444 2.520060 100.000000 1.887997 -400568.773266 1.606061 0.062181 12.436297 0.129067 0.832913 166.582624
 19.800000 2.428062 2.964298 0.536236 2.550970 751.736671 2.444444 -0.632063 1000.000000 2.744444 2.520060 100.000000 1.887997 -400568.267780 1.608624 0.071546 14.309146 0.061007 0.186090 37.217937
 19.850000 2.424252 2.842126 0.417874 0.680954 503.161024 2.444444 -0.632063 1000.000000 2.744444 2.520060 100.000000 1.887997 -400566.139735 1.641038 0.246695 49.338907 0.014412 0.010386 2.077139
 19.900000 2.389920 2.947610 0.557690 3.550275 3385.693731 2.444444 -0.632063 1000.000000 2.744444 2.520060 100.000000 1.887997 -400573.931821 1.660964 0.406512 81.302426 0.055234 0.152539 30.507860
 19.950000 2.419908 2.833523 0.413615 0.697769 681.390296 2.444444 -0.632063 1000.000000 2.744444 2.520060 100.000000 1.887997 -400571.024542 1.584576 0.009495 1.898932 0.117268 0.687591 137.518105
 20.000000 2.426039 2.900907 0.474868 1.393405 583.568995 2.444444 -0.632063 1000.000000 2.744444 2.520060 100.000000 1.887997 -400570.744718 1.667501 0.467592 93.518361 0.190375 1.812127 362.425462
 20.050000 2.452309 2.839281 0.386972 0.480617 151.783598 2.444444 -0.632063 1000.000000 2.744444 2.520060 100.000000 1.887997 -400568.363461 1.584712 0.009682 1.936331 0.125980 0.793548 158.709615
 20.100000 2.391966 2.948500 0.556533 3.458899 3170.333107 2.444444 -0.632063 1000.000000 2.744444 2.520060 100.000000 1.887997 -400570.753006 1.691261 0.725588 145.117625 0.050370 0.126857 25.371381
 20.150000 2.397197 2.842432 0.445235 1.596231 2328.327377 2.444444 -0.632063 1000.000000 2.744444 2.520060 100.000000 1.887997 -400571.041669 1.637565 0.222905 44.581054 0.024272 0.029457 5.891304
 20.200000 2.399332 2.997321 0.597990 4.214912 2674.613213 2.444444 -0.632063 1000.000000 2.744444 2.520060 100.000000 1.887997 -400572.817209 1.668732 0.479570 95.914058 0.095623 0.457184 91.436768
 20.250000 2.427765 2.765695 0.337930 0.161680 282.715951 2.444444 -0.632063 1000.000000 2.744444 2.520060 100.000000 1.887997 -400572.148768 1.598896 0.039481 7.896164 0.138147 0.954227 190.845467
 20.300000 2.421516 2.980604 0.559088 3.051416 1083.413221 2.444444 -0.632063 1000.000000 2.744444 2.520060 100.000000 1.887997 -400570.372521 1.677841 0.572923 114.584572 0.153378 1.176247 235.249477
 20.350000 2.380341 2.827525 0.447184 2.399725 4178.232230 2.444444 -0.632063 1000.000000 2.744444 2.520060 100.000000 1.887997 -400570.145403 1.590944 0.020297 4.059338 0.057692 0.166421 33.284196
 20.400000 2.421220 2.958648 0.537428 2.563839 998.193869 2.444444 -0.632063 1000.000000 2.744444 2.520060 100.000000 1.887997 -400571.967579 1.702165 0.862881 172.576233 0.046139 0.106442 21.288466
 20.450000 2.429348 2.862119 0.432771 0.806316 366.381877 2.444444 -0.632063 1000.000000 2.744444 2.520060 100.000000 1.887997 -400569.681849 1.603730 0.054230 10.846095 0.066198 0.219109 43.821827
 20.500000 2.384942 2.913343 0.528401 3.196584 3825.751782 2.444444 -0.632063 1000.000000 2.744444 2.520060 100.000000 1.887997 -400572.047457 1.667919 0.471639 94.327808 0.107478 0.577573 115.514624
 20.550000 2.418870 2.858156 0.439286 0.973542 783.362901 2.444444 -0.632063 1000.000000 2.744444 2.520060 100.000000 1.887997 -400571.175893 1.626486 0.155066 31.013249 0.162357 1.317992 263.598450
 20.600000 2.378152 2.977662 0.599509 4.916847 4938.573006 2.444444 -0.632063 1000.000000 2.744444 2.520060 100.000000 1.887997 -400571.521595 1.671068 0.502718 100.543612 0.105385 0.555295 111.059060
 20.650000 2.439218 2.802692 0.363474 0.183296 61.245872 2.444444 -0.632063 1000.000000 2.744444 2.520060 100.000000 1.887997 -400564.442255 1.594188 0.027359 5.471701 0.049917 0.124587 24.917399
 20.700000 2.398955 2.997806 0.598852 4.244278 2711.247565 2.444444 -0.632063 1000.000000 2.744444 2.520060 100.000000 1.887997 -400573.731893 1.705480 0.906979 181.395822 0.046600 0.108578 21.715650
 20.750000 2.399688 2.852542 0.452855 1.585844 2120.023034 2.444444 -0.632063 1000.000000 2.744444 2.520060 100.000000 1.887997 -400567.129798 1.631656 0.185197 37.039463 0.094664 0.448061 89.612113
 20.800000 2.354172 2.935733 0.581560 5.904094 8514.980213 2.444444 -0.632063 1000.000000 2.744444 2.520060 100.000000 1.887997 -400569.071302 1.651682 0.327122 65.424466 0.151873 1.153274 230.654719
 20.850000 2.466749 2.799874 0.333124 0.402374 528.233673 2.444444 -0.632063 1000.000000 2.744444 2.520060 100.000000 1.887997 -400565.935390 1.615923 0.101820 20.364096 0.129267 0.835499 167.099791
 20.900000 2.389876 2.963695 0.573819 3.892388 3458.419866 2.444444 -0.632063 1000.000000 2.744444 2.520060 100.000000 1.887997 -400570.351463 1.645545 0.279370 55.873916 0.076413 0.291947 58.389394
 20.950000 2.390124 2.895929 0.505805 2.622738 3180.185356 2.444444 -0.632063 1000.000000 2.744444 2.520060 100.000000 1.887997 -400569.580335 1.668004 0.472464 94.492846 0.048222 0.116269 23.253847
 21.000000 2.390096 2.917470 0.527374 2.973749 3253.081813 2.444444 -0.632063 1000.000000 2.744444 2.520060 100.000000 1.887997 -400572.219552 1.675798 0.551266 110.253203 0.070525 0.248692 49.738424
 21.050000 2.435087 2.864178 0.429091 0.760586 230.922375 2.444444 -0.632063 1000.000000 2.744444 2.520060 100.000000 1.887997 -400563.986589 1.610843 0.080186 16.037101 0.152329 1.160211 232.042283
 21.100000 2.406985 2.852366 0.445381 1.283975 1519.716563 2.444444 -0.632063 1000.000000 2.744444 2.520060 100.000000 1.887997 -400568.836823 1.689388 0.703199 140.639890 0.191212 1.828100 365.620093
 21.150000 2.398456 2.951377 0.552922 3.198552 2543.190536 2.444444 -0.632063 1000.000000 2.744444 2.520060 100.000000 1.887997 -400569.528406 1.651576 0.326269 65.253883 0.135606 0.919455 183.890999
 21.200000 2.355345 2.887024 0.531679 4.985784 8141.952111 2.444444 -0.632063 1000.000000 2.744444 2.520060 100.000000 1.887997 -400568.344326 1.559266 0.006647 1.329462 0.069420 0.240955 48.191046
 21.250000 2.400765 2.940902 0.540137 2.883743 2293.883111 2.444444 -0.632063 1000.000000 2.744444 2.520060 100.000000 1.887997 -400570.518984 1.715888 1.052582 210.516303 0.060803 0.184853 36.970535
 21.300000 2.376784 2.919707 0.542923 3.824815 4885.101544 2.444444 -0.632063 1000.000000 2.744444 2.520060 100.000000 1.887997 -400571.820829 1.640139 0.240420 48.084053 0.107336 0.576046 115.209243
 21.350000 2.414496 2.825270 0.410774 0.775087 962.226636 2.444444 -0.632063 1000.000000 2.744444 2.520060 100.000000 1.887997 -400571.284101 1.636820 0.217955 43.591017 0.170588 1.455021 291.004130
 21.400000 2.401386 2.986586 0.585201 3.858667 2440.393601 2.444444 -0.632063 1000.000000 2.744444 2.520060 100.000000 1.887997 -400573.905130 1.576712 0.001750 0.349994 0.144489 1.043852 208.770323
 21.450000 2.419283 2.822788 0.403505 0.623436 694.480635 2.444444 -0.632063 1000.000000 2.744444 2.520060 100.000000 1.887997 -400570.229248 1.639185 0.233852 46.770378 0.051565 0.132947 26.589496
 21.500000 2.440017 2.903739 0.463722 1.278533 273.352295 2.444444 -0.632063 1000.000000 2.744444 2.520060 100.000000 1.887997 -400571.435444 1.631490 0.184187 36.837399 0.037273 0.069464 13.892757
 21.550000 2.457102 2.881057 0.423955 1.013258 346.847726 2.444444 -0.632063 1000.000000 2.744444 2.520060 100.000000 1.887997 -400570.933076 1.591178 0.020770 4.153994 0.081759 0.334230 66.846054
 21.600000 2.413886 2.811865 0.397979 0.694179 979.257323 2.444444 -0.632063 1000.000000 2.744444 2.520060 100.000000 1.887997 -400571.433356 1.671959 0.511689 102.337876 0.158695 1.259206 251.841120
 21.650000 2.436263 2.934451 0.498188 1.838599 427.963029 2.444444 -0.632063 1000.000000 2.744444 2.520060 100.000000 1.887997 -400571.173161 1.548605 0.024622 4.924345 0.148643 1.104732 220.946347
 21.700000 2.432481 2.877465 0.444984 0.956283 320.061784 2.444444 -0.632063 1000.000000 2.744444 2.520060 100.000000 1.887997 -400568.012854 1.670559 0.497630 99.526024 0.077732 0.302114 60.422735
 21.750000 2.424394 2.882270 0.457877 1.150818 591.999352 2.444444 -0.632063 1000.000000 2.744444 2.520060 100.000000 1.887997 -400566.699439 1.614381 0.094983 18.996534 0.048799 0.119067 23.813400
 21.800000 2.436832 2.892726 0.455894 1.128350 277.819108 2.444444 -0.632063 1000.000000 2.744444 2.520060 100.000000 1.887997 -400569.467533 1.604082 0.055398 11.079661 0.076391 0.291776 58.355199
 21.850000 2.412513 2.853749 0.441236 1.107183 1139.085686 2.444444 -0.632063 1000.000000 2.744444 2.520060 100.000000 1.887997 -400570.332197 1.644582 0.272214 54.442820 0.138726 0.962242 192.448411
 21.900000 2.465727 2.889555 0.423828 1.279317 663.502894 2.444444 -0.632063 1000.000000 2.744444 2.520060 100.000000 1.887997 -400569.355493 1.597033 0.034419 6.883883 0.176218 1.552635 310.527017
 21.950000 2.414773 2.829697 0.414923 0.803583 953.051922 2.444444 -0.632063 1000.000000 2.744444 2.520060 100.000000 1.887997 -400568.656713 1.626673 0.156112 31.222446 0.098727 0.487349 97.469701
 22.000000 2.439000 2.932818 0.493817 1.789041 384.483174 2.444444 -0.632063 1000.000000 2.744444 2.520060 100.000000 1.887997 -400571.917547 1.645435 0.278550 55.709960 0.071081 0.252628 50.525550
 22.050000 2.395320 2.907610 0.512289 2.537736 2679.414692 2.444444 -0.632063 1000.000000 2.744444 2.520060 100.000000 1.887997 -400571.988332 1.640874 0.245544 49.108811 0.045525 0.103625 20.725028
 22.100000 2.440231 2.847393 0.407162 0.538799 123.740343 2.444444 -0.632063 1000.000000 2.744444 2.520060 100.000000 1.887997 -400568.460780 1.637517 0.222586 44.517147 0.103163 0.532134 106.426701
 22.150000 2.400868 2.877372 0.476504 1.832948 2075.616680 2.444444 -0.632063 1000.000000 2.744444 2.520060 100.000000 1.887997 -400566.621229 1.622760 0.135011 27.002143 0.188192 1.770804 354.160702
 22.200000 2.409928 2.888015 0.478088 1.626328 1397.520731 2.444444 -0.632063 1000.000000 2.744444 2.520060 100.000000 1.887997 -400566.347232 1.641895 0.252749 50.549878 0.137027 0.938819 187.763742
 22.250000 2.407924 2.936469 0.528545 2.510541 1702.467593 2.444444 -0.632063 1000.000000 2.744444 2.520060 100.000000 1.887997 -400571.493395 1.567451 0.000559 0.111889 0.102189 0.522128 104.425512
 22.300000 2.482594 2.835328 0.352734 1.140704 1538.016337 2.444444 -0.632063 1000.000000 2.744444 2.520060 100.000000 1.887997 -400566.247152 1.662161 0.417374 83.474776 0.030137 0.045412 9.082388
 22.350000 2.436669 2.894377 0.457708 1.154217 285.260222 2.444444 -0.632063 1000.000000 2.744444 2.520060 100.000000 1.887997 -400567.599555 1.564653 0.001887 0.377422 0.085477 0.365317 73.063315
 22.400000 2.419742 2.884277 0.464536 1.282778 805.761000 2.444444 -0.632063 1000.000000 2.744444 2.520060 100.000000 1.887997 -400571.375727 1.670603 0.498072 99.614438 0.144813 1.048535 209.707069
 22.450000 2.389095 2.872158 0.483063 2.347309 3226.638741 2.444444 -0.632063 1000.000000 2.744444 2.520060 100.000000 1.887997 -400571.918675 1.645591 0.279714 55.942886 0.143084 1.023645 204.728924
 22.500000 2.437775 2.933110 0.495335 1.801981 400.424664 2.444444 -0.632063 1000.000000 2.744444 2.520060 100.000000 1.887997 -400570.875405 1.548960 0.023840 4.768070 0.096498 0.465596 93.119244
 22.550000 2.433287 2.848562 0.415276 0.604273 232.898821 2.444444 -0.632063 1000.000000 2.744444 2.520060 100.000000 1.887997 -400565.433903 1.738135 1.400108 280.021634 0.056839 0.161532 32.306425
 22.600000 2.502497 2.857437 0.354940 2.323421 3497.777878 2.444444 -0.632063 1000.000000 2.744444 2.520060 100.000000 1.887997 -400571.406560 1.493540 0.298423 59.684674 0.058257 0.169695 33.938997
 22.650000 2.417345 2.924052 0.506707 1.980136 1056.980325 2.444444 -0.632063 1000.000000 2.744444 2.520060 100.000000 1.887997 -400572.030576 1.620416 0.123106 24.621192 0.095101 0.452206 90.441126
 22.700000 2.403366 2.763271 0.359906 0.861455 1691.008833 2.444444 -0.632063 1000.000000 2.744444 2.520060 100.000000 1.887997 -400568.139747 1.652735 0.335698 67.139584 0.105401 0.555464 111.092718
 22.750000 2.431447 3.038808 0.607362 4.416975 1035.443684 2.444444 -0.632063 1000.000000 2.744444 2.520060 100.000000 1.887997 -400573.865555 1.554744 0.012884 2.576873 0.116837 0.682542 136.508414
 22.800000 2.449429 2.667977 0.218548 0.304788 83.318339 2.444444 -0.632063 1000.000000 2.744444 2.520060 100.000000 1.887997 -400563.039710 1.677566 0.569989 113.997882 0.092913 0.431640 86.327920
 22.850000 2.369407 3.047175 0.677768 7.397579 6547.058305 2.444444 -0.632063 1000.000000 2.744444 2.520060 100.000000 1.887997 -400575.835462 1.629347 0.171407 34.281393 0.093785 0.439784 87.956769
 22.900000 2.363979 2.863731 0.499752 3.948832 6617.038122 2.444444 -0.632063 1000.000000 2.744444 2.520060 100.000000 1.887997 -400572.507086 1.584411 0.009268 1.853584 0.086101 0.370673 74.134603
 22.950000 2.421727 2.887933 0.466206 1.287495 721.985417 2.444444 -0.632063 1000.000000 2.744444 2.520060 100.000000 1.887997 -400569.005829 1.725303 1.193615 238.723019 0.140330 0.984630 196.925975
 23.000000 2.421094 2.946186 0.525092 2.307613 952.259844 2.444444 -0.632063 1000.000000 2.744444 2.520060 100.000000 1.887997 -400570.787493 1.513204 0.165842 33.168453 0.101680 0.516943 103.388501
 23.050000 2.358083 2.843280 0.485196 4.217554 7555.954438 2.444444 -0.632063 1000.000000 2.744444 2.520060 100.000000 1.887997 -400573.260536 1.728975 1.251025 250.205032 0.100711 0.507138 101.427648
 23.100000 2.408418 2.942039 0.533620 2.601114 1688.321478 2.444444 -0.632063 1000.000000 2.744444 2.520060 100.000000 1.887997 -400572.134155 1.603503 0.053487 10.697343 0.095442 0.455457 91.091462
 23.150000 2.438903 2.836404 0.397501 0.438180 115.274186 2.444444 -0.632063 1000.000000 2.744444 2.520060 100.000000 1.887997 -400570.077338 1.590219 0.018861 3.772230 0.099539 0.495402 99.080470
 23.200000 2.437916 2.861765 0.423849 0.709518 180.261784 2.444444 -0.632063 1000.000000 2.744444 2.520060 100.000000 1.887997 -400568.147112 1.698252 0.812250 162.449905 0.107635 0.579269 115.853893
 23.250000 2.392984 2.909394 0.516410 2.684509 2920.267468 2.444444 -0.632063 1000.000000 2.744444 2.520060 100.000000 1.887997 -400568.342771 1.521276 0.122613 24.522512 0.079939 0.319510 63.902042
 23.300000 2.439148 2.880649 0.441501 0.941609 213.572532 2.444444 -0.632063 1000.000000 2.744444 2.520060 100.000000 1.887997 -400570.005837 1.729608 1.261065 252.212947 0.125074 0.782173 156.434560
 23.350000 2.393367 2.828430 0.435063 1.657140 2679.454822 2.444444 -0.632063 1000.000000 2.744444 2.520060 100.000000 1.887997 -400569.933495 1.541317 0.043452 8.690420 0.086404 0.373284 74.656720
 23.400000 2.487523 2.968244 0.480721 3.432177 2356.601886 2.444444 -0.632063 1000.000000 2.744444 2.520060 100.000000 1.887997 -400572.684508 1.626770 0.156652 31.330336 0.108615 0.589864 117.972736
 23.450000 2.398962 2.783424 0.384462 1.110303 2083.859077 2.444444 -0.632063 1000.000000 2.744444 2.520060 100.000000 1.887997 -400570.333833 1.634491 0.202853 40.570677 0.065585 0.215071 43.014275
 23.500000 2.394438 2.966855 0.572417 3.723649 2995.334930 2.444444 -0.632063 1000.000000 2.744444 2.520060 100.000000 1.887997 -400572.016226 1.643786 0.266377 53.275418 0.056997 0.162435 32.486981
 23.550000 2.424283 2.826857 0.402575 0.542846 474.421524 2.444444 -0.632063 1000.000000 2.744444 2.520060 100.000000 1.887997 -400573.108576 1.612074 0.085190 17.038098 0.089839 0.403552 80.710417
 23.600000 2.438885 2.848861 0.409977 0.560601 139.941661 2.444444 -0.632063 1000.000000 2.744444 2.520060 100.000000 1.887997 -400572.459524 1.627804 0.162492 32.498345 0.100371 0.503714 100.742797
 23.650000 2.401986 2.983050 0.581064 3.747987 2372.040762 2.444444 -0.632063 1000.000000 2.744444 2.520060 100.000000 1.887997 -400574.968618 1.612684 0.087728 17.545570 0.119420 0.713062 142.612371
 23.700000 2.397733 2.797067 0.399334 1.229427 2209.632625 2.444444 -0.632063 1000.000000 2.744444 2.520060 100.000000 1.887997 -400570.455801 1.610902 0.080422 16.084481 0.084044 0.353171 70.634202
 23.750000 2.434804 2.980031 0.545228 2.821530 647.956443 2.444444 -0.632063 1000.000000 2.744444 2.520060 100.000000 1.887997 -400573.223755 1.678103 0.575737 115.147303 0.111861 0.625639 125.127816
 23.800000 2.368108 2.834642 0.466534 3.320419 5908.636980 2.444444 -0.632063 1000.000000 2.744444 2.520060 100.000000 1.887997 -400570.270533 1.568599 0.000242 0.048301 0.052912 0.139985 27.997064
 23.850000 2.441524 2.948295 0.506770 2.082009 424.076645 2.444444 -0.632063 1000.000000 2.744444 2.520060 100.000000 1.887997 -400569.935926 1.666792 0.460754 92.150885 0.054186 0.146805 29.361022
 23.900000 2.386332 2.855792 0.469459 2.308416 3500.989332 2.444444 -0.632063 1000.000000 2.744444 2.520060 100.000000 1.887997 -400568.322886 1.613790 0.092423 18.484684 0.038208 0.072991 14.598224
 23.950000 2.412741 2.943123 0.530382 2.476219 1399.851871 2.444444 -0.632063 1000.000000 2.744444 2.520060 100.000000 1.887997 -400569.919222 1.710858 0.980861 196.172198 0.125241 0.784267 156.853316
 24.000000 2.407287 2.809421 0.402134 0.901445 1422.918870 2.444444 -0.632063 1000.000000 2.744444 2.520060 100.000000 1.887997 -400568.289296 1.534439 0.066093 13.218693 0.148731 1.106048 221.209694
 24.050000 2.411825 2.919665 0.507840 2.067130 1371.049316 2.444444 -0.632063 1000.000000 2.744444 2.520060 100.000000 1.887997 -400573.321275 1.669414 0.486269 97.253784 0.122270 0.747493 149.498610
 24.100000 2.400759 2.859024 0.458265 1.610631 2039.704200 2.444444 -0.632063 1000.000000 2.744444 2.520060 100.000000 1.887997 -400570.511186 1.623217 0.137394 27.478798 0.054009 0.145850 29.169964
 24.150000 2.398680 2.944330 0.545650 3.044904 2493.926031 2.444444 -0.632063 1000.000000 2.744444 2.520060 100.000000 1.887997 -400574.086783 1.646172 0.284072 56.814428 0.028663 0.041078 8.215579
 24.200000 2.405437 2.827198 0.421761 1.103193 1590.046397 2.444444 -0.632063 1000.000000 2.744444 2.520060 100.000000 1.887997 -400569.825953 1.640903 0.245745 49.149014 0.089024 0.396268 79.253602
 24.250000 2.394534 2.906348 0.511814 2.556156 2753.172006 2.444444 -0.632063 1000.000000 2.744444 2.520060 100.000000 1.887997 -400567.741606 1.624649 0.145006 29.001101 0.152895 1.168844 233.768837
 24.300000 2.457261 2.883288 0.426028 1.046008 357.031696 2.444444 -0.632063 1000.000000 2.744444 2.520060 100.000000 1.887997 -400569.793855 1.594999 0.029289 5.857789 0.137476 0.944981 188.996183
 24.350000 2.421554 2.830674 0.409120 0.633756 598.314378 2.444444 -0.632063 1000.000000 2.744444 2.520060 100.000000 1.887997 -400571.478474 1.599091 0.040031 8.006110 0.106096 0.562822 112.564475
 24.400000 2.435917 2.952473 0.516555 2.200144 505.471062 2.444444 -0.632063 1000.000000 2.744444 2.520060 100.000000 1.887997 -400571.024171 1.691937 0.733750 146.750090 0.077172 0.297776 59.555273
 24.450000 2.375789 2.829422 0.453634 2.717876 4785.843272 2.444444 -0.632063 1000.000000 2.744444 2.520060 100.000000 1.887997 -400568.417904 1.575918 0.001312 0.262350 0.059330 0.176000 35.200001
 24.500000 2.455676 2.920049 0.464373 1.604929 434.518756 2.444444 -0.632063 1000.000000 2.744444 2.520060 100.000000 1.887997 -400569.874562 1.723281 1.162579 232.515701 0.136359 0.929692 185.938396
 24.550000 2.386891 2.834767 0.447876 2.064093 3393.953015 2.444444 -0.632063 1000.000000 2.744444 2.520060 100.000000 1.887997 -400572.110937 1.513572 0.163733 32.746562 0.113448 0.643517 128.703387
 24.600000 2.455135 2.918261 0.463126 1.567753 416.405218 2.444444 -0.632063 1000.000000 2.744444 2.520060 100.000000 1.887997 -400571.532938 1.662301 0.418655 83.730974 0.104207 0.542957 108.591358
 24.650000 2.393876 2.798719 0.404843 1.425854 2586.587461 2.444444 -0.632063 1000.000000 2.744444 2.520060 100.000000 1.887997 -400571.166497 1.620095 0.121517 24.303334 0.040642 0.082591 16.518119
 24.700000 2.454839 2.965381 0.510542 2.494667 596.172111 2.444444 -0.632063 1000.000000 2.744444 2.520060 100.000000 1.887997 -400570.125776 1.617608 0.109568 21.913549 0.035194 0.061932 12.386373
 24.750000 2.400530 2.834246 0.433717 1.367470 2009.146325 2.444444 -0.632063 1000.000000 2.744444 2.520060 100.000000 1.887997 -400571.193800 1.700822 0.845329 169.065885 0.080006 0.320045 64.009095
 24.800000 2.407214 2.940565 0.533351 2.616207 1770.729692 2.444444 -0.632063 1000.000000 2.744444 2.520060 100.000000 1.887997 -400572.433220 1.565695 0.001301 0.260185 0.161500 1.304109 260.821829
 24.850000 2.380968 2.948466 0.567498 4.095862 4445.478629 2.444444 -0.632063 1000.000000 2.744444 2.520060 100.000000 1.887997 -400573.846476 1.540195 0.046823 9.364689 0.183287 1.679715 335.942971
 24.900000 2.361857 2.793938 0.432080 3.532788 6845.114857 2.444444 -0.632063 1000.000000 2.744444 2.520060 100.000000 1.887997 -400573.018481 1.723009 1.158433 231.686613 0.126464 0.799663 159.932641
 24.950000 2.391137 3.030952 0.639816 5.525200 3662.597750 2.444444 -0.632063 1000.000000 2.744444 2.520060 100.000000 1.887997 -400574.215541 1.632480 0.190243 38.048561 0.027094 0.036705 7.341027
 25.000000 2.389617 2.812081 0.422464 1.731782 3051.839912 2.444444 -0.632063 1000.000000 2.744444 2.520060 100.000000 1.887997 -400571.493751 1.641460 0.249669 49.933818 0.063626 0.202414 40.482787
 25.050000 2.381546 2.977319 0.595773 4.689644 4498.545196 2.444444 -0.632063 1000.000000 2.744444 2.520060 100.000000 1.887997 -400573.932194 1.689780 0.707853 141.570549 0.117664 0.692241 138.448175
 25.100000 2.402410 2.864375 0.461965 1.602612 1910.728804 2.444444 -0.632063 1000.000000 2.744444 2.520060 100.000000 1.887997 -400567.734380 1.458671 0.628604 125.720703 0.146164 1.068192 213.638312
 25.150000 2.410204 2.893312 0.483108 1.694287 1394.040106 2.444444 -0.632063 1000.000000 2.744444 2.520060 100.000000 1.887997 -400572.156407 1.832204 3.416699 683.339837 0.171694 1.473938 294.787682
 25.200000 2.422932 2.849604 0.426672 0.784313 573.353604 2.444444 -0.632063 1000.000000 2.744444 2.520060 100.000000 1.887997 -400568.009100 1.525383 0.103120 20.623936 0.072078 0.259761 51.952213
 25.250000 2.440093 2.982135 0.542042 2.834297 583.902845 2.444444 -0.632063 1000.000000 2.744444 2.520060 100.000000 1.887997 -400570.878822 1.639785 0.237970 47.593938 0.061078 0.186529 37.305797
 25.300000 2.424395 2.727643 0.303248 0.215097 404.789903 2.444444 -0.632063 1000.000000 2.744444 2.520060 100.000000 1.887997 -400568.293996 1.620961 0.125827 25.165315 0.061480 0.188987 37.797419
 25.350000 2.433268 3.050700 0.617431 4.752065 1062.833548 2.444444 -0.632063 1000.000000 2.744444 2.520060 100.000000 1.887997 -400571.891064 1.540739 0.045172 9.034476 0.134170 0.900082 180.016362
 25.400000 2.437015 2.721655 0.284640 0.053568 60.393072 2.444444 -0.632063 1000.000000 2.744444 2.520060 100.000000 1.887997 -400568.723995 1.637617 0.223248 44.649659 0.147779 1.091933 218.386612
 25.450000 2.397533 2.955587 0.558054 3.329392 2646.496346 2.444444 -0.632063 1000.000000 2.744444 2.520060 100.000000 1.887997 -400573.735398 1.634840 0.205079 41.015746 0.111390 0.620384 124.076781
 25.500000 2.440649 2.841921 0.401272 0.482290 109.420354 2.444444 -0.632063 1000.000000 2.744444 2.520060 100.000000 1.887997 -400569.595262 1.591910 0.022289 4.457879 0.038074 0.072481 14.496190
 25.550000 2.379800 2.910836 0.531036 3.473751 4455.746178 2.444444 -0.632063 1000.000000 2.744444 2.520060 100.000000 1.887997 -400573.658864 1.687990 0.686724 137.344730 0.073765 0.272067 54.413400
 25.600000 2.374682 2.986648 0.611965 5.366492 5453.375810 2.444444 -0.632063 1000.000000 2.744444 2.520060 100.000000 1.887997 -400571.192125 1.572363 0.000123 0.024544 0.125498 0.787485 157.496962
 25.650000 2.413456 2.816775 0.403319 0.741720 1012.589144 2.444444 -0.632063 1000.000000 2.744444 2.520060 100.000000 1.887997 -400573.245920 1.607542 0.067514 13.502733 0.184253 1.697460 339.491974
 25.700000 2.458781 2.920328 0.461547 1.649505 514.871929 2.444444 -0.632063 1000.000000 2.744444 2.520060 100.000000 1.887997 -400571.855273 1.685230 0.654751 130.950230 0.110707 0.612805 122.560942
 25.750000 2.379675 2.840892 0.461217 2.562652 4288.121306 2.444444 -0.632063 1000.000000 2.744444 2.520060 100.000000 1.887997 -400568.250355 1.551437 0.018740 3.747904 0.054835 0.150345 30.069064
 25.800000 2.437680 2.968404 0.530724 2.530771 547.340027 2.444444 -0.632063 1000.000000 2.744444 2.520060 100.000000 1.887997 -400571.893160 1.711727 0.993079 198.615762 0.049696 0.123485 24.697048
 25.850000 2.435443 2.794372 0.358929 0.165149 105.946250 2.444444 -0.632063 1000.000000 2.744444 2.520060 100.000000 1.887997 -400570.932230 1.520144 0.128285 25.656962 0.102369 0.523971 104.794185
 25.900000 2.472758 2.946725 0.473967 2.446718 1210.851314 2.444444 -0.632063 1000.000000 2.744444 2.520060 100.000000 1.887997 -400570.868319 1.677046 0.564447 112.889479 0.207145 2.145455 429.090919
 25.950000 2.351993 2.774641 0.422648 4.319237 8556.408060 2.444444 -0.632063 1000.000000 2.744444 2.520060 100.000000 1.887997 -400572.946594 1.568704 0.000219 0.043773 0.148091 1.096548 219.309545
 26.000000 2.432075 3.006992 0.574917 3.523072 842.320011 2.444444 -0.632063 1000.000000 2.744444 2.520060 100.000000 1.887997 -400569.757457 1.702716 0.870136 174.027255 0.071402 0.254913 50.982684
 26.050000 2.363831 2.792741 0.428910 3.365879 6521.828886 2.444444 -0.632063 1000.000000 2.744444 2.520060 100.000000 1.887997 -400571.646140 1.568395 0.000288 0.057653 0.069186 0.239333 47.866573
 26.100000 2.446031 3.000488 0.554457 3.279172 658.099903 2.444444 -0.632063 1000.000000 2.744444 2.520060 100.000000 1.887997 -400572.308183 1.674028 0.532844 106.568758 0.054130 0.146501 29.300174
 26.150000 2.398617 2.789456 0.390839 1.151363 2120.379495 2.444444 -0.632063 1000.000000 2.744444 2.520060 100.000000 1.887997 -400569.948667 1.616499 0.104435 20.887057 0.138124 0.953913 190.782504
 26.200000 2.397983 2.895171 0.497188 2.215253 2385.840262 2.444444 -0.632063 1000.000000 2.744444 2.520060 100.000000 1.887997 -400573.047863 1.640065 0.239906 47.981288 0.253552 3.214420 642.884026
 26.250000 2.388118 2.947782 0.559664 3.653650 3586.156873 2.444444 -0.632063 1000.000000 2.744444 2.520060 100.000000 1.887997 -400572.207919 1.550275 0.021055 4.211086 0.170753 1.457838 291.567528
 26.300000 2.458992 2.875492 0.416500 0.964496 383.371486 2.444444 -0.632063 1000.000000 2.744444 2.520060 100.000000 1.887997 -400571.800074 1.654950 0.354091 70.818199 0.032715 0.053515 10.702968
 26.350000 2.428093 2.909864 0.481770 1.501855 540.991478 2.444444 -0.632063 1000.000000 2.744444 2.520060 100.000000 1.887997 -400571.025070 1.638458 0.228902 45.780495 0.021312 0.022710 4.541918
 26.400000 2.427694 2.916489 0.488795 1.620255 576.577534 2.444444 -0.632063 1000.000000 2.744444 2.520060 100.000000 1.887997 -400569.371096 1.585514 0.010831 2.166182 0.103401 0.534586 106.917231
 26.450000 2.393035 2.858381 0.465345 1.970524 2772.716802 2.444444 -0.632063 1000.000000 2.744444 2.520060 100.000000 1.887997 -400573.933409 1.648336 0.300621 60.124250 0.236499 2.796596 559.319129
 26.500000 2.471093 2.843384 0.372291 0.844521 808.025732 2.444444 -0.632063 1000.000000 2.744444 2.520060 100.000000 1.887997 -400568.953994 1.544168 0.035453 7.090528 0.200190 2.003799 400.759882
 26.550000 2.438486 2.951297 0.512811 2.157154 463.383805 2.444444 -0.632063 1000.000000 2.744444 2.520060 100.000000 1.887997 -400570.491811 1.684968 0.651764 130.352829 0.060159 0.180954 36.190738
 26.600000 2.422501 2.787129 0.364628 0.331856 499.737444 2.444444 -0.632063 1000.000000 2.744444 2.520060 100.000000 1.887997 -400567.559272 1.549339 0.023022 4.604375 0.068387 0.233842 46.768318
 26.650000 2.449994 2.997788 0.547794 3.224550 672.625572 2.444444 -0.632063 1000.000000 2.744444 2.520060 100.000000 1.887997 -400568.759621 1.537107 0.056748 11.349638 0.028434 0.040425 8.085091
 26.700000 2.435436 2.780561 0.345126 0.105800 94.201893 2.444444 -0.632063 1000.000000 2.744444 2.520060 100.000000 1.887997 -400569.485478 1.636327 0.214713 42.942605 0.057237 0.163804 32.760767
 26.750000 2.419741 2.911755 0.492013 1.704756 890.169700 2.444444 -0.632063 1000.000000 2.744444 2.520060 100.000000 1.887997 -400572.271845 1.656804 0.369863 73.972583 0.187602 1.759726 351.945166
 26.800000 2.402730 2.896493 0.493763 2.025987 1971.273426 2.444444 -0.632063 1000.000000 2.744444 2.520060 100.000000 1.887997 -400571.330284 1.519015 0.134067 26.813483 0.151213 1.143272 228.654382
 26.850000 2.394710 2.874416 0.479706 2.081392 2642.456718 2.444444 -0.632063 1000.000000 2.744444 2.520060 100.000000 1.887997 -400571.601961 1.688762 0.695791 139.158117 0.136614 0.933172 186.634371
 26.900000 2.437753 2.954315 0.516562 2.224669 485.232302 2.444444 -0.632063 1000.000000 2.744444 2.520060 100.000000 1.887997 -400569.003994 1.634665 0.203960 40.791986 0.024757 0.030646 6.129160
 26.950000 2.409203 2.843961 0.434758 1.116155 1340.982110 2.444444 -0.632063 1000.000000 2.744444 2.520060 100.000000 1.887997 -400566.245795 1.552716 0.016346 3.269155 0.050481 0.127415 25.483093
 27.000000 2.420871 2.920589 0.499718 1.829204 865.979961 2.444444 -0.632063 1000.000000 2.744444 2.520060 100.000000 1.887997 -400568.990988 1.729356 1.257053 251.410570 0.091948 0.422724 84.544814
 27.050000 2.366480 2.872263 0.505783 3.856112 6241.843179 2.444444 -0.632063 1000.000000 2.744444 2.520060 100.000000 1.887997 -400573.791215 1.587765 0.014396 2.879261 0.124571 0.775894 155.178812
 27.100000 2.424145 2.981545 0.557400 3.016868 974.223823 2.444444 -0.632063 1000.000000 2.744444 2.520060 100.000000 1.887997 -400573.627408 1.681340 0.610993 122.198511 0.129424 0.837533 167.506673
 27.150000 2.403259 2.815263 0.412004 1.098882 1746.388441 2.444444 -0.632063 1000.000000 2.744444 2.520060 100.000000 1.887997 -400570.806087 1.590793 0.019994 3.998793 0.081180 0.329509 65.901850
 27.200000 2.429700 2.974572 0.544872 2.756640 746.984367 2.444444 -0.632063 1000.000000 2.744444 2.520060 100.000000 1.887997 -400573.941122 1.706044 0.914596 182.919218 0.067284 0.226360 45.272014
 27.250000 2.377197 2.798294 0.421097 2.406069 4551.154916 2.444444 -0.632063 1000.000000 2.744444 2.520060 100.000000 1.887997 -400568.582129 1.574252 0.000597 0.119426 0.066170 0.218920 43.784051
 27.300000 2.441642 2.957526 0.515884 2.274105 461.891411 2.444444 -0.632063 1000.000000 2.744444 2.520060 100.000000 1.887997 -400571.511799 1.704916 0.899408 179.881631 0.118436 0.701349 140.269815
 27.350000 2.396590 2.835735 0.439145 1.561738 2373.425602 2.444444 -0.632063 1000.000000 2.744444 2.520060 100.000000 1.887997 -400569.234081 1.539407 0.049265 9.853084 0.114141 0.651413 130.282568
 27.400000 2.434263 2.880797 0.446534 0.981436 289.584929 2.444444 -0.632063 1000.000000 2.744444 2.520060 100.000000 1.887997 -400570.509374 1.667356 0.466192 93.238414 0.087132 0.379600 75.920051
 27.450000 2.385177 2.952727 0.567550 3.925410 3946.469163 2.444444 -0.632063 1000.000000 2.744444 2.520060 100.000000 1.887997 -400573.111991 1.660593 0.403172 80.634455 0.041145 0.084644 16.928755
 27.500000 2.363342 2.841249 0.477907 3.757338 6671.273266 2.444444 -0.632063 1000.000000 2.744444 2.520060 100.000000 1.887997 -400569.869438 1.563462 0.002690 0.537993 0.062173 0.193273 38.654556
 27.550000 2.441881 2.980965 0.539084 2.800391 565.992366 2.444444 -0.632063 1000.000000 2.744444 2.520060 100.000000 1.887997 -400567.003300 1.618322 0.112932 22.586429 0.033206 0.055131 11.026152
 27.600000 2.406220 2.839974 0.433753 1.186833 1552.343651 2.444444 -0.632063 1000.000000 2.744444 2.520060 100.000000 1.887997 -400564.730087 1.579905 0.004148 0.829675 0.024232 0.029359 5.871730
 27.650000 2.484127 2.921090 0.436963 2.347553 1886.765827 2.444444 -0.632063 1000.000000 2.744444 2.520060 100.000000 1.887997 -400570.623082 1.665993 0.453117 90.623416 0.044238 0.097850 19.570060
 27.700000 2.457700 2.784333 0.326633 0.167416 191.630700 2.444444 -0.632063 1000.000000 2.744444 2.520060 100.000000 1.887997 -400566.300046 1.505566 0.212749 42.549719 0.073747 0.271934 54.386789
 27.750000 2.452864 2.931847 0.478983 1.791431 422.081760 2.444444 -0.632063 1000.000000 2.744444 2.520060 100.000000 1.887997 -400569.015683 1.644291 0.270073 54.014680 0.153214 1.173732 234.746382
 27.800000 2.462728 2.737810 0.275082 0.169349 334.737024 2.444444 -0.632063 1000.000000 2.744444 2.520060 100.000000 1.887997 -400568.572007 1.602817 0.051267 10.253401 0.099045 0.490495 98.099017
 27.850000 2.416238 3.022771 0.606533 4.271083 1570.271400 2.444444 -0.632063 1000.000000 2.744444 2.520060 100.000000 1.887997 -400571.359752 1.666641 0.459310 91.861954 0.060259 0.181560 36.311962
 27.900000 2.443265 2.767016 0.323751 0.026169 6.486267 2.444444 -0.632063 1000.000000 2.744444 2.520060 100.000000 1.887997 -400567.163494 1.562603 0.003356 0.671295 0.049592 0.122966 24.593190
 27.950000 2.463912 2.930380 0.466469 1.918092 724.690844 2.444444 -0.632063 1000.000000 2.744444 2.520060 100.000000 1.887997 -400572.543840 1.670239 0.494444 98.888739 0.076276 0.290905 58.180989
 28.000000 2.444904 2.783063 0.338160 0.074676 15.125131 2.444444 -0.632063 1000.000000 2.744444 2.520060 100.000000 1.887997 -400567.762684 1.549115 0.023504 4.700796 0.110130 0.606427 121.285457
 28.050000 2.405310 2.937863 0.532553 2.636298 1905.638635 2.444444 -0.632063 1000.000000 2.744444 2.520060 100.000000 1.887997 -400573.526632 1.691032 0.722827 144.565419 0.116410 0.677559 135.511840
 28.100000 2.401996 2.852511 0.450515 1.484839 1918.624657 2.444444 -0.632063 1000.000000 2.744444 2.520060 100.000000 1.887997 -400571.373330 1.561250 0.004557 0.911392 0.082110 0.337100 67.420069
 28.150000 2.430358 2.928978 0.498620 1.801845 538.965172 2.444444 -0.632063 1000.000000 2.744444 2.520060 100.000000 1.887997 -400570.565883 1.687433 0.680201 136.040289 0.058304 0.169968 33.993525
 28.200000 2.408000 2.840960 0.432960 1.129846 1421.316080 2.444444 -0.632063 1000.000000 2.744444 2.520060 100.000000 1.887997 -400570.496446 1.583109 0.007580 1.515973 0.069841 0.243888 48.777545
 28.250000 2.416865 2.898256 0.481391 1.563218 997.212509 2.444444 -0.632063 1000.000000 2.744444 2.520060 100.000000 1.887997 -400572.625421 1.657788 0.378378 75.675547 0.095013 0.451375 90.275079
 28.300000 2.413142 2.842760 0.429618 0.973216 1076.490425 2.444444 -0.632063 1000.000000 2.744444 2.520060 100.000000 1.887997 -400570.560803 1.614938 0.097426 19.485124 0.112616 0.634116 126.823153
 28.350000 2.455114 2.911619 0.456505 1.454288 393.309100 2.444444 -0.632063 1000.000000 2.744444 2.520060 100.000000 1.887997 -400569.936021 1.594153 0.027276 5.455222 0.086099 0.370656 74.131205
 28.400000 2.431456 2.846712 0.415256 0.607284 273.280643 2.444444 -0.632063 1000.000000 2.744444 2.520060 100.000000 1.887997 -400566.479716 1.663792 0.432409 86.481731 0.059801 0.178811 35.762120
 28.450000 2.460143 2.823294 0.363151 0.434094 308.631641 2.444444 -0.632063 1000.000000 2.744444 2.520060 100.000000 1.887997 -400569.088754 1.626959 0.157710 31.541920 0.075337 0.283783 56.756630
 28.500000 2.448892 2.904070 0.455179 1.283912 274.584081 2.444444 -0.632063 1000.000000 2.744444 2.520060 100.000000 1.887997 -400570.319357 1.611780 0.083982 16.796304 0.108707 0.590856 118.171265
 28.550000 2.387505 2.824925 0.437421 1.944932 3306.916293 2.444444 -0.632063 1000.000000 2.744444 2.520060 100.000000 1.887997 -400574.415723 1.625863 0.151619 30.323729 0.108633 0.590058 118.011676
 28.600000 2.392126 2.984483 0.592357 4.249533 3313.386628 2.444444 -0.632063 1000.000000 2.744444 2.520060 100.000000 1.887997 -400575.445826 1.648650 0.303062 60.612344 0.090251 0.407263 81.452501
 28.650000 2.402569 2.819098 0.416529 1.155444 1809.302573 2.444444 -0.632063 1000.000000 2.744444 2.520060 100.000000 1.887997 -400570.503512 1.631239 0.182665 36.533032 0.092065 0.423800 84.760024
 28.700000 2.388636 2.945459 0.556823 3.577620 3518.623001 2.444444 -0.632063 1000.000000 2.744444 2.520060 100.000000 1.887997 -400574.274932 1.656821 0.370013 74.002573 0.115218 0.663758 132.751528
 28.750000 2.403782 2.868483 0.464701 1.595978 1807.254843 2.444444 -0.632063 1000.000000 2.744444 2.520060 100.000000 1.887997 -400570.009690 1.596437 0.032871 6.574254 0.106750 0.569776 113.955199
 28.800000 2.404675 2.906273 0.501598 2.100225 1843.498017 2.444444 -0.632063 1000.000000 2.744444 2.520060 100.000000 1.887997 -400572.827312 1.660995 0.406787 81.357475 0.117361 0.688680 137.736098
 28.850000 2.400772 2.915074 0.514302 2.409354 2198.411074 2.444444 -0.632063 1000.000000 2.744444 2.520060 100.000000 1.887997 -400573.420305 1.603547 0.053630 10.725980 0.064035 0.205027 41.005304
 28.900000 2.386763 2.883458 0.496694 2.629786 3520.352752 2.444444 -0.632063 1000.000000 2.744444 2.520060 100.000000 1.887997 -400573.104964 1.725068 1.189985 237.997026 0.088256 0.389456 77.891176
 28.950000 2.367541 2.884321 0.516780 3.935331 6109.775711 2.444444 -0.632063 1000.000000 2.744444 2.520060 100.000000 1.887997 -400576.876299 1.622201 0.132121 26.424161 0.081142 0.329201 65.840164
 29.000000 2.447159 2.908533 0.461375 1.349944 276.619592 2.444444 -0.632063 1000.000000 2.744444 2.520060 100.000000 1.887997 -400572.229654 1.607214 0.066311 13.262252 0.114171 0.651748 130.349630
 29.050000 2.430012 2.849383 0.419371 0.654757 318.428481 2.444444 -0.632063 1000.000000 2.744444 2.520060 100.000000 1.887997 -400571.324975 1.616813 0.105875 21.174995 0.127320 0.810522 162.104330
 29.100000 2.425565 2.879279 0.453713 1.087226 538.230453 2.444444 -0.632063 1000.000000 2.744444 2.520060 100.000000 1.887997 -400570.260777 1.632035 0.187511 37.502120 0.086816 0.376849 75.369733
 29.150000 2.428226 2.862826 0.434601 0.832236 403.186086 2.444444 -0.632063 1000.000000 2.744444 2.520060 100.000000 1.887997 -400571.476826 1.652236 0.331622 66.324374 0.122235 0.747069 149.413814
 29.200000 2.453193 2.841276 0.388083 0.507087 170.297606 2.444444 -0.632063 1000.000000 2.744444 2.520060 100.000000 1.887997 -400573.304926 1.602553 0.050426 10.085129 0.084998 0.361230 72.245970
 29.250000 2.419031 2.918972 0.499940 1.845901 950.417148 2.444444 -0.632063 1000.000000 2.744444 2.520060 100.000000 1.887997 -400571.850034 1.598224 0.037615 7.522902 0.148802 1.107109 221.421775
 29.300000 2.420238 2.868413 0.448175 1.061379 739.626615 2.444444 -0.632063 1000.000000 2.744444 2.520060 100.000000 1.887997 -400569.445091 1.624922 0.146481 29.296133 0.105835 0.560050 112.009920
 29.350000 2.368260 2.924722 0.556462 4.527028 6129.047433 2.444444 -0.632063 1000.000000 2.744444 2.520060 100.000000 1.887997 -400571.971165 1.654025 0.346348 69.269690 0.090764 0.411904 82.380730
 29.400000 2.444214 2.844365 0.400150 0.499229 99.893508 2.444444 -0.632063 1000.000000 2.744444 2.520060 100.000000 1.887997 -400566.944082 1.634401 0.202275 40.454923 0.099745 0.497450 99.490040
 29.450000 2.392737 2.947893 0.555156 3.406419 3087.618870 2.444444 -0.632063 1000.000000 2.744444 2.520060 100.000000 1.887997 -400567.657164 1.642385 0.256248 51.249636 0.031252 0.048833 9.766601
 29.500000 2.434872 2.854720 0.419848 0.653853 213.236356 2.444444 -0.632063 1000.000000 2.744444 2.520060 100.000000 1.887997 -400568.528897 1.662534 0.420790 84.158052 0.127554 0.813507 162.701481
 29.550000 2.378403 2.912024 0.533621 3.584906 4642.364414 2.444444 -0.632063 1000.000000 2.744444 2.520060 100.000000 1.887997 -400568.494450 1.546126 0.030432 6.086369 0.166504 1.386171 277.234290
 29.600000 2.470779 2.866878 0.396098 1.096257 843.423809 2.444444 -0.632063 1000.000000 2.744444 2.520060 100.000000 1.887997 -400567.837849 1.592960 0.024562 4.912357 0.174519 1.522837 304.567310
 29.650000 2.408951 2.838831 0.429880 1.075339 1348.875508 2.444444 -0.632063 1000.000000 2.744444 2.520060 100.000000 1.887997 -400572.153336 1.677198 0.566064 113.212744 0.085445 0.365044 73.008740
 29.700000 2.483236 2.922827 0.439590 2.343414 1823.013692 2.444444 -0.632063 1000.000000 2.744444 2.520060 100.000000 1.887997 -400568.044307 1.565546 0.001378 0.275610 0.046733 0.109201 21.840129
 29.750000 2.410688 2.852024 0.441336 1.148428 1255.260509 2.444444 -0.632063 1000.000000 2.744444 2.520060 100.000000 1.887997 -400568.619761 1.651721 0.327436 65.487226 0.127329 0.810628 162.125614
 29.800000 2.478496 2.865489 0.386993 1.312340 1306.018031 2.444444 -0.632063 1000.000000 2.744444 2.520060 100.000000 1.887997 -400569.545593 1.584838 0.009859 1.971775 0.146551 1.073859 214.771762
 29.850000 2.412515 2.894874 0.482359 1.641188 1245.762569 2.444444 -0.632063 1000.000000 2.744444 2.520060 100.000000 1.887997 -400571.923038 1.607609 0.067760 13.551938 0.169672 1.439423 287.884575
 29.900000 2.416554 2.793587 0.377033 0.509690 802.027487 2.444444 -0.632063 1000.000000 2.744444 2.520060 100.000000 1.887997 -400570.690277 1.656865 0.370390 74.077997 0.075035 0.281510 56.301949
 29.950000 2.421653 3.000033 0.578380 3.525991 1172.688980 2.444444 -0.632063 1000.000000 2.744444 2.520060 100.000000 1.887997 -400573.724331 1.596649 0.033419 6.683787 0.082022 0.336383 67.276581
 30.000000 2.431007 2.772472 0.341465 0.129566 188.432255 2.444444 -0.632063 1000.000000 2.744444 2.520060 100.000000 1.887997 -400570.421621 1.663488 0.429584 85.916800 0.076846 0.295262 59.052437
 30.050000 2.384629 2.979358 0.594729 4.548135 4129.678979 2.444444 -0.632063 1000.000000 2.744444 2.520060 100.000000 1.887997 -400572.702740 1.629720 0.173599 34.719857 0.167413 1.401359 280.271885
 30.100000 2.397354 2.810943 0.413589 1.329872 2261.759968 2.444444 -0.632063 1000.000000 2.744444 2.520060 100.000000 1.887997 -400571.903480 1.621621 0.129156 25.831136 0.146239 1.069299 213.859763
 30.150000 2.378276 2.958984 0.580708 4.490491 4838.551030 2.444444 -0.632063 1000.000000 2.744444 2.520060 100.000000 1.887997 -400573.845338 1.694232 0.761822 152.364335 0.121811 0.741894 148.378852
 30.200000 2.440999 2.899641 0.458642 1.210228 252.730884 2.444444 -0.632063 1000.000000 2.744444 2.520060 100.000000 1.887997 -400567.004351 1.499748 0.252393 50.478503 0.114538 0.655951 131.190104
 30.250000 2.374413 2.939048 0.564635 4.345740 5283.138606 2.444444 -0.632063 1000.000000 2.744444 2.520060 100.000000 1.887997 -400574.051645 1.721351 1.133342 226.668448 0.048782 0.118984 23.796748
 30.300000 2.419577 2.868530 0.448952 1.079039 772.337431 2.444444 -0.632063 1000.000000 2.744444 2.520060 100.000000 1.887997 -400568.153730 1.603590 0.053771 10.754239 0.163935 1.343740 268.748009
 30.350000 2.423488 2.919083 0.495595 1.744517 744.151887 2.444444 -0.632063 1000.000000 2.744444 2.520060 100.000000 1.887997 -400570.452045 1.604198 0.055785 11.157043 0.173116 1.498460 299.692099
 30.400000 2.444253 2.804391 0.360138 0.179698 35.972774 2.444444 -0.632063 1000.000000 2.744444 2.520060 100.000000 1.887997 -400570.119156 1.610713 0.079666 15.933180 0.174322 1.519415 303.883016
 30.450000 2.402557 2.985934 0.583377 3.793148 2337.729015 2.444444 -0.632063 1000.000000 2.744444 2.520060 100.000000 1.887997 -400575.467648 1.599686 0.041731 8.346256 0.080937 0.327539 65.507875
 30.500000 2.461936 2.780983 0.319047 0.219732 319.305019 2.444444 -0.632063 1000.000000 2.744444 2.520060 100.000000 1.887997 -400567.974663 1.651296 0.324012 64.802415 0.090936 0.413466 82.693105
 30.550000 2.401925 2.945329 0.543403 2.921662 2211.420880 2.444444 -0.632063 1000.000000 2.744444 2.520060 100.000000 1.887997 -400570.682439 1.605900 0.061615 12.322966 0.130731 0.854525 170.904900
 30.600000 2.430871 2.839012 0.408141 0.539264 273.657050 2.444444 -0.632063 1000.000000 2.744444 2.520060 100.000000 1.887997 -400570.437304 1.588114 0.014995 2.999024 0.088906 0.395211 79.042280
 30.650000 2.380194 2.935769 0.555576 3.894344 4494.217217 2.444444 -0.632063 1000.000000 2.744444 2.520060 100.000000 1.887997 -400572.086530 1.755880 1.712801 342.560284 0.202922 2.058863 411.772607
 30.700000 2.397016 2.932521 0.535505 2.893370 2603.192907 2.444444 -0.632063 1000.000000 2.744444 2.520060 100.000000 1.887997 -400572.463961 1.542512 0.040000 7.999982 0.136537 0.932123 186.424692
 30.750000 2.352529 2.965980 0.613451 6.678145 8939.283306 2.444444 -0.632063 1000.000000 2.744444 2.520060 100.000000 1.887997 -400571.776662 1.675260 0.545631 109.126153 0.109125 0.595418 119.083648
 30.800000 2.394623 2.813585 0.418963 1.480118 2529.993555 2.444444 -0.632063 1000.000000 2.744444 2.520060 100.000000 1.887997 -400568.470063 1.699586 0.829345 165.869035 0.116746 0.681477 136.295494
 30.850000 2.405675 2.989868 0.584192 3.763154 2105.384152 2.444444 -0.632063 1000.000000 2.744444 2.520060 100.000000 1.887997 -400572.468604 1.547642 0.026805 5.361050 0.039006 0.076073 15.214546
 30.900000 2.405841 2.824421 0.418580 1.064915 1554.166240 2.444444 -0.632063 1000.000000 2.744444 2.520060 100.000000 1.887997 -400572.504597 1.725441 1.195744 239.148813 0.183361 1.681057 336.211340
 30.950000 2.403187 2.916989 0.513802 2.339660 1999.863692 2.444444 -0.632063 1000.000000 2.744444 2.520060 100.000000 1.887997 -400574.155931 1.571038 0.000003 0.000584 0.168123 1.413262 282.652461
 31.000000 2.432977 2.917892 0.484915 1.569956 432.340666 2.444444 -0.632063 1000.000000 2.744444 2.520060 100.000000 1.887997 -400574.207511 1.585422 0.010696 2.139236 0.126235 0.796763 159.352511
 31.050000 2.417025 2.762004 0.344979 0.391334 754.917948 2.444444 -0.632063 1000.000000 2.744444 2.520060 100.000000 1.887997 -400571.973512 1.681313 0.610701 122.140259 0.048118 0.115767 23.153368
 31.100000 2.441310 3.046727 0.605418 4.573661 923.575772 2.444444 -0.632063 1000.000000 2.744444 2.520060 100.000000 1.887997 -400574.105090 1.543790 0.036466 7.293195 0.065954 0.217494 43.498870
 31.150000 2.394314 2.736004 0.341690 1.260090 2513.767807 2.444444 -0.632063 1000.000000 2.744444 2.520060 100.000000 1.887997 -400571.351366 1.677257 0.566693 113.338643 0.161841 1.309618 261.923570
 31.200000 2.421448 2.971356 0.549909 2.838873 1043.734642 2.444444 -0.632063 1000.000000 2.744444 2.520060 100.000000 1.887997 -400572.181195 1.606323 0.063108 12.621608 0.186699 1.742818 348.563557
 31.250000 2.366750 2.873886 0.507136 3.855977 6203.997743 2.444444 -0.632063 1000.000000 2.744444 2.520060 100.000000 1.887997 -400576.871348 1.598774 0.039139 7.827714 0.099155 0.491586 98.317221
 31.300000 2.405475 2.897430 0.491955 1.929528 1752.632289 2.444444 -0.632063 1000.000000 2.744444 2.520060 100.000000 1.887997 -400573.808677 1.689550 0.705127 141.025325 0.090001 0.405005 81.000927
 31.350000 2.408851 3.024219 0.615368 4.547142 2049.651949 2.444444 -0.632063 1000.000000 2.744444 2.520060 100.000000 1.887997 -400572.930943 1.517947 0.139653 27.930519 0.110377 0.609157 121.831374
 31.400000 2.383034 2.763372 0.380338 1.903544 3774.845295 2.444444 -0.632063 1000.000000 2.744444 2.520060 100.000000 1.887997 -400571.619510 1.700613 0.842616 168.523143 0.168909 1.426518 285.303609
 31.450000 2.388651 2.979267 0.590616 4.313520 3664.279716 2.444444 -0.632063 1000.000000 2.744444 2.520060 100.000000 1.887997 -400573.847939 1.617464 0.108894 21.778797 0.219520 2.409460 481.891912
 31.500000 2.450463 2.844723 0.394260 0.520897 136.776463 2.444444 -0.632063 1000.000000 2.744444 2.520060 100.000000 1.887997 -400571.838354 1.606486 0.063688 12.737503 0.094322 0.444834 88.966828
 31.550000 2.387078 2.931331 0.544253 3.391788 3640.169524 2.444444 -0.632063 1000.000000 2.744444 2.520060 100.000000 1.887997 -400573.527666 1.679026 0.585685 117.136990 0.145701 1.061435 212.286922
 31.600000 2.441864 2.921386 0.479522 1.568750 319.741874 2.444444 -0.632063 1000.000000 2.744444 2.520060 100.000000 1.887997 -400571.376138 1.586181 0.011835 2.366998 0.051425 0.132227 26.445435
 31.650000 2.418189 2.836415 0.418226 0.767593 773.914152 2.444444 -0.632063 1000.000000 2.744444 2.520060 100.000000 1.887997 -400572.642191 1.690144 0.712192 142.438370 0.148349 1.100369 220.073755
 31.700000 2.431624 2.900420 0.468796 1.298601 407.655269 2.444444 -0.632063 1000.000000 2.744444 2.520060 100.000000 1.887997 -400568.507115 1.618775 0.115099 23.019839 0.237096 2.810737 562.147320
 31.750000 2.427792 2.861865 0.434073 0.828029 415.183093 2.444444 -0.632063 1000.000000 2.744444 2.520060 100.000000 1.887997 -400571.171075 1.584556 0.009467 1.893320 0.165813 1.374694 274.938747
 31.800000 2.450335 2.906818 0.456482 1.335605 298.354755 2.444444 -0.632063 1000.000000 2.744444 2.520060 100.000000 1.887997 -400570.492943 1.655475 0.358521 71.704206 0.128071 0.820109 164.021790
 31.850000 2.426338 2.875430 0.449092 1.021780 499.400340 2.444444 -0.632063 1000.000000 2.744444 2.520060 100.000000 1.887997 -400571.460227 1.593377 0.025495 5.099031 0.074047 0.274145 54.828952
 31.900000 2.443145 2.886873 0.443728 1.015138 204.546904 2.444444 -0.632063 1000.000000 2.744444 2.520060 100.000000 1.887997 -400569.489803 1.672554 0.517732 103.546345 0.122008 0.744292 148.858486
 31.950000 2.436547 2.817934 0.381388 0.301227 116.384393 2.444444 -0.632063 1000.000000 2.744444 2.520060 100.000000 1.887997 -400570.063295 1.567654 0.000494 0.098757 0.197114 1.942701 388.540225
 32.000000 2.446195 2.883072 0.436876 0.962407 195.240984 2.444444 -0.632063 1000.000000 2.744444 2.520060 100.000000 1.887997 -400568.423964 1.605753 0.061099 12.219827 0.193891 1.879690 375.937959
 32.050000 2.422283 2.926664 0.504380 1.905751 823.154620 2.444444 -0.632063 1000.000000 2.744444 2.520060 100.000000 1.887997 -400570.658823 1.562592 0.003366 0.673157 0.138971 0.965649 193.129721
 32.100000 2.411362 2.896776 0.485415 1.707485 1326.527813 2.444444 -0.632063 1000.000000 2.744444 2.520060 100.000000 1.887997 -400569.562201 1.687894 0.685596 137.119175 0.021227 0.022529 4.505793
 32.150000 2.412722 2.901769 0.489047 1.740712 1253.819431 2.444444 -0.632063 1000.000000 2.744444 2.520060 100.000000 1.887997 -400571.689854 1.616338 0.103703 20.740603 0.100521 0.505220 101.044039
 32.200000 2.410015 2.840077 0.430062 1.049956 1276.808599 2.444444 -0.632063 1000.000000 2.744444 2.520060 100.000000 1.887997 -400572.151760 1.653930 0.345557 69.111424 0.126998 0.806424 161.284857
 32.250000 2.380424 2.923860 0.543436 3.658827 4420.558633 2.444444 -0.632063 1000.000000 2.744444 2.520060 100.000000 1.887997 -400573.187410 1.603275 0.052742 10.548412 0.148288 1.099472 219.894392
 32.300000 2.394251 2.967680 0.573428 3.751369 3017.676411 2.444444 -0.632063 1000.000000 2.744444 2.520060 100.000000 1.887997 -400574.267640 1.603193 0.052476 10.495258 0.090822 0.412430 82.485900
 32.350000 2.362570 2.844617 0.482047 3.853434 6803.766866 2.444444 -0.632063 1000.000000 2.744444 2.520060 100.000000 1.887997 -400573.087991 1.713436 1.017311 203.462165 0.045692 0.104388 20.877633
 32.400000 2.407648 2.970337 0.562689 3.228370 1864.281597 2.444444 -0.632063 1000.000000 2.744444 2.520060 100.000000 1.887997 -400569.370572 1.595866 0.031425 6.284937 0.111349 0.619927 123.985321
 32.450000 2.378743 2.859762 0.481018 2.823220 4449.617727 2.444444 -0.632063 1000.000000 2.744444 2.520060 100.000000 1.887997 -400572.607564 1.689683 0.706700 141.340061 0.157082 1.233740 246.747910
 32.500000 2.403594 2.890831 0.487237 1.905815 1883.011034 2.444444 -0.632063 1000.000000 2.744444 2.520060 100.000000 1.887997 -400572.349186 1.607319 0.066697 13.339388 0.155445 1.208154 241.630776
 32.550000 2.370886 2.985720 0.614834 5.616103 5992.949016 2.444444 -0.632063 1000.000000 2.744444 2.520060 100.000000 1.887997 -400576.654940 1.612245 0.085900 17.180043 0.094322 0.444829 88.965798
 32.600000 2.420714 2.794939 0.374226 0.409061 588.645058 2.444444 -0.632063 1000.000000 2.744444 2.520060 100.000000 1.887997 -400570.138261 1.666663 0.459522 91.904330 0.085772 0.367845 73.569006
 32.650000 2.435312 2.985524 0.550212 2.947663 664.594391 2.444444 -0.632063 1000.000000 2.744444 2.520060 100.000000 1.887997 -400566.663698 1.538194 0.053146 10.629221 0.103553 0.536161 107.232258
 32.700000 2.448604 2.809508 0.360904 0.220311 59.630814 2.444444 -0.632063 1000.000000 2.744444 2.520060 100.000000 1.887997 -400570.061424 1.591338 0.021099 4.219739 0.140481 0.986743 197.348601
 32.750000 2.399641 2.936347 0.536706 2.845003 2375.604711 2.444444 -0.632063 1000.000000 2.744444 2.520060 100.000000 1.887997 -400569.409656 1.722340 1.148270 229.653989 0.137152 0.940539 188.107703
 32.800000 2.455097 2.838227 0.383130 0.496494 201.423486 2.444444 -0.632063 1000.000000 2.744444 2.520060 100.000000 1.887997 -400566.481943 1.494739 0.289236 57.847122 0.111261 0.618949 123.789822
 32.850000 2.452141 2.920247 0.468106 1.574949 368.307608 2.444444 -0.632063 1000.000000 2.744444 2.520060 100.000000 1.887997 -400566.579981 1.708218 0.944240 188.848087 0.055674 0.154982 30.996490
 32.900000 2.446175 2.825354 0.379179 0.328818 68.460204 2.444444 -0.632063 1000.000000 2.744444 2.520060 100.000000 1.887997 -400568.877177 1.566350 0.000988 0.197690 0.119587 0.715055 143.011009
 32.950000 2.433609 2.936290 0.502681 1.898938 485.459601 2.444444 -0.632063 1000.000000 2.744444 2.520060 100.000000 1.887997 -400571.334832 1.582008 0.006285 1.257074 0.149303 1.114571 222.914284
 33.000000 2.475612 2.781020 0.305408 0.552600 984.800751 2.444444 -0.632063 1000.000000 2.744444 2.520060 100.000000 1.887997 -400570.037834 1.614264 0.094472 18.894304 0.165592 1.371031 274.206291
 33.050000 2.417913 2.913815 0.495902 1.786272 990.773701 2.444444 -0.632063 1000.000000 2.744444 2.520060 100.000000 1.887997 -400572.150979 1.651749 0.327665 65.533069 0.122663 0.752310 150.462055
 33.100000 2.436847 2.837309 0.400461 0.460045 143.951924 2.444444 -0.632063 1000.000000 2.744444 2.520060 100.000000 1.887997 -400569.514193 1.604377 0.056384 11.276780 0.032168 0.051741 10.348111
 33.150000 2.424194 2.948545 0.524351 2.287890 826.636403 2.444444 -0.632063 1000.000000 2.744444 2.520060 100.000000 1.887997 -400570.594100 1.659722 0.395388 79.077588 0.132123 0.872828 174.565699
 33.200000 2.456166 2.860728 0.404562 0.744797 272.616207 2.444444 -0.632063 1000.000000 2.744444 2.520060 100.000000 1.887997 -400571.605652 1.617909 0.110979 22.195857 0.090968 0.413755 82.750963
 33.250000 2.387932 2.851479 0.463547 2.169658 3308.244068 2.444444 -0.632063 1000.000000 2.744444 2.520060 100.000000 1.887997 -400572.270206 1.626659 0.156033 31.206502 0.152268 1.159273 231.854611
 33.300000 2.446274 2.893551 0.447277 1.113319 225.677283 2.444444 -0.632063 1000.000000 2.744444 2.520060 100.000000 1.887997 -400570.656593 1.689760 0.707617 141.523338 0.174091 1.515390 303.078063
 33.350000 2.401674 2.900387 0.498713 2.130571 2072.526384 2.444444 -0.632063 1000.000000 2.744444 2.520060 100.000000 1.887997 -400572.189846 1.550568 0.020459 4.091765 0.087865 0.386010 77.202092
 33.400000 2.413879 2.913456 0.499577 1.895375 1219.907971 2.444444 -0.632063 1000.000000 2.744444 2.520060 100.000000 1.887997 -400572.934424 1.689612 0.705863 141.172502 0.127237 0.809459 161.891873
 33.450000 2.395587 2.866914 0.471327 1.943448 2537.006778 2.444444 -0.632063 1000.000000 2.744444 2.520060 100.000000 1.887997 -400573.622595 1.582151 0.006446 1.289218 0.103757 0.538280 107.656067
 33.500000 2.420435 2.892440 0.472006 1.383373 795.498550 2.444444 -0.632063 1000.000000 2.744444 2.520060 100.000000 1.887997 -400573.350023 1.658229 0.382225 76.444927 0.182419 1.663834 332.766809
 33.550000 2.390796 2.836502 0.445706 1.862827 2962.940561 2.444444 -0.632063 1000.000000 2.744444 2.520060 100.000000 1.887997 -400572.401608 1.657912 0.379454 75.890886 0.118647 0.703857 140.771322
 33.600000 2.407487 2.980023 0.572536 3.457781 1920.799785 2.444444 -0.632063 1000.000000 2.744444 2.520060 100.000000 1.887997 -400571.712073 1.578218 0.002754 0.550799 0.087617 0.383836 76.767155
 33.650000 2.437851 2.834732 0.396881 0.429329 124.996997 2.444444 -0.632063 1000.000000 2.744444 2.520060 100.000000 1.887997 -400570.788563 1.681193 0.609373 121.874671 0.047562 0.113108 22.621561
 33.700000 2.444903 2.859289 0.414386 0.659565 132.102210 2.444444 -0.632063 1000.000000 2.744444 2.520060 100.000000 1.887997 -400570.892813 1.584568 0.009482 1.896489 0.108499 0.588599 117.719765
 33.750000 2.412064 2.879049 0.466985 1.430172 1229.686113 2.444444 -0.632063 1000.000000 2.744444 2.520060 100.000000 1.887997 -400573.943774 1.580231 0.004451 0.890197 0.147641 1.089893 217.978598
 33.800000 2.390261 2.864761 0.474500 2.191750 3080.653099 2.444444 -0.632063 1000.000000 2.744444 2.520060 100.000000 1.887997 -400572.965449 1.694648 0.766956 153.391288 0.105473 0.556231 111.246215
 33.850000 2.416492 2.955033 0.538541 2.608037 1224.800660 2.444444 -0.632063 1000.000000 2.744444 2.520060 100.000000 1.887997 -400572.987638 1.562139 0.003748 0.749506 0.083362 0.347461 69.492292
 33.900000 2.434071 2.824029 0.389958 0.370490 170.943909 2.444444 -0.632063 1000.000000 2.744444 2.520060 100.000000 1.887997 -400568.016624 1.623578 0.139294 27.858739 0.041168 0.084739 16.947877
 33.950000 2.374002 2.941624 0.567623 4.425074 5350.951001 2.444444 -0.632063 1000.000000 2.744444 2.520060 100.000000 1.887997 -400575.694023 1.679276 0.588391 117.678122 0.142606 1.016824 203.364762
 34.000000 2.389025 2.866196 0.477171 2.276835 3219.570278 2.444444 -0.632063 1000.000000 2.744444 2.520060 100.000000 1.887997 -400572.029448 1.552618 0.016522 3.304339 0.148744 1.106241 221.248200
 34.050000 2.385719 2.940896 0.555178 3.654020 3834.635531 2.444444 -0.632063 1000.000000 2.744444 2.520060 100.000000 1.887997 -400572.843333 1.688476 0.692428 138.485556 0.176116 1.550843 310.168555
 34.100000 2.444098 2.850875 0.406777 0.566431 113.394380 2.444444 -0.632063 1000.000000 2.744444 2.520060 100.000000 1.887997 -400569.250080 1.594705 0.028581 5.716232 0.038957 0.075882 15.176377
 34.150000 2.415568 2.912181 0.496612 1.823682 1115.179310 2.444444 -0.632063 1000.000000 2.744444 2.520060 100.000000 1.887997 -400572.547495 1.665069 0.444368 88.873633 0.099047 0.490516 98.103184
 34.200000 2.399011 2.838122 0.439111 1.470868 2151.951094 2.444444 -0.632063 1000.000000 2.744444 2.520060 100.000000 1.887997 -400573.039993 1.643633 0.265256 53.051199 0.097173 0.472127 94.425431
 34.250000 2.403830 2.909556 0.505725 2.187838 1922.112761 2.444444 -0.632063 1000.000000 2.744444 2.520060 100.000000 1.887997 -400575.923253 1.576420 0.001581 0.316287 0.141011 0.994206 198.841267
 34.300000 2.449292 2.908387 0.459095 1.355609 292.269046 2.444444 -0.632063 1000.000000 2.744444 2.520060 100.000000 1.887997 -400573.360564 1.653386 0.341052 68.210465 0.100857 0.508609 101.721730
 34.350000 2.393158 2.816652 0.423494 1.575833 2682.412002 2.444444 -0.632063 1000.000000 2.744444 2.520060 100.000000 1.887997 -400572.440970 1.615268 0.098887 19.777352 0.064742 0.209578 41.915528
 34.400000 2.419462 2.966291 0.546829 2.772853 1116.294792 2.444444 -0.632063 1000.000000 2.744444 2.520060 100.000000 1.887997 -400572.463406 1.653737 0.343954 68.790815 0.073069 0.266954 53.390721
 34.450000 2.421805 2.789130 0.367325 0.356104 532.495328 2.444444 -0.632063 1000.000000 2.744444 2.520060 100.000000 1.887997 -400569.512573 1.611016 0.080883 16.176536 0.092387 0.426769 85.353723
 34.500000 2.443615 2.991789 0.548173 3.059298 612.478248 2.444444 -0.632063 1000.000000 2.744444 2.520060 100.000000 1.887997 -400572.879223 1.602167 0.049207 9.841384 0.188907 1.784287 356.857312
 34.550000 2.415834 2.816733 0.400899 0.670572 870.836623 2.444444 -0.632063 1000.000000 2.744444 2.520060 100.000000 1.887997 -400572.519199 1.506160 0.208895 41.778971 0.148081 1.096396 219.279182
 34.600000 2.454080 2.886166 0.432086 1.050667 293.685005 2.444444 -0.632063 1000.000000 2.744444 2.520060 100.000000 1.887997 -400572.244399 1.725882 1.202575 240.515078 0.147102 1.081944 216.388818
 34.650000 2.427100 2.858993 0.431893 0.806476 432.028087 2.444444 -0.632063 1000.000000 2.744444 2.520060 100.000000 1.887997 -400571.048344 1.558134 0.008017 1.603337 0.062273 0.193895 38.778982
 34.700000 2.436640 2.896558 0.459918 1.187376 292.297684 2.444444 -0.632063 1000.000000 2.744444 2.520060 100.000000 1.887997 -400569.822090 1.635723 0.210776 42.155280 0.067528 0.228001 45.600150
 34.750000 2.430296 2.858262 0.427966 0.747805 329.716336 2.444444 -0.632063 1000.000000 2.744444 2.520060 100.000000 1.887997 -400570.849476 1.640047 0.239785 47.956975 0.100673 0.506755 101.350987
 34.800000 2.413673 2.931749 0.518076 2.227598 1297.713980 2.444444 -0.632063 1000.000000 2.744444 2.520060 100.000000 1.887997 -400574.129522 1.575842 0.001273 0.254609 0.144639 1.046024 209.204726
 34.850000 2.382320 2.851134 0.468814 2.498855 3973.261251 2.444444 -0.632063 1000.000000 2.744444 2.520060 100.000000 1.887997 -400572.568234 1.659897 0.396945 79.388997 0.163532 1.337142 267.428344
 34.900000 2.413577 2.863512 0.449936 1.185271 1094.597072 2.444444 -0.632063 1000.000000 2.744444 2.520060 100.000000 1.887997 -400574.100365 1.633940 0.199358 39.871605 0.079947 0.319578 63.915617
 34.950000 2.411426 2.981938 0.570512 3.365270 1654.251365 2.444444 -0.632063 1000.000000 2.744444 2.520060 100.000000 1.887997 -400572.353147 1.661287 0.409426 81.885166 0.055032 0.151426 30.285171
 35.000000 2.370739 2.821440 0.450701 3.012655 5491.758011 2.444444 -0.632063 1000.000000 2.744444 2.520060 100.000000 1.887997 -400571.775682 1.657184 0.373142 74.628384 0.092586 0.428611 85.722217
 35.050000 2.360777 3.048800 0.688023 8.131737 7926.546298 2.444444 -0.632063 1000.000000 2.744444 2.520060 100.000000 1.887997 -400577.330227 1.651270 0.323802 64.760302 0.126832 0.804323 160.864636
 35.100000 2.371017 2.757771 0.386754 2.704669 5393.353304 2.444444 -0.632063 1000.000000 2.744444 2.520060 100.000000 1.887997 -400572.012986 1.625896 0.151797 30.359407 0.122969 0.756071 151.214213
 35.150000 2.409068 2.959411 0.550343 2.936278 1713.591943 2.444444 -0.632063 1000.000000 2.744444 2.520060 100.000000 1.887997 -400575.151815 1.667780 0.470289 94.057820 0.088841 0.394636 78.927286
 35.200000 2.411062 2.869992 0.458931 1.345321 1272.036683 2.444444 -0.632063 1000.000000 2.744444 2.520060 100.000000 1.887997 -400572.308396 1.542818 0.039141 7.828115 0.048811 0.119125 23.824970
 35.250000 2.420546 2.873001 0.452455 1.111905 736.407588 2.444444 -0.632063 1000.000000 2.744444 2.520060 100.000000 1.887997 -400571.683947 1.711605 0.991358 198.271629 0.093154 0.433888 86.777577
 35.300000 2.454755 2.934323 0.479568 1.855848 466.851726 2.444444 -0.632063 1000.000000 2.744444 2.520060 100.000000 1.887997 -400572.036602 1.539967 0.047523 9.504669 0.125684 0.789827 157.965435
 35.350000 2.424876 2.767959 0.343083 0.219115 388.467599 2.444444 -0.632063 1000.000000 2.744444 2.520060 100.000000 1.887997 -400568.980814 1.638258 0.227557 45.511343 0.141794 1.005278 201.055545
 35.400000 2.465334 2.908636 0.443302 1.566138 705.971484 2.444444 -0.632063 1000.000000 2.744444 2.520060 100.000000 1.887997 -400570.767234 1.626025 0.152508 30.501685 0.069508 0.241570 48.313947
 35.450000 2.438468 2.890761 0.452294 1.088294 249.806596 2.444444 -0.632063 1000.000000 2.744444 2.520060 100.000000 1.887997 -400571.077789 1.567267 0.000623 0.124575 0.052600 0.138336 27.667192
 35.500000 2.423692 2.851195 0.427503 0.785110 544.611956 2.444444 -0.632063 1000.000000 2.744444 2.520060 100.000000 1.887997 -400570.726706 1.722193 1.146040 229.208053 0.072491 0.262746 52.549282
 35.550000 2.416924 2.908476 0.491553 1.724023 1026.463044 2.444444 -0.632063 1000.000000 2.744444 2.520060 100.000000 1.887997 -400568.944619 1.479333 0.418281 83.656150 0.119811 0.717731 143.546111
 35.600000 2.410515 2.901724 0.491209 1.812451 1398.587280 2.444444 -0.632063 1000.000000 2.744444 2.520060 100.000000 1.887997 -400572.966670 1.717544 1.076738 215.347598 0.148960 1.109447 221.889380
 35.650000 2.384019 2.828526 0.444507 2.179126 3721.983743 2.444444 -0.632063 1000.000000 2.744444 2.520060 100.000000 1.887997 -400571.140470 1.601836 0.048174 9.634798 0.065148 0.212216 42.443250
 35.700000 2.446217 3.002668 0.556451 3.335537 669.933654 2.444444 -0.632063 1000.000000 2.744444 2.520060 100.000000 1.887997 -400571.792451 1.606374 0.063288 12.657506 0.039814 0.079257 15.851470
 35.750000 2.395483 2.788144 0.392661 1.294084 2416.300362 2.444444 -0.632063 1000.000000 2.744444 2.520060 100.000000 1.887997 -400571.426497 1.673926 0.531784 106.356824 0.070229 0.246606 49.321230
 35.800000 2.416354 2.990585 0.574231 3.423796 1394.909409 2.444444 -0.632063 1000.000000 2.744444 2.520060 100.000000 1.887997 -400573.978767 1.549323 0.023054 4.610876 0.118482 0.701898 140.379625
 35.850000 2.414555 2.842700 0.428146 0.929406 989.929210 2.444444 -0.632063 1000.000000 2.744444 2.520060 100.000000 1.887997 -400571.948657 1.589720 0.017906 3.581116 0.164054 1.345687 269.137487
 35.900000 2.439946 2.833238 0.393292 0.404335 99.075434 2.444444 -0.632063 1000.000000 2.744444 2.520060 100.000000 1.887997 -400568.567794 1.703704 0.883225 176.645044 0.110089 0.605979 121.195798
 35.950000 2.428314 2.958921 0.530607 2.430101 720.202530 2.444444 -0.632063 1000.000000 2.744444 2.520060 100.000000 1.887997 -400567.193562 1.532434 0.073582 14.716320 0.049459 0.122311 24.462217
 36.000000 2.386312 2.837075 0.450762 2.118683 3465.129802 2.444444 -0.632063 1000.000000 2.744444 2.520060 100.000000 1.887997 -400567.856766 1.701963 0.860234 172.046707 0.020275 0.020555 4.110923
 36.050000 2.431381 2.926386 0.495005 1.740467 501.684157 2.444444 -0.632063 1000.000000 2.744444 2.520060 100.000000 1.887997 -400569.580155 1.580445 0.004655 0.930988 0.102059 0.520800 104.159939
 36.100000 2.410100 2.909058 0.498958 1.944643 1450.498356 2.444444 -0.632063 1000.000000 2.744444 2.520060 100.000000 1.887997 -400572.144779 1.590036 0.018508 3.701609 0.161354 1.301752 260.350444
 36.150000 2.362224 2.848929 0.486705 3.925927 6869.313442 2.444444 -0.632063 1000.000000 2.744444 2.520060 100.000000 1.887997 -400572.927545 1.709213 0.957958 191.591539 0.133353 0.889154 177.830750
 36.200000 2.382161 2.978309 0.596147 4.674213 4426.103164 2.444444 -0.632063 1000.000000 2.744444 2.520060 100.000000 1.887997 -400571.367592 1.536722 0.058053 11.610661 0.047987 0.115139 23.027890
 36.250000 2.397766 2.893828 0.496062 2.205206 2402.021523 2.444444 -0.632063 1000.000000 2.744444 2.520060 100.000000 1.887997 -400569.854182 1.726833 1.217375 243.474958 0.027903 0.038929 7.785844
 36.300000 2.392077 2.898902 0.506825 2.564034 2980.928716 2.444444 -0.632063 1000.000000 2.744444 2.520060 100.000000 1.887997 -400571.919799 1.664334 0.437461 87.492106 0.048325 0.116764 23.352725
 36.350000 2.396538 2.949459 0.552921 3.249067 2715.349921 2.444444 -0.632063 1000.000000 2.744444 2.520060 100.000000 1.887997 -400569.585045 1.616799 0.105812 21.162454 0.117796 0.693797 138.759410
 36.400000 2.372655 2.867028 0.494373 3.328204 5304.005030 2.444444 -0.632063 1000.000000 2.744444 2.520060 100.000000 1.887997 -400571.786868 1.671151 0.503548 100.709609 0.126959 0.805931 161.186178
 36.450000 2.386900 2.922503 0.535603 3.240940 3628.450810 2.444444 -0.632063 1000.000000 2.744444 2.520060 100.000000 1.887997 -400571.394836 1.654768 0.352564 70.512721 0.111691 0.623745 124.748957
 36.500000 2.375181 2.878680 0.503499 3.299682 4977.630953 2.444444 -0.632063 1000.000000 2.744444 2.520060 100.000000 1.887997 -400569.221527 1.597308 0.035143 7.028569 0.056057 0.157121 31.424145
 36.550000 2.391574 2.949277 0.557703 3.495453 3214.844637 2.444444 -0.632063 1000.000000 2.744444 2.520060 100.000000 1.887997 -400572.852405 1.730052 1.268119 253.623826 0.042518 0.090389 18.077741
 36.600000 2.379338 2.896579 0.517241 3.276661 4470.287083 2.444444 -0.632063 1000.000000 2.744444 2.520060 100.000000 1.887997 -400571.526638 1.538114 0.053407 10.681314 0.157613 1.242091 248.418257
 36.650000 2.392519 2.933459 0.540940 3.134453 3053.530585 2.444444 -0.632063 1000.000000 2.744444 2.520060 100.000000 1.887997 -400574.663441 1.631324 0.183182 36.636451 0.214714 2.305107 461.021391
 36.700000 2.422131 2.810292 0.388161 0.465748 541.262984 2.444444 -0.632063 1000.000000 2.744444 2.520060 100.000000 1.887997 -400572.995250 1.618551 0.114026 22.805127 0.176128 1.551062 310.212360
 36.750000 2.432802 2.932478 0.499675 1.835593 489.103713 2.444444 -0.632063 1000.000000 2.744444 2.520060 100.000000 1.887997 -400572.253052 1.647954 0.297668 59.533512 0.030046 0.045138 9.027567
 36.800000 2.459328 2.835176 0.375848 0.522370 303.839308 2.444444 -0.632063 1000.000000 2.744444 2.520060 100.000000 1.887997 -400569.122546 1.575764 0.001234 0.246733 0.138482 0.958863 191.772529
 36.850000 2.456050 2.896968 0.440917 1.230511 367.327363 2.444444 -0.632063 1000.000000 2.744444 2.520060 100.000000 1.887997 -400568.482690 1.640700 0.244327 48.865460 0.099413 0.494147 98.829329
 36.900000 2.430875 2.876655 0.445780 0.966047 358.925469 2.444444 -0.632063 1000.000000 2.744444 2.520060 100.000000 1.887997 -400568.944109 1.579482 0.003772 0.754437 0.182021 1.656583 331.316615
 36.950000 2.405021 2.836166 0.431144 1.197731 1638.309734 2.444444 -0.632063 1000.000000 2.744444 2.520060 100.000000 1.887997 -400568.642325 1.684071 0.641563 128.312640 0.175426 1.538716 307.743250
 37.000000 2.458094 2.880877 0.422784 1.023841 372.435213 2.444444 -0.632063 1000.000000 2.744444 2.520060 100.000000 1.887997 -400572.134263 1.613535 0.091330 18.265946 0.083211 0.346203 69.240591
 37.050000 2.426401 2.941067 0.514666 2.095808 712.171912 2.444444 -0.632063 1000.000000 2.744444 2.520060 100.000000 1.887997 -400570.627283 1.599537 0.041300 8.260071 0.106196 0.563875 112.774934
 37.100000 2.426138 2.837884 0.411746 0.604109 422.436019 2.444444 -0.632063 1000.000000 2.744444 2.520060 100.000000 1.887997 -400570.053019 1.652394 0.332911 66.582127 0.075109 0.282066 56.413238
 37.150000 2.380143 2.952809 0.572667 4.238159 4568.890523 2.444444 -0.632063 1000.000000 2.744444 2.520060 100.000000 1.887997 -400571.889095 1.617795 0.110446 22.089216 0.120116 0.721393 144.278567
 37.200000 2.439476 2.791812 0.352336 0.124527 47.125253 2.444444 -0.632063 1000.000000 2.744444 2.520060 100.000000 1.887997 -400566.044697 1.666988 0.462643 92.528538 0.161739 1.307978 261.595570
 37.250000 2.392854 2.949889 0.557035 3.441145 3083.602326 2.444444 -0.632063 1000.000000 2.744444 2.520060 100.000000 1.887997 -400573.888153 1.614174 0.094081 18.816231 0.119106 0.709314 141.862849
 37.300000 2.408516 2.859709 0.451193 1.309722 1423.713780 2.444444 -0.632063 1000.000000 2.744444 2.520060 100.000000 1.887997 -400568.491654 1.562416 0.003512 0.702378 0.126320 0.797839 159.567771
 37.350000 2.433668 2.886722 0.453054 1.070213 318.569165 2.444444 -0.632063 1000.000000 2.744444 2.520060 100.000000 1.887997 -400570.795225 1.695256 0.774506 154.901118 0.089656 0.401913 80.382567
 37.400000 2.428459 2.868442 0.439983 0.896534 409.285615 2.444444 -0.632063 1000.000000 2.744444 2.520060 100.000000 1.887997 -400567.588554 1.572719 0.000185 0.036985 0.093945 0.441282 88.256375
 37.450000 2.433638 2.849202 0.415564 0.607095 226.520876 2.444444 -0.632063 1000.000000 2.744444 2.520060 100.000000 1.887997 -400570.633384 1.690353 0.714684 142.936797 0.095750 0.458404 91.680830
 37.500000 2.446888 2.867119 0.420231 0.755439 156.460306 2.444444 -0.632063 1000.000000 2.744444 2.520060 100.000000 1.887997 -400568.951863 1.568668 0.000226 0.045296 0.107610 0.578993 115.798651
 37.550000 2.400398 2.985646 0.585248 3.878940 2521.841390 2.444444 -0.632063 1000.000000 2.744444 2.520060 100.000000 1.887997 -400569.825110 1.576629 0.001701 0.340253 0.131146 0.859967 171.993403
 37.600000 2.455210 2.771914 0.316705 0.095673 123.433484 2.444444 -0.632063 1000.000000 2.744444 2.520060 100.000000 1.887997 -400567.055235 1.666165 0.454757 90.951386 0.091217 0.416029 83.205876
 37.650000 2.439995 2.962946 0.522951 2.397055 497.227479 2.444444 -0.632063 1000.000000 2.744444 2.520060 100.000000 1.887997 -400566.331937 1.618436 0.113477 22.695468 0.104214 0.543033 108.606508
 37.700000 2.430056 2.824283 0.394226 0.422216 270.757335 2.444444 -0.632063 1000.000000 2.744444 2.520060 100.000000 1.887997 -400568.794859 1.666633 0.459231 91.846122 0.067256 0.226168 45.233649
 37.750000 2.354382 2.937854 0.583473 5.926030 8485.404598 2.444444 -0.632063 1000.000000 2.744444 2.520060 100.000000 1.887997 -400574.706415 1.615872 0.101590 20.317916 0.131909 0.869993 173.998528
 37.800000 2.397452 2.947585 0.550133 3.167458 2620.977999 2.444444 -0.632063 1000.000000 2.744444 2.520060 100.000000 1.887997 -400572.162655 1.585342 0.010579 2.115743 0.144277 1.040800 208.159922
 37.850000 2.427552 2.808460 0.380908 0.347572 326.319661 2.444444 -0.632063 1000.000000 2.744444 2.520060 100.000000 1.887997 -400567.782647 1.675672 0.549944 109.988745 0.144245 1.040329 208.065754
 37.900000 2.409372 2.936461 0.527089 2.458549 1598.770876 2.444444 -0.632063 1000.000000 2.744444 2.520060 100.000000 1.887997 -400569.622898 1.644875 0.274385 54.877051 0.096650 0.467060 93.412070
 37.950000 2.370022 2.879335 0.509313 3.679095 5720.599239 2.444444 -0.632063 1000.000000 2.744444 2.520060 100.000000 1.887997 -400573.946270 1.620806 0.125049 25.009709 0.036389 0.066208 13.241510
 38.000000 2.437164 2.912453 0.475289 1.437850 335.269448 2.444444 -0.632063 1000.000000 2.744444 2.520060 100.000000 1.887997 -400570.759821 1.688414 0.691701 138.340247 0.098324 0.483382 96.676456
 38.050000 2.427031 2.858576 0.431544 0.802906 433.475003 2.444444 -0.632063 1000.000000 2.744444 2.520060 100.000000 1.887997 -400570.834254 1.534264 0.066732 13.346418 0.110696 0.612682 122.536462
 38.100000 2.459372 2.841515 0.382143 0.582545 317.047185 2.444444 -0.632063 1000.000000 2.744444 2.520060 100.000000 1.887997 -400568.218619 1.698417 0.814354 162.870822 0.164884 1.359333 271.866612
 38.150000 2.391328 2.862893 0.471565 2.112193 2961.675352 2.444444 -0.632063 1000.000000 2.744444 2.520060 100.000000 1.887997 -400571.201844 1.591438 0.021304 4.260720 0.153583 1.179389 235.877897
 38.200000 2.444957 2.944416 0.499459 1.999553 400.146823 2.444444 -0.632063 1000.000000 2.744444 2.520060 100.000000 1.887997 -400568.317262 1.626538 0.155355 31.071092 0.049066 0.120372 24.074353
 38.250000 2.408691 2.854605 0.445914 1.245925 1399.678575 2.444444 -0.632063 1000.000000 2.744444 2.520060 100.000000 1.887997 -400566.934901 1.654155 0.347432 69.486405 0.177274 1.571303 314.260681
 38.300000 2.421404 2.936985 0.515581 2.119034 901.600587 2.444444 -0.632063 1000.000000 2.744444 2.520060 100.000000 1.887997 -400567.702541 1.624435 0.143857 28.771472 0.053132 0.141153 28.230616
 38.350000 2.374518 2.875110 0.500593 3.298563 5060.507918 2.444444 -0.632063 1000.000000 2.744444 2.520060 100.000000 1.887997 -400571.012586 1.622492 0.133622 26.724339 0.189010 1.786235 357.247094
 38.400000 2.407951 2.872891 0.464940 1.490817 1496.776443 2.444444 -0.632063 1000.000000 2.744444 2.520060 100.000000 1.887997 -400570.781382 1.673853 0.531032 106.206345 0.153489 1.177944 235.588848
 38.450000 2.375153 2.916965 0.541812 3.888819 5098.941401 2.444444 -0.632063 1000.000000 2.744444 2.520060 100.000000 1.887997 -400571.185653 1.584589 0.009512 1.902347 0.105908 0.560822 112.164423
 38.500000 2.434187 2.893456 0.459269 1.162826 327.250868 2.444444 -0.632063 1000.000000 2.744444 2.520060 100.000000 1.887997 -400570.353761 1.670644 0.498481 99.696215 0.117493 0.690226 138.045132
 38.550000 2.382268 2.902166 0.519899 3.176786 4114.716756 2.444444 -0.632063 1000.000000 2.744444 2.520060 100.000000 1.887997 -400570.555042 1.638818 0.231347 46.269476 0.050516 0.127594 25.518811
 38.600000 2.444279 2.860514 0.416235 0.673621 134.748881 2.444444 -0.632063 1000.000000 2.744444 2.520060 100.000000 1.887997 -400571.136785 1.640806 0.245070 49.013930 0.119929 0.719150 143.829922
 38.650000 2.411880 2.828792 0.416911 0.885930 1131.556658 2.444444 -0.632063 1000.000000 2.744444 2.520060 100.000000 1.887997 -400572.442014 1.659165 0.390453 78.090537 0.137774 0.949089 189.817893
 38.700000 2.423478 2.928731 0.505253 1.917870 779.216723 2.444444 -0.632063 1000.000000 2.744444 2.520060 100.000000 1.887997 -400570.654302 1.562824 0.003178 0.635559 0.093977 0.441585 88.316934
 38.750000 2.411421 2.860142 0.448721 1.214558 1224.381040 2.444444 -0.632063 1000.000000 2.744444 2.520060 100.000000 1.887997 -400570.938901 1.624353 0.143415 28.683014 0.079270 0.314184 62.836737
 38.800000 2.449349 2.857745 0.408396 0.653871 152.420937 2.444444 -0.632063 1000.000000 2.744444 2.520060 100.000000 1.887997 -400570.968823 1.658291 0.382767 76.553493 0.052433 0.137460 27.492051
 38.850000 2.410535 2.911041 0.500506 1.962639 1427.381305 2.444444 -0.632063 1000.000000 2.744444 2.520060 100.000000 1.887997 -400571.072969 1.594787 0.028777 5.755348 0.118989 0.707915 141.582954
 38.900000 2.397946 2.833359 0.435413 1.476325 2241.124147 2.444444 -0.632063 1000.000000 2.744444 2.520060 100.000000 1.887997 -400572.624341 1.680343 0.600026 120.005163 0.163538 1.337232 267.446465
 38.950000 2.412856 2.912501 0.499645 1.911072 1280.270563 2.444444 -0.632063 1000.000000 2.744444 2.520060 100.000000 1.887997 -400570.899447 1.535719 0.061520 12.304051 0.124032 0.769198 153.839674
 39.000000 2.460327 2.896691 0.436364 1.285076 484.043439 2.444444 -0.632063 1000.000000 2.744444 2.520060 100.000000 1.887997 -400570.908640 1.671789 0.509980 101.996020 0.089436 0.399943 79.988676
 39.050000 2.401199 2.830207 0.429009 1.302863 1943.749520 2.444444 -0.632063 1000.000000 2.744444 2.520060 100.000000 1.887997 -400571.968700 1.588881 0.016353 3.270551 0.070323 0.247263 49.452544
 39.100000 2.425497 2.949187 0.523690 2.275479 778.206670 2.444444 -0.632063 1000.000000 2.744444 2.520060 100.000000 1.887997 -400572.362245 1.609661 0.075525 15.104932 0.110058 0.605643 121.128545
 39.150000 2.410362 2.783524 0.373162 0.657179 1176.911248 2.444444 -0.632063 1000.000000 2.744444 2.520060 100.000000 1.887997 -400569.422796 1.639492 0.235955 47.190994 0.135263 0.914799 182.959774
 39.200000 2.475121 2.941626 0.466505 2.414563 1329.866134 2.444444 -0.632063 1000.000000 2.744444 2.520060 100.000000 1.887997 -400568.431065 1.605306 0.059544 11.908884 0.099735 0.497355 99.471034
 39.250000 2.357259 2.871944 0.514685 4.613430 7763.809444 2.444444 -0.632063 1000.000000 2.744444 2.520060 100.000000 1.887997 -400574.509429 1.652708 0.335476 67.095214 0.054096 0.146320 29.264031
 39.300000 2.406732 2.883226 0.476494 1.674114 1614.796076 2.444444 -0.632063 1000.000000 2.744444 2.520060 100.000000 1.887997 -400568.875761 1.714362 1.030557 206.111492 0.047445 0.112550 22.510022
 39.350000 2.389986 2.945278 0.555292 3.499588 3369.102009 2.444444 -0.632063 1000.000000 2.744444 2.520060 100.000000 1.887997 -400572.752894 1.591625 0.021692 4.338464 0.098965 0.489700 97.940096
 39.400000 2.429311 2.835736 0.406425 0.531217 312.365887 2.444444 -0.632063 1000.000000 2.744444 2.520060 100.000000 1.887997 -400568.626471 1.671547 0.507535 101.506979 0.139426 0.971979 194.395746
 39.450000 2.412969 2.917142 0.504173 1.986583 1288.961053 2.444444 -0.632063 1000.000000 2.744444 2.520060 100.000000 1.887997 -400570.672103 1.589388 0.017282 3.456327 0.119303 0.711666 142.333108
 39.500000 2.424401 2.904766 0.480365 1.486025 658.782554 2.444444 -0.632063 1000.000000 2.744444 2.520060 100.000000 1.887997 -400570.065271 1.600456 0.043984 8.796719 0.097898 0.479201 95.840232
 39.550000 2.446724 2.821975 0.375251 0.303148 65.306558 2.444444 -0.632063 1000.000000 2.744444 2.520060 100.000000 1.887997 -400570.444019 1.663613 0.430747 86.149399 0.087218 0.380350 76.070019
 39.600000 2.453686 2.954437 0.500750 2.247547 526.382672 2.444444 -0.632063 1000.000000 2.744444 2.520060 100.000000 1.887997 -400570.708328 1.510534 0.181577 36.315403 0.124548 0.775604 155.120885
 39.650000 2.402821 2.824886 0.422065 1.189788 1797.201854 2.444444 -0.632063 1000.000000 2.744444 2.520060 100.000000 1.887997 -400569.378371 1.666079 0.453935 90.787083 0.160288 1.284605 256.921069
 39.700000 2.445984 2.874387 0.428403 0.845431 171.218441 2.444444 -0.632063 1000.000000 2.744444 2.520060 100.000000 1.887997 -400571.064604 1.605135 0.058958 11.791646 0.151793 1.152053 230.410529
 39.750000 2.407849 2.946139 0.538289 2.703623 1746.000014 2.444444 -0.632063 1000.000000 2.744444 2.520060 100.000000 1.887997 -400568.754585 1.447145 0.764488 152.897561 0.130040 0.845525 169.105052
 39.800000 2.455316 2.854639 0.399323 0.666245 239.626628 2.444444 -0.632063 1000.000000 2.744444 2.520060 100.000000 1.887997 -400563.948432 1.683159 0.631266 126.253244 0.057931 0.167802 33.560330
 39.850000 2.427509 2.919821 0.492312 1.681256 594.372346 2.444444 -0.632063 1000.000000 2.744444 2.520060 100.000000 1.887997 -400568.412603 1.592757 0.024114 4.822857 0.066204 0.219149 43.829842
 39.900000 2.468512 2.911552 0.443040 1.685877 858.504185 2.444444 -0.632063 1000.000000 2.744444 2.520060 100.000000 1.887997 -400567.212105 1.594490 0.028069 5.613810 0.044652 0.099692 19.938344
 39.950000 2.411050 2.852237 0.441187 1.138545 1231.363327 2.444444 -0.632063 1000.000000 2.744444 2.520060 100.000000 1.887997 -400571.362750 1.669733 0.489419 97.883875 0.085503 0.365537 73.107445
 40.000000 2.458258 2.883163 0.424906 1.057549 383.231521 2.444444 -0.632063 1000.000000 2.744444 2.520060 100.000000 1.887997 -400567.888087 1.581953 0.006224 1.244815 0.190934 1.822782 364.556356
