#! FIELDS time d1 d2 rc steer.bias steer.force2 steer.d1_cntr steer.d1_work steer.d1_kappa steer.d2_cntr steer.d2_work steer.d2_kappa steer.work ener an res.bias res.force2 an2 res2.bias res2.force2
 0.000000 2.644139 1.840637 -0.803502 0.008586 17.136183 2.640000 0.000000 1000.000000 1.840000 0.000000 100.000000 0.000000 -400576.064421 1.275815 4.350712 870.142465 0.097644 0.476720 95.344035
 0.050000 2.661611 1.819128 -0.842483 0.255309 471.411584 2.640000 0.000000 1000.000000 1.840000 0.000000 100.000000 0.000000 -400571.377943 1.408417 1.318359 263.671886 0.074481 0.277373 55.474618
 0.100000 2.604946 1.893272 -0.711674 0.756290 1257.168987 2.640000 0.000000 1000.000000 1.840000 0.000000 100.000000 0.000000 -400570.515879 1.363581 2.146920 429.383975 0.131303 0.862026 172.405102
 0.150000 2.628947 1.877944 -0.751003 0.133070 136.561514 2.640000 0.000000 1000.000000 1.840000 0.000000 100.000000 0.000000 -400567.537369 1.388203 1.667018 333.403603 0.084125 0.353848 70.769657
 0.200000 2.605426 1.836760 -0.768666 0.598200 1195.455089 2.640000 0.000000 1000.000000 1.840000 0.000000 100.000000 0.000000 -400567.867078 1.379789 1.824192 364.838303 0.062474 0.195153 39.030541
 0.250000 2.638249 1.880022 -0.758227 0.081620 19.083321 2.640000 0.000000 1000.000000 1.840000 0.000000 100.000000 0.000000 -400568.651504 1.392963 1.581230 316.246062 0.179227 1.606114 321.222795
 0.300000 2.615878 1.876122 -0.739756 0.356177 594.921697 2.640000 0.000000 1000.000000 1.840000 0.000000 100.000000 0.000000 -400569.155463 1.419555 1.143699 228.739848 0.069306 0.240166 48.033119
 0.350000 2.633877 1.853938 -0.779939 0.028460 39.434526 2.640000 0.000000 1000.000000 1.840000 0.000000 100.000000 0.000000 -400571.670798 1.285661 4.065113 813.022556 0.061421 0.188629 37.725892
 0.400000 2.661194 1.784066 -0.877128 0.381020 480.462611 2.640000 0.000000 1000.000000 1.840000 0.000000 100.000000 0.000000 -400569.053779 1.418032 1.166854 233.370831 0.156303 1.221530 244.305918
 0.450000 2.638417 1.864751 -0.773666 0.031884 8.633440 2.640000 0.000000 1000.000000 1.840000 0.000000 100.000000 0.000000 -400571.584367 1.319164 3.165947 633.189380 0.099854 0.498543 99.708650
 0.500000 2.643613 1.890920 -0.752694 0.136170 38.985249 2.640000 0.000000 1000.000000 1.840000 0.000000 100.000000 0.000000 -400567.511616 1.385480 1.717101 343.420198 0.054829 0.150313 30.062632
 0.550000 2.599387 1.839509 -0.759877 0.161050 322.076805 2.617333 -0.061592 1000.000000 1.839000 0.002439 100.000000 -0.059154 -400568.625390 1.413462 1.237704 247.540821 0.146736 1.076575 215.314935
 0.600000 2.582202 1.842972 -0.739230 0.078914 155.602888 2.594667 -0.202186 1000.000000 1.838000 0.002584 100.000000 -0.199602 -400570.121170 1.354033 2.349324 469.864772 0.142984 1.022216 204.443142
 0.650000 2.593438 1.859861 -0.733577 0.255928 464.819714 2.572000 -0.164374 1000.000000 1.837000 0.006196 100.000000 -0.158177 -400566.825225 1.399995 1.458646 291.729238 0.026432 0.034933 6.986574
 0.700000 2.540427 1.903159 -0.637268 0.265176 124.425793 2.549333 -0.261896 1000.000000 1.836000 0.007466 100.000000 -0.254430 -400566.113478 1.365101 2.115527 423.105337 0.152431 1.161766 232.353114
 0.750000 2.560619 1.817359 -0.743260 0.591935 1155.863072 2.526667 -0.276678 1000.000000 1.835000 0.008289 100.000000 -0.268388 -400568.123113 1.441557 0.835136 167.027167 0.124772 0.778407 155.681448
 0.800000 2.536006 1.813290 -0.722716 0.533647 1028.694223 2.504000 -0.126115 1000.000000 1.834000 0.012963 100.000000 -0.113152 -400567.547691 1.262628 4.748373 949.674562 0.053449 0.142841 28.568256
 0.850000 2.523417 1.838979 -0.684438 0.887300 1771.382536 2.481333 0.005449 1000.000000 1.833000 0.016639 100.000000 0.022087 -400569.623404 1.446633 0.770831 154.166168 0.144602 1.045485 209.096926
 0.900000 2.455527 1.898730 -0.556798 0.227570 54.383439 2.458667 0.082567 1000.000000 1.832000 0.018707 100.000000 0.101274 -400569.462404 1.423092 1.090830 218.165946 0.154138 1.187929 237.585729
 0.950000 2.413795 1.895330 -0.518465 0.453456 534.459331 2.436000 0.112107 1000.000000 1.831000 0.021646 100.000000 0.133753 -400566.427722 1.373320 1.949839 389.967884 0.032107 0.051543 10.308500
 1.000000 2.392551 1.837138 -0.555414 0.218493 432.400777 2.413333 0.348804 1000.000000 1.830000 0.028764 100.000000 0.377568 -400567.132591 1.481155 0.401777 80.355451 0.163325 1.333750 266.749904
 1.050000 2.386757 1.902218 -0.484539 0.275683 68.894191 2.390667 0.480764 1000.000000 1.829000 0.031936 100.000000 0.512700 -400569.394447 1.393615 1.569668 313.933590 0.150512 1.132692 226.538348
 1.100000 2.408842 1.925695 -0.483148 1.311257 1763.530998 2.368000 0.693744 1000.000000 1.828000 0.036806 100.000000 0.730550 -400567.142273 1.457217 0.645017 129.003334 0.050518 0.127602 25.520401
 1.150000 2.343753 1.879851 -0.463901 0.140913 30.430980 2.345333 0.940305 1000.000000 1.827000 0.041831 100.000000 0.982136 -400570.718061 1.400766 1.445514 289.102727 0.195995 1.920701 384.140298
 1.200000 2.332127 1.845920 -0.486206 0.064587 93.461176 2.322667 1.222054 1000.000000 1.826000 0.046827 100.000000 1.268881 -400570.665074 1.443329 0.812396 162.479213 0.098210 0.482255 96.451089
 1.250000 2.330084 1.893135 -0.436949 0.684656 951.491937 2.300000 1.573243 1000.000000 1.825000 0.055245 100.000000 1.628488 -400571.312988 1.367213 2.072304 414.460892 0.051967 0.135028 27.005584
 1.300000 2.306408 1.894034 -0.412373 0.667896 894.360837 2.277333 1.847740 1000.000000 1.824000 0.060349 100.000000 1.908089 -400569.930302 1.490747 0.320392 64.078303 0.199933 1.998666 399.733231
 1.350000 2.286451 1.898563 -0.387888 0.790623 1067.362445 2.254667 2.212702 1000.000000 1.823000 0.066207 100.000000 2.278910 -400569.380341 1.398900 1.477422 295.484359 0.119860 0.718316 143.663165
 1.400000 2.232165 1.867359 -0.364806 0.102884 20.601283 2.232000 2.678056 1000.000000 1.822000 0.076922 100.000000 2.754979 -400565.981890 1.394879 1.547341 309.468278 0.068426 0.234105 46.821032
 1.450000 2.207482 1.916531 -0.290951 0.458027 94.689084 2.209333 3.050822 1000.000000 1.821000 0.085363 100.000000 3.136185 -400565.450026 1.515997 0.150151 30.030103 0.204698 2.095054 419.010840
 1.500000 2.189922 1.978097 -0.211825 1.255032 260.544939 2.186667 3.496177 1000.000000 1.820000 0.092242 100.000000 3.588419 -400565.846536 1.401806 1.427879 285.575822 0.091797 0.421335 84.267033
 1.550000 2.157658 1.896809 -0.260849 0.322823 100.763442 2.164000 3.823011 1000.000000 1.819000 0.104581 100.000000 3.927592 -400565.098570 1.468734 0.520831 104.166293 0.093997 0.441771 88.354219
 1.600000 2.144268 1.950315 -0.193953 0.879671 183.684683 2.141333 4.275956 1000.000000 1.818000 0.114853 100.000000 4.390809 -400564.548053 1.467068 0.537980 107.595953 0.174615 1.524525 304.904900
 1.650000 2.108264 2.012370 -0.095894 1.962577 489.901507 2.118667 4.711027 1000.000000 1.817000 0.126701 100.000000 4.837728 -400564.398554 1.458474 0.630819 126.163841 0.090899 0.413134 82.626884
 1.700000 2.083514 1.947820 -0.135694 0.946774 329.667413 2.096000 5.170791 1000.000000 1.816000 0.140046 100.000000 5.310837 -400562.461839 1.486727 0.353385 70.677099 0.190948 1.823056 364.611112
 1.750000 2.017179 1.932727 -0.084452 2.269626 3291.880424 2.073333 5.232371 1000.000000 1.815000 0.150841 100.000000 5.383212 -400570.601297 1.523227 0.113142 22.628310 0.341114 5.817940 1163.587945
 1.800000 2.002981 1.889807 -0.113174 1.424315 2331.427386 2.050667 4.419267 1000.000000 1.814000 0.155815 100.000000 4.575082 -400578.647038 1.478003 0.430527 86.105448 0.405926 8.238781 1647.756193
 1.850000 2.030339 1.849673 -0.180666 0.069980 18.918544 2.028000 4.112599 1000.000000 1.813000 0.163531 100.000000 4.276130 -400574.741035 1.523979 0.109594 21.918769 0.326666 5.335545 1067.108902
 1.900000 1.965908 1.885551 -0.080356 1.047684 1608.486372 2.005333 3.527318 1000.000000 1.812000 0.171464 100.000000 3.698781 -400580.110477 1.463722 0.573249 114.649833 0.384065 7.375281 1475.056195
 1.950000 1.969963 1.933540 -0.036423 0.831493 311.541422 1.982667 3.142982 1000.000000 1.811000 0.177174 100.000000 3.320156 -400576.921015 1.554834 0.012739 2.547824 0.412852 8.522319 1704.463847
 2.000000 2.004277 1.879723 -0.124554 1.223304 2009.086320 1.960000 2.445676 1000.000000 1.810000 0.183998 100.000000 2.629674 -400576.782998 1.462478 0.586641 117.328155 0.391176 7.650941 1530.188293
 2.050000 1.937229 1.887622 -0.049608 0.309074 61.824570 1.937333 2.281238 1000.000000 1.809000 0.191292 100.000000 2.472530 -400579.792262 1.461559 0.596635 119.327044 0.362113 6.556302 1311.260394
 2.100000 1.845767 1.829993 -0.015774 2.397797 4752.062258 1.914667 1.541788 1000.000000 1.808000 0.198512 100.000000 1.740301 -400582.579410 1.524676 0.106354 21.270703 0.423227 8.956072 1791.214389
 2.150000 1.868619 1.908006 0.039388 0.783454 648.700617 1.892000 1.124470 1000.000000 1.807000 0.206181 100.000000 1.330650 -400580.439038 1.494326 0.292387 58.477353 0.349860 6.120116 1224.023267
 2.200000 1.815105 1.880127 0.065022 1.745118 2995.708386 1.869333 0.594821 1000.000000 1.806000 0.214211 100.000000 0.809032 -400582.927041 1.509707 0.186597 37.319337 0.390410 7.621005 1524.201044
 2.250000 1.798242 1.931351 0.133108 1.970676 2504.550710 1.846667 -0.083595 1000.000000 1.805000 0.220492 100.000000 0.136897 -400585.293390 1.545201 0.032756 6.551144 0.402939 8.117976 1623.595138
 2.300000 1.817718 1.855486 0.037769 0.152275 65.974798 1.824000 -0.674629 1000.000000 1.804000 0.226889 100.000000 -0.447740 -400581.959130 1.469460 0.513454 102.690764 0.399551 7.982062 1596.412412
 2.350000 1.790516 1.859765 0.069249 0.219621 149.234290 1.801333 -1.205150 1000.000000 1.803000 0.234574 100.000000 -0.970577 -400582.689889 1.504224 0.221591 44.318193 0.400681 8.027260 1605.451962
 2.400000 1.771428 1.817559 0.046131 0.038305 54.823556 1.778667 -1.844813 1000.000000 1.802000 0.240525 100.000000 -1.604288 -400585.246466 1.472593 0.482199 96.439740 0.435320 9.475197 1895.039366
 2.450000 1.764062 1.870792 0.106730 0.276044 113.703198 1.756000 -2.444796 1000.000000 1.801000 0.248230 100.000000 -2.196566 -400583.411063 1.497079 0.271711 54.342260 0.388602 7.550558 1510.111509
 2.500000 1.662021 1.851467 0.189445 2.675138 5111.882939 1.733333 -3.118475 1000.000000 1.800000 0.254627 100.000000 -2.863848 -400586.144426 1.502481 0.233347 46.669400 0.421496 8.882941 1776.588216
 2.550000 1.728250 1.878666 0.150416 0.322339 87.721247 1.733333 -3.118475 1000.000000 1.800000 0.254627 100.000000 -2.863848 -400583.885848 1.536508 0.058785 11.757087 0.405487 8.220970 1644.194079
 2.600000 1.694841 1.879395 0.184554 1.056019 1544.718703 1.733333 -3.118475 1000.000000 1.800000 0.254627 100.000000 -2.863848 -400586.735897 1.494264 0.292859 58.571882 0.425084 9.034839 1806.967766
 2.650000 1.676086 1.917088 0.241002 2.324116 3414.376893 1.733333 -3.118475 1000.000000 1.800000 0.254627 100.000000 -2.863848 -400588.582026 1.546896 0.028561 5.712137 0.402157 8.086505 1617.301045
 2.700000 1.724432 1.856996 0.132563 0.202040 111.715032 1.733333 -3.118475 1000.000000 1.800000 0.254627 100.000000 -2.863848 -400586.729740 1.479403 0.417639 83.527753 0.421368 8.877562 1775.512386
 2.750000 1.727510 1.840845 0.113335 0.100372 50.596541 1.733333 -3.118475 1000.000000 1.800000 0.254627 100.000000 -2.863848 -400582.638473 1.514252 0.159865 31.973073 0.416444 8.671293 1734.258680
 2.800000 1.742529 1.836888 0.094359 0.110322 98.176057 1.733333 -3.118475 1000.000000 1.800000 0.254627 100.000000 -2.863848 -400582.462459 1.468712 0.521061 104.212177 0.429250 9.212783 1842.556615
 2.850000 1.682557 1.866616 0.184059 1.511000 2622.608504 1.733333 -3.118475 1000.000000 1.800000 0.254627 100.000000 -2.863848 -400583.491135 1.543520 0.037201 7.440187 0.400509 8.020382 1604.076310
 2.900000 1.716740 1.890122 0.173382 0.543768 356.550897 1.733333 -3.118475 1000.000000 1.800000 0.254627 100.000000 -2.863848 -400587.007681 1.486532 0.355024 71.004833 0.441191 9.732486 1946.497270
 2.950000 1.700452 1.861472 0.161020 0.729536 1118.978340 1.733333 -3.118475 1000.000000 1.800000 0.254627 100.000000 -2.863848 -400583.146332 1.522985 0.114296 22.859220 0.401533 8.061451 1612.290299
 3.000000 1.682654 1.854999 0.172345 1.435441 2598.646362 1.733333 -3.118475 1000.000000 1.800000 0.254627 100.000000 -2.863848 -400583.735705 1.536130 0.060087 12.017351 0.437058 9.550968 1910.193505
 3.050000 1.716598 1.854430 0.137831 0.288159 309.686029 1.733333 -3.118475 1000.000000 1.800000 0.254627 100.000000 -2.863848 -400582.378399 1.461501 0.597276 119.455240 0.374040 6.995279 1399.055709
 3.100000 1.700663 1.843355 0.142692 0.627669 1086.169517 1.733333 -3.118475 1000.000000 1.800000 0.254627 100.000000 -2.863848 -400585.266998 1.574800 0.000801 0.160257 0.458406 10.506790 2101.358041
 3.150000 1.721815 1.903800 0.181985 0.605062 240.427024 1.733333 -3.118475 1000.000000 1.800000 0.254627 100.000000 -2.863848 -400584.542938 1.446189 0.776348 155.269653 0.398937 7.957549 1591.509751
 3.200000 1.745862 1.837346 0.091484 0.148219 170.916312 1.733333 -3.118475 1000.000000 1.800000 0.254627 100.000000 -2.863848 -400584.069215 1.557913 0.008299 1.659705 0.422710 8.934199 1786.839805
 3.250000 1.674331 1.876585 0.202254 2.033907 3539.946346 1.733333 -3.118475 1000.000000 1.800000 0.254627 100.000000 -2.863848 -400583.990580 1.463790 0.572515 114.502908 0.443467 9.833149 1966.629886
 3.300000 1.735750 1.876062 0.140312 0.292194 63.695811 1.733333 -3.118475 1000.000000 1.800000 0.254627 100.000000 -2.863848 -400582.485209 1.562137 0.003750 0.749921 0.369259 6.817604 1363.520725
 3.350000 1.693850 1.896393 0.202543 1.244040 1651.830956 1.733333 -3.118475 1000.000000 1.800000 0.254627 100.000000 -2.863848 -400588.258225 1.470153 0.506451 101.290140 0.445023 9.902253 1980.450552
 3.400000 1.705422 1.865264 0.159842 0.602497 821.647670 1.733333 -3.118475 1000.000000 1.800000 0.254627 100.000000 -2.863848 -400585.349332 1.549405 0.022880 4.575985 0.391303 7.655900 1531.179960
 3.450000 1.692508 1.897378 0.204871 1.307495 1761.562363 1.733333 -3.118475 1000.000000 1.800000 0.254627 100.000000 -2.863848 -400588.989151 1.495922 0.280309 56.061887 0.402886 8.115869 1623.173848
 3.500000 1.691561 1.876096 0.184534 1.161984 1802.819154 1.733333 -3.118475 1000.000000 1.800000 0.254627 100.000000 -2.863848 -400587.938459 1.497529 0.268402 53.680344 0.426081 9.077269 1815.453832
 3.550000 1.744854 1.830379 0.085525 0.112505 141.950765 1.733333 -3.118475 1000.000000 1.800000 0.254627 100.000000 -2.863848 -400585.732449 1.538027 0.053693 10.738606 0.399351 7.974070 1594.813956
 3.600000 1.706344 1.846759 0.140415 0.473523 750.269337 1.733333 -3.118475 1000.000000 1.800000 0.254627 100.000000 -2.863848 -400583.460337 1.408974 1.309319 261.863728 0.426241 9.084083 1816.816506
 3.650000 1.731951 1.849858 0.117907 0.125246 26.769435 1.733333 -3.118475 1000.000000 1.800000 0.254627 100.000000 -2.863848 -400582.592384 1.569983 0.000033 0.006618 0.403026 8.121506 1624.301171
 3.700000 1.679847 1.934148 0.254301 2.330181 3040.758166 1.733333 -3.118475 1000.000000 1.800000 0.254627 100.000000 -2.863848 -400586.870776 1.456999 0.647493 129.498540 0.414326 8.583290 1716.657937
 3.750000 1.685864 1.838567 0.152703 1.201047 2268.229225 1.733333 -3.118475 1000.000000 1.800000 0.254627 100.000000 -2.863848 -400585.006949 1.572181 0.000096 0.019180 0.415987 8.652243 1730.448575
 3.800000 1.687480 1.897656 0.210176 1.528087 2197.870745 1.733333 -3.118475 1000.000000 1.800000 0.254627 100.000000 -2.863848 -400582.494613 1.486446 0.355747 71.149305 0.371359 6.895373 1379.074669
 3.850000 1.651918 1.827178 0.175260 3.351155 6635.832756 1.733333 -3.118475 1000.000000 1.800000 0.254627 100.000000 -2.863848 -400589.692057 1.534133 0.067211 13.442203 0.433535 9.397649 1879.529855
 3.900000 1.720119 1.872599 0.152480 0.350846 227.335834 1.733333 -3.118475 1000.000000 1.800000 0.254627 100.000000 -2.863848 -400585.700931 1.504279 0.221231 44.246132 0.415919 8.649416 1729.883259
 3.950000 1.681528 1.892886 0.211358 1.773277 2770.045164 1.733333 -3.118475 1000.000000 1.800000 0.254627 100.000000 -2.863848 -400587.056902 1.516799 0.145786 29.157103 0.422415 8.921737 1784.347323
 4.000000 1.778860 1.896188 0.117328 1.498944 2165.192999 1.733333 -3.118475 1000.000000 1.800000 0.254627 100.000000 -2.863848 -400586.039760 1.564903 0.001737 0.347325 0.458337 10.503629 2100.725868
 4.050000 1.681503 1.933983 0.252481 2.240787 2865.941580 1.733333 -3.118475 1000.000000 1.800000 0.254627 100.000000 -2.863848 -400586.003225 1.442988 0.816751 163.350182 0.405871 8.236547 1647.309487
 4.100000 1.741364 1.850428 0.109065 0.159392 89.914139 1.733333 -3.118475 1000.000000 1.800000 0.254627 100.000000 -2.863848 -400586.212320 1.609254 0.073948 14.789691 0.434206 9.426752 1885.350311
 4.150000 1.706404 1.808734 0.102330 0.366406 725.947060 1.733333 -3.118475 1000.000000 1.800000 0.254627 100.000000 -2.863848 -400584.417078 1.381353 1.794444 358.888714 0.412728 8.517218 1703.443680
 4.200000 1.701159 1.827769 0.126609 0.556135 1042.870982 1.733333 -3.118475 1000.000000 1.800000 0.254627 100.000000 -2.863848 -400581.857930 1.573361 0.000329 0.065753 0.378800 7.174487 1434.897496
 4.250000 1.720162 1.855484 0.135322 0.240668 204.275224 1.733333 -3.118475 1000.000000 1.800000 0.254627 100.000000 -2.863848 -400587.775030 1.417693 1.172030 234.405922 0.459120 10.539563 2107.912679
 4.300000 1.700188 1.940722 0.240534 1.539428 1296.609957 1.733333 -3.118475 1000.000000 1.800000 0.254627 100.000000 -2.863848 -400579.314411 1.588165 0.015084 3.016873 0.377919 7.141149 1428.229851
 4.350000 1.731304 1.872591 0.141287 0.265532 56.812275 1.733333 -3.118475 1000.000000 1.800000 0.254627 100.000000 -2.863848 -400585.733011 1.481652 0.397338 79.467671 0.437837 9.585060 1917.011996
 4.400000 1.677272 1.924544 0.247273 2.347015 3298.013088 1.733333 -3.118475 1000.000000 1.800000 0.254627 100.000000 -2.863848 -400585.637959 1.509868 0.185615 37.123040 0.428136 9.165028 1833.005586
 4.450000 1.728590 1.828697 0.100106 0.052423 30.731286 1.733333 -3.118475 1000.000000 1.800000 0.254627 100.000000 -2.863848 -400583.099980 1.525179 0.104046 20.809182 0.391214 7.652414 1530.482875
 4.500000 1.710662 1.834895 0.124232 0.317869 526.151276 1.733333 -3.118475 1000.000000 1.800000 0.254627 100.000000 -2.863848 -400584.854917 1.440322 0.851177 170.235340 0.417899 8.731986 1746.397122
 4.550000 1.667475 1.826302 0.158827 2.203231 4344.201840 1.733333 -3.118475 1000.000000 1.800000 0.254627 100.000000 -2.863848 -400585.238207 1.585845 0.011323 2.264657 0.404159 8.167230 1633.445973
 4.600000 1.701104 1.956100 0.254996 1.737722 1282.398546 1.733333 -3.118475 1000.000000 1.800000 0.254627 100.000000 -2.863848 -400584.041173 1.444651 0.795628 159.125633 0.384369 7.386979 1477.395734
 4.650000 1.698761 1.895559 0.196798 1.054202 1286.569125 1.733333 -3.118475 1000.000000 1.800000 0.254627 100.000000 -2.863848 -400585.948539 1.608567 0.071333 14.266579 0.462136 10.678490 2135.698076
 4.700000 1.736558 1.911020 0.174462 0.621477 133.655490 1.733333 -3.118475 1000.000000 1.800000 0.254627 100.000000 -2.863848 -400584.105260 1.464342 0.566626 113.325253 0.385952 7.447955 1489.591036
 4.750000 1.700468 1.792529 0.092060 0.542843 1080.661281 1.733333 -3.118475 1000.000000 1.800000 0.254627 100.000000 -2.863848 -400586.152189 1.515110 0.155049 31.009753 0.425900 9.069523 1813.904670
 4.800000 1.747218 1.838096 0.090878 0.168960 207.299364 1.733333 -3.118475 1000.000000 1.800000 0.254627 100.000000 -2.863848 -400584.625133 1.466021 0.548890 109.777981 0.415036 8.612730 1722.545949
 4.850000 1.721534 1.850806 0.129272 0.198674 165.039202 1.733333 -3.118475 1000.000000 1.800000 0.254627 100.000000 -2.863848 -400586.996859 1.514001 0.161284 32.256764 0.428547 9.182611 1836.522218
 4.900000 1.683037 1.962221 0.279184 2.580625 2792.832777 1.733333 -3.118475 1000.000000 1.800000 0.254627 100.000000 -2.863848 -400585.648545 1.564310 0.002104 0.420725 0.414973 8.610146 1722.029293
 4.950000 1.710101 1.896838 0.186737 0.738747 633.503832 1.733333 -3.118475 1000.000000 1.800000 0.254627 100.000000 -2.863848 -400585.268629 1.493308 0.300219 60.043735 0.423986 8.988228 1797.645519
 5.000000 1.690778 1.891373 0.200595 1.322933 1894.457359 1.733333 -3.118475 1000.000000 1.800000 0.254627 100.000000 -2.863848 -400586.204672 1.583142 0.007621 1.524254 0.419267 8.789235 1757.847083
 5.050000 1.718308 1.846586 0.128277 0.221385 247.449776 1.733333 -3.118475 1000.000000 1.800000 0.254627 100.000000 -2.863848 -400586.449456 1.420765 1.125467 225.093446 0.422867 8.940833 1788.166608
 5.100000 1.697479 1.816536 0.119057 0.656452 1288.295065 1.733333 -3.118475 1000.000000 1.800000 0.254627 100.000000 -2.863848 -400581.846048 1.586553 0.012414 2.482885 0.373237 6.965303 1393.060605
 5.150000 1.690508 1.818195 0.127686 0.933541 1837.288087 1.733333 -3.118475 1000.000000 1.800000 0.254627 100.000000 -2.863848 -400589.537218 1.421010 1.121801 224.360218 0.449453 10.100412 2020.082448
 5.200000 1.748994 1.887609 0.138614 0.506400 322.022433 1.733333 -3.118475 1000.000000 1.800000 0.254627 100.000000 -2.863848 -400582.943470 1.567861 0.000431 0.086187 0.380570 7.241694 1448.338713
 5.250000 1.683776 1.951488 0.267712 2.375407 2685.433562 1.733333 -3.118475 1000.000000 1.800000 0.254627 100.000000 -2.863848 -400589.125924 1.493477 0.298913 59.782642 0.477026 11.377670 2275.533920
 5.300000 1.721040 1.969579 0.248539 1.513411 438.697564 1.733333 -3.118475 1000.000000 1.800000 0.254627 100.000000 -2.863848 -400582.978650 1.604069 0.055352 11.070492 0.396881 7.875711 1575.142206
 5.350000 1.672304 1.850306 0.178001 1.988803 3749.844892 1.733333 -3.118475 1000.000000 1.800000 0.254627 100.000000 -2.863848 -400587.208576 1.470216 0.505825 101.164916 0.397894 7.915992 1583.198393
 5.400000 1.696480 1.820644 0.124164 0.700390 1362.423283 1.733333 -3.118475 1000.000000 1.800000 0.254627 100.000000 -2.863848 -400583.048762 1.522108 0.118526 23.705195 0.430791 9.279062 1855.812322
 5.450000 1.712674 1.832671 0.119997 0.266771 437.478576 1.733333 -3.118475 1000.000000 1.800000 0.254627 100.000000 -2.863848 -400585.194904 1.505015 0.216358 43.271508 0.390449 7.622521 1524.504190
 5.500000 1.726580 1.912344 0.185763 0.653855 171.812432 1.733333 -3.118475 1000.000000 1.800000 0.254627 100.000000 -2.863848 -400585.030197 1.483683 0.379434 75.886783 0.435243 9.471824 1894.364755
 5.550000 1.732850 1.862476 0.129626 0.195278 39.266215 1.733333 -3.118475 1000.000000 1.800000 0.254627 100.000000 -2.863848 -400582.189811 1.544134 0.035545 7.109032 0.431327 9.302160 1860.432075
 5.600000 1.726233 1.954149 0.227916 1.213309 288.034850 1.733333 -3.118475 1000.000000 1.800000 0.254627 100.000000 -2.863848 -400580.978805 1.481855 0.395531 79.106122 0.394276 7.772679 1554.535849
 5.650000 1.707049 1.831342 0.124292 0.394547 700.687090 1.733333 -3.118475 1000.000000 1.800000 0.254627 100.000000 -2.863848 -400586.194673 1.552280 0.017143 3.428683 0.461052 10.628438 2125.687520
 5.700000 1.673774 1.872852 0.199078 2.039050 3600.436521 1.733333 -3.118475 1000.000000 1.800000 0.254627 100.000000 -2.863848 -400583.597819 1.455385 0.665991 133.198296 0.344742 5.942348 1188.469687
 5.750000 1.692453 1.793886 0.101434 0.837484 1671.603736 1.733333 -3.118475 1000.000000 1.800000 0.254627 100.000000 -2.863848 -400587.620896 1.564435 0.002023 0.404606 0.435695 9.491490 1898.298066
 5.800000 1.709677 1.869940 0.160262 0.524384 608.528576 1.733333 -3.118475 1000.000000 1.800000 0.254627 100.000000 -2.863848 -400584.743084 1.438884 0.870044 174.008826 0.396079 7.843928 1568.785583
 5.850000 1.699031 1.902253 0.203222 1.111108 1281.201553 1.733333 -3.118475 1000.000000 1.800000 0.254627 100.000000 -2.863848 -400587.107735 1.557001 0.009516 1.903113 0.407477 8.301873 1660.374593
 5.900000 1.693117 1.891712 0.198595 1.229231 1701.462889 1.733333 -3.118475 1000.000000 1.800000 0.254627 100.000000 -2.863848 -400588.957053 1.518058 0.139066 27.813198 0.452663 10.245185 2049.037022
 5.950000 1.739148 1.898066 0.158918 0.497746 129.974991 1.733333 -3.118475 1000.000000 1.800000 0.254627 100.000000 -2.863848 -400584.355275 1.475147 0.457435 91.487099 0.377393 7.121278 1424.255685
 6.000000 1.674342 1.847078 0.172736 1.850807 3502.147152 1.733333 -3.118475 1000.000000 1.800000 0.254627 100.000000 -2.863848 -400587.420105 1.529347 0.085901 17.180195 0.425432 9.049601 1809.920195
 6.050000 1.728909 1.832359 0.103450 0.062143 30.045268 1.733333 -3.118475 1000.000000 1.800000 0.254627 100.000000 -2.863848 -400588.099463 1.453409 0.688988 137.797694 0.431897 9.326744 1865.348813
 6.100000 1.688587 1.907576 0.218989 1.579758 2117.989956 1.733333 -3.118475 1000.000000 1.800000 0.254627 100.000000 -2.863848 -400581.972900 1.541568 0.042714 8.542813 0.342965 5.881262 1176.252455
 6.150000 1.699031 1.892194 0.193163 1.013323 1261.665578 1.733333 -3.118475 1000.000000 1.800000 0.254627 100.000000 -2.863848 -400588.482164 1.481301 0.400472 80.094303 0.482253 11.628375 2325.674924
 6.200000 1.728423 1.878077 0.149654 0.316857 85.068107 1.733333 -3.118475 1000.000000 1.800000 0.254627 100.000000 -2.863848 -400583.781229 1.585881 0.011377 2.275391 0.392669 7.709456 1541.891257
 6.250000 1.676130 1.892199 0.216069 2.061168 3357.283438 1.733333 -3.118475 1000.000000 1.800000 0.254627 100.000000 -2.863848 -400589.698290 1.455631 0.663158 132.631616 0.410292 8.416975 1683.394914
 6.300000 1.719478 1.802058 0.082580 0.096196 192.010120 1.733333 -3.118475 1000.000000 1.800000 0.254627 100.000000 -2.863848 -400584.786530 1.593132 0.024944 4.988808 0.435829 9.497356 1899.471235
 6.350000 1.694605 1.849050 0.154445 0.870245 1523.960672 1.733333 -3.118475 1000.000000 1.800000 0.254627 100.000000 -2.863848 -400582.887678 1.421047 1.121236 224.247286 0.365005 6.661420 1332.284011
 6.400000 1.701590 1.849633 0.148043 0.626978 1032.246402 1.733333 -3.118475 1000.000000 1.800000 0.254627 100.000000 -2.863848 -400585.175935 1.488491 0.338706 67.741216 0.413801 8.561549 1712.309755
 6.450000 1.700687 1.864422 0.163735 0.740399 1107.282677 1.733333 -3.118475 1000.000000 1.800000 0.254627 100.000000 -2.863848 -400587.614949 1.549679 0.022297 4.459398 0.423363 8.961821 1792.364102
 6.500000 1.733831 1.948318 0.214488 1.100038 220.230049 1.733333 -3.118475 1000.000000 1.800000 0.254627 100.000000 -2.863848 -400585.210979 1.506803 0.204760 40.951928 0.418251 8.746703 1749.340594
 6.550000 1.694749 1.887242 0.192492 1.124921 1564.840398 1.733333 -3.118475 1000.000000 1.800000 0.254627 100.000000 -2.863848 -400583.469004 1.557797 0.008450 1.689930 0.442059 9.770821 1954.164193
 6.600000 1.697749 1.905819 0.208070 1.193011 1378.238419 1.733333 -3.118475 1000.000000 1.800000 0.254627 100.000000 -2.863848 -400579.632169 1.504586 0.219192 43.838312 0.394170 7.768482 1553.696318
 6.650000 1.693831 1.776087 0.082256 0.808814 1566.162995 1.733333 -3.118475 1000.000000 1.800000 0.254627 100.000000 -2.863848 -400584.681442 1.530997 0.079199 15.839893 0.403571 8.143470 1628.694069
 6.700000 1.697841 1.835676 0.137835 0.693496 1272.439496 1.733333 -3.118475 1000.000000 1.800000 0.254627 100.000000 -2.863848 -400582.570605 1.423526 1.084425 216.884953 0.410014 8.405566 1681.113129
 6.750000 1.700222 1.843220 0.142998 0.641574 1115.030728 1.733333 -3.118475 1000.000000 1.800000 0.254627 100.000000 -2.863848 -400584.080888 1.575487 0.001100 0.220018 0.391728 7.672526 1534.505195
 6.800000 1.704197 1.953536 0.249339 1.603130 1084.653304 1.733333 -3.118475 1000.000000 1.800000 0.254627 100.000000 -2.863848 -400589.057567 1.493508 0.298672 59.734441 0.459731 10.567607 2113.521398
 6.850000 1.700044 1.946282 0.246237 1.623992 1322.135763 1.733333 -3.118475 1000.000000 1.800000 0.254627 100.000000 -2.863848 -400586.662660 1.553318 0.015275 3.054954 0.379208 7.189931 1437.986249
 6.900000 1.711858 1.881653 0.169795 0.563952 527.854552 1.733333 -3.118475 1000.000000 1.800000 0.254627 100.000000 -2.863848 -400588.054215 1.526650 0.097443 19.488611 0.462874 10.712627 2142.525408
 6.950000 1.689241 1.839389 0.150149 1.049664 1959.691848 1.733333 -3.118475 1000.000000 1.800000 0.254627 100.000000 -2.863848 -400586.352622 1.505421 0.213696 42.739257 0.387309 7.500424 1500.084838
 7.000000 1.723271 1.811927 0.088656 0.057738 102.673819 1.733333 -3.118475 1000.000000 1.800000 0.254627 100.000000 -2.863848 -400585.197750 1.470445 0.503522 100.704457 0.371027 6.883054 1376.610718
 7.050000 1.695511 1.859009 0.163498 0.889372 1465.356738 1.733333 -3.118475 1000.000000 1.800000 0.254627 100.000000 -2.863848 -400588.265595 1.494067 0.294366 58.873167 0.461189 10.634746 2126.949118
 7.100000 1.731044 1.890861 0.159817 0.415406 87.798595 1.733333 -3.118475 1000.000000 1.800000 0.254627 100.000000 -2.863848 -400582.933268 1.544204 0.035357 7.071303 0.387404 7.504112 1500.822304
 7.150000 1.710106 2.006044 0.295938 2.392451 964.034294 1.733333 -3.118475 1000.000000 1.800000 0.254627 100.000000 -2.863848 -400583.658562 1.470616 0.501800 100.359991 0.441035 9.725575 1945.114942
 7.200000 1.672517 1.888609 0.216091 2.241864 3777.091928 1.733333 -3.118475 1000.000000 1.800000 0.254627 100.000000 -2.863848 -400584.691787 1.620317 0.122616 24.523145 0.406256 8.252177 1650.435448
 7.250000 1.727397 1.850185 0.122788 0.143546 60.427418 1.733333 -3.118475 1000.000000 1.800000 0.254627 100.000000 -2.863848 -400585.124699 1.407198 1.338220 267.644017 0.395057 7.803495 1560.699065
 7.300000 1.673371 1.779571 0.106200 1.818613 3599.664794 1.733333 -3.118475 1000.000000 1.800000 0.254627 100.000000 -2.863848 -400584.209656 1.529887 0.083678 16.735692 0.405935 8.239144 1647.828796
 7.350000 1.711001 1.852777 0.141775 0.388626 526.568398 1.733333 -3.118475 1000.000000 1.800000 0.254627 100.000000 -2.863848 -400583.583419 1.500681 0.245806 49.161149 0.390866 7.638794 1527.758892
 7.400000 1.683154 1.899337 0.216183 1.752387 2616.674144 1.733333 -3.118475 1000.000000 1.800000 0.254627 100.000000 -2.863848 -400588.355144 1.525101 0.104405 20.880935 0.433781 9.408288 1881.657513
 7.450000 1.714184 1.933255 0.219072 1.071203 544.280218 1.733333 -3.118475 1000.000000 1.800000 0.254627 100.000000 -2.863848 -400585.508553 1.568813 0.000197 0.039344 0.414615 8.595286 1719.057166
 7.500000 1.700821 1.946723 0.245903 1.604927 1272.353027 1.733333 -3.118475 1000.000000 1.800000 0.254627 100.000000 -2.863848 -400587.623079 1.484877 0.369109 73.821722 0.432446 9.350473 1870.094690
 7.550000 1.693360 1.841290 0.147929 0.884158 1614.881122 1.733333 -3.118475 1000.000000 1.800000 0.254627 100.000000 -2.863848 -400585.027244 1.599645 0.041611 8.322177 0.413655 8.555526 1711.105223
 7.600000 1.710579 1.833934 0.123355 0.316465 529.293250 1.733333 -3.118475 1000.000000 1.800000 0.254627 100.000000 -2.863848 -400583.490977 1.372244 1.971158 394.231536 0.373908 6.990360 1398.072019
 7.650000 1.650462 1.774250 0.123788 3.466961 6874.248998 1.733333 -3.118475 1000.000000 1.800000 0.254627 100.000000 -2.863848 -400584.296850 1.608191 0.069917 13.983322 0.389389 7.581178 1516.235536
 7.700000 1.729257 1.897459 0.168202 0.483225 111.598806 1.733333 -3.118475 1000.000000 1.800000 0.254627 100.000000 -2.863848 -400584.694586 1.426443 1.041900 208.379970 0.412367 8.502340 1700.467996
 7.750000 1.696988 1.910871 0.213883 1.275105 1443.890555 1.733333 -3.118475 1000.000000 1.800000 0.254627 100.000000 -2.863848 -400584.458533 1.564103 0.002240 0.447965 0.395117 7.805853 1561.170603
 7.800000 1.722323 1.884429 0.162105 0.417019 192.499649 1.733333 -3.118475 1000.000000 1.800000 0.254627 100.000000 -2.863848 -400586.465358 1.533435 0.069794 13.958796 0.485564 11.788641 2357.728238
 7.850000 1.702455 1.910457 0.208002 1.086778 1075.479403 1.733333 -3.118475 1000.000000 1.800000 0.254627 100.000000 -2.863848 -400581.808994 1.474836 0.460421 92.084181 0.362104 6.555965 1311.193048
 7.900000 1.697796 1.867925 0.170129 0.862138 1309.037582 1.733333 -3.118475 1000.000000 1.800000 0.254627 100.000000 -2.863848 -400588.424198 1.531601 0.076815 15.363040 0.432886 9.369498 1873.899605
 7.950000 1.695237 1.855015 0.159778 0.877006 1481.615115 1.733333 -3.118475 1000.000000 1.800000 0.254627 100.000000 -2.863848 -400587.760777 1.495047 0.286899 57.379770 0.419446 8.796747 1759.349492
 8.000000 1.697528 1.858409 0.160881 0.811587 1316.129751 1.733333 -3.118475 1000.000000 1.800000 0.254627 100.000000 -2.863848 -400582.356009 1.516436 0.147754 29.550780 0.368567 6.792069 1358.413829
 8.050000 1.719922 1.866875 0.146953 0.313541 224.576728 1.733333 -3.118475 1000.000000 1.800000 0.254627 100.000000 -2.863848 -400583.149266 1.507220 0.202097 40.419436 0.466536 10.882814 2176.562734
 8.100000 1.700510 1.866231 0.165721 0.758015 1121.236880 1.733333 -3.118475 1000.000000 1.800000 0.254627 100.000000 -2.863848 -400581.036441 1.520433 0.126821 25.364195 0.396449 7.858605 1571.721069
 8.150000 1.728981 1.919524 0.190543 0.723770 161.803586 1.733333 -3.118475 1000.000000 1.800000 0.254627 100.000000 -2.863848 -400585.905316 1.471308 0.494901 98.980226 0.417209 8.703149 1740.629783
 8.200000 1.700108 1.819421 0.119313 0.570818 1107.689378 1.733333 -3.118475 1000.000000 1.800000 0.254627 100.000000 -2.863848 -400586.871622 1.567769 0.000458 0.091652 0.432013 9.331757 1866.351332
 8.250000 1.697395 1.894774 0.197379 1.094886 1381.378766 1.733333 -3.118475 1000.000000 1.800000 0.254627 100.000000 -2.863848 -400583.562043 1.451242 0.714661 142.932270 0.379278 7.192604 1438.520881
 8.300000 1.712361 1.804044 0.091683 0.220744 440.016913 1.733333 -3.118475 1000.000000 1.800000 0.254627 100.000000 -2.863848 -400585.112938 1.536337 0.059371 11.874168 0.428796 9.193308 1838.661535
 8.350000 1.719595 1.871080 0.151485 0.346985 239.253773 1.733333 -3.118475 1000.000000 1.800000 0.254627 100.000000 -2.863848 -400587.333330 1.466287 0.546108 109.221648 0.415031 8.612547 1722.509465
 8.400000 1.707521 1.880751 0.173229 0.659161 731.462575 1.733333 -3.118475 1000.000000 1.800000 0.254627 100.000000 -2.863848 -400585.280277 1.562145 0.003742 0.748444 0.420937 8.859379 1771.875712
 8.450000 1.688355 1.894320 0.205964 1.456317 2111.971003 1.733333 -3.118475 1000.000000 1.800000 0.254627 100.000000 -2.863848 -400584.304238 1.493776 0.296610 59.321984 0.411430 8.463721 1692.744223
 8.500000 1.707907 1.885152 0.177245 0.685782 718.984661 1.733333 -3.118475 1000.000000 1.800000 0.254627 100.000000 -2.863848 -400586.776092 1.534784 0.064845 12.968931 0.403408 8.136906 1627.381132
 8.550000 1.697279 1.871382 0.174103 0.904723 1350.856483 1.733333 -3.118475 1000.000000 1.800000 0.254627 100.000000 -2.863848 -400586.790444 1.537979 0.053849 10.769730 0.428555 9.182949 1836.589708
 8.600000 1.705804 1.886427 0.180624 0.752427 832.587048 1.733333 -3.118475 1000.000000 1.800000 0.254627 100.000000 -2.863848 -400582.716001 1.445031 0.790851 158.170251 0.402217 8.088945 1617.789093
 8.650000 1.702145 1.868580 0.166434 0.721503 1019.723367 1.733333 -3.118475 1000.000000 1.800000 0.254627 100.000000 -2.863848 -400581.545503 1.613559 0.091430 18.286046 0.403688 8.148186 1629.637102
 8.700000 1.686146 1.876656 0.190510 1.407120 2285.382386 1.733333 -3.118475 1000.000000 1.800000 0.254627 100.000000 -2.863848 -400584.458832 1.431470 0.970586 194.117194 0.458634 10.517259 2103.451863
 8.750000 1.689254 1.895890 0.206636 1.431246 2034.955927 1.733333 -3.118475 1000.000000 1.800000 0.254627 100.000000 -2.863848 -400581.462329 1.580520 0.004728 0.945584 0.355154 6.306732 1261.346442
 8.800000 1.700764 1.880485 0.179721 0.854270 1125.535732 1.733333 -3.118475 1000.000000 1.800000 0.254627 100.000000 -2.863848 -400589.101643 1.477649 0.433821 86.764140 0.474960 11.279355 2255.871036
 8.850000 1.727235 1.875830 0.148595 0.306102 94.687482 1.733333 -3.118475 1000.000000 1.800000 0.254627 100.000000 -2.863848 -400583.656495 1.559490 0.006392 1.278339 0.387565 7.510348 1502.069698
 8.900000 1.718124 1.889872 0.171747 0.519504 312.087209 1.733333 -3.118475 1000.000000 1.800000 0.254627 100.000000 -2.863848 -400585.533953 1.461684 0.595271 119.054287 0.404500 8.181009 1636.201858
 8.950000 1.675657 1.874136 0.198479 1.938084 3381.518001 1.733333 -3.118475 1000.000000 1.800000 0.254627 100.000000 -2.863848 -400588.671131 1.586927 0.013010 2.602096 0.442625 9.795834 1959.166889
 9.000000 1.700394 1.875297 0.174904 0.825988 1141.702408 1.733333 -3.118475 1000.000000 1.800000 0.254627 100.000000 -2.863848 -400585.026597 1.475550 0.453596 90.719194 0.366443 6.714019 1342.803805
 9.050000 1.679537 1.888525 0.208988 1.838834 2972.369422 1.733333 -3.118475 1000.000000 1.800000 0.254627 100.000000 -2.863848 -400588.114475 1.551344 0.018920 3.783946 0.442710 9.799615 1959.923094
 9.100000 1.718159 1.832154 0.113995 0.166829 240.610204 1.733333 -3.118475 1000.000000 1.800000 0.254627 100.000000 -2.863848 -400584.734697 1.485164 0.366646 73.329274 0.439704 9.666979 1933.395830
 9.150000 1.752487 1.932149 0.179662 1.056602 541.501911 1.733333 -3.118475 1000.000000 1.800000 0.254627 100.000000 -2.863848 -400584.014527 1.506876 0.204291 40.858133 0.368982 6.807375 1361.474992
 9.200000 1.684147 1.828759 0.144612 1.251019 2427.601173 1.733333 -3.118475 1000.000000 1.800000 0.254627 100.000000 -2.863848 -400588.247055 1.500719 0.245544 49.108822 0.480981 11.567115 2313.422937
 9.250000 1.744403 1.877509 0.133105 0.361649 182.615600 1.733333 -3.118475 1000.000000 1.800000 0.254627 100.000000 -2.863848 -400580.028022 1.497893 0.265742 53.148416 0.362657 6.575990 1315.197953
 9.300000 1.664198 1.829068 0.164870 2.432065 4788.084104 1.733333 -3.118475 1000.000000 1.800000 0.254627 100.000000 -2.863848 -400586.857636 1.502278 0.234739 46.947738 0.381395 7.273123 1454.624547
 9.350000 1.696369 1.862262 0.165892 0.876999 1405.113800 1.733333 -3.118475 1000.000000 1.800000 0.254627 100.000000 -2.863848 -400585.906614 1.496024 0.279542 55.908415 0.459175 10.542062 2108.412430
 9.400000 1.713699 1.923490 0.209791 0.955246 538.005630 1.733333 -3.118475 1000.000000 1.800000 0.254627 100.000000 -2.863848 -400580.999295 1.544587 0.034345 6.869100 0.358788 6.436445 1287.289006
 9.450000 1.728245 1.922610 0.194365 0.764608 176.226230 1.733333 -3.118475 1000.000000 1.800000 0.254627 100.000000 -2.863848 -400586.461148 1.526690 0.097268 19.453670 0.463070 10.721686 2144.337109
 9.500000 1.704167 1.883212 0.179045 0.771550 919.917687 1.733333 -3.118475 1000.000000 1.800000 0.254627 100.000000 -2.863848 -400587.898431 1.471913 0.488895 97.779067 0.420112 8.824690 1764.938022
 9.550000 1.731362 1.895551 0.164189 0.458439 95.186307 1.733333 -3.118475 1000.000000 1.800000 0.254627 100.000000 -2.863848 -400580.705769 1.552463 0.016805 3.361074 0.356203 6.344017 1268.803349
 9.600000 1.673793 1.780199 0.106406 1.792126 3548.964554 1.733333 -3.118475 1000.000000 1.800000 0.254627 100.000000 -2.863848 -400585.955246 1.441439 0.836662 167.332382 0.486784 11.847913 2369.582619
 9.650000 1.721636 1.883254 0.161618 0.414970 206.128751 1.733333 -3.118475 1000.000000 1.800000 0.254627 100.000000 -2.863848 -400578.824796 1.522367 0.117269 23.453753 0.343844 5.911442 1182.288370
 9.700000 1.715535 1.927075 0.211541 0.965803 478.272003 1.733333 -3.118475 1000.000000 1.800000 0.254627 100.000000 -2.863848 -400580.765504 1.497145 0.271224 54.244851 0.376474 7.086633 1417.326610
 9.750000 1.663422 1.941301 0.277879 3.442080 5087.219736 1.733333 -3.118475 1000.000000 1.800000 0.254627 100.000000 -2.863848 -400588.644065 1.602954 0.051707 10.341478 0.481310 11.582979 2316.595815
 9.800000 1.744153 1.943736 0.199583 1.091530 323.656743 1.733333 -3.118475 1000.000000 1.800000 0.254627 100.000000 -2.863848 -400580.166712 1.458288 0.632909 126.581860 0.366601 6.719812 1343.962341
 9.850000 1.708065 1.860988 0.152923 0.505221 675.680452 1.733333 -3.118475 1000.000000 1.800000 0.254627 100.000000 -2.863848 -400586.987243 1.556836 0.009745 1.948962 0.412726 8.517131 1703.426275
 9.900000 1.694727 1.813239 0.118513 0.754003 1492.231796 1.733333 -3.118475 1000.000000 1.800000 0.254627 100.000000 -2.863848 -400590.186407 1.467684 0.531610 106.321940 0.450513 10.148118 2029.623578
 9.950000 1.738244 1.873862 0.135619 0.284839 78.668060 1.733333 -3.118475 1000.000000 1.800000 0.254627 100.000000 -2.863848 -400581.422069 1.502045 0.236334 47.266826 0.330924 5.475541 1095.108110
 10.000000 1.681392 1.840784 0.159392 1.432114 2714.530981 1.733333 -3.118475 1000.000000 1.800000 0.254627 100.000000 -2.863848 -400589.835052 1.500544 0.246770 49.353971 0.495117 12.257056 2451.411110
 10.050000 1.732960 1.882033 0.149072 0.336537 67.432538 1.733333 -3.118475 1000.000000 1.800000 0.254627 100.000000 -2.863848 -400584.950380 1.515410 0.153382 30.676482 0.390817 7.636911 1527.382198
 10.100000 1.710901 1.914325 0.203424 0.905110 633.910155 1.733333 -3.118475 1000.000000 1.800000 0.254627 100.000000 -2.863848 -400586.054380 1.495941 0.280168 56.033608 0.387570 7.510514 1502.102812
 10.150000 1.709929 1.874133 0.164205 0.548676 602.733831 1.733333 -3.118475 1000.000000 1.800000 0.254627 100.000000 -2.863848 -400588.136292 1.557594 0.008715 1.743005 0.491694 12.088173 2417.634664
 10.200000 1.737509 1.909174 0.171665 0.604662 136.625236 1.733333 -3.118475 1000.000000 1.800000 0.254627 100.000000 -2.863848 -400582.826138 1.489175 0.333106 66.621109 0.350106 6.128710 1225.741996
 10.250000 1.662873 1.871534 0.208661 2.738201 5015.866889 1.733333 -3.118475 1000.000000 1.800000 0.254627 100.000000 -2.863848 -400587.411583 1.504294 0.221129 44.225739 0.429972 9.243782 1848.756312
 10.300000 1.702638 1.818887 0.116249 0.488946 945.789671 1.733333 -3.118475 1000.000000 1.800000 0.254627 100.000000 -2.863848 -400585.889908 1.516893 0.145278 29.055553 0.473869 11.227587 2245.517466
 10.350000 1.716506 1.959511 0.243005 1.413771 537.608838 1.733333 -3.118475 1000.000000 1.800000 0.254627 100.000000 -2.863848 -400579.285318 1.503851 0.224082 44.816488 0.308140 4.747501 949.500119
 10.400000 1.703830 1.805578 0.101748 0.436793 870.786883 1.733333 -3.118475 1000.000000 1.800000 0.254627 100.000000 -2.863848 -400585.864843 1.497294 0.270130 54.026016 0.499730 12.486492 2497.298456
 10.450000 1.712294 1.891712 0.179418 0.641872 526.745479 1.733333 -3.118475 1000.000000 1.800000 0.254627 100.000000 -2.863848 -400586.359552 1.508165 0.196132 39.226458 0.412820 8.521026 1704.205138
 10.500000 1.682976 1.886743 0.203768 1.644155 2611.112490 1.733333 -3.118475 1000.000000 1.800000 0.254627 100.000000 -2.863848 -400583.693695 1.519905 0.129497 25.899307 0.370535 6.864813 1372.962598
 10.550000 1.692888 1.872698 0.179810 1.082161 1688.669956 1.733333 -3.118475 1000.000000 1.800000 0.254627 100.000000 -2.863848 -400584.545595 1.548413 0.025050 5.010058 0.471712 11.125605 2225.120943
 10.600000 1.700086 1.901696 0.201610 1.069807 1208.827268 1.733333 -3.118475 1000.000000 1.800000 0.254627 100.000000 -2.863848 -400587.375416 1.489015 0.334410 66.881996 0.386710 7.477221 1495.444149
 10.650000 1.713711 1.898517 0.184806 0.677790 482.075153 1.733333 -3.118475 1000.000000 1.800000 0.254627 100.000000 -2.863848 -400586.746482 1.556035 0.010894 2.178843 0.422309 8.917243 1783.448528
 10.700000 1.698757 1.872916 0.174159 0.863608 1248.708430 1.733333 -3.118475 1000.000000 1.800000 0.254627 100.000000 -2.863848 -400586.676215 1.472466 0.483447 96.689355 0.491710 12.088941 2417.788215
 10.750000 1.717910 1.910145 0.192235 0.725532 359.198766 1.733333 -3.118475 1000.000000 1.800000 0.254627 100.000000 -2.863848 -400574.766846 1.519176 0.133234 26.646848 0.276972 3.835687 767.137488
 10.800000 1.714971 1.792650 0.077679 0.171285 337.707601 1.733333 -3.118475 1000.000000 1.800000 0.254627 100.000000 -2.863848 -400587.181703 1.467456 0.533961 106.792213 0.467830 10.943256 2188.651294
 10.850000 1.740859 1.827926 0.087067 0.067309 64.429809 1.733333 -3.118475 1000.000000 1.800000 0.254627 100.000000 -2.863848 -400585.728902 1.559579 0.006291 1.258280 0.452099 10.219669 2043.933859
 10.900000 1.697042 1.927137 0.230096 1.466741 1478.730938 1.733333 -3.118475 1000.000000 1.800000 0.254627 100.000000 -2.863848 -400580.209323 1.463551 0.575073 115.014570 0.345581 5.971315 1194.262910
 10.950000 1.706239 1.899723 0.193484 0.864279 833.533472 1.733333 -3.118475 1000.000000 1.800000 0.254627 100.000000 -2.863848 -400587.882310 1.595772 0.031190 6.237906 0.472330 11.154773 2230.954539
 11.000000 1.693608 1.888787 0.195179 1.183197 1656.909718 1.733333 -3.118475 1000.000000 1.800000 0.254627 100.000000 -2.863848 -400584.674005 1.477408 0.436068 87.213595 0.437815 9.584105 1916.821058
 11.050000 1.699363 1.939366 0.240003 1.548149 1348.241742 1.733333 -3.118475 1000.000000 1.800000 0.254627 100.000000 -2.863848 -400580.691193 1.547886 0.026245 5.248928 0.347143 6.025397 1205.079482
 11.100000 1.668202 1.775772 0.107569 2.150365 4247.898328 1.733333 -3.118475 1000.000000 1.800000 0.254627 100.000000 -2.863848 -400588.070253 1.487134 0.349972 69.994441 0.472623 11.168635 2233.727055
 11.150000 1.730414 1.871606 0.141193 0.260635 59.799318 1.733333 -3.118475 1000.000000 1.800000 0.254627 100.000000 -2.863848 -400584.944560 1.503736 0.224857 44.971397 0.370103 6.848798 1369.759681
 11.200000 1.707489 1.818372 0.110883 0.350833 671.289200 1.733333 -3.118475 1000.000000 1.800000 0.254627 100.000000 -2.863848 -400587.263116 1.476045 0.448887 89.777330 0.422586 8.928939 1785.787808
 11.250000 1.735109 1.864786 0.129678 0.211440 45.125202 1.733333 -3.118475 1000.000000 1.800000 0.254627 100.000000 -2.863848 -400587.851533 1.525463 0.102757 20.551486 0.441984 9.767504 1953.500819
 11.300000 1.692995 1.913838 0.220843 1.461552 1756.788230 1.733333 -3.118475 1000.000000 1.800000 0.254627 100.000000 -2.863848 -400587.259391 1.516287 0.148561 29.712164 0.385037 7.412656 1482.531214
 11.350000 1.712785 1.890214 0.177429 0.618043 503.617975 1.733333 -3.118475 1000.000000 1.800000 0.254627 100.000000 -2.863848 -400587.615842 1.503206 0.228420 45.683963 0.460366 10.596859 2119.371881
 11.400000 1.647019 1.886653 0.239634 4.100501 7525.216074 1.733333 -3.118475 1000.000000 1.800000 0.254627 100.000000 -2.863848 -400585.451403 1.542891 0.038936 7.787222 0.360244 6.488772 1297.754407
 11.450000 1.711422 1.873815 0.162393 0.512477 534.575507 1.733333 -3.118475 1000.000000 1.800000 0.254627 100.000000 -2.863848 -400586.459817 1.510364 0.182604 36.520805 0.409062 8.366586 1673.317235
 11.500000 1.710781 1.803636 0.092854 0.254962 508.733928 1.733333 -3.118475 1000.000000 1.800000 0.254627 100.000000 -2.863848 -400585.263911 1.494699 0.289539 57.907841 0.455068 10.354353 2070.870628
 11.550000 1.714667 1.915707 0.201040 0.843616 482.299518 1.733333 -3.118475 1000.000000 1.800000 0.254627 100.000000 -2.863848 -400581.731688 1.481390 0.399674 79.934824 0.350145 6.130065 1226.012992
 11.600000 1.755169 1.816364 0.061195 0.251784 479.466505 1.733333 -3.118475 1000.000000 1.800000 0.254627 100.000000 -2.863848 -400588.163410 1.528979 0.087434 17.486802 0.489929 12.001525 2400.305089
 11.650000 1.656952 1.944257 0.287305 3.957578 6042.245457 1.733333 -3.118475 1000.000000 1.800000 0.254627 100.000000 -2.863848 -400587.063502 1.484410 0.373133 74.626566 0.385084 7.414468 1482.893537
 11.700000 1.712643 1.889745 0.177102 0.616756 508.630988 1.733333 -3.118475 1000.000000 1.800000 0.254627 100.000000 -2.863848 -400586.456598 1.534808 0.064758 12.951568 0.398913 7.956573 1591.314651
 11.750000 1.663837 1.815802 0.151965 2.427357 4832.240137 1.733333 -3.118475 1000.000000 1.800000 0.254627 100.000000 -2.863848 -400588.509465 1.528052 0.091353 18.270605 0.451977 10.214182 2042.836448
 11.800000 1.701588 1.851613 0.150024 0.637066 1034.383382 1.733333 -3.118475 1000.000000 1.800000 0.254627 100.000000 -2.863848 -400581.075674 1.468018 0.528171 105.634172 0.335883 5.640884 1128.176870
 11.850000 1.724205 1.824484 0.100279 0.071637 89.322683 1.733333 -3.118475 1000.000000 1.800000 0.254627 100.000000 -2.863848 -400584.328423 1.523311 0.112742 22.548355 0.439386 9.652993 1930.598566
 11.900000 1.710248 1.919795 0.209546 0.984001 676.435514 1.733333 -3.118475 1000.000000 1.800000 0.254627 100.000000 -2.863848 -400586.336226 1.488874 0.335563 67.112607 0.464551 10.790365 2158.072994
 11.950000 1.717889 1.916613 0.198725 0.799205 374.527929 1.733333 -3.118475 1000.000000 1.800000 0.254627 100.000000 -2.863848 -400578.422925 1.526112 0.099832 19.966490 0.343068 5.884785 1176.957002
 12.000000 1.705536 1.851790 0.146254 0.520460 799.518041 1.733333 -3.118475 1000.000000 1.800000 0.254627 100.000000 -2.863848 -400586.511690 1.492338 0.307785 61.557085 0.478974 11.470797 2294.159301
 12.050000 1.719341 1.854094 0.134753 0.244197 225.035851 1.733333 -3.118475 1000.000000 1.800000 0.254627 100.000000 -2.863848 -400586.453464 1.530824 0.079889 15.977833 0.402865 8.115014 1623.002833
 12.100000 1.714166 1.833420 0.119254 0.239538 378.556445 1.733333 -3.118475 1000.000000 1.800000 0.254627 100.000000 -2.863848 -400584.370098 1.468462 0.523618 104.723688 0.399832 7.993271 1598.654299
 12.150000 1.636866 1.878748 0.241883 4.963050 9367.982651 1.733333 -3.118475 1000.000000 1.800000 0.254627 100.000000 -2.863848 -400587.029661 1.548005 0.025972 5.194324 0.414080 8.573130 1714.626075
 12.200000 1.746285 1.882143 0.135858 0.421242 235.216052 1.733333 -3.118475 1000.000000 1.800000 0.254627 100.000000 -2.863848 -400583.351557 1.519237 0.132918 26.583673 0.419674 8.806297 1761.259452
 12.250000 1.690733 1.959270 0.268537 2.175728 2068.436959 1.733333 -3.118475 1000.000000 1.800000 0.254627 100.000000 -2.863848 -400582.793594 1.505588 0.212607 42.521424 0.423696 8.975927 1795.185394
 12.300000 1.720875 1.819997 0.099122 0.097600 159.209789 1.733333 -3.118475 1000.000000 1.800000 0.254627 100.000000 -2.863848 -400581.571803 1.527974 0.091687 18.337374 0.420361 8.835170 1767.034091
 12.350000 1.731196 1.827511 0.096315 0.040128 12.137009 1.733333 -3.118475 1000.000000 1.800000 0.254627 100.000000 -2.863848 -400582.551632 1.433107 0.947912 189.582349 0.393449 7.740102 1548.020362
 12.400000 1.687096 1.783161 0.096065 1.083110 2140.700450 1.733333 -3.118475 1000.000000 1.800000 0.254627 100.000000 -2.863848 -400582.415353 1.520474 0.126618 25.323609 0.405489 8.221085 1644.217017
 12.450000 1.729341 1.874129 0.144788 0.282726 70.888482 1.733333 -3.118475 1000.000000 1.800000 0.254627 100.000000 -2.863848 -400580.956865 1.480758 0.405342 81.068328 0.392847 7.716433 1543.286606
 12.500000 1.656941 1.914490 0.257549 3.573275 5966.826629 1.733333 -3.118475 1000.000000 1.800000 0.254627 100.000000 -2.863848 -400587.529042 1.572940 0.000230 0.045965 0.424337 9.003097 1800.619387
 12.550000 1.728000 1.939393 0.211393 0.985743 222.747907 1.733333 -3.118475 1000.000000 1.800000 0.254627 100.000000 -2.863848 -400583.219444 1.501400 0.240790 48.158050 0.423409 8.963777 1792.755367
 12.600000 1.693202 1.907646 0.214444 1.384661 1726.431395 1.733333 -3.118475 1000.000000 1.800000 0.254627 100.000000 -2.863848 -400588.073118 1.529233 0.086377 17.275366 0.414981 8.610451 1722.090219
 12.650000 1.691429 1.836090 0.144661 0.943104 1768.981274 1.733333 -3.118475 1000.000000 1.800000 0.254627 100.000000 -2.863848 -400586.946067 1.535446 0.062482 12.496402 0.413294 8.540597 1708.119357
 12.700000 1.752819 1.808454 0.055635 0.193416 380.399809 1.733333 -3.118475 1000.000000 1.800000 0.254627 100.000000 -2.863848 -400584.885195 1.436317 0.904228 180.845550 0.404744 8.190868 1638.173662
 12.750000 1.672515 1.833855 0.161340 1.906745 3710.336502 1.733333 -3.118475 1000.000000 1.800000 0.254627 100.000000 -2.863848 -400586.821779 1.528884 0.087831 17.566131 0.404105 8.165055 1633.011055
 12.800000 1.722479 1.853353 0.130874 0.201236 146.283151 1.733333 -3.118475 1000.000000 1.800000 0.254627 100.000000 -2.863848 -400585.822493 1.478671 0.424352 84.870450 0.419853 8.813835 1762.766907
 12.850000 1.663279 1.929967 0.266688 3.298363 5076.497784 1.733333 -3.118475 1000.000000 1.800000 0.254627 100.000000 -2.863848 -400586.613892 1.563577 0.002606 0.521147 0.398040 7.921800 1584.360044
 12.900000 1.709667 1.905228 0.195561 0.833690 670.818806 1.733333 -3.118475 1000.000000 1.800000 0.254627 100.000000 -2.863848 -400589.293206 1.509052 0.190616 38.123277 0.441877 9.762782 1952.556303
 12.950000 1.747707 1.895708 0.148001 0.561309 298.213938 1.733333 -3.118475 1000.000000 1.800000 0.254627 100.000000 -2.863848 -400583.104379 1.530944 0.079410 15.882089 0.408127 8.328401 1665.680176
 13.000000 1.691847 1.899748 0.207900 1.358029 1820.594260 1.733333 -3.118475 1000.000000 1.800000 0.254627 100.000000 -2.863848 -400582.640792 1.498964 0.257994 51.598784 0.439248 9.646952 1929.390357
 13.050000 1.752566 1.781212 0.028646 0.202598 373.426215 1.733333 -3.118475 1000.000000 1.800000 0.254627 100.000000 -2.863848 -400583.535688 1.501561 0.239679 47.935753 0.397143 7.886113 1577.222625
 13.100000 1.695664 1.815157 0.119493 0.720964 1421.250782 1.733333 -3.118475 1000.000000 1.800000 0.254627 100.000000 -2.863848 -400583.563678 1.451089 0.716495 143.298932 0.385756 7.440373 1488.074671
 13.150000 1.702838 1.841018 0.138180 0.549106 946.790037 1.733333 -3.118475 1000.000000 1.800000 0.254627 100.000000 -2.863848 -400585.615757 1.483545 0.380640 76.128087 0.404613 8.185585 1637.117014
 13.200000 1.738391 1.927961 0.189570 0.831495 189.322202 1.733333 -3.118475 1000.000000 1.800000 0.254627 100.000000 -2.863848 -400582.258747 1.596591 0.033267 6.653473 0.440297 9.693074 1938.614700
 13.250000 1.633579 2.003241 0.369662 7.040819 10364.006719 1.733333 -3.118475 1000.000000 1.800000 0.254627 100.000000 -2.863848 -400587.382181 1.502785 0.231275 46.254902 0.389265 7.576369 1515.273885
 13.300000 1.711083 1.916645 0.205562 0.927838 631.131819 1.733333 -3.118475 1000.000000 1.800000 0.254627 100.000000 -2.863848 -400585.311139 1.612954 0.088862 17.772328 0.450477 10.146492 2029.298447
 13.350000 1.680696 1.913933 0.233237 2.034383 2900.491082 1.733333 -3.118475 1000.000000 1.800000 0.254627 100.000000 -2.863848 -400585.945045 1.488526 0.338416 67.683283 0.392003 7.683312 1536.662460
 13.400000 1.687023 1.823592 0.136569 1.100149 2150.205586 1.733333 -3.118475 1000.000000 1.800000 0.254627 100.000000 -2.863848 -400581.934107 1.540005 0.047404 9.480791 0.396962 7.878957 1575.791384
 13.450000 1.688162 1.840473 0.152310 1.102111 2056.800498 1.733333 -3.118475 1000.000000 1.800000 0.254627 100.000000 -2.863848 -400587.005456 1.476703 0.442674 88.534817 0.409967 8.403645 1680.728949
 13.500000 1.738679 1.828744 0.090065 0.055598 36.836302 1.733333 -3.118475 1000.000000 1.800000 0.254627 100.000000 -2.863848 -400583.837648 1.490626 0.321367 64.273396 0.408834 8.357269 1671.453805
 13.550000 1.699892 1.890822 0.190930 0.971591 1200.803466 1.733333 -3.118475 1000.000000 1.800000 0.254627 100.000000 -2.863848 -400584.138269 1.511676 0.174762 34.952401 0.416282 8.664523 1732.904543
 13.600000 1.721141 1.917424 0.196283 0.763750 286.541829 1.733333 -3.118475 1000.000000 1.800000 0.254627 100.000000 -2.863848 -400584.109962 1.510708 0.180530 36.105900 0.420941 8.859547 1771.909464
 13.650000 1.756619 1.882884 0.126266 0.614595 610.905234 1.733333 -3.118475 1000.000000 1.800000 0.254627 100.000000 -2.863848 -400584.415453 1.522498 0.116638 23.327504 0.431621 9.314824 1862.964897
 13.700000 1.678159 1.874222 0.196064 1.797555 3099.301351 1.733333 -3.118475 1000.000000 1.800000 0.254627 100.000000 -2.863848 -400587.238119 1.482231 0.392190 78.437946 0.405050 8.203261 1640.652227
 13.750000 1.721417 1.842082 0.120665 0.159547 159.711679 1.733333 -3.118475 1000.000000 1.800000 0.254627 100.000000 -2.863848 -400586.890847 1.521189 0.123047 24.609328 0.402888 8.115922 1623.184390
 13.800000 1.703496 1.828864 0.125368 0.486798 898.614217 1.733333 -3.118475 1000.000000 1.800000 0.254627 100.000000 -2.863848 -400584.261731 1.475344 0.455562 91.112362 0.418883 8.773153 1754.630608
 13.850000 1.671372 1.884237 0.212864 2.274374 3910.126400 1.733333 -3.118475 1000.000000 1.800000 0.254627 100.000000 -2.863848 -400581.437272 1.546793 0.028809 5.761809 0.368126 6.775844 1355.168878
 13.900000 1.680561 1.867942 0.187382 1.623278 2831.100794 1.733333 -3.118475 1000.000000 1.800000 0.254627 100.000000 -2.863848 -400582.833538 1.493111 0.301751 60.350138 0.415210 8.619984 1723.996875
 13.950000 1.692169 1.929169 0.237000 1.681490 1861.355010 1.733333 -3.118475 1000.000000 1.800000 0.254627 100.000000 -2.863848 -400584.077106 1.572648 0.000171 0.034294 0.429224 9.211644 1842.328836
 14.000000 1.706353 1.914216 0.207863 1.016234 858.394299 1.733333 -3.118475 1000.000000 1.800000 0.254627 100.000000 -2.863848 -400583.632121 1.490533 0.322113 64.422691 0.390226 7.613830 1522.765942
 14.050000 1.716318 1.864990 0.148673 0.355950 331.761769 1.733333 -3.118475 1000.000000 1.800000 0.254627 100.000000 -2.863848 -400587.097272 1.518171 0.138473 27.694603 0.450775 10.159910 2031.981976
 14.100000 1.681018 1.847213 0.166195 1.479920 2759.226587 1.733333 -3.118475 1000.000000 1.800000 0.254627 100.000000 -2.863848 -400585.337885 1.512680 0.168873 33.774563 0.383188 7.341638 1468.327583
 14.150000 1.776208 1.822973 0.046765 0.945509 1843.520279 1.733333 -3.118475 1000.000000 1.800000 0.254627 100.000000 -2.863848 -400580.451031 1.436397 0.903160 180.631988 0.402997 8.120337 1624.067420
 14.200000 1.658205 1.825254 0.167049 2.854028 5650.658642 1.733333 -3.118475 1000.000000 1.800000 0.254627 100.000000 -2.863848 -400588.304582 1.531224 0.078300 15.659962 0.424165 8.995799 1799.159797
 14.250000 1.696842 1.853543 0.156701 0.809152 1360.284484 1.733333 -3.118475 1000.000000 1.800000 0.254627 100.000000 -2.863848 -400583.768916 1.471621 0.491783 98.356662 0.373047 6.958195 1391.639076
 14.300000 1.729134 1.894456 0.165322 0.454915 106.856875 1.733333 -3.118475 1000.000000 1.800000 0.254627 100.000000 -2.863848 -400581.370946 1.548731 0.024343 4.868661 0.442273 9.780286 1956.057225
 14.350000 1.698114 1.904604 0.206489 1.167283 1349.796098 1.733333 -3.118475 1000.000000 1.800000 0.254627 100.000000 -2.863848 -400585.276680 1.504081 0.222549 44.509715 0.424292 9.001194 1800.238726
 14.400000 1.727441 1.901232 0.173791 0.529754 137.193266 1.733333 -3.118475 1000.000000 1.800000 0.254627 100.000000 -2.863848 -400584.475581 1.504068 0.222635 44.526947 0.400733 8.029365 1605.872996
 14.450000 1.667259 1.847773 0.180513 2.297001 4388.600771 1.733333 -3.118475 1000.000000 1.800000 0.254627 100.000000 -2.863848 -400587.109896 1.523499 0.111850 22.369924 0.421349 8.876759 1775.351775
 14.500000 1.731704 1.836232 0.104528 0.066964 15.781917 1.733333 -3.118475 1000.000000 1.800000 0.254627 100.000000 -2.863848 -400579.448151 1.480736 0.405540 81.107993 0.394698 7.789316 1557.863224
 14.550000 1.676057 1.822975 0.146918 1.666684 3285.859492 1.733333 -3.118475 1000.000000 1.800000 0.254627 100.000000 -2.863848 -400582.233410 1.507049 0.203186 40.637167 0.386306 7.461604 1492.320819
 14.600000 1.664902 1.879485 0.214583 2.657303 4746.000584 1.733333 -3.118475 1000.000000 1.800000 0.254627 100.000000 -2.863848 -400586.540446 1.504923 0.216965 43.393045 0.429623 9.228810 1845.762030
 14.650000 1.749312 1.898990 0.149678 0.617607 353.309263 1.733333 -3.118475 1000.000000 1.800000 0.254627 100.000000 -2.863848 -400581.535493 1.532516 0.073270 14.653917 0.412350 8.501643 1700.328547
 14.700000 1.732891 1.912607 0.179716 0.634112 126.998404 1.733333 -3.118475 1000.000000 1.800000 0.254627 100.000000 -2.863848 -400584.337662 1.502416 0.233796 46.759111 0.442383 9.785119 1957.023737
 14.750000 1.676967 1.925545 0.248578 2.376640 3334.732675 1.733333 -3.118475 1000.000000 1.800000 0.254627 100.000000 -2.863848 -400586.785925 1.533206 0.070651 14.130181 0.417403 8.711258 1742.251653
 14.800000 1.702718 1.873961 0.171243 0.742159 991.992434 1.733333 -3.118475 1000.000000 1.800000 0.254627 100.000000 -2.863848 -400581.494960 1.524729 0.106112 21.222323 0.373525 6.976053 1395.210580
 14.850000 1.658607 1.823174 0.164567 2.818896 5589.461034 1.733333 -3.118475 1000.000000 1.800000 0.254627 100.000000 -2.863848 -400587.461315 1.499145 0.256698 51.339555 0.409528 8.385678 1677.135613
 14.900000 1.700435 1.822742 0.122306 0.567000 1087.454557 1.733333 -3.118475 1000.000000 1.800000 0.254627 100.000000 -2.863848 -400586.405590 1.514091 0.160777 32.155485 0.387851 7.521404 1504.280854
 14.950000 1.707013 1.852277 0.145264 0.483016 720.071686 1.733333 -3.118475 1000.000000 1.800000 0.254627 100.000000 -2.863848 -400585.735424 1.475752 0.451671 90.334168 0.414129 8.575153 1715.030595
 15.000000 1.732500 1.903063 0.170564 0.531450 106.915497 1.733333 -3.118475 1000.000000 1.800000 0.254627 100.000000 -2.863848 -400588.326773 1.511849 0.173737 34.747425 0.435219 9.470791 1894.158101
 15.050000 1.768400 1.931619 0.163220 1.481005 1402.885450 1.733333 -3.118475 1000.000000 1.800000 0.254627 100.000000 -2.863848 -400583.224410 1.492187 0.308972 61.794344 0.423881 8.983746 1796.749204
 15.100000 1.665364 1.904475 0.239111 2.855645 4728.939715 1.733333 -3.118475 1000.000000 1.800000 0.254627 100.000000 -2.863848 -400585.079600 1.565380 0.001467 0.293349 0.414691 8.598437 1719.687480
 15.150000 1.668395 1.844204 0.175809 2.206179 4236.497742 1.733333 -3.118475 1000.000000 1.800000 0.254627 100.000000 -2.863848 -400586.096832 1.473662 0.471757 94.351394 0.374809 7.024090 1404.817965
 15.200000 1.700940 1.773864 0.072924 0.558814 1056.150872 1.733333 -3.118475 1000.000000 1.800000 0.254627 100.000000 -2.863848 -400583.260411 1.510467 0.181981 36.396191 0.385884 7.445310 1489.062092
 15.250000 1.655464 1.863909 0.208445 3.236032 6104.466813 1.733333 -3.118475 1000.000000 1.800000 0.254627 100.000000 -2.863848 -400584.983741 1.507553 0.199987 39.997401 0.404960 8.199643 1639.928581
 15.300000 1.754461 1.914608 0.160147 0.879946 577.737420 1.733333 -3.118475 1000.000000 1.800000 0.254627 100.000000 -2.863848 -400582.914778 1.513930 0.161689 32.337748 0.411804 8.479108 1695.821661
 15.350000 1.732739 1.970792 0.238053 1.458665 292.050909 1.733333 -3.118475 1000.000000 1.800000 0.254627 100.000000 -2.863848 -400582.412855 1.538125 0.053371 10.674210 0.451697 10.201490 2040.297993
 15.400000 1.734234 1.942744 0.208510 1.019195 204.568405 1.733333 -3.118475 1000.000000 1.800000 0.254627 100.000000 -2.863848 -400587.290640 1.535712 0.061547 12.309399 0.426245 9.084260 1816.852004
 15.450000 1.715403 1.858913 0.143510 0.334283 356.193641 1.733333 -3.118475 1000.000000 1.800000 0.254627 100.000000 -2.863848 -400587.179008 1.474977 0.459063 91.812585 0.398286 7.931600 1586.320042
 15.500000 1.643557 1.799494 0.155937 4.029874 8059.725395 1.733333 -3.118475 1000.000000 1.800000 0.254627 100.000000 -2.863848 -400587.105680 1.534815 0.064732 12.946403 0.395293 7.812809 1562.561873
 15.550000 1.687006 1.835883 0.148877 1.137493 2159.102109 1.733333 -3.118475 1000.000000 1.800000 0.254627 100.000000 -2.863848 -400584.606541 1.478238 0.428356 85.671125 0.366766 6.725854 1345.170742
 15.600000 1.671553 1.893335 0.221782 2.343975 3903.927141 1.733333 -3.118475 1000.000000 1.800000 0.254627 100.000000 -2.863848 -400586.960761 1.531739 0.076274 15.254745 0.403285 8.131948 1626.389607
 15.650000 1.741397 1.895592 0.154195 0.489401 156.402259 1.733333 -3.118475 1000.000000 1.800000 0.254627 100.000000 -2.863848 -400587.448958 1.514461 0.158684 31.736868 0.446320 9.960080 1992.016072
 15.700000 1.739533 1.943774 0.204241 1.052762 245.141913 1.733333 -3.118475 1000.000000 1.800000 0.254627 100.000000 -2.863848 -400586.034049 1.516992 0.144743 28.948565 0.422245 8.914537 1782.907474
 15.750000 1.718403 1.900512 0.182108 0.616583 323.933007 1.733333 -3.118475 1000.000000 1.800000 0.254627 100.000000 -2.863848 -400588.158807 1.517510 0.141970 28.394032 0.432107 9.335833 1867.166681
 15.800000 1.708747 1.833836 0.125089 0.359480 615.919954 1.733333 -3.118475 1000.000000 1.800000 0.254627 100.000000 -2.863848 -400586.737585 1.497199 0.270825 54.164959 0.407843 8.316814 1663.362796
 15.850000 1.668482 1.832643 0.164161 2.156125 4216.348397 1.733333 -3.118475 1000.000000 1.800000 0.254627 100.000000 -2.863848 -400589.183443 1.514073 0.160878 32.175604 0.397709 7.908620 1581.723905
 15.900000 1.673498 1.850931 0.177434 1.919860 3606.261131 1.733333 -3.118475 1000.000000 1.800000 0.254627 100.000000 -2.863848 -400585.714982 1.500598 0.246392 49.278452 0.383660 7.359754 1471.950791
 15.950000 1.703607 1.881486 0.177879 0.773832 950.064670 1.733333 -3.118475 1000.000000 1.800000 0.254627 100.000000 -2.863848 -400587.954648 1.542787 0.039226 7.845127 0.422970 8.945171 1789.034200
 16.000000 1.713415 1.911372 0.197957 0.818548 520.760477 1.733333 -3.118475 1000.000000 1.800000 0.254627 100.000000 -2.863848 -400584.637499 1.492092 0.309717 61.943440 0.416605 8.677982 1735.596450
 16.050000 1.770146 1.918966 0.148819 1.385242 1496.728462 1.733333 -3.118475 1000.000000 1.800000 0.254627 100.000000 -2.863848 -400584.928083 1.520547 0.126251 25.250232 0.438325 9.606461 1921.292274
 16.100000 1.741285 1.889279 0.147993 0.430152 142.943659 1.733333 -3.118475 1000.000000 1.800000 0.254627 100.000000 -2.863848 -400584.486333 1.487443 0.347390 69.477999 0.418699 8.765460 1753.091987
 16.150000 1.698468 1.806175 0.107707 0.609692 1215.952625 1.733333 -3.118475 1000.000000 1.800000 0.254627 100.000000 -2.863848 -400585.684731 1.505933 0.210362 42.072387 0.397498 7.900247 1580.049489
 16.200000 1.685847 1.830615 0.144768 1.174340 2264.321810 1.733333 -3.118475 1000.000000 1.800000 0.254627 100.000000 -2.863848 -400583.624077 1.480110 0.411202 82.240479 0.375146 7.036715 1407.343029
 16.250000 1.659814 1.864286 0.204472 2.909162 5446.382238 1.733333 -3.118475 1000.000000 1.800000 0.254627 100.000000 -2.863848 -400588.975156 1.547780 0.026488 5.297532 0.418912 8.774369 1754.873761
 16.300000 1.668540 1.984388 0.315848 3.799053 4538.192596 1.733333 -3.118475 1000.000000 1.800000 0.254627 100.000000 -2.863848 -400585.496459 1.528351 0.090081 18.016168 0.386527 7.470140 1494.027980
 16.350000 1.735763 1.919004 0.183241 0.711055 147.526046 1.733333 -3.118475 1000.000000 1.800000 0.254627 100.000000 -2.863848 -400587.574140 1.533459 0.069704 13.940704 0.446440 9.965442 1993.088451
 16.400000 1.684607 1.917209 0.232602 1.874035 2511.649638 1.733333 -3.118475 1000.000000 1.800000 0.254627 100.000000 -2.863848 -400586.902679 1.552666 0.016435 3.286988 0.421061 8.864629 1772.925836
 16.450000 1.720662 1.842194 0.121532 0.169299 178.364308 1.733333 -3.118475 1000.000000 1.800000 0.254627 100.000000 -2.863848 -400587.565250 1.476676 0.442936 88.587265 0.408381 8.338764 1667.752834
 16.500000 1.756416 1.800205 0.043789 0.266402 532.800951 1.733333 -3.118475 1000.000000 1.800000 0.254627 100.000000 -2.863848 -400585.981579 1.479782 0.414178 82.835605 0.426989 9.115983 1823.196686
 16.550000 1.686040 1.826463 0.140423 1.153343 2243.659422 1.733333 -3.118475 1000.000000 1.800000 0.254627 100.000000 -2.863848 -400584.768125 1.493687 0.297293 59.458529 0.397115 7.885000 1577.000025
 16.600000 1.718004 1.859737 0.141733 0.295925 270.684855 1.733333 -3.118475 1000.000000 1.800000 0.254627 100.000000 -2.863848 -400585.280490 1.505193 0.215192 43.038388 0.399751 7.990051 1598.010173
 16.650000 1.657867 1.915238 0.257370 3.511542 5827.907834 1.733333 -3.118475 1000.000000 1.800000 0.254627 100.000000 -2.863848 -400586.818333 1.513200 0.165869 33.173801 0.409511 8.384980 1676.996079
 16.700000 1.687576 1.938826 0.251250 2.010485 2286.434527 1.733333 -3.118475 1000.000000 1.800000 0.254627 100.000000 -2.863848 -400586.665397 1.591737 0.021925 4.384940 0.398443 7.937854 1587.570733
 16.750000 1.725202 1.877871 0.152668 0.336248 126.749905 1.733333 -3.118475 1000.000000 1.800000 0.254627 100.000000 -2.863848 -400587.132337 1.477100 0.438952 87.790316 0.438735 9.624440 1924.887956
 16.800000 1.707255 1.893158 0.185903 0.773970 766.881379 1.733333 -3.118475 1000.000000 1.800000 0.254627 100.000000 -2.863848 -400583.785021 1.531728 0.076318 15.263562 0.394699 7.789371 1557.874119
 16.850000 1.756898 1.794484 0.037587 0.279163 555.587336 1.733333 -3.118475 1000.000000 1.800000 0.254627 100.000000 -2.863848 -400583.798208 1.478058 0.430021 86.004244 0.440936 9.721222 1944.244470
 16.900000 1.713027 1.830575 0.117548 0.252908 421.679448 1.733333 -3.118475 1000.000000 1.800000 0.254627 100.000000 -2.863848 -400583.125046 1.475011 0.458738 91.747646 0.404989 8.200813 1640.162592
 16.950000 1.701363 1.850256 0.148893 0.637341 1047.376535 1.733333 -3.118475 1000.000000 1.800000 0.254627 100.000000 -2.863848 -400581.524312 1.514832 0.156601 31.320276 0.375979 7.067996 1413.599246
 17.000000 1.722218 1.887180 0.164961 0.441786 199.547345 1.733333 -3.118475 1000.000000 1.800000 0.254627 100.000000 -2.863848 -400587.546482 1.521788 0.120089 24.017816 0.448342 10.050522 2010.104426
 17.050000 1.667801 1.910237 0.242436 2.754841 4415.987370 1.733333 -3.118475 1000.000000 1.800000 0.254627 100.000000 -2.863848 -400586.270146 1.514414 0.158950 31.790096 0.397853 7.914332 1582.866352
 17.100000 1.737180 1.905433 0.168254 0.563205 125.954769 1.733333 -3.118475 1000.000000 1.800000 0.254627 100.000000 -2.863848 -400583.017349 1.507665 0.199276 39.855233 0.429749 9.234190 1846.838096
 17.150000 1.694732 1.850935 0.156203 0.874753 1516.017024 1.733333 -3.118475 1000.000000 1.800000 0.254627 100.000000 -2.863848 -400588.275743 1.547424 0.027313 5.462593 0.430717 9.275847 1855.169439
 17.200000 1.698711 1.878541 0.179830 0.907795 1260.410853 1.733333 -3.118475 1000.000000 1.800000 0.254627 100.000000 -2.863848 -400580.903357 1.424094 1.076072 215.214413 0.370533 6.864747 1372.949402
 17.250000 1.745514 1.778046 0.032532 0.098281 153.184559 1.733333 -3.118475 1000.000000 1.800000 0.254627 100.000000 -2.863848 -400580.456721 1.552762 0.016263 3.252514 0.441683 9.754183 1950.836576
 17.300000 1.676322 1.888957 0.212635 2.020808 3329.421055 1.733333 -3.118475 1000.000000 1.800000 0.254627 100.000000 -2.863848 -400580.087847 1.460178 0.611816 122.363268 0.399216 7.968663 1593.732643
 17.350000 1.733981 1.868845 0.134864 0.237194 47.816682 1.733333 -3.118475 1000.000000 1.800000 0.254627 100.000000 -2.863848 -400585.439063 1.528114 0.091090 18.218053 0.408086 8.326723 1665.344657
 17.400000 1.673298 1.900545 0.227247 2.307600 3705.361835 1.733333 -3.118475 1000.000000 1.800000 0.254627 100.000000 -2.863848 -400587.858397 1.505934 0.210355 42.071089 0.437965 9.590672 1918.134360
 17.450000 1.725992 1.925404 0.199411 0.813250 211.152654 1.733333 -3.118475 1000.000000 1.800000 0.254627 100.000000 -2.863848 -400581.604224 1.522157 0.118288 23.657590 0.376398 7.083779 1416.755771
 17.500000 1.700915 1.822434 0.121519 0.550642 1055.987865 1.733333 -3.118475 1000.000000 1.800000 0.254627 100.000000 -2.863848 -400586.578605 1.511223 0.177449 35.489893 0.427435 9.135035 1827.006936
 17.550000 1.682812 1.889463 0.206651 1.676385 2632.445924 1.733333 -3.118475 1000.000000 1.800000 0.254627 100.000000 -2.863848 -400586.217591 1.477831 0.432128 86.425584 0.402257 8.090528 1618.105681
 17.600000 1.719624 1.825170 0.105547 0.125656 194.292568 1.733333 -3.118475 1000.000000 1.800000 0.254627 100.000000 -2.863848 -400583.925566 1.536574 0.058560 11.712002 0.392800 7.714595 1542.919067
 17.650000 1.667543 1.899508 0.231965 2.659253 4427.335715 1.733333 -3.118475 1000.000000 1.800000 0.254627 100.000000 -2.863848 -400588.185714 1.496367 0.276984 55.396812 0.437288 9.561056 1912.211124
 17.700000 1.707412 1.927533 0.220120 1.149177 834.544679 1.733333 -3.118475 1000.000000 1.800000 0.254627 100.000000 -2.863848 -400582.797516 1.550249 0.021110 4.222069 0.379334 7.194711 1438.942184
 17.750000 1.716981 1.908415 0.191434 0.721393 384.950195 1.733333 -3.118475 1000.000000 1.800000 0.254627 100.000000 -2.863848 -400581.917434 1.547804 0.026433 5.286685 0.450034 10.126548 2025.309517
 17.800000 1.657029 1.892934 0.235904 3.342988 5908.674269 1.733333 -3.118475 1000.000000 1.800000 0.254627 100.000000 -2.863848 -400584.795856 1.504003 0.223065 44.612947 0.385746 7.440016 1488.003288
 17.850000 1.746614 1.835453 0.088839 0.151036 188.946931 1.733333 -3.118475 1000.000000 1.800000 0.254627 100.000000 -2.863848 -400580.765925 1.503352 0.227434 45.486794 0.380345 7.233101 1446.620227
 17.900000 1.710773 1.801472 0.090699 0.254600 509.004943 1.733333 -3.118475 1000.000000 1.800000 0.254627 100.000000 -2.863848 -400585.092703 1.468819 0.519971 103.994300 0.454707 10.337914 2067.582706
 17.950000 1.735377 1.837340 0.101963 0.071804 18.119575 1.733333 -3.118475 1000.000000 1.800000 0.254627 100.000000 -2.863848 -400580.385518 1.495736 0.281705 56.341068 0.364519 6.643719 1328.743748
 18.000000 1.714944 1.862505 0.147561 0.364433 377.245683 1.733333 -3.118475 1000.000000 1.800000 0.254627 100.000000 -2.863848 -400586.675161 1.492215 0.308755 61.750901 0.424406 9.006010 1801.201977
 18.050000 1.662683 1.902667 0.239984 3.022748 5096.842949 1.733333 -3.118475 1000.000000 1.800000 0.254627 100.000000 -2.863848 -400587.285825 1.555107 0.012308 2.461670 0.437406 9.566189 1913.237890
 18.100000 1.701025 1.948422 0.247398 1.623386 1264.147968 1.733333 -3.118475 1000.000000 1.800000 0.254627 100.000000 -2.863848 -400583.655120 1.515707 0.151744 30.348869 0.365059 6.663422 1332.684321
 18.150000 1.686260 1.846668 0.160408 1.216852 2237.693137 1.733333 -3.118475 1000.000000 1.800000 0.254627 100.000000 -2.863848 -400585.820776 1.523418 0.112235 22.446963 0.445164 9.908567 1981.713392
 18.200000 1.703295 1.861575 0.158281 0.640733 940.226802 1.733333 -3.118475 1000.000000 1.800000 0.254627 100.000000 -2.863848 -400582.096651 1.498388 0.262150 52.430025 0.380334 7.232681 1446.536151
 18.250000 1.665740 1.835472 0.169732 2.347333 4581.421878 1.733333 -3.118475 1000.000000 1.800000 0.254627 100.000000 -2.863848 -400581.512908 1.500984 0.243685 48.737072 0.374017 6.994445 1398.889073
 18.300000 1.735941 1.883735 0.147794 0.353974 76.914414 1.733333 -3.118475 1000.000000 1.800000 0.254627 100.000000 -2.863848 -400585.706489 1.512674 0.168911 33.782276 0.465360 10.827994 2165.598865
 18.350000 1.680017 1.928003 0.247986 2.240557 3006.476494 1.733333 -3.118475 1000.000000 1.800000 0.254627 100.000000 -2.863848 -400582.136159 1.535057 0.063867 12.773330 0.370967 6.880829 1376.165811
 18.400000 1.708205 1.928375 0.220170 1.139731 796.256850 1.733333 -3.118475 1000.000000 1.800000 0.254627 100.000000 -2.863848 -400586.473183 1.539427 0.049203 9.840571 0.443802 9.847998 1969.599621
 18.450000 1.712922 1.868701 0.155779 0.444297 463.805854 1.733333 -3.118475 1000.000000 1.800000 0.254627 100.000000 -2.863848 -400586.703286 1.505514 0.213092 42.618416 0.413306 8.541080 1708.215990
 18.500000 1.693189 1.855433 0.162244 0.959432 1642.307191 1.733333 -3.118475 1000.000000 1.800000 0.254627 100.000000 -2.863848 -400586.661333 1.524933 0.105171 21.034125 0.380785 7.249859 1449.971767
 18.550000 1.713830 1.811583 0.097754 0.196905 381.734387 1.733333 -3.118475 1000.000000 1.800000 0.254627 100.000000 -2.863848 -400588.267985 1.455831 0.660847 132.169406 0.442205 9.777283 1955.456678
 18.600000 1.735752 1.824318 0.088565 0.032494 11.765834 1.733333 -3.118475 1000.000000 1.800000 0.254627 100.000000 -2.863848 -400584.798816 1.519837 0.129843 25.968670 0.384968 7.410000 1482.000066
 18.650000 1.702036 1.907367 0.205331 1.066149 1094.804484 1.733333 -3.118475 1000.000000 1.800000 0.254627 100.000000 -2.863848 -400583.379635 1.495096 0.286529 57.305841 0.430729 9.276386 1855.277157
 18.700000 1.716823 1.859222 0.142399 0.311654 307.654625 1.733333 -3.118475 1000.000000 1.800000 0.254627 100.000000 -2.863848 -400586.628751 1.513807 0.162389 32.477758 0.415444 8.629696 1725.939195
 18.750000 1.703006 1.898618 0.195612 0.946154 1017.009399 1.733333 -3.118475 1000.000000 1.800000 0.254627 100.000000 -2.863848 -400584.569488 1.529793 0.084064 16.812893 0.414915 8.607733 1721.546669
 18.800000 1.656952 1.887941 0.230988 3.303715 5911.410789 1.733333 -3.118475 1000.000000 1.800000 0.254627 100.000000 -2.863848 -400586.425681 1.530262 0.082150 16.430001 0.406308 8.254301 1650.860108
 18.850000 1.725386 1.846804 0.121418 0.141112 85.072564 1.733333 -3.118475 1000.000000 1.800000 0.254627 100.000000 -2.863848 -400583.291330 1.497082 0.271691 54.338177 0.402976 8.119468 1623.893541
 18.900000 1.652818 1.840209 0.187391 3.322187 6498.867332 1.733333 -3.118475 1000.000000 1.800000 0.254627 100.000000 -2.863848 -400587.362900 1.513306 0.165260 33.051948 0.391002 7.644111 1528.822240
 18.950000 1.735823 1.820293 0.084470 0.023688 10.314507 1.733333 -3.118475 1000.000000 1.800000 0.254627 100.000000 -2.863848 -400585.389888 1.494199 0.293360 58.672005 0.437319 9.562397 1912.479358
 19.000000 1.717814 1.959801 0.241987 1.397244 496.215500 1.733333 -3.118475 1000.000000 1.800000 0.254627 100.000000 -2.863848 -400585.968877 1.497725 0.266969 53.393823 0.406866 8.276983 1655.396651
 19.050000 1.706652 1.882452 0.175800 0.695861 779.870198 1.733333 -3.118475 1000.000000 1.800000 0.254627 100.000000 -2.863848 -400588.646449 1.558921 0.007051 1.410178 0.448659 10.064749 2012.949767
 19.100000 1.714476 1.913682 0.199206 0.823984 484.847672 1.733333 -3.118475 1000.000000 1.800000 0.254627 100.000000 -2.863848 -400585.866856 1.493617 0.297834 59.566865 0.405357 8.215708 1643.141634
 19.150000 1.645163 1.863013 0.217851 4.085547 7813.730948 1.733333 -3.118475 1000.000000 1.800000 0.254627 100.000000 -2.863848 -400586.892279 1.521680 0.120619 24.123898 0.391881 7.678529 1535.705860
 19.200000 1.696766 1.840232 0.143466 0.749525 1353.376090 1.733333 -3.118475 1000.000000 1.800000 0.254627 100.000000 -2.863848 -400584.493553 1.541953 0.041596 8.319144 0.430777 9.278458 1855.691584
 19.250000 1.686646 1.847423 0.160777 1.202314 2202.227170 1.733333 -3.118475 1000.000000 1.800000 0.254627 100.000000 -2.863848 -400583.719859 1.461614 0.596039 119.207770 0.375908 7.065352 1413.070478
 19.300000 1.744904 1.864308 0.119404 0.273710 175.225651 1.733333 -3.118475 1000.000000 1.800000 0.254627 100.000000 -2.863848 -400583.659578 1.546386 0.029792 5.958437 0.449374 10.096839 2019.367847
 19.350000 1.738591 1.892942 0.154352 0.445734 114.022624 1.733333 -3.118475 1000.000000 1.800000 0.254627 100.000000 -2.863848 -400586.189230 1.483054 0.384939 76.987785 0.432823 9.366789 1873.357847
 19.400000 1.743722 1.911319 0.167597 0.673551 231.837766 1.733333 -3.118475 1000.000000 1.800000 0.254627 100.000000 -2.863848 -400584.063823 1.501589 0.239481 47.896185 0.421376 8.877899 1775.579798
 19.450000 1.719316 1.860504 0.141188 0.281276 233.085881 1.733333 -3.118475 1000.000000 1.800000 0.254627 100.000000 -2.863848 -400586.954343 1.506553 0.206360 41.272000 0.438100 9.596567 1919.313375
 19.500000 1.672484 1.867490 0.195006 2.079083 3748.223814 1.733333 -3.118475 1000.000000 1.800000 0.254627 100.000000 -2.863848 -400586.840749 1.528072 0.091266 18.253275 0.383312 7.346407 1469.281458
 19.550000 1.705606 1.831691 0.126085 0.434624 778.859066 1.733333 -3.118475 1000.000000 1.800000 0.254627 100.000000 -2.863848 -400585.112515 1.496055 0.279316 55.863249 0.424464 9.008468 1801.693596
 19.600000 1.682357 1.840506 0.158149 1.381355 2615.044714 1.733333 -3.118475 1000.000000 1.800000 0.254627 100.000000 -2.863848 -400587.523789 1.506416 0.207244 41.448788 0.393450 7.740140 1548.027902
 19.650000 1.722253 1.884771 0.162518 0.420694 194.642305 1.733333 -3.118475 1000.000000 1.800000 0.254627 100.000000 -2.863848 -400587.066701 1.516391 0.147995 29.599099 0.434013 9.418377 1883.675356
 19.700000 1.725844 1.874817 0.148973 0.307924 112.065400 1.733333 -3.118475 1000.000000 1.800000 0.254627 100.000000 -2.863848 -400586.152174 1.490693 0.320830 64.166041 0.416907 8.690593 1738.118554
 19.750000 1.711849 1.959141 0.247292 1.497078 714.841857 1.733333 -3.118475 1000.000000 1.800000 0.254627 100.000000 -2.863848 -400586.943665 1.552441 0.016847 3.369344 0.434239 9.428182 1885.636386
 19.800000 1.703025 1.897327 0.194302 0.932923 1013.314644 1.733333 -3.118475 1000.000000 1.800000 0.254627 100.000000 -2.863848 -400589.360818 1.538120 0.053386 10.677243 0.429513 9.224063 1844.812596
 19.850000 1.682929 1.844090 0.161162 1.367513 2560.069658 1.733333 -3.118475 1000.000000 1.800000 0.254627 100.000000 -2.863848 -400586.998012 1.472843 0.479741 95.948158 0.389808 7.597506 1519.501289
 19.900000 1.679304 1.822620 0.143316 1.485178 2924.308201 1.733333 -3.118475 1000.000000 1.800000 0.254627 100.000000 -2.863848 -400582.293803 1.560067 0.005756 1.151116 0.404943 8.198931 1639.786249
 19.950000 1.690699 1.829765 0.139066 0.953140 1826.544567 1.733333 -3.118475 1000.000000 1.800000 0.254627 100.000000 -2.863848 -400586.118855 1.455779 0.661450 132.290029 0.406957 8.280717 1656.143395
 20.000000 1.720639 1.937914 0.217274 1.031578 351.335889 1.733333 -3.118475 1000.000000 1.800000 0.254627 100.000000 -2.863848 -400581.967415 1.557856 0.008372 1.674426 0.408437 8.341041 1668.208265
 20.050000 1.718767 1.892594 0.173826 0.534761 297.900956 1.733333 -3.118475 1000.000000 1.800000 0.254627 100.000000 -2.863848 -400585.554696 1.516343 0.148259 29.651748 0.443273 9.824569 1964.913739
 20.100000 1.755752 1.917731 0.161979 0.944322 641.198115 1.733333 -3.118475 1000.000000 1.800000 0.254627 100.000000 -2.863848 -400583.905704 1.515179 0.154664 30.932825 0.416046 8.654702 1730.940360
 20.150000 1.695554 1.870991 0.175437 0.965614 1477.651187 1.733333 -3.118475 1000.000000 1.800000 0.254627 100.000000 -2.863848 -400584.490543 1.485760 0.361561 72.312222 0.414435 8.587826 1717.565296
 20.200000 1.714369 1.845235 0.130867 0.282138 380.113658 1.733333 -3.118475 1000.000000 1.800000 0.254627 100.000000 -2.863848 -400579.443340 1.505311 0.214420 42.883917 0.403684 8.148025 1629.604948
 20.250000 1.682953 1.783834 0.100881 1.282156 2540.791856 1.733333 -3.118475 1000.000000 1.800000 0.254627 100.000000 -2.863848 -400585.425016 1.488277 0.340472 68.094423 0.379925 7.217162 1443.432391
 20.300000 1.700166 1.841831 0.141665 0.637518 1117.550816 1.733333 -3.118475 1000.000000 1.800000 0.254627 100.000000 -2.863848 -400587.353829 1.486190 0.357910 71.582044 0.400909 8.036390 1607.277915
 20.350000 1.715271 1.898423 0.183152 0.647475 423.114735 1.733333 -3.118475 1000.000000 1.800000 0.254627 100.000000 -2.863848 -400587.158644 1.557138 0.009328 1.865613 0.431574 9.312806 1862.561272
 20.400000 1.705158 1.965504 0.260345 1.766493 1067.756334 1.733333 -3.118475 1000.000000 1.800000 0.254627 100.000000 -2.863848 -400589.045897 1.507109 0.202801 40.560201 0.419162 8.784848 1756.969639
 20.450000 1.738450 1.881739 0.143289 0.347160 92.998574 1.733333 -3.118475 1000.000000 1.800000 0.254627 100.000000 -2.863848 -400587.115702 1.522203 0.118066 23.613211 0.433407 9.392079 1878.415711
 20.500000 1.702089 1.859445 0.157356 0.664780 1011.526108 1.733333 -3.118475 1000.000000 1.800000 0.254627 100.000000 -2.863848 -400586.781355 1.498952 0.258077 51.615482 0.403979 8.159953 1631.990671
 20.550000 1.719275 1.821555 0.102279 0.122044 202.274302 1.733333 -3.118475 1000.000000 1.800000 0.254627 100.000000 -2.863848 -400585.258143 1.483570 0.380420 76.084077 0.432215 9.340494 1868.098740
 20.600000 1.710023 1.831759 0.121736 0.322115 553.455009 1.733333 -3.118475 1000.000000 1.800000 0.254627 100.000000 -2.863848 -400585.689089 1.485144 0.366816 73.363117 0.391569 7.666316 1533.263224
 20.650000 1.671400 1.883842 0.212442 2.269316 3905.977302 1.733333 -3.118475 1000.000000 1.800000 0.254627 100.000000 -2.863848 -400585.681297 1.539300 0.049601 9.920166 0.430525 9.267579 1853.515772
 20.700000 1.710165 1.920015 0.209851 0.988579 680.831154 1.733333 -3.118475 1000.000000 1.800000 0.254627 100.000000 -2.863848 -400584.969426 1.517290 0.143148 28.629546 0.409357 8.378672 1675.734339
 20.750000 1.683327 1.933035 0.249709 2.135258 2677.664583 1.733333 -3.118475 1000.000000 1.800000 0.254627 100.000000 -2.863848 -400588.647145 1.530077 0.082905 16.580965 0.422362 8.919502 1783.900478
 20.800000 1.709594 1.865989 0.156396 0.499518 607.122139 1.733333 -3.118475 1000.000000 1.800000 0.254627 100.000000 -2.863848 -400585.421913 1.551834 0.017979 3.595831 0.423375 8.962334 1792.466707
 20.850000 1.714580 1.825945 0.111365 0.209495 358.406713 1.733333 -3.118475 1000.000000 1.800000 0.254627 100.000000 -2.863848 -400584.483985 1.436262 0.904975 180.995046 0.381673 7.283699 1456.739745
 20.900000 1.671494 1.813926 0.142432 1.921718 3825.982338 1.733333 -3.118475 1000.000000 1.800000 0.254627 100.000000 -2.863848 -400583.916786 1.554497 0.013283 2.656540 0.413962 8.568215 1713.642999
 20.950000 1.747173 1.836700 0.089527 0.163118 205.014475 1.733333 -3.118475 1000.000000 1.800000 0.254627 100.000000 -2.863848 -400586.984137 1.443423 0.811196 162.239111 0.417037 8.696007 1739.201359
 21.000000 1.697640 1.923051 0.225411 1.394088 1425.443888 1.733333 -3.118475 1000.000000 1.800000 0.254627 100.000000 -2.863848 -400582.768567 1.555139 0.012258 2.451659 0.407534 8.304216 1660.843222
 21.050000 1.734775 1.891885 0.157110 0.423183 86.507132 1.733333 -3.118475 1000.000000 1.800000 0.254627 100.000000 -2.863848 -400586.914675 1.491446 0.314823 62.964685 0.448235 10.045712 2009.142305
 21.100000 1.710019 1.923651 0.213632 1.036262 696.462513 1.733333 -3.118475 1000.000000 1.800000 0.254627 100.000000 -2.863848 -400587.213150 1.533093 0.071077 14.215498 0.400195 8.007815 1601.563026
 21.150000 1.678566 1.832666 0.154099 1.553067 3010.101149 1.733333 -3.118475 1000.000000 1.800000 0.254627 100.000000 -2.863848 -400589.254235 1.498734 0.259650 51.930025 0.411879 8.482222 1696.444476
 21.200000 1.736277 1.793768 0.057491 0.006274 9.053235 1.733333 -3.118475 1000.000000 1.800000 0.254627 100.000000 -2.863848 -400583.386167 1.488818 0.336024 67.204811 0.396609 7.864928 1572.985515
 21.250000 1.656632 1.811754 0.155122 2.948435 5884.435625 1.733333 -3.118475 1000.000000 1.800000 0.254627 100.000000 -2.863848 -400586.068781 1.492498 0.306534 61.306821 0.384606 7.396100 1479.219939
 21.300000 1.740086 1.887834 0.147748 0.408536 122.744832 1.733333 -3.118475 1000.000000 1.800000 0.254627 100.000000 -2.863848 -400587.457353 1.490139 0.325280 65.055914 0.421692 8.891212 1778.242402
 21.350000 1.693196 1.967244 0.274048 2.204034 1890.724104 1.733333 -3.118475 1000.000000 1.800000 0.254627 100.000000 -2.863848 -400587.567106 1.565676 0.001311 0.262201 0.429646 9.229774 1845.954857
 21.400000 1.742816 1.950993 0.208177 1.184910 317.918589 1.733333 -3.118475 1000.000000 1.800000 0.254627 100.000000 -2.863848 -400587.380510 1.544482 0.034623 6.924555 0.436034 9.506267 1901.253472
 21.450000 1.696469 1.842735 0.146266 0.770789 1377.209905 1.733333 -3.118475 1000.000000 1.800000 0.254627 100.000000 -2.863848 -400587.155186 1.480017 0.412044 82.408793 0.409753 8.394880 1678.976054
 21.500000 1.676731 1.849757 0.173026 1.725674 3228.526832 1.733333 -3.118475 1000.000000 1.800000 0.254627 100.000000 -2.863848 -400584.757615 1.529004 0.087328 17.465683 0.392255 7.693187 1538.637430
 21.550000 1.695082 1.790997 0.095916 0.735651 1464.008191 1.733333 -3.118475 1000.000000 1.800000 0.254627 100.000000 -2.863848 -400586.583610 1.496359 0.277042 55.408448 0.426926 9.113285 1822.656935
 21.600000 1.691513 1.924012 0.232499 1.643420 1902.743386 1.733333 -3.118475 1000.000000 1.800000 0.254627 100.000000 -2.863848 -400585.695914 1.501246 0.241859 48.371878 0.379891 7.215870 1443.174006
 21.650000 1.721267 1.886391 0.165125 0.445978 220.242926 1.733333 -3.118475 1000.000000 1.800000 0.254627 100.000000 -2.863848 -400589.367631 1.559407 0.006486 1.297196 0.476264 11.341362 2268.272437
 21.700000 1.689378 1.962147 0.272769 2.280608 2194.972302 1.733333 -3.118475 1000.000000 1.800000 0.254627 100.000000 -2.863848 -400587.483429 1.514595 0.157932 31.586360 0.395455 7.819233 1563.846524
 21.750000 1.713434 1.887822 0.174388 0.583621 473.096286 1.733333 -3.118475 1000.000000 1.800000 0.254627 100.000000 -2.863848 -400586.971379 1.527842 0.092255 18.450907 0.421483 8.882398 1776.479634
 21.800000 1.731352 1.829972 0.098620 0.046879 12.909059 1.733333 -3.118475 1000.000000 1.800000 0.254627 100.000000 -2.863848 -400583.314715 1.490726 0.320565 64.113065 0.443499 9.834590 1966.917979
 21.850000 1.704851 1.824230 0.119379 0.434976 817.115302 1.733333 -3.118475 1000.000000 1.800000 0.254627 100.000000 -2.863848 -400585.075556 1.485769 0.361480 72.295966 0.392734 7.712000 1542.399902
 21.900000 1.701511 1.842505 0.140994 0.596659 1030.714413 1.733333 -3.118475 1000.000000 1.800000 0.254627 100.000000 -2.863848 -400586.692769 1.508874 0.191719 38.343730 0.409992 8.404656 1680.931195
 21.950000 1.708710 1.852101 0.143391 0.438886 633.464056 1.733333 -3.118475 1000.000000 1.800000 0.254627 100.000000 -2.863848 -400586.755427 1.504109 0.222359 44.471730 0.432958 9.372645 1874.529029
 22.000000 1.700866 1.913097 0.212231 1.166618 1182.052466 1.733333 -3.118475 1000.000000 1.800000 0.254627 100.000000 -2.863848 -400583.356125 1.535133 0.063594 12.718864 0.378172 7.150706 1430.141103
 22.050000 1.748852 1.850576 0.101725 0.248309 266.401335 1.733333 -3.118475 1000.000000 1.800000 0.254627 100.000000 -2.863848 -400587.671617 1.467630 0.532160 106.432093 0.479302 11.486514 2297.302790
 22.100000 1.716005 1.905743 0.189739 0.709222 412.097052 1.733333 -3.118475 1000.000000 1.800000 0.254627 100.000000 -2.863848 -400584.598350 1.558813 0.007180 1.435929 0.379309 7.193756 1438.751159
 22.150000 1.703365 1.866936 0.163571 0.673067 942.896396 1.733333 -3.118475 1000.000000 1.800000 0.254627 100.000000 -2.863848 -400587.252954 1.483372 0.382153 76.430635 0.437923 9.588839 1917.767709
 22.200000 1.692022 1.876802 0.184780 1.148255 1765.638422 1.733333 -3.118475 1000.000000 1.800000 0.254627 100.000000 -2.863848 -400584.369649 1.537020 0.057041 11.408189 0.401412 8.056572 1611.314429
 22.250000 1.675152 1.870364 0.195212 1.940111 3434.627851 1.733333 -3.118475 1000.000000 1.800000 0.254627 100.000000 -2.863848 -400588.360976 1.544182 0.035416 7.083255 0.400617 8.024712 1604.942472
 22.300000 1.712052 1.897785 0.185733 0.704537 548.497220 1.733333 -3.118475 1000.000000 1.800000 0.254627 100.000000 -2.863848 -400587.063918 1.482748 0.387627 77.525400 0.425916 9.070219 1814.043845
 22.350000 1.665802 1.875959 0.210157 2.568705 4618.126107 1.733333 -3.118475 1000.000000 1.800000 0.254627 100.000000 -2.863848 -400585.438537 1.564705 0.001855 0.371038 0.397966 7.918835 1583.766944
 22.400000 1.731146 1.900213 0.169066 0.504520 105.208557 1.733333 -3.118475 1000.000000 1.800000 0.254627 100.000000 -2.863848 -400587.419974 1.503941 0.223484 44.696763 0.441428 9.742951 1948.590285
 22.450000 1.702615 1.844566 0.141951 0.571103 963.453895 1.733333 -3.118475 1000.000000 1.800000 0.254627 100.000000 -2.863848 -400585.850807 1.510856 0.179643 35.928589 0.408907 8.360238 1672.047659
 22.500000 1.678110 1.878067 0.199957 1.829513 3110.519520 1.733333 -3.118475 1000.000000 1.800000 0.254627 100.000000 -2.863848 -400583.232431 1.495965 0.279988 55.997530 0.372967 6.955211 1391.042159
 22.550000 1.699485 1.810113 0.110628 0.577959 1146.712615 1.733333 -3.118475 1000.000000 1.800000 0.254627 100.000000 -2.863848 -400586.067659 1.512724 0.168622 33.724373 0.436446 9.524242 1904.848313
 22.600000 1.707937 1.895248 0.187311 0.776105 735.709560 1.733333 -3.118475 1000.000000 1.800000 0.254627 100.000000 -2.863848 -400582.334521 1.485333 0.365196 73.039141 0.388931 7.563348 1512.669694
 22.650000 1.701853 1.869335 0.167482 0.735871 1039.085542 1.733333 -3.118475 1000.000000 1.800000 0.254627 100.000000 -2.863848 -400586.159915 1.509296 0.189114 37.822886 0.414859 8.605390 1721.077984
 22.700000 1.727774 1.844497 0.116723 0.114453 50.704255 1.733333 -3.118475 1000.000000 1.800000 0.254627 100.000000 -2.863848 -400588.567892 1.523754 0.110648 22.129671 0.449496 10.102355 2020.470945
 22.750000 1.687552 1.898319 0.210767 1.531310 2192.629354 1.733333 -3.118475 1000.000000 1.800000 0.254627 100.000000 -2.863848 -400585.490053 1.470062 0.507373 101.474666 0.367711 6.760584 1352.116735
 22.800000 1.719321 1.825036 0.105715 0.129507 202.600713 1.733333 -3.118475 1000.000000 1.800000 0.254627 100.000000 -2.863848 -400587.362687 1.524301 0.108090 21.618054 0.446190 9.954274 1990.854754
 22.850000 1.717143 1.873391 0.156248 0.400371 315.980322 1.733333 -3.118475 1000.000000 1.800000 0.254627 100.000000 -2.863848 -400584.895013 1.487012 0.350987 70.197336 0.402580 8.103551 1620.710174
 22.900000 1.702139 1.857258 0.155119 0.650460 1005.851443 1.733333 -3.118475 1000.000000 1.800000 0.254627 100.000000 -2.863848 -400586.171145 1.503101 0.229136 45.827112 0.409321 8.377168 1675.433555
 22.950000 1.720643 1.898548 0.177904 0.566097 258.149437 1.733333 -3.118475 1000.000000 1.800000 0.254627 100.000000 -2.863848 -400586.541391 1.514763 0.156986 31.397124 0.433296 9.387288 1877.457590
 23.000000 1.688380 1.853681 0.165301 1.154485 2049.620211 1.733333 -3.118475 1000.000000 1.800000 0.254627 100.000000 -2.863848 -400588.294834 1.526770 0.096914 19.382869 0.408245 8.333198 1666.639540
 23.050000 1.712346 1.925867 0.213521 1.012362 598.905998 1.733333 -3.118475 1000.000000 1.800000 0.254627 100.000000 -2.863848 -400583.612090 1.493177 0.301235 60.247073 0.414892 8.606787 1721.357499
 23.100000 1.661823 1.820624 0.158802 2.578165 5118.047165 1.733333 -3.118475 1000.000000 1.800000 0.254627 100.000000 -2.863848 -400586.846597 1.513893 0.161900 32.379947 0.409969 8.403741 1680.748154
 23.150000 1.739101 1.878182 0.139081 0.322251 94.388117 1.733333 -3.118475 1000.000000 1.800000 0.254627 100.000000 -2.863848 -400584.577554 1.525086 0.104471 20.894198 0.411643 8.472486 1694.497127
 23.200000 1.669463 1.822882 0.153419 2.065890 4084.655373 1.733333 -3.118475 1000.000000 1.800000 0.254627 100.000000 -2.863848 -400588.642805 1.469001 0.518111 103.622183 0.426036 9.075345 1815.069053
 23.250000 1.745987 1.929082 0.183095 0.913173 326.744920 1.733333 -3.118475 1000.000000 1.800000 0.254627 100.000000 -2.863848 -400583.668312 1.570185 0.000019 0.003743 0.391074 7.646950 1529.389911
 23.300000 1.687333 1.874801 0.187468 1.337792 2172.020552 1.733333 -3.118475 1000.000000 1.800000 0.254627 100.000000 -2.863848 -400589.140626 1.474365 0.464952 92.990403 0.475169 11.289300 2257.859949
 23.350000 1.742001 1.963057 0.221056 1.366946 341.006833 1.733333 -3.118475 1000.000000 1.800000 0.254627 100.000000 -2.863848 -400583.718614 1.574443 0.000665 0.132997 0.388299 7.538818 1507.763523
 23.400000 1.666105 1.847085 0.180980 2.370694 4541.860508 1.733333 -3.118475 1000.000000 1.800000 0.254627 100.000000 -2.863848 -400586.744452 1.491981 0.310591 62.118172 0.432777 9.364805 1872.960947
 23.450000 1.716206 1.884860 0.168654 0.506731 365.352045 1.733333 -3.118475 1000.000000 1.800000 0.254627 100.000000 -2.863848 -400584.712145 1.534275 0.066692 13.338310 0.417826 8.728946 1745.789160
 23.500000 1.692378 1.800638 0.108260 0.838694 1677.351603 1.733333 -3.118475 1000.000000 1.800000 0.254627 100.000000 -2.863848 -400585.494005 1.486010 0.359432 71.886489 0.391702 7.671520 1534.304072
 23.550000 1.712474 1.882237 0.169764 0.555709 502.750804 1.733333 -3.118475 1000.000000 1.800000 0.254627 100.000000 -2.863848 -400584.459608 1.511974 0.173002 34.600312 0.427834 9.152085 1830.416966
 23.600000 1.720827 1.845262 0.124434 0.180629 176.883261 1.733333 -3.118475 1000.000000 1.800000 0.254627 100.000000 -2.863848 -400585.232533 1.492297 0.308109 61.621879 0.419059 8.780533 1756.106581
 23.650000 1.723648 1.954998 0.231350 1.248122 334.056607 1.733333 -3.118475 1000.000000 1.800000 0.254627 100.000000 -2.863848 -400585.004254 1.534404 0.066221 13.244108 0.407264 8.293190 1658.638044
 23.700000 1.714890 1.898000 0.183110 0.650280 436.191766 1.733333 -3.118475 1000.000000 1.800000 0.254627 100.000000 -2.863848 -400584.914227 1.528526 0.089337 17.867391 0.449152 10.086873 2017.374575
 23.750000 1.703624 1.881161 0.177536 0.770665 948.495181 1.733333 -3.118475 1000.000000 1.800000 0.254627 100.000000 -2.863848 -400586.947303 1.498668 0.260121 52.024238 0.383789 7.364688 1472.937687
 23.800000 1.693106 1.822717 0.129611 0.834919 1623.391870 1.733333 -3.118475 1000.000000 1.800000 0.254627 100.000000 -2.863848 -400586.901288 1.502345 0.234282 46.856331 0.422914 8.942819 1788.563849
 23.850000 1.680465 1.820137 0.139672 1.417782 2799.069259 1.733333 -3.118475 1000.000000 1.800000 0.254627 100.000000 -2.863848 -400584.577007 1.508576 0.193568 38.713677 0.376244 7.077972 1415.594480
 23.900000 1.707619 1.880755 0.173136 0.656689 726.453820 1.733333 -3.118475 1000.000000 1.800000 0.254627 100.000000 -2.863848 -400586.085325 1.502500 0.233219 46.643721 0.419546 8.800938 1760.187538
 23.950000 1.690853 1.898649 0.207796 1.388883 1901.919638 1.733333 -3.118475 1000.000000 1.800000 0.254627 100.000000 -2.863848 -400585.254190 1.536665 0.058246 11.649134 0.417006 8.694700 1738.940065
 24.000000 1.736679 1.969339 0.232660 1.439380 297.951758 1.733333 -3.118475 1000.000000 1.800000 0.254627 100.000000 -2.863848 -400585.125282 1.554556 0.013188 2.637534 0.442810 9.804049 1960.809821
 24.050000 1.698787 1.905770 0.206983 1.156104 1305.354127 1.733333 -3.118475 1000.000000 1.800000 0.254627 100.000000 -2.863848 -400586.220342 1.511790 0.174090 34.817998 0.423712 8.976606 1795.321179
 24.100000 1.717293 1.860823 0.143530 0.313612 294.274539 1.733333 -3.118475 1000.000000 1.800000 0.254627 100.000000 -2.863848 -400585.809185 1.524207 0.108528 21.705506 0.424877 9.026003 1805.200537
 24.150000 1.691369 1.826960 0.135592 0.916857 1768.297399 1.733333 -3.118475 1000.000000 1.800000 0.254627 100.000000 -2.863848 -400587.641903 1.474243 0.466123 93.224675 0.380855 7.252521 1450.504111
 24.200000 1.688843 1.807217 0.118374 0.992293 1979.898517 1.733333 -3.118475 1000.000000 1.800000 0.254627 100.000000 -2.863848 -400588.233345 1.526251 0.099215 19.843093 0.421887 8.899428 1779.885636
 24.250000 1.717777 1.878184 0.160407 0.426637 303.123018 1.733333 -3.118475 1000.000000 1.800000 0.254627 100.000000 -2.863848 -400587.496103 1.494898 0.288029 57.605834 0.407779 8.314184 1662.836804
 24.300000 1.702039 1.876768 0.174728 0.784321 1038.246626 1.733333 -3.118475 1000.000000 1.800000 0.254627 100.000000 -2.863848 -400585.669403 1.545891 0.031014 6.202810 0.417150 8.700711 1740.142104
 24.350000 1.736920 1.915900 0.178980 0.678072 147.191639 1.733333 -3.118475 1000.000000 1.800000 0.254627 100.000000 -2.863848 -400586.011658 1.498582 0.260749 52.149755 0.446884 9.985282 1997.056336
 24.400000 1.699377 1.900580 0.201203 1.082330 1254.196424 1.733333 -3.118475 1000.000000 1.800000 0.254627 100.000000 -2.863848 -400585.357084 1.559044 0.006906 1.381234 0.388378 7.541873 1508.374620
 24.450000 1.723680 1.849317 0.125638 0.168207 117.517454 1.733333 -3.118475 1000.000000 1.800000 0.254627 100.000000 -2.863848 -400589.617832 1.479659 0.415303 83.060614 0.455088 10.355240 2071.048022
 24.500000 1.680932 1.849566 0.168634 1.495807 2770.505869 1.733333 -3.118475 1000.000000 1.800000 0.254627 100.000000 -2.863848 -400585.444682 1.520416 0.126908 25.381569 0.371157 6.887864 1377.572782
 24.550000 1.691292 1.839720 0.148428 0.962636 1783.283597 1.733333 -3.118475 1000.000000 1.800000 0.254627 100.000000 -2.863848 -400585.586459 1.503715 0.224995 44.999077 0.425426 9.049357 1809.871317
 24.600000 1.683226 1.867626 0.184400 1.484018 2556.435168 1.733333 -3.118475 1000.000000 1.800000 0.254627 100.000000 -2.863848 -400586.810413 1.502618 0.232412 46.482446 0.393780 7.753132 1550.626389
 24.650000 1.707106 1.911568 0.204462 0.966306 812.342747 1.733333 -3.118475 1000.000000 1.800000 0.254627 100.000000 -2.863848 -400587.132473 1.535437 0.062516 12.503103 0.419777 8.810654 1762.130768
 24.700000 1.706566 1.911813 0.205247 0.983342 841.486626 1.733333 -3.118475 1000.000000 1.800000 0.254627 100.000000 -2.863848 -400587.066353 1.488660 0.337319 67.463844 0.421363 8.877356 1775.471165
 24.750000 1.727130 1.887112 0.159981 0.398661 114.363002 1.733333 -3.118475 1000.000000 1.800000 0.254627 100.000000 -2.863848 -400585.273920 1.542019 0.041405 8.281072 0.426600 9.099371 1819.874184
 24.800000 1.738683 1.857578 0.118894 0.180071 61.774534 1.733333 -3.118475 1000.000000 1.800000 0.254627 100.000000 -2.863848 -400585.598206 1.451112 0.716220 143.243932 0.403425 8.137579 1627.515829
 24.850000 1.711782 1.790193 0.078411 0.237039 465.421519 1.733333 -3.118475 1000.000000 1.800000 0.254627 100.000000 -2.863848 -400585.764124 1.508547 0.193746 38.749244 0.415839 8.646111 1729.222173
 24.900000 1.704721 1.851318 0.146598 0.541018 845.014025 1.733333 -3.118475 1000.000000 1.800000 0.254627 100.000000 -2.863848 -400585.495405 1.445501 0.784947 156.989441 0.384975 7.410287 1482.057318
 24.950000 1.708160 1.845151 0.136991 0.418774 654.073269 1.733333 -3.118475 1000.000000 1.800000 0.254627 100.000000 -2.863848 -400589.173269 1.570762 0.000000 0.000012 0.460415 10.599107 2119.821436
 25.000000 1.707878 1.981738 0.273860 1.975416 978.248259 1.733333 -3.118475 1000.000000 1.800000 0.254627 100.000000 -2.863848 -400585.908461 1.477807 0.432354 86.470761 0.372758 6.947427 1389.485436
 25.050000 1.705043 1.853149 0.148107 0.541427 828.618663 1.733333 -3.118475 1000.000000 1.800000 0.254627 100.000000 -2.863848 -400589.078716 1.550816 0.019961 3.992163 0.445623 9.928979 1985.795710
 25.100000 1.692214 1.904454 0.212241 1.390955 1799.946733 1.733333 -3.118475 1000.000000 1.800000 0.254627 100.000000 -2.863848 -400587.948210 1.505253 0.214794 42.958709 0.421704 8.891710 1778.342088
 25.150000 1.717859 1.824212 0.106353 0.149043 245.326875 1.733333 -3.118475 1000.000000 1.800000 0.254627 100.000000 -2.863848 -400584.127819 1.495471 0.283693 56.738688 0.376583 7.090721 1418.144254
 25.200000 1.696661 1.852967 0.156307 0.812715 1372.932048 1.733333 -3.118475 1000.000000 1.800000 0.254627 100.000000 -2.863848 -400587.868338 1.518715 0.135621 27.124131 0.439543 9.659908 1931.981608
 25.250000 1.692556 1.848813 0.156258 0.950552 1686.658596 1.733333 -3.118475 1000.000000 1.800000 0.254627 100.000000 -2.863848 -400586.576979 1.497576 0.268057 53.611500 0.391252 7.653919 1530.783898
 25.300000 1.766845 1.919831 0.152987 1.279487 1266.613250 1.733333 -3.118475 1000.000000 1.800000 0.254627 100.000000 -2.863848 -400581.811070 1.529117 0.086858 17.371605 0.405340 8.215021 1643.004283
 25.350000 1.666829 1.923050 0.256221 2.968501 4574.289454 1.733333 -3.118475 1000.000000 1.800000 0.254627 100.000000 -2.863848 -400589.991072 1.492810 0.304097 60.819445 0.461148 10.632888 2126.577545
 25.400000 1.757260 1.900722 0.143462 0.793489 673.936884 1.733333 -3.118475 1000.000000 1.800000 0.254627 100.000000 -2.863848 -400584.232178 1.556360 0.010421 2.084192 0.384393 7.387902 1477.580320
 25.450000 1.684500 1.777856 0.093356 1.216860 2389.589914 1.733333 -3.118475 1000.000000 1.800000 0.254627 100.000000 -2.863848 -400585.864307 1.416992 1.182796 236.559135 0.431631 9.315252 1863.050319
 25.500000 1.750873 1.832381 0.081508 0.206243 318.120305 1.733333 -3.118475 1000.000000 1.800000 0.254627 100.000000 -2.863848 -400580.335681 1.556996 0.009523 1.904563 0.397314 7.892923 1578.584574
 25.550000 1.684529 1.833828 0.149299 1.248146 2393.299330 1.733333 -3.118475 1000.000000 1.800000 0.254627 100.000000 -2.863848 -400584.706335 1.459479 0.619576 123.915287 0.425039 9.032889 1806.577747
 25.600000 1.691661 1.942278 0.250618 1.880452 1939.018837 1.733333 -3.118475 1000.000000 1.800000 0.254627 100.000000 -2.863848 -400584.792855 1.551334 0.018939 3.787718 0.406058 8.244155 1648.830918
 25.650000 1.697206 1.890697 0.193492 1.063909 1387.479706 1.733333 -3.118475 1000.000000 1.800000 0.254627 100.000000 -2.863848 -400583.768568 1.521472 0.121645 24.328984 0.419149 8.784275 1756.855096
 25.700000 1.732109 1.931722 0.199613 0.868279 175.004933 1.733333 -3.118475 1000.000000 1.800000 0.254627 100.000000 -2.863848 -400586.817031 1.536691 0.058157 11.631445 0.439889 9.675131 1935.026269
 25.750000 1.711626 1.860474 0.148847 0.418452 507.767845 1.733333 -3.118475 1000.000000 1.800000 0.254627 100.000000 -2.863848 -400584.460637 1.499503 0.254139 50.827860 0.411636 8.472193 1694.438682
 25.800000 1.753154 1.842945 0.089791 0.288638 411.292147 1.733333 -3.118475 1000.000000 1.800000 0.254627 100.000000 -2.863848 -400586.820054 1.495681 0.282117 56.423357 0.424779 9.021852 1804.370379
 25.850000 1.694928 1.812137 0.117209 0.744840 1476.421956 1.733333 -3.118475 1000.000000 1.800000 0.254627 100.000000 -2.863848 -400587.442612 1.492504 0.306482 61.296300 0.431430 9.306572 1861.314404
 25.900000 1.703163 1.857123 0.153960 0.618277 942.878911 1.733333 -3.118475 1000.000000 1.800000 0.254627 100.000000 -2.863848 -400583.378899 1.488691 0.337063 67.412658 0.358580 6.428986 1285.797281
 25.950000 1.693548 1.838531 0.144983 0.865655 1597.691969 1.733333 -3.118475 1000.000000 1.800000 0.254627 100.000000 -2.863848 -400585.747769 1.549097 0.023543 4.708597 0.465888 10.852586 2170.517148
 26.000000 1.697103 1.911058 0.213955 1.273013 1435.983187 1.733333 -3.118475 1000.000000 1.800000 0.254627 100.000000 -2.863848 -400586.368747 1.492742 0.304626 60.925217 0.380764 7.249072 1449.814394
 26.050000 1.710257 1.905398 0.195141 0.821701 643.614849 1.733333 -3.118475 1000.000000 1.800000 0.254627 100.000000 -2.863848 -400587.927235 1.562689 0.003287 0.657342 0.450363 10.141358 2028.271602
 26.100000 1.710907 1.921625 0.210718 0.991107 650.877364 1.733333 -3.118475 1000.000000 1.800000 0.254627 100.000000 -2.863848 -400581.091523 1.480132 0.411001 82.200227 0.432387 9.347920 1869.584025
 26.150000 1.713041 1.884676 0.171635 0.564384 483.465520 1.733333 -3.118475 1000.000000 1.800000 0.254627 100.000000 -2.863848 -400581.038564 1.582326 0.006647 1.329389 0.401340 8.053708 1610.741682
 26.200000 1.678554 1.876969 0.198415 1.796619 3060.060784 1.733333 -3.118475 1000.000000 1.800000 0.254627 100.000000 -2.863848 -400587.447033 1.449590 0.734545 146.908959 0.435655 9.489771 1897.954219
 26.250000 1.735728 1.847715 0.111987 0.116703 28.502931 1.733333 -3.118475 1000.000000 1.800000 0.254627 100.000000 -2.863848 -400586.180105 1.530964 0.079330 15.866069 0.405412 8.217960 1643.591958
 26.300000 1.674954 1.851386 0.176432 1.836102 3434.561137 1.733333 -3.118475 1000.000000 1.800000 0.254627 100.000000 -2.863848 -400587.643863 1.492934 0.303124 60.624777 0.399625 7.985008 1597.001523
 26.350000 1.724120 1.816796 0.092675 0.056544 87.699401 1.733333 -3.118475 1000.000000 1.800000 0.254627 100.000000 -2.863848 -400588.011436 1.478308 0.427703 85.540501 0.430159 9.251856 1850.371291
 26.400000 1.737921 1.919306 0.181384 0.722217 163.389448 1.733333 -3.118475 1000.000000 1.800000 0.254627 100.000000 -2.863848 -400584.229890 1.544785 0.033829 6.765749 0.393098 7.726291 1545.258194
 26.450000 1.695017 1.873431 0.178414 1.003667 1522.039546 1.733333 -3.118475 1000.000000 1.800000 0.254627 100.000000 -2.863848 -400588.179942 1.474080 0.467702 93.540305 0.456534 10.421180 2084.235991
 26.500000 1.745919 1.887886 0.141967 0.465402 235.646367 1.733333 -3.118475 1000.000000 1.800000 0.254627 100.000000 -2.863848 -400583.679897 1.538298 0.052807 10.561327 0.393461 7.740565 1548.112987
 26.550000 1.675723 1.848538 0.172814 1.777256 3342.480991 1.733333 -3.118475 1000.000000 1.800000 0.254627 100.000000 -2.863848 -400587.531305 1.487339 0.348259 69.651896 0.424549 9.012100 1802.420082
 26.600000 1.740926 1.857875 0.116949 0.196299 91.144409 1.733333 -3.118475 1000.000000 1.800000 0.254627 100.000000 -2.863848 -400584.733577 1.534039 0.067556 13.511289 0.430461 9.264827 1852.965368
 26.650000 1.653086 1.851944 0.198859 3.354750 6466.661611 1.733333 -3.118475 1000.000000 1.800000 0.254627 100.000000 -2.863848 -400587.153327 1.497651 0.267509 53.501820 0.386083 7.452992 1490.598347
 26.700000 1.711293 1.872802 0.161508 0.507883 538.758396 1.733333 -3.118475 1000.000000 1.800000 0.254627 100.000000 -2.863848 -400586.271453 1.535738 0.061455 12.291071 0.456883 10.437109 2087.421815
 26.750000 1.706292 1.884648 0.178356 0.723874 802.865064 1.733333 -3.118475 1000.000000 1.800000 0.254627 100.000000 -2.863848 -400585.953580 1.525589 0.102186 20.437122 0.405255 8.211598 1642.319548
 26.800000 1.710992 1.914758 0.203765 0.908028 630.815349 1.733333 -3.118475 1000.000000 1.800000 0.254627 100.000000 -2.863848 -400588.640920 1.504015 0.222987 44.597324 0.443812 9.848457 1969.691442
 26.850000 1.707587 1.872880 0.165293 0.597016 715.999981 1.733333 -3.118475 1000.000000 1.800000 0.254627 100.000000 -2.863848 -400587.656633 1.543173 0.038154 7.630720 0.425532 9.053890 1810.777941
 26.900000 1.682093 1.867092 0.184999 1.537860 2670.596457 1.733333 -3.118475 1000.000000 1.800000 0.254627 100.000000 -2.863848 -400587.332097 1.439422 0.862967 172.593390 0.380436 7.236584 1447.316790
 26.950000 1.720107 1.797632 0.077525 0.087749 174.993421 1.733333 -3.118475 1000.000000 1.800000 0.254627 100.000000 -2.863848 -400585.397471 1.540715 0.045243 9.048640 0.441784 9.758656 1951.731291
 27.000000 1.711353 1.847234 0.135881 0.353114 505.432217 1.733333 -3.118475 1000.000000 1.800000 0.254627 100.000000 -2.863848 -400585.634356 1.440992 0.842454 168.490851 0.374356 7.007129 1401.425765
 27.050000 1.710358 1.824111 0.113754 0.293005 533.687628 1.733333 -3.118475 1000.000000 1.800000 0.254627 100.000000 -2.863848 -400586.681162 1.547100 0.028075 5.615023 0.430742 9.276933 1855.386637
 27.100000 1.709336 1.889135 0.179799 0.685181 655.299790 1.733333 -3.118475 1000.000000 1.800000 0.254627 100.000000 -2.863848 -400588.291937 1.474432 0.464300 92.860026 0.412255 8.497710 1699.541943
 27.150000 1.709705 1.897820 0.188115 0.757580 653.967212 1.733333 -3.118475 1000.000000 1.800000 0.254627 100.000000 -2.863848 -400586.531814 1.552187 0.017315 3.462969 0.412410 8.504104 1700.820822
 27.200000 1.699642 1.879975 0.180333 0.887365 1199.087319 1.733333 -3.118475 1000.000000 1.800000 0.254627 100.000000 -2.863848 -400589.081923 1.487809 0.344345 68.869060 0.438328 9.606564 1921.312886
 27.250000 1.693485 1.871863 0.178378 1.052172 1639.556708 1.733333 -3.118475 1000.000000 1.800000 0.254627 100.000000 -2.863848 -400583.073863 1.534922 0.064347 12.869333 0.368458 6.788070 1357.613905
 27.300000 1.676674 1.823519 0.146845 1.632817 3215.852513 1.733333 -3.118475 1000.000000 1.800000 0.254627 100.000000 -2.863848 -400583.531573 1.475650 0.452641 90.528181 0.420950 8.859953 1771.990616
 27.350000 1.731644 1.848612 0.116968 0.119584 26.486413 1.733333 -3.118475 1000.000000 1.800000 0.254627 100.000000 -2.863848 -400584.327660 1.489075 0.333923 66.784565 0.406171 8.248748 1649.749584
 27.400000 1.671984 1.895465 0.223481 2.337521 3854.815662 1.733333 -3.118475 1000.000000 1.800000 0.254627 100.000000 -2.863848 -400584.578800 1.532793 0.072213 14.442617 0.393735 7.751351 1550.270252
 27.450000 1.697094 1.904589 0.207495 1.203586 1422.665187 1.733333 -3.118475 1000.000000 1.800000 0.254627 100.000000 -2.863848 -400584.947103 1.509412 0.188402 37.680461 0.430687 9.274574 1854.914821
 27.500000 1.693229 1.905719 0.212490 1.362999 1720.118511 1.733333 -3.118475 1000.000000 1.800000 0.254627 100.000000 -2.863848 -400587.642889 1.554060 0.014006 2.801193 0.400405 8.016208 1603.241674
 27.550000 1.710544 1.892247 0.181702 0.685140 604.430886 1.733333 -3.118475 1000.000000 1.800000 0.254627 100.000000 -2.863848 -400585.004847 1.484882 0.369060 73.811933 0.424837 9.024343 1804.868601
 27.600000 1.730864 1.827628 0.096763 0.041212 13.729188 1.733333 -3.118475 1000.000000 1.800000 0.254627 100.000000 -2.863848 -400585.304029 1.512294 0.171124 34.224742 0.425416 9.048937 1809.787379
 27.650000 1.704749 1.870417 0.165669 0.656468 866.660095 1.733333 -3.118475 1000.000000 1.800000 0.254627 100.000000 -2.863848 -400586.805429 1.483163 0.383978 76.795540 0.379098 7.185766 1437.153131
 27.700000 1.694267 1.813504 0.119238 0.772220 1528.026793 1.733333 -3.118475 1000.000000 1.800000 0.254627 100.000000 -2.863848 -400585.446845 1.530354 0.081778 16.355538 0.449396 10.097848 2019.569514
 27.750000 1.692636 1.913139 0.220503 1.468159 1784.284376 1.733333 -3.118475 1000.000000 1.800000 0.254627 100.000000 -2.863848 -400584.589015 1.486136 0.358372 71.674379 0.364365 6.638085 1327.617010
 27.800000 1.700382 1.828430 0.128048 0.583310 1093.874756 1.733333 -3.118475 1000.000000 1.800000 0.254627 100.000000 -2.863848 -400589.769019 1.534078 0.067413 13.482633 0.450430 10.144376 2028.875260
 27.850000 1.725251 1.901771 0.176520 0.550527 168.900625 1.733333 -3.118475 1000.000000 1.800000 0.254627 100.000000 -2.863848 -400584.543813 1.485854 0.360764 72.152793 0.402517 8.100980 1620.196009
 27.900000 1.700435 1.874313 0.173878 0.817266 1137.519112 1.733333 -3.118475 1000.000000 1.800000 0.254627 100.000000 -2.863848 -400587.945044 1.514633 0.157716 31.543164 0.414878 8.606184 1721.236737
 27.950000 1.737066 1.860433 0.123367 0.189574 50.452797 1.733333 -3.118475 1000.000000 1.800000 0.254627 100.000000 -2.863848 -400581.504905 1.517542 0.141802 28.360339 0.449446 10.100093 2020.018674
 28.000000 1.685619 1.863257 0.177638 1.338390 2316.643711 1.733333 -3.118475 1000.000000 1.800000 0.254627 100.000000 -2.863848 -400587.140391 1.492084 0.309778 61.955690 0.387904 7.523463 1504.692699
 28.050000 1.703159 1.872608 0.169449 0.718848 963.227076 1.733333 -3.118475 1000.000000 1.800000 0.254627 100.000000 -2.863848 -400586.072858 1.531594 0.076841 15.368257 0.418242 8.746339 1749.267813
 28.100000 1.708747 1.858125 0.149379 0.471178 638.286260 1.733333 -3.118475 1000.000000 1.800000 0.254627 100.000000 -2.863848 -400588.056244 1.487175 0.349627 69.925465 0.435188 9.469421 1893.884223
 28.150000 1.676118 1.910096 0.233979 2.242883 3394.861746 1.733333 -3.118475 1000.000000 1.800000 0.254627 100.000000 -2.863848 -400584.987494 1.554676 0.012993 2.598535 0.372465 6.936490 1387.298099
 28.200000 1.727334 1.838706 0.111372 0.092904 50.975044 1.733333 -3.118475 1000.000000 1.800000 0.254627 100.000000 -2.863848 -400588.565059 1.476962 0.440248 88.049666 0.479076 11.475672 2295.134379
 28.250000 1.699620 1.926370 0.226750 1.366759 1296.271623 1.733333 -3.118475 1000.000000 1.800000 0.254627 100.000000 -2.863848 -400584.858136 1.543143 0.038235 7.646980 0.354537 6.284831 1256.966170
 28.300000 1.710353 1.839443 0.129090 0.341828 543.640637 1.733333 -3.118475 1000.000000 1.800000 0.254627 100.000000 -2.863848 -400590.025993 1.486168 0.358096 71.619173 0.473477 11.209044 2241.808727
 28.350000 1.729282 1.889498 0.160215 0.408698 96.508733 1.733333 -3.118475 1000.000000 1.800000 0.254627 100.000000 -2.863848 -400587.542064 1.520993 0.124020 24.804037 0.387651 7.513665 1502.733021
 28.400000 1.676527 1.848887 0.172360 1.732985 3250.873125 1.733333 -3.118475 1000.000000 1.800000 0.254627 100.000000 -2.863848 -400589.166387 1.513964 0.161497 32.299365 0.424108 8.993384 1798.676711
 28.450000 1.731601 1.876585 0.144984 0.294764 61.654525 1.733333 -3.118475 1000.000000 1.800000 0.254627 100.000000 -2.863848 -400588.707647 1.506834 0.204557 40.911500 0.428810 9.193910 1838.782031
 28.500000 1.674175 1.874204 0.200029 2.025142 3554.718596 1.733333 -3.118475 1000.000000 1.800000 0.254627 100.000000 -2.863848 -400583.829134 1.490109 0.325518 65.103686 0.387898 7.523231 1504.646104
 28.550000 1.745704 1.857076 0.111371 0.239405 185.621014 1.733333 -3.118475 1000.000000 1.800000 0.254627 100.000000 -2.863848 -400586.501268 1.547489 0.027161 5.432275 0.452853 10.253790 2050.757996
 28.600000 1.685706 1.853201 0.167495 1.275686 2296.640377 1.733333 -3.118475 1000.000000 1.800000 0.254627 100.000000 -2.863848 -400585.572231 1.471896 0.489067 97.813416 0.405722 8.230526 1646.105235
 28.650000 1.737487 1.923407 0.185920 0.770083 169.540819 1.733333 -3.118475 1000.000000 1.800000 0.254627 100.000000 -2.863848 -400585.719167 1.554609 0.013101 2.620221 0.409806 8.397033 1679.406655
 28.700000 1.720166 1.838587 0.118421 0.161139 188.270672 1.733333 -3.118475 1000.000000 1.800000 0.254627 100.000000 -2.863848 -400587.765660 1.460554 0.607672 121.534439 0.479227 11.482927 2296.585398
 28.750000 1.699882 1.931676 0.231795 1.426444 1292.410897 1.733333 -3.118475 1000.000000 1.800000 0.254627 100.000000 -2.863848 -400586.060257 1.569529 0.000080 0.016054 0.374279 7.004239 1400.847889
 28.800000 1.692869 1.828001 0.135132 0.857893 1645.222054 1.733333 -3.118475 1000.000000 1.800000 0.254627 100.000000 -2.863848 -400589.820967 1.472782 0.480338 96.067678 0.457003 10.442590 2088.517914
 28.850000 1.699459 1.901163 0.201704 1.085420 1249.781570 1.733333 -3.118475 1000.000000 1.800000 0.254627 100.000000 -2.863848 -400585.090809 1.555766 0.011296 2.259229 0.392706 7.710895 1542.179065
 28.900000 1.683447 1.836674 0.153227 1.311579 2502.110837 1.733333 -3.118475 1000.000000 1.800000 0.254627 100.000000 -2.863848 -400589.193682 1.479970 0.412472 82.494398 0.424845 9.024655 1804.930905
 28.950000 1.709109 1.864282 0.155173 0.500016 628.138330 1.733333 -3.118475 1000.000000 1.800000 0.254627 100.000000 -2.863848 -400586.193457 1.510881 0.179493 35.898542 0.410957 8.444276 1688.855173
 29.000000 1.722751 1.859806 0.137055 0.234831 147.756939 1.733333 -3.118475 1000.000000 1.800000 0.254627 100.000000 -2.863848 -400586.621857 1.520589 0.126040 25.207940 0.415496 8.631844 1726.368737
 29.050000 1.742930 1.862743 0.119813 0.242886 131.466837 1.733333 -3.118475 1000.000000 1.800000 0.254627 100.000000 -2.863848 -400586.450888 1.483567 0.380444 76.088738 0.449446 10.100105 2020.021040
 29.100000 1.702168 1.890636 0.188468 0.896384 1053.428272 1.733333 -3.118475 1000.000000 1.800000 0.254627 100.000000 -2.863848 -400584.549469 1.513366 0.164910 32.982053 0.419446 8.796763 1759.352519
 29.150000 1.746729 1.865514 0.118785 0.304324 222.364307 1.733333 -3.118475 1000.000000 1.800000 0.254627 100.000000 -2.863848 -400585.000906 1.505647 0.212220 42.443915 0.420763 8.852069 1770.413870
 29.200000 1.678345 1.880776 0.202431 1.838088 3088.945631 1.733333 -3.118475 1000.000000 1.800000 0.254627 100.000000 -2.863848 -400588.983087 1.522726 0.115537 23.107453 0.441142 9.730304 1946.060897
 29.250000 1.699380 1.899807 0.200428 1.074499 1252.460179 1.733333 -3.118475 1000.000000 1.800000 0.254627 100.000000 -2.863848 -400585.552649 1.505233 0.214931 42.986153 0.380053 7.222033 1444.406562
 29.300000 1.667305 1.837574 0.170269 2.250473 4373.885115 1.733333 -3.118475 1000.000000 1.800000 0.254627 100.000000 -2.863848 -400587.655932 1.538823 0.051115 10.223036 0.465124 10.816997 2163.399476
 29.350000 1.674308 1.901364 0.227056 2.255732 3586.745073 1.733333 -3.118475 1000.000000 1.800000 0.254627 100.000000 -2.863848 -400584.739293 1.484152 0.375366 75.073117 0.346578 6.005810 1201.161999
 29.400000 1.726496 1.836527 0.110030 0.090083 60.089951 1.733333 -3.118475 1000.000000 1.800000 0.254627 100.000000 -2.863848 -400587.564778 1.533352 0.070102 14.020428 0.459446 10.554525 2110.904903
 29.450000 1.695627 1.877117 0.181490 1.008218 1481.202123 1.733333 -3.118475 1000.000000 1.800000 0.254627 100.000000 -2.863848 -400586.459734 1.487546 0.346528 69.305513 0.403434 8.137963 1627.592567
 29.500000 1.774288 1.853516 0.079228 0.981836 1705.916861 1.733333 -3.118475 1000.000000 1.800000 0.254627 100.000000 -2.863848 -400581.673849 1.493253 0.300650 60.129940 0.401830 8.073352 1614.670417
 29.550000 1.696208 1.891039 0.194831 1.103561 1461.189693 1.733333 -3.118475 1000.000000 1.800000 0.254627 100.000000 -2.863848 -400586.824798 1.518232 0.138150 27.629975 0.452746 10.248964 2049.792736
 29.600000 1.716809 1.898652 0.181843 0.623135 370.365012 1.733333 -3.118475 1000.000000 1.800000 0.254627 100.000000 -2.863848 -400585.674963 1.507796 0.198452 39.690315 0.407740 8.312590 1662.518005
 29.650000 1.698476 1.878050 0.179574 0.912102 1275.944366 1.733333 -3.118475 1000.000000 1.800000 0.254627 100.000000 -2.863848 -400584.992099 1.511753 0.174308 34.861569 0.376508 7.087926 1417.585145
 29.700000 1.684229 1.851676 0.167447 1.339118 2437.894848 1.733333 -3.118475 1000.000000 1.800000 0.254627 100.000000 -2.863848 -400589.608204 1.502385 0.234004 46.800717 0.462026 10.673413 2134.682624
 29.750000 1.721257 1.877688 0.156431 0.374687 206.186789 1.733333 -3.118475 1000.000000 1.800000 0.254627 100.000000 -2.863848 -400583.937987 1.525534 0.102433 20.486662 0.347695 6.044595 1208.918995
 29.800000 1.680738 1.858207 0.177469 1.552542 2800.161533 1.733333 -3.118475 1000.000000 1.800000 0.254627 100.000000 -2.863848 -400591.886873 1.503380 0.227247 45.449347 0.446107 9.950557 1990.111493
 29.850000 1.721866 1.876779 0.154912 0.360496 190.446373 1.733333 -3.118475 1000.000000 1.800000 0.254627 100.000000 -2.863848 -400586.984460 1.527386 0.094224 18.844710 0.418198 8.744465 1748.892967
 29.900000 1.739007 1.903455 0.164448 0.551246 139.219769 1.733333 -3.118475 1000.000000 1.800000 0.254627 100.000000 -2.863848 -400585.729775 1.516476 0.147532 29.506484 0.387928 7.524406 1504.881226
 29.950000 1.695922 1.897135 0.201213 1.171559 1493.948684 1.733333 -3.118475 1000.000000 1.800000 0.254627 100.000000 -2.863848 -400589.108065 1.494823 0.288600 57.719989 0.456731 10.430172 2086.034439
 30.000000 1.698497 1.881441 0.182944 0.938431 1279.927288 1.733333 -3.118475 1000.000000 1.800000 0.254627 100.000000 -2.863848 -400587.553718 1.546600 0.029273 5.854586 0.386722 7.477696 1495.539261
 30.050000 1.708289 1.839453 0.131165 0.391449 642.808694 1.733333 -3.118475 1000.000000 1.800000 0.254627 100.000000 -2.863848 -400589.008593 1.481911 0.395029 79.005894 0.423124 8.951702 1790.340368
 30.100000 1.690222 1.841658 0.151437 1.016079 1875.970245 1.733333 -3.118475 1000.000000 1.800000 0.254627 100.000000 -2.863848 -400589.367878 1.510180 0.183717 36.743302 0.410983 8.445348 1689.069598
 30.150000 1.724583 1.870135 0.145552 0.284227 125.755354 1.733333 -3.118475 1000.000000 1.800000 0.254627 100.000000 -2.863848 -400586.924182 1.500087 0.249989 49.997791 0.399590 7.983618 1596.723503
 30.200000 1.705902 1.849496 0.143595 0.498741 776.992914 1.733333 -3.118475 1000.000000 1.800000 0.254627 100.000000 -2.863848 -400588.660838 1.493917 0.295522 59.104387 0.430613 9.271375 1854.275063
 30.250000 1.715300 1.873761 0.158461 0.434637 379.616659 1.733333 -3.118475 1000.000000 1.800000 0.254627 100.000000 -2.863848 -400585.905821 1.518351 0.137523 27.504639 0.402616 8.104991 1620.998116
 30.300000 1.731561 1.839530 0.107969 0.079702 18.766898 1.733333 -3.118475 1000.000000 1.800000 0.254627 100.000000 -2.863848 -400587.267417 1.495921 0.280316 56.063231 0.430216 9.254281 1850.856112
 30.350000 1.701667 1.898174 0.196507 0.983280 1099.120595 1.733333 -3.118475 1000.000000 1.800000 0.254627 100.000000 -2.863848 -400587.002256 1.518452 0.136997 27.399404 0.424888 9.026483 1805.296651
 30.400000 1.674874 1.869364 0.194490 1.949299 3465.571060 1.733333 -3.118475 1000.000000 1.800000 0.254627 100.000000 -2.863848 -400587.581605 1.521943 0.119333 23.866649 0.384198 7.380387 1476.077304
 30.450000 1.693833 1.827454 0.133621 0.817841 1567.848434 1.733333 -3.118475 1000.000000 1.800000 0.254627 100.000000 -2.863848 -400585.557690 1.516637 0.146664 29.332824 0.441532 9.747518 1949.503669
 30.500000 1.683221 1.851264 0.168043 1.387027 2537.533445 1.733333 -3.118475 1000.000000 1.800000 0.254627 100.000000 -2.863848 -400587.563716 1.507419 0.200832 40.166343 0.374823 7.024600 1404.920028
 30.550000 1.742117 1.848907 0.106790 0.158170 101.069052 1.733333 -3.118475 1000.000000 1.800000 0.254627 100.000000 -2.863848 -400586.688656 1.463669 0.573808 114.761636 0.444624 9.884526 1976.905163
 30.600000 1.722651 1.893182 0.170530 0.491194 200.936188 1.733333 -3.118475 1000.000000 1.800000 0.254627 100.000000 -2.863848 -400585.838508 1.535948 0.060719 12.143863 0.429384 9.218537 1843.707335
 30.650000 1.728149 1.871115 0.142966 0.266308 77.449990 1.733333 -3.118475 1000.000000 1.800000 0.254627 100.000000 -2.863848 -400586.032681 1.480663 0.406204 81.240797 0.405601 8.225621 1645.124156
 30.700000 1.688518 1.907966 0.219448 1.587043 2124.985493 1.733333 -3.118475 1000.000000 1.800000 0.254627 100.000000 -2.863848 -400588.594279 1.550712 0.020169 4.033879 0.424145 8.994969 1798.993809
 30.750000 1.653733 1.898768 0.245035 3.655882 6433.810269 1.733333 -3.118475 1000.000000 1.800000 0.254627 100.000000 -2.863848 -400588.491729 1.522622 0.116038 23.207504 0.401350 8.054084 1610.816757
 30.800000 1.719741 1.869327 0.149586 0.332684 232.808410 1.733333 -3.118475 1000.000000 1.800000 0.254627 100.000000 -2.863848 -400588.415842 1.516014 0.150053 30.010562 0.404100 8.164849 1632.969818
 30.850000 1.692115 1.821342 0.129227 0.872241 1703.487254 1.733333 -3.118475 1000.000000 1.800000 0.254627 100.000000 -2.863848 -400589.126794 1.484715 0.370503 74.100639 0.429692 9.231742 1846.348344
 30.900000 1.744894 1.848841 0.103947 0.186098 157.508281 1.733333 -3.118475 1000.000000 1.800000 0.254627 100.000000 -2.863848 -400584.584537 1.507865 0.198019 39.603894 0.372524 6.938720 1387.744082
 30.950000 1.712889 1.813256 0.100367 0.217772 419.728181 1.733333 -3.118475 1000.000000 1.800000 0.254627 100.000000 -2.863848 -400587.796173 1.456362 0.654757 130.951413 0.454747 10.339735 2067.947040
 31.000000 1.728888 1.898390 0.169502 0.493912 116.568138 1.733333 -3.118475 1000.000000 1.800000 0.254627 100.000000 -2.863848 -400588.022323 1.538960 0.050678 10.135689 0.412660 8.514422 1702.884371
 31.050000 1.686881 1.909534 0.222653 1.678793 2277.794804 1.733333 -3.118475 1000.000000 1.800000 0.254627 100.000000 -2.863848 -400587.321173 1.502800 0.231172 46.234493 0.408789 8.355412 1671.082340
 31.100000 1.691759 1.964340 0.272580 2.214573 1998.463035 1.733333 -3.118475 1000.000000 1.800000 0.254627 100.000000 -2.863848 -400585.367394 1.580024 0.004258 0.851529 0.434175 9.425406 1885.081176
 31.150000 1.655884 1.885269 0.229385 3.362765 6071.159864 1.733333 -3.118475 1000.000000 1.800000 0.254627 100.000000 -2.863848 -400585.628864 1.523463 0.112020 22.404058 0.386207 7.457805 1491.561094
 31.200000 1.719790 1.864239 0.144449 0.298045 224.693152 1.733333 -3.118475 1000.000000 1.800000 0.254627 100.000000 -2.863848 -400586.013164 1.503063 0.229391 45.878178 0.413817 8.562215 1712.442937
 31.250000 1.709798 1.774057 0.064259 0.310620 560.664051 1.733333 -3.118475 1000.000000 1.800000 0.254627 100.000000 -2.863848 -400587.013384 1.481521 0.398503 79.700555 0.419924 8.816798 1763.359683
 31.300000 1.721370 1.886072 0.164702 0.441975 217.195584 1.733333 -3.118475 1000.000000 1.800000 0.254627 100.000000 -2.863848 -400585.724355 1.495624 0.282542 56.508482 0.380056 7.222118 1444.423526
 31.350000 1.704683 1.855217 0.150534 0.562862 851.323379 1.733333 -3.118475 1000.000000 1.800000 0.254627 100.000000 -2.863848 -400587.352336 1.493222 0.300886 60.177236 0.456043 10.398754 2079.750813
 31.400000 1.753257 1.920521 0.167264 0.924738 542.205542 1.733333 -3.118475 1000.000000 1.800000 0.254627 100.000000 -2.863848 -400583.666742 1.523774 0.110553 22.110608 0.393882 7.757133 1551.426535
 31.450000 1.683429 1.897649 0.214220 1.721994 2585.815872 1.733333 -3.118475 1000.000000 1.800000 0.254627 100.000000 -2.863848 -400589.361699 1.528836 0.088034 17.606894 0.434356 9.433250 1886.650030
 31.500000 1.697474 1.896801 0.199327 1.111477 1379.623117 1.733333 -3.118475 1000.000000 1.800000 0.254627 100.000000 -2.863848 -400586.630849 1.516689 0.146380 29.276083 0.406093 8.245570 1649.113958
 31.550000 1.684441 1.822766 0.138325 1.221141 2395.634964 1.733333 -3.118475 1000.000000 1.800000 0.254627 100.000000 -2.863848 -400587.720194 1.502961 0.230084 46.016716 0.381942 7.293985 1458.797023
 31.600000 1.700931 1.833166 0.132235 0.579951 1060.904553 1.733333 -3.118475 1000.000000 1.800000 0.254627 100.000000 -2.863848 -400588.529936 1.492347 0.307716 61.543198 0.428524 9.181621 1836.324215
 31.650000 1.741745 1.829014 0.087269 0.077469 79.175158 1.733333 -3.118475 1000.000000 1.800000 0.254627 100.000000 -2.863848 -400587.693198 1.484217 0.374799 74.959885 0.412104 8.491491 1698.298277
 31.700000 1.722504 1.924168 0.201664 0.829525 271.459865 1.733333 -3.118475 1000.000000 1.800000 0.254627 100.000000 -2.863848 -400587.576511 1.515978 0.150254 30.050839 0.423123 8.951640 1790.328078
 31.750000 1.692144 1.895630 0.203485 1.305518 1787.983529 1.733333 -3.118475 1000.000000 1.800000 0.254627 100.000000 -2.863848 -400589.258634 1.526644 0.097471 19.494226 0.437899 9.587774 1917.554849
 31.800000 1.718760 1.910026 0.191266 0.711478 333.439691 1.733333 -3.118475 1000.000000 1.800000 0.254627 100.000000 -2.863848 -400587.274643 1.507607 0.199644 39.928749 0.390703 7.632447 1526.489309
 31.850000 1.665085 1.870290 0.205205 2.575938 4707.217783 1.733333 -3.118475 1000.000000 1.800000 0.254627 100.000000 -2.863848 -400590.333527 1.537687 0.054812 10.962302 0.446970 9.989126 1997.825159
 31.900000 1.689559 1.831656 0.142097 1.008190 1926.193072 1.733333 -3.118475 1000.000000 1.800000 0.254627 100.000000 -2.863848 -400585.948685 1.494932 0.287771 57.554246 0.366109 6.701781 1340.356112
 31.950000 1.712313 1.811342 0.099029 0.227359 443.140826 1.733333 -3.118475 1000.000000 1.800000 0.254627 100.000000 -2.863848 -400588.184921 1.494444 0.291483 58.296679 0.418658 8.763739 1752.747854
 32.000000 1.692108 1.836637 0.144528 0.916856 1712.911711 1.733333 -3.118475 1000.000000 1.800000 0.254627 100.000000 -2.863848 -400585.846256 1.505274 0.214656 42.931188 0.409997 8.404884 1680.976809
 32.050000 1.755487 1.913176 0.157689 0.885821 618.853202 1.733333 -3.118475 1000.000000 1.800000 0.254627 100.000000 -2.863848 -400588.493197 1.483667 0.379577 75.915331 0.414627 8.595781 1719.156103
 32.100000 1.686847 1.903489 0.216641 1.615965 2268.037977 1.733333 -3.118475 1000.000000 1.800000 0.254627 100.000000 -2.863848 -400587.549102 1.543489 0.037285 7.456998 0.439089 9.639938 1927.987520
 32.150000 1.714220 1.923275 0.209055 0.942505 517.305706 1.733333 -3.118475 1000.000000 1.800000 0.254627 100.000000 -2.863848 -400587.167136 1.517936 0.139711 27.942240 0.396984 7.879804 1575.960844
 32.200000 1.681799 1.850215 0.168416 1.453957 2680.972754 1.733333 -3.118475 1000.000000 1.800000 0.254627 100.000000 -2.863848 -400587.952649 1.528958 0.087523 17.504647 0.423265 8.957652 1791.530457
 32.250000 1.700757 1.849421 0.148664 0.652744 1085.671125 1.733333 -3.118475 1000.000000 1.800000 0.254627 100.000000 -2.863848 -400587.928798 1.484474 0.372581 74.516191 0.408063 8.325772 1665.154342
 32.300000 1.686470 1.810122 0.123652 1.103229 2197.237760 1.733333 -3.118475 1000.000000 1.800000 0.254627 100.000000 -2.863848 -400586.042633 1.517656 0.141193 28.238663 0.372778 6.948173 1389.634680
 32.350000 1.713672 1.851359 0.137686 0.325164 412.932006 1.733333 -3.118475 1000.000000 1.800000 0.254627 100.000000 -2.863848 -400589.635077 1.481443 0.399199 79.839733 0.445887 9.940747 1988.149433
 32.400000 1.737179 1.910215 0.173036 0.614765 136.262584 1.733333 -3.118475 1000.000000 1.800000 0.254627 100.000000 -2.863848 -400584.268398 1.525555 0.102337 20.467354 0.400137 8.005499 1601.099835
 32.450000 1.702605 1.955559 0.252955 1.682058 1186.235174 1.733333 -3.118475 1000.000000 1.800000 0.254627 100.000000 -2.863848 -400587.209318 1.558358 0.007735 1.547027 0.445680 9.931535 1986.306958
 32.500000 1.706181 1.916057 0.209876 1.042083 871.940636 1.733333 -3.118475 1000.000000 1.800000 0.254627 100.000000 -2.863848 -400586.411607 1.488309 0.340205 68.041087 0.412220 8.496252 1699.250380
 32.550000 1.723256 1.875531 0.152275 0.336024 158.609694 1.733333 -3.118475 1000.000000 1.800000 0.254627 100.000000 -2.863848 -400585.181945 1.562557 0.003395 0.678944 0.404552 8.183104 1636.620703
 32.600000 1.661916 1.823677 0.161761 2.578254 5106.053322 1.733333 -3.118475 1000.000000 1.800000 0.254627 100.000000 -2.863848 -400590.536069 1.448061 0.753204 150.640725 0.423698 8.976001 1795.200181
 32.650000 1.708846 1.835506 0.126660 0.362844 612.227955 1.733333 -3.118475 1000.000000 1.800000 0.254627 100.000000 -2.863848 -400586.027002 1.524150 0.108793 21.758556 0.374668 7.018824 1403.764831
 32.700000 1.698485 1.838689 0.140204 0.682039 1229.363614 1.733333 -3.118475 1000.000000 1.800000 0.254627 100.000000 -2.863848 -400589.795299 1.484550 0.371920 74.384056 0.442449 9.788069 1957.613861
 32.750000 1.743096 1.882694 0.139598 0.389569 163.688155 1.733333 -3.118475 1000.000000 1.800000 0.254627 100.000000 -2.863848 -400587.767950 1.493901 0.295644 59.128898 0.416224 8.662134 1732.426716
 32.800000 1.704894 1.916038 0.211144 1.077627 943.420560 1.733333 -3.118475 1000.000000 1.800000 0.254627 100.000000 -2.863848 -400589.670479 1.520844 0.124760 24.951955 0.418408 8.753277 1750.655423
 32.850000 1.694577 1.895475 0.200898 1.206784 1593.176032 1.733333 -3.118475 1000.000000 1.800000 0.254627 100.000000 -2.863848 -400587.805255 1.526220 0.099353 19.870656 0.442301 9.781498 1956.299564
 32.900000 1.735674 1.891691 0.156018 0.423103 89.550151 1.733333 -3.118475 1000.000000 1.800000 0.254627 100.000000 -2.863848 -400585.500698 1.501178 0.242333 48.466510 0.382672 7.321888 1464.377674
 32.950000 1.666165 1.839430 0.173265 2.333527 4527.129031 1.733333 -3.118475 1000.000000 1.800000 0.254627 100.000000 -2.863848 -400589.188659 1.513313 0.165217 33.043373 0.435031 9.462583 1892.516621
 33.000000 1.722017 1.829086 0.107069 0.106325 136.508845 1.733333 -3.118475 1000.000000 1.800000 0.254627 100.000000 -2.863848 -400586.342139 1.496659 0.274814 54.962773 0.400967 8.038742 1607.748377
 33.050000 1.682817 1.843365 0.160549 1.369998 2570.747167 1.733333 -3.118475 1000.000000 1.800000 0.254627 100.000000 -2.863848 -400587.420168 1.490261 0.324294 64.858808 0.383948 7.370814 1474.162883
 33.100000 1.698084 1.846043 0.147959 0.727270 1263.746940 1.733333 -3.118475 1000.000000 1.800000 0.254627 100.000000 -2.863848 -400589.382730 1.522570 0.116287 23.257374 0.443352 9.828066 1965.613280
 33.150000 1.736146 1.908803 0.172657 0.595859 126.291924 1.733333 -3.118475 1000.000000 1.800000 0.254627 100.000000 -2.863848 -400586.133199 1.490642 0.321233 64.246652 0.389291 7.577362 1515.472318
 33.200000 1.703231 1.886447 0.183216 0.826722 980.866386 1.733333 -3.118475 1000.000000 1.800000 0.254627 100.000000 -2.863848 -400589.277777 1.525228 0.103825 20.764975 0.457145 10.449078 2089.815671
 33.250000 1.738345 1.887838 0.149493 0.398335 102.274533 1.733333 -3.118475 1000.000000 1.800000 0.254627 100.000000 -2.863848 -400583.456015 1.486838 0.352450 70.489944 0.386696 7.476679 1495.335707
 33.300000 1.720358 1.850834 0.130477 0.213391 194.211550 1.733333 -3.118475 1000.000000 1.800000 0.254627 100.000000 -2.863848 -400584.769513 1.511041 0.178534 35.706856 0.410487 8.424976 1684.995143
 33.350000 1.683270 1.824128 0.140857 1.282252 2512.109707 1.733333 -3.118475 1000.000000 1.800000 0.254627 100.000000 -2.863848 -400586.990370 1.465796 0.551251 110.250213 0.415579 8.635277 1727.055335
 33.400000 1.731239 1.815341 0.084102 0.013961 6.741049 1.733333 -3.118475 1000.000000 1.800000 0.254627 100.000000 -2.863848 -400584.579465 1.504042 0.222804 44.560802 0.383209 7.342463 1468.492675
 33.450000 1.676132 1.871835 0.195703 1.894004 3323.578546 1.733333 -3.118475 1000.000000 1.800000 0.254627 100.000000 -2.863848 -400588.822163 1.491440 0.314873 62.974570 0.425388 9.047735 1809.547041
 33.500000 1.741348 1.885474 0.144126 0.397409 137.291601 1.733333 -3.118475 1000.000000 1.800000 0.254627 100.000000 -2.863848 -400586.142195 1.528655 0.088794 17.758845 0.424150 8.995177 1799.035448
 33.550000 1.688451 1.963312 0.274860 2.340741 2281.119765 1.733333 -3.118475 1000.000000 1.800000 0.254627 100.000000 -2.863848 -400586.998242 1.518540 0.136539 27.307754 0.389542 7.587167 1517.433434
 33.600000 1.707890 1.865588 0.157698 0.538763 690.366629 1.733333 -3.118475 1000.000000 1.800000 0.254627 100.000000 -2.863848 -400588.977318 1.537117 0.056716 11.343125 0.457652 10.472253 2094.450559
 33.650000 1.727064 1.852161 0.125097 0.155689 66.510533 1.733333 -3.118475 1000.000000 1.800000 0.254627 100.000000 -2.863848 -400586.109300 1.470745 0.500516 100.103175 0.369694 6.833669 1366.733743
 33.700000 1.671709 1.818936 0.147227 1.916701 3801.128617 1.733333 -3.118475 1000.000000 1.800000 0.254627 100.000000 -2.863848 -400587.778013 1.513586 0.163654 32.730776 0.425070 9.034220 1806.844048
 33.750000 1.736951 1.832744 0.095793 0.060151 23.807516 1.733333 -3.118475 1000.000000 1.800000 0.254627 100.000000 -2.863848 -400586.326390 1.492528 0.306294 61.258887 0.412924 8.525309 1705.061803
 33.800000 1.667786 1.928238 0.260452 2.970485 4460.914086 1.733333 -3.118475 1000.000000 1.800000 0.254627 100.000000 -2.863848 -400588.340661 1.521921 0.119440 23.887976 0.397004 7.880622 1576.124369
 33.850000 1.698461 1.916142 0.217681 1.282493 1350.972367 1.733333 -3.118475 1000.000000 1.800000 0.254627 100.000000 -2.863848 -400588.030717 1.559434 0.006455 1.290913 0.439962 9.678349 1935.669825
 33.900000 1.739975 1.916121 0.176146 0.696262 178.956464 1.733333 -3.118475 1000.000000 1.800000 0.254627 100.000000 -2.863848 -400585.449350 1.488859 0.335686 67.137264 0.414948 8.609084 1721.816705
 33.950000 1.684459 1.876569 0.192110 1.487505 2447.358115 1.733333 -3.118475 1000.000000 1.800000 0.254627 100.000000 -2.863848 -400586.806550 1.540644 0.045457 9.091395 0.411437 8.464035 1692.807069
 34.000000 1.750557 1.772950 0.022393 0.184916 303.976566 1.733333 -3.118475 1000.000000 1.800000 0.254627 100.000000 -2.863848 -400584.217715 1.436704 0.899039 179.807834 0.428389 9.175845 1835.168924
 34.050000 1.721443 1.817896 0.096453 0.086704 144.584035 1.733333 -3.118475 1000.000000 1.800000 0.254627 100.000000 -2.863848 -400583.558910 1.500071 0.250100 50.020019 0.373214 6.964417 1392.883374
 34.100000 1.691331 1.834196 0.142865 0.940564 1775.884422 1.733333 -3.118475 1000.000000 1.800000 0.254627 100.000000 -2.863848 -400589.894634 1.475449 0.454560 90.912069 0.440357 9.695721 1939.144202
 34.150000 1.728005 1.941604 0.213599 1.016784 228.905201 1.733333 -3.118475 1000.000000 1.800000 0.254627 100.000000 -2.863848 -400584.869200 1.560293 0.005516 1.103128 0.390435 7.621992 1524.398492
 34.200000 1.687381 1.958535 0.271154 2.312474 2362.943721 1.733333 -3.118475 1000.000000 1.800000 0.254627 100.000000 -2.863848 -400587.542521 1.525592 0.102173 20.434583 0.434639 9.445544 1889.108889
 34.250000 1.759161 1.901647 0.142486 0.850150 770.411113 1.733333 -3.118475 1000.000000 1.800000 0.254627 100.000000 -2.863848 -400586.447808 1.520712 0.125421 25.084273 0.438542 9.615959 1923.191778
 34.300000 1.671114 1.833778 0.162665 1.992698 3882.708749 1.733333 -3.118475 1000.000000 1.800000 0.254627 100.000000 -2.863848 -400584.591048 1.468486 0.523375 104.674929 0.376225 7.077281 1415.456248
 34.350000 1.742933 1.794438 0.051505 0.047623 92.461619 1.733333 -3.118475 1000.000000 1.800000 0.254627 100.000000 -2.863848 -400583.934753 1.504848 0.217457 43.491489 0.422661 8.932126 1786.425256
 34.400000 1.693169 1.809232 0.116063 0.810832 1613.993401 1.733333 -3.118475 1000.000000 1.800000 0.254627 100.000000 -2.863848 -400586.088359 1.471118 0.496785 99.356914 0.402105 8.084417 1616.883375
 34.450000 1.711311 1.890453 0.179143 0.651589 566.817551 1.733333 -3.118475 1000.000000 1.800000 0.254627 100.000000 -2.863848 -400587.592774 1.511379 0.176518 35.303680 0.407944 8.320926 1664.185190
 34.500000 1.695572 1.921285 0.225713 1.448462 1573.014371 1.733333 -3.118475 1000.000000 1.800000 0.254627 100.000000 -2.863848 -400589.354815 1.539231 0.049819 9.963794 0.445159 9.908338 1981.667587
 34.550000 1.686352 2.000044 0.313692 3.104521 2607.452720 1.733333 -3.118475 1000.000000 1.800000 0.254627 100.000000 -2.863848 -400587.083292 1.541361 0.043322 8.664437 0.386227 7.458582 1491.716315
 34.600000 1.699819 1.861459 0.161640 0.750468 1160.984791 1.733333 -3.118475 1000.000000 1.800000 0.254627 100.000000 -2.863848 -400586.807743 1.548393 0.025096 5.019288 0.427929 9.156168 1831.233604
 34.650000 1.693129 1.855172 0.162043 0.960389 1646.822205 1.733333 -3.118475 1000.000000 1.800000 0.254627 100.000000 -2.863848 -400587.919368 1.443253 0.813366 162.673162 0.408079 8.326431 1665.286218
 34.700000 1.740118 1.796698 0.056580 0.023563 46.144479 1.733333 -3.118475 1000.000000 1.800000 0.254627 100.000000 -2.863848 -400583.152261 1.516908 0.145197 29.039465 0.387495 7.507607 1501.521349
 34.750000 1.715107 1.831705 0.116598 0.216364 342.260272 1.733333 -3.118475 1000.000000 1.800000 0.254627 100.000000 -2.863848 -400589.123503 1.445592 0.783804 156.760820 0.436595 9.530773 1906.154548
 34.800000 1.739137 1.871162 0.132025 0.270043 84.321555 1.733333 -3.118475 1000.000000 1.800000 0.254627 100.000000 -2.863848 -400583.801800 1.548315 0.025271 5.054109 0.405824 8.234656 1646.931275
 34.850000 1.726400 1.929583 0.203184 0.863629 215.994873 1.733333 -3.118475 1000.000000 1.800000 0.254627 100.000000 -2.863848 -400586.840992 1.479049 0.420882 84.176338 0.429418 9.219980 1843.996052
 34.900000 1.707073 1.938300 0.231227 1.301156 880.890665 1.733333 -3.118475 1000.000000 1.800000 0.254627 100.000000 -2.863848 -400587.245101 1.564403 0.002043 0.408694 0.439184 9.644131 1928.826188
 34.950000 1.694487 1.910462 0.215975 1.364608 1631.044822 1.733333 -3.118475 1000.000000 1.800000 0.254627 100.000000 -2.863848 -400586.205481 1.509787 0.186105 37.221039 0.380344 7.233064 1446.612853
 35.000000 1.701845 1.802798 0.100953 0.496153 991.601596 1.733333 -3.118475 1000.000000 1.800000 0.254627 100.000000 -2.863848 -400586.002392 1.510768 0.180171 36.034171 0.441668 9.753537 1950.707359
 35.050000 1.672467 1.824137 0.151670 1.881476 3710.519743 1.733333 -3.118475 1000.000000 1.800000 0.254627 100.000000 -2.863848 -400585.938274 1.489340 0.331753 66.350586 0.352834 6.224580 1244.916009
 35.100000 1.708197 1.834687 0.126489 0.376067 643.848068 1.733333 -3.118475 1000.000000 1.800000 0.254627 100.000000 -2.863848 -400587.144515 1.499168 0.256533 51.306552 0.431829 9.323829 1864.765871
 35.150000 1.710009 1.887790 0.177781 0.657364 621.084024 1.733333 -3.118475 1000.000000 1.800000 0.254627 100.000000 -2.863848 -400586.561311 1.511776 0.174169 34.833787 0.421758 8.893983 1778.796623
 35.200000 1.743465 1.921453 0.177988 0.788864 250.151206 1.733333 -3.118475 1000.000000 1.800000 0.254627 100.000000 -2.863848 -400584.007541 1.511266 0.177192 35.438404 0.405764 8.232222 1646.444413
 35.250000 1.705460 1.912620 0.207159 1.022617 903.750271 1.733333 -3.118475 1000.000000 1.800000 0.254627 100.000000 -2.863848 -400583.152367 1.548372 0.025143 5.028590 0.438570 9.617178 1923.435699
 35.300000 1.737909 1.883768 0.145859 0.361317 91.103793 1.733333 -3.118475 1000.000000 1.800000 0.254627 100.000000 -2.863848 -400584.857541 1.476709 0.442622 88.524386 0.419928 8.816972 1763.394402
 35.350000 1.686053 1.862786 0.176733 1.314803 2274.816580 1.733333 -3.118475 1000.000000 1.800000 0.254627 100.000000 -2.863848 -400582.485391 1.520580 0.126085 25.217074 0.371439 6.898351 1379.670249
 35.400000 1.659392 1.803478 0.144086 2.734242 5467.394425 1.733333 -3.118475 1000.000000 1.800000 0.254627 100.000000 -2.863848 -400588.468310 1.490034 0.326128 65.225632 0.424600 9.014261 1802.852103
 35.450000 1.746351 1.839895 0.093545 0.164305 185.363367 1.733333 -3.118475 1000.000000 1.800000 0.254627 100.000000 -2.863848 -400579.867913 1.505021 0.216322 43.264343 0.374394 7.008543 1401.708659
 35.500000 1.675875 1.883348 0.207473 1.998058 3370.897509 1.733333 -3.118475 1000.000000 1.800000 0.254627 100.000000 -2.863848 -400588.447211 1.491957 0.310778 62.155609 0.427247 9.126980 1825.396063
 35.550000 1.723830 1.902949 0.179120 0.575088 196.301978 1.733333 -3.118475 1000.000000 1.800000 0.254627 100.000000 -2.863848 -400585.591653 1.549422 0.022843 4.568530 0.427000 9.116461 1823.292189
 35.600000 1.710602 1.902644 0.192042 0.785137 622.055533 1.733333 -3.118475 1000.000000 1.800000 0.254627 100.000000 -2.863848 -400585.083864 1.499206 0.256261 51.252129 0.392221 7.691868 1538.373635
 35.650000 1.711865 1.872821 0.160957 0.495602 513.938046 1.733333 -3.118475 1000.000000 1.800000 0.254627 100.000000 -2.863848 -400587.203961 1.519368 0.132245 26.448955 0.439796 9.671005 1934.201034
 35.700000 1.708893 1.840055 0.131162 0.378875 613.352454 1.733333 -3.118475 1000.000000 1.800000 0.254627 100.000000 -2.863848 -400584.844728 1.486987 0.351204 70.240761 0.399345 7.973818 1594.763560
 35.750000 1.689431 1.869771 0.180340 1.207105 1976.089441 1.733333 -3.118475 1000.000000 1.800000 0.254627 100.000000 -2.863848 -400587.579102 1.514462 0.158677 31.735316 0.391430 7.660879 1532.175737
 35.800000 1.694393 1.813337 0.118944 0.767074 1518.139814 1.733333 -3.118475 1000.000000 1.800000 0.254627 100.000000 -2.863848 -400586.947673 1.498745 0.259568 51.913674 0.435291 9.473899 1894.779827
 35.850000 1.715784 1.898232 0.182447 0.636456 404.457437 1.733333 -3.118475 1000.000000 1.800000 0.254627 100.000000 -2.863848 -400587.453503 1.517734 0.140783 28.156568 0.380705 7.246829 1449.365752
 35.900000 1.708992 1.866648 0.157656 0.518350 636.928028 1.733333 -3.118475 1000.000000 1.800000 0.254627 100.000000 -2.863848 -400588.632784 1.490234 0.324511 64.902190 0.448236 10.045779 2009.155841
 35.950000 1.751079 1.870453 0.119374 0.405631 364.541557 1.733333 -3.118475 1000.000000 1.800000 0.254627 100.000000 -2.863848 -400587.278496 1.515637 0.152127 30.425326 0.416378 8.668529 1733.705863
 36.000000 1.675400 1.885485 0.210085 2.043541 3429.392712 1.733333 -3.118475 1000.000000 1.800000 0.254627 100.000000 -2.863848 -400588.724905 1.513582 0.163671 32.734277 0.407988 8.322710 1664.542076
 36.050000 1.708411 1.849345 0.140934 0.432301 645.455390 1.733333 -3.118475 1000.000000 1.800000 0.254627 100.000000 -2.863848 -400586.661709 1.515655 0.152028 30.405660 0.427481 9.136987 1827.397488
 36.100000 1.696839 1.858254 0.161414 0.835580 1365.747805 1.733333 -3.118475 1000.000000 1.800000 0.254627 100.000000 -2.863848 -400586.483296 1.494077 0.294293 58.858568 0.389645 7.591147 1518.229412
 36.150000 1.704443 1.838339 0.133896 0.490832 849.374203 1.733333 -3.118475 1000.000000 1.800000 0.254627 100.000000 -2.863848 -400589.219866 1.530981 0.079263 15.852646 0.434621 9.444774 1888.954853
 36.200000 1.715560 1.863320 0.147760 0.358419 355.993232 1.733333 -3.118475 1000.000000 1.800000 0.254627 100.000000 -2.863848 -400586.939391 1.474776 0.460998 92.199638 0.394808 7.793664 1558.732895
 36.250000 1.684085 1.887876 0.203790 1.598782 2502.571045 1.733333 -3.118475 1000.000000 1.800000 0.254627 100.000000 -2.863848 -400588.882125 1.546637 0.029183 5.836614 0.423731 8.977391 1795.478206
 36.300000 1.723496 1.875780 0.152284 0.335517 154.200943 1.733333 -3.118475 1000.000000 1.800000 0.254627 100.000000 -2.863848 -400588.446319 1.490508 0.322308 64.461543 0.439655 9.664821 1932.964159
 36.350000 1.723497 1.891279 0.167782 0.464969 180.067187 1.733333 -3.118475 1000.000000 1.800000 0.254627 100.000000 -2.863848 -400587.421492 1.510288 0.183063 36.612520 0.403388 8.136100 1627.220025
 36.400000 1.692583 1.857650 0.165068 0.996485 1693.850886 1.733333 -3.118475 1000.000000 1.800000 0.254627 100.000000 -2.863848 -400590.184324 1.519433 0.131911 26.382278 0.434739 9.449880 1889.976063
 36.450000 1.722247 1.829688 0.107441 0.105523 131.725313 1.733333 -3.118475 1000.000000 1.800000 0.254627 100.000000 -2.863848 -400584.489157 1.487205 0.349373 69.874697 0.385153 7.417145 1483.428956
 36.500000 1.706443 1.833486 0.127043 0.417616 734.311550 1.733333 -3.118475 1000.000000 1.800000 0.254627 100.000000 -2.863848 -400588.322964 1.485640 0.362581 72.516103 0.409619 8.389404 1677.880812
 36.550000 1.705230 1.824683 0.119452 0.425354 795.877492 1.733333 -3.118475 1000.000000 1.800000 0.254627 100.000000 -2.863848 -400588.751699 1.503906 0.223719 44.743812 0.419336 8.792118 1758.423588
 36.600000 1.686829 1.892751 0.205922 1.511466 2248.687581 1.733333 -3.118475 1000.000000 1.800000 0.254627 100.000000 -2.863848 -400586.706140 1.533179 0.070752 14.150459 0.380209 7.227949 1445.589851
 36.650000 1.689466 1.907045 0.217579 1.535103 2038.935890 1.733333 -3.118475 1000.000000 1.800000 0.254627 100.000000 -2.863848 -400589.266465 1.502185 0.235374 47.074777 0.446110 9.950707 1990.141302
 36.700000 1.738441 1.920659 0.182218 0.740979 171.674812 1.733333 -3.118475 1000.000000 1.800000 0.254627 100.000000 -2.863848 -400583.443474 1.544324 0.035038 7.007676 0.400190 8.007583 1601.516611
 36.750000 1.712959 1.880150 0.167191 0.528755 479.351146 1.733333 -3.118475 1000.000000 1.800000 0.254627 100.000000 -2.863848 -400585.779736 1.486159 0.358170 71.634067 0.438641 9.620278 1924.055597
 36.800000 1.726675 1.842731 0.116057 0.113468 62.599084 1.733333 -3.118475 1000.000000 1.800000 0.254627 100.000000 -2.863848 -400584.177960 1.503686 0.225189 45.037832 0.394051 7.763797 1552.759363
 36.850000 1.708143 1.791970 0.083827 0.320506 635.208457 1.733333 -3.118475 1000.000000 1.800000 0.254627 100.000000 -2.863848 -400584.030684 1.467079 0.537860 107.571939 0.383048 7.336301 1467.260162
 36.900000 1.709407 1.821329 0.111922 0.308988 577.033589 1.733333 -3.118475 1000.000000 1.800000 0.254627 100.000000 -2.863848 -400585.281884 1.496145 0.278644 55.728789 0.432486 9.352206 1870.441287
 36.950000 1.702662 1.912836 0.210174 1.106969 1068.054637 1.733333 -3.118475 1000.000000 1.800000 0.254627 100.000000 -2.863848 -400586.533114 1.507242 0.201960 40.392050 0.397667 7.906937 1581.387306
 37.000000 1.692243 1.948969 0.256726 1.953783 1910.305227 1.733333 -3.118475 1000.000000 1.800000 0.254627 100.000000 -2.863848 -400587.958526 1.577594 0.002310 0.462052 0.427542 9.139624 1827.924893
 37.050000 1.675960 1.944740 0.268780 2.693338 3501.198633 1.733333 -3.118475 1000.000000 1.800000 0.254627 100.000000 -2.863848 -400587.248284 1.531277 0.078089 15.617878 0.423506 8.967846 1793.569159
 37.100000 1.708938 1.902282 0.193344 0.820653 699.753681 1.733333 -3.118475 1000.000000 1.800000 0.254627 100.000000 -2.863848 -400586.450700 1.524576 0.106818 21.363547 0.377674 7.131881 1426.376173
 37.150000 1.691064 1.793710 0.102646 0.895322 1787.083357 1.733333 -3.118475 1000.000000 1.800000 0.254627 100.000000 -2.863848 -400590.182411 1.491110 0.317492 63.498455 0.432905 9.370347 1874.069335
 37.200000 1.707812 1.801931 0.094119 0.325860 651.383820 1.733333 -3.118475 1000.000000 1.800000 0.254627 100.000000 -2.863848 -400585.231675 1.479519 0.416581 83.316122 0.364282 6.635067 1327.013498
 37.250000 1.719184 1.842625 0.123441 0.190944 218.369085 1.733333 -3.118475 1000.000000 1.800000 0.254627 100.000000 -2.863848 -400589.017842 1.485730 0.361816 72.363231 0.425159 9.037988 1807.597648
 37.300000 1.713229 1.895003 0.181774 0.653363 494.420781 1.733333 -3.118475 1000.000000 1.800000 0.254627 100.000000 -2.863848 -400589.873633 1.523518 0.111762 22.352386 0.428940 9.199458 1839.891508
 37.350000 1.729094 1.929798 0.200704 0.851359 186.449950 1.733333 -3.118475 1000.000000 1.800000 0.254627 100.000000 -2.863848 -400586.642134 1.516812 0.145717 29.143387 0.412627 8.513032 1702.606487
 37.400000 1.684027 1.927326 0.243299 2.026156 2593.240163 1.733333 -3.118475 1000.000000 1.800000 0.254627 100.000000 -2.863848 -400589.208898 1.536393 0.059178 11.835576 0.434822 9.453501 1890.700285
 37.450000 1.700673 1.872718 0.172046 0.797757 1119.596988 1.733333 -3.118475 1000.000000 1.800000 0.254627 100.000000 -2.863848 -400585.468782 1.514976 0.155797 31.159466 0.399490 7.979623 1595.924581
 37.500000 1.699269 1.826474 0.127205 0.615231 1167.385177 1.733333 -3.118475 1000.000000 1.800000 0.254627 100.000000 -2.863848 -400587.020265 1.497033 0.272051 54.410152 0.404135 8.166243 1633.248524
 37.550000 1.718882 1.793487 0.074605 0.106537 209.256680 1.733333 -3.118475 1000.000000 1.800000 0.254627 100.000000 -2.863848 -400586.530622 1.477644 0.433867 86.773477 0.414377 8.585425 1717.085014
 37.600000 1.735668 1.869250 0.133582 0.242505 53.407046 1.733333 -3.118475 1000.000000 1.800000 0.254627 100.000000 -2.863848 -400585.869864 1.496131 0.278743 55.748571 0.395439 7.818610 1563.721977
 37.650000 1.711106 1.914424 0.203318 0.901675 624.991925 1.733333 -3.118475 1000.000000 1.800000 0.254627 100.000000 -2.863848 -400587.652451 1.531647 0.076635 15.327086 0.454797 10.342026 2068.405213
 37.700000 1.705201 1.932826 0.227625 1.277848 967.850258 1.733333 -3.118475 1000.000000 1.800000 0.254627 100.000000 -2.863848 -400586.565453 1.519733 0.130371 26.074276 0.393927 7.758917 1551.783304
 37.750000 1.682779 1.890432 0.207653 1.686762 2637.507684 1.733333 -3.118475 1000.000000 1.800000 0.254627 100.000000 -2.863848 -400588.668647 1.539754 0.048181 9.636180 0.414116 8.574607 1714.921309
 37.800000 1.697698 1.862925 0.165228 0.832934 1309.506619 1.733333 -3.118475 1000.000000 1.800000 0.254627 100.000000 -2.863848 -400586.483703 1.497953 0.265309 53.061813 0.418563 8.759756 1751.951237
 37.850000 1.727681 1.800517 0.072836 0.015989 31.954014 1.733333 -3.118475 1000.000000 1.800000 0.254627 100.000000 -2.863848 -400585.597727 1.464732 0.562484 112.496848 0.386973 7.487419 1497.483869
 37.900000 1.705510 1.795500 0.089990 0.388082 774.341366 1.733333 -3.118475 1000.000000 1.800000 0.254627 100.000000 -2.863848 -400583.320898 1.505236 0.214907 42.981432 0.420277 8.831621 1766.324299
 37.950000 1.739790 1.847384 0.107594 0.133109 64.145335 1.733333 -3.118475 1000.000000 1.800000 0.254627 100.000000 -2.863848 -400586.930947 1.470945 0.498514 99.702748 0.420117 8.824916 1764.983235
 38.000000 1.707472 1.907523 0.200051 0.912466 784.421434 1.733333 -3.118475 1000.000000 1.800000 0.254627 100.000000 -2.863848 -400586.055809 1.529766 0.084173 16.834574 0.400712 8.028498 1605.699675
 38.050000 1.692789 1.916012 0.223223 1.494856 1778.429282 1.733333 -3.118475 1000.000000 1.800000 0.254627 100.000000 -2.863848 -400588.846535 1.531892 0.075677 15.135482 0.440078 9.683429 1936.685755
 38.100000 1.700817 1.924542 0.223725 1.304195 1212.434127 1.733333 -3.118475 1000.000000 1.800000 0.254627 100.000000 -2.863848 -400585.491333 1.559666 0.006194 1.238816 0.398030 7.921401 1584.280254
 38.150000 1.704822 1.876772 0.171951 0.701158 871.857296 1.733333 -3.118475 1000.000000 1.800000 0.254627 100.000000 -2.863848 -400590.692925 1.472038 0.487656 97.531298 0.435986 9.504174 1900.834744
 38.200000 1.723808 1.831729 0.107921 0.095702 100.798651 1.733333 -3.118475 1000.000000 1.800000 0.254627 100.000000 -2.863848 -400587.180460 1.527690 0.092908 18.581654 0.406784 8.273681 1654.736223
 38.250000 1.693925 1.821857 0.127933 0.800409 1557.819949 1.733333 -3.118475 1000.000000 1.800000 0.254627 100.000000 -2.863848 -400589.341078 1.446032 0.778308 155.661537 0.412208 8.495765 1699.153036
 38.300000 1.695865 1.816681 0.120816 0.715845 1406.645587 1.733333 -3.118475 1000.000000 1.800000 0.254627 100.000000 -2.863848 -400587.238813 1.523256 0.113006 22.601289 0.396032 7.842083 1568.416508
 38.350000 1.707864 1.869369 0.161505 0.564938 696.790382 1.733333 -3.118475 1000.000000 1.800000 0.254627 100.000000 -2.863848 -400588.993621 1.505827 0.211052 42.210375 0.423122 8.951591 1790.318221
 38.400000 1.674470 1.929699 0.255229 2.573548 3633.137693 1.733333 -3.118475 1000.000000 1.800000 0.254627 100.000000 -2.863848 -400588.983575 1.536718 0.058066 11.613156 0.412938 8.525900 1705.180061
 38.450000 1.729035 1.923278 0.194243 0.769108 170.453203 1.733333 -3.118475 1000.000000 1.800000 0.254627 100.000000 -2.863848 -400587.065954 1.528026 0.091464 18.292823 0.432619 9.357948 1871.589610
 38.500000 1.711606 1.935939 0.224333 1.160005 656.868044 1.733333 -3.118475 1000.000000 1.800000 0.254627 100.000000 -2.863848 -400586.400797 1.529507 0.085242 17.048487 0.427741 9.148130 1829.626069
 38.550000 1.729207 1.842430 0.113223 0.098528 35.025976 1.733333 -3.118475 1000.000000 1.800000 0.254627 100.000000 -2.863848 -400588.017024 1.497216 0.270705 54.140928 0.434149 9.424264 1884.852873
 38.600000 1.697591 1.838470 0.140879 0.712749 1292.305433 1.733333 -3.118475 1000.000000 1.800000 0.254627 100.000000 -2.863848 -400586.314724 1.470755 0.500410 100.081925 0.387011 7.488862 1497.772304
 38.650000 1.696406 1.810173 0.113767 0.686989 1364.663033 1.733333 -3.118475 1000.000000 1.800000 0.254627 100.000000 -2.863848 -400585.217165 1.527526 0.093615 18.722940 0.428459 9.178837 1835.767430
 38.700000 1.711740 1.865316 0.153576 0.446454 508.951282 1.733333 -3.118475 1000.000000 1.800000 0.254627 100.000000 -2.863848 -400585.781962 1.456050 0.658331 131.666294 0.387058 7.490701 1498.140229
 38.750000 1.677961 1.880825 0.202864 1.859696 3131.450469 1.733333 -3.118475 1000.000000 1.800000 0.254627 100.000000 -2.863848 -400585.782579 1.559856 0.005984 1.196889 0.430291 9.257505 1851.501069
 38.800000 1.721656 1.905858 0.184202 0.628480 248.420476 1.733333 -3.118475 1000.000000 1.800000 0.254627 100.000000 -2.863848 -400588.003700 1.499585 0.253555 50.710904 0.422526 8.926415 1785.283015
 38.850000 1.737624 1.906155 0.168532 0.572651 131.096885 1.733333 -3.118475 1000.000000 1.800000 0.254627 100.000000 -2.863848 -400583.769876 1.521031 0.123829 24.765714 0.428053 9.161471 1832.294130
 38.900000 1.695389 1.911977 0.216588 1.346833 1565.159243 1.733333 -3.118475 1000.000000 1.800000 0.254627 100.000000 -2.863848 -400588.563628 1.526146 0.099682 19.936356 0.429170 9.209363 1841.872605
 38.950000 1.727939 1.833289 0.105350 0.069958 40.183907 1.733333 -3.118475 1000.000000 1.800000 0.254627 100.000000 -2.863848 -400585.793534 1.495348 0.284620 56.923960 0.416759 8.684398 1736.879593
 39.000000 1.685316 1.848612 0.163296 1.270974 2329.265634 1.733333 -3.118475 1000.000000 1.800000 0.254627 100.000000 -2.863848 -400589.053970 1.497393 0.269401 53.880291 0.397007 7.880719 1576.143802
 39.050000 1.676455 1.842114 0.165660 1.706267 3252.909752 1.733333 -3.118475 1000.000000 1.800000 0.254627 100.000000 -2.863848 -400588.606947 1.505971 0.210118 42.023649 0.414632 8.595974 1719.194895
 39.100000 1.709372 1.881994 0.172622 0.623230 641.392167 1.733333 -3.118475 1000.000000 1.800000 0.254627 100.000000 -2.863848 -400587.800160 1.541419 0.043151 8.630225 0.410332 8.418601 1683.720184
 39.150000 1.703660 1.892211 0.188551 0.865400 965.546710 1.733333 -3.118475 1000.000000 1.800000 0.254627 100.000000 -2.863848 -400588.490864 1.461861 0.593347 118.669446 0.425987 9.073252 1814.650371
 39.200000 1.734300 1.877568 0.143268 0.301310 61.102936 1.733333 -3.118475 1000.000000 1.800000 0.254627 100.000000 -2.863848 -400587.667217 1.564433 0.002025 0.404916 0.424669 9.017181 1803.436216
 39.250000 1.704380 1.916154 0.211775 1.093748 973.228657 1.733333 -3.118475 1000.000000 1.800000 0.254627 100.000000 -2.863848 -400587.973560 1.467016 0.538523 107.704559 0.424813 9.023305 1804.661055
 39.300000 1.734603 1.841742 0.107139 0.087925 19.035869 1.733333 -3.118475 1000.000000 1.800000 0.254627 100.000000 -2.863848 -400586.853111 1.524491 0.107210 21.441943 0.410348 8.419272 1683.854303
 39.350000 1.702704 1.825980 0.123276 0.502837 944.928592 1.733333 -3.118475 1000.000000 1.800000 0.254627 100.000000 -2.863848 -400585.777276 1.472889 0.479293 95.858559 0.405186 8.208789 1641.757786
 39.400000 1.691656 1.835719 0.144063 0.932298 1749.767723 1.733333 -3.118475 1000.000000 1.800000 0.254627 100.000000 -2.863848 -400586.417486 1.535038 0.063934 12.786708 0.413053 8.530642 1706.128422
 39.450000 1.698865 1.867242 0.168377 0.820100 1233.268931 1.733333 -3.118475 1000.000000 1.800000 0.254627 100.000000 -2.863848 -400586.088960 1.494729 0.289314 57.862747 0.391066 7.646647 1529.329392
 39.500000 1.716099 1.875380 0.159281 0.432615 353.832200 1.733333 -3.118475 1000.000000 1.800000 0.254627 100.000000 -2.863848 -400588.089283 1.541813 0.042002 8.400310 0.436692 9.534978 1906.995699
 39.550000 1.702905 1.877384 0.174479 0.762368 985.794767 1.733333 -3.118475 1000.000000 1.800000 0.254627 100.000000 -2.863848 -400588.408044 1.501511 0.240026 48.005136 0.413075 8.531547 1706.309391
 39.600000 1.725852 1.879009 0.153157 0.340108 118.396488 1.733333 -3.118475 1000.000000 1.800000 0.254627 100.000000 -2.863848 -400587.190622 1.480151 0.410832 82.166372 0.406663 8.268753 1653.750566
 39.650000 1.717188 1.850728 0.133540 0.259007 286.415780 1.733333 -3.118475 1000.000000 1.800000 0.254627 100.000000 -2.863848 -400589.593519 1.546679 0.029083 5.816643 0.441215 9.733551 1946.710247
 39.700000 1.716341 1.861936 0.145595 0.336171 327.098293 1.733333 -3.118475 1000.000000 1.800000 0.254627 100.000000 -2.863848 -400586.865080 1.454549 0.675667 135.133459 0.401620 8.064924 1612.984812
 39.750000 1.701448 1.846384 0.144936 0.615901 1038.170541 1.733333 -3.118475 1000.000000 1.800000 0.254627 100.000000 -2.863848 -400586.002895 1.581274 0.005489 1.097769 0.413803 8.561648 1712.329677
 39.800000 1.671233 1.867856 0.196623 2.158468 3902.538283 1.733333 -3.118475 1000.000000 1.800000 0.254627 100.000000 -2.863848 -400587.631831 1.460397 0.609400 121.879940 0.418128 8.741542 1748.308401
 39.850000 1.723487 1.878510 0.155023 0.356667 158.585588 1.733333 -3.118475 1000.000000 1.800000 0.254627 100.000000 -2.863848 -400584.942061 1.571372 0.000017 0.003318 0.401285 8.051496 1610.299274
 39.900000 1.682488 1.866806 0.184318 1.515770 2629.863161 1.733333 -3.118475 1000.000000 1.800000 0.254627 100.000000 -2.863848 -400585.437953 1.448254 0.750830 150.166067 0.434846 9.454567 1890.913335
 39.950000 1.755081 1.868744 0.113662 0.472773 520.236325 1.733333 -3.118475 1000.000000 1.800000 0.254627 100.000000 -2.863848 -400585.975046 1.549658 0.022342 4.468359 0.412673 8.514940 1702.988004
 40.000000 1.693415 1.846861 0.153445 0.906520 1615.408751 1.733333 -3.118475 1000.000000 1.800000 0.254627 100.000000 -2.863848 -400585.275093 1.447529 0.759737 151.947355 0.446936 9.987592 1997.518471
