#! FIELDS time d1 d2 rc steer.bias steer.force2 steer.d1_cntr steer.d1_work steer.d1_kappa steer.d2_cntr steer.d2_work steer.d2_kappa steer.work ener an res.bias res.force2 an2 res2.bias res2.force2
 0.000000 2.644139 1.840637 -0.803502 0.008586 17.136183 2.640000 0.000000 1000.000000 1.840000 0.000000 100.000000 0.000000 -400576.064421 1.275815 4.350712 870.142465 0.097644 0.476720 95.344035
 0.050000 2.636787 1.871515 -0.765272 0.054821 20.255657 2.640000 0.000000 1000.000000 1.840000 0.000000 100.000000 0.000000 -400570.045047 1.444742 0.794484 158.896766 0.089849 0.403643 80.728559
 0.100000 2.626735 1.891993 -0.734743 0.223137 202.979957 2.640000 0.000000 1000.000000 1.840000 0.000000 100.000000 0.000000 -400572.725882 1.371298 1.989975 397.995021 0.166722 1.389812 277.962434
 0.150000 2.631441 1.830914 -0.800527 0.040758 74.086106 2.640000 0.000000 1000.000000 1.840000 0.000000 100.000000 0.000000 -400572.629242 1.388097 1.668956 333.791272 0.066700 0.222446 44.489211
 0.200000 2.634575 1.833015 -0.801560 0.017152 29.913882 2.640000 0.000000 1000.000000 1.840000 0.000000 100.000000 0.000000 -400572.748109 1.338434 2.699622 539.924394 0.103417 0.534752 106.950303
 0.250000 2.654445 1.858370 -0.796075 0.121208 212.044835 2.640000 0.000000 1000.000000 1.840000 0.000000 100.000000 0.000000 -400572.837262 1.406782 1.345036 269.007107 0.154306 1.190523 238.104563
 0.300000 2.647429 1.864427 -0.783002 0.057428 61.155124 2.640000 0.000000 1000.000000 1.840000 0.000000 100.000000 0.000000 -400573.507755 1.388326 1.664766 332.953239 0.112476 0.632548 126.509553
 0.350000 2.614836 1.845481 -0.769355 0.318116 633.527926 2.640000 0.000000 1000.000000 1.840000 0.000000 100.000000 0.000000 -400573.019482 1.308587 3.437675 687.534945 0.115457 0.666521 133.304234
 0.400000 2.640139 1.794132 -0.846007 0.105203 21.058075 2.640000 0.000000 1000.000000 1.840000 0.000000 100.000000 0.000000 -400570.776245 1.458349 0.632219 126.443765 0.153731 1.181663 236.332668
 0.450000 2.635335 1.873656 -0.761678 0.067520 33.093192 2.640000 0.000000 1000.000000 1.840000 0.000000 100.000000 0.000000 -400573.421977 1.302157 3.608360 721.671943 0.117608 0.691587 138.317499
 0.500000 2.627998 1.890664 -0.737334 0.200371 169.727957 2.640000 0.000000 1000.000000 1.840000 0.000000 100.000000 0.000000 -400568.621774 1.431742 0.966803 193.360674 0.057147 0.163287 32.657371
 0.550000 2.601505 1.855301 -0.746204 0.005463 6.694967 2.604000 -0.172044 1000.000000 1.848444 -0.007646 100.000000 -0.179690 -400572.116923 1.352639 2.379628 475.925619 0.200960 2.019241 403.848115
 0.600000 2.582683 1.822394 -0.760290 0.167299 227.503610 2.568000 -0.203740 1000.000000 1.856889 -0.005708 100.000000 -0.209449 -400570.928686 1.448729 0.745025 149.005001 0.089276 0.398508 79.701673
 0.650000 2.543148 1.898799 -0.644348 0.118134 135.469351 2.532000 -0.125435 1000.000000 1.865333 -0.019102 100.000000 -0.144537 -400572.704950 1.313668 3.305744 661.148856 0.080523 0.324199 64.839883
 0.700000 2.478508 1.867124 -0.611383 0.155207 306.429257 2.496000 -0.167246 1000.000000 1.873778 -0.006531 100.000000 -0.173777 -400572.361249 1.429924 0.992254 198.450773 0.139959 0.979430 195.886007
 0.750000 2.469210 1.847652 -0.621558 0.102164 96.768306 2.460000 -0.149878 1000.000000 1.882222 -0.010915 100.000000 -0.160793 -400572.037240 1.415176 1.210890 242.177953 0.115240 0.664017 132.803432
 0.800000 2.416780 1.893591 -0.523189 0.026489 52.207549 2.424000 0.103784 1000.000000 1.890667 -0.002213 100.000000 0.101571 -400571.395886 1.339899 2.665689 533.137813 0.103144 0.531934 106.386886
 0.850000 2.398377 1.877803 -0.520573 0.076538 112.215375 2.388000 0.276679 1000.000000 1.899111 -0.003099 100.000000 0.273579 -400570.029925 1.512437 0.170290 34.058061 0.139593 0.974314 194.862831
 0.900000 2.351776 1.944854 -0.406922 0.069584 13.961859 2.352000 0.574800 1000.000000 1.907556 0.013805 100.000000 0.588605 -400571.339844 1.335343 2.771918 554.383613 0.129065 0.832883 166.576659
 0.950000 2.323346 1.884809 -0.438537 0.075627 63.692410 2.316000 0.905911 1000.000000 1.916000 0.007712 100.000000 0.913624 -400568.553143 1.496866 0.273288 54.657587 0.071272 0.253983 50.796504
 1.000000 2.292404 1.940115 -0.352290 0.089213 156.325941 2.280000 1.395430 1000.000000 1.924444 0.013096 100.000000 1.408526 -400571.625366 1.387980 1.671086 334.217173 0.156191 1.219781 243.956164
 1.050000 2.260991 1.920230 -0.340761 0.152364 290.305864 2.244000 1.775782 1000.000000 1.932889 0.020768 100.000000 1.796551 -400567.997883 1.462212 0.589531 117.906279 0.075059 0.281693 56.338643
 1.100000 2.242398 1.952671 -0.289726 0.598028 1184.487114 2.208000 2.344906 1000.000000 1.941333 -0.000719 100.000000 2.344187 -400569.932987 1.458101 0.635011 127.002140 0.129292 0.835817 167.163420
 1.150000 2.183915 1.970044 -0.213871 0.091518 146.071431 2.172000 2.896490 1000.000000 1.949778 0.014795 100.000000 2.911285 -400569.929625 1.435172 0.919700 183.940077 0.124083 0.769830 153.966059
 1.200000 2.147198 1.964448 -0.182750 0.064630 125.772284 2.136000 3.369286 1000.000000 1.958222 -0.029328 100.000000 3.339959 -400566.128508 1.503015 0.229719 45.943727 0.066721 0.222585 44.517085
 1.250000 2.106543 2.069503 -0.037040 0.550169 148.561748 2.100000 3.900013 1000.000000 1.966667 -0.044276 100.000000 3.855738 -400567.063298 1.427568 1.025723 205.144695 0.123182 0.758695 151.738912
 1.300000 2.065966 1.972940 -0.093026 0.002168 3.912754 2.064000 4.298665 1000.000000 1.975111 -0.114505 100.000000 4.184161 -400565.274735 1.534450 0.066053 13.210564 0.081961 0.335884 67.176850
 1.350000 2.035110 2.179521 0.144412 1.945405 434.574394 2.028000 4.530216 1000.000000 1.983556 -0.160910 100.000000 4.369306 -400567.838755 1.501045 0.243265 48.652964 0.089115 0.397077 79.415485
 1.400000 1.989297 2.054263 0.064966 0.197485 46.073880 1.992000 4.365671 1000.000000 1.992000 -0.323401 100.000000 4.042270 -400565.667451 1.484064 0.376125 75.224975 0.069258 0.239835 47.966908
 1.450000 1.944978 2.253797 0.308819 3.270124 763.355627 1.956000 4.249740 1000.000000 2.000444 -0.399584 100.000000 3.850157 -400570.033770 1.578648 0.003083 0.616538 0.083041 0.344793 68.958532
 1.500000 1.897678 2.257426 0.359748 3.337664 1115.977145 1.920000 3.353949 1000.000000 2.008889 -0.660580 100.000000 2.693369 -400570.224994 1.530777 0.080079 16.015734 0.062369 0.194492 38.898462
 1.550000 1.857034 2.271917 0.414883 3.604235 1375.291207 1.884000 2.554378 1000.000000 2.017333 -0.837977 100.000000 1.716401 -400571.285520 1.555276 0.012044 2.408794 0.072686 0.264161 52.832250
 1.600000 1.808816 2.436465 0.627649 9.200887 3221.996432 1.848000 1.298382 1000.000000 2.025778 -1.162260 100.000000 0.136122 -400578.372614 1.579631 0.003902 0.780496 0.081761 0.334242 66.848464
 1.650000 1.771358 2.347221 0.575863 5.724312 2631.462628 1.812000 -0.108175 1000.000000 2.034222 -1.420509 100.000000 -1.528685 -400576.926941 1.557289 0.009122 1.824459 0.066683 0.222332 44.466314
 1.700000 1.726523 2.493434 0.766911 11.383551 4479.879056 1.776000 -1.738232 1000.000000 2.042667 -1.793916 100.000000 -3.532148 -400583.137762 1.542407 0.040297 8.059495 0.075541 0.285321 57.064184
 1.750000 1.695806 2.453073 0.757267 9.055228 3568.832783 1.740000 -3.400619 1000.000000 2.051111 -2.101382 100.000000 -5.502002 -400584.646153 1.602949 0.051691 10.338110 0.083185 0.345989 69.197714
 1.800000 1.653277 2.497176 0.843899 10.862001 4487.980501 1.704000 -5.050962 1000.000000 2.059556 -2.487551 100.000000 -7.538512 -400588.196590 1.574667 0.000749 0.149790 0.078216 0.305884 61.176847
 1.850000 1.616080 2.510226 0.894146 11.126048 4651.349105 1.668000 -6.699515 1000.000000 2.068000 -2.830141 100.000000 -9.529655 -400591.283657 1.556647 0.010011 2.002148 0.094798 0.449335 89.866949
 1.900000 1.590246 2.510914 0.920668 10.309872 3631.029481 1.632000 -8.185417 1000.000000 2.076444 -3.245984 100.000000 -11.431401 -400588.774004 1.607791 0.068430 13.685947 0.096182 0.462552 92.510497
 1.950000 1.574936 2.584953 1.010017 12.725043 2944.349283 1.596000 -9.472570 1000.000000 2.084889 -3.600249 100.000000 -13.072820 -400594.454550 1.619484 0.118525 23.705091 0.088503 0.391639 78.327725
 2.000000 1.513188 2.507859 0.994671 9.687255 3909.646071 1.560000 -10.521842 1000.000000 2.093333 -4.011489 100.000000 -14.533331 -400592.711023 1.598070 0.037193 7.438617 0.113941 0.649132 129.826397
 2.050000 1.475980 2.630732 1.154752 15.142586 5103.807314 1.524000 -11.465873 1000.000000 2.101778 -4.387539 100.000000 -15.853412 -400598.003986 1.593164 0.025017 5.003340 0.094366 0.445250 89.049925
 2.100000 1.483957 2.534169 1.050212 8.994704 1813.650557 1.488000 -11.935602 1000.000000 2.110222 -4.809343 100.000000 -16.744946 -400593.370742 1.627853 0.162773 32.554678 0.129259 0.835389 167.077790
 2.150000 1.450912 2.652339 1.201427 14.240917 2849.248124 1.452000 -12.113597 1000.000000 2.118667 -5.176964 100.000000 -17.290562 -400600.298220 1.628181 0.164648 32.929557 0.120067 0.720801 144.160223
 2.200000 1.420423 2.552140 1.131717 9.042265 1826.060728 1.416000 -11.932352 1000.000000 2.127111 -5.596374 100.000000 -17.528726 -400595.496580 1.616905 0.106301 21.260240 0.083115 0.345401 69.080282
 2.250000 1.408371 2.653273 1.244902 13.804008 3485.206949 1.380000 -11.065072 1000.000000 2.135556 -6.002773 100.000000 -17.067844 -400600.293051 1.592555 0.023672 4.734476 0.106942 0.571830 114.366042
 2.300000 1.399714 2.577143 1.177429 10.932633 4980.145976 1.344000 -9.944368 1000.000000 2.144000 -6.410172 100.000000 -16.354540 -400596.703786 1.647378 0.293239 58.647899 0.129467 0.838092 167.618331
 2.350000 1.351838 2.726319 1.374480 17.427474 5215.108191 1.308000 -8.118393 1000.000000 2.152444 -6.808702 100.000000 -14.927094 -400599.775381 1.668466 0.476968 95.393678 0.099454 0.494556 98.911215
 2.400000 1.352258 2.582876 1.230618 12.124336 8222.079952 1.272000 -5.766484 1000.000000 2.160889 -7.221099 100.000000 -12.987584 -400595.069546 1.617509 0.109103 21.820669 0.112005 0.627259 125.451805
 2.450000 1.332390 2.645465 1.313076 15.980570 11557.984534 1.236000 -2.873233 1000.000000 2.169333 -7.626369 100.000000 -10.499602 -400595.364065 1.594087 0.027123 5.424546 0.120314 0.723774 144.754721
 2.500000 1.296250 2.570761 1.274511 12.353866 10808.478708 1.200000 0.644392 1000.000000 2.177778 -7.992869 100.000000 -7.348477 -400592.757306 1.635506 0.209366 41.873266 0.149672 1.120091 224.018206
 2.550000 1.278001 2.433651 1.155651 6.315612 6738.810029 1.200000 0.644392 1000.000000 2.177778 -7.992869 100.000000 -7.348477 -400594.657744 1.677842 0.572938 114.587525 0.350633 6.147191 1229.438254
 2.600000 1.296289 2.451900 1.155610 8.392953 10023.060383 1.200000 0.644392 1000.000000 2.177778 -7.992869 100.000000 -7.348477 -400596.626689 1.550189 0.021234 4.246713 0.440753 9.713179 1942.635714
 2.650000 1.299836 2.393597 1.093761 7.312566 10433.101993 1.200000 0.644392 1000.000000 2.177778 -7.992869 100.000000 -7.348477 -400593.868263 1.539819 0.047979 9.595860 0.449586 10.106396 2021.279213
 2.700000 1.269598 2.371121 1.101523 4.291062 5217.766743 1.200000 0.644392 1000.000000 2.177778 -7.992869 100.000000 -7.348477 -400591.025318 1.606861 0.065035 13.006913 0.315358 4.972533 994.506654
 2.750000 1.296306 2.602943 1.306637 13.675651 11082.446707 1.200000 0.644392 1000.000000 2.177778 -7.992869 100.000000 -7.348477 -400592.107395 1.615849 0.101485 20.297082 0.128100 0.820477 164.095499
 2.800000 1.299725 2.382934 1.083209 7.077040 10366.058131 1.200000 0.644392 1000.000000 2.177778 -7.992869 100.000000 -7.348477 -400595.765520 1.627989 0.163549 32.709822 0.303228 4.597355 919.470994
 2.850000 1.287577 2.420542 1.132965 6.781569 8259.056700 1.200000 0.644392 1000.000000 2.177778 -7.992869 100.000000 -7.348477 -400595.694752 1.530010 0.083175 16.635009 0.423993 8.988503 1797.700652
 2.900000 1.283981 2.501667 1.217686 8.771613 8101.850346 1.200000 0.644392 1000.000000 2.177778 -7.992869 100.000000 -7.348477 -400596.451349 1.608592 0.071424 14.284875 0.409488 8.384032 1676.806312
 2.950000 1.284129 2.402066 1.117937 6.054074 7580.691785 1.200000 0.644392 1000.000000 2.177778 -7.992869 100.000000 -7.348477 -400591.937960 1.678649 0.581609 116.321731 0.328763 5.404260 1080.852041
 3.000000 1.314392 2.505745 1.191352 11.920925 14161.237005 1.200000 0.644392 1000.000000 2.177778 -7.992869 100.000000 -7.348477 -400594.965414 1.572404 0.000129 0.025853 0.204535 2.091734 418.346886
 3.050000 1.302335 2.429918 1.127583 8.415000 11108.265617 1.200000 0.644392 1000.000000 2.177778 -7.992869 100.000000 -7.348477 -400594.614589 1.625931 0.151990 30.398055 0.229969 2.644295 528.858982
 3.100000 1.251550 2.372661 1.121111 3.227702 3037.243553 1.200000 0.644392 1000.000000 2.177778 -7.992869 100.000000 -7.348477 -400587.263669 1.666423 0.457227 91.445467 0.334359 5.589807 1117.961320
 3.150000 1.304507 2.558839 1.254332 12.721249 12373.796037 1.200000 0.644392 1000.000000 2.177778 -7.992869 100.000000 -7.348477 -400600.637605 1.593589 0.025975 5.194986 0.388618 7.551208 1510.241564
 3.200000 1.310083 2.308037 0.997955 6.907457 12287.838497 1.200000 0.644392 1000.000000 2.177778 -7.992869 100.000000 -7.348477 -400592.630161 1.565661 0.001319 0.263743 0.312049 4.868732 973.746311
 3.250000 1.282217 2.576284 1.294067 11.320159 8347.701274 1.200000 0.644392 1000.000000 2.177778 -7.992869 100.000000 -7.348477 -400593.243509 1.604159 0.055652 11.130366 0.187269 1.753485 350.697056
 3.300000 1.280419 2.400304 1.119885 5.709528 6962.447615 1.200000 0.644392 1000.000000 2.177778 -7.992869 100.000000 -7.348477 -400592.191235 1.637986 0.225724 45.144766 0.243800 2.971925 594.384916
 3.350000 1.290078 2.483831 1.193752 8.740484 9050.811680 1.200000 0.644392 1000.000000 2.177778 -7.992869 100.000000 -7.348477 -400596.323944 1.613257 0.090146 18.029248 0.378978 7.181219 1436.243711
 3.400000 1.296718 2.449741 1.153023 8.375380 10094.001361 1.200000 0.644392 1000.000000 2.177778 -7.992869 100.000000 -7.348477 -400595.459894 1.599081 0.040001 8.000182 0.378011 7.144605 1428.921057
 3.450000 1.277511 2.410506 1.132995 5.712100 6549.579861 1.200000 0.644392 1000.000000 2.177778 -7.992869 100.000000 -7.348477 -400590.329261 1.634158 0.200735 40.146975 0.302328 4.570102 914.020425
 3.500000 1.291738 2.548507 1.256768 11.079977 9790.343954 1.200000 0.644392 1000.000000 2.177778 -7.992869 100.000000 -7.348477 -400591.679101 1.592649 0.023877 4.775462 0.175742 1.544268 308.853501
 3.550000 1.302655 2.440175 1.137520 8.711596 11226.488286 1.200000 0.644392 1000.000000 2.177778 -7.992869 100.000000 -7.348477 -400590.310361 1.669600 0.488107 97.621473 0.285894 4.086782 817.356383
 3.600000 1.283354 2.387812 1.104458 5.679670 7389.035646 1.200000 0.644392 1000.000000 2.177778 -7.992869 100.000000 -7.348477 -400591.956604 1.625373 0.148931 29.786135 0.382470 7.314174 1462.834765
 3.650000 1.271200 2.488159 1.216959 7.351530 6032.794877 1.200000 0.644392 1000.000000 2.177778 -7.992869 100.000000 -7.348477 -400593.352703 1.556813 0.009777 1.955342 0.353413 6.245027 1249.005475
 3.700000 1.302384 2.424624 1.122240 8.287924 11091.860179 1.200000 0.644392 1000.000000 2.177778 -7.992869 100.000000 -7.348477 -400592.084705 1.635208 0.207441 41.488253 0.188609 1.778675 355.735063
 3.750000 1.301173 2.495864 1.194691 10.176901 11247.705556 1.200000 0.644392 1000.000000 2.177778 -7.992869 100.000000 -7.348477 -400592.832186 1.576417 0.001580 0.315966 0.219461 2.408161 481.632137
 3.800000 1.269764 2.345791 1.076027 3.844915 5149.268939 1.200000 0.644392 1000.000000 2.177778 -7.992869 100.000000 -7.348477 -400592.323097 1.551894 0.017864 3.572893 0.307720 4.734569 946.913764
 3.850000 1.285529 2.522169 1.236640 9.587853 8501.221316 1.200000 0.644392 1000.000000 2.177778 -7.992869 100.000000 -7.348477 -400595.739479 1.679306 0.588723 117.744526 0.323607 5.236089 1047.217780
 3.900000 1.314509 2.413501 1.098992 9.334423 13667.966612 1.200000 0.644392 1000.000000 2.177778 -7.992869 100.000000 -7.348477 -400594.766099 1.639543 0.236307 47.261394 0.226757 2.570943 514.188590
 3.950000 1.284695 2.501693 1.216998 8.832667 8222.422489 1.200000 0.644392 1000.000000 2.177778 -7.992869 100.000000 -7.348477 -400593.248673 1.563536 0.002636 0.527150 0.219987 2.419708 483.941631
 4.000000 1.279967 2.407105 1.127138 5.826939 6920.680332 1.200000 0.644392 1000.000000 2.177778 -7.992869 100.000000 -7.348477 -400591.343177 1.627409 0.160247 32.049482 0.270129 3.648491 729.698206
 4.050000 1.313780 2.478405 1.164625 10.991767 13849.650450 1.200000 0.644392 1000.000000 2.177778 -7.992869 100.000000 -7.348477 -400596.835589 1.686715 0.671861 134.372297 0.282067 3.978082 795.616464
 4.100000 1.287319 2.412026 1.124707 6.555934 8173.356304 1.200000 0.644392 1000.000000 2.177778 -7.992869 100.000000 -7.348477 -400589.372146 1.528308 0.090262 18.052453 0.224216 2.513641 502.728203
 4.150000 1.271360 2.487580 1.216221 7.344971 6051.959728 1.200000 0.644392 1000.000000 2.177778 -7.992869 100.000000 -7.348477 -400592.082282 1.562039 0.003835 0.766950 0.259000 3.354045 670.808944
 4.200000 1.304081 2.441233 1.137152 8.886893 11527.011166 1.200000 0.644392 1000.000000 2.177778 -7.992869 100.000000 -7.348477 -400591.354684 1.750594 1.616358 323.271507 0.240875 2.901038 580.207668
 4.250000 1.306187 2.496793 1.190606 10.726320 12293.287913 1.200000 0.644392 1000.000000 2.177778 -7.992869 100.000000 -7.348477 -400593.623917 1.566079 0.001113 0.222506 0.252326 3.183412 636.682327
 4.300000 1.292066 2.353652 1.061586 5.784658 8785.468581 1.200000 0.644392 1000.000000 2.177778 -7.992869 100.000000 -7.348477 -400589.642068 1.588090 0.014953 2.990686 0.257720 3.320985 664.196981
 4.350000 1.281171 2.512996 1.231825 8.912959 7712.506406 1.200000 0.644392 1000.000000 2.177778 -7.992869 100.000000 -7.348477 -400594.619707 1.594422 0.027908 5.581697 0.229259 2.627994 525.598879
 4.400000 1.294697 2.468142 1.173444 8.699362 9810.706686 1.200000 0.644392 1000.000000 2.177778 -7.992869 100.000000 -7.348477 -400596.006266 1.656932 0.370969 74.193889 0.240669 2.896087 579.217308
 4.450000 1.296611 2.371970 1.075359 6.552357 9710.768733 1.200000 0.644392 1000.000000 2.177778 -7.992869 100.000000 -7.348477 -400593.486972 1.578880 0.003267 0.653384 0.286865 4.114579 822.915838
 4.500000 1.292621 2.496091 1.203470 9.355500 9591.898023 1.200000 0.644392 1000.000000 2.177778 -7.992869 100.000000 -7.348477 -400595.988360 1.522434 0.116947 23.389309 0.268219 3.597063 719.412611
 4.550000 1.290392 2.474398 1.184006 8.484524 9050.548180 1.200000 0.644392 1000.000000 2.177778 -7.992869 100.000000 -7.348477 -400592.627534 1.712065 0.997847 199.569376 0.198286 1.965874 393.174787
 4.600000 1.305230 2.495599 1.190369 10.587181 12083.437904 1.200000 0.644392 1000.000000 2.177778 -7.992869 100.000000 -7.348477 -400597.405019 1.600811 0.045043 9.008532 0.260247 3.386436 677.287292
 4.650000 1.283762 2.346518 1.062756 4.931731 7300.854182 1.200000 0.644392 1000.000000 2.177778 -7.992869 100.000000 -7.348477 -400590.589387 1.526563 0.097828 19.565551 0.278892 3.889038 777.807531
 4.700000 1.284468 2.500347 1.215880 8.769934 8175.277748 1.200000 0.644392 1000.000000 2.177778 -7.992869 100.000000 -7.348477 -400592.772710 1.608411 0.070744 14.148731 0.217044 2.355404 471.080732
 4.750000 1.283674 2.479232 1.195558 8.044402 7910.081603 1.200000 0.644392 1000.000000 2.177778 -7.992869 100.000000 -7.348477 -400592.361075 1.691350 0.726658 145.331535 0.225984 2.553438 510.687517
 4.800000 1.310084 2.474765 1.164681 10.469342 13000.565754 1.200000 0.644392 1000.000000 2.177778 -7.992869 100.000000 -7.348477 -400596.559520 1.543728 0.036634 7.326885 0.301941 4.558419 911.683816
 4.850000 1.289645 2.424787 1.135142 7.068794 8646.374995 1.200000 0.644392 1000.000000 2.177778 -7.992869 100.000000 -7.348477 -400593.194588 1.568266 0.000320 0.064033 0.302582 4.577792 915.558346
 4.900000 1.276605 2.420584 1.143979 5.881907 6457.867531 1.200000 0.644392 1000.000000 2.177778 -7.992869 100.000000 -7.348477 -400593.522108 1.655792 0.361214 72.242839 0.236780 2.803246 560.649128
 4.950000 1.313061 2.553145 1.240084 13.436478 14191.903089 1.200000 0.644392 1000.000000 2.177778 -7.992869 100.000000 -7.348477 -400595.543502 1.602694 0.050873 10.174638 0.237534 2.821130 564.226051
 5.000000 1.279919 2.370922 1.091004 5.058736 6760.039107 1.200000 0.644392 1000.000000 2.177778 -7.992869 100.000000 -7.348477 -400591.691685 1.611033 0.080948 16.189548 0.260713 3.398567 679.713394
 5.050000 1.292997 2.542697 1.249701 10.982509 9980.048092 1.200000 0.644392 1000.000000 2.177778 -7.992869 100.000000 -7.348477 -400592.799381 1.628322 0.165462 33.092457 0.288487 4.161250 832.250087
 5.100000 1.297220 2.352926 1.055707 6.259685 9758.437083 1.200000 0.644392 1000.000000 2.177778 -7.992869 100.000000 -7.348477 -400591.698966 1.630911 0.180691 36.138130 0.304658 4.640824 928.164781
 5.150000 1.299918 2.549187 1.249269 11.889038 11363.025288 1.200000 0.644392 1000.000000 2.177778 -7.992869 100.000000 -7.348477 -400597.758846 1.573109 0.000267 0.053477 0.270201 3.650429 730.085763
 5.200000 1.277409 2.402659 1.125250 5.524667 6497.899470 1.200000 0.644392 1000.000000 2.177778 -7.992869 100.000000 -7.348477 -400590.504956 1.672785 0.520082 104.016440 0.191919 1.841653 368.330673
 5.250000 1.304887 2.485943 1.181057 10.248887 11950.842311 1.200000 0.644392 1000.000000 2.177778 -7.992869 100.000000 -7.348477 -400597.837899 1.593873 0.026627 5.325462 0.281609 3.965183 793.036699
 5.300000 1.303537 2.441215 1.137678 8.829864 11413.808055 1.200000 0.644392 1000.000000 2.177778 -7.992869 100.000000 -7.348477 -400593.114585 1.511479 0.175927 35.185490 0.287972 4.146384 829.276817
 5.350000 1.276432 2.467836 1.191404 7.127640 6683.239130 1.200000 0.644392 1000.000000 2.177778 -7.992869 100.000000 -7.348477 -400591.414733 1.672425 0.516417 103.283453 0.232253 2.697065 539.413005
 5.400000 1.291688 2.476159 1.184471 8.654890 9296.962448 1.200000 0.644392 1000.000000 2.177778 -7.992869 100.000000 -7.348477 -400592.100459 1.624239 0.142808 28.561560 0.215387 2.319568 463.913588
 5.450000 1.301902 2.395457 1.093555 7.561196 10857.818080 1.200000 0.644392 1000.000000 2.177778 -7.992869 100.000000 -7.348477 -400593.686239 1.532834 0.072058 14.411594 0.343154 5.887723 1177.544692
 5.500000 1.278291 2.355482 1.077191 4.643661 6445.225214 1.200000 0.644392 1000.000000 2.177778 -7.992869 100.000000 -7.348477 -400592.052554 1.594297 0.027615 5.522999 0.310961 4.834840 966.968015
 5.550000 1.295237 2.565660 1.270424 12.057660 10574.565383 1.200000 0.644392 1000.000000 2.177778 -7.992869 100.000000 -7.348477 -400593.632185 1.668626 0.478531 95.706143 0.204013 2.081074 416.214756
 5.600000 1.304520 2.379253 1.074733 7.491836 11330.380813 1.200000 0.644392 1000.000000 2.177778 -7.992869 100.000000 -7.348477 -400592.758092 1.614805 0.096838 19.367578 0.240015 2.880351 576.070292
 5.650000 1.291194 2.475781 1.184587 8.598482 9204.408164 1.200000 0.644392 1000.000000 2.177778 -7.992869 100.000000 -7.348477 -400593.626494 1.496660 0.274807 54.961487 0.290224 4.211509 842.301837
 5.700000 1.285774 2.461328 1.175554 7.698629 8161.198691 1.200000 0.644392 1000.000000 2.177778 -7.992869 100.000000 -7.348477 -400594.013449 1.676314 0.556703 111.340678 0.255966 3.275936 655.187185
 5.750000 1.280697 2.473097 1.192400 7.616698 7384.175333 1.200000 0.644392 1000.000000 2.177778 -7.992869 100.000000 -7.348477 -400591.595007 1.596451 0.032907 6.581424 0.214077 2.291449 458.289871
 5.800000 1.315836 2.459886 1.144050 10.688251 14213.837356 1.200000 0.644392 1000.000000 2.177778 -7.992869 100.000000 -7.348477 -400593.623577 1.480041 0.411824 82.364866 0.279306 3.900588 780.117521
 5.850000 1.306601 2.340577 1.033976 7.007036 11628.748790 1.200000 0.644392 1000.000000 2.177778 -7.992869 100.000000 -7.348477 -400593.417436 1.679182 0.587377 117.475356 0.299935 4.498047 899.609479
 5.900000 1.272805 2.569566 1.296761 10.325214 6835.597082 1.200000 0.644392 1000.000000 2.177778 -7.992869 100.000000 -7.348477 -400594.753351 1.701646 0.856077 171.215401 0.246537 3.039020 607.803904
 5.950000 1.272306 2.356883 1.084577 4.217987 5548.896133 1.200000 0.644392 1000.000000 2.177778 -7.992869 100.000000 -7.348477 -400585.762023 1.514316 0.159504 31.900752 0.206796 2.138220 427.643919
 6.000000 1.306471 2.469234 1.162763 9.915338 12185.492420 1.200000 0.644392 1000.000000 2.177778 -7.992869 100.000000 -7.348477 -400593.269963 1.554798 0.012798 2.559531 0.260594 3.395466 679.093185
 6.050000 1.310372 2.429917 1.119545 9.269653 12817.644940 1.200000 0.644392 1000.000000 2.177778 -7.992869 100.000000 -7.348477 -400593.271630 1.723594 1.167359 233.471799 0.242562 2.941816 588.363282
 6.100000 1.286599 2.524502 1.237903 9.760540 8701.496111 1.200000 0.644392 1000.000000 2.177778 -7.992869 100.000000 -7.348477 -400593.515138 1.622143 0.131824 26.364732 0.258167 3.332520 666.503923
 6.150000 1.270162 2.408386 1.138224 5.120356 5454.509066 1.200000 0.644392 1000.000000 2.177778 -7.992869 100.000000 -7.348477 -400588.702513 1.535778 0.061313 12.262613 0.220152 2.423350 484.669950
 6.200000 1.301015 2.487443 1.186428 9.896662 11162.983470 1.200000 0.644392 1000.000000 2.177778 -7.992869 100.000000 -7.348477 -400595.335910 1.703222 0.876827 175.365362 0.276368 3.818960 763.791948
 6.250000 1.310208 2.364764 1.054556 7.821105 12495.454127 1.200000 0.644392 1000.000000 2.177778 -7.992869 100.000000 -7.348477 -400592.313172 1.647291 0.292573 58.514577 0.313776 4.922767 984.553451
 6.300000 1.284727 2.491094 1.206367 8.497703 8160.343147 1.200000 0.644392 1000.000000 2.177778 -7.992869 100.000000 -7.348477 -400594.385410 1.493685 0.297307 59.461364 0.264824 3.506586 701.317253
 6.350000 1.275122 2.407999 1.132877 5.471749 6173.334908 1.200000 0.644392 1000.000000 2.177778 -7.992869 100.000000 -7.348477 -400586.584955 1.678274 0.577568 115.513641 0.182779 1.670408 334.081604
 6.400000 1.315133 2.558870 1.243737 13.889399 14707.949741 1.200000 0.644392 1000.000000 2.177778 -7.992869 100.000000 -7.348477 -400600.579577 1.658393 0.383661 76.732178 0.281406 3.959478 791.895636
 6.450000 1.304878 2.360610 1.055732 7.171055 11333.620556 1.200000 0.644392 1000.000000 2.177778 -7.992869 100.000000 -7.348477 -400593.657657 1.505993 0.209976 41.995182 0.310251 4.812794 962.558745
 6.500000 1.271834 2.415569 1.143736 5.407277 5725.520513 1.200000 0.644392 1000.000000 2.177778 -7.992869 100.000000 -7.348477 -400589.118158 1.589019 0.016604 3.320717 0.250949 3.148764 629.752770
 6.550000 1.283278 2.510355 1.227077 8.998003 8041.305493 1.200000 0.644392 1000.000000 2.177778 -7.992869 100.000000 -7.348477 -400594.870879 1.657643 0.377115 75.422975 0.189008 1.786210 357.241988
 6.600000 1.315518 2.452497 1.136980 10.445697 14099.021885 1.200000 0.644392 1000.000000 2.177778 -7.992869 100.000000 -7.348477 -400594.123239 1.596821 0.033864 6.772830 0.315184 4.967045 993.409024
 6.650000 1.306943 2.373987 1.067045 7.643288 11821.733396 1.200000 0.644392 1000.000000 2.177778 -7.992869 100.000000 -7.348477 -400593.609764 1.574541 0.000701 0.140199 0.276010 3.809083 761.816534
 6.700000 1.268253 2.500120 1.231868 7.524443 5697.452775 1.200000 0.644392 1000.000000 2.177778 -7.992869 100.000000 -7.348477 -400588.185254 1.655994 0.362932 72.586500 0.192888 1.860299 372.059722
 6.750000 1.290742 2.477734 1.186993 8.615734 9133.806343 1.200000 0.644392 1000.000000 2.177778 -7.992869 100.000000 -7.348477 -400589.534796 1.575205 0.000972 0.194393 0.258268 3.335117 667.023427
 6.800000 1.332388 2.468437 1.136049 12.987446 18371.419294 1.200000 0.644392 1000.000000 2.177778 -7.992869 100.000000 -7.348477 -400599.003015 1.601970 0.048590 9.718006 0.352001 6.195248 1239.049690
 6.850000 1.269309 2.397853 1.128544 4.823565 5288.133344 1.200000 0.644392 1000.000000 2.177778 -7.992869 100.000000 -7.348477 -400590.815453 1.675448 0.547602 109.520393 0.314163 4.934916 986.983112
 6.900000 1.249692 2.489609 1.239917 6.096560 3441.639115 1.200000 0.644392 1000.000000 2.177778 -7.992869 100.000000 -7.348477 -400590.884277 1.593187 0.025066 5.013202 0.215475 2.321475 464.295028
 6.950000 1.323303 2.513284 1.189981 13.230059 16329.307638 1.200000 0.644392 1000.000000 2.177778 -7.992869 100.000000 -7.348477 -400599.174115 1.630775 0.179873 35.974567 0.248240 3.081162 616.232498
 7.000000 1.312847 2.348354 1.035507 7.822034 13025.396954 1.200000 0.644392 1000.000000 2.177778 -7.992869 100.000000 -7.348477 -400591.080743 1.622706 0.134733 26.946590 0.274628 3.771018 754.203674
 7.050000 1.277164 2.508765 1.231601 8.454777 7049.813917 1.200000 0.644392 1000.000000 2.177778 -7.992869 100.000000 -7.348477 -400593.861907 1.615506 0.099949 19.989802 0.282492 3.990097 798.019413
 7.100000 1.265757 2.421482 1.155725 5.131541 4917.845881 1.200000 0.644392 1000.000000 2.177778 -7.992869 100.000000 -7.348477 -400586.130574 1.609766 0.075930 15.186076 0.227359 2.584604 516.920757
 7.150000 1.311366 2.612191 1.300825 15.636909 14289.483178 1.200000 0.644392 1000.000000 2.177778 -7.992869 100.000000 -7.348477 -400599.100581 1.637223 0.220626 44.125115 0.261802 3.427022 685.404302
 7.200000 1.315803 2.210584 0.894781 6.758986 13421.112911 1.200000 0.644392 1000.000000 2.177778 -7.992869 100.000000 -7.348477 -400590.291224 1.643236 0.262376 52.475279 0.296498 4.395555 879.111038
 7.250000 1.252641 2.557426 1.304785 8.592185 4212.409280 1.200000 0.644392 1000.000000 2.177778 -7.992869 100.000000 -7.348477 -400592.299062 1.536045 0.060383 12.076656 0.367073 6.737136 1347.427103
 7.300000 1.282312 2.474710 1.192398 7.796115 7657.026683 1.200000 0.644392 1000.000000 2.177778 -7.992869 100.000000 -7.348477 -400593.380657 1.570324 0.000011 0.002235 0.309045 4.775446 955.089217
 7.350000 1.316562 2.426387 1.109825 9.883689 14204.790452 1.200000 0.644392 1000.000000 2.177778 -7.992869 100.000000 -7.348477 -400592.303540 1.682205 0.620590 124.117928 0.200358 2.007176 401.435203
 7.400000 1.284985 2.543412 1.258427 10.295607 8559.272311 1.200000 0.644392 1000.000000 2.177778 -7.992869 100.000000 -7.348477 -400593.349837 1.542757 0.039311 7.862167 0.249519 3.112989 622.597793
 7.450000 1.279317 2.329711 1.050393 4.299789 6522.053284 1.200000 0.644392 1000.000000 2.177778 -7.992869 100.000000 -7.348477 -400589.587557 1.609228 0.073851 14.770292 0.358824 6.437729 1287.545894
 7.500000 1.298874 2.478452 1.179577 9.408326 10680.214239 1.200000 0.644392 1000.000000 2.177778 -7.992869 100.000000 -7.348477 -400594.368709 1.659998 0.397846 79.569258 0.378313 7.156030 1431.205967
 7.550000 1.294204 2.450912 1.156708 8.167282 9620.357639 1.200000 0.644392 1000.000000 2.177778 -7.992869 100.000000 -7.348477 -400592.821710 1.533231 0.070557 14.111422 0.300186 4.505568 901.113613
 7.600000 1.299892 2.488867 1.188975 9.828045 10946.194255 1.200000 0.644392 1000.000000 2.177778 -7.992869 100.000000 -7.348477 -400595.018291 1.653659 0.343315 68.662913 0.186848 1.745615 349.122974
 7.650000 1.274356 2.397447 1.123091 5.177170 6011.412211 1.200000 0.644392 1000.000000 2.177778 -7.992869 100.000000 -7.348477 -400589.982972 1.662398 0.419546 83.909237 0.238872 2.852996 570.599150
 7.700000 1.281279 2.374486 1.093207 5.237854 6993.232818 1.200000 0.644392 1000.000000 2.177778 -7.992869 100.000000 -7.348477 -400590.494895 1.522806 0.115152 23.030401 0.340822 5.807994 1161.598820
 7.750000 1.309705 2.422311 1.112607 9.007392 12633.085234 1.200000 0.644392 1000.000000 2.177778 -7.992869 100.000000 -7.348477 -400594.786179 1.580285 0.004502 0.900442 0.300809 4.524294 904.858877
 7.800000 1.320482 2.530398 1.209916 13.474966 15759.254084 1.200000 0.644392 1000.000000 2.177778 -7.992869 100.000000 -7.348477 -400591.317858 1.692508 0.740691 148.138209 0.182349 1.662562 332.512365
 7.850000 1.263978 2.383207 1.119229 4.156658 4515.212343 1.200000 0.644392 1000.000000 2.177778 -7.992869 100.000000 -7.348477 -400589.558820 1.631350 0.183335 36.666980 0.254331 3.234224 646.844815
 7.900000 1.284848 2.382632 1.097784 5.697884 7618.899684 1.200000 0.644392 1000.000000 2.177778 -7.992869 100.000000 -7.348477 -400590.161907 1.463854 0.571830 114.366036 0.378071 7.146887 1429.377382
 7.950000 1.302134 2.350001 1.047867 6.698682 10727.898783 1.200000 0.644392 1000.000000 2.177778 -7.992869 100.000000 -7.348477 -400592.258969 1.618652 0.114507 22.901480 0.307928 4.740991 948.198248
 8.000000 1.295322 2.488843 1.193521 9.381213 10053.904662 1.200000 0.644392 1000.000000 2.177778 -7.992869 100.000000 -7.348477 -400592.044926 1.652457 0.333425 66.684914 0.183150 1.677188 335.437573
 8.050000 1.293568 2.467053 1.173484 8.561491 9591.792831 1.200000 0.644392 1000.000000 2.177778 -7.992869 100.000000 -7.348477 -400594.050193 1.568696 0.000221 0.044114 0.261932 3.430429 686.085730
 8.100000 1.286178 2.357797 1.071619 5.333659 7750.699403 1.200000 0.644392 1000.000000 2.177778 -7.992869 100.000000 -7.348477 -400588.955407 1.643528 0.264493 52.898550 0.324544 5.266444 1053.288745
 8.150000 1.305556 2.492699 1.187144 10.529767 12133.741651 1.200000 0.644392 1000.000000 2.177778 -7.992869 100.000000 -7.348477 -400591.953236 1.583225 0.007724 1.544806 0.224445 2.518788 503.757565
 8.200000 1.289639 2.436285 1.146646 7.358829 8703.339613 1.200000 0.644392 1000.000000 2.177778 -7.992869 100.000000 -7.348477 -400589.766034 1.611274 0.081924 16.384797 0.187561 1.758964 351.792709
 8.250000 1.295217 2.462450 1.167233 8.585093 9876.740974 1.200000 0.644392 1000.000000 2.177778 -7.992869 100.000000 -7.348477 -400593.013410 1.653196 0.339489 67.897843 0.341075 5.816592 1163.318428
 8.300000 1.284058 2.543855 1.259797 10.233503 8405.870931 1.200000 0.644392 1000.000000 2.177778 -7.992869 100.000000 -7.348477 -400599.608462 1.581614 0.005851 1.170121 0.440520 9.702879 1940.575706
 8.350000 1.288199 2.280148 0.991949 4.413474 7883.783663 1.200000 0.644392 1000.000000 2.177778 -7.992869 100.000000 -7.348477 -400591.055934 1.510443 0.182128 36.425588 0.462355 10.688629 2137.725795
 8.400000 1.301956 2.521975 1.220019 11.121068 11579.698611 1.200000 0.644392 1000.000000 2.177778 -7.992869 100.000000 -7.348477 -400595.094078 1.627819 0.162578 32.515572 0.252310 3.183019 636.603803
 8.450000 1.289118 2.452821 1.163703 7.753479 8698.547051 1.200000 0.644392 1000.000000 2.177778 -7.992869 100.000000 -7.348477 -400587.989038 1.656880 0.370517 74.103376 0.156168 1.219424 243.884776
 8.500000 1.282039 2.414526 1.132487 6.167707 7290.933496 1.200000 0.644392 1000.000000 2.177778 -7.992869 100.000000 -7.348477 -400590.852975 1.505070 0.215997 43.199420 0.363464 6.605294 1321.058743
 8.550000 1.301731 2.363200 1.061469 6.893641 10692.967923 1.200000 0.644392 1000.000000 2.177778 -7.992869 100.000000 -7.348477 -400592.519990 1.575266 0.000999 0.199784 0.427318 9.130040 1826.007913
 8.600000 1.279304 2.559398 1.280094 10.426273 7745.494895 1.200000 0.644392 1000.000000 2.177778 -7.992869 100.000000 -7.348477 -400595.657154 1.656955 0.371164 74.232839 0.391536 7.665026 1533.005228
 8.650000 1.288039 2.414126 1.126087 6.668479 8309.503711 1.200000 0.644392 1000.000000 2.177778 -7.992869 100.000000 -7.348477 -400590.807709 1.598202 0.037554 7.510730 0.306962 4.711278 942.255519
 8.700000 1.297571 2.594792 1.297221 13.455122 11259.142715 1.200000 0.644392 1000.000000 2.177778 -7.992869 100.000000 -7.348477 -400595.035513 1.634484 0.202809 40.561723 0.192651 1.855716 371.143192
 8.750000 1.282994 2.369852 1.086858 5.288622 7256.922760 1.200000 0.644392 1000.000000 2.177778 -7.992869 100.000000 -7.348477 -400591.511001 1.652962 0.337563 67.512536 0.260520 3.393543 678.708613
 8.800000 1.294375 2.395607 1.101231 6.825815 9381.189141 1.200000 0.644392 1000.000000 2.177778 -7.992869 100.000000 -7.348477 -400594.524549 1.532179 0.074565 14.912901 0.374488 7.012062 1402.412382
 8.850000 1.287102 2.499176 1.212074 8.958184 8619.655137 1.200000 0.644392 1000.000000 2.177778 -7.992869 100.000000 -7.348477 -400594.851502 1.533180 0.070751 14.150252 0.346983 6.019866 1203.973136
 8.900000 1.294437 2.367495 1.073058 6.258771 9278.219293 1.200000 0.644392 1000.000000 2.177778 -7.992869 100.000000 -7.348477 -400588.770921 1.706980 0.927293 185.458603 0.197251 1.945392 389.078385
 8.950000 1.287586 2.561153 1.273567 11.184473 9141.083331 1.200000 0.644392 1000.000000 2.177778 -7.992869 100.000000 -7.348477 -400597.221669 1.551850 0.017948 3.589665 0.232917 2.712527 542.505416
 9.000000 1.282277 2.362401 1.080123 5.089053 7110.400301 1.200000 0.644392 1000.000000 2.177778 -7.992869 100.000000 -7.348477 -400591.767530 1.468727 0.520911 104.182256 0.344946 5.949394 1189.878839
 9.050000 1.302923 2.393779 1.090856 7.629395 11059.708920 1.200000 0.644392 1000.000000 2.177778 -7.992869 100.000000 -7.348477 -400595.948914 1.696579 0.791062 158.212303 0.342599 5.868701 1173.740116
 9.100000 1.299558 2.533780 1.234222 11.292775 11179.162765 1.200000 0.644392 1000.000000 2.177778 -7.992869 100.000000 -7.348477 -400596.683791 1.659772 0.395834 79.166830 0.234439 2.748084 549.616702
 9.150000 1.279296 2.467546 1.188250 7.342226 7127.527555 1.200000 0.644392 1000.000000 2.177778 -7.992869 100.000000 -7.348477 -400591.153275 1.552428 0.016870 3.373981 0.237675 2.824468 564.893518
 9.200000 1.297956 2.438958 1.141002 8.208412 10277.472588 1.200000 0.644392 1000.000000 2.177778 -7.992869 100.000000 -7.348477 -400594.140313 1.650916 0.320958 64.191519 0.304253 4.628501 925.700245
 9.250000 1.301984 2.419748 1.117764 8.127854 10986.241132 1.200000 0.644392 1000.000000 2.177778 -7.992869 100.000000 -7.348477 -400592.083773 1.612865 0.088487 17.697421 0.271472 3.684861 736.972147
 9.300000 1.295240 2.483019 1.187779 9.193937 10002.360992 1.200000 0.644392 1000.000000 2.177778 -7.992869 100.000000 -7.348477 -400588.677932 1.592522 0.023600 4.720075 0.186999 1.748434 349.686865
 9.350000 1.256599 2.455912 1.199313 5.469679 3977.063886 1.200000 0.644392 1000.000000 2.177778 -7.992869 100.000000 -7.348477 -400586.884779 1.631862 0.186450 37.289908 0.237235 2.814032 562.806316
 9.400000 1.339246 2.442899 1.103653 13.209138 20092.245600 1.200000 0.644392 1000.000000 2.177778 -7.992869 100.000000 -7.348477 -400595.987793 1.668680 0.479061 95.812260 0.345268 5.960492 1192.098413
 9.450000 1.296928 2.433850 1.136922 7.976152 10050.729970 1.200000 0.644392 1000.000000 2.177778 -7.992869 100.000000 -7.348477 -400594.242427 1.575991 0.001349 0.269811 0.356744 6.363322 1272.664321
 9.500000 1.250967 2.362911 1.111944 3.012511 2940.333979 1.200000 0.644392 1000.000000 2.177778 -7.992869 100.000000 -7.348477 -400585.366621 1.538510 0.052119 10.423797 0.257151 3.306335 661.267019
 9.550000 1.320541 2.546023 1.225481 14.045351 15886.296059 1.200000 0.644392 1000.000000 2.177778 -7.992869 100.000000 -7.348477 -400595.112388 1.682027 0.618610 123.721950 0.218380 2.384486 476.897208
 9.600000 1.326538 2.398401 1.071863 10.439631 16498.546321 1.200000 0.644392 1000.000000 2.177778 -7.992869 100.000000 -7.348477 -400594.398509 1.583438 0.007991 1.598221 0.290294 4.213517 842.703468
 9.650000 1.255190 2.558334 1.303144 8.764111 4494.162196 1.200000 0.644392 1000.000000 2.177778 -7.992869 100.000000 -7.348477 -400592.856325 1.541954 0.041594 8.318712 0.319685 5.109911 1021.982108
 9.700000 1.274039 2.297166 1.023127 3.453597 5624.365548 1.200000 0.644392 1000.000000 2.177778 -7.992869 100.000000 -7.348477 -400587.097832 1.684121 0.642126 128.425151 0.249012 3.100338 620.067552
 9.750000 1.340700 2.580846 1.240146 18.021481 21421.178132 1.200000 0.644392 1000.000000 2.177778 -7.992869 100.000000 -7.348477 -400600.995286 1.605593 0.060540 12.107908 0.245418 3.011503 602.300553
 9.800000 1.288784 2.396338 1.107554 6.329736 8360.294938 1.200000 0.644392 1000.000000 2.177778 -7.992869 100.000000 -7.348477 -400590.425653 1.555663 0.011451 2.290154 0.254219 3.231371 646.274218
 9.850000 1.264607 2.461485 1.196878 6.111503 4978.940365 1.200000 0.644392 1000.000000 2.177778 -7.992869 100.000000 -7.348477 -400589.918628 1.645820 0.281427 56.285362 0.279757 3.913199 782.639729
 9.900000 1.309610 2.456338 1.146728 9.886972 12790.307903 1.200000 0.644392 1000.000000 2.177778 -7.992869 100.000000 -7.348477 -400595.182885 1.649510 0.309791 61.958133 0.284719 4.053236 810.647166
 9.950000 1.314111 2.437011 1.122900 9.870728 13693.303320 1.200000 0.644392 1000.000000 2.177778 -7.992869 100.000000 -7.348477 -400596.010431 1.603335 0.052939 10.587774 0.260302 3.387847 677.569362
 10.000000 1.270129 2.507979 1.237850 7.910720 6008.462536 1.200000 0.644392 1000.000000 2.177778 -7.992869 100.000000 -7.348477 -400591.938265 1.595129 0.029605 5.920974 0.215255 2.316738 463.347616
 10.050000 1.306519 2.375715 1.069196 7.632111 11738.084134 1.200000 0.644392 1000.000000 2.177778 -7.992869 100.000000 -7.348477 -400589.512945 1.657756 0.378100 75.619941 0.254866 3.247831 649.566258
 10.100000 1.294551 2.396660 1.102109 6.865414 9418.976724 1.200000 0.644392 1000.000000 2.177778 -7.992869 100.000000 -7.348477 -400593.485001 1.570230 0.000016 0.003206 0.357619 6.394583 1278.916578
 10.150000 1.270109 2.480858 1.210749 7.050529 5833.880351 1.200000 0.644392 1000.000000 2.177778 -7.992869 100.000000 -7.348477 -400591.174502 1.537131 0.056668 11.333648 0.358811 6.437270 1287.453953
 10.200000 1.281088 2.377033 1.095946 5.272746 6972.240716 1.200000 0.644392 1000.000000 2.177778 -7.992869 100.000000 -7.348477 -400588.565193 1.658390 0.383636 76.727119 0.262317 3.440501 688.100293
 10.250000 1.315914 2.500116 1.184203 11.913074 14474.962312 1.200000 0.644392 1000.000000 2.177778 -7.992869 100.000000 -7.348477 -400594.578330 1.597975 0.036935 7.386991 0.205049 2.102250 420.449916
 10.300000 1.283447 2.431989 1.148542 6.712833 7609.569758 1.200000 0.644392 1000.000000 2.177778 -7.992869 100.000000 -7.348477 -400592.862129 1.608050 0.069391 13.878155 0.273811 3.748624 749.724720
 10.350000 1.263222 2.419903 1.156681 4.929747 4583.275017 1.200000 0.644392 1000.000000 2.177778 -7.992869 100.000000 -7.348477 -400591.323442 1.608147 0.069755 13.950995 0.297429 4.423194 884.638823
 10.400000 1.298051 2.499451 1.201400 9.980662 10648.713370 1.200000 0.644392 1000.000000 2.177778 -7.992869 100.000000 -7.348477 -400594.852502 1.641340 0.248821 49.764260 0.292810 4.286873 857.374630
 10.450000 1.319529 2.435499 1.115971 10.464571 14951.304686 1.200000 0.644392 1000.000000 2.177778 -7.992869 100.000000 -7.348477 -400593.048482 1.609462 0.074752 14.950334 0.217170 2.358150 471.629903
 10.500000 1.273490 2.488317 1.214826 7.522118 6365.146450 1.200000 0.644392 1000.000000 2.177778 -7.992869 100.000000 -7.348477 -400593.191114 1.584813 0.009823 1.964619 0.243873 2.973711 594.742182
 10.550000 1.279081 2.323814 1.044734 4.193196 6466.996761 1.200000 0.644392 1000.000000 2.177778 -7.992869 100.000000 -7.348477 -400587.669225 1.664787 0.441712 88.342373 0.257817 3.323474 664.694824
 10.600000 1.303031 2.594300 1.291268 13.982263 12350.389419 1.200000 0.644392 1000.000000 2.177778 -7.992869 100.000000 -7.348477 -400598.571529 1.618714 0.114803 22.960651 0.291925 4.261001 852.200124
 10.650000 1.300564 2.403823 1.103258 7.611406 10624.145640 1.200000 0.644392 1000.000000 2.177778 -7.992869 100.000000 -7.348477 -400591.264331 1.593968 0.026846 5.369172 0.227070 2.578037 515.607312
 10.700000 1.295262 2.492270 1.197008 9.482724 10063.941157 1.200000 0.644392 1000.000000 2.177778 -7.992869 100.000000 -7.348477 -400591.581481 1.620460 0.123326 24.665218 0.245158 3.005111 601.022231
 10.750000 1.297130 2.402453 1.105323 7.241064 9939.032991 1.200000 0.644392 1000.000000 2.177778 -7.992869 100.000000 -7.348477 -400593.165663 1.608726 0.071934 14.386853 0.264965 3.510331 702.066147
 10.800000 1.296161 2.501304 1.205143 9.856931 10293.613197 1.200000 0.644392 1000.000000 2.177778 -7.992869 100.000000 -7.348477 -400593.605078 1.604241 0.055927 11.185478 0.245253 3.007458 601.491612
 10.850000 1.304640 2.466017 1.161377 9.628816 11780.284954 1.200000 0.644392 1000.000000 2.177778 -7.992869 100.000000 -7.348477 -400594.630493 1.620451 0.123281 24.656208 0.224513 2.520315 504.063079
 10.900000 1.282864 2.437828 1.154964 6.814528 7542.718460 1.200000 0.644392 1000.000000 2.177778 -7.992869 100.000000 -7.348477 -400588.574957 1.645506 0.279075 55.814992 0.306367 4.693038 938.607593
 10.950000 1.288017 2.364840 1.076824 5.623070 8096.828179 1.200000 0.644392 1000.000000 2.177778 -7.992869 100.000000 -7.348477 -400588.831057 1.552198 0.017294 3.458822 0.341603 5.834627 1166.925466
 11.000000 1.300984 2.457079 1.156095 8.999394 10977.949234 1.200000 0.644392 1000.000000 2.177778 -7.992869 100.000000 -7.348477 -400595.666855 1.608564 0.071319 14.263812 0.289584 4.192948 838.589569
 11.050000 1.289374 2.474479 1.185106 8.395425 8867.985226 1.200000 0.644392 1000.000000 2.177778 -7.992869 100.000000 -7.348477 -400589.018695 1.617395 0.108572 21.714393 0.158204 1.251430 250.285939
 11.100000 1.286575 2.468239 1.181664 7.966055 8338.989974 1.200000 0.644392 1000.000000 2.177778 -7.992869 100.000000 -7.348477 -400591.846898 1.598611 0.038684 7.736822 0.308298 4.752376 950.475103
 11.150000 1.307217 2.293270 0.986053 6.414700 11628.931041 1.200000 0.644392 1000.000000 2.177778 -7.992869 100.000000 -7.348477 -400592.239668 1.559075 0.006869 1.373791 0.391920 7.680073 1536.014619
 11.200000 1.285154 2.517962 1.232807 9.411859 8408.467692 1.200000 0.644392 1000.000000 2.177778 -7.992869 100.000000 -7.348477 -400593.907779 1.626737 0.156467 31.293316 0.341640 5.835880 1167.175944
 11.250000 1.284650 2.399830 1.115180 6.048164 7658.670160 1.200000 0.644392 1000.000000 2.177778 -7.992869 100.000000 -7.348477 -400586.622471 1.648708 0.303511 60.702178 0.206911 2.140602 428.120467
 11.300000 1.318381 2.588322 1.269941 15.434389 15699.556316 1.200000 0.644392 1000.000000 2.177778 -7.992869 100.000000 -7.348477 -400597.521464 1.586591 0.012474 2.494844 0.254729 3.244351 648.870221
 11.350000 1.297822 2.260484 0.962663 5.126579 9637.523379 1.200000 0.644392 1000.000000 2.177778 -7.992869 100.000000 -7.348477 -400586.682554 1.614197 0.094179 18.835792 0.283681 4.023745 804.749027
 11.400000 1.265381 2.511976 1.246596 7.721741 5391.511333 1.200000 0.644392 1000.000000 2.177778 -7.992869 100.000000 -7.348477 -400593.536547 1.643918 0.267337 53.467308 0.338439 5.727062 1145.412493
 11.450000 1.298871 2.443712 1.144841 8.423805 10482.708655 1.200000 0.644392 1000.000000 2.177778 -7.992869 100.000000 -7.348477 -400593.838810 1.589162 0.016866 3.373116 0.330205 5.451775 1090.354954
 11.500000 1.328053 2.507166 1.179113 13.623611 17482.548595 1.200000 0.644392 1000.000000 2.177778 -7.992869 100.000000 -7.348477 -400597.145693 1.584029 0.008755 1.750946 0.235484 2.772639 554.527790
 11.550000 1.265066 2.438830 1.173763 5.524217 4915.103393 1.200000 0.644392 1000.000000 2.177778 -7.992869 100.000000 -7.348477 -400590.750801 1.666423 0.457227 91.445405 0.219808 2.415789 483.157703
 11.600000 1.276508 2.501440 1.224932 8.164639 6901.120852 1.200000 0.644392 1000.000000 2.177778 -7.992869 100.000000 -7.348477 -400591.307481 1.570301 0.000012 0.002455 0.312385 4.879206 975.841173
 11.650000 1.312901 2.391808 1.078908 8.663747 13204.677106 1.200000 0.644392 1000.000000 2.177778 -7.992869 100.000000 -7.348477 -400591.201834 1.559421 0.006469 1.293869 0.307982 4.742633 948.526603
 11.700000 1.297209 2.390602 1.093394 6.989487 9902.488615 1.200000 0.644392 1000.000000 2.177778 -7.992869 100.000000 -7.348477 -400588.442689 1.651881 0.328735 65.746938 0.268246 3.597803 719.560547
 11.750000 1.291102 2.572185 1.281083 11.927662 9855.174424 1.200000 0.644392 1000.000000 2.177778 -7.992869 100.000000 -7.348477 -400593.376352 1.614891 0.097217 19.443430 0.225018 2.531663 506.332562
 11.800000 1.298875 2.440455 1.141580 8.338065 10466.205966 1.200000 0.644392 1000.000000 2.177778 -7.992869 100.000000 -7.348477 -400593.968647 1.645299 0.277536 55.507135 0.286912 4.115918 823.183558
 11.850000 1.296842 2.475229 1.178387 9.113045 10263.143851 1.200000 0.644392 1000.000000 2.177778 -7.992869 100.000000 -7.348477 -400594.243430 1.582599 0.006965 1.393010 0.303370 4.601679 920.335770
 11.900000 1.290112 2.403753 1.113641 6.613302 8630.768045 1.200000 0.644392 1000.000000 2.177778 -7.992869 100.000000 -7.348477 -400588.172021 1.618674 0.114615 22.922919 0.238236 2.837831 567.566112
 11.950000 1.288688 2.503597 1.214909 9.240647 8927.079292 1.200000 0.644392 1000.000000 2.177778 -7.992869 100.000000 -7.348477 -400591.598871 1.603873 0.054703 10.940649 0.211971 2.246580 449.316090
 12.000000 1.296677 2.459340 1.162663 8.637076 10139.180732 1.200000 0.644392 1000.000000 2.177778 -7.992869 100.000000 -7.348477 -400595.370468 1.590267 0.018956 3.791153 0.272006 3.699359 739.871785
 12.050000 1.286873 2.443679 1.156806 7.308617 8253.914286 1.200000 0.644392 1000.000000 2.177778 -7.992869 100.000000 -7.348477 -400593.491678 1.674726 0.540072 108.014363 0.340948 5.812282 1162.456329
 12.100000 1.273407 2.395987 1.122580 5.075035 5864.708147 1.200000 0.644392 1000.000000 2.177778 -7.992869 100.000000 -7.348477 -400589.727184 1.615411 0.099522 19.904301 0.306204 4.688035 937.607049
 12.150000 1.316759 2.500994 1.184235 12.039834 14677.462143 1.200000 0.644392 1000.000000 2.177778 -7.992869 100.000000 -7.348477 -400596.274070 1.563143 0.002928 0.585668 0.219604 2.411299 482.259715
 12.200000 1.293478 2.402288 1.108811 6.889284 9242.123150 1.200000 0.644392 1000.000000 2.177778 -7.992869 100.000000 -7.348477 -400590.972669 1.629551 0.172604 34.520718 0.218270 2.382099 476.419857
 12.250000 1.264881 2.494125 1.229245 7.108543 5210.261512 1.200000 0.644392 1000.000000 2.177778 -7.992869 100.000000 -7.348477 -400594.420351 1.647800 0.296480 59.296080 0.302452 4.573866 914.773216
 12.300000 1.301546 2.425213 1.123667 8.217055 10923.930330 1.200000 0.644392 1000.000000 2.177778 -7.992869 100.000000 -7.348477 -400591.773953 1.588075 0.014927 2.985491 0.304713 4.642506 928.501131
 12.350000 1.319114 2.504154 1.185041 12.420140 15253.322630 1.200000 0.644392 1000.000000 2.177778 -7.992869 100.000000 -7.348477 -400593.111532 1.556921 0.009626 1.925208 0.225876 2.551008 510.201587
 12.400000 1.266138 2.440502 1.174364 5.638337 5064.513740 1.200000 0.644392 1000.000000 2.177778 -7.992869 100.000000 -7.348477 -400588.078565 1.662045 0.416320 83.263961 0.214286 2.295925 459.185010
 12.450000 1.295919 2.465886 1.169968 8.750513 10030.438946 1.200000 0.644392 1000.000000 2.177778 -7.992869 100.000000 -7.348477 -400592.337113 1.579357 0.003664 0.732776 0.315194 4.967353 993.470536
 12.500000 1.300835 2.408263 1.107428 7.740035 10698.954322 1.200000 0.644392 1000.000000 2.177778 -7.992869 100.000000 -7.348477 -400590.812869 1.575581 0.001145 0.228963 0.282863 4.000564 800.112765
 12.550000 1.285376 2.531766 1.246389 9.909936 8542.197108 1.200000 0.644392 1000.000000 2.177778 -7.992869 100.000000 -7.348477 -400591.878277 1.656352 0.365988 73.197502 0.201760 2.035351 407.070178
 12.600000 1.312384 2.432430 1.120046 9.557498 13278.705056 1.200000 0.644392 1000.000000 2.177778 -7.992869 100.000000 -7.348477 -400591.310795 1.594387 0.027826 5.565160 0.244570 2.990714 598.142716
 12.650000 1.294497 2.419869 1.125372 7.395209 9515.692256 1.200000 0.644392 1000.000000 2.177778 -7.992869 100.000000 -7.348477 -400592.098931 1.556584 0.010099 2.019803 0.312104 4.870444 974.088827
 12.700000 1.279585 2.439268 1.159683 6.585738 7017.539655 1.200000 0.644392 1000.000000 2.177778 -7.992869 100.000000 -7.348477 -400593.050493 1.646393 0.285742 57.148454 0.277456 3.849086 769.817249
 12.750000 1.309973 2.491481 1.181508 10.967510 13078.150287 1.200000 0.644392 1000.000000 2.177778 -7.992869 100.000000 -7.348477 -400590.418575 1.624842 0.146045 29.208966 0.193235 1.866989 373.397703
 12.800000 1.305490 2.440580 1.135091 9.017292 11818.722255 1.200000 0.644392 1000.000000 2.177778 -7.992869 100.000000 -7.348477 -400594.953582 1.564366 0.002067 0.413427 0.256642 3.293261 658.652159
 12.850000 1.271468 2.356780 1.085312 4.155920 5428.080511 1.200000 0.644392 1000.000000 2.177778 -7.992869 100.000000 -7.348477 -400588.405029 1.611168 0.081492 16.298426 0.313455 4.912696 982.539105
 12.900000 1.299074 2.515454 1.216380 10.609132 10955.981739 1.200000 0.644392 1000.000000 2.177778 -7.992869 100.000000 -7.348477 -400595.758528 1.695427 0.776639 155.327809 0.304227 4.627702 925.540475
 12.950000 1.283192 2.445589 1.162397 7.046571 7638.100466 1.200000 0.644392 1000.000000 2.177778 -7.992869 100.000000 -7.348477 -400585.587948 1.586695 0.012638 2.527634 0.192998 1.862409 372.481769
 13.000000 1.305236 2.474298 1.169062 9.933523 11953.875104 1.200000 0.644392 1000.000000 2.177778 -7.992869 100.000000 -7.348477 -400583.488649 1.554506 0.013270 2.653901 0.258655 3.345112 669.022458
 13.050000 1.298142 2.389421 1.091279 7.055589 10079.828448 1.200000 0.644392 1000.000000 2.177778 -7.992869 100.000000 -7.348477 -400588.659286 1.674825 0.541094 108.218750 0.300264 4.507911 901.582124
 13.100000 1.259568 2.528158 1.268589 7.912490 4776.041751 1.200000 0.644392 1000.000000 2.177778 -7.992869 100.000000 -7.348477 -400590.871132 1.645581 0.279637 55.927473 0.309367 4.785405 957.081035
 13.150000 1.303755 2.370551 1.066795 7.240669 11136.808670 1.200000 0.644392 1000.000000 2.177778 -7.992869 100.000000 -7.348477 -400591.358403 1.550175 0.021262 4.252448 0.265678 3.529235 705.846978
 13.200000 1.320523 2.512707 1.192185 12.871734 15647.460348 1.200000 0.644392 1000.000000 2.177778 -7.992869 100.000000 -7.348477 -400594.490362 1.606145 0.062477 12.495373 0.217562 2.366670 473.334035
 13.250000 1.262308 2.438586 1.176278 5.342200 4562.521834 1.200000 0.644392 1000.000000 2.177778 -7.992869 100.000000 -7.348477 -400583.197560 1.657334 0.374436 74.887264 0.215094 2.313272 462.654302
 13.300000 1.285129 2.513857 1.228728 9.270961 8376.468558 1.200000 0.644392 1000.000000 2.177778 -7.992869 100.000000 -7.348477 -400594.469780 1.571093 0.000004 0.000879 0.280434 3.932167 786.433463
 13.350000 1.299566 2.356158 1.056592 6.547719 10231.670377 1.200000 0.644392 1000.000000 2.177778 -7.992869 100.000000 -7.348477 -400588.498273 1.607921 0.068912 13.782499 0.278090 3.866716 773.343107
 13.400000 1.302771 2.539155 1.236383 11.810636 11867.879249 1.200000 0.644392 1000.000000 2.177778 -7.992869 100.000000 -7.348477 -400589.945435 1.618875 0.115578 23.115543 0.249849 3.121219 624.243893
 13.450000 1.288057 2.439905 1.151848 7.312591 8441.205284 1.200000 0.644392 1000.000000 2.177778 -7.992869 100.000000 -7.348477 -400590.006531 1.621624 0.129175 25.834986 0.213167 2.272013 454.402590
 13.500000 1.282412 2.490988 1.208576 8.300920 7772.760898 1.200000 0.644392 1000.000000 2.177778 -7.992869 100.000000 -7.348477 -400590.925729 1.587948 0.014709 2.941743 0.284118 4.036151 807.230192
 13.550000 1.279226 2.398111 1.118885 5.565734 6762.252267 1.200000 0.644392 1000.000000 2.177778 -7.992869 100.000000 -7.348477 -400587.307700 1.585797 0.011251 2.250126 0.262349 3.441350 688.269906
 13.600000 1.313869 2.483973 1.170105 11.170812 13903.611728 1.200000 0.644392 1000.000000 2.177778 -7.992869 100.000000 -7.348477 -400588.729372 1.636014 0.212670 42.534065 0.220995 2.441948 488.389636
 13.650000 1.300070 2.461821 1.161751 9.040997 10820.759028 1.200000 0.644392 1000.000000 2.177778 -7.992869 100.000000 -7.348477 -400592.144418 1.575203 0.000971 0.194230 0.229214 2.626953 525.390678
 13.700000 1.279020 2.459964 1.180944 7.103532 7040.452895 1.200000 0.644392 1000.000000 2.177778 -7.992869 100.000000 -7.348477 -400586.969380 1.655337 0.357357 71.471407 0.288574 4.163740 832.747956
 13.750000 1.302426 2.451907 1.149481 9.002918 11242.605120 1.200000 0.644392 1000.000000 2.177778 -7.992869 100.000000 -7.348477 -400593.166149 1.635334 0.208253 41.650503 0.277816 3.859091 771.818105
 13.800000 1.294102 2.474119 1.180018 8.818472 9733.294260 1.200000 0.644392 1000.000000 2.177778 -7.992869 100.000000 -7.348477 -400588.465375 1.578047 0.002629 0.525709 0.222283 2.470488 494.097565
 13.850000 1.301948 2.454003 1.152056 9.011682 11156.310927 1.200000 0.644392 1000.000000 2.177778 -7.992869 100.000000 -7.348477 -400592.691438 1.612408 0.086577 17.315423 0.221817 2.460143 492.028519
 13.900000 1.308931 2.457076 1.148146 9.833320 12645.955036 1.200000 0.644392 1000.000000 2.177778 -7.992869 100.000000 -7.348477 -400592.753792 1.672152 0.513646 102.729223 0.308258 4.751160 950.231958
 13.950000 1.286838 2.434458 1.147620 7.064656 8199.682772 1.200000 0.644392 1000.000000 2.177778 -7.992869 100.000000 -7.348477 -400590.487927 1.611771 0.083946 16.789300 0.282886 4.001220 800.243924
 14.000000 1.274167 2.511629 1.237462 8.323186 6615.288315 1.200000 0.644392 1000.000000 2.177778 -7.992869 100.000000 -7.348477 -400589.099055 1.617579 0.109431 21.886203 0.206301 2.128006 425.601288
 14.050000 1.299619 2.422365 1.122745 7.953127 10522.210460 1.200000 0.644392 1000.000000 2.177778 -7.992869 100.000000 -7.348477 -400591.865163 1.604967 0.058382 11.676357 0.225281 2.537574 507.514863
 14.100000 1.320276 2.470768 1.150493 11.525275 15324.647909 1.200000 0.644392 1000.000000 2.177778 -7.992869 100.000000 -7.348477 -400590.088230 1.600937 0.045422 9.084354 0.312467 4.881778 976.355583
 14.150000 1.276725 2.438291 1.161565 6.336733 6565.438806 1.200000 0.644392 1000.000000 2.177778 -7.992869 100.000000 -7.348477 -400592.357608 1.643532 0.264524 52.904864 0.312275 4.875783 975.156585
 14.200000 1.262126 2.498348 1.236222 7.068069 4887.258462 1.200000 0.644392 1000.000000 2.177778 -7.992869 100.000000 -7.348477 -400588.373977 1.614411 0.095111 19.022159 0.225862 2.550672 510.134425
 14.250000 1.304444 2.439114 1.134670 8.869096 11591.485857 1.200000 0.644392 1000.000000 2.177778 -7.992869 100.000000 -7.348477 -400590.085585 1.594559 0.028234 5.646816 0.201974 2.039673 407.934676
 14.300000 1.312564 2.454872 1.142309 10.174366 13438.404680 1.200000 0.644392 1000.000000 2.177778 -7.992869 100.000000 -7.348477 -400593.278332 1.589387 0.017281 3.456243 0.287507 4.133022 826.604462
 14.350000 1.278253 2.490845 1.212591 7.962349 7103.719012 1.200000 0.644392 1000.000000 2.177778 -7.992869 100.000000 -7.348477 -400591.467012 1.619118 0.116751 23.350284 0.294047 4.323182 864.636427
 14.400000 1.276399 2.424709 1.148311 5.967136 6446.507413 1.200000 0.644392 1000.000000 2.177778 -7.992869 100.000000 -7.348477 -400589.262728 1.611955 0.084700 16.939977 0.196904 1.938560 387.711923
 14.450000 1.291157 2.493896 1.202739 9.151323 9308.866610 1.200000 0.644392 1000.000000 2.177778 -7.992869 100.000000 -7.348477 -400590.284131 1.581896 0.006160 1.231925 0.225902 2.551576 510.315276
 14.500000 1.330378 2.344298 1.013919 9.885710 17275.818960 1.200000 0.644392 1000.000000 2.177778 -7.992869 100.000000 -7.348477 -400594.777545 1.600509 0.044142 8.828427 0.346236 5.993961 1198.792288
 14.550000 1.272281 2.431358 1.159077 5.827382 5867.506845 1.200000 0.644392 1000.000000 2.177778 -7.992869 100.000000 -7.348477 -400590.993751 1.591710 0.021869 4.373782 0.317775 5.049034 1009.806714
 14.600000 1.257151 2.506588 1.249437 7.038919 4347.394974 1.200000 0.644392 1000.000000 2.177778 -7.992869 100.000000 -7.348477 -400589.785425 1.667819 0.470673 94.134576 0.230567 2.658056 531.611215
 14.650000 1.327210 2.440316 1.113106 11.537463 16871.566236 1.200000 0.644392 1000.000000 2.177778 -7.992869 100.000000 -7.348477 -400592.103359 1.539438 0.049168 9.833526 0.213254 2.273860 454.772079
 14.700000 1.319450 2.432804 1.113354 10.386074 14918.706451 1.200000 0.644392 1000.000000 2.177778 -7.992869 100.000000 -7.348477 -400595.451508 1.582218 0.006523 1.304540 0.309959 4.803726 960.745215
 14.750000 1.265375 2.391269 1.125894 4.415892 4729.710961 1.200000 0.644392 1000.000000 2.177778 -7.992869 100.000000 -7.348477 -400587.377460 1.702117 0.862259 172.451872 0.295438 4.364182 872.836435
 14.800000 1.279707 2.540637 1.260930 9.759981 7669.934361 1.200000 0.644392 1000.000000 2.177778 -7.992869 100.000000 -7.348477 -400596.729738 1.610762 0.079863 15.972558 0.255258 3.257837 651.567341
 14.850000 1.327696 2.392478 1.064782 10.457975 16767.291651 1.200000 0.644392 1000.000000 2.177778 -7.992869 100.000000 -7.348477 -400594.509101 1.556387 0.010381 2.076166 0.224135 2.511822 502.364328
 14.900000 1.292370 2.482026 1.189655 8.894480 9457.948224 1.200000 0.644392 1000.000000 2.177778 -7.992869 100.000000 -7.348477 -400594.473695 1.643409 0.263632 52.726432 0.264951 3.509961 701.992130
 14.950000 1.272206 2.403172 1.130966 5.146980 5721.720408 1.200000 0.644392 1000.000000 2.177778 -7.992869 100.000000 -7.348477 -400589.563614 1.632430 0.189933 37.986588 0.237534 2.821122 564.224420
 15.000000 1.285160 2.512394 1.227234 9.224496 8371.864750 1.200000 0.644392 1000.000000 2.177778 -7.992869 100.000000 -7.348477 -400593.341584 1.588063 0.014907 2.981301 0.230891 2.665528 533.105563
 15.050000 1.303665 2.445005 1.141340 8.943714 11460.496147 1.200000 0.644392 1000.000000 2.177778 -7.992869 100.000000 -7.348477 -400591.846169 1.636685 0.217064 43.412728 0.239145 2.859514 571.902873
 15.100000 1.323429 2.438182 1.114753 11.007862 15912.812073 1.200000 0.644392 1000.000000 2.177778 -7.992869 100.000000 -7.348477 -400595.058359 1.647989 0.297938 59.587643 0.309412 4.786788 957.357654
 15.150000 1.267305 2.325066 1.057761 3.349679 4746.904372 1.200000 0.644392 1000.000000 2.177778 -7.992869 100.000000 -7.348477 -400588.115214 1.524363 0.107800 21.560083 0.315605 4.980335 996.066945
 15.200000 1.270671 2.575052 1.304380 10.388542 6572.695475 1.200000 0.644392 1000.000000 2.177778 -7.992869 100.000000 -7.348477 -400594.005903 1.618437 0.113483 22.696629 0.264914 3.508966 701.793176
 15.250000 1.321730 2.416295 1.094566 10.253565 15386.977488 1.200000 0.644392 1000.000000 2.177778 -7.992869 100.000000 -7.348477 -400592.490951 1.684670 0.648356 129.671113 0.170517 1.453801 290.760164
 15.300000 1.326744 2.486457 1.159713 12.796186 17016.915637 1.200000 0.644392 1000.000000 2.177778 -7.992869 100.000000 -7.348477 -400595.887743 1.535335 0.062877 12.575386 0.341808 5.841622 1168.324469
 15.350000 1.248305 2.341528 1.093224 2.507389 2601.496391 1.200000 0.644392 1000.000000 2.177778 -7.992869 100.000000 -7.348477 -400587.203770 1.559391 0.006504 1.300837 0.365699 6.686789 1337.357835
 15.400000 1.276417 2.418302 1.141886 5.812358 6418.026442 1.200000 0.644392 1000.000000 2.177778 -7.992869 100.000000 -7.348477 -400592.735998 1.672562 0.517816 103.563180 0.287382 4.129425 825.884973
 15.450000 1.344518 2.514518 1.170000 16.112423 22019.412414 1.200000 0.644392 1000.000000 2.177778 -7.992869 100.000000 -7.348477 -400589.762788 1.570436 0.000006 0.001295 0.158666 1.258739 251.747827
 15.500000 1.288899 2.412655 1.123756 6.709886 8454.716635 1.200000 0.644392 1000.000000 2.177778 -7.992869 100.000000 -7.348477 -400588.517452 1.619996 0.121032 24.206361 0.336816 5.672251 1134.450142
 15.550000 1.237311 2.490342 1.253031 5.580874 2369.074297 1.200000 0.644392 1000.000000 2.177778 -7.992869 100.000000 -7.348477 -400588.902466 1.639543 0.236305 47.261067 0.399506 7.980258 1596.051671
 15.600000 1.287314 2.478024 1.190710 8.319225 8525.166912 1.200000 0.644392 1000.000000 2.177778 -7.992869 100.000000 -7.348477 -400591.849010 1.561802 0.004045 0.808960 0.408860 8.358334 1671.666730
 15.650000 1.325455 2.431422 1.105967 11.086244 16382.291484 1.200000 0.644392 1000.000000 2.177778 -7.992869 100.000000 -7.348477 -400597.735707 1.645910 0.282106 56.421106 0.396028 7.841889 1568.377872
 15.700000 1.276049 2.482155 1.206106 7.524022 6709.922660 1.200000 0.644392 1000.000000 2.177778 -7.992869 100.000000 -7.348477 -400588.224145 1.639957 0.239161 47.832243 0.244421 2.987089 597.417746
 15.750000 1.275720 2.507856 1.232137 8.314339 6823.008393 1.200000 0.644392 1000.000000 2.177778 -7.992869 100.000000 -7.348477 -400588.487254 1.577341 0.002141 0.428285 0.214346 2.297203 459.440511
 15.800000 1.291219 2.322458 1.031239 5.207059 8530.203241 1.200000 0.644392 1000.000000 2.177778 -7.992869 100.000000 -7.348477 -400587.967301 1.596779 0.033754 6.750864 0.311547 4.853062 970.612404
 15.850000 1.312156 2.517319 1.205163 12.053903 13731.849351 1.200000 0.644392 1000.000000 2.177778 -7.992869 100.000000 -7.348477 -400596.472288 1.623074 0.136648 27.329563 0.397815 7.912824 1582.564816
 15.900000 1.260832 2.320701 1.059869 2.871618 3904.793323 1.200000 0.644392 1000.000000 2.177778 -7.992869 100.000000 -7.348477 -400586.615139 1.549281 0.023144 4.628878 0.315827 4.987321 997.464143
 15.950000 1.290326 2.477574 1.187248 8.573296 9057.571745 1.200000 0.644392 1000.000000 2.177778 -7.992869 100.000000 -7.348477 -400592.141532 1.632123 0.188046 37.609152 0.193167 1.865680 373.136039
 16.000000 1.309243 2.471242 1.161999 10.273074 12795.256853 1.200000 0.644392 1000.000000 2.177778 -7.992869 100.000000 -7.348477 -400596.164739 1.641001 0.246435 49.286958 0.235705 2.777834 555.566829
 16.050000 1.284701 2.446669 1.161968 7.202294 7897.342963 1.200000 0.644392 1000.000000 2.177778 -7.992869 100.000000 -7.348477 -400593.962712 1.561305 0.004504 0.900897 0.347532 6.038916 1207.783208
 16.100000 1.284843 2.444301 1.159458 7.150888 7908.666404 1.200000 0.644392 1000.000000 2.177778 -7.992869 100.000000 -7.348477 -400592.976454 1.635997 0.212555 42.511038 0.373547 6.976859 1395.371794
 16.150000 1.284840 2.383377 1.098537 5.712480 7620.561578 1.200000 0.644392 1000.000000 2.177778 -7.992869 100.000000 -7.348477 -400592.475514 1.616578 0.104800 20.960005 0.320481 5.135416 1027.083242
 16.200000 1.309127 2.580604 1.271477 14.067771 13531.343255 1.200000 0.644392 1000.000000 2.177778 -7.992869 100.000000 -7.348477 -400594.476540 1.599651 0.041630 8.325940 0.205954 2.120850 424.169922
 16.250000 1.298887 2.404396 1.105509 7.457082 10292.135329 1.200000 0.644392 1000.000000 2.177778 -7.992869 100.000000 -7.348477 -400593.635778 1.660037 0.398192 79.638338 0.233232 2.719868 543.973666
 16.300000 1.273406 2.410731 1.137324 5.407596 5931.157171 1.200000 0.644392 1000.000000 2.177778 -7.992869 100.000000 -7.348477 -400590.332491 1.564133 0.002220 0.443985 0.347391 6.034019 1206.803737
 16.350000 1.290662 2.499019 1.208358 9.269560 9251.479627 1.200000 0.644392 1000.000000 2.177778 -7.992869 100.000000 -7.348477 -400596.181112 1.601122 0.045981 9.196169 0.409774 8.395747 1679.149454
 16.400000 1.309909 2.288788 0.978879 6.656120 12203.147354 1.200000 0.644392 1000.000000 2.177778 -7.992869 100.000000 -7.348477 -400588.410509 1.637733 0.224025 44.805071 0.290262 4.212603 842.520632
 16.450000 1.292111 2.581096 1.288985 12.375475 10111.079786 1.200000 0.644392 1000.000000 2.177778 -7.992869 100.000000 -7.348477 -400589.751663 1.573037 0.000251 0.050203 0.165225 1.364962 272.992475
 16.500000 1.272240 2.337407 1.065167 3.883373 5473.405220 1.200000 0.644392 1000.000000 2.177778 -7.992869 100.000000 -7.348477 -400585.575563 1.577700 0.002383 0.476661 0.266821 3.559682 711.936373
 16.550000 1.293896 2.532402 1.238506 10.696134 10074.038480 1.200000 0.644392 1000.000000 2.177778 -7.992869 100.000000 -7.348477 -400597.806885 1.663679 0.431357 86.271481 0.407330 8.295886 1659.177278
 16.600000 1.301196 2.348234 1.047038 6.573038 10531.096763 1.200000 0.644392 1000.000000 2.177778 -7.992869 100.000000 -7.348477 -400591.781936 1.552883 0.016045 3.209049 0.441452 9.744003 1948.800584
 16.650000 1.289157 2.480046 1.190890 8.542778 8862.593395 1.200000 0.644392 1000.000000 2.177778 -7.992869 100.000000 -7.348477 -400592.084235 1.507958 0.197434 39.486729 0.401296 8.051921 1610.384172
 16.700000 1.289900 2.482346 1.192446 8.679059 9009.551906 1.200000 0.644392 1000.000000 2.177778 -7.992869 100.000000 -7.348477 -400589.458856 1.677770 0.572170 114.434068 0.235091 2.763396 552.679286
 16.750000 1.289180 2.580198 1.291018 12.073649 9572.517728 1.200000 0.644392 1000.000000 2.177778 -7.992869 100.000000 -7.348477 -400592.100605 1.659526 0.393647 78.729483 0.201722 2.034592 406.918370
 16.800000 1.311481 2.268048 0.956566 6.621457 12509.537623 1.200000 0.644392 1000.000000 2.177778 -7.992869 100.000000 -7.348477 -400586.443884 1.464973 0.559930 111.986069 0.313250 4.906267 981.253465
 16.850000 1.288322 2.491203 1.202881 8.812195 8783.193955 1.200000 0.644392 1000.000000 2.177778 -7.992869 100.000000 -7.348477 -400596.189291 1.607704 0.068108 13.621682 0.416011 8.653249 1730.649773
 16.900000 1.273301 2.433775 1.160474 5.963261 6028.410964 1.200000 0.644392 1000.000000 2.177778 -7.992869 100.000000 -7.348477 -400590.408017 1.697302 0.800180 160.035930 0.362354 6.565006 1313.001118
 16.950000 1.302232 2.405957 1.103725 7.828947 10971.984203 1.200000 0.644392 1000.000000 2.177778 -7.992869 100.000000 -7.348477 -400589.609713 1.526420 0.098464 19.692772 0.233179 2.718631 543.726120
 17.000000 1.309070 2.480205 1.171135 10.521298 12810.978899 1.200000 0.644392 1000.000000 2.177778 -7.992869 100.000000 -7.348477 -400590.756582 1.600109 0.042961 8.592175 0.202281 2.045886 409.177289
 17.050000 1.301957 2.448472 1.146515 8.861353 11127.919806 1.200000 0.644392 1000.000000 2.177778 -7.992869 100.000000 -7.348477 -400590.466416 1.669068 0.482867 96.573367 0.295914 4.378255 875.651012
 17.100000 1.263038 2.427497 1.164459 5.104897 4597.422439 1.200000 0.644392 1000.000000 2.177778 -7.992869 100.000000 -7.348477 -400587.911984 1.525922 0.100684 20.136706 0.269419 3.629329 725.865845
 17.150000 1.313504 2.470722 1.157218 10.732410 13741.361293 1.200000 0.644392 1000.000000 2.177778 -7.992869 100.000000 -7.348477 -400590.291022 1.629271 0.170966 34.193137 0.196636 1.933278 386.655539
 17.200000 1.294238 2.424401 1.130163 7.481508 9488.955176 1.200000 0.644392 1000.000000 2.177778 -7.992869 100.000000 -7.348477 -400591.350493 1.698228 0.811943 162.388536 0.260303 3.387891 677.578137
 17.250000 1.285056 2.413115 1.128059 6.386396 7788.278331 1.200000 0.644392 1000.000000 2.177778 -7.992869 100.000000 -7.348477 -400591.184311 1.479788 0.414130 82.826010 0.308492 4.758378 951.675619
 17.300000 1.280694 2.464583 1.183889 7.368648 7334.129934 1.200000 0.644392 1000.000000 2.177778 -7.992869 100.000000 -7.348477 -400591.820644 1.593403 0.025553 5.110646 0.250867 3.146723 629.344556
 17.350000 1.308617 2.446152 1.137535 9.500077 12517.916593 1.200000 0.644392 1000.000000 2.177778 -7.992869 100.000000 -7.348477 -400593.346944 1.700010 0.834813 166.962692 0.203331 2.067177 413.435411
 17.400000 1.307091 2.497988 1.190897 10.860936 12493.771770 1.200000 0.644392 1000.000000 2.177778 -7.992869 100.000000 -7.348477 -400595.357712 1.516731 0.146153 29.230684 0.299208 4.476265 895.253007
 17.450000 1.281140 2.350339 1.069198 4.780743 6881.531305 1.200000 0.644392 1000.000000 2.177778 -7.992869 100.000000 -7.348477 -400589.938432 1.598306 0.037838 7.567601 0.317153 5.029314 1005.862801
 17.500000 1.278407 2.461409 1.183002 7.096194 6952.181625 1.200000 0.644392 1000.000000 2.177778 -7.992869 100.000000 -7.348477 -400586.438499 1.683604 0.636282 127.256312 0.253305 3.208160 641.632097
 17.550000 1.316125 2.477663 1.161539 11.239041 14384.254724 1.200000 0.644392 1000.000000 2.177778 -7.992869 100.000000 -7.348477 -400593.241469 1.628449 0.166191 33.238263 0.220408 2.428979 485.795812
 17.600000 1.302653 2.441605 1.138952 8.749052 11233.689062 1.200000 0.644392 1000.000000 2.177778 -7.992869 100.000000 -7.348477 -400590.100957 1.583709 0.008337 1.667371 0.278106 3.867134 773.426787
 17.650000 1.291947 2.416829 1.124883 7.084387 9025.666462 1.200000 0.644392 1000.000000 2.177778 -7.992869 100.000000 -7.348477 -400589.725238 1.607525 0.067451 13.490203 0.220957 2.441095 488.218994
 17.700000 1.280182 2.473451 1.193269 7.585707 7303.370670 1.200000 0.644392 1000.000000 2.177778 -7.992869 100.000000 -7.348477 -400587.903616 1.652467 0.333502 66.700468 0.216006 2.332923 466.584603
 17.750000 1.300028 2.459430 1.159402 8.969202 10798.897346 1.200000 0.644392 1000.000000 2.177778 -7.992869 100.000000 -7.348477 -400588.935280 1.618997 0.116167 23.233384 0.281809 3.970824 794.164738
 17.800000 1.295067 2.442394 1.147328 8.019942 9737.906398 1.200000 0.644392 1000.000000 2.177778 -7.992869 100.000000 -7.348477 -400593.179052 1.580077 0.004307 0.861324 0.231875 2.688309 537.661866
 17.850000 1.293582 2.482909 1.189327 9.034066 9688.649193 1.200000 0.644392 1000.000000 2.177778 -7.992869 100.000000 -7.348477 -400593.527186 1.667597 0.468517 93.703336 0.245431 3.011817 602.363383
 17.900000 1.306952 2.369018 1.062065 7.548027 11804.511337 1.200000 0.644392 1000.000000 2.177778 -7.992869 100.000000 -7.348477 -400591.964754 1.582538 0.006893 1.378581 0.293348 4.302643 860.528514
 17.950000 1.294190 2.512926 1.218735 10.052101 9995.034678 1.200000 0.644392 1000.000000 2.177778 -7.992869 100.000000 -7.348477 -400594.727465 1.499923 0.251155 50.230983 0.297381 4.421758 884.351663
 18.000000 1.278148 2.419988 1.141839 5.986869 6693.831500 1.200000 0.644392 1000.000000 2.177778 -7.992869 100.000000 -7.348477 -400590.543353 1.690099 0.711660 142.332052 0.202446 2.049211 409.842140
 18.050000 1.300280 2.523902 1.223623 11.018126 11254.054160 1.200000 0.644392 1000.000000 2.177778 -7.992869 100.000000 -7.348477 -400595.424515 1.617001 0.106745 21.348945 0.233028 2.715103 543.020561
 18.100000 1.318674 2.351494 1.032820 8.550680 14385.399142 1.200000 0.644392 1000.000000 2.177778 -7.992869 100.000000 -7.348477 -400588.903646 1.528329 0.090175 18.034917 0.330716 5.468646 1093.729273
 18.150000 1.284317 2.383126 1.098809 5.663098 7531.078936 1.200000 0.644392 1000.000000 2.177778 -7.992869 100.000000 -7.348477 -400590.886297 1.618973 0.116051 23.210260 0.323394 5.229191 1045.838216
 18.200000 1.258377 2.543019 1.284642 8.373992 4741.862477 1.200000 0.644392 1000.000000 2.177778 -7.992869 100.000000 -7.348477 -400588.903780 1.672978 0.522055 104.411050 0.267191 3.569562 713.912481
 18.250000 1.321086 2.404472 1.083386 9.900410 15175.687523 1.200000 0.644392 1000.000000 2.177778 -7.992869 100.000000 -7.348477 -400591.532372 1.615422 0.099571 19.914278 0.227982 2.598798 519.759557
 18.300000 1.294546 2.489568 1.195023 9.330111 9911.023118 1.200000 0.644392 1000.000000 2.177778 -7.992869 100.000000 -7.348477 -400592.156493 1.573489 0.000363 0.072517 0.241010 2.904288 580.857697
 18.350000 1.284077 2.434936 1.150859 6.840993 7730.238003 1.200000 0.644392 1000.000000 2.177778 -7.992869 100.000000 -7.348477 -400589.072755 1.669023 0.482427 96.485324 0.243132 2.955648 591.129547
 18.400000 1.312845 2.480220 1.167375 10.940617 13648.814192 1.200000 0.644392 1000.000000 2.177778 -7.992869 100.000000 -7.348477 -400594.685882 1.651104 0.322466 64.493275 0.297298 4.419315 883.863038
 18.450000 1.300902 2.345910 1.045008 6.504039 10463.926318 1.200000 0.644392 1000.000000 2.177778 -7.992869 100.000000 -7.348477 -400589.675586 1.508643 0.193153 38.630531 0.272694 3.718093 743.618631
 18.500000 1.272347 2.526086 1.253740 8.682958 6447.212090 1.200000 0.644392 1000.000000 2.177778 -7.992869 100.000000 -7.348477 -400590.735632 1.638276 0.227673 45.534560 0.217328 2.361563 472.312615
 18.550000 1.299258 2.411418 1.112160 7.655517 10398.115492 1.200000 0.644392 1000.000000 2.177778 -7.992869 100.000000 -7.348477 -400591.920837 1.694033 0.759367 151.873492 0.220917 2.440212 488.042452
 18.600000 1.309673 2.506915 1.197242 11.430633 13111.466858 1.200000 0.644392 1000.000000 2.177778 -7.992869 100.000000 -7.348477 -400599.031434 1.498971 0.257945 51.588908 0.318249 5.064113 1012.822521
 18.650000 1.282629 2.375976 1.093347 5.377897 7220.366545 1.200000 0.644392 1000.000000 2.177778 -7.992869 100.000000 -7.348477 -400592.345773 1.609398 0.074506 14.901131 0.271646 3.689576 737.915155
 18.700000 1.286893 2.536491 1.249597 10.208976 8837.214360 1.200000 0.644392 1000.000000 2.177778 -7.992869 100.000000 -7.348477 -400593.026920 1.675026 0.543195 108.639051 0.210046 2.205967 441.193438
 18.750000 1.289106 2.417948 1.128842 6.854028 8516.692341 1.200000 0.644392 1000.000000 2.177778 -7.992869 100.000000 -7.348477 -400592.695273 1.539913 0.047690 9.538032 0.261910 3.429836 685.967121
 18.800000 1.293456 2.390108 1.096652 6.621215 9184.848722 1.200000 0.644392 1000.000000 2.177778 -7.992869 100.000000 -7.348477 -400588.678976 1.601979 0.048618 9.723561 0.314452 4.944006 988.801273
 18.850000 1.305564 2.444023 1.138458 9.116237 11852.703039 1.200000 0.644392 1000.000000 2.177778 -7.992869 100.000000 -7.348477 -400588.257249 1.670216 0.494211 98.842109 0.273291 3.734411 746.882113
 18.900000 1.281197 2.483896 1.202699 7.981876 7530.026396 1.200000 0.644392 1000.000000 2.177778 -7.992869 100.000000 -7.348477 -400590.642848 1.636464 0.215611 43.122199 0.224213 2.513573 502.714663
 18.950000 1.283932 2.456641 1.172709 7.410518 7822.217959 1.200000 0.644392 1000.000000 2.177778 -7.992869 100.000000 -7.348477 -400593.583876 1.589208 0.016950 3.389907 0.231557 2.680943 536.188514
 19.000000 1.312254 2.402895 1.090640 8.834419 13107.843635 1.200000 0.644392 1000.000000 2.177778 -7.992869 100.000000 -7.348477 -400591.409648 1.660974 0.406603 81.320580 0.266167 3.542254 708.450778
 19.050000 1.298328 2.433516 1.135188 8.104320 10322.435382 1.200000 0.644392 1000.000000 2.177778 -7.992869 100.000000 -7.348477 -400593.847499 1.631698 0.185454 37.090713 0.293643 4.311308 862.261668
 19.100000 1.281528 2.462119 1.180591 7.365893 7455.300377 1.200000 0.644392 1000.000000 2.177778 -7.992869 100.000000 -7.348477 -400589.949366 1.527305 0.094573 18.914670 0.231711 2.684493 536.898649
 19.150000 1.275848 2.500690 1.224842 8.090034 6795.576359 1.200000 0.644392 1000.000000 2.177778 -7.992869 100.000000 -7.348477 -400589.246981 1.718307 1.087964 217.592742 0.247064 3.052032 610.406305
 19.200000 1.310803 2.415115 1.104312 8.955092 12840.586953 1.200000 0.644392 1000.000000 2.177778 -7.992869 100.000000 -7.348477 -400592.921228 1.650867 0.320566 64.113141 0.286037 4.090868 818.173507
 19.250000 1.292412 2.464660 1.172248 8.385005 9362.899827 1.200000 0.644392 1000.000000 2.177778 -7.992869 100.000000 -7.348477 -400591.969640 1.528121 0.091058 18.211581 0.269737 3.637910 727.582085
 19.300000 1.285450 2.446694 1.161244 7.266632 8024.835807 1.200000 0.644392 1000.000000 2.177778 -7.992869 100.000000 -7.348477 -400586.426991 1.635601 0.209980 41.996074 0.181556 1.648132 329.626427
 19.350000 1.286910 2.462105 1.175196 7.818752 8361.702177 1.200000 0.644392 1000.000000 2.177778 -7.992869 100.000000 -7.348477 -400593.855696 1.669576 0.487867 97.573476 0.275440 3.793363 758.672656
 19.400000 1.290921 2.374290 1.083369 6.064156 8652.782801 1.200000 0.644392 1000.000000 2.177778 -7.992869 100.000000 -7.348477 -400591.299939 1.528048 0.091371 18.274184 0.342142 5.853062 1170.612336
 19.450000 1.282977 2.463609 1.180632 7.527557 7702.181079 1.200000 0.644392 1000.000000 2.177778 -7.992869 100.000000 -7.348477 -400592.938854 1.605703 0.060924 12.184735 0.273909 3.751298 750.259528
 19.500000 1.294547 2.489160 1.194613 9.317472 9908.666790 1.200000 0.644392 1000.000000 2.177778 -7.992869 100.000000 -7.348477 -400591.747929 1.664785 0.441692 88.338431 0.170600 1.455211 291.042180
 19.550000 1.306968 2.458663 1.151695 9.665910 12231.134896 1.200000 0.644392 1000.000000 2.177778 -7.992869 100.000000 -7.348477 -400592.146929 1.554369 0.013493 2.698684 0.311492 4.851370 970.273999
 19.600000 1.290555 2.313538 1.022984 5.021607 8384.431025 1.200000 0.644392 1000.000000 2.177778 -7.992869 100.000000 -7.348477 -400590.783871 1.580133 0.004359 0.871709 0.325919 5.311158 1062.231587
 19.650000 1.278985 2.483299 1.204315 7.786483 7172.051135 1.200000 0.644392 1000.000000 2.177778 -7.992869 100.000000 -7.348477 -400591.560433 1.672934 0.521601 104.320133 0.278327 3.873302 774.660361
 19.700000 1.307508 2.469741 1.162233 10.041131 12410.419346 1.200000 0.644392 1000.000000 2.177778 -7.992869 100.000000 -7.348477 -400591.155978 1.593553 0.025894 5.178793 0.204977 2.100779 420.155793
 19.750000 1.301790 2.509181 1.207390 10.672012 11459.521774 1.200000 0.644392 1000.000000 2.177778 -7.992869 100.000000 -7.348477 -400592.531081 1.638827 0.231410 46.282065 0.285917 4.087440 817.488003
 19.800000 1.279451 2.345040 1.065588 4.555066 6592.246368 1.200000 0.644392 1000.000000 2.177778 -7.992869 100.000000 -7.348477 -400586.857347 1.622476 0.133542 26.708328 0.275917 3.806519 761.303705
 19.850000 1.291739 2.428385 1.136646 7.348260 9044.148094 1.200000 0.644392 1000.000000 2.177778 -7.992869 100.000000 -7.348477 -400594.565015 1.590695 0.019798 3.959606 0.289872 4.201292 840.258365
 19.900000 1.309835 2.488221 1.178386 10.850604 13027.442956 1.200000 0.644392 1000.000000 2.177778 -7.992869 100.000000 -7.348477 -400594.452004 1.612554 0.087186 17.437220 0.216167 2.336399 467.279754
 19.950000 1.278245 2.512018 1.233773 8.646984 7239.481392 1.200000 0.644392 1000.000000 2.177778 -7.992869 100.000000 -7.348477 -400591.497170 1.690462 0.715989 143.197830 0.254177 3.230295 646.058905
 20.000000 1.276879 2.386370 1.109491 5.130740 6345.521226 1.200000 0.644392 1000.000000 2.177778 -7.992869 100.000000 -7.348477 -400587.314005 1.602714 0.050935 10.187093 0.324905 5.278157 1055.631419
 20.050000 1.288748 2.389519 1.100771 6.179771 8324.468656 1.200000 0.644392 1000.000000 2.177778 -7.992869 100.000000 -7.348477 -400590.442033 1.538486 0.052198 10.439594 0.334814 5.605029 1121.005773
 20.100000 1.314803 2.474744 1.159942 10.999292 14061.558429 1.200000 0.644392 1000.000000 2.177778 -7.992869 100.000000 -7.348477 -400591.737613 1.619157 0.116938 23.387653 0.219084 2.399886 479.977174
 20.150000 1.283492 2.451025 1.167533 7.218701 7717.633810 1.200000 0.644392 1000.000000 2.177778 -7.992869 100.000000 -7.348477 -400592.009230 1.623694 0.139906 27.981268 0.202844 2.057286 411.457290
 20.200000 1.260833 2.419636 1.158804 4.775077 4285.558774 1.200000 0.644392 1000.000000 2.177778 -7.992869 100.000000 -7.348477 -400588.179806 1.557024 0.009483 1.896698 0.291299 4.242760 848.552008
 20.250000 1.321059 2.465055 1.143996 11.454111 15480.657488 1.200000 0.644392 1000.000000 2.177778 -7.992869 100.000000 -7.348477 -400599.477087 1.621241 0.127231 25.446287 0.284337 4.042371 808.474225
 20.300000 1.324439 2.485047 1.160607 12.463257 16429.243012 1.200000 0.644392 1000.000000 2.177778 -7.992869 100.000000 -7.348477 -400592.357211 1.647682 0.295570 59.113975 0.184444 1.700979 340.195877
 20.350000 1.255898 2.460633 1.204735 5.562623 3924.610602 1.200000 0.644392 1000.000000 2.177778 -7.992869 100.000000 -7.348477 -400590.563932 1.558403 0.007679 1.535824 0.274500 3.767509 753.501790
 20.400000 1.264929 2.363215 1.098286 3.827207 4559.592866 1.200000 0.644392 1000.000000 2.177778 -7.992869 100.000000 -7.348477 -400586.577099 1.584302 0.009120 1.823998 0.328894 5.408578 1081.715647
 20.450000 1.327887 2.410078 1.082191 10.875731 16894.766566 1.200000 0.644392 1000.000000 2.177778 -7.992869 100.000000 -7.348477 -400595.572027 1.643621 0.265175 53.034926 0.299719 4.491562 898.312302
 20.500000 1.302906 2.494266 1.191360 10.303094 11591.341761 1.200000 0.644392 1000.000000 2.177778 -7.992869 100.000000 -7.348477 -400590.469807 1.579727 0.003988 0.797531 0.195684 1.914612 382.922421
 20.550000 1.254532 2.488020 1.233487 6.299399 3936.288523 1.200000 0.644392 1000.000000 2.177778 -7.992869 100.000000 -7.348477 -400587.948304 1.647939 0.297549 59.509856 0.258696 3.346170 669.234051
 20.600000 1.298338 2.410437 1.112099 7.541682 10211.626403 1.200000 0.644392 1000.000000 2.177778 -7.992869 100.000000 -7.348477 -400591.449775 1.638708 0.230603 46.120533 0.305682 4.672069 934.413779
 20.650000 1.321603 2.400782 1.079179 9.880139 15284.496855 1.200000 0.644392 1000.000000 2.177778 -7.992869 100.000000 -7.348477 -400591.035001 1.573747 0.000435 0.087050 0.303435 4.603645 920.728979
 20.700000 1.281964 2.449836 1.167871 7.059851 7458.303491 1.200000 0.644392 1000.000000 2.177778 -7.992869 100.000000 -7.348477 -400591.563118 1.581997 0.006272 1.254453 0.227569 2.589373 517.874505
 20.750000 1.270173 2.572988 1.302815 10.271693 6486.158068 1.200000 0.644392 1000.000000 2.177778 -7.992869 100.000000 -7.348477 -400592.239262 1.667528 0.467855 93.570968 0.213864 2.286898 457.379521
 20.800000 1.312476 2.324076 1.011600 7.395565 12864.853836 1.200000 0.644392 1000.000000 2.177778 -7.992869 100.000000 -7.348477 -400593.158632 1.631317 0.183138 36.627623 0.303563 4.607522 921.504475
 20.850000 1.313155 2.426524 1.113369 9.495721 13422.742620 1.200000 0.644392 1000.000000 2.177778 -7.992869 100.000000 -7.348477 -400593.935469 1.514937 0.156010 31.202087 0.348502 6.072667 1214.533475
 20.900000 1.272526 2.439754 1.167227 6.061595 5946.371703 1.200000 0.644392 1000.000000 2.177778 -7.992869 100.000000 -7.348477 -400589.512053 1.607696 0.068080 13.616058 0.260010 3.380265 676.052955
 20.950000 1.282787 2.547050 1.264263 10.244927 8217.271092 1.200000 0.644392 1000.000000 2.177778 -7.992869 100.000000 -7.348477 -400595.431340 1.668548 0.477771 95.554283 0.182674 1.668486 333.697176
 21.000000 1.315725 2.394584 1.078858 9.046388 13862.349250 1.200000 0.644392 1000.000000 2.177778 -7.992869 100.000000 -7.348477 -400593.439576 1.548725 0.024358 4.871527 0.289908 4.202333 840.466613
 21.050000 1.296372 2.381379 1.085007 6.716400 9702.004180 1.200000 0.644392 1000.000000 2.177778 -7.992869 100.000000 -7.348477 -400592.832751 1.568461 0.000273 0.054529 0.338177 5.718184 1143.636890
 21.100000 1.259138 2.477398 1.218260 6.237295 4395.059237 1.200000 0.644392 1000.000000 2.177778 -7.992869 100.000000 -7.348477 -400588.101806 1.666382 0.456835 91.366966 0.262439 3.443700 688.739986
 21.150000 1.298275 2.459540 1.161265 8.798484 10451.880059 1.200000 0.644392 1000.000000 2.177778 -7.992869 100.000000 -7.348477 -400592.233359 1.620629 0.124163 24.832573 0.190729 1.818876 363.775169
 21.200000 1.310577 2.429464 1.118887 9.280943 12860.745087 1.200000 0.644392 1000.000000 2.177778 -7.992869 100.000000 -7.348477 -400594.458158 1.548012 0.025957 5.191347 0.266716 3.556881 711.376219
 21.250000 1.282212 2.417627 1.135416 6.255756 7334.018667 1.200000 0.644392 1000.000000 2.177778 -7.992869 100.000000 -7.348477 -400588.740883 1.658271 0.382589 76.517873 0.281078 3.950243 790.048566
 21.300000 1.282006 2.519282 1.237276 9.193749 7891.228738 1.200000 0.644392 1000.000000 2.177778 -7.992869 100.000000 -7.348477 -400589.711464 1.684601 0.647574 129.514754 0.267774 3.585135 717.026951
 21.350000 1.306098 2.432628 1.126530 8.875813 11906.269385 1.200000 0.644392 1000.000000 2.177778 -7.992869 100.000000 -7.348477 -400590.756416 1.524610 0.106658 21.331521 0.235528 2.773676 554.735177
 21.400000 1.303630 2.495953 1.192323 10.431334 11751.471216 1.200000 0.644392 1000.000000 2.177778 -7.992869 100.000000 -7.348477 -400597.827826 1.645364 0.278015 55.602970 0.269620 3.634750 726.950034
 21.450000 1.278617 2.406138 1.127521 5.697728 6702.099935 1.200000 0.644392 1000.000000 2.177778 -7.992869 100.000000 -7.348477 -400590.612472 1.669500 0.487119 97.423778 0.223980 2.508362 501.672401
 21.500000 1.293703 2.526545 1.232842 10.472110 9996.729964 1.200000 0.644392 1000.000000 2.177778 -7.992869 100.000000 -7.348477 -400592.237367 1.554372 0.013488 2.697560 0.252369 3.184505 636.900945
 21.550000 1.290873 2.405832 1.114959 6.729416 8778.029556 1.200000 0.644392 1000.000000 2.177778 -7.992869 100.000000 -7.348477 -400590.981018 1.607307 0.066651 13.330139 0.242526 2.940943 588.188574
 21.600000 1.288618 2.547880 1.259262 10.775341 9222.875126 1.200000 0.644392 1000.000000 2.177778 -7.992869 100.000000 -7.348477 -400593.866918 1.672312 0.515268 103.053674 0.282783 3.998323 799.664524
 21.650000 1.297832 2.347108 1.049276 6.219164 9857.784078 1.200000 0.644392 1000.000000 2.177778 -7.992869 100.000000 -7.348477 -400593.130857 1.591434 0.021296 4.259274 0.268366 3.601022 720.204381
 21.700000 1.299957 2.528685 1.228728 11.152521 11222.797130 1.200000 0.644392 1000.000000 2.177778 -7.992869 100.000000 -7.348477 -400594.938119 1.563565 0.002614 0.522885 0.231426 2.677907 535.581468
 21.750000 1.284455 2.434646 1.150191 6.865435 7792.543686 1.200000 0.644392 1000.000000 2.177778 -7.992869 100.000000 -7.348477 -400591.487020 1.688078 0.687747 137.549490 0.233944 2.736480 547.295910
 21.800000 1.292758 2.497654 1.204896 9.418090 9627.308675 1.200000 0.644392 1000.000000 2.177778 -7.992869 100.000000 -7.348477 -400594.783503 1.602607 0.050595 10.118928 0.294808 4.345582 869.116449
 21.850000 1.292274 2.349470 1.057195 5.731175 8809.325809 1.200000 0.644392 1000.000000 2.177778 -7.992869 100.000000 -7.348477 -400590.561968 1.532367 0.073841 14.768226 0.294661 4.341267 868.253370
 21.900000 1.289286 2.508360 1.219074 9.450219 9064.842394 1.200000 0.644392 1000.000000 2.177778 -7.992869 100.000000 -7.348477 -400593.685114 1.608891 0.072559 14.511731 0.218234 2.381303 476.260573
 21.950000 1.296892 2.432906 1.136014 7.948559 10038.972450 1.200000 0.644392 1000.000000 2.177778 -7.992869 100.000000 -7.348477 -400590.839483 1.658001 0.380233 76.046625 0.223425 2.495936 499.187245
 22.000000 1.306718 2.478404 1.171685 10.213210 12292.583578 1.200000 0.644392 1000.000000 2.177778 -7.992869 100.000000 -7.348477 -400597.107160 1.584737 0.009717 1.943419 0.307414 4.725181 945.036180
 22.050000 1.289051 2.417396 1.128345 6.835859 8504.213435 1.200000 0.644392 1000.000000 2.177778 -7.992869 100.000000 -7.348477 -400593.640211 1.579947 0.004187 0.837401 0.238197 2.836893 567.378671
 22.100000 1.274447 2.471793 1.197346 7.093418 6406.812809 1.200000 0.644392 1000.000000 2.177778 -7.992869 100.000000 -7.348477 -400588.268503 1.581294 0.005510 1.102002 0.192997 1.862390 372.477979
 22.150000 1.292987 2.469837 1.176850 8.588234 9499.569463 1.200000 0.644392 1000.000000 2.177778 -7.992869 100.000000 -7.348477 -400592.976471 1.583051 0.007509 1.501716 0.299473 4.484200 896.840028
 22.200000 1.288814 2.364857 1.076043 5.693934 8237.974226 1.200000 0.644392 1000.000000 2.177778 -7.992869 100.000000 -7.348477 -400588.831392 1.652452 0.333385 66.676959 0.306198 4.687857 937.571410
 22.250000 1.285861 2.484204 1.198344 8.380869 8310.999340 1.200000 0.644392 1000.000000 2.177778 -7.992869 100.000000 -7.348477 -400588.408048 1.578016 0.002606 0.521291 0.242632 2.943519 588.703854
 22.300000 1.295051 2.448702 1.153651 8.187357 9768.709266 1.200000 0.644392 1000.000000 2.177778 -7.992869 100.000000 -7.348477 -400591.383768 1.601061 0.045799 9.159735 0.219272 2.404010 480.802050
 22.350000 1.292491 2.512324 1.219834 9.873341 9673.753483 1.200000 0.644392 1000.000000 2.177778 -7.992869 100.000000 -7.348477 -400595.373854 1.659236 0.391081 78.216280 0.289619 4.193946 838.789203
 22.400000 1.261029 2.385319 1.124290 4.015930 4155.270578 1.200000 0.644392 1000.000000 2.177778 -7.992869 100.000000 -7.348477 -400583.398481 1.617283 0.108049 21.609730 0.276287 3.816715 763.342963
 22.450000 1.309827 2.414389 1.104562 8.830186 12621.743359 1.200000 0.644392 1000.000000 2.177778 -7.992869 100.000000 -7.348477 -400590.826056 1.612703 0.087808 17.561556 0.258852 3.350221 670.044202
 22.500000 1.298024 2.508074 1.210050 10.259139 10699.671595 1.200000 0.644392 1000.000000 2.177778 -7.992869 100.000000 -7.348477 -400592.713476 1.583439 0.007992 1.598369 0.224711 2.524756 504.951162
 22.550000 1.284867 2.400121 1.115254 6.073063 7696.829240 1.200000 0.644392 1000.000000 2.177778 -7.992869 100.000000 -7.348477 -400592.300960 1.688315 0.690537 138.107403 0.257746 3.321661 664.332161
 22.600000 1.295176 2.504969 1.209794 9.881902 10128.929579 1.200000 0.644392 1000.000000 2.177778 -7.992869 100.000000 -7.348477 -400591.484213 1.578021 0.002610 0.522019 0.297979 4.439588 887.917558
 22.650000 1.281339 2.373559 1.092220 5.224571 6999.412199 1.200000 0.644392 1000.000000 2.177778 -7.992869 100.000000 -7.348477 -400588.135866 1.551505 0.018607 3.721441 0.247126 3.053561 610.712285
 22.700000 1.313903 2.535432 1.221529 12.882738 14252.999103 1.200000 0.644392 1000.000000 2.177778 -7.992869 100.000000 -7.348477 -400597.228371 1.652977 0.337686 67.537182 0.219578 2.410732 482.146399
 22.750000 1.284427 2.403453 1.119026 6.110444 7637.247272 1.200000 0.644392 1000.000000 2.177778 -7.992869 100.000000 -7.348477 -400591.991871 1.642916 0.260060 52.012025 0.250532 3.138302 627.660420
 22.800000 1.276431 2.444583 1.168152 6.480119 6553.562574 1.200000 0.644392 1000.000000 2.177778 -7.992869 100.000000 -7.348477 -400592.394652 1.560527 0.005273 1.054588 0.276225 3.815023 763.004605
 22.850000 1.317470 2.477781 1.160312 11.399682 14699.173076 1.200000 0.644392 1000.000000 2.177778 -7.992869 100.000000 -7.348477 -400597.142636 1.632438 0.189985 37.996998 0.225312 2.538280 507.656100
 22.900000 1.297452 2.443776 1.146324 8.286172 10204.400746 1.200000 0.644392 1000.000000 2.177778 -7.992869 100.000000 -7.348477 -400592.842771 1.600666 0.044609 8.921836 0.235648 2.776510 555.302096
 22.950000 1.273483 2.449815 1.176333 6.400058 6139.729828 1.200000 0.644392 1000.000000 2.177778 -7.992869 100.000000 -7.348477 -400586.783215 1.518364 0.137455 27.491001 0.279325 3.901116 780.223298
 23.000000 1.281980 2.454094 1.172115 7.177864 7484.161103 1.200000 0.644392 1000.000000 2.177778 -7.992869 100.000000 -7.348477 -400589.243629 1.693700 0.755271 151.054136 0.282868 4.000713 800.142568
 23.050000 1.303137 2.443624 1.140486 8.852347 11344.036691 1.200000 0.644392 1000.000000 2.177778 -7.992869 100.000000 -7.348477 -400584.092730 1.609514 0.074953 14.990681 0.214548 2.301543 460.308565
 23.100000 1.294474 2.454585 1.160111 8.293795 9691.577040 1.200000 0.644392 1000.000000 2.177778 -7.992869 100.000000 -7.348477 -400590.974106 1.592548 0.023657 4.731482 0.245365 3.010189 602.037729
 23.150000 1.291318 2.459041 1.167722 8.124958 9130.117937 1.200000 0.644392 1000.000000 2.177778 -7.992869 100.000000 -7.348477 -400595.130353 1.608869 0.072476 14.495253 0.267298 3.572406 714.481235
 23.200000 1.288497 2.485899 1.197402 8.662761 8781.045019 1.200000 0.644392 1000.000000 2.177778 -7.992869 100.000000 -7.348477 -400589.762821 1.623399 0.138354 27.670787 0.226710 2.569881 513.976210
 23.250000 1.273437 2.419795 1.146357 5.625126 5978.762281 1.200000 0.644392 1000.000000 2.177778 -7.992869 100.000000 -7.348477 -400590.456166 1.575719 0.001211 0.242281 0.223534 2.498366 499.673276
 23.300000 1.312375 2.512996 1.200621 11.932585 13751.779462 1.200000 0.644392 1000.000000 2.177778 -7.992869 100.000000 -7.348477 -400593.229205 1.558020 0.008162 1.632458 0.276012 3.809124 761.824755
 23.350000 1.302704 2.390511 1.087807 7.536855 11000.725585 1.200000 0.644392 1000.000000 2.177778 -7.992869 100.000000 -7.348477 -400588.646388 1.673436 0.526742 105.348330 0.258219 3.333853 666.770604
 23.400000 1.258279 2.574690 1.316411 9.575208 4971.862400 1.200000 0.644392 1000.000000 2.177778 -7.992869 100.000000 -7.348477 -400590.574544 1.624401 0.143675 28.735098 0.239528 2.868688 573.737690
 23.450000 1.299171 2.358013 1.058842 6.541658 10159.684465 1.200000 0.644392 1000.000000 2.177778 -7.992869 100.000000 -7.348477 -400589.632494 1.550559 0.020477 4.095323 0.243675 2.968870 593.773967
 23.500000 1.308168 2.442224 1.134056 9.346781 12399.704300 1.200000 0.644392 1000.000000 2.177778 -7.992869 100.000000 -7.348477 -400593.502224 1.560227 0.005585 1.117092 0.230477 2.655972 531.194417
 23.550000 1.275675 2.498919 1.223244 8.019951 6758.058112 1.200000 0.644392 1000.000000 2.177778 -7.992869 100.000000 -7.348477 -400593.246183 1.666497 0.457933 91.586655 0.250271 3.131767 626.353465
 23.600000 1.304492 2.435144 1.130652 8.771109 11580.873651 1.200000 0.644392 1000.000000 2.177778 -7.992869 100.000000 -7.348477 -400591.399548 1.603529 0.053572 10.714331 0.255381 3.260976 652.195149
 23.650000 1.307777 2.493947 1.186170 10.806057 12615.454090 1.200000 0.644392 1000.000000 2.177778 -7.992869 100.000000 -7.348477 -400592.070951 1.568842 0.000191 0.038211 0.239899 2.877572 575.514429
 23.700000 1.281916 2.375169 1.093252 5.303287 7099.891182 1.200000 0.644392 1000.000000 2.177778 -7.992869 100.000000 -7.348477 -400589.035955 1.638884 0.231798 46.359617 0.251613 3.165456 633.091113
 23.750000 1.298123 2.510829 1.212706 10.360266 10737.432269 1.200000 0.644392 1000.000000 2.177778 -7.992869 100.000000 -7.348477 -400592.688720 1.565956 0.001171 0.234277 0.272946 3.724981 744.996173
 23.800000 1.290643 2.416629 1.125987 6.960536 8786.567313 1.200000 0.644392 1000.000000 2.177778 -7.992869 100.000000 -7.348477 -400591.186094 1.644157 0.269091 53.818151 0.224604 2.522358 504.471646
 23.850000 1.306031 2.502869 1.196838 10.905554 12299.506206 1.200000 0.644392 1000.000000 2.177778 -7.992869 100.000000 -7.348477 -400595.383173 1.542432 0.040226 8.045128 0.236704 2.801441 560.288240
 23.900000 1.285328 2.355843 1.070515 5.225793 7597.925386 1.200000 0.644392 1000.000000 2.177778 -7.992869 100.000000 -7.348477 -400587.504075 1.588321 0.015355 3.071041 0.287990 4.146911 829.382218
 23.950000 1.283237 2.511628 1.228391 9.036968 8042.927110 1.200000 0.644392 1000.000000 2.177778 -7.992869 100.000000 -7.348477 -400594.634945 1.691844 0.732628 146.525597 0.301086 4.532637 906.527402
 24.000000 1.310095 2.487771 1.177675 10.865251 13081.905325 1.200000 0.644392 1000.000000 2.177778 -7.992869 100.000000 -7.348477 -400594.300590 1.600072 0.042854 8.570882 0.247990 3.074948 614.989621
 24.050000 1.292892 2.374561 1.081669 6.250672 9016.202145 1.200000 0.644392 1000.000000 2.177778 -7.992869 100.000000 -7.348477 -400587.306078 1.498546 0.261003 52.200625 0.206396 2.129975 425.995044
 24.100000 1.284039 2.527431 1.243392 9.644156 8285.146128 1.200000 0.644392 1000.000000 2.177778 -7.992869 100.000000 -7.348477 -400596.522739 1.639167 0.233726 46.745297 0.266590 3.553524 710.704773
 24.150000 1.286475 2.369076 1.082601 5.568666 7843.793720 1.200000 0.644392 1000.000000 2.177778 -7.992869 100.000000 -7.348477 -400588.994886 1.729306 1.256264 251.252873 0.272685 3.717863 743.572593
 24.200000 1.303212 2.591578 1.288367 13.887856 12364.933135 1.200000 0.644392 1000.000000 2.177778 -7.992869 100.000000 -7.348477 -400596.238410 1.479758 0.414398 82.879597 0.297531 4.426226 885.245205
 24.250000 1.288729 2.336645 1.047916 5.198404 8125.305993 1.200000 0.644392 1000.000000 2.177778 -7.992869 100.000000 -7.348477 -400587.449304 1.592193 0.022892 4.578357 0.281145 3.952121 790.424275
 24.300000 1.277163 2.561910 1.284747 10.354917 7429.675366 1.200000 0.644392 1000.000000 2.177778 -7.992869 100.000000 -7.348477 -400593.019519 1.651631 0.326713 65.342557 0.251521 3.163133 632.626650
 24.350000 1.295814 2.389348 1.093534 6.828250 9627.928430 1.200000 0.644392 1000.000000 2.177778 -7.992869 100.000000 -7.348477 -400588.680889 1.556975 0.009551 1.910186 0.217892 2.373847 474.769405
 24.400000 1.322819 2.415163 1.092345 10.359823 15647.969610 1.200000 0.644392 1000.000000 2.177778 -7.992869 100.000000 -7.348477 -400593.470115 1.607909 0.068868 13.773659 0.307250 4.720134 944.026805
 24.450000 1.272380 2.456479 1.184099 6.503181 6015.664646 1.200000 0.644392 1000.000000 2.177778 -7.992869 100.000000 -7.348477 -400590.063839 1.552866 0.016075 3.215040 0.278939 3.890343 778.068596
 24.500000 1.290519 2.543978 1.253459 10.802024 9534.804918 1.200000 0.644392 1000.000000 2.177778 -7.992869 100.000000 -7.348477 -400596.012152 1.691585 0.729493 145.898525 0.243538 2.965536 593.107283
 24.550000 1.305010 2.441788 1.136777 8.998629 11724.155833 1.200000 0.644392 1000.000000 2.177778 -7.992869 100.000000 -7.348477 -400592.766134 1.554501 0.013277 2.655340 0.235440 2.771596 554.319189
 24.600000 1.280368 2.437669 1.157300 6.606704 7134.515841 1.200000 0.644392 1000.000000 2.177778 -7.992869 100.000000 -7.348477 -400590.574142 1.544313 0.035069 7.013847 0.314487 4.945111 989.022239
 24.650000 1.291260 2.291621 1.000361 4.812240 8458.050385 1.200000 0.644392 1000.000000 2.177778 -7.992869 100.000000 -7.348477 -400588.348525 1.629588 0.172821 34.564294 0.287304 4.127178 825.435621
 24.700000 1.299861 2.628102 1.328241 15.125746 12000.225034 1.200000 0.644392 1000.000000 2.177778 -7.992869 100.000000 -7.348477 -400598.438468 1.658352 0.383299 76.659765 0.278400 3.875330 775.066088
 24.750000 1.298048 2.354642 1.056594 6.370773 9926.244738 1.200000 0.644392 1000.000000 2.177778 -7.992869 100.000000 -7.348477 -400586.512232 1.580421 0.004632 0.926439 0.194182 1.885340 377.067949
 24.800000 1.299813 2.521820 1.222006 10.899560 11146.293811 1.200000 0.644392 1000.000000 2.177778 -7.992869 100.000000 -7.348477 -400593.885694 1.560572 0.005226 1.045286 0.268669 3.609164 721.832785
 24.850000 1.289105 2.368895 1.079790 5.796110 8304.898318 1.200000 0.644392 1000.000000 2.177778 -7.992869 100.000000 -7.348477 -400590.932820 1.677736 0.571807 114.361390 0.302286 4.568836 913.767252
 24.900000 1.303317 2.399123 1.095807 7.786868 11164.286052 1.200000 0.644392 1000.000000 2.177778 -7.992869 100.000000 -7.348477 -400587.961244 1.574897 0.000841 0.168146 0.297657 4.429975 885.995033
 24.950000 1.293496 2.488442 1.194945 9.196384 9706.676371 1.200000 0.644392 1000.000000 2.177778 -7.992869 100.000000 -7.348477 -400593.731788 1.514943 0.155982 31.196403 0.257139 3.306028 661.205656
 25.000000 1.276189 2.476160 1.199971 7.353999 6695.100407 1.200000 0.644392 1000.000000 2.177778 -7.992869 100.000000 -7.348477 -400589.830173 1.671207 0.504120 100.823960 0.227173 2.580374 516.074893
 25.050000 1.307849 2.489375 1.181525 10.670358 12602.385166 1.200000 0.644392 1000.000000 2.177778 -7.992869 100.000000 -7.348477 -400594.774884 1.604099 0.055455 11.091011 0.246698 3.042984 608.596866
 25.100000 1.296529 2.393337 1.096808 6.982257 9782.583807 1.200000 0.644392 1000.000000 2.177778 -7.992869 100.000000 -7.348477 -400591.331867 1.593190 0.025074 5.014734 0.272700 3.718257 743.651472
 25.150000 1.297301 2.463720 1.166419 8.821925 10285.181761 1.200000 0.644392 1000.000000 2.177778 -7.992869 100.000000 -7.348477 -400594.131423 1.572474 0.000141 0.028135 0.218960 2.397178 479.435573
 25.200000 1.290334 2.476021 1.185687 8.527585 9049.740241 1.200000 0.644392 1000.000000 2.177778 -7.992869 100.000000 -7.348477 -400592.131201 1.691812 0.732236 146.447138 0.242590 2.942506 588.501124
 25.250000 1.282113 2.463162 1.181049 7.443521 7557.059454 1.200000 0.644392 1000.000000 2.177778 -7.992869 100.000000 -7.348477 -400589.268136 1.612115 0.085361 17.072180 0.277746 3.857131 771.426258
 25.300000 1.303466 2.461973 1.158507 9.390929 11512.843166 1.200000 0.644392 1000.000000 2.177778 -7.992869 100.000000 -7.348477 -400592.639915 1.535415 0.062592 12.518375 0.248842 3.096107 619.221499
 25.350000 1.313170 2.419334 1.106164 9.321146 13390.849554 1.200000 0.644392 1000.000000 2.177778 -7.992869 100.000000 -7.348477 -400590.432575 1.607209 0.066295 13.258928 0.212978 2.267988 453.597625
 25.400000 1.282476 2.534068 1.251591 9.748292 8071.769817 1.200000 0.644392 1000.000000 2.177778 -7.992869 100.000000 -7.348477 -400594.199114 1.655242 0.356550 71.309937 0.261577 3.421121 684.224121
 25.450000 1.282375 2.388262 1.105886 5.608010 7228.713289 1.200000 0.644392 1000.000000 2.177778 -7.992869 100.000000 -7.348477 -400590.619178 1.577823 0.002469 0.493730 0.246332 3.033964 606.792889
 25.500000 1.295597 2.477774 1.182177 9.069276 10038.760772 1.200000 0.644392 1000.000000 2.177778 -7.992869 100.000000 -7.348477 -400591.204190 1.577394 0.002176 0.435239 0.232540 2.703741 540.748206
 25.550000 1.311552 2.429632 1.118080 9.393399 13078.055128 1.200000 0.644392 1000.000000 2.177778 -7.992869 100.000000 -7.348477 -400592.680744 1.642378 0.256194 51.238732 0.233372 2.723118 544.623635
 25.600000 1.267942 2.509790 1.241847 7.819680 5718.490504 1.200000 0.644392 1000.000000 2.177778 -7.992869 100.000000 -7.348477 -400589.881307 1.567802 0.000448 0.089678 0.274812 3.776087 755.217439
 25.650000 1.275098 2.375646 1.100548 4.777421 6031.178362 1.200000 0.644392 1000.000000 2.177778 -7.992869 100.000000 -7.348477 -400582.202747 1.582343 0.006666 1.333227 0.263274 3.465653 693.130581
 25.700000 1.314013 2.499836 1.185823 11.685567 14036.186318 1.200000 0.644392 1000.000000 2.177778 -7.992869 100.000000 -7.348477 -400594.881422 1.654215 0.347933 69.586677 0.248588 3.089795 617.958950
 25.750000 1.300086 2.486682 1.186596 9.779688 10971.434404 1.200000 0.644392 1000.000000 2.177778 -7.992869 100.000000 -7.348477 -400592.391666 1.577997 0.002593 0.518541 0.254945 3.249841 649.968154
 25.800000 1.285297 2.422610 1.137313 6.634923 7874.994987 1.200000 0.644392 1000.000000 2.177778 -7.992869 100.000000 -7.348477 -400591.463388 1.627229 0.159235 31.846912 0.252250 3.181500 636.300077
 25.850000 1.295955 2.458653 1.162699 8.548207 9996.209699 1.200000 0.644392 1000.000000 2.177778 -7.992869 100.000000 -7.348477 -400591.186326 1.601991 0.048655 9.731099 0.212914 2.266626 453.325256
 25.900000 1.312342 2.420529 1.108186 9.256797 13210.082105 1.200000 0.644392 1000.000000 2.177778 -7.992869 100.000000 -7.348477 -400588.355244 1.586453 0.012256 2.451260 0.238309 2.839553 567.910567
 25.950000 1.287134 2.517427 1.230293 9.564205 8745.890547 1.200000 0.644392 1000.000000 2.177778 -7.992869 100.000000 -7.348477 -400592.469509 1.603663 0.054009 10.801863 0.271812 3.694077 738.815466
 26.000000 1.280205 2.439149 1.158943 6.632174 7116.028916 1.200000 0.644392 1000.000000 2.177778 -7.992869 100.000000 -7.348477 -400589.520185 1.663457 0.429296 85.859225 0.255019 3.251734 650.346823
 26.050000 1.303802 2.479370 1.175568 9.935289 11684.388005 1.200000 0.644392 1000.000000 2.177778 -7.992869 100.000000 -7.348477 -400595.124361 1.575547 0.001129 0.225712 0.230750 2.662276 532.455155
 26.100000 1.309029 2.444206 1.135177 9.492863 12597.184809 1.200000 0.644392 1000.000000 2.177778 -7.992869 100.000000 -7.348477 -400590.099296 1.584446 0.009316 1.863164 0.262657 3.449422 689.884401
 26.150000 1.276399 2.410379 1.133980 5.623584 6377.858920 1.200000 0.644392 1000.000000 2.177778 -7.992869 100.000000 -7.348477 -400587.447813 1.606499 0.063733 12.746557 0.237190 2.812950 562.590088
 26.200000 1.300995 2.514879 1.213884 10.781828 11336.314451 1.200000 0.644392 1000.000000 2.177778 -7.992869 100.000000 -7.348477 -400596.293974 1.627425 0.160338 32.067554 0.234335 2.745644 549.128900
 26.250000 1.311821 2.438886 1.127065 9.660836 13185.691210 1.200000 0.644392 1000.000000 2.177778 -7.992869 100.000000 -7.348477 -400593.949740 1.615677 0.100713 20.142541 0.261307 3.414077 682.815306
 26.300000 1.290341 2.472734 1.182393 8.430692 9031.459339 1.200000 0.644392 1000.000000 2.177778 -7.992869 100.000000 -7.348477 -400590.479845 1.572413 0.000131 0.026151 0.234077 2.739612 547.922349
 26.350000 1.275072 2.403943 1.128871 5.375396 6147.238783 1.200000 0.644392 1000.000000 2.177778 -7.992869 100.000000 -7.348477 -400586.217344 1.668971 0.481914 96.382753 0.228940 2.620685 524.136944
 26.400000 1.297296 2.526446 1.229150 10.811733 10682.196175 1.200000 0.644392 1000.000000 2.177778 -7.992869 100.000000 -7.348477 -400596.346568 1.567416 0.000571 0.114295 0.248504 3.087700 617.540061
 26.450000 1.318086 2.431706 1.113620 10.196119 14589.080615 1.200000 0.644392 1000.000000 2.177778 -7.992869 100.000000 -7.348477 -400593.559545 1.614608 0.095972 19.194448 0.252515 3.188204 637.640700
 26.500000 1.285653 2.458603 1.172950 7.611317 8124.994026 1.200000 0.644392 1000.000000 2.177778 -7.992869 100.000000 -7.348477 -400590.647500 1.639373 0.235135 47.026981 0.243734 2.970311 594.062106
 26.550000 1.272287 2.473195 1.200907 6.976271 6098.145267 1.200000 0.644392 1000.000000 2.177778 -7.992869 100.000000 -7.348477 -400593.278968 1.572422 0.000132 0.026429 0.237865 2.828998 565.799528
 26.600000 1.303546 2.422988 1.119442 8.367287 11323.060823 1.200000 0.644392 1000.000000 2.177778 -7.992869 100.000000 -7.348477 -400588.815291 1.617864 0.110767 22.153318 0.225028 2.531886 506.377116
 26.650000 1.315188 2.539310 1.224122 13.169356 14575.240756 1.200000 0.644392 1000.000000 2.177778 -7.992869 100.000000 -7.348477 -400594.488663 1.643799 0.266469 53.293800 0.255523 3.264607 652.921399
 26.700000 1.291070 2.333828 1.042758 5.364494 8537.325023 1.200000 0.644392 1000.000000 2.177778 -7.992869 100.000000 -7.348477 -400585.852934 1.578553 0.003009 0.601723 0.256299 3.284453 656.890598
 26.750000 1.274745 2.509825 1.235081 8.306158 6689.306312 1.200000 0.644392 1000.000000 2.177778 -7.992869 100.000000 -7.348477 -400592.147255 1.533312 0.070253 14.050570 0.254724 3.244218 648.843668
 26.800000 1.307111 2.494291 1.187181 10.745379 12474.480791 1.200000 0.644392 1000.000000 2.177778 -7.992869 100.000000 -7.348477 -400592.971745 1.724376 1.179335 235.867060 0.245779 3.020365 604.073056
 26.850000 1.311193 2.465430 1.154237 10.319131 13191.302959 1.200000 0.644392 1000.000000 2.177778 -7.992869 100.000000 -7.348477 -400594.043068 1.596971 0.034255 6.850913 0.252083 3.177298 635.459572
 26.900000 1.272650 2.400726 1.128075 5.124332 5775.146237 1.200000 0.644392 1000.000000 2.177778 -7.992869 100.000000 -7.348477 -400588.887927 1.513723 0.162867 32.573356 0.236564 2.798126 559.625229
 26.950000 1.291781 2.490778 1.198997 9.110299 9403.389099 1.200000 0.644392 1000.000000 2.177778 -7.992869 100.000000 -7.348477 -400591.656620 1.658861 0.387765 77.553048 0.238719 2.849340 569.867950
 27.000000 1.312535 2.464920 1.152385 10.454591 13488.619391 1.200000 0.644392 1000.000000 2.177778 -7.992869 100.000000 -7.348477 -400593.878165 1.656398 0.366379 73.275819 0.234109 2.740344 548.068888
 27.050000 1.289865 2.447347 1.157482 7.671230 8802.381854 1.200000 0.644392 1000.000000 2.177778 -7.992869 100.000000 -7.348477 -400587.636136 1.550709 0.020175 4.034945 0.264283 3.492269 698.453815
 27.100000 1.291697 2.426170 1.134473 7.289091 9025.298186 1.200000 0.644392 1000.000000 2.177778 -7.992869 100.000000 -7.348477 -400590.746521 1.586093 0.011699 2.339828 0.239349 2.864403 572.880694
 27.150000 1.285848 2.503555 1.217707 8.991465 8431.180818 1.200000 0.644392 1000.000000 2.177778 -7.992869 100.000000 -7.348477 -400590.308865 1.670438 0.496424 99.284704 0.224592 2.522084 504.416715
 27.200000 1.272747 2.466917 1.194171 6.826140 6128.124446 1.200000 0.644392 1000.000000 2.177778 -7.992869 100.000000 -7.348477 -400589.016379 1.570417 0.000007 0.001441 0.248675 3.091965 618.392923
 27.250000 1.320255 2.389644 1.069389 9.475039 14910.204420 1.200000 0.644392 1000.000000 2.177778 -7.992869 100.000000 -7.348477 -400592.017449 1.585337 0.010572 2.114438 0.261975 3.431553 686.310677
 27.300000 1.292172 2.493549 1.201377 9.233380 9492.724236 1.200000 0.644392 1000.000000 2.177778 -7.992869 100.000000 -7.348477 -400587.611304 1.622633 0.134352 26.870379 0.220913 2.440133 488.026661
 27.350000 1.278788 2.514426 1.235638 8.770392 7340.905651 1.200000 0.644392 1000.000000 2.177778 -7.992869 100.000000 -7.348477 -400591.079505 1.686036 0.664011 132.802161 0.256434 3.287917 657.583473
 27.400000 1.295329 2.454805 1.159475 8.381024 9855.100265 1.200000 0.644392 1000.000000 2.177778 -7.992869 100.000000 -7.348477 -400592.344977 1.582129 0.006421 1.284230 0.255063 3.252853 650.570570
 27.450000 1.302031 2.409457 1.107426 7.888926 10947.093643 1.200000 0.644392 1000.000000 2.177778 -7.992869 100.000000 -7.348477 -400590.993313 1.565166 0.001585 0.317050 0.217013 2.354727 470.945320
 27.500000 1.301348 2.458063 1.156714 9.063701 11057.039122 1.200000 0.644392 1000.000000 2.177778 -7.992869 100.000000 -7.348477 -400594.103437 1.590295 0.019010 3.802049 0.228160 2.602843 520.568553
 27.550000 1.279624 2.537752 1.258128 9.649072 7635.791929 1.200000 0.644392 1000.000000 2.177778 -7.992869 100.000000 -7.348477 -400596.030930 1.622453 0.133420 26.684099 0.293455 4.305793 861.158586
 27.600000 1.297131 2.369763 1.072632 6.560141 9803.036780 1.200000 0.644392 1000.000000 2.177778 -7.992869 100.000000 -7.348477 -400588.893853 1.634583 0.203437 40.687369 0.229684 2.637739 527.547704
 27.650000 1.303846 2.524846 1.221000 11.414851 11988.630389 1.200000 0.644392 1000.000000 2.177778 -7.992869 100.000000 -7.348477 -400594.333929 1.564076 0.002258 0.451611 0.235719 2.778162 555.632333
 27.700000 1.293601 2.418254 1.124654 7.271985 9339.358941 1.200000 0.644392 1000.000000 2.177778 -7.992869 100.000000 -7.348477 -400591.521294 1.626449 0.154860 30.972076 0.288895 4.173016 834.603122
 27.750000 1.280126 2.479662 1.199536 7.766748 7331.439397 1.200000 0.644392 1000.000000 2.177778 -7.992869 100.000000 -7.348477 -400592.182282 1.634567 0.203334 40.666816 0.232527 2.703435 540.686919
 27.800000 1.292844 2.384252 1.091408 6.441531 9046.235592 1.200000 0.644392 1000.000000 2.177778 -7.992869 100.000000 -7.348477 -400589.996101 1.581455 0.005680 1.136023 0.198971 1.979464 395.892736
 27.850000 1.322786 2.460432 1.137646 11.532912 15875.416727 1.200000 0.644392 1000.000000 2.177778 -7.992869 100.000000 -7.348477 -400597.084055 1.569040 0.000154 0.030840 0.266338 3.546801 709.360111
 27.900000 1.286119 2.529249 1.243130 9.884876 8651.856415 1.200000 0.644392 1000.000000 2.177778 -7.992869 100.000000 -7.348477 -400596.568657 1.661440 0.410815 82.163096 0.264476 3.497374 699.474759
 27.950000 1.272781 2.382045 1.109265 4.734777 5714.277288 1.200000 0.644392 1000.000000 2.177778 -7.992869 100.000000 -7.348477 -400587.538244 1.642544 0.257386 51.477292 0.244696 2.993811 598.762260
 28.000000 1.291515 2.510180 1.218664 9.712062 9479.940062 1.200000 0.644392 1000.000000 2.177778 -7.992869 100.000000 -7.348477 -400594.785979 1.544065 0.035728 7.145546 0.254501 3.238547 647.709358
 28.050000 1.308274 2.465464 1.157190 9.999819 12550.916623 1.200000 0.644392 1000.000000 2.177778 -7.992869 100.000000 -7.348477 -400594.833239 1.674252 0.535156 107.031136 0.252811 3.195666 639.133188
 28.100000 1.303190 2.482273 1.179084 9.959915 11575.251765 1.200000 0.644392 1000.000000 2.177778 -7.992869 100.000000 -7.348477 -400596.072457 1.607947 0.069009 13.801830 0.225907 2.551692 510.338328
 28.150000 1.266337 2.359735 1.093399 3.855709 4731.642502 1.200000 0.644392 1000.000000 2.177778 -7.992869 100.000000 -7.348477 -400586.757836 1.533445 0.069755 13.950965 0.240847 2.900376 580.075106
 28.200000 1.291931 2.509609 1.217678 9.731279 9552.465806 1.200000 0.644392 1000.000000 2.177778 -7.992869 100.000000 -7.348477 -400595.063735 1.606990 0.065499 13.099888 0.266636 3.554744 710.948827
 28.250000 1.311859 2.499958 1.188099 11.446217 13550.404598 1.200000 0.644392 1000.000000 2.177778 -7.992869 100.000000 -7.348477 -400594.177520 1.736515 1.373129 274.625852 0.215299 2.317689 463.537801
 28.300000 1.295969 2.468282 1.172313 8.824617 10053.901582 1.200000 0.644392 1000.000000 2.177778 -7.992869 100.000000 -7.348477 -400590.633972 1.512074 0.172416 34.483257 0.280575 3.936104 787.220879
 28.350000 1.286804 2.379574 1.092769 5.803576 7942.214922 1.200000 0.644392 1000.000000 2.177778 -7.992869 100.000000 -7.348477 -400590.300189 1.521727 0.120389 24.077854 0.269107 3.620934 724.186825
 28.400000 1.292907 2.493994 1.201086 9.315522 9631.717015 1.200000 0.644392 1000.000000 2.177778 -7.992869 100.000000 -7.348477 -400596.520840 1.707573 0.935399 187.079816 0.251385 3.159714 631.942815
 28.450000 1.300085 2.509557 1.209472 10.512428 11117.864422 1.200000 0.644392 1000.000000 2.177778 -7.992869 100.000000 -7.348477 -400593.605075 1.609920 0.076532 15.306382 0.226123 2.556578 511.315515
 28.500000 1.294928 2.385759 1.090831 6.668505 9443.941879 1.200000 0.644392 1000.000000 2.177778 -7.992869 100.000000 -7.348477 -400590.820003 1.557406 0.008965 1.793066 0.263975 3.484135 696.827007
 28.550000 1.302154 2.440951 1.138797 8.680719 11128.034059 1.200000 0.644392 1000.000000 2.177778 -7.992869 100.000000 -7.348477 -400593.114228 1.583296 0.007812 1.562420 0.228068 2.600749 520.149797
 28.600000 1.287825 2.503437 1.215612 9.159301 8773.775229 1.200000 0.644392 1000.000000 2.177778 -7.992869 100.000000 -7.348477 -400591.911368 1.729035 1.251977 250.395497 0.229918 2.643115 528.622948
 28.650000 1.296225 2.427985 1.131760 7.759832 9885.315115 1.200000 0.644392 1000.000000 2.177778 -7.992869 100.000000 -7.348477 -400594.298562 1.531969 0.075377 15.075348 0.263296 3.466233 693.246527
 28.700000 1.305942 2.424923 1.118981 8.665860 11834.473423 1.200000 0.644392 1000.000000 2.177778 -7.992869 100.000000 -7.348477 -400588.840266 1.526961 0.096075 19.214979 0.260785 3.400447 680.089462
 28.750000 1.289524 2.464173 1.174649 8.108381 8834.746739 1.200000 0.644392 1000.000000 2.177778 -7.992869 100.000000 -7.348477 -400594.097494 1.705225 0.903557 180.711353 0.245013 3.001567 600.313415
 28.800000 1.272319 2.542966 1.270647 9.283109 6563.607328 1.200000 0.644392 1000.000000 2.177778 -7.992869 100.000000 -7.348477 -400591.572219 1.599683 0.041722 8.344425 0.272482 3.712323 742.464540
 28.850000 1.304325 2.300984 0.996659 6.200829 11035.471937 1.200000 0.644392 1000.000000 2.177778 -7.992869 100.000000 -7.348477 -400587.263657 1.564923 0.001725 0.344973 0.229451 2.632390 526.478081
 28.900000 1.309819 2.537575 1.227755 12.502805 13354.776406 1.200000 0.644392 1000.000000 2.177778 -7.992869 100.000000 -7.348477 -400588.115544 1.532878 0.071889 14.377880 0.212910 2.266534 453.306873
 28.950000 1.271802 2.395870 1.124067 4.956005 5631.235967 1.200000 0.644392 1000.000000 2.177778 -7.992869 100.000000 -7.348477 -400585.420653 1.677548 0.569793 113.958669 0.296728 4.402373 880.474522
 29.000000 1.280559 2.380082 1.099522 5.291261 6899.100575 1.200000 0.644392 1000.000000 2.177778 -7.992869 100.000000 -7.348477 -400591.310391 1.590601 0.019612 3.922311 0.324171 5.254344 1050.868788
 29.050000 1.309964 2.503839 1.193874 11.361853 13155.296247 1.200000 0.644392 1000.000000 2.177778 -7.992869 100.000000 -7.348477 -400587.723554 1.488120 0.341772 68.354357 0.220453 2.429979 485.995851
 29.100000 1.294219 2.407613 1.113394 7.079795 9405.423857 1.200000 0.644392 1000.000000 2.177778 -7.992869 100.000000 -7.348477 -400591.148478 1.648478 0.301719 60.343790 0.212776 2.263684 452.736844
 29.150000 1.285086 2.554984 1.269898 10.734054 8662.475106 1.200000 0.644392 1000.000000 2.177778 -7.992869 100.000000 -7.348477 -400594.362174 1.592371 0.023273 4.654629 0.281483 3.961629 792.325807
 29.200000 1.289406 2.406444 1.117038 6.611156 8516.355307 1.200000 0.644392 1000.000000 2.177778 -7.992869 100.000000 -7.348477 -400591.153206 1.631069 0.181640 36.327993 0.263811 3.479814 695.962762
 29.250000 1.293308 2.478579 1.185272 8.877237 9611.124373 1.200000 0.644392 1000.000000 2.177778 -7.992869 100.000000 -7.348477 -400589.109974 1.503088 0.229222 45.844327 0.201307 2.026232 405.246442
 29.300000 1.310950 2.428265 1.117314 9.292163 12937.393571 1.200000 0.644392 1000.000000 2.177778 -7.992869 100.000000 -7.348477 -400594.508895 1.600149 0.043079 8.615714 0.277824 3.859306 771.861299
 29.350000 1.282909 2.411846 1.128937 6.176340 7421.757558 1.200000 0.644392 1000.000000 2.177778 -7.992869 100.000000 -7.348477 -400590.851481 1.695651 0.779432 155.886371 0.292239 4.270185 854.037026
 29.400000 1.271343 2.546387 1.275045 9.338538 6448.498789 1.200000 0.644392 1000.000000 2.177778 -7.992869 100.000000 -7.348477 -400590.049962 1.558857 0.007127 1.425435 0.250001 3.125034 625.006780
 29.450000 1.300156 2.355042 1.054885 6.586777 10345.531941 1.200000 0.644392 1000.000000 2.177778 -7.992869 100.000000 -7.348477 -400583.846679 1.563985 0.002320 0.463993 0.214597 2.302597 460.519447
 29.500000 1.315924 2.617191 1.301267 16.373401 15369.250474 1.200000 0.644392 1000.000000 2.177778 -7.992869 100.000000 -7.348477 -400595.678252 1.690666 0.718440 143.688072 0.290430 4.217485 843.496931
 29.550000 1.265725 2.334001 1.068276 3.380145 4563.780546 1.200000 0.644392 1000.000000 2.177778 -7.992869 100.000000 -7.348477 -400582.195436 1.650201 0.315254 63.050750 0.292974 4.291690 858.337997
 29.600000 1.286666 2.440763 1.154097 7.213585 8202.666679 1.200000 0.644392 1000.000000 2.177778 -7.992869 100.000000 -7.348477 -400585.948116 1.521428 0.121860 24.371914 0.270783 3.666172 733.234329
 29.650000 1.315684 2.480992 1.165308 11.288308 14302.131659 1.200000 0.644392 1000.000000 2.177778 -7.992869 100.000000 -7.348477 -400590.656790 1.611507 0.082869 16.573703 0.216428 2.342046 468.409251
 29.700000 1.308613 2.506957 1.198344 11.316308 12880.328097 1.200000 0.644392 1000.000000 2.177778 -7.992869 100.000000 -7.348477 -400595.577726 1.732148 1.301721 260.344169 0.292080 4.265524 853.104703
 29.750000 1.264806 2.445315 1.180509 5.678725 4915.598598 1.200000 0.644392 1000.000000 2.177778 -7.992869 100.000000 -7.348477 -400590.714093 1.568305 0.000310 0.062068 0.311639 4.855938 971.187612
 29.800000 1.276507 2.396190 1.119683 5.311820 6330.301109 1.200000 0.644392 1000.000000 2.177778 -7.992869 100.000000 -7.348477 -400589.351353 1.560425 0.005378 1.075686 0.286392 4.101019 820.203805
 29.850000 1.334806 2.520707 1.185901 14.966334 19348.626962 1.200000 0.644392 1000.000000 2.177778 -7.992869 100.000000 -7.348477 -400598.991042 1.647036 0.290624 58.124828 0.189009 1.786221 357.244228
 29.900000 1.297904 2.373923 1.076019 6.716197 9969.833305 1.200000 0.644392 1000.000000 2.177778 -7.992869 100.000000 -7.348477 -400589.817463 1.639984 0.239344 47.868777 0.262189 3.437164 687.432825
 29.950000 1.256606 2.453794 1.197187 5.411369 3966.110307 1.200000 0.644392 1000.000000 2.177778 -7.992869 100.000000 -7.348477 -400591.244267 1.551762 0.018116 3.623222 0.325100 5.284514 1056.902898
 30.000000 1.295041 2.442217 1.147176 8.012783 9732.049744 1.200000 0.644392 1000.000000 2.177778 -7.992869 100.000000 -7.348477 -400588.013252 1.569936 0.000037 0.007405 0.254239 3.231883 646.376652
 30.050000 1.326792 2.498493 1.171701 13.180968 17104.710112 1.200000 0.644392 1000.000000 2.177778 -7.992869 100.000000 -7.348477 -400596.243666 1.657555 0.376350 75.270061 0.199931 1.998621 399.724246
 30.100000 1.296454 2.456860 1.160406 8.546008 10082.189538 1.200000 0.644392 1000.000000 2.177778 -7.992869 100.000000 -7.348477 -400592.689618 1.554645 0.013044 2.608815 0.281792 3.970326 794.065208
 30.150000 1.267041 2.447805 1.180764 5.892950 5223.588153 1.200000 0.644392 1000.000000 2.177778 -7.992869 100.000000 -7.348477 -400592.036551 1.631397 0.183621 36.724142 0.349805 6.118183 1223.636664
 30.200000 1.297271 2.363974 1.066703 6.464320 9808.413343 1.200000 0.644392 1000.000000 2.177778 -7.992869 100.000000 -7.348477 -400588.397991 1.639356 0.235020 47.003954 0.306117 4.685382 937.076454
 30.250000 1.322384 2.516150 1.193765 13.213728 16122.856441 1.200000 0.644392 1000.000000 2.177778 -7.992869 100.000000 -7.348477 -400598.591483 1.606122 0.062394 12.478832 0.248670 3.091849 618.369779
 30.300000 1.302958 2.480904 1.177946 9.894460 11519.222056 1.200000 0.644392 1000.000000 2.177778 -7.992869 100.000000 -7.348477 -400591.806149 1.659258 0.391277 78.255404 0.220175 2.423852 484.770316
 30.350000 1.268703 2.451285 1.182582 6.100400 5468.227307 1.200000 0.644392 1000.000000 2.177778 -7.992869 100.000000 -7.348477 -400590.560720 1.595972 0.031691 6.338178 0.262995 3.458320 691.663990
 30.400000 1.289863 2.376304 1.086441 6.008273 8469.420656 1.200000 0.644392 1000.000000 2.177778 -7.992869 100.000000 -7.348477 -400588.606672 1.607138 0.066037 13.207360 0.273691 3.745345 749.069002
 30.450000 1.319224 2.469186 1.149962 11.353120 15063.551708 1.200000 0.644392 1000.000000 2.177778 -7.992869 100.000000 -7.348477 -400595.826162 1.647980 0.297869 59.573878 0.252607 3.190515 638.102960
 30.500000 1.296489 2.510792 1.214302 10.200011 10419.180692 1.200000 0.644392 1000.000000 2.177778 -7.992869 100.000000 -7.348477 -400591.575466 1.540680 0.045349 9.069873 0.226191 2.558122 511.624316
 30.550000 1.269349 2.370469 1.101120 4.261170 5180.638644 1.200000 0.644392 1000.000000 2.177778 -7.992869 100.000000 -7.348477 -400590.937140 1.667630 0.468840 93.768049 0.306807 4.706535 941.306970
 30.600000 1.292634 2.423828 1.131194 7.317573 9186.483119 1.200000 0.644392 1000.000000 2.177778 -7.992869 100.000000 -7.348477 -400588.435172 1.640799 0.245022 49.004368 0.314881 4.957489 991.497749
 30.650000 1.314613 2.497414 1.182800 11.676482 14157.916867 1.200000 0.644392 1000.000000 2.177778 -7.992869 100.000000 -7.348477 -400597.528369 1.545827 0.031173 6.234524 0.245188 3.005852 601.170398
 30.700000 1.283394 2.454906 1.171513 7.317277 7722.528518 1.200000 0.644392 1000.000000 2.177778 -7.992869 100.000000 -7.348477 -400587.059597 1.657563 0.376423 75.284672 0.208836 2.180624 436.124747
 30.750000 1.285684 2.478494 1.192809 8.192399 8246.097550 1.200000 0.644392 1000.000000 2.177778 -7.992869 100.000000 -7.348477 -400592.615825 1.656837 0.370148 74.029514 0.303135 4.594551 918.910188
 30.800000 1.293381 2.328897 1.035517 5.501846 8948.349466 1.200000 0.644392 1000.000000 2.177778 -7.992869 100.000000 -7.348477 -400590.987138 1.539109 0.050206 10.041165 0.387379 7.503112 1500.622347
 30.850000 1.304830 2.388430 1.083600 7.713408 11433.109269 1.200000 0.644392 1000.000000 2.177778 -7.992869 100.000000 -7.348477 -400594.192673 1.545067 0.033101 6.620228 0.294136 4.325786 865.157105
 30.900000 1.298478 2.557299 1.258821 12.050737 11138.226417 1.200000 0.644392 1000.000000 2.177778 -7.992869 100.000000 -7.348477 -400592.925256 1.682243 0.621013 124.202687 0.189102 1.787986 357.597271
 30.950000 1.274424 2.449733 1.175309 6.467450 6278.540531 1.200000 0.644392 1000.000000 2.177778 -7.992869 100.000000 -7.348477 -400591.725792 1.586608 0.012501 2.500147 0.275325 3.790194 758.038721
 31.000000 1.293221 2.471719 1.178498 8.665144 9554.171466 1.200000 0.644392 1000.000000 2.177778 -7.992869 100.000000 -7.348477 -400593.628928 1.483878 0.377736 75.547298 0.363675 6.612990 1322.597932
 31.050000 1.293190 2.356420 1.063230 5.937817 9003.459011 1.200000 0.644392 1000.000000 2.177778 -7.992869 100.000000 -7.348477 -400589.571929 1.666779 0.460635 92.127064 0.351987 6.194747 1238.949447
 31.100000 1.284574 2.489744 1.205170 8.442482 8125.917583 1.200000 0.644392 1000.000000 2.177778 -7.992869 100.000000 -7.348477 -400590.709836 1.661627 0.412510 82.502038 0.227007 2.576608 515.321567
 31.150000 1.281114 2.502933 1.221819 8.576026 7636.733539 1.200000 0.644392 1000.000000 2.177778 -7.992869 100.000000 -7.348477 -400588.280018 1.564227 0.002158 0.431509 0.222053 2.465374 493.074871
 31.200000 1.307626 2.356332 1.048706 7.385782 11902.224355 1.200000 0.644392 1000.000000 2.177778 -7.992869 100.000000 -7.348477 -400591.943653 1.596137 0.032109 6.421731 0.305904 4.678872 935.774327
 31.250000 1.303468 2.554119 1.250651 12.434507 12122.041069 1.200000 0.644392 1000.000000 2.177778 -7.992869 100.000000 -7.348477 -400597.003023 1.647288 0.292547 58.509447 0.309387 4.786012 957.202400
 31.300000 1.276233 2.380527 1.104293 4.961124 6222.609223 1.200000 0.644392 1000.000000 2.177778 -7.992869 100.000000 -7.348477 -400589.285110 1.649090 0.306491 61.298253 0.233950 2.736633 547.326696
 31.350000 1.285055 2.591028 1.305973 12.155993 8942.135066 1.200000 0.644392 1000.000000 2.177778 -7.992869 100.000000 -7.348477 -400593.344988 1.525503 0.102574 20.514892 0.233629 2.729117 545.823487
 31.400000 1.309311 2.358717 1.049406 7.611372 12276.235692 1.200000 0.644392 1000.000000 2.177778 -7.992869 100.000000 -7.348477 -400592.482358 1.677490 0.569177 113.835350 0.287100 4.121331 824.266169
 31.450000 1.297284 2.466329 1.169044 8.895199 10296.847367 1.200000 0.644392 1000.000000 2.177778 -7.992869 100.000000 -7.348477 -400595.483092 1.632584 0.190888 38.177537 0.321694 5.174336 1034.867269
 31.500000 1.279446 2.519064 1.239619 8.979621 7476.361970 1.200000 0.644392 1000.000000 2.177778 -7.992869 100.000000 -7.348477 -400593.112921 1.518676 0.135828 27.165693 0.271263 3.679175 735.835074
 31.550000 1.303331 2.440017 1.136686 8.777094 11364.936087 1.200000 0.644392 1000.000000 2.177778 -7.992869 100.000000 -7.348477 -400592.631383 1.671306 0.505107 101.021400 0.226188 2.558056 511.611174
 31.600000 1.305293 2.538698 1.233405 12.056495 12389.278737 1.200000 0.644392 1000.000000 2.177778 -7.992869 100.000000 -7.348477 -400591.043655 1.591516 0.021465 4.292933 0.231769 2.685842 537.168364
 31.650000 1.277572 2.368388 1.090816 4.825320 6380.729621 1.200000 0.644392 1000.000000 2.177778 -7.992869 100.000000 -7.348477 -400588.142089 1.584271 0.009078 1.815632 0.299852 4.495555 899.110944
 31.700000 1.280939 2.480540 1.199601 7.858761 7467.698617 1.200000 0.644392 1000.000000 2.177778 -7.992869 100.000000 -7.348477 -400591.432037 1.562194 0.003700 0.740074 0.289185 4.181406 836.281108
 31.750000 1.290836 2.500216 1.209380 9.323924 9290.848144 1.200000 0.644392 1000.000000 2.177778 -7.992869 100.000000 -7.348477 -400591.068993 1.607949 0.069018 13.803503 0.230385 2.653862 530.772492
 31.800000 1.325304 2.439737 1.114434 11.281633 16387.208707 1.200000 0.644392 1000.000000 2.177778 -7.992869 100.000000 -7.348477 -400591.742193 1.647009 0.290421 58.084287 0.259535 3.367931 673.586198
 31.850000 1.267984 2.500450 1.232467 7.516763 5662.940682 1.200000 0.644392 1000.000000 2.177778 -7.992869 100.000000 -7.348477 -400591.034439 1.492455 0.306870 61.373911 0.269214 3.623798 724.759611
 31.900000 1.264029 2.498256 1.234227 7.185142 5126.729378 1.200000 0.644392 1000.000000 2.177778 -7.992869 100.000000 -7.348477 -400591.118549 1.684255 0.643648 128.729635 0.290152 4.209402 841.880375
 31.950000 1.323147 2.387446 1.064299 9.780693 15604.911754 1.200000 0.644392 1000.000000 2.177778 -7.992869 100.000000 -7.348477 -400589.779201 1.618961 0.115993 23.198614 0.222322 2.471356 494.271289
 32.000000 1.304809 2.493646 1.188837 10.481063 11982.600832 1.200000 0.644392 1000.000000 2.177778 -7.992869 100.000000 -7.348477 -400595.041172 1.570141 0.000021 0.004292 0.246721 3.043552 608.710483
 32.050000 1.269612 2.368329 1.098718 4.238384 5208.872862 1.200000 0.644392 1000.000000 2.177778 -7.992869 100.000000 -7.348477 -400586.762960 1.600648 0.044555 8.911047 0.255635 3.267473 653.494537
 32.100000 1.275913 2.577700 1.301787 10.878304 7362.208377 1.200000 0.644392 1000.000000 2.177778 -7.992869 100.000000 -7.348477 -400591.440790 1.595522 0.030567 6.113475 0.221775 2.459213 491.842688
 32.150000 1.297343 2.323570 1.026227 5.800645 9688.302409 1.200000 0.644392 1000.000000 2.177778 -7.992869 100.000000 -7.348477 -400586.291089 1.697302 0.800185 160.037079 0.248886 3.097204 619.440850
 32.200000 1.316818 2.532889 1.216071 13.128484 14907.597229 1.200000 0.644392 1000.000000 2.177778 -7.992869 100.000000 -7.348477 -400598.791432 1.512152 0.171959 34.391843 0.320376 5.132043 1026.408656
 32.250000 1.285200 2.487070 1.201870 8.412636 8215.724104 1.200000 0.644392 1000.000000 2.177778 -7.992869 100.000000 -7.348477 -400592.903279 1.507164 0.202452 40.490446 0.286681 4.109287 821.857364
 32.300000 1.278086 2.418646 1.140560 5.949598 6677.630895 1.200000 0.644392 1000.000000 2.177778 -7.992869 100.000000 -7.348477 -400586.289790 1.702992 0.873782 174.756340 0.205142 2.104165 420.833063
 32.350000 1.303911 2.555754 1.251842 12.542041 12226.168236 1.200000 0.644392 1000.000000 2.177778 -7.992869 100.000000 -7.348477 -400594.930899 1.566729 0.000827 0.165461 0.256851 3.298614 659.722755
 32.400000 1.295969 2.347212 1.051243 6.040453 9497.178275 1.200000 0.644392 1000.000000 2.177778 -7.992869 100.000000 -7.348477 -400588.334036 1.591742 0.021935 4.387025 0.376077 7.071677 1414.335404
 32.450000 1.286373 2.314099 1.027726 4.659340 7646.164494 1.200000 0.644392 1000.000000 2.177778 -7.992869 100.000000 -7.348477 -400589.100911 1.517512 0.141961 28.392184 0.315476 4.976266 995.253125
 32.500000 1.286154 2.557717 1.271563 10.928946 8866.047665 1.200000 0.644392 1000.000000 2.177778 -7.992869 100.000000 -7.348477 -400592.337887 1.600201 0.043231 8.646238 0.207609 2.155066 431.013164
 32.550000 1.312298 2.440769 1.128471 9.763614 13302.445439 1.200000 0.644392 1000.000000 2.177778 -7.992869 100.000000 -7.348477 -400590.960027 1.686662 0.671240 134.247961 0.220829 2.438265 487.653046
 32.600000 1.287494 2.475573 1.188080 8.261683 8541.959604 1.200000 0.644392 1000.000000 2.177778 -7.992869 100.000000 -7.348477 -400594.348211 1.481151 0.401815 80.363066 0.289323 4.185385 837.077029
 32.650000 1.287598 2.434753 1.147155 7.138557 8333.831249 1.200000 0.644392 1000.000000 2.177778 -7.992869 100.000000 -7.348477 -400591.271481 1.663319 0.428020 85.604029 0.317514 5.040747 1008.149472
 32.700000 1.286946 2.452599 1.165652 7.556166 8314.940090 1.200000 0.644392 1000.000000 2.177778 -7.992869 100.000000 -7.348477 -400594.672078 1.664533 0.439331 87.866236 0.291652 4.253033 850.606638
 32.750000 1.282601 2.503564 1.220963 8.718299 7884.292844 1.200000 0.644392 1000.000000 2.177778 -7.992869 100.000000 -7.348477 -400592.650772 1.482313 0.391466 78.293230 0.253236 3.206432 641.286445
 32.800000 1.312872 2.368728 1.055855 8.193146 13104.727975 1.200000 0.644392 1000.000000 2.177778 -7.992869 100.000000 -7.348477 -400589.009369 1.651645 0.326824 65.364892 0.210865 2.223193 444.638550
 32.850000 1.301614 2.568003 1.266389 12.776505 11848.193520 1.200000 0.644392 1000.000000 2.177778 -7.992869 100.000000 -7.348477 -400596.707776 1.593866 0.026611 5.322252 0.235990 2.784561 556.912111
 32.900000 1.268452 2.386246 1.117793 4.515800 5120.305998 1.200000 0.644392 1000.000000 2.177778 -7.992869 100.000000 -7.348477 -400592.209620 1.621320 0.127630 25.525948 0.307043 4.713770 942.753948
 32.950000 1.296524 2.392069 1.095546 6.954445 9776.006647 1.200000 0.644392 1000.000000 2.177778 -7.992869 100.000000 -7.348477 -400589.961396 1.583779 0.008428 1.685599 0.295030 4.352137 870.427460
 33.000000 1.322213 2.564577 1.242364 14.948723 16432.184296 1.200000 0.644392 1000.000000 2.177778 -7.992869 100.000000 -7.348477 -400599.976370 1.573555 0.000381 0.076107 0.244977 3.000685 600.136982
 33.050000 1.301914 2.385774 1.083860 7.356315 10819.026403 1.200000 0.644392 1000.000000 2.177778 -7.992869 100.000000 -7.348477 -400588.516201 1.668635 0.478623 95.724652 0.232206 2.695978 539.195545
 33.100000 1.273710 2.542261 1.268552 9.358993 6761.635921 1.200000 0.644392 1000.000000 2.177778 -7.992869 100.000000 -7.348477 -400592.198973 1.512906 0.167567 33.513335 0.247848 3.071439 614.287859
 33.150000 1.277186 2.355223 1.078038 4.553170 6272.513259 1.200000 0.644392 1000.000000 2.177778 -7.992869 100.000000 -7.348477 -400588.455851 1.632820 0.192347 38.469377 0.286037 4.090853 818.170601
 33.200000 1.340325 2.487510 1.147185 14.642216 20650.373850 1.200000 0.644392 1000.000000 2.177778 -7.992869 100.000000 -7.348477 -400597.757804 1.581309 0.005526 1.105237 0.261505 3.419248 683.849560
 33.250000 1.282706 2.501959 1.219253 8.674776 7891.148664 1.200000 0.644392 1000.000000 2.177778 -7.992869 100.000000 -7.348477 -400594.452594 1.558557 0.007490 1.498049 0.243377 2.961615 592.323044
 33.300000 1.278030 2.380357 1.102327 5.096290 6499.116290 1.200000 0.644392 1000.000000 2.177778 -7.992869 100.000000 -7.348477 -400590.685823 1.625520 0.149733 29.946593 0.245770 3.020149 604.029783
 33.350000 1.319023 2.612666 1.293643 16.539635 16057.763409 1.200000 0.644392 1000.000000 2.177778 -7.992869 100.000000 -7.348477 -400600.338709 1.565515 0.001395 0.278904 0.264193 3.489908 697.981613
 33.400000 1.293179 2.310298 1.017119 5.219267 8857.989447 1.200000 0.644392 1000.000000 2.177778 -7.992869 100.000000 -7.348477 -400586.217415 1.654610 0.351236 70.247285 0.259738 3.373201 674.640210
 33.450000 1.288878 2.584209 1.295330 12.208978 9551.217761 1.200000 0.644392 1000.000000 2.177778 -7.992869 100.000000 -7.348477 -400596.157826 1.505630 0.212331 42.466297 0.246530 3.038862 607.772490
 33.500000 1.275001 2.327303 1.052302 3.930463 5848.736138 1.200000 0.644392 1000.000000 2.177778 -7.992869 100.000000 -7.348477 -400586.762398 1.620636 0.124200 24.839960 0.246729 3.043770 608.753976
 33.550000 1.311686 2.488767 1.177081 11.072632 13440.965066 1.200000 0.644392 1000.000000 2.177778 -7.992869 100.000000 -7.348477 -400593.518642 1.623293 0.137795 27.559052 0.326557 5.331969 1066.393837
 33.600000 1.290231 2.539824 1.249593 10.624713 9452.435162 1.200000 0.644392 1000.000000 2.177778 -7.992869 100.000000 -7.348477 -400595.435231 1.491587 0.313708 62.741555 0.337254 5.687001 1137.400276
 33.650000 1.278332 2.296506 1.018174 3.772777 6276.874780 1.200000 0.644392 1000.000000 2.177778 -7.992869 100.000000 -7.348477 -400587.181845 1.619729 0.119721 23.944180 0.292068 4.265192 853.038475
 33.700000 1.308956 2.589500 1.280545 14.411448 13566.507157 1.200000 0.644392 1000.000000 2.177778 -7.992869 100.000000 -7.348477 -400599.094160 1.607146 0.066064 13.212892 0.222948 2.485284 497.056720
 33.750000 1.291488 2.369284 1.077797 6.018722 8736.718360 1.200000 0.644392 1000.000000 2.177778 -7.992869 100.000000 -7.348477 -400591.773367 1.652914 0.337162 67.432470 0.243068 2.954093 590.818529
 33.800000 1.284246 2.441737 1.157491 7.032410 7794.126628 1.200000 0.644392 1000.000000 2.177778 -7.992869 100.000000 -7.348477 -400593.030160 1.499005 0.257699 51.539706 0.297827 4.435051 887.010244
 33.850000 1.297207 2.499206 1.201999 9.890433 10482.415225 1.200000 0.644392 1000.000000 2.177778 -7.992869 100.000000 -7.348477 -400595.246689 1.552381 0.016957 3.391332 0.262971 3.457691 691.538134
 33.900000 1.289903 2.433139 1.143236 7.301772 8734.684416 1.200000 0.644392 1000.000000 2.177778 -7.992869 100.000000 -7.348477 -400589.208459 1.665792 0.451212 90.242324 0.196117 1.923092 384.618444
 33.950000 1.301653 2.554709 1.253056 12.270537 11754.110640 1.200000 0.644392 1000.000000 2.177778 -7.992869 100.000000 -7.348477 -400596.891260 1.505861 0.210829 42.165708 0.279666 3.910658 782.131555
 34.000000 1.305201 2.258401 0.953199 5.858675 11132.343312 1.200000 0.644392 1000.000000 2.177778 -7.992869 100.000000 -7.348477 -400592.282649 1.664278 0.436939 87.387878 0.375133 7.036225 1407.244992
 34.050000 1.279899 2.499288 1.219389 8.360363 7417.553348 1.200000 0.644392 1000.000000 2.177778 -7.992869 100.000000 -7.348477 -400593.179422 1.619663 0.119396 23.879282 0.312326 4.877369 975.473707
 34.100000 1.280523 2.498202 1.217679 8.375597 7510.717313 1.200000 0.644392 1000.000000 2.177778 -7.992869 100.000000 -7.348477 -400591.538885 1.539895 0.047746 9.549182 0.215190 2.315336 463.067223
 34.150000 1.322680 2.454082 1.131402 11.342364 15813.778937 1.200000 0.644392 1000.000000 2.177778 -7.992869 100.000000 -7.348477 -400594.790798 1.636840 0.218085 43.617034 0.239727 2.873452 574.690365
 34.200000 1.298107 2.512625 1.214518 10.418668 10746.275729 1.200000 0.644392 1000.000000 2.177778 -7.992869 100.000000 -7.348477 -400593.415847 1.593691 0.026207 5.241495 0.276961 3.835359 767.071789
 34.250000 1.255736 2.391095 1.135359 3.828473 3561.565786 1.200000 0.644392 1000.000000 2.177778 -7.992869 100.000000 -7.348477 -400583.255439 1.636225 0.214043 42.808653 0.267920 3.589059 717.811769
 34.300000 1.313503 2.448771 1.135268 10.113378 13617.399100 1.200000 0.644392 1000.000000 2.177778 -7.992869 100.000000 -7.348477 -400595.722133 1.618701 0.114741 22.948270 0.281306 3.956667 791.333457
 34.350000 1.322450 2.495419 1.172970 12.541770 16002.884366 1.200000 0.644392 1000.000000 2.177778 -7.992869 100.000000 -7.348477 -400592.546761 1.496549 0.275634 55.126867 0.281053 3.949545 789.909089
 34.400000 1.276192 2.473923 1.197731 7.287713 6682.259480 1.200000 0.644392 1000.000000 2.177778 -7.992869 100.000000 -7.348477 -400590.950886 1.743656 1.494023 298.804661 0.263726 3.477582 695.516413
 34.450000 1.277677 2.403485 1.125808 5.564070 6543.202347 1.200000 0.644392 1000.000000 2.177778 -7.992869 100.000000 -7.348477 -400587.951693 1.599317 0.040671 8.134168 0.230801 2.663451 532.690143
 34.500000 1.305729 2.499130 1.193401 10.752627 12211.201417 1.200000 0.644392 1000.000000 2.177778 -7.992869 100.000000 -7.348477 -400592.580130 1.534831 0.064676 12.935258 0.265990 3.537524 707.504707
 34.550000 1.315758 2.412750 1.096992 9.460552 13952.025597 1.200000 0.644392 1000.000000 2.177778 -7.992869 100.000000 -7.348477 -400588.996954 1.689584 0.705522 141.104423 0.223346 2.494170 498.834071
 34.600000 1.295511 2.548948 1.253438 11.449511 10499.951822 1.200000 0.644392 1000.000000 2.177778 -7.992869 100.000000 -7.348477 -400593.185181 1.578355 0.002857 0.571351 0.231925 2.689465 537.892945
 34.650000 1.257966 2.341236 1.083271 3.015945 3627.205719 1.200000 0.644392 1000.000000 2.177778 -7.992869 100.000000 -7.348477 -400585.814339 1.637255 0.220839 44.167733 0.286225 4.096249 819.249823
 34.700000 1.305006 2.523625 1.218619 11.493625 12222.352997 1.200000 0.644392 1000.000000 2.177778 -7.992869 100.000000 -7.348477 -400597.768725 1.577349 0.002147 0.429407 0.309044 4.775416 955.083163
 34.750000 1.319780 2.463614 1.143834 11.258764 15164.316067 1.200000 0.644392 1000.000000 2.177778 -7.992869 100.000000 -7.348477 -400590.638670 1.552568 0.016613 3.322617 0.238698 2.848837 569.767315
 34.800000 1.289114 2.454855 1.165742 7.809209 8708.938427 1.200000 0.644392 1000.000000 2.177778 -7.992869 100.000000 -7.348477 -400591.362471 1.652908 0.337116 67.423154 0.240815 2.899601 579.920288
 34.850000 1.279936 2.491720 1.211784 8.122884 7375.367315 1.200000 0.644392 1000.000000 2.177778 -7.992869 100.000000 -7.348477 -400592.442051 1.536745 0.057976 11.595134 0.240281 2.886743 577.348562
 34.900000 1.294522 2.463836 1.169313 8.558680 9752.741030 1.200000 0.644392 1000.000000 2.177778 -7.992869 100.000000 -7.348477 -400593.971866 1.666961 0.462381 92.476257 0.296074 4.382985 876.596934
 34.950000 1.315475 2.386233 1.070758 8.839852 13768.900952 1.200000 0.644392 1000.000000 2.177778 -7.992869 100.000000 -7.348477 -400590.929719 1.587740 0.014355 2.870957 0.253477 3.212541 642.508119
 35.000000 1.281557 2.543986 1.262429 10.031225 7992.658130 1.200000 0.644392 1000.000000 2.177778 -7.992869 100.000000 -7.348477 -400592.175017 1.584569 0.009484 1.896888 0.232410 2.700715 540.142977
 35.050000 1.264793 2.407359 1.142566 4.734476 4725.265389 1.200000 0.644392 1000.000000 2.177778 -7.992869 100.000000 -7.348477 -400586.938959 1.634897 0.205444 41.088711 0.223430 2.496056 499.211236
 35.100000 1.316899 2.553928 1.237030 13.907104 15080.183675 1.200000 0.644392 1000.000000 2.177778 -7.992869 100.000000 -7.348477 -400600.067538 1.585330 0.010561 2.112184 0.286042 4.091002 818.200416
 35.150000 1.311708 2.311231 0.999523 7.129850 12656.826612 1.200000 0.644392 1000.000000 2.177778 -7.992869 100.000000 -7.348477 -400590.810965 1.609829 0.076178 15.235584 0.245966 3.024970 604.993937
 35.200000 1.280148 2.577522 1.297375 11.201635 8021.647597 1.200000 0.644392 1000.000000 2.177778 -7.992869 100.000000 -7.348477 -400595.240709 1.553639 0.014719 2.943709 0.217131 2.357293 471.458558
 35.250000 1.288110 2.374546 1.086436 5.817578 8150.551252 1.200000 0.644392 1000.000000 2.177778 -7.992869 100.000000 -7.348477 -400589.271789 1.704198 0.889799 177.959706 0.262052 3.433552 686.710492
 35.300000 1.303687 2.542797 1.239110 12.037404 12083.292202 1.200000 0.644392 1000.000000 2.177778 -7.992869 100.000000 -7.348477 -400596.930680 1.565735 0.001281 0.256217 0.289304 4.184834 836.966844
 35.350000 1.293218 2.366241 1.073022 6.120736 9044.831740 1.200000 0.644392 1000.000000 2.177778 -7.992869 100.000000 -7.348477 -400586.279791 1.555090 0.012335 2.466906 0.227658 2.591399 518.279853
 35.400000 1.284168 2.533556 1.249388 9.871065 8350.074550 1.200000 0.644392 1000.000000 2.177778 -7.992869 100.000000 -7.348477 -400592.250027 1.606476 0.063650 12.730050 0.214187 2.293808 458.761641
 35.450000 1.293536 2.448747 1.155211 8.045713 9483.244809 1.200000 0.644392 1000.000000 2.177778 -7.992869 100.000000 -7.348477 -400590.678193 1.611450 0.082637 16.527428 0.261113 3.409001 681.800117
 35.500000 1.304060 2.367744 1.063684 7.218556 11189.279110 1.200000 0.644392 1000.000000 2.177778 -7.992869 100.000000 -7.348477 -400589.077389 1.590143 0.018715 3.742961 0.284494 4.046830 809.366033
 35.550000 1.302578 2.489646 1.187068 10.124253 11494.944304 1.200000 0.644392 1000.000000 2.177778 -7.992869 100.000000 -7.348477 -400593.542681 1.518901 0.134658 26.931612 0.221961 2.463324 492.664868
 35.600000 1.279081 2.495793 1.216711 8.183607 7265.207451 1.200000 0.644392 1000.000000 2.177778 -7.992869 100.000000 -7.348477 -400589.049149 1.701416 0.853074 170.614838 0.259710 3.372463 674.492506
 35.650000 1.289454 2.499908 1.210454 9.189443 9039.758033 1.200000 0.644392 1000.000000 2.177778 -7.992869 100.000000 -7.348477 -400593.051703 1.592957 0.024555 4.910908 0.262368 3.441836 688.367274
 35.700000 1.322196 2.432568 1.110373 10.711792 15580.945107 1.200000 0.644392 1000.000000 2.177778 -7.992869 100.000000 -7.348477 -400592.872314 1.546232 0.030170 6.034078 0.261883 3.429146 685.829282
 35.750000 1.270108 2.448960 1.178852 6.134540 5650.503759 1.200000 0.644392 1000.000000 2.177778 -7.992869 100.000000 -7.348477 -400587.219644 1.589589 0.017658 3.531596 0.208831 2.180529 436.105787
 35.800000 1.273897 2.502114 1.228217 7.990076 6512.689642 1.200000 0.644392 1000.000000 2.177778 -7.992869 100.000000 -7.348477 -400592.016556 1.607420 0.067064 13.412761 0.250189 3.129717 625.943308
 35.850000 1.312742 2.407096 1.094353 8.984770 13236.726397 1.200000 0.644392 1000.000000 2.177778 -7.992869 100.000000 -7.348477 -400595.122368 1.621991 0.131043 26.208613 0.287018 4.118973 823.794506
 35.900000 1.292244 2.523276 1.231032 10.222881 9702.562162 1.200000 0.644392 1000.000000 2.177778 -7.992869 100.000000 -7.348477 -400593.359753 1.567317 0.000605 0.121067 0.240354 2.888492 577.698445
 35.950000 1.273504 2.437552 1.164048 6.075560 6077.670738 1.200000 0.644392 1000.000000 2.177778 -7.992869 100.000000 -7.348477 -400588.624627 1.642170 0.254708 50.941663 0.227782 2.594229 518.845864
 36.000000 1.300213 2.498065 1.197851 10.150547 11068.555229 1.200000 0.644392 1000.000000 2.177778 -7.992869 100.000000 -7.348477 -400592.940266 1.590102 0.018636 3.727164 0.255982 3.276331 655.266262
 36.050000 1.316826 2.415807 1.098980 9.657061 14214.929448 1.200000 0.644392 1000.000000 2.177778 -7.992869 100.000000 -7.348477 -400591.535947 1.621907 0.130615 26.123063 0.267731 3.583989 716.797723
 36.100000 1.286653 2.442441 1.155788 7.256736 8209.262713 1.200000 0.644392 1000.000000 2.177778 -7.992869 100.000000 -7.348477 -400590.165371 1.567212 0.000642 0.128482 0.243942 2.975383 595.076629
 36.150000 1.266469 2.514123 1.247654 7.865428 5549.341863 1.200000 0.644392 1000.000000 2.177778 -7.992869 100.000000 -7.348477 -400593.227551 1.572978 0.000238 0.047614 0.260365 3.389503 677.900538
 36.200000 1.306341 2.436581 1.130240 9.003161 11978.191324 1.200000 0.644392 1000.000000 2.177778 -7.992869 100.000000 -7.348477 -400589.854407 1.681553 0.613349 122.669840 0.251065 3.151683 630.336621
 36.250000 1.304408 2.545331 1.240924 12.205266 12251.923511 1.200000 0.644392 1000.000000 2.177778 -7.992869 100.000000 -7.348477 -400596.211646 1.599786 0.042020 8.403945 0.249332 3.108318 621.663520
 36.300000 1.296211 2.359136 1.062925 6.272806 9585.441986 1.200000 0.644392 1000.000000 2.177778 -7.992869 100.000000 -7.348477 -400588.222878 1.609062 0.073212 14.642416 0.276139 3.812624 762.524889
 36.350000 1.274704 2.550916 1.276212 9.751962 6973.018853 1.200000 0.644392 1000.000000 2.177778 -7.992869 100.000000 -7.348477 -400594.691840 1.571121 0.000005 0.001051 0.272229 3.705421 741.084196
 36.400000 1.290467 2.467576 1.177109 8.291300 9024.142153 1.200000 0.644392 1000.000000 2.177778 -7.992869 100.000000 -7.348477 -400593.223330 1.656405 0.366442 73.288345 0.242881 2.949571 589.914117
 36.450000 1.301421 2.473828 1.172406 9.525397 11162.698591 1.200000 0.644392 1000.000000 2.177778 -7.992869 100.000000 -7.348477 -400591.979922 1.538466 0.052264 10.452780 0.251367 3.159260 631.852002
 36.500000 1.298666 2.434564 1.135898 8.164422 10394.312488 1.200000 0.644392 1000.000000 2.177778 -7.992869 100.000000 -7.348477 -400594.249205 1.530657 0.080559 16.111851 0.277188 3.841662 768.332319
 36.550000 1.284813 2.458248 1.173436 7.529776 7979.814373 1.200000 0.644392 1000.000000 2.177778 -7.992869 100.000000 -7.348477 -400589.420573 1.701513 0.854337 170.867485 0.300784 4.523551 904.710243
 36.600000 1.282195 2.554726 1.272531 10.482480 8176.868328 1.200000 0.644392 1000.000000 2.177778 -7.992869 100.000000 -7.348477 -400590.248468 1.586785 0.012782 2.556408 0.294644 4.340761 868.152213
 36.650000 1.295077 2.330884 1.035807 5.691876 9274.018590 1.200000 0.644392 1000.000000 2.177778 -7.992869 100.000000 -7.348477 -400589.051239 1.569249 0.000120 0.023955 0.272521 3.713398 742.679668
 36.700000 1.294931 2.551469 1.256538 11.488254 10408.418029 1.200000 0.644392 1000.000000 2.177778 -7.992869 100.000000 -7.348477 -400593.278687 1.608111 0.069620 13.923965 0.223246 2.491933 498.386527
 36.750000 1.301114 2.469531 1.168417 9.368050 11075.312087 1.200000 0.644392 1000.000000 2.177778 -7.992869 100.000000 -7.348477 -400592.263277 1.650103 0.314480 62.895994 0.255301 3.258926 651.785215
 36.800000 1.276272 2.451096 1.174824 6.643852 6564.465425 1.200000 0.644392 1000.000000 2.177778 -7.992869 100.000000 -7.348477 -400590.257287 1.650967 0.321365 64.273082 0.355116 6.305365 1261.072975
 36.850000 1.275636 2.258587 0.982950 3.186923 5786.138950 1.200000 0.644392 1000.000000 2.177778 -7.992869 100.000000 -7.348477 -400588.341924 1.519673 0.130679 26.135753 0.341434 5.828862 1165.772366
 36.900000 1.310446 2.608905 1.298459 15.392717 14057.069233 1.200000 0.644392 1000.000000 2.177778 -7.992869 100.000000 -7.348477 -400596.316957 1.626520 0.155259 31.051778 0.280381 3.930683 786.136633
 36.950000 1.287150 2.409968 1.122818 6.493191 8134.253947 1.200000 0.644392 1000.000000 2.177778 -7.992869 100.000000 -7.348477 -400584.749364 1.660786 0.404908 80.981525 0.155080 1.202494 240.498818
 37.000000 1.273951 2.568856 1.294905 10.381514 6998.226126 1.200000 0.644392 1000.000000 2.177778 -7.992869 100.000000 -7.348477 -400592.845908 1.581842 0.006100 1.220059 0.359040 6.445482 1289.096468
 37.050000 1.300730 2.251871 0.951142 5.347721 10201.354466 1.200000 0.644392 1000.000000 2.177778 -7.992869 100.000000 -7.348477 -400591.207400 1.554273 0.013651 2.730208 0.447780 10.025344 2005.068708
 37.100000 1.280617 2.461366 1.180749 7.270626 7303.267170 1.200000 0.644392 1000.000000 2.177778 -7.992869 100.000000 -7.348477 -400591.826509 1.556375 0.010399 2.079805 0.375270 7.041394 1408.278782
 37.150000 1.301768 2.469280 1.167512 9.427079 11206.532647 1.200000 0.644392 1000.000000 2.177778 -7.992869 100.000000 -7.348477 -400589.234061 1.630740 0.179659 35.931896 0.185783 1.725763 345.152589
 37.200000 1.292467 2.553093 1.260626 11.318170 9958.811626 1.200000 0.644392 1000.000000 2.177778 -7.992869 100.000000 -7.348477 -400596.262337 1.601832 0.048161 9.632162 0.247608 3.065498 613.099652
 37.250000 1.284585 2.395551 1.110967 5.948563 7628.842807 1.200000 0.644392 1000.000000 2.177778 -7.992869 100.000000 -7.348477 -400589.982795 1.598817 0.039258 7.851621 0.347040 6.021851 1204.370146
 37.300000 1.294390 2.314085 1.019695 5.383679 9095.191600 1.200000 0.644392 1000.000000 2.177778 -7.992869 100.000000 -7.348477 -400587.775767 1.627963 0.163401 32.680124 0.353879 6.261530 1252.306037
 37.350000 1.294323 2.576013 1.281690 12.378038 10482.831668 1.200000 0.644392 1000.000000 2.177778 -7.992869 100.000000 -7.348477 -400593.446920 1.563851 0.002412 0.482403 0.236381 2.793799 558.759840
 37.400000 1.307680 2.453366 1.145686 9.594869 12354.362388 1.200000 0.644392 1000.000000 2.177778 -7.992869 100.000000 -7.348477 -400593.185862 1.662157 0.417341 83.468154 0.223871 2.505915 501.183092
 37.450000 1.278392 2.476258 1.197865 7.527194 7036.271866 1.200000 0.644392 1000.000000 2.177778 -7.992869 100.000000 -7.348477 -400590.421067 1.652408 0.333023 66.604549 0.377171 7.112883 1422.576587
 37.500000 1.283798 2.382908 1.099110 5.615003 7442.933559 1.200000 0.644392 1000.000000 2.177778 -7.992869 100.000000 -7.348477 -400589.815112 1.484308 0.374013 74.802596 0.417454 8.713409 1742.681770
 37.550000 1.308272 2.508304 1.200032 11.323795 12815.299191 1.200000 0.644392 1000.000000 2.177778 -7.992869 100.000000 -7.348477 -400592.153231 1.625634 0.150356 30.071241 0.395881 7.836102 1567.220381
 37.600000 1.300961 2.444367 1.143407 8.650018 10903.731009 1.200000 0.644392 1000.000000 2.177778 -7.992869 100.000000 -7.348477 -400588.571597 1.667337 0.466009 93.201878 0.201591 2.031947 406.389390
 37.650000 1.268755 2.520134 1.251379 8.224001 5899.297875 1.200000 0.644392 1000.000000 2.177778 -7.992869 100.000000 -7.348477 -400585.359820 1.535454 0.062454 12.490706 0.200904 2.018126 403.625228
 37.700000 1.293431 2.297911 1.004480 5.086285 8873.680717 1.200000 0.644392 1000.000000 2.177778 -7.992869 100.000000 -7.348477 -400589.751844 1.572605 0.000164 0.032717 0.307111 4.715860 943.171978
 37.750000 1.300716 2.549278 1.248562 11.972542 11523.938307 1.200000 0.644392 1000.000000 2.177778 -7.992869 100.000000 -7.348477 -400600.397752 1.652999 0.337860 67.571981 0.332863 5.539876 1107.975207
 37.800000 1.276935 2.392078 1.115143 5.255707 6378.209790 1.200000 0.644392 1000.000000 2.177778 -7.992869 100.000000 -7.348477 -400588.732862 1.630018 0.175358 35.071611 0.229407 2.631374 526.274896
 37.850000 1.297738 2.542219 1.244481 11.417221 10880.872262 1.200000 0.644392 1000.000000 2.177778 -7.992869 100.000000 -7.348477 -400595.508652 1.550064 0.021492 4.298336 0.224336 2.516335 503.266910
 37.900000 1.310424 2.385927 1.075503 8.263028 12626.716706 1.200000 0.644392 1000.000000 2.177778 -7.992869 100.000000 -7.348477 -400594.177716 1.617587 0.109468 21.893570 0.296535 4.396663 879.332560
 37.950000 1.279995 2.392408 1.112413 5.502891 6859.827147 1.200000 0.644392 1000.000000 2.177778 -7.992869 100.000000 -7.348477 -400589.270145 1.692665 0.742594 148.518725 0.322690 5.206455 1041.291035
 38.000000 1.272685 2.482942 1.210257 7.297781 6214.318565 1.200000 0.644392 1000.000000 2.177778 -7.992869 100.000000 -7.348477 -400591.841041 1.571358 0.000016 0.003153 0.287478 4.132187 826.437327
 38.050000 1.302869 2.417864 1.114995 8.173125 11158.512545 1.200000 0.644392 1000.000000 2.177778 -7.992869 100.000000 -7.348477 -400592.718395 1.582319 0.006639 1.327789 0.228548 2.611703 522.340534
 38.100000 1.328723 2.528212 1.199489 14.424974 17797.577466 1.200000 0.644392 1000.000000 2.177778 -7.992869 100.000000 -7.348477 -400596.744505 1.660440 0.401798 80.359501 0.219705 2.413514 482.702835
 38.150000 1.260170 2.433371 1.173202 5.076590 4273.650435 1.200000 0.644392 1000.000000 2.177778 -7.992869 100.000000 -7.348477 -400587.406911 1.592528 0.023613 4.722609 0.288998 4.175987 835.197402
 38.200000 1.272683 2.515518 1.242835 8.344862 6423.554587 1.200000 0.644392 1000.000000 2.177778 -7.992869 100.000000 -7.348477 -400594.472456 1.668805 0.480289 96.057886 0.347683 6.044165 1208.832918
 38.250000 1.316276 2.293160 0.976884 7.425715 13653.255588 1.200000 0.644392 1000.000000 2.177778 -7.992869 100.000000 -7.348477 -400587.445857 1.522776 0.115297 23.059494 0.269037 3.619054 723.810864
 38.300000 1.325701 2.661488 1.335787 19.599128 18140.491285 1.200000 0.644392 1000.000000 2.177778 -7.992869 100.000000 -7.348477 -400595.704325 1.534936 0.064299 12.859818 0.248270 3.081894 616.378878
 38.350000 1.262591 2.256323 0.993732 2.267318 3979.389839 1.200000 0.644392 1000.000000 2.177778 -7.992869 100.000000 -7.348477 -400581.004510 1.664063 0.434938 86.987584 0.232402 2.700539 540.107774
 38.400000 1.277956 2.697470 1.419514 16.542528 8777.889075 1.200000 0.644392 1000.000000 2.177778 -7.992869 100.000000 -7.348477 -400598.891289 1.580256 0.004474 0.894784 0.335931 5.642483 1128.496688
 38.450000 1.319038 2.236564 0.917526 7.257765 14204.508390 1.200000 0.644392 1000.000000 2.177778 -7.992869 100.000000 -7.348477 -400591.399858 1.619343 0.117839 23.567796 0.328492 5.395352 1079.070343
 38.500000 1.297819 2.554258 1.256439 11.871173 10985.987794 1.200000 0.644392 1000.000000 2.177778 -7.992869 100.000000 -7.348477 -400596.840750 1.572931 0.000228 0.045559 0.274210 3.759553 751.910607
 38.550000 1.255237 2.416335 1.161098 4.371035 3620.206765 1.200000 0.644392 1000.000000 2.177778 -7.992869 100.000000 -7.348477 -400583.746226 1.594034 0.027000 5.399917 0.172932 1.495269 299.053710
 38.600000 1.292536 2.563769 1.271233 11.730946 10052.838465 1.200000 0.644392 1000.000000 2.177778 -7.992869 100.000000 -7.348477 -400594.495242 1.657558 0.376376 75.275169 0.300192 4.505770 901.154065
 38.650000 1.334469 2.393406 1.058937 11.365754 18546.905057 1.200000 0.644392 1000.000000 2.177778 -7.992869 100.000000 -7.348477 -400591.901997 1.512321 0.170966 34.193147 0.317742 5.048007 1009.601417
 38.700000 1.271742 2.443227 1.171484 6.096636 5851.591148 1.200000 0.644392 1000.000000 2.177778 -7.992869 100.000000 -7.348477 -400587.856087 1.624111 0.142123 28.424628 0.273904 3.751182 750.236431
 38.750000 1.264692 2.528287 1.263596 8.235338 5413.565943 1.200000 0.644392 1000.000000 2.177778 -7.992869 100.000000 -7.348477 -400588.262413 1.636080 0.213099 42.619734 0.204859 2.098365 419.673053
 38.800000 1.326943 2.484031 1.157087 12.746858 17052.544785 1.200000 0.644392 1000.000000 2.177778 -7.992869 100.000000 -7.348477 -400599.781726 1.618642 0.114459 22.891725 0.306043 4.683129 936.625727
 38.850000 1.311492 2.325597 1.014105 7.307750 12648.947844 1.200000 0.644392 1000.000000 2.177778 -7.992869 100.000000 -7.348477 -400591.966039 1.587325 0.013660 2.732012 0.327673 5.368489 1073.697701
 38.900000 1.240517 2.443615 1.203098 4.354303 2348.356136 1.200000 0.644392 1000.000000 2.177778 -7.992869 100.000000 -7.348477 -400586.360614 1.608707 0.071861 14.372186 0.270122 3.648292 729.658363
 38.950000 1.317271 2.558148 1.240877 14.110277 15199.224045 1.200000 0.644392 1000.000000 2.177778 -7.992869 100.000000 -7.348477 -400593.801565 1.655542 0.359089 71.817823 0.204946 2.100153 420.030663
 39.000000 1.327260 2.465194 1.137933 12.227979 17021.255549 1.200000 0.644392 1000.000000 2.177778 -7.992869 100.000000 -7.348477 -400594.620496 1.597384 0.035344 7.068871 0.270041 3.646094 729.218731
 39.050000 1.278012 2.492450 1.214438 7.993917 7076.136678 1.200000 0.644392 1000.000000 2.177778 -7.992869 100.000000 -7.348477 -400589.930313 1.601875 0.048293 9.658584 0.356140 6.341794 1268.358748
 39.100000 1.270486 2.290402 1.019916 3.118358 5095.138630 1.200000 0.644392 1000.000000 2.177778 -7.992869 100.000000 -7.348477 -400582.729935 1.611666 0.083515 16.703076 0.384624 7.396788 1479.357517
 39.150000 1.318320 2.510523 1.192203 12.535811 15106.860625 1.200000 0.644392 1000.000000 2.177778 -7.992869 100.000000 -7.348477 -400594.527474 1.558916 0.007057 1.411384 0.264086 3.487082 697.416441
 39.200000 1.314741 2.431208 1.116468 9.794036 13807.651842 1.200000 0.644392 1000.000000 2.177778 -7.992869 100.000000 -7.348477 -400590.158915 1.657661 0.377270 75.454017 0.193170 1.865728 373.145606
 39.250000 1.250853 2.479293 1.228441 5.838576 3495.097696 1.200000 0.644392 1000.000000 2.177778 -7.992869 100.000000 -7.348477 -400586.098475 1.534656 0.065305 13.061041 0.292824 4.287293 857.458501
 39.300000 1.291911 2.504360 1.212449 9.556569 9514.131339 1.200000 0.644392 1000.000000 2.177778 -7.992869 100.000000 -7.348477 -400595.770450 1.540242 0.046679 9.335889 0.338744 5.737374 1147.474756
 39.350000 1.325362 2.295683 0.970321 8.552849 15854.551344 1.200000 0.644392 1000.000000 2.177778 -7.992869 100.000000 -7.348477 -400590.489582 1.647118 0.291248 58.249579 0.246199 3.030692 606.138440
 39.400000 1.305531 2.627716 1.322185 15.690544 13161.126613 1.200000 0.644392 1000.000000 2.177778 -7.992869 100.000000 -7.348477 -400599.553393 1.555526 0.011658 2.331677 0.231264 2.674160 534.832086
 39.450000 1.264119 2.312962 1.048844 2.969342 4293.946677 1.200000 0.644392 1000.000000 2.177778 -7.992869 100.000000 -7.348477 -400584.796211 1.647163 0.291596 58.319253 0.272518 3.713313 742.662672
 39.500000 1.286907 2.556058 1.269151 10.931171 8983.721893 1.200000 0.644392 1000.000000 2.177778 -7.992869 100.000000 -7.348477 -400598.055189 1.554990 0.012492 2.498302 0.290498 4.219462 843.892439
 39.550000 1.331197 2.371945 1.040748 10.491380 17589.691850 1.200000 0.644392 1000.000000 2.177778 -7.992869 100.000000 -7.348477 -400592.769045 1.598567 0.038561 7.712233 0.236051 2.786009 557.201795
 39.600000 1.294891 2.542544 1.247653 11.154909 10334.922492 1.200000 0.644392 1000.000000 2.177778 -7.992869 100.000000 -7.348477 -400594.693356 1.594087 0.027123 5.424554 0.231841 2.687507 537.501491
 39.650000 1.257987 2.500633 1.242646 6.893023 4404.836267 1.200000 0.644392 1000.000000 2.177778 -7.992869 100.000000 -7.348477 -400584.967180 1.542051 0.041316 8.263108 0.281008 3.948273 789.654551
 39.700000 1.289278 2.330462 1.041183 5.150916 8203.719930 1.200000 0.644392 1000.000000 2.177778 -7.992869 100.000000 -7.348477 -400590.505973 1.665430 0.447780 89.555928 0.332671 5.533497 1106.699412
 39.750000 1.330388 2.529349 1.198961 14.680667 18237.112266 1.200000 0.644392 1000.000000 2.177778 -7.992869 100.000000 -7.348477 -400596.113586 1.604101 0.055461 11.092220 0.282068 3.978128 795.625642
 39.800000 1.281662 2.453763 1.172101 7.142690 7430.295766 1.200000 0.644392 1000.000000 2.177778 -7.992869 100.000000 -7.348477 -400591.356358 1.585839 0.011314 2.262894 0.217290 2.360747 472.149314
 39.850000 1.249598 2.435019 1.185420 4.538653 3121.739445 1.200000 0.644392 1000.000000 2.177778 -7.992869 100.000000 -7.348477 -400581.753342 1.594686 0.028535 5.707024 0.253954 3.224636 644.927199
 39.900000 1.338190 2.483124 1.144933 14.210112 20028.969587 1.200000 0.644392 1000.000000 2.177778 -7.992869 100.000000 -7.348477 -400597.994892 1.631313 0.183115 36.623048 0.267075 3.566448 713.289505
 39.950000 1.304167 2.494433 1.190266 10.438868 11853.394712 1.200000 0.644392 1000.000000 2.177778 -7.992869 100.000000 -7.348477 -400590.022773 1.659325 0.391866 78.373179 0.226431 2.563551 512.710133
 40.000000 1.264097 2.369915 1.105818 3.900041 4477.572795 1.200000 0.644392 1000.000000 2.177778 -7.992869 100.000000 -7.348477 -400583.466311 1.508983 0.191044 38.208778 0.206504 2.132194 426.438759
