#! FIELDS time d1 d2 rc steer.bias steer.force2 steer.d1_cntr steer.d1_work steer.d1_kappa steer.d2_cntr steer.d2_work steer.d2_kappa steer.work ener an res.bias res.force2 an2 res2.bias res2.force2
 0.000000 2.644139 1.840637 -0.803502 0.008586 17.136183 2.640000 0.000000 1000.000000 1.840000 0.000000 100.000000 0.000000 -400576.064421 1.275815 4.350712 870.142465 0.097644 0.476720 95.344035
 0.050000 2.633530 1.846849 -0.786681 0.023278 42.334560 2.640000 0.000000 1000.000000 1.840000 0.000000 100.000000 0.000000 -400567.887932 1.448700 0.745378 149.075669 0.155059 1.202157 240.431487
 0.100000 2.666425 1.878075 -0.788351 0.421628 712.785908 2.640000 0.000000 1000.000000 1.840000 0.000000 100.000000 0.000000 -400572.660681 1.338934 2.688014 537.602770 0.121206 0.734550 146.910004
 0.150000 2.639770 1.836579 -0.803191 0.000612 0.170053 2.640000 0.000000 1000.000000 1.840000 0.000000 100.000000 0.000000 -400569.694035 1.361023 2.200245 440.048967 0.058050 0.168488 33.697543
 0.200000 2.595074 1.848901 -0.746173 1.013147 2019.164522 2.640000 0.000000 1000.000000 1.840000 0.000000 100.000000 0.000000 -400568.834347 1.384093 1.742914 348.582763 0.170065 1.446107 289.221424
 0.250000 2.619458 1.878599 -0.740859 0.285473 436.856153 2.640000 0.000000 1000.000000 1.840000 0.000000 100.000000 0.000000 -400569.264222 1.441279 0.838741 167.748198 0.159116 1.265899 253.179783
 0.300000 2.656506 1.894821 -0.761685 0.286484 302.488839 2.640000 0.000000 1000.000000 1.840000 0.000000 100.000000 0.000000 -400569.258966 1.356062 2.305546 461.109230 0.029648 0.043949 8.789873
 0.350000 2.639421 1.813449 -0.825972 0.035416 7.385011 2.640000 0.000000 1000.000000 1.840000 0.000000 100.000000 0.000000 -400572.332345 1.318473 3.183354 636.670772 0.098472 0.484838 96.967692
 0.400000 2.641713 1.784417 -0.857296 0.155942 33.829240 2.640000 0.000000 1000.000000 1.840000 0.000000 100.000000 0.000000 -400568.894868 1.408344 1.319534 263.906759 0.156493 1.224502 244.900485
 0.450000 2.666503 1.894936 -0.771568 0.502111 732.608817 2.640000 0.000000 1000.000000 1.840000 0.000000 100.000000 0.000000 -400574.588537 1.283061 4.139584 827.916880 0.076289 0.290997 58.199355
 0.500000 2.643654 1.877765 -0.765889 0.077984 27.613142 2.640000 0.000000 1000.000000 1.840000 0.000000 100.000000 0.000000 -400568.786832 1.457376 0.643206 128.641186 0.105514 0.556661 111.332229
 0.550000 2.573870 1.840160 -0.733710 1.147646 2295.162786 2.621778 -0.133772 1000.000000 1.841361 -0.001842 100.000000 -0.135613 -400570.864666 1.367746 2.061480 412.295906 0.169089 1.429563 285.912544
 0.600000 2.607826 1.840489 -0.767338 0.009369 18.289709 2.603556 -0.197962 1000.000000 1.842722 -0.004416 100.000000 -0.202378 -400571.148006 1.378123 1.856147 371.229309 0.050341 0.126712 25.342480
 0.650000 2.596935 1.898260 -0.698676 0.214054 163.951849 2.585333 -0.194018 1000.000000 1.844083 -0.007395 100.000000 -0.201413 -400571.072100 1.346943 2.505509 501.101769 0.099767 0.497674 99.534742
 0.700000 2.582892 1.855988 -0.726905 0.130083 250.160933 2.567111 -0.302500 1000.000000 1.845444 -0.006493 100.000000 -0.308993 -400569.028293 1.457211 0.645084 129.016726 0.195673 1.914387 382.877495
 0.750000 2.534577 1.809189 -0.725387 0.173171 218.992147 2.548889 -0.270265 1000.000000 1.846806 -0.009316 100.000000 -0.279580 -400569.748224 1.354263 2.344342 468.868499 0.063000 0.198453 39.690583
 0.800000 2.555950 1.857364 -0.698585 0.323844 640.074989 2.530667 -0.170082 1000.000000 1.848167 -0.015744 100.000000 -0.185825 -400571.012907 1.307676 3.461605 692.320901 0.061454 0.188833 37.766543
 0.850000 2.551041 1.894236 -0.656805 0.844778 1509.663321 2.512444 -0.180778 1000.000000 1.849528 -0.016329 100.000000 -0.197107 -400569.017400 1.531168 0.078521 15.704172 0.217353 2.362118 472.423544
 0.900000 2.445204 1.896569 -0.548635 1.305730 2423.657234 2.494222 -0.207408 1000.000000 1.850889 -0.016461 100.000000 -0.223869 -400571.200723 1.381459 1.792426 358.485241 0.135175 0.913621 182.724109
 0.950000 2.450431 1.873206 -0.577225 0.348853 658.181316 2.476000 -0.066643 1000.000000 1.852250 -0.022937 100.000000 -0.089579 -400567.066350 1.419529 1.144091 228.818120 0.044151 0.097466 19.493205
 1.000000 2.445929 1.925221 -0.520707 0.326600 191.678736 2.457778 -0.010603 1000.000000 1.853611 -0.025451 100.000000 -0.036054 -400571.969136 1.381301 1.795422 359.084303 0.176627 1.559857 311.971326
 1.050000 2.464763 1.887705 -0.577058 0.371277 646.124189 2.439556 -0.084701 1000.000000 1.854972 -0.025412 100.000000 -0.110113 -400568.948729 1.496107 0.278921 55.784230 0.132173 0.873485 174.696910
 1.100000 2.433523 1.818739 -0.614784 0.144959 162.719529 2.421333 0.149426 1000.000000 1.856333 -0.030331 100.000000 0.119096 -400571.051676 1.279054 4.255685 851.137093 0.075354 0.283909 56.781856
 1.150000 2.425729 1.830361 -0.595368 0.293135 519.028476 2.403111 0.354495 1000.000000 1.857694 -0.037639 100.000000 0.316856 -400568.647279 1.469385 0.514212 102.842302 0.135693 0.920636 184.127238
 1.200000 2.433645 1.962856 -0.470789 1.727298 2484.892072 2.384889 0.416859 1000.000000 1.859056 -0.039374 100.000000 0.377485 -400570.175726 1.387332 1.682949 336.589848 0.180840 1.635149 327.029801
 1.250000 2.372239 1.902321 -0.469918 0.103321 48.607629 2.366667 0.641172 1000.000000 1.860417 -0.041359 100.000000 0.599813 -400569.367957 1.413834 1.231858 246.371633 0.080708 0.325688 65.137579
 1.300000 2.340782 1.810963 -0.529819 0.158459 84.526928 2.348444 0.827141 1000.000000 1.861778 -0.050165 100.000000 0.776976 -400567.130320 1.418989 1.152270 230.453914 0.177010 1.566632 313.326446
 1.350000 2.337615 1.933826 -0.403789 0.277159 104.617532 2.330222 1.073867 1000.000000 1.863139 -0.054694 100.000000 1.019172 -400569.688136 1.439628 0.860252 172.050319 0.096891 0.469389 93.877727
 1.400000 2.291677 2.001291 -0.290386 1.142101 600.137920 2.312000 1.159523 1000.000000 1.864500 -0.058567 100.000000 1.100956 -400567.276099 1.463548 0.575108 115.021640 0.079630 0.317043 63.408630
 1.450000 2.293925 1.864183 -0.429743 0.000152 0.049869 2.293778 1.361508 1000.000000 1.865861 -0.063315 100.000000 1.298193 -400569.058476 1.403114 1.405867 281.173389 0.196696 1.934457 386.891310
 1.500000 2.264926 1.873127 -0.391799 0.058237 113.335769 2.275556 1.645909 1000.000000 1.867222 -0.072167 100.000000 1.573742 -400564.639920 1.479969 0.412478 82.495641 0.021040 0.022133 4.426684
 1.550000 2.295699 2.021393 -0.274306 1.903518 1705.452617 2.257333 1.884996 1000.000000 1.868583 -0.079224 100.000000 1.805773 -400568.976173 1.357666 2.271233 454.246582 0.119262 0.711173 142.234671
 1.600000 2.276398 1.821116 -0.455283 0.814378 1414.172219 2.239111 2.201127 1000.000000 1.869944 -0.084843 100.000000 2.116284 -400564.386663 1.554895 0.012642 2.528402 0.202210 2.044443 408.888675
 1.650000 2.243941 1.904953 -0.338988 0.322301 542.709059 2.220889 2.538490 1000.000000 1.871306 -0.094343 100.000000 2.444148 -400566.198347 1.318533 3.181829 636.365880 0.092702 0.429682 85.936433
 1.700000 2.238701 1.985114 -0.253588 1.281462 1424.937326 2.202667 2.790524 1000.000000 1.872667 -0.101518 100.000000 2.689006 -400566.390171 1.442217 0.826627 165.325445 0.054375 0.147830 29.565944
 1.750000 2.194057 1.866542 -0.327516 0.049007 92.970643 2.184444 3.153029 1000.000000 1.874028 -0.111634 100.000000 3.041395 -400566.469009 1.466567 0.543189 108.637811 0.225007 2.531412 506.282383
 1.800000 2.158551 1.976636 -0.181915 0.541971 161.357823 2.166222 3.416092 1000.000000 1.875389 -0.115950 100.000000 3.300142 -400568.212002 1.457123 0.646079 129.215709 0.102431 0.524604 104.920774
 1.850000 2.148212 1.950668 -0.197544 0.273215 54.683615 2.148000 3.737104 1000.000000 1.876750 -0.128383 100.000000 3.608720 -400565.912885 1.442513 0.822829 164.565761 0.060695 0.184194 36.838723
 1.900000 2.130240 1.965427 -0.164813 0.381309 76.454121 2.129778 4.034032 1000.000000 1.878111 -0.139346 100.000000 3.894686 -400566.028765 1.433672 0.940156 188.031126 0.193626 1.874550 374.910099
 1.950000 2.119149 2.005070 -0.114079 0.817573 215.412503 2.111556 4.346776 1000.000000 1.879472 -0.148424 100.000000 4.198351 -400563.551357 1.525710 0.101638 20.327579 0.069099 0.238730 47.746089
 2.000000 2.082954 1.985608 -0.097346 0.602756 217.507630 2.093333 4.685575 1000.000000 1.880833 -0.165430 100.000000 4.520145 -400565.224460 1.409847 1.295234 259.046837 0.105938 0.561141 112.228263
 2.050000 2.049655 2.019954 -0.029701 1.272883 837.776119 2.075111 4.991399 1000.000000 1.882194 -0.177178 100.000000 4.814221 -400563.345939 1.553602 0.014782 2.956332 0.180587 1.630580 326.115992
 2.100000 2.053782 2.056156 0.002373 1.494366 307.558929 2.056889 5.281909 1000.000000 1.883556 -0.187889 100.000000 5.094020 -400564.772861 1.517846 0.140188 28.037629 0.086042 0.370157 74.031447
 2.150000 2.011240 2.018139 0.006899 1.263526 929.703057 2.038667 5.517005 1000.000000 1.884917 -0.214626 100.000000 5.302379 -400564.926066 1.424671 1.067634 213.526744 0.066116 0.218569 43.713858
 2.200000 2.015130 2.057720 0.042590 1.483745 322.164161 2.020444 5.814850 1000.000000 1.886278 -0.228688 100.000000 5.586162 -400562.821498 1.615172 0.098459 19.691716 0.158065 1.249223 249.844643
 2.250000 1.993236 2.054048 0.060812 1.424973 357.677235 2.002222 6.090869 1000.000000 1.887639 -0.245780 100.000000 5.845089 -400562.167718 1.411584 1.267426 253.485181 0.029035 0.042153 8.430514
 2.300000 1.988355 2.104671 0.116315 2.335172 484.105624 1.984000 6.282648 1000.000000 1.889000 -0.273514 100.000000 6.009135 -400563.015682 1.599377 0.040841 8.168298 0.088060 0.387726 77.545278
 2.350000 1.969449 1.970605 0.001157 0.328695 77.866387 1.965778 6.456842 1000.000000 1.890361 -0.291844 100.000000 6.164999 -400564.475402 1.424718 1.066944 213.388897 0.164820 1.358282 271.656393
 2.400000 1.936386 2.221607 0.285221 5.503564 1212.995652 1.947556 6.377344 1000.000000 1.891722 -0.320926 100.000000 6.056418 -400566.411207 1.510325 0.182841 36.568204 0.041553 0.086334 17.266720
 2.450000 1.934989 2.115309 0.180320 2.485204 525.830946 1.929333 6.252402 1000.000000 1.893083 -0.362262 100.000000 5.890140 -400565.343987 1.589319 0.017154 3.430750 0.102954 0.529980 105.995952
 2.500000 1.943007 2.096911 0.153903 2.558313 1427.300541 1.911111 6.305293 1000.000000 1.894444 -0.385573 100.000000 5.919719 -400565.466003 1.434083 0.934526 186.905103 0.107948 0.582640 116.528052
 2.550000 1.926149 2.251837 0.325688 6.499522 1503.421305 1.911111 6.305293 1000.000000 1.894444 -0.385573 100.000000 5.919719 -400568.999271 1.551346 0.018915 3.783013 0.025580 0.032716 6.543288
 2.600000 1.940401 2.059076 0.118675 1.784117 1128.917712 1.911111 6.305293 1000.000000 1.894444 -0.385573 100.000000 5.919719 -400565.398535 1.558471 0.007596 1.519190 0.124657 0.776967 155.393455
 2.650000 1.906908 2.222173 0.315265 5.379136 1091.728058 1.911111 6.305293 1000.000000 1.894444 -0.385573 100.000000 5.919719 -400567.589303 1.456542 0.652700 130.539958 0.070694 0.249879 49.975746
 2.700000 1.903739 2.159465 0.255725 3.538954 756.699373 1.911111 6.305293 1000.000000 1.894444 -0.385573 100.000000 5.919719 -400566.699295 1.570274 0.000014 0.002727 0.047104 0.110937 22.187466
 2.750000 1.897301 2.182845 0.285544 4.254103 1022.479557 1.911111 6.305293 1000.000000 1.894444 -0.385573 100.000000 5.919719 -400565.806459 1.550670 0.020254 4.050810 0.132052 0.871885 174.377048
 2.800000 1.914315 2.160169 0.245855 3.535618 716.359139 1.911111 6.305293 1000.000000 1.894444 -0.385573 100.000000 5.919719 -400563.231262 1.462271 0.588889 117.777723 0.035685 0.063672 12.734395
 2.850000 1.883059 2.215655 0.332596 5.552261 1818.662265 1.911111 6.305293 1000.000000 1.894444 -0.385573 100.000000 5.919719 -400566.132237 1.602465 0.050145 10.029044 0.133565 0.891985 178.397094
 2.900000 1.905971 2.112745 0.206775 2.395977 502.975832 1.911111 6.305293 1000.000000 1.894444 -0.385573 100.000000 5.919719 -400559.831348 1.510479 0.181906 36.381281 0.071136 0.253014 50.602876
 2.950000 1.893692 2.240832 0.347140 6.150928 1503.261205 1.911111 6.305293 1000.000000 1.894444 -0.385573 100.000000 5.919719 -400568.809791 1.503392 0.227169 45.433752 0.040176 0.080706 16.141109
 3.000000 1.896198 2.096939 0.200741 2.161399 632.449678 1.911111 6.305293 1000.000000 1.894444 -0.385573 100.000000 5.919719 -400563.799570 1.537035 0.056993 11.398567 0.135653 0.920091 184.018128
 3.050000 1.916813 2.214933 0.298120 5.151897 1059.639908 1.911111 6.305293 1000.000000 1.894444 -0.385573 100.000000 5.919719 -400570.565760 1.568949 0.000171 0.034122 0.043673 0.095365 19.073001
 3.100000 1.899933 2.167833 0.267901 3.799556 872.372778 1.911111 6.305293 1000.000000 1.894444 -0.385573 100.000000 5.919719 -400563.852348 1.480535 0.407354 81.470818 0.056349 0.158761 31.752278
 3.150000 1.926233 2.096012 0.169779 2.145812 634.966626 1.911111 6.305293 1000.000000 1.894444 -0.385573 100.000000 5.919719 -400563.100034 1.506075 0.209444 41.888795 0.122008 0.744301 148.860265
 3.200000 1.888514 2.270340 0.381826 7.320187 1923.619693 1.911111 6.305293 1000.000000 1.894444 -0.385573 100.000000 5.919719 -400569.194911 1.571796 0.000050 0.010002 0.052594 0.138307 27.661421
 3.250000 1.922050 2.076183 0.154133 1.711282 449.957501 1.911111 6.305293 1000.000000 1.894444 -0.385573 100.000000 5.919719 -400563.380600 1.469655 0.511477 102.295431 0.079982 0.319852 63.970461
 3.300000 1.886261 2.216530 0.330269 5.495725 1654.923387 1.911111 6.305293 1000.000000 1.894444 -0.385573 100.000000 5.919719 -400568.702870 1.540458 0.046020 9.203999 0.087471 0.382560 76.512025
 3.350000 1.916715 2.170583 0.253867 3.828320 793.932016 1.911111 6.305293 1000.000000 1.894444 -0.385573 100.000000 5.919719 -400567.240878 1.580673 0.004877 0.975451 0.037999 0.072195 14.439036
 3.400000 1.903275 2.141658 0.238383 3.086438 672.548587 1.911111 6.305293 1000.000000 1.894444 -0.385573 100.000000 5.919719 -400566.800802 1.460811 0.604837 120.967401 0.121140 0.733745 146.749012
 3.450000 1.901913 2.176235 0.274322 4.012604 878.660990 1.911111 6.305293 1000.000000 1.894444 -0.385573 100.000000 5.919719 -400567.176646 1.559072 0.006873 1.374576 0.028378 0.040265 8.052944
 3.500000 1.870562 2.204966 0.334404 5.643296 2608.475193 1.911111 6.305293 1000.000000 1.894444 -0.385573 100.000000 5.919719 -400567.821587 1.530377 0.081687 16.337328 0.077726 0.302069 60.413705
 3.550000 1.880613 2.195403 0.314789 4.993851 1835.883168 1.911111 6.305293 1000.000000 1.894444 -0.385573 100.000000 5.919719 -400567.854024 1.446105 0.777397 155.479425 0.127309 0.810373 162.074671
 3.600000 1.887823 2.204011 0.316188 5.062736 1500.641652 1.911111 6.305293 1000.000000 1.894444 -0.385573 100.000000 5.919719 -400564.573769 1.496786 0.273875 54.774957 0.014693 0.010794 2.158712
 3.650000 1.913694 2.248469 0.334776 6.270020 1260.006558 1.911111 6.305293 1000.000000 1.894444 -0.385573 100.000000 5.919719 -400565.227916 1.557284 0.009130 1.825922 0.173074 1.497730 299.546000
 3.700000 1.892662 2.068915 0.176253 1.692186 644.769930 1.911111 6.305293 1000.000000 1.894444 -0.385573 100.000000 5.919719 -400560.653247 1.464837 0.561370 112.274044 0.084072 0.353409 70.681785
 3.750000 1.915072 2.294068 0.378996 7.992782 1612.674108 1.911111 6.305293 1000.000000 1.894444 -0.385573 100.000000 5.919719 -400567.341884 1.566465 0.000938 0.187598 0.061568 0.189532 37.906342
 3.800000 1.920704 2.064125 0.143421 1.485586 379.939212 1.911111 6.305293 1000.000000 1.894444 -0.385573 100.000000 5.919719 -400563.564769 1.525610 0.102092 20.418457 0.114741 0.658279 131.655753
 3.850000 1.897737 2.214008 0.316271 5.195480 1200.077268 1.911111 6.305293 1000.000000 1.894444 -0.385573 100.000000 5.919719 -400568.924640 1.504156 0.222049 44.409793 0.041968 0.088066 17.613142
 3.900000 1.922618 2.202307 0.279689 4.805166 1080.197146 1.911111 6.305293 1000.000000 1.894444 -0.385573 100.000000 5.919719 -400566.113197 1.497225 0.270640 54.127989 0.091539 0.418971 83.794250
 3.950000 1.924318 2.058175 0.133857 1.427584 442.485643 1.911111 6.305293 1000.000000 1.894444 -0.385573 100.000000 5.919719 -400561.878762 1.512307 0.171052 34.210433 0.117303 0.688004 137.600796
 4.000000 1.841091 2.394759 0.553668 14.967124 7405.916008 1.911111 6.305293 1000.000000 1.894444 -0.385573 100.000000 5.919719 -400573.367292 1.471099 0.496976 99.395162 0.074899 0.280494 56.098758
 4.050000 1.916678 2.006304 0.089626 0.641122 156.117831 1.911111 6.305293 1000.000000 1.894444 -0.385573 100.000000 5.919719 -400560.305066 1.450402 0.724742 144.948384 0.122590 0.751412 150.282361
 4.100000 1.900808 2.261414 0.360607 6.786427 1452.831752 1.911111 6.305293 1000.000000 1.894444 -0.385573 100.000000 5.919719 -400564.450867 1.557821 0.008418 1.683529 0.091508 0.418685 83.737054
 4.150000 1.915786 2.170838 0.255052 3.830601 785.787754 1.911111 6.305293 1000.000000 1.894444 -0.385573 100.000000 5.919719 -400564.506008 1.477100 0.438946 87.789190 0.015355 0.011789 2.357811
 4.200000 1.918603 2.069663 0.151061 1.563147 363.140034 1.911111 6.305293 1000.000000 1.894444 -0.385573 100.000000 5.919719 -400561.972927 1.510402 0.182372 36.474439 0.168618 1.421604 284.320771
 4.250000 1.925108 2.270665 0.345558 7.175062 1611.329830 1.911111 6.305293 1000.000000 1.894444 -0.385573 100.000000 5.919719 -400567.984402 1.537589 0.055136 11.027245 0.059756 0.178538 35.707652
 4.300000 1.919530 2.116588 0.197057 2.502820 564.357074 1.911111 6.305293 1000.000000 1.894444 -0.385573 100.000000 5.919719 -400566.104032 1.478224 0.428486 85.697178 0.074711 0.279083 55.816596
 4.350000 1.873290 2.101977 0.228687 2.868714 1861.137384 1.911111 6.305293 1000.000000 1.894444 -0.385573 100.000000 5.919719 -400566.719202 1.510466 0.181989 36.397727 0.222726 2.480344 496.068887
 4.400000 1.887637 2.012187 0.124550 0.968691 689.680192 1.911111 6.305293 1000.000000 1.894444 -0.385573 100.000000 5.919719 -400561.519004 1.498857 0.258763 51.752687 0.201562 2.031355 406.271012
 4.450000 1.845049 2.177255 0.332206 6.181197 5164.045178 1.911111 6.305293 1000.000000 1.894444 -0.385573 100.000000 5.919719 -400568.372788 1.465132 0.558251 111.650188 0.208493 2.173461 434.692139
 4.500000 1.838325 2.061940 0.223615 4.051639 5578.356214 1.911111 6.305293 1000.000000 1.894444 -0.385573 100.000000 5.919719 -400563.615387 1.495022 0.287091 57.418216 0.199404 1.988104 397.620723
 4.550000 1.850350 2.134962 0.284611 4.738368 4270.371441 1.911111 6.305293 1000.000000 1.894444 -0.385573 100.000000 5.919719 -400567.918134 1.527681 0.092947 18.589426 0.194157 1.884839 376.967792
 4.600000 1.837626 2.085149 0.247522 4.518404 5763.681137 1.911111 6.305293 1000.000000 1.894444 -0.385573 100.000000 5.919719 -400563.636143 1.507691 0.199117 39.823443 0.181724 1.651188 330.237688
 4.650000 1.880610 2.083562 0.202952 2.253421 1287.955618 1.911111 6.305293 1000.000000 1.894444 -0.385573 100.000000 5.919719 -400563.670591 1.513435 0.164516 32.903174 0.213236 2.273489 454.697842
 4.700000 1.875539 2.113805 0.238267 3.038663 1746.591367 1.911111 6.305293 1000.000000 1.894444 -0.385573 100.000000 5.919719 -400565.438593 1.478099 0.429641 85.928152 0.242585 2.942385 588.476969
 4.750000 1.903385 2.017644 0.114259 0.788755 211.475599 1.911111 6.305293 1000.000000 1.894444 -0.385573 100.000000 5.919719 -400565.854925 1.420764 1.125489 225.097794 0.187588 1.759458 351.891675
 4.800000 1.933901 2.076504 0.142602 1.916974 850.851553 1.911111 6.305293 1000.000000 1.894444 -0.385573 100.000000 5.919719 -400559.648006 1.536300 0.059500 11.900063 0.216403 2.341517 468.303386
 4.850000 1.929641 1.998017 0.068376 0.708050 450.636260 1.911111 6.305293 1000.000000 1.894444 -0.385573 100.000000 5.919719 -400563.022346 1.437374 0.890078 178.015521 0.204179 2.084459 416.891782
 4.900000 1.930965 2.134265 0.203300 3.072770 969.298440 1.911111 6.305293 1000.000000 1.894444 -0.385573 100.000000 5.919719 -400564.623307 1.430986 0.977347 195.469378 0.251589 3.164843 632.968595
 4.950000 1.913043 2.021729 0.108685 0.811930 165.746427 1.911111 6.305293 1000.000000 1.894444 -0.385573 100.000000 5.919719 -400559.574086 1.543544 0.037136 7.427118 0.188333 1.773457 354.691358
 5.000000 1.854284 2.155834 0.301550 5.030870 3912.532002 1.911111 6.305293 1000.000000 1.894444 -0.385573 100.000000 5.919719 -400565.192719 1.409017 1.308629 261.725744 0.227833 2.595389 519.077771
 5.050000 1.835339 1.996236 0.160897 3.388807 5845.074934 1.911111 6.305293 1000.000000 1.894444 -0.385573 100.000000 5.919719 -400565.300613 1.554171 0.013820 2.764098 0.186644 1.741799 348.359740
 5.100000 1.829723 2.202792 0.373069 8.065923 7574.816979 1.911111 6.305293 1000.000000 1.894444 -0.385573 100.000000 5.919719 -400571.074279 1.543445 0.037404 7.480815 0.245577 3.015408 603.081626
 5.150000 1.891935 1.965922 0.073987 0.439322 418.830221 1.911111 6.305293 1000.000000 1.894444 -0.385573 100.000000 5.919719 -400559.178249 1.455523 0.664397 132.879359 0.138605 0.960565 192.113021
 5.200000 1.904402 2.338341 0.433939 9.874696 2015.452476 1.911111 6.305293 1000.000000 1.894444 -0.385573 100.000000 5.919719 -400568.578414 1.611819 0.084143 16.828622 0.049953 0.124767 24.953370
 5.250000 1.905587 2.063440 0.157853 1.443234 316.111609 1.911111 6.305293 1000.000000 1.894444 -0.385573 100.000000 5.919719 -400565.492564 1.502529 0.233021 46.604262 0.086296 0.372346 74.469266
 5.300000 1.908366 2.183187 0.274821 4.172386 841.259488 1.911111 6.305293 1000.000000 1.894444 -0.385573 100.000000 5.919719 -400566.307937 1.485738 0.361745 72.349061 0.094212 0.443793 88.758660
 5.350000 1.952119 2.207208 0.255089 5.731890 2659.877416 1.911111 6.305293 1000.000000 1.894444 -0.385573 100.000000 5.919719 -400566.096612 1.595331 0.030098 6.019666 0.051862 0.134485 26.896991
 5.400000 1.879155 2.099410 0.220255 2.611139 1441.289360 1.911111 6.305293 1000.000000 1.894444 -0.385573 100.000000 5.919719 -400564.658904 1.478990 0.421421 84.284184 0.114824 0.659224 131.844893
 5.450000 1.919222 2.253159 0.333938 6.466707 1352.542865 1.911111 6.305293 1000.000000 1.894444 -0.385573 100.000000 5.919719 -400566.202521 1.529539 0.085107 17.021427 0.068595 0.235263 47.052666
 5.500000 1.862005 2.114747 0.252742 3.632366 2896.723956 1.911111 6.305293 1000.000000 1.894444 -0.385573 100.000000 5.919719 -400558.463982 1.592005 0.022491 4.498289 0.041192 0.084838 16.967542
 5.550000 1.865652 2.198332 0.332679 5.650628 2989.981609 1.911111 6.305293 1000.000000 1.894444 -0.385573 100.000000 5.919719 -400561.761361 1.491476 0.314583 62.916522 0.154372 1.191534 238.306793
 5.600000 1.866138 2.054508 0.188370 2.292292 2278.750012 1.911111 6.305293 1000.000000 1.894444 -0.385573 100.000000 5.919719 -400564.087219 1.519624 0.130931 26.186266 0.189240 1.790586 358.117116
 5.650000 1.857438 2.108288 0.250850 3.726847 3338.083882 1.911111 6.305293 1000.000000 1.894444 -0.385573 100.000000 5.919719 -400567.350734 1.512191 0.171727 34.345368 0.269499 3.631473 726.294619
 5.700000 1.911396 2.006754 0.095358 0.630711 126.215276 1.911111 6.305293 1000.000000 1.894444 -0.385573 100.000000 5.919719 -400560.844582 1.484455 0.372744 74.548796 0.248896 3.097473 619.494647
 5.750000 1.875446 2.150471 0.275026 3.913498 1927.527577 1.911111 6.305293 1000.000000 1.894444 -0.385573 100.000000 5.919719 -400564.763251 1.531118 0.078718 15.743572 0.152516 1.163059 232.611814
 5.800000 1.906681 2.062096 0.155415 1.415171 300.694423 1.911111 6.305293 1000.000000 1.894444 -0.385573 100.000000 5.919719 -400566.584279 1.459016 0.624743 124.948652 0.231505 2.679721 535.944108
 5.850000 1.853865 1.984821 0.130956 2.046935 3358.751131 1.911111 6.305293 1000.000000 1.894444 -0.385573 100.000000 5.919719 -400565.243764 1.521022 0.123877 24.775304 0.262586 3.447579 689.515819
 5.900000 1.906598 2.135998 0.229400 2.927590 603.853082 1.911111 6.305293 1000.000000 1.894444 -0.385573 100.000000 5.919719 -400564.061291 1.475381 0.455201 91.040146 0.220626 2.433784 486.756726
 5.950000 1.830520 2.091160 0.260640 5.182303 6881.882794 1.911111 6.305293 1000.000000 1.894444 -0.385573 100.000000 5.919719 -400565.675715 1.429709 0.995283 199.056602 0.167773 1.407384 281.476808
 6.000000 1.870565 2.118917 0.248352 3.341399 2147.893903 1.911111 6.305293 1000.000000 1.894444 -0.385573 100.000000 5.919719 -400565.970072 1.550772 0.020049 4.009817 0.242773 2.946947 589.389486
 6.050000 1.870642 1.993112 0.122471 1.305659 1735.141425 1.911111 6.305293 1000.000000 1.894444 -0.385573 100.000000 5.919719 -400564.713644 1.460871 0.604174 120.834782 0.235146 2.764690 552.937985
 6.100000 1.921160 2.137723 0.216562 3.009710 692.831089 1.911111 6.305293 1000.000000 1.894444 -0.385573 100.000000 5.919719 -400562.700429 1.549921 0.021788 4.357660 0.168896 1.426295 285.258967
 6.150000 1.861580 2.096603 0.235023 3.270057 2861.988466 1.911111 6.305293 1000.000000 1.894444 -0.385573 100.000000 5.919719 -400567.428741 1.410802 1.279907 255.981366 0.188274 1.772360 354.471947
 6.200000 1.903311 2.021567 0.118256 0.838432 222.441593 1.911111 6.305293 1000.000000 1.894444 -0.385573 100.000000 5.919719 -400567.046100 1.447012 0.766126 153.225250 0.264394 3.495205 699.040989
 6.250000 1.900288 2.101957 0.201669 2.211638 547.757708 1.911111 6.305293 1000.000000 1.894444 -0.385573 100.000000 5.919719 -400564.813582 1.529628 0.084740 16.947934 0.235043 2.762260 552.451994
 6.300000 1.863327 2.047303 0.183976 2.309962 2517.003756 1.911111 6.305293 1000.000000 1.894444 -0.385573 100.000000 5.919719 -400563.564363 1.441024 0.842042 168.408441 0.139056 0.966835 193.367093
 6.350000 1.855934 2.180328 0.324394 5.608717 3861.763922 1.911111 6.305293 1000.000000 1.894444 -0.385573 100.000000 5.919719 -400569.966915 1.534794 0.064809 12.961777 0.235059 2.762634 552.526894
 6.400000 1.855303 1.964703 0.109400 1.804065 3163.862916 1.911111 6.305293 1000.000000 1.894444 -0.385573 100.000000 5.919719 -400566.542626 1.501562 0.239666 47.933232 0.266608 3.553991 710.798191
 6.450000 1.853258 2.110447 0.257189 4.006325 3813.512857 1.911111 6.305293 1000.000000 1.894444 -0.385573 100.000000 5.919719 -400566.850605 1.513461 0.164367 32.873317 0.206354 2.129091 425.818255
 6.500000 1.843510 2.208340 0.364830 7.211464 5555.189012 1.911111 6.305293 1000.000000 1.894444 -0.385573 100.000000 5.919719 -400568.481430 1.595669 0.030933 6.186539 0.136280 0.928614 185.722884
 6.550000 1.897989 1.960855 0.062867 0.306620 216.305860 1.911111 6.305293 1000.000000 1.894444 -0.385573 100.000000 5.919719 -400563.567607 1.433256 0.945869 189.173740 0.233798 2.733077 546.615487
 6.600000 1.863961 2.169393 0.305432 4.891421 2979.136930 1.911111 6.305293 1000.000000 1.894444 -0.385573 100.000000 5.919719 -400567.451292 1.543997 0.035911 7.182194 0.289994 4.204840 840.967907
 6.650000 1.910079 1.999591 0.089511 0.553318 111.621582 1.911111 6.305293 1000.000000 1.894444 -0.385573 100.000000 5.919719 -400561.995003 1.436053 0.907782 181.556304 0.163355 1.334239 266.847730
 6.700000 1.874312 2.193027 0.318716 5.134685 2245.720605 1.911111 6.305293 1000.000000 1.894444 -0.385573 100.000000 5.919719 -400569.115782 1.445974 0.779033 155.806527 0.184383 1.699858 339.971611
 6.750000 1.853272 1.974232 0.120960 1.990976 3409.006053 1.911111 6.305293 1000.000000 1.894444 -0.385573 100.000000 5.919719 -400565.437242 1.569864 0.000044 0.008700 0.228488 2.610335 522.067078
 6.800000 1.882569 2.091644 0.209075 2.351713 1203.521199 1.911111 6.305293 1000.000000 1.894444 -0.385573 100.000000 5.919719 -400566.453149 1.451322 0.713711 142.742261 0.246892 3.047776 609.555254
 6.850000 1.940692 2.118582 0.177890 2.949389 1377.399636 1.911111 6.305293 1000.000000 1.894444 -0.385573 100.000000 5.919719 -400565.100000 1.479933 0.412807 82.561384 0.130110 0.846430 169.286094
 6.900000 1.883008 2.279380 0.396372 7.803659 2271.556927 1.911111 6.305293 1000.000000 1.894444 -0.385573 100.000000 5.919719 -400569.250984 1.525860 0.100965 20.192967 0.046664 0.108875 21.774920
 6.950000 1.923729 2.112627 0.188898 2.459793 635.250148 1.911111 6.305293 1000.000000 1.894444 -0.385573 100.000000 5.919719 -400565.688019 1.506747 0.205117 41.023308 0.166382 1.384143 276.828676
 7.000000 1.931412 2.096589 0.165177 2.249195 820.767921 1.911111 6.305293 1000.000000 1.894444 -0.385573 100.000000 5.919719 -400564.058677 1.460505 0.608211 121.642163 0.016069 0.012910 2.582077
 7.050000 1.903322 2.343750 0.440428 10.124112 2079.428084 1.911111 6.305293 1000.000000 1.894444 -0.385573 100.000000 5.919719 -400572.415072 1.571169 0.000007 0.001388 0.095680 0.457731 91.546211
 7.100000 1.885966 1.948476 0.062510 0.462105 661.462778 1.911111 6.305293 1000.000000 1.894444 -0.385573 100.000000 5.919719 -400559.622663 1.486439 0.355812 71.162302 0.110490 0.610404 122.080810
 7.150000 1.907305 2.368383 0.461078 11.238118 2260.663724 1.911111 6.305293 1000.000000 1.894444 -0.385573 100.000000 5.919719 -400569.401612 1.482642 0.388557 77.711399 0.040207 0.080830 16.166061
 7.200000 1.890977 2.034020 0.143043 1.176756 600.191696 1.911111 6.305293 1000.000000 1.894444 -0.385573 100.000000 5.919719 -400562.117512 1.498547 0.261000 52.200000 0.090561 0.410065 82.013006
 7.250000 1.870896 2.260906 0.390011 7.523359 2960.221070 1.911111 6.305293 1000.000000 1.894444 -0.385573 100.000000 5.919719 -400570.543081 1.581657 0.005898 1.179629 0.088151 0.388531 77.706166
 7.300000 1.898912 2.225148 0.326236 5.542659 1242.471403 1.911111 6.305293 1000.000000 1.894444 -0.385573 100.000000 5.919719 -400566.658758 1.435379 0.916892 183.378306 0.036676 0.067256 13.451191
 7.350000 1.900365 2.057308 0.156944 1.383977 380.734267 1.911111 6.305293 1000.000000 1.894444 -0.385573 100.000000 5.919719 -400561.858665 1.548804 0.024183 4.836623 0.130448 0.850835 170.167073
 7.400000 1.884609 2.270212 0.385603 7.411257 2114.392418 1.911111 6.305293 1000.000000 1.894444 -0.385573 100.000000 5.919719 -400569.325194 1.483306 0.382728 76.545518 0.061092 0.186612 37.322330
 7.450000 1.888535 2.162769 0.274235 3.854759 1229.679853 1.911111 6.305293 1000.000000 1.894444 -0.385573 100.000000 5.919719 -400565.806321 1.573800 0.000451 0.090243 0.062646 0.196226 39.245150
 7.500000 1.909220 2.112441 0.203220 2.377910 478.799203 1.911111 6.305293 1000.000000 1.894444 -0.385573 100.000000 5.919719 -400564.438122 1.490401 0.323173 64.634653 0.192401 1.850900 370.179916
 7.550000 1.870225 2.026786 0.156561 1.711555 1846.815042 1.911111 6.305293 1000.000000 1.894444 -0.385573 100.000000 5.919719 -400564.983591 1.411576 1.267561 253.512237 0.200302 2.006040 401.208095
 7.600000 1.910644 2.069147 0.158503 1.526163 305.429094 1.911111 6.305293 1000.000000 1.894444 -0.385573 100.000000 5.919719 -400564.576412 1.527499 0.093734 18.746851 0.234548 2.750635 550.127043
 7.650000 1.855266 2.070114 0.214848 3.102328 3427.272614 1.911111 6.305293 1000.000000 1.894444 -0.385573 100.000000 5.919719 -400563.882150 1.513771 0.162595 32.519009 0.182686 1.668714 333.742876
 7.700000 1.867300 2.092217 0.224917 2.915396 2310.532743 1.911111 6.305293 1000.000000 1.894444 -0.385573 100.000000 5.919719 -400564.924424 1.461166 0.600938 120.187507 0.181559 1.648191 329.638152
 7.750000 1.825288 2.082870 0.257581 5.457994 7720.624753 1.911111 6.305293 1000.000000 1.894444 -0.385573 100.000000 5.919719 -400569.674477 1.580344 0.004558 0.911643 0.251176 3.154475 630.895009
 7.800000 1.835599 2.058031 0.222431 4.189035 5969.633541 1.911111 6.305293 1000.000000 1.894444 -0.385573 100.000000 5.919719 -400563.696722 1.451178 0.715429 143.085730 0.224350 2.516639 503.327724
 7.850000 1.845884 2.158688 0.312804 5.618494 4952.775954 1.911111 6.305293 1000.000000 1.894444 -0.385573 100.000000 5.919719 -400568.616557 1.497464 0.268881 53.776245 0.181114 1.640117 328.023353
 7.900000 1.873911 2.043257 0.169346 1.799181 1605.303845 1.911111 6.305293 1000.000000 1.894444 -0.385573 100.000000 5.919719 -400564.580787 1.534145 0.067166 13.433256 0.209668 2.198035 439.607095
 7.950000 1.875410 2.041880 0.166470 1.724148 1491.944179 1.911111 6.305293 1000.000000 1.894444 -0.385573 100.000000 5.919719 -400565.408781 1.443206 0.813965 162.793045 0.252102 3.177774 635.554769
 8.000000 1.899923 2.048645 0.148723 1.251485 362.959624 1.911111 6.305293 1000.000000 1.894444 -0.385573 100.000000 5.919719 -400564.009566 1.556851 0.009723 1.944610 0.181718 1.651065 330.212930
 8.050000 1.869667 2.139125 0.269458 3.852239 2316.293023 1.911111 6.305293 1000.000000 1.894444 -0.385573 100.000000 5.919719 -400568.686585 1.480087 0.411409 82.281755 0.183157 1.677320 335.464076
 8.100000 1.888171 1.982381 0.094210 0.649767 603.581174 1.911111 6.305293 1000.000000 1.894444 -0.385573 100.000000 5.919719 -400565.530718 1.402996 1.407845 281.569009 0.271177 3.676845 735.369047
 8.150000 1.890208 2.069043 0.178835 1.742700 741.791914 1.911111 6.305293 1000.000000 1.894444 -0.385573 100.000000 5.919719 -400559.861717 1.559695 0.006162 1.232440 0.247858 3.071687 614.337471
 8.200000 1.895311 2.072501 0.177190 1.710030 566.684482 1.911111 6.305293 1000.000000 1.894444 -0.385573 100.000000 5.919719 -400564.431106 1.432430 0.957265 191.452996 0.161422 1.302849 260.569878
 8.250000 1.880808 2.060312 0.179504 1.834747 1193.413040 1.911111 6.305293 1000.000000 1.894444 -0.385573 100.000000 5.919719 -400567.290271 1.531199 0.078398 15.679545 0.202529 2.050890 410.177962
 8.300000 1.857640 2.101772 0.244131 3.578799 3288.985124 1.911111 6.305293 1000.000000 1.894444 -0.385573 100.000000 5.919719 -400569.590934 1.502665 0.232091 46.418182 0.236059 2.786188 557.237565
 8.350000 1.881831 2.066724 0.184893 1.912662 1154.102136 1.911111 6.305293 1000.000000 1.894444 -0.385573 100.000000 5.919719 -400564.662737 1.446494 0.772549 154.509895 0.196680 1.934142 386.828471
 8.400000 1.851878 2.103486 0.251608 3.939181 3945.492662 1.911111 6.305293 1000.000000 1.894444 -0.385573 100.000000 5.919719 -400565.317405 1.555934 0.011045 2.208999 0.163162 1.331087 266.217373
 8.450000 1.847399 2.091586 0.244187 3.972884 4447.943195 1.911111 6.305293 1000.000000 1.894444 -0.385573 100.000000 5.919719 -400571.255216 1.520599 0.125991 25.198195 0.204583 2.092701 418.540180
 8.500000 1.860844 2.047595 0.186751 2.436145 2761.324327 1.911111 6.305293 1000.000000 1.894444 -0.385573 100.000000 5.919719 -400566.994418 1.468503 0.523199 104.639801 0.227537 2.588660 517.731949
 8.550000 1.845775 2.123673 0.277898 4.761663 4794.208830 1.911111 6.305293 1000.000000 1.894444 -0.385573 100.000000 5.919719 -400567.573178 1.529789 0.084082 16.816384 0.174590 1.524083 304.816546
 8.600000 1.852425 2.098840 0.246415 3.810901 3861.819940 1.911111 6.305293 1000.000000 1.894444 -0.385573 100.000000 5.919719 -400566.449725 1.515992 0.150174 30.034754 0.166574 1.387349 277.469737
 8.650000 1.858979 2.144572 0.285593 4.487071 3343.405654 1.911111 6.305293 1000.000000 1.894444 -0.385573 100.000000 5.919719 -400567.014458 1.516254 0.148741 29.748293 0.260417 3.390840 678.168064
 8.700000 1.886136 1.943147 0.057011 0.430482 647.489143 1.911111 6.305293 1000.000000 1.894444 -0.385573 100.000000 5.919719 -400564.723356 1.436673 0.899448 179.889531 0.214227 2.294664 458.932873
 8.750000 1.886755 2.241608 0.354853 6.322734 1798.440297 1.911111 6.305293 1000.000000 1.894444 -0.385573 100.000000 5.919719 -400566.240814 1.599957 0.042518 8.503565 0.177171 1.569485 313.896925
 8.800000 1.866871 1.996545 0.129674 1.499825 2061.444051 1.911111 6.305293 1000.000000 1.894444 -0.385573 100.000000 5.919719 -400565.146679 1.453150 0.692033 138.406502 0.165302 1.366230 273.246056
 8.850000 1.910146 2.056753 0.146608 1.317677 264.374182 1.911111 6.305293 1000.000000 1.894444 -0.385573 100.000000 5.919719 -400564.508024 1.432056 0.962440 192.487946 0.304596 4.638943 927.788609
 8.900000 1.913202 2.085952 0.172750 1.835938 371.121501 1.911111 6.305293 1000.000000 1.894444 -0.385573 100.000000 5.919719 -400561.925643 1.510302 0.182981 36.596115 0.228174 2.603164 520.632781
 8.950000 1.902492 2.055780 0.153289 1.338611 334.588286 1.911111 6.305293 1000.000000 1.894444 -0.385573 100.000000 5.919719 -400562.379597 1.423331 1.087296 217.459143 0.226328 2.561215 512.242908
 9.000000 1.910766 2.087095 0.176329 1.855771 371.261598 1.911111 6.305293 1000.000000 1.894444 -0.385573 100.000000 5.919719 -400562.174422 1.541491 0.042941 8.588222 0.235341 2.769271 553.854126
 9.050000 1.851966 2.059479 0.207514 3.110918 3770.555282 1.911111 6.305293 1000.000000 1.894444 -0.385573 100.000000 5.919719 -400566.283740 1.476452 0.445047 89.009393 0.248891 3.097343 619.468583
 9.100000 1.857963 2.031937 0.173974 2.357572 3013.768646 1.911111 6.305293 1000.000000 1.894444 -0.385573 100.000000 5.919719 -400563.280780 1.471779 0.490218 98.043639 0.170900 1.460336 292.067218
 9.150000 1.865565 2.211480 0.345914 6.062768 3079.516679 1.911111 6.305293 1000.000000 1.894444 -0.385573 100.000000 5.919719 -400568.536710 1.530087 0.082864 16.572814 0.212715 2.262388 452.477540
 9.200000 1.841607 1.943790 0.102183 2.537166 4855.187145 1.911111 6.305293 1000.000000 1.894444 -0.385573 100.000000 5.919719 -400565.245549 1.424937 1.063750 212.749933 0.213047 2.269457 453.891425
 9.250000 1.831725 2.273956 0.442231 10.352507 7742.418687 1.911111 6.305293 1000.000000 1.894444 -0.385573 100.000000 5.919719 -400574.030285 1.574681 0.000755 0.150907 0.234751 2.755394 551.078799
 9.300000 1.848942 1.956079 0.107137 2.122469 3903.047849 1.911111 6.305293 1000.000000 1.894444 -0.385573 100.000000 5.919719 -400562.701699 1.524659 0.106434 21.286862 0.124690 0.777382 155.476311
 9.350000 1.845422 2.237991 0.392570 8.058784 5495.361037 1.911111 6.305293 1000.000000 1.894444 -0.385573 100.000000 5.919719 -400571.187637 1.473228 0.475983 95.196562 0.229190 2.626410 525.282014
 9.400000 1.879487 1.961122 0.081635 0.722330 1044.525919 1.911111 6.305293 1000.000000 1.894444 -0.385573 100.000000 5.919719 -400564.237585 1.510912 0.179305 35.861078 0.202391 2.048102 409.620312
 9.450000 1.887642 2.211631 0.323989 5.305765 1556.859366 1.911111 6.305293 1000.000000 1.894444 -0.385573 100.000000 5.919719 -400569.620654 1.427180 1.031283 206.256593 0.223729 2.502735 500.547036
 9.500000 1.915198 1.963849 0.048652 0.249200 64.869087 1.911111 6.305293 1000.000000 1.894444 -0.385573 100.000000 5.919719 -400565.242428 1.470256 0.505416 101.083135 0.179021 1.602428 320.485622
 9.550000 1.908903 2.087587 0.178685 1.867646 377.918660 1.911111 6.305293 1000.000000 1.894444 -0.385573 100.000000 5.919719 -400565.714090 1.535746 0.061428 12.285587 0.273487 3.739753 747.950642
 9.600000 1.917517 2.033605 0.116088 0.988799 234.687649 1.911111 6.305293 1000.000000 1.894444 -0.385573 100.000000 5.919719 -400564.951726 1.438757 0.871717 174.343311 0.188346 1.773712 354.742323
 9.650000 1.887448 2.126599 0.239151 2.974759 1098.887158 1.911111 6.305293 1000.000000 1.894444 -0.385573 100.000000 5.919719 -400565.071732 1.462249 0.589123 117.824684 0.205967 2.121129 424.225852
 9.700000 1.872451 2.106064 0.233613 2.986433 1942.403345 1.911111 6.305293 1000.000000 1.894444 -0.385573 100.000000 5.919719 -400566.722991 1.496480 0.276145 55.228964 0.262285 3.439662 687.932306
 9.750000 1.822856 1.998256 0.175400 4.433333 7896.747357 1.911111 6.305293 1000.000000 1.894444 -0.385573 100.000000 5.919719 -400567.779701 1.516496 0.147425 29.484922 0.249850 3.121243 624.248637
 9.800000 1.846691 2.193507 0.346815 6.546865 5044.278254 1.911111 6.305293 1000.000000 1.894444 -0.385573 100.000000 5.919719 -400569.572191 1.540085 0.047160 9.432005 0.167552 1.403681 280.736233
 9.850000 1.819561 2.132145 0.312584 7.015780 8946.426347 1.911111 6.305293 1000.000000 1.894444 -0.385573 100.000000 5.919719 -400571.049232 1.475773 0.451473 90.294523 0.214791 2.306751 461.350219
 9.900000 1.856170 1.997420 0.141250 2.039462 3124.572993 1.911111 6.305293 1000.000000 1.894444 -0.385573 100.000000 5.919719 -400567.823977 1.447392 0.761432 152.286473 0.233036 2.715289 543.057841
 9.950000 1.848175 2.191517 0.343342 6.393076 4843.449200 1.911111 6.305293 1000.000000 1.894444 -0.385573 100.000000 5.919719 -400570.063398 1.561717 0.004122 0.824301 0.213563 2.280463 456.092584
 10.000000 1.895745 1.983857 0.088112 0.517782 316.048575 1.911111 6.305293 1000.000000 1.894444 -0.385573 100.000000 5.919719 -400564.308692 1.458381 0.631863 126.372555 0.124212 0.771435 154.287073
 10.050000 1.858448 2.161535 0.303087 4.953548 3486.728425 1.911111 6.305293 1000.000000 1.894444 -0.385573 100.000000 5.919719 -400571.173987 1.494596 0.290321 58.064147 0.261519 3.419612 683.922457
 10.100000 1.908132 1.967103 0.058971 0.268404 61.668221 1.911111 6.305293 1000.000000 1.894444 -0.385573 100.000000 5.919719 -400562.533535 1.498282 0.262915 52.582916 0.208070 2.164652 432.930458
 10.150000 1.872053 2.254630 0.382577 7.249445 2822.860957 1.911111 6.305293 1000.000000 1.894444 -0.385573 100.000000 5.919719 -400566.600090 1.421926 1.108125 221.625007 0.177434 1.574135 314.826935
 10.200000 1.873205 1.935565 0.062360 0.802993 1453.808579 1.911111 6.305293 1000.000000 1.894444 -0.385573 100.000000 5.919719 -400565.094058 1.512979 0.167143 33.428552 0.213969 2.289136 457.827191
 10.250000 1.843481 2.151524 0.308043 5.591387 5234.692960 1.911111 6.305293 1000.000000 1.894444 -0.385573 100.000000 5.919719 -400569.974571 1.518402 0.137256 27.451212 0.269927 3.643028 728.605676
 10.300000 1.925085 1.999652 0.074566 0.651069 305.964819 1.911111 6.305293 1000.000000 1.894444 -0.385573 100.000000 5.919719 -400561.660578 1.504107 0.222374 44.474883 0.106612 0.568306 113.661117
 10.350000 1.848714 2.306088 0.457374 10.419228 5587.887959 1.911111 6.305293 1000.000000 1.894444 -0.385573 100.000000 5.919719 -400571.206158 1.567374 0.000586 0.117155 0.062343 0.194332 38.866343
 10.400000 1.939589 2.109353 0.169764 2.714776 1272.842150 1.911111 6.305293 1000.000000 1.894444 -0.385573 100.000000 5.919719 -400563.977853 1.519263 0.132786 26.557279 0.099573 0.495740 99.148015
 10.450000 1.908559 2.098459 0.189900 2.084351 422.732616 1.911111 6.305293 1000.000000 1.894444 -0.385573 100.000000 5.919719 -400564.159659 1.509946 0.185138 37.027647 0.122737 0.753219 150.643813
 10.500000 1.869190 2.317594 0.448404 9.831458 3547.930576 1.911111 6.305293 1000.000000 1.894444 -0.385573 100.000000 5.919719 -400567.839256 1.612241 0.085883 17.176609 0.125966 0.793376 158.675166
 10.550000 1.879435 2.125292 0.245857 3.166207 1536.257137 1.911111 6.305293 1000.000000 1.894444 -0.385573 100.000000 5.919719 -400564.550926 1.523889 0.110015 22.002970 0.124525 0.775318 155.063535
 10.600000 1.903054 2.070597 0.167544 1.583955 375.220617 1.911111 6.305293 1000.000000 1.894444 -0.385573 100.000000 5.919719 -400565.603794 1.487193 0.349473 69.894678 0.174663 1.525352 305.070401
 10.650000 1.842540 2.082000 0.239460 4.109845 5053.744140 1.911111 6.305293 1000.000000 1.894444 -0.385573 100.000000 5.919719 -400562.778815 1.458566 0.629787 125.957411 0.270097 3.647609 729.521787
 10.700000 1.908537 2.064610 0.156073 1.451126 296.189796 1.911111 6.305293 1000.000000 1.894444 -0.385573 100.000000 5.919719 -400560.724324 1.502734 0.231622 46.324380 0.231535 2.680434 536.086855
 10.750000 1.904937 2.183050 0.278113 4.183728 871.054140 1.911111 6.305293 1000.000000 1.894444 -0.385573 100.000000 5.919719 -400562.356802 1.447628 0.758518 151.703697 0.139588 0.974241 194.848211
 10.800000 1.920249 2.229407 0.309158 5.651739 1205.499201 1.911111 6.305293 1000.000000 1.894444 -0.385573 100.000000 5.919719 -400568.132200 1.513915 0.161776 32.355115 0.130282 0.848664 169.732794
 10.850000 1.927053 1.923357 -0.003696 0.168871 262.505802 1.911111 6.305293 1000.000000 1.894444 -0.385573 100.000000 5.919719 -400560.255242 1.509720 0.186514 37.302871 0.269312 3.626449 725.289843
 10.900000 1.873205 2.093847 0.220642 2.706507 1834.499360 1.911111 6.305293 1000.000000 1.894444 -0.385573 100.000000 5.919719 -400568.145335 1.510732 0.180388 36.077548 0.346823 6.014325 1202.865054
 10.950000 1.885416 2.002063 0.116647 0.909214 776.074826 1.911111 6.305293 1000.000000 1.894444 -0.385573 100.000000 5.919719 -400564.072685 1.512963 0.167234 33.446749 0.157382 1.238454 247.690774
 11.000000 1.893266 2.248070 0.354804 6.411779 1568.967797 1.911111 6.305293 1000.000000 1.894444 -0.385573 100.000000 5.919719 -400569.930081 1.454111 0.680776 136.155150 0.078084 0.304854 60.970838
 11.050000 1.970699 2.123446 0.152747 4.397436 4075.109264 1.911111 6.305293 1000.000000 1.894444 -0.385573 100.000000 5.919719 -400564.959458 1.422790 1.095294 219.058772 0.054332 0.147601 29.520196
 11.100000 1.876464 2.131743 0.255279 3.415752 1763.555314 1.911111 6.305293 1000.000000 1.894444 -0.385573 100.000000 5.919719 -400563.463092 1.543575 0.037050 7.410053 0.158358 1.253865 250.772925
 11.150000 1.866922 2.141616 0.274694 4.031015 2563.597485 1.911111 6.305293 1000.000000 1.894444 -0.385573 100.000000 5.919719 -400566.719231 1.404832 1.377216 275.443215 0.238260 2.838391 567.678282
 11.200000 1.872261 1.952872 0.080611 0.925354 1543.463185 1.911111 6.305293 1000.000000 1.894444 -0.385573 100.000000 5.919719 -400563.740129 1.500713 0.245584 49.116889 0.194116 1.884046 376.809280
 11.250000 1.831538 2.214737 0.383199 8.295278 7357.708254 1.911111 6.305293 1000.000000 1.894444 -0.385573 100.000000 5.919719 -400568.297292 1.561642 0.004190 0.838009 0.221685 2.457211 491.442274
 11.300000 1.855785 2.010876 0.155091 2.208307 3196.540544 1.911111 6.305293 1000.000000 1.894444 -0.385573 100.000000 5.919719 -400563.770300 1.452515 0.699529 139.905866 0.136860 0.936537 187.307300
 11.350000 1.807746 2.191148 0.383402 9.743796 11564.625688 1.911111 6.305293 1000.000000 1.894444 -0.385573 100.000000 5.919719 -400571.289001 1.528970 0.087471 17.494132 0.234842 2.757538 551.507646
 11.400000 1.825731 2.012115 0.186385 4.337229 7428.276180 1.911111 6.305293 1000.000000 1.894444 -0.385573 100.000000 5.919719 -400564.688057 1.545919 0.030944 6.188714 0.203353 2.067623 413.524573
 11.450000 1.874490 2.124748 0.250257 3.322525 1871.494576 1.911111 6.305293 1000.000000 1.894444 -0.385573 100.000000 5.919719 -400566.134983 1.463324 0.577516 115.503123 0.156738 1.228343 245.668594
 11.500000 1.894884 2.095614 0.200730 2.155122 668.020265 1.911111 6.305293 1000.000000 1.894444 -0.385573 100.000000 5.919719 -400565.647152 1.507399 0.200960 40.192072 0.198819 1.976452 395.290494
 11.550000 1.867326 2.048828 0.181501 2.150261 2155.444232 1.911111 6.305293 1000.000000 1.894444 -0.385573 100.000000 5.919719 -400567.249286 1.469472 0.513334 102.666755 0.254146 3.229509 645.901724
 11.600000 1.927870 2.084131 0.156261 1.939469 640.660386 1.911111 6.305293 1000.000000 1.894444 -0.385573 100.000000 5.919719 -400565.385147 1.430891 0.978670 195.733918 0.219143 2.401181 480.236263
 11.650000 1.890796 2.046579 0.155783 1.363597 644.159624 1.911111 6.305293 1000.000000 1.894444 -0.385573 100.000000 5.919719 -400564.232791 1.554365 0.013499 2.699804 0.186278 1.734979 346.995784
 11.700000 1.874848 2.110592 0.235744 2.993484 1782.196373 1.911111 6.305293 1000.000000 1.894444 -0.385573 100.000000 5.919719 -400565.004957 1.442074 0.828478 165.695647 0.222064 2.465623 493.124638
 11.750000 1.863611 2.039952 0.176341 2.186737 2467.956675 1.911111 6.305293 1000.000000 1.894444 -0.385573 100.000000 5.919719 -400567.659000 1.493134 0.301574 60.314821 0.235656 2.776679 555.335839
 11.800000 1.890456 2.115879 0.225423 2.664984 916.980861 1.911111 6.305293 1000.000000 1.894444 -0.385573 100.000000 5.919719 -400564.989107 1.524810 0.105735 21.147096 0.212388 2.255440 451.087938
 11.850000 1.820096 2.115529 0.295433 6.585782 8772.527157 1.911111 6.305293 1000.000000 1.894444 -0.385573 100.000000 5.919719 -400569.090971 1.443449 0.810870 162.174094 0.200630 2.012614 402.522874
 11.900000 1.849540 2.017215 0.167676 2.649161 3941.780763 1.911111 6.305293 1000.000000 1.894444 -0.385573 100.000000 5.919719 -400566.725085 1.583399 0.007942 1.588335 0.214524 2.301022 460.204405
 11.950000 1.830948 2.187453 0.356505 7.505754 7284.642920 1.911111 6.305293 1000.000000 1.894444 -0.385573 100.000000 5.919719 -400570.138861 1.454829 0.672420 134.484071 0.230619 2.659250 531.849936
 12.000000 1.910305 1.949765 0.039460 0.153345 31.253861 1.911111 6.305293 1000.000000 1.894444 -0.385573 100.000000 5.919719 -400562.779239 1.406574 1.348447 269.689459 0.183009 1.674618 334.923693
 12.050000 1.878558 2.206607 0.328048 5.402106 2034.141196 1.911111 6.305293 1000.000000 1.894444 -0.385573 100.000000 5.919719 -400567.395485 1.584399 0.009251 1.850288 0.235364 2.769803 553.960683
 12.100000 1.899325 1.981770 0.082445 0.450745 215.164926 1.911111 6.305293 1000.000000 1.894444 -0.385573 100.000000 5.919719 -400565.465302 1.427127 1.032048 206.409519 0.221618 2.455718 491.143503
 12.150000 1.881982 2.087571 0.205589 2.289140 1221.476002 1.911111 6.305293 1000.000000 1.894444 -0.385573 100.000000 5.919719 -400567.091272 1.503370 0.227317 45.463377 0.221574 2.454746 490.949266
 12.200000 1.895109 2.153560 0.258451 3.485070 927.474575 1.911111 6.305293 1000.000000 1.894444 -0.385573 100.000000 5.919719 -400567.668118 1.492272 0.308304 61.660741 0.193000 1.862448 372.489630
 12.250000 1.834888 1.995405 0.160517 3.414653 5911.938809 1.911111 6.305293 1000.000000 1.894444 -0.385573 100.000000 5.919719 -400565.973614 1.429232 1.002022 200.404361 0.223414 2.495689 499.137753
 12.300000 1.839715 2.152428 0.312713 5.876463 5762.909436 1.911111 6.305293 1000.000000 1.894444 -0.385573 100.000000 5.919719 -400569.661941 1.565462 0.001423 0.284593 0.247183 3.054970 610.993916
 12.350000 1.839800 2.079589 0.239789 4.256582 5428.104780 1.911111 6.305293 1000.000000 1.894444 -0.385573 100.000000 5.919719 -400567.177626 1.511120 0.178064 35.612803 0.184916 1.709703 341.940670
 12.400000 1.878722 2.067754 0.189032 2.026337 1349.407601 1.911111 6.305293 1000.000000 1.894444 -0.385573 100.000000 5.919719 -400564.357087 1.466999 0.538695 107.739009 0.193626 1.874549 374.909711
 12.450000 1.859339 2.117544 0.258205 3.828844 3178.094809 1.911111 6.305293 1000.000000 1.894444 -0.385573 100.000000 5.919719 -400567.586931 1.515854 0.150932 30.186489 0.234442 2.748154 549.630784
 12.500000 1.929879 1.963357 0.033478 0.413568 399.731375 1.911111 6.305293 1000.000000 1.894444 -0.385573 100.000000 5.919719 -400565.395049 1.424684 1.067446 213.489297 0.194992 1.901085 380.216925
 12.550000 1.904985 2.169363 0.264378 3.797778 793.329477 1.911111 6.305293 1000.000000 1.894444 -0.385573 100.000000 5.919719 -400563.976982 1.498988 0.257819 51.563823 0.188416 1.775021 355.004231
 12.600000 1.885737 1.983155 0.097418 0.715391 722.518861 1.911111 6.305293 1000.000000 1.894444 -0.385573 100.000000 5.919719 -400562.291497 1.538696 0.051520 10.304046 0.179926 1.618671 323.734260
 12.650000 1.875497 2.122323 0.246827 3.230638 1787.683018 1.911111 6.305293 1000.000000 1.894444 -0.385573 100.000000 5.919719 -400569.253364 1.407451 1.334081 266.816143 0.268095 3.593753 718.750670
 12.700000 1.901555 2.036019 0.134465 1.047837 291.761022 1.911111 6.305293 1000.000000 1.894444 -0.385573 100.000000 5.919719 -400565.162488 1.503394 0.227151 45.430266 0.196582 1.932227 386.445344
 12.750000 1.879306 2.139228 0.259922 3.501733 1610.735498 1.911111 6.305293 1000.000000 1.894444 -0.385573 100.000000 5.919719 -400568.152455 1.499614 0.253346 50.669112 0.183973 1.692297 338.459419
 12.800000 1.859877 2.049741 0.189864 2.518324 2866.104446 1.911111 6.305293 1000.000000 1.894444 -0.385573 100.000000 5.919719 -400566.986351 1.436372 0.903492 180.698427 0.224094 2.510911 502.182110
 12.850000 1.834655 2.056946 0.222291 4.243118 6109.621552 1.911111 6.305293 1000.000000 1.894444 -0.385573 100.000000 5.919719 -400566.791740 1.586225 0.011903 2.380539 0.214070 2.291302 458.260343
 12.900000 1.862720 2.170852 0.308132 4.990914 3105.744251 1.911111 6.305293 1000.000000 1.894444 -0.385573 100.000000 5.919719 -400568.030211 1.457660 0.639989 127.997759 0.176969 1.565900 313.180011
 12.950000 1.864852 2.014206 0.149354 1.787093 2283.323101 1.911111 6.305293 1000.000000 1.894444 -0.385573 100.000000 5.919719 -400566.473608 1.432687 0.953714 190.742806 0.203879 2.078338 415.667594
 13.000000 1.915261 2.148291 0.233030 3.230517 661.601448 1.911111 6.305293 1000.000000 1.894444 -0.385573 100.000000 5.919719 -400562.306110 1.544380 0.034890 6.977980 0.272403 3.710176 742.035261
 13.050000 1.891116 1.978347 0.087231 0.551887 470.204290 1.911111 6.305293 1000.000000 1.894444 -0.385573 100.000000 5.919719 -400562.916386 1.460203 0.611547 122.309374 0.176256 1.553307 310.661482
 13.100000 1.911691 2.170678 0.258987 3.815406 763.383533 1.911111 6.305293 1000.000000 1.894444 -0.385573 100.000000 5.919719 -400563.362543 1.514571 0.158063 31.612695 0.183596 1.685383 337.076578
 13.150000 1.882551 2.006824 0.124272 1.039288 941.955418 1.911111 6.305293 1000.000000 1.894444 -0.385573 100.000000 5.919719 -400564.908612 1.472068 0.487364 97.472795 0.191462 1.832881 366.576136
 13.200000 1.867450 2.089922 0.222472 2.863729 2288.418416 1.911111 6.305293 1000.000000 1.894444 -0.385573 100.000000 5.919719 -400568.070519 1.439178 0.866168 173.233673 0.244928 2.999489 599.897893
 13.250000 1.879849 2.089930 0.210081 2.399402 1359.489410 1.911111 6.305293 1000.000000 1.894444 -0.385573 100.000000 5.919719 -400565.749054 1.519386 0.132152 26.430471 0.180879 1.635860 327.172090
 13.300000 1.855782 2.093641 0.237859 3.514641 3458.151947 1.911111 6.305293 1000.000000 1.894444 -0.385573 100.000000 5.919719 -400567.768163 1.545148 0.032891 6.578252 0.193040 1.863230 372.645909
 13.350000 1.831169 2.090829 0.259661 5.123738 6776.441832 1.911111 6.305293 1000.000000 1.894444 -0.385573 100.000000 5.919719 -400567.983048 1.444376 0.799104 159.820716 0.222904 2.484306 496.861207
 13.400000 1.840266 2.094973 0.254707 4.520100 5421.154243 1.911111 6.305293 1000.000000 1.894444 -0.385573 100.000000 5.919719 -400564.260061 1.507729 0.198874 39.774764 0.199605 1.992102 398.420393
 13.450000 1.880282 2.097679 0.217397 2.540433 1363.482177 1.911111 6.305293 1000.000000 1.894444 -0.385573 100.000000 5.919719 -400565.689037 1.474875 0.460046 92.009219 0.164629 1.355134 271.026864
 13.500000 1.838858 2.075936 0.237077 4.257187 5549.862045 1.911111 6.305293 1000.000000 1.894444 -0.385573 100.000000 5.919719 -400569.425285 1.498793 0.259225 51.845036 0.227307 2.583413 516.682535
 13.550000 1.898759 2.028191 0.129432 0.970692 331.452553 1.911111 6.305293 1000.000000 1.894444 -0.385573 100.000000 5.919719 -400563.272696 1.506944 0.203858 40.771543 0.226635 2.568174 513.634784
 13.600000 1.913844 2.117303 0.203458 2.487029 504.129647 1.911111 6.305293 1000.000000 1.894444 -0.385573 100.000000 5.919719 -400562.687909 1.505909 0.210519 42.103809 0.182887 1.672380 334.476040
 13.650000 1.908127 2.019933 0.111806 0.791822 166.381193 1.911111 6.305293 1000.000000 1.894444 -0.385573 100.000000 5.919719 -400565.334048 1.424936 1.063757 212.751340 0.198322 1.966581 393.316167
 13.700000 1.847026 2.146546 0.299520 5.231211 4742.468461 1.911111 6.305293 1000.000000 1.894444 -0.385573 100.000000 5.919719 -400565.998091 1.515643 0.152097 30.419409 0.255586 3.266198 653.239605
 13.750000 1.868401 1.989418 0.121017 1.363077 1914.364765 1.911111 6.305293 1000.000000 1.894444 -0.385573 100.000000 5.919719 -400563.822417 1.446384 0.773920 154.783989 0.188211 1.771166 354.233122
 13.800000 1.847882 2.167578 0.319697 5.729088 4743.979569 1.911111 6.305293 1000.000000 1.894444 -0.385573 100.000000 5.919719 -400565.876162 1.503844 0.224129 44.825766 0.170548 1.454329 290.865803
 13.850000 1.839689 2.040415 0.200726 3.615900 5314.124294 1.911111 6.305293 1000.000000 1.894444 -0.385573 100.000000 5.919719 -400560.024994 1.585199 0.010372 2.074486 0.213085 2.270253 454.050598
 13.900000 1.821937 2.069078 0.247142 5.500900 8257.078400 1.911111 6.305293 1000.000000 1.894444 -0.385573 100.000000 5.919719 -400568.939262 1.473741 0.470991 94.198113 0.254204 3.230977 646.195348
 13.950000 1.858665 2.110959 0.252293 3.719209 3219.363646 1.911111 6.305293 1000.000000 1.894444 -0.385573 100.000000 5.919719 -400563.083159 1.494404 0.291789 58.357756 0.166406 1.384550 276.909997
 14.000000 1.851434 2.119938 0.268503 4.323007 4069.772538 1.911111 6.305293 1000.000000 1.894444 -0.385573 100.000000 5.919719 -400565.085589 1.508131 0.196347 39.269485 0.202495 2.050213 410.042596
 14.050000 1.900844 1.997295 0.096451 0.581619 211.192498 1.911111 6.305293 1000.000000 1.894444 -0.385573 100.000000 5.919719 -400559.192781 1.447073 0.765374 153.074762 0.214708 2.304967 460.993491
 14.100000 1.919155 2.081980 0.162825 1.790836 416.401366 1.911111 6.305293 1000.000000 1.894444 -0.385573 100.000000 5.919719 -400565.744915 1.524628 0.106577 21.315403 0.202705 2.054473 410.894582
 14.150000 1.902710 2.053104 0.150394 1.293935 322.302770 1.911111 6.305293 1000.000000 1.894444 -0.385573 100.000000 5.919719 -400565.351152 1.457826 0.638120 127.623917 0.181821 1.652937 330.587399
 14.200000 1.870732 2.092107 0.221375 2.768760 2021.177382 1.911111 6.305293 1000.000000 1.894444 -0.385573 100.000000 5.919719 -400568.110877 1.455307 0.666891 133.378229 0.247930 3.073466 614.693220
 14.250000 1.892472 2.018604 0.126132 0.944492 501.585420 1.911111 6.305293 1000.000000 1.894444 -0.385573 100.000000 5.919719 -400565.873100 1.494295 0.292622 58.524389 0.201966 2.039517 407.903387
 14.300000 1.836853 2.150423 0.313570 6.033375 6169.515395 1.911111 6.305293 1000.000000 1.894444 -0.385573 100.000000 5.919719 -400568.450997 1.536526 0.058723 11.744648 0.178911 1.600462 320.092305
 14.350000 1.838886 2.025425 0.186540 3.466065 5388.087143 1.911111 6.305293 1000.000000 1.894444 -0.385573 100.000000 5.919719 -400565.232202 1.519793 0.130067 26.013387 0.163589 1.338066 267.613288
 14.400000 1.799839 2.161498 0.361658 9.756567 13094.557922 1.911111 6.305293 1000.000000 1.894444 -0.385573 100.000000 5.919719 -400571.180249 1.535071 0.063817 12.763305 0.228702 2.615229 523.045735
 14.450000 1.886557 1.993950 0.107392 0.796511 701.906034 1.911111 6.305293 1000.000000 1.894444 -0.385573 100.000000 5.919719 -400560.341763 1.456398 0.654352 130.870451 0.175666 1.542930 308.586056
 14.500000 1.838246 2.210897 0.372651 7.661764 6310.711693 1.911111 6.305293 1000.000000 1.894444 -0.385573 100.000000 5.919719 -400566.797193 1.455625 0.663222 132.644418 0.220514 2.431314 486.262833
 14.550000 1.907971 1.924242 0.016271 0.049325 18.740793 1.911111 6.305293 1000.000000 1.894444 -0.385573 100.000000 5.919719 -400562.935541 1.488947 0.334968 66.993677 0.199521 1.990425 398.085055
 14.600000 1.905954 2.127077 0.221123 2.719189 567.770220 1.911111 6.305293 1000.000000 1.894444 -0.385573 100.000000 5.919719 -400563.656086 1.462314 0.588422 117.684458 0.238864 2.852802 570.560406
 14.650000 1.934366 1.982960 0.048594 0.662133 619.122994 1.911111 6.305293 1000.000000 1.894444 -0.385573 100.000000 5.919719 -400559.817102 1.494530 0.290824 58.164775 0.141220 0.997155 199.430970
 14.700000 1.883792 2.135324 0.251532 3.274303 1326.555486 1.911111 6.305293 1000.000000 1.894444 -0.385573 100.000000 5.919719 -400565.487311 1.488924 0.335150 67.030097 0.233132 2.717526 543.505235
 14.750000 1.858984 1.998054 0.139070 1.895355 2824.560312 1.911111 6.305293 1000.000000 1.894444 -0.385573 100.000000 5.919719 -400565.464477 1.458202 0.633875 126.774918 0.224928 2.529637 505.927337
 14.800000 1.847562 2.156117 0.308555 5.442875 4723.236226 1.911111 6.305293 1000.000000 1.894444 -0.385573 100.000000 5.919719 -400570.792173 1.493912 0.295563 59.112606 0.215528 2.322623 464.524520
 14.850000 1.861194 2.058281 0.197087 2.587968 2760.128376 1.911111 6.305293 1000.000000 1.894444 -0.385573 100.000000 5.919719 -400565.661465 1.512763 0.168395 33.678946 0.150972 1.139626 227.925203
 14.900000 1.828586 2.121227 0.292641 5.976735 7324.747103 1.911111 6.305293 1000.000000 1.894444 -0.385573 100.000000 5.919719 -400566.231981 1.536029 0.060439 12.087766 0.234342 2.745810 549.162092
 14.950000 1.866310 2.042930 0.176620 2.105955 2227.585530 1.911111 6.305293 1000.000000 1.894444 -0.385573 100.000000 5.919719 -400564.961964 1.505479 0.213320 42.664043 0.194057 1.882901 376.580223
 15.000000 1.855546 2.147558 0.292012 4.747072 3728.141457 1.911111 6.305293 1000.000000 1.894444 -0.385573 100.000000 5.919719 -400568.726424 1.456278 0.655717 131.143351 0.209608 2.196784 439.356822
 15.050000 1.885607 2.030759 0.145152 1.254313 836.280272 1.911111 6.305293 1000.000000 1.894444 -0.385573 100.000000 5.919719 -400564.545901 1.452260 0.702545 140.508961 0.195392 1.908906 381.781218
 15.100000 1.893624 2.123740 0.230116 2.781729 831.556495 1.911111 6.305293 1000.000000 1.894444 -0.385573 100.000000 5.919719 -400565.267838 1.550345 0.020913 4.182601 0.269670 3.636102 727.220411
 15.150000 1.930036 1.973941 0.043906 0.495061 421.342769 1.911111 6.305293 1000.000000 1.894444 -0.385573 100.000000 5.919719 -400560.786317 1.457506 0.641732 128.346330 0.173388 1.503164 300.632777
 15.200000 1.851714 2.182747 0.331033 5.919945 4359.242620 1.911111 6.305293 1000.000000 1.894444 -0.385573 100.000000 5.919719 -400568.396636 1.525555 0.102340 20.467957 0.206947 2.141352 428.270385
 15.250000 1.887429 1.973225 0.085796 0.590739 622.906078 1.911111 6.305293 1000.000000 1.894444 -0.385573 100.000000 5.919719 -400564.334345 1.471689 0.491117 98.223427 0.198890 1.977865 395.572919
 15.300000 1.851472 2.171863 0.320390 5.626428 4326.383583 1.911111 6.305293 1000.000000 1.894444 -0.385573 100.000000 5.919719 -400566.837496 1.463954 0.570763 114.152515 0.247328 3.058566 611.713106
 15.350000 1.880918 1.996152 0.115234 0.973033 1015.070090 1.911111 6.305293 1000.000000 1.894444 -0.385573 100.000000 5.919719 -400559.365993 1.511976 0.172989 34.597817 0.161803 1.309015 261.802927
 15.400000 1.836340 2.234407 0.398066 8.574044 6746.410303 1.911111 6.305293 1000.000000 1.894444 -0.385573 100.000000 5.919719 -400568.634285 1.514461 0.158683 31.736633 0.226331 2.561280 512.256036
 15.450000 1.853648 1.942371 0.088722 1.765821 3324.921007 1.911111 6.305293 1000.000000 1.894444 -0.385573 100.000000 5.919719 -400562.119654 1.527517 0.093653 18.730593 0.186258 1.734594 346.918747
 15.500000 1.840012 2.199698 0.359685 7.186501 5986.838766 1.911111 6.305293 1000.000000 1.894444 -0.385573 100.000000 5.919719 -400571.440902 1.524631 0.106560 21.311997 0.218943 2.396803 479.360611
 15.550000 1.841456 2.032240 0.190784 3.375328 5041.771154 1.911111 6.305293 1000.000000 1.894444 -0.385573 100.000000 5.919719 -400566.404230 1.464465 0.565322 113.064433 0.147738 1.091321 218.264123
 15.600000 1.861550 2.126177 0.264627 3.913148 2993.311544 1.911111 6.305293 1000.000000 1.894444 -0.385573 100.000000 5.919719 -400568.449509 1.456142 0.657276 131.455258 0.217801 2.371872 474.374498
 15.650000 1.898523 2.059988 0.161464 1.449451 432.494390 1.911111 6.305293 1000.000000 1.894444 -0.385573 100.000000 5.919719 -400564.962208 1.502930 0.230294 46.058874 0.196774 1.935991 387.198280
 15.700000 1.891477 2.046373 0.154896 1.346862 616.307028 1.911111 6.305293 1000.000000 1.894444 -0.385573 100.000000 5.919719 -400563.574607 1.492076 0.309842 61.968445 0.210740 2.220561 444.112247
 15.750000 1.880888 2.124051 0.243163 3.092676 1440.633154 1.911111 6.305293 1000.000000 1.894444 -0.385573 100.000000 5.919719 -400568.031546 1.459121 0.623569 124.713877 0.217057 2.355679 471.135877
 15.800000 1.905268 2.015486 0.110219 0.749630 180.657699 1.911111 6.305293 1000.000000 1.894444 -0.385573 100.000000 5.919719 -400562.941360 1.464978 0.559874 111.974840 0.224471 2.519372 503.874448
 15.850000 1.888819 2.099589 0.210770 2.352687 917.769558 1.911111 6.305293 1000.000000 1.894444 -0.385573 100.000000 5.919719 -400565.498836 1.457862 0.637705 127.541071 0.208097 2.165224 433.044742
 15.900000 1.861533 2.084403 0.222870 3.033202 2818.822392 1.911111 6.305293 1000.000000 1.894444 -0.385573 100.000000 5.919719 -400566.382155 1.554367 0.013496 2.699164 0.176343 1.554846 310.969108
 15.950000 1.867556 2.053706 0.186150 2.216739 2150.703833 1.911111 6.305293 1000.000000 1.894444 -0.385573 100.000000 5.919719 -400565.832305 1.480046 0.411780 82.356091 0.201104 2.022132 404.426314
 16.000000 1.825069 2.137773 0.312703 6.662020 7995.265785 1.911111 6.305293 1000.000000 1.894444 -0.385573 100.000000 5.919719 -400569.206853 1.504135 0.222188 44.437693 0.235904 2.782538 556.507552
 16.050000 1.872853 2.039357 0.166503 1.781812 1673.663391 1.911111 6.305293 1000.000000 1.894444 -0.385573 100.000000 5.919719 -400564.757840 1.532853 0.071984 14.396829 0.178490 1.592936 318.587250
 16.100000 1.880263 2.120703 0.240440 3.035450 1463.524410 1.911111 6.305293 1000.000000 1.894444 -0.385573 100.000000 5.919719 -400566.044950 1.475047 0.458400 91.679984 0.192510 1.852998 370.599546
 16.150000 1.917591 2.015371 0.097780 0.752162 188.222236 1.911111 6.305293 1000.000000 1.894444 -0.385573 100.000000 5.919719 -400564.939760 1.481443 0.399201 79.840189 0.217390 2.362930 472.586093
 16.200000 1.865928 2.105332 0.239404 3.244448 2486.289552 1.911111 6.305293 1000.000000 1.894444 -0.385573 100.000000 5.919719 -400565.580176 1.429165 1.002976 200.595215 0.262204 3.437534 687.506891
 16.250000 1.922750 2.032611 0.109862 1.022228 326.352577 1.911111 6.305293 1000.000000 1.894444 -0.385573 100.000000 5.919719 -400562.151858 1.466251 0.546490 109.297993 0.160309 1.284941 256.988199
 16.300000 1.912905 2.107037 0.194132 2.261398 455.176016 1.911111 6.305293 1000.000000 1.894444 -0.385573 100.000000 5.919719 -400559.870300 1.553632 0.014730 2.945975 0.177909 1.582575 316.515084
 16.350000 1.843981 2.110017 0.266036 4.576821 4971.206041 1.911111 6.305293 1000.000000 1.894444 -0.385573 100.000000 5.919719 -400568.854871 1.434426 0.929840 185.967960 0.223955 2.507799 501.559813
 16.400000 1.903583 1.997485 0.093902 0.559203 162.839886 1.911111 6.305293 1000.000000 1.894444 -0.385573 100.000000 5.919719 -400562.176270 1.509170 0.189892 37.978452 0.223548 2.498679 499.735847
 16.450000 1.861043 2.116441 0.255398 3.717545 2999.667541 1.911111 6.305293 1000.000000 1.894444 -0.385573 100.000000 5.919719 -400566.713088 1.526875 0.096456 19.291159 0.198683 1.973754 394.750734
 16.500000 1.853980 2.095869 0.241889 3.660585 3669.704758 1.911111 6.305293 1000.000000 1.894444 -0.385573 100.000000 5.919719 -400566.046658 1.520773 0.125118 25.023503 0.152452 1.162087 232.417344
 16.550000 1.865112 2.053636 0.188525 2.325080 2369.379711 1.911111 6.305293 1000.000000 1.894444 -0.385573 100.000000 5.919719 -400566.868122 1.487834 0.344133 68.826699 0.218654 2.390475 478.094926
 16.600000 1.893356 2.099638 0.206282 2.262837 736.287829 1.911111 6.305293 1000.000000 1.894444 -0.385573 100.000000 5.919719 -400564.533218 1.502050 0.236305 47.261041 0.238766 2.850469 570.093700
 16.650000 1.854300 2.078491 0.224192 3.307429 3566.263290 1.911111 6.305293 1000.000000 1.894444 -0.385573 100.000000 5.919719 -400564.585934 1.490664 0.321056 64.211157 0.164865 1.359021 271.804116
 16.700000 1.885739 2.095221 0.209482 2.337434 1046.865932 1.911111 6.305293 1000.000000 1.894444 -0.385573 100.000000 5.919719 -400563.070026 1.455081 0.669498 133.899544 0.203260 2.065733 413.146534
 16.750000 1.855666 2.110706 0.255040 3.875522 3541.812604 1.911111 6.305293 1000.000000 1.894444 -0.385573 100.000000 5.919719 -400565.182294 1.562484 0.003455 0.690987 0.219524 2.409550 481.910037
 16.800000 1.863020 2.021649 0.158628 1.965407 2474.536281 1.911111 6.305293 1000.000000 1.894444 -0.385573 100.000000 5.919719 -400566.034941 1.459606 0.618160 123.631956 0.202081 2.041831 408.366251
 16.850000 1.870225 2.182188 0.311964 4.975670 2499.646673 1.911111 6.305293 1000.000000 1.894444 -0.385573 100.000000 5.919719 -400568.564743 1.483110 0.384446 76.889230 0.204329 2.087508 417.501693
 16.900000 1.903228 1.984745 0.081517 0.438779 143.678234 1.911111 6.305293 1000.000000 1.894444 -0.385573 100.000000 5.919719 -400561.555414 1.498784 0.259288 51.857509 0.218119 2.378804 475.760787
 16.950000 1.897174 2.072155 0.174981 1.676171 510.053311 1.911111 6.305293 1000.000000 1.894444 -0.385573 100.000000 5.919719 -400565.209444 1.479397 0.417688 83.537651 0.265174 3.515873 703.174581
 17.000000 1.900908 2.102160 0.201251 2.209328 535.549675 1.911111 6.305293 1000.000000 1.894444 -0.385573 100.000000 5.919719 -400564.206813 1.529299 0.086103 17.220635 0.162223 1.315816 263.163170
 17.050000 1.893311 2.079757 0.186446 1.875466 660.259371 1.911111 6.305293 1000.000000 1.894444 -0.385573 100.000000 5.919719 -400564.228780 1.492603 0.305710 61.142029 0.197078 1.941991 388.398128
 17.100000 1.863813 2.075479 0.211666 2.757246 2564.875881 1.911111 6.305293 1000.000000 1.894444 -0.385573 100.000000 5.919719 -400568.863121 1.473116 0.477069 95.413864 0.262050 3.433511 686.702171
 17.150000 1.849062 2.045350 0.196289 3.063694 4077.859347 1.911111 6.305293 1000.000000 1.894444 -0.385573 100.000000 5.919719 -400564.471957 1.539211 0.049882 9.976302 0.214539 2.301355 460.270935
 17.200000 1.866048 2.168566 0.302519 4.772497 2782.144501 1.911111 6.305293 1000.000000 1.894444 -0.385573 100.000000 5.919719 -400567.179171 1.503508 0.226386 45.277101 0.169901 1.443318 288.663544
 17.250000 1.871379 1.999436 0.128057 1.340468 1688.837186 1.911111 6.305293 1000.000000 1.894444 -0.385573 100.000000 5.919719 -400563.797825 1.530797 0.079997 15.999368 0.228864 2.618941 523.788120
 17.300000 1.855727 2.116078 0.260350 3.989751 3558.590578 1.911111 6.305293 1000.000000 1.894444 -0.385573 100.000000 5.919719 -400568.777518 1.484664 0.370941 74.188175 0.245493 3.013334 602.666875
 17.350000 1.874531 2.088696 0.214166 2.555749 1715.458376 1.911111 6.305293 1000.000000 1.894444 -0.385573 100.000000 5.919719 -400566.518083 1.458079 0.635262 127.052345 0.186005 1.729897 345.979384
 17.400000 1.889017 2.063896 0.174879 1.679765 775.284113 1.911111 6.305293 1000.000000 1.894444 -0.385573 100.000000 5.919719 -400566.569928 1.454734 0.673519 134.703850 0.164089 1.346258 269.251502
 17.450000 1.900988 2.096024 0.195036 2.082959 508.822588 1.911111 6.305293 1000.000000 1.894444 -0.385573 100.000000 5.919719 -400567.389790 1.522198 0.118092 23.618396 0.251658 3.166579 633.315831
 17.500000 1.886199 1.986101 0.099902 0.730360 704.643264 1.911111 6.305293 1000.000000 1.894444 -0.385573 100.000000 5.919719 -400563.032885 1.472548 0.482633 96.526636 0.210128 2.207688 441.537687
 17.550000 1.938277 2.151260 0.212983 3.666690 1397.516673 1.911111 6.305293 1000.000000 1.894444 -0.385573 100.000000 5.919719 -400565.671774 1.424415 1.071381 214.276239 0.197227 1.944925 388.985076
 17.600000 1.921893 1.978991 0.057098 0.415525 187.723880 1.911111 6.305293 1000.000000 1.894444 -0.385573 100.000000 5.919719 -400561.657819 1.515684 0.151869 30.373729 0.171975 1.478765 295.752979
 17.650000 1.847861 2.216600 0.368739 7.189487 5038.401970 1.911111 6.305293 1000.000000 1.894444 -0.385573 100.000000 5.919719 -400570.765910 1.438083 0.880641 176.128251 0.270745 3.665142 733.028381
 17.700000 1.860375 1.962140 0.101766 1.516232 2620.018776 1.911111 6.305293 1000.000000 1.894444 -0.385573 100.000000 5.919719 -400563.862804 1.466886 0.539870 107.974070 0.177079 1.567841 313.568144
 17.750000 1.885485 2.208119 0.322634 5.247935 1640.611579 1.911111 6.305293 1000.000000 1.894444 -0.385573 100.000000 5.919719 -400564.539316 1.603547 0.053630 10.725961 0.174986 1.530998 306.199660
 17.800000 1.841519 1.983098 0.141578 2.814473 4921.597810 1.911111 6.305293 1000.000000 1.894444 -0.385573 100.000000 5.919719 -400562.911890 1.447501 0.760081 152.016154 0.193933 1.880492 376.098492
 17.850000 1.847589 2.120190 0.272601 4.565588 4544.667564 1.911111 6.305293 1000.000000 1.894444 -0.385573 100.000000 5.919719 -400568.965585 1.565160 0.001588 0.317642 0.266343 3.546933 709.386569
 17.900000 1.880989 2.101147 0.220157 2.589952 1334.572758 1.911111 6.305293 1000.000000 1.894444 -0.385573 100.000000 5.919719 -400565.997104 1.470496 0.503006 100.601250 0.180392 1.627061 325.412280
 17.950000 1.889516 2.099309 0.209792 2.331637 886.026035 1.911111 6.305293 1000.000000 1.894444 -0.385573 100.000000 5.919719 -400564.782447 1.395975 1.528117 305.623424 0.217042 2.355362 471.072455
 18.000000 1.874535 2.084969 0.210434 2.483886 1700.803178 1.911111 6.305293 1000.000000 1.894444 -0.385573 100.000000 5.919719 -400564.444104 1.562820 0.003181 0.636275 0.241566 2.917716 583.543207
 18.050000 1.855655 2.008825 0.153170 2.191844 3206.221261 1.911111 6.305293 1000.000000 1.894444 -0.385573 100.000000 5.919719 -400563.754865 1.459864 0.615299 123.059767 0.262933 3.456699 691.339706
 18.100000 1.881183 2.132451 0.251268 3.280208 1462.157497 1.911111 6.305293 1000.000000 1.894444 -0.385573 100.000000 5.919719 -400562.143537 1.522970 0.114369 22.873876 0.169026 1.428493 285.698571
 18.150000 1.896604 2.135101 0.238497 3.001007 789.599751 1.911111 6.305293 1000.000000 1.894444 -0.385573 100.000000 5.919719 -400566.404034 1.497129 0.271347 54.269441 0.215966 2.332065 466.413029
 18.200000 1.892017 1.978393 0.086376 0.534654 435.042229 1.911111 6.305293 1000.000000 1.894444 -0.385573 100.000000 5.919719 -400562.729437 1.439077 0.867500 173.499926 0.243191 2.957100 591.419995
 18.250000 1.849738 2.225147 0.375409 7.351524 4860.300138 1.911111 6.305293 1000.000000 1.894444 -0.385573 100.000000 5.919719 -400567.739067 1.544706 0.034036 6.807175 0.272092 3.701704 740.340823
 18.300000 1.897367 1.960046 0.062679 0.309630 231.934713 1.911111 6.305293 1000.000000 1.894444 -0.385573 100.000000 5.919719 -400561.917441 1.534573 0.065608 13.121642 0.097246 0.472843 94.568699
 18.350000 1.857198 2.305243 0.448045 9.891070 4594.137910 1.911111 6.305293 1000.000000 1.894444 -0.385573 100.000000 5.919719 -400571.931330 1.514174 0.160304 32.060817 0.087312 0.381167 76.233377
 18.400000 1.915627 2.133125 0.217498 2.858626 590.081640 1.911111 6.305293 1000.000000 1.894444 -0.385573 100.000000 5.919719 -400563.232827 1.566113 0.001096 0.219296 0.029174 0.042557 8.511340
 18.450000 1.870993 2.196511 0.325518 5.366947 2521.933101 1.911111 6.305293 1000.000000 1.894444 -0.385573 100.000000 5.919719 -400565.302473 1.551621 0.018385 3.677081 0.137209 0.941321 188.264124
 18.500000 1.843218 2.237048 0.393830 8.173577 5783.224597 1.911111 6.305293 1000.000000 1.894444 -0.385573 100.000000 5.919719 -400567.767837 1.540014 0.047377 9.475346 0.059444 0.176679 35.335750
 18.550000 1.884573 2.180634 0.296061 4.447369 1523.335661 1.911111 6.305293 1000.000000 1.894444 -0.385573 100.000000 5.919719 -400566.757417 1.569395 0.000098 0.019650 0.093494 0.437053 87.410675
 18.600000 1.866161 2.114743 0.248582 3.436834 2505.830815 1.911111 6.305293 1000.000000 1.894444 -0.385573 100.000000 5.919719 -400564.620404 1.487599 0.346089 69.217822 0.100813 0.508160 101.631946
 18.650000 1.936665 2.213691 0.277026 5.422445 1672.210635 1.911111 6.305293 1000.000000 1.894444 -0.385573 100.000000 5.919719 -400566.423294 1.450982 0.717778 143.555532 0.054946 0.150954 30.190870
 18.700000 1.901570 2.167588 0.266018 3.775887 837.108917 1.911111 6.305293 1000.000000 1.894444 -0.385573 100.000000 5.919719 -400565.383132 1.491512 0.314302 62.860472 0.088286 0.389721 77.944265
 18.750000 1.977371 2.076082 0.098711 3.844776 4720.257903 1.911111 6.305293 1000.000000 1.894444 -0.385573 100.000000 5.919719 -400564.091019 1.545171 0.032833 6.566687 0.089881 0.403926 80.785129
 18.800000 1.849150 2.301416 0.452266 10.200894 5495.483967 1.911111 6.305293 1000.000000 1.894444 -0.385573 100.000000 5.919719 -400568.078102 1.485015 0.367919 73.583771 0.099106 0.491098 98.219673
 18.850000 1.951904 2.008342 0.056438 1.480652 1793.774192 1.911111 6.305293 1000.000000 1.894444 -0.385573 100.000000 5.919719 -400560.299170 1.495289 0.285064 57.012898 0.118658 0.703981 140.796269
 18.900000 1.873177 2.281859 0.408682 8.224013 2939.907505 1.911111 6.305293 1000.000000 1.894444 -0.385573 100.000000 5.919719 -400565.307308 1.594642 0.028431 5.686286 0.065073 0.211726 42.345289
 18.950000 1.881838 2.206791 0.324953 5.306475 1832.526531 1.911111 6.305293 1000.000000 1.894444 -0.385573 100.000000 5.919719 -400568.946629 1.481540 0.398336 79.667205 0.057600 0.165890 33.178018
 19.000000 1.892657 2.109398 0.216740 2.480517 802.590359 1.911111 6.305293 1000.000000 1.894444 -0.385573 100.000000 5.919719 -400566.784759 1.475290 0.456074 91.214824 0.139575 0.974063 194.812695
 19.050000 1.897885 2.132881 0.234995 2.930050 743.437259 1.911111 6.305293 1000.000000 1.894444 -0.385573 100.000000 5.919719 -400562.238346 1.529667 0.084582 16.916497 0.175842 1.546023 309.204695
 19.100000 1.901473 2.101047 0.199573 2.180666 519.732197 1.911111 6.305293 1000.000000 1.894444 -0.385573 100.000000 5.919719 -400563.023213 1.469691 0.511110 102.221961 0.295213 4.357525 871.504908
 19.150000 1.892948 1.971965 0.079017 0.465424 389.997692 1.911111 6.305293 1000.000000 1.894444 -0.385573 100.000000 5.919719 -400562.370067 1.476610 0.443556 88.711241 0.216269 2.338622 467.724479
 19.200000 1.901856 2.183905 0.282049 4.232201 923.537847 1.911111 6.305293 1000.000000 1.894444 -0.385573 100.000000 5.919719 -400565.941887 1.534787 0.064834 12.966867 0.171342 1.467902 293.580358
 19.250000 1.880223 2.020179 0.139956 1.267489 1112.155889 1.911111 6.305293 1000.000000 1.894444 -0.385573 100.000000 5.919719 -400563.691116 1.396137 1.525297 305.059315 0.239393 2.865441 573.088278
 19.300000 1.827635 2.061678 0.234043 4.882496 7247.955499 1.911111 6.305293 1000.000000 1.894444 -0.385573 100.000000 5.919719 -400566.148603 1.509132 0.190122 38.024397 0.226216 2.558694 511.738798
 19.350000 1.838406 2.194361 0.355955 7.140515 6185.517085 1.911111 6.305293 1000.000000 1.894444 -0.385573 100.000000 5.919719 -400568.936608 1.510993 0.178820 35.764034 0.208507 2.173768 434.753552
 19.400000 1.832613 2.010966 0.178353 3.759854 6297.750709 1.911111 6.305293 1000.000000 1.894444 -0.385573 100.000000 5.919719 -400564.675444 1.479631 0.415553 83.110664 0.152155 1.157557 231.511413
 19.450000 1.862504 2.228459 0.365955 6.759598 3478.270366 1.911111 6.305293 1000.000000 1.894444 -0.385573 100.000000 5.919719 -400564.085117 1.615162 0.098414 19.682812 0.282651 3.994593 798.918528
 19.500000 1.856650 1.933696 0.077046 1.560037 2981.412747 1.911111 6.305293 1000.000000 1.894444 -0.385573 100.000000 5.919719 -400564.783482 1.444804 0.793701 158.740164 0.196227 1.925261 385.052219
 19.550000 1.876930 2.236529 0.359598 6.435244 2338.548204 1.911111 6.305293 1000.000000 1.894444 -0.385573 100.000000 5.919719 -400568.745296 1.462668 0.584591 116.918135 0.189207 1.789965 357.993056
 19.600000 1.886084 1.948234 0.062150 0.457848 655.299064 1.911111 6.305293 1000.000000 1.894444 -0.385573 100.000000 5.919719 -400564.170461 1.488482 0.338784 67.756784 0.211208 2.230444 446.088760
 19.650000 1.894760 2.078594 0.183834 1.829235 606.480624 1.911111 6.305293 1000.000000 1.894444 -0.385573 100.000000 5.919719 -400566.711330 1.448193 0.751579 150.315885 0.274046 3.755048 751.009669
 19.700000 1.954445 2.033720 0.079275 1.908781 2071.769938 1.911111 6.305293 1000.000000 1.894444 -0.385573 100.000000 5.919719 -400557.570280 1.532102 0.074863 14.972609 0.165037 1.361858 272.371656
 19.750000 1.880394 2.118859 0.238465 2.989876 1447.181479 1.911111 6.305293 1000.000000 1.894444 -0.385573 100.000000 5.919719 -400566.780600 1.497555 0.268212 53.642473 0.171457 1.469875 293.974938
 19.800000 1.842648 2.147169 0.304521 5.537093 5325.909746 1.911111 6.305293 1000.000000 1.894444 -0.385573 100.000000 5.919719 -400567.803206 1.442893 0.817958 163.591644 0.301476 4.544384 908.876711
 19.850000 1.868037 1.970135 0.102098 1.214150 1912.684747 1.911111 6.305293 1000.000000 1.894444 -0.385573 100.000000 5.919719 -400561.809745 1.567883 0.000424 0.084878 0.228163 2.602912 520.582392
 19.900000 1.851344 2.219192 0.367848 7.059111 4626.717807 1.911111 6.305293 1000.000000 1.894444 -0.385573 100.000000 5.919719 -400567.643403 1.466638 0.542450 108.490047 0.145143 1.053324 210.664769
 19.950000 1.856898 2.075228 0.218330 3.103680 3265.934293 1.911111 6.305293 1000.000000 1.894444 -0.385573 100.000000 5.919719 -400565.401152 1.573601 0.000393 0.078677 0.186114 1.731923 346.384570
 20.000000 1.876070 1.999172 0.123103 1.162347 1337.582549 1.911111 6.305293 1000.000000 1.894444 -0.385573 100.000000 5.919719 -400564.811816 1.368225 2.051756 410.351248 0.288080 4.149500 829.900043
 20.050000 1.855706 2.120225 0.264519 4.083692 3579.447998 1.911111 6.305293 1000.000000 1.894444 -0.385573 100.000000 5.919719 -400566.874002 1.603397 0.053140 10.627911 0.235617 2.775768 555.153586
 20.100000 1.885836 2.099904 0.214068 2.430086 1060.948487 1.911111 6.305293 1000.000000 1.894444 -0.385573 100.000000 5.919719 -400567.823812 1.402885 1.409714 281.942714 0.181213 1.641907 328.381462
 20.150000 1.901835 2.017081 0.115246 0.795008 236.438457 1.911111 6.305293 1000.000000 1.894444 -0.385573 100.000000 5.919719 -400565.106833 1.489286 0.332199 66.439828 0.191895 1.841190 368.238045
 20.200000 1.902784 2.087665 0.184880 1.901370 442.674382 1.911111 6.305293 1000.000000 1.894444 -0.385573 100.000000 5.919719 -400566.476678 1.564558 0.001946 0.389151 0.281820 3.971118 794.223634
 20.250000 1.888939 2.031999 0.143060 1.191859 680.805910 1.911111 6.305293 1000.000000 1.894444 -0.385573 100.000000 5.919719 -400563.120364 1.363941 2.139450 427.889947 0.174997 1.531189 306.237883
 20.300000 1.881390 2.162856 0.281465 4.043891 1603.776234 1.911111 6.305293 1000.000000 1.894444 -0.385573 100.000000 5.919719 -400565.790487 1.544239 0.035264 7.052860 0.166499 1.386101 277.220242
 20.350000 1.874587 2.006519 0.131932 1.295049 1459.640777 1.911111 6.305293 1000.000000 1.894444 -0.385573 100.000000 5.919719 -400567.097282 1.493738 0.296902 59.380343 0.250734 3.143377 628.675302
 20.400000 1.844790 2.110488 0.265698 4.532988 4865.249079 1.911111 6.305293 1000.000000 1.894444 -0.385573 100.000000 5.919719 -400567.459674 1.510389 0.182454 36.490758 0.268406 3.602097 720.419326
 20.450000 1.886324 2.070509 0.184186 1.857156 924.411936 1.911111 6.305293 1000.000000 1.894444 -0.385573 100.000000 5.919719 -400564.614018 1.509125 0.190170 38.034042 0.130695 0.854056 170.811145
 20.500000 1.895963 2.115175 0.219212 2.550837 716.677899 1.911111 6.305293 1000.000000 1.894444 -0.385573 100.000000 5.919719 -400565.332355 1.486994 0.351144 70.228803 0.190128 1.807425 361.484948
 20.550000 1.863336 2.008913 0.145577 1.796394 2413.518321 1.911111 6.305293 1000.000000 1.894444 -0.385573 100.000000 5.919719 -400565.515065 1.537880 0.054174 10.834814 0.252968 3.199638 639.927524
 20.600000 1.888449 2.089074 0.200625 2.150820 892.377319 1.911111 6.305293 1000.000000 1.894444 -0.385573 100.000000 5.919719 -400566.549044 1.469313 0.514947 102.989356 0.231851 2.687753 537.550640
 20.650000 1.871339 2.168123 0.296784 4.535907 2330.797832 1.911111 6.305293 1000.000000 1.894444 -0.385573 100.000000 5.919719 -400565.654789 1.478124 0.429409 85.881716 0.127882 0.817686 163.537160
 20.700000 1.890922 1.987852 0.096929 0.640038 494.831890 1.911111 6.305293 1000.000000 1.894444 -0.385573 100.000000 5.919719 -400562.968657 1.525434 0.102887 20.577360 0.240997 2.903986 580.797216
 20.750000 1.844140 2.039884 0.195744 3.300216 4696.684156 1.911111 6.305293 1000.000000 1.894444 -0.385573 100.000000 5.919719 -400567.460583 1.464624 0.563632 112.726337 0.297315 4.419808 883.961549
 20.800000 1.891128 2.106122 0.214994 2.440028 847.381899 1.911111 6.305293 1000.000000 1.894444 -0.385573 100.000000 5.919719 -400565.902763 1.480429 0.408309 81.661877 0.150630 1.134471 226.894257
 20.850000 1.852376 2.159036 0.306661 5.225366 4149.926791 1.911111 6.305293 1000.000000 1.894444 -0.385573 100.000000 5.919719 -400569.431006 1.491852 0.311613 62.322566 0.212262 2.252754 450.550861
 20.900000 1.896605 1.946922 0.050317 0.242911 237.974187 1.911111 6.305293 1000.000000 1.894444 -0.385573 100.000000 5.919719 -400563.922329 1.470436 0.503608 100.721598 0.248922 3.098102 619.620415
 20.950000 1.818221 2.182943 0.364722 8.475867 9460.920572 1.911111 6.305293 1000.000000 1.894444 -0.385573 100.000000 5.919719 -400570.804101 1.548714 0.024382 4.876478 0.239906 2.877738 575.547635
 21.000000 1.895812 2.054218 0.158407 1.393420 489.342192 1.911111 6.305293 1000.000000 1.894444 -0.385573 100.000000 5.919719 -400562.520881 1.453117 0.692416 138.483181 0.114541 0.655979 131.195765
 21.050000 1.823147 2.165369 0.342222 7.538863 8471.704996 1.911111 6.305293 1000.000000 1.894444 -0.385573 100.000000 5.919719 -400569.136429 1.544062 0.035736 7.147247 0.238036 2.833061 566.612150
 21.100000 1.853124 1.977214 0.124090 2.023788 3431.001656 1.911111 6.305293 1000.000000 1.894444 -0.385573 100.000000 5.919719 -400564.617091 1.499327 0.255392 51.078400 0.274630 3.771087 754.217310
 21.150000 1.900514 2.189419 0.288905 4.406650 982.407192 1.911111 6.305293 1000.000000 1.894444 -0.385573 100.000000 5.919719 -400566.089414 1.511603 0.175195 35.038923 0.186488 1.738892 347.778351
 21.200000 1.970618 1.952745 -0.017873 1.940499 3575.090103 1.911111 6.305293 1000.000000 1.894444 -0.385573 100.000000 5.919719 -400561.369321 1.475848 0.450760 90.152003 0.125559 0.788252 157.650311
 21.250000 1.877593 2.195923 0.318330 5.106187 2032.335605 1.911111 6.305293 1000.000000 1.894444 -0.385573 100.000000 5.919719 -400568.924005 1.440246 0.852175 170.434976 0.309651 4.794199 958.839762
 21.300000 1.892446 1.884596 -0.007850 0.179040 349.351075 1.911111 6.305293 1000.000000 1.894444 -0.385573 100.000000 5.919719 -400564.754548 1.442577 0.822008 164.401526 0.210659 2.218861 443.772236
 21.350000 1.885324 2.315755 0.430430 9.207601 2439.982868 1.911111 6.305293 1000.000000 1.894444 -0.385573 100.000000 5.919719 -400569.272192 1.515369 0.153610 30.722065 0.150654 1.134832 226.966396
 21.400000 1.875767 1.930426 0.054659 0.689333 1262.144550 1.911111 6.305293 1000.000000 1.894444 -0.385573 100.000000 5.919719 -400562.638202 1.515693 0.151817 30.363387 0.153304 1.175104 235.020846
 21.450000 1.820249 2.166699 0.346450 7.834118 8997.211515 1.911111 6.305293 1000.000000 1.894444 -0.385573 100.000000 5.919719 -400572.268316 1.473840 0.470027 94.005342 0.282662 3.994891 798.978159
 21.500000 1.852572 2.051550 0.198978 2.947529 3673.656582 1.911111 6.305293 1000.000000 1.894444 -0.385573 100.000000 5.919719 -400562.738822 1.526365 0.098706 19.741104 0.151131 1.142022 228.404411
 21.550000 1.811219 2.185270 0.374051 9.218209 10824.252476 1.911111 6.305293 1000.000000 1.894444 -0.385573 100.000000 5.919719 -400571.244437 1.542577 0.039817 7.963435 0.185051 1.712197 342.439414
 21.600000 1.869632 2.032746 0.163114 1.816609 1911.760014 1.911111 6.305293 1000.000000 1.894444 -0.385573 100.000000 5.919719 -400567.119925 1.421027 1.121539 224.307791 0.245052 3.002533 600.506515
 21.650000 1.879581 2.091883 0.212302 2.446163 1383.956573 1.911111 6.305293 1000.000000 1.894444 -0.385573 100.000000 5.919719 -400565.957185 1.581398 0.005620 1.123922 0.212840 2.265052 453.010462
 21.700000 1.895347 2.084142 0.188795 1.923510 608.364209 1.911111 6.305293 1000.000000 1.894444 -0.385573 100.000000 5.919719 -400565.332942 1.447683 0.757849 151.569817 0.153653 1.180469 236.093799
 21.750000 1.830274 2.141059 0.310785 6.308235 7142.785015 1.911111 6.305293 1000.000000 1.894444 -0.385573 100.000000 5.919719 -400567.653942 1.525986 0.100400 20.079993 0.221651 2.456451 491.290233
 21.800000 1.887024 1.974609 0.087585 0.611412 644.449237 1.911111 6.305293 1000.000000 1.894444 -0.385573 100.000000 5.919719 -400565.881646 1.459780 0.616231 123.246228 0.231750 2.685404 537.080701
 21.850000 1.858015 2.243247 0.385231 7.492734 4035.789423 1.911111 6.305293 1000.000000 1.894444 -0.385573 100.000000 5.919719 -400565.101917 1.517706 0.140931 28.186175 0.183546 1.684450 336.889903
 21.900000 1.898558 1.969460 0.070902 0.360158 213.862005 1.911111 6.305293 1000.000000 1.894444 -0.385573 100.000000 5.919719 -400560.866688 1.481765 0.396327 79.265304 0.205499 2.111488 422.297597
 21.950000 1.849486 2.090315 0.240829 3.817120 4181.367784 1.911111 6.305293 1000.000000 1.894444 -0.385573 100.000000 5.919719 -400566.019749 1.497068 0.271794 54.358860 0.274838 3.776790 755.357993
 22.000000 1.859317 2.083589 0.224272 3.130098 3040.400062 1.911111 6.305293 1000.000000 1.894444 -0.385573 100.000000 5.919719 -400566.843283 1.505242 0.214867 42.973369 0.175595 1.541686 308.337278
 22.050000 1.842045 2.170236 0.328191 6.188094 5530.694826 1.911111 6.305293 1000.000000 1.894444 -0.385573 100.000000 5.919719 -400568.154185 1.501037 0.243316 48.663171 0.143940 1.035932 207.186418
 22.100000 1.825068 2.118845 0.293777 6.219476 7906.964887 1.911111 6.305293 1000.000000 1.894444 -0.385573 100.000000 5.919719 -400570.961250 1.519807 0.129996 25.999236 0.310540 4.821743 964.348551
 22.150000 1.852977 1.965637 0.112659 1.943182 3430.212972 1.911111 6.305293 1000.000000 1.894444 -0.385573 100.000000 5.919719 -400567.086978 1.557375 0.009007 1.801308 0.323584 5.235323 1047.064611
 22.200000 1.872489 2.209205 0.336716 5.699548 2482.417375 1.911111 6.305293 1000.000000 1.894444 -0.385573 100.000000 5.919719 -400565.356857 1.506076 0.209433 41.886648 0.170162 1.447750 289.549989
 22.250000 1.870364 2.111092 0.240728 3.176984 2129.710019 1.911111 6.305293 1000.000000 1.894444 -0.385573 100.000000 5.919719 -400564.597979 1.595817 0.031303 6.260563 0.146731 1.076498 215.299624
 22.300000 1.844275 2.060391 0.216116 3.610458 4742.469912 1.911111 6.305293 1000.000000 1.894444 -0.385573 100.000000 5.919719 -400569.925433 1.408526 1.316575 263.315022 0.320666 5.141349 1028.269789
 22.350000 1.875760 2.050325 0.174565 1.839778 1492.656391 1.911111 6.305293 1000.000000 1.894444 -0.385573 100.000000 5.919719 -400565.771857 1.566854 0.000777 0.155451 0.258384 3.338105 667.620948
 22.400000 1.894238 2.177425 0.283186 4.146234 1085.466144 1.911111 6.305293 1000.000000 1.894444 -0.385573 100.000000 5.919719 -400567.307154 1.442399 0.824297 164.859487 0.114685 0.657632 131.526305
 22.450000 1.946630 2.057264 0.110634 1.956312 1526.704760 1.911111 6.305293 1000.000000 1.894444 -0.385573 100.000000 5.919719 -400564.419392 1.500765 0.245219 49.043782 0.102790 0.528286 105.657162
 22.500000 1.893189 2.205404 0.312215 4.995384 1288.169632 1.911111 6.305293 1000.000000 1.894444 -0.385573 100.000000 5.919719 -400567.311878 1.495847 0.280866 56.173279 0.133314 0.888625 177.725063
 22.550000 1.894978 2.098764 0.203786 2.217469 677.753552 1.911111 6.305293 1000.000000 1.894444 -0.385573 100.000000 5.919719 -400564.797208 1.458298 0.632791 126.558107 0.152894 1.168833 233.766638
 22.600000 1.855615 1.965102 0.109487 1.789523 3129.719845 1.911111 6.305293 1000.000000 1.894444 -0.385573 100.000000 5.919719 -400566.843962 1.461618 0.595998 119.199565 0.350697 6.149418 1229.883626
 22.650000 1.880428 1.972623 0.092195 0.776314 1002.555474 1.911111 6.305293 1000.000000 1.894444 -0.385573 100.000000 5.919719 -400565.527724 1.537679 0.054838 10.967573 0.337605 5.698859 1139.771895
 22.700000 1.849000 2.166151 0.317151 5.620128 4596.047068 1.911111 6.305293 1000.000000 1.894444 -0.385573 100.000000 5.919719 -400566.327641 1.513916 0.161766 32.353184 0.163792 1.341399 268.279708
 22.750000 1.902002 2.108325 0.206323 2.328737 540.431152 1.911111 6.305293 1000.000000 1.894444 -0.385573 100.000000 5.919719 -400563.397153 1.487397 0.347776 69.555138 0.124329 0.772889 154.577713
 22.800000 1.872647 2.032178 0.159532 1.688287 1669.220471 1.911111 6.305293 1000.000000 1.894444 -0.385573 100.000000 5.919719 -400566.883443 1.504612 0.219017 43.803476 0.337216 5.685744 1137.148744
 22.850000 1.853318 1.958657 0.105339 1.876212 3381.332214 1.911111 6.305293 1000.000000 1.894444 -0.385573 100.000000 5.919719 -400565.494858 1.404798 1.377780 275.556013 0.267228 3.570532 714.106427
 22.900000 1.908443 2.220280 0.311837 5.311999 1068.805661 1.911111 6.305293 1000.000000 1.894444 -0.385573 100.000000 5.919719 -400567.906241 1.536459 0.058952 11.790408 0.152242 1.158877 231.775368
 22.950000 1.890375 1.973819 0.083444 0.530014 493.004584 1.911111 6.305293 1000.000000 1.894444 -0.385573 100.000000 5.919719 -400564.847990 1.506827 0.204607 40.921307 0.166268 1.382258 276.451638
 23.000000 1.856588 2.104739 0.248151 3.697560 3414.970535 1.911111 6.305293 1000.000000 1.894444 -0.385573 100.000000 5.919719 -400570.530730 1.496216 0.278108 55.621586 0.305430 4.664366 932.873184
 23.050000 1.848496 2.041364 0.192868 3.039578 4136.463815 1.911111 6.305293 1000.000000 1.894444 -0.385573 100.000000 5.919719 -400565.201437 1.506448 0.207034 41.406729 0.156232 1.220415 244.083000
 23.100000 1.847960 2.247157 0.399197 8.214337 5232.099844 1.911111 6.305293 1000.000000 1.894444 -0.385573 100.000000 5.919719 -400571.288966 1.462100 0.590750 118.149984 0.161225 1.299669 259.933829
 23.150000 1.847086 1.937791 0.090705 2.143565 4118.026681 1.911111 6.305293 1000.000000 1.894444 -0.385573 100.000000 5.919719 -400565.483649 1.479935 0.412785 82.557095 0.242438 2.938807 587.761350
 23.200000 1.862178 2.069585 0.207407 2.730947 2701.210771 1.911111 6.305293 1000.000000 1.894444 -0.385573 100.000000 5.919719 -400569.921454 1.537671 0.054865 10.972983 0.283234 4.011069 802.213812
 23.250000 1.898382 2.096865 0.198483 2.129716 571.770396 1.911111 6.305293 1000.000000 1.894444 -0.385573 100.000000 5.919719 -400565.029873 1.486908 0.351860 70.371957 0.116970 0.684105 136.820935
 23.300000 1.890403 2.136034 0.245631 3.132699 1012.497445 1.911111 6.305293 1000.000000 1.894444 -0.385573 100.000000 5.919719 -400566.666329 1.441039 0.841847 168.369447 0.205148 2.104285 420.856980
 23.350000 1.888995 1.940729 0.051734 0.351668 510.533077 1.911111 6.305293 1000.000000 1.894444 -0.385573 100.000000 5.919719 -400564.015249 1.556043 0.010883 2.176599 0.354202 6.272948 1254.589503
 23.400000 1.874533 2.035138 0.160605 1.658714 1535.916781 1.911111 6.305293 1000.000000 1.894444 -0.385573 100.000000 5.919719 -400568.362527 1.387260 1.684285 336.856970 0.316945 5.022712 1004.542431
 23.450000 1.922246 2.201881 0.279635 4.787865 1069.159059 1.911111 6.305293 1000.000000 1.894444 -0.385573 100.000000 5.919719 -400561.466251 1.563692 0.002524 0.504740 0.041017 0.084121 16.824295
 23.500000 1.890351 2.066227 0.175876 1.690961 726.083654 1.911111 6.305293 1000.000000 1.894444 -0.385573 100.000000 5.919719 -400565.104079 1.506055 0.209571 41.914148 0.250549 3.138742 627.748418
 23.550000 1.873871 1.933143 0.059272 0.768298 1401.815771 1.911111 6.305293 1000.000000 1.894444 -0.385573 100.000000 5.919719 -400569.770662 1.454504 0.676199 135.239839 0.409640 8.390230 1678.045976
 23.600000 1.873317 2.013026 0.139709 1.417276 1569.008619 1.911111 6.305293 1000.000000 1.894444 -0.385573 100.000000 5.919719 -400565.414771 1.522794 0.115213 23.042573 0.261930 3.430374 686.074847
 23.650000 1.882190 2.253438 0.371248 6.862019 2125.174018 1.911111 6.305293 1000.000000 1.894444 -0.385573 100.000000 5.919719 -400566.115495 1.473613 0.472232 94.446405 0.088361 0.390386 78.077276
 23.700000 1.909777 2.120346 0.210569 2.552457 512.093755 1.911111 6.305293 1000.000000 1.894444 -0.385573 100.000000 5.919719 -400567.341615 1.535383 0.062705 12.541083 0.031945 0.051023 10.204591
 23.750000 1.858519 2.175737 0.317218 5.339235 3557.160320 1.911111 6.305293 1000.000000 1.894444 -0.385573 100.000000 5.919719 -400567.808241 1.504703 0.218416 43.683187 0.187759 1.762678 352.535650
 23.800000 1.862452 1.979854 0.117402 1.548613 2440.700650 1.911111 6.305293 1000.000000 1.894444 -0.385573 100.000000 5.919719 -400567.682619 1.483972 0.376919 75.383868 0.291569 4.250624 850.124730
 23.850000 1.843147 2.150785 0.307638 5.595076 5276.226636 1.911111 6.305293 1000.000000 1.894444 -0.385573 100.000000 5.919719 -400568.196100 1.446589 0.771378 154.275672 0.218154 2.379551 475.910183
 23.900000 1.893233 2.148300 0.255067 3.381939 964.040861 1.911111 6.305293 1000.000000 1.894444 -0.385573 100.000000 5.919719 -400563.951738 1.562056 0.003820 0.763949 0.139373 0.971243 194.248515
 23.950000 1.894789 2.000390 0.105601 0.694426 378.657551 1.911111 6.305293 1000.000000 1.894444 -0.385573 100.000000 5.919719 -400562.859239 1.496364 0.277006 55.401228 0.224993 2.531096 506.219117
 24.000000 1.841518 2.075646 0.234128 4.063281 5171.494514 1.911111 6.305293 1000.000000 1.894444 -0.385573 100.000000 5.919719 -400569.824778 1.505977 0.210075 42.015040 0.220977 2.441532 488.306404
 24.050000 1.864842 2.123263 0.258422 3.688336 2664.449843 1.911111 6.305293 1000.000000 1.894444 -0.385573 100.000000 5.919719 -400566.797484 1.523753 0.110652 22.130419 0.159493 1.271906 254.381232
 24.100000 1.856607 2.133855 0.277247 4.351201 3543.851841 1.911111 6.305293 1000.000000 1.894444 -0.385573 100.000000 5.919719 -400569.974336 1.464070 0.569526 113.905119 0.219198 2.402389 480.477702
 24.150000 1.857642 1.975207 0.117566 1.755629 2924.219034 1.911111 6.305293 1000.000000 1.894444 -0.385573 100.000000 5.919719 -400565.510459 1.483609 0.380085 76.016903 0.262318 3.440524 688.104743
 24.200000 1.842452 2.161693 0.319241 5.928119 5428.258859 1.911111 6.305293 1000.000000 1.894444 -0.385573 100.000000 5.919719 -400570.968410 1.561303 0.004506 0.901222 0.186634 1.741616 348.323191
 24.250000 1.894327 2.119312 0.224985 2.669134 787.364172 1.911111 6.305293 1000.000000 1.894444 -0.385573 100.000000 5.919719 -400563.358043 1.512363 0.170720 34.143976 0.040451 0.081813 16.362599
 24.300000 1.896930 2.291214 0.394284 7.971860 1775.353419 1.911111 6.305293 1000.000000 1.894444 -0.385573 100.000000 5.919719 -400566.004827 1.549419 0.022848 4.569692 0.101156 0.511630 102.325985
 24.350000 1.889538 2.074236 0.184698 1.848941 788.646488 1.911111 6.305293 1000.000000 1.894444 -0.385573 100.000000 5.919719 -400563.204935 1.564016 0.002299 0.459771 0.149233 1.113527 222.705447
 24.400000 1.852116 1.984479 0.132363 2.145523 3561.481523 1.911111 6.305293 1000.000000 1.894444 -0.385573 100.000000 5.919719 -400569.249319 1.449787 0.732160 146.432036 0.346984 6.019896 1203.979153
 24.450000 1.889960 2.101935 0.211975 2.376311 877.901235 1.911111 6.305293 1000.000000 1.894444 -0.385573 100.000000 5.919719 -400565.024177 1.526590 0.097710 19.541984 0.262557 3.446810 689.361997
 24.500000 1.913485 2.196776 0.283291 4.573046 919.682820 1.911111 6.305293 1000.000000 1.894444 -0.385573 100.000000 5.919719 -400561.912720 1.491091 0.317644 63.528749 0.108058 0.583831 116.766216
 24.550000 1.818742 2.025937 0.207195 5.130504 8704.874480 1.911111 6.305293 1000.000000 1.894444 -0.385573 100.000000 5.919719 -400565.990579 1.395741 1.532221 306.444255 0.209966 2.204286 440.857117
 24.600000 1.875184 2.118931 0.243747 3.165086 1794.701920 1.911111 6.305293 1000.000000 1.894444 -0.385573 100.000000 5.919719 -400566.177254 1.588794 0.016197 3.239329 0.364218 6.632726 1326.545104
 24.650000 1.848832 2.058573 0.209742 3.286281 4148.117879 1.911111 6.305293 1000.000000 1.894444 -0.385573 100.000000 5.919719 -400566.811987 1.517993 0.139407 27.881412 0.186126 1.732152 346.430465
 24.700000 1.901554 2.152718 0.251164 3.380930 758.398372 1.911111 6.305293 1000.000000 1.894444 -0.385573 100.000000 5.919719 -400563.961241 1.467079 0.537861 107.572225 0.122862 0.754751 150.950281
 24.750000 1.861414 2.011762 0.150348 1.923086 2607.462512 1.911111 6.305293 1000.000000 1.894444 -0.385573 100.000000 5.919719 -400566.277882 1.515122 0.154980 30.995971 0.234629 2.752543 550.508623
 24.800000 1.887298 2.051903 0.164604 1.523176 814.972309 1.911111 6.305293 1000.000000 1.894444 -0.385573 100.000000 5.919719 -400566.828588 1.442642 0.821179 164.235703 0.283030 4.005302 801.060327
 24.850000 1.858569 2.102076 0.243507 3.535870 3191.769049 1.911111 6.305293 1000.000000 1.894444 -0.385573 100.000000 5.919719 -400564.260028 1.455123 0.669016 133.803174 0.149514 1.117716 223.543154
 24.900000 1.897153 2.146991 0.249838 3.286406 832.635372 1.911111 6.305293 1000.000000 1.894444 -0.385573 100.000000 5.919719 -400563.785592 1.522548 0.116393 23.278608 0.204156 2.083978 416.795618
 24.950000 1.867178 1.973923 0.106745 1.280913 1993.316111 1.911111 6.305293 1000.000000 1.894444 -0.385573 100.000000 5.919719 -400566.605162 1.451315 0.713793 142.758609 0.281371 3.958489 791.697838
 25.000000 1.892135 2.054074 0.161939 1.454131 614.923566 1.911111 6.305293 1000.000000 1.894444 -0.385573 100.000000 5.919719 -400567.444082 1.509774 0.186186 37.237244 0.219775 2.415061 483.012106
 25.050000 1.880353 2.164459 0.284106 4.118417 1675.128244 1.911111 6.305293 1000.000000 1.894444 -0.385573 100.000000 5.919719 -400565.236733 1.501792 0.238083 47.616645 0.106082 0.562667 112.533320
 25.100000 1.883537 2.084577 0.201040 2.187688 1121.834399 1.911111 6.305293 1000.000000 1.894444 -0.385573 100.000000 5.919719 -400568.899728 1.436027 0.908145 181.629026 0.244202 2.981734 596.346777
 25.150000 1.874624 1.991447 0.116824 1.136137 1425.411491 1.911111 6.305293 1000.000000 1.894444 -0.385573 100.000000 5.919719 -400565.523616 1.513565 0.163768 32.753678 0.282581 3.992612 798.522306
 25.200000 1.887092 2.101766 0.214673 2.437556 1006.724590 1.911111 6.305293 1000.000000 1.894444 -0.385573 100.000000 5.919719 -400567.497651 1.504051 0.222749 44.549767 0.193112 1.864613 372.922547
 25.250000 1.876589 2.122583 0.245994 3.198256 1712.253928 1.911111 6.305293 1000.000000 1.894444 -0.385573 100.000000 5.919719 -400565.047692 1.481752 0.396442 79.288325 0.126220 0.796574 159.314861
 25.300000 1.887175 2.142283 0.255108 3.357678 1187.198742 1.911111 6.305293 1000.000000 1.894444 -0.385573 100.000000 5.919719 -400567.417037 1.569212 0.000125 0.025097 0.070347 0.247435 49.487011
 25.350000 1.895857 2.245937 0.350080 6.293690 1468.158563 1.911111 6.305293 1000.000000 1.894444 -0.385573 100.000000 5.919719 -400569.094335 1.537071 0.056870 11.373908 0.042852 0.091815 18.363077
 25.400000 1.862729 2.131013 0.268285 3.968675 2900.521150 1.911111 6.305293 1000.000000 1.894444 -0.385573 100.000000 5.919719 -400565.943464 1.469004 0.518085 103.617041 0.123645 0.764409 152.881899
 25.450000 1.876872 2.195290 0.318418 5.111552 2077.385937 1.911111 6.305293 1000.000000 1.894444 -0.385573 100.000000 5.919719 -400565.278157 1.601064 0.045806 9.161138 0.079630 0.317047 63.409370
 25.500000 1.869074 2.260733 0.391658 7.591895 3108.761371 1.911111 6.305293 1000.000000 1.894444 -0.385573 100.000000 5.919719 -400571.019500 1.551844 0.017959 3.591817 0.101055 0.510610 102.122096
 25.550000 1.929066 2.017352 0.088287 0.916503 473.432390 1.911111 6.305293 1000.000000 1.894444 -0.385573 100.000000 5.919719 -400563.313609 1.452322 0.701814 140.362784 0.091706 0.420496 84.099283
 25.600000 1.886079 2.367074 0.480995 11.482252 2860.387035 1.911111 6.305293 1000.000000 1.894444 -0.385573 100.000000 5.919719 -400571.440983 1.614534 0.095651 19.130159 0.078167 0.305507 61.101425
 25.650000 1.941588 2.045233 0.103645 1.601267 1156.194402 1.911111 6.305293 1000.000000 1.894444 -0.385573 100.000000 5.919719 -400563.798515 1.482727 0.387809 77.561844 0.135170 0.913547 182.709306
 25.700000 1.943996 2.076466 0.132470 2.197297 1412.734103 1.911111 6.305293 1000.000000 1.894444 -0.385573 100.000000 5.919719 -400564.406453 1.467016 0.538519 107.703752 0.076412 0.291937 58.387324
 25.750000 1.892345 2.274829 0.382484 7.410706 1799.097947 1.911111 6.305293 1000.000000 1.894444 -0.385573 100.000000 5.919719 -400567.978494 1.566551 0.000901 0.180228 0.067623 0.228644 45.728846
 25.800000 1.909688 2.088691 0.179003 1.887601 379.342765 1.911111 6.305293 1000.000000 1.894444 -0.385573 100.000000 5.919719 -400565.797973 1.517923 0.139779 27.955863 0.105411 0.555570 111.113922
 25.850000 1.912984 2.204357 0.291373 4.804032 963.962427 1.911111 6.305293 1000.000000 1.894444 -0.385573 100.000000 5.919719 -400566.157331 1.507432 0.200750 40.149903 0.078094 0.304933 60.986502
 25.900000 1.886649 2.202095 0.315446 5.031630 1544.861016 1.911111 6.305293 1000.000000 1.894444 -0.385573 100.000000 5.919719 -400569.008027 1.564903 0.001737 0.347312 0.099010 0.490151 98.030284
 25.950000 1.878555 2.151674 0.273119 3.838307 1721.593891 1.911111 6.305293 1000.000000 1.894444 -0.385573 100.000000 5.919719 -400566.931528 1.550701 0.020191 4.038123 0.129152 0.834008 166.801569
 26.000000 1.884484 2.186572 0.302088 4.621425 1562.371312 1.911111 6.305293 1000.000000 1.894444 -0.385573 100.000000 5.919719 -400568.088668 1.519196 0.133130 26.625947 0.024221 0.029334 5.866781
 26.050000 1.864583 2.235679 0.371097 6.904514 3329.305202 1.911111 6.305293 1000.000000 1.894444 -0.385573 100.000000 5.919719 -400571.135086 1.581958 0.006229 1.245799 0.105990 0.561690 112.338029
 26.100000 1.935243 2.045851 0.110608 1.437376 811.600828 1.911111 6.305293 1000.000000 1.894444 -0.385573 100.000000 5.919719 -400561.482128 1.499403 0.254852 50.970468 0.072170 0.260428 52.085640
 26.150000 1.895483 2.322127 0.426644 9.267735 2073.365804 1.911111 6.305293 1000.000000 1.894444 -0.385573 100.000000 5.919719 -400569.772813 1.453617 0.686545 137.308954 0.083025 0.344657 68.931354
 26.200000 1.930948 2.037669 0.106721 1.222403 598.624505 1.911111 6.305293 1000.000000 1.894444 -0.385573 100.000000 5.919719 -400563.624004 1.458438 0.631215 126.243008 0.115663 0.668892 133.778418
 26.250000 1.948111 2.204952 0.256841 5.505262 2333.153151 1.911111 6.305293 1000.000000 1.894444 -0.385573 100.000000 5.919719 -400568.430464 1.525264 0.103661 20.732195 0.078644 0.309241 61.848143
 26.300000 1.935738 2.122045 0.186308 2.893336 1124.482861 1.911111 6.305293 1000.000000 1.894444 -0.385573 100.000000 5.919719 -400566.084122 1.492530 0.306285 61.256917 0.046983 0.110371 22.074206
 26.350000 1.922581 2.142278 0.219697 3.136854 745.780195 1.911111 6.305293 1000.000000 1.894444 -0.385573 100.000000 5.919719 -400566.301465 1.466708 0.541717 108.343322 0.123697 0.765050 153.009960
 26.400000 1.889666 2.250590 0.360924 6.571939 1728.293735 1.911111 6.305293 1000.000000 1.894444 -0.385573 100.000000 5.919719 -400569.566971 1.485202 0.366320 73.264082 0.033986 0.057751 11.550224
 26.450000 1.915749 2.105419 0.189670 2.236267 466.612354 1.911111 6.305293 1000.000000 1.894444 -0.385573 100.000000 5.919719 -400565.599835 1.473905 0.469394 93.878839 0.099395 0.493973 98.794585
 26.500000 1.888431 2.241198 0.352767 6.269092 1716.779518 1.911111 6.305293 1000.000000 1.894444 -0.385573 100.000000 5.919719 -400570.117736 1.526463 0.098271 19.654233 0.066722 0.222591 44.518186
 26.550000 1.899996 2.142234 0.242239 3.131769 737.550136 1.911111 6.305293 1000.000000 1.894444 -0.385573 100.000000 5.919719 -400567.258918 1.569999 0.000032 0.006359 0.045958 0.105607 21.121431
 26.600000 1.868228 2.155692 0.287464 4.332009 2521.502829 1.911111 6.305293 1000.000000 1.894444 -0.385573 100.000000 5.919719 -400567.585030 1.468453 0.523708 104.741575 0.149246 1.113714 222.742841
 26.650000 1.879854 2.247103 0.367249 6.706905 2220.710370 1.911111 6.305293 1000.000000 1.894444 -0.385573 100.000000 5.919719 -400567.412763 1.520454 0.126720 25.343910 0.041825 0.087468 17.493679
 26.700000 1.884697 2.223087 0.338390 5.749154 1777.765836 1.911111 6.305293 1000.000000 1.894444 -0.385573 100.000000 5.919719 -400567.738981 1.550484 0.020629 4.125869 0.114471 0.655186 131.037221
 26.750000 1.901683 2.102763 0.201080 2.214281 522.857639 1.911111 6.305293 1000.000000 1.894444 -0.385573 100.000000 5.919719 -400565.301944 1.500960 0.243853 48.770544 0.094270 0.444338 88.867539
 26.800000 1.895503 2.266919 0.371416 7.058672 1630.993569 1.911111 6.305293 1000.000000 1.894444 -0.385573 100.000000 5.919719 -400569.169318 1.502750 0.231512 46.302418 0.062495 0.195284 39.056715
 26.850000 1.966857 2.046627 0.079770 2.711763 3339.180316 1.911111 6.305293 1000.000000 1.894444 -0.385573 100.000000 5.919719 -400563.767469 1.550557 0.020482 4.096399 0.102254 0.522797 104.559328
 26.900000 1.942241 2.158173 0.215932 3.962178 1664.613042 1.911111 6.305293 1000.000000 1.894444 -0.385573 100.000000 5.919719 -400563.475224 1.498936 0.258194 51.638712 0.143134 1.024369 204.873851
 26.950000 1.914612 2.234308 0.319695 5.781474 1167.326918 1.911111 6.305293 1000.000000 1.894444 -0.385573 100.000000 5.919719 -400566.762379 1.451474 0.711889 142.377900 0.099618 0.496190 99.237943
 27.000000 1.912592 2.118518 0.205926 2.511540 504.281314 1.911111 6.305293 1000.000000 1.894444 -0.385573 100.000000 5.919719 -400563.549540 1.498762 0.259449 51.889856 0.115033 0.661626 132.325230
 27.050000 1.892525 2.235114 0.342590 5.975520 1506.015815 1.911111 6.305293 1000.000000 1.894444 -0.385573 100.000000 5.919719 -400566.925567 1.608590 0.071419 14.283722 0.067280 0.226332 45.266399
 27.100000 1.867602 2.217216 0.349614 6.155610 2934.865238 1.911111 6.305293 1000.000000 1.894444 -0.385573 100.000000 5.919719 -400569.026690 1.492183 0.309001 61.800138 0.111068 0.616806 123.361244
 27.150000 1.852368 2.108955 0.256587 4.026134 3910.947406 1.911111 6.305293 1000.000000 1.894444 -0.385573 100.000000 5.919719 -400564.644835 1.479998 0.412214 82.442875 0.078457 0.307776 61.555184
 27.200000 1.856676 2.300068 0.443392 9.708105 4608.457299 1.911111 6.305293 1000.000000 1.894444 -0.385573 100.000000 5.919719 -400571.036352 1.635747 0.210931 42.186125 0.049310 0.121574 24.314769
 27.250000 1.877712 2.114838 0.237127 2.986431 1601.253547 1.911111 6.305293 1000.000000 1.894444 -0.385573 100.000000 5.919719 -400565.936473 1.505585 0.212626 42.525235 0.107945 0.582604 116.520730
 27.300000 1.874761 2.154704 0.279943 4.047402 1998.649755 1.911111 6.305293 1000.000000 1.894444 -0.385573 100.000000 5.919719 -400568.529879 1.509929 0.185241 37.048282 0.059638 0.177836 35.567167
 27.350000 1.917305 2.228123 0.310818 5.586253 1151.781873 1.911111 6.305293 1000.000000 1.894444 -0.385573 100.000000 5.919719 -400567.025121 1.576671 0.001725 0.345091 0.085923 0.369134 73.826843
 27.400000 1.898475 2.121434 0.222959 2.656046 674.912002 1.911111 6.305293 1000.000000 1.894444 -0.385573 100.000000 5.919719 -400566.262893 1.474960 0.459227 91.845403 0.087488 0.382709 76.541882
 27.450000 1.936800 2.195210 0.258410 4.852953 1564.521760 1.911111 6.305293 1000.000000 1.894444 -0.385573 100.000000 5.919719 -400568.683203 1.488434 0.339177 67.835337 0.087308 0.381138 76.227535
 27.500000 1.948409 2.110519 0.162110 3.029966 1858.008545 1.911111 6.305293 1000.000000 1.894444 -0.385573 100.000000 5.919719 -400562.887527 1.560819 0.004978 0.995543 0.105340 0.554822 110.964409
 27.550000 1.937549 2.201168 0.263619 5.053457 1639.753613 1.911111 6.305293 1000.000000 1.894444 -0.385573 100.000000 5.919719 -400567.822121 1.506643 0.205781 41.156244 0.113766 0.647137 129.427391
 27.600000 1.919282 2.100711 0.181430 2.160682 492.217798 1.911111 6.305293 1000.000000 1.894444 -0.385573 100.000000 5.919719 -400565.085449 1.466252 0.546472 109.294397 0.019454 0.018924 3.784722
 27.650000 1.918365 2.234731 0.316366 5.816048 1210.568682 1.911111 6.305293 1000.000000 1.894444 -0.385573 100.000000 5.919719 -400568.549676 1.581046 0.005253 1.050643 0.108274 0.586159 117.231812
 27.700000 1.897179 2.081839 0.184660 1.852882 545.269442 1.911111 6.305293 1000.000000 1.894444 -0.385573 100.000000 5.919719 -400566.063674 1.456551 0.652604 130.520818 0.055496 0.153992 30.798398
 27.750000 1.864125 2.253880 0.389755 7.563538 3499.633217 1.911111 6.305293 1000.000000 1.894444 -0.385573 100.000000 5.919719 -400568.602457 1.542249 0.040746 8.149217 0.087443 0.382316 76.463231
 27.800000 1.852972 2.211143 0.358171 6.704971 4383.125165 1.911111 6.305293 1000.000000 1.894444 -0.385573 100.000000 5.919719 -400569.350232 1.605912 0.061654 12.330853 0.119747 0.716972 143.394463
 27.850000 1.875725 2.122372 0.246647 3.223629 1771.673126 1.911111 6.305293 1000.000000 1.894444 -0.385573 100.000000 5.919719 -400563.090631 1.468210 0.526193 105.238563 0.020223 0.020449 4.089772
 27.900000 1.853080 2.310479 0.457400 10.338082 5098.514183 1.911111 6.305293 1000.000000 1.894444 -0.385573 100.000000 5.919719 -400571.073456 1.615572 0.100243 20.048541 0.103955 0.540328 108.065696
 27.950000 1.874658 2.046067 0.171409 1.813889 1558.745079 1.911111 6.305293 1000.000000 1.894444 -0.385573 100.000000 5.919719 -400563.189013 1.514889 0.156283 31.256616 0.044896 0.100784 20.156728
 28.000000 1.883994 2.323524 0.439530 9.573132 2576.417893 1.911111 6.305293 1000.000000 1.894444 -0.385573 100.000000 5.919719 -400572.695688 1.509203 0.189689 37.937740 0.071800 0.257763 51.552647
 28.050000 1.948828 1.969148 0.020320 0.990313 1478.364250 1.911111 6.305293 1000.000000 1.894444 -0.385573 100.000000 5.919719 -400561.197424 1.542450 0.040176 8.035133 0.110754 0.613323 122.664568
 28.100000 1.913227 2.299656 0.386429 8.212053 1646.438188 1.911111 6.305293 1000.000000 1.894444 -0.385573 100.000000 5.919719 -400571.318110 1.538529 0.052060 10.411940 0.077286 0.298659 59.731856
 28.150000 1.940577 2.042228 0.101650 1.526126 1086.661704 1.911111 6.305293 1000.000000 1.894444 -0.385573 100.000000 5.919719 -400565.445792 1.479212 0.419381 83.876215 0.035195 0.061934 12.386858
 28.200000 1.943046 2.202699 0.259653 5.260975 1970.072090 1.911111 6.305293 1000.000000 1.894444 -0.385573 100.000000 5.919719 -400567.677916 1.571705 0.000041 0.008248 0.152102 1.156756 231.351101
 28.250000 1.896537 2.174685 0.278148 4.032950 997.757778 1.911111 6.305293 1000.000000 1.894444 -0.385573 100.000000 5.919719 -400565.378664 1.502050 0.236301 47.260114 0.040191 0.080765 16.153043
 28.300000 1.939041 2.116646 0.177605 2.858713 1273.815641 1.911111 6.305293 1000.000000 1.894444 -0.385573 100.000000 5.919719 -400567.221354 1.487420 0.347578 69.515586 0.118264 0.699321 139.864119
 28.350000 1.884060 2.207223 0.323164 5.257422 1710.091148 1.911111 6.305293 1000.000000 1.894444 -0.385573 100.000000 5.919719 -400567.600598 1.553834 0.014387 2.877321 0.085193 0.362893 72.578694
 28.400000 1.934312 2.143970 0.209659 3.382301 1160.910682 1.911111 6.305293 1000.000000 1.894444 -0.385573 100.000000 5.919719 -400567.805896 1.495001 0.287247 57.449490 0.058828 0.173035 34.607019
 28.450000 1.887970 2.177890 0.289919 4.284810 1338.914867 1.911111 6.305293 1000.000000 1.894444 -0.385573 100.000000 5.919719 -400567.204844 1.494499 0.291064 58.212756 0.106671 0.568932 113.786449
 28.500000 1.917957 2.174014 0.256056 3.931381 828.459920 1.911111 6.305293 1000.000000 1.894444 -0.385573 100.000000 5.919719 -400565.814596 1.541740 0.042213 8.442667 0.089069 0.396668 79.333690
 28.550000 1.837411 2.261415 0.424005 9.449257 6778.431677 1.911111 6.305293 1000.000000 1.894444 -0.385573 100.000000 5.919719 -400569.692685 1.467218 0.536419 107.283888 0.093578 0.437840 87.568059
 28.600000 1.889128 2.131317 0.242189 3.047056 1044.355097 1.911111 6.305293 1000.000000 1.894444 -0.385573 100.000000 5.919719 -400564.981937 1.475128 0.457622 91.524355 0.099962 0.499623 99.924672
 28.650000 1.857205 2.266176 0.408970 8.362125 4287.662701 1.911111 6.305293 1000.000000 1.894444 -0.385573 100.000000 5.919719 -400570.838980 1.556039 0.010889 2.177876 0.061412 0.188574 37.714819
 28.700000 1.866961 2.168069 0.301109 4.718165 2697.979512 1.911111 6.305293 1000.000000 1.894444 -0.385573 100.000000 5.919719 -400566.807367 1.480537 0.407333 81.466639 0.091113 0.415083 83.016560
 28.750000 1.902959 2.108887 0.205928 2.332505 526.314860 1.911111 6.305293 1000.000000 1.894444 -0.385573 100.000000 5.919719 -400566.337795 1.473517 0.473159 94.631889 0.074488 0.277423 55.484697
 28.800000 1.895145 2.257608 0.362463 6.721854 1573.808235 1.911111 6.305293 1000.000000 1.894444 -0.385573 100.000000 5.919719 -400568.055619 1.593354 0.025443 5.088692 0.064175 0.205922 41.184313
 28.850000 1.952206 2.088928 0.136722 2.735599 2067.056852 1.911111 6.305293 1000.000000 1.894444 -0.385573 100.000000 5.919719 -400563.169993 1.468859 0.519560 103.911915 0.093277 0.435029 87.005807
 28.900000 1.923737 2.196220 0.272484 4.633137 1070.091231 1.911111 6.305293 1000.000000 1.894444 -0.385573 100.000000 5.919719 -400566.162873 1.413607 1.235419 247.083737 0.068384 0.233821 46.764225
 28.950000 1.965361 2.140962 0.175600 4.510082 3550.805025 1.911111 6.305293 1000.000000 1.894444 -0.385573 100.000000 5.919719 -400565.693087 1.485663 0.362383 72.476539 0.074212 0.275373 55.074606
 29.000000 1.906128 2.187054 0.280925 4.293419 881.028210 1.911111 6.305293 1000.000000 1.894444 -0.385573 100.000000 5.919719 -400566.142806 1.535518 0.062228 12.445690 0.095501 0.456019 91.203701
 29.050000 1.937159 2.144908 0.207750 3.475841 1305.795044 1.911111 6.305293 1000.000000 1.894444 -0.385573 100.000000 5.919719 -400563.238342 1.468765 0.520515 104.102956 0.043373 0.094059 18.811783
 29.100000 1.876446 2.185160 0.308713 4.826590 2046.797375 1.911111 6.305293 1000.000000 1.894444 -0.385573 100.000000 5.919719 -400567.839498 1.548988 0.023780 4.755970 0.103067 0.531143 106.228655
 29.150000 1.866820 2.254211 0.387391 7.452439 3255.992819 1.911111 6.305293 1000.000000 1.894444 -0.385573 100.000000 5.919719 -400567.953509 1.577590 0.002308 0.461578 0.087647 0.384100 76.820027
 29.200000 1.871270 2.121506 0.250236 3.371517 2102.906210 1.911111 6.305293 1000.000000 1.894444 -0.385573 100.000000 5.919719 -400566.452893 1.501001 0.243570 48.714087 0.046272 0.107054 21.410795
 29.250000 1.865567 2.303240 0.437673 9.392802 3745.376832 1.911111 6.305293 1000.000000 1.894444 -0.385573 100.000000 5.919719 -400567.893733 1.591320 0.021062 4.212365 0.108273 0.586153 117.230630
 29.300000 1.930335 2.076228 0.145893 1.837053 700.016688 1.911111 6.305293 1000.000000 1.894444 -0.385573 100.000000 5.919719 -400563.434873 1.534910 0.064390 12.877966 0.030777 0.047361 9.472172
 29.350000 1.857088 2.260610 0.403521 8.163073 4259.228688 1.911111 6.305293 1000.000000 1.894444 -0.385573 100.000000 5.919719 -400567.633234 1.502226 0.235092 47.018330 0.112331 0.630917 126.183369
 29.400000 1.890537 1.956817 0.066280 0.406165 462.195794 1.911111 6.305293 1000.000000 1.894444 -0.385573 100.000000 5.919719 -400564.020796 1.542270 0.040689 8.137703 0.226125 2.556618 511.323520
 29.450000 1.870095 2.038007 0.167912 1.871663 1888.406583 1.911111 6.305293 1000.000000 1.894444 -0.385573 100.000000 5.919719 -400565.315679 1.462630 0.584994 116.998761 0.352131 6.199818 1239.963550
 29.500000 1.905394 2.084411 0.179017 1.820712 393.560850 1.911111 6.305293 1000.000000 1.894444 -0.385573 100.000000 5.919719 -400565.266046 1.485352 0.365038 73.007540 0.205313 2.107680 421.536034
 29.550000 1.882124 2.131799 0.249674 3.236969 1403.599303 1.911111 6.305293 1000.000000 1.894444 -0.385573 100.000000 5.919719 -400567.537003 1.466027 0.548835 109.767020 0.157644 1.242581 248.516265
 29.600000 1.869383 2.045314 0.175931 2.008709 1968.874842 1.911111 6.305293 1000.000000 1.894444 -0.385573 100.000000 5.919719 -400566.872529 1.488689 0.337077 67.415343 0.243908 2.974562 594.912334
 29.650000 1.870406 1.973534 0.103128 1.141219 1719.473879 1.911111 6.305293 1000.000000 1.894444 -0.385573 100.000000 5.919719 -400565.476542 1.489112 0.333619 66.723783 0.247643 3.066349 613.269846
 29.700000 1.846989 2.196604 0.349615 6.620839 5024.665454 1.911111 6.305293 1000.000000 1.894444 -0.385573 100.000000 5.919719 -400566.110484 1.534604 0.065495 13.098930 0.148968 1.109569 221.913837
 29.750000 1.875215 2.067466 0.192251 2.141089 1587.882964 1.911111 6.305293 1000.000000 1.894444 -0.385573 100.000000 5.919719 -400564.309824 1.466836 0.540391 108.078148 0.159601 1.273628 254.725529
 29.800000 1.877659 2.112272 0.234614 2.931984 1593.563555 1.911111 6.305293 1000.000000 1.894444 -0.385573 100.000000 5.919719 -400564.492415 1.476008 0.449244 89.848768 0.271700 3.691049 738.209872
 29.850000 1.849859 2.026427 0.176568 2.746881 3926.022235 1.911111 6.305293 1000.000000 1.894444 -0.385573 100.000000 5.919719 -400564.195116 1.540458 0.046020 9.204059 0.238080 2.834114 566.822711
 29.900000 1.894854 2.130398 0.235544 2.915853 821.044210 1.911111 6.305293 1000.000000 1.894444 -0.385573 100.000000 5.919719 -400562.738601 1.478234 0.428392 85.678497 0.163390 1.334812 266.962364
 29.950000 1.851763 2.062648 0.210885 3.175713 3805.093555 1.911111 6.305293 1000.000000 1.894444 -0.385573 100.000000 5.919719 -400566.072256 1.476264 0.446817 89.363429 0.217378 2.362656 472.531140
 30.000000 1.866121 2.057718 0.191597 2.344958 2290.677410 1.911111 6.305293 1000.000000 1.894444 -0.385573 100.000000 5.919719 -400565.841717 1.482087 0.393464 78.692790 0.228223 2.604285 520.856962
 30.050000 1.873423 2.120592 0.247169 3.267318 1931.802392 1.911111 6.305293 1000.000000 1.894444 -0.385573 100.000000 5.919719 -400569.377782 1.468861 0.519545 103.908993 0.194300 1.887626 377.525142
 30.100000 1.882179 1.993622 0.111444 0.910357 935.455206 1.911111 6.305293 1000.000000 1.894444 -0.385573 100.000000 5.919719 -400560.356255 1.516454 0.147656 29.531120 0.166960 1.393788 278.757677
 30.150000 1.849864 2.152932 0.303069 5.216425 4419.418975 1.911111 6.305293 1000.000000 1.894444 -0.385573 100.000000 5.919719 -400565.082779 1.508821 0.192049 38.409710 0.251901 3.172699 634.539862
 30.200000 1.889125 1.976192 0.087067 0.575830 550.222141 1.911111 6.305293 1000.000000 1.894444 -0.385573 100.000000 5.919719 -400563.324375 1.456405 0.654267 130.853342 0.200616 2.012333 402.466597
 30.250000 1.849720 2.191208 0.341488 6.287886 4649.583798 1.911111 6.305293 1000.000000 1.894444 -0.385573 100.000000 5.919719 -400566.885566 1.490051 0.325987 65.197310 0.179522 1.611407 322.281373
 30.300000 1.863176 2.019627 0.156451 1.932415 2454.468750 1.911111 6.305293 1000.000000 1.894444 -0.385573 100.000000 5.919719 -400565.646770 1.473262 0.475651 95.130208 0.221983 2.463816 492.763292
 30.350000 1.859618 2.039859 0.180241 2.383022 2862.954039 1.911111 6.305293 1000.000000 1.894444 -0.385573 100.000000 5.919719 -400562.242088 1.532531 0.073213 14.642654 0.227764 2.593827 518.765349
 30.400000 1.889346 2.133514 0.244168 3.094583 1045.267455 1.911111 6.305293 1000.000000 1.894444 -0.385573 100.000000 5.919719 -400564.075377 1.506300 0.207988 41.597534 0.203910 2.078960 415.791909
 30.450000 1.861633 2.026514 0.164882 2.096184 2622.553793 1.911111 6.305293 1000.000000 1.894444 -0.385573 100.000000 5.919719 -400563.288527 1.439449 0.862607 172.521424 0.203253 2.065596 413.119245
 30.500000 1.878120 2.111261 0.233141 2.894666 1558.501633 1.911111 6.305293 1000.000000 1.894444 -0.385573 100.000000 5.919719 -400565.164911 1.499558 0.253748 50.749513 0.249551 3.113779 622.755799
 30.550000 1.865575 2.007067 0.141493 1.670980 2200.410150 1.911111 6.305293 1000.000000 1.894444 -0.385573 100.000000 5.919719 -400564.254396 1.467745 0.530976 106.195148 0.192467 1.852183 370.436609
 30.600000 1.881563 2.129239 0.247675 3.192951 1424.353598 1.911111 6.305293 1000.000000 1.894444 -0.385573 100.000000 5.919719 -400562.764026 1.493030 0.302379 60.475806 0.167123 1.396503 279.300618
 30.650000 1.892294 2.033438 0.141143 1.142994 547.265338 1.911111 6.305293 1000.000000 1.894444 -0.385573 100.000000 5.919719 -400562.380257 1.509641 0.186999 37.399808 0.232824 2.710352 542.070320
 30.700000 1.890649 2.044928 0.154279 1.341618 645.147998 1.911111 6.305293 1000.000000 1.894444 -0.385573 100.000000 5.919719 -400567.246552 1.463159 0.579294 115.858732 0.223833 2.505050 501.009906
 30.750000 1.863591 2.139909 0.276317 4.141704 2860.665611 1.911111 6.305293 1000.000000 1.894444 -0.385573 100.000000 5.919719 -400565.996264 1.482485 0.389944 77.988834 0.193420 1.870561 374.112136
 30.800000 1.853631 2.026656 0.173025 2.525978 3478.755041 1.911111 6.305293 1000.000000 1.894444 -0.385573 100.000000 5.919719 -400567.840019 1.463111 0.579808 115.961552 0.198050 1.961185 392.236911
 30.850000 1.875114 2.104937 0.229824 2.863275 1738.898562 1.911111 6.305293 1000.000000 1.894444 -0.385573 100.000000 5.919719 -400567.144093 1.488067 0.342210 68.441999 0.229766 2.639629 527.925720
 30.900000 1.877636 2.039539 0.161903 1.612909 1331.099668 1.911111 6.305293 1000.000000 1.894444 -0.385573 100.000000 5.919719 -400565.589079 1.530869 0.079709 15.941760 0.177578 1.576706 315.341162
 30.950000 1.861618 2.129195 0.267577 3.980161 3000.613691 1.911111 6.305293 1000.000000 1.894444 -0.385573 100.000000 5.919719 -400567.264873 1.484126 0.375583 75.116677 0.200807 2.016166 403.233143
 31.000000 1.859630 2.031220 0.171590 2.260522 2837.371164 1.911111 6.305293 1000.000000 1.894444 -0.385573 100.000000 5.919719 -400567.409695 1.478378 0.427062 85.412338 0.233568 2.727710 545.542067
 31.050000 1.852374 2.110190 0.257816 4.052345 3915.545198 1.911111 6.305293 1000.000000 1.894444 -0.385573 100.000000 5.919719 -400563.974157 1.495544 0.283146 56.629143 0.195636 1.913680 382.735989
 31.100000 1.873324 2.094959 0.221635 2.724243 1829.950776 1.911111 6.305293 1000.000000 1.894444 -0.385573 100.000000 5.919719 -400567.241028 1.504958 0.216737 43.347448 0.175319 1.536837 307.367387
 31.150000 1.864427 2.046606 0.182180 2.247384 2410.971980 1.911111 6.305293 1000.000000 1.894444 -0.385573 100.000000 5.919719 -400563.781815 1.497236 0.270559 54.111840 0.213280 2.274412 454.882478
 31.200000 1.869682 2.088336 0.218654 2.737881 2092.307513 1.911111 6.305293 1000.000000 1.894444 -0.385573 100.000000 5.919719 -400568.073612 1.468577 0.522435 104.486994 0.223342 2.494079 498.815746
 31.250000 1.879322 2.045490 0.166167 1.645994 1238.663137 1.911111 6.305293 1000.000000 1.894444 -0.385573 100.000000 5.919719 -400566.470156 1.443371 0.811858 162.371595 0.179569 1.612252 322.450433
 31.300000 1.890115 2.135016 0.244901 3.114147 1019.592590 1.911111 6.305293 1000.000000 1.894444 -0.385573 100.000000 5.919719 -400565.614257 1.492167 0.309127 61.825323 0.215404 2.319936 463.987208
 31.350000 1.875383 1.976432 0.101048 0.974327 1343.685119 1.911111 6.305293 1000.000000 1.894444 -0.385573 100.000000 5.919719 -400566.758117 1.499549 0.253807 50.761379 0.210371 2.212802 442.560469
 31.400000 1.867794 2.145800 0.278006 4.097186 2508.203324 1.911111 6.305293 1000.000000 1.894444 -0.385573 100.000000 5.919719 -400566.416360 1.484531 0.372088 74.417536 0.197246 1.945302 389.060356
 31.450000 1.896107 2.038563 0.142456 1.151072 432.817345 1.911111 6.305293 1000.000000 1.894444 -0.385573 100.000000 5.919719 -400563.681467 1.467508 0.533420 106.684039 0.174288 1.518817 303.763453
 31.500000 1.860480 2.093960 0.233480 3.272070 2961.565413 1.911111 6.305293 1000.000000 1.894444 -0.385573 100.000000 5.919719 -400566.991145 1.475245 0.456499 91.299814 0.257273 3.309481 661.896141
 31.550000 1.856137 2.060443 0.204306 2.888847 3297.703108 1.911111 6.305293 1000.000000 1.894444 -0.385573 100.000000 5.919719 -400562.749196 1.500445 0.247468 49.493621 0.203449 2.069572 413.914388
 31.600000 1.863334 2.108378 0.245044 3.429711 2740.346850 1.911111 6.305293 1000.000000 1.894444 -0.385573 100.000000 5.919719 -400566.871058 1.505580 0.212655 42.531063 0.155228 1.204787 240.957388
 31.650000 1.890360 2.064811 0.174451 1.666541 720.841264 1.911111 6.305293 1000.000000 1.894444 -0.385573 100.000000 5.919719 -400561.974551 1.498084 0.264353 52.870667 0.216994 2.354326 470.865215
 31.700000 1.887137 2.013234 0.126097 0.992924 715.867402 1.911111 6.305293 1000.000000 1.894444 -0.385573 100.000000 5.919719 -400565.640326 1.466204 0.546977 109.395367 0.252924 3.198515 639.703037
 31.750000 1.884473 2.112271 0.227798 2.727210 1184.081467 1.911111 6.305293 1000.000000 1.894444 -0.385573 100.000000 5.919719 -400565.481160 1.468384 0.524417 104.883348 0.200754 2.015116 403.023240
 31.800000 1.871101 2.088385 0.217285 2.681071 1976.971779 1.911111 6.305293 1000.000000 1.894444 -0.385573 100.000000 5.919719 -400566.792732 1.480731 0.405587 81.117365 0.190399 1.812594 362.518837
 31.850000 1.859679 2.021710 0.162031 2.132451 2807.225701 1.911111 6.305293 1000.000000 1.894444 -0.385573 100.000000 5.919719 -400564.897736 1.487497 0.346942 69.388329 0.218924 2.396396 479.279298
 31.900000 1.866913 2.059566 0.192652 2.339973 2226.093683 1.911111 6.305293 1000.000000 1.894444 -0.385573 100.000000 5.919719 -400566.576332 1.511943 0.173187 34.637374 0.216875 2.351735 470.346977
 31.950000 1.863505 2.091193 0.227688 3.068659 2653.417093 1.911111 6.305293 1000.000000 1.894444 -0.385573 100.000000 5.919719 -400565.695190 1.488924 0.335152 67.030414 0.162641 1.322602 264.520465
 32.000000 1.853356 2.141197 0.287841 4.712188 3944.561209 1.911111 6.305293 1000.000000 1.894444 -0.385573 100.000000 5.919719 -400569.993800 1.477686 0.433475 86.695056 0.216001 2.332829 466.565813
 32.050000 1.893438 1.959785 0.066347 0.369631 355.015446 1.911111 6.305293 1000.000000 1.894444 -0.385573 100.000000 5.919719 -400562.130253 1.452720 0.697098 139.419621 0.224266 2.514761 502.952258
 32.100000 1.875225 2.129094 0.253868 3.396914 1838.405535 1.911111 6.305293 1000.000000 1.894444 -0.385573 100.000000 5.919719 -400566.948101 1.507038 0.203255 40.651005 0.215120 2.313836 462.767276
 32.150000 1.901463 2.008252 0.106789 0.694156 222.612111 1.911111 6.305293 1000.000000 1.894444 -0.385573 100.000000 5.919719 -400561.915020 1.502444 0.233604 46.720827 0.161529 1.304573 260.914564
 32.200000 1.868974 2.127690 0.258716 3.607933 2319.548219 1.911111 6.305293 1000.000000 1.894444 -0.385573 100.000000 5.919719 -400568.707865 1.458763 0.627576 125.515206 0.220851 2.438764 487.752808
 32.250000 1.863927 2.015882 0.151955 1.850518 2373.794255 1.911111 6.305293 1000.000000 1.894444 -0.385573 100.000000 5.919719 -400566.395239 1.513794 0.162462 32.492361 0.208760 2.179034 435.806724
 32.300000 1.847471 2.147446 0.299975 5.225543 4690.210699 1.911111 6.305293 1000.000000 1.894444 -0.385573 100.000000 5.919719 -400568.054399 1.473244 0.475824 95.164811 0.199083 1.981698 396.339570
 32.350000 1.866834 2.085598 0.218764 2.807229 2325.881045 1.911111 6.305293 1000.000000 1.894444 -0.385573 100.000000 5.919719 -400566.812706 1.476399 0.445544 89.108889 0.190067 1.806275 361.255007
 32.400000 1.888881 2.051777 0.162896 1.484773 741.723655 1.911111 6.305293 1000.000000 1.894444 -0.385573 100.000000 5.919719 -400565.005163 1.553566 0.014844 2.968855 0.238664 2.848020 569.603969
 32.450000 1.873438 2.058122 0.184684 2.049155 1687.173586 1.911111 6.305293 1000.000000 1.894444 -0.385573 100.000000 5.919719 -400567.772291 1.446837 0.768299 153.659716 0.199570 1.991414 398.282813
 32.500000 1.877884 2.088475 0.210591 2.434407 1480.496351 1.911111 6.305293 1000.000000 1.894444 -0.385573 100.000000 5.919719 -400565.132339 1.484608 0.371418 74.283518 0.185162 1.714257 342.851332
 32.550000 1.848654 2.111740 0.263086 4.311289 4373.022073 1.911111 6.305293 1000.000000 1.894444 -0.385573 100.000000 5.919719 -400569.414809 1.511195 0.177619 35.523776 0.225470 2.541829 508.365819
 32.600000 1.885458 2.018380 0.132922 1.097037 811.671106 1.911111 6.305293 1000.000000 1.894444 -0.385573 100.000000 5.919719 -400565.821433 1.430319 0.986694 197.338754 0.250198 3.129962 625.992460
 32.650000 1.878777 2.103224 0.224446 2.702178 1481.366342 1.911111 6.305293 1000.000000 1.894444 -0.385573 100.000000 5.919719 -400563.845684 1.575952 0.001329 0.265802 0.186810 1.744902 348.980366
 32.700000 1.864367 2.108526 0.244159 3.384047 2643.305311 1.911111 6.305293 1000.000000 1.894444 -0.385573 100.000000 5.919719 -400568.102021 1.484072 0.376058 75.211651 0.188761 1.781528 356.305605
 32.750000 1.854318 2.008206 0.153887 2.259787 3354.825533 1.911111 6.305293 1000.000000 1.894444 -0.385573 100.000000 5.919719 -400567.718549 1.497033 0.272051 54.410229 0.227955 2.598174 519.634701
 32.800000 1.871163 2.168708 0.297545 4.558935 2348.043287 1.911111 6.305293 1000.000000 1.894444 -0.385573 100.000000 5.919719 -400569.590987 1.537005 0.057092 11.418466 0.224443 2.518722 503.744469
 32.850000 1.883749 1.994057 0.110308 0.870478 847.909179 1.911111 6.305293 1000.000000 1.894444 -0.385573 100.000000 5.919719 -400563.519165 1.409500 1.300821 260.164248 0.189834 1.801838 360.367629
 32.900000 1.871331 2.113861 0.242530 3.198422 2063.911657 1.911111 6.305293 1000.000000 1.894444 -0.385573 100.000000 5.919719 -400567.927310 1.503310 0.227723 45.544530 0.211006 2.226166 445.233222
 32.950000 1.840018 2.072387 0.232369 4.110302 5370.875971 1.911111 6.305293 1000.000000 1.894444 -0.385573 100.000000 5.919719 -400568.155595 1.539937 0.047615 9.522923 0.205843 2.118575 423.715050
 33.000000 1.909176 2.018743 0.109566 0.774375 158.243865 1.911111 6.305293 1000.000000 1.894444 -0.385573 100.000000 5.919719 -400564.503038 1.430232 0.987915 197.583071 0.207858 2.160252 432.050336
 33.050000 1.873228 2.149857 0.276629 3.979330 2087.470163 1.911111 6.305293 1000.000000 1.894444 -0.385573 100.000000 5.919719 -400567.302155 1.526053 0.100098 20.019597 0.213739 2.284217 456.843330
 33.100000 1.897819 2.000226 0.102408 0.647836 288.587322 1.911111 6.305293 1000.000000 1.894444 -0.385573 100.000000 5.919719 -400562.545236 1.448959 0.742213 148.442612 0.212487 2.257544 451.508800
 33.150000 1.873033 2.124928 0.251895 3.381097 1981.151441 1.911111 6.305293 1000.000000 1.894444 -0.385573 100.000000 5.919719 -400567.781747 1.425962 1.048846 209.769259 0.216134 2.335698 467.139563
 33.200000 1.896264 2.026754 0.130490 0.985508 395.499046 1.911111 6.305293 1000.000000 1.894444 -0.385573 100.000000 5.919719 -400564.504056 1.564956 0.001705 0.341044 0.174690 1.525824 305.164856
 33.250000 1.851809 2.108584 0.256775 4.051139 3975.248378 1.911111 6.305293 1000.000000 1.894444 -0.385573 100.000000 5.919719 -400570.309100 1.467906 0.529319 105.863709 0.220881 2.439411 487.882111
 33.300000 1.841391 2.048967 0.207575 3.624281 5099.625441 1.911111 6.305293 1000.000000 1.894444 -0.385573 100.000000 5.919719 -400566.204437 1.511316 0.176895 35.379024 0.213012 2.268710 453.742042
 33.350000 1.824362 2.157055 0.332693 7.210915 8215.063723 1.911111 6.305293 1000.000000 1.894444 -0.385573 100.000000 5.919719 -400570.405977 1.533019 0.071357 14.271393 0.191126 1.826455 365.290921
 33.400000 1.814764 2.049453 0.234689 5.842778 9523.062234 1.911111 6.305293 1000.000000 1.894444 -0.385573 100.000000 5.919719 -400567.381593 1.458485 0.630696 126.139248 0.182597 1.667089 333.417701
 33.450000 1.837471 2.087307 0.249836 4.571235 5794.849866 1.911111 6.305293 1000.000000 1.894444 -0.385573 100.000000 5.919719 -400566.654320 1.595913 0.031543 6.308575 0.208559 2.174845 434.969084
 33.500000 1.838633 2.119143 0.280510 5.151025 5758.014085 1.911111 6.305293 1000.000000 1.894444 -0.385573 100.000000 5.919719 -400570.084472 1.481131 0.401996 80.399181 0.191562 1.834792 366.958467
 33.550000 1.921520 2.010341 0.088821 0.725771 242.658867 1.911111 6.305293 1000.000000 1.894444 -0.385573 100.000000 5.919719 -400564.760496 1.391832 1.601403 320.280615 0.215152 2.314512 462.902407
 33.600000 1.897329 2.132844 0.235515 2.936689 758.289569 1.911111 6.305293 1000.000000 1.894444 -0.385573 100.000000 5.919719 -400565.560619 1.559761 0.006089 1.217853 0.241481 2.915657 583.131444
 33.650000 1.925922 1.971301 0.045379 0.405030 278.436332 1.911111 6.305293 1000.000000 1.894444 -0.385573 100.000000 5.919719 -400562.745437 1.454907 0.671512 134.302404 0.230070 2.646604 529.320825
 33.700000 1.878503 2.136811 0.258308 3.468727 1650.729883 1.911111 6.305293 1000.000000 1.894444 -0.385573 100.000000 5.919719 -400565.438875 1.511740 0.174385 34.876943 0.183508 1.683761 336.752171
 33.750000 1.902335 2.043009 0.140674 1.142078 297.734426 1.911111 6.305293 1000.000000 1.894444 -0.385573 100.000000 5.919719 -400564.296074 1.477189 0.438119 87.623716 0.203216 2.064845 412.968933
 33.800000 1.860957 2.079830 0.218873 2.976115 2859.113417 1.911111 6.305293 1000.000000 1.894444 -0.385573 100.000000 5.919719 -400565.474425 1.462163 0.590055 118.010956 0.225390 2.540042 508.008409
 33.850000 1.845335 2.127185 0.281850 4.871653 4868.159438 1.911111 6.305293 1000.000000 1.894444 -0.385573 100.000000 5.919719 -400569.364366 1.512803 0.168162 33.632404 0.225310 2.538223 507.644680
 33.900000 1.838012 2.081726 0.243714 4.425465 5694.251699 1.911111 6.305293 1000.000000 1.894444 -0.385573 100.000000 5.919719 -400565.834037 1.570664 0.000001 0.000174 0.165526 1.369945 273.988949
 33.950000 1.833410 2.118403 0.284993 5.526602 6539.032378 1.911111 6.305293 1000.000000 1.894444 -0.385573 100.000000 5.919719 -400567.379397 1.490775 0.320168 64.033667 0.205849 2.118693 423.738572
 34.000000 1.848601 2.046103 0.197503 3.103806 4137.577902 1.911111 6.305293 1000.000000 1.894444 -0.385573 100.000000 5.919719 -400565.581889 1.578233 0.002765 0.552968 0.200784 2.015707 403.141308
 34.050000 1.835639 2.138040 0.302401 5.814928 6289.356101 1.911111 6.305293 1000.000000 1.894444 -0.385573 100.000000 5.919719 -400570.429527 1.474163 0.466899 93.379787 0.192975 1.861976 372.395180
 34.100000 1.886686 2.073583 0.186897 1.902833 917.513976 1.911111 6.305293 1000.000000 1.894444 -0.385573 100.000000 5.919719 -400566.787447 1.491550 0.314001 62.800203 0.179693 1.614478 322.895598
 34.150000 1.856473 2.118816 0.262343 4.009767 3488.702025 1.911111 6.305293 1000.000000 1.894444 -0.385573 100.000000 5.919719 -400570.563584 1.484618 0.371334 74.266804 0.238579 2.846004 569.200767
 34.200000 1.875255 2.015614 0.140359 1.376937 1432.484271 1.911111 6.305293 1000.000000 1.894444 -0.385573 100.000000 5.919719 -400564.463868 1.465607 0.553240 110.647955 0.193375 1.869695 373.939038
 34.250000 1.869748 2.173952 0.304204 4.761674 2492.130036 1.911111 6.305293 1000.000000 1.894444 -0.385573 100.000000 5.919719 -400567.682393 1.545322 0.032448 6.489521 0.191065 1.825286 365.057121
 34.300000 1.911103 1.973552 0.062449 0.312901 62.580332 1.911111 6.305293 1000.000000 1.894444 -0.385573 100.000000 5.919719 -400563.269246 1.449858 0.731301 146.260199 0.175761 1.544591 308.918243
 34.350000 1.862697 2.122765 0.260067 3.778460 2865.213007 1.911111 6.305293 1000.000000 1.894444 -0.385573 100.000000 5.919719 -400567.804546 1.511594 0.175247 35.049304 0.256375 3.286396 657.279138
 34.400000 1.899796 2.043543 0.143747 1.175540 350.339306 1.911111 6.305293 1000.000000 1.894444 -0.385573 100.000000 5.919719 -400563.685952 1.474552 0.463147 92.629494 0.185404 1.718739 343.747792
 34.450000 1.884030 2.131921 0.247891 3.186445 1297.340301 1.911111 6.305293 1000.000000 1.894444 -0.385573 100.000000 5.919719 -400565.523470 1.406014 1.357662 271.532431 0.178200 1.587767 317.553495
 34.500000 1.861636 2.056274 0.194638 2.533314 2709.636358 1.911111 6.305293 1000.000000 1.894444 -0.385573 100.000000 5.919719 -400565.654730 1.562381 0.003541 0.708214 0.212532 2.258482 451.696443
 34.550000 1.858613 2.066896 0.208283 2.865017 3053.486631 1.911111 6.305293 1000.000000 1.894444 -0.385573 100.000000 5.919719 -400567.957083 1.490387 0.323280 64.655925 0.245826 3.021518 604.303527
 34.600000 1.891523 2.109767 0.218244 2.510034 847.328842 1.911111 6.305293 1000.000000 1.894444 -0.385573 100.000000 5.919719 -400562.946644 1.483370 0.382166 76.433154 0.160555 1.288888 257.777527
 34.650000 1.879581 2.099898 0.220317 2.607639 1416.285398 1.911111 6.305293 1000.000000 1.894444 -0.385573 100.000000 5.919719 -400564.959540 1.525226 0.103834 20.766843 0.179043 1.602827 320.565406
 34.700000 1.859056 2.090331 0.231275 3.273462 3093.496634 1.911111 6.305293 1000.000000 1.894444 -0.385573 100.000000 5.919719 -400567.733224 1.430313 0.986779 197.355721 0.262925 3.456490 691.297989
 34.750000 1.895623 1.995353 0.099730 0.629066 341.708574 1.911111 6.305293 1000.000000 1.894444 -0.385573 100.000000 5.919719 -400561.702343 1.556520 0.010190 2.038021 0.237077 2.810277 562.055378
 34.800000 1.845137 2.213313 0.368176 7.260125 5369.318887 1.911111 6.305293 1000.000000 1.894444 -0.385573 100.000000 5.919719 -400569.607659 1.506295 0.208019 41.603800 0.178528 1.593606 318.721295
 34.850000 1.865978 2.003268 0.137291 1.610649 2155.463976 1.911111 6.305293 1000.000000 1.894444 -0.385573 100.000000 5.919719 -400565.742674 1.484971 0.368295 73.659062 0.171498 1.470571 294.114214
 34.900000 1.855772 2.112150 0.256378 3.901007 3536.393168 1.911111 6.305293 1000.000000 1.894444 -0.385573 100.000000 5.919719 -400568.971869 1.506633 0.205846 41.169175 0.253119 3.203465 640.693028
 34.950000 1.875570 2.071510 0.195940 2.199191 1576.675849 1.911111 6.305293 1000.000000 1.894444 -0.385573 100.000000 5.919719 -400566.463271 1.462112 0.590611 118.122275 0.205761 2.116870 423.373978
 35.000000 1.880964 2.072724 0.191760 2.043610 1226.707751 1.911111 6.305293 1000.000000 1.894444 -0.385573 100.000000 5.919719 -400566.508308 1.482678 0.388244 77.648712 0.179492 1.610869 322.173741
 35.050000 1.883004 2.105695 0.222690 2.626331 1236.266274 1.911111 6.305293 1000.000000 1.894444 -0.385573 100.000000 5.919719 -400567.752238 1.497761 0.266708 53.341646 0.236413 2.794548 558.909673
 35.100000 1.878824 1.977308 0.098484 0.864549 1111.126923 1.911111 6.305293 1000.000000 1.894444 -0.385573 100.000000 5.919719 -400566.581034 1.500518 0.246953 49.390565 0.219773 2.415012 483.002329
 35.150000 1.885338 2.158517 0.273180 3.818861 1361.614125 1.911111 6.305293 1000.000000 1.894444 -0.385573 100.000000 5.919719 -400568.080276 1.456536 0.652773 130.554548 0.205948 2.120721 424.144248
 35.200000 1.871405 2.057266 0.185861 2.113836 1841.685863 1.911111 6.305293 1000.000000 1.894444 -0.385573 100.000000 5.919719 -400566.123894 1.478866 0.422557 84.511360 0.191613 1.835780 367.156063
 35.250000 1.853237 2.062966 0.209729 3.094680 3633.414452 1.911111 6.305293 1000.000000 1.894444 -0.385573 100.000000 5.919719 -400569.218390 1.467116 0.537479 107.495860 0.235991 2.784586 556.917215
 35.300000 1.862481 2.083018 0.220537 2.960432 2720.477517 1.911111 6.305293 1000.000000 1.894444 -0.385573 100.000000 5.919719 -400569.433107 1.516074 0.149727 29.945387 0.208552 2.174703 434.940693
 35.350000 1.861848 2.088296 0.226448 3.092331 2802.609195 1.911111 6.305293 1000.000000 1.894444 -0.385573 100.000000 5.919719 -400567.322262 1.527128 0.095345 19.068965 0.158303 1.252986 250.597203
 35.400000 1.876319 2.090051 0.213733 2.518365 1593.139374 1.911111 6.305293 1000.000000 1.894444 -0.385573 100.000000 5.919719 -400568.655256 1.455545 0.664147 132.829464 0.245263 3.007693 601.538560
 35.450000 1.886524 1.981542 0.095019 0.681573 680.402737 1.911111 6.305293 1000.000000 1.894444 -0.385573 100.000000 5.919719 -400565.656635 1.478673 0.424336 84.867222 0.220845 2.438621 487.724220
 35.500000 1.888744 2.178255 0.289511 4.277564 1305.772507 1.911111 6.305293 1000.000000 1.894444 -0.385573 100.000000 5.919719 -400567.863910 1.462552 0.585842 117.168450 0.191421 1.832099 366.419729
 35.550000 1.912348 1.969572 0.057224 0.282969 57.970451 1.911111 6.305293 1000.000000 1.894444 -0.385573 100.000000 5.919719 -400562.856256 1.467993 0.528430 105.686025 0.197935 1.958915 391.783044
 35.600000 1.897776 2.082364 0.184588 1.854605 530.969246 1.911111 6.305293 1000.000000 1.894444 -0.385573 100.000000 5.919719 -400567.441394 1.517141 0.143945 28.788938 0.245268 3.007810 601.561966
 35.650000 1.874313 2.054547 0.180233 1.958676 1610.409036 1.911111 6.305293 1000.000000 1.894444 -0.385573 100.000000 5.919719 -400564.811824 1.457599 0.640684 128.136888 0.196493 1.930480 386.096007
 35.700000 1.834503 2.122779 0.288277 5.541260 6390.200957 1.911111 6.305293 1000.000000 1.894444 -0.385573 100.000000 5.919719 -400568.545049 1.446357 0.774262 154.852373 0.186999 1.748424 349.684745
 35.750000 1.825680 2.106368 0.280688 5.894792 7747.530026 1.911111 6.305293 1000.000000 1.894444 -0.385573 100.000000 5.919719 -400567.530942 1.526491 0.098147 19.629381 0.219671 2.412759 482.551701
 35.800000 1.838283 2.033991 0.195708 3.625649 5498.711207 1.911111 6.305293 1000.000000 1.894444 -0.385573 100.000000 5.919719 -400564.431258 1.521017 0.123898 24.779520 0.228051 2.600353 520.070524
 35.850000 1.820419 2.140990 0.320572 7.151816 8832.994455 1.911111 6.305293 1000.000000 1.894444 -0.385573 100.000000 5.919719 -400568.927966 1.499458 0.254458 50.891518 0.160524 1.288406 257.681146
 35.900000 1.855404 2.097018 0.241614 3.603462 3513.670779 1.911111 6.305293 1000.000000 1.894444 -0.385573 100.000000 5.919719 -400566.618142 1.539922 0.047661 9.532287 0.196966 1.939782 387.956379
 35.950000 1.863695 2.054528 0.190833 2.405480 2504.549566 1.911111 6.305293 1000.000000 1.894444 -0.385573 100.000000 5.919719 -400568.112892 1.438059 0.880966 176.193217 0.252234 3.181110 636.221936
 36.000000 1.903778 2.050440 0.146662 1.243623 297.118268 1.911111 6.305293 1000.000000 1.894444 -0.385573 100.000000 5.919719 -400564.221469 1.496277 0.277654 55.530732 0.215171 2.314919 462.983896
 36.050000 1.932640 2.058694 0.126054 1.580640 733.272162 1.911111 6.305293 1000.000000 1.894444 -0.385573 100.000000 5.919719 -400563.292264 1.502999 0.229824 45.964879 0.163086 1.329853 265.970598
 36.100000 1.898314 2.070311 0.171996 1.628325 473.050729 1.911111 6.305293 1000.000000 1.894444 -0.385573 100.000000 5.919719 -400566.516816 1.450045 0.729048 145.809560 0.219303 2.404688 480.937558
 36.150000 1.894101 1.990266 0.096165 0.603755 381.154274 1.911111 6.305293 1000.000000 1.894444 -0.385573 100.000000 5.919719 -400566.332779 1.514870 0.156386 31.277158 0.251681 3.167177 633.435430
 36.200000 1.869169 2.139754 0.270585 3.888412 2360.905623 1.911111 6.305293 1000.000000 1.894444 -0.385573 100.000000 5.919719 -400567.711894 1.454475 0.676533 135.306502 0.197506 1.950432 390.086375
 36.250000 1.852367 2.063872 0.211506 3.160738 3737.955543 1.911111 6.305293 1000.000000 1.894444 -0.385573 100.000000 5.919719 -400564.364130 1.476409 0.445452 89.090331 0.152361 1.160695 232.139097
 36.300000 1.833021 2.133175 0.300154 5.898648 6668.007464 1.911111 6.305293 1000.000000 1.894444 -0.385573 100.000000 5.919719 -400567.384378 1.573404 0.000340 0.068019 0.255629 3.267310 653.462058
 36.350000 1.837325 1.996831 0.159505 3.246314 5549.163474 1.911111 6.305293 1000.000000 1.894444 -0.385573 100.000000 5.919719 -400567.363886 1.458354 0.632169 126.433805 0.206928 2.140963 428.192577
 36.400000 1.859769 2.148770 0.289002 4.552107 3282.870456 1.911111 6.305293 1000.000000 1.894444 -0.385573 100.000000 5.919719 -400568.614091 1.523786 0.110497 22.099494 0.175890 1.546867 309.373324
 36.450000 1.872995 2.079868 0.206873 2.445507 1796.653845 1.911111 6.305293 1000.000000 1.894444 -0.385573 100.000000 5.919719 -400567.552227 1.538438 0.052353 10.470627 0.204445 2.089893 417.978553
 36.500000 1.876183 1.985583 0.109400 1.025302 1303.040874 1.911111 6.305293 1000.000000 1.894444 -0.385573 100.000000 5.919719 -400562.875502 1.429034 1.004831 200.966267 0.268686 3.609615 721.923081
 36.550000 1.878188 2.090779 0.212591 2.469336 1469.433906 1.911111 6.305293 1000.000000 1.894444 -0.385573 100.000000 5.919719 -400566.941668 1.527698 0.092872 18.574487 0.213626 2.281794 456.358874
 36.600000 1.876242 2.120776 0.244534 3.169213 1728.089431 1.911111 6.305293 1000.000000 1.894444 -0.385573 100.000000 5.919719 -400565.937687 1.495012 0.287161 57.432263 0.174747 1.526827 305.365478
 36.650000 1.857480 2.017832 0.160352 2.199371 3028.545766 1.911111 6.305293 1000.000000 1.894444 -0.385573 100.000000 5.919719 -400564.864653 1.463577 0.574801 114.960234 0.219258 2.403706 480.741286
 36.700000 1.886783 2.069221 0.182438 1.823270 897.336899 1.911111 6.305293 1000.000000 1.894444 -0.385573 100.000000 5.919719 -400565.017603 1.552786 0.016219 3.243890 0.256329 3.285235 657.046967
 36.750000 1.876725 2.075702 0.198978 2.233937 1510.970251 1.911111 6.305293 1000.000000 1.894444 -0.385573 100.000000 5.919719 -400562.787395 1.443322 0.812490 162.498027 0.150303 1.129542 225.908445
 36.800000 1.875787 2.141582 0.265796 3.677766 1858.589192 1.911111 6.305293 1000.000000 1.894444 -0.385573 100.000000 5.919719 -400565.896338 1.467690 0.531549 106.309727 0.225738 2.547871 509.574288
 36.850000 1.892229 1.958030 0.065801 0.380418 396.949602 1.911111 6.305293 1000.000000 1.894444 -0.385573 100.000000 5.919719 -400565.582257 1.484631 0.371222 74.244394 0.239794 2.875062 575.012490
 36.900000 1.879692 2.127846 0.248154 3.217398 1531.942593 1.911111 6.305293 1000.000000 1.894444 -0.385573 100.000000 5.919719 -400567.410267 1.479967 0.412497 82.499361 0.201002 2.020085 404.016900
 36.950000 1.909715 2.052944 0.143229 1.257074 253.169972 1.911111 6.305293 1000.000000 1.894444 -0.385573 100.000000 5.919719 -400564.126459 1.527220 0.094947 18.989330 0.141233 0.997339 199.467709
 37.000000 1.853040 2.107592 0.254552 3.957729 3826.571647 1.911111 6.305293 1000.000000 1.894444 -0.385573 100.000000 5.919719 -400567.090176 1.499650 0.253092 50.618320 0.258805 3.349007 669.801371
 37.050000 1.829243 2.010191 0.180947 4.021019 6836.294265 1.911111 6.305293 1000.000000 1.894444 -0.385573 100.000000 5.919719 -400569.310532 1.464623 0.563637 112.727362 0.227336 2.584072 516.814320
 37.100000 1.839581 2.199947 0.360366 7.224843 6049.810225 1.911111 6.305293 1000.000000 1.894444 -0.385573 100.000000 5.919719 -400569.860502 1.482660 0.388404 77.680803 0.171196 1.465411 293.082168
 37.150000 1.859988 2.050959 0.190970 2.531605 2858.507786 1.911111 6.305293 1000.000000 1.894444 -0.385573 100.000000 5.919719 -400564.403515 1.523261 0.112981 22.596129 0.163876 1.342775 268.554993
 37.200000 1.856934 2.075876 0.218942 3.113432 3264.283898 1.911111 6.305293 1000.000000 1.894444 -0.385573 100.000000 5.919719 -400566.738776 1.501749 0.238374 47.674824 0.260783 3.400393 680.078571
 37.250000 1.871284 2.062580 0.191296 2.206573 1868.871523 1.911111 6.305293 1000.000000 1.894444 -0.385573 100.000000 5.919719 -400565.084236 1.513918 0.161754 32.350896 0.192561 1.853994 370.798839
 37.300000 1.884368 2.119992 0.235624 2.901179 1223.921211 1.911111 6.305293 1000.000000 1.894444 -0.385573 100.000000 5.919719 -400566.715466 1.457564 0.641083 128.216633 0.190178 1.808386 361.677293
 37.350000 1.917888 2.042063 0.124175 1.112516 263.832442 1.911111 6.305293 1000.000000 1.894444 -0.385573 100.000000 5.919719 -400566.458339 1.425249 1.059206 211.841237 0.221174 2.445886 489.177232
 37.400000 1.879048 2.040724 0.161676 1.583918 1242.041084 1.911111 6.305293 1000.000000 1.894444 -0.385573 100.000000 5.919719 -400565.004446 1.520593 0.126019 25.203753 0.239353 2.864498 572.899548
 37.450000 1.887339 2.054511 0.167172 1.563621 821.314263 1.911111 6.305293 1000.000000 1.894444 -0.385573 100.000000 5.919719 -400567.141895 1.479490 0.416844 83.368745 0.190884 1.821826 364.365260
 37.500000 1.847249 2.100488 0.253239 4.161864 4502.869705 1.911111 6.305293 1000.000000 1.894444 -0.385573 100.000000 5.919719 -400567.987837 1.482796 0.387200 77.440054 0.182173 1.659354 331.870842
 37.550000 1.867802 2.067852 0.200050 2.441338 2176.360006 1.911111 6.305293 1000.000000 1.894444 -0.385573 100.000000 5.919719 -400564.615120 1.548885 0.024006 4.801259 0.243668 2.968707 593.741314
 37.600000 1.819961 2.075555 0.255594 5.794194 8636.291363 1.911111 6.305293 1000.000000 1.894444 -0.385573 100.000000 5.919719 -400569.459144 1.426820 1.036458 207.291511 0.234908 2.759094 551.818751
 37.650000 1.895895 2.054651 0.158756 1.399073 488.197265 1.911111 6.305293 1000.000000 1.894444 -0.385573 100.000000 5.919719 -400562.633472 1.561129 0.004673 0.934525 0.169171 1.430941 286.188227
 37.700000 1.842949 2.155752 0.312802 5.737081 5328.829863 1.911111 6.305293 1000.000000 1.894444 -0.385573 100.000000 5.919719 -400569.027672 1.518935 0.134477 26.895491 0.194945 1.900179 380.035857
 37.750000 1.874844 1.978541 0.103696 1.011250 1386.006538 1.911111 6.305293 1000.000000 1.894444 -0.385573 100.000000 5.919719 -400564.943168 1.462415 0.587329 117.465710 0.212218 2.251815 450.362949
 37.800000 1.888823 2.128830 0.240007 2.995202 1046.119393 1.911111 6.305293 1000.000000 1.894444 -0.385573 100.000000 5.919719 -400568.223629 1.504681 0.218559 43.711782 0.214037 2.290592 458.118414
 37.850000 1.887456 2.089952 0.202496 2.190934 941.795668 1.911111 6.305293 1000.000000 1.894444 -0.385573 100.000000 5.919719 -400565.668696 1.444164 0.801791 160.358244 0.198397 1.968061 393.612187
 37.900000 1.892384 2.013044 0.120660 0.878652 491.371865 1.911111 6.305293 1000.000000 1.894444 -0.385573 100.000000 5.919719 -400564.274840 1.432238 0.959924 191.984812 0.230957 2.667060 533.411940
 37.950000 1.911440 2.076658 0.165218 1.660144 332.125954 1.911111 6.305293 1000.000000 1.894444 -0.385573 100.000000 5.919719 -400564.541156 1.525781 0.101320 20.263919 0.226021 2.554264 510.852712
 38.000000 1.880648 2.051530 0.170882 1.697795 1174.754694 1.911111 6.305293 1000.000000 1.894444 -0.385573 100.000000 5.919719 -400565.185908 1.466435 0.544566 108.913106 0.159183 1.266967 253.393475
 38.050000 1.884534 2.117749 0.233216 2.846432 1205.002110 1.911111 6.305293 1000.000000 1.894444 -0.385573 100.000000 5.919719 -400567.248463 1.487476 0.347117 69.423310 0.229252 2.627823 525.564587
 38.100000 1.874171 1.999390 0.125219 1.232953 1474.685560 1.911111 6.305293 1000.000000 1.894444 -0.385573 100.000000 5.919719 -400566.304806 1.491995 0.310482 62.096459 0.222507 2.475459 495.091833
 38.150000 1.881766 2.138772 0.257006 3.415367 1458.094111 1.911111 6.305293 1000.000000 1.894444 -0.385573 100.000000 5.919719 -400569.085740 1.452935 0.694560 138.912025 0.203329 2.067139 413.427704
 38.200000 1.837259 2.060789 0.223531 4.110618 5730.881701 1.911111 6.305293 1000.000000 1.894444 -0.385573 100.000000 5.919719 -400566.832112 1.497466 0.268868 53.773694 0.168017 1.411482 282.296341
 38.250000 1.834725 2.102580 0.267855 5.083453 6268.084670 1.911111 6.305293 1000.000000 1.894444 -0.385573 100.000000 5.919719 -400569.373036 1.548513 0.024827 4.965407 0.233854 2.734393 546.878606
 38.300000 1.845076 2.067558 0.222482 3.678719 4660.284750 1.911111 6.305293 1000.000000 1.894444 -0.385573 100.000000 5.919719 -400566.693086 1.476774 0.442010 88.402008 0.211047 2.227042 445.408321
 38.350000 1.888435 2.106283 0.217848 2.500874 962.940403 1.911111 6.305293 1000.000000 1.894444 -0.385573 100.000000 5.919719 -400563.328743 1.491822 0.311847 62.369372 0.177226 1.570446 314.089150
 38.400000 1.873929 2.085361 0.211432 2.513707 1746.994625 1.911111 6.305293 1000.000000 1.894444 -0.385573 100.000000 5.919719 -400568.222849 1.477797 0.432444 86.488783 0.225207 2.535905 507.180971
 38.450000 1.906753 1.999667 0.092914 0.563086 129.714362 1.911111 6.305293 1000.000000 1.894444 -0.385573 100.000000 5.919719 -400567.043550 1.448264 0.750711 150.142246 0.265267 3.518329 703.665763
 38.500000 1.910640 2.080503 0.169862 1.730995 346.398486 1.911111 6.305293 1000.000000 1.894444 -0.385573 100.000000 5.919719 -400562.557617 1.504055 0.222719 44.543738 0.168573 1.420850 284.170042
 38.550000 1.925199 2.052543 0.127344 1.348998 448.422722 1.911111 6.305293 1000.000000 1.894444 -0.385573 100.000000 5.919719 -400566.644614 1.462168 0.590007 118.001448 0.198070 1.961588 392.317615
 38.600000 1.884814 2.001679 0.116865 0.920725 806.525024 1.911111 6.305293 1000.000000 1.894444 -0.385573 100.000000 5.919719 -400567.715050 1.438456 0.875694 175.138725 0.262170 3.436646 687.329184
 38.650000 1.868593 2.153043 0.284450 4.247558 2476.511323 1.911111 6.305293 1000.000000 1.894444 -0.385573 100.000000 5.919719 -400565.297211 1.547334 0.027524 5.504811 0.216172 2.336511 467.302148
 38.700000 1.842879 2.080596 0.237717 4.060419 5002.135202 1.911111 6.305293 1000.000000 1.894444 -0.385573 100.000000 5.919719 -400568.067859 1.435008 0.921920 184.384015 0.171389 1.468701 293.740228
 38.750000 1.804180 2.120473 0.316293 8.271612 11945.216954 1.911111 6.305293 1000.000000 1.894444 -0.385573 100.000000 5.919719 -400573.652363 1.551106 0.019385 3.876991 0.215815 2.328811 465.762198
 38.800000 1.820108 2.061912 0.241804 5.543016 8561.950442 1.911111 6.305293 1000.000000 1.894444 -0.385573 100.000000 5.919719 -400569.033685 1.540227 0.046724 9.344734 0.206905 2.140484 428.096888
 38.850000 1.871165 2.075517 0.204352 2.437213 1923.564172 1.911111 6.305293 1000.000000 1.894444 -0.385573 100.000000 5.919719 -400566.051740 1.446572 0.771581 154.316225 0.172079 1.480564 296.112732
 38.900000 1.888938 2.145527 0.256589 3.397941 1122.076997 1.911111 6.305293 1000.000000 1.894444 -0.385573 100.000000 5.919719 -400567.202468 1.512935 0.167399 33.479804 0.173064 1.497562 299.512496
 38.950000 1.871312 2.063292 0.191980 2.217453 1869.053041 1.911111 6.305293 1000.000000 1.894444 -0.385573 100.000000 5.919719 -400567.410287 1.450678 0.721423 144.284651 0.208106 2.165410 433.082032
 39.000000 1.931919 2.023808 0.091888 1.053231 600.327645 1.911111 6.305293 1000.000000 1.894444 -0.385573 100.000000 5.919719 -400566.898683 1.457259 0.644538 128.907519 0.255645 3.267725 653.545021
 39.050000 1.908911 2.043656 0.134744 1.115618 227.478717 1.911111 6.305293 1000.000000 1.894444 -0.385573 100.000000 5.919719 -400564.160795 1.540358 0.046324 9.264727 0.197227 1.944929 388.985884
 39.100000 1.906110 2.103576 0.197466 2.199311 462.371715 1.911111 6.305293 1000.000000 1.894444 -0.385573 100.000000 5.919719 -400565.822492 1.451027 0.717232 143.446484 0.160798 1.292795 258.558922
 39.150000 1.878215 2.045066 0.166851 1.675407 1308.993466 1.911111 6.305293 1000.000000 1.894444 -0.385573 100.000000 5.919719 -400567.404370 1.432649 0.954229 190.845887 0.220354 2.427785 485.557095
 39.200000 1.868453 2.091423 0.222970 2.849891 2207.726401 1.911111 6.305293 1000.000000 1.894444 -0.385573 100.000000 5.919719 -400570.046723 1.525594 0.102164 20.432878 0.244032 2.977577 595.515345
 39.250000 1.830677 2.082963 0.252286 5.011778 6825.031370 1.911111 6.305293 1000.000000 1.894444 -0.385573 100.000000 5.919719 -400571.020542 1.469289 0.515188 103.037510 0.194787 1.897108 379.421568
 39.300000 1.858776 2.122056 0.263280 3.959844 3257.059469 1.911111 6.305293 1000.000000 1.894444 -0.385573 100.000000 5.919719 -400567.608518 1.562652 0.003317 0.663379 0.151684 1.150395 230.078996
 39.350000 1.904036 2.128267 0.224231 2.758674 596.791913 1.911111 6.305293 1000.000000 1.894444 -0.385573 100.000000 5.919719 -400566.198440 1.564691 0.001864 0.372810 0.104070 0.541529 108.305844
 39.400000 1.866624 2.259542 0.392918 7.654381 3312.100005 1.911111 6.305293 1000.000000 1.894444 -0.385573 100.000000 5.919719 -400569.181759 1.492998 0.302629 60.525836 0.054671 0.149443 29.888675
 39.450000 1.887587 2.184645 0.297058 4.487508 1395.527459 1.911111 6.305293 1000.000000 1.894444 -0.385573 100.000000 5.919719 -400566.362051 1.533256 0.070465 14.092936 0.150902 1.138577 227.715498
 39.500000 1.920970 2.187131 0.266160 4.331872 953.860630 1.911111 6.305293 1000.000000 1.894444 -0.385573 100.000000 5.919719 -400567.250770 1.503522 0.226294 45.258804 0.103550 0.536129 107.225809
 39.550000 1.883153 2.241808 0.358656 6.423923 1988.286683 1.911111 6.305293 1000.000000 1.894444 -0.385573 100.000000 5.919719 -400570.050619 1.449797 0.732044 146.408873 0.068297 0.233223 46.644506
 39.600000 1.912620 2.143393 0.230773 3.099909 622.030149 1.911111 6.305293 1000.000000 1.894444 -0.385573 100.000000 5.919719 -400563.847228 1.503985 0.223190 44.638026 0.170236 1.449010 289.802064
 39.650000 1.928245 2.111417 0.183173 2.500640 764.330906 1.911111 6.305293 1000.000000 1.894444 -0.385573 100.000000 5.919719 -400562.710802 1.510118 0.184093 36.818532 0.119232 0.710812 142.162412
 39.700000 1.889049 2.089237 0.200189 2.140589 866.193523 1.911111 6.305293 1000.000000 1.894444 -0.385573 100.000000 5.919719 -400566.247159 1.445728 0.782102 156.420496 0.209537 2.195288 439.057625
 39.750000 1.874034 1.983922 0.109889 1.087687 1454.810014 1.911111 6.305293 1000.000000 1.894444 -0.385573 100.000000 5.919719 -400566.352216 1.536522 0.058738 11.747553 0.285761 4.082978 816.595565
 39.800000 1.864091 2.108721 0.244631 3.401186 2670.063055 1.911111 6.305293 1000.000000 1.894444 -0.385573 100.000000 5.919719 -400569.310093 1.455614 0.663346 132.669233 0.209827 2.201363 440.272513
 39.850000 1.881780 2.149517 0.267737 3.683247 1510.916645 1.911111 6.305293 1000.000000 1.894444 -0.385573 100.000000 5.919719 -400567.813190 1.460052 0.613220 122.644048 0.179828 1.616912 323.382348
 39.900000 1.848362 2.022250 0.173888 2.785464 4100.843231 1.911111 6.305293 1000.000000 1.894444 -0.385573 100.000000 5.919719 -400567.813280 1.526648 0.097453 19.490678 0.226055 2.555034 511.006844
 39.950000 1.844555 2.110558 0.266003 4.550112 4896.767557 1.911111 6.305293 1000.000000 1.894444 -0.385573 100.000000 5.919719 -400570.819626 1.481677 0.397108 79.421675 0.237507 2.820476 564.095233
 40.000000 1.881087 2.070186 0.189099 1.994983 1210.320247 1.911111 6.305293 1000.000000 1.894444 -0.385573 100.000000 5.919719 -400562.655922 1.570264 0.000014 0.002835 0.121237 0.734917 146.983408
