#! FIELDS time sin_phi cos_phi sin_psi cos_psi phi psi cos_phi sin_phi cos_psi sin_psi restraint_phi_cos.bias restraint_phi_cos.force2 restraint_phi_cos.cos_phi_cntr restraint_phi_cos.cos_phi_work restraint_phi_cos.cos_phi_kappa restraint_phi_cos.work restraint_phi_sin.bias restraint_phi_sin.force2 restraint_phi_sin.sin_phi_cntr restraint_phi_sin.sin_phi_work restraint_phi_sin.sin_phi_kappa restraint_phi_sin.work restraint_psi_cos.bias restraint_psi_cos.force2 restraint_psi_cos.cos_psi_cntr restraint_psi_cos.cos_psi_work restraint_psi_cos.cos_psi_kappa restraint_psi_cos.work restraint_psi_sin.bias restraint_psi_sin.force2 restraint_psi_sin.sin_psi_cntr restraint_psi_sin.sin_psi_work restraint_psi_sin.sin_psi_kappa restraint_psi_sin.work
#! SET min_phi -pi
#! SET max_phi pi
#! SET min_psi -pi
#! SET max_psi pi
 0.000000 -0.999983 -0.005782 0.966116 0.258110 -1.576579 1.309731 -0.005782 -0.999983 0.258110 0.966116 0.000000 0.000000 1.000000 0.000000 0.000000 0.000000 0.000000 0.000000 0.000000 0.000000 0.000000 0.000000 0.000000 0.000000 1.000000 0.000000 0.000000 0.000000 0.000000 0.000000 0.000000 0.000000 0.000000 0.000000
 0.200000 -0.992318 0.123711 0.651177 0.758926 -1.446768 0.709134 0.123711 -0.992318 0.758926 0.651177 0.000000 0.000000 1.000000 0.000000 0.000000 0.000000 0.000000 0.000000 0.000000 0.000000 0.000000 0.000000 0.000000 0.000000 1.000000 0.000000 0.000000 0.000000 0.000000 0.000000 0.000000 0.000000 0.000000 0.000000
 0.400000 -0.961266 0.275622 0.530288 0.847817 -1.291559 0.558941 0.275622 -0.961266 0.847817 0.530288 0.000000 0.000000 1.000000 0.000000 0.000000 0.000000 0.000000 0.000000 0.000000 0.000000 0.000000 0.000000 0.000000 0.000000 1.000000 0.000000 0.000000 0.000000 0.000000 0.000000 0.000000 0.000000 0.000000 0.000000
 0.600000 -0.964668 0.263470 0.974191 0.225724 -1.304179 1.343111 0.263470 -0.964668 0.225724 0.974191 0.000000 0.000000 1.000000 0.000000 0.000000 0.000000 0.000000 0.000000 0.000000 0.000000 0.000000 0.000000 0.000000 0.000000 1.000000 0.000000 0.000000 0.000000 0.000000 0.000000 0.000000 0.000000 0.000000 0.000000
 0.800000 -0.999801 0.019934 0.982355 0.187025 -1.550861 1.382663 0.019934 -0.999801 0.187025 0.982355 0.000000 0.000000 1.000000 0.000000 0.000000 0.000000 0.000000 0.000000 0.000000 0.000000 0.000000 0.000000 0.000000 0.000000 1.000000 0.000000 0.000000 0.000000 0.000000 0.000000 0.000000 0.000000 0.000000 0.000000
 1.000000 -0.999595 0.028448 0.659832 0.751413 -1.542345 0.720595 0.028448 -0.999595 0.751413 0.659832 0.000000 0.000000 1.000000 0.000000 0.000000 0.000000 0.000000 0.000000 0.000000 0.000000 0.000000 0.000000 0.000000 0.000000 1.000000 0.000000 0.000000 0.000000 0.000000 0.000000 0.000000 0.000000 0.000000 0.000000
 1.200000 -0.523337 0.852126 -0.267996 0.963420 -0.550763 -0.271313 0.852126 -0.523337 0.963420 -0.267996 0.218668 8.746724 1.000000 4.924676 20.000000 4.924676 2.738818 109.552721 0.000000 7.202907 20.000000 7.202907 0.013381 0.535240 1.000000 0.201922 20.000000 0.201922 0.718220 28.728808 0.000000 1.668522 20.000000 1.668522
 1.400000 0.151769 0.988416 0.008803 0.999961 0.152358 0.008803 0.988416 0.151769 0.999961 0.008803 0.002684 0.214702 1.000000 4.977587 40.000000 4.977587 0.460675 36.854037 0.000000 8.361116 40.000000 8.361116 0.000000 0.000002 1.000000 0.226016 40.000000 0.226016 0.001550 0.123992 0.000000 2.416413 40.000000 2.416413
 1.600000 0.303346 0.952881 -0.214685 0.976683 0.308202 -0.216370 0.952881 0.303346 0.976683 -0.214685 0.066607 7.992877 1.000000 4.988918 60.000000 4.988918 2.760560 331.267251 0.000000 8.907892 60.000000 8.907892 0.016310 1.957213 1.000000 0.229927 60.000000 0.229927 1.382694 165.923319 0.000000 2.705398 60.000000 2.705398
 1.800000 -0.090985 0.995852 0.066053 0.997816 -0.091111 0.066101 0.995852 -0.090985 0.997816 0.066053 0.000688 0.110102 1.000000 4.992377 80.000000 4.992377 0.331127 52.980383 0.000000 9.205546 80.000000 9.205546 0.000191 0.030524 1.000000 0.230389 80.000000 0.230389 0.174520 27.923144 0.000000 2.779924 80.000000 2.779924
 2.000000 -0.266080 0.963951 0.072661 0.997357 -0.269324 0.072725 0.963951 -0.266080 0.997357 0.072661 0.064976 12.995266 1.000000 4.993496 100.000000 4.993496 3.539918 707.983673 0.000000 9.347121 100.000000 9.347121 0.000349 0.069869 1.000000 0.231416 100.000000 0.231416 0.263978 52.795693 0.000000 2.907307 100.000000 2.907307
 2.200000 -0.080140 0.996784 -0.154553 0.987984 -0.080226 -0.155175 0.996784 -0.080140 0.987984 -0.154553 0.000621 0.148970 1.000000 4.994917 120.000000 4.994917 0.385345 92.482909 0.000000 9.475784 120.000000 9.475784 0.008662 2.078966 1.000000 0.231836 120.000000 0.231836 1.433200 343.967953 0.000000 2.993694 120.000000 2.993694
 2.400000 0.044667 0.999002 -0.093595 0.995610 0.044682 -0.093732 0.999002 0.044667 0.995610 -0.093595 0.000070 0.019524 1.000000 4.998059 140.000000 4.998059 0.139660 39.104719 0.000000 9.672366 140.000000 9.672366 0.001349 0.377668 1.000000 0.232655 140.000000 0.232655 0.613198 171.695451 0.000000 3.117438 140.000000 3.117438
 2.600000 -0.113503 0.993538 0.000918 1.000000 -0.113748 0.000918 0.993538 -0.113503 1.000000 0.000918 0.003341 1.069103 1.000000 4.998217 160.000000 4.998217 1.030634 329.802753 0.000000 9.722387 160.000000 9.722387 0.000000 0.000000 1.000000 0.232813 160.000000 0.232813 0.000067 0.021563 0.000000 3.169724 160.000000 3.169724
 2.800000 -0.009796 0.999952 -0.037832 0.999284 -0.009797 -0.037841 0.999952 -0.009796 0.999284 -0.037832 0.000000 0.000075 1.000000 4.998378 180.000000 4.998378 0.008637 3.109428 0.000000 9.775342 180.000000 9.775342 0.000046 0.016606 1.000000 0.232985 180.000000 0.232985 0.128816 46.373937 0.000000 3.222536 180.000000 3.222536
 3.000000 0.072890 0.997340 -0.073600 0.997288 0.072954 -0.073666 0.997340 0.072890 0.997288 -0.073600 0.000708 0.283021 1.000000 4.998579 200.000000 4.998579 0.531289 212.515740 0.000000 9.831728 200.000000 9.831728 0.000736 0.294226 1.000000 0.233078 200.000000 0.233078 0.541691 216.676285 0.000000 3.259799 200.000000 3.259799
 3.200000 -0.083080 0.996543 0.059557 0.998225 -0.083176 0.059592 0.996543 -0.083080 0.998225 0.059557 0.429826 171.930302 0.930982 5.422889 200.000000 5.422889 0.097445 38.978114 -0.051864 9.829220 200.000000 9.829220 0.453555 181.421922 0.930878 0.691000 200.000000 0.691000 0.233514 93.405534 0.011233 3.246287 200.000000 3.246287
 3.400000 -0.081973 0.996635 0.114396 0.993435 -0.082065 0.114647 0.996635 -0.081973 0.993435 0.114396 1.813627 725.450818 0.861964 6.691389 200.000000 6.691389 0.047325 18.930128 -0.103728 9.185568 200.000000 9.185568 1.733917 693.566845 0.861757 2.092557 200.000000 2.092557 0.845106 338.042431 0.022467 3.266980 200.000000 3.266980
 3.600000 -0.119774 0.992801 0.116472 0.993194 -0.120062 0.116737 0.992801 -0.119774 0.993194 0.116472 3.994235 1597.694097 0.792945 8.932734 200.000000 8.932734 0.128288 51.315251 -0.155591 9.122980 200.000000 9.122980 4.022376 1608.950202 0.792635 4.452321 200.000000 4.452321 0.685122 274.048634 0.033700 3.308901 200.000000 3.308901
 3.800000 -0.255873 0.966710 0.019742 0.999805 -0.258750 0.019743 0.966710 -0.255873 0.999805 0.019742 5.894375 2357.749970 0.723927 11.712098 200.000000 11.712098 0.234426 93.770208 -0.207455 8.281736 200.000000 8.281736 7.633688 3053.475312 0.723514 7.740886 200.000000 7.740886 0.063461 25.384260 0.044933 3.294836 200.000000 3.294836
 4.000000 -0.432392 0.901686 0.028770 0.999586 -0.447144 0.028774 0.901686 -0.432392 0.999586 0.028770 6.089879 2435.951425 0.654909 14.820422 200.000000 14.820422 2.995425 1198.169868 -0.259319 6.559048 200.000000 6.559048 11.915875 4766.350167 0.654392 11.987532 200.000000 11.987532 0.075057 30.022737 0.056167 3.236205 200.000000 3.236205
 4.200000 -0.490075 0.871680 0.119099 0.992882 -0.512176 0.119382 0.871680 -0.490075 0.992882 0.119099 8.167564 3267.025638 0.585891 18.708470 200.000000 18.708470 3.200242 1280.096721 -0.311183 5.089380 200.000000 5.089380 16.614729 6645.891699 0.585271 17.148477 200.000000 17.148477 0.267276 106.910467 0.067400 3.153463 200.000000 3.153463
 4.400000 -0.571758 0.820423 0.260256 0.965540 -0.608647 0.263287 0.820423 -0.571758 0.965540 0.260256 9.214264 3685.705505 0.516872 22.127941 200.000000 22.127941 4.356025 1742.410178 -0.363047 2.412959 200.000000 2.412959 20.195188 8078.075265 0.516149 23.251126 200.000000 23.251126 3.298665 1319.466197 0.078633 3.081911 200.000000 3.081911
 4.600000 -0.748882 0.662704 0.233088 0.972456 -0.846373 0.235251 0.662704 -0.748882 0.972456 0.233088 4.616025 1846.410027 0.447854 25.521639 200.000000 25.521639 11.153674 4461.469574 -0.414911 -0.633439 200.000000 -0.633439 27.607473 11042.989381 0.447028 30.105921 200.000000 30.105921 2.051219 820.487571 0.089867 2.914471 200.000000 2.914471
 4.800000 -0.876334 0.481704 0.242137 0.970242 -1.068198 0.244567 0.481704 -0.876334 0.970242 0.242137 1.058189 423.275752 0.378836 28.476781 200.000000 28.476781 16.773885 6709.554143 -0.466774 -4.083669 200.000000 -4.083669 35.086208 14034.483355 0.377906 37.650984 200.000000 37.650984 1.989127 795.650745 0.101100 2.511319 200.000000 2.511319
 5.000000 -0.879517 0.475867 0.539493 0.841990 -1.074847 0.569834 0.475867 -0.879517 0.841990 0.539493 2.757229 1102.891504 0.309818 30.997883 200.000000 30.997883 13.023369 5209.347623 -0.518638 -7.774159 200.000000 -7.774159 28.430842 11372.336718 0.308785 46.134460 200.000000 46.134460 18.246498 7298.599157 0.112333 2.166205 200.000000 2.166205
 5.200000 -0.899808 0.436285 0.329800 0.944051 -1.119330 0.336092 0.436285 -0.899808 0.944051 0.329800 3.821459 1528.583719 0.240800 33.001392 200.000000 33.001392 10.844269 4337.707436 -0.570502 -11.490005 200.000000 -11.490005 49.616217 19846.486878 0.239663 54.854072 200.000000 54.854072 4.253220 1701.288002 0.123567 1.517951 200.000000 1.517951
 5.400000 -0.976995 0.213262 0.647930 0.761699 -1.355884 0.704864 0.213262 -0.976995 0.761699 0.647930 0.172067 68.826660 0.171781 34.485477 200.000000 34.485477 12.576176 5030.470305 -0.622366 -15.112619 200.000000 -15.112619 34.946787 13978.714684 0.170541 62.546044 200.000000 62.546044 26.330272 10532.108979 0.134800 0.416628 200.000000 0.416628
 5.600000 -0.988334 0.152302 0.828921 0.559365 -1.417899 0.977176 0.152302 -0.988334 0.559365 0.828921 0.245413 98.165369 0.102763 35.500909 200.000000 35.500909 9.866143 3946.457298 -0.674230 -18.499743 200.000000 -18.499743 20.971412 8388.564769 0.101420 70.994360 200.000000 70.994360 46.633561 18653.424491 0.146033 -0.727530 200.000000 -0.727530
 5.800000 -0.998884 0.047241 0.940423 0.340007 -1.523538 1.223872 0.047241 -0.998884 0.340007 0.940423 0.018214 7.285701 0.033745 36.095341 200.000000 36.095341 7.441434 2976.573612 -0.726094 -21.509094 200.000000 -21.509094 9.468478 3787.391179 0.032298 75.366849 200.000000 75.366849 61.333330 24533.331981 0.157267 -2.451536 200.000000 -2.451536
 6.000000 -0.999978 0.006581 0.962499 -0.271286 -1.564215 1.845525 0.006581 -0.999978 -0.271286 0.962499 0.175179 70.071472 -0.035273 36.664648 200.000000 36.664648 4.929328 1971.731396 -0.777957 -24.048273 200.000000 -24.048273 5.497288 2198.915146 -0.036823 77.032680 200.000000 77.032680 63.043371 25217.348382 0.168500 -4.258508 200.000000 -4.258508
 6.200000 -0.993846 -0.110771 0.838494 -0.544911 -1.681795 2.147079 -0.110771 -0.993846 -0.544911 0.838494 0.004199 1.679499 -0.104292 36.181501 200.000000 36.181501 2.690409 1076.163540 -0.829821 -26.009389 200.000000 -26.009389 19.269135 7707.653837 -0.105945 71.496997 200.000000 71.496997 43.396523 17358.609205 0.179734 -5.840352 200.000000 -5.840352
 6.400000 -0.965253 -0.261316 0.760274 -0.649603 -1.835181 2.277858 -0.261316 -0.965253 -0.649603 0.760274 0.774502 309.800719 -0.173310 36.193846 200.000000 36.193846 0.698367 279.346683 -0.881685 -27.386841 200.000000 -27.386841 22.518462 9007.384970 -0.175066 65.400566 200.000000 65.400566 32.411061 12964.424215 0.190967 -7.244265 200.000000 -7.244265
 6.600000 -0.955136 -0.296168 0.742860 -0.669446 -1.871475 2.304259 -0.296168 -0.955136 -0.669446 0.742860 0.289879 115.951774 -0.242328 35.783378 200.000000 35.783378 0.046599 18.639606 -0.933549 -28.031884 200.000000 -28.031884 18.084472 7233.788656 -0.244188 57.718362 200.000000 57.718362 29.231352 11692.540814 0.202200 -8.238341 200.000000 -8.238341
 6.800000 -0.963242 -0.268637 0.581683 -0.813415 -1.842774 2.520796 -0.268637 -0.963242 -0.813415 0.581683 0.009179 3.671746 -0.278217 36.031803 200.000000 36.031803 0.000742 0.296697 -0.960518 -28.164902 200.000000 -28.164902 25.010598 10004.239111 -0.313309 50.651455 200.000000 50.651455 13.560785 5424.313914 0.213434 -9.115305 200.000000 -9.115305
 7.000000 -0.971620 -0.236545 0.455650 -0.890159 -1.809605 2.668491 -0.236545 -0.971620 -0.890159 0.455650 0.173657 69.462974 -0.278217 36.031803 200.000000 36.031803 0.012326 4.930500 -0.960518 -28.164902 200.000000 -28.164902 25.778793 10311.517121 -0.382431 43.870275 200.000000 43.870275 5.335306 2134.122397 0.224667 -9.836913 200.000000 -9.836913
 7.200000 -0.967484 -0.252931 0.491789 -0.870714 -1.826504 2.627449 -0.252931 -0.967484 -0.870714 0.491789 0.063943 25.577008 -0.278217 36.031803 200.000000 36.031803 0.004853 1.941180 -0.960518 -28.164902 200.000000 -28.164902 17.569666 7027.866381 -0.451553 37.531555 200.000000 37.531555 6.547909 2619.163785 0.235900 -10.390637 200.000000 -10.390637
 7.400000 -0.954333 -0.298745 0.496828 -0.867849 -1.874174 2.621653 -0.298745 -0.954333 -0.867849 0.496828 0.042140 16.855861 -0.278217 36.031803 200.000000 36.031803 0.003826 1.530300 -0.960518 -28.164902 200.000000 -28.164902 12.053042 4821.216849 -0.520674 32.006620 200.000000 32.006620 6.234735 2493.893927 0.247134 -10.883211 200.000000 -10.883211
 7.600000 -0.969759 -0.244065 0.501638 -0.865078 -1.817352 2.616101 -0.244065 -0.969759 -0.865078 0.501638 0.116639 46.655569 -0.278217 36.031803 200.000000 36.031803 0.008539 3.415664 -0.960518 -28.164902 200.000000 -28.164902 7.578019 3031.207417 -0.589796 27.220717 200.000000 27.220717 5.918083 2367.233093 0.258367 -11.267728 200.000000 -11.267728
 7.800000 -0.941867 -0.335987 0.428428 -0.903576 -1.913449 2.698840 -0.335987 -0.941867 -0.903576 0.428428 0.333728 133.491318 -0.278217 36.031803 200.000000 36.031803 0.034787 13.914953 -0.960518 -28.164902 200.000000 -28.164902 5.985786 2394.314308 -0.658917 23.150458 200.000000 23.150458 2.522632 1009.052816 0.269600 -11.549067 200.000000 -11.549067
 8.000000 -0.965332 -0.261024 0.390508 -0.920600 -1.834880 2.740410 -0.261024 -0.965332 -0.920600 0.390508 0.029560 11.824061 -0.278217 36.031803 200.000000 36.031803 0.002318 0.927019 -0.960518 -28.164902 200.000000 -28.164902 3.707971 1483.188391 -0.728039 19.958604 200.000000 19.958604 1.202842 481.136805 0.280834 -11.777312 200.000000 -11.777312
 8.200000 -0.944748 -0.327797 0.217274 -0.976111 -1.904767 2.922572 -0.327797 -0.944748 -0.976111 0.217274 0.245811 98.324206 -0.278217 36.031803 200.000000 36.031803 0.024869 9.947516 -0.960518 -28.164902 200.000000 -28.164902 3.202323 1280.929378 -0.797160 17.620573 200.000000 17.620573 0.559397 223.758615 0.292067 -11.937228 200.000000 -11.937228
 8.400000 -0.949189 -0.314706 0.341476 -0.939890 -1.890944 2.793106 -0.314706 -0.949189 -0.939890 0.341476 0.133145 53.257887 -0.278217 36.031803 200.000000 36.031803 0.012835 5.133911 -0.960518 -28.164902 200.000000 -28.164902 0.541824 216.729508 -0.866282 16.189343 200.000000 16.189343 0.145739 58.295450 0.303300 -12.052890 200.000000 -12.052890
 8.600000 -0.950454 -0.310866 0.284375 -0.958713 -1.886901 2.853239 -0.310866 -0.950454 -0.958713 0.284375 0.106594 42.637534 -0.278217 36.031803 200.000000 36.031803 0.010129 4.051701 -0.960518 -28.164902 200.000000 -28.164902 0.054335 21.734076 -0.935403 15.649085 200.000000 15.649085 0.090957 36.382852 0.314534 -12.112154 200.000000 -12.112154
 8.800000 -0.949875 -0.312630 0.235901 -0.971777 -1.888757 2.903447 -0.312630 -0.949875 -0.971777 0.235901 0.118424 47.369696 -0.278217 36.031803 200.000000 36.031803 0.011328 4.531128 -0.960518 -28.164902 200.000000 -28.164902 0.054013 21.605248 -0.948536 15.600835 200.000000 15.600835 0.652336 260.934206 0.316668 -12.095914 200.000000 -12.095914
 9.000000 -0.941893 -0.335913 0.285148 -0.958484 -1.913371 2.852432 -0.335913 -0.941893 -0.958484 0.285148 0.332880 133.152183 -0.278217 36.031803 200.000000 36.031803 0.034690 13.875902 -0.960518 -28.164902 200.000000 -28.164902 0.009895 3.957809 -0.948536 15.600835 200.000000 15.600835 0.099352 39.740942 0.316668 -12.095914 200.000000 -12.095914
 9.200000 -0.951494 -0.307668 0.334955 -0.942234 -1.883537 2.800035 -0.307668 -0.951494 -0.942234 0.334955 0.086733 34.693056 -0.278217 36.031803 200.000000 36.031803 0.008144 3.257516 -0.960518 -28.164902 200.000000 -28.164902 0.003972 1.588780 -0.948536 15.600835 200.000000 15.600835 0.033442 13.376687 0.316668 -12.095914 200.000000 -12.095914
 9.400000 -0.994682 -0.102990 0.383113 -0.923701 -1.673970 2.748428 -0.102990 -0.994682 -0.923701 0.383113 3.070455 1228.182102 -0.278217 36.031803 200.000000 36.031803 0.116720 46.687831 -0.960518 -28.164902 200.000000 -28.164902 0.061678 24.671289 -0.948536 15.600835 200.000000 15.600835 0.441498 176.599364 0.316668 -12.095914 200.000000 -12.095914
 9.600000 -0.986785 -0.162038 0.298032 -0.954556 -1.733551 2.838962 -0.162038 -0.986785 -0.954556 0.298032 1.349777 539.910794 -0.278217 36.031803 200.000000 36.031803 0.068993 27.597117 -0.960518 -28.164902 200.000000 -28.164902 0.003623 1.449292 -0.948536 15.600835 200.000000 15.600835 0.034729 13.891487 0.316668 -12.095914 200.000000 -12.095914
 9.800000 -0.953974 -0.299889 0.370759 -0.928729 -1.875372 2.761767 -0.299889 -0.953974 -0.928729 0.370759 0.046965 18.785992 -0.278217 36.031803 200.000000 36.031803 0.004282 1.712941 -0.960518 -28.164902 200.000000 -28.164902 0.039232 15.692924 -0.948536 15.600835 200.000000 15.600835 0.292579 117.031508 0.316668 -12.095914 200.000000 -12.095914
 10.000000 -0.978844 -0.204606 0.369346 -0.929292 -1.776857 2.763287 -0.204606 -0.978844 -0.929292 0.369346 0.541870 216.748083 -0.278217 36.031803 200.000000 36.031803 0.033586 13.434246 -0.960518 -28.164902 200.000000 -28.164902 0.037036 14.814258 -0.948536 15.600835 200.000000 15.600835 0.277501 111.000565 0.316668 -12.095914 200.000000 -12.095914
 10.200000 -0.956864 -0.290535 0.340060 -0.940404 -1.865582 2.794612 -0.290535 -0.956864 -0.940404 0.340060 0.015171 6.068459 -0.278217 36.031803 200.000000 36.031803 0.001335 0.533958 -0.960518 -28.164902 200.000000 -28.164902 0.006614 2.645581 -0.948536 15.600835 200.000000 15.600835 0.054718 21.887024 0.316668 -12.095914 200.000000 -12.095914
 10.400000 -0.961779 -0.273826 0.358117 -0.933677 -1.848165 2.775342 -0.273826 -0.961779 -0.933677 0.358117 0.001928 0.771285 -0.278217 36.031803 200.000000 36.031803 0.000159 0.063609 -0.960518 -28.164902 200.000000 -28.164902 0.022081 8.832501 -0.948536 15.600835 200.000000 15.600835 0.171803 68.721136 0.316668 -12.095914 200.000000 -12.095914
 10.600000 -0.954131 -0.299388 0.242920 -0.970046 -1.874848 2.896217 -0.299388 -0.954131 -0.970046 0.242920 0.044821 17.928228 -0.278217 36.031803 200.000000 36.031803 0.004079 1.631631 -0.960518 -28.164902 200.000000 -28.164902 0.046267 18.506853 -0.948536 15.600835 200.000000 15.600835 0.543871 217.548595 0.316668 -12.095914 200.000000 -12.095914
 10.800000 -0.954425 -0.298450 0.314374 -0.949299 -1.873865 2.821796 -0.298450 -0.954425 -0.949299 0.314374 0.040935 16.374159 -0.278217 36.031803 200.000000 36.031803 0.003712 1.484903 -0.960518 -28.164902 200.000000 -28.164902 0.000058 0.023282 -0.948536 15.600835 200.000000 15.600835 0.000526 0.210587 0.316668 -12.095914 200.000000 -12.095914
 11.000000 -0.959404 -0.282035 0.317066 -0.948404 -1.856711 2.818959 -0.282035 -0.959404 -0.948404 0.317066 0.001458 0.583023 -0.278217 36.031803 200.000000 36.031803 0.000124 0.049646 -0.960518 -28.164902 200.000000 -28.164902 0.000002 0.000706 -0.948536 15.600835 200.000000 15.600835 0.000016 0.006326 0.316668 -12.095914 200.000000 -12.095914
 11.200000 -0.975534 -0.219851 0.269246 -0.963072 -1.792458 2.868983 -0.219851 -0.975534 -0.963072 0.269246 0.340667 136.266752 -0.278217 36.031803 200.000000 36.031803 0.022546 9.018489 -0.960518 -28.164902 200.000000 -28.164902 0.021127 8.450757 -0.948536 15.600835 200.000000 15.600835 0.224888 89.955160 0.316668 -12.095914 200.000000 -12.095914
 11.400000 -0.937534 -0.347894 0.214796 -0.976659 -1.926121 2.925110 -0.347894 -0.937534 -0.976659 0.214796 0.485488 194.195227 -0.278217 36.031803 200.000000 36.031803 0.052828 21.131306 -0.960518 -28.164902 200.000000 -28.164902 0.079088 31.635116 -0.948536 15.600835 200.000000 15.600835 1.037796 415.118233 0.316668 -12.095914 200.000000 -12.095914
 11.600000 -0.966011 -0.258502 0.417559 -0.908650 -1.832268 2.710836 -0.258502 -0.966011 -0.908650 0.417559 0.038869 15.547574 -0.278217 36.031803 200.000000 36.031803 0.003017 1.206721 -0.960518 -28.164902 200.000000 -28.164902 0.159093 63.637070 -0.948536 15.600835 200.000000 15.600835 1.017890 407.156181 0.316668 -12.095914 200.000000 -12.095914
 11.800000 -0.953772 -0.300531 0.324808 -0.945780 -1.876046 2.810784 -0.300531 -0.953772 -0.945780 0.324808 0.049789 19.915611 -0.278217 36.031803 200.000000 36.031803 0.004551 1.820362 -0.960518 -28.164902 200.000000 -28.164902 0.000760 0.303909 -0.948536 15.600835 200.000000 15.600835 0.006626 2.650256 0.316668 -12.095914 200.000000 -12.095914
 12.000000 -0.951657 -0.307164 0.242104 -0.970250 -1.883008 2.897059 -0.307164 -0.951657 -0.970250 0.242104 0.083792 33.516746 -0.278217 36.031803 200.000000 36.031803 0.007853 3.141124 -0.960518 -28.164902 200.000000 -28.164902 0.047149 18.859787 -0.948536 15.600835 200.000000 15.600835 0.555983 222.393139 0.316668 -12.095914 200.000000 -12.095914
 12.200000 -0.967065 -0.254530 0.377971 -0.925817 -1.828158 2.753989 -0.254530 -0.967065 -0.925817 0.377971 0.056108 22.443387 -0.278217 36.031803 200.000000 36.031803 0.004286 1.714373 -0.960518 -28.164902 200.000000 -28.164902 0.051616 20.646229 -0.948536 15.600835 200.000000 15.600835 0.375807 150.322990 0.316668 -12.095914 200.000000 -12.095914
 12.400000 -0.950635 -0.310311 0.402781 -0.915296 -1.886317 2.727039 -0.310311 -0.950635 -0.915296 0.402781 0.103001 41.200365 -0.278217 36.031803 200.000000 36.031803 0.009768 3.907018 -0.960518 -28.164902 200.000000 -28.164902 0.110491 44.196509 -0.948536 15.600835 200.000000 15.600835 0.741552 296.620609 0.316668 -12.095914 200.000000 -12.095914
 12.600000 -0.963470 -0.267817 0.306059 -0.952013 -1.841923 2.830542 -0.267817 -0.963470 -0.952013 0.306059 0.010818 4.327014 -0.278217 36.031803 200.000000 36.031803 0.000871 0.348516 -0.960518 -28.164902 200.000000 -28.164902 0.001208 0.483366 -0.948536 15.600835 200.000000 15.600835 0.011256 4.502354 0.316668 -12.095914 200.000000 -12.095914
 12.800000 -0.956426 -0.291974 0.286072 -0.958208 -1.867087 2.851468 -0.291974 -0.956426 -0.958208 0.286072 0.018925 7.569967 -0.278217 36.031803 200.000000 36.031803 0.001674 0.669756 -0.960518 -28.164902 200.000000 -28.164902 0.009354 3.741763 -0.948536 15.600835 200.000000 15.600835 0.093614 37.445703 0.316668 -12.095914 200.000000 -12.095914
 13.000000 -0.972220 -0.234070 0.259013 -0.965874 -1.807058 2.879592 -0.234070 -0.972220 -0.965874 0.259013 0.194900 77.960104 -0.278217 36.031803 200.000000 36.031803 0.013693 5.477140 -0.960518 -28.164902 200.000000 -28.164902 0.030058 12.023310 -0.948536 15.600835 200.000000 15.600835 0.332407 132.962710 0.316668 -12.095914 200.000000 -12.095914
 13.200000 -0.973932 -0.226841 0.342649 -0.939464 -1.799629 2.791858 -0.226841 -0.973932 -0.939464 0.342649 0.263959 105.583434 -0.278217 36.031803 200.000000 36.031803 0.017993 7.197196 -0.960518 -28.164902 200.000000 -28.164902 0.008232 3.292687 -0.948536 15.600835 200.000000 15.600835 0.067500 27.000144 0.316668 -12.095914 200.000000 -12.095914
 13.400000 -0.954888 -0.296966 0.358490 -0.933534 -1.872310 2.774943 -0.296966 -0.954888 -0.933534 0.358490 0.035150 14.059857 -0.278217 36.031803 200.000000 36.031803 0.003170 1.267860 -0.960518 -28.164902 200.000000 -28.164902 0.022508 9.003231 -0.948536 15.600835 200.000000 15.600835 0.174904 69.961615 0.316668 -12.095914 200.000000 -12.095914
 13.600000 -0.954220 -0.299106 0.297630 -0.954681 -1.874552 2.839383 -0.299106 -0.954220 -0.954681 0.297630 0.043632 17.452947 -0.278217 36.031803 200.000000 36.031803 0.003967 1.586676 -0.960518 -28.164902 200.000000 -28.164902 0.003776 1.510356 -0.948536 15.600835 200.000000 15.600835 0.036244 14.497660 0.316668 -12.095914 200.000000 -12.095914
 13.800000 -0.965016 -0.262193 0.311657 -0.950195 -1.836090 2.824657 -0.262193 -0.965016 -0.950195 0.311657 0.025680 10.271943 -0.278217 36.031803 200.000000 36.031803 0.002023 0.809090 -0.960518 -28.164902 200.000000 -28.164902 0.000275 0.110006 -0.948536 15.600835 200.000000 15.600835 0.002511 1.004561 0.316668 -12.095914 200.000000 -12.095914
 14.000000 -0.965116 -0.261822 0.303962 -0.952684 -1.835706 2.832744 -0.261822 -0.965116 -0.952684 0.303962 0.026880 10.751978 -0.278217 36.031803 200.000000 36.031803 0.002114 0.845653 -0.960518 -28.164902 200.000000 -28.164902 0.001720 0.688180 -0.948536 15.600835 200.000000 15.600835 0.016145 6.458059 0.316668 -12.095914 200.000000 -12.095914
 14.200000 -0.967685 -0.252160 0.335766 -0.941945 -1.825709 2.799174 -0.252160 -0.967685 -0.941945 0.335766 0.067897 27.158679 -0.278217 36.031803 200.000000 36.031803 0.005137 2.054820 -0.960518 -28.164902 200.000000 -28.164902 0.004344 1.737638 -0.948536 15.600835 200.000000 15.600835 0.036473 14.589192 0.316668 -12.095914 200.000000 -12.095914
 14.400000 -0.958559 -0.284894 0.369584 -0.929197 -1.859692 2.763031 -0.284894 -0.958559 -0.929197 0.369584 0.004457 1.782829 -0.278217 36.031803 200.000000 36.031803 0.000384 0.153502 -0.960518 -28.164902 200.000000 -28.164902 0.037401 14.960301 -0.948536 15.600835 200.000000 15.600835 0.280015 112.005808 0.316668 -12.095914 200.000000 -12.095914
 14.600000 -0.953194 -0.302358 0.364154 -0.931339 -1.877962 2.768868 -0.302358 -0.953194 -0.931339 0.364154 0.058279 23.311451 -0.278217 36.031803 200.000000 36.031803 0.005364 2.145527 -0.960518 -28.164902 200.000000 -28.164902 0.029576 11.830419 -0.948536 15.600835 200.000000 15.600835 0.225492 90.196778 0.316668 -12.095914 200.000000 -12.095914
 14.800000 -0.946537 -0.322597 0.349316 -0.937005 -1.899268 2.784752 -0.322597 -0.946537 -0.937005 0.349316 0.196952 78.780690 -0.278217 36.031803 200.000000 36.031803 0.019549 7.819408 -0.960518 -28.164902 200.000000 -28.164902 0.013297 5.318910 -0.948536 15.600835 200.000000 15.600835 0.106588 42.635127 0.316668 -12.095914 200.000000 -12.095914
 15.000000 -0.935828 -0.352457 0.276990 -0.960873 -1.930992 2.860933 -0.352457 -0.935828 -0.960873 0.276990 0.551158 220.463244 -0.278217 36.031803 200.000000 36.031803 0.060961 24.384409 -0.960518 -28.164902 200.000000 -28.164902 0.015219 6.087540 -0.948536 15.600835 200.000000 15.600835 0.157437 62.974956 0.316668 -12.095914 200.000000 -12.095914
 15.200000 -0.962237 -0.272212 0.376379 -0.926466 -1.846488 2.755707 -0.272212 -0.962237 -0.926466 0.376379 0.003606 1.442561 -0.278217 36.031803 200.000000 36.031803 0.000296 0.118220 -0.960518 -28.164902 200.000000 -28.164902 0.048712 19.484877 -0.948536 15.600835 200.000000 15.600835 0.356546 142.618296 0.316668 -12.095914 200.000000 -12.095914
 15.400000 -0.980039 -0.198807 0.317729 -0.948182 -1.770936 2.818259 -0.198807 -0.980039 -0.948182 0.317729 0.630607 252.242793 -0.278217 36.031803 200.000000 36.031803 0.038105 15.242170 -0.960518 -28.164902 200.000000 -28.164902 0.000013 0.005036 -0.948536 15.600835 200.000000 15.600835 0.000113 0.045013 0.316668 -12.095914 200.000000 -12.095914
 15.600000 -0.972933 -0.231087 0.366018 -0.930608 -1.803991 2.766867 -0.231087 -0.972933 -0.930608 0.366018 0.222132 88.852733 -0.278217 36.031803 200.000000 36.031803 0.015413 6.165362 -0.960518 -28.164902 200.000000 -28.164902 0.032143 12.857230 -0.948536 15.600835 200.000000 15.600835 0.243538 97.415105 0.316668 -12.095914 200.000000 -12.095914
 15.800000 -0.964485 -0.264138 0.368479 -0.929636 -1.838106 2.764220 -0.264138 -0.964485 -0.929636 0.368479 0.019823 7.929346 -0.278217 36.031803 200.000000 36.031803 0.001574 0.629423 -0.960518 -28.164902 200.000000 -28.164902 0.035723 14.289235 -0.948536 15.600835 200.000000 15.600835 0.268443 107.377124 0.316668 -12.095914 200.000000 -12.095914
 16.000000 -0.961146 -0.276041 0.291489 -0.956574 -1.850469 2.845810 -0.276041 -0.961146 -0.956574 0.291489 0.000474 0.189541 -0.278217 36.031803 200.000000 36.031803 0.000039 0.015768 -0.960518 -28.164902 200.000000 -28.164902 0.006461 2.584292 -0.948536 15.600835 200.000000 15.600835 0.063400 25.360120 0.316668 -12.095914 200.000000 -12.095914
 16.200000 -0.953692 -0.300784 0.225053 -0.974347 -1.876311 2.914596 -0.300784 -0.953692 -0.974347 0.225053 0.050924 20.369648 -0.278217 36.031803 200.000000 36.031803 0.004659 1.863645 -0.960518 -28.164902 200.000000 -28.164902 0.066617 26.646606 -0.948536 15.600835 200.000000 15.600835 0.839338 335.735269 0.316668 -12.095914 200.000000 -12.095914
 16.400000 -0.984113 -0.177543 0.313687 -0.949526 -1.749286 2.822519 -0.177543 -0.984113 -0.949526 0.313687 1.013527 405.410694 -0.278217 36.031803 200.000000 36.031803 0.055672 22.268697 -0.960518 -28.164902 200.000000 -28.164902 0.000098 0.039207 -0.948536 15.600835 200.000000 15.600835 0.000889 0.355480 0.316668 -12.095914 200.000000 -12.095914
 16.600000 -0.968555 -0.248799 0.262594 -0.964906 -1.822237 2.875883 -0.248799 -0.968555 -0.964906 0.262594 0.086543 34.617011 -0.278217 36.031803 200.000000 36.031803 0.006459 2.583694 -0.960518 -28.164902 200.000000 -28.164902 0.026797 10.718973 -0.948536 15.600835 200.000000 15.600835 0.292398 116.959042 0.316668 -12.095914 200.000000 -12.095914
 16.800000 -0.952322 -0.305095 0.266851 -0.963738 -1.880835 2.871468 -0.305095 -0.952322 -0.963738 0.266851 0.072240 28.896096 -0.278217 36.031803 200.000000 36.031803 0.006718 2.687103 -0.960518 -28.164902 200.000000 -28.164902 0.023108 9.243085 -0.948536 15.600835 200.000000 15.600835 0.248168 99.267372 0.316668 -12.095914 200.000000 -12.095914
 17.000000 -0.978956 -0.204071 0.320539 -0.947235 -1.776311 2.815294 -0.204071 -0.978956 -0.947235 0.320539 0.549773 219.909225 -0.278217 36.031803 200.000000 36.031803 0.033996 13.598430 -0.960518 -28.164902 200.000000 -28.164902 0.000169 0.067711 -0.948536 15.600835 200.000000 15.600835 0.001498 0.599333 0.316668 -12.095914 200.000000 -12.095914
 17.200000 -0.948059 -0.318093 0.353172 -0.935559 -1.894514 2.780634 -0.318093 -0.948059 -0.935559 0.353172 0.159008 63.603247 -0.278217 36.031803 200.000000 36.031803 0.015522 6.208761 -0.960518 -28.164902 200.000000 -28.164902 0.016843 6.737061 -0.948536 15.600835 200.000000 15.600835 0.133252 53.300868 0.316668 -12.095914 200.000000 -12.095914
 17.400000 -0.933909 -0.357512 0.316788 -0.948496 -1.936399 2.819251 -0.357512 -0.933909 -0.948496 0.316788 0.628763 251.505205 -0.278217 36.031803 200.000000 36.031803 0.070807 28.322796 -0.960518 -28.164902 200.000000 -28.164902 0.000000 0.000064 -0.948536 15.600835 200.000000 15.600835 0.000001 0.000578 0.316668 -12.095914 200.000000 -12.095914
 17.600000 -0.950830 -0.309714 0.317068 -0.948403 -1.885689 2.818956 -0.309714 -0.950830 -0.948403 0.317068 0.099204 39.681623 -0.278217 36.031803 200.000000 36.031803 0.009386 3.754599 -0.960518 -28.164902 200.000000 -28.164902 0.000002 0.000715 -0.948536 15.600835 200.000000 15.600835 0.000016 0.006407 0.316668 -12.095914 200.000000 -12.095914
 17.800000 -0.970163 -0.242454 0.412642 -0.910893 -1.815691 2.716240 -0.242454 -0.970163 -0.910893 0.412642 0.127903 51.161170 -0.278217 36.031803 200.000000 36.031803 0.009302 3.720890 -0.960518 -28.164902 200.000000 -28.164902 0.141701 56.680600 -0.948536 15.600835 200.000000 15.600835 0.921105 368.442163 0.316668 -12.095914 200.000000 -12.095914
 18.000000 -0.942213 -0.335015 0.419545 -0.907734 -1.912417 2.708649 -0.335015 -0.942213 -0.907734 0.419545 0.322595 129.038146 -0.278217 36.031803 200.000000 36.031803 0.033508 13.403356 -0.960518 -28.164902 200.000000 -28.164902 0.166480 66.592002 -0.948536 15.600835 200.000000 15.600835 1.058370 423.348174 0.316668 -12.095914 200.000000 -12.095914
 18.200000 -0.939230 -0.343288 0.345652 -0.938363 -1.921212 2.788659 -0.343288 -0.939230 -0.938363 0.345652 0.423416 169.366395 -0.278217 36.031803 200.000000 36.031803 0.045317 18.126954 -0.960518 -28.164902 200.000000 -28.164902 0.010351 4.140220 -0.948536 15.600835 200.000000 15.600835 0.084009 33.603517 0.316668 -12.095914 200.000000 -12.095914
 18.400000 -0.945205 -0.326476 0.242709 -0.970099 -1.903369 2.896435 -0.326476 -0.945205 -0.970099 0.242709 0.232890 93.155854 -0.278217 36.031803 200.000000 36.031803 0.023448 9.379097 -0.960518 -28.164902 200.000000 -28.164902 0.046495 18.597847 -0.948536 15.600835 200.000000 15.600835 0.546988 218.795243 0.316668 -12.095914 200.000000 -12.095914
 18.600000 -0.955947 -0.293539 0.275513 -0.961297 -1.868723 2.862469 -0.293539 -0.955947 -0.961297 0.275513 0.023475 9.389901 -0.278217 36.031803 200.000000 36.031803 0.002089 0.835759 -0.960518 -28.164902 200.000000 -28.164902 0.016284 6.513550 -0.948536 15.600835 200.000000 15.600835 0.169371 67.748475 0.316668 -12.095914 200.000000 -12.095914
 18.800000 -0.954597 -0.297901 0.298937 -0.954273 -1.873289 2.838014 -0.297901 -0.954597 -0.954273 0.298937 0.038743 15.497384 -0.278217 36.031803 200.000000 36.031803 0.003506 1.402465 -0.960518 -28.164902 200.000000 -28.164902 0.003291 1.316247 -0.948536 15.600835 200.000000 15.600835 0.031439 12.575454 0.316668 -12.095914 200.000000 -12.095914
 19.000000 -0.969638 -0.244543 0.359653 -0.933086 -1.817845 2.773696 -0.244543 -0.969638 -0.933086 0.359653 0.113396 45.358506 -0.278217 36.031803 200.000000 36.031803 0.008318 3.327203 -0.960518 -28.164902 200.000000 -28.164902 0.023872 9.548617 -0.948536 15.600835 200.000000 15.600835 0.184773 73.909351 0.316668 -12.095914 200.000000 -12.095914
 19.200000 -0.954285 -0.298898 0.302677 -0.953093 -1.874334 2.834093 -0.298898 -0.954285 -0.953093 0.302677 0.042770 17.107957 -0.278217 36.031803 200.000000 36.031803 0.003885 1.554089 -0.960518 -28.164902 200.000000 -28.164902 0.002077 0.830615 -0.948536 15.600835 200.000000 15.600835 0.019576 7.830457 0.316668 -12.095914 200.000000 -12.095914
 19.400000 -0.972896 -0.231241 0.377043 -0.926196 -1.804150 2.754991 -0.231241 -0.972896 -0.926196 0.377043 0.220675 88.270016 -0.278217 36.031803 200.000000 36.031803 0.015322 6.128885 -0.960518 -28.164902 200.000000 -28.164902 0.049910 19.963975 -0.948536 15.600835 200.000000 15.600835 0.364510 145.803817 0.316668 -12.095914 200.000000 -12.095914
 19.600000 -0.965085 -0.261935 0.374447 -0.927248 -1.835823 2.757792 -0.261935 -0.965085 -0.927248 0.374447 0.026511 10.604452 -0.278217 36.031803 200.000000 36.031803 0.002086 0.834426 -0.960518 -28.164902 200.000000 -28.164902 0.045318 18.127381 -0.948536 15.600835 200.000000 15.600835 0.333842 133.536627 0.316668 -12.095914 200.000000 -12.095914
 19.800000 -0.972137 -0.234415 0.452340 -0.891846 -1.807413 2.672206 -0.234415 -0.972137 -0.891846 0.452340 0.191865 76.746081 -0.278217 36.031803 200.000000 36.031803 0.013499 5.399580 -0.960518 -28.164902 200.000000 -28.164902 0.321383 128.553273 -0.948536 15.600835 200.000000 15.600835 1.840679 736.271406 0.316668 -12.095914 200.000000 -12.095914
 20.000000 -0.965556 -0.260195 0.357871 -0.933771 -1.834020 2.775606 -0.260195 -0.965556 -0.933771 0.357871 0.032481 12.992368 -0.278217 36.031803 200.000000 36.031803 0.002538 1.015249 -0.960518 -28.164902 200.000000 -28.164902 0.021801 8.720504 -0.948536 15.600835 200.000000 15.600835 0.169765 67.906165 0.316668 -12.095914 200.000000 -12.095914
 20.200000 -0.961621 -0.274381 0.236619 -0.971603 -1.848742 2.902709 -0.274381 -0.961621 -0.971603 0.236619 0.001472 0.588751 -0.278217 36.031803 200.000000 36.031803 0.000122 0.048661 -0.960518 -28.164902 200.000000 -28.164902 0.053205 21.281945 -0.948536 15.600835 200.000000 15.600835 0.640791 256.316423 0.316668 -12.095914 200.000000 -12.095914
 20.400000 -0.954793 -0.297270 0.283932 -0.958844 -1.872629 2.853700 -0.297270 -0.954793 -0.958844 0.283932 0.036301 14.520388 -0.278217 36.031803 200.000000 36.031803 0.003277 1.310906 -0.960518 -28.164902 200.000000 -28.164902 0.010625 4.250186 -0.948536 15.600835 200.000000 15.600835 0.107165 42.865929 0.316668 -12.095914 200.000000 -12.095914
 20.600000 -0.963958 -0.266056 0.339902 -0.940461 -1.840095 2.794780 -0.266056 -0.963958 -0.940461 0.339902 0.014791 5.916364 -0.278217 36.031803 200.000000 36.031803 0.001183 0.473221 -0.960518 -28.164902 200.000000 -28.164902 0.006521 2.608522 -0.948536 15.600835 200.000000 15.600835 0.053980 21.592139 0.316668 -12.095914 200.000000 -12.095914
 20.800000 -0.963347 -0.268260 0.301485 -0.953471 -1.842383 2.835343 -0.268260 -0.963347 -0.953471 0.301485 0.009915 3.966117 -0.278217 36.031803 200.000000 36.031803 0.000800 0.320008 -0.960518 -28.164902 200.000000 -28.164902 0.002435 0.973914 -0.948536 15.600835 200.000000 15.600835 0.023051 9.220459 0.316668 -12.095914 200.000000 -12.095914
 21.000000 -0.956868 -0.290524 0.281495 -0.959563 -1.865570 2.856240 -0.290524 -0.956868 -0.959563 0.281495 0.015144 6.057716 -0.278217 36.031803 200.000000 36.031803 0.001332 0.532990 -0.960518 -28.164902 200.000000 -28.164902 0.012158 4.863018 -0.948536 15.600835 200.000000 15.600835 0.123711 49.484368 0.316668 -12.095914 200.000000 -12.095914
 21.200000 -0.952513 -0.304497 0.332410 -0.943135 -1.880207 2.802735 -0.304497 -0.952513 -0.943135 0.332410 0.069063 27.625028 -0.278217 36.031803 200.000000 36.031803 0.006408 2.563129 -0.960518 -28.164902 200.000000 -28.164902 0.002917 1.166965 -0.948536 15.600835 200.000000 15.600835 0.024780 9.911883 0.316668 -12.095914 200.000000 -12.095914
 21.400000 -0.950747 -0.309967 0.332634 -0.943056 -1.885954 2.802497 -0.309967 -0.950747 -0.943056 0.332634 0.100800 40.320057 -0.278217 36.031803 200.000000 36.031803 0.009547 3.818611 -0.960518 -28.164902 200.000000 -28.164902 0.003004 1.201464 -0.948536 15.600835 200.000000 15.600835 0.025492 10.196988 0.316668 -12.095914 200.000000 -12.095914
 21.600000 -0.936119 -0.351684 0.437931 -0.899008 -1.930165 2.688296 -0.351684 -0.936119 -0.899008 0.437931 0.539727 215.890792 -0.278217 36.031803 200.000000 36.031803 0.059532 23.812792 -0.960518 -28.164902 200.000000 -28.164902 0.245302 98.120711 -0.948536 15.600835 200.000000 15.600835 1.470476 588.190546 0.316668 -12.095914 200.000000 -12.095914
 21.800000 -0.969646 -0.244512 0.294026 -0.955797 -1.817813 2.843157 -0.244512 -0.969646 -0.955797 0.294026 0.113606 45.442324 -0.278217 36.031803 200.000000 36.031803 0.008332 3.332928 -0.960518 -28.164902 200.000000 -28.164902 0.005272 2.108914 -0.948536 15.600835 200.000000 15.600835 0.051267 20.506809 0.316668 -12.095914 200.000000 -12.095914
 22.000000 -0.955147 -0.296133 0.331797 -0.943351 -1.871438 2.803385 -0.296133 -0.955147 -0.943351 0.331797 0.032098 12.839195 -0.278217 36.031803 200.000000 36.031803 0.002885 1.154126 -0.960518 -28.164902 200.000000 -28.164902 0.002689 1.075668 -0.948536 15.600835 200.000000 15.600835 0.022889 9.155775 0.316668 -12.095914 200.000000 -12.095914
 22.200000 -0.959478 -0.281784 0.301104 -0.953591 -1.856449 2.835743 -0.281784 -0.959478 -0.953591 0.301104 0.001272 0.508680 -0.278217 36.031803 200.000000 36.031803 0.000108 0.043273 -0.960518 -28.164902 200.000000 -28.164902 0.002555 1.022094 -0.948536 15.600835 200.000000 15.600835 0.024224 9.689789 0.316668 -12.095914 200.000000 -12.095914
 22.400000 -0.927508 -0.373804 0.365882 -0.930661 -1.953903 2.767012 -0.373804 -0.927508 -0.930661 0.365882 0.913681 365.472352 -0.278217 36.031803 200.000000 36.031803 0.108969 43.587567 -0.960518 -28.164902 200.000000 -28.164902 0.031953 12.781152 -0.948536 15.600835 200.000000 15.600835 0.242206 96.882504 0.316668 -12.095914 200.000000 -12.095914
 22.600000 -0.966453 -0.256842 0.351891 -0.936041 -1.830550 2.782002 -0.256842 -0.966453 -0.936041 0.351891 0.045689 18.275702 -0.278217 36.031803 200.000000 36.031803 0.003523 1.409056 -0.960518 -28.164902 200.000000 -28.164902 0.015613 6.245348 -0.948536 15.600835 200.000000 15.600835 0.124064 49.625577 0.316668 -12.095914 200.000000 -12.095914
 22.800000 -0.963034 -0.269379 0.269367 -0.963038 -1.843545 2.868857 -0.269379 -0.963034 -0.963038 0.269367 0.007811 3.124532 -0.278217 36.031803 200.000000 36.031803 0.000633 0.253220 -0.960518 -28.164902 200.000000 -28.164902 0.021029 8.411463 -0.948536 15.600835 200.000000 15.600835 0.223742 89.496754 0.316668 -12.095914 200.000000 -12.095914
 23.000000 -0.917165 -0.398508 0.337495 -0.941327 -1.980686 2.797338 -0.398508 -0.917165 -0.941327 0.337495 1.446978 578.791139 -0.278217 36.031803 200.000000 36.031803 0.187950 75.179973 -0.960518 -28.164902 200.000000 -28.164902 0.005197 2.078838 -0.948536 15.600835 200.000000 15.600835 0.043376 17.350413 0.316668 -12.095914 200.000000 -12.095914
 23.200000 -0.967996 -0.250965 0.347890 -0.937535 -1.824473 2.786273 -0.250965 -0.967996 -0.937535 0.347890 0.074270 29.708099 -0.278217 36.031803 200.000000 36.031803 0.005592 2.236865 -0.960518 -28.164902 200.000000 -28.164902 0.012102 4.840843 -0.948536 15.600835 200.000000 15.600835 0.097479 38.991697 0.316668 -12.095914 200.000000 -12.095914
 23.400000 -0.944780 -0.327705 0.329264 -0.944238 -1.904669 2.806068 -0.327705 -0.944780 -0.944238 0.329264 0.244898 97.959088 -0.278217 36.031803 200.000000 36.031803 0.024768 9.907231 -0.960518 -28.164902 200.000000 -28.164902 0.001848 0.739137 -0.948536 15.600835 200.000000 15.600835 0.015867 6.346711 0.316668 -12.095914 200.000000 -12.095914
 23.600000 -0.969484 -0.245155 0.269244 -0.963072 -1.818475 2.868985 -0.245155 -0.969484 -0.963072 0.269244 0.109316 43.726335 -0.278217 36.031803 200.000000 36.031803 0.008039 3.215499 -0.960518 -28.164902 200.000000 -28.164902 0.021128 8.451350 -0.948536 15.600835 200.000000 15.600835 0.224905 89.962071 0.316668 -12.095914 200.000000 -12.095914
 23.800000 -0.976412 -0.215915 0.345030 -0.938592 -1.788425 2.789322 -0.215915 -0.976412 -0.938592 0.345030 0.388163 155.265207 -0.278217 36.031803 200.000000 36.031803 0.025262 10.104910 -0.960518 -28.164902 200.000000 -28.164902 0.009890 3.955969 -0.948536 15.600835 200.000000 15.600835 0.080441 32.176283 0.316668 -12.095914 200.000000 -12.095914
 24.000000 -0.969143 -0.246501 0.361931 -0.932205 -1.819865 2.771254 -0.246501 -0.969143 -0.932205 0.361931 0.100593 40.237291 -0.278217 36.031803 200.000000 36.031803 0.007438 2.975224 -0.960518 -28.164902 200.000000 -28.164902 0.026672 10.668626 -0.948536 15.600835 200.000000 15.600835 0.204871 81.948439 0.316668 -12.095914 200.000000 -12.095914
 24.200000 -0.926053 -0.377393 0.286453 -0.958094 -1.957776 2.851070 -0.377393 -0.926053 -0.958094 0.286453 0.983576 393.430516 -0.278217 36.031803 200.000000 36.031803 0.118783 47.513077 -0.960518 -28.164902 200.000000 -28.164902 0.009135 3.654180 -0.948536 15.600835 200.000000 15.600835 0.091297 36.518649 0.316668 -12.095914 200.000000 -12.095914
 24.400000 -0.958488 -0.285134 0.346302 -0.938123 -1.859942 2.787966 -0.285134 -0.958488 -0.938123 0.346302 0.004783 1.913384 -0.278217 36.031803 200.000000 36.031803 0.000412 0.164895 -0.960518 -28.164902 200.000000 -28.164902 0.010844 4.337595 -0.948536 15.600835 200.000000 15.600835 0.087819 35.127554 0.316668 -12.095914 200.000000 -12.095914
 24.600000 -0.959328 -0.282293 0.360388 -0.932802 -1.856980 2.772909 -0.282293 -0.959328 -0.932802 0.360388 0.001661 0.664528 -0.278217 36.031803 200.000000 36.031803 0.000142 0.056643 -0.960518 -28.164902 200.000000 -28.164902 0.024756 9.902384 -0.948536 15.600835 200.000000 15.600835 0.191146 76.458253 0.316668 -12.095914 200.000000 -12.095914
 24.800000 -0.967661 -0.252255 0.351822 -0.936067 -1.825806 2.782075 -0.252255 -0.967661 -0.936067 0.351822 0.067405 26.961913 -0.278217 36.031803 200.000000 36.031803 0.005102 2.040712 -0.960518 -28.164902 200.000000 -28.164902 0.015549 6.219707 -0.948536 15.600835 200.000000 15.600835 0.123583 49.433279 0.316668 -12.095914 200.000000 -12.095914
 25.000000 -0.961331 -0.275395 0.323894 -0.946094 -1.849797 2.811751 -0.275395 -0.961331 -0.946094 0.323894 0.000797 0.318652 -0.278217 36.031803 200.000000 36.031803 0.000066 0.026442 -0.960518 -28.164902 200.000000 -28.164902 0.000597 0.238713 -0.948536 15.600835 200.000000 15.600835 0.005221 2.088348 0.316668 -12.095914 200.000000 -12.095914
 25.200000 -0.957080 -0.289824 0.330922 -0.943658 -1.864839 2.804312 -0.289824 -0.957080 -0.943658 0.330922 0.013471 5.388341 -0.278217 36.031803 200.000000 36.031803 0.001182 0.472824 -0.960518 -28.164902 200.000000 -28.164902 0.002380 0.951962 -0.948536 15.600835 200.000000 15.600835 0.020318 8.127376 0.316668 -12.095914 200.000000 -12.095914
 25.400000 -0.948476 -0.316850 0.339558 -0.940585 -1.893203 2.795145 -0.316850 -0.948476 -0.940585 0.339558 0.149251 59.700263 -0.278217 36.031803 200.000000 36.031803 0.014502 5.800966 -0.960518 -28.164902 200.000000 -28.164902 0.006323 2.529036 -0.948536 15.600835 200.000000 15.600835 0.052397 20.958843 0.316668 -12.095914 200.000000 -12.095914
 25.600000 -0.918368 -0.395727 0.280179 -0.959948 -1.977656 2.857612 -0.395727 -0.918368 -0.959948 0.280179 1.380858 552.343018 -0.278217 36.031803 200.000000 36.031803 0.177663 71.065141 -0.960518 -28.164902 200.000000 -28.164902 0.013022 5.208830 -0.948536 15.600835 200.000000 15.600835 0.133147 53.258856 0.316668 -12.095914 200.000000 -12.095914
 25.800000 -0.957334 -0.288983 0.267547 -0.963545 -1.863961 2.870746 -0.288983 -0.957334 -0.963545 0.267547 0.011591 4.636281 -0.278217 36.031803 200.000000 36.031803 0.001014 0.405521 -0.960518 -28.164902 200.000000 -28.164902 0.022525 9.010051 -0.948536 15.600835 200.000000 15.600835 0.241287 96.514947 0.316668 -12.095914 200.000000 -12.095914
 26.000000 -0.972987 -0.230861 0.254150 -0.967165 -1.803759 2.884624 -0.230861 -0.972987 -0.967165 0.254150 0.224259 89.703505 -0.278217 36.031803 200.000000 36.031803 0.015546 6.218551 -0.960518 -28.164902 200.000000 -28.164902 0.034701 13.880522 -0.948536 15.600835 200.000000 15.600835 0.390846 156.338350 0.316668 -12.095914 200.000000 -12.095914
 26.200000 -0.959296 -0.282402 0.367415 -0.930057 -1.857094 2.765364 -0.282402 -0.959296 -0.930057 0.367415 0.001751 0.700441 -0.278217 36.031803 200.000000 36.031803 0.000149 0.059730 -0.960518 -28.164902 200.000000 -28.164902 0.034149 13.659621 -0.948536 15.600835 200.000000 15.600835 0.257529 103.011629 0.316668 -12.095914 200.000000 -12.095914
 26.400000 -0.927258 -0.374424 0.404474 -0.914549 -1.954571 2.725189 -0.374424 -0.927258 -0.914549 0.404474 0.925562 370.224718 -0.278217 36.031803 200.000000 36.031803 0.110625 44.250004 -0.960518 -28.164902 200.000000 -28.164902 0.115513 46.205082 -0.948536 15.600835 200.000000 15.600835 0.770998 308.399211 0.316668 -12.095914 200.000000 -12.095914
 26.600000 -0.963165 -0.268910 0.314555 -0.949239 -1.843058 2.821605 -0.268910 -0.963165 -0.949239 0.314555 0.008663 3.465016 -0.278217 36.031803 200.000000 36.031803 0.000701 0.280295 -0.960518 -28.164902 200.000000 -28.164902 0.000049 0.019754 -0.948536 15.600835 200.000000 15.600835 0.000446 0.178559 0.316668 -12.095914 200.000000 -12.095914
 26.800000 -0.988452 -0.151532 0.343345 -0.939209 -1.722914 2.791116 -0.151532 -0.988452 -0.939209 0.343345 1.604919 641.967584 -0.278217 36.031803 200.000000 36.031803 0.078032 31.212849 -0.960518 -28.164902 200.000000 -28.164902 0.008700 3.479817 -0.948536 15.600835 200.000000 15.600835 0.071167 28.466777 0.316668 -12.095914 200.000000 -12.095914
 27.000000 -0.964302 -0.264805 0.311031 -0.950400 -1.838798 2.825315 -0.264805 -0.964302 -0.950400 0.311031 0.017989 7.195645 -0.278217 36.031803 200.000000 36.031803 0.001432 0.572697 -0.960518 -28.164902 200.000000 -28.164902 0.000347 0.138893 -0.948536 15.600835 200.000000 15.600835 0.003178 1.271159 0.316668 -12.095914 200.000000 -12.095914
 27.200000 -0.964046 -0.265736 0.365500 -0.930811 -1.839764 2.767423 -0.265736 -0.964046 -0.930811 0.365500 0.015578 6.231268 -0.278217 36.031803 200.000000 36.031803 0.001244 0.497778 -0.960518 -28.164902 200.000000 -28.164902 0.031418 12.567192 -0.948536 15.600835 200.000000 15.600835 0.238457 95.382746 0.316668 -12.095914 200.000000 -12.095914
 27.400000 -0.972854 -0.231418 0.275313 -0.961355 -1.804332 2.862677 -0.231418 -0.972854 -0.961355 0.275313 0.219015 87.605916 -0.278217 36.031803 200.000000 36.031803 0.015218 6.087268 -0.960518 -28.164902 200.000000 -28.164902 0.016430 6.572139 -0.948536 15.600835 200.000000 15.600835 0.171020 68.408143 0.316668 -12.095914 200.000000 -12.095914
 27.600000 -0.959388 -0.282091 0.239158 -0.970981 -1.856770 2.900094 -0.282091 -0.959388 -0.970981 0.239158 0.001501 0.600284 -0.278217 36.031803 200.000000 36.031803 0.000128 0.051127 -0.960518 -28.164902 200.000000 -28.164902 0.050374 20.149688 -0.948536 15.600835 200.000000 15.600835 0.600779 240.311450 0.316668 -12.095914 200.000000 -12.095914
 27.800000 -0.962155 -0.272503 0.275905 -0.961185 -1.846790 2.862062 -0.272503 -0.962155 -0.961185 0.275905 0.003265 1.305975 -0.278217 36.031803 200.000000 36.031803 0.000268 0.107149 -0.960518 -28.164902 200.000000 -28.164902 0.015999 6.399441 -0.948536 15.600835 200.000000 15.600835 0.166165 66.465897 0.316668 -12.095914 200.000000 -12.095914
 28.000000 -0.964599 -0.263721 0.363199 -0.931712 -1.837674 2.769893 -0.263721 -0.964599 -0.931712 0.363199 0.021014 8.405518 -0.278217 36.031803 200.000000 36.031803 0.001665 0.666117 -0.960518 -28.164902 200.000000 -28.164902 0.028308 11.323099 -0.948536 15.600835 200.000000 15.600835 0.216515 86.605898 0.316668 -12.095914 200.000000 -12.095914
 28.200000 -0.970705 -0.240273 0.262077 -0.965047 -1.813444 2.876419 -0.240273 -0.970705 -0.965047 0.262077 0.143976 57.590298 -0.278217 36.031803 200.000000 36.031803 0.010378 4.151131 -0.960518 -28.164902 200.000000 -28.164902 0.027260 10.904010 -0.948536 15.600835 200.000000 15.600835 0.298021 119.208450 0.316668 -12.095914 200.000000 -12.095914
 28.400000 -0.943496 -0.331383 0.319448 -0.947604 -1.908566 2.816445 -0.331383 -0.943496 -0.947604 0.319448 0.282662 113.064627 -0.278217 36.031803 200.000000 36.031803 0.028975 11.589841 -0.960518 -28.164902 200.000000 -28.164902 0.000087 0.034803 -0.948536 15.600835 200.000000 15.600835 0.000773 0.309236 0.316668 -12.095914 200.000000 -12.095914
 28.600000 -0.943814 -0.330477 0.375328 -0.926892 -1.907606 2.756842 -0.330477 -0.943814 -0.926892 0.375328 0.273111 109.244333 -0.278217 36.031803 200.000000 36.031803 0.027903 11.161253 -0.960518 -28.164902 200.000000 -28.164902 0.046848 18.739252 -0.948536 15.600835 200.000000 15.600835 0.344101 137.640408 0.316668 -12.095914 200.000000 -12.095914
 28.800000 -0.961613 -0.274410 0.408110 -0.912933 -1.848773 2.721210 -0.274410 -0.961613 -0.912933 0.408110 0.001449 0.579797 -0.278217 36.031803 200.000000 36.031803 0.000120 0.047926 -0.960518 -28.164902 200.000000 -28.164902 0.126763 50.705192 -0.948536 15.600835 200.000000 15.600835 0.836169 334.467405 0.316668 -12.095914 200.000000 -12.095914
 29.000000 -0.963866 -0.266387 0.411078 -0.911600 -1.840439 2.717957 -0.266387 -0.963866 -0.911600 0.411078 0.013995 5.598127 -0.278217 36.031803 200.000000 36.031803 0.001121 0.448355 -0.960518 -28.164902 200.000000 -28.164902 0.136428 54.571069 -0.948536 15.600835 200.000000 15.600835 0.891319 356.527446 0.316668 -12.095914 200.000000 -12.095914
 29.200000 -0.967997 -0.250962 0.259775 -0.965669 -1.824470 2.878804 -0.250962 -0.967997 -0.965669 0.259775 0.074288 29.715270 -0.278217 36.031803 200.000000 36.031803 0.005593 2.237376 -0.960518 -28.164902 200.000000 -28.164902 0.029353 11.741291 -0.948536 15.600835 200.000000 15.600835 0.323684 129.473421 0.316668 -12.095914 200.000000 -12.095914
 29.400000 -0.974487 -0.224443 0.346296 -0.938125 -1.797168 2.787973 -0.224443 -0.974487 -0.938125 0.346296 0.289167 115.666891 -0.278217 36.031803 200.000000 36.031803 0.019513 7.805389 -0.960518 -28.164902 200.000000 -28.164902 0.010839 4.335617 -0.948536 15.600835 200.000000 15.600835 0.087781 35.112312 0.316668 -12.095914 200.000000 -12.095914
 29.600000 -0.954425 -0.298451 0.316621 -0.948552 -1.873866 2.819427 -0.298451 -0.954425 -0.948552 0.316621 0.040941 16.376360 -0.278217 36.031803 200.000000 36.031803 0.003713 1.485110 -0.960518 -28.164902 200.000000 -28.164902 0.000000 0.000010 -0.948536 15.600835 200.000000 15.600835 0.000000 0.000087 0.316668 -12.095914 200.000000 -12.095914
 29.800000 -0.957208 -0.289402 0.239198 -0.970971 -1.864399 2.900053 -0.289402 -0.957208 -0.970971 0.239198 0.012510 5.004049 -0.278217 36.031803 200.000000 36.031803 0.001096 0.438393 -0.960518 -28.164902 200.000000 -28.164902 0.050330 20.132039 -0.948536 15.600835 200.000000 15.600835 0.600160 240.064019 0.316668 -12.095914 200.000000 -12.095914
 30.000000 -0.971000 -0.239077 0.279157 -0.960245 -1.812212 2.858676 -0.239077 -0.971000 -0.960245 0.279157 0.153194 61.277493 -0.278217 36.031803 200.000000 36.031803 0.010988 4.395211 -0.960518 -28.164902 200.000000 -28.164902 0.013710 5.483929 -0.948536 15.600835 200.000000 15.600835 0.140704 56.281580 0.316668 -12.095914 200.000000 -12.095914
 30.200000 -0.961405 -0.275137 0.287130 -0.957892 -1.849529 2.850363 -0.275137 -0.961405 -0.957892 0.287130 0.000949 0.379458 -0.278217 36.031803 200.000000 36.031803 0.000079 0.031456 -0.960518 -28.164902 200.000000 -28.164902 0.008752 3.500782 -0.948536 15.600835 200.000000 15.600835 0.087249 34.899772 0.316668 -12.095914 200.000000 -12.095914
 30.400000 -0.954067 -0.299595 0.307727 -0.951475 -1.875064 2.828789 -0.299595 -0.954067 -0.951475 0.307727 0.045698 18.279321 -0.278217 36.031803 200.000000 36.031803 0.004162 1.664885 -0.960518 -28.164902 200.000000 -28.164902 0.000863 0.345298 -0.948536 15.600835 200.000000 15.600835 0.007993 3.197322 0.316668 -12.095914 200.000000 -12.095914
 30.600000 -0.976630 -0.214928 0.290467 -0.956885 -1.787415 2.846878 -0.214928 -0.976630 -0.956885 0.290467 0.400552 160.220863 -0.278217 36.031803 200.000000 36.031803 0.025959 10.383507 -0.960518 -28.164902 200.000000 -28.164902 0.006970 2.788027 -0.948536 15.600835 200.000000 15.600835 0.068651 27.460550 0.316668 -12.095914 200.000000 -12.095914
 30.800000 -0.971208 -0.238233 0.346246 -0.938144 -1.811342 2.788026 -0.238233 -0.971208 -0.938144 0.346246 0.159876 63.950403 -0.278217 36.031803 200.000000 36.031803 0.011427 4.570981 -0.960518 -28.164902 200.000000 -28.164902 0.010801 4.320310 -0.948536 15.600835 200.000000 15.600835 0.087486 34.994291 0.316668 -12.095914 200.000000 -12.095914
 31.000000 -0.947997 -0.318280 0.325787 -0.945443 -1.894711 2.809748 -0.318280 -0.947997 -0.945443 0.325787 0.160501 64.200330 -0.278217 36.031803 200.000000 36.031803 0.015678 6.271384 -0.960518 -28.164902 200.000000 -28.164902 0.000957 0.382749 -0.948536 15.600835 200.000000 15.600835 0.008316 3.326437 0.316668 -12.095914 200.000000 -12.095914
 31.200000 -0.967220 -0.253938 0.394405 -0.918937 -1.827546 2.736172 -0.253938 -0.967220 -0.918937 0.394405 0.058948 23.579057 -0.278217 36.031803 200.000000 36.031803 0.004492 1.796833 -0.960518 -28.164902 200.000000 -28.164902 0.087614 35.045766 -0.948536 15.600835 200.000000 15.600835 0.604305 241.721837 0.316668 -12.095914 200.000000 -12.095914
 31.400000 -0.968184 -0.250240 0.344576 -0.938758 -1.823724 2.789805 -0.250240 -0.968184 -0.938758 0.344576 0.078274 31.309677 -0.278217 36.031803 200.000000 36.031803 0.005876 2.350544 -0.960518 -28.164902 200.000000 -28.164902 0.009561 3.824517 -0.948536 15.600835 200.000000 15.600835 0.077888 31.155301 0.316668 -12.095914 200.000000 -12.095914
 31.600000 -0.950499 -0.310727 0.299340 -0.954146 -1.886755 2.837592 -0.310727 -0.950499 -0.954146 0.299340 0.105690 42.276069 -0.278217 36.031803 200.000000 36.031803 0.010038 4.015271 -0.960518 -28.164902 200.000000 -28.164902 0.003147 1.258899 -0.948536 15.600835 200.000000 15.600835 0.030026 12.010217 0.316668 -12.095914 200.000000 -12.095914
 31.800000 -0.970653 -0.240486 0.337985 -0.941152 -1.813663 2.796818 -0.240486 -0.970653 -0.941152 0.337985 0.142368 56.947042 -0.278217 36.031803 200.000000 36.031803 0.010271 4.108354 -0.960518 -28.164902 200.000000 -28.164902 0.005454 2.181410 -0.948536 15.600835 200.000000 15.600835 0.045440 18.175896 0.316668 -12.095914 200.000000 -12.095914
 32.000000 -0.961404 -0.275140 0.288206 -0.957569 -1.849531 2.849240 -0.275140 -0.961404 -0.957569 0.288206 0.000947 0.378922 -0.278217 36.031803 200.000000 36.031803 0.000079 0.031412 -0.960518 -28.164902 200.000000 -28.164902 0.008158 3.263142 -0.948536 15.600835 200.000000 15.600835 0.081010 32.404117 0.316668 -12.095914 200.000000 -12.095914
 32.200000 -0.924730 -0.380623 0.265791 -0.964031 -1.961267 2.872568 -0.380623 -0.924730 -0.964031 0.265791 1.048695 419.478125 -0.278217 36.031803 200.000000 36.031803 0.128078 51.231033 -0.960518 -28.164902 200.000000 -28.164902 0.024007 9.602897 -0.948536 15.600835 200.000000 15.600835 0.258848 103.539280 0.316668 -12.095914 200.000000 -12.095914
 32.400000 -0.969992 -0.243137 0.366138 -0.930561 -1.816395 2.766738 -0.243137 -0.969992 -0.930561 0.366138 0.123066 49.226398 -0.278217 36.031803 200.000000 36.031803 0.008976 3.590208 -0.960518 -28.164902 200.000000 -28.164902 0.032313 12.925036 -0.948536 15.600835 200.000000 15.600835 0.244724 97.889509 0.316668 -12.095914 200.000000 -12.095914
 32.600000 -0.964180 -0.265248 0.355938 -0.934510 -1.839257 2.777675 -0.265248 -0.964180 -0.934510 0.355938 0.016821 6.728571 -0.278217 36.031803 200.000000 36.031803 0.001341 0.536464 -0.960518 -28.164902 200.000000 -28.164902 0.019675 7.870120 -0.948536 15.600835 200.000000 15.600835 0.154213 61.685310 0.316668 -12.095914 200.000000 -12.095914
 32.800000 -0.939916 -0.341406 0.404763 -0.914422 -1.919209 2.724873 -0.341406 -0.939916 -0.914422 0.404763 0.399284 159.713497 -0.278217 36.031803 200.000000 36.031803 0.042446 16.978226 -0.960518 -28.164902 200.000000 -28.164902 0.116382 46.552917 -0.948536 15.600835 200.000000 15.600835 0.776074 310.429763 0.316668 -12.095914 200.000000 -12.095914
 33.000000 -0.959499 -0.281713 0.414990 -0.909826 -1.856375 2.713661 -0.281713 -0.959499 -0.909826 0.414990 0.001222 0.488618 -0.278217 36.031803 200.000000 36.031803 0.000104 0.041555 -0.960518 -28.164902 200.000000 -28.164902 0.149850 59.939902 -0.948536 15.600835 200.000000 15.600835 0.966720 386.688031 0.316668 -12.095914 200.000000 -12.095914
 33.200000 -0.967421 -0.253174 0.393666 -0.919254 -1.826756 2.736976 -0.253174 -0.967421 -0.919254 0.393666 0.062718 25.087020 -0.278217 36.031803 200.000000 36.031803 0.004765 1.905863 -0.960518 -28.164902 200.000000 -28.164902 0.085749 34.299488 -0.948536 15.600835 200.000000 15.600835 0.592869 237.147513 0.316668 -12.095914 200.000000 -12.095914
 33.400000 -0.972144 -0.234386 0.314981 -0.949098 -1.807383 2.821156 -0.234386 -0.972144 -0.949098 0.314981 0.192122 76.848902 -0.278217 36.031803 200.000000 36.031803 0.013515 5.406155 -0.960518 -28.164902 200.000000 -28.164902 0.000032 0.012620 -0.948536 15.600835 200.000000 15.600835 0.000285 0.113899 0.316668 -12.095914 200.000000 -12.095914
 33.600000 -0.950285 -0.311381 0.340700 -0.940172 -1.887442 2.793931 -0.311381 -0.950285 -0.940172 0.340700 0.109980 43.991954 -0.278217 36.031803 200.000000 36.031803 0.010471 4.188451 -0.960518 -28.164902 200.000000 -28.164902 0.006997 2.798632 -0.948536 15.600835 200.000000 15.600835 0.057756 23.102438 0.316668 -12.095914 200.000000 -12.095914
 33.800000 -0.931031 -0.364939 0.298736 -0.954336 -1.944364 2.838225 -0.364939 -0.931031 -0.954336 0.298736 0.752065 300.826080 -0.278217 36.031803 200.000000 36.031803 0.086947 34.778717 -0.960518 -28.164902 200.000000 -28.164902 0.003363 1.345271 -0.948536 15.600835 200.000000 15.600835 0.032155 12.861990 0.316668 -12.095914 200.000000 -12.095914
 34.000000 -0.953897 -0.300136 0.308948 -0.951079 -1.875631 2.827505 -0.300136 -0.953897 -0.951079 0.308948 0.048040 19.216099 -0.278217 36.031803 200.000000 36.031803 0.004384 1.753796 -0.960518 -28.164902 200.000000 -28.164902 0.000646 0.258542 -0.948536 15.600835 200.000000 15.600835 0.005959 2.383666 0.316668 -12.095914 200.000000 -12.095914
 34.200000 -0.962079 -0.272770 0.369087 -0.929395 -1.847068 2.763566 -0.272770 -0.962079 -0.929395 0.369087 0.002967 1.186861 -0.278217 36.031803 200.000000 36.031803 0.000244 0.097478 -0.960518 -28.164902 200.000000 -28.164902 0.036640 14.656040 -0.948536 15.600835 200.000000 15.600835 0.274776 109.910212 0.316668 -12.095914 200.000000 -12.095914
 34.400000 -0.911784 -0.410669 0.372538 -0.928017 -1.993984 2.759851 -0.410669 -0.911784 -0.928017 0.372538 1.754345 701.738096 -0.278217 36.031803 200.000000 36.031803 0.237497 94.998885 -0.960518 -28.164902 200.000000 -28.164902 0.042104 16.841710 -0.948536 15.600835 200.000000 15.600835 0.312141 124.856332 0.316668 -12.095914 200.000000 -12.095914
 34.600000 -0.969663 -0.244447 0.354978 -0.934875 -1.817746 2.778702 -0.244447 -0.969663 -0.934875 0.354978 0.114044 45.617781 -0.278217 36.031803 200.000000 36.031803 0.008362 3.344908 -0.960518 -28.164902 200.000000 -28.164902 0.018665 7.465856 -0.948536 15.600835 200.000000 15.600835 0.146767 58.706842 0.316668 -12.095914 200.000000 -12.095914
 34.800000 -0.980425 -0.196892 0.320059 -0.947398 -1.768984 2.815801 -0.196892 -0.980425 -0.947398 0.320059 0.661376 264.550351 -0.278217 36.031803 200.000000 36.031803 0.039629 15.851518 -0.960518 -28.164902 200.000000 -28.164902 0.000130 0.051873 -0.948536 15.600835 200.000000 15.600835 0.001150 0.459917 0.316668 -12.095914 200.000000 -12.095914
 35.000000 -0.953933 -0.300020 0.231688 -0.972790 -1.875510 2.907780 -0.300020 -0.953933 -0.972790 0.231688 0.047536 19.014412 -0.278217 36.031803 200.000000 36.031803 0.004337 1.734631 -0.960518 -28.164902 200.000000 -28.164902 0.058824 23.529463 -0.948536 15.600835 200.000000 15.600835 0.722152 288.860649 0.316668 -12.095914 200.000000 -12.095914
 35.200000 -0.945168 -0.326584 0.372918 -0.927864 -1.903483 2.759441 -0.326584 -0.945168 -0.927864 0.372918 0.233931 93.572462 -0.278217 36.031803 200.000000 36.031803 0.023562 9.424769 -0.960518 -28.164902 200.000000 -28.164902 0.042733 17.093211 -0.948536 15.600835 200.000000 15.600835 0.316402 126.560619 0.316668 -12.095914 200.000000 -12.095914
 35.400000 -0.952640 -0.304101 0.390221 -0.920721 -1.879791 2.740721 -0.304101 -0.952640 -0.920721 0.390221 0.066996 26.798307 -0.278217 36.031803 200.000000 36.031803 0.006207 2.482715 -0.960518 -28.164902 200.000000 -28.164902 0.077369 30.947519 -0.948536 15.600835 200.000000 15.600835 0.541005 216.402183 0.316668 -12.095914 200.000000 -12.095914
 35.600000 -0.953909 -0.300096 0.268005 -0.963418 -1.875590 2.870271 -0.300096 -0.953909 -0.963418 0.268005 0.047868 19.147397 -0.278217 36.031803 200.000000 36.031803 0.004368 1.747267 -0.960518 -28.164902 200.000000 -28.164902 0.022145 8.857895 -0.948536 15.600835 200.000000 15.600835 0.236810 94.723881 0.316668 -12.095914 200.000000 -12.095914
 35.800000 -0.970133 -0.242573 0.244620 -0.969619 -1.815814 2.894465 -0.242573 -0.970133 -0.969619 0.244620 0.127050 50.820093 -0.278217 36.031803 200.000000 36.031803 0.009245 3.697894 -0.960518 -28.164902 200.000000 -28.164902 0.044447 17.778933 -0.948536 15.600835 200.000000 15.600835 0.519089 207.635442 0.316668 -12.095914 200.000000 -12.095914
 36.000000 -0.934774 -0.355243 0.338470 -0.940977 -1.933970 2.796302 -0.355243 -0.934774 -0.940977 0.338470 0.593295 237.317819 -0.278217 36.031803 200.000000 36.031803 0.066276 26.510456 -0.960518 -28.164902 200.000000 -28.164902 0.005714 2.285682 -0.948536 15.600835 200.000000 15.600835 0.047532 19.012989 0.316668 -12.095914 200.000000 -12.095914
 36.200000 -0.951906 -0.306389 0.380727 -0.924688 -1.882194 2.751011 -0.306389 -0.951906 -0.924688 0.380727 0.079364 31.745736 -0.278217 36.031803 200.000000 36.031803 0.007416 2.966499 -0.960518 -28.164902 200.000000 -28.164902 0.056877 22.750609 -0.948536 15.600835 200.000000 15.600835 0.410351 164.140333 0.316668 -12.095914 200.000000 -12.095914
 36.400000 -0.950508 -0.310700 0.359787 -0.933035 -1.886726 2.773553 -0.310700 -0.950508 -0.933035 0.359787 0.105514 42.205757 -0.278217 36.031803 200.000000 36.031803 0.010020 4.008187 -0.960518 -28.164902 200.000000 -28.164902 0.024031 9.612287 -0.948536 15.600835 200.000000 15.600835 0.185922 74.368772 0.316668 -12.095914 200.000000 -12.095914
 36.600000 -0.980362 -0.197205 0.259028 -0.965870 -1.769302 2.879577 -0.197205 -0.980362 -0.965870 0.259028 0.656306 262.522365 -0.278217 36.031803 200.000000 36.031803 0.039379 15.751709 -0.960518 -28.164902 200.000000 -28.164902 0.030045 12.017918 -0.948536 15.600835 200.000000 15.600835 0.332240 132.895846 0.316668 -12.095914 200.000000 -12.095914
 36.800000 -0.963401 -0.268066 0.342674 -0.939454 -1.842181 2.791830 -0.268066 -0.963401 -0.939454 0.342674 0.010306 4.122484 -0.278217 36.031803 200.000000 36.031803 0.000831 0.332369 -0.960518 -28.164902 200.000000 -28.164902 0.008249 3.299459 -0.948536 15.600835 200.000000 15.600835 0.067633 27.053312 0.316668 -12.095914 200.000000 -12.095914
 37.000000 -0.942259 -0.334884 0.368369 -0.929680 -1.912278 2.764339 -0.334884 -0.942259 -0.929680 0.368369 0.321107 128.442943 -0.278217 36.031803 200.000000 36.031803 0.033338 13.335172 -0.960518 -28.164902 200.000000 -28.164902 0.035558 14.223024 -0.948536 15.600835 200.000000 15.600835 0.267298 106.919092 0.316668 -12.095914 200.000000 -12.095914
 37.200000 -0.939776 -0.341791 0.390945 -0.920414 -1.919618 2.739934 -0.341791 -0.939776 -0.920414 0.390945 0.404155 161.661893 -0.278217 36.031803 200.000000 36.031803 0.043023 17.209200 -0.960518 -28.164902 200.000000 -28.164902 0.079088 31.635078 -0.948536 15.600835 200.000000 15.600835 0.551712 220.684817 0.316668 -12.095914 200.000000 -12.095914
 37.400000 -0.920283 -0.391254 0.227409 -0.973799 -1.972790 2.912176 -0.391254 -0.920283 -0.973799 0.227409 1.277726 511.090383 -0.278217 36.031803 200.000000 36.031803 0.161889 64.755436 -0.960518 -28.164902 200.000000 -28.164902 0.063821 25.528495 -0.948536 15.600835 200.000000 15.600835 0.796715 318.685854 0.316668 -12.095914 200.000000 -12.095914
 37.600000 -0.966461 -0.256813 0.380157 -0.924922 -1.830519 2.751627 -0.256813 -0.966461 -0.924922 0.380157 0.045815 18.326153 -0.278217 36.031803 200.000000 36.031803 0.003532 1.412779 -0.960518 -28.164902 200.000000 -28.164902 0.055764 22.305477 -0.948536 15.600835 200.000000 15.600835 0.403081 161.232524 0.316668 -12.095914 200.000000 -12.095914
 37.800000 -0.950297 -0.311346 0.370256 -0.928930 -1.887405 2.762308 -0.311346 -0.950297 -0.928930 0.370256 0.109749 43.899727 -0.278217 36.031803 200.000000 36.031803 0.010448 4.179127 -0.960518 -28.164902 200.000000 -28.164902 0.038443 15.377092 -0.948536 15.600835 200.000000 15.600835 0.287171 114.868412 0.316668 -12.095914 200.000000 -12.095914
 38.000000 -0.960694 -0.277609 0.367681 -0.929952 -1.852100 2.765079 -0.277609 -0.960694 -0.929952 0.367681 0.000037 0.014827 -0.278217 36.031803 200.000000 36.031803 0.000003 0.001241 -0.960518 -28.164902 200.000000 -28.164902 0.034538 13.815215 -0.948536 15.600835 200.000000 15.600835 0.260231 104.092544 0.316668 -12.095914 200.000000 -12.095914
 38.200000 -0.989804 -0.142434 0.304234 -0.952597 -1.713717 2.832459 -0.142434 -0.989804 -0.952597 0.304234 1.843710 737.483926 -0.278217 36.031803 200.000000 36.031803 0.085768 34.307174 -0.960518 -28.164902 200.000000 -28.164902 0.001649 0.659672 -0.948536 15.600835 200.000000 15.600835 0.015461 6.184546 0.316668 -12.095914 200.000000 -12.095914
 38.400000 -0.972516 -0.232838 0.315426 -0.948950 -1.805791 2.820687 -0.232838 -0.972516 -0.948950 0.315426 0.205932 82.372764 -0.278217 36.031803 200.000000 36.031803 0.014394 5.757586 -0.960518 -28.164902 200.000000 -28.164902 0.000017 0.006848 -0.948536 15.600835 200.000000 15.600835 0.000154 0.061706 0.316668 -12.095914 200.000000 -12.095914
 38.600000 -0.957797 -0.287445 0.280256 -0.959925 -1.862355 2.857532 -0.287445 -0.957797 -0.959925 0.280256 0.008515 3.406158 -0.278217 36.031803 200.000000 36.031803 0.000740 0.296169 -0.960518 -28.164902 200.000000 -28.164902 0.012971 5.188296 -0.948536 15.600835 200.000000 15.600835 0.132585 53.033943 0.316668 -12.095914 200.000000 -12.095914
 38.800000 -0.979297 -0.202427 0.309358 -0.950946 -1.774632 2.827075 -0.202427 -0.979297 -0.950946 0.309358 0.574424 229.769628 -0.278217 36.031803 200.000000 36.031803 0.035266 14.106494 -0.960518 -28.164902 200.000000 -28.164902 0.000580 0.232167 -0.948536 15.600835 200.000000 15.600835 0.005343 2.137400 0.316668 -12.095914 200.000000 -12.095914
 39.000000 -0.964070 -0.265647 0.287393 -0.957813 -1.839671 2.850088 -0.265647 -0.964070 -0.957813 0.287393 0.015803 6.321051 -0.278217 36.031803 200.000000 36.031803 0.001262 0.504771 -0.960518 -28.164902 200.000000 -28.164902 0.008605 3.441931 -0.948536 15.600835 200.000000 15.600835 0.085701 34.280329 0.316668 -12.095914 200.000000 -12.095914
 39.200000 -0.939636 -0.342175 0.177937 -0.984042 -1.920027 2.962704 -0.342175 -0.939636 -0.984042 0.177937 0.409059 163.623791 -0.278217 36.031803 200.000000 36.031803 0.043606 17.442232 -0.960518 -28.164902 200.000000 -28.164902 0.126064 50.425702 -0.948536 15.600835 200.000000 15.600835 1.924643 769.857011 0.316668 -12.095914 200.000000 -12.095914
 39.400000 -0.955676 -0.294420 0.364724 -0.931116 -1.869645 2.768256 -0.294420 -0.955676 -0.931116 0.364724 0.026254 10.501533 -0.278217 36.031803 200.000000 36.031803 0.002345 0.937851 -0.960518 -28.164902 200.000000 -28.164902 0.030349 12.139498 -0.948536 15.600835 200.000000 15.600835 0.230941 92.376427 0.316668 -12.095914 200.000000 -12.095914
 39.600000 -0.950560 -0.310542 0.328115 -0.944638 -1.886560 2.807285 -0.310542 -0.950560 -0.944638 0.328115 0.104490 41.796114 -0.278217 36.031803 200.000000 36.031803 0.009917 3.966940 -0.960518 -28.164902 200.000000 -28.164902 0.001520 0.608027 -0.948536 15.600835 200.000000 15.600835 0.013104 5.241751 0.316668 -12.095914 200.000000 -12.095914
 39.800000 -0.967322 -0.253551 0.323904 -0.946090 -1.827146 2.811740 -0.253551 -0.967322 -0.946090 0.323904 0.060842 24.336731 -0.278217 36.031803 200.000000 36.031803 0.004629 1.851680 -0.960518 -28.164902 200.000000 -28.164902 0.000598 0.239391 -0.948536 15.600835 200.000000 15.600835 0.005236 2.094203 0.316668 -12.095914 200.000000 -12.095914
 40.000000 -0.988920 -0.148452 0.389846 -0.920880 -1.719799 2.741128 -0.148452 -0.988920 -0.920880 0.389846 1.683917 673.566762 -0.278217 36.031803 200.000000 36.031803 0.080665 32.265937 -0.960518 -28.164902 200.000000 -28.164902 0.076487 30.594884 -0.948536 15.600835 200.000000 15.600835 0.535500 214.200065 0.316668 -12.095914 200.000000 -12.095914
 40.200000 -0.972788 -0.231697 0.293136 -0.956071 -1.804618 2.844088 -0.231697 -0.972788 -0.956071 0.293136 0.216416 86.566598 -0.278217 36.031803 200.000000 36.031803 0.015055 6.022039 -0.960518 -28.164902 200.000000 -28.164902 0.005677 2.270702 -0.948536 15.600835 200.000000 15.600835 0.055377 22.150885 0.316668 -12.095914 200.000000 -12.095914
 40.400000 -0.948782 -0.315931 0.304482 -0.952518 -1.892234 2.832198 -0.315931 -0.948782 -0.952518 0.304482 0.142234 56.893515 -0.278217 36.031803 200.000000 36.031803 0.013774 5.509407 -0.960518 -28.164902 200.000000 -28.164902 0.001585 0.634131 -0.948536 15.600835 200.000000 15.600835 0.014850 5.939844 0.316668 -12.095914 200.000000 -12.095914
 40.600000 -0.977764 -0.209710 0.361858 -0.932233 -1.782074 2.771332 -0.209710 -0.977764 -0.932233 0.361858 0.469334 187.733578 -0.278217 36.031803 200.000000 36.031803 0.029741 11.896460 -0.960518 -28.164902 200.000000 -28.164902 0.026580 10.631831 -0.948536 15.600835 200.000000 15.600835 0.204214 81.685728 0.316668 -12.095914 200.000000 -12.095914
 40.800000 -0.961914 -0.273351 0.358555 -0.933509 -1.847672 2.774873 -0.273351 -0.961914 -0.933509 0.358555 0.002368 0.947200 -0.278217 36.031803 200.000000 36.031803 0.000195 0.077972 -0.960518 -28.164902 200.000000 -28.164902 0.022584 9.033430 -0.948536 15.600835 200.000000 15.600835 0.175452 70.180799 0.316668 -12.095914 200.000000 -12.095914
 41.000000 -0.961217 -0.275792 0.312799 -0.949819 -1.850210 2.823454 -0.275792 -0.961217 -0.949819 0.312799 0.000588 0.235281 -0.278217 36.031803 200.000000 36.031803 0.000049 0.019554 -0.960518 -28.164902 200.000000 -28.164902 0.000165 0.065831 -0.948536 15.600835 200.000000 15.600835 0.001497 0.598740 0.316668 -12.095914 200.000000 -12.095914
 41.200000 -0.934514 -0.355925 0.364248 -0.931302 -1.934700 2.768768 -0.355925 -0.934514 -0.931302 0.364248 0.603852 241.540913 -0.278217 36.031803 200.000000 36.031803 0.067619 27.047778 -0.960518 -28.164902 200.000000 -28.164902 0.029703 11.881001 -0.948536 15.600835 200.000000 15.600835 0.226385 90.553897 0.316668 -12.095914 200.000000 -12.095914
 41.400000 -0.931497 -0.363749 0.342274 -0.939600 -1.943086 2.792257 -0.363749 -0.931497 -0.939600 0.342274 0.731563 292.625092 -0.278217 36.031803 200.000000 36.031803 0.084222 33.688905 -0.960518 -28.164902 200.000000 -28.164902 0.007986 3.194213 -0.948536 15.600835 200.000000 15.600835 0.065566 26.226274 0.316668 -12.095914 200.000000 -12.095914
 41.600000 -0.968370 -0.249519 0.365850 -0.930674 -1.822979 2.767046 -0.249519 -0.968370 -0.930674 0.365850 0.082363 32.945075 -0.278217 36.031803 200.000000 36.031803 0.006165 2.466096 -0.960518 -28.164902 200.000000 -28.164902 0.031908 12.763161 -0.948536 15.600835 200.000000 15.600835 0.241891 96.756500 0.316668 -12.095914 200.000000 -12.095914
 41.800000 -0.948689 -0.316210 0.282221 -0.959349 -1.892529 2.855484 -0.316210 -0.948689 -0.959349 0.282221 0.144347 57.738726 -0.278217 36.031803 200.000000 36.031803 0.013993 5.597054 -0.960518 -28.164902 200.000000 -28.164902 0.011692 4.676767 -0.948536 15.600835 200.000000 15.600835 0.118658 47.463257 0.316668 -12.095914 200.000000 -12.095914
 42.000000 -0.953817 -0.300387 0.311948 -0.950099 -1.875895 2.824350 -0.300387 -0.953817 -0.950099 0.311948 0.049149 19.659633 -0.278217 36.031803 200.000000 36.031803 0.004490 1.795986 -0.960518 -28.164902 200.000000 -28.164902 0.000244 0.097672 -0.948536 15.600835 200.000000 15.600835 0.002228 0.891011 0.316668 -12.095914 200.000000 -12.095914
 42.200000 -0.970779 -0.239976 0.313822 -0.949482 -1.813138 2.822377 -0.239976 -0.970779 -0.949482 0.313822 0.146239 58.495654 -0.278217 36.031803 200.000000 36.031803 0.010528 4.211238 -0.960518 -28.164902 200.000000 -28.164902 0.000089 0.035757 -0.948536 15.600835 200.000000 15.600835 0.000810 0.324046 0.316668 -12.095914 200.000000 -12.095914
 42.400000 -0.965499 -0.260405 0.241874 -0.970308 -1.834238 2.897296 -0.260405 -0.965499 -0.970308 0.241874 0.031727 12.690801 -0.278217 36.031803 200.000000 36.031803 0.002481 0.992517 -0.960518 -28.164902 200.000000 -28.164902 0.047399 18.959451 -0.948536 15.600835 200.000000 15.600835 0.559414 223.765686 0.316668 -12.095914 200.000000 -12.095914
 42.600000 -0.965875 -0.259010 0.294130 -0.955765 -1.832794 2.843047 -0.259010 -0.965875 -0.955765 0.294130 0.036892 14.756762 -0.278217 36.031803 200.000000 36.031803 0.002869 1.147673 -0.960518 -28.164902 200.000000 -28.164902 0.005226 2.090284 -0.948536 15.600835 200.000000 15.600835 0.050795 20.318019 0.316668 -12.095914 200.000000 -12.095914
 42.800000 -0.981586 -0.191019 0.407385 -0.913257 -1.762996 2.722004 -0.191019 -0.981586 -0.913257 0.407385 0.760362 304.144988 -0.278217 36.031803 200.000000 36.031803 0.044387 17.754908 -0.960518 -28.164902 200.000000 -28.164902 0.124466 49.786511 -0.948536 15.600835 200.000000 15.600835 0.822951 329.180588 0.316668 -12.095914 200.000000 -12.095914
 43.000000 -0.934288 -0.356519 0.270794 -0.962637 -1.935336 2.867375 -0.356519 -0.934288 -0.962637 0.270794 0.613115 245.245886 -0.278217 36.031803 200.000000 36.031803 0.068802 27.520683 -0.960518 -28.164902 200.000000 -28.164902 0.019883 7.953309 -0.948536 15.600835 200.000000 15.600835 0.210440 84.175992 0.316668 -12.095914 200.000000 -12.095914
 43.200000 -0.980396 -0.197038 0.295351 -0.955389 -1.769132 2.841770 -0.197038 -0.980396 -0.955389 0.295351 0.659005 263.601811 -0.278217 36.031803 200.000000 36.031803 0.039512 15.804864 -0.960518 -28.164902 200.000000 -28.164902 0.004696 1.878246 -0.948536 15.600835 200.000000 15.600835 0.045443 18.177030 0.316668 -12.095914 200.000000 -12.095914
 43.400000 -0.990067 -0.140597 0.294716 -0.955585 -1.711860 2.842435 -0.140597 -0.990067 -0.955585 0.294716 1.893950 757.580176 -0.278217 36.031803 200.000000 36.031803 0.087313 34.925393 -0.960518 -28.164902 200.000000 -28.164902 0.004968 1.987284 -0.948536 15.600835 200.000000 15.600835 0.048191 19.276203 0.316668 -12.095914 200.000000 -12.095914
 43.600000 -0.953495 -0.301409 0.306743 -0.951792 -1.876966 2.829824 -0.301409 -0.953495 -0.951792 0.306743 0.053785 21.513824 -0.278217 36.031803 200.000000 36.031803 0.004932 1.972987 -0.960518 -28.164902 200.000000 -28.164902 0.001060 0.424060 -0.948536 15.600835 200.000000 15.600835 0.009851 3.940360 0.316668 -12.095914 200.000000 -12.095914
 43.800000 -0.955043 -0.296469 0.333665 -0.942692 -1.871789 2.801404 -0.296469 -0.955043 -0.942692 0.333665 0.033311 13.324395 -0.278217 36.031803 200.000000 36.031803 0.002998 1.199271 -0.960518 -28.164902 200.000000 -28.164902 0.003416 1.366355 -0.948536 15.600835 200.000000 15.600835 0.028888 11.555281 0.316668 -12.095914 200.000000 -12.095914
 44.000000 -0.964658 -0.263506 0.351940 -0.936023 -1.837452 2.781950 -0.263506 -0.964658 -0.936023 0.351940 0.021642 8.656642 -0.278217 36.031803 200.000000 36.031803 0.001714 0.685432 -0.960518 -28.164902 200.000000 -28.164902 0.015659 6.263739 -0.948536 15.600835 200.000000 15.600835 0.124409 49.763459 0.316668 -12.095914 200.000000 -12.095914
 44.200000 -0.964083 -0.265602 0.312272 -0.949993 -1.839624 2.824009 -0.265602 -0.964083 -0.949993 0.312272 0.015916 6.366467 -0.278217 36.031803 200.000000 36.031803 0.001271 0.508307 -0.960518 -28.164902 200.000000 -28.164902 0.000212 0.084837 -0.948536 15.600835 200.000000 15.600835 0.001933 0.773042 0.316668 -12.095914 200.000000 -12.095914
 44.400000 -0.955389 -0.295349 0.346114 -0.938193 -1.870618 2.788167 -0.295349 -0.955389 -0.938193 0.346114 0.029351 11.740212 -0.278217 36.031803 200.000000 36.031803 0.002630 1.052192 -0.960518 -28.164902 200.000000 -28.164902 0.010700 4.279863 -0.948536 15.600835 200.000000 15.600835 0.086706 34.682285 0.316668 -12.095914 200.000000 -12.095914
 44.600000 -0.950353 -0.311173 0.386057 -0.922475 -1.887224 2.745240 -0.311173 -0.950353 -0.922475 0.386057 0.108608 43.443086 -0.278217 36.031803 200.000000 36.031803 0.010332 4.132989 -0.960518 -28.164902 200.000000 -28.164902 0.067920 27.167809 -0.948536 15.600835 200.000000 15.600835 0.481479 192.591511 0.316668 -12.095914 200.000000 -12.095914
 44.800000 -0.906031 -0.423211 0.344940 -0.938625 -2.007782 2.789418 -0.423211 -0.906031 -0.938625 0.344940 2.102300 840.920103 -0.278217 36.031803 200.000000 36.031803 0.296881 118.752285 -0.960518 -28.164902 200.000000 -28.164902 0.009824 3.929747 -0.948536 15.600835 200.000000 15.600835 0.079932 31.972803 0.316668 -12.095914 200.000000 -12.095914
 45.000000 -0.970817 -0.239820 0.312779 -0.949826 -1.812977 2.823475 -0.239820 -0.970817 -0.949826 0.312779 0.147434 58.973498 -0.278217 36.031803 200.000000 36.031803 0.010607 4.242916 -0.960518 -28.164902 200.000000 -28.164902 0.000166 0.066502 -0.948536 15.600835 200.000000 15.600835 0.001512 0.604889 0.316668 -12.095914 200.000000 -12.095914
 45.200000 -0.958783 -0.284139 0.373225 -0.927741 -1.858905 2.759110 -0.284139 -0.958783 -0.927741 0.373225 0.003507 1.402642 -0.278217 36.031803 200.000000 36.031803 0.000301 0.120416 -0.960518 -28.164902 200.000000 -28.164902 0.043245 17.297995 -0.948536 15.600835 200.000000 15.600835 0.319865 127.946057 0.316668 -12.095914 200.000000 -12.095914
 45.400000 -0.936815 -0.349826 0.310233 -0.950661 -1.928181 2.826155 -0.349826 -0.936815 -0.950661 0.310233 0.512773 205.109166 -0.278217 36.031803 200.000000 36.031803 0.056185 22.473818 -0.960518 -28.164902 200.000000 -28.164902 0.000451 0.180484 -0.948536 15.600835 200.000000 15.600835 0.004141 1.656456 0.316668 -12.095914 200.000000 -12.095914
 45.600000 -0.975193 -0.221357 0.359908 -0.932988 -1.794002 2.773424 -0.221357 -0.975193 -0.932988 0.359908 0.323316 129.326275 -0.278217 36.031803 200.000000 36.031803 0.021535 8.614012 -0.960518 -28.164902 200.000000 -28.164902 0.024175 9.670183 -0.948536 15.600835 200.000000 15.600835 0.186966 74.786266 0.316668 -12.095914 200.000000 -12.095914
 45.800000 -0.975005 -0.222184 0.269649 -0.962959 -1.794850 2.868564 -0.222184 -0.975005 -0.962959 0.269649 0.313974 125.589741 -0.278217 36.031803 200.000000 36.031803 0.020986 8.394499 -0.960518 -28.164902 200.000000 -28.164902 0.020800 8.320076 -0.948536 15.600835 200.000000 15.600835 0.221080 88.431891 0.316668 -12.095914 200.000000 -12.095914
 46.000000 -0.950297 -0.311346 0.281032 -0.959698 -1.887405 2.856723 -0.311346 -0.950297 -0.959698 0.281032 0.109748 43.899340 -0.278217 36.031803 200.000000 36.031803 0.010448 4.179088 -0.960518 -28.164902 200.000000 -28.164902 0.012459 4.983487 -0.948536 15.600835 200.000000 15.600835 0.126990 50.796050 0.316668 -12.095914 200.000000 -12.095914
 46.200000 -0.959324 -0.282308 0.382637 -0.923899 -1.856995 2.748944 -0.282308 -0.959324 -0.923899 0.382637 0.001673 0.669137 -0.278217 36.031803 200.000000 36.031803 0.000143 0.057039 -0.960518 -28.164902 200.000000 -28.164902 0.060701 24.280282 -0.948536 15.600835 200.000000 15.600835 0.435186 174.074294 0.316668 -12.095914 200.000000 -12.095914
 46.400000 -0.948572 -0.316561 0.304299 -0.952576 -1.892898 2.832390 -0.316561 -0.948572 -0.952576 0.304299 0.147021 58.808368 -0.278217 36.031803 200.000000 36.031803 0.014270 5.708162 -0.960518 -28.164902 200.000000 -28.164902 0.001632 0.652881 -0.948536 15.600835 200.000000 15.600835 0.015299 6.119450 0.316668 -12.095914 200.000000 -12.095914
 46.600000 -0.946445 -0.322865 0.358549 -0.933511 -1.899552 2.774880 -0.322865 -0.946445 -0.933511 0.358549 0.199342 79.736648 -0.278217 36.031803 200.000000 36.031803 0.019805 7.922126 -0.960518 -28.164902 200.000000 -28.164902 0.022576 9.030532 -0.948536 15.600835 200.000000 15.600835 0.175399 70.159766 0.316668 -12.095914 200.000000 -12.095914
 46.800000 -0.965751 -0.259471 0.321826 -0.946799 -1.833270 2.813936 -0.259471 -0.965751 -0.946799 0.321826 0.035144 14.057724 -0.278217 36.031803 200.000000 36.031803 0.002738 1.095322 -0.960518 -28.164902 200.000000 -28.164902 0.000302 0.120751 -0.948536 15.600835 200.000000 15.600835 0.002660 1.064017 0.316668 -12.095914 200.000000 -12.095914
 47.000000 -0.953009 -0.302941 0.339064 -0.940763 -1.878574 2.795671 -0.302941 -0.953009 -0.940763 0.339064 0.061126 24.450417 -0.278217 36.031803 200.000000 36.031803 0.005638 2.255310 -0.960518 -28.164902 200.000000 -28.164902 0.006042 2.416870 -0.948536 15.600835 200.000000 15.600835 0.050158 20.063291 0.316668 -12.095914 200.000000 -12.095914
 47.200000 -0.944874 -0.327434 0.369130 -0.929378 -1.904383 2.763520 -0.327434 -0.944874 -0.929378 0.369130 0.242229 96.891667 -0.278217 36.031803 200.000000 36.031803 0.024474 9.789570 -0.960518 -28.164902 200.000000 -28.164902 0.036705 14.682138 -0.948536 15.600835 200.000000 15.600835 0.275225 110.090157 0.316668 -12.095914 200.000000 -12.095914
 47.400000 -0.962511 -0.271242 0.407823 -0.913061 -1.845479 2.721524 -0.271242 -0.962511 -0.913061 0.407823 0.004866 1.946515 -0.278217 36.031803 200.000000 36.031803 0.000397 0.158912 -0.960518 -28.164902 200.000000 -28.164902 0.125852 50.340781 -0.948536 15.600835 200.000000 15.600835 0.830931 332.372391 0.316668 -12.095914 200.000000 -12.095914
 47.600000 -0.961896 -0.273416 0.346693 -0.937979 -1.847739 2.787550 -0.273416 -0.961896 -0.937979 0.346693 0.002306 0.922298 -0.278217 36.031803 200.000000 36.031803 0.000190 0.075941 -0.960518 -28.164902 200.000000 -28.164902 0.011146 4.458557 -0.948536 15.600835 200.000000 15.600835 0.090148 36.059161 0.316668 -12.095914 200.000000 -12.095914
 47.800000 -0.963630 -0.267240 0.338374 -0.941012 -1.841324 2.796405 -0.267240 -0.963630 -0.941012 0.338374 0.012050 4.819969 -0.278217 36.031803 200.000000 36.031803 0.000968 0.387337 -0.960518 -28.164902 200.000000 -28.164902 0.005662 2.264782 -0.948536 15.600835 200.000000 15.600835 0.047113 18.845369 0.316668 -12.095914 200.000000 -12.095914
 48.000000 -0.970045 -0.242924 0.381216 -0.924486 -1.816175 2.750482 -0.242924 -0.970045 -0.924486 0.381216 0.124562 49.824965 -0.278217 36.031803 200.000000 36.031803 0.009077 3.630699 -0.960518 -28.164902 200.000000 -28.164902 0.057842 23.136836 -0.948536 15.600835 200.000000 15.600835 0.416643 166.657038 0.316668 -12.095914 200.000000 -12.095914
 48.200000 -0.978519 -0.206157 0.305702 -0.952127 -1.778443 2.830917 -0.206157 -0.978519 -0.952127 0.305702 0.519266 207.706316 -0.278217 36.031803 200.000000 36.031803 0.032403 12.961064 -0.960518 -28.164902 200.000000 -28.164902 0.001289 0.515785 -0.948536 15.600835 200.000000 15.600835 0.012026 4.810410 0.316668 -12.095914 200.000000 -12.095914
 48.400000 -0.951070 -0.308976 0.254220 -0.967147 -1.884912 2.884552 -0.308976 -0.951070 -0.967147 0.254220 0.094606 37.842354 -0.278217 36.031803 200.000000 36.031803 0.008927 3.570683 -0.960518 -28.164902 200.000000 -28.164902 0.034634 13.853403 -0.948536 15.600835 200.000000 15.600835 0.389980 155.992069 0.316668 -12.095914 200.000000 -12.095914
 48.600000 -0.985273 -0.170988 0.380708 -0.924695 -1.742628 2.751031 -0.170988 -0.985273 -0.924695 0.380708 1.149820 459.927822 -0.278217 36.031803 200.000000 36.031803 0.061281 24.512461 -0.960518 -28.164902 200.000000 -28.164902 0.056840 22.736007 -0.948536 15.600835 200.000000 15.600835 0.410113 164.045069 0.316668 -12.095914 200.000000 -12.095914
 48.800000 -0.946745 -0.321984 0.221669 -0.975122 -1.898621 2.918067 -0.321984 -0.946745 -0.975122 0.221669 0.191551 76.620268 -0.278217 36.031803 200.000000 36.031803 0.018970 7.587810 -0.960518 -28.164902 200.000000 -28.164902 0.070679 28.271765 -0.948536 15.600835 200.000000 15.600835 0.902487 360.994782 0.316668 -12.095914 200.000000 -12.095914
 49.000000 -0.956787 -0.290790 0.284189 -0.958768 -1.865849 2.853433 -0.290790 -0.956787 -0.958768 0.284189 0.015807 6.322763 -0.278217 36.031803 200.000000 36.031803 0.001392 0.556878 -0.960518 -28.164902 200.000000 -28.164902 0.010469 4.187707 -0.948536 15.600835 200.000000 15.600835 0.105491 42.196343 0.316668 -12.095914 200.000000 -12.095914
 49.200000 -0.974332 -0.225117 0.326646 -0.945147 -1.797859 2.808840 -0.225117 -0.974332 -0.945147 0.326646 0.281971 112.788351 -0.278217 36.031803 200.000000 36.031803 0.019082 7.632770 -0.960518 -28.164902 200.000000 -28.164902 0.001149 0.459628 -0.948536 15.600835 200.000000 15.600835 0.009957 3.982673 0.316668 -12.095914 200.000000 -12.095914
 49.400000 -0.964511 -0.264043 0.220849 -0.975308 -1.838008 2.918907 -0.264043 -0.964511 -0.975308 0.220849 0.020091 8.036293 -0.278217 36.031803 200.000000 36.031803 0.001594 0.637672 -0.960518 -28.164902 200.000000 -28.164902 0.071671 28.668545 -0.948536 15.600835 200.000000 15.600835 0.918123 367.249063 0.316668 -12.095914 200.000000 -12.095914
 49.600000 -0.959848 -0.280521 0.291461 -0.956583 -1.855133 2.845839 -0.280521 -0.959848 -0.956583 0.291461 0.000531 0.212266 -0.278217 36.031803 200.000000 36.031803 0.000045 0.017969 -0.960518 -28.164902 200.000000 -28.164902 0.006474 2.589707 -0.948536 15.600835 200.000000 15.600835 0.063539 25.415785 0.316668 -12.095914 200.000000 -12.095914
 49.800000 -0.972172 -0.234267 0.382242 -0.924062 -1.807261 2.749371 -0.234267 -0.972172 -0.924062 0.382242 0.193162 77.264821 -0.278217 36.031803 200.000000 36.031803 0.013582 5.432742 -0.960518 -28.164902 200.000000 -28.164902 0.059899 23.959713 -0.948536 15.600835 200.000000 15.600835 0.430000 171.999839 0.316668 -12.095914 200.000000 -12.095914
 50.000000 -0.945820 -0.324692 0.390317 -0.920681 -1.901483 2.740617 -0.324692 -0.945820 -0.920681 0.390317 0.215990 86.396081 -0.278217 36.031803 200.000000 36.031803 0.021604 8.641692 -0.960518 -28.164902 200.000000 -28.164902 0.077594 31.037694 -0.948536 15.600835 200.000000 15.600835 0.542412 216.964689 0.316668 -12.095914 200.000000 -12.095914
 50.200000 -0.953328 -0.301938 0.322870 -0.946443 -1.877521 2.812833 -0.301938 -0.953328 -0.946443 0.322870 0.056266 22.506309 -0.278217 36.031803 200.000000 36.031803 0.005170 2.068136 -0.960518 -28.164902 200.000000 -28.164902 0.000438 0.175229 -0.948536 15.600835 200.000000 15.600835 0.003846 1.538448 0.316668 -12.095914 200.000000 -12.095914
 50.400000 -0.978331 -0.207047 0.363290 -0.931676 -1.779352 2.769796 -0.207047 -0.978331 -0.931676 0.363290 0.506528 202.611300 -0.278217 36.031803 200.000000 36.031803 0.031730 12.692056 -0.960518 -28.164902 200.000000 -28.164902 0.028427 11.370736 -0.948536 15.600835 200.000000 15.600835 0.217359 86.943786 0.316668 -12.095914 200.000000 -12.095914
 50.600000 -0.953744 -0.300621 0.259146 -0.965838 -1.876140 2.879455 -0.300621 -0.953744 -0.965838 0.259146 0.050190 20.075932 -0.278217 36.031803 200.000000 36.031803 0.004589 1.835638 -0.960518 -28.164902 200.000000 -28.164902 0.029935 11.974051 -0.948536 15.600835 200.000000 15.600835 0.330880 132.352107 0.316668 -12.095914 200.000000 -12.095914
 50.800000 -0.968326 -0.249689 0.376992 -0.926216 -1.823155 2.755046 -0.249689 -0.968326 -0.926216 0.376992 0.081389 32.555446 -0.278217 36.031803 200.000000 36.031803 0.006097 2.438613 -0.960518 -28.164902 200.000000 -28.164902 0.049818 19.927289 -0.948536 15.600835 200.000000 15.600835 0.363901 145.560247 0.316668 -12.095914 200.000000 -12.095914
 51.000000 -0.963285 -0.268483 0.316175 -0.948701 -1.842614 2.819898 -0.268483 -0.963285 -0.948701 0.316175 0.009477 3.790664 -0.278217 36.031803 200.000000 36.031803 0.000765 0.306121 -0.960518 -28.164902 200.000000 -28.164902 0.000003 0.001082 -0.948536 15.600835 200.000000 15.600835 0.000024 0.009725 0.316668 -12.095914 200.000000 -12.095914
 51.200000 -0.971286 -0.237917 0.277105 -0.960840 -1.811017 2.860813 -0.237917 -0.971286 -0.960840 0.277105 0.162413 64.965347 -0.278217 36.031803 200.000000 36.031803 0.011594 4.637473 -0.960518 -28.164902 200.000000 -28.164902 0.015137 6.054666 -0.948536 15.600835 200.000000 15.600835 0.156521 62.608280 0.316668 -12.095914 200.000000 -12.095914
 51.400000 -0.979770 -0.200126 0.290081 -0.957002 -1.772283 2.847282 -0.200126 -0.979770 -0.957002 0.290081 0.609826 243.930462 -0.278217 36.031803 200.000000 36.031803 0.037064 14.825638 -0.960518 -28.164902 200.000000 -28.164902 0.007167 2.866782 -0.948536 15.600835 200.000000 15.600835 0.070689 28.275657 0.316668 -12.095914 200.000000 -12.095914
 51.600000 -0.968258 -0.249953 0.365147 -0.930950 -1.823428 2.767802 -0.249953 -0.968258 -0.930950 0.365147 0.079887 31.954885 -0.278217 36.031803 200.000000 36.031803 0.005990 2.396195 -0.960518 -28.164902 200.000000 -28.164902 0.030929 12.371595 -0.948536 15.600835 200.000000 15.600835 0.235023 94.009271 0.316668 -12.095914 200.000000 -12.095914
 51.800000 -0.946593 -0.322430 0.297797 -0.954629 -1.899092 2.839208 -0.322430 -0.946593 -0.954629 0.297797 0.195472 78.188989 -0.278217 36.031803 200.000000 36.031803 0.019390 7.755902 -0.960518 -28.164902 200.000000 -28.164902 0.003712 1.484820 -0.948536 15.600835 200.000000 15.600835 0.035610 14.244004 0.316668 -12.095914 200.000000 -12.095914
 52.000000 -0.995004 -0.099833 0.421127 -0.907002 -1.670795 2.706905 -0.099833 -0.995004 -0.907002 0.421127 3.182119 1272.847521 -0.278217 36.031803 200.000000 36.031803 0.118929 47.571764 -0.960518 -28.164902 200.000000 -28.164902 0.172514 69.005503 -0.948536 15.600835 200.000000 15.600835 1.091169 436.467624 0.316668 -12.095914 200.000000 -12.095914
 52.200000 -0.963576 -0.267436 0.309700 -0.950834 -1.841528 2.826716 -0.267436 -0.963576 -0.950834 0.309700 0.011624 4.649512 -0.278217 36.031803 200.000000 36.031803 0.000935 0.373929 -0.960518 -28.164902 200.000000 -28.164902 0.000528 0.211236 -0.948536 15.600835 200.000000 15.600835 0.004856 1.942357 0.316668 -12.095914 200.000000 -12.095914
 52.400000 -0.910320 -0.413906 0.322874 -0.946442 -1.997537 2.812828 -0.413906 -0.910320 -0.946442 0.322874 1.841128 736.451125 -0.278217 36.031803 200.000000 36.031803 0.251987 100.794837 -0.960518 -28.164902 200.000000 -28.164902 0.000439 0.175455 -0.948536 15.600835 200.000000 15.600835 0.003851 1.540415 0.316668 -12.095914 200.000000 -12.095914
 52.600000 -0.933725 -0.357991 0.309819 -0.950796 -1.936912 2.826590 -0.357991 -0.933725 -0.950796 0.309819 0.636379 254.551611 -0.278217 36.031803 200.000000 36.031803 0.071787 28.714617 -0.960518 -28.164902 200.000000 -28.164902 0.000510 0.204159 -0.948536 15.600835 200.000000 15.600835 0.004691 1.876490 0.316668 -12.095914 200.000000 -12.095914
 52.800000 -0.957882 -0.287163 0.281859 -0.959456 -1.862060 2.855862 -0.287163 -0.957882 -0.959456 0.281859 0.008003 3.201151 -0.278217 36.031803 200.000000 36.031803 0.000695 0.278042 -0.960518 -28.164902 200.000000 -28.164902 0.011923 4.769346 -0.948536 15.600835 200.000000 15.600835 0.121167 48.466839 0.316668 -12.095914 200.000000 -12.095914
 53.000000 -0.955043 -0.296466 0.276453 -0.961027 -1.871786 2.861491 -0.296466 -0.955043 -0.961027 0.276453 0.033300 13.320104 -0.278217 36.031803 200.000000 36.031803 0.002997 1.198871 -0.960518 -28.164902 200.000000 -28.164902 0.015602 6.240910 -0.948536 15.600835 200.000000 15.600835 0.161722 64.688814 0.316668 -12.095914 200.000000 -12.095914
 53.200000 -0.947366 -0.320154 0.371596 -0.928395 -1.896688 2.760866 -0.320154 -0.947366 -0.928395 0.371596 0.175865 70.345831 -0.278217 36.031803 200.000000 36.031803 0.017299 6.919518 -0.960518 -28.164902 200.000000 -28.164902 0.040569 16.227572 -0.948536 15.600835 200.000000 15.600835 0.301704 120.681496 0.316668 -12.095914 200.000000 -12.095914
 53.400000 -0.939096 -0.343656 0.290280 -0.956942 -1.921604 2.847074 -0.343656 -0.939096 -0.956942 0.290280 0.428219 171.287755 -0.278217 36.031803 200.000000 36.031803 0.045892 18.356914 -0.960518 -28.164902 200.000000 -28.164902 0.007065 2.826034 -0.948536 15.600835 200.000000 15.600835 0.069634 27.853701 0.316668 -12.095914 200.000000 -12.095914
 53.600000 -0.964257 -0.264969 0.368233 -0.929734 -1.838968 2.764485 -0.264969 -0.964257 -0.929734 0.368233 0.017553 7.021044 -0.278217 36.031803 200.000000 36.031803 0.001398 0.559164 -0.960518 -28.164902 200.000000 -28.164902 0.035355 14.141931 -0.948536 15.600835 200.000000 15.600835 0.265894 106.357773 0.316668 -12.095914 200.000000 -12.095914
 53.800000 -0.976575 -0.215175 0.397343 -0.917670 -1.787668 2.732973 -0.215175 -0.976575 -0.917670 0.397343 0.397429 158.971619 -0.278217 36.031803 200.000000 36.031803 0.025784 10.313458 -0.960518 -28.164902 200.000000 -28.164902 0.095272 38.108632 -0.948536 15.600835 200.000000 15.600835 0.650839 260.335620 0.316668 -12.095914 200.000000 -12.095914
 54.000000 -0.950745 -0.309974 0.214264 -0.976776 -1.885962 2.925654 -0.309974 -0.950745 -0.976776 0.214264 0.100845 40.338006 -0.278217 36.031803 200.000000 36.031803 0.009551 3.820412 -0.960518 -28.164902 200.000000 -28.164902 0.079746 31.898422 -0.948536 15.600835 200.000000 15.600835 1.048658 419.463072 0.316668 -12.095914 200.000000 -12.095914
 54.200000 -0.949430 -0.313980 0.354994 -0.934868 -1.890178 2.778685 -0.313980 -0.949430 -0.934868 0.354994 0.127895 51.158040 -0.278217 36.031803 200.000000 36.031803 0.012295 4.918174 -0.960518 -28.164902 200.000000 -28.164902 0.018682 7.472603 -0.948536 15.600835 200.000000 15.600835 0.146892 58.756668 0.316668 -12.095914 200.000000 -12.095914
 54.400000 -0.950726 -0.310033 0.383805 -0.923414 -1.886024 2.747679 -0.310033 -0.950726 -0.923414 0.383805 0.101221 40.488566 -0.278217 36.031803 200.000000 36.031803 0.009589 3.835521 -0.960518 -28.164902 200.000000 -28.164902 0.063113 25.245230 -0.948536 15.600835 200.000000 15.600835 0.450739 180.295617 0.316668 -12.095914 200.000000 -12.095914
 54.600000 -0.948015 -0.318226 0.313126 -0.949712 -1.894654 2.823110 -0.318226 -0.948015 -0.949712 0.313126 0.160071 64.028235 -0.278217 36.031803 200.000000 36.031803 0.015633 6.253328 -0.960518 -28.164902 200.000000 -28.164902 0.000138 0.055235 -0.948536 15.600835 200.000000 15.600835 0.001254 0.501791 0.316668 -12.095914 200.000000 -12.095914
 54.800000 -0.964237 -0.265041 0.374042 -0.927412 -1.839042 2.758229 -0.265041 -0.964237 -0.927412 0.374042 0.017363 6.945191 -0.278217 36.031803 200.000000 36.031803 0.001383 0.553281 -0.960518 -28.164902 200.000000 -28.164902 0.044626 17.850317 -0.948536 15.600835 200.000000 15.600835 0.329182 131.672667 0.316668 -12.095914 200.000000 -12.095914
 55.000000 -0.948334 -0.317273 0.346420 -0.938079 -1.893649 2.787840 -0.317273 -0.948334 -0.938079 0.346420 0.152531 61.012434 -0.278217 36.031803 200.000000 36.031803 0.014844 5.937762 -0.960518 -28.164902 200.000000 -28.164902 0.010935 4.373939 -0.948536 15.600835 200.000000 15.600835 0.088519 35.407654 0.316668 -12.095914 200.000000 -12.095914
 55.200000 -0.947479 -0.319819 0.305632 -0.952150 -1.896334 2.830991 -0.319819 -0.947479 -0.952150 0.305632 0.173066 69.226567 -0.278217 36.031803 200.000000 36.031803 0.017002 6.800994 -0.960518 -28.164902 200.000000 -28.164902 0.001306 0.522274 -0.948536 15.600835 200.000000 15.600835 0.012180 4.872150 0.316668 -12.095914 200.000000 -12.095914
 55.400000 -0.968757 -0.248012 0.313618 -0.949549 -1.821424 2.822592 -0.248012 -0.968757 -0.949549 0.313618 0.091237 36.494790 -0.278217 36.031803 200.000000 36.031803 0.006788 2.715144 -0.960518 -28.164902 200.000000 -28.164902 0.000103 0.041032 -0.948536 15.600835 200.000000 15.600835 0.000930 0.372120 0.316668 -12.095914 200.000000 -12.095914
 55.600000 -0.954194 -0.299188 0.349437 -0.936960 -1.874638 2.784623 -0.299188 -0.954194 -0.936960 0.349437 0.043976 17.590564 -0.278217 36.031803 200.000000 36.031803 0.003999 1.599685 -0.960518 -28.164902 200.000000 -28.164902 0.013402 5.360622 -0.948536 15.600835 200.000000 15.600835 0.107380 42.951811 0.316668 -12.095914 200.000000 -12.095914
 55.800000 -0.937777 -0.347239 0.283435 -0.958991 -1.925421 2.854218 -0.347239 -0.937777 -0.958991 0.283435 0.476392 190.556837 -0.278217 36.031803 200.000000 36.031803 0.051717 20.686681 -0.960518 -28.164902 200.000000 -28.164902 0.010931 4.372259 -0.948536 15.600835 200.000000 15.600835 0.110442 44.176968 0.316668 -12.095914 200.000000 -12.095914
 56.000000 -0.969728 -0.244189 0.340195 -0.940355 -1.817480 2.794468 -0.244189 -0.969728 -0.940355 0.340195 0.115794 46.317692 -0.278217 36.031803 200.000000 36.031803 0.008482 3.392647 -0.960518 -28.164902 200.000000 -28.164902 0.006694 2.677577 -0.948536 15.600835 200.000000 15.600835 0.055354 22.141439 0.316668 -12.095914 200.000000 -12.095914
 56.200000 -0.968245 -0.250001 0.394938 -0.918708 -1.823478 2.735592 -0.250001 -0.968245 -0.918708 0.394938 0.079614 31.845772 -0.278217 36.031803 200.000000 36.031803 0.005971 2.388480 -0.960518 -28.164902 200.000000 -28.164902 0.088976 35.590308 -0.948536 15.600835 200.000000 15.600835 0.612624 245.049791 0.316668 -12.095914 200.000000 -12.095914
 56.400000 -0.950185 -0.311686 0.237533 -0.971380 -1.887763 2.901768 -0.311686 -0.950185 -0.971380 0.237533 0.112013 44.805222 -0.278217 36.031803 200.000000 36.031803 0.010677 4.270746 -0.960518 -28.164902 200.000000 -28.164902 0.052181 20.872321 -0.948536 15.600835 200.000000 15.600835 0.626241 250.496214 0.316668 -12.095914 200.000000 -12.095914
 56.600000 -0.953508 -0.301366 0.309593 -0.950869 -1.876922 2.826827 -0.301366 -0.953508 -0.950869 0.309593 0.053587 21.434644 -0.278217 36.031803 200.000000 36.031803 0.004914 1.965408 -0.960518 -28.164902 200.000000 -28.164902 0.000544 0.217643 -0.948536 15.600835 200.000000 15.600835 0.005005 2.002024 0.316668 -12.095914 200.000000 -12.095914
 56.800000 -0.970821 -0.239805 0.324867 -0.945760 -1.812961 2.810722 -0.239805 -0.970821 -0.945760 0.324867 0.147555 59.021988 -0.278217 36.031803 200.000000 36.031803 0.010615 4.246129 -0.960518 -28.164902 200.000000 -28.164902 0.000771 0.308409 -0.948536 15.600835 200.000000 15.600835 0.006722 2.688944 0.316668 -12.095914 200.000000 -12.095914
 57.000000 -0.945567 -0.325427 0.297630 -0.954681 -1.902260 2.839383 -0.325427 -0.945567 -0.954681 0.297630 0.222875 89.149927 -0.278217 36.031803 200.000000 36.031803 0.022353 8.941264 -0.960518 -28.164902 200.000000 -28.164902 0.003776 1.510325 -0.948536 15.600835 200.000000 15.600835 0.036243 14.497355 0.316668 -12.095914 200.000000 -12.095914
 57.200000 -0.959638 -0.281239 0.321434 -0.946932 -1.855881 2.814349 -0.281239 -0.959638 -0.946932 0.321434 0.000913 0.365117 -0.278217 36.031803 200.000000 36.031803 0.000077 0.030995 -0.960518 -28.164902 200.000000 -28.164902 0.000257 0.102989 -0.948536 15.600835 200.000000 15.600835 0.002272 0.908750 0.316668 -12.095914 200.000000 -12.095914
 57.400000 -0.952764 -0.303711 0.325963 -0.945383 -1.879381 2.809562 -0.303711 -0.952764 -0.945383 0.325963 0.064990 25.996092 -0.278217 36.031803 200.000000 36.031803 0.006012 2.404853 -0.960518 -28.164902 200.000000 -28.164902 0.000995 0.397886 -0.948536 15.600835 200.000000 15.600835 0.008640 3.455879 0.316668 -12.095914 200.000000 -12.095914
 57.600000 -0.909888 -0.414854 0.247240 -0.968954 -1.998579 2.891762 -0.414854 -0.909888 -0.968954 0.247240 1.866967 746.786715 -0.278217 36.031803 200.000000 36.031803 0.256343 102.537203 -0.960518 -28.164902 200.000000 -28.164902 0.041689 16.675624 -0.948536 15.600835 200.000000 15.600835 0.482028 192.811347 0.316668 -12.095914 200.000000 -12.095914
 57.800000 -0.961433 -0.275041 0.407381 -0.913258 -1.849429 2.722008 -0.275041 -0.961433 -0.913258 0.407381 0.001009 0.403609 -0.278217 36.031803 200.000000 36.031803 0.000084 0.033445 -0.960518 -28.164902 200.000000 -28.164902 0.124456 49.782335 -0.948536 15.600835 200.000000 15.600835 0.822891 329.156518 0.316668 -12.095914 200.000000 -12.095914
 58.000000 -0.975136 -0.221606 0.349678 -0.936870 -1.794257 2.784365 -0.221606 -0.975136 -0.936870 0.349678 0.320488 128.195050 -0.278217 36.031803 200.000000 36.031803 0.021369 8.547687 -0.960518 -28.164902 200.000000 -28.164902 0.013611 5.444368 -0.948536 15.600835 200.000000 15.600835 0.108968 43.587055 0.316668 -12.095914 200.000000 -12.095914
 58.200000 -0.956321 -0.292318 0.375779 -0.926709 -1.867446 2.756356 -0.292318 -0.956321 -0.926709 0.375779 0.019882 7.952618 -0.278217 36.031803 200.000000 36.031803 0.001761 0.704536 -0.960518 -28.164902 200.000000 -28.164902 0.047642 19.056624 -0.948536 15.600835 200.000000 15.600835 0.349406 139.762267 0.316668 -12.095914 200.000000 -12.095914
 58.400000 -0.955744 -0.294200 0.304958 -0.952366 -1.869415 2.831698 -0.294200 -0.955744 -0.952366 0.304958 0.025545 10.218043 -0.278217 36.031803 200.000000 36.031803 0.002279 0.911768 -0.960518 -28.164902 200.000000 -28.164902 0.001466 0.586524 -0.948536 15.600835 200.000000 15.600835 0.013712 5.484615 0.316668 -12.095914 200.000000 -12.095914
 58.600000 -0.962123 -0.272614 0.350717 -0.936481 -1.846906 2.783256 -0.272614 -0.962123 -0.936481 0.350717 0.003139 1.255733 -0.278217 36.031803 200.000000 36.031803 0.000258 0.103072 -0.960518 -28.164902 200.000000 -28.164902 0.014532 5.812933 -0.948536 15.600835 200.000000 15.600835 0.115935 46.373852 0.316668 -12.095914 200.000000 -12.095914
 58.800000 -0.953893 -0.300148 0.302729 -0.953077 -1.875644 2.834038 -0.300148 -0.953893 -0.953077 0.302729 0.048094 19.237439 -0.278217 36.031803 200.000000 36.031803 0.004390 1.755825 -0.960518 -28.164902 200.000000 -28.164902 0.002061 0.824538 -0.948536 15.600835 200.000000 15.600835 0.019429 7.771713 0.316668 -12.095914 200.000000 -12.095914
 59.000000 -0.973740 -0.227662 0.388887 -0.921285 -1.800472 2.742169 -0.227662 -0.973740 -0.921285 0.388887 0.255589 102.235615 -0.278217 36.031803 200.000000 36.031803 0.017483 6.993051 -0.960518 -28.164902 200.000000 -28.164902 0.074262 29.704839 -0.948536 15.600835 200.000000 15.600835 0.521562 208.624657 0.316668 -12.095914 200.000000 -12.095914
 59.200000 -0.932196 -0.361954 0.330489 -0.943810 -1.941159 2.804771 -0.361954 -0.932196 -0.943810 0.330489 0.701178 280.471207 -0.278217 36.031803 200.000000 36.031803 0.080214 32.085635 -0.960518 -28.164902 200.000000 -28.164902 0.002234 0.893676 -0.948536 15.600835 200.000000 15.600835 0.019103 7.641198 0.316668 -12.095914 200.000000 -12.095914
 59.400000 -0.930269 -0.366878 0.306744 -0.951792 -1.946448 2.829822 -0.366878 -0.930269 -0.951792 0.306744 0.786077 314.430693 -0.278217 36.031803 200.000000 36.031803 0.091502 36.600606 -0.960518 -28.164902 200.000000 -28.164902 0.001060 0.423949 -0.948536 15.600835 200.000000 15.600835 0.009848 3.939308 0.316668 -12.095914 200.000000 -12.095914
 59.600000 -0.968519 -0.248938 0.279218 -0.960228 -1.822380 2.858613 -0.248938 -0.968519 -0.960228 0.279218 0.085728 34.291010 -0.278217 36.031803 200.000000 36.031803 0.006402 2.560806 -0.960518 -28.164902 200.000000 -28.164902 0.013669 5.467429 -0.948536 15.600835 200.000000 15.600835 0.140249 56.099783 0.316668 -12.095914 200.000000 -12.095914
 59.800000 -0.959743 -0.280879 0.203824 -0.979008 -1.855506 2.936331 -0.280879 -0.959743 -0.979008 0.203824 0.000709 0.283402 -0.278217 36.031803 200.000000 36.031803 0.000060 0.024025 -0.960518 -28.164902 200.000000 -28.164902 0.092849 37.139769 -0.948536 15.600835 200.000000 15.600835 1.273387 509.354927 0.316668 -12.095914 200.000000 -12.095914
 60.000000 -0.949499 -0.313770 0.286491 -0.958083 -1.889957 2.851031 -0.313770 -0.949499 -0.958083 0.286491 0.126399 50.559696 -0.278217 36.031803 200.000000 36.031803 0.012142 4.856855 -0.960518 -28.164902 200.000000 -28.164902 0.009114 3.645503 -0.948536 15.600835 200.000000 15.600835 0.091067 36.426917 0.316668 -12.095914 200.000000 -12.095914
 60.200000 -0.962114 -0.272646 0.292216 -0.956352 -1.846939 2.845050 -0.272646 -0.962114 -0.956352 0.292216 0.003104 1.241510 -0.278217 36.031803 200.000000 36.031803 0.000255 0.101917 -0.960518 -28.164902 200.000000 -28.164902 0.006109 2.443624 -0.948536 15.600835 200.000000 15.600835 0.059792 23.916917 0.316668 -12.095914 200.000000 -12.095914
 60.400000 -0.962367 -0.271753 0.322879 -0.946440 -1.846010 2.812822 -0.271753 -0.962367 -0.946440 0.322879 0.004180 1.671810 -0.278217 36.031803 200.000000 36.031803 0.000342 0.136760 -0.960518 -28.164902 200.000000 -28.164902 0.000439 0.175783 -0.948536 15.600835 200.000000 15.600835 0.003858 1.543257 0.316668 -12.095914 200.000000 -12.095914
 60.600000 -0.983749 -0.179547 0.345647 -0.938365 -1.751322 2.788664 -0.179547 -0.983749 -0.938365 0.345647 0.973584 389.433771 -0.278217 36.031803 200.000000 36.031803 0.053969 21.587676 -0.960518 -28.164902 200.000000 -28.164902 0.010347 4.138675 -0.948536 15.600835 200.000000 15.600835 0.083979 33.591564 0.316668 -12.095914 200.000000 -12.095914
 60.800000 -0.989689 -0.143233 0.406359 -0.913714 -1.714524 2.723127 -0.143233 -0.989689 -0.913714 0.406359 1.822072 728.828904 -0.278217 36.031803 200.000000 36.031803 0.085094 34.037515 -0.960518 -28.164902 200.000000 -28.164902 0.121263 48.505152 -0.948536 15.600835 200.000000 15.600835 0.804443 321.777123 0.316668 -12.095914 200.000000 -12.095914
 61.000000 -0.950945 -0.309359 0.326156 -0.945316 -1.885315 2.809358 -0.309359 -0.950945 -0.945316 0.326156 0.096979 38.791452 -0.278217 36.031803 200.000000 36.031803 0.009164 3.665495 -0.960518 -28.164902 200.000000 -28.164902 0.001037 0.414882 -0.948536 15.600835 200.000000 15.600835 0.009003 3.601079 0.316668 -12.095914 200.000000 -12.095914
 61.200000 -0.975554 -0.219759 0.316870 -0.948469 -1.792363 2.819166 -0.219759 -0.975554 -0.948469 0.316870 0.341744 136.697597 -0.278217 36.031803 200.000000 36.031803 0.022609 9.043460 -0.960518 -28.164902 200.000000 -28.164902 0.000000 0.000181 -0.948536 15.600835 200.000000 15.600835 0.000004 0.001624 0.316668 -12.095914 200.000000 -12.095914
 61.400000 -0.964039 -0.265759 0.309128 -0.951020 -1.839787 2.827316 -0.265759 -0.964039 -0.951020 0.309128 0.015521 6.208518 -0.278217 36.031803 200.000000 36.031803 0.001240 0.496005 -0.960518 -28.164902 200.000000 -28.164902 0.000617 0.246792 -0.948536 15.600835 200.000000 15.600835 0.005685 2.273887 0.316668 -12.095914 200.000000 -12.095914
 61.600000 -0.921765 -0.387750 0.318317 -0.947984 -1.968985 2.817639 -0.387750 -0.921765 -0.947984 0.318317 1.199729 479.891510 -0.278217 36.031803 200.000000 36.031803 0.150182 60.072926 -0.960518 -28.164902 200.000000 -28.164902 0.000030 0.012187 -0.948536 15.600835 200.000000 15.600835 0.000272 0.108714 0.316668 -12.095914 200.000000 -12.095914
 61.800000 -0.949710 -0.313132 0.340806 -0.940134 -1.889285 2.793819 -0.313132 -0.949710 -0.940134 0.340806 0.121902 48.760612 -0.278217 36.031803 200.000000 36.031803 0.011682 4.672906 -0.960518 -28.164902 200.000000 -28.164902 0.007061 2.824250 -0.948536 15.600835 200.000000 15.600835 0.058264 23.305497 0.316668 -12.095914 200.000000 -12.095914
 62.000000 -0.952966 -0.303077 0.364804 -0.931084 -1.878716 2.768170 -0.303077 -0.952966 -0.931084 0.364804 0.061800 24.719964 -0.278217 36.031803 200.000000 36.031803 0.005703 2.281343 -0.960518 -28.164902 200.000000 -28.164902 0.030458 12.183011 -0.948536 15.600835 200.000000 15.600835 0.231707 92.682807 0.316668 -12.095914 200.000000 -12.095914
 62.200000 -0.969952 -0.243295 0.264824 -0.964297 -1.816558 2.873572 -0.243295 -0.969952 -0.964297 0.264824 0.121959 48.783530 -0.278217 36.031803 200.000000 36.031803 0.008901 3.560214 -0.960518 -28.164902 200.000000 -28.164902 0.024839 9.935656 -0.948536 15.600835 200.000000 15.600835 0.268784 107.513740 0.316668 -12.095914 200.000000 -12.095914
 62.400000 -0.972416 -0.233253 0.309444 -0.950918 -1.806218 2.826984 -0.233253 -0.972416 -0.950918 0.309444 0.202182 80.872800 -0.278217 36.031803 200.000000 36.031803 0.014156 5.662512 -0.960518 -28.164902 200.000000 -28.164902 0.000567 0.226806 -0.948536 15.600835 200.000000 15.600835 0.005219 2.087413 0.316668 -12.095914 200.000000 -12.095914
 62.600000 -0.972053 -0.234763 0.337962 -0.941160 -1.807771 2.796842 -0.234763 -0.972053 -0.941160 0.337962 0.188826 75.530436 -0.278217 36.031803 200.000000 36.031803 0.013304 5.321738 -0.960518 -28.164902 200.000000 -28.164902 0.005441 2.176551 -0.948536 15.600835 200.000000 15.600835 0.045342 18.136834 0.316668 -12.095914 200.000000 -12.095914
 62.800000 -0.932461 -0.361271 0.398619 -0.917117 -1.940427 2.731582 -0.361271 -0.932461 -0.917117 0.398619 0.689789 275.915659 -0.278217 36.031803 200.000000 36.031803 0.078721 31.488372 -0.960518 -28.164902 200.000000 -28.164902 0.098721 39.488226 -0.948536 15.600835 200.000000 15.600835 0.671597 268.638788 0.316668 -12.095914 200.000000 -12.095914
 63.000000 -0.957519 -0.288371 0.419847 -0.907595 -1.863321 2.708316 -0.288371 -0.957519 -0.907595 0.419847 0.010309 4.123547 -0.278217 36.031803 200.000000 36.031803 0.000900 0.359826 -0.960518 -28.164902 200.000000 -28.164902 0.167622 67.048841 -0.948536 15.600835 200.000000 15.600835 1.064597 425.838670 0.316668 -12.095914 200.000000 -12.095914
 63.200000 -0.958601 -0.284752 0.398621 -0.917116 -1.859544 2.731580 -0.284752 -0.958601 -0.917116 0.398621 0.004270 1.708132 -0.278217 36.031803 200.000000 36.031803 0.000367 0.146990 -0.960518 -28.164902 200.000000 -28.164902 0.098726 39.490503 -0.948536 15.600835 200.000000 15.600835 0.671631 268.652450 0.316668 -12.095914 200.000000 -12.095914
 63.400000 -0.889673 -0.456598 0.276910 -0.960896 -2.044964 2.861016 -0.456598 -0.889673 -0.960896 0.276910 3.181970 1272.788129 -0.278217 36.031803 200.000000 36.031803 0.501903 200.761209 -0.960518 -28.164902 200.000000 -28.164902 0.015275 6.110164 -0.948536 15.600835 200.000000 15.600835 0.158069 63.227434 0.316668 -12.095914 200.000000 -12.095914
 63.600000 -0.955721 -0.294274 0.352162 -0.935939 -1.869492 2.781712 -0.294274 -0.955721 -0.935939 0.352162 0.025780 10.312044 -0.278217 36.031803 200.000000 36.031803 0.002301 0.920413 -0.960518 -28.164902 200.000000 -28.164902 0.015870 6.347907 -0.948536 15.600835 200.000000 15.600835 0.125985 50.394077 0.316668 -12.095914 200.000000 -12.095914
 63.800000 -0.942027 -0.335538 0.361760 -0.932271 -1.912972 2.771438 -0.335538 -0.942027 -0.932271 0.361760 0.328562 131.424838 -0.278217 36.031803 200.000000 36.031803 0.034193 13.677228 -0.960518 -28.164902 200.000000 -28.164902 0.026455 10.582155 -0.948536 15.600835 200.000000 15.600835 0.203327 81.330916 0.316668 -12.095914 200.000000 -12.095914
 64.000000 -0.965140 -0.261735 0.241256 -0.970462 -1.835615 2.897933 -0.261735 -0.965140 -0.970462 0.241256 0.027168 10.867295 -0.278217 36.031803 200.000000 36.031803 0.002136 0.854424 -0.960518 -28.164902 200.000000 -28.164902 0.048071 19.228485 -0.948536 15.600835 200.000000 15.600835 0.568702 227.480692 0.316668 -12.095914 200.000000 -12.095914
 64.200000 -0.980390 -0.197066 0.307364 -0.951592 -1.769161 2.829171 -0.197066 -0.980390 -0.951592 0.307364 0.658549 263.419403 -0.278217 36.031803 200.000000 36.031803 0.039490 15.795887 -0.960518 -28.164902 200.000000 -28.164902 0.000934 0.373457 -0.948536 15.600835 200.000000 15.600835 0.008656 3.462521 0.316668 -12.095914 200.000000 -12.095914
 64.400000 -0.965452 -0.260581 0.333141 -0.942877 -1.834420 2.801960 -0.260581 -0.965452 -0.942877 0.333141 0.031106 12.442370 -0.278217 36.031803 200.000000 36.031803 0.002434 0.973769 -0.960518 -28.164902 200.000000 -28.164902 0.003203 1.281097 -0.948536 15.600835 200.000000 15.600835 0.027135 10.853855 0.316668 -12.095914 200.000000 -12.095914
 64.600000 -0.956792 -0.290774 0.320227 -0.947341 -1.865832 2.815624 -0.290774 -0.956792 -0.947341 0.320227 0.015766 6.306350 -0.278217 36.031803 200.000000 36.031803 0.001388 0.555398 -0.960518 -28.164902 200.000000 -28.164902 0.000143 0.057168 -0.948536 15.600835 200.000000 15.600835 0.001266 0.506567 0.316668 -12.095914 200.000000 -12.095914
 64.800000 -0.972774 -0.231757 0.309775 -0.950810 -1.804680 2.826636 -0.231757 -0.972774 -0.950810 0.309775 0.215854 86.341432 -0.278217 36.031803 200.000000 36.031803 0.015020 6.007891 -0.960518 -28.164902 200.000000 -28.164902 0.000517 0.206730 -0.948536 15.600835 200.000000 15.600835 0.004751 1.900411 0.316668 -12.095914 200.000000 -12.095914
 65.000000 -0.969441 -0.245324 0.289087 -0.957303 -1.818650 2.848320 -0.245324 -0.969441 -0.957303 0.289087 0.108198 43.279327 -0.278217 36.031803 200.000000 36.031803 0.007962 3.184830 -0.960518 -28.164902 200.000000 -28.164902 0.007685 3.074001 -0.948536 15.600835 200.000000 15.600835 0.076072 30.428654 0.316668 -12.095914 200.000000 -12.095914
 65.200000 -0.955034 -0.296496 0.257972 -0.966152 -1.871818 2.880670 -0.296496 -0.955034 -0.966152 0.257972 0.033412 13.364819 -0.278217 36.031803 200.000000 36.031803 0.003008 1.203036 -0.960518 -28.164902 200.000000 -28.164902 0.031032 12.412740 -0.948536 15.600835 200.000000 15.600835 0.344518 137.807164 0.316668 -12.095914 200.000000 -12.095914
 65.400000 -0.978767 -0.204978 0.354382 -0.935101 -1.777238 2.779340 -0.204978 -0.978767 -0.935101 0.354382 0.536402 214.560851 -0.278217 36.031803 200.000000 36.031803 0.033301 13.320270 -0.960518 -28.164902 200.000000 -28.164902 0.018052 7.220703 -0.948536 15.600835 200.000000 15.600835 0.142234 56.893714 0.316668 -12.095914 200.000000 -12.095914
 65.600000 -0.968936 -0.247310 0.339552 -0.940587 -1.820700 2.795152 -0.247310 -0.968936 -0.940587 0.339552 0.095525 38.210046 -0.278217 36.031803 200.000000 36.031803 0.007087 2.834653 -0.960518 -28.164902 200.000000 -28.164902 0.006319 2.527500 -0.948536 15.600835 200.000000 15.600835 0.052366 20.946599 0.316668 -12.095914 200.000000 -12.095914
 65.800000 -0.950194 -0.311660 0.241424 -0.970420 -1.887736 2.897760 -0.311660 -0.950194 -0.970420 0.241424 0.111839 44.735483 -0.278217 36.031803 200.000000 36.031803 0.010659 4.263684 -0.960518 -28.164902 200.000000 -28.164902 0.047888 19.155075 -0.948536 15.600835 200.000000 15.600835 0.566164 226.465558 0.316668 -12.095914 200.000000 -12.095914
 66.000000 -0.969583 -0.244762 0.348910 -0.937156 -1.818071 2.785185 -0.244762 -0.969583 -0.937156 0.348910 0.111925 44.770015 -0.278217 36.031803 200.000000 36.031803 0.008217 3.286978 -0.960518 -28.164902 200.000000 -28.164902 0.012951 5.180349 -0.948536 15.600835 200.000000 15.600835 0.103954 41.581769 0.316668 -12.095914 200.000000 -12.095914
 66.200000 -0.956154 -0.292865 0.285537 -0.958368 -1.868018 2.852026 -0.292865 -0.956154 -0.958368 0.285537 0.021456 8.582363 -0.278217 36.031803 200.000000 36.031803 0.001905 0.761920 -0.960518 -28.164902 200.000000 -28.164902 0.009665 3.866171 -0.948536 15.600835 200.000000 15.600835 0.096915 38.765941 0.316668 -12.095914 200.000000 -12.095914
 66.400000 -0.963013 -0.269455 0.346138 -0.938183 -1.843623 2.788141 -0.269455 -0.963013 -0.938183 0.346138 0.007678 3.071206 -0.278217 36.031803 200.000000 36.031803 0.000622 0.248973 -0.960518 -28.164902 200.000000 -28.164902 0.010718 4.287389 -0.948536 15.600835 200.000000 15.600835 0.086851 34.740359 0.316668 -12.095914 200.000000 -12.095914
 66.600000 -0.957286 -0.289141 0.372819 -0.927904 -1.864126 2.759547 -0.289141 -0.957286 -0.927904 0.372819 0.011933 4.773268 -0.278217 36.031803 200.000000 36.031803 0.001044 0.417756 -0.960518 -28.164902 200.000000 -28.164902 0.042570 17.027912 -0.948536 15.600835 200.000000 15.600835 0.315296 126.118422 0.316668 -12.095914 200.000000 -12.095914
 66.800000 -0.959217 -0.282672 0.376170 -0.926551 -1.857375 2.755933 -0.282672 -0.959217 -0.926551 0.376170 0.001984 0.793772 -0.278217 36.031803 200.000000 36.031803 0.000169 0.067759 -0.960518 -28.164902 200.000000 -28.164902 0.048338 19.335173 -0.948536 15.600835 200.000000 15.600835 0.354052 141.620845 0.316668 -12.095914 200.000000 -12.095914
 67.000000 -0.940645 -0.339391 0.340376 -0.940289 -1.917066 2.794276 -0.339391 -0.940645 -0.940289 0.340376 0.374225 149.689869 -0.278217 36.031803 200.000000 36.031803 0.039493 15.797215 -0.960518 -28.164902 200.000000 -28.164902 0.006801 2.720521 -0.948536 15.600835 200.000000 15.600835 0.056207 22.482635 0.316668 -12.095914 200.000000 -12.095914
 67.200000 -0.968544 -0.248842 0.402325 -0.915497 -1.822281 2.727538 -0.248842 -0.968544 -0.915497 0.402325 0.086293 34.517154 -0.278217 36.031803 200.000000 36.031803 0.006442 2.576686 -0.960518 -28.164902 200.000000 -28.164902 0.109160 43.664065 -0.948536 15.600835 200.000000 15.600835 0.733707 293.482793 0.316668 -12.095914 200.000000 -12.095914
 67.400000 -0.953504 -0.301381 0.342056 -0.939680 -1.876937 2.792489 -0.301381 -0.953504 -0.939680 0.342056 0.053656 21.462453 -0.278217 36.031803 200.000000 36.031803 0.004920 1.968069 -0.960518 -28.164902 200.000000 -28.164902 0.007844 3.137759 -0.948536 15.600835 200.000000 15.600835 0.064455 25.781965 0.316668 -12.095914 200.000000 -12.095914
 67.600000 -0.958772 -0.284175 0.269658 -0.962956 -1.858942 2.868555 -0.284175 -0.958772 -0.962956 0.269658 0.003549 1.419782 -0.278217 36.031803 200.000000 36.031803 0.000305 0.121904 -0.960518 -28.164902 200.000000 -28.164902 0.020793 8.317086 -0.948536 15.600835 200.000000 15.600835 0.220993 88.397077 0.316668 -12.095914 200.000000 -12.095914
 67.800000 -0.976097 -0.217333 0.411741 -0.911301 -1.789878 2.717229 -0.217333 -0.976097 -0.911301 0.411741 0.370686 148.274434 -0.278217 36.031803 200.000000 36.031803 0.024271 9.708588 -0.960518 -28.164902 200.000000 -28.164902 0.138649 55.459619 -0.948536 15.600835 200.000000 15.600835 0.903891 361.556336 0.316668 -12.095914 200.000000 -12.095914
 68.000000 -0.965049 -0.262069 0.301480 -0.953473 -1.835962 2.835348 -0.262069 -0.965049 -0.953473 0.301480 0.026078 10.431215 -0.278217 36.031803 200.000000 36.031803 0.002053 0.821231 -0.960518 -28.164902 200.000000 -28.164902 0.002437 0.974608 -0.948536 15.600835 200.000000 15.600835 0.023068 9.227213 0.316668 -12.095914 200.000000 -12.095914
 68.200000 -0.944848 -0.327510 0.268087 -0.963395 -1.904464 2.870186 -0.327510 -0.944848 -0.963395 0.268087 0.242978 97.191124 -0.278217 36.031803 200.000000 36.031803 0.024556 9.822562 -0.960518 -28.164902 200.000000 -28.164902 0.022077 8.830766 -0.948536 15.600835 200.000000 15.600835 0.236013 94.405048 0.316668 -12.095914 200.000000 -12.095914
 68.400000 -0.979963 -0.199181 0.338343 -0.941023 -1.771318 2.796437 -0.199181 -0.979963 -0.941023 0.338343 0.624680 249.871993 -0.278217 36.031803 200.000000 36.031803 0.037809 15.123784 -0.960518 -28.164902 200.000000 -28.164902 0.005645 2.258112 -0.948536 15.600835 200.000000 15.600835 0.046980 18.791857 0.316668 -12.095914 200.000000 -12.095914
 68.600000 -0.969906 -0.243481 0.292765 -0.956184 -1.816750 2.844475 -0.243481 -0.969906 -0.956184 0.292765 0.120662 48.264777 -0.278217 36.031803 200.000000 36.031803 0.008813 3.525041 -0.960518 -28.164902 200.000000 -28.164902 0.005849 2.339670 -0.948536 15.600835 200.000000 15.600835 0.057135 22.854168 0.316668 -12.095914 200.000000 -12.095914
 68.800000 -0.940243 -0.340504 0.275448 -0.961316 -1.918250 2.862537 -0.340504 -0.940243 -0.961316 0.275448 0.387966 155.186208 -0.278217 36.031803 200.000000 36.031803 0.041108 16.443298 -0.960518 -28.164902 200.000000 -28.164902 0.016332 6.532789 -0.948536 15.600835 200.000000 15.600835 0.169913 67.965015 0.316668 -12.095914 200.000000 -12.095914
 69.000000 -0.970980 -0.239163 0.346524 -0.938041 -1.812300 2.787729 -0.239163 -0.970980 -0.938041 0.346524 0.152528 61.011196 -0.278217 36.031803 200.000000 36.031803 0.010944 4.377646 -0.960518 -28.164902 200.000000 -28.164902 0.011016 4.406202 -0.948536 15.600835 200.000000 15.600835 0.089140 35.656166 0.316668 -12.095914 200.000000 -12.095914
 69.200000 -0.954927 -0.296839 0.335682 -0.941975 -1.872177 2.799263 -0.296839 -0.954927 -0.941975 0.335682 0.034677 13.870923 -0.278217 36.031803 200.000000 36.031803 0.003126 1.250222 -0.960518 -28.164902 200.000000 -28.164902 0.004305 1.721950 -0.948536 15.600835 200.000000 15.600835 0.036154 14.461645 0.316668 -12.095914 200.000000 -12.095914
 69.400000 -0.932468 -0.361252 0.366487 -0.930423 -1.940407 2.766362 -0.361252 -0.932468 -0.930423 0.366487 0.689473 275.789330 -0.278217 36.031803 200.000000 36.031803 0.078680 31.471838 -0.960518 -28.164902 200.000000 -28.164902 0.032809 13.123781 -0.948536 15.600835 200.000000 15.600835 0.248196 99.278447 0.316668 -12.095914 200.000000 -12.095914
 69.600000 -0.970707 -0.240266 0.294701 -0.955590 -1.813436 2.842450 -0.240266 -0.970707 -0.955590 0.294701 0.144032 57.612691 -0.278217 36.031803 200.000000 36.031803 0.010382 4.152619 -0.960518 -28.164902 200.000000 -28.164902 0.004975 1.989887 -0.948536 15.600835 200.000000 15.600835 0.048256 19.302493 0.316668 -12.095914 200.000000 -12.095914
 69.800000 -0.956454 -0.291882 0.358825 -0.933405 -1.866991 2.774584 -0.291882 -0.956454 -0.933405 0.358825 0.018673 7.469285 -0.278217 36.031803 200.000000 36.031803 0.001652 0.660616 -0.960518 -28.164902 200.000000 -28.164902 0.022896 9.158526 -0.948536 15.600835 200.000000 15.600835 0.177720 71.087993 0.316668 -12.095914 200.000000 -12.095914
 70.000000 -0.921855 -0.387534 0.343797 -0.939044 -1.968751 2.790635 -0.387534 -0.921855 -0.939044 0.343797 1.195006 478.002439 -0.278217 36.031803 200.000000 36.031803 0.149480 59.791915 -0.960518 -28.164902 200.000000 -28.164902 0.009011 3.604211 -0.948536 15.600835 200.000000 15.600835 0.073597 29.438914 0.316668 -12.095914 200.000000 -12.095914
 70.200000 -0.961384 -0.275212 0.362345 -0.932044 -1.849606 2.770810 -0.275212 -0.961384 -0.932044 0.362345 0.000903 0.361365 -0.278217 36.031803 200.000000 36.031803 0.000075 0.029965 -0.960518 -28.164902 200.000000 -28.164902 0.027200 10.880077 -0.948536 15.600835 200.000000 15.600835 0.208641 83.456340 0.316668 -12.095914 200.000000 -12.095914
 70.400000 -0.975671 -0.219238 0.416409 -0.909177 -1.791830 2.712100 -0.219238 -0.975671 -0.909177 0.416409 0.347855 139.142064 -0.278217 36.031803 200.000000 36.031803 0.022962 9.184838 -0.960518 -28.164902 200.000000 -28.164902 0.154915 61.965924 -0.948536 15.600835 200.000000 15.600835 0.994835 397.933816 0.316668 -12.095914 200.000000 -12.095914
 70.600000 -0.962057 -0.272850 0.309101 -0.951029 -1.847151 2.827345 -0.272850 -0.962057 -0.951029 0.309101 0.002881 1.152364 -0.278217 36.031803 200.000000 36.031803 0.000237 0.094674 -0.960518 -28.164902 200.000000 -28.164902 0.000621 0.248534 -0.948536 15.600835 200.000000 15.600835 0.005725 2.290162 0.316668 -12.095914 200.000000 -12.095914
 70.800000 -0.942037 -0.335508 0.251199 -0.967936 -1.912941 2.887674 -0.335508 -0.942037 -0.967936 0.251199 0.328222 131.288995 -0.278217 36.031803 200.000000 36.031803 0.034154 13.661621 -0.960518 -28.164902 200.000000 -28.164902 0.037633 15.053038 -0.948536 15.600835 200.000000 15.600835 0.428624 171.449587 0.316668 -12.095914 200.000000 -12.095914
 71.000000 -0.971943 -0.235215 0.295130 -0.955457 -1.808236 2.842001 -0.235215 -0.971943 -0.955457 0.295130 0.184921 73.968442 -0.278217 36.031803 200.000000 36.031803 0.013054 5.221454 -0.960518 -28.164902 200.000000 -28.164902 0.004789 1.915799 -0.948536 15.600835 200.000000 15.600835 0.046388 18.555159 0.316668 -12.095914 200.000000 -12.095914
 71.200000 -0.964875 -0.262709 0.391027 -0.920379 -1.836625 2.739845 -0.262709 -0.964875 -0.920379 0.391027 0.024051 9.620331 -0.278217 36.031803 200.000000 36.031803 0.001898 0.759325 -0.960518 -28.164902 200.000000 -28.164902 0.079284 31.713465 -0.948536 15.600835 200.000000 15.600835 0.552930 221.172153 0.316668 -12.095914 200.000000 -12.095914
 71.400000 -0.935086 -0.354422 0.299548 -0.954081 -1.933092 2.837374 -0.354422 -0.935086 -0.954081 0.299548 0.580712 232.284637 -0.278217 36.031803 200.000000 36.031803 0.064681 25.872464 -0.960518 -28.164902 200.000000 -28.164902 0.003074 1.229783 -0.948536 15.600835 200.000000 15.600835 0.029309 11.723719 0.316668 -12.095914 200.000000 -12.095914
 71.600000 -0.963420 -0.267997 0.319422 -0.947613 -1.842110 2.816473 -0.267997 -0.963420 -0.947613 0.319422 0.010445 4.178066 -0.278217 36.031803 200.000000 36.031803 0.000842 0.336760 -0.960518 -28.164902 200.000000 -28.164902 0.000085 0.034138 -0.948536 15.600835 200.000000 15.600835 0.000758 0.303353 0.316668 -12.095914 200.000000 -12.095914
 71.800000 -0.943401 -0.331655 0.313065 -0.949732 -1.908854 2.823174 -0.331655 -0.943401 -0.949732 0.313065 0.285562 114.224631 -0.278217 36.031803 200.000000 36.031803 0.029301 11.720378 -0.960518 -28.164902 200.000000 -28.164902 0.000143 0.057152 -0.948536 15.600835 200.000000 15.600835 0.001298 0.519321 0.316668 -12.095914 200.000000 -12.095914
 72.000000 -0.958473 -0.285182 0.351597 -0.936152 -1.859993 2.782316 -0.285182 -0.958473 -0.936152 0.351597 0.004851 1.940449 -0.278217 36.031803 200.000000 36.031803 0.000418 0.167259 -0.960518 -28.164902 200.000000 -28.164902 0.015339 6.135468 -0.948536 15.600835 200.000000 15.600835 0.122003 48.801073 0.316668 -12.095914 200.000000 -12.095914
 72.200000 -0.960626 -0.277846 0.356929 -0.934132 -1.852347 2.776614 -0.277846 -0.960626 -0.934132 0.356929 0.000014 0.005520 -0.278217 36.031803 200.000000 36.031803 0.000001 0.000462 -0.960518 -28.164902 200.000000 -28.164902 0.020750 8.300092 -0.948536 15.600835 200.000000 15.600835 0.162095 64.838065 0.316668 -12.095914 200.000000 -12.095914
 72.400000 -0.946384 -0.323043 0.309665 -0.950846 -1.899740 2.826752 -0.323043 -0.946384 -0.950846 0.309665 0.200935 80.374106 -0.278217 36.031803 200.000000 36.031803 0.019977 7.990702 -0.960518 -28.164902 200.000000 -28.164902 0.000533 0.213311 -0.948536 15.600835 200.000000 15.600835 0.004904 1.961676 0.316668 -12.095914 200.000000 -12.095914
 72.600000 -0.957111 -0.289722 0.394607 -0.918850 -1.864733 2.735952 -0.289722 -0.957111 -0.918850 0.394607 0.013236 5.294320 -0.278217 36.031803 200.000000 36.031803 0.001161 0.464393 -0.960518 -28.164902 200.000000 -28.164902 0.088129 35.251471 -0.948536 15.600835 200.000000 15.600835 0.607450 242.979969 0.316668 -12.095914 200.000000 -12.095914
 72.800000 -0.947285 -0.320391 0.371854 -0.928291 -1.896939 2.760587 -0.320391 -0.947285 -0.928291 0.371854 0.177860 71.144194 -0.278217 36.031803 200.000000 36.031803 0.017510 7.004189 -0.960518 -28.164902 200.000000 -28.164902 0.040987 16.394658 -0.948536 15.600835 200.000000 15.600835 0.304548 121.819197 0.316668 -12.095914 200.000000 -12.095914
 73.000000 -0.961606 -0.274433 0.353949 -0.935265 -1.848796 2.779803 -0.274433 -0.961606 -0.935265 0.353949 0.001433 0.573015 -0.278217 36.031803 200.000000 36.031803 0.000118 0.047370 -0.960518 -28.164902 200.000000 -28.164902 0.017613 7.045387 -0.948536 15.600835 200.000000 15.600835 0.138985 55.593805 0.316668 -12.095914 200.000000 -12.095914
 73.200000 -0.964701 -0.263348 0.348763 -0.937211 -1.837288 2.785342 -0.263348 -0.964701 -0.937211 0.348763 0.022109 8.843470 -0.278217 36.031803 200.000000 36.031803 0.001749 0.699786 -0.960518 -28.164902 200.000000 -28.164902 0.012827 5.130606 -0.948536 15.600835 200.000000 15.600835 0.103008 41.203101 0.316668 -12.095914 200.000000 -12.095914
 73.400000 -0.952801 -0.303596 0.285358 -0.958421 -1.879261 2.852213 -0.303596 -0.952801 -0.958421 0.285358 0.064408 25.763337 -0.278217 36.031803 200.000000 36.031803 0.005956 2.382294 -0.960518 -28.164902 200.000000 -28.164902 0.009771 3.908233 -0.948536 15.600835 200.000000 15.600835 0.098033 39.213200 0.316668 -12.095914 200.000000 -12.095914
 73.600000 -0.940637 -0.339414 0.334714 -0.942320 -1.917090 2.800290 -0.339414 -0.940637 -0.942320 0.334714 0.374502 149.800775 -0.278217 36.031803 200.000000 36.031803 0.039526 15.810215 -0.960518 -28.164902 200.000000 -28.164902 0.003865 1.545958 -0.948536 15.600835 200.000000 15.600835 0.032567 13.026948 0.316668 -12.095914 200.000000 -12.095914
 73.800000 -0.965169 -0.261628 0.297590 -0.954694 -1.835505 2.839425 -0.261628 -0.965169 -0.954694 0.297590 0.027520 11.007915 -0.278217 36.031803 200.000000 36.031803 0.002163 0.865114 -0.960518 -28.164902 200.000000 -28.164902 0.003791 1.516507 -0.948536 15.600835 200.000000 15.600835 0.036397 14.558796 0.316668 -12.095914 200.000000 -12.095914
 74.000000 -0.974062 -0.226281 0.325120 -0.945673 -1.799054 2.810454 -0.226281 -0.974062 -0.945673 0.325120 0.269740 107.896035 -0.278217 36.031803 200.000000 36.031803 0.018344 7.337559 -0.960518 -28.164902 200.000000 -28.164902 0.000820 0.328054 -0.948536 15.600835 200.000000 15.600835 0.007144 2.857703 0.316668 -12.095914 200.000000 -12.095914
 74.200000 -0.965975 -0.258637 0.305195 -0.952290 -1.832407 2.831449 -0.258637 -0.965975 -0.952290 0.305195 0.038339 15.335619 -0.278217 36.031803 200.000000 36.031803 0.002977 1.190913 -0.960518 -28.164902 200.000000 -28.164902 0.001409 0.563510 -0.948536 15.600835 200.000000 15.600835 0.013162 5.264979 0.316668 -12.095914 200.000000 -12.095914
 74.400000 -0.973123 -0.230287 0.309167 -0.951008 -1.803169 2.827276 -0.230287 -0.973123 -0.951008 0.309167 0.229731 91.892250 -0.278217 36.031803 200.000000 36.031803 0.015888 6.355025 -0.960518 -28.164902 200.000000 -28.164902 0.000611 0.244317 -0.948536 15.600835 200.000000 15.600835 0.005627 2.250778 0.316668 -12.095914 200.000000 -12.095914
 74.600000 -0.974126 -0.226008 0.357783 -0.933805 -1.798774 2.775700 -0.226008 -0.974126 -0.933805 0.357783 0.272587 109.034754 -0.278217 36.031803 200.000000 36.031803 0.018516 7.406480 -0.960518 -28.164902 200.000000 -28.164902 0.021702 8.680948 -0.948536 15.600835 200.000000 15.600835 0.169045 67.618089 0.316668 -12.095914 200.000000 -12.095914
 74.800000 -0.933922 -0.357476 0.297830 -0.954619 -1.936360 2.839174 -0.357476 -0.933922 -0.954619 0.297830 0.628186 251.274557 -0.278217 36.031803 200.000000 36.031803 0.070733 28.293169 -0.960518 -28.164902 200.000000 -28.164902 0.003700 1.479921 -0.948536 15.600835 200.000000 15.600835 0.035488 14.195373 0.316668 -12.095914 200.000000 -12.095914
 75.000000 -0.955366 -0.295426 0.359408 -0.933181 -1.870698 2.773959 -0.295426 -0.955366 -0.933181 0.359408 0.029615 11.845888 -0.278217 36.031803 200.000000 36.031803 0.002655 1.061974 -0.960518 -28.164902 200.000000 -28.164902 0.023580 9.432075 -0.948536 15.600835 200.000000 15.600835 0.182669 73.067641 0.316668 -12.095914 200.000000 -12.095914
 75.200000 -0.978634 -0.205608 0.384457 -0.923143 -1.777881 2.746973 -0.205608 -0.978634 -0.923143 0.384457 0.527216 210.886433 -0.278217 36.031803 200.000000 36.031803 0.032820 13.128097 -0.960518 -28.164902 200.000000 -28.164902 0.064483 25.793349 -0.948536 15.600835 200.000000 15.600835 0.459536 183.814432 0.316668 -12.095914 200.000000 -12.095914
 75.400000 -0.962105 -0.272680 0.288624 -0.957442 -1.846974 2.848803 -0.272680 -0.962105 -0.957442 0.288624 0.003067 1.226649 -0.278217 36.031803 200.000000 36.031803 0.000252 0.100710 -0.960518 -28.164902 200.000000 -28.164902 0.007932 3.172698 -0.948536 15.600835 200.000000 15.600835 0.078646 31.458265 0.316668 -12.095914 200.000000 -12.095914
 75.600000 -0.965857 -0.259075 0.276149 -0.961115 -1.832861 2.861807 -0.259075 -0.965857 -0.961115 0.276149 0.036644 14.657510 -0.278217 36.031803 200.000000 36.031803 0.002851 1.140249 -0.960518 -28.164902 200.000000 -28.164902 0.015821 6.328504 -0.948536 15.600835 200.000000 15.600835 0.164175 65.670021 0.316668 -12.095914 200.000000 -12.095914
 75.800000 -0.977352 -0.211619 0.347268 -0.937766 -1.784028 2.786936 -0.211619 -0.977352 -0.937766 0.347268 0.443536 177.414219 -0.278217 36.031803 200.000000 36.031803 0.028339 11.335514 -0.960518 -28.164902 200.000000 -28.164902 0.011601 4.640312 -0.948536 15.600835 200.000000 15.600835 0.093639 37.455592 0.316668 -12.095914 200.000000 -12.095914
 76.000000 -0.955924 -0.293613 0.297682 -0.954665 -1.868801 2.839329 -0.293613 -0.955924 -0.954665 0.297682 0.023703 9.481176 -0.278217 36.031803 200.000000 36.031803 0.002110 0.844123 -0.960518 -28.164902 200.000000 -28.164902 0.003756 1.502455 -0.948536 15.600835 200.000000 15.600835 0.036048 14.419154 0.316668 -12.095914 200.000000 -12.095914
 76.200000 -0.956072 -0.293131 0.368370 -0.929679 -1.868296 2.764337 -0.293131 -0.956072 -0.929679 0.368370 0.022241 8.896465 -0.278217 36.031803 200.000000 36.031803 0.001977 0.790607 -0.960518 -28.164902 200.000000 -28.164902 0.035560 14.223970 -0.948536 15.600835 200.000000 15.600835 0.267314 106.925635 0.316668 -12.095914 200.000000 -12.095914
 76.400000 -0.972903 -0.231213 0.428807 -0.903396 -1.804120 2.698421 -0.231213 -0.972903 -0.903396 0.428807 0.220944 88.377482 -0.278217 36.031803 200.000000 36.031803 0.015339 6.135615 -0.960518 -28.164902 200.000000 -28.164902 0.203765 81.506016 -0.948536 15.600835 200.000000 15.600835 1.257517 503.006709 0.316668 -12.095914 200.000000 -12.095914
 76.600000 -0.964083 -0.265602 0.323907 -0.946089 -1.839625 2.811737 -0.265602 -0.964083 -0.946089 0.323907 0.015914 6.365723 -0.278217 36.031803 200.000000 36.031803 0.001271 0.508249 -0.960518 -28.164902 200.000000 -28.164902 0.000599 0.239594 -0.948536 15.600835 200.000000 15.600835 0.005240 2.095960 0.316668 -12.095914 200.000000 -12.095914
 76.800000 -0.921306 -0.388838 0.206575 -0.978431 -1.970166 2.933520 -0.388838 -0.921306 -0.978431 0.206575 1.223687 489.474769 -0.278217 36.031803 200.000000 36.031803 0.153757 61.502936 -0.960518 -28.164902 200.000000 -28.164902 0.089368 35.747059 -0.948536 15.600835 200.000000 15.600835 1.212057 484.822669 0.316668 -12.095914 200.000000 -12.095914
 77.000000 -0.954087 -0.299530 0.295383 -0.955379 -1.874996 2.841736 -0.299530 -0.954087 -0.955379 0.295383 0.045421 18.168269 -0.278217 36.031803 200.000000 36.031803 0.004136 1.654362 -0.960518 -28.164902 200.000000 -28.164902 0.004682 1.872756 -0.948536 15.600835 200.000000 15.600835 0.045304 18.121787 0.316668 -12.095914 200.000000 -12.095914
 77.200000 -0.961540 -0.274664 0.368760 -0.929525 -1.849037 2.763918 -0.274664 -0.961540 -0.929525 0.368760 0.001262 0.504972 -0.278217 36.031803 200.000000 36.031803 0.000104 0.041783 -0.960518 -28.164902 200.000000 -28.164902 0.036145 14.458151 -0.948536 15.600835 200.000000 15.600835 0.271361 108.544542 0.316668 -12.095914 200.000000 -12.095914
 77.400000 -0.939647 -0.342146 0.290130 -0.956987 -1.919997 2.847230 -0.342146 -0.939647 -0.956987 0.290130 0.408690 163.476179 -0.278217 36.031803 200.000000 36.031803 0.043562 17.424683 -0.960518 -28.164902 200.000000 -28.164902 0.007141 2.856572 -0.948536 15.600835 200.000000 15.600835 0.070425 28.169890 0.316668 -12.095914 200.000000 -12.095914
 77.600000 -0.936119 -0.351684 0.347539 -0.937666 -1.930166 2.786648 -0.351684 -0.936119 -0.937666 0.347539 0.539737 215.894884 -0.278217 36.031803 200.000000 36.031803 0.059533 23.813302 -0.960518 -28.164902 200.000000 -28.164902 0.011817 4.726966 -0.948536 15.600835 200.000000 15.600835 0.095300 38.119965 0.316668 -12.095914 200.000000 -12.095914
 77.800000 -0.960949 -0.276726 0.327154 -0.944971 -1.851181 2.808302 -0.276726 -0.960949 -0.944971 0.327154 0.000223 0.089018 -0.278217 36.031803 200.000000 36.031803 0.000019 0.007425 -0.960518 -28.164902 200.000000 -28.164902 0.001271 0.508476 -0.948536 15.600835 200.000000 15.600835 0.010995 4.398180 0.316668 -12.095914 200.000000 -12.095914
 78.000000 -0.958104 -0.286421 0.264835 -0.964294 -1.861286 2.873560 -0.286421 -0.958104 -0.964294 0.264835 0.006730 2.692096 -0.278217 36.031803 200.000000 36.031803 0.000583 0.233160 -0.960518 -28.164902 200.000000 -28.164902 0.024829 9.931729 -0.948536 15.600835 200.000000 15.600835 0.268667 107.466695 0.316668 -12.095914 200.000000 -12.095914
 78.200000 -0.964604 -0.263702 0.277991 -0.960584 -1.837654 2.859891 -0.263702 -0.964604 -0.960584 0.277991 0.021070 8.428059 -0.278217 36.031803 200.000000 36.031803 0.001670 0.667852 -0.960518 -28.164902 200.000000 -28.164902 0.014514 5.805412 -0.948536 15.600835 200.000000 15.600835 0.149590 59.836126 0.316668 -12.095914 200.000000 -12.095914
 78.400000 -0.962435 -0.271512 0.331913 -0.943310 -1.845760 2.803261 -0.271512 -0.962435 -0.943310 0.331913 0.004497 1.798784 -0.278217 36.031803 200.000000 36.031803 0.000368 0.147007 -0.960518 -28.164902 200.000000 -28.164902 0.002732 1.092688 -0.948536 15.600835 200.000000 15.600835 0.023242 9.296916 0.316668 -12.095914 200.000000 -12.095914
 78.600000 -0.968242 -0.250017 0.326896 -0.945060 -1.823494 2.808575 -0.250017 -0.968242 -0.945060 0.326896 0.079528 31.811385 -0.278217 36.031803 200.000000 36.031803 0.005965 2.386049 -0.960518 -28.164902 200.000000 -28.164902 0.001208 0.483356 -0.948536 15.600835 200.000000 15.600835 0.010462 4.184643 0.316668 -12.095914 200.000000 -12.095914
 78.800000 -0.965187 -0.261561 0.397093 -0.917779 -1.835435 2.733246 -0.261561 -0.965187 -0.917779 0.397093 0.027744 11.097564 -0.278217 36.031803 200.000000 36.031803 0.002180 0.871925 -0.960518 -28.164902 200.000000 -28.164902 0.094605 37.841936 -0.948536 15.600835 200.000000 15.600835 0.646812 258.724807 0.316668 -12.095914 200.000000 -12.095914
 79.000000 -0.966827 -0.255433 0.235116 -0.971967 -1.829092 2.904255 -0.255433 -0.966827 -0.971967 0.235116 0.051912 20.764678 -0.278217 36.031803 200.000000 36.031803 0.003980 1.591918 -0.960518 -28.164902 200.000000 -28.164902 0.054901 21.960394 -0.948536 15.600835 200.000000 15.600835 0.665078 266.031358 0.316668 -12.095914 200.000000 -12.095914
 79.200000 -0.969044 -0.246889 0.428399 -0.903590 -1.820265 2.698872 -0.246889 -0.969044 -0.903590 0.428399 0.098148 39.259332 -0.278217 36.031803 200.000000 36.031803 0.007269 2.907501 -0.960518 -28.164902 200.000000 -28.164902 0.202022 80.808920 -0.948536 15.600835 200.000000 15.600835 1.248388 499.355007 0.316668 -12.095914 200.000000 -12.095914
 79.400000 -0.979082 -0.203465 0.347836 -0.937555 -1.775692 2.786331 -0.203465 -0.979082 -0.937555 0.347836 0.558793 223.517094 -0.278217 36.031803 200.000000 36.031803 0.034463 13.785038 -0.960518 -28.164902 200.000000 -28.164902 0.012058 4.823313 -0.948536 15.600835 200.000000 15.600835 0.097144 38.857603 0.316668 -12.095914 200.000000 -12.095914
 79.600000 -0.971341 -0.237690 0.355941 -0.934508 -1.810784 2.777672 -0.237690 -0.971341 -0.934508 0.355941 0.164244 65.697602 -0.278217 36.031803 200.000000 36.031803 0.011713 4.685360 -0.960518 -28.164902 200.000000 -28.164902 0.019678 7.871386 -0.948536 15.600835 200.000000 15.600835 0.154237 61.694614 0.316668 -12.095914 200.000000 -12.095914
 79.800000 -0.976601 -0.215058 0.368092 -0.929789 -1.787547 2.764636 -0.215058 -0.976601 -0.929789 0.368092 0.398913 159.565297 -0.278217 36.031803 200.000000 36.031803 0.025867 10.346763 -0.960518 -28.164902 200.000000 -28.164902 0.035146 14.058359 -0.948536 15.600835 200.000000 15.600835 0.264447 105.778911 0.316668 -12.095914 200.000000 -12.095914
 80.000000 -0.968067 -0.250691 0.335007 -0.942216 -1.824191 2.799980 -0.250691 -0.968067 -0.942216 0.335007 0.075769 30.307475 -0.278217 36.031803 200.000000 36.031803 0.005699 2.279469 -0.960518 -28.164902 200.000000 -28.164902 0.003995 1.598164 -0.948536 15.600835 200.000000 15.600835 0.033633 13.453272 0.316668 -12.095914 200.000000 -12.095914
 80.200000 -0.928867 -0.370413 0.324673 -0.945826 -1.950250 2.810926 -0.370413 -0.928867 -0.945826 0.324673 0.850006 340.002290 -0.278217 36.031803 200.000000 36.031803 0.100179 40.071519 -0.960518 -28.164902 200.000000 -28.164902 0.000735 0.293824 -0.948536 15.600835 200.000000 15.600835 0.006409 2.563510 0.316668 -12.095914 200.000000 -12.095914
 80.400000 -0.952747 -0.303764 0.378226 -0.925713 -1.879438 2.753714 -0.303764 -0.952747 -0.925713 0.378226 0.065265 26.105876 -0.278217 36.031803 200.000000 36.031803 0.006039 2.415499 -0.960518 -28.164902 200.000000 -28.164902 0.052089 20.835583 -0.948536 15.600835 200.000000 15.600835 0.378934 151.573744 0.316668 -12.095914 200.000000 -12.095914
 80.600000 -0.919718 -0.392581 0.348392 -0.937349 -1.974232 2.785738 -0.392581 -0.919718 -0.937349 0.348392 1.307894 523.157492 -0.278217 36.031803 200.000000 36.031803 0.166468 66.587318 -0.960518 -28.164902 200.000000 -28.164902 0.012516 5.006280 -0.948536 15.600835 200.000000 15.600835 0.100639 40.255451 0.316668 -12.095914 200.000000 -12.095914
 80.800000 -0.927327 -0.374252 0.314169 -0.949367 -1.954387 2.822011 -0.374252 -0.927327 -0.949367 0.314169 0.922271 368.908362 -0.278217 36.031803 200.000000 36.031803 0.110166 44.066317 -0.960518 -28.164902 200.000000 -28.164902 0.000069 0.027587 -0.948536 15.600835 200.000000 15.600835 0.000624 0.249703 0.316668 -12.095914 200.000000 -12.095914
 81.000000 -0.954474 -0.298293 0.329856 -0.944031 -1.873700 2.805441 -0.298293 -0.954474 -0.944031 0.329856 0.040303 16.121081 -0.278217 36.031803 200.000000 36.031803 0.003653 1.461081 -0.960518 -28.164902 200.000000 -28.164902 0.002030 0.811886 -0.948536 15.600835 200.000000 15.600835 0.017393 6.957099 0.316668 -12.095914 200.000000 -12.095914
 81.200000 -0.953501 -0.301391 0.380990 -0.924579 -1.876947 2.750726 -0.301391 -0.953501 -0.924579 0.380990 0.053700 21.480119 -0.278217 36.031803 200.000000 36.031803 0.004924 1.969760 -0.960518 -28.164902 200.000000 -28.164902 0.057394 22.957747 -0.948536 15.600835 200.000000 15.600835 0.413727 165.490793 0.316668 -12.095914 200.000000 -12.095914
 81.400000 -0.964262 -0.264952 0.328939 -0.944351 -1.838950 2.806413 -0.264952 -0.964262 -0.944351 0.328939 0.017598 7.039122 -0.278217 36.031803 200.000000 36.031803 0.001401 0.560566 -0.960518 -28.164902 200.000000 -28.164902 0.001752 0.700664 -0.948536 15.600835 200.000000 15.600835 0.015058 6.023138 0.316668 -12.095914 200.000000 -12.095914
 81.600000 -0.948912 -0.315541 0.425773 -0.904830 -1.891823 2.701776 -0.315541 -0.948912 -0.904830 0.425773 0.139301 55.720495 -0.278217 36.031803 200.000000 36.031803 0.013470 5.387985 -0.960518 -28.164902 200.000000 -28.164902 0.191027 76.410885 -0.948536 15.600835 200.000000 15.600835 1.190401 476.160379 0.316668 -12.095914 200.000000 -12.095914
 81.800000 -0.970651 -0.240491 0.252360 -0.967633 -1.813668 2.886474 -0.240491 -0.970651 -0.967633 0.252360 0.142327 56.930764 -0.278217 36.031803 200.000000 36.031803 0.010268 4.107271 -0.960518 -28.164902 200.000000 -28.164902 0.036470 14.587861 -0.948536 15.600835 200.000000 15.600835 0.413554 165.421778 0.316668 -12.095914 200.000000 -12.095914
 82.000000 -0.979045 -0.203646 0.330250 -0.943893 -1.775876 2.805024 -0.203646 -0.979045 -0.943893 0.330250 0.556096 222.438463 -0.278217 36.031803 200.000000 36.031803 0.034323 13.729335 -0.960518 -28.164902 200.000000 -28.164902 0.002156 0.862311 -0.948536 15.600835 200.000000 15.600835 0.018448 7.379123 0.316668 -12.095914 200.000000 -12.095914
 82.200000 -0.975357 -0.220631 0.263732 -0.964596 -1.793258 2.874704 -0.220631 -0.975357 -0.964596 0.263732 0.331617 132.646760 -0.278217 36.031803 200.000000 36.031803 0.022020 8.808047 -0.960518 -28.164902 200.000000 -28.164902 0.025791 10.316374 -0.948536 15.600835 200.000000 15.600835 0.280222 112.088840 0.316668 -12.095914 200.000000 -12.095914
 82.400000 -0.950082 -0.311999 0.334463 -0.942409 -1.888093 2.800558 -0.311999 -0.950082 -0.942409 0.334463 0.114120 45.647852 -0.278217 36.031803 200.000000 36.031803 0.010890 4.356155 -0.960518 -28.164902 200.000000 -28.164902 0.003755 1.501833 -0.948536 15.600835 200.000000 15.600835 0.031665 12.666107 0.316668 -12.095914 200.000000 -12.095914
 82.600000 -0.953888 -0.300163 0.240586 -0.970628 -1.875660 2.898623 -0.300163 -0.953888 -0.970628 0.240586 0.048159 19.263667 -0.278217 36.031803 200.000000 36.031803 0.004396 1.758318 -0.960518 -28.164902 200.000000 -28.164902 0.048803 19.521063 -0.948536 15.600835 200.000000 15.600835 0.578843 231.537303 0.316668 -12.095914 200.000000 -12.095914
 82.800000 -0.966365 -0.257176 0.332983 -0.942933 -1.830895 2.802127 -0.257176 -0.966365 -0.942933 0.332983 0.044275 17.710184 -0.278217 36.031803 200.000000 36.031803 0.003418 1.367282 -0.960518 -28.164902 200.000000 -28.164902 0.003140 1.256013 -0.948536 15.600835 200.000000 15.600835 0.026618 10.647130 0.316668 -12.095914 200.000000 -12.095914
 83.000000 -0.944215 -0.329330 0.319094 -0.947723 -1.906391 2.816819 -0.329330 -0.944215 -0.947723 0.319094 0.261252 104.500896 -0.278217 36.031803 200.000000 36.031803 0.026580 10.631945 -0.960518 -28.164902 200.000000 -28.164902 0.000066 0.026460 -0.948536 15.600835 200.000000 15.600835 0.000588 0.235396 0.316668 -12.095914 200.000000 -12.095914
 83.200000 -0.927799 -0.373081 0.262553 -0.964918 -1.953124 2.875925 -0.373081 -0.927799 -0.964918 0.262553 0.899904 359.961424 -0.278217 36.031803 200.000000 36.031803 0.107055 42.821894 -0.960518 -28.164902 200.000000 -28.164902 0.026834 10.733594 -0.948536 15.600835 200.000000 15.600835 0.292841 117.136522 0.316668 -12.095914 200.000000 -12.095914
 83.400000 -0.946036 -0.324061 0.290667 -0.956824 -1.900816 2.846669 -0.324061 -0.946036 -0.956824 0.290667 0.210165 84.066030 -0.278217 36.031803 200.000000 36.031803 0.020973 8.389136 -0.960518 -28.164902 200.000000 -28.164902 0.006869 2.747507 -0.948536 15.600835 200.000000 15.600835 0.067605 27.041854 0.316668 -12.095914 200.000000 -12.095914
 83.600000 -0.956555 -0.291552 0.326972 -0.945034 -1.866646 2.808495 -0.291552 -0.956555 -0.945034 0.326972 0.017782 7.112821 -0.278217 36.031803 200.000000 36.031803 0.001571 0.628295 -0.960518 -28.164902 200.000000 -28.164902 0.001227 0.490631 -0.948536 15.600835 200.000000 15.600835 0.010616 4.246518 0.316668 -12.095914 200.000000 -12.095914
 83.800000 -0.959579 -0.281440 0.348274 -0.937393 -1.856091 2.785864 -0.281440 -0.959579 -0.937393 0.348274 0.001039 0.415473 -0.278217 36.031803 200.000000 36.031803 0.000088 0.035297 -0.960518 -28.164902 200.000000 -28.164902 0.012418 4.967214 -0.948536 15.600835 200.000000 15.600835 0.099893 39.957314 0.316668 -12.095914 200.000000 -12.095914
 84.000000 -0.956630 -0.291305 0.353084 -0.935592 -1.866387 2.780728 -0.291305 -0.956630 -0.935592 0.353084 0.017127 6.850963 -0.278217 36.031803 200.000000 36.031803 0.001511 0.604591 -0.960518 -28.164902 200.000000 -28.164902 0.016756 6.702539 -0.948536 15.600835 200.000000 15.600835 0.132609 53.043590 0.316668 -12.095914 200.000000 -12.095914
 84.200000 -0.956711 -0.291041 0.277888 -0.960614 -1.866111 2.859998 -0.291041 -0.956711 -0.960614 0.277888 0.016443 6.577219 -0.278217 36.031803 200.000000 36.031803 0.001450 0.579846 -0.960518 -28.164902 200.000000 -28.164902 0.014586 5.834332 -0.948536 15.600835 200.000000 15.600835 0.150393 60.157042 0.316668 -12.095914 200.000000 -12.095914
 84.400000 -0.972066 -0.234709 0.348766 -0.937210 -1.807715 2.785338 -0.234709 -0.972066 -0.937210 0.348766 0.189301 75.720497 -0.278217 36.031803 200.000000 36.031803 0.013335 5.333920 -0.960518 -28.164902 200.000000 -28.164902 0.012830 5.131806 -0.948536 15.600835 200.000000 15.600835 0.103031 41.212238 0.316668 -12.095914 200.000000 -12.095914
 84.600000 -0.958292 -0.285790 0.426652 -0.904416 -1.860627 2.700805 -0.285790 -0.958292 -0.904416 0.426652 0.005735 2.293981 -0.278217 36.031803 200.000000 36.031803 0.000495 0.198197 -0.960518 -28.164902 200.000000 -28.164902 0.194661 77.864278 -0.948536 15.600835 200.000000 15.600835 1.209639 483.855530 0.316668 -12.095914 200.000000 -12.095914
 84.800000 -0.932537 -0.361074 0.286886 -0.957965 -1.940216 2.850618 -0.361074 -0.932537 -0.957965 0.286886 0.686523 274.609159 -0.278217 36.031803 200.000000 36.031803 0.078294 31.317455 -0.960518 -28.164902 200.000000 -28.164902 0.008889 3.555782 -0.948536 15.600835 200.000000 15.600835 0.088699 35.479510 0.316668 -12.095914 200.000000 -12.095914
 85.000000 -0.946526 -0.322627 0.312171 -0.950026 -1.899300 2.824115 -0.322627 -0.946526 -0.950026 0.312171 0.197224 78.889618 -0.278217 36.031803 200.000000 36.031803 0.019578 7.831105 -0.960518 -28.164902 200.000000 -28.164902 0.000222 0.088730 -0.948536 15.600835 200.000000 15.600835 0.002022 0.808799 0.316668 -12.095914 200.000000 -12.095914
 85.200000 -0.969148 -0.246480 0.312687 -0.949856 -1.819843 2.823572 -0.246480 -0.969148 -0.949856 0.312687 0.100724 40.289465 -0.278217 36.031803 200.000000 36.031803 0.007447 2.978832 -0.960518 -28.164902 200.000000 -28.164902 0.000174 0.069671 -0.948536 15.600835 200.000000 15.600835 0.001585 0.633920 0.316668 -12.095914 200.000000 -12.095914
 85.400000 -0.969379 -0.245568 0.381552 -0.924347 -1.818902 2.750118 -0.245568 -0.969379 -0.924347 0.381552 0.106599 42.639500 -0.278217 36.031803 200.000000 36.031803 0.007852 3.140874 -0.960518 -28.164902 200.000000 -28.164902 0.058512 23.404701 -0.948536 15.600835 200.000000 15.600835 0.420998 168.399085 0.316668 -12.095914 200.000000 -12.095914
 85.600000 -0.934375 -0.356290 0.363217 -0.931704 -1.935091 2.769874 -0.356290 -0.934375 -0.931704 0.363217 0.609532 243.812913 -0.278217 36.031803 200.000000 36.031803 0.068344 27.337611 -0.960518 -28.164902 200.000000 -28.164902 0.028331 11.332593 -0.948536 15.600835 200.000000 15.600835 0.216683 86.673254 0.316668 -12.095914 200.000000 -12.095914
 85.800000 -0.944894 -0.327378 0.277530 -0.960717 -1.904323 2.860371 -0.327378 -0.944894 -0.960717 0.277530 0.241671 96.668447 -0.278217 36.031803 200.000000 36.031803 0.024412 9.764986 -0.960518 -28.164902 200.000000 -28.164902 0.014837 5.934722 -0.948536 15.600835 200.000000 15.600835 0.153181 61.272530 0.316668 -12.095914 200.000000 -12.095914
 86.000000 -0.963404 -0.268053 0.310593 -0.950543 -1.842167 2.825776 -0.268053 -0.963404 -0.950543 0.310593 0.010332 4.132977 -0.278217 36.031803 200.000000 36.031803 0.000833 0.333198 -0.960518 -28.164902 200.000000 -28.164902 0.000403 0.161071 -0.948536 15.600835 200.000000 15.600835 0.003691 1.476416 0.316668 -12.095914 200.000000 -12.095914
 86.200000 -0.979283 -0.202498 0.273176 -0.961964 -1.774704 2.864899 -0.202498 -0.979283 -0.961964 0.273176 0.573350 229.339914 -0.278217 36.031803 200.000000 36.031803 0.035211 14.084480 -0.960518 -28.164902 200.000000 -28.164902 0.018030 7.212005 -0.948536 15.600835 200.000000 15.600835 0.189154 75.661642 0.316668 -12.095914 200.000000 -12.095914
 86.400000 -0.967833 -0.251592 0.330783 -0.943707 -1.825121 2.804459 -0.251592 -0.967833 -0.943707 0.330783 0.070892 28.356651 -0.278217 36.031803 200.000000 36.031803 0.005351 2.140533 -0.960518 -28.164902 200.000000 -28.164902 0.002333 0.933030 -0.948536 15.600835 200.000000 15.600835 0.019924 7.969577 0.316668 -12.095914 200.000000 -12.095914
 86.600000 -0.954524 -0.298134 0.328132 -0.944632 -1.873533 2.807268 -0.298134 -0.954524 -0.944632 0.328132 0.039667 15.866635 -0.278217 36.031803 200.000000 36.031803 0.003593 1.437153 -0.960518 -28.164902 200.000000 -28.164902 0.001524 0.609782 -0.948536 15.600835 200.000000 15.600835 0.013141 5.256585 0.316668 -12.095914 200.000000 -12.095914
 86.800000 -0.965228 -0.261408 0.337095 -0.941471 -1.835277 2.797763 -0.261408 -0.965228 -0.941471 0.337095 0.028256 11.302381 -0.278217 36.031803 200.000000 36.031803 0.002219 0.887476 -0.960518 -28.164902 200.000000 -28.164902 0.004992 1.996970 -0.948536 15.600835 200.000000 15.600835 0.041725 16.690066 0.316668 -12.095914 200.000000 -12.095914
 87.000000 -0.952828 -0.303509 0.342613 -0.939477 -1.879170 2.791896 -0.303509 -0.952828 -0.939477 0.342613 0.063968 25.587169 -0.278217 36.031803 200.000000 36.031803 0.005913 2.365229 -0.960518 -28.164902 200.000000 -28.164902 0.008208 3.283251 -0.948536 15.600835 200.000000 15.600835 0.067315 26.926059 0.316668 -12.095914 200.000000 -12.095914
 87.200000 -0.967996 -0.250964 0.268622 -0.963246 -1.824473 2.869630 -0.250964 -0.967996 -0.963246 0.268622 0.074274 29.709418 -0.278217 36.031803 200.000000 36.031803 0.005592 2.236959 -0.960518 -28.164902 200.000000 -28.164902 0.021636 8.654446 -0.948536 15.600835 200.000000 15.600835 0.230841 92.336585 0.316668 -12.095914 200.000000 -12.095914
 87.400000 -0.955574 -0.294750 0.344617 -0.938744 -1.869990 2.789762 -0.294750 -0.955574 -0.938744 0.344617 0.027333 10.933307 -0.278217 36.031803 200.000000 36.031803 0.002444 0.977640 -0.960518 -28.164902 200.000000 -28.164902 0.009590 3.836045 -0.948536 15.600835 200.000000 15.600835 0.078112 31.244931 0.316668 -12.095914 200.000000 -12.095914
 87.600000 -0.945239 -0.326378 0.356014 -0.934481 -1.903265 2.777594 -0.326378 -0.945239 -0.934481 0.356014 0.231943 92.777014 -0.278217 36.031803 200.000000 36.031803 0.023344 9.337588 -0.960518 -28.164902 200.000000 -28.164902 0.019756 7.902598 -0.948536 15.600835 200.000000 15.600835 0.154810 61.923991 0.316668 -12.095914 200.000000 -12.095914
 87.800000 -0.949444 -0.313937 0.255640 -0.966772 -1.890134 2.883083 -0.313937 -0.949444 -0.966772 0.255640 0.127591 51.036512 -0.278217 36.031803 200.000000 36.031803 0.012264 4.905714 -0.960518 -28.164902 200.000000 -28.164902 0.033254 13.301648 -0.948536 15.600835 200.000000 15.600835 0.372447 148.978624 0.316668 -12.095914 200.000000 -12.095914
 88.000000 -0.937804 -0.347166 0.311874 -0.950123 -1.925344 2.824428 -0.347166 -0.937804 -0.950123 0.311874 0.475389 190.155623 -0.278217 36.031803 200.000000 36.031803 0.051594 20.637742 -0.960518 -28.164902 200.000000 -28.164902 0.000252 0.100734 -0.948536 15.600835 200.000000 15.600835 0.002298 0.919181 0.316668 -12.095914 200.000000 -12.095914
 88.200000 -0.963631 -0.267236 0.339431 -0.940631 -1.841320 2.795281 -0.267236 -0.963631 -0.940631 0.339431 0.012060 4.823811 -0.278217 36.031803 200.000000 36.031803 0.000969 0.387639 -0.960518 -28.164902 200.000000 -28.164902 0.006250 2.499916 -0.948536 15.600835 200.000000 15.600835 0.051816 20.726560 0.316668 -12.095914 200.000000 -12.095914
 88.400000 -0.941574 -0.336806 0.322761 -0.946480 -1.914319 2.812947 -0.336806 -0.941574 -0.946480 0.322761 0.343263 137.305163 -0.278217 36.031803 200.000000 36.031803 0.035888 14.355135 -0.960518 -28.164902 200.000000 -28.164902 0.000423 0.169103 -0.948536 15.600835 200.000000 15.600835 0.003713 1.485223 0.316668 -12.095914 200.000000 -12.095914
 88.600000 -0.963258 -0.268578 0.276758 -0.960940 -1.842713 2.861174 -0.268578 -0.963258 -0.960940 0.276758 0.009291 3.716508 -0.278217 36.031803 200.000000 36.031803 0.000751 0.300245 -0.960518 -28.164902 200.000000 -28.164902 0.015384 6.153527 -0.948536 15.600835 200.000000 15.600835 0.159279 63.711691 0.316668 -12.095914 200.000000 -12.095914
 88.800000 -0.971058 -0.238845 0.255876 -0.966710 -1.811973 2.882839 -0.238845 -0.971058 -0.966710 0.255876 0.155017 62.006682 -0.278217 36.031803 200.000000 36.031803 0.011108 4.443258 -0.960518 -28.164902 200.000000 -28.164902 0.033027 13.210653 -0.948536 15.600835 200.000000 15.600835 0.369569 147.827799 0.316668 -12.095914 200.000000 -12.095914
 89.000000 -0.964552 -0.263892 0.318078 -0.948065 -1.837852 2.817891 -0.263892 -0.964552 -0.948065 0.318078 0.020521 8.208440 -0.278217 36.031803 200.000000 36.031803 0.001627 0.650941 -0.960518 -28.164902 200.000000 -28.164902 0.000022 0.008909 -0.948536 15.600835 200.000000 15.600835 0.000199 0.079537 0.316668 -12.095914 200.000000 -12.095914
 89.200000 -0.984879 -0.173246 0.363443 -0.931616 -1.744921 2.769632 -0.173246 -0.984879 -0.931616 0.363443 1.101897 440.758777 -0.278217 36.031803 200.000000 36.031803 0.059343 23.737239 -0.960518 -28.164902 200.000000 -28.164902 0.028629 11.451479 -0.948536 15.600835 200.000000 15.600835 0.218790 87.516167 0.316668 -12.095914 200.000000 -12.095914
 89.400000 -0.985716 -0.168418 0.340007 -0.940423 -1.740020 2.794668 -0.168418 -0.985716 -0.940423 0.340007 1.205602 482.240982 -0.278217 36.031803 200.000000 36.031803 0.063492 25.396833 -0.960518 -28.164902 200.000000 -28.164902 0.006583 2.633165 -0.948536 15.600835 200.000000 15.600835 0.054471 21.788253 0.316668 -12.095914 200.000000 -12.095914
 89.600000 -0.958896 -0.283759 0.264687 -0.964334 -1.858508 2.873714 -0.283759 -0.958896 -0.964334 0.264687 0.003071 1.228349 -0.278217 36.031803 200.000000 36.031803 0.000263 0.105298 -0.960518 -28.164902 200.000000 -28.164902 0.024958 9.983117 -0.948536 15.600835 200.000000 15.600835 0.270206 108.082462 0.316668 -12.095914 200.000000 -12.095914
 89.800000 -0.964297 -0.264825 0.387447 -0.921892 -1.838819 2.743732 -0.264825 -0.964297 -0.921892 0.387447 0.017936 7.174593 -0.278217 36.031803 200.000000 36.031803 0.001428 0.571066 -0.960518 -28.164902 200.000000 -28.164902 0.070993 28.397346 -0.948536 15.600835 200.000000 15.600835 0.500971 200.388294 0.316668 -12.095914 200.000000 -12.095914
 90.000000 -0.956567 -0.291513 0.383324 -0.923614 -1.866604 2.748200 -0.291513 -0.956567 -0.923614 0.383324 0.017676 7.070570 -0.278217 36.031803 200.000000 36.031803 0.001561 0.624468 -0.960518 -28.164902 200.000000 -28.164902 0.062114 24.845638 -0.948536 15.600835 200.000000 15.600835 0.444309 177.723468 0.316668 -12.095914 200.000000 -12.095914
 90.200000 -0.933455 -0.358694 0.320986 -0.947084 -1.937665 2.814822 -0.358694 -0.933455 -0.947084 0.320986 0.647651 259.060560 -0.278217 36.031803 200.000000 36.031803 0.073241 29.296256 -0.960518 -28.164902 200.000000 -28.164902 0.000211 0.084382 -0.948536 15.600835 200.000000 15.600835 0.001864 0.745732 0.316668 -12.095914 200.000000 -12.095914
 90.400000 -0.947739 -0.319046 0.246863 -0.969050 -1.895519 2.892151 -0.319046 -0.947739 -0.969050 0.246863 0.166700 66.679828 -0.278217 36.031803 200.000000 36.031803 0.016330 6.532103 -0.960518 -28.164902 200.000000 -28.164902 0.042082 16.832972 -0.948536 15.600835 200.000000 15.600835 0.487277 194.910672 0.316668 -12.095914 200.000000 -12.095914
 90.600000 -0.945306 -0.326184 0.407750 -0.913094 -1.903060 2.721604 -0.326184 -0.945306 -0.913094 0.407750 0.230079 92.031710 -0.278217 36.031803 200.000000 36.031803 0.023140 9.255988 -0.960518 -28.164902 200.000000 -28.164902 0.125619 50.247462 -0.948536 15.600835 200.000000 15.600835 0.829589 331.835453 0.316668 -12.095914 200.000000 -12.095914
 90.800000 -0.895926 -0.444203 0.315713 -0.948855 -2.031081 2.820385 -0.444203 -0.895926 -0.948855 0.315713 2.755130 1102.051938 -0.278217 36.031803 200.000000 36.031803 0.417214 166.885552 -0.960518 -28.164902 200.000000 -28.164902 0.000010 0.004054 -0.948536 15.600835 200.000000 15.600835 0.000091 0.036491 0.316668 -12.095914 200.000000 -12.095914
 91.000000 -0.926363 -0.376631 0.365088 -0.930973 -1.956953 2.767865 -0.376631 -0.926363 -0.930973 0.365088 0.968522 387.408940 -0.278217 36.031803 200.000000 36.031803 0.116655 46.661857 -0.960518 -28.164902 200.000000 -28.164902 0.030847 12.338883 -0.948536 15.600835 200.000000 15.600835 0.234448 93.779334 0.316668 -12.095914 200.000000 -12.095914
 91.200000 -0.965553 -0.260205 0.425886 -0.904777 -1.834031 2.701652 -0.260205 -0.965553 -0.904777 0.425886 0.032445 12.978142 -0.278217 36.031803 200.000000 36.031803 0.002535 1.014177 -0.960518 -28.164902 200.000000 -28.164902 0.191491 76.596484 -0.948536 15.600835 200.000000 15.600835 1.192862 477.144738 0.316668 -12.095914 200.000000 -12.095914
 91.400000 -0.911448 -0.411416 0.302359 -0.953194 -1.994803 2.834426 -0.411416 -0.911448 -0.953194 0.302359 1.774175 709.670087 -0.278217 36.031803 200.000000 36.031803 0.240789 96.315636 -0.960518 -28.164902 200.000000 -28.164902 0.002169 0.867716 -0.948536 15.600835 200.000000 15.600835 0.020474 8.189471 0.316668 -12.095914 200.000000 -12.095914
 91.600000 -0.955255 -0.295782 0.335383 -0.942082 -1.871071 2.799580 -0.295782 -0.955255 -0.942082 0.335383 0.030853 12.341200 -0.278217 36.031803 200.000000 36.031803 0.002770 1.107880 -0.960518 -28.164902 200.000000 -28.164902 0.004166 1.666536 -0.948536 15.600835 200.000000 15.600835 0.035027 14.010660 0.316668 -12.095914 200.000000 -12.095914
 91.800000 -0.957856 -0.287249 0.338331 -0.941027 -1.862150 2.796450 -0.287249 -0.957856 -0.941027 0.338331 0.008158 3.263105 -0.278217 36.031803 200.000000 36.031803 0.000709 0.283517 -0.960518 -28.164902 200.000000 -28.164902 0.005639 2.255610 -0.948536 15.600835 200.000000 15.600835 0.046929 18.771784 0.316668 -12.095914 200.000000 -12.095914
 92.000000 -0.958857 -0.283888 0.261706 -0.965148 -1.858643 2.876803 -0.283888 -0.958857 -0.965148 0.261706 0.003216 1.286222 -0.278217 36.031803 200.000000 36.031803 0.000276 0.110314 -0.960518 -28.164902 200.000000 -28.164902 0.027593 11.037267 -0.948536 15.600835 200.000000 15.600835 0.302082 120.832697 0.316668 -12.095914 200.000000 -12.095914
 92.200000 -0.950048 -0.312104 0.366282 -0.930504 -1.888203 2.766583 -0.312104 -0.950048 -0.930504 0.366282 0.114827 45.930744 -0.278217 36.031803 200.000000 36.031803 0.010962 4.384861 -0.960518 -28.164902 200.000000 -28.164902 0.032517 13.006772 -0.948536 15.600835 200.000000 15.600835 0.246153 98.461005 0.316668 -12.095914 200.000000 -12.095914
 92.400000 -0.966361 -0.257190 0.347993 -0.937497 -1.830910 2.786164 -0.257190 -0.966361 -0.937497 0.347993 0.044215 17.686121 -0.278217 36.031803 200.000000 36.031803 0.003414 1.365503 -0.960518 -28.164902 200.000000 -28.164902 0.012186 4.874541 -0.948536 15.600835 200.000000 15.600835 0.098123 39.249371 0.316668 -12.095914 200.000000 -12.095914
 92.600000 -0.953781 -0.300502 0.322316 -0.946632 -1.876015 2.813418 -0.300502 -0.953781 -0.946632 0.322316 0.049660 19.863903 -0.278217 36.031803 200.000000 36.031803 0.004539 1.815436 -0.960518 -28.164902 200.000000 -28.164902 0.000363 0.145039 -0.948536 15.600835 200.000000 15.600835 0.003190 1.275856 0.316668 -12.095914 200.000000 -12.095914
 92.800000 -0.967361 -0.253401 0.275503 -0.961300 -1.826990 2.862480 -0.253401 -0.967361 -0.961300 0.275503 0.061588 24.635148 -0.278217 36.031803 200.000000 36.031803 0.004683 1.873246 -0.960518 -28.164902 200.000000 -28.164902 0.016291 6.516510 -0.948536 15.600835 200.000000 15.600835 0.169454 67.781782 0.316668 -12.095914 200.000000 -12.095914
 93.000000 -0.976420 -0.215879 0.327823 -0.944739 -1.788388 2.807594 -0.215879 -0.976420 -0.944739 0.327823 0.388608 155.443399 -0.278217 36.031803 200.000000 36.031803 0.025287 10.114961 -0.960518 -28.164902 200.000000 -28.164902 0.001442 0.576822 -0.948536 15.600835 200.000000 15.600835 0.012444 4.977777 0.316668 -12.095914 200.000000 -12.095914
 93.200000 -0.949923 -0.312484 0.313180 -0.949694 -1.888603 2.823053 -0.312484 -0.949923 -0.949694 0.313180 0.117417 46.966957 -0.278217 36.031803 200.000000 36.031803 0.011225 4.490148 -0.960518 -28.164902 200.000000 -28.164902 0.000134 0.053585 -0.948536 15.600835 200.000000 15.600835 0.001217 0.486713 0.316668 -12.095914 200.000000 -12.095914
 93.400000 -0.953740 -0.300634 0.324178 -0.945996 -1.876154 2.811450 -0.300634 -0.953740 -0.945996 0.324178 0.050250 20.100080 -0.278217 36.031803 200.000000 36.031803 0.004595 1.837940 -0.960518 -28.164902 200.000000 -28.164902 0.000645 0.258111 -0.948536 15.600835 200.000000 15.600835 0.005640 2.255818 0.316668 -12.095914 200.000000 -12.095914
 93.600000 -0.963643 -0.267194 0.282249 -0.959341 -1.841276 2.855455 -0.267194 -0.963643 -0.959341 0.282249 0.012152 4.860909 -0.278217 36.031803 200.000000 36.031803 0.000976 0.390556 -0.960518 -28.164902 200.000000 -28.164902 0.011674 4.669582 -0.948536 15.600835 200.000000 15.600835 0.118464 47.385457 0.316668 -12.095914 200.000000 -12.095914
 93.800000 -0.956365 -0.292175 0.302781 -0.953060 -1.867296 2.833983 -0.292175 -0.956365 -0.953060 0.302781 0.019480 7.792034 -0.278217 36.031803 200.000000 36.031803 0.001725 0.689932 -0.960518 -28.164902 200.000000 -28.164902 0.002046 0.818522 -0.948536 15.600835 200.000000 15.600835 0.019284 7.713574 0.316668 -12.095914 200.000000 -12.095914
 94.000000 -0.957370 -0.288864 0.323971 -0.946067 -1.863837 2.811668 -0.288864 -0.957370 -0.946067 0.323971 0.011336 4.534247 -0.278217 36.031803 200.000000 36.031803 0.000991 0.396415 -0.960518 -28.164902 200.000000 -28.164902 0.000610 0.243957 -0.948536 15.600835 200.000000 15.600835 0.005334 2.133646 0.316668 -12.095914 200.000000 -12.095914
 94.200000 -0.946044 -0.324037 0.363782 -0.931484 -1.900790 2.769268 -0.324037 -0.946044 -0.931484 0.363782 0.209946 83.978486 -0.278217 36.031803 200.000000 36.031803 0.020949 8.379663 -0.960518 -28.164902 200.000000 -28.164902 0.029078 11.631028 -0.948536 15.600835 200.000000 15.600835 0.221969 88.787440 0.316668 -12.095914 200.000000 -12.095914
 94.400000 -0.934086 -0.357048 0.335211 -0.942143 -1.935902 2.799764 -0.357048 -0.934086 -0.942143 0.335211 0.621427 248.570862 -0.278217 36.031803 200.000000 36.031803 0.069866 27.946274 -0.960518 -28.164902 200.000000 -28.164902 0.004087 1.634925 -0.948536 15.600835 200.000000 15.600835 0.034383 13.753095 0.316668 -12.095914 200.000000 -12.095914
 94.600000 -0.967498 -0.252880 0.333943 -0.942593 -1.826452 2.801109 -0.252880 -0.967498 -0.942593 0.333943 0.064198 25.679219 -0.278217 36.031803 200.000000 36.031803 0.004871 1.948540 -0.960518 -28.164902 200.000000 -28.164902 0.003532 1.412831 -0.948536 15.600835 200.000000 15.600835 0.029842 11.936864 0.316668 -12.095914 200.000000 -12.095914
 94.800000 -0.945460 -0.325739 0.400196 -0.916430 -1.902589 2.729862 -0.325739 -0.945460 -0.916430 0.400196 0.225826 90.330489 -0.278217 36.031803 200.000000 36.031803 0.022675 9.070043 -0.960518 -28.164902 200.000000 -28.164902 0.103085 41.233852 -0.948536 15.600835 200.000000 15.600835 0.697690 279.075979 0.316668 -12.095914 200.000000 -12.095914
 95.000000 -0.950575 -0.310496 0.308914 -0.951090 -1.886511 2.827541 -0.310496 -0.950575 -0.951090 0.308914 0.104190 41.675959 -0.278217 36.031803 200.000000 36.031803 0.009887 3.954849 -0.960518 -28.164902 200.000000 -28.164902 0.000652 0.260808 -0.948536 15.600835 200.000000 15.600835 0.006012 2.404849 0.316668 -12.095914 200.000000 -12.095914
 95.200000 -0.952156 -0.305611 0.356014 -0.934481 -1.881377 2.777594 -0.305611 -0.952156 -0.934481 0.356014 0.075043 30.017017 -0.278217 36.031803 200.000000 36.031803 0.006992 2.796768 -0.960518 -28.164902 200.000000 -28.164902 0.019756 7.902564 -0.948536 15.600835 200.000000 15.600835 0.154809 61.923742 0.316668 -12.095914 200.000000 -12.095914
 95.400000 -0.957921 -0.287031 0.280875 -0.959744 -1.861922 2.856887 -0.287031 -0.957921 -0.959744 0.280875 0.007767 3.106982 -0.278217 36.031803 200.000000 36.031803 0.000674 0.269725 -0.960518 -28.164902 200.000000 -28.164902 0.012562 5.024640 -0.948536 15.600835 200.000000 15.600835 0.128112 51.244922 0.316668 -12.095914 200.000000 -12.095914
 95.600000 -0.949200 -0.314674 0.359865 -0.933004 -1.890910 2.773469 -0.314674 -0.949200 -0.933004 0.359865 0.132909 53.163775 -0.278217 36.031803 200.000000 36.031803 0.012811 5.124224 -0.960518 -28.164902 200.000000 -28.164902 0.024125 9.649847 -0.948536 15.600835 200.000000 15.600835 0.186599 74.639646 0.316668 -12.095914 200.000000 -12.095914
 95.800000 -0.961228 -0.275756 0.324706 -0.945815 -1.850173 2.810891 -0.275756 -0.961228 -0.945815 0.324706 0.000606 0.242268 -0.278217 36.031803 200.000000 36.031803 0.000050 0.020132 -0.960518 -28.164902 200.000000 -28.164902 0.000741 0.296271 -0.948536 15.600835 200.000000 15.600835 0.006461 2.584562 0.316668 -12.095914 200.000000 -12.095914
 96.000000 -0.963294 -0.268448 0.303186 -0.952931 -1.842578 2.833558 -0.268448 -0.963294 -0.952931 0.303186 0.009543 3.817352 -0.278217 36.031803 200.000000 36.031803 0.000771 0.308234 -0.960518 -28.164902 200.000000 -28.164902 0.001932 0.772631 -0.948536 15.600835 200.000000 15.600835 0.018177 7.270615 0.316668 -12.095914 200.000000 -12.095914
 96.200000 -0.955133 -0.296177 0.341204 -0.939989 -1.871483 2.793395 -0.296177 -0.955133 -0.939989 0.341204 0.032253 12.901223 -0.278217 36.031803 200.000000 36.031803 0.002900 1.159893 -0.960518 -28.164902 200.000000 -28.164902 0.007305 2.922195 -0.948536 15.600835 200.000000 15.600835 0.060202 24.080862 0.316668 -12.095914 200.000000 -12.095914
 96.400000 -0.972257 -0.233915 0.287940 -0.957648 -1.806899 2.849517 -0.233915 -0.972257 -0.957648 0.287940 0.196273 78.509191 -0.278217 36.031803 200.000000 36.031803 0.013780 5.512162 -0.960518 -28.164902 200.000000 -28.164902 0.008303 3.321093 -0.948536 15.600835 200.000000 15.600835 0.082528 33.011326 0.316668 -12.095914 200.000000 -12.095914
 96.600000 -0.938906 -0.344174 0.274344 -0.961632 -1.922155 2.863685 -0.344174 -0.938906 -0.961632 0.274344 0.435028 174.011332 -0.278217 36.031803 200.000000 36.031803 0.046709 18.683626 -0.960518 -28.164902 200.000000 -28.164902 0.017149 6.859423 -0.948536 15.600835 200.000000 15.600835 0.179134 71.653694 0.316668 -12.095914 200.000000 -12.095914
 96.800000 -0.963501 -0.267707 0.294419 -0.955677 -1.841808 2.842746 -0.267707 -0.963501 -0.955677 0.294419 0.011048 4.419204 -0.278217 36.031803 200.000000 36.031803 0.000889 0.355787 -0.960518 -28.164902 200.000000 -28.164902 0.005098 2.039260 -0.948536 15.600835 200.000000 15.600835 0.049504 19.801502 0.316668 -12.095914 200.000000 -12.095914
 97.000000 -0.951377 -0.308028 0.394925 -0.918713 -1.883916 2.735606 -0.308028 -0.951377 -0.918713 0.394925 0.088870 35.547838 -0.278217 36.031803 200.000000 36.031803 0.008356 3.342294 -0.960518 -28.164902 200.000000 -28.164902 0.088942 35.576995 -0.948536 15.600835 200.000000 15.600835 0.612421 244.968527 0.316668 -12.095914 200.000000 -12.095914
 97.200000 -0.963194 -0.268807 0.296727 -0.954962 -1.842951 2.840329 -0.268807 -0.963194 -0.954962 0.296727 0.008855 3.542130 -0.278217 36.031803 200.000000 36.031803 0.000716 0.286417 -0.960518 -28.164902 200.000000 -28.164902 0.004129 1.651625 -0.948536 15.600835 200.000000 15.600835 0.039763 15.905072 0.316668 -12.095914 200.000000 -12.095914
 97.400000 -0.965920 -0.258839 0.232470 -0.972603 -1.832617 2.906976 -0.258839 -0.965920 -0.972603 0.232470 0.037551 15.020392 -0.278217 36.031803 200.000000 36.031803 0.002918 1.167378 -0.960518 -28.164902 200.000000 -28.164902 0.057922 23.168847 -0.948536 15.600835 200.000000 15.600835 0.708922 283.568957 0.316668 -12.095914 200.000000 -12.095914
 97.600000 -0.964026 -0.265807 0.323741 -0.946146 -1.839837 2.811912 -0.265807 -0.964026 -0.946146 0.323741 0.015403 6.161068 -0.278217 36.031803 200.000000 36.031803 0.001231 0.492308 -0.960518 -28.164902 200.000000 -28.164902 0.000572 0.228603 -0.948536 15.600835 200.000000 15.600835 0.005002 2.000967 0.316668 -12.095914 200.000000 -12.095914
 97.800000 -0.947145 -0.320806 0.459948 -0.887946 -1.897376 2.663656 -0.320806 -0.947145 -0.887946 0.459948 0.181377 72.550738 -0.278217 36.031803 200.000000 36.031803 0.017884 7.153620 -0.960518 -28.164902 200.000000 -28.164902 0.367122 146.848714 -0.948536 15.600835 200.000000 15.600835 2.052915 821.166105 0.316668 -12.095914 200.000000 -12.095914
 98.000000 -0.921531 -0.388305 0.408423 -0.912793 -1.969587 2.720866 -0.388305 -0.921531 -0.912793 0.408423 1.211918 484.767051 -0.278217 36.031803 200.000000 36.031803 0.151999 60.799527 -0.960518 -28.164902 200.000000 -28.164902 0.127762 51.104889 -0.948536 15.600835 200.000000 15.600835 0.841905 336.762139 0.316668 -12.095914 200.000000 -12.095914
 98.200000 -0.948443 -0.316948 0.359297 -0.933223 -1.893306 2.774078 -0.316948 -0.948443 -0.933223 0.359297 0.150006 60.002488 -0.278217 36.031803 200.000000 36.031803 0.014581 5.832446 -0.960518 -28.164902 200.000000 -28.164902 0.023449 9.379637 -0.948536 15.600835 200.000000 15.600835 0.181721 72.688594 0.316668 -12.095914 200.000000 -12.095914
 98.400000 -0.956574 -0.291491 0.289903 -0.957056 -1.866581 2.847467 -0.291491 -0.956574 -0.957056 0.289903 0.017618 7.047061 -0.278217 36.031803 200.000000 36.031803 0.001556 0.622339 -0.960518 -28.164902 200.000000 -28.164902 0.007258 2.903280 -0.948536 15.600835 200.000000 15.600835 0.071635 28.653998 0.316668 -12.095914 200.000000 -12.095914
 98.600000 -0.935283 -0.353900 0.327561 -0.944830 -1.932534 2.807871 -0.353900 -0.935283 -0.944830 0.327561 0.572777 229.110950 -0.278217 36.031803 200.000000 36.031803 0.063679 25.471529 -0.960518 -28.164902 200.000000 -28.164902 0.001374 0.549544 -0.948536 15.600835 200.000000 15.600835 0.011867 4.746684 0.316668 -12.095914 200.000000 -12.095914
 98.800000 -0.906191 -0.422869 0.350501 -0.936562 -2.007405 2.783487 -0.422869 -0.906191 -0.936562 0.350501 2.092403 836.961333 -0.278217 36.031803 200.000000 36.031803 0.295145 118.057934 -0.960518 -28.164902 200.000000 -28.164902 0.014338 5.735158 -0.948536 15.600835 200.000000 15.600835 0.114467 45.786964 0.316668 -12.095914 200.000000 -12.095914
 99.000000 -0.963178 -0.268864 0.323153 -0.946347 -1.843010 2.812534 -0.268864 -0.963178 -0.946347 0.323153 0.008749 3.499505 -0.278217 36.031803 200.000000 36.031803 0.000708 0.283033 -0.960518 -28.164902 200.000000 -28.164902 0.000479 0.191766 -0.948536 15.600835 200.000000 15.600835 0.004205 1.681975 0.316668 -12.095914 200.000000 -12.095914
 99.200000 -0.974429 -0.224695 0.305371 -0.952234 -1.797427 2.831265 -0.224695 -0.974429 -0.952234 0.305371 0.286461 114.584349 -0.278217 36.031803 200.000000 36.031803 0.019351 7.740564 -0.960518 -28.164902 200.000000 -28.164902 0.001367 0.546743 -0.948536 15.600835 200.000000 15.600835 0.012763 5.105134 0.316668 -12.095914 200.000000 -12.095914
 99.400000 -0.968832 -0.247717 0.336300 -0.941755 -1.821120 2.798607 -0.247717 -0.968832 -0.941755 0.336300 0.093026 37.210551 -0.278217 36.031803 200.000000 36.031803 0.006913 2.765079 -0.960518 -28.164902 200.000000 -28.164902 0.004599 1.839619 -0.948536 15.600835 200.000000 15.600835 0.038543 15.417044 0.316668 -12.095914 200.000000 -12.095914
 99.600000 -0.950296 -0.311348 0.372761 -0.927927 -1.887408 2.759610 -0.311348 -0.950296 -0.927927 0.372761 0.109766 43.906423 -0.278217 36.031803 200.000000 36.031803 0.010450 4.179804 -0.960518 -28.164902 200.000000 -28.164902 0.042474 16.989449 -0.948536 15.600835 200.000000 15.600835 0.314645 125.857857 0.316668 -12.095914 200.000000 -12.095914
 99.800000 -0.943992 -0.329968 0.349354 -0.936991 -1.907066 2.784711 -0.329968 -0.943992 -0.936991 0.349354 0.267816 107.126255 -0.278217 36.031803 200.000000 36.031803 0.027311 10.924510 -0.960518 -28.164902 200.000000 -28.164902 0.013330 5.332097 -0.948536 15.600835 200.000000 15.600835 0.106838 42.735262 0.316668 -12.095914 200.000000 -12.095914
 100.000000 -0.967808 -0.251688 0.290126 -0.956988 -1.825220 2.847234 -0.251688 -0.967808 -0.956988 0.290126 0.070382 28.152774 -0.278217 36.031803 200.000000 36.031803 0.005315 2.125967 -0.960518 -28.164902 200.000000 -28.164902 0.007143 2.857371 -0.948536 15.600835 200.000000 15.600835 0.070445 28.178157 0.316668 -12.095914 200.000000 -12.095914
