#! FIELDS time sin_phi cos_phi sin_psi cos_psi phi psi cos_phi sin_phi cos_psi sin_psi restraint_phi_cos.bias restraint_phi_cos.force2 restraint_phi_cos.cos_phi_cntr restraint_phi_cos.cos_phi_work restraint_phi_cos.cos_phi_kappa restraint_phi_cos.work restraint_phi_sin.bias restraint_phi_sin.force2 restraint_phi_sin.sin_phi_cntr restraint_phi_sin.sin_phi_work restraint_phi_sin.sin_phi_kappa restraint_phi_sin.work restraint_psi_cos.bias restraint_psi_cos.force2 restraint_psi_cos.cos_psi_cntr restraint_psi_cos.cos_psi_work restraint_psi_cos.cos_psi_kappa restraint_psi_cos.work restraint_psi_sin.bias restraint_psi_sin.force2 restraint_psi_sin.sin_psi_cntr restraint_psi_sin.sin_psi_work restraint_psi_sin.sin_psi_kappa restraint_psi_sin.work
#! SET min_phi -pi
#! SET max_phi pi
#! SET min_psi -pi
#! SET max_psi pi
 0.000000 -0.999983 -0.005782 0.966116 0.258110 -1.576579 1.309731 -0.005782 -0.999983 0.258110 0.966116 0.000000 0.000000 1.000000 0.000000 0.000000 0.000000 0.000000 0.000000 0.000000 0.000000 0.000000 0.000000 0.000000 0.000000 1.000000 0.000000 0.000000 0.000000 0.000000 0.000000 0.000000 0.000000 0.000000 0.000000
 0.200000 -0.992318 0.123711 0.651177 0.758926 -1.446768 0.709134 0.123711 -0.992318 0.758926 0.651177 0.000000 0.000000 1.000000 0.000000 0.000000 0.000000 0.000000 0.000000 0.000000 0.000000 0.000000 0.000000 0.000000 0.000000 1.000000 0.000000 0.000000 0.000000 0.000000 0.000000 0.000000 0.000000 0.000000 0.000000
 0.400000 -0.961266 0.275622 0.530288 0.847817 -1.291559 0.558941 0.275622 -0.961266 0.847817 0.530288 0.000000 0.000000 1.000000 0.000000 0.000000 0.000000 0.000000 0.000000 0.000000 0.000000 0.000000 0.000000 0.000000 0.000000 1.000000 0.000000 0.000000 0.000000 0.000000 0.000000 0.000000 0.000000 0.000000 0.000000
 0.600000 -0.964668 0.263470 0.974191 0.225724 -1.304179 1.343111 0.263470 -0.964668 0.225724 0.974191 0.000000 0.000000 1.000000 0.000000 0.000000 0.000000 0.000000 0.000000 0.000000 0.000000 0.000000 0.000000 0.000000 0.000000 1.000000 0.000000 0.000000 0.000000 0.000000 0.000000 0.000000 0.000000 0.000000 0.000000
 0.800000 -0.999801 0.019934 0.982355 0.187025 -1.550861 1.382663 0.019934 -0.999801 0.187025 0.982355 0.000000 0.000000 1.000000 0.000000 0.000000 0.000000 0.000000 0.000000 0.000000 0.000000 0.000000 0.000000 0.000000 0.000000 1.000000 0.000000 0.000000 0.000000 0.000000 0.000000 0.000000 0.000000 0.000000 0.000000
 1.000000 -0.999595 0.028448 0.659832 0.751413 -1.542345 0.720595 0.028448 -0.999595 0.751413 0.659832 0.000000 0.000000 1.000000 0.000000 0.000000 0.000000 0.000000 0.000000 0.000000 0.000000 0.000000 0.000000 0.000000 0.000000 1.000000 0.000000 0.000000 0.000000 0.000000 0.000000 0.000000 0.000000 0.000000 0.000000
 1.200000 -0.523337 0.852126 -0.267996 0.963420 -0.550763 -0.271313 0.852126 -0.523337 0.963420 -0.267996 0.218668 8.746724 1.000000 4.924676 20.000000 4.924676 2.738818 109.552721 0.000000 7.202907 20.000000 7.202907 0.013381 0.535240 1.000000 0.201922 20.000000 0.201922 0.718220 28.728808 0.000000 1.668522 20.000000 1.668522
 1.400000 0.151769 0.988416 0.008803 0.999961 0.152358 0.008803 0.988416 0.151769 0.999961 0.008803 0.002684 0.214702 1.000000 4.977587 40.000000 4.977587 0.460675 36.854037 0.000000 8.361116 40.000000 8.361116 0.000000 0.000002 1.000000 0.226016 40.000000 0.226016 0.001550 0.123992 0.000000 2.416413 40.000000 2.416413
 1.600000 0.303346 0.952881 -0.214685 0.976683 0.308202 -0.216370 0.952881 0.303346 0.976683 -0.214685 0.066607 7.992877 1.000000 4.988918 60.000000 4.988918 2.760560 331.267251 0.000000 8.907892 60.000000 8.907892 0.016310 1.957213 1.000000 0.229927 60.000000 0.229927 1.382694 165.923319 0.000000 2.705398 60.000000 2.705398
 1.800000 -0.090985 0.995852 0.066053 0.997816 -0.091111 0.066101 0.995852 -0.090985 0.997816 0.066053 0.000688 0.110102 1.000000 4.992377 80.000000 4.992377 0.331127 52.980383 0.000000 9.205546 80.000000 9.205546 0.000191 0.030524 1.000000 0.230389 80.000000 0.230389 0.174520 27.923144 0.000000 2.779924 80.000000 2.779924
 2.000000 -0.266080 0.963951 0.072661 0.997357 -0.269324 0.072725 0.963951 -0.266080 0.997357 0.072661 0.064976 12.995266 1.000000 4.993496 100.000000 4.993496 3.539918 707.983673 0.000000 9.347121 100.000000 9.347121 0.000349 0.069869 1.000000 0.231416 100.000000 0.231416 0.263978 52.795693 0.000000 2.907307 100.000000 2.907307
 2.200000 -0.080140 0.996784 -0.154553 0.987984 -0.080226 -0.155175 0.996784 -0.080140 0.987984 -0.154553 0.000621 0.148970 1.000000 4.994917 120.000000 4.994917 0.385345 92.482909 0.000000 9.475784 120.000000 9.475784 0.008662 2.078966 1.000000 0.231836 120.000000 0.231836 1.433200 343.967953 0.000000 2.993694 120.000000 2.993694
 2.400000 0.044667 0.999002 -0.093595 0.995610 0.044682 -0.093732 0.999002 0.044667 0.995610 -0.093595 0.000070 0.019524 1.000000 4.998059 140.000000 4.998059 0.139660 39.104719 0.000000 9.672366 140.000000 9.672366 0.001349 0.377668 1.000000 0.232655 140.000000 0.232655 0.613198 171.695451 0.000000 3.117438 140.000000 3.117438
 2.600000 -0.113503 0.993538 0.000918 1.000000 -0.113748 0.000918 0.993538 -0.113503 1.000000 0.000918 0.003341 1.069103 1.000000 4.998217 160.000000 4.998217 1.030634 329.802753 0.000000 9.722387 160.000000 9.722387 0.000000 0.000000 1.000000 0.232813 160.000000 0.232813 0.000067 0.021563 0.000000 3.169724 160.000000 3.169724
 2.800000 -0.009796 0.999952 -0.037832 0.999284 -0.009797 -0.037841 0.999952 -0.009796 0.999284 -0.037832 0.000000 0.000075 1.000000 4.998378 180.000000 4.998378 0.008637 3.109428 0.000000 9.775342 180.000000 9.775342 0.000046 0.016606 1.000000 0.232985 180.000000 0.232985 0.128816 46.373937 0.000000 3.222536 180.000000 3.222536
 3.000000 0.072890 0.997340 -0.073600 0.997288 0.072954 -0.073666 0.997340 0.072890 0.997288 -0.073600 0.000708 0.283021 1.000000 4.998579 200.000000 4.998579 0.531289 212.515740 0.000000 9.831728 200.000000 9.831728 0.000736 0.294226 1.000000 0.233078 200.000000 0.233078 0.541691 216.676285 0.000000 3.259799 200.000000 3.259799
 3.200000 -0.079727 0.996817 0.036584 0.999331 -0.079812 0.036592 0.996817 -0.079727 0.999331 0.036584 0.448097 179.238760 0.929877 5.439269 200.000000 5.439269 0.098915 39.566135 -0.048276 9.832168 200.000000 9.832168 0.467638 187.055298 0.930946 0.690886 200.000000 0.690886 0.226896 90.758542 -0.011049 3.272560 200.000000 3.272560
 3.400000 -0.077199 0.997016 0.065246 0.997869 -0.077276 0.065292 0.997016 -0.077199 0.997869 0.065246 1.884095 753.638060 0.859753 6.763654 200.000000 6.763654 0.037457 14.982776 -0.096553 9.239129 200.000000 9.239129 1.848954 739.581460 0.861893 2.089374 200.000000 2.089374 0.762908 305.163153 -0.022099 3.243858 200.000000 3.243858
 3.600000 -0.103567 0.994622 0.036527 0.999333 -0.103753 0.036535 0.994622 -0.103567 0.999333 0.036527 4.202188 1680.875328 0.789630 9.103251 200.000000 9.103251 0.170253 68.101306 -0.144829 9.211994 200.000000 9.211994 4.263944 1705.577410 0.792839 4.421130 200.000000 4.421130 0.485465 194.186133 -0.033148 3.178039 200.000000 3.178039
 3.800000 -0.246171 0.969227 -0.079771 0.996813 -0.248727 -0.079856 0.969227 -0.246171 0.996813 -0.079771 6.235998 2494.399246 0.719507 12.027617 200.000000 12.027617 0.281590 112.635933 -0.193106 8.421236 200.000000 8.421236 7.454389 2981.755564 0.723786 7.688125 200.000000 7.688125 0.126547 50.618869 -0.044197 3.134709 200.000000 3.134709
 4.000000 -0.420419 0.907330 -0.096168 0.995365 -0.433907 -0.096317 0.907330 -0.420419 0.995365 -0.096168 6.653654 2661.461660 0.649383 15.405903 200.000000 15.405903 3.205421 1282.168241 -0.241382 6.909172 200.000000 6.909172 11.603060 4641.223824 0.654732 11.929634 200.000000 11.929634 0.167457 66.982935 -0.055247 3.098627 200.000000 3.098627
 4.200000 -0.470607 0.882343 -0.101897 0.994795 -0.489979 -0.102074 0.882343 -0.470607 0.994795 -0.101897 9.185917 3674.366913 0.579260 19.549169 200.000000 19.549169 3.274249 1309.699741 -0.289658 5.518939 200.000000 5.518939 16.737595 6695.037894 0.585679 17.089301 200.000000 17.089301 0.126740 50.695898 -0.066296 3.012361 200.000000 3.012361
 4.400000 -0.527633 0.849473 -0.131827 0.991273 -0.555811 -0.132212 0.849473 -0.527633 0.991273 -0.131827 11.582854 4633.141798 0.509137 23.316988 200.000000 23.316988 3.598531 1439.412510 -0.337935 2.990293 200.000000 2.990293 22.529007 9011.602698 0.516625 23.084148 200.000000 23.084148 0.296824 118.729749 -0.077345 2.823960 200.000000 2.823960
 4.600000 -0.664754 0.747062 -0.254437 0.967089 -0.727165 -0.257265 0.747062 -0.664754 0.967089 -0.254437 9.489395 3795.758053 0.439013 27.288735 200.000000 27.288735 7.758636 3103.454575 -0.386211 0.213935 200.000000 0.213935 26.989842 10795.936824 0.447572 29.913987 200.000000 29.913987 2.756996 1102.798281 -0.088395 2.653040 200.000000 2.653040
 4.800000 -0.779932 0.625864 -0.292970 0.956122 -0.894557 -0.297332 0.625864 -0.779932 0.956122 -0.292970 6.603572 2641.428688 0.368890 30.888755 200.000000 30.888755 11.933197 4773.278986 -0.434487 -3.036588 200.000000 -3.036588 33.362537 13345.014711 0.378518 37.765233 200.000000 37.765233 3.745240 1498.096191 -0.099444 2.513949 200.000000 2.513949
 5.000000 -0.869449 0.494022 -0.153940 0.988080 -1.054086 -0.154555 0.494022 -0.869449 0.988080 -0.153940 3.812471 1524.988403 0.298767 34.037255 200.000000 34.037255 14.952566 5981.026241 -0.482764 -6.589952 200.000000 -6.589952 46.051863 18420.745297 0.309465 45.982055 200.000000 45.982055 0.188764 75.505611 -0.110493 2.070635 200.000000 2.070635
 5.200000 -0.915557 0.402187 -0.380709 0.924695 -1.156892 -0.390563 0.402187 -0.915557 0.924695 -0.380709 3.011739 1204.695682 0.228643 36.887732 200.000000 36.887732 14.785360 5914.144097 -0.531040 -10.210170 200.000000 -10.210170 46.824389 18729.755677 0.240411 55.128228 200.000000 55.128228 6.716716 2686.686331 -0.121543 1.601964 200.000000 1.601964
 5.400000 -0.913775 0.406220 -0.463243 0.886231 -1.152483 -0.481651 0.406220 -0.913775 0.886231 -0.463243 6.135501 2454.200309 0.158520 38.216307 200.000000 38.216307 11.186281 4474.512399 -0.579317 -14.018154 200.000000 -14.018154 51.104377 20441.750935 0.171358 64.615579 200.000000 64.615579 10.933022 4373.208613 -0.132592 0.896791 200.000000 0.896791
 5.600000 -0.994427 0.105429 -0.677198 0.735801 -1.465171 -0.743948 0.105429 -0.994427 0.735801 -0.677198 0.029010 11.603984 0.088397 39.798643 200.000000 39.798643 13.456714 5382.685516 -0.627593 -17.556742 200.000000 -17.556742 40.131746 16052.698488 0.102304 74.636290 200.000000 74.636290 28.468286 11387.314521 -0.143641 0.101097 200.000000 0.101097
 5.800000 -0.999948 -0.010238 -0.928512 0.371301 -1.581034 -1.190386 -0.010238 -0.999948 0.371301 -0.928512 0.081289 32.515587 0.018274 39.924290 200.000000 39.924290 10.502677 4201.070834 -0.675869 -20.887781 200.000000 -20.887781 11.427816 4571.126242 0.033251 80.058212 200.000000 80.058212 59.879987 23951.994786 -0.154691 -1.518915 200.000000 -1.518915
 6.000000 -0.989937 -0.141508 -0.993609 -0.112878 -1.712780 -1.683916 -0.141508 -0.989937 -0.112878 -0.993609 0.803851 321.540283 -0.051850 39.931458 200.000000 39.931458 7.064515 2825.806020 -0.724146 -23.760994 200.000000 -23.760994 0.594068 237.627083 -0.035803 82.883970 200.000000 82.883970 68.536652 27414.660799 -0.165740 -3.302697 200.000000 -3.302697
 6.200000 -0.971896 -0.235412 -0.723119 -0.690723 -1.808438 -2.333285 -0.235412 -0.971896 -0.690723 -0.723119 1.286831 514.732243 -0.121973 38.984551 200.000000 38.984551 3.978978 1591.591039 -0.772422 -26.054832 200.000000 -26.054832 34.324008 13729.603344 -0.104856 78.021873 200.000000 78.021873 29.847631 11939.052559 -0.176789 -4.863160 200.000000 -4.863160
 6.400000 -0.970658 -0.240465 -0.716962 -0.697112 -1.813641 -2.342158 -0.240465 -0.970658 -0.697112 -0.716962 0.233948 93.579399 -0.192096 38.053393 200.000000 38.053393 2.248786 899.514297 -0.820698 -27.764970 200.000000 -27.764970 27.374105 10949.641816 -0.173910 70.328309 200.000000 70.328309 27.997123 11198.849136 -0.187839 -6.031686 200.000000 -6.031686
 6.600000 -0.959086 -0.283116 -0.520951 -0.853586 -1.857838 -2.593627 -0.283116 -0.959086 -0.853586 -0.520951 0.043665 17.466184 -0.262220 37.476597 200.000000 37.476597 0.811998 324.799070 -0.868975 -28.878550 200.000000 -28.878550 37.286064 14914.425523 -0.242963 62.167269 200.000000 62.167269 10.372473 4148.989161 -0.198888 -6.908702 200.000000 -6.908702
 6.800000 -0.943250 -0.332083 -0.567796 -0.823170 -1.909308 -2.537767 -0.332083 -0.943250 -0.823170 -0.567796 0.000007 0.002700 -0.332343 36.925964 200.000000 36.925964 0.067595 27.037835 -0.917251 -29.338203 200.000000 -29.338203 26.127722 10451.088997 -0.312017 54.510278 200.000000 54.510278 12.806246 5122.498537 -0.209938 -7.651416 200.000000 -7.651416
 7.000000 -0.954416 -0.298479 -0.531121 -0.847296 -1.873894 -2.581670 -0.298479 -0.954416 -0.847296 -0.531121 0.341146 136.458440 -0.356886 36.826908 200.000000 36.826908 0.041081 16.432476 -0.934148 -29.353406 200.000000 -29.353406 21.736663 8694.665081 -0.381070 46.752656 200.000000 46.752656 9.618303 3847.321337 -0.220987 -8.061873 200.000000 -8.061873
 7.200000 -0.937447 -0.348127 -0.347771 -0.937580 -1.926369 -2.786400 -0.348127 -0.937447 -0.937580 -0.347771 0.007672 3.068680 -0.356886 36.826908 200.000000 36.826908 0.001089 0.435434 -0.934148 -29.353406 200.000000 -29.353406 23.761331 9504.532453 -0.450124 40.258540 200.000000 40.258540 1.339444 535.777787 -0.232036 -8.575926 200.000000 -8.575926
 7.400000 -0.935199 -0.354123 -0.514965 -0.857211 -1.932772 -2.600626 -0.354123 -0.935199 -0.857211 -0.514965 0.000764 0.305497 -0.356886 36.826908 200.000000 36.826908 0.000110 0.044195 -0.934148 -29.353406 200.000000 -29.353406 11.426703 4570.681176 -0.519177 34.181164 200.000000 34.181164 7.391837 2956.734704 -0.243086 -8.872027 200.000000 -8.872027
 7.600000 -0.882106 -0.471050 -0.325245 -0.945630 -2.061277 -2.810322 -0.471050 -0.882106 -0.945630 -0.325245 1.303345 521.337908 -0.356886 36.826908 200.000000 36.826908 0.270832 108.332853 -0.934148 -29.353406 200.000000 -29.353406 12.773407 5109.362665 -0.588231 28.887920 200.000000 28.887920 0.505666 202.266392 -0.254135 -9.071840 200.000000 -9.071840
 7.800000 -0.944744 -0.327810 -0.280906 -0.959735 -1.904781 -2.856855 -0.327810 -0.944744 -0.959735 -0.280906 0.084543 33.817052 -0.356886 36.826908 200.000000 36.826908 0.011227 4.490846 -0.934148 -29.353406 200.000000 -29.353406 9.147670 3659.067929 -0.657284 24.677619 200.000000 24.677619 0.024716 9.886530 -0.265184 -9.316172 200.000000 -9.316172
 8.000000 -0.873326 -0.487136 -0.392160 -0.919897 -2.079604 -2.738614 -0.487136 -0.873326 -0.919897 -0.392160 1.696505 678.602120 -0.356886 36.826908 200.000000 36.826908 0.369930 147.971850 -0.934148 -29.353406 200.000000 -29.353406 3.746524 1498.609425 -0.726338 21.176063 200.000000 21.176063 1.343888 537.555110 -0.276234 -9.406786 200.000000 -9.406786
 8.200000 -0.926630 -0.375975 -0.319531 -0.947576 -1.956245 -2.816359 -0.375975 -0.926630 -0.947576 -0.319531 0.036438 14.575396 -0.356886 36.826908 200.000000 36.826908 0.005652 2.260867 -0.934148 -29.353406 200.000000 -29.353406 2.316019 926.407485 -0.795391 18.483895 200.000000 18.483895 0.103991 41.596431 -0.287283 -9.406610 200.000000 -9.406610
 8.400000 -0.904765 -0.425911 -0.241383 -0.970430 -2.010765 -2.897802 -0.425911 -0.904765 -0.970430 -0.241383 0.476447 190.578942 -0.356886 36.826908 200.000000 36.826908 0.086336 34.534379 -0.934148 -29.353406 200.000000 -29.353406 1.123284 449.313569 -0.864445 16.797249 200.000000 16.797249 0.324318 129.727377 -0.298332 -9.431796 200.000000 -9.431796
 8.600000 -0.925921 -0.377717 -0.254047 -0.967192 -1.958126 -2.884730 -0.377717 -0.925921 -0.967192 -0.254047 0.043393 17.357148 -0.356886 36.826908 200.000000 36.826908 0.006768 2.707236 -0.934148 -29.353406 200.000000 -29.353406 0.113525 45.410154 -0.933498 16.064054 200.000000 16.064054 0.306189 122.475540 -0.309382 -9.421379 200.000000 -9.421379
 8.800000 -0.935180 -0.354174 -0.275284 -0.961363 -1.932827 -2.862707 -0.354174 -0.935180 -0.961363 -0.275284 0.000736 0.294306 -0.356886 36.826908 200.000000 36.826908 0.000106 0.042584 -0.934148 -29.353406 200.000000 -29.353406 0.012750 5.100096 -0.950071 15.986109 200.000000 15.986109 0.135049 54.019483 -0.312033 -9.393723 200.000000 -9.393723
 9.000000 -0.957682 -0.287828 -0.279368 -0.960184 -1.862754 -2.858457 -0.287828 -0.957682 -0.960184 -0.279368 0.476908 190.763197 -0.356886 36.826908 200.000000 36.826908 0.055387 22.154627 -0.934148 -29.353406 200.000000 -29.353406 0.010227 4.090958 -0.950071 15.986109 200.000000 15.986109 0.106705 42.681871 -0.312033 -9.393723 200.000000 -9.393723
 9.200000 -0.928440 -0.371484 -0.197938 -0.980215 -1.951403 -2.942339 -0.371484 -0.928440 -0.980215 -0.197938 0.021308 8.523282 -0.356886 36.826908 200.000000 36.826908 0.003258 1.303399 -0.934148 -29.353406 200.000000 -29.353406 0.090863 36.345195 -0.950071 15.986109 200.000000 15.986109 1.301784 520.713715 -0.312033 -9.393723 200.000000 -9.393723
 9.400000 -0.928673 -0.370900 -0.279541 -0.960134 -1.950775 -2.858277 -0.370900 -0.928673 -0.960134 -0.279541 0.019639 7.855746 -0.356886 36.826908 200.000000 36.826908 0.002998 1.199094 -0.934148 -29.353406 200.000000 -29.353406 0.010126 4.050337 -0.950071 15.986109 200.000000 15.986109 0.105578 42.231133 -0.312033 -9.393723 200.000000 -9.393723
 9.600000 -0.962606 -0.270905 -0.203884 -0.978995 -1.845129 -2.936269 -0.270905 -0.962606 -0.978995 -0.203884 0.739279 295.711432 -0.356886 36.826908 200.000000 36.826908 0.080987 32.394887 -0.934148 -29.353406 200.000000 -29.353406 0.083659 33.463760 -0.950071 15.986109 200.000000 15.986109 1.169630 467.852060 -0.312033 -9.393723 200.000000 -9.393723
 9.800000 -0.953697 -0.300769 -0.263477 -0.964666 -1.876296 -2.874968 -0.300769 -0.953697 -0.964666 -0.263477 0.314909 125.963498 -0.356886 36.826908 200.000000 36.826908 0.038216 15.286546 -0.934148 -29.353406 200.000000 -29.353406 0.021300 8.520047 -0.950071 15.986109 200.000000 15.986109 0.235773 94.309125 -0.312033 -9.393723 200.000000 -9.393723
 10.000000 -0.921732 -0.387827 -0.297903 -0.954596 -1.969069 -2.839097 -0.387827 -0.921732 -0.954596 -0.297903 0.095734 38.293488 -0.356886 36.826908 200.000000 36.826908 0.015415 6.165998 -0.934148 -29.353406 200.000000 -29.353406 0.002047 0.818980 -0.950071 15.986109 200.000000 15.986109 0.019966 7.986221 -0.312033 -9.393723 200.000000 -9.393723
 10.200000 -0.928506 -0.371317 -0.225715 -0.974193 -1.951223 -2.913916 -0.371317 -0.928506 -0.974193 -0.225715 0.020825 8.330003 -0.356886 36.826908 200.000000 36.826908 0.003183 1.273169 -0.934148 -29.353406 200.000000 -29.353406 0.058188 23.275365 -0.950071 15.986109 200.000000 15.986109 0.745088 298.035374 -0.312033 -9.393723 200.000000 -9.393723
 10.400000 -0.944763 -0.327754 -0.184168 -0.982895 -1.904721 -2.956368 -0.327754 -0.944763 -0.982895 -0.184168 0.084870 33.948188 -0.356886 36.826908 200.000000 36.826908 0.011269 4.507426 -0.934148 -29.353406 200.000000 -29.353406 0.107740 43.095852 -0.950071 15.986109 200.000000 15.986109 1.634965 653.985821 -0.312033 -9.393723 200.000000 -9.393723
 10.600000 -0.904141 -0.427235 -0.349992 -0.936753 -2.012228 -2.784030 -0.427235 -0.904141 -0.936753 -0.349992 0.494889 197.955781 -0.356886 36.826908 200.000000 36.826908 0.090042 36.016934 -0.934148 -29.353406 200.000000 -29.353406 0.017738 7.095222 -0.950071 15.986109 200.000000 15.986109 0.144085 57.634075 -0.312033 -9.393723 200.000000 -9.393723
 10.800000 -0.895343 -0.445378 -0.261183 -0.965289 -2.032393 -2.877345 -0.445378 -0.895343 -0.965289 -0.261183 0.783077 313.230986 -0.356886 36.826908 200.000000 36.826908 0.150584 60.233639 -0.934148 -29.353406 200.000000 -29.353406 0.023159 9.263565 -0.950071 15.986109 200.000000 15.986109 0.258572 103.428701 -0.312033 -9.393723 200.000000 -9.393723
 11.000000 -0.921029 -0.389494 -0.327109 -0.944987 -1.970879 -2.808350 -0.389494 -0.921029 -0.944987 -0.327109 0.106329 42.531748 -0.356886 36.826908 200.000000 36.826908 0.017211 6.884357 -0.934148 -29.353406 200.000000 -29.353406 0.002585 1.034089 -0.950071 15.986109 200.000000 15.986109 0.022727 9.090916 -0.312033 -9.393723 200.000000 -9.393723
 11.200000 -0.881621 -0.471958 -0.278883 -0.960325 -2.062307 -2.858962 -0.471958 -0.881621 -0.960325 -0.278883 1.324158 529.663318 -0.356886 36.826908 200.000000 36.826908 0.275908 110.363374 -0.934148 -29.353406 200.000000 -29.353406 0.010514 4.205767 -0.950071 15.986109 200.000000 15.986109 0.109896 43.958214 -0.312033 -9.393723 200.000000 -9.393723
 11.400000 -0.905047 -0.425311 -0.292676 -0.956212 -2.010102 -2.844569 -0.425311 -0.905047 -0.956212 -0.292676 0.468200 187.280031 -0.356886 36.826908 200.000000 36.826908 0.084685 33.874187 -0.934148 -29.353406 200.000000 -29.353406 0.003771 1.508291 -0.950071 15.986109 200.000000 15.986109 0.037472 14.988795 -0.312033 -9.393723 200.000000 -9.393723
 11.600000 -0.928779 -0.370634 -0.313538 -0.949575 -1.950488 -2.822676 -0.370634 -0.928779 -0.949575 -0.313538 0.018900 7.559956 -0.356886 36.826908 200.000000 36.826908 0.002882 1.152969 -0.934148 -29.353406 200.000000 -29.353406 0.000025 0.009826 -0.950071 15.986109 200.000000 15.986109 0.000227 0.090605 -0.312033 -9.393723 200.000000 -9.393723
 11.800000 -0.938553 -0.345136 -0.238447 -0.971156 -1.923180 -2.900827 -0.345136 -0.938553 -0.971156 -0.238447 0.013807 5.522671 -0.356886 36.826908 200.000000 36.826908 0.001940 0.776094 -0.934148 -29.353406 200.000000 -29.353406 0.044456 17.782243 -0.950071 15.986109 200.000000 15.986109 0.541503 216.601102 -0.312033 -9.393723 200.000000 -9.393723
 12.000000 -0.929794 -0.368081 -0.287252 -0.957855 -1.947740 -2.850236 -0.368081 -0.929794 -0.957855 -0.287252 0.012532 5.012783 -0.356886 36.826908 200.000000 36.826908 0.001896 0.758317 -0.934148 -29.353406 200.000000 -29.353406 0.006059 2.423589 -0.950071 15.986109 200.000000 15.986109 0.061412 24.564883 -0.312033 -9.393723 200.000000 -9.393723
 12.200000 -0.912576 -0.408907 -0.243734 -0.969842 -1.992053 -2.895379 -0.408907 -0.912576 -0.969842 -0.243734 0.270618 108.247375 -0.356886 36.826908 200.000000 36.826908 0.046535 18.613873 -0.934148 -29.353406 200.000000 -29.353406 0.039089 15.635789 -0.950071 15.986109 200.000000 15.986109 0.466484 186.593779 -0.312033 -9.393723 200.000000 -9.393723
 12.400000 -0.917841 -0.396948 -0.277978 -0.960587 -1.978986 -2.859904 -0.396948 -0.917841 -0.960587 -0.277978 0.160497 64.198972 -0.356886 36.826908 200.000000 36.826908 0.026592 10.636616 -0.934148 -29.353406 200.000000 -29.353406 0.011059 4.423731 -0.950071 15.986109 200.000000 15.986109 0.115978 46.391034 -0.312033 -9.393723 200.000000 -9.393723
 12.600000 -0.931940 -0.362611 -0.246175 -0.969225 -1.941865 -2.892861 -0.362611 -0.931940 -0.969225 -0.246175 0.003278 1.311036 -0.356886 36.826908 200.000000 36.826908 0.000487 0.194899 -0.934148 -29.353406 200.000000 -29.353406 0.036689 14.675574 -0.950071 15.986109 200.000000 15.986109 0.433737 173.494999 -0.312033 -9.393723 200.000000 -9.393723
 12.800000 -0.947539 -0.319640 -0.280073 -0.959979 -1.896145 -2.857723 -0.319640 -0.947539 -0.959979 -0.280073 0.138731 55.492294 -0.356886 36.826908 200.000000 36.826908 0.017933 7.173097 -0.934148 -29.353406 200.000000 -29.353406 0.009816 3.926474 -0.950071 15.986109 200.000000 15.986109 0.102149 40.859498 -0.312033 -9.393723 200.000000 -9.393723
 13.000000 -0.953140 -0.302528 -0.352734 -0.935724 -1.878141 -2.781102 -0.302528 -0.953140 -0.935724 -0.352734 0.295477 118.190676 -0.356886 36.826908 200.000000 36.826908 0.036071 14.428593 -0.934148 -29.353406 200.000000 -29.353406 0.020585 8.233823 -0.950071 15.986109 200.000000 15.986109 0.165650 66.260010 -0.312033 -9.393723 200.000000 -9.393723
 13.200000 -0.949043 -0.315148 -0.231552 -0.972822 -1.891409 -2.907920 -0.315148 -0.949043 -0.972822 -0.231552 0.174209 69.683546 -0.356886 36.826908 200.000000 36.826908 0.022185 8.874102 -0.934148 -29.353406 200.000000 -29.353406 0.051762 20.704899 -0.950071 15.986109 200.000000 15.986109 0.647720 259.088026 -0.312033 -9.393723 200.000000 -9.393723
 13.400000 -0.948889 -0.315609 -0.294162 -0.955755 -1.891895 -2.843014 -0.315609 -0.948889 -0.955755 -0.294162 0.170378 68.151257 -0.356886 36.826908 200.000000 36.826908 0.021731 8.692305 -0.934148 -29.353406 200.000000 -29.353406 0.003231 1.292486 -0.950071 15.986109 200.000000 15.986109 0.031938 12.775181 -0.312033 -9.393723 200.000000 -9.393723
 13.600000 -0.892393 -0.451259 -0.317614 -0.948220 -2.038972 -2.818381 -0.451259 -0.892393 -0.948220 -0.317614 0.890631 356.252326 -0.356886 36.826908 200.000000 36.826908 0.174349 69.739421 -0.934148 -29.353406 200.000000 -29.353406 0.000343 0.137036 -0.950071 15.986109 200.000000 15.986109 0.003114 1.245565 -0.312033 -9.393723 200.000000 -9.393723
 13.800000 -0.917238 -0.398340 -0.228149 -0.973626 -1.980502 -2.911417 -0.398340 -0.917238 -0.973626 -0.228149 0.171838 68.735247 -0.356886 36.826908 200.000000 36.826908 0.028594 11.437714 -0.934148 -29.353406 200.000000 -29.353406 0.055485 22.193879 -0.950071 15.986109 200.000000 15.986109 0.703666 281.466271 -0.312033 -9.393723 200.000000 -9.393723
 14.000000 -0.935470 -0.353406 -0.325530 -0.945532 -1.932006 -2.810020 -0.353406 -0.935470 -0.945532 -0.325530 0.001211 0.484360 -0.356886 36.826908 200.000000 36.826908 0.000175 0.069910 -0.934148 -29.353406 200.000000 -29.353406 0.002061 0.824298 -0.950071 15.986109 200.000000 15.986109 0.018217 7.286707 -0.312033 -9.393723 200.000000 -9.393723
 14.200000 -0.931762 -0.363069 -0.361333 -0.932437 -1.942356 -2.771895 -0.363069 -0.931762 -0.932437 -0.361333 0.003823 1.529207 -0.356886 36.826908 200.000000 36.826908 0.000569 0.227665 -0.934148 -29.353406 200.000000 -29.353406 0.031097 12.438869 -0.950071 15.986109 200.000000 15.986109 0.243048 97.219003 -0.312033 -9.393723 200.000000 -9.393723
 14.400000 -0.946578 -0.322476 -0.275179 -0.961393 -1.899140 -2.862817 -0.322476 -0.946578 -0.961393 -0.275179 0.118408 47.363051 -0.356886 36.826908 200.000000 36.826908 0.015450 6.180041 -0.934148 -29.353406 200.000000 -29.353406 0.012819 5.127462 -0.950071 15.986109 200.000000 15.986109 0.135827 54.330613 -0.312033 -9.393723 200.000000 -9.393723
 14.600000 -0.922940 -0.384944 -0.276656 -0.960969 -1.965944 -2.861280 -0.384944 -0.922940 -0.960969 -0.276656 0.078724 31.489679 -0.356886 36.826908 200.000000 36.826908 0.012562 5.024727 -0.934148 -29.353406 200.000000 -29.353406 0.011876 4.750498 -0.950071 15.986109 200.000000 15.986109 0.125154 50.061724 -0.312033 -9.393723 200.000000 -9.393723
 14.800000 -0.909565 -0.415562 -0.295174 -0.955444 -1.999357 -2.841956 -0.415562 -0.909565 -0.955444 -0.295174 0.344286 137.714533 -0.356886 36.826908 200.000000 36.826908 0.060433 24.173093 -0.934148 -29.353406 200.000000 -29.353406 0.002886 1.154572 -0.950071 15.986109 200.000000 15.986109 0.028426 11.370310 -0.312033 -9.393723 200.000000 -9.393723
 15.000000 -0.900734 -0.434370 -0.338543 -0.940951 -2.020135 -2.796224 -0.434370 -0.900734 -0.940951 -0.338543 0.600378 240.151098 -0.356886 36.826908 200.000000 36.826908 0.111646 44.658357 -0.934148 -29.353406 200.000000 -29.353406 0.008318 3.327174 -0.950071 15.986109 200.000000 15.986109 0.070277 28.110699 -0.312033 -9.393723 200.000000 -9.393723
 15.200000 -0.936466 -0.350758 -0.259377 -0.965776 -1.929177 -2.879216 -0.350758 -0.936466 -0.965776 -0.259377 0.003755 1.502169 -0.356886 36.826908 200.000000 36.826908 0.000537 0.214971 -0.934148 -29.353406 200.000000 -29.353406 0.024665 9.866048 -0.950071 15.986109 200.000000 15.986109 0.277274 110.909636 -0.312033 -9.393723 200.000000 -9.393723
 15.400000 -0.915606 -0.402077 -0.290519 -0.956869 -1.984580 -2.846824 -0.402077 -0.915606 -0.956869 -0.290519 0.204219 81.687709 -0.356886 36.826908 200.000000 36.826908 0.034380 13.752136 -0.934148 -29.353406 200.000000 -29.353406 0.004621 1.848586 -0.950071 15.986109 200.000000 15.986109 0.046288 18.515022 -0.312033 -9.393723 200.000000 -9.393723
 15.600000 -0.941743 -0.336332 -0.369124 -0.929380 -1.913816 -2.763527 -0.336332 -0.941743 -0.929380 -0.369124 0.042246 16.898458 -0.356886 36.826908 200.000000 36.826908 0.005769 2.307662 -0.934148 -29.353406 200.000000 -29.353406 0.042811 17.124322 -0.950071 15.986109 200.000000 15.986109 0.325928 130.371062 -0.312033 -9.393723 200.000000 -9.393723
 15.800000 -0.941294 -0.337589 -0.230601 -0.973048 -1.915150 -2.908897 -0.337589 -0.941294 -0.973048 -0.230601 0.037240 14.895900 -0.356886 36.826908 200.000000 36.826908 0.005106 2.042550 -0.934148 -29.353406 200.000000 -29.353406 0.052795 21.118132 -0.950071 15.986109 200.000000 15.986109 0.663121 265.248558 -0.312033 -9.393723 200.000000 -9.393723
 16.000000 -0.925562 -0.378596 -0.244011 -0.969772 -1.959076 -2.895093 -0.378596 -0.925562 -0.969772 -0.244011 0.047133 18.853076 -0.356886 36.826908 200.000000 36.826908 0.007372 2.948741 -0.934148 -29.353406 200.000000 -29.353406 0.038814 15.525568 -0.950071 15.986109 200.000000 15.986109 0.462700 185.080018 -0.312033 -9.393723 200.000000 -9.393723
 16.200000 -0.906666 -0.421849 -0.299812 -0.953998 -2.006280 -2.837097 -0.421849 -0.906666 -0.953998 -0.299812 0.422011 168.804291 -0.356886 36.826908 200.000000 36.826908 0.075524 30.209445 -0.934148 -29.353406 200.000000 -29.353406 0.001542 0.616929 -0.950071 15.986109 200.000000 15.986109 0.014937 5.974723 -0.312033 -9.393723 200.000000 -9.393723
 16.400000 -0.899444 -0.437036 -0.343023 -0.939327 -2.023097 -2.791460 -0.437036 -0.899444 -0.939327 -0.343023 0.642403 256.961048 -0.356886 36.826908 200.000000 36.826908 0.120437 48.174607 -0.934148 -29.353406 200.000000 -29.353406 0.011543 4.617345 -0.950071 15.986109 200.000000 15.986109 0.096033 38.413361 -0.312033 -9.393723 200.000000 -9.393723
 16.600000 -0.945099 -0.326786 -0.224214 -0.974540 -1.903697 -2.915456 -0.326786 -0.945099 -0.974540 -0.224214 0.090605 36.241913 -0.356886 36.826908 200.000000 36.826908 0.011992 4.796661 -0.934148 -29.353406 200.000000 -29.353406 0.059872 23.948976 -0.950071 15.986109 200.000000 15.986109 0.771228 308.491107 -0.312033 -9.393723 200.000000 -9.393723
 16.800000 -0.917479 -0.397783 -0.254355 -0.967111 -1.979896 -2.884412 -0.397783 -0.917479 -0.967111 -0.254355 0.167259 66.903493 -0.356886 36.826908 200.000000 36.826908 0.027784 11.113620 -0.934148 -29.353406 200.000000 -29.353406 0.029035 11.614092 -0.950071 15.986109 200.000000 15.986109 0.332677 133.070779 -0.312033 -9.393723 200.000000 -9.393723
 17.000000 -0.912236 -0.409665 -0.326386 -0.945237 -1.992883 -2.809115 -0.409665 -0.912236 -0.945237 -0.326386 0.278561 111.424564 -0.356886 36.826908 200.000000 36.826908 0.048013 19.205229 -0.934148 -29.353406 200.000000 -29.353406 0.002337 0.934937 -0.950071 15.986109 200.000000 15.986109 0.020600 8.240039 -0.312033 -9.393723 200.000000 -9.393723
 17.200000 -0.920830 -0.389964 -0.298092 -0.954537 -1.971389 -2.838899 -0.389964 -0.920830 -0.954537 -0.298092 0.109415 43.765870 -0.356886 36.826908 200.000000 36.826908 0.017736 7.094556 -0.934148 -29.353406 200.000000 -29.353406 0.001994 0.797775 -0.950071 15.986109 200.000000 15.986109 0.019435 7.774145 -0.312033 -9.393723 200.000000 -9.393723
 17.400000 -0.931025 -0.364956 -0.264008 -0.964520 -1.944382 -2.874417 -0.364956 -0.931025 -0.964520 -0.264008 0.006513 2.605053 -0.356886 36.826908 200.000000 36.826908 0.000975 0.390179 -0.934148 -29.353406 200.000000 -29.353406 0.020878 8.351245 -0.950071 15.986109 200.000000 15.986109 0.230640 92.256168 -0.312033 -9.393723 200.000000 -9.393723
 17.600000 -0.913211 -0.407486 -0.405451 -0.914117 -1.990496 -2.724120 -0.407486 -0.913211 -0.914117 -0.405451 0.256036 102.414428 -0.356886 36.826908 200.000000 36.826908 0.043834 17.533495 -0.934148 -29.353406 200.000000 -29.353406 0.129272 51.708690 -0.950071 15.986109 200.000000 15.986109 0.872686 349.074239 -0.312033 -9.393723 200.000000 -9.393723
 17.800000 -0.907428 -0.420208 -0.264006 -0.964521 -2.004470 -2.874419 -0.420208 -0.907428 -0.964521 -0.264006 0.400960 160.384091 -0.356886 36.826908 200.000000 36.826908 0.071395 28.558082 -0.934148 -29.353406 200.000000 -29.353406 0.020880 8.351899 -0.950071 15.986109 200.000000 15.986109 0.230660 92.264109 -0.312033 -9.393723 200.000000 -9.393723
 18.000000 -0.914069 -0.405559 -0.247652 -0.968849 -1.988387 -2.891336 -0.405559 -0.914069 -0.968849 -0.247652 0.236908 94.763026 -0.356886 36.826908 200.000000 36.826908 0.040317 16.126901 -0.934148 -29.353406 200.000000 -29.353406 0.035261 14.104337 -0.950071 15.986109 200.000000 15.986109 0.414494 165.797524 -0.312033 -9.393723 200.000000 -9.393723
 18.200000 -0.879893 -0.475173 -0.288131 -0.957591 -2.065957 -2.849318 -0.475173 -0.879893 -0.957591 -0.288131 1.399168 559.667023 -0.356886 36.826908 200.000000 36.826908 0.294363 117.745381 -0.934148 -29.353406 200.000000 -29.353406 0.005655 2.261997 -0.950071 15.986109 200.000000 15.986109 0.057134 22.853610 -0.312033 -9.393723 200.000000 -9.393723
 18.400000 -0.905351 -0.424664 -0.261515 -0.965200 -2.009387 -2.877002 -0.424664 -0.905351 -0.965200 -0.261515 0.459377 183.750871 -0.356886 36.826908 200.000000 36.826908 0.082925 33.169856 -0.934148 -29.353406 200.000000 -29.353406 0.022887 9.154751 -0.950071 15.986109 200.000000 15.986109 0.255216 102.086257 -0.312033 -9.393723 200.000000 -9.393723
 18.600000 -0.911529 -0.411236 -0.317904 -0.948123 -1.994606 -2.818075 -0.411236 -0.911529 -0.948123 -0.317904 0.295391 118.156490 -0.356886 36.826908 200.000000 36.826908 0.051162 20.464782 -0.934148 -29.353406 200.000000 -29.353406 0.000380 0.151802 -0.950071 15.986109 200.000000 15.986109 0.003446 1.378363 -0.312033 -9.393723 200.000000 -9.393723
 18.800000 -0.940581 -0.339568 -0.301963 -0.953320 -1.917254 -2.834841 -0.339568 -0.940581 -0.953320 -0.301963 0.029992 11.996690 -0.356886 36.826908 200.000000 36.826908 0.004139 1.655654 -0.934148 -29.353406 200.000000 -29.353406 0.001055 0.422086 -0.950071 15.986109 200.000000 15.986109 0.010141 4.056246 -0.312033 -9.393723 200.000000 -9.393723
 19.000000 -0.924020 -0.382344 -0.343323 -0.939217 -1.963128 -2.791140 -0.382344 -0.924020 -0.939217 -0.343323 0.064809 25.923431 -0.356886 36.826908 200.000000 36.826908 0.010257 4.102812 -0.934148 -29.353406 200.000000 -29.353406 0.011780 4.712121 -0.950071 15.986109 200.000000 15.986109 0.097903 39.161373 -0.312033 -9.393723 200.000000 -9.393723
 19.200000 -0.928129 -0.372259 -0.422961 -0.906148 -1.952238 -2.704882 -0.372259 -0.928129 -0.906148 -0.422961 0.023632 9.452786 -0.356886 36.826908 200.000000 36.826908 0.003623 1.449103 -0.934148 -29.353406 200.000000 -29.353406 0.192925 77.170003 -0.950071 15.986109 200.000000 15.986109 1.230492 492.196857 -0.312033 -9.393723 200.000000 -9.393723
 19.400000 -0.922029 -0.387120 -0.202068 -0.979371 -1.968302 -2.938123 -0.387120 -0.922029 -0.979371 -0.202068 0.091408 36.563038 -0.356886 36.826908 200.000000 36.826908 0.014686 5.874304 -0.934148 -29.353406 200.000000 -29.353406 0.085851 34.340247 -0.950071 15.986109 200.000000 15.986109 1.209229 483.691699 -0.312033 -9.393723 200.000000 -9.393723
 19.600000 -0.916344 -0.400393 -0.283338 -0.959020 -1.982742 -2.854319 -0.400393 -0.916344 -0.959020 -0.283338 0.189281 75.712455 -0.356886 36.826908 200.000000 36.826908 0.031699 12.679579 -0.934148 -29.353406 200.000000 -29.353406 0.008008 3.203332 -0.950071 15.986109 200.000000 15.986109 0.082342 32.936612 -0.312033 -9.393723 200.000000 -9.393723
 19.800000 -0.913290 -0.407309 -0.259979 -0.965614 -1.990302 -2.878592 -0.407309 -0.913290 -0.965614 -0.259979 0.254244 101.697763 -0.356886 36.826908 200.000000 36.826908 0.043503 17.401232 -0.934148 -29.353406 200.000000 -29.353406 0.024159 9.663448 -0.950071 15.986109 200.000000 15.986109 0.270962 108.384925 -0.312033 -9.393723 200.000000 -9.393723
 20.000000 -0.936084 -0.351777 -0.285786 -0.958293 -1.930266 -2.851766 -0.351777 -0.936084 -0.958293 -0.285786 0.002610 1.043991 -0.356886 36.826908 200.000000 36.826908 0.000375 0.149895 -0.934148 -29.353406 200.000000 -29.353406 0.006761 2.704213 -0.950071 15.986109 200.000000 15.986109 0.068891 27.556430 -0.312033 -9.393723 200.000000 -9.393723
 20.200000 -0.913328 -0.407224 -0.221126 -0.975245 -1.990209 -2.918623 -0.407224 -0.913328 -0.975245 -0.221126 0.253390 101.355998 -0.356886 36.826908 200.000000 36.826908 0.043345 17.338195 -0.934148 -29.353406 200.000000 -29.353406 0.063373 25.349247 -0.950071 15.986109 200.000000 15.986109 0.826407 330.562967 -0.312033 -9.393723 200.000000 -9.393723
 20.400000 -0.909684 -0.415301 -0.287866 -0.957671 -1.999070 -2.849595 -0.415301 -0.909684 -0.957671 -0.287866 0.341230 136.491928 -0.356886 36.826908 200.000000 36.826908 0.059848 23.939202 -0.934148 -29.353406 200.000000 -29.353406 0.005775 2.310100 -0.950071 15.986109 200.000000 15.986109 0.058405 23.362141 -0.312033 -9.393723 200.000000 -9.393723
 20.600000 -0.916503 -0.400027 -0.426710 -0.904389 -1.982343 -2.700741 -0.400027 -0.916503 -0.904389 -0.426710 0.186117 74.446737 -0.356886 36.826908 200.000000 36.826908 0.031134 12.453440 -0.934148 -29.353406 200.000000 -29.353406 0.208689 83.475721 -0.950071 15.986109 200.000000 15.986109 1.315067 526.026851 -0.312033 -9.393723 200.000000 -9.393723
 20.800000 -0.924221 -0.381859 -0.230691 -0.973027 -1.962603 -2.908804 -0.381859 -0.924221 -0.973027 -0.230691 0.062362 24.944719 -0.356886 36.826908 200.000000 36.826908 0.009855 3.941883 -0.934148 -29.353406 200.000000 -29.353406 0.052697 21.078817 -0.950071 15.986109 200.000000 15.986109 0.661652 264.660796 -0.312033 -9.393723 200.000000 -9.393723
 21.000000 -0.934573 -0.355771 -0.220175 -0.975460 -1.934535 -2.919599 -0.355771 -0.934573 -0.975460 -0.220175 0.000124 0.049735 -0.356886 36.826908 200.000000 36.826908 0.000018 0.007233 -0.934148 -29.353406 200.000000 -29.353406 0.064462 25.784766 -0.950071 15.986109 200.000000 15.986109 0.843804 337.521582 -0.312033 -9.393723 200.000000 -9.393723
 21.200000 -0.915264 -0.402855 -0.348912 -0.937156 -1.985430 -2.785183 -0.402855 -0.915264 -0.937156 -0.348912 0.211309 84.523793 -0.356886 36.826908 200.000000 36.826908 0.035660 14.264044 -0.934148 -29.353406 200.000000 -29.353406 0.016681 6.672463 -0.950071 15.986109 200.000000 15.986109 0.136001 54.400557 -0.312033 -9.393723 200.000000 -9.393723
 21.400000 -0.919640 -0.392762 -0.264668 -0.964340 -1.974430 -2.873733 -0.392762 -0.919640 -0.964340 -0.264668 0.128709 51.483720 -0.356886 36.826908 200.000000 36.826908 0.021048 8.419091 -0.934148 -29.353406 200.000000 -29.353406 0.020359 8.143674 -0.950071 15.986109 200.000000 15.986109 0.224352 89.740622 -0.312033 -9.393723 200.000000 -9.393723
 21.600000 -0.950195 -0.311656 -0.272738 -0.962088 -1.887731 -2.865355 -0.311656 -0.950195 -0.962088 -0.272738 0.204580 81.832195 -0.356886 36.826908 200.000000 36.826908 0.025751 10.300576 -0.934148 -29.353406 200.000000 -29.353406 0.014442 5.776664 -0.950071 15.986109 200.000000 15.986109 0.154416 61.766598 -0.312033 -9.393723 200.000000 -9.393723
 21.800000 -0.960200 -0.279313 -0.332369 -0.943149 -1.853875 -2.802778 -0.279313 -0.960200 -0.943149 -0.332369 0.601755 240.701888 -0.356886 36.826908 200.000000 36.826908 0.067871 27.148560 -0.934148 -29.353406 200.000000 -29.353406 0.004791 1.916424 -0.950071 15.986109 200.000000 15.986109 0.041354 16.541675 -0.312033 -9.393723 200.000000 -9.393723
 22.000000 -0.940475 -0.339864 -0.309391 -0.950935 -1.917569 -2.827040 -0.339864 -0.940475 -0.950935 -0.309391 0.028976 11.590245 -0.356886 36.826908 200.000000 36.826908 0.004003 1.601103 -0.934148 -29.353406 200.000000 -29.353406 0.000075 0.029838 -0.950071 15.986109 200.000000 15.986109 0.000698 0.279228 -0.312033 -9.393723 200.000000 -9.393723
 22.200000 -0.927741 -0.373226 -0.265949 -0.963987 -1.953280 -2.872404 -0.373226 -0.927741 -0.963987 -0.265949 0.026698 10.679171 -0.356886 36.826908 200.000000 36.826908 0.004105 1.642136 -0.934148 -29.353406 200.000000 -29.353406 0.019365 7.746162 -0.950071 15.986109 200.000000 15.986109 0.212377 84.950800 -0.312033 -9.393723 200.000000 -9.393723
 22.400000 -0.940993 -0.338426 -0.235663 -0.971835 -1.916040 -2.903691 -0.338426 -0.940993 -0.971835 -0.235663 0.034079 13.631714 -0.356886 36.826908 200.000000 36.826908 0.004686 1.874312 -0.934148 -29.353406 200.000000 -29.353406 0.047365 18.946181 -0.950071 15.986109 200.000000 15.986109 0.583237 233.294936 -0.312033 -9.393723 200.000000 -9.393723
 22.600000 -0.938955 -0.344039 -0.296918 -0.954903 -1.922012 -2.840129 -0.344039 -0.938955 -0.954903 -0.296918 0.016504 6.601557 -0.356886 36.826908 200.000000 36.826908 0.002311 0.924415 -0.934148 -29.353406 200.000000 -29.353406 0.002335 0.933847 -0.950071 15.986109 200.000000 15.986109 0.022847 9.138780 -0.312033 -9.393723 200.000000 -9.393723
 22.800000 -0.932958 -0.359986 -0.386493 -0.922293 -1.939050 -2.744767 -0.359986 -0.932958 -0.922293 -0.386493 0.000961 0.384421 -0.356886 36.826908 200.000000 36.826908 0.000142 0.056670 -0.934148 -29.353406 200.000000 -29.353406 0.077165 30.866063 -0.950071 15.986109 200.000000 15.986109 0.554417 221.766732 -0.312033 -9.393723 200.000000 -9.393723
 23.000000 -0.938940 -0.344081 -0.297646 -0.954676 -1.922056 -2.839366 -0.344081 -0.938940 -0.954676 -0.297646 0.016398 6.559258 -0.356886 36.826908 200.000000 36.826908 0.002297 0.918615 -0.934148 -29.353406 200.000000 -29.353406 0.002121 0.848267 -0.950071 15.986109 200.000000 15.986109 0.020699 8.279495 -0.312033 -9.393723 200.000000 -9.393723
 23.200000 -0.918238 -0.396028 -0.268616 -0.963247 -1.977984 -2.869637 -0.396028 -0.918238 -0.963247 -0.268616 0.153209 61.283571 -0.356886 36.826908 200.000000 36.826908 0.025311 10.124466 -0.934148 -29.353406 200.000000 -29.353406 0.017361 6.944563 -0.950071 15.986109 200.000000 15.986109 0.188509 75.403534 -0.312033 -9.393723 200.000000 -9.393723
 23.400000 -0.942192 -0.335073 -0.314032 -0.949413 -1.912479 -2.822156 -0.335073 -0.942192 -0.949413 -0.314032 0.047580 19.031905 -0.356886 36.826908 200.000000 36.826908 0.006471 2.588337 -0.934148 -29.353406 200.000000 -29.353406 0.000043 0.017349 -0.950071 15.986109 200.000000 15.986109 0.000399 0.159704 -0.312033 -9.393723 200.000000 -9.393723
 23.600000 -0.949959 -0.312376 -0.283469 -0.958981 -1.888489 -2.854183 -0.312376 -0.949959 -0.958981 -0.283469 0.198119 79.247694 -0.356886 36.826908 200.000000 36.826908 0.024998 9.999260 -0.934148 -29.353406 200.000000 -29.353406 0.007939 3.175698 -0.950071 15.986109 200.000000 15.986109 0.081592 32.636807 -0.312033 -9.393723 200.000000 -9.393723
 23.800000 -0.942079 -0.335392 -0.276349 -0.961057 -1.912818 -2.861599 -0.335392 -0.942079 -0.961057 -0.276349 0.046200 18.480009 -0.356886 36.826908 200.000000 36.826908 0.006290 2.515898 -0.934148 -29.353406 200.000000 -29.353406 0.012070 4.827838 -0.950071 15.986109 200.000000 15.986109 0.127336 50.934575 -0.312033 -9.393723 200.000000 -9.393723
 24.000000 -0.934915 -0.354871 -0.208913 -0.977934 -1.933572 -2.931129 -0.354871 -0.934915 -0.977934 -0.208913 0.000406 0.162463 -0.356886 36.826908 200.000000 36.826908 0.000059 0.023560 -0.934148 -29.353406 200.000000 -29.353406 0.077635 31.053957 -0.950071 15.986109 200.000000 15.986109 1.063376 425.350200 -0.312033 -9.393723 200.000000 -9.393723
 24.200000 -0.922114 -0.386917 -0.339001 -0.940786 -1.968082 -2.795737 -0.386917 -0.922114 -0.940786 -0.339001 0.090186 36.074329 -0.356886 36.826908 200.000000 36.826908 0.014480 5.792098 -0.934148 -29.353406 200.000000 -29.353406 0.008622 3.448619 -0.950071 15.986109 200.000000 15.986109 0.072727 29.090698 -0.312033 -9.393723 200.000000 -9.393723
 24.400000 -0.932407 -0.361411 -0.357189 -0.934032 -1.940577 -2.776337 -0.361411 -0.932407 -0.934032 -0.357189 0.002047 0.818998 -0.356886 36.826908 200.000000 36.826908 0.000303 0.121286 -0.934148 -29.353406 200.000000 -29.353406 0.025724 10.289724 -0.950071 15.986109 200.000000 15.986109 0.203898 81.559181 -0.312033 -9.393723 200.000000 -9.393723
 24.600000 -0.938171 -0.346171 -0.212975 -0.977058 -1.924283 -2.926974 -0.346171 -0.938171 -0.977058 -0.212975 0.011482 4.592634 -0.356886 36.826908 200.000000 36.826908 0.001619 0.647565 -0.934148 -29.353406 200.000000 -29.353406 0.072828 29.131107 -0.950071 15.986109 200.000000 15.986109 0.981266 392.506269 -0.312033 -9.393723 200.000000 -9.393723
 24.800000 -0.914127 -0.405428 -0.306693 -0.951808 -1.988244 -2.829876 -0.405428 -0.914127 -0.951808 -0.306693 0.235635 94.254076 -0.356886 36.826908 200.000000 36.826908 0.040084 16.033773 -0.934148 -29.353406 200.000000 -29.353406 0.000302 0.120739 -0.950071 15.986109 200.000000 15.986109 0.002852 1.140813 -0.312033 -9.393723 200.000000 -9.393723
 25.000000 -0.904619 -0.426221 -0.227894 -0.973686 -2.011108 -2.911679 -0.426221 -0.904619 -0.973686 -0.227894 0.480733 192.293289 -0.356886 36.826908 200.000000 36.826908 0.087195 34.878148 -0.934148 -29.353406 200.000000 -29.353406 0.055766 22.306487 -0.950071 15.986109 200.000000 15.986109 0.707948 283.179057 -0.312033 -9.393723 200.000000 -9.393723
 25.200000 -0.933850 -0.357666 -0.175258 -0.984523 -1.936564 -2.965425 -0.357666 -0.933850 -0.984523 -0.175258 0.000061 0.024330 -0.356886 36.826908 200.000000 36.826908 0.000009 0.003560 -0.934148 -29.353406 200.000000 -29.353406 0.118690 47.476119 -0.950071 15.986109 200.000000 15.986109 1.870758 748.303069 -0.312033 -9.393723 200.000000 -9.393723
 25.400000 -0.930891 -0.365296 -0.302320 -0.953206 -1.944747 -2.834467 -0.365296 -0.930891 -0.953206 -0.302320 0.007072 2.828890 -0.356886 36.826908 200.000000 36.826908 0.001060 0.424164 -0.934148 -29.353406 200.000000 -29.353406 0.000983 0.393213 -0.950071 15.986109 200.000000 15.986109 0.009435 3.773946 -0.312033 -9.393723 200.000000 -9.393723
 25.600000 -0.938075 -0.346432 -0.359448 -0.933165 -1.924561 -2.773917 -0.346432 -0.938075 -0.933165 -0.359448 0.010930 4.371951 -0.356886 36.826908 200.000000 36.826908 0.001542 0.616969 -0.934148 -29.353406 200.000000 -29.353406 0.028581 11.432367 -0.950071 15.986109 200.000000 15.986109 0.224811 89.924527 -0.312033 -9.393723 200.000000 -9.393723
 25.800000 -0.953088 -0.302693 -0.334814 -0.942284 -1.878313 -2.800185 -0.302693 -0.953088 -0.942284 -0.334814 0.293695 117.477996 -0.356886 36.826908 200.000000 36.826908 0.035874 14.349522 -0.934148 -29.353406 200.000000 -29.353406 0.006064 2.425412 -0.950071 15.986109 200.000000 15.986109 0.051895 20.758086 -0.312033 -9.393723 200.000000 -9.393723
 26.000000 -0.938633 -0.344918 -0.271825 -0.962347 -1.922948 -2.866303 -0.344918 -0.938633 -0.962347 -0.271825 0.014323 5.729345 -0.356886 36.826908 200.000000 36.826908 0.002011 0.804569 -0.934148 -29.353406 200.000000 -29.353406 0.015069 6.027536 -0.950071 15.986109 200.000000 15.986109 0.161670 64.668072 -0.312033 -9.393723 200.000000 -9.393723
 26.200000 -0.923822 -0.382822 -0.274001 -0.961729 -1.963645 -2.864042 -0.382822 -0.923822 -0.961729 -0.274001 0.067267 26.906758 -0.356886 36.826908 200.000000 36.826908 0.010662 4.264862 -0.934148 -29.353406 200.000000 -29.353406 0.013591 5.436568 -0.950071 15.986109 200.000000 15.986109 0.144645 57.857983 -0.312033 -9.393723 200.000000 -9.393723
 26.400000 -0.922599 -0.385761 -0.300607 -0.953748 -1.966829 -2.836263 -0.385761 -0.922599 -0.953748 -0.300607 0.083374 33.349681 -0.356886 36.826908 200.000000 36.826908 0.013338 5.335207 -0.934148 -29.353406 200.000000 -29.353406 0.001352 0.540785 -0.950071 15.986109 200.000000 15.986109 0.013056 5.222329 -0.312033 -9.393723 200.000000 -9.393723
 26.600000 -0.965687 -0.259708 -0.219743 -0.975558 -1.833516 -2.920041 -0.259708 -0.965687 -0.975558 -0.219743 0.944362 377.744622 -0.356886 36.826908 200.000000 36.826908 0.099473 39.789211 -0.934148 -29.353406 200.000000 -29.353406 0.064957 25.982607 -0.950071 15.986109 200.000000 15.986109 0.851744 340.697446 -0.312033 -9.393723 200.000000 -9.393723
 26.800000 -0.944581 -0.328277 -0.341132 -0.940015 -1.905275 -2.793472 -0.328277 -0.944581 -0.940015 -0.341132 0.081848 32.739356 -0.356886 36.826908 200.000000 36.826908 0.010886 4.354415 -0.934148 -29.353406 200.000000 -29.353406 0.010112 4.044752 -0.950071 15.986109 200.000000 15.986109 0.084674 33.869485 -0.312033 -9.393723 200.000000 -9.393723
 27.000000 -0.945234 -0.326394 -0.293307 -0.956018 -1.903282 -2.843908 -0.326394 -0.945234 -0.956018 -0.293307 0.092980 37.191967 -0.356886 36.826908 200.000000 36.826908 0.012290 4.916050 -0.934148 -29.353406 200.000000 -29.353406 0.003537 1.414738 -0.950071 15.986109 200.000000 15.986109 0.035067 14.026937 -0.312033 -9.393723 200.000000 -9.393723
 27.200000 -0.940001 -0.341172 -0.245722 -0.969340 -1.918960 -2.893328 -0.341172 -0.940001 -0.969340 -0.245722 0.024694 9.877712 -0.356886 36.826908 200.000000 36.826908 0.003426 1.370349 -0.934148 -29.353406 200.000000 -29.353406 0.037130 14.851962 -0.950071 15.986109 200.000000 15.986109 0.439715 175.886170 -0.312033 -9.393723 200.000000 -9.393723
 27.400000 -0.949483 -0.313817 -0.220179 -0.975459 -1.890007 -2.919595 -0.313817 -0.949483 -0.975459 -0.220179 0.185494 74.197789 -0.356886 36.826908 200.000000 36.826908 0.023518 9.407195 -0.934148 -29.353406 200.000000 -29.353406 0.064457 25.782789 -0.950071 15.986109 200.000000 15.986109 0.843725 337.489891 -0.312033 -9.393723 200.000000 -9.393723
 27.600000 -0.936696 -0.350144 -0.331349 -0.943508 -1.928521 -2.803860 -0.350144 -0.936696 -0.943508 -0.331349 0.004546 1.818318 -0.356886 36.826908 200.000000 36.826908 0.000649 0.259699 -0.934148 -29.353406 200.000000 -29.353406 0.004307 1.722860 -0.950071 15.986109 200.000000 15.986109 0.037309 14.923768 -0.312033 -9.393723 200.000000 -9.393723
 27.800000 -0.937877 -0.346967 -0.347098 -0.937829 -1.925131 -2.787118 -0.346967 -0.937877 -0.937829 -0.347098 0.009840 3.935930 -0.356886 36.826908 200.000000 36.826908 0.001391 0.556401 -0.934148 -29.353406 200.000000 -29.353406 0.014987 5.994884 -0.950071 15.986109 200.000000 15.986109 0.122952 49.180711 -0.312033 -9.393723 200.000000 -9.393723
 28.000000 -0.939883 -0.341497 -0.293446 -0.955976 -1.919305 -2.843764 -0.341497 -0.939883 -0.955976 -0.293446 0.023684 9.473587 -0.356886 36.826908 200.000000 36.826908 0.003289 1.315673 -0.934148 -29.353406 200.000000 -29.353406 0.003487 1.394608 -0.950071 15.986109 200.000000 15.986109 0.034551 13.820418 -0.312033 -9.393723 200.000000 -9.393723
 28.200000 -0.914967 -0.403528 -0.276975 -0.960877 -1.986165 -2.860949 -0.403528 -0.914967 -0.960877 -0.276975 0.217543 87.017031 -0.356886 36.826908 200.000000 36.826908 0.036789 14.715546 -0.934148 -29.353406 200.000000 -29.353406 0.011677 4.670911 -0.950071 15.986109 200.000000 15.986109 0.122913 49.165127 -0.312033 -9.393723 200.000000 -9.393723
 28.400000 -0.939175 -0.343440 -0.358353 -0.933586 -1.921374 -2.775090 -0.343440 -0.939175 -0.933586 -0.358353 0.018080 7.232017 -0.356886 36.826908 200.000000 36.826908 0.002527 1.010730 -0.934148 -29.353406 200.000000 -29.353406 0.027175 10.870038 -0.950071 15.986109 200.000000 15.986109 0.214548 85.819246 -0.312033 -9.393723 200.000000 -9.393723
 28.600000 -0.945181 -0.326547 -0.337281 -0.941404 -1.903444 -2.797565 -0.326547 -0.945181 -0.941404 -0.337281 0.092046 36.818432 -0.356886 36.826908 200.000000 36.826908 0.012173 4.869138 -0.934148 -29.353406 200.000000 -29.353406 0.007512 3.004850 -0.950071 15.986109 200.000000 15.986109 0.063746 25.498424 -0.312033 -9.393723 200.000000 -9.393723
 28.800000 -0.932919 -0.360086 -0.267010 -0.963694 -1.939156 -2.871304 -0.360086 -0.932919 -0.963694 -0.267010 0.001024 0.409566 -0.356886 36.826908 200.000000 36.826908 0.000151 0.060396 -0.934148 -29.353406 200.000000 -29.353406 0.018558 7.423193 -0.950071 15.986109 200.000000 15.986109 0.202715 81.086093 -0.312033 -9.393723 200.000000 -9.393723
 29.000000 -0.935092 -0.354406 -0.331807 -0.943347 -1.933075 -2.803374 -0.354406 -0.935092 -0.943347 -0.331807 0.000615 0.246039 -0.356886 36.826908 200.000000 36.826908 0.000089 0.035626 -0.934148 -29.353406 200.000000 -29.353406 0.004521 1.808365 -0.950071 15.986109 200.000000 15.986109 0.039099 15.639506 -0.312033 -9.393723 200.000000 -9.393723
 29.200000 -0.927504 -0.373812 -0.210846 -0.977519 -1.953912 -2.929152 -0.373812 -0.927504 -0.977519 -0.210846 0.028648 11.459353 -0.356886 36.826908 200.000000 36.826908 0.004413 1.765384 -0.934148 -29.353406 200.000000 -29.353406 0.075340 30.135868 -0.950071 15.986109 200.000000 15.986109 1.023880 409.552194 -0.312033 -9.393723 200.000000 -9.393723
 29.400000 -0.945323 -0.326134 -0.238206 -0.971215 -1.903008 -2.901075 -0.326134 -0.945323 -0.971215 -0.238206 0.094568 37.827181 -0.356886 36.826908 200.000000 36.826908 0.012489 4.995743 -0.934148 -29.353406 200.000000 -29.353406 0.044705 17.882059 -0.950071 15.986109 200.000000 15.986109 0.545053 218.021037 -0.312033 -9.393723 200.000000 -9.393723
 29.600000 -0.914722 -0.404085 -0.247007 -0.969014 -1.986774 -2.892003 -0.404085 -0.914722 -0.969014 -0.247007 0.222770 89.107940 -0.356886 36.826908 200.000000 36.826908 0.037738 15.095242 -0.934148 -29.353406 200.000000 -29.353406 0.035882 14.352946 -0.950071 15.986109 200.000000 15.986109 0.422847 169.138838 -0.312033 -9.393723 200.000000 -9.393723
 29.800000 -0.944324 -0.329018 -0.231642 -0.972801 -1.906060 -2.907827 -0.329018 -0.944324 -0.972801 -0.231642 0.077662 31.064777 -0.356886 36.826908 200.000000 36.826908 0.010354 4.141774 -0.934148 -29.353406 200.000000 -29.353406 0.051665 20.666040 -0.950071 15.986109 200.000000 15.986109 0.646277 258.510681 -0.312033 -9.393723 200.000000 -9.393723
 30.000000 -0.944181 -0.329427 -0.292586 -0.956239 -1.906493 -2.844663 -0.329427 -0.944181 -0.956239 -0.292586 0.075400 30.160135 -0.356886 36.826908 200.000000 36.826908 0.010066 4.026566 -0.934148 -29.353406 200.000000 -29.353406 0.003805 1.521875 -0.950071 15.986109 200.000000 15.986109 0.037822 15.128729 -0.312033 -9.393723 200.000000 -9.393723
 30.200000 -0.938454 -0.345403 -0.240067 -0.970756 -1.923465 -2.899158 -0.345403 -0.938454 -0.970756 -0.240067 0.013186 5.274264 -0.356886 36.826908 200.000000 36.826908 0.001855 0.741828 -0.934148 -29.353406 200.000000 -29.353406 0.042788 17.115213 -0.950071 15.986109 200.000000 15.986109 0.517921 207.168272 -0.312033 -9.393723 200.000000 -9.393723
 30.400000 -0.934762 -0.355274 -0.248213 -0.968705 -1.934004 -2.890757 -0.355274 -0.934762 -0.968705 -0.248213 0.000260 0.103915 -0.356886 36.826908 200.000000 36.826908 0.000038 0.015089 -0.934148 -29.353406 200.000000 -29.353406 0.034724 13.889523 -0.950071 15.986109 200.000000 15.986109 0.407303 162.921238 -0.312033 -9.393723 200.000000 -9.393723
 30.600000 -0.925686 -0.378293 -0.233506 -0.972355 -1.958748 -2.905911 -0.378293 -0.925686 -0.972355 -0.233506 0.045826 18.330474 -0.356886 36.826908 200.000000 36.826908 0.007161 2.864259 -0.934148 -29.353406 200.000000 -29.353406 0.049658 19.863399 -0.950071 15.986109 200.000000 15.986109 0.616652 246.660915 -0.312033 -9.393723 200.000000 -9.393723
 30.800000 -0.944931 -0.327270 -0.238258 -0.971202 -1.904210 -2.901021 -0.327270 -0.944931 -0.971202 -0.238258 0.087710 35.084111 -0.356886 36.826908 200.000000 36.826908 0.011627 4.650841 -0.934148 -29.353406 200.000000 -29.353406 0.044651 17.860557 -0.950071 15.986109 200.000000 15.986109 0.544287 217.714982 -0.312033 -9.393723 200.000000 -9.393723
 31.000000 -0.949234 -0.314571 -0.311533 -0.950235 -1.890801 -2.824786 -0.314571 -0.949234 -0.950235 -0.311533 0.179059 71.623508 -0.356886 36.826908 200.000000 36.826908 0.022759 9.103646 -0.934148 -29.353406 200.000000 -29.353406 0.000003 0.001077 -0.950071 15.986109 200.000000 15.986109 0.000025 0.010006 -0.312033 -9.393723 200.000000 -9.393723
 31.200000 -0.927503 -0.373816 -0.277738 -0.960657 -1.953916 -2.860154 -0.373816 -0.927503 -0.960657 -0.277738 0.028660 11.464080 -0.356886 36.826908 200.000000 36.826908 0.004415 1.766131 -0.934148 -29.353406 200.000000 -29.353406 0.011206 4.482367 -0.950071 15.986109 200.000000 15.986109 0.117619 47.047654 -0.312033 -9.393723 200.000000 -9.393723
 31.400000 -0.947088 -0.320974 -0.254966 -0.966950 -1.897554 -2.883781 -0.320974 -0.947088 -0.966950 -0.254966 0.128971 51.588216 -0.356886 36.826908 200.000000 36.826908 0.016745 6.697982 -0.934148 -29.353406 200.000000 -29.353406 0.028490 11.396044 -0.950071 15.986109 200.000000 15.986109 0.325674 130.269684 -0.312033 -9.393723 200.000000 -9.393723
 31.600000 -0.902994 -0.429653 -0.252884 -0.967497 -2.014905 -2.885933 -0.429653 -0.902994 -0.967497 -0.252884 0.529501 211.800577 -0.356886 36.826908 200.000000 36.826908 0.097056 38.822418 -0.934148 -29.353406 200.000000 -29.353406 0.030365 12.145972 -0.950071 15.986109 200.000000 15.986109 0.349868 139.947138 -0.312033 -9.393723 200.000000 -9.393723
 31.800000 -0.897489 -0.441037 -0.323037 -0.946386 -2.027550 -2.812656 -0.441037 -0.897489 -0.946386 -0.323037 0.708141 283.256343 -0.356886 36.826908 200.000000 36.826908 0.134389 53.755583 -0.934148 -29.353406 200.000000 -29.353406 0.001358 0.543095 -0.950071 15.986109 200.000000 15.986109 0.012108 4.843046 -0.312033 -9.393723 200.000000 -9.393723
 32.000000 -0.914380 -0.404857 -0.312416 -0.949945 -1.987619 -2.823857 -0.404857 -0.914380 -0.949945 -0.312416 0.230119 92.047548 -0.356886 36.826908 200.000000 36.826908 0.039077 15.630660 -0.934148 -29.353406 200.000000 -29.353406 0.000002 0.000634 -0.950071 15.986109 200.000000 15.986109 0.000015 0.005868 -0.312033 -9.393723 200.000000 -9.393723
 32.200000 -0.909209 -0.416340 -0.260408 -0.965499 -2.000213 -2.878148 -0.416340 -0.909209 -0.965499 -0.260408 0.353480 141.392168 -0.356886 36.826908 200.000000 36.826908 0.062196 24.878274 -0.934148 -29.353406 200.000000 -29.353406 0.023801 9.520379 -0.950071 15.986109 200.000000 15.986109 0.266519 106.607583 -0.312033 -9.393723 200.000000 -9.393723
 32.400000 -0.930755 -0.365644 -0.331861 -0.943328 -1.945121 -2.803317 -0.365644 -0.930755 -0.943328 -0.331861 0.007671 3.068297 -0.356886 36.826908 200.000000 36.826908 0.001151 0.460572 -0.934148 -29.353406 200.000000 -29.353406 0.004547 1.818701 -0.950071 15.986109 200.000000 15.986109 0.039315 15.725909 -0.312033 -9.393723 200.000000 -9.393723
 32.600000 -0.934668 -0.355521 -0.313793 -0.949491 -1.934267 -2.822407 -0.355521 -0.934668 -0.949491 -0.313793 0.000186 0.074582 -0.356886 36.826908 200.000000 36.826908 0.000027 0.010838 -0.934148 -29.353406 200.000000 -29.353406 0.000034 0.013447 -0.950071 15.986109 200.000000 15.986109 0.000310 0.123884 -0.312033 -9.393723 200.000000 -9.393723
 32.800000 -0.916957 -0.398986 -0.217495 -0.976061 -1.981207 -2.922345 -0.398986 -0.916957 -0.976061 -0.217495 0.177238 70.895002 -0.356886 36.826908 200.000000 36.826908 0.029552 11.820887 -0.934148 -29.353406 200.000000 -29.353406 0.067549 27.019697 -0.950071 15.986109 200.000000 15.986109 0.893745 357.497982 -0.312033 -9.393723 200.000000 -9.393723
 33.000000 -0.917625 -0.397448 -0.330283 -0.943882 -1.979530 -2.804989 -0.397448 -0.917625 -0.943882 -0.330283 0.164526 65.810280 -0.356886 36.826908 200.000000 36.826908 0.027301 10.920589 -0.934148 -29.353406 200.000000 -29.353406 0.003831 1.532240 -0.950071 15.986109 200.000000 15.986109 0.033305 13.321925 -0.312033 -9.393723 200.000000 -9.393723
 33.200000 -0.928885 -0.370369 -0.334924 -0.942245 -1.950203 -2.800068 -0.370369 -0.928885 -0.942245 -0.334924 0.018179 7.271409 -0.356886 36.826908 200.000000 36.826908 0.002770 1.108030 -0.934148 -29.353406 200.000000 -29.353406 0.006125 2.449860 -0.950071 15.986109 200.000000 15.986109 0.052398 20.959316 -0.312033 -9.393723 200.000000 -9.393723
 33.400000 -0.925426 -0.378929 -0.284907 -0.958555 -1.959435 -2.852684 -0.378929 -0.925426 -0.958555 -0.284907 0.048588 19.435284 -0.356886 36.826908 200.000000 36.826908 0.007607 3.042998 -0.934148 -29.353406 200.000000 -29.353406 0.007198 2.879255 -0.950071 15.986109 200.000000 15.986109 0.073587 29.434769 -0.312033 -9.393723 200.000000 -9.393723
 33.600000 -0.935735 -0.352705 -0.309257 -0.950978 -1.931256 -2.827181 -0.352705 -0.935735 -0.950978 -0.309257 0.001749 0.699462 -0.356886 36.826908 200.000000 36.826908 0.000252 0.100728 -0.934148 -29.353406 200.000000 -29.353406 0.000082 0.032933 -0.950071 15.986109 200.000000 15.986109 0.000771 0.308339 -0.312033 -9.393723 200.000000 -9.393723
 33.800000 -0.961098 -0.276206 -0.263709 -0.964602 -1.850641 -2.874727 -0.276206 -0.961098 -0.964602 -0.263709 0.650923 260.369359 -0.356886 36.826908 200.000000 36.826908 0.072633 29.053142 -0.934148 -29.353406 200.000000 -29.353406 0.021115 8.446076 -0.950071 15.986109 200.000000 15.986109 0.233522 93.408700 -0.312033 -9.393723 200.000000 -9.393723
 34.000000 -0.941898 -0.335900 -0.301066 -0.953603 -1.913357 -2.835782 -0.335900 -0.941898 -0.953603 -0.301066 0.044043 17.617294 -0.356886 36.826908 200.000000 36.826908 0.006006 2.402429 -0.934148 -29.353406 200.000000 -29.353406 0.001248 0.499023 -0.950071 15.986109 200.000000 15.986109 0.012028 4.811092 -0.312033 -9.393723 200.000000 -9.393723
 34.200000 -0.934468 -0.356047 -0.254983 -0.966945 -1.934830 -2.883762 -0.356047 -0.934468 -0.966945 -0.254983 0.000070 0.028178 -0.356886 36.826908 200.000000 36.826908 0.000010 0.004102 -0.934148 -29.353406 200.000000 -29.353406 0.028474 11.389726 -0.950071 15.986109 200.000000 15.986109 0.325472 130.188672 -0.312033 -9.393723 200.000000 -9.393723
 34.400000 -0.898808 -0.438342 -0.263982 -0.964528 -2.024549 -2.874445 -0.438342 -0.898808 -0.964528 -0.263982 0.663501 265.400214 -0.356886 36.826908 200.000000 36.826908 0.124888 49.955164 -0.934148 -29.353406 200.000000 -29.353406 0.020899 8.359690 -0.950071 15.986109 200.000000 15.986109 0.230897 92.358712 -0.312033 -9.393723 200.000000 -9.393723
 34.600000 -0.897380 -0.441259 -0.236890 -0.971536 -2.027798 -2.902429 -0.441259 -0.897380 -0.971536 -0.236890 0.711884 284.753541 -0.356886 36.826908 200.000000 36.826908 0.135191 54.076251 -0.934148 -29.353406 200.000000 -29.353406 0.046076 18.430364 -0.950071 15.986109 200.000000 15.986109 0.564650 225.860018 -0.312033 -9.393723 200.000000 -9.393723
 34.800000 -0.906634 -0.421917 -0.175463 -0.984486 -2.006355 -2.965217 -0.421917 -0.906634 -0.984486 -0.175463 0.422900 169.159971 -0.356886 36.826908 200.000000 36.826908 0.075699 30.279464 -0.934148 -29.353406 200.000000 -29.353406 0.118439 47.375575 -0.950071 15.986109 200.000000 15.986109 1.865156 746.062546 -0.312033 -9.393723 200.000000 -9.393723
 35.000000 -0.890516 -0.454951 -0.271858 -0.962337 -2.043114 -2.866269 -0.454951 -0.890516 -0.962337 -0.271858 0.961671 384.668277 -0.356886 36.826908 200.000000 36.826908 0.190370 76.147976 -0.934148 -29.353406 200.000000 -29.353406 0.015046 6.018422 -0.950071 15.986109 200.000000 15.986109 0.161406 64.562394 -0.312033 -9.393723 200.000000 -9.393723
 35.200000 -0.915872 -0.401471 -0.206579 -0.978430 -1.983919 -2.933516 -0.401471 -0.915872 -0.978430 -0.206579 0.198783 79.513089 -0.356886 36.826908 200.000000 36.826908 0.033402 13.360847 -0.934148 -29.353406 200.000000 -29.353406 0.080423 32.169022 -0.950071 15.986109 200.000000 15.986109 1.112070 444.828170 -0.312033 -9.393723 200.000000 -9.393723
 35.400000 -0.943342 -0.331823 -0.293539 -0.955947 -1.909031 -2.843666 -0.331823 -0.943342 -0.955947 -0.293539 0.062818 25.127229 -0.356886 36.826908 200.000000 36.826908 0.008453 3.381122 -0.934148 -29.353406 200.000000 -29.353406 0.003453 1.381063 -0.950071 15.986109 200.000000 15.986109 0.034204 13.681543 -0.312033 -9.393723 200.000000 -9.393723
 35.600000 -0.912607 -0.408838 -0.293546 -0.955945 -1.991977 -2.843658 -0.408838 -0.912607 -0.955945 -0.293546 0.269897 107.958851 -0.356886 36.826908 200.000000 36.826908 0.046401 18.560272 -0.934148 -29.353406 200.000000 -29.353406 0.003450 1.380056 -0.950071 15.986109 200.000000 15.986109 0.034178 13.671219 -0.312033 -9.393723 200.000000 -9.393723
 35.800000 -0.933035 -0.359786 -0.325329 -0.945601 -1.938834 -2.810233 -0.359786 -0.933035 -0.945601 -0.325329 0.000841 0.336251 -0.356886 36.826908 200.000000 36.826908 0.000124 0.049537 -0.934148 -29.353406 200.000000 -29.353406 0.001998 0.799353 -0.950071 15.986109 200.000000 15.986109 0.017678 7.071179 -0.312033 -9.393723 200.000000 -9.393723
 36.000000 -0.937955 -0.346757 -0.285579 -0.958355 -1.924908 -2.851982 -0.346757 -0.937955 -0.958355 -0.285579 0.010260 4.104150 -0.356886 36.826908 200.000000 36.826908 0.001449 0.579787 -0.934148 -29.353406 200.000000 -29.353406 0.006863 2.745035 -0.950071 15.986109 200.000000 15.986109 0.069984 27.993651 -0.312033 -9.393723 200.000000 -9.393723
 36.200000 -0.921542 -0.388278 -0.271765 -0.962364 -1.969558 -2.866366 -0.388278 -0.921542 -0.962364 -0.271765 0.098542 39.416831 -0.356886 36.826908 200.000000 36.826908 0.015890 6.355859 -0.934148 -29.353406 200.000000 -29.353406 0.015110 6.044173 -0.950071 15.986109 200.000000 15.986109 0.162153 64.861026 -0.312033 -9.393723 200.000000 -9.393723
 36.400000 -0.930300 -0.366800 -0.212801 -0.977096 -1.946363 -2.927152 -0.366800 -0.930300 -0.977096 -0.212801 0.009828 3.931300 -0.356886 36.826908 200.000000 36.826908 0.001481 0.592293 -0.934148 -29.353406 200.000000 -29.353406 0.073032 29.212929 -0.950071 15.986109 200.000000 15.986109 0.984712 393.884965 -0.312033 -9.393723 200.000000 -9.393723
 36.600000 -0.934635 -0.355608 -0.238619 -0.971113 -1.934361 -2.900649 -0.355608 -0.934635 -0.971113 -0.238619 0.000163 0.065308 -0.356886 36.826908 200.000000 36.826908 0.000024 0.009493 -0.934148 -29.353406 200.000000 -29.353406 0.044277 17.710790 -0.950071 15.986109 200.000000 15.986109 0.538965 215.585980 -0.312033 -9.393723 200.000000 -9.393723
 36.800000 -0.953705 -0.300743 -0.291206 -0.956660 -1.876268 -2.846105 -0.300743 -0.953705 -0.956660 -0.291206 0.315209 126.083454 -0.356886 36.826908 200.000000 36.826908 0.038249 15.299724 -0.934148 -29.353406 200.000000 -29.353406 0.004342 1.736729 -0.950071 15.986109 200.000000 15.986109 0.043378 17.351285 -0.312033 -9.393723 200.000000 -9.393723
 37.000000 -0.972302 -0.233727 -0.292494 -0.956267 -1.806706 -2.844758 -0.233727 -0.972302 -0.956267 -0.292494 1.516808 606.723341 -0.356886 36.826908 200.000000 36.826908 0.145575 58.230007 -0.934148 -29.353406 200.000000 -29.353406 0.003839 1.535688 -0.950071 15.986109 200.000000 15.986109 0.038178 15.271106 -0.312033 -9.393723 200.000000 -9.393723
 37.200000 -0.941755 -0.336299 -0.282587 -0.959242 -1.913780 -2.855103 -0.336299 -0.941755 -0.959242 -0.282587 0.042385 16.954157 -0.356886 36.826908 200.000000 36.826908 0.005788 2.315012 -0.934148 -29.353406 200.000000 -29.353406 0.008410 3.364057 -0.950071 15.986109 200.000000 15.986109 0.086712 34.684747 -0.312033 -9.393723 200.000000 -9.393723
 37.400000 -0.931759 -0.363078 -0.221387 -0.975186 -1.942365 -2.918356 -0.363078 -0.931759 -0.975186 -0.221387 0.003834 1.533479 -0.356886 36.826908 200.000000 36.826908 0.000571 0.228307 -0.934148 -29.353406 200.000000 -29.353406 0.063076 25.230506 -0.950071 15.986109 200.000000 15.986109 0.821684 328.673514 -0.312033 -9.393723 200.000000 -9.393723
 37.600000 -0.911200 -0.411964 -0.225651 -0.974208 -1.995405 -2.913982 -0.411964 -0.911200 -0.974208 -0.225651 0.303355 121.341962 -0.356886 36.826908 200.000000 36.826908 0.052660 21.063852 -0.934148 -29.353406 200.000000 -29.353406 0.058260 23.304177 -0.950071 15.986109 200.000000 15.986109 0.746201 298.480452 -0.312033 -9.393723 200.000000 -9.393723
 37.800000 -0.930339 -0.366701 -0.277844 -0.960626 -1.946257 -2.860044 -0.366701 -0.930339 -0.960626 -0.277844 0.009634 3.853427 -0.356886 36.826908 200.000000 36.826908 0.001451 0.580378 -0.934148 -29.353406 200.000000 -29.353406 0.011141 4.456409 -0.950071 15.986109 200.000000 15.986109 0.116892 46.756855 -0.312033 -9.393723 200.000000 -9.393723
 38.000000 -0.915150 -0.403112 -0.302657 -0.953099 -1.985712 -2.834113 -0.403112 -0.915150 -0.953099 -0.302657 0.213686 85.474560 -0.356886 36.826908 200.000000 36.826908 0.036090 14.436057 -0.934148 -29.353406 200.000000 -29.353406 0.000917 0.366830 -0.950071 15.986109 200.000000 15.986109 0.008791 3.516470 -0.312033 -9.393723 200.000000 -9.393723
 38.200000 -0.929716 -0.368277 -0.262886 -0.964827 -1.947952 -2.875581 -0.368277 -0.929716 -0.964827 -0.262886 0.012975 5.190129 -0.356886 36.826908 200.000000 36.826908 0.001964 0.785636 -0.934148 -29.353406 200.000000 -29.353406 0.021773 8.709364 -0.950071 15.986109 200.000000 15.986109 0.241548 96.619306 -0.312033 -9.393723 200.000000 -9.393723
 38.400000 -0.944758 -0.327769 -0.426796 -0.904348 -1.904737 -2.700646 -0.327769 -0.944758 -0.904348 -0.426796 0.084782 33.912931 -0.356886 36.826908 200.000000 36.826908 0.011257 4.502969 -0.934148 -29.353406 200.000000 -29.353406 0.209062 83.624679 -0.950071 15.986109 200.000000 15.986109 1.317048 526.819215 -0.312033 -9.393723 200.000000 -9.393723
 38.600000 -0.952289 -0.305197 -0.347155 -0.937808 -1.880942 -2.787057 -0.305197 -0.952289 -0.937808 -0.347155 0.267173 106.869213 -0.356886 36.826908 200.000000 36.826908 0.032910 13.164178 -0.934148 -29.353406 200.000000 -29.353406 0.015039 6.015651 -0.950071 15.986109 200.000000 15.986109 0.123354 49.341402 -0.312033 -9.393723 200.000000 -9.393723
 38.800000 -0.940081 -0.340950 -0.244479 -0.969655 -1.918724 -2.894610 -0.340950 -0.940081 -0.969655 -0.244479 0.025395 10.157947 -0.356886 36.826908 200.000000 36.826908 0.003521 1.408212 -0.934148 -29.353406 200.000000 -29.353406 0.038351 15.340553 -0.950071 15.986109 200.000000 15.986109 0.456362 182.544974 -0.312033 -9.393723 200.000000 -9.393723
 39.000000 -0.956866 -0.290530 -0.239766 -0.970831 -1.865577 -2.899468 -0.290530 -0.956866 -0.970831 -0.239766 0.440318 176.127262 -0.356886 36.826908 200.000000 36.826908 0.051611 20.644482 -0.934148 -29.353406 200.000000 -29.353406 0.043096 17.238348 -0.950071 15.986109 200.000000 15.986109 0.522256 208.902261 -0.312033 -9.393723 200.000000 -9.393723
 39.200000 -0.909216 -0.416325 -0.281883 -0.959449 -2.000196 -2.855837 -0.416325 -0.909216 -0.959449 -0.281883 0.353301 141.320313 -0.356886 36.826908 200.000000 36.826908 0.062161 24.864473 -0.934148 -29.353406 200.000000 -29.353406 0.008794 3.517699 -0.950071 15.986109 200.000000 15.986109 0.090907 36.362767 -0.312033 -9.393723 200.000000 -9.393723
 39.400000 -0.958820 -0.284015 -0.180636 -0.983550 -1.858776 -2.959960 -0.284015 -0.958820 -0.983550 -0.180636 0.531017 212.406785 -0.356886 36.826908 200.000000 36.826908 0.060870 24.348076 -0.934148 -29.353406 200.000000 -29.353406 0.112084 44.833664 -0.950071 15.986109 200.000000 15.986109 1.726539 690.615765 -0.312033 -9.393723 200.000000 -9.393723
 39.600000 -0.949386 -0.314112 -0.276263 -0.961082 -1.890318 -2.861689 -0.314112 -0.949386 -0.961082 -0.276263 0.182962 73.184615 -0.356886 36.826908 200.000000 36.826908 0.023220 9.287868 -0.934148 -29.353406 200.000000 -29.353406 0.012124 4.849643 -0.950071 15.986109 200.000000 15.986109 0.127952 51.180940 -0.312033 -9.393723 200.000000 -9.393723
 39.800000 -0.926285 -0.376823 -0.259629 -0.965708 -1.957161 -2.878955 -0.376823 -0.926285 -0.965708 -0.259629 0.039749 15.899788 -0.356886 36.826908 200.000000 36.826908 0.006182 2.472930 -0.934148 -29.353406 200.000000 -29.353406 0.024452 9.781000 -0.950071 15.986109 200.000000 15.986109 0.274622 109.848683 -0.312033 -9.393723 200.000000 -9.393723
 40.000000 -0.927347 -0.374203 -0.263574 -0.964639 -1.954333 -2.874868 -0.374203 -0.927347 -0.964639 -0.263574 0.029986 11.994384 -0.356886 36.826908 200.000000 36.826908 0.004625 1.850098 -0.934148 -29.353406 200.000000 -29.353406 0.021223 8.489284 -0.950071 15.986109 200.000000 15.986109 0.234836 93.934512 -0.312033 -9.393723 200.000000 -9.393723
 40.200000 -0.944206 -0.329356 -0.124227 -0.992254 -1.906418 -3.017044 -0.329356 -0.944206 -0.992254 -0.124227 0.075789 30.315571 -0.356886 36.826908 200.000000 36.826908 0.010116 4.046378 -0.934148 -29.353406 200.000000 -29.353406 0.177939 71.175412 -0.950071 15.986109 200.000000 15.986109 3.527142 1410.856895 -0.312033 -9.393723 200.000000 -9.393723
 40.400000 -0.922215 -0.386678 -0.120429 -0.992722 -1.967823 -3.020871 -0.386678 -0.922215 -0.992722 -0.120429 0.088755 35.502069 -0.356886 36.826908 200.000000 36.826908 0.014240 5.695935 -0.934148 -29.353406 200.000000 -29.353406 0.181910 72.763805 -0.950071 15.986109 200.000000 15.986109 3.671235 1468.493855 -0.312033 -9.393723 200.000000 -9.393723
 40.600000 -0.913404 -0.407054 -0.282745 -0.959195 -1.990022 -2.854938 -0.407054 -0.913404 -0.959195 -0.282745 0.251677 100.670838 -0.356886 36.826908 200.000000 36.826908 0.043030 17.211893 -0.934148 -29.353406 200.000000 -29.353406 0.008325 3.329947 -0.950071 15.986109 200.000000 15.986109 0.085783 34.313122 -0.312033 -9.393723 200.000000 -9.393723
 40.800000 -0.975390 -0.220485 -0.210141 -0.977671 -1.793108 -2.929874 -0.220485 -0.975390 -0.977671 -0.210141 1.860517 744.206837 -0.356886 36.826908 200.000000 36.826908 0.170094 68.037435 -0.934148 -29.353406 200.000000 -29.353406 0.076176 30.470368 -0.950071 15.986109 200.000000 15.986109 1.038208 415.283332 -0.312033 -9.393723 200.000000 -9.393723
 41.000000 -0.929060 -0.369929 -0.272724 -0.962092 -1.949729 -2.865369 -0.369929 -0.929060 -0.962092 -0.272724 0.017010 6.804152 -0.356886 36.826908 200.000000 36.826908 0.002588 1.035378 -0.934148 -29.353406 200.000000 -29.353406 0.014451 5.780231 -0.950071 15.986109 200.000000 15.986109 0.154519 61.807749 -0.312033 -9.393723 200.000000 -9.393723
 41.200000 -0.904723 -0.426000 -0.373708 -0.927546 -2.010864 -2.758589 -0.426000 -0.904723 -0.927546 -0.373708 0.477677 191.070854 -0.356886 36.826908 200.000000 36.826908 0.086582 34.632971 -0.934148 -29.353406 200.000000 -29.353406 0.050736 20.294536 -0.950071 15.986109 200.000000 15.986109 0.380376 152.150204 -0.312033 -9.393723 200.000000 -9.393723
 41.400000 -0.919741 -0.392525 -0.335975 -0.941871 -1.974172 -2.798952 -0.392525 -0.919741 -0.941871 -0.335975 0.127013 50.805291 -0.356886 36.826908 200.000000 36.826908 0.020755 8.301985 -0.934148 -29.353406 200.000000 -29.353406 0.006724 2.689771 -0.950071 15.986109 200.000000 15.986109 0.057320 22.928175 -0.312033 -9.393723 200.000000 -9.393723
 41.600000 -0.920664 -0.390355 -0.286783 -0.957995 -1.971814 -2.850725 -0.390355 -0.920664 -0.957995 -0.286783 0.112018 44.807091 -0.356886 36.826908 200.000000 36.826908 0.018181 7.272251 -0.934148 -29.353406 200.000000 -29.353406 0.006279 2.511790 -0.950071 15.986109 200.000000 15.986109 0.063756 25.502468 -0.312033 -9.393723 200.000000 -9.393723
 41.800000 -0.946357 -0.323122 -0.368789 -0.929513 -1.899823 -2.763887 -0.323122 -0.946357 -0.929513 -0.368789 0.114003 45.601048 -0.356886 36.826908 200.000000 36.826908 0.014907 5.962852 -0.934148 -29.353406 200.000000 -29.353406 0.042263 16.905346 -0.950071 15.986109 200.000000 15.986109 0.322121 128.848586 -0.312033 -9.393723 200.000000 -9.393723
 42.000000 -0.953809 -0.300414 -0.400850 -0.916144 -1.875923 -2.729148 -0.300414 -0.953809 -0.916144 -0.400850 0.318906 127.562420 -0.356886 36.826908 200.000000 36.826908 0.038655 15.462043 -0.934148 -29.353406 200.000000 -29.353406 0.115107 46.042893 -0.950071 15.986109 200.000000 15.986109 0.788840 315.535832 -0.312033 -9.393723 200.000000 -9.393723
 42.200000 -0.968183 -0.250243 -0.272374 -0.962191 -1.823728 -2.865733 -0.250243 -0.968183 -0.962191 -0.272374 1.137271 454.908205 -0.356886 36.826908 200.000000 36.826908 0.115839 46.335561 -0.934148 -29.353406 200.000000 -29.353406 0.014690 5.876026 -0.950071 15.986109 200.000000 15.986109 0.157285 62.913931 -0.312033 -9.393723 200.000000 -9.393723
 42.400000 -0.953124 -0.302581 -0.321226 -0.947003 -1.878195 -2.814569 -0.302581 -0.953124 -0.947003 -0.321226 0.294910 117.963801 -0.356886 36.826908 200.000000 36.826908 0.036009 14.403429 -0.934148 -29.353406 200.000000 -29.353406 0.000942 0.376643 -0.950071 15.986109 200.000000 15.986109 0.008450 3.380139 -0.312033 -9.393723 200.000000 -9.393723
 42.600000 -0.935916 -0.352224 -0.306790 -0.951777 -1.930743 -2.829774 -0.352224 -0.935916 -0.951777 -0.306790 0.002174 0.869408 -0.356886 36.826908 200.000000 36.826908 0.000313 0.125008 -0.934148 -29.353406 200.000000 -29.353406 0.000291 0.116412 -0.950071 15.986109 200.000000 15.986109 0.002749 1.099555 -0.312033 -9.393723 200.000000 -9.393723
 42.800000 -0.924474 -0.381246 -0.247869 -0.968793 -1.961940 -2.891112 -0.381246 -0.924474 -0.968793 -0.247869 0.059341 23.736298 -0.356886 36.826908 200.000000 36.826908 0.009359 3.743688 -0.934148 -29.353406 200.000000 -29.353406 0.035053 14.021012 -0.950071 15.986109 200.000000 15.986109 0.411702 164.680637 -0.312033 -9.393723 200.000000 -9.393723
 43.000000 -0.937711 -0.347418 -0.244610 -0.969621 -1.925612 -2.894475 -0.347418 -0.937711 -0.969621 -0.244610 0.008965 3.586160 -0.356886 36.826908 200.000000 36.826908 0.001269 0.507696 -0.934148 -29.353406 200.000000 -29.353406 0.038222 15.288619 -0.950071 15.986109 200.000000 15.986109 0.454587 181.834725 -0.312033 -9.393723 200.000000 -9.393723
 43.200000 -0.898130 -0.439729 -0.306891 -0.951745 -2.026094 -2.829668 -0.439729 -0.898130 -0.951745 -0.306891 0.686300 274.520081 -0.356886 36.826908 200.000000 36.826908 0.129727 51.890639 -0.934148 -29.353406 200.000000 -29.353406 0.000280 0.112038 -0.950071 15.986109 200.000000 15.986109 0.002645 1.057859 -0.312033 -9.393723 200.000000 -9.393723
 43.400000 -0.942784 -0.333405 -0.267249 -0.963628 -1.910709 -2.871056 -0.333405 -0.942784 -0.963628 -0.267249 0.055138 22.055019 -0.356886 36.826908 200.000000 36.826908 0.007458 2.983150 -0.934148 -29.353406 200.000000 -29.353406 0.018378 7.351173 -0.950071 15.986109 200.000000 15.986109 0.200569 80.227596 -0.312033 -9.393723 200.000000 -9.393723
 43.600000 -0.962219 -0.272278 -0.146455 -0.989217 -1.846556 -2.994609 -0.272278 -0.962219 -0.989217 -0.146455 0.715848 286.339040 -0.356886 36.826908 200.000000 36.826908 0.078796 31.518441 -0.934148 -29.353406 200.000000 -29.353406 0.153242 61.296965 -0.950071 15.986109 200.000000 15.986109 2.741616 1096.646480 -0.312033 -9.393723 200.000000 -9.393723
 43.800000 -0.930631 -0.365960 -0.305302 -0.952256 -1.945460 -2.831337 -0.365960 -0.930631 -0.952256 -0.305302 0.008233 3.293131 -0.356886 36.826908 200.000000 36.826908 0.001237 0.494818 -0.934148 -29.353406 200.000000 -29.353406 0.000477 0.190874 -0.950071 15.986109 200.000000 15.986109 0.004531 1.812488 -0.312033 -9.393723 200.000000 -9.393723
 44.000000 -0.943002 -0.332787 -0.298101 -0.954534 -1.910054 -2.838890 -0.332787 -0.943002 -0.954534 -0.298101 0.058077 23.230637 -0.356886 36.826908 200.000000 36.826908 0.007840 3.135813 -0.934148 -29.353406 200.000000 -29.353406 0.001992 0.796776 -0.950071 15.986109 200.000000 15.986109 0.019410 7.764159 -0.312033 -9.393723 200.000000 -9.393723
 44.200000 -0.945783 -0.324800 -0.227743 -0.973721 -1.901597 -2.911833 -0.324800 -0.945783 -0.973721 -0.227743 0.102950 41.180042 -0.356886 36.826908 200.000000 36.826908 0.013537 5.414679 -0.934148 -29.353406 200.000000 -29.353406 0.055933 22.373019 -0.950071 15.986109 200.000000 15.986109 0.710481 284.192377 -0.312033 -9.393723 200.000000 -9.393723
 44.400000 -0.971565 -0.236773 -0.296817 -0.954934 -1.809840 -2.840235 -0.236773 -0.971565 -0.954934 -0.296817 1.442708 577.083297 -0.356886 36.826908 200.000000 36.826908 0.140003 56.001375 -0.934148 -29.353406 200.000000 -29.353406 0.002365 0.946015 -0.950071 15.986109 200.000000 15.986109 0.023153 9.261228 -0.312033 -9.393723 200.000000 -9.393723
 44.600000 -0.941818 -0.336125 -0.279737 -0.960077 -1.913595 -2.858072 -0.336125 -0.941818 -0.960077 -0.279737 0.043104 17.241678 -0.356886 36.826908 200.000000 36.826908 0.005882 2.352935 -0.934148 -29.353406 200.000000 -29.353406 0.010011 4.004431 -0.950071 15.986109 200.000000 15.986109 0.104306 41.722293 -0.312033 -9.393723 200.000000 -9.393723
 44.800000 -0.961197 -0.275863 -0.329968 -0.943992 -1.850284 -2.805323 -0.275863 -0.961197 -0.943992 -0.329968 0.656474 262.589501 -0.356886 36.826908 200.000000 36.826908 0.073165 29.266067 -0.934148 -29.353406 200.000000 -29.353406 0.003696 1.478210 -0.950071 15.986109 200.000000 15.986109 0.032166 12.866275 -0.312033 -9.393723 200.000000 -9.393723
 45.000000 -0.926587 -0.376081 -0.271627 -0.962403 -1.956360 -2.866510 -0.376081 -0.926587 -0.962403 -0.271627 0.036845 14.737812 -0.356886 36.826908 200.000000 36.826908 0.005717 2.286828 -0.934148 -29.353406 200.000000 -29.353406 0.015207 6.082760 -0.950071 15.986109 200.000000 15.986109 0.163272 65.308830 -0.312033 -9.393723 200.000000 -9.393723
 45.200000 -0.917337 -0.398112 -0.322451 -0.946586 -1.980254 -2.813276 -0.398112 -0.917337 -0.946586 -0.322451 0.169959 67.983490 -0.356886 36.826908 200.000000 36.826908 0.028262 11.304606 -0.934148 -29.353406 200.000000 -29.353406 0.001214 0.485753 -0.950071 15.986109 200.000000 15.986109 0.010852 4.340620 -0.312033 -9.393723 200.000000 -9.393723
 45.400000 -0.928921 -0.370278 -0.320768 -0.947158 -1.950105 -2.815052 -0.370278 -0.928921 -0.947158 -0.320768 0.017935 7.173842 -0.356886 36.826908 200.000000 36.826908 0.002732 1.092847 -0.934148 -29.353406 200.000000 -29.353406 0.000849 0.339524 -0.950071 15.986109 200.000000 15.986109 0.007630 3.051934 -0.312033 -9.393723 200.000000 -9.393723
 45.600000 -0.916845 -0.399244 -0.270447 -0.962735 -1.981488 -2.867736 -0.399244 -0.916845 -0.962735 -0.270447 0.179415 71.765805 -0.356886 36.826908 200.000000 36.826908 0.029939 11.975698 -0.934148 -29.353406 200.000000 -29.353406 0.016037 6.414957 -0.950071 15.986109 200.000000 15.986109 0.172947 69.178902 -0.312033 -9.393723 200.000000 -9.393723
 45.800000 -0.968563 -0.248769 -0.424555 -0.905402 -1.822205 -2.703122 -0.248769 -0.968563 -0.905402 -0.424555 1.168943 467.577105 -0.356886 36.826908 200.000000 36.826908 0.118440 47.375954 -0.934148 -29.353406 200.000000 -29.353406 0.199532 79.812949 -0.950071 15.986109 200.000000 15.986109 1.266114 506.445509 -0.312033 -9.393723 200.000000 -9.393723
 46.000000 -0.886311 -0.463090 -0.354491 -0.935059 -2.052275 -2.779223 -0.463090 -0.886311 -0.935059 -0.354491 1.127924 451.169614 -0.356886 36.826908 200.000000 36.826908 0.228834 91.533587 -0.934148 -29.353406 200.000000 -29.353406 0.022535 9.013954 -0.950071 15.986109 200.000000 15.986109 0.180263 72.105150 -0.312033 -9.393723 200.000000 -9.393723
 46.200000 -0.895245 -0.445574 -0.283708 -0.958911 -2.032612 -2.853934 -0.445574 -0.895245 -0.958911 -0.283708 0.786557 314.622963 -0.356886 36.826908 200.000000 36.826908 0.151344 60.537407 -0.934148 -29.353406 200.000000 -29.353406 0.007814 3.125534 -0.950071 15.986109 200.000000 15.986109 0.080233 32.093138 -0.312033 -9.393723 200.000000 -9.393723
 46.400000 -0.907805 -0.419392 -0.219575 -0.975596 -2.003571 -2.920214 -0.419392 -0.907805 -0.975596 -0.219575 0.390694 156.277541 -0.356886 36.826908 200.000000 36.826908 0.069393 27.757086 -0.934148 -29.353406 200.000000 -29.353406 0.065150 26.060064 -0.950071 15.986109 200.000000 15.986109 0.854858 341.943358 -0.312033 -9.393723 200.000000 -9.393723
 46.600000 -0.943734 -0.330706 -0.318259 -0.948004 -1.907848 -2.817700 -0.330706 -0.943734 -0.948004 -0.318259 0.068539 27.415518 -0.356886 36.826908 200.000000 36.826908 0.009189 3.675550 -0.934148 -29.353406 200.000000 -29.353406 0.000427 0.170950 -0.950071 15.986109 200.000000 15.986109 0.003876 1.550289 -0.312033 -9.393723 200.000000 -9.393723
 46.800000 -0.935045 -0.354530 -0.298156 -0.954517 -1.933207 -2.838833 -0.354530 -0.935045 -0.954517 -0.298156 0.000555 0.222161 -0.356886 36.826908 200.000000 36.826908 0.000080 0.032182 -0.934148 -29.353406 200.000000 -29.353406 0.001977 0.790703 -0.950071 15.986109 200.000000 15.986109 0.019259 7.703475 -0.312033 -9.393723 200.000000 -9.393723
 47.000000 -0.942972 -0.332873 -0.208275 -0.978070 -1.910145 -2.931782 -0.332873 -0.942972 -0.978070 -0.208275 0.057664 23.065496 -0.356886 36.826908 200.000000 36.826908 0.007786 3.114396 -0.934148 -29.353406 200.000000 -29.353406 0.078395 31.358145 -0.950071 15.986109 200.000000 15.986109 1.076580 430.631945 -0.312033 -9.393723 200.000000 -9.393723
 47.200000 -0.928010 -0.372554 -0.279365 -0.960185 -1.952556 -2.858460 -0.372554 -0.928010 -0.960185 -0.279365 0.024549 9.819583 -0.356886 36.826908 200.000000 36.826908 0.003767 1.506745 -0.934148 -29.353406 200.000000 -29.353406 0.010229 4.091553 -0.950071 15.986109 200.000000 15.986109 0.106721 42.688477 -0.312033 -9.393723 200.000000 -9.393723
 47.400000 -0.895415 -0.445232 -0.368548 -0.929609 -2.032230 -2.764146 -0.445232 -0.895415 -0.929609 -0.368548 0.780499 312.199720 -0.356886 36.826908 200.000000 36.826908 0.150022 60.008754 -0.934148 -29.353406 200.000000 -29.353406 0.041871 16.748252 -0.950071 15.986109 200.000000 15.986109 0.319387 127.754836 -0.312033 -9.393723 200.000000 -9.393723
 47.600000 -0.930132 -0.367226 -0.222109 -0.975022 -1.946821 -2.917615 -0.367226 -0.930132 -0.975022 -0.222109 0.010691 4.276499 -0.356886 36.826908 200.000000 36.826908 0.001613 0.645176 -0.934148 -29.353406 200.000000 -29.353406 0.062253 24.901377 -0.950071 15.986109 200.000000 15.986109 0.808634 323.453567 -0.312033 -9.393723 200.000000 -9.393723
 47.800000 -0.932874 -0.360203 -0.302722 -0.953079 -1.939282 -2.834046 -0.360203 -0.932874 -0.953079 -0.302722 0.001100 0.440124 -0.356886 36.826908 200.000000 36.826908 0.000162 0.064927 -0.934148 -29.353406 200.000000 -29.353406 0.000905 0.361900 -0.950071 15.986109 200.000000 15.986109 0.008671 3.468409 -0.312033 -9.393723 200.000000 -9.393723
 48.000000 -0.935080 -0.354437 -0.379818 -0.925061 -1.933108 -2.751993 -0.354437 -0.935080 -0.925061 -0.379818 0.000600 0.239952 -0.356886 36.826908 200.000000 36.826908 0.000087 0.034748 -0.934148 -29.353406 200.000000 -29.353406 0.062550 25.020006 -0.950071 15.986109 200.000000 15.986109 0.459478 183.791380 -0.312033 -9.393723 200.000000 -9.393723
 48.200000 -0.948704 -0.316166 -0.247366 -0.968922 -1.892482 -2.891632 -0.316166 -0.948704 -0.968922 -0.247366 0.165812 66.324984 -0.356886 36.826908 200.000000 36.826908 0.021188 8.475057 -0.934148 -29.353406 200.000000 -29.353406 0.035536 14.214573 -0.950071 15.986109 200.000000 15.986109 0.418194 167.277441 -0.312033 -9.393723 200.000000 -9.393723
 48.400000 -0.953789 -0.300478 -0.283005 -0.959119 -1.875990 -2.854667 -0.300478 -0.953789 -0.959119 -0.283005 0.318190 127.276036 -0.356886 36.826908 200.000000 36.826908 0.038577 15.430634 -0.934148 -29.353406 200.000000 -29.353406 0.008186 3.274222 -0.950071 15.986109 200.000000 15.986109 0.084267 33.706730 -0.312033 -9.393723 200.000000 -9.393723
 48.600000 -0.941729 -0.336373 -0.250936 -0.968004 -1.913859 -2.887945 -0.336373 -0.941729 -0.968004 -0.250936 0.042080 16.831964 -0.356886 36.826908 200.000000 36.826908 0.005747 2.298885 -0.934148 -29.353406 200.000000 -29.353406 0.032157 12.862928 -0.950071 15.986109 200.000000 15.986109 0.373285 149.314029 -0.312033 -9.393723 200.000000 -9.393723
 48.800000 -0.920439 -0.390887 -0.216902 -0.976193 -1.972391 -2.922953 -0.390887 -0.920439 -0.976193 -0.216902 0.115602 46.240815 -0.356886 36.826908 200.000000 36.826908 0.018794 7.517448 -0.934148 -29.353406 200.000000 -29.353406 0.068237 27.294996 -0.950071 15.986109 200.000000 15.986109 0.905003 362.001071 -0.312033 -9.393723 200.000000 -9.393723
 49.000000 -0.914895 -0.403692 -0.196895 -0.980425 -1.986346 -2.943403 -0.403692 -0.914895 -0.980425 -0.196895 0.219083 87.633101 -0.356886 36.826908 200.000000 36.826908 0.037068 14.827321 -0.934148 -29.353406 200.000000 -29.353406 0.092134 36.853509 -0.950071 15.986109 200.000000 15.986109 1.325696 530.278235 -0.312033 -9.393723 200.000000 -9.393723
 49.200000 -0.939429 -0.342743 -0.271483 -0.962443 -1.920632 -2.866659 -0.342743 -0.939429 -0.962443 -0.271483 0.020003 8.001060 -0.356886 36.826908 200.000000 36.826908 0.002789 1.115682 -0.934148 -29.353406 200.000000 -29.353406 0.015307 6.122758 -0.950071 15.986109 200.000000 15.986109 0.164433 65.773391 -0.312033 -9.393723 200.000000 -9.393723
 49.400000 -0.877099 -0.480310 -0.281802 -0.959473 -2.071805 -2.855921 -0.480310 -0.877099 -0.959473 -0.281802 1.523344 609.337684 -0.356886 36.826908 200.000000 36.826908 0.325460 130.183946 -0.934148 -29.353406 200.000000 -29.353406 0.008839 3.535485 -0.950071 15.986109 200.000000 15.986109 0.091394 36.557451 -0.312033 -9.393723 200.000000 -9.393723
 49.600000 -0.928337 -0.371740 -0.195193 -0.980765 -1.951679 -2.945138 -0.371740 -0.928337 -0.980765 -0.195193 0.022063 8.825293 -0.356886 36.826908 200.000000 36.826908 0.003377 1.350682 -0.934148 -29.353406 200.000000 -29.353406 0.094210 37.683987 -0.950071 15.986109 200.000000 15.986109 1.365158 546.063318 -0.312033 -9.393723 200.000000 -9.393723
 49.800000 -0.950839 -0.309686 -0.201559 -0.979476 -1.885659 -2.938643 -0.309686 -0.950839 -0.979476 -0.201559 0.222786 89.114356 -0.356886 36.826908 200.000000 36.826908 0.027859 11.143600 -0.934148 -29.353406 200.000000 -29.353406 0.086467 34.586832 -0.950071 15.986109 200.000000 15.986109 1.220463 488.185312 -0.312033 -9.393723 200.000000 -9.393723
 50.000000 -0.909605 -0.415475 -0.262894 -0.964825 -1.999261 -2.875572 -0.415475 -0.909605 -0.964825 -0.262894 0.343264 137.305424 -0.356886 36.826908 200.000000 36.826908 0.060237 24.094798 -0.934148 -29.353406 200.000000 -29.353406 0.021767 8.706782 -0.950071 15.986109 200.000000 15.986109 0.241469 96.587753 -0.312033 -9.393723 200.000000 -9.393723
 50.200000 -0.930860 -0.365376 -0.228610 -0.973518 -1.944833 -2.910943 -0.365376 -0.930860 -0.973518 -0.228610 0.007208 2.883184 -0.356886 36.826908 200.000000 36.826908 0.001081 0.432415 -0.934148 -29.353406 200.000000 -29.353406 0.054976 21.990548 -0.950071 15.986109 200.000000 15.986109 0.695952 278.380838 -0.312033 -9.393723 200.000000 -9.393723
 50.400000 -0.938221 -0.346038 -0.235183 -0.971951 -1.924141 -2.904186 -0.346038 -0.938221 -0.971951 -0.235183 0.011769 4.707605 -0.356886 36.826908 200.000000 36.826908 0.001659 0.663490 -0.934148 -29.353406 200.000000 -29.353406 0.047873 19.149322 -0.950071 15.986109 200.000000 15.986109 0.590598 236.239103 -0.312033 -9.393723 200.000000 -9.393723
 50.600000 -0.892211 -0.451619 -0.361547 -0.932354 -2.039375 -2.771666 -0.451619 -0.892211 -0.932354 -0.361547 0.897422 358.968811 -0.356886 36.826908 200.000000 36.826908 0.175869 70.347658 -0.934148 -29.353406 200.000000 -29.353406 0.031390 12.555979 -0.950071 15.986109 200.000000 15.986109 0.245159 98.063431 -0.312033 -9.393723 200.000000 -9.393723
 50.800000 -0.896431 -0.443182 -0.293397 -0.955991 -2.029942 -2.843815 -0.443182 -0.896431 -0.955991 -0.293397 0.744704 297.881486 -0.356886 36.826908 200.000000 36.826908 0.142253 56.901136 -0.934148 -29.353406 200.000000 -29.353406 0.003504 1.401687 -0.950071 15.986109 200.000000 15.986109 0.034733 13.893026 -0.312033 -9.393723 200.000000 -9.393723
 51.000000 -0.936931 -0.349515 -0.287906 -0.957659 -1.927849 -2.849553 -0.349515 -0.936931 -0.957659 -0.287906 0.005434 2.173535 -0.356886 36.826908 200.000000 36.826908 0.000775 0.309803 -0.934148 -29.353406 200.000000 -29.353406 0.005757 2.302789 -0.950071 15.986109 200.000000 15.986109 0.058212 23.284805 -0.312033 -9.393723 200.000000 -9.393723
 51.200000 -0.928437 -0.371490 -0.320398 -0.947283 -1.951409 -2.815443 -0.371490 -0.928437 -0.947283 -0.320398 0.021326 8.530516 -0.356886 36.826908 200.000000 36.826908 0.003261 1.304531 -0.934148 -29.353406 200.000000 -29.353406 0.000777 0.310956 -0.950071 15.986109 200.000000 15.986109 0.006997 2.798782 -0.312033 -9.393723 200.000000 -9.393723
 51.400000 -0.923487 -0.383630 -0.295987 -0.955192 -1.964520 -2.841104 -0.383630 -0.923487 -0.955192 -0.295987 0.071522 28.608781 -0.356886 36.826908 200.000000 36.826908 0.011365 4.546190 -0.934148 -29.353406 200.000000 -29.353406 0.002622 1.048876 -0.950071 15.986109 200.000000 15.986109 0.025748 10.299050 -0.312033 -9.393723 200.000000 -9.393723
 51.600000 -0.939128 -0.343568 -0.298396 -0.954442 -1.921510 -2.838581 -0.343568 -0.939128 -0.954442 -0.298396 0.017737 7.094701 -0.356886 36.826908 200.000000 36.826908 0.002480 0.991952 -0.934148 -29.353406 200.000000 -29.353406 0.001911 0.764260 -0.950071 15.986109 200.000000 15.986109 0.018599 7.439406 -0.312033 -9.393723 200.000000 -9.393723
 51.800000 -0.934039 -0.357170 -0.218629 -0.975808 -1.936032 -2.921184 -0.357170 -0.934039 -0.975808 -0.218629 0.000008 0.003215 -0.356886 36.826908 200.000000 36.826908 0.000001 0.000470 -0.934148 -29.353406 200.000000 -29.353406 0.066240 26.495815 -0.950071 15.986109 200.000000 15.986109 0.872448 348.979137 -0.312033 -9.393723 200.000000 -9.393723
 52.000000 -0.903897 -0.427751 -0.296294 -0.955097 -2.012799 -2.840783 -0.427751 -0.903897 -0.955097 -0.296294 0.502176 200.870215 -0.356886 36.826908 200.000000 36.826908 0.091513 36.605029 -0.934148 -29.353406 200.000000 -29.353406 0.002526 1.010321 -0.950071 15.986109 200.000000 15.986109 0.024774 9.909494 -0.312033 -9.393723 200.000000 -9.393723
 52.200000 -0.917898 -0.396817 -0.252358 -0.967634 -1.978842 -2.886476 -0.396817 -0.917898 -0.967634 -0.252358 0.159443 63.777215 -0.356886 36.826908 200.000000 36.826908 0.026406 10.562393 -0.934148 -29.353406 200.000000 -29.353406 0.030845 12.337967 -0.950071 15.986109 200.000000 15.986109 0.356111 142.444518 -0.312033 -9.393723 200.000000 -9.393723
 52.400000 -0.924644 -0.380832 -0.244877 -0.969554 -1.961492 -2.894199 -0.380832 -0.924644 -0.969554 -0.244877 0.057339 22.935506 -0.356886 36.826908 200.000000 36.826908 0.009032 3.612662 -0.934148 -29.353406 200.000000 -29.353406 0.037959 15.183415 -0.950071 15.986109 200.000000 15.986109 0.450994 180.397735 -0.312033 -9.393723 200.000000 -9.393723
 52.600000 -0.938637 -0.344906 -0.306848 -0.951758 -1.922935 -2.829713 -0.344906 -0.938637 -0.951758 -0.306848 0.014352 5.740901 -0.356886 36.826908 200.000000 36.826908 0.002015 0.806160 -0.934148 -29.353406 200.000000 -29.353406 0.000285 0.113877 -0.950071 15.986109 200.000000 15.986109 0.002688 1.075381 -0.312033 -9.393723 200.000000 -9.393723
 52.800000 -0.914186 -0.405295 -0.355999 -0.934486 -1.988098 -2.777609 -0.405295 -0.914186 -0.934486 -0.355999 0.234340 93.736197 -0.356886 36.826908 200.000000 36.826908 0.039848 15.939068 -0.934148 -29.353406 200.000000 -29.353406 0.024289 9.715597 -0.950071 15.986109 200.000000 15.986109 0.193300 77.320134 -0.312033 -9.393723 200.000000 -9.393723
 53.000000 -0.934989 -0.354676 -0.256204 -0.966623 -1.933364 -2.882500 -0.354676 -0.934989 -0.966623 -0.256204 0.000488 0.195360 -0.356886 36.826908 200.000000 36.826908 0.000071 0.028313 -0.934148 -29.353406 200.000000 -29.353406 0.027396 10.958250 -0.950071 15.986109 200.000000 15.986109 0.311693 124.677209 -0.312033 -9.393723 200.000000 -9.393723
 53.200000 -0.938794 -0.344478 -0.171570 -0.985172 -1.922479 -2.969169 -0.344478 -0.938794 -0.985172 -0.171570 0.015396 6.158585 -0.356886 36.826908 200.000000 36.826908 0.002159 0.863613 -0.934148 -29.353406 200.000000 -29.353406 0.123206 49.282529 -0.950071 15.986109 200.000000 15.986109 1.972989 789.195576 -0.312033 -9.393723 200.000000 -9.393723
 53.400000 -0.906415 -0.422389 -0.342782 -0.939415 -2.006876 -2.791716 -0.422389 -0.906415 -0.939415 -0.342782 0.429060 171.624126 -0.356886 36.826908 200.000000 36.826908 0.076913 30.765134 -0.934148 -29.353406 200.000000 -29.353406 0.011355 4.542103 -0.950071 15.986109 200.000000 15.986109 0.094547 37.818706 -0.312033 -9.393723 200.000000 -9.393723
 53.600000 -0.929032 -0.370000 -0.147359 -0.989083 -1.949805 -2.993695 -0.370000 -0.929032 -0.989083 -0.147359 0.017197 6.878780 -0.356886 36.826908 200.000000 36.826908 0.002617 1.046971 -0.934148 -29.353406 200.000000 -29.353406 0.152193 60.877155 -0.950071 15.986109 200.000000 15.986109 2.711757 1084.702642 -0.312033 -9.393723 200.000000 -9.393723
 53.800000 -0.944889 -0.327389 -0.182405 -0.983223 -1.904336 -2.958160 -0.327389 -0.944889 -0.983223 -0.182405 0.087006 34.802376 -0.356886 36.826908 200.000000 36.826908 0.011538 4.615304 -0.934148 -29.353406 200.000000 -29.353406 0.109908 43.963039 -0.950071 15.986109 200.000000 15.986109 1.680346 672.138570 -0.312033 -9.393723 200.000000 -9.393723
 54.000000 -0.915515 -0.402285 -0.357138 -0.934052 -1.984807 -2.776390 -0.402285 -0.915515 -0.934052 -0.357138 0.206102 82.440752 -0.356886 36.826908 200.000000 36.826908 0.034720 13.887883 -0.934148 -29.353406 200.000000 -29.353406 0.025663 10.265116 -0.950071 15.986109 200.000000 15.986109 0.203445 81.377990 -0.312033 -9.393723 200.000000 -9.393723
 54.200000 -0.962258 -0.272140 -0.319716 -0.947513 -1.846412 -2.816163 -0.272140 -0.962258 -0.947513 -0.319716 0.718195 287.278028 -0.356886 36.826908 200.000000 36.826908 0.079016 31.606560 -0.934148 -29.353406 200.000000 -29.353406 0.000654 0.261692 -0.950071 15.986109 200.000000 15.986109 0.005903 2.361040 -0.312033 -9.393723 200.000000 -9.393723
 54.400000 -0.946462 -0.322816 -0.262416 -0.964955 -1.899500 -2.876068 -0.322816 -0.946462 -0.964955 -0.262416 0.116077 46.430793 -0.356886 36.826908 200.000000 36.826908 0.015163 6.065218 -0.934148 -29.353406 200.000000 -29.353406 0.022153 8.861144 -0.950071 15.986109 200.000000 15.986109 0.246193 98.477317 -0.312033 -9.393723 200.000000 -9.393723
 54.600000 -0.936807 -0.349846 -0.285289 -0.958442 -1.928203 -2.852285 -0.349846 -0.936807 -0.958442 -0.285289 0.004956 1.982585 -0.356886 36.826908 200.000000 36.826908 0.000707 0.282888 -0.934148 -29.353406 200.000000 -29.353406 0.007007 2.802634 -0.950071 15.986109 200.000000 15.986109 0.071529 28.611423 -0.312033 -9.393723 200.000000 -9.393723
 54.800000 -0.918171 -0.396184 -0.283501 -0.958972 -1.978153 -2.854150 -0.396184 -0.918171 -0.958972 -0.283501 0.154432 61.772866 -0.356886 36.826908 200.000000 36.826908 0.025526 10.210270 -0.934148 -29.353406 200.000000 -29.353406 0.007922 3.168985 -0.950071 15.986109 200.000000 15.986109 0.081410 32.564013 -0.312033 -9.393723 200.000000 -9.393723
 55.000000 -0.941275 -0.337641 -0.320802 -0.947146 -1.915206 -2.815017 -0.337641 -0.941275 -0.947146 -0.320802 0.037036 14.814541 -0.356886 36.826908 200.000000 36.826908 0.005079 2.031744 -0.934148 -29.353406 200.000000 -29.353406 0.000855 0.342183 -0.950071 15.986109 200.000000 15.986109 0.007689 3.075468 -0.312033 -9.393723 200.000000 -9.393723
 55.200000 -0.944361 -0.328911 -0.335663 -0.941982 -1.905947 -2.799284 -0.328911 -0.944361 -0.941982 -0.335663 0.078260 31.303884 -0.356886 36.826908 200.000000 36.826908 0.010430 4.172185 -0.934148 -29.353406 200.000000 -29.353406 0.006543 2.617222 -0.950071 15.986109 200.000000 15.986109 0.055835 22.333897 -0.312033 -9.393723 200.000000 -9.393723
 55.400000 -0.932702 -0.360648 -0.357768 -0.933811 -1.939759 -2.775717 -0.360648 -0.932702 -0.933811 -0.357768 0.001415 0.566060 -0.356886 36.826908 200.000000 36.826908 0.000209 0.083624 -0.934148 -29.353406 200.000000 -29.353406 0.026440 10.576059 -0.950071 15.986109 200.000000 15.986109 0.209160 83.664193 -0.312033 -9.393723 200.000000 -9.393723
 55.600000 -0.959002 -0.283399 -0.267960 -0.963430 -1.858133 -2.870318 -0.283399 -0.959002 -0.963430 -0.267960 0.540031 216.012391 -0.356886 36.826908 200.000000 36.826908 0.061773 24.709060 -0.934148 -29.353406 200.000000 -29.353406 0.017846 7.138563 -0.950071 15.986109 200.000000 15.986109 0.194251 77.700320 -0.312033 -9.393723 200.000000 -9.393723
 55.800000 -0.956223 -0.292639 -0.231152 -0.972918 -1.867781 -2.908331 -0.292639 -0.956223 -0.972918 -0.231152 0.412775 165.109887 -0.356886 36.826908 200.000000 36.826908 0.048732 19.492638 -0.934148 -29.353406 200.000000 -29.353406 0.052197 20.878684 -0.950071 15.986109 200.000000 15.986109 0.654185 261.674162 -0.312033 -9.393723 200.000000 -9.393723
 56.000000 -0.918174 -0.396176 -0.316860 -0.948472 -1.978145 -2.819176 -0.396176 -0.918174 -0.948472 -0.316860 0.154372 61.748735 -0.356886 36.826908 200.000000 36.826908 0.025515 10.206037 -0.934148 -29.353406 200.000000 -29.353406 0.000256 0.102246 -0.950071 15.986109 200.000000 15.986109 0.002330 0.931820 -0.312033 -9.393723 200.000000 -9.393723
 56.200000 -0.918520 -0.395375 -0.241009 -0.970523 -1.977272 -2.898187 -0.395375 -0.918520 -0.970523 -0.241009 0.148138 59.255086 -0.356886 36.826908 200.000000 36.826908 0.024423 9.769398 -0.934148 -29.353406 200.000000 -29.353406 0.041827 16.730922 -0.950071 15.986109 200.000000 15.986109 0.504445 201.778009 -0.312033 -9.393723 200.000000 -9.393723
 56.400000 -0.918554 -0.395297 -0.246729 -0.969084 -1.977187 -2.892289 -0.395297 -0.918554 -0.969084 -0.246729 0.147536 59.014402 -0.356886 36.826908 200.000000 36.826908 0.024318 9.727338 -0.934148 -29.353406 200.000000 -29.353406 0.036151 14.460317 -0.950071 15.986109 200.000000 15.986109 0.426465 170.586058 -0.312033 -9.393723 200.000000 -9.393723
 56.600000 -0.914254 -0.405141 -0.297466 -0.954732 -1.987929 -2.839555 -0.405141 -0.914254 -0.954732 -0.297466 0.232848 93.139071 -0.356886 36.826908 200.000000 36.826908 0.039575 15.829942 -0.934148 -29.353406 200.000000 -29.353406 0.002173 0.869099 -0.950071 15.986109 200.000000 15.986109 0.021221 8.488345 -0.312033 -9.393723 200.000000 -9.393723
 56.800000 -0.931741 -0.363124 -0.295678 -0.955288 -1.942415 -2.841428 -0.363124 -0.931741 -0.955288 -0.295678 0.003891 1.556445 -0.356886 36.826908 200.000000 36.826908 0.000579 0.231761 -0.934148 -29.353406 200.000000 -29.353406 0.002721 1.088512 -0.950071 15.986109 200.000000 15.986109 0.026751 10.700204 -0.312033 -9.393723 200.000000 -9.393723
 57.000000 -0.946646 -0.322275 -0.228827 -0.973467 -1.898928 -2.910720 -0.322275 -0.946646 -0.973467 -0.228827 0.119793 47.917151 -0.356886 36.826908 200.000000 36.826908 0.015620 6.248194 -0.934148 -29.353406 200.000000 -29.353406 0.054737 21.894847 -0.950071 15.986109 200.000000 15.986109 0.692330 276.931879 -0.312033 -9.393723 200.000000 -9.393723
 57.200000 -0.953004 -0.302958 -0.266463 -0.963845 -1.878591 -2.871871 -0.302958 -0.953004 -0.963845 -0.266463 0.290824 116.329516 -0.356886 36.826908 200.000000 36.826908 0.035555 14.221955 -0.934148 -29.353406 200.000000 -29.353406 0.018972 7.588920 -0.950071 15.986109 200.000000 15.986109 0.207665 83.066179 -0.312033 -9.393723 200.000000 -9.393723
 57.400000 -0.889804 -0.456343 -0.284153 -0.958779 -2.044678 -2.853469 -0.456343 -0.889804 -0.958779 -0.284153 0.989174 395.669637 -0.356886 36.826908 200.000000 36.826908 0.196640 78.656126 -0.934148 -29.353406 200.000000 -29.353406 0.007582 3.032970 -0.950071 15.986109 200.000000 15.986109 0.077730 31.091872 -0.312033 -9.393723 200.000000 -9.393723
 57.600000 -0.918334 -0.395805 -0.248188 -0.968712 -1.977741 -2.890783 -0.395805 -0.918334 -0.968712 -0.248188 0.151470 60.588106 -0.356886 36.826908 200.000000 36.826908 0.025007 10.002612 -0.934148 -29.353406 200.000000 -29.353406 0.034748 13.899002 -0.950071 15.986109 200.000000 15.986109 0.407620 163.047946 -0.312033 -9.393723 200.000000 -9.393723
 57.800000 -0.886623 -0.462494 -0.149708 -0.988730 -2.051602 -2.991320 -0.462494 -0.886623 -0.988730 -0.149708 1.115290 446.115969 -0.356886 36.826908 200.000000 36.826908 0.225864 90.345759 -0.934148 -29.353406 200.000000 -29.353406 0.149453 59.781250 -0.950071 15.986109 200.000000 15.986109 2.634962 1053.984734 -0.312033 -9.393723 200.000000 -9.393723
 58.000000 -0.876677 -0.481079 -0.226202 -0.974080 -2.072682 -2.913416 -0.481079 -0.876677 -0.974080 -0.226202 1.542387 616.954847 -0.356886 36.826908 200.000000 36.826908 0.330288 132.115108 -0.934148 -29.353406 200.000000 -29.353406 0.057645 23.057829 -0.950071 15.986109 200.000000 15.986109 0.736703 294.681085 -0.312033 -9.393723 200.000000 -9.393723
 58.200000 -0.890213 -0.455545 -0.344135 -0.938920 -2.043780 -2.790275 -0.455545 -0.890213 -0.938920 -0.344135 0.973347 389.338669 -0.356886 36.826908 200.000000 36.826908 0.193027 77.210931 -0.934148 -29.353406 200.000000 -29.353406 0.012434 4.973690 -0.950071 15.986109 200.000000 15.986109 0.103050 41.220019 -0.312033 -9.393723 200.000000 -9.393723
 58.400000 -0.931015 -0.364982 -0.247048 -0.969003 -1.944409 -2.891960 -0.364982 -0.931015 -0.969003 -0.247048 0.006554 2.621473 -0.356886 36.826908 200.000000 36.826908 0.000982 0.392670 -0.934148 -29.353406 200.000000 -29.353406 0.035843 14.337144 -0.950071 15.986109 200.000000 15.986109 0.422315 168.926061 -0.312033 -9.393723 200.000000 -9.393723
 58.600000 -0.886590 -0.462556 -0.333862 -0.942622 -2.051672 -2.801195 -0.462556 -0.886590 -0.942622 -0.333862 1.116609 446.643591 -0.356886 36.826908 200.000000 36.826908 0.226174 90.469633 -0.934148 -29.353406 200.000000 -29.353406 0.005549 2.219663 -0.950071 15.986109 200.000000 15.986109 0.047650 19.059984 -0.312033 -9.393723 200.000000 -9.393723
 58.800000 -0.880633 -0.473800 -0.423928 -0.905696 -2.064397 -2.703815 -0.473800 -0.880633 -0.905696 -0.423928 1.366872 546.748949 -0.356886 36.826908 200.000000 36.826908 0.286387 114.554786 -0.934148 -29.353406 200.000000 -29.353406 0.196917 78.766623 -0.950071 15.986109 200.000000 15.986109 1.252042 500.816732 -0.312033 -9.393723 200.000000 -9.393723
 59.000000 -0.911113 -0.412157 -0.277393 -0.960757 -1.995617 -2.860513 -0.412157 -0.911113 -0.960757 -0.277393 0.305488 122.195074 -0.356886 36.826908 200.000000 36.826908 0.053062 21.224621 -0.934148 -29.353406 200.000000 -29.353406 0.011418 4.567117 -0.950071 15.986109 200.000000 15.986109 0.119996 47.998304 -0.312033 -9.393723 200.000000 -9.393723
 59.200000 -0.924704 -0.380687 -0.346301 -0.938123 -1.961336 -2.787967 -0.380687 -0.924704 -0.938123 -0.346301 0.056650 22.659811 -0.356886 36.826908 200.000000 36.826908 0.008919 3.567611 -0.934148 -29.353406 200.000000 -29.353406 0.014275 5.709927 -0.950071 15.986109 200.000000 15.986109 0.117428 46.971090 -0.312033 -9.393723 200.000000 -9.393723
 59.400000 -0.906253 -0.422735 -0.401061 -0.916051 -2.007257 -2.728918 -0.422735 -0.906253 -0.916051 -0.401061 0.433604 173.441710 -0.356886 36.826908 200.000000 36.826908 0.077810 31.124017 -0.934148 -29.353406 200.000000 -29.353406 0.115735 46.294144 -0.950071 15.986109 200.000000 15.986109 0.792596 317.038356 -0.312033 -9.393723 200.000000 -9.393723
 59.600000 -0.943874 -0.330307 -0.306970 -0.951719 -1.907425 -2.829585 -0.330307 -0.943874 -0.951719 -0.306970 0.070648 28.259056 -0.356886 36.826908 200.000000 36.826908 0.009459 3.783674 -0.934148 -29.353406 200.000000 -29.353406 0.000272 0.108642 -0.950071 15.986109 200.000000 15.986109 0.002564 1.025505 -0.312033 -9.393723 200.000000 -9.393723
 59.800000 -0.940416 -0.340026 -0.224976 -0.974364 -1.917741 -2.914674 -0.340026 -0.940416 -0.974364 -0.224976 0.028426 11.370421 -0.356886 36.826908 200.000000 36.826908 0.003929 1.571565 -0.934148 -29.353406 200.000000 -29.353406 0.059016 23.606452 -0.950071 15.986109 200.000000 15.986109 0.757904 303.161404 -0.312033 -9.393723 200.000000 -9.393723
 60.000000 -0.921661 -0.387996 -0.352463 -0.935826 -1.969253 -2.781391 -0.387996 -0.921661 -0.935826 -0.352463 0.096783 38.713006 -0.356886 36.826908 200.000000 36.826908 0.015592 6.236856 -0.934148 -29.353406 200.000000 -29.353406 0.020293 8.117152 -0.950071 15.986109 200.000000 15.986109 0.163454 65.381440 -0.312033 -9.393723 200.000000 -9.393723
 60.200000 -0.950403 -0.311021 -0.309654 -0.950849 -1.887063 -2.826764 -0.311021 -0.950403 -0.950849 -0.309654 0.210363 84.145380 -0.356886 36.826908 200.000000 36.826908 0.026423 10.569308 -0.934148 -29.353406 200.000000 -29.353406 0.000061 0.024229 -0.950071 15.986109 200.000000 15.986109 0.000566 0.226530 -0.312033 -9.393723 200.000000 -9.393723
 60.400000 -0.930536 -0.366200 -0.233985 -0.972240 -1.945719 -2.905418 -0.366200 -0.930536 -0.972240 -0.233985 0.008675 3.469983 -0.356886 36.826908 200.000000 36.826908 0.001304 0.521792 -0.934148 -29.353406 200.000000 -29.353406 0.049147 19.658666 -0.950071 15.986109 200.000000 15.986109 0.609153 243.661308 -0.312033 -9.393723 200.000000 -9.393723
 60.600000 -0.906511 -0.422182 -0.270135 -0.962822 -2.006647 -2.868059 -0.422182 -0.906511 -0.962822 -0.270135 0.426349 170.539729 -0.356886 36.826908 200.000000 36.826908 0.076378 30.551281 -0.934148 -29.353406 200.000000 -29.353406 0.016259 6.503777 -0.950071 15.986109 200.000000 15.986109 0.175545 70.218156 -0.312033 -9.393723 200.000000 -9.393723
 60.800000 -0.945926 -0.324382 -0.153379 -0.988167 -1.901155 -2.987606 -0.324382 -0.945926 -0.988167 -0.153379 0.105649 42.259718 -0.356886 36.826908 200.000000 36.826908 0.013872 5.548986 -0.934148 -29.353406 200.000000 -29.353406 0.145133 58.053343 -0.950071 15.986109 200.000000 15.986109 2.517134 1006.853716 -0.312033 -9.393723 200.000000 -9.393723
 61.000000 -0.937749 -0.347315 -0.271875 -0.962332 -1.925502 -2.866251 -0.347315 -0.937749 -0.962332 -0.271875 0.009161 3.664504 -0.356886 36.826908 200.000000 36.826908 0.001297 0.518615 -0.934148 -29.353406 200.000000 -29.353406 0.015034 6.013610 -0.950071 15.986109 200.000000 15.986109 0.161267 64.506608 -0.312033 -9.393723 200.000000 -9.393723
 61.200000 -0.942494 -0.334222 -0.186172 -0.982517 -1.911576 -2.954328 -0.334222 -0.942494 -0.982517 -0.186172 0.051365 20.546187 -0.356886 36.826908 200.000000 36.826908 0.006966 2.786511 -0.934148 -29.353406 200.000000 -29.353406 0.105274 42.109757 -0.950071 15.986109 200.000000 15.986109 1.584106 633.642278 -0.312033 -9.393723 200.000000 -9.393723
 61.400000 -0.950642 -0.310291 -0.254119 -0.967173 -1.886296 -2.884656 -0.310291 -0.950642 -0.967173 -0.254119 0.217110 86.844060 -0.356886 36.826908 200.000000 36.826908 0.027204 10.881707 -0.934148 -29.353406 200.000000 -29.353406 0.029247 11.698959 -0.950071 15.986109 200.000000 15.986109 0.335410 134.163831 -0.312033 -9.393723 200.000000 -9.393723
 61.600000 -0.957412 -0.288724 -0.356306 -0.934369 -1.863691 -2.777281 -0.288724 -0.957412 -0.934369 -0.356306 0.464602 185.840913 -0.356886 36.826908 200.000000 36.826908 0.054123 21.649232 -0.934148 -29.353406 200.000000 -29.353406 0.024655 9.861980 -0.950071 15.986109 200.000000 15.986109 0.196008 78.403305 -0.312033 -9.393723 200.000000 -9.393723
 61.800000 -0.927062 -0.374909 -0.340675 -0.940181 -1.955095 -2.793958 -0.374909 -0.927062 -0.940181 -0.340675 0.032481 12.992409 -0.356886 36.826908 200.000000 36.826908 0.005021 2.008528 -0.934148 -29.353406 200.000000 -29.353406 0.009781 3.912414 -0.950071 15.986109 200.000000 15.986109 0.082033 32.813021 -0.312033 -9.393723 200.000000 -9.393723
 62.000000 -0.905066 -0.425271 -0.270073 -0.962840 -2.010058 -2.868123 -0.425271 -0.905066 -0.962840 -0.270073 0.467648 187.059047 -0.356886 36.826908 200.000000 36.826908 0.084575 33.830026 -0.934148 -29.353406 200.000000 -29.353406 0.016304 6.521507 -0.950071 15.986109 200.000000 15.986109 0.176065 70.425840 -0.312033 -9.393723 200.000000 -9.393723
 62.200000 -0.924322 -0.381613 -0.341098 -0.940028 -1.962337 -2.793508 -0.381613 -0.924322 -0.940028 -0.341098 0.061142 24.456993 -0.356886 36.826908 200.000000 36.826908 0.009655 3.861823 -0.934148 -29.353406 200.000000 -29.353406 0.010087 4.034756 -0.950071 15.986109 200.000000 15.986109 0.084474 33.789769 -0.312033 -9.393723 200.000000 -9.393723
 62.400000 -0.916519 -0.399991 -0.339292 -0.940681 -1.982304 -2.795429 -0.399991 -0.916519 -0.940681 -0.339292 0.185804 74.321627 -0.356886 36.826908 200.000000 36.826908 0.031078 12.431108 -0.934148 -29.353406 200.000000 -29.353406 0.008817 3.526873 -0.950071 15.986109 200.000000 15.986109 0.074302 29.720976 -0.312033 -9.393723 200.000000 -9.393723
 62.600000 -0.914259 -0.405129 -0.347295 -0.937756 -1.987917 -2.786908 -0.405129 -0.914259 -0.937756 -0.347295 0.232741 93.096507 -0.356886 36.826908 200.000000 36.826908 0.039555 15.822166 -0.934148 -29.353406 200.000000 -29.353406 0.015166 6.066426 -0.950071 15.986109 200.000000 15.986109 0.124335 49.734094 -0.312033 -9.393723 200.000000 -9.393723
 62.800000 -0.862775 -0.505589 -0.221808 -0.975090 -2.100860 -2.917925 -0.505589 -0.862775 -0.975090 -0.221808 2.211239 884.495642 -0.356886 36.826908 200.000000 36.826908 0.509413 203.765101 -0.934148 -29.353406 200.000000 -29.353406 0.062597 25.038640 -0.950071 15.986109 200.000000 15.986109 0.814069 325.627449 -0.312033 -9.393723 200.000000 -9.393723
 63.000000 -0.905498 -0.424350 -0.333875 -0.942617 -2.009041 -2.801181 -0.424350 -0.905498 -0.942617 -0.333875 0.455139 182.055784 -0.356886 36.826908 200.000000 36.826908 0.082081 32.832275 -0.934148 -29.353406 200.000000 -29.353406 0.005556 2.222385 -0.950071 15.986109 200.000000 15.986109 0.047706 19.082507 -0.312033 -9.393723 200.000000 -9.393723
 63.200000 -0.915940 -0.401316 -0.294078 -0.955781 -1.983749 -2.843102 -0.401316 -0.915940 -0.955781 -0.294078 0.197398 78.959338 -0.356886 36.826908 200.000000 36.826908 0.033153 13.261380 -0.934148 -29.353406 200.000000 -29.353406 0.003261 1.304312 -0.950071 15.986109 200.000000 15.986109 0.032240 12.896001 -0.312033 -9.393723 200.000000 -9.393723
 63.400000 -0.942679 -0.333701 -0.301731 -0.953393 -1.911023 -2.835085 -0.333701 -0.942679 -0.953393 -0.301731 0.053755 21.502018 -0.356886 36.826908 200.000000 36.826908 0.007278 2.911173 -0.934148 -29.353406 200.000000 -29.353406 0.001104 0.441440 -0.950071 15.986109 200.000000 15.986109 0.010614 4.245785 -0.312033 -9.393723 200.000000 -9.393723
 63.600000 -0.944618 -0.328172 -0.232115 -0.972688 -1.905164 -2.907341 -0.328172 -0.944618 -0.972688 -0.232115 0.082451 32.980302 -0.356886 36.826908 200.000000 36.826908 0.010962 4.384946 -0.934148 -29.353406 200.000000 -29.353406 0.051154 20.461610 -0.950071 15.986109 200.000000 15.986109 0.638697 255.478943 -0.312033 -9.393723 200.000000 -9.393723
 63.800000 -0.928381 -0.371629 -0.253837 -0.967247 -1.951559 -2.884948 -0.371629 -0.928381 -0.967247 -0.253837 0.021734 8.693522 -0.356886 36.826908 200.000000 36.826908 0.003325 1.330045 -0.934148 -29.353406 200.000000 -29.353406 0.029502 11.800607 -0.950071 15.986109 200.000000 15.986109 0.338688 135.475069 -0.312033 -9.393723 200.000000 -9.393723
 64.000000 -0.931320 -0.364201 -0.238335 -0.971183 -1.943571 -2.900942 -0.364201 -0.931320 -0.971183 -0.238335 0.005350 2.140089 -0.356886 36.826908 200.000000 36.826908 0.000799 0.319765 -0.934148 -29.353406 200.000000 -29.353406 0.044571 17.828543 -0.950071 15.986109 200.000000 15.986109 0.543149 217.259469 -0.312033 -9.393723 200.000000 -9.393723
 64.200000 -0.952637 -0.304110 -0.127755 -0.991806 -1.879800 -3.013488 -0.304110 -0.952637 -0.991806 -0.127755 0.278538 111.415034 -0.356886 36.826908 200.000000 36.826908 0.034185 13.674025 -0.934148 -29.353406 200.000000 -29.353406 0.174178 69.671197 -0.950071 15.986109 200.000000 15.986109 3.395854 1358.341539 -0.312033 -9.393723 200.000000 -9.393723
 64.400000 -0.919231 -0.393718 -0.236187 -0.971708 -1.975469 -2.903153 -0.393718 -0.919231 -0.971708 -0.236187 0.135658 54.263003 -0.356886 36.826908 200.000000 36.826908 0.022250 8.900147 -0.934148 -29.353406 200.000000 -29.353406 0.046814 18.725462 -0.950071 15.986109 200.000000 15.986109 0.575266 230.106329 -0.312033 -9.393723 200.000000 -9.393723
 64.600000 -0.931955 -0.362574 -0.299613 -0.954061 -1.941825 -2.837306 -0.362574 -0.931955 -0.954061 -0.299613 0.003235 1.294169 -0.356886 36.826908 200.000000 36.826908 0.000481 0.192368 -0.934148 -29.353406 200.000000 -29.353406 0.001592 0.636739 -0.950071 15.986109 200.000000 15.986109 0.015427 6.170997 -0.312033 -9.393723 200.000000 -9.393723
 64.800000 -0.960456 -0.278432 -0.190349 -0.981716 -1.852957 -2.950075 -0.278432 -0.960456 -0.981716 -0.190349 0.615509 246.203486 -0.356886 36.826908 200.000000 36.826908 0.069212 27.684698 -0.934148 -29.353406 200.000000 -29.353406 0.100142 40.056940 -0.950071 15.986109 200.000000 15.986109 1.480699 592.279574 -0.312033 -9.393723 200.000000 -9.393723
 65.000000 -0.946369 -0.323088 -0.202610 -0.979259 -1.899787 -2.937570 -0.323088 -0.946369 -0.979259 -0.202610 0.114230 45.691960 -0.356886 36.826908 200.000000 36.826908 0.014935 5.974075 -0.934148 -29.353406 200.000000 -29.353406 0.085196 34.078381 -0.950071 15.986109 200.000000 15.986109 1.197344 478.937643 -0.312033 -9.393723 200.000000 -9.393723
 65.200000 -0.933186 -0.359394 -0.301416 -0.953493 -1.938415 -2.835415 -0.359394 -0.933186 -0.953493 -0.301416 0.000629 0.251601 -0.356886 36.826908 200.000000 36.826908 0.000093 0.037020 -0.934148 -29.353406 200.000000 -29.353406 0.001171 0.468264 -0.950071 15.986109 200.000000 15.986109 0.011272 4.508868 -0.312033 -9.393723 200.000000 -9.393723
 65.400000 -0.904140 -0.427235 -0.246223 -0.969213 -2.012229 -2.892811 -0.427235 -0.904140 -0.969213 -0.246223 0.494900 197.960105 -0.356886 36.826908 200.000000 36.826908 0.090045 36.017806 -0.934148 -29.353406 200.000000 -29.353406 0.036642 14.656779 -0.950071 15.986109 200.000000 15.986109 0.433102 173.240605 -0.312033 -9.393723 200.000000 -9.393723
 65.600000 -0.952701 -0.303910 -0.226092 -0.974106 -1.879591 -2.913529 -0.303910 -0.952701 -0.974106 -0.226092 0.280644 112.257653 -0.356886 36.826908 200.000000 36.826908 0.034421 13.768210 -0.934148 -29.353406 200.000000 -29.353406 0.057768 23.107074 -0.950071 15.986109 200.000000 15.986109 0.738599 295.439473 -0.312033 -9.393723 200.000000 -9.393723
 65.800000 -0.940694 -0.339255 -0.333601 -0.942714 -1.916921 -2.801472 -0.339255 -0.940694 -0.942714 -0.333601 0.031085 12.434107 -0.356886 36.826908 200.000000 36.826908 0.004286 1.714273 -0.934148 -29.353406 200.000000 -29.353406 0.005412 2.164900 -0.950071 15.986109 200.000000 15.986109 0.046517 18.606605 -0.312033 -9.393723 200.000000 -9.393723
 66.000000 -0.942814 -0.333320 -0.313244 -0.949673 -1.910619 -2.822986 -0.333320 -0.942814 -0.949673 -0.313244 0.055536 22.214562 -0.356886 36.826908 200.000000 36.826908 0.007510 3.003895 -0.934148 -29.353406 200.000000 -29.353406 0.000016 0.006351 -0.950071 15.986109 200.000000 15.986109 0.000147 0.058627 -0.312033 -9.393723 200.000000 -9.393723
 66.200000 -0.908507 -0.417871 -0.191285 -0.981535 -2.001897 -2.949121 -0.417871 -0.908507 -0.981535 -0.191285 0.371909 148.763694 -0.356886 36.826908 200.000000 36.826908 0.065748 26.299044 -0.934148 -29.353406 200.000000 -29.353406 0.098995 39.597823 -0.950071 15.986109 200.000000 15.986109 1.458016 583.206526 -0.312033 -9.393723 200.000000 -9.393723
 66.400000 -0.878418 -0.477893 -0.258439 -0.966028 -2.069051 -2.880187 -0.477893 -0.878418 -0.966028 -0.258439 1.464274 585.709760 -0.356886 36.826908 200.000000 36.826908 0.310584 124.233483 -0.934148 -29.353406 200.000000 -29.353406 0.025461 10.184405 -0.950071 15.986109 200.000000 15.986109 0.287238 114.895323 -0.312033 -9.393723 200.000000 -9.393723
 66.600000 -0.907838 -0.419321 -0.322608 -0.946533 -2.003494 -2.813109 -0.419321 -0.907838 -0.946533 -0.322608 0.389811 155.924490 -0.356886 36.826908 200.000000 36.826908 0.069221 27.688358 -0.934148 -29.353406 200.000000 -29.353406 0.001252 0.500830 -0.950071 15.986109 200.000000 15.986109 0.011182 4.472872 -0.312033 -9.393723 200.000000 -9.393723
 66.800000 -0.937448 -0.348125 -0.274608 -0.961556 -1.926367 -2.863411 -0.348125 -0.937448 -0.961556 -0.274608 0.007676 3.070202 -0.356886 36.826908 200.000000 36.826908 0.001089 0.435647 -0.934148 -29.353406 200.000000 -29.353406 0.013191 5.276464 -0.950071 15.986109 200.000000 15.986109 0.140070 56.027952 -0.312033 -9.393723 200.000000 -9.393723
 67.000000 -0.944542 -0.328389 -0.256183 -0.966628 -1.905394 -2.882521 -0.328389 -0.944542 -0.966628 -0.256183 0.081208 32.483063 -0.356886 36.826908 200.000000 36.826908 0.010805 4.321922 -0.934148 -29.353406 200.000000 -29.353406 0.027414 10.965497 -0.950071 15.986109 200.000000 15.986109 0.311924 124.769429 -0.312033 -9.393723 200.000000 -9.393723
 67.200000 -0.917171 -0.398493 -0.279800 -0.960058 -1.980670 -2.858007 -0.398493 -0.917171 -0.960058 -0.279800 0.173117 69.246608 -0.356886 36.826908 200.000000 36.826908 0.028821 11.528336 -0.934148 -29.353406 200.000000 -29.353406 0.009975 3.989863 -0.950071 15.986109 200.000000 15.986109 0.103902 41.560929 -0.312033 -9.393723 200.000000 -9.393723
 67.400000 -0.928691 -0.370854 -0.175096 -0.984551 -1.950724 -2.965589 -0.370854 -0.928691 -0.984551 -0.175096 0.019509 7.803684 -0.356886 36.826908 200.000000 36.826908 0.002977 1.190972 -0.934148 -29.353406 200.000000 -29.353406 0.118889 47.555494 -0.950071 15.986109 200.000000 15.986109 1.875186 750.074449 -0.312033 -9.393723 200.000000 -9.393723
 67.600000 -0.936535 -0.350574 -0.140859 -0.990030 -1.928980 -3.000264 -0.350574 -0.936535 -0.990030 -0.140859 0.003985 1.594015 -0.356886 36.826908 200.000000 36.826908 0.000570 0.227979 -0.934148 -29.353406 200.000000 -29.353406 0.159669 63.867566 -0.950071 15.986109 200.000000 15.986109 2.930080 1172.031801 -0.312033 -9.393723 200.000000 -9.393723
 67.800000 -0.912529 -0.409012 -0.326907 -0.945056 -1.992168 -2.808563 -0.409012 -0.912529 -0.945056 -0.326907 0.271713 108.685252 -0.356886 36.826908 200.000000 36.826908 0.046738 18.695254 -0.934148 -29.353406 200.000000 -29.353406 0.002515 1.005897 -0.950071 15.986109 200.000000 15.986109 0.022123 8.849308 -0.312033 -9.393723 200.000000 -9.393723
 68.000000 -0.933890 -0.357559 -0.265639 -0.964073 -1.936449 -2.872726 -0.357559 -0.933890 -0.964073 -0.265639 0.000045 0.018124 -0.356886 36.826908 200.000000 36.826908 0.000007 0.002651 -0.934148 -29.353406 200.000000 -29.353406 0.019604 7.841729 -0.950071 15.986109 200.000000 15.986109 0.215248 86.099004 -0.312033 -9.393723 200.000000 -9.393723
 68.200000 -0.950689 -0.310146 -0.284404 -0.958705 -1.886143 -2.853208 -0.310146 -0.950689 -0.958705 -0.284404 0.218463 87.385366 -0.356886 36.826908 200.000000 36.826908 0.027361 10.944226 -0.934148 -29.353406 200.000000 -29.353406 0.007454 2.981500 -0.950071 15.986109 200.000000 15.986109 0.076341 30.536226 -0.312033 -9.393723 200.000000 -9.393723
 68.400000 -0.955878 -0.293764 -0.330914 -0.943661 -1.868958 -2.804321 -0.293764 -0.955878 -0.943661 -0.330914 0.398443 159.377323 -0.356886 36.826908 200.000000 36.826908 0.047220 18.888001 -0.934148 -29.353406 200.000000 -29.353406 0.004109 1.643623 -0.950071 15.986109 200.000000 15.986109 0.035647 14.258972 -0.312033 -9.393723 200.000000 -9.393723
 68.600000 -0.959987 -0.280043 -0.274979 -0.961450 -1.854636 -2.863025 -0.280043 -0.959987 -0.961450 -0.274979 0.590482 236.192729 -0.356886 36.826908 200.000000 36.826908 0.066768 26.707146 -0.934148 -29.353406 200.000000 -29.353406 0.012949 5.179432 -0.950071 15.986109 200.000000 15.986109 0.137305 54.921986 -0.312033 -9.393723 200.000000 -9.393723
 68.800000 -0.928189 -0.372110 -0.252399 -0.967623 -1.952078 -2.886434 -0.372110 -0.928189 -0.967623 -0.252399 0.023177 9.270674 -0.356886 36.826908 200.000000 36.826908 0.003551 1.420515 -0.934148 -29.353406 200.000000 -29.353406 0.030807 12.322940 -0.950071 15.986109 200.000000 15.986109 0.355622 142.248764 -0.312033 -9.393723 200.000000 -9.393723
 69.000000 -0.928659 -0.370935 -0.274444 -0.961603 -1.950812 -2.863581 -0.370935 -0.928659 -0.961603 -0.274444 0.019737 7.894840 -0.356886 36.826908 200.000000 36.826908 0.003013 1.205195 -0.934148 -29.353406 200.000000 -29.353406 0.013298 5.319400 -0.950071 15.986109 200.000000 15.986109 0.141295 56.518085 -0.312033 -9.393723 200.000000 -9.393723
 69.200000 -0.910597 -0.413295 -0.289635 -0.957137 -1.996866 -2.847747 -0.413295 -0.910597 -0.957137 -0.289635 0.318198 127.279275 -0.356886 36.826908 200.000000 36.826908 0.055464 22.185602 -0.934148 -29.353406 200.000000 -29.353406 0.004993 1.997196 -0.950071 15.986109 200.000000 15.986109 0.050170 20.067937 -0.312033 -9.393723 200.000000 -9.393723
 69.400000 -0.920951 -0.389678 -0.334268 -0.942478 -1.971078 -2.800764 -0.389678 -0.920951 -0.942478 -0.334268 0.107530 43.012159 -0.356886 36.826908 200.000000 36.826908 0.017415 6.966128 -0.934148 -29.353406 200.000000 -29.353406 0.005765 2.306134 -0.950071 15.986109 200.000000 15.986109 0.049437 19.774655 -0.312033 -9.393723 200.000000 -9.393723
 69.600000 -0.904993 -0.425427 -0.277425 -0.960747 -2.010229 -2.860480 -0.425427 -0.904993 -0.960747 -0.277425 0.469777 187.910801 -0.356886 36.826908 200.000000 36.826908 0.085001 34.000285 -0.934148 -29.353406 200.000000 -29.353406 0.011398 4.559274 -0.950071 15.986109 200.000000 15.986109 0.119776 47.910244 -0.312033 -9.393723 200.000000 -9.393723
 69.800000 -0.940515 -0.339752 -0.259354 -0.965782 -1.917449 -2.879239 -0.339752 -0.940515 -0.965782 -0.259354 0.029359 11.743432 -0.356886 36.826908 200.000000 36.826908 0.004054 1.621672 -0.934148 -29.353406 200.000000 -29.353406 0.024684 9.873541 -0.950071 15.986109 200.000000 15.986109 0.277508 111.003174 -0.312033 -9.393723 200.000000 -9.393723
 70.000000 -0.966119 -0.258098 -0.343727 -0.939070 -1.831849 -2.790710 -0.258098 -0.966119 -0.939070 -0.343727 0.975914 390.365509 -0.356886 36.826908 200.000000 36.826908 0.102214 40.885576 -0.934148 -29.353406 200.000000 -29.353406 0.012103 4.841263 -0.950071 15.986109 200.000000 15.986109 0.100447 40.178815 -0.312033 -9.393723 200.000000 -9.393723
 70.200000 -0.906395 -0.422432 -0.311184 -0.950350 -2.006923 -2.825154 -0.422432 -0.906395 -0.950350 -0.311184 0.429626 171.850341 -0.356886 36.826908 200.000000 36.826908 0.077024 30.809771 -0.934148 -29.353406 200.000000 -29.353406 0.000008 0.003105 -0.950071 15.986109 200.000000 15.986109 0.000072 0.028877 -0.312033 -9.393723 200.000000 -9.393723
 70.400000 -0.936071 -0.351811 -0.243267 -0.969959 -1.930301 -2.895860 -0.351811 -0.936071 -0.969959 -0.243267 0.002576 1.030364 -0.356886 36.826908 200.000000 36.826908 0.000370 0.147954 -0.934148 -29.353406 200.000000 -29.353406 0.039554 15.821506 -0.950071 15.986109 200.000000 15.986109 0.472876 189.150392 -0.312033 -9.393723 200.000000 -9.393723
 70.600000 -0.939098 -0.343648 -0.267578 -0.963536 -1.921595 -2.870714 -0.343648 -0.939098 -0.963536 -0.267578 0.017524 7.009668 -0.356886 36.826908 200.000000 36.826908 0.002451 0.980318 -0.934148 -29.353406 200.000000 -29.353406 0.018131 7.252373 -0.950071 15.986109 200.000000 15.986109 0.197630 79.051848 -0.312033 -9.393723 200.000000 -9.393723
 70.800000 -0.932743 -0.360543 -0.334002 -0.942572 -1.939646 -2.801046 -0.360543 -0.932743 -0.942572 -0.334002 0.001337 0.534914 -0.356886 36.826908 200.000000 36.826908 0.000197 0.078996 -0.934148 -29.353406 200.000000 -29.353406 0.005623 2.249245 -0.950071 15.986109 200.000000 15.986109 0.048262 19.304644 -0.312033 -9.393723 200.000000 -9.393723
 71.000000 -0.927033 -0.374980 -0.308780 -0.951133 -1.955171 -2.827682 -0.374980 -0.927033 -0.951133 -0.308780 0.032738 13.095158 -0.356886 36.826908 200.000000 36.826908 0.005062 2.024868 -0.934148 -29.353406 200.000000 -29.353406 0.000113 0.045142 -0.950071 15.986109 200.000000 15.986109 0.001058 0.423363 -0.312033 -9.393723 200.000000 -9.393723
 71.200000 -0.956880 -0.290482 -0.260765 -0.965402 -1.865527 -2.877778 -0.290482 -0.956880 -0.965402 -0.260765 0.440951 176.380331 -0.356886 36.826908 200.000000 36.826908 0.051677 20.670785 -0.934148 -29.353406 200.000000 -29.353406 0.023505 9.401824 -0.950071 15.986109 200.000000 15.986109 0.262846 105.138254 -0.312033 -9.393723 200.000000 -9.393723
 71.400000 -0.942120 -0.335275 -0.263380 -0.964692 -1.912694 -2.875068 -0.335275 -0.942120 -0.964692 -0.263380 0.046704 18.681581 -0.356886 36.826908 200.000000 36.826908 0.006356 2.542369 -0.934148 -29.353406 200.000000 -29.353406 0.021377 8.550857 -0.950071 15.986109 200.000000 15.986109 0.236711 94.684541 -0.312033 -9.393723 200.000000 -9.393723
 71.600000 -0.875758 -0.482751 -0.295312 -0.955401 -2.074589 -2.841811 -0.482751 -0.875758 -0.955401 -0.295312 1.584190 633.676001 -0.356886 36.826908 200.000000 36.826908 0.340941 136.376204 -0.934148 -29.353406 200.000000 -29.353406 0.002841 1.136272 -0.950071 15.986109 200.000000 15.986109 0.027961 11.184492 -0.312033 -9.393723 200.000000 -9.393723
 71.800000 -0.858403 -0.512976 -0.262102 -0.965040 -2.109444 -2.876393 -0.512976 -0.858403 -0.965040 -0.262102 2.436400 974.559831 -0.356886 36.826908 200.000000 36.826908 0.573728 229.491393 -0.934148 -29.353406 200.000000 -29.353406 0.022407 8.962886 -0.950071 15.986109 200.000000 15.986109 0.249314 99.725697 -0.312033 -9.393723 200.000000 -9.393723
 72.000000 -0.901444 -0.432896 -0.276950 -0.960884 -2.018499 -2.860974 -0.432896 -0.901444 -0.960884 -0.276950 0.577744 231.097687 -0.356886 36.826908 200.000000 36.826908 0.106954 42.781670 -0.934148 -29.353406 200.000000 -29.353406 0.011693 4.677064 -0.950071 15.986109 200.000000 15.986109 0.123086 49.234382 -0.312033 -9.393723 200.000000 -9.393723
 72.200000 -0.923603 -0.383351 -0.389970 -0.920828 -1.964218 -2.740994 -0.383351 -0.923603 -0.920828 -0.389970 0.070037 28.014891 -0.356886 36.826908 200.000000 36.826908 0.011120 4.447906 -0.934148 -29.353406 200.000000 -29.353406 0.085518 34.207391 -0.950071 15.986109 200.000000 15.986109 0.607410 242.964068 -0.312033 -9.393723 200.000000 -9.393723
 72.400000 -0.926262 -0.376881 -0.360995 -0.932568 -1.957223 -2.772258 -0.376881 -0.926262 -0.932568 -0.360995 0.039979 15.991455 -0.356886 36.826908 200.000000 36.826908 0.006219 2.487639 -0.934148 -29.353406 200.000000 -29.353406 0.030637 12.254749 -0.950071 15.986109 200.000000 15.986109 0.239724 95.889604 -0.312033 -9.393723 200.000000 -9.393723
 72.600000 -0.944601 -0.328221 -0.349987 -0.936755 -1.905216 -2.784035 -0.328221 -0.944601 -0.936755 -0.349987 0.082171 32.868351 -0.356886 36.826908 200.000000 36.826908 0.010927 4.370763 -0.934148 -29.353406 200.000000 -29.353406 0.017733 7.093284 -0.950071 15.986109 200.000000 15.986109 0.144048 57.619291 -0.312033 -9.393723 200.000000 -9.393723
 72.800000 -0.937774 -0.347247 -0.259448 -0.965757 -1.925430 -2.879142 -0.347247 -0.937774 -0.965757 -0.259448 0.009292 3.716812 -0.356886 36.826908 200.000000 36.826908 0.001315 0.525902 -0.934148 -29.353406 200.000000 -29.353406 0.024605 9.841912 -0.950071 15.986109 200.000000 15.986109 0.276521 110.608384 -0.312033 -9.393723 200.000000 -9.393723
 73.000000 -0.919190 -0.393815 -0.287607 -0.957748 -1.975574 -2.849865 -0.393815 -0.919190 -0.957748 -0.287607 0.136370 54.548143 -0.356886 36.826908 200.000000 36.826908 0.022374 8.949620 -0.934148 -29.353406 200.000000 -29.353406 0.005894 2.357660 -0.950071 15.986109 200.000000 15.986109 0.059664 23.865671 -0.312033 -9.393723 200.000000 -9.393723
 73.200000 -0.907721 -0.419574 -0.291587 -0.956544 -2.003772 -2.845707 -0.419574 -0.907721 -0.956544 -0.291587 0.392978 157.191034 -0.356886 36.826908 200.000000 36.826908 0.069838 27.935015 -0.934148 -29.353406 200.000000 -29.353406 0.004190 1.676119 -0.950071 15.986109 200.000000 15.986109 0.041806 16.722588 -0.312033 -9.393723 200.000000 -9.393723
 73.400000 -0.940380 -0.340127 -0.225845 -0.974163 -1.917848 -2.913783 -0.340127 -0.940380 -0.974163 -0.225845 0.028089 11.235517 -0.356886 36.826908 200.000000 36.826908 0.003884 1.553427 -0.934148 -29.353406 200.000000 -29.353406 0.058044 23.217421 -0.950071 15.986109 200.000000 15.986109 0.742852 297.140850 -0.312033 -9.393723 200.000000 -9.393723
 73.600000 -0.931318 -0.364206 -0.232021 -0.972711 -1.943576 -2.907437 -0.364206 -0.931318 -0.972711 -0.232021 0.005358 2.143146 -0.356886 36.826908 200.000000 36.826908 0.000801 0.320227 -0.934148 -29.353406 200.000000 -29.353406 0.051255 20.501970 -0.950071 15.986109 200.000000 15.986109 0.640192 256.076749 -0.312033 -9.393723 200.000000 -9.393723
 73.800000 -0.955459 -0.295124 -0.286779 -0.957997 -1.870381 -2.850729 -0.295124 -0.955459 -0.957997 -0.286779 0.381460 152.583809 -0.356886 36.826908 200.000000 36.826908 0.045417 18.166618 -0.934148 -29.353406 200.000000 -29.353406 0.006281 2.512585 -0.950071 15.986109 200.000000 15.986109 0.063777 25.510936 -0.312033 -9.393723 200.000000 -9.393723
 74.000000 -0.960778 -0.277318 -0.232954 -0.972488 -1.851798 -2.906479 -0.277318 -0.960778 -0.972488 -0.232954 0.633107 253.242899 -0.356886 36.826908 200.000000 36.826908 0.070917 28.366861 -0.934148 -29.353406 200.000000 -29.353406 0.050251 20.100268 -0.950071 15.986109 200.000000 15.986109 0.625357 250.142981 -0.312033 -9.393723 200.000000 -9.393723
 74.200000 -0.944383 -0.328848 -0.120939 -0.992660 -1.905880 -3.020357 -0.328848 -0.944383 -0.992660 -0.120939 0.078611 31.444594 -0.356886 36.826908 200.000000 36.826908 0.010475 4.190074 -0.934148 -29.353406 200.000000 -29.353406 0.181381 72.552320 -0.950071 15.986109 200.000000 15.986109 3.651709 1460.683697 -0.312033 -9.393723 200.000000 -9.393723
 74.400000 -0.906437 -0.422341 -0.197557 -0.980291 -2.006823 -2.942728 -0.422341 -0.906437 -0.980291 -0.197557 0.428437 171.374770 -0.356886 36.826908 200.000000 36.826908 0.076790 30.715942 -0.934148 -29.353406 200.000000 -29.353406 0.091327 36.530686 -0.950071 15.986109 200.000000 15.986109 1.310489 524.195476 -0.312033 -9.393723 200.000000 -9.393723
 74.600000 -0.903629 -0.428317 -0.157629 -0.987498 -2.013425 -2.983304 -0.428317 -0.903629 -0.987498 -0.157629 0.510229 204.091580 -0.356886 36.826908 200.000000 36.826908 0.093142 37.256604 -0.934148 -29.353406 200.000000 -29.353406 0.140081 56.032250 -0.950071 15.986109 200.000000 15.986109 2.384085 953.633939 -0.312033 -9.393723 200.000000 -9.393723
 74.800000 -0.882626 -0.470076 -0.296663 -0.954982 -2.060173 -2.840396 -0.470076 -0.882626 -0.954982 -0.296663 1.281190 512.476144 -0.356886 36.826908 200.000000 36.826908 0.265450 106.180104 -0.934148 -29.353406 200.000000 -29.353406 0.002412 0.964760 -0.950071 15.986109 200.000000 15.986109 0.023625 9.450003 -0.312033 -9.393723 200.000000 -9.393723
 75.000000 -0.883773 -0.467916 -0.144907 -0.989445 -2.057727 -2.996174 -0.467916 -0.883773 -0.989445 -0.144907 1.232759 493.103530 -0.356886 36.826908 200.000000 36.826908 0.253763 101.505061 -0.934148 -29.353406 200.000000 -29.353406 0.155033 62.013152 -0.950071 15.986109 200.000000 15.986109 2.793137 1117.254785 -0.312033 -9.393723 200.000000 -9.393723
 75.200000 -0.919339 -0.393467 -0.257228 -0.966351 -1.975196 -2.881440 -0.393467 -0.919339 -0.966351 -0.257228 0.133818 53.527263 -0.356886 36.826908 200.000000 36.826908 0.021931 8.772597 -0.934148 -29.353406 200.000000 -29.353406 0.026502 10.600987 -0.950071 15.986109 200.000000 15.986109 0.300362 120.144728 -0.312033 -9.393723 200.000000 -9.393723
 75.400000 -0.947498 -0.319760 -0.360185 -0.932881 -1.896273 -2.773126 -0.319760 -0.947498 -0.932881 -0.360185 0.137834 55.133451 -0.356886 36.826908 200.000000 36.826908 0.017824 7.129562 -0.934148 -29.353406 200.000000 -29.353406 0.029551 11.820200 -0.950071 15.986109 200.000000 15.986109 0.231858 92.743257 -0.312033 -9.393723 200.000000 -9.393723
 75.600000 -0.899542 -0.436834 -0.261043 -0.965327 -2.022872 -2.877491 -0.436834 -0.899542 -0.965327 -0.261043 0.639165 255.665803 -0.356886 36.826908 200.000000 36.826908 0.119756 47.902225 -0.934148 -29.353406 200.000000 -29.353406 0.023275 9.310025 -0.950071 15.986109 200.000000 15.986109 0.260007 104.002697 -0.312033 -9.393723 200.000000 -9.393723
 75.800000 -0.947629 -0.319372 -0.312342 -0.949970 -1.895863 -2.823935 -0.319372 -0.947629 -0.949970 -0.312342 0.140732 56.292807 -0.356886 36.826908 200.000000 36.826908 0.018175 7.270119 -0.934148 -29.353406 200.000000 -29.353406 0.000001 0.000411 -0.950071 15.986109 200.000000 15.986109 0.000010 0.003807 -0.312033 -9.393723 200.000000 -9.393723
 76.000000 -0.950005 -0.312236 -0.341050 -0.940045 -1.888342 -2.793559 -0.312236 -0.950005 -0.940045 -0.341050 0.199366 79.746251 -0.356886 36.826908 200.000000 36.826908 0.025144 10.057473 -0.934148 -29.353406 200.000000 -29.353406 0.010052 4.020822 -0.950071 15.986109 200.000000 15.986109 0.084197 33.678631 -0.312033 -9.393723 200.000000 -9.393723
 76.200000 -0.900812 -0.434209 -0.286022 -0.958223 -2.019956 -2.851519 -0.434209 -0.900812 -0.958223 -0.286022 0.597878 239.151173 -0.356886 36.826908 200.000000 36.826908 0.111126 44.450489 -0.934148 -29.353406 200.000000 -29.353406 0.006645 2.658097 -0.950071 15.986109 200.000000 15.986109 0.067658 27.063131 -0.312033 -9.393723 200.000000 -9.393723
 76.400000 -0.928808 -0.370561 -0.315901 -0.948792 -1.950409 -2.820187 -0.370561 -0.928808 -0.948792 -0.315901 0.018700 7.479944 -0.356886 36.826908 200.000000 36.826908 0.002851 1.140502 -0.934148 -29.353406 200.000000 -29.353406 0.000164 0.065416 -0.950071 15.986109 200.000000 15.986109 0.001495 0.598192 -0.312033 -9.393723 200.000000 -9.393723
 76.600000 -0.939867 -0.341541 -0.283061 -0.959102 -1.919352 -2.854608 -0.341541 -0.939867 -0.959102 -0.283061 0.023549 9.419548 -0.356886 36.826908 200.000000 36.826908 0.003271 1.308356 -0.934148 -29.353406 200.000000 -29.353406 0.008155 3.262139 -0.950071 15.986109 200.000000 15.986109 0.083938 33.575368 -0.312033 -9.393723 200.000000 -9.393723
 76.800000 -0.956141 -0.292906 -0.265985 -0.963977 -1.868061 -2.872367 -0.292906 -0.956141 -0.963977 -0.265985 0.409343 163.737374 -0.356886 36.826908 200.000000 36.826908 0.048371 19.348209 -0.934148 -29.353406 200.000000 -29.353406 0.019338 7.735066 -0.950071 15.986109 200.000000 15.986109 0.212044 84.817612 -0.312033 -9.393723 200.000000 -9.393723
 77.000000 -0.957055 -0.289908 -0.254869 -0.966976 -1.864927 -2.883880 -0.289908 -0.957055 -0.966976 -0.254869 0.448613 179.445242 -0.356886 36.826908 200.000000 36.826908 0.052472 20.988802 -0.934148 -29.353406 200.000000 -29.353406 0.028576 11.430430 -0.950071 15.986109 200.000000 15.986109 0.326777 130.710724 -0.312033 -9.393723 200.000000 -9.393723
 77.200000 -0.935343 -0.353743 -0.216197 -0.976350 -1.932366 -2.923675 -0.353743 -0.935343 -0.976350 -0.216197 0.000988 0.395119 -0.356886 36.826908 200.000000 36.826908 0.000143 0.057091 -0.934148 -29.353406 200.000000 -29.353406 0.069057 27.622797 -0.950071 15.986109 200.000000 15.986109 0.918467 367.386818 -0.312033 -9.393723 200.000000 -9.393723
 77.400000 -0.934232 -0.356665 -0.245826 -0.969314 -1.935492 -2.893221 -0.356665 -0.934232 -0.969314 -0.245826 0.000005 0.001956 -0.356886 36.826908 200.000000 36.826908 0.000001 0.000285 -0.934148 -29.353406 200.000000 -29.353406 0.037028 14.811372 -0.950071 15.986109 200.000000 15.986109 0.438338 175.335315 -0.312033 -9.393723 200.000000 -9.393723
 77.600000 -0.927046 -0.374948 -0.151508 -0.988456 -1.955137 -2.989499 -0.374948 -0.927046 -0.988456 -0.151508 0.032622 13.048671 -0.356886 36.826908 200.000000 36.826908 0.005044 2.017475 -0.934148 -29.353406 200.000000 -29.353406 0.147341 58.936217 -0.950071 15.986109 200.000000 15.986109 2.576852 1030.740932 -0.312033 -9.393723 200.000000 -9.393723
 77.800000 -0.914924 -0.403626 -0.231255 -0.972893 -1.986273 -2.908225 -0.403626 -0.914924 -0.972893 -0.231255 0.218458 87.383271 -0.356886 36.826908 200.000000 36.826908 0.036955 14.781984 -0.934148 -29.353406 200.000000 -29.353406 0.052085 20.833885 -0.950071 15.986109 200.000000 15.986109 0.652517 261.006857 -0.312033 -9.393723 200.000000 -9.393723
 78.000000 -0.925405 -0.378979 -0.272654 -0.962112 -1.959489 -2.865442 -0.378979 -0.925405 -0.962112 -0.272654 0.048808 19.523167 -0.356886 36.826908 200.000000 36.826908 0.007643 3.057238 -0.934148 -29.353406 200.000000 -29.353406 0.014499 5.799431 -0.950071 15.986109 200.000000 15.986109 0.155073 62.029277 -0.312033 -9.393723 200.000000 -9.393723
 78.200000 -0.944525 -0.328440 -0.338345 -0.941022 -1.905447 -2.796435 -0.328440 -0.944525 -0.941022 -0.338345 0.080921 32.368559 -0.356886 36.826908 200.000000 36.826908 0.010768 4.307399 -0.934148 -29.353406 200.000000 -29.353406 0.008188 3.275254 -0.950071 15.986109 200.000000 15.986109 0.069228 27.691038 -0.312033 -9.393723 200.000000 -9.393723
 78.400000 -0.932514 -0.361134 -0.286175 -0.958177 -1.940279 -2.851360 -0.361134 -0.932514 -0.958177 -0.286175 0.001804 0.721585 -0.356886 36.826908 200.000000 36.826908 0.000267 0.106765 -0.934148 -29.353406 200.000000 -29.353406 0.006571 2.628382 -0.950071 15.986109 200.000000 15.986109 0.066864 26.745623 -0.312033 -9.393723 200.000000 -9.393723
 78.600000 -0.930675 -0.365846 -0.236325 -0.971674 -1.945338 -2.903011 -0.365846 -0.930675 -0.971674 -0.236325 0.008029 3.211435 -0.356886 36.826908 200.000000 36.826908 0.001206 0.482369 -0.934148 -29.353406 200.000000 -29.353406 0.046669 18.667689 -0.950071 15.986109 200.000000 15.986109 0.573184 229.273504 -0.312033 -9.393723 200.000000 -9.393723
 78.800000 -0.929463 -0.368915 -0.277096 -0.960842 -1.948637 -2.860822 -0.368915 -0.929463 -0.960842 -0.277096 0.014468 5.787263 -0.356886 36.826908 200.000000 36.826908 0.002195 0.877804 -0.934148 -29.353406 200.000000 -29.353406 0.011602 4.640726 -0.950071 15.986109 200.000000 15.986109 0.122064 48.825500 -0.312033 -9.393723 200.000000 -9.393723
 79.000000 -0.887610 -0.460596 -0.310035 -0.950725 -2.049463 -2.826363 -0.460596 -0.887610 -0.950725 -0.310035 1.075568 430.227137 -0.356886 36.826908 200.000000 36.826908 0.216577 86.630921 -0.934148 -29.353406 200.000000 -29.353406 0.000043 0.017118 -0.950071 15.986109 200.000000 15.986109 0.000400 0.159823 -0.312033 -9.393723 200.000000 -9.393723
 79.200000 -0.912869 -0.408254 -0.281432 -0.959581 -1.991337 -2.856307 -0.408254 -0.912869 -0.959581 -0.281432 0.263861 105.544547 -0.356886 36.826908 200.000000 36.826908 0.045281 18.112399 -0.934148 -29.353406 200.000000 -29.353406 0.009044 3.617676 -0.950071 15.986109 200.000000 15.986109 0.093646 37.458263 -0.312033 -9.393723 200.000000 -9.393723
 79.400000 -0.939301 -0.343093 -0.226094 -0.974105 -1.921004 -2.913527 -0.343093 -0.939301 -0.974105 -0.226094 0.019026 7.610249 -0.356886 36.826908 200.000000 36.826908 0.002656 1.062393 -0.934148 -29.353406 200.000000 -29.353406 0.057765 23.106025 -0.950071 15.986109 200.000000 15.986109 0.738558 295.423304 -0.312033 -9.393723 200.000000 -9.393723
 79.600000 -0.974118 -0.226041 -0.304164 -0.952620 -1.798808 -2.832532 -0.226041 -0.974118 -0.952620 -0.304164 1.712056 684.822450 -0.356886 36.826908 200.000000 36.826908 0.159760 63.904060 -0.934148 -29.353406 200.000000 -29.353406 0.000650 0.259825 -0.950071 15.986109 200.000000 15.986109 0.006193 2.477292 -0.312033 -9.393723 200.000000 -9.393723
 79.800000 -0.961780 -0.273824 -0.342397 -0.939555 -1.848163 -2.792126 -0.273824 -0.961780 -0.939555 -0.342397 0.689934 275.973671 -0.356886 36.826908 200.000000 36.826908 0.076353 30.541037 -0.934148 -29.353406 200.000000 -29.353406 0.011058 4.423220 -0.950071 15.986109 200.000000 15.986109 0.092194 36.877676 -0.312033 -9.393723 200.000000 -9.393723
 80.000000 -0.952689 -0.303946 -0.320257 -0.947331 -1.879629 -2.815592 -0.303946 -0.952689 -0.947331 -0.320257 0.280264 112.105501 -0.356886 36.826908 200.000000 36.826908 0.034378 13.751210 -0.934148 -29.353406 200.000000 -29.353406 0.000751 0.300370 -0.950071 15.986109 200.000000 15.986109 0.006762 2.704849 -0.312033 -9.393723 200.000000 -9.393723
 80.200000 -0.946334 -0.323189 -0.258800 -0.965931 -1.899894 -2.879813 -0.323189 -0.946334 -0.965931 -0.258800 0.113549 45.419684 -0.356886 36.826908 200.000000 36.826908 0.014851 5.940455 -0.934148 -29.353406 200.000000 -29.353406 0.025153 10.061400 -0.950071 15.986109 200.000000 15.986109 0.283382 113.352678 -0.312033 -9.393723 200.000000 -9.393723
 80.400000 -0.903618 -0.428340 -0.274843 -0.961489 -2.013451 -2.863166 -0.428340 -0.903618 -0.961489 -0.274843 0.510563 204.225361 -0.356886 36.826908 200.000000 36.826908 0.093209 37.283699 -0.934148 -29.353406 200.000000 -29.353406 0.013037 5.214808 -0.950071 15.986109 200.000000 15.986109 0.138312 55.324926 -0.312033 -9.393723 200.000000 -9.393723
 80.600000 -0.958633 -0.284644 -0.209489 -0.977811 -1.859431 -2.930540 -0.284644 -0.958633 -0.977811 -0.209489 0.521900 208.760060 -0.356886 36.826908 200.000000 36.826908 0.059954 23.981713 -0.934148 -29.353406 200.000000 -29.353406 0.076950 30.779937 -0.950071 15.986109 200.000000 15.986109 1.051531 420.612577 -0.312033 -9.393723 200.000000 -9.393723
 80.800000 -0.948476 -0.316849 -0.263000 -0.964796 -1.893202 -2.875462 -0.316849 -0.948476 -0.964796 -0.263000 0.160296 64.118561 -0.356886 36.826908 200.000000 36.826908 0.020529 8.211744 -0.934148 -29.353406 200.000000 -29.353406 0.021682 8.672650 -0.950071 15.986109 200.000000 15.986109 0.240427 96.170666 -0.312033 -9.393723 200.000000 -9.393723
 81.000000 -0.937564 -0.347814 -0.347116 -0.937822 -1.926035 -2.787099 -0.347814 -0.937564 -0.937822 -0.347116 0.008231 3.292278 -0.356886 36.826908 200.000000 36.826908 0.001167 0.466689 -0.934148 -29.353406 200.000000 -29.353406 0.015003 6.001321 -0.950071 15.986109 200.000000 15.986109 0.123076 49.230520 -0.312033 -9.393723 200.000000 -9.393723
 81.200000 -0.951700 -0.307029 -0.276867 -0.960908 -1.882866 -2.861060 -0.307029 -0.951700 -0.960908 -0.276867 0.248573 99.429211 -0.356886 36.826908 200.000000 36.826908 0.030808 12.323272 -0.934148 -29.353406 200.000000 -29.353406 0.011744 4.697727 -0.950071 15.986109 200.000000 15.986109 0.123668 49.467042 -0.312033 -9.393723 200.000000 -9.393723
 81.400000 -0.930875 -0.365337 -0.369520 -0.929223 -1.944791 -2.763100 -0.365337 -0.930875 -0.929223 -0.369520 0.007142 2.856778 -0.356886 36.826908 200.000000 36.826908 0.001071 0.428402 -0.934148 -29.353406 200.000000 -29.353406 0.043466 17.386275 -0.950071 15.986109 200.000000 15.986109 0.330473 132.189145 -0.312033 -9.393723 200.000000 -9.393723
 81.600000 -0.893012 -0.450034 -0.250408 -0.968140 -2.037599 -2.888491 -0.450034 -0.893012 -0.968140 -0.250408 0.867643 347.057367 -0.356886 36.826908 200.000000 36.826908 0.169219 67.687601 -0.934148 -29.353406 200.000000 -29.353406 0.032650 13.059958 -0.950071 15.986109 200.000000 15.986109 0.379770 151.907817 -0.312033 -9.393723 200.000000 -9.393723
 81.800000 -0.907608 -0.419818 -0.283868 -0.958863 -2.004041 -2.853767 -0.419818 -0.907608 -0.958863 -0.283868 0.396043 158.417087 -0.356886 36.826908 200.000000 36.826908 0.070435 28.174050 -0.934148 -29.353406 200.000000 -29.353406 0.007730 3.092161 -0.950071 15.986109 200.000000 15.986109 0.079330 31.731853 -0.312033 -9.393723 200.000000 -9.393723
 82.000000 -0.922109 -0.386929 -0.247942 -0.968775 -1.968095 -2.891038 -0.386929 -0.922109 -0.968775 -0.247942 0.090258 36.103398 -0.356886 36.826908 200.000000 36.826908 0.014492 5.796985 -0.934148 -29.353406 200.000000 -29.353406 0.034983 13.993313 -0.950071 15.986109 200.000000 15.986109 0.410774 164.309700 -0.312033 -9.393723 200.000000 -9.393723
 82.200000 -0.940191 -0.340649 -0.400626 -0.916242 -1.918403 -2.729393 -0.340649 -0.940191 -0.916242 -0.400626 0.026365 10.546104 -0.356886 36.826908 200.000000 36.826908 0.003651 1.460589 -0.934148 -29.353406 200.000000 -29.353406 0.114444 45.777418 -0.950071 15.986109 200.000000 15.986109 0.784867 313.946654 -0.312033 -9.393723 200.000000 -9.393723
 82.400000 -0.936031 -0.351918 -0.326917 -0.945053 -1.930416 -2.808553 -0.351918 -0.936031 -0.945053 -0.326917 0.002468 0.987348 -0.356886 36.826908 200.000000 36.826908 0.000355 0.141826 -0.934148 -29.353406 200.000000 -29.353406 0.002518 1.007238 -0.950071 15.986109 200.000000 15.986109 0.022152 8.860799 -0.312033 -9.393723 200.000000 -9.393723
 82.600000 -0.927113 -0.374781 -0.346291 -0.938127 -1.954957 -2.787978 -0.374781 -0.927113 -0.938127 -0.346291 0.032022 12.808726 -0.356886 36.826908 200.000000 36.826908 0.004948 1.979330 -0.934148 -29.353406 200.000000 -29.353406 0.014266 5.706500 -0.950071 15.986109 200.000000 15.986109 0.117361 46.944460 -0.312033 -9.393723 200.000000 -9.393723
 82.800000 -0.909798 -0.415051 -0.289905 -0.957055 -1.998795 -2.847465 -0.415051 -0.909798 -0.957055 -0.289905 0.338317 135.326656 -0.356886 36.826908 200.000000 36.826908 0.059291 23.716533 -0.934148 -29.353406 200.000000 -29.353406 0.004878 1.951183 -0.950071 15.986109 200.000000 15.986109 0.048966 19.586304 -0.312033 -9.393723 200.000000 -9.393723
 83.000000 -0.901448 -0.432886 -0.266282 -0.963895 -2.018489 -2.872059 -0.432886 -0.901448 -0.963895 -0.266282 0.577604 231.041569 -0.356886 36.826908 200.000000 36.826908 0.106925 42.770075 -0.934148 -29.353406 200.000000 -29.353406 0.019111 7.644217 -0.950071 15.986109 200.000000 15.986109 0.209321 83.728285 -0.312033 -9.393723 200.000000 -9.393723
 83.200000 -0.877545 -0.479493 -0.162964 -0.986632 -2.070874 -2.977898 -0.479493 -0.877545 -0.986632 -0.162964 1.503253 601.301122 -0.356886 36.826908 200.000000 36.826908 0.320383 128.153232 -0.934148 -29.353406 200.000000 -29.353406 0.133670 53.467917 -0.950071 15.986109 200.000000 15.986109 2.222167 888.866664 -0.312033 -9.393723 200.000000 -9.393723
 83.400000 -0.908652 -0.417554 -0.304853 -0.952399 -2.001548 -2.831808 -0.417554 -0.908652 -0.952399 -0.304853 0.368060 147.223845 -0.356886 36.826908 200.000000 36.826908 0.065004 26.001461 -0.934148 -29.353406 200.000000 -29.353406 0.000542 0.216833 -0.950071 15.986109 200.000000 15.986109 0.005156 2.062292 -0.312033 -9.393723 200.000000 -9.393723
 83.600000 -0.919615 -0.392820 -0.273166 -0.961967 -1.974493 -2.864910 -0.392820 -0.919615 -0.961967 -0.273166 0.129127 51.650655 -0.356886 36.826908 200.000000 36.826908 0.021120 8.447926 -0.934148 -29.353406 200.000000 -29.353406 0.014151 5.660412 -0.950071 15.986109 200.000000 15.986109 0.151068 60.427326 -0.312033 -9.393723 200.000000 -9.393723
 83.800000 -0.928655 -0.370945 -0.290616 -0.956840 -1.950823 -2.846722 -0.370945 -0.928655 -0.956840 -0.290616 0.019765 7.906110 -0.356886 36.826908 200.000000 36.826908 0.003017 1.206954 -0.934148 -29.353406 200.000000 -29.353406 0.004581 1.832513 -0.950071 15.986109 200.000000 15.986109 0.045869 18.347529 -0.312033 -9.393723 200.000000 -9.393723
 84.000000 -0.911002 -0.412401 -0.269422 -0.963022 -1.995885 -2.868799 -0.412401 -0.911002 -0.963022 -0.269422 0.308190 123.276181 -0.356886 36.826908 200.000000 36.826908 0.053571 21.428555 -0.934148 -29.353406 200.000000 -29.353406 0.016773 6.709117 -0.950071 15.986109 200.000000 15.986109 0.181570 72.628004 -0.312033 -9.393723 200.000000 -9.393723
 84.200000 -0.918354 -0.395761 -0.252706 -0.967543 -1.977693 -2.886116 -0.395761 -0.918354 -0.967543 -0.252706 0.151125 60.450012 -0.356886 36.826908 200.000000 36.826908 0.024946 9.978431 -0.934148 -29.353406 200.000000 -29.353406 0.030527 12.210720 -0.950071 15.986109 200.000000 15.986109 0.351971 140.788456 -0.312033 -9.393723 200.000000 -9.393723
 84.400000 -0.900387 -0.435089 -0.269024 -0.963134 -2.020934 -2.869213 -0.435089 -0.900387 -0.963134 -0.269024 0.611574 244.629771 -0.356886 36.826908 200.000000 36.826908 0.113978 45.591191 -0.934148 -29.353406 200.000000 -29.353406 0.017063 6.825102 -0.950071 15.986109 200.000000 15.986109 0.184984 73.993636 -0.312033 -9.393723 200.000000 -9.393723
 84.600000 -0.900001 -0.435888 -0.289861 -0.957069 -2.021821 -2.847511 -0.435888 -0.900001 -0.957069 -0.289861 0.624134 249.653470 -0.356886 36.826908 200.000000 36.826908 0.116603 46.641015 -0.934148 -29.353406 200.000000 -29.353406 0.004897 1.958669 -0.950071 15.986109 200.000000 15.986109 0.049162 19.664608 -0.312033 -9.393723 200.000000 -9.393723
 84.800000 -0.926978 -0.375117 -0.259494 -0.965745 -1.955319 -2.879094 -0.375117 -0.926978 -0.965745 -0.259494 0.033234 13.293722 -0.356886 36.826908 200.000000 36.826908 0.005141 2.056462 -0.934148 -29.353406 200.000000 -29.353406 0.024566 9.826445 -0.950071 15.986109 200.000000 15.986109 0.276038 110.415396 -0.312033 -9.393723 200.000000 -9.393723
 85.000000 -0.928357 -0.371690 -0.323965 -0.946069 -1.951625 -2.811675 -0.371690 -0.928357 -0.946069 -0.323965 0.021916 8.766305 -0.356886 36.826908 200.000000 36.826908 0.003354 1.341443 -0.934148 -29.353406 200.000000 -29.353406 0.001602 0.640693 -0.950071 15.986109 200.000000 15.986109 0.014237 5.694799 -0.312033 -9.393723 200.000000 -9.393723
 85.200000 -0.917644 -0.397403 -0.296377 -0.955071 -1.979481 -2.840696 -0.397403 -0.917644 -0.955071 -0.296377 0.164160 65.664094 -0.356886 36.826908 200.000000 36.826908 0.027237 10.894799 -0.934148 -29.353406 200.000000 -29.353406 0.002500 1.000022 -0.950071 15.986109 200.000000 15.986109 0.024514 9.805545 -0.312033 -9.393723 200.000000 -9.393723
 85.400000 -0.949043 -0.315147 -0.257723 -0.966219 -1.891408 -2.880928 -0.315147 -0.949043 -0.966219 -0.257723 0.174214 69.685600 -0.356886 36.826908 200.000000 36.826908 0.022186 8.874345 -0.934148 -29.353406 200.000000 -29.353406 0.026075 10.429942 -0.950071 15.986109 200.000000 15.986109 0.294962 117.984714 -0.312033 -9.393723 200.000000 -9.393723
 85.600000 -0.940043 -0.341055 -0.314762 -0.949171 -1.918835 -2.821387 -0.341055 -0.940043 -0.949171 -0.314762 0.025062 10.024978 -0.356886 36.826908 200.000000 36.826908 0.003476 1.390252 -0.934148 -29.353406 200.000000 -29.353406 0.000081 0.032425 -0.950071 15.986109 200.000000 15.986109 0.000744 0.297708 -0.312033 -9.393723 200.000000 -9.393723
 85.800000 -0.909281 -0.416182 -0.279994 -0.960002 -2.000039 -2.857804 -0.416182 -0.909281 -0.960002 -0.279994 0.351598 140.639235 -0.356886 36.826908 200.000000 36.826908 0.061834 24.733702 -0.934148 -29.353406 200.000000 -29.353406 0.009861 3.944596 -0.950071 15.986109 200.000000 15.986109 0.102650 41.059912 -0.312033 -9.393723 200.000000 -9.393723
 86.000000 -0.918860 -0.394583 -0.279010 -0.960288 -1.976410 -2.858830 -0.394583 -0.918860 -0.960288 -0.279010 0.142103 56.841283 -0.356886 36.826908 200.000000 36.826908 0.023371 9.348272 -0.934148 -29.353406 200.000000 -29.353406 0.010439 4.175626 -0.950071 15.986109 200.000000 15.986109 0.109057 43.622788 -0.312033 -9.393723 200.000000 -9.393723
 86.200000 -0.921772 -0.387732 -0.196869 -0.980430 -1.968967 -2.943429 -0.387732 -0.921772 -0.980430 -0.196869 0.095149 38.059404 -0.356886 36.826908 200.000000 36.826908 0.015316 6.126484 -0.934148 -29.353406 200.000000 -29.353406 0.092164 36.865751 -0.950071 15.986109 200.000000 15.986109 1.326274 530.509497 -0.312033 -9.393723 200.000000 -9.393723
 86.400000 -0.901470 -0.432841 -0.362251 -0.932081 -2.018438 -2.770911 -0.432841 -0.901470 -0.932081 -0.362251 0.576914 230.765790 -0.356886 36.826908 200.000000 36.826908 0.106783 42.713101 -0.934148 -29.353406 200.000000 -29.353406 0.032366 12.946412 -0.950071 15.986109 200.000000 15.986109 0.252181 100.872385 -0.312033 -9.393723 200.000000 -9.393723
 86.600000 -0.912685 -0.408663 -0.348253 -0.937400 -1.991785 -2.785885 -0.408663 -0.912685 -0.937400 -0.348253 0.268086 107.234580 -0.356886 36.826908 200.000000 36.826908 0.046064 18.425790 -0.934148 -29.353406 200.000000 -29.353406 0.016055 6.421836 -0.950071 15.986109 200.000000 15.986109 0.131188 52.475282 -0.312033 -9.393723 200.000000 -9.393723
 86.800000 -0.934810 -0.355147 -0.258782 -0.965936 -1.933868 -2.879832 -0.355147 -0.934810 -0.965936 -0.258782 0.000302 0.120948 -0.356886 36.826908 200.000000 36.826908 0.000044 0.017555 -0.934148 -29.353406 200.000000 -29.353406 0.025169 10.067567 -0.950071 15.986109 200.000000 15.986109 0.283575 113.429945 -0.312033 -9.393723 200.000000 -9.393723
 87.000000 -0.894427 -0.447213 -0.337880 -0.941189 -2.034444 -2.796929 -0.447213 -0.894427 -0.941189 -0.337880 0.815898 326.359188 -0.356886 36.826908 200.000000 36.826908 0.157772 63.108781 -0.934148 -29.353406 200.000000 -29.353406 0.007889 3.155569 -0.950071 15.986109 200.000000 15.986109 0.066805 26.722011 -0.312033 -9.393723 200.000000 -9.393723
 87.200000 -0.883914 -0.467650 -0.281645 -0.959519 -2.057426 -2.856084 -0.467650 -0.883914 -0.959519 -0.281645 1.226853 490.741336 -0.356886 36.826908 200.000000 36.826908 0.252345 100.937945 -0.934148 -29.353406 200.000000 -29.353406 0.008925 3.570196 -0.950071 15.986109 200.000000 15.986109 0.092344 36.937652 -0.312033 -9.393723 200.000000 -9.393723
 87.400000 -0.935372 -0.353665 -0.224872 -0.974388 -1.932283 -2.914781 -0.353665 -0.935372 -0.974388 -0.224872 0.001038 0.415014 -0.356886 36.826908 200.000000 36.826908 0.000150 0.059951 -0.934148 -29.353406 200.000000 -29.353406 0.059132 23.652942 -0.950071 15.986109 200.000000 15.986109 0.759708 303.883199 -0.312033 -9.393723 200.000000 -9.393723
 87.600000 -0.928641 -0.370980 -0.281646 -0.959518 -1.950861 -2.856084 -0.370980 -0.928641 -0.959518 -0.281646 0.019864 7.945773 -0.356886 36.826908 200.000000 36.826908 0.003033 1.213145 -0.934148 -29.353406 200.000000 -29.353406 0.008925 3.570064 -0.950071 15.986109 200.000000 15.986109 0.092341 36.936203 -0.312033 -9.393723 200.000000 -9.393723
 87.800000 -0.953433 -0.301604 -0.354223 -0.935161 -1.877171 -2.779509 -0.301604 -0.953433 -0.935161 -0.354223 0.305616 122.246299 -0.356886 36.826908 200.000000 36.826908 0.037193 14.877251 -0.934148 -29.353406 200.000000 -29.353406 0.022232 8.892644 -0.950071 15.986109 200.000000 15.986109 0.177999 71.199537 -0.312033 -9.393723 200.000000 -9.393723
 88.000000 -0.960876 -0.276978 -0.387308 -0.921950 -1.851444 -2.743883 -0.276978 -0.960876 -0.921950 -0.387308 0.638537 255.414711 -0.356886 36.826908 200.000000 36.826908 0.071441 28.576464 -0.934148 -29.353406 200.000000 -29.353406 0.079078 31.631187 -0.950071 15.986109 200.000000 15.986109 0.566628 226.651386 -0.312033 -9.393723 200.000000 -9.393723
 88.200000 -0.953476 -0.301470 -0.127052 -0.991896 -1.877031 -3.014196 -0.301470 -0.953476 -0.991896 -0.127052 0.307091 122.836454 -0.356886 36.826908 200.000000 36.826908 0.037356 14.942354 -0.934148 -29.353406 200.000000 -29.353406 0.174932 69.972892 -0.950071 15.986109 200.000000 15.986109 3.421802 1368.720850 -0.312033 -9.393723 200.000000 -9.393723
 88.400000 -0.929241 -0.369474 -0.241024 -0.970519 -1.949239 -2.898172 -0.369474 -0.929241 -0.970519 -0.241024 0.015845 6.338079 -0.356886 36.826908 200.000000 36.826908 0.002408 0.963063 -0.934148 -29.353406 200.000000 -29.353406 0.041813 16.725062 -0.950071 15.986109 200.000000 15.986109 0.504240 201.696064 -0.312033 -9.393723 200.000000 -9.393723
 88.600000 -0.894190 -0.447688 -0.289467 -0.957188 -2.034974 -2.847922 -0.447688 -0.894190 -0.957188 -0.289467 0.824492 329.796768 -0.356886 36.826908 200.000000 36.826908 0.159663 63.865377 -0.934148 -29.353406 200.000000 -29.353406 0.005065 2.025916 -0.950071 15.986109 200.000000 15.986109 0.050922 20.368933 -0.312033 -9.393723 200.000000 -9.393723
 88.800000 -0.924108 -0.382131 -0.246197 -0.969220 -1.962897 -2.892838 -0.382131 -0.924108 -0.969220 -0.246197 0.063727 25.490953 -0.356886 36.826908 200.000000 36.826908 0.010079 4.031655 -0.934148 -29.353406 200.000000 -29.353406 0.036667 14.666986 -0.950071 15.986109 200.000000 15.986109 0.433447 173.378750 -0.312033 -9.393723 200.000000 -9.393723
 89.000000 -0.906083 -0.423099 -0.219452 -0.975623 -2.007659 -2.920340 -0.423099 -0.906083 -0.975623 -0.219452 0.438415 175.366079 -0.356886 36.826908 200.000000 36.826908 0.078761 31.504581 -0.934148 -29.353406 200.000000 -29.353406 0.065291 26.116546 -0.950071 15.986109 200.000000 15.986109 0.857132 342.852786 -0.312033 -9.393723 200.000000 -9.393723
 89.200000 -0.944663 -0.328043 -0.253811 -0.967254 -1.905027 -2.884974 -0.328043 -0.944663 -0.967254 -0.253811 0.083194 33.277490 -0.356886 36.826908 200.000000 36.826908 0.011056 4.422581 -0.934148 -29.353406 200.000000 -29.353406 0.029524 11.809768 -0.950071 15.986109 200.000000 15.986109 0.338983 135.593358 -0.312033 -9.393723 200.000000 -9.393723
 89.400000 -0.939739 -0.341892 -0.334222 -0.942494 -1.919726 -2.800813 -0.341892 -0.939739 -0.942494 -0.334222 0.022482 8.992880 -0.356886 36.826908 200.000000 36.826908 0.003126 1.250521 -0.934148 -29.353406 200.000000 -29.353406 0.005741 2.296372 -0.950071 15.986109 200.000000 15.986109 0.049235 19.694049 -0.312033 -9.393723 200.000000 -9.393723
 89.600000 -0.935815 -0.352491 -0.279979 -0.960006 -1.931028 -2.857821 -0.352491 -0.935815 -0.960006 -0.279979 0.001932 0.772834 -0.356886 36.826908 200.000000 36.826908 0.000278 0.111218 -0.934148 -29.353406 200.000000 -29.353406 0.009871 3.948218 -0.950071 15.986109 200.000000 15.986109 0.102750 41.099977 -0.312033 -9.393723 200.000000 -9.393723
 89.800000 -0.896508 -0.443028 -0.295478 -0.955350 -2.029770 -2.841637 -0.443028 -0.896508 -0.955350 -0.295478 0.742041 296.816267 -0.356886 36.826908 200.000000 36.826908 0.141678 56.671046 -0.934148 -29.353406 200.000000 -29.353406 0.002786 1.114468 -0.950071 15.986109 200.000000 15.986109 0.027408 10.963273 -0.312033 -9.393723 200.000000 -9.393723
 90.000000 -0.903882 -0.427781 -0.328004 -0.944676 -2.012833 -2.807403 -0.427781 -0.903882 -0.944676 -0.328004 0.502606 201.042513 -0.356886 36.826908 200.000000 36.826908 0.091600 36.639838 -0.934148 -29.353406 200.000000 -29.353406 0.002910 1.164178 -0.950071 15.986109 200.000000 15.986109 0.025507 10.202604 -0.312033 -9.393723 200.000000 -9.393723
 90.200000 -0.852717 -0.522373 -0.301253 -0.953544 -2.120427 -2.835587 -0.522373 -0.852717 -0.953544 -0.301253 2.738575 1095.429922 -0.356886 36.826908 200.000000 36.826908 0.663093 265.237246 -0.934148 -29.353406 200.000000 -29.353406 0.001206 0.482543 -0.950071 15.986109 200.000000 15.986109 0.011623 4.649093 -0.312033 -9.393723 200.000000 -9.393723
 90.400000 -0.913704 -0.406380 -0.262200 -0.965014 -1.989285 -2.876291 -0.406380 -0.913704 -0.965014 -0.262200 0.244963 97.985175 -0.356886 36.826908 200.000000 36.826908 0.041794 16.717757 -0.934148 -29.353406 200.000000 -29.353406 0.022328 8.931005 -0.950071 15.986109 200.000000 15.986109 0.248336 99.334262 -0.312033 -9.393723 200.000000 -9.393723
 90.600000 -0.951101 -0.308881 -0.274812 -0.961498 -1.884813 -2.863199 -0.308881 -0.951101 -0.961498 -0.274812 0.230448 92.179288 -0.356886 36.826908 200.000000 36.826908 0.028740 11.495854 -0.934148 -29.353406 200.000000 -29.353406 0.013058 5.223047 -0.950071 15.986109 200.000000 15.986109 0.138547 55.418813 -0.312033 -9.393723 200.000000 -9.393723
 90.800000 -0.949086 -0.315017 -0.310752 -0.950491 -1.891271 -2.825609 -0.315017 -0.949086 -0.950491 -0.310752 0.175304 70.121405 -0.356886 36.826908 200.000000 36.826908 0.022315 8.925971 -0.934148 -29.353406 200.000000 -29.353406 0.000018 0.007055 -0.950071 15.986109 200.000000 15.986109 0.000164 0.065701 -0.312033 -9.393723 200.000000 -9.393723
 91.000000 -0.957603 -0.288093 -0.228345 -0.973580 -1.863031 -2.911215 -0.288093 -0.957603 -0.973580 -0.228345 0.473256 189.302307 -0.356886 36.826908 200.000000 36.826908 0.055012 22.004889 -0.934148 -29.353406 200.000000 -29.353406 0.055268 22.107036 -0.950071 15.986109 200.000000 15.986109 0.700368 280.147324 -0.312033 -9.393723 200.000000 -9.393723
 91.200000 -0.923201 -0.384316 -0.172627 -0.984987 -1.965264 -2.968097 -0.384316 -0.923201 -0.984987 -0.172627 0.075241 30.096486 -0.356886 36.826908 200.000000 36.826908 0.011982 4.792945 -0.934148 -29.353406 200.000000 -29.353406 0.121914 48.765645 -0.950071 15.986109 200.000000 15.986109 1.943424 777.369519 -0.312033 -9.393723 200.000000 -9.393723
 91.400000 -0.922598 -0.385764 -0.241518 -0.970396 -1.966832 -2.897663 -0.385764 -0.922598 -0.970396 -0.241518 0.083392 33.356958 -0.356886 36.826908 200.000000 36.826908 0.013341 5.336424 -0.934148 -29.353406 200.000000 -29.353406 0.041312 16.524657 -0.950071 15.986109 200.000000 15.986109 0.497245 198.898114 -0.312033 -9.393723 200.000000 -9.393723
 91.600000 -0.920791 -0.390056 -0.182845 -0.983142 -1.971489 -2.957713 -0.390056 -0.920791 -0.983142 -0.182845 0.110026 44.010289 -0.356886 36.826908 200.000000 36.826908 0.017841 7.136240 -0.934148 -29.353406 200.000000 -29.353406 0.109367 43.746601 -0.950071 15.986109 200.000000 15.986109 1.668961 667.584597 -0.312033 -9.393723 200.000000 -9.393723
 91.800000 -0.916986 -0.398920 -0.278035 -0.960571 -1.981135 -2.859844 -0.398920 -0.916986 -0.960571 -0.278035 0.176684 70.673515 -0.356886 36.826908 200.000000 36.826908 0.029454 11.781541 -0.934148 -29.353406 200.000000 -29.353406 0.011024 4.409753 -0.950071 15.986109 200.000000 15.986109 0.115587 46.234635 -0.312033 -9.393723 200.000000 -9.393723
 92.000000 -0.949376 -0.314142 -0.340436 -0.940268 -1.890349 -2.794213 -0.314142 -0.949376 -0.940268 -0.340436 0.182707 73.082915 -0.356886 36.826908 200.000000 36.826908 0.023190 9.275880 -0.934148 -29.353406 200.000000 -29.353406 0.009610 3.844159 -0.950071 15.986109 200.000000 15.986109 0.080668 32.267173 -0.312033 -9.393723 200.000000 -9.393723
 92.200000 -0.971882 -0.235468 -0.316796 -0.948494 -1.808497 -2.819243 -0.235468 -0.971882 -0.948494 -0.316796 1.474227 589.690759 -0.356886 36.826908 200.000000 36.826908 0.142386 56.954573 -0.934148 -29.353406 200.000000 -29.353406 0.000249 0.099538 -0.950071 15.986109 200.000000 15.986109 0.002268 0.907348 -0.312033 -9.393723 200.000000 -9.393723
 92.400000 -0.966030 -0.258430 -0.308705 -0.951158 -1.832193 -2.827761 -0.258430 -0.966030 -0.951158 -0.308705 0.969364 387.745428 -0.356886 36.826908 200.000000 36.826908 0.101647 40.658827 -0.934148 -29.353406 200.000000 -29.353406 0.000118 0.047230 -0.950071 15.986109 200.000000 15.986109 0.001108 0.443069 -0.312033 -9.393723 200.000000 -9.393723
 92.600000 -0.949739 -0.313043 -0.272729 -0.962091 -1.889192 -2.865365 -0.313043 -0.949739 -0.962091 -0.272729 0.192223 76.889132 -0.356886 36.826908 200.000000 36.826908 0.024308 9.723289 -0.934148 -29.353406 200.000000 -29.353406 0.014448 5.779092 -0.950071 15.986109 200.000000 15.986109 0.154487 61.794602 -0.312033 -9.393723 200.000000 -9.393723
 92.800000 -0.931477 -0.363799 -0.265344 -0.964154 -1.943140 -2.873032 -0.363799 -0.931477 -0.964154 -0.265344 0.004779 1.911620 -0.356886 36.826908 200.000000 36.826908 0.000713 0.285262 -0.934148 -29.353406 200.000000 -29.353406 0.019832 7.932905 -0.950071 15.986109 200.000000 15.986109 0.217991 87.196427 -0.312033 -9.393723 200.000000 -9.393723
 93.000000 -0.907966 -0.419045 -0.308252 -0.951305 -2.003189 -2.828238 -0.419045 -0.907966 -0.951305 -0.308252 0.386365 154.546140 -0.356886 36.826908 200.000000 36.826908 0.068551 27.420242 -0.934148 -29.353406 200.000000 -29.353406 0.000152 0.060877 -0.950071 15.986109 200.000000 15.986109 0.001430 0.572016 -0.312033 -9.393723 200.000000 -9.393723
 93.200000 -0.942550 -0.334065 -0.393378 -0.919377 -1.911410 -2.737289 -0.334065 -0.942550 -0.919377 -0.393378 0.052079 20.831733 -0.356886 36.826908 200.000000 36.826908 0.007059 2.823787 -0.934148 -29.353406 200.000000 -29.353406 0.094215 37.685865 -0.950071 15.986109 200.000000 15.986109 0.661698 264.679219 -0.312033 -9.393723 200.000000 -9.393723
 93.400000 -0.939020 -0.343862 -0.319988 -0.947422 -1.921823 -2.815876 -0.343862 -0.939020 -0.947422 -0.319988 0.016963 6.785375 -0.356886 36.826908 200.000000 36.826908 0.002374 0.949608 -0.934148 -29.353406 200.000000 -29.353406 0.000702 0.280768 -0.950071 15.986109 200.000000 15.986109 0.006327 2.530722 -0.312033 -9.393723 200.000000 -9.393723
 93.600000 -0.938851 -0.344325 -0.320684 -0.947186 -1.922316 -2.815141 -0.344325 -0.938851 -0.947186 -0.320684 0.015779 6.311490 -0.356886 36.826908 200.000000 36.826908 0.002212 0.884616 -0.934148 -29.353406 200.000000 -29.353406 0.000832 0.332877 -0.950071 15.986109 200.000000 15.986109 0.007483 2.993075 -0.312033 -9.393723 200.000000 -9.393723
 93.800000 -0.918742 -0.394858 -0.273390 -0.961903 -1.976710 -2.864678 -0.394858 -0.918742 -0.961903 -0.273390 0.144188 57.675005 -0.356886 36.826908 200.000000 36.826908 0.023734 9.493556 -0.934148 -29.353406 200.000000 -29.353406 0.014000 5.600104 -0.950071 15.986109 200.000000 15.986109 0.149335 59.733870 -0.312033 -9.393723 200.000000 -9.393723
 94.000000 -0.906036 -0.423200 -0.247397 -0.968914 -2.007770 -2.891600 -0.423200 -0.906036 -0.968914 -0.247397 0.439750 175.900079 -0.356886 36.826908 200.000000 36.826908 0.079026 31.610293 -0.934148 -29.353406 200.000000 -29.353406 0.035506 14.202512 -0.950071 15.986109 200.000000 15.986109 0.417788 167.115397 -0.312033 -9.393723 200.000000 -9.393723
 94.200000 -0.933847 -0.357672 -0.229101 -0.973403 -1.936571 -2.910439 -0.357672 -0.933847 -0.973403 -0.229101 0.000062 0.024721 -0.356886 36.826908 200.000000 36.826908 0.000009 0.003617 -0.934148 -29.353406 200.000000 -29.353406 0.054436 21.774595 -0.950071 15.986109 200.000000 15.986109 0.687785 275.114136 -0.312033 -9.393723 200.000000 -9.393723
 94.400000 -0.930444 -0.366435 -0.130738 -0.991417 -1.945971 -3.010479 -0.366435 -0.930444 -0.991417 -0.130738 0.009118 3.647087 -0.356886 36.826908 200.000000 36.826908 0.001372 0.548834 -0.934148 -29.353406 200.000000 -29.353406 0.170948 68.379006 -0.950071 15.986109 200.000000 15.986109 3.286794 1314.717607 -0.312033 -9.393723 200.000000 -9.393723
 94.600000 -0.959654 -0.281183 -0.238734 -0.971085 -1.855823 -2.900531 -0.281183 -0.959654 -0.971085 -0.238734 0.573104 229.241480 -0.356886 36.826908 200.000000 36.826908 0.065058 26.023102 -0.934148 -29.353406 200.000000 -29.353406 0.044158 17.663352 -0.950071 15.986109 200.000000 15.986109 0.537282 214.912659 -0.312033 -9.393723 200.000000 -9.393723
 94.800000 -0.944492 -0.328533 -0.272250 -0.962227 -1.905547 -2.865862 -0.328533 -0.944492 -0.962227 -0.272250 0.080388 32.155213 -0.356886 36.826908 200.000000 36.826908 0.010701 4.280330 -0.934148 -29.353406 200.000000 -29.353406 0.014776 5.910237 -0.950071 15.986109 200.000000 15.986109 0.158274 63.309527 -0.312033 -9.393723 200.000000 -9.393723
 95.000000 -0.938225 -0.346025 -0.274933 -0.961464 -1.924128 -2.863073 -0.346025 -0.938225 -0.961464 -0.274933 0.011796 4.718545 -0.356886 36.826908 200.000000 36.826908 0.001663 0.665004 -0.934148 -29.353406 200.000000 -29.353406 0.012979 5.191465 -0.950071 15.986109 200.000000 15.986109 0.137648 55.059010 -0.312033 -9.393723 200.000000 -9.393723
 95.200000 -0.943568 -0.331179 -0.218493 -0.975838 -1.908349 -2.921322 -0.331179 -0.943568 -0.975838 -0.218493 0.066087 26.434927 -0.356886 36.826908 200.000000 36.826908 0.008874 3.549582 -0.934148 -29.353406 200.000000 -29.353406 0.066396 26.558231 -0.950071 15.986109 200.000000 15.986109 0.874977 349.990642 -0.312033 -9.393723 200.000000 -9.393723
 95.400000 -0.928017 -0.372539 -0.324028 -0.946048 -1.952540 -2.811609 -0.372539 -0.928017 -0.946048 -0.324028 0.024500 9.800065 -0.356886 36.826908 200.000000 36.826908 0.003759 1.503676 -0.934148 -29.353406 200.000000 -29.353406 0.001619 0.647568 -0.950071 15.986109 200.000000 15.986109 0.014387 5.754644 -0.312033 -9.393723 200.000000 -9.393723
 95.600000 -0.938147 -0.346237 -0.260730 -0.965412 -1.924353 -2.877815 -0.346237 -0.938147 -0.965412 -0.260730 0.011341 4.536407 -0.356886 36.826908 200.000000 36.826908 0.001599 0.639773 -0.934148 -29.353406 200.000000 -29.353406 0.023534 9.413551 -0.950071 15.986109 200.000000 15.986109 0.263209 105.283456 -0.312033 -9.393723 200.000000 -9.393723
 95.800000 -0.938735 -0.344640 -0.262975 -0.964803 -1.922652 -2.875488 -0.344640 -0.938735 -0.964803 -0.262975 0.014996 5.998335 -0.356886 36.826908 200.000000 36.826908 0.002104 0.841585 -0.934148 -29.353406 200.000000 -29.353406 0.021702 8.680676 -0.950071 15.986109 200.000000 15.986109 0.240672 96.268722 -0.312033 -9.393723 200.000000 -9.393723
 96.000000 -0.948213 -0.317635 -0.289359 -0.957221 -1.894030 -2.848036 -0.317635 -0.948213 -0.957221 -0.289359 0.154069 61.627616 -0.356886 36.826908 200.000000 36.826908 0.019783 7.913347 -0.934148 -29.353406 200.000000 -29.353406 0.005112 2.044704 -0.950071 15.986109 200.000000 15.986109 0.051415 20.565978 -0.312033 -9.393723 200.000000 -9.393723
 96.200000 -0.930027 -0.367490 -0.383588 -0.923504 -1.947105 -2.747914 -0.367490 -0.930027 -0.923504 -0.383588 0.011244 4.497763 -0.356886 36.826908 200.000000 36.826908 0.001698 0.679128 -0.934148 -29.353406 200.000000 -29.353406 0.070580 28.231980 -0.950071 15.986109 200.000000 15.986109 0.512009 204.803529 -0.312033 -9.393723 200.000000 -9.393723
 96.400000 -0.896496 -0.443053 -0.370566 -0.928806 -2.029797 -2.761974 -0.443053 -0.896496 -0.928806 -0.370566 0.742468 296.987268 -0.356886 36.826908 200.000000 36.826908 0.141770 56.707972 -0.934148 -29.353406 200.000000 -29.353406 0.045220 18.087983 -0.950071 15.986109 200.000000 15.986109 0.342606 137.042439 -0.312033 -9.393723 200.000000 -9.393723
 96.600000 -0.931898 -0.362721 -0.203623 -0.979049 -1.941982 -2.936536 -0.362721 -0.931898 -0.979049 -0.203623 0.003404 1.361663 -0.356886 36.826908 200.000000 36.826908 0.000506 0.202496 -0.934148 -29.353406 200.000000 -29.353406 0.083974 33.589631 -0.950071 15.986109 200.000000 15.986109 1.175285 470.114085 -0.312033 -9.393723 200.000000 -9.393723
 96.800000 -0.928463 -0.371425 -0.294507 -0.955649 -1.951339 -2.842653 -0.371425 -0.928463 -0.955649 -0.294507 0.021137 8.454653 -0.356886 36.826908 200.000000 36.826908 0.003232 1.292662 -0.934148 -29.353406 200.000000 -29.353406 0.003112 1.244701 -0.950071 15.986109 200.000000 15.986109 0.030719 12.287524 -0.312033 -9.393723 200.000000 -9.393723
 97.000000 -0.929565 -0.368659 -0.285297 -0.958439 -1.948363 -2.852276 -0.368659 -0.929565 -0.958439 -0.285297 0.013861 5.544340 -0.356886 36.826908 200.000000 36.826908 0.002101 0.840275 -0.934148 -29.353406 200.000000 -29.353406 0.007002 2.800984 -0.950071 15.986109 200.000000 15.986109 0.071484 28.593714 -0.312033 -9.393723 200.000000 -9.393723
 97.200000 -0.932471 -0.361244 -0.247728 -0.968830 -1.940398 -2.891259 -0.361244 -0.932471 -0.968830 -0.247728 0.001899 0.759503 -0.356886 36.826908 200.000000 36.826908 0.000281 0.112415 -0.934148 -29.353406 200.000000 -29.353406 0.035188 14.075375 -0.950071 15.986109 200.000000 15.986109 0.413523 165.409146 -0.312033 -9.393723 200.000000 -9.393723
 97.400000 -0.927408 -0.374051 -0.282934 -0.959139 -1.954170 -2.854741 -0.374051 -0.927408 -0.959139 -0.282934 0.029465 11.785804 -0.356886 36.826908 200.000000 36.826908 0.004543 1.817054 -0.934148 -29.353406 200.000000 -29.353406 0.008223 3.289309 -0.950071 15.986109 200.000000 15.986109 0.084677 33.870814 -0.312033 -9.393723 200.000000 -9.393723
 97.600000 -0.925298 -0.379240 -0.313609 -0.949552 -1.959771 -2.822601 -0.379240 -0.925298 -0.949552 -0.313609 0.049969 19.987445 -0.356886 36.826908 200.000000 36.826908 0.007831 3.132524 -0.934148 -29.353406 200.000000 -29.353406 0.000027 0.010774 -0.950071 15.986109 200.000000 15.986109 0.000248 0.099327 -0.312033 -9.393723 200.000000 -9.393723
 97.800000 -0.950501 -0.310723 -0.282452 -0.959282 -1.886750 -2.855244 -0.310723 -0.950501 -0.959282 -0.282452 0.213108 85.243145 -0.356886 36.826908 200.000000 36.826908 0.026741 10.696529 -0.934148 -29.353406 200.000000 -29.353406 0.008483 3.393263 -0.950071 15.986109 200.000000 15.986109 0.087508 35.003204 -0.312033 -9.393723 200.000000 -9.393723
 98.000000 -0.960538 -0.278150 -0.308277 -0.951297 -1.852664 -2.828211 -0.278150 -0.960538 -0.951297 -0.308277 0.619935 247.974091 -0.356886 36.826908 200.000000 36.826908 0.069642 27.856684 -0.934148 -29.353406 200.000000 -29.353406 0.000150 0.060080 -0.950071 15.986109 200.000000 15.986109 0.001411 0.564471 -0.312033 -9.393723 200.000000 -9.393723
 98.200000 -0.961104 -0.276188 -0.302842 -0.953041 -1.850621 -2.833920 -0.276188 -0.961104 -0.953041 -0.302842 0.651228 260.491341 -0.356886 36.826908 200.000000 36.826908 0.072662 29.064851 -0.934148 -29.353406 200.000000 -29.353406 0.000882 0.352768 -0.950071 15.986109 200.000000 15.986109 0.008449 3.379436 -0.312033 -9.393723 200.000000 -9.393723
 98.400000 -0.918294 -0.395900 -0.336522 -0.941676 -1.977844 -2.798372 -0.395900 -0.918294 -0.941676 -0.336522 0.152210 60.883826 -0.356886 36.826908 200.000000 36.826908 0.025136 10.054411 -0.934148 -29.353406 200.000000 -29.353406 0.007048 2.819341 -0.950071 15.986109 200.000000 15.986109 0.059968 23.987203 -0.312033 -9.393723 200.000000 -9.393723
 98.600000 -0.899309 -0.437314 -0.314933 -0.949114 -2.023406 -2.821207 -0.437314 -0.899309 -0.949114 -0.314933 0.646861 258.744425 -0.356886 36.826908 200.000000 36.826908 0.121375 48.550034 -0.934148 -29.353406 200.000000 -29.353406 0.000092 0.036639 -0.950071 15.986109 200.000000 15.986109 0.000840 0.336192 -0.312033 -9.393723 200.000000 -9.393723
 98.800000 -0.919334 -0.393478 -0.212489 -0.977164 -1.975208 -2.927472 -0.393478 -0.919334 -0.977164 -0.212489 0.133898 53.559315 -0.356886 36.826908 200.000000 36.826908 0.021945 8.778150 -0.934148 -29.353406 200.000000 -29.353406 0.073400 29.359970 -0.950071 15.986109 200.000000 15.986109 0.990917 396.366782 -0.312033 -9.393723 200.000000 -9.393723
 99.000000 -0.900751 -0.434337 -0.304063 -0.952652 -2.020098 -2.832638 -0.434337 -0.900751 -0.952652 -0.304063 0.599861 239.944222 -0.356886 36.826908 200.000000 36.826908 0.111538 44.615339 -0.934148 -29.353406 200.000000 -29.353406 0.000666 0.266407 -0.950071 15.986109 200.000000 15.986109 0.006352 2.540967 -0.312033 -9.393723 200.000000 -9.393723
 99.200000 -0.916402 -0.400260 -0.332209 -0.943206 -1.982597 -2.802948 -0.400260 -0.916402 -0.943206 -0.332209 0.188126 75.250457 -0.356886 36.826908 200.000000 36.826908 0.031492 12.596993 -0.934148 -29.353406 200.000000 -29.353406 0.004713 1.885339 -0.950071 15.986109 200.000000 15.986109 0.040706 16.282416 -0.312033 -9.393723 200.000000 -9.393723
 99.400000 -0.926885 -0.375345 -0.279755 -0.960071 -1.955566 -2.858054 -0.375345 -0.926885 -0.960071 -0.279755 0.034074 13.629517 -0.356886 36.826908 200.000000 36.826908 0.005275 2.109936 -0.934148 -29.353406 200.000000 -29.353406 0.010001 4.000217 -0.950071 15.986109 200.000000 15.986109 0.104189 41.675611 -0.312033 -9.393723 200.000000 -9.393723
 99.600000 -0.880320 -0.474380 -0.276763 -0.960938 -2.065056 -2.861169 -0.474380 -0.880320 -0.960938 -0.276763 1.380483 552.193002 -0.356886 36.826908 200.000000 36.826908 0.289743 115.897142 -0.934148 -29.353406 200.000000 -29.353406 0.011809 4.723791 -0.950071 15.986109 200.000000 15.986109 0.124402 49.760671 -0.312033 -9.393723 200.000000 -9.393723
 99.800000 -0.858176 -0.513355 -0.332399 -0.943139 -2.109887 -2.802747 -0.513355 -0.858176 -0.943139 -0.332399 2.448261 979.304523 -0.356886 36.826908 200.000000 36.826908 0.577171 230.868390 -0.934148 -29.353406 200.000000 -29.353406 0.004806 1.922204 -0.950071 15.986109 200.000000 15.986109 0.041475 16.589852 -0.312033 -9.393723 200.000000 -9.393723
 100.000000 -0.884717 -0.466128 -0.276056 -0.961142 -2.055706 -2.861905 -0.466128 -0.884717 -0.961142 -0.276056 1.193381 477.352584 -0.356886 36.826908 200.000000 36.826908 0.244339 97.735703 -0.934148 -29.353406 200.000000 -29.353406 0.012256 4.902241 -0.950071 15.986109 200.000000 15.986109 0.129439 51.775738 -0.312033 -9.393723 200.000000 -9.393723
