#! FIELDS time sin_phi cos_phi sin_psi cos_psi phi psi cos_phi sin_phi cos_psi sin_psi restraint_phi_cos.bias restraint_phi_cos.force2 restraint_phi_cos.cos_phi_cntr restraint_phi_cos.cos_phi_work restraint_phi_cos.cos_phi_kappa restraint_phi_cos.work restraint_phi_sin.bias restraint_phi_sin.force2 restraint_phi_sin.sin_phi_cntr restraint_phi_sin.sin_phi_work restraint_phi_sin.sin_phi_kappa restraint_phi_sin.work restraint_psi_cos.bias restraint_psi_cos.force2 restraint_psi_cos.cos_psi_cntr restraint_psi_cos.cos_psi_work restraint_psi_cos.cos_psi_kappa restraint_psi_cos.work restraint_psi_sin.bias restraint_psi_sin.force2 restraint_psi_sin.sin_psi_cntr restraint_psi_sin.sin_psi_work restraint_psi_sin.sin_psi_kappa restraint_psi_sin.work
#! SET min_phi -pi
#! SET max_phi pi
#! SET min_psi -pi
#! SET max_psi pi
 0.000000 -0.999983 -0.005782 0.966116 0.258110 -1.576579 1.309731 -0.005782 -0.999983 0.258110 0.966116 0.000000 0.000000 1.000000 0.000000 0.000000 0.000000 0.000000 0.000000 0.000000 0.000000 0.000000 0.000000 0.000000 0.000000 1.000000 0.000000 0.000000 0.000000 0.000000 0.000000 0.000000 0.000000 0.000000 0.000000
 0.200000 -0.992318 0.123711 0.651177 0.758926 -1.446768 0.709134 0.123711 -0.992318 0.758926 0.651177 0.000000 0.000000 1.000000 0.000000 0.000000 0.000000 0.000000 0.000000 0.000000 0.000000 0.000000 0.000000 0.000000 0.000000 1.000000 0.000000 0.000000 0.000000 0.000000 0.000000 0.000000 0.000000 0.000000 0.000000
 0.400000 -0.961266 0.275622 0.530288 0.847817 -1.291559 0.558941 0.275622 -0.961266 0.847817 0.530288 0.000000 0.000000 1.000000 0.000000 0.000000 0.000000 0.000000 0.000000 0.000000 0.000000 0.000000 0.000000 0.000000 0.000000 1.000000 0.000000 0.000000 0.000000 0.000000 0.000000 0.000000 0.000000 0.000000 0.000000
 0.600000 -0.964668 0.263470 0.974191 0.225724 -1.304179 1.343111 0.263470 -0.964668 0.225724 0.974191 0.000000 0.000000 1.000000 0.000000 0.000000 0.000000 0.000000 0.000000 0.000000 0.000000 0.000000 0.000000 0.000000 0.000000 1.000000 0.000000 0.000000 0.000000 0.000000 0.000000 0.000000 0.000000 0.000000 0.000000
 0.800000 -0.999801 0.019934 0.982355 0.187025 -1.550861 1.382663 0.019934 -0.999801 0.187025 0.982355 0.000000 0.000000 1.000000 0.000000 0.000000 0.000000 0.000000 0.000000 0.000000 0.000000 0.000000 0.000000 0.000000 0.000000 1.000000 0.000000 0.000000 0.000000 0.000000 0.000000 0.000000 0.000000 0.000000 0.000000
 1.000000 -0.999595 0.028448 0.659832 0.751413 -1.542345 0.720595 0.028448 -0.999595 0.751413 0.659832 0.000000 0.000000 1.000000 0.000000 0.000000 0.000000 0.000000 0.000000 0.000000 0.000000 0.000000 0.000000 0.000000 0.000000 1.000000 0.000000 0.000000 0.000000 0.000000 0.000000 0.000000 0.000000 0.000000 0.000000
 1.200000 -0.523337 0.852126 -0.267996 0.963420 -0.550763 -0.271313 0.852126 -0.523337 0.963420 -0.267996 0.218668 8.746724 1.000000 4.924676 20.000000 4.924676 2.738818 109.552721 0.000000 7.202907 20.000000 7.202907 0.013381 0.535240 1.000000 0.201922 20.000000 0.201922 0.718220 28.728808 0.000000 1.668522 20.000000 1.668522
 1.400000 0.151769 0.988416 0.008803 0.999961 0.152358 0.008803 0.988416 0.151769 0.999961 0.008803 0.002684 0.214702 1.000000 4.977587 40.000000 4.977587 0.460675 36.854037 0.000000 8.361116 40.000000 8.361116 0.000000 0.000002 1.000000 0.226016 40.000000 0.226016 0.001550 0.123992 0.000000 2.416413 40.000000 2.416413
 1.600000 0.303346 0.952881 -0.214685 0.976683 0.308202 -0.216370 0.952881 0.303346 0.976683 -0.214685 0.066607 7.992877 1.000000 4.988918 60.000000 4.988918 2.760560 331.267251 0.000000 8.907892 60.000000 8.907892 0.016310 1.957213 1.000000 0.229927 60.000000 0.229927 1.382694 165.923319 0.000000 2.705398 60.000000 2.705398
 1.800000 -0.090985 0.995852 0.066053 0.997816 -0.091111 0.066101 0.995852 -0.090985 0.997816 0.066053 0.000688 0.110102 1.000000 4.992377 80.000000 4.992377 0.331127 52.980383 0.000000 9.205546 80.000000 9.205546 0.000191 0.030524 1.000000 0.230389 80.000000 0.230389 0.174520 27.923144 0.000000 2.779924 80.000000 2.779924
 2.000000 -0.266080 0.963951 0.072661 0.997357 -0.269324 0.072725 0.963951 -0.266080 0.997357 0.072661 0.064976 12.995266 1.000000 4.993496 100.000000 4.993496 3.539918 707.983673 0.000000 9.347121 100.000000 9.347121 0.000349 0.069869 1.000000 0.231416 100.000000 0.231416 0.263978 52.795693 0.000000 2.907307 100.000000 2.907307
 2.200000 -0.080140 0.996784 -0.154553 0.987984 -0.080226 -0.155175 0.996784 -0.080140 0.987984 -0.154553 0.000621 0.148970 1.000000 4.994917 120.000000 4.994917 0.385345 92.482909 0.000000 9.475784 120.000000 9.475784 0.008662 2.078966 1.000000 0.231836 120.000000 0.231836 1.433200 343.967953 0.000000 2.993694 120.000000 2.993694
 2.400000 0.044667 0.999002 -0.093595 0.995610 0.044682 -0.093732 0.999002 0.044667 0.995610 -0.093595 0.000070 0.019524 1.000000 4.998059 140.000000 4.998059 0.139660 39.104719 0.000000 9.672366 140.000000 9.672366 0.001349 0.377668 1.000000 0.232655 140.000000 0.232655 0.613198 171.695451 0.000000 3.117438 140.000000 3.117438
 2.600000 -0.113503 0.993538 0.000918 1.000000 -0.113748 0.000918 0.993538 -0.113503 1.000000 0.000918 0.003341 1.069103 1.000000 4.998217 160.000000 4.998217 1.030634 329.802753 0.000000 9.722387 160.000000 9.722387 0.000000 0.000000 1.000000 0.232813 160.000000 0.232813 0.000067 0.021563 0.000000 3.169724 160.000000 3.169724
 2.800000 -0.009796 0.999952 -0.037832 0.999284 -0.009797 -0.037841 0.999952 -0.009796 0.999284 -0.037832 0.000000 0.000075 1.000000 4.998378 180.000000 4.998378 0.008637 3.109428 0.000000 9.775342 180.000000 9.775342 0.000046 0.016606 1.000000 0.232985 180.000000 0.232985 0.128816 46.373937 0.000000 3.222536 180.000000 3.222536
 3.000000 0.072890 0.997340 -0.073600 0.997288 0.072954 -0.073666 0.997340 0.072890 0.997288 -0.073600 0.000708 0.283021 1.000000 4.998579 200.000000 4.998579 0.531289 212.515740 0.000000 9.831728 200.000000 9.831728 0.000736 0.294226 1.000000 0.233078 200.000000 0.233078 0.541691 216.676285 0.000000 3.259799 200.000000 3.259799
 3.200000 -0.063888 0.997957 0.013750 0.999905 -0.063932 0.013750 0.997957 -0.063888 0.999905 0.013750 0.496060 198.424133 0.927526 5.478661 200.000000 5.478661 0.103493 41.397006 -0.031718 9.837781 200.000000 9.837781 0.523886 209.554365 0.927526 0.736699 200.000000 0.736699 0.206735 82.694115 -0.031718 3.294505 200.000000 3.294505
 3.400000 -0.045896 0.998946 0.018777 0.999824 -0.045912 0.018778 0.998946 -0.045896 0.999824 0.018777 2.070584 828.233488 0.855051 6.952013 200.000000 6.952013 0.030767 12.306631 -0.063436 9.479265 200.000000 9.479265 2.095913 838.365283 0.855051 2.259415 200.000000 2.259415 0.675906 270.362400 -0.063436 3.187797 200.000000 3.187797
 3.600000 -0.017891 0.999840 -0.043185 0.999067 -0.017892 -0.043199 0.999840 -0.017891 0.999067 -0.043185 4.720340 1888.136010 0.782577 9.538424 200.000000 9.538424 0.596957 238.782691 -0.095154 9.568440 200.000000 9.568440 4.686817 1874.726905 0.782577 4.750692 200.000000 4.750692 0.270079 108.031792 -0.095154 2.931810 200.000000 2.931810
 3.800000 -0.201388 0.979512 -0.107269 0.994230 -0.202775 -0.107476 0.979512 -0.201388 0.994230 -0.107269 7.258153 2903.261193 0.710102 12.957637 200.000000 12.957637 0.555253 222.101067 -0.126872 9.238156 200.000000 9.238156 8.072875 3229.150115 0.710102 8.183146 200.000000 8.183146 0.038431 15.372221 -0.126872 2.650931 200.000000 2.650931
 4.000000 -0.283112 0.959087 -0.231647 0.972800 -0.287037 -0.233770 0.959087 -0.283112 0.972800 -0.231647 10.333619 4133.447433 0.637628 17.075897 200.000000 17.075897 1.550548 620.219378 -0.158591 8.362560 200.000000 8.362560 11.234060 4493.623960 0.637628 12.565888 200.000000 12.565888 0.533719 213.487429 -0.158591 2.286364 200.000000 2.286364
 4.200000 -0.339776 0.940507 -0.313185 0.949692 -0.346678 -0.318545 0.940507 -0.339776 0.949692 -0.313185 14.089027 5635.610719 0.565153 22.248235 200.000000 22.248235 2.234035 893.614055 -0.190309 7.719134 200.000000 7.719134 14.787037 5914.814894 0.565153 17.739160 200.000000 17.739160 1.509855 603.942079 -0.190309 1.623882 200.000000 1.623882
 4.400000 -0.525503 0.850792 -0.439951 0.898022 -0.553306 -0.455544 0.850792 -0.525503 0.898022 -0.439951 12.824515 5129.805853 0.492679 27.571967 200.000000 27.571967 9.209770 3683.908059 -0.222027 6.268503 200.000000 6.268503 16.430332 6572.132764 0.492679 23.508877 200.000000 23.508877 4.749077 1899.630893 -0.222027 0.587261 200.000000 0.587261
 4.600000 -0.498762 0.866739 -0.529644 0.848220 -0.522170 -0.558181 0.866739 -0.498762 0.848220 -0.529644 19.939360 7975.744106 0.420204 33.235529 200.000000 33.235529 6.003323 2401.329358 -0.253745 4.449933 200.000000 4.449933 18.319761 7327.904599 0.420204 29.765202 200.000000 29.765202 7.612039 3044.815439 -0.253745 -0.786874 200.000000 -0.786874
 4.800000 -0.775710 0.631090 -0.498822 0.866705 -0.887839 -0.522239 0.631090 -0.775710 0.866705 -0.498822 8.029320 3211.728015 0.347730 39.165827 200.000000 39.165827 24.034161 9613.664330 -0.285463 2.347786 200.000000 2.347786 26.933512 10773.404824 0.347730 36.330039 200.000000 36.330039 4.552193 1820.877390 -0.285463 -2.527787 200.000000 -2.527787
 5.000000 -0.750169 0.661246 -0.731809 0.681510 -0.848318 -0.820972 0.661246 -0.750169 0.681510 -0.731809 14.898906 5959.562242 0.275255 43.909269 200.000000 43.909269 18.747852 7499.140982 -0.317181 -0.577527 200.000000 -0.577527 16.504331 6601.732485 0.275255 42.310436 200.000000 42.310436 17.191585 6876.633937 -0.317181 -4.965491 200.000000 -4.965491
 5.200000 -0.883630 0.468186 -0.872502 0.488610 -1.083559 -1.060300 0.468186 -0.883630 0.488610 -0.872502 7.044015 2817.605812 0.202781 49.238806 200.000000 49.238806 28.593674 11437.469495 -0.348899 -3.458518 200.000000 -3.458518 8.169865 3267.946199 0.202781 48.205880 200.000000 48.205880 27.415990 10966.396021 -0.348899 -7.600720 200.000000 -7.600720
 5.400000 -0.921965 0.387273 -0.917497 0.397743 -1.173125 -1.161741 0.387273 -0.921965 0.397743 -0.917497 6.603187 2641.274710 0.130306 52.014850 200.000000 52.014850 29.305740 11722.295915 -0.380617 -7.044897 200.000000 -7.044897 7.152240 2860.896007 0.130306 53.283426 200.000000 53.283426 28.823962 11529.584880 -0.380617 -10.702790 200.000000 -10.702790
 5.600000 -0.988753 0.149556 -0.983192 0.182574 -1.420678 -1.387193 0.149556 -0.988753 0.182574 -0.983192 0.841331 336.532406 0.057832 53.878484 200.000000 53.878484 33.225740 13290.295939 -0.412336 -10.671915 200.000000 -10.671915 1.556060 622.423867 0.057832 56.590736 200.000000 56.590736 32.587725 13035.090153 -0.412336 -14.175020 200.000000 -14.175020
 5.800000 -0.997734 -0.067276 -0.999936 0.011272 -1.638123 -1.559524 -0.067276 -0.997734 0.011272 -0.999936 0.277018 110.807245 -0.014643 54.290895 200.000000 54.290895 30.656235 12262.493895 -0.444054 -14.240911 200.000000 -14.240911 0.067158 26.863353 -0.014643 57.601425 200.000000 57.601425 30.900564 12360.225705 -0.444054 -17.764816 200.000000 -17.764816
 6.000000 -0.982392 -0.186830 -0.985468 -0.169864 -1.758730 -1.741488 -0.186830 -0.982392 -0.169864 -0.985468 0.994250 397.700103 -0.087117 52.791105 200.000000 52.791105 25.666434 10266.573430 -0.475772 -17.567326 200.000000 -17.567326 0.684692 273.876722 -0.087117 56.634473 200.000000 56.634473 25.978976 10391.590344 -0.475772 -21.069563 200.000000 -21.069563
 6.200000 -0.947702 -0.319157 -0.976185 -0.216941 -1.895636 -1.789476 -0.319157 -0.947702 -0.216941 -0.976185 2.546098 1018.439110 -0.159592 51.489707 200.000000 51.489707 19.378653 7751.461264 -0.507490 -20.632674 200.000000 -20.632674 0.328890 131.556126 -0.159592 55.364147 200.000000 55.364147 21.967479 8786.991631 -0.507490 -24.112486 200.000000 -24.112486
 6.400000 -0.922846 -0.385168 -0.913913 -0.405911 -1.966186 -1.988771 -0.385168 -0.922846 -0.405911 -0.913913 2.344012 937.604663 -0.232066 47.981929 200.000000 47.981929 14.717837 5887.134862 -0.539208 -22.978425 200.000000 -22.978425 3.022182 1208.872930 -0.232066 52.611051 200.000000 52.611051 14.040357 5616.142937 -0.539208 -26.633659 200.000000 -26.633659
 6.600000 -0.867899 -0.496741 -0.884567 -0.466413 -2.090636 -2.056028 -0.496741 -0.867899 -0.466413 -0.884567 3.694072 1477.628697 -0.304541 45.582308 200.000000 45.582308 8.819285 3527.714179 -0.570926 -25.150405 200.000000 -25.150405 2.620257 1048.102714 -0.304541 50.229269 200.000000 50.229269 9.837058 3934.823152 -0.570926 -28.820828 200.000000 -28.820828
 6.800000 -0.786479 -0.617617 -0.900016 -0.435856 -2.236505 -2.021786 -0.617617 -0.786479 -0.435856 -0.900016 5.788890 2315.556069 -0.377015 42.923015 200.000000 42.923015 3.379530 1351.812200 -0.602644 -26.809120 200.000000 -26.809120 0.346225 138.490071 -0.377015 47.488755 200.000000 47.488755 8.843005 3537.201948 -0.602644 -30.449233 200.000000 -30.449233
 7.000000 -0.842150 -0.539244 -0.878639 -0.477487 -2.140336 -2.068589 -0.539244 -0.842150 -0.477487 -0.878639 0.805580 322.232004 -0.449490 40.778189 200.000000 40.778189 4.317547 1727.018628 -0.634362 -28.118513 200.000000 -28.118513 0.078386 31.354344 -0.449490 44.988257 200.000000 44.988257 5.967082 2386.832851 -0.634362 -31.626665 200.000000 -31.626665
 7.200000 -0.803506 -0.595297 -0.786981 -0.616977 -2.208432 -2.235692 -0.595297 -0.803506 -0.616977 -0.786981 0.537768 215.107092 -0.521964 38.815166 200.000000 38.815166 1.888565 755.426057 -0.666081 -28.954359 200.000000 -28.954359 0.902740 361.096116 -0.521964 43.408128 200.000000 43.408128 1.461693 584.677324 -0.666081 -32.582782 200.000000 -32.582782
 7.400000 -0.750831 -0.660495 -0.800686 -0.599085 -2.292274 -2.213154 -0.660495 -0.750831 -0.599085 -0.800686 0.436336 174.534332 -0.594439 37.390693 200.000000 37.390693 0.281239 112.495759 -0.697799 -29.395078 200.000000 -29.395078 0.002158 0.863285 -0.594439 42.008125 200.000000 42.008125 1.058574 423.429470 -0.697799 -33.035275 200.000000 -33.035275
 7.600000 -0.738250 -0.674527 -0.757727 -0.652571 -2.311121 -2.281769 -0.674527 -0.738250 -0.652571 -0.757727 0.005797 2.318830 -0.666913 36.857086 200.000000 36.857086 0.007627 3.050651 -0.729517 -29.565605 200.000000 -29.565605 0.020569 8.227788 -0.666913 41.219275 200.000000 41.219275 0.079583 31.833073 -0.729517 -33.116084 200.000000 -33.116084
 7.800000 -0.743715 -0.668496 -0.702180 -0.711999 -2.302982 -2.363138 -0.668496 -0.743715 -0.711999 -0.702180 0.010026 4.010343 -0.678509 36.859339 200.000000 36.859339 0.008324 3.329594 -0.734592 -29.574156 200.000000 -29.574156 0.112157 44.862833 -0.678509 41.178165 200.000000 41.178165 0.105051 42.020232 -0.734592 -33.105235 200.000000 -33.105235
 8.000000 -0.666547 -0.745463 -0.787497 -0.616319 -2.412025 -2.234856 -0.745463 -0.666547 -0.616319 -0.787497 0.448276 179.310489 -0.678509 36.859339 200.000000 36.859339 0.463006 185.202300 -0.734592 -29.574156 200.000000 -29.574156 0.386764 154.705579 -0.678509 41.178165 200.000000 41.178165 0.279892 111.956880 -0.734592 -33.105235 200.000000 -33.105235
 8.200000 -0.701322 -0.712844 -0.782999 -0.622023 -2.364342 -2.242120 -0.712844 -0.701322 -0.622023 -0.782999 0.117890 47.155922 -0.678509 36.859339 200.000000 36.859339 0.110687 44.274606 -0.734592 -29.574156 200.000000 -29.574156 0.319075 127.629858 -0.678509 41.178165 200.000000 41.178165 0.234328 93.731384 -0.734592 -33.105235 200.000000 -33.105235
 8.400000 -0.755652 -0.654974 -0.670627 -0.741795 -2.284944 -2.406539 -0.654974 -0.755652 -0.741795 -0.670627 0.055392 22.156822 -0.678509 36.859339 200.000000 36.859339 0.044352 17.740601 -0.734592 -29.574156 200.000000 -29.574156 0.400505 160.202058 -0.678509 41.178165 200.000000 41.178165 0.409151 163.660228 -0.734592 -33.105235 200.000000 -33.105235
 8.600000 -0.757112 -0.653285 -0.676422 -0.736514 -2.282711 -2.398699 -0.653285 -0.757112 -0.736514 -0.676422 0.063628 25.451190 -0.678509 36.859339 200.000000 36.859339 0.050717 20.286965 -0.734592 -29.574156 200.000000 -29.574156 0.336458 134.583230 -0.678509 41.178165 200.000000 41.178165 0.338373 135.349321 -0.734592 -33.105235 200.000000 -33.105235
 8.800000 -0.717966 -0.696078 -0.703404 -0.710790 -2.340717 -2.361417 -0.696078 -0.717966 -0.710790 -0.703404 0.030866 12.346452 -0.678509 36.859339 200.000000 36.859339 0.027641 11.056564 -0.734592 -29.574156 200.000000 -29.574156 0.104202 41.680931 -0.678509 41.178165 200.000000 41.178165 0.097264 38.905726 -0.734592 -33.105235 200.000000 -33.105235
 9.000000 -0.719902 -0.694076 -0.698429 -0.715679 -2.337932 -2.368392 -0.694076 -0.719902 -0.715679 -0.698429 0.024232 9.692985 -0.678509 36.859339 200.000000 36.859339 0.021580 8.632031 -0.734592 -29.574156 200.000000 -29.574156 0.138159 55.263797 -0.678509 41.178165 200.000000 41.178165 0.130773 52.309286 -0.734592 -33.105235 200.000000 -33.105235
 9.200000 -0.803377 -0.595470 -0.664861 -0.746968 -2.208647 -2.414286 -0.595470 -0.803377 -0.746968 -0.664861 0.689548 275.819123 -0.678509 36.859339 200.000000 36.859339 0.473145 189.258033 -0.734592 -29.574156 200.000000 -29.574156 0.468652 187.460603 -0.678509 41.178165 200.000000 41.178165 0.486244 194.497605 -0.734592 -33.105235 200.000000 -33.105235
 9.400000 -0.710094 -0.704107 -0.683787 -0.729682 -2.351961 -2.388653 -0.704107 -0.710094 -0.729682 -0.683787 0.065523 26.209184 -0.678509 36.859339 200.000000 36.859339 0.060014 24.005462 -0.734592 -29.574156 200.000000 -29.574156 0.261861 104.744325 -0.678509 41.178165 200.000000 41.178165 0.258113 103.245082 -0.734592 -33.105235 200.000000 -33.105235
 9.600000 -0.670898 -0.741549 -0.668658 -0.743570 -2.406173 -2.409190 -0.741549 -0.670898 -0.743570 -0.668658 0.397404 158.961764 -0.678509 36.859339 200.000000 36.859339 0.405686 162.274347 -0.734592 -29.574156 200.000000 -29.574156 0.423288 169.315172 -0.678509 41.178165 200.000000 41.178165 0.434724 173.889590 -0.734592 -33.105235 200.000000 -33.105235
 9.800000 -0.702874 -0.711315 -0.727339 -0.686278 -2.362163 -2.327156 -0.711315 -0.702874 -0.686278 -0.727339 0.107620 43.047841 -0.678509 36.859339 200.000000 36.859339 0.100604 40.241711 -0.734592 -29.574156 200.000000 -29.574156 0.006035 2.414182 -0.678509 41.178165 200.000000 41.178165 0.005260 2.104004 -0.734592 -33.105235 200.000000 -33.105235
 10.000000 -0.707164 -0.707050 -0.661091 -0.750305 -2.356114 -2.419320 -0.707050 -0.707164 -0.750305 -0.661091 0.081457 32.582675 -0.678509 36.859339 200.000000 36.859339 0.075231 30.092203 -0.734592 -29.574156 200.000000 -29.574156 0.515465 206.185954 -0.678509 41.178165 200.000000 41.178165 0.540228 216.091258 -0.734592 -33.105235 200.000000 -33.105235
 10.200000 -0.714934 -0.699191 -0.710368 -0.703830 -2.345062 -2.351571 -0.699191 -0.714934 -0.703830 -0.710368 0.042775 17.109915 -0.678509 36.859339 200.000000 36.859339 0.038641 15.456303 -0.734592 -29.574156 200.000000 -29.574156 0.064114 25.645626 -0.678509 41.178165 200.000000 41.178165 0.058677 23.470976 -0.734592 -33.105235 200.000000 -33.105235
 10.400000 -0.710064 -0.704137 -0.795229 -0.606309 -2.352003 -2.222207 -0.704137 -0.710064 -0.606309 -0.795229 0.065677 26.270615 -0.678509 36.859339 200.000000 36.859339 0.060159 24.063762 -0.734592 -29.574156 200.000000 -29.574156 0.521289 208.515645 -0.678509 41.178165 200.000000 41.178165 0.367689 147.075745 -0.734592 -33.105235 200.000000 -33.105235
 10.600000 -0.788939 -0.614472 -0.758898 -0.651210 -2.232513 -2.279974 -0.614472 -0.788939 -0.651210 -0.758898 0.410082 164.032612 -0.678509 36.859339 200.000000 36.859339 0.295360 118.144179 -0.734592 -29.574156 200.000000 -29.574156 0.074527 29.810682 -0.678509 41.178165 200.000000 41.178165 0.059078 23.631294 -0.734592 -33.105235 200.000000 -33.105235
 10.800000 -0.813802 -0.581143 -0.690101 -0.723713 -2.190929 -2.379964 -0.581143 -0.813802 -0.723713 -0.690101 0.948026 379.210579 -0.678509 36.859339 200.000000 36.859339 0.627421 250.968455 -0.734592 -29.574156 200.000000 -29.574156 0.204334 81.733586 -0.678509 41.178165 200.000000 41.178165 0.197939 79.175637 -0.734592 -33.105235 200.000000 -33.105235
 11.000000 -0.696658 -0.717403 -0.735285 -0.677758 -2.370864 -2.315505 -0.717403 -0.696658 -0.677758 -0.735285 0.151271 60.508453 -0.678509 36.859339 200.000000 36.859339 0.143894 57.557421 -0.734592 -29.574156 200.000000 -29.574156 0.000057 0.022611 -0.678509 41.178165 200.000000 41.178165 0.000048 0.019251 -0.734592 -33.105235 200.000000 -33.105235
 11.200000 -0.701771 -0.712403 -0.737260 -0.675609 -2.363713 -2.312587 -0.712403 -0.701771 -0.675609 -0.737260 0.114877 45.950891 -0.678509 36.859339 200.000000 36.859339 0.107722 43.088904 -0.734592 -29.574156 200.000000 -29.574156 0.000841 0.336504 -0.678509 41.178165 200.000000 41.178165 0.000712 0.284823 -0.734592 -33.105235 200.000000 -33.105235
 11.400000 -0.713279 -0.700880 -0.740322 -0.672252 -2.347427 -2.308043 -0.700880 -0.713279 -0.672252 -0.740322 0.050045 20.017868 -0.678509 36.859339 200.000000 36.859339 0.045423 18.169041 -0.734592 -29.574156 200.000000 -29.574156 0.003916 1.566257 -0.678509 41.178165 200.000000 41.178165 0.003284 1.313672 -0.734592 -33.105235 200.000000 -33.105235
 11.600000 -0.738813 -0.673911 -0.714912 -0.699214 -2.310286 -2.345094 -0.673911 -0.738813 -0.699214 -0.714912 0.002115 0.845910 -0.678509 36.859339 200.000000 36.859339 0.001782 0.712694 -0.734592 -29.574156 200.000000 -29.574156 0.042870 17.147954 -0.678509 41.178165 200.000000 41.178165 0.038729 15.491662 -0.734592 -33.105235 200.000000 -33.105235
 11.800000 -0.769659 -0.638456 -0.668285 -0.743905 -2.263286 -2.409691 -0.638456 -0.769659 -0.743905 -0.668285 0.160432 64.172631 -0.678509 36.859339 200.000000 36.859339 0.122970 49.187863 -0.734592 -29.574156 200.000000 -29.574156 0.427660 171.064151 -0.678509 41.178165 200.000000 41.178165 0.439655 175.862100 -0.734592 -33.105235 200.000000 -33.105235
 12.000000 -0.688620 -0.725123 -0.681143 -0.732150 -2.382009 -2.392270 -0.725123 -0.688620 -0.732150 -0.681143 0.217281 86.912547 -0.678509 36.859339 200.000000 36.859339 0.211344 84.537704 -0.734592 -29.574156 200.000000 -29.574156 0.287733 115.093089 -0.678509 41.178165 200.000000 41.178165 0.285673 114.269344 -0.734592 -33.105235 200.000000 -33.105235
 12.200000 -0.747685 -0.664053 -0.772671 -0.634806 -2.297023 -2.258554 -0.664053 -0.747685 -0.634806 -0.772671 0.020897 8.358991 -0.678509 36.859339 200.000000 36.859339 0.017144 6.857479 -0.734592 -29.574156 200.000000 -29.574156 0.190996 76.398396 -0.678509 41.178165 200.000000 41.178165 0.145005 58.002199 -0.734592 -33.105235 200.000000 -33.105235
 12.400000 -0.735310 -0.677730 -0.717648 -0.696406 -2.315468 -2.341173 -0.677730 -0.735310 -0.696406 -0.717648 0.000061 0.024275 -0.678509 36.859339 200.000000 36.859339 0.000052 0.020666 -0.734592 -29.574156 200.000000 -29.574156 0.032028 12.811252 -0.678509 41.178165 200.000000 41.178165 0.028708 11.483299 -0.734592 -33.105235 200.000000 -33.105235
 12.600000 -0.655382 -0.755298 -0.652691 -0.757624 -2.426905 -2.430461 -0.755298 -0.655382 -0.757624 -0.652691 0.589648 235.859391 -0.678509 36.859339 200.000000 36.859339 0.627425 250.970066 -0.734592 -29.574156 200.000000 -29.574156 0.625912 250.364749 -0.678509 41.178165 200.000000 41.178165 0.670769 268.307401 -0.734592 -33.105235 200.000000 -33.105235
 12.800000 -0.736712 -0.676206 -0.665105 -0.746749 -2.313397 -2.413958 -0.676206 -0.736712 -0.746749 -0.665105 0.000530 0.212176 -0.678509 36.859339 200.000000 36.859339 0.000450 0.179882 -0.734592 -29.574156 200.000000 -29.574156 0.465671 186.268242 -0.678509 41.178165 200.000000 41.178165 0.482834 193.133755 -0.734592 -33.105235 200.000000 -33.105235
 13.000000 -0.769221 -0.638982 -0.758623 -0.651529 -2.263971 -2.280395 -0.638982 -0.769221 -0.651529 -0.758623 0.156239 62.495619 -0.678509 36.859339 200.000000 36.859339 0.119922 47.968665 -0.734592 -29.574156 200.000000 -29.574156 0.072792 29.116800 -0.678509 41.178165 200.000000 41.178165 0.057752 23.100828 -0.734592 -33.105235 200.000000 -33.105235
 13.200000 -0.737742 -0.675082 -0.743154 -0.669121 -2.311873 -2.303821 -0.675082 -0.737742 -0.669121 -0.743154 0.001175 0.469816 -0.678509 36.859339 200.000000 36.859339 0.000993 0.397091 -0.734592 -29.574156 200.000000 -29.574156 0.008815 3.525880 -0.678509 41.178165 200.000000 41.178165 0.007331 2.932309 -0.734592 -33.105235 200.000000 -33.105235
 13.400000 -0.788723 -0.614749 -0.642590 -0.766210 -2.232864 -2.443719 -0.614749 -0.788723 -0.766210 -0.642590 0.406535 162.613976 -0.678509 36.859339 200.000000 36.859339 0.293015 117.205957 -0.734592 -29.574156 200.000000 -29.574156 0.769143 307.657360 -0.678509 41.178165 200.000000 41.178165 0.846432 338.572740 -0.734592 -33.105235 200.000000 -33.105235
 13.600000 -0.696261 -0.717789 -0.688455 -0.725279 -2.371417 -2.382237 -0.717789 -0.696261 -0.725279 -0.688455 0.154286 61.714295 -0.678509 36.859339 200.000000 36.859339 0.146924 58.769518 -0.734592 -29.574156 200.000000 -29.574156 0.218744 87.497558 -0.678509 41.178165 200.000000 41.178165 0.212864 85.145459 -0.734592 -33.105235 200.000000 -33.105235
 13.800000 -0.711510 -0.702676 -0.731844 -0.681472 -2.349948 -2.320569 -0.702676 -0.711510 -0.681472 -0.731844 0.058404 23.361730 -0.678509 36.859339 200.000000 36.859339 0.053278 21.311391 -0.734592 -29.574156 200.000000 -29.574156 0.000878 0.351129 -0.678509 41.178165 200.000000 41.178165 0.000755 0.302000 -0.734592 -33.105235 200.000000 -33.105235
 14.000000 -0.720619 -0.693331 -0.759638 -0.650346 -2.336898 -2.278837 -0.693331 -0.720619 -0.650346 -0.759638 0.021968 8.787390 -0.678509 36.859339 200.000000 36.859339 0.019523 7.809359 -0.734592 -29.574156 200.000000 -29.574156 0.079316 31.726364 -0.678509 41.178165 200.000000 41.178165 0.062731 25.092350 -0.734592 -33.105235 200.000000 -33.105235
 14.200000 -0.681252 -0.732049 -0.717504 -0.696554 -2.392121 -2.341380 -0.732049 -0.681252 -0.696554 -0.717504 0.286647 114.658803 -0.678509 36.859339 200.000000 36.859339 0.284511 113.804314 -0.734592 -29.574156 200.000000 -29.574156 0.032562 13.024867 -0.678509 41.178165 200.000000 41.178165 0.029199 11.679615 -0.734592 -33.105235 200.000000 -33.105235
 14.400000 -0.693863 -0.720107 -0.627216 -0.778845 -2.374753 -2.463619 -0.720107 -0.693863 -0.778845 -0.627216 0.173034 69.213610 -0.678509 36.859339 200.000000 36.859339 0.165881 66.352224 -0.734592 -29.574156 200.000000 -29.574156 1.006726 402.690440 -0.678509 41.178165 200.000000 41.178165 1.152949 461.179541 -0.734592 -33.105235 200.000000 -33.105235
 14.600000 -0.747885 -0.663829 -0.753257 -0.657726 -2.296723 -2.288593 -0.663829 -0.747885 -0.657726 -0.753257 0.021552 8.620766 -0.678509 36.859339 200.000000 36.859339 0.017670 7.067964 -0.734592 -29.574156 200.000000 -29.574156 0.043193 17.277309 -0.678509 41.178165 200.000000 41.178165 0.034839 13.935573 -0.734592 -33.105235 200.000000 -33.105235
 14.800000 -0.750922 -0.660391 -0.776403 -0.630236 -2.292136 -2.252654 -0.660391 -0.750922 -0.630236 -0.776403 0.032826 13.130460 -0.678509 36.859339 200.000000 36.859339 0.026666 10.666544 -0.734592 -29.574156 200.000000 -29.574156 0.233029 93.211734 -0.678509 41.178165 200.000000 41.178165 0.174822 69.928631 -0.734592 -33.105235 200.000000 -33.105235
 15.000000 -0.784586 -0.620020 -0.715821 -0.698284 -2.239564 -2.343794 -0.620020 -0.784586 -0.698284 -0.715821 0.342105 136.842089 -0.678509 36.859339 200.000000 36.859339 0.249946 99.978295 -0.734592 -29.574156 200.000000 -29.574156 0.039103 15.641181 -0.678509 41.178165 200.000000 41.178165 0.035234 14.093662 -0.734592 -33.105235 200.000000 -33.105235
 15.200000 -0.696284 -0.717766 -0.713400 -0.700757 -2.371385 -2.347255 -0.717766 -0.696284 -0.700757 -0.713400 0.154111 61.644335 -0.678509 36.859339 200.000000 36.859339 0.146748 58.699141 -0.734592 -29.574156 200.000000 -29.574156 0.049497 19.798770 -0.678509 41.178165 200.000000 41.178165 0.044910 17.963987 -0.734592 -33.105235 200.000000 -33.105235
 15.400000 -0.692852 -0.721080 -0.709658 -0.704546 -2.376156 -2.352580 -0.721080 -0.692852 -0.704546 -0.709658 0.181224 72.489696 -0.678509 36.859339 200.000000 36.859339 0.174221 69.688244 -0.734592 -29.574156 200.000000 -29.574156 0.067792 27.116831 -0.678509 41.178165 200.000000 41.178165 0.062169 24.867591 -0.734592 -33.105235 200.000000 -33.105235
 15.600000 -0.691744 -0.722143 -0.724947 -0.688804 -2.377691 -2.330635 -0.722143 -0.691744 -0.688804 -0.724947 0.190387 76.154880 -0.678509 36.859339 200.000000 36.859339 0.183592 73.436985 -0.734592 -29.574156 200.000000 -29.574156 0.010598 4.239257 -0.678509 41.178165 200.000000 41.178165 0.009301 3.720441 -0.734592 -33.105235 200.000000 -33.105235
 15.800000 -0.737703 -0.675125 -0.724777 -0.688983 -2.311931 -2.330881 -0.675125 -0.737703 -0.688983 -0.724777 0.001145 0.458112 -0.678509 36.859339 200.000000 36.859339 0.000968 0.387244 -0.734592 -29.574156 200.000000 -29.574156 0.010970 4.387958 -0.678509 41.178165 200.000000 41.178165 0.009632 3.852851 -0.734592 -33.105235 200.000000 -33.105235
 16.000000 -0.716053 -0.698046 -0.672967 -0.739673 -2.343461 -2.403380 -0.698046 -0.716053 -0.739673 -0.672967 0.038167 15.266838 -0.678509 36.859339 200.000000 36.859339 0.034368 13.747198 -0.734592 -29.574156 200.000000 -29.574156 0.374094 149.637505 -0.678509 41.178165 200.000000 41.178165 0.379762 151.904784 -0.734592 -33.105235 200.000000 -33.105235
 16.200000 -0.751195 -0.660081 -0.636224 -0.771505 -2.291722 -2.451999 -0.660081 -0.751195 -0.771505 -0.636224 0.033962 13.584966 -0.678509 36.859339 200.000000 36.859339 0.027566 11.026580 -0.734592 -29.574156 200.000000 -29.574156 0.864814 345.925537 -0.678509 41.178165 200.000000 41.178165 0.967630 387.051971 -0.734592 -33.105235 200.000000 -33.105235
 16.400000 -0.708447 -0.705764 -0.690876 -0.722973 -2.354297 -2.378893 -0.705764 -0.708447 -0.722973 -0.690876 0.074281 29.712421 -0.678509 36.859339 200.000000 36.859339 0.068354 27.341716 -0.734592 -29.574156 200.000000 -29.574156 0.197704 79.081463 -0.678509 41.178165 200.000000 41.178165 0.191106 76.442596 -0.734592 -33.105235 200.000000 -33.105235
 16.600000 -0.731491 -0.681851 -0.730443 -0.682974 -2.321086 -2.322623 -0.681851 -0.731491 -0.682974 -0.730443 0.001116 0.446562 -0.678509 36.859339 200.000000 36.859339 0.000961 0.384479 -0.734592 -29.574156 200.000000 -29.574156 0.001993 0.797293 -0.678509 41.178165 200.000000 41.178165 0.001721 0.688568 -0.734592 -33.105235 200.000000 -33.105235
 16.800000 -0.736679 -0.676242 -0.708094 -0.706118 -2.313446 -2.354798 -0.676242 -0.736679 -0.706118 -0.708094 0.000514 0.205599 -0.678509 36.859339 200.000000 36.859339 0.000436 0.174323 -0.734592 -29.574156 200.000000 -29.574156 0.076225 30.490150 -0.678509 41.178165 200.000000 41.178165 0.070214 28.085507 -0.734592 -33.105235 200.000000 -33.105235
 17.000000 -0.669902 -0.742449 -0.721867 -0.692031 -2.407515 -2.335096 -0.742449 -0.669902 -0.692031 -0.721867 0.408830 163.532094 -0.678509 36.859339 200.000000 36.859339 0.418472 167.388682 -0.734592 -29.574156 200.000000 -29.574156 0.018285 7.313850 -0.678509 41.178165 200.000000 41.178165 0.016191 6.476397 -0.734592 -33.105235 200.000000 -33.105235
 17.200000 -0.758839 -0.651278 -0.730822 -0.682568 -2.280064 -2.322067 -0.651278 -0.758839 -0.682568 -0.730822 0.074155 29.661893 -0.678509 36.859339 200.000000 36.859339 0.058794 23.517604 -0.734592 -29.574156 200.000000 -29.574156 0.001647 0.658814 -0.678509 41.178165 200.000000 41.178165 0.001421 0.568339 -0.734592 -33.105235 200.000000 -33.105235
 17.400000 -0.710757 -0.703438 -0.703075 -0.711115 -2.351019 -2.361880 -0.703438 -0.710757 -0.711115 -0.703075 0.062143 24.857031 -0.678509 36.859339 200.000000 36.859339 0.056810 22.724118 -0.734592 -29.574156 200.000000 -29.574156 0.106316 42.526226 -0.678509 41.178165 200.000000 41.178165 0.099329 39.731544 -0.734592 -33.105235 200.000000 -33.105235
 17.600000 -0.702903 -0.711286 -0.720538 -0.693415 -2.362123 -2.337015 -0.711286 -0.702903 -0.693415 -0.720538 0.107432 42.972673 -0.678509 36.859339 200.000000 36.859339 0.100420 40.168167 -0.734592 -29.574156 200.000000 -29.574156 0.022219 8.887415 -0.678509 41.178165 200.000000 41.178165 0.019750 7.900098 -0.734592 -33.105235 200.000000 -33.105235
 17.800000 -0.696986 -0.717085 -0.719773 -0.694209 -2.370407 -2.338117 -0.717085 -0.696986 -0.694209 -0.719773 0.148804 59.521524 -0.678509 36.859339 200.000000 36.859339 0.141417 56.566875 -0.734592 -29.574156 200.000000 -29.574156 0.024648 9.859377 -0.678509 41.178165 200.000000 41.178165 0.021959 8.783462 -0.734592 -33.105235 200.000000 -33.105235
 18.000000 -0.658176 -0.752865 -0.732191 -0.681100 -2.423200 -2.320060 -0.752865 -0.658176 -0.681100 -0.732191 0.552868 221.147317 -0.678509 36.859339 200.000000 36.859339 0.583943 233.577395 -0.734592 -29.574156 200.000000 -29.574156 0.000671 0.268358 -0.678509 41.178165 200.000000 41.178165 0.000576 0.230574 -0.734592 -33.105235 200.000000 -33.105235
 18.200000 -0.758153 -0.652077 -0.782559 -0.622576 -2.281117 -2.242827 -0.652077 -0.758153 -0.622576 -0.782559 0.069866 27.946511 -0.678509 36.859339 200.000000 36.859339 0.055512 22.204605 -0.734592 -29.574156 200.000000 -29.574156 0.312852 125.140732 -0.678509 41.178165 200.000000 41.178165 0.230087 92.034985 -0.734592 -33.105235 200.000000 -33.105235
 18.400000 -0.707295 -0.706919 -0.750970 -0.660337 -2.355928 -2.292064 -0.706919 -0.707295 -0.660337 -0.750970 0.080708 32.283377 -0.678509 36.859339 200.000000 36.859339 0.074512 29.804698 -0.734592 -29.574156 200.000000 -29.574156 0.033024 13.209702 -0.678509 41.178165 200.000000 41.178165 0.026823 10.729347 -0.734592 -33.105235 200.000000 -33.105235
 18.600000 -0.703381 -0.710813 -0.717682 -0.696371 -2.361449 -2.341125 -0.710813 -0.703381 -0.696371 -0.717682 0.104350 41.739869 -0.678509 36.859339 200.000000 36.859339 0.097408 38.963268 -0.734592 -29.574156 200.000000 -29.574156 0.031905 12.762051 -0.678509 41.178165 200.000000 41.178165 0.028595 11.438100 -0.734592 -33.105235 200.000000 -33.105235
 18.800000 -0.730238 -0.683193 -0.771679 -0.636012 -2.322923 -2.260115 -0.683193 -0.730238 -0.636012 -0.771679 0.002194 0.877452 -0.678509 36.859339 200.000000 36.859339 0.001896 0.758252 -0.734592 -29.574156 200.000000 -29.574156 0.180606 72.242461 -0.678509 41.178165 200.000000 41.178165 0.137550 55.020088 -0.734592 -33.105235 200.000000 -33.105235
 19.000000 -0.748693 -0.662917 -0.756025 -0.654543 -2.295504 -2.284374 -0.662917 -0.748693 -0.654543 -0.756025 0.024313 9.725073 -0.678509 36.859339 200.000000 36.859339 0.019885 7.953851 -0.734592 -29.574156 200.000000 -29.574156 0.057440 22.976184 -0.678509 41.178165 200.000000 41.178165 0.045939 18.375541 -0.734592 -33.105235 200.000000 -33.105235
 19.200000 -0.724323 -0.689461 -0.648261 -0.761418 -2.331541 -2.436295 -0.689461 -0.724323 -0.761418 -0.648261 0.011993 4.797312 -0.678509 36.859339 200.000000 36.859339 0.010545 4.217853 -0.734592 -29.574156 200.000000 -29.574156 0.687391 274.956285 -0.678509 41.178165 200.000000 41.178165 0.745304 298.121600 -0.734592 -33.105235 200.000000 -33.105235
 19.400000 -0.707553 -0.706660 -0.704288 -0.709915 -2.355563 -2.360173 -0.706660 -0.707553 -0.709915 -0.704288 0.079247 31.698611 -0.678509 36.859339 200.000000 36.859339 0.073109 29.243435 -0.734592 -29.574156 200.000000 -29.574156 0.098629 39.451412 -0.678509 41.178165 200.000000 41.178165 0.091833 36.733130 -0.734592 -33.105235 200.000000 -33.105235
 19.600000 -0.702192 -0.711988 -0.778776 -0.627303 -2.363121 -2.248881 -0.711988 -0.702192 -0.627303 -0.778776 0.112080 44.832169 -0.678509 36.859339 200.000000 36.859339 0.104975 41.990141 -0.734592 -29.574156 200.000000 -29.574156 0.262214 104.885600 -0.678509 41.178165 200.000000 41.178165 0.195222 78.088747 -0.734592 -33.105235 200.000000 -33.105235
 19.800000 -0.736784 -0.676129 -0.648737 -0.761013 -2.313292 -2.435669 -0.676129 -0.736784 -0.761013 -0.648737 0.000567 0.226743 -0.678509 36.859339 200.000000 36.859339 0.000480 0.192191 -0.734592 -29.574156 200.000000 -29.574156 0.680680 272.271819 -0.678509 41.178165 200.000000 41.178165 0.737104 294.841511 -0.734592 -33.105235 200.000000 -33.105235
 20.000000 -0.765604 -0.643312 -0.635903 -0.771769 -2.269613 -2.452415 -0.643312 -0.765604 -0.771769 -0.635903 0.123884 49.553517 -0.678509 36.859339 200.000000 36.859339 0.096176 38.470202 -0.734592 -29.574156 200.000000 -29.574156 0.869735 347.893845 -0.678509 41.178165 200.000000 41.178165 0.973946 389.578298 -0.734592 -33.105235 200.000000 -33.105235
 20.200000 -0.758789 -0.651337 -0.750391 -0.660994 -2.280141 -2.292939 -0.651337 -0.758789 -0.660994 -0.750391 0.073836 29.534307 -0.678509 36.859339 200.000000 36.859339 0.058550 23.420089 -0.734592 -29.574156 200.000000 -29.574156 0.030678 12.271173 -0.678509 41.178165 200.000000 41.178165 0.024962 9.984611 -0.734592 -33.105235 200.000000 -33.105235
 20.400000 -0.708686 -0.705524 -0.741094 -0.671401 -2.353959 -2.306894 -0.705524 -0.708686 -0.671401 -0.741094 0.072980 29.192019 -0.678509 36.859339 200.000000 36.859339 0.067112 26.844650 -0.734592 -29.574156 200.000000 -29.574156 0.005053 2.021230 -0.678509 41.178165 200.000000 41.178165 0.004228 1.691366 -0.734592 -33.105235 200.000000 -33.105235
 20.600000 -0.689130 -0.724638 -0.733014 -0.680214 -2.381305 -2.318850 -0.724638 -0.689130 -0.680214 -0.733014 0.212783 85.113361 -0.678509 36.859339 200.000000 36.859339 0.206678 82.671178 -0.734592 -29.574156 200.000000 -29.574156 0.000290 0.116182 -0.678509 41.178165 200.000000 41.178165 0.000249 0.099582 -0.734592 -33.105235 200.000000 -33.105235
 20.800000 -0.708284 -0.705927 -0.719200 -0.694803 -2.354528 -2.338943 -0.705927 -0.708284 -0.694803 -0.719200 0.075173 30.069320 -0.678509 36.859339 200.000000 36.859339 0.069207 27.682903 -0.734592 -29.574156 200.000000 -29.574156 0.026549 10.619556 -0.678509 41.178165 200.000000 41.178165 0.023691 9.476346 -0.734592 -33.105235 200.000000 -33.105235
 21.000000 -0.678468 -0.734630 -0.654063 -0.756440 -2.395918 -2.428649 -0.734630 -0.678468 -0.756440 -0.654063 0.314956 125.982454 -0.678509 36.859339 200.000000 36.859339 0.314992 125.996810 -0.734592 -29.574156 200.000000 -29.574156 0.607318 242.927015 -0.678509 41.178165 200.000000 41.178165 0.648486 259.394274 -0.734592 -33.105235 200.000000 -33.105235
 21.200000 -0.704754 -0.709452 -0.734162 -0.678974 -2.359517 -2.317161 -0.709452 -0.704754 -0.678974 -0.734162 0.095745 38.298198 -0.678509 36.859339 200.000000 36.859339 0.089031 35.612566 -0.734592 -29.574156 200.000000 -29.574156 0.000022 0.008641 -0.678509 41.178165 200.000000 41.178165 0.000018 0.007381 -0.734592 -33.105235 200.000000 -33.105235
 21.400000 -0.736267 -0.676691 -0.780022 -0.625753 -2.314055 -2.246892 -0.676691 -0.736267 -0.625753 -0.780022 0.000331 0.132263 -0.678509 36.859339 200.000000 36.859339 0.000281 0.112280 -0.734592 -29.574156 200.000000 -29.574156 0.278329 111.331411 -0.678509 41.178165 200.000000 41.178165 0.206388 82.555085 -0.734592 -33.105235 200.000000 -33.105235
 21.600000 -0.680150 -0.733073 -0.693269 -0.720679 -2.393625 -2.375577 -0.733073 -0.680150 -0.720679 -0.693269 0.297718 119.087300 -0.678509 36.859339 200.000000 36.859339 0.296390 118.556016 -0.734592 -29.574156 200.000000 -29.574156 0.177824 71.129592 -0.678509 41.178165 200.000000 41.178165 0.170754 68.301553 -0.734592 -33.105235 200.000000 -33.105235
 21.800000 -0.698914 -0.715206 -0.699187 -0.714938 -2.367715 -2.367332 -0.715206 -0.698914 -0.714938 -0.699187 0.134662 53.864747 -0.678509 36.859339 200.000000 36.859339 0.127290 50.915944 -0.734592 -29.574156 200.000000 -29.574156 0.132707 53.082851 -0.678509 41.178165 200.000000 41.178165 0.125346 50.138477 -0.734592 -33.105235 200.000000 -33.105235
 22.000000 -0.708361 -0.705850 -0.785217 -0.619220 -2.354419 -2.238546 -0.705850 -0.708361 -0.619220 -0.785217 0.074750 29.900002 -0.678509 36.859339 200.000000 36.859339 0.068803 27.521010 -0.734592 -29.574156 200.000000 -29.574156 0.351519 140.607542 -0.678509 41.178165 200.000000 41.178165 0.256294 102.517776 -0.734592 -33.105235 200.000000 -33.105235
 22.200000 -0.750285 -0.661114 -0.737149 -0.675730 -2.293099 -2.312751 -0.661114 -0.750285 -0.675730 -0.737149 0.030259 12.103506 -0.678509 36.859339 200.000000 36.859339 0.024628 9.851356 -0.734592 -29.574156 200.000000 -29.574156 0.000772 0.308940 -0.678509 41.178165 200.000000 41.178165 0.000654 0.261579 -0.734592 -33.105235 200.000000 -33.105235
 22.400000 -0.769692 -0.638415 -0.641836 -0.766842 -2.263234 -2.444703 -0.638415 -0.769692 -0.766842 -0.641836 0.160753 64.301260 -0.678509 36.859339 200.000000 36.859339 0.123203 49.281273 -0.734592 -29.574156 200.000000 -29.574156 0.780264 312.105615 -0.678509 41.178165 200.000000 41.178165 0.860363 344.145169 -0.734592 -33.105235 200.000000 -33.105235
 22.600000 -0.753910 -0.656978 -0.721757 -0.692146 -2.287600 -2.335255 -0.656978 -0.753910 -0.692146 -0.721757 0.046360 18.543939 -0.678509 36.859339 200.000000 36.859339 0.037318 14.927365 -0.734592 -29.574156 200.000000 -29.574156 0.018596 7.438548 -0.678509 41.178165 200.000000 41.178165 0.016472 6.588917 -0.734592 -33.105235 200.000000 -33.105235
 22.800000 -0.756932 -0.653494 -0.707193 -0.707021 -2.282987 -2.356073 -0.653494 -0.756932 -0.707021 -0.707193 0.062578 25.031195 -0.678509 36.859339 200.000000 36.859339 0.049908 19.963280 -0.734592 -29.574156 200.000000 -29.574156 0.081290 32.516108 -0.678509 41.178165 200.000000 41.178165 0.075071 30.028245 -0.734592 -33.105235 200.000000 -33.105235
 23.000000 -0.730744 -0.682652 -0.682562 -0.730827 -2.322182 -2.390329 -0.682652 -0.730744 -0.730827 -0.682562 0.001716 0.686419 -0.678509 36.859339 200.000000 36.859339 0.001481 0.592290 -0.734592 -29.574156 200.000000 -29.574156 0.273716 109.486286 -0.678509 41.178165 200.000000 41.178165 0.270704 108.281690 -0.734592 -33.105235 200.000000 -33.105235
 23.200000 -0.776096 -0.630615 -0.672132 -0.740431 -2.253142 -2.404508 -0.630615 -0.776096 -0.740431 -0.672132 0.229387 91.754749 -0.678509 36.859339 200.000000 36.859339 0.172259 68.903483 -0.734592 -29.574156 200.000000 -29.574156 0.383431 153.372259 -0.678509 41.178165 200.000000 41.178165 0.390119 156.047756 -0.734592 -33.105235 200.000000 -33.105235
 23.400000 -0.704694 -0.709511 -0.673829 -0.738887 -2.359601 -2.402214 -0.709511 -0.704694 -0.738887 -0.673829 0.096111 38.444553 -0.678509 36.859339 200.000000 36.859339 0.089387 35.754654 -0.734592 -29.574156 200.000000 -29.574156 0.364550 145.819936 -0.678509 41.178165 200.000000 41.178165 0.369211 147.684536 -0.734592 -33.105235 200.000000 -33.105235
 23.600000 -0.667407 -0.744693 -0.690221 -0.723599 -2.410871 -2.379798 -0.744693 -0.667407 -0.723599 -0.690221 0.438029 175.211762 -0.678509 36.859339 200.000000 36.859339 0.451379 180.551677 -0.734592 -29.574156 200.000000 -29.574156 0.203304 81.321536 -0.678509 41.178165 200.000000 41.178165 0.196876 78.750440 -0.734592 -33.105235 200.000000 -33.105235
 23.800000 -0.669992 -0.742368 -0.762870 -0.646551 -2.407395 -2.273852 -0.742368 -0.669992 -0.646551 -0.762870 0.407796 163.118326 -0.678509 36.859339 200.000000 36.859339 0.417312 166.924813 -0.734592 -29.574156 200.000000 -29.574156 0.102131 40.852396 -0.678509 41.178165 200.000000 41.178165 0.079968 31.987296 -0.734592 -33.105235 200.000000 -33.105235
 24.000000 -0.709175 -0.705033 -0.666048 -0.745909 -2.353266 -2.412695 -0.705033 -0.709175 -0.745909 -0.666048 0.070348 28.139323 -0.678509 36.859339 200.000000 36.859339 0.064602 25.840710 -0.734592 -29.574156 200.000000 -29.574156 0.454273 181.709383 -0.678509 41.178165 200.000000 41.178165 0.469829 187.931687 -0.734592 -33.105235 200.000000 -33.105235
 24.200000 -0.757298 -0.653069 -0.683114 -0.730312 -2.282426 -2.389575 -0.653069 -0.757298 -0.730312 -0.683114 0.064721 25.888270 -0.678509 36.859339 200.000000 36.859339 0.051559 20.623531 -0.734592 -29.574156 200.000000 -29.574156 0.268352 107.340724 -0.678509 41.178165 200.000000 41.178165 0.264999 105.999669 -0.734592 -33.105235 200.000000 -33.105235
 24.400000 -0.735393 -0.677641 -0.790638 -0.612284 -2.315346 -2.229742 -0.677641 -0.735393 -0.612284 -0.790638 0.000075 0.030162 -0.678509 36.859339 200.000000 36.859339 0.000064 0.025671 -0.734592 -29.574156 200.000000 -29.574156 0.438586 175.434271 -0.678509 41.178165 200.000000 41.178165 0.314121 125.648417 -0.734592 -33.105235 200.000000 -33.105235
 24.600000 -0.751900 -0.659277 -0.777126 -0.629345 -2.290653 -2.251507 -0.659277 -0.751900 -0.629345 -0.777126 0.036988 14.795376 -0.678509 36.859339 200.000000 36.859339 0.029958 11.983247 -0.734592 -29.574156 200.000000 -29.574156 0.241709 96.683751 -0.678509 41.178165 200.000000 41.178165 0.180914 72.365472 -0.734592 -33.105235 200.000000 -33.105235
 24.800000 -0.738930 -0.673782 -0.690117 -0.723698 -2.310112 -2.379942 -0.673782 -0.738930 -0.723698 -0.690117 0.002235 0.893907 -0.678509 36.859339 200.000000 36.859339 0.001882 0.752870 -0.734592 -29.574156 200.000000 -29.574156 0.204201 81.680436 -0.678509 41.178165 200.000000 41.178165 0.197802 79.120780 -0.734592 -33.105235 200.000000 -33.105235
 25.000000 -0.683154 -0.730274 -0.758094 -0.652145 -2.389520 -2.281207 -0.730274 -0.683154 -0.652145 -0.758094 0.267960 107.183995 -0.678509 36.859339 200.000000 36.859339 0.264583 105.833175 -0.734592 -29.574156 200.000000 -29.574156 0.069507 27.802643 -0.678509 41.178165 200.000000 41.178165 0.055236 22.094293 -0.734592 -33.105235 200.000000 -33.105235
 25.200000 -0.734227 -0.678904 -0.768583 -0.639750 -2.317066 -2.264969 -0.678904 -0.734227 -0.639750 -0.768583 0.000016 0.006242 -0.678509 36.859339 200.000000 36.859339 0.000013 0.005331 -0.734592 -29.574156 200.000000 -29.574156 0.150229 60.091506 -0.678509 41.178165 200.000000 41.178165 0.115541 46.216383 -0.734592 -33.105235 200.000000 -33.105235
 25.400000 -0.735397 -0.677636 -0.657502 -0.753453 -2.315340 -2.424094 -0.677636 -0.735397 -0.753453 -0.657502 0.000076 0.030513 -0.678509 36.859339 200.000000 36.859339 0.000065 0.025970 -0.734592 -29.574156 200.000000 -29.574156 0.561652 224.660971 -0.678509 41.178165 200.000000 41.178165 0.594284 237.713540 -0.734592 -33.105235 200.000000 -33.105235
 25.600000 -0.679622 -0.733562 -0.720889 -0.693050 -2.394345 -2.336508 -0.733562 -0.679622 -0.693050 -0.720889 0.303080 121.232162 -0.678509 36.859339 200.000000 36.859339 0.302163 120.865109 -0.734592 -29.574156 200.000000 -29.574156 0.021143 8.457345 -0.678509 41.178165 200.000000 41.178165 0.018775 7.510179 -0.734592 -33.105235 200.000000 -33.105235
 25.800000 -0.645140 -0.764065 -0.690943 -0.722910 -2.440386 -2.378801 -0.764065 -0.645140 -0.722910 -0.690943 0.731969 292.787420 -0.678509 36.859339 200.000000 36.859339 0.800165 320.065935 -0.734592 -29.574156 200.000000 -29.574156 0.197138 78.855134 -0.678509 41.178165 200.000000 41.178165 0.190524 76.209769 -0.734592 -33.105235 200.000000 -33.105235
 26.000000 -0.709860 -0.704343 -0.609212 -0.793008 -2.352293 -2.486527 -0.704343 -0.709860 -0.793008 -0.609212 0.066735 26.694093 -0.678509 36.859339 200.000000 36.859339 0.061165 24.465854 -0.734592 -29.574156 200.000000 -29.574156 1.310985 524.393838 -0.678509 41.178165 200.000000 41.178165 1.572015 628.806060 -0.734592 -33.105235 200.000000 -33.105235
 26.200000 -0.783164 -0.621815 -0.721118 -0.692812 -2.241854 -2.336178 -0.621815 -0.783164 -0.692812 -0.721118 0.321430 128.571882 -0.678509 36.859339 200.000000 36.859339 0.235931 94.372440 -0.734592 -29.574156 200.000000 -29.574156 0.020457 8.182857 -0.678509 41.178165 200.000000 41.178165 0.018154 7.261629 -0.734592 -33.105235 200.000000 -33.105235
 26.400000 -0.789024 -0.614362 -0.741692 -0.670740 -2.232374 -2.306003 -0.614362 -0.789024 -0.670740 -0.741692 0.411487 164.594827 -0.678509 36.859339 200.000000 36.859339 0.296289 118.515722 -0.734592 -29.574156 200.000000 -29.574156 0.006036 2.414491 -0.678509 41.178165 200.000000 41.178165 0.005042 2.016834 -0.734592 -33.105235 200.000000 -33.105235
 26.600000 -0.735090 -0.677970 -0.716911 -0.697164 -2.315794 -2.342231 -0.677970 -0.735090 -0.697164 -0.716911 0.000029 0.011636 -0.678509 36.859339 200.000000 36.859339 0.000025 0.009913 -0.734592 -29.574156 200.000000 -29.574156 0.034801 13.920273 -0.678509 41.178165 200.000000 41.178165 0.031260 12.503821 -0.734592 -33.105235 200.000000 -33.105235
 26.800000 -0.681048 -0.732239 -0.749003 -0.662566 -2.392400 -2.295036 -0.732239 -0.681048 -0.662566 -0.749003 0.288684 115.473437 -0.678509 36.859339 200.000000 36.859339 0.286692 114.676789 -0.734592 -29.574156 200.000000 -29.574156 0.025419 10.167446 -0.678509 41.178165 200.000000 41.178165 0.020770 8.307830 -0.734592 -33.105235 200.000000 -33.105235
 27.000000 -0.672394 -0.740193 -0.768628 -0.639696 -2.404154 -2.264899 -0.740193 -0.672394 -0.639696 -0.768628 0.380491 152.196536 -0.678509 36.859339 200.000000 36.859339 0.386855 154.742007 -0.734592 -29.574156 200.000000 -29.574156 0.150645 60.258094 -0.678509 41.178165 200.000000 41.178165 0.115845 46.337976 -0.734592 -33.105235 200.000000 -33.105235
 27.200000 -0.740759 -0.671771 -0.693860 -0.720110 -2.307393 -2.374758 -0.671771 -0.740759 -0.720110 -0.693860 0.004541 1.816232 -0.678509 36.859339 200.000000 36.859339 0.003803 1.521349 -0.734592 -29.574156 200.000000 -29.574156 0.173064 69.225443 -0.678509 41.178165 200.000000 41.178165 0.165911 66.364248 -0.734592 -33.105235 200.000000 -33.105235
 27.400000 -0.745831 -0.666135 -0.757936 -0.652329 -2.299811 -2.281450 -0.666135 -0.745831 -0.652329 -0.757936 0.015313 6.125303 -0.678509 36.859339 200.000000 36.859339 0.012633 5.053248 -0.734592 -29.574156 200.000000 -29.574156 0.068540 27.415942 -0.678509 41.178165 200.000000 41.178165 0.054494 21.797636 -0.734592 -33.105235 200.000000 -33.105235
 27.600000 -0.669571 -0.742748 -0.756961 -0.653460 -2.407962 -2.282943 -0.742748 -0.669571 -0.653460 -0.756961 0.412661 165.064313 -0.678509 36.859339 200.000000 36.859339 0.422770 169.107895 -0.734592 -29.574156 200.000000 -29.574156 0.062746 25.098244 -0.678509 41.178165 200.000000 41.178165 0.050037 20.014973 -0.734592 -33.105235 200.000000 -33.105235
 27.800000 -0.687521 -0.726164 -0.727864 -0.685722 -2.383523 -2.326391 -0.726164 -0.687521 -0.685722 -0.727864 0.227098 90.839290 -0.678509 36.859339 200.000000 36.859339 0.221563 88.625031 -0.734592 -29.574156 200.000000 -29.574156 0.005202 2.080761 -0.678509 41.178165 200.000000 41.178165 0.004527 1.810644 -0.734592 -33.105235 200.000000 -33.105235
 28.000000 -0.704982 -0.709225 -0.727461 -0.686149 -2.359194 -2.326978 -0.709225 -0.704982 -0.686149 -0.727461 0.094344 37.737548 -0.678509 36.859339 200.000000 36.859339 0.087671 35.068589 -0.734592 -29.574156 200.000000 -29.574156 0.005836 2.334593 -0.678509 41.178165 200.000000 41.178165 0.005085 2.033917 -0.734592 -33.105235 200.000000 -33.105235
 28.200000 -0.763350 -0.645985 -0.732234 -0.681053 -2.273109 -2.319996 -0.645985 -0.763350 -0.681053 -0.732234 0.105786 42.314322 -0.678509 36.859339 200.000000 36.859339 0.082706 33.082430 -0.734592 -29.574156 200.000000 -29.574156 0.000647 0.258731 -0.678509 41.178165 200.000000 41.178165 0.000556 0.222275 -0.734592 -33.105235 200.000000 -33.105235
 28.400000 -0.749699 -0.661779 -0.646011 -0.763328 -2.293985 -2.439246 -0.661779 -0.749699 -0.763328 -0.646011 0.027992 11.196811 -0.678509 36.859339 200.000000 36.859339 0.022824 9.129616 -0.734592 -29.574156 200.000000 -29.574156 0.719424 287.769551 -0.678509 41.178165 200.000000 41.178165 0.784658 313.863105 -0.734592 -33.105235 200.000000 -33.105235
 28.600000 -0.705879 -0.708332 -0.713645 -0.700508 -2.357929 -2.346905 -0.708332 -0.705879 -0.700508 -0.713645 0.088941 35.576396 -0.678509 36.859339 200.000000 36.859339 0.082442 32.976678 -0.734592 -29.574156 200.000000 -29.574156 0.048393 19.357333 -0.678509 41.178165 200.000000 41.178165 0.043878 17.551169 -0.734592 -33.105235 200.000000 -33.105235
 28.800000 -0.717106 -0.696964 -0.664578 -0.747219 -2.341951 -2.414663 -0.696964 -0.717106 -0.747219 -0.664578 0.034057 13.622954 -0.678509 36.859339 200.000000 36.859339 0.030575 12.229911 -0.734592 -29.574156 200.000000 -29.574156 0.472096 188.838462 -0.678509 41.178165 200.000000 41.178165 0.490188 196.075309 -0.734592 -33.105235 200.000000 -33.105235
 29.000000 -0.734043 -0.679103 -0.671703 -0.740821 -2.317337 -2.405088 -0.679103 -0.734043 -0.740821 -0.671703 0.000035 0.014115 -0.678509 36.859339 200.000000 36.859339 0.000030 0.012061 -0.734592 -29.574156 200.000000 -29.574156 0.388271 155.308485 -0.678509 41.178165 200.000000 41.178165 0.395503 158.201136 -0.734592 -33.105235 200.000000 -33.105235
 29.200000 -0.698004 -0.716094 -0.757933 -0.652332 -2.368986 -2.281454 -0.716094 -0.698004 -0.652332 -0.757933 0.141258 56.503345 -0.678509 36.859339 200.000000 36.859339 0.133865 53.546132 -0.734592 -29.574156 200.000000 -29.574156 0.068524 27.409750 -0.678509 41.178165 200.000000 41.178165 0.054482 21.792884 -0.734592 -33.105235 200.000000 -33.105235
 29.400000 -0.690576 -0.723259 -0.696793 -0.717272 -2.379307 -2.370676 -0.723259 -0.690576 -0.717272 -0.696793 0.200256 80.102369 -0.678509 36.859339 200.000000 36.859339 0.193734 77.493610 -0.734592 -29.574156 200.000000 -29.574156 0.150255 60.102182 -0.678509 41.178165 200.000000 41.178165 0.142874 57.149496 -0.734592 -33.105235 200.000000 -33.105235
 29.600000 -0.722288 -0.691592 -0.593781 -0.804627 -2.334488 -2.505843 -0.691592 -0.722288 -0.804627 -0.593781 0.017117 6.846665 -0.678509 36.859339 200.000000 36.859339 0.015138 6.055325 -0.734592 -29.574156 200.000000 -29.574156 1.590552 636.220826 -0.678509 41.178165 200.000000 41.178165 1.982758 793.103235 -0.734592 -33.105235 200.000000 -33.105235
 29.800000 -0.714707 -0.699424 -0.703509 -0.710686 -2.345387 -2.361270 -0.699424 -0.714707 -0.710686 -0.703509 0.043740 17.496182 -0.678509 36.859339 200.000000 36.859339 0.039539 15.815521 -0.734592 -29.574156 200.000000 -29.574156 0.103535 41.413978 -0.678509 41.178165 200.000000 41.178165 0.096613 38.645163 -0.734592 -33.105235 200.000000 -33.105235
 30.000000 -0.760338 -0.649527 -0.726586 -0.687076 -2.277759 -2.328253 -0.649527 -0.760338 -0.687076 -0.726586 0.083997 33.598637 -0.678509 36.859339 200.000000 36.859339 0.066289 26.515515 -0.734592 -29.574156 200.000000 -29.574156 0.007339 2.935482 -0.678509 41.178165 200.000000 41.178165 0.006410 2.563961 -0.734592 -33.105235 200.000000 -33.105235
 30.200000 -0.770885 -0.636974 -0.668879 -0.743371 -2.261363 -2.408893 -0.636974 -0.770885 -0.743371 -0.668879 0.172518 69.007001 -0.678509 36.859339 200.000000 36.859339 0.131721 52.688504 -0.734592 -29.574156 200.000000 -29.574156 0.420706 168.282491 -0.678509 41.178165 200.000000 41.178165 0.431816 172.726324 -0.734592 -33.105235 200.000000 -33.105235
 30.400000 -0.712343 -0.701832 -0.743898 -0.668293 -2.348762 -2.302709 -0.701832 -0.712343 -0.668293 -0.743898 0.054392 21.756800 -0.678509 36.859339 200.000000 36.859339 0.049501 19.800213 -0.734592 -29.574156 200.000000 -29.574156 0.010437 4.174740 -0.678509 41.178165 200.000000 41.178165 0.008660 3.464183 -0.734592 -33.105235 200.000000 -33.105235
 30.600000 -0.734621 -0.678477 -0.788297 -0.615295 -2.316484 -2.233557 -0.678477 -0.734621 -0.615295 -0.788297 0.000000 0.000041 -0.678509 36.859339 200.000000 36.859339 0.000000 0.000035 -0.734592 -29.574156 200.000000 -29.574156 0.399601 159.840482 -0.678509 41.178165 200.000000 41.178165 0.288422 115.368747 -0.734592 -33.105235 200.000000 -33.105235
 30.800000 -0.721772 -0.692131 -0.742130 -0.670256 -2.335234 -2.305350 -0.692131 -0.721772 -0.670256 -0.742130 0.018554 7.421788 -0.678509 36.859339 200.000000 36.859339 0.016434 6.573790 -0.734592 -29.574156 200.000000 -29.574156 0.006812 2.724647 -0.678509 41.178165 200.000000 41.178165 0.005682 2.272930 -0.734592 -33.105235 200.000000 -33.105235
 31.000000 -0.742869 -0.669437 -0.802610 -0.596504 -2.304247 -2.209935 -0.669437 -0.742869 -0.596504 -0.802610 0.008230 3.292101 -0.678509 36.859339 200.000000 36.859339 0.006851 2.740230 -0.734592 -29.574156 200.000000 -29.574156 0.672485 268.993871 -0.678509 41.178165 200.000000 41.178165 0.462648 185.059076 -0.734592 -33.105235 200.000000 -33.105235
 31.200000 -0.750868 -0.660452 -0.761979 -0.647601 -2.292217 -2.275229 -0.660452 -0.750868 -0.647601 -0.761979 0.032606 13.042562 -0.678509 36.859339 200.000000 36.859339 0.026492 10.596863 -0.734592 -29.574156 200.000000 -29.574156 0.095530 38.212114 -0.678509 41.178165 200.000000 41.178165 0.075008 30.003098 -0.734592 -33.105235 200.000000 -33.105235
 31.400000 -0.684910 -0.728628 -0.647473 -0.762088 -2.387113 -2.437328 -0.728628 -0.684910 -0.762088 -0.647473 0.251185 100.473843 -0.678509 36.859339 200.000000 36.859339 0.246828 98.731121 -0.734592 -29.574156 200.000000 -29.574156 0.698537 279.414991 -0.678509 41.178165 200.000000 41.178165 0.758958 303.583297 -0.734592 -33.105235 200.000000 -33.105235
 31.600000 -0.686728 -0.726915 -0.720119 -0.693851 -2.384615 -2.337620 -0.726915 -0.686728 -0.693851 -0.720119 0.234307 93.722682 -0.678509 36.859339 200.000000 36.859339 0.229095 91.638091 -0.734592 -29.574156 200.000000 -29.574156 0.023537 9.414693 -0.678509 41.178165 200.000000 41.178165 0.020947 8.378951 -0.734592 -33.105235 200.000000 -33.105235
 31.800000 -0.782469 -0.622690 -0.655798 -0.754936 -2.242972 -2.426353 -0.622690 -0.782469 -0.754936 -0.655798 0.311581 124.632423 -0.678509 36.859339 200.000000 36.859339 0.229220 91.688107 -0.734592 -29.574156 200.000000 -29.574156 0.584106 233.642465 -0.678509 41.178165 200.000000 41.178165 0.620842 248.336780 -0.734592 -33.105235 200.000000 -33.105235
 32.000000 -0.784491 -0.620140 -0.667060 -0.745004 -2.239718 -2.411337 -0.620140 -0.784491 -0.745004 -0.667060 0.340696 136.278363 -0.678509 36.859339 200.000000 36.859339 0.248994 99.597423 -0.734592 -29.574156 200.000000 -29.574156 0.442154 176.861670 -0.678509 41.178165 200.000000 41.178165 0.456055 182.421802 -0.734592 -33.105235 200.000000 -33.105235
 32.200000 -0.719589 -0.694400 -0.739837 -0.672786 -2.338382 -2.308765 -0.694400 -0.719589 -0.672786 -0.739837 0.025250 10.100187 -0.678509 36.859339 200.000000 36.859339 0.022507 9.002768 -0.734592 -29.574156 200.000000 -29.574156 0.003275 1.310167 -0.678509 41.178165 200.000000 41.178165 0.002751 1.100475 -0.734592 -33.105235 200.000000 -33.105235
 32.400000 -0.705061 -0.709146 -0.658283 -0.752771 -2.359083 -2.423057 -0.709146 -0.705061 -0.752771 -0.658283 0.093862 37.544619 -0.678509 36.859339 200.000000 36.859339 0.087204 34.881519 -0.734592 -29.574156 200.000000 -29.574156 0.551474 220.589583 -0.678509 41.178165 200.000000 41.178165 0.582305 232.921878 -0.734592 -33.105235 200.000000 -33.105235
 32.600000 -0.709591 -0.704614 -0.611859 -0.790967 -2.352676 -2.483184 -0.704614 -0.709591 -0.790967 -0.611859 0.068146 27.258226 -0.678509 36.859339 200.000000 36.859339 0.062505 25.002039 -0.734592 -29.574156 200.000000 -29.574156 1.264671 505.868494 -0.678509 41.178165 200.000000 41.178165 1.506337 602.534741 -0.734592 -33.105235 200.000000 -33.105235
 32.800000 -0.703033 -0.711157 -0.735413 -0.677619 -2.361939 -2.315316 -0.711157 -0.703033 -0.677619 -0.735413 0.106588 42.635371 -0.678509 36.859339 200.000000 36.859339 0.099596 39.838257 -0.734592 -29.574156 200.000000 -29.574156 0.000079 0.031717 -0.678509 41.178165 200.000000 41.178165 0.000067 0.026993 -0.734592 -33.105235 200.000000 -33.105235
 33.000000 -0.793021 -0.609194 -0.791779 -0.610808 -2.225841 -2.227877 -0.609194 -0.793021 -0.610808 -0.791779 0.480458 192.183052 -0.678509 36.859339 200.000000 36.859339 0.341398 136.559062 -0.734592 -29.574156 200.000000 -29.574156 0.458348 183.339363 -0.678509 41.178165 200.000000 41.178165 0.327036 130.814379 -0.734592 -33.105235 200.000000 -33.105235
 33.200000 -0.669203 -0.743080 -0.701018 -0.713143 -2.408457 -2.364768 -0.743080 -0.669203 -0.713143 -0.701018 0.416933 166.773069 -0.678509 36.859339 200.000000 36.859339 0.427570 171.027909 -0.734592 -29.574156 200.000000 -29.574156 0.119951 47.980277 -0.678509 41.178165 200.000000 41.178165 0.112718 45.087022 -0.734592 -33.105235 200.000000 -33.105235
 33.400000 -0.676006 -0.736896 -0.709509 -0.704696 -2.399264 -2.352791 -0.736896 -0.676006 -0.704696 -0.709509 0.340904 136.361583 -0.678509 36.859339 200.000000 36.859339 0.343232 137.292816 -0.734592 -29.574156 200.000000 -29.574156 0.068574 27.429786 -0.678509 41.178165 200.000000 41.178165 0.062913 25.165222 -0.734592 -33.105235 200.000000 -33.105235
 33.600000 -0.750622 -0.660731 -0.711670 -0.702514 -2.292589 -2.349721 -0.660731 -0.750622 -0.702514 -0.711670 0.031606 12.642295 -0.678509 36.859339 200.000000 36.859339 0.025698 10.279338 -0.734592 -29.574156 200.000000 -29.574156 0.057624 23.049509 -0.678509 41.178165 200.000000 41.178165 0.052542 21.016988 -0.734592 -33.105235 200.000000 -33.105235
 33.800000 -0.723926 -0.689878 -0.671490 -0.741014 -2.332116 -2.405375 -0.689878 -0.723926 -0.741014 -0.671490 0.012924 5.169559 -0.678509 36.859339 200.000000 36.859339 0.011376 4.550385 -0.734592 -29.574156 200.000000 -29.574156 0.390680 156.271844 -0.678509 41.178165 200.000000 41.178165 0.398185 159.273937 -0.734592 -33.105235 200.000000 -33.105235
 34.000000 -0.717081 -0.696990 -0.774378 -0.632723 -2.341988 -2.255861 -0.696990 -0.717081 -0.632723 -0.774378 0.034153 13.661230 -0.678509 36.859339 200.000000 36.859339 0.030663 12.265161 -0.734592 -29.574156 200.000000 -29.574156 0.209638 83.855005 -0.678509 41.178165 200.000000 41.178165 0.158295 63.318036 -0.734592 -33.105235 200.000000 -33.105235
 34.200000 -0.705881 -0.708331 -0.729660 -0.683810 -2.357927 -2.323769 -0.708331 -0.705881 -0.683810 -0.729660 0.088932 35.572801 -0.678509 36.859339 200.000000 36.859339 0.082433 32.973204 -0.734592 -29.574156 200.000000 -29.574156 0.002810 1.124044 -0.678509 41.178165 200.000000 41.178165 0.002432 0.972994 -0.734592 -33.105235 200.000000 -33.105235
 34.400000 -0.688128 -0.725590 -0.690237 -0.723583 -2.382687 -2.379776 -0.725590 -0.688128 -0.723583 -0.690237 0.221654 88.661480 -0.678509 36.859339 200.000000 36.859339 0.215890 86.355865 -0.734592 -29.574156 200.000000 -29.574156 0.203163 81.265140 -0.678509 41.178165 200.000000 41.178165 0.196731 78.692260 -0.734592 -33.105235 200.000000 -33.105235
 34.600000 -0.684492 -0.729021 -0.764791 -0.644278 -2.387687 -2.270875 -0.729021 -0.684492 -0.644278 -0.764791 0.255140 102.055995 -0.678509 36.859339 200.000000 36.859339 0.251003 100.401041 -0.734592 -29.574156 200.000000 -29.574156 0.117179 46.871599 -0.678509 41.178165 200.000000 41.178165 0.091202 36.480825 -0.734592 -33.105235 200.000000 -33.105235
 34.800000 -0.676243 -0.736679 -0.761466 -0.648205 -2.398943 -2.276022 -0.736679 -0.676243 -0.648205 -0.761466 0.338371 135.348263 -0.678509 36.859339 200.000000 36.859339 0.340462 136.184993 -0.734592 -29.574156 200.000000 -29.574156 0.091833 36.733376 -0.678509 41.178165 200.000000 41.178165 0.072220 28.888138 -0.734592 -33.105235 200.000000 -33.105235
 35.000000 -0.687240 -0.726431 -0.654312 -0.756225 -2.383910 -2.428321 -0.726431 -0.687240 -0.756225 -0.654312 0.229646 91.858502 -0.678509 36.859339 200.000000 36.859339 0.224222 89.688947 -0.734592 -29.574156 200.000000 -29.574156 0.603972 241.588900 -0.678509 41.178165 200.000000 41.178165 0.644490 257.795912 -0.734592 -33.105235 200.000000 -33.105235
 35.200000 -0.724392 -0.689388 -0.692068 -0.721833 -2.331441 -2.377243 -0.689388 -0.724392 -0.721833 -0.692068 0.011835 4.733972 -0.678509 36.859339 200.000000 36.859339 0.010403 4.161329 -0.734592 -29.574156 200.000000 -29.574156 0.187690 75.076160 -0.678509 41.178165 200.000000 41.178165 0.180830 72.331880 -0.734592 -33.105235 200.000000 -33.105235
 35.400000 -0.790676 -0.612235 -0.735665 -0.677346 -2.229681 -2.314945 -0.612235 -0.790676 -0.677346 -0.735665 0.439229 175.691761 -0.678509 36.859339 200.000000 36.859339 0.314543 125.817156 -0.734592 -29.574156 200.000000 -29.574156 0.000135 0.054159 -0.678509 41.178165 200.000000 41.178165 0.000115 0.046058 -0.734592 -33.105235 200.000000 -33.105235
 35.600000 -0.797278 -0.603613 -0.698872 -0.715246 -2.218821 -2.367773 -0.603613 -0.797278 -0.715246 -0.698872 0.560948 224.379351 -0.678509 36.859339 200.000000 36.859339 0.392951 157.180417 -0.734592 -29.574156 200.000000 -29.574156 0.134960 53.984050 -0.678509 41.178165 200.000000 41.178165 0.127587 51.034649 -0.734592 -33.105235 200.000000 -33.105235
 35.800000 -0.754406 -0.656408 -0.697439 -0.716644 -2.286844 -2.369775 -0.656408 -0.754406 -0.716644 -0.697439 0.048847 19.538883 -0.678509 36.859339 200.000000 36.859339 0.039261 15.704367 -0.734592 -29.574156 200.000000 -29.574156 0.145428 58.171124 -0.678509 41.178165 200.000000 41.178165 0.138034 55.213737 -0.734592 -33.105235 200.000000 -33.105235
 36.000000 -0.735047 -0.678017 -0.736723 -0.676195 -2.315857 -2.313382 -0.678017 -0.735047 -0.676195 -0.736723 0.000024 0.009711 -0.678509 36.859339 200.000000 36.859339 0.000021 0.008274 -0.734592 -29.574156 200.000000 -29.574156 0.000536 0.214276 -0.678509 41.178165 200.000000 41.178165 0.000454 0.181657 -0.734592 -33.105235 200.000000 -33.105235
 36.200000 -0.742797 -0.669516 -0.751011 -0.660290 -2.304354 -2.292001 -0.669516 -0.742797 -0.660290 -0.751011 0.008088 3.235029 -0.678509 36.859339 200.000000 36.859339 0.006733 2.693301 -0.734592 -29.574156 200.000000 -29.574156 0.033196 13.278419 -0.678509 41.178165 200.000000 41.178165 0.026959 10.783798 -0.734592 -33.105235 200.000000 -33.105235
 36.400000 -0.698944 -0.715177 -0.745960 -0.665991 -2.367673 -2.299618 -0.715177 -0.698944 -0.665991 -0.745960 0.134449 53.779510 -0.678509 36.859339 200.000000 36.859339 0.127078 50.831146 -0.734592 -29.574156 200.000000 -29.574156 0.015671 6.268489 -0.678509 41.178165 200.000000 41.178165 0.012923 5.169371 -0.734592 -33.105235 200.000000 -33.105235
 36.600000 -0.683166 -0.730263 -0.800309 -0.599588 -2.389503 -2.213783 -0.730263 -0.683166 -0.599588 -0.800309 0.267841 107.136465 -0.678509 36.859339 200.000000 36.859339 0.264457 105.782690 -0.734592 -29.574156 200.000000 -29.574156 0.622854 249.141608 -0.678509 41.178165 200.000000 41.178165 0.431871 172.748401 -0.734592 -33.105235 200.000000 -33.105235
 36.800000 -0.730270 -0.683159 -0.700085 -0.714060 -2.322876 -2.366077 -0.683159 -0.730270 -0.714060 -0.700085 0.002162 0.864618 -0.678509 36.859339 200.000000 36.859339 0.001868 0.747091 -0.734592 -29.574156 200.000000 -29.574156 0.126383 50.553233 -0.678509 41.178165 200.000000 41.178165 0.119073 47.629345 -0.734592 -33.105235 200.000000 -33.105235
 37.000000 -0.731293 -0.682064 -0.735779 -0.677222 -2.321377 -2.314776 -0.682064 -0.731293 -0.677222 -0.735779 0.001263 0.505332 -0.678509 36.859339 200.000000 36.859339 0.001088 0.435332 -0.734592 -29.574156 200.000000 -29.574156 0.000166 0.066338 -0.678509 41.178165 200.000000 41.178165 0.000141 0.056397 -0.734592 -33.105235 200.000000 -33.105235
 37.200000 -0.751064 -0.660229 -0.783983 -0.620783 -2.291920 -2.240537 -0.660229 -0.751064 -0.620783 -0.783983 0.033417 13.366890 -0.678509 36.859339 200.000000 36.859339 0.027135 10.853887 -0.734592 -29.574156 200.000000 -29.574156 0.333235 133.294163 -0.678509 41.178165 200.000000 41.178165 0.243945 97.578195 -0.734592 -33.105235 200.000000 -33.105235
 37.400000 -0.698128 -0.715973 -0.705363 -0.708847 -2.368813 -2.358658 -0.715973 -0.698128 -0.708847 -0.705363 0.140351 56.140348 -0.678509 36.859339 200.000000 36.859339 0.132959 53.183698 -0.734592 -29.574156 200.000000 -29.574156 0.092035 36.814103 -0.678509 41.178165 200.000000 41.178165 0.085434 34.173759 -0.734592 -33.105235 200.000000 -33.105235
 37.600000 -0.724489 -0.689286 -0.744866 -0.667214 -2.331300 -2.301258 -0.689286 -0.724489 -0.667214 -0.744866 0.011614 4.645765 -0.678509 36.859339 200.000000 36.859339 0.010207 4.082641 -0.734592 -29.574156 200.000000 -29.574156 0.012759 5.103755 -0.678509 41.178165 200.000000 41.178165 0.010557 4.222755 -0.734592 -33.105235 200.000000 -33.105235
 37.800000 -0.744931 -0.667142 -0.797555 -0.603246 -2.301162 -2.218361 -0.667142 -0.744931 -0.603246 -0.797555 0.012922 5.168907 -0.678509 36.859339 200.000000 36.859339 0.010690 4.275832 -0.734592 -29.574156 200.000000 -29.574156 0.566455 226.582061 -0.678509 41.178165 200.000000 41.178165 0.396438 158.575195 -0.734592 -33.105235 200.000000 -33.105235
 38.000000 -0.681192 -0.732105 -0.730186 -0.683248 -2.392203 -2.322998 -0.732105 -0.681192 -0.683248 -0.730186 0.287245 114.897964 -0.678509 36.859339 200.000000 36.859339 0.285151 114.060380 -0.734592 -29.574156 200.000000 -29.574156 0.002246 0.898211 -0.678509 41.178165 200.000000 41.178165 0.001941 0.776309 -0.734592 -33.105235 200.000000 -33.105235
 38.200000 -0.658922 -0.752212 -0.772736 -0.634728 -2.422208 -2.258452 -0.752212 -0.658922 -0.634728 -0.772736 0.543202 217.280891 -0.678509 36.859339 200.000000 36.859339 0.572597 229.038913 -0.734592 -29.574156 200.000000 -29.574156 0.191684 76.673414 -0.678509 41.178165 200.000000 41.178165 0.145498 58.199042 -0.734592 -33.105235 200.000000 -33.105235
 38.400000 -0.722994 -0.690854 -0.696709 -0.717354 -2.333466 -2.370793 -0.690854 -0.722994 -0.717354 -0.696709 0.015239 6.095777 -0.678509 36.859339 200.000000 36.859339 0.013451 5.380200 -0.734592 -29.574156 200.000000 -29.574156 0.150888 60.355086 -0.678509 41.178165 200.000000 41.178165 0.143509 57.403402 -0.734592 -33.105235 200.000000 -33.105235
 38.600000 -0.770887 -0.636972 -0.687001 -0.726656 -2.261360 -2.384239 -0.636972 -0.770887 -0.726656 -0.687001 0.172539 69.015624 -0.678509 36.859339 200.000000 36.859339 0.131737 52.694730 -0.734592 -29.574156 200.000000 -29.574156 0.231813 92.725314 -0.678509 41.178165 200.000000 41.178165 0.226487 90.594753 -0.734592 -33.105235 200.000000 -33.105235
 38.800000 -0.696261 -0.717789 -0.660671 -0.750676 -2.371418 -2.419881 -0.717789 -0.696261 -0.750676 -0.660671 0.154289 61.715460 -0.678509 36.859339 200.000000 36.859339 0.146927 58.770690 -0.734592 -29.574156 200.000000 -29.574156 0.520798 208.319162 -0.678509 41.178165 200.000000 41.178165 0.546430 218.571911 -0.734592 -33.105235 200.000000 -33.105235
 39.000000 -0.748395 -0.663253 -0.670540 -0.741874 -2.295953 -2.406657 -0.663253 -0.748395 -0.741874 -0.670540 0.023276 9.310458 -0.678509 36.859339 200.000000 36.859339 0.019054 7.621623 -0.734592 -29.574156 200.000000 -29.574156 0.401502 160.600979 -0.678509 41.178165 200.000000 41.178165 0.410266 164.106299 -0.734592 -33.105235 200.000000 -33.105235
 39.200000 -0.757675 -0.652632 -0.651412 -0.758724 -2.281850 -2.432149 -0.652632 -0.757675 -0.758724 -0.651412 0.066962 26.784982 -0.678509 36.859339 200.000000 36.859339 0.053283 21.313127 -0.734592 -29.574156 200.000000 -29.574156 0.643445 257.378103 -0.678509 41.178165 200.000000 41.178165 0.691891 276.756531 -0.734592 -33.105235 200.000000 -33.105235
 39.400000 -0.700170 -0.713976 -0.671883 -0.740657 -2.365957 -2.404844 -0.713976 -0.700170 -0.740657 -0.671883 0.125789 50.315507 -0.678509 36.859339 200.000000 36.859339 0.118485 47.394032 -0.734592 -29.574156 200.000000 -29.574156 0.386231 154.492428 -0.678509 41.178165 200.000000 41.178165 0.393233 157.293097 -0.734592 -33.105235 200.000000 -33.105235
 39.600000 -0.723038 -0.690809 -0.716831 -0.697247 -2.333403 -2.342347 -0.690809 -0.723038 -0.697247 -0.716831 0.015127 6.050704 -0.678509 36.859339 200.000000 36.859339 0.013349 5.339741 -0.734592 -29.574156 200.000000 -29.574156 0.035111 14.044433 -0.678509 41.178165 200.000000 41.178165 0.031546 12.618273 -0.734592 -33.105235 200.000000 -33.105235
 39.800000 -0.672047 -0.740509 -0.764476 -0.644652 -2.404623 -2.271365 -0.740509 -0.672047 -0.644652 -0.764476 0.384389 153.755706 -0.678509 36.859339 200.000000 36.859339 0.391185 156.473909 -0.734592 -29.574156 200.000000 -29.574156 0.114630 45.852031 -0.678509 41.178165 200.000000 41.178165 0.089306 35.722516 -0.734592 -33.105235 200.000000 -33.105235
 40.000000 -0.676776 -0.736189 -0.742305 -0.670062 -2.398218 -2.305089 -0.736189 -0.676776 -0.670062 -0.742305 0.332690 133.075850 -0.678509 36.859339 200.000000 36.859339 0.334261 133.704553 -0.734592 -29.574156 200.000000 -29.574156 0.007135 2.854188 -0.678509 41.178165 200.000000 41.178165 0.005949 2.379745 -0.734592 -33.105235 200.000000 -33.105235
 40.200000 -0.731063 -0.682310 -0.768230 -0.640174 -2.321714 -2.265521 -0.682310 -0.731063 -0.640174 -0.768230 0.001444 0.577663 -0.678509 36.859339 200.000000 36.859339 0.001245 0.497980 -0.734592 -29.574156 200.000000 -29.574156 0.146958 58.783358 -0.678509 41.178165 200.000000 41.178165 0.113152 45.260660 -0.734592 -33.105235 200.000000 -33.105235
 40.400000 -0.714125 -0.700018 -0.711665 -0.702519 -2.346219 -2.349727 -0.700018 -0.714125 -0.702519 -0.711665 0.046261 18.504403 -0.678509 36.859339 200.000000 36.859339 0.041887 16.754774 -0.734592 -29.574156 200.000000 -29.574156 0.057647 23.058745 -0.678509 41.178165 200.000000 41.178165 0.052564 21.025694 -0.734592 -33.105235 200.000000 -33.105235
 40.600000 -0.727106 -0.686525 -0.696003 -0.718039 -2.327496 -2.371777 -0.686525 -0.727106 -0.718039 -0.696003 0.006425 2.570155 -0.678509 36.859339 200.000000 36.859339 0.005604 2.241463 -0.734592 -29.574156 200.000000 -29.574156 0.156259 62.503530 -0.678509 41.178165 200.000000 41.178165 0.148910 59.563935 -0.734592 -33.105235 200.000000 -33.105235
 40.800000 -0.728470 -0.685078 -0.765870 -0.642996 -2.325507 -2.269199 -0.685078 -0.728470 -0.642996 -0.765870 0.004315 1.725837 -0.678509 36.859339 200.000000 36.859339 0.003748 1.499134 -0.734592 -29.574156 200.000000 -29.574156 0.126124 50.449445 -0.678509 41.178165 200.000000 41.178165 0.097833 39.133093 -0.734592 -33.105235 200.000000 -33.105235
 41.000000 -0.747491 -0.664272 -0.736307 -0.676648 -2.297315 -2.313997 -0.664272 -0.747491 -0.676648 -0.736307 0.020271 8.108493 -0.678509 36.859339 200.000000 36.859339 0.016640 6.655882 -0.734592 -29.574156 200.000000 -29.574156 0.000347 0.138604 -0.678509 41.178165 200.000000 41.178165 0.000294 0.117650 -0.734592 -33.105235 200.000000 -33.105235
 41.200000 -0.708337 -0.705874 -0.746135 -0.665795 -2.354453 -2.299355 -0.705874 -0.708337 -0.665795 -0.746135 0.074884 29.953403 -0.678509 36.859339 200.000000 36.859339 0.068930 27.572063 -0.734592 -29.574156 200.000000 -29.574156 0.016167 6.466654 -0.678509 41.178165 200.000000 41.178165 0.013325 5.329970 -0.734592 -33.105235 200.000000 -33.105235
 41.400000 -0.679811 -0.733387 -0.787865 -0.615848 -2.394088 -2.234258 -0.733387 -0.679811 -0.615848 -0.787865 0.301159 120.463672 -0.678509 36.859339 200.000000 36.859339 0.300093 120.037202 -0.734592 -29.574156 200.000000 -29.574156 0.392644 157.057796 -0.678509 41.178165 200.000000 41.178165 0.283804 113.521494 -0.734592 -33.105235 200.000000 -33.105235
 41.600000 -0.641464 -0.767153 -0.728694 -0.684839 -2.445187 -2.325180 -0.767153 -0.641464 -0.684839 -0.728694 0.785767 314.306678 -0.678509 36.859339 200.000000 36.859339 0.867272 346.908632 -0.734592 -29.574156 200.000000 -29.574156 0.004007 1.602797 -0.678509 41.178165 200.000000 41.178165 0.003478 1.391344 -0.734592 -33.105235 200.000000 -33.105235
 41.800000 -0.719581 -0.694409 -0.720164 -0.693804 -2.338395 -2.337555 -0.694409 -0.719581 -0.693804 -0.720164 0.025280 10.111825 -0.678509 36.859339 200.000000 36.859339 0.022533 9.013371 -0.734592 -29.574156 200.000000 -29.574156 0.023393 9.357345 -0.678509 41.178165 200.000000 41.178165 0.020817 8.326828 -0.734592 -33.105235 200.000000 -33.105235
 42.000000 -0.766963 -0.641691 -0.687879 -0.725825 -2.267498 -2.383030 -0.641691 -0.766963 -0.725825 -0.687879 0.135557 54.222856 -0.678509 36.859339 200.000000 36.859339 0.104790 41.916017 -0.734592 -29.574156 200.000000 -29.574156 0.223878 89.551366 -0.678509 41.178165 200.000000 41.178165 0.218206 87.282392 -0.734592 -33.105235 200.000000 -33.105235
 42.200000 -0.737275 -0.675592 -0.655860 -0.754883 -2.312564 -2.426272 -0.675592 -0.737275 -0.754883 -0.655860 0.000851 0.340376 -0.678509 36.859339 200.000000 36.859339 0.000720 0.288087 -0.734592 -29.574156 200.000000 -29.574156 0.583290 233.316113 -0.678509 41.178165 200.000000 41.178165 0.619874 247.949506 -0.734592 -33.105235 200.000000 -33.105235
 42.400000 -0.755284 -0.655397 -0.650673 -0.759358 -2.285505 -2.433123 -0.655397 -0.755284 -0.759358 -0.650673 0.053418 21.367095 -0.678509 36.859339 200.000000 36.859339 0.042819 17.127578 -0.734592 -29.574156 200.000000 -29.574156 0.653654 261.461539 -0.678509 41.178165 200.000000 41.178165 0.704239 281.695742 -0.734592 -33.105235 200.000000 -33.105235
 42.600000 -0.712357 -0.701817 -0.650457 -0.759543 -2.348741 -2.433407 -0.701817 -0.712357 -0.759543 -0.650457 0.054324 21.729441 -0.678509 36.859339 200.000000 36.859339 0.049436 19.774500 -0.734592 -29.574156 200.000000 -29.574156 0.656652 262.660865 -0.678509 41.178165 200.000000 41.178165 0.707873 283.149174 -0.734592 -33.105235 200.000000 -33.105235
 42.800000 -0.689069 -0.724696 -0.668428 -0.743777 -2.381389 -2.409499 -0.724696 -0.689069 -0.743777 -0.668428 0.213317 85.326683 -0.678509 36.859339 200.000000 36.859339 0.207231 82.892278 -0.734592 -29.574156 200.000000 -29.574156 0.425984 170.393496 -0.678509 41.178165 200.000000 41.178165 0.437763 175.105379 -0.734592 -33.105235 200.000000 -33.105235
 43.000000 -0.720178 -0.693789 -0.697424 -0.716658 -2.337534 -2.369795 -0.693789 -0.720178 -0.716658 -0.697424 0.023347 9.338849 -0.678509 36.859339 200.000000 36.859339 0.020775 8.310019 -0.734592 -29.574156 200.000000 -29.574156 0.145534 58.213764 -0.678509 41.178165 200.000000 41.178165 0.138141 55.256424 -0.734592 -33.105235 200.000000 -33.105235
 43.200000 -0.665785 -0.746143 -0.745913 -0.666044 -2.413047 -2.299689 -0.746143 -0.665785 -0.666044 -0.745913 0.457434 182.973486 -0.678509 36.859339 200.000000 36.859339 0.473430 189.372158 -0.734592 -29.574156 200.000000 -29.574156 0.015539 6.215541 -0.678509 41.178165 200.000000 41.178165 0.012816 5.126437 -0.734592 -33.105235 200.000000 -33.105235
 43.400000 -0.678271 -0.734812 -0.713384 -0.700773 -2.396186 -2.347277 -0.734812 -0.678271 -0.700773 -0.713384 0.316999 126.799433 -0.678509 36.859339 200.000000 36.859339 0.317205 126.881824 -0.734592 -29.574156 200.000000 -29.574156 0.049567 19.826902 -0.678509 41.178165 200.000000 41.178165 0.044976 17.990310 -0.734592 -33.105235 200.000000 -33.105235
 43.600000 -0.686657 -0.726982 -0.730486 -0.682928 -2.384713 -2.322559 -0.726982 -0.686657 -0.682928 -0.730486 0.234959 93.983504 -0.678509 36.859339 200.000000 36.859339 0.229778 91.911129 -0.734592 -29.574156 200.000000 -29.574156 0.001952 0.780863 -0.678509 41.178165 200.000000 41.178165 0.001686 0.674294 -0.734592 -33.105235 200.000000 -33.105235
 43.800000 -0.763777 -0.645480 -0.785709 -0.618596 -2.272447 -2.237751 -0.645480 -0.763777 -0.618596 -0.785709 0.109096 43.638518 -0.678509 36.859339 200.000000 36.859339 0.085181 34.072278 -0.734592 -29.574156 200.000000 -29.574156 0.358965 143.585949 -0.678509 41.178165 200.000000 41.178165 0.261302 104.520881 -0.734592 -33.105235 200.000000 -33.105235
 44.000000 -0.733069 -0.680154 -0.756377 -0.654136 -2.318769 -2.283836 -0.680154 -0.733069 -0.654136 -0.756377 0.000270 0.108153 -0.678509 36.859339 200.000000 36.859339 0.000232 0.092685 -0.734592 -29.574156 200.000000 -29.574156 0.059408 23.763033 -0.678509 41.178165 200.000000 41.178165 0.047461 18.984263 -0.734592 -33.105235 200.000000 -33.105235
 44.200000 -0.732129 -0.681166 -0.750686 -0.660659 -2.320150 -2.292493 -0.681166 -0.732129 -0.660659 -0.750686 0.000706 0.282201 -0.678509 36.859339 200.000000 36.859339 0.000606 0.242512 -0.734592 -29.574156 200.000000 -29.574156 0.031864 12.745535 -0.678509 41.178165 200.000000 41.178165 0.025903 10.361270 -0.734592 -33.105235 200.000000 -33.105235
 44.400000 -0.736195 -0.676770 -0.741623 -0.670817 -2.314163 -2.306106 -0.676770 -0.736195 -0.670817 -0.741623 0.000303 0.121034 -0.678509 36.859339 200.000000 36.859339 0.000257 0.102770 -0.734592 -29.574156 200.000000 -29.574156 0.005918 2.367044 -0.678509 41.178165 200.000000 41.178165 0.004944 1.977612 -0.734592 -33.105235 200.000000 -33.105235
 44.600000 -0.773493 -0.633804 -0.753754 -0.657157 -2.257258 -2.287837 -0.633804 -0.773493 -0.657157 -0.753754 0.199853 79.941312 -0.678509 36.859339 200.000000 36.859339 0.151333 60.533398 -0.734592 -29.574156 200.000000 -29.574156 0.045592 18.236835 -0.678509 41.178165 200.000000 41.178165 0.036718 14.687170 -0.734592 -33.105235 200.000000 -33.105235
 44.800000 -0.682813 -0.730593 -0.747507 -0.664254 -2.389986 -2.297291 -0.730593 -0.682813 -0.664254 -0.747507 0.271269 108.507417 -0.678509 36.859339 200.000000 36.859339 0.268100 107.239924 -0.734592 -29.574156 200.000000 -29.574156 0.020323 8.129237 -0.678509 41.178165 200.000000 41.178165 0.016681 6.672583 -0.734592 -33.105235 200.000000 -33.105235
 45.000000 -0.755766 -0.654842 -0.724062 -0.689734 -2.284769 -2.331919 -0.654842 -0.755766 -0.689734 -0.724062 0.056017 22.406667 -0.678509 36.859339 200.000000 36.859339 0.044836 17.934327 -0.734592 -29.574156 200.000000 -29.574156 0.012600 5.040080 -0.678509 41.178165 200.000000 41.178165 0.011087 4.434655 -0.734592 -33.105235 200.000000 -33.105235
 45.200000 -0.683091 -0.730333 -0.697280 -0.716799 -2.389606 -2.369997 -0.730333 -0.683091 -0.716799 -0.697280 0.268568 107.427003 -0.678509 36.859339 200.000000 36.859339 0.265228 106.091337 -0.734592 -29.574156 200.000000 -29.574156 0.146610 58.644080 -0.678509 41.178165 200.000000 41.178165 0.139218 55.687359 -0.734592 -33.105235 200.000000 -33.105235
 45.400000 -0.621928 -0.783074 -0.701772 -0.712402 -2.470390 -2.363711 -0.783074 -0.621928 -0.712402 -0.701772 1.093384 437.353649 -0.678509 36.859339 200.000000 36.859339 1.269311 507.724349 -0.734592 -29.574156 200.000000 -29.574156 0.114871 45.948302 -0.678509 41.178165 200.000000 41.178165 0.107716 43.086359 -0.734592 -33.105235 200.000000 -33.105235
 45.600000 -0.726017 -0.687677 -0.670939 -0.741512 -2.329081 -2.406118 -0.687677 -0.726017 -0.741512 -0.670939 0.008404 3.361701 -0.678509 36.859339 200.000000 36.859339 0.007353 2.941109 -0.734592 -29.574156 200.000000 -29.574156 0.396939 158.775470 -0.678509 41.178165 200.000000 41.178165 0.405166 162.066317 -0.734592 -33.105235 200.000000 -33.105235
 45.800000 -0.740855 -0.671665 -0.519801 -0.854288 -2.307250 -2.594975 -0.671665 -0.740855 -0.854288 -0.519801 0.004685 1.873819 -0.678509 36.859339 200.000000 36.859339 0.003923 1.569135 -0.734592 -29.574156 200.000000 -29.574156 3.089796 1235.918491 -0.678509 41.178165 200.000000 41.178165 4.613519 1845.407529 -0.734592 -33.105235 200.000000 -33.105235
 46.000000 -0.765792 -0.643088 -0.698717 -0.715398 -2.269320 -2.367990 -0.643088 -0.765792 -0.715398 -0.698717 0.125467 50.186923 -0.678509 36.859339 200.000000 36.859339 0.097347 38.938941 -0.734592 -29.574156 200.000000 -29.574156 0.136078 54.431188 -0.678509 41.178165 200.000000 41.178165 0.128699 51.479732 -0.734592 -33.105235 200.000000 -33.105235
 46.200000 -0.801913 -0.597441 -0.775408 -0.631460 -2.211102 -2.254231 -0.597441 -0.801913 -0.631460 -0.775408 0.657213 262.885154 -0.678509 36.859339 200.000000 36.859339 0.453216 181.286579 -0.734592 -29.574156 200.000000 -29.574156 0.221363 88.545097 -0.678509 41.178165 200.000000 41.178165 0.166599 66.639707 -0.734592 -33.105235 200.000000 -33.105235
 46.400000 -0.797984 -0.602678 -0.710365 -0.703833 -2.217649 -2.351576 -0.602678 -0.797984 -0.703833 -0.710365 0.575040 230.016094 -0.678509 36.859339 200.000000 36.859339 0.401864 160.745716 -0.734592 -29.574156 200.000000 -29.574156 0.064130 25.652108 -0.678509 41.178165 200.000000 41.178165 0.058693 23.477120 -0.734592 -33.105235 200.000000 -33.105235
 46.600000 -0.742856 -0.669451 -0.736323 -0.676631 -2.304265 -2.313973 -0.669451 -0.742856 -0.676631 -0.736323 0.008206 3.282382 -0.678509 36.859339 200.000000 36.859339 0.006831 2.732239 -0.734592 -29.574156 200.000000 -29.574156 0.000353 0.141190 -0.678509 41.178165 200.000000 41.178165 0.000300 0.119839 -0.734592 -33.105235 200.000000 -33.105235
 46.800000 -0.655165 -0.755486 -0.709081 -0.705127 -2.427192 -2.353398 -0.755486 -0.655165 -0.705127 -0.709081 0.592536 237.014372 -0.678509 36.859339 200.000000 36.859339 0.630859 252.343700 -0.734592 -29.574156 200.000000 -29.574156 0.070848 28.339214 -0.678509 41.178165 200.000000 41.178165 0.065078 26.031182 -0.734592 -33.105235 200.000000 -33.105235
 47.000000 -0.678806 -0.734317 -0.697390 -0.716692 -2.395457 -2.369843 -0.734317 -0.678806 -0.716692 -0.697390 0.311452 124.580952 -0.678509 36.859339 200.000000 36.859339 0.311201 124.480258 -0.734592 -29.574156 200.000000 -29.574156 0.145788 58.315119 -0.678509 41.178165 200.000000 41.178165 0.138395 55.357902 -0.734592 -33.105235 200.000000 -33.105235
 47.200000 -0.672114 -0.740447 -0.757397 -0.652955 -2.404532 -2.282276 -0.740447 -0.672114 -0.652955 -0.757397 0.383632 153.452773 -0.678509 36.859339 200.000000 36.859339 0.390343 156.137224 -0.734592 -29.574156 200.000000 -29.574156 0.065302 26.120909 -0.678509 41.178165 200.000000 41.178165 0.052006 20.802553 -0.734592 -33.105235 200.000000 -33.105235
 47.400000 -0.668910 -0.743343 -0.759318 -0.650720 -2.408851 -2.279328 -0.743343 -0.668910 -0.650720 -0.759318 0.420343 168.137376 -0.678509 36.859339 200.000000 36.859339 0.431407 172.562943 -0.734592 -29.574156 200.000000 -29.574156 0.077227 30.890753 -0.678509 41.178165 200.000000 41.178165 0.061139 24.455663 -0.734592 -33.105235 200.000000 -33.105235
 47.600000 -0.708318 -0.705894 -0.695604 -0.718426 -2.354481 -2.372333 -0.705894 -0.708318 -0.718426 -0.695604 0.074991 29.996545 -0.678509 36.859339 200.000000 36.859339 0.069033 27.613312 -0.734592 -29.574156 200.000000 -29.574156 0.159331 63.732522 -0.678509 41.178165 200.000000 41.178165 0.152007 60.802699 -0.734592 -33.105235 200.000000 -33.105235
 47.800000 -0.729513 -0.683967 -0.665253 -0.746618 -2.323983 -2.413760 -0.683967 -0.729513 -0.746618 -0.665253 0.002979 1.191504 -0.678509 36.859339 200.000000 36.859339 0.002580 1.031833 -0.734592 -29.574156 200.000000 -29.574156 0.463878 185.551121 -0.678509 41.178165 200.000000 41.178165 0.480785 192.314146 -0.734592 -33.105235 200.000000 -33.105235
 48.000000 -0.766071 -0.642756 -0.715279 -0.698839 -2.268886 -2.344570 -0.642756 -0.766071 -0.698839 -0.715279 0.127834 51.133426 -0.678509 36.859339 200.000000 36.859339 0.099097 39.638608 -0.734592 -29.574156 200.000000 -29.574156 0.041331 16.532401 -0.678509 41.178165 200.000000 41.178165 0.037300 14.919887 -0.734592 -33.105235 200.000000 -33.105235
 48.200000 -0.729350 -0.684140 -0.725842 -0.687862 -2.324221 -2.329336 -0.684140 -0.729350 -0.687862 -0.725842 0.003171 1.268290 -0.678509 36.859339 200.000000 36.859339 0.002747 1.098852 -0.734592 -29.574156 200.000000 -29.574156 0.008747 3.498789 -0.678509 41.178165 200.000000 41.178165 0.007657 3.062611 -0.734592 -33.105235 200.000000 -33.105235
 48.400000 -0.642309 -0.766446 -0.690203 -0.723616 -2.444086 -2.379823 -0.766446 -0.642309 -0.723616 -0.690203 0.773287 309.314658 -0.678509 36.859339 200.000000 36.859339 0.851617 340.646930 -0.734592 -29.574156 200.000000 -29.574156 0.203457 81.382708 -0.678509 41.178165 200.000000 41.178165 0.197034 78.813550 -0.734592 -33.105235 200.000000 -33.105235
 48.600000 -0.681282 -0.732021 -0.701547 -0.712624 -2.392080 -2.364027 -0.732021 -0.681282 -0.712624 -0.701547 0.286347 114.538759 -0.678509 36.859339 200.000000 36.859339 0.284190 113.675809 -0.734592 -29.574156 200.000000 -29.574156 0.116377 46.550907 -0.678509 41.178165 200.000000 41.178165 0.109198 43.679016 -0.734592 -33.105235 200.000000 -33.105235
 48.800000 -0.726530 -0.687135 -0.717985 -0.696058 -2.328334 -2.340689 -0.687135 -0.726530 -0.696058 -0.717985 0.007440 2.975819 -0.678509 36.859339 200.000000 36.859339 0.006499 2.599614 -0.734592 -29.574156 200.000000 -29.574156 0.030796 12.318229 -0.678509 41.178165 200.000000 41.178165 0.027577 11.030672 -0.734592 -33.105235 200.000000 -33.105235
 49.000000 -0.722677 -0.691186 -0.713611 -0.700543 -2.333926 -2.346954 -0.691186 -0.722677 -0.700543 -0.713611 0.016070 6.428084 -0.678509 36.859339 200.000000 36.859339 0.014197 5.678722 -0.734592 -29.574156 200.000000 -29.574156 0.048546 19.418328 -0.678509 41.178165 200.000000 41.178165 0.044020 17.608184 -0.734592 -33.105235 200.000000 -33.105235
 49.200000 -0.691466 -0.722409 -0.715218 -0.698902 -2.378077 -2.344657 -0.722409 -0.691466 -0.698902 -0.715218 0.192720 77.088049 -0.678509 36.859339 200.000000 36.859339 0.185985 74.394174 -0.734592 -29.574156 200.000000 -29.574156 0.041584 16.633788 -0.678509 41.178165 200.000000 41.178165 0.037535 15.014002 -0.734592 -33.105235 200.000000 -33.105235
 49.400000 -0.703442 -0.710752 -0.711306 -0.702882 -2.361363 -2.350238 -0.710752 -0.703442 -0.702882 -0.711306 0.103960 41.584068 -0.678509 36.859339 200.000000 36.859339 0.097028 38.811168 -0.734592 -29.574156 200.000000 -29.574156 0.059403 23.761303 -0.678509 41.178165 200.000000 41.178165 0.054221 21.688453 -0.734592 -33.105235 200.000000 -33.105235
 49.600000 -0.741861 -0.670554 -0.670515 -0.741896 -2.305752 -2.406690 -0.670554 -0.741861 -0.741896 -0.670515 0.006328 2.531394 -0.678509 36.859339 200.000000 36.859339 0.005284 2.113420 -0.734592 -29.574156 200.000000 -29.574156 0.401789 160.715521 -0.678509 41.178165 200.000000 41.178165 0.410586 164.234409 -0.734592 -33.105235 200.000000 -33.105235
 49.800000 -0.759516 -0.650489 -0.660411 -0.750905 -2.279024 -2.420227 -0.650489 -0.759516 -0.750905 -0.660411 0.078515 31.406055 -0.678509 36.859339 200.000000 36.859339 0.062121 24.848405 -0.734592 -29.574156 200.000000 -29.574156 0.524107 209.642996 -0.678509 41.178165 200.000000 41.178165 0.550284 220.113471 -0.734592 -33.105235 200.000000 -33.105235
 50.000000 -0.726374 -0.687299 -0.714879 -0.699248 -2.328561 -2.345141 -0.687299 -0.726374 -0.699248 -0.714879 0.007726 3.090434 -0.678509 36.859339 200.000000 36.859339 0.006752 2.700965 -0.734592 -29.574156 200.000000 -29.574156 0.043008 17.203229 -0.678509 41.178165 200.000000 41.178165 0.038858 15.543050 -0.734592 -33.105235 200.000000 -33.105235
 50.200000 -0.698593 -0.715520 -0.759316 -0.650722 -2.368164 -2.279332 -0.715520 -0.698593 -0.650722 -0.759316 0.136976 54.790220 -0.678509 36.859339 200.000000 36.859339 0.129593 51.837323 -0.734592 -29.574156 200.000000 -29.574156 0.077212 30.884860 -0.678509 41.178165 200.000000 41.178165 0.061128 24.451170 -0.734592 -33.105235 200.000000 -33.105235
 50.400000 -0.706605 -0.707608 -0.709733 -0.704471 -2.356904 -2.352474 -0.707608 -0.706605 -0.704471 -0.709733 0.084676 33.870258 -0.678509 36.859339 200.000000 36.859339 0.078327 31.330873 -0.734592 -29.574156 200.000000 -29.574156 0.067401 26.960268 -0.678509 41.178165 200.000000 41.178165 0.061797 24.718765 -0.734592 -33.105235 200.000000 -33.105235
 50.600000 -0.710201 -0.703999 -0.744062 -0.668111 -2.351809 -2.302463 -0.703999 -0.710201 -0.668111 -0.744062 0.064970 25.988118 -0.678509 36.859339 200.000000 36.859339 0.059489 23.795725 -0.734592 -29.574156 200.000000 -29.574156 0.010814 4.325450 -0.678509 41.178165 200.000000 41.178165 0.008969 3.587471 -0.734592 -33.105235 200.000000 -33.105235
 50.800000 -0.677353 -0.735658 -0.729002 -0.684512 -2.397434 -2.324730 -0.735658 -0.677353 -0.684512 -0.729002 0.326597 130.638925 -0.678509 36.859339 200.000000 36.859339 0.327626 131.050566 -0.734592 -29.574156 200.000000 -29.574156 0.003603 1.441053 -0.678509 41.178165 200.000000 41.178165 0.003125 1.249810 -0.734592 -33.105235 200.000000 -33.105235
 51.000000 -0.730745 -0.682650 -0.773140 -0.634236 -2.322180 -2.257816 -0.682650 -0.730745 -0.634236 -0.773140 0.001715 0.685897 -0.678509 36.859339 200.000000 36.859339 0.001480 0.591837 -0.734592 -29.574156 200.000000 -29.574156 0.196017 78.406993 -0.678509 41.178165 200.000000 41.178165 0.148596 59.438447 -0.734592 -33.105235 200.000000 -33.105235
 51.200000 -0.721244 -0.692682 -0.711187 -0.703003 -2.335997 -2.350408 -0.692682 -0.721244 -0.703003 -0.711187 0.020085 8.033937 -0.678509 36.859339 200.000000 36.859339 0.017817 7.126886 -0.734592 -29.574156 200.000000 -29.574156 0.059995 23.998072 -0.678509 41.178165 200.000000 41.178165 0.054780 21.912037 -0.734592 -33.105235 200.000000 -33.105235
 51.400000 -0.707883 -0.706330 -0.712425 -0.701748 -2.355096 -2.348645 -0.706330 -0.707883 -0.701748 -0.712425 0.077398 30.959309 -0.678509 36.859339 200.000000 36.859339 0.071337 28.534732 -0.734592 -29.574156 200.000000 -29.574156 0.054004 21.601489 -0.678509 41.178165 200.000000 41.178165 0.049136 19.654263 -0.734592 -33.105235 200.000000 -33.105235
 51.600000 -0.686839 -0.726810 -0.739437 -0.673226 -2.384462 -2.309359 -0.726810 -0.686839 -0.673226 -0.739437 0.233292 93.316640 -0.678509 36.859339 200.000000 36.859339 0.228033 91.213192 -0.734592 -29.574156 200.000000 -29.574156 0.002792 1.116681 -0.678509 41.178165 200.000000 41.178165 0.002348 0.939075 -0.734592 -33.105235 200.000000 -33.105235
 51.800000 -0.723355 -0.690477 -0.699989 -0.714153 -2.332944 -2.366210 -0.690477 -0.723355 -0.714153 -0.699989 0.014321 5.728450 -0.678509 36.859339 200.000000 36.859339 0.012627 5.050704 -0.734592 -29.574156 200.000000 -29.574156 0.127048 50.819373 -0.678509 41.178165 200.000000 41.178165 0.119732 47.892883 -0.734592 -33.105235 200.000000 -33.105235
 52.000000 -0.748861 -0.662727 -0.647328 -0.762212 -2.295251 -2.437519 -0.662727 -0.748861 -0.762212 -0.647328 0.024908 9.963055 -0.678509 36.859339 200.000000 36.859339 0.020361 8.144343 -0.734592 -29.574156 200.000000 -29.574156 0.700605 280.241874 -0.678509 41.178165 200.000000 41.178165 0.761495 304.598065 -0.734592 -33.105235 200.000000 -33.105235
 52.200000 -0.772685 -0.634790 -0.708027 -0.706185 -2.258533 -2.354892 -0.634790 -0.772685 -0.706185 -0.708027 0.191139 76.455720 -0.678509 36.859339 200.000000 36.859339 0.145108 58.043234 -0.734592 -29.574156 200.000000 -29.574156 0.076593 30.637364 -0.678509 41.178165 200.000000 41.178165 0.070566 28.226423 -0.734592 -33.105235 200.000000 -33.105235
 52.400000 -0.717793 -0.696256 -0.721820 -0.692081 -2.340965 -2.335164 -0.696256 -0.717793 -0.692081 -0.721820 0.031495 12.597977 -0.678509 36.859339 200.000000 36.859339 0.028219 11.287418 -0.734592 -29.574156 200.000000 -29.574156 0.018418 7.367147 -0.678509 41.178165 200.000000 41.178165 0.016311 6.524483 -0.734592 -33.105235 200.000000 -33.105235
 52.600000 -0.704211 -0.709991 -0.683962 -0.729517 -2.360281 -2.388412 -0.709991 -0.704211 -0.729517 -0.683962 0.099107 39.642987 -0.678509 36.859339 200.000000 36.859339 0.092299 36.919495 -0.734592 -29.574156 200.000000 -29.574156 0.260181 104.072440 -0.678509 41.178165 200.000000 41.178165 0.256334 102.533508 -0.734592 -33.105235 200.000000 -33.105235
 52.800000 -0.690841 -0.723006 -0.736357 -0.676593 -2.378941 -2.313922 -0.723006 -0.690841 -0.676593 -0.736357 0.197998 79.199337 -0.678509 36.859339 200.000000 36.859339 0.191410 76.563879 -0.734592 -29.574156 200.000000 -29.574156 0.000367 0.146896 -0.678509 41.178165 200.000000 41.178165 0.000312 0.124669 -0.734592 -33.105235 200.000000 -33.105235
 53.000000 -0.699923 -0.714218 -0.757947 -0.652317 -2.366302 -2.281433 -0.714218 -0.699923 -0.652317 -0.757947 0.127509 51.003754 -0.678509 36.859339 200.000000 36.859339 0.120189 48.075524 -0.734592 -29.574156 200.000000 -29.574156 0.068606 27.442356 -0.678509 41.178165 200.000000 41.178165 0.054545 21.817907 -0.734592 -33.105235 200.000000 -33.105235
 53.200000 -0.726107 -0.687581 -0.701924 -0.712251 -2.328949 -2.363497 -0.687581 -0.726107 -0.712251 -0.701924 0.008230 3.291929 -0.678509 36.859339 200.000000 36.859339 0.007198 2.879307 -0.734592 -29.574156 200.000000 -29.574156 0.113852 45.540815 -0.678509 41.178165 200.000000 41.178165 0.106715 42.685919 -0.734592 -33.105235 200.000000 -33.105235
 53.400000 -0.757755 -0.652540 -0.722441 -0.691432 -2.281727 -2.334266 -0.652540 -0.757755 -0.691432 -0.722441 0.067443 26.977264 -0.678509 36.859339 200.000000 36.859339 0.053652 21.460841 -0.734592 -29.574156 200.000000 -29.574156 0.016700 6.680017 -0.678509 41.178165 200.000000 41.178165 0.014763 5.905313 -0.734592 -33.105235 200.000000 -33.105235
 53.600000 -0.739665 -0.672975 -0.732527 -0.680738 -2.309020 -2.319566 -0.672975 -0.739665 -0.680738 -0.732527 0.003063 1.225279 -0.678509 36.859339 200.000000 36.859339 0.002574 1.029700 -0.734592 -29.574156 200.000000 -29.574156 0.000497 0.198644 -0.678509 41.178165 200.000000 41.178165 0.000426 0.170507 -0.734592 -33.105235 200.000000 -33.105235
 53.800000 -0.786178 -0.618000 -0.682166 -0.731198 -2.236992 -2.390872 -0.618000 -0.786178 -0.731198 -0.682166 0.366139 146.455668 -0.678509 36.859339 200.000000 36.859339 0.266116 106.446293 -0.734592 -29.574156 200.000000 -29.574156 0.277606 111.042506 -0.678509 41.178165 200.000000 41.178165 0.274850 109.940115 -0.734592 -33.105235 200.000000 -33.105235
 54.000000 -0.775614 -0.631208 -0.669808 -0.742534 -2.253906 -2.407643 -0.631208 -0.775614 -0.742534 -0.669808 0.223745 89.497946 -0.678509 36.859339 200.000000 36.859339 0.168281 67.312541 -0.734592 -29.574156 200.000000 -29.574156 0.409920 163.968118 -0.678509 41.178165 200.000000 41.178165 0.419694 167.877683 -0.734592 -33.105235 200.000000 -33.105235
 54.200000 -0.765890 -0.642971 -0.695733 -0.718300 -2.269168 -2.372152 -0.642971 -0.765890 -0.718300 -0.695733 0.126296 50.518335 -0.678509 36.859339 200.000000 36.859339 0.097960 39.184030 -0.734592 -29.574156 200.000000 -29.574156 0.158331 63.332486 -0.678509 41.178165 200.000000 41.178165 0.150998 60.399256 -0.734592 -33.105235 200.000000 -33.105235
 54.400000 -0.697404 -0.716678 -0.688701 -0.725046 -2.369823 -2.381897 -0.716678 -0.697404 -0.725046 -0.688701 0.145682 58.272889 -0.678509 36.859339 200.000000 36.859339 0.138289 55.315619 -0.734592 -29.574156 200.000000 -29.574156 0.216564 86.625752 -0.678509 41.178165 200.000000 41.178165 0.210600 84.239910 -0.734592 -33.105235 200.000000 -33.105235
 54.600000 -0.702036 -0.712141 -0.739256 -0.673424 -2.363340 -2.309627 -0.712141 -0.702036 -0.673424 -0.739256 0.113108 45.243338 -0.678509 36.859339 200.000000 36.859339 0.105984 42.393748 -0.734592 -29.574156 200.000000 -29.574156 0.002586 1.034439 -0.678509 41.178165 200.000000 41.178165 0.002176 0.870382 -0.734592 -33.105235 200.000000 -33.105235
 54.800000 -0.671095 -0.741372 -0.740039 -0.672564 -2.405908 -2.308465 -0.741372 -0.671095 -0.672564 -0.740039 0.395166 158.066390 -0.678509 36.859339 200.000000 36.859339 0.403187 161.274822 -0.734592 -29.574156 200.000000 -29.574156 0.003534 1.413715 -0.678509 41.178165 200.000000 41.178165 0.002967 1.186735 -0.734592 -33.105235 200.000000 -33.105235
 55.000000 -0.710166 -0.704034 -0.747944 -0.663762 -2.351858 -2.296634 -0.704034 -0.710166 -0.663762 -0.747944 0.065151 26.060304 -0.678509 36.859339 200.000000 36.859339 0.059661 23.864201 -0.734592 -29.574156 200.000000 -29.574156 0.021749 8.699584 -0.678509 41.178165 200.000000 41.178165 0.017828 7.131302 -0.734592 -33.105235 200.000000 -33.105235
 55.200000 -0.688097 -0.725619 -0.715459 -0.698654 -2.382729 -2.344311 -0.725619 -0.688097 -0.698654 -0.715459 0.221928 88.771262 -0.678509 36.859339 200.000000 36.859339 0.216175 86.470115 -0.734592 -29.574156 200.000000 -29.574156 0.040582 16.232644 -0.678509 41.178165 200.000000 41.178165 0.036604 14.641776 -0.734592 -33.105235 200.000000 -33.105235
 55.400000 -0.749324 -0.662203 -0.752615 -0.658460 -2.294552 -2.289568 -0.662203 -0.749324 -0.658460 -0.752615 0.026589 10.635679 -0.678509 36.859339 200.000000 36.859339 0.021705 8.681964 -0.734592 -29.574156 200.000000 -29.574156 0.040196 16.078479 -0.678509 41.178165 200.000000 41.178165 0.032485 12.994073 -0.734592 -33.105235 200.000000 -33.105235
 55.600000 -0.820188 -0.572094 -0.732713 -0.680538 -2.179853 -2.319293 -0.572094 -0.820188 -0.680538 -0.732713 1.132431 452.972583 -0.678509 36.859339 200.000000 36.859339 0.732678 293.071098 -0.734592 -29.574156 200.000000 -29.574156 0.000411 0.164595 -0.678509 41.178165 200.000000 41.178165 0.000353 0.141204 -0.734592 -33.105235 200.000000 -33.105235
 55.800000 -0.773672 -0.633587 -0.677328 -0.735681 -2.256977 -2.397468 -0.633587 -0.773672 -0.735681 -0.677328 0.201804 80.721697 -0.678509 36.859339 200.000000 36.859339 0.152724 61.089601 -0.734592 -29.574156 200.000000 -29.574156 0.326862 130.744847 -0.678509 41.178165 200.000000 41.178165 0.327914 131.165793 -0.734592 -33.105235 200.000000 -33.105235
 56.000000 -0.755493 -0.655157 -0.651038 -0.759045 -2.285186 -2.432642 -0.655157 -0.755493 -0.759045 -0.651038 0.054535 21.813854 -0.678509 36.859339 200.000000 36.859339 0.043686 17.474501 -0.734592 -29.574156 200.000000 -29.574156 0.648606 259.442213 -0.678509 41.178165 200.000000 41.178165 0.698129 279.251404 -0.734592 -33.105235 200.000000 -33.105235
 56.200000 -0.654709 -0.755881 -0.656757 -0.754102 -2.427795 -2.425082 -0.755881 -0.654709 -0.754102 -0.656757 0.598635 239.454016 -0.678509 36.859339 200.000000 36.859339 0.638123 255.249108 -0.734592 -29.574156 200.000000 -29.574156 0.571428 228.571156 -0.678509 41.178165 200.000000 41.178165 0.605824 242.329566 -0.734592 -33.105235 200.000000 -33.105235
 56.400000 -0.732345 -0.680934 -0.720494 -0.693461 -2.319834 -2.337079 -0.680934 -0.732345 -0.693461 -0.720494 0.000588 0.235195 -0.678509 36.859339 200.000000 36.859339 0.000505 0.201989 -0.734592 -29.574156 200.000000 -29.574156 0.022356 8.942452 -0.678509 41.178165 200.000000 41.178165 0.019875 7.950040 -0.734592 -33.105235 200.000000 -33.105235
 56.600000 -0.680055 -0.733161 -0.686907 -0.726745 -2.393755 -2.384368 -0.733161 -0.680055 -0.726745 -0.686907 0.298683 119.473037 -0.678509 36.859339 200.000000 36.859339 0.297427 118.970920 -0.734592 -29.574156 200.000000 -29.574156 0.232667 93.066810 -0.678509 41.178165 200.000000 41.178165 0.227380 90.951857 -0.734592 -33.105235 200.000000 -33.105235
 56.800000 -0.642413 -0.766359 -0.707326 -0.706887 -2.443950 -2.355884 -0.766359 -0.642413 -0.706887 -0.707326 0.771752 308.700696 -0.678509 36.859339 200.000000 36.859339 0.849696 339.878257 -0.734592 -29.574156 200.000000 -29.574156 0.080530 32.211946 -0.678509 41.178165 200.000000 41.178165 0.074340 29.736104 -0.734592 -33.105235 200.000000 -33.105235
 57.000000 -0.671215 -0.741263 -0.731143 -0.682224 -2.405746 -2.321596 -0.741263 -0.671215 -0.682224 -0.731143 0.393796 157.518421 -0.678509 36.859339 200.000000 36.859339 0.401659 160.663507 -0.734592 -29.574156 200.000000 -29.574156 0.001380 0.551891 -0.678509 41.178165 200.000000 41.178165 0.001189 0.475651 -0.734592 -33.105235 200.000000 -33.105235
 57.200000 -0.713751 -0.700400 -0.762825 -0.646605 -2.346754 -2.273922 -0.700400 -0.713751 -0.646605 -0.762825 0.047920 19.167813 -0.678509 36.859339 200.000000 36.859339 0.043435 17.374070 -0.734592 -29.574156 200.000000 -29.574156 0.101787 40.714649 -0.678509 41.178165 200.000000 41.178165 0.079710 31.883982 -0.734592 -33.105235 200.000000 -33.105235
 57.400000 -0.773387 -0.633934 -0.722088 -0.691801 -2.257426 -2.334777 -0.633934 -0.773387 -0.691801 -0.722088 0.198693 79.477113 -0.678509 36.859339 200.000000 36.859339 0.150506 60.202324 -0.734592 -29.574156 200.000000 -29.574156 0.017667 7.066771 -0.678509 41.178165 200.000000 41.178165 0.015634 6.253610 -0.734592 -33.105235 200.000000 -33.105235
 57.600000 -0.749329 -0.662198 -0.693370 -0.720582 -2.294544 -2.375437 -0.662198 -0.749329 -0.720582 -0.693370 0.026607 10.642973 -0.678509 36.859339 200.000000 36.859339 0.021719 8.687788 -0.734592 -29.574156 200.000000 -29.574156 0.177007 70.802800 -0.678509 41.178165 200.000000 41.178165 0.169922 67.968732 -0.734592 -33.105235 200.000000 -33.105235
 57.800000 -0.742454 -0.669898 -0.713934 -0.700213 -2.304867 -2.346492 -0.669898 -0.742454 -0.700213 -0.713934 0.007416 2.966546 -0.678509 36.859339 200.000000 36.859339 0.006181 2.472325 -0.734592 -29.574156 200.000000 -29.574156 0.047106 18.842204 -0.678509 41.178165 200.000000 41.178165 0.042675 17.069988 -0.734592 -33.105235 200.000000 -33.105235
 58.000000 -0.736275 -0.676683 -0.681212 -0.732086 -2.314044 -2.392175 -0.676683 -0.736275 -0.732086 -0.681212 0.000334 0.133458 -0.678509 36.859339 200.000000 36.859339 0.000283 0.113292 -0.734592 -29.574156 200.000000 -29.574156 0.287045 114.817992 -0.678509 41.178165 200.000000 41.178165 0.284937 113.974748 -0.734592 -33.105235 200.000000 -33.105235
 58.200000 -0.744445 -0.667684 -0.720823 -0.693119 -2.301890 -2.336604 -0.667684 -0.744445 -0.693119 -0.720823 0.011719 4.687647 -0.678509 36.859339 200.000000 36.859339 0.009708 3.883398 -0.734592 -29.574156 200.000000 -29.574156 0.021345 8.538036 -0.678509 41.178165 200.000000 41.178165 0.018958 7.583292 -0.734592 -33.105235 200.000000 -33.105235
 58.400000 -0.751048 -0.660247 -0.707064 -0.707150 -2.291944 -2.356255 -0.660247 -0.751048 -0.707150 -0.707064 0.033350 13.340120 -0.678509 36.859339 200.000000 36.859339 0.027082 10.832681 -0.734592 -29.574156 200.000000 -29.574156 0.082027 32.810926 -0.678509 41.178165 200.000000 41.178165 0.075779 30.311569 -0.734592 -33.105235 200.000000 -33.105235
 58.600000 -0.582208 -0.813040 -0.724649 -0.689119 -2.520151 -2.331068 -0.813040 -0.582208 -0.689119 -0.724649 1.809850 723.939838 -0.678509 36.859339 200.000000 36.859339 2.322087 928.834906 -0.734592 -29.574156 200.000000 -29.574156 0.011255 4.502192 -0.678509 41.178165 200.000000 41.178165 0.009887 3.954635 -0.734592 -33.105235 200.000000 -33.105235
 58.800000 -0.692273 -0.721636 -0.722958 -0.690892 -2.376958 -2.333519 -0.721636 -0.692273 -0.690892 -0.722958 0.185987 74.394621 -0.678509 36.859339 200.000000 36.859339 0.179086 71.634440 -0.734592 -29.574156 200.000000 -29.574156 0.015334 6.133587 -0.678509 41.178165 200.000000 41.178165 0.013535 5.414145 -0.734592 -33.105235 200.000000 -33.105235
 59.000000 -0.741616 -0.670825 -0.763149 -0.646223 -2.306116 -2.273421 -0.670825 -0.741616 -0.646223 -0.763149 0.005906 2.362232 -0.678509 36.859339 200.000000 36.859339 0.004934 1.973633 -0.734592 -29.574156 200.000000 -29.574156 0.104241 41.696520 -0.678509 41.178165 200.000000 41.178165 0.081550 32.619933 -0.734592 -33.105235 200.000000 -33.105235
 59.200000 -0.676661 -0.736295 -0.701971 -0.712205 -2.398375 -2.363431 -0.736295 -0.676661 -0.712205 -0.701971 0.333915 133.565959 -0.678509 36.859339 200.000000 36.859339 0.335598 134.239072 -0.734592 -29.574156 200.000000 -29.574156 0.113542 45.416862 -0.678509 41.178165 200.000000 41.178165 0.106410 42.564159 -0.734592 -33.105235 200.000000 -33.105235
 59.400000 -0.763329 -0.646010 -0.703408 -0.710786 -2.273142 -2.361411 -0.646010 -0.763329 -0.710786 -0.703408 0.105622 42.248735 -0.678509 36.859339 200.000000 36.859339 0.082583 33.033351 -0.734592 -29.574156 200.000000 -29.574156 0.104178 41.671007 -0.678509 41.178165 200.000000 41.178165 0.097240 38.896036 -0.734592 -33.105235 200.000000 -33.105235
 59.600000 -0.754379 -0.656439 -0.762976 -0.646427 -2.286885 -2.273688 -0.656439 -0.754379 -0.646427 -0.762976 0.048708 19.483356 -0.678509 36.859339 200.000000 36.859339 0.039153 15.661050 -0.734592 -29.574156 200.000000 -29.574156 0.102928 41.171293 -0.678509 41.178165 200.000000 41.178165 0.080566 32.226394 -0.734592 -33.105235 200.000000 -33.105235
 59.800000 -0.775596 -0.631229 -0.700320 -0.713829 -2.253934 -2.365747 -0.631229 -0.775596 -0.713829 -0.700320 0.223539 89.415743 -0.678509 36.859339 200.000000 36.859339 0.168136 67.254521 -0.734592 -29.574156 200.000000 -29.574156 0.124747 49.898981 -0.678509 41.178165 200.000000 41.178165 0.117455 46.981938 -0.734592 -33.105235 200.000000 -33.105235
 60.000000 -0.691238 -0.722627 -0.707768 -0.706445 -2.378391 -2.355259 -0.722627 -0.691238 -0.706445 -0.707768 0.194634 77.853554 -0.678509 36.859339 200.000000 36.859339 0.187951 75.180210 -0.734592 -29.574156 200.000000 -29.574156 0.078041 31.216421 -0.678509 41.178165 200.000000 41.178165 0.071953 28.781089 -0.734592 -33.105235 200.000000 -33.105235
 60.200000 -0.689385 -0.724395 -0.756248 -0.654285 -2.380953 -2.284034 -0.724395 -0.689385 -0.654285 -0.756248 0.210553 84.221219 -0.678509 36.859339 200.000000 36.859339 0.204368 81.747112 -0.734592 -29.574156 200.000000 -29.574156 0.058680 23.471998 -0.678509 41.178165 200.000000 41.178165 0.046898 18.759229 -0.734592 -33.105235 200.000000 -33.105235
 60.400000 -0.758221 -0.651998 -0.730872 -0.682515 -2.281013 -2.321994 -0.651998 -0.758221 -0.682515 -0.730872 0.070285 28.113836 -0.678509 36.859339 200.000000 36.859339 0.055832 22.332865 -0.734592 -29.574156 200.000000 -29.574156 0.001604 0.641663 -0.678509 41.178165 200.000000 41.178165 0.001384 0.553462 -0.734592 -33.105235 200.000000 -33.105235
 60.600000 -0.683837 -0.729635 -0.725483 -0.688240 -2.388584 -2.329857 -0.729635 -0.683837 -0.688240 -0.725483 0.261383 104.553359 -0.678509 36.859339 200.000000 36.859339 0.257607 103.042784 -0.734592 -29.574156 200.000000 -29.574156 0.009469 3.787667 -0.678509 41.178165 200.000000 41.178165 0.008297 3.318943 -0.734592 -33.105235 200.000000 -33.105235
 60.800000 -0.715849 -0.698255 -0.681483 -0.731834 -2.343754 -2.391805 -0.698255 -0.715849 -0.731834 -0.681483 0.038991 15.596267 -0.678509 36.859339 200.000000 36.859339 0.035130 14.052075 -0.734592 -29.574156 200.000000 -29.574156 0.284348 113.739090 -0.678509 41.178165 200.000000 41.178165 0.282050 112.820180 -0.734592 -33.105235 200.000000 -33.105235
 61.000000 -0.777898 -0.628391 -0.715514 -0.698599 -2.250279 -2.344233 -0.628391 -0.777898 -0.698599 -0.715514 0.251187 100.474767 -0.678509 36.859339 200.000000 36.859339 0.187541 75.016567 -0.734592 -29.574156 200.000000 -29.574156 0.040358 16.143065 -0.678509 41.178165 200.000000 41.178165 0.036397 14.558708 -0.734592 -33.105235 200.000000 -33.105235
 61.200000 -0.735644 -0.677368 -0.713962 -0.700184 -2.314976 -2.346452 -0.677368 -0.735644 -0.700184 -0.713962 0.000130 0.052085 -0.678509 36.859339 200.000000 36.859339 0.000111 0.044297 -0.734592 -29.574156 200.000000 -29.574156 0.046980 18.791801 -0.678509 41.178165 200.000000 41.178165 0.042557 17.022939 -0.734592 -33.105235 200.000000 -33.105235
 61.400000 -0.762463 -0.647032 -0.695064 -0.718948 -2.274482 -2.373083 -0.647032 -0.762463 -0.718948 -0.695064 0.099080 39.632172 -0.678509 36.859339 200.000000 36.859339 0.077678 31.071315 -0.734592 -29.574156 200.000000 -29.574156 0.163525 65.410194 -0.678509 41.178165 200.000000 41.178165 0.156243 62.497030 -0.734592 -33.105235 200.000000 -33.105235
 61.600000 -0.679158 -0.733992 -0.736175 -0.676791 -2.394977 -2.314192 -0.733992 -0.679158 -0.676791 -0.736175 0.307828 123.131398 -0.678509 36.859339 200.000000 36.859339 0.307285 122.913925 -0.734592 -29.574156 200.000000 -29.574156 0.000295 0.118067 -0.678509 41.178165 200.000000 41.178165 0.000251 0.100256 -0.734592 -33.105235 200.000000 -33.105235
 61.800000 -0.677751 -0.735291 -0.720293 -0.693670 -2.396892 -2.337368 -0.735291 -0.677751 -0.693670 -0.720293 0.322416 128.966279 -0.678509 36.859339 200.000000 36.859339 0.323081 129.232562 -0.734592 -29.574156 200.000000 -29.574156 0.022984 9.193575 -0.678509 41.178165 200.000000 41.178165 0.020445 8.178034 -0.734592 -33.105235 200.000000 -33.105235
 62.000000 -0.721105 -0.692826 -0.735209 -0.677840 -2.336197 -2.315617 -0.692826 -0.721105 -0.677840 -0.735209 0.020497 8.198877 -0.678509 36.859339 200.000000 36.859339 0.018190 7.276128 -0.734592 -29.574156 200.000000 -29.574156 0.000045 0.017919 -0.678509 41.178165 200.000000 41.178165 0.000038 0.015259 -0.734592 -33.105235 200.000000 -33.105235
 62.200000 -0.699310 -0.714818 -0.723452 -0.690375 -2.367161 -2.332804 -0.714818 -0.699310 -0.690375 -0.723452 0.131834 52.733539 -0.678509 36.859339 200.000000 36.859339 0.124479 49.791432 -0.734592 -29.574156 200.000000 -29.574156 0.014079 5.631769 -0.678509 41.178165 200.000000 41.178165 0.012410 4.964066 -0.734592 -33.105235 200.000000 -33.105235
 62.400000 -0.711906 -0.702275 -0.689908 -0.723897 -2.349384 -2.380230 -0.702275 -0.711906 -0.723897 -0.689908 0.056480 22.591826 -0.678509 36.859339 200.000000 36.859339 0.051464 20.585789 -0.734592 -29.574156 200.000000 -29.574156 0.206003 82.401036 -0.678509 41.178165 200.000000 41.178165 0.199662 79.864832 -0.734592 -33.105235 200.000000 -33.105235
 62.600000 -0.690812 -0.723034 -0.758250 -0.651964 -2.378981 -2.280968 -0.723034 -0.690812 -0.651964 -0.758250 0.198244 79.297482 -0.678509 36.859339 200.000000 36.859339 0.191662 76.664876 -0.734592 -29.574156 200.000000 -29.574156 0.070467 28.186954 -0.678509 41.178165 200.000000 41.178165 0.055972 22.388900 -0.734592 -33.105235 200.000000 -33.105235
 62.800000 -0.711425 -0.702762 -0.714861 -0.699267 -2.350069 -2.345167 -0.702762 -0.711425 -0.699267 -0.714861 0.058819 23.527495 -0.678509 36.859339 200.000000 36.859339 0.053669 21.467778 -0.734592 -29.574156 200.000000 -29.574156 0.043086 17.234535 -0.678509 41.178165 200.000000 41.178165 0.038930 15.572158 -0.734592 -33.105235 200.000000 -33.105235
 63.000000 -0.735274 -0.677770 -0.744983 -0.667084 -2.315522 -2.301084 -0.677770 -0.735274 -0.667084 -0.744983 0.000055 0.021842 -0.678509 36.859339 200.000000 36.859339 0.000046 0.018597 -0.734592 -29.574156 200.000000 -29.574156 0.013054 5.221790 -0.678509 41.178165 200.000000 41.178165 0.010797 4.318902 -0.734592 -33.105235 200.000000 -33.105235
 63.200000 -0.746760 -0.665094 -0.733405 -0.679792 -2.298416 -2.318275 -0.665094 -0.746760 -0.679792 -0.733405 0.017998 7.199161 -0.678509 36.859339 200.000000 36.859339 0.014806 5.922536 -0.734592 -29.574156 200.000000 -29.574156 0.000164 0.065792 -0.678509 41.178165 200.000000 41.178165 0.000141 0.056327 -0.734592 -33.105235 200.000000 -33.105235
 63.400000 -0.670172 -0.742206 -0.747171 -0.664632 -2.407153 -2.297797 -0.742206 -0.670172 -0.664632 -0.747171 0.405727 162.290668 -0.678509 36.859339 200.000000 36.859339 0.414994 165.997446 -0.734592 -29.574156 200.000000 -29.574156 0.019259 7.703543 -0.678509 41.178165 200.000000 41.178165 0.015824 6.329604 -0.734592 -33.105235 200.000000 -33.105235
 63.600000 -0.671788 -0.740744 -0.752538 -0.658549 -2.404973 -2.289685 -0.740744 -0.671788 -0.658549 -0.752538 0.387312 154.924624 -0.678509 36.859339 200.000000 36.859339 0.394435 157.773924 -0.734592 -29.574156 200.000000 -29.574156 0.039844 15.937407 -0.678509 41.178165 200.000000 41.178165 0.032208 12.883099 -0.734592 -33.105235 200.000000 -33.105235
 63.800000 -0.753977 -0.656901 -0.759860 -0.650087 -2.287497 -2.278495 -0.656901 -0.753977 -0.650087 -0.759860 0.046694 18.677438 -0.678509 36.859339 200.000000 36.859339 0.037579 15.031724 -0.734592 -29.574156 200.000000 -29.574156 0.080784 32.313552 -0.678509 41.178165 200.000000 41.178165 0.063848 25.539189 -0.734592 -33.105235 200.000000 -33.105235
 64.000000 -0.753213 -0.657776 -0.743684 -0.668532 -2.288659 -2.303029 -0.657776 -0.753213 -0.668532 -0.743684 0.042986 17.194593 -0.678509 36.859339 200.000000 36.859339 0.034677 13.870701 -0.734592 -29.574156 200.000000 -29.574156 0.009955 3.982182 -0.678509 41.178165 200.000000 41.178165 0.008266 3.306528 -0.734592 -33.105235 200.000000 -33.105235
 64.200000 -0.740630 -0.671913 -0.663026 -0.748597 -2.307585 -2.416739 -0.671913 -0.740630 -0.748597 -0.663026 0.004352 1.740642 -0.678509 36.859339 200.000000 36.859339 0.003646 1.458592 -0.734592 -29.574156 200.000000 -29.574156 0.491222 196.488980 -0.678509 41.178165 200.000000 41.178165 0.512170 204.868006 -0.734592 -33.105235 200.000000 -33.105235
 64.400000 -0.707268 -0.706946 -0.677784 -0.735261 -2.355967 -2.396848 -0.706946 -0.707268 -0.735261 -0.677784 0.080862 32.344884 -0.678509 36.859339 200.000000 36.859339 0.074659 29.863768 -0.734592 -29.574156 200.000000 -29.574156 0.322078 128.831031 -0.678509 41.178165 200.000000 41.178165 0.322714 129.085690 -0.734592 -33.105235 200.000000 -33.105235
 64.600000 -0.675754 -0.737127 -0.701473 -0.712696 -2.399605 -2.364130 -0.737127 -0.675754 -0.712696 -0.701473 0.343603 137.441145 -0.678509 36.859339 200.000000 36.859339 0.346186 138.474238 -0.734592 -29.574156 200.000000 -29.574156 0.116870 46.747889 -0.678509 41.178165 200.000000 41.178165 0.109682 43.872867 -0.734592 -33.105235 200.000000 -33.105235
 64.800000 -0.717389 -0.696673 -0.647829 -0.761786 -2.341545 -2.436862 -0.696673 -0.717389 -0.761786 -0.647829 0.032990 13.196163 -0.678509 36.859339 200.000000 36.859339 0.029593 11.837127 -0.734592 -29.574156 200.000000 -29.574156 0.693499 277.399563 -0.678509 41.178165 200.000000 41.178165 0.752781 301.112381 -0.734592 -33.105235 200.000000 -33.105235
 65.000000 -0.687329 -0.726346 -0.638510 -0.769614 -2.383788 -2.449032 -0.726346 -0.687329 -0.769614 -0.638510 0.228839 91.535464 -0.678509 36.859339 200.000000 36.859339 0.223379 89.351606 -0.734592 -29.574156 200.000000 -29.574156 0.829999 331.999587 -0.678509 41.178165 200.000000 41.178165 0.923173 369.269312 -0.734592 -33.105235 200.000000 -33.105235
 65.200000 -0.770926 -0.636924 -0.704487 -0.709717 -2.261298 -2.359893 -0.636924 -0.770926 -0.709717 -0.704487 0.172933 69.173232 -0.678509 36.859339 200.000000 36.859339 0.132021 52.808513 -0.734592 -29.574156 200.000000 -29.574156 0.097391 38.956495 -0.678509 41.178165 200.000000 41.178165 0.090630 36.251954 -0.734592 -33.105235 200.000000 -33.105235
 65.400000 -0.756511 -0.653981 -0.711550 -0.702635 -2.283631 -2.349890 -0.653981 -0.756511 -0.702635 -0.711550 0.060163 24.065326 -0.678509 36.859339 200.000000 36.859339 0.048045 19.217862 -0.734592 -29.574156 200.000000 -29.574156 0.058205 23.282008 -0.678509 41.178165 200.000000 41.178165 0.053090 21.236199 -0.734592 -33.105235 200.000000 -33.105235
 65.600000 -0.723223 -0.690615 -0.740126 -0.672468 -2.333135 -2.308335 -0.690615 -0.723223 -0.672468 -0.740126 0.014655 5.861876 -0.678509 36.859339 200.000000 36.859339 0.012926 5.170328 -0.734592 -29.574156 200.000000 -29.574156 0.003650 1.459978 -0.678509 41.178165 200.000000 41.178165 0.003063 1.225249 -0.734592 -33.105235 200.000000 -33.105235
 65.800000 -0.784194 -0.620516 -0.699734 -0.714403 -2.240196 -2.366568 -0.620516 -0.784194 -0.714403 -0.699734 0.336329 134.531683 -0.678509 36.859339 200.000000 36.859339 0.246040 98.416166 -0.734592 -29.574156 200.000000 -29.574156 0.128839 51.535400 -0.678509 41.178165 200.000000 41.178165 0.121506 48.602434 -0.734592 -33.105235 200.000000 -33.105235
 66.000000 -0.805278 -0.592897 -0.691825 -0.722065 -2.205448 -2.377579 -0.592897 -0.805278 -0.722065 -0.691825 0.732946 293.178242 -0.678509 36.859339 200.000000 36.859339 0.499658 199.863088 -0.734592 -29.574156 200.000000 -29.574156 0.189712 75.884949 -0.678509 41.178165 200.000000 41.178165 0.182901 73.160312 -0.734592 -33.105235 200.000000 -33.105235
 66.200000 -0.773656 -0.633606 -0.736804 -0.676107 -2.257002 -2.313262 -0.633606 -0.773656 -0.676107 -0.736804 0.201630 80.652122 -0.678509 36.859339 200.000000 36.859339 0.152600 61.040033 -0.734592 -29.574156 200.000000 -29.574156 0.000577 0.230901 -0.678509 41.178165 200.000000 41.178165 0.000489 0.195704 -0.734592 -33.105235 200.000000 -33.105235
 66.400000 -0.724497 -0.689278 -0.776352 -0.630299 -2.331288 -2.252735 -0.689278 -0.724497 -0.630299 -0.776352 0.011596 4.638323 -0.678509 36.859339 200.000000 36.859339 0.010190 4.076004 -0.734592 -29.574156 200.000000 -29.574156 0.232424 92.969677 -0.678509 41.178165 200.000000 41.178165 0.174396 69.758423 -0.734592 -33.105235 200.000000 -33.105235
 66.600000 -0.671923 -0.740621 -0.678039 -0.735026 -2.404790 -2.396502 -0.740621 -0.671923 -0.735026 -0.678039 0.385783 154.313070 -0.678509 36.859339 200.000000 36.859339 0.392734 157.093612 -0.734592 -29.574156 200.000000 -29.574156 0.319416 127.766547 -0.678509 41.178165 200.000000 41.178165 0.319826 127.930396 -0.734592 -33.105235 200.000000 -33.105235
 66.800000 -0.671045 -0.741417 -0.723592 -0.690228 -2.405976 -2.332600 -0.741417 -0.671045 -0.690228 -0.723592 0.395735 158.293919 -0.678509 36.859339 200.000000 36.859339 0.403822 161.528742 -0.734592 -29.574156 200.000000 -29.574156 0.013733 5.493013 -0.678509 41.178165 200.000000 41.178165 0.012099 4.839789 -0.734592 -33.105235 200.000000 -33.105235
 67.000000 -0.730130 -0.683308 -0.772637 -0.634849 -2.323080 -2.258609 -0.683308 -0.730130 -0.634849 -0.772637 0.002303 0.921058 -0.678509 36.859339 200.000000 36.859339 0.001990 0.796186 -0.734592 -29.574156 200.000000 -29.574156 0.190626 76.250593 -0.678509 41.178165 200.000000 41.178165 0.144741 57.896384 -0.734592 -33.105235 200.000000 -33.105235
 67.200000 -0.752740 -0.658318 -0.768290 -0.640101 -2.289379 -2.265427 -0.658318 -0.752740 -0.640101 -0.768290 0.040769 16.307458 -0.678509 36.859339 200.000000 36.859339 0.032935 13.174117 -0.734592 -29.574156 200.000000 -29.574156 0.147518 59.007019 -0.678509 41.178165 200.000000 41.178165 0.113560 45.424179 -0.734592 -33.105235 200.000000 -33.105235
 67.400000 -0.695267 -0.718752 -0.728586 -0.684954 -2.372802 -2.325337 -0.718752 -0.695267 -0.684954 -0.728586 0.161945 64.778018 -0.678509 36.859339 200.000000 36.859339 0.154645 61.858128 -0.734592 -29.574156 200.000000 -29.574156 0.004153 1.661241 -0.678509 41.178165 200.000000 41.178165 0.003606 1.442531 -0.734592 -33.105235 200.000000 -33.105235
 67.600000 -0.646977 -0.762510 -0.778362 -0.627816 -2.437980 -2.249540 -0.762510 -0.646977 -0.627816 -0.778362 0.705606 282.242359 -0.678509 36.859339 200.000000 36.859339 0.767639 307.055526 -0.734592 -29.574156 200.000000 -29.574156 0.256985 102.793850 -0.678509 41.178165 200.000000 41.178165 0.191584 76.633464 -0.734592 -33.105235 200.000000 -33.105235
 67.800000 -0.738181 -0.674603 -0.754160 -0.656691 -2.311223 -2.287218 -0.674603 -0.738181 -0.656691 -0.754160 0.001526 0.610511 -0.678509 36.859339 200.000000 36.859339 0.001288 0.515335 -0.734592 -29.574156 200.000000 -29.574156 0.047606 19.042470 -0.678509 41.178165 200.000000 41.178165 0.038292 15.316915 -0.734592 -33.105235 200.000000 -33.105235
 68.000000 -0.785419 -0.618964 -0.726094 -0.687595 -2.238219 -2.328968 -0.618964 -0.785419 -0.687595 -0.726094 0.354564 141.825580 -0.678509 36.859339 200.000000 36.859339 0.258344 103.337549 -0.734592 -29.574156 200.000000 -29.574156 0.008255 3.302076 -0.678509 41.178165 200.000000 41.178165 0.007221 2.888293 -0.734592 -33.105235 200.000000 -33.105235
 68.200000 -0.711616 -0.702569 -0.714055 -0.700090 -2.349797 -2.346320 -0.702569 -0.711616 -0.700090 -0.714055 0.057884 23.153721 -0.678509 36.859339 200.000000 36.859339 0.052788 21.115230 -0.734592 -29.574156 200.000000 -29.574156 0.046572 18.628763 -0.678509 41.178165 200.000000 41.178165 0.042177 16.870789 -0.734592 -33.105235 200.000000 -33.105235
 68.400000 -0.647185 -0.762333 -0.666713 -0.745315 -2.437707 -2.411803 -0.762333 -0.647185 -0.745315 -0.666713 0.702638 281.055270 -0.678509 36.859339 200.000000 36.859339 0.763992 305.596854 -0.734592 -29.574156 200.000000 -29.574156 0.446292 178.516981 -0.678509 41.178165 200.000000 41.178165 0.460752 184.300685 -0.734592 -33.105235 200.000000 -33.105235
 68.600000 -0.686353 -0.727269 -0.657929 -0.753080 -2.385130 -2.423527 -0.727269 -0.686353 -0.753080 -0.657929 0.237745 95.098056 -0.678509 36.859339 200.000000 36.859339 0.232697 93.078785 -0.734592 -29.574156 200.000000 -29.574156 0.556073 222.429073 -0.678509 41.178165 200.000000 41.178165 0.587712 235.084936 -0.734592 -33.105235 200.000000 -33.105235
 68.800000 -0.780458 -0.625209 -0.670461 -0.741945 -2.246195 -2.406762 -0.625209 -0.780458 -0.741945 -0.670461 0.284097 113.638869 -0.678509 36.859339 200.000000 36.859339 0.210368 84.147399 -0.734592 -29.574156 200.000000 -29.574156 0.402402 160.960666 -0.678509 41.178165 200.000000 41.178165 0.411272 164.508635 -0.734592 -33.105235 200.000000 -33.105235
 69.000000 -0.698140 -0.715961 -0.668534 -0.743682 -2.368796 -2.409357 -0.715961 -0.698140 -0.743682 -0.668534 0.140263 56.105055 -0.678509 36.859339 200.000000 36.859339 0.132871 53.148471 -0.734592 -29.574156 200.000000 -29.574156 0.424741 169.896412 -0.678509 41.178165 200.000000 41.178165 0.436362 174.544785 -0.734592 -33.105235 200.000000 -33.105235
 69.200000 -0.701442 -0.712727 -0.697117 -0.716958 -2.364174 -2.370225 -0.712727 -0.701442 -0.716958 -0.697117 0.117083 46.833146 -0.678509 36.859339 200.000000 36.859339 0.109892 43.956788 -0.734592 -29.574156 200.000000 -29.574156 0.147828 59.131221 -0.678509 41.178165 200.000000 41.178165 0.140439 56.175517 -0.734592 -33.105235 200.000000 -33.105235
 69.400000 -0.738433 -0.674327 -0.743967 -0.668216 -2.310850 -2.302605 -0.674327 -0.738433 -0.668216 -0.743967 0.001749 0.699603 -0.678509 36.859339 200.000000 36.859339 0.001475 0.590096 -0.734592 -29.574156 200.000000 -29.574156 0.010595 4.237963 -0.678509 41.178165 200.000000 41.178165 0.008790 3.515914 -0.734592 -33.105235 200.000000 -33.105235
 69.600000 -0.741014 -0.671489 -0.712288 -0.701887 -2.307013 -2.348840 -0.671489 -0.741014 -0.701887 -0.712288 0.004928 1.971300 -0.678509 36.859339 200.000000 36.859339 0.004125 1.649980 -0.734592 -29.574156 200.000000 -29.574156 0.054653 21.861282 -0.678509 41.178165 200.000000 41.178165 0.049746 19.898428 -0.734592 -33.105235 200.000000 -33.105235
 69.800000 -0.689950 -0.723857 -0.691021 -0.722835 -2.380172 -2.378692 -0.723857 -0.689950 -0.722835 -0.691021 0.205637 82.254645 -0.678509 36.859339 200.000000 36.859339 0.199284 79.713624 -0.734592 -29.574156 200.000000 -29.574156 0.196473 78.589004 -0.678509 41.178165 200.000000 41.178165 0.189840 75.936081 -0.734592 -33.105235 200.000000 -33.105235
 70.000000 -0.706856 -0.707357 -0.761820 -0.647788 -2.356548 -2.275474 -0.707357 -0.706856 -0.647788 -0.761820 0.083219 33.287409 -0.678509 36.859339 200.000000 36.859339 0.076925 30.769802 -0.734592 -29.574156 200.000000 -29.574156 0.094378 37.751139 -0.678509 41.178165 200.000000 41.178165 0.074140 29.655813 -0.734592 -33.105235 200.000000 -33.105235
 70.200000 -0.750444 -0.660934 -0.732980 -0.680250 -2.292859 -2.318900 -0.660934 -0.750444 -0.680250 -0.732980 0.030889 12.355659 -0.678509 36.859339 200.000000 36.859339 0.025129 10.051733 -0.734592 -29.574156 200.000000 -29.574156 0.000303 0.121175 -0.678509 41.178165 200.000000 41.178165 0.000260 0.103872 -0.734592 -33.105235 200.000000 -33.105235
 70.400000 -0.725840 -0.687863 -0.695693 -0.718339 -2.329338 -2.372208 -0.687863 -0.725840 -0.718339 -0.695693 0.008750 3.499878 -0.678509 36.859339 200.000000 36.859339 0.007659 3.063577 -0.734592 -29.574156 200.000000 -29.574156 0.158640 63.456027 -0.678509 41.178165 200.000000 41.178165 0.151310 60.523826 -0.734592 -33.105235 200.000000 -33.105235
 70.600000 -0.778483 -0.627666 -0.718078 -0.695962 -2.249347 -2.340555 -0.627666 -0.778483 -0.695962 -0.718078 0.258508 103.403231 -0.678509 36.859339 200.000000 36.859339 0.192644 77.057728 -0.734592 -29.574156 200.000000 -29.574156 0.030460 12.183907 -0.678509 41.178165 200.000000 41.178165 0.027269 10.907471 -0.734592 -33.105235 200.000000 -33.105235
 70.800000 -0.758783 -0.651344 -0.738529 -0.674222 -2.280150 -2.310707 -0.651344 -0.758783 -0.674222 -0.738529 0.073798 29.519120 -0.678509 36.859339 200.000000 36.859339 0.058521 23.408481 -0.734592 -29.574156 200.000000 -29.574156 0.001838 0.735223 -0.678509 41.178165 200.000000 41.178165 0.001550 0.619963 -0.734592 -33.105235 200.000000 -33.105235
 71.000000 -0.751707 -0.659497 -0.768837 -0.639444 -2.290946 -2.264572 -0.659497 -0.751707 -0.639444 -0.768837 0.036145 14.458160 -0.678509 36.859339 200.000000 36.859339 0.029293 11.717032 -0.734592 -29.574156 200.000000 -29.574156 0.152609 61.043499 -0.678509 41.178165 200.000000 41.178165 0.117277 46.910898 -0.734592 -33.105235 200.000000 -33.105235
 71.200000 -0.713716 -0.700435 -0.760833 -0.648948 -2.346803 -2.276997 -0.700435 -0.713716 -0.648948 -0.760833 0.048072 19.228737 -0.678509 36.859339 200.000000 36.859339 0.043577 17.430993 -0.734592 -29.574156 200.000000 -29.574156 0.087387 34.954914 -0.678509 41.178165 200.000000 41.178165 0.068859 27.543590 -0.734592 -33.105235 200.000000 -33.105235
 71.400000 -0.714075 -0.700069 -0.680259 -0.732971 -2.346290 -2.393476 -0.700069 -0.714075 -0.732971 -0.680259 0.046481 18.592320 -0.678509 36.859339 200.000000 36.859339 0.042092 16.836788 -0.734592 -29.574156 200.000000 -29.574156 0.296611 118.644540 -0.678509 41.178165 200.000000 41.178165 0.295200 118.079978 -0.734592 -33.105235 200.000000 -33.105235
 71.600000 -0.708740 -0.705470 -0.657402 -0.753540 -2.353882 -2.424227 -0.705470 -0.708740 -0.753540 -0.657402 0.072687 29.074965 -0.678509 36.859339 200.000000 36.859339 0.066832 26.732914 -0.734592 -29.574156 200.000000 -29.574156 0.562957 225.182661 -0.678509 41.178165 200.000000 41.178165 0.595822 238.328605 -0.734592 -33.105235 200.000000 -33.105235
 71.800000 -0.765180 -0.643816 -0.746223 -0.665696 -2.270272 -2.299223 -0.643816 -0.765180 -0.665696 -0.746223 0.120360 48.144118 -0.678509 36.859339 200.000000 36.859339 0.093564 37.425697 -0.734592 -29.574156 200.000000 -29.574156 0.016417 6.566892 -0.678509 41.178165 200.000000 41.178165 0.013528 5.411158 -0.734592 -33.105235 200.000000 -33.105235
 72.000000 -0.731176 -0.682188 -0.699298 -0.714831 -2.321548 -2.367178 -0.682188 -0.731176 -0.714831 -0.699298 0.001353 0.541382 -0.678509 36.859339 200.000000 36.859339 0.001166 0.466548 -0.734592 -29.574156 200.000000 -29.574156 0.131923 52.769374 -0.678509 41.178165 200.000000 41.178165 0.124568 49.827027 -0.734592 -33.105235 200.000000 -33.105235
 72.200000 -0.696378 -0.717675 -0.623230 -0.782039 -2.371254 -2.468727 -0.717675 -0.696378 -0.782039 -0.623230 0.153392 61.356815 -0.678509 36.859339 200.000000 36.859339 0.146025 58.409974 -0.734592 -29.574156 200.000000 -29.574156 1.071832 428.732631 -0.678509 41.178165 200.000000 41.178165 1.240146 496.058478 -0.734592 -33.105235 200.000000 -33.105235
 72.400000 -0.703912 -0.710287 -0.716110 -0.697988 -2.360703 -2.343380 -0.710287 -0.703912 -0.697988 -0.716110 0.100984 40.393774 -0.678509 36.859339 200.000000 36.859339 0.094126 37.650442 -0.734592 -29.574156 200.000000 -29.574156 0.037940 15.176136 -0.678509 41.178165 200.000000 41.178165 0.034158 13.663304 -0.734592 -33.105235 200.000000 -33.105235
 72.600000 -0.761027 -0.648720 -0.676902 -0.736073 -2.276698 -2.398047 -0.648720 -0.761027 -0.736073 -0.676902 0.088739 35.495423 -0.678509 36.859339 200.000000 36.859339 0.069882 27.952646 -0.734592 -29.574156 200.000000 -29.574156 0.331357 132.542951 -0.678509 41.178165 200.000000 41.178165 0.332809 133.123654 -0.734592 -33.105235 200.000000 -33.105235
 72.800000 -0.690043 -0.723768 -0.649235 -0.760587 -2.380044 -2.435014 -0.723768 -0.690043 -0.760587 -0.649235 0.204834 81.933410 -0.678509 36.859339 200.000000 36.859339 0.198455 79.381914 -0.734592 -29.574156 200.000000 -29.574156 0.673680 269.472186 -0.678509 41.178165 200.000000 41.178165 0.728568 291.427325 -0.734592 -33.105235 200.000000 -33.105235
 73.000000 -0.710205 -0.703995 -0.748779 -0.662820 -2.351803 -2.295375 -0.703995 -0.710205 -0.662820 -0.748779 0.064951 25.980206 -0.678509 36.859339 200.000000 36.859339 0.059471 23.788221 -0.734592 -29.574156 200.000000 -29.574156 0.024615 9.846069 -0.678509 41.178165 200.000000 41.178165 0.020127 8.050720 -0.734592 -33.105235 200.000000 -33.105235
 73.200000 -0.760120 -0.649783 -0.686751 -0.726892 -2.278095 -2.384582 -0.649783 -0.760120 -0.726892 -0.686751 0.082523 33.009102 -0.678509 36.859339 200.000000 36.859339 0.065170 26.067894 -0.734592 -29.574156 200.000000 -29.574156 0.234090 93.636164 -0.678509 41.178165 200.000000 41.178165 0.228869 91.547538 -0.734592 -33.105235 200.000000 -33.105235
 73.400000 -0.804704 -0.593677 -0.749759 -0.661711 -2.206416 -2.293895 -0.593677 -0.804704 -0.661711 -0.749759 0.719659 287.863700 -0.678509 36.859339 200.000000 36.859339 0.491569 196.627500 -0.734592 -29.574156 200.000000 -29.574156 0.028218 11.287173 -0.678509 41.178165 200.000000 41.178165 0.023004 9.201632 -0.734592 -33.105235 200.000000 -33.105235
 73.600000 -0.709244 -0.704963 -0.761453 -0.648220 -2.353167 -2.276041 -0.704963 -0.709244 -0.648220 -0.761453 0.069978 27.991212 -0.678509 36.859339 200.000000 36.859339 0.064249 25.699628 -0.734592 -29.574156 200.000000 -29.574156 0.091746 36.698462 -0.678509 41.178165 200.000000 41.178165 0.072154 28.861781 -0.734592 -33.105235 200.000000 -33.105235
 73.800000 -0.687568 -0.726120 -0.697946 -0.716151 -2.383459 -2.369068 -0.726120 -0.687568 -0.716151 -0.697946 0.226681 90.672217 -0.678509 36.859339 200.000000 36.859339 0.221127 88.450747 -0.734592 -29.574156 200.000000 -29.574156 0.141686 56.674356 -0.678509 41.178165 200.000000 41.178165 0.134292 53.716944 -0.734592 -33.105235 200.000000 -33.105235
 74.000000 -0.719517 -0.694474 -0.694493 -0.719499 -2.338485 -2.373877 -0.694474 -0.719517 -0.719499 -0.694493 0.025488 10.195206 -0.678509 36.859339 200.000000 36.859339 0.022723 9.089350 -0.734592 -29.574156 200.000000 -29.574156 0.168015 67.205852 -0.678509 41.178165 200.000000 41.178165 0.160787 64.314726 -0.734592 -33.105235 200.000000 -33.105235
 74.200000 -0.786585 -0.617482 -0.799047 -0.601268 -2.236334 -2.215884 -0.617482 -0.786585 -0.601268 -0.799047 0.372436 148.974487 -0.678509 36.859339 200.000000 36.859339 0.270332 108.132600 -0.734592 -29.574156 200.000000 -29.574156 0.596618 238.647115 -0.678509 41.178165 200.000000 41.178165 0.415450 166.180139 -0.734592 -33.105235 200.000000 -33.105235
 74.400000 -0.703854 -0.710345 -0.683548 -0.729906 -2.360784 -2.388980 -0.710345 -0.703854 -0.729906 -0.683548 0.101350 40.539839 -0.678509 36.859339 200.000000 36.859339 0.094482 37.792755 -0.734592 -29.574156 200.000000 -29.574156 0.264158 105.663176 -0.678509 41.178165 200.000000 41.178165 0.260548 104.219042 -0.734592 -33.105235 200.000000 -33.105235
 74.600000 -0.705449 -0.708761 -0.688278 -0.725447 -2.358537 -2.382481 -0.708761 -0.705449 -0.725447 -0.688278 0.091517 36.606747 -0.678509 36.859339 200.000000 36.859339 0.084933 33.973027 -0.734592 -29.574156 200.000000 -29.574156 0.220318 88.127016 -0.678509 41.178165 200.000000 41.178165 0.214500 85.799852 -0.734592 -33.105235 200.000000 -33.105235
 74.800000 -0.681974 -0.731377 -0.760068 -0.649843 -2.391135 -2.278174 -0.731377 -0.681974 -0.649843 -0.760068 0.279496 111.798443 -0.678509 36.859339 200.000000 36.859339 0.276867 110.746673 -0.734592 -29.574156 200.000000 -29.574156 0.082176 32.870222 -0.678509 41.178165 200.000000 41.178165 0.064906 25.962379 -0.734592 -33.105235 200.000000 -33.105235
 75.000000 -0.737966 -0.674838 -0.715259 -0.698859 -2.311541 -2.344598 -0.674838 -0.737966 -0.698859 -0.715259 0.001348 0.539261 -0.678509 36.859339 200.000000 36.859339 0.001139 0.455484 -0.734592 -29.574156 200.000000 -29.574156 0.041412 16.564698 -0.678509 41.178165 200.000000 41.178165 0.037375 14.949864 -0.734592 -33.105235 200.000000 -33.105235
 75.200000 -0.786088 -0.618115 -0.660702 -0.750649 -2.237139 -2.419839 -0.618115 -0.786088 -0.750649 -0.660702 0.364747 145.898682 -0.678509 36.859339 200.000000 36.859339 0.265182 106.072939 -0.734592 -29.574156 200.000000 -29.574156 0.520406 208.162252 -0.678509 41.178165 200.000000 41.178165 0.545973 218.389302 -0.734592 -33.105235 200.000000 -33.105235
 75.400000 -0.746624 -0.665247 -0.704331 -0.709871 -2.298620 -2.360112 -0.665247 -0.746624 -0.709871 -0.704331 0.017590 7.036046 -0.678509 36.859339 200.000000 36.859339 0.014477 5.790728 -0.734592 -29.574156 200.000000 -29.574156 0.098358 39.343093 -0.678509 41.178165 200.000000 41.178165 0.091569 36.627784 -0.734592 -33.105235 200.000000 -33.105235
 75.600000 -0.672611 -0.739997 -0.726974 -0.686665 -2.403861 -2.327688 -0.739997 -0.672611 -0.686665 -0.726974 0.378066 151.226495 -0.678509 36.859339 200.000000 36.859339 0.384164 153.665735 -0.734592 -29.574156 200.000000 -29.574156 0.006651 2.660596 -0.678509 41.178165 200.000000 41.178165 0.005803 2.321233 -0.734592 -33.105235 200.000000 -33.105235
 75.800000 -0.719699 -0.694286 -0.684733 -0.728794 -2.338223 -2.387356 -0.694286 -0.719699 -0.728794 -0.684733 0.024890 9.955844 -0.678509 36.859339 200.000000 36.859339 0.022178 8.871293 -0.734592 -29.574156 200.000000 -29.574156 0.252858 101.143126 -0.678509 41.178165 200.000000 41.178165 0.248593 99.437180 -0.734592 -33.105235 200.000000 -33.105235
 76.000000 -0.785647 -0.618675 -0.739825 -0.672799 -2.237851 -2.308782 -0.618675 -0.785647 -0.672799 -0.739825 0.358018 143.207038 -0.678509 36.859339 200.000000 36.859339 0.260666 104.266319 -0.734592 -29.574156 200.000000 -29.574156 0.003261 1.304376 -0.678509 41.178165 200.000000 41.178165 0.002739 1.095648 -0.734592 -33.105235 200.000000 -33.105235
 76.200000 -0.754389 -0.656427 -0.720110 -0.693860 -2.286869 -2.337633 -0.656427 -0.754389 -0.693860 -0.720110 0.048762 19.504788 -0.678509 36.859339 200.000000 36.859339 0.039194 15.677769 -0.734592 -29.574156 200.000000 -29.574156 0.023565 9.426139 -0.678509 41.178165 200.000000 41.178165 0.020973 8.389354 -0.734592 -33.105235 200.000000 -33.105235
 76.400000 -0.671674 -0.740847 -0.692965 -0.720972 -2.405127 -2.376000 -0.740847 -0.671674 -0.720972 -0.692965 0.388599 155.439573 -0.678509 36.859339 200.000000 36.859339 0.395868 158.347062 -0.734592 -29.574156 200.000000 -29.574156 0.180304 72.121520 -0.678509 41.178165 200.000000 41.178165 0.173282 69.312634 -0.734592 -33.105235 200.000000 -33.105235
 76.600000 -0.646469 -0.762941 -0.722318 -0.691561 -2.438646 -2.334444 -0.762941 -0.646469 -0.691561 -0.722318 0.712864 285.145542 -0.678509 36.859339 200.000000 36.859339 0.776570 310.627984 -0.734592 -29.574156 200.000000 -29.574156 0.017034 6.813757 -0.678509 41.178165 200.000000 41.178165 0.015064 6.025694 -0.734592 -33.105235 200.000000 -33.105235
 76.800000 -0.711317 -0.702871 -0.756549 -0.653937 -2.350222 -2.283574 -0.702871 -0.711317 -0.653937 -0.756549 0.059348 23.739315 -0.678509 36.859339 200.000000 36.859339 0.054169 21.667695 -0.734592 -29.574156 200.000000 -29.574156 0.060378 24.151364 -0.678509 41.178165 200.000000 41.178165 0.048211 19.284321 -0.734592 -33.105235 200.000000 -33.105235
 77.000000 -0.685315 -0.728247 -0.649725 -0.760169 -2.386556 -2.434370 -0.728247 -0.685315 -0.760169 -0.649725 0.247379 98.951409 -0.678509 36.859339 200.000000 36.859339 0.242817 97.126957 -0.734592 -29.574156 200.000000 -29.574156 0.666829 266.731743 -0.678509 41.178165 200.000000 41.178165 0.720230 288.091887 -0.734592 -33.105235 200.000000 -33.105235
 77.200000 -0.732030 -0.681272 -0.684775 -0.728755 -2.320295 -2.387298 -0.681272 -0.732030 -0.728755 -0.684775 0.000763 0.305287 -0.678509 36.859339 200.000000 36.859339 0.000656 0.262428 -0.734592 -29.574156 200.000000 -29.574156 0.252461 100.984304 -0.678509 41.178165 200.000000 41.178165 0.248174 99.269584 -0.734592 -33.105235 200.000000 -33.105235
 77.400000 -0.681490 -0.731828 -0.716411 -0.697679 -2.391797 -2.342949 -0.731828 -0.681490 -0.697679 -0.716411 0.284286 113.714374 -0.678509 36.859339 200.000000 36.859339 0.281984 112.793746 -0.734592 -29.574156 200.000000 -29.574156 0.036746 14.698577 -0.678509 41.178165 200.000000 41.178165 0.033055 13.221924 -0.734592 -33.105235 200.000000 -33.105235
 77.600000 -0.707475 -0.706738 -0.643976 -0.765046 -2.355673 -2.441908 -0.706738 -0.707475 -0.765046 -0.643976 0.079686 31.874326 -0.678509 36.859339 200.000000 36.859339 0.073530 29.412022 -0.734592 -29.574156 200.000000 -29.574156 0.748851 299.540213 -0.678509 41.178165 200.000000 41.178165 0.821118 328.447143 -0.734592 -33.105235 200.000000 -33.105235
 77.800000 -0.735217 -0.677832 -0.720558 -0.693395 -2.315606 -2.336986 -0.677832 -0.735217 -0.693395 -0.720558 0.000046 0.018348 -0.678509 36.859339 200.000000 36.859339 0.000039 0.015624 -0.734592 -29.574156 200.000000 -29.574156 0.022157 8.862814 -0.678509 41.178165 200.000000 41.178165 0.019694 7.877778 -0.734592 -33.105235 200.000000 -33.105235
 78.000000 -0.763882 -0.645356 -0.741352 -0.671116 -2.272286 -2.306509 -0.645356 -0.763882 -0.671116 -0.741352 0.109913 43.965167 -0.678509 36.859339 200.000000 36.859339 0.085790 34.316146 -0.734592 -29.574156 200.000000 -29.574156 0.005466 2.186531 -0.678509 41.178165 200.000000 41.178165 0.004571 1.828278 -0.734592 -33.105235 200.000000 -33.105235
 78.200000 -0.749572 -0.661923 -0.719784 -0.694199 -2.294177 -2.338102 -0.661923 -0.749572 -0.694199 -0.719784 0.027512 11.004678 -0.678509 36.859339 200.000000 36.859339 0.022441 8.976425 -0.734592 -29.574156 200.000000 -29.574156 0.024615 9.845951 -0.678509 41.178165 200.000000 41.178165 0.021928 8.771240 -0.734592 -33.105235 200.000000 -33.105235
 78.400000 -0.757004 -0.653410 -0.730377 -0.683045 -2.282876 -2.322720 -0.653410 -0.757004 -0.683045 -0.730377 0.063000 25.199824 -0.678509 36.859339 200.000000 36.859339 0.050233 20.093273 -0.734592 -29.574156 200.000000 -29.574156 0.002057 0.822771 -0.678509 41.178165 200.000000 41.178165 0.001777 0.710710 -0.734592 -33.105235 200.000000 -33.105235
 78.600000 -0.739225 -0.673459 -0.767838 -0.640644 -2.309674 -2.266133 -0.673459 -0.739225 -0.640644 -0.767838 0.002551 1.020447 -0.678509 36.859339 200.000000 36.859339 0.002147 0.858690 -0.734592 -29.574156 200.000000 -29.574156 0.143378 57.351238 -0.678509 41.178165 200.000000 41.178165 0.110531 44.212511 -0.734592 -33.105235 200.000000 -33.105235
 78.800000 -0.762970 -0.646434 -0.712241 -0.701935 -2.273698 -2.348907 -0.646434 -0.762970 -0.701935 -0.712241 0.102881 41.152365 -0.678509 36.859339 200.000000 36.859339 0.080531 32.212206 -0.734592 -29.574156 200.000000 -29.574156 0.054874 21.949749 -0.678509 41.178165 200.000000 41.178165 0.049954 19.981605 -0.734592 -33.105235 200.000000 -33.105235
 79.000000 -0.761079 -0.648659 -0.724358 -0.689424 -2.276618 -2.331490 -0.648659 -0.761079 -0.689424 -0.724358 0.089102 35.640856 -0.678509 36.859339 200.000000 36.859339 0.070157 28.062646 -0.734592 -29.574156 200.000000 -29.574156 0.011913 4.765154 -0.678509 41.178165 200.000000 41.178165 0.010473 4.189153 -0.734592 -33.105235 200.000000 -33.105235
 79.200000 -0.743055 -0.669230 -0.736963 -0.675933 -2.303969 -2.313026 -0.669230 -0.743055 -0.675933 -0.736963 0.008610 3.444153 -0.678509 36.859339 200.000000 36.859339 0.007163 2.865188 -0.734592 -29.574156 200.000000 -29.574156 0.000664 0.265530 -0.678509 41.178165 200.000000 41.178165 0.000562 0.224948 -0.734592 -33.105235 200.000000 -33.105235
 79.400000 -0.677668 -0.735368 -0.587551 -0.809187 -2.397006 -2.513563 -0.735368 -0.677668 -0.809187 -0.587551 0.323293 129.317223 -0.678509 36.859339 200.000000 36.859339 0.324034 129.613758 -0.734592 -29.574156 200.000000 -29.574156 1.707664 683.065521 -0.678509 41.178165 200.000000 41.178165 2.162092 864.836949 -0.734592 -33.105235 200.000000 -33.105235
 79.600000 -0.691244 -0.722621 -0.718255 -0.695780 -2.378383 -2.340301 -0.722621 -0.691244 -0.695780 -0.718255 0.194584 77.833605 -0.678509 36.859339 200.000000 36.859339 0.187899 75.159716 -0.734592 -29.574156 200.000000 -29.574156 0.029826 11.930488 -0.678509 41.178165 200.000000 41.178165 0.026688 10.675167 -0.734592 -33.105235 200.000000 -33.105235
 79.800000 -0.705959 -0.708253 -0.771931 -0.635706 -2.357817 -2.259719 -0.708253 -0.705959 -0.635706 -0.771931 0.088468 35.387280 -0.678509 36.859339 200.000000 36.859339 0.081985 32.794001 -0.734592 -29.574156 200.000000 -29.574156 0.183212 73.284904 -0.678509 41.178165 200.000000 41.178165 0.139424 55.769435 -0.734592 -33.105235 200.000000 -33.105235
 80.000000 -0.753623 -0.657307 -0.718184 -0.695853 -2.288035 -2.340404 -0.657307 -0.753623 -0.695853 -0.718184 0.044956 17.982534 -0.678509 36.859339 200.000000 36.859339 0.036220 14.488143 -0.734592 -29.574156 200.000000 -29.574156 0.030081 12.032261 -0.678509 41.178165 200.000000 41.178165 0.026921 10.768438 -0.734592 -33.105235 200.000000 -33.105235
 80.200000 -0.720822 -0.693120 -0.728676 -0.684859 -2.336605 -2.325206 -0.693120 -0.720822 -0.684859 -0.728676 0.021347 8.538600 -0.678509 36.859339 200.000000 36.859339 0.018960 7.583803 -0.734592 -29.574156 200.000000 -29.574156 0.004032 1.612614 -0.678509 41.178165 200.000000 41.178165 0.003500 1.399940 -0.734592 -33.105235 200.000000 -33.105235
 80.400000 -0.634005 -0.773329 -0.764131 -0.645061 -2.454872 -2.271899 -0.773329 -0.634005 -0.645061 -0.764131 0.899079 359.631694 -0.678509 36.859339 200.000000 36.859339 1.011775 404.709927 -0.734592 -29.574156 200.000000 -29.574156 0.111883 44.753169 -0.678509 41.178165 200.000000 41.178165 0.087260 34.903961 -0.734592 -33.105235 200.000000 -33.105235
 80.600000 -0.692004 -0.721893 -0.698314 -0.715791 -2.377331 -2.368553 -0.721893 -0.692004 -0.715791 -0.698314 0.188218 75.287120 -0.678509 36.859339 200.000000 36.859339 0.181370 72.547884 -0.734592 -29.574156 200.000000 -29.574156 0.138993 55.597041 -0.678509 41.178165 200.000000 41.178165 0.131604 52.641587 -0.734592 -33.105235 200.000000 -33.105235
 80.800000 -0.739637 -0.673006 -0.715560 -0.698551 -2.309061 -2.344168 -0.673006 -0.739637 -0.698551 -0.715560 0.003029 1.211703 -0.678509 36.859339 200.000000 36.859339 0.002546 1.018375 -0.734592 -29.574156 200.000000 -29.574156 0.040169 16.067401 -0.678509 41.178165 200.000000 41.178165 0.036221 14.488558 -0.734592 -33.105235 200.000000 -33.105235
 81.000000 -0.817791 -0.575515 -0.748902 -0.662681 -2.184030 -2.295189 -0.575515 -0.817791 -0.662681 -0.748902 1.060788 424.315152 -0.678509 36.859339 200.000000 36.859339 0.692218 276.887051 -0.734592 -29.574156 200.000000 -29.574156 0.025054 10.021665 -0.678509 41.178165 200.000000 41.178165 0.020478 8.191234 -0.734592 -33.105235 200.000000 -33.105235
 81.200000 -0.737873 -0.674940 -0.681190 -0.732107 -2.311680 -2.392206 -0.674940 -0.737873 -0.732107 -0.681190 0.001274 0.509659 -0.678509 36.859339 200.000000 36.859339 0.001076 0.430600 -0.734592 -29.574156 200.000000 -29.574156 0.287265 114.906165 -0.678509 41.178165 200.000000 41.178165 0.285173 114.069162 -0.734592 -33.105235 200.000000 -33.105235
 81.400000 -0.737721 -0.675106 -0.641913 -0.766778 -2.311904 -2.444603 -0.675106 -0.737721 -0.766778 -0.641913 0.001158 0.463389 -0.678509 36.859339 200.000000 36.859339 0.000979 0.391684 -0.734592 -29.574156 200.000000 -29.574156 0.779130 311.652089 -0.678509 41.178165 200.000000 41.178165 0.858941 343.576266 -0.734592 -33.105235 200.000000 -33.105235
 81.600000 -0.770738 -0.637152 -0.695640 -0.718390 -2.261594 -2.372282 -0.637152 -0.770738 -0.718390 -0.695640 0.171042 68.416964 -0.678509 36.859339 200.000000 36.859339 0.130656 52.262341 -0.734592 -29.574156 200.000000 -29.574156 0.159048 63.619367 -0.678509 41.178165 200.000000 41.178165 0.151721 60.688558 -0.734592 -33.105235 200.000000 -33.105235
 81.800000 -0.728930 -0.684588 -0.701362 -0.712805 -2.324835 -2.364286 -0.684588 -0.728930 -0.712805 -0.701362 0.003695 1.478002 -0.678509 36.859339 200.000000 36.859339 0.003205 1.282125 -0.734592 -29.574156 200.000000 -29.574156 0.117620 47.047942 -0.678509 41.178165 200.000000 41.178165 0.110421 44.168267 -0.734592 -33.105235 200.000000 -33.105235
 82.000000 -0.703789 -0.710409 -0.723249 -0.690587 -2.360876 -2.333097 -0.710409 -0.703789 -0.690587 -0.723249 0.101760 40.703974 -0.678509 36.859339 200.000000 36.859339 0.094882 37.952715 -0.734592 -29.574156 200.000000 -29.574156 0.014588 5.835171 -0.678509 41.178165 200.000000 41.178165 0.012866 5.146380 -0.734592 -33.105235 200.000000 -33.105235
 82.200000 -0.790129 -0.612940 -0.736226 -0.676735 -2.230573 -2.314116 -0.612940 -0.790129 -0.676735 -0.736226 0.429929 171.971729 -0.678509 36.859339 200.000000 36.859339 0.308441 123.376220 -0.734592 -29.574156 200.000000 -29.574156 0.000315 0.125886 -0.678509 41.178165 200.000000 41.178165 0.000267 0.106880 -0.734592 -33.105235 200.000000 -33.105235
 82.400000 -0.699608 -0.714527 -0.684050 -0.729435 -2.366743 -2.388292 -0.714527 -0.699608 -0.729435 -0.684050 0.129723 51.889374 -0.678509 36.859339 200.000000 36.859339 0.122384 48.953487 -0.734592 -29.574156 200.000000 -29.574156 0.259343 103.737283 -0.678509 41.178165 200.000000 41.178165 0.255447 102.178745 -0.734592 -33.105235 200.000000 -33.105235
 82.600000 -0.680464 -0.732782 -0.736920 -0.675980 -2.393198 -2.313090 -0.732782 -0.680464 -0.675980 -0.736920 0.294551 117.820229 -0.678509 36.859339 200.000000 36.859339 0.292986 117.194279 -0.734592 -29.574156 200.000000 -29.574156 0.000640 0.255917 -0.678509 41.178165 200.000000 41.178165 0.000542 0.216832 -0.734592 -33.105235 200.000000 -33.105235
 82.800000 -0.659934 -0.751323 -0.805230 -0.592963 -2.420862 -2.205530 -0.751323 -0.659934 -0.592963 -0.805230 0.530189 212.075529 -0.678509 36.859339 200.000000 36.859339 0.557376 222.950271 -0.734592 -29.574156 200.000000 -29.574156 0.731823 292.729189 -0.678509 41.178165 200.000000 41.178165 0.498975 199.590073 -0.734592 -33.105235 200.000000 -33.105235
 83.000000 -0.766388 -0.642378 -0.691083 -0.722775 -2.268393 -2.378606 -0.642378 -0.766388 -0.722775 -0.691083 0.130551 52.220254 -0.678509 36.859339 200.000000 36.859339 0.101102 40.440874 -0.734592 -29.574156 200.000000 -29.574156 0.195946 78.378476 -0.678509 41.178165 200.000000 41.178165 0.189299 75.719638 -0.734592 -33.105235 200.000000 -33.105235
 83.200000 -0.685996 -0.727605 -0.665955 -0.745992 -2.385620 -2.412819 -0.727605 -0.685996 -0.745992 -0.665955 0.241037 96.414959 -0.678509 36.859339 200.000000 36.859339 0.236151 94.460316 -0.734592 -29.574156 200.000000 -29.574156 0.455385 182.153931 -0.678509 41.178165 200.000000 41.178165 0.471095 188.438086 -0.734592 -33.105235 200.000000 -33.105235
 83.400000 -0.720277 -0.693687 -0.766865 -0.641809 -2.337391 -2.267651 -0.693687 -0.720277 -0.641809 -0.766865 0.023035 9.213927 -0.678509 36.859339 200.000000 36.859339 0.020491 8.196521 -0.734592 -29.574156 200.000000 -29.574156 0.134696 53.878214 -0.678509 41.178165 200.000000 41.178165 0.104156 41.662435 -0.734592 -33.105235 200.000000 -33.105235
 83.600000 -0.662868 -0.748736 -0.731626 -0.681706 -2.416950 -2.320888 -0.748736 -0.662868 -0.681706 -0.731626 0.493184 197.273564 -0.678509 36.859339 200.000000 36.859339 0.514432 205.772827 -0.734592 -29.574156 200.000000 -29.574156 0.001022 0.408714 -0.678509 41.178165 200.000000 41.178165 0.000879 0.351753 -0.734592 -33.105235 200.000000 -33.105235
 83.800000 -0.770148 -0.637866 -0.716281 -0.697812 -2.262520 -2.343134 -0.637866 -0.770148 -0.697812 -0.716281 0.165191 66.076563 -0.678509 36.859339 200.000000 36.859339 0.126422 50.568979 -0.734592 -29.574156 200.000000 -29.574156 0.037257 14.902898 -0.678509 41.178165 200.000000 41.178165 0.033527 13.410696 -0.734592 -33.105235 200.000000 -33.105235
 84.000000 -0.752471 -0.658625 -0.742097 -0.670292 -2.289787 -2.305399 -0.658625 -0.752471 -0.670292 -0.742097 0.039538 15.815200 -0.678509 36.859339 200.000000 36.859339 0.031967 12.786932 -0.734592 -29.574156 200.000000 -29.574156 0.006752 2.700777 -0.678509 41.178165 200.000000 41.178165 0.005633 2.253238 -0.734592 -33.105235 200.000000 -33.105235
 84.200000 -0.669661 -0.742667 -0.693874 -0.720097 -2.407840 -2.374738 -0.742667 -0.669661 -0.720097 -0.693874 0.411614 164.645466 -0.678509 36.859339 200.000000 36.859339 0.421594 168.637701 -0.734592 -29.574156 200.000000 -29.574156 0.172951 69.180482 -0.678509 41.178165 200.000000 41.178165 0.165796 66.318562 -0.734592 -33.105235 200.000000 -33.105235
 84.400000 -0.697130 -0.716945 -0.721856 -0.692043 -2.370207 -2.335112 -0.716945 -0.697130 -0.692043 -0.721856 0.147730 59.092047 -0.678509 36.859339 200.000000 36.859339 0.140341 56.136249 -0.734592 -29.574156 200.000000 -29.574156 0.018317 7.326652 -0.678509 41.178165 200.000000 41.178165 0.016220 6.487946 -0.734592 -33.105235 200.000000 -33.105235
 84.600000 -0.743452 -0.668789 -0.748148 -0.663532 -2.303375 -2.296326 -0.668789 -0.743452 -0.663532 -0.748148 0.009448 3.779261 -0.678509 36.859339 200.000000 36.859339 0.007851 3.140220 -0.734592 -29.574156 200.000000 -29.574156 0.022434 8.973430 -0.678509 41.178165 200.000000 41.178165 0.018378 7.351230 -0.734592 -33.105235 200.000000 -33.105235
 84.800000 -0.713051 -0.701112 -0.677152 -0.735843 -2.347753 -2.397707 -0.701112 -0.713051 -0.735843 -0.677152 0.051089 20.435706 -0.678509 36.859339 200.000000 36.859339 0.046401 18.560388 -0.734592 -29.574156 200.000000 -29.574156 0.328714 131.485477 -0.678509 41.178165 200.000000 41.178165 0.329930 131.971814 -0.734592 -33.105235 200.000000 -33.105235
 85.000000 -0.756395 -0.654115 -0.650758 -0.759285 -2.283808 -2.433010 -0.654115 -0.756395 -0.759285 -0.650758 0.059510 23.804031 -0.678509 36.859339 200.000000 36.859339 0.047540 19.015953 -0.734592 -29.574156 200.000000 -29.574156 0.652474 260.989549 -0.678509 41.178165 200.000000 41.178165 0.702810 281.124093 -0.734592 -33.105235 200.000000 -33.105235
 85.200000 -0.721649 -0.692259 -0.758119 -0.652116 -2.335411 -2.281168 -0.692259 -0.721649 -0.652116 -0.758119 0.018905 7.561939 -0.678509 36.859339 200.000000 36.859339 0.016751 6.700309 -0.734592 -29.574156 200.000000 -29.574156 0.069663 27.865031 -0.678509 41.178165 200.000000 41.178165 0.055355 22.142133 -0.734592 -33.105235 200.000000 -33.105235
 85.400000 -0.735595 -0.677422 -0.664972 -0.746868 -2.315049 -2.414136 -0.677422 -0.735595 -0.746868 -0.664972 0.000118 0.047304 -0.678509 36.859339 200.000000 36.859339 0.000101 0.040237 -0.734592 -29.574156 200.000000 -29.574156 0.467290 186.915897 -0.678509 41.178165 200.000000 41.178165 0.484686 193.874391 -0.734592 -33.105235 200.000000 -33.105235
 85.600000 -0.712080 -0.702098 -0.686566 -0.727068 -2.349136 -2.384838 -0.702098 -0.712080 -0.727068 -0.686566 0.055644 22.257550 -0.678509 36.859339 200.000000 36.859339 0.050678 20.271133 -0.734592 -29.574156 200.000000 -29.574156 0.235792 94.316680 -0.678509 41.178165 200.000000 41.178165 0.230650 92.260026 -0.734592 -33.105235 200.000000 -33.105235
 85.800000 -0.640305 -0.768121 -0.707382 -0.706832 -2.446698 -2.355805 -0.768121 -0.640305 -0.706832 -0.707382 0.803025 321.210027 -0.678509 36.859339 200.000000 36.859339 0.889005 355.602181 -0.734592 -29.574156 200.000000 -29.574156 0.080215 32.085913 -0.678509 41.178165 200.000000 41.178165 0.074038 29.615101 -0.734592 -33.105235 200.000000 -33.105235
 86.000000 -0.692479 -0.721438 -0.710940 -0.703253 -2.376673 -2.350759 -0.721438 -0.692479 -0.703253 -0.710940 0.184284 73.713565 -0.678509 36.859339 200.000000 36.859339 0.177345 70.938090 -0.734592 -29.574156 200.000000 -29.574156 0.061224 24.489641 -0.678509 41.178165 200.000000 41.178165 0.055941 22.376596 -0.734592 -33.105235 200.000000 -33.105235
 86.200000 -0.768746 -0.639555 -0.764460 -0.644672 -2.264715 -2.271390 -0.639555 -0.768746 -0.644672 -0.764460 0.151748 60.699361 -0.678509 36.859339 200.000000 36.859339 0.116650 46.659933 -0.734592 -29.574156 200.000000 -29.574156 0.114500 45.800091 -0.678509 41.178165 200.000000 41.178165 0.089210 35.683855 -0.734592 -33.105235 200.000000 -33.105235
 86.400000 -0.790318 -0.612697 -0.783824 -0.620983 -2.230265 -2.240793 -0.612697 -0.790318 -0.620983 -0.783824 0.433127 173.250870 -0.678509 36.859339 200.000000 36.859339 0.310541 124.216298 -0.734592 -29.574156 200.000000 -29.574156 0.330925 132.369928 -0.678509 41.178165 200.000000 41.178165 0.242379 96.951788 -0.734592 -33.105235 200.000000 -33.105235
 86.600000 -0.775533 -0.631307 -0.713514 -0.700641 -2.254034 -2.347092 -0.631307 -0.775533 -0.700641 -0.713514 0.222803 89.121101 -0.678509 36.859339 200.000000 36.859339 0.167616 67.046520 -0.734592 -29.574156 200.000000 -29.574156 0.048982 19.592788 -0.678509 41.178165 200.000000 41.178165 0.044428 17.771305 -0.734592 -33.105235 200.000000 -33.105235
 86.800000 -0.757097 -0.653302 -0.710264 -0.703935 -2.282734 -2.351719 -0.653302 -0.757097 -0.703935 -0.710264 0.063542 25.416726 -0.678509 36.859339 200.000000 36.859339 0.050651 20.260414 -0.734592 -29.574156 200.000000 -29.574156 0.064648 25.859219 -0.678509 41.178165 200.000000 41.178165 0.059184 23.673476 -0.734592 -33.105235 200.000000 -33.105235
 87.000000 -0.725517 -0.688205 -0.762403 -0.647102 -2.329808 -2.274574 -0.688205 -0.725517 -0.647102 -0.762403 0.009400 3.759981 -0.678509 36.859339 200.000000 36.859339 0.008236 3.294359 -0.734592 -29.574156 200.000000 -29.574156 0.098641 39.456221 -0.678509 41.178165 200.000000 41.178165 0.077348 30.939090 -0.734592 -33.105235 200.000000 -33.105235
 87.200000 -0.724717 -0.689046 -0.760688 -0.649118 -2.330969 -2.277221 -0.689046 -0.724717 -0.649118 -0.760688 0.011103 4.441024 -0.678509 36.859339 200.000000 36.859339 0.009750 3.900126 -0.734592 -29.574156 200.000000 -29.574156 0.086386 34.554239 -0.678509 41.178165 200.000000 41.178165 0.068100 27.240120 -0.734592 -33.105235 200.000000 -33.105235
 87.400000 -0.647704 -0.761892 -0.679394 -0.733774 -2.437025 -2.394657 -0.761892 -0.647704 -0.733774 -0.679394 0.695262 278.104793 -0.678509 36.859339 200.000000 36.859339 0.754941 301.976596 -0.734592 -29.574156 200.000000 -29.574156 0.305418 122.167007 -0.678509 41.178165 200.000000 41.178165 0.304683 121.873094 -0.734592 -33.105235 200.000000 -33.105235
 87.600000 -0.710433 -0.703765 -0.761170 -0.648553 -2.351479 -2.276478 -0.703765 -0.710433 -0.648553 -0.761170 0.063783 25.513152 -0.678509 36.859339 200.000000 36.859339 0.058364 23.345427 -0.734592 -29.574156 200.000000 -29.574156 0.089741 35.896553 -0.678509 41.178165 200.000000 41.178165 0.070640 28.255981 -0.734592 -33.105235 200.000000 -33.105235
 87.800000 -0.671940 -0.740605 -0.744203 -0.667953 -2.404767 -2.302251 -0.740605 -0.671940 -0.667953 -0.744203 0.385589 154.235417 -0.678509 36.859339 200.000000 36.859339 0.392518 157.007255 -0.734592 -29.574156 200.000000 -29.574156 0.011144 4.457428 -0.678509 41.178165 200.000000 41.178165 0.009238 3.695361 -0.734592 -33.105235 200.000000 -33.105235
 88.000000 -0.724537 -0.689236 -0.667012 -0.745047 -2.331230 -2.411401 -0.689236 -0.724537 -0.745047 -0.667012 0.011506 4.602328 -0.678509 36.859339 200.000000 36.859339 0.010110 4.043904 -0.734592 -29.574156 200.000000 -29.574156 0.442723 177.089358 -0.678509 41.178165 200.000000 41.178165 0.456700 182.680085 -0.734592 -33.105235 200.000000 -33.105235
 88.200000 -0.727983 -0.685596 -0.697346 -0.716735 -2.326218 -2.369905 -0.685596 -0.727983 -0.716735 -0.697346 0.005021 2.008561 -0.678509 36.859339 200.000000 36.859339 0.004368 1.747209 -0.734592 -29.574156 200.000000 -29.574156 0.146116 58.446560 -0.678509 41.178165 200.000000 41.178165 0.138724 55.489523 -0.734592 -33.105235 200.000000 -33.105235
 88.400000 -0.738342 -0.674426 -0.723369 -0.690461 -2.310983 -2.332923 -0.674426 -0.738342 -0.690461 -0.723369 0.001667 0.666971 -0.678509 36.859339 200.000000 36.859339 0.001407 0.562722 -0.734592 -29.574156 200.000000 -29.574156 0.014285 5.713900 -0.678509 41.178165 200.000000 41.178165 0.012594 5.037663 -0.734592 -33.105235 200.000000 -33.105235
 88.600000 -0.691518 -0.722359 -0.638893 -0.769296 -2.378004 -2.448534 -0.722359 -0.691518 -0.769296 -0.638893 0.192278 76.911205 -0.678509 36.859339 200.000000 36.859339 0.185532 74.212693 -0.734592 -29.574156 200.000000 -29.574156 0.824216 329.686465 -0.678509 41.178165 200.000000 41.178165 0.915828 366.331131 -0.734592 -33.105235 200.000000 -33.105235
 88.800000 -0.758668 -0.651477 -0.695535 -0.718492 -2.280326 -2.372428 -0.651477 -0.758668 -0.718492 -0.695535 0.073073 29.229396 -0.678509 36.859339 200.000000 36.859339 0.057967 23.186953 -0.734592 -29.574156 200.000000 -29.574156 0.159862 63.944998 -0.678509 41.178165 200.000000 41.178165 0.152543 61.017073 -0.734592 -33.105235 200.000000 -33.105235
 89.000000 -0.729455 -0.684029 -0.676178 -0.736738 -2.324067 -2.399030 -0.684029 -0.729455 -0.736738 -0.676178 0.003046 1.218452 -0.678509 36.859339 200.000000 36.859339 0.002638 1.055348 -0.734592 -29.574156 200.000000 -29.574156 0.339055 135.622170 -0.678509 41.178165 200.000000 41.178165 0.341211 136.484339 -0.734592 -33.105235 200.000000 -33.105235
 89.200000 -0.727399 -0.686215 -0.688835 -0.724918 -2.327068 -2.381712 -0.686215 -0.727399 -0.724918 -0.688835 0.005937 2.374781 -0.678509 36.859339 200.000000 36.859339 0.005173 2.069302 -0.734592 -29.574156 200.000000 -29.574156 0.215378 86.151322 -0.678509 41.178165 200.000000 41.178165 0.209369 83.747506 -0.734592 -33.105235 200.000000 -33.105235
 89.400000 -0.723251 -0.690586 -0.687480 -0.726203 -2.333095 -2.383580 -0.690586 -0.723251 -0.726203 -0.687480 0.014584 5.833516 -0.678509 36.859339 200.000000 36.859339 0.012862 5.144896 -0.734592 -29.574156 200.000000 -29.574156 0.227472 90.988866 -0.678509 41.178165 200.000000 41.178165 0.221953 88.781090 -0.734592 -33.105235 200.000000 -33.105235
 89.600000 -0.727309 -0.686310 -0.673260 -0.739406 -2.327199 -2.402984 -0.686310 -0.727309 -0.739406 -0.673260 0.006085 2.433808 -0.678509 36.859339 200.000000 36.859339 0.005303 2.121293 -0.734592 -29.574156 200.000000 -29.574156 0.370843 148.337054 -0.678509 41.178165 200.000000 41.178165 0.376164 150.465498 -0.734592 -33.105235 200.000000 -33.105235
 89.800000 -0.728467 -0.685081 -0.709598 -0.704607 -2.325512 -2.352666 -0.685081 -0.728467 -0.704607 -0.709598 0.004319 1.727643 -0.678509 36.859339 200.000000 36.859339 0.003752 1.500717 -0.734592 -29.574156 200.000000 -29.574156 0.068109 27.243710 -0.678509 41.178165 200.000000 41.178165 0.062471 24.988235 -0.734592 -33.105235 200.000000 -33.105235
 90.000000 -0.740372 -0.672198 -0.746624 -0.665246 -2.307969 -2.298620 -0.672198 -0.740372 -0.665246 -0.746624 0.003984 1.593554 -0.678509 36.859339 200.000000 36.859339 0.003341 1.336370 -0.734592 -29.574156 200.000000 -29.574156 0.017591 7.036310 -0.678509 41.178165 200.000000 41.178165 0.014477 5.790941 -0.734592 -33.105235 200.000000 -33.105235
 90.200000 -0.775150 -0.631777 -0.712137 -0.702041 -2.254640 -2.349056 -0.631777 -0.775150 -0.702041 -0.712137 0.218393 87.357320 -0.678509 36.859339 200.000000 36.859339 0.164500 65.800043 -0.734592 -29.574156 200.000000 -29.574156 0.055373 22.149147 -0.678509 41.178165 200.000000 41.178165 0.050423 20.169143 -0.734592 -33.105235 200.000000 -33.105235
 90.400000 -0.678589 -0.734519 -0.687716 -0.725980 -2.395753 -2.383255 -0.734519 -0.678589 -0.725980 -0.687716 0.313703 125.481174 -0.678509 36.859339 200.000000 36.859339 0.313635 125.454138 -0.734592 -29.574156 200.000000 -29.574156 0.225347 90.138907 -0.678509 41.178165 200.000000 41.178165 0.219737 87.894647 -0.734592 -33.105235 200.000000 -33.105235
 90.600000 -0.678886 -0.734244 -0.813792 -0.581156 -2.395349 -2.190944 -0.734244 -0.678886 -0.581156 -0.813792 0.310633 124.253246 -0.678509 36.859339 200.000000 36.859339 0.310315 124.125953 -0.734592 -29.574156 200.000000 -29.574156 0.947776 379.110428 -0.678509 41.178165 200.000000 41.178165 0.627276 250.910272 -0.734592 -33.105235 200.000000 -33.105235
 90.800000 -0.700618 -0.713536 -0.821826 -0.569739 -2.365329 -2.176984 -0.713536 -0.700618 -0.569739 -0.821826 0.122688 49.075187 -0.678509 36.859339 200.000000 36.859339 0.115419 46.167676 -0.734592 -29.574156 200.000000 -29.574156 1.183106 473.242430 -0.678509 41.178165 200.000000 41.178165 0.760980 304.392027 -0.734592 -33.105235 200.000000 -33.105235
 91.000000 -0.682323 -0.731051 -0.680919 -0.732359 -2.390658 -2.392576 -0.731051 -0.682323 -0.732359 -0.680919 0.276063 110.425344 -0.678509 36.859339 200.000000 36.859339 0.273205 109.282097 -0.734592 -29.574156 200.000000 -29.574156 0.289977 115.990933 -0.678509 41.178165 200.000000 41.178165 0.288079 115.231407 -0.734592 -33.105235 200.000000 -33.105235
 91.200000 -0.742402 -0.669955 -0.683670 -0.729791 -2.304944 -2.388813 -0.669955 -0.742402 -0.729791 -0.683670 0.007318 2.927242 -0.678509 36.859339 200.000000 36.859339 0.006100 2.439946 -0.734592 -29.574156 200.000000 -29.574156 0.262981 105.192527 -0.678509 41.178165 200.000000 41.178165 0.259300 103.720046 -0.734592 -33.105235 200.000000 -33.105235
 91.400000 -0.729341 -0.684151 -0.695390 -0.718632 -2.324235 -2.372630 -0.684151 -0.729341 -0.718632 -0.695390 0.003182 1.272961 -0.678509 36.859339 200.000000 36.859339 0.002757 1.102930 -0.734592 -29.574156 200.000000 -29.574156 0.160985 64.393971 -0.678509 41.178165 200.000000 41.178165 0.153676 61.470260 -0.734592 -33.105235 200.000000 -33.105235
 91.600000 -0.757648 -0.652664 -0.673328 -0.739343 -2.281891 -2.402891 -0.652664 -0.757648 -0.739343 -0.673328 0.066799 26.719770 -0.678509 36.859339 200.000000 36.859339 0.053158 21.263017 -0.734592 -29.574156 200.000000 -29.574156 0.370079 148.031418 -0.678509 41.178165 200.000000 41.178165 0.375319 150.127482 -0.734592 -33.105235 200.000000 -33.105235
 91.800000 -0.736217 -0.676745 -0.707249 -0.706964 -2.314129 -2.355993 -0.676745 -0.736217 -0.706964 -0.707249 0.000311 0.124490 -0.678509 36.859339 200.000000 36.859339 0.000264 0.105697 -0.734592 -29.574156 200.000000 -29.574156 0.080968 32.387175 -0.678509 41.178165 200.000000 41.178165 0.074761 29.904388 -0.734592 -33.105235 200.000000 -33.105235
 92.000000 -0.754232 -0.656608 -0.676352 -0.736579 -2.287109 -2.398794 -0.656608 -0.754232 -0.736579 -0.676352 0.047968 19.187318 -0.678509 36.859339 200.000000 36.859339 0.038575 15.430015 -0.734592 -29.574156 200.000000 -29.574156 0.337204 134.881667 -0.678509 41.178165 200.000000 41.178165 0.339188 135.675242 -0.734592 -33.105235 200.000000 -33.105235
 92.200000 -0.755089 -0.655622 -0.645000 -0.764182 -2.285802 -2.440569 -0.655622 -0.755089 -0.764182 -0.645000 0.052383 20.953365 -0.678509 36.859339 200.000000 36.859339 0.042015 16.806003 -0.734592 -29.574156 200.000000 -29.574156 0.733986 293.594408 -0.678509 41.178165 200.000000 41.178165 0.802664 321.065491 -0.734592 -33.105235 200.000000 -33.105235
 92.400000 -0.684607 -0.728912 -0.750056 -0.661374 -2.387528 -2.293446 -0.728912 -0.684607 -0.661374 -0.750056 0.254043 101.617184 -0.678509 36.859339 200.000000 36.859339 0.249844 99.937599 -0.734592 -29.574156 200.000000 -29.574156 0.029362 11.744663 -0.678509 41.178165 200.000000 41.178165 0.023915 9.565943 -0.734592 -33.105235 200.000000 -33.105235
 92.600000 -0.628478 -0.777828 -0.702664 -0.711522 -2.461998 -2.362458 -0.777828 -0.628478 -0.711522 -0.702664 0.986411 394.564525 -0.678509 36.859339 200.000000 36.859339 1.126020 450.407836 -0.734592 -29.574156 200.000000 -29.574156 0.108981 43.592452 -0.678509 41.178165 200.000000 41.178165 0.101937 40.774832 -0.734592 -33.105235 200.000000 -33.105235
 92.800000 -0.721395 -0.692524 -0.679812 -0.733387 -2.335778 -2.394087 -0.692524 -0.721395 -0.733387 -0.679812 0.019640 7.855953 -0.678509 36.859339 200.000000 36.859339 0.017415 6.965941 -0.734592 -29.574156 200.000000 -29.574156 0.301150 120.459922 -0.678509 41.178165 200.000000 41.178165 0.300083 120.033164 -0.734592 -33.105235 200.000000 -33.105235
 93.000000 -0.779892 -0.625915 -0.710266 -0.703933 -2.247100 -2.351717 -0.625915 -0.779892 -0.703933 -0.710266 0.276621 110.648399 -0.678509 36.859339 200.000000 36.859339 0.205208 82.083103 -0.734592 -29.574156 200.000000 -29.574156 0.064638 25.855049 -0.678509 41.178165 200.000000 41.178165 0.059174 23.669522 -0.734592 -33.105235 200.000000 -33.105235
 93.200000 -0.787489 -0.616329 -0.735205 -0.677845 -2.234869 -2.315623 -0.616329 -0.787489 -0.677845 -0.735205 0.386643 154.657118 -0.678509 36.859339 200.000000 36.859339 0.279812 111.924615 -0.734592 -29.574156 200.000000 -29.574156 0.000044 0.017678 -0.678509 41.178165 200.000000 41.178165 0.000038 0.015054 -0.734592 -33.105235 200.000000 -33.105235
 93.400000 -0.725928 -0.687771 -0.685530 -0.728044 -2.329211 -2.386261 -0.687771 -0.725928 -0.728044 -0.685530 0.008578 3.431184 -0.678509 36.859339 200.000000 36.859339 0.007507 3.002681 -0.734592 -29.574156 200.000000 -29.574156 0.245372 98.148872 -0.678509 41.178165 200.000000 41.178165 0.240706 96.282417 -0.734592 -33.105235 200.000000 -33.105235
 93.600000 -0.679100 -0.734046 -0.737106 -0.675777 -2.395057 -2.312815 -0.734046 -0.679100 -0.675777 -0.737106 0.308433 123.373241 -0.678509 36.859339 200.000000 36.859339 0.307938 123.175095 -0.734592 -29.574156 200.000000 -29.574156 0.000747 0.298641 -0.678509 41.178165 200.000000 41.178165 0.000632 0.252891 -0.734592 -33.105235 200.000000 -33.105235
 93.800000 -0.734261 -0.678868 -0.737039 -0.675850 -2.317016 -2.312913 -0.678868 -0.734261 -0.675850 -0.737039 0.000013 0.005131 -0.678509 36.859339 200.000000 36.859339 0.000011 0.004382 -0.734592 -29.574156 200.000000 -29.574156 0.000707 0.282969 -0.678509 41.178165 200.000000 41.178165 0.000599 0.239667 -0.734592 -33.105235 200.000000 -33.105235
 94.000000 -0.727755 -0.685837 -0.782992 -0.622032 -2.326550 -2.242131 -0.685837 -0.727755 -0.622032 -0.782992 0.005370 2.147859 -0.678509 36.859339 200.000000 36.859339 0.004674 1.869625 -0.734592 -29.574156 200.000000 -29.574156 0.318972 127.588875 -0.678509 41.178165 200.000000 41.178165 0.234259 93.703483 -0.734592 -33.105235 200.000000 -33.105235
 94.200000 -0.695650 -0.718381 -0.770969 -0.636873 -2.372269 -2.261231 -0.718381 -0.695650 -0.636873 -0.770969 0.158977 63.590823 -0.678509 36.859339 200.000000 36.859339 0.151649 60.659767 -0.734592 -29.574156 200.000000 -29.574156 0.173363 69.345252 -0.678509 41.178165 200.000000 41.178165 0.132332 52.932676 -0.734592 -33.105235 200.000000 -33.105235
 94.400000 -0.733436 -0.679759 -0.771945 -0.635690 -2.318230 -2.259698 -0.679759 -0.733436 -0.635690 -0.771945 0.000156 0.062448 -0.678509 36.859339 200.000000 36.859339 0.000134 0.053459 -0.734592 -29.574156 200.000000 -29.574156 0.183353 73.341395 -0.678509 41.178165 200.000000 41.178165 0.139525 55.810017 -0.734592 -33.105235 200.000000 -33.105235
 94.600000 -0.791638 -0.610991 -0.756356 -0.654160 -2.228108 -2.283867 -0.610991 -0.791638 -0.654160 -0.756356 0.455879 182.351557 -0.678509 36.859339 200.000000 36.859339 0.325426 130.170467 -0.734592 -29.574156 200.000000 -29.574156 0.059291 23.716289 -0.678509 41.178165 200.000000 41.178165 0.047370 18.948129 -0.734592 -33.105235 200.000000 -33.105235
 94.800000 -0.736604 -0.676325 -0.760560 -0.649267 -2.313558 -2.277417 -0.676325 -0.736604 -0.649267 -0.760560 0.000477 0.190923 -0.678509 36.859339 200.000000 36.859339 0.000405 0.161916 -0.734592 -29.574156 200.000000 -29.574156 0.085511 34.204520 -0.678509 41.178165 200.000000 41.178165 0.067438 26.975075 -0.734592 -33.105235 200.000000 -33.105235
 95.000000 -0.729945 -0.683505 -0.713865 -0.700283 -2.323350 -2.346590 -0.683505 -0.729945 -0.700283 -0.713865 0.002496 0.998378 -0.678509 36.859339 200.000000 36.859339 0.002159 0.863491 -0.734592 -29.574156 200.000000 -29.574156 0.047409 18.963781 -0.678509 41.178165 200.000000 41.178165 0.042959 17.183499 -0.734592 -33.105235 200.000000 -33.105235
 95.200000 -0.755819 -0.654780 -0.683563 -0.729892 -2.284688 -2.388960 -0.654780 -0.755819 -0.729892 -0.683563 0.056307 22.522651 -0.678509 36.859339 200.000000 36.859339 0.045061 18.024225 -0.734592 -29.574156 200.000000 -29.574156 0.264015 105.606046 -0.678509 41.178165 200.000000 41.178165 0.260396 104.158458 -0.734592 -33.105235 200.000000 -33.105235
 95.400000 -0.706680 -0.707534 -0.631266 -0.775567 -2.356798 -2.458408 -0.707534 -0.706680 -0.775567 -0.631266 0.084240 33.696081 -0.678509 36.859339 200.000000 36.859339 0.077908 31.163141 -0.734592 -29.574156 200.000000 -29.574156 0.942008 376.803355 -0.678509 41.178165 200.000000 41.178165 1.067624 427.049407 -0.734592 -33.105235 200.000000 -33.105235
 95.600000 -0.769501 -0.638645 -0.722094 -0.691795 -2.263533 -2.334768 -0.638645 -0.769501 -0.691795 -0.722094 0.158913 63.565358 -0.678509 36.859339 200.000000 36.859339 0.121867 48.746665 -0.734592 -29.574156 200.000000 -29.574156 0.017649 7.059747 -0.678509 41.178165 200.000000 41.178165 0.015618 6.247280 -0.734592 -33.105235 200.000000 -33.105235
 95.800000 -0.779218 -0.626753 -0.711665 -0.702519 -2.248175 -2.349727 -0.626753 -0.779218 -0.702519 -0.711665 0.267873 107.149241 -0.678509 36.859339 200.000000 36.859339 0.199151 79.660337 -0.734592 -29.574156 200.000000 -29.574156 0.057646 23.058278 -0.678509 41.178165 200.000000 41.178165 0.052563 21.025254 -0.734592 -33.105235 200.000000 -33.105235
 96.000000 -0.732673 -0.680580 -0.665111 -0.746745 -2.319351 -2.413950 -0.680580 -0.732673 -0.746745 -0.665111 0.000429 0.171547 -0.678509 36.859339 200.000000 36.859339 0.000368 0.147185 -0.734592 -29.574156 200.000000 -29.574156 0.465604 186.241754 -0.678509 41.178165 200.000000 41.178165 0.482759 193.103473 -0.734592 -33.105235 200.000000 -33.105235
 96.200000 -0.724140 -0.689653 -0.686403 -0.727221 -2.331806 -2.385061 -0.689653 -0.724140 -0.727221 -0.686403 0.012418 4.967166 -0.678509 36.859339 200.000000 36.859339 0.010924 4.369513 -0.734592 -29.574156 200.000000 -29.574156 0.237284 94.913594 -0.678509 41.178165 200.000000 41.178165 0.232214 92.885433 -0.734592 -33.105235 200.000000 -33.105235
 96.400000 -0.694821 -0.719183 -0.713861 -0.700288 -2.373422 -2.346597 -0.719183 -0.694821 -0.700288 -0.713861 0.165433 66.173092 -0.678509 36.859339 200.000000 36.859339 0.158172 63.268762 -0.734592 -29.574156 200.000000 -29.574156 0.047429 18.971764 -0.678509 41.178165 200.000000 41.178165 0.042977 17.190954 -0.734592 -33.105235 200.000000 -33.105235
 96.600000 -0.665883 -0.746056 -0.714880 -0.699247 -2.412916 -2.345140 -0.746056 -0.665883 -0.699247 -0.714880 0.456256 182.502598 -0.678509 36.859339 200.000000 36.859339 0.472088 188.835394 -0.734592 -29.574156 200.000000 -29.574156 0.043006 17.202524 -0.678509 41.178165 200.000000 41.178165 0.038856 15.542395 -0.734592 -33.105235 200.000000 -33.105235
 96.800000 -0.700336 -0.713813 -0.714147 -0.699996 -2.365725 -2.346188 -0.713813 -0.700336 -0.699996 -0.714147 0.124637 49.854837 -0.678509 36.859339 200.000000 36.859339 0.117346 46.938278 -0.734592 -29.574156 200.000000 -29.574156 0.046167 18.466612 -0.678509 41.178165 200.000000 41.178165 0.041799 16.719526 -0.734592 -33.105235 200.000000 -33.105235
 97.000000 -0.685163 -0.728390 -0.715165 -0.698956 -2.386766 -2.344733 -0.728390 -0.685163 -0.698956 -0.715165 0.248808 99.523320 -0.678509 36.859339 200.000000 36.859339 0.244323 97.729255 -0.734592 -29.574156 200.000000 -29.574156 0.041806 16.722441 -0.678509 41.178165 200.000000 41.178165 0.037741 15.096315 -0.734592 -33.105235 200.000000 -33.105235
 97.200000 -0.708551 -0.705660 -0.723794 -0.690016 -2.354151 -2.332308 -0.705660 -0.708551 -0.690016 -0.723794 0.073716 29.486352 -0.678509 36.859339 200.000000 36.859339 0.067814 27.125722 -0.734592 -29.574156 200.000000 -29.574156 0.013241 5.296413 -0.678509 41.178165 200.000000 41.178165 0.011660 4.663835 -0.734592 -33.105235 200.000000 -33.105235
 97.400000 -0.756505 -0.653988 -0.736019 -0.676961 -2.283640 -2.314422 -0.653988 -0.756505 -0.676961 -0.736019 0.060131 24.052548 -0.678509 36.859339 200.000000 36.859339 0.048020 19.207991 -0.734592 -29.574156 200.000000 -29.574156 0.000240 0.095931 -0.678509 41.178165 200.000000 41.178165 0.000204 0.081498 -0.734592 -33.105235 200.000000 -33.105235
 97.600000 -0.718039 -0.696002 -0.722654 -0.691210 -2.340611 -2.333958 -0.696002 -0.718039 -0.691210 -0.722654 0.030600 12.240160 -0.678509 36.859339 200.000000 36.859339 0.027398 10.959060 -0.734592 -29.574156 200.000000 -29.574156 0.016130 6.451833 -0.678509 41.178165 200.000000 41.178165 0.014250 5.700072 -0.734592 -33.105235 200.000000 -33.105235
 97.800000 -0.761108 -0.648626 -0.759163 -0.650900 -2.276573 -2.279566 -0.648626 -0.761108 -0.650900 -0.759163 0.089305 35.721887 -0.678509 36.859339 200.000000 36.859339 0.070310 28.123923 -0.734592 -29.574156 200.000000 -29.574156 0.076228 30.491162 -0.678509 41.178165 200.000000 41.178165 0.060377 24.150862 -0.734592 -33.105235 200.000000 -33.105235
 98.000000 -0.752697 -0.658367 -0.762795 -0.646640 -2.289444 -2.273968 -0.658367 -0.752697 -0.646640 -0.762795 0.040570 16.228139 -0.678509 36.859339 200.000000 36.859339 0.032779 13.111760 -0.734592 -29.574156 200.000000 -29.574156 0.101565 40.626017 -0.678509 41.178165 200.000000 41.178165 0.079544 31.817494 -0.734592 -33.105235 200.000000 -33.105235
 98.200000 -0.753179 -0.657816 -0.749726 -0.661748 -2.288711 -2.293945 -0.657816 -0.753179 -0.661748 -0.749726 0.042823 17.129049 -0.678509 36.859339 200.000000 36.859339 0.034548 13.819287 -0.734592 -29.574156 200.000000 -29.574156 0.028094 11.237414 -0.678509 41.178165 200.000000 41.178165 0.022905 9.161977 -0.734592 -33.105235 200.000000 -33.105235
 98.400000 -0.698996 -0.715125 -0.723179 -0.690660 -2.367599 -2.333198 -0.715125 -0.698996 -0.690660 -0.723179 0.134071 53.628318 -0.678509 36.859339 200.000000 36.859339 0.126702 50.680760 -0.734592 -29.574156 200.000000 -29.574156 0.014764 5.905677 -0.678509 41.178165 200.000000 41.178165 0.013024 5.209614 -0.734592 -33.105235 200.000000 -33.105235
 98.600000 -0.729315 -0.684178 -0.704762 -0.709444 -2.324272 -2.359505 -0.684178 -0.729315 -0.709444 -0.704762 0.003213 1.285117 -0.678509 36.859339 200.000000 36.859339 0.002784 1.113545 -0.734592 -29.574156 200.000000 -29.574156 0.095694 38.277747 -0.678509 41.178165 200.000000 41.178165 0.088982 35.592713 -0.734592 -33.105235 200.000000 -33.105235
 98.800000 -0.750527 -0.660839 -0.717642 -0.696412 -2.292733 -2.341182 -0.660839 -0.750527 -0.696412 -0.717642 0.031223 12.489372 -0.678509 36.859339 200.000000 36.859339 0.025395 10.157932 -0.734592 -29.574156 200.000000 -29.574156 0.032050 12.819954 -0.678509 41.178165 200.000000 41.178165 0.028728 11.491294 -0.734592 -33.105235 200.000000 -33.105235
 99.000000 -0.714097 -0.700047 -0.704410 -0.709793 -2.346259 -2.360001 -0.700047 -0.714097 -0.709793 -0.704410 0.046385 18.553944 -0.678509 36.859339 200.000000 36.859339 0.042002 16.800986 -0.734592 -29.574156 200.000000 -29.574156 0.097866 39.146451 -0.678509 41.178165 200.000000 41.178165 0.091091 36.436588 -0.734592 -33.105235 200.000000 -33.105235
 99.200000 -0.734622 -0.678477 -0.704394 -0.709809 -2.316483 -2.360024 -0.678477 -0.734622 -0.709809 -0.704394 0.000000 0.000043 -0.678509 36.859339 200.000000 36.859339 0.000000 0.000037 -0.734592 -29.574156 200.000000 -29.574156 0.097969 39.187469 -0.678509 41.178165 200.000000 41.178165 0.091191 36.476466 -0.734592 -33.105235 200.000000 -33.105235
 99.400000 -0.702927 -0.711262 -0.689689 -0.724106 -2.362088 -2.380534 -0.711262 -0.702927 -0.724106 -0.689689 0.107271 42.908239 -0.678509 36.859339 200.000000 36.859339 0.100263 40.105131 -0.734592 -29.574156 200.000000 -29.574156 0.207907 83.162617 -0.678509 41.178165 200.000000 41.178165 0.201630 80.651898 -0.734592 -33.105235 200.000000 -33.105235
 99.600000 -0.720677 -0.693271 -0.675976 -0.736923 -2.336814 -2.399304 -0.693271 -0.720677 -0.736923 -0.675976 0.021789 8.715704 -0.678509 36.859339 200.000000 36.859339 0.019361 7.744347 -0.734592 -29.574156 200.000000 -29.574156 0.341220 136.487980 -0.678509 41.178165 200.000000 41.178165 0.343578 137.431077 -0.734592 -33.105235 200.000000 -33.105235
 99.800000 -0.735511 -0.677513 -0.647939 -0.761692 -2.315172 -2.436717 -0.677513 -0.735511 -0.761692 -0.647939 0.000099 0.039752 -0.678509 36.859339 200.000000 36.859339 0.000085 0.033821 -0.734592 -29.574156 200.000000 -29.574156 0.691938 276.775076 -0.678509 41.178165 200.000000 41.178165 0.750869 300.347467 -0.734592 -33.105235 200.000000 -33.105235
 100.000000 -0.770078 -0.637949 -0.696055 -0.717988 -2.262629 -2.371704 -0.637949 -0.770078 -0.717988 -0.696055 0.164512 65.804602 -0.678509 36.859339 200.000000 36.859339 0.125930 50.371895 -0.734592 -29.574156 200.000000 -29.574156 0.155858 62.343126 -0.678509 41.178165 200.000000 41.178165 0.148506 59.402409 -0.734592 -33.105235 200.000000 -33.105235
