#! FIELDS time sin_phi cos_phi sin_psi cos_psi phi psi cos_phi sin_phi cos_psi sin_psi restraint_phi_cos.bias restraint_phi_cos.force2 restraint_phi_cos.cos_phi_cntr restraint_phi_cos.cos_phi_work restraint_phi_cos.cos_phi_kappa restraint_phi_cos.work restraint_phi_sin.bias restraint_phi_sin.force2 restraint_phi_sin.sin_phi_cntr restraint_phi_sin.sin_phi_work restraint_phi_sin.sin_phi_kappa restraint_phi_sin.work restraint_psi_cos.bias restraint_psi_cos.force2 restraint_psi_cos.cos_psi_cntr restraint_psi_cos.cos_psi_work restraint_psi_cos.cos_psi_kappa restraint_psi_cos.work restraint_psi_sin.bias restraint_psi_sin.force2 restraint_psi_sin.sin_psi_cntr restraint_psi_sin.sin_psi_work restraint_psi_sin.sin_psi_kappa restraint_psi_sin.work
#! SET min_phi -pi
#! SET max_phi pi
#! SET min_psi -pi
#! SET max_psi pi
 0.000000 -0.999983 -0.005782 0.966116 0.258110 -1.576579 1.309731 -0.005782 -0.999983 0.258110 0.966116 0.000000 0.000000 1.000000 0.000000 0.000000 0.000000 0.000000 0.000000 0.000000 0.000000 0.000000 0.000000 0.000000 0.000000 1.000000 0.000000 0.000000 0.000000 0.000000 0.000000 0.000000 0.000000 0.000000 0.000000
 0.200000 -0.992318 0.123711 0.651177 0.758926 -1.446768 0.709134 0.123711 -0.992318 0.758926 0.651177 0.000000 0.000000 1.000000 0.000000 0.000000 0.000000 0.000000 0.000000 0.000000 0.000000 0.000000 0.000000 0.000000 0.000000 1.000000 0.000000 0.000000 0.000000 0.000000 0.000000 0.000000 0.000000 0.000000 0.000000
 0.400000 -0.961266 0.275622 0.530288 0.847817 -1.291559 0.558941 0.275622 -0.961266 0.847817 0.530288 0.000000 0.000000 1.000000 0.000000 0.000000 0.000000 0.000000 0.000000 0.000000 0.000000 0.000000 0.000000 0.000000 0.000000 1.000000 0.000000 0.000000 0.000000 0.000000 0.000000 0.000000 0.000000 0.000000 0.000000
 0.600000 -0.964668 0.263470 0.974191 0.225724 -1.304179 1.343111 0.263470 -0.964668 0.225724 0.974191 0.000000 0.000000 1.000000 0.000000 0.000000 0.000000 0.000000 0.000000 0.000000 0.000000 0.000000 0.000000 0.000000 0.000000 1.000000 0.000000 0.000000 0.000000 0.000000 0.000000 0.000000 0.000000 0.000000 0.000000
 0.800000 -0.999801 0.019934 0.982355 0.187025 -1.550861 1.382663 0.019934 -0.999801 0.187025 0.982355 0.000000 0.000000 1.000000 0.000000 0.000000 0.000000 0.000000 0.000000 0.000000 0.000000 0.000000 0.000000 0.000000 0.000000 1.000000 0.000000 0.000000 0.000000 0.000000 0.000000 0.000000 0.000000 0.000000 0.000000
 1.000000 -0.999595 0.028448 0.659832 0.751413 -1.542345 0.720595 0.028448 -0.999595 0.751413 0.659832 0.000000 0.000000 1.000000 0.000000 0.000000 0.000000 0.000000 0.000000 0.000000 0.000000 0.000000 0.000000 0.000000 0.000000 1.000000 0.000000 0.000000 0.000000 0.000000 0.000000 0.000000 0.000000 0.000000 0.000000
 1.200000 -0.523337 0.852126 -0.267996 0.963420 -0.550763 -0.271313 0.852126 -0.523337 0.963420 -0.267996 0.218668 8.746724 1.000000 4.924676 20.000000 4.924676 2.738818 109.552721 0.000000 7.202907 20.000000 7.202907 0.013381 0.535240 1.000000 0.201922 20.000000 0.201922 0.718220 28.728808 0.000000 1.668522 20.000000 1.668522
 1.400000 0.151769 0.988416 0.008803 0.999961 0.152358 0.008803 0.988416 0.151769 0.999961 0.008803 0.002684 0.214702 1.000000 4.977587 40.000000 4.977587 0.460675 36.854037 0.000000 8.361116 40.000000 8.361116 0.000000 0.000002 1.000000 0.226016 40.000000 0.226016 0.001550 0.123992 0.000000 2.416413 40.000000 2.416413
 1.600000 0.303346 0.952881 -0.214685 0.976683 0.308202 -0.216370 0.952881 0.303346 0.976683 -0.214685 0.066607 7.992877 1.000000 4.988918 60.000000 4.988918 2.760560 331.267251 0.000000 8.907892 60.000000 8.907892 0.016310 1.957213 1.000000 0.229927 60.000000 0.229927 1.382694 165.923319 0.000000 2.705398 60.000000 2.705398
 1.800000 -0.090985 0.995852 0.066053 0.997816 -0.091111 0.066101 0.995852 -0.090985 0.997816 0.066053 0.000688 0.110102 1.000000 4.992377 80.000000 4.992377 0.331127 52.980383 0.000000 9.205546 80.000000 9.205546 0.000191 0.030524 1.000000 0.230389 80.000000 0.230389 0.174520 27.923144 0.000000 2.779924 80.000000 2.779924
 2.000000 -0.266080 0.963951 0.072661 0.997357 -0.269324 0.072725 0.963951 -0.266080 0.997357 0.072661 0.064976 12.995266 1.000000 4.993496 100.000000 4.993496 3.539918 707.983673 0.000000 9.347121 100.000000 9.347121 0.000349 0.069869 1.000000 0.231416 100.000000 0.231416 0.263978 52.795693 0.000000 2.907307 100.000000 2.907307
 2.200000 -0.080140 0.996784 -0.154553 0.987984 -0.080226 -0.155175 0.996784 -0.080140 0.987984 -0.154553 0.000621 0.148970 1.000000 4.994917 120.000000 4.994917 0.385345 92.482909 0.000000 9.475784 120.000000 9.475784 0.008662 2.078966 1.000000 0.231836 120.000000 0.231836 1.433200 343.967953 0.000000 2.993694 120.000000 2.993694
 2.400000 0.044667 0.999002 -0.093595 0.995610 0.044682 -0.093732 0.999002 0.044667 0.995610 -0.093595 0.000070 0.019524 1.000000 4.998059 140.000000 4.998059 0.139660 39.104719 0.000000 9.672366 140.000000 9.672366 0.001349 0.377668 1.000000 0.232655 140.000000 0.232655 0.613198 171.695451 0.000000 3.117438 140.000000 3.117438
 2.600000 -0.113503 0.993538 0.000918 1.000000 -0.113748 0.000918 0.993538 -0.113503 1.000000 0.000918 0.003341 1.069103 1.000000 4.998217 160.000000 4.998217 1.030634 329.802753 0.000000 9.722387 160.000000 9.722387 0.000000 0.000000 1.000000 0.232813 160.000000 0.232813 0.000067 0.021563 0.000000 3.169724 160.000000 3.169724
 2.800000 -0.009796 0.999952 -0.037832 0.999284 -0.009797 -0.037841 0.999952 -0.009796 0.999284 -0.037832 0.000000 0.000075 1.000000 4.998378 180.000000 4.998378 0.008637 3.109428 0.000000 9.775342 180.000000 9.775342 0.000046 0.016606 1.000000 0.232985 180.000000 0.232985 0.128816 46.373937 0.000000 3.222536 180.000000 3.222536
 3.000000 0.072890 0.997340 -0.073600 0.997288 0.072954 -0.073666 0.997340 0.072890 0.997288 -0.073600 0.000708 0.283021 1.000000 4.998579 200.000000 4.998579 0.531289 212.515740 0.000000 9.831728 200.000000 9.831728 0.000736 0.294226 1.000000 0.233078 200.000000 0.233078 0.541691 216.676285 0.000000 3.259799 200.000000 3.259799
 3.200000 0.043631 0.999048 0.115611 0.993295 0.043645 0.115870 0.999048 0.043631 0.993295 0.115611 0.241393 96.557360 0.949916 5.224283 200.000000 5.224283 0.137560 55.024150 0.080720 9.728913 200.000000 9.728913 0.188171 75.268462 0.949916 0.456008 200.000000 0.456008 0.121734 48.693790 0.080720 3.156487 200.000000 3.156487
 3.400000 0.263956 0.964535 0.233563 0.972342 0.267121 0.235740 0.964535 0.263956 0.972342 0.233563 0.418646 167.458473 0.899832 5.886754 200.000000 5.886754 1.050948 420.379384 0.161440 9.857103 200.000000 9.857103 0.525769 210.307572 0.899832 1.096304 200.000000 1.096304 0.520163 208.065397 0.161440 3.124273 200.000000 3.124273
 3.600000 0.383771 0.923428 0.307172 0.951654 0.393877 0.312220 0.923428 0.383771 0.951654 0.307172 0.542880 217.152135 0.849748 6.699611 200.000000 6.699611 2.005364 802.145669 0.242160 8.479550 200.000000 8.479550 1.038490 415.396137 0.849748 2.122191 200.000000 2.122191 0.422647 169.058857 0.242160 3.116669 200.000000 3.116669
 3.800000 0.390358 0.920663 0.366949 0.930241 0.401021 0.375728 0.920663 0.390358 0.930241 0.366949 1.464083 585.633274 0.799664 7.750065 200.000000 7.750065 0.455326 182.130295 0.322881 7.154574 200.000000 7.154574 1.705042 682.016607 0.799664 3.367826 200.000000 3.367826 0.194206 77.682410 0.322881 2.661900 200.000000 2.661900
 4.000000 0.532376 0.846508 0.466695 0.884418 0.561405 0.485551 0.846508 0.532376 0.884418 0.466695 0.939516 375.806447 0.749580 8.909123 200.000000 8.909123 1.658297 663.318908 0.403601 5.716247 200.000000 5.716247 1.818145 727.257919 0.749580 4.691351 200.000000 4.691351 0.398092 159.236772 0.403601 1.736458 200.000000 1.736458
 4.200000 0.613246 0.789892 0.520848 0.853649 0.660164 0.547844 0.789892 0.613246 0.853649 0.520848 0.817152 326.860746 0.699495 9.821904 200.000000 9.821904 1.662169 664.867488 0.484321 3.582637 200.000000 3.582637 2.376345 950.538180 0.699495 5.958059 200.000000 5.958059 0.133422 53.368867 0.484321 0.471863 200.000000 0.471863
 4.400000 0.685999 0.727602 0.669989 0.742371 0.755976 0.734194 0.727602 0.685999 0.742371 0.669989 0.611384 244.553434 0.649411 10.888952 200.000000 10.888952 1.463083 585.233215 0.565041 2.001169 200.000000 2.001169 0.864145 345.657888 0.649411 7.168474 200.000000 7.168474 1.101412 440.564763 0.565041 -0.796283 200.000000 -0.796283
 4.600000 0.724707 0.689057 0.715444 0.698670 0.810609 0.797260 0.689057 0.724707 0.698670 0.715444 0.805146 322.058283 0.599327 11.601177 200.000000 11.601177 0.623242 249.296810 0.645761 0.239681 200.000000 0.239681 0.986890 394.756096 0.599327 8.216079 200.000000 8.216079 0.485574 194.229681 0.645761 -1.979844 200.000000 -1.979844
 4.800000 0.815389 0.578914 0.792591 0.609754 0.953400 0.915046 0.578914 0.815389 0.609754 0.792591 0.088036 35.214491 0.549243 12.448843 200.000000 12.448843 0.790447 316.178886 0.726481 -0.783680 200.000000 -0.783680 0.366157 146.462945 0.549243 9.294125 200.000000 9.294125 0.437042 174.816957 0.726481 -2.667412 200.000000 -2.667412
 5.000000 0.806002 0.591913 0.851378 0.524552 0.937366 1.018607 0.591913 0.806002 0.524552 0.851378 0.860331 344.132283 0.499159 13.135461 200.000000 13.135461 0.000144 0.057584 0.807202 -1.374004 200.000000 -1.374004 0.064480 25.792151 0.499159 10.170617 200.000000 10.170617 0.195159 78.063420 0.807202 -3.012918 200.000000 -3.012918
 5.200000 0.903283 0.429046 0.893681 0.448704 1.127360 1.105482 0.429046 0.903283 0.448704 0.893681 0.040117 16.046642 0.449075 13.535267 200.000000 13.535267 0.023596 9.438332 0.887922 -1.499213 200.000000 -1.499213 0.000014 0.005518 0.449075 10.562074 200.000000 10.562074 0.003316 1.326584 0.887922 -3.162714 200.000000 -3.162714
 5.400000 0.904885 0.425656 0.876417 0.481554 1.131109 1.068370 0.425656 0.904885 0.481554 0.876417 0.033895 13.557837 0.444067 13.540971 200.000000 13.540971 0.007905 3.162155 0.895994 -1.498784 200.000000 -1.498784 0.140528 56.211355 0.444067 10.592149 200.000000 10.592149 0.038327 15.330675 0.895994 -3.141745 200.000000 -3.141745
 5.600000 0.895070 0.445925 0.852478 0.522763 1.108589 1.020707 0.445925 0.895070 0.522763 0.852478 0.000345 0.138105 0.444067 13.540971 200.000000 13.540971 0.000085 0.034100 0.895994 -1.498784 200.000000 -1.498784 0.619318 247.727262 0.444067 10.592149 200.000000 10.592149 0.189364 75.745505 0.895994 -3.141745 200.000000 -3.141745
 5.800000 0.845923 0.533306 0.776536 0.630073 1.008293 0.889149 0.533306 0.845923 0.630073 0.776536 0.796359 318.543563 0.444067 13.540971 200.000000 13.540971 0.250711 100.284572 0.895994 -1.498784 200.000000 -1.498784 3.459849 1383.939656 0.444067 10.592149 200.000000 10.592149 1.427024 570.809686 0.895994 -3.141745 200.000000 -3.141745
 6.000000 0.901331 0.433130 0.823809 0.566868 1.122834 0.968098 0.433130 0.901331 0.566868 0.823809 0.011961 4.784211 0.444067 13.540971 200.000000 13.540971 0.002849 1.139596 0.895994 -1.498784 200.000000 -1.498784 1.508013 603.205304 0.444067 10.592149 200.000000 10.592149 0.521067 208.426982 0.895994 -3.141745 200.000000 -3.141745
 6.200000 0.910171 0.414234 0.862140 0.506671 1.143696 1.039478 0.414234 0.910171 0.506671 0.862140 0.089001 35.600464 0.444067 13.540971 200.000000 13.540971 0.020098 8.039323 0.895994 -1.498784 200.000000 -1.498784 0.391926 156.770361 0.444067 10.592149 200.000000 10.592149 0.114610 45.843867 0.895994 -3.141745 200.000000 -3.141745
 6.400000 0.865260 0.501323 0.915114 0.403195 1.045669 1.155790 0.501323 0.865260 0.403195 0.915114 0.327830 131.131851 0.444067 13.540971 200.000000 13.540971 0.094455 37.782082 0.895994 -1.498784 200.000000 -1.498784 0.167047 66.818660 0.444067 10.592149 200.000000 10.592149 0.036558 14.623271 0.895994 -3.141745 200.000000 -3.141745
 6.600000 0.856190 0.516661 0.880177 0.474645 1.027850 1.076236 0.516661 0.856190 0.474645 0.880177 0.526994 210.797482 0.444067 13.540971 200.000000 13.540971 0.158433 63.373335 0.895994 -1.498784 200.000000 -1.498784 0.093502 37.400841 0.444067 10.592149 200.000000 10.592149 0.025016 10.006216 0.895994 -3.141745 200.000000 -3.141745
 6.800000 0.890101 0.455764 0.900613 0.434621 1.097566 1.121179 0.455764 0.890101 0.434621 0.900613 0.013683 5.473225 0.444067 13.540971 200.000000 13.540971 0.003473 1.389172 0.895994 -1.498784 200.000000 -1.498784 0.008922 3.568831 0.444067 10.592149 200.000000 10.592149 0.002134 0.853667 0.895994 -3.141745 200.000000 -3.141745
 7.000000 0.925852 0.377888 0.880741 0.473599 1.183283 1.077424 0.377888 0.925852 0.473599 0.880741 0.437967 175.186798 0.444067 13.540971 200.000000 13.540971 0.089148 35.659363 0.895994 -1.498784 200.000000 -1.498784 0.087214 34.885731 0.444067 10.592149 200.000000 10.592149 0.023265 9.306178 0.895994 -3.141745 200.000000 -3.141745
 7.200000 0.862426 0.506183 0.878908 0.476991 1.040043 1.073569 0.506183 0.862426 0.476991 0.878908 0.385843 154.337399 0.444067 13.540971 200.000000 13.540971 0.112679 45.071427 0.895994 -1.498784 200.000000 -1.498784 0.108399 43.359694 0.444067 10.592149 200.000000 10.592149 0.029191 11.676445 0.895994 -3.141745 200.000000 -3.141745
 7.400000 0.935923 0.352205 0.896999 0.442033 1.210870 1.112933 0.352205 0.935923 0.442033 0.896999 0.843853 337.541341 0.444067 13.540971 200.000000 13.540971 0.159433 63.773194 0.895994 -1.498784 200.000000 -1.498784 0.000414 0.165434 0.444067 10.592149 200.000000 10.592149 0.000101 0.040405 0.895994 -3.141745 200.000000 -3.141745
 7.600000 0.911033 0.412334 0.877261 0.480014 1.145781 1.070126 0.412334 0.911033 0.480014 0.877261 0.100693 40.277219 0.444067 13.540971 200.000000 13.540971 0.022616 9.046590 0.895994 -1.498784 200.000000 -1.498784 0.129221 51.688503 0.444067 10.592149 200.000000 10.592149 0.035092 14.036908 0.895994 -3.141745 200.000000 -3.141745
 7.800000 0.885796 0.464075 0.798577 0.601893 1.088206 0.924927 0.464075 0.885796 0.601893 0.798577 0.040035 16.014034 0.444067 13.540971 200.000000 13.540971 0.010400 4.160021 0.895994 -1.498784 200.000000 -1.498784 2.490925 996.370080 0.444067 10.592149 200.000000 10.592149 0.949012 379.604662 0.895994 -3.141745 200.000000 -3.141745
 8.000000 0.870543 0.492092 0.875579 0.483075 1.056305 1.066634 0.492092 0.870543 0.483075 0.875579 0.230641 92.256558 0.444067 13.540971 200.000000 13.540971 0.064772 25.908983 0.895994 -1.498784 200.000000 -1.498784 0.152162 60.864768 0.444067 10.592149 200.000000 10.592149 0.041675 16.670153 0.895994 -3.141745 200.000000 -3.141745
 8.200000 0.872953 0.487805 0.883540 0.468356 1.061223 1.083367 0.487805 0.872953 0.468356 0.883540 0.191305 76.522152 0.444067 13.540971 200.000000 13.540971 0.053090 21.235872 0.895994 -1.498784 200.000000 -1.498784 0.058997 23.598977 0.444067 10.592149 200.000000 10.592149 0.015510 6.204015 0.895994 -3.141745 200.000000 -3.141745
 8.400000 0.906010 0.423256 0.844708 0.535228 1.133761 1.006019 0.423256 0.906010 0.535228 0.844708 0.043310 17.323853 0.444067 13.540971 200.000000 13.540971 0.010033 4.013229 0.895994 -1.498784 200.000000 -1.498784 0.831031 332.412520 0.444067 10.592149 200.000000 10.592149 0.263024 105.209505 0.895994 -3.141745 200.000000 -3.141745
 8.600000 0.876647 0.481134 0.843312 0.537424 1.068848 1.003417 0.481134 0.876647 0.537424 0.843312 0.137401 54.960413 0.444067 13.540971 200.000000 13.540971 0.037430 14.972028 0.895994 -1.498784 200.000000 -1.498784 0.871558 348.623183 0.444067 10.592149 200.000000 10.592149 0.277534 111.013668 0.895994 -3.141745 200.000000 -3.141745
 8.800000 0.897960 0.440076 0.866831 0.498602 1.115113 1.048811 0.440076 0.897960 0.498602 0.866831 0.001592 0.636888 0.444067 13.540971 200.000000 13.540971 0.000387 0.154698 0.895994 -1.498784 200.000000 -1.498784 0.297408 118.963302 0.444067 10.592149 200.000000 10.592149 0.085046 34.018292 0.895994 -3.141745 200.000000 -3.141745
 9.000000 0.836056 0.548643 0.929428 0.369003 0.990055 1.192860 0.548643 0.836056 0.369003 0.929428 1.093632 437.452688 0.444067 13.540971 200.000000 13.540971 0.359249 143.699413 0.895994 -1.498784 200.000000 -1.498784 0.563456 225.382348 0.444067 10.592149 200.000000 10.592149 0.111786 44.714533 0.895994 -3.141745 200.000000 -3.141745
 9.200000 0.900276 0.435320 0.938009 0.346610 1.120403 1.216842 0.435320 0.900276 0.346610 0.938009 0.007650 3.060098 0.444067 13.540971 200.000000 13.540971 0.001834 0.733419 0.895994 -1.498784 200.000000 -1.498784 0.949782 379.912655 0.444067 10.592149 200.000000 10.592149 0.176531 70.612445 0.895994 -3.141745 200.000000 -3.141745
 9.400000 0.867253 0.497868 0.893288 0.449484 1.049658 1.104608 0.497868 0.867253 0.449484 0.893288 0.289455 115.781825 0.444067 13.540971 200.000000 13.540971 0.082603 33.041162 0.895994 -1.498784 200.000000 -1.498784 0.002935 1.174006 0.444067 10.592149 200.000000 10.592149 0.000732 0.292787 0.895994 -3.141745 200.000000 -3.141745
 9.600000 0.891153 0.453703 0.840002 0.542584 1.099880 0.997287 0.453703 0.891153 0.542584 0.840002 0.009286 3.714542 0.444067 13.540971 200.000000 13.540971 0.002343 0.937378 0.895994 -1.498784 200.000000 -1.498784 0.970560 388.224023 0.444067 10.592149 200.000000 10.592149 0.313510 125.404068 0.895994 -3.141745 200.000000 -3.141745
 9.800000 0.867313 0.497763 0.887577 0.460659 1.049779 1.092059 0.497763 0.867313 0.460659 0.887577 0.288326 115.330302 0.444067 13.540971 200.000000 13.540971 0.082257 32.902721 0.895994 -1.498784 200.000000 -1.498784 0.027531 11.012285 0.444067 10.592149 200.000000 10.592149 0.007084 2.833547 0.895994 -3.141745 200.000000 -3.141745
 10.000000 0.909941 0.414737 0.839987 0.542606 1.143142 0.997260 0.414737 0.909941 0.542606 0.839987 0.086022 34.408775 0.444067 13.540971 200.000000 13.540971 0.019453 7.781312 0.895994 -1.498784 200.000000 -1.498784 0.970998 388.399364 0.444067 10.592149 200.000000 10.592149 0.313671 125.468441 0.895994 -3.141745 200.000000 -3.141745
 10.200000 0.901918 0.431908 0.779268 0.626690 1.124189 0.893497 0.431908 0.901918 0.626690 0.779268 0.014783 5.913190 0.444067 13.540971 200.000000 13.540971 0.003509 1.403681 0.895994 -1.498784 200.000000 -1.498784 3.335147 1334.058783 0.444067 10.592149 200.000000 10.592149 1.362484 544.993549 0.895994 -3.141745 200.000000 -3.141745
 10.400000 0.894133 0.447802 0.815694 0.578483 1.106490 0.953928 0.447802 0.894133 0.578483 0.815694 0.001396 0.558268 0.444067 13.540971 200.000000 13.540971 0.000346 0.138573 0.895994 -1.498784 200.000000 -1.498784 1.806787 722.714629 0.444067 10.592149 200.000000 10.592149 0.644803 257.921030 0.895994 -3.141745 200.000000 -3.141745
 10.600000 0.831919 0.554897 0.895982 0.444090 0.982557 1.110638 0.554897 0.831919 0.444090 0.895982 1.228345 491.338001 0.444067 13.540971 200.000000 13.540971 0.410560 164.223930 0.895994 -1.498784 200.000000 -1.498784 0.000000 0.000021 0.444067 10.592149 200.000000 10.592149 0.000000 0.000005 0.895994 -3.141745 200.000000 -3.141745
 10.800000 0.846820 0.531879 0.889854 0.456245 1.009978 1.097025 0.531879 0.846820 0.456245 0.889854 0.771107 308.442685 0.444067 13.540971 200.000000 13.540971 0.241804 96.721698 0.895994 -1.498784 200.000000 -1.498784 0.014832 5.932883 0.444067 10.592149 200.000000 10.592149 0.003770 1.507867 0.895994 -3.141745 200.000000 -3.141745
 11.000000 0.898151 0.439688 0.895892 0.444272 1.115545 1.110435 0.439688 0.898151 0.444272 0.895892 0.001917 0.766846 0.444067 13.540971 200.000000 13.540971 0.000465 0.186062 0.895994 -1.498784 200.000000 -1.498784 0.000004 0.001686 0.444067 10.592149 200.000000 10.592149 0.000001 0.000414 0.895994 -3.141745 200.000000 -3.141745
 11.200000 0.871140 0.491034 0.905056 0.425293 1.057520 1.131511 0.491034 0.871140 0.425293 0.905056 0.220597 88.238608 0.444067 13.540971 200.000000 13.540971 0.061770 24.707947 0.895994 -1.498784 200.000000 -1.498784 0.035247 14.098670 0.444067 10.592149 200.000000 10.592149 0.008212 3.284923 0.895994 -3.141745 200.000000 -3.141745
 11.400000 0.852709 0.522387 0.907929 0.419124 1.021149 1.138317 0.522387 0.852709 0.419124 0.907929 0.613403 245.361284 0.444067 13.540971 200.000000 13.540971 0.187360 74.943835 0.895994 -1.498784 200.000000 -1.498784 0.062216 24.886283 0.444067 10.592149 200.000000 10.592149 0.014245 5.698191 0.895994 -3.141745 200.000000 -3.141745
 11.600000 0.893245 0.449571 0.905143 0.425107 1.104512 1.131716 0.449571 0.893245 0.425107 0.905143 0.003029 1.211713 0.444067 13.540971 200.000000 13.540971 0.000756 0.302263 0.895994 -1.498784 200.000000 -1.498784 0.035946 14.378562 0.444067 10.592149 200.000000 10.592149 0.008371 3.348383 0.895994 -3.141745 200.000000 -3.141745
 11.800000 0.901187 0.433431 0.855867 0.517196 1.122500 1.027224 0.433431 0.901187 0.517196 0.855867 0.011311 4.524409 0.444067 13.540971 200.000000 13.540971 0.002697 1.078625 0.895994 -1.498784 200.000000 -1.498784 0.534795 213.918024 0.444067 10.592149 200.000000 10.592149 0.161017 64.406940 0.895994 -3.141745 200.000000 -3.141745
 12.000000 0.858208 0.513303 0.852174 0.523258 1.031768 1.020127 0.513303 0.858208 0.523258 0.852174 0.479362 191.744658 0.444067 13.540971 200.000000 13.540971 0.142779 57.111452 0.895994 -1.498784 200.000000 -1.498784 0.627127 250.850639 0.444067 10.592149 200.000000 10.592149 0.192014 76.805662 0.895994 -3.141745 200.000000 -3.141745
 12.200000 0.876673 0.481086 0.836494 0.547976 1.068903 0.990853 0.481086 0.876673 0.547976 0.836494 0.137046 54.818302 0.444067 13.540971 200.000000 13.540971 0.037328 14.931323 0.895994 -1.498784 200.000000 -1.498784 1.079724 431.889770 0.444067 10.592149 200.000000 10.592149 0.354025 141.609918 0.895994 -3.141745 200.000000 -3.141745
 12.400000 0.915721 0.401815 0.856105 0.516802 1.157298 1.027685 0.401815 0.915721 0.516802 0.856105 0.178517 71.406702 0.444067 13.540971 200.000000 13.540971 0.038915 15.566071 0.895994 -1.498784 200.000000 -1.498784 0.529040 211.615918 0.444067 10.592149 200.000000 10.592149 0.159111 63.644207 0.895994 -3.141745 200.000000 -3.141745
 12.600000 0.904400 0.426687 0.851187 0.524863 1.129970 1.018242 0.426687 0.904400 0.524863 0.851187 0.030206 12.082506 0.444067 13.540971 200.000000 13.540971 0.007066 2.826262 0.895994 -1.498784 200.000000 -1.498784 0.652806 261.122591 0.444067 10.592149 200.000000 10.592149 0.200768 80.307004 0.895994 -3.141745 200.000000 -3.141745
 12.800000 0.879696 0.475537 0.803243 0.595651 1.075222 0.932720 0.475537 0.879696 0.595651 0.803243 0.099039 39.615744 0.444067 13.540971 200.000000 13.540971 0.026563 10.625155 0.895994 -1.498784 200.000000 -1.498784 2.297786 919.114348 0.444067 10.592149 200.000000 10.592149 0.860266 344.106201 0.895994 -3.141745 200.000000 -3.141745
 13.000000 0.895146 0.445774 0.891782 0.452465 1.108758 1.101269 0.445774 0.895146 0.452465 0.891782 0.000291 0.116574 0.444067 13.540971 200.000000 13.540971 0.000072 0.028772 0.895994 -1.498784 200.000000 -1.498784 0.007053 2.821110 0.444067 10.592149 200.000000 10.592149 0.001774 0.709455 0.895994 -3.141745 200.000000 -3.141745
 13.200000 0.899013 0.437921 0.903940 0.427660 1.117511 1.128894 0.437921 0.899013 0.427660 0.903940 0.003777 1.510700 0.444067 13.540971 200.000000 13.540971 0.000912 0.364730 0.895994 -1.498784 200.000000 -1.498784 0.026919 10.767576 0.444067 10.592149 200.000000 10.592149 0.006314 2.525604 0.895994 -3.141745 200.000000 -3.141745
 13.400000 0.844330 0.535824 0.898252 0.439482 1.005313 1.115775 0.535824 0.844330 0.439482 0.898252 0.841945 336.778061 0.444067 13.540971 200.000000 13.540971 0.266919 106.767543 0.895994 -1.498784 200.000000 -1.498784 0.002102 0.840884 0.444067 10.592149 200.000000 10.592149 0.000510 0.203907 0.895994 -3.141745 200.000000 -3.141745
 13.600000 0.885234 0.465146 0.904661 0.426133 1.086997 1.130583 0.465146 0.885234 0.426133 0.904661 0.044434 17.773726 0.444067 13.540971 200.000000 13.540971 0.011577 4.630955 0.895994 -1.498784 200.000000 -1.498784 0.032162 12.864865 0.444067 10.592149 200.000000 10.592149 0.007511 3.004568 0.895994 -3.141745 200.000000 -3.141745
 13.800000 0.876646 0.481136 0.900074 0.435737 1.068846 1.119939 0.481136 0.876646 0.435737 0.900074 0.137416 54.966573 0.444067 13.540971 200.000000 13.540971 0.037434 14.973792 0.895994 -1.498784 200.000000 -1.498784 0.006938 2.775221 0.444067 10.592149 200.000000 10.592149 0.001665 0.665923 0.895994 -3.141745 200.000000 -3.141745
 14.000000 0.871269 0.490805 0.870267 0.492581 1.057783 1.055743 0.490805 0.871269 0.492581 0.870267 0.218449 87.379756 0.444067 13.540971 200.000000 13.540971 0.061130 24.451895 0.895994 -1.498784 200.000000 -1.498784 0.235365 94.146043 0.444067 10.592149 200.000000 10.592149 0.066189 26.475560 0.895994 -3.141745 200.000000 -3.141745
 14.200000 0.885981 0.463721 0.913829 0.406100 1.088606 1.152614 0.463721 0.885981 0.406100 0.913829 0.038630 15.451842 0.444067 13.540971 200.000000 13.540971 0.010025 4.010011 0.895994 -1.498784 200.000000 -1.498784 0.144145 57.657996 0.444067 10.592149 200.000000 10.592149 0.031808 12.723188 0.895994 -3.141745 200.000000 -3.141745
 14.400000 0.917303 0.398190 0.874704 0.484658 1.161253 1.064824 0.398190 0.917303 0.484658 0.874704 0.210464 84.185708 0.444067 13.540971 200.000000 13.540971 0.045408 18.163091 0.895994 -1.498784 200.000000 -1.498784 0.164767 65.906779 0.444067 10.592149 200.000000 10.592149 0.045327 18.130734 0.895994 -3.141745 200.000000 -3.141745
 14.600000 0.862323 0.506359 0.823930 0.566691 1.039839 0.968312 0.506359 0.862323 0.566691 0.823930 0.388036 155.214215 0.444067 13.540971 200.000000 13.540971 0.113374 45.349632 0.895994 -1.498784 200.000000 -1.498784 1.503685 601.473843 0.444067 10.592149 200.000000 10.592149 0.519317 207.726883 0.895994 -3.141745 200.000000 -3.141745
 14.800000 0.880120 0.474751 0.871854 0.489765 1.076115 1.058976 0.474751 0.880120 0.489765 0.871854 0.094153 37.661251 0.444067 13.540971 200.000000 13.540971 0.025197 10.078867 0.895994 -1.498784 200.000000 -1.498784 0.208838 83.535318 0.444067 10.592149 200.000000 10.592149 0.058272 23.308688 0.895994 -3.141745 200.000000 -3.141745
 15.000000 0.857203 0.514979 0.868868 0.495044 1.029813 1.052911 0.514979 0.857203 0.495044 0.868868 0.502861 201.144523 0.444067 13.540971 200.000000 13.540971 0.150476 60.190217 0.895994 -1.498784 200.000000 -1.498784 0.259872 103.948770 0.444067 10.592149 200.000000 10.592149 0.073582 29.432815 0.895994 -3.141745 200.000000 -3.141745
 15.200000 0.911952 0.410296 0.861903 0.507073 1.148017 1.039011 0.410296 0.911952 0.507073 0.861903 0.114043 45.617068 0.444067 13.540971 200.000000 13.540971 0.025467 10.186884 0.895994 -1.498784 200.000000 -1.498784 0.396975 158.789925 0.444067 10.592149 200.000000 10.592149 0.116216 46.486211 0.895994 -3.141745 200.000000 -3.141745
 15.400000 0.889908 0.456140 0.892167 0.451705 1.097143 1.102121 0.456140 0.889908 0.451705 0.892167 0.014577 5.830913 0.444067 13.540971 200.000000 13.540971 0.003704 1.481515 0.895994 -1.498784 200.000000 -1.498784 0.005834 2.333731 0.444067 10.592149 200.000000 10.592149 0.001464 0.585642 0.895994 -3.141745 200.000000 -3.141745
 15.600000 0.846218 0.532837 0.899874 0.436149 1.008846 1.119482 0.532837 0.846218 0.436149 0.899874 0.788025 315.210048 0.444067 13.540971 200.000000 13.540971 0.247766 99.106495 0.895994 -1.498784 200.000000 -1.498784 0.006269 2.507550 0.444067 10.592149 200.000000 10.592149 0.001506 0.602391 0.895994 -3.141745 200.000000 -3.141745
 15.800000 0.836968 0.547251 0.881453 0.472272 0.991720 1.078930 0.547251 0.836968 0.472272 0.881453 1.064704 425.881677 0.444067 13.540971 200.000000 13.540971 0.348399 139.359475 0.895994 -1.498784 200.000000 -1.498784 0.079553 31.821365 0.444067 10.592149 200.000000 10.592149 0.021144 8.457411 0.895994 -3.141745 200.000000 -3.141745
 16.000000 0.903547 0.428489 0.884170 0.467165 1.127976 1.084715 0.428489 0.903547 0.467165 0.884170 0.024266 9.706315 0.444067 13.540971 200.000000 13.540971 0.005705 2.282009 0.895994 -1.498784 200.000000 -1.498784 0.053351 21.340565 0.444067 10.592149 200.000000 10.592149 0.013979 5.591688 0.895994 -3.141745 200.000000 -3.141745
 16.200000 0.867837 0.496849 0.901313 0.433167 1.050832 1.122792 0.496849 0.867837 0.433167 0.901313 0.278597 111.438769 0.444067 13.540971 200.000000 13.540971 0.079280 31.712005 0.895994 -1.498784 200.000000 -1.498784 0.011879 4.751727 0.444067 10.592149 200.000000 10.592149 0.002830 1.131977 0.895994 -3.141745 200.000000 -3.141745
 16.400000 0.864184 0.503177 0.883896 0.467684 1.043526 1.084128 0.503177 0.864184 0.467684 0.883896 0.349399 139.759771 0.444067 13.540971 200.000000 13.540971 0.101189 40.475512 0.895994 -1.498784 200.000000 -1.498784 0.055778 22.311319 0.444067 10.592149 200.000000 10.592149 0.014636 5.854521 0.895994 -3.141745 200.000000 -3.141745
 16.600000 0.883171 0.469051 0.866893 0.498493 1.082581 1.048936 0.469051 0.883171 0.498493 0.866893 0.062420 24.968115 0.444067 13.540971 200.000000 13.540971 0.016442 6.576675 0.895994 -1.498784 200.000000 -1.498784 0.296228 118.491026 0.444067 10.592149 200.000000 10.592149 0.084683 33.873058 0.895994 -3.141745 200.000000 -3.141745
 16.800000 0.892703 0.450646 0.864905 0.501935 1.103307 1.044962 0.450646 0.892703 0.501935 0.864905 0.004329 1.731600 0.444067 13.540971 200.000000 13.540971 0.001083 0.433253 0.895994 -1.498784 200.000000 -1.498784 0.334874 133.949629 0.444067 10.592149 200.000000 10.592149 0.096649 38.659499 0.895994 -3.141745 200.000000 -3.141745
 17.000000 0.911673 0.410916 0.875768 0.482732 1.147338 1.067025 0.410916 0.911673 0.482732 0.875768 0.109897 43.958989 0.444067 13.540971 200.000000 13.540971 0.024585 9.833887 0.895994 -1.498784 200.000000 -1.498784 0.149501 59.800392 0.444067 10.592149 200.000000 10.592149 0.040908 16.363041 0.895994 -3.141745 200.000000 -3.141745
 17.200000 0.904732 0.425982 0.862655 0.505793 1.130749 1.040495 0.425982 0.904732 0.505793 0.862655 0.032706 13.082216 0.444067 13.540971 200.000000 13.540971 0.007635 3.054030 0.895994 -1.498784 200.000000 -1.498784 0.381016 152.406240 0.444067 10.592149 200.000000 10.592149 0.111148 44.459392 0.895994 -3.141745 200.000000 -3.141745
 17.400000 0.881915 0.471409 0.906686 0.421807 1.079909 1.135359 0.471409 0.881915 0.421807 0.906686 0.074761 29.904264 0.444067 13.540971 200.000000 13.540971 0.019822 7.928808 0.895994 -1.498784 200.000000 -1.498784 0.049549 19.819706 0.444067 10.592149 200.000000 10.592149 0.011432 4.572662 0.895994 -3.141745 200.000000 -3.141745
 17.600000 0.844588 0.535416 0.876719 0.481004 1.005796 1.068997 0.535416 0.844588 0.481004 0.876719 0.834475 333.790198 0.444067 13.540971 200.000000 13.540971 0.264252 105.700789 0.895994 -1.498784 200.000000 -1.498784 0.136435 54.573814 0.444067 10.592149 200.000000 10.592149 0.037153 14.861314 0.895994 -3.141745 200.000000 -3.141745
 17.800000 0.863715 0.503980 0.829409 0.558642 1.042595 0.978049 0.503980 0.863715 0.558642 0.829409 0.358964 143.585454 0.444067 13.540971 200.000000 13.540971 0.104191 41.676217 0.895994 -1.498784 200.000000 -1.498784 1.312741 525.096597 0.444067 10.592149 200.000000 10.592149 0.443351 177.340208 0.895994 -3.141745 200.000000 -3.141745
 18.000000 0.850609 0.525799 0.881196 0.472751 1.017143 1.078387 0.525799 0.850609 0.472751 0.881196 0.668013 267.205196 0.444067 13.540971 200.000000 13.540971 0.205977 82.390932 0.895994 -1.498784 200.000000 -1.498784 0.082277 32.910775 0.444067 10.592149 200.000000 10.592149 0.021897 8.758623 0.895994 -3.141745 200.000000 -3.141745
 18.200000 0.848469 0.529246 0.900217 0.435441 1.013085 1.120268 0.529246 0.848469 0.435441 0.900217 0.725547 290.218614 0.444067 13.540971 200.000000 13.540971 0.225864 90.345473 0.895994 -1.498784 200.000000 -1.498784 0.007440 2.976161 0.444067 10.592149 200.000000 10.592149 0.001784 0.713544 0.895994 -3.141745 200.000000 -3.141745
 18.400000 0.834929 0.550357 0.909129 0.416514 0.988004 1.141189 0.550357 0.834929 0.416514 0.909129 1.129770 451.908041 0.444067 13.540971 200.000000 13.540971 0.372887 149.154935 0.895994 -1.498784 200.000000 -1.498784 0.075917 30.366781 0.444067 10.592149 200.000000 10.592149 0.017255 6.901885 0.895994 -3.141745 200.000000 -3.141745
 18.600000 0.863481 0.504381 0.840337 0.542064 1.042131 0.997905 0.504381 0.863481 0.542064 0.840337 0.363788 145.515395 0.444067 13.540971 200.000000 13.540971 0.105709 42.283413 0.895994 -1.498784 200.000000 -1.498784 0.960344 384.137611 0.444067 10.592149 200.000000 10.592149 0.309764 123.905445 0.895994 -3.141745 200.000000 -3.141745
 18.800000 0.883844 0.467781 0.854693 0.519134 1.084018 1.024959 0.467781 0.883844 0.519134 0.854693 0.056237 22.494643 0.444067 13.540971 200.000000 13.540971 0.014761 5.904219 0.895994 -1.498784 200.000000 -1.498784 0.563515 225.405936 0.444067 10.592149 200.000000 10.592149 0.170578 68.231089 0.895994 -3.141745 200.000000 -3.141745
 19.000000 0.919888 0.392182 0.863944 0.503587 1.167794 1.043050 0.392182 0.919888 0.503587 0.863944 0.269203 107.681322 0.444067 13.540971 200.000000 13.540971 0.057092 22.836839 0.895994 -1.498784 200.000000 -1.498784 0.354271 141.708575 0.444067 10.592149 200.000000 10.592149 0.102717 41.086664 0.895994 -3.141745 200.000000 -3.141745
 19.200000 0.875917 0.482462 0.907411 0.420244 1.067333 1.137082 0.482462 0.875917 0.420244 0.907411 0.147421 58.968361 0.444067 13.540971 200.000000 13.540971 0.040308 16.123270 0.895994 -1.498784 200.000000 -1.498784 0.056752 22.700605 0.444067 10.592149 200.000000 10.592149 0.013036 5.214236 0.895994 -3.141745 200.000000 -3.141745
 19.400000 0.928192 0.372102 0.863169 0.504914 1.189524 1.041513 0.372102 0.928192 0.504914 0.863169 0.517893 207.157226 0.444067 13.540971 200.000000 13.540971 0.103672 41.468812 0.895994 -1.498784 200.000000 -1.498784 0.370246 148.098288 0.444067 10.592149 200.000000 10.592149 0.107744 43.097578 0.895994 -3.141745 200.000000 -3.141745
 19.600000 0.841964 0.539534 0.825003 0.565129 1.000913 0.970207 0.539534 0.841964 0.565129 0.825003 0.911399 364.559476 0.444067 13.540971 200.000000 13.540971 0.291922 116.768958 0.895994 -1.498784 200.000000 -1.498784 1.465599 586.239665 0.444067 10.592149 200.000000 10.592149 0.503971 201.588369 0.895994 -3.141745 200.000000 -3.141745
 19.800000 0.875908 0.482479 0.889259 0.457404 1.067314 1.095723 0.482479 0.875908 0.457404 0.889259 0.147550 59.020166 0.444067 13.540971 200.000000 13.540971 0.040345 16.138191 0.895994 -1.498784 200.000000 -1.498784 0.017788 7.115277 0.444067 10.592149 200.000000 10.592149 0.004536 1.814242 0.895994 -3.141745 200.000000 -3.141745
 20.000000 0.860233 0.509901 0.947076 0.321010 1.035727 1.244001 0.509901 0.860233 0.321010 0.947076 0.433415 173.365943 0.444067 13.540971 200.000000 13.540971 0.127882 51.152828 0.895994 -1.498784 200.000000 -1.498784 1.514303 605.721273 0.444067 10.592149 200.000000 10.592149 0.260939 104.375527 0.895994 -3.141745 200.000000 -3.141745
 20.200000 0.865188 0.501448 0.903563 0.428455 1.045525 1.128014 0.501448 0.865188 0.428455 0.903563 0.329262 131.704646 0.444067 13.540971 200.000000 13.540971 0.094901 37.960266 0.895994 -1.498784 200.000000 -1.498784 0.024372 9.748624 0.444067 10.592149 200.000000 10.592149 0.005729 2.291737 0.895994 -3.141745 200.000000 -3.141745
 20.400000 0.852079 0.523414 0.895176 0.445713 1.019944 1.108826 0.523414 0.852079 0.445713 0.895176 0.629594 251.837469 0.444067 13.540971 200.000000 13.540971 0.192853 77.141055 0.895994 -1.498784 200.000000 -1.498784 0.000271 0.108389 0.444067 10.592149 200.000000 10.592149 0.000067 0.026747 0.895994 -3.141745 200.000000 -3.141745
 20.600000 0.825201 0.564840 0.859704 0.510792 0.970558 1.034691 0.564840 0.825201 0.510792 0.859704 1.458610 583.444116 0.444067 13.540971 200.000000 13.540971 0.501165 200.466083 0.895994 -1.498784 200.000000 -1.498784 0.445227 178.090686 0.444067 10.592149 200.000000 10.592149 0.131692 52.676823 0.895994 -3.141745 200.000000 -3.141745
 20.800000 0.840451 0.541887 0.892772 0.450509 0.998116 1.103461 0.541887 0.840451 0.450509 0.892772 0.956879 382.751555 0.444067 13.540971 200.000000 13.540971 0.308495 123.397840 0.895994 -1.498784 200.000000 -1.498784 0.004150 1.660002 0.444067 10.592149 200.000000 10.592149 0.001038 0.415179 0.895994 -3.141745 200.000000 -3.141745
 21.000000 0.931971 0.362532 0.888752 0.458389 1.199813 1.094615 0.362532 0.931971 0.458389 0.888752 0.664784 265.913505 0.444067 13.540971 200.000000 13.540971 0.129437 51.774983 0.895994 -1.498784 200.000000 -1.498784 0.020513 8.205335 0.444067 10.592149 200.000000 10.592149 0.005245 2.097952 0.895994 -3.141745 200.000000 -3.141745
 21.200000 0.908944 0.416918 0.844380 0.535744 1.140744 1.005408 0.416918 0.908944 0.535744 0.844380 0.073703 29.481247 0.444067 13.540971 200.000000 13.540971 0.016771 6.708300 0.895994 -1.498784 200.000000 -1.498784 0.840476 336.190308 0.444067 10.592149 200.000000 10.592149 0.266394 106.557561 0.895994 -3.141745 200.000000 -3.141745
 21.400000 0.878483 0.477774 0.868852 0.495072 1.072678 1.052879 0.477774 0.878483 0.495072 0.868852 0.113616 45.446594 0.444067 13.540971 200.000000 13.540971 0.030663 12.265127 0.895994 -1.498784 200.000000 -1.498784 0.260151 104.060577 0.444067 10.592149 200.000000 10.592149 0.073667 29.466714 0.895994 -3.141745 200.000000 -3.141745
 21.600000 0.859923 0.510423 0.886326 0.463061 1.035119 1.089350 0.510423 0.859923 0.463061 0.886326 0.440322 176.128678 0.444067 13.540971 200.000000 13.540971 0.130108 52.043300 0.895994 -1.498784 200.000000 -1.498784 0.036080 14.431931 0.444067 10.592149 200.000000 10.592149 0.009346 3.738438 0.895994 -3.141745 200.000000 -3.141745
 21.800000 0.899349 0.437231 0.847532 0.530744 1.118279 1.011319 0.437231 0.899349 0.530744 0.847532 0.004673 1.869173 0.444067 13.540971 200.000000 13.540971 0.001126 0.450401 0.895994 -1.498784 200.000000 -1.498784 0.751291 300.516354 0.444067 10.592149 200.000000 10.592149 0.234850 93.940172 0.895994 -3.141745 200.000000 -3.141745
 22.000000 0.922206 0.386698 0.884279 0.466959 1.173747 1.084948 0.386698 0.922206 0.466959 0.884279 0.329111 131.644279 0.444067 13.540971 200.000000 13.540971 0.068709 27.483695 0.895994 -1.498784 200.000000 -1.498784 0.052405 20.962180 0.444067 10.592149 200.000000 10.592149 0.013723 5.489393 0.895994 -3.141745 200.000000 -3.141745
 22.200000 0.841206 0.540715 0.879578 0.475754 0.999509 1.074975 0.540715 0.841206 0.475754 0.879578 0.934099 373.639699 0.444067 13.540971 200.000000 13.540971 0.300175 120.069839 0.895994 -1.498784 200.000000 -1.498784 0.100411 40.164550 0.444067 10.592149 200.000000 10.592149 0.026947 10.778864 0.895994 -3.141745 200.000000 -3.141745
 22.400000 0.854019 0.520242 0.860699 0.509114 1.023663 1.036641 0.520242 0.854019 0.509114 0.860699 0.580262 232.104960 0.444067 13.540971 200.000000 13.540971 0.176187 70.474761 0.895994 -1.498784 200.000000 -1.498784 0.423114 169.245755 0.444067 10.592149 200.000000 10.592149 0.124571 49.828330 0.895994 -3.141745 200.000000 -3.141745
 22.600000 0.878941 0.476931 0.895254 0.445557 1.073637 1.109000 0.476931 0.878941 0.445557 0.895254 0.108007 43.202815 0.444067 13.540971 200.000000 13.540971 0.029081 11.632269 0.895994 -1.498784 200.000000 -1.498784 0.000222 0.088848 0.444067 10.592149 200.000000 10.592149 0.000055 0.021915 0.895994 -3.141745 200.000000 -3.141745
 22.800000 0.879339 0.476196 0.921067 0.389403 1.074472 1.170813 0.476196 0.879339 0.389403 0.921067 0.103232 41.292724 0.444067 13.540971 200.000000 13.540971 0.027738 11.095269 0.895994 -1.498784 200.000000 -1.498784 0.298811 119.524210 0.444067 10.592149 200.000000 10.592149 0.062869 25.147589 0.895994 -3.141745 200.000000 -3.141745
 23.000000 0.914955 0.403557 0.909013 0.416768 1.155395 1.140909 0.403557 0.914955 0.416768 0.909013 0.164104 65.641755 0.444067 13.540971 200.000000 13.540971 0.035951 14.380499 0.895994 -1.498784 200.000000 -1.498784 0.074519 29.807636 0.444067 10.592149 200.000000 10.592149 0.016949 6.779691 0.895994 -3.141745 200.000000 -3.141745
 23.200000 0.864512 0.502613 0.872295 0.488980 1.044178 1.059877 0.502613 0.864512 0.488980 0.872295 0.342768 137.107339 0.444067 13.540971 200.000000 13.540971 0.099113 39.645337 0.895994 -1.498784 200.000000 -1.498784 0.201717 80.686920 0.444067 10.592149 200.000000 10.592149 0.056162 22.464818 0.895994 -3.141745 200.000000 -3.141745
 23.400000 0.884906 0.465770 0.830425 0.557130 1.086292 0.979871 0.465770 0.884906 0.557130 0.830425 0.047102 18.840795 0.444067 13.540971 200.000000 13.540971 0.012294 4.917526 0.895994 -1.498784 200.000000 -1.498784 1.278330 511.331844 0.444067 10.592149 200.000000 10.592149 0.429921 171.968522 0.895994 -3.141745 200.000000 -3.141745
 23.600000 0.921564 0.388226 0.853754 0.520677 1.172090 1.023153 0.388226 0.921564 0.520677 0.853754 0.311812 124.724946 0.444067 13.540971 200.000000 13.540971 0.065384 26.153476 0.895994 -1.498784 200.000000 -1.498784 0.586915 234.765908 0.444067 10.592149 200.000000 10.592149 0.178422 71.368743 0.895994 -3.141745 200.000000 -3.141745
 23.800000 0.901082 0.433649 0.884511 0.466518 1.122258 1.085446 0.433649 0.901082 0.466518 0.884511 0.010852 4.340995 0.444067 13.540971 200.000000 13.540971 0.002589 1.035534 0.895994 -1.498784 200.000000 -1.498784 0.050408 20.163381 0.444067 10.592149 200.000000 10.592149 0.013184 5.273730 0.895994 -3.141745 200.000000 -3.141745
 24.000000 0.876157 0.482026 0.900344 0.435179 1.067830 1.120559 0.482026 0.876157 0.435179 0.900344 0.144095 57.637909 0.444067 13.540971 200.000000 13.540971 0.039351 15.740419 0.895994 -1.498784 200.000000 -1.498784 0.007898 3.159344 0.444067 10.592149 200.000000 10.592149 0.001892 0.756906 0.895994 -3.141745 200.000000 -3.141745
 24.200000 0.824325 0.566116 0.866197 0.499702 0.969010 1.047542 0.566116 0.824325 0.499702 0.866197 1.489609 595.843410 0.444067 13.540971 200.000000 13.540971 0.513634 205.453679 0.895994 -1.498784 200.000000 -1.498784 0.309529 123.811671 0.444067 10.592149 200.000000 10.592149 0.088782 35.512934 0.895994 -3.141745 200.000000 -3.141745
 24.400000 0.853091 0.521762 0.854512 0.519432 1.021882 1.024610 0.521762 0.853091 0.519432 0.854512 0.603650 241.460147 0.444067 13.540971 200.000000 13.540971 0.184062 73.624658 0.895994 -1.498784 200.000000 -1.498784 0.567997 227.198847 0.444067 10.592149 200.000000 10.592149 0.172076 68.830600 0.895994 -3.141745 200.000000 -3.141745
 24.600000 0.877541 0.479503 0.897292 0.441437 1.070709 1.113596 0.479503 0.877541 0.441437 0.897292 0.125570 50.228120 0.444067 13.540971 200.000000 13.540971 0.034052 13.620924 0.895994 -1.498784 200.000000 -1.498784 0.000691 0.276495 0.444067 10.592149 200.000000 10.592149 0.000169 0.067417 0.895994 -3.141745 200.000000 -3.141745
 24.800000 0.892228 0.451586 0.884620 0.466312 1.102254 1.085679 0.451586 0.892228 0.466312 0.884620 0.005654 2.261648 0.444067 13.540971 200.000000 13.540971 0.001418 0.567364 0.895994 -1.498784 200.000000 -1.498784 0.049488 19.795062 0.444067 10.592149 200.000000 10.592149 0.012936 5.174422 0.895994 -3.141745 200.000000 -3.141745
 25.000000 0.850144 0.526550 0.913517 0.406801 1.016259 1.151847 0.526550 0.850144 0.406801 0.913517 0.680346 272.138503 0.444067 13.540971 200.000000 13.540971 0.210217 84.086833 0.895994 -1.498784 200.000000 -1.498784 0.138874 55.549510 0.444067 10.592149 200.000000 10.592149 0.030706 12.282359 0.895994 -3.141745 200.000000 -3.141745
 25.200000 0.890153 0.455661 0.880738 0.473603 1.097681 1.077419 0.455661 0.890153 0.473603 0.880738 0.013444 5.377599 0.444067 13.540971 200.000000 13.540971 0.003411 1.364509 0.895994 -1.498784 200.000000 -1.498784 0.087239 34.895797 0.444067 10.592149 200.000000 10.592149 0.023272 9.308974 0.895994 -3.141745 200.000000 -3.141745
 25.400000 0.874254 0.485469 0.850683 0.525679 1.063897 1.017283 0.485469 0.874254 0.525679 0.850683 0.171417 68.566789 0.444067 13.540971 200.000000 13.540971 0.047263 18.905057 0.895994 -1.498784 200.000000 -1.498784 0.666062 266.424949 0.444067 10.592149 200.000000 10.592149 0.205308 82.123178 0.895994 -3.141745 200.000000 -3.141745
 25.600000 0.941965 0.335711 0.861122 0.508399 1.228437 1.037472 0.335711 0.941965 0.508399 0.861122 1.174097 469.638701 0.444067 13.540971 200.000000 13.540971 0.211336 84.534441 0.895994 -1.498784 200.000000 -1.498784 0.413867 165.546848 0.444067 10.592149 200.000000 10.592149 0.121607 48.642859 0.895994 -3.141745 200.000000 -3.141745
 25.800000 0.878885 0.477034 0.880271 0.474471 1.073520 1.076434 0.477034 0.878885 0.474471 0.880271 0.108682 43.472795 0.444067 13.540971 200.000000 13.540971 0.029271 11.708301 0.895994 -1.498784 200.000000 -1.498784 0.092441 36.976426 0.444067 10.592149 200.000000 10.592149 0.024720 9.887876 0.895994 -3.141745 200.000000 -3.141745
 26.000000 0.862381 0.506260 0.883949 0.467583 1.039953 1.084242 0.506260 0.862381 0.467583 0.883949 0.386807 154.722609 0.444067 13.540971 200.000000 13.540971 0.112984 45.193626 0.895994 -1.498784 200.000000 -1.498784 0.055302 22.120724 0.444067 10.592149 200.000000 10.592149 0.014507 5.802872 0.895994 -3.141745 200.000000 -3.141745
 26.200000 0.833707 0.552206 0.856366 0.516369 0.985788 1.028190 0.552206 0.833707 0.516369 0.856366 1.169419 467.767790 0.444067 13.540971 200.000000 13.540971 0.387958 155.183221 0.895994 -1.498784 200.000000 -1.498784 0.522768 209.107170 0.444067 10.592149 200.000000 10.592149 0.157036 62.814391 0.895994 -3.141745 200.000000 -3.141745
 26.400000 0.879319 0.476232 0.886132 0.463432 1.074431 1.088932 0.476232 0.879319 0.463432 0.886132 0.103463 41.385386 0.444067 13.540971 200.000000 13.540971 0.027803 11.121283 0.895994 -1.498784 200.000000 -1.498784 0.037502 15.000846 0.444067 10.592149 200.000000 10.592149 0.009725 3.889832 0.895994 -3.141745 200.000000 -3.141745
 26.600000 0.898736 0.438489 0.916250 0.400608 1.116879 1.158616 0.438489 0.898736 0.400608 0.916250 0.003111 1.244216 0.444067 13.540971 200.000000 13.540971 0.000752 0.300872 0.895994 -1.498784 200.000000 -1.498784 0.188865 75.545874 0.444067 10.592149 200.000000 10.592149 0.041030 16.411817 0.895994 -3.141745 200.000000 -3.141745
 26.800000 0.821273 0.570536 0.901012 0.433793 0.963638 1.122098 0.570536 0.821273 0.433793 0.901012 1.599449 639.779725 0.444067 13.540971 200.000000 13.540971 0.558325 223.329985 0.895994 -1.498784 200.000000 -1.498784 0.010554 4.221597 0.444067 10.592149 200.000000 10.592149 0.002519 1.007461 0.895994 -3.141745 200.000000 -3.141745
 27.000000 0.808662 0.588274 0.864030 0.503440 0.941874 1.043221 0.588274 0.808662 0.503440 0.864030 2.079564 831.825738 0.444067 13.540971 200.000000 13.540971 0.762684 305.073598 0.895994 -1.498784 200.000000 -1.498784 0.352521 141.008408 0.444067 10.592149 200.000000 10.592149 0.102167 40.866972 0.895994 -3.141745 200.000000 -3.141745
 27.200000 0.885419 0.464793 0.824869 0.565324 1.087395 0.969970 0.464793 0.885419 0.565324 0.824869 0.042959 17.183707 0.444067 13.540971 200.000000 13.540971 0.011182 4.472820 0.895994 -1.498784 200.000000 -1.498784 1.470346 588.138578 0.444067 10.592149 200.000000 10.592149 0.505879 202.351434 0.895994 -3.141745 200.000000 -3.141745
 27.400000 0.914874 0.403740 0.887819 0.460193 1.155195 1.092584 0.403740 0.914874 0.460193 0.887819 0.162624 65.049522 0.444067 13.540971 200.000000 13.540971 0.035645 14.258187 0.895994 -1.498784 200.000000 -1.498784 0.026005 10.402072 0.444067 10.592149 200.000000 10.592149 0.006683 2.673051 0.895994 -3.141745 200.000000 -3.141745
 27.600000 0.929131 0.369751 0.921230 0.389018 1.192056 1.171231 0.369751 0.929131 0.389018 0.921230 0.552287 220.914928 0.444067 13.540971 200.000000 13.540971 0.109808 43.923166 0.895994 -1.498784 200.000000 -1.498784 0.303036 121.214220 0.444067 10.592149 200.000000 10.592149 0.063688 25.475038 0.895994 -3.141745 200.000000 -3.141745
 27.800000 0.877173 0.480174 0.842763 0.538285 1.069943 1.002395 0.480174 0.877173 0.538285 0.842763 0.130374 52.149512 0.444067 13.540971 200.000000 13.540971 0.035421 14.168405 0.895994 -1.498784 200.000000 -1.498784 0.887712 355.084636 0.444067 10.592149 200.000000 10.592149 0.283353 113.341322 0.895994 -3.141745 200.000000 -3.141745
 28.000000 0.894976 0.446114 0.862397 0.506233 1.108377 1.039985 0.446114 0.894976 0.506233 0.862397 0.000419 0.167706 0.444067 13.540971 200.000000 13.540971 0.000104 0.041431 0.895994 -1.498784 200.000000 -1.498784 0.386466 154.586511 0.444067 10.592149 200.000000 10.592149 0.112876 45.150448 0.895994 -3.141745 200.000000 -3.141745
 28.200000 0.864103 0.503315 0.886313 0.463087 1.043366 1.089322 0.503315 0.864103 0.463087 0.886313 0.351031 140.412516 0.444067 13.540971 200.000000 13.540971 0.101700 40.680102 0.895994 -1.498784 200.000000 -1.498784 0.036176 14.470537 0.444067 10.592149 200.000000 10.592149 0.009372 3.748704 0.895994 -3.141745 200.000000 -3.141745
 28.400000 0.875603 0.483032 0.843436 0.537229 1.066682 1.003648 0.483032 0.875603 0.537229 0.843436 0.151831 60.732323 0.444067 13.540971 200.000000 13.540971 0.041580 16.631915 0.895994 -1.498784 200.000000 -1.498784 0.867923 347.169331 0.444067 10.592149 200.000000 10.592149 0.276228 110.491043 0.895994 -3.141745 200.000000 -3.141745
 28.600000 0.874889 0.484324 0.877033 0.480431 1.065206 1.069651 0.484324 0.874889 0.480431 0.877033 0.162066 64.826588 0.444067 13.540971 200.000000 13.540971 0.044543 17.817028 0.895994 -1.498784 200.000000 -1.498784 0.132235 52.893848 0.444067 10.592149 200.000000 10.592149 0.035952 14.380898 0.895994 -3.141745 200.000000 -3.141745
 28.800000 0.826436 0.563031 0.848579 0.529068 0.972748 1.013294 0.563031 0.826436 0.529068 0.848579 1.415251 566.100275 0.444067 13.540971 200.000000 13.540971 0.483831 193.532305 0.895994 -1.498784 200.000000 -1.498784 0.722528 289.011337 0.444067 10.592149 200.000000 10.592149 0.224814 89.925458 0.895994 -3.141745 200.000000 -3.141745
 29.000000 0.877089 0.480327 0.864329 0.502928 1.069768 1.043814 0.480327 0.877089 0.502928 0.864329 0.131485 52.594000 0.444067 13.540971 200.000000 13.540971 0.035738 14.295271 0.895994 -1.498784 200.000000 -1.498784 0.346461 138.584361 0.444067 10.592149 200.000000 10.592149 0.100268 40.107391 0.895994 -3.141745 200.000000 -3.141745
 29.200000 0.853532 0.521040 0.861014 0.508581 1.022728 1.037261 0.521040 0.853532 0.508581 0.861014 0.592488 236.995041 0.444067 13.540971 200.000000 13.540971 0.180297 72.118854 0.895994 -1.498784 200.000000 -1.498784 0.416207 166.482929 0.444067 10.592149 200.000000 10.592149 0.122356 48.942542 0.895994 -3.141745 200.000000 -3.141745
 29.400000 0.895840 0.444376 0.868110 0.496372 1.110318 1.051382 0.444376 0.895840 0.496372 0.868110 0.000010 0.003837 0.444067 13.540971 200.000000 13.540971 0.000002 0.000943 0.895994 -1.498784 200.000000 -1.498784 0.273583 109.433258 0.444067 10.592149 200.000000 10.592149 0.077750 31.100098 0.895994 -3.141745 200.000000 -3.141745
 29.600000 0.929783 0.368109 0.883383 0.468651 1.193822 1.083033 0.368109 0.929783 0.468651 0.883383 0.576956 230.782466 0.444067 13.540971 200.000000 13.540971 0.114169 45.667527 0.895994 -1.498784 200.000000 -1.498784 0.060440 24.176006 0.444067 10.592149 200.000000 10.592149 0.015902 6.360944 0.895994 -3.141745 200.000000 -3.141745
 29.800000 0.831744 0.555159 0.871697 0.490046 0.982242 1.058654 0.555159 0.831744 0.490046 0.871697 1.234147 493.658831 0.444067 13.540971 200.000000 13.540971 0.412798 165.119356 0.895994 -1.498784 200.000000 -1.498784 0.211410 84.563831 0.444067 10.592149 200.000000 10.592149 0.059035 23.614058 0.895994 -3.141745 200.000000 -3.141745
 30.000000 0.855480 0.517836 0.904402 0.426681 1.026477 1.129977 0.517836 0.855480 0.426681 0.904402 0.544192 217.676743 0.444067 13.540971 200.000000 13.540971 0.164137 65.654874 0.895994 -1.498784 200.000000 -1.498784 0.030226 12.090505 0.444067 10.592149 200.000000 10.592149 0.007070 2.828088 0.895994 -3.141745 200.000000 -3.141745
 30.200000 0.904391 0.426705 0.890115 0.455737 1.129951 1.097597 0.426705 0.904391 0.455737 0.890115 0.030144 12.057651 0.444067 13.540971 200.000000 13.540971 0.007051 2.820591 0.895994 -1.498784 200.000000 -1.498784 0.013619 5.447537 0.444067 10.592149 200.000000 10.592149 0.003456 1.382546 0.895994 -3.141745 200.000000 -3.141745
 30.400000 0.873404 0.486996 0.888248 0.459365 1.062149 1.093516 0.486996 0.873404 0.459365 0.888248 0.184293 73.717059 0.444067 13.540971 200.000000 13.540971 0.051029 20.411487 0.895994 -1.498784 200.000000 -1.498784 0.023404 9.361517 0.444067 10.592149 200.000000 10.592149 0.006000 2.400101 0.895994 -3.141745 200.000000 -3.141745
 30.600000 0.857117 0.515122 0.911260 0.411832 1.029647 1.146332 0.515122 0.857117 0.411832 0.911260 0.504885 201.953965 0.444067 13.540971 200.000000 13.540971 0.151141 60.456305 0.895994 -1.498784 200.000000 -1.498784 0.103904 41.561700 0.444067 10.592149 200.000000 10.592149 0.023305 9.321811 0.895994 -3.141745 200.000000 -3.141745
 30.800000 0.812146 0.583454 0.887981 0.459880 0.947821 1.092936 0.583454 0.812146 0.459880 0.887981 1.942896 777.158263 0.444067 13.540971 200.000000 13.540971 0.703047 281.218663 0.895994 -1.498784 200.000000 -1.498784 0.025006 10.002570 0.444067 10.592149 200.000000 10.592149 0.006420 2.568146 0.895994 -3.141745 200.000000 -3.141745
 31.000000 0.868582 0.495546 0.888608 0.458668 1.052333 1.094301 0.495546 0.868582 0.458668 0.888608 0.265010 106.003927 0.444067 13.540971 200.000000 13.540971 0.075141 30.056528 0.895994 -1.498784 200.000000 -1.498784 0.021319 8.527765 0.444067 10.592149 200.000000 10.592149 0.005455 2.182090 0.895994 -3.141745 200.000000 -3.141745
 31.200000 0.899423 0.437080 0.913207 0.407496 1.118447 1.151086 0.437080 0.899423 0.407496 0.913207 0.004881 1.952459 0.444067 13.540971 200.000000 13.540971 0.001176 0.470271 0.895994 -1.498784 200.000000 -1.498784 0.133741 53.496327 0.444067 10.592149 200.000000 10.592149 0.029629 11.851782 0.895994 -3.141745 200.000000 -3.141745
 31.400000 0.862485 0.506083 0.837957 0.545737 1.040159 0.993528 0.506083 0.862485 0.545737 0.837957 0.384604 153.841471 0.444067 13.540971 200.000000 13.540971 0.112285 44.914163 0.895994 -1.498784 200.000000 -1.498784 1.033680 413.472014 0.444067 10.592149 200.000000 10.592149 0.336830 134.731922 0.895994 -3.141745 200.000000 -3.141745
 31.600000 0.847148 0.531357 0.895684 0.444692 1.010594 1.109966 0.531357 0.847148 0.444692 0.895684 0.761965 304.785866 0.444067 13.540971 200.000000 13.540971 0.238592 95.436866 0.895994 -1.498784 200.000000 -1.498784 0.000039 0.015634 0.444067 10.592149 200.000000 10.592149 0.000010 0.003847 0.895994 -3.141745 200.000000 -3.141745
 31.800000 0.871062 0.491173 0.887647 0.460524 1.057360 1.092210 0.491173 0.871062 0.460524 0.887647 0.221904 88.761656 0.444067 13.540971 200.000000 13.540971 0.062160 24.864002 0.895994 -1.498784 200.000000 -1.498784 0.027086 10.834288 0.444067 10.592149 200.000000 10.592149 0.006967 2.786699 0.895994 -3.141745 200.000000 -3.141745
 32.000000 0.887368 0.461061 0.845219 0.534419 1.091605 1.006976 0.461061 0.887368 0.534419 0.845219 0.028882 11.552765 0.444067 13.540971 200.000000 13.540971 0.007440 2.975958 0.895994 -1.498784 200.000000 -1.498784 0.816362 326.544722 0.444067 10.592149 200.000000 10.592149 0.257803 103.121198 0.895994 -3.141745 200.000000 -3.141745
 32.200000 0.910327 0.413891 0.855391 0.517982 1.144073 1.026306 0.413891 0.910327 0.517982 0.855391 0.091059 36.423683 0.444067 13.540971 200.000000 13.540971 0.020543 8.217232 0.895994 -1.498784 200.000000 -1.498784 0.546354 218.541551 0.444067 10.592149 200.000000 10.592149 0.164856 65.942454 0.895994 -3.141745 200.000000 -3.141745
 32.400000 0.868198 0.496217 0.869826 0.493358 1.051560 1.054851 0.496217 0.868198 0.493358 0.869826 0.271968 108.787354 0.444067 13.540971 200.000000 13.540971 0.077258 30.903278 0.895994 -1.498784 200.000000 -1.498784 0.242962 97.184663 0.444067 10.592149 200.000000 10.592149 0.068473 27.389066 0.895994 -3.141745 200.000000 -3.141745
 32.600000 0.880484 0.474076 0.860115 0.510101 1.076882 1.035495 0.474076 0.880484 0.510101 0.860115 0.090058 36.023021 0.444067 13.540971 200.000000 13.540971 0.024056 9.622350 0.895994 -1.498784 200.000000 -1.498784 0.436048 174.419148 0.444067 10.592149 200.000000 10.592149 0.128730 51.492071 0.895994 -3.141745 200.000000 -3.141745
 32.800000 0.899488 0.436945 0.858908 0.512130 1.118596 1.033133 0.436945 0.899488 0.512130 0.858908 0.005071 2.028410 0.444067 13.540971 200.000000 13.540971 0.001221 0.488380 0.895994 -1.498784 200.000000 -1.498784 0.463266 185.306492 0.444067 10.592149 200.000000 10.592149 0.137537 55.014829 0.895994 -3.141745 200.000000 -3.141745
 33.000000 0.885517 0.464606 0.904826 0.425781 1.087606 1.130972 0.464606 0.885517 0.425781 0.904826 0.042188 16.875277 0.444067 13.540971 200.000000 13.540971 0.010976 4.390248 0.895994 -1.498784 200.000000 -1.498784 0.033437 13.374916 0.444067 10.592149 200.000000 10.592149 0.007801 3.120588 0.895994 -3.141745 200.000000 -3.141745
 33.200000 0.860417 0.509591 0.927635 0.373488 1.036087 1.188030 0.509591 0.860417 0.373488 0.927635 0.429344 171.737566 0.444067 13.540971 200.000000 13.540971 0.126572 50.628859 0.895994 -1.498784 200.000000 -1.498784 0.498132 199.252873 0.444067 10.592149 200.000000 10.592149 0.100116 40.046580 0.895994 -3.141745 200.000000 -3.141745
 33.400000 0.855280 0.518166 0.865762 0.500455 1.026091 1.046672 0.518166 0.855280 0.500455 0.865762 0.549070 219.627935 0.444067 13.540971 200.000000 13.540971 0.165760 66.303954 0.895994 -1.498784 200.000000 -1.498784 0.317970 127.187890 0.444067 10.592149 200.000000 10.592149 0.091394 36.557660 0.895994 -3.141745 200.000000 -3.141745
 33.600000 0.851173 0.524885 0.882626 0.470076 1.018216 1.081420 0.524885 0.851173 0.470076 0.882626 0.653161 261.264475 0.444067 13.540971 200.000000 13.540971 0.200889 80.355525 0.895994 -1.498784 200.000000 -1.498784 0.067648 27.059159 0.444067 10.592149 200.000000 10.592149 0.017870 7.147856 0.895994 -3.141745 200.000000 -3.141745
 33.800000 0.868555 0.495592 0.875646 0.482953 1.052280 1.066772 0.495592 0.868555 0.482953 0.875646 0.265487 106.194647 0.444067 13.540971 200.000000 13.540971 0.075286 30.114473 0.895994 -1.498784 200.000000 -1.498784 0.151215 60.486084 0.444067 10.592149 200.000000 10.592149 0.041402 16.560840 0.895994 -3.141745 200.000000 -3.141745
 34.000000 0.895342 0.445380 0.886313 0.463086 1.109198 1.089322 0.445380 0.895342 0.463086 0.886313 0.000172 0.068958 0.444067 13.540971 200.000000 13.540971 0.000043 0.017001 0.895994 -1.498784 200.000000 -1.498784 0.036176 14.470223 0.444067 10.592149 200.000000 10.592149 0.009372 3.748620 0.895994 -3.141745 200.000000 -3.141745
 34.200000 0.921398 0.388619 0.866334 0.499466 1.171664 1.047814 0.388619 0.921398 0.499466 0.866334 0.307439 122.975582 0.444067 13.540971 200.000000 13.540971 0.064539 25.815716 0.895994 -1.498784 200.000000 -1.498784 0.306907 122.762952 0.444067 10.592149 200.000000 10.592149 0.087973 35.189074 0.895994 -3.141745 200.000000 -3.141745
 34.400000 0.866806 0.498646 0.810092 0.586303 1.048760 0.944309 0.498646 0.866806 0.586303 0.810092 0.297893 119.157000 0.444067 13.540971 200.000000 13.540971 0.085195 34.077877 0.895994 -1.498784 200.000000 -1.498784 2.023114 809.245787 0.444067 10.592149 200.000000 10.592149 0.737912 295.164889 0.895994 -3.141745 200.000000 -3.141745
 34.600000 0.865883 0.500246 0.843150 0.537679 1.046914 1.003115 0.500246 0.865883 0.537679 0.843150 0.315611 126.244531 0.444067 13.540971 200.000000 13.540971 0.090664 36.265429 0.895994 -1.498784 200.000000 -1.498784 0.876323 350.529032 0.444067 10.592149 200.000000 10.592149 0.279248 111.699390 0.895994 -3.141745 200.000000 -3.141745
 34.800000 0.887313 0.461167 0.902324 0.431059 1.091486 1.125130 0.461167 0.887313 0.431059 0.902324 0.029243 11.697192 0.444067 13.540971 200.000000 13.540971 0.007535 3.014053 0.895994 -1.498784 200.000000 -1.498784 0.016919 6.767558 0.444067 10.592149 200.000000 10.592149 0.004007 1.602656 0.895994 -3.141745 200.000000 -3.141745
 35.000000 0.907171 0.420763 0.871342 0.490676 1.136510 1.057931 0.420763 0.907171 0.490676 0.871342 0.054306 21.722537 0.444067 13.540971 200.000000 13.540971 0.012492 4.996902 0.895994 -1.498784 200.000000 -1.498784 0.217247 86.898676 0.444067 10.592149 200.000000 10.592149 0.060771 24.308573 0.895994 -3.141745 200.000000 -3.141745
 35.200000 0.866241 0.499626 0.874082 0.485778 1.047630 1.063543 0.499626 0.866241 0.485778 0.874082 0.308683 123.473137 0.444067 13.540971 200.000000 13.540971 0.088521 35.408356 0.895994 -1.498784 200.000000 -1.498784 0.173987 69.594627 0.444067 10.592149 200.000000 10.592149 0.048012 19.204943 0.895994 -3.141745 200.000000 -3.141745
 35.400000 0.844876 0.534962 0.892684 0.450683 1.006333 1.103266 0.534962 0.844876 0.450683 0.892684 0.826204 330.481556 0.444067 13.540971 200.000000 13.540971 0.261304 104.521543 0.895994 -1.498784 200.000000 -1.498784 0.004378 1.751102 0.444067 10.592149 200.000000 10.592149 0.001095 0.438178 0.895994 -3.141745 200.000000 -3.141745
 35.600000 0.842140 0.539258 0.920356 0.391082 1.001240 1.168989 0.539258 0.842140 0.391082 0.920356 0.906148 362.459013 0.444067 13.540971 200.000000 13.540971 0.290019 116.007614 0.895994 -1.498784 200.000000 -1.498784 0.280735 112.293924 0.444067 10.592149 200.000000 10.592149 0.059351 23.740242 0.895994 -3.141745 200.000000 -3.141745
 35.800000 0.871999 0.489508 0.869286 0.494310 1.059271 1.053755 0.489508 0.871999 0.494310 0.869286 0.206493 82.597284 0.444067 13.540971 200.000000 13.540971 0.057576 23.030487 0.895994 -1.498784 200.000000 -1.498784 0.252441 100.976260 0.444067 10.592149 200.000000 10.592149 0.071332 28.532958 0.895994 -3.141745 200.000000 -3.141745
 36.000000 0.893872 0.448322 0.865170 0.501479 1.105909 1.045489 0.448322 0.893872 0.501479 0.865170 0.001811 0.724387 0.444067 13.540971 200.000000 13.540971 0.000450 0.180068 0.895994 -1.498784 200.000000 -1.498784 0.329621 131.848584 0.444067 10.592149 200.000000 10.592149 0.095013 38.005056 0.895994 -3.141745 200.000000 -3.141745
 36.200000 0.890958 0.454086 0.873597 0.486651 1.099450 1.062545 0.454086 0.890958 0.486651 0.873597 0.010039 4.015707 0.444067 13.540971 200.000000 13.540971 0.002536 1.014465 0.895994 -1.498784 200.000000 -1.498784 0.181341 72.536382 0.444067 10.592149 200.000000 10.592149 0.050163 20.065317 0.895994 -3.141745 200.000000 -3.141745
 36.400000 0.871594 0.490228 0.849688 0.527286 1.058445 1.015393 0.490228 0.871594 0.527286 0.849688 0.213089 85.235497 0.444067 13.540971 200.000000 13.540971 0.059534 23.813667 0.895994 -1.498784 200.000000 -1.498784 0.692551 277.020546 0.444067 10.592149 200.000000 10.592149 0.214425 85.770128 0.895994 -3.141745 200.000000 -3.141745
 36.600000 0.823448 0.567391 0.896594 0.442854 0.967462 1.112017 0.567391 0.823448 0.442854 0.896594 1.520896 608.358453 0.444067 13.540971 200.000000 13.540971 0.526284 210.513520 0.895994 -1.498784 200.000000 -1.498784 0.000147 0.058816 0.444067 10.592149 200.000000 10.592149 0.000036 0.014398 0.895994 -3.141745 200.000000 -3.141745
 36.800000 0.859097 0.511813 0.917589 0.397530 1.033502 1.161973 0.511813 0.859097 0.397530 0.917589 0.458961 183.584520 0.444067 13.540971 200.000000 13.540971 0.136139 54.455745 0.895994 -1.498784 200.000000 -1.498784 0.216566 86.626484 0.444067 10.592149 200.000000 10.592149 0.046636 18.654505 0.895994 -3.141745 200.000000 -3.141745
 37.000000 0.875235 0.483698 0.859128 0.511761 1.065921 1.033564 0.483698 0.875235 0.511761 0.859128 0.157066 62.826576 0.444067 13.540971 200.000000 13.540971 0.043093 17.237329 0.895994 -1.498784 200.000000 -1.498784 0.458247 183.298604 0.444067 10.592149 200.000000 10.592149 0.135907 54.362984 0.895994 -3.141745 200.000000 -3.141745
 37.200000 0.894204 0.447659 0.882709 0.469919 1.106650 1.081597 0.447659 0.894204 0.469919 0.882709 0.001291 0.516340 0.444067 13.540971 200.000000 13.540971 0.000320 0.128114 0.895994 -1.498784 200.000000 -1.498784 0.066837 26.734708 0.444067 10.592149 200.000000 10.592149 0.017648 7.059072 0.895994 -3.141745 200.000000 -3.141745
 37.400000 0.865455 0.500987 0.913145 0.407634 1.046057 1.150935 0.500987 0.865455 0.407634 0.913145 0.323994 129.597525 0.444067 13.540971 200.000000 13.540971 0.093263 37.305232 0.895994 -1.498784 200.000000 -1.498784 0.132732 53.092675 0.444067 10.592149 200.000000 10.592149 0.029417 11.766976 0.895994 -3.141745 200.000000 -3.141745
 37.600000 0.846222 0.532831 0.865656 0.500639 1.008854 1.046460 0.532831 0.846222 0.500639 0.865656 0.787911 315.164289 0.444067 13.540971 200.000000 13.540971 0.247726 99.090339 0.895994 -1.498784 200.000000 -1.498784 0.320038 128.015257 0.444067 10.592149 200.000000 10.592149 0.092035 36.814163 0.895994 -3.141745 200.000000 -3.141745
 37.800000 0.889842 0.456270 0.854322 0.519745 1.096998 1.024244 0.456270 0.889842 0.519745 0.854322 0.014891 5.956430 0.444067 13.540971 200.000000 13.540971 0.003785 1.513953 0.895994 -1.498784 200.000000 -1.498784 0.572716 229.086264 0.444067 10.592149 200.000000 10.592149 0.173656 69.462487 0.895994 -3.141745 200.000000 -3.141745
 38.000000 0.895681 0.444698 0.901626 0.432517 1.109959 1.123513 0.444698 0.895681 0.432517 0.901626 0.000040 0.015942 0.444067 13.540971 200.000000 13.540971 0.000010 0.003923 0.895994 -1.498784 200.000000 -1.498784 0.013338 5.335390 0.444067 10.592149 200.000000 10.592149 0.003172 1.268697 0.895994 -3.141745 200.000000 -3.141745
 38.200000 0.898757 0.438448 0.910551 0.413398 1.116925 1.144614 0.438448 0.898757 0.413398 0.910551 0.003157 1.262777 0.444067 13.540971 200.000000 13.540971 0.000763 0.305325 0.895994 -1.498784 200.000000 -1.498784 0.094059 37.623439 0.444067 10.592149 200.000000 10.592149 0.021190 8.476045 0.895994 -3.141745 200.000000 -3.141745
 38.400000 0.872893 0.487912 0.885086 0.465427 1.061100 1.086679 0.487912 0.872893 0.465427 0.885086 0.192240 76.896106 0.444067 13.540971 200.000000 13.540971 0.053365 21.345978 0.895994 -1.498784 200.000000 -1.498784 0.045628 18.251014 0.444067 10.592149 200.000000 10.592149 0.011898 4.759044 0.895994 -3.141745 200.000000 -3.141745
 38.600000 0.816001 0.578051 0.854750 0.519040 0.954458 1.025068 0.578051 0.816001 0.519040 0.854750 1.795176 718.070570 0.444067 13.540971 200.000000 13.540971 0.639888 255.955197 0.895994 -1.498784 200.000000 -1.498784 0.562107 224.842956 0.444067 10.592149 200.000000 10.592149 0.170107 68.042989 0.895994 -3.141745 200.000000 -3.141745
 38.800000 0.886409 0.462903 0.851683 0.524057 1.089529 1.019189 0.462903 0.886409 0.524057 0.851683 0.035481 14.192309 0.444067 13.540971 200.000000 13.540971 0.009187 3.674742 0.895994 -1.498784 200.000000 -1.498784 0.639848 255.939236 0.444067 10.592149 200.000000 10.592149 0.196343 78.537362 0.895994 -3.141745 200.000000 -3.141745
 39.000000 0.847843 0.530247 0.894051 0.447965 1.011904 1.106308 0.530247 0.847843 0.447965 0.894051 0.742710 297.084170 0.444067 13.540971 200.000000 13.540971 0.231849 92.739680 0.895994 -1.498784 200.000000 -1.498784 0.001520 0.608033 0.444067 10.592149 200.000000 10.592149 0.000377 0.150994 0.895994 -3.141745 200.000000 -3.141745
 39.200000 0.878439 0.477855 0.889524 0.456888 1.072585 1.096303 0.477855 0.878439 0.456888 0.889524 0.114167 45.666807 0.444067 13.540971 200.000000 13.540971 0.030818 12.327356 0.895994 -1.498784 200.000000 -1.498784 0.016439 6.575561 0.444067 10.592149 200.000000 10.592149 0.004186 1.674211 0.895994 -3.141745 200.000000 -3.141745
 39.400000 0.861237 0.508203 0.877737 0.479143 1.037699 1.071118 0.508203 0.861237 0.479143 0.877737 0.411349 164.539762 0.444067 13.540971 200.000000 13.540971 0.120802 48.320690 0.895994 -1.498784 200.000000 -1.498784 0.123037 49.214960 0.444067 10.592149 200.000000 10.592149 0.033332 13.332844 0.895994 -3.141745 200.000000 -3.141745
 39.600000 0.867105 0.498126 0.900669 0.434507 1.049361 1.121306 0.498126 0.867105 0.434507 0.900669 0.292237 116.894715 0.444067 13.540971 200.000000 13.540971 0.083457 33.382634 0.895994 -1.498784 200.000000 -1.498784 0.009139 3.655603 0.444067 10.592149 200.000000 10.592149 0.002185 0.874143 0.895994 -3.141745 200.000000 -3.141745
 39.800000 0.889387 0.457155 0.919723 0.392567 1.096003 1.167375 0.457155 0.889387 0.392567 0.919723 0.017130 6.851859 0.444067 13.540971 200.000000 13.540971 0.004365 1.745860 0.895994 -1.498784 200.000000 -1.498784 0.265217 106.086717 0.444067 10.592149 200.000000 10.592149 0.056309 22.523492 0.895994 -3.141745 200.000000 -3.141745
 40.000000 0.888872 0.458157 0.858989 0.511995 1.094876 1.033291 0.458157 0.888872 0.511995 0.858989 0.019853 7.941049 0.444067 13.540971 200.000000 13.540971 0.005073 2.029060 0.895994 -1.498784 200.000000 -1.498784 0.461421 184.568430 0.444067 10.592149 200.000000 10.592149 0.136938 54.775110 0.895994 -3.141745 200.000000 -3.141745
 40.200000 0.893775 0.448515 0.906485 0.422237 1.105693 1.134885 0.448515 0.893775 0.422237 0.906485 0.001979 0.791461 0.444067 13.540971 200.000000 13.540971 0.000492 0.196848 0.895994 -1.498784 200.000000 -1.498784 0.047653 19.061269 0.444067 10.592149 200.000000 10.592149 0.011008 4.403029 0.895994 -3.141745 200.000000 -3.141745
 40.400000 0.850067 0.526675 0.914140 0.405398 1.016112 1.153382 0.526675 0.850067 0.405398 0.914140 0.682407 272.962995 0.444067 13.540971 200.000000 13.540971 0.210927 84.370763 0.895994 -1.498784 200.000000 -1.498784 0.149527 59.810931 0.444067 10.592149 200.000000 10.592149 0.032930 13.171932 0.895994 -3.141745 200.000000 -3.141745
 40.600000 0.862132 0.506684 0.823441 0.567402 1.039462 0.967449 0.506684 0.862132 0.567402 0.823441 0.392096 156.838340 0.444067 13.540971 200.000000 13.540971 0.114664 45.865471 0.895994 -1.498784 200.000000 -1.498784 1.521158 608.463368 0.444067 10.592149 200.000000 10.592149 0.526390 210.556046 0.895994 -3.141745 200.000000 -3.141745
 40.800000 0.890526 0.454932 0.866717 0.498800 1.098501 1.048582 0.454932 0.890526 0.498800 0.866717 0.011805 4.721872 0.444067 13.540971 200.000000 13.540971 0.002989 1.195683 0.895994 -1.498784 200.000000 -1.498784 0.299576 119.830289 0.444067 10.592149 200.000000 10.592149 0.085713 34.285074 0.895994 -3.141745 200.000000 -3.141745
 41.000000 0.900463 0.434933 0.876426 0.481536 1.120832 1.068390 0.434933 0.900463 0.481536 0.876426 0.008342 3.336622 0.444067 13.540971 200.000000 13.540971 0.001997 0.798825 0.895994 -1.498784 200.000000 -1.498784 0.140396 56.158377 0.444067 10.592149 200.000000 10.592149 0.038289 15.315474 0.895994 -3.141745 200.000000 -3.141745
 41.200000 0.876474 0.481450 0.849563 0.527487 1.068488 1.015157 0.481450 0.876474 0.527487 0.849563 0.139750 55.900018 0.444067 13.540971 200.000000 13.540971 0.038103 15.241357 0.895994 -1.498784 200.000000 -1.498784 0.695894 278.357683 0.444067 10.592149 200.000000 10.592149 0.215580 86.232030 0.895994 -3.141745 200.000000 -3.141745
 41.400000 0.838465 0.544956 0.902964 0.429715 0.994460 1.126619 0.544956 0.838465 0.429715 0.902964 1.017869 407.147609 0.444067 13.540971 200.000000 13.540971 0.330961 132.384359 0.895994 -1.498784 200.000000 -1.498784 0.020596 8.238387 0.444067 10.592149 200.000000 10.592149 0.004859 1.943597 0.895994 -3.141745 200.000000 -3.141745
 41.600000 0.893000 0.450057 0.879583 0.475745 1.103967 1.074985 0.450057 0.893000 0.475745 0.879583 0.003589 1.435585 0.444067 13.540971 200.000000 13.540971 0.000896 0.358597 0.895994 -1.498784 200.000000 -1.498784 0.100354 40.141570 0.444067 10.592149 200.000000 10.592149 0.026931 10.772425 0.895994 -3.141745 200.000000 -3.141745
 41.800000 0.889842 0.456269 0.868317 0.496010 1.096999 1.051798 0.456269 0.889842 0.496010 0.868317 0.014890 5.955915 0.444067 13.540971 200.000000 13.540971 0.003785 1.513820 0.895994 -1.498784 200.000000 -1.498784 0.269816 107.926593 0.444067 10.592149 200.000000 10.592149 0.076603 30.641178 0.895994 -3.141745 200.000000 -3.141745
 42.000000 0.868672 0.495388 0.897585 0.440842 1.052515 1.114259 0.495388 0.868672 0.440842 0.897585 0.263392 105.356764 0.444067 13.540971 200.000000 13.540971 0.074650 29.859986 0.895994 -1.498784 200.000000 -1.498784 0.001040 0.415849 0.444067 10.592149 200.000000 10.592149 0.000253 0.101226 0.895994 -3.141745 200.000000 -3.141745
 42.200000 0.827654 0.561238 0.899704 0.436500 0.974915 1.119091 0.561238 0.827654 0.436500 0.899704 1.372917 549.166926 0.444067 13.540971 200.000000 13.540971 0.467028 186.811087 0.895994 -1.498784 200.000000 -1.498784 0.005725 2.289935 0.444067 10.592149 200.000000 10.592149 0.001377 0.550657 0.895994 -3.141745 200.000000 -3.141745
 42.400000 0.846843 0.531843 0.837663 0.546187 1.010021 0.992991 0.531843 0.846843 0.546187 0.837663 0.770465 308.186100 0.444067 13.540971 200.000000 13.540971 0.241579 96.631459 0.895994 -1.498784 200.000000 -1.498784 1.042862 417.144959 0.444067 10.592149 200.000000 10.592149 0.340247 136.098641 0.895994 -3.141745 200.000000 -3.141745
 42.600000 0.859747 0.510720 0.879689 0.475550 1.034774 1.075207 0.510720 0.859747 0.475550 0.879689 0.444267 177.706900 0.444067 13.540971 200.000000 13.540971 0.131382 52.552826 0.895994 -1.498784 200.000000 -1.498784 0.099119 39.647475 0.444067 10.592149 200.000000 10.592149 0.026585 10.634038 0.895994 -3.141745 200.000000 -3.141745
 42.800000 0.875983 0.482343 0.873628 0.486594 1.067469 1.062610 0.482343 0.875983 0.486594 0.873628 0.146506 58.602461 0.444067 13.540971 200.000000 13.540971 0.040045 16.017910 0.895994 -1.498784 200.000000 -1.498784 0.180856 72.342331 0.444067 10.592149 200.000000 10.592149 0.050021 20.008469 0.895994 -3.141745 200.000000 -3.141745
 43.000000 0.888801 0.458293 0.891331 0.453353 1.094722 1.100273 0.458293 0.888801 0.453353 0.891331 0.020240 8.096115 0.444067 13.540971 200.000000 13.540971 0.005174 2.069473 0.895994 -1.498784 200.000000 -1.498784 0.008624 3.449428 0.444067 10.592149 200.000000 10.592149 0.002174 0.869623 0.895994 -3.141745 200.000000 -3.141745
 43.200000 0.886810 0.462135 0.886477 0.462772 1.090395 1.089677 0.462135 0.886810 0.462772 0.886477 0.032647 13.058870 0.444067 13.540971 200.000000 13.540971 0.008435 3.374027 0.895994 -1.498784 200.000000 -1.498784 0.034989 13.995494 0.444067 10.592149 200.000000 10.592149 0.009056 3.622456 0.895994 -3.141745 200.000000 -3.141745
 43.400000 0.835166 0.549998 0.894055 0.447958 0.988435 1.106316 0.549998 0.835166 0.447958 0.894055 1.122138 448.855100 0.444067 13.540971 200.000000 13.540971 0.369999 147.999633 0.895994 -1.498784 200.000000 -1.498784 0.001514 0.605715 0.444067 10.592149 200.000000 10.592149 0.000376 0.150416 0.895994 -3.141745 200.000000 -3.141745
 43.600000 0.851058 0.525072 0.870243 0.492623 1.017997 1.055695 0.525072 0.851058 0.492623 0.870243 0.656184 262.473439 0.444067 13.540971 200.000000 13.540971 0.201923 80.769134 0.895994 -1.498784 200.000000 -1.498784 0.235772 94.308934 0.444067 10.592149 200.000000 10.592149 0.066311 26.524456 0.895994 -3.141745 200.000000 -3.141745
 43.800000 0.902677 0.430319 0.890724 0.454544 1.125950 1.098936 0.430319 0.902677 0.454544 0.890724 0.018900 7.560029 0.444067 13.540971 200.000000 13.540971 0.004466 1.786594 0.895994 -1.498784 200.000000 -1.498784 0.010978 4.391138 0.444067 10.592149 200.000000 10.592149 0.002777 1.110729 0.895994 -3.141745 200.000000 -3.141745
 44.000000 0.909699 0.415269 0.919552 0.392967 1.142558 1.166940 0.415269 0.909699 0.392967 0.919552 0.082930 33.171981 0.444067 13.540971 200.000000 13.540971 0.018782 7.512933 0.895994 -1.498784 200.000000 -1.498784 0.261114 104.445416 0.444067 10.592149 200.000000 10.592149 0.055501 22.200406 0.895994 -3.141745 200.000000 -3.141745
 44.200000 0.888753 0.458386 0.879934 0.475096 1.094618 1.075723 0.458386 0.888753 0.475096 0.879934 0.020504 8.201787 0.444067 13.540971 200.000000 13.540971 0.005243 2.097027 0.895994 -1.498784 200.000000 -1.498784 0.096285 38.513808 0.444067 10.592149 200.000000 10.592149 0.025792 10.316943 0.895994 -3.141745 200.000000 -3.141745
 44.400000 0.865064 0.501661 0.838822 0.544406 1.045279 0.995115 0.501661 0.865064 0.544406 0.838822 0.331711 132.684424 0.444067 13.540971 200.000000 13.540971 0.095663 38.265263 0.895994 -1.498784 200.000000 -1.498784 1.006808 402.723240 0.444067 10.592149 200.000000 10.592149 0.326866 130.746434 0.895994 -3.141745 200.000000 -3.141745
 44.600000 0.906872 0.421406 0.875526 0.483171 1.135801 1.066523 0.421406 0.906872 0.483171 0.875526 0.051351 20.540472 0.444067 13.540971 200.000000 13.540971 0.011834 4.733583 0.895994 -1.498784 200.000000 -1.498784 0.152917 61.166691 0.444067 10.592149 200.000000 10.592149 0.041893 16.757347 0.895994 -3.141745 200.000000 -3.141745
 44.800000 0.905586 0.424163 0.821829 0.569734 1.132759 0.964615 0.424163 0.905586 0.569734 0.821829 0.039615 15.845847 0.444067 13.540971 200.000000 13.540971 0.009201 3.680255 0.895994 -1.498784 200.000000 -1.498784 1.579221 631.688352 0.444067 10.592149 200.000000 10.592149 0.550036 220.014231 0.895994 -3.141745 200.000000 -3.141745
 45.000000 0.857190 0.515000 0.841043 0.540968 1.029789 0.999209 0.515000 0.857190 0.540968 0.841043 0.503152 201.260997 0.444067 13.540971 200.000000 13.540971 0.150571 60.228496 0.895994 -1.498784 200.000000 -1.498784 0.938987 375.594674 0.444067 10.592149 200.000000 10.592149 0.301956 120.782557 0.895994 -3.141745 200.000000 -3.141745
 45.200000 0.840534 0.541759 0.844704 0.535234 0.998268 1.006011 0.541759 0.840534 0.535234 0.844704 0.954378 381.751126 0.444067 13.540971 200.000000 13.540971 0.307579 123.031684 0.895994 -1.498784 200.000000 -1.498784 0.831151 332.460261 0.444067 10.592149 200.000000 10.592149 0.263066 105.226523 0.895994 -3.141745 200.000000 -3.141745
 45.400000 0.877925 0.478798 0.849596 0.527433 1.071511 1.015220 0.478798 0.877925 0.527433 0.849596 0.120630 48.251871 0.444067 13.540971 200.000000 13.540971 0.032648 13.059397 0.895994 -1.498784 200.000000 -1.498784 0.695000 277.999975 0.444067 10.592149 200.000000 10.592149 0.215271 86.108427 0.895994 -3.141745 200.000000 -3.141745
 45.600000 0.886589 0.462557 0.922617 0.385717 1.089919 1.174812 0.462557 0.886589 0.385717 0.922617 0.034190 13.675924 0.444067 13.540971 200.000000 13.540971 0.008844 3.537620 0.895994 -1.498784 200.000000 -1.498784 0.340468 136.187150 0.444067 10.592149 200.000000 10.592149 0.070880 28.352165 0.895994 -3.141745 200.000000 -3.141745
 45.800000 0.890517 0.454951 0.950066 0.312050 1.098479 1.253447 0.454951 0.890517 0.312050 0.950066 0.011846 4.738556 0.444067 13.540971 200.000000 13.540971 0.003000 1.199972 0.895994 -1.498784 200.000000 -1.498784 1.742843 697.137370 0.444067 10.592149 200.000000 10.592149 0.292378 116.951102 0.895994 -3.141745 200.000000 -3.141745
 46.000000 0.859642 0.510896 0.871999 0.489508 1.034569 1.059271 0.510896 0.859642 0.489508 0.871999 0.446618 178.647341 0.444067 13.540971 200.000000 13.540971 0.132142 52.856736 0.895994 -1.498784 200.000000 -1.498784 0.206491 82.596471 0.444067 10.592149 200.000000 10.592149 0.057576 23.030246 0.895994 -3.141745 200.000000 -3.141745
 46.200000 0.891475 0.453070 0.859999 0.510296 1.100590 1.035267 0.453070 0.891475 0.510296 0.859999 0.008106 3.242336 0.444067 13.540971 200.000000 13.540971 0.002042 0.816767 0.895994 -1.498784 200.000000 -1.498784 0.438632 175.452924 0.444067 10.592149 200.000000 10.592149 0.129563 51.825321 0.895994 -3.141745 200.000000 -3.141745
 46.400000 0.903337 0.428932 0.903400 0.428799 1.127486 1.127633 0.428932 0.903337 0.428799 0.903400 0.022904 9.161736 0.444067 13.540971 200.000000 13.540971 0.005392 2.156669 0.895994 -1.498784 200.000000 -1.498784 0.023309 9.323538 0.444067 10.592149 200.000000 10.592149 0.005485 2.193934 0.895994 -3.141745 200.000000 -3.141745
 46.600000 0.895313 0.445438 0.860225 0.509915 1.109133 1.035710 0.445438 0.895313 0.509915 0.860225 0.000188 0.075178 0.444067 13.540971 200.000000 13.540971 0.000046 0.018537 0.895994 -1.498784 200.000000 -1.498784 0.433605 173.441944 0.444067 10.592149 200.000000 10.592149 0.127943 51.177299 0.895994 -3.141745 200.000000 -3.141745
 46.800000 0.881044 0.473034 0.867573 0.497310 1.078065 1.050301 0.473034 0.881044 0.497310 0.867573 0.083913 33.565082 0.444067 13.540971 200.000000 13.540971 0.022350 8.939817 0.895994 -1.498784 200.000000 -1.498784 0.283485 113.394156 0.444067 10.592149 200.000000 10.592149 0.080774 32.309755 0.895994 -3.141745 200.000000 -3.141745
 47.000000 0.886693 0.462359 0.891484 0.453052 1.090142 1.100611 0.462359 0.886693 0.453052 0.891484 0.033461 13.384505 0.444067 13.540971 200.000000 13.540971 0.008651 3.460324 0.895994 -1.498784 200.000000 -1.498784 0.008073 3.229355 0.444067 10.592149 200.000000 10.592149 0.002034 0.813456 0.895994 -3.141745 200.000000 -3.141745
 47.200000 0.878421 0.477888 0.887215 0.461355 1.072547 1.091274 0.477888 0.878421 0.461355 0.887215 0.114392 45.756743 0.444067 13.540971 200.000000 13.540971 0.030882 12.352776 0.895994 -1.498784 200.000000 -1.498784 0.029890 11.955912 0.444067 10.592149 200.000000 10.592149 0.007706 3.082337 0.895994 -3.141745 200.000000 -3.141745
 47.400000 0.810421 0.585848 0.832062 0.554682 0.944871 0.982815 0.585848 0.810421 0.554682 0.832062 2.010188 804.075394 0.444067 13.540971 200.000000 13.540971 0.732267 292.906967 0.895994 -1.498784 200.000000 -1.498784 1.223579 489.431724 0.444067 10.592149 200.000000 10.592149 0.408723 163.489147 0.895994 -3.141745 200.000000 -3.141745
 47.600000 0.927154 0.374681 0.867872 0.496788 1.186743 1.050902 0.374681 0.927154 0.496788 0.867872 0.481431 192.572350 0.444067 13.540971 200.000000 13.540971 0.097094 38.837465 0.895994 -1.498784 200.000000 -1.498784 0.277960 111.183862 0.444067 10.592149 200.000000 10.592149 0.079085 31.634163 0.895994 -3.141745 200.000000 -3.141745
 47.800000 0.939551 0.342410 0.887660 0.460499 1.221315 1.092239 0.342410 0.939551 0.460499 0.887660 1.033400 413.360026 0.444067 13.540971 200.000000 13.540971 0.189719 75.887584 0.895994 -1.498784 200.000000 -1.498784 0.027002 10.800632 0.444067 10.592149 200.000000 10.592149 0.006945 2.777844 0.895994 -3.141745 200.000000 -3.141745
 48.000000 0.864481 0.502665 0.840757 0.541412 1.044118 0.998680 0.502665 0.864481 0.541412 0.840757 0.343376 137.350588 0.444067 13.540971 200.000000 13.540971 0.099303 39.721392 0.895994 -1.498784 200.000000 -1.498784 0.947618 379.047164 0.444067 10.592149 200.000000 10.592149 0.305107 122.042974 0.895994 -3.141745 200.000000 -3.141745
 48.200000 0.872530 0.488561 0.916517 0.399996 1.060356 1.159283 0.488561 0.872530 0.399996 0.916517 0.197977 79.190791 0.444067 13.540971 200.000000 13.540971 0.055057 22.022661 0.895994 -1.498784 200.000000 -1.498784 0.194218 77.687390 0.444067 10.592149 200.000000 10.592149 0.042119 16.847645 0.895994 -3.141745 200.000000 -3.141745
 48.400000 0.853101 0.521746 0.903245 0.429125 1.021900 1.127272 0.521746 0.853101 0.429125 0.903245 0.603408 241.363205 0.444067 13.540971 200.000000 13.540971 0.183980 73.591919 0.895994 -1.498784 200.000000 -1.498784 0.022324 8.929620 0.444067 10.592149 200.000000 10.592149 0.005258 2.103172 0.895994 -3.141745 200.000000 -3.141745
 48.600000 0.916838 0.399261 0.880200 0.474603 1.160086 1.076284 0.399261 0.916838 0.474603 0.880200 0.200758 80.303344 0.444067 13.540971 200.000000 13.540971 0.043446 17.378450 0.895994 -1.498784 200.000000 -1.498784 0.093245 37.298056 0.444067 10.592149 200.000000 10.592149 0.024944 9.977548 0.895994 -3.141745 200.000000 -3.141745
 48.800000 0.873835 0.486223 0.860707 0.509101 1.063034 1.036656 0.486223 0.873835 0.509101 0.860707 0.177714 71.085569 0.444067 13.540971 200.000000 13.540971 0.049102 19.640615 0.895994 -1.498784 200.000000 -1.498784 0.422951 169.180545 0.444067 10.592149 200.000000 10.592149 0.124519 49.807401 0.895994 -3.141745 200.000000 -3.141745
 49.000000 0.880034 0.474912 0.868223 0.496173 1.075933 1.051611 0.474912 0.880034 0.496173 0.868223 0.095141 38.056422 0.444067 13.540971 200.000000 13.540971 0.025473 10.189176 0.895994 -1.498784 200.000000 -1.498784 0.271511 108.604551 0.444067 10.592149 200.000000 10.592149 0.077119 30.847596 0.895994 -3.141745 200.000000 -3.141745
 49.200000 0.925333 0.379157 0.924461 0.381276 1.181912 1.179620 0.379157 0.925333 0.381276 0.924461 0.421331 168.532390 0.444067 13.540971 200.000000 13.540971 0.086076 34.430480 0.895994 -1.498784 200.000000 -1.498784 0.394263 157.705139 0.444067 10.592149 200.000000 10.592149 0.081039 32.415655 0.895994 -3.141745 200.000000 -3.141745
 49.400000 0.896991 0.442049 0.860171 0.510006 1.112914 1.035604 0.442049 0.896991 0.510006 0.860171 0.000407 0.162764 0.444067 13.540971 200.000000 13.540971 0.000099 0.039755 0.895994 -1.498784 200.000000 -1.498784 0.434804 173.921589 0.444067 10.592149 200.000000 10.592149 0.128329 51.331771 0.895994 -3.141745 200.000000 -3.141745
 49.600000 0.854687 0.519143 0.863802 0.503832 1.024949 1.042767 0.519143 0.854687 0.503832 0.863802 0.563644 225.457574 0.444067 13.540971 200.000000 13.540971 0.170621 68.248346 0.895994 -1.498784 200.000000 -1.498784 0.357190 142.876030 0.444067 10.592149 200.000000 10.592149 0.103633 41.453267 0.895994 -3.141745 200.000000 -3.141745
 49.800000 0.801736 0.597679 0.910905 0.412616 0.930193 1.145472 0.597679 0.801736 0.412616 0.910905 2.359676 943.870318 0.444067 13.540971 200.000000 13.540971 0.888462 355.384747 0.895994 -1.498784 200.000000 -1.498784 0.098911 39.564571 0.444067 10.592149 200.000000 10.592149 0.022234 8.893633 0.895994 -3.141745 200.000000 -3.141745
 50.000000 0.876098 0.482134 0.906166 0.422921 1.067708 1.134130 0.482134 0.876098 0.422921 0.906166 0.144910 57.964187 0.444067 13.540971 200.000000 13.540971 0.039586 15.834245 0.895994 -1.498784 200.000000 -1.498784 0.044712 17.884802 0.444067 10.592149 200.000000 10.592149 0.010348 4.139268 0.895994 -3.141745 200.000000 -3.141745
 50.200000 0.928710 0.370806 0.887345 0.461106 1.190919 1.091555 0.370806 0.928710 0.461106 0.887345 0.536709 214.683505 0.444067 13.540971 200.000000 13.540971 0.107037 42.814756 0.895994 -1.498784 200.000000 -1.498784 0.029035 11.613831 0.444067 10.592149 200.000000 10.592149 0.007480 2.992063 0.895994 -3.141745 200.000000 -3.141745
 50.400000 0.856933 0.515427 0.848421 0.529322 1.029290 1.012995 0.515427 0.856933 0.529322 0.848421 0.509231 203.692310 0.444067 13.540971 200.000000 13.540971 0.152571 61.028267 0.895994 -1.498784 200.000000 -1.498784 0.726844 290.737630 0.444067 10.592149 200.000000 10.592149 0.226315 90.526132 0.895994 -3.141745 200.000000 -3.141745
 50.600000 0.878368 0.477985 0.903956 0.427626 1.072437 1.128932 0.477985 0.878368 0.427626 0.903956 0.115045 46.017808 0.444067 13.540971 200.000000 13.540971 0.031066 12.426586 0.895994 -1.498784 200.000000 -1.498784 0.027031 10.812269 0.444067 10.592149 200.000000 10.592149 0.006340 2.535843 0.895994 -3.141745 200.000000 -3.141745
 50.800000 0.884174 0.467157 0.915977 0.401231 1.084724 1.157936 0.467157 0.884174 0.401231 0.915977 0.053317 21.326765 0.444067 13.540971 200.000000 13.540971 0.013970 5.587956 0.895994 -1.498784 200.000000 -1.498784 0.183491 73.396313 0.444067 10.592149 200.000000 10.592149 0.039933 15.973163 0.895994 -3.141745 200.000000 -3.141745
 51.000000 0.899539 0.436840 0.841122 0.540846 1.118714 0.999354 0.436840 0.899539 0.540846 0.841122 0.005223 2.089177 0.444067 13.540971 200.000000 13.540971 0.001257 0.502861 0.895994 -1.498784 200.000000 -1.498784 0.936619 374.647632 0.444067 10.592149 200.000000 10.592149 0.301093 120.437207 0.895994 -3.141745 200.000000 -3.141745
 51.200000 0.892985 0.450085 0.831672 0.555267 1.103935 0.982113 0.450085 0.892985 0.555267 0.831672 0.003623 1.449066 0.444067 13.540971 200.000000 13.540971 0.000905 0.361993 0.895994 -1.498784 200.000000 -1.498784 1.236548 494.619198 0.444067 10.592149 200.000000 10.592149 0.413725 165.490160 0.895994 -3.141745 200.000000 -3.141745
 51.400000 0.851277 0.524716 0.846674 0.532112 1.018415 1.009703 0.524716 0.851277 0.532112 0.846674 0.650430 260.171919 0.444067 13.540971 200.000000 13.540971 0.199955 79.982008 0.895994 -1.498784 200.000000 -1.498784 0.775197 310.078866 0.444067 10.592149 200.000000 10.592149 0.243244 97.297443 0.895994 -3.141745 200.000000 -3.141745
 51.600000 0.883521 0.468392 0.848174 0.529718 1.083327 1.012528 0.468392 0.883521 0.529718 0.848174 0.059170 23.668132 0.444067 13.540971 200.000000 13.540971 0.015557 6.222813 0.895994 -1.498784 200.000000 -1.498784 0.733619 293.447780 0.444067 10.592149 200.000000 10.592149 0.228676 91.470374 0.895994 -3.141745 200.000000 -3.141745
 51.800000 0.915387 0.402575 0.896796 0.442445 1.156468 1.112473 0.402575 0.915387 0.442445 0.896796 0.172151 68.860505 0.444067 13.540971 200.000000 13.540971 0.037609 15.043557 0.895994 -1.498784 200.000000 -1.498784 0.000263 0.105204 0.444067 10.592149 200.000000 10.592149 0.000064 0.025724 0.895994 -3.141745 200.000000 -3.141745
 52.000000 0.892826 0.450402 0.898749 0.438463 1.103581 1.116908 0.450402 0.892826 0.438463 0.898749 0.004013 1.605250 0.444067 13.540971 200.000000 13.540971 0.001003 0.401365 0.895994 -1.498784 200.000000 -1.498784 0.003140 1.255867 0.444067 10.592149 200.000000 10.592149 0.000759 0.303667 0.895994 -3.141745 200.000000 -3.141745
 52.200000 0.859434 0.511247 0.918229 0.396049 1.034161 1.163586 0.511247 0.859434 0.396049 0.918229 0.451321 180.528284 0.444067 13.540971 200.000000 13.540971 0.133663 53.465221 0.895994 -1.498784 200.000000 -1.498784 0.230570 92.228175 0.444067 10.592149 200.000000 10.592149 0.049442 19.776988 0.895994 -3.141745 200.000000 -3.141745
 52.400000 0.840086 0.542454 0.899129 0.437684 0.997441 1.117775 0.542454 0.840086 0.437684 0.899129 0.968001 387.200409 0.444067 13.540971 200.000000 13.540971 0.312571 125.028383 0.895994 -1.498784 200.000000 -1.498784 0.004074 1.629546 0.444067 10.592149 200.000000 10.592149 0.000983 0.393160 0.895994 -3.141745 200.000000 -3.141745
 52.600000 0.861923 0.507038 0.879321 0.476229 1.039051 1.074435 0.507038 0.861923 0.476229 0.879321 0.396545 158.618085 0.444067 13.540971 200.000000 13.540971 0.116079 46.431515 0.895994 -1.498784 200.000000 -1.498784 0.103442 41.376613 0.444067 10.592149 200.000000 10.592149 0.027797 11.118820 0.895994 -3.141745 200.000000 -3.141745
 52.800000 0.868185 0.496241 0.900032 0.435824 1.051532 1.119843 0.496241 0.868185 0.435824 0.900032 0.272218 108.887289 0.444067 13.540971 200.000000 13.540971 0.077334 30.933722 0.895994 -1.498784 200.000000 -1.498784 0.006794 2.717610 0.444067 10.592149 200.000000 10.592149 0.001631 0.652258 0.895994 -3.141745 200.000000 -3.141745
 53.000000 0.866902 0.498479 0.828974 0.559287 1.048952 0.977271 0.498479 0.866902 0.559287 0.828974 0.296076 118.430253 0.444067 13.540971 200.000000 13.540971 0.084636 33.854374 0.895994 -1.498784 200.000000 -1.498784 1.327574 531.029550 0.444067 10.592149 200.000000 10.592149 0.449164 179.665509 0.895994 -3.141745 200.000000 -3.141745
 53.200000 0.867737 0.497023 0.857835 0.513924 1.050631 1.031043 0.497023 0.867737 0.513924 0.857835 0.280442 112.176809 0.444067 13.540971 200.000000 13.540971 0.079844 31.937487 0.895994 -1.498784 200.000000 -1.498784 0.488012 195.204844 0.444067 10.592149 200.000000 10.592149 0.145606 58.242356 0.895994 -3.141745 200.000000 -3.141745
 53.400000 0.883740 0.467978 0.829175 0.558989 1.083795 0.977630 0.467978 0.883740 0.558989 0.829175 0.057173 22.869322 0.444067 13.540971 200.000000 13.540971 0.015015 6.005854 0.895994 -1.498784 200.000000 -1.498784 1.320713 528.285380 0.444067 10.592149 200.000000 10.592149 0.446473 178.589242 0.895994 -3.141745 200.000000 -3.141745
 53.600000 0.846872 0.531796 0.795543 0.605897 1.010076 0.919903 0.531796 0.846872 0.605897 0.795543 0.769646 307.858403 0.444067 13.540971 200.000000 13.540971 0.241291 96.516229 0.895994 -1.498784 200.000000 -1.498784 2.618914 1047.565519 0.444067 10.592149 200.000000 10.592149 1.009037 403.614716 0.895994 -3.141745 200.000000 -3.141745
 53.800000 0.919595 0.392867 0.845869 0.533391 1.167049 1.008191 0.392867 0.919595 0.533391 0.845869 0.262140 104.856157 0.444067 13.540971 200.000000 13.540971 0.055703 22.281314 0.895994 -1.498784 200.000000 -1.498784 0.797891 319.156598 0.444067 10.592149 200.000000 10.592149 0.251254 100.501461 0.895994 -3.141745 200.000000 -3.141745
 54.000000 0.875887 0.482517 0.843959 0.536408 1.067271 1.004621 0.482517 0.875887 0.536408 0.843959 0.147840 59.135906 0.444067 13.540971 200.000000 13.540971 0.040429 16.171531 0.895994 -1.498784 200.000000 -1.498784 0.852696 341.078430 0.444067 10.592149 200.000000 10.592149 0.270765 108.305953 0.895994 -3.141745 200.000000 -3.141745
 54.200000 0.903610 0.428355 0.904762 0.425918 1.128124 1.130820 0.428355 0.903610 0.425918 0.904762 0.024684 9.873586 0.444067 13.540971 200.000000 13.540971 0.005801 2.320461 0.895994 -1.498784 200.000000 -1.498784 0.032937 13.174950 0.444067 10.592149 200.000000 10.592149 0.007688 3.075123 0.895994 -3.141745 200.000000 -3.141745
 54.400000 0.899274 0.437386 0.911998 0.410194 1.118107 1.148130 0.437386 0.899274 0.410194 0.911998 0.004463 1.785242 0.444067 13.540971 200.000000 13.540971 0.001076 0.430365 0.895994 -1.498784 200.000000 -1.498784 0.114736 45.894558 0.444067 10.592149 200.000000 10.592149 0.025615 10.245868 0.895994 -3.141745 200.000000 -3.141745
 54.600000 0.863005 0.505195 0.885217 0.465179 1.041189 1.086960 0.505195 0.863005 0.465179 0.885217 0.373663 149.465071 0.444067 13.540971 200.000000 13.540971 0.108823 43.529116 0.895994 -1.498784 200.000000 -1.498784 0.044572 17.828951 0.444067 10.592149 200.000000 10.592149 0.011614 4.645768 0.895994 -3.141745 200.000000 -3.141745
 54.800000 0.879414 0.476058 0.938671 0.344815 1.074629 1.218754 0.476058 0.879414 0.344815 0.938671 0.102346 40.938482 0.444067 13.540971 200.000000 13.540971 0.027490 10.995857 0.895994 -1.498784 200.000000 -1.498784 0.985083 394.033371 0.444067 10.592149 200.000000 10.592149 0.182131 72.852372 0.895994 -3.141745 200.000000 -3.141745
 55.000000 0.864086 0.503344 0.910776 0.412901 1.043331 1.145160 0.503344 0.864086 0.412901 0.910776 0.351386 140.554379 0.444067 13.540971 200.000000 13.540971 0.101811 40.724581 0.895994 -1.498784 200.000000 -1.498784 0.097130 38.852196 0.444067 10.592149 200.000000 10.592149 0.021851 8.740547 0.895994 -3.141745 200.000000 -3.141745
 55.200000 0.875591 0.483053 0.864084 0.503348 1.066658 1.043327 0.483053 0.875591 0.503348 0.864084 0.151995 60.798049 0.444067 13.540971 200.000000 13.540971 0.041627 16.650890 0.895994 -1.498784 200.000000 -1.498784 0.351434 140.573568 0.444067 10.592149 200.000000 10.592149 0.101826 40.730598 0.895994 -3.141745 200.000000 -3.141745
 55.400000 0.887575 0.460663 0.853972 0.520319 1.092054 1.023572 0.460663 0.887575 0.520319 0.853972 0.027545 11.018121 0.444067 13.540971 200.000000 13.540971 0.007088 2.835083 0.895994 -1.498784 200.000000 -1.498784 0.581437 232.574825 0.444067 10.592149 200.000000 10.592149 0.176581 70.632505 0.895994 -3.141745 200.000000 -3.141745
 55.600000 0.891397 0.453223 0.881970 0.471306 1.100419 1.080025 0.453223 0.891397 0.471306 0.881970 0.008383 3.353253 0.444067 13.540971 200.000000 13.540971 0.002113 0.845069 0.895994 -1.498784 200.000000 -1.498784 0.074199 29.679439 0.444067 10.592149 200.000000 10.592149 0.019667 7.866940 0.895994 -3.141745 200.000000 -3.141745
 55.800000 0.910817 0.412810 0.862847 0.505465 1.145259 1.040876 0.412810 0.910817 0.505465 0.862847 0.097695 39.077866 0.444067 13.540971 200.000000 13.540971 0.021973 8.789063 0.895994 -1.498784 200.000000 -1.498784 0.376974 150.789534 0.444067 10.592149 200.000000 10.592149 0.109869 43.947757 0.895994 -3.141745 200.000000 -3.141745
 56.000000 0.861356 0.508001 0.865711 0.500544 1.037933 1.046569 0.508001 0.861356 0.500544 0.865711 0.408766 163.506485 0.444067 13.540971 200.000000 13.540971 0.119976 47.990408 0.895994 -1.498784 200.000000 -1.498784 0.318973 127.589174 0.444067 10.592149 200.000000 10.592149 0.091705 36.682043 0.895994 -3.141745 200.000000 -3.141745
 56.200000 0.895013 0.446040 0.855380 0.518000 1.108461 1.026285 0.446040 0.895013 0.518000 0.855380 0.000389 0.155704 0.444067 13.540971 200.000000 13.540971 0.000096 0.038458 0.895994 -1.498784 200.000000 -1.498784 0.546620 218.648019 0.444067 10.592149 200.000000 10.592149 0.164945 65.977869 0.895994 -3.141745 200.000000 -3.141745
 56.400000 0.859511 0.511117 0.902366 0.430971 1.034312 1.125228 0.511117 0.859511 0.430971 0.902366 0.449577 179.830995 0.444067 13.540971 200.000000 13.540971 0.133099 53.239547 0.895994 -1.498784 200.000000 -1.498784 0.017149 6.859587 0.444067 10.592149 200.000000 10.592149 0.004060 1.624047 0.895994 -3.141745 200.000000 -3.141745
 56.600000 0.880014 0.474948 0.890706 0.454580 1.075891 1.098896 0.474948 0.880014 0.454580 0.890706 0.095369 38.147418 0.444067 13.540971 200.000000 13.540971 0.025536 10.214587 0.895994 -1.498784 200.000000 -1.498784 0.011052 4.420883 0.444067 10.592149 200.000000 10.592149 0.002796 1.118364 0.895994 -3.141745 200.000000 -3.141745
 56.800000 0.873338 0.487116 0.912716 0.408594 1.062012 1.149884 0.487116 0.873338 0.408594 0.912716 0.185321 74.128532 0.444067 13.540971 200.000000 13.540971 0.051331 20.532243 0.895994 -1.498784 200.000000 -1.498784 0.125833 50.333342 0.444067 10.592149 200.000000 10.592149 0.027965 11.185871 0.895994 -3.141745 200.000000 -3.141745
 57.000000 0.897402 0.441214 0.898786 0.438388 1.113846 1.116992 0.441214 0.897402 0.438388 0.898786 0.000814 0.325558 0.444067 13.540971 200.000000 13.540971 0.000198 0.079330 0.895994 -1.498784 200.000000 -1.498784 0.003225 1.289827 0.444067 10.592149 200.000000 10.592149 0.000780 0.311813 0.895994 -3.141745 200.000000 -3.141745
 57.200000 0.842667 0.538435 0.868446 0.495783 1.002217 1.052060 0.538435 0.842667 0.495783 0.868446 0.890545 356.218168 0.444067 13.540971 200.000000 13.540971 0.284376 113.750488 0.895994 -1.498784 200.000000 -1.498784 0.267458 106.983013 0.444067 10.592149 200.000000 10.592149 0.075885 30.354113 0.895994 -3.141745 200.000000 -3.141745
 57.400000 0.880063 0.474858 0.890224 0.455524 1.075994 1.097836 0.474858 0.880063 0.455524 0.890224 0.094810 37.923876 0.444067 13.540971 200.000000 13.540971 0.025380 10.152169 0.895994 -1.498784 200.000000 -1.498784 0.013127 5.250693 0.444067 10.592149 200.000000 10.592149 0.003329 1.331796 0.895994 -3.141745 200.000000 -3.141745
 57.600000 0.888424 0.459023 0.895130 0.445805 1.093901 1.108723 0.459023 0.888424 0.445805 0.895130 0.022369 8.947751 0.444067 13.540971 200.000000 13.540971 0.005730 2.291830 0.895994 -1.498784 200.000000 -1.498784 0.000302 0.120889 0.444067 10.592149 200.000000 10.592149 0.000075 0.029839 0.895994 -3.141745 200.000000 -3.141745
 57.800000 0.859005 0.511967 0.892911 0.450232 1.033323 1.103771 0.511967 0.859005 0.450232 0.892911 0.461045 184.417841 0.444067 13.540971 200.000000 13.540971 0.136816 54.726216 0.895994 -1.498784 200.000000 -1.498784 0.003802 1.520630 0.444067 10.592149 200.000000 10.592149 0.000950 0.380027 0.895994 -3.141745 200.000000 -3.141745
 58.000000 0.862909 0.505360 0.883859 0.467754 1.040998 1.084048 0.505360 0.862909 0.467754 0.883859 0.375685 150.273966 0.444067 13.540971 200.000000 13.540971 0.109462 43.784740 0.895994 -1.498784 200.000000 -1.498784 0.056109 22.443561 0.444067 10.592149 200.000000 10.592149 0.014726 5.890369 0.895994 -3.141745 200.000000 -3.141745
 58.200000 0.888181 0.459494 0.855088 0.518483 1.093371 1.025721 0.459494 0.888181 0.518483 0.855088 0.023801 9.520375 0.444067 13.540971 200.000000 13.540971 0.006104 2.441710 0.895994 -1.498784 200.000000 -1.498784 0.553777 221.510639 0.444067 10.592149 200.000000 10.592149 0.167328 66.931067 0.895994 -3.141745 200.000000 -3.141745
 58.400000 0.881050 0.473022 0.858584 0.512673 1.078078 1.032502 0.473022 0.881050 0.512673 0.858584 0.083843 33.537363 0.444067 13.540971 200.000000 13.540971 0.022330 8.932137 0.895994 -1.498784 200.000000 -1.498784 0.470678 188.271114 0.444067 10.592149 200.000000 10.592149 0.139948 55.979043 0.895994 -3.141745 200.000000 -3.141745
 58.600000 0.881275 0.472604 0.867087 0.498157 1.078553 1.049325 0.472604 0.881275 0.498157 0.867087 0.081439 32.575688 0.444067 13.540971 200.000000 13.540971 0.021665 8.665911 0.895994 -1.498784 200.000000 -1.498784 0.292573 117.029023 0.444067 10.592149 200.000000 10.592149 0.083560 33.423868 0.895994 -3.141745 200.000000 -3.141745
 58.800000 0.857519 0.514452 0.850363 0.526196 1.030428 1.016676 0.514452 0.857519 0.526196 0.850363 0.495406 198.162325 0.444067 13.540971 200.000000 13.540971 0.148028 59.211199 0.895994 -1.498784 200.000000 -1.498784 0.674520 269.808000 0.444067 10.592149 200.000000 10.592149 0.208213 83.285049 0.895994 -3.141745 200.000000 -3.141745
 59.000000 0.870677 0.491855 0.831713 0.555205 1.056578 0.982186 0.491855 0.870677 0.555205 0.831713 0.228369 91.347700 0.444067 13.540971 200.000000 13.540971 0.064092 25.636857 0.895994 -1.498784 200.000000 -1.498784 1.235183 494.073099 0.444067 10.592149 200.000000 10.592149 0.413198 165.279288 0.895994 -3.141745 200.000000 -3.141745
 59.200000 0.851797 0.523872 0.857802 0.513981 1.019406 1.030977 0.523872 0.851797 0.513981 0.857802 0.636884 254.753741 0.444067 13.540971 200.000000 13.540971 0.195334 78.133430 0.895994 -1.498784 200.000000 -1.498784 0.488803 195.521158 0.444067 10.592149 200.000000 10.592149 0.145865 58.345879 0.895994 -3.141745 200.000000 -3.141745
 59.400000 0.894058 0.447951 0.888509 0.458859 1.106325 1.094086 0.447951 0.894058 0.458859 0.888509 0.001509 0.603425 0.444067 13.540971 200.000000 13.540971 0.000375 0.149844 0.895994 -1.498784 200.000000 -1.498784 0.021881 8.752217 0.444067 10.592149 200.000000 10.592149 0.005602 2.240718 0.895994 -3.141745 200.000000 -3.141745
 59.600000 0.876606 0.481209 0.858830 0.512260 1.068763 1.032982 0.481209 0.876606 0.512260 0.858830 0.137953 55.181334 0.444067 13.540971 200.000000 13.540971 0.037588 15.035321 0.895994 -1.498784 200.000000 -1.498784 0.465039 186.015447 0.444067 10.592149 200.000000 10.592149 0.138113 55.245218 0.895994 -3.141745 200.000000 -3.141745
 59.800000 0.878789 0.477210 0.928160 0.372181 1.073319 1.189438 0.477210 0.878789 0.372181 0.928160 0.109850 43.940012 0.444067 13.540971 200.000000 13.540971 0.029600 11.839954 0.895994 -1.498784 200.000000 -1.498784 0.516747 206.698960 0.444067 10.592149 200.000000 10.592149 0.103467 41.386600 0.895994 -3.141745 200.000000 -3.141745
 60.000000 0.880407 0.474218 0.929929 0.367738 1.076720 1.194221 0.474218 0.880407 0.367738 0.929929 0.090913 36.365112 0.444067 13.540971 200.000000 13.540971 0.024294 9.717574 0.895994 -1.498784 200.000000 -1.498784 0.582602 233.040826 0.444067 10.592149 200.000000 10.592149 0.115162 46.064920 0.895994 -3.141745 200.000000 -3.141745
 60.200000 0.891054 0.453897 0.895407 0.445249 1.099663 1.109344 0.453897 0.891054 0.445249 0.895407 0.009663 3.865091 0.444067 13.540971 200.000000 13.540971 0.002440 0.975897 0.895994 -1.498784 200.000000 -1.498784 0.000140 0.055933 0.444067 10.592149 200.000000 10.592149 0.000034 0.013785 0.895994 -3.141745 200.000000 -3.141745
 60.400000 0.908929 0.416951 0.894279 0.447509 1.140708 1.106818 0.416951 0.908929 0.447509 0.894279 0.073524 29.409517 0.444067 13.540971 200.000000 13.540971 0.016732 6.692604 0.895994 -1.498784 200.000000 -1.498784 0.001185 0.474008 0.444067 10.592149 200.000000 10.592149 0.000294 0.117561 0.895994 -3.141745 200.000000 -3.141745
 60.600000 0.880801 0.473487 0.878348 0.478022 1.077551 1.072395 0.473487 0.880801 0.478022 0.878348 0.086555 34.621962 0.444067 13.540971 200.000000 13.540971 0.023082 9.232938 0.895994 -1.498784 200.000000 -1.498784 0.115297 46.118728 0.444067 10.592149 200.000000 10.592149 0.031138 12.455127 0.895994 -3.141745 200.000000 -3.141745
 60.800000 0.896290 0.443468 0.856569 0.516032 1.111333 1.028584 0.443468 0.896290 0.516032 0.856569 0.000036 0.014357 0.444067 13.540971 200.000000 13.540971 0.000009 0.003521 0.895994 -1.498784 200.000000 -1.498784 0.517903 207.161368 0.444067 10.592149 200.000000 10.592149 0.155429 62.171777 0.895994 -3.141745 200.000000 -3.141745
 61.000000 0.899319 0.437293 0.827463 0.561520 1.118210 0.974575 0.437293 0.899319 0.561520 0.827463 0.004588 1.835280 0.444067 13.540971 200.000000 13.540971 0.001106 0.442312 0.895994 -1.498784 200.000000 -1.498784 1.379527 551.810677 0.444067 10.592149 200.000000 10.592149 0.469643 187.857280 0.895994 -3.141745 200.000000 -3.141745
 61.200000 0.874832 0.484427 0.836455 0.548036 1.065089 0.990782 0.484427 0.874832 0.548036 0.836455 0.162894 65.157416 0.444067 13.540971 200.000000 13.540971 0.044783 17.913061 0.895994 -1.498784 200.000000 -1.498784 1.080954 432.381679 0.444067 10.592149 200.000000 10.592149 0.354486 141.794460 0.895994 -3.141745 200.000000 -3.141745
 61.400000 0.837565 0.546338 0.865129 0.501550 0.992811 1.045407 0.546338 0.837565 0.501550 0.865129 1.045935 418.374120 0.444067 13.540971 200.000000 13.540971 0.341391 136.556567 0.895994 -1.498784 200.000000 -1.498784 0.330437 132.174651 0.444067 10.592149 200.000000 10.592149 0.095266 38.106542 0.895994 -3.141745 200.000000 -3.141745
 61.600000 0.895076 0.445913 0.867323 0.497745 1.108602 1.049799 0.445913 0.895076 0.497745 0.867323 0.000341 0.136343 0.444067 13.540971 200.000000 13.540971 0.000084 0.033664 0.895994 -1.498784 200.000000 -1.498784 0.288139 115.255767 0.444067 10.592149 200.000000 10.592149 0.082200 32.879874 0.895994 -3.141745 200.000000 -3.141745
 61.800000 0.883623 0.468199 0.891857 0.452317 1.083545 1.101435 0.468199 0.883623 0.452317 0.891857 0.058236 23.294454 0.444067 13.540971 200.000000 13.540971 0.015303 6.121275 0.895994 -1.498784 200.000000 -1.498784 0.006806 2.722512 0.444067 10.592149 200.000000 10.592149 0.001711 0.684376 0.895994 -3.141745 200.000000 -3.141745
 62.000000 0.910956 0.412504 0.869981 0.493085 1.145595 1.055164 0.412504 0.910956 0.493085 0.869981 0.099619 39.847449 0.444067 13.540971 200.000000 13.540971 0.022386 8.954370 0.895994 -1.498784 200.000000 -1.498784 0.240281 96.112299 0.444067 10.592149 200.000000 10.592149 0.067666 27.066349 0.895994 -3.141745 200.000000 -3.141745
 62.200000 0.873354 0.487086 0.898908 0.438138 1.062047 1.117270 0.487086 0.873354 0.438138 0.898908 0.185065 74.025925 0.444067 13.540971 200.000000 13.540971 0.051255 20.502126 0.895994 -1.498784 200.000000 -1.498784 0.003514 1.405770 0.444067 10.592149 200.000000 10.592149 0.000849 0.339603 0.895994 -3.141745 200.000000 -3.141745
 62.400000 0.852250 0.523135 0.908824 0.417179 1.020271 1.140457 0.523135 0.852250 0.417179 0.908824 0.625179 250.071640 0.444067 13.540971 200.000000 13.540971 0.191353 76.541052 0.895994 -1.498784 200.000000 -1.498784 0.072292 28.916959 0.444067 10.592149 200.000000 10.592149 0.016462 6.584764 0.895994 -3.141745 200.000000 -3.141745
 62.600000 0.899203 0.437532 0.937180 0.348845 1.117944 1.214458 0.437532 0.899203 0.348845 0.937180 0.004270 1.707902 0.444067 13.540971 200.000000 13.540971 0.001030 0.411890 0.895994 -1.498784 200.000000 -1.498784 0.906710 362.683943 0.444067 10.592149 200.000000 10.592149 0.169633 67.853271 0.895994 -3.141745 200.000000 -3.141745
 62.800000 0.861482 0.507788 0.899171 0.437597 1.038181 1.117872 0.507788 0.861482 0.437597 0.899171 0.406038 162.415283 0.444067 13.540971 200.000000 13.540971 0.119105 47.641902 0.895994 -1.498784 200.000000 -1.498784 0.004186 1.674466 0.444067 10.592149 200.000000 10.592149 0.001010 0.403899 0.895994 -3.141745 200.000000 -3.141745
 63.000000 0.905935 0.423418 0.920853 0.389910 1.133582 1.170263 0.423418 0.905935 0.389910 0.920853 0.042638 17.055373 0.444067 13.540971 200.000000 13.540971 0.009882 3.952840 0.895994 -1.498784 200.000000 -1.498784 0.293295 117.317849 0.444067 10.592149 200.000000 10.592149 0.061798 24.719243 0.895994 -3.141745 200.000000 -3.141745
 63.200000 0.875447 0.483314 0.882350 0.470593 1.066360 1.080834 0.483314 0.875447 0.470593 0.882350 0.154034 61.613535 0.444067 13.540971 200.000000 13.540971 0.042216 16.886457 0.895994 -1.498784 200.000000 -1.498784 0.070365 28.145803 0.444067 10.592149 200.000000 10.592149 0.018614 7.445621 0.895994 -3.141745 200.000000 -3.141745
 63.400000 0.831183 0.555999 0.841368 0.540463 0.981232 0.999809 0.555999 0.831183 0.540463 0.841368 1.252890 501.156090 0.444067 13.540971 200.000000 13.540971 0.420046 168.018334 0.895994 -1.498784 200.000000 -1.498784 0.929228 371.691003 0.444067 10.592149 200.000000 10.592149 0.298400 119.360127 0.895994 -3.141745 200.000000 -3.141745
 63.600000 0.930528 0.366221 0.899052 0.437842 1.195852 1.117600 0.366221 0.930528 0.437842 0.899052 0.605999 242.399531 0.444067 13.540971 200.000000 13.540971 0.119261 47.704584 0.895994 -1.498784 200.000000 -1.498784 0.003875 1.550069 0.444067 10.592149 200.000000 10.592149 0.000935 0.374151 0.895994 -3.141745 200.000000 -3.141745
 63.800000 0.856464 0.516207 0.870385 0.492372 1.028380 1.055983 0.516207 0.856464 0.492372 0.870385 0.520417 208.166924 0.444067 13.540971 200.000000 13.540971 0.156259 62.503760 0.895994 -1.498784 200.000000 -1.498784 0.233342 93.336943 0.444067 10.592149 200.000000 10.592149 0.065582 26.232806 0.895994 -3.141745 200.000000 -3.141745
 64.000000 0.879515 0.475871 0.856225 0.516604 1.074843 1.027917 0.475871 0.879515 0.516604 0.856225 0.101150 40.459980 0.444067 13.540971 200.000000 13.540971 0.027154 10.861664 0.895994 -1.498784 200.000000 -1.498784 0.526160 210.464155 0.444067 10.592149 200.000000 10.592149 0.158158 63.263060 0.895994 -3.141745 200.000000 -3.141745
 64.200000 0.874526 0.484979 0.850800 0.525489 1.064457 1.017507 0.484979 0.874526 0.525489 0.850800 0.167382 66.952861 0.444067 13.540971 200.000000 13.540971 0.046087 18.434940 0.895994 -1.498784 200.000000 -1.498784 0.662958 265.183106 0.444067 10.592149 200.000000 10.592149 0.204243 81.697287 0.895994 -3.141745 200.000000 -3.141745
 64.400000 0.893783 0.448499 0.774904 0.632079 1.105711 0.886563 0.448499 0.893783 0.632079 0.774904 0.001965 0.785996 0.444067 13.540971 200.000000 13.540971 0.000489 0.195480 0.895994 -1.498784 200.000000 -1.498784 3.534876 1413.950269 0.444067 10.592149 200.000000 10.592149 1.466280 586.511863 0.895994 -3.141745 200.000000 -3.141745
 64.600000 0.902407 0.430884 0.878808 0.477176 1.125324 1.073358 0.430884 0.902407 0.477176 0.878808 0.017379 6.951517 0.444067 13.540971 200.000000 13.540971 0.004114 1.645407 0.895994 -1.498784 200.000000 -1.498784 0.109623 43.849037 0.444067 10.592149 200.000000 10.592149 0.029536 11.814311 0.895994 -3.141745 200.000000 -3.141745
 64.800000 0.881442 0.472292 0.856018 0.516946 1.078908 1.027517 0.472292 0.881442 0.516946 0.856018 0.079665 31.865843 0.444067 13.540971 200.000000 13.540971 0.021174 8.469697 0.895994 -1.498784 200.000000 -1.498784 0.531138 212.455175 0.444067 10.592149 200.000000 10.592149 0.159805 63.922129 0.895994 -3.141745 200.000000 -3.141745
 65.000000 0.843529 0.537083 0.880764 0.473556 1.003821 1.077473 0.537083 0.843529 0.473556 0.880764 0.865211 346.084536 0.444067 13.540971 200.000000 13.540971 0.275253 110.101351 0.895994 -1.498784 200.000000 -1.498784 0.086960 34.784082 0.444067 10.592149 200.000000 10.592149 0.023195 9.277950 0.895994 -3.141745 200.000000 -3.141745
 65.200000 0.904286 0.426927 0.907953 0.419072 1.129705 1.138373 0.426927 0.904286 0.419072 0.907953 0.029377 11.750642 0.444067 13.540971 200.000000 13.540971 0.006876 2.750499 0.895994 -1.498784 200.000000 -1.498784 0.062472 24.988671 0.444067 10.592149 200.000000 10.592149 0.014302 5.720805 0.895994 -3.141745 200.000000 -3.141745
 65.400000 0.869038 0.494746 0.891561 0.452901 1.053254 1.100780 0.494746 0.869038 0.452901 0.891561 0.256842 102.736704 0.444067 13.540971 200.000000 13.540971 0.072664 29.065566 0.895994 -1.498784 200.000000 -1.498784 0.007804 3.121631 0.444067 10.592149 200.000000 10.592149 0.001965 0.785988 0.895994 -3.141745 200.000000 -3.141745
 65.600000 0.869990 0.493069 0.921369 0.388690 1.055182 1.171587 0.493069 0.869990 0.388690 0.921369 0.240125 96.050127 0.444067 13.540971 200.000000 13.540971 0.067619 27.047650 0.895994 -1.498784 200.000000 -1.498784 0.306657 122.662949 0.444067 10.592149 200.000000 10.592149 0.064388 25.755291 0.895994 -3.141745 200.000000 -3.141745
 65.800000 0.883503 0.468426 0.901734 0.432291 1.083288 1.123764 0.468426 0.883503 0.432291 0.901734 0.059336 23.734398 0.444067 13.540971 200.000000 13.540971 0.015602 6.240827 0.895994 -1.498784 200.000000 -1.498784 0.013867 5.546617 0.444067 10.592149 200.000000 10.592149 0.003295 1.318084 0.895994 -3.141745 200.000000 -3.141745
 66.000000 0.843133 0.537706 0.896209 0.443631 1.003083 1.111150 0.537706 0.843133 0.443631 0.896209 0.876830 350.731884 0.444067 13.540971 200.000000 13.540971 0.279431 111.772418 0.895994 -1.498784 200.000000 -1.498784 0.000019 0.007582 0.444067 10.592149 200.000000 10.592149 0.000005 0.001860 0.895994 -3.141745 200.000000 -3.141745
 66.200000 0.913067 0.407810 0.894519 0.447030 1.150742 1.107354 0.407810 0.913067 0.447030 0.894519 0.131453 52.581367 0.444067 13.540971 200.000000 13.540971 0.029149 11.659480 0.895994 -1.498784 200.000000 -1.498784 0.000878 0.351164 0.444067 10.592149 200.000000 10.592149 0.000217 0.086977 0.895994 -3.141745 200.000000 -3.141745
 66.400000 0.874583 0.484876 0.884569 0.466409 1.064576 1.085569 0.484876 0.874583 0.466409 0.884569 0.166537 66.614624 0.444067 13.540971 200.000000 13.540971 0.045841 18.336535 0.895994 -1.498784 200.000000 -1.498784 0.049920 19.968026 0.444067 10.592149 200.000000 10.592149 0.013053 5.221047 0.895994 -3.141745 200.000000 -3.141745
 66.600000 0.901167 0.433472 0.899496 0.436930 1.122454 1.118614 0.433472 0.901167 0.436930 0.899496 0.011224 4.489734 0.444067 13.540971 200.000000 13.540971 0.002676 1.070482 0.895994 -1.498784 200.000000 -1.498784 0.005094 2.037422 0.444067 10.592149 200.000000 10.592149 0.001226 0.490528 0.895994 -3.141745 200.000000 -3.141745
 66.800000 0.881935 0.471371 0.866644 0.498927 1.079952 1.048436 0.471371 0.881935 0.498927 0.866644 0.074552 29.820989 0.444067 13.540971 200.000000 13.540971 0.019765 7.905889 0.895994 -1.498784 200.000000 -1.498784 0.300968 120.387224 0.444067 10.592149 200.000000 10.592149 0.086141 34.456563 0.895994 -3.141745 200.000000 -3.141745
 67.000000 0.884449 0.466637 0.835431 0.549596 1.085312 0.988916 0.466637 0.884449 0.549596 0.835431 0.050942 20.376634 0.444067 13.540971 200.000000 13.540971 0.013328 5.331266 0.895994 -1.498784 200.000000 -1.498784 1.113639 445.455572 0.444067 10.592149 200.000000 10.592149 0.366788 146.715129 0.895994 -3.141745 200.000000 -3.141745
 67.200000 0.913951 0.405824 0.881607 0.471984 1.152916 1.079256 0.405824 0.913951 0.471984 0.881607 0.146252 58.500749 0.444067 13.540971 200.000000 13.540971 0.032248 12.899010 0.895994 -1.498784 200.000000 -1.498784 0.077939 31.175602 0.444067 10.592149 200.000000 10.592149 0.020698 8.279145 0.895994 -3.141745 200.000000 -3.141745
 67.400000 0.828513 0.559970 0.850502 0.525971 0.976446 1.016939 0.559970 0.828513 0.525971 0.850502 1.343365 537.346093 0.444067 13.540971 200.000000 13.540971 0.455369 182.147721 0.895994 -1.498784 200.000000 -1.498784 0.670839 268.335607 0.444067 10.592149 200.000000 10.592149 0.206948 82.779077 0.895994 -3.141745 200.000000 -3.141745
 67.600000 0.869347 0.494202 0.872233 0.489091 1.053880 1.059749 0.494202 0.869347 0.489091 0.872233 0.251352 100.540728 0.444067 13.540971 200.000000 13.540971 0.071003 28.401337 0.895994 -1.498784 200.000000 -1.498784 0.202723 81.089379 0.444067 10.592149 200.000000 10.592149 0.056460 22.583887 0.895994 -3.141745 200.000000 -3.141745
 67.800000 0.860374 0.509663 0.852713 0.522380 1.036003 1.021156 0.509663 0.860374 0.522380 0.852713 0.430287 172.114745 0.444067 13.540971 200.000000 13.540971 0.126875 50.750167 0.895994 -1.498784 200.000000 -1.498784 0.613302 245.320964 0.444067 10.592149 200.000000 10.592149 0.187325 74.930184 0.895994 -3.141745 200.000000 -3.141745
 68.000000 0.874035 0.485864 0.858751 0.512393 1.063445 1.032827 0.485864 0.874035 0.512393 0.858751 0.174701 69.880306 0.444067 13.540971 200.000000 13.540971 0.048221 19.288361 0.895994 -1.498784 200.000000 -1.498784 0.466848 186.739108 0.444067 10.592149 200.000000 10.592149 0.138701 55.480510 0.895994 -3.141745 200.000000 -3.141745
 68.200000 0.897042 0.441945 0.929016 0.370041 1.113030 1.191744 0.441945 0.897042 0.370041 0.929016 0.000450 0.180021 0.444067 13.540971 200.000000 13.540971 0.000110 0.043957 0.895994 -1.498784 200.000000 -1.498784 0.547984 219.193473 0.444067 10.592149 200.000000 10.592149 0.109044 43.617498 0.895994 -3.141745 200.000000 -3.141745
 68.400000 0.859903 0.510457 0.906241 0.422761 1.035080 1.134306 0.510457 0.859903 0.422761 0.906241 0.440772 176.308731 0.444067 13.540971 200.000000 13.540971 0.130253 52.101399 0.895994 -1.498784 200.000000 -1.498784 0.045392 18.156951 0.444067 10.592149 200.000000 10.592149 0.010501 4.200352 0.895994 -3.141745 200.000000 -3.141745
 68.600000 0.913773 0.406226 0.865899 0.500218 1.152477 1.046946 0.406226 0.913773 0.500218 0.865899 0.143195 57.277823 0.444067 13.540971 200.000000 13.540971 0.031610 12.643803 0.895994 -1.498784 200.000000 -1.498784 0.315300 126.119836 0.444067 10.592149 200.000000 10.592149 0.090567 36.226820 0.895994 -3.141745 200.000000 -3.141745
 68.800000 0.881868 0.471496 0.882260 0.470762 1.079810 1.080642 0.471496 0.881868 0.470762 0.882260 0.075235 30.093956 0.444067 13.540971 200.000000 13.540971 0.019953 7.981027 0.895994 -1.498784 200.000000 -1.498784 0.071264 28.505775 0.444067 10.592149 200.000000 10.592149 0.018861 7.544401 0.895994 -3.141745 200.000000 -3.141745
 69.000000 0.861347 0.508016 0.886098 0.463498 1.037916 1.088858 0.508016 0.861347 0.463498 0.886098 0.408956 163.582287 0.444067 13.540971 200.000000 13.540971 0.120037 48.014628 0.895994 -1.498784 200.000000 -1.498784 0.037756 15.102584 0.444067 10.592149 200.000000 10.592149 0.009792 3.916930 0.895994 -3.141745 200.000000 -3.141745
 69.200000 0.894729 0.446609 0.904666 0.426121 1.107824 1.130596 0.446609 0.894729 0.426121 0.904666 0.000647 0.258614 0.444067 13.540971 200.000000 13.540971 0.000160 0.063979 0.895994 -1.498784 200.000000 -1.498784 0.032205 12.881897 0.444067 10.592149 200.000000 10.592149 0.007521 3.008445 0.895994 -3.141745 200.000000 -3.141745
 69.400000 0.884961 0.465665 0.841898 0.539636 1.086410 1.000792 0.465665 0.884961 0.539636 0.841898 0.046651 18.660240 0.444067 13.540971 200.000000 13.540971 0.012172 4.868985 0.895994 -1.498784 200.000000 -1.498784 0.913352 365.340730 0.444067 10.592149 200.000000 10.592149 0.292631 117.052348 0.895994 -3.141745 200.000000 -3.141745
 69.600000 0.857039 0.515252 0.862689 0.505735 1.029495 1.040562 0.515252 0.857039 0.505735 0.862689 0.506733 202.693235 0.444067 13.540971 200.000000 13.540971 0.151749 60.699459 0.895994 -1.498784 200.000000 -1.498784 0.380304 152.121424 0.444067 10.592149 200.000000 10.592149 0.110923 44.369207 0.895994 -3.141745 200.000000 -3.141745
 69.800000 0.862568 0.505942 0.901594 0.432584 1.040323 1.123440 0.505942 0.862568 0.432584 0.901594 0.382855 153.141973 0.444067 13.540971 200.000000 13.540971 0.111731 44.692451 0.895994 -1.498784 200.000000 -1.498784 0.013185 5.274112 0.444067 10.592149 200.000000 10.592149 0.003136 1.254360 0.895994 -3.141745 200.000000 -3.141745
 70.000000 0.852561 0.522627 0.852931 0.522023 1.020867 1.021575 0.522627 0.852561 0.522023 0.852931 0.617179 246.871732 0.444067 13.540971 200.000000 13.540971 0.188639 75.455484 0.895994 -1.498784 200.000000 -1.498784 0.607725 243.089987 0.444067 10.592149 200.000000 10.592149 0.185438 74.175388 0.895994 -3.141745 200.000000 -3.141745
 70.200000 0.850162 0.526521 0.896820 0.442395 1.016293 1.112528 0.526521 0.850162 0.442395 0.896820 0.679876 271.950350 0.444067 13.540971 200.000000 13.540971 0.210055 84.022059 0.895994 -1.498784 200.000000 -1.498784 0.000279 0.111722 0.444067 10.592149 200.000000 10.592149 0.000068 0.027314 0.895994 -3.141745 200.000000 -3.141745
 70.400000 0.874433 0.485147 0.881089 0.472950 1.064265 1.078161 0.485147 0.874433 0.472950 0.881089 0.168757 67.502972 0.444067 13.540971 200.000000 13.540971 0.046488 18.595075 0.895994 -1.498784 200.000000 -1.498784 0.083423 33.369076 0.444067 10.592149 200.000000 10.592149 0.022214 8.885516 0.895994 -3.141745 200.000000 -3.141745
 70.600000 0.878348 0.478022 0.858442 0.512910 1.072395 1.032225 0.478022 0.878348 0.512910 0.858442 0.115297 46.118779 0.444067 13.540971 200.000000 13.540971 0.031138 12.455141 0.895994 -1.498784 200.000000 -1.498784 0.473948 189.579039 0.444067 10.592149 200.000000 10.592149 0.141013 56.405101 0.895994 -3.141745 200.000000 -3.141745
 70.800000 0.910080 0.414432 0.897523 0.440967 1.143477 1.114120 0.414432 0.910080 0.440967 0.897523 0.087818 35.127298 0.444067 13.540971 200.000000 13.540971 0.019842 7.936946 0.895994 -1.498784 200.000000 -1.498784 0.000961 0.384247 0.444067 10.592149 200.000000 10.592149 0.000234 0.093566 0.895994 -3.141745 200.000000 -3.141745
 71.000000 0.894053 0.447961 0.865440 0.501013 1.106313 1.046027 0.447961 0.894053 0.501013 0.865440 0.001517 0.606689 0.444067 13.540971 200.000000 13.540971 0.000377 0.150659 0.895994 -1.498784 200.000000 -1.498784 0.324293 129.717251 0.444067 10.592149 200.000000 10.592149 0.093356 37.342418 0.895994 -3.141745 200.000000 -3.141745
 71.200000 0.859069 0.511860 0.864646 0.502381 1.033447 1.044445 0.511860 0.859069 0.502381 0.864646 0.459599 183.839491 0.444067 13.540971 200.000000 13.540971 0.136346 54.538483 0.895994 -1.498784 200.000000 -1.498784 0.340063 136.025025 0.444067 10.592149 200.000000 10.592149 0.098268 39.307134 0.895994 -3.141745 200.000000 -3.141745
 71.400000 0.864988 0.501793 0.910782 0.412889 1.045126 1.145173 0.501793 0.864988 0.412889 0.910782 0.333232 133.292672 0.444067 13.540971 200.000000 13.540971 0.096137 38.454737 0.895994 -1.498784 200.000000 -1.498784 0.097207 38.882646 0.444067 10.592149 200.000000 10.592149 0.021868 8.747094 0.895994 -3.141745 200.000000 -3.141745
 71.600000 0.860554 0.509360 0.912335 0.409444 1.036356 1.148952 0.509360 0.860554 0.409444 0.912335 0.426317 170.526850 0.444067 13.540971 200.000000 13.540971 0.125599 50.239707 0.895994 -1.498784 200.000000 -1.498784 0.119872 47.948652 0.444067 10.592149 200.000000 10.592149 0.026704 10.681679 0.895994 -3.141745 200.000000 -3.141745
 71.800000 0.862826 0.505501 0.925786 0.378048 1.040834 1.183109 0.505501 0.862826 0.378048 0.925786 0.377421 150.968211 0.444067 13.540971 200.000000 13.540971 0.110011 44.004270 0.895994 -1.498784 200.000000 -1.498784 0.435846 174.338488 0.444067 10.592149 200.000000 10.592149 0.088758 35.503095 0.895994 -3.141745 200.000000 -3.141745
 72.000000 0.833565 0.552421 0.915970 0.401247 0.985530 1.157919 0.552421 0.833565 0.401247 0.915970 1.174070 469.628079 0.444067 13.540971 200.000000 13.540971 0.389733 155.893226 0.895994 -1.498784 200.000000 -1.498784 0.183355 73.341896 0.444067 10.592149 200.000000 10.592149 0.039905 15.962043 0.895994 -3.141745 200.000000 -3.141745
 72.200000 0.883700 0.468054 0.860319 0.509756 1.083708 1.035895 0.468054 0.883700 0.509756 0.860319 0.057542 23.016735 0.444067 13.540971 200.000000 13.540971 0.015115 6.045864 0.895994 -1.498784 200.000000 -1.498784 0.431507 172.602682 0.444067 10.592149 200.000000 10.592149 0.127268 50.907149 0.895994 -3.141745 200.000000 -3.141745
 72.400000 0.860329 0.509739 0.850422 0.526101 1.035915 1.016787 0.509739 0.860329 0.526101 0.850422 0.431286 172.514474 0.444067 13.540971 200.000000 13.540971 0.127197 50.878766 0.895994 -1.498784 200.000000 -1.498784 0.672963 269.185120 0.444067 10.592149 200.000000 10.592149 0.207677 83.070947 0.895994 -3.141745 200.000000 -3.141745
 72.600000 0.896511 0.443022 0.863867 0.503721 1.111830 1.042896 0.443022 0.896511 0.503721 0.863867 0.000109 0.043649 0.444067 13.540971 200.000000 13.540971 0.000027 0.010690 0.895994 -1.498784 200.000000 -1.498784 0.355862 142.344776 0.444067 10.592149 200.000000 10.592149 0.103216 41.286398 0.895994 -3.141745 200.000000 -3.141745
 72.800000 0.894877 0.446313 0.884440 0.466653 1.108156 1.085293 0.446313 0.894877 0.466653 0.884440 0.000505 0.201806 0.444067 13.540971 200.000000 13.540971 0.000125 0.049883 0.895994 -1.498784 200.000000 -1.498784 0.051016 20.406442 0.444067 10.592149 200.000000 10.592149 0.013348 5.339311 0.895994 -3.141745 200.000000 -3.141745
 73.000000 0.910902 0.412622 0.830705 0.556713 1.145466 0.980373 0.412622 0.910902 0.556713 0.830705 0.098876 39.550574 0.444067 13.540971 200.000000 13.540971 0.022227 8.890627 0.895994 -1.498784 200.000000 -1.498784 1.268923 507.569296 0.444067 10.592149 200.000000 10.592149 0.426265 170.505839 0.895994 -3.141745 200.000000 -3.141745
 73.200000 0.875712 0.482834 0.842822 0.538193 1.066908 1.002505 0.482834 0.875712 0.538193 0.842822 0.150292 60.116982 0.444067 13.540971 200.000000 13.540971 0.041136 16.454344 0.895994 -1.498784 200.000000 -1.498784 0.885976 354.390343 0.444067 10.592149 200.000000 10.592149 0.282727 113.090827 0.895994 -3.141745 200.000000 -3.141745
 73.400000 0.833139 0.553064 0.898037 0.439920 0.984759 1.115287 0.553064 0.833139 0.439920 0.898037 1.188034 475.213725 0.444067 13.540971 200.000000 13.540971 0.395072 158.028720 0.895994 -1.498784 200.000000 -1.498784 0.001719 0.687798 0.444067 10.592149 200.000000 10.592149 0.000417 0.166991 0.895994 -3.141745 200.000000 -3.141745
 73.600000 0.869709 0.493565 0.889813 0.456326 1.054612 1.096935 0.493565 0.869709 0.456326 0.889813 0.245013 98.005321 0.444067 13.540971 200.000000 13.540971 0.069091 27.636275 0.895994 -1.498784 200.000000 -1.498784 0.015028 6.011399 0.444067 10.592149 200.000000 10.592149 0.003820 1.528165 0.895994 -3.141745 200.000000 -3.141745
 73.800000 0.866153 0.499779 0.915640 0.401998 1.047453 1.157098 0.499779 0.866153 0.401998 0.915640 0.310382 124.152621 0.444067 13.540971 200.000000 13.540971 0.089046 35.618292 0.895994 -1.498784 200.000000 -1.498784 0.176975 70.789967 0.444067 10.592149 200.000000 10.592149 0.038599 15.439669 0.895994 -3.141745 200.000000 -3.141745
 74.000000 0.894691 0.446685 0.916534 0.399957 1.107739 1.159326 0.446685 0.894691 0.399957 0.916534 0.000686 0.274331 0.444067 13.540971 200.000000 13.540971 0.000170 0.067881 0.895994 -1.498784 200.000000 -1.498784 0.194562 77.824673 0.444067 10.592149 200.000000 10.592149 0.042189 16.875544 0.895994 -3.141745 200.000000 -3.141745
 74.200000 0.834362 0.551217 0.877360 0.479833 0.986974 1.070332 0.551217 0.834362 0.479833 0.877360 1.148126 459.250521 0.444067 13.540971 200.000000 13.540971 0.379851 151.940277 0.895994 -1.498784 200.000000 -1.498784 0.127922 51.168900 0.444067 10.592149 200.000000 10.592149 0.034722 13.888801 0.895994 -3.141745 200.000000 -3.141745
 74.400000 0.905318 0.424734 0.884028 0.467434 1.132128 1.084411 0.424734 0.905318 0.467434 0.884028 0.037376 14.950222 0.444067 13.540971 200.000000 13.540971 0.008695 3.477842 0.895994 -1.498784 200.000000 -1.498784 0.054602 21.840634 0.444067 10.592149 200.000000 10.592149 0.014318 5.727012 0.895994 -3.141745 200.000000 -3.141745
 74.600000 0.902291 0.431127 0.914827 0.403845 1.125055 1.155080 0.431127 0.902291 0.403845 0.914827 0.016742 6.696992 0.444067 13.540971 200.000000 13.540971 0.003966 1.586249 0.895994 -1.498784 200.000000 -1.498784 0.161776 64.710595 0.444067 10.592149 200.000000 10.592149 0.035470 14.188145 0.895994 -3.141745 200.000000 -3.141745
 74.800000 0.876642 0.481143 0.902313 0.431081 1.068838 1.125106 0.481143 0.876642 0.431081 0.902313 0.137469 54.987550 0.444067 13.540971 200.000000 13.540971 0.037450 14.979801 0.895994 -1.498784 200.000000 -1.498784 0.016863 6.745261 0.444067 10.592149 200.000000 10.592149 0.003994 1.597473 0.895994 -3.141745 200.000000 -3.141745
 75.000000 0.872605 0.488426 0.904536 0.426398 1.060511 1.130290 0.488426 0.872605 0.426398 0.904536 0.196778 78.711117 0.444067 13.540971 200.000000 13.540971 0.054703 21.881061 0.895994 -1.498784 200.000000 -1.498784 0.031219 12.487666 0.444067 10.592149 200.000000 10.592149 0.007297 2.918654 0.895994 -3.141745 200.000000 -3.141745
 75.200000 0.859509 0.511121 0.861549 0.507674 1.034308 1.038314 0.511121 0.859509 0.507674 0.861549 0.449623 179.849107 0.444067 13.540971 200.000000 13.540971 0.133114 53.245408 0.895994 -1.498784 200.000000 -1.498784 0.404586 161.834294 0.444067 10.592149 200.000000 10.592149 0.118641 47.456470 0.895994 -3.141745 200.000000 -3.141745
 75.400000 0.927909 0.372807 0.868335 0.495977 1.188764 1.051836 0.372807 0.927909 0.495977 0.868335 0.507791 203.116205 0.444067 13.540971 200.000000 13.540971 0.101857 40.742833 0.895994 -1.498784 200.000000 -1.498784 0.269474 107.789585 0.444067 10.592149 200.000000 10.592149 0.076499 30.599480 0.895994 -3.141745 200.000000 -3.141745
 75.600000 0.900058 0.435770 0.841703 0.539941 1.119902 1.000429 0.435770 0.900058 0.539941 0.841703 0.006883 2.753027 0.444067 13.540971 200.000000 13.540971 0.001652 0.660659 0.895994 -1.498784 200.000000 -1.498784 0.919191 367.676460 0.444067 10.592149 200.000000 10.592149 0.294751 117.900298 0.895994 -3.141745 200.000000 -3.141745
 75.800000 0.841083 0.540906 0.854250 0.519863 0.999282 1.024106 0.540906 0.841083 0.519863 0.854250 0.937795 375.117840 0.444067 13.540971 200.000000 13.540971 0.301522 120.608653 0.895994 -1.498784 200.000000 -1.498784 0.574506 229.802457 0.444067 10.592149 200.000000 10.592149 0.174256 69.702469 0.895994 -3.141745 200.000000 -3.141745
 76.000000 0.879731 0.475471 0.854746 0.519046 1.075297 1.025061 0.475471 0.879731 0.519046 0.854746 0.098624 39.449524 0.444067 13.540971 200.000000 13.540971 0.026447 10.578627 0.895994 -1.498784 200.000000 -1.498784 0.562197 224.878938 0.444067 10.592149 200.000000 10.592149 0.170138 68.055009 0.895994 -3.141745 200.000000 -3.141745
 76.200000 0.890383 0.455213 0.869684 0.493609 1.098185 1.054561 0.455213 0.890383 0.493609 0.869684 0.012423 4.969363 0.444067 13.540971 200.000000 13.540971 0.003148 1.259343 0.895994 -1.498784 200.000000 -1.498784 0.245448 98.179077 0.444067 10.592149 200.000000 10.592149 0.069222 27.688643 0.895994 -3.141745 200.000000 -3.141745
 76.400000 0.897827 0.440349 0.882688 0.469960 1.114809 1.081550 0.440349 0.897827 0.469960 0.882688 0.001382 0.552756 0.444067 13.540971 200.000000 13.540971 0.000336 0.134366 0.895994 -1.498784 200.000000 -1.498784 0.067049 26.819423 0.444067 10.592149 200.000000 10.592149 0.017706 7.082248 0.895994 -3.141745 200.000000 -3.141745
 76.600000 0.894786 0.446494 0.897235 0.441554 1.107953 1.113467 0.446494 0.894786 0.441554 0.897235 0.000589 0.235776 0.444067 13.540971 200.000000 13.540971 0.000146 0.058310 0.895994 -1.498784 200.000000 -1.498784 0.000631 0.252547 0.444067 10.592149 200.000000 10.592149 0.000154 0.061598 0.895994 -3.141745 200.000000 -3.141745
 76.800000 0.854888 0.518813 0.893605 0.448855 1.025335 1.105313 0.518813 0.854888 0.448855 0.893605 0.558696 223.478383 0.444067 13.540971 200.000000 13.540971 0.168968 67.587359 0.895994 -1.498784 200.000000 -1.498784 0.002293 0.917146 0.444067 10.592149 200.000000 10.592149 0.000571 0.228325 0.895994 -3.141745 200.000000 -3.141745
 77.000000 0.899588 0.436739 0.898593 0.438782 1.118826 1.116553 0.436739 0.899588 0.438782 0.898593 0.005370 2.147901 0.444067 13.540971 200.000000 13.540971 0.001292 0.516849 0.895994 -1.498784 200.000000 -1.498784 0.002792 1.116978 0.444067 10.592149 200.000000 10.592149 0.000676 0.270326 0.895994 -3.141745 200.000000 -3.141745
 77.200000 0.885733 0.464194 0.856179 0.516679 1.088072 1.027829 0.464194 0.885733 0.516679 0.856179 0.040513 16.205014 0.444067 13.540971 200.000000 13.540971 0.010528 4.211030 0.895994 -1.498784 200.000000 -1.498784 0.527252 210.900776 0.444067 10.592149 200.000000 10.592149 0.158519 63.407513 0.895994 -3.141745 200.000000 -3.141745
 77.400000 0.876459 0.481477 0.908771 0.417295 1.068458 1.140329 0.481477 0.876459 0.417295 0.908771 0.139950 55.979992 0.444067 13.540971 200.000000 13.540971 0.038161 15.264296 0.895994 -1.498784 200.000000 -1.498784 0.071670 28.667957 0.444067 10.592149 200.000000 10.592149 0.016326 6.530208 0.895994 -3.141745 200.000000 -3.141745
 77.600000 0.887953 0.459933 0.871071 0.491156 1.092876 1.057379 0.459933 0.887953 0.491156 0.871071 0.025175 10.070143 0.444067 13.540971 200.000000 13.540971 0.006465 2.585881 0.895994 -1.498784 200.000000 -1.498784 0.221746 88.698211 0.444067 10.592149 200.000000 10.592149 0.062113 24.845068 0.895994 -3.141745 200.000000 -3.141745
 77.800000 0.886303 0.463105 0.825786 0.563983 1.089301 0.971595 0.463105 0.886303 0.563983 0.825786 0.036247 14.498727 0.444067 13.540971 200.000000 13.540971 0.009391 3.756201 0.895994 -1.498784 200.000000 -1.498784 1.437995 575.198080 0.444067 10.592149 200.000000 10.592149 0.492908 197.163218 0.895994 -3.141745 200.000000 -3.141745
 78.000000 0.883230 0.468940 0.904960 0.425497 1.082706 1.131285 0.468940 0.883230 0.425497 0.904960 0.061869 24.747583 0.444067 13.540971 200.000000 13.540971 0.016291 6.516578 0.895994 -1.498784 200.000000 -1.498784 0.034483 13.793018 0.444067 10.592149 200.000000 10.592149 0.008039 3.215564 0.895994 -3.141745 200.000000 -3.141745
 78.200000 0.896483 0.443078 0.913143 0.407639 1.111767 1.150929 0.443078 0.896483 0.407639 0.913143 0.000098 0.039093 0.444067 13.540971 200.000000 13.540971 0.000024 0.009576 0.895994 -1.498784 200.000000 -1.498784 0.132695 53.078155 0.444067 10.592149 200.000000 10.592149 0.029410 11.763925 0.895994 -3.141745 200.000000 -3.141745
 78.400000 0.891859 0.452313 0.868276 0.496081 1.101439 1.051717 0.452313 0.891859 0.496081 0.868276 0.006800 2.720011 0.444067 13.540971 200.000000 13.540971 0.001709 0.683740 0.895994 -1.498784 200.000000 -1.498784 0.270553 108.221248 0.444067 10.592149 200.000000 10.592149 0.076827 30.730875 0.895994 -3.141745 200.000000 -3.141745
 78.600000 0.920412 0.390950 0.869888 0.493250 1.169133 1.054975 0.390950 0.920412 0.493250 0.869888 0.282140 112.856032 0.444067 13.540971 200.000000 13.540971 0.059625 23.850034 0.895994 -1.498784 200.000000 -1.498784 0.241896 96.758548 0.444067 10.592149 200.000000 10.592149 0.068152 27.260788 0.895994 -3.141745 200.000000 -3.141745
 78.800000 0.855416 0.517942 0.877124 0.480263 1.026353 1.069841 0.517942 0.855416 0.480263 0.877124 0.545761 218.304459 0.444067 13.540971 200.000000 13.540971 0.164659 65.863595 0.895994 -1.498784 200.000000 -1.498784 0.131020 52.408116 0.444067 10.592149 200.000000 10.592149 0.035606 14.242206 0.895994 -3.141745 200.000000 -3.141745
 79.000000 0.882220 0.470837 0.868347 0.495958 1.080557 1.051859 0.470837 0.882220 0.495958 0.868347 0.071665 28.665807 0.444067 13.540971 200.000000 13.540971 0.018971 7.588337 0.895994 -1.498784 200.000000 -1.498784 0.269272 107.708604 0.444067 10.592149 200.000000 10.592149 0.076437 30.574836 0.895994 -3.141745 200.000000 -3.141745
 79.200000 0.867940 0.496669 0.903457 0.428678 1.051040 1.127767 0.496669 0.867940 0.428678 0.903457 0.276697 110.678710 0.444067 13.540971 200.000000 13.540971 0.078700 31.479962 0.895994 -1.498784 200.000000 -1.498784 0.023680 9.472135 0.444067 10.592149 200.000000 10.592149 0.005570 2.228139 0.895994 -3.141745 200.000000 -3.141745
 79.400000 0.923488 0.383627 0.877634 0.479331 1.177076 1.070904 0.383627 0.923488 0.479331 0.877634 0.365299 146.119551 0.444067 13.540971 200.000000 13.540971 0.075595 30.237900 0.895994 -1.498784 200.000000 -1.498784 0.124359 49.743511 0.444067 10.592149 200.000000 10.592149 0.033708 13.483078 0.895994 -3.141745 200.000000 -3.141745
 79.600000 0.885495 0.464650 0.850184 0.526486 1.087557 1.016334 0.464650 0.885495 0.526486 0.850184 0.042367 16.946736 0.444067 13.540971 200.000000 13.540971 0.011023 4.409373 0.895994 -1.498784 200.000000 -1.498784 0.679297 271.718701 0.444067 10.592149 200.000000 10.592149 0.209856 83.942321 0.895994 -3.141745 200.000000 -3.141745
 79.800000 0.865969 0.500098 0.829790 0.558076 1.047085 0.978731 0.500098 0.865969 0.558076 0.829790 0.313950 125.580035 0.444067 13.540971 200.000000 13.540971 0.090149 36.059733 0.895994 -1.498784 200.000000 -1.498784 1.299813 519.925175 0.444067 10.592149 200.000000 10.592149 0.438296 175.318265 0.895994 -3.141745 200.000000 -3.141745
 80.000000 0.874603 0.484840 0.868245 0.496135 1.064616 1.051655 0.484840 0.874603 0.496135 0.868245 0.166244 66.497766 0.444067 13.540971 200.000000 13.540971 0.045756 18.302547 0.895994 -1.498784 200.000000 -1.498784 0.271113 108.445352 0.444067 10.592149 200.000000 10.592149 0.076998 30.799113 0.895994 -3.141745 200.000000 -3.141745
 80.200000 0.899690 0.436529 0.901691 0.432380 1.119059 1.123666 0.436529 0.899690 0.432380 0.901691 0.005681 2.272504 0.444067 13.540971 200.000000 13.540971 0.001366 0.546510 0.895994 -1.498784 200.000000 -1.498784 0.013657 5.462935 0.444067 10.592149 200.000000 10.592149 0.003246 1.298524 0.895994 -3.141745 200.000000 -3.141745
 80.400000 0.902837 0.429982 0.943915 0.330189 1.126324 1.234292 0.429982 0.902837 0.330189 0.943915 0.019838 7.935085 0.444067 13.540971 200.000000 13.540971 0.004684 1.873449 0.895994 -1.498784 200.000000 -1.498784 1.296804 518.721429 0.444067 10.592149 200.000000 10.592149 0.229642 91.856699 0.895994 -3.141745 200.000000 -3.141745
 80.600000 0.890358 0.455261 0.906764 0.421639 1.098131 1.135544 0.455261 0.890358 0.421639 0.906764 0.012530 5.012191 0.444067 13.540971 200.000000 13.540971 0.003176 1.270366 0.895994 -1.498784 200.000000 -1.498784 0.050301 20.120270 0.444067 10.592149 200.000000 10.592149 0.011600 4.639801 0.895994 -3.141745 200.000000 -3.141745
 80.800000 0.862186 0.506592 0.872550 0.488525 1.039569 1.060398 0.506592 0.862186 0.488525 0.872550 0.390944 156.377454 0.444067 13.540971 200.000000 13.540971 0.114298 45.719020 0.895994 -1.498784 200.000000 -1.498784 0.197657 79.062613 0.444067 10.592149 200.000000 10.592149 0.054962 21.984816 0.895994 -3.141745 200.000000 -3.141745
 81.000000 0.872045 0.489426 0.856338 0.516417 1.059365 1.028135 0.489426 0.872045 0.516417 0.856338 0.205749 82.299552 0.444067 13.540971 200.000000 13.540971 0.057356 22.942247 0.895994 -1.498784 200.000000 -1.498784 0.523451 209.380571 0.444067 10.592149 200.000000 10.592149 0.157262 62.904754 0.895994 -3.141745 200.000000 -3.141745
 81.200000 0.911906 0.410400 0.905408 0.424542 1.147904 1.132340 0.410400 0.911906 0.424542 0.905408 0.113344 45.337722 0.444067 13.540971 200.000000 13.540971 0.025319 10.127479 0.895994 -1.498784 200.000000 -1.498784 0.038120 15.247890 0.444067 10.592149 200.000000 10.592149 0.008863 3.545171 0.895994 -3.141745 200.000000 -3.141745
 81.400000 0.904254 0.426994 0.862402 0.506224 1.129631 1.039996 0.426994 0.904254 0.506224 0.862402 0.029148 11.659057 0.444067 13.540971 200.000000 13.540971 0.006824 2.729577 0.895994 -1.498784 200.000000 -1.498784 0.386354 154.541700 0.444067 10.592149 200.000000 10.592149 0.112841 45.136232 0.895994 -3.141745 200.000000 -3.141745
 81.600000 0.861253 0.508177 0.851896 0.523711 1.037730 1.019595 0.508177 0.861253 0.523711 0.851896 0.411012 164.404819 0.444067 13.540971 200.000000 13.540971 0.120694 48.277541 0.895994 -1.498784 200.000000 -1.498784 0.634320 253.728191 0.444067 10.592149 200.000000 10.592149 0.194461 77.784239 0.895994 -3.141745 200.000000 -3.141745
 81.800000 0.826633 0.562741 0.825340 0.564636 0.973098 0.970804 0.562741 0.826633 0.564636 0.825340 1.408359 563.343607 0.444067 13.540971 200.000000 13.540971 0.481087 192.434850 0.895994 -1.498784 200.000000 -1.498784 1.453700 581.479984 0.444067 10.592149 200.000000 10.592149 0.499196 199.678346 0.895994 -3.141745 200.000000 -3.141745
 82.000000 0.873780 0.486321 0.881141 0.472854 1.062922 1.078269 0.486321 0.873780 0.472854 0.881141 0.178541 71.416432 0.444067 13.540971 200.000000 13.540971 0.049344 19.737405 0.895994 -1.498784 200.000000 -1.498784 0.082874 33.149655 0.444067 10.592149 200.000000 10.592149 0.022062 8.824750 0.895994 -3.141745 200.000000 -3.141745
 82.200000 0.926696 0.375811 0.874863 0.484371 1.185524 1.065152 0.375811 0.926696 0.484371 0.874863 0.465878 186.351280 0.444067 13.540971 200.000000 13.540971 0.094264 37.705542 0.895994 -1.498784 200.000000 -1.498784 0.162446 64.978351 0.444067 10.592149 200.000000 10.592149 0.044653 17.861077 0.895994 -3.141745 200.000000 -3.141745
 82.400000 0.904477 0.426522 0.895211 0.445642 1.130152 1.108905 0.426522 0.904477 0.445642 0.895211 0.030781 12.312461 0.444067 13.540971 200.000000 13.540971 0.007197 2.878715 0.895994 -1.498784 200.000000 -1.498784 0.000248 0.099310 0.444067 10.592149 200.000000 10.592149 0.000061 0.024502 0.895994 -3.141745 200.000000 -3.141745
 82.600000 0.843074 0.537798 0.851092 0.525016 1.002973 1.018063 0.537798 0.843074 0.525016 0.851092 0.878557 351.422803 0.444067 13.540971 200.000000 13.540971 0.280053 112.021209 0.895994 -1.498784 200.000000 -1.498784 0.655277 262.110795 0.444067 10.592149 200.000000 10.592149 0.201613 80.645034 0.895994 -3.141745 200.000000 -3.141745
 82.800000 0.860059 0.510194 0.889798 0.456354 1.035386 1.096903 0.510194 0.860059 0.456354 0.889798 0.437283 174.913055 0.444067 13.540971 200.000000 13.540971 0.129128 51.651255 0.895994 -1.498784 200.000000 -1.498784 0.015099 6.039624 0.444067 10.592149 200.000000 10.592149 0.003839 1.535464 0.895994 -3.141745 200.000000 -3.141745
 83.000000 0.892184 0.451672 0.908650 0.417558 1.102158 1.140040 0.451672 0.892184 0.417558 0.908650 0.005785 2.313820 0.444067 13.540971 200.000000 13.540971 0.001451 0.580592 0.895994 -1.498784 200.000000 -1.498784 0.070272 28.108804 0.444067 10.592149 200.000000 10.592149 0.016019 6.407596 0.895994 -3.141745 200.000000 -3.141745
 83.200000 0.858243 0.513244 0.916203 0.400715 1.031836 1.158499 0.513244 0.858243 0.400715 0.916203 0.478547 191.418977 0.444067 13.540971 200.000000 13.540971 0.142513 57.005155 0.895994 -1.498784 200.000000 -1.498784 0.187936 75.174581 0.444067 10.592149 200.000000 10.592149 0.040840 16.336134 0.895994 -3.141745 200.000000 -3.141745
 83.400000 0.899527 0.436866 0.878736 0.477308 1.118685 1.073208 0.436866 0.899527 0.477308 0.878736 0.005185 2.074109 0.444067 13.540971 200.000000 13.540971 0.001248 0.499271 0.895994 -1.498784 200.000000 -1.498784 0.110497 44.198631 0.444067 10.592149 200.000000 10.592149 0.029782 11.912869 0.895994 -3.141745 200.000000 -3.141745
 83.600000 0.835638 0.549281 0.898149 0.439692 0.989293 1.115541 0.549281 0.835638 0.439692 0.898149 1.107011 442.804232 0.444067 13.540971 200.000000 13.540971 0.364287 145.714759 0.895994 -1.498784 200.000000 -1.498784 0.001914 0.765458 0.444067 10.592149 200.000000 10.592149 0.000464 0.185727 0.895994 -3.141745 200.000000 -3.141745
 83.800000 0.858723 0.512440 0.850609 0.525798 1.032773 1.017143 0.512440 0.858723 0.525798 0.850609 0.467492 186.996772 0.444067 13.540971 200.000000 13.540971 0.138911 55.564318 0.895994 -1.498784 200.000000 -1.498784 0.668006 267.202423 0.444067 10.592149 200.000000 10.592149 0.205975 82.389980 0.895994 -3.141745 200.000000 -3.141745
 84.000000 0.881542 0.472105 0.837832 0.545928 1.079119 0.993300 0.472105 0.881542 0.545928 0.837832 0.078614 31.445640 0.444067 13.540971 200.000000 13.540971 0.020884 8.353664 0.895994 -1.498784 200.000000 -1.498784 1.037567 415.026938 0.444067 10.592149 200.000000 10.592149 0.338276 135.310215 0.895994 -3.141745 200.000000 -3.141745
 84.200000 0.911740 0.410768 0.849688 0.527286 1.147500 1.015394 0.410768 0.911740 0.527286 0.849688 0.110881 44.352325 0.444067 13.540971 200.000000 13.540971 0.024794 9.917712 0.895994 -1.498784 200.000000 -1.498784 0.692540 277.015845 0.444067 10.592149 200.000000 10.592149 0.214421 85.768505 0.895994 -3.141745 200.000000 -3.141745
 84.400000 0.855206 0.518288 0.867122 0.498096 1.025948 1.049395 0.518288 0.855206 0.498096 0.867122 0.550883 220.353383 0.444067 13.540971 200.000000 13.540971 0.166364 66.545500 0.895994 -1.498784 200.000000 -1.498784 0.291918 116.767125 0.444067 10.592149 200.000000 10.592149 0.083359 33.343466 0.895994 -3.141745 200.000000 -3.141745
 84.600000 0.884271 0.466974 0.864634 0.502402 1.084930 1.044422 0.466974 0.884271 0.502402 0.864634 0.052477 20.990613 0.444067 13.540971 200.000000 13.540971 0.013743 5.497077 0.895994 -1.498784 200.000000 -1.498784 0.340300 136.119910 0.444067 10.592149 200.000000 10.592149 0.098342 39.336771 0.895994 -3.141745 200.000000 -3.141745
 84.800000 0.897982 0.440033 0.867131 0.498080 1.115161 1.049414 0.440033 0.897982 0.498080 0.867131 0.001627 0.650888 0.444067 13.540971 200.000000 13.540971 0.000395 0.158079 0.895994 -1.498784 200.000000 -1.498784 0.291741 116.696437 0.444067 10.592149 200.000000 10.592149 0.083304 33.321769 0.895994 -3.141745 200.000000 -3.141745
 85.000000 0.866676 0.498872 0.875180 0.483797 1.048500 1.065809 0.498872 0.866676 0.483797 0.875180 0.300360 120.143993 0.444067 13.540971 200.000000 13.540971 0.085954 34.381658 0.895994 -1.498784 200.000000 -1.498784 0.157848 63.139257 0.444067 10.592149 200.000000 10.592149 0.043320 17.327861 0.895994 -3.141745 200.000000 -3.141745
 85.200000 0.869217 0.494431 0.919959 0.392016 1.053616 1.167975 0.494431 0.869217 0.392016 0.919959 0.253656 101.462549 0.444067 13.540971 200.000000 13.540971 0.071700 28.679986 0.895994 -1.498784 200.000000 -1.498784 0.270930 108.371983 0.444067 10.592149 200.000000 10.592149 0.057431 22.972391 0.895994 -3.141745 200.000000 -3.141745
 85.400000 0.868674 0.495385 0.926520 0.376244 1.052519 1.185057 0.495385 0.868674 0.376244 0.926520 0.263356 105.342287 0.444067 13.540971 200.000000 13.540971 0.074639 29.855590 0.895994 -1.498784 200.000000 -1.498784 0.459984 183.993661 0.444067 10.592149 200.000000 10.592149 0.093188 37.275046 0.895994 -3.141745 200.000000 -3.141745
 85.600000 0.890393 0.455193 0.870981 0.491317 1.098207 1.057196 0.455193 0.890393 0.491317 0.870981 0.012380 4.951973 0.444067 13.540971 200.000000 13.540971 0.003137 1.254867 0.895994 -1.498784 200.000000 -1.498784 0.223256 89.302522 0.444067 10.592149 200.000000 10.592149 0.062564 25.025465 0.895994 -3.141745 200.000000 -3.141745
 85.800000 0.879814 0.475317 0.874375 0.485250 1.075472 1.064147 0.475317 0.879814 0.485250 0.874375 0.097660 39.064130 0.444067 13.540971 200.000000 13.540971 0.026177 10.470798 0.895994 -1.498784 200.000000 -1.498784 0.169608 67.843069 0.444067 10.592149 200.000000 10.592149 0.046735 18.694130 0.895994 -3.141745 200.000000 -3.141745
 86.000000 0.852200 0.523216 0.912685 0.408664 1.020176 1.149806 0.523216 0.852200 0.408664 0.912685 0.626461 250.584497 0.444067 13.540971 200.000000 13.540971 0.191788 76.715244 0.895994 -1.498784 200.000000 -1.498784 0.125331 50.132525 0.444067 10.592149 200.000000 10.592149 0.027859 11.143484 0.895994 -3.141745 200.000000 -3.141745
 86.200000 0.855494 0.517813 0.910678 0.413116 1.026504 1.144923 0.517813 0.855494 0.413116 0.910678 0.543848 217.539390 0.444067 13.540971 200.000000 13.540971 0.164023 65.609215 0.895994 -1.498784 200.000000 -1.498784 0.095795 38.317927 0.444067 10.592149 200.000000 10.592149 0.021564 8.625610 0.895994 -3.141745 200.000000 -3.141745
 86.400000 0.870264 0.492585 0.852841 0.522171 1.055738 1.021402 0.492585 0.870264 0.522171 0.852841 0.235408 94.163267 0.444067 13.540971 200.000000 13.540971 0.066202 26.480729 0.895994 -1.498784 200.000000 -1.498784 0.610027 244.010916 0.444067 10.592149 200.000000 10.592149 0.186217 74.486830 0.895994 -3.141745 200.000000 -3.141745
 86.600000 0.925372 0.379059 0.854677 0.519160 1.182017 1.024928 0.379059 0.925372 0.519160 0.854677 0.422595 169.038185 0.444067 13.540971 200.000000 13.540971 0.086310 34.524135 0.895994 -1.498784 200.000000 -1.498784 0.563905 225.561842 0.444067 10.592149 200.000000 10.592149 0.170708 68.283192 0.895994 -3.141745 200.000000 -3.141745
 86.800000 0.892632 0.450787 0.855062 0.518526 1.103150 1.025670 0.450787 0.892632 0.518526 0.855062 0.004516 1.806394 0.444067 13.540971 200.000000 13.540971 0.001130 0.452145 0.895994 -1.498784 200.000000 -1.498784 0.554416 221.766454 0.444067 10.592149 200.000000 10.592149 0.167541 67.016339 0.895994 -3.141745 200.000000 -3.141745
 87.000000 0.867118 0.498103 0.860542 0.509379 1.049387 1.036333 0.498103 0.867118 0.509379 0.860542 0.291991 116.796290 0.444067 13.540971 200.000000 13.540971 0.083381 33.352419 0.895994 -1.498784 200.000000 -1.498784 0.426575 170.630050 0.444067 10.592149 200.000000 10.592149 0.125682 50.272864 0.895994 -3.141745 200.000000 -3.141745
 87.200000 0.847535 0.530740 0.886293 0.463125 1.011323 1.089279 0.530740 0.847535 0.463125 0.886293 0.751227 300.490661 0.444067 13.540971 200.000000 13.540971 0.234828 93.931176 0.895994 -1.498784 200.000000 -1.498784 0.036320 14.528172 0.444067 10.592149 200.000000 10.592149 0.009410 3.764032 0.895994 -3.141745 200.000000 -3.141745
 87.400000 0.921519 0.388333 0.899608 0.436698 1.171975 1.118872 0.388333 0.921519 0.436698 0.899608 0.310628 124.251166 0.444067 13.540971 200.000000 13.540971 0.065155 26.062059 0.895994 -1.498784 200.000000 -1.498784 0.005430 2.172121 0.444067 10.592149 200.000000 10.592149 0.001307 0.522617 0.895994 -3.141745 200.000000 -3.141745
 87.600000 0.887306 0.461181 0.897305 0.441412 1.091470 1.113625 0.461181 0.887306 0.441412 0.897305 0.029291 11.716519 0.444067 13.540971 200.000000 13.540971 0.007548 3.019152 0.895994 -1.498784 200.000000 -1.498784 0.000705 0.281956 0.444067 10.592149 200.000000 10.592149 0.000172 0.068743 0.895994 -3.141745 200.000000 -3.141745
 87.800000 0.815629 0.578576 0.908301 0.418317 0.953815 1.139204 0.578576 0.815629 0.418317 0.908301 1.809266 723.706557 0.444067 13.540971 200.000000 13.540971 0.645853 258.341353 0.895994 -1.498784 200.000000 -1.498784 0.066303 26.521139 0.444067 10.592149 200.000000 10.592149 0.015147 6.058686 0.895994 -3.141745 200.000000 -3.141745
 88.000000 0.841287 0.540588 0.899646 0.436619 0.999660 1.118959 0.540588 0.841287 0.436619 0.899646 0.931647 372.658695 0.444067 13.540971 200.000000 13.540971 0.299281 119.712469 0.895994 -1.498784 200.000000 -1.498784 0.005547 2.218645 0.444067 10.592149 200.000000 10.592149 0.001334 0.533692 0.895994 -3.141745 200.000000 -3.141745
 88.200000 0.892106 0.451827 0.884986 0.465617 1.101984 1.086464 0.451827 0.892106 0.465617 0.884986 0.006023 2.409033 0.444067 13.540971 200.000000 13.540971 0.001512 0.604745 0.895994 -1.498784 200.000000 -1.498784 0.046443 18.577380 0.444067 10.592149 200.000000 10.592149 0.012117 4.846715 0.895994 -3.141745 200.000000 -3.141745
 88.400000 0.878193 0.478306 0.900511 0.434834 1.072071 1.120942 0.478306 0.878193 0.434834 0.900511 0.117235 46.893959 0.444067 13.540971 200.000000 13.540971 0.031686 12.674509 0.895994 -1.498784 200.000000 -1.498784 0.008524 3.409709 0.444067 10.592149 200.000000 10.592149 0.002040 0.816094 0.895994 -3.141745 200.000000 -3.141745
 88.600000 0.867356 0.497689 0.855258 0.518203 1.049864 1.026048 0.497689 0.867356 0.518203 0.855258 0.287534 115.013629 0.444067 13.540971 200.000000 13.540971 0.082014 32.805662 0.895994 -1.498784 200.000000 -1.498784 0.549622 219.848631 0.444067 10.592149 200.000000 10.592149 0.165944 66.377425 0.895994 -3.141745 200.000000 -3.141745
 88.800000 0.876100 0.482130 0.850907 0.525316 1.067712 1.017709 0.482130 0.876100 0.525316 0.850907 0.144883 57.953211 0.444067 13.540971 200.000000 13.540971 0.039578 15.831088 0.895994 -1.498784 200.000000 -1.498784 0.660153 264.061056 0.444067 10.592149 200.000000 10.592149 0.203282 81.312758 0.895994 -3.141745 200.000000 -3.141745
 89.000000 0.877443 0.479680 0.874186 0.485592 1.070506 1.063756 0.479680 0.877443 0.485592 0.874186 0.126833 50.733199 0.444067 13.540971 200.000000 13.540971 0.034412 13.764695 0.895994 -1.498784 200.000000 -1.498784 0.172433 68.973145 0.444067 10.592149 200.000000 10.592149 0.047559 19.023572 0.895994 -3.141745 200.000000 -3.141745
 89.200000 0.898859 0.438238 0.899016 0.437916 1.117159 1.117517 0.438238 0.898859 0.437916 0.899016 0.003397 1.358931 0.444067 13.540971 200.000000 13.540971 0.000821 0.328380 0.895994 -1.498784 200.000000 -1.498784 0.003783 1.513012 0.444067 10.592149 200.000000 10.592149 0.000913 0.365283 0.895994 -3.141745 200.000000 -3.141745
 89.400000 0.887434 0.460935 0.848171 0.529722 1.091748 1.012523 0.460935 0.887434 0.529722 0.848171 0.028454 11.381712 0.444067 13.540971 200.000000 13.540971 0.007327 2.930862 0.895994 -1.498784 200.000000 -1.498784 0.733686 293.474287 0.444067 10.592149 200.000000 10.592149 0.228699 91.479617 0.895994 -3.141745 200.000000 -3.141745
 89.600000 0.858529 0.512765 0.827898 0.560879 1.032394 0.975349 0.512765 0.858529 0.560879 0.827898 0.471945 188.777976 0.444067 13.540971 200.000000 13.540971 0.140360 56.144105 0.895994 -1.498784 200.000000 -1.498784 1.364509 545.803418 0.444067 10.592149 200.000000 10.592149 0.463704 185.481769 0.895994 -3.141745 200.000000 -3.141745
 89.800000 0.882364 0.470567 0.854228 0.519899 1.080863 1.024064 0.470567 0.882364 0.519899 0.854228 0.070226 28.090211 0.444067 13.540971 200.000000 13.540971 0.018576 7.430372 0.895994 -1.498784 200.000000 -1.498784 0.575051 230.020288 0.444067 10.592149 200.000000 10.592149 0.174439 69.775482 0.895994 -3.141745 200.000000 -3.141745
 90.000000 0.847805 0.530308 0.906265 0.422710 1.011832 1.134363 0.530308 0.847805 0.422710 0.906265 0.743760 297.503944 0.444067 13.540971 200.000000 13.540971 0.232216 92.886379 0.895994 -1.498784 200.000000 -1.498784 0.045611 18.244328 0.444067 10.592149 200.000000 10.592149 0.010550 4.219955 0.895994 -3.141745 200.000000 -3.141745
 90.200000 0.902623 0.430432 0.909589 0.415509 1.125825 1.142294 0.430432 0.902623 0.415509 0.909589 0.018589 7.435640 0.444067 13.540971 200.000000 13.540971 0.004394 1.757761 0.895994 -1.498784 200.000000 -1.498784 0.081556 32.622495 0.444067 10.592149 200.000000 10.592149 0.018484 7.393498 0.895994 -3.141745 200.000000 -3.141745
 90.400000 0.838850 0.544363 0.879865 0.475223 0.995167 1.075578 0.544363 0.838850 0.475223 0.879865 1.005929 402.371758 0.444067 13.540971 200.000000 13.540971 0.326541 130.616467 0.895994 -1.498784 200.000000 -1.498784 0.097075 38.829834 0.444067 10.592149 200.000000 10.592149 0.026013 10.405278 0.895994 -3.141745 200.000000 -3.141745
 90.600000 0.859630 0.510917 0.884844 0.465887 1.034546 1.086159 0.510917 0.859630 0.465887 0.884844 0.446893 178.757241 0.444067 13.540971 200.000000 13.540971 0.132231 52.892264 0.895994 -1.498784 200.000000 -1.498784 0.047615 19.045950 0.444067 10.592149 200.000000 10.592149 0.012432 4.972707 0.895994 -3.141745 200.000000 -3.141745
 90.800000 0.857937 0.513756 0.899045 0.437855 1.031240 1.117585 0.513756 0.857937 0.437855 0.899045 0.485654 194.261754 0.444067 13.540971 200.000000 13.540971 0.144835 57.933842 0.895994 -1.498784 200.000000 -1.498784 0.003858 1.543251 0.444067 10.592149 200.000000 10.592149 0.000931 0.372519 0.895994 -3.141745 200.000000 -3.141745
 91.000000 0.883404 0.468612 0.875261 0.483651 1.083078 1.065975 0.468612 0.883404 0.483651 0.875261 0.060246 24.098290 0.444067 13.540971 200.000000 13.540971 0.015849 6.339797 0.895994 -1.498784 200.000000 -1.498784 0.156690 62.675863 0.444067 10.592149 200.000000 10.592149 0.042984 17.193705 0.895994 -3.141745 200.000000 -3.141745
 91.200000 0.907896 0.419195 0.876567 0.481280 1.138237 1.068682 0.419195 0.907896 0.481280 0.876567 0.061858 24.743162 0.444067 13.540971 200.000000 13.540971 0.014166 5.666572 0.895994 -1.498784 200.000000 -1.498784 0.138482 55.392888 0.444067 10.592149 200.000000 10.592149 0.037740 15.095949 0.895994 -3.141745 200.000000 -3.141745
 91.400000 0.854534 0.519395 0.847210 0.531258 1.024654 1.010712 0.519395 0.854534 0.531258 0.847210 0.567435 226.973952 0.444067 13.540971 200.000000 13.540971 0.171888 68.755360 0.895994 -1.498784 200.000000 -1.498784 0.760232 304.092756 0.444067 10.592149 200.000000 10.592149 0.237984 95.193643 0.895994 -3.141745 200.000000 -3.141745
 91.600000 0.895548 0.444965 0.850995 0.525173 1.109661 1.017878 0.444965 0.895548 0.525173 0.850995 0.000081 0.032306 0.444067 13.540971 200.000000 13.540971 0.000020 0.007955 0.895994 -1.498784 200.000000 -1.498784 0.657829 263.131516 0.444067 10.592149 200.000000 10.592149 0.202486 80.994405 0.895994 -3.141745 200.000000 -3.141745
 91.800000 0.902969 0.429705 0.869778 0.493443 1.126630 1.054753 0.429705 0.902969 0.493443 0.869778 0.020626 8.250370 0.444067 13.540971 200.000000 13.540971 0.004866 1.946367 0.895994 -1.498784 200.000000 -1.498784 0.243800 97.520067 0.444067 10.592149 200.000000 10.592149 0.068725 27.490075 0.895994 -3.141745 200.000000 -3.141745
 92.000000 0.887955 0.459930 0.883559 0.468321 1.092880 1.083407 0.459930 0.887955 0.468321 0.883559 0.025164 10.065794 0.444067 13.540971 200.000000 13.540971 0.006462 2.584739 0.895994 -1.498784 200.000000 -1.498784 0.058826 23.530401 0.444067 10.592149 200.000000 10.592149 0.015463 6.185378 0.895994 -3.141745 200.000000 -3.141745
 92.200000 0.848140 0.529772 0.878100 0.478478 1.012464 1.071876 0.529772 0.848140 0.478478 0.878100 0.734548 293.819185 0.444067 13.540971 200.000000 13.540971 0.229000 91.599892 0.895994 -1.498784 200.000000 -1.498784 0.118414 47.365689 0.444067 10.592149 200.000000 10.592149 0.032020 12.808128 0.895994 -3.141745 200.000000 -3.141745
 92.400000 0.895210 0.445645 0.879445 0.476000 1.108902 1.074696 0.445645 0.895210 0.476000 0.879445 0.000249 0.099655 0.444067 13.540971 200.000000 13.540971 0.000061 0.024587 0.895994 -1.498784 200.000000 -1.498784 0.101972 40.788928 0.444067 10.592149 200.000000 10.592149 0.027385 10.953905 0.895994 -3.141745 200.000000 -3.141745
 92.600000 0.869531 0.493878 0.857864 0.513877 1.054252 1.031099 0.493878 0.869531 0.513877 0.857864 0.248121 99.248343 0.444067 13.540971 200.000000 13.540971 0.070028 28.011111 0.895994 -1.498784 200.000000 -1.498784 0.487345 194.937918 0.444067 10.592149 200.000000 10.592149 0.145388 58.155014 0.895994 -3.141745 200.000000 -3.141745
 92.800000 0.884558 0.466430 0.896889 0.442255 1.085546 1.112685 0.466430 0.884558 0.442255 0.896889 0.050011 20.004280 0.444067 13.540971 200.000000 13.540971 0.013077 5.230822 0.895994 -1.498784 200.000000 -1.498784 0.000328 0.131315 0.444067 10.592149 200.000000 10.592149 0.000080 0.032092 0.895994 -3.141745 200.000000 -3.141745
 93.000000 0.860833 0.508887 0.905050 0.425304 1.036905 1.131498 0.508887 0.860833 0.425304 0.905050 0.420170 168.068151 0.444067 13.540971 200.000000 13.540971 0.123626 49.450546 0.895994 -1.498784 200.000000 -1.498784 0.035202 14.080757 0.444067 10.592149 200.000000 10.592149 0.008202 3.280860 0.895994 -3.141745 200.000000 -3.141745
 93.200000 0.849752 0.527183 0.841822 0.539755 1.015514 1.000650 0.527183 0.849752 0.539755 0.841822 0.690836 276.334295 0.444067 13.540971 200.000000 13.540971 0.213833 85.533213 0.895994 -1.498784 200.000000 -1.498784 0.915636 366.254257 0.444067 10.592149 200.000000 10.592149 0.293460 117.383866 0.895994 -3.141745 200.000000 -3.141745
 93.400000 0.886889 0.461983 0.864961 0.501839 1.090567 1.045072 0.461983 0.886889 0.501839 0.864961 0.032098 12.839299 0.444067 13.540971 200.000000 13.540971 0.008290 3.315884 0.895994 -1.498784 200.000000 -1.498784 0.333769 133.507739 0.444067 10.592149 200.000000 10.592149 0.096304 38.521757 0.895994 -3.141745 200.000000 -3.141745
 93.600000 0.865679 0.500600 0.869984 0.493081 1.046505 1.055169 0.500600 0.865679 0.493081 0.869984 0.319598 127.839133 0.444067 13.540971 200.000000 13.540971 0.091899 36.759544 0.895994 -1.498784 200.000000 -1.498784 0.240237 96.094822 0.444067 10.592149 200.000000 10.592149 0.067653 27.061093 0.895994 -3.141745 200.000000 -3.141745
 93.800000 0.898459 0.439057 0.883264 0.468875 1.116247 1.082780 0.439057 0.898459 0.468875 0.883264 0.002510 1.003811 0.444067 13.540971 200.000000 13.540971 0.000608 0.243126 0.895994 -1.498784 200.000000 -1.498784 0.061546 24.618476 0.444067 10.592149 200.000000 10.592149 0.016204 6.481407 0.895994 -3.141745 200.000000 -3.141745
 94.000000 0.915886 0.401439 0.883661 0.468127 1.157709 1.083626 0.401439 0.915886 0.468127 0.883661 0.181711 72.684320 0.444067 13.540971 200.000000 13.540971 0.039569 15.827603 0.895994 -1.498784 200.000000 -1.498784 0.057890 23.155994 0.444067 10.592149 200.000000 10.592149 0.015209 6.083672 0.895994 -3.141745 200.000000 -3.141745
 94.200000 0.933079 0.359672 0.848475 0.529235 1.202880 1.013098 0.359672 0.933079 0.529235 0.848475 0.712252 284.900776 0.444067 13.540971 200.000000 13.540971 0.137531 55.012440 0.895994 -1.498784 200.000000 -1.498784 0.725365 290.145944 0.444067 10.592149 200.000000 10.592149 0.225800 90.320182 0.895994 -3.141745 200.000000 -3.141745
 94.400000 0.872050 0.489417 0.882844 0.469667 1.059375 1.081883 0.489417 0.872050 0.469667 0.882844 0.205665 82.265893 0.444067 13.540971 200.000000 13.540971 0.057331 22.932273 0.895994 -1.498784 200.000000 -1.498784 0.065536 26.214477 0.444067 10.592149 200.000000 10.592149 0.017292 6.916836 0.895994 -3.141745 200.000000 -3.141745
 94.600000 0.872397 0.488798 0.877556 0.479474 1.060085 1.070742 0.488798 0.872397 0.479474 0.877556 0.200092 80.036792 0.444067 13.540971 200.000000 13.540971 0.055681 22.272591 0.895994 -1.498784 200.000000 -1.498784 0.125365 50.146031 0.444067 10.592149 200.000000 10.592149 0.033994 13.597567 0.895994 -3.141745 200.000000 -3.141745
 94.800000 0.864178 0.503186 0.882011 0.471229 1.043514 1.080112 0.503186 0.864178 0.471229 0.882011 0.349516 139.806442 0.444067 13.540971 200.000000 13.540971 0.101225 40.490136 0.895994 -1.498784 200.000000 -1.498784 0.073781 29.512439 0.444067 10.592149 200.000000 10.592149 0.019553 7.821002 0.895994 -3.141745 200.000000 -3.141745
 95.000000 0.857749 0.514068 0.846776 0.531949 1.030876 1.009895 0.514068 0.857749 0.531949 0.846776 0.490019 196.007633 0.444067 13.540971 200.000000 13.540971 0.146263 58.505138 0.895994 -1.498784 200.000000 -1.498784 0.772340 308.936044 0.444067 10.592149 200.000000 10.592149 0.242238 96.895246 0.895994 -3.141745 200.000000 -3.141745
 95.200000 0.825219 0.564812 0.863308 0.504678 0.970591 1.041787 0.564812 0.825219 0.504678 0.863308 1.457950 583.179970 0.444067 13.540971 200.000000 13.540971 0.500900 200.360107 0.895994 -1.498784 200.000000 -1.498784 0.367374 146.949558 0.444067 10.592149 200.000000 10.592149 0.106838 42.735265 0.895994 -3.141745 200.000000 -3.141745
 95.400000 0.864357 0.502879 0.935853 0.352390 1.043870 1.210673 0.502879 0.864357 0.352390 0.935853 0.345894 138.357650 0.444067 13.540971 200.000000 13.540971 0.100091 40.036432 0.895994 -1.498784 200.000000 -1.498784 0.840465 336.186122 0.444067 10.592149 200.000000 10.592149 0.158879 63.551421 0.895994 -3.141745 200.000000 -3.141745
 95.600000 0.868982 0.494843 0.911852 0.410518 1.053142 1.147774 0.494843 0.868982 0.410518 0.911852 0.257825 103.129843 0.444067 13.540971 200.000000 13.540971 0.072962 29.184636 0.895994 -1.498784 200.000000 -1.498784 0.112550 45.020138 0.444067 10.592149 200.000000 10.592149 0.025150 10.059910 0.895994 -3.141745 200.000000 -3.141745
 95.800000 0.861561 0.507654 0.887876 0.460083 1.038337 1.092707 0.507654 0.861561 0.460083 0.887876 0.404330 161.732063 0.444067 13.540971 200.000000 13.540971 0.118560 47.423850 0.895994 -1.498784 200.000000 -1.498784 0.025653 10.261377 0.444067 10.592149 200.000000 10.592149 0.006590 2.636091 0.895994 -3.141745 200.000000 -3.141745
 96.000000 0.892142 0.451755 0.879440 0.476010 1.102065 1.074684 0.451755 0.892142 0.476010 0.879440 0.005911 2.364440 0.444067 13.540971 200.000000 13.540971 0.001484 0.593431 0.895994 -1.498784 200.000000 -1.498784 0.102039 40.815577 0.444067 10.592149 200.000000 10.592149 0.027403 10.961379 0.895994 -3.141745 200.000000 -3.141745
 96.200000 0.901084 0.433644 0.918933 0.394414 1.122264 1.165367 0.433644 0.901084 0.394414 0.918933 0.010863 4.345291 0.444067 13.540971 200.000000 13.540971 0.002591 1.036544 0.895994 -1.498784 200.000000 -1.498784 0.246542 98.616692 0.444067 10.592149 200.000000 10.592149 0.052621 21.048342 0.895994 -3.141745 200.000000 -3.141745
 96.400000 0.936048 0.351873 0.874831 0.484429 1.211226 1.065086 0.351873 0.936048 0.484429 0.874831 0.849975 339.990032 0.444067 13.540971 200.000000 13.540971 0.160434 64.173420 0.895994 -1.498784 200.000000 -1.498784 0.162911 65.164350 0.444067 10.592149 200.000000 10.592149 0.044788 17.915074 0.895994 -3.141745 200.000000 -3.141745
 96.600000 0.877189 0.480146 0.826412 0.563065 1.069975 0.972706 0.480146 0.877189 0.563065 0.826412 0.130173 52.069194 0.444067 13.540971 200.000000 13.540971 0.035364 14.145489 0.895994 -1.498784 200.000000 -1.498784 1.416071 566.428205 0.444067 10.592149 200.000000 10.592149 0.484157 193.662941 0.895994 -3.141745 200.000000 -3.141745
 96.800000 0.879917 0.475127 0.866485 0.499203 1.075688 1.048117 0.475127 0.879917 0.499203 0.866485 0.096472 38.588768 0.444067 13.540971 200.000000 13.540971 0.025845 10.337891 0.895994 -1.498784 200.000000 -1.498784 0.304007 121.602892 0.444067 10.592149 200.000000 10.592149 0.087078 34.831191 0.895994 -3.141745 200.000000 -3.141745
 97.000000 0.895176 0.445712 0.905127 0.425142 1.108826 1.131678 0.445712 0.895176 0.425142 0.905127 0.000271 0.108352 0.444067 13.540971 200.000000 13.540971 0.000067 0.026738 0.895994 -1.498784 200.000000 -1.498784 0.035815 14.326046 0.444067 10.592149 200.000000 10.592149 0.008341 3.336480 0.895994 -3.141745 200.000000 -3.141745
 97.200000 0.867937 0.496675 0.856843 0.515578 1.051033 1.029114 0.496675 0.867937 0.515578 0.856843 0.276762 110.704922 0.444067 13.540971 200.000000 13.540971 0.078720 31.487961 0.895994 -1.498784 200.000000 -1.498784 0.511389 204.555484 0.444067 10.592149 200.000000 10.592149 0.153281 61.312536 0.895994 -3.141745 200.000000 -3.141745
 97.400000 0.873815 0.486258 0.867940 0.496669 1.062994 1.051040 0.486258 0.873815 0.496669 0.867940 0.178013 71.205221 0.444067 13.540971 200.000000 13.540971 0.049189 19.675613 0.895994 -1.498784 200.000000 -1.498784 0.276698 110.679357 0.444067 10.592149 200.000000 10.592149 0.078700 31.480159 0.895994 -3.141745 200.000000 -3.141745
 97.600000 0.866257 0.499598 0.873741 0.486391 1.047661 1.062842 0.499598 0.866257 0.486391 0.873741 0.308377 123.350734 0.444067 13.540971 200.000000 13.540971 0.088426 35.370552 0.895994 -1.498784 200.000000 -1.498784 0.179132 71.652782 0.444067 10.592149 200.000000 10.592149 0.049516 19.806569 0.895994 -3.141745 200.000000 -3.141745
 97.800000 0.864085 0.503345 0.913986 0.405746 1.043330 1.153001 0.503345 0.864085 0.405746 0.913986 0.351397 140.558796 0.444067 13.540971 200.000000 13.540971 0.101815 40.725966 0.895994 -1.498784 200.000000 -1.498784 0.146845 58.737906 0.444067 10.592149 200.000000 10.592149 0.032371 12.948449 0.895994 -3.141745 200.000000 -3.141745
 98.000000 0.886771 0.462209 0.854686 0.519145 1.090312 1.024947 0.462209 0.886771 0.519145 0.854686 0.032913 13.165282 0.444067 13.540971 200.000000 13.540971 0.008506 3.402218 0.895994 -1.498784 200.000000 -1.498784 0.563670 225.467830 0.444067 10.592149 200.000000 10.592149 0.170629 68.251773 0.895994 -3.141745 200.000000 -3.141745
 98.200000 0.886218 0.463269 0.887527 0.460756 1.089116 1.091949 0.463269 0.886218 0.460756 0.887527 0.036871 14.748600 0.444067 13.540971 200.000000 13.540971 0.009557 3.822678 0.895994 -1.498784 200.000000 -1.498784 0.027854 11.141640 0.444067 10.592149 200.000000 10.592149 0.007169 2.867609 0.895994 -3.141745 200.000000 -3.141745
 98.400000 0.926639 0.375953 0.897591 0.440828 1.185371 1.114275 0.375953 0.926639 0.440828 0.897591 0.463945 185.578118 0.444067 13.540971 200.000000 13.540971 0.093911 37.564458 0.895994 -1.498784 200.000000 -1.498784 0.001049 0.419446 0.444067 10.592149 200.000000 10.592149 0.000255 0.102098 0.895994 -3.141745 200.000000 -3.141745
 98.600000 0.804909 0.593398 0.851910 0.523689 0.935522 1.019621 0.593398 0.804909 0.523689 0.851910 2.229988 891.995265 0.444067 13.540971 200.000000 13.540971 0.829641 331.856347 0.895994 -1.498784 200.000000 -1.498784 0.633966 253.586257 0.444067 10.592149 200.000000 10.592149 0.194340 77.735929 0.895994 -3.141745 200.000000 -3.141745
 98.800000 0.882510 0.470293 0.870168 0.492756 1.081173 1.055542 0.470293 0.882510 0.492756 0.870168 0.068784 27.513463 0.444067 13.540971 200.000000 13.540971 0.018181 7.272268 0.895994 -1.498784 200.000000 -1.498784 0.237065 94.825962 0.444067 10.592149 200.000000 10.592149 0.066699 26.679714 0.895994 -3.141745 200.000000 -3.141745
 99.000000 0.882060 0.471137 0.928644 0.370973 1.080217 1.190740 0.471137 0.882060 0.370973 0.928644 0.073279 29.311522 0.444067 13.540971 200.000000 13.540971 0.019414 7.765754 0.895994 -1.498784 200.000000 -1.498784 0.534268 213.707393 0.444067 10.592149 200.000000 10.592149 0.106602 42.640643 0.895994 -3.141745 200.000000 -3.141745
 99.200000 0.892009 0.452018 0.887423 0.460955 1.101770 1.091725 0.452018 0.892009 0.460955 0.887423 0.006322 2.528714 0.444067 13.540971 200.000000 13.540971 0.001588 0.635128 0.895994 -1.498784 200.000000 -1.498784 0.028522 11.408823 0.444067 10.592149 200.000000 10.592149 0.007345 2.938008 0.895994 -3.141745 200.000000 -3.141745
 99.400000 0.865618 0.500705 0.846192 0.532878 1.046383 1.008798 0.500705 0.865618 0.532878 0.846192 0.320789 128.315789 0.444067 13.540971 200.000000 13.540971 0.092268 36.907382 0.895994 -1.498784 200.000000 -1.498784 0.788754 315.501735 0.444067 10.592149 200.000000 10.592149 0.248024 99.209490 0.895994 -3.141745 200.000000 -3.141745
 99.600000 0.866372 0.499400 0.855473 0.517848 1.047890 1.026463 0.499400 0.866372 0.517848 0.855473 0.306179 122.471470 0.444067 13.540971 200.000000 13.540971 0.087748 35.099115 0.895994 -1.498784 200.000000 -1.498784 0.544369 217.747424 0.444067 10.592149 200.000000 10.592149 0.164196 65.678372 0.895994 -3.141745 200.000000 -3.141745
 99.800000 0.866627 0.498956 0.892804 0.450445 1.048403 1.103532 0.498956 0.866627 0.450445 0.892804 0.301284 120.513537 0.444067 13.540971 200.000000 13.540971 0.086239 34.495469 0.895994 -1.498784 200.000000 -1.498784 0.004069 1.627546 0.444067 10.592149 200.000000 10.592149 0.001017 0.406990 0.895994 -3.141745 200.000000 -3.141745
 100.000000 0.887843 0.460147 0.880744 0.473593 1.092635 1.077431 0.460147 0.887843 0.473593 0.880744 0.025859 10.343434 0.444067 13.540971 200.000000 13.540971 0.006644 2.657645 0.895994 -1.498784 200.000000 -1.498784 0.087180 34.872082 0.444067 10.592149 200.000000 10.592149 0.023256 9.302387 0.895994 -3.141745 200.000000 -3.141745
