#! FIELDS time sin_phi cos_phi sin_psi cos_psi phi psi cos_phi sin_phi cos_psi sin_psi restraint_phi_cos.bias restraint_phi_cos.force2 restraint_phi_cos.cos_phi_cntr restraint_phi_cos.cos_phi_work restraint_phi_cos.cos_phi_kappa restraint_phi_cos.work restraint_phi_sin.bias restraint_phi_sin.force2 restraint_phi_sin.sin_phi_cntr restraint_phi_sin.sin_phi_work restraint_phi_sin.sin_phi_kappa restraint_phi_sin.work restraint_psi_cos.bias restraint_psi_cos.force2 restraint_psi_cos.cos_psi_cntr restraint_psi_cos.cos_psi_work restraint_psi_cos.cos_psi_kappa restraint_psi_cos.work restraint_psi_sin.bias restraint_psi_sin.force2 restraint_psi_sin.sin_psi_cntr restraint_psi_sin.sin_psi_work restraint_psi_sin.sin_psi_kappa restraint_psi_sin.work
#! SET min_phi -pi
#! SET max_phi pi
#! SET min_psi -pi
#! SET max_psi pi
 0.000000 -0.999983 -0.005782 0.966116 0.258110 -1.576579 1.309731 -0.005782 -0.999983 0.258110 0.966116 0.000000 0.000000 1.000000 0.000000 0.000000 0.000000 0.000000 0.000000 0.000000 0.000000 0.000000 0.000000 0.000000 0.000000 1.000000 0.000000 0.000000 0.000000 0.000000 0.000000 0.000000 0.000000 0.000000 0.000000
 0.200000 -0.992318 0.123711 0.651177 0.758926 -1.446768 0.709134 0.123711 -0.992318 0.758926 0.651177 0.000000 0.000000 1.000000 0.000000 0.000000 0.000000 0.000000 0.000000 0.000000 0.000000 0.000000 0.000000 0.000000 0.000000 1.000000 0.000000 0.000000 0.000000 0.000000 0.000000 0.000000 0.000000 0.000000 0.000000
 0.400000 -0.961266 0.275622 0.530288 0.847817 -1.291559 0.558941 0.275622 -0.961266 0.847817 0.530288 0.000000 0.000000 1.000000 0.000000 0.000000 0.000000 0.000000 0.000000 0.000000 0.000000 0.000000 0.000000 0.000000 0.000000 1.000000 0.000000 0.000000 0.000000 0.000000 0.000000 0.000000 0.000000 0.000000 0.000000
 0.600000 -0.964668 0.263470 0.974191 0.225724 -1.304179 1.343111 0.263470 -0.964668 0.225724 0.974191 0.000000 0.000000 1.000000 0.000000 0.000000 0.000000 0.000000 0.000000 0.000000 0.000000 0.000000 0.000000 0.000000 0.000000 1.000000 0.000000 0.000000 0.000000 0.000000 0.000000 0.000000 0.000000 0.000000 0.000000
 0.800000 -0.999801 0.019934 0.982355 0.187025 -1.550861 1.382663 0.019934 -0.999801 0.187025 0.982355 0.000000 0.000000 1.000000 0.000000 0.000000 0.000000 0.000000 0.000000 0.000000 0.000000 0.000000 0.000000 0.000000 0.000000 1.000000 0.000000 0.000000 0.000000 0.000000 0.000000 0.000000 0.000000 0.000000 0.000000
 1.000000 -0.999595 0.028448 0.659832 0.751413 -1.542345 0.720595 0.028448 -0.999595 0.751413 0.659832 0.000000 0.000000 1.000000 0.000000 0.000000 0.000000 0.000000 0.000000 0.000000 0.000000 0.000000 0.000000 0.000000 0.000000 1.000000 0.000000 0.000000 0.000000 0.000000 0.000000 0.000000 0.000000 0.000000 0.000000
 1.200000 -0.523337 0.852126 -0.267996 0.963420 -0.550763 -0.271313 0.852126 -0.523337 0.963420 -0.267996 0.218668 8.746724 1.000000 4.924676 20.000000 4.924676 2.738818 109.552721 0.000000 7.202907 20.000000 7.202907 0.013381 0.535240 1.000000 0.201922 20.000000 0.201922 0.718220 28.728808 0.000000 1.668522 20.000000 1.668522
 1.400000 0.151769 0.988416 0.008803 0.999961 0.152358 0.008803 0.988416 0.151769 0.999961 0.008803 0.002684 0.214702 1.000000 4.977587 40.000000 4.977587 0.460675 36.854037 0.000000 8.361116 40.000000 8.361116 0.000000 0.000002 1.000000 0.226016 40.000000 0.226016 0.001550 0.123992 0.000000 2.416413 40.000000 2.416413
 1.600000 0.303346 0.952881 -0.214685 0.976683 0.308202 -0.216370 0.952881 0.303346 0.976683 -0.214685 0.066607 7.992877 1.000000 4.988918 60.000000 4.988918 2.760560 331.267251 0.000000 8.907892 60.000000 8.907892 0.016310 1.957213 1.000000 0.229927 60.000000 0.229927 1.382694 165.923319 0.000000 2.705398 60.000000 2.705398
 1.800000 -0.090985 0.995852 0.066053 0.997816 -0.091111 0.066101 0.995852 -0.090985 0.997816 0.066053 0.000688 0.110102 1.000000 4.992377 80.000000 4.992377 0.331127 52.980383 0.000000 9.205546 80.000000 9.205546 0.000191 0.030524 1.000000 0.230389 80.000000 0.230389 0.174520 27.923144 0.000000 2.779924 80.000000 2.779924
 2.000000 -0.266080 0.963951 0.072661 0.997357 -0.269324 0.072725 0.963951 -0.266080 0.997357 0.072661 0.064976 12.995266 1.000000 4.993496 100.000000 4.993496 3.539918 707.983673 0.000000 9.347121 100.000000 9.347121 0.000349 0.069869 1.000000 0.231416 100.000000 0.231416 0.263978 52.795693 0.000000 2.907307 100.000000 2.907307
 2.200000 -0.080140 0.996784 -0.154553 0.987984 -0.080226 -0.155175 0.996784 -0.080140 0.987984 -0.154553 0.000621 0.148970 1.000000 4.994917 120.000000 4.994917 0.385345 92.482909 0.000000 9.475784 120.000000 9.475784 0.008662 2.078966 1.000000 0.231836 120.000000 0.231836 1.433200 343.967953 0.000000 2.993694 120.000000 2.993694
 2.400000 0.044667 0.999002 -0.093595 0.995610 0.044682 -0.093732 0.999002 0.044667 0.995610 -0.093595 0.000070 0.019524 1.000000 4.998059 140.000000 4.998059 0.139660 39.104719 0.000000 9.672366 140.000000 9.672366 0.001349 0.377668 1.000000 0.232655 140.000000 0.232655 0.613198 171.695451 0.000000 3.117438 140.000000 3.117438
 2.600000 -0.113503 0.993538 0.000918 1.000000 -0.113748 0.000918 0.993538 -0.113503 1.000000 0.000918 0.003341 1.069103 1.000000 4.998217 160.000000 4.998217 1.030634 329.802753 0.000000 9.722387 160.000000 9.722387 0.000000 0.000000 1.000000 0.232813 160.000000 0.232813 0.000067 0.021563 0.000000 3.169724 160.000000 3.169724
 2.800000 -0.009796 0.999952 -0.037832 0.999284 -0.009797 -0.037841 0.999952 -0.009796 0.999284 -0.037832 0.000000 0.000075 1.000000 4.998378 180.000000 4.998378 0.008637 3.109428 0.000000 9.775342 180.000000 9.775342 0.000046 0.016606 1.000000 0.232985 180.000000 0.232985 0.128816 46.373937 0.000000 3.222536 180.000000 3.222536
 3.000000 0.072890 0.997340 -0.073600 0.997288 0.072954 -0.073666 0.997340 0.072890 0.997288 -0.073600 0.000708 0.283021 1.000000 4.998579 200.000000 4.998579 0.531289 212.515740 0.000000 9.831728 200.000000 9.831728 0.000736 0.294226 1.000000 0.233078 200.000000 0.233078 0.541691 216.676285 0.000000 3.259799 200.000000 3.259799
 3.200000 -0.074757 0.997202 0.109129 0.994028 -0.074827 0.109347 0.997202 -0.074757 0.994028 0.109129 0.470623 188.249013 0.928600 5.458739 200.000000 5.458739 0.102460 40.984187 -0.042747 9.830462 200.000000 9.830462 0.345427 138.170817 0.935255 0.623163 200.000000 0.623163 0.224625 89.850097 0.061735 3.180277 200.000000 3.180277
 3.400000 -0.055983 0.998432 0.218305 0.975881 -0.056012 0.220077 0.998432 -0.055983 0.975881 0.218305 1.994648 797.859333 0.857200 6.854731 200.000000 6.854731 0.087096 34.838269 -0.085495 9.328393 200.000000 9.328393 1.110317 444.126621 0.870509 1.783721 200.000000 1.783721 0.899379 359.751648 0.123469 3.200656 200.000000 3.200656
 3.600000 -0.078770 0.996893 0.269221 0.963078 -0.078851 0.272584 0.996893 -0.078770 0.963078 0.269221 4.456037 1782.414932 0.785800 9.311745 200.000000 9.311745 0.244755 97.901953 -0.128242 9.357847 200.000000 9.357847 2.474795 989.918129 0.805764 3.697688 200.000000 3.697688 0.705887 282.354973 0.185204 3.170574 200.000000 3.170574
 3.800000 -0.212594 0.977141 0.272446 0.962171 -0.214229 0.275934 0.977141 -0.212594 0.962171 0.272446 6.903297 2761.318961 0.714399 12.484263 200.000000 12.484263 0.173087 69.234976 -0.170990 8.852939 200.000000 8.852939 4.890868 1956.347216 0.741018 6.137130 200.000000 6.137130 0.065061 26.024289 0.246939 2.577683 200.000000 2.577683
 4.000000 -0.358805 0.933413 0.326069 0.945346 -0.366987 0.332143 0.933413 -0.358805 0.945346 0.326069 8.433989 3373.595764 0.642999 16.077519 200.000000 16.077519 2.104456 841.782542 -0.213737 7.418303 200.000000 7.418303 7.240041 2896.016316 0.676273 8.955203 200.000000 8.955203 0.030262 12.104782 0.308673 1.380544 200.000000 1.380544
 4.200000 -0.365921 0.930646 0.575976 0.817467 -0.374622 0.613797 0.930646 -0.365921 0.817467 0.575976 12.891463 5156.585062 0.571599 20.664694 200.000000 20.664694 1.197623 479.049311 -0.256485 6.303485 200.000000 6.303485 4.241112 1696.444686 0.611527 12.019668 200.000000 12.019668 4.225808 1690.323266 0.370408 -0.154432 200.000000 -0.154432
 4.400000 -0.594008 0.804459 0.700784 0.713373 -0.636032 0.776496 0.804459 -0.594008 0.713373 0.700784 9.257427 3702.970644 0.500199 25.059190 200.000000 25.059190 8.689260 3475.703922 -0.299232 4.134466 200.000000 4.134466 2.775284 1110.113423 0.546782 15.215486 200.000000 15.215486 7.216811 2886.724424 0.432143 -2.053086 200.000000 -2.053086
 4.600000 -0.573177 0.819431 0.783345 0.621588 -0.610378 0.900028 0.819431 -0.573177 0.621588 0.783345 15.259380 6103.751851 0.428799 28.888175 200.000000 28.888175 5.345221 2138.088585 -0.341980 1.094552 200.000000 1.094552 1.947464 778.985779 0.482036 18.224291 200.000000 18.224291 8.379115 3351.646175 0.493878 -4.482516 200.000000 -4.482516
 4.800000 -0.783666 0.621182 0.764339 0.644815 -0.900546 0.870015 0.621182 -0.783666 0.644815 0.764339 6.958179 2783.271678 0.357399 33.181129 200.000000 33.181129 15.915205 6366.082200 -0.384727 -1.892356 200.000000 -1.892356 5.176741 2070.696211 0.417291 20.638723 200.000000 20.638723 4.356667 1742.666668 0.555612 -7.514372 200.000000 -7.514372
 5.000000 -0.880081 0.474824 0.893212 0.449636 -1.076032 1.104438 0.474824 -0.880081 0.449636 0.893212 3.565516 1426.206564 0.285999 36.234993 200.000000 36.234993 20.485190 8194.075923 -0.427475 -5.601949 200.000000 -5.601949 0.942668 377.067220 0.352545 22.721296 200.000000 22.721296 7.610140 3044.055873 0.617347 -10.587986 200.000000 -10.587986
 5.200000 -0.914517 0.404548 0.939588 0.342307 -1.154312 1.221425 0.404548 -0.914517 0.342307 0.939588 3.608093 1443.237285 0.214598 38.922036 200.000000 38.922036 19.739737 7895.894697 -0.470222 -9.419583 200.000000 -9.419583 0.297104 118.841719 0.287800 24.213461 200.000000 24.213461 6.786366 2714.546519 0.679082 -13.653933 200.000000 -13.653933
 5.400000 -0.959610 0.281332 0.969410 0.245446 -1.285614 1.322817 0.281332 -0.959610 0.245446 0.969410 1.908104 763.241400 0.143198 40.616532 200.000000 40.616532 19.948769 7979.507679 -0.512970 -13.345411 200.000000 -13.345411 0.050139 20.055674 0.223054 25.575609 200.000000 25.575609 5.225519 2090.207718 0.740816 -16.359130 200.000000 -16.359130
 5.600000 -0.970982 0.239154 0.983127 0.182926 -1.329302 1.386834 0.239154 -0.970982 0.182926 0.983127 2.800804 1120.321689 0.071798 42.060628 200.000000 42.060628 17.244434 6897.773594 -0.555717 -17.100459 200.000000 -17.100459 0.060603 24.241393 0.158309 26.326623 200.000000 26.326623 3.260754 1304.301585 0.802551 -18.754497 200.000000 -18.754497
 5.800000 -0.996885 -0.078872 0.992113 0.125347 -1.649750 1.445119 -0.078872 -0.996885 0.125347 0.992113 0.628372 251.348858 0.000398 42.730715 200.000000 42.730715 15.873834 6349.533767 -0.598465 -20.657996 200.000000 -20.657996 0.101018 40.407060 0.093563 26.909083 200.000000 26.909083 1.633982 653.592912 0.864286 -20.596172 200.000000 -20.596172
 6.000000 -0.980769 -0.195170 0.993671 0.112333 -1.767227 1.458226 -0.195170 -0.980769 0.112333 0.993671 1.541755 616.702058 -0.071002 42.710334 200.000000 42.710334 11.529899 4611.959792 -0.641212 -23.870881 200.000000 -23.870881 0.697477 278.990961 0.028818 26.952194 200.000000 26.952194 0.457655 183.062156 0.926020 -21.853545 200.000000 -21.853545
 6.200000 -0.981335 -0.192306 0.998460 -0.055477 -1.764308 1.626302 -0.192306 -0.981335 -0.055477 0.998460 0.249038 99.615248 -0.142402 42.805179 200.000000 42.805179 8.843192 3537.276976 -0.683960 -26.691073 200.000000 -26.691073 0.038218 15.287270 -0.035928 27.052821 200.000000 27.052821 0.011459 4.583761 0.987755 -22.365548 200.000000 -22.365548
 6.400000 -0.968617 -0.248557 0.993295 -0.115610 -1.821986 1.686666 -0.248557 -0.968617 -0.115610 0.993295 0.120785 48.313960 -0.213803 41.795138 200.000000 41.795138 5.852041 2340.816576 -0.726707 -28.918069 200.000000 -28.918069 0.462786 185.114569 -0.047582 27.127825 200.000000 27.127825 0.003105 1.242197 0.998867 -22.379130 200.000000 -22.379130
 6.600000 -0.876341 -0.481691 0.999938 -0.011174 -2.073380 1.581971 -0.481691 -0.876341 -0.011174 0.999938 3.860777 1544.310795 -0.285203 41.527908 200.000000 41.527908 1.142463 456.985124 -0.769455 -30.734149 200.000000 -30.734149 0.132551 53.020222 -0.047582 27.127825 200.000000 27.127825 0.000115 0.045815 0.998867 -22.379130 200.000000 -22.379130
 6.800000 -0.916385 -0.400299 0.999383 0.035112 -1.982639 1.535677 -0.400299 -0.916385 0.035112 0.999383 0.190933 76.373232 -0.356603 40.581445 200.000000 40.581445 1.085395 434.157960 -0.812202 -31.834685 200.000000 -31.834685 0.683822 273.528864 -0.047582 27.127825 200.000000 27.127825 0.000027 0.010653 0.998867 -22.379130 200.000000 -22.379130
 7.000000 -0.894800 -0.446468 0.999999 -0.001678 -2.033611 1.572474 -0.446468 -0.894800 -0.001678 0.999999 0.034096 13.638571 -0.428003 40.319046 200.000000 40.319046 0.158799 63.519576 -0.854950 -32.469791 200.000000 -32.469791 0.210719 84.287687 -0.047582 27.127825 200.000000 27.127825 0.000128 0.051189 0.998867 -22.379130 200.000000 -22.379130
 7.200000 -0.877213 -0.480101 0.991938 -0.126727 -2.071566 1.697865 -0.480101 -0.877213 -0.126727 0.991938 0.006131 2.452319 -0.472271 40.563337 200.000000 40.563337 0.001798 0.719156 -0.881453 -32.666511 200.000000 -32.666511 0.626398 250.559204 -0.047582 27.127825 200.000000 27.127825 0.004802 1.920849 0.998867 -22.379130 200.000000 -22.379130
 7.400000 -0.903848 -0.427854 0.996835 -0.079504 -2.012914 1.650384 -0.427854 -0.903848 -0.079504 0.996835 0.197287 78.914695 -0.472271 40.563337 200.000000 40.563337 0.050151 20.060452 -0.881453 -32.666511 200.000000 -32.666511 0.101902 40.760918 -0.047582 27.127825 200.000000 27.127825 0.000413 0.165290 0.998867 -22.379130 200.000000 -22.379130
 7.600000 -0.880843 -0.473408 0.999226 -0.039329 -2.063953 1.610135 -0.473408 -0.880843 -0.039329 0.999226 0.000129 0.051737 -0.472271 40.563337 200.000000 40.563337 0.000037 0.014898 -0.881453 -32.666511 200.000000 -32.666511 0.006811 2.724487 -0.047582 27.127825 200.000000 27.127825 0.000013 0.005155 0.998867 -22.379130 200.000000 -22.379130
 7.800000 -0.879562 -0.475785 0.999000 0.044715 -2.066652 1.526066 -0.475785 -0.879562 0.044715 0.999000 0.001235 0.493841 -0.472271 40.563337 200.000000 40.563337 0.000358 0.143129 -0.881453 -32.666511 200.000000 -32.666511 0.851880 340.752092 -0.047582 27.127825 200.000000 27.127825 0.000002 0.000701 0.998867 -22.379130 200.000000 -22.379130
 8.000000 -0.923644 -0.383250 0.999229 -0.039256 -1.964109 1.610063 -0.383250 -0.923644 -0.039256 0.999229 0.792467 316.986631 -0.472271 40.563337 200.000000 40.563337 0.178009 71.203506 -0.881453 -32.666511 200.000000 -32.666511 0.006931 2.772570 -0.047582 27.127825 200.000000 27.127825 0.000013 0.005237 0.998867 -22.379130 200.000000 -22.379130
 8.200000 -0.918823 -0.394671 0.998710 -0.050769 -1.976506 1.621587 -0.394671 -0.918823 -0.050769 0.998710 0.602179 240.871436 -0.472271 40.563337 200.000000 40.563337 0.139646 55.858238 -0.881453 -32.666511 200.000000 -32.666511 0.001016 0.406376 -0.047582 27.127825 200.000000 27.127825 0.000002 0.000985 0.998867 -22.379130 200.000000 -22.379130
 8.400000 -0.893654 -0.448757 0.999996 -0.002855 -2.036171 1.573651 -0.448757 -0.893654 -0.002855 0.999996 0.055290 22.115999 -0.472271 40.563337 200.000000 40.563337 0.014885 5.953926 -0.881453 -32.666511 200.000000 -32.666511 0.200051 80.020266 -0.047582 27.127825 200.000000 27.127825 0.000127 0.050948 0.998867 -22.379130 200.000000 -22.379130
 8.600000 -0.920679 -0.390322 0.999136 -0.041550 -1.971777 1.612358 -0.390322 -0.920679 -0.041550 0.999136 0.671569 268.627501 -0.472271 40.563337 200.000000 40.563337 0.153861 61.544472 -0.881453 -32.666511 200.000000 -32.666511 0.003639 1.455545 -0.047582 27.127825 200.000000 27.127825 0.000007 0.002897 0.998867 -22.379130 200.000000 -22.379130
 8.800000 -0.875920 -0.482457 0.992802 -0.119764 -2.074254 1.690848 -0.482457 -0.875920 -0.119764 0.992802 0.010376 4.150288 -0.472271 40.563337 200.000000 40.563337 0.003062 1.224926 -0.881453 -32.666511 200.000000 -32.666511 0.521020 208.407982 -0.047582 27.127825 200.000000 27.127825 0.003678 1.471323 0.998867 -22.379130 200.000000 -22.379130
 9.000000 -0.838914 -0.544264 0.998754 -0.049902 -2.146308 1.620719 -0.544264 -0.838914 -0.049902 0.998754 0.518297 207.318647 -0.472271 40.563337 200.000000 40.563337 0.180959 72.383668 -0.881453 -32.666511 200.000000 -32.666511 0.000538 0.215319 -0.047582 27.127825 200.000000 27.127825 0.000001 0.000513 0.998867 -22.379130 200.000000 -22.379130
 9.200000 -0.858026 -0.513606 0.997654 -0.068463 -2.110178 1.639313 -0.513606 -0.858026 -0.068463 0.997654 0.170856 68.342362 -0.472271 40.563337 200.000000 40.563337 0.054883 21.953140 -0.881453 -32.666511 200.000000 -32.666511 0.043602 17.440737 -0.047582 27.127825 200.000000 27.127825 0.000147 0.058921 0.998867 -22.379130 200.000000 -22.379130
 9.400000 -0.854985 -0.518652 0.993618 -0.112798 -2.116070 1.683835 -0.518652 -0.854985 -0.112798 0.993618 0.215120 86.047891 -0.472271 40.563337 200.000000 40.563337 0.070055 28.022136 -0.881453 -32.666511 200.000000 -32.666511 0.425319 170.127648 -0.047582 27.127825 200.000000 27.127825 0.002756 1.102267 0.998867 -22.379130 200.000000 -22.379130
 9.600000 -0.892283 -0.451477 0.999947 -0.010298 -2.039216 1.581095 -0.451477 -0.892283 -0.010298 0.999947 0.043240 17.295938 -0.472271 40.563337 200.000000 40.563337 0.011728 4.691082 -0.881453 -32.666511 200.000000 -32.666511 0.139006 55.602560 -0.047582 27.127825 200.000000 27.127825 0.000117 0.046624 0.998867 -22.379130 200.000000 -22.379130
 9.800000 -0.904804 -0.425829 0.999381 -0.035189 -2.010674 1.605993 -0.425829 -0.904804 -0.035189 0.999381 0.215689 86.275487 -0.472271 40.563337 200.000000 40.563337 0.054524 21.809651 -0.881453 -32.666511 200.000000 -32.666511 0.015359 6.143415 -0.047582 27.127825 200.000000 27.127825 0.000026 0.010541 0.998867 -22.379130 200.000000 -22.379130
 10.000000 -0.887897 -0.460042 0.999990 0.004474 -2.048839 1.566322 -0.460042 -0.887897 0.004474 0.999990 0.014954 5.981714 -0.472271 40.563337 200.000000 40.563337 0.004152 1.660817 -0.881453 -32.666511 200.000000 -32.666511 0.270987 108.394778 -0.047582 27.127825 200.000000 27.127825 0.000126 0.050414 0.998867 -22.379130 200.000000 -22.379130
 10.200000 -0.817053 -0.576562 0.999747 0.022484 -2.185311 1.548310 -0.576562 -0.817053 0.022484 0.999747 1.087665 435.065925 -0.472271 40.563337 200.000000 40.563337 0.414738 165.895096 -0.881453 -32.666511 200.000000 -32.666511 0.490924 196.369742 -0.047582 27.127825 200.000000 27.127825 0.000077 0.030966 0.998867 -22.379130 200.000000 -22.379130
 10.400000 -0.849088 -0.528252 0.998758 -0.049817 -2.127336 1.620634 -0.528252 -0.849088 -0.049817 0.998758 0.313382 125.352696 -0.472271 40.563337 200.000000 40.563337 0.104752 41.900926 -0.881453 -32.666511 200.000000 -32.666511 0.000500 0.199892 -0.047582 27.127825 200.000000 27.127825 0.000001 0.000475 0.998867 -22.379130 200.000000 -22.379130
 10.600000 -0.857413 -0.514629 0.999926 -0.012131 -2.111372 1.582928 -0.514629 -0.857413 -0.012131 0.999926 0.179423 71.769099 -0.472271 40.563337 200.000000 40.563337 0.057795 23.118089 -0.881453 -32.666511 200.000000 -32.666511 0.125677 50.270676 -0.047582 27.127825 200.000000 27.127825 0.000112 0.044866 0.998867 -22.379130 200.000000 -22.379130
 10.800000 -0.907249 -0.420594 0.999576 -0.029127 -2.004897 1.599927 -0.420594 -0.907249 -0.029127 0.999576 0.267048 106.819247 -0.472271 40.563337 200.000000 40.563337 0.066540 26.616166 -0.881453 -32.666511 200.000000 -32.666511 0.034059 13.623501 -0.047582 27.127825 200.000000 27.127825 0.000050 0.020072 0.998867 -22.379130 200.000000 -22.379130
 11.000000 -0.888278 -0.459307 0.995069 -0.099187 -2.048011 1.670147 -0.459307 -0.888278 -0.099187 0.995069 0.016807 6.722619 -0.472271 40.563337 200.000000 40.563337 0.004657 1.862784 -0.881453 -32.666511 200.000000 -32.666511 0.266310 106.523966 -0.047582 27.127825 200.000000 27.127825 0.001443 0.577157 0.998867 -22.379130 200.000000 -22.379130
 11.200000 -0.848662 -0.528936 0.999627 -0.027309 -2.128143 1.598109 -0.528936 -0.848662 -0.027309 0.999627 0.321091 128.436314 -0.472271 40.563337 200.000000 40.563337 0.107529 43.011601 -0.881453 -32.666511 200.000000 -32.666511 0.041099 16.439498 -0.047582 27.127825 200.000000 27.127825 0.000058 0.023086 0.998867 -22.379130 200.000000 -22.379130
 11.400000 -0.888927 -0.458049 0.989966 -0.141308 -2.046596 1.712579 -0.458049 -0.888927 -0.141308 0.989966 0.020226 8.090213 -0.472271 40.563337 200.000000 40.563337 0.005585 2.234046 -0.881453 -32.666511 200.000000 -32.666511 0.878460 351.384091 -0.047582 27.127825 200.000000 27.127825 0.007924 3.169594 0.998867 -22.379130 200.000000 -22.379130
 11.600000 -0.842227 -0.539124 0.998169 -0.060483 -2.140193 1.631317 -0.539124 -0.842227 -0.060483 0.998169 0.446928 178.771270 -0.472271 40.563337 200.000000 40.563337 0.153874 61.549701 -0.881453 -32.666511 200.000000 -32.666511 0.016645 6.657804 -0.047582 27.127825 200.000000 27.127825 0.000049 0.019495 0.998867 -22.379130 200.000000 -22.379130
 11.800000 -0.903790 -0.427977 0.994501 -0.104727 -2.013049 1.675715 -0.427977 -0.903790 -0.104727 0.994501 0.196201 78.480233 -0.472271 40.563337 200.000000 40.563337 0.049892 19.956734 -0.881453 -32.666511 200.000000 -32.666511 0.326553 130.621295 -0.047582 27.127825 200.000000 27.127825 0.001906 0.762585 0.998867 -22.379130 200.000000 -22.379130
 12.000000 -0.930917 -0.365231 0.993374 -0.114925 -1.944677 1.685976 -0.365231 -0.930917 -0.114925 0.993374 1.145754 458.301707 -0.472271 40.563337 200.000000 40.563337 0.244664 97.865494 -0.881453 -32.666511 200.000000 -32.666511 0.453508 181.403281 -0.047582 27.127825 200.000000 27.127825 0.003017 1.206992 0.998867 -22.379130 200.000000 -22.379130
 12.200000 -0.878208 -0.478278 0.995887 -0.090601 -2.069489 1.661521 -0.478278 -0.878208 -0.090601 0.995887 0.003609 1.443432 -0.472271 40.563337 200.000000 40.563337 0.001053 0.421199 -0.881453 -32.666511 200.000000 -32.666511 0.185061 74.024529 -0.047582 27.127825 200.000000 27.127825 0.000888 0.355225 0.998867 -22.379130 200.000000 -22.379130
 12.400000 -0.926054 -0.377392 0.992982 -0.118269 -1.957774 1.689343 -0.377392 -0.926054 -0.118269 0.992982 0.900210 360.084079 -0.472271 40.563337 200.000000 40.563337 0.198919 79.567744 -0.881453 -32.666511 200.000000 -32.666511 0.499666 199.866257 -0.047582 27.127825 200.000000 27.127825 0.003464 1.385677 0.998867 -22.379130 200.000000 -22.379130
 12.600000 -0.866049 -0.499959 0.999824 -0.018741 -2.094348 1.589538 -0.499959 -0.866049 -0.018741 0.999824 0.076663 30.665301 -0.472271 40.563337 200.000000 40.563337 0.023730 9.491831 -0.881453 -32.666511 200.000000 -32.666511 0.083182 33.272793 -0.047582 27.127825 200.000000 27.127825 0.000092 0.036637 0.998867 -22.379130 200.000000 -22.379130
 12.800000 -0.874909 -0.484288 0.998127 -0.061178 -2.076346 1.632013 -0.484288 -0.874909 -0.061178 0.998127 0.014441 5.776326 -0.472271 40.563337 200.000000 40.563337 0.004283 1.713355 -0.881453 -32.666511 200.000000 -32.666511 0.018486 7.394432 -0.047582 27.127825 200.000000 27.127825 0.000055 0.021933 0.998867 -22.379130 200.000000 -22.379130
 13.000000 -0.880416 -0.474201 0.999498 -0.031675 -2.064853 1.602477 -0.474201 -0.880416 -0.031675 0.999498 0.000373 0.149035 -0.472271 40.563337 200.000000 40.563337 0.000108 0.043009 -0.881453 -32.666511 200.000000 -32.666511 0.025303 10.121016 -0.047582 27.127825 200.000000 27.127825 0.000040 0.015920 0.998867 -22.379130 200.000000 -22.379130
 13.200000 -0.880103 -0.474783 0.996437 0.084343 -2.065514 1.486353 -0.474783 -0.880103 0.084343 0.996437 0.000631 0.252444 -0.472271 40.563337 200.000000 40.563337 0.000182 0.072966 -0.881453 -32.666511 200.000000 -32.666511 1.740423 696.169020 -0.047582 27.127825 200.000000 27.127825 0.000591 0.236307 0.998867 -22.379130 200.000000 -22.379130
 13.400000 -0.862815 -0.505520 0.998717 0.050636 -2.100781 1.520139 -0.505520 -0.862815 0.050636 0.998717 0.110551 44.220492 -0.472271 40.563337 200.000000 40.563337 0.034740 13.895991 -0.881453 -32.666511 200.000000 -32.666511 0.964671 385.868598 -0.047582 27.127825 200.000000 27.127825 0.000002 0.000902 0.998867 -22.379130 200.000000 -22.379130
 13.600000 -0.886092 -0.463510 0.998154 0.060739 -2.052748 1.510020 -0.463510 -0.886092 0.060739 0.998154 0.007676 3.070575 -0.472271 40.563337 200.000000 40.563337 0.002152 0.860650 -0.881453 -32.666511 200.000000 -32.666511 1.173340 469.335933 -0.047582 27.127825 200.000000 27.127825 0.000051 0.020372 0.998867 -22.379130 200.000000 -22.379130
 13.800000 -0.854893 -0.518804 0.999583 0.028873 -2.116248 1.541920 -0.518804 -0.854893 0.028873 0.999583 0.216530 86.612087 -0.472271 40.563337 200.000000 40.563337 0.070544 28.217507 -0.881453 -32.666511 200.000000 -32.666511 0.584532 233.812755 -0.047582 27.127825 200.000000 27.127825 0.000051 0.020492 0.998867 -22.379130 200.000000 -22.379130
 14.000000 -0.920394 -0.390992 0.998676 -0.051448 -1.972505 1.622267 -0.390992 -0.920394 -0.051448 0.998676 0.660637 264.254680 -0.472271 40.563337 200.000000 40.563337 0.151640 60.655808 -0.881453 -32.666511 200.000000 -32.666511 0.001494 0.597726 -0.047582 27.127825 200.000000 27.127825 0.000004 0.001469 0.998867 -22.379130 200.000000 -22.379130
 14.200000 -0.864523 -0.502593 0.999990 -0.004383 -2.097392 1.575179 -0.502593 -0.864523 -0.004383 0.999990 0.091943 36.777124 -0.472271 40.563337 200.000000 40.563337 0.028664 11.465402 -0.881453 -32.666511 200.000000 -32.666511 0.186615 74.646132 -0.047582 27.127825 200.000000 27.127825 0.000126 0.050450 0.998867 -22.379130 200.000000 -22.379130
 14.400000 -0.925712 -0.378229 0.999571 -0.029278 -1.958679 1.600079 -0.378229 -0.925712 -0.029278 0.999571 0.884391 353.756220 -0.472271 40.563337 200.000000 40.563337 0.195883 78.353251 -0.881453 -32.666511 200.000000 -32.666511 0.033503 13.401096 -0.047582 27.127825 200.000000 27.127825 0.000050 0.019823 0.998867 -22.379130 200.000000 -22.379130
 14.600000 -0.931737 -0.363135 0.988483 -0.151331 -1.942427 1.722711 -0.363135 -0.931737 -0.151331 0.988483 1.191068 476.427230 -0.472271 40.563337 200.000000 40.563337 0.252840 101.135881 -0.881453 -32.666511 200.000000 -32.666511 1.076385 430.554059 -0.047582 27.127825 200.000000 27.127825 0.010783 4.313246 0.998867 -22.379130 200.000000 -22.379130
 14.800000 -0.855925 -0.517099 0.996556 -0.082922 -2.114255 1.653814 -0.517099 -0.855925 -0.082922 0.996556 0.200959 80.383465 -0.472271 40.563337 200.000000 40.563337 0.065168 26.067281 -0.881453 -32.666511 200.000000 -32.666511 0.124894 49.957442 -0.047582 27.127825 200.000000 27.127825 0.000534 0.213687 0.998867 -22.379130 200.000000 -22.379130
 15.000000 -0.908506 -0.417871 0.995983 -0.089545 -2.001898 1.660461 -0.417871 -0.908506 -0.089545 0.995983 0.295932 118.372632 -0.472271 40.563337 200.000000 40.563337 0.073185 29.274131 -0.881453 -32.666511 200.000000 -32.666511 0.176089 70.435724 -0.047582 27.127825 200.000000 27.127825 0.000832 0.332826 0.998867 -22.379130 200.000000 -22.379130
 15.200000 -0.863687 -0.504028 0.980341 -0.197311 -2.099052 1.769410 -0.504028 -0.863687 -0.197311 0.980341 0.100849 40.339596 -0.472271 40.563337 200.000000 40.563337 0.031563 12.625140 -0.881453 -32.666511 200.000000 -32.666511 2.241867 896.746999 -0.047582 27.127825 200.000000 27.127825 0.034322 13.728967 0.998867 -22.379130 200.000000 -22.379130
 15.400000 -0.897219 -0.441585 0.994896 -0.100909 -2.028161 1.671877 -0.441585 -0.897219 -0.100909 0.994896 0.094164 37.665415 -0.472271 40.563337 200.000000 40.563337 0.024857 9.942744 -0.881453 -32.666511 200.000000 -32.666511 0.284377 113.750682 -0.047582 27.127825 200.000000 27.127825 0.001577 0.630966 0.998867 -22.379130 200.000000 -22.379130
 15.600000 -0.892715 -0.450622 0.990770 -0.135551 -2.038258 1.706765 -0.450622 -0.892715 -0.135551 0.990770 0.046869 18.747557 -0.472271 40.563337 200.000000 40.563337 0.012682 5.072916 -0.881453 -32.666511 200.000000 -32.666511 0.773848 309.539065 -0.047582 27.127825 200.000000 27.127825 0.006556 2.622394 0.998867 -22.379130 200.000000 -22.379130
 15.800000 -0.858202 -0.513311 0.998737 -0.050235 -2.109835 1.621053 -0.513311 -0.858202 -0.050235 0.998737 0.168431 67.372502 -0.472271 40.563337 200.000000 40.563337 0.054061 21.624299 -0.881453 -32.666511 200.000000 -32.666511 0.000704 0.281564 -0.047582 27.127825 200.000000 27.127825 0.000002 0.000675 0.998867 -22.379130 200.000000 -22.379130
 16.000000 -0.886345 -0.463026 0.999415 -0.034188 -2.052202 1.604991 -0.463026 -0.886345 -0.034188 0.999415 0.008547 3.418881 -0.472271 40.563337 200.000000 40.563337 0.002393 0.957013 -0.881453 -32.666511 200.000000 -32.666511 0.017940 7.176147 -0.047582 27.127825 200.000000 27.127825 0.000030 0.012016 0.998867 -22.379130 200.000000 -22.379130
 16.200000 -0.885689 -0.464279 0.998151 0.060776 -2.053616 1.509983 -0.464279 -0.885689 0.060776 0.998151 0.006388 2.555108 -0.472271 40.563337 200.000000 40.563337 0.001794 0.717675 -0.881453 -32.666511 200.000000 -32.666511 1.174145 469.657874 -0.047582 27.127825 200.000000 27.127825 0.000051 0.020501 0.998867 -22.379130 200.000000 -22.379130
 16.400000 -0.891664 -0.452698 0.999565 -0.029478 -2.040585 1.600278 -0.452698 -0.891664 -0.029478 0.999565 0.038309 15.323778 -0.472271 40.563337 200.000000 40.563337 0.010425 4.170093 -0.881453 -32.666511 200.000000 -32.666511 0.032777 13.110684 -0.047582 27.127825 200.000000 27.127825 0.000049 0.019494 0.998867 -22.379130 200.000000 -22.379130
 16.600000 -0.890467 -0.455048 0.999966 -0.008209 -2.043223 1.579006 -0.455048 -0.890467 -0.008209 0.999966 0.029663 11.865163 -0.472271 40.563337 200.000000 40.563337 0.008124 3.249705 -0.881453 -32.666511 200.000000 -32.666511 0.155021 62.008290 -0.047582 27.127825 200.000000 27.127825 0.000121 0.048309 0.998867 -22.379130 200.000000 -22.379130
 16.800000 -0.890090 -0.455784 0.998261 0.058957 -2.044049 1.511805 -0.455784 -0.890090 0.058957 0.998261 0.027182 10.872782 -0.472271 40.563337 200.000000 40.563337 0.007460 2.983902 -0.881453 -32.666511 200.000000 -32.666511 1.135050 454.019805 -0.047582 27.127825 200.000000 27.127825 0.000037 0.014728 0.998867 -22.379130 200.000000 -22.379130
 17.000000 -0.873132 -0.487484 0.993274 -0.115791 -2.080002 1.686848 -0.487484 -0.873132 -0.115791 0.993274 0.023143 9.257173 -0.472271 40.563337 200.000000 40.563337 0.006925 2.769811 -0.881453 -32.666511 200.000000 -32.666511 0.465247 186.098992 -0.047582 27.127825 200.000000 27.127825 0.003129 1.251595 0.998867 -22.379130 200.000000 -22.379130
 17.200000 -0.887057 -0.461660 0.997467 0.071137 -2.050662 1.499600 -0.461660 -0.887057 0.071137 0.997467 0.011259 4.503630 -0.472271 40.563337 200.000000 40.563337 0.003140 1.255965 -0.881453 -32.666511 200.000000 -32.666511 1.409410 563.764066 -0.047582 27.127825 200.000000 27.127825 0.000196 0.078485 0.998867 -22.379130 200.000000 -22.379130
 17.400000 -0.870902 -0.491457 0.986464 -0.163980 -2.084558 1.735520 -0.491457 -0.870902 -0.163980 0.986464 0.036810 14.724096 -0.472271 40.563337 200.000000 40.563337 0.011134 4.453418 -0.881453 -32.666511 200.000000 -32.666511 1.354853 541.941121 -0.047582 27.127825 200.000000 27.127825 0.015385 6.154057 0.998867 -22.379130 200.000000 -22.379130
 17.600000 -0.915964 -0.401260 0.999391 -0.034895 -1.983688 1.605699 -0.401260 -0.915964 -0.034895 0.999391 0.504258 201.703109 -0.472271 40.563337 200.000000 40.563337 0.119100 47.639951 -0.881453 -32.666511 200.000000 -32.666511 0.016095 6.438127 -0.047582 27.127825 200.000000 27.127825 0.000027 0.010968 0.998867 -22.379130 200.000000 -22.379130
 17.800000 -0.901862 -0.432024 0.997563 -0.069765 -2.017532 1.640618 -0.432024 -0.901862 -0.069765 0.997563 0.161981 64.792568 -0.472271 40.563337 200.000000 40.563337 0.041651 16.660551 -0.881453 -32.666511 200.000000 -32.666511 0.049210 19.684046 -0.047582 27.127825 200.000000 27.127825 0.000170 0.068007 0.998867 -22.379130 200.000000 -22.379130
 18.000000 -0.860345 -0.509712 0.985508 -0.169627 -2.105646 1.741248 -0.509712 -0.860345 -0.169627 0.985508 0.140179 56.071757 -0.472271 40.563337 200.000000 40.563337 0.044555 17.821978 -0.881453 -32.666511 200.000000 -32.666511 1.489504 595.801405 -0.047582 27.127825 200.000000 27.127825 0.017846 7.138543 0.998867 -22.379130 200.000000 -22.379130
 18.200000 -0.879580 -0.475751 0.990868 -0.134833 -2.066614 1.706041 -0.475751 -0.879580 -0.134833 0.990868 0.001211 0.484492 -0.472271 40.563337 200.000000 40.563337 0.000351 0.140407 -0.881453 -32.666511 200.000000 -32.666511 0.761272 304.508810 -0.047582 27.127825 200.000000 27.127825 0.006398 2.559345 0.998867 -22.379130 200.000000 -22.379130
 18.400000 -0.894421 -0.447227 0.997396 -0.072126 -2.034459 1.642985 -0.447227 -0.894421 -0.072126 0.997396 0.062722 25.088888 -0.472271 40.563337 200.000000 40.563337 0.016815 6.726024 -0.881453 -32.666511 200.000000 -32.666511 0.060241 24.096449 -0.047582 27.127825 200.000000 27.127825 0.000217 0.086649 0.998867 -22.379130 200.000000 -22.379130
 18.600000 -0.860413 -0.509598 0.997045 -0.076817 -2.105513 1.647689 -0.509598 -0.860413 -0.076817 0.997045 0.139328 55.731068 -0.472271 40.563337 200.000000 40.563337 0.044271 17.708211 -0.881453 -32.666511 200.000000 -32.666511 0.085471 34.188212 -0.047582 27.127825 200.000000 27.127825 0.000332 0.132809 0.998867 -22.379130 200.000000 -22.379130
 18.800000 -0.897447 -0.441122 0.999978 0.006601 -2.027645 1.564195 -0.441122 -0.897447 0.006601 0.999978 0.097024 38.809572 -0.472271 40.563337 200.000000 40.563337 0.025579 10.231786 -0.881453 -32.666511 200.000000 -32.666511 0.293580 117.431849 -0.047582 27.127825 200.000000 27.127825 0.000123 0.049362 0.998867 -22.379130 200.000000 -22.379130
 19.000000 -0.928868 -0.370412 0.998177 0.060354 -1.950249 1.510405 -0.370412 -0.928868 0.060354 0.998177 1.037529 415.011783 -0.472271 40.563337 200.000000 40.563337 0.224811 89.924428 -0.881453 -32.666511 200.000000 -32.666511 1.165026 466.010438 -0.047582 27.127825 200.000000 27.127825 0.000048 0.019062 0.998867 -22.379130 200.000000 -22.379130
 19.200000 -0.850417 -0.526109 0.998109 -0.061466 -2.124815 1.632301 -0.526109 -0.850417 -0.061466 0.998109 0.289851 115.940301 -0.472271 40.563337 200.000000 40.563337 0.096324 38.529666 -0.881453 -32.666511 200.000000 -32.666511 0.019276 7.710479 -0.047582 27.127825 200.000000 27.127825 0.000057 0.022992 0.998867 -22.379130 200.000000 -22.379130
 19.400000 -0.865743 -0.500488 0.994900 -0.100866 -2.094959 1.671834 -0.500488 -0.865743 -0.100866 0.994900 0.079620 31.847887 -0.472271 40.563337 200.000000 40.563337 0.024680 9.872056 -0.881453 -32.666511 200.000000 -32.666511 0.283918 113.567117 -0.047582 27.127825 200.000000 27.127825 0.001574 0.629580 0.998867 -22.379130 200.000000 -22.379130
 19.600000 -0.846798 -0.531915 0.999996 -0.002855 -2.131657 1.573652 -0.531915 -0.846798 -0.002855 0.999996 0.355740 142.296093 -0.472271 40.563337 200.000000 40.563337 0.120101 48.040522 -0.881453 -32.666511 200.000000 -32.666511 0.200047 80.018795 -0.047582 27.127825 200.000000 27.127825 0.000127 0.050948 0.998867 -22.379130 200.000000 -22.379130
 19.800000 -0.841673 -0.539988 0.999718 0.023762 -2.141219 1.547032 -0.539988 -0.841673 0.023762 0.999718 0.458558 183.423242 -0.472271 40.563337 200.000000 40.563337 0.158250 63.299985 -0.881453 -32.666511 200.000000 -32.666511 0.508999 203.599446 -0.047582 27.127825 200.000000 27.127825 0.000072 0.028920 0.998867 -22.379130 200.000000 -22.379130
 20.000000 -0.936716 -0.350091 0.999869 -0.016193 -1.928465 1.586990 -0.350091 -0.936716 -0.016193 0.999869 1.492786 597.114537 -0.472271 40.563337 200.000000 40.563337 0.305391 122.156283 -0.881453 -32.666511 200.000000 -32.666511 0.098526 39.410382 -0.047582 27.127825 200.000000 27.127825 0.000100 0.040124 0.998867 -22.379130 200.000000 -22.379130
 20.200000 -0.863437 -0.504456 0.999681 -0.025248 -2.099548 1.596047 -0.504456 -0.863437 -0.025248 0.999681 0.103587 41.434731 -0.472271 40.563337 200.000000 40.563337 0.032457 12.982982 -0.881453 -32.666511 200.000000 -32.666511 0.049882 19.952887 -0.047582 27.127825 200.000000 27.127825 0.000066 0.026497 0.998867 -22.379130 200.000000 -22.379130
 20.400000 -0.852101 -0.523377 0.998445 -0.055746 -2.121605 1.626571 -0.523377 -0.852101 -0.055746 0.998445 0.261180 104.472021 -0.472271 40.563337 200.000000 40.563337 0.086154 34.461683 -0.881453 -32.666511 200.000000 -32.666511 0.006665 2.665929 -0.047582 27.127825 200.000000 27.127825 0.000018 0.007135 0.998867 -22.379130 200.000000 -22.379130
 20.600000 -0.955267 -0.295745 0.999990 0.004543 -1.871032 1.566254 -0.295745 -0.955267 0.004543 0.999990 3.116138 1246.455101 -0.472271 40.563337 200.000000 40.563337 0.544843 217.937264 -0.881453 -32.666511 200.000000 -32.666511 0.271696 108.678279 -0.047582 27.127825 200.000000 27.127825 0.000126 0.050386 0.998867 -22.379130 200.000000 -22.379130
 20.800000 -0.881799 -0.471625 0.994528 -0.104475 -2.061929 1.675462 -0.471625 -0.881799 -0.104475 0.994528 0.000042 0.016712 -0.472271 40.563337 200.000000 40.563337 0.000012 0.004789 -0.881453 -32.666511 200.000000 -32.666511 0.323681 129.472599 -0.047582 27.127825 200.000000 27.127825 0.001883 0.753361 0.998867 -22.379130 200.000000 -22.379130
 21.000000 -0.909303 -0.416136 0.989264 -0.146142 -1.999988 1.717464 -0.416136 -0.909303 -0.146142 0.989264 0.315118 126.047079 -0.472271 40.563337 200.000000 40.563337 0.077557 31.022998 -0.881453 -32.666511 200.000000 -32.666511 0.971416 388.566407 -0.047582 27.127825 200.000000 27.127825 0.009223 3.689295 0.998867 -22.379130 200.000000 -22.379130
 21.200000 -0.926927 -0.375243 0.999526 0.030779 -1.955455 1.540012 -0.375243 -0.926927 0.030779 0.999526 0.941453 376.581169 -0.472271 40.563337 200.000000 40.563337 0.206782 82.712779 -0.881453 -32.666511 200.000000 -32.666511 0.614045 245.617959 -0.047582 27.127825 200.000000 27.127825 0.000043 0.017364 0.998867 -22.379130 200.000000 -22.379130
 21.400000 -0.825887 -0.563836 0.993011 -0.118023 -2.169819 1.689095 -0.563836 -0.825887 -0.118023 0.993011 0.838409 335.363630 -0.472271 40.563337 200.000000 40.563337 0.308763 123.505088 -0.881453 -32.666511 200.000000 -32.666511 0.496200 198.480180 -0.047582 27.127825 200.000000 27.127825 0.003430 1.371956 0.998867 -22.379130 200.000000 -22.379130
 21.600000 -0.876882 -0.480705 0.999426 0.033872 -2.072255 1.536918 -0.480705 -0.876882 0.033872 0.999426 0.007114 2.845528 -0.472271 40.563337 200.000000 40.563337 0.002090 0.835841 -0.881453 -32.666511 200.000000 -32.666511 0.663470 265.388025 -0.047582 27.127825 200.000000 27.127825 0.000031 0.012492 0.998867 -22.379130 200.000000 -22.379130
 21.800000 -0.920589 -0.390534 0.997656 -0.068422 -1.972008 1.639272 -0.390534 -0.920589 -0.068422 0.997656 0.668098 267.239235 -0.472271 40.563337 200.000000 40.563337 0.153157 61.262627 -0.881453 -32.666511 200.000000 -32.666511 0.043431 17.372324 -0.047582 27.127825 200.000000 27.127825 0.000147 0.058648 0.998867 -22.379130 200.000000 -22.379130
 22.000000 -0.880475 -0.474092 0.998521 0.054361 -2.064729 1.516409 -0.474092 -0.880475 0.054361 0.998521 0.000332 0.132686 -0.472271 40.563337 200.000000 40.563337 0.000096 0.038279 -0.881453 -32.666511 200.000000 -32.666511 1.039226 415.690357 -0.047582 27.127825 200.000000 27.127825 0.000012 0.004788 0.998867 -22.379130 200.000000 -22.379130
 22.200000 -0.911932 -0.410341 0.994069 -0.108750 -1.993624 1.679762 -0.410341 -0.911932 -0.108750 0.994069 0.383534 153.413525 -0.472271 40.563337 200.000000 40.563337 0.092896 37.158316 -0.881453 -32.666511 200.000000 -32.666511 0.374158 149.663122 -0.047582 27.127825 200.000000 27.127825 0.002302 0.920927 0.998867 -22.379130 200.000000 -22.379130
 22.400000 -0.890574 -0.454839 0.997247 0.074149 -2.042988 1.496579 -0.454839 -0.890574 0.074149 0.997247 0.030388 12.155352 -0.472271 40.563337 200.000000 40.563337 0.008318 3.327279 -0.881453 -32.666511 200.000000 -32.666511 1.481847 592.738729 -0.047582 27.127825 200.000000 27.127825 0.000262 0.104999 0.998867 -22.379130 200.000000 -22.379130
 22.600000 -0.855835 -0.517249 0.997766 -0.066798 -2.114430 1.637645 -0.517249 -0.855835 -0.066798 0.997766 0.202301 80.920384 -0.472271 40.563337 200.000000 40.563337 0.065630 26.252055 -0.881453 -32.666511 200.000000 -32.666511 0.036928 14.771074 -0.047582 27.127825 200.000000 27.127825 0.000121 0.048475 0.998867 -22.379130 200.000000 -22.379130
 22.800000 -0.918377 -0.395707 0.995908 -0.090378 -1.977633 1.661298 -0.395707 -0.918377 -0.090378 0.995908 0.586212 234.484836 -0.472271 40.563337 200.000000 40.563337 0.136335 54.534171 -0.881453 -32.666511 200.000000 -32.666511 0.183151 73.260225 -0.047582 27.127825 200.000000 27.127825 0.000876 0.350418 0.998867 -22.379130 200.000000 -22.379130
 23.000000 -0.879901 -0.475156 0.999483 0.032146 -2.065938 1.538645 -0.475156 -0.879901 0.032146 0.999483 0.000832 0.332956 -0.472271 40.563337 200.000000 40.563337 0.000241 0.096335 -0.881453 -32.666511 200.000000 -32.666511 0.635650 254.259899 -0.047582 27.127825 200.000000 27.127825 0.000038 0.015171 0.998867 -22.379130 200.000000 -22.379130
 23.200000 -0.882007 -0.471237 0.999846 -0.017531 -2.061489 1.588328 -0.471237 -0.882007 -0.017531 0.999846 0.000107 0.042774 -0.472271 40.563337 200.000000 40.563337 0.000031 0.012245 -0.881453 -32.666511 200.000000 -32.666511 0.090309 36.123481 -0.047582 27.127825 200.000000 27.127825 0.000096 0.038337 0.998867 -22.379130 200.000000 -22.379130
 23.400000 -0.879079 -0.476676 0.999866 -0.016342 -2.067666 1.587139 -0.476676 -0.879079 -0.016342 0.999866 0.001941 0.776287 -0.472271 40.563337 200.000000 40.563337 0.000564 0.225537 -0.881453 -32.666511 200.000000 -32.666511 0.097594 39.037665 -0.047582 27.127825 200.000000 27.127825 0.000100 0.039930 0.998867 -22.379130 200.000000 -22.379130
 23.600000 -0.897566 -0.440879 0.996559 -0.082892 -2.027375 1.653783 -0.440879 -0.897566 -0.082892 0.996559 0.098544 39.417501 -0.472271 40.563337 200.000000 40.563337 0.025963 10.385138 -0.881453 -32.666511 200.000000 -32.666511 0.124679 49.871567 -0.047582 27.127825 200.000000 27.127825 0.000533 0.213220 0.998867 -22.379130 200.000000 -22.379130
 23.800000 -0.875890 -0.482510 0.998695 -0.051078 -2.074315 1.621897 -0.482510 -0.875890 -0.051078 0.998695 0.010484 4.193508 -0.472271 40.563337 200.000000 40.563337 0.003095 1.237860 -0.881453 -32.666511 200.000000 -32.666511 0.001222 0.488989 -0.047582 27.127825 200.000000 27.127825 0.000003 0.001193 0.998867 -22.379130 200.000000 -22.379130
 24.000000 -0.870636 -0.491928 0.999992 -0.003989 -2.085099 1.574785 -0.491928 -0.870636 -0.003989 0.999992 0.038638 15.455098 -0.472271 40.563337 200.000000 40.563337 0.011701 4.680500 -0.881453 -32.666511 200.000000 -32.666511 0.190035 76.013876 -0.047582 27.127825 200.000000 27.127825 0.000126 0.050598 0.998867 -22.379130 200.000000 -22.379130
 24.200000 -0.908132 -0.418683 0.997992 -0.063341 -2.002791 1.634179 -0.418683 -0.908132 -0.063341 0.997992 0.287164 114.865748 -0.472271 40.563337 200.000000 40.563337 0.071176 28.470595 -0.881453 -32.666511 200.000000 -32.666511 0.024834 9.933413 -0.047582 27.127825 200.000000 27.127825 0.000077 0.030651 0.998867 -22.379130 200.000000 -22.379130
 24.400000 -0.883475 -0.468478 0.988529 -0.151034 -2.058364 1.722411 -0.468478 -0.883475 -0.151034 0.988529 0.001438 0.575345 -0.472271 40.563337 200.000000 40.563337 0.000409 0.163464 -0.881453 -32.666511 200.000000 -32.666511 1.070243 428.097041 -0.047582 27.127825 200.000000 27.127825 0.010689 4.275664 0.998867 -22.379130 200.000000 -22.379130
 24.600000 -0.895678 -0.444704 0.997552 -0.069926 -2.031640 1.640779 -0.444704 -0.895678 -0.069926 0.997552 0.075996 30.398520 -0.472271 40.563337 200.000000 40.563337 0.020233 8.093348 -0.881453 -32.666511 200.000000 -32.666511 0.049926 19.970331 -0.047582 27.127825 200.000000 27.127825 0.000173 0.069186 0.998867 -22.379130 200.000000 -22.379130
 24.800000 -0.859140 -0.511741 0.994068 -0.108764 -2.108006 1.679776 -0.511741 -0.859140 -0.108764 0.994068 0.155785 62.313886 -0.472271 40.563337 200.000000 40.563337 0.049789 19.915478 -0.881453 -32.666511 200.000000 -32.666511 0.374327 149.730844 -0.047582 27.127825 200.000000 27.127825 0.002304 0.921508 0.998867 -22.379130 200.000000 -22.379130
 25.000000 -0.914151 -0.405373 0.999339 -0.036344 -1.988183 1.607148 -0.405373 -0.914151 -0.036344 0.999339 0.447535 179.014027 -0.472271 40.563337 200.000000 40.563337 0.106916 42.766375 -0.881453 -32.666511 200.000000 -32.666511 0.012630 5.051807 -0.047582 27.127825 200.000000 27.127825 0.000022 0.008912 0.998867 -22.379130 200.000000 -22.379130
 25.200000 -0.893119 -0.449821 0.998458 -0.055512 -2.037361 1.626336 -0.449821 -0.893119 -0.055512 0.998458 0.050402 20.160980 -0.472271 40.563337 200.000000 40.563337 0.013609 5.443427 -0.881453 -32.666511 200.000000 -32.666511 0.006288 2.515177 -0.047582 27.127825 200.000000 27.127825 0.000017 0.006701 0.998867 -22.379130 200.000000 -22.379130
 25.400000 -0.882614 -0.470098 0.999997 -0.002445 -2.060199 1.573241 -0.470098 -0.882614 -0.002445 0.999997 0.000472 0.188827 -0.472271 40.563337 200.000000 40.563337 0.000135 0.053886 -0.881453 -32.666511 200.000000 -32.666511 0.203738 81.495073 -0.047582 27.127825 200.000000 27.127825 0.000128 0.051046 0.998867 -22.379130 200.000000 -22.379130
 25.600000 -0.893117 -0.449825 0.988384 -0.151979 -2.037365 1.723367 -0.449825 -0.893117 -0.151979 0.988384 0.050384 20.153672 -0.472271 40.563337 200.000000 40.563337 0.013604 5.441515 -0.881453 -32.666511 200.000000 -32.666511 1.089884 435.953591 -0.047582 27.127825 200.000000 27.127825 0.010991 4.396303 0.998867 -22.379130 200.000000 -22.379130
 25.800000 -0.880708 -0.473659 0.998578 -0.053312 -2.064237 1.624134 -0.473659 -0.880708 -0.053312 0.998578 0.000193 0.077031 -0.472271 40.563337 200.000000 40.563337 0.000055 0.022197 -0.881453 -32.666511 200.000000 -32.666511 0.003284 1.313534 -0.047582 27.127825 200.000000 27.127825 0.000008 0.003351 0.998867 -22.379130 200.000000 -22.379130
 26.000000 -0.875728 -0.482805 0.993963 -0.109713 -2.074651 1.680731 -0.482805 -0.875728 -0.109713 0.993963 0.011096 4.438581 -0.472271 40.563337 200.000000 40.563337 0.003278 1.311254 -0.881453 -32.666511 200.000000 -32.666511 0.386028 154.411285 -0.047582 27.127825 200.000000 27.127825 0.002405 0.961985 0.998867 -22.379130 200.000000 -22.379130
 26.200000 -0.856789 -0.515667 0.993198 -0.116438 -2.112582 1.687499 -0.515667 -0.856789 -0.116438 0.993198 0.188321 75.328220 -0.472271 40.563337 200.000000 40.563337 0.060833 24.333044 -0.881453 -32.666511 200.000000 -32.666511 0.474113 189.645375 -0.047582 27.127825 200.000000 27.127825 0.003214 1.285663 0.998867 -22.379130 200.000000 -22.379130
 26.400000 -0.888410 -0.459050 0.999963 0.008546 -2.047722 1.562250 -0.459050 -0.888410 0.008546 0.999963 0.017479 6.991551 -0.472271 40.563337 200.000000 40.563337 0.004840 1.935945 -0.881453 -32.666511 200.000000 -32.666511 0.315039 126.015719 -0.047582 27.127825 200.000000 27.127825 0.000120 0.048061 0.998867 -22.379130 200.000000 -22.379130
 26.600000 -0.878020 -0.478623 0.993566 -0.113254 -2.069883 1.684294 -0.478623 -0.878020 -0.113254 0.993566 0.004035 1.614131 -0.472271 40.563337 200.000000 40.563337 0.001179 0.471452 -0.881453 -32.666511 200.000000 -32.666511 0.431281 172.512548 -0.047582 27.127825 200.000000 27.127825 0.002810 1.124136 0.998867 -22.379130 200.000000 -22.379130
 26.800000 -0.872770 -0.488131 0.999845 0.017619 -2.080744 1.553177 -0.488131 -0.872770 0.017619 0.999845 0.025155 10.062058 -0.472271 40.563337 200.000000 40.563337 0.007540 3.015946 -0.881453 -32.666511 200.000000 -32.666511 0.425112 170.044860 -0.047582 27.127825 200.000000 27.127825 0.000096 0.038216 0.998867 -22.379130 200.000000 -22.379130
 27.000000 -0.895846 -0.444365 0.999725 -0.023466 -2.031261 1.594264 -0.444365 -0.895846 -0.023466 0.999725 0.077878 31.151001 -0.472271 40.563337 200.000000 40.563337 0.020715 8.285987 -0.881453 -32.666511 200.000000 -32.666511 0.058158 23.263371 -0.047582 27.127825 200.000000 27.127825 0.000073 0.029399 0.998867 -22.379130 200.000000 -22.379130
 27.200000 -0.893406 -0.449250 0.998352 -0.057392 -2.036722 1.628220 -0.449250 -0.893406 -0.057392 0.998352 0.052998 21.199370 -0.472271 40.563337 200.000000 40.563337 0.014287 5.714855 -0.881453 -32.666511 200.000000 -32.666511 0.009623 3.849384 -0.047582 27.127825 200.000000 27.127825 0.000027 0.010634 0.998867 -22.379130 200.000000 -22.379130
 27.400000 -0.863135 -0.504974 0.999892 -0.014704 -2.100148 1.585501 -0.504974 -0.863135 -0.014704 0.999892 0.106948 42.779171 -0.472271 40.563337 200.000000 40.563337 0.033558 13.423124 -0.881453 -32.666511 200.000000 -32.666511 0.108097 43.238818 -0.047582 27.127825 200.000000 27.127825 0.000105 0.041988 0.998867 -22.379130 200.000000 -22.379130
 27.600000 -0.896821 -0.442393 0.997865 -0.065317 -2.029062 1.636160 -0.442393 -0.896821 -0.065317 0.997865 0.089268 35.707019 -0.472271 40.563337 200.000000 40.563337 0.023617 9.446689 -0.881453 -32.666511 200.000000 -32.666511 0.031453 12.581221 -0.047582 27.127825 200.000000 27.127825 0.000101 0.040222 0.998867 -22.379130 200.000000 -22.379130
 27.800000 -0.904408 -0.426669 0.995055 -0.099324 -2.011603 1.670284 -0.426669 -0.904408 -0.099324 0.995055 0.207952 83.180647 -0.472271 40.563337 200.000000 40.563337 0.052690 21.076030 -0.881453 -32.666511 200.000000 -32.666511 0.267723 107.089158 -0.047582 27.127825 200.000000 27.127825 0.001453 0.581309 0.998867 -22.379130 200.000000 -22.379130
 28.000000 -0.921823 -0.387610 0.999992 -0.003908 -1.968834 1.574704 -0.387610 -0.921823 -0.003908 0.999992 0.716749 286.699664 -0.472271 40.563337 200.000000 40.563337 0.162974 65.189734 -0.881453 -32.666511 200.000000 -32.666511 0.190743 76.297271 -0.047582 27.127825 200.000000 27.127825 0.000127 0.050627 0.998867 -22.379130 200.000000 -22.379130
 28.200000 -0.917783 -0.397082 0.985748 -0.168231 -1.979132 1.739831 -0.397082 -0.917783 -0.168231 0.985748 0.565333 226.133040 -0.472271 40.563337 200.000000 40.563337 0.131984 52.793502 -0.881453 -32.666511 200.000000 -32.666511 1.455623 582.249382 -0.047582 27.127825 200.000000 27.127825 0.017213 6.885127 0.998867 -22.379130 200.000000 -22.379130
 28.400000 -0.835508 -0.549478 0.999358 0.035826 -2.152536 1.534963 -0.549478 -0.835508 0.035826 0.999358 0.596089 238.435560 -0.472271 40.563337 200.000000 40.563337 0.211095 84.438059 -0.881453 -32.666511 200.000000 -32.666511 0.695686 278.274340 -0.047582 27.127825 200.000000 27.127825 0.000024 0.009632 0.998867 -22.379130 200.000000 -22.379130
 28.600000 -0.869905 -0.493218 0.999370 -0.035482 -2.086582 1.606286 -0.493218 -0.869905 -0.035482 0.999370 0.043879 17.551702 -0.472271 40.563337 200.000000 40.563337 0.013335 5.334136 -0.881453 -32.666511 200.000000 -32.666511 0.014640 5.855845 -0.047582 27.127825 200.000000 27.127825 0.000025 0.010119 0.998867 -22.379130 200.000000 -22.379130
 28.800000 -0.892898 -0.450260 0.996812 -0.079788 -2.037852 1.650669 -0.450260 -0.892898 -0.079788 0.996812 0.048451 19.380207 -0.472271 40.563337 200.000000 40.563337 0.013097 5.238910 -0.881453 -32.666511 200.000000 -32.666511 0.103721 41.488374 -0.047582 27.127825 200.000000 27.127825 0.000422 0.168996 0.998867 -22.379130 200.000000 -22.379130
 29.000000 -0.898880 -0.438195 0.998359 -0.057258 -2.024386 1.628085 -0.438195 -0.898880 -0.057258 0.998359 0.116121 46.448207 -0.472271 40.563337 200.000000 40.563337 0.030369 12.147682 -0.881453 -32.666511 200.000000 -32.666511 0.009362 3.744721 -0.047582 27.127825 200.000000 27.127825 0.000026 0.010318 0.998867 -22.379130 200.000000 -22.379130
 29.200000 -0.859891 -0.510477 0.999233 -0.039147 -2.106536 1.609954 -0.510477 -0.859891 -0.039147 0.999233 0.145972 58.388954 -0.472271 40.563337 200.000000 40.563337 0.046493 18.597135 -0.881453 -32.666511 200.000000 -32.666511 0.007114 2.845670 -0.047582 27.127825 200.000000 27.127825 0.000013 0.005361 0.998867 -22.379130 200.000000 -22.379130
 29.400000 -0.874657 -0.484742 0.998749 -0.049997 -2.076864 1.620814 -0.484742 -0.874657 -0.049997 0.998749 0.015552 6.220930 -0.472271 40.563337 200.000000 40.563337 0.004619 1.847512 -0.881453 -32.666511 200.000000 -32.666511 0.000583 0.233314 -0.047582 27.127825 200.000000 27.127825 0.000001 0.000557 0.998867 -22.379130 200.000000 -22.379130
 29.600000 -0.881975 -0.471296 0.999045 -0.043685 -2.061556 1.614495 -0.471296 -0.881975 -0.043685 0.999045 0.000095 0.038055 -0.472271 40.563337 200.000000 40.563337 0.000027 0.010895 -0.881453 -32.666511 200.000000 -32.666511 0.001519 0.607560 -0.047582 27.127825 200.000000 27.127825 0.000003 0.001268 0.998867 -22.379130 200.000000 -22.379130
 29.800000 -0.925566 -0.378587 0.998278 -0.058655 -1.959065 1.629485 -0.378587 -0.925566 -0.058655 0.998278 0.877677 351.070958 -0.472271 40.563337 200.000000 40.563337 0.194591 77.836489 -0.881453 -32.666511 200.000000 -32.666511 0.012261 4.904486 -0.047582 27.127825 200.000000 27.127825 0.000035 0.013878 0.998867 -22.379130 200.000000 -22.379130
 30.000000 -0.899362 -0.437204 0.999603 0.028167 -2.023284 1.542626 -0.437204 -0.899362 0.028167 0.999603 0.122970 49.187916 -0.472271 40.563337 200.000000 40.563337 0.032073 12.829274 -0.881453 -32.666511 200.000000 -32.666511 0.573786 229.514383 -0.047582 27.127825 200.000000 27.127825 0.000054 0.021662 0.998867 -22.379130 200.000000 -22.379130
 30.200000 -0.872392 -0.488807 0.999645 -0.026629 -2.081518 1.597428 -0.488807 -0.872392 -0.026629 0.999645 0.027342 10.936986 -0.472271 40.563337 200.000000 40.563337 0.008211 3.284218 -0.881453 -32.666511 200.000000 -32.666511 0.043903 17.561255 -0.047582 27.127825 200.000000 27.127825 0.000061 0.024214 0.998867 -22.379130 200.000000 -22.379130
 30.400000 -0.914783 -0.403945 0.996395 -0.084838 -1.986622 1.655736 -0.403945 -0.914783 -0.084838 0.996395 0.466844 186.737796 -0.472271 40.563337 200.000000 40.563337 0.111088 44.435250 -0.881453 -32.666511 200.000000 -32.666511 0.138799 55.519511 -0.047582 27.127825 200.000000 27.127825 0.000611 0.244540 0.998867 -22.379130 200.000000 -22.379130
 30.600000 -0.858645 -0.512571 0.997859 -0.065398 -2.108973 1.636241 -0.512571 -0.858645 -0.065398 0.997859 0.162410 64.963842 -0.472271 40.563337 200.000000 40.563337 0.052023 20.809304 -0.881453 -32.666511 200.000000 -32.666511 0.031742 12.696736 -0.047582 27.127825 200.000000 27.127825 0.000102 0.040650 0.998867 -22.379130 200.000000 -22.379130
 30.800000 -0.864551 -0.502546 0.992389 -0.123140 -2.097337 1.694250 -0.502546 -0.864551 -0.123140 0.992389 0.091655 36.661869 -0.472271 40.563337 200.000000 40.563337 0.028570 11.427994 -0.881453 -32.666511 200.000000 -32.666511 0.570907 228.362989 -0.047582 27.127825 200.000000 27.127825 0.004197 1.678617 0.998867 -22.379130 200.000000 -22.379130
 31.000000 -0.878935 -0.476941 0.990715 -0.135955 -2.067967 1.707173 -0.476941 -0.878935 -0.135955 0.990715 0.002181 0.872343 -0.472271 40.563337 200.000000 40.563337 0.000634 0.253628 -0.881453 -32.666511 200.000000 -32.666511 0.780973 312.389268 -0.047582 27.127825 200.000000 27.127825 0.006646 2.658381 0.998867 -22.379130 200.000000 -22.379130
 31.200000 -0.877985 -0.478687 0.998262 -0.058936 -2.069955 1.629766 -0.478687 -0.877985 -0.058936 0.998262 0.004117 1.646777 -0.472271 40.563337 200.000000 40.563337 0.001203 0.481071 -0.881453 -32.666511 200.000000 -32.666511 0.012890 5.156160 -0.047582 27.127825 200.000000 27.127825 0.000037 0.014667 0.998867 -22.379130 200.000000 -22.379130
 31.400000 -0.883251 -0.468900 0.996346 -0.085412 -2.058841 1.656312 -0.468900 -0.883251 -0.085412 0.996346 0.001137 0.454646 -0.472271 40.563337 200.000000 40.563337 0.000323 0.129320 -0.881453 -32.666511 200.000000 -32.666511 0.143111 57.244405 -0.047582 27.127825 200.000000 27.127825 0.000636 0.254342 0.998867 -22.379130 200.000000 -22.379130
 31.600000 -0.855700 -0.517473 0.988415 -0.151774 -2.114691 1.723159 -0.517473 -0.855700 -0.151774 0.988415 0.204321 81.728436 -0.472271 40.563337 200.000000 40.563337 0.066326 26.530344 -0.881453 -32.666511 200.000000 -32.666511 1.085606 434.242245 -0.047582 27.127825 200.000000 27.127825 0.010925 4.369910 0.998867 -22.379130 200.000000 -22.379130
 31.800000 -0.891127 -0.453755 0.999437 -0.033554 -2.041771 1.604356 -0.453755 -0.891127 -0.033554 0.999437 0.034286 13.714291 -0.472271 40.563337 200.000000 40.563337 0.009357 3.742896 -0.881453 -32.666511 200.000000 -32.666511 0.019679 7.871673 -0.047582 27.127825 200.000000 27.127825 0.000032 0.012977 0.998867 -22.379130 200.000000 -22.379130
 32.000000 -0.938479 -0.345338 0.998331 -0.057754 -1.923395 1.628583 -0.345338 -0.938479 -0.057754 0.998331 1.611213 644.485046 -0.472271 40.563337 200.000000 40.563337 0.325187 130.074889 -0.881453 -32.666511 200.000000 -32.666511 0.010347 4.138891 -0.047582 27.127825 200.000000 27.127825 0.000029 0.011513 0.998867 -22.379130 200.000000 -22.379130
 32.200000 -0.872190 -0.489166 0.998439 -0.055850 -2.081930 1.626675 -0.489166 -0.872190 -0.055850 0.998439 0.028545 11.418078 -0.472271 40.563337 200.000000 40.563337 0.008580 3.432040 -0.881453 -32.666511 200.000000 -32.666511 0.006835 2.734181 -0.047582 27.127825 200.000000 27.127825 0.000018 0.007332 0.998867 -22.379130 200.000000 -22.379130
 32.400000 -0.917366 -0.398044 0.999515 0.031146 -1.980180 1.539645 -0.398044 -0.917366 0.031146 0.999515 0.550960 220.384098 -0.472271 40.563337 200.000000 40.563337 0.128973 51.589160 -0.881453 -32.666511 200.000000 -32.666511 0.619815 247.926091 -0.047582 27.127825 200.000000 27.127825 0.000042 0.016770 0.998867 -22.379130 200.000000 -22.379130
 32.600000 -0.878864 -0.477072 0.998306 -0.058180 -2.068117 1.629009 -0.477072 -0.878864 -0.058180 0.998306 0.002305 0.922100 -0.472271 40.563337 200.000000 40.563337 0.000670 0.268190 -0.881453 -32.666511 200.000000 -32.666511 0.011232 4.492605 -0.047582 27.127825 200.000000 27.127825 0.000031 0.012599 0.998867 -22.379130 200.000000 -22.379130
 32.800000 -0.882828 -0.469697 0.999493 -0.031832 -2.059743 1.602634 -0.469697 -0.882828 -0.031832 0.999493 0.000663 0.265122 -0.472271 40.563337 200.000000 40.563337 0.000189 0.075576 -0.881453 -32.666511 200.000000 -32.666511 0.024806 9.922397 -0.047582 27.127825 200.000000 27.127825 0.000039 0.015670 0.998867 -22.379130 200.000000 -22.379130
 33.000000 -0.915930 -0.401338 1.000000 0.000647 -1.983773 1.570149 -0.401338 -0.915930 0.000647 1.000000 0.503156 201.262243 -0.472271 40.563337 200.000000 40.563337 0.118865 47.546075 -0.881453 -32.666511 200.000000 -32.666511 0.232607 93.042972 -0.047582 27.127825 200.000000 27.127825 0.000128 0.051298 0.998867 -22.379130 200.000000 -22.379130
 33.200000 -0.874933 -0.484244 0.999555 0.029818 -2.076295 1.540974 -0.484244 -0.874933 0.029818 0.999555 0.014334 5.733685 -0.472271 40.563337 200.000000 40.563337 0.004251 1.700501 -0.881453 -32.666511 200.000000 -32.666511 0.599071 239.628500 -0.047582 27.127825 200.000000 27.127825 0.000047 0.018934 0.998867 -22.379130 200.000000 -22.379130
 33.400000 -0.901889 -0.431967 0.991831 -0.127559 -2.017469 1.698704 -0.431967 -0.901889 -0.127559 0.991831 0.162440 64.976096 -0.472271 40.563337 200.000000 40.563337 0.041763 16.705127 -0.881453 -32.666511 200.000000 -32.666511 0.639638 255.855270 -0.047582 27.127825 200.000000 27.127825 0.004951 1.980433 0.998867 -22.379130 200.000000 -22.379130
 33.600000 -0.869371 -0.494159 0.996334 -0.085552 -2.087664 1.656453 -0.494159 -0.869371 -0.085552 0.996334 0.047909 19.163505 -0.472271 40.563337 200.000000 40.563337 0.014597 5.838893 -0.881453 -32.666511 200.000000 -32.666511 0.144172 57.668765 -0.047582 27.127825 200.000000 27.127825 0.000642 0.256770 0.998867 -22.379130 200.000000 -22.379130
 33.800000 -0.842787 -0.538248 0.991090 -0.133195 -2.139153 1.704389 -0.538248 -0.842787 -0.133195 0.991090 0.435290 174.115863 -0.472271 40.563337 200.000000 40.563337 0.149510 59.804173 -0.881453 -32.666511 200.000000 -32.666511 0.732967 293.186857 -0.047582 27.127825 200.000000 27.127825 0.006049 2.419608 0.998867 -22.379130 200.000000 -22.379130
 34.000000 -0.880063 -0.474858 0.983161 -0.182743 -2.065598 1.754572 -0.474858 -0.880063 -0.182743 0.983161 0.000669 0.267591 -0.472271 40.563337 200.000000 40.563337 0.000193 0.077360 -0.881453 -32.666511 200.000000 -32.666511 1.826840 730.736067 -0.047582 27.127825 200.000000 27.127825 0.024670 9.867818 0.998867 -22.379130 200.000000 -22.379130
 34.200000 -0.912228 -0.409683 0.999998 -0.002205 -1.992903 1.573002 -0.409683 -0.912228 -0.002205 0.999998 0.391728 156.691265 -0.472271 40.563337 200.000000 40.563337 0.094708 37.883144 -0.881453 -32.666511 200.000000 -32.666511 0.205905 82.361806 -0.047582 27.127825 200.000000 27.127825 0.000128 0.051097 0.998867 -22.379130 200.000000 -22.379130
 34.400000 -0.871667 -0.490099 0.995970 -0.089688 -2.083000 1.660605 -0.490099 -0.871667 -0.089688 0.995970 0.031784 12.713573 -0.472271 40.563337 200.000000 40.563337 0.009578 3.831145 -0.881453 -32.666511 200.000000 -32.666511 0.177292 70.916719 -0.047582 27.127825 200.000000 27.127825 0.000840 0.335803 0.998867 -22.379130 200.000000 -22.379130
 34.600000 -0.864696 -0.502296 0.997165 -0.075239 -2.097048 1.646107 -0.502296 -0.864696 -0.075239 0.997165 0.090149 36.059428 -0.472271 40.563337 200.000000 40.563337 0.028081 11.232578 -0.881453 -32.666511 200.000000 -32.666511 0.076494 30.597451 -0.047582 27.127825 200.000000 27.127825 0.000290 0.115850 0.998867 -22.379130 200.000000 -22.379130
 34.800000 -0.912905 -0.408173 0.999999 -0.001217 -1.991248 1.572013 -0.408173 -0.912905 -0.001217 0.999999 0.410861 164.344227 -0.472271 40.563337 200.000000 40.563337 0.098919 39.567575 -0.881453 -32.666511 200.000000 -32.666511 0.214972 85.988886 -0.047582 27.127825 200.000000 27.127825 0.000128 0.051250 0.998867 -22.379130 200.000000 -22.379130
 35.000000 -0.860830 -0.508893 0.998206 -0.059871 -2.104695 1.630703 -0.508893 -0.860830 -0.059871 0.998206 0.134118 53.647284 -0.472271 40.563337 200.000000 40.563337 0.042534 17.013506 -0.881453 -32.666511 200.000000 -32.666511 0.015102 6.040915 -0.047582 27.127825 200.000000 27.127825 0.000044 0.017488 0.998867 -22.379130 200.000000 -22.379130
 35.200000 -0.900251 -0.435372 0.993537 -0.113512 -2.021247 1.684553 -0.435372 -0.900251 -0.113512 0.993537 0.136158 54.463050 -0.472271 40.563337 200.000000 40.563337 0.035335 14.133850 -0.881453 -32.666511 200.000000 -32.666511 0.434673 173.869272 -0.047582 27.127825 200.000000 27.127825 0.002842 1.136644 0.998867 -22.379130 200.000000 -22.379130
 35.400000 -0.899001 -0.437946 0.999990 0.004396 -2.024108 1.566401 -0.437946 -0.899001 0.004396 0.999990 0.117824 47.129586 -0.472271 40.563337 200.000000 40.563337 0.030794 12.317462 -0.881453 -32.666511 200.000000 -32.666511 0.270168 108.067177 -0.047582 27.127825 200.000000 27.127825 0.000126 0.050445 0.998867 -22.379130 200.000000 -22.379130
 35.600000 -0.854360 -0.519682 0.999635 -0.027035 -2.117275 1.597834 -0.519682 -0.854360 -0.027035 0.999635 0.224782 89.912865 -0.472271 40.563337 200.000000 40.563337 0.073407 29.362868 -0.881453 -32.666511 200.000000 -32.666511 0.042220 16.887803 -0.047582 27.127825 200.000000 27.127825 0.000059 0.023541 0.998867 -22.379130 200.000000 -22.379130
 35.800000 -0.905940 -0.423405 0.998087 -0.061821 -2.007997 1.632657 -0.423405 -0.905940 -0.061821 0.998087 0.238789 95.515494 -0.472271 40.563337 200.000000 40.563337 0.059962 23.984757 -0.881453 -32.666511 200.000000 -32.666511 0.020276 8.110431 -0.047582 27.127825 200.000000 27.127825 0.000061 0.024343 0.998867 -22.379130 200.000000 -22.379130
 36.000000 -0.932740 -0.360549 0.999299 0.037426 -1.939653 1.533362 -0.360549 -0.932740 0.037426 0.999299 1.248173 499.269119 -0.472271 40.563337 200.000000 40.563337 0.263033 105.213220 -0.881453 -32.666511 200.000000 -32.666511 0.722636 289.054350 -0.047582 27.127825 200.000000 27.127825 0.000019 0.007467 0.998867 -22.379130 200.000000 -22.379130
 36.200000 -0.853790 -0.520618 0.999811 -0.019459 -2.118371 1.590256 -0.520618 -0.853790 -0.019459 0.999811 0.233744 93.497754 -0.472271 40.563337 200.000000 40.563337 0.076528 30.611332 -0.881453 -32.666511 200.000000 -32.666511 0.079090 31.636189 -0.047582 27.127825 200.000000 27.127825 0.000089 0.035594 0.998867 -22.379130 200.000000 -22.379130
 36.400000 -0.909303 -0.416135 0.999999 -0.001040 -1.999987 1.571836 -0.416135 -0.909303 -0.001040 0.999999 0.315122 126.048843 -0.472271 40.563337 200.000000 40.563337 0.077558 31.023399 -0.881453 -32.666511 200.000000 -32.666511 0.216615 86.645861 -0.047582 27.127825 200.000000 27.127825 0.000128 0.051268 0.998867 -22.379130 200.000000 -22.379130
 36.600000 -0.889966 -0.456027 0.996055 -0.088740 -2.044322 1.659653 -0.456027 -0.889966 -0.088740 0.996055 0.026388 10.555039 -0.472271 40.563337 200.000000 40.563337 0.007247 2.898623 -0.881453 -32.666511 200.000000 -32.666511 0.169400 67.760185 -0.047582 27.127825 200.000000 27.127825 0.000791 0.316414 0.998867 -22.379130 200.000000 -22.379130
 36.800000 -0.852742 -0.522332 0.994972 -0.100157 -2.120380 1.671121 -0.522332 -0.852742 -0.100157 0.994972 0.250610 100.243818 -0.472271 40.563337 200.000000 40.563337 0.082433 32.973195 -0.881453 -32.666511 200.000000 -32.666511 0.276410 110.563983 -0.047582 27.127825 200.000000 27.127825 0.001518 0.607045 0.998867 -22.379130 200.000000 -22.379130
 37.000000 -0.894376 -0.447315 0.994750 -0.102332 -2.034557 1.673308 -0.447315 -0.894376 -0.102332 0.994750 0.062281 24.912290 -0.472271 40.563337 200.000000 40.563337 0.016701 6.680296 -0.881453 -32.666511 200.000000 -32.666511 0.299762 119.904601 -0.047582 27.127825 200.000000 27.127825 0.001695 0.678013 0.998867 -22.379130 200.000000 -22.379130
 37.200000 -0.853047 -0.521834 0.998143 -0.060919 -2.119796 1.631753 -0.521834 -0.853047 -0.060919 0.998143 0.245648 98.259102 -0.472271 40.563337 200.000000 40.563337 0.080692 32.276652 -0.881453 -32.666511 200.000000 -32.666511 0.017788 7.115033 -0.047582 27.127825 200.000000 27.127825 0.000053 0.021003 0.998867 -22.379130 200.000000 -22.379130
 37.400000 -0.884794 -0.465983 0.987320 -0.158743 -2.055541 1.730214 -0.465983 -0.884794 -0.158743 0.987320 0.003954 1.581714 -0.472271 40.563337 200.000000 40.563337 0.001116 0.446340 -0.881453 -32.666511 200.000000 -32.666511 1.235685 494.274018 -0.047582 27.127825 200.000000 27.127825 0.013334 5.333742 0.998867 -22.379130 200.000000 -22.379130
 37.600000 -0.893250 -0.449561 0.992760 -0.120119 -2.037070 1.691206 -0.449561 -0.893250 -0.120119 0.992760 0.051574 20.629533 -0.472271 40.563337 200.000000 40.563337 0.013915 5.565983 -0.881453 -32.666511 200.000000 -32.666511 0.526157 210.462605 -0.047582 27.127825 200.000000 27.127825 0.003731 1.492202 0.998867 -22.379130 200.000000 -22.379130
 37.800000 -0.870389 -0.492365 0.999695 -0.024689 -2.085602 1.595488 -0.492365 -0.870389 -0.024689 0.999695 0.040378 16.151206 -0.472271 40.563337 200.000000 40.563337 0.012243 4.897139 -0.881453 -32.666511 200.000000 -32.666511 0.052410 20.963840 -0.047582 27.127825 200.000000 27.127825 0.000069 0.027413 0.998867 -22.379130 200.000000 -22.379130
 38.000000 -0.906877 -0.421395 0.997510 -0.070522 -2.005780 1.641377 -0.421395 -0.906877 -0.070522 0.997510 0.258834 103.533499 -0.472271 40.563337 200.000000 40.563337 0.064636 25.854508 -0.881453 -32.666511 200.000000 -32.666511 0.052623 21.049213 -0.047582 27.127825 200.000000 27.127825 0.000184 0.073668 0.998867 -22.379130 200.000000 -22.379130
 38.200000 -0.877497 -0.479582 0.999307 -0.037215 -2.070974 1.608019 -0.479582 -0.877497 -0.037215 0.999307 0.005344 2.137760 -0.472271 40.563337 200.000000 40.563337 0.001565 0.626024 -0.881453 -32.666511 200.000000 -32.666511 0.010748 4.299292 -0.047582 27.127825 200.000000 27.127825 0.000019 0.007743 0.998867 -22.379130 200.000000 -22.379130
 38.400000 -0.874288 -0.485408 0.999822 -0.018860 -2.077626 1.589657 -0.485408 -0.874288 -0.018860 0.999822 0.017259 6.903468 -0.472271 40.563337 200.000000 40.563337 0.005135 2.053935 -0.881453 -32.666511 200.000000 -32.666511 0.082495 32.998021 -0.047582 27.127825 200.000000 27.127825 0.000091 0.036465 0.998867 -22.379130 200.000000 -22.379130
 38.600000 -0.872976 -0.487764 0.995017 -0.099705 -2.080323 1.670667 -0.487764 -0.872976 -0.099705 0.995017 0.024002 9.600929 -0.472271 40.563337 200.000000 40.563337 0.007187 2.874853 -0.881453 -32.666511 200.000000 -32.666511 0.271680 108.671815 -0.047582 27.127825 200.000000 27.127825 0.001482 0.592986 0.998867 -22.379130 200.000000 -22.379130
 38.800000 -0.880098 -0.474791 0.999078 0.042934 -2.065523 1.527849 -0.474791 -0.880098 0.042934 0.999078 0.000635 0.254073 -0.472271 40.563337 200.000000 40.563337 0.000184 0.073439 -0.881453 -32.666511 200.000000 -32.666511 0.819322 327.728826 -0.047582 27.127825 200.000000 27.127825 0.000004 0.001773 0.998867 -22.379130 200.000000 -22.379130
 39.000000 -0.888998 -0.457911 0.999980 0.006318 -2.046440 1.564479 -0.457911 -0.888998 0.006318 0.999980 0.020621 8.248373 -0.472271 40.563337 200.000000 40.563337 0.005692 2.276860 -0.881453 -32.666511 200.000000 -32.666511 0.290515 116.206044 -0.047582 27.127825 200.000000 27.127825 0.000124 0.049524 0.998867 -22.379130 200.000000 -22.379130
 39.200000 -0.930028 -0.367489 0.999731 -0.023205 -1.947104 1.594003 -0.367489 -0.930028 -0.023205 0.999731 1.097919 439.167688 -0.472271 40.563337 200.000000 40.563337 0.235947 94.378632 -0.881453 -32.666511 200.000000 -32.666511 0.059425 23.770152 -0.047582 27.127825 200.000000 27.127825 0.000075 0.029818 0.998867 -22.379130 200.000000 -22.379130
 39.400000 -0.856007 -0.516964 0.994992 -0.099952 -2.114097 1.670916 -0.516964 -0.856007 -0.099952 0.994992 0.199747 79.898626 -0.472271 40.563337 200.000000 40.563337 0.064751 25.900524 -0.881453 -32.666511 200.000000 -32.666511 0.274264 109.705579 -0.047582 27.127825 200.000000 27.127825 0.001502 0.600654 0.998867 -22.379130 200.000000 -22.379130
 39.600000 -0.904819 -0.425797 0.994634 -0.103455 -2.010639 1.674437 -0.425797 -0.904819 -0.103455 0.994634 0.215980 86.391887 -0.472271 40.563337 200.000000 40.563337 0.054593 21.837192 -0.881453 -32.666511 200.000000 -32.666511 0.312180 124.871805 -0.047582 27.127825 200.000000 27.127825 0.001792 0.716799 0.998867 -22.379130 200.000000 -22.379130
 39.800000 -0.923057 -0.384664 0.995491 -0.094857 -1.965640 1.665796 -0.384664 -0.923057 -0.094857 0.995491 0.767499 306.999405 -0.472271 40.563337 200.000000 40.563337 0.173083 69.233274 -0.881453 -32.666511 200.000000 -32.666511 0.223494 89.397451 -0.047582 27.127825 200.000000 27.127825 0.001140 0.456012 0.998867 -22.379130 200.000000 -22.379130
 40.000000 -0.845990 -0.533198 0.995604 -0.093663 -2.133173 1.664597 -0.533198 -0.845990 -0.093663 0.995604 0.371215 148.485938 -0.472271 40.563337 200.000000 40.563337 0.125764 50.305498 -0.881453 -32.666511 200.000000 -32.666511 0.212346 84.938586 -0.047582 27.127825 200.000000 27.127825 0.001065 0.425986 0.998867 -22.379130 200.000000 -22.379130
 40.200000 -0.900931 -0.433962 0.994491 -0.104820 -2.019682 1.675809 -0.433962 -0.900931 -0.104820 0.994491 0.146758 58.703313 -0.472271 40.563337 200.000000 40.563337 0.037938 15.175383 -0.881453 -32.666511 200.000000 -32.666511 0.327617 131.046697 -0.047582 27.127825 200.000000 27.127825 0.001915 0.766010 0.998867 -22.379130 200.000000 -22.379130
 40.400000 -0.874145 -0.485666 0.993691 -0.112154 -2.077921 1.683187 -0.485666 -0.874145 -0.112154 0.993691 0.017942 7.176770 -0.472271 40.563337 200.000000 40.563337 0.005342 2.136745 -0.881453 -32.666511 200.000000 -32.666511 0.416954 166.781584 -0.047582 27.127825 200.000000 27.127825 0.002680 1.071842 0.998867 -22.379130 200.000000 -22.379130
 40.600000 -0.884909 -0.465764 0.986057 -0.166410 -2.055295 1.737984 -0.465764 -0.884909 -0.166410 0.986057 0.004234 1.693422 -0.472271 40.563337 200.000000 40.563337 0.001194 0.477578 -0.881453 -32.666511 200.000000 -32.666511 1.412016 564.806369 -0.047582 27.127825 200.000000 27.127825 0.016411 6.564586 0.998867 -22.379130 200.000000 -22.379130
 40.800000 -0.856951 -0.515397 0.990830 -0.135115 -2.112267 1.706325 -0.515397 -0.856951 -0.135115 0.990830 0.185986 74.394295 -0.472271 40.563337 200.000000 40.563337 0.060034 24.013748 -0.881453 -32.666511 200.000000 -32.666511 0.766196 306.478536 -0.047582 27.127825 200.000000 27.127825 0.006460 2.583963 0.998867 -22.379130 200.000000 -22.379130
 41.000000 -0.905786 -0.423734 0.999940 0.010949 -2.008361 1.559847 -0.423734 -0.905786 0.010949 0.999940 0.235580 94.232138 -0.472271 40.563337 200.000000 40.563337 0.059210 23.683984 -0.881453 -32.666511 200.000000 -32.666511 0.342589 137.035629 -0.047582 27.127825 200.000000 27.127825 0.000115 0.046029 0.998867 -22.379130 200.000000 -22.379130
 41.200000 -0.863145 -0.504955 0.999254 -0.038620 -2.100127 1.609426 -0.504955 -0.863145 -0.038620 0.999254 0.106826 42.730543 -0.472271 40.563337 200.000000 40.563337 0.033518 13.407188 -0.881453 -32.666511 200.000000 -32.666511 0.008032 3.212802 -0.047582 27.127825 200.000000 27.127825 0.000015 0.005980 0.998867 -22.379130 200.000000 -22.379130
 41.400000 -0.899673 -0.436565 0.999926 -0.012126 -2.022574 1.582923 -0.436565 -0.899673 -0.012126 0.999926 0.127489 50.995722 -0.472271 40.563337 200.000000 40.563337 0.033194 13.277492 -0.881453 -32.666511 200.000000 -32.666511 0.125710 50.283948 -0.047582 27.127825 200.000000 27.127825 0.000112 0.044871 0.998867 -22.379130 200.000000 -22.379130
 41.600000 -0.893942 -0.448182 0.999698 0.024563 -2.035527 1.546230 -0.448182 -0.893942 0.024563 0.999698 0.058029 23.211431 -0.472271 40.563337 200.000000 40.563337 0.015597 6.238998 -0.881453 -32.666511 200.000000 -32.666511 0.520496 208.198441 -0.047582 27.127825 200.000000 27.127825 0.000069 0.027618 0.998867 -22.379130 200.000000 -22.379130
 41.800000 -0.846900 -0.531752 0.998263 0.058913 -2.131465 1.511849 -0.531752 -0.846900 0.058913 0.998263 0.353804 141.521563 -0.472271 40.563337 200.000000 40.563337 0.119395 47.757925 -0.881453 -32.666511 200.000000 -32.666511 1.134117 453.646752 -0.047582 27.127825 200.000000 27.127825 0.000037 0.014603 0.998867 -22.379130 200.000000 -22.379130
 42.000000 -0.907480 -0.420096 0.998948 -0.045854 -2.004347 1.616667 -0.420096 -0.907480 -0.045854 0.998948 0.272226 108.890514 -0.472271 40.563337 200.000000 40.563337 0.067737 27.094970 -0.881453 -32.666511 200.000000 -32.666511 0.000298 0.119397 -0.047582 27.127825 200.000000 27.127825 0.000001 0.000261 0.998867 -22.379130 200.000000 -22.379130
 42.200000 -0.835611 -0.549322 0.999992 0.003993 -2.152349 1.566803 -0.549322 -0.835611 0.003993 0.999992 0.593679 237.471545 -0.472271 40.563337 200.000000 40.563337 0.210152 84.060892 -0.881453 -32.666511 200.000000 -32.666511 0.265996 106.398216 -0.047582 27.127825 200.000000 27.127825 0.000126 0.050597 0.998867 -22.379130 200.000000 -22.379130
 42.400000 -0.888341 -0.459184 0.993493 -0.113891 -2.047873 1.684935 -0.459184 -0.888341 -0.113891 0.993493 0.017126 6.850446 -0.472271 40.563337 200.000000 40.563337 0.004744 1.897568 -0.881453 -32.666511 200.000000 -32.666511 0.439691 175.876563 -0.047582 27.127825 200.000000 27.127825 0.002888 1.155240 0.998867 -22.379130 200.000000 -22.379130
 42.600000 -0.896009 -0.444036 0.999911 0.013309 -2.030894 1.557487 -0.444036 -0.896009 0.013309 0.999911 0.079723 31.889232 -0.472271 40.563337 200.000000 40.563337 0.021187 8.474715 -0.881453 -32.666511 200.000000 -32.666511 0.370774 148.309785 -0.047582 27.127825 200.000000 27.127825 0.000109 0.043605 0.998867 -22.379130 200.000000 -22.379130
 42.800000 -0.874562 -0.484914 0.999511 -0.031282 -2.077061 1.602083 -0.484914 -0.874562 -0.031282 0.999511 0.015984 6.393430 -0.472271 40.563337 200.000000 40.563337 0.004749 1.899629 -0.881453 -32.666511 200.000000 -32.666511 0.026570 10.627813 -0.047582 27.127825 200.000000 27.127825 0.000041 0.016552 0.998867 -22.379130 200.000000 -22.379130
 43.000000 -0.903593 -0.428392 0.999839 -0.017954 -2.013509 1.588751 -0.428392 -0.903593 -0.017954 0.999839 0.192535 77.013919 -0.472271 40.563337 200.000000 40.563337 0.049016 19.606284 -0.881453 -32.666511 200.000000 -32.666511 0.087780 35.112090 -0.047582 27.127825 200.000000 27.127825 0.000094 0.037750 0.998867 -22.379130 200.000000 -22.379130
 43.200000 -0.919626 -0.392794 0.998403 -0.056486 -1.974464 1.627312 -0.392794 -0.919626 -0.056486 0.998403 0.631656 252.662547 -0.472271 40.563337 200.000000 40.563337 0.145718 58.287149 -0.881453 -32.666511 200.000000 -32.666511 0.007927 3.170956 -0.047582 27.127825 200.000000 27.127825 0.000022 0.008609 0.998867 -22.379130 200.000000 -22.379130
 43.400000 -0.918246 -0.396010 0.997807 -0.066191 -1.977964 1.637035 -0.396010 -0.918246 -0.066191 0.997807 0.581577 232.630817 -0.472271 40.563337 200.000000 40.563337 0.135372 54.148664 -0.881453 -32.666511 200.000000 -32.666511 0.034628 13.851213 -0.047582 27.127825 200.000000 27.127825 0.000112 0.044973 0.998867 -22.379130 200.000000 -22.379130
 43.600000 -0.876995 -0.480499 0.999615 -0.027747 -2.072020 1.598547 -0.480499 -0.876995 -0.027747 0.999615 0.006770 2.708131 -0.472271 40.563337 200.000000 40.563337 0.001988 0.795036 -0.881453 -32.666511 200.000000 -32.666511 0.039343 15.737270 -0.047582 27.127825 200.000000 27.127825 0.000056 0.022359 0.998867 -22.379130 200.000000 -22.379130
 43.800000 -0.827581 -0.561347 0.989483 -0.144651 -2.166809 1.715957 -0.561347 -0.827581 -0.144651 0.989483 0.793448 317.379018 -0.472271 40.563337 200.000000 40.563337 0.290226 116.090518 -0.881453 -32.666511 200.000000 -32.666511 0.942246 376.898527 -0.047582 27.127825 200.000000 27.127825 0.008807 3.522861 0.998867 -22.379130 200.000000 -22.379130
 44.000000 -0.902675 -0.430323 0.997737 -0.067240 -2.015647 1.638087 -0.430323 -0.902675 -0.067240 0.997737 0.175966 70.386510 -0.472271 40.563337 200.000000 40.563337 0.045036 18.014487 -0.881453 -32.666511 200.000000 -32.666511 0.038644 15.457733 -0.047582 27.127825 200.000000 27.127825 0.000128 0.051122 0.998867 -22.379130 200.000000 -22.379130
 44.200000 -0.856253 -0.516557 0.998462 -0.055449 -2.113621 1.626274 -0.516557 -0.856253 -0.055449 0.998462 0.196120 78.448164 -0.472271 40.563337 200.000000 40.563337 0.063505 25.402190 -0.881453 -32.666511 200.000000 -32.666511 0.006189 2.475779 -0.047582 27.127825 200.000000 27.127825 0.000016 0.006588 0.998867 -22.379130 200.000000 -22.379130
 44.400000 -0.825563 -0.564310 0.999947 -0.010281 -2.170393 1.581077 -0.564310 -0.825563 -0.010281 0.999947 0.847115 338.845932 -0.472271 40.563337 200.000000 40.563337 0.312373 124.949169 -0.881453 -32.666511 200.000000 -32.666511 0.139137 55.654791 -0.047582 27.127825 200.000000 27.127825 0.000117 0.046640 0.998867 -22.379130 200.000000 -22.379130
 44.600000 -0.868814 -0.495139 0.997433 -0.071611 -2.088791 1.642469 -0.495139 -0.868814 -0.071611 0.997433 0.052295 20.918199 -0.472271 40.563337 200.000000 40.563337 0.015976 6.390534 -0.881453 -32.666511 200.000000 -32.666511 0.057740 23.095885 -0.047582 27.127825 200.000000 27.127825 0.000206 0.082335 0.998867 -22.379130 200.000000 -22.379130
 44.800000 -0.869862 -0.493294 0.999870 -0.016137 -2.086669 1.586934 -0.493294 -0.869862 -0.016137 0.999870 0.044198 17.679280 -0.472271 40.563337 200.000000 40.563337 0.013435 5.374019 -0.881453 -32.666511 200.000000 -32.666511 0.098877 39.550660 -0.047582 27.127825 200.000000 27.127825 0.000100 0.040196 0.998867 -22.379130 200.000000 -22.379130
 45.000000 -0.871512 -0.490374 0.999953 -0.009678 -2.083315 1.580475 -0.490374 -0.871512 -0.009678 0.999953 0.032771 13.108320 -0.472271 40.563337 200.000000 40.563337 0.009883 3.953051 -0.881453 -32.666511 200.000000 -32.666511 0.143669 57.467660 -0.047582 27.127825 200.000000 27.127825 0.000118 0.047161 0.998867 -22.379130 200.000000 -22.379130
 45.200000 -0.850747 -0.525576 0.999853 -0.017170 -2.124189 1.587967 -0.525576 -0.850747 -0.017170 0.999853 0.284144 113.657433 -0.472271 40.563337 200.000000 40.563337 0.094291 37.716378 -0.881453 -32.666511 200.000000 -32.666511 0.092488 36.995235 -0.047582 27.127825 200.000000 27.127825 0.000097 0.038828 0.998867 -22.379130 200.000000 -22.379130
 45.400000 -0.880185 -0.474632 0.998196 -0.060033 -2.065342 1.630866 -0.474632 -0.880185 -0.060033 0.998196 0.000557 0.222875 -0.472271 40.563337 200.000000 40.563337 0.000161 0.064393 -0.881453 -32.666511 200.000000 -32.666511 0.015504 6.201483 -0.047582 27.127825 200.000000 27.127825 0.000045 0.018008 0.998867 -22.379130 200.000000 -22.379130
 45.600000 -0.891430 -0.453159 0.999274 -0.038097 -2.041103 1.608902 -0.453159 -0.891430 -0.038097 0.999274 0.036526 14.610317 -0.472271 40.563337 200.000000 40.563337 0.009952 3.980953 -0.881453 -32.666511 200.000000 -32.666511 0.008997 3.598915 -0.047582 27.127825 200.000000 27.127825 0.000017 0.006617 0.998867 -22.379130 200.000000 -22.379130
 45.800000 -0.882432 -0.470441 0.999073 -0.043055 -2.060586 1.613865 -0.470441 -0.882432 -0.043055 0.999073 0.000335 0.134028 -0.472271 40.563337 200.000000 40.563337 0.000096 0.038284 -0.881453 -32.666511 200.000000 -32.666511 0.002049 0.819648 -0.047582 27.127825 200.000000 27.127825 0.000004 0.001687 0.998867 -22.379130 200.000000 -22.379130
 46.000000 -0.917835 -0.396962 0.995758 -0.092007 -1.979001 1.662933 -0.396962 -0.917835 -0.092007 0.995758 0.567150 226.859924 -0.472271 40.563337 200.000000 40.563337 0.132364 52.945417 -0.881453 -32.666511 200.000000 -32.666511 0.197356 78.942308 -0.047582 27.127825 200.000000 27.127825 0.000967 0.386622 0.998867 -22.379130 200.000000 -22.379130
 46.200000 -0.893427 -0.449207 0.999806 -0.019706 -2.036674 1.590504 -0.449207 -0.893427 -0.019706 0.999806 0.053193 21.277192 -0.472271 40.563337 200.000000 40.563337 0.014338 5.735171 -0.881453 -32.666511 200.000000 -32.666511 0.077707 31.082770 -0.047582 27.127825 200.000000 27.127825 0.000088 0.035230 0.998867 -22.379130 200.000000 -22.379130
 46.400000 -0.887575 -0.460662 0.998995 -0.044829 -2.049538 1.615640 -0.460662 -0.887575 -0.044829 0.998995 0.013476 5.390414 -0.472271 40.563337 200.000000 40.563337 0.003748 1.499180 -0.881453 -32.666511 200.000000 -32.666511 0.000758 0.303174 -0.047582 27.127825 200.000000 27.127825 0.000002 0.000649 0.998867 -22.379130 200.000000 -22.379130
 46.600000 -0.873002 -0.487716 0.996570 -0.082749 -2.080268 1.653640 -0.487716 -0.873002 -0.082749 0.996570 0.023856 9.542412 -0.472271 40.563337 200.000000 40.563337 0.007142 2.856963 -0.881453 -32.666511 200.000000 -32.666511 0.123670 49.467974 -0.047582 27.127825 200.000000 27.127825 0.000528 0.211028 0.998867 -22.379130 200.000000 -22.379130
 46.800000 -0.911703 -0.410849 0.998086 -0.061835 -1.994182 1.632670 -0.410849 -0.911703 -0.061835 0.998086 0.377264 150.905682 -0.472271 40.563337 200.000000 40.563337 0.091506 36.602342 -0.881453 -32.666511 200.000000 -32.666511 0.020314 8.125542 -0.047582 27.127825 200.000000 27.127825 0.000061 0.024394 0.998867 -22.379130 200.000000 -22.379130
 47.000000 -0.873805 -0.486276 0.999960 -0.008910 -2.078619 1.579706 -0.486276 -0.873805 -0.008910 0.999960 0.019614 7.845513 -0.472271 40.563337 200.000000 40.563337 0.005849 2.339731 -0.881453 -32.666511 200.000000 -32.666511 0.149553 59.821224 -0.047582 27.127825 200.000000 27.127825 0.000119 0.047783 0.998867 -22.379130 200.000000 -22.379130
 47.200000 -0.858829 -0.512263 0.996863 -0.079148 -2.108614 1.650027 -0.512263 -0.858829 -0.079148 0.996863 0.159935 63.973935 -0.472271 40.563337 200.000000 40.563337 0.051188 20.475062 -0.881453 -32.666511 200.000000 -32.666511 0.099643 39.857268 -0.047582 27.127825 200.000000 27.127825 0.000402 0.160718 0.998867 -22.379130 200.000000 -22.379130
 47.400000 -0.871888 -0.489706 0.999971 -0.007565 -2.082549 1.578362 -0.489706 -0.871888 -0.007565 0.999971 0.030397 12.158846 -0.472271 40.563337 200.000000 40.563337 0.009150 3.660065 -0.881453 -32.666511 200.000000 -32.666511 0.160133 64.053117 -0.047582 27.127825 200.000000 27.127825 0.000122 0.048756 0.998867 -22.379130 200.000000 -22.379130
 47.600000 -0.920902 -0.389795 0.991358 0.131186 -1.971205 1.439231 -0.389795 -0.920902 0.131186 0.991358 0.680238 272.095253 -0.472271 40.563337 200.000000 40.563337 0.155618 62.247343 -0.881453 -32.666511 200.000000 -32.666511 3.195798 1278.319188 -0.047582 27.127825 200.000000 27.127825 0.005639 2.255746 0.998867 -22.379130 200.000000 -22.379130
 47.800000 -0.932455 -0.361285 0.999600 -0.028291 -1.940442 1.599091 -0.361285 -0.932455 -0.028291 0.999600 1.231793 492.717366 -0.472271 40.563337 200.000000 40.563337 0.260122 104.048656 -0.881453 -32.666511 200.000000 -32.666511 0.037213 14.885320 -0.047582 27.127825 200.000000 27.127825 0.000054 0.021456 0.998867 -22.379130 200.000000 -22.379130
 48.000000 -0.867225 -0.497916 0.999982 -0.006013 -2.091990 1.576809 -0.497916 -0.867225 -0.006013 0.999982 0.065766 26.306590 -0.472271 40.563337 200.000000 40.563337 0.020244 8.097586 -0.881453 -32.666511 200.000000 -32.666511 0.172801 69.120234 -0.047582 27.127825 200.000000 27.127825 0.000124 0.049692 0.998867 -22.379130 200.000000 -22.379130
 48.200000 -0.926771 -0.375627 0.999793 0.020346 -1.955870 1.550449 -0.375627 -0.926771 0.020346 0.999793 0.934002 373.600837 -0.472271 40.563337 200.000000 40.563337 0.205367 82.146846 -0.881453 -32.666511 200.000000 -32.666511 0.461425 184.569849 -0.047582 27.127825 200.000000 27.127825 0.000086 0.034273 0.998867 -22.379130 200.000000 -22.379130
 48.400000 -0.885330 -0.464962 0.990858 -0.134909 -2.054388 1.706118 -0.464962 -0.885330 -0.134909 0.990858 0.005342 2.136721 -0.472271 40.563337 200.000000 40.563337 0.001503 0.601280 -0.881453 -32.666511 200.000000 -32.666511 0.762605 305.042076 -0.047582 27.127825 200.000000 27.127825 0.006415 2.566001 0.998867 -22.379130 200.000000 -22.379130
 48.600000 -0.878771 -0.477243 0.997895 -0.064856 -2.068311 1.635698 -0.477243 -0.878771 -0.064856 0.997895 0.002472 0.988969 -0.472271 40.563337 200.000000 40.563337 0.000719 0.287773 -0.881453 -32.666511 200.000000 -32.666511 0.029840 11.935846 -0.047582 27.127825 200.000000 27.127825 0.000095 0.037847 0.998867 -22.379130 200.000000 -22.379130
 48.800000 -0.933235 -0.359267 0.989262 -0.146152 -1.938278 1.717473 -0.359267 -0.933235 -0.146152 0.989262 1.277003 510.801051 -0.472271 40.563337 200.000000 40.563337 0.268134 107.253499 -0.881453 -32.666511 200.000000 -32.666511 0.971596 388.638545 -0.047582 27.127825 200.000000 27.127825 0.009226 3.690333 0.998867 -22.379130 200.000000 -22.379130
 49.000000 -0.826271 -0.563273 0.993026 -0.117898 -2.169138 1.688969 -0.563273 -0.826271 -0.117898 0.993026 0.828142 331.256988 -0.472271 40.563337 200.000000 40.563337 0.304514 121.805594 -0.881453 -32.666511 200.000000 -32.666511 0.494433 197.773274 -0.047582 27.127825 200.000000 27.127825 0.003412 1.364977 0.998867 -22.379130 200.000000 -22.379130
 49.200000 -0.890803 -0.454389 0.997713 -0.067599 -2.042483 1.638447 -0.454389 -0.890803 -0.067599 0.997713 0.031976 12.790288 -0.472271 40.563337 200.000000 40.563337 0.008742 3.496780 -0.881453 -32.666511 200.000000 -32.666511 0.040070 16.027890 -0.047582 27.127825 200.000000 27.127825 0.000133 0.053342 0.998867 -22.379130 200.000000 -22.379130
 49.400000 -0.913188 -0.407538 0.991895 -0.127062 -1.990552 1.698203 -0.407538 -0.913188 -0.127062 0.991895 0.419042 167.616960 -0.472271 40.563337 200.000000 40.563337 0.100711 40.284583 -0.881453 -32.666511 200.000000 -32.666511 0.631709 252.683752 -0.047582 27.127825 200.000000 27.127825 0.004862 1.944670 0.998867 -22.379130 200.000000 -22.379130
 49.600000 -0.837131 -0.547002 0.999748 0.022469 -2.149575 1.548325 -0.547002 -0.837131 0.022469 0.999748 0.558473 223.389066 -0.472271 40.563337 200.000000 40.563337 0.196445 78.578055 -0.881453 -32.666511 200.000000 -32.666511 0.490719 196.287781 -0.047582 27.127825 200.000000 27.127825 0.000077 0.030989 0.998867 -22.379130 200.000000 -22.379130
 49.800000 -0.877206 -0.480114 0.996815 -0.079751 -2.071582 1.650632 -0.480114 -0.877206 -0.079751 0.996815 0.006152 2.460770 -0.472271 40.563337 200.000000 40.563337 0.001804 0.721661 -0.881453 -32.666511 200.000000 -32.666511 0.103483 41.393292 -0.047582 27.127825 200.000000 27.127825 0.000421 0.168510 0.998867 -22.379130 200.000000 -22.379130
 50.000000 -0.851032 -0.525113 0.997758 -0.066923 -2.123645 1.637769 -0.525113 -0.851032 -0.066923 0.997758 0.279231 111.692278 -0.472271 40.563337 200.000000 40.563337 0.092544 37.017665 -0.881453 -32.666511 200.000000 -32.666511 0.037406 14.962366 -0.047582 27.127825 200.000000 27.127825 0.000123 0.049210 0.998867 -22.379130 200.000000 -22.379130
 50.200000 -0.877375 -0.479805 0.998455 -0.055573 -2.071228 1.626398 -0.479805 -0.877375 -0.055573 0.998455 0.005676 2.270229 -0.472271 40.563337 200.000000 40.563337 0.001663 0.665221 -0.881453 -32.666511 200.000000 -32.666511 0.006386 2.554582 -0.047582 27.127825 200.000000 27.127825 0.000017 0.006814 0.998867 -22.379130 200.000000 -22.379130
 50.400000 -0.866821 -0.498620 0.999905 -0.013777 -2.092803 1.584574 -0.498620 -0.866821 -0.013777 0.999905 0.069428 27.771022 -0.472271 40.563337 200.000000 40.563337 0.021412 8.564738 -0.881453 -32.666511 200.000000 -32.666511 0.114276 45.710600 -0.047582 27.127825 200.000000 27.127825 0.000108 0.043077 0.998867 -22.379130 200.000000 -22.379130
 50.600000 -0.852988 -0.521931 0.998005 -0.063142 -2.119909 1.633981 -0.521931 -0.852988 -0.063142 0.998005 0.246608 98.643135 -0.472271 40.563337 200.000000 40.563337 0.081028 32.411322 -0.881453 -32.666511 200.000000 -32.666511 0.024213 9.685060 -0.047582 27.127825 200.000000 27.127825 0.000074 0.029777 0.998867 -22.379130 200.000000 -22.379130
 50.800000 -0.898539 -0.438895 0.999643 -0.026715 -2.025164 1.597514 -0.438895 -0.898539 -0.026715 0.999643 0.111399 44.559702 -0.472271 40.563337 200.000000 40.563337 0.029190 11.676182 -0.881453 -32.666511 200.000000 -32.666511 0.043544 17.417431 -0.047582 27.127825 200.000000 27.127825 0.000060 0.024072 0.998867 -22.379130 200.000000 -22.379130
 51.000000 -0.823815 -0.566858 0.998949 -0.045825 -2.173483 1.616638 -0.566858 -0.823815 -0.045825 0.998949 0.894669 357.867778 -0.472271 40.563337 200.000000 40.563337 0.332212 132.884983 -0.881453 -32.666511 200.000000 -32.666511 0.000309 0.123422 -0.047582 27.127825 200.000000 27.127825 0.000001 0.000270 0.998867 -22.379130 200.000000 -22.379130
 51.200000 -0.907504 -0.420044 0.996446 -0.084239 -2.004290 1.655135 -0.420044 -0.907504 -0.084239 0.996446 0.272764 109.105488 -0.472271 40.563337 200.000000 40.563337 0.067862 27.144606 -0.881453 -32.666511 200.000000 -32.666511 0.134372 53.748778 -0.047582 27.127825 200.000000 27.127825 0.000586 0.234592 0.998867 -22.379130 200.000000 -22.379130
 51.400000 -0.902130 -0.431465 0.999997 0.002311 -2.016912 1.568485 -0.431465 -0.902130 0.002311 0.999997 0.166517 66.606978 -0.472271 40.563337 200.000000 40.563337 0.042752 17.100773 -0.881453 -32.666511 200.000000 -32.666511 0.248931 99.572539 -0.047582 27.127825 200.000000 27.127825 0.000128 0.051075 0.998867 -22.379130 200.000000 -22.379130
 51.600000 -0.869674 -0.493627 0.995087 -0.099003 -2.087052 1.669962 -0.493627 -0.869674 -0.099003 0.995087 0.045607 18.242761 -0.472271 40.563337 200.000000 40.563337 0.013876 5.550315 -0.881453 -32.666511 200.000000 -32.666511 0.264414 105.765606 -0.047582 27.127825 200.000000 27.127825 0.001429 0.571601 0.998867 -22.379130 200.000000 -22.379130
 51.800000 -0.882164 -0.470942 0.996061 -0.088672 -2.061154 1.659585 -0.470942 -0.882164 -0.088672 0.996061 0.000177 0.070686 -0.472271 40.563337 200.000000 40.563337 0.000051 0.020218 -0.881453 -32.666511 200.000000 -32.666511 0.168839 67.535490 -0.047582 27.127825 200.000000 27.127825 0.000788 0.315047 0.998867 -22.379130 200.000000 -22.379130
 52.000000 -0.922166 -0.386795 0.996544 -0.083065 -1.967950 1.653957 -0.386795 -0.922166 -0.083065 0.996544 0.730621 292.248303 -0.472271 40.563337 200.000000 40.563337 0.165751 66.300247 -0.881453 -32.666511 200.000000 -32.666511 0.125906 50.362583 -0.047582 27.127825 200.000000 27.127825 0.000540 0.215895 0.998867 -22.379130 200.000000 -22.379130
 52.200000 -0.865952 -0.500127 0.980685 -0.195593 -2.094541 1.767658 -0.500127 -0.865952 -0.195593 0.980685 0.077593 31.037239 -0.472271 40.563337 200.000000 40.563337 0.024028 9.611329 -0.881453 -32.666511 200.000000 -32.666511 2.190721 876.288543 -0.047582 27.127825 200.000000 27.127825 0.033059 13.223603 0.998867 -22.379130 200.000000 -22.379130
 52.400000 -0.902109 -0.431509 0.998592 -0.053048 -2.016961 1.623869 -0.431509 -0.902109 -0.053048 0.998592 0.166153 66.461118 -0.472271 40.563337 200.000000 40.563337 0.042664 17.065422 -0.881453 -32.666511 200.000000 -32.666511 0.002988 1.195126 -0.047582 27.127825 200.000000 27.127825 0.000008 0.003033 0.998867 -22.379130 200.000000 -22.379130
 52.600000 -0.909556 -0.415582 0.995561 -0.094119 -1.999379 1.665055 -0.415582 -0.909556 -0.094119 0.995561 0.321368 128.547115 -0.472271 40.563337 200.000000 40.563337 0.078975 31.589931 -0.881453 -32.666511 200.000000 -32.666511 0.216567 86.626863 -0.047582 27.127825 200.000000 27.127825 0.001093 0.437280 0.998867 -22.379130 200.000000 -22.379130
 52.800000 -0.839406 -0.543505 0.999608 -0.028011 -2.145404 1.598811 -0.543505 -0.839406 -0.028011 0.999608 0.507434 202.973556 -0.472271 40.563337 200.000000 40.563337 0.176801 70.720488 -0.881453 -32.666511 200.000000 -32.666511 0.038302 15.320640 -0.047582 27.127825 200.000000 27.127825 0.000055 0.021920 0.998867 -22.379130 200.000000 -22.379130
 53.000000 -0.909872 -0.414888 0.997949 0.064006 -1.998616 1.506746 -0.414888 -0.909872 0.064006 0.997949 0.329277 131.710812 -0.472271 40.563337 200.000000 40.563337 0.080764 32.305445 -0.881453 -32.666511 200.000000 -32.666511 1.245192 498.076872 -0.047582 27.127825 200.000000 27.127825 0.000084 0.033697 0.998867 -22.379130 200.000000 -22.379130
 53.200000 -0.930046 -0.367444 0.999683 -0.025185 -1.947055 1.595984 -0.367444 -0.930046 -0.025185 0.999683 1.098879 439.551678 -0.472271 40.563337 200.000000 40.563337 0.236122 94.448963 -0.881453 -32.666511 200.000000 -32.666511 0.050164 20.065595 -0.047582 27.127825 200.000000 27.127825 0.000067 0.026600 0.998867 -22.379130 200.000000 -22.379130
 53.400000 -0.903600 -0.428377 0.996576 0.082685 -2.013492 1.488017 -0.428377 -0.903600 0.082685 0.996576 0.192673 77.069192 -0.472271 40.563337 200.000000 40.563337 0.049049 19.619505 -0.881453 -32.666511 200.000000 -32.666511 1.696934 678.773750 -0.047582 27.127825 200.000000 27.127825 0.000525 0.210051 0.998867 -22.379130 200.000000 -22.379130
 53.600000 -0.897951 -0.440094 0.998438 0.055878 -2.026500 1.514890 -0.440094 -0.897951 0.055878 0.998438 0.103533 41.413361 -0.472271 40.563337 200.000000 40.563337 0.027219 10.887513 -0.881453 -32.666511 200.000000 -32.666511 1.070386 428.154313 -0.047582 27.127825 200.000000 27.127825 0.000018 0.007386 0.998867 -22.379130 200.000000 -22.379130
 53.800000 -0.816882 -0.576805 0.999917 0.012910 -2.185608 1.557886 -0.576805 -0.816882 0.012910 0.999917 1.092734 437.093419 -0.472271 40.563337 200.000000 40.563337 0.416947 166.778997 -0.881453 -32.666511 200.000000 -32.666511 0.365929 146.371699 -0.047582 27.127825 200.000000 27.127825 0.000110 0.044043 0.998867 -22.379130 200.000000 -22.379130
 54.000000 -0.894412 -0.447243 0.999463 -0.032782 -2.034477 1.603584 -0.447243 -0.894412 -0.032782 0.999463 0.062639 25.055608 -0.472271 40.563337 200.000000 40.563337 0.016794 6.717408 -0.881453 -32.666511 200.000000 -32.666511 0.021904 8.761773 -0.047582 27.127825 200.000000 27.127825 0.000035 0.014170 0.998867 -22.379130 200.000000 -22.379130
 54.200000 -0.909382 -0.415963 0.996011 -0.089226 -1.999798 1.660141 -0.415963 -0.909382 -0.089226 0.996011 0.317060 126.823957 -0.472271 40.563337 200.000000 40.563337 0.077998 31.199315 -0.881453 -32.666511 200.000000 -32.666511 0.173424 69.369432 -0.047582 27.127825 200.000000 27.127825 0.000816 0.326256 0.998867 -22.379130 200.000000 -22.379130
 54.400000 -0.830632 -0.556821 0.987176 -0.159636 -2.161350 1.731118 -0.556821 -0.830632 -0.159636 0.987176 0.714874 285.949659 -0.472271 40.563337 200.000000 40.563337 0.258278 103.311180 -0.881453 -32.666511 200.000000 -32.666511 1.255612 502.244971 -0.047582 27.127825 200.000000 27.127825 0.013669 5.467552 0.998867 -22.379130 200.000000 -22.379130
 54.600000 -0.902196 -0.431325 0.995031 -0.099570 -2.016758 1.670532 -0.431325 -0.902196 -0.099570 0.995031 0.167655 67.061892 -0.472271 40.563337 200.000000 40.563337 0.043027 17.210984 -0.881453 -32.666511 200.000000 -32.666511 0.270281 108.112486 -0.047582 27.127825 200.000000 27.127825 0.001472 0.588850 0.998867 -22.379130 200.000000 -22.379130
 54.800000 -0.891714 -0.452599 0.998042 -0.062540 -2.040474 1.633377 -0.452599 -0.891714 -0.062540 0.998042 0.038699 15.479738 -0.472271 40.563337 200.000000 40.563337 0.010528 4.211390 -0.881453 -32.666511 200.000000 -32.666511 0.022374 8.949569 -0.047582 27.127825 200.000000 27.127825 0.000068 0.027216 0.998867 -22.379130 200.000000 -22.379130
 55.000000 -0.901801 -0.432151 0.997093 -0.076194 -2.017673 1.647065 -0.432151 -0.901801 -0.076194 0.997093 0.160959 64.383596 -0.472271 40.563337 200.000000 40.563337 0.041403 16.561180 -0.881453 -32.666511 200.000000 -32.666511 0.081868 32.747175 -0.047582 27.127825 200.000000 27.127825 0.000315 0.125935 0.998867 -22.379130 200.000000 -22.379130
 55.200000 -0.886121 -0.463455 0.995465 -0.095129 -2.052686 1.666069 -0.463455 -0.886121 -0.095129 0.995465 0.007773 3.109053 -0.472271 40.563337 200.000000 40.563337 0.002178 0.871305 -0.881453 -32.666511 200.000000 -32.666511 0.226071 90.428251 -0.047582 27.127825 200.000000 27.127825 0.001158 0.463044 0.998867 -22.379130 200.000000 -22.379130
 55.400000 -0.833860 -0.551976 0.982449 -0.186529 -2.155528 1.758424 -0.551976 -0.833860 -0.186529 0.982449 0.635286 254.114487 -0.472271 40.563337 200.000000 40.563337 0.226512 90.604935 -0.881453 -32.666511 200.000000 -32.666511 1.930631 772.252359 -0.047582 27.127825 200.000000 27.127825 0.026955 10.781892 0.998867 -22.379130 200.000000 -22.379130
 55.600000 -0.894648 -0.446771 0.996993 -0.077487 -2.033950 1.648361 -0.446771 -0.894648 -0.077487 0.996993 0.065023 26.009162 -0.472271 40.563337 200.000000 40.563337 0.017410 6.964053 -0.881453 -32.666511 200.000000 -32.666511 0.089428 35.771394 -0.047582 27.127825 200.000000 27.127825 0.000351 0.140466 0.998867 -22.379130 200.000000 -22.379130
 55.800000 -0.883997 -0.467493 0.997269 -0.073857 -2.057249 1.644720 -0.467493 -0.883997 -0.073857 0.997269 0.002283 0.913144 -0.472271 40.563337 200.000000 40.563337 0.000647 0.258742 -0.881453 -32.666511 200.000000 -32.666511 0.069036 27.614499 -0.047582 27.127825 200.000000 27.127825 0.000256 0.102205 0.998867 -22.379130 200.000000 -22.379130
 56.000000 -0.856097 -0.516815 0.997834 -0.065787 -2.113923 1.636631 -0.516815 -0.856097 -0.065787 0.997834 0.198420 79.367949 -0.472271 40.563337 200.000000 40.563337 0.064295 25.718105 -0.881453 -32.666511 200.000000 -32.666511 0.033141 13.256556 -0.047582 27.127825 200.000000 27.127825 0.000107 0.042736 0.998867 -22.379130 200.000000 -22.379130
 56.200000 -0.917450 -0.397851 0.999584 0.028850 -1.979970 1.541943 -0.397851 -0.917450 0.028850 0.999584 0.553835 221.533996 -0.472271 40.563337 200.000000 40.563337 0.129576 51.830458 -0.881453 -32.666511 200.000000 -32.666511 0.584181 233.672277 -0.047582 27.127825 200.000000 27.127825 0.000051 0.020530 0.998867 -22.379130 200.000000 -22.379130
 56.400000 -0.877750 -0.479119 0.997590 -0.069384 -2.070447 1.640237 -0.479119 -0.877750 -0.069384 0.997590 0.004689 1.875535 -0.472271 40.563337 200.000000 40.563337 0.001371 0.548542 -0.881453 -32.666511 200.000000 -32.666511 0.047535 19.013991 -0.047582 27.127825 200.000000 27.127825 0.000163 0.065264 0.998867 -22.379130 200.000000 -22.379130
 56.600000 -0.836557 -0.547880 0.999834 -0.018214 -2.150624 1.589012 -0.547880 -0.836557 -0.018214 0.999834 0.571667 228.666643 -0.472271 40.563337 200.000000 40.563337 0.201567 80.626895 -0.881453 -32.666511 200.000000 -32.666511 0.086245 34.497972 -0.047582 27.127825 200.000000 27.127825 0.000093 0.037385 0.998867 -22.379130 200.000000 -22.379130
 56.800000 -0.910737 -0.412987 0.999323 0.036783 -1.996528 1.534005 -0.412987 -0.910737 0.036783 0.999323 0.351459 140.583468 -0.472271 40.563337 200.000000 40.563337 0.085752 34.300935 -0.881453 -32.666511 200.000000 -32.666511 0.711743 284.697112 -0.047582 27.127825 200.000000 27.127825 0.000021 0.008315 0.998867 -22.379130 200.000000 -22.379130
 57.000000 -0.894819 -0.446428 0.998856 -0.047822 -2.033566 1.618637 -0.446428 -0.894819 -0.047822 0.998856 0.066784 26.713679 -0.472271 40.563337 200.000000 40.563337 0.017865 7.145973 -0.881453 -32.666511 200.000000 -32.666511 0.000006 0.002312 -0.047582 27.127825 200.000000 27.127825 0.000000 0.000005 0.998867 -22.379130 200.000000 -22.379130
 57.200000 -0.895321 -0.445421 0.999772 -0.021350 -2.032441 1.592148 -0.445421 -0.895321 -0.021350 0.999772 0.072091 28.836496 -0.472271 40.563337 200.000000 40.563337 0.019231 7.692581 -0.881453 -32.666511 200.000000 -32.666511 0.068813 27.525179 -0.047582 27.127825 200.000000 27.127825 0.000082 0.032741 0.998867 -22.379130 200.000000 -22.379130
 57.400000 -0.897590 -0.440830 0.997443 -0.071470 -2.027320 1.642327 -0.440830 -0.897590 -0.071470 0.997443 0.098852 39.540610 -0.472271 40.563337 200.000000 40.563337 0.026040 10.416173 -0.881453 -32.666511 200.000000 -32.666511 0.057064 22.825752 -0.047582 27.127825 200.000000 27.127825 0.000203 0.081179 0.998867 -22.379130 200.000000 -22.379130
 57.600000 -0.883967 -0.467549 0.992033 -0.125975 -2.057312 1.697107 -0.467549 -0.883967 -0.125975 0.992033 0.002230 0.892101 -0.472271 40.563337 200.000000 40.563337 0.000632 0.252817 -0.881453 -32.666511 200.000000 -32.666511 0.614553 245.821376 -0.047582 27.127825 200.000000 27.127825 0.004670 1.868126 0.998867 -22.379130 200.000000 -22.379130
 57.800000 -0.872817 -0.488048 0.984797 -0.173709 -2.080649 1.745391 -0.488048 -0.872817 -0.173709 0.984797 0.024892 9.956785 -0.472271 40.563337 200.000000 40.563337 0.007459 2.983717 -0.881453 -32.666511 200.000000 -32.666511 1.590798 636.319185 -0.047582 27.127825 200.000000 27.127825 0.019797 7.918899 0.998867 -22.379130 200.000000 -22.379130
 58.000000 -0.905640 -0.424047 0.995323 -0.096598 -2.008705 1.667545 -0.424047 -0.905640 -0.096598 0.995323 0.232558 93.023154 -0.472271 40.563337 200.000000 40.563337 0.058501 23.400254 -0.881453 -32.666511 200.000000 -32.666511 0.240257 96.102690 -0.047582 27.127825 200.000000 27.127825 0.001256 0.502355 0.998867 -22.379130 200.000000 -22.379130
 58.200000 -0.891468 -0.453084 0.994748 -0.102353 -2.041018 1.673329 -0.453084 -0.891468 -0.102353 0.994748 0.036816 14.726484 -0.472271 40.563337 200.000000 40.563337 0.010029 4.011774 -0.881453 -32.666511 200.000000 -32.666511 0.299991 119.996408 -0.047582 27.127825 200.000000 27.127825 0.001697 0.678724 0.998867 -22.379130 200.000000 -22.379130
 58.400000 -0.894530 -0.447008 0.995784 -0.091734 -2.034214 1.662660 -0.447008 -0.894530 -0.091734 0.995784 0.063824 25.529782 -0.472271 40.563337 200.000000 40.563337 0.017100 6.840118 -0.881453 -32.666511 200.000000 -32.666511 0.194941 77.976455 -0.047582 27.127825 200.000000 27.127825 0.000951 0.380392 0.998867 -22.379130 200.000000 -22.379130
 58.600000 -0.896959 -0.442115 0.999964 0.008436 -2.028751 1.562361 -0.442115 -0.896959 0.008436 0.999964 0.090942 36.376622 -0.472271 40.563337 200.000000 40.563337 0.024041 9.616486 -0.881453 -32.666511 200.000000 -32.666511 0.313796 125.518392 -0.047582 27.127825 200.000000 27.127825 0.000120 0.048143 0.998867 -22.379130 200.000000 -22.379130
 58.800000 -0.887995 -0.459853 0.999339 -0.036361 -2.048627 1.607166 -0.459853 -0.887995 -0.036361 0.999339 0.015420 6.167857 -0.472271 40.563337 200.000000 40.563337 0.004279 1.711617 -0.881453 -32.666511 200.000000 -32.666511 0.012590 5.035952 -0.047582 27.127825 200.000000 27.127825 0.000022 0.008887 0.998867 -22.379130 200.000000 -22.379130
 59.000000 -0.898037 -0.439919 0.999338 -0.036388 -2.026305 1.607192 -0.439919 -0.898037 -0.036388 0.999338 0.104665 41.865983 -0.472271 40.563337 200.000000 40.563337 0.027503 11.001214 -0.881453 -32.666511 200.000000 -32.666511 0.012531 5.012340 -0.047582 27.127825 200.000000 27.127825 0.000022 0.008851 0.998867 -22.379130 200.000000 -22.379130
 59.200000 -0.899198 -0.437543 0.998822 0.048523 -2.023661 1.522254 -0.437543 -0.899198 0.048523 0.998822 0.120604 48.241682 -0.472271 40.563337 200.000000 40.563337 0.031485 12.594187 -0.881453 -32.666511 200.000000 -32.666511 0.923624 369.449565 -0.047582 27.127825 200.000000 27.127825 0.000000 0.000082 0.998867 -22.379130 200.000000 -22.379130
 59.400000 -0.901050 -0.433716 0.999745 -0.022603 -2.019409 1.593401 -0.433716 -0.901050 -0.022603 0.999745 0.148651 59.460277 -0.472271 40.563337 200.000000 40.563337 0.038402 15.360671 -0.881453 -32.666511 200.000000 -32.666511 0.062397 24.958719 -0.047582 27.127825 200.000000 27.127825 0.000077 0.030779 0.998867 -22.379130 200.000000 -22.379130
 59.600000 -0.902337 -0.431030 0.996251 -0.086505 -2.016431 1.657410 -0.431030 -0.902337 -0.086505 0.996251 0.170080 68.031826 -0.472271 40.563337 200.000000 40.563337 0.043614 17.445753 -0.881453 -32.666511 200.000000 -32.666511 0.151503 60.601093 -0.047582 27.127825 200.000000 27.127825 0.000684 0.273727 0.998867 -22.379130 200.000000 -22.379130
 59.800000 -0.897156 -0.441715 0.998128 -0.061166 -2.028305 1.632001 -0.441715 -0.897156 -0.061166 0.998128 0.093369 37.347450 -0.472271 40.563337 200.000000 40.563337 0.024656 9.862318 -0.881453 -32.666511 200.000000 -32.666511 0.018453 7.381337 -0.047582 27.127825 200.000000 27.127825 0.000055 0.021889 0.998867 -22.379130 200.000000 -22.379130
 60.000000 -0.869627 -0.493709 0.994814 -0.101707 -2.087146 1.672680 -0.493709 -0.869627 -0.101707 0.994814 0.045959 18.383446 -0.472271 40.563337 200.000000 40.563337 0.013986 5.594368 -0.881453 -32.666511 200.000000 -32.666511 0.292956 117.182336 -0.047582 27.127825 200.000000 27.127825 0.001643 0.657064 0.998867 -22.379130 200.000000 -22.379130
 60.200000 -0.881226 -0.472695 0.999056 -0.043432 -2.063143 1.614242 -0.472695 -0.881226 -0.043432 0.999056 0.000018 0.007196 -0.472271 40.563337 200.000000 40.563337 0.000005 0.002068 -0.881453 -32.666511 200.000000 -32.666511 0.001722 0.688810 -0.047582 27.127825 200.000000 27.127825 0.000004 0.001429 0.998867 -22.379130 200.000000 -22.379130
 60.400000 -0.862076 -0.506780 0.999520 -0.030985 -2.102242 1.601786 -0.506780 -0.862076 -0.030985 0.999520 0.119085 47.634019 -0.472271 40.563337 200.000000 40.563337 0.037550 15.019982 -0.881453 -32.666511 200.000000 -32.666511 0.027547 11.018768 -0.047582 27.127825 200.000000 27.127825 0.000043 0.017031 0.998867 -22.379130 200.000000 -22.379130
 60.600000 -0.859395 -0.511313 0.991553 -0.129700 -2.107508 1.700862 -0.511313 -0.859395 -0.129700 0.991553 0.152428 60.971204 -0.472271 40.563337 200.000000 40.563337 0.048659 19.463736 -0.881453 -32.666511 200.000000 -32.666511 0.674334 269.733594 -0.047582 27.127825 200.000000 27.127825 0.005349 2.139799 0.998867 -22.379130 200.000000 -22.379130
 60.800000 -0.859402 -0.511300 0.999726 0.023408 -2.107493 1.547386 -0.511300 -0.859402 0.023408 0.999726 0.152328 60.931301 -0.472271 40.563337 200.000000 40.563337 0.048626 19.450322 -0.881453 -32.666511 200.000000 -32.666511 0.503959 201.583614 -0.047582 27.127825 200.000000 27.127825 0.000074 0.029491 0.998867 -22.379130 200.000000 -22.379130
 61.000000 -0.875747 -0.482770 0.997859 -0.065402 -2.074611 1.636245 -0.482770 -0.875747 -0.065402 0.997859 0.011022 4.408776 -0.472271 40.563337 200.000000 40.563337 0.003256 1.302324 -0.881453 -32.666511 200.000000 -32.666511 0.031757 12.702762 -0.047582 27.127825 200.000000 27.127825 0.000102 0.040672 0.998867 -22.379130 200.000000 -22.379130
 61.200000 -0.820815 -0.571194 0.998662 -0.051718 -2.178757 1.622538 -0.571194 -0.820815 -0.051718 0.998662 0.978582 391.432996 -0.472271 40.563337 200.000000 40.563337 0.367703 147.081362 -0.881453 -32.666511 200.000000 -32.666511 0.001711 0.684375 -0.047582 27.127825 200.000000 27.127825 0.000004 0.001691 0.998867 -22.379130 200.000000 -22.379130
 61.400000 -0.872200 -0.489149 0.993649 -0.112523 -2.081911 1.683558 -0.489149 -0.872200 -0.112523 0.993649 0.028488 11.395106 -0.472271 40.563337 200.000000 40.563337 0.008562 3.424977 -0.881453 -32.666511 200.000000 -32.666511 0.421738 168.695023 -0.047582 27.127825 200.000000 27.127825 0.002723 1.089204 0.998867 -22.379130 200.000000 -22.379130
 61.600000 -0.873684 -0.486493 0.999724 -0.023481 -2.078868 1.594279 -0.486493 -0.873684 -0.023481 0.999724 0.020228 8.091047 -0.472271 40.563337 200.000000 40.563337 0.006036 2.414384 -0.881453 -32.666511 200.000000 -32.666511 0.058088 23.235092 -0.047582 27.127825 200.000000 27.127825 0.000073 0.029375 0.998867 -22.379130 200.000000 -22.379130
 61.800000 -0.869539 -0.493863 0.996849 -0.079328 -2.087324 1.650207 -0.493863 -0.869539 -0.079328 0.996849 0.046623 18.649227 -0.472271 40.563337 200.000000 40.563337 0.014194 5.677633 -0.881453 -32.666511 200.000000 -32.666511 0.100778 40.311391 -0.047582 27.127825 200.000000 27.127825 0.000408 0.163012 0.998867 -22.379130 200.000000 -22.379130
 62.000000 -0.884643 -0.466269 0.999537 -0.030435 -2.055865 1.601236 -0.466269 -0.884643 -0.030435 0.999537 0.003603 1.441075 -0.472271 40.563337 200.000000 40.563337 0.001017 0.406971 -0.881453 -32.666511 200.000000 -32.666511 0.029401 11.760295 -0.047582 27.127825 200.000000 27.127825 0.000045 0.017924 0.998867 -22.379130 200.000000 -22.379130
 62.200000 -0.895206 -0.445653 0.999679 0.025318 -2.032699 1.545475 -0.445653 -0.895206 0.025318 0.999679 0.070855 28.341811 -0.472271 40.563337 200.000000 40.563337 0.018914 7.565408 -0.881453 -32.666511 200.000000 -32.666511 0.531446 212.578393 -0.047582 27.127825 200.000000 27.127825 0.000066 0.026380 0.998867 -22.379130 200.000000 -22.379130
 62.400000 -0.919139 -0.393932 0.994922 -0.100645 -1.975702 1.671612 -0.393932 -0.919139 -0.100645 0.994922 0.613694 245.477663 -0.472271 40.563337 200.000000 40.563337 0.142024 56.809487 -0.881453 -32.666511 200.000000 -32.666511 0.281573 112.629117 -0.047582 27.127825 200.000000 27.127825 0.001556 0.622513 0.998867 -22.379130 200.000000 -22.379130
 62.600000 -0.892501 -0.451045 0.999937 0.011208 -2.038732 1.559588 -0.451045 -0.892501 0.011208 0.999937 0.045055 18.022068 -0.472271 40.563337 200.000000 40.563337 0.012206 4.882253 -0.881453 -32.666511 200.000000 -32.666511 0.345624 138.249416 -0.047582 27.127825 200.000000 27.127825 0.000114 0.045783 0.998867 -22.379130 200.000000 -22.379130
 62.800000 -0.901748 -0.432263 0.999418 -0.034120 -2.017797 1.604923 -0.432263 -0.901748 -0.034120 0.999418 0.160068 64.027018 -0.472271 40.563337 200.000000 40.563337 0.041186 16.474496 -0.881453 -32.666511 200.000000 -32.666511 0.018121 7.248480 -0.047582 27.127825 200.000000 27.127825 0.000030 0.012117 0.998867 -22.379130 200.000000 -22.379130
 63.000000 -0.891021 -0.453963 0.994355 -0.106104 -2.042004 1.677100 -0.453963 -0.891021 -0.106104 0.994355 0.033519 13.407481 -0.472271 40.563337 200.000000 40.563337 0.009153 3.661246 -0.881453 -32.666511 200.000000 -32.666511 0.342483 136.993165 -0.047582 27.127825 200.000000 27.127825 0.002036 0.814433 0.998867 -22.379130 200.000000 -22.379130
 63.200000 -0.919556 -0.392959 0.998709 0.050806 -1.974644 1.519968 -0.392959 -0.919556 0.050806 0.998709 0.629035 251.613886 -0.472271 40.563337 200.000000 40.563337 0.145180 58.071938 -0.881453 -32.666511 200.000000 -32.666511 0.968024 387.209605 -0.047582 27.127825 200.000000 27.127825 0.000003 0.001009 0.998867 -22.379130 200.000000 -22.379130
 63.400000 -0.926594 -0.376063 0.995034 -0.099537 -1.956340 1.670498 -0.376063 -0.926594 -0.099537 0.995034 0.925606 370.242274 -0.472271 40.563337 200.000000 40.563337 0.203770 81.507913 -0.881453 -32.666511 200.000000 -32.666511 0.269934 107.973421 -0.047582 27.127825 200.000000 27.127825 0.001470 0.587823 0.998867 -22.379130 200.000000 -22.379130
 63.600000 -0.870868 -0.491517 0.998351 -0.057409 -2.084628 1.628237 -0.491517 -0.870868 -0.057409 0.998351 0.037042 14.816924 -0.472271 40.563337 200.000000 40.563337 0.011206 4.482230 -0.881453 -32.666511 200.000000 -32.666511 0.009658 3.863148 -0.047582 27.127825 200.000000 27.127825 0.000027 0.010676 0.998867 -22.379130 200.000000 -22.379130
 63.800000 -0.872159 -0.489222 0.999989 -0.004762 -2.081994 1.575558 -0.489222 -0.872159 -0.004762 0.999989 0.028734 11.493685 -0.472271 40.563337 200.000000 40.563337 0.008638 3.455290 -0.881453 -32.666511 200.000000 -32.666511 0.183357 73.342763 -0.047582 27.127825 200.000000 27.127825 0.000126 0.050295 0.998867 -22.379130 200.000000 -22.379130
 64.000000 -0.879251 -0.476359 0.997174 -0.075129 -2.067305 1.645997 -0.476359 -0.879251 -0.075129 0.997174 0.001671 0.668323 -0.472271 40.563337 200.000000 40.563337 0.000485 0.194002 -0.881453 -32.666511 200.000000 -32.666511 0.075886 30.354543 -0.047582 27.127825 200.000000 27.127825 0.000287 0.114724 0.998867 -22.379130 200.000000 -22.379130
 64.200000 -0.905471 -0.424407 0.997162 -0.075291 -2.009103 1.646158 -0.424407 -0.905471 -0.075291 0.997162 0.229095 91.638009 -0.472271 40.563337 200.000000 40.563337 0.057687 23.074717 -0.881453 -32.666511 200.000000 -32.666511 0.076777 30.710770 -0.047582 27.127825 200.000000 27.127825 0.000291 0.116377 0.998867 -22.379130 200.000000 -22.379130
 64.400000 -0.880086 -0.474814 0.999797 0.020156 -2.065549 1.550639 -0.474814 -0.880086 0.020156 0.999797 0.000647 0.258680 -0.472271 40.563337 200.000000 40.563337 0.000187 0.074775 -0.881453 -32.666511 200.000000 -32.666511 0.458837 183.534951 -0.047582 27.127825 200.000000 27.127825 0.000086 0.034560 0.998867 -22.379130 200.000000 -22.379130
 64.600000 -0.914098 -0.405493 0.999170 -0.040726 -1.988315 1.611533 -0.405493 -0.914098 -0.040726 0.999170 0.445926 178.370499 -0.472271 40.563337 200.000000 40.563337 0.106567 42.626859 -0.881453 -32.666511 200.000000 -32.666511 0.004701 1.880202 -0.047582 27.127825 200.000000 27.127825 0.000009 0.003673 0.998867 -22.379130 200.000000 -22.379130
 64.800000 -0.848326 -0.529475 0.988432 -0.151666 -2.128778 1.723050 -0.529475 -0.848326 -0.151666 0.988432 0.327228 130.891071 -0.472271 40.563337 200.000000 40.563337 0.109745 43.897926 -0.881453 -32.666511 200.000000 -32.666511 1.083353 433.341123 -0.047582 27.127825 200.000000 27.127825 0.010890 4.356038 0.998867 -22.379130 200.000000 -22.379130
 65.000000 -0.876606 -0.481208 0.999891 0.014752 -2.072829 1.556044 -0.481208 -0.876606 0.014752 0.999891 0.007987 3.194919 -0.472271 40.563337 200.000000 40.563337 0.002349 0.939756 -0.881453 -32.666511 200.000000 -32.666511 0.388554 155.421562 -0.047582 27.127825 200.000000 27.127825 0.000105 0.041930 0.998867 -22.379130 200.000000 -22.379130
 65.200000 -0.893119 -0.449821 0.995505 -0.094712 -2.037361 1.665650 -0.449821 -0.893119 -0.094712 0.995505 0.050400 20.159989 -0.472271 40.563337 200.000000 40.563337 0.013608 5.443168 -0.881453 -32.666511 200.000000 -32.666511 0.222124 88.849470 -0.047582 27.127825 200.000000 27.127825 0.001131 0.452288 0.998867 -22.379130 200.000000 -22.379130
 65.400000 -0.835813 -0.549014 0.993424 -0.114492 -2.151980 1.685540 -0.549014 -0.835813 -0.114492 0.993424 0.588942 235.576932 -0.472271 40.563337 200.000000 40.563337 0.208301 83.320318 -0.881453 -32.666511 200.000000 -32.666511 0.447695 179.077881 -0.047582 27.127825 200.000000 27.127825 0.002963 1.185119 0.998867 -22.379130 200.000000 -22.379130
 65.600000 -0.857509 -0.514470 0.997808 -0.066172 -2.111185 1.637017 -0.514470 -0.857509 -0.066172 0.997808 0.178071 71.228578 -0.472271 40.563337 200.000000 40.563337 0.057335 22.934018 -0.881453 -32.666511 200.000000 -32.666511 0.034559 13.823750 -0.047582 27.127825 200.000000 27.127825 0.000112 0.044869 0.998867 -22.379130 200.000000 -22.379130
 65.800000 -0.882174 -0.470924 0.999822 0.018889 -2.061135 1.551907 -0.470924 -0.882174 0.018889 0.999822 0.000181 0.072554 -0.472271 40.563337 200.000000 40.563337 0.000052 0.020752 -0.881453 -32.666511 200.000000 -32.666511 0.441833 176.733120 -0.047582 27.127825 200.000000 27.127825 0.000091 0.036424 0.998867 -22.379130 200.000000 -22.379130
 66.000000 -0.857083 -0.515178 0.998922 -0.046426 -2.112011 1.617239 -0.515178 -0.857083 -0.046426 0.998922 0.184098 73.639123 -0.472271 40.563337 200.000000 40.563337 0.059390 23.755818 -0.881453 -32.666511 200.000000 -32.666511 0.000134 0.053447 -0.047582 27.127825 200.000000 27.127825 0.000000 0.000118 0.998867 -22.379130 200.000000 -22.379130
 66.200000 -0.911183 -0.412002 0.992025 -0.126038 -1.995447 1.697170 -0.412002 -0.911183 -0.126038 0.992025 0.363233 145.293350 -0.472271 40.563337 200.000000 40.563337 0.088384 35.353665 -0.881453 -32.666511 200.000000 -32.666511 0.615533 246.213097 -0.047582 27.127825 200.000000 27.127825 0.004681 1.872464 0.998867 -22.379130 200.000000 -22.379130
 66.400000 -0.888473 -0.458929 0.999958 -0.009147 -2.047586 1.579943 -0.458929 -0.888473 -0.009147 0.999958 0.017801 7.120347 -0.472271 40.563337 200.000000 40.563337 0.004927 1.970956 -0.881453 -32.666511 200.000000 -32.666511 0.147724 59.089620 -0.047582 27.127825 200.000000 27.127825 0.000119 0.047596 0.998867 -22.379130 200.000000 -22.379130
 66.600000 -0.886629 -0.462481 0.996054 -0.088754 -2.051587 1.659667 -0.462481 -0.886629 -0.088754 0.996054 0.009585 3.834102 -0.472271 40.563337 200.000000 40.563337 0.002679 1.071645 -0.881453 -32.666511 200.000000 -32.666511 0.169511 67.804363 -0.047582 27.127825 200.000000 27.127825 0.000792 0.316683 0.998867 -22.379130 200.000000 -22.379130
 66.800000 -0.905388 -0.424586 0.998379 -0.056923 -2.009301 1.627750 -0.424586 -0.905388 -0.056923 0.998379 0.227389 90.955565 -0.472271 40.563337 200.000000 40.563337 0.057285 22.914145 -0.881453 -32.666511 200.000000 -32.666511 0.008725 3.490049 -0.047582 27.127825 200.000000 27.127825 0.000024 0.009555 0.998867 -22.379130 200.000000 -22.379130
 67.000000 -0.877803 -0.479022 0.999713 -0.023971 -2.070337 1.594769 -0.479022 -0.877803 -0.023971 0.999713 0.004558 1.823206 -0.472271 40.563337 200.000000 40.563337 0.001333 0.533098 -0.881453 -32.666511 200.000000 -32.666511 0.055749 22.299473 -0.047582 27.127825 200.000000 27.127825 0.000071 0.028583 0.998867 -22.379130 200.000000 -22.379130
 67.200000 -0.894667 -0.446733 0.997133 -0.075671 -2.033907 1.646540 -0.446733 -0.894667 -0.075671 0.997133 0.065218 26.087119 -0.472271 40.563337 200.000000 40.563337 0.017460 6.984196 -0.881453 -32.666511 200.000000 -32.666511 0.078902 31.560882 -0.047582 27.127825 200.000000 27.127825 0.000301 0.120344 0.998867 -22.379130 200.000000 -22.379130
 67.400000 -0.895217 -0.445631 0.999454 -0.033028 -2.032675 1.603830 -0.445631 -0.895217 -0.033028 0.999454 0.070970 28.388139 -0.472271 40.563337 200.000000 40.563337 0.018943 7.577323 -0.881453 -32.666511 200.000000 -32.666511 0.021182 8.472653 -0.047582 27.127825 200.000000 27.127825 0.000034 0.013787 0.998867 -22.379130 200.000000 -22.379130
 67.600000 -0.879663 -0.475598 0.997785 -0.066517 -2.066440 1.637363 -0.475598 -0.879663 -0.066517 0.997785 0.001107 0.442833 -0.472271 40.563337 200.000000 40.563337 0.000321 0.128281 -0.881453 -32.666511 200.000000 -32.666511 0.035856 14.342247 -0.047582 27.127825 200.000000 27.127825 0.000117 0.046836 0.998867 -22.379130 200.000000 -22.379130
 67.800000 -0.895317 -0.445429 0.999650 -0.026444 -2.032449 1.597243 -0.445429 -0.895317 -0.026444 0.999650 0.072051 28.820281 -0.472271 40.563337 200.000000 40.563337 0.019221 7.688414 -0.881453 -32.666511 200.000000 -32.666511 0.044682 17.872919 -0.047582 27.127825 200.000000 27.127825 0.000061 0.024521 0.998867 -22.379130 200.000000 -22.379130
 68.000000 -0.891251 -0.453510 0.996083 -0.088423 -2.041497 1.659335 -0.453510 -0.891251 -0.088423 0.996083 0.035196 14.078420 -0.472271 40.563337 200.000000 40.563337 0.009599 3.839709 -0.881453 -32.666511 200.000000 -32.666511 0.166798 66.719084 -0.047582 27.127825 200.000000 27.127825 0.000775 0.310094 0.998867 -22.379130 200.000000 -22.379130
 68.200000 -0.867361 -0.497680 0.999992 -0.004073 -2.091718 1.574869 -0.497680 -0.867361 -0.004073 0.999992 0.064562 25.824630 -0.472271 40.563337 200.000000 40.563337 0.019860 7.944134 -0.881453 -32.666511 200.000000 -32.666511 0.189304 75.721489 -0.047582 27.127825 200.000000 27.127825 0.000126 0.050568 0.998867 -22.379130 200.000000 -22.379130
 68.400000 -0.893817 -0.448431 0.999396 -0.034745 -2.035806 1.605548 -0.448431 -0.893817 -0.034745 0.999396 0.056833 22.733194 -0.472271 40.563337 200.000000 40.563337 0.015287 6.114627 -0.881453 -32.666511 200.000000 -32.666511 0.016479 6.591634 -0.047582 27.127825 200.000000 27.127825 0.000028 0.011188 0.998867 -22.379130 200.000000 -22.379130
 68.600000 -0.883428 -0.468567 0.996300 -0.085942 -2.058464 1.656844 -0.468567 -0.883428 -0.085942 0.996300 0.001372 0.548776 -0.472271 40.563337 200.000000 40.563337 0.000390 0.155953 -0.881453 -32.666511 200.000000 -32.666511 0.147149 58.859553 -0.047582 27.127825 200.000000 27.127825 0.000659 0.263618 0.998867 -22.379130 200.000000 -22.379130
 68.800000 -0.840679 -0.541534 0.999085 -0.042767 -2.143057 1.613576 -0.541534 -0.840679 -0.042767 0.999085 0.479731 191.892334 -0.472271 40.563337 200.000000 40.563337 0.166254 66.501767 -0.881453 -32.666511 200.000000 -32.666511 0.002318 0.927334 -0.047582 27.127825 200.000000 27.127825 0.000005 0.001896 0.998867 -22.379130 200.000000 -22.379130
 69.000000 -0.901816 -0.432119 0.996961 -0.077899 -2.017638 1.648774 -0.432119 -0.901816 -0.077899 0.996961 0.161216 64.486539 -0.472271 40.563337 200.000000 40.563337 0.041465 16.586198 -0.881453 -32.666511 200.000000 -32.666511 0.091912 36.764843 -0.047582 27.127825 200.000000 27.127825 0.000363 0.145325 0.998867 -22.379130 200.000000 -22.379130
 69.200000 -0.910265 -0.414027 0.993141 -0.116926 -1.997669 1.687990 -0.414027 -0.910265 -0.116926 0.993141 0.339243 135.697013 -0.472271 40.563337 200.000000 40.563337 0.083010 33.203973 -0.881453 -32.666511 200.000000 -32.666511 0.480856 192.342425 -0.047582 27.127825 200.000000 27.127825 0.003279 1.311792 0.998867 -22.379130 200.000000 -22.379130
 69.400000 -0.879109 -0.476620 0.994298 -0.106634 -2.067603 1.677633 -0.476620 -0.879109 -0.106634 0.994298 0.001892 0.756645 -0.472271 40.563337 200.000000 40.563337 0.000549 0.219797 -0.881453 -32.666511 200.000000 -32.666511 0.348713 139.485263 -0.047582 27.127825 200.000000 27.127825 0.002088 0.835024 0.998867 -22.379130 200.000000 -22.379130
 69.600000 -0.914666 -0.404211 0.999866 -0.016398 -1.986913 1.587195 -0.404211 -0.914666 -0.016398 0.999866 0.463211 185.284231 -0.472271 40.563337 200.000000 40.563337 0.110305 44.121966 -0.881453 -32.666511 200.000000 -32.666511 0.097245 38.898112 -0.047582 27.127825 200.000000 27.127825 0.000100 0.039857 0.998867 -22.379130 200.000000 -22.379130
 69.800000 -0.904377 -0.426735 0.991716 -0.128451 -2.011676 1.699604 -0.426735 -0.904377 -0.128451 0.991716 0.207353 82.941104 -0.472271 40.563337 200.000000 40.563337 0.052548 21.019137 -0.881453 -32.666511 200.000000 -32.666511 0.653989 261.595518 -0.047582 27.127825 200.000000 27.127825 0.005114 2.045784 0.998867 -22.379130 200.000000 -22.379130
 70.000000 -0.847617 -0.530608 0.999700 -0.024488 -2.130114 1.595287 -0.530608 -0.847617 -0.024488 0.999700 0.340320 136.128107 -0.472271 40.563337 200.000000 40.563337 0.114488 45.795151 -0.881453 -32.666511 200.000000 -32.666511 0.053334 21.333661 -0.047582 27.127825 200.000000 27.127825 0.000069 0.027742 0.998867 -22.379130 200.000000 -22.379130
 70.200000 -0.902339 -0.431027 0.999715 -0.023860 -2.016427 1.594659 -0.431027 -0.902339 -0.023860 0.999715 0.170107 68.042640 -0.472271 40.563337 200.000000 40.563337 0.043621 17.448368 -0.881453 -32.666511 200.000000 -32.666511 0.056272 22.508732 -0.047582 27.127825 200.000000 27.127825 0.000072 0.028762 0.998867 -22.379130 200.000000 -22.379130
 70.400000 -0.915896 -0.401416 0.996973 -0.077744 -1.983859 1.648619 -0.401416 -0.915896 -0.077744 0.996973 0.502039 200.815530 -0.472271 40.563337 200.000000 40.563337 0.118627 47.450921 -0.881453 -32.666511 200.000000 -32.666511 0.090973 36.389311 -0.047582 27.127825 200.000000 27.127825 0.000359 0.143483 0.998867 -22.379130 200.000000 -22.379130
 70.600000 -0.877501 -0.479576 0.999938 -0.011145 -2.070967 1.581941 -0.479576 -0.877501 -0.011145 0.999938 0.005336 2.134240 -0.472271 40.563337 200.000000 40.563337 0.001562 0.624983 -0.881453 -32.666511 200.000000 -32.666511 0.132767 53.106724 -0.047582 27.127825 200.000000 27.127825 0.000115 0.045844 0.998867 -22.379130 200.000000 -22.379130
 70.800000 -0.926389 -0.376567 0.999997 0.002259 -1.956884 1.568538 -0.376567 -0.926389 0.002259 0.999997 0.915922 366.368648 -0.472271 40.563337 200.000000 40.563337 0.201924 80.769435 -0.881453 -32.666511 200.000000 -32.666511 0.248407 99.362823 -0.047582 27.127825 200.000000 27.127825 0.000128 0.051086 0.998867 -22.379130 200.000000 -22.379130
 71.000000 -0.875700 -0.482855 0.994863 -0.101231 -2.074708 1.672201 -0.482855 -0.875700 -0.101231 0.994863 0.011202 4.480676 -0.472271 40.563337 200.000000 40.563337 0.003310 1.323870 -0.881453 -32.666511 200.000000 -32.666511 0.287824 115.129767 -0.047582 27.127825 200.000000 27.127825 0.001604 0.641412 0.998867 -22.379130 200.000000 -22.379130
 71.200000 -0.860878 -0.508811 0.999638 0.026894 -2.104600 1.543899 -0.508811 -0.860878 0.026894 0.999638 0.133519 53.407574 -0.472271 40.563337 200.000000 40.563337 0.042334 16.933716 -0.881453 -32.666511 200.000000 -32.666511 0.554668 221.867273 -0.047582 27.127825 200.000000 27.127825 0.000059 0.023774 0.998867 -22.379130 200.000000 -22.379130
 71.400000 -0.843650 -0.536894 0.994877 -0.101088 -2.137547 1.672058 -0.536894 -0.843650 -0.101088 0.994877 0.417608 167.043370 -0.472271 40.563337 200.000000 40.563337 0.142910 57.164080 -0.881453 -32.666511 200.000000 -32.666511 0.286295 114.518134 -0.047582 27.127825 200.000000 27.127825 0.001592 0.636772 0.998867 -22.379130 200.000000 -22.379130
 71.600000 -0.874393 -0.485219 0.999775 -0.021230 -2.077409 1.592028 -0.485219 -0.874393 -0.021230 0.999775 0.016764 6.705514 -0.472271 40.563337 200.000000 40.563337 0.004985 1.994010 -0.881453 -32.666511 200.000000 -32.666511 0.069440 27.776145 -0.047582 27.127825 200.000000 27.127825 0.000082 0.032926 0.998867 -22.379130 200.000000 -22.379130
 71.800000 -0.856039 -0.516912 0.998215 -0.059715 -2.114036 1.630547 -0.516912 -0.856039 -0.059715 0.998215 0.199280 79.712144 -0.472271 40.563337 200.000000 40.563337 0.064591 25.836409 -0.881453 -32.666511 200.000000 -32.666511 0.014721 5.888297 -0.047582 27.127825 200.000000 27.127825 0.000042 0.016997 0.998867 -22.379130 200.000000 -22.379130
 72.000000 -0.860896 -0.508780 0.999628 -0.027274 -2.104564 1.598073 -0.508780 -0.860896 -0.027274 0.999628 0.133291 53.316559 -0.472271 40.563337 200.000000 40.563337 0.042259 16.903428 -0.881453 -32.666511 200.000000 -32.666511 0.041243 16.497266 -0.047582 27.127825 200.000000 27.127825 0.000058 0.023145 0.998867 -22.379130 200.000000 -22.379130
 72.200000 -0.836986 -0.547225 0.999491 -0.031889 -2.149841 1.602690 -0.547225 -0.836986 -0.031889 0.999491 0.561804 224.721634 -0.472271 40.563337 200.000000 40.563337 0.197737 79.094705 -0.881453 -32.666511 200.000000 -32.666511 0.024628 9.851140 -0.047582 27.127825 200.000000 27.127825 0.000039 0.015579 0.998867 -22.379130 200.000000 -22.379130
 72.400000 -0.836046 -0.548660 0.999665 -0.025894 -2.151556 1.596694 -0.548660 -0.836046 -0.025894 0.999665 0.583521 233.408395 -0.472271 40.563337 200.000000 40.563337 0.206184 82.473783 -0.881453 -32.666511 200.000000 -32.666511 0.047034 18.813772 -0.047582 27.127825 200.000000 27.127825 0.000064 0.025430 0.998867 -22.379130 200.000000 -22.379130
 72.600000 -0.882897 -0.469567 0.998615 -0.052619 -2.059596 1.623440 -0.469567 -0.882897 -0.052619 0.998615 0.000731 0.292513 -0.472271 40.563337 200.000000 40.563337 0.000208 0.083354 -0.881453 -32.666511 200.000000 -32.666511 0.002537 1.014940 -0.047582 27.127825 200.000000 27.127825 0.000006 0.002554 0.998867 -22.379130 200.000000 -22.379130
 72.800000 -0.867721 -0.497051 0.998974 -0.045298 -2.090993 1.616110 -0.497051 -0.867721 -0.045298 0.998974 0.061404 24.561420 -0.472271 40.563337 200.000000 40.563337 0.018857 7.542635 -0.881453 -32.666511 200.000000 -32.666511 0.000522 0.208640 -0.047582 27.127825 200.000000 27.127825 0.000001 0.000451 0.998867 -22.379130 200.000000 -22.379130
 73.000000 -0.908982 -0.416836 0.999265 -0.038339 -2.000758 1.609145 -0.416836 -0.908982 -0.038339 0.999265 0.307303 122.921086 -0.472271 40.563337 200.000000 40.563337 0.075781 30.312209 -0.881453 -32.666511 200.000000 -32.666511 0.008543 3.417045 -0.047582 27.127825 200.000000 27.127825 0.000016 0.006318 0.998867 -22.379130 200.000000 -22.379130
 73.200000 -0.925429 -0.378922 0.989575 -0.144017 -1.959428 1.715316 -0.378922 -0.925429 -0.144017 0.989575 0.871404 348.561579 -0.472271 40.563337 200.000000 40.563337 0.193382 77.352824 -0.881453 -32.666511 200.000000 -32.666511 0.929970 371.988021 -0.047582 27.127825 200.000000 27.127825 0.008634 3.453730 0.998867 -22.379130 200.000000 -22.379130
 73.400000 -0.832013 -0.554756 0.989379 -0.145360 -2.158866 1.716673 -0.554756 -0.832013 -0.145360 0.989379 0.680370 272.148195 -0.472271 40.563337 200.000000 40.563337 0.244432 97.772702 -0.881453 -32.666511 200.000000 -32.666511 0.956058 382.423386 -0.047582 27.127825 200.000000 27.127825 0.009003 3.601289 0.998867 -22.379130 200.000000 -22.379130
 73.600000 -0.895037 -0.445992 0.997039 -0.076897 -2.033079 1.647770 -0.445992 -0.895037 -0.076897 0.997039 0.069059 27.623758 -0.472271 40.563337 200.000000 40.563337 0.018451 7.380592 -0.881453 -32.666511 200.000000 -32.666511 0.085940 34.375993 -0.047582 27.127825 200.000000 27.127825 0.000334 0.133712 0.998867 -22.379130 200.000000 -22.379130
 73.800000 -0.907901 -0.419185 0.998805 -0.048872 -2.003344 1.619688 -0.419185 -0.907901 -0.048872 0.998805 0.281815 112.726049 -0.472271 40.563337 200.000000 40.563337 0.069947 27.978944 -0.881453 -32.666511 200.000000 -32.666511 0.000166 0.066585 -0.047582 27.127825 200.000000 27.127825 0.000000 0.000155 0.998867 -22.379130 200.000000 -22.379130
 74.000000 -0.885542 -0.464559 0.996301 -0.085933 -2.053933 1.656835 -0.464559 -0.885542 -0.085933 0.996301 0.005947 2.378832 -0.472271 40.563337 200.000000 40.563337 0.001672 0.668675 -0.881453 -32.666511 200.000000 -32.666511 0.147080 58.832095 -0.047582 27.127825 200.000000 27.127825 0.000659 0.263460 0.998867 -22.379130 200.000000 -22.379130
 74.200000 -0.916706 -0.399561 0.998926 0.046334 -1.981835 1.524445 -0.399561 -0.916706 0.046334 0.998926 0.528671 211.468395 -0.472271 40.563337 200.000000 40.563337 0.124278 49.711272 -0.881453 -32.666511 200.000000 -32.666511 0.882029 352.811445 -0.047582 27.127825 200.000000 27.127825 0.000000 0.000138 0.998867 -22.379130 200.000000 -22.379130
 74.400000 -0.862425 -0.506185 0.996145 -0.087724 -2.101552 1.658633 -0.506185 -0.862425 -0.087724 0.996145 0.115017 46.006870 -0.472271 40.563337 200.000000 40.563337 0.036209 14.483493 -0.881453 -32.666511 200.000000 -32.666511 0.161137 64.454827 -0.047582 27.127825 200.000000 27.127825 0.000741 0.296481 0.998867 -22.379130 200.000000 -22.379130
 74.600000 -0.906459 -0.422295 0.992878 -0.119137 -2.006772 1.690217 -0.422295 -0.906459 -0.119137 0.992878 0.249765 99.905923 -0.472271 40.563337 200.000000 40.563337 0.062526 25.010560 -0.881453 -32.666511 200.000000 -32.666511 0.512017 204.806828 -0.047582 27.127825 200.000000 27.127825 0.003587 1.434988 0.998867 -22.379130 200.000000 -22.379130
 74.800000 -0.879092 -0.476652 0.995991 0.089453 -2.067638 1.481223 -0.476652 -0.879092 0.089453 0.995991 0.001919 0.767660 -0.472271 40.563337 200.000000 40.563337 0.000558 0.223016 -0.881453 -32.666511 200.000000 -32.666511 1.877865 751.146117 -0.047582 27.127825 200.000000 27.127825 0.000827 0.330929 0.998867 -22.379130 200.000000 -22.379130
 75.000000 -0.871483 -0.490426 0.998950 -0.045812 -2.083375 1.616624 -0.490426 -0.871483 -0.045812 0.998950 0.032960 13.183948 -0.472271 40.563337 200.000000 40.563337 0.009941 3.976422 -0.881453 -32.666511 200.000000 -32.666511 0.000313 0.125331 -0.047582 27.127825 200.000000 27.127825 0.000001 0.000274 0.998867 -22.379130 200.000000 -22.379130
 75.200000 -0.879695 -0.475539 0.999988 0.004877 -2.066373 1.565920 -0.475539 -0.879695 0.004877 0.999988 0.001068 0.427186 -0.472271 40.563337 200.000000 40.563337 0.000309 0.123728 -0.881453 -32.666511 200.000000 -32.666511 0.275189 110.075602 -0.047582 27.127825 200.000000 27.127825 0.000126 0.050245 0.998867 -22.379130 200.000000 -22.379130
 75.400000 -0.878042 -0.478584 0.997703 -0.067736 -2.069838 1.638585 -0.478584 -0.878042 -0.067736 0.997703 0.003985 1.594183 -0.472271 40.563337 200.000000 40.563337 0.001164 0.465576 -0.881453 -32.666511 200.000000 -32.666511 0.040620 16.248027 -0.047582 27.127825 200.000000 27.127825 0.000136 0.054204 0.998867 -22.379130 200.000000 -22.379130
 75.600000 -0.896859 -0.442318 0.998580 -0.053271 -2.028977 1.624093 -0.442318 -0.896859 -0.053271 0.998580 0.089722 35.888663 -0.472271 40.563337 200.000000 40.563337 0.023732 9.492770 -0.881453 -32.666511 200.000000 -32.666511 0.003237 1.294605 -0.047582 27.127825 200.000000 27.127825 0.000008 0.003300 0.998867 -22.379130 200.000000 -22.379130
 75.800000 -0.863219 -0.504830 0.997492 -0.070784 -2.099982 1.641639 -0.504830 -0.863219 -0.070784 0.997492 0.106010 42.403851 -0.472271 40.563337 200.000000 40.563337 0.033250 13.300160 -0.881453 -32.666511 200.000000 -32.666511 0.053831 21.532554 -0.047582 27.127825 200.000000 27.127825 0.000189 0.075695 0.998867 -22.379130 200.000000 -22.379130
 76.000000 -0.891899 -0.452234 0.993877 -0.110488 -2.040065 1.681511 -0.452234 -0.891899 -0.110488 0.993877 0.040148 16.059383 -0.472271 40.563337 200.000000 40.563337 0.010912 4.364728 -0.881453 -32.666511 200.000000 -32.666511 0.395722 158.288910 -0.047582 27.127825 200.000000 27.127825 0.002490 0.995973 0.998867 -22.379130 200.000000 -22.379130
 76.200000 -0.907136 -0.420837 0.990480 -0.137659 -2.005164 1.708894 -0.420837 -0.907136 -0.137659 0.990480 0.264546 105.818359 -0.472271 40.563337 200.000000 40.563337 0.065961 26.384428 -0.881453 -32.666511 200.000000 -32.666511 0.811391 324.556575 -0.047582 27.127825 200.000000 27.127825 0.007035 2.814129 0.998867 -22.379130 200.000000 -22.379130
 76.400000 -0.886285 -0.463140 0.995408 -0.095724 -2.052332 1.666667 -0.463140 -0.886285 -0.095724 0.995408 0.008337 3.334795 -0.472271 40.563337 200.000000 40.563337 0.002334 0.933767 -0.881453 -32.666511 200.000000 -32.666511 0.231767 92.706989 -0.047582 27.127825 200.000000 27.127825 0.001197 0.478709 0.998867 -22.379130 200.000000 -22.379130
 76.600000 -0.855967 -0.517031 0.993696 -0.112112 -2.114175 1.683144 -0.517031 -0.855967 -0.112112 0.993696 0.200341 80.136403 -0.472271 40.563337 200.000000 40.563337 0.064956 25.982294 -0.881453 -32.666511 200.000000 -32.666511 0.416409 166.563538 -0.047582 27.127825 200.000000 27.127825 0.002675 1.069869 0.998867 -22.379130 200.000000 -22.379130
 76.800000 -0.913530 -0.406772 0.999854 -0.017085 -1.989715 1.587882 -0.406772 -0.913530 -0.017085 0.999854 0.429007 171.602810 -0.472271 40.563337 200.000000 40.563337 0.102888 41.155182 -0.881453 -32.666511 200.000000 -32.666511 0.093005 37.202126 -0.047582 27.127825 200.000000 27.127825 0.000097 0.038943 0.998867 -22.379130 200.000000 -22.379130
 77.000000 -0.881874 -0.471484 0.999976 -0.006918 -2.061769 1.577714 -0.471484 -0.881874 -0.006918 0.999976 0.000062 0.024760 -0.472271 40.563337 200.000000 40.563337 0.000018 0.007092 -0.881453 -32.666511 200.000000 -32.666511 0.165359 66.143594 -0.047582 27.127825 200.000000 27.127825 0.000123 0.049172 0.998867 -22.379130 200.000000 -22.379130
 77.200000 -0.914341 -0.404945 0.999508 0.031360 -1.987715 1.539432 -0.404945 -0.914341 0.031360 0.999508 0.453278 181.311388 -0.472271 40.563337 200.000000 40.563337 0.108160 43.263849 -0.881453 -32.666511 200.000000 -32.666511 0.623175 249.270156 -0.047582 27.127825 200.000000 27.127825 0.000041 0.016426 0.998867 -22.379130 200.000000 -22.379130
 77.400000 -0.917582 -0.397547 1.000000 0.000666 -1.979638 1.570130 -0.397547 -0.917582 0.000666 1.000000 0.558367 223.346856 -0.472271 40.563337 200.000000 40.563337 0.130526 52.210460 -0.881453 -32.666511 200.000000 -32.666511 0.232789 93.115572 -0.047582 27.127825 200.000000 27.127825 0.000128 0.051297 0.998867 -22.379130 200.000000 -22.379130
 77.600000 -0.859252 -0.511552 0.998933 -0.046193 -2.107787 1.617006 -0.511552 -0.859252 -0.046193 0.998933 0.154303 61.721160 -0.472271 40.563337 200.000000 40.563337 0.049290 19.715961 -0.881453 -32.666511 200.000000 -32.666511 0.000193 0.077148 -0.047582 27.127825 200.000000 27.127825 0.000000 0.000170 0.998867 -22.379130 200.000000 -22.379130
 77.800000 -0.832660 -0.553785 0.999998 0.001979 -2.157700 1.568817 -0.553785 -0.832660 0.001979 0.999998 0.664455 265.781980 -0.472271 40.563337 200.000000 40.563337 0.238083 95.233339 -0.881453 -32.666511 200.000000 -32.666511 0.245631 98.252320 -0.047582 27.127825 200.000000 27.127825 0.000128 0.051139 0.998867 -22.379130 200.000000 -22.379130
 78.000000 -0.878272 -0.478161 0.994961 -0.100262 -2.069356 1.671227 -0.478161 -0.878272 -0.100262 0.994961 0.003469 1.387755 -0.472271 40.563337 200.000000 40.563337 0.001012 0.404823 -0.881453 -32.666511 200.000000 -32.666511 0.277518 111.007286 -0.047582 27.127825 200.000000 27.127825 0.001526 0.610355 0.998867 -22.379130 200.000000 -22.379130
 78.200000 -0.884062 -0.467370 0.998559 0.053664 -2.057110 1.517106 -0.467370 -0.884062 0.053664 0.998559 0.002402 0.960929 -0.472271 40.563337 200.000000 40.563337 0.000680 0.272190 -0.881453 -32.666511 200.000000 -32.666511 1.025075 410.029972 -0.047582 27.127825 200.000000 27.127825 0.000010 0.003802 0.998867 -22.379130 200.000000 -22.379130
 78.400000 -0.898299 -0.439385 0.996762 -0.080410 -2.025711 1.651293 -0.439385 -0.898299 -0.080410 0.996762 0.108148 43.259029 -0.472271 40.563337 200.000000 40.563337 0.028377 11.350633 -0.881453 -32.666511 200.000000 -32.666511 0.107767 43.106921 -0.047582 27.127825 200.000000 27.127825 0.000443 0.177317 0.998867 -22.379130 200.000000 -22.379130
 78.600000 -0.923339 -0.383986 0.997529 -0.070261 -1.964906 1.641116 -0.383986 -0.923339 -0.070261 0.997529 0.779426 311.770432 -0.472271 40.563337 200.000000 40.563337 0.175440 70.176027 -0.881453 -32.666511 200.000000 -32.666511 0.051436 20.574372 -0.047582 27.127825 200.000000 27.127825 0.000179 0.071687 0.998867 -22.379130 200.000000 -22.379130
 78.800000 -0.873430 -0.486950 0.999584 -0.028837 -2.079391 1.599637 -0.486950 -0.873430 -0.028837 0.999584 0.021548 8.619040 -0.472271 40.563337 200.000000 40.563337 0.006438 2.575136 -0.881453 -32.666511 200.000000 -32.666511 0.035138 14.055080 -0.047582 27.127825 200.000000 27.127825 0.000051 0.020552 0.998867 -22.379130 200.000000 -22.379130
 79.000000 -0.891228 -0.453556 0.990113 -0.140272 -2.041547 1.711533 -0.453556 -0.891228 -0.140272 0.990113 0.035027 14.010663 -0.472271 40.563337 200.000000 40.563337 0.009554 3.821702 -0.881453 -32.666511 200.000000 -32.666511 0.859149 343.659595 -0.047582 27.127825 200.000000 27.127825 0.007664 3.065554 0.998867 -22.379130 200.000000 -22.379130
 79.200000 -0.912485 -0.409111 0.999209 -0.039772 -1.992276 1.610579 -0.409111 -0.912485 -0.039772 0.999209 0.398918 159.567064 -0.472271 40.563337 200.000000 40.563337 0.096294 38.517404 -0.881453 -32.666511 200.000000 -32.666511 0.006099 2.439795 -0.047582 27.127825 200.000000 27.127825 0.000012 0.004663 0.998867 -22.379130 200.000000 -22.379130
 79.400000 -0.918854 -0.394597 0.969821 -0.243816 -1.976426 1.817095 -0.394597 -0.918854 -0.243816 0.969821 0.603319 241.327626 -0.472271 40.563337 200.000000 40.563337 0.139881 55.952585 -0.881453 -32.666511 200.000000 -32.666511 3.850792 1540.316760 -0.047582 27.127825 200.000000 27.127825 0.084366 33.746565 0.998867 -22.379130 200.000000 -22.379130
 79.600000 -0.885472 -0.464692 0.998100 -0.061618 -2.054083 1.632454 -0.464692 -0.885472 -0.061618 0.998100 0.005744 2.297641 -0.472271 40.563337 200.000000 40.563337 0.001615 0.646087 -0.881453 -32.666511 200.000000 -32.666511 0.019702 7.880991 -0.047582 27.127825 200.000000 27.127825 0.000059 0.023566 0.998867 -22.379130 200.000000 -22.379130
 79.800000 -0.910598 -0.413293 0.999718 0.023751 -1.996864 1.547044 -0.413293 -0.910598 0.023751 0.999718 0.347843 139.137195 -0.472271 40.563337 200.000000 40.563337 0.084942 33.976771 -0.881453 -32.666511 200.000000 -32.666511 0.508832 203.532740 -0.047582 27.127825 200.000000 27.127825 0.000072 0.028939 0.998867 -22.379130 200.000000 -22.379130
 80.000000 -0.859772 -0.510677 0.998782 -0.049339 -2.106769 1.620155 -0.510677 -0.859772 -0.049339 0.998782 0.147504 59.001473 -0.472271 40.563337 200.000000 40.563337 0.047006 18.802433 -0.881453 -32.666511 200.000000 -32.666511 0.000309 0.123492 -0.047582 27.127825 200.000000 27.127825 0.000001 0.000291 0.998867 -22.379130 200.000000 -22.379130
 80.200000 -0.895419 -0.445223 0.997967 0.063731 -2.032220 1.507022 -0.445223 -0.895419 0.063731 0.997967 0.073157 29.262866 -0.472271 40.563337 200.000000 40.563337 0.019505 7.802094 -0.881453 -32.666511 200.000000 -32.666511 1.239057 495.622772 -0.047582 27.127825 200.000000 27.127825 0.000081 0.032416 0.998867 -22.379130 200.000000 -22.379130
 80.400000 -0.909842 -0.414955 0.999951 0.009929 -1.998690 1.560867 -0.414955 -0.909842 0.009929 0.999951 0.328510 131.404070 -0.472271 40.563337 200.000000 40.563337 0.080590 32.236164 -0.881453 -32.666511 200.000000 -32.666511 0.330755 132.301825 -0.047582 27.127825 200.000000 27.127825 0.000117 0.046947 0.998867 -22.379130 200.000000 -22.379130
 80.600000 -0.860714 -0.509088 0.998766 -0.049662 -2.104922 1.620479 -0.509088 -0.860714 -0.049662 0.998766 0.135551 54.220465 -0.472271 40.563337 200.000000 40.563337 0.043011 17.204401 -0.881453 -32.666511 200.000000 -32.666511 0.000433 0.173103 -0.047582 27.127825 200.000000 27.127825 0.000001 0.000410 0.998867 -22.379130 200.000000 -22.379130
 80.800000 -0.892384 -0.451276 0.999393 0.034836 -2.038992 1.535953 -0.451276 -0.892384 0.034836 0.999393 0.044077 17.630934 -0.472271 40.563337 200.000000 40.563337 0.011948 4.779321 -0.881453 -32.666511 200.000000 -32.666511 0.679275 271.709973 -0.047582 27.127825 200.000000 27.127825 0.000028 0.011054 0.998867 -22.379130 200.000000 -22.379130
 81.000000 -0.884978 -0.465633 0.997857 -0.065438 -2.055147 1.636282 -0.465633 -0.884978 -0.065438 0.997857 0.004406 1.762354 -0.472271 40.563337 200.000000 40.563337 0.001242 0.496840 -0.881453 -32.666511 200.000000 -32.666511 0.031885 12.754166 -0.047582 27.127825 200.000000 27.127825 0.000102 0.040863 0.998867 -22.379130 200.000000 -22.379130
 81.200000 -0.865006 -0.501761 0.992286 -0.123970 -2.096430 1.695086 -0.501761 -0.865006 -0.123970 0.992286 0.086965 34.786115 -0.472271 40.563337 200.000000 40.563337 0.027050 10.820200 -0.881453 -32.666511 200.000000 -32.666511 0.583515 233.406072 -0.047582 27.127825 200.000000 27.127825 0.004331 1.732584 0.998867 -22.379130 200.000000 -22.379130
 81.400000 -0.886655 -0.462431 0.997630 -0.068810 -2.051531 1.639660 -0.462431 -0.886655 -0.068810 0.997630 0.009683 3.873046 -0.472271 40.563337 200.000000 40.563337 0.002706 1.082384 -0.881453 -32.666511 200.000000 -32.666511 0.045062 18.024846 -0.047582 27.127825 200.000000 27.127825 0.000153 0.061260 0.998867 -22.379130 200.000000 -22.379130
 81.600000 -0.848547 -0.529120 0.998994 -0.044840 -2.128360 1.615651 -0.529120 -0.848547 -0.044840 0.998994 0.323185 129.273813 -0.472271 40.563337 200.000000 40.563337 0.108284 43.313778 -0.881453 -32.666511 200.000000 -32.666511 0.000752 0.300717 -0.047582 27.127825 200.000000 27.127825 0.000002 0.000644 0.998867 -22.379130 200.000000 -22.379130
 81.800000 -0.886691 -0.462362 0.997167 -0.075216 -2.051454 1.646083 -0.462362 -0.886691 -0.075216 0.997167 0.009819 3.927493 -0.472271 40.563337 200.000000 40.563337 0.002743 1.097393 -0.881453 -32.666511 200.000000 -32.666511 0.076364 30.545600 -0.047582 27.127825 200.000000 27.127825 0.000289 0.115610 0.998867 -22.379130 200.000000 -22.379130
 82.000000 -0.848753 -0.528789 0.999971 -0.007629 -2.127970 1.578425 -0.528789 -0.848753 -0.007629 0.999971 0.319430 127.771927 -0.472271 40.563337 200.000000 40.563337 0.106930 42.772043 -0.881453 -32.666511 200.000000 -32.666511 0.159623 63.849157 -0.047582 27.127825 200.000000 27.127825 0.000122 0.048714 0.998867 -22.379130 200.000000 -22.379130
 82.200000 -0.895027 -0.446012 0.996491 -0.083705 -2.033101 1.654599 -0.446012 -0.895027 -0.083705 0.996491 0.068954 27.581523 -0.472271 40.563337 200.000000 40.563337 0.018424 7.369714 -0.881453 -32.666511 200.000000 -32.666511 0.130484 52.193740 -0.047582 27.127825 200.000000 27.127825 0.000565 0.225952 0.998867 -22.379130 200.000000 -22.379130
 82.400000 -0.849615 -0.527404 0.993201 -0.116410 -2.126339 1.687471 -0.527404 -0.849615 -0.116410 0.993201 0.303966 121.586244 -0.472271 40.563337 200.000000 40.563337 0.101371 40.548435 -0.881453 -32.666511 200.000000 -32.666511 0.473736 189.494291 -0.047582 27.127825 200.000000 27.127825 0.003211 1.284205 0.998867 -22.379130 200.000000 -22.379130
 82.600000 -0.892092 -0.451855 0.999590 -0.028634 -2.039640 1.599434 -0.451855 -0.892092 -0.028634 0.999590 0.041683 16.673068 -0.472271 40.563337 200.000000 40.563337 0.011317 4.526821 -0.881453 -32.666511 200.000000 -32.666511 0.035902 14.360721 -0.047582 27.127825 200.000000 27.127825 0.000052 0.020887 0.998867 -22.379130 200.000000 -22.379130
 82.800000 -0.887616 -0.460585 0.994928 -0.100588 -2.049450 1.671555 -0.460585 -0.887616 -0.100588 0.994928 0.013657 5.462723 -0.472271 40.563337 200.000000 40.563337 0.003797 1.518968 -0.881453 -32.666511 200.000000 -32.666511 0.280969 112.387776 -0.047582 27.127825 200.000000 27.127825 0.001552 0.620698 0.998867 -22.379130 200.000000 -22.379130
 83.000000 -0.868279 -0.496077 0.999997 -0.002620 -2.089871 1.573416 -0.496077 -0.868279 -0.002620 0.999997 0.056672 22.668922 -0.472271 40.563337 200.000000 40.563337 0.017358 6.943059 -0.881453 -32.666511 200.000000 -32.666511 0.202160 80.864021 -0.047582 27.127825 200.000000 27.127825 0.000128 0.051006 0.998867 -22.379130 200.000000 -22.379130
 83.200000 -0.878109 -0.478460 0.999951 -0.009923 -2.069696 1.580720 -0.478460 -0.878109 -0.009923 0.999951 0.003830 1.532134 -0.472271 40.563337 200.000000 40.563337 0.001118 0.447304 -0.881453 -32.666511 200.000000 -32.666511 0.141816 56.726485 -0.047582 27.127825 200.000000 27.127825 0.000117 0.046952 0.998867 -22.379130 200.000000 -22.379130
 83.400000 -0.808892 -0.587957 0.999194 -0.040154 -2.199327 1.610961 -0.587957 -0.808892 -0.040154 0.999194 1.338322 535.328833 -0.472271 40.563337 200.000000 40.563337 0.526512 210.604760 -0.881453 -32.666511 200.000000 -32.666511 0.005518 2.207201 -0.047582 27.127825 200.000000 27.127825 0.000011 0.004256 0.998867 -22.379130 200.000000 -22.379130
 83.600000 -0.872167 -0.489208 0.998243 0.059261 -2.081978 1.511501 -0.489208 -0.872167 0.059261 0.998243 0.028688 11.475018 -0.472271 40.563337 200.000000 40.563337 0.008624 3.449550 -0.881453 -32.666511 200.000000 -32.666511 1.141537 456.614694 -0.047582 27.127825 200.000000 27.127825 0.000039 0.015615 0.998867 -22.379130 200.000000 -22.379130
 83.800000 -0.900560 -0.434731 0.999648 -0.026514 -2.020536 1.597314 -0.434731 -0.900560 -0.026514 0.999648 0.140925 56.369957 -0.472271 40.563337 200.000000 40.563337 0.036508 14.603007 -0.881453 -32.666511 200.000000 -32.666511 0.044385 17.753997 -0.047582 27.127825 200.000000 27.127825 0.000061 0.024405 0.998867 -22.379130 200.000000 -22.379130
 84.000000 -0.928234 -0.371998 0.998762 -0.049738 -1.951957 1.620555 -0.371998 -0.928234 -0.049738 0.998762 1.005471 402.188267 -0.472271 40.563337 200.000000 40.563337 0.218839 87.535491 -0.881453 -32.666511 200.000000 -32.666511 0.000465 0.186001 -0.047582 27.127825 200.000000 27.127825 0.000001 0.000441 0.998867 -22.379130 200.000000 -22.379130
 84.200000 -0.866580 -0.499038 0.996851 -0.079297 -2.093284 1.650177 -0.499038 -0.866580 -0.079297 0.996851 0.071644 28.657711 -0.472271 40.563337 200.000000 40.563337 0.022121 8.848229 -0.881453 -32.666511 200.000000 -32.666511 0.100586 40.234578 -0.047582 27.127825 200.000000 27.127825 0.000407 0.162623 0.998867 -22.379130 200.000000 -22.379130
 84.400000 -0.914873 -0.403742 0.999782 -0.020877 -1.986399 1.591674 -0.403742 -0.914873 -0.020877 0.999782 0.469628 187.851375 -0.472271 40.563337 200.000000 40.563337 0.111688 44.675012 -0.881453 -32.666511 200.000000 -32.666511 0.071318 28.527100 -0.047582 27.127825 200.000000 27.127825 0.000084 0.033469 0.998867 -22.379130 200.000000 -22.379130
 84.600000 -0.888363 -0.459142 0.983254 -0.182238 -2.047825 1.754058 -0.459142 -0.888363 -0.182238 0.983254 0.017238 6.895156 -0.472271 40.563337 200.000000 40.563337 0.004774 1.909731 -0.881453 -32.666511 200.000000 -32.666511 1.813224 725.289420 -0.047582 27.127825 200.000000 27.127825 0.024376 9.750472 0.998867 -22.379130 200.000000 -22.379130
 84.800000 -0.871029 -0.491231 0.993198 -0.116439 -2.084299 1.687500 -0.491231 -0.871029 -0.116439 0.993198 0.035950 14.379854 -0.472271 40.563337 200.000000 40.563337 0.010867 4.346632 -0.881453 -32.666511 200.000000 -32.666511 0.474135 189.653996 -0.047582 27.127825 200.000000 27.127825 0.003214 1.285747 0.998867 -22.379130 200.000000 -22.379130
 85.000000 -0.929867 -0.367897 0.999701 -0.024433 -1.947543 1.595232 -0.367897 -0.929867 -0.024433 0.999701 1.089397 435.758974 -0.472271 40.563337 200.000000 40.563337 0.234384 93.753655 -0.881453 -32.666511 200.000000 -32.666511 0.053586 21.434357 -0.047582 27.127825 200.000000 27.127825 0.000070 0.027830 0.998867 -22.379130 200.000000 -22.379130
 85.200000 -0.850175 -0.526501 0.995802 -0.091538 -2.125276 1.662463 -0.526501 -0.850175 -0.091538 0.995802 0.294087 117.634949 -0.472271 40.563337 200.000000 40.563337 0.097836 39.134509 -0.881453 -32.666511 200.000000 -32.666511 0.193218 77.287141 -0.047582 27.127825 200.000000 27.127825 0.000940 0.375965 0.998867 -22.379130 200.000000 -22.379130
 85.400000 -0.908610 -0.417645 0.997552 -0.069929 -2.001649 1.640783 -0.417645 -0.908610 -0.069929 0.997552 0.298397 119.358684 -0.472271 40.563337 200.000000 40.563337 0.073749 29.499566 -0.881453 -32.666511 200.000000 -32.666511 0.049941 19.976380 -0.047582 27.127825 200.000000 27.127825 0.000173 0.069211 0.998867 -22.379130 200.000000 -22.379130
 85.600000 -0.925434 -0.378909 0.999060 0.043346 -1.959413 1.527436 -0.378909 -0.925434 0.043346 0.999060 0.871654 348.661483 -0.472271 40.563337 200.000000 40.563337 0.193430 77.372094 -0.881453 -32.666511 200.000000 -32.666511 0.826796 330.718322 -0.047582 27.127825 200.000000 27.127825 0.000004 0.001486 0.998867 -22.379130 200.000000 -22.379130
 85.800000 -0.857517 -0.514455 0.994572 -0.104054 -2.111169 1.675039 -0.514455 -0.857517 -0.104054 0.994572 0.177951 71.180402 -0.472271 40.563337 200.000000 40.563337 0.057294 22.917617 -0.881453 -32.666511 200.000000 -32.666511 0.318915 127.566015 -0.047582 27.127825 200.000000 27.127825 0.001845 0.738135 0.998867 -22.379130 200.000000 -22.379130
 86.000000 -0.894739 -0.446589 0.997095 -0.076170 -2.033746 1.647040 -0.446589 -0.894739 -0.076170 0.997095 0.065955 26.382122 -0.472271 40.563337 200.000000 40.563337 0.017651 7.060391 -0.881453 -32.666511 200.000000 -32.666511 0.081729 32.691644 -0.047582 27.127825 200.000000 27.127825 0.000314 0.125672 0.998867 -22.379130 200.000000 -22.379130
 86.200000 -0.931665 -0.363318 0.999278 -0.037986 -1.942623 1.608791 -0.363318 -0.931665 -0.037986 0.999278 1.187079 474.831563 -0.472271 40.563337 200.000000 40.563337 0.252123 100.849230 -0.881453 -32.666511 200.000000 -32.666511 0.009209 3.683632 -0.047582 27.127825 200.000000 27.127825 0.000017 0.006755 0.998867 -22.379130 200.000000 -22.379130
 86.400000 -0.853662 -0.520827 0.999927 -0.012114 -2.118616 1.582911 -0.520827 -0.853662 -0.012114 0.999927 0.235769 94.307662 -0.472271 40.563337 200.000000 40.563337 0.077235 30.894032 -0.881453 -32.666511 200.000000 -32.666511 0.125796 50.318353 -0.047582 27.127825 200.000000 27.127825 0.000112 0.044883 0.998867 -22.379130 200.000000 -22.379130
 86.600000 -0.878288 -0.478132 0.999998 0.002053 -2.069323 1.568743 -0.478132 -0.878288 0.002053 0.999998 0.003435 1.374125 -0.472271 40.563337 200.000000 40.563337 0.001002 0.400815 -0.881453 -32.666511 200.000000 -32.666511 0.246366 98.546298 -0.047582 27.127825 200.000000 27.127825 0.000128 0.051126 0.998867 -22.379130 200.000000 -22.379130
 86.800000 -0.883258 -0.468886 0.999337 -0.036407 -2.058826 1.607212 -0.468886 -0.883258 -0.036407 0.999337 0.001146 0.458242 -0.472271 40.563337 200.000000 40.563337 0.000326 0.130338 -0.881453 -32.666511 200.000000 -32.666511 0.012487 4.994914 -0.047582 27.127825 200.000000 27.127825 0.000022 0.008825 0.998867 -22.379130 200.000000 -22.379130
 87.000000 -0.878914 -0.476981 0.997228 0.074402 -2.068012 1.496326 -0.476981 -0.878914 0.074402 0.997228 0.002218 0.887197 -0.472271 40.563337 200.000000 40.563337 0.000645 0.257974 -0.881453 -32.666511 200.000000 -32.666511 1.488004 595.201624 -0.047582 27.127825 200.000000 27.127825 0.000269 0.107453 0.998867 -22.379130 200.000000 -22.379130
 87.200000 -0.908742 -0.417359 0.998688 -0.051201 -2.001333 1.622019 -0.417359 -0.908742 -0.051201 0.998688 0.301534 120.613505 -0.472271 40.563337 200.000000 40.563337 0.074465 29.786133 -0.881453 -32.666511 200.000000 -32.666511 0.001310 0.523833 -0.047582 27.127825 200.000000 27.127825 0.000003 0.001281 0.998867 -22.379130 200.000000 -22.379130
 87.400000 -0.905785 -0.423737 0.999982 0.006011 -2.008364 1.564786 -0.423737 -0.905785 0.006011 0.999982 0.235552 94.220926 -0.472271 40.563337 200.000000 40.563337 0.059203 23.681354 -0.881453 -32.666511 200.000000 -32.666511 0.287216 114.886239 -0.047582 27.127825 200.000000 27.127825 0.000124 0.049693 0.998867 -22.379130 200.000000 -22.379130
 87.600000 -0.891473 -0.453073 0.997790 -0.066452 -2.041006 1.637297 -0.453073 -0.891473 -0.066452 0.997790 0.036856 14.742499 -0.472271 40.563337 200.000000 40.563337 0.010040 4.016022 -0.881453 -32.666511 200.000000 -32.666511 0.035608 14.243162 -0.047582 27.127825 200.000000 27.127825 0.000116 0.046459 0.998867 -22.379130 200.000000 -22.379130
 87.800000 -0.861382 -0.507958 0.994190 -0.107638 -2.103609 1.678643 -0.507958 -0.861382 -0.107638 0.994190 0.127359 50.943665 -0.472271 40.563337 200.000000 40.563337 0.040288 16.115110 -0.881453 -32.666511 200.000000 -32.666511 0.360676 144.270365 -0.047582 27.127825 200.000000 27.127825 0.002188 0.875051 0.998867 -22.379130 200.000000 -22.379130
 88.000000 -0.910605 -0.413278 0.996913 -0.078512 -1.996847 1.649389 -0.413278 -0.910605 -0.078512 0.996913 0.348023 139.209018 -0.472271 40.563337 200.000000 40.563337 0.084982 33.992879 -0.881453 -32.666511 200.000000 -32.666511 0.095667 38.266933 -0.047582 27.127825 200.000000 27.127825 0.000382 0.152752 0.998867 -22.379130 200.000000 -22.379130
 88.200000 -0.844599 -0.535399 0.996495 -0.083651 -2.135776 1.654545 -0.535399 -0.844599 -0.083651 0.996495 0.398512 159.404839 -0.472271 40.563337 200.000000 40.563337 0.135822 54.328789 -0.881453 -32.666511 200.000000 -32.666511 0.130095 52.037926 -0.047582 27.127825 200.000000 27.127825 0.000563 0.225092 0.998867 -22.379130 200.000000 -22.379130
 88.400000 -0.885855 -0.463963 0.997359 -0.072636 -2.053260 1.643497 -0.463963 -0.885855 -0.072636 0.997359 0.006903 2.761104 -0.472271 40.563337 200.000000 40.563337 0.001937 0.774867 -0.881453 -32.666511 200.000000 -32.666511 0.062772 25.108668 -0.047582 27.127825 200.000000 27.127825 0.000228 0.091063 0.998867 -22.379130 200.000000 -22.379130
 88.600000 -0.920204 -0.391440 0.996048 -0.088814 -1.972992 1.659728 -0.391440 -0.920204 -0.088814 0.996048 0.653373 261.349259 -0.472271 40.563337 200.000000 40.563337 0.150160 60.063897 -0.881453 -32.666511 200.000000 -32.666511 0.170009 68.003748 -0.047582 27.127825 200.000000 27.127825 0.000795 0.317898 0.998867 -22.379130 200.000000 -22.379130
 88.800000 -0.823077 -0.567930 0.994883 -0.101029 -2.174785 1.671998 -0.567930 -0.823077 -0.101029 0.994883 0.915059 366.023739 -0.472271 40.563337 200.000000 40.563337 0.340780 136.312038 -0.881453 -32.666511 200.000000 -32.666511 0.285662 114.264787 -0.047582 27.127825 200.000000 27.127825 0.001587 0.634854 0.998867 -22.379130 200.000000 -22.379130
 89.000000 -0.882087 -0.471086 0.986964 -0.160939 -2.061318 1.732438 -0.471086 -0.882087 -0.160939 0.986964 0.000140 0.056136 -0.472271 40.563337 200.000000 40.563337 0.000040 0.016063 -0.881453 -32.666511 200.000000 -32.666511 1.284977 513.990720 -0.047582 27.127825 200.000000 27.127825 0.014168 5.667200 0.998867 -22.379130 200.000000 -22.379130
 89.200000 -0.886924 -0.461916 0.998599 -0.052909 -2.050950 1.623730 -0.461916 -0.886924 -0.052909 0.998599 0.010723 4.289383 -0.472271 40.563337 200.000000 40.563337 0.002993 1.197050 -0.881453 -32.666511 200.000000 -32.666511 0.002838 1.135085 -0.047582 27.127825 200.000000 27.127825 0.000007 0.002873 0.998867 -22.379130 200.000000 -22.379130
 89.400000 -0.854720 -0.519089 0.998562 -0.053617 -2.116581 1.624439 -0.519089 -0.854720 -0.053617 0.998562 0.219195 87.677870 -0.472271 40.563337 200.000000 40.563337 0.071467 28.586891 -0.881453 -32.666511 200.000000 -32.666511 0.003643 1.457081 -0.047582 27.127825 200.000000 27.127825 0.000009 0.003740 0.998867 -22.379130 200.000000 -22.379130
 89.600000 -0.898145 -0.439698 0.995601 -0.093691 -2.026059 1.664625 -0.439698 -0.898145 -0.093691 0.995601 0.106097 42.438916 -0.472271 40.563337 200.000000 40.563337 0.027863 11.145018 -0.881453 -32.666511 200.000000 -32.666511 0.212602 85.040720 -0.047582 27.127825 200.000000 27.127825 0.001067 0.426666 0.998867 -22.379130 200.000000 -22.379130
 89.800000 -0.921479 -0.388427 0.999991 -0.004265 -1.969721 1.575061 -0.388427 -0.921479 -0.004265 0.999991 0.702977 281.190923 -0.472271 40.563337 200.000000 40.563337 0.160208 64.083210 -0.881453 -32.666511 200.000000 -32.666511 0.187637 75.054819 -0.047582 27.127825 200.000000 27.127825 0.000126 0.050496 0.998867 -22.379130 200.000000 -22.379130
 90.000000 -0.873625 -0.486600 0.996201 -0.087082 -2.078991 1.657989 -0.486600 -0.873625 -0.087082 0.996201 0.020533 8.213229 -0.472271 40.563337 200.000000 40.563337 0.006129 2.451557 -0.881453 -32.666511 200.000000 -32.666511 0.156026 62.410355 -0.047582 27.127825 200.000000 27.127825 0.000711 0.284344 0.998867 -22.379130 200.000000 -22.379130
 90.200000 -0.927571 -0.373647 0.998735 -0.050287 -1.953735 1.621104 -0.373647 -0.927571 -0.050287 0.998735 0.972661 389.064499 -0.472271 40.563337 200.000000 40.563337 0.212682 85.072655 -0.881453 -32.666511 200.000000 -32.666511 0.000732 0.292617 -0.047582 27.127825 200.000000 27.127825 0.000002 0.000702 0.998867 -22.379130 200.000000 -22.379130
 90.400000 -0.865692 -0.500577 0.999952 -0.009778 -2.095061 1.580575 -0.500577 -0.865692 -0.009778 0.999952 0.080121 32.048408 -0.472271 40.563337 200.000000 40.563337 0.024842 9.936607 -0.881453 -32.666511 200.000000 -32.666511 0.142912 57.164772 -0.047582 27.127825 200.000000 27.127825 0.000118 0.047076 0.998867 -22.379130 200.000000 -22.379130
 90.600000 -0.887780 -0.460267 0.995146 -0.098408 -2.049092 1.669364 -0.460267 -0.887780 -0.098408 0.995146 0.014409 5.763712 -0.472271 40.563337 200.000000 40.563337 0.004003 1.601272 -0.881453 -32.666511 200.000000 -32.666511 0.258333 103.333292 -0.047582 27.127825 200.000000 27.127825 0.001385 0.553901 0.998867 -22.379130 200.000000 -22.379130
 90.800000 -0.897944 -0.440110 0.998303 -0.058234 -2.026517 1.629063 -0.440110 -0.897944 -0.058234 0.998303 0.103434 41.373585 -0.472271 40.563337 200.000000 40.563337 0.027194 10.877517 -0.881453 -32.666511 200.000000 -32.666511 0.011347 4.538689 -0.047582 27.127825 200.000000 27.127825 0.000032 0.012741 0.998867 -22.379130 200.000000 -22.379130
 91.000000 -0.862871 -0.505424 0.997245 -0.074175 -2.100669 1.645040 -0.505424 -0.862871 -0.074175 0.997245 0.109911 43.964359 -0.472271 40.563337 200.000000 40.563337 0.034530 13.811884 -0.881453 -32.666511 200.000000 -32.666511 0.070720 28.287994 -0.047582 27.127825 200.000000 27.127825 0.000263 0.105250 0.998867 -22.379130 200.000000 -22.379130
 91.200000 -0.894886 -0.446294 0.997936 -0.064219 -2.033416 1.635060 -0.446294 -0.894886 -0.064219 0.997936 0.067482 26.992721 -0.472271 40.563337 200.000000 40.563337 0.018045 7.217956 -0.881453 -32.666511 200.000000 -32.666511 0.027681 11.072355 -0.047582 27.127825 200.000000 27.127825 0.000087 0.034711 0.998867 -22.379130 200.000000 -22.379130
 91.400000 -0.878477 -0.477784 0.997766 -0.066799 -2.068927 1.637645 -0.477784 -0.878477 -0.066799 0.997766 0.003039 1.215660 -0.472271 40.563337 200.000000 40.563337 0.000886 0.354257 -0.881453 -32.666511 200.000000 -32.666511 0.036931 14.772385 -0.047582 27.127825 200.000000 27.127825 0.000121 0.048480 0.998867 -22.379130 200.000000 -22.379130
 91.600000 -0.926468 -0.376375 0.999916 -0.012932 -1.956676 1.583729 -0.376375 -0.926468 -0.012932 0.999916 0.919614 367.845455 -0.472271 40.563337 200.000000 40.563337 0.202628 81.051175 -0.881453 -32.666511 200.000000 -32.666511 0.120059 48.023553 -0.047582 27.127825 200.000000 27.127825 0.000110 0.044019 0.998867 -22.379130 200.000000 -22.379130
 91.800000 -0.801521 -0.597967 0.996332 -0.085571 -2.211759 1.656472 -0.597967 -0.801521 -0.085571 0.996332 1.579952 631.980922 -0.472271 40.563337 200.000000 40.563337 0.638925 255.570180 -0.881453 -32.666511 200.000000 -32.666511 0.144318 57.727205 -0.047582 27.127825 200.000000 27.127825 0.000643 0.257105 0.998867 -22.379130 200.000000 -22.379130
 92.000000 -0.888265 -0.459332 0.998229 -0.059491 -2.048039 1.630322 -0.459332 -0.888265 -0.059491 0.998229 0.016743 6.697244 -0.472271 40.563337 200.000000 40.563337 0.004640 1.855877 -0.881453 -32.666511 200.000000 -32.666511 0.014182 5.672972 -0.047582 27.127825 200.000000 27.127825 0.000041 0.016307 0.998867 -22.379130 200.000000 -22.379130
 92.200000 -0.891250 -0.453512 0.998910 -0.046675 -2.041498 1.617488 -0.453512 -0.891250 -0.046675 0.998910 0.035190 14.076198 -0.472271 40.563337 200.000000 40.563337 0.009598 3.839119 -0.881453 -32.666511 200.000000 -32.666511 0.000082 0.032930 -0.047582 27.127825 200.000000 27.127825 0.000000 0.000073 0.998867 -22.379130 200.000000 -22.379130
 92.400000 -0.843172 -0.537645 0.994882 -0.101046 -2.138437 1.672015 -0.537645 -0.843172 -0.101046 0.994882 0.427370 170.948015 -0.472271 40.563337 200.000000 40.563337 0.146550 58.619889 -0.881453 -32.666511 200.000000 -32.666511 0.285844 114.337521 -0.047582 27.127825 200.000000 27.127825 0.001589 0.635404 0.998867 -22.379130 200.000000 -22.379130
 92.600000 -0.879218 -0.476419 0.995935 -0.090079 -2.067373 1.660997 -0.476419 -0.879218 -0.090079 0.995935 0.001720 0.688179 -0.472271 40.563337 200.000000 40.563337 0.000499 0.199799 -0.881453 -32.666511 200.000000 -32.666511 0.180599 72.239747 -0.047582 27.127825 200.000000 27.127825 0.000860 0.344031 0.998867 -22.379130 200.000000 -22.379130
 92.800000 -0.877820 -0.478991 0.994888 -0.100988 -2.070301 1.671957 -0.478991 -0.877820 -0.100988 0.994888 0.004516 1.806221 -0.472271 40.563337 200.000000 40.563337 0.001320 0.528086 -0.881453 -32.666511 200.000000 -32.666511 0.285223 114.089011 -0.047582 27.127825 200.000000 27.127825 0.001584 0.633524 0.998867 -22.379130 200.000000 -22.379130
 93.000000 -0.894986 -0.446095 0.995455 -0.095234 -2.033193 1.666175 -0.446095 -0.894986 -0.095234 0.995455 0.068521 27.408383 -0.472271 40.563337 200.000000 40.563337 0.018313 7.325107 -0.881453 -32.666511 200.000000 -32.666511 0.227073 90.829197 -0.047582 27.127825 200.000000 27.127825 0.001164 0.465788 0.998867 -22.379130 200.000000 -22.379130
 93.200000 -0.921762 -0.387755 0.999439 -0.033481 -1.968991 1.604283 -0.387755 -0.921762 -0.033481 0.999439 0.714293 285.717104 -0.472271 40.563337 200.000000 40.563337 0.162482 64.992663 -0.881453 -32.666511 200.000000 -32.666511 0.019885 7.953908 -0.047582 27.127825 200.000000 27.127825 0.000033 0.013089 0.998867 -22.379130 200.000000 -22.379130
 93.400000 -0.916173 -0.400783 0.999620 0.027562 -1.983167 1.543231 -0.400783 -0.916173 0.027562 0.999620 0.511059 204.423539 -0.472271 40.563337 200.000000 40.563337 0.120546 48.218529 -0.881453 -32.666511 200.000000 -32.666511 0.564654 225.861690 -0.047582 27.127825 200.000000 27.127825 0.000057 0.022666 0.998867 -22.379130 200.000000 -22.379130
 93.600000 -0.859377 -0.511342 0.994484 -0.104888 -2.107542 1.675877 -0.511342 -0.859377 -0.104888 0.994484 0.152656 61.062513 -0.472271 40.563337 200.000000 40.563337 0.048736 19.494432 -0.881453 -32.666511 200.000000 -32.666511 0.328397 131.358769 -0.047582 27.127825 200.000000 27.127825 0.001921 0.768526 0.998867 -22.379130 200.000000 -22.379130
 93.800000 -0.908255 -0.418417 0.999870 -0.016118 -2.002498 1.586915 -0.418417 -0.908255 -0.016118 0.999870 0.290029 116.011744 -0.472271 40.563337 200.000000 40.563337 0.071834 28.733486 -0.881453 -32.666511 200.000000 -32.666511 0.098995 39.597993 -0.047582 27.127825 200.000000 27.127825 0.000101 0.040220 0.998867 -22.379130 200.000000 -22.379130
 94.000000 -0.884234 -0.467045 0.997857 -0.065438 -2.056742 1.636282 -0.467045 -0.884234 -0.065438 0.997857 0.002732 1.092671 -0.472271 40.563337 200.000000 40.563337 0.000773 0.309232 -0.881453 -32.666511 200.000000 -32.666511 0.031886 12.754252 -0.047582 27.127825 200.000000 27.127825 0.000102 0.040863 0.998867 -22.379130 200.000000 -22.379130
 94.200000 -0.874684 -0.484693 0.999772 0.021338 -2.076809 1.549457 -0.484693 -0.874684 0.021338 0.999772 0.015431 6.172226 -0.472271 40.563337 200.000000 40.563337 0.004582 1.832804 -0.881453 -32.666511 200.000000 -32.666511 0.474994 189.997784 -0.047582 27.127825 200.000000 27.127825 0.000082 0.032760 0.998867 -22.379130 200.000000 -22.379130
 94.400000 -0.894076 -0.447916 0.997419 -0.071805 -2.035229 1.642663 -0.447916 -0.894076 -0.071805 0.997419 0.059317 23.726782 -0.472271 40.563337 200.000000 40.563337 0.015932 6.372877 -0.881453 -32.666511 200.000000 -32.666511 0.058676 23.470289 -0.047582 27.127825 200.000000 27.127825 0.000210 0.083943 0.998867 -22.379130 200.000000 -22.379130
 94.600000 -0.907047 -0.421029 0.996699 -0.081185 -2.005376 1.652071 -0.421029 -0.907047 -0.081185 0.996699 0.262575 105.029910 -0.472271 40.563337 200.000000 40.563337 0.065504 26.201709 -0.881453 -32.666511 200.000000 -32.666511 0.112919 45.167758 -0.047582 27.127825 200.000000 27.127825 0.000470 0.188065 0.998867 -22.379130 200.000000 -22.379130
 94.800000 -0.862198 -0.506572 0.996276 -0.086227 -2.102001 1.657130 -0.506572 -0.862198 -0.086227 0.996276 0.117657 47.062615 -0.472271 40.563337 200.000000 40.563337 0.037079 14.831438 -0.881453 -32.666511 200.000000 -32.666511 0.149343 59.737331 -0.047582 27.127825 200.000000 27.127825 0.000672 0.268700 0.998867 -22.379130 200.000000 -22.379130
 95.000000 -0.861058 -0.508506 0.997456 -0.071292 -2.104245 1.642149 -0.508506 -0.861058 -0.071292 0.997456 0.131299 52.519438 -0.472271 40.563337 200.000000 40.563337 0.041596 16.638321 -0.881453 -32.666511 200.000000 -32.666511 0.056215 22.486066 -0.047582 27.127825 200.000000 27.127825 0.000199 0.079730 0.998867 -22.379130 200.000000 -22.379130
 95.200000 -0.884860 -0.465857 0.985860 -0.167571 -2.055400 1.739162 -0.465857 -0.884860 -0.167571 0.985860 0.004113 1.645398 -0.472271 40.563337 200.000000 40.563337 0.001160 0.464152 -0.881453 -32.666511 200.000000 -32.666511 1.439736 575.894260 -0.047582 27.127825 200.000000 27.127825 0.016919 6.767607 0.998867 -22.379130 200.000000 -22.379130
 95.400000 -0.854958 -0.518697 0.999367 -0.035580 -2.116122 1.606384 -0.518697 -0.854958 -0.035580 0.999367 0.215534 86.213541 -0.472271 40.563337 200.000000 40.563337 0.070199 28.079485 -0.881453 -32.666511 200.000000 -32.666511 0.014405 5.761943 -0.047582 27.127825 200.000000 27.127825 0.000025 0.009980 0.998867 -22.379130 200.000000 -22.379130
 95.600000 -0.855832 -0.517254 0.994165 -0.107874 -2.114435 1.678881 -0.517254 -0.855832 -0.107874 0.994165 0.202344 80.937720 -0.472271 40.563337 200.000000 40.563337 0.065645 26.258023 -0.881453 -32.666511 200.000000 -32.666511 0.363512 145.404717 -0.047582 27.127825 200.000000 27.127825 0.002212 0.884634 0.998867 -22.379130 200.000000 -22.379130
 95.800000 -0.918535 -0.395339 0.994647 -0.103330 -1.977233 1.674311 -0.395339 -0.918535 -0.103330 0.994647 0.591859 236.743632 -0.472271 40.563337 200.000000 40.563337 0.137508 55.003152 -0.881453 -32.666511 200.000000 -32.666511 0.310786 124.314371 -0.047582 27.127825 200.000000 27.127825 0.001781 0.712410 0.998867 -22.379130 200.000000 -22.379130
 96.000000 -0.911076 -0.412239 0.999857 -0.016929 -1.995706 1.587726 -0.412239 -0.911076 -0.016929 0.999857 0.360386 144.154406 -0.472271 40.563337 200.000000 40.563337 0.087749 35.099502 -0.881453 -32.666511 200.000000 -32.666511 0.093962 37.584958 -0.047582 27.127825 200.000000 27.127825 0.000098 0.039153 0.998867 -22.379130 200.000000 -22.379130
 96.200000 -0.861840 -0.507180 0.996158 -0.087573 -2.102706 1.658482 -0.507180 -0.861840 -0.087573 0.996158 0.121863 48.745000 -0.472271 40.563337 200.000000 40.563337 0.038468 15.387016 -0.881453 -32.666511 200.000000 -32.666511 0.159928 63.971382 -0.047582 27.127825 200.000000 27.127825 0.000734 0.293598 0.998867 -22.379130 200.000000 -22.379130
 96.400000 -0.932267 -0.361770 0.998980 -0.045155 -1.940962 1.615967 -0.361770 -0.932267 -0.045155 0.998980 1.221046 488.418375 -0.472271 40.563337 200.000000 40.563337 0.258206 103.282369 -0.881453 -32.666511 200.000000 -32.666511 0.000589 0.235584 -0.047582 27.127825 200.000000 27.127825 0.000001 0.000508 0.998867 -22.379130 200.000000 -22.379130
 96.600000 -0.887998 -0.459847 0.997521 -0.070367 -2.048620 1.641221 -0.459847 -0.887998 -0.070367 0.997521 0.015435 6.173986 -0.472271 40.563337 200.000000 40.563337 0.004283 1.713289 -0.881453 -32.666511 200.000000 -32.666511 0.051914 20.765761 -0.047582 27.127825 200.000000 27.127825 0.000181 0.072484 0.998867 -22.379130 200.000000 -22.379130
 96.800000 -0.862454 -0.506136 0.995452 -0.095260 -2.101495 1.666201 -0.506136 -0.862454 -0.095260 0.995452 0.114685 45.874028 -0.472271 40.563337 200.000000 40.563337 0.036099 14.439750 -0.881453 -32.666511 200.000000 -32.666511 0.227317 90.926843 -0.047582 27.127825 200.000000 27.127825 0.001166 0.466457 0.998867 -22.379130 200.000000 -22.379130
 97.000000 -0.899231 -0.437474 0.997893 -0.064885 -2.023584 1.635727 -0.437474 -0.899231 -0.064885 0.997893 0.121082 48.432644 -0.472271 40.563337 200.000000 40.563337 0.031604 12.641658 -0.881453 -32.666511 200.000000 -32.666511 0.029938 11.975360 -0.047582 27.127825 200.000000 27.127825 0.000095 0.037991 0.998867 -22.379130 200.000000 -22.379130
 97.200000 -0.855523 -0.517765 0.999034 -0.043940 -2.115032 1.614751 -0.517765 -0.855523 -0.043940 0.999034 0.206966 82.786213 -0.472271 40.563337 200.000000 40.563337 0.067238 26.895013 -0.881453 -32.666511 200.000000 -32.666511 0.001326 0.530451 -0.047582 27.127825 200.000000 27.127825 0.000003 0.001113 0.998867 -22.379130 200.000000 -22.379130
 97.400000 -0.858038 -0.513586 0.998681 -0.051340 -2.110155 1.622159 -0.513586 -0.858038 -0.051340 0.998681 0.170693 68.277067 -0.472271 40.563337 200.000000 40.563337 0.054827 21.930988 -0.881453 -32.666511 200.000000 -32.666511 0.001412 0.564922 -0.047582 27.127825 200.000000 27.127825 0.000003 0.001385 0.998867 -22.379130 200.000000 -22.379130
 97.600000 -0.900033 -0.435822 0.999949 0.010133 -2.021748 1.560663 -0.435822 -0.900033 0.010133 0.999949 0.132853 53.141286 -0.472271 40.563337 200.000000 40.563337 0.034520 13.807908 -0.881453 -32.666511 200.000000 -32.666511 0.333106 133.242440 -0.047582 27.127825 200.000000 27.127825 0.000117 0.046770 0.998867 -22.379130 200.000000 -22.379130
 97.800000 -0.917453 -0.397843 0.999901 0.014097 -1.979961 1.556699 -0.397843 -0.917453 0.014097 0.999901 0.553951 221.580405 -0.472271 40.563337 200.000000 40.563337 0.129600 51.840192 -0.881453 -32.666511 200.000000 -32.666511 0.380423 152.169175 -0.047582 27.127825 200.000000 27.127825 0.000107 0.042708 0.998867 -22.379130 200.000000 -22.379130
 98.000000 -0.860725 -0.509070 0.995553 -0.094208 -2.104901 1.665144 -0.509070 -0.860725 -0.094208 0.995553 0.135419 54.167466 -0.472271 40.563337 200.000000 40.563337 0.042967 17.186744 -0.881453 -32.666511 200.000000 -32.666511 0.217401 86.960496 -0.047582 27.127825 200.000000 27.127825 0.001099 0.439522 0.998867 -22.379130 200.000000 -22.379130
 98.200000 -0.898699 -0.438567 0.999079 -0.042900 -2.024800 1.613710 -0.438567 -0.898699 -0.042900 0.999079 0.113598 45.439092 -0.472271 40.563337 200.000000 40.563337 0.029740 11.895910 -0.881453 -32.666511 200.000000 -32.666511 0.002192 0.876762 -0.047582 27.127825 200.000000 27.127825 0.000004 0.001798 0.998867 -22.379130 200.000000 -22.379130
 98.400000 -0.898585 -0.438800 0.988689 -0.149983 -2.025059 1.721348 -0.438800 -0.898585 -0.149983 0.988689 0.112030 44.812149 -0.472271 40.563337 200.000000 40.563337 0.029348 11.739290 -0.881453 -32.666511 200.000000 -32.666511 1.048605 419.442008 -0.047582 27.127825 200.000000 27.127825 0.010361 4.144330 0.998867 -22.379130 200.000000 -22.379130
 98.600000 -0.910079 -0.414434 0.992602 -0.121414 -1.998117 1.692511 -0.414434 -0.910079 -0.121414 0.992602 0.334512 133.804692 -0.472271 40.563337 200.000000 40.563337 0.081945 32.777841 -0.881453 -32.666511 200.000000 -32.666511 0.545116 218.046574 -0.047582 27.127825 200.000000 27.127825 0.003925 1.570197 0.998867 -22.379130 200.000000 -22.379130
 98.800000 -0.888757 -0.458378 0.990742 -0.135755 -2.046966 1.706972 -0.458378 -0.888757 -0.135755 0.990742 0.019300 7.720157 -0.472271 40.563337 200.000000 40.563337 0.005334 2.133775 -0.881453 -32.666511 200.000000 -32.666511 0.777453 310.981089 -0.047582 27.127825 200.000000 27.127825 0.006601 2.640578 0.998867 -22.379130 200.000000 -22.379130
 99.000000 -0.864606 -0.502451 0.987162 -0.159725 -2.097228 1.731209 -0.502451 -0.864606 -0.159725 0.987162 0.091083 36.433346 -0.472271 40.563337 200.000000 40.563337 0.028385 11.353844 -0.881453 -32.666511 200.000000 -32.666511 1.257612 503.044808 -0.047582 27.127825 200.000000 27.127825 0.013703 5.481054 0.998867 -22.379130 200.000000 -22.379130
 99.200000 -0.879375 -0.476130 0.996216 -0.086916 -2.067045 1.657822 -0.476130 -0.879375 -0.086916 0.996216 0.001489 0.595581 -0.472271 40.563337 200.000000 40.563337 0.000432 0.172779 -0.881453 -32.666511 200.000000 -32.666511 0.154716 61.886306 -0.047582 27.127825 200.000000 27.127825 0.000703 0.281257 0.998867 -22.379130 200.000000 -22.379130
 99.400000 -0.885109 -0.465384 0.999786 0.020673 -2.054865 1.550122 -0.465384 -0.885109 0.020673 0.999786 0.004743 1.897067 -0.472271 40.563337 200.000000 40.563337 0.001336 0.534455 -0.881453 -32.666511 200.000000 -32.666511 0.465874 186.349539 -0.047582 27.127825 200.000000 27.127825 0.000084 0.033779 0.998867 -22.379130 200.000000 -22.379130
 99.600000 -0.898113 -0.439765 0.997081 -0.076345 -2.026133 1.647215 -0.439765 -0.898113 -0.076345 0.997081 0.105665 42.265913 -0.472271 40.563337 200.000000 40.563337 0.027754 11.101609 -0.881453 -32.666511 200.000000 -32.666511 0.082730 33.091988 -0.047582 27.127825 200.000000 27.127825 0.000319 0.127571 0.998867 -22.379130 200.000000 -22.379130
 99.800000 -0.884592 -0.466366 0.999245 0.038852 -2.055975 1.531934 -0.466366 -0.884592 0.038852 0.999245 0.003487 1.394700 -0.472271 40.563337 200.000000 40.563337 0.000985 0.393979 -0.881453 -32.666511 200.000000 -32.666511 0.747087 298.834842 -0.047582 27.127825 200.000000 27.127825 0.000014 0.005704 0.998867 -22.379130 200.000000 -22.379130
 100.000000 -0.895450 -0.445162 0.999889 -0.014874 -2.032151 1.585671 -0.445162 -0.895450 -0.014874 0.999889 0.073491 29.396229 -0.472271 40.563337 200.000000 40.563337 0.019591 7.836329 -0.881453 -32.666511 200.000000 -32.666511 0.106979 42.791794 -0.047582 27.127825 200.000000 27.127825 0.000104 0.041782 0.998867 -22.379130 200.000000 -22.379130
