#! FIELDS time sin_phi cos_phi sin_psi cos_psi phi psi cos_phi sin_phi cos_psi sin_psi restraint_phi_cos.bias restraint_phi_cos.force2 restraint_phi_cos.cos_phi_cntr restraint_phi_cos.cos_phi_work restraint_phi_cos.cos_phi_kappa restraint_phi_cos.work restraint_phi_sin.bias restraint_phi_sin.force2 restraint_phi_sin.sin_phi_cntr restraint_phi_sin.sin_phi_work restraint_phi_sin.sin_phi_kappa restraint_phi_sin.work restraint_psi_cos.bias restraint_psi_cos.force2 restraint_psi_cos.cos_psi_cntr restraint_psi_cos.cos_psi_work restraint_psi_cos.cos_psi_kappa restraint_psi_cos.work restraint_psi_sin.bias restraint_psi_sin.force2 restraint_psi_sin.sin_psi_cntr restraint_psi_sin.sin_psi_work restraint_psi_sin.sin_psi_kappa restraint_psi_sin.work
#! SET min_phi -pi
#! SET max_phi pi
#! SET min_psi -pi
#! SET max_psi pi
 0.000000 -0.999983 -0.005782 0.966116 0.258110 -1.576579 1.309731 -0.005782 -0.999983 0.258110 0.966116 0.000000 0.000000 1.000000 0.000000 0.000000 0.000000 0.000000 0.000000 0.000000 0.000000 0.000000 0.000000 0.000000 0.000000 1.000000 0.000000 0.000000 0.000000 0.000000 0.000000 0.000000 0.000000 0.000000 0.000000
 0.200000 -0.992318 0.123711 0.651177 0.758926 -1.446768 0.709134 0.123711 -0.992318 0.758926 0.651177 0.000000 0.000000 1.000000 0.000000 0.000000 0.000000 0.000000 0.000000 0.000000 0.000000 0.000000 0.000000 0.000000 0.000000 1.000000 0.000000 0.000000 0.000000 0.000000 0.000000 0.000000 0.000000 0.000000 0.000000
 0.400000 -0.961266 0.275622 0.530288 0.847817 -1.291559 0.558941 0.275622 -0.961266 0.847817 0.530288 0.000000 0.000000 1.000000 0.000000 0.000000 0.000000 0.000000 0.000000 0.000000 0.000000 0.000000 0.000000 0.000000 0.000000 1.000000 0.000000 0.000000 0.000000 0.000000 0.000000 0.000000 0.000000 0.000000 0.000000
 0.600000 -0.964668 0.263470 0.974191 0.225724 -1.304179 1.343111 0.263470 -0.964668 0.225724 0.974191 0.000000 0.000000 1.000000 0.000000 0.000000 0.000000 0.000000 0.000000 0.000000 0.000000 0.000000 0.000000 0.000000 0.000000 1.000000 0.000000 0.000000 0.000000 0.000000 0.000000 0.000000 0.000000 0.000000 0.000000
 0.800000 -0.999801 0.019934 0.982355 0.187025 -1.550861 1.382663 0.019934 -0.999801 0.187025 0.982355 0.000000 0.000000 1.000000 0.000000 0.000000 0.000000 0.000000 0.000000 0.000000 0.000000 0.000000 0.000000 0.000000 0.000000 1.000000 0.000000 0.000000 0.000000 0.000000 0.000000 0.000000 0.000000 0.000000 0.000000
 1.000000 -0.999595 0.028448 0.659832 0.751413 -1.542345 0.720595 0.028448 -0.999595 0.751413 0.659832 0.000000 0.000000 1.000000 0.000000 0.000000 0.000000 0.000000 0.000000 0.000000 0.000000 0.000000 0.000000 0.000000 0.000000 1.000000 0.000000 0.000000 0.000000 0.000000 0.000000 0.000000 0.000000 0.000000 0.000000
 1.200000 -0.523337 0.852126 -0.267996 0.963420 -0.550763 -0.271313 0.852126 -0.523337 0.963420 -0.267996 0.218668 8.746724 1.000000 4.924676 20.000000 4.924676 2.738818 109.552721 0.000000 7.202907 20.000000 7.202907 0.013381 0.535240 1.000000 0.201922 20.000000 0.201922 0.718220 28.728808 0.000000 1.668522 20.000000 1.668522
 1.400000 0.151769 0.988416 0.008803 0.999961 0.152358 0.008803 0.988416 0.151769 0.999961 0.008803 0.002684 0.214702 1.000000 4.977587 40.000000 4.977587 0.460675 36.854037 0.000000 8.361116 40.000000 8.361116 0.000000 0.000002 1.000000 0.226016 40.000000 0.226016 0.001550 0.123992 0.000000 2.416413 40.000000 2.416413
 1.600000 0.303346 0.952881 -0.214685 0.976683 0.308202 -0.216370 0.952881 0.303346 0.976683 -0.214685 0.066607 7.992877 1.000000 4.988918 60.000000 4.988918 2.760560 331.267251 0.000000 8.907892 60.000000 8.907892 0.016310 1.957213 1.000000 0.229927 60.000000 0.229927 1.382694 165.923319 0.000000 2.705398 60.000000 2.705398
 1.800000 -0.090985 0.995852 0.066053 0.997816 -0.091111 0.066101 0.995852 -0.090985 0.997816 0.066053 0.000688 0.110102 1.000000 4.992377 80.000000 4.992377 0.331127 52.980383 0.000000 9.205546 80.000000 9.205546 0.000191 0.030524 1.000000 0.230389 80.000000 0.230389 0.174520 27.923144 0.000000 2.779924 80.000000 2.779924
 2.000000 -0.266080 0.963951 0.072661 0.997357 -0.269324 0.072725 0.963951 -0.266080 0.997357 0.072661 0.064976 12.995266 1.000000 4.993496 100.000000 4.993496 3.539918 707.983673 0.000000 9.347121 100.000000 9.347121 0.000349 0.069869 1.000000 0.231416 100.000000 0.231416 0.263978 52.795693 0.000000 2.907307 100.000000 2.907307
 2.200000 -0.080140 0.996784 -0.154553 0.987984 -0.080226 -0.155175 0.996784 -0.080140 0.987984 -0.154553 0.000621 0.148970 1.000000 4.994917 120.000000 4.994917 0.385345 92.482909 0.000000 9.475784 120.000000 9.475784 0.008662 2.078966 1.000000 0.231836 120.000000 0.231836 1.433200 343.967953 0.000000 2.993694 120.000000 2.993694
 2.400000 0.044667 0.999002 -0.093595 0.995610 0.044682 -0.093732 0.999002 0.044667 0.995610 -0.093595 0.000070 0.019524 1.000000 4.998059 140.000000 4.998059 0.139660 39.104719 0.000000 9.672366 140.000000 9.672366 0.001349 0.377668 1.000000 0.232655 140.000000 0.232655 0.613198 171.695451 0.000000 3.117438 140.000000 3.117438
 2.600000 -0.113503 0.993538 0.000918 1.000000 -0.113748 0.000918 0.993538 -0.113503 1.000000 0.000918 0.003341 1.069103 1.000000 4.998217 160.000000 4.998217 1.030634 329.802753 0.000000 9.722387 160.000000 9.722387 0.000000 0.000000 1.000000 0.232813 160.000000 0.232813 0.000067 0.021563 0.000000 3.169724 160.000000 3.169724
 2.800000 -0.009796 0.999952 -0.037832 0.999284 -0.009797 -0.037841 0.999952 -0.009796 0.999284 -0.037832 0.000000 0.000075 1.000000 4.998378 180.000000 4.998378 0.008637 3.109428 0.000000 9.775342 180.000000 9.775342 0.000046 0.016606 1.000000 0.232985 180.000000 0.232985 0.128816 46.373937 0.000000 3.222536 180.000000 3.222536
 3.000000 0.072890 0.997340 -0.073600 0.997288 0.072954 -0.073666 0.997340 0.072890 0.997288 -0.073600 0.000708 0.283021 1.000000 4.998579 200.000000 4.998579 0.531289 212.515740 0.000000 9.831728 200.000000 9.831728 0.000736 0.294226 1.000000 0.233078 200.000000 0.233078 0.541691 216.676285 0.000000 3.259799 200.000000 3.259799
 3.200000 0.030164 0.999545 0.104042 0.994573 0.030169 0.104231 0.999545 0.030164 0.994573 0.104042 0.378174 151.269407 0.938049 5.353669 200.000000 5.353669 0.132028 52.811027 0.066500 9.753223 200.000000 9.753223 0.319493 127.797398 0.938049 0.587362 200.000000 0.587362 0.140943 56.377135 0.066500 3.173464 200.000000 3.173464
 3.400000 0.223314 0.974746 0.216084 0.976375 0.225213 0.217802 0.974746 0.223314 0.976375 0.216084 0.973147 389.258726 0.876098 6.428007 200.000000 6.428007 0.815679 326.271560 0.132999 9.914881 200.000000 9.914881 1.005535 402.214071 0.876098 1.631594 200.000000 1.631594 0.690314 276.125682 0.132999 3.143758 200.000000 3.143758
 3.600000 0.341888 0.939741 0.285304 0.958437 0.348925 0.289324 0.939741 0.341888 0.958437 0.285304 1.577371 630.948489 0.814147 7.911238 200.000000 7.911238 2.027449 810.979675 0.199499 8.718336 200.000000 8.718336 2.081948 832.779030 0.814147 3.351500 200.000000 3.351500 0.736254 294.501781 0.199499 3.115261 200.000000 3.115261
 3.800000 0.382842 0.923814 0.327853 0.944729 0.392871 0.334031 0.923814 0.382842 0.944729 0.327853 2.945243 1178.097028 0.752197 9.870662 200.000000 9.870662 1.365245 546.098185 0.265999 7.403363 200.000000 7.403363 3.706857 1482.742978 0.752197 5.547095 200.000000 5.547095 0.382601 153.040550 0.265999 2.575221 200.000000 2.575221
 4.000000 0.477172 0.878810 0.405771 0.913975 0.497434 0.417822 0.878810 0.477172 0.913975 0.405771 3.555652 1422.260731 0.690246 12.207362 200.000000 12.207362 2.093038 837.215198 0.332498 5.913291 200.000000 5.913291 5.005477 2002.190683 0.690246 8.046037 200.000000 8.046037 0.536882 214.752962 0.332498 1.461166 200.000000 1.461166
 4.200000 0.550636 0.834745 0.507555 0.861619 0.583126 0.532344 0.834745 0.550636 0.861619 0.507555 4.262183 1704.873172 0.628295 14.291888 200.000000 14.291888 2.299410 919.764077 0.398998 3.364727 200.000000 3.364727 5.444037 2177.614870 0.628295 10.676369 200.000000 10.676369 1.178458 471.383074 0.398998 -0.150784 200.000000 -0.150784
 4.400000 0.670104 0.742267 0.699290 0.714838 0.734349 0.774403 0.742267 0.670104 0.714838 0.699290 3.094901 1237.960488 0.566344 16.829942 200.000000 16.829942 4.186370 1674.548017 0.465498 1.221772 200.000000 1.221772 2.205060 882.023994 0.566344 13.461189 200.000000 13.461189 5.465868 2186.347046 0.465498 -1.905754 200.000000 -1.905754
 4.600000 0.731558 0.681780 0.709541 0.704664 0.820604 0.788846 0.681780 0.731558 0.704664 0.709541 3.146591 1258.636568 0.504393 19.010763 200.000000 19.010763 3.982435 1592.973966 0.531997 -1.434781 200.000000 -1.434781 4.010855 1604.342107 0.504393 16.179422 200.000000 16.179422 3.152168 1260.867163 0.531997 -3.934540 200.000000 -3.934540
 4.800000 0.774537 0.632528 0.823828 0.566840 0.885983 0.968131 0.632528 0.774537 0.566840 0.823828 3.613271 1445.308566 0.442442 21.280612 200.000000 21.280612 3.099015 1239.605830 0.598497 -3.892635 200.000000 -3.892635 1.547478 618.991331 0.442442 18.794122 200.000000 18.794122 5.077402 2030.960749 0.598497 -6.086528 200.000000 -6.086528
 5.000000 0.836307 0.548262 0.810295 0.586022 0.990512 0.944655 0.548262 0.836307 0.586022 0.810295 2.814683 1125.873147 0.380491 23.567836 200.000000 23.567836 2.934719 1173.887552 0.664997 -6.131411 200.000000 -6.131411 4.224286 1689.714511 0.380491 21.196511 200.000000 21.196511 2.111162 844.464679 0.664997 -8.240619 200.000000 -8.240619
 5.200000 0.876347 0.481680 0.834528 0.550966 1.068226 0.987275 0.481680 0.876347 0.550966 0.834528 2.661438 1064.575100 0.318541 25.021151 200.000000 25.021151 2.098181 839.272403 0.731496 -8.585410 200.000000 -8.585410 5.402138 2160.855287 0.318541 22.662049 200.000000 22.662049 1.061551 424.620586 0.731496 -10.666030 200.000000 -10.666030
 5.400000 0.961298 0.275510 0.912845 0.408306 1.291677 1.150199 0.275510 0.961298 0.408306 0.912845 0.035796 14.318444 0.256590 26.739188 200.000000 26.739188 2.666765 1066.705970 0.797996 -10.428456 200.000000 -10.428456 2.301770 920.707997 0.256590 24.107904 200.000000 24.107904 1.319036 527.614486 0.797996 -12.603364 200.000000 -12.603364
 5.600000 0.973567 0.228402 0.987014 0.160633 1.340361 1.409464 0.228402 0.973567 0.160633 0.987014 0.113993 45.597396 0.194639 27.626726 200.000000 27.626726 1.189655 475.861886 0.864496 -12.045359 200.000000 -12.045359 0.115640 46.256029 0.194639 24.626195 200.000000 24.626195 1.501079 600.431771 0.864496 -14.342658 200.000000 -14.342658
 5.800000 0.983893 0.178757 0.993567 0.113242 1.391073 1.457311 0.178757 0.983893 0.113242 0.993567 0.212234 84.893651 0.132688 28.396586 200.000000 28.396586 0.279819 111.927706 0.930995 -13.027685 200.000000 -13.027685 0.037815 15.125931 0.132688 24.944323 200.000000 24.944323 0.391527 156.610771 0.930995 -15.409505 200.000000 -15.409505
 6.000000 0.985768 0.168114 0.999166 0.040838 1.401880 1.529947 0.168114 0.985768 0.040838 0.999166 0.948226 379.290420 0.070737 29.233754 200.000000 29.233754 0.013753 5.501317 0.997495 -13.291050 200.000000 -13.291050 0.089398 35.759366 0.070737 25.204001 200.000000 25.204001 0.000279 0.111664 0.997495 -15.748980 200.000000 -15.748980
 6.200000 0.974556 0.224144 0.996880 0.078928 1.344731 1.491786 0.224144 0.974556 0.078928 0.996880 2.353376 941.350220 0.070737 29.233754 200.000000 29.233754 0.052620 21.047969 0.997495 -13.291050 200.000000 -13.291050 0.006709 2.683407 0.070737 25.204001 200.000000 25.204001 0.000038 0.015112 0.997495 -15.748980 200.000000 -15.748980
 6.400000 0.992284 0.123985 0.998096 0.061676 1.446492 1.509081 0.123985 0.992284 0.061676 0.998096 0.283528 113.411018 0.070737 29.233754 200.000000 29.233754 0.002715 1.086111 0.997495 -13.291050 200.000000 -13.291050 0.008211 3.284242 0.070737 25.204001 200.000000 25.204001 0.000036 0.014460 0.997495 -15.748980 200.000000 -15.748980
 6.600000 0.996571 0.082746 0.998151 0.060790 1.487955 1.509969 0.082746 0.996571 0.060790 0.998151 0.014422 5.768840 0.070737 29.233754 200.000000 29.233754 0.000085 0.034177 0.997495 -13.291050 200.000000 -13.291050 0.009894 3.957621 0.070737 25.204001 200.000000 25.204001 0.000043 0.017191 0.997495 -15.748980 200.000000 -15.748980
 6.800000 0.984450 0.175665 0.991896 0.127052 1.394215 1.443400 0.175665 0.984450 0.127052 0.991896 1.100993 440.397080 0.070737 29.233754 200.000000 29.233754 0.017017 6.806939 0.997495 -13.291050 200.000000 -13.291050 0.317131 126.852416 0.070737 25.204001 200.000000 25.204001 0.003135 1.253897 0.997495 -15.748980 200.000000 -15.748980
 7.000000 0.995158 0.098285 0.993358 0.115067 1.472353 1.455473 0.098285 0.995158 0.115067 0.993358 0.075887 30.354925 0.070737 29.233754 200.000000 29.233754 0.000546 0.218400 0.997495 -13.291050 200.000000 -13.291050 0.196517 78.606856 0.070737 25.204001 200.000000 25.204001 0.001712 0.684692 0.997495 -15.748980 200.000000 -15.748980
 7.200000 0.996748 0.080581 0.998297 0.058335 1.490128 1.512428 0.080581 0.996748 0.058335 0.998297 0.009690 3.875992 0.070737 29.233754 200.000000 29.233754 0.000056 0.022316 0.997495 -13.291050 200.000000 -13.291050 0.015380 6.152160 0.070737 25.204001 200.000000 25.204001 0.000064 0.025732 0.997495 -15.748980 200.000000 -15.748980
 7.400000 0.991652 0.128946 0.999818 0.019065 1.441490 1.551730 0.128946 0.991652 0.019065 0.999818 0.338832 135.532753 0.070737 29.233754 200.000000 29.233754 0.003415 1.365827 0.997495 -13.291050 200.000000 -13.291050 0.267001 106.800440 0.070737 25.204001 200.000000 25.204001 0.000540 0.215901 0.997495 -15.748980 200.000000 -15.748980
 7.600000 0.995121 0.098658 0.998600 0.052893 1.471978 1.517878 0.098658 0.995121 0.052893 0.998600 0.077957 31.182750 0.070737 29.233754 200.000000 29.233754 0.000563 0.225356 0.997495 -13.291050 200.000000 -13.291050 0.031841 12.736282 0.070737 25.204001 200.000000 25.204001 0.000122 0.048857 0.997495 -15.748980 200.000000 -15.748980
 7.800000 0.987716 0.156259 0.990587 0.136887 1.413895 1.433478 0.156259 0.987716 0.136887 0.990587 0.731393 292.557273 0.070737 29.233754 200.000000 29.233754 0.009563 3.825019 0.997495 -13.291050 200.000000 -13.291050 0.437585 175.034036 0.070737 25.204001 200.000000 25.204001 0.004773 1.909026 0.997495 -15.748980 200.000000 -15.748980
 8.000000 0.982932 0.183970 0.997243 0.074203 1.385772 1.496525 0.183970 0.982932 0.074203 0.997243 1.282175 512.870104 0.070737 29.233754 200.000000 29.233754 0.021209 8.483470 0.997495 -13.291050 200.000000 -13.291050 0.001201 0.480536 0.070737 25.204001 200.000000 25.204001 0.000006 0.002537 0.997495 -15.748980 200.000000 -15.748980
 8.200000 0.994940 0.100471 0.998013 0.063001 1.470156 1.507753 0.100471 0.994940 0.063001 0.998013 0.088408 35.363279 0.070737 29.233754 200.000000 29.233754 0.000653 0.261115 0.997495 -13.291050 200.000000 -13.291050 0.005984 2.393712 0.070737 25.204001 200.000000 25.204001 0.000027 0.010752 0.997495 -15.748980 200.000000 -15.748980
 8.400000 0.984469 0.175560 0.991511 0.130023 1.394321 1.440404 0.175560 0.984469 0.130023 0.991511 1.098788 439.515275 0.070737 29.233754 200.000000 29.233754 0.016968 6.787387 0.997495 -13.291050 200.000000 -13.291050 0.351483 140.593377 0.070737 25.204001 200.000000 25.204001 0.003581 1.432349 0.997495 -15.748980 200.000000 -15.748980
 8.600000 0.989384 0.145323 0.999420 0.034052 1.424957 1.536738 0.145323 0.989384 0.034052 0.999420 0.556309 222.523753 0.070737 29.233754 200.000000 29.233754 0.006578 2.631385 0.997495 -13.291050 200.000000 -13.291050 0.134582 53.832952 0.070737 25.204001 200.000000 25.204001 0.000371 0.148238 0.997495 -15.748980 200.000000 -15.748980
 8.800000 0.997312 0.073274 0.998373 0.057012 1.497457 1.513753 0.073274 0.997312 0.057012 0.998373 0.000644 0.257426 0.070737 29.233754 200.000000 29.233754 0.000003 0.001342 0.997495 -13.291050 200.000000 -13.291050 0.018837 7.534701 0.070737 25.204001 200.000000 25.204001 0.000077 0.030869 0.997495 -15.748980 200.000000 -15.748980
 9.000000 0.994851 0.101346 0.991527 0.129900 1.469276 1.440529 0.101346 0.994851 0.129900 0.991527 0.093688 37.475354 0.070737 29.233754 200.000000 29.233754 0.000699 0.279571 0.997495 -13.291050 200.000000 -13.291050 0.350019 140.007672 0.070737 25.204001 200.000000 25.204001 0.003562 1.424603 0.997495 -15.748980 200.000000 -15.748980
 9.200000 0.991482 0.130246 0.999498 0.031693 1.440180 1.539098 0.130246 0.991482 0.031693 0.999498 0.354125 141.650199 0.070737 29.233754 200.000000 29.233754 0.003616 1.446358 0.997495 -13.291050 200.000000 -13.291050 0.152445 60.978037 0.070737 25.204001 200.000000 25.204001 0.000401 0.160427 0.997495 -15.748980 200.000000 -15.748980
 9.400000 0.988281 0.152644 0.995191 0.097954 1.417553 1.472685 0.152644 0.988281 0.097954 0.995191 0.670879 268.351633 0.070737 29.233754 200.000000 29.233754 0.008489 3.395772 0.997495 -13.291050 200.000000 -13.291050 0.074078 29.631181 0.070737 25.204001 200.000000 25.204001 0.000531 0.212353 0.997495 -15.748980 200.000000 -15.748980
 9.600000 0.986568 0.163353 0.996687 0.081331 1.406708 1.489376 0.163353 0.986568 0.081331 0.996687 0.857777 343.110658 0.070737 29.233754 200.000000 29.233754 0.011941 4.776299 0.997495 -13.291050 200.000000 -13.291050 0.011222 4.488939 0.070737 25.204001 200.000000 25.204001 0.000065 0.026103 0.997495 -15.748980 200.000000 -15.748980
 9.800000 0.999471 0.032521 0.996305 0.085884 1.538269 1.484807 0.032521 0.999471 0.085884 0.996305 0.146046 58.418564 0.070737 29.233754 200.000000 29.233754 0.000390 0.156192 0.997495 -13.291050 200.000000 -13.291050 0.022942 9.176840 0.070737 25.204001 200.000000 25.204001 0.000142 0.056628 0.997495 -15.748980 200.000000 -15.748980
 10.000000 0.988377 0.152024 0.999698 -0.024586 1.418181 1.595385 0.152024 0.988377 -0.024586 0.999698 0.660748 264.299148 0.070737 29.233754 200.000000 29.233754 0.008314 3.325607 0.997495 -13.291050 200.000000 -13.291050 0.908654 363.461791 0.070737 25.204001 200.000000 25.204001 0.000485 0.194080 0.997495 -15.748980 200.000000 -15.748980
 10.200000 0.999512 0.031241 0.997291 0.073558 1.539550 1.497172 0.031241 0.999512 0.073558 0.997291 0.155991 62.396423 0.070737 29.233754 200.000000 29.233754 0.000407 0.162712 0.997495 -13.291050 200.000000 -13.291050 0.000796 0.318226 0.070737 25.204001 200.000000 25.204001 0.000004 0.001665 0.997495 -15.748980 200.000000 -15.748980
 10.400000 0.991269 0.131853 0.985300 0.170835 1.438558 1.399119 0.131853 0.991269 0.170835 0.985300 0.373517 149.406686 0.070737 29.233754 200.000000 29.233754 0.003876 1.550391 0.997495 -13.291050 200.000000 -13.291050 1.001959 400.783559 0.070737 25.204001 200.000000 25.204001 0.014873 5.949065 0.997495 -15.748980 200.000000 -15.748980
 10.600000 0.992625 0.121229 0.992743 0.120259 1.449268 1.450246 0.121229 0.992625 0.120259 0.992743 0.254947 101.978754 0.070737 29.233754 200.000000 29.233754 0.002372 0.948862 0.997495 -13.291050 200.000000 -13.291050 0.245241 98.096483 0.070737 25.204001 200.000000 25.204001 0.002259 0.903427 0.997495 -15.748980 200.000000 -15.748980
 10.800000 0.981556 0.191177 0.998104 0.061551 1.378435 1.509206 0.191177 0.981556 0.061551 0.998104 1.450574 580.229599 0.070737 29.233754 200.000000 29.233754 0.025406 10.162583 0.997495 -13.291050 200.000000 -13.291050 0.008439 3.375402 0.070737 25.204001 200.000000 25.204001 0.000037 0.014833 0.997495 -15.748980 200.000000 -15.748980
 11.000000 0.982932 0.183967 0.994323 0.106399 1.385775 1.464195 0.183967 0.982932 0.106399 0.994323 1.282101 512.840550 0.070737 29.233754 200.000000 29.233754 0.021207 8.482759 0.997495 -13.291050 200.000000 -13.291050 0.127180 50.871892 0.070737 25.204001 200.000000 25.204001 0.001006 0.402342 0.997495 -15.748980 200.000000 -15.748980
 11.200000 0.994966 0.100214 0.996388 0.084915 1.470414 1.485779 0.100214 0.994966 0.084915 0.996388 0.086886 34.754410 0.070737 29.233754 200.000000 29.233754 0.000640 0.255843 0.997495 -13.291050 200.000000 -13.291050 0.020100 8.039834 0.070737 25.204001 200.000000 25.204001 0.000122 0.048995 0.997495 -15.748980 200.000000 -15.748980
 11.400000 0.988589 0.150639 0.995902 0.090442 1.419582 1.480230 0.150639 0.988589 0.090442 0.995902 0.638428 255.371280 0.070737 29.233754 200.000000 29.233754 0.007932 3.172768 0.997495 -13.291050 200.000000 -13.291050 0.038828 15.531292 0.070737 25.204001 200.000000 25.204001 0.000254 0.101540 0.997495 -15.748980 200.000000 -15.748980
 11.600000 0.997700 0.067784 0.992653 0.120999 1.502961 1.449500 0.067784 0.997700 0.120999 0.992653 0.000872 0.348902 0.070737 29.233754 200.000000 29.233754 0.000004 0.001682 0.997495 -13.291050 200.000000 -13.291050 0.252623 101.049324 0.070737 25.204001 200.000000 25.204001 0.002345 0.937930 0.997495 -15.748980 200.000000 -15.748980
 11.800000 0.999985 -0.005497 0.999149 0.041241 1.576293 1.529544 -0.005497 0.999985 0.041241 0.999149 0.581159 232.463493 0.070737 29.233754 200.000000 29.233754 0.000620 0.247986 0.997495 -13.291050 200.000000 -13.291050 0.087003 34.801036 0.070737 25.204001 200.000000 25.204001 0.000274 0.109461 0.997495 -15.748980 200.000000 -15.748980
 12.000000 0.997195 0.074847 0.996791 0.080048 1.495879 1.490663 0.074847 0.997195 0.080048 0.996791 0.001689 0.675631 0.070737 29.233754 200.000000 29.233754 0.000009 0.003599 0.997495 -13.291050 200.000000 -13.291050 0.008668 3.467295 0.070737 25.204001 200.000000 25.204001 0.000050 0.019821 0.997495 -15.748980 200.000000 -15.748980
 12.200000 0.985859 0.167576 0.999997 0.002245 1.402426 1.568551 0.167576 0.985859 0.002245 0.999997 0.937775 375.110076 0.070737 29.233754 200.000000 29.233754 0.013539 5.415697 0.997495 -13.291050 200.000000 -13.291050 0.469120 187.647823 0.070737 25.204001 200.000000 25.204001 0.000626 0.250499 0.997495 -15.748980 200.000000 -15.748980
 12.400000 0.980865 0.194688 0.992940 0.118614 1.374857 1.451902 0.194688 0.980865 0.118614 0.992940 1.536375 614.550127 0.070737 29.233754 200.000000 29.233754 0.027655 11.061913 0.997495 -13.291050 200.000000 -13.291050 0.229219 91.687458 0.070737 25.204001 200.000000 25.204001 0.002074 0.829755 0.997495 -15.748980 200.000000 -15.748980
 12.600000 0.992400 0.123057 0.998913 0.046612 1.447426 1.524168 0.123057 0.992400 0.046612 0.998913 0.273740 109.495950 0.070737 29.233754 200.000000 29.233754 0.002596 1.038535 0.997495 -13.291050 200.000000 -13.291050 0.058205 23.281931 0.070737 25.204001 200.000000 25.204001 0.000201 0.080441 0.997495 -15.748980 200.000000 -15.748980
 12.800000 0.990059 0.140651 0.999999 0.001336 1.429677 1.569460 0.140651 0.990059 0.001336 0.999999 0.488797 195.518770 0.070737 29.233754 200.000000 29.233754 0.005529 2.211632 0.997495 -13.291050 200.000000 -13.291050 0.481648 192.659224 0.070737 25.204001 200.000000 25.204001 0.000627 0.250825 0.997495 -15.748980 200.000000 -15.748980
 13.000000 0.996431 0.084409 0.994461 0.105103 1.486287 1.465499 0.084409 0.996431 0.105103 0.994461 0.018692 7.476848 0.070737 29.233754 200.000000 29.233754 0.000113 0.045267 0.997495 -13.291050 200.000000 -13.291050 0.118099 47.239772 0.070737 25.204001 200.000000 25.204001 0.000920 0.368115 0.997495 -15.748980 200.000000 -15.748980
 13.200000 0.977321 0.211765 0.992920 0.118784 1.357416 1.451731 0.211765 0.977321 0.118784 0.992920 1.988875 795.550047 0.070737 29.233754 200.000000 29.233754 0.040700 16.280101 0.997495 -13.291050 200.000000 -13.291050 0.230850 92.339852 0.070737 25.204001 200.000000 25.204001 0.002093 0.837177 0.997495 -15.748980 200.000000 -15.748980
 13.400000 0.983308 0.181949 0.992695 0.120648 1.387828 1.449854 0.181949 0.983308 0.120648 0.992695 1.236816 494.726303 0.070737 29.233754 200.000000 29.233754 0.020127 8.050947 0.997495 -13.291050 200.000000 -13.291050 0.249108 99.643240 0.070737 25.204001 200.000000 25.204001 0.002304 0.921457 0.997495 -15.748980 200.000000 -15.748980
 13.600000 0.996931 0.078287 0.999911 0.013369 1.492430 1.557427 0.078287 0.996931 0.013369 0.999911 0.005699 2.279709 0.070737 29.233754 200.000000 29.233754 0.000032 0.012728 0.997495 -13.291050 200.000000 -13.291050 0.329117 131.646641 0.070737 25.204001 200.000000 25.204001 0.000584 0.233415 0.997495 -15.748980 200.000000 -15.748980
 13.800000 0.999446 0.033292 0.997015 0.077202 1.537498 1.493517 0.033292 0.999446 0.077202 0.997015 0.140213 56.085369 0.070737 29.233754 200.000000 29.233754 0.000381 0.152206 0.997495 -13.291050 200.000000 -13.291050 0.004179 1.671753 0.070737 25.204001 200.000000 25.204001 0.000023 0.009197 0.997495 -15.748980 200.000000 -15.748980
 14.000000 0.995428 0.095512 0.998427 0.056063 1.475139 1.514704 0.095512 0.995428 0.056063 0.998427 0.061379 24.551439 0.070737 29.233754 200.000000 29.233754 0.000427 0.170850 0.997495 -13.291050 200.000000 -13.291050 0.021534 8.613780 0.070737 25.204001 200.000000 25.204001 0.000087 0.034765 0.997495 -15.748980 200.000000 -15.748980
 14.200000 0.995599 0.093721 0.989353 0.145533 1.476938 1.424745 0.093721 0.995599 0.145533 0.989353 0.052824 21.129455 0.070737 29.233754 200.000000 29.233754 0.000360 0.143861 0.997495 -13.291050 200.000000 -13.291050 0.559439 223.775563 0.070737 25.204001 200.000000 25.204001 0.006629 2.651404 0.997495 -15.748980 200.000000 -15.748980
 14.400000 0.986869 0.161520 0.991538 0.129818 1.408566 1.440610 0.161520 0.986869 0.129818 0.991538 0.824148 329.659103 0.070737 29.233754 200.000000 29.233754 0.011290 4.516061 0.997495 -13.291050 200.000000 -13.291050 0.349059 139.623762 0.070737 25.204001 200.000000 25.204001 0.003549 1.419532 0.997495 -15.748980 200.000000 -15.748980
 14.600000 0.988903 0.148563 0.998547 0.053881 1.421681 1.516889 0.148563 0.988903 0.053881 0.998547 0.605693 242.277050 0.070737 29.233754 200.000000 29.233754 0.007382 2.952974 0.997495 -13.291050 200.000000 -13.291050 0.028414 11.365431 0.070737 25.204001 200.000000 25.204001 0.000111 0.044300 0.997495 -15.748980 200.000000 -15.748980
 14.800000 0.993157 0.116790 0.999286 0.037774 1.453739 1.533013 0.116790 0.993157 0.037774 0.999286 0.212087 84.834989 0.070737 29.233754 200.000000 29.233754 0.001882 0.752859 0.997495 -13.291050 200.000000 -13.291050 0.108658 43.463257 0.070737 25.204001 200.000000 25.204001 0.000321 0.128354 0.997495 -15.748980 200.000000 -15.748980
 15.000000 0.992276 0.124048 0.995249 0.097359 1.446428 1.473282 0.124048 0.992276 0.097359 0.995249 0.284207 113.682895 0.070737 29.233754 200.000000 29.233754 0.002724 1.089437 0.997495 -13.291050 200.000000 -13.291050 0.070874 28.349599 0.070737 25.204001 200.000000 25.204001 0.000504 0.201726 0.997495 -15.748980 200.000000 -15.748980
 15.200000 0.985637 0.168879 0.990564 0.137052 1.401104 1.433312 0.168879 0.985637 0.137052 0.990564 0.963191 385.276301 0.070737 29.233754 200.000000 29.233754 0.014062 5.624751 0.997495 -13.291050 200.000000 -13.291050 0.439766 175.906261 0.070737 25.204001 200.000000 25.204001 0.004804 1.921626 0.997495 -15.748980 200.000000 -15.748980
 15.400000 0.985710 0.168449 0.999918 0.012787 1.401540 1.558009 0.168449 0.985710 0.012787 0.999918 0.954757 381.902843 0.070737 29.233754 200.000000 29.233754 0.013888 5.555067 0.997495 -13.291050 200.000000 -13.291050 0.335819 134.327556 0.070737 25.204001 200.000000 25.204001 0.000587 0.234886 0.997495 -15.748980 200.000000 -15.748980
 15.600000 0.999995 -0.003282 0.994397 0.105709 1.574078 1.464889 -0.003282 0.999995 0.105709 0.994397 0.547879 219.151727 0.070737 29.233754 200.000000 29.233754 0.000625 0.249926 0.997495 -13.291050 200.000000 -13.291050 0.122303 48.921269 0.070737 25.204001 200.000000 25.204001 0.000960 0.383876 0.997495 -15.748980 200.000000 -15.748980
 15.800000 0.992616 0.121303 0.998747 0.050042 1.449194 1.520734 0.121303 0.992616 0.050042 0.998747 0.255689 102.275671 0.070737 29.233754 200.000000 29.233754 0.002381 0.952362 0.997495 -13.291050 200.000000 -13.291050 0.042830 17.131924 0.070737 25.204001 200.000000 25.204001 0.000157 0.062714 0.997495 -15.748980 200.000000 -15.748980
 16.000000 0.994523 0.104517 0.998144 0.060899 1.466088 1.509860 0.104517 0.994523 0.060899 0.998144 0.114110 45.643878 0.070737 29.233754 200.000000 29.233754 0.000883 0.353293 0.997495 -13.291050 200.000000 -13.291050 0.009679 3.871591 0.070737 25.204001 200.000000 25.204001 0.000042 0.016845 0.997495 -15.748980 200.000000 -15.748980
 16.200000 0.986723 0.162410 0.995337 0.096460 1.407664 1.474187 0.162410 0.986723 0.096460 0.995337 0.840388 336.155186 0.070737 29.233754 200.000000 29.233754 0.011603 4.641099 0.997495 -13.291050 200.000000 -13.291050 0.066164 26.465588 0.070737 25.204001 200.000000 25.204001 0.000466 0.186293 0.997495 -15.748980 200.000000 -15.748980
 16.400000 0.991181 0.132514 0.998552 0.053792 1.437892 1.516979 0.132514 0.991181 0.053792 0.998552 0.381634 152.653456 0.070737 29.233754 200.000000 29.233754 0.003986 1.594570 0.997495 -13.291050 200.000000 -13.291050 0.028715 11.485837 0.070737 25.204001 200.000000 25.204001 0.000112 0.044706 0.997495 -15.748980 200.000000 -15.748980
 16.600000 0.990512 0.137427 0.996878 0.078958 1.432934 1.491756 0.137427 0.990512 0.078958 0.996878 0.444746 177.898560 0.070737 29.233754 200.000000 29.233754 0.004876 1.950503 0.997495 -13.291050 200.000000 -13.291050 0.006758 2.703327 0.070737 25.204001 200.000000 25.204001 0.000038 0.015230 0.997495 -15.748980 200.000000 -15.748980
 16.800000 0.987532 0.157419 0.998491 0.054921 1.412720 1.515848 0.157419 0.987532 0.054921 0.998491 0.751372 300.548977 0.070737 29.233754 200.000000 29.233754 0.009926 3.970515 0.997495 -13.291050 200.000000 -13.291050 0.025016 10.006256 0.070737 25.204001 200.000000 25.204001 0.000099 0.039659 0.997495 -15.748980 200.000000 -15.748980
 17.000000 0.993260 0.115908 0.995771 0.091870 1.454627 1.478797 0.115908 0.993260 0.091870 0.995771 0.204044 81.617589 0.070737 29.233754 200.000000 29.233754 0.001794 0.717437 0.997495 -13.291050 200.000000 -13.291050 0.044657 17.862973 0.070737 25.204001 200.000000 25.204001 0.000297 0.118878 0.997495 -15.748980 200.000000 -15.748980
 17.200000 0.994635 0.103450 0.994705 0.102769 1.467161 1.467845 0.103450 0.994635 0.102769 0.994705 0.107012 42.804729 0.070737 29.233754 200.000000 29.233754 0.000818 0.327257 0.997495 -13.291050 200.000000 -13.291050 0.102606 41.042581 0.070737 25.204001 200.000000 25.204001 0.000778 0.311316 0.997495 -15.748980 200.000000 -15.748980
 17.400000 0.999314 0.037041 0.995100 0.098874 1.533747 1.471760 0.037041 0.999314 0.098874 0.995100 0.113546 45.418595 0.070737 29.233754 200.000000 29.233754 0.000331 0.132318 0.997495 -13.291050 200.000000 -13.291050 0.079170 31.667834 0.070737 25.204001 200.000000 25.204001 0.000574 0.229451 0.997495 -15.748980 200.000000 -15.748980
 17.600000 0.996550 0.083000 0.984831 0.173515 1.487701 1.396399 0.083000 0.996550 0.173515 0.984831 0.015037 6.014738 0.070737 29.233754 200.000000 29.233754 0.000089 0.035752 0.997495 -13.291050 200.000000 -13.291050 1.056328 422.531327 0.070737 25.204001 200.000000 25.204001 0.016037 6.414839 0.997495 -15.748980 200.000000 -15.748980
 17.800000 0.995049 0.099386 0.989777 0.142622 1.471246 1.427687 0.099386 0.995049 0.142622 0.989777 0.082075 32.829920 0.070737 29.233754 200.000000 29.233754 0.000598 0.239321 0.997495 -13.291050 200.000000 -13.291050 0.516735 206.694179 0.070737 25.204001 200.000000 25.204001 0.005956 2.382507 0.997495 -15.748980 200.000000 -15.748980
 18.000000 0.991565 0.129609 0.994885 0.101010 1.440822 1.469614 0.129609 0.991565 0.101010 0.994885 0.346591 138.636306 0.070737 29.233754 200.000000 29.233754 0.003516 1.406514 0.997495 -13.291050 200.000000 -13.291050 0.091645 36.658111 0.070737 25.204001 200.000000 25.204001 0.000681 0.272399 0.997495 -15.748980 200.000000 -15.748980
 18.200000 0.988573 0.150743 0.997838 0.065723 1.419476 1.505026 0.150743 0.988573 0.065723 0.997838 0.640098 256.039269 0.070737 29.233754 200.000000 29.233754 0.007960 3.184121 0.997495 -13.291050 200.000000 -13.291050 0.002515 1.005803 0.070737 25.204001 200.000000 25.204001 0.000012 0.004704 0.997495 -15.748980 200.000000 -15.748980
 18.400000 0.986019 0.166631 0.998839 -0.048180 1.403385 1.618995 0.166631 0.986019 -0.048180 0.998839 0.919555 367.822079 0.070737 29.233754 200.000000 29.233754 0.013169 5.267577 0.997495 -13.291050 200.000000 -13.291050 1.414141 565.656576 0.070737 25.204001 200.000000 25.204001 0.000181 0.072217 0.997495 -15.748980 200.000000 -15.748980
 18.600000 0.979316 0.202336 0.998466 0.055361 1.367054 1.515407 0.202336 0.979316 0.055361 0.998466 1.731819 692.727674 0.070737 29.233754 200.000000 29.233754 0.033047 13.218729 0.997495 -13.291050 200.000000 -13.291050 0.023641 9.456560 0.070737 25.204001 200.000000 25.204001 0.000094 0.037744 0.997495 -15.748980 200.000000 -15.748980
 18.800000 0.989436 0.144970 0.992759 0.120124 1.425314 1.450381 0.144970 0.989436 0.120124 0.992759 0.551049 220.419635 0.070737 29.233754 200.000000 29.233754 0.006495 2.597847 0.997495 -13.291050 200.000000 -13.291050 0.243910 97.563903 0.070737 25.204001 200.000000 25.204001 0.002243 0.897242 0.997495 -15.748980 200.000000 -15.748980
 19.000000 0.983174 0.182669 0.994284 0.106767 1.387096 1.463825 0.182669 0.983174 0.106767 0.994284 1.252872 501.148921 0.070737 29.233754 200.000000 29.233754 0.020508 8.203085 0.997495 -13.291050 200.000000 -13.291050 0.129818 51.927087 0.070737 25.204001 200.000000 25.204001 0.001031 0.412412 0.997495 -15.748980 200.000000 -15.748980
 19.200000 0.996596 0.082439 0.999872 0.015985 1.488263 1.554811 0.082439 0.996596 0.015985 0.999872 0.013694 5.477579 0.070737 29.233754 200.000000 29.233754 0.000081 0.032321 0.997495 -13.291050 200.000000 -13.291050 0.299780 119.912102 0.070737 25.204001 200.000000 25.204001 0.000565 0.226052 0.997495 -15.748980 200.000000 -15.748980
 19.400000 0.998548 0.053870 0.997636 0.068713 1.516901 1.502029 0.053870 0.998548 0.068713 0.997636 0.028451 11.380531 0.070737 29.233754 200.000000 29.233754 0.000111 0.044351 0.997495 -13.291050 200.000000 -13.291050 0.000410 0.163952 0.070737 25.204001 200.000000 25.204001 0.000002 0.000801 0.997495 -15.748980 200.000000 -15.748980
 19.600000 0.995347 0.096352 0.986498 0.163772 1.474294 1.406284 0.096352 0.995347 0.163772 0.986498 0.065614 26.245446 0.070737 29.233754 200.000000 29.233754 0.000461 0.184504 0.997495 -13.291050 200.000000 -13.291050 0.865540 346.216086 0.070737 25.204001 200.000000 25.204001 0.012093 4.837102 0.997495 -15.748980 200.000000 -15.748980
 19.800000 0.991185 0.132485 0.994802 0.101826 1.437920 1.468794 0.132485 0.991185 0.101826 0.994802 0.381283 152.513062 0.070737 29.233754 200.000000 29.233754 0.003982 1.592652 0.997495 -13.291050 200.000000 -13.291050 0.096648 38.659385 0.070737 25.204001 200.000000 25.204001 0.000725 0.290029 0.997495 -15.748980 200.000000 -15.748980
 20.000000 0.991246 0.132025 0.999987 -0.005059 1.438385 1.575855 0.132025 0.991246 -0.005059 0.999987 0.375619 150.247648 0.070737 29.233754 200.000000 29.233754 0.003904 1.561798 0.997495 -13.291050 200.000000 -13.291050 0.574505 229.801924 0.070737 25.204001 200.000000 25.204001 0.000621 0.248446 0.997495 -15.748980 200.000000 -15.748980
 20.200000 0.990487 0.137603 0.999766 0.021646 1.432755 1.549148 0.137603 0.990487 0.021646 0.999766 0.447109 178.843775 0.070737 29.233754 200.000000 29.233754 0.004911 1.964250 0.997495 -13.291050 200.000000 -13.291050 0.240992 96.396609 0.070737 25.204001 200.000000 25.204001 0.000516 0.206244 0.997495 -15.748980 200.000000 -15.748980
 20.400000 0.981273 0.192622 0.996930 0.078304 1.376963 1.492412 0.192622 0.981273 0.078304 0.996930 1.485597 594.238710 0.070737 29.233754 200.000000 29.233754 0.026315 10.526138 0.997495 -13.291050 200.000000 -13.291050 0.005726 2.290253 0.070737 25.204001 200.000000 25.204001 0.000032 0.012790 0.997495 -15.748980 200.000000 -15.748980
 20.600000 0.979979 0.199102 0.999281 0.037903 1.370355 1.532884 0.199102 0.979979 0.037903 0.999281 1.647751 659.100562 0.070737 29.233754 200.000000 29.233754 0.030682 12.272703 0.997495 -13.291050 200.000000 -13.291050 0.107810 43.123991 0.070737 25.204001 200.000000 25.204001 0.000319 0.127655 0.997495 -15.748980 200.000000 -15.748980
 20.800000 0.999753 0.022210 0.990836 0.135070 1.548584 1.435312 0.022210 0.999753 0.135070 0.990836 0.235486 94.194536 0.070737 29.233754 200.000000 29.233754 0.000510 0.204003 0.997495 -13.291050 200.000000 -13.291050 0.413876 165.550305 0.070737 25.204001 200.000000 25.204001 0.004434 1.773680 0.997495 -15.748980 200.000000 -15.748980
 21.000000 0.999462 0.032786 0.998883 0.047254 1.538005 1.523525 0.032786 0.999462 0.047254 0.998883 0.144033 57.613044 0.070737 29.233754 200.000000 29.233754 0.000387 0.154830 0.997495 -13.291050 200.000000 -13.291050 0.055146 22.058593 0.070737 25.204001 200.000000 25.204001 0.000193 0.077053 0.997495 -15.748980 200.000000 -15.748980
 21.200000 0.994564 0.104129 0.997340 0.072891 1.466478 1.497841 0.104129 0.994564 0.072891 0.997340 0.111503 44.601108 0.070737 29.233754 200.000000 29.233754 0.000859 0.343680 0.997495 -13.291050 200.000000 -13.291050 0.000464 0.185481 0.070737 25.204001 200.000000 25.204001 0.000002 0.000962 0.997495 -15.748980 200.000000 -15.748980
 21.400000 0.988494 0.151259 0.980328 0.197375 1.418955 1.372117 0.151259 0.988494 0.197375 0.980328 0.648375 259.350162 0.070737 29.233754 200.000000 29.233754 0.008101 3.240587 0.997495 -13.291050 200.000000 -13.291050 1.603707 641.482804 0.070737 25.204001 200.000000 25.204001 0.029470 11.788064 0.997495 -15.748980 200.000000 -15.748980
 21.600000 0.989622 0.143692 0.998177 0.060359 1.426605 1.510401 0.143692 0.989622 0.060359 0.998177 0.532244 212.897723 0.070737 29.233754 200.000000 29.233754 0.006198 2.479094 0.997495 -13.291050 200.000000 -13.291050 0.010771 4.308455 0.070737 25.204001 200.000000 25.204001 0.000046 0.018592 0.997495 -15.748980 200.000000 -15.748980
 21.800000 0.993747 0.111654 0.999947 0.010325 1.458909 1.560471 0.111654 0.993747 0.010325 0.999947 0.167417 66.966963 0.070737 29.233754 200.000000 29.233754 0.001405 0.561849 0.997495 -13.291050 200.000000 -13.291050 0.364962 145.984830 0.070737 25.204001 200.000000 25.204001 0.000601 0.240435 0.997495 -15.748980 200.000000 -15.748980
 22.000000 0.988857 0.148871 0.999357 0.035852 1.421370 1.534937 0.148871 0.988857 0.035852 0.999357 0.610484 244.193497 0.070737 29.233754 200.000000 29.233754 0.007462 2.984816 0.997495 -13.291050 200.000000 -13.291050 0.121700 48.679964 0.070737 25.204001 200.000000 25.204001 0.000347 0.138702 0.997495 -15.748980 200.000000 -15.748980
 22.200000 0.988700 0.149910 0.998866 0.047612 1.420319 1.523166 0.149910 0.988700 0.047612 0.998866 0.626834 250.733751 0.070737 29.233754 200.000000 29.233754 0.007736 3.094328 0.997495 -13.291050 200.000000 -13.291050 0.053476 21.390424 0.070737 25.204001 200.000000 25.204001 0.000188 0.075175 0.997495 -15.748980 200.000000 -15.748980
 22.400000 0.988970 0.148114 0.992880 0.119120 1.422135 1.451393 0.148114 0.988970 0.119120 0.992880 0.598719 239.487604 0.070737 29.233754 200.000000 29.233754 0.007267 2.906829 0.997495 -13.291050 200.000000 -13.291050 0.234086 93.634440 0.070737 25.204001 200.000000 25.204001 0.002130 0.851958 0.997495 -15.748980 200.000000 -15.748980
 22.600000 0.993726 0.111844 0.991233 0.132123 1.458718 1.438285 0.111844 0.993726 0.132123 0.991233 0.168974 67.589723 0.070737 29.233754 200.000000 29.233754 0.001421 0.568267 0.997495 -13.291050 200.000000 -13.291050 0.376826 150.730583 0.070737 25.204001 200.000000 25.204001 0.003921 1.568360 0.997495 -15.748980 200.000000 -15.748980
 22.800000 0.983715 0.179733 0.991596 0.129372 1.390082 1.441061 0.179733 0.983715 0.129372 0.991596 1.188004 475.201505 0.070737 29.233754 200.000000 29.233754 0.018988 7.595003 0.997495 -13.291050 200.000000 -13.291050 0.343804 137.521645 0.070737 25.204001 200.000000 25.204001 0.003480 1.391861 0.997495 -15.748980 200.000000 -15.748980
 23.000000 0.991734 0.128310 0.997355 0.072681 1.442131 1.498051 0.128310 0.991734 0.072681 0.997355 0.331468 132.587348 0.070737 29.233754 200.000000 29.233754 0.003319 1.327538 0.997495 -13.291050 200.000000 -13.291050 0.000378 0.151138 0.070737 25.204001 200.000000 25.204001 0.000002 0.000781 0.997495 -15.748980 200.000000 -15.748980
 23.200000 0.993873 0.110525 0.996996 0.077452 1.460045 1.493267 0.110525 0.993873 0.077452 0.996996 0.158310 63.323873 0.070737 29.233754 200.000000 29.233754 0.001312 0.524663 0.997495 -13.291050 200.000000 -13.291050 0.004509 1.803617 0.070737 25.204001 200.000000 25.204001 0.000025 0.009957 0.997495 -15.748980 200.000000 -15.748980
 23.400000 0.996134 0.087846 0.997155 0.075379 1.482837 1.495346 0.087846 0.996134 0.075379 0.997155 0.029270 11.707903 0.070737 29.233754 200.000000 29.233754 0.000185 0.074080 0.997495 -13.291050 200.000000 -13.291050 0.002154 0.861774 0.070737 25.204001 200.000000 25.204001 0.000012 0.004624 0.997495 -15.748980 200.000000 -15.748980
 23.600000 0.992263 0.124153 0.999058 0.043395 1.446323 1.527388 0.124153 0.992263 0.043395 0.999058 0.285321 114.128350 0.070737 29.233754 200.000000 29.233754 0.002737 1.094892 0.997495 -13.291050 200.000000 -13.291050 0.074759 29.903465 0.070737 25.204001 200.000000 25.204001 0.000244 0.097719 0.997495 -15.748980 200.000000 -15.748980
 23.800000 0.981125 0.193376 0.999687 0.025037 1.376195 1.545757 0.193376 0.981125 0.025037 0.999687 1.504019 601.607724 0.070737 29.233754 200.000000 29.233754 0.026798 10.719335 0.997495 -13.291050 200.000000 -13.291050 0.208852 83.540963 0.070737 25.204001 200.000000 25.204001 0.000480 0.192114 0.997495 -15.748980 200.000000 -15.748980
 24.000000 0.999102 0.042372 0.989693 0.143204 1.528411 1.427098 0.042372 0.999102 0.143204 0.989693 0.080456 32.182483 0.070737 29.233754 200.000000 29.233754 0.000258 0.103285 0.997495 -13.291050 200.000000 -13.291050 0.525149 210.059634 0.070737 25.204001 200.000000 25.204001 0.006087 2.434754 0.997495 -15.748980 200.000000 -15.748980
 24.200000 0.993209 0.116342 0.992243 0.124313 1.454190 1.446161 0.116342 0.993209 0.124313 0.992243 0.207983 83.193180 0.070737 29.233754 200.000000 29.233754 0.001837 0.734729 0.997495 -13.291050 200.000000 -13.291050 0.287038 114.815235 0.070737 25.204001 200.000000 25.204001 0.002758 1.103319 0.997495 -15.748980 200.000000 -15.748980
 24.400000 0.996317 0.085751 0.995797 0.091591 1.484940 1.479077 0.085751 0.996317 0.091591 0.995797 0.022542 9.016905 0.070737 29.233754 200.000000 29.233754 0.000139 0.055546 0.997495 -13.291050 200.000000 -13.291050 0.043489 17.395480 0.070737 25.204001 200.000000 25.204001 0.000288 0.115367 0.997495 -15.748980 200.000000 -15.748980
 24.600000 0.991477 0.130283 0.996597 0.082431 1.440142 1.488272 0.130283 0.991477 0.082431 0.996597 0.354566 141.826340 0.070737 29.233754 200.000000 29.233754 0.003622 1.448697 0.997495 -13.291050 200.000000 -13.291050 0.013674 5.469497 0.070737 25.204001 200.000000 25.204001 0.000081 0.032270 0.997495 -15.748980 200.000000 -15.748980
 24.800000 0.990282 0.139077 0.999618 0.027641 1.431267 1.543152 0.139077 0.990282 0.027641 0.999618 0.467031 186.812367 0.070737 29.233754 200.000000 29.233754 0.005203 2.081324 0.997495 -13.291050 200.000000 -13.291050 0.185730 74.291952 0.070737 25.204001 200.000000 25.204001 0.000451 0.180274 0.997495 -15.748980 200.000000 -15.748980
 25.000000 0.995957 0.089827 0.997872 -0.065208 1.480848 1.636051 0.089827 0.995957 -0.065208 0.997872 0.036441 14.576261 0.070737 29.233754 200.000000 29.233754 0.000236 0.094565 0.997495 -13.291050 200.000000 -13.291050 1.848123 739.249034 0.070737 25.204001 200.000000 25.204001 0.000014 0.005675 0.997495 -15.748980 200.000000 -15.748980
 25.200000 0.981184 0.193073 0.999602 0.028227 1.376503 1.542566 0.193073 0.981184 0.028227 0.999602 1.496599 598.639639 0.070737 29.233754 200.000000 29.233754 0.026603 10.641357 0.997495 -13.291050 200.000000 -13.291050 0.180713 72.285240 0.070737 25.204001 200.000000 25.204001 0.000444 0.177503 0.997495 -15.748980 200.000000 -15.748980
 25.400000 0.990828 0.135126 0.996056 0.088725 1.435255 1.481955 0.135126 0.990828 0.088725 0.996056 0.414595 165.837966 0.070737 29.233754 200.000000 29.233754 0.004444 1.777741 0.997495 -13.291050 200.000000 -13.291050 0.032356 12.942333 0.070737 25.204001 200.000000 25.204001 0.000207 0.082808 0.997495 -15.748980 200.000000 -15.748980
 25.600000 0.991206 0.132328 0.994453 0.105180 1.438079 1.465421 0.132328 0.991206 0.105180 0.994453 0.379346 151.738479 0.070737 29.233754 200.000000 29.233754 0.003955 1.582082 0.997495 -13.291050 200.000000 -13.291050 0.118633 47.453152 0.070737 25.204001 200.000000 25.204001 0.000925 0.370107 0.997495 -15.748980 200.000000 -15.748980
 25.800000 0.987538 0.157380 0.987347 0.158577 1.412759 1.411547 0.157380 0.987538 0.158577 0.987347 0.750704 300.281686 0.070737 29.233754 200.000000 29.233754 0.009914 3.965618 0.997495 -13.291050 200.000000 -13.291050 0.771584 308.633509 0.070737 25.204001 200.000000 25.204001 0.010299 4.119585 0.997495 -15.748980 200.000000 -15.748980
 26.000000 0.994256 0.107024 0.995103 0.098839 1.463567 1.471796 0.107024 0.994256 0.098839 0.995103 0.131673 52.669063 0.070737 29.233754 200.000000 29.233754 0.001049 0.419526 0.997495 -13.291050 200.000000 -13.291050 0.078971 31.588388 0.070737 25.204001 200.000000 25.204001 0.000572 0.228780 0.997495 -15.748980 200.000000 -15.748980
 26.200000 0.989531 0.144323 0.992145 0.125093 1.425968 1.445375 0.144323 0.989531 0.125093 0.992145 0.541488 216.595017 0.070737 29.233754 200.000000 29.233754 0.006343 2.537241 0.997495 -13.291050 200.000000 -13.291050 0.295456 118.182401 0.070737 25.204001 200.000000 25.204001 0.002862 1.144889 0.997495 -15.748980 200.000000 -15.748980
 26.400000 0.983696 0.179837 0.997256 0.074024 1.389976 1.496704 0.179837 0.983696 0.074024 0.997256 1.190273 476.109125 0.070737 29.233754 200.000000 29.233754 0.019040 7.615979 0.997495 -13.291050 200.000000 -13.291050 0.001081 0.432240 0.070737 25.204001 200.000000 25.204001 0.000006 0.002276 0.997495 -15.748980 200.000000 -15.748980
 26.600000 0.990786 0.135436 0.996500 0.083589 1.434943 1.487110 0.135436 0.990786 0.083589 0.996500 0.418588 167.435216 0.070737 29.233754 200.000000 29.233754 0.004501 1.800337 0.997495 -13.291050 200.000000 -13.291050 0.016517 6.606852 0.070737 25.204001 200.000000 25.204001 0.000099 0.039575 0.997495 -15.748980 200.000000 -15.748980
 26.800000 0.994496 0.104770 0.995991 0.089453 1.465834 1.481224 0.104770 0.994496 0.089453 0.995991 0.115822 46.328972 0.070737 29.233754 200.000000 29.233754 0.000899 0.359639 0.997495 -13.291050 200.000000 -13.291050 0.035027 14.010613 0.070737 25.204001 200.000000 25.204001 0.000226 0.090469 0.997495 -15.748980 200.000000 -15.748980
 27.000000 0.997424 0.071730 0.999250 0.038719 1.499004 1.532068 0.071730 0.997424 0.038719 0.999250 0.000099 0.039448 0.070737 29.233754 200.000000 29.233754 0.000001 0.000201 0.997495 -13.291050 200.000000 -13.291050 0.102517 41.006846 0.070737 25.204001 200.000000 25.204001 0.000308 0.123223 0.997495 -15.748980 200.000000 -15.748980
 27.200000 0.986757 0.162206 0.999248 0.038771 1.407870 1.532016 0.162206 0.986757 0.038771 0.999248 0.836660 334.663873 0.070737 29.233754 200.000000 29.233754 0.011531 4.612288 0.997495 -13.291050 200.000000 -13.291050 0.102184 40.873417 0.070737 25.204001 200.000000 25.204001 0.000307 0.122939 0.997495 -15.748980 200.000000 -15.748980
 27.400000 0.983336 0.181796 0.983908 0.178678 1.387984 1.391153 0.181796 0.983336 0.178678 0.983908 1.233407 493.362804 0.070737 29.233754 200.000000 29.233754 0.020047 8.018786 0.997495 -13.291050 200.000000 -13.291050 1.165132 466.052685 0.070737 25.204001 200.000000 25.204001 0.018462 7.384772 0.997495 -15.748980 200.000000 -15.748980
 27.600000 0.982774 0.184814 0.995589 0.093817 1.384914 1.476841 0.184814 0.982774 0.093817 0.995589 1.301346 520.538401 0.070737 29.233754 200.000000 29.233754 0.021672 8.668813 0.997495 -13.291050 200.000000 -13.291050 0.053268 21.307069 0.070737 25.204001 200.000000 25.204001 0.000363 0.145241 0.997495 -15.748980 200.000000 -15.748980
 27.800000 0.996654 0.081735 0.995269 0.097160 1.488970 1.473483 0.081735 0.996654 0.097160 0.995269 0.012095 4.838170 0.070737 29.233754 200.000000 29.233754 0.000071 0.028284 0.997495 -13.291050 200.000000 -13.291050 0.069815 27.926051 0.070737 25.204001 200.000000 25.204001 0.000496 0.198236 0.997495 -15.748980 200.000000 -15.748980
 28.000000 0.984454 0.175643 0.999715 -0.023892 1.394238 1.594690 0.175643 0.984454 -0.023892 0.999715 1.100513 440.205372 0.070737 29.233754 200.000000 29.233754 0.017007 6.802686 0.997495 -13.291050 200.000000 -13.291050 0.895466 358.186478 0.070737 25.204001 200.000000 25.204001 0.000493 0.197058 0.997495 -15.748980 200.000000 -15.748980
 28.200000 0.992714 0.120494 0.993994 0.109433 1.450009 1.461144 0.120494 0.992714 0.109433 0.993994 0.247576 99.030341 0.070737 29.233754 200.000000 29.233754 0.002286 0.914301 0.997495 -13.291050 200.000000 -13.291050 0.149733 59.893230 0.070737 25.204001 200.000000 25.204001 0.001226 0.490214 0.997495 -15.748980 200.000000 -15.748980
 28.400000 0.979319 0.202324 0.993447 0.114297 1.367066 1.456249 0.202324 0.979319 0.114297 0.993447 1.731512 692.604626 0.070737 29.233754 200.000000 29.233754 0.033038 13.215217 0.997495 -13.291050 200.000000 -13.291050 0.189742 75.896914 0.070737 25.204001 200.000000 25.204001 0.001639 0.655555 0.997495 -15.748980 200.000000 -15.748980
 28.600000 0.999214 0.039649 0.995116 0.098713 1.531137 1.471923 0.039649 0.999214 0.098713 0.995116 0.096649 38.659541 0.070737 29.233754 200.000000 29.233754 0.000295 0.118156 0.997495 -13.291050 200.000000 -13.291050 0.078262 31.304944 0.070737 25.204001 200.000000 25.204001 0.000566 0.226386 0.997495 -15.748980 200.000000 -15.748980
 28.800000 0.995692 0.092724 0.999865 0.016409 1.477939 1.554386 0.092724 0.995692 0.016409 0.999865 0.048340 19.336009 0.070737 29.233754 200.000000 29.233754 0.000325 0.130046 0.997495 -13.291050 200.000000 -13.291050 0.295151 118.060542 0.070737 25.204001 200.000000 25.204001 0.000562 0.224746 0.997495 -15.748980 200.000000 -15.748980
 29.000000 0.993411 0.114610 0.992210 0.124574 1.455933 1.445898 0.114610 0.993411 0.124574 0.992210 0.192486 76.994501 0.070737 29.233754 200.000000 29.233754 0.001668 0.667318 0.997495 -13.291050 200.000000 -13.291050 0.289840 115.936059 0.070737 25.204001 200.000000 25.204001 0.002793 1.117108 0.997495 -15.748980 200.000000 -15.748980
 29.200000 0.994714 0.102683 0.988858 0.148861 1.467932 1.421380 0.102683 0.994714 0.148861 0.988858 0.102054 40.821476 0.070737 29.233754 200.000000 29.233754 0.000773 0.309327 0.997495 -13.291050 200.000000 -13.291050 0.610339 244.135620 0.070737 25.204001 200.000000 25.204001 0.007460 2.983853 0.997495 -15.748980 200.000000 -15.748980
 29.400000 0.988445 0.151581 0.993973 0.109621 1.418629 1.460954 0.151581 0.988445 0.109621 0.993973 0.653564 261.425782 0.070737 29.233754 200.000000 29.233754 0.008190 3.276155 0.997495 -13.291050 200.000000 -13.291050 0.151198 60.479074 0.070737 25.204001 200.000000 25.204001 0.001240 0.496057 0.997495 -15.748980 200.000000 -15.748980
 29.600000 0.989013 0.147830 0.996146 0.087706 1.422422 1.482978 0.147830 0.989013 0.087706 0.996146 0.594337 237.734879 0.070737 29.233754 200.000000 29.233754 0.007195 2.877957 0.997495 -13.291050 200.000000 -13.291050 0.028793 11.517159 0.070737 25.204001 200.000000 25.204001 0.000182 0.072744 0.997495 -15.748980 200.000000 -15.748980
 29.800000 0.983289 0.182050 0.998977 0.045215 1.387726 1.525566 0.182050 0.983289 0.045215 0.998977 1.239048 495.619366 0.070737 29.233754 200.000000 29.233754 0.020180 8.072038 0.997495 -13.291050 200.000000 -13.291050 0.065138 26.055291 0.070737 25.204001 200.000000 25.204001 0.000220 0.087888 0.997495 -15.748980 200.000000 -15.748980
 30.000000 0.989700 0.143156 0.998869 0.047553 1.427147 1.523225 0.143156 0.989700 0.047553 0.998869 0.524444 209.777708 0.070737 29.233754 200.000000 29.233754 0.006076 2.430363 0.997495 -13.291050 200.000000 -13.291050 0.053751 21.500404 0.070737 25.204001 200.000000 25.204001 0.000189 0.075486 0.997495 -15.748980 200.000000 -15.748980
 30.200000 0.993212 0.116317 0.998978 0.045194 1.454216 1.525587 0.116317 0.993212 0.045194 0.998978 0.207750 83.099864 0.070737 29.233754 200.000000 29.233754 0.001834 0.733701 0.997495 -13.291050 200.000000 -13.291050 0.065248 26.099185 0.070737 25.204001 200.000000 25.204001 0.000220 0.088003 0.997495 -15.748980 200.000000 -15.748980
 30.400000 0.993075 0.117485 0.998311 0.058100 1.453040 1.512663 0.117485 0.993075 0.058100 0.998311 0.218534 87.413651 0.070737 29.233754 200.000000 29.233754 0.001954 0.781566 0.997495 -13.291050 200.000000 -13.291050 0.015969 6.387476 0.070737 25.204001 200.000000 25.204001 0.000067 0.026618 0.997495 -15.748980 200.000000 -15.748980
 30.600000 0.994490 0.104827 0.997087 0.076266 1.465776 1.494456 0.104827 0.994490 0.076266 0.997087 0.116211 46.484515 0.070737 29.233754 200.000000 29.233754 0.000903 0.361084 0.997495 -13.291050 200.000000 -13.291050 0.003057 1.222813 0.070737 25.204001 200.000000 25.204001 0.000017 0.006642 0.997495 -15.748980 200.000000 -15.748980
 30.800000 0.989248 0.146248 0.999513 0.031197 1.424022 1.539594 0.146248 0.989248 0.031197 0.999513 0.570193 228.077348 0.070737 29.233754 200.000000 29.233754 0.006801 2.720573 0.997495 -13.291050 200.000000 -13.291050 0.156344 62.537662 0.070737 25.204001 200.000000 25.204001 0.000407 0.162937 0.997495 -15.748980 200.000000 -15.748980
 31.000000 0.995731 0.092307 0.997052 0.076726 1.478358 1.493995 0.092307 0.995731 0.076726 0.997052 0.046524 18.609607 0.070737 29.233754 200.000000 29.233754 0.000311 0.124518 0.997495 -13.291050 200.000000 -13.291050 0.003587 1.434657 0.070737 25.204001 200.000000 25.204001 0.000020 0.007842 0.997495 -15.748980 200.000000 -15.748980
 31.200000 0.988113 0.153730 0.998797 0.049029 1.416454 1.521747 0.153730 0.988113 0.049029 0.998797 0.688783 275.513097 0.070737 29.233754 200.000000 29.233754 0.008802 3.520964 0.997495 -13.291050 200.000000 -13.291050 0.047123 18.849356 0.070737 25.204001 200.000000 25.204001 0.000170 0.067845 0.997495 -15.748980 200.000000 -15.748980
 31.400000 0.988084 0.153915 0.997147 0.075484 1.416267 1.495240 0.153915 0.988084 0.075484 0.997147 0.691857 276.742633 0.070737 29.233754 200.000000 29.233754 0.008857 3.542611 0.997495 -13.291050 200.000000 -13.291050 0.002253 0.901279 0.070737 25.204001 200.000000 25.204001 0.000012 0.004843 0.997495 -15.748980 200.000000 -15.748980
 31.600000 0.986941 0.161083 0.982236 0.187650 1.409008 1.382027 0.161083 0.986941 0.187650 0.982236 0.816236 326.494562 0.070737 29.233754 200.000000 29.233754 0.011139 4.455582 0.997495 -13.291050 200.000000 -13.291050 1.366862 546.744895 0.070737 25.204001 200.000000 25.204001 0.023284 9.313538 0.997495 -15.748980 200.000000 -15.748980
 31.800000 0.999818 0.019086 0.988066 0.154034 1.551710 1.416147 0.019086 0.999818 0.154034 0.988066 0.266789 106.715526 0.070737 29.233754 200.000000 29.233754 0.000540 0.215828 0.997495 -13.291050 200.000000 -13.291050 0.693837 277.534979 0.070737 25.204001 200.000000 25.204001 0.008891 3.556585 0.997495 -15.748980 200.000000 -15.748980
 32.000000 0.992438 0.122749 0.995936 0.090066 1.447737 1.480608 0.122749 0.992438 0.090066 0.995936 0.270524 108.209626 0.070737 29.233754 200.000000 29.233754 0.002558 1.023033 0.997495 -13.291050 200.000000 -13.291050 0.037359 14.943707 0.070737 25.204001 200.000000 25.204001 0.000243 0.097240 0.997495 -15.748980 200.000000 -15.748980
 32.200000 0.995409 0.095711 0.973948 0.226769 1.474938 1.342037 0.095711 0.995409 0.226769 0.973948 0.062371 24.948458 0.070737 29.233754 200.000000 29.233754 0.000435 0.174033 0.997495 -13.291050 200.000000 -13.291050 2.434602 973.840769 0.070737 25.204001 200.000000 25.204001 0.055444 22.177482 0.997495 -15.748980 200.000000 -15.748980
 32.400000 0.992573 0.121649 0.995431 0.095479 1.448845 1.475172 0.121649 0.992573 0.095479 0.995431 0.259200 103.680023 0.070737 29.233754 200.000000 29.233754 0.002422 0.968962 0.997495 -13.291050 200.000000 -13.291050 0.061215 24.485900 0.070737 25.204001 200.000000 25.204001 0.000426 0.170325 0.997495 -15.748980 200.000000 -15.748980
 32.600000 0.993853 0.110708 0.999732 -0.023154 1.459861 1.593952 0.110708 0.993853 -0.023154 0.999732 0.159767 63.906696 0.070737 29.233754 200.000000 29.233754 0.001326 0.530571 0.997495 -13.291050 200.000000 -13.291050 0.881550 352.619926 0.070737 25.204001 200.000000 25.204001 0.000500 0.200154 0.997495 -15.748980 200.000000 -15.748980
 32.800000 0.977485 0.211004 0.998514 0.054489 1.358194 1.516280 0.211004 0.977485 0.054489 0.998514 1.967478 786.991386 0.070737 29.233754 200.000000 29.233754 0.040039 16.015678 0.997495 -13.291050 200.000000 -13.291050 0.026400 10.559849 0.070737 25.204001 200.000000 25.204001 0.000104 0.041565 0.997495 -15.748980 200.000000 -15.748980
 33.000000 0.996771 0.080296 0.999945 -0.010483 1.490414 1.581280 0.080296 0.996771 -0.010483 0.999945 0.009136 3.654597 0.070737 29.233754 200.000000 29.233754 0.000052 0.020961 0.997495 -13.291050 200.000000 -13.291050 0.659676 263.870209 0.070737 25.204001 200.000000 25.204001 0.000600 0.240112 0.997495 -15.748980 200.000000 -15.748980
 33.200000 0.992894 0.119001 0.997630 0.068813 1.451512 1.501929 0.119001 0.992894 0.068813 0.997630 0.232942 93.176870 0.070737 29.233754 200.000000 29.233754 0.002117 0.846726 0.997495 -13.291050 200.000000 -13.291050 0.000370 0.148145 0.070737 25.204001 200.000000 25.204001 0.000002 0.000725 0.997495 -15.748980 200.000000 -15.748980
 33.400000 0.998070 0.062104 0.988692 0.149961 1.508652 1.420268 0.062104 0.998070 0.149961 0.988692 0.007453 2.981148 0.070737 29.233754 200.000000 29.233754 0.000033 0.013210 0.997495 -13.291050 200.000000 -13.291050 0.627634 251.053674 0.070737 25.204001 200.000000 25.204001 0.007749 3.099718 0.997495 -15.748980 200.000000 -15.748980
 33.600000 0.999924 0.012335 0.982357 0.187017 1.558461 1.382671 0.012335 0.999924 0.187017 0.982357 0.341087 136.434834 0.070737 29.233754 200.000000 29.233754 0.000590 0.235990 0.997495 -13.291050 200.000000 -13.291050 1.352110 540.844191 0.070737 25.204001 200.000000 25.204001 0.022917 9.166848 0.997495 -15.748980 200.000000 -15.748980
 33.800000 0.985928 0.167171 0.989618 0.143722 1.402837 1.426575 0.167171 0.985928 0.143722 0.989618 0.929941 371.976523 0.070737 29.233754 200.000000 29.233754 0.013380 5.351832 0.997495 -13.291050 200.000000 -13.291050 0.532674 213.069470 0.070737 25.204001 200.000000 25.204001 0.006204 2.481785 0.997495 -15.748980 200.000000 -15.748980
 34.000000 0.988400 0.151874 0.997137 0.075620 1.418332 1.495104 0.151874 0.988400 0.075620 0.997137 0.658319 263.327756 0.070737 29.233754 200.000000 29.233754 0.008272 3.308861 0.997495 -13.291050 200.000000 -13.291050 0.002384 0.953661 0.070737 25.204001 200.000000 25.204001 0.000013 0.005134 0.997495 -15.748980 200.000000 -15.748980
 34.200000 0.996419 0.084548 0.999510 0.031287 1.486148 1.539504 0.084548 0.996419 0.031287 0.999510 0.019073 7.629076 0.070737 29.233754 200.000000 29.233754 0.000116 0.046272 0.997495 -13.291050 200.000000 -13.291050 0.155633 62.253135 0.070737 25.204001 200.000000 25.204001 0.000406 0.162483 0.997495 -15.748980 200.000000 -15.748980
 34.400000 0.993486 0.113952 0.998032 0.062700 1.456596 1.508055 0.113952 0.993486 0.062700 0.998032 0.186753 74.701244 0.070737 29.233754 200.000000 29.233754 0.001607 0.642802 0.997495 -13.291050 200.000000 -13.291050 0.006459 2.583749 0.070737 25.204001 200.000000 25.204001 0.000029 0.011553 0.997495 -15.748980 200.000000 -15.748980
 34.600000 0.997245 0.074177 0.999660 0.026070 1.496551 1.544723 0.074177 0.997245 0.026070 0.999660 0.001183 0.473385 0.070737 29.233754 200.000000 29.233754 0.000006 0.002498 0.997495 -13.291050 200.000000 -13.291050 0.199516 79.806423 0.070737 25.204001 200.000000 25.204001 0.000469 0.187512 0.997495 -15.748980 200.000000 -15.748980
 34.800000 0.989484 0.144644 0.999879 0.015544 1.425643 1.555252 0.144644 0.989484 0.015544 0.999879 0.546223 218.489259 0.070737 29.233754 200.000000 29.233754 0.006418 2.567200 0.997495 -13.291050 200.000000 -13.291050 0.304630 121.851839 0.070737 25.204001 200.000000 25.204001 0.000568 0.227376 0.997495 -15.748980 200.000000 -15.748980
 35.000000 0.985303 0.170815 0.989893 0.141820 1.399140 1.428497 0.170815 0.985303 0.141820 0.989893 1.001554 400.621750 0.070737 29.233754 200.000000 29.233754 0.014864 5.945647 0.997495 -13.291050 200.000000 -13.291050 0.505272 202.108819 0.070737 25.204001 200.000000 25.204001 0.005780 2.311908 0.997495 -15.748980 200.000000 -15.748980
 35.200000 0.999050 0.043581 0.999354 0.035952 1.527201 1.534836 0.043581 0.999050 0.035952 0.999354 0.073743 29.497373 0.070737 29.233754 200.000000 29.233754 0.000242 0.096707 0.997495 -13.291050 200.000000 -13.291050 0.120998 48.399085 0.070737 25.204001 200.000000 25.204001 0.000345 0.138163 0.997495 -15.748980 200.000000 -15.748980
 35.400000 0.997437 0.071544 0.997641 0.068652 1.499191 1.502090 0.071544 0.997437 0.068652 0.997641 0.000065 0.026025 0.070737 29.233754 200.000000 29.233754 0.000000 0.000132 0.997495 -13.291050 200.000000 -13.291050 0.000435 0.173912 0.070737 25.204001 200.000000 25.204001 0.000002 0.000849 0.997495 -15.748980 200.000000 -15.748980
 35.600000 0.983724 0.179686 0.984733 0.174072 1.390129 1.395833 0.179686 0.983724 0.174072 0.984733 1.186983 474.793261 0.070737 29.233754 200.000000 29.233754 0.018964 7.585576 0.997495 -13.291050 200.000000 -13.291050 1.067800 427.119867 0.070737 25.204001 200.000000 25.204001 0.016287 6.514733 0.997495 -15.748980 200.000000 -15.748980
 35.800000 0.982930 0.183978 0.990507 0.137465 1.385764 1.432895 0.183978 0.982930 0.137465 0.990507 1.282357 512.942631 0.070737 29.233754 200.000000 29.233754 0.021213 8.485216 0.997495 -13.291050 200.000000 -13.291050 0.445254 178.101629 0.070737 25.204001 200.000000 25.204001 0.004884 1.953454 0.997495 -15.748980 200.000000 -15.748980
 36.000000 0.986620 0.163038 0.987440 0.157994 1.407027 1.412138 0.163038 0.986620 0.157994 0.987440 0.851942 340.776740 0.070737 29.233754 200.000000 29.233754 0.011827 4.730781 0.997495 -13.291050 200.000000 -13.291050 0.761375 304.549860 0.070737 25.204001 200.000000 25.204001 0.010110 4.044051 0.997495 -15.748980 200.000000 -15.748980
 36.200000 0.995945 0.089964 0.999742 0.022694 1.480710 1.548100 0.089964 0.995945 0.022694 0.999742 0.036967 14.786873 0.070737 29.233754 200.000000 29.233754 0.000240 0.096097 0.997495 -13.291050 200.000000 -13.291050 0.230811 92.324488 0.070737 25.204001 200.000000 25.204001 0.000505 0.202044 0.997495 -15.748980 200.000000 -15.748980
 36.400000 0.996511 0.083457 0.999946 0.010372 1.487242 1.560424 0.083457 0.996511 0.010372 0.999946 0.016180 6.471918 0.070737 29.233754 200.000000 29.233754 0.000097 0.038701 0.997495 -13.291050 200.000000 -13.291050 0.364392 145.756774 0.070737 25.204001 200.000000 25.204001 0.000601 0.240339 0.997495 -15.748980 200.000000 -15.748980
 36.600000 0.967850 0.251527 0.992629 0.121192 1.316539 1.449305 0.251527 0.967850 0.121192 0.992629 3.268483 1307.393365 0.070737 29.233754 200.000000 29.233754 0.087880 35.152141 0.997495 -13.291050 200.000000 -13.291050 0.254574 101.829437 0.070737 25.204001 200.000000 25.204001 0.002368 0.947103 0.997495 -15.748980 200.000000 -15.748980
 36.800000 0.994410 0.105586 0.996605 0.082327 1.465013 1.488376 0.105586 0.994410 0.082327 0.996605 0.121442 48.576961 0.070737 29.233754 200.000000 29.233754 0.000952 0.380637 0.997495 -13.291050 200.000000 -13.291050 0.013433 5.373034 0.070737 25.204001 200.000000 25.204001 0.000079 0.031657 0.997495 -15.748980 200.000000 -15.748980
 37.000000 0.989635 0.143603 0.999490 0.031939 1.426695 1.538852 0.143603 0.989635 0.031939 0.999490 0.530940 212.375976 0.070737 29.233754 200.000000 29.233754 0.006177 2.470923 0.997495 -13.291050 200.000000 -13.291050 0.150527 60.210844 0.070737 25.204001 200.000000 25.204001 0.000398 0.159172 0.997495 -15.748980 200.000000 -15.748980
 37.200000 0.997182 0.075024 0.994733 0.102499 1.495702 1.468117 0.075024 0.997182 0.102499 0.994733 0.001837 0.734982 0.070737 29.233754 200.000000 29.233754 0.000010 0.003925 0.997495 -13.291050 200.000000 -13.291050 0.100879 40.351478 0.070737 25.204001 200.000000 25.204001 0.000763 0.305110 0.997495 -15.748980 200.000000 -15.748980
 37.400000 0.987022 0.160582 0.999751 -0.022324 1.409516 1.593122 0.160582 0.987022 -0.022324 0.999751 0.807212 322.884951 0.070737 29.233754 200.000000 29.233754 0.010967 4.386944 0.997495 -13.291050 200.000000 -13.291050 0.866030 346.412081 0.070737 25.204001 200.000000 25.204001 0.000509 0.203548 0.997495 -15.748980 200.000000 -15.748980
 37.600000 0.989650 0.143501 0.995665 0.093016 1.426798 1.477645 0.143501 0.989650 0.093016 0.995665 0.529464 211.785646 0.070737 29.233754 200.000000 29.233754 0.006154 2.461689 0.997495 -13.291050 200.000000 -13.291050 0.049636 19.854343 0.070737 25.204001 200.000000 25.204001 0.000335 0.134015 0.997495 -15.748980 200.000000 -15.748980
 37.800000 0.995942 0.089997 0.997474 0.071039 1.480677 1.499698 0.089997 0.995942 0.071039 0.997474 0.037095 14.838174 0.070737 29.233754 200.000000 29.233754 0.000241 0.096470 0.997495 -13.291050 200.000000 -13.291050 0.000009 0.003642 0.070737 25.204001 200.000000 25.204001 0.000000 0.000018 0.997495 -15.748980 200.000000 -15.748980
 38.000000 0.995570 0.094020 0.995728 0.092339 1.476637 1.478326 0.094020 0.995570 0.092339 0.995728 0.054209 21.683588 0.070737 29.233754 200.000000 29.233754 0.000370 0.148176 0.997495 -13.291050 200.000000 -13.291050 0.046663 18.665341 0.070737 25.204001 200.000000 25.204001 0.000312 0.124941 0.997495 -15.748980 200.000000 -15.748980
 38.200000 0.997881 0.065067 0.988965 0.148149 1.505684 1.422100 0.065067 0.997881 0.148149 0.988965 0.003216 1.286260 0.070737 29.233754 200.000000 29.233754 0.000015 0.005958 0.997495 -13.291050 200.000000 -13.291050 0.599260 239.703845 0.070737 25.204001 200.000000 25.204001 0.007276 2.910398 0.997495 -15.748980 200.000000 -15.748980
 38.400000 0.991221 0.132217 0.991445 0.130522 1.438191 1.439900 0.132217 0.991221 0.130522 0.991445 0.377982 151.192786 0.070737 29.233754 200.000000 29.233754 0.003937 1.574649 0.997495 -13.291050 200.000000 -13.291050 0.357427 142.970795 0.070737 25.204001 200.000000 25.204001 0.003660 1.463919 0.997495 -15.748980 200.000000 -15.748980
 38.600000 0.981640 0.190743 0.995827 0.091258 1.378877 1.479411 0.190743 0.981640 0.091258 0.995827 1.440148 576.059203 0.070737 29.233754 200.000000 29.233754 0.025138 10.055303 0.997495 -13.291050 200.000000 -13.291050 0.042112 16.844704 0.070737 25.204001 200.000000 25.204001 0.000278 0.111254 0.997495 -15.748980 200.000000 -15.748980
 38.800000 0.984862 0.173339 0.999184 0.040397 1.396577 1.530388 0.173339 0.984862 0.040397 0.999184 1.052720 421.087862 0.070737 29.233754 200.000000 29.233754 0.015959 6.383531 0.997495 -13.291050 200.000000 -13.291050 0.092051 36.820426 0.070737 25.204001 200.000000 25.204001 0.000285 0.114070 0.997495 -15.748980 200.000000 -15.748980
 39.000000 0.998790 0.049172 0.997774 0.066691 1.521604 1.504056 0.049172 0.998790 0.066691 0.997774 0.046505 18.602027 0.070737 29.233754 200.000000 29.233754 0.000168 0.067115 0.997495 -13.291050 200.000000 -13.291050 0.001637 0.654902 0.070737 25.204001 200.000000 25.204001 0.000008 0.003107 0.997495 -15.748980 200.000000 -15.748980
 39.200000 0.992069 0.125693 0.998999 -0.044725 1.444770 1.615536 0.125693 0.992069 -0.044725 0.998999 0.302014 120.805741 0.070737 29.233754 200.000000 29.233754 0.002944 1.177574 0.997495 -13.291050 200.000000 -13.291050 1.333145 533.258187 0.070737 25.204001 200.000000 25.204001 0.000226 0.090524 0.997495 -15.748980 200.000000 -15.748980
 39.400000 0.990256 0.139257 0.995094 0.098932 1.431085 1.471702 0.139257 0.990256 0.098932 0.995094 0.469494 187.797422 0.070737 29.233754 200.000000 29.233754 0.005240 2.095942 0.997495 -13.291050 200.000000 -13.291050 0.079497 31.798856 0.070737 25.204001 200.000000 25.204001 0.000576 0.230560 0.997495 -15.748980 200.000000 -15.748980
 39.600000 0.989191 0.146635 0.989182 0.146691 1.423631 1.423574 0.146635 0.989191 0.146691 0.989182 0.576043 230.417335 0.070737 29.233754 200.000000 29.233754 0.006896 2.758441 0.997495 -13.291050 200.000000 -13.291050 0.576904 230.761441 0.070737 25.204001 200.000000 25.204001 0.006910 2.764024 0.997495 -15.748980 200.000000 -15.748980
 39.800000 0.997349 0.072766 0.990684 0.136183 1.497966 1.434189 0.072766 0.997349 0.136183 0.990684 0.000412 0.164707 0.070737 29.233754 200.000000 29.233754 0.000002 0.000852 0.997495 -13.291050 200.000000 -13.291050 0.428309 171.323778 0.070737 25.204001 200.000000 25.204001 0.004639 1.855713 0.997495 -15.748980 200.000000 -15.748980
 40.000000 0.996579 0.082649 0.996946 0.078089 1.488053 1.492628 0.082649 0.996579 0.078089 0.996946 0.014188 5.675334 0.070737 29.233754 200.000000 29.233754 0.000084 0.033580 0.997495 -13.291050 200.000000 -13.291050 0.005404 2.161677 0.070737 25.204001 200.000000 25.204001 0.000030 0.012037 0.997495 -15.748980 200.000000 -15.748980
 40.200000 0.986268 0.165155 0.999394 0.034820 1.404881 1.535969 0.165155 0.986268 0.034820 0.999394 0.891478 356.591254 0.070737 29.233754 200.000000 29.233754 0.012605 5.042195 0.997495 -13.291050 200.000000 -13.291050 0.129001 51.600535 0.070737 25.204001 200.000000 25.204001 0.000360 0.144187 0.997495 -15.748980 200.000000 -15.748980
 40.400000 0.987419 0.158126 0.999232 0.039177 1.412004 1.531610 0.158126 0.987419 0.039177 0.999232 0.763679 305.471506 0.070737 29.233754 200.000000 29.233754 0.010153 4.061056 0.997495 -13.291050 200.000000 -13.291050 0.099608 39.843044 0.070737 25.204001 200.000000 25.204001 0.000302 0.120731 0.997495 -15.748980 200.000000 -15.748980
 40.600000 0.992137 0.125157 0.996964 0.077866 1.445310 1.492852 0.125157 0.992137 0.077866 0.996964 0.296153 118.461231 0.070737 29.233754 200.000000 29.233754 0.002871 1.148351 0.997495 -13.291050 200.000000 -13.291050 0.005081 2.032509 0.070737 25.204001 200.000000 25.204001 0.000028 0.011283 0.997495 -15.748980 200.000000 -15.748980
 40.800000 0.987814 0.155638 0.996658 0.081682 1.414523 1.489023 0.155638 0.987814 0.081682 0.996658 0.720808 288.323031 0.070737 29.233754 200.000000 29.233754 0.009372 3.748687 0.997495 -13.291050 200.000000 -13.291050 0.011979 4.791484 0.070737 25.204001 200.000000 25.204001 0.000070 0.027992 0.997495 -15.748980 200.000000 -15.748980
 41.000000 0.992450 0.122650 0.999940 0.010998 1.447837 1.559798 0.122650 0.992450 0.010998 0.999940 0.269490 107.796161 0.070737 29.233754 200.000000 29.233754 0.002545 1.018064 0.997495 -13.291050 200.000000 -13.291050 0.356881 142.752274 0.070737 25.204001 200.000000 25.204001 0.000598 0.239030 0.997495 -15.748980 200.000000 -15.748980
 41.200000 0.988675 0.150072 0.993978 0.109577 1.420155 1.460999 0.150072 0.988675 0.109577 0.993978 0.629397 251.758745 0.070737 29.233754 200.000000 29.233754 0.007779 3.111609 0.997495 -13.291050 200.000000 -13.291050 0.150851 60.340537 0.070737 25.204001 200.000000 25.204001 0.001237 0.494674 0.997495 -15.748980 200.000000 -15.748980
 41.400000 0.987658 0.156627 0.993117 0.117127 1.413522 1.453400 0.156627 0.987658 0.117127 0.993117 0.737701 295.080323 0.070737 29.233754 200.000000 29.233754 0.009677 3.870753 0.997495 -13.291050 200.000000 -13.291050 0.215200 86.079972 0.070737 25.204001 200.000000 25.204001 0.001917 0.766684 0.997495 -15.748980 200.000000 -15.748980
 41.600000 0.999963 0.008545 0.995766 0.091927 1.562251 1.478739 0.008545 0.999963 0.091927 0.995766 0.386784 154.713450 0.070737 29.233754 200.000000 29.233754 0.000609 0.243740 0.997495 -13.291050 200.000000 -13.291050 0.044902 17.960932 0.070737 25.204001 200.000000 25.204001 0.000299 0.119615 0.997495 -15.748980 200.000000 -15.748980
 41.800000 0.994464 0.105079 0.998927 0.046302 1.465523 1.524478 0.105079 0.994464 0.046302 0.998927 0.117935 47.174055 0.070737 29.233754 200.000000 29.233754 0.000919 0.367502 0.997495 -13.291050 200.000000 -13.291050 0.059707 23.882792 0.070737 25.204001 200.000000 25.204001 0.000205 0.082081 0.997495 -15.748980 200.000000 -15.748980
 42.000000 0.998854 0.047869 0.998227 0.059518 1.522909 1.511243 0.047869 0.998854 0.059518 0.998227 0.052295 20.918060 0.070737 29.233754 200.000000 29.233754 0.000185 0.073835 0.997495 -13.291050 200.000000 -13.291050 0.012586 5.034399 0.070737 25.204001 200.000000 25.204001 0.000054 0.021446 0.997495 -15.748980 200.000000 -15.748980
 42.200000 0.990199 0.139660 0.998737 0.050249 1.430678 1.520526 0.139660 0.990199 0.050249 0.998737 0.475042 190.016656 0.070737 29.233754 200.000000 29.233754 0.005322 2.128993 0.997495 -13.291050 200.000000 -13.291050 0.041977 16.790962 0.070737 25.204001 200.000000 25.204001 0.000154 0.061677 0.997495 -15.748980 200.000000 -15.748980
 42.400000 0.983197 0.182548 0.996462 0.084042 1.387219 1.486655 0.182548 0.983197 0.084042 0.996462 1.250168 500.067355 0.070737 29.233754 200.000000 29.233754 0.020443 8.177390 0.997495 -13.291050 200.000000 -13.291050 0.017701 7.080382 0.070737 25.204001 200.000000 25.204001 0.000107 0.042663 0.997495 -15.748980 200.000000 -15.748980
 42.600000 0.974945 0.222445 0.993250 0.115997 1.346475 1.454538 0.222445 0.974945 0.115997 0.993250 2.301520 920.608037 0.070737 29.233754 200.000000 29.233754 0.050849 20.339567 0.997495 -13.291050 200.000000 -13.291050 0.204844 81.937509 0.070737 25.204001 200.000000 25.204001 0.001802 0.720940 0.997495 -15.748980 200.000000 -15.748980
 42.800000 0.988021 0.154323 0.991172 0.132585 1.415855 1.437820 0.154323 0.988021 0.132585 0.991172 0.698650 279.460148 0.070737 29.233754 200.000000 29.233754 0.008977 3.590615 0.997495 -13.291050 200.000000 -13.291050 0.382512 153.004841 0.070737 25.204001 200.000000 25.204001 0.003998 1.599373 0.997495 -15.748980 200.000000 -15.748980
 43.000000 0.995307 0.096767 0.995104 0.098838 1.473878 1.471797 0.096767 0.995307 0.098838 0.995104 0.067753 27.101057 0.070737 29.233754 200.000000 29.233754 0.000479 0.191473 0.997495 -13.291050 200.000000 -13.291050 0.078965 31.585957 0.070737 25.204001 200.000000 25.204001 0.000572 0.228759 0.997495 -15.748980 200.000000 -15.748980
 43.200000 0.990884 0.134721 0.996156 0.087600 1.435665 1.483084 0.134721 0.990884 0.087600 0.996156 0.409392 163.756666 0.070737 29.233754 200.000000 29.233754 0.004371 1.748427 0.997495 -13.291050 200.000000 -13.291050 0.028436 11.374504 0.070737 25.204001 200.000000 25.204001 0.000179 0.071747 0.997495 -15.748980 200.000000 -15.748980
 43.400000 0.987572 0.157166 0.997495 0.070732 1.412976 1.500005 0.157166 0.987572 0.070732 0.997495 0.746997 298.798833 0.070737 29.233754 200.000000 29.233754 0.009846 3.938493 0.997495 -13.291050 200.000000 -13.291050 0.000000 0.000001 0.070737 25.204001 200.000000 25.204001 0.000000 0.000000 0.997495 -15.748980 200.000000 -15.748980
 43.600000 0.989367 0.145442 0.999868 -0.016271 1.424837 1.587068 0.145442 0.989367 -0.016271 0.999868 0.558080 223.232090 0.070737 29.233754 200.000000 29.233754 0.006607 2.642707 0.997495 -13.291050 200.000000 -13.291050 0.757038 302.815287 0.070737 25.204001 200.000000 25.204001 0.000563 0.225176 0.997495 -15.748980 200.000000 -15.748980
 43.800000 0.993828 0.110931 0.999830 -0.018459 1.459636 1.589257 0.110931 0.993828 -0.018459 0.999830 0.161557 64.622900 0.070737 29.233754 200.000000 29.233754 0.001345 0.537852 0.997495 -13.291050 200.000000 -13.291050 0.795604 318.241632 0.070737 25.204001 200.000000 25.204001 0.000545 0.218019 0.997495 -15.748980 200.000000 -15.748980
 44.000000 0.996886 0.078852 0.997620 0.068949 1.491863 1.501793 0.078852 0.996886 0.068949 0.997620 0.006584 2.633748 0.070737 29.233754 200.000000 29.233754 0.000037 0.014817 0.997495 -13.291050 200.000000 -13.291050 0.000320 0.127974 0.070737 25.204001 200.000000 25.204001 0.000002 0.000627 0.997495 -15.748980 200.000000 -15.748980
 44.200000 0.993287 0.115677 0.997642 0.068636 1.454859 1.502106 0.115677 0.993287 0.068636 0.997642 0.201962 80.784860 0.070737 29.233754 200.000000 29.233754 0.001771 0.708341 0.997495 -13.291050 200.000000 -13.291050 0.000441 0.176532 0.070737 25.204001 200.000000 25.204001 0.000002 0.000861 0.997495 -15.748980 200.000000 -15.748980
 44.400000 0.995855 0.090951 0.984123 0.177486 1.479719 1.392365 0.090951 0.995855 0.177486 0.984123 0.040860 16.343959 0.070737 29.233754 200.000000 29.233754 0.000269 0.107534 0.997495 -13.291050 200.000000 -13.291050 1.139526 455.810489 0.070737 25.204001 200.000000 25.204001 0.017880 7.152013 0.997495 -15.748980 200.000000 -15.748980
 44.600000 0.988351 0.152189 0.994471 0.105009 1.418014 1.465594 0.152189 0.988351 0.105009 0.994471 0.663433 265.373248 0.070737 29.233754 200.000000 29.233754 0.008360 3.344156 0.997495 -13.291050 200.000000 -13.291050 0.117454 46.981468 0.070737 25.204001 200.000000 25.204001 0.000914 0.365707 0.997495 -15.748980 200.000000 -15.748980
 44.800000 0.994889 0.100970 0.987132 0.159909 1.469654 1.410198 0.100970 0.994889 0.159909 0.987132 0.091401 36.560311 0.070737 29.233754 200.000000 29.233754 0.000679 0.271543 0.997495 -13.291050 200.000000 -13.291050 0.795163 318.065238 0.070737 25.204001 200.000000 25.204001 0.010740 4.295875 0.997495 -15.748980 200.000000 -15.748980
 45.000000 0.981500 0.191465 0.996341 0.085469 1.378142 1.485222 0.191465 0.981500 0.085469 0.996341 1.457512 583.004803 0.070737 29.233754 200.000000 29.233754 0.025586 10.234214 0.997495 -13.291050 200.000000 -13.291050 0.021704 8.681588 0.070737 25.204001 200.000000 25.204001 0.000133 0.053287 0.997495 -15.748980 200.000000 -15.748980
 45.200000 0.985883 0.167437 0.999420 0.034052 1.402567 1.536738 0.167437 0.985883 0.034052 0.999420 0.935084 374.033753 0.070737 29.233754 200.000000 29.233754 0.013484 5.393730 0.997495 -13.291050 200.000000 -13.291050 0.134581 53.832411 0.070737 25.204001 200.000000 25.204001 0.000371 0.148237 0.997495 -15.748980 200.000000 -15.748980
 45.400000 0.987407 0.158200 0.999762 0.021803 1.411929 1.548991 0.158200 0.987407 0.021803 0.999762 0.764971 305.988327 0.070737 29.233754 200.000000 29.233754 0.010177 4.070603 0.997495 -13.291050 200.000000 -13.291050 0.239453 95.781047 0.070737 25.204001 200.000000 25.204001 0.000514 0.205625 0.997495 -15.748980 200.000000 -15.748980
 45.600000 0.996598 0.082421 0.998807 -0.048839 1.488281 1.619654 0.082421 0.996598 -0.048839 0.998807 0.013652 5.460688 0.070737 29.233754 200.000000 29.233754 0.000081 0.032214 0.997495 -13.291050 200.000000 -13.291050 1.429838 571.935144 0.070737 25.204001 200.000000 25.204001 0.000172 0.068822 0.997495 -15.748980 200.000000 -15.748980
 45.800000 0.998754 0.049900 1.000000 -0.000325 1.520876 1.571121 0.049900 0.998754 -0.000325 1.000000 0.043419 17.367731 0.070737 29.233754 200.000000 29.233754 0.000159 0.063427 0.997495 -13.291050 200.000000 -13.291050 0.504984 201.993544 0.070737 25.204001 200.000000 25.204001 0.000627 0.250993 0.997495 -15.748980 200.000000 -15.748980
 46.000000 0.982975 0.183741 0.992515 0.122123 1.386006 1.448367 0.183741 0.982975 0.122123 0.992515 1.276983 510.793050 0.070737 29.233754 200.000000 29.233754 0.021084 8.433527 0.997495 -13.291050 200.000000 -13.291050 0.264055 105.621961 0.070737 25.204001 200.000000 25.204001 0.002480 0.992044 0.997495 -15.748980 200.000000 -15.748980
 46.200000 0.996286 0.086103 0.990824 0.135158 1.484586 1.435224 0.086103 0.996286 0.135158 0.990824 0.023612 9.444777 0.070737 29.233754 200.000000 29.233754 0.000146 0.058446 0.997495 -13.291050 200.000000 -13.291050 0.415001 166.000387 0.070737 25.204001 200.000000 25.204001 0.004450 1.780035 0.997495 -15.748980 200.000000 -15.748980
 46.400000 0.993205 0.116376 0.983524 0.180780 1.454156 1.389017 0.116376 0.993205 0.180780 0.983524 0.208291 83.316449 0.070737 29.233754 200.000000 29.233754 0.001840 0.736086 0.997495 -13.291050 200.000000 -13.291050 1.210933 484.373211 0.070737 25.204001 200.000000 25.204001 0.019520 7.807950 0.997495 -15.748980 200.000000 -15.748980
 46.600000 0.988778 0.149394 0.998783 0.049325 1.420841 1.521451 0.149394 0.988778 0.049325 0.998783 0.618693 247.477143 0.070737 29.233754 200.000000 29.233754 0.007599 3.039635 0.997495 -13.291050 200.000000 -13.291050 0.045848 18.339133 0.070737 25.204001 200.000000 25.204001 0.000166 0.066336 0.997495 -15.748980 200.000000 -15.748980
 46.800000 0.992534 0.121971 0.998394 0.056657 1.448520 1.514109 0.121971 0.992534 0.056657 0.998394 0.262494 104.997680 0.070737 29.233754 200.000000 29.233754 0.002462 0.984608 0.997495 -13.291050 200.000000 -13.291050 0.019826 7.930522 0.070737 25.204001 200.000000 25.204001 0.000081 0.032309 0.997495 -15.748980 200.000000 -15.748980
 47.000000 0.969028 0.246952 0.995070 0.099175 1.321263 1.471458 0.246952 0.969028 0.099175 0.995070 3.105168 1242.067051 0.070737 29.233754 200.000000 29.233754 0.081039 32.415460 0.997495 -13.291050 200.000000 -13.291050 0.080870 32.348111 0.070737 25.204001 200.000000 25.204001 0.000588 0.235219 0.997495 -15.748980 200.000000 -15.748980
 47.200000 0.993503 0.113807 0.995740 0.092210 1.456742 1.478456 0.113807 0.993503 0.092210 0.995740 0.185501 74.200302 0.070737 29.233754 200.000000 29.233754 0.001594 0.637478 0.997495 -13.291050 200.000000 -13.291050 0.046106 18.442482 0.070737 25.204001 200.000000 25.204001 0.000308 0.123252 0.997495 -15.748980 200.000000 -15.748980
 47.400000 0.995613 0.093565 0.998399 0.056566 1.477094 1.514200 0.093565 0.995613 0.056566 0.998399 0.052112 20.844974 0.070737 29.233754 200.000000 29.233754 0.000354 0.141654 0.997495 -13.291050 200.000000 -13.291050 0.020082 8.032713 0.070737 25.204001 200.000000 25.204001 0.000082 0.032679 0.997495 -15.748980 200.000000 -15.748980
 47.600000 0.987786 0.155814 0.999828 0.018539 1.414345 1.552256 0.155814 0.987786 0.018539 0.999828 0.723804 289.521486 0.070737 29.233754 200.000000 29.233754 0.009426 3.770239 0.997495 -13.291050 200.000000 -13.291050 0.272463 108.985298 0.070737 25.204001 200.000000 25.204001 0.000544 0.217743 0.997495 -15.748980 200.000000 -15.748980
 47.800000 0.999295 0.037540 0.993951 0.109826 1.533248 1.460748 0.037540 0.999295 0.109826 0.993951 0.110206 44.082317 0.070737 29.233754 200.000000 29.233754 0.000324 0.129620 0.997495 -13.291050 200.000000 -13.291050 0.152793 61.117008 0.070737 25.204001 200.000000 25.204001 0.001256 0.502439 0.997495 -15.748980 200.000000 -15.748980
 48.000000 0.989005 0.147882 0.994694 0.102877 1.422370 1.467737 0.147882 0.989005 0.102877 0.994694 0.595131 238.052554 0.070737 29.233754 200.000000 29.233754 0.007208 2.883183 0.997495 -13.291050 200.000000 -13.291050 0.103295 41.317937 0.070737 25.204001 200.000000 25.204001 0.000784 0.313795 0.997495 -15.748980 200.000000 -15.748980
 48.200000 0.987779 0.155863 0.996500 0.083588 1.414296 1.487111 0.155863 0.987779 0.083588 0.996500 0.724634 289.853435 0.070737 29.233754 200.000000 29.233754 0.009441 3.776215 0.997495 -13.291050 200.000000 -13.291050 0.016515 6.605825 0.070737 25.204001 200.000000 25.204001 0.000099 0.039569 0.997495 -15.748980 200.000000 -15.748980
 48.400000 0.984385 0.176027 0.997224 0.074466 1.393848 1.496262 0.176027 0.984385 0.074466 0.997224 1.108590 443.436125 0.070737 29.233754 200.000000 29.233754 0.017186 6.874480 0.997495 -13.291050 200.000000 -13.291050 0.001390 0.556084 0.070737 25.204001 200.000000 25.204001 0.000007 0.002947 0.997495 -15.748980 200.000000 -15.748980
 48.600000 0.987607 0.156948 0.999513 0.031221 1.413197 1.539571 0.156948 0.987607 0.031221 0.999513 0.743231 297.292276 0.070737 29.233754 200.000000 29.233754 0.009777 3.911000 0.997495 -13.291050 200.000000 -13.291050 0.156157 62.462639 0.070737 25.204001 200.000000 25.204001 0.000407 0.162818 0.997495 -15.748980 200.000000 -15.748980
 48.800000 0.998440 0.055830 0.999987 0.005068 1.514938 1.565728 0.055830 0.998440 0.005068 0.999987 0.022224 8.889444 0.070737 29.233754 200.000000 29.233754 0.000089 0.035746 0.997495 -13.291050 200.000000 -13.291050 0.431242 172.496948 0.070737 25.204001 200.000000 25.204001 0.000621 0.248436 0.997495 -15.748980 200.000000 -15.748980
 49.000000 0.980806 0.194987 0.990306 0.138903 1.374552 1.431442 0.194987 0.980806 0.138903 0.990306 1.543799 617.519610 0.070737 29.233754 200.000000 29.233754 0.027853 11.141099 0.997495 -13.291050 200.000000 -13.291050 0.464663 185.865339 0.070737 25.204001 200.000000 25.204001 0.005168 2.067300 0.997495 -15.748980 200.000000 -15.748980
 49.200000 0.989684 0.143270 0.992663 0.120917 1.427032 1.449583 0.143270 0.989684 0.120917 0.992663 0.526101 210.440328 0.070737 29.233754 200.000000 29.233754 0.006102 2.440686 0.997495 -13.291050 200.000000 -13.291050 0.251799 100.719642 0.070737 25.204001 200.000000 25.204001 0.002335 0.934060 0.997495 -15.748980 200.000000 -15.748980
 49.400000 0.994591 0.103869 0.992127 0.125234 1.466740 1.445232 0.103869 0.994591 0.125234 0.992127 0.109771 43.908558 0.070737 29.233754 200.000000 29.233754 0.000843 0.337328 0.997495 -13.291050 200.000000 -13.291050 0.296994 118.797629 0.070737 25.204001 200.000000 25.204001 0.002881 1.152531 0.997495 -15.748980 200.000000 -15.748980
 49.600000 0.994081 0.108640 0.995175 0.098113 1.461942 1.472525 0.108640 0.994081 0.098113 0.995175 0.143661 57.464340 0.070737 29.233754 200.000000 29.233754 0.001165 0.466163 0.997495 -13.291050 200.000000 -13.291050 0.074944 29.977705 0.070737 25.204001 200.000000 25.204001 0.000538 0.215244 0.997495 -15.748980 200.000000 -15.748980
 49.800000 0.992652 0.121007 0.993902 0.110266 1.449492 1.460306 0.121007 0.992652 0.110266 0.993902 0.252707 101.082634 0.070737 29.233754 200.000000 29.233754 0.002346 0.938321 0.997495 -13.291050 200.000000 -13.291050 0.156253 62.501358 0.070737 25.204001 200.000000 25.204001 0.001291 0.516353 0.997495 -15.748980 200.000000 -15.748980
 50.000000 0.992393 0.123109 0.993937 0.109951 1.447374 1.460623 0.123109 0.992393 0.109951 0.993937 0.274282 109.712679 0.070737 29.233754 200.000000 29.233754 0.002603 1.041153 0.997495 -13.291050 200.000000 -13.291050 0.153772 61.508601 0.070737 25.204001 200.000000 25.204001 0.001266 0.506365 0.997495 -15.748980 200.000000 -15.748980
 50.200000 0.988758 0.149527 0.981450 0.191718 1.420706 1.377884 0.149527 0.988758 0.191718 0.981450 0.620791 248.316218 0.070737 29.233754 200.000000 29.233754 0.007634 3.053696 0.997495 -13.291050 200.000000 -13.291050 1.463636 585.454494 0.070737 25.204001 200.000000 25.204001 0.025744 10.297604 0.997495 -15.748980 200.000000 -15.748980
 50.400000 0.989880 0.141908 0.994601 0.103775 1.428407 1.466834 0.141908 0.989880 0.103775 0.994601 0.506534 202.613447 0.070737 29.233754 200.000000 29.233754 0.005799 2.319644 0.997495 -13.291050 200.000000 -13.291050 0.109153 43.661154 0.070737 25.204001 200.000000 25.204001 0.000838 0.335065 0.997495 -15.748980 200.000000 -15.748980
 50.600000 0.995641 0.093268 0.998635 0.052238 1.477392 1.518535 0.093268 0.995641 0.052238 0.998635 0.050766 20.306360 0.070737 29.233754 200.000000 29.233754 0.000344 0.137492 0.997495 -13.291050 200.000000 -13.291050 0.034222 13.688998 0.070737 25.204001 200.000000 25.204001 0.000130 0.051955 0.997495 -15.748980 200.000000 -15.748980
 50.800000 0.996962 0.077887 0.999688 0.024969 1.492830 1.545824 0.077887 0.996962 0.024969 0.999688 0.005112 2.044951 0.070737 29.233754 200.000000 29.233754 0.000028 0.011356 0.997495 -13.291050 200.000000 -13.291050 0.209469 83.787598 0.070737 25.204001 200.000000 25.204001 0.000481 0.192410 0.997495 -15.748980 200.000000 -15.748980
 51.000000 0.990861 0.134890 0.999994 -0.003393 1.435494 1.574190 0.134890 0.990861 -0.003393 0.999994 0.411555 164.622114 0.070737 29.233754 200.000000 29.233754 0.004401 1.760598 0.997495 -13.291050 200.000000 -13.291050 0.549536 219.814378 0.070737 25.204001 200.000000 25.204001 0.000625 0.249851 0.997495 -15.748980 200.000000 -15.748980
 51.200000 0.978583 0.205851 0.992884 0.119088 1.363463 1.451425 0.205851 0.978583 0.119088 0.992884 1.825568 730.227280 0.070737 29.233754 200.000000 29.233754 0.035765 14.305939 0.997495 -13.291050 200.000000 -13.291050 0.233781 93.512515 0.070737 25.204001 200.000000 25.204001 0.002126 0.850563 0.997495 -15.748980 200.000000 -15.748980
 51.400000 0.995603 0.093670 0.999702 0.024408 1.476989 1.546386 0.093670 0.995603 0.024408 0.999702 0.052590 21.035969 0.070737 29.233754 200.000000 29.233754 0.000358 0.143135 0.997495 -13.291050 200.000000 -13.291050 0.214640 85.855827 0.070737 25.204001 200.000000 25.204001 0.000487 0.194851 0.997495 -15.748980 200.000000 -15.748980
 51.600000 0.987967 0.154667 0.998936 0.046112 1.415506 1.524668 0.154667 0.987967 0.046112 0.998936 0.704419 281.767624 0.070737 29.233754 200.000000 29.233754 0.009079 3.631547 0.997495 -13.291050 200.000000 -13.291050 0.060641 24.256292 0.070737 25.204001 200.000000 25.204001 0.000208 0.083093 0.997495 -15.748980 200.000000 -15.748980
 51.800000 0.993049 0.117700 0.985685 0.168598 1.452823 1.401389 0.117700 0.993049 0.168598 0.985685 0.220548 88.219219 0.070737 29.233754 200.000000 29.233754 0.001976 0.790591 0.997495 -13.291050 200.000000 -13.291050 0.957671 383.068452 0.070737 25.204001 200.000000 25.204001 0.013948 5.579109 0.997495 -15.748980 200.000000 -15.748980
 52.000000 0.996956 0.077970 0.993594 0.113005 1.492747 1.457549 0.077970 0.996956 0.113005 0.993594 0.005231 2.092516 0.070737 29.233754 200.000000 29.233754 0.000029 0.011633 0.997495 -13.291050 200.000000 -13.291050 0.178661 71.464211 0.070737 25.204001 200.000000 25.204001 0.001521 0.608593 0.997495 -15.748980 200.000000 -15.748980
 52.200000 0.987038 0.160486 0.984204 0.177039 1.409614 1.392819 0.160486 0.987038 0.177039 0.984204 0.805480 322.192133 0.070737 29.233754 200.000000 29.233754 0.010935 4.373812 0.997495 -13.291050 200.000000 -13.291050 1.130008 452.003094 0.070737 25.204001 200.000000 25.204001 0.017665 7.066191 0.997495 -15.748980 200.000000 -15.748980
 52.400000 0.991995 0.126275 0.999515 0.031141 1.444183 1.539650 0.126275 0.991995 0.031141 0.999515 0.308448 123.379141 0.070737 29.233754 200.000000 29.233754 0.003025 1.209889 0.997495 -13.291050 200.000000 -13.291050 0.156784 62.713580 0.070737 25.204001 200.000000 25.204001 0.000408 0.163217 0.997495 -15.748980 200.000000 -15.748980
 52.600000 0.996452 0.084161 0.999799 0.020048 1.486536 1.550747 0.084161 0.996452 0.020048 0.999799 0.018019 7.207539 0.070737 29.233754 200.000000 29.233754 0.000109 0.043496 0.997495 -13.291050 200.000000 -13.291050 0.256938 102.775113 0.070737 25.204001 200.000000 25.204001 0.000531 0.212342 0.997495 -15.748980 200.000000 -15.748980
 52.800000 0.993889 0.110385 0.992021 0.126073 1.460186 1.444387 0.110385 0.993889 0.126073 0.992021 0.157194 62.877583 0.070737 29.233754 200.000000 29.233754 0.001300 0.520150 0.997495 -13.291050 200.000000 -13.291050 0.306207 122.482605 0.070737 25.204001 200.000000 25.204001 0.002997 1.198603 0.997495 -15.748980 200.000000 -15.748980
 53.000000 0.999324 0.036750 0.999955 0.009444 1.534038 1.561352 0.036750 0.999324 0.009444 0.999955 0.115510 46.203999 0.070737 29.233754 200.000000 29.233754 0.000335 0.133881 0.997495 -13.291050 200.000000 -13.291050 0.375687 150.274846 0.070737 25.204001 200.000000 25.204001 0.000605 0.242146 0.997495 -15.748980 200.000000 -15.748980
 53.200000 0.999666 0.025836 0.999674 0.025518 1.544957 1.545275 0.025836 0.999666 0.025518 0.999674 0.201609 80.643593 0.070737 29.233754 200.000000 29.233754 0.000471 0.188564 0.997495 -13.291050 200.000000 -13.291050 0.204473 81.789317 0.070737 25.204001 200.000000 25.204001 0.000475 0.189985 0.997495 -15.748980 200.000000 -15.748980
 53.400000 0.990928 0.134393 0.995508 0.094682 1.435995 1.475972 0.134393 0.990928 0.094682 0.995508 0.405210 162.083912 0.070737 29.233754 200.000000 29.233754 0.004312 1.724975 0.997495 -13.291050 200.000000 -13.291050 0.057335 22.934135 0.070737 25.204001 200.000000 25.204001 0.000395 0.157993 0.997495 -15.748980 200.000000 -15.748980
 53.600000 0.983709 0.179768 0.993769 0.111458 1.390046 1.459106 0.179768 0.983709 0.111458 0.993769 1.188769 475.507460 0.070737 29.233754 200.000000 29.233754 0.019005 7.602072 0.997495 -13.291050 200.000000 -13.291050 0.165819 66.327534 0.070737 25.204001 200.000000 25.204001 0.001388 0.555278 0.997495 -15.748980 200.000000 -15.748980
 53.800000 0.981324 0.192363 0.995795 0.091612 1.377227 1.479056 0.192363 0.981324 0.091612 0.995795 1.479274 591.709451 0.070737 29.233754 200.000000 29.233754 0.026150 10.460138 0.997495 -13.291050 200.000000 -13.291050 0.043576 17.430227 0.070737 25.204001 200.000000 25.204001 0.000289 0.115628 0.997495 -15.748980 200.000000 -15.748980
 54.000000 0.994314 0.106489 0.999504 0.031493 1.464105 1.539299 0.106489 0.994314 0.031493 0.999504 0.127823 51.129046 0.070737 29.233754 200.000000 29.233754 0.001012 0.404791 0.997495 -13.291050 200.000000 -13.291050 0.154014 61.605640 0.070737 25.204001 200.000000 25.204001 0.000404 0.161443 0.997495 -15.748980 200.000000 -15.748980
 54.200000 0.985651 0.168799 0.996847 0.079350 1.401185 1.491363 0.168799 0.985651 0.079350 0.996847 0.961610 384.644137 0.070737 29.233754 200.000000 29.233754 0.014029 5.611669 0.997495 -13.291050 200.000000 -13.291050 0.007418 2.967162 0.070737 25.204001 200.000000 25.204001 0.000042 0.016805 0.997495 -15.748980 200.000000 -15.748980
 54.400000 0.990206 0.139617 0.997493 0.070762 1.430721 1.499975 0.139617 0.990206 0.070762 0.997493 0.474446 189.778280 0.070737 29.233754 200.000000 29.233754 0.005314 2.125435 0.997495 -13.291050 200.000000 -13.291050 0.000000 0.000024 0.070737 25.204001 200.000000 25.204001 0.000000 0.000000 0.997495 -15.748980 200.000000 -15.748980
 54.600000 0.989446 0.144903 0.998615 0.052621 1.425381 1.518151 0.144903 0.989446 0.052621 0.998615 0.550064 220.025525 0.070737 29.233754 200.000000 29.233754 0.006479 2.591580 0.997495 -13.291050 200.000000 -13.291050 0.032818 13.127335 0.070737 25.204001 200.000000 25.204001 0.000125 0.050136 0.997495 -15.748980 200.000000 -15.748980
 54.800000 0.987401 0.158236 0.995874 0.090752 1.411892 1.479919 0.158236 0.987401 0.090752 0.995874 0.765604 306.241774 0.070737 29.233754 200.000000 29.233754 0.010188 4.075287 0.997495 -13.291050 200.000000 -13.291050 0.040059 16.023634 0.070737 25.204001 200.000000 25.204001 0.000263 0.105165 0.997495 -15.748980 200.000000 -15.748980
 55.000000 0.983393 0.181491 0.989759 0.142747 1.388294 1.427560 0.181491 0.983393 0.142747 0.989759 1.226635 490.653949 0.070737 29.233754 200.000000 29.233754 0.019888 7.955034 0.997495 -13.291050 200.000000 -13.291050 0.518545 207.417909 0.070737 25.204001 200.000000 25.204001 0.005984 2.393712 0.997495 -15.748980 200.000000 -15.748980
 55.200000 0.997437 0.071555 0.992691 0.120687 1.499180 1.449814 0.071555 0.997437 0.120687 0.992691 0.000067 0.026775 0.070737 29.233754 200.000000 29.233754 0.000000 0.000136 0.997495 -13.291050 200.000000 -13.291050 0.249503 99.801291 0.070737 25.204001 200.000000 25.204001 0.002308 0.923305 0.997495 -15.748980 200.000000 -15.748980
 55.400000 0.999071 0.043092 0.999860 0.016760 1.527691 1.554036 0.043092 0.999071 0.016760 0.999860 0.076425 30.569928 0.070737 29.233754 200.000000 29.233754 0.000248 0.099366 0.997495 -13.291050 200.000000 -13.291050 0.291355 116.541923 0.070737 25.204001 200.000000 25.204001 0.000559 0.223645 0.997495 -15.748980 200.000000 -15.748980
 55.600000 0.988295 0.152553 0.999213 0.039676 1.417645 1.531110 0.152553 0.988295 0.039676 0.999213 0.669389 267.755590 0.070737 29.233754 200.000000 29.233754 0.008464 3.385421 0.997495 -13.291050 200.000000 -13.291050 0.096482 38.592856 0.070737 25.204001 200.000000 25.204001 0.000295 0.118010 0.997495 -15.748980 200.000000 -15.748980
 55.800000 0.992538 0.121939 0.999886 0.015129 1.448553 1.555667 0.121939 0.992538 0.015129 0.999886 0.262161 104.864519 0.070737 29.233754 200.000000 29.233754 0.002458 0.983023 0.997495 -13.291050 200.000000 -13.291050 0.309227 123.690821 0.070737 25.204001 200.000000 25.204001 0.000571 0.228592 0.997495 -15.748980 200.000000 -15.748980
 56.000000 0.987999 0.154460 0.996079 0.088469 1.415716 1.482211 0.154460 0.987999 0.088469 0.996079 0.700944 280.377402 0.070737 29.233754 200.000000 29.233754 0.009017 3.606867 0.997495 -13.291050 200.000000 -13.291050 0.031443 12.577266 0.070737 25.204001 200.000000 25.204001 0.000201 0.080213 0.997495 -15.748980 200.000000 -15.748980
 56.200000 0.997714 0.067575 0.998529 0.054212 1.503170 1.516557 0.067575 0.997714 0.054212 0.998529 0.001000 0.400088 0.070737 29.233754 200.000000 29.233754 0.000005 0.001923 0.997495 -13.291050 200.000000 -13.291050 0.027307 10.922750 0.070737 25.204001 200.000000 25.204001 0.000107 0.042803 0.997495 -15.748980 200.000000 -15.748980
 56.400000 0.999121 0.041911 0.998916 0.046552 1.528873 1.524227 0.041911 0.999121 0.046552 0.998916 0.083093 33.237108 0.070737 29.233754 200.000000 29.233754 0.000264 0.105800 0.997495 -13.291050 200.000000 -13.291050 0.058491 23.396543 0.070737 25.204001 200.000000 25.204001 0.000202 0.080755 0.997495 -15.748980 200.000000 -15.748980
 56.600000 0.988508 0.151171 0.957092 0.289785 1.419044 1.276794 0.151171 0.988508 0.289785 0.957092 0.646953 258.781217 0.070737 29.233754 200.000000 29.233754 0.008077 3.230861 0.997495 -13.291050 200.000000 -13.291050 4.798183 1919.273030 0.070737 25.204001 200.000000 25.204001 0.163241 65.296550 0.997495 -15.748980 200.000000 -15.748980
 56.800000 0.977715 0.209938 0.995369 0.096129 1.359284 1.474519 0.209938 0.977715 0.096129 0.995369 1.937696 775.078257 0.070737 29.233754 200.000000 29.233754 0.039126 15.650503 0.997495 -13.291050 200.000000 -13.291050 0.064473 25.789112 0.070737 25.204001 200.000000 25.204001 0.000452 0.180807 0.997495 -15.748980 200.000000 -15.748980
 57.000000 0.994332 0.106320 0.994162 0.107894 1.464275 1.462692 0.106320 0.994332 0.107894 0.994162 0.126613 50.645137 0.070737 29.233754 200.000000 29.233754 0.001000 0.400185 0.997495 -13.291050 200.000000 -13.291050 0.138061 55.224292 0.070737 25.204001 200.000000 25.204001 0.001111 0.444236 0.997495 -15.748980 200.000000 -15.748980
 57.200000 0.992849 0.119373 0.999890 -0.014849 1.451138 1.585645 0.119373 0.992849 -0.014849 0.999890 0.236545 94.618113 0.070737 29.233754 200.000000 29.233754 0.002158 0.863235 0.997495 -13.291050 200.000000 -13.291050 0.732493 292.997014 0.070737 25.204001 200.000000 25.204001 0.000573 0.229396 0.997495 -15.748980 200.000000 -15.748980
 57.400000 0.989608 0.143793 0.999837 -0.018071 1.426503 1.588869 0.143793 0.989608 -0.018071 0.999837 0.533715 213.486152 0.070737 29.233754 200.000000 29.233754 0.006221 2.488319 0.997495 -13.291050 200.000000 -13.291050 0.788698 315.479071 0.070737 25.204001 200.000000 25.204001 0.000548 0.219344 0.997495 -15.748980 200.000000 -15.748980
 57.600000 0.977684 0.210080 0.998474 0.055225 1.359140 1.515544 0.210080 0.977684 0.055225 0.998474 1.941639 776.655457 0.070737 29.233754 200.000000 29.233754 0.039247 15.698656 0.997495 -13.291050 200.000000 -13.291050 0.024064 9.625639 0.070737 25.204001 200.000000 25.204001 0.000096 0.038335 0.997495 -15.748980 200.000000 -15.748980
 57.800000 0.992437 0.122753 0.995729 0.092323 1.447733 1.478342 0.122753 0.992437 0.092323 0.995729 0.270562 108.224648 0.070737 29.233754 200.000000 29.233754 0.002558 1.023214 0.997495 -13.291050 200.000000 -13.291050 0.046595 18.637981 0.070737 25.204001 200.000000 25.204001 0.000312 0.124733 0.997495 -15.748980 200.000000 -15.748980
 58.000000 0.994357 0.106089 0.987016 0.160622 1.464507 1.409475 0.106089 0.994357 0.160622 0.987016 0.124977 49.990846 0.070737 29.233754 200.000000 29.233754 0.000985 0.393977 0.997495 -13.291050 200.000000 -13.291050 0.807928 323.171386 0.070737 25.204001 200.000000 25.204001 0.010981 4.392377 0.997495 -15.748980 200.000000 -15.748980
 58.200000 0.994360 0.106053 0.980964 0.194190 1.464543 1.375365 0.106053 0.994360 0.194190 0.980964 0.124721 49.888264 0.070737 29.233754 200.000000 29.233754 0.000983 0.393006 0.997495 -13.291050 200.000000 -13.291050 1.524051 609.620253 0.070737 25.204001 200.000000 25.204001 0.027327 10.930933 0.997495 -15.748980 200.000000 -15.748980
 58.400000 0.994940 0.100474 0.994377 0.105902 1.470152 1.464695 0.100474 0.994940 0.105902 0.994377 0.088428 35.371382 0.070737 29.233754 200.000000 29.233754 0.000653 0.261185 0.997495 -13.291050 200.000000 -13.291050 0.123656 49.462562 0.070737 25.204001 200.000000 25.204001 0.000972 0.388981 0.997495 -15.748980 200.000000 -15.748980
 58.600000 0.987858 0.155357 0.999122 0.041889 1.414808 1.528895 0.155357 0.987858 0.041889 0.999122 0.716043 286.417142 0.070737 29.233754 200.000000 29.233754 0.009286 3.714500 0.997495 -13.291050 200.000000 -13.291050 0.083223 33.289219 0.070737 25.204001 200.000000 25.204001 0.000265 0.105923 0.997495 -15.748980 200.000000 -15.748980
 58.800000 0.983255 0.182237 0.998252 0.059095 1.387535 1.511667 0.182237 0.983255 0.059095 0.998252 1.243222 497.288808 0.070737 29.233754 200.000000 29.233754 0.020279 8.111520 0.997495 -13.291050 200.000000 -13.291050 0.013555 5.421878 0.070737 25.204001 200.000000 25.204001 0.000057 0.022946 0.997495 -15.748980 200.000000 -15.748980
 59.000000 0.984950 0.172837 0.999972 -0.007430 1.397087 1.578227 0.172837 0.984950 -0.007430 0.999972 1.042437 416.974889 0.070737 29.233754 200.000000 29.233754 0.015737 6.294628 0.997495 -13.291050 200.000000 -13.291050 0.611016 244.406505 0.070737 25.204001 200.000000 25.204001 0.000614 0.245502 0.997495 -15.748980 200.000000 -15.748980
 59.200000 0.986558 0.163411 0.999984 0.005650 1.406649 1.565146 0.163411 0.986558 0.005650 0.999984 0.858846 343.538416 0.070737 29.233754 200.000000 29.233754 0.011962 4.784659 0.997495 -13.291050 200.000000 -13.291050 0.423633 169.453092 0.070737 25.204001 200.000000 25.204001 0.000620 0.247815 0.997495 -15.748980 200.000000 -15.748980
 59.400000 0.987443 0.157974 0.999212 0.039684 1.412158 1.531102 0.157974 0.987443 0.039684 0.999212 0.761020 304.408101 0.070737 29.233754 200.000000 29.233754 0.010104 4.041437 0.997495 -13.291050 200.000000 -13.291050 0.096431 38.572410 0.070737 25.204001 200.000000 25.204001 0.000295 0.117965 0.997495 -15.748980 200.000000 -15.748980
 59.600000 0.994600 0.103784 0.994215 0.107412 1.466825 1.463177 0.103784 0.994600 0.107412 0.994215 0.109210 43.683866 0.070737 29.233754 200.000000 29.233754 0.000838 0.335272 0.997495 -13.291050 200.000000 -13.291050 0.134501 53.800435 0.070737 25.204001 200.000000 25.204001 0.001076 0.430427 0.997495 -15.748980 200.000000 -15.748980
 59.800000 0.998090 0.061776 0.988687 0.149993 1.508981 1.420235 0.061776 0.998090 0.149993 0.988687 0.008030 3.212117 0.070737 29.233754 200.000000 29.233754 0.000035 0.014163 0.997495 -13.291050 200.000000 -13.291050 0.628148 251.259119 0.070737 25.204001 200.000000 25.204001 0.007758 3.103181 0.997495 -15.748980 200.000000 -15.748980
 60.000000 0.999263 0.038374 0.988895 0.148618 1.532412 1.421626 0.038374 0.999263 0.148618 0.988895 0.104735 41.893827 0.070737 29.233754 200.000000 29.233754 0.000313 0.125095 0.997495 -13.291050 200.000000 -13.291050 0.606540 242.616078 0.070737 25.204001 200.000000 25.204001 0.007396 2.958599 0.997495 -15.748980 200.000000 -15.748980
 60.200000 0.991924 0.126836 0.995083 0.099044 1.443618 1.471589 0.126836 0.991924 0.099044 0.995083 0.314705 125.881933 0.070737 29.233754 200.000000 29.233754 0.003104 1.241555 0.997495 -13.291050 200.000000 -13.291050 0.080130 32.051883 0.070737 25.204001 200.000000 25.204001 0.000582 0.232704 0.997495 -15.748980 200.000000 -15.748980
 60.400000 0.989095 0.147276 0.999175 0.040618 1.422982 1.530168 0.147276 0.989095 0.040618 0.999175 0.585823 234.329048 0.070737 29.233754 200.000000 29.233754 0.007055 2.822124 0.997495 -13.291050 200.000000 -13.291050 0.090719 36.287717 0.070737 25.204001 200.000000 25.204001 0.000282 0.112866 0.997495 -15.748980 200.000000 -15.748980
 60.600000 0.991131 0.132885 0.999988 0.004839 1.437517 1.565957 0.132885 0.991131 0.004839 0.999988 0.386238 154.495041 0.070737 29.233754 200.000000 29.233754 0.004049 1.619792 0.997495 -13.291050 200.000000 -13.291050 0.434256 173.702310 0.070737 25.204001 200.000000 25.204001 0.000622 0.248663 0.997495 -15.748980 200.000000 -15.748980
 60.800000 0.997201 0.074768 0.999408 0.034392 1.495959 1.536397 0.074768 0.997201 0.034392 0.999408 0.001625 0.649831 0.070737 29.233754 200.000000 29.233754 0.000009 0.003458 0.997495 -13.291050 200.000000 -13.291050 0.132096 52.838274 0.070737 25.204001 200.000000 25.204001 0.000366 0.146448 0.997495 -15.748980 200.000000 -15.748980
 61.000000 0.980975 0.194132 0.994286 0.106747 1.375424 1.463846 0.194132 0.980975 0.106747 0.994286 1.522623 609.049368 0.070737 29.233754 200.000000 29.233754 0.027290 10.915804 0.997495 -13.291050 200.000000 -13.291050 0.129671 51.868268 0.070737 25.204001 200.000000 25.204001 0.001030 0.411849 0.997495 -15.748980 200.000000 -15.748980
 61.200000 0.998363 0.057194 0.992976 0.118318 1.513571 1.452200 0.057194 0.998363 0.118318 0.992976 0.018342 7.336940 0.070737 29.233754 200.000000 29.233754 0.000075 0.030144 0.997495 -13.291050 200.000000 -13.291050 0.226394 90.557547 0.070737 25.204001 200.000000 25.204001 0.002042 0.816941 0.997495 -15.748980 200.000000 -15.748980
 61.400000 0.982027 0.188739 0.985341 0.170599 1.380918 1.399359 0.188739 0.982027 0.170599 0.985341 1.392452 556.980680 0.070737 29.233754 200.000000 29.233754 0.023925 9.570084 0.997495 -13.291050 200.000000 -13.291050 0.997234 398.893542 0.070737 25.204001 200.000000 25.204001 0.014773 5.909188 0.997495 -15.748980 200.000000 -15.748980
 61.600000 0.989337 0.145643 0.995755 0.092047 1.424633 1.478619 0.145643 0.989337 0.092047 0.995755 0.561090 224.435906 0.070737 29.233754 200.000000 29.233754 0.006655 2.661984 0.997495 -13.291050 200.000000 -13.291050 0.045410 18.163829 0.070737 25.204001 200.000000 25.204001 0.000303 0.121145 0.997495 -15.748980 200.000000 -15.748980
 61.800000 0.994632 0.103471 0.999793 0.020356 1.467140 1.550439 0.103471 0.994632 0.020356 0.999793 0.107149 42.859681 0.070737 29.233754 200.000000 29.233754 0.000819 0.327756 0.997495 -13.291050 200.000000 -13.291050 0.253825 101.530144 0.070737 25.204001 200.000000 25.204001 0.000528 0.211197 0.997495 -15.748980 200.000000 -15.748980
 62.000000 0.988081 0.153933 0.993997 0.109404 1.416249 1.461173 0.153933 0.988081 0.109404 0.993997 0.692149 276.859497 0.070737 29.233754 200.000000 29.233754 0.008862 3.544671 0.997495 -13.291050 200.000000 -13.291050 0.149510 59.803861 0.070737 25.204001 200.000000 25.204001 0.001223 0.489324 0.997495 -15.748980 200.000000 -15.748980
 62.200000 0.983510 0.180851 0.999755 -0.022122 1.388944 1.592920 0.180851 0.983510 -0.022122 0.999755 1.212514 485.005416 0.070737 29.233754 200.000000 29.233754 0.019557 7.822709 0.997495 -13.291050 200.000000 -13.291050 0.862274 344.909671 0.070737 25.204001 200.000000 25.204001 0.000511 0.204359 0.997495 -15.748980 200.000000 -15.748980
 62.400000 0.994759 0.102250 0.999388 0.034973 1.468367 1.535817 0.102250 0.994759 0.034973 0.999388 0.099307 39.722852 0.070737 29.233754 200.000000 29.233754 0.000749 0.299489 0.997495 -13.291050 200.000000 -13.291050 0.127911 51.164241 0.070737 25.204001 200.000000 25.204001 0.000358 0.143381 0.997495 -15.748980 200.000000 -15.748980
 62.600000 0.991472 0.130318 0.996275 0.086228 1.440106 1.484461 0.130318 0.991472 0.086228 0.996275 0.354989 141.995429 0.070737 29.233754 200.000000 29.233754 0.003627 1.450943 0.997495 -13.291050 200.000000 -13.291050 0.023996 9.598399 0.070737 25.204001 200.000000 25.204001 0.000149 0.059491 0.997495 -15.748980 200.000000 -15.748980
 62.800000 0.999618 0.027621 0.996938 0.078192 1.543172 1.492524 0.027621 0.999618 0.078192 0.996938 0.185900 74.359976 0.070737 29.233754 200.000000 29.233754 0.000451 0.180366 0.997495 -13.291050 200.000000 -13.291050 0.005558 2.223059 0.070737 25.204001 200.000000 25.204001 0.000031 0.012396 0.997495 -15.748980 200.000000 -15.748980
 63.000000 0.999187 0.040315 0.992225 0.124459 1.530470 1.446013 0.040315 0.999187 0.124459 0.992225 0.092548 37.019277 0.070737 29.233754 200.000000 29.233754 0.000286 0.114517 0.997495 -13.291050 200.000000 -13.291050 0.288606 115.442508 0.070737 25.204001 200.000000 25.204001 0.002778 1.111030 0.997495 -15.748980 200.000000 -15.748980
 63.200000 0.994220 0.107364 0.997602 0.069214 1.463225 1.501527 0.107364 0.994220 0.069214 0.997602 0.134149 53.659542 0.070737 29.233754 200.000000 29.233754 0.001073 0.429066 0.997495 -13.291050 200.000000 -13.291050 0.000232 0.092759 0.070737 25.204001 200.000000 25.204001 0.000001 0.000456 0.997495 -15.748980 200.000000 -15.748980
 63.400000 0.995953 0.089871 0.996506 0.083517 1.480804 1.487182 0.089871 0.995953 0.083517 0.996506 0.036610 14.644177 0.070737 29.233754 200.000000 29.233754 0.000238 0.095058 0.997495 -13.291050 200.000000 -13.291050 0.016332 6.532745 0.070737 25.204001 200.000000 25.204001 0.000098 0.039095 0.997495 -15.748980 200.000000 -15.748980
 63.600000 0.981397 0.191992 0.995944 0.089973 1.377605 1.480701 0.191992 0.981397 0.089973 0.995944 1.470269 588.107739 0.070737 29.233754 200.000000 29.233754 0.025916 10.366429 0.997495 -13.291050 200.000000 -13.291050 0.037003 14.801130 0.070737 25.204001 200.000000 25.204001 0.000241 0.096201 0.997495 -15.748980 200.000000 -15.748980
 63.800000 0.996276 0.086221 0.996644 0.081858 1.484468 1.488846 0.086221 0.996276 0.081858 0.996644 0.023974 9.589497 0.070737 29.233754 200.000000 29.233754 0.000149 0.059431 0.997495 -13.291050 200.000000 -13.291050 0.012368 4.947021 0.070737 25.204001 200.000000 25.204001 0.000072 0.028968 0.997495 -15.748980 200.000000 -15.748980
 64.000000 0.997980 0.063530 0.998536 0.054090 1.507223 1.516680 0.063530 0.997980 0.054090 0.998536 0.005194 2.077725 0.070737 29.233754 200.000000 29.233754 0.000024 0.009407 0.997495 -13.291050 200.000000 -13.291050 0.027712 11.084985 0.070737 25.204001 200.000000 25.204001 0.000108 0.043353 0.997495 -15.748980 200.000000 -15.748980
 64.200000 0.989003 0.147894 0.995666 0.093003 1.422358 1.477659 0.147894 0.989003 0.093003 0.995666 0.595321 238.128474 0.070737 29.233754 200.000000 29.233754 0.007211 2.884432 0.997495 -13.291050 200.000000 -13.291050 0.049577 19.830764 0.070737 25.204001 200.000000 25.204001 0.000335 0.133834 0.997495 -15.748980 200.000000 -15.748980
 64.400000 0.989369 0.145430 0.990468 0.137740 1.424849 1.432617 0.145430 0.989369 0.137740 0.990468 0.557896 223.158268 0.070737 29.233754 200.000000 29.233754 0.006604 2.641526 0.997495 -13.291050 200.000000 -13.291050 0.448936 179.574572 0.070737 25.204001 200.000000 25.204001 0.004937 1.974899 0.997495 -15.748980 200.000000 -15.748980
 64.600000 0.978328 0.207061 0.985936 0.167126 1.362226 1.402882 0.207061 0.978328 0.167126 0.985936 1.858428 743.371042 0.070737 29.233754 200.000000 29.233754 0.036737 14.694999 0.997495 -13.291050 200.000000 -13.291050 0.929079 371.631612 0.070737 25.204001 200.000000 25.204001 0.013362 5.344819 0.997495 -15.748980 200.000000 -15.748980
 64.800000 0.999904 0.013830 0.996933 0.078265 1.556966 1.492451 0.013830 0.999904 0.078265 0.996933 0.323842 129.536798 0.070737 29.233754 200.000000 29.233754 0.000581 0.232203 0.997495 -13.291050 200.000000 -13.291050 0.005667 2.266952 0.070737 25.204001 200.000000 25.204001 0.000032 0.012653 0.997495 -15.748980 200.000000 -15.748980
 65.000000 0.990381 0.138364 0.998392 0.056679 1.431987 1.514086 0.138364 0.990381 0.056679 0.998392 0.457337 182.934844 0.070737 29.233754 200.000000 29.233754 0.005060 2.024092 0.997495 -13.291050 200.000000 -13.291050 0.019762 7.904796 0.070737 25.204001 200.000000 25.204001 0.000081 0.032216 0.997495 -15.748980 200.000000 -15.748980
 65.200000 0.997506 0.070587 0.990898 0.134615 1.500150 1.435772 0.070587 0.997506 0.134615 0.990898 0.000002 0.000901 0.070737 29.233754 200.000000 29.233754 0.000000 0.000005 0.997495 -13.291050 200.000000 -13.291050 0.408034 163.213479 0.070737 25.204001 200.000000 25.204001 0.004352 1.740801 0.997495 -15.748980 200.000000 -15.748980
 65.400000 0.997819 0.066013 0.999753 -0.022204 1.504735 1.593002 0.066013 0.997819 -0.022204 0.999753 0.002231 0.892579 0.070737 29.233754 200.000000 29.233754 0.000010 0.004193 0.997495 -13.291050 200.000000 -13.291050 0.863804 345.521634 0.070737 25.204001 200.000000 25.204001 0.000510 0.204029 0.997495 -15.748980 200.000000 -15.748980
 65.600000 0.986573 0.163322 0.995180 0.098069 1.406739 1.472569 0.163322 0.986573 0.098069 0.995180 0.857193 342.877126 0.070737 29.233754 200.000000 29.233754 0.011929 4.771738 0.997495 -13.291050 200.000000 -13.291050 0.074704 29.881438 0.070737 25.204001 200.000000 25.204001 0.000536 0.214440 0.997495 -15.748980 200.000000 -15.748980
 65.800000 0.988614 0.150474 0.995641 0.093268 1.419748 1.477392 0.150474 0.988614 0.093268 0.995641 0.635801 254.320440 0.070737 29.233754 200.000000 29.233754 0.007887 3.154937 0.997495 -13.291050 200.000000 -13.291050 0.050766 20.306225 0.070737 25.204001 200.000000 25.204001 0.000344 0.137491 0.997495 -15.748980 200.000000 -15.748980
 66.000000 0.998723 0.050527 0.999816 0.019179 1.520248 1.551616 0.050527 0.998723 0.019179 0.999816 0.040847 16.338642 0.070737 29.233754 200.000000 29.233754 0.000151 0.060292 0.997495 -13.291050 200.000000 -13.291050 0.265827 106.330962 0.070737 25.204001 200.000000 25.204001 0.000539 0.215497 0.997495 -15.748980 200.000000 -15.748980
 66.200000 0.998415 0.056285 0.998375 0.056992 1.514482 1.513773 0.056285 0.998415 0.056992 0.998375 0.020887 8.354723 0.070737 29.233754 200.000000 29.233754 0.000085 0.033838 0.997495 -13.291050 200.000000 -13.291050 0.018893 7.557276 0.070737 25.204001 200.000000 25.204001 0.000077 0.030951 0.997495 -15.748980 200.000000 -15.748980
 66.400000 0.998736 0.050266 0.998479 0.055133 1.520509 1.515635 0.050266 0.998736 0.055133 0.998479 0.041906 16.762522 0.070737 29.233754 200.000000 29.233754 0.000154 0.061590 0.997495 -13.291050 200.000000 -13.291050 0.024350 9.739807 0.070737 25.204001 200.000000 25.204001 0.000097 0.038733 0.997495 -15.748980 200.000000 -15.748980
 66.600000 0.982766 0.184857 0.994639 0.103408 1.384870 1.467203 0.184857 0.982766 0.103408 0.994639 1.302323 520.929277 0.070737 29.233754 200.000000 29.233754 0.021696 8.678300 0.997495 -13.291050 200.000000 -13.291050 0.106737 42.694736 0.070737 25.204001 200.000000 25.204001 0.000816 0.326257 0.997495 -15.748980 200.000000 -15.748980
 66.800000 0.993006 0.118067 0.998230 0.059469 1.452453 1.511292 0.118067 0.993006 0.059469 0.998230 0.224011 89.604564 0.070737 29.233754 200.000000 29.233754 0.002015 0.806174 0.997495 -13.291050 200.000000 -13.291050 0.012697 5.078894 0.070737 25.204001 200.000000 25.204001 0.000054 0.021619 0.997495 -15.748980 200.000000 -15.748980
 67.000000 0.992585 0.121554 0.999571 0.029272 1.448941 1.541520 0.121554 0.992585 0.029272 0.999571 0.258235 103.293957 0.070737 29.233754 200.000000 29.233754 0.002411 0.964390 0.997495 -13.291050 200.000000 -13.291050 0.171933 68.773135 0.070737 25.204001 200.000000 25.204001 0.000431 0.172471 0.997495 -15.748980 200.000000 -15.748980
 67.200000 0.989324 0.145732 0.995529 0.094455 1.424543 1.476201 0.145732 0.989324 0.094455 0.995529 0.562424 224.969720 0.070737 29.233754 200.000000 29.233754 0.006676 2.670547 0.997495 -13.291050 200.000000 -13.291050 0.056251 22.500469 0.070737 25.204001 200.000000 25.204001 0.000386 0.154576 0.997495 -15.748980 200.000000 -15.748980
 67.400000 0.999894 0.014577 0.995892 0.090548 1.556219 1.480124 0.014577 0.999894 0.090548 0.995892 0.315394 126.157568 0.070737 29.233754 200.000000 29.233754 0.000575 0.230162 0.997495 -13.291050 200.000000 -13.291050 0.039247 15.698736 0.070737 25.204001 200.000000 25.204001 0.000257 0.102771 0.997495 -15.748980 200.000000 -15.748980
 67.600000 0.987227 0.159321 0.992192 0.124720 1.410794 1.445751 0.159321 0.987227 0.124720 0.992192 0.784701 313.880415 0.070737 29.233754 200.000000 29.233754 0.010543 4.217340 0.997495 -13.291050 200.000000 -13.291050 0.291414 116.565707 0.070737 25.204001 200.000000 25.204001 0.002812 1.124876 0.997495 -15.748980 200.000000 -15.748980
 67.800000 0.992254 0.124222 0.994533 0.104419 1.446253 1.466187 0.124222 0.992254 0.104419 0.994533 0.286060 114.423965 0.070737 29.233754 200.000000 29.233754 0.002746 1.098517 0.997495 -13.291050 200.000000 -13.291050 0.113446 45.378233 0.070737 25.204001 200.000000 25.204001 0.000877 0.350838 0.997495 -15.748980 200.000000 -15.748980
 68.000000 0.984905 0.173093 0.998425 0.056110 1.396827 1.514657 0.173093 0.984905 0.056110 0.998425 1.047680 419.071915 0.070737 29.233754 200.000000 29.233754 0.015850 6.339899 0.997495 -13.291050 200.000000 -13.291050 0.021396 8.558268 0.070737 25.204001 200.000000 25.204001 0.000086 0.034567 0.997495 -15.748980 200.000000 -15.748980
 68.200000 0.997794 0.066393 0.977511 0.210883 1.504355 1.358318 0.066393 0.997794 0.210883 0.977511 0.001887 0.754964 0.070737 29.233754 200.000000 29.233754 0.000009 0.003566 0.997495 -13.291050 200.000000 -13.291050 1.964076 785.630270 0.070737 25.204001 200.000000 25.204001 0.039934 15.973786 0.997495 -15.748980 200.000000 -15.748980
 68.400000 0.998764 0.049706 0.999891 0.014734 1.521069 1.556062 0.049706 0.998764 0.014734 0.999891 0.044230 17.691820 0.070737 29.233754 200.000000 29.233754 0.000161 0.064403 0.997495 -13.291050 200.000000 -13.291050 0.313635 125.454199 0.070737 25.204001 200.000000 25.204001 0.000574 0.229721 0.997495 -15.748980 200.000000 -15.748980
 68.600000 0.995037 0.099510 0.997523 0.070339 1.471122 1.500399 0.099510 0.995037 0.070339 0.997523 0.082786 33.114492 0.070737 29.233754 200.000000 29.233754 0.000604 0.241750 0.997495 -13.291050 200.000000 -13.291050 0.000016 0.006331 0.070737 25.204001 200.000000 25.204001 0.000000 0.000032 0.997495 -15.748980 200.000000 -15.748980
 68.800000 0.994222 0.107346 0.996114 0.088073 1.463243 1.482609 0.107346 0.994222 0.088073 0.996114 0.134024 53.609434 0.070737 29.233754 200.000000 29.233754 0.001071 0.428582 0.997495 -13.291050 200.000000 -13.291050 0.030053 12.021303 0.070737 25.204001 200.000000 25.204001 0.000191 0.076283 0.997495 -15.748980 200.000000 -15.748980
 69.000000 0.983758 0.179502 0.999683 -0.025192 1.390316 1.595991 0.179502 0.983758 -0.025192 0.999683 1.182976 473.190490 0.070737 29.233754 200.000000 29.233754 0.018872 7.548605 0.997495 -13.291050 200.000000 -13.291050 0.920249 368.099617 0.070737 25.204001 200.000000 25.204001 0.000479 0.191430 0.997495 -15.748980 200.000000 -15.748980
 69.200000 0.994991 0.099963 0.998321 0.057925 1.470666 1.512839 0.099963 0.994991 0.057925 0.998321 0.085415 34.165914 0.070737 29.233754 200.000000 29.233754 0.000627 0.250767 0.997495 -13.291050 200.000000 -13.291050 0.016416 6.566323 0.070737 25.204001 200.000000 25.204001 0.000068 0.027289 0.997495 -15.748980 200.000000 -15.748980
 69.400000 0.993880 0.110468 0.996407 0.084689 1.460102 1.486006 0.110468 0.993880 0.084689 0.996407 0.157857 63.142714 0.070737 29.233754 200.000000 29.233754 0.001307 0.522830 0.997495 -13.291050 200.000000 -13.291050 0.019466 7.786340 0.070737 25.204001 200.000000 25.204001 0.000118 0.047312 0.997495 -15.748980 200.000000 -15.748980
 69.600000 0.999536 0.030445 0.996443 0.084267 1.540347 1.486429 0.030445 0.999536 0.084267 0.996443 0.162346 64.938372 0.070737 29.233754 200.000000 29.233754 0.000417 0.166702 0.997495 -13.291050 200.000000 -13.291050 0.018305 7.322052 0.070737 25.204001 200.000000 25.204001 0.000111 0.044248 0.997495 -15.748980 200.000000 -15.748980
 69.800000 0.998698 0.051010 0.990512 0.137430 1.519764 1.432930 0.051010 0.998698 0.137430 0.990512 0.038917 15.566860 0.070737 29.233754 200.000000 29.233754 0.000145 0.057904 0.997495 -13.291050 200.000000 -13.291050 0.444788 177.915196 0.070737 25.204001 200.000000 25.204001 0.004877 1.950745 0.997495 -15.748980 200.000000 -15.748980
 70.000000 0.985914 0.167254 0.997832 0.065809 1.402753 1.504939 0.167254 0.985914 0.065809 0.997832 0.931542 372.616713 0.070737 29.233754 200.000000 29.233754 0.013412 5.364858 0.997495 -13.291050 200.000000 -13.291050 0.002428 0.971387 0.070737 25.204001 200.000000 25.204001 0.000011 0.004549 0.997495 -15.748980 200.000000 -15.748980
 70.200000 0.997335 0.072958 0.994388 0.105792 1.497773 1.464806 0.072958 0.997335 0.105792 0.994388 0.000493 0.197290 0.070737 29.233754 200.000000 29.233754 0.000003 0.001024 0.997495 -13.291050 200.000000 -13.291050 0.122887 49.154767 0.070737 25.204001 200.000000 25.204001 0.000965 0.386076 0.997495 -15.748980 200.000000 -15.748980
 70.400000 0.992310 0.123774 0.988178 0.153313 1.446704 1.416877 0.123774 0.992310 0.153313 0.988178 0.281292 112.516996 0.070737 29.233754 200.000000 29.233754 0.002688 1.075195 0.997495 -13.291050 200.000000 -13.291050 0.681871 272.748532 0.070737 25.204001 200.000000 25.204001 0.008681 3.472455 0.997495 -15.748980 200.000000 -15.748980
 70.600000 0.994830 0.101556 0.999925 0.012259 1.469065 1.558537 0.101556 0.994830 0.012259 0.999925 0.094981 37.992306 0.070737 29.233754 200.000000 29.233754 0.000710 0.284127 0.997495 -13.291050 200.000000 -13.291050 0.341972 136.788762 0.070737 25.204001 200.000000 25.204001 0.000590 0.236171 0.997495 -15.748980 200.000000 -15.748980
 70.800000 0.995877 0.090715 0.998844 0.048073 1.479956 1.522705 0.090715 0.995877 0.048073 0.998844 0.039912 15.964726 0.070737 29.233754 200.000000 29.233754 0.000262 0.104731 0.997495 -13.291050 200.000000 -13.291050 0.051368 20.547155 0.070737 25.204001 200.000000 25.204001 0.000182 0.072776 0.997495 -15.748980 200.000000 -15.748980
 71.000000 0.990566 0.137039 0.994532 0.104432 1.433325 1.466174 0.137039 0.990566 0.104432 0.994532 0.439588 175.835223 0.070737 29.233754 200.000000 29.233754 0.004801 1.920599 0.997495 -13.291050 200.000000 -13.291050 0.113534 45.413548 0.070737 25.204001 200.000000 25.204001 0.000878 0.351164 0.997495 -15.748980 200.000000 -15.748980
 71.200000 0.999951 0.009949 0.995696 0.092685 1.560847 1.477978 0.009949 0.999951 0.092685 0.995696 0.369524 147.809650 0.070737 29.233754 200.000000 29.233754 0.000603 0.241184 0.997495 -13.291050 200.000000 -13.291050 0.048169 19.267620 0.070737 25.204001 200.000000 25.204001 0.000324 0.129524 0.997495 -15.748980 200.000000 -15.748980
 71.400000 0.988032 0.154247 0.998153 0.060754 1.415931 1.510005 0.154247 0.988032 0.060754 0.998153 0.697388 278.955339 0.070737 29.233754 200.000000 29.233754 0.008954 3.581681 0.997495 -13.291050 200.000000 -13.291050 0.009967 3.986713 0.070737 25.204001 200.000000 25.204001 0.000043 0.017308 0.997495 -15.748980 200.000000 -15.748980
 71.600000 0.979525 0.201322 0.996878 0.078954 1.368089 1.491760 0.201322 0.979525 0.078954 0.996878 1.705247 682.098672 0.070737 29.233754 200.000000 29.233754 0.032292 12.916738 0.997495 -13.291050 200.000000 -13.291050 0.006752 2.700873 0.070737 25.204001 200.000000 25.204001 0.000038 0.015215 0.997495 -15.748980 200.000000 -15.748980
 71.800000 0.982218 0.187743 0.999406 0.034463 1.381932 1.536326 0.187743 0.982218 0.034463 0.999406 1.369042 547.616614 0.070737 29.233754 200.000000 29.233754 0.023338 9.335283 0.997495 -13.291050 200.000000 -13.291050 0.131579 52.631744 0.070737 25.204001 200.000000 25.204001 0.000365 0.146073 0.997495 -15.748980 200.000000 -15.748980
 72.000000 0.977237 0.212152 0.999352 0.035989 1.357020 1.534800 0.212152 0.977237 0.035989 0.999352 1.999820 799.928181 0.070737 29.233754 200.000000 29.233754 0.041040 16.416033 0.997495 -13.291050 200.000000 -13.291050 0.120743 48.297356 0.070737 25.204001 200.000000 25.204001 0.000345 0.137967 0.997495 -15.748980 200.000000 -15.748980
 72.200000 0.996123 0.087968 0.997889 0.064946 1.482715 1.505804 0.087968 0.996123 0.064946 0.997889 0.029689 11.875754 0.070737 29.233754 200.000000 29.233754 0.000188 0.075259 0.997495 -13.291050 200.000000 -13.291050 0.003354 1.341455 0.070737 25.204001 200.000000 25.204001 0.000016 0.006203 0.997495 -15.748980 200.000000 -15.748980
 72.400000 0.992736 0.120317 0.985182 0.171513 1.450187 1.398431 0.120317 0.992736 0.171513 0.985182 0.245816 98.326592 0.070737 29.233754 200.000000 29.233754 0.002265 0.906103 0.997495 -13.291050 200.000000 -13.291050 1.015575 406.229835 0.070737 25.204001 200.000000 25.204001 0.015161 6.064513 0.997495 -15.748980 200.000000 -15.748980
 72.600000 0.986134 0.165952 0.997107 0.076015 1.404073 1.494708 0.165952 0.986134 0.076015 0.997107 0.906583 362.633085 0.070737 29.233754 200.000000 29.233754 0.012908 5.163009 0.997495 -13.291050 200.000000 -13.291050 0.002785 1.114148 0.070737 25.204001 200.000000 25.204001 0.000015 0.006031 0.997495 -15.748980 200.000000 -15.748980
 72.800000 0.998929 0.046278 0.997366 0.072531 1.524502 1.498202 0.046278 0.998929 0.072531 0.997366 0.059827 23.930971 0.070737 29.233754 200.000000 29.233754 0.000206 0.082212 0.997495 -13.291050 200.000000 -13.291050 0.000322 0.128672 0.070737 25.204001 200.000000 25.204001 0.000002 0.000664 0.997495 -15.748980 200.000000 -15.748980
 73.000000 0.995543 0.094304 0.990709 0.136000 1.476352 1.434373 0.094304 0.995543 0.136000 0.990709 0.055539 22.215752 0.070737 29.233754 200.000000 29.233754 0.000381 0.152340 0.997495 -13.291050 200.000000 -13.291050 0.425927 170.370743 0.070737 25.204001 200.000000 25.204001 0.004605 1.842093 0.997495 -15.748980 200.000000 -15.748980
 73.200000 0.992694 0.120660 0.998180 0.060309 1.449841 1.510451 0.120660 0.992694 0.060309 0.998180 0.249232 99.692957 0.070737 29.233754 200.000000 29.233754 0.002305 0.922038 0.997495 -13.291050 200.000000 -13.291050 0.010876 4.350228 0.070737 25.204001 200.000000 25.204001 0.000047 0.018758 0.997495 -15.748980 200.000000 -15.748980
 73.400000 0.995183 0.098039 0.995018 0.099693 1.472600 1.470938 0.098039 0.995183 0.099693 0.995018 0.074539 29.815557 0.070737 29.233754 200.000000 29.233754 0.000535 0.213890 0.997495 -13.291050 200.000000 -13.291050 0.083842 33.536927 0.070737 25.204001 200.000000 25.204001 0.000613 0.245365 0.997495 -15.748980 200.000000 -15.748980
 73.600000 0.974188 0.225738 0.996219 0.086877 1.343096 1.483809 0.225738 0.974188 0.086877 0.996219 2.402528 961.011113 0.070737 29.233754 200.000000 29.233754 0.054321 21.728575 0.997495 -13.291050 200.000000 -13.291050 0.026050 10.419984 0.070737 25.204001 200.000000 25.204001 0.000163 0.065123 0.997495 -15.748980 200.000000 -15.748980
 73.800000 0.995693 0.092717 0.998873 0.047463 1.477946 1.523316 0.092717 0.995693 0.047463 0.998873 0.048311 19.324452 0.070737 29.233754 200.000000 29.233754 0.000325 0.129958 0.997495 -13.291050 200.000000 -13.291050 0.054169 21.667680 0.070737 25.204001 200.000000 25.204001 0.000190 0.075957 0.997495 -15.748980 200.000000 -15.748980
 74.000000 0.985459 0.169914 0.994029 0.109116 1.400054 1.461463 0.169914 0.985459 0.109116 0.994029 0.983606 393.442329 0.070737 29.233754 200.000000 29.233754 0.014487 5.794718 0.997495 -13.291050 200.000000 -13.291050 0.147293 58.917338 0.070737 25.204001 200.000000 25.204001 0.001201 0.480517 0.997495 -15.748980 200.000000 -15.748980
 74.200000 0.991692 0.128635 0.999872 0.015995 1.441804 1.554801 0.128635 0.991692 0.015995 0.999872 0.335215 134.085986 0.070737 29.233754 200.000000 29.233754 0.003367 1.346980 0.997495 -13.291050 200.000000 -13.291050 0.299671 119.868421 0.070737 25.204001 200.000000 25.204001 0.000565 0.226021 0.997495 -15.748980 200.000000 -15.748980
 74.400000 0.997551 0.069946 0.999043 0.043746 1.500793 1.527037 0.069946 0.997551 0.043746 0.999043 0.000063 0.025036 0.070737 29.233754 200.000000 29.233754 0.000000 0.000124 0.997495 -13.291050 200.000000 -13.291050 0.072854 29.141524 0.070737 25.204001 200.000000 25.204001 0.000240 0.095816 0.997495 -15.748980 200.000000 -15.748980
 74.600000 0.995910 0.090351 0.989604 0.143817 1.480322 1.426479 0.090351 0.995910 0.143817 0.989604 0.038470 15.388174 0.070737 29.233754 200.000000 29.233754 0.000251 0.100490 0.997495 -13.291050 200.000000 -13.291050 0.534070 213.627857 0.070737 25.204001 200.000000 25.204001 0.006226 2.490542 0.997495 -15.748980 200.000000 -15.748980
 74.800000 0.979563 0.201139 0.993119 0.117108 1.368276 1.453419 0.201139 0.979563 0.117108 0.993119 1.700457 680.182875 0.070737 29.233754 200.000000 29.233754 0.032156 12.862597 0.997495 -13.291050 200.000000 -13.291050 0.215026 86.010444 0.070737 25.204001 200.000000 25.204001 0.001915 0.765910 0.997495 -15.748980 200.000000 -15.748980
 75.000000 0.999813 0.019313 0.990956 0.134190 1.551482 1.436201 0.019313 0.999813 0.134190 0.990956 0.264444 105.777800 0.070737 29.233754 200.000000 29.233754 0.000538 0.215018 0.997495 -13.291050 200.000000 -13.291050 0.402623 161.049077 0.070737 25.204001 200.000000 25.204001 0.004276 1.710515 0.997495 -15.748980 200.000000 -15.748980
 75.200000 0.997027 0.077048 0.994829 0.101568 1.493672 1.469053 0.077048 0.997027 0.101568 0.994829 0.003982 1.592908 0.070737 29.233754 200.000000 29.233754 0.000022 0.008745 0.997495 -13.291050 200.000000 -13.291050 0.095053 38.021133 0.070737 25.204001 200.000000 25.204001 0.000711 0.284381 0.997495 -15.748980 200.000000 -15.748980
 75.400000 0.985140 0.171751 0.997553 0.069910 1.398190 1.500830 0.171751 0.985140 0.069910 0.997553 1.020378 408.151266 0.070737 29.233754 200.000000 29.233754 0.015264 6.105434 0.997495 -13.291050 200.000000 -13.291050 0.000068 0.027394 0.070737 25.204001 200.000000 25.204001 0.000000 0.000136 0.997495 -15.748980 200.000000 -15.748980
 75.600000 0.987802 0.155717 0.993911 0.110188 1.414443 1.460384 0.155717 0.987802 0.110188 0.993911 0.722157 288.862774 0.070737 29.233754 200.000000 29.233754 0.009396 3.758388 0.997495 -13.291050 200.000000 -13.291050 0.155639 62.255405 0.070737 25.204001 200.000000 25.204001 0.001285 0.513874 0.997495 -15.748980 200.000000 -15.748980
 75.800000 0.982833 0.184497 0.999675 0.025506 1.385236 1.545288 0.184497 0.982833 0.025506 0.999675 1.294133 517.653097 0.070737 29.233754 200.000000 29.233754 0.021497 8.598898 0.997495 -13.291050 200.000000 -13.291050 0.204589 81.835647 0.070737 25.204001 200.000000 25.204001 0.000475 0.190042 0.997495 -15.748980 200.000000 -15.748980
 76.000000 0.995794 0.091626 0.998137 0.061007 1.479042 1.509751 0.091626 0.995794 0.061007 0.998137 0.043634 17.453400 0.070737 29.233754 200.000000 29.233754 0.000290 0.115801 0.997495 -13.291050 200.000000 -13.291050 0.009467 3.786938 0.070737 25.204001 200.000000 25.204001 0.000041 0.016504 0.997495 -15.748980 200.000000 -15.748980
 76.200000 0.998922 0.046412 0.995473 0.095040 1.524368 1.475613 0.046412 0.998922 0.095040 0.995473 0.059172 23.668931 0.070737 29.233754 200.000000 29.233754 0.000204 0.081499 0.997495 -13.291050 200.000000 -13.291050 0.059062 23.624845 0.070737 25.204001 200.000000 25.204001 0.000409 0.163462 0.997495 -15.748980 200.000000 -15.748980
 76.400000 0.973403 0.229098 0.995195 0.097914 1.339646 1.472726 0.229098 0.973403 0.097914 0.995195 2.507811 1003.124277 0.070737 29.233754 200.000000 29.233754 0.058041 23.216203 0.997495 -13.291050 200.000000 -13.291050 0.073855 29.542050 0.070737 25.204001 200.000000 25.204001 0.000529 0.211611 0.997495 -15.748980 200.000000 -15.748980
 76.600000 0.993277 0.115763 0.995629 0.093399 1.454773 1.477261 0.115763 0.993277 0.093399 0.995629 0.202733 81.093331 0.070737 29.233754 200.000000 29.233754 0.001779 0.711707 0.997495 -13.291050 200.000000 -13.291050 0.051357 20.542611 0.070737 25.204001 200.000000 25.204001 0.000348 0.139315 0.997495 -15.748980 200.000000 -15.748980
 76.800000 0.994936 0.100515 0.988705 0.149876 1.470111 1.420354 0.100515 0.994936 0.149876 0.988705 0.088671 35.468316 0.070737 29.233754 200.000000 29.233754 0.000655 0.262027 0.997495 -13.291050 200.000000 -13.291050 0.626293 250.517334 0.070737 25.204001 200.000000 25.204001 0.007727 3.090683 0.997495 -15.748980 200.000000 -15.748980
 77.000000 0.996659 0.081670 0.997974 0.063625 1.489035 1.507128 0.081670 0.996659 0.063625 0.997974 0.011954 4.781445 0.070737 29.233754 200.000000 29.233754 0.000070 0.027929 0.997495 -13.291050 200.000000 -13.291050 0.005058 2.023395 0.070737 25.204001 200.000000 25.204001 0.000023 0.009174 0.997495 -15.748980 200.000000 -15.748980
 77.200000 0.996560 0.082879 0.998706 0.050853 1.487822 1.519922 0.082879 0.996560 0.050853 0.998706 0.014742 5.896768 0.070737 29.233754 200.000000 29.233754 0.000087 0.034996 0.997495 -13.291050 200.000000 -13.291050 0.039540 15.815979 0.070737 25.204001 200.000000 25.204001 0.000147 0.058679 0.997495 -15.748980 200.000000 -15.748980
 77.400000 0.989340 0.145624 0.996226 0.086793 1.424653 1.483894 0.145624 0.989340 0.086793 0.996226 0.560798 224.319112 0.070737 29.233754 200.000000 29.233754 0.006650 2.660112 0.997495 -13.291050 200.000000 -13.291050 0.025778 10.311084 0.070737 25.204001 200.000000 25.204001 0.000161 0.064373 0.997495 -15.748980 200.000000 -15.748980
 77.600000 0.991541 0.129796 0.999600 0.028283 1.440633 1.542510 0.129796 0.991541 0.028283 0.999600 0.348798 139.519107 0.070737 29.233754 200.000000 29.233754 0.003545 1.418151 0.997495 -13.291050 200.000000 -13.291050 0.180240 72.096025 0.070737 25.204001 200.000000 25.204001 0.000443 0.177238 0.997495 -15.748980 200.000000 -15.748980
 77.800000 0.981295 0.192508 0.997828 0.065869 1.377079 1.504880 0.192508 0.981295 0.065869 0.997828 1.482816 593.126507 0.070737 29.233754 200.000000 29.233754 0.026243 10.497096 0.997495 -13.291050 200.000000 -13.291050 0.002370 0.947990 0.070737 25.204001 200.000000 25.204001 0.000011 0.004443 0.997495 -15.748980 200.000000 -15.748980
 78.000000 0.998253 0.059078 0.997042 0.076861 1.511684 1.493859 0.059078 0.998253 0.076861 0.997042 0.013594 5.437430 0.070737 29.233754 200.000000 29.233754 0.000058 0.023006 0.997495 -13.291050 200.000000 -13.291050 0.003750 1.500082 0.070737 25.204001 200.000000 25.204001 0.000021 0.008215 0.997495 -15.748980 200.000000 -15.748980
 78.200000 0.996056 0.088731 0.993523 0.113633 1.481949 1.456918 0.088731 0.996056 0.113633 0.993523 0.032377 12.950622 0.070737 29.233754 200.000000 29.233754 0.000207 0.082867 0.997495 -13.291050 200.000000 -13.291050 0.184003 73.601325 0.070737 25.204001 200.000000 25.204001 0.001578 0.631126 0.997495 -15.748980 200.000000 -15.748980
 78.400000 0.994333 0.106313 0.989631 0.143630 1.464282 1.426668 0.106313 0.994333 0.143630 0.989631 0.126563 50.625037 0.070737 29.233754 200.000000 29.233754 0.001000 0.399994 0.997495 -13.291050 200.000000 -13.291050 0.531341 212.536369 0.070737 25.204001 200.000000 25.204001 0.006184 2.473434 0.997495 -15.748980 200.000000 -15.748980
 78.600000 0.988852 0.148900 0.999242 0.038939 1.421341 1.531848 0.148900 0.988852 0.038939 0.999242 0.610939 244.375521 0.070737 29.233754 200.000000 29.233754 0.007470 2.987846 0.997495 -13.291050 200.000000 -13.291050 0.101115 40.445963 0.070737 25.204001 200.000000 25.204001 0.000305 0.122027 0.997495 -15.748980 200.000000 -15.748980
 78.800000 0.995917 0.090276 0.996874 0.079009 1.480397 1.491704 0.090276 0.995917 0.079009 0.996874 0.038176 15.270476 0.070737 29.233754 200.000000 29.233754 0.000249 0.099628 0.997495 -13.291050 200.000000 -13.291050 0.006843 2.737207 0.070737 25.204001 200.000000 25.204001 0.000039 0.015432 0.997495 -15.748980 200.000000 -15.748980
 79.000000 0.989581 0.143976 0.998673 0.051497 1.426319 1.519277 0.143976 0.989581 0.051497 0.998673 0.536388 214.555009 0.070737 29.233754 200.000000 29.233754 0.006263 2.505104 0.997495 -13.291050 200.000000 -13.291050 0.037019 14.807458 0.070737 25.204001 200.000000 25.204001 0.000139 0.055523 0.997495 -15.748980 200.000000 -15.748980
 79.200000 0.991708 0.128508 0.993680 0.112246 1.441932 1.458313 0.128508 0.991708 0.112246 0.993680 0.333746 133.498205 0.070737 29.233754 200.000000 29.233754 0.003348 1.339345 0.997495 -13.291050 200.000000 -13.291050 0.172301 68.920547 0.070737 25.204001 200.000000 25.204001 0.001455 0.582042 0.997495 -15.748980 200.000000 -15.748980
 79.400000 0.995089 0.098988 0.999543 0.030238 1.471646 1.540554 0.098988 0.995089 0.030238 0.999543 0.079810 31.923884 0.070737 29.233754 200.000000 29.233754 0.000579 0.231619 0.997495 -13.291050 200.000000 -13.291050 0.164022 65.608649 0.070737 25.204001 200.000000 25.204001 0.000419 0.167732 0.997495 -15.748980 200.000000 -15.748980
 79.600000 0.989466 0.144765 0.996210 0.086978 1.425520 1.483708 0.144765 0.989466 0.086978 0.996210 0.548018 219.207026 0.070737 29.233754 200.000000 29.233754 0.006446 2.578581 0.997495 -13.291050 200.000000 -13.291050 0.026377 10.550665 0.070737 25.204001 200.000000 25.204001 0.000165 0.066025 0.997495 -15.748980 200.000000 -15.748980
 79.800000 0.979703 0.200452 0.993399 0.114709 1.368977 1.455835 0.200452 0.979703 0.114709 0.993399 1.682601 673.040298 0.070737 29.233754 200.000000 29.233754 0.031654 12.661533 0.997495 -13.291050 200.000000 -13.291050 0.193348 77.339038 0.070737 25.204001 200.000000 25.204001 0.001678 0.671021 0.997495 -15.748980 200.000000 -15.748980
 80.000000 0.993608 0.112885 0.995913 0.090317 1.457671 1.480356 0.112885 0.993608 0.090317 0.995913 0.177640 71.055823 0.070737 29.233754 200.000000 29.233754 0.001511 0.604311 0.997495 -13.291050 200.000000 -13.291050 0.038337 15.334798 0.070737 25.204001 200.000000 25.204001 0.000250 0.100099 0.997495 -15.748980 200.000000 -15.748980
 80.200000 0.992778 0.119965 0.988523 0.151073 1.450541 1.419143 0.119965 0.992778 0.151073 0.988523 0.242340 96.935995 0.070737 29.233754 200.000000 29.233754 0.002225 0.889964 0.997495 -13.291050 200.000000 -13.291050 0.645386 258.154578 0.070737 25.204001 200.000000 25.204001 0.008050 3.220159 0.997495 -15.748980 200.000000 -15.748980
 80.400000 0.996603 0.082359 0.997806 -0.066205 1.488344 1.637049 0.082359 0.996603 -0.066205 0.997806 0.013507 5.402770 0.070737 29.233754 200.000000 29.233754 0.000080 0.031846 0.997495 -13.291050 200.000000 -13.291050 1.875303 750.121334 0.070737 25.204001 200.000000 25.204001 0.000010 0.003871 0.997495 -15.748980 200.000000 -15.748980
 80.600000 0.998121 0.061275 0.995594 0.093765 1.509483 1.476893 0.061275 0.998121 0.093765 0.995594 0.008954 3.581450 0.070737 29.233754 200.000000 29.233754 0.000039 0.015672 0.997495 -13.291050 200.000000 -13.291050 0.053029 21.211567 0.070737 25.204001 200.000000 25.204001 0.000361 0.144499 0.997495 -15.748980 200.000000 -15.748980
 80.800000 0.970104 0.242688 0.993230 0.116165 1.325660 1.454368 0.242688 0.970104 0.116165 0.993230 2.956716 1182.686281 0.070737 29.233754 200.000000 29.233754 0.075025 30.009911 0.997495 -13.291050 200.000000 -13.291050 0.206371 82.548499 0.070737 25.204001 200.000000 25.204001 0.001819 0.727641 0.997495 -15.748980 200.000000 -15.748980
 81.000000 0.979650 0.200713 0.986310 0.164899 1.368711 1.405141 0.200713 0.979650 0.164899 0.986310 1.689371 675.748292 0.070737 29.233754 200.000000 29.233754 0.031844 12.737618 0.997495 -13.291050 200.000000 -13.291050 0.886643 354.657388 0.070737 25.204001 200.000000 25.204001 0.012509 5.003740 0.997495 -15.748980 200.000000 -15.748980
 81.200000 0.987942 0.154823 0.993169 0.116681 1.415349 1.453849 0.154823 0.987942 0.116681 0.993169 0.707034 282.813677 0.070737 29.233754 200.000000 29.233754 0.009125 3.650154 0.997495 -13.291050 200.000000 -13.291050 0.211082 84.432632 0.070737 25.204001 200.000000 25.204001 0.001871 0.748405 0.997495 -15.748980 200.000000 -15.748980
 81.400000 0.994712 0.102699 0.994966 0.100209 1.467916 1.470419 0.102699 0.994712 0.100209 0.994966 0.102154 40.861784 0.070737 29.233754 200.000000 29.233754 0.000774 0.309690 0.997495 -13.291050 200.000000 -13.291050 0.086860 34.743912 0.070737 25.204001 200.000000 25.204001 0.000639 0.255752 0.997495 -15.748980 200.000000 -15.748980
 81.600000 0.987365 0.158461 0.997130 0.075706 1.411665 1.495018 0.158461 0.987365 0.075706 0.997130 0.769546 307.818563 0.070737 29.233754 200.000000 29.233754 0.010261 4.104472 0.997495 -13.291050 200.000000 -13.291050 0.002469 0.987529 0.070737 25.204001 200.000000 25.204001 0.000013 0.005323 0.997495 -15.748980 200.000000 -15.748980
 81.800000 0.963093 0.269168 0.995484 0.094932 1.298267 1.475722 0.269168 0.963093 0.094932 0.995484 3.937479 1574.991559 0.070737 29.233754 200.000000 29.233754 0.118348 47.339222 0.997495 -13.291050 200.000000 -13.291050 0.058537 23.414806 0.070737 25.204001 200.000000 25.204001 0.000404 0.161796 0.997495 -15.748980 200.000000 -15.748980
 82.000000 0.992964 0.118420 0.997767 0.066792 1.452098 1.503954 0.118420 0.992964 0.066792 0.997767 0.227363 90.945182 0.070737 29.233754 200.000000 29.233754 0.002053 0.821331 0.997495 -13.291050 200.000000 -13.291050 0.001556 0.622462 0.070737 25.204001 200.000000 25.204001 0.000007 0.002957 0.997495 -15.748980 200.000000 -15.748980
 82.200000 0.994914 0.100731 0.999556 0.029784 1.469894 1.541008 0.100731 0.994914 0.029784 0.999556 0.089965 35.986122 0.070737 29.233754 200.000000 29.233754 0.000666 0.266531 0.997495 -13.291050 200.000000 -13.291050 0.167717 67.086735 0.070737 25.204001 200.000000 25.204001 0.000425 0.169970 0.997495 -15.748980 200.000000 -15.748980
 82.400000 0.996154 0.087618 0.999889 -0.014921 1.483066 1.585717 0.087618 0.996154 -0.014921 0.999889 0.028497 11.398834 0.070737 29.233754 200.000000 29.233754 0.000180 0.071917 0.997495 -13.291050 200.000000 -13.291050 0.733725 293.489925 0.070737 25.204001 200.000000 25.204001 0.000573 0.229191 0.997495 -15.748980 200.000000 -15.748980
 82.600000 0.999175 0.040605 0.995814 0.091398 1.530180 1.479270 0.040605 0.999175 0.091398 0.995814 0.090792 36.316969 0.070737 29.233754 200.000000 29.233754 0.000282 0.112933 0.997495 -13.291050 200.000000 -13.291050 0.042689 17.075565 0.070737 25.204001 200.000000 25.204001 0.000282 0.112975 0.997495 -15.748980 200.000000 -15.748980
 82.800000 0.968605 0.248606 0.996246 0.086567 1.319555 1.484121 0.248606 0.968605 0.086567 0.996246 3.163734 1265.493616 0.070737 29.233754 200.000000 29.233754 0.083465 33.386008 0.997495 -13.291050 200.000000 -13.291050 0.025059 10.023488 0.070737 25.204001 200.000000 25.204001 0.000156 0.062397 0.997495 -15.748980 200.000000 -15.748980
 83.000000 0.991180 0.132524 0.986626 0.163001 1.437881 1.407065 0.132524 0.991180 0.163001 0.986626 0.381763 152.705133 0.070737 29.233754 200.000000 29.233754 0.003988 1.595276 0.997495 -13.291050 200.000000 -13.291050 0.851262 340.504876 0.070737 25.204001 200.000000 25.204001 0.011814 4.725489 0.997495 -15.748980 200.000000 -15.748980
 83.200000 0.993933 0.109991 0.985254 0.171101 1.460582 1.398849 0.109991 0.993933 0.171101 0.985254 0.154090 61.635929 0.070737 29.233754 200.000000 29.233754 0.001269 0.507644 0.997495 -13.291050 200.000000 -13.291050 1.007288 402.915156 0.070737 25.204001 200.000000 25.204001 0.014985 5.994154 0.997495 -15.748980 200.000000 -15.748980
 83.400000 1.000000 0.000911 0.995568 0.094049 1.569886 1.476608 0.000911 1.000000 0.094049 0.995568 0.487575 195.030193 0.070737 29.233754 200.000000 29.233754 0.000627 0.250921 0.997495 -13.291050 200.000000 -13.291050 0.054345 21.738031 0.070737 25.204001 200.000000 25.204001 0.000372 0.148601 0.997495 -15.748980 200.000000 -15.748980
 83.600000 0.996733 0.080771 0.995393 0.095880 1.489937 1.474769 0.080771 0.996733 0.095880 0.995393 0.010068 4.027193 0.070737 29.233754 200.000000 29.233754 0.000058 0.023245 0.997495 -13.291050 200.000000 -13.291050 0.063216 25.286407 0.070737 25.204001 200.000000 25.204001 0.000442 0.176751 0.997495 -15.748980 200.000000 -15.748980
 83.800000 0.991788 0.127895 0.994863 0.101233 1.442550 1.469390 0.127895 0.991788 0.101233 0.994863 0.326699 130.679422 0.070737 29.233754 200.000000 29.233754 0.003257 1.302904 0.997495 -13.291050 200.000000 -13.291050 0.093000 37.199923 0.070737 25.204001 200.000000 25.204001 0.000693 0.277150 0.997495 -15.748980 200.000000 -15.748980
 84.000000 0.996335 0.085536 0.998051 0.062404 1.485155 1.508352 0.085536 0.996335 0.062404 0.998051 0.021902 8.760646 0.070737 29.233754 200.000000 29.233754 0.000135 0.053818 0.997495 -13.291050 200.000000 -13.291050 0.006944 2.777712 0.070737 25.204001 200.000000 25.204001 0.000031 0.012365 0.997495 -15.748980 200.000000 -15.748980
 84.200000 0.994783 0.102013 0.999836 -0.018104 1.468605 1.588901 0.102013 0.994783 -0.018104 0.999836 0.097819 39.127479 0.070737 29.233754 200.000000 29.233754 0.000735 0.294185 0.997495 -13.291050 200.000000 -13.291050 0.789275 315.709861 0.070737 25.204001 200.000000 25.204001 0.000548 0.219234 0.997495 -15.748980 200.000000 -15.748980
 84.400000 0.986130 0.165974 0.999329 0.036622 1.404050 1.534166 0.165974 0.986130 0.036622 0.999329 0.907012 362.804623 0.070737 29.233754 200.000000 29.233754 0.012916 5.166454 0.997495 -13.291050 200.000000 -13.291050 0.116385 46.554154 0.070737 25.204001 200.000000 25.204001 0.000336 0.134573 0.997495 -15.748980 200.000000 -15.748980
 84.600000 0.986664 0.162770 0.989916 0.141659 1.407299 1.428659 0.162770 0.986664 0.141659 0.989916 0.847002 338.800834 0.070737 29.233754 200.000000 29.233754 0.011731 4.692365 0.997495 -13.291050 200.000000 -13.291050 0.502991 201.196322 0.070737 25.204001 200.000000 25.204001 0.005745 2.297939 0.997495 -15.748980 200.000000 -15.748980
 84.800000 0.987256 0.159139 0.997422 0.071759 1.410978 1.498975 0.159139 0.987256 0.071759 0.997422 0.781489 312.595452 0.070737 29.233754 200.000000 29.233754 0.010483 4.193327 0.997495 -13.291050 200.000000 -13.291050 0.000104 0.041793 0.070737 25.204001 200.000000 25.204001 0.000001 0.000213 0.997495 -15.748980 200.000000 -15.748980
 85.000000 0.995863 0.090866 0.999371 0.035468 1.479805 1.535321 0.090866 0.995863 0.035468 0.999371 0.040516 16.206479 0.070737 29.233754 200.000000 29.233754 0.000266 0.106517 0.997495 -13.291050 200.000000 -13.291050 0.124394 49.757508 0.070737 25.204001 200.000000 25.204001 0.000352 0.140751 0.997495 -15.748980 200.000000 -15.748980
 85.200000 0.995927 0.090168 0.998415 0.056273 1.480505 1.514494 0.090168 0.995927 0.056273 0.998415 0.037757 15.102800 0.070737 29.233754 200.000000 29.233754 0.000246 0.098401 0.997495 -13.291050 200.000000 -13.291050 0.020921 8.368585 0.070737 25.204001 200.000000 25.204001 0.000085 0.033888 0.997495 -15.748980 200.000000 -15.748980
 85.400000 0.987898 0.155107 0.999961 0.008865 1.415060 1.561931 0.155107 0.987898 0.008865 0.999961 0.711832 284.732857 0.070737 29.233754 200.000000 29.233754 0.009211 3.684377 0.997495 -13.291050 200.000000 -13.291050 0.382815 153.126098 0.070737 25.204001 200.000000 25.204001 0.000608 0.243190 0.997495 -15.748980 200.000000 -15.748980
 85.600000 0.996429 0.084436 0.994481 0.104913 1.486260 1.465690 0.084436 0.996429 0.104913 0.994481 0.018765 7.505989 0.070737 29.233754 200.000000 29.233754 0.000114 0.045459 0.997495 -13.291050 200.000000 -13.291050 0.116796 46.718412 0.070737 25.204001 200.000000 25.204001 0.000908 0.363258 0.997495 -15.748980 200.000000 -15.748980
 85.800000 0.983658 0.180047 0.988780 0.149381 1.389763 1.420854 0.180047 0.983658 0.149381 0.988780 1.194854 477.941449 0.070737 29.233754 200.000000 29.233754 0.019146 7.658390 0.997495 -13.291050 200.000000 -13.291050 0.618487 247.394792 0.070737 25.204001 200.000000 25.204001 0.007596 3.038256 0.997495 -15.748980 200.000000 -15.748980
 86.000000 0.998109 0.061464 0.975038 0.222038 1.509293 1.346892 0.061464 0.998109 0.222038 0.975038 0.008598 3.439326 0.070737 29.233754 200.000000 29.233754 0.000038 0.015094 0.997495 -13.291050 200.000000 -13.291050 2.289207 915.682893 0.070737 25.204001 200.000000 25.204001 0.050432 20.172817 0.997495 -15.748980 200.000000 -15.748980
 86.200000 0.980049 0.198756 0.995406 0.095743 1.370708 1.474906 0.198756 0.980049 0.095743 0.995406 1.638872 655.548669 0.070737 29.233754 200.000000 29.233754 0.030436 12.174385 0.997495 -13.291050 200.000000 -13.291050 0.062531 25.012488 0.070737 25.204001 200.000000 25.204001 0.000436 0.174547 0.997495 -15.748980 200.000000 -15.748980
 86.400000 0.989512 0.144452 0.991452 0.130475 1.425837 1.439949 0.144452 0.989512 0.130475 0.991452 0.543391 217.356557 0.070737 29.233754 200.000000 29.233754 0.006373 2.549272 0.997495 -13.291050 200.000000 -13.291050 0.356857 142.742792 0.070737 25.204001 200.000000 25.204001 0.003652 1.460883 0.997495 -15.748980 200.000000 -15.748980
 86.600000 0.988008 0.154402 0.997278 0.073727 1.415774 1.497002 0.154402 0.988008 0.073727 0.997278 0.699975 279.990026 0.070737 29.233754 200.000000 29.233754 0.009000 3.600000 0.997495 -13.291050 200.000000 -13.291050 0.000894 0.357585 0.070737 25.204001 200.000000 25.204001 0.000005 0.001875 0.997495 -15.748980 200.000000 -15.748980
 86.800000 0.994214 0.107417 0.997912 0.064585 1.463171 1.506166 0.107417 0.994214 0.064585 0.997912 0.134542 53.816852 0.070737 29.233754 200.000000 29.233754 0.001076 0.430586 0.997495 -13.291050 200.000000 -13.291050 0.003785 1.513959 0.070737 25.204001 200.000000 25.204001 0.000017 0.006963 0.997495 -15.748980 200.000000 -15.748980
 87.000000 0.996518 0.083383 0.999925 0.012262 1.487316 1.558534 0.083383 0.996518 0.012262 0.999925 0.015992 6.396860 0.070737 29.233754 200.000000 29.233754 0.000096 0.038215 0.997495 -13.291050 200.000000 -13.291050 0.341930 136.771951 0.070737 25.204001 200.000000 25.204001 0.000590 0.236162 0.997495 -15.748980 200.000000 -15.748980
 87.200000 0.997030 0.077016 0.999913 -0.013211 1.493704 1.584007 0.077016 0.997030 -0.013211 0.999913 0.003942 1.576713 0.070737 29.233754 200.000000 29.233754 0.000022 0.008653 0.997495 -13.291050 200.000000 -13.291050 0.704726 281.890318 0.070737 25.204001 200.000000 25.204001 0.000585 0.233820 0.997495 -15.748980 200.000000 -15.748980
 87.400000 0.995207 0.097786 0.998478 0.055157 1.472854 1.515611 0.097786 0.995207 0.055157 0.998478 0.073165 29.265886 0.070737 29.233754 200.000000 29.233754 0.000523 0.209313 0.997495 -13.291050 200.000000 -13.291050 0.024274 9.709597 0.070737 25.204001 200.000000 25.204001 0.000097 0.038628 0.997495 -15.748980 200.000000 -15.748980
 87.600000 0.984306 0.176470 0.992346 0.123488 1.393397 1.446992 0.176470 0.984306 0.123488 0.992346 1.117941 447.176334 0.070737 29.233754 200.000000 29.233754 0.017395 6.957940 0.997495 -13.291050 200.000000 -13.291050 0.278263 111.305182 0.070737 25.204001 200.000000 25.204001 0.002651 1.060447 0.997495 -15.748980 200.000000 -15.748980
 87.800000 0.974272 0.225376 0.987468 0.157821 1.343467 1.412313 0.225376 0.974272 0.157821 0.987468 2.391316 956.526471 0.070737 29.233754 200.000000 29.233754 0.053931 21.572548 0.997495 -13.291050 200.000000 -13.291050 0.758358 303.343261 0.070737 25.204001 200.000000 25.204001 0.010055 4.021825 0.997495 -15.748980 200.000000 -15.748980
 88.000000 0.998494 0.054856 0.999614 0.027787 1.515912 1.543005 0.054856 0.998494 0.027787 0.999614 0.025220 10.088017 0.070737 29.233754 200.000000 29.233754 0.000100 0.039941 0.997495 -13.291050 200.000000 -13.291050 0.184469 73.787793 0.070737 25.204001 200.000000 25.204001 0.000449 0.179585 0.997495 -15.748980 200.000000 -15.748980
 88.200000 0.997946 0.064060 0.999461 0.032818 1.506693 1.537973 0.064060 0.997946 0.032818 0.999461 0.004459 1.783523 0.070737 29.233754 200.000000 29.233754 0.000020 0.008139 0.997495 -13.291050 200.000000 -13.291050 0.143790 57.515874 0.070737 25.204001 200.000000 25.204001 0.000387 0.154665 0.997495 -15.748980 200.000000 -15.748980
 88.400000 0.990391 0.138296 1.000000 -0.000120 1.432055 1.570916 0.138296 0.990391 -0.000120 1.000000 0.456423 182.569375 0.070737 29.233754 200.000000 29.233754 0.005047 2.018724 0.997495 -13.291050 200.000000 -13.291050 0.502074 200.829691 0.070737 25.204001 200.000000 25.204001 0.000628 0.251002 0.997495 -15.748980 200.000000 -15.748980
 88.600000 0.991487 0.130203 0.992406 0.123005 1.440222 1.447479 0.130203 0.991487 0.123005 0.992406 0.353621 141.448265 0.070737 29.233754 200.000000 29.233754 0.003609 1.443678 0.997495 -13.291050 200.000000 -13.291050 0.273191 109.276599 0.070737 25.204001 200.000000 25.204001 0.002590 1.035887 0.997495 -15.748980 200.000000 -15.748980
 88.800000 0.980025 0.198874 0.991425 0.130677 1.370587 1.439744 0.198874 0.980025 0.130677 0.991425 1.641912 656.764617 0.070737 29.233754 200.000000 29.233754 0.030520 12.208008 0.997495 -13.291050 200.000000 -13.291050 0.359284 143.713494 0.070737 25.204001 200.000000 25.204001 0.003685 1.473823 0.997495 -15.748980 200.000000 -15.748980
 89.000000 0.997971 0.063665 0.992441 0.122721 1.507089 1.447765 0.063665 0.997971 0.122721 0.992441 0.005002 2.000913 0.070737 29.233754 200.000000 29.233754 0.000023 0.009077 0.997495 -13.291050 200.000000 -13.291050 0.270234 108.093502 0.070737 25.204001 200.000000 25.204001 0.002554 1.021637 0.997495 -15.748980 200.000000 -15.748980
 89.200000 0.999128 0.041750 0.990455 0.137834 1.529035 1.432522 0.041750 0.999128 0.137834 0.990455 0.084028 33.611057 0.070737 29.233754 200.000000 29.233754 0.000267 0.106683 0.997495 -13.291050 200.000000 -13.291050 0.450197 180.078943 0.070737 25.204001 200.000000 25.204001 0.004956 1.982259 0.997495 -15.748980 200.000000 -15.748980
 89.400000 0.985277 0.170963 0.993490 0.113921 1.398989 1.456628 0.170963 0.985277 0.113921 0.993490 1.004528 401.811050 0.070737 29.233754 200.000000 29.233754 0.014927 5.970784 0.997495 -13.291050 200.000000 -13.291050 0.186483 74.593333 0.070737 25.204001 200.000000 25.204001 0.001604 0.641654 0.997495 -15.748980 200.000000 -15.748980
 89.600000 0.990712 0.135977 0.999276 0.038043 1.434397 1.532744 0.135977 0.990712 0.038043 0.999276 0.425625 170.249993 0.070737 29.233754 200.000000 29.233754 0.004601 1.840370 0.997495 -13.291050 200.000000 -13.291050 0.106893 42.757306 0.070737 25.204001 200.000000 25.204001 0.000317 0.126897 0.997495 -15.748980 200.000000 -15.748980
 89.800000 0.989652 0.143485 0.996700 0.081167 1.426814 1.489539 0.143485 0.989652 0.081167 0.996700 0.529230 211.692062 0.070737 29.233754 200.000000 29.233754 0.006151 2.460226 0.997495 -13.291050 200.000000 -13.291050 0.010879 4.351621 0.070737 25.204001 200.000000 25.204001 0.000063 0.025250 0.997495 -15.748980 200.000000 -15.748980
 90.000000 0.991549 0.129731 0.999437 0.033538 1.440699 1.537252 0.129731 0.991549 0.033538 0.999437 0.348021 139.208436 0.070737 29.233754 200.000000 29.233754 0.003535 1.414053 0.997495 -13.291050 200.000000 -13.291050 0.138375 55.350158 0.070737 25.204001 200.000000 25.204001 0.000377 0.150924 0.997495 -15.748980 200.000000 -15.748980
 90.200000 0.972744 0.231884 0.998171 0.060461 1.336783 1.510299 0.231884 0.972744 0.060461 0.998171 2.596821 1038.728566 0.070737 29.233754 200.000000 29.233754 0.061264 24.505440 0.997495 -13.291050 200.000000 -13.291050 0.010561 4.224375 0.070737 25.204001 200.000000 25.204001 0.000046 0.018257 0.997495 -15.748980 200.000000 -15.748980
 90.400000 0.980122 0.198396 0.991294 0.131667 1.371075 1.438746 0.198396 0.980122 0.131667 0.991294 1.629681 651.872573 0.070737 29.233754 200.000000 29.233754 0.030182 12.072953 0.997495 -13.291050 200.000000 -13.291050 0.371243 148.497075 0.070737 25.204001 200.000000 25.204001 0.003845 1.538080 0.997495 -15.748980 200.000000 -15.748980
 90.600000 0.998872 0.047474 0.983590 0.180419 1.523304 1.389384 0.047474 0.998872 0.180419 0.983590 0.054116 21.646271 0.070737 29.233754 200.000000 29.233754 0.000190 0.075897 0.997495 -13.291050 200.000000 -13.291050 1.203013 481.205352 0.070737 25.204001 200.000000 25.204001 0.019335 7.734152 0.997495 -15.748980 200.000000 -15.748980
 90.800000 0.991874 0.127226 0.991418 0.130731 1.443225 1.439690 0.127226 0.991874 0.130731 0.991418 0.319098 127.639204 0.070737 29.233754 200.000000 29.233754 0.003160 1.263928 0.997495 -13.291050 200.000000 -13.291050 0.359923 143.969217 0.070737 25.204001 200.000000 25.204001 0.003693 1.477237 0.997495 -15.748980 200.000000 -15.748980
 91.000000 0.997124 0.075787 0.999407 0.034438 1.494937 1.536351 0.075787 0.997124 0.034438 0.999407 0.002550 1.019926 0.070737 29.233754 200.000000 29.233754 0.000014 0.005504 0.997495 -13.291050 200.000000 -13.291050 0.131761 52.704468 0.070737 25.204001 200.000000 25.204001 0.000366 0.146205 0.997495 -15.748980 200.000000 -15.748980
 91.200000 0.996490 0.083714 0.999765 0.021670 1.486984 1.549124 0.083714 0.996490 0.021670 0.999765 0.016840 6.735829 0.070737 29.233754 200.000000 29.233754 0.000101 0.040414 0.997495 -13.291050 200.000000 -13.291050 0.240754 96.301681 0.070737 25.204001 200.000000 25.204001 0.000515 0.206149 0.997495 -15.748980 200.000000 -15.748980
 91.400000 0.967973 0.251053 0.991363 0.131143 1.317029 1.439274 0.251053 0.967973 0.131143 0.991363 3.251373 1300.549162 0.070737 29.233754 200.000000 29.233754 0.087153 34.861001 0.997495 -13.291050 200.000000 -13.291050 0.364887 145.954854 0.070737 25.204001 200.000000 25.204001 0.003760 1.503830 0.997495 -15.748980 200.000000 -15.748980
 91.600000 0.991286 0.131726 0.999887 0.015009 1.438686 1.555787 0.131726 0.991286 0.015009 0.999887 0.371969 148.787573 0.070737 29.233754 200.000000 29.233754 0.003855 1.542009 0.997495 -13.291050 200.000000 -13.291050 0.310568 124.227382 0.070737 25.204001 200.000000 25.204001 0.000572 0.228939 0.997495 -15.748980 200.000000 -15.748980
 91.800000 0.995204 0.097821 0.999936 -0.011357 1.472819 1.582153 0.097821 0.995204 -0.011357 0.999936 0.073353 29.341006 0.070737 29.233754 200.000000 29.233754 0.000525 0.209938 0.997495 -13.291050 200.000000 -13.291050 0.673944 269.577492 0.070737 25.204001 200.000000 25.204001 0.000596 0.238246 0.997495 -15.748980 200.000000 -15.748980
 92.000000 0.990370 0.138446 0.999908 0.013555 1.431905 1.557241 0.138446 0.990370 0.013555 0.999908 0.458442 183.376782 0.070737 29.233754 200.000000 29.233754 0.005076 2.030590 0.997495 -13.291050 200.000000 -13.291050 0.326980 130.791863 0.070737 25.204001 200.000000 25.204001 0.000582 0.232930 0.997495 -15.748980 200.000000 -15.748980
 92.200000 0.997783 0.066556 0.997589 0.069396 1.504191 1.501344 0.066556 0.997783 0.069396 0.997589 0.001748 0.699353 0.070737 29.233754 200.000000 29.233754 0.000008 0.003311 0.997495 -13.291050 200.000000 -13.291050 0.000180 0.071927 0.070737 25.204001 200.000000 25.204001 0.000001 0.000355 0.997495 -15.748980 200.000000 -15.748980
 92.400000 0.995993 0.089434 0.990393 0.138284 1.481243 1.432068 0.089434 0.995993 0.138284 0.990393 0.034957 13.982776 0.070737 29.233754 200.000000 29.233754 0.000226 0.090268 0.997495 -13.291050 200.000000 -13.291050 0.456257 182.502944 0.070737 25.204001 200.000000 25.204001 0.005044 2.017748 0.997495 -15.748980 200.000000 -15.748980
 92.600000 0.993121 0.117090 0.996079 0.088472 1.453437 1.482208 0.117090 0.993121 0.088472 0.996079 0.214855 85.942049 0.070737 29.233754 200.000000 29.233754 0.001913 0.765149 0.997495 -13.291050 200.000000 -13.291050 0.031453 12.581121 0.070737 25.204001 200.000000 25.204001 0.000201 0.080240 0.997495 -15.748980 200.000000 -15.748980
 92.800000 0.994063 0.108802 0.994969 0.100181 1.461779 1.470447 0.108802 0.994063 0.100181 0.994969 0.144890 57.956143 0.070737 29.233754 200.000000 29.233754 0.001178 0.471010 0.997495 -13.291050 200.000000 -13.291050 0.086691 34.676469 0.070737 25.204001 200.000000 25.204001 0.000638 0.255169 0.997495 -15.748980 200.000000 -15.748980
 93.000000 0.992043 0.125897 0.999884 -0.015238 1.444565 1.586035 0.125897 0.992043 -0.015238 0.999884 0.304258 121.703310 0.070737 29.233754 200.000000 29.233754 0.002972 1.188817 0.997495 -13.291050 200.000000 -13.291050 0.739173 295.669133 0.070737 25.204001 200.000000 25.204001 0.000571 0.228275 0.997495 -15.748980 200.000000 -15.748980
 93.200000 0.986677 0.162689 0.991391 0.130937 1.407381 1.439482 0.162689 0.986677 0.130937 0.991391 0.845516 338.206242 0.070737 29.233754 200.000000 29.233754 0.011702 4.680826 0.997495 -13.291050 200.000000 -13.291050 0.362403 144.961057 0.070737 25.204001 200.000000 25.204001 0.003726 1.490503 0.997495 -15.748980 200.000000 -15.748980
 93.400000 0.986443 0.164103 0.997633 -0.068769 1.405948 1.639620 0.164103 0.986443 -0.068769 0.997633 0.871712 348.684668 0.070737 29.233754 200.000000 29.233754 0.012214 4.885627 0.997495 -13.291050 200.000000 -13.291050 1.946211 778.484446 0.070737 25.204001 200.000000 25.204001 0.000002 0.000757 0.997495 -15.748980 200.000000 -15.748980
 93.600000 0.988080 0.153941 0.995894 0.090527 1.416241 1.480145 0.153941 0.988080 0.090527 0.995894 0.692285 276.914009 0.070737 29.233754 200.000000 29.233754 0.008864 3.545632 0.997495 -13.291050 200.000000 -13.291050 0.039163 15.665180 0.070737 25.204001 200.000000 25.204001 0.000256 0.102524 0.997495 -15.748980 200.000000 -15.748980
 93.800000 0.989784 0.142574 0.999972 -0.007546 1.427735 1.578343 0.142574 0.989784 -0.007546 0.999972 0.516055 206.421859 0.070737 29.233754 200.000000 29.233754 0.005946 2.378296 0.997495 -13.291050 200.000000 -13.291050 0.612830 245.132148 0.070737 25.204001 200.000000 25.204001 0.000613 0.245330 0.997495 -15.748980 200.000000 -15.748980
 94.000000 0.999672 0.025630 0.989668 0.143378 1.545164 1.426923 0.025630 0.999672 0.143378 0.989668 0.203469 81.387533 0.070737 29.233754 200.000000 29.233754 0.000474 0.189489 0.997495 -13.291050 200.000000 -13.291050 0.527662 211.064852 0.070737 25.204001 200.000000 25.204001 0.006126 2.450429 0.997495 -15.748980 200.000000 -15.748980
 94.200000 0.984435 0.175748 0.982246 0.187596 1.394130 1.382082 0.175748 0.984435 0.187596 0.982246 1.102735 441.094138 0.070737 29.233754 200.000000 29.233754 0.017056 6.822409 0.997495 -13.291050 200.000000 -13.291050 1.365602 546.240837 0.070737 25.204001 200.000000 25.204001 0.023252 9.300973 0.997495 -15.748980 200.000000 -15.748980
 94.400000 0.995209 0.097774 0.999711 0.024020 1.472865 1.546774 0.097774 0.995209 0.024020 0.999711 0.073102 29.240611 0.070737 29.233754 200.000000 29.233754 0.000523 0.209103 0.997495 -13.291050 200.000000 -13.291050 0.218254 87.301555 0.070737 25.204001 200.000000 25.204001 0.000491 0.196515 0.997495 -15.748980 200.000000 -15.748980
 94.600000 0.996633 0.081996 0.999704 0.024309 1.488708 1.546485 0.081996 0.996633 0.024309 0.999704 0.012676 5.070400 0.070737 29.233754 200.000000 29.233754 0.000074 0.029744 0.997495 -13.291050 200.000000 -13.291050 0.215560 86.224042 0.070737 25.204001 200.000000 25.204001 0.000488 0.195278 0.997495 -15.748980 200.000000 -15.748980
 94.800000 0.986870 0.161517 0.999482 -0.032171 1.408569 1.602973 0.161517 0.986870 -0.032171 0.999482 0.824090 329.635828 0.070737 29.233754 200.000000 29.233754 0.011289 4.515615 0.997495 -13.291050 200.000000 -13.291050 1.059009 423.603548 0.070737 25.204001 200.000000 25.204001 0.000395 0.157989 0.997495 -15.748980 200.000000 -15.748980
 95.000000 0.990491 0.137576 0.999030 0.044043 1.432783 1.526739 0.137576 0.990491 0.044043 0.999030 0.446742 178.696820 0.070737 29.233754 200.000000 29.233754 0.004905 1.962111 0.997495 -13.291050 200.000000 -13.291050 0.071257 28.502623 0.070737 25.204001 200.000000 25.204001 0.000236 0.094204 0.997495 -15.748980 200.000000 -15.748980
 95.200000 0.989977 0.141229 0.995658 0.093084 1.429093 1.477578 0.141229 0.989977 0.093084 0.995658 0.496912 198.764716 0.070737 29.233754 200.000000 29.233754 0.005652 2.260847 0.997495 -13.291050 200.000000 -13.291050 0.049937 19.974795 0.070737 25.204001 200.000000 25.204001 0.000337 0.134940 0.997495 -15.748980 200.000000 -15.748980
 95.400000 0.995430 0.095492 0.990413 0.138137 1.475159 1.432216 0.095492 0.995430 0.138137 0.990413 0.061279 24.511446 0.070737 29.233754 200.000000 29.233754 0.000426 0.170530 0.997495 -13.291050 200.000000 -13.291050 0.454276 181.710428 0.070737 25.204001 200.000000 25.204001 0.005015 2.006124 0.997495 -15.748980 200.000000 -15.748980
 95.600000 0.990544 0.137195 0.991865 0.127295 1.433167 1.443155 0.137195 0.990544 0.127295 0.991865 0.441669 176.667422 0.070737 29.233754 200.000000 29.233754 0.004832 1.932643 0.997495 -13.291050 200.000000 -13.291050 0.319882 127.952946 0.070737 25.204001 200.000000 25.204001 0.003170 1.267934 0.997495 -15.748980 200.000000 -15.748980
 95.800000 0.993757 0.111562 0.989959 0.141354 1.459002 1.428967 0.111562 0.993757 0.141354 0.989959 0.166667 66.666705 0.070737 29.233754 200.000000 29.233754 0.001397 0.558761 0.997495 -13.291050 200.000000 -13.291050 0.498675 199.470096 0.070737 25.204001 200.000000 25.204001 0.005679 2.271588 0.997495 -15.748980 200.000000 -15.748980
 96.000000 0.990850 0.134969 0.999939 -0.011052 1.435414 1.581849 0.134969 0.990850 -0.011052 0.999939 0.412572 165.028981 0.070737 29.233754 200.000000 29.233754 0.004416 1.766329 0.997495 -13.291050 200.000000 -13.291050 0.668952 267.580909 0.070737 25.204001 200.000000 25.204001 0.000597 0.238913 0.997495 -15.748980 200.000000 -15.748980
 96.200000 0.989903 0.141747 0.990912 0.134509 1.428570 1.435879 0.141747 0.989903 0.134509 0.990912 0.504240 201.695837 0.070737 29.233754 200.000000 29.233754 0.005764 2.305583 0.997495 -13.291050 200.000000 -13.291050 0.406681 162.672573 0.070737 25.204001 200.000000 25.204001 0.004333 1.733217 0.997495 -15.748980 200.000000 -15.748980
 96.400000 0.984408 0.175901 0.997640 0.068665 1.393976 1.502078 0.175901 0.984408 0.068665 0.997640 1.105938 442.375220 0.070737 29.233754 200.000000 29.233754 0.017127 6.850874 0.997495 -13.291050 200.000000 -13.291050 0.000430 0.171820 0.070737 25.204001 200.000000 25.204001 0.000002 0.000839 0.997495 -15.748980 200.000000 -15.748980
 96.600000 0.988458 0.151494 0.999751 -0.022299 1.418717 1.593097 0.151494 0.988458 -0.022299 0.999751 0.652169 260.867404 0.070737 29.233754 200.000000 29.233754 0.008166 3.266574 0.997495 -13.291050 200.000000 -13.291050 0.865579 346.231729 0.070737 25.204001 200.000000 25.204001 0.000509 0.203645 0.997495 -15.748980 200.000000 -15.748980
 96.800000 0.988115 0.153715 0.987056 0.160378 1.416470 1.409723 0.153715 0.988115 0.160378 0.987056 0.688527 275.410857 0.070737 29.233754 200.000000 29.233754 0.008798 3.519166 0.997495 -13.291050 200.000000 -13.291050 0.803546 321.418536 0.070737 25.204001 200.000000 25.204001 0.010898 4.359166 0.997495 -15.748980 200.000000 -15.748980
 97.000000 0.996612 0.082243 0.989586 0.143942 1.488460 1.426352 0.082243 0.996612 0.143942 0.989586 0.013239 5.295708 0.070737 29.233754 200.000000 29.233754 0.000078 0.031167 0.997495 -13.291050 200.000000 -13.291050 0.535901 214.360520 0.070737 25.204001 200.000000 25.204001 0.006255 2.502047 0.997495 -15.748980 200.000000 -15.748980
 97.200000 0.993719 0.111904 0.974522 0.224294 1.458657 1.344578 0.111904 0.993719 0.224294 0.974522 0.169472 67.788890 0.070737 29.233754 200.000000 29.233754 0.001426 0.570323 0.997495 -13.291050 200.000000 -13.291050 2.357968 943.187288 0.070737 25.204001 200.000000 25.204001 0.052778 21.111187 0.997495 -15.748980 200.000000 -15.748980
 97.400000 0.997597 0.069291 0.995816 0.091383 1.501450 1.479286 0.069291 0.997597 0.091383 0.995816 0.000209 0.083677 0.070737 29.233754 200.000000 29.233754 0.000001 0.000412 0.997495 -13.291050 200.000000 -13.291050 0.042623 17.049345 0.070737 25.204001 200.000000 25.204001 0.000282 0.112779 0.997495 -15.748980 200.000000 -15.748980
 97.600000 0.989076 0.147407 0.999343 -0.036255 1.422850 1.607059 0.147407 0.989076 -0.036255 0.999343 0.587827 235.130680 0.070737 29.233754 200.000000 29.233754 0.007088 2.835233 0.997495 -13.291050 200.000000 -13.291050 1.144724 457.889413 0.070737 25.204001 200.000000 25.204001 0.000341 0.136545 0.997495 -15.748980 200.000000 -15.748980
 97.800000 0.993526 0.113601 0.999784 0.020764 1.456950 1.550031 0.113601 0.993526 0.020764 0.999784 0.183731 73.492282 0.070737 29.233754 200.000000 29.233754 0.001575 0.629971 0.997495 -13.291050 200.000000 -13.291050 0.249733 99.893300 0.070737 25.204001 200.000000 25.204001 0.000524 0.209658 0.997495 -15.748980 200.000000 -15.748980
 98.000000 0.985264 0.171042 0.996427 -0.084464 1.398909 1.655361 0.171042 0.985264 -0.084464 0.996427 1.006100 402.440150 0.070737 29.233754 200.000000 29.233754 0.014960 5.984096 0.997495 -13.291050 200.000000 -13.291050 2.408734 963.493580 0.070737 25.204001 200.000000 25.204001 0.000114 0.045662 0.997495 -15.748980 200.000000 -15.748980
 98.200000 0.997151 0.075433 0.999457 0.032944 1.495292 1.537847 0.075433 0.997151 0.032944 0.999457 0.002205 0.882049 0.070737 29.233754 200.000000 29.233754 0.000012 0.004737 0.997495 -13.291050 200.000000 -13.291050 0.142836 57.134527 0.070737 25.204001 200.000000 25.204001 0.000385 0.154014 0.997495 -15.748980 200.000000 -15.748980
 98.400000 0.982048 0.188629 0.995433 0.095459 1.381031 1.475191 0.188629 0.982048 0.095459 0.995433 1.389843 555.937377 0.070737 29.233754 200.000000 29.233754 0.023860 9.543814 0.997495 -13.291050 200.000000 -13.291050 0.061118 24.447275 0.070737 25.204001 200.000000 25.204001 0.000425 0.170016 0.997495 -15.748980 200.000000 -15.748980
 98.600000 0.999938 0.011163 0.964365 0.264575 1.559633 1.303033 0.011163 0.999938 0.264575 0.964365 0.354903 141.961129 0.070737 29.233754 200.000000 29.233754 0.000597 0.238671 0.997495 -13.291050 200.000000 -13.291050 3.757324 1502.929509 0.070737 25.204001 200.000000 25.204001 0.109760 43.903817 0.997495 -15.748980 200.000000 -15.748980
 98.800000 0.999410 0.034337 0.995586 0.093852 1.536453 1.476806 0.034337 0.999410 0.093852 0.995586 0.132499 52.999774 0.070737 29.233754 200.000000 29.233754 0.000367 0.146740 0.997495 -13.291050 200.000000 -13.291050 0.053428 21.371129 0.070737 25.204001 200.000000 25.204001 0.000364 0.145740 0.997495 -15.748980 200.000000 -15.748980
 99.000000 0.999777 0.021095 0.994274 0.106861 1.549700 1.463731 0.021095 0.999777 0.106861 0.994274 0.246439 98.575635 0.070737 29.233754 200.000000 29.233754 0.000521 0.208392 0.997495 -13.291050 200.000000 -13.291050 0.130492 52.196901 0.070737 25.204001 200.000000 25.204001 0.001037 0.414996 0.997495 -15.748980 200.000000 -15.748980
 99.200000 0.986529 0.163586 0.999854 -0.017098 1.406471 1.587895 0.163586 0.986529 -0.017098 0.999854 0.862099 344.839426 0.070737 29.233754 200.000000 29.233754 0.012025 4.810114 0.997495 -13.291050 200.000000 -13.291050 0.771506 308.602572 0.070737 25.204001 200.000000 25.204001 0.000556 0.222563 0.997495 -15.748980 200.000000 -15.748980
 99.400000 0.994574 0.104033 0.999373 -0.035404 1.466574 1.606208 0.104033 0.994574 -0.035404 0.999373 0.110864 44.345586 0.070737 29.233754 200.000000 29.233754 0.000853 0.341333 0.997495 -13.291050 200.000000 -13.291050 1.126593 450.637097 0.070737 25.204001 200.000000 25.204001 0.000353 0.141090 0.997495 -15.748980 200.000000 -15.748980
 99.600000 0.983023 0.183480 0.999145 0.041333 1.386271 1.529452 0.183480 0.983023 0.041333 0.999145 1.271100 508.440131 0.070737 29.233754 200.000000 29.233754 0.020943 8.377085 0.997495 -13.291050 200.000000 -13.291050 0.086461 34.584491 0.070737 25.204001 200.000000 25.204001 0.000272 0.108959 0.997495 -15.748980 200.000000 -15.748980
 99.800000 0.987070 0.160290 0.996870 0.079057 1.409812 1.491657 0.160290 0.987070 0.079057 0.996870 0.801976 320.790416 0.070737 29.233754 200.000000 29.233754 0.010868 4.347286 0.997495 -13.291050 200.000000 -13.291050 0.006922 2.768808 0.070737 25.204001 200.000000 25.204001 0.000039 0.015620 0.997495 -15.748980 200.000000 -15.748980
 100.000000 0.992976 0.118312 0.990411 0.138153 1.452207 1.432200 0.118312 0.992976 0.138153 0.990411 0.226335 90.534170 0.070737 29.233754 200.000000 29.233754 0.002042 0.816676 0.997495 -13.291050 200.000000 -13.291050 0.454484 181.793517 0.070737 25.204001 200.000000 25.204001 0.005018 2.007342 0.997495 -15.748980 200.000000 -15.748980
