#! FIELDS time sin_phi cos_phi sin_psi cos_psi phi psi cos_phi sin_phi cos_psi sin_psi restraint_phi_cos.bias restraint_phi_cos.force2 restraint_phi_cos.cos_phi_cntr restraint_phi_cos.cos_phi_work restraint_phi_cos.cos_phi_kappa restraint_phi_cos.work restraint_phi_sin.bias restraint_phi_sin.force2 restraint_phi_sin.sin_phi_cntr restraint_phi_sin.sin_phi_work restraint_phi_sin.sin_phi_kappa restraint_phi_sin.work restraint_psi_cos.bias restraint_psi_cos.force2 restraint_psi_cos.cos_psi_cntr restraint_psi_cos.cos_psi_work restraint_psi_cos.cos_psi_kappa restraint_psi_cos.work restraint_psi_sin.bias restraint_psi_sin.force2 restraint_psi_sin.sin_psi_cntr restraint_psi_sin.sin_psi_work restraint_psi_sin.sin_psi_kappa restraint_psi_sin.work
#! SET min_phi -pi
#! SET max_phi pi
#! SET min_psi -pi
#! SET max_psi pi
 0.000000 -0.999983 -0.005782 0.966116 0.258110 -1.576579 1.309731 -0.005782 -0.999983 0.258110 0.966116 0.000000 0.000000 1.000000 0.000000 0.000000 0.000000 0.000000 0.000000 0.000000 0.000000 0.000000 0.000000 0.000000 0.000000 1.000000 0.000000 0.000000 0.000000 0.000000 0.000000 0.000000 0.000000 0.000000 0.000000
 0.200000 -0.992318 0.123711 0.651177 0.758926 -1.446768 0.709134 0.123711 -0.992318 0.758926 0.651177 0.000000 0.000000 1.000000 0.000000 0.000000 0.000000 0.000000 0.000000 0.000000 0.000000 0.000000 0.000000 0.000000 0.000000 1.000000 0.000000 0.000000 0.000000 0.000000 0.000000 0.000000 0.000000 0.000000 0.000000
 0.400000 -0.961266 0.275622 0.530288 0.847817 -1.291559 0.558941 0.275622 -0.961266 0.847817 0.530288 0.000000 0.000000 1.000000 0.000000 0.000000 0.000000 0.000000 0.000000 0.000000 0.000000 0.000000 0.000000 0.000000 0.000000 1.000000 0.000000 0.000000 0.000000 0.000000 0.000000 0.000000 0.000000 0.000000 0.000000
 0.600000 -0.964668 0.263470 0.974191 0.225724 -1.304179 1.343111 0.263470 -0.964668 0.225724 0.974191 0.000000 0.000000 1.000000 0.000000 0.000000 0.000000 0.000000 0.000000 0.000000 0.000000 0.000000 0.000000 0.000000 0.000000 1.000000 0.000000 0.000000 0.000000 0.000000 0.000000 0.000000 0.000000 0.000000 0.000000
 0.800000 -0.999801 0.019934 0.982355 0.187025 -1.550861 1.382663 0.019934 -0.999801 0.187025 0.982355 0.000000 0.000000 1.000000 0.000000 0.000000 0.000000 0.000000 0.000000 0.000000 0.000000 0.000000 0.000000 0.000000 0.000000 1.000000 0.000000 0.000000 0.000000 0.000000 0.000000 0.000000 0.000000 0.000000 0.000000
 1.000000 -0.999595 0.028448 0.659832 0.751413 -1.542345 0.720595 0.028448 -0.999595 0.751413 0.659832 0.000000 0.000000 1.000000 0.000000 0.000000 0.000000 0.000000 0.000000 0.000000 0.000000 0.000000 0.000000 0.000000 0.000000 1.000000 0.000000 0.000000 0.000000 0.000000 0.000000 0.000000 0.000000 0.000000 0.000000
 1.200000 -0.523337 0.852126 -0.267996 0.963420 -0.550763 -0.271313 0.852126 -0.523337 0.963420 -0.267996 0.218668 8.746724 1.000000 4.924676 20.000000 4.924676 2.738818 109.552721 0.000000 7.202907 20.000000 7.202907 0.013381 0.535240 1.000000 0.201922 20.000000 0.201922 0.718220 28.728808 0.000000 1.668522 20.000000 1.668522
 1.400000 0.151769 0.988416 0.008803 0.999961 0.152358 0.008803 0.988416 0.151769 0.999961 0.008803 0.002684 0.214702 1.000000 4.977587 40.000000 4.977587 0.460675 36.854037 0.000000 8.361116 40.000000 8.361116 0.000000 0.000002 1.000000 0.226016 40.000000 0.226016 0.001550 0.123992 0.000000 2.416413 40.000000 2.416413
 1.600000 0.303346 0.952881 -0.214685 0.976683 0.308202 -0.216370 0.952881 0.303346 0.976683 -0.214685 0.066607 7.992877 1.000000 4.988918 60.000000 4.988918 2.760560 331.267251 0.000000 8.907892 60.000000 8.907892 0.016310 1.957213 1.000000 0.229927 60.000000 0.229927 1.382694 165.923319 0.000000 2.705398 60.000000 2.705398
 1.800000 -0.090985 0.995852 0.066053 0.997816 -0.091111 0.066101 0.995852 -0.090985 0.997816 0.066053 0.000688 0.110102 1.000000 4.992377 80.000000 4.992377 0.331127 52.980383 0.000000 9.205546 80.000000 9.205546 0.000191 0.030524 1.000000 0.230389 80.000000 0.230389 0.174520 27.923144 0.000000 2.779924 80.000000 2.779924
 2.000000 -0.266080 0.963951 0.072661 0.997357 -0.269324 0.072725 0.963951 -0.266080 0.997357 0.072661 0.064976 12.995266 1.000000 4.993496 100.000000 4.993496 3.539918 707.983673 0.000000 9.347121 100.000000 9.347121 0.000349 0.069869 1.000000 0.231416 100.000000 0.231416 0.263978 52.795693 0.000000 2.907307 100.000000 2.907307
 2.200000 -0.080140 0.996784 -0.154553 0.987984 -0.080226 -0.155175 0.996784 -0.080140 0.987984 -0.154553 0.000621 0.148970 1.000000 4.994917 120.000000 4.994917 0.385345 92.482909 0.000000 9.475784 120.000000 9.475784 0.008662 2.078966 1.000000 0.231836 120.000000 0.231836 1.433200 343.967953 0.000000 2.993694 120.000000 2.993694
 2.400000 0.044667 0.999002 -0.093595 0.995610 0.044682 -0.093732 0.999002 0.044667 0.995610 -0.093595 0.000070 0.019524 1.000000 4.998059 140.000000 4.998059 0.139660 39.104719 0.000000 9.672366 140.000000 9.672366 0.001349 0.377668 1.000000 0.232655 140.000000 0.232655 0.613198 171.695451 0.000000 3.117438 140.000000 3.117438
 2.600000 -0.113503 0.993538 0.000918 1.000000 -0.113748 0.000918 0.993538 -0.113503 1.000000 0.000918 0.003341 1.069103 1.000000 4.998217 160.000000 4.998217 1.030634 329.802753 0.000000 9.722387 160.000000 9.722387 0.000000 0.000000 1.000000 0.232813 160.000000 0.232813 0.000067 0.021563 0.000000 3.169724 160.000000 3.169724
 2.800000 -0.009796 0.999952 -0.037832 0.999284 -0.009797 -0.037841 0.999952 -0.009796 0.999284 -0.037832 0.000000 0.000075 1.000000 4.998378 180.000000 4.998378 0.008637 3.109428 0.000000 9.775342 180.000000 9.775342 0.000046 0.016606 1.000000 0.232985 180.000000 0.232985 0.128816 46.373937 0.000000 3.222536 180.000000 3.222536
 3.000000 0.072890 0.997340 -0.073600 0.997288 0.072954 -0.073666 0.997340 0.072890 0.997288 -0.073600 0.000708 0.283021 1.000000 4.998579 200.000000 4.998579 0.531289 212.515740 0.000000 9.831728 200.000000 9.831728 0.000736 0.294226 1.000000 0.233078 200.000000 0.233078 0.541691 216.676285 0.000000 3.259799 200.000000 3.259799
 3.200000 0.012969 0.999916 -0.017681 0.999844 0.012970 -0.017682 0.999916 0.012969 0.999844 -0.017681 0.490549 196.219651 0.929877 5.459889 200.000000 5.459889 0.124658 49.863215 0.048276 9.780163 200.000000 9.780163 0.450260 180.104192 0.932742 0.660991 200.000000 0.660991 0.150194 60.077472 -0.056436 3.315785 200.000000 3.315785
 3.400000 0.147876 0.989006 -0.051629 0.998666 0.148421 -0.051652 0.989006 0.147876 0.998666 -0.051629 1.670621 668.248436 0.859753 6.892189 200.000000 6.892189 0.263410 105.364105 0.096553 10.015111 200.000000 10.015111 1.773742 709.496625 0.865484 1.929752 200.000000 1.929752 0.375071 150.028419 -0.112872 3.108442 200.000000 3.108442
 3.600000 0.337401 0.941361 -0.152511 0.988302 0.344155 -0.153109 0.941361 0.337401 0.988302 -0.152511 2.302227 920.890910 0.789630 9.024335 200.000000 9.024335 3.708398 1483.359311 0.144829 9.151357 200.000000 9.151357 3.612854 1445.141658 0.798227 3.938010 200.000000 3.938010 0.028214 11.285425 -0.169308 2.610408 200.000000 2.610408
 3.800000 0.407616 0.913154 -0.267898 0.963447 0.419841 -0.271211 0.913154 0.407616 0.963447 -0.267898 3.749910 1499.963926 0.719507 11.876754 200.000000 11.876754 4.601463 1840.585265 0.193106 8.091261 200.000000 8.091261 5.404617 2161.846976 0.730969 6.593256 200.000000 6.593256 0.177698 71.079340 -0.225744 1.976959 200.000000 1.976959
 4.000000 0.411204 0.911544 -0.373743 0.927532 0.423774 -0.383041 0.911544 0.411204 0.927532 -0.373743 6.872794 2749.117532 0.649383 15.514590 200.000000 15.514590 2.883940 1153.576170 0.241382 7.062128 200.000000 7.062128 6.960157 2784.062726 0.663711 9.838353 200.000000 9.838353 0.838385 335.353825 -0.282180 1.055782 200.000000 1.055782
 4.200000 0.551801 0.833976 -0.430352 0.902661 0.584522 -0.444882 0.833976 0.551801 0.902661 -0.430352 6.488016 2595.206423 0.579260 19.114347 200.000000 19.114347 6.871873 2748.749143 0.289658 4.921168 200.000000 4.921168 9.376330 3750.531991 0.596453 13.449194 200.000000 13.449194 0.841547 336.618848 -0.338616 -0.369084 200.000000 -0.369084
 4.400000 0.578048 0.816003 -0.501647 0.865072 0.616334 -0.525502 0.816003 0.578048 0.865072 -0.501647 9.416677 3766.670897 0.509137 23.055803 200.000000 23.055803 5.765440 2306.175829 0.337935 2.522649 200.000000 2.522649 11.281323 4512.529301 0.529196 17.096328 200.000000 17.096328 1.136254 454.501768 -0.395052 -2.383526 200.000000 -2.383526
 4.600000 0.781773 0.623563 -0.696009 0.718034 0.897504 -0.769824 0.623563 0.781773 0.718034 -0.696009 3.405863 1362.345399 0.439013 26.996889 200.000000 26.996889 15.646921 6258.768349 0.386211 -0.259838 200.000000 -0.259838 6.558502 2623.400643 0.461938 20.578831 200.000000 20.578831 5.979039 2391.615560 -0.451488 -4.942217 200.000000 -4.942217
 4.800000 0.744169 0.667991 -0.760535 0.649296 0.839290 -0.864137 0.667991 0.744169 0.649296 -0.760535 8.946161 3578.464573 0.368890 30.299352 200.000000 30.299352 9.590266 3836.106478 0.434487 -3.697142 200.000000 -3.697142 6.482953 2593.181099 0.394680 23.857766 200.000000 23.857766 6.381264 2552.505686 -0.507924 -7.797874 200.000000 -7.797874
 5.000000 0.895747 0.444564 -0.869937 0.493162 1.110109 -1.055075 0.444564 0.895747 0.493162 -0.869937 2.125687 850.274848 0.298767 33.851200 200.000000 33.851200 17.055517 6822.206655 0.482764 -7.051552 200.000000 -7.051552 2.746970 1098.787916 0.327422 26.680046 200.000000 26.680046 9.337773 3735.109076 -0.564360 -10.965087 200.000000 -10.965087
 5.200000 0.943690 0.330832 -0.915418 0.402506 1.233611 -1.156544 0.330832 0.943690 0.402506 -0.915418 1.044249 417.699626 0.228643 36.686381 200.000000 36.686381 17.027964 6811.185742 0.531040 -10.662305 200.000000 -10.662305 2.026101 810.440390 0.260164 28.842574 200.000000 28.842574 8.680200 3472.079841 -0.620796 -14.295436 200.000000 -14.295436
 5.400000 0.898535 0.438902 -0.923147 0.384446 1.116420 -1.176188 0.438902 0.898535 0.384446 -0.923147 7.861392 3144.556774 0.158520 39.123828 200.000000 39.123828 10.190044 4076.017484 0.579317 -14.254926 200.000000 -14.254926 3.668745 1467.498001 0.192907 30.159102 200.000000 30.159102 6.047450 2418.979901 -0.677232 -17.596654 200.000000 -17.596654
 5.600000 0.979416 0.201850 -0.982142 0.188139 1.367550 -1.381530 0.201850 0.979416 0.188139 -0.982142 1.287170 514.868057 0.088397 41.257645 200.000000 41.257645 12.377977 4951.190795 0.627593 -17.684076 200.000000 -17.684076 0.390496 156.198397 0.125649 31.474139 200.000000 31.474139 6.173974 2469.589469 -0.733668 -20.494024 200.000000 -20.494024
 5.800000 0.986761 0.162181 -0.999967 -0.008076 1.407895 -1.578872 0.162181 0.986761 -0.008076 -0.999967 2.070948 828.379170 0.018274 42.907321 200.000000 42.907321 9.665365 3866.146079 0.675869 -20.880350 200.000000 -20.880350 0.441784 176.713503 0.058391 32.286924 200.000000 32.286924 4.404279 1761.711740 -0.790104 -23.003040 200.000000 -23.003040
 6.000000 0.999827 -0.018577 -0.998903 -0.046821 1.589374 -1.617634 -0.018577 0.999827 -0.046821 -0.998903 0.110707 44.282896 -0.051850 44.119546 200.000000 44.119546 7.600046 3040.018259 0.724146 -23.731445 200.000000 -23.731445 0.144054 57.621468 -0.008867 32.683665 200.000000 32.683665 2.321469 928.587619 -0.846540 -25.017464 200.000000 -25.017464
 6.200000 0.988286 -0.152612 -0.988415 -0.151772 1.724007 -1.723157 -0.152612 0.988286 -0.151772 -0.988415 0.093872 37.548837 -0.121973 45.078984 200.000000 45.078984 4.659737 1863.894662 0.772422 -26.122894 200.000000 -26.122894 0.572260 228.904042 -0.076124 32.918213 200.000000 32.918213 0.729998 291.999040 -0.902976 -26.397745 200.000000 -26.397745
 6.400000 0.999858 -0.016865 -0.990634 -0.136542 1.587662 -1.707766 -0.016865 0.999858 -0.136542 -0.990634 3.070594 1228.237602 -0.192096 46.220484 200.000000 46.220484 3.209809 1283.923508 0.820698 -28.040799 200.000000 -28.040799 0.004679 1.871450 -0.143382 33.323867 200.000000 33.323867 0.097486 38.994280 -0.959412 -27.104395 200.000000 -27.104395
 6.600000 0.947529 -0.319671 -0.998346 -0.057498 1.896178 -1.628326 -0.319671 0.947529 -0.057498 -0.998346 0.330061 132.024352 -0.262220 46.538399 200.000000 46.538399 0.617072 246.828991 0.868975 -29.308208 200.000000 -29.308208 1.349078 539.631274 -0.173648 33.142187 200.000000 33.142187 0.018327 7.330933 -0.984808 -27.151054 200.000000 -27.151054
 6.800000 0.954566 -0.297999 -0.962250 -0.272167 1.873392 -1.846441 -0.297999 0.954566 -0.272167 -0.962250 0.117954 47.181519 -0.332343 47.878994 200.000000 47.878994 0.139242 55.696847 0.917251 -30.102765 200.000000 -30.102765 0.970605 388.241974 -0.173648 33.142187 200.000000 33.142187 0.050886 20.354267 -0.984808 -27.151054 200.000000 -27.151054
 7.000000 0.960870 -0.277001 -0.997563 -0.069778 1.851468 -1.640631 -0.277001 0.960870 -0.069778 -0.997563 0.638163 255.265247 -0.356886 48.172256 200.000000 48.172256 0.071405 28.562052 0.934148 -30.212226 200.000000 -30.212226 1.078901 431.560413 -0.173648 33.142187 200.000000 33.142187 0.016268 6.507387 -0.984808 -27.151054 200.000000 -27.151054
 7.200000 0.972435 -0.233175 -0.995199 -0.097868 1.806138 -1.668821 -0.233175 0.972435 -0.097868 -0.995199 1.530437 612.174739 -0.356886 48.172256 200.000000 48.172256 0.146588 58.635267 0.934148 -30.212226 200.000000 -30.212226 0.574265 229.706031 -0.173648 33.142187 200.000000 33.142187 0.010799 4.319465 -0.984808 -27.151054 200.000000 -27.151054
 7.400000 0.958562 -0.284883 -0.990900 -0.134597 1.859681 -1.705803 -0.284883 0.958562 -0.134597 -0.990900 0.518447 207.378716 -0.356886 48.172256 200.000000 48.172256 0.059607 23.842604 0.934148 -30.212226 200.000000 -30.212226 0.152500 60.999849 -0.173648 33.142187 200.000000 33.142187 0.003712 1.484826 -0.984808 -27.151054 200.000000 -27.151054
 7.600000 0.973471 -0.228809 -0.995070 -0.099175 1.801650 -1.670134 -0.228809 0.973471 -0.099175 -0.995070 1.640387 656.154911 -0.356886 48.172256 200.000000 48.172256 0.154634 61.853712 0.934148 -30.212226 200.000000 -30.212226 0.554631 221.852274 -0.173648 33.142187 200.000000 33.142187 0.010531 4.212583 -0.984808 -27.151054 200.000000 -27.151054
 7.800000 0.960230 -0.279211 -0.972220 -0.234069 1.853768 -1.807057 -0.279211 0.960230 -0.234069 -0.972220 0.603347 241.338636 -0.356886 48.172256 200.000000 48.172256 0.068027 27.210748 0.934148 -30.212226 200.000000 -30.212226 0.365063 146.025331 -0.173648 33.142187 200.000000 33.142187 0.015845 6.337989 -0.984808 -27.151054 200.000000 -27.151054
 8.000000 0.945118 -0.326728 -0.987076 -0.160251 1.903636 -1.731741 -0.326728 0.945118 -0.160251 -0.987076 0.090952 36.380769 -0.356886 48.172256 200.000000 48.172256 0.012035 4.814125 0.934148 -30.212226 200.000000 -30.212226 0.017949 7.179614 -0.173648 33.142187 200.000000 33.142187 0.000515 0.205858 -0.984808 -27.151054 200.000000 -27.151054
 8.200000 0.951125 -0.308806 -0.984084 -0.177703 1.884734 -1.749448 -0.308806 0.951125 -0.177703 -0.984084 0.231167 92.466922 -0.356886 48.172256 200.000000 48.172256 0.028822 11.528835 0.934148 -30.212226 200.000000 -30.212226 0.001644 0.657776 -0.173648 33.142187 200.000000 33.142187 0.000052 0.020947 -0.984808 -27.151054 200.000000 -27.151054
 8.400000 0.947375 -0.320125 -0.988014 -0.154362 1.896657 -1.725778 -0.320125 0.947375 -0.154362 -0.988014 0.135141 54.056320 -0.356886 48.172256 200.000000 48.172256 0.017497 6.998721 0.934148 -30.212226 200.000000 -30.212226 0.037195 14.877941 -0.173648 33.142187 200.000000 33.142187 0.001028 0.411284 -0.984808 -27.151054 200.000000 -27.151054
 8.600000 0.959282 -0.282452 -0.981082 -0.193591 1.857145 -1.765617 -0.282452 0.959282 -0.193591 -0.981082 0.554051 221.620408 -0.356886 48.172256 200.000000 48.172256 0.063170 25.268085 0.934148 -30.212226 200.000000 -30.212226 0.039771 15.908442 -0.173648 33.142187 200.000000 33.142187 0.001388 0.555146 -0.984808 -27.151054 200.000000 -27.151054
 8.800000 0.953093 -0.302677 -0.975013 -0.222150 1.878297 -1.794815 -0.302677 0.953093 -0.222150 -0.975013 0.293860 117.544066 -0.356886 48.172256 200.000000 48.172256 0.035892 14.356856 0.934148 -30.212226 200.000000 -30.212226 0.235242 94.096973 -0.173648 33.142187 200.000000 33.142187 0.009595 3.837874 -0.984808 -27.151054 200.000000 -27.151054
 9.000000 0.960844 -0.277089 -0.986407 -0.164323 1.851560 -1.735868 -0.277089 0.960844 -0.164323 -0.986407 0.636756 254.702522 -0.356886 48.172256 200.000000 48.172256 0.071269 28.507774 0.934148 -30.212226 200.000000 -30.212226 0.008695 3.478035 -0.173648 33.142187 200.000000 33.142187 0.000256 0.102241 -0.984808 -27.151054 200.000000 -27.151054
 9.200000 0.975873 -0.218337 -0.974152 -0.225892 1.790906 -1.798655 -0.218337 0.975873 -0.225892 -0.974152 1.919593 767.837167 -0.356886 48.172256 200.000000 48.172256 0.174103 69.641046 0.934148 -30.212226 200.000000 -30.212226 0.272944 109.177737 -0.173648 33.142187 200.000000 33.142187 0.011354 4.541553 -0.984808 -27.151054 200.000000 -27.151054
 9.400000 0.962350 -0.271815 -0.977835 -0.209379 1.846074 -1.781736 -0.271815 0.962350 -0.209379 -0.977835 0.723718 289.487234 -0.356886 48.172256 200.000000 48.172256 0.079534 31.813608 0.934148 -30.212226 200.000000 -30.212226 0.127670 51.067891 -0.173648 33.142187 200.000000 33.142187 0.004863 1.945024 -0.984808 -27.151054 200.000000 -27.151054
 9.600000 0.978460 -0.206435 -0.989557 -0.144145 1.778727 -1.715446 -0.206435 0.978460 -0.144145 -0.989557 2.263546 905.418520 -0.356886 48.172256 200.000000 48.172256 0.196359 78.543485 0.934148 -30.212226 200.000000 -30.212226 0.087042 34.816697 -0.173648 33.142187 200.000000 33.142187 0.002255 0.902034 -0.984808 -27.151054 200.000000 -27.151054
 9.800000 0.945542 -0.325501 -0.992538 -0.121933 1.902337 -1.693034 -0.325501 0.945542 -0.121933 -0.992538 0.098506 39.402344 -0.356886 48.172256 200.000000 48.172256 0.012982 5.192912 0.934148 -30.212226 200.000000 -30.212226 0.267444 106.977456 -0.173648 33.142187 200.000000 33.142187 0.005976 2.390458 -0.984808 -27.151054 200.000000 -27.151054
 10.000000 0.955070 -0.296379 -0.980249 -0.197770 1.871696 -1.769878 -0.296379 0.955070 -0.197770 -0.980249 0.366107 146.442604 -0.356886 48.172256 200.000000 48.172256 0.043775 17.509872 0.934148 -30.212226 200.000000 -30.212226 0.058184 23.273700 -0.173648 33.142187 200.000000 33.142187 0.002079 0.831459 -0.984808 -27.151054 200.000000 -27.151054
 10.200000 0.916595 -0.399817 -0.986409 -0.164307 1.982113 -1.735852 -0.399817 0.916595 -0.164307 -0.986409 0.184305 73.721980 -0.356886 48.172256 200.000000 48.172256 0.030810 12.324121 0.934148 -30.212226 200.000000 -30.212226 0.008726 3.490243 -0.173648 33.142187 200.000000 33.142187 0.000256 0.102590 -0.984808 -27.151054 200.000000 -27.151054
 10.400000 0.964056 -0.265699 -0.986773 -0.162109 1.839726 -1.733624 -0.265699 0.964056 -0.162109 -0.986773 0.831506 332.602365 -0.356886 48.172256 200.000000 48.172256 0.089449 35.779778 0.934148 -30.212226 200.000000 -30.212226 0.013316 5.326370 -0.173648 33.142187 200.000000 33.142187 0.000386 0.154473 -0.984808 -27.151054 200.000000 -27.151054
 10.600000 0.945752 -0.324890 -0.997564 -0.069760 1.901692 -1.640613 -0.324890 0.945752 -0.069760 -0.997564 0.102376 40.950557 -0.356886 48.172256 200.000000 48.172256 0.013465 5.386095 0.934148 -30.212226 200.000000 -30.212226 1.079282 431.712741 -0.173648 33.142187 200.000000 33.142187 0.016272 6.508695 -0.984808 -27.151054 200.000000 -27.151054
 10.800000 0.924881 -0.380257 -0.991824 -0.127616 1.960871 -1.698761 -0.380257 0.924881 -0.127616 -0.991824 0.054620 21.848191 -0.356886 48.172256 200.000000 48.172256 0.008588 3.435163 0.934148 -30.212226 200.000000 -30.212226 0.211899 84.759757 -0.173648 33.142187 200.000000 33.142187 0.004922 1.968939 -0.984808 -27.151054 200.000000 -27.151054
 11.000000 0.968238 -0.250032 -0.991973 -0.126446 1.823510 -1.697582 -0.250032 0.968238 -0.126446 -0.991973 1.141777 456.710671 -0.356886 48.172256 200.000000 48.172256 0.116210 46.484151 0.934148 -30.212226 200.000000 -30.212226 0.222802 89.120666 -0.173648 33.142187 200.000000 33.142187 0.005135 2.053890 -0.984808 -27.151054 200.000000 -27.151054
 11.200000 0.909991 -0.414628 -0.988290 -0.152588 1.998330 -1.723983 -0.414628 0.909991 -0.152588 -0.988290 0.333406 133.362249 -0.356886 48.172256 200.000000 48.172256 0.058354 23.341722 0.934148 -30.212226 200.000000 -30.212226 0.044353 17.741256 -0.173648 33.142187 200.000000 33.142187 0.001213 0.485011 -0.984808 -27.151054 200.000000 -27.151054
 11.400000 0.981415 -0.191899 -0.964129 -0.265433 1.763893 -1.839450 -0.191899 0.981415 -0.265433 -0.964129 2.722067 1088.826920 -0.356886 48.172256 200.000000 48.172256 0.223415 89.365842 0.934148 -30.212226 200.000000 -30.212226 0.842454 336.981456 -0.173648 33.142187 200.000000 33.142187 0.042760 17.104129 -0.984808 -27.151054 200.000000 -27.151054
 11.600000 0.937581 -0.347768 -0.987964 -0.154687 1.925986 -1.726107 -0.347768 0.937581 -0.154687 -0.987964 0.008314 3.325457 -0.356886 48.172256 200.000000 48.172256 0.001178 0.471322 0.934148 -30.212226 200.000000 -30.212226 0.035954 14.381629 -0.173648 33.142187 200.000000 33.142187 0.000996 0.398372 -0.984808 -27.151054 200.000000 -27.151054
 11.800000 0.969389 -0.245529 -0.961696 -0.274119 1.818862 -1.848470 -0.245529 0.969389 -0.274119 -0.961696 1.240041 496.016388 -0.356886 48.172256 200.000000 48.172256 0.124195 49.678143 0.934148 -30.212226 200.000000 -30.212226 1.009434 403.773649 -0.173648 33.142187 200.000000 33.142187 0.053416 21.366414 -0.984808 -27.151054 200.000000 -27.151054
 12.000000 0.980487 -0.196585 -0.992931 -0.118695 1.768670 -1.689772 -0.196585 0.980487 -0.118695 -0.992931 2.569643 1027.857055 -0.356886 48.172256 200.000000 48.172256 0.214729 85.891714 0.934148 -30.212226 200.000000 -30.212226 0.301987 120.794904 -0.173648 33.142187 200.000000 33.142187 0.006598 2.639345 -0.984808 -27.151054 200.000000 -27.151054
 12.200000 0.922553 -0.385872 -0.983286 -0.182067 1.966949 -1.753884 -0.385872 0.922553 -0.182067 -0.983286 0.084015 33.605948 -0.356886 48.172256 200.000000 48.172256 0.013445 5.378075 0.934148 -30.212226 200.000000 -30.212226 0.007087 2.834966 -0.173648 33.142187 200.000000 33.142187 0.000232 0.092611 -0.984808 -27.151054 200.000000 -27.151054
 12.400000 0.967793 -0.251749 -0.983929 -0.178561 1.825284 -1.750320 -0.251749 0.967793 -0.178561 -0.983929 1.105379 442.151582 -0.356886 48.172256 200.000000 48.172256 0.113196 45.278483 0.934148 -30.212226 200.000000 -30.212226 0.002414 0.965559 -0.173648 33.142187 200.000000 33.142187 0.000077 0.030903 -0.984808 -27.151054 200.000000 -27.151054
 12.600000 0.958313 -0.285720 -0.986272 -0.165126 1.860554 -1.736682 -0.285720 0.958313 -0.165126 -0.986272 0.506465 202.586038 -0.356886 48.172256 200.000000 48.172256 0.058396 23.358518 0.934148 -30.212226 200.000000 -30.212226 0.007263 2.905008 -0.173648 33.142187 200.000000 33.142187 0.000215 0.085814 -0.984808 -27.151054 200.000000 -27.151054
 12.800000 0.972578 -0.232577 -0.979123 -0.203268 1.805522 -1.775491 -0.232577 0.972578 -0.203268 -0.979123 1.545290 618.115892 -0.356886 48.172256 200.000000 48.172256 0.147688 59.075322 0.934148 -30.212226 200.000000 -30.212226 0.087734 35.093778 -0.173648 33.142187 200.000000 33.142187 0.003232 1.292611 -0.984808 -27.151054 200.000000 -27.151054
 13.000000 0.969929 -0.243387 -0.987212 -0.159411 1.816652 -1.730891 -0.243387 0.969929 -0.159411 -0.987212 1.288216 515.286522 -0.356886 48.172256 200.000000 48.172256 0.128032 51.212625 0.934148 -30.212226 200.000000 -30.212226 0.020268 8.107380 -0.173648 33.142187 200.000000 33.142187 0.000578 0.231261 -0.984808 -27.151054 200.000000 -27.151054
 13.200000 0.952915 -0.303238 -0.992381 -0.123210 1.878885 -1.694320 -0.303238 0.952915 -0.123210 -0.992381 0.287817 115.126999 -0.356886 48.172256 200.000000 48.172256 0.035220 14.088192 0.934148 -30.212226 200.000000 -30.212226 0.254403 101.761348 -0.173648 33.142187 200.000000 33.142187 0.005735 2.293951 -0.984808 -27.151054 200.000000 -27.151054
 13.400000 0.969656 -0.244473 -0.994682 -0.102992 1.817772 -1.673972 -0.244473 0.969656 -0.102992 -0.994682 1.263677 505.470715 -0.356886 48.172256 200.000000 48.172256 0.126084 50.433517 0.934148 -30.212226 200.000000 -30.212226 0.499226 199.690566 -0.173648 33.142187 200.000000 33.142187 0.009750 3.900158 -0.984808 -27.151054 200.000000 -27.151054
 13.600000 0.946759 -0.321943 -0.995070 -0.099179 1.898577 -1.670139 -0.321943 0.946759 -0.099179 -0.995070 0.122103 48.841033 -0.356886 48.172256 200.000000 48.172256 0.015904 6.361673 0.934148 -30.212226 200.000000 -30.212226 0.554564 221.825548 -0.173648 33.142187 200.000000 33.142187 0.010531 4.212216 -0.984808 -27.151054 200.000000 -27.151054
 13.800000 0.960519 -0.278215 -0.995036 -0.099514 1.852732 -1.670475 -0.278215 0.960519 -0.099514 -0.995036 0.618909 247.563441 -0.356886 48.172256 200.000000 48.172256 0.069542 27.816820 0.934148 -30.212226 200.000000 -30.212226 0.549593 219.837057 -0.173648 33.142187 200.000000 33.142187 0.010462 4.184842 -0.984808 -27.151054 200.000000 -27.151054
 14.000000 0.949021 -0.315212 -0.989451 -0.144868 1.891476 -1.716176 -0.315212 0.949021 -0.144868 -0.989451 0.173676 69.470305 -0.356886 48.172256 200.000000 48.172256 0.022122 8.848828 0.934148 -30.212226 200.000000 -30.212226 0.082828 33.131158 -0.173648 33.142187 200.000000 33.142187 0.002156 0.862368 -0.984808 -27.151054 200.000000 -27.151054
 14.200000 0.919482 -0.393132 -0.991418 -0.130726 1.974832 -1.701898 -0.393132 0.919482 -0.130726 -0.991418 0.131375 52.549853 -0.356886 48.172256 200.000000 48.172256 0.021508 8.603376 0.934148 -30.212226 200.000000 -30.212226 0.184228 73.691243 -0.173648 33.142187 200.000000 33.142187 0.004370 1.748072 -0.984808 -27.151054 200.000000 -27.151054
 14.400000 0.958733 -0.284307 -0.988726 -0.149737 1.859080 -1.721099 -0.284307 0.958733 -0.149737 -0.988726 0.526779 210.711403 -0.356886 48.172256 200.000000 48.172256 0.060445 24.177910 0.934148 -30.212226 200.000000 -30.212226 0.057173 22.869129 -0.173648 33.142187 200.000000 33.142187 0.001535 0.614047 -0.984808 -27.151054 200.000000 -27.151054
 14.600000 0.941427 -0.337216 -0.983831 -0.179100 1.914755 -1.750868 -0.337216 0.941427 -0.179100 -0.983831 0.038690 15.476026 -0.356886 48.172256 200.000000 48.172256 0.005299 2.119522 0.934148 -30.212226 200.000000 -30.212226 0.002972 1.188948 -0.173648 33.142187 200.000000 33.142187 0.000095 0.038173 -0.984808 -27.151054 200.000000 -27.151054
 14.800000 0.952009 -0.306071 -0.983003 -0.183589 1.881860 -1.755432 -0.306071 0.952009 -0.183589 -0.983003 0.258218 103.287310 -0.356886 48.172256 200.000000 48.172256 0.031901 12.760349 0.934148 -30.212226 200.000000 -30.212226 0.009881 3.952418 -0.173648 33.142187 200.000000 33.142187 0.000326 0.130259 -0.984808 -27.151054 200.000000 -27.151054
 15.000000 0.944408 -0.328777 -0.982226 -0.187704 1.905804 -1.759620 -0.328777 0.944408 -0.187704 -0.982226 0.079014 31.605437 -0.356886 48.172256 200.000000 48.172256 0.010526 4.210516 0.934148 -30.212226 200.000000 -30.212226 0.019756 7.902461 -0.173648 33.142187 200.000000 33.142187 0.000667 0.266686 -0.984808 -27.151054 200.000000 -27.151054
 15.200000 0.956257 -0.292529 -0.981739 -0.190232 1.867666 -1.762195 -0.292529 0.956257 -0.190232 -0.981739 0.414191 165.676300 -0.356886 48.172256 200.000000 48.172256 0.048880 19.552180 0.934148 -30.212226 200.000000 -30.212226 0.027503 11.001272 -0.173648 33.142187 200.000000 33.142187 0.000942 0.376662 -0.984808 -27.151054 200.000000 -27.151054
 15.400000 0.974767 -0.223224 -0.982649 -0.185476 1.795918 -1.757353 -0.223224 0.974767 -0.185476 -0.982649 1.786546 714.618329 -0.356886 48.172256 200.000000 48.172256 0.164992 65.996784 0.934148 -30.212226 200.000000 -30.212226 0.013991 5.596298 -0.173648 33.142187 200.000000 33.142187 0.000466 0.186458 -0.984808 -27.151054 200.000000 -27.151054
 15.600000 0.942086 -0.335371 -0.991518 -0.129969 1.912795 -1.701134 -0.335371 0.942086 -0.129969 -0.991518 0.046292 18.516623 -0.356886 48.172256 200.000000 48.172256 0.006302 2.520707 0.934148 -30.212226 200.000000 -30.212226 0.190783 76.313384 -0.173648 33.142187 200.000000 33.142187 0.004503 1.801099 -0.984808 -27.151054 200.000000 -27.151054
 15.800000 0.984038 -0.177958 -0.987327 -0.158698 1.749707 -1.730168 -0.177958 0.984038 -0.158698 -0.987327 3.201527 1280.610737 -0.356886 48.172256 200.000000 48.172256 0.248903 99.561295 0.934148 -30.212226 200.000000 -30.212226 0.022350 8.939932 -0.173648 33.142187 200.000000 33.142187 0.000635 0.253889 -0.984808 -27.151054 200.000000 -27.151054
 16.000000 0.958901 -0.283740 -0.977727 -0.209882 1.858488 -1.782251 -0.283740 0.958901 -0.209882 -0.977727 0.535044 214.017418 -0.356886 48.172256 200.000000 48.172256 0.061274 24.509481 0.934148 -30.212226 200.000000 -30.212226 0.131291 52.516506 -0.173648 33.142187 200.000000 33.142187 0.005014 2.005677 -0.984808 -27.151054 200.000000 -27.151054
 16.200000 0.936645 -0.350279 -0.977668 -0.210157 1.928666 -1.782532 -0.350279 0.936645 -0.210157 -0.977668 0.004365 1.746107 -0.356886 48.172256 200.000000 48.172256 0.000624 0.249495 0.934148 -30.212226 200.000000 -30.212226 0.133288 53.315272 -0.173648 33.142187 200.000000 33.142187 0.005098 2.039222 -0.984808 -27.151054 200.000000 -27.151054
 16.400000 0.962578 -0.271003 -0.994567 -0.104095 1.845231 -1.675081 -0.271003 0.962578 -0.104095 -0.994567 0.737590 295.036046 -0.356886 48.172256 200.000000 48.172256 0.080830 32.331958 0.934148 -30.212226 200.000000 -30.212226 0.483758 193.503369 -0.173648 33.142187 200.000000 33.142187 0.009525 3.809961 -0.984808 -27.151054 200.000000 -27.151054
 16.600000 0.934133 -0.356925 -0.976970 -0.213378 1.935770 -1.785828 -0.356925 0.934133 -0.213378 -0.976970 0.000000 0.000060 -0.356886 48.172256 200.000000 48.172256 0.000000 0.000009 0.934148 -30.212226 200.000000 -30.212226 0.157849 63.139739 -0.173648 33.142187 200.000000 33.142187 0.006144 2.457452 -0.984808 -27.151054 200.000000 -27.151054
 16.800000 0.953468 -0.301494 -0.982259 -0.187528 1.877055 -1.759441 -0.301494 0.953468 -0.187528 -0.982259 0.306833 122.733199 -0.356886 48.172256 200.000000 48.172256 0.037327 14.930966 0.934148 -30.212226 200.000000 -30.212226 0.019264 7.705486 -0.173648 33.142187 200.000000 33.142187 0.000649 0.259776 -0.984808 -27.151054 200.000000 -27.151054
 17.000000 0.952609 -0.304196 -0.992065 -0.125726 1.879891 -1.696856 -0.304196 0.952609 -0.125726 -0.992065 0.277624 111.049754 -0.356886 48.172256 200.000000 48.172256 0.034083 13.633165 0.934148 -30.212226 200.000000 -30.212226 0.229653 91.861352 -0.173648 33.142187 200.000000 33.142187 0.005267 2.106707 -0.984808 -27.151054 200.000000 -27.151054
 17.200000 0.942372 -0.334566 -0.989590 -0.143915 1.911941 -1.715212 -0.334566 0.942372 -0.143915 -0.989590 0.049818 19.927083 -0.356886 48.172256 200.000000 48.172256 0.006764 2.705591 0.934148 -30.212226 200.000000 -30.212226 0.088408 35.363235 -0.173648 33.142187 200.000000 33.142187 0.002287 0.914833 -0.984808 -27.151054 200.000000 -27.151054
 17.400000 0.968440 -0.249248 -0.985185 -0.171496 1.822700 -1.743144 -0.249248 0.968440 -0.171496 -0.985185 1.158593 463.437158 -0.356886 48.172256 200.000000 48.172256 0.117592 47.036996 0.934148 -30.212226 200.000000 -30.212226 0.000463 0.185331 -0.173648 33.142187 200.000000 33.142187 0.000014 0.005689 -0.984808 -27.151054 200.000000 -27.151054
 17.600000 0.969569 -0.244817 -0.987147 -0.159812 1.818127 -1.731297 -0.244817 0.969569 -0.159812 -0.987147 1.255959 502.383549 -0.356886 48.172256 200.000000 48.172256 0.125468 50.187399 0.934148 -30.212226 200.000000 -30.212226 0.019143 7.657147 -0.173648 33.142187 200.000000 33.142187 0.000547 0.218959 -0.984808 -27.151054 200.000000 -27.151054
 17.800000 0.967636 -0.252350 -0.997704 -0.067719 1.825904 -1.638568 -0.252350 0.967636 -0.067719 -0.997704 1.092784 437.113642 -0.356886 48.172256 200.000000 48.172256 0.112146 44.858353 0.934148 -30.212226 200.000000 -30.212226 1.122089 448.835434 -0.173648 33.142187 200.000000 33.142187 0.016632 6.652940 -0.984808 -27.151054 200.000000 -27.151054
 18.000000 0.967454 -0.253045 -0.970495 -0.241119 1.826623 -1.814315 -0.253045 0.967454 -0.241119 -0.970495 1.078298 431.319231 -0.356886 48.172256 200.000000 48.172256 0.110933 44.373253 0.934148 -30.212226 200.000000 -30.212226 0.455236 182.094292 -0.173648 33.142187 200.000000 33.142187 0.020484 8.193653 -0.984808 -27.151054 200.000000 -27.151054
 18.200000 0.964648 -0.263541 -0.988449 -0.151556 1.837487 -1.722939 -0.263541 0.964648 -0.151556 -0.988449 0.871335 348.534118 -0.356886 48.172256 200.000000 48.172256 0.093027 37.210899 0.934148 -30.212226 200.000000 -30.212226 0.048807 19.522724 -0.173648 33.142187 200.000000 33.142187 0.001326 0.530256 -0.984808 -27.151054 200.000000 -27.151054
 18.400000 0.941397 -0.337301 -0.985356 -0.170511 1.914845 -1.742145 -0.337301 0.941397 -0.170511 -0.985356 0.038359 15.343546 -0.356886 48.172256 200.000000 48.172256 0.005255 2.101957 0.934148 -30.212226 200.000000 -30.212226 0.000984 0.393619 -0.173648 33.142187 200.000000 33.142187 0.000030 0.012011 -0.984808 -27.151054 200.000000 -27.151054
 18.600000 0.945621 -0.325269 -0.980232 -0.197851 1.902093 -1.769961 -0.325269 0.945621 -0.197851 -0.980232 0.099963 39.985219 -0.356886 48.172256 200.000000 48.172256 0.013164 5.265713 0.934148 -30.212226 200.000000 -30.212226 0.058577 23.430629 -0.173648 33.142187 200.000000 33.142187 0.002094 0.837445 -0.984808 -27.151054 200.000000 -27.151054
 18.800000 0.942305 -0.334757 -0.994693 -0.102889 1.912143 -1.673868 -0.334757 0.942305 -0.102889 -0.994693 0.048971 19.588409 -0.356886 48.172256 200.000000 48.172256 0.006653 2.661265 0.934148 -30.212226 200.000000 -30.212226 0.500686 200.274406 -0.173648 33.142187 200.000000 33.142187 0.009772 3.908600 -0.984808 -27.151054 200.000000 -27.151054
 19.000000 0.970741 -0.240130 -0.991038 -0.133580 1.813296 -1.704776 -0.240130 0.970741 -0.133580 -0.991038 1.363202 545.280643 -0.356886 48.172256 200.000000 48.172256 0.133904 53.561555 0.934148 -30.212226 200.000000 -30.212226 0.160549 64.219461 -0.173648 33.142187 200.000000 33.142187 0.003882 1.552679 -0.984808 -27.151054 200.000000 -27.151054
 19.200000 0.968503 -0.249004 -0.995564 -0.094085 1.822448 -1.665021 -0.249004 0.968503 -0.094085 -0.995564 1.163863 465.545342 -0.356886 48.172256 200.000000 48.172256 0.118024 47.209727 0.934148 -30.212226 200.000000 -30.212226 0.633028 253.211245 -0.173648 33.142187 200.000000 33.142187 0.011570 4.628009 -0.984808 -27.151054 200.000000 -27.151054
 19.400000 0.966232 -0.257672 -0.979251 -0.202650 1.831409 -1.774860 -0.257672 0.966232 -0.202650 -0.979251 0.984341 393.736529 -0.356886 48.172256 200.000000 48.172256 0.102942 41.176659 0.934148 -30.212226 200.000000 -30.212226 0.084113 33.645276 -0.173648 33.142187 200.000000 33.142187 0.003088 1.235038 -0.984808 -27.151054 200.000000 -27.151054
 19.600000 0.958512 -0.285052 -0.988914 -0.148491 1.859857 -1.719839 -0.285052 0.958512 -0.148491 -0.988914 0.516011 206.404450 -0.356886 48.172256 200.000000 48.172256 0.059361 23.744379 0.934148 -30.212226 200.000000 -30.212226 0.063287 25.314986 -0.173648 33.142187 200.000000 33.142187 0.001686 0.674363 -0.984808 -27.151054 200.000000 -27.151054
 19.800000 0.937954 -0.346760 -0.978406 -0.206691 1.924911 -1.778988 -0.346760 0.937954 -0.206691 -0.978406 0.010254 4.101427 -0.356886 48.172256 200.000000 48.172256 0.001449 0.579409 0.934148 -30.212226 200.000000 -30.212226 0.109185 43.674002 -0.173648 33.142187 200.000000 33.142187 0.004098 1.639195 -0.984808 -27.151054 200.000000 -27.151054
 20.000000 0.951885 -0.306456 -0.978913 -0.204277 1.882264 -1.776522 -0.306456 0.951885 -0.204277 -0.978913 0.254319 101.727504 -0.356886 48.172256 200.000000 48.172256 0.031460 12.583908 0.934148 -30.212226 200.000000 -30.212226 0.093815 37.525813 -0.173648 33.142187 200.000000 33.142187 0.003475 1.389898 -0.984808 -27.151054 200.000000 -27.151054
 20.200000 0.955521 -0.294925 -0.989437 -0.144962 1.870173 -1.716270 -0.294925 0.955521 -0.144962 -0.989437 0.383925 153.570008 -0.356886 48.172256 200.000000 48.172256 0.045679 18.271670 0.934148 -30.212226 200.000000 -30.212226 0.082292 32.916953 -0.173648 33.142187 200.000000 33.142187 0.002143 0.857305 -0.984808 -27.151054 200.000000 -27.151054
 20.400000 0.946573 -0.322491 -0.965759 -0.259440 1.899156 -1.833239 -0.322491 0.946573 -0.259440 -0.965759 0.118305 47.322064 -0.356886 48.172256 200.000000 48.172256 0.015437 6.174997 0.934148 -30.212226 200.000000 -30.212226 0.736026 294.410527 -0.173648 33.142187 200.000000 33.142187 0.036285 14.513915 -0.984808 -27.151054 200.000000 -27.151054
 20.600000 0.942805 -0.333344 -0.975919 -0.218133 1.910644 -1.790697 -0.333344 0.942805 -0.218133 -0.975919 0.055424 22.169654 -0.356886 48.172256 200.000000 48.172256 0.007495 2.998057 0.934148 -30.212226 200.000000 -30.212226 0.197890 79.156158 -0.173648 33.142187 200.000000 33.142187 0.007901 3.160369 -0.984808 -27.151054 200.000000 -27.151054
 20.800000 0.957820 -0.287370 -0.988476 -0.151379 1.862276 -1.722759 -0.287370 0.957820 -0.151379 -0.988476 0.483248 193.299348 -0.356886 48.172256 200.000000 48.172256 0.056035 22.414059 0.934148 -30.212226 200.000000 -30.212226 0.049593 19.837073 -0.173648 33.142187 200.000000 33.142187 0.001345 0.538192 -0.984808 -27.151054 200.000000 -27.151054
 21.000000 0.964350 -0.264629 -0.990124 -0.140193 1.838616 -1.711452 -0.264629 0.964350 -0.140193 -0.990124 0.851134 340.453744 -0.356886 48.172256 200.000000 48.172256 0.091218 36.487299 0.934148 -30.212226 200.000000 -30.212226 0.111926 44.770573 -0.173648 33.142187 200.000000 33.142187 0.002826 1.130596 -0.984808 -27.151054 200.000000 -27.151054
 21.200000 0.938596 -0.345019 -0.992594 -0.121481 1.923055 -1.692578 -0.345019 0.938596 -0.121481 -0.992594 0.014083 5.633211 -0.356886 48.172256 200.000000 48.172256 0.001978 0.791328 0.934148 -30.212226 200.000000 -30.212226 0.272143 108.857374 -0.173648 33.142187 200.000000 33.142187 0.006062 2.424889 -0.984808 -27.151054 200.000000 -27.151054
 21.400000 0.951252 -0.308415 -0.989103 -0.147228 1.884323 -1.718561 -0.308415 0.951252 -0.147228 -0.989103 0.234947 93.978894 -0.356886 48.172256 200.000000 48.172256 0.029255 11.701994 0.934148 -30.212226 200.000000 -30.212226 0.069804 27.921472 -0.173648 33.142187 200.000000 33.142187 0.001845 0.737833 -0.984808 -27.151054 200.000000 -27.151054
 21.600000 0.966354 -0.257217 -0.986091 -0.166208 1.830938 -1.737780 -0.257217 0.966354 -0.166208 -0.986091 0.993391 397.356337 -0.356886 48.172256 200.000000 48.172256 0.103721 41.488411 0.934148 -30.212226 200.000000 -30.212226 0.005535 2.214023 -0.173648 33.142187 200.000000 33.142187 0.000165 0.065833 -0.984808 -27.151054 200.000000 -27.151054
 21.800000 0.947474 -0.319833 -0.984798 -0.173701 1.896349 -1.745383 -0.319833 0.947474 -0.173701 -0.984798 0.137298 54.919086 -0.356886 48.172256 200.000000 48.172256 0.017759 7.103542 0.934148 -30.212226 200.000000 -30.212226 0.000000 0.000113 -0.173648 33.142187 200.000000 33.142187 0.000000 0.000004 -0.984808 -27.151054 200.000000 -27.151054
 22.000000 0.930117 -0.367264 -0.993573 -0.113194 1.946862 -1.684233 -0.367264 0.930117 -0.113194 -0.993573 0.010770 4.307896 -0.356886 48.172256 200.000000 48.172256 0.001625 0.649991 0.934148 -30.212226 200.000000 -30.212226 0.365477 146.190693 -0.173648 33.142187 200.000000 33.142187 0.007683 3.073155 -0.984808 -27.151054 200.000000 -27.151054
 22.200000 0.942296 -0.334780 -0.989899 -0.141772 1.912168 -1.713047 -0.334780 0.942296 -0.141772 -0.989899 0.048868 19.547162 -0.356886 48.172256 200.000000 48.172256 0.006640 2.655863 0.934148 -30.212226 200.000000 -30.212226 0.101611 40.644567 -0.173648 33.142187 200.000000 33.142187 0.002592 1.036991 -0.984808 -27.151054 200.000000 -27.151054
 22.400000 0.946449 -0.322854 -0.965874 -0.259013 1.899540 -1.832797 -0.322854 0.946449 -0.259013 -0.965874 0.115817 46.326720 -0.356886 48.172256 200.000000 48.172256 0.015131 6.052387 0.934148 -30.212226 200.000000 -30.212226 0.728721 291.488591 -0.173648 33.142187 200.000000 33.142187 0.035850 14.339877 -0.984808 -27.151054 200.000000 -27.151054
 22.600000 0.958110 -0.286401 -0.983428 -0.181301 1.861265 -1.753106 -0.286401 0.958110 -0.181301 -0.983428 0.496817 198.726709 -0.356886 48.172256 200.000000 48.172256 0.057418 22.967066 0.934148 -30.212226 200.000000 -30.212226 0.005857 2.342847 -0.173648 33.142187 200.000000 33.142187 0.000190 0.076194 -0.984808 -27.151054 200.000000 -27.151054
 22.800000 0.966091 -0.258201 -0.984097 -0.177633 1.831956 -1.749377 -0.258201 0.966091 -0.177633 -0.984097 0.973868 389.547395 -0.356886 48.172256 200.000000 48.172256 0.102037 40.814822 0.934148 -30.212226 200.000000 -30.212226 0.001588 0.635290 -0.173648 33.142187 200.000000 33.142187 0.000051 0.020222 -0.984808 -27.151054 200.000000 -27.151054
 23.000000 0.956074 -0.293124 -0.966903 -0.255144 1.868289 -1.828793 -0.293124 0.956074 -0.255144 -0.966903 0.406563 162.625011 -0.356886 48.172256 200.000000 48.172256 0.048078 19.231001 0.934148 -30.212226 200.000000 -30.212226 0.664152 265.660796 -0.173648 33.142187 200.000000 33.142187 0.032057 12.822999 -0.984808 -27.151054 200.000000 -27.151054
 23.200000 0.968252 -0.249974 -0.996152 -0.087641 1.823450 -1.658550 -0.249974 0.968252 -0.087641 -0.996152 1.143012 457.204685 -0.356886 48.172256 200.000000 48.172256 0.116312 46.524844 0.934148 -30.212226 200.000000 -30.212226 0.739722 295.888693 -0.173648 33.142187 200.000000 33.142187 0.012869 5.147783 -0.984808 -27.151054 200.000000 -27.151054
 23.400000 0.985150 -0.171696 -0.986723 -0.162415 1.743347 -1.733934 -0.171696 0.985150 -0.162415 -0.986723 3.429559 1371.823790 -0.356886 48.172256 200.000000 48.172256 0.260122 104.048989 0.934148 -30.212226 200.000000 -30.212226 0.012618 5.047352 -0.173648 33.142187 200.000000 33.142187 0.000367 0.146656 -0.984808 -27.151054 200.000000 -27.151054
 23.600000 0.940803 -0.338954 -0.983911 -0.178660 1.916601 -1.750420 -0.338954 0.940803 -0.178660 -0.983911 0.032156 12.862238 -0.356886 48.172256 200.000000 48.172256 0.004429 1.771561 0.934148 -30.212226 200.000000 -30.212226 0.002512 1.004607 -0.173648 33.142187 200.000000 33.142187 0.000080 0.032172 -0.984808 -27.151054 200.000000 -27.151054
 23.800000 0.950800 -0.309804 -0.978038 -0.208425 1.885783 -1.780761 -0.309804 0.950800 -0.208425 -0.978038 0.221674 88.669721 -0.356886 48.172256 200.000000 48.172256 0.027731 11.092374 0.934148 -30.212226 200.000000 -30.212226 0.120945 48.378137 -0.173648 33.142187 200.000000 33.142187 0.004583 1.833034 -0.984808 -27.151054 200.000000 -27.151054
 24.000000 0.960097 -0.279668 -0.966105 -0.258148 1.854245 -1.831902 -0.279668 0.960097 -0.258148 -0.966105 0.596263 238.505061 -0.356886 48.172256 200.000000 48.172256 0.067334 26.933732 0.934148 -30.212226 200.000000 -30.212226 0.714030 285.611873 -0.173648 33.142187 200.000000 33.142187 0.034978 13.991328 -0.984808 -27.151054 200.000000 -27.151054
 24.200000 0.929148 -0.369707 -0.986309 -0.164909 1.949490 -1.736462 -0.369707 0.929148 -0.164909 -0.986309 0.016438 6.575362 -0.356886 48.172256 200.000000 48.172256 0.002500 0.999860 0.934148 -30.212226 200.000000 -30.212226 0.007638 3.055235 -0.173648 33.142187 200.000000 33.142187 0.000225 0.090133 -0.984808 -27.151054 200.000000 -27.151054
 24.400000 0.951127 -0.308800 -0.985906 -0.167300 1.884728 -1.738887 -0.308800 0.951127 -0.167300 -0.985906 0.231227 92.490778 -0.356886 48.172256 200.000000 48.172256 0.028829 11.531570 0.934148 -30.212226 200.000000 -30.212226 0.004030 1.611947 -0.173648 33.142187 200.000000 33.142187 0.000121 0.048248 -0.984808 -27.151054 200.000000 -27.151054
 24.600000 0.954562 -0.298013 -0.971335 -0.237715 1.873406 -1.810809 -0.298013 0.954562 -0.237715 -0.971335 0.346610 138.643945 -0.356886 48.172256 200.000000 48.172256 0.041673 16.669360 0.934148 -30.212226 200.000000 -30.212226 0.410451 164.180217 -0.173648 33.142187 200.000000 33.142187 0.018151 7.260553 -0.984808 -27.151054 200.000000 -27.151054
 24.800000 0.974447 -0.224616 -0.988425 -0.151708 1.797346 -1.723092 -0.224616 0.974447 -0.151708 -0.988425 1.749529 699.811764 -0.356886 48.172256 200.000000 48.172256 0.162404 64.961649 0.934148 -30.212226 200.000000 -30.212226 0.048137 19.254772 -0.173648 33.142187 200.000000 33.142187 0.001309 0.523480 -0.984808 -27.151054 200.000000 -27.151054
 25.000000 0.977515 -0.210868 -0.976104 -0.217303 1.783259 -1.789847 -0.210868 0.977515 -0.217303 -0.976104 2.132132 852.852978 -0.356886 48.172256 200.000000 48.172256 0.188067 75.226784 0.934148 -30.212226 200.000000 -30.212226 0.190578 76.231012 -0.173648 33.142187 200.000000 33.142187 0.007575 3.030131 -0.984808 -27.151054 200.000000 -27.151054
 25.200000 0.970313 -0.241853 -0.993764 -0.111501 1.815072 -1.682529 -0.241853 0.970313 -0.111501 -0.993764 1.323256 529.302326 -0.356886 48.172256 200.000000 48.172256 0.130790 52.316145 0.934148 -30.212226 200.000000 -30.212226 0.386233 154.493293 -0.173648 33.142187 200.000000 33.142187 0.008022 3.208844 -0.984808 -27.151054 200.000000 -27.151054
 25.400000 0.961904 -0.273388 -0.994265 -0.106945 1.847710 -1.677947 -0.273388 0.961904 -0.106945 -0.994265 0.697194 278.877731 -0.356886 48.172256 200.000000 48.172256 0.077039 30.815744 0.934148 -30.212226 200.000000 -30.212226 0.444928 177.971103 -0.173648 33.142187 200.000000 33.142187 0.008944 3.577512 -0.984808 -27.151054 200.000000 -27.151054
 25.600000 0.914380 -0.404856 -0.974033 -0.226406 1.987618 -1.799182 -0.404856 0.914380 -0.226406 -0.974033 0.230110 92.043810 -0.356886 48.172256 200.000000 48.172256 0.039075 15.629978 0.934148 -30.212226 200.000000 -30.212226 0.278337 111.334693 -0.173648 33.142187 200.000000 33.142187 0.011609 4.643756 -0.984808 -27.151054 200.000000 -27.151054
 25.800000 0.938430 -0.345471 -0.989516 -0.144420 1.923537 -1.715723 -0.345471 0.938430 -0.144420 -0.989516 0.013031 5.212572 -0.356886 48.172256 200.000000 48.172256 0.001833 0.733311 0.934148 -30.212226 200.000000 -30.212226 0.085429 34.171579 -0.173648 33.142187 200.000000 33.142187 0.002217 0.886887 -0.984808 -27.151054 200.000000 -27.151054
 26.000000 0.963655 -0.267150 -0.975123 -0.221663 1.841231 -1.794316 -0.267150 0.963655 -0.221663 -0.975123 0.805259 322.103445 -0.356886 48.172256 200.000000 48.172256 0.087067 34.826740 0.934148 -30.212226 200.000000 -30.212226 0.230545 92.217837 -0.173648 33.142187 200.000000 33.142187 0.009379 3.751561 -0.984808 -27.151054 200.000000 -27.151054
 26.200000 0.949700 -0.313161 -0.994533 -0.104422 1.889316 -1.675409 -0.313161 0.949700 -0.104422 -0.994533 0.191190 76.476110 -0.356886 48.172256 200.000000 48.172256 0.024187 9.674863 0.934148 -30.212226 200.000000 -30.212226 0.479227 191.690813 -0.173648 33.142187 200.000000 33.142187 0.009458 3.783283 -0.984808 -27.151054 200.000000 -27.151054
 26.400000 0.968436 -0.249261 -0.998432 -0.055972 1.822714 -1.626797 -0.249261 0.968436 -0.055972 -0.998432 1.158311 463.324357 -0.356886 48.172256 200.000000 48.172256 0.117569 47.027746 0.934148 -30.212226 200.000000 -30.212226 1.384780 553.911916 -0.173648 33.142187 200.000000 33.142187 0.018563 7.425203 -0.984808 -27.151054 200.000000 -27.151054
 26.600000 0.955522 -0.294920 -0.991728 -0.128356 1.870168 -1.699508 -0.294920 0.955522 -0.128356 -0.991728 0.383982 153.592618 -0.356886 48.172256 200.000000 48.172256 0.045685 18.274078 0.934148 -30.212226 200.000000 -30.212226 0.205135 82.054168 -0.173648 33.142187 200.000000 33.142187 0.004789 1.915658 -0.984808 -27.151054 200.000000 -27.151054
 26.800000 0.951868 -0.306510 -0.979897 -0.199504 1.882320 -1.771648 -0.306510 0.951868 -0.199504 -0.979897 0.253778 101.511345 -0.356886 48.172256 200.000000 48.172256 0.031399 12.559428 0.934148 -30.212226 200.000000 -30.212226 0.066850 26.740100 -0.173648 33.142187 200.000000 33.142187 0.002411 0.964583 -0.984808 -27.151054 200.000000 -27.151054
 27.000000 0.961625 -0.274368 -0.990558 -0.137092 1.848729 -1.708321 -0.274368 0.961625 -0.137092 -0.990558 0.680929 272.371717 -0.356886 48.172256 200.000000 48.172256 0.075498 30.199362 0.934148 -30.212226 200.000000 -30.212226 0.133636 53.454476 -0.173648 33.142187 200.000000 33.142187 0.003307 1.322767 -0.984808 -27.151054 200.000000 -27.151054
 27.200000 0.950838 -0.309689 -0.977594 -0.210501 1.885662 -1.782884 -0.309689 0.950838 -0.210501 -0.977594 0.222760 89.104043 -0.356886 48.172256 200.000000 48.172256 0.027856 11.142413 0.934148 -30.212226 200.000000 -30.212226 0.135815 54.326054 -0.173648 33.142187 200.000000 33.142187 0.005204 2.081771 -0.984808 -27.151054 200.000000 -27.151054
 27.400000 0.942190 -0.335079 -0.993225 -0.116210 1.912485 -1.687269 -0.335079 0.942190 -0.116210 -0.993225 0.047558 19.023050 -0.356886 48.172256 200.000000 48.172256 0.006468 2.587176 0.934148 -30.212226 200.000000 -30.212226 0.329918 131.967163 -0.173648 33.142187 200.000000 33.142187 0.007085 2.833800 -0.984808 -27.151054 200.000000 -27.151054
 27.600000 0.938542 -0.345166 -0.998362 -0.057217 1.923212 -1.628045 -0.345166 0.938542 -0.057217 -0.998362 0.013737 5.494820 -0.356886 48.172256 200.000000 48.172256 0.001931 0.772254 0.934148 -30.212226 200.000000 -30.212226 1.355614 542.245661 -0.173648 33.142187 200.000000 33.142187 0.018371 7.348430 -0.984808 -27.151054 200.000000 -27.151054
 27.800000 0.951247 -0.308429 -0.980143 -0.198291 1.884338 -1.770410 -0.308429 0.951247 -0.198291 -0.980143 0.234809 93.923446 -0.356886 48.172256 200.000000 48.172256 0.029239 11.695650 0.934148 -30.212226 200.000000 -30.212226 0.060727 24.290613 -0.173648 33.142187 200.000000 33.142187 0.002176 0.870320 -0.984808 -27.151054 200.000000 -27.151054
 28.000000 0.949959 -0.312374 -0.986179 -0.165686 1.888487 -1.737250 -0.312374 0.949959 -0.165686 -0.986179 0.198137 79.254828 -0.356886 48.172256 200.000000 48.172256 0.025000 10.000094 0.934148 -30.212226 200.000000 -30.212226 0.006340 2.535842 -0.173648 33.142187 200.000000 33.142187 0.000188 0.075164 -0.984808 -27.151054 200.000000 -27.151054
 28.200000 0.953319 -0.301964 -0.991327 -0.131417 1.877549 -1.702595 -0.301964 0.953319 -0.131417 -0.991327 0.301642 120.656655 -0.356886 48.172256 200.000000 48.172256 0.036754 14.701658 0.934148 -30.212226 200.000000 -30.212226 0.178344 71.337496 -0.173648 33.142187 200.000000 33.142187 0.004250 1.700087 -0.984808 -27.151054 200.000000 -27.151054
 28.400000 0.957046 -0.289935 -0.994973 -0.100139 1.864955 -1.671103 -0.289935 0.957046 -0.100139 -0.994973 0.448245 179.298191 -0.356886 48.172256 200.000000 48.172256 0.052434 20.973567 0.934148 -30.212226 200.000000 -30.212226 0.540364 216.145717 -0.173648 33.142187 200.000000 33.142187 0.010334 4.133686 -0.984808 -27.151054 200.000000 -27.151054
 28.600000 0.925635 -0.378419 -0.999621 -0.027519 1.958883 -1.598319 -0.378419 0.925635 -0.027519 -0.999621 0.046364 18.545597 -0.356886 48.172256 200.000000 48.172256 0.007248 2.899020 0.934148 -30.212226 200.000000 -30.212226 2.135369 854.147759 -0.173648 33.142187 200.000000 33.142187 0.021944 8.777619 -0.984808 -27.151054 200.000000 -27.151054
 28.800000 0.973498 -0.228696 -0.983447 -0.181195 1.801534 -1.752998 -0.228696 0.973498 -0.181195 -0.983447 1.643284 657.313705 -0.356886 48.172256 200.000000 48.172256 0.154843 61.937306 0.934148 -30.212226 200.000000 -30.212226 0.005696 2.278248 -0.173648 33.142187 200.000000 33.142187 0.000185 0.074048 -0.984808 -27.151054 200.000000 -27.151054
 29.000000 0.956215 -0.292665 -0.993870 -0.110551 1.867809 -1.681574 -0.292665 0.956215 -0.110551 -0.993870 0.412438 164.975274 -0.356886 48.172256 200.000000 48.172256 0.048696 19.478482 0.934148 -30.212226 200.000000 -30.212226 0.398121 159.248408 -0.173648 33.142187 200.000000 33.142187 0.008213 3.285273 -0.984808 -27.151054 200.000000 -27.151054
 29.200000 0.951159 -0.308702 -0.988396 -0.151901 1.884625 -1.723287 -0.308702 0.951159 -0.151901 -0.988396 0.232170 92.867809 -0.356886 48.172256 200.000000 48.172256 0.028937 11.574782 0.934148 -30.212226 200.000000 -30.212226 0.047296 18.918202 -0.173648 33.142187 200.000000 33.142187 0.001287 0.514954 -0.984808 -27.151054 200.000000 -27.151054
 29.400000 0.979575 -0.201077 -0.984923 -0.172993 1.773254 -1.744664 -0.201077 0.979575 -0.172993 -0.984923 2.427637 971.054916 -0.356886 48.172256 200.000000 48.172256 0.206366 82.546259 0.934148 -30.212226 200.000000 -30.212226 0.000043 0.017156 -0.173648 33.142187 200.000000 33.142187 0.000001 0.000531 -0.984808 -27.151054 200.000000 -27.151054
 29.600000 0.937460 -0.348092 -0.994125 -0.108234 1.926332 -1.679242 -0.348092 0.937460 -0.108234 -0.994125 0.007733 3.093293 -0.356886 48.172256 200.000000 48.172256 0.001097 0.438877 0.934148 -30.212226 200.000000 -30.212226 0.427906 171.162540 -0.173648 33.142187 200.000000 33.142187 0.008682 3.472806 -0.984808 -27.151054 200.000000 -27.151054
 29.800000 0.946811 -0.321790 -0.966641 -0.256134 1.898416 -1.829817 -0.321790 0.946811 -0.256134 -0.966641 0.123172 49.268672 -0.356886 48.172256 200.000000 48.172256 0.016035 6.414135 0.934148 -30.212226 200.000000 -30.212226 0.680391 272.156425 -0.173648 33.142187 200.000000 33.142187 0.033002 13.200822 -0.984808 -27.151054 200.000000 -27.151054
 30.000000 0.968825 -0.247747 -0.996313 -0.085790 1.821150 -1.656692 -0.247747 0.968825 -0.085790 -0.996313 1.191147 476.458776 -0.356886 48.172256 200.000000 48.172256 0.120250 48.099831 0.934148 -30.212226 200.000000 -30.212226 0.771904 308.761740 -0.173648 33.142187 200.000000 33.142187 0.013238 5.295044 -0.984808 -27.151054 200.000000 -27.151054
 30.200000 0.967003 -0.254766 -0.985150 -0.171695 1.828402 -1.743346 -0.254766 0.967003 -0.171695 -0.985150 1.042854 417.141785 -0.356886 48.172256 200.000000 48.172256 0.107944 43.177723 0.934148 -30.212226 200.000000 -30.212226 0.000381 0.152582 -0.173648 33.142187 200.000000 33.142187 0.000012 0.004689 -0.984808 -27.151054 200.000000 -27.151054
 30.400000 0.956521 -0.291665 -0.975473 -0.220121 1.866763 -1.792735 -0.291665 0.956521 -0.220121 -0.975473 0.425387 170.154631 -0.356886 48.172256 200.000000 48.172256 0.050054 20.021700 0.934148 -30.212226 200.000000 -30.212226 0.215973 86.389039 -0.173648 33.142187 200.000000 33.142187 0.008715 3.485827 -0.984808 -27.151054 200.000000 -27.151054
 30.600000 0.973743 -0.227652 -0.998431 -0.055992 1.800462 -1.626818 -0.227652 0.973743 -0.055992 -0.998431 1.670143 668.057269 -0.356886 48.172256 200.000000 48.172256 0.156774 62.709450 0.934148 -30.212226 200.000000 -30.212226 1.384287 553.714787 -0.173648 33.142187 200.000000 33.142187 0.018560 7.423924 -0.984808 -27.151054 200.000000 -27.151054
 30.800000 0.957968 -0.286875 -0.969879 -0.243587 1.861760 -1.816859 -0.286875 0.957968 -0.243587 -0.969879 0.490154 196.061496 -0.356886 48.172256 200.000000 48.172256 0.056740 22.695870 0.934148 -30.212226 200.000000 -30.212226 0.489140 195.656100 -0.173648 33.142187 200.000000 33.142187 0.022286 8.914568 -0.984808 -27.151054 200.000000 -27.151054
 31.000000 0.947044 -0.321102 -0.978946 -0.204120 1.897690 -1.776361 -0.321102 0.947044 -0.204120 -0.978946 0.128048 51.219310 -0.356886 48.172256 200.000000 48.172256 0.016632 6.652917 0.934148 -30.212226 200.000000 -30.212226 0.092855 37.141919 -0.173648 33.142187 200.000000 33.142187 0.003436 1.374490 -0.984808 -27.151054 200.000000 -27.151054
 31.200000 0.973675 -0.227942 -0.991046 -0.133517 1.800760 -1.704714 -0.227942 0.973675 -0.133517 -0.991046 1.662656 665.062526 -0.356886 48.172256 200.000000 48.172256 0.156237 62.494739 0.934148 -30.212226 200.000000 -30.212226 0.161049 64.419417 -0.173648 33.142187 200.000000 33.142187 0.003892 1.556868 -0.984808 -27.151054 200.000000 -27.151054
 31.400000 0.923433 -0.383760 -0.976193 -0.216905 1.964661 -1.789439 -0.383760 0.923433 -0.216905 -0.976193 0.072221 28.888473 -0.356886 48.172256 200.000000 48.172256 0.011481 4.592521 0.934148 -30.212226 200.000000 -30.212226 0.187116 74.846494 -0.173648 33.142187 200.000000 33.142187 0.007422 2.968771 -0.984808 -27.151054 200.000000 -27.151054
 31.600000 0.967708 -0.252074 -0.994724 -0.102588 1.825620 -1.673565 -0.252074 0.967708 -0.102588 -0.994724 1.098551 439.420328 -0.356886 48.172256 200.000000 48.172256 0.112627 45.050903 0.934148 -30.212226 200.000000 -30.212226 0.504950 201.980020 -0.173648 33.142187 200.000000 33.142187 0.009833 3.933197 -0.984808 -27.151054 200.000000 -27.151054
 31.800000 0.957580 -0.288166 -0.985589 -0.169160 1.863108 -1.740774 -0.288166 0.957580 -0.169160 -0.985589 0.472242 188.896799 -0.356886 48.172256 200.000000 48.172256 0.054908 21.963287 0.934148 -30.212226 200.000000 -30.212226 0.002014 0.805782 -0.173648 33.142187 200.000000 33.142187 0.000061 0.024390 -0.984808 -27.151054 200.000000 -27.151054
 32.000000 0.951425 -0.307882 -0.991268 -0.131860 1.883762 -1.703042 -0.307882 0.951425 -0.131860 -0.991268 0.240141 96.056528 -0.356886 48.172256 200.000000 48.172256 0.029848 11.939358 0.934148 -30.212226 200.000000 -30.212226 0.174622 69.848851 -0.173648 33.142187 200.000000 33.142187 0.004174 1.669547 -0.984808 -27.151054 200.000000 -27.151054
 32.200000 0.954791 -0.297279 -0.997668 -0.068255 1.872637 -1.639104 -0.297279 0.954791 -0.068255 -0.997668 0.355307 142.122860 -0.356886 48.172256 200.000000 48.172256 0.042613 17.045218 0.934148 -30.212226 200.000000 -30.212226 1.110781 444.312378 -0.173648 33.142187 200.000000 33.142187 0.016538 6.615373 -0.984808 -27.151054 200.000000 -27.151054
 32.400000 0.919256 -0.393659 -0.966468 -0.256786 1.975405 -1.830491 -0.393659 0.919256 -0.256786 -0.966468 0.135225 54.089833 -0.356886 48.172256 200.000000 48.172256 0.022175 8.870113 0.934148 -30.212226 200.000000 -30.212226 0.691187 276.474905 -0.173648 33.142187 200.000000 33.142187 0.033633 13.453382 -0.984808 -27.151054 200.000000 -27.151054
 32.600000 0.930367 -0.366630 -0.994780 -0.102040 1.946180 -1.673015 -0.366630 0.930367 -0.102040 -0.994780 0.009494 3.797524 -0.356886 48.172256 200.000000 48.172256 0.001430 0.571828 0.934148 -30.212226 200.000000 -30.212226 0.512768 205.107323 -0.173648 33.142187 200.000000 33.142187 0.009945 3.978038 -0.984808 -27.151054 200.000000 -27.151054
 32.800000 0.965900 -0.258916 -0.981501 -0.191458 1.832696 -1.763443 -0.258916 0.965900 -0.191458 -0.981501 0.959818 383.927279 -0.356886 48.172256 200.000000 48.172256 0.100819 40.327595 0.934148 -30.212226 200.000000 -30.212226 0.031718 12.687021 -0.173648 33.142187 200.000000 33.142187 0.001094 0.437415 -0.984808 -27.151054 200.000000 -27.151054
 33.000000 0.937502 -0.347980 -0.982585 -0.185816 1.926212 -1.757699 -0.347980 0.937502 -0.185816 -0.982585 0.007933 3.173095 -0.356886 48.172256 200.000000 48.172256 0.001125 0.450035 0.934148 -30.212226 200.000000 -30.212226 0.014806 5.922463 -0.173648 33.142187 200.000000 33.142187 0.000494 0.197712 -0.984808 -27.151054 200.000000 -27.151054
 33.200000 0.950803 -0.309797 -0.994622 -0.103569 1.885775 -1.674552 -0.309797 0.950803 -0.103569 -0.994622 0.221744 88.697640 -0.356886 48.172256 200.000000 48.172256 0.027739 11.095592 0.934148 -30.212226 200.000000 -30.212226 0.491104 196.441781 -0.173648 33.142187 200.000000 33.142187 0.009632 3.852963 -0.984808 -27.151054 200.000000 -27.151054
 33.400000 0.947793 -0.318887 -0.951189 -0.308609 1.895351 -1.884526 -0.318887 0.947793 -0.308609 -0.951189 0.144395 57.758017 -0.356886 48.172256 200.000000 48.172256 0.018618 7.447358 0.934148 -30.212226 200.000000 -30.212226 1.821429 728.571750 -0.173648 33.142187 200.000000 33.142187 0.113021 45.208443 -0.984808 -27.151054 200.000000 -27.151054
 33.600000 0.932717 -0.360609 -0.994638 -0.103416 1.939717 -1.674398 -0.360609 0.932717 -0.103416 -0.994638 0.001386 0.554326 -0.356886 48.172256 200.000000 48.172256 0.000205 0.081880 0.934148 -30.212226 200.000000 -30.212226 0.493251 197.300570 -0.173648 33.142187 200.000000 33.142187 0.009664 3.865474 -0.984808 -27.151054 200.000000 -27.151054
 33.800000 0.953866 -0.300234 -0.976678 -0.214711 1.875734 -1.787192 -0.300234 0.953866 -0.214711 -0.976678 0.320949 128.379495 -0.356886 48.172256 200.000000 48.172256 0.038879 15.551597 0.934148 -30.212226 200.000000 -30.212226 0.168615 67.446158 -0.173648 33.142187 200.000000 33.142187 0.006610 2.643956 -0.984808 -27.151054 200.000000 -27.151054
 34.000000 0.957693 -0.287792 -0.967530 -0.252755 1.862717 -1.826323 -0.287792 0.957693 -0.252755 -0.967530 0.477405 190.961803 -0.356886 48.172256 200.000000 48.172256 0.055437 22.174966 0.934148 -30.212226 200.000000 -30.212226 0.625782 250.312838 -0.173648 33.142187 200.000000 33.142187 0.029851 11.940239 -0.984808 -27.151054 200.000000 -27.151054
 34.200000 0.966144 -0.258003 -0.993518 -0.113677 1.831751 -1.684719 -0.258003 0.966144 -0.113677 -0.993518 0.977788 391.115126 -0.356886 48.172256 200.000000 48.172256 0.102376 40.950368 0.934148 -30.212226 200.000000 -30.212226 0.359656 143.862223 -0.173648 33.142187 200.000000 33.142187 0.007586 3.034578 -0.984808 -27.151054 200.000000 -27.151054
 34.400000 0.958405 -0.285413 -0.970430 -0.241383 1.860234 -1.814588 -0.285413 0.958405 -0.241383 -0.970430 0.510842 204.336661 -0.356886 48.172256 200.000000 48.172256 0.058839 23.535600 0.934148 -30.212226 200.000000 -30.212226 0.458807 183.522913 -0.173648 33.142187 200.000000 33.142187 0.020673 8.269014 -0.984808 -27.151054 200.000000 -27.151054
 34.600000 0.958110 -0.286402 -0.992534 -0.121967 1.861265 -1.693067 -0.286402 0.958110 -0.121967 -0.992534 0.496809 198.723457 -0.356886 48.172256 200.000000 48.172256 0.057417 22.966735 0.934148 -30.212226 200.000000 -30.212226 0.267098 106.839022 -0.173648 33.142187 200.000000 33.142187 0.005970 2.387915 -0.984808 -27.151054 200.000000 -27.151054
 34.800000 0.961121 -0.276126 -0.990760 -0.135626 1.850557 -1.706842 -0.276126 0.961121 -0.135626 -0.990760 0.652220 260.888032 -0.356886 48.172256 200.000000 48.172256 0.072757 29.102923 0.934148 -30.212226 200.000000 -30.212226 0.144569 57.827516 -0.173648 33.142187 200.000000 33.142187 0.003543 1.417222 -0.984808 -27.151054 200.000000 -27.151054
 35.000000 0.949421 -0.314007 -0.986586 -0.163241 1.890206 -1.734771 -0.314007 0.949421 -0.163241 -0.986586 0.183866 73.546478 -0.356886 48.172256 200.000000 48.172256 0.023326 9.330507 0.934148 -30.212226 200.000000 -30.212226 0.010831 4.332405 -0.173648 33.142187 200.000000 33.142187 0.000316 0.126519 -0.984808 -27.151054 200.000000 -27.151054
 35.200000 0.932534 -0.361082 -0.994542 -0.104339 1.940224 -1.675326 -0.361082 0.932534 -0.104339 -0.994542 0.001761 0.704203 -0.356886 48.172256 200.000000 48.172256 0.000260 0.104176 0.934148 -30.212226 200.000000 -30.212226 0.480374 192.149781 -0.173648 33.142187 200.000000 33.142187 0.009475 3.790049 -0.984808 -27.151054 200.000000 -27.151054
 35.400000 0.947174 -0.320720 -0.970296 -0.241921 1.897286 -1.815141 -0.320720 0.947174 -0.241921 -0.970296 0.130797 52.318867 -0.356886 48.172256 200.000000 48.172256 0.016968 6.787148 0.934148 -30.212226 200.000000 -30.212226 0.466115 186.446111 -0.173648 33.142187 200.000000 33.142187 0.021059 8.423644 -0.984808 -27.151054 200.000000 -27.151054
 35.600000 0.943036 -0.332691 -0.997931 -0.064295 1.909952 -1.635136 -0.332691 0.943036 -0.064295 -0.997931 0.058539 23.415577 -0.356886 48.172256 200.000000 48.172256 0.007899 3.159786 0.934148 -30.212226 200.000000 -30.212226 1.195805 478.322189 -0.173648 33.142187 200.000000 33.142187 0.017222 6.888698 -0.984808 -27.151054 200.000000 -27.151054
 35.800000 0.965906 -0.258894 -0.992047 -0.125865 1.832673 -1.696996 -0.258894 0.965906 -0.125865 -0.992047 0.960247 384.098794 -0.356886 48.172256 200.000000 48.172256 0.100856 40.342495 0.934148 -30.212226 200.000000 -30.212226 0.228322 91.328851 -0.173648 33.142187 200.000000 33.142187 0.005241 2.096479 -0.984808 -27.151054 200.000000 -27.151054
 36.000000 0.966529 -0.256559 -0.987560 -0.157245 1.830257 -1.728696 -0.256559 0.966529 -0.157245 -0.987560 1.006557 402.622874 -0.356886 48.172256 200.000000 48.172256 0.104851 41.940489 0.934148 -30.212226 200.000000 -30.212226 0.026907 10.762859 -0.173648 33.142187 200.000000 33.142187 0.000757 0.302919 -0.984808 -27.151054 200.000000 -27.151054
 36.200000 0.976202 -0.216863 -0.993444 -0.114320 1.789396 -1.685366 -0.216863 0.976202 -0.114320 -0.993444 1.960656 784.262357 -0.356886 48.172256 200.000000 48.172256 0.176856 70.742340 0.934148 -30.212226 200.000000 -30.212226 0.351988 140.795290 -0.173648 33.142187 200.000000 33.142187 0.007459 2.983409 -0.984808 -27.151054 200.000000 -27.151054
 36.400000 0.981515 -0.191386 -0.992691 -0.120681 1.763370 -1.691772 -0.191386 0.981515 -0.120681 -0.992691 2.739048 1095.619311 -0.356886 48.172256 200.000000 48.172256 0.224364 89.745621 0.934148 -30.212226 200.000000 -30.212226 0.280557 112.222813 -0.173648 33.142187 200.000000 33.142187 0.006215 2.486073 -0.984808 -27.151054 200.000000 -27.151054
 36.600000 0.959945 -0.280190 -0.992270 -0.124100 1.854789 -1.695218 -0.280190 0.959945 -0.124100 -0.992270 0.588228 235.291253 -0.356886 48.172256 200.000000 48.172256 0.066547 26.618680 0.934148 -30.212226 200.000000 -30.212226 0.245497 98.198985 -0.173648 33.142187 200.000000 33.142187 0.005568 2.227200 -0.984808 -27.151054 200.000000 -27.151054
 36.800000 0.962178 -0.272421 -0.983451 -0.181176 1.846704 -1.752979 -0.272421 0.962178 -0.181176 -0.983451 0.713445 285.378199 -0.356886 48.172256 200.000000 48.172256 0.078570 31.428199 0.934148 -30.212226 200.000000 -30.212226 0.005667 2.266827 -0.173648 33.142187 200.000000 33.142187 0.000184 0.073668 -0.984808 -27.151054 200.000000 -27.151054
 37.000000 0.933046 -0.359757 -0.988339 -0.152269 1.938804 -1.723660 -0.359757 0.933046 -0.152269 -0.988339 0.000824 0.329718 -0.356886 48.172256 200.000000 48.172256 0.000121 0.048570 0.934148 -30.212226 200.000000 -30.212226 0.045707 18.282648 -0.173648 33.142187 200.000000 33.142187 0.001247 0.498810 -0.984808 -27.151054 200.000000 -27.151054
 37.200000 0.983135 -0.182879 -0.975476 -0.220104 1.754710 -1.792717 -0.182879 0.983135 -0.220104 -0.975476 3.027848 1211.139235 -0.356886 48.172256 200.000000 48.172256 0.239978 95.991207 0.934148 -30.212226 200.000000 -30.212226 0.215815 86.325937 -0.173648 33.142187 200.000000 33.142187 0.008707 3.482966 -0.984808 -27.151054 200.000000 -27.151054
 37.400000 0.966954 -0.254952 -0.970122 -0.242618 1.828594 -1.815860 -0.254952 0.966954 -0.242618 -0.970122 1.039058 415.623204 -0.356886 48.172256 200.000000 48.172256 0.107622 43.048933 0.934148 -30.212226 200.000000 -30.212226 0.475690 190.276104 -0.173648 33.142187 200.000000 33.142187 0.021568 8.627109 -0.984808 -27.151054 200.000000 -27.151054
 37.600000 0.943511 -0.331340 -0.978918 -0.204253 1.908520 -1.776497 -0.331340 0.943511 -0.204253 -0.978918 0.065261 26.104583 -0.356886 48.172256 200.000000 48.172256 0.008768 3.507078 0.934148 -30.212226 200.000000 -30.212226 0.093668 37.467051 -0.173648 33.142187 200.000000 33.142187 0.003469 1.387539 -0.984808 -27.151054 200.000000 -27.151054
 37.800000 0.981766 -0.190093 -0.993958 -0.109764 1.762053 -1.680782 -0.190093 0.981766 -0.109764 -0.993958 2.781991 1112.796475 -0.356886 48.172256 200.000000 48.172256 0.226749 90.699676 0.934148 -30.212226 200.000000 -30.212226 0.408121 163.248327 -0.173648 33.142187 200.000000 33.142187 0.008372 3.348857 -0.984808 -27.151054 200.000000 -27.151054
 38.000000 0.954137 -0.299370 -0.994673 -0.103082 1.874829 -1.674062 -0.299370 0.954137 -0.103082 -0.994673 0.330812 132.324896 -0.356886 48.172256 200.000000 48.172256 0.039957 15.982815 0.934148 -30.212226 200.000000 -30.212226 0.497954 199.181761 -0.173648 33.142187 200.000000 33.142187 0.009732 3.892791 -0.984808 -27.151054 200.000000 -27.151054
 38.200000 0.969865 -0.243641 -0.987908 -0.155039 1.816915 -1.726464 -0.243641 0.969865 -0.155039 -0.987908 1.282439 512.975666 -0.356886 48.172256 200.000000 48.172256 0.127574 51.029674 0.934148 -30.212226 200.000000 -30.212226 0.034628 13.851341 -0.173648 33.142187 200.000000 33.142187 0.000961 0.384529 -0.984808 -27.151054 200.000000 -27.151054
 38.400000 0.948215 -0.317628 -0.988252 -0.152832 1.894023 -1.724230 -0.317628 0.948215 -0.152832 -0.988252 0.154123 61.649110 -0.356886 48.172256 200.000000 48.172256 0.019790 7.915927 0.934148 -30.212226 200.000000 -30.212226 0.043331 17.332493 -0.173648 33.142187 200.000000 33.142187 0.001186 0.474563 -0.984808 -27.151054 200.000000 -27.151054
 38.600000 0.923682 -0.383159 -0.981414 -0.191904 1.964010 -1.763899 -0.383159 0.923682 -0.191904 -0.981414 0.069026 27.610597 -0.356886 48.172256 200.000000 48.172256 0.010953 4.381072 0.934148 -30.212226 200.000000 -30.212226 0.033329 13.331574 -0.173648 33.142187 200.000000 33.142187 0.001152 0.460804 -0.984808 -27.151054 200.000000 -27.151054
 38.800000 0.953307 -0.302003 -0.990449 -0.137881 1.877589 -1.709118 -0.302003 0.953307 -0.137881 -0.990449 0.301217 120.486972 -0.356886 48.172256 200.000000 48.172256 0.036707 14.682894 0.934148 -30.212226 200.000000 -30.212226 0.127927 51.170653 -0.173648 33.142187 200.000000 33.142187 0.003182 1.272836 -0.984808 -27.151054 200.000000 -27.151054
 39.000000 0.961568 -0.274565 -0.997153 -0.075409 1.848934 -1.646277 -0.274565 0.961568 -0.075409 -0.997153 0.677675 271.070137 -0.356886 48.172256 200.000000 48.172256 0.075189 30.075637 0.934148 -30.212226 200.000000 -30.212226 0.965086 386.034355 -0.173648 33.142187 200.000000 33.142187 0.015240 6.095867 -0.984808 -27.151054 200.000000 -27.151054
 39.200000 0.966542 -0.256509 -0.985991 -0.166799 1.830205 -1.738379 -0.256509 0.966542 -0.166799 -0.985991 1.007565 403.026004 -0.356886 48.172256 200.000000 48.172256 0.104938 41.975020 0.934148 -30.212226 200.000000 -30.212226 0.004691 1.876430 -0.173648 33.142187 200.000000 33.142187 0.000140 0.055995 -0.984808 -27.151054 200.000000 -27.151054
 39.400000 0.972809 -0.231609 -0.994266 -0.106935 1.804528 -1.677936 -0.231609 0.972809 -0.106935 -0.994266 1.569430 627.771872 -0.356886 48.172256 200.000000 48.172256 0.149467 59.786972 0.934148 -30.212226 200.000000 -30.212226 0.445070 178.028155 -0.173648 33.142187 200.000000 33.142187 0.008946 3.578382 -0.984808 -27.151054 200.000000 -27.151054
 39.600000 0.973487 -0.228744 -0.983044 -0.183370 1.801584 -1.755210 -0.228744 0.973487 -0.183370 -0.983044 1.642039 656.815637 -0.356886 48.172256 200.000000 48.172256 0.154753 61.901384 0.934148 -30.212226 200.000000 -30.212226 0.009452 3.780766 -0.173648 33.142187 200.000000 33.142187 0.000311 0.124445 -0.984808 -27.151054 200.000000 -27.151054
 39.800000 0.939800 -0.341725 -0.993898 -0.110299 1.919548 -1.681320 -0.341725 0.939800 -0.110299 -0.993898 0.022987 9.194947 -0.356886 48.172256 200.000000 48.172256 0.003195 1.277923 0.934148 -30.212226 200.000000 -30.212226 0.401317 160.526938 -0.173648 33.142187 200.000000 33.142187 0.008264 3.305667 -0.984808 -27.151054 200.000000 -27.151054
 40.000000 0.948749 -0.316030 -0.982011 -0.188826 1.892338 -1.760763 -0.316030 0.948749 -0.188826 -0.982011 0.166925 66.769997 -0.356886 48.172256 200.000000 48.172256 0.021320 8.528052 0.934148 -30.212226 200.000000 -30.212226 0.023036 9.214331 -0.173648 33.142187 200.000000 33.142187 0.000782 0.312960 -0.984808 -27.151054 200.000000 -27.151054
 40.200000 0.946553 -0.322548 -0.995793 -0.091626 1.899217 -1.662551 -0.322548 0.946553 -0.091626 -0.995793 0.117911 47.164288 -0.356886 48.172256 200.000000 48.172256 0.015389 6.155577 0.934148 -30.212226 200.000000 -30.212226 0.672765 269.105820 -0.173648 33.142187 200.000000 33.142187 0.012069 4.827461 -0.984808 -27.151054 200.000000 -27.151054
 40.400000 0.953843 -0.300306 -0.994686 -0.102952 1.875810 -1.673931 -0.300306 0.953843 -0.102952 -0.994686 0.320134 128.053700 -0.356886 48.172256 200.000000 48.172256 0.038790 15.515899 0.934148 -30.212226 200.000000 -30.212226 0.499798 199.919037 -0.173648 33.142187 200.000000 33.142187 0.009759 3.903463 -0.984808 -27.151054 200.000000 -27.151054
 40.600000 0.970796 -0.239905 -0.985959 -0.166988 1.813064 -1.738571 -0.239905 0.970796 -0.166988 -0.985959 1.368457 547.382756 -0.356886 48.172256 200.000000 48.172256 0.134311 53.724414 0.934148 -30.212226 200.000000 -30.212226 0.004435 1.774158 -0.173648 33.142187 200.000000 33.142187 0.000133 0.053003 -0.984808 -27.151054 200.000000 -27.151054
 40.800000 0.959711 -0.280990 -0.997106 -0.076025 1.855622 -1.646895 -0.280990 0.959711 -0.076025 -0.997106 0.576025 230.410184 -0.356886 48.172256 200.000000 48.172256 0.065346 26.138414 0.934148 -30.212226 200.000000 -30.212226 0.953032 381.212961 -0.173648 33.142187 200.000000 33.142187 0.015125 6.049803 -0.984808 -27.151054 200.000000 -27.151054
 41.000000 0.975085 -0.221831 -0.991702 -0.128555 1.794488 -1.699708 -0.221831 0.975085 -0.128555 -0.991702 1.823984 729.593711 -0.356886 48.172256 200.000000 48.172256 0.167586 67.034203 0.934148 -30.212226 200.000000 -30.212226 0.203342 81.336849 -0.173648 33.142187 200.000000 33.142187 0.004754 1.901457 -0.984808 -27.151054 200.000000 -27.151054
 41.200000 0.952966 -0.303077 -0.990202 -0.139642 1.878716 -1.710896 -0.303077 0.952966 -0.139642 -0.990202 0.289542 115.816727 -0.356886 48.172256 200.000000 48.172256 0.035412 14.164939 0.934148 -30.212226 200.000000 -30.212226 0.115642 46.256651 -0.173648 33.142187 200.000000 33.142187 0.002910 1.163937 -0.984808 -27.151054 200.000000 -27.151054
 41.400000 0.959767 -0.280799 -0.990759 -0.135635 1.855422 -1.706850 -0.280799 0.959767 -0.135635 -0.990759 0.578933 231.573284 -0.356886 48.172256 200.000000 48.172256 0.065633 26.253051 0.934148 -30.212226 200.000000 -30.212226 0.144504 57.801516 -0.173648 33.142187 200.000000 33.142187 0.003542 1.416665 -0.984808 -27.151054 200.000000 -27.151054
 41.600000 0.948656 -0.316311 -0.977617 -0.210391 1.892635 -1.782771 -0.316311 0.948656 -0.210391 -0.977617 0.164635 65.853920 -0.356886 48.172256 200.000000 48.172256 0.021047 8.418919 0.934148 -30.212226 200.000000 -30.212226 0.135002 54.000659 -0.173648 33.142187 200.000000 33.142187 0.005170 2.068061 -0.984808 -27.151054 200.000000 -27.151054
 41.800000 0.968279 -0.249873 -0.981521 -0.191357 1.823346 -1.763341 -0.249873 0.968279 -0.191357 -0.981521 1.145179 458.071481 -0.356886 48.172256 200.000000 48.172256 0.116491 46.596207 0.934148 -30.212226 200.000000 -30.212226 0.031360 12.543925 -0.173648 33.142187 200.000000 33.142187 0.001081 0.432234 -0.984808 -27.151054 200.000000 -27.151054
 42.000000 0.969340 -0.245725 -0.984706 -0.174227 1.819064 -1.745917 -0.245725 0.969340 -0.174227 -0.984706 1.235677 494.270923 -0.356886 48.172256 200.000000 48.172256 0.123845 49.538148 0.934148 -30.212226 200.000000 -30.212226 0.000034 0.013402 -0.173648 33.142187 200.000000 33.142187 0.000001 0.000418 -0.984808 -27.151054 200.000000 -27.151054
 42.200000 0.947412 -0.320018 -0.984251 -0.176777 1.896545 -1.748507 -0.320018 0.947412 -0.176777 -0.984251 0.135928 54.371392 -0.356886 48.172256 200.000000 48.172256 0.017593 7.037019 0.934148 -30.212226 200.000000 -30.212226 0.000979 0.391518 -0.173648 33.142187 200.000000 33.142187 0.000031 0.012400 -0.984808 -27.151054 200.000000 -27.151054
 42.400000 0.987664 -0.156585 -0.984861 -0.173345 1.728029 -1.745022 -0.156585 0.987664 -0.173345 -0.984861 4.012040 1604.815823 -0.356886 48.172256 200.000000 48.172256 0.286402 114.560860 0.934148 -30.212226 200.000000 -30.212226 0.000009 0.003674 -0.173648 33.142187 200.000000 33.142187 0.000000 0.000114 -0.984808 -27.151054 200.000000 -27.151054
 42.600000 0.931025 -0.364956 -0.993196 -0.116457 1.944381 -1.687519 -0.364956 0.931025 -0.116457 -0.993196 0.006511 2.604575 -0.356886 48.172256 200.000000 48.172256 0.000975 0.390106 0.934148 -30.212226 200.000000 -30.212226 0.327079 130.831528 -0.173648 33.142187 200.000000 33.142187 0.007036 2.814300 -0.984808 -27.151054 200.000000 -27.151054
 42.800000 0.951476 -0.307724 -0.991046 -0.133521 1.883596 -1.704717 -0.307724 0.951476 -0.133521 -0.991046 0.241693 96.677065 -0.356886 48.172256 200.000000 48.172256 0.030025 12.010124 0.934148 -30.212226 200.000000 -30.212226 0.161021 64.408489 -0.173648 33.142187 200.000000 33.142187 0.003892 1.556639 -0.984808 -27.151054 200.000000 -27.151054
 43.000000 0.945016 -0.327023 -0.978804 -0.204799 1.903948 -1.777055 -0.327023 0.945016 -0.204799 -0.978804 0.089183 35.673117 -0.356886 48.172256 200.000000 48.172256 0.011813 4.725069 0.934148 -30.212226 200.000000 -30.212226 0.097038 38.815031 -0.173648 33.142187 200.000000 33.142187 0.003604 1.441781 -0.984808 -27.151054 200.000000 -27.151054
 43.200000 0.937341 -0.348414 -0.981706 -0.190405 1.926674 -1.762371 -0.348414 0.937341 -0.190405 -0.981706 0.007179 2.871425 -0.356886 48.172256 200.000000 48.172256 0.001020 0.407822 0.934148 -30.212226 200.000000 -30.212226 0.028080 11.231929 -0.173648 33.142187 200.000000 33.142187 0.000962 0.384938 -0.984808 -27.151054 200.000000 -27.151054
 43.400000 0.970376 -0.241600 -0.980700 -0.195519 1.814811 -1.767583 -0.241600 0.970376 -0.195519 -0.980700 1.329083 531.633034 -0.356886 48.172256 200.000000 48.172256 0.131247 52.498641 0.934148 -30.212226 200.000000 -30.212226 0.047833 19.133026 -0.173648 33.142187 200.000000 33.142187 0.001687 0.674963 -0.984808 -27.151054 200.000000 -27.151054
 43.600000 0.912050 -0.410080 -0.993368 -0.114979 1.993338 -1.686030 -0.410080 0.912050 -0.114979 -0.993368 0.282954 113.181588 -0.356886 48.172256 200.000000 48.172256 0.048833 19.533114 0.934148 -30.212226 200.000000 -30.212226 0.344209 137.683428 -0.173648 33.142187 200.000000 33.142187 0.007328 2.931069 -0.984808 -27.151054 200.000000 -27.151054
 43.800000 0.961600 -0.274453 -0.996407 -0.084696 1.848817 -1.655594 -0.274453 0.961600 -0.084696 -0.996407 0.679519 271.807504 -0.356886 48.172256 200.000000 48.172256 0.075364 30.145746 0.934148 -30.212226 200.000000 -30.212226 0.791243 316.497165 -0.173648 33.142187 200.000000 33.142187 0.013454 5.381524 -0.984808 -27.151054 200.000000 -27.151054
 44.000000 0.965675 -0.259753 -0.985692 -0.168554 1.833562 -1.740159 -0.259753 0.965675 -0.168554 -0.985692 0.943495 377.398065 -0.356886 48.172256 200.000000 48.172256 0.099397 39.758958 0.934148 -30.212226 200.000000 -30.212226 0.002595 1.038122 -0.173648 33.142187 200.000000 33.142187 0.000078 0.031308 -0.984808 -27.151054 200.000000 -27.151054
 44.200000 0.931499 -0.363745 -0.990175 -0.139836 1.943081 -1.711092 -0.363745 0.931499 -0.139836 -0.990175 0.004704 1.881664 -0.356886 48.172256 200.000000 48.172256 0.000702 0.280743 0.934148 -30.212226 200.000000 -30.212226 0.114328 45.731134 -0.173648 33.142187 200.000000 33.142187 0.002880 1.152169 -0.984808 -27.151054 200.000000 -27.151054
 44.400000 0.968206 -0.250152 -0.991525 -0.129913 1.823634 -1.701077 -0.250152 0.968206 -0.129913 -0.991525 1.139212 455.684610 -0.356886 48.172256 200.000000 48.172256 0.115999 46.399589 0.934148 -30.212226 200.000000 -30.212226 0.191279 76.511527 -0.173648 33.142187 200.000000 33.142187 0.004513 1.805088 -0.984808 -27.151054 200.000000 -27.151054
 44.600000 0.963581 -0.267417 -0.979304 -0.202397 1.841508 -1.774601 -0.267417 0.963581 -0.202397 -0.979304 0.800470 320.188007 -0.356886 48.172256 200.000000 48.172256 0.086630 34.651998 0.934148 -30.212226 200.000000 -30.212226 0.082650 33.060068 -0.173648 33.142187 200.000000 33.142187 0.003030 1.211858 -0.984808 -27.151054 200.000000 -27.151054
 44.800000 0.964374 -0.264543 -0.995219 -0.097668 1.838526 -1.668620 -0.264543 0.964374 -0.097668 -0.995219 0.852726 341.090213 -0.356886 48.172256 200.000000 48.172256 0.091361 36.544462 0.934148 -30.212226 200.000000 -30.212226 0.577299 230.919664 -0.173648 33.142187 200.000000 33.142187 0.010840 4.335808 -0.984808 -27.151054 200.000000 -27.151054
 45.000000 0.971435 -0.237307 -0.954142 -0.299354 1.810389 -1.874811 -0.237307 0.971435 -0.299354 -0.954142 1.429928 571.971389 -0.356886 48.172256 200.000000 48.172256 0.139032 55.612642 0.934148 -30.212226 200.000000 -30.212226 1.580185 632.073832 -0.173648 33.142187 200.000000 33.142187 0.094037 37.614915 -0.984808 -27.151054 200.000000 -27.151054
 45.200000 0.946374 -0.323073 -0.981388 -0.192035 1.899771 -1.764032 -0.323073 0.946374 -0.192035 -0.981388 0.114333 45.733121 -0.356886 48.172256 200.000000 48.172256 0.014948 5.979156 0.934148 -30.212226 200.000000 -30.212226 0.033809 13.523630 -0.173648 33.142187 200.000000 33.142187 0.001169 0.467790 -0.984808 -27.151054 200.000000 -27.151054
 45.400000 0.961311 -0.275466 -0.987269 -0.159057 1.849871 -1.730532 -0.275466 0.961311 -0.159057 -0.987269 0.662925 265.169915 -0.356886 48.172256 200.000000 48.172256 0.073783 29.513027 0.934148 -30.212226 200.000000 -30.212226 0.021289 8.515553 -0.173648 33.142187 200.000000 33.142187 0.000606 0.242374 -0.984808 -27.151054 200.000000 -27.151054
 45.600000 0.953788 -0.300479 -0.971118 -0.238600 1.875991 -1.811721 -0.300479 0.953788 -0.238600 -0.971118 0.318178 127.271359 -0.356886 48.172256 200.000000 48.172256 0.038575 15.430121 0.934148 -30.212226 200.000000 -30.212226 0.421878 168.751333 -0.173648 33.142187 200.000000 33.142187 0.018741 7.496538 -0.984808 -27.151054 200.000000 -27.151054
 45.800000 0.952366 -0.304957 -0.990371 -0.138439 1.880689 -1.709681 -0.304957 0.952366 -0.138439 -0.990371 0.269668 107.867089 -0.356886 48.172256 200.000000 48.172256 0.033191 13.276350 0.934148 -30.212226 200.000000 -30.212226 0.123969 49.587458 -0.173648 33.142187 200.000000 33.142187 0.003095 1.237972 -0.984808 -27.151054 200.000000 -27.151054
 46.000000 0.947393 -0.320074 -0.976362 -0.216144 1.896604 -1.788659 -0.320074 0.947393 -0.216144 -0.976362 0.135514 54.205480 -0.356886 48.172256 200.000000 48.172256 0.017542 7.016854 0.934148 -30.212226 200.000000 -30.212226 0.180587 72.234994 -0.173648 33.142187 200.000000 33.142187 0.007134 2.853535 -0.984808 -27.151054 200.000000 -27.151054
 46.200000 0.949766 -0.312962 -0.979625 -0.200834 1.889107 -1.773005 -0.312962 0.949766 -0.200834 -0.979625 0.192931 77.172565 -0.356886 48.172256 200.000000 48.172256 0.024391 9.756504 0.934148 -30.212226 200.000000 -30.212226 0.073905 29.561928 -0.173648 33.142187 200.000000 33.142187 0.002686 1.074285 -0.984808 -27.151054 200.000000 -27.151054
 46.400000 0.949613 -0.313424 -0.990683 -0.136188 1.889592 -1.707409 -0.313424 0.949613 -0.136188 -0.990683 0.188900 75.560023 -0.356886 48.172256 200.000000 48.172256 0.023918 9.567346 0.934148 -30.212226 200.000000 -30.212226 0.140326 56.130593 -0.173648 33.142187 200.000000 33.142187 0.003452 1.380746 -0.984808 -27.151054 200.000000 -27.151054
 46.600000 0.964079 -0.265614 -0.974248 -0.225480 1.839637 -1.798232 -0.265614 0.964079 -0.225480 -0.974248 0.833063 333.225270 -0.356886 48.172256 200.000000 48.172256 0.089590 35.836072 0.934148 -30.212226 200.000000 -30.212226 0.268650 107.460141 -0.173648 33.142187 200.000000 33.142187 0.011151 4.460442 -0.984808 -27.151054 200.000000 -27.151054
 46.800000 0.972703 -0.232053 -0.997872 -0.065199 1.804984 -1.636042 -0.232053 0.972703 -0.065199 -0.997872 1.558337 623.334971 -0.356886 48.172256 200.000000 48.172256 0.148651 59.460515 0.934148 -30.212226 200.000000 -30.212226 1.176112 470.444816 -0.173648 33.142187 200.000000 33.142187 0.017068 6.827244 -0.984808 -27.151054 200.000000 -27.151054
 47.000000 0.934699 -0.355441 -0.977319 -0.211773 1.934182 -1.784185 -0.355441 0.934699 -0.211773 -0.977319 0.000209 0.083549 -0.356886 48.172256 200.000000 48.172256 0.000030 0.012138 0.934148 -30.212226 200.000000 -30.212226 0.145348 58.139286 -0.173648 33.142187 200.000000 33.142187 0.005608 2.243294 -0.984808 -27.151054 200.000000 -27.151054
 47.200000 0.938331 -0.345739 -0.979596 -0.200978 1.923822 -1.773153 -0.345739 0.938331 -0.200978 -0.979596 0.012427 4.970750 -0.356886 48.172256 200.000000 48.172256 0.001750 0.699899 0.934148 -30.212226 200.000000 -30.212226 0.074693 29.877075 -0.173648 33.142187 200.000000 33.142187 0.002717 1.086609 -0.984808 -27.151054 200.000000 -27.151054
 47.400000 0.955726 -0.294257 -0.988039 -0.154204 1.869474 -1.725618 -0.294257 0.955726 -0.154204 -0.988039 0.392242 156.896884 -0.356886 48.172256 200.000000 48.172256 0.046563 18.625226 0.934148 -30.212226 200.000000 -30.212226 0.037806 15.122562 -0.173648 33.142187 200.000000 33.142187 0.001044 0.417634 -0.984808 -27.151054 200.000000 -27.151054
 47.600000 0.943866 -0.330328 -0.993342 -0.115198 1.907447 -1.686251 -0.330328 0.943866 -0.115198 -0.993342 0.070536 28.214214 -0.356886 48.172256 200.000000 48.172256 0.009445 3.777932 0.934148 -30.212226 200.000000 -30.212226 0.341637 136.654750 -0.173648 33.142187 200.000000 33.142187 0.007284 2.913673 -0.984808 -27.151054 200.000000 -27.151054
 47.800000 0.967335 -0.253501 -0.988030 -0.154260 1.827094 -1.725674 -0.253501 0.967335 -0.154260 -0.988030 1.068843 427.537240 -0.356886 48.172256 200.000000 48.172256 0.110139 44.055534 0.934148 -30.212226 200.000000 -30.212226 0.037592 15.036776 -0.173648 33.142187 200.000000 33.142187 0.001039 0.415408 -0.984808 -27.151054 200.000000 -27.151054
 48.000000 0.935879 -0.352321 -0.992396 -0.123084 1.930846 -1.694193 -0.352321 0.935879 -0.123084 -0.992396 0.002084 0.833690 -0.356886 48.172256 200.000000 48.172256 0.000300 0.119910 0.934148 -30.212226 200.000000 -30.212226 0.255674 102.269523 -0.173648 33.142187 200.000000 33.142187 0.005759 2.303417 -0.984808 -27.151054 200.000000 -27.151054
 48.200000 0.953945 -0.299982 -0.976369 -0.216109 1.875470 -1.788623 -0.299982 0.953945 -0.216109 -0.976369 0.323807 129.522893 -0.356886 48.172256 200.000000 48.172256 0.039192 15.676772 0.934148 -30.212226 200.000000 -30.212226 0.180288 72.115237 -0.173648 33.142187 200.000000 33.142187 0.007121 2.848266 -0.984808 -27.151054 200.000000 -27.151054
 48.400000 0.941997 -0.335621 -0.983988 -0.178234 1.913061 -1.749987 -0.335621 0.941997 -0.178234 -0.983988 0.045219 18.087560 -0.356886 48.172256 200.000000 48.172256 0.006161 2.464317 0.934148 -30.212226 200.000000 -30.212226 0.002103 0.841064 -0.173648 33.142187 200.000000 33.142187 0.000067 0.026867 -0.984808 -27.151054 200.000000 -27.151054
 48.600000 0.938188 -0.346126 -0.984071 -0.177775 1.924235 -1.749521 -0.346126 0.938188 -0.177775 -0.984071 0.011578 4.631290 -0.356886 48.172256 200.000000 48.172256 0.001632 0.652920 0.934148 -30.212226 200.000000 -30.212226 0.001703 0.681092 -0.173648 33.142187 200.000000 33.142187 0.000054 0.021698 -0.984808 -27.151054 200.000000 -27.151054
 48.800000 0.952743 -0.303778 -0.975353 -0.220651 1.879452 -1.793279 -0.303778 0.952743 -0.220651 -0.975353 0.282049 112.819627 -0.356886 48.172256 200.000000 48.172256 0.034577 13.830970 0.934148 -30.212226 200.000000 -30.212226 0.220929 88.371797 -0.173648 33.142187 200.000000 33.142187 0.008940 3.575879 -0.984808 -27.151054 200.000000 -27.151054
 49.000000 0.974474 -0.224500 -0.966819 -0.255463 1.797226 -1.829123 -0.224500 0.974474 -0.255463 -0.966819 1.752606 701.042565 -0.356886 48.172256 200.000000 48.172256 0.162620 65.048055 0.934148 -30.212226 200.000000 -30.212226 0.669373 267.749037 -0.173648 33.142187 200.000000 33.142187 0.032360 12.944191 -0.984808 -27.151054 200.000000 -27.151054
 49.200000 0.937972 -0.346712 -0.978180 -0.207759 1.924859 -1.780080 -0.346712 0.937972 -0.207759 -0.978180 0.010352 4.140956 -0.356886 48.172256 200.000000 48.172256 0.001462 0.584901 0.934148 -30.212226 200.000000 -30.212226 0.116356 46.542454 -0.173648 33.142187 200.000000 33.142187 0.004393 1.757083 -0.984808 -27.151054 200.000000 -27.151054
 49.400000 0.951903 -0.306399 -0.977613 -0.210409 1.882205 -1.782790 -0.306399 0.951903 -0.210409 -0.977613 0.254891 101.956588 -0.356886 48.172256 200.000000 48.172256 0.031525 12.609844 0.934148 -30.212226 200.000000 -30.212226 0.135138 54.055144 -0.173648 33.142187 200.000000 33.142187 0.005176 2.070356 -0.984808 -27.151054 200.000000 -27.151054
 49.600000 0.957421 -0.288694 -0.987610 -0.156929 1.863659 -1.728377 -0.288694 0.957421 -0.156929 -0.987610 0.465020 186.007934 -0.356886 48.172256 200.000000 48.172256 0.054166 21.666421 0.934148 -30.212226 200.000000 -30.212226 0.027953 11.181109 -0.173648 33.142187 200.000000 33.142187 0.000785 0.314075 -0.984808 -27.151054 200.000000 -27.151054
 49.800000 0.937245 -0.348672 -0.990418 -0.138102 1.926950 -1.709341 -0.348672 0.937245 -0.138102 -0.990418 0.006748 2.699066 -0.356886 48.172256 200.000000 48.172256 0.000959 0.383662 0.934148 -30.212226 200.000000 -30.212226 0.126355 50.541816 -0.173648 33.142187 200.000000 33.142187 0.003148 1.259013 -0.984808 -27.151054 200.000000 -27.151054
 50.000000 0.966846 -0.255359 -0.995565 -0.094080 1.829015 -1.665016 -0.255359 0.966846 -0.094080 -0.995565 1.030775 412.310139 -0.356886 48.172256 200.000000 48.172256 0.106919 42.767457 0.934148 -30.212226 200.000000 -30.212226 0.633112 253.244693 -0.173648 33.142187 200.000000 33.142187 0.011571 4.628437 -0.984808 -27.151054 200.000000 -27.151054
 50.200000 0.963933 -0.266144 -0.987475 -0.157773 1.840186 -1.729232 -0.266144 0.963933 -0.157773 -0.987475 0.823421 329.368556 -0.356886 48.172256 200.000000 48.172256 0.088718 35.487082 0.934148 -30.212226 200.000000 -30.212226 0.025201 10.080269 -0.173648 33.142187 200.000000 33.142187 0.000712 0.284640 -0.984808 -27.151054 200.000000 -27.151054
 50.400000 0.957812 -0.287396 -0.986061 -0.166381 1.862304 -1.737955 -0.287396 0.957812 -0.166381 -0.986061 0.482884 193.153749 -0.356886 48.172256 200.000000 48.172256 0.055998 22.399183 0.934148 -30.212226 200.000000 -30.212226 0.005281 2.112273 -0.173648 33.142187 200.000000 33.142187 0.000157 0.062873 -0.984808 -27.151054 200.000000 -27.151054
 50.600000 0.980651 -0.195766 -0.998833 -0.048289 1.767834 -1.619104 -0.195766 0.980651 -0.048289 -0.998833 2.595987 1038.394904 -0.356886 48.172256 200.000000 48.172256 0.216252 86.500671 0.934148 -30.212226 200.000000 -30.212226 1.571492 628.596978 -0.173648 33.142187 200.000000 33.142187 0.019672 7.868758 -0.984808 -27.151054 200.000000 -27.151054
 50.800000 0.918783 -0.394763 -0.992984 -0.118252 1.976607 -1.689326 -0.394763 0.918783 -0.118252 -0.992984 0.143468 57.387177 -0.356886 48.172256 200.000000 48.172256 0.023608 9.443378 0.934148 -30.212226 200.000000 -30.212226 0.306873 122.749278 -0.173648 33.142187 200.000000 33.142187 0.006684 2.673787 -0.984808 -27.151054 200.000000 -27.151054
 51.000000 0.966788 -0.255580 -0.997466 -0.071149 1.829243 -1.642005 -0.255580 0.966788 -0.071149 -0.997466 1.026304 410.521731 -0.356886 48.172256 200.000000 48.172256 0.106538 42.615231 0.934148 -30.212226 200.000000 -30.212226 1.050615 420.245907 -0.173648 33.142187 200.000000 33.142187 0.016022 6.408967 -0.984808 -27.151054 200.000000 -27.151054
 51.200000 0.972924 -0.231127 -0.987999 -0.154462 1.804032 -1.725879 -0.231127 0.972924 -0.154462 -0.987999 1.581551 632.620210 -0.356886 48.172256 200.000000 48.172256 0.150357 60.142647 0.934148 -30.212226 200.000000 -30.212226 0.036810 14.724026 -0.173648 33.142187 200.000000 33.142187 0.001018 0.407284 -0.984808 -27.151054 200.000000 -27.151054
 51.400000 0.969974 -0.243210 -0.979954 -0.199226 1.816470 -1.771364 -0.243210 0.969974 -0.199226 -0.979954 1.292226 516.890243 -0.356886 48.172256 200.000000 48.172256 0.128349 51.339423 0.934148 -30.212226 200.000000 -30.212226 0.065421 26.168493 -0.173648 33.142187 200.000000 33.142187 0.002356 0.942504 -0.984808 -27.151054 200.000000 -27.151054
 51.600000 0.974279 -0.225343 -0.988061 -0.154061 1.798091 -1.725474 -0.225343 0.974279 -0.154061 -0.988061 1.730361 692.144221 -0.356886 48.172256 200.000000 48.172256 0.161055 64.421883 0.934148 -30.212226 200.000000 -30.212226 0.038364 15.345741 -0.173648 33.142187 200.000000 33.142187 0.001059 0.423418 -0.984808 -27.151054 200.000000 -27.151054
 51.800000 0.931951 -0.362585 -0.982035 -0.188697 1.941836 -1.760631 -0.362585 0.931951 -0.188697 -0.982035 0.003247 1.298978 -0.356886 48.172256 200.000000 48.172256 0.000483 0.193090 0.934148 -30.212226 200.000000 -30.212226 0.022647 9.058694 -0.173648 33.142187 200.000000 33.142187 0.000769 0.307448 -0.984808 -27.151054 200.000000 -27.151054
 52.000000 0.953958 -0.299941 -0.985505 -0.169648 1.875427 -1.741269 -0.299941 0.953958 -0.169648 -0.985505 0.324278 129.711211 -0.356886 48.172256 200.000000 48.172256 0.039243 15.697372 0.934148 -30.212226 200.000000 -30.212226 0.001600 0.639942 -0.173648 33.142187 200.000000 33.142187 0.000049 0.019427 -0.984808 -27.151054 200.000000 -27.151054
 52.200000 0.955230 -0.295864 -0.988407 -0.151827 1.871156 -1.723213 -0.295864 0.955230 -0.151827 -0.988407 0.372376 148.950574 -0.356886 48.172256 200.000000 48.172256 0.044447 17.778615 0.934148 -30.212226 200.000000 -30.212226 0.047616 19.046441 -0.173648 33.142187 200.000000 33.142187 0.001296 0.518204 -0.984808 -27.151054 200.000000 -27.151054
 52.400000 0.969055 -0.246844 -0.988436 -0.151636 1.820219 -1.723020 -0.246844 0.969055 -0.151636 -0.988436 1.210925 484.369962 -0.356886 48.172256 200.000000 48.172256 0.121852 48.740846 0.934148 -30.212226 200.000000 -30.212226 0.048452 19.380877 -0.173648 33.142187 200.000000 33.142187 0.001317 0.526670 -0.984808 -27.151054 200.000000 -27.151054
 52.600000 0.951281 -0.308324 -0.995833 -0.091197 1.884227 -1.662120 -0.308324 0.951281 -0.091197 -0.995833 0.235825 94.329836 -0.356886 48.172256 200.000000 48.172256 0.029355 11.742135 0.934148 -30.212226 200.000000 -30.212226 0.679824 271.929757 -0.173648 33.142187 200.000000 33.142187 0.012155 4.862152 -0.984808 -27.151054 200.000000 -27.151054
 52.800000 0.923121 -0.384510 -0.992964 -0.118417 1.965473 -1.689491 -0.384510 0.923121 -0.118417 -0.992964 0.076307 30.522775 -0.356886 48.172256 200.000000 48.172256 0.012159 4.863794 0.934148 -30.212226 200.000000 -30.212226 0.305054 122.021413 -0.173648 33.142187 200.000000 33.142187 0.006652 2.660981 -0.984808 -27.151054 200.000000 -27.151054
 53.000000 0.970986 -0.239138 -0.997908 -0.064645 1.812274 -1.635487 -0.239138 0.970986 -0.064645 -0.997908 1.386469 554.587587 -0.356886 48.172256 200.000000 48.172256 0.135702 54.280876 0.934148 -30.212226 200.000000 -30.212226 1.188159 475.263768 -0.173648 33.142187 200.000000 33.142187 0.017162 6.864968 -0.984808 -27.151054 200.000000 -27.151054
 53.200000 0.933600 -0.358316 -0.988252 -0.152836 1.937260 -1.724234 -0.358316 0.933600 -0.152836 -0.988252 0.000204 0.081772 -0.356886 48.172256 200.000000 48.172256 0.000030 0.011990 0.934148 -30.212226 200.000000 -30.212226 0.043315 17.326086 -0.173648 33.142187 200.000000 33.142187 0.001186 0.474399 -0.984808 -27.151054 200.000000 -27.151054
 53.400000 0.976990 -0.213283 -0.993249 -0.116001 1.785730 -1.687059 -0.213283 0.976990 -0.116001 -0.993249 2.062192 824.876607 -0.356886 48.172256 200.000000 48.172256 0.183549 73.419617 0.934148 -30.212226 200.000000 -30.212226 0.332318 132.927220 -0.173648 33.142187 200.000000 33.142187 0.007126 2.850240 -0.984808 -27.151054 200.000000 -27.151054
 53.600000 0.989831 -0.142250 -0.996804 -0.079889 1.713530 -1.650771 -0.142250 0.989831 -0.079889 -0.996804 4.606887 1842.754772 -0.356886 48.172256 200.000000 48.172256 0.310059 124.023663 0.934148 -30.212226 200.000000 -30.212226 0.879071 351.628540 -0.173648 33.142187 200.000000 33.142187 0.014390 5.756144 -0.984808 -27.151054 200.000000 -27.151054
 53.800000 0.949727 -0.313079 -0.993142 -0.116911 1.889230 -1.687975 -0.313079 0.949727 -0.116911 -0.993142 0.191907 76.762696 -0.356886 48.172256 200.000000 48.172256 0.024271 9.708467 0.934148 -30.212226 200.000000 -30.212226 0.321911 128.764259 -0.173648 33.142187 200.000000 33.142187 0.006947 2.778650 -0.984808 -27.151054 200.000000 -27.151054
 54.000000 0.948193 -0.317696 -0.973489 -0.228734 1.894095 -1.801573 -0.317696 0.948193 -0.228734 -0.973489 0.153585 61.434091 -0.356886 48.172256 200.000000 48.172256 0.019725 7.890113 0.934148 -30.212226 200.000000 -30.212226 0.303443 121.377337 -0.173648 33.142187 200.000000 33.142187 0.012811 5.124574 -0.984808 -27.151054 200.000000 -27.151054
 54.200000 0.928558 -0.371188 -0.978969 -0.204007 1.951084 -1.776246 -0.371188 0.928558 -0.204007 -0.978969 0.020454 8.181673 -0.356886 48.172256 200.000000 48.172256 0.003125 1.249986 0.934148 -30.212226 200.000000 -30.212226 0.092166 36.866483 -0.173648 33.142187 200.000000 33.142187 0.003409 1.363447 -0.984808 -27.151054 200.000000 -27.151054
 54.400000 0.977643 -0.210270 -0.992792 -0.119850 1.782647 -1.690935 -0.210270 0.977643 -0.119850 -0.992792 2.149637 859.854650 -0.356886 48.172256 200.000000 48.172256 0.189186 75.674445 0.934148 -30.212226 200.000000 -30.212226 0.289425 115.770103 -0.173648 33.142187 200.000000 33.142187 0.006375 2.549941 -0.984808 -27.151054 200.000000 -27.151054
 54.600000 0.979202 -0.202888 -0.973798 -0.227414 1.775103 -1.800218 -0.202888 0.979202 -0.227414 -0.973798 2.371550 948.619985 -0.356886 48.172256 200.000000 48.172256 0.202987 81.194956 0.934148 -30.212226 200.000000 -30.212226 0.289078 115.631291 -0.173648 33.142187 200.000000 33.142187 0.012121 4.848474 -0.984808 -27.151054 200.000000 -27.151054
 54.800000 0.956654 -0.291227 -0.986860 -0.161579 1.866306 -1.733087 -0.291227 0.956654 -0.161579 -0.986860 0.431113 172.445135 -0.356886 48.172256 200.000000 48.172256 0.050652 20.260993 0.934148 -30.212226 200.000000 -30.212226 0.014566 5.826521 -0.173648 33.142187 200.000000 33.142187 0.000421 0.168430 -0.984808 -27.151054 200.000000 -27.151054
 55.000000 0.957304 -0.289083 -0.983939 -0.178507 1.864066 -1.750266 -0.289083 0.957304 -0.178507 -0.983939 0.459723 183.889081 -0.356886 48.172256 200.000000 48.172256 0.053620 21.448135 0.934148 -30.212226 200.000000 -30.212226 0.002361 0.944519 -0.173648 33.142187 200.000000 33.142187 0.000076 0.030220 -0.984808 -27.151054 200.000000 -27.151054
 55.200000 0.937838 -0.347074 -0.983490 -0.180962 1.925246 -1.752761 -0.347074 0.937838 -0.180962 -0.983490 0.009627 3.850805 -0.356886 48.172256 200.000000 48.172256 0.001361 0.544557 0.934148 -30.212226 200.000000 -30.212226 0.005349 2.139651 -0.173648 33.142187 200.000000 33.142187 0.000174 0.069449 -0.984808 -27.151054 200.000000 -27.151054
 55.400000 0.937177 -0.348853 -0.987437 -0.158011 1.927144 -1.729473 -0.348853 0.937177 -0.158011 -0.987437 0.006453 2.581073 -0.356886 48.172256 200.000000 48.172256 0.000918 0.367105 0.934148 -30.212226 200.000000 -30.212226 0.024451 9.780393 -0.173648 33.142187 200.000000 33.142187 0.000691 0.276579 -0.984808 -27.151054 200.000000 -27.151054
 55.600000 0.950366 -0.311135 -0.978051 -0.208365 1.887184 -1.780699 -0.311135 0.950366 -0.208365 -0.978051 0.209313 83.725296 -0.356886 48.172256 200.000000 48.172256 0.026301 10.520571 0.934148 -30.212226 200.000000 -30.212226 0.120524 48.209422 -0.173648 33.142187 200.000000 33.142187 0.004565 1.826038 -0.984808 -27.151054 200.000000 -27.151054
 55.800000 0.921840 -0.387571 -0.986752 -0.162233 1.968792 -1.733750 -0.387571 0.921840 -0.162233 -0.986752 0.094158 37.663377 -0.356886 48.172256 200.000000 48.172256 0.015149 6.059673 0.934148 -30.212226 200.000000 -30.212226 0.013030 5.212054 -0.173648 33.142187 200.000000 33.142187 0.000378 0.151273 -0.984808 -27.151054 200.000000 -27.151054
 56.000000 0.958763 -0.284207 -0.979547 -0.201215 1.858976 -1.773395 -0.284207 0.958763 -0.201215 -0.979547 0.528220 211.288106 -0.356886 48.172256 200.000000 48.172256 0.060590 24.235825 0.934148 -30.212226 200.000000 -30.212226 0.075994 30.397647 -0.173648 33.142187 200.000000 33.142187 0.002767 1.106996 -0.984808 -27.151054 200.000000 -27.151054
 56.200000 0.963421 -0.267993 -0.990299 -0.138952 1.842106 -1.710199 -0.267993 0.963421 -0.138952 -0.990299 0.790199 316.079612 -0.356886 48.172256 200.000000 48.172256 0.085691 34.276285 0.934148 -30.212226 200.000000 -30.212226 0.120382 48.152822 -0.173648 33.142187 200.000000 33.142187 0.003015 1.206200 -0.984808 -27.151054 200.000000 -27.151054
 56.400000 0.952961 -0.303092 -0.977492 -0.210972 1.878732 -1.783365 -0.303092 0.952961 -0.210972 -0.977492 0.289384 115.753776 -0.356886 48.172256 200.000000 48.172256 0.035395 14.157937 0.934148 -30.212226 200.000000 -30.212226 0.139304 55.721578 -0.173648 33.142187 200.000000 33.142187 0.005352 2.140700 -0.984808 -27.151054 200.000000 -27.151054
 56.600000 0.969764 -0.244045 -0.989363 -0.145471 1.817331 -1.716785 -0.244045 0.969764 -0.145471 -0.989363 1.273324 509.329708 -0.356886 48.172256 200.000000 48.172256 0.126851 50.740438 0.934148 -30.212226 200.000000 -30.212226 0.079396 31.758568 -0.173648 33.142187 200.000000 33.142187 0.002075 0.829845 -0.984808 -27.151054 200.000000 -27.151054
 56.800000 0.948500 -0.316777 -0.976242 -0.216682 1.893126 -1.789211 -0.316777 0.948500 -0.216682 -0.976242 0.160877 64.350639 -0.356886 48.172256 200.000000 48.172256 0.020599 8.239484 0.934148 -30.212226 200.000000 -30.212226 0.185195 74.077955 -0.173648 33.142187 200.000000 33.142187 0.007337 2.934790 -0.984808 -27.151054 200.000000 -27.151054
 57.000000 0.951217 -0.308523 -0.979861 -0.199682 1.884436 -1.771830 -0.308523 0.951217 -0.199682 -0.979861 0.233899 93.559509 -0.356886 48.172256 200.000000 48.172256 0.029135 11.654000 0.934148 -30.212226 200.000000 -30.212226 0.067776 27.110453 -0.173648 33.142187 200.000000 33.142187 0.002447 0.978914 -0.984808 -27.151054 200.000000 -27.151054
 57.200000 0.962829 -0.270113 -0.990379 -0.138383 1.844307 -1.709625 -0.270113 0.962829 -0.138383 -0.990379 0.752961 301.184274 -0.356886 48.172256 200.000000 48.172256 0.082259 32.903513 0.934148 -30.212226 200.000000 -30.212226 0.124362 49.744838 -0.173648 33.142187 200.000000 33.142187 0.003104 1.241447 -0.984808 -27.151054 200.000000 -27.151054
 57.400000 0.927169 -0.374642 -0.982326 -0.187177 1.954807 -1.759084 -0.374642 0.927169 -0.187177 -0.982326 0.031529 12.611403 -0.356886 48.172256 200.000000 48.172256 0.004870 1.947984 0.934148 -30.212226 200.000000 -30.212226 0.018303 7.321071 -0.173648 33.142187 200.000000 33.142187 0.000616 0.246320 -0.984808 -27.151054 200.000000 -27.151054
 57.600000 0.949409 -0.314041 -0.981817 -0.189831 1.890243 -1.761786 -0.314041 0.949409 -0.189831 -0.981817 0.183572 73.428787 -0.356886 48.172256 200.000000 48.172256 0.023292 9.316642 0.934148 -30.212226 200.000000 -30.212226 0.026188 10.475158 -0.173648 33.142187 200.000000 33.142187 0.000895 0.357830 -0.984808 -27.151054 200.000000 -27.151054
 57.800000 0.931178 -0.364565 -0.984942 -0.172887 1.943962 -1.744556 -0.364565 0.931178 -0.172887 -0.984942 0.005896 2.358536 -0.356886 48.172256 200.000000 48.172256 0.000882 0.352815 0.934148 -30.212226 200.000000 -30.212226 0.000058 0.023180 -0.173648 33.142187 200.000000 33.142187 0.000002 0.000717 -0.984808 -27.151054 200.000000 -27.151054
 58.000000 0.970444 -0.241326 -0.987857 -0.155367 1.814529 -1.726795 -0.241326 0.970444 -0.155367 -0.987857 1.335410 534.163838 -0.356886 48.172256 200.000000 48.172256 0.131741 52.696481 0.934148 -30.212226 200.000000 -30.212226 0.033421 13.368352 -0.173648 33.142187 200.000000 33.142187 0.000930 0.371880 -0.984808 -27.151054 200.000000 -27.151054
 58.200000 0.967513 -0.252820 -0.995457 -0.095211 1.826390 -1.666152 -0.252820 0.967513 -0.095211 -0.995457 1.082984 433.193591 -0.356886 48.172256 200.000000 48.172256 0.111326 44.530394 0.934148 -30.212226 200.000000 -30.212226 0.615236 246.094560 -0.173648 33.142187 200.000000 33.142187 0.011341 4.536341 -0.984808 -27.151054 200.000000 -27.151054
 58.400000 0.922309 -0.386454 -0.980789 -0.195072 1.967580 -1.767128 -0.386454 0.922309 -0.195072 -0.980789 0.087426 34.970430 -0.356886 48.172256 200.000000 48.172256 0.014017 5.606694 0.934148 -30.212226 200.000000 -30.212226 0.045900 18.359958 -0.173648 33.142187 200.000000 33.142187 0.001615 0.646067 -0.984808 -27.151054 200.000000 -27.151054
 58.600000 0.958027 -0.286680 -0.979044 -0.203647 1.861555 -1.775878 -0.286680 0.958027 -0.203647 -0.979044 0.492897 197.158727 -0.356886 48.172256 200.000000 48.172256 0.057019 22.807603 0.934148 -30.212226 200.000000 -30.212226 0.089993 35.997248 -0.173648 33.142187 200.000000 33.142187 0.003322 1.328661 -0.984808 -27.151054 200.000000 -27.151054
 58.800000 0.944403 -0.328792 -0.979798 -0.199987 1.905820 -1.772141 -0.328792 0.944403 -0.199987 -0.979798 0.078931 31.572508 -0.356886 48.172256 200.000000 48.172256 0.010516 4.206331 0.934148 -30.212226 200.000000 -30.212226 0.069375 27.749871 -0.173648 33.142187 200.000000 33.142187 0.002509 1.003705 -0.984808 -27.151054 200.000000 -27.151054
 59.000000 0.952933 -0.303182 -0.978898 -0.204351 1.878826 -1.776597 -0.303182 0.952933 -0.204351 -0.978898 0.288417 115.366801 -0.356886 48.172256 200.000000 48.172256 0.035287 14.114883 0.934148 -30.212226 200.000000 -30.212226 0.094269 37.707456 -0.173648 33.142187 200.000000 33.142187 0.003493 1.397195 -0.984808 -27.151054 200.000000 -27.151054
 59.200000 0.965753 -0.259462 -0.984559 -0.175050 1.833261 -1.746753 -0.259462 0.965753 -0.175050 -0.984559 0.949155 379.661985 -0.356886 48.172256 200.000000 48.172256 0.099891 39.956444 0.934148 -30.212226 200.000000 -30.212226 0.000197 0.078641 -0.173648 33.142187 200.000000 33.142187 0.000006 0.002465 -0.984808 -27.151054 200.000000 -27.151054
 59.400000 0.941512 -0.336981 -0.971838 -0.235650 1.914504 -1.808684 -0.336981 0.941512 -0.235650 -0.971838 0.039624 15.849459 -0.356886 48.172256 200.000000 48.172256 0.005422 2.168995 0.934148 -30.212226 200.000000 -30.212226 0.384426 153.770455 -0.173648 33.142187 200.000000 33.142187 0.016822 6.728663 -0.984808 -27.151054 200.000000 -27.151054
 59.600000 0.984357 -0.176185 -0.977521 -0.210838 1.747905 -1.783229 -0.176185 0.984357 -0.210838 -0.977521 3.265306 1306.122325 -0.356886 48.172256 200.000000 48.172256 0.252097 100.838851 0.934148 -30.212226 200.000000 -30.212226 0.138311 55.324582 -0.173648 33.142187 200.000000 33.142187 0.005310 2.123915 -0.984808 -27.151054 200.000000 -27.151054
 59.800000 0.964023 -0.265819 -0.971550 -0.236833 1.839849 -1.809901 -0.265819 0.964023 -0.236833 -0.971550 0.829328 331.731162 -0.356886 48.172256 200.000000 48.172256 0.089252 35.700999 0.934148 -30.212226 200.000000 -30.212226 0.399230 159.692083 -0.173648 33.142187 200.000000 33.142187 0.017576 7.030283 -0.984808 -27.151054 200.000000 -27.151054
 60.000000 0.942813 -0.333322 -0.986095 -0.166184 1.910621 -1.737755 -0.333322 0.942813 -0.166184 -0.986095 0.055529 22.211546 -0.356886 48.172256 200.000000 48.172256 0.007509 3.003503 0.934148 -30.212226 200.000000 -30.212226 0.005571 2.228420 -0.173648 33.142187 200.000000 33.142187 0.000166 0.066252 -0.984808 -27.151054 200.000000 -27.151054
 60.200000 0.963829 -0.266523 -0.989834 -0.142229 1.840580 -1.713509 -0.266523 0.963829 -0.142229 -0.989834 0.816548 326.619334 -0.356886 48.172256 200.000000 48.172256 0.088094 35.237651 0.934148 -30.212226 200.000000 -30.212226 0.098716 39.486435 -0.173648 33.142187 200.000000 33.142187 0.002526 1.010434 -0.984808 -27.151054 200.000000 -27.151054
 60.400000 0.947550 -0.319607 -0.971744 -0.236036 1.896111 -1.809081 -0.319607 0.947550 -0.236036 -0.971744 0.138972 55.588896 -0.356886 48.172256 200.000000 48.172256 0.017962 7.184812 0.934148 -30.212226 200.000000 -30.212226 0.389226 155.690528 -0.173648 33.142187 200.000000 33.142187 0.017065 6.826187 -0.984808 -27.151054 200.000000 -27.151054
 60.600000 0.946619 -0.322353 -0.985084 -0.172072 1.899011 -1.743729 -0.322353 0.946619 -0.172072 -0.985084 0.119254 47.701442 -0.356886 48.172256 200.000000 48.172256 0.015554 6.221670 0.934148 -30.212226 200.000000 -30.212226 0.000248 0.099358 -0.173648 33.142187 200.000000 33.142187 0.000008 0.003060 -0.984808 -27.151054 200.000000 -27.151054
 60.800000 0.969307 -0.245853 -0.982978 -0.183725 1.819196 -1.755571 -0.245853 0.969307 -0.183725 -0.982978 1.232828 493.131071 -0.356886 48.172256 200.000000 48.172256 0.123617 49.446636 0.934148 -30.212226 200.000000 -30.212226 0.010154 4.061764 -0.173648 33.142187 200.000000 33.142187 0.000335 0.133969 -0.984808 -27.151054 200.000000 -27.151054
 61.000000 0.956721 -0.291007 -0.986438 -0.164137 1.866075 -1.735679 -0.291007 0.956721 -0.164137 -0.986438 0.434008 173.603210 -0.356886 48.172256 200.000000 48.172256 0.050954 20.381763 0.934148 -30.212226 200.000000 -30.212226 0.009046 3.618571 -0.173648 33.142187 200.000000 33.142187 0.000266 0.106252 -0.984808 -27.151054 200.000000 -27.151054
 61.200000 0.931635 -0.363394 -0.999363 -0.035690 1.942705 -1.606494 -0.363394 0.931635 -0.035690 -0.999363 0.004235 1.694174 -0.356886 48.172256 200.000000 48.172256 0.000631 0.252487 0.934148 -30.212226 200.000000 -30.212226 1.903255 761.301869 -0.173648 33.142187 200.000000 33.142187 0.021185 8.474116 -0.984808 -27.151054 200.000000 -27.151054
 61.400000 0.963529 -0.267605 -0.993282 -0.115721 1.841703 -1.686777 -0.267605 0.963529 -0.115721 -0.993282 0.797114 318.845411 -0.356886 48.172256 200.000000 48.172256 0.086323 34.529355 0.934148 -30.212226 200.000000 -30.212226 0.335558 134.223107 -0.173648 33.142187 200.000000 33.142187 0.007181 2.872364 -0.984808 -27.151054 200.000000 -27.151054
 61.600000 0.965179 -0.261591 -0.984322 -0.176381 1.835467 -1.748105 -0.261591 0.965179 -0.176381 -0.984322 0.908110 363.244003 -0.356886 48.172256 200.000000 48.172256 0.096291 38.516531 0.934148 -30.212226 200.000000 -30.212226 0.000747 0.298703 -0.173648 33.142187 200.000000 33.142187 0.000024 0.009438 -0.984808 -27.151054 200.000000 -27.151054
 61.800000 0.959529 -0.281610 -0.997228 -0.074407 1.856268 -1.645272 -0.281610 0.959529 -0.074407 -0.997228 0.566645 226.658117 -0.356886 48.172256 200.000000 48.172256 0.064419 25.767767 0.934148 -30.212226 200.000000 -30.212226 0.984877 393.950979 -0.173648 33.142187 200.000000 33.142187 0.015426 6.170445 -0.984808 -27.151054 200.000000 -27.151054
 62.000000 0.965641 -0.259878 -0.983019 -0.183502 1.833692 -1.755344 -0.259878 0.965641 -0.183502 -0.983019 0.941056 376.422203 -0.356886 48.172256 200.000000 48.172256 0.099184 39.673728 0.934148 -30.212226 200.000000 -30.212226 0.009709 3.883660 -0.173648 33.142187 200.000000 33.142187 0.000320 0.127929 -0.984808 -27.151054 200.000000 -27.151054
 62.200000 0.940871 -0.338766 -0.997317 -0.073198 1.916401 -1.644059 -0.338766 0.940871 -0.073198 -0.997317 0.032836 13.134220 -0.356886 48.172256 200.000000 48.172256 0.004520 1.807911 0.934148 -30.212226 200.000000 -30.212226 1.009033 403.613061 -0.173648 33.142187 200.000000 33.142187 0.015649 6.259711 -0.984808 -27.151054 200.000000 -27.151054
 62.400000 0.939042 -0.343803 -0.991553 -0.129706 1.921760 -1.700869 -0.343803 0.939042 -0.129706 -0.991553 0.017118 6.847229 -0.356886 48.172256 200.000000 48.172256 0.002395 0.958080 0.934148 -30.212226 200.000000 -30.212226 0.193093 77.237234 -0.173648 33.142187 200.000000 33.142187 0.004549 1.819675 -0.984808 -27.151054 200.000000 -27.151054
 62.600000 0.947442 -0.319928 -0.979686 -0.200537 1.896450 -1.772703 -0.319928 0.947442 -0.200537 -0.979686 0.136592 54.636946 -0.356886 48.172256 200.000000 48.172256 0.017673 7.069281 0.934148 -30.212226 200.000000 -30.212226 0.072303 28.921275 -0.173648 33.142187 200.000000 33.142187 0.002623 1.049277 -0.984808 -27.151054 200.000000 -27.151054
 62.800000 0.924771 -0.380524 -0.979879 -0.199593 1.961160 -1.771738 -0.380524 0.924771 -0.199593 -0.979879 0.055876 22.350565 -0.356886 48.172256 200.000000 48.172256 0.008793 3.517114 0.934148 -30.212226 200.000000 -30.212226 0.067311 26.924522 -0.173648 33.142187 200.000000 33.142187 0.002429 0.971716 -0.984808 -27.151054 200.000000 -27.151054
 63.000000 0.958133 -0.286323 -0.979954 -0.199223 1.861183 -1.771361 -0.286323 0.958133 -0.199223 -0.979954 0.497919 199.167799 -0.356886 48.172256 200.000000 48.172256 0.057530 23.011880 0.934148 -30.212226 200.000000 -30.212226 0.065408 26.163204 -0.173648 33.142187 200.000000 33.142187 0.002356 0.942300 -0.984808 -27.151054 200.000000 -27.151054
 63.200000 0.971673 -0.236331 -0.995425 -0.095551 1.809385 -1.666494 -0.236331 0.971673 -0.095551 -0.995425 1.453355 581.341837 -0.356886 48.172256 200.000000 48.172256 0.140811 56.324223 0.934148 -30.212226 200.000000 -30.212226 0.609911 243.964561 -0.173648 33.142187 200.000000 33.142187 0.011272 4.508614 -0.984808 -27.151054 200.000000 -27.151054
 63.400000 0.960452 -0.278447 -0.989786 -0.142559 1.852973 -1.713842 -0.278447 0.960452 -0.142559 -0.989786 0.615273 246.109165 -0.356886 48.172256 200.000000 48.172256 0.069189 27.675529 0.934148 -30.212226 200.000000 -30.212226 0.096656 38.662261 -0.173648 33.142187 200.000000 33.142187 0.002479 0.991458 -0.984808 -27.151054 200.000000 -27.151054
 63.600000 0.942428 -0.334410 -0.962034 -0.272929 1.911775 -1.847232 -0.334410 0.942428 -0.272929 -0.962034 0.050519 20.207561 -0.356886 48.172256 200.000000 48.172256 0.006856 2.742268 0.934148 -30.212226 200.000000 -30.212226 0.985662 394.264815 -0.173648 33.142187 200.000000 33.142187 0.051863 20.745268 -0.984808 -27.151054 200.000000 -27.151054
 63.800000 0.960656 -0.277740 -0.986925 -0.161178 1.852237 -1.732680 -0.277740 0.960656 -0.161178 -0.986925 0.626407 250.562881 -0.356886 48.172256 200.000000 48.172256 0.070269 28.107654 0.934148 -30.212226 200.000000 -30.212226 0.015551 6.220428 -0.173648 33.142187 200.000000 33.142187 0.000448 0.179375 -0.984808 -27.151054 200.000000 -27.151054
 64.000000 0.931137 -0.364671 -0.978896 -0.204359 1.944076 -1.776605 -0.364671 0.931137 -0.204359 -0.978896 0.006060 2.423971 -0.356886 48.172256 200.000000 48.172256 0.000907 0.362726 0.934148 -30.212226 200.000000 -30.212226 0.094314 37.725769 -0.173648 33.142187 200.000000 33.142187 0.003495 1.397931 -0.984808 -27.151054 200.000000 -27.151054
 64.200000 0.960681 -0.277656 -0.984076 -0.177745 1.852149 -1.749491 -0.277656 0.960681 -0.177745 -0.984076 0.627748 251.099235 -0.356886 48.172256 200.000000 48.172256 0.070399 28.159579 0.934148 -30.212226 200.000000 -30.212226 0.001679 0.671504 -0.173648 33.142187 200.000000 33.142187 0.000053 0.021389 -0.984808 -27.151054 200.000000 -27.151054
 64.400000 0.963444 -0.267909 -0.989842 -0.142170 1.842018 -1.713450 -0.267909 0.963444 -0.142170 -0.989842 0.791700 316.679938 -0.356886 48.172256 200.000000 48.172256 0.085828 34.331263 0.934148 -30.212226 200.000000 -30.212226 0.099084 39.633795 -0.173648 33.142187 200.000000 33.142187 0.002535 1.013820 -0.984808 -27.151054 200.000000 -27.151054
 64.600000 0.940050 -0.341038 -0.968760 -0.248001 1.918817 -1.821413 -0.341038 0.940050 -0.248001 -0.968760 0.025118 10.047206 -0.356886 48.172256 200.000000 48.172256 0.003483 1.393255 0.934148 -30.212226 200.000000 -30.212226 0.552839 221.135749 -0.173648 33.142187 200.000000 33.142187 0.025754 10.301616 -0.984808 -27.151054 200.000000 -27.151054
 64.800000 0.970238 -0.242152 -0.996078 -0.088485 1.815380 -1.659397 -0.242152 0.970238 -0.088485 -0.996078 1.316390 526.555885 -0.356886 48.172256 200.000000 48.172256 0.130252 52.100729 0.934148 -30.212226 200.000000 -30.212226 0.725280 290.111849 -0.173648 33.142187 200.000000 33.142187 0.012701 5.080310 -0.984808 -27.151054 200.000000 -27.151054
 65.000000 0.952530 -0.304445 -0.981256 -0.192709 1.880153 -1.764719 -0.304445 0.952530 -0.192709 -0.981256 0.275003 110.001221 -0.356886 48.172256 200.000000 48.172256 0.033789 13.515770 0.934148 -30.212226 200.000000 -30.212226 0.036333 14.533099 -0.173648 33.142187 200.000000 33.142187 0.001262 0.504630 -0.984808 -27.151054 200.000000 -27.151054
 65.200000 0.969387 -0.245537 -0.973822 -0.227313 1.818870 -1.800114 -0.245537 0.969387 -0.227313 -0.973822 1.239866 495.946576 -0.356886 48.172256 200.000000 48.172256 0.124181 49.672547 0.934148 -30.212226 200.000000 -30.212226 0.287989 115.195721 -0.173648 33.142187 200.000000 33.142187 0.012069 4.827652 -0.984808 -27.151054 200.000000 -27.151054
 65.400000 0.971558 -0.236800 -0.999908 0.013598 1.809868 -1.557198 -0.236800 0.971558 0.013598 -0.999908 1.442062 576.824736 -0.356886 48.172256 200.000000 48.172256 0.139954 55.981744 0.934148 -30.212226 200.000000 -30.212226 3.506109 1402.443649 -0.173648 33.142187 200.000000 33.142187 0.022800 9.120148 -0.984808 -27.151054 200.000000 -27.151054
 65.600000 0.947211 -0.320610 -0.985603 -0.169079 1.897170 -1.740691 -0.320610 0.947211 -0.169079 -0.985603 0.131598 52.639039 -0.356886 48.172256 200.000000 48.172256 0.017065 6.826185 0.934148 -30.212226 200.000000 -30.212226 0.002088 0.835242 -0.173648 33.142187 200.000000 33.142187 0.000063 0.025269 -0.984808 -27.151054 200.000000 -27.151054
 65.800000 0.936156 -0.351584 -0.979133 -0.203219 1.930059 -1.775441 -0.351584 0.936156 -0.203219 -0.979133 0.002812 1.124664 -0.356886 48.172256 200.000000 48.172256 0.000403 0.161377 0.934148 -30.212226 200.000000 -30.212226 0.087443 34.977017 -0.173648 33.142187 200.000000 33.142187 0.003220 1.287959 -0.984808 -27.151054 200.000000 -27.151054
 66.000000 0.964858 -0.262774 -0.975556 -0.219751 1.836692 -1.792356 -0.262774 0.964858 -0.219751 -0.975556 0.885720 354.287910 -0.356886 48.172256 200.000000 48.172256 0.094308 37.723373 0.934148 -30.212226 200.000000 -30.212226 0.212551 85.020325 -0.173648 33.142187 200.000000 33.142187 0.008560 3.423870 -0.984808 -27.151054 200.000000 -27.151054
 66.200000 0.953086 -0.302698 -0.989068 -0.147462 1.878319 -1.718798 -0.302698 0.953086 -0.147462 -0.989068 0.293634 117.453726 -0.356886 48.172256 200.000000 48.172256 0.035867 14.346829 0.934148 -30.212226 200.000000 -30.212226 0.068572 27.428878 -0.173648 33.142187 200.000000 33.142187 0.001815 0.725899 -0.984808 -27.151054 200.000000 -27.151054
 66.400000 0.943410 -0.331629 -0.993504 -0.113794 1.908826 -1.684837 -0.331629 0.943410 -0.113794 -0.993504 0.063791 25.516455 -0.356886 48.172256 200.000000 48.172256 0.008578 3.431320 0.934148 -30.212226 200.000000 -30.212226 0.358254 143.301651 -0.173648 33.142187 200.000000 33.142187 0.007563 3.025256 -0.984808 -27.151054 200.000000 -27.151054
 66.600000 0.956345 -0.292241 -0.971604 -0.236612 1.867366 -1.809674 -0.292241 0.956345 -0.236612 -0.971604 0.417896 167.158339 -0.356886 48.172256 200.000000 48.172256 0.049270 19.707806 0.934148 -30.212226 200.000000 -30.212226 0.396447 158.578710 -0.173648 33.142187 200.000000 33.142187 0.017433 6.973381 -0.984808 -27.151054 200.000000 -27.151054
 66.800000 0.955608 -0.294641 -0.995317 -0.096670 1.869876 -1.667617 -0.294641 0.955608 -0.096670 -0.995317 0.387446 154.978268 -0.356886 48.172256 200.000000 48.172256 0.046054 18.421486 0.934148 -30.212226 200.000000 -30.212226 0.592566 237.026363 -0.173648 33.142187 200.000000 33.142187 0.011043 4.417351 -0.984808 -27.151054 200.000000 -27.151054
 67.000000 0.961349 -0.275332 -0.987652 -0.156665 1.849731 -1.728109 -0.275332 0.961349 -0.156665 -0.987652 0.665117 266.046660 -0.356886 48.172256 200.000000 48.172256 0.073992 29.596810 0.934148 -30.212226 200.000000 -30.212226 0.028842 11.536972 -0.173648 33.142187 200.000000 33.142187 0.000809 0.323540 -0.984808 -27.151054 200.000000 -27.151054
 67.200000 0.945889 -0.324491 -0.989489 -0.144610 1.901270 -1.715915 -0.324491 0.945889 -0.144610 -0.989489 0.104942 41.976991 -0.356886 48.172256 200.000000 48.172256 0.013785 5.513844 0.934148 -30.212226 200.000000 -30.212226 0.084320 33.728155 -0.173648 33.142187 200.000000 33.142187 0.002191 0.876451 -0.984808 -27.151054 200.000000 -27.151054
 67.400000 0.962477 -0.271365 -0.999065 -0.043234 1.845607 -1.614044 -0.271365 0.962477 -0.043234 -0.999065 0.731391 292.556329 -0.356886 48.172256 200.000000 48.172256 0.080252 32.100609 0.934148 -30.212226 200.000000 -30.212226 1.700791 680.316214 -0.173648 33.142187 200.000000 33.142187 0.020327 8.130742 -0.984808 -27.151054 200.000000 -27.151054
 67.600000 0.958489 -0.285129 -0.994526 -0.104489 1.859937 -1.675476 -0.285129 0.958489 -0.104489 -0.994526 0.514909 205.963550 -0.356886 48.172256 200.000000 48.172256 0.059250 23.699897 0.934148 -30.212226 200.000000 -30.212226 0.478305 191.322112 -0.173648 33.142187 200.000000 33.142187 0.009445 3.777842 -0.984808 -27.151054 200.000000 -27.151054
 67.800000 0.939228 -0.343295 -0.996782 -0.080159 1.921219 -1.651042 -0.343295 0.939228 -0.080159 -0.996782 0.018472 7.388989 -0.356886 48.172256 200.000000 48.172256 0.002580 1.032182 0.934148 -30.212226 200.000000 -30.212226 0.874013 349.605378 -0.173648 33.142187 200.000000 33.142187 0.014338 5.735352 -0.984808 -27.151054 200.000000 -27.151054
 68.000000 0.956630 -0.291304 -0.995193 -0.097931 1.866386 -1.668885 -0.291304 0.956630 -0.097931 -0.995193 0.430100 172.040066 -0.356886 48.172256 200.000000 48.172256 0.050547 20.218716 0.934148 -30.212226 200.000000 -30.212226 0.573308 229.323203 -0.173648 33.142187 200.000000 33.142187 0.010786 4.314300 -0.984808 -27.151054 200.000000 -27.151054
 68.200000 0.931969 -0.362538 -0.985554 -0.169364 1.941786 -1.740981 -0.362538 0.931969 -0.169364 -0.985554 0.003194 1.277707 -0.356886 48.172256 200.000000 48.172256 0.000475 0.189899 0.934148 -30.212226 200.000000 -30.212226 0.001835 0.734176 -0.173648 33.142187 200.000000 33.142187 0.000056 0.022250 -0.984808 -27.151054 200.000000 -27.151054
 68.400000 0.963106 -0.269124 -0.983171 -0.182687 1.843280 -1.754515 -0.269124 0.963106 -0.182687 -0.983171 0.770220 308.087981 -0.356886 48.172256 200.000000 48.172256 0.083855 33.541849 0.934148 -30.212226 200.000000 -30.212226 0.008170 3.267909 -0.173648 33.142187 200.000000 33.142187 0.000268 0.107139 -0.984808 -27.151054 200.000000 -27.151054
 68.600000 0.968287 -0.249841 -0.992987 -0.118222 1.823312 -1.689295 -0.249841 0.968287 -0.118222 -0.992987 1.145873 458.349207 -0.356886 48.172256 200.000000 48.172256 0.116548 46.619063 0.934148 -30.212226 200.000000 -30.212226 0.307211 122.884277 -0.173648 33.142187 200.000000 33.142187 0.006690 2.676159 -0.984808 -27.151054 200.000000 -27.151054
 68.800000 0.946789 -0.321856 -0.986474 -0.163918 1.898486 -1.735457 -0.321856 0.946789 -0.163918 -0.986474 0.122711 49.084565 -0.356886 48.172256 200.000000 48.172256 0.015979 6.391554 0.934148 -30.212226 200.000000 -30.212226 0.009468 3.787008 -0.173648 33.142187 200.000000 33.142187 0.000278 0.111050 -0.984808 -27.151054 200.000000 -27.151054
 69.000000 0.960630 -0.277832 -0.981099 -0.193507 1.852333 -1.765531 -0.277832 0.960630 -0.193507 -0.981099 0.624950 249.980007 -0.356886 48.172256 200.000000 48.172256 0.070128 28.051198 0.934148 -30.212226 200.000000 -30.212226 0.039436 15.774251 -0.173648 33.142187 200.000000 33.142187 0.001376 0.550201 -0.984808 -27.151054 200.000000 -27.151054
 69.200000 0.969628 -0.244584 -0.982535 -0.186078 1.817887 -1.757966 -0.244584 0.969628 -0.186078 -0.982535 1.261180 504.471969 -0.356886 48.172256 200.000000 48.172256 0.125885 50.353951 0.934148 -30.212226 200.000000 -30.212226 0.015451 6.180302 -0.173648 33.142187 200.000000 33.142187 0.000517 0.206631 -0.984808 -27.151054 200.000000 -27.151054
 69.400000 0.952824 -0.303524 -0.983803 -0.179253 1.879185 -1.751024 -0.303524 0.952824 -0.179253 -0.983803 0.284752 113.900955 -0.356886 48.172256 200.000000 48.172256 0.034879 13.951607 0.934148 -30.212226 200.000000 -30.212226 0.003142 1.256687 -0.173648 33.142187 200.000000 33.142187 0.000101 0.040384 -0.984808 -27.151054 200.000000 -27.151054
 69.600000 0.957700 -0.287768 -0.970201 -0.242301 1.862691 -1.815533 -0.287768 0.957700 -0.242301 -0.970201 0.477737 191.094623 -0.356886 48.172256 200.000000 48.172256 0.055471 22.188567 0.934148 -30.212226 200.000000 -30.212226 0.471314 188.525773 -0.173648 33.142187 200.000000 33.142187 0.021335 8.534002 -0.984808 -27.151054 200.000000 -27.151054
 69.800000 0.968395 -0.249422 -0.980978 -0.194117 1.822880 -1.766154 -0.249422 0.968395 -0.194117 -0.980978 1.154847 461.938986 -0.356886 48.172256 200.000000 48.172256 0.117285 46.914089 0.934148 -30.212226 200.000000 -30.212226 0.041898 16.759348 -0.173648 33.142187 200.000000 33.142187 0.001466 0.586579 -0.984808 -27.151054 200.000000 -27.151054
 70.000000 0.943498 -0.331377 -0.986442 -0.164110 1.908559 -1.735652 -0.331377 0.943498 -0.164110 -0.986442 0.065073 26.029149 -0.356886 48.172256 200.000000 48.172256 0.008743 3.497368 0.934148 -30.212226 200.000000 -30.212226 0.009097 3.638812 -0.173648 33.142187 200.000000 33.142187 0.000267 0.106829 -0.984808 -27.151054 200.000000 -27.151054
 70.200000 0.968612 -0.248576 -0.978012 -0.208547 1.822006 -1.780886 -0.248576 0.968612 -0.208547 -0.978012 1.173119 469.247615 -0.356886 48.172256 200.000000 48.172256 0.118781 47.512449 0.934148 -30.212226 200.000000 -30.212226 0.121796 48.718375 -0.173648 33.142187 200.000000 33.142187 0.004618 1.847155 -0.984808 -27.151054 200.000000 -27.151054
 70.400000 0.963332 -0.268311 -0.984668 -0.174437 1.842435 -1.746130 -0.268311 0.963332 -0.174437 -0.984668 0.784561 313.824285 -0.356886 48.172256 200.000000 48.172256 0.085174 34.069503 0.934148 -30.212226 200.000000 -30.212226 0.000062 0.024877 -0.173648 33.142187 200.000000 33.142187 0.000002 0.000777 -0.984808 -27.151054 200.000000 -27.151054
 70.600000 0.958505 -0.285077 -0.981338 -0.192289 1.859883 -1.764291 -0.285077 0.958505 -0.192289 -0.981338 0.515657 206.262607 -0.356886 48.172256 200.000000 48.172256 0.059325 23.730071 0.934148 -30.212226 200.000000 -30.212226 0.034748 13.899280 -0.173648 33.142187 200.000000 33.142187 0.001204 0.481475 -0.984808 -27.151054 200.000000 -27.151054
 70.800000 0.960952 -0.276716 -0.990685 -0.136171 1.851171 -1.707391 -0.276716 0.960952 -0.136171 -0.990685 0.642728 257.091241 -0.356886 48.172256 200.000000 48.172256 0.071845 28.737992 0.934148 -30.212226 200.000000 -30.212226 0.140456 56.182477 -0.173648 33.142187 200.000000 33.142187 0.003455 1.381865 -0.984808 -27.151054 200.000000 -27.151054
 71.000000 0.952716 -0.303861 -0.987223 -0.159344 1.879539 -1.730823 -0.303861 0.952716 -0.159344 -0.987223 0.281168 112.467016 -0.356886 48.172256 200.000000 48.172256 0.034479 13.791596 0.934148 -30.212226 200.000000 -30.212226 0.020461 8.184240 -0.173648 33.142187 200.000000 33.142187 0.000583 0.233356 -0.984808 -27.151054 200.000000 -27.151054
 71.200000 0.960090 -0.279691 -0.997925 -0.064385 1.854268 -1.635225 -0.279691 0.960090 -0.064385 -0.997925 0.595914 238.365458 -0.356886 48.172256 200.000000 48.172256 0.067300 26.920066 0.934148 -30.212226 200.000000 -30.212226 1.193855 477.542036 -0.173648 33.142187 200.000000 33.142187 0.017207 6.882660 -0.984808 -27.151054 200.000000 -27.151054
 71.400000 0.953371 -0.301801 -0.979606 -0.200929 1.877377 -1.773103 -0.301801 0.953371 -0.200929 -0.979606 0.303442 121.376892 -0.356886 48.172256 200.000000 48.172256 0.036953 14.781257 0.934148 -30.212226 200.000000 -30.212226 0.074425 29.770102 -0.173648 33.142187 200.000000 33.142187 0.002706 1.082424 -0.984808 -27.151054 200.000000 -27.151054
 71.600000 0.965656 -0.259823 -0.991170 -0.132599 1.833635 -1.703787 -0.259823 0.965656 -0.132599 -0.991170 0.942133 376.853353 -0.356886 48.172256 200.000000 48.172256 0.099278 39.711392 0.934148 -30.212226 200.000000 -30.212226 0.168506 67.402593 -0.173648 33.142187 200.000000 33.142187 0.004048 1.619033 -0.984808 -27.151054 200.000000 -27.151054
 71.800000 0.911099 -0.412187 -0.987957 -0.154727 1.995649 -1.726147 -0.412187 0.911099 -0.154727 -0.987957 0.305816 122.326374 -0.356886 48.172256 200.000000 48.172256 0.053123 21.249377 0.934148 -30.212226 200.000000 -30.212226 0.035803 14.321142 -0.173648 33.142187 200.000000 33.142187 0.000992 0.396795 -0.984808 -27.151054 200.000000 -27.151054
 72.000000 0.948321 -0.317312 -0.968086 -0.250618 1.893690 -1.824115 -0.317312 0.948321 -0.250618 -0.968086 0.156612 62.644977 -0.356886 48.172256 200.000000 48.172256 0.020088 8.035366 0.934148 -30.212226 200.000000 -30.212226 0.592436 236.974458 -0.173648 33.142187 200.000000 33.142187 0.027962 11.184619 -0.984808 -27.151054 200.000000 -27.151054
 72.200000 0.985268 -0.171017 -0.998828 -0.048405 1.742659 -1.619221 -0.171017 0.985268 -0.048405 -0.998828 3.454722 1381.888826 -0.356886 48.172256 200.000000 48.172256 0.261327 104.530786 0.934148 -30.212226 200.000000 -30.212226 1.568577 627.430951 -0.173648 33.142187 200.000000 33.142187 0.019656 7.862441 -0.984808 -27.151054 200.000000 -27.151054
 72.400000 0.940848 -0.338830 -0.990833 -0.135093 1.916469 -1.706304 -0.338830 0.940848 -0.135093 -0.990833 0.032603 13.041019 -0.356886 48.172256 200.000000 48.172256 0.004489 1.795459 0.934148 -30.212226 200.000000 -30.212226 0.148650 59.459830 -0.173648 33.142187 200.000000 33.142187 0.003630 1.452102 -0.984808 -27.151054 200.000000 -27.151054
 72.600000 0.957893 -0.287126 -0.985530 -0.169500 1.862022 -1.741118 -0.287126 0.957893 -0.169500 -0.985530 0.486647 194.658909 -0.356886 48.172256 200.000000 48.172256 0.056382 22.552866 0.934148 -30.212226 200.000000 -30.212226 0.001721 0.688362 -0.173648 33.142187 200.000000 33.142187 0.000052 0.020878 -0.984808 -27.151054 200.000000 -27.151054
 72.800000 0.947321 -0.320285 -0.982933 -0.183961 1.896827 -1.755811 -0.320285 0.947321 -0.183961 -0.982933 0.133965 53.586047 -0.356886 48.172256 200.000000 48.172256 0.017354 6.941519 0.934148 -30.212226 200.000000 -30.212226 0.010636 4.254399 -0.173648 33.142187 200.000000 33.142187 0.000351 0.140514 -0.984808 -27.151054 200.000000 -27.151054
 73.000000 0.931227 -0.364441 -0.978934 -0.204177 1.943829 -1.776419 -0.364441 0.931227 -0.204177 -0.978934 0.005707 2.282867 -0.356886 48.172256 200.000000 48.172256 0.000853 0.341360 0.934148 -30.212226 200.000000 -30.212226 0.093200 37.280195 -0.173648 33.142187 200.000000 33.142187 0.003450 1.380038 -0.984808 -27.151054 200.000000 -27.151054
 73.200000 0.950799 -0.309809 -0.987485 -0.157711 1.885789 -1.729169 -0.309809 0.950799 -0.157711 -0.987485 0.221624 88.649496 -0.356886 48.172256 200.000000 48.172256 0.027725 11.090043 0.934148 -30.212226 200.000000 -30.212226 0.025399 10.159614 -0.173648 33.142187 200.000000 33.142187 0.000717 0.286769 -0.984808 -27.151054 200.000000 -27.151054
 73.400000 0.949420 -0.314008 -0.982776 -0.184801 1.890208 -1.756666 -0.314008 0.949420 -0.184801 -0.982776 0.183857 73.542791 -0.356886 48.172256 200.000000 48.172256 0.023325 9.330073 0.934148 -30.212226 200.000000 -30.212226 0.012439 4.975718 -0.173648 33.142187 200.000000 33.142187 0.000413 0.165137 -0.984808 -27.151054 200.000000 -27.151054
 73.600000 0.945249 -0.326349 -0.989228 -0.146381 1.903235 -1.717705 -0.326349 0.945249 -0.146381 -0.989228 0.093251 37.300268 -0.356886 48.172256 200.000000 48.172256 0.012324 4.929645 0.934148 -30.212226 200.000000 -30.212226 0.074352 29.740973 -0.173648 33.142187 200.000000 33.142187 0.001954 0.781669 -0.984808 -27.151054 200.000000 -27.151054
 73.800000 0.910724 -0.413016 -0.991133 -0.132871 1.996560 -1.704061 -0.413016 0.910724 -0.132871 -0.991133 0.315055 126.022104 -0.356886 48.172256 200.000000 48.172256 0.054869 21.947526 0.934148 -30.212226 200.000000 -30.212226 0.166281 66.512381 -0.173648 33.142187 200.000000 33.142187 0.004001 1.600548 -0.984808 -27.151054 200.000000 -27.151054
 74.000000 0.946720 -0.322059 -0.985809 -0.167871 1.898700 -1.739466 -0.322059 0.946720 -0.167871 -0.985809 0.121292 48.516956 -0.356886 48.172256 200.000000 48.172256 0.015805 6.321889 0.934148 -30.212226 200.000000 -30.212226 0.003337 1.334827 -0.173648 33.142187 200.000000 33.142187 0.000100 0.040091 -0.984808 -27.151054 200.000000 -27.151054
 74.200000 0.967954 -0.251129 -0.980420 -0.196918 1.824643 -1.769009 -0.251129 0.967954 -0.196918 -0.980420 1.118457 447.382686 -0.356886 48.172256 200.000000 48.172256 0.114283 45.713121 0.934148 -30.212226 200.000000 -30.212226 0.054147 21.658626 -0.173648 33.142187 200.000000 33.142187 0.001925 0.770080 -0.984808 -27.151054 200.000000 -27.151054
 74.400000 0.968592 -0.248657 -0.997603 -0.069204 1.822090 -1.640056 -0.248657 0.968592 -0.069204 -0.997603 1.171360 468.543944 -0.356886 48.172256 200.000000 48.172256 0.118637 47.454972 0.934148 -30.212226 200.000000 -30.212226 1.090850 436.339935 -0.173648 33.142187 200.000000 33.142187 0.016371 6.548222 -0.984808 -27.151054 200.000000 -27.151054
 74.600000 0.941606 -0.336717 -0.998591 -0.053069 1.914224 -1.623890 -0.336717 0.941606 -0.053069 -0.998591 0.040681 16.272305 -0.356886 48.172256 200.000000 48.172256 0.005562 2.224945 0.934148 -30.212226 200.000000 -30.212226 1.453942 581.576672 -0.173648 33.142187 200.000000 33.142187 0.018997 7.598967 -0.984808 -27.151054 200.000000 -27.151054
 74.800000 0.947051 -0.321084 -0.996427 -0.084455 1.897670 -1.655352 -0.321084 0.947051 -0.084455 -0.996427 0.128181 51.272530 -0.356886 48.172256 200.000000 48.172256 0.016649 6.659420 0.934148 -30.212226 200.000000 -30.212226 0.795536 318.214240 -0.173648 33.142187 200.000000 33.142187 0.013501 5.400520 -0.984808 -27.151054 200.000000 -27.151054
 75.000000 0.915211 -0.402975 -0.993541 -0.113469 1.985561 -1.684511 -0.402975 0.915211 -0.113469 -0.993541 0.212415 84.966015 -0.356886 48.172256 200.000000 48.172256 0.035860 14.344026 0.934148 -30.212226 200.000000 -30.212226 0.362148 144.859180 -0.173648 33.142187 200.000000 33.142187 0.007628 3.051124 -0.984808 -27.151054 200.000000 -27.151054
 75.200000 0.904879 -0.425668 -0.998031 -0.062729 2.010497 -1.633567 -0.425668 0.904879 -0.062729 -0.998031 0.473098 189.239044 -0.356886 48.172256 200.000000 48.172256 0.085665 34.266023 0.934148 -30.212226 200.000000 -30.212226 1.230297 492.118773 -0.173648 33.142187 200.000000 33.142187 0.017484 6.993716 -0.984808 -27.151054 200.000000 -27.151054
 75.400000 0.952127 -0.305701 -0.992247 -0.124282 1.881471 -1.695401 -0.305701 0.952127 -0.124282 -0.992247 0.261989 104.795641 -0.356886 48.172256 200.000000 48.172256 0.032327 12.930628 0.934148 -30.212226 200.000000 -30.212226 0.243702 97.480775 -0.173648 33.142187 200.000000 33.142187 0.005534 2.213658 -0.984808 -27.151054 200.000000 -27.151054
 75.600000 0.953786 -0.300486 -0.997663 -0.068328 1.875998 -1.639178 -0.300486 0.953786 -0.068328 -0.997663 0.318099 127.239792 -0.356886 48.172256 200.000000 48.172256 0.038567 15.426658 0.934148 -30.212226 200.000000 -30.212226 1.109229 443.691663 -0.173648 33.142187 200.000000 33.142187 0.016525 6.610188 -0.984808 -27.151054 200.000000 -27.151054
 75.800000 0.973504 -0.228671 -0.998718 -0.050624 1.801509 -1.621442 -0.228671 0.973504 -0.050624 -0.998718 1.643910 657.563970 -0.356886 48.172256 200.000000 48.172256 0.154888 61.955352 0.934148 -30.212226 200.000000 -30.212226 1.513483 605.393020 -0.173648 33.142187 200.000000 33.142187 0.019349 7.739530 -0.984808 -27.151054 200.000000 -27.151054
 76.000000 0.982965 -0.183795 -0.972644 -0.232299 1.755642 -1.805237 -0.183795 0.982965 -0.232299 -0.972644 2.996072 1198.428729 -0.356886 48.172256 200.000000 48.172256 0.238308 95.323260 0.934148 -30.212226 200.000000 -30.212226 0.343991 137.596554 -0.173648 33.142187 200.000000 33.142187 0.014795 5.917853 -0.984808 -27.151054 200.000000 -27.151054
 76.200000 0.953042 -0.302838 -0.983142 -0.182845 1.878465 -1.754676 -0.302838 0.953042 -0.182845 -0.983142 0.292122 116.848650 -0.356886 48.172256 200.000000 48.172256 0.035699 14.279640 0.934148 -30.212226 200.000000 -30.212226 0.008458 3.383256 -0.173648 33.142187 200.000000 33.142187 0.000278 0.111022 -0.984808 -27.151054 200.000000 -27.151054
 76.400000 0.948838 -0.315764 -0.973327 -0.229424 1.892058 -1.802282 -0.315764 0.948838 -0.229424 -0.973327 0.169105 67.642018 -0.356886 48.172256 200.000000 48.172256 0.021579 8.631791 0.934148 -30.212226 200.000000 -30.212226 0.311091 124.436320 -0.173648 33.142187 200.000000 33.142187 0.013182 5.272628 -0.984808 -27.151054 200.000000 -27.151054
 76.600000 0.911301 -0.411740 -0.988533 -0.151005 1.995159 -1.722381 -0.411740 0.911301 -0.151005 -0.988533 0.300895 120.357846 -0.356886 48.172256 200.000000 48.172256 0.052196 20.878568 0.934148 -30.212226 200.000000 -30.212226 0.051272 20.508851 -0.173648 33.142187 200.000000 33.142187 0.001388 0.555106 -0.984808 -27.151054 200.000000 -27.151054
 76.800000 0.960128 -0.279560 -0.992086 -0.125563 1.854133 -1.696691 -0.279560 0.960128 -0.125563 -0.992086 0.597928 239.171170 -0.356886 48.172256 200.000000 48.172256 0.067497 26.998916 0.934148 -30.212226 200.000000 -30.212226 0.231221 92.488582 -0.173648 33.142187 200.000000 33.142187 0.005297 2.118733 -0.984808 -27.151054 200.000000 -27.151054
 77.000000 0.949266 -0.314476 -0.984989 -0.172619 1.890701 -1.744284 -0.314476 0.949266 -0.172619 -0.984989 0.179866 71.946361 -0.356886 48.172256 200.000000 48.172256 0.022854 9.141781 0.934148 -30.212226 200.000000 -30.212226 0.000106 0.042374 -0.173648 33.142187 200.000000 33.142187 0.000003 0.001309 -0.984808 -27.151054 200.000000 -27.151054
 77.200000 0.942675 -0.333714 -0.988686 -0.150002 1.911037 -1.721367 -0.333714 0.942675 -0.150002 -0.988686 0.053697 21.478886 -0.356886 48.172256 200.000000 48.172256 0.007270 2.908160 0.934148 -30.212226 200.000000 -30.212226 0.055913 22.365193 -0.173648 33.142187 200.000000 33.142187 0.001504 0.601525 -0.984808 -27.151054 200.000000 -27.151054
 77.400000 0.970270 -0.242024 -0.975474 -0.220113 1.815248 -1.792727 -0.242024 0.970270 -0.220113 -0.975474 1.319325 527.729918 -0.356886 48.172256 200.000000 48.172256 0.130482 52.192862 0.934148 -30.212226 200.000000 -30.212226 0.215899 86.359420 -0.173648 33.142187 200.000000 33.142187 0.008711 3.484484 -0.984808 -27.151054 200.000000 -27.151054
 77.600000 0.953824 -0.300367 -0.985527 -0.169519 1.875874 -1.741138 -0.300367 0.953824 -0.169519 -0.985527 0.319440 127.775859 -0.356886 48.172256 200.000000 48.172256 0.038714 15.485445 0.934148 -30.212226 200.000000 -30.212226 0.001705 0.681958 -0.173648 33.142187 200.000000 33.142187 0.000052 0.020687 -0.984808 -27.151054 200.000000 -27.151054
 77.800000 0.955779 -0.294084 -0.994341 -0.106233 1.869294 -1.677230 -0.294084 0.955779 -0.106233 -0.994341 0.394406 157.762435 -0.356886 48.172256 200.000000 48.172256 0.046793 18.717001 0.934148 -30.212226 200.000000 -30.212226 0.454486 181.794330 -0.173648 33.142187 200.000000 33.142187 0.009089 3.635545 -0.984808 -27.151054 200.000000 -27.151054
 78.000000 0.972127 -0.234455 -0.982830 -0.184515 1.807455 -1.756375 -0.234455 0.972127 -0.184515 -0.982830 1.498931 599.572493 -0.356886 48.172256 200.000000 48.172256 0.144241 57.696248 0.934148 -30.212226 200.000000 -30.212226 0.011809 4.723521 -0.173648 33.142187 200.000000 33.142187 0.000391 0.156508 -0.984808 -27.151054 200.000000 -27.151054
 78.200000 0.902431 -0.430834 -0.987075 -0.160260 2.016214 -1.731750 -0.430834 0.902431 -0.160260 -0.987075 0.546833 218.733363 -0.356886 48.172256 200.000000 48.172256 0.100596 40.238363 0.934148 -30.212226 200.000000 -30.212226 0.017925 7.169973 -0.173648 33.142187 200.000000 33.142187 0.000514 0.205593 -0.984808 -27.151054 200.000000 -27.151054
 78.400000 0.968868 -0.247577 -0.990490 -0.137586 1.820975 -1.708820 -0.247577 0.968868 -0.137586 -0.990490 1.194853 477.941175 -0.356886 48.172256 200.000000 48.172256 0.120551 48.220213 0.934148 -30.212226 200.000000 -30.212226 0.130048 52.019153 -0.173648 33.142187 200.000000 33.142187 0.003229 1.291436 -0.984808 -27.151054 200.000000 -27.151054
 78.600000 0.953902 -0.300118 -0.989758 -0.142752 1.875613 -1.714038 -0.300118 0.953902 -0.142752 -0.989758 0.322260 128.903883 -0.356886 48.172256 200.000000 48.172256 0.039023 15.609026 0.934148 -30.212226 200.000000 -30.212226 0.095454 38.181722 -0.173648 33.142187 200.000000 33.142187 0.002451 0.980363 -0.984808 -27.151054 200.000000 -27.151054
 78.800000 0.957947 -0.286944 -0.985315 -0.170746 1.861832 -1.742383 -0.286944 0.957947 -0.170746 -0.985315 0.489185 195.673923 -0.356886 48.172256 200.000000 48.172256 0.056641 22.656374 0.934148 -30.212226 200.000000 -30.212226 0.000842 0.336844 -0.173648 33.142187 200.000000 33.142187 0.000026 0.010293 -0.984808 -27.151054 200.000000 -27.151054
 79.000000 0.970103 -0.242694 -0.983382 -0.181546 1.815938 -1.753355 -0.242694 0.970103 -0.181546 -0.983382 1.303983 521.593003 -0.356886 48.172256 200.000000 48.172256 0.129276 51.710453 0.934148 -30.212226 200.000000 -30.212226 0.006238 2.495311 -0.173648 33.142187 200.000000 33.142187 0.000203 0.081269 -0.984808 -27.151054 200.000000 -27.151054
 79.200000 0.929521 -0.368770 -0.995137 -0.098504 1.948482 -1.669460 -0.368770 0.929521 -0.098504 -0.995137 0.014122 5.648836 -0.356886 48.172256 200.000000 48.172256 0.002141 0.856413 0.934148 -30.212226 200.000000 -30.212226 0.564665 225.866135 -0.173648 33.142187 200.000000 33.142187 0.010669 4.267452 -0.984808 -27.151054 200.000000 -27.151054
 79.400000 0.945280 -0.326260 -0.985646 -0.168827 1.903140 -1.740436 -0.326260 0.945280 -0.168827 -0.985646 0.093799 37.519580 -0.356886 48.172256 200.000000 48.172256 0.012393 4.957165 0.934148 -30.212226 200.000000 -30.212226 0.002325 0.929852 -0.173648 33.142187 200.000000 33.142187 0.000070 0.028089 -0.984808 -27.151054 200.000000 -27.151054
 79.600000 0.941586 -0.336773 -0.970362 -0.241654 1.914284 -1.814867 -0.336773 0.941586 -0.241654 -0.970362 0.040456 16.182211 -0.356886 48.172256 200.000000 48.172256 0.005533 2.213030 0.934148 -30.212226 200.000000 -30.212226 0.462483 184.993387 -0.173648 33.142187 200.000000 33.142187 0.020867 8.346726 -0.984808 -27.151054 200.000000 -27.151054
 79.800000 0.977258 -0.212052 -0.979390 -0.201977 1.784471 -1.774172 -0.212052 0.977258 -0.201977 -0.979390 2.097683 839.073119 -0.356886 48.172256 200.000000 48.172256 0.185851 74.340371 0.934148 -30.212226 200.000000 -30.212226 0.080251 32.100289 -0.173648 33.142187 200.000000 33.142187 0.002935 1.173943 -0.984808 -27.151054 200.000000 -27.151054
 80.000000 0.944108 -0.329635 -0.978615 -0.205701 1.906714 -1.777976 -0.329635 0.944108 -0.205701 -0.978615 0.074261 29.704511 -0.356886 48.172256 200.000000 48.172256 0.009921 3.968451 0.934148 -30.212226 200.000000 -30.212226 0.102736 41.094333 -0.173648 33.142187 200.000000 33.142187 0.003835 1.534022 -0.984808 -27.151054 200.000000 -27.151054
 80.200000 0.934593 -0.355720 -0.982792 -0.184715 1.934480 -1.756578 -0.355720 0.934593 -0.184715 -0.982792 0.000136 0.054443 -0.356886 48.172256 200.000000 48.172256 0.000020 0.007917 0.934148 -30.212226 200.000000 -30.212226 0.012248 4.899055 -0.173648 33.142187 200.000000 33.142187 0.000406 0.162512 -0.984808 -27.151054 200.000000 -27.151054
 80.400000 0.934489 -0.355993 -0.991423 -0.130690 1.934773 -1.701862 -0.355993 0.934489 -0.130690 -0.991423 0.000080 0.031919 -0.356886 48.172256 200.000000 48.172256 0.000012 0.004645 0.934148 -30.212226 200.000000 -30.212226 0.184536 73.814554 -0.173648 33.142187 200.000000 33.142187 0.004376 1.750575 -0.984808 -27.151054 200.000000 -27.151054
 80.600000 0.920552 -0.390620 -0.960141 -0.279515 1.972102 -1.854085 -0.390620 0.920552 -0.279515 -0.960141 0.113798 45.519129 -0.356886 48.172256 200.000000 48.172256 0.018485 7.393950 0.934148 -30.212226 200.000000 -30.212226 1.120780 448.311803 -0.173648 33.142187 200.000000 33.142187 0.060843 24.337336 -0.984808 -27.151054 200.000000 -27.151054
 80.800000 0.960294 -0.278989 -0.989266 -0.146128 1.853538 -1.717449 -0.278989 0.960294 -0.146128 -0.989266 0.606791 242.716578 -0.356886 48.172256 200.000000 48.172256 0.068363 27.345203 0.934148 -30.212226 200.000000 -30.212226 0.075739 30.295453 -0.173648 33.142187 200.000000 33.142187 0.001987 0.794954 -0.984808 -27.151054 200.000000 -27.151054
 81.000000 0.985711 -0.168447 -0.995894 -0.090525 1.740051 -1.661445 -0.168447 0.985711 -0.090525 -0.995894 3.550920 1420.368027 -0.356886 48.172256 200.000000 48.172256 0.265872 106.348847 0.934148 -30.212226 200.000000 -30.212226 0.690951 276.380471 -0.173648 33.142187 200.000000 33.142187 0.012291 4.916381 -0.984808 -27.151054 200.000000 -27.151054
 81.200000 0.944997 -0.327080 -0.985818 -0.167818 1.904008 -1.739413 -0.327080 0.944997 -0.167818 -0.985818 0.088841 35.536203 -0.356886 48.172256 200.000000 48.172256 0.011770 4.707823 0.934148 -30.212226 200.000000 -30.212226 0.003399 1.359417 -0.173648 33.142187 200.000000 33.142187 0.000102 0.040817 -0.984808 -27.151054 200.000000 -27.151054
 81.400000 0.969510 -0.245052 -0.993539 -0.113488 1.818369 -1.684529 -0.245052 0.969510 -0.113488 -0.993539 1.250697 500.278919 -0.356886 48.172256 200.000000 48.172256 0.125048 50.019313 0.934148 -30.212226 200.000000 -30.212226 0.361928 144.771090 -0.173648 33.142187 200.000000 33.142187 0.007624 3.049663 -0.984808 -27.151054 200.000000 -27.151054
 81.600000 0.976244 -0.216675 -0.988148 -0.153506 1.789204 -1.724912 -0.216675 0.976244 -0.153506 -0.988148 1.965912 786.364970 -0.356886 48.172256 200.000000 48.172256 0.177206 70.882538 0.934148 -30.212226 200.000000 -30.212226 0.040569 16.227684 -0.173648 33.142187 200.000000 33.142187 0.001115 0.446198 -0.984808 -27.151054 200.000000 -27.151054
 81.800000 0.931437 -0.363904 -0.997728 -0.067372 1.943252 -1.638219 -0.363904 0.931437 -0.067372 -0.997728 0.004924 1.969762 -0.356886 48.172256 200.000000 48.172256 0.000735 0.294036 0.934148 -30.212226 200.000000 -30.212226 1.129467 451.786666 -0.173648 33.142187 200.000000 33.142187 0.016693 6.677248 -0.984808 -27.151054 200.000000 -27.151054
 82.000000 0.954384 -0.298583 -0.992704 -0.120574 1.874004 -1.691664 -0.298583 0.954384 -0.120574 -0.992704 0.339922 135.968971 -0.356886 48.172256 200.000000 48.172256 0.040948 16.379342 0.934148 -30.212226 200.000000 -30.212226 0.281691 112.676389 -0.173648 33.142187 200.000000 33.142187 0.006236 2.494275 -0.984808 -27.151054 200.000000 -27.151054
 82.200000 0.955493 -0.295014 -0.994082 -0.108631 1.870267 -1.679642 -0.295014 0.955493 -0.108631 -0.994082 0.382813 153.125121 -0.356886 48.172256 200.000000 48.172256 0.045561 18.224294 0.934148 -30.212226 200.000000 -30.212226 0.422720 169.087838 -0.173648 33.142187 200.000000 33.142187 0.008601 3.440549 -0.984808 -27.151054 200.000000 -27.151054
 82.400000 0.972344 -0.233553 -0.981194 -0.193025 1.806527 -1.765041 -0.233553 0.972344 -0.193025 -0.981194 1.521106 608.442452 -0.356886 48.172256 200.000000 48.172256 0.145895 58.357960 0.934148 -30.212226 200.000000 -30.212226 0.037547 15.018684 -0.173648 33.142187 200.000000 33.142187 0.001306 0.522424 -0.984808 -27.151054 200.000000 -27.151054
 82.600000 0.969811 -0.243858 -0.987917 -0.154982 1.817138 -1.726406 -0.243858 0.969811 -0.154982 -0.987917 1.277537 511.014709 -0.356886 48.172256 200.000000 48.172256 0.127185 50.874199 0.934148 -30.212226 200.000000 -30.212226 0.034843 13.937020 -0.173648 33.142187 200.000000 33.142187 0.000967 0.386769 -0.984808 -27.151054 200.000000 -27.151054
 82.800000 0.964401 -0.264444 -0.984602 -0.174811 1.838424 -1.746510 -0.264444 0.964401 -0.174811 -0.984602 0.854558 341.823390 -0.356886 48.172256 200.000000 48.172256 0.091526 36.610275 0.934148 -30.212226 200.000000 -30.212226 0.000135 0.054076 -0.173648 33.142187 200.000000 33.142187 0.000004 0.001693 -0.984808 -27.151054 200.000000 -27.151054
 83.000000 0.981094 -0.193530 -0.983614 -0.180289 1.765555 -1.752077 -0.193530 0.981094 -0.180289 -0.983614 2.668531 1067.412241 -0.356886 48.172256 200.000000 48.172256 0.220398 88.159061 0.934148 -30.212226 200.000000 -30.212226 0.004410 1.764048 -0.173648 33.142187 200.000000 33.142187 0.000143 0.057033 -0.984808 -27.151054 200.000000 -27.151054
 83.200000 0.955755 -0.294164 -0.962114 -0.272646 1.869377 -1.846938 -0.294164 0.955755 -0.272646 -0.962114 0.393402 157.360821 -0.356886 48.172256 200.000000 48.172256 0.046686 18.674428 0.934148 -30.212226 200.000000 -30.212226 0.980054 392.021445 -0.173648 33.142187 200.000000 33.142187 0.051499 20.599408 -0.984808 -27.151054 200.000000 -27.151054
 83.400000 0.960259 -0.279110 -0.990260 -0.139231 1.853663 -1.710481 -0.279110 0.960259 -0.139231 -0.990260 0.604916 241.966249 -0.356886 48.172256 200.000000 48.172256 0.068180 27.272009 0.934148 -30.212226 200.000000 -30.212226 0.118452 47.380766 -0.173648 33.142187 200.000000 33.142187 0.002973 1.189029 -0.984808 -27.151054 200.000000 -27.151054
 83.600000 0.962489 -0.271320 -0.981141 -0.193294 1.845561 -1.765314 -0.271320 0.962489 -0.193294 -0.981141 0.732157 292.862956 -0.356886 48.172256 200.000000 48.172256 0.080323 32.129242 0.934148 -30.212226 200.000000 -30.212226 0.038594 15.437604 -0.173648 33.142187 200.000000 33.142187 0.001345 0.537811 -0.984808 -27.151054 200.000000 -27.151054
 83.800000 0.926701 -0.375799 -0.953984 -0.299857 1.956055 -1.875339 -0.375799 0.926701 -0.299857 -0.953984 0.035769 14.307673 -0.356886 48.172256 200.000000 48.172256 0.005545 2.218102 0.934148 -30.212226 200.000000 -30.212226 1.592865 637.146114 -0.173648 33.142187 200.000000 33.142187 0.095009 38.003710 -0.984808 -27.151054 200.000000 -27.151054
 84.000000 0.960013 -0.279954 -0.985335 -0.170630 1.854543 -1.742265 -0.279954 0.960013 -0.170630 -0.985335 0.591857 236.742720 -0.356886 48.172256 200.000000 48.172256 0.066903 26.761083 0.934148 -30.212226 200.000000 -30.212226 0.000911 0.364414 -0.173648 33.142187 200.000000 33.142187 0.000028 0.011128 -0.984808 -27.151054 200.000000 -27.151054
 84.200000 0.971518 -0.236967 -0.975572 -0.219680 1.810040 -1.792283 -0.236967 0.971518 -0.219680 -0.975572 1.438051 575.220304 -0.356886 48.172256 200.000000 48.172256 0.139650 55.859855 0.934148 -30.212226 200.000000 -30.212226 0.211894 84.757510 -0.173648 33.142187 200.000000 33.142187 0.008530 3.411993 -0.984808 -27.151054 200.000000 -27.151054
 84.400000 0.922812 -0.385251 -0.990644 -0.136474 1.966277 -1.707697 -0.385251 0.922812 -0.136474 -0.990644 0.080458 32.183350 -0.356886 48.172256 200.000000 48.172256 0.012851 5.140381 0.934148 -30.212226 200.000000 -30.212226 0.138194 55.277696 -0.173648 33.142187 200.000000 33.142187 0.003406 1.362329 -0.984808 -27.151054 200.000000 -27.151054
 84.600000 0.963901 -0.266261 -0.988726 -0.149739 1.840309 -1.721101 -0.266261 0.963901 -0.149739 -0.988726 0.821284 328.513727 -0.356886 48.172256 200.000000 48.172256 0.088524 35.409584 0.934148 -30.212226 200.000000 -30.212226 0.057165 22.866148 -0.173648 33.142187 200.000000 33.142187 0.001535 0.613973 -0.984808 -27.151054 200.000000 -27.151054
 84.800000 0.963721 -0.266913 -0.996876 -0.078980 1.840985 -1.649859 -0.266913 0.963721 -0.078980 -0.996876 0.809517 323.806923 -0.356886 48.172256 200.000000 48.172256 0.087455 34.981918 0.934148 -30.212226 200.000000 -30.212226 0.896205 358.481828 -0.173648 33.142187 200.000000 33.142187 0.014565 5.825890 -0.984808 -27.151054 200.000000 -27.151054
 85.000000 0.947925 -0.318493 -0.997354 -0.072694 1.894936 -1.643554 -0.318493 0.947925 -0.072694 -0.997354 0.147404 58.961498 -0.356886 48.172256 200.000000 48.172256 0.018982 7.592608 0.934148 -30.212226 200.000000 -30.212226 1.019182 407.672972 -0.173648 33.142187 200.000000 33.142187 0.015742 6.296653 -0.984808 -27.151054 200.000000 -27.151054
 85.200000 0.956246 -0.292564 -0.968239 -0.250028 1.867703 -1.823505 -0.292564 0.956246 -0.250028 -0.968239 0.413739 165.495766 -0.356886 48.172256 200.000000 48.172256 0.048833 19.533206 0.934148 -30.212226 200.000000 -30.212226 0.583380 233.352178 -0.173648 33.142187 200.000000 33.142187 0.027453 10.981301 -0.984808 -27.151054 200.000000 -27.151054
 85.400000 0.928649 -0.370959 -0.992389 -0.123144 1.950837 -1.694254 -0.370959 0.928649 -0.123144 -0.992389 0.019803 7.921332 -0.356886 48.172256 200.000000 48.172256 0.003023 1.209330 0.934148 -30.212226 200.000000 -30.212226 0.255063 102.025087 -0.173648 33.142187 200.000000 33.142187 0.005747 2.298865 -0.984808 -27.151054 200.000000 -27.151054
 85.600000 0.966160 -0.257945 -0.972396 -0.233339 1.831691 -1.806306 -0.257945 0.966160 -0.233339 -0.972396 0.978932 391.572973 -0.356886 48.172256 200.000000 48.172256 0.102475 40.989923 0.934148 -30.212226 200.000000 -30.212226 0.356294 142.517769 -0.173648 33.142187 200.000000 33.142187 0.015406 6.162511 -0.984808 -27.151054 200.000000 -27.151054
 85.800000 0.911273 -0.411802 -0.985968 -0.166934 1.995227 -1.738516 -0.411802 0.911273 -0.166934 -0.985968 0.301576 120.630543 -0.356886 48.172256 200.000000 48.172256 0.052325 20.929891 0.934148 -30.212226 200.000000 -30.212226 0.004507 1.802953 -0.173648 33.142187 200.000000 33.142187 0.000135 0.053846 -0.984808 -27.151054 200.000000 -27.151054
 86.000000 0.964362 -0.264587 -0.985318 -0.170727 1.838572 -1.742363 -0.264587 0.964362 -0.170727 -0.985318 0.851921 340.768305 -0.356886 48.172256 200.000000 48.172256 0.091289 36.515554 0.934148 -30.212226 200.000000 -30.212226 0.000854 0.341445 -0.173648 33.142187 200.000000 33.142187 0.000026 0.010433 -0.984808 -27.151054 200.000000 -27.151054
 86.200000 0.951909 -0.306381 -0.966581 -0.256362 1.882185 -1.830053 -0.306381 0.951909 -0.256362 -0.966581 0.255077 102.030878 -0.356886 48.172256 200.000000 48.172256 0.031546 12.618253 0.934148 -30.212226 200.000000 -30.212226 0.684153 273.661072 -0.173648 33.142187 200.000000 33.142187 0.033222 13.288695 -0.984808 -27.151054 200.000000 -27.151054
 86.400000 0.937912 -0.346872 -0.959235 -0.282611 1.925030 -1.857311 -0.346872 0.937912 -0.282611 -0.959235 0.010028 4.011359 -0.356886 48.172256 200.000000 48.172256 0.001417 0.566890 0.934148 -30.212226 200.000000 -30.212226 1.187279 474.911603 -0.173648 33.142187 200.000000 33.142187 0.065398 26.159146 -0.984808 -27.151054 200.000000 -27.151054
 86.600000 0.961425 -0.275068 -0.966942 -0.254997 1.849457 -1.828641 -0.275068 0.961425 -0.254997 -0.966942 0.669420 267.768128 -0.356886 48.172256 200.000000 48.172256 0.074403 29.761131 0.934148 -30.212226 200.000000 -30.212226 0.661763 264.705384 -0.173648 33.142187 200.000000 33.142187 0.031919 12.767637 -0.984808 -27.151054 200.000000 -27.151054
 86.800000 0.966859 -0.255311 -0.965835 -0.259157 1.828965 -1.832946 -0.255311 0.966859 -0.259157 -0.965835 1.031760 412.704096 -0.356886 48.172256 200.000000 48.172256 0.107002 42.800963 0.934148 -30.212226 200.000000 -30.212226 0.731180 292.471842 -0.173648 33.142187 200.000000 33.142187 0.035996 14.398387 -0.984808 -27.151054 200.000000 -27.151054
 87.000000 0.966161 -0.257941 -0.993102 -0.117254 1.831687 -1.688320 -0.257941 0.966161 -0.117254 -0.993102 0.979021 391.608424 -0.356886 48.172256 200.000000 48.172256 0.102482 40.992985 0.934148 -30.212226 200.000000 -30.212226 0.318035 127.213856 -0.173648 33.142187 200.000000 33.142187 0.006879 2.751784 -0.984808 -27.151054 200.000000 -27.151054
 87.200000 0.921594 -0.388154 -0.996244 -0.086588 1.969424 -1.657493 -0.388154 0.921594 -0.086588 -0.996244 0.097768 39.107277 -0.356886 48.172256 200.000000 48.172256 0.015759 6.303501 0.934148 -30.212226 200.000000 -30.212226 0.757952 303.180963 -0.173648 33.142187 200.000000 33.142187 0.013079 5.231721 -0.984808 -27.151054 200.000000 -27.151054
 87.400000 0.975784 -0.218736 -0.974749 -0.223305 1.791315 -1.796000 -0.218736 0.975784 -0.223305 -0.974749 1.908551 763.420371 -0.356886 48.172256 200.000000 48.172256 0.173358 69.343046 0.934148 -30.212226 200.000000 -30.212226 0.246577 98.630954 -0.173648 33.142187 200.000000 33.142187 0.010118 4.047396 -0.984808 -27.151054 200.000000 -27.151054
 87.600000 0.957513 -0.288389 -0.995904 -0.090422 1.863340 -1.661342 -0.288389 0.957513 -0.090422 -0.995904 0.469191 187.676349 -0.356886 48.172256 200.000000 48.172256 0.054595 21.837976 0.934148 -30.212226 200.000000 -30.212226 0.692659 277.063704 -0.173648 33.142187 200.000000 33.142187 0.012312 4.924658 -0.984808 -27.151054 200.000000 -27.151054
 87.800000 0.924595 -0.380951 -0.980488 -0.196578 1.961621 -1.768663 -0.380951 0.924595 -0.196578 -0.980488 0.057911 23.164551 -0.356886 48.172256 200.000000 48.172256 0.009125 3.650113 0.934148 -30.212226 200.000000 -30.212226 0.052579 21.031464 -0.173648 33.142187 200.000000 33.142187 0.001866 0.746360 -0.984808 -27.151054 200.000000 -27.151054
 88.000000 0.952761 -0.303720 -0.992575 -0.121634 1.879391 -1.692732 -0.303720 0.952761 -0.121634 -0.992575 0.282662 113.064979 -0.356886 48.172256 200.000000 48.172256 0.034646 13.858357 0.934148 -30.212226 200.000000 -30.212226 0.270546 108.218489 -0.173648 33.142187 200.000000 33.142187 0.006033 2.413208 -0.984808 -27.151054 200.000000 -27.151054
 88.200000 0.890380 -0.455218 -0.997901 -0.064760 2.043413 -1.635601 -0.455218 0.890380 -0.064760 -0.997901 0.966916 386.766387 -0.356886 48.172256 200.000000 48.172256 0.191563 76.625160 0.934148 -30.212226 200.000000 -30.212226 1.185672 474.268756 -0.173648 33.142187 200.000000 33.142187 0.017143 6.857213 -0.984808 -27.151054 200.000000 -27.151054
 88.400000 0.943988 -0.329979 -0.960680 -0.277656 1.907078 -1.852150 -0.329979 0.943988 -0.277656 -0.960680 0.072398 28.959167 -0.356886 48.172256 200.000000 48.172256 0.009683 3.873250 0.934148 -30.212226 200.000000 -30.212226 1.081767 432.706951 -0.173648 33.142187 200.000000 33.142187 0.058212 23.284976 -0.984808 -27.151054 200.000000 -27.151054
 88.600000 0.964019 -0.265834 -0.992957 -0.118478 1.839865 -1.689553 -0.265834 0.964019 -0.118478 -0.992957 0.829056 331.622474 -0.356886 48.172256 200.000000 48.172256 0.089228 35.691167 0.934148 -30.212226 200.000000 -30.212226 0.304375 121.749830 -0.173648 33.142187 200.000000 33.142187 0.006640 2.656197 -0.984808 -27.151054 200.000000 -27.151054
 88.800000 0.943798 -0.330522 -0.989088 -0.147328 1.907653 -1.718662 -0.330522 0.943798 -0.147328 -0.989088 0.069508 27.803328 -0.356886 48.172256 200.000000 48.172256 0.009313 3.725286 0.934148 -30.212226 200.000000 -30.212226 0.069277 27.710866 -0.173648 33.142187 200.000000 33.142187 0.001832 0.732734 -0.984808 -27.151054 200.000000 -27.151054
 89.000000 0.979544 -0.201230 -0.981020 -0.193908 1.773410 -1.765941 -0.201230 0.979544 -0.193908 -0.981020 2.422886 969.154397 -0.356886 48.172256 200.000000 48.172256 0.206081 82.432454 0.934148 -30.212226 200.000000 -30.212226 0.041048 16.419135 -0.173648 33.142187 200.000000 33.142187 0.001435 0.573995 -0.984808 -27.151054 200.000000 -27.151054
 89.200000 0.924079 -0.382201 -0.992884 -0.119085 1.962973 -1.690164 -0.382201 0.924079 -0.119085 -0.992884 0.064083 25.633344 -0.356886 48.172256 200.000000 48.172256 0.010138 4.055076 0.934148 -30.212226 200.000000 -30.212226 0.297718 119.087208 -0.173648 33.142187 200.000000 33.142187 0.006523 2.609100 -0.984808 -27.151054 200.000000 -27.151054
 89.400000 0.973840 -0.227237 -0.988180 -0.153298 1.800036 -1.724701 -0.227237 0.973840 -0.153298 -0.988180 1.680894 672.357437 -0.356886 48.172256 200.000000 48.172256 0.157543 63.017052 0.934148 -30.212226 200.000000 -30.212226 0.041414 16.565507 -0.173648 33.142187 200.000000 33.142187 0.001137 0.454892 -0.984808 -27.151054 200.000000 -27.151054
 89.600000 0.966628 -0.256183 -0.995604 -0.093658 1.829868 -1.664592 -0.256183 0.966628 -0.093658 -0.995604 1.014114 405.645794 -0.356886 48.172256 200.000000 48.172256 0.105498 42.199179 0.934148 -30.212226 200.000000 -30.212226 0.639847 255.938752 -0.173648 33.142187 200.000000 33.142187 0.011657 4.662749 -0.984808 -27.151054 200.000000 -27.151054
 89.800000 0.935789 -0.352560 -0.972649 -0.232279 1.931102 -1.805217 -0.352560 0.935789 -0.232279 -0.972649 0.001871 0.748523 -0.356886 48.172256 200.000000 48.172256 0.000269 0.107743 0.934148 -30.212226 200.000000 -30.212226 0.343759 137.503551 -0.173648 33.142187 200.000000 33.142187 0.014783 5.913247 -0.984808 -27.151054 200.000000 -27.151054
 90.000000 0.954585 -0.297939 -0.988823 -0.149094 1.873329 -1.720448 -0.297939 0.954585 -0.149094 -0.988823 0.347475 138.990166 -0.356886 48.172256 200.000000 48.172256 0.041767 16.706832 0.934148 -30.212226 200.000000 -30.212226 0.060290 24.115997 -0.173648 33.142187 200.000000 33.142187 0.001612 0.644889 -0.984808 -27.151054 200.000000 -27.151054
 90.200000 0.933332 -0.359014 -0.986285 -0.165052 1.938007 -1.736607 -0.359014 0.933332 -0.165052 -0.986285 0.000453 0.181053 -0.356886 48.172256 200.000000 48.172256 0.000067 0.026607 0.934148 -30.212226 200.000000 -30.212226 0.007390 2.955922 -0.173648 33.142187 200.000000 33.142187 0.000218 0.087279 -0.984808 -27.151054 200.000000 -27.151054
 90.400000 0.933263 -0.359194 -0.981581 -0.191045 1.938200 -1.763023 -0.359194 0.933263 -0.191045 -0.981581 0.000532 0.212979 -0.356886 48.172256 200.000000 48.172256 0.000078 0.031317 0.934148 -30.212226 200.000000 -30.212226 0.030265 12.106061 -0.173648 33.142187 200.000000 33.142187 0.001041 0.416408 -0.984808 -27.151054 200.000000 -27.151054
 90.600000 0.954940 -0.296800 -0.996265 -0.086345 1.872137 -1.657249 -0.296800 0.954940 -0.086345 -0.996265 0.361031 144.412330 -0.356886 48.172256 200.000000 48.172256 0.043229 17.291766 0.934148 -30.212226 200.000000 -30.212226 0.762192 304.876620 -0.173648 33.142187 200.000000 33.142187 0.013128 5.251044 -0.984808 -27.151054 200.000000 -27.151054
 90.800000 0.961983 -0.273111 -0.988460 -0.151479 1.847422 -1.722861 -0.273111 0.961983 -0.151479 -0.988460 0.701832 280.732606 -0.356886 48.172256 200.000000 48.172256 0.077477 30.990850 0.934148 -30.212226 200.000000 -30.212226 0.049146 19.658451 -0.173648 33.142187 200.000000 33.142187 0.001334 0.533684 -0.984808 -27.151054 200.000000 -27.151054
 91.000000 0.981997 -0.188895 -0.974226 -0.225573 1.760833 -1.798327 -0.188895 0.981997 -0.225573 -0.974226 2.822092 1128.836777 -0.356886 48.172256 200.000000 48.172256 0.228956 91.582432 0.934148 -30.212226 200.000000 -30.212226 0.269614 107.845761 -0.173648 33.142187 200.000000 33.142187 0.011197 4.478631 -0.984808 -27.151054 200.000000 -27.151054
 91.200000 0.944368 -0.328892 -0.979264 -0.202586 1.905926 -1.774795 -0.328892 0.944368 -0.202586 -0.979264 0.078369 31.347702 -0.356886 48.172256 200.000000 48.172256 0.010444 4.177757 0.934148 -30.212226 200.000000 -30.212226 0.083742 33.496922 -0.173648 33.142187 200.000000 33.142187 0.003073 1.229158 -0.984808 -27.151054 200.000000 -27.151054
 91.400000 0.950915 -0.309453 -0.986487 -0.163842 1.885414 -1.735380 -0.309453 0.950915 -0.163842 -0.986487 0.224989 89.995503 -0.356886 48.172256 200.000000 48.172256 0.028113 11.245023 0.934148 -30.212226 200.000000 -30.212226 0.009617 3.846605 -0.173648 33.142187 200.000000 33.142187 0.000282 0.112745 -0.984808 -27.151054 200.000000 -27.151054
 91.600000 0.964716 -0.263293 -0.984131 -0.177444 1.837230 -1.749185 -0.263293 0.964716 -0.177444 -0.984131 0.875971 350.388434 -0.356886 48.172256 200.000000 48.172256 0.093441 37.376309 0.934148 -30.212226 200.000000 -30.212226 0.001441 0.576475 -0.173648 33.142187 200.000000 33.142187 0.000046 0.018330 -0.984808 -27.151054 200.000000 -27.151054
 91.800000 0.953859 -0.300254 -0.983569 -0.180535 1.875755 -1.752326 -0.300254 0.953859 -0.180535 -0.983569 0.320719 128.287613 -0.356886 48.172256 200.000000 48.172256 0.038854 15.541531 0.934148 -30.212226 200.000000 -30.212226 0.004742 1.897000 -0.173648 33.142187 200.000000 33.142187 0.000154 0.061420 -0.984808 -27.151054 200.000000 -27.151054
 92.000000 0.941547 -0.336882 -0.987080 -0.160227 1.914400 -1.731717 -0.336882 0.941547 -0.160227 -0.987080 0.040017 16.006837 -0.356886 48.172256 200.000000 48.172256 0.005475 2.189828 0.934148 -30.212226 200.000000 -30.212226 0.018013 7.205056 -0.173648 33.142187 200.000000 33.142187 0.000516 0.206558 -0.984808 -27.151054 200.000000 -27.151054
 92.200000 0.967700 -0.252106 -0.985661 -0.168738 1.825652 -1.740345 -0.252106 0.967700 -0.168738 -0.985661 1.097890 439.156034 -0.356886 48.172256 200.000000 48.172256 0.112572 45.028857 0.934148 -30.212226 200.000000 -30.212226 0.002411 0.964455 -0.173648 33.142187 200.000000 33.142187 0.000073 0.029119 -0.984808 -27.151054 200.000000 -27.151054
 92.400000 0.966632 -0.256170 -0.991826 -0.127596 1.829854 -1.698741 -0.256170 0.966632 -0.127596 -0.991826 1.014377 405.750994 -0.356886 48.172256 200.000000 48.172256 0.105520 42.208172 0.934148 -30.212226 200.000000 -30.212226 0.212081 84.832308 -0.173648 33.142187 200.000000 33.142187 0.004926 1.970362 -0.984808 -27.151054 200.000000 -27.151054
 92.600000 0.977526 -0.210817 -0.988495 -0.151252 1.783207 -1.722631 -0.210817 0.977526 -0.151252 -0.988495 2.133626 853.450220 -0.356886 48.172256 200.000000 48.172256 0.188163 75.265041 0.934148 -30.212226 200.000000 -30.212226 0.050158 20.063395 -0.173648 33.142187 200.000000 33.142187 0.001360 0.543897 -0.984808 -27.151054 200.000000 -27.151054
 92.800000 0.975664 -0.219272 -0.983789 -0.179329 1.791865 -1.751101 -0.219272 0.975664 -0.179329 -0.983789 1.893763 757.505091 -0.356886 48.172256 200.000000 48.172256 0.172357 68.942700 0.934148 -30.212226 200.000000 -30.212226 0.003228 1.291052 -0.173648 33.142187 200.000000 33.142187 0.000104 0.041507 -0.984808 -27.151054 200.000000 -27.151054
 93.000000 0.977584 -0.210545 -0.995455 -0.095229 1.782929 -1.666170 -0.210545 0.977584 -0.095229 -0.995455 2.141572 856.628909 -0.356886 48.172256 200.000000 48.172256 0.188671 75.468431 0.934148 -30.212226 200.000000 -30.212226 0.614960 245.983847 -0.173648 33.142187 200.000000 33.142187 0.011337 4.534904 -0.984808 -27.151054 200.000000 -27.151054
 93.200000 0.964514 -0.264032 -0.975539 -0.219826 1.837996 -1.792432 -0.264032 0.964514 -0.219826 -0.975539 0.862200 344.879878 -0.356886 48.172256 200.000000 48.172256 0.092211 36.884229 0.934148 -30.212226 200.000000 -30.212226 0.213236 85.294580 -0.173648 33.142187 200.000000 33.142187 0.008591 3.436271 -0.984808 -27.151054 200.000000 -27.151054
 93.400000 0.948205 -0.317660 -0.987769 -0.155923 1.894057 -1.727358 -0.317660 0.948205 -0.155923 -0.987769 0.153867 61.546958 -0.356886 48.172256 200.000000 48.172256 0.019759 7.903665 0.934148 -30.212226 200.000000 -30.212226 0.031418 12.567109 -0.173648 33.142187 200.000000 33.142187 0.000877 0.350805 -0.984808 -27.151054 200.000000 -27.151054
 93.600000 0.962985 -0.269556 -0.987874 -0.155259 1.843728 -1.726686 -0.269556 0.962985 -0.155259 -0.987874 0.762662 305.064647 -0.356886 48.172256 200.000000 48.172256 0.083157 33.262749 0.934148 -30.212226 200.000000 -30.212226 0.033817 13.526928 -0.173648 33.142187 200.000000 33.142187 0.000940 0.376037 -0.984808 -27.151054 200.000000 -27.151054
 93.800000 0.962135 -0.272572 -0.969147 -0.246483 1.846862 -1.819845 -0.272572 0.962135 -0.246483 -0.969147 0.710887 284.354949 -0.356886 48.172256 200.000000 48.172256 0.078330 31.332015 0.934148 -30.212226 200.000000 -30.212226 0.530484 212.193800 -0.173648 33.142187 200.000000 33.142187 0.024525 9.810078 -0.984808 -27.151054 200.000000 -27.151054
 94.000000 0.977422 -0.211297 -0.995049 -0.099385 1.783698 -1.670345 -0.211297 0.977422 -0.099385 -0.995049 2.119616 847.846457 -0.356886 48.172256 200.000000 48.172256 0.187264 74.905559 0.934148 -30.212226 200.000000 -30.212226 0.551506 220.602556 -0.173648 33.142187 200.000000 33.142187 0.010488 4.195395 -0.984808 -27.151054 200.000000 -27.151054
 94.200000 0.986155 -0.165823 -0.983753 -0.179525 1.737389 -1.751300 -0.165823 0.986155 -0.179525 -0.983753 3.650499 1460.199406 -0.356886 48.172256 200.000000 48.172256 0.270479 108.191605 0.934148 -30.212226 200.000000 -30.212226 0.003454 1.381506 -0.173648 33.142187 200.000000 33.142187 0.000111 0.044466 -0.984808 -27.151054 200.000000 -27.151054
 94.400000 0.921332 -0.388778 -0.986824 -0.161800 1.970101 -1.733311 -0.388778 0.921332 -0.161800 -0.986824 0.101706 40.682481 -0.356886 48.172256 200.000000 48.172256 0.016426 6.570241 0.934148 -30.212226 200.000000 -30.212226 0.014038 5.615353 -0.173648 33.142187 200.000000 33.142187 0.000406 0.162546 -0.984808 -27.151054 200.000000 -27.151054
 94.600000 0.969266 -0.246015 -0.984719 -0.174149 1.819363 -1.745838 -0.246015 0.969266 -0.174149 -0.984719 1.229241 491.696508 -0.356886 48.172256 200.000000 48.172256 0.123328 49.331360 0.934148 -30.212226 200.000000 -30.212226 0.000025 0.010037 -0.173648 33.142187 200.000000 33.142187 0.000001 0.000313 -0.984808 -27.151054 200.000000 -27.151054
 94.800000 0.975337 -0.220719 -0.983133 -0.182892 1.793348 -1.754723 -0.220719 0.975337 -0.182892 -0.983133 1.854139 741.655780 -0.356886 48.172256 200.000000 48.172256 0.169657 67.862939 0.934148 -30.212226 200.000000 -30.212226 0.008544 3.417768 -0.173648 33.142187 200.000000 33.142187 0.000280 0.112185 -0.984808 -27.151054 200.000000 -27.151054
 95.000000 0.948411 -0.317044 -0.990197 -0.139678 1.893407 -1.710932 -0.317044 0.948411 -0.139678 -0.990197 0.158741 63.496543 -0.356886 48.172256 200.000000 48.172256 0.020343 8.137344 0.934148 -30.212226 200.000000 -30.212226 0.115400 46.159969 -0.173648 33.142187 200.000000 33.142187 0.002904 1.161774 -0.984808 -27.151054 200.000000 -27.151054
 95.200000 0.963399 -0.268072 -0.972017 -0.234909 1.842188 -1.807921 -0.268072 0.963399 -0.234909 -0.972017 0.788788 315.515152 -0.356886 48.172256 200.000000 48.172256 0.085561 34.224568 0.934148 -30.212226 200.000000 -30.212226 0.375284 150.113413 -0.173648 33.142187 200.000000 33.142187 0.016359 6.543652 -0.984808 -27.151054 200.000000 -27.151054
 95.400000 0.960233 -0.279198 -0.991268 -0.131864 1.853755 -1.703045 -0.279198 0.960233 -0.131864 -0.991268 0.603542 241.416638 -0.356886 48.172256 200.000000 48.172256 0.068046 27.218364 0.934148 -30.212226 200.000000 -30.212226 0.174595 69.838120 -0.173648 33.142187 200.000000 33.142187 0.004173 1.669326 -0.984808 -27.151054 200.000000 -27.151054
 95.600000 0.956666 -0.291187 -0.981559 -0.191159 1.866263 -1.763139 -0.291187 0.956666 -0.191159 -0.981559 0.431644 172.657550 -0.356886 48.172256 200.000000 48.172256 0.050708 20.283156 0.934148 -30.212226 200.000000 -30.212226 0.030663 12.265181 -0.173648 33.142187 200.000000 33.142187 0.001055 0.422155 -0.984808 -27.151054 200.000000 -27.151054
 95.800000 0.948359 -0.317200 -0.976077 -0.217425 1.893571 -1.789972 -0.317200 0.948359 -0.217425 -0.976077 0.157503 63.001252 -0.356886 48.172256 200.000000 48.172256 0.020195 8.078049 0.934148 -30.212226 200.000000 -30.212226 0.191639 76.655554 -0.173648 33.142187 200.000000 33.142187 0.007622 3.048983 -0.984808 -27.151054 200.000000 -27.151054
 96.000000 0.949011 -0.315243 -0.985717 -0.168408 1.891509 -1.740011 -0.315243 0.949011 -0.168408 -0.985717 0.173415 69.366012 -0.356886 48.172256 200.000000 48.172256 0.022091 8.836464 0.934148 -30.212226 200.000000 -30.212226 0.002746 1.098317 -0.173648 33.142187 200.000000 33.142187 0.000083 0.033095 -0.984808 -27.151054 200.000000 -27.151054
 96.200000 0.955920 -0.293626 -0.970376 -0.241598 1.868814 -1.814809 -0.293626 0.955920 -0.241598 -0.970376 0.400184 160.073463 -0.356886 48.172256 200.000000 48.172256 0.047404 18.961623 0.934148 -30.212226 200.000000 -30.212226 0.461720 184.688198 -0.173648 33.142187 200.000000 33.142187 0.020826 8.330585 -0.984808 -27.151054 200.000000 -27.151054
 96.400000 0.939779 -0.341783 -0.983004 -0.183585 1.919610 -1.755428 -0.341783 0.939779 -0.183585 -0.983004 0.022810 9.124040 -0.356886 48.172256 200.000000 48.172256 0.003171 1.268310 0.934148 -30.212226 200.000000 -30.212226 0.009874 3.949571 -0.173648 33.142187 200.000000 33.142187 0.000325 0.130163 -0.984808 -27.151054 200.000000 -27.151054
 96.600000 0.964690 -0.263389 -0.977988 -0.208662 1.837330 -1.781003 -0.263389 0.964690 -0.208662 -0.977988 0.874179 349.671424 -0.356886 48.172256 200.000000 48.172256 0.093281 37.312378 0.934148 -30.212226 200.000000 -30.212226 0.122600 49.040049 -0.173648 33.142187 200.000000 33.142187 0.004651 1.860517 -0.984808 -27.151054 200.000000 -27.151054
 96.800000 0.954906 -0.296908 -0.993629 -0.112697 1.872249 -1.683733 -0.296908 0.954906 -0.112697 -0.993629 0.359741 143.896579 -0.356886 48.172256 200.000000 48.172256 0.043091 17.236281 0.934148 -30.212226 200.000000 -30.212226 0.371507 148.602982 -0.173648 33.142187 200.000000 33.142187 0.007782 3.112878 -0.984808 -27.151054 200.000000 -27.151054
 97.000000 0.952431 -0.304756 -0.991104 -0.133088 1.880478 -1.704280 -0.304756 0.952431 -0.133088 -0.991104 0.271760 108.704042 -0.356886 48.172256 200.000000 48.172256 0.033426 13.370322 0.934148 -30.212226 200.000000 -30.212226 0.164514 65.805448 -0.173648 33.142187 200.000000 33.142187 0.003965 1.585829 -0.984808 -27.151054 200.000000 -27.151054
 97.200000 0.926120 -0.377228 -0.995300 -0.096842 1.957598 -1.667790 -0.377228 0.926120 -0.096842 -0.995300 0.041380 16.552199 -0.356886 48.172256 200.000000 48.172256 0.006444 2.577700 0.934148 -30.212226 200.000000 -30.212226 0.589924 235.969403 -0.173648 33.142187 200.000000 33.142187 0.011008 4.403319 -0.984808 -27.151054 200.000000 -27.151054
 97.400000 0.943938 -0.330122 -0.993338 -0.115238 1.907229 -1.686291 -0.330122 0.943938 -0.115238 -0.993338 0.071631 28.652581 -0.356886 48.172256 200.000000 48.172256 0.009585 3.834042 0.934148 -30.212226 200.000000 -30.212226 0.341179 136.471536 -0.173648 33.142187 200.000000 33.142187 0.007276 2.910570 -0.984808 -27.151054 200.000000 -27.151054
 97.600000 0.964049 -0.265726 -0.990445 -0.137911 1.839753 -1.709148 -0.265726 0.964049 -0.137911 -0.990445 0.831026 332.410417 -0.356886 48.172256 200.000000 48.172256 0.089406 35.762426 0.934148 -30.212226 200.000000 -30.212226 0.127717 51.086964 -0.173648 33.142187 200.000000 33.142187 0.003177 1.270998 -0.984808 -27.151054 200.000000 -27.151054
 97.800000 0.938801 -0.344460 -0.996572 -0.082725 1.922460 -1.653616 -0.344460 0.938801 -0.082725 -0.996572 0.015442 6.176723 -0.356886 48.172256 200.000000 48.172256 0.002165 0.866105 0.934148 -30.212226 200.000000 -30.212226 0.826696 330.678369 -0.173648 33.142187 200.000000 33.142187 0.013841 5.536261 -0.984808 -27.151054 200.000000 -27.151054
 98.000000 0.937837 -0.347075 -0.978997 -0.203873 1.925246 -1.776109 -0.347075 0.937837 -0.203873 -0.978997 0.009627 3.850663 -0.356886 48.172256 200.000000 48.172256 0.001361 0.544537 0.934148 -30.212226 200.000000 -30.212226 0.091357 36.542686 -0.173648 33.142187 200.000000 33.142187 0.003376 1.350478 -0.984808 -27.151054 200.000000 -27.151054
 98.200000 0.919239 -0.393699 -0.996464 -0.084022 1.975449 -1.654918 -0.393699 0.919239 -0.084022 -0.996464 0.135520 54.207834 -0.356886 48.172256 200.000000 48.172256 0.022226 8.890578 0.934148 -30.212226 200.000000 -30.212226 0.803280 321.312119 -0.173648 33.142187 200.000000 33.142187 0.013587 5.434609 -0.984808 -27.151054 200.000000 -27.151054
 98.400000 0.940921 -0.338627 -0.979502 -0.201436 1.916253 -1.773621 -0.338627 0.940921 -0.201436 -0.979502 0.033341 13.336557 -0.356886 48.172256 200.000000 48.172256 0.004587 1.834931 0.934148 -30.212226 200.000000 -30.212226 0.077219 30.887447 -0.173648 33.142187 200.000000 33.142187 0.002816 1.126213 -0.984808 -27.151054 200.000000 -27.151054
 98.600000 0.953643 -0.300941 -0.983199 -0.182539 1.876475 -1.754365 -0.300941 0.953643 -0.182539 -0.983199 0.312988 125.195065 -0.356886 48.172256 200.000000 48.172256 0.038005 15.202084 0.934148 -30.212226 200.000000 -30.212226 0.007905 3.161982 -0.173648 33.142187 200.000000 33.142187 0.000259 0.103577 -0.984808 -27.151054 200.000000 -27.151054
 98.800000 0.955128 -0.296192 -0.984973 -0.172706 1.871499 -1.744373 -0.296192 0.955128 -0.172706 -0.984973 0.368382 147.352600 -0.356886 48.172256 200.000000 48.172256 0.044019 17.607469 0.934148 -30.212226 200.000000 -30.212226 0.000089 0.035510 -0.173648 33.142187 200.000000 33.142187 0.000003 0.001098 -0.984808 -27.151054 200.000000 -27.151054
 99.000000 0.966914 -0.255103 -0.967297 -0.253646 1.828750 -1.827244 -0.255103 0.966914 -0.253646 -0.967297 1.035989 414.395750 -0.356886 48.172256 200.000000 48.172256 0.107362 42.944729 0.934148 -30.212226 200.000000 -30.212226 0.639967 255.986760 -0.173648 33.142187 200.000000 33.142187 0.030662 12.264939 -0.984808 -27.151054 200.000000 -27.151054
 99.200000 0.934468 -0.356046 -0.992986 -0.118232 1.934830 -1.689306 -0.356046 0.934468 -0.118232 -0.992986 0.000071 0.028215 -0.356886 48.172256 200.000000 48.172256 0.000010 0.004107 0.934148 -30.212226 200.000000 -30.212226 0.307091 122.836287 -0.173648 33.142187 200.000000 33.142187 0.006688 2.675316 -0.984808 -27.151054 200.000000 -27.151054
 99.400000 0.942101 -0.335330 -0.985468 -0.169862 1.912752 -1.741486 -0.335330 0.942101 -0.169862 -0.985468 0.046467 18.586842 -0.356886 48.172256 200.000000 48.172256 0.006325 2.529929 0.934148 -30.212226 200.000000 -30.212226 0.001434 0.573504 -0.173648 33.142187 200.000000 33.142187 0.000044 0.017433 -0.984808 -27.151054 200.000000 -27.151054
 99.600000 0.958383 -0.285486 -0.996629 -0.082043 1.860310 -1.652931 -0.285486 0.958383 -0.082043 -0.996629 0.509795 203.918185 -0.356886 48.172256 200.000000 48.172256 0.058733 23.493297 0.934148 -30.212226 200.000000 -30.212226 0.839154 335.661564 -0.173648 33.142187 200.000000 33.142187 0.013974 5.589490 -0.984808 -27.151054 200.000000 -27.151054
 99.800000 0.977733 -0.209852 -0.985619 -0.168984 1.782220 -1.740595 -0.209852 0.977733 -0.168984 -0.985619 2.161895 864.758038 -0.356886 48.172256 200.000000 48.172256 0.189967 75.986861 0.934148 -30.212226 200.000000 -30.212226 0.002176 0.870308 -0.173648 33.142187 200.000000 33.142187 0.000066 0.026315 -0.984808 -27.151054 200.000000 -27.151054
 100.000000 0.955419 -0.295253 -0.990403 -0.138207 1.870517 -1.709448 -0.295253 0.955419 -0.138207 -0.990403 0.379862 151.944700 -0.356886 48.172256 200.000000 48.172256 0.045246 18.098478 0.934148 -30.212226 200.000000 -30.212226 0.125604 50.241724 -0.173648 33.142187 200.000000 33.142187 0.003131 1.252405 -0.984808 -27.151054 200.000000 -27.151054
