#! FIELDS time sin_phi cos_phi sin_psi cos_psi phi psi cos_phi sin_phi cos_psi sin_psi restraint_phi_cos.bias restraint_phi_cos.force2 restraint_phi_cos.cos_phi_cntr restraint_phi_cos.cos_phi_work restraint_phi_cos.cos_phi_kappa restraint_phi_cos.work restraint_phi_sin.bias restraint_phi_sin.force2 restraint_phi_sin.sin_phi_cntr restraint_phi_sin.sin_phi_work restraint_phi_sin.sin_phi_kappa restraint_phi_sin.work restraint_psi_cos.bias restraint_psi_cos.force2 restraint_psi_cos.cos_psi_cntr restraint_psi_cos.cos_psi_work restraint_psi_cos.cos_psi_kappa restraint_psi_cos.work restraint_psi_sin.bias restraint_psi_sin.force2 restraint_psi_sin.sin_psi_cntr restraint_psi_sin.sin_psi_work restraint_psi_sin.sin_psi_kappa restraint_psi_sin.work
#! SET min_phi -pi
#! SET max_phi pi
#! SET min_psi -pi
#! SET max_psi pi
 0.000000 -0.999983 -0.005782 0.966116 0.258110 -1.576579 1.309731 -0.005782 -0.999983 0.258110 0.966116 0.000000 0.000000 1.000000 0.000000 0.000000 0.000000 0.000000 0.000000 0.000000 0.000000 0.000000 0.000000 0.000000 0.000000 1.000000 0.000000 0.000000 0.000000 0.000000 0.000000 0.000000 0.000000 0.000000 0.000000
 0.200000 -0.992318 0.123711 0.651177 0.758926 -1.446768 0.709134 0.123711 -0.992318 0.758926 0.651177 0.000000 0.000000 1.000000 0.000000 0.000000 0.000000 0.000000 0.000000 0.000000 0.000000 0.000000 0.000000 0.000000 0.000000 1.000000 0.000000 0.000000 0.000000 0.000000 0.000000 0.000000 0.000000 0.000000 0.000000
 0.400000 -0.961266 0.275622 0.530288 0.847817 -1.291559 0.558941 0.275622 -0.961266 0.847817 0.530288 0.000000 0.000000 1.000000 0.000000 0.000000 0.000000 0.000000 0.000000 0.000000 0.000000 0.000000 0.000000 0.000000 0.000000 1.000000 0.000000 0.000000 0.000000 0.000000 0.000000 0.000000 0.000000 0.000000 0.000000
 0.600000 -0.964668 0.263470 0.974191 0.225724 -1.304179 1.343111 0.263470 -0.964668 0.225724 0.974191 0.000000 0.000000 1.000000 0.000000 0.000000 0.000000 0.000000 0.000000 0.000000 0.000000 0.000000 0.000000 0.000000 0.000000 1.000000 0.000000 0.000000 0.000000 0.000000 0.000000 0.000000 0.000000 0.000000 0.000000
 0.800000 -0.999801 0.019934 0.982355 0.187025 -1.550861 1.382663 0.019934 -0.999801 0.187025 0.982355 0.000000 0.000000 1.000000 0.000000 0.000000 0.000000 0.000000 0.000000 0.000000 0.000000 0.000000 0.000000 0.000000 0.000000 1.000000 0.000000 0.000000 0.000000 0.000000 0.000000 0.000000 0.000000 0.000000 0.000000
 1.000000 -0.999595 0.028448 0.659832 0.751413 -1.542345 0.720595 0.028448 -0.999595 0.751413 0.659832 0.000000 0.000000 1.000000 0.000000 0.000000 0.000000 0.000000 0.000000 0.000000 0.000000 0.000000 0.000000 0.000000 0.000000 1.000000 0.000000 0.000000 0.000000 0.000000 0.000000 0.000000 0.000000 0.000000 0.000000
 1.200000 -0.523337 0.852126 -0.267996 0.963420 -0.550763 -0.271313 0.852126 -0.523337 0.963420 -0.267996 0.218668 8.746724 1.000000 4.924676 20.000000 4.924676 2.738818 109.552721 0.000000 7.202907 20.000000 7.202907 0.013381 0.535240 1.000000 0.201922 20.000000 0.201922 0.718220 28.728808 0.000000 1.668522 20.000000 1.668522
 1.400000 0.151769 0.988416 0.008803 0.999961 0.152358 0.008803 0.988416 0.151769 0.999961 0.008803 0.002684 0.214702 1.000000 4.977587 40.000000 4.977587 0.460675 36.854037 0.000000 8.361116 40.000000 8.361116 0.000000 0.000002 1.000000 0.226016 40.000000 0.226016 0.001550 0.123992 0.000000 2.416413 40.000000 2.416413
 1.600000 0.303346 0.952881 -0.214685 0.976683 0.308202 -0.216370 0.952881 0.303346 0.976683 -0.214685 0.066607 7.992877 1.000000 4.988918 60.000000 4.988918 2.760560 331.267251 0.000000 8.907892 60.000000 8.907892 0.016310 1.957213 1.000000 0.229927 60.000000 0.229927 1.382694 165.923319 0.000000 2.705398 60.000000 2.705398
 1.800000 -0.090985 0.995852 0.066053 0.997816 -0.091111 0.066101 0.995852 -0.090985 0.997816 0.066053 0.000688 0.110102 1.000000 4.992377 80.000000 4.992377 0.331127 52.980383 0.000000 9.205546 80.000000 9.205546 0.000191 0.030524 1.000000 0.230389 80.000000 0.230389 0.174520 27.923144 0.000000 2.779924 80.000000 2.779924
 2.000000 -0.266080 0.963951 0.072661 0.997357 -0.269324 0.072725 0.963951 -0.266080 0.997357 0.072661 0.064976 12.995266 1.000000 4.993496 100.000000 4.993496 3.539918 707.983673 0.000000 9.347121 100.000000 9.347121 0.000349 0.069869 1.000000 0.231416 100.000000 0.231416 0.263978 52.795693 0.000000 2.907307 100.000000 2.907307
 2.200000 -0.080140 0.996784 -0.154553 0.987984 -0.080226 -0.155175 0.996784 -0.080140 0.987984 -0.154553 0.000621 0.148970 1.000000 4.994917 120.000000 4.994917 0.385345 92.482909 0.000000 9.475784 120.000000 9.475784 0.008662 2.078966 1.000000 0.231836 120.000000 0.231836 1.433200 343.967953 0.000000 2.993694 120.000000 2.993694
 2.400000 0.044667 0.999002 -0.093595 0.995610 0.044682 -0.093732 0.999002 0.044667 0.995610 -0.093595 0.000070 0.019524 1.000000 4.998059 140.000000 4.998059 0.139660 39.104719 0.000000 9.672366 140.000000 9.672366 0.001349 0.377668 1.000000 0.232655 140.000000 0.232655 0.613198 171.695451 0.000000 3.117438 140.000000 3.117438
 2.600000 -0.113503 0.993538 0.000918 1.000000 -0.113748 0.000918 0.993538 -0.113503 1.000000 0.000918 0.003341 1.069103 1.000000 4.998217 160.000000 4.998217 1.030634 329.802753 0.000000 9.722387 160.000000 9.722387 0.000000 0.000000 1.000000 0.232813 160.000000 0.232813 0.000067 0.021563 0.000000 3.169724 160.000000 3.169724
 2.800000 -0.009796 0.999952 -0.037832 0.999284 -0.009797 -0.037841 0.999952 -0.009796 0.999284 -0.037832 0.000000 0.000075 1.000000 4.998378 180.000000 4.998378 0.008637 3.109428 0.000000 9.775342 180.000000 9.775342 0.000046 0.016606 1.000000 0.232985 180.000000 0.232985 0.128816 46.373937 0.000000 3.222536 180.000000 3.222536
 3.000000 0.072890 0.997340 -0.073600 0.997288 0.072954 -0.073666 0.997340 0.072890 0.997288 -0.073600 0.000708 0.283021 1.000000 4.998579 200.000000 4.998579 0.531289 212.515740 0.000000 9.831728 200.000000 9.831728 0.000736 0.294226 1.000000 0.233078 200.000000 0.233078 0.541691 216.676285 0.000000 3.259799 200.000000 3.259799
 3.200000 -0.046787 0.998905 -0.012291 0.999924 -0.046804 -0.012291 0.998905 -0.046787 0.999924 -0.012291 0.472977 189.190621 0.930132 5.449699 200.000000 5.449699 0.111029 44.411547 -0.013466 9.837323 200.000000 9.837323 0.451345 180.538149 0.932742 0.660928 200.000000 0.660928 0.194881 77.952474 -0.056436 3.318740 200.000000 3.318740
 3.400000 -0.008206 0.999966 -0.041457 0.999140 -0.008206 -0.041469 0.999966 -0.008206 0.999140 -0.041457 1.951697 780.678697 0.860263 6.858797 200.000000 6.858797 0.035068 14.027233 -0.026932 9.703585 200.000000 9.703585 1.786388 714.555356 0.865484 1.926983 200.000000 1.926983 0.510010 204.004045 -0.112872 3.094256 200.000000 3.094256
 3.600000 0.080874 0.996724 -0.149107 0.988821 0.080962 -0.149665 0.996724 0.080874 0.988821 -0.149107 4.257189 1702.875791 0.790395 9.292281 200.000000 9.292281 1.470682 588.272649 -0.040398 9.795624 200.000000 9.795624 3.632620 1453.048042 0.798227 3.920493 200.000000 3.920493 0.040806 16.322488 -0.169308 2.564516 200.000000 2.564516
 3.800000 -0.024174 0.999708 -0.264773 0.964311 -0.024176 -0.267969 0.999708 -0.024174 0.964311 -0.264773 7.794225 3117.689978 0.720526 12.636695 200.000000 12.636695 0.088153 35.261319 -0.053864 9.765990 200.000000 9.765990 5.444836 2177.934565 0.730969 6.584814 200.000000 6.584814 0.152331 60.932392 -0.225744 1.940929 200.000000 1.940929
 4.000000 -0.079162 0.996862 -0.447619 0.894224 -0.079245 -0.464101 0.996862 -0.079162 0.894224 -0.447619 11.985707 4794.282824 0.650658 16.853878 200.000000 16.853878 0.013999 5.599491 -0.067330 9.530267 200.000000 9.530267 5.313633 2125.453048 0.663711 9.812417 200.000000 9.812417 2.737015 1094.806052 -0.282180 0.992515 200.000000 0.992515
 4.200000 -0.159152 0.987254 -0.564151 0.825671 -0.159831 -0.599405 0.987254 -0.159152 0.825671 -0.564151 16.521345 6608.537978 0.580790 22.146305 200.000000 22.146305 0.613957 245.582939 -0.080796 9.488377 200.000000 9.488377 5.254089 2101.635693 0.596453 13.374682 200.000000 13.374682 5.086629 2034.651743 -0.338616 -0.494566 200.000000 -0.494566
 4.400000 -0.346224 0.938152 -0.621679 0.783272 -0.353543 -0.670884 0.938152 -0.346224 0.783272 -0.621679 18.252616 7301.046536 0.510921 28.230943 200.000000 28.230943 6.348459 2539.383658 -0.094262 9.264728 200.000000 9.264728 6.455508 2582.203325 0.529196 17.046700 200.000000 17.046700 5.135967 2054.386625 -0.395052 -2.503130 200.000000 -2.503130
 4.600000 -0.312318 0.949978 -0.758931 0.651171 -0.317632 -0.861670 0.949978 -0.312318 0.651171 -0.758931 25.900465 10360.185858 0.441053 34.809613 200.000000 34.809613 4.185678 1674.271189 -0.107728 8.691583 200.000000 8.691583 3.580928 1432.371097 0.461938 20.588477 200.000000 20.588477 9.452125 3780.849982 -0.451488 -5.038161 200.000000 -5.038161
 4.800000 -0.409985 0.912092 -0.767819 0.640666 -0.422438 -0.875430 0.912092 -0.409985 0.640666 -0.767819 29.258127 11703.250663 0.371184 42.618105 200.000000 42.618105 8.340018 3336.007240 -0.121194 8.345791 200.000000 8.345791 6.050933 2420.373120 0.394680 23.918129 200.000000 23.918129 6.754569 2701.827573 -0.507924 -7.913782 200.000000 -7.913782
 5.000000 -0.572439 0.819947 -0.853478 0.521129 -0.609477 -1.022623 0.819947 -0.572439 0.521129 -0.853478 26.897858 10759.143139 0.301316 50.564063 200.000000 50.564063 19.165005 7666.002045 -0.134660 7.602597 200.000000 7.602597 3.752240 1500.895821 0.327422 26.992080 200.000000 26.992080 8.358924 3343.569597 -0.564360 -10.956841 200.000000 -10.956841
 5.200000 -0.449270 0.893396 -0.931589 0.363513 -0.465948 -1.198761 0.893396 -0.449270 0.363513 -0.931589 43.817563 17527.025117 0.231448 58.856017 200.000000 58.856017 9.068764 3627.505404 -0.148126 6.619950 200.000000 6.619950 1.068086 427.234502 0.260164 29.827693 200.000000 29.827693 9.659261 3863.704290 -0.620796 -13.992838 200.000000 -13.992838
 5.400000 -0.576692 0.816962 -0.928624 0.371022 -0.614673 -1.190687 0.816962 -0.576692 0.371022 -0.928624 42.952662 17181.064987 0.161579 67.382738 200.000000 67.382738 17.230733 6892.293106 -0.161592 5.461619 200.000000 5.461619 3.172514 1269.005513 0.192907 31.859160 200.000000 31.859160 6.319809 2527.923496 -0.677232 -17.107253 200.000000 -17.107253
 5.600000 -0.953604 0.301063 -0.987869 0.155286 -1.264989 -1.414879 0.301063 -0.953604 0.155286 -0.987869 4.382829 1753.131599 0.091711 72.682628 200.000000 72.682628 60.613372 24245.348960 -0.175058 3.677149 200.000000 3.677149 0.087839 35.135408 0.125649 33.628208 200.000000 33.628208 6.461856 2584.742446 -0.733668 -19.913786 200.000000 -19.913786
 5.800000 -0.952407 0.304829 -0.972985 0.230870 -1.261038 -1.337825 0.304829 -0.952407 0.230870 -0.972985 8.008139 3203.255619 0.021842 75.131311 200.000000 75.131311 58.351677 23340.670784 -0.188524 1.557904 200.000000 1.557904 2.974882 1189.952753 0.058391 34.239170 200.000000 34.239170 3.344548 1337.819254 -0.790104 -22.467844 200.000000 -22.467844
 6.000000 -0.893398 -0.449267 -0.998505 0.054666 -2.036741 -1.516103 -0.449267 -0.893398 0.054666 -0.998505 16.099405 6439.762019 -0.048026 75.023851 200.000000 75.023851 47.804396 19121.758310 -0.201990 -0.532272 200.000000 -0.532272 0.403641 161.456339 -0.008867 34.653423 200.000000 34.653423 2.309338 923.735356 -0.846540 -24.447213 200.000000 -24.447213
 6.200000 -0.947313 -0.320309 -0.996069 -0.088583 -1.896852 -1.659496 -0.320309 -0.947313 -0.088583 -0.996069 4.097168 1638.867196 -0.117894 69.246178 200.000000 69.246178 53.561408 21424.563098 -0.215456 -2.287603 200.000000 -2.287603 0.015522 6.208863 -0.076124 34.561083 200.000000 34.561083 0.866634 346.653689 -0.902976 -25.820470 200.000000 -25.820470
 6.400000 -0.729796 -0.683665 -0.992536 -0.121948 -2.323569 -1.693049 -0.683665 -0.729796 -0.121948 -0.992536 24.591850 9836.740061 -0.187763 63.079470 200.000000 63.079470 25.087462 10034.984919 -0.228923 -3.811237 200.000000 -3.811237 0.045941 18.376251 -0.143382 34.642342 200.000000 34.642342 0.109726 43.890295 -0.959412 -26.518494 200.000000 -26.518494
 6.600000 -0.630869 -0.775889 -0.987003 -0.160703 -2.458920 -1.732199 -0.775889 -0.630869 -0.160703 -0.987003 26.859126 10743.650223 -0.257631 56.328582 200.000000 56.328582 15.091724 6036.689744 -0.242389 -5.072294 200.000000 -5.072294 0.016757 6.702946 -0.173648 34.297696 200.000000 34.297696 0.000482 0.192727 -0.984808 -26.530659 200.000000 -26.530659
 6.800000 -0.534063 -0.845445 -0.988139 -0.153564 -2.578193 -1.724971 -0.845445 -0.534063 -0.153564 -0.988139 26.826689 10730.675762 -0.327500 49.634854 200.000000 49.634854 7.740005 3096.001853 -0.255855 -6.106092 200.000000 -6.106092 0.040337 16.134622 -0.173648 34.297696 200.000000 34.297696 0.001110 0.443800 -0.984808 -26.530659 200.000000 -26.530659
 7.000000 -0.443173 -0.896436 -0.976776 -0.214263 -2.682458 -1.786733 -0.896436 -0.443173 -0.214263 -0.976776 24.906901 9962.760526 -0.397368 43.394861 200.000000 43.394861 3.022458 1208.983012 -0.269321 -6.959694 200.000000 -6.959694 0.164955 65.982103 -0.173648 34.297696 200.000000 34.297696 0.006451 2.580339 -0.984808 -26.530659 200.000000 -26.530659
 7.200000 -0.549896 -0.835233 -0.982447 -0.186544 -2.559352 -1.758440 -0.835233 -0.549896 -0.186544 -0.982447 13.542132 5416.852637 -0.467236 37.712598 200.000000 37.712598 7.134766 2853.906256 -0.282787 -7.670794 200.000000 -7.670794 0.016631 6.652273 -0.173648 34.297696 200.000000 34.297696 0.000558 0.223007 -0.984808 -26.530659 200.000000 -26.530659
 7.400000 -0.542331 -0.840165 -0.969447 -0.245300 -2.568383 -1.818625 -0.840165 -0.542331 -0.245300 -0.969447 9.184533 3673.813269 -0.537105 32.579505 200.000000 32.579505 6.055461 2422.184430 -0.296253 -8.218803 200.000000 -8.218803 0.513392 205.356962 -0.173648 34.297696 200.000000 34.297696 0.023594 9.437711 -0.984808 -26.530659 200.000000 -26.530659
 7.600000 -0.515222 -0.857057 -0.990726 -0.135878 -2.600326 -1.707096 -0.857057 -0.515222 -0.135878 -0.990726 6.254169 2501.667472 -0.606973 28.326529 200.000000 28.326529 4.223169 1689.267410 -0.309719 -8.690937 200.000000 -8.690937 0.142660 57.063951 -0.173648 34.297696 200.000000 34.297696 0.003502 1.400836 -0.984808 -26.530659 200.000000 -26.530659
 7.800000 -0.422188 -0.906508 -0.990420 -0.138087 -2.705735 -1.709325 -0.906508 -0.422188 -0.138087 -0.990420 5.274675 2109.870056 -0.676842 24.819065 200.000000 24.819065 0.980165 392.065906 -0.323185 -9.034342 200.000000 -9.034342 0.126463 50.585317 -0.173648 34.297696 200.000000 34.297696 0.003150 1.259970 -0.984808 -26.530659 200.000000 -26.530659
 8.000000 -0.444748 -0.895656 -0.980564 -0.196201 -2.680699 -1.768278 -0.895656 -0.444748 -0.196201 -0.980564 2.218477 887.390712 -0.746710 22.268392 200.000000 22.268392 1.168507 467.402889 -0.336651 -9.345677 200.000000 -9.345677 0.050862 20.344982 -0.173648 34.297696 200.000000 34.297696 0.001801 0.720472 -0.984808 -26.530659 200.000000 -26.530659
 8.200000 -0.424183 -0.905576 -0.973712 -0.227783 -2.703533 -1.800597 -0.905576 -0.424183 -0.227783 -0.973712 0.792062 316.824791 -0.816578 20.362084 200.000000 20.362084 0.548585 219.433817 -0.350117 -9.476136 200.000000 -9.476136 0.293062 117.224826 -0.173648 34.297696 200.000000 34.297696 0.012312 4.924780 -0.984808 -26.530659 200.000000 -26.530659
 8.400000 -0.438060 -0.898946 -0.977967 -0.208760 -2.688153 -1.781104 -0.898946 -0.438060 -0.208760 -0.977967 0.015622 6.248655 -0.886447 19.506892 200.000000 19.506892 0.554691 221.876233 -0.363583 -9.601246 200.000000 -9.601246 0.123287 49.314872 -0.173648 34.297696 200.000000 34.297696 0.004680 1.871942 -0.984808 -26.530659 200.000000 -26.530659
 8.600000 -0.365654 -0.930751 -0.990489 -0.137595 -2.767257 -1.708830 -0.930751 -0.365654 -0.137595 -0.990489 0.000568 0.227140 -0.928368 19.441805 200.000000 19.441805 0.003610 1.444108 -0.371662 -9.650400 200.000000 -9.650400 0.129980 51.992036 -0.173648 34.297696 200.000000 34.297696 0.003227 1.290842 -0.984808 -26.530659 200.000000 -26.530659
 8.800000 -0.379153 -0.925334 -0.989270 -0.146097 -2.752712 -1.717418 -0.925334 -0.379153 -0.146097 -0.989270 0.000920 0.368179 -0.928368 19.441805 200.000000 19.441805 0.005611 2.244259 -0.371662 -9.650400 200.000000 -9.650400 0.075908 30.363361 -0.173648 34.297696 200.000000 34.297696 0.001991 0.796578 -0.984808 -26.530659 200.000000 -26.530659
 9.000000 -0.354374 -0.935104 -0.981173 -0.193130 -2.779348 -1.765148 -0.935104 -0.354374 -0.193130 -0.981173 0.004537 1.814804 -0.928368 19.441805 200.000000 19.441805 0.029888 11.955235 -0.371662 -9.650400 200.000000 -9.650400 0.037955 15.181955 -0.173648 34.297696 200.000000 34.297696 0.001321 0.528417 -0.984808 -26.530659 200.000000 -26.530659
 9.200000 -0.439834 -0.898079 -0.977766 -0.209700 -2.686179 -1.782064 -0.898079 -0.439834 -0.209700 -0.977766 0.091742 36.696793 -0.928368 19.441805 200.000000 19.441805 0.464739 185.895448 -0.371662 -9.650400 200.000000 -9.650400 0.129971 51.988251 -0.173648 34.297696 200.000000 34.297696 0.004959 1.983532 -0.984808 -26.530659 200.000000 -26.530659
 9.400000 -0.443234 -0.896406 -0.982416 -0.186703 -2.682390 -1.758601 -0.896406 -0.443234 -0.186703 -0.982416 0.102155 40.862123 -0.928368 19.441805 200.000000 19.441805 0.512242 204.896631 -0.371662 -9.650400 200.000000 -9.650400 0.017042 6.816691 -0.173648 34.297696 200.000000 34.297696 0.000572 0.228727 -0.984808 -26.530659 200.000000 -26.530659
 9.600000 -0.356259 -0.934387 -0.987464 -0.157844 -2.777331 -1.729304 -0.934387 -0.356259 -0.157844 -0.987464 0.003623 1.449278 -0.928368 19.441805 200.000000 19.441805 0.023727 9.490613 -0.371662 -9.650400 200.000000 -9.650400 0.024976 9.990310 -0.173648 34.297696 200.000000 34.297696 0.000706 0.282224 -0.984808 -26.530659 200.000000 -26.530659
 9.800000 -0.389076 -0.921206 -0.972906 -0.231199 -2.741965 -1.804106 -0.921206 -0.389076 -0.231199 -0.972906 0.005130 2.051852 -0.928368 19.441805 200.000000 19.441805 0.030322 12.128832 -0.371662 -9.650400 200.000000 -9.650400 0.331209 132.483746 -0.173648 34.297696 200.000000 34.297696 0.014164 5.665603 -0.984808 -26.530659 200.000000 -26.530659
 10.000000 -0.403383 -0.915031 -0.977285 -0.211928 -2.726382 -1.784344 -0.915031 -0.403383 -0.211928 -0.977285 0.017786 7.114484 -0.928368 19.441805 200.000000 19.441805 0.100616 40.246534 -0.371662 -9.650400 200.000000 -9.650400 0.146538 58.615051 -0.173648 34.297696 200.000000 34.297696 0.005659 2.263556 -0.984808 -26.530659 200.000000 -26.530659
 10.200000 -0.509567 -0.860431 -0.984696 -0.174278 -2.606912 -1.745969 -0.860431 -0.509567 -0.174278 -0.984696 0.461540 184.616085 -0.928368 19.441805 200.000000 19.441805 1.901757 760.702781 -0.371662 -9.650400 200.000000 -9.650400 0.000040 0.015887 -0.173648 34.297696 200.000000 34.297696 0.000001 0.000496 -0.984808 -26.530659 200.000000 -26.530659
 10.400000 -0.410042 -0.912067 -0.958841 -0.283943 -2.719093 -1.858700 -0.912067 -0.410042 -0.283943 -0.958841 0.026573 10.629022 -0.928368 19.441805 200.000000 19.441805 0.147296 58.918201 -0.371662 -9.650400 200.000000 -9.650400 1.216485 486.594103 -0.173648 34.297696 200.000000 34.297696 0.067426 26.970290 -0.984808 -26.530659 200.000000 -26.530659
 10.600000 -0.463940 -0.885866 -0.974456 -0.224580 -2.659155 -1.797308 -0.885866 -0.463940 -0.224580 -0.974456 0.180637 72.254890 -0.928368 19.441805 200.000000 19.441805 0.851519 340.607634 -0.371662 -9.650400 200.000000 -9.650400 0.259405 103.762091 -0.173648 34.297696 200.000000 34.297696 0.010717 4.286641 -0.984808 -26.530659 200.000000 -26.530659
 10.800000 -0.430682 -0.902504 -0.988866 -0.148806 -2.696344 -1.720157 -0.902504 -0.430682 -0.148806 -0.988866 0.066897 26.758675 -0.928368 19.441805 200.000000 19.441805 0.348336 139.334332 -0.371662 -9.650400 200.000000 -9.650400 0.061713 24.685129 -0.173648 34.297696 200.000000 34.297696 0.001647 0.658902 -0.984808 -26.530659 200.000000 -26.530659
 11.000000 -0.486636 -0.873605 -0.975223 -0.221226 -2.633357 -1.793867 -0.873605 -0.486636 -0.221226 -0.975223 0.299902 119.960936 -0.928368 19.441805 200.000000 19.441805 1.321901 528.760589 -0.371662 -9.650400 200.000000 -9.650400 0.226361 90.544461 -0.173648 34.297696 200.000000 34.297696 0.009187 3.674962 -0.984808 -26.530659 200.000000 -26.530659
 11.200000 -0.382572 -0.923926 -0.947342 -0.320225 -2.749014 -1.896763 -0.923926 -0.382572 -0.320225 -0.947342 0.001973 0.789311 -0.928368 19.441805 200.000000 19.441805 0.011901 4.760531 -0.371662 -9.650400 200.000000 -9.650400 2.148462 859.384915 -0.173648 34.297696 200.000000 34.297696 0.140371 56.148264 -0.984808 -26.530659 200.000000 -26.530659
 11.400000 -0.450501 -0.892776 -0.967797 -0.251733 -2.674267 -1.825266 -0.892776 -0.450501 -0.251733 -0.967797 0.126678 50.671208 -0.928368 19.441805 200.000000 19.441805 0.621547 248.618717 -0.371662 -9.650400 200.000000 -9.650400 0.609718 243.887362 -0.173648 34.297696 200.000000 34.297696 0.028937 11.574880 -0.984808 -26.530659 200.000000 -26.530659
 11.600000 -0.415276 -0.909696 -0.983653 -0.180075 -2.713347 -1.751859 -0.909696 -0.415276 -0.180075 -0.983653 0.034866 13.946243 -0.928368 19.441805 200.000000 19.441805 0.190212 76.084650 -0.371662 -9.650400 200.000000 -9.650400 0.004131 1.652312 -0.173648 34.297696 200.000000 34.297696 0.000133 0.053354 -0.984808 -26.530659 200.000000 -26.530659
 11.800000 -0.426552 -0.904463 -0.988382 -0.151990 -2.700915 -1.723378 -0.904463 -0.426552 -0.151990 -0.988382 0.057144 22.857796 -0.928368 19.441805 200.000000 19.441805 0.301287 120.514677 -0.371662 -9.650400 200.000000 -9.650400 0.046908 18.763108 -0.173648 34.297696 200.000000 34.297696 0.001278 0.511020 -0.984808 -26.530659 200.000000 -26.530659
 12.000000 -0.329485 -0.944161 -0.971467 -0.237176 -2.805834 -1.810254 -0.944161 -0.329485 -0.237176 -0.971467 0.024941 9.976384 -0.928368 19.441805 200.000000 19.441805 0.177890 71.155871 -0.371662 -9.650400 200.000000 -9.650400 0.403575 161.430106 -0.173648 34.297696 200.000000 34.297696 0.017798 7.119285 -0.984808 -26.530659 200.000000 -26.530659
 12.200000 -0.402098 -0.915597 -0.974534 -0.224238 -2.727785 -1.796958 -0.915597 -0.402098 -0.224238 -0.974534 0.016311 6.524290 -0.928368 19.441805 200.000000 19.441805 0.092633 37.053155 -0.371662 -9.650400 200.000000 -9.650400 0.255937 102.374967 -0.173648 34.297696 200.000000 34.297696 0.010554 4.221744 -0.984808 -26.530659 200.000000 -26.530659
 12.400000 -0.477418 -0.878677 -0.983718 -0.179718 -2.643879 -1.751496 -0.878677 -0.477418 -0.179718 -0.983718 0.246923 98.769345 -0.928368 19.441805 200.000000 19.441805 1.118414 447.365641 -0.371662 -9.650400 200.000000 -9.650400 0.003684 1.473520 -0.173648 34.297696 200.000000 34.297696 0.000119 0.047481 -0.984808 -26.530659 200.000000 -26.530659
 12.600000 -0.399168 -0.916878 -0.977252 -0.212081 -2.730984 -1.784500 -0.916878 -0.399168 -0.212081 -0.977252 0.013202 5.280744 -0.928368 19.441805 200.000000 19.441805 0.075653 30.261217 -0.371662 -9.650400 200.000000 -9.650400 0.147709 59.083628 -0.173648 34.297696 200.000000 34.297696 0.005709 2.283536 -0.984808 -26.530659 200.000000 -26.530659
 12.800000 -0.373400 -0.927670 -0.990851 -0.134963 -2.758921 -1.706172 -0.927670 -0.373400 -0.134963 -0.990851 0.000049 0.019469 -0.928368 19.441805 200.000000 19.441805 0.000302 0.120820 -0.371662 -9.650400 200.000000 -9.650400 0.149656 59.862265 -0.173648 34.297696 200.000000 34.297696 0.003652 1.460670 -0.984808 -26.530659 200.000000 -26.530659
 13.000000 -0.352442 -0.935834 -0.984507 -0.175343 -2.781414 -1.747050 -0.935834 -0.352442 -0.175343 -0.984507 0.005574 2.229516 -0.928368 19.441805 200.000000 19.441805 0.036943 14.777266 -0.371662 -9.650400 200.000000 -9.650400 0.000287 0.114881 -0.173648 34.297696 200.000000 34.297696 0.000009 0.003608 -0.984808 -26.530659 200.000000 -26.530659
 13.200000 -0.418951 -0.908009 -0.993928 -0.110034 -2.709303 -1.681053 -0.908009 -0.418951 -0.110034 -0.993928 0.041449 16.579781 -0.928368 19.441805 200.000000 19.441805 0.223622 89.448658 -0.371662 -9.650400 200.000000 -9.650400 0.404681 161.872337 -0.173648 34.297696 200.000000 34.297696 0.008318 3.327056 -0.984808 -26.530659 200.000000 -26.530659
 13.400000 -0.371826 -0.928302 -0.959633 -0.281256 -2.760617 -1.855899 -0.928302 -0.371826 -0.281256 -0.959633 0.000000 0.000172 -0.928368 19.441805 200.000000 19.441805 0.000003 0.001074 -0.371662 -9.650400 200.000000 -9.650400 1.157950 463.180148 -0.173648 34.297696 200.000000 34.297696 0.063378 25.351346 -0.984808 -26.530659 200.000000 -26.530659
 13.600000 -0.451060 -0.892493 -0.982553 -0.185980 -2.673640 -1.757866 -0.892493 -0.451060 -0.185980 -0.982553 0.128698 51.479244 -0.928368 19.441805 200.000000 19.441805 0.630404 252.161490 -0.371662 -9.650400 200.000000 -9.650400 0.015209 6.083446 -0.173648 34.297696 200.000000 34.297696 0.000508 0.203278 -0.984808 -26.530659 200.000000 -26.530659
 13.800000 -0.362077 -0.932148 -0.985913 -0.167259 -2.771097 -1.738846 -0.932148 -0.362077 -0.167259 -0.985913 0.001429 0.571558 -0.928368 19.441805 200.000000 19.441805 0.009187 3.674875 -0.371662 -9.650400 200.000000 -9.650400 0.004082 1.632619 -0.173648 34.297696 200.000000 34.297696 0.000122 0.048855 -0.984808 -26.530659 200.000000 -26.530659
 14.000000 -0.357052 -0.934084 -0.973624 -0.228157 -2.776482 -1.800981 -0.934084 -0.357052 -0.228157 -0.973624 0.003268 1.307084 -0.928368 19.441805 200.000000 19.441805 0.021345 8.538046 -0.371662 -9.650400 200.000000 -9.650400 0.297126 118.850395 -0.173648 34.297696 200.000000 34.297696 0.012507 5.002829 -0.984808 -26.530659 200.000000 -26.530659
 14.200000 -0.369089 -0.929394 -0.966852 -0.255338 -2.763564 -1.828993 -0.929394 -0.369089 -0.255338 -0.966852 0.000105 0.042126 -0.928368 19.441805 200.000000 19.441805 0.000662 0.264964 -0.371662 -9.650400 200.000000 -9.650400 0.667316 266.926284 -0.173648 34.297696 200.000000 34.297696 0.032241 12.896411 -0.984808 -26.530659 200.000000 -26.530659
 14.400000 -0.424336 -0.905505 -0.975151 -0.221542 -2.703364 -1.794192 -0.905505 -0.424336 -0.221542 -0.975151 0.052272 20.908937 -0.928368 19.441805 200.000000 19.441805 0.277451 110.980283 -0.371662 -9.650400 200.000000 -9.650400 0.229386 91.754413 -0.173648 34.297696 200.000000 34.297696 0.009326 3.730323 -0.984808 -26.530659 200.000000 -26.530659
 14.600000 -0.404162 -0.914688 -0.962400 -0.271635 -2.725530 -1.845888 -0.914688 -0.404162 -0.271635 -0.962400 0.018715 7.486122 -0.928368 19.441805 200.000000 19.441805 0.105620 42.248093 -0.371662 -9.650400 200.000000 -9.650400 0.960145 384.057861 -0.173648 34.297696 200.000000 34.297696 0.050209 20.083750 -0.984808 -26.530659 200.000000 -26.530659
 14.800000 -0.359225 -0.933251 -0.992342 -0.123524 -2.774155 -1.694636 -0.933251 -0.359225 -0.123524 -0.992342 0.002384 0.953700 -0.928368 19.441805 200.000000 19.441805 0.015468 6.187162 -0.371662 -9.650400 200.000000 -9.650400 0.251246 100.498389 -0.173648 34.297696 200.000000 34.297696 0.005676 2.270365 -0.984808 -26.530659 200.000000 -26.530659
 15.000000 -0.379427 -0.925222 -0.987414 -0.158155 -2.752416 -1.729618 -0.925222 -0.379427 -0.158155 -0.987414 0.000990 0.395936 -0.928368 19.441805 200.000000 19.441805 0.006028 2.411397 -0.371662 -9.650400 200.000000 -9.650400 0.024004 9.601755 -0.173648 34.297696 200.000000 34.297696 0.000679 0.271769 -0.984808 -26.530659 200.000000 -26.530659
 15.200000 -0.391198 -0.920306 -0.990526 -0.137327 -2.739659 -1.708559 -0.920306 -0.391198 -0.137327 -0.990526 0.006499 2.599489 -0.928368 19.441805 200.000000 19.441805 0.038164 15.265761 -0.371662 -9.650400 200.000000 -9.650400 0.131922 52.768826 -0.173648 34.297696 200.000000 34.297696 0.003270 1.307821 -0.984808 -26.530659 200.000000 -26.530659
 15.400000 -0.368413 -0.929662 -0.991116 -0.133003 -2.764291 -1.704194 -0.929662 -0.368413 -0.133003 -0.991116 0.000168 0.067001 -0.928368 19.441805 200.000000 19.441805 0.001056 0.422313 -0.371662 -9.650400 200.000000 -9.650400 0.165206 66.082271 -0.173648 34.297696 200.000000 34.297696 0.003979 1.591597 -0.984808 -26.530659 200.000000 -26.530659
 15.600000 -0.393697 -0.919240 -0.972900 -0.231224 -2.736942 -1.804132 -0.919240 -0.393697 -0.231224 -0.972900 0.008332 3.332722 -0.928368 19.441805 200.000000 19.441805 0.048554 19.421702 -0.371662 -9.650400 200.000000 -9.650400 0.331501 132.600212 -0.173648 34.297696 200.000000 34.297696 0.014178 5.671327 -0.984808 -26.530659 200.000000 -26.530659
 15.800000 -0.420046 -0.907503 -0.986186 -0.165639 -2.708096 -1.737202 -0.907503 -0.420046 -0.165639 -0.986186 0.043536 17.414311 -0.928368 19.441805 200.000000 19.441805 0.234099 93.639617 -0.371662 -9.650400 200.000000 -9.650400 0.006415 2.565825 -0.173648 34.297696 200.000000 34.297696 0.000190 0.076031 -0.984808 -26.530659 200.000000 -26.530659
 16.000000 -0.380002 -0.924986 -0.992847 -0.119392 -2.751794 -1.690473 -0.924986 -0.380002 -0.119392 -0.992847 0.001144 0.457618 -0.928368 19.441805 200.000000 19.441805 0.006955 2.782091 -0.371662 -9.650400 200.000000 -9.650400 0.294378 117.751375 -0.173648 34.297696 200.000000 34.297696 0.006463 2.585341 -0.984808 -26.530659 200.000000 -26.530659
 16.200000 -0.351657 -0.936129 -0.977688 -0.210064 -2.782252 -1.782437 -0.936129 -0.351657 -0.210064 -0.977688 0.006023 2.409343 -0.928368 19.441805 200.000000 19.441805 0.040022 16.008911 -0.371662 -9.650400 200.000000 -9.650400 0.132610 53.044030 -0.173648 34.297696 200.000000 34.297696 0.005070 2.027823 -0.984808 -26.530659 200.000000 -26.530659
 16.400000 -0.366269 -0.930509 -0.988360 -0.152134 -2.766596 -1.723523 -0.930509 -0.366269 -0.152134 -0.988360 0.000458 0.183362 -0.928368 19.441805 200.000000 19.441805 0.002909 1.163530 -0.371662 -9.650400 200.000000 -9.650400 0.046287 18.514610 -0.173648 34.297696 200.000000 34.297696 0.001262 0.504709 -0.984808 -26.530659 200.000000 -26.530659
 16.600000 -0.366605 -0.930377 -0.968634 -0.248492 -2.766236 -1.821919 -0.930377 -0.366605 -0.248492 -0.968634 0.000404 0.161431 -0.928368 19.441805 200.000000 19.441805 0.002558 1.023290 -0.371662 -9.650400 200.000000 -9.650400 0.560154 224.061639 -0.173648 34.297696 200.000000 34.297696 0.026159 10.463552 -0.984808 -26.530659 200.000000 -26.530659
 16.800000 -0.406240 -0.913766 -0.982583 -0.185825 -2.723257 -1.757708 -0.913766 -0.406240 -0.185825 -0.982583 0.021320 8.528118 -0.928368 19.441805 200.000000 19.441805 0.119560 47.823976 -0.371662 -9.650400 200.000000 -9.650400 0.014827 5.930975 -0.173648 34.297696 200.000000 34.297696 0.000495 0.198006 -0.984808 -26.530659 200.000000 -26.530659
 17.000000 -0.340703 -0.940171 -0.989423 -0.145057 -2.793928 -1.716367 -0.940171 -0.340703 -0.145057 -0.989423 0.013931 5.572580 -0.928368 19.441805 200.000000 19.441805 0.095851 38.340282 -0.371662 -9.650400 200.000000 -9.650400 0.081743 32.697124 -0.173648 34.297696 200.000000 34.297696 0.002130 0.852105 -0.984808 -26.530659 200.000000 -26.530659
 17.200000 -0.414242 -0.910167 -0.990029 -0.140861 -2.714483 -1.712127 -0.910167 -0.414242 -0.140861 -0.990029 0.033128 13.251281 -0.928368 19.441805 200.000000 19.441805 0.181302 72.520707 -0.371662 -9.650400 200.000000 -9.650400 0.107502 43.000987 -0.173648 34.297696 200.000000 34.297696 0.002727 1.090640 -0.984808 -26.530659 200.000000 -26.530659
 17.400000 -0.334464 -0.942409 -0.991062 -0.133399 -2.800556 -1.704594 -0.942409 -0.334464 -0.133399 -0.991062 0.019714 7.885528 -0.928368 19.441805 200.000000 19.441805 0.138372 55.348976 -0.371662 -9.650400 200.000000 -9.650400 0.162000 64.800007 -0.173648 34.297696 200.000000 34.297696 0.003912 1.564834 -0.984808 -26.530659 200.000000 -26.530659
 17.600000 -0.415558 -0.909567 -0.979103 -0.203366 -2.713036 -1.775591 -0.909567 -0.415558 -0.203366 -0.979103 0.035349 14.139567 -0.928368 19.441805 200.000000 19.441805 0.192683 77.073185 -0.371662 -9.650400 200.000000 -9.650400 0.088315 35.326160 -0.173648 34.297696 200.000000 34.297696 0.003255 1.301873 -0.984808 -26.530659 200.000000 -26.530659
 17.800000 -0.384527 -0.923114 -0.991285 -0.131738 -2.746897 -1.702918 -0.923114 -0.384527 -0.131738 -0.991285 0.002761 1.104277 -0.928368 19.441805 200.000000 19.441805 0.016550 6.619959 -0.371662 -9.650400 200.000000 -9.650400 0.175645 70.258172 -0.173648 34.297696 200.000000 34.297696 0.004195 1.677959 -0.984808 -26.530659 200.000000 -26.530659
 18.000000 -0.376261 -0.926514 -0.987893 -0.155135 -2.755836 -1.726561 -0.926514 -0.376261 -0.155135 -0.987893 0.000344 0.137502 -0.928368 19.441805 200.000000 19.441805 0.002114 0.845725 -0.371662 -9.650400 200.000000 -9.650400 0.034273 13.709189 -0.173648 34.297696 200.000000 34.297696 0.000952 0.380811 -0.984808 -26.530659 200.000000 -26.530659
 18.200000 -0.311250 -0.950328 -0.994638 -0.103419 -2.825084 -1.674401 -0.950328 -0.311250 -0.103419 -0.994638 0.048224 19.289723 -0.928368 19.441805 200.000000 19.441805 0.364963 145.985087 -0.371662 -9.650400 200.000000 -9.650400 0.493214 197.285554 -0.173648 34.297696 200.000000 34.297696 0.009663 3.865256 -0.984808 -26.530659 200.000000 -26.530659
 18.400000 -0.337622 -0.941282 -0.993831 -0.110904 -2.797204 -1.681929 -0.941282 -0.337622 -0.110904 -0.993831 0.016677 6.670840 -0.928368 19.441805 200.000000 19.441805 0.115878 46.351168 -0.371662 -9.650400 200.000000 -9.650400 0.393681 157.472341 -0.173648 34.297696 200.000000 34.297696 0.008142 3.256834 -0.984808 -26.530659 200.000000 -26.530659
 18.600000 -0.390091 -0.920776 -0.998173 -0.060414 -2.740863 -1.631248 -0.920776 -0.390091 -0.060414 -0.998173 0.005763 2.305203 -0.928368 19.441805 200.000000 19.441805 0.033960 13.583839 -0.371662 -9.650400 200.000000 -9.650400 1.282190 512.875836 -0.173648 34.297696 200.000000 34.297696 0.017864 7.145604 -0.984808 -26.530659 200.000000 -26.530659
 18.800000 -0.391960 -0.919982 -0.975406 -0.220416 -2.738832 -1.793037 -0.919982 -0.391960 -0.220416 -0.975406 0.007032 2.812697 -0.928368 19.441805 200.000000 19.441805 0.041198 16.479138 -0.371662 -9.650400 200.000000 -9.650400 0.218724 87.489669 -0.173648 34.297696 200.000000 34.297696 0.008839 3.535771 -0.984808 -26.530659 200.000000 -26.530659
 19.000000 -0.339062 -0.940764 -0.995723 -0.092388 -2.795673 -1.663316 -0.940764 -0.339062 -0.092388 -0.995723 0.015366 6.146446 -0.928368 19.441805 200.000000 19.441805 0.106277 42.510986 -0.371662 -9.650400 200.000000 -9.650400 0.660319 264.127657 -0.173648 34.297696 200.000000 34.297696 0.011914 4.765764 -0.984808 -26.530659 200.000000 -26.530659
 19.200000 -0.296417 -0.955059 -0.988827 -0.149069 -2.840654 -1.720423 -0.955059 -0.296417 -0.149069 -0.988827 0.071239 28.495729 -0.928368 19.441805 200.000000 19.441805 0.566188 226.475368 -0.371662 -9.650400 200.000000 -9.650400 0.060415 24.165908 -0.173648 34.297696 200.000000 34.297696 0.001615 0.646120 -0.984808 -26.530659 200.000000 -26.530659
 19.400000 -0.396592 -0.917995 -0.994819 -0.101661 -2.733791 -1.672633 -0.917995 -0.396592 -0.101661 -0.994819 0.010760 4.303901 -0.928368 19.441805 200.000000 19.441805 0.062148 24.859155 -0.371662 -9.650400 200.000000 -9.650400 0.518215 207.285919 -0.173648 34.297696 200.000000 34.297696 0.010023 4.009079 -0.984808 -26.530659 200.000000 -26.530659
 19.600000 -0.373437 -0.927656 -0.974013 -0.226493 -2.758881 -1.799272 -0.927656 -0.373437 -0.226493 -0.974013 0.000051 0.020298 -0.928368 19.441805 200.000000 19.441805 0.000315 0.125950 -0.371662 -9.650400 200.000000 -9.650400 0.279256 111.702220 -0.173648 34.297696 200.000000 34.297696 0.011653 4.661209 -0.984808 -26.530659 200.000000 -26.530659
 19.800000 -0.435281 -0.900295 -0.981979 -0.188991 -2.691242 -1.760931 -0.900295 -0.435281 -0.188991 -0.981979 0.078812 31.524675 -0.928368 19.441805 200.000000 19.441805 0.404735 161.894168 -0.371662 -9.650400 200.000000 -9.650400 0.023541 9.416581 -0.173648 34.297696 200.000000 34.297696 0.000800 0.320132 -0.984808 -26.530659 200.000000 -26.530659
 20.000000 -0.398283 -0.917263 -0.984319 -0.176400 -2.731948 -1.748124 -0.917263 -0.398283 -0.176400 -0.984319 0.012333 4.933225 -0.928368 19.441805 200.000000 19.441805 0.070866 28.346552 -0.371662 -9.650400 200.000000 -9.650400 0.000757 0.302839 -0.173648 34.297696 200.000000 34.297696 0.000024 0.009570 -0.984808 -26.530659 200.000000 -26.530659
 20.200000 -0.387130 -0.922025 -0.985361 -0.170482 -2.744075 -1.742115 -0.922025 -0.387130 -0.170482 -0.985361 0.004023 1.609321 -0.928368 19.441805 200.000000 19.441805 0.023926 9.570270 -0.371662 -9.650400 200.000000 -9.650400 0.001002 0.400930 -0.173648 34.297696 200.000000 34.297696 0.000031 0.012232 -0.984808 -26.530659 200.000000 -26.530659
 20.400000 -0.358535 -0.933516 -0.969944 -0.243330 -2.774894 -1.816594 -0.933516 -0.358535 -0.243330 -0.969944 0.002650 1.060191 -0.928368 19.441805 200.000000 19.441805 0.017233 6.893002 -0.371662 -9.650400 200.000000 -9.650400 0.485553 194.221349 -0.173648 34.297696 200.000000 34.297696 0.022094 8.837720 -0.984808 -26.530659 200.000000 -26.530659
 20.600000 -0.385789 -0.922587 -0.992432 -0.122793 -2.745530 -1.693900 -0.922587 -0.385789 -0.122793 -0.992432 0.003342 1.336664 -0.928368 19.441805 200.000000 19.441805 0.019955 7.981878 -0.371662 -9.650400 200.000000 -9.650400 0.258620 103.448188 -0.173648 34.297696 200.000000 34.297696 0.005813 2.325319 -0.984808 -26.530659 200.000000 -26.530659
 20.800000 -0.420335 -0.907369 -0.980881 -0.194609 -2.707778 -1.766655 -0.907369 -0.420335 -0.194609 -0.980881 0.044095 17.638095 -0.928368 19.441805 200.000000 19.441805 0.236900 94.760035 -0.371662 -9.650400 200.000000 -9.650400 0.043934 17.573598 -0.173648 34.297696 200.000000 34.297696 0.001542 0.616783 -0.984808 -26.530659 200.000000 -26.530659
 21.000000 -0.390886 -0.920439 -0.983943 -0.178484 -2.739998 -1.750242 -0.920439 -0.390886 -0.178484 -0.983943 0.006287 2.514727 -0.928368 19.441805 200.000000 19.441805 0.036955 14.782188 -0.371662 -9.650400 200.000000 -9.650400 0.002339 0.935519 -0.173648 34.297696 200.000000 34.297696 0.000075 0.029928 -0.984808 -26.530659 200.000000 -26.530659
 21.200000 -0.387439 -0.921895 -0.976728 -0.214480 -2.743741 -1.786955 -0.921895 -0.387439 -0.214480 -0.976728 0.004189 1.675707 -0.928368 19.441805 200.000000 19.441805 0.024889 9.955566 -0.371662 -9.650400 200.000000 -9.650400 0.166721 66.688598 -0.173648 34.297696 200.000000 34.297696 0.006528 2.611011 -0.984808 -26.530659 200.000000 -26.530659
 21.400000 -0.310638 -0.950528 -0.985068 -0.172165 -2.825729 -1.743823 -0.950528 -0.310638 -0.172165 -0.985068 0.049109 19.643507 -0.928368 19.441805 200.000000 19.441805 0.372404 148.961453 -0.371662 -9.650400 200.000000 -9.650400 0.000220 0.087998 -0.173648 34.297696 200.000000 34.297696 0.000007 0.002712 -0.984808 -26.530659 200.000000 -26.530659
 21.600000 -0.476582 -0.879130 -0.995436 -0.095435 -2.644830 -1.666377 -0.879130 -0.476582 -0.095435 -0.995436 0.242438 96.975081 -0.928368 19.441805 200.000000 19.441805 1.100813 440.325256 -0.371662 -9.650400 200.000000 -9.650400 0.611733 244.693263 -0.173648 34.297696 200.000000 34.297696 0.011295 4.518115 -0.984808 -26.530659 200.000000 -26.530659
 21.800000 -0.341413 -0.939914 -0.966184 -0.257853 -2.793173 -1.831596 -0.939914 -0.341413 -0.257853 -0.966184 0.013330 5.332029 -0.928368 19.441805 200.000000 19.441805 0.091505 36.602150 -0.371662 -9.650400 200.000000 -9.650400 0.709053 283.621120 -0.173648 34.297696 200.000000 34.297696 0.034684 13.873708 -0.984808 -26.530659 200.000000 -26.530659
 22.000000 -0.489364 -0.872079 -0.991326 -0.131429 -2.630232 -1.702607 -0.872079 -0.489364 -0.131429 -0.991326 0.316839 126.735657 -0.928368 19.441805 200.000000 19.441805 1.385372 554.148825 -0.371662 -9.650400 200.000000 -9.650400 0.178247 71.298762 -0.173648 34.297696 200.000000 34.297696 0.004248 1.699294 -0.984808 -26.530659 200.000000 -26.530659
 22.200000 -0.396683 -0.917956 -0.975960 -0.217949 -2.733692 -1.790509 -0.917956 -0.396683 -0.217949 -0.975960 0.010842 4.336601 -0.928368 19.441805 200.000000 19.441805 0.062603 25.041025 -0.371662 -9.650400 200.000000 -9.650400 0.196255 78.501825 -0.173648 34.297696 200.000000 34.297696 0.007828 3.131166 -0.984808 -26.530659 200.000000 -26.530659
 22.400000 -0.392715 -0.919660 -0.981433 -0.191807 -2.738010 -1.763800 -0.919660 -0.392715 -0.191807 -0.981433 0.007583 3.033087 -0.928368 19.441805 200.000000 19.441805 0.044323 17.729062 -0.371662 -9.650400 200.000000 -9.650400 0.032976 13.190438 -0.173648 34.297696 200.000000 34.297696 0.001139 0.455675 -0.984808 -26.530659 200.000000 -26.530659
 22.600000 -0.376090 -0.926583 -0.979394 -0.201959 -2.756020 -1.774154 -0.926583 -0.376090 -0.201959 -0.979394 0.000318 0.127392 -0.928368 19.441805 200.000000 19.441805 0.001960 0.783958 -0.371662 -9.650400 200.000000 -9.650400 0.080150 32.060151 -0.173648 34.297696 200.000000 34.297696 0.002931 1.172361 -0.984808 -26.530659 200.000000 -26.530659
 22.800000 -0.405169 -0.914242 -0.967720 -0.252027 -2.724429 -1.825571 -0.914242 -0.405169 -0.252027 -0.967720 0.019955 7.982017 -0.928368 19.441805 200.000000 19.441805 0.112270 44.908178 -0.371662 -9.650400 200.000000 -9.650400 0.614329 245.731474 -0.173648 34.297696 200.000000 34.297696 0.029199 11.679481 -0.984808 -26.530659 200.000000 -26.530659
 23.000000 -0.479180 -0.877717 -0.986253 -0.165240 -2.641873 -1.736797 -0.877717 -0.479180 -0.165240 -0.986253 0.256554 102.621521 -0.928368 19.441805 200.000000 19.441805 1.155997 462.398738 -0.371662 -9.650400 200.000000 -9.650400 0.007070 2.828056 -0.173648 34.297696 200.000000 34.297696 0.000209 0.083599 -0.984808 -26.530659 200.000000 -26.530659
 23.200000 -0.439588 -0.898200 -0.987605 -0.156961 -2.686453 -1.728409 -0.898200 -0.439588 -0.156961 -0.987605 0.091012 36.404883 -0.928368 19.441805 200.000000 19.441805 0.461383 184.553222 -0.371662 -9.650400 200.000000 -9.650400 0.027847 11.138945 -0.173648 34.297696 200.000000 34.297696 0.000782 0.312952 -0.984808 -26.530659 200.000000 -26.530659
 23.400000 -0.410779 -0.911735 -0.983291 -0.182038 -2.718284 -1.753855 -0.911735 -0.410779 -0.182038 -0.983291 0.027666 11.066243 -0.928368 19.441805 200.000000 19.441805 0.153010 61.204127 -0.371662 -9.650400 200.000000 -9.650400 0.007039 2.815615 -0.173648 34.297696 200.000000 34.297696 0.000230 0.091963 -0.984808 -26.530659 200.000000 -26.530659
 23.600000 -0.358188 -0.933649 -0.989189 -0.146649 -2.775266 -1.717976 -0.933649 -0.358188 -0.146649 -0.989189 0.002789 1.115758 -0.928368 19.441805 200.000000 19.441805 0.018156 7.262223 -0.371662 -9.650400 200.000000 -9.650400 0.072898 29.159099 -0.173648 34.297696 200.000000 34.297696 0.001919 0.767691 -0.984808 -26.530659 200.000000 -26.530659
 23.800000 -0.355679 -0.934608 -0.969567 -0.244828 -2.777952 -1.818138 -0.934608 -0.355679 -0.244828 -0.969567 0.003894 1.557577 -0.928368 19.441805 200.000000 19.441805 0.025546 10.218497 -0.371662 -9.650400 200.000000 -9.650400 0.506652 202.660960 -0.173648 34.297696 200.000000 34.297696 0.023229 9.291706 -0.984808 -26.530659 200.000000 -26.530659
 24.000000 -0.464458 -0.885595 -0.971130 -0.238553 -2.658570 -1.811672 -0.885595 -0.464458 -0.238553 -0.971130 0.182950 73.180164 -0.928368 19.441805 200.000000 19.441805 0.861098 344.439359 -0.371662 -9.650400 200.000000 -9.650400 0.421261 168.504354 -0.173648 34.297696 200.000000 34.297696 0.018709 7.483750 -0.984808 -26.530659 200.000000 -26.530659
 24.200000 -0.419665 -0.907679 -0.982268 -0.187480 -2.708516 -1.759393 -0.907679 -0.419665 -0.187480 -0.982268 0.042803 17.121266 -0.928368 19.441805 200.000000 19.441805 0.230426 92.170260 -0.371662 -9.650400 200.000000 -9.650400 0.019133 7.653172 -0.173648 34.297696 200.000000 34.297696 0.000645 0.257942 -0.984808 -26.530659 200.000000 -26.530659
 24.400000 -0.374847 -0.927087 -0.990025 -0.140893 -2.757361 -1.712159 -0.927087 -0.374847 -0.140893 -0.990025 0.000164 0.065657 -0.928368 19.441805 200.000000 19.441805 0.001014 0.405614 -0.371662 -9.650400 200.000000 -9.650400 0.107293 42.917320 -0.173648 34.297696 200.000000 34.297696 0.002722 1.088744 -0.984808 -26.530659 200.000000 -26.530659
 24.600000 -0.379394 -0.925235 -0.992230 -0.124416 -2.752451 -1.695536 -0.925235 -0.379394 -0.124416 -0.992230 0.000981 0.392565 -0.928368 19.441805 200.000000 19.441805 0.005978 2.391111 -0.371662 -9.650400 200.000000 -9.650400 0.242379 96.951640 -0.173648 34.297696 200.000000 34.297696 0.005509 2.203663 -0.984808 -26.530659 200.000000 -26.530659
 24.800000 -0.424215 -0.905562 -0.987163 -0.159715 -2.703498 -1.731198 -0.905562 -0.424215 -0.159715 -0.987163 0.052013 20.805014 -0.928368 19.441805 200.000000 19.441805 0.276173 110.469234 -0.371662 -9.650400 200.000000 -9.650400 0.019414 7.765709 -0.173648 34.297696 200.000000 34.297696 0.000555 0.221929 -0.984808 -26.530659 200.000000 -26.530659
 25.000000 -0.413420 -0.910541 -0.990259 -0.139240 -2.715386 -1.710490 -0.910541 -0.413420 -0.139240 -0.990259 0.031781 12.712536 -0.928368 19.441805 200.000000 19.441805 0.174366 69.746482 -0.371662 -9.650400 200.000000 -9.650400 0.118394 47.357742 -0.173648 34.297696 200.000000 34.297696 0.002971 1.188516 -0.984808 -26.530659 200.000000 -26.530659
 25.200000 -0.375004 -0.927023 -0.985877 -0.167472 -2.757192 -1.739061 -0.927023 -0.375004 -0.167472 -0.985877 0.000181 0.072324 -0.928368 19.441805 200.000000 19.441805 0.001116 0.446579 -0.371662 -9.650400 200.000000 -9.650400 0.003815 1.525856 -0.173648 34.297696 200.000000 34.297696 0.000114 0.045719 -0.984808 -26.530659 200.000000 -26.530659
 25.400000 -0.383469 -0.923554 -0.986653 -0.162837 -2.748043 -1.734362 -0.923554 -0.383469 -0.162837 -0.986653 0.002318 0.927125 -0.928368 19.441805 200.000000 19.441805 0.013940 5.576193 -0.371662 -9.650400 200.000000 -9.650400 0.011687 4.674858 -0.173648 34.297696 200.000000 34.297696 0.000340 0.136184 -0.984808 -26.530659 200.000000 -26.530659
 25.600000 -0.431844 -0.901948 -0.985767 -0.168119 -2.695056 -1.739718 -0.901948 -0.431844 -0.168119 -0.985767 0.069801 27.920274 -0.928368 19.441805 200.000000 19.441805 0.362187 144.874735 -0.371662 -9.650400 200.000000 -9.650400 0.003057 1.222803 -0.173648 34.297696 200.000000 34.297696 0.000092 0.036782 -0.984808 -26.530659 200.000000 -26.530659
 25.800000 -0.421543 -0.906808 -0.986475 -0.163913 -2.706446 -1.735453 -0.906808 -0.421543 -0.163913 -0.986475 0.046482 18.592620 -0.928368 19.441805 200.000000 19.441805 0.248808 99.523269 -0.371662 -9.650400 200.000000 -9.650400 0.009477 3.790739 -0.173648 34.297696 200.000000 34.297696 0.000278 0.111156 -0.984808 -26.530659 200.000000 -26.530659
 26.000000 -0.429043 -0.903284 -0.992487 -0.122349 -2.698159 -1.693453 -0.903284 -0.429043 -0.122349 -0.992487 0.062921 25.168408 -0.928368 19.441805 200.000000 19.441805 0.329257 131.702965 -0.371662 -9.650400 200.000000 -9.650400 0.263159 105.263508 -0.173648 34.297696 200.000000 34.297696 0.005897 2.358906 -0.984808 -26.530659 200.000000 -26.530659
 26.200000 -0.435286 -0.900292 -0.980844 -0.194794 -2.691236 -1.766844 -0.900292 -0.435286 -0.194794 -0.980844 0.078826 31.530311 -0.928368 19.441805 200.000000 19.441805 0.404801 161.920584 -0.371662 -9.650400 200.000000 -9.650400 0.044717 17.886642 -0.173648 34.297696 200.000000 34.297696 0.001571 0.628428 -0.984808 -26.530659 200.000000 -26.530659
 26.400000 -0.416010 -0.909360 -0.972074 -0.234674 -2.712539 -1.807680 -0.909360 -0.416010 -0.234674 -0.972074 0.036130 14.452084 -0.928368 19.441805 200.000000 19.441805 0.196672 78.668605 -0.371662 -9.650400 200.000000 -9.650400 0.372415 148.966197 -0.173648 34.297696 200.000000 34.297696 0.016215 6.485814 -0.984808 -26.530659 200.000000 -26.530659
 26.600000 -0.396888 -0.917867 -0.974102 -0.226108 -2.733469 -1.798877 -0.917867 -0.396888 -0.226108 -0.974102 0.011027 4.410764 -0.928368 19.441805 200.000000 19.441805 0.063633 25.453233 -0.371662 -9.650400 200.000000 -9.650400 0.275208 110.083041 -0.173648 34.297696 200.000000 34.297696 0.011461 4.584403 -0.984808 -26.530659 200.000000 -26.530659
 26.800000 -0.342080 -0.939671 -0.979420 -0.201833 -2.792463 -1.774025 -0.939671 -0.342080 -0.201833 -0.979420 0.012775 5.110197 -0.928368 19.441805 200.000000 19.441805 0.087512 35.004693 -0.371662 -9.650400 200.000000 -9.650400 0.079436 31.774387 -0.173648 34.297696 200.000000 34.297696 0.002903 1.161098 -0.984808 -26.530659 200.000000 -26.530659
 27.000000 -0.411705 -0.911317 -0.991263 -0.131899 -2.717269 -1.703080 -0.911317 -0.411705 -0.131899 -0.991263 0.029073 11.629078 -0.928368 19.441805 200.000000 19.441805 0.160340 64.135923 -0.371662 -9.650400 200.000000 -9.650400 0.174302 69.720990 -0.173648 34.297696 200.000000 34.297696 0.004167 1.666917 -0.984808 -26.530659 200.000000 -26.530659
 27.200000 -0.359234 -0.933247 -0.977997 -0.208618 -2.774146 -1.780958 -0.933247 -0.359234 -0.208618 -0.977997 0.002381 0.952403 -0.928368 19.441805 200.000000 19.441805 0.015446 6.178583 -0.371662 -9.650400 200.000000 -9.650400 0.122288 48.915320 -0.173648 34.297696 200.000000 34.297696 0.004638 1.855334 -0.984808 -26.530659 200.000000 -26.530659
 27.400000 -0.489310 -0.872110 -0.973671 -0.227956 -2.630294 -1.800774 -0.872110 -0.489310 -0.227956 -0.973671 0.316499 126.599483 -0.928368 19.441805 200.000000 19.441805 1.384103 553.641332 -0.371662 -9.650400 200.000000 -9.650400 0.294937 117.974651 -0.173648 34.297696 200.000000 34.297696 0.012402 4.960755 -0.984808 -26.530659 200.000000 -26.530659
 27.600000 -0.348944 -0.937144 -0.972134 -0.234428 -2.785149 -1.807426 -0.937144 -0.348944 -0.234428 -0.972134 0.007701 3.080589 -0.928368 19.441805 200.000000 19.441805 0.051615 20.645902 -0.371662 -9.650400 200.000000 -9.650400 0.369418 147.767074 -0.173648 34.297696 200.000000 34.297696 0.016064 6.425463 -0.984808 -26.530659 200.000000 -26.530659
 27.800000 -0.323766 -0.946137 -0.986821 -0.161816 -2.811885 -1.733327 -0.946137 -0.323766 -0.161816 -0.986821 0.031574 12.629712 -0.928368 19.441805 200.000000 19.441805 0.229404 91.761683 -0.371662 -9.650400 200.000000 -9.650400 0.013999 5.599750 -0.173648 34.297696 200.000000 34.297696 0.000405 0.162111 -0.984808 -26.530659 200.000000 -26.530659
 28.000000 -0.362039 -0.932163 -0.988913 -0.148494 -2.771139 -1.719842 -0.932163 -0.362039 -0.148494 -0.988913 0.001440 0.576111 -0.928368 19.441805 200.000000 19.441805 0.009261 3.704599 -0.371662 -9.650400 200.000000 -9.650400 0.063272 25.308867 -0.173648 34.297696 200.000000 34.297696 0.001686 0.674213 -0.984808 -26.530659 200.000000 -26.530659
 28.200000 -0.463437 -0.886130 -0.987527 -0.157450 -2.659723 -1.728904 -0.886130 -0.463437 -0.157450 -0.987527 0.178406 71.362211 -0.928368 19.441805 200.000000 19.441805 0.842257 336.902900 -0.371662 -9.650400 200.000000 -9.650400 0.026239 10.495435 -0.173648 34.297696 200.000000 34.297696 0.000739 0.295769 -0.984808 -26.530659 200.000000 -26.530659
 28.400000 -0.478813 -0.877917 -0.966125 -0.258073 -2.642291 -1.831824 -0.877917 -0.478813 -0.258073 -0.966125 0.254530 101.811969 -0.928368 19.441805 200.000000 19.441805 1.148122 459.248645 -0.371662 -9.650400 200.000000 -9.650400 0.712759 285.103458 -0.173648 34.297696 200.000000 34.297696 0.034903 13.961268 -0.984808 -26.530659 200.000000 -26.530659
 28.600000 -0.336129 -0.941816 -0.976494 -0.215545 -2.798789 -1.788047 -0.941816 -0.336129 -0.215545 -0.976494 0.018085 7.233838 -0.928368 19.441805 200.000000 19.441805 0.126260 50.504061 -0.371662 -9.650400 200.000000 -9.650400 0.175538 70.215175 -0.173648 34.297696 200.000000 34.297696 0.006912 2.764863 -0.984808 -26.530659 200.000000 -26.530659
 28.800000 -0.374461 -0.927243 -0.968876 -0.247548 -2.757777 -1.820945 -0.927243 -0.374461 -0.247548 -0.968876 0.000127 0.050644 -0.928368 19.441805 200.000000 19.441805 0.000783 0.313240 -0.371662 -9.650400 200.000000 -9.650400 0.546115 218.446113 -0.173648 34.297696 200.000000 34.297696 0.025383 10.153233 -0.984808 -26.530659 200.000000 -26.530659
 29.000000 -0.370335 -0.928898 -0.970424 -0.241406 -2.762223 -1.814611 -0.928898 -0.370335 -0.241406 -0.970424 0.000028 0.011253 -0.928368 19.441805 200.000000 19.441805 0.000176 0.070507 -0.371662 -9.650400 200.000000 -9.650400 0.459114 183.645636 -0.173648 34.297696 200.000000 34.297696 0.020689 8.275494 -0.984808 -26.530659 200.000000 -26.530659
 29.200000 -0.428388 -0.903595 -0.978157 -0.207865 -2.698885 -1.780188 -0.903595 -0.428388 -0.207865 -0.978157 0.061370 24.547946 -0.928368 19.441805 200.000000 19.441805 0.321776 128.710509 -0.371662 -9.650400 200.000000 -9.650400 0.117081 46.832430 -0.173648 34.297696 200.000000 34.297696 0.004423 1.769055 -0.984808 -26.530659 200.000000 -26.530659
 29.400000 -0.472496 -0.881333 -0.979278 -0.202522 -2.649472 -1.774729 -0.881333 -0.472496 -0.202522 -0.979278 0.221229 88.491781 -0.928368 19.441805 200.000000 19.441805 1.016737 406.694892 -0.371662 -9.650400 200.000000 -9.650400 0.083370 33.348138 -0.173648 34.297696 200.000000 34.297696 0.003058 1.223263 -0.984808 -26.530659 200.000000 -26.530659
 29.600000 -0.322764 -0.946480 -0.974462 -0.224552 -2.812945 -1.797279 -0.946480 -0.322764 -0.224552 -0.974462 0.032803 13.121315 -0.928368 19.441805 200.000000 19.441805 0.239110 95.643899 -0.371662 -9.650400 200.000000 -9.650400 0.259119 103.647514 -0.173648 34.297696 200.000000 34.297696 0.010703 4.281274 -0.984808 -26.530659 200.000000 -26.530659
 29.800000 -0.367437 -0.930048 -0.979770 -0.200126 -2.765341 -1.772283 -0.930048 -0.367437 -0.200126 -0.979770 0.000282 0.112946 -0.928368 19.441805 200.000000 19.441805 0.001785 0.714087 -0.371662 -9.650400 200.000000 -9.650400 0.070110 28.043913 -0.173648 34.297696 200.000000 34.297696 0.002538 1.015125 -0.984808 -26.530659 200.000000 -26.530659
 30.000000 -0.352272 -0.935898 -0.950964 -0.309303 -2.781595 -1.885256 -0.935898 -0.352272 -0.309303 -0.950964 0.005670 2.267837 -0.928368 19.441805 200.000000 19.441805 0.037598 15.039334 -0.371662 -9.650400 200.000000 -9.650400 1.840222 736.088715 -0.173648 34.297696 200.000000 34.297696 0.114543 45.817188 -0.984808 -26.530659 200.000000 -26.530659
 30.200000 -0.493994 -0.869465 -0.982413 -0.186722 -2.624915 -1.758621 -0.869465 -0.493994 -0.186722 -0.982413 0.346951 138.780492 -0.928368 19.441805 200.000000 19.441805 1.496498 598.599317 -0.371662 -9.650400 200.000000 -9.650400 0.017092 6.836915 -0.173648 34.297696 200.000000 34.297696 0.000574 0.229431 -0.984808 -26.530659 200.000000 -26.530659
 30.400000 -0.436026 -0.899934 -0.987590 -0.157055 -2.690414 -1.728505 -0.899934 -0.436026 -0.157055 -0.987590 0.080849 32.339556 -0.928368 19.441805 200.000000 19.441805 0.414269 165.707427 -0.371662 -9.650400 200.000000 -9.650400 0.027532 11.012869 -0.173648 34.297696 200.000000 34.297696 0.000774 0.309592 -0.984808 -26.530659 200.000000 -26.530659
 30.600000 -0.327624 -0.944808 -0.977431 -0.211253 -2.807805 -1.783653 -0.944808 -0.327624 -0.211253 -0.977431 0.027028 10.811290 -0.928368 19.441805 200.000000 19.441805 0.193939 77.575491 -0.371662 -9.650400 200.000000 -9.650400 0.141410 56.563934 -0.173648 34.297696 200.000000 34.297696 0.005441 2.176374 -0.984808 -26.530659 200.000000 -26.530659
 30.800000 -0.332677 -0.943041 -0.996716 -0.080975 -2.802451 -1.651860 -0.943041 -0.332677 -0.080975 -0.996716 0.021529 8.611624 -0.928368 19.441805 200.000000 19.441805 0.151984 60.793602 -0.371662 -9.650400 200.000000 -9.650400 0.858831 343.532249 -0.173648 34.297696 200.000000 34.297696 0.014181 5.672376 -0.984808 -26.530659 200.000000 -26.530659
 31.000000 -0.413153 -0.910662 -0.990739 -0.135779 -2.715679 -1.706996 -0.910662 -0.413153 -0.135779 -0.990739 0.031352 12.540616 -0.928368 19.441805 200.000000 19.441805 0.172148 68.859051 -0.371662 -9.650400 200.000000 -9.650400 0.143409 57.363524 -0.173648 34.297696 200.000000 34.297696 0.003518 1.407270 -0.984808 -26.530659 200.000000 -26.530659
 31.200000 -0.408132 -0.912923 -0.993267 -0.115849 -2.721186 -1.686906 -0.912923 -0.408132 -0.115849 -0.993267 0.023854 9.541760 -0.928368 19.441805 200.000000 19.441805 0.133001 53.200216 -0.371662 -9.650400 200.000000 -9.650400 0.334080 133.632003 -0.173648 34.297696 200.000000 34.297696 0.007156 2.862282 -0.984808 -26.530659 200.000000 -26.530659
 31.400000 -0.323922 -0.946084 -0.982573 -0.185876 -2.811721 -1.757760 -0.946084 -0.323922 -0.185876 -0.982573 0.031386 12.554248 -0.928368 19.441805 200.000000 19.441805 0.227919 91.167495 -0.371662 -9.650400 200.000000 -9.650400 0.014952 5.980844 -0.173648 34.297696 200.000000 34.297696 0.000499 0.199729 -0.984808 -26.530659 200.000000 -26.530659
 31.600000 -0.385048 -0.922897 -0.997627 -0.068848 -2.746333 -1.639699 -0.922897 -0.385048 -0.068848 -0.997627 0.002994 1.197454 -0.928368 19.441805 200.000000 19.441805 0.017917 7.166981 -0.371662 -9.650400 200.000000 -9.650400 1.098301 439.320381 -0.173648 34.297696 200.000000 34.297696 0.016434 6.573466 -0.984808 -26.530659 200.000000 -26.530659
 31.800000 -0.277128 -0.960833 -0.990407 -0.138180 -2.860789 -1.709420 -0.960833 -0.277128 -0.138180 -0.990407 0.105399 42.159569 -0.928368 19.441805 200.000000 19.441805 0.893684 357.473786 -0.371662 -9.650400 200.000000 -9.650400 0.125797 50.318886 -0.173648 34.297696 200.000000 34.297696 0.003135 1.254105 -0.984808 -26.530659 200.000000 -26.530659
 32.000000 -0.346507 -0.938047 -0.988681 -0.150034 -2.787748 -1.721399 -0.938047 -0.346507 -0.150034 -0.988681 0.009369 3.747636 -0.928368 19.441805 200.000000 19.441805 0.063279 25.311622 -0.371662 -9.650400 200.000000 -9.650400 0.055762 22.304919 -0.173648 34.297696 200.000000 34.297696 0.001500 0.600025 -0.984808 -26.530659 200.000000 -26.530659
 32.200000 -0.401440 -0.915885 -0.987593 -0.157038 -2.728504 -1.728487 -0.915885 -0.401440 -0.157038 -0.987593 0.015582 6.232808 -0.928368 19.441805 200.000000 19.441805 0.088673 35.469101 -0.371662 -9.650400 200.000000 -9.650400 0.027590 11.035832 -0.173648 34.297696 200.000000 34.297696 0.000776 0.310204 -0.984808 -26.530659 200.000000 -26.530659
 32.400000 -0.385158 -0.922851 -0.990429 -0.138026 -2.746214 -1.709264 -0.922851 -0.385158 -0.138026 -0.990429 0.003044 1.217536 -0.928368 19.441805 200.000000 19.441805 0.018212 7.284706 -0.371662 -9.650400 200.000000 -9.650400 0.126894 50.757719 -0.173648 34.297696 200.000000 34.297696 0.003159 1.263762 -0.984808 -26.530659 200.000000 -26.530659
 32.600000 -0.330850 -0.943683 -0.969107 -0.246643 -2.804388 -1.820011 -0.943683 -0.330850 -0.246643 -0.969107 0.023456 9.382449 -0.928368 19.441805 200.000000 19.441805 0.166565 66.625968 -0.371662 -9.650400 200.000000 -9.650400 0.532819 213.127454 -0.173648 34.297696 200.000000 34.297696 0.024653 9.861163 -0.984808 -26.530659 200.000000 -26.530659
 32.800000 -0.289293 -0.957240 -0.990468 -0.137745 -2.848104 -1.708981 -0.957240 -0.289293 -0.137745 -0.990468 0.083362 33.344882 -0.928368 19.441805 200.000000 19.441805 0.678465 271.385821 -0.371662 -9.650400 200.000000 -9.650400 0.128905 51.562003 -0.173648 34.297696 200.000000 34.297696 0.003204 1.281422 -0.984808 -26.530659 200.000000 -26.530659
 33.000000 -0.392246 -0.919861 -0.979936 -0.199312 -2.738521 -1.771452 -0.919861 -0.392246 -0.199312 -0.979936 0.007238 2.895013 -0.928368 19.441805 200.000000 19.441805 0.042366 16.946493 -0.371662 -9.650400 200.000000 -9.650400 0.065865 26.345890 -0.173648 34.297696 200.000000 34.297696 0.002373 0.949351 -0.984808 -26.530659 200.000000 -26.530659
 33.200000 -0.495327 -0.868707 -0.990091 -0.140429 -2.623381 -1.711691 -0.868707 -0.495327 -0.140429 -0.990091 0.355948 142.379265 -0.928368 19.441805 200.000000 19.441805 1.529295 611.717858 -0.371662 -9.650400 200.000000 -9.650400 0.110355 44.141857 -0.173648 34.297696 200.000000 34.297696 0.002791 1.116432 -0.984808 -26.530659 200.000000 -26.530659
 33.400000 -0.328412 -0.944534 -0.988076 -0.153966 -2.806970 -1.725377 -0.944534 -0.328412 -0.153966 -0.988076 0.026136 10.454244 -0.928368 19.441805 200.000000 19.441805 0.187057 74.822808 -0.371662 -9.650400 200.000000 -9.650400 0.038739 15.495739 -0.173648 34.297696 200.000000 34.297696 0.001068 0.427301 -0.984808 -26.530659 200.000000 -26.530659
 33.600000 -0.413618 -0.910451 -0.995323 -0.096601 -2.715169 -1.667548 -0.910451 -0.413618 -0.096601 -0.995323 0.032103 12.841057 -0.928368 19.441805 200.000000 19.441805 0.176023 70.409213 -0.371662 -9.650400 200.000000 -9.650400 0.593623 237.449368 -0.173648 34.297696 200.000000 34.297696 0.011057 4.422956 -0.984808 -26.530659 200.000000 -26.530659
 33.800000 -0.332895 -0.942964 -0.987856 -0.155373 -2.802220 -1.726801 -0.942964 -0.332895 -0.155373 -0.987856 0.021304 8.521497 -0.928368 19.441805 200.000000 19.441805 0.150288 60.115159 -0.371662 -9.650400 200.000000 -9.650400 0.033399 13.359467 -0.173648 34.297696 200.000000 34.297696 0.000929 0.371647 -0.984808 -26.530659 200.000000 -26.530659
 34.000000 -0.375515 -0.926816 -0.988255 -0.152811 -2.756640 -1.724208 -0.926816 -0.375515 -0.152811 -0.988255 0.000241 0.096316 -0.928368 19.441805 200.000000 19.441805 0.001484 0.593778 -0.371662 -9.650400 200.000000 -9.650400 0.043420 17.367875 -0.173648 34.297696 200.000000 34.297696 0.001189 0.475469 -0.984808 -26.530659 200.000000 -26.530659
 34.200000 -0.426303 -0.904580 -0.989161 -0.146836 -2.701191 -1.718166 -0.904580 -0.426303 -0.146836 -0.989161 0.056584 22.633709 -0.928368 19.441805 200.000000 19.441805 0.298558 119.423049 -0.371662 -9.650400 200.000000 -9.650400 0.071888 28.755001 -0.173648 34.297696 200.000000 34.297696 0.001895 0.757961 -0.984808 -26.530659 200.000000 -26.530659
 34.400000 -0.370924 -0.928663 -0.989948 -0.141429 -2.761589 -1.712701 -0.928663 -0.370924 -0.141429 -0.989948 0.000009 0.003489 -0.928368 19.441805 200.000000 19.441805 0.000055 0.021816 -0.371662 -9.650400 200.000000 -9.650400 0.103805 41.522196 -0.173648 34.297696 200.000000 34.297696 0.002643 1.057032 -0.984808 -26.530659 200.000000 -26.530659
 34.600000 -0.416100 -0.909319 -0.995808 -0.091468 -2.712441 -1.662393 -0.909319 -0.416100 -0.091468 -0.995808 0.036286 14.514475 -0.928368 19.441805 200.000000 19.441805 0.197467 78.986734 -0.371662 -9.650400 200.000000 -9.650400 0.675354 270.141599 -0.173648 34.297696 200.000000 34.297696 0.012101 4.840211 -0.984808 -26.530659 200.000000 -26.530659
 34.800000 -0.314139 -0.949377 -0.972081 -0.234645 -2.822043 -1.807649 -0.949377 -0.314139 -0.234645 -0.972081 0.044138 17.655019 -0.928368 19.441805 200.000000 19.441805 0.330890 132.356119 -0.371662 -9.650400 200.000000 -9.650400 0.372056 148.822244 -0.173648 34.297696 200.000000 34.297696 0.016196 6.478564 -0.984808 -26.530659 200.000000 -26.530659
 35.000000 -0.439089 -0.898444 -0.959371 -0.282149 -2.687009 -1.856830 -0.898444 -0.439089 -0.282149 -0.959371 0.089545 35.818127 -0.928368 19.441805 200.000000 19.441805 0.454627 181.850923 -0.371662 -9.650400 200.000000 -9.650400 1.177242 470.896942 -0.173648 34.297696 200.000000 34.297696 0.064705 25.881943 -0.984808 -26.530659 200.000000 -26.530659
 35.200000 -0.391327 -0.920252 -0.976370 -0.216105 -2.739520 -1.788620 -0.920252 -0.391327 -0.216105 -0.976370 0.006587 2.634865 -0.928368 19.441805 200.000000 19.441805 0.038668 15.467381 -0.371662 -9.650400 200.000000 -9.650400 0.180262 72.104719 -0.173648 34.297696 200.000000 34.297696 0.007120 2.847804 -0.984808 -26.530659 200.000000 -26.530659
 35.400000 -0.379497 -0.925193 -0.987351 -0.158553 -2.752340 -1.730021 -0.925193 -0.379497 -0.158553 -0.987351 0.001008 0.403207 -0.928368 19.441805 200.000000 19.441805 0.006138 2.455146 -0.371662 -9.650400 200.000000 -9.650400 0.022787 9.114914 -0.173648 34.297696 200.000000 34.297696 0.000647 0.258625 -0.984808 -26.530659 200.000000 -26.530659
 35.600000 -0.456459 -0.889745 -0.987137 -0.159878 -2.667582 -1.731363 -0.889745 -0.456459 -0.159878 -0.987137 0.149176 59.670241 -0.928368 19.441805 200.000000 19.441805 0.719038 287.615141 -0.371662 -9.650400 200.000000 -9.650400 0.018962 7.584759 -0.173648 34.297696 200.000000 34.297696 0.000542 0.216976 -0.984808 -26.530659 200.000000 -26.530659
 35.800000 -0.421683 -0.906743 -0.970450 -0.241304 -2.706292 -1.814506 -0.906743 -0.421683 -0.241304 -0.970450 0.046762 18.704730 -0.928368 19.441805 200.000000 19.441805 0.250203 100.081067 -0.371662 -9.650400 200.000000 -9.650400 0.457731 183.092330 -0.173648 34.297696 200.000000 34.297696 0.020616 8.246286 -0.984808 -26.530659 200.000000 -26.530659
 36.000000 -0.317709 -0.948188 -0.969232 -0.246151 -2.818281 -1.819503 -0.948188 -0.317709 -0.246151 -0.969232 0.039285 15.714049 -0.928368 19.441805 200.000000 19.441805 0.291102 116.440822 -0.371662 -9.650400 200.000000 -9.650400 0.525660 210.264120 -0.173648 34.297696 200.000000 34.297696 0.024262 9.704673 -0.984808 -26.530659 200.000000 -26.530659
 36.200000 -0.371667 -0.928366 -0.978275 -0.207313 -2.760789 -1.779624 -0.928366 -0.371667 -0.207313 -0.978275 0.000000 0.000000 -0.928368 19.441805 200.000000 19.441805 0.000000 0.000001 -0.371662 -9.650400 200.000000 -9.650400 0.113333 45.333326 -0.173648 34.297696 200.000000 34.297696 0.004268 1.707271 -0.984808 -26.530659 200.000000 -26.530659
 36.400000 -0.421931 -0.906628 -0.971900 -0.235395 -2.706018 -1.808421 -0.906628 -0.421931 -0.235395 -0.971900 0.047263 18.905231 -0.928368 19.441805 200.000000 19.441805 0.252694 101.077797 -0.371662 -9.650400 200.000000 -9.650400 0.381265 152.506112 -0.173648 34.297696 200.000000 34.297696 0.016661 6.664590 -0.984808 -26.530659 200.000000 -26.530659
 36.600000 -0.431890 -0.901926 -0.980543 -0.196304 -2.695005 -1.768383 -0.901926 -0.431890 -0.196304 -0.980543 0.069916 27.966454 -0.928368 19.441805 200.000000 19.441805 0.362736 145.094423 -0.371662 -9.650400 200.000000 -9.650400 0.051329 20.531476 -0.173648 34.297696 200.000000 34.297696 0.001819 0.727497 -0.984808 -26.530659 200.000000 -26.530659
 36.800000 -0.402850 -0.915266 -0.971129 -0.238554 -2.726964 -1.811673 -0.915266 -0.402850 -0.238554 -0.971129 0.017167 6.866625 -0.928368 19.441805 200.000000 19.441805 0.097269 38.907675 -0.371662 -9.650400 200.000000 -9.650400 0.421276 168.510553 -0.173648 34.297696 200.000000 34.297696 0.018710 7.484071 -0.984808 -26.530659 200.000000 -26.530659
 37.000000 -0.438112 -0.898920 -0.978422 -0.206618 -2.688095 -1.778913 -0.898920 -0.438112 -0.206618 -0.978422 0.086716 34.686312 -0.928368 19.441805 200.000000 19.441805 0.441554 176.621729 -0.371662 -9.650400 200.000000 -9.650400 0.108701 43.480420 -0.173648 34.297696 200.000000 34.297696 0.004078 1.631275 -0.984808 -26.530659 200.000000 -26.530659
 37.200000 -0.314399 -0.949291 -0.956078 -0.293112 -2.821769 -1.868277 -0.949291 -0.314399 -0.293112 -0.956078 0.043777 17.510658 -0.928368 19.441805 200.000000 19.441805 0.327906 131.162374 -0.371662 -9.650400 200.000000 -9.650400 1.427162 570.864678 -0.173648 34.297696 200.000000 34.297696 0.082539 33.015728 -0.984808 -26.530659 200.000000 -26.530659
 37.400000 -0.371651 -0.928373 -0.984292 -0.176549 -2.760806 -1.748275 -0.928373 -0.371651 -0.176549 -0.984292 0.000000 0.000001 -0.928368 19.441805 200.000000 19.441805 0.000000 0.000005 -0.371662 -9.650400 200.000000 -9.650400 0.000841 0.336534 -0.173648 34.297696 200.000000 34.297696 0.000027 0.010644 -0.984808 -26.530659 200.000000 -26.530659
 37.600000 -0.349367 -0.936986 -0.976765 -0.214312 -2.784697 -1.786783 -0.936986 -0.349367 -0.214312 -0.976765 0.007427 2.970854 -0.928368 19.441805 200.000000 19.441805 0.049709 19.883737 -0.371662 -9.650400 200.000000 -9.650400 0.165352 66.140949 -0.173648 34.297696 200.000000 34.297696 0.006468 2.587230 -0.984808 -26.530659 200.000000 -26.530659
 37.800000 -0.457662 -0.889127 -0.983611 -0.180304 -2.666229 -1.752092 -0.889127 -0.457662 -0.180304 -0.983611 0.153989 61.595583 -0.928368 19.441805 200.000000 19.441805 0.739584 295.833478 -0.371662 -9.650400 200.000000 -9.650400 0.004430 1.771971 -0.173648 34.297696 200.000000 34.297696 0.000143 0.057294 -0.984808 -26.530659 200.000000 -26.530659
 38.000000 -0.371191 -0.928557 -0.988150 -0.153489 -2.761302 -1.724894 -0.928557 -0.371191 -0.153489 -0.988150 0.000004 0.001424 -0.928368 19.441805 200.000000 19.441805 0.000022 0.008899 -0.371662 -9.650400 200.000000 -9.650400 0.040641 16.256497 -0.173648 34.297696 200.000000 34.297696 0.001117 0.446940 -0.984808 -26.530659 200.000000 -26.530659
 38.200000 -0.405319 -0.914175 -0.993617 -0.112809 -2.724265 -1.683846 -0.914175 -0.405319 -0.112809 -0.993617 0.020143 8.057367 -0.928368 19.441805 200.000000 19.441805 0.113278 45.311329 -0.371662 -9.650400 200.000000 -9.650400 0.370137 148.054874 -0.173648 34.297696 200.000000 34.297696 0.007760 3.103874 -0.984808 -26.530659 200.000000 -26.530659
 38.400000 -0.326905 -0.945057 -0.985325 -0.170691 -2.808566 -1.742328 -0.945057 -0.326905 -0.170691 -0.985325 0.027853 11.141304 -0.928368 19.441805 200.000000 19.441805 0.200324 80.129439 -0.371662 -9.650400 200.000000 -9.650400 0.000874 0.349731 -0.173648 34.297696 200.000000 34.297696 0.000027 0.010684 -0.984808 -26.530659 200.000000 -26.530659
 38.600000 -0.372447 -0.928054 -0.978239 -0.207480 -2.759948 -1.779795 -0.928054 -0.372447 -0.207480 -0.978239 0.000010 0.003955 -0.928368 19.441805 200.000000 19.441805 0.000062 0.024614 -0.371662 -9.650400 200.000000 -9.650400 0.114461 45.784405 -0.173648 34.297696 200.000000 34.297696 0.004315 1.725834 -0.984808 -26.530659 200.000000 -26.530659
 38.800000 -0.430174 -0.902746 -0.971597 -0.236642 -2.696907 -1.809705 -0.902746 -0.430174 -0.236642 -0.971597 0.065648 26.259376 -0.928368 19.441805 200.000000 19.441805 0.342360 136.944155 -0.371662 -9.650400 200.000000 -9.650400 0.396827 158.730656 -0.173648 34.297696 200.000000 34.297696 0.017453 6.981142 -0.984808 -26.530659 200.000000 -26.530659
 39.000000 -0.425248 -0.905077 -0.989274 -0.146069 -2.702356 -1.717390 -0.905077 -0.425248 -0.146069 -0.989274 0.054248 21.699350 -0.928368 19.441805 200.000000 19.441805 0.287146 114.858397 -0.371662 -9.650400 200.000000 -9.650400 0.076059 30.423421 -0.173648 34.297696 200.000000 34.297696 0.001995 0.798015 -0.984808 -26.530659 200.000000 -26.530659
 39.200000 -0.410164 -0.912012 -0.998231 -0.059459 -2.718958 -1.630291 -0.912012 -0.410164 -0.059459 -0.998231 0.026753 10.701107 -0.928368 19.441805 200.000000 19.441805 0.148239 59.295605 -0.371662 -9.650400 200.000000 -9.650400 1.303914 521.565570 -0.173648 34.297696 200.000000 34.297696 0.018018 7.207064 -0.984808 -26.530659 200.000000 -26.530659
 39.400000 -0.299098 -0.954222 -0.988646 -0.150262 -2.837846 -1.721630 -0.954222 -0.299098 -0.150262 -0.988646 0.066846 26.738339 -0.928368 19.441805 200.000000 19.441805 0.526565 210.625827 -0.371662 -9.650400 200.000000 -9.650400 0.054690 21.876197 -0.173648 34.297696 200.000000 34.297696 0.001473 0.589342 -0.984808 -26.530659 200.000000 -26.530659
 39.600000 -0.394371 -0.918951 -0.991040 -0.133568 -2.736210 -1.704764 -0.918951 -0.394371 -0.133568 -0.991040 0.008867 3.546854 -0.928368 19.441805 200.000000 19.441805 0.051567 20.626808 -0.371662 -9.650400 200.000000 -9.650400 0.160646 64.258340 -0.173648 34.297696 200.000000 34.297696 0.003884 1.553494 -0.984808 -26.530659 200.000000 -26.530659
 39.800000 -0.348105 -0.937456 -0.991095 -0.133158 -2.786044 -1.704351 -0.937456 -0.348105 -0.133158 -0.991095 0.008258 3.303362 -0.928368 19.441805 200.000000 19.441805 0.055495 22.197941 -0.371662 -9.650400 200.000000 -9.650400 0.163945 65.578055 -0.173648 34.297696 200.000000 34.297696 0.003953 1.581087 -0.984808 -26.530659 200.000000 -26.530659
 40.000000 -0.383958 -0.923351 -0.990898 -0.134615 -2.747513 -1.705822 -0.923351 -0.383958 -0.134615 -0.990898 0.002517 1.006982 -0.928368 19.441805 200.000000 19.441805 0.015118 6.047337 -0.371662 -9.650400 200.000000 -9.650400 0.152357 60.942631 -0.173648 34.297696 200.000000 34.297696 0.003709 1.483614 -0.984808 -26.530659 200.000000 -26.530659
 40.200000 -0.407623 -0.913151 -0.991572 -0.129559 -2.721744 -1.700720 -0.913151 -0.407623 -0.129559 -0.991572 0.023157 9.262770 -0.928368 19.441805 200.000000 19.441805 0.129312 51.724997 -0.371662 -9.650400 200.000000 -9.650400 0.194390 77.755980 -0.173648 34.297696 200.000000 34.297696 0.004575 1.830082 -0.984808 -26.530659 200.000000 -26.530659
 40.400000 -0.359071 -0.933310 -0.980747 -0.195283 -2.774320 -1.767342 -0.933310 -0.359071 -0.195283 -0.980747 0.002443 0.977066 -0.928368 19.441805 200.000000 19.441805 0.015855 6.341837 -0.371662 -9.650400 200.000000 -9.650400 0.046807 18.722664 -0.173648 34.297696 200.000000 34.297696 0.001649 0.659611 -0.984808 -26.530659 200.000000 -26.530659
 40.600000 -0.339083 -0.940757 -0.982030 -0.188727 -2.795651 -1.760662 -0.940757 -0.339083 -0.188727 -0.982030 0.015348 6.139080 -0.928368 19.441805 200.000000 19.441805 0.106143 42.457238 -0.371662 -9.650400 200.000000 -9.650400 0.022738 9.095128 -0.173648 34.297696 200.000000 34.297696 0.000772 0.308738 -0.984808 -26.530659 200.000000 -26.530659
 40.800000 -0.460022 -0.887908 -0.981650 -0.190694 -2.663573 -1.762665 -0.887908 -0.460022 -0.190694 -0.981650 0.163703 65.481352 -0.928368 19.441805 200.000000 19.441805 0.780736 312.294434 -0.371662 -9.650400 200.000000 -9.650400 0.029055 11.622026 -0.173648 34.297696 200.000000 34.297696 0.000997 0.398962 -0.984808 -26.530659 200.000000 -26.530659
 41.000000 -0.411583 -0.911372 -0.969205 -0.246256 -2.717403 -1.819612 -0.911372 -0.411583 -0.246256 -0.969205 0.028885 11.553817 -0.928368 19.441805 200.000000 19.441805 0.159361 63.744586 -0.371662 -9.650400 200.000000 -9.650400 0.527188 210.875004 -0.173648 34.297696 200.000000 34.297696 0.024345 9.738016 -0.984808 -26.530659 200.000000 -26.530659
 41.200000 -0.363784 -0.931483 -0.989470 -0.144735 -2.769265 -1.716041 -0.931483 -0.363784 -0.144735 -0.989470 0.000971 0.388216 -0.928368 19.441805 200.000000 19.441805 0.006207 2.482719 -0.371662 -9.650400 200.000000 -9.650400 0.083598 33.439373 -0.173648 34.297696 200.000000 34.297696 0.002174 0.869643 -0.984808 -26.530659 200.000000 -26.530659
 41.400000 -0.375241 -0.926927 -0.973515 -0.228622 -2.756935 -1.801458 -0.926927 -0.375241 -0.228622 -0.973515 0.000208 0.083041 -0.928368 19.441805 200.000000 19.441805 0.001281 0.512379 -0.371662 -9.650400 200.000000 -9.650400 0.302210 120.883889 -0.173648 34.297696 200.000000 34.297696 0.012752 5.100761 -0.984808 -26.530659 200.000000 -26.530659
 41.600000 -0.406017 -0.913865 -0.975680 -0.219198 -2.723501 -1.791788 -0.913865 -0.406017 -0.219198 -0.975680 0.021032 8.412929 -0.928368 19.441805 200.000000 19.441805 0.118025 47.210102 -0.371662 -9.650400 200.000000 -9.650400 0.207476 82.990240 -0.173648 34.297696 200.000000 34.297696 0.008331 3.332291 -0.984808 -26.530659 200.000000 -26.530659
 41.800000 -0.430632 -0.902527 -0.970929 -0.239369 -2.696399 -1.812512 -0.902527 -0.430632 -0.239369 -0.970929 0.066773 26.709120 -0.928368 19.441805 200.000000 19.441805 0.347743 139.097342 -0.371662 -9.650400 200.000000 -9.650400 0.431924 172.769418 -0.173648 34.297696 200.000000 34.297696 0.019263 7.705177 -0.984808 -26.530659 200.000000 -26.530659
 42.000000 -0.313249 -0.949671 -0.992957 -0.118475 -2.822980 -1.689550 -0.949671 -0.313249 -0.118475 -0.992957 0.045382 18.152824 -0.928368 19.441805 200.000000 19.441805 0.341212 136.484839 -0.371662 -9.650400 200.000000 -9.650400 0.304410 121.763834 -0.173648 34.297696 200.000000 34.297696 0.006641 2.656444 -0.984808 -26.530659 200.000000 -26.530659
 42.200000 -0.385353 -0.922769 -0.996273 -0.086260 -2.746003 -1.657164 -0.922769 -0.385353 -0.086260 -0.996273 0.003134 1.253781 -0.928368 19.441805 200.000000 19.441805 0.018743 7.497038 -0.371662 -9.650400 200.000000 -9.650400 0.763666 305.466308 -0.173648 34.297696 200.000000 34.297696 0.013144 5.257747 -0.984808 -26.530659 200.000000 -26.530659
 42.400000 -0.477939 -0.878393 -0.983492 -0.180951 -2.643286 -1.752749 -0.878393 -0.477939 -0.180951 -0.983492 0.249750 99.899990 -0.928368 19.441805 200.000000 19.441805 1.129474 451.789510 -0.371662 -9.650400 200.000000 -9.650400 0.005333 2.133081 -0.173648 34.297696 200.000000 34.297696 0.000173 0.069231 -0.984808 -26.530659 200.000000 -26.530659
 42.600000 -0.428800 -0.903399 -0.958938 -0.283617 -2.698429 -1.858360 -0.903399 -0.428800 -0.283617 -0.958938 0.062342 24.936956 -0.928368 19.441805 200.000000 19.441805 0.326469 130.587687 -0.371662 -9.650400 200.000000 -9.650400 1.209317 483.726737 -0.173648 34.297696 200.000000 34.297696 0.066926 26.770584 -0.984808 -26.530659 200.000000 -26.530659
 42.800000 -0.339035 -0.940774 -0.987058 -0.160365 -2.795702 -1.731857 -0.940774 -0.339035 -0.160365 -0.987058 0.015391 6.156241 -0.928368 19.441805 200.000000 19.441805 0.106456 42.582466 -0.371662 -9.650400 200.000000 -9.650400 0.017643 7.057393 -0.173648 34.297696 200.000000 34.297696 0.000506 0.202497 -0.984808 -26.530659 200.000000 -26.530659
 43.000000 -0.415163 -0.909747 -0.965275 -0.261235 -2.713471 -1.835098 -0.909747 -0.415163 -0.261235 -0.965275 0.034673 13.869204 -0.928368 19.441805 200.000000 19.441805 0.189226 75.690374 -0.371662 -9.650400 200.000000 -9.650400 0.767144 306.857609 -0.173648 34.297696 200.000000 34.297696 0.038152 15.260747 -0.984808 -26.530659 200.000000 -26.530659
 43.200000 -0.408659 -0.912687 -0.984742 -0.174018 -2.720608 -1.745705 -0.912687 -0.408659 -0.174018 -0.984742 0.024589 9.835510 -0.928368 19.441805 200.000000 19.441805 0.136875 54.749898 -0.371662 -9.650400 200.000000 -9.650400 0.000014 0.005476 -0.173648 34.297696 200.000000 34.297696 0.000000 0.000171 -0.984808 -26.530659 200.000000 -26.530659
 43.400000 -0.460510 -0.887655 -0.982279 -0.187424 -2.663023 -1.759336 -0.887655 -0.460510 -0.187424 -0.982279 0.165757 66.302966 -0.928368 19.441805 200.000000 19.441805 0.789385 315.754070 -0.371662 -9.650400 200.000000 -9.650400 0.018978 7.591310 -0.173648 34.297696 200.000000 34.297696 0.000639 0.255775 -0.984808 -26.530659 200.000000 -26.530659
 43.600000 -0.454796 -0.890596 -0.983110 -0.183017 -2.669450 -1.754851 -0.890596 -0.454796 -0.183017 -0.983110 0.142674 57.069500 -0.928368 19.441805 200.000000 19.441805 0.691115 276.445994 -0.371662 -9.650400 200.000000 -9.650400 0.008777 3.510857 -0.173648 34.297696 200.000000 34.297696 0.000288 0.115324 -0.984808 -26.530659 200.000000 -26.530659
 43.800000 -0.442950 -0.896546 -0.972653 -0.232261 -2.682706 -1.805198 -0.896546 -0.442950 -0.232261 -0.972653 0.101262 40.504806 -0.928368 19.441805 200.000000 19.441805 0.508194 203.277440 -0.371662 -9.650400 200.000000 -9.650400 0.343552 137.420851 -0.173648 34.297696 200.000000 34.297696 0.014773 5.909152 -0.984808 -26.530659 200.000000 -26.530659
 44.000000 -0.336710 -0.941609 -0.971173 -0.238376 -2.798172 -1.811489 -0.941609 -0.336710 -0.238376 -0.971173 0.017531 7.012570 -0.928368 19.441805 200.000000 19.441805 0.122171 48.868240 -0.371662 -9.650400 200.000000 -9.650400 0.418965 167.586115 -0.173648 34.297696 200.000000 34.297696 0.018591 7.436244 -0.984808 -26.530659 200.000000 -26.530659
 44.200000 -0.472403 -0.881383 -0.971965 -0.235124 -2.649578 -1.808143 -0.881383 -0.472403 -0.235124 -0.971965 0.220760 88.304118 -0.928368 19.441805 200.000000 19.441805 1.014861 405.944327 -0.371662 -9.650400 200.000000 -9.650400 0.377932 151.172905 -0.173648 34.297696 200.000000 34.297696 0.016493 6.597152 -0.984808 -26.530659 200.000000 -26.530659
 44.400000 -0.449735 -0.893162 -0.980886 -0.194582 -2.675125 -1.766628 -0.893162 -0.449735 -0.194582 -0.980886 0.123944 49.577523 -0.928368 19.441805 200.000000 19.441805 0.609525 243.809924 -0.371662 -9.650400 200.000000 -9.650400 0.043822 17.528945 -0.173648 34.297696 200.000000 34.297696 0.001538 0.615124 -0.984808 -26.530659 200.000000 -26.530659
 44.600000 -0.486545 -0.873655 -0.972977 -0.230901 -2.633462 -1.803800 -0.873655 -0.486545 -0.230901 -0.972977 0.299347 119.738742 -0.928368 19.441805 200.000000 19.441805 1.319807 527.922996 -0.371662 -9.650400 200.000000 -9.650400 0.327789 131.115654 -0.173648 34.297696 200.000000 34.297696 0.013996 5.598444 -0.984808 -26.530659 200.000000 -26.530659
 44.800000 -0.375259 -0.926920 -0.972532 -0.232770 -2.756917 -1.805721 -0.926920 -0.375259 -0.232770 -0.972532 0.000210 0.083847 -0.928368 19.441805 200.000000 19.441805 0.001293 0.517319 -0.371662 -9.650400 200.000000 -9.650400 0.349533 139.813318 -0.173648 34.297696 200.000000 34.297696 0.015070 6.027835 -0.984808 -26.530659 200.000000 -26.530659
 45.000000 -0.350244 -0.936659 -0.981955 -0.189112 -2.783761 -1.761054 -0.936659 -0.350244 -0.189112 -0.981955 0.006874 2.749434 -0.928368 19.441805 200.000000 19.441805 0.045877 18.350669 -0.371662 -9.650400 200.000000 -9.650400 0.023914 9.565550 -0.173648 34.297696 200.000000 34.297696 0.000814 0.325421 -0.984808 -26.530659 200.000000 -26.530659
 45.200000 -0.420179 -0.907441 -0.974552 -0.224161 -2.707950 -1.796878 -0.907441 -0.420179 -0.224161 -0.974552 0.043792 17.516851 -0.928368 19.441805 200.000000 19.441805 0.235383 94.153178 -0.371662 -9.650400 200.000000 -9.650400 0.255156 102.062315 -0.173648 34.297696 200.000000 34.297696 0.010518 4.207139 -0.984808 -26.530659 200.000000 -26.530659
 45.400000 -0.427862 -0.903844 -0.978178 -0.207770 -2.699467 -1.780091 -0.903844 -0.427862 -0.207770 -0.978178 0.060142 24.056660 -0.928368 19.441805 200.000000 19.441805 0.315837 126.334936 -0.371662 -9.650400 200.000000 -9.650400 0.116427 46.570691 -0.173648 34.297696 200.000000 34.297696 0.004396 1.758248 -0.984808 -26.530659 200.000000 -26.530659
 45.600000 -0.425667 -0.904880 -0.995258 -0.097268 -2.701894 -1.668219 -0.904880 -0.425667 -0.097268 -0.995258 0.055168 22.067246 -0.928368 19.441805 200.000000 19.441805 0.291646 116.658211 -0.371662 -9.650400 200.000000 -9.650400 0.583386 233.354576 -0.173648 34.297696 200.000000 34.297696 0.010921 4.368459 -0.984808 -26.530659 200.000000 -26.530659
 45.800000 -0.386863 -0.922137 -0.987235 -0.159270 -2.744365 -1.730748 -0.922137 -0.386863 -0.159270 -0.987235 0.003882 1.552888 -0.928368 19.441805 200.000000 19.441805 0.023106 9.242307 -0.371662 -9.650400 200.000000 -9.650400 0.020673 8.269276 -0.173648 34.297696 200.000000 34.297696 0.000589 0.235673 -0.984808 -26.530659 200.000000 -26.530659
 46.000000 -0.324750 -0.945800 -0.982689 -0.185264 -2.810845 -1.757137 -0.945800 -0.324750 -0.185264 -0.982689 0.030387 12.154896 -0.928368 19.441805 200.000000 19.441805 0.220077 88.030884 -0.371662 -9.650400 200.000000 -9.650400 0.013492 5.396846 -0.173648 34.297696 200.000000 34.297696 0.000449 0.179592 -0.984808 -26.530659 200.000000 -26.530659
 46.200000 -0.359593 -0.933109 -0.982892 -0.184182 -2.773761 -1.756035 -0.933109 -0.359593 -0.184182 -0.982892 0.002248 0.899203 -0.928368 19.441805 200.000000 19.441805 0.014567 5.826867 -0.371662 -9.650400 200.000000 -9.650400 0.011095 4.438109 -0.173648 34.297696 200.000000 34.297696 0.000367 0.146769 -0.984808 -26.530659 200.000000 -26.530659
 46.400000 -0.329565 -0.944133 -0.984094 -0.177647 -2.805750 -1.749392 -0.944133 -0.329565 -0.177647 -0.984094 0.024854 9.941512 -0.928368 19.441805 200.000000 19.441805 0.177223 70.889048 -0.371662 -9.650400 200.000000 -9.650400 0.001599 0.639780 -0.173648 34.297696 200.000000 34.297696 0.000051 0.020367 -0.984808 -26.530659 200.000000 -26.530659
 46.600000 -0.423130 -0.906069 -0.997060 -0.076624 -2.704696 -1.647496 -0.906069 -0.423130 -0.076624 -0.997060 0.049724 19.889584 -0.928368 19.441805 200.000000 19.441805 0.264889 105.955623 -0.371662 -9.650400 200.000000 -9.650400 0.941360 376.544184 -0.173648 34.297696 200.000000 34.297696 0.015012 6.004727 -0.984808 -26.530659 200.000000 -26.530659
 46.800000 -0.326132 -0.945324 -0.995783 -0.091738 -2.809383 -1.662663 -0.945324 -0.326132 -0.091738 -0.995783 0.028751 11.500428 -0.928368 19.441805 200.000000 19.441805 0.207298 82.919140 -0.371662 -9.650400 200.000000 -9.650400 0.670931 268.372372 -0.173648 34.297696 200.000000 34.297696 0.012046 4.818415 -0.984808 -26.530659 200.000000 -26.530659
 47.000000 -0.376637 -0.926361 -0.993585 -0.113086 -2.755429 -1.684125 -0.926361 -0.376637 -0.113086 -0.993585 0.000403 0.161153 -0.928368 19.441805 200.000000 19.441805 0.002475 0.990028 -0.371662 -9.650400 200.000000 -9.650400 0.366778 146.711063 -0.173648 34.297696 200.000000 34.297696 0.007704 3.081745 -0.984808 -26.530659 200.000000 -26.530659
 47.200000 -0.343572 -0.939126 -0.997513 -0.070479 -2.790875 -1.641333 -0.939126 -0.343572 -0.070479 -0.997513 0.011575 4.629844 -0.928368 19.441805 200.000000 19.441805 0.078909 31.563747 -0.371662 -9.650400 200.000000 -9.650400 1.064396 425.758301 -0.173648 34.297696 200.000000 34.297696 0.016143 6.457227 -0.984808 -26.530659 200.000000 -26.530659
 47.400000 -0.332214 -0.943204 -0.998243 -0.059260 -2.802943 -1.630091 -0.943204 -0.332214 -0.059260 -0.998243 0.022011 8.804372 -0.928368 19.441805 200.000000 19.441805 0.155618 62.247004 -0.371662 -9.650400 200.000000 -9.650400 1.308462 523.384869 -0.173648 34.297696 200.000000 34.297696 0.018049 7.219776 -0.984808 -26.530659 200.000000 -26.530659
 47.600000 -0.342774 -0.939418 -0.996924 -0.078378 -2.791725 -1.649255 -0.939418 -0.342774 -0.078378 -0.996924 0.012210 4.884126 -0.928368 19.441805 200.000000 19.441805 0.083455 33.382131 -0.371662 -9.650400 200.000000 -9.650400 0.907642 363.056854 -0.173648 34.297696 200.000000 34.297696 0.014680 5.871865 -0.984808 -26.530659 200.000000 -26.530659
 47.800000 -0.423492 -0.905900 -0.998245 -0.059226 -2.704296 -1.630057 -0.905900 -0.423492 -0.059226 -0.998245 0.050481 20.192471 -0.928368 19.441805 200.000000 19.441805 0.268629 107.451419 -0.371662 -9.650400 200.000000 -9.650400 1.309249 523.699759 -0.173648 34.297696 200.000000 34.297696 0.018055 7.221971 -0.984808 -26.530659 200.000000 -26.530659
 48.000000 -0.301517 -0.953461 -0.989111 -0.147175 -2.835310 -1.718508 -0.953461 -0.301517 -0.147175 -0.989111 0.062965 25.186191 -0.928368 19.441805 200.000000 19.441805 0.492041 196.816375 -0.371662 -9.650400 200.000000 -9.650400 0.070085 28.033926 -0.173648 34.297696 200.000000 34.297696 0.001851 0.740553 -0.984808 -26.530659 200.000000 -26.530659
 48.200000 -0.359582 -0.933113 -0.993001 -0.118108 -2.773773 -1.689181 -0.933113 -0.359582 -0.118108 -0.993001 0.002252 0.900778 -0.928368 19.441805 200.000000 19.441805 0.014593 5.837271 -0.371662 -9.650400 200.000000 -9.650400 0.308467 123.386620 -0.173648 34.297696 200.000000 34.297696 0.006712 2.684979 -0.984808 -26.530659 200.000000 -26.530659
 48.400000 -0.413609 -0.910455 -0.995337 -0.096458 -2.715178 -1.667404 -0.910455 -0.413609 -0.096458 -0.995337 0.032089 12.835581 -0.928368 19.441805 200.000000 19.441805 0.175952 70.380988 -0.371662 -9.650400 200.000000 -9.650400 0.595839 238.335554 -0.173648 34.297696 200.000000 34.297696 0.011087 4.434683 -0.984808 -26.530659 200.000000 -26.530659
 48.600000 -0.411047 -0.911614 -0.995181 -0.098055 -2.717990 -1.669009 -0.911614 -0.411047 -0.098055 -0.995181 0.028069 11.227704 -0.928368 19.441805 200.000000 19.441805 0.155116 62.046413 -0.371662 -9.650400 200.000000 -9.650400 0.571435 228.574116 -0.173648 34.297696 200.000000 34.297696 0.010760 4.304181 -0.984808 -26.530659 200.000000 -26.530659
 48.800000 -0.279945 -0.960016 -0.978243 -0.207460 -2.857856 -1.779774 -0.960016 -0.279945 -0.207460 -0.978243 0.100160 40.064073 -0.928368 19.441805 200.000000 19.441805 0.841208 336.483328 -0.371662 -9.650400 200.000000 -9.650400 0.114325 45.729926 -0.173648 34.297696 200.000000 34.297696 0.004309 1.723590 -0.984808 -26.530659 200.000000 -26.530659
 49.000000 -0.446759 -0.894654 -0.986204 -0.165537 -2.678453 -1.737099 -0.894654 -0.446759 -0.165537 -0.986204 0.113662 45.464679 -0.928368 19.441805 200.000000 19.441805 0.563954 225.581589 -0.371662 -9.650400 200.000000 -9.650400 0.006579 2.631421 -0.173648 34.297696 200.000000 34.297696 0.000195 0.077927 -0.984808 -26.530659 200.000000 -26.530659
 49.200000 -0.407719 -0.913108 -0.995461 -0.095175 -2.721638 -1.666116 -0.913108 -0.407719 -0.095175 -0.995461 0.023288 9.315090 -0.928368 19.441805 200.000000 19.441805 0.130005 52.001906 -0.371662 -9.650400 200.000000 -9.650400 0.615800 246.319952 -0.173648 34.297696 200.000000 34.297696 0.011348 4.539268 -0.984808 -26.530659 200.000000 -26.530659
 49.400000 -0.409046 -0.912514 -0.983823 -0.179145 -2.720185 -1.750913 -0.912514 -0.409046 -0.179145 -0.983823 0.025135 10.053979 -0.928368 19.441805 200.000000 19.441805 0.139750 55.900085 -0.371662 -9.650400 200.000000 -9.650400 0.003021 1.208390 -0.173648 34.297696 200.000000 34.297696 0.000097 0.038808 -0.984808 -26.530659 200.000000 -26.530659
 49.600000 -0.411715 -0.911313 -0.986884 -0.161430 -2.717258 -1.732936 -0.911313 -0.411715 -0.161430 -0.986884 0.029088 11.635004 -0.928368 19.441805 200.000000 19.441805 0.160417 64.166725 -0.371662 -9.650400 200.000000 -9.650400 0.014929 5.971537 -0.173648 34.297696 200.000000 34.297696 0.000431 0.172465 -0.984808 -26.530659 200.000000 -26.530659
 49.800000 -0.430787 -0.902454 -0.978541 -0.206052 -2.696228 -1.778335 -0.902454 -0.430787 -0.206052 -0.978541 0.067156 26.862287 -0.928368 19.441805 200.000000 19.441805 0.349574 139.829664 -0.371662 -9.650400 200.000000 -9.650400 0.105000 42.000186 -0.173648 34.297696 200.000000 34.297696 0.003927 1.570861 -0.984808 -26.530659 200.000000 -26.530659
 50.000000 -0.416305 -0.909225 -0.978740 -0.205105 -2.712215 -1.777367 -0.909225 -0.416305 -0.205105 -0.978740 0.036646 14.658276 -0.928368 19.441805 200.000000 19.441805 0.199299 79.719492 -0.371662 -9.650400 200.000000 -9.650400 0.098952 39.580797 -0.173648 34.297696 200.000000 34.297696 0.003682 1.472698 -0.984808 -26.530659 200.000000 -26.530659
 50.200000 -0.377598 -0.925969 -0.973091 -0.230422 -2.754391 -1.803307 -0.925969 -0.377598 -0.230422 -0.973091 0.000575 0.230109 -0.928368 19.441805 200.000000 19.441805 0.003524 1.409437 -0.371662 -9.650400 200.000000 -9.650400 0.322321 128.928525 -0.173648 34.297696 200.000000 34.297696 0.013728 5.491376 -0.984808 -26.530659 200.000000 -26.530659
 50.400000 -0.496478 -0.868049 -0.980622 -0.195909 -2.622056 -1.767981 -0.868049 -0.496478 -0.195909 -0.980622 0.363835 145.533806 -0.928368 19.441805 200.000000 19.441805 1.557895 623.157995 -0.371662 -9.650400 200.000000 -9.650400 0.049556 19.822464 -0.173648 34.297696 200.000000 34.297696 0.001752 0.700820 -0.984808 -26.530659 200.000000 -26.530659
 50.600000 -0.391246 -0.920286 -0.972387 -0.233376 -2.739608 -1.806344 -0.920286 -0.391246 -0.233376 -0.972387 0.006531 2.612536 -0.928368 19.441805 200.000000 19.441805 0.038350 15.340134 -0.371662 -9.650400 200.000000 -9.650400 0.356741 142.696346 -0.173648 34.297696 200.000000 34.297696 0.015429 6.171423 -0.984808 -26.530659 200.000000 -26.530659
 50.800000 -0.450055 -0.893001 -0.974755 -0.223279 -2.674766 -1.795973 -0.893001 -0.450055 -0.223279 -0.974755 0.125082 50.032626 -0.928368 19.441805 200.000000 19.441805 0.614532 245.812868 -0.371662 -9.650400 200.000000 -9.650400 0.246321 98.528294 -0.173648 34.297696 200.000000 34.297696 0.010107 4.042632 -0.984808 -26.530659 200.000000 -26.530659
 51.000000 -0.398776 -0.917048 -0.955333 -0.295532 -2.731411 -1.870809 -0.917048 -0.398776 -0.295532 -0.955333 0.012813 5.125307 -0.928368 19.441805 200.000000 19.441805 0.073514 29.405780 -0.371662 -9.650400 200.000000 -9.650400 1.485576 594.230339 -0.173648 34.297696 200.000000 34.297696 0.086878 34.751094 -0.984808 -26.530659 200.000000 -26.530659
 51.200000 -0.444200 -0.895927 -0.972787 -0.231701 -2.681311 -1.804622 -0.895927 -0.444200 -0.231701 -0.972787 0.105238 42.095399 -0.928368 19.441805 200.000000 19.441805 0.526176 210.470202 -0.371662 -9.650400 200.000000 -9.650400 0.337010 134.804169 -0.173648 34.297696 200.000000 34.297696 0.014450 5.779840 -0.984808 -26.530659 200.000000 -26.530659
 51.400000 -0.468679 -0.883368 -0.978104 -0.208115 -2.653797 -1.780443 -0.883368 -0.468679 -0.208115 -0.978104 0.202496 80.998527 -0.928368 19.441805 200.000000 19.441805 0.941229 376.491433 -0.371662 -9.650400 200.000000 -9.650400 0.118793 47.517171 -0.173648 34.297696 200.000000 34.297696 0.004493 1.797363 -0.984808 -26.530659 200.000000 -26.530659
 51.600000 -0.432143 -0.901805 -0.974728 -0.223396 -2.694725 -1.796093 -0.901805 -0.432143 -0.223396 -0.974728 0.070558 28.223121 -0.928368 19.441805 200.000000 19.441805 0.365787 146.314634 -0.371662 -9.650400 200.000000 -9.650400 0.247481 98.992257 -0.173648 34.297696 200.000000 34.297696 0.010160 4.064168 -0.984808 -26.530659 200.000000 -26.530659
 51.800000 -0.400163 -0.916444 -0.977982 -0.208690 -2.729898 -1.781031 -0.916444 -0.400163 -0.208690 -0.977982 0.014218 5.687266 -0.928368 19.441805 200.000000 19.441805 0.081229 32.491471 -0.371662 -9.650400 200.000000 -9.650400 0.122790 49.116029 -0.173648 34.297696 200.000000 34.297696 0.004659 1.863675 -0.984808 -26.530659 200.000000 -26.530659
 52.000000 -0.382331 -0.924026 -0.962168 -0.272456 -2.749275 -1.846741 -0.924026 -0.382331 -0.272456 -0.962168 0.001886 0.754238 -0.928368 19.441805 200.000000 19.441805 0.011381 4.552398 -0.371662 -9.650400 200.000000 -9.650400 0.976291 390.516414 -0.173648 34.297696 200.000000 34.297696 0.051254 20.501701 -0.984808 -26.530659 200.000000 -26.530659
 52.200000 -0.382741 -0.923856 -0.975374 -0.220559 -2.748831 -1.793184 -0.923856 -0.382741 -0.220559 -0.975374 0.002036 0.814404 -0.928368 19.441805 200.000000 19.441805 0.012273 4.909296 -0.371662 -9.650400 200.000000 -9.650400 0.220065 88.025838 -0.173648 34.297696 200.000000 34.297696 0.008900 3.560141 -0.984808 -26.530659 200.000000 -26.530659
 52.400000 -0.375533 -0.926809 -0.966892 -0.255187 -2.756620 -1.828838 -0.926809 -0.375533 -0.255187 -0.966892 0.000243 0.097231 -0.928368 19.441805 200.000000 19.441805 0.001498 0.599387 -0.371662 -9.650400 200.000000 -9.650400 0.664861 265.944263 -0.173648 34.297696 200.000000 34.297696 0.032099 12.839435 -0.984808 -26.530659 200.000000 -26.530659
 52.600000 -0.399459 -0.916751 -0.958324 -0.285684 -2.730666 -1.860517 -0.916751 -0.399459 -0.285684 -0.958324 0.013495 5.398148 -0.928368 19.441805 200.000000 19.441805 0.077266 30.906349 -0.371662 -9.650400 200.000000 -9.650400 1.255206 502.082510 -0.173648 34.297696 200.000000 34.297696 0.070140 28.055934 -0.984808 -26.530659 200.000000 -26.530659
 52.800000 -0.379422 -0.925224 -0.982667 -0.185382 -2.752421 -1.757257 -0.925224 -0.379422 -0.185382 -0.982667 0.000989 0.395423 -0.928368 19.441805 200.000000 19.441805 0.006021 2.408310 -0.371662 -9.650400 200.000000 -9.650400 0.013768 5.507204 -0.173648 34.297696 200.000000 34.297696 0.000458 0.183390 -0.984808 -26.530659 200.000000 -26.530659
 53.000000 -0.345835 -0.938295 -0.972728 -0.231948 -2.788464 -1.804876 -0.938295 -0.345835 -0.231948 -0.972728 0.009855 3.942121 -0.928368 19.441805 200.000000 19.441805 0.066705 26.682170 -0.371662 -9.650400 200.000000 -9.650400 0.339882 135.952675 -0.173648 34.297696 200.000000 34.297696 0.014591 5.836533 -0.984808 -26.530659 200.000000 -26.530659
 53.200000 -0.410231 -0.911981 -0.979553 -0.201185 -2.718885 -1.773363 -0.911981 -0.410231 -0.201185 -0.979553 0.026852 10.740697 -0.928368 19.441805 200.000000 19.441805 0.148757 59.502788 -0.371662 -9.650400 200.000000 -9.650400 0.075825 30.330196 -0.173648 34.297696 200.000000 34.297696 0.002761 1.104352 -0.984808 -26.530659 200.000000 -26.530659
 53.400000 -0.339401 -0.940642 -0.971930 -0.235272 -2.795313 -1.808295 -0.940642 -0.339401 -0.235272 -0.971930 0.015065 6.026009 -0.928368 19.441805 200.000000 19.441805 0.104082 41.632899 -0.371662 -9.650400 200.000000 -9.650400 0.379752 151.900835 -0.173648 34.297696 200.000000 34.297696 0.016585 6.633957 -0.984808 -26.530659 200.000000 -26.530659
 53.600000 -0.359673 -0.933078 -0.991184 -0.132495 -2.773675 -1.703682 -0.933078 -0.359673 -0.132495 -0.991184 0.002219 0.887477 -0.928368 19.441805 200.000000 19.441805 0.014374 5.749420 -0.371662 -9.650400 200.000000 -9.650400 0.169359 67.743752 -0.173648 34.297696 200.000000 34.297696 0.004065 1.626103 -0.984808 -26.530659 200.000000 -26.530659
 53.800000 -0.339300 -0.940678 -0.992422 -0.122876 -2.795420 -1.693984 -0.940678 -0.339300 -0.122876 -0.992422 0.015154 6.061742 -0.928368 19.441805 200.000000 19.441805 0.104733 41.893265 -0.371662 -9.650400 200.000000 -9.650400 0.257782 103.112773 -0.173648 34.297696 200.000000 34.297696 0.005798 2.319093 -0.984808 -26.530659 200.000000 -26.530659
 54.000000 -0.332748 -0.943016 -0.990431 -0.138009 -2.802376 -1.709247 -0.943016 -0.332748 -0.138009 -0.990431 0.021456 8.582255 -0.928368 19.441805 200.000000 19.441805 0.151431 60.572444 -0.371662 -9.650400 200.000000 -9.650400 0.127016 50.806426 -0.173648 34.297696 200.000000 34.297696 0.003162 1.264833 -0.984808 -26.530659 200.000000 -26.530659
 54.200000 -0.367197 -0.930143 -0.993235 -0.116118 -2.765599 -1.687177 -0.930143 -0.367197 -0.116118 -0.993235 0.000315 0.126081 -0.928368 19.441805 200.000000 19.441805 0.001994 0.797732 -0.371662 -9.650400 200.000000 -9.650400 0.330975 132.390126 -0.173648 34.297696 200.000000 34.297696 0.007103 2.841048 -0.984808 -26.530659 200.000000 -26.530659
 54.400000 -0.313780 -0.949496 -0.988288 -0.152602 -2.822421 -1.723996 -0.949496 -0.313780 -0.152602 -0.988288 0.044638 17.855383 -0.928368 19.441805 200.000000 19.441805 0.335039 134.015622 -0.371662 -9.650400 200.000000 -9.650400 0.044296 17.718497 -0.173648 34.297696 200.000000 34.297696 0.001211 0.484430 -0.984808 -26.530659 200.000000 -26.530659
 54.600000 -0.343765 -0.939056 -0.985768 -0.168109 -2.790669 -1.739707 -0.939056 -0.343765 -0.168109 -0.985768 0.011423 4.569124 -0.928368 19.441805 200.000000 19.441805 0.077826 31.130589 -0.371662 -9.650400 200.000000 -9.650400 0.003068 1.227249 -0.173648 34.297696 200.000000 34.297696 0.000092 0.036913 -0.984808 -26.530659 200.000000 -26.530659
 54.800000 -0.335048 -0.942201 -0.986741 -0.162301 -2.799936 -1.733818 -0.942201 -0.335048 -0.162301 -0.986741 0.019135 7.654199 -0.928368 19.441805 200.000000 19.441805 0.134062 53.624608 -0.371662 -9.650400 200.000000 -9.650400 0.012876 5.150470 -0.173648 34.297696 200.000000 34.297696 0.000374 0.149547 -0.984808 -26.530659 200.000000 -26.530659
 55.000000 -0.329098 -0.944296 -0.984476 -0.175521 -2.806244 -1.747232 -0.944296 -0.329098 -0.175521 -0.984476 0.025369 10.147742 -0.928368 19.441805 200.000000 19.441805 0.181171 72.468543 -0.371662 -9.650400 200.000000 -9.650400 0.000351 0.140336 -0.173648 34.297696 200.000000 34.297696 0.000011 0.004412 -0.984808 -26.530659 200.000000 -26.530659
 55.200000 -0.275570 -0.961281 -0.968309 -0.249754 -2.862410 -1.823222 -0.961281 -0.275570 -0.249754 -0.968309 0.108327 43.330623 -0.928368 19.441805 200.000000 19.441805 0.923371 369.348406 -0.371662 -9.650400 200.000000 -9.650400 0.579204 231.681757 -0.173648 34.297696 200.000000 34.297696 0.027220 10.887815 -0.984808 -26.530659 200.000000 -26.530659
 55.400000 -0.405089 -0.914277 -0.989587 -0.143934 -2.724517 -1.715232 -0.914277 -0.405089 -0.143934 -0.989587 0.019855 7.941844 -0.928368 19.441805 200.000000 19.441805 0.111733 44.693129 -0.371662 -9.650400 200.000000 -9.650400 0.088294 35.317689 -0.173648 34.297696 200.000000 34.297696 0.002284 0.913768 -0.984808 -26.530659 200.000000 -26.530659
 55.600000 -0.322857 -0.946448 -0.978002 -0.208594 -2.812846 -1.780934 -0.946448 -0.322857 -0.208594 -0.978002 0.032689 13.075406 -0.928368 19.441805 200.000000 19.441805 0.238201 95.280516 -0.371662 -9.650400 200.000000 -9.650400 0.122123 48.849261 -0.173648 34.297696 200.000000 34.297696 0.004631 1.852590 -0.984808 -26.530659 200.000000 -26.530659
 55.800000 -0.318249 -0.948007 -0.984119 -0.177509 -2.817710 -1.749251 -0.948007 -0.318249 -0.177509 -0.984119 0.038570 15.427808 -0.928368 19.441805 200.000000 19.441805 0.285296 114.118592 -0.371662 -9.650400 200.000000 -9.650400 0.001491 0.596201 -0.173648 34.297696 200.000000 34.297696 0.000047 0.018964 -0.984808 -26.530659 200.000000 -26.530659
 56.000000 -0.336859 -0.941555 -0.984478 -0.175510 -2.798014 -1.747220 -0.941555 -0.336859 -0.175510 -0.984478 0.017390 6.956064 -0.928368 19.441805 200.000000 19.441805 0.121128 48.451253 -0.371662 -9.650400 200.000000 -9.650400 0.000347 0.138709 -0.173648 34.297696 200.000000 34.297696 0.000011 0.004360 -0.984808 -26.530659 200.000000 -26.530659
 56.200000 -0.440267 -0.897867 -0.985273 -0.170991 -2.685697 -1.742632 -0.897867 -0.440267 -0.170991 -0.985273 0.093031 37.212348 -0.928368 19.441805 200.000000 19.441805 0.470656 188.262540 -0.371662 -9.650400 200.000000 -9.650400 0.000706 0.282463 -0.173648 34.297696 200.000000 34.297696 0.000022 0.008644 -0.984808 -26.530659 200.000000 -26.530659
 56.400000 -0.348127 -0.937447 -0.965161 -0.261658 -2.786021 -1.835536 -0.937447 -0.348127 -0.261658 -0.965161 0.008244 3.297534 -0.928368 19.441805 200.000000 19.441805 0.055393 22.157257 -0.371662 -9.650400 200.000000 -9.650400 0.774567 309.826882 -0.173648 34.297696 200.000000 34.297696 0.038601 15.440200 -0.984808 -26.530659 200.000000 -26.530659
 56.600000 -0.347801 -0.937568 -0.993531 -0.113558 -2.786368 -1.684600 -0.937568 -0.347801 -0.113558 -0.993531 0.008465 3.386013 -0.928368 19.441805 200.000000 19.441805 0.056938 22.775358 -0.371662 -9.650400 200.000000 -9.650400 0.361078 144.431083 -0.173648 34.297696 200.000000 34.297696 0.007610 3.044024 -0.984808 -26.530659 200.000000 -26.530659
 56.800000 -0.379567 -0.925164 -0.990976 -0.134036 -2.752264 -1.705237 -0.925164 -0.379567 -0.134036 -0.990976 0.001026 0.410595 -0.928368 19.441805 200.000000 19.441805 0.006249 2.499586 -0.371662 -9.650400 200.000000 -9.650400 0.156909 62.763408 -0.173648 34.297696 200.000000 34.297696 0.003805 1.522086 -0.984808 -26.530659 200.000000 -26.530659
 57.000000 -0.321336 -0.946965 -0.978160 -0.207855 -2.814452 -1.780178 -0.946965 -0.321336 -0.207855 -0.978160 0.034586 13.834268 -0.928368 19.441805 200.000000 19.441805 0.253273 101.309027 -0.371662 -9.650400 200.000000 -9.650400 0.117012 46.804858 -0.173648 34.297696 200.000000 34.297696 0.004420 1.767916 -0.984808 -26.530659 200.000000 -26.530659
 57.200000 -0.368529 -0.929616 -0.987019 -0.160606 -2.764167 -1.732101 -0.929616 -0.368529 -0.160606 -0.987019 0.000156 0.062341 -0.928368 19.441805 200.000000 19.441805 0.000982 0.392796 -0.371662 -9.650400 200.000000 -9.650400 0.017010 6.804051 -0.173648 34.297696 200.000000 34.297696 0.000489 0.195517 -0.984808 -26.530659 200.000000 -26.530659
 57.400000 -0.448084 -0.893992 -0.970547 -0.240912 -2.676972 -1.814101 -0.893992 -0.448084 -0.240912 -0.970547 0.118173 47.269095 -0.928368 19.441805 200.000000 19.441805 0.584019 233.607510 -0.371662 -9.650400 200.000000 -9.650400 0.452437 180.974961 -0.173648 34.297696 200.000000 34.297696 0.020337 8.134704 -0.984808 -26.530659 200.000000 -26.530659
 57.600000 -0.384488 -0.923130 -0.990236 -0.139399 -2.746940 -1.710651 -0.923130 -0.384488 -0.139399 -0.990236 0.002744 1.097417 -0.928368 19.441805 200.000000 19.441805 0.016449 6.579638 -0.371662 -9.650400 200.000000 -9.650400 0.117299 46.919597 -0.173648 34.297696 200.000000 34.297696 0.002947 1.178748 -0.984808 -26.530659 200.000000 -26.530659
 57.800000 -0.305660 -0.952141 -0.976148 -0.217107 -2.830962 -1.789646 -0.952141 -0.305660 -0.217107 -0.976148 0.056515 22.606063 -0.928368 19.441805 200.000000 19.441805 0.435637 174.254987 -0.371662 -9.650400 200.000000 -9.650400 0.188870 75.547950 -0.173648 34.297696 200.000000 34.297696 0.007500 2.999836 -0.984808 -26.530659 200.000000 -26.530659
 58.000000 -0.344223 -0.938888 -0.996921 -0.078414 -2.790181 -1.649290 -0.938888 -0.344223 -0.078414 -0.996921 0.011067 4.426701 -0.928368 19.441805 200.000000 19.441805 0.075291 30.116209 -0.371662 -9.650400 200.000000 -9.650400 0.906964 362.785497 -0.173648 34.297696 200.000000 34.297696 0.014673 5.869151 -0.984808 -26.530659 200.000000 -26.530659
 58.200000 -0.393720 -0.919231 -0.990877 -0.134766 -2.736918 -1.705974 -0.919231 -0.393720 -0.134766 -0.990877 0.008349 3.339704 -0.928368 19.441805 200.000000 19.441805 0.048653 19.461054 -0.371662 -9.650400 200.000000 -9.650400 0.151183 60.473329 -0.173648 34.297696 200.000000 34.297696 0.003684 1.473658 -0.984808 -26.530659 200.000000 -26.530659
 58.400000 -0.377573 -0.925980 -0.987901 -0.155084 -2.754418 -1.726509 -0.925980 -0.377573 -0.155084 -0.987901 0.000570 0.228145 -0.928368 19.441805 200.000000 19.441805 0.003494 1.397516 -0.371662 -9.650400 200.000000 -9.650400 0.034462 13.784605 -0.173648 34.297696 200.000000 34.297696 0.000957 0.382784 -0.984808 -26.530659 200.000000 -26.530659
 58.600000 -0.417516 -0.908669 -0.983373 -0.181599 -2.710882 -1.753409 -0.908669 -0.417516 -0.181599 -0.983373 0.038803 15.521352 -0.928368 19.441805 200.000000 19.441805 0.210259 84.103591 -0.371662 -9.650400 200.000000 -9.650400 0.006322 2.528707 -0.173648 34.297696 200.000000 34.297696 0.000206 0.082382 -0.984808 -26.530659 200.000000 -26.530659
 58.800000 -0.357983 -0.933728 -0.985189 -0.171471 -2.775486 -1.743119 -0.933728 -0.357983 -0.171471 -0.985189 0.002873 1.149310 -0.928368 19.441805 200.000000 19.441805 0.018714 7.485454 -0.371662 -9.650400 200.000000 -9.650400 0.000474 0.189619 -0.173648 34.297696 200.000000 34.297696 0.000015 0.005820 -0.984808 -26.530659 200.000000 -26.530659
 59.000000 -0.319796 -0.947487 -0.976140 -0.217143 -2.816079 -1.789683 -0.947487 -0.319796 -0.217143 -0.976140 0.036552 14.620851 -0.928368 19.441805 200.000000 19.441805 0.269017 107.606674 -0.371662 -9.650400 200.000000 -9.650400 0.189181 75.672203 -0.173648 34.297696 200.000000 34.297696 0.007513 3.005343 -0.984808 -26.530659 200.000000 -26.530659
 59.200000 -0.381821 -0.924236 -0.992348 -0.123475 -2.749827 -1.694587 -0.924236 -0.381821 -0.123475 -0.992348 0.001707 0.682809 -0.928368 19.441805 200.000000 19.441805 0.010319 4.127784 -0.371662 -9.650400 200.000000 -9.650400 0.251735 100.693886 -0.173648 34.297696 200.000000 34.297696 0.005685 2.274021 -0.984808 -26.530659 200.000000 -26.530659
 59.400000 -0.457349 -0.889287 -0.987050 -0.160415 -2.666581 -1.731908 -0.889287 -0.457349 -0.160415 -0.987050 0.152730 61.091955 -0.928368 19.441805 200.000000 19.441805 0.734219 293.687795 -0.371662 -9.650400 200.000000 -9.650400 0.017511 7.004381 -0.173648 34.297696 200.000000 34.297696 0.000503 0.201037 -0.984808 -26.530659 200.000000 -26.530659
 59.600000 -0.357790 -0.933802 -0.990496 -0.137545 -2.775693 -1.708778 -0.933802 -0.357790 -0.137545 -0.990496 0.002953 1.181258 -0.928368 19.441805 200.000000 19.441805 0.019246 7.698212 -0.371662 -9.650400 200.000000 -9.650400 0.130348 52.139015 -0.173648 34.297696 200.000000 34.297696 0.003235 1.294059 -0.984808 -26.530659 200.000000 -26.530659
 59.800000 -0.336010 -0.941859 -0.975699 -0.219115 -2.798916 -1.791704 -0.941859 -0.336010 -0.219115 -0.975699 0.018200 7.279878 -0.928368 19.441805 200.000000 19.441805 0.127113 50.845021 -0.371662 -9.650400 200.000000 -9.650400 0.206726 82.690528 -0.173648 34.297696 200.000000 34.297696 0.008297 3.318802 -0.984808 -26.530659 200.000000 -26.530659
 60.000000 -0.412951 -0.910753 -0.978974 -0.203986 -2.715901 -1.776224 -0.910753 -0.412951 -0.203986 -0.978974 0.031027 12.410968 -0.928368 19.441805 200.000000 19.441805 0.170473 68.189122 -0.371662 -9.650400 200.000000 -9.650400 0.092040 36.815977 -0.173648 34.297696 200.000000 34.297696 0.003404 1.361423 -0.984808 -26.530659 200.000000 -26.530659
 60.200000 -0.404624 -0.914483 -0.979694 -0.200498 -2.725026 -1.772662 -0.914483 -0.404624 -0.200498 -0.979694 0.019278 7.711272 -0.928368 19.441805 200.000000 19.441805 0.108643 43.457335 -0.371662 -9.650400 200.000000 -9.650400 0.072089 28.835527 -0.173648 34.297696 200.000000 34.297696 0.002615 1.045935 -0.984808 -26.530659 200.000000 -26.530659
 60.400000 -0.487903 -0.872898 -0.978511 -0.206196 -2.631907 -1.778482 -0.872898 -0.487903 -0.206196 -0.978511 0.307693 123.077296 -0.928368 19.441805 200.000000 19.441805 1.351187 540.474966 -0.371662 -9.650400 200.000000 -9.650400 0.105936 42.374580 -0.173648 34.297696 200.000000 34.297696 0.003965 1.586116 -0.984808 -26.530659 200.000000 -26.530659
 60.600000 -0.412372 -0.911015 -0.983746 -0.179567 -2.716536 -1.751343 -0.911015 -0.412372 -0.179567 -0.983746 0.030111 12.044375 -0.928368 19.441805 200.000000 19.441805 0.165729 66.291553 -0.371662 -9.650400 200.000000 -9.650400 0.003503 1.401323 -0.173648 34.297696 200.000000 34.297696 0.000113 0.045115 -0.984808 -26.530659 200.000000 -26.530659
 60.800000 -0.381096 -0.924536 -0.988225 -0.153010 -2.750612 -1.724410 -0.924536 -0.381096 -0.153010 -0.988225 0.001469 0.587450 -0.928368 19.441805 200.000000 19.441805 0.008898 3.559311 -0.371662 -9.650400 200.000000 -9.650400 0.042593 17.037046 -0.173648 34.297696 200.000000 34.297696 0.001167 0.466996 -0.984808 -26.530659 200.000000 -26.530659
 61.000000 -0.340732 -0.940160 -0.973323 -0.229440 -2.793897 -1.802299 -0.940160 -0.340732 -0.229440 -0.973323 0.013906 5.562458 -0.928368 19.441805 200.000000 19.441805 0.095668 38.267022 -0.371662 -9.650400 200.000000 -9.650400 0.311276 124.510256 -0.173648 34.297696 200.000000 34.297696 0.013191 5.276216 -0.984808 -26.530659 200.000000 -26.530659
 61.200000 -0.469584 -0.882888 -0.981133 -0.193334 -2.652773 -1.765355 -0.882888 -0.469584 -0.193334 -0.981133 0.206846 82.738320 -0.928368 19.441805 200.000000 19.441805 0.958869 383.547660 -0.371662 -9.650400 200.000000 -9.650400 0.038752 15.500921 -0.173648 34.297696 200.000000 34.297696 0.001350 0.540140 -0.984808 -26.530659 200.000000 -26.530659
 61.400000 -0.465324 -0.885140 -0.983471 -0.181066 -2.657592 -1.752867 -0.885140 -0.465324 -0.181066 -0.983471 0.186862 74.744674 -0.928368 19.441805 200.000000 19.441805 0.877248 350.899323 -0.371662 -9.650400 200.000000 -9.650400 0.005503 2.201063 -0.173648 34.297696 200.000000 34.297696 0.000179 0.071485 -0.984808 -26.530659 200.000000 -26.530659
 61.600000 -0.383863 -0.923390 -0.996149 -0.087673 -2.747616 -1.658582 -0.923390 -0.383863 -0.087673 -0.996149 0.002478 0.991187 -0.928368 19.441805 200.000000 19.441805 0.014886 5.954231 -0.371662 -9.650400 200.000000 -9.650400 0.739166 295.666394 -0.173648 34.297696 200.000000 34.297696 0.012863 5.145202 -0.984808 -26.530659 200.000000 -26.530659
 61.800000 -0.378933 -0.925424 -0.998736 -0.050264 -2.752949 -1.621082 -0.925424 -0.378933 -0.050264 -0.998736 0.000867 0.346676 -0.928368 19.441805 200.000000 19.441805 0.005287 2.114626 -0.371662 -9.650400 200.000000 -9.650400 1.522364 608.945405 -0.173648 34.297696 200.000000 34.297696 0.019400 7.759800 -0.984808 -26.530659 200.000000 -26.530659
 62.000000 -0.347442 -0.937701 -0.968222 -0.250092 -2.786751 -1.823572 -0.937701 -0.347442 -0.250092 -0.968222 0.008711 3.484596 -0.928368 19.441805 200.000000 19.441805 0.058663 23.465185 -0.371662 -9.650400 200.000000 -9.650400 0.584366 233.746385 -0.173648 34.297696 200.000000 34.297696 0.027508 11.003389 -0.984808 -26.530659 200.000000 -26.530659
 62.200000 -0.468850 -0.883278 -0.988629 -0.150373 -2.653604 -1.721741 -0.883278 -0.468850 -0.150373 -0.988629 0.203313 81.325199 -0.928368 19.441805 200.000000 19.441805 0.944546 377.818403 -0.371662 -9.650400 200.000000 -9.650400 0.054175 21.670126 -0.173648 34.297696 200.000000 34.297696 0.001460 0.584199 -0.984808 -26.530659 200.000000 -26.530659
 62.400000 -0.364634 -0.931151 -0.986174 -0.165715 -2.768353 -1.737279 -0.931151 -0.364634 -0.165715 -0.986174 0.000774 0.309796 -0.928368 19.441805 200.000000 19.441805 0.004940 1.975928 -0.371662 -9.650400 200.000000 -9.650400 0.006294 2.517719 -0.173648 34.297696 200.000000 34.297696 0.000187 0.074640 -0.984808 -26.530659 200.000000 -26.530659
 62.600000 -0.390551 -0.920581 -0.997143 -0.075543 -2.740362 -1.646412 -0.920581 -0.390551 -0.075543 -0.997143 0.006063 2.425391 -0.928368 19.441805 200.000000 19.441805 0.035679 14.271772 -0.371662 -9.650400 200.000000 -9.650400 0.962456 384.982546 -0.173648 34.297696 200.000000 34.297696 0.015215 6.085860 -0.984808 -26.530659 200.000000 -26.530659
 62.800000 -0.449491 -0.893285 -0.976382 -0.216050 -2.675398 -1.788564 -0.893285 -0.449491 -0.216050 -0.976382 0.123081 49.232254 -0.928368 19.441805 200.000000 19.441805 0.605721 242.288529 -0.371662 -9.650400 200.000000 -9.650400 0.179794 71.917522 -0.173648 34.297696 200.000000 34.297696 0.007099 2.839571 -0.984808 -26.530659 200.000000 -26.530659
 63.000000 -0.406662 -0.913579 -0.984379 -0.176063 -2.722796 -1.747782 -0.913579 -0.406662 -0.176063 -0.984379 0.021872 8.748728 -0.928368 19.441805 200.000000 19.441805 0.122495 48.997959 -0.371662 -9.650400 200.000000 -9.650400 0.000583 0.233277 -0.173648 34.297696 200.000000 34.297696 0.000018 0.007357 -0.984808 -26.530659 200.000000 -26.530659
 63.200000 -0.395331 -0.918539 -0.985804 -0.167901 -2.735165 -1.739496 -0.918539 -0.395331 -0.167901 -0.985804 0.009661 3.864393 -0.928368 19.441805 200.000000 19.441805 0.056018 22.407241 -0.371662 -9.650400 200.000000 -9.650400 0.003303 1.321255 -0.173648 34.297696 200.000000 34.297696 0.000099 0.039691 -0.984808 -26.530659 200.000000 -26.530659
 63.400000 -0.412687 -0.910873 -0.987940 -0.154835 -2.716191 -1.726257 -0.910873 -0.412687 -0.154835 -0.987940 0.030608 12.243124 -0.928368 19.441805 200.000000 19.441805 0.168302 67.320926 -0.371662 -9.650400 200.000000 -9.650400 0.035392 14.156920 -0.173648 34.297696 200.000000 34.297696 0.000981 0.392512 -0.984808 -26.530659 200.000000 -26.530659
 63.600000 -0.436703 -0.899606 -0.977796 -0.209560 -2.689662 -1.781921 -0.899606 -0.436703 -0.209560 -0.977796 0.082728 33.091025 -0.928368 19.441805 200.000000 19.441805 0.423033 169.213125 -0.371662 -9.650400 200.000000 -9.650400 0.128965 51.585967 -0.173648 34.297696 200.000000 34.297696 0.004917 1.966689 -0.984808 -26.530659 200.000000 -26.530659
 63.800000 -0.325568 -0.945519 -0.978824 -0.204703 -2.809981 -1.776957 -0.945519 -0.325568 -0.204703 -0.978824 0.029415 11.765977 -0.928368 19.441805 200.000000 19.441805 0.212472 84.988910 -0.371662 -9.650400 200.000000 -9.650400 0.096441 38.576582 -0.173648 34.297696 200.000000 34.297696 0.003580 1.432169 -0.984808 -26.530659 200.000000 -26.530659
 64.000000 -0.412031 -0.911170 -0.970819 -0.239814 -2.716911 -1.812970 -0.911170 -0.412031 -0.239814 -0.970819 0.029577 11.830824 -0.928368 19.441805 200.000000 19.441805 0.162960 65.183896 -0.371662 -9.650400 200.000000 -9.650400 0.437789 175.115710 -0.173648 34.297696 200.000000 34.297696 0.019569 7.827524 -0.984808 -26.530659 200.000000 -26.530659
 64.200000 -0.391149 -0.920328 -0.971624 -0.236532 -2.739713 -1.809592 -0.920328 -0.391149 -0.236532 -0.971624 0.006465 2.585902 -0.928368 19.441805 200.000000 19.441805 0.037971 15.188293 -0.371662 -9.650400 200.000000 -9.650400 0.395443 158.177244 -0.173648 34.297696 200.000000 34.297696 0.017382 6.952885 -0.984808 -26.530659 200.000000 -26.530659
 64.400000 -0.378518 -0.925594 -0.969785 -0.243962 -2.753398 -1.817246 -0.925594 -0.378518 -0.243962 -0.969785 0.000769 0.307784 -0.928368 19.441805 200.000000 19.441805 0.004700 1.879819 -0.371662 -9.650400 200.000000 -9.650400 0.494405 197.761934 -0.173648 34.297696 200.000000 34.297696 0.022569 9.027606 -0.984808 -26.530659 200.000000 -26.530659
 64.600000 -0.335931 -0.941887 -0.987534 -0.157409 -2.799000 -1.728863 -0.941887 -0.335931 -0.157409 -0.987534 0.018276 7.310359 -0.928368 19.441805 200.000000 19.441805 0.127677 51.070862 -0.371662 -9.650400 200.000000 -9.650400 0.026371 10.548516 -0.173648 34.297696 200.000000 34.297696 0.000743 0.297189 -0.984808 -26.530659 200.000000 -26.530659
 64.800000 -0.478000 -0.878360 -0.990152 -0.139995 -2.643217 -1.711253 -0.878360 -0.478000 -0.139995 -0.990152 0.250080 100.031806 -0.928368 19.441805 200.000000 19.441805 1.130762 452.304636 -0.371662 -9.650400 200.000000 -9.650400 0.113252 45.300955 -0.173648 34.297696 200.000000 34.297696 0.002856 1.142518 -0.984808 -26.530659 200.000000 -26.530659
 65.000000 -0.358247 -0.933627 -0.980529 -0.196376 -2.775203 -1.768457 -0.933627 -0.358247 -0.196376 -0.980529 0.002765 1.106192 -0.928368 19.441805 200.000000 19.441805 0.017997 7.198613 -0.371662 -9.650400 200.000000 -9.650400 0.051656 20.662367 -0.173648 34.297696 200.000000 34.297696 0.001831 0.732431 -0.984808 -26.530659 200.000000 -26.530659
 65.200000 -0.334286 -0.942472 -0.971641 -0.236459 -2.800745 -1.809517 -0.942472 -0.334286 -0.236459 -0.971641 0.019892 7.956634 -0.928368 19.441805 200.000000 19.441805 0.139700 55.880020 -0.371662 -9.650400 200.000000 -9.650400 0.394525 157.810190 -0.173648 34.297696 200.000000 34.297696 0.017335 6.934156 -0.984808 -26.530659 200.000000 -26.530659
 65.400000 -0.441993 -0.897019 -0.987386 -0.158331 -2.683774 -1.729796 -0.897019 -0.441993 -0.158331 -0.987386 0.098278 39.311070 -0.928368 19.441805 200.000000 19.441805 0.494634 197.853551 -0.371662 -9.650400 200.000000 -9.650400 0.023462 9.384809 -0.173648 34.297696 200.000000 34.297696 0.000665 0.265918 -0.984808 -26.530659 200.000000 -26.530659
 65.600000 -0.421789 -0.906694 -0.991988 -0.126335 -2.706175 -1.697470 -0.906694 -0.421789 -0.126335 -0.991988 0.046975 18.790154 -0.928368 19.441805 200.000000 19.441805 0.251265 100.505859 -0.371662 -9.650400 200.000000 -9.650400 0.223853 89.541009 -0.173648 34.297696 200.000000 34.297696 0.005155 2.062019 -0.984808 -26.530659 200.000000 -26.530659
 65.800000 -0.318144 -0.948043 -0.991051 -0.133482 -2.817822 -1.704678 -0.948043 -0.318144 -0.133482 -0.991051 0.038709 15.483553 -0.928368 19.441805 200.000000 19.441805 0.286426 114.570335 -0.371662 -9.650400 200.000000 -9.650400 0.161330 64.531921 -0.173648 34.297696 200.000000 34.297696 0.003898 1.559224 -0.984808 -26.530659 200.000000 -26.530659
 66.000000 -0.473615 -0.880732 -0.994272 -0.106883 -2.648202 -1.677884 -0.880732 -0.473615 -0.106883 -0.994272 0.226917 90.766880 -0.928368 19.441805 200.000000 19.441805 1.039428 415.771034 -0.371662 -9.650400 200.000000 -9.650400 0.445755 178.302114 -0.173648 34.297696 200.000000 34.297696 0.008956 3.582558 -0.984808 -26.530659 200.000000 -26.530659
 66.200000 -0.413581 -0.910468 -0.966656 -0.256077 -2.715209 -1.829758 -0.910468 -0.413581 -0.256077 -0.966656 0.032042 12.816950 -0.928368 19.441805 200.000000 19.441805 0.175712 70.284950 -0.371662 -9.650400 200.000000 -9.650400 0.679456 271.782298 -0.173648 34.297696 200.000000 34.297696 0.032947 13.178993 -0.984808 -26.530659 200.000000 -26.530659
 66.400000 -0.447447 -0.894310 -0.982158 -0.188059 -2.677684 -1.759981 -0.894310 -0.447447 -0.188059 -0.982158 0.115993 46.397080 -0.928368 19.441805 200.000000 19.441805 0.574336 229.734536 -0.371662 -9.650400 200.000000 -9.650400 0.020766 8.306418 -0.173648 34.297696 200.000000 34.297696 0.000702 0.280888 -0.984808 -26.530659 200.000000 -26.530659
 66.600000 -0.365542 -0.930795 -0.964796 -0.263000 -2.767378 -1.836927 -0.930795 -0.365542 -0.263000 -0.964796 0.000589 0.235631 -0.928368 19.441805 200.000000 19.441805 0.003747 1.498619 -0.371662 -9.650400 200.000000 -9.650400 0.798381 319.352445 -0.173648 34.297696 200.000000 34.297696 0.040048 16.019231 -0.984808 -26.530659 200.000000 -26.530659
 66.800000 -0.465276 -0.885165 -0.993357 -0.115072 -2.657646 -1.686124 -0.885165 -0.465276 -0.115072 -0.993357 0.186646 74.658293 -0.928368 19.441805 200.000000 19.441805 0.876358 350.543265 -0.371662 -9.650400 200.000000 -9.650400 0.343116 137.246261 -0.173648 34.297696 200.000000 34.297696 0.007309 2.923682 -0.984808 -26.530659 200.000000 -26.530659
 67.000000 -0.441766 -0.897130 -0.967789 -0.251764 -2.684026 -1.825299 -0.897130 -0.441766 -0.251764 -0.967789 0.097580 39.032026 -0.928368 19.441805 200.000000 19.441805 0.491456 196.582436 -0.371662 -9.650400 200.000000 -9.650400 0.610209 244.083756 -0.173648 34.297696 200.000000 34.297696 0.028965 11.586010 -0.984808 -26.530659 200.000000 -26.530659
 67.200000 -0.414403 -0.910093 -0.970647 -0.240510 -2.714306 -1.813687 -0.910093 -0.414403 -0.240510 -0.970647 0.033396 13.358316 -0.928368 19.441805 200.000000 19.441805 0.182677 73.070678 -0.371662 -9.650400 200.000000 -9.650400 0.447045 178.817943 -0.173648 34.297696 200.000000 34.297696 0.020053 8.021347 -0.984808 -26.530659 200.000000 -26.530659
 67.400000 -0.384074 -0.923302 -0.961545 -0.274646 -2.747388 -1.849018 -0.923302 -0.384074 -0.274646 -0.961545 0.002566 1.026440 -0.928368 19.441805 200.000000 19.441805 0.015405 6.161974 -0.371662 -9.650400 200.000000 -9.650400 1.020056 408.022268 -0.173648 34.297696 200.000000 34.297696 0.054114 21.645456 -0.984808 -26.530659 200.000000 -26.530659
 67.600000 -0.407640 -0.913143 -0.974873 -0.222763 -2.721724 -1.795444 -0.913143 -0.407640 -0.222763 -0.974873 0.023181 9.272447 -0.928368 19.441805 200.000000 19.441805 0.129441 51.776220 -0.371662 -9.650400 200.000000 -9.650400 0.241224 96.489569 -0.173648 34.297696 200.000000 34.297696 0.009871 3.948217 -0.984808 -26.530659 200.000000 -26.530659
 67.800000 -0.388200 -0.921575 -0.976467 -0.215667 -2.742915 -1.788171 -0.921575 -0.388200 -0.215667 -0.976467 0.004614 1.845616 -0.928368 19.441805 200.000000 19.441805 0.027348 10.939273 -0.371662 -9.650400 200.000000 -9.650400 0.176556 70.622442 -0.173648 34.297696 200.000000 34.297696 0.006957 2.782710 -0.984808 -26.530659 200.000000 -26.530659
 68.000000 -0.414601 -0.910003 -0.988352 -0.152184 -2.714088 -1.723574 -0.910003 -0.414601 -0.152184 -0.988352 0.033726 13.490471 -0.928368 19.441805 200.000000 19.441805 0.184373 73.749179 -0.371662 -9.650400 200.000000 -9.650400 0.046072 18.428727 -0.173648 34.297696 200.000000 34.297696 0.001256 0.502526 -0.984808 -26.530659 200.000000 -26.530659
 68.200000 -0.478885 -0.877878 -0.982351 -0.187045 -2.642209 -1.758949 -0.877878 -0.478885 -0.187045 -0.982351 0.254927 101.970631 -0.928368 19.441805 200.000000 19.441805 1.149666 459.866403 -0.371662 -9.650400 200.000000 -9.650400 0.017947 7.178766 -0.173648 34.297696 200.000000 34.297696 0.000603 0.241349 -0.984808 -26.530659 200.000000 -26.530659
 68.400000 -0.396236 -0.918149 -0.984773 -0.173843 -2.734179 -1.745527 -0.918149 -0.396236 -0.173843 -0.984773 0.010443 4.177240 -0.928368 19.441805 200.000000 19.441805 0.060385 24.153969 -0.371662 -9.650400 200.000000 -9.650400 0.000004 0.001516 -0.173648 34.297696 200.000000 34.297696 0.000000 0.000047 -0.984808 -26.530659 200.000000 -26.530659
 68.600000 -0.282410 -0.959294 -0.975975 -0.217883 -2.855287 -1.790442 -0.959294 -0.282410 -0.217883 -0.975975 0.095641 38.256407 -0.928368 19.441805 200.000000 19.441805 0.796601 318.640429 -0.371662 -9.650400 200.000000 -9.650400 0.195675 78.270115 -0.173648 34.297696 200.000000 34.297696 0.007802 3.120834 -0.984808 -26.530659 200.000000 -26.530659
 68.800000 -0.392807 -0.919621 -0.972260 -0.233903 -2.737910 -1.806886 -0.919621 -0.392807 -0.233903 -0.972260 0.007651 3.060524 -0.928368 19.441805 200.000000 19.441805 0.044711 17.884372 -0.371662 -9.650400 200.000000 -9.650400 0.363059 145.223423 -0.173648 34.297696 200.000000 34.297696 0.015744 6.297790 -0.984808 -26.530659 200.000000 -26.530659
 69.000000 -0.494438 -0.869213 -0.989822 -0.142314 -2.624404 -1.713595 -0.869213 -0.494438 -0.142314 -0.989822 0.349933 139.973249 -0.928368 19.441805 200.000000 19.441805 1.507388 602.955297 -0.371662 -9.650400 200.000000 -9.650400 0.098183 39.273259 -0.173648 34.297696 200.000000 34.297696 0.002514 1.005532 -0.984808 -26.530659 200.000000 -26.530659
 69.200000 -0.417096 -0.908863 -0.981892 -0.189442 -2.711345 -1.761391 -0.908863 -0.417096 -0.189442 -0.981892 0.038046 15.218281 -0.928368 19.441805 200.000000 19.441805 0.206417 82.566775 -0.371662 -9.650400 200.000000 -9.650400 0.024946 9.978276 -0.173648 34.297696 200.000000 34.297696 0.000850 0.340102 -0.984808 -26.530659 200.000000 -26.530659
 69.400000 -0.309353 -0.950947 -0.985998 -0.166760 -2.827080 -1.738339 -0.950947 -0.309353 -0.166760 -0.985998 0.050982 20.392973 -0.928368 19.441805 200.000000 19.441805 0.388245 155.297918 -0.371662 -9.650400 200.000000 -9.650400 0.004745 1.897878 -0.173648 34.297696 200.000000 34.297696 0.000142 0.056621 -0.984808 -26.530659 200.000000 -26.530659
 69.600000 -0.419476 -0.907767 -0.980642 -0.195809 -2.708725 -1.767879 -0.907767 -0.419476 -0.195809 -0.980642 0.042441 16.976528 -0.928368 19.441805 200.000000 19.441805 0.228609 91.443621 -0.371662 -9.650400 200.000000 -9.650400 0.049110 19.643950 -0.173648 34.297696 200.000000 34.297696 0.001735 0.694117 -0.984808 -26.530659 200.000000 -26.530659
 69.800000 -0.452733 -0.891646 -0.992720 -0.120445 -2.671765 -1.691535 -0.891646 -0.452733 -0.120445 -0.992720 0.134848 53.939119 -0.928368 19.441805 200.000000 19.441805 0.657238 262.895161 -0.371662 -9.650400 200.000000 -9.650400 0.283054 113.221414 -0.173648 34.297696 200.000000 34.297696 0.006260 2.504116 -0.984808 -26.530659 200.000000 -26.530659
 70.000000 -0.409156 -0.912464 -0.989199 -0.146576 -2.720064 -1.717903 -0.912464 -0.409156 -0.146576 -0.989199 0.025292 10.116846 -0.928368 19.441805 200.000000 19.441805 0.140577 56.230699 -0.371662 -9.650400 200.000000 -9.650400 0.073288 29.315268 -0.173648 34.297696 200.000000 34.297696 0.001929 0.771446 -0.984808 -26.530659 200.000000 -26.530659
 70.200000 -0.405800 -0.913962 -0.988858 -0.148859 -2.723739 -1.720211 -0.913962 -0.405800 -0.148859 -0.988858 0.020753 8.301338 -0.928368 19.441805 200.000000 19.441805 0.116537 46.614825 -0.371662 -9.650400 200.000000 -9.650400 0.061449 24.579771 -0.173648 34.297696 200.000000 34.297696 0.001641 0.656311 -0.984808 -26.530659 200.000000 -26.530659
 70.400000 -0.427741 -0.903901 -0.986342 -0.164711 -2.699601 -1.736262 -0.903901 -0.427741 -0.164711 -0.986342 0.059861 23.944317 -0.928368 19.441805 200.000000 19.441805 0.314477 125.790939 -0.371662 -9.650400 200.000000 -9.650400 0.007987 3.194790 -0.173648 34.297696 200.000000 34.297696 0.000235 0.094137 -0.984808 -26.530659 200.000000 -26.530659
 70.600000 -0.398550 -0.917147 -0.988641 -0.150298 -2.731657 -1.721666 -0.917147 -0.398550 -0.150298 -0.988641 0.012592 5.036680 -0.928368 19.441805 200.000000 19.441805 0.072293 28.917345 -0.371662 -9.650400 200.000000 -9.650400 0.054521 21.808493 -0.173648 34.297696 200.000000 34.297696 0.001469 0.587653 -0.984808 -26.530659 200.000000 -26.530659
 70.800000 -0.363711 -0.931512 -0.972552 -0.232685 -2.769344 -1.805634 -0.931512 -0.363711 -0.232685 -0.972552 0.000988 0.395340 -0.928368 19.441805 200.000000 19.441805 0.006322 2.528858 -0.371662 -9.650400 200.000000 -9.650400 0.348534 139.413645 -0.173648 34.297696 200.000000 34.297696 0.015020 6.007979 -0.984808 -26.530659 200.000000 -26.530659
 71.000000 -0.429586 -0.903026 -0.988159 -0.153432 -2.697558 -1.724837 -0.903026 -0.429586 -0.153432 -0.988159 0.064222 25.688754 -0.928368 19.441805 200.000000 19.441805 0.335515 134.206019 -0.371662 -9.650400 200.000000 -9.650400 0.040869 16.347480 -0.173648 34.297696 200.000000 34.297696 0.001123 0.449283 -0.984808 -26.530659 200.000000 -26.530659
 71.200000 -0.417640 -0.908613 -0.982849 -0.184412 -2.710746 -1.756270 -0.908613 -0.417640 -0.184412 -0.982849 0.039028 15.611061 -0.928368 19.441805 200.000000 19.441805 0.211395 84.557945 -0.371662 -9.650400 200.000000 -9.650400 0.011587 4.634608 -0.173648 34.297696 200.000000 34.297696 0.000384 0.153471 -0.984808 -26.530659 200.000000 -26.530659
 71.400000 -0.384760 -0.923017 -0.986391 -0.164415 -2.746645 -1.735961 -0.923017 -0.384760 -0.164415 -0.986391 0.002863 1.145374 -0.928368 19.441805 200.000000 19.441805 0.017153 6.861395 -0.371662 -9.650400 200.000000 -9.650400 0.008526 3.410400 -0.173648 34.297696 200.000000 34.297696 0.000251 0.100309 -0.984808 -26.530659 200.000000 -26.530659
 71.600000 -0.365895 -0.930656 -0.971339 -0.237696 -2.766998 -1.810790 -0.930656 -0.365895 -0.237696 -0.971339 0.000524 0.209436 -0.928368 19.441805 200.000000 19.441805 0.003326 1.330545 -0.371662 -9.650400 200.000000 -9.650400 0.410218 164.087136 -0.173648 34.297696 200.000000 34.297696 0.018139 7.255763 -0.984808 -26.530659 200.000000 -26.530659
 71.800000 -0.428917 -0.903344 -0.978312 -0.207137 -2.698300 -1.779444 -0.903344 -0.428917 -0.207137 -0.978312 0.062619 25.047687 -0.928368 19.441805 200.000000 19.441805 0.327804 131.121404 -0.371662 -9.650400 200.000000 -9.650400 0.112152 44.860969 -0.173648 34.297696 200.000000 34.297696 0.004220 1.687858 -0.984808 -26.530659 200.000000 -26.530659
 72.000000 -0.394012 -0.919105 -0.992741 -0.120272 -2.736600 -1.691360 -0.919105 -0.394012 -0.120272 -0.992741 0.008580 3.431942 -0.928368 19.441805 200.000000 19.441805 0.049951 19.980558 -0.371662 -9.650400 200.000000 -9.650400 0.284905 113.962105 -0.173648 34.297696 200.000000 34.297696 0.006294 2.517467 -0.984808 -26.530659 200.000000 -26.530659
 72.200000 -0.380683 -0.924706 -0.981991 -0.188926 -2.751058 -1.760865 -0.924706 -0.380683 -0.188926 -0.981991 0.001341 0.536498 -0.928368 19.441805 200.000000 19.441805 0.008137 3.254762 -0.371662 -9.650400 200.000000 -9.650400 0.023342 9.336941 -0.173648 34.297696 200.000000 34.297696 0.000793 0.317307 -0.984808 -26.530659 200.000000 -26.530659
 72.400000 -0.335125 -0.942174 -0.967426 -0.253155 -2.799855 -1.826737 -0.942174 -0.335125 -0.253155 -0.967426 0.019060 7.623879 -0.928368 19.441805 200.000000 19.441805 0.133497 53.398964 -0.371662 -9.650400 200.000000 -9.650400 0.632138 252.855295 -0.173648 34.297696 200.000000 34.297696 0.030214 12.085496 -0.984808 -26.530659 200.000000 -26.530659
 72.600000 -0.406885 -0.913480 -0.991028 -0.133657 -2.722552 -1.704855 -0.913480 -0.406885 -0.133657 -0.991028 0.022166 8.866493 -0.928368 19.441805 200.000000 19.441805 0.124059 49.623750 -0.371662 -9.650400 200.000000 -9.650400 0.159929 63.971477 -0.173648 34.297696 200.000000 34.297696 0.003869 1.547479 -0.984808 -26.530659 200.000000 -26.530659
 72.800000 -0.351659 -0.936128 -0.982373 -0.186933 -2.782250 -1.758835 -0.936128 -0.351659 -0.186933 -0.982373 0.006022 2.408758 -0.928368 19.441805 200.000000 19.441805 0.040012 16.004901 -0.371662 -9.650400 200.000000 -9.650400 0.017647 7.058950 -0.173648 34.297696 200.000000 34.297696 0.000593 0.237168 -0.984808 -26.530659 200.000000 -26.530659
 73.000000 -0.402417 -0.915456 -0.982943 -0.183912 -2.727437 -1.755761 -0.915456 -0.402417 -0.183912 -0.982943 0.016671 6.668343 -0.928368 19.441805 200.000000 19.441805 0.094586 37.834295 -0.371662 -9.650400 200.000000 -9.650400 0.010534 4.213538 -0.173648 34.297696 200.000000 34.297696 0.000348 0.139125 -0.984808 -26.530659 200.000000 -26.530659
 73.200000 -0.445565 -0.895250 -0.988609 -0.150504 -2.679788 -1.721875 -0.895250 -0.445565 -0.150504 -0.988609 0.109682 43.872749 -0.928368 19.441805 200.000000 19.441805 0.546156 218.462399 -0.371662 -9.650400 200.000000 -9.650400 0.053564 21.425417 -0.173648 34.297696 200.000000 34.297696 0.001445 0.578083 -0.984808 -26.530659 200.000000 -26.530659
 73.400000 -0.349908 -0.936784 -0.977098 -0.212792 -2.784120 -1.785228 -0.936784 -0.349908 -0.212792 -0.977098 0.007083 2.833358 -0.928368 19.441805 200.000000 19.441805 0.047327 18.930976 -0.371662 -9.650400 200.000000 -9.650400 0.153222 61.288774 -0.173648 34.297696 200.000000 34.297696 0.005945 2.377874 -0.984808 -26.530659 200.000000 -26.530659
 73.600000 -0.400251 -0.916406 -0.985716 -0.168417 -2.729802 -1.740020 -0.916406 -0.400251 -0.168417 -0.985716 0.014309 5.723782 -0.928368 19.441805 200.000000 19.441805 0.081728 32.691323 -0.371662 -9.650400 200.000000 -9.650400 0.002736 1.094453 -0.173648 34.297696 200.000000 34.297696 0.000082 0.032980 -0.984808 -26.530659 200.000000 -26.530659
 73.800000 -0.286119 -0.958194 -0.967245 -0.253845 -2.851418 -1.827449 -0.958194 -0.286119 -0.253845 -0.967245 0.088959 35.583637 -0.928368 19.441805 200.000000 19.441805 0.731760 292.703923 -0.371662 -9.650400 200.000000 -9.650400 0.643147 257.258903 -0.173648 34.297696 200.000000 34.297696 0.030845 12.338005 -0.984808 -26.530659 200.000000 -26.530659
 74.000000 -0.424365 -0.905491 -0.989286 -0.145987 -2.703332 -1.717307 -0.905491 -0.424365 -0.145987 -0.989286 0.052335 20.933907 -0.928368 19.441805 200.000000 19.441805 0.277758 111.103038 -0.371662 -9.650400 200.000000 -9.650400 0.076513 30.605283 -0.173648 34.297696 200.000000 34.297696 0.002006 0.802362 -0.984808 -26.530659 200.000000 -26.530659
 74.200000 -0.475950 -0.879472 -0.998842 -0.048120 -2.645549 -1.618935 -0.879472 -0.475950 -0.048120 -0.998842 0.239077 95.630614 -0.928368 19.441805 200.000000 19.441805 1.087584 435.033526 -0.371662 -9.650400 200.000000 -9.650400 1.575740 630.296199 -0.173648 34.297696 200.000000 34.297696 0.019695 7.877929 -0.984808 -26.530659 200.000000 -26.530659
 74.400000 -0.292039 -0.956406 -0.984819 -0.173583 -2.845234 -1.745263 -0.956406 -0.292039 -0.173583 -0.984819 0.078615 31.446109 -0.928368 19.441805 200.000000 19.441805 0.633986 253.594485 -0.371662 -9.650400 200.000000 -9.650400 0.000000 0.000168 -0.173648 34.297696 200.000000 34.297696 0.000000 0.000005 -0.984808 -26.530659 200.000000 -26.530659
 74.600000 -0.402557 -0.915395 -0.988127 -0.153642 -2.727284 -1.725050 -0.915395 -0.402557 -0.153642 -0.988127 0.016830 6.732038 -0.928368 19.441805 200.000000 19.441805 0.095448 38.179331 -0.371662 -9.650400 200.000000 -9.650400 0.040023 16.009263 -0.173648 34.297696 200.000000 34.297696 0.001101 0.440568 -0.984808 -26.530659 200.000000 -26.530659
 74.800000 -0.393726 -0.919228 -0.993022 -0.117925 -2.736912 -1.688997 -0.919228 -0.393726 -0.117925 -0.993022 0.008354 3.341517 -0.928368 19.441805 200.000000 19.441805 0.048678 19.471273 -0.371662 -9.650400 200.000000 -9.650400 0.310504 124.201751 -0.173648 34.297696 200.000000 34.297696 0.006748 2.699266 -0.984808 -26.530659 200.000000 -26.530659
 75.000000 -0.394394 -0.918941 -0.973612 -0.228211 -2.736184 -1.801036 -0.918941 -0.394394 -0.228211 -0.973612 0.008886 3.554458 -0.928368 19.441805 200.000000 19.441805 0.051674 20.669533 -0.371662 -9.650400 200.000000 -9.650400 0.297711 119.084523 -0.173648 34.297696 200.000000 34.297696 0.012535 5.014088 -0.984808 -26.530659 200.000000 -26.530659
 75.200000 -0.444306 -0.895875 -0.991155 -0.132710 -2.681193 -1.703899 -0.895875 -0.444306 -0.132710 -0.991155 0.105580 42.231969 -0.928368 19.441805 200.000000 19.441805 0.527715 211.085985 -0.371662 -9.650400 200.000000 -9.650400 0.167596 67.038584 -0.173648 34.297696 200.000000 34.297696 0.004029 1.611481 -0.984808 -26.530659 200.000000 -26.530659
 75.400000 -0.452987 -0.891517 -0.971547 -0.236846 -2.671479 -1.809915 -0.891517 -0.452987 -0.236846 -0.971547 0.135799 54.319546 -0.928368 19.441805 200.000000 19.441805 0.661371 264.548361 -0.371662 -9.650400 200.000000 -9.650400 0.399402 159.760607 -0.173648 34.297696 200.000000 34.297696 0.017584 7.033788 -0.984808 -26.530659 200.000000 -26.530659
 75.600000 -0.453234 -0.891391 -0.997118 -0.075867 -2.671202 -1.646736 -0.891391 -0.453234 -0.075867 -0.997118 0.136727 54.690689 -0.928368 19.441805 200.000000 19.441805 0.665399 266.159490 -0.371662 -9.650400 200.000000 -9.650400 0.956115 382.445898 -0.173648 34.297696 200.000000 34.297696 0.015154 6.061630 -0.984808 -26.530659 200.000000 -26.530659
 75.800000 -0.372810 -0.927908 -0.972826 -0.231537 -2.759557 -1.804453 -0.927908 -0.372810 -0.231537 -0.972826 0.000021 0.008469 -0.928368 19.441805 200.000000 19.441805 0.000132 0.052650 -0.371662 -9.650400 200.000000 -9.650400 0.335107 134.042956 -0.173648 34.297696 200.000000 34.297696 0.014356 5.742319 -0.984808 -26.530659 200.000000 -26.530659
 76.000000 -0.485745 -0.874100 -0.973058 -0.230561 -2.634377 -1.803450 -0.874100 -0.485745 -0.230561 -0.973058 0.294496 117.798255 -0.928368 19.441805 200.000000 19.441805 1.301486 520.594434 -0.371662 -9.650400 200.000000 -9.650400 0.323902 129.560666 -0.173648 34.297696 200.000000 34.297696 0.013806 5.522284 -0.984808 -26.530659 200.000000 -26.530659
 76.200000 -0.417638 -0.908614 -0.959200 -0.282729 -2.710749 -1.857434 -0.908614 -0.417638 -0.282729 -0.959200 0.039023 15.609265 -0.928368 19.441805 200.000000 19.441805 0.211372 84.548848 -0.371662 -9.650400 200.000000 -9.650400 1.189864 475.945512 -0.173648 34.297696 200.000000 34.297696 0.065577 26.230663 -0.984808 -26.530659 200.000000 -26.530659
 76.400000 -0.428344 -0.903616 -0.970870 -0.239607 -2.698933 -1.812757 -0.903616 -0.428344 -0.239607 -0.970870 0.061268 24.507267 -0.928368 19.441805 200.000000 19.441805 0.321285 128.514014 -0.371662 -9.650400 200.000000 -9.650400 0.435056 174.022300 -0.173648 34.297696 200.000000 34.297696 0.019426 7.770461 -0.984808 -26.530659 200.000000 -26.530659
 76.600000 -0.391356 -0.920239 -0.981797 -0.189934 -2.739488 -1.761892 -0.920239 -0.391356 -0.189934 -0.981797 0.006607 2.642998 -0.928368 19.441805 200.000000 19.441805 0.038784 15.513714 -0.371662 -9.650400 200.000000 -9.650400 0.026524 10.609629 -0.173648 34.297696 200.000000 34.297696 0.000907 0.362637 -0.984808 -26.530659 200.000000 -26.530659
 76.800000 -0.388459 -0.921466 -0.990809 -0.135272 -2.742634 -1.706484 -0.921466 -0.388459 -0.135272 -0.990809 0.004764 1.905462 -0.928368 19.441805 200.000000 19.441805 0.028212 11.284956 -0.371662 -9.650400 200.000000 -9.650400 0.147275 58.910085 -0.173648 34.297696 200.000000 34.297696 0.003601 1.440377 -0.984808 -26.530659 200.000000 -26.530659
 77.000000 -0.447459 -0.894305 -0.985732 -0.168325 -2.677671 -1.739926 -0.894305 -0.447459 -0.168325 -0.985732 0.116032 46.412606 -0.928368 19.441805 200.000000 19.441805 0.574509 229.803586 -0.371662 -9.650400 200.000000 -9.650400 0.002834 1.133456 -0.173648 34.297696 200.000000 34.297696 0.000085 0.034136 -0.984808 -26.530659 200.000000 -26.530659
 77.200000 -0.410241 -0.911977 -0.981747 -0.190189 -2.718874 -1.762151 -0.911977 -0.410241 -0.190189 -0.981747 0.026866 10.746477 -0.928368 19.441805 200.000000 19.441805 0.148833 59.533033 -0.371662 -9.650400 200.000000 -9.650400 0.027361 10.944308 -0.173648 34.297696 200.000000 34.297696 0.000937 0.374620 -0.984808 -26.530659 200.000000 -26.530659
 77.400000 -0.396313 -0.918116 -0.986434 -0.164161 -2.734095 -1.735704 -0.918116 -0.396313 -0.164161 -0.986434 0.010511 4.204467 -0.928368 19.441805 200.000000 19.441805 0.060764 24.305654 -0.371662 -9.650400 200.000000 -9.650400 0.009000 3.600141 -0.173648 34.297696 200.000000 34.297696 0.000264 0.105726 -0.984808 -26.530659 200.000000 -26.530659
 77.600000 -0.365523 -0.930802 -0.987351 -0.158551 -2.767398 -1.730019 -0.930802 -0.365523 -0.158551 -0.987351 0.000593 0.237019 -0.928368 19.441805 200.000000 19.441805 0.003769 1.507534 -0.371662 -9.650400 200.000000 -9.650400 0.022794 9.117570 -0.173648 34.297696 200.000000 34.297696 0.000647 0.258697 -0.984808 -26.530659 200.000000 -26.530659
 77.800000 -0.347600 -0.937643 -0.990326 -0.138762 -2.786583 -1.710008 -0.937643 -0.347600 -0.138762 -0.990326 0.008603 3.441052 -0.928368 19.441805 200.000000 19.441805 0.057901 23.160345 -0.371662 -9.650400 200.000000 -9.650400 0.121704 48.681431 -0.173648 34.297696 200.000000 34.297696 0.003045 1.217927 -0.984808 -26.530659 200.000000 -26.530659
 78.000000 -0.340255 -0.940333 -0.985861 -0.167567 -2.794404 -1.739157 -0.940333 -0.340255 -0.167567 -0.985861 0.014316 5.726572 -0.928368 19.441805 200.000000 19.441805 0.098640 39.456143 -0.371662 -9.650400 200.000000 -9.650400 0.003698 1.479296 -0.173648 34.297696 200.000000 34.297696 0.000111 0.044349 -0.984808 -26.530659 200.000000 -26.530659
 78.200000 -0.335154 -0.942163 -0.977680 -0.210100 -2.799824 -1.782473 -0.942163 -0.335154 -0.210100 -0.977680 0.019031 7.612490 -0.928368 19.441805 200.000000 19.441805 0.133286 53.314233 -0.371662 -9.650400 200.000000 -9.650400 0.132870 53.148013 -0.173648 34.297696 200.000000 34.297696 0.005080 2.032192 -0.984808 -26.530659 200.000000 -26.530659
 78.400000 -0.346138 -0.938184 -0.994561 -0.104155 -2.788141 -1.675141 -0.938184 -0.346138 -0.104155 -0.994561 0.009635 3.853931 -0.928368 19.441805 200.000000 19.441805 0.065150 26.060128 -0.371662 -9.650400 200.000000 -9.650400 0.482930 193.171959 -0.173648 34.297696 200.000000 34.297696 0.009513 3.805092 -0.984808 -26.530659 200.000000 -26.530659
 78.600000 -0.383206 -0.923663 -0.972754 -0.231840 -2.748328 -1.804765 -0.923663 -0.383206 -0.231840 -0.972754 0.002214 0.885529 -0.928368 19.441805 200.000000 19.441805 0.013326 5.330360 -0.371662 -9.650400 200.000000 -9.650400 0.338629 135.451669 -0.173648 34.297696 200.000000 34.297696 0.014529 5.811790 -0.984808 -26.530659 200.000000 -26.530659
 78.800000 -0.262131 -0.965032 -0.985193 -0.171450 -2.876363 -1.743098 -0.965032 -0.262131 -0.171450 -0.985193 0.134427 53.770931 -0.928368 19.441805 200.000000 19.441805 1.199711 479.884503 -0.371662 -9.650400 200.000000 -9.650400 0.000483 0.193229 -0.173648 34.297696 200.000000 34.297696 0.000015 0.005930 -0.984808 -26.530659 200.000000 -26.530659
 79.000000 -0.356343 -0.934355 -0.983921 -0.178602 -2.777241 -1.750362 -0.934355 -0.356343 -0.178602 -0.983921 0.003585 1.433857 -0.928368 19.441805 200.000000 19.441805 0.023468 9.387132 -0.371662 -9.650400 200.000000 -9.650400 0.002454 0.981671 -0.173648 34.297696 200.000000 34.297696 0.000079 0.031427 -0.984808 -26.530659 200.000000 -26.530659
 79.200000 -0.371249 -0.928533 -0.990330 -0.138732 -2.761239 -1.709977 -0.928533 -0.371249 -0.138732 -0.990330 0.000003 0.001096 -0.928368 19.441805 200.000000 19.441805 0.000017 0.006846 -0.371662 -9.650400 200.000000 -9.650400 0.121917 48.766833 -0.173648 34.297696 200.000000 34.297696 0.003050 1.219819 -0.984808 -26.530659 200.000000 -26.530659
 79.400000 -0.454481 -0.890756 -0.986686 -0.162639 -2.669803 -1.734161 -0.890756 -0.454481 -0.162639 -0.986686 0.141464 56.585402 -0.928368 19.441805 200.000000 19.441805 0.685895 274.358181 -0.371662 -9.650400 200.000000 -9.650400 0.012119 4.847732 -0.173648 34.297696 200.000000 34.297696 0.000353 0.141049 -0.984808 -26.530659 200.000000 -26.530659
 79.600000 -0.342157 -0.939643 -0.988636 -0.150329 -2.792381 -1.721698 -0.939643 -0.342157 -0.150329 -0.988636 0.012712 5.084980 -0.928368 19.441805 200.000000 19.441805 0.087059 34.823427 -0.371662 -9.650400 200.000000 -9.650400 0.054376 21.750503 -0.173648 34.297696 200.000000 34.297696 0.001466 0.586206 -0.984808 -26.530659 200.000000 -26.530659
 79.800000 -0.374395 -0.927269 -0.991167 -0.132620 -2.757848 -1.703809 -0.927269 -0.374395 -0.132620 -0.991167 0.000121 0.048282 -0.928368 19.441805 200.000000 19.441805 0.000747 0.298697 -0.371662 -9.650400 200.000000 -9.650400 0.168327 67.330953 -0.173648 34.297696 200.000000 34.297696 0.004044 1.617548 -0.984808 -26.530659 200.000000 -26.530659
 80.000000 -0.381592 -0.924331 -0.987644 -0.156714 -2.750074 -1.728159 -0.924331 -0.381592 -0.156714 -0.987644 0.001630 0.651967 -0.928368 19.441805 200.000000 19.441805 0.009860 3.944133 -0.371662 -9.650400 200.000000 -9.650400 0.028678 11.471267 -0.173648 34.297696 200.000000 34.297696 0.000804 0.321794 -0.984808 -26.530659 200.000000 -26.530659
 80.200000 -0.375436 -0.926848 -0.983713 -0.179744 -2.756726 -1.751523 -0.926848 -0.375436 -0.179744 -0.983713 0.000231 0.092349 -0.928368 19.441805 200.000000 19.441805 0.001424 0.569461 -0.371662 -9.650400 200.000000 -9.650400 0.003716 1.486392 -0.173648 34.297696 200.000000 34.297696 0.000120 0.047903 -0.984808 -26.530659 200.000000 -26.530659
 80.400000 -0.371347 -0.928494 -0.975376 -0.220548 -2.761134 -1.793172 -0.928494 -0.371347 -0.220548 -0.975376 0.000002 0.000639 -0.928368 19.441805 200.000000 19.441805 0.000010 0.003989 -0.371662 -9.650400 200.000000 -9.650400 0.219956 87.982280 -0.173648 34.297696 200.000000 34.297696 0.008895 3.558160 -0.984808 -26.530659 200.000000 -26.530659
 80.600000 -0.465856 -0.884861 -0.965075 -0.261975 -2.656991 -1.835864 -0.884861 -0.465856 -0.261975 -0.965075 0.189288 75.715092 -0.928368 19.441805 200.000000 19.441805 0.887236 354.894425 -0.371662 -9.650400 200.000000 -9.650400 0.780161 312.064309 -0.173648 34.297696 200.000000 34.297696 0.038939 15.575750 -0.984808 -26.530659 200.000000 -26.530659
 80.800000 -0.423298 -0.905990 -0.969202 -0.246266 -2.704510 -1.819622 -0.905990 -0.423298 -0.246266 -0.969202 0.050076 20.030231 -0.928368 19.441805 200.000000 19.441805 0.266626 106.650497 -0.371662 -9.650400 200.000000 -9.650400 0.527334 210.933486 -0.173648 34.297696 200.000000 34.297696 0.024353 9.741209 -0.984808 -26.530659 200.000000 -26.530659
 81.000000 -0.398488 -0.917173 -0.994406 -0.105622 -2.731724 -1.676616 -0.917173 -0.398488 -0.105622 -0.994406 0.012532 5.012763 -0.928368 19.441805 200.000000 19.441805 0.071964 28.785445 -0.371662 -9.650400 200.000000 -9.650400 0.462750 185.099976 -0.173648 34.297696 200.000000 34.297696 0.009213 3.685287 -0.984808 -26.530659 200.000000 -26.530659
 81.200000 -0.410775 -0.911737 -0.984540 -0.175163 -2.718289 -1.746867 -0.911737 -0.410775 -0.175163 -0.984540 0.027659 11.063704 -0.928368 19.441805 200.000000 19.441805 0.152977 61.190874 -0.371662 -9.650400 200.000000 -9.650400 0.000229 0.091728 -0.173648 34.297696 200.000000 34.297696 0.000007 0.002878 -0.984808 -26.530659 200.000000 -26.530659
 81.400000 -0.431973 -0.901887 -0.980418 -0.196927 -2.694913 -1.769019 -0.901887 -0.431973 -0.196927 -0.980418 0.070126 28.050535 -0.928368 19.441805 200.000000 19.441805 0.363736 145.494298 -0.371662 -9.650400 200.000000 -9.650400 0.054190 21.676174 -0.173648 34.297696 200.000000 34.297696 0.001927 0.770744 -0.984808 -26.530659 200.000000 -26.530659
 81.600000 -0.395402 -0.918508 -0.979382 -0.202019 -2.735087 -1.774215 -0.918508 -0.395402 -0.202019 -0.979382 0.009722 3.888672 -0.928368 19.441805 200.000000 19.441805 0.056358 22.543060 -0.371662 -9.650400 200.000000 -9.650400 0.080488 32.195304 -0.173648 34.297696 200.000000 34.297696 0.002944 1.177691 -0.984808 -26.530659 200.000000 -26.530659
 81.800000 -0.362221 -0.932092 -0.972840 -0.231477 -2.770943 -1.804392 -0.932092 -0.362221 -0.231477 -0.972840 0.001387 0.554817 -0.928368 19.441805 200.000000 19.441805 0.008914 3.565630 -0.371662 -9.650400 200.000000 -9.650400 0.334422 133.768742 -0.173648 34.297696 200.000000 34.297696 0.014322 5.728814 -0.984808 -26.530659 200.000000 -26.530659
 82.000000 -0.433286 -0.901257 -0.983914 -0.178641 -2.693457 -1.750402 -0.901257 -0.433286 -0.178641 -0.983914 0.073503 29.401070 -0.928368 19.441805 200.000000 19.441805 0.379744 151.897664 -0.371662 -9.650400 200.000000 -9.650400 0.002493 0.997201 -0.173648 34.297696 200.000000 34.297696 0.000080 0.031931 -0.984808 -26.530659 200.000000 -26.530659
 82.200000 -0.392767 -0.919638 -0.967390 -0.253291 -2.737955 -1.826877 -0.919638 -0.392767 -0.253291 -0.967390 0.007621 3.048355 -0.928368 19.441805 200.000000 19.441805 0.044539 17.815494 -0.371662 -9.650400 200.000000 -9.650400 0.634297 253.718956 -0.173648 34.297696 200.000000 34.297696 0.030337 12.134928 -0.984808 -26.530659 200.000000 -26.530659
 82.400000 -0.418991 -0.907990 -0.982576 -0.185862 -2.709258 -1.757746 -0.907990 -0.418991 -0.185862 -0.982576 0.041525 16.610112 -0.928368 19.441805 200.000000 19.441805 0.224003 89.601335 -0.371662 -9.650400 200.000000 -9.650400 0.014919 5.967417 -0.173648 34.297696 200.000000 34.297696 0.000498 0.199265 -0.984808 -26.530659 200.000000 -26.530659
 82.600000 -0.409422 -0.912345 -0.985583 -0.169193 -2.719772 -1.740807 -0.912345 -0.409422 -0.169193 -0.985583 0.025674 10.269442 -0.928368 19.441805 200.000000 19.441805 0.142581 57.032515 -0.371662 -9.650400 200.000000 -9.650400 0.001985 0.793876 -0.173648 34.297696 200.000000 34.297696 0.000060 0.024034 -0.984808 -26.530659 200.000000 -26.530659
 82.800000 -0.386413 -0.922326 -0.974123 -0.226020 -2.744853 -1.798787 -0.922326 -0.386413 -0.226020 -0.974123 0.003651 1.460283 -0.928368 19.441805 200.000000 19.441805 0.021758 8.703244 -0.371662 -9.650400 200.000000 -9.650400 0.274286 109.714220 -0.173648 34.297696 200.000000 34.297696 0.011417 4.566938 -0.984808 -26.530659 200.000000 -26.530659
 83.000000 -0.383184 -0.923672 -0.959474 -0.281796 -2.748352 -1.856461 -0.923672 -0.383184 -0.281796 -0.959474 0.002205 0.882009 -0.928368 19.441805 200.000000 19.441805 0.013274 5.309541 -0.371662 -9.650400 200.000000 -9.650400 1.169585 467.834186 -0.173648 34.297696 200.000000 34.297696 0.064178 25.671001 -0.984808 -26.530659 200.000000 -26.530659
 83.200000 -0.415642 -0.909528 -0.980593 -0.196053 -2.712944 -1.768128 -0.909528 -0.415642 -0.196053 -0.980593 0.035493 14.197214 -0.928368 19.441805 200.000000 19.441805 0.193419 77.367717 -0.371662 -9.650400 200.000000 -9.650400 0.050199 20.079768 -0.173648 34.297696 200.000000 34.297696 0.001776 0.710492 -0.984808 -26.530659 200.000000 -26.530659
 83.400000 -0.373757 -0.927527 -0.993330 -0.115307 -2.758536 -1.686360 -0.927527 -0.373757 -0.115307 -0.993330 0.000071 0.028315 -0.928368 19.441805 200.000000 19.441805 0.000439 0.175521 -0.371662 -9.650400 200.000000 -9.650400 0.340370 136.148021 -0.173648 34.297696 200.000000 34.297696 0.007263 2.905087 -0.984808 -26.530659 200.000000 -26.530659
 83.600000 -0.324566 -0.945863 -0.991875 -0.127215 -2.811040 -1.698357 -0.945863 -0.324566 -0.127215 -0.991875 0.030608 12.243295 -0.928368 19.441805 200.000000 19.441805 0.221810 88.724056 -0.371662 -9.650400 200.000000 -9.650400 0.215605 86.242030 -0.173648 34.297696 200.000000 34.297696 0.004995 1.997941 -0.984808 -26.530659 200.000000 -26.530659
 83.800000 -0.346802 -0.937938 -0.987791 -0.155785 -2.787433 -1.727218 -0.937938 -0.346802 -0.155785 -0.987791 0.009159 3.663752 -0.928368 19.441805 200.000000 19.441805 0.061805 24.721882 -0.371662 -9.650400 200.000000 -9.650400 0.031910 12.764144 -0.173648 34.297696 200.000000 34.297696 0.000890 0.355998 -0.984808 -26.530659 200.000000 -26.530659
 84.000000 -0.352770 -0.935710 -0.970950 -0.239282 -2.781063 -1.812423 -0.935710 -0.352770 -0.239282 -0.970950 0.005391 2.156350 -0.928368 19.441805 200.000000 19.441805 0.035694 14.277494 -0.371662 -9.650400 200.000000 -9.650400 0.430783 172.313227 -0.173648 34.297696 200.000000 34.297696 0.019204 7.681433 -0.984808 -26.530659 200.000000 -26.530659
 84.200000 -0.350706 -0.936486 -0.989733 -0.142930 -2.783268 -1.714217 -0.936486 -0.350706 -0.142930 -0.989733 0.006590 2.635890 -0.928368 19.441805 200.000000 19.441805 0.043918 17.567072 -0.371662 -9.650400 200.000000 -9.650400 0.094363 37.745043 -0.173648 34.297696 200.000000 34.297696 0.002426 0.970262 -0.984808 -26.530659 200.000000 -26.530659
 84.400000 -0.343533 -0.939141 -0.997573 -0.069627 -2.790917 -1.640479 -0.939141 -0.343533 -0.069627 -0.997573 0.011605 4.642149 -0.928368 19.441805 200.000000 19.441805 0.079129 31.651576 -0.371662 -9.650400 200.000000 -9.650400 1.082050 432.820037 -0.173648 34.297696 200.000000 34.297696 0.016295 6.518191 -0.984808 -26.530659 200.000000 -26.530659
 84.600000 -0.300848 -0.953672 -0.992702 -0.120593 -2.836011 -1.691683 -0.953672 -0.300848 -0.120593 -0.992702 0.064030 25.612063 -0.928368 19.441805 200.000000 19.441805 0.501469 200.587670 -0.371662 -9.650400 200.000000 -9.650400 0.281487 112.594778 -0.173648 34.297696 200.000000 34.297696 0.006232 2.492800 -0.984808 -26.530659 200.000000 -26.530659
 84.800000 -0.365165 -0.930943 -0.996670 -0.081546 -2.767783 -1.652433 -0.930943 -0.365165 -0.081546 -0.996670 0.000663 0.265218 -0.928368 19.441805 200.000000 19.441805 0.004222 1.688787 -0.371662 -9.650400 200.000000 -9.650400 0.848274 339.309653 -0.173648 34.297696 200.000000 34.297696 0.014070 5.628087 -0.984808 -26.530659 200.000000 -26.530659
 85.000000 -0.375356 -0.926881 -0.976357 -0.216166 -2.756812 -1.788683 -0.926881 -0.375356 -0.216166 -0.976357 0.000221 0.088477 -0.928368 19.441805 200.000000 19.441805 0.001364 0.545723 -0.371662 -9.650400 200.000000 -9.650400 0.180780 72.311824 -0.173648 34.297696 200.000000 34.297696 0.007142 2.856916 -0.984808 -26.530659 200.000000 -26.530659
 85.200000 -0.326398 -0.945232 -0.990799 -0.135341 -2.809102 -1.706554 -0.945232 -0.326398 -0.135341 -0.990799 0.028441 11.376496 -0.928368 19.441805 200.000000 19.441805 0.204888 81.955199 -0.371662 -9.650400 200.000000 -9.650400 0.146746 58.698516 -0.173648 34.297696 200.000000 34.297696 0.003590 1.435859 -0.984808 -26.530659 200.000000 -26.530659
 85.400000 -0.321423 -0.946936 -0.988074 -0.153981 -2.814360 -1.725392 -0.946936 -0.321423 -0.153981 -0.988074 0.034476 13.790332 -0.928368 19.441805 200.000000 19.441805 0.252397 100.958730 -0.371662 -9.650400 200.000000 -9.650400 0.038680 15.472084 -0.173648 34.297696 200.000000 34.297696 0.001067 0.426689 -0.984808 -26.530659 200.000000 -26.530659
 85.600000 -0.358184 -0.933651 -0.988765 -0.149478 -2.775271 -1.720837 -0.933651 -0.358184 -0.149478 -0.988765 0.002791 1.116517 -0.928368 19.441805 200.000000 19.441805 0.018168 7.267271 -0.371662 -9.650400 200.000000 -9.650400 0.058420 23.367925 -0.173648 34.297696 200.000000 34.297696 0.001566 0.626409 -0.984808 -26.530659 200.000000 -26.530659
 85.800000 -0.353434 -0.935459 -0.989349 -0.145565 -2.780353 -1.716881 -0.935459 -0.353434 -0.145565 -0.989349 0.005029 2.011601 -0.928368 19.441805 200.000000 19.441805 0.033228 13.291124 -0.371662 -9.650400 200.000000 -9.650400 0.078865 31.545986 -0.173648 34.297696 200.000000 34.297696 0.002062 0.824790 -0.984808 -26.530659 200.000000 -26.530659
 86.000000 -0.347046 -0.937848 -0.975168 -0.221466 -2.787173 -1.794114 -0.937848 -0.347046 -0.221466 -0.975168 0.008987 3.594866 -0.928368 19.441805 200.000000 19.441805 0.060596 24.238217 -0.371662 -9.650400 200.000000 -9.650400 0.228654 91.461688 -0.173648 34.297696 200.000000 34.297696 0.009292 3.716918 -0.984808 -26.530659 200.000000 -26.530659
 86.200000 -0.439300 -0.898341 -0.979046 -0.203639 -2.686774 -1.775869 -0.898341 -0.439300 -0.203639 -0.979046 0.090164 36.065591 -0.928368 19.441805 200.000000 19.441805 0.457478 182.991327 -0.371662 -9.650400 200.000000 -9.650400 0.089943 35.977088 -0.173648 34.297696 200.000000 34.297696 0.003320 1.327856 -0.984808 -26.530659 200.000000 -26.530659
 86.400000 -0.312389 -0.949954 -0.960180 -0.279383 -2.823886 -1.853948 -0.949954 -0.312389 -0.279383 -0.960180 0.046598 18.639045 -0.928368 19.441805 200.000000 19.441805 0.351339 140.535788 -0.371662 -9.650400 200.000000 -9.650400 1.117990 447.195806 -0.173648 34.297696 200.000000 34.297696 0.060654 24.261670 -0.984808 -26.530659 200.000000 -26.530659
 86.600000 -0.336205 -0.941789 -0.965453 -0.260576 -2.798709 -1.834416 -0.941789 -0.336205 -0.260576 -0.965453 0.018012 7.204963 -0.928368 19.441805 200.000000 19.441805 0.125726 50.290321 -0.371662 -9.650400 200.000000 -9.650400 0.755653 302.261091 -0.173648 34.297696 200.000000 34.297696 0.037460 14.983930 -0.984808 -26.530659 200.000000 -26.530659
 86.800000 -0.345807 -0.938306 -0.974255 -0.225449 -2.788494 -1.798200 -0.938306 -0.345807 -0.225449 -0.974255 0.009876 3.950448 -0.928368 19.441805 200.000000 19.441805 0.066852 26.740949 -0.371662 -9.650400 200.000000 -9.650400 0.268329 107.331739 -0.173648 34.297696 200.000000 34.297696 0.011136 4.454389 -0.984808 -26.530659 200.000000 -26.530659
 87.000000 -0.448329 -0.893869 -0.965931 -0.258800 -2.676698 -1.832576 -0.893869 -0.448329 -0.258800 -0.965931 0.119019 47.607541 -0.928368 19.441805 200.000000 19.441805 0.587770 235.107852 -0.371662 -9.650400 200.000000 -9.650400 0.725091 290.036363 -0.173648 34.297696 200.000000 34.297696 0.035634 14.253560 -0.984808 -26.530659 200.000000 -26.530659
 87.200000 -0.345722 -0.938337 -0.963006 -0.269481 -2.788584 -1.843650 -0.938337 -0.345722 -0.269481 -0.963006 0.009938 3.975211 -0.928368 19.441805 200.000000 19.441805 0.067289 26.915796 -0.371662 -9.650400 200.000000 -9.650400 0.918390 367.355834 -0.173648 34.297696 200.000000 34.297696 0.047533 19.013083 -0.984808 -26.530659 200.000000 -26.530659
 87.400000 -0.358362 -0.933583 -0.966458 -0.256823 -2.775079 -1.830530 -0.933583 -0.358362 -0.256823 -0.966458 0.002719 1.087691 -0.928368 19.441805 200.000000 19.441805 0.017689 7.075655 -0.371662 -9.650400 200.000000 -9.650400 0.691805 276.721819 -0.173648 34.297696 200.000000 34.297696 0.033670 13.467855 -0.984808 -26.530659 200.000000 -26.530659
 87.600000 -0.409378 -0.912365 -0.979174 -0.203022 -2.719820 -1.775240 -0.912365 -0.409378 -0.203022 -0.979174 0.025610 10.244108 -0.928368 19.441805 200.000000 19.441805 0.142249 56.899462 -0.371662 -9.650400 200.000000 -9.650400 0.086283 34.513038 -0.173648 34.297696 200.000000 34.297696 0.003174 1.269495 -0.984808 -26.530659 200.000000 -26.530659
 87.800000 -0.322808 -0.946464 -0.957157 -0.289570 -2.812898 -1.864574 -0.946464 -0.322808 -0.289570 -0.957157 0.032749 13.099423 -0.928368 19.441805 200.000000 19.441805 0.238676 95.470595 -0.371662 -9.650400 200.000000 -9.650400 1.343785 537.513941 -0.173648 34.297696 200.000000 34.297696 0.076457 30.582862 -0.984808 -26.530659 200.000000 -26.530659
 88.000000 -0.401971 -0.915652 -0.987664 -0.156590 -2.727924 -1.728034 -0.915652 -0.401971 -0.156590 -0.987664 0.016168 6.467381 -0.928368 19.441805 200.000000 19.441805 0.091861 36.744251 -0.371662 -9.650400 200.000000 -9.650400 0.029096 11.638578 -0.173648 34.297696 200.000000 34.297696 0.000816 0.326238 -0.984808 -26.530659 200.000000 -26.530659
 88.200000 -0.363858 -0.931454 -0.966192 -0.257824 -2.769186 -1.831566 -0.931454 -0.363858 -0.257824 -0.966192 0.000953 0.381062 -0.928368 19.441805 200.000000 19.441805 0.006091 2.436402 -0.371662 -9.650400 200.000000 -9.650400 0.708565 283.426124 -0.173648 34.297696 200.000000 34.297696 0.034655 13.862200 -0.984808 -26.530659 200.000000 -26.530659
 88.400000 -0.399421 -0.916768 -0.983955 -0.178416 -2.730708 -1.750173 -0.916768 -0.399421 -0.178416 -0.983955 0.013457 5.382645 -0.928368 19.441805 200.000000 19.441805 0.077053 30.821211 -0.371662 -9.650400 200.000000 -9.650400 0.002273 0.909231 -0.173648 34.297696 200.000000 34.297696 0.000073 0.029076 -0.984808 -26.530659 200.000000 -26.530659
 88.600000 -0.322508 -0.946567 -0.979688 -0.200528 -2.813214 -1.772693 -0.946567 -0.322508 -0.200528 -0.979688 0.033119 13.247662 -0.928368 19.441805 200.000000 19.441805 0.241612 96.644849 -0.371662 -9.650400 200.000000 -9.650400 0.072253 28.901052 -0.173648 34.297696 200.000000 34.297696 0.002621 1.048489 -0.984808 -26.530659 200.000000 -26.530659
 88.800000 -0.402364 -0.915480 -0.983638 -0.180155 -2.727495 -1.751940 -0.915480 -0.402364 -0.180155 -0.983638 0.016610 6.644120 -0.928368 19.441805 200.000000 19.441805 0.094258 37.703021 -0.371662 -9.650400 200.000000 -9.650400 0.004234 1.693493 -0.173648 34.297696 200.000000 34.297696 0.000137 0.054709 -0.984808 -26.530659 200.000000 -26.530659
 89.000000 -0.345597 -0.938383 -0.981729 -0.190282 -2.788718 -1.762246 -0.938383 -0.345597 -0.190282 -0.981729 0.010030 4.012191 -0.928368 19.441805 200.000000 19.441805 0.067943 27.177048 -0.371662 -9.650400 200.000000 -9.650400 0.027669 11.067596 -0.173648 34.297696 200.000000 34.297696 0.000948 0.379040 -0.984808 -26.530659 200.000000 -26.530659
 89.200000 -0.342326 -0.939581 -0.973914 -0.226918 -2.792201 -1.799708 -0.939581 -0.342326 -0.226918 -0.973914 0.012574 5.029567 -0.928368 19.441805 200.000000 19.441805 0.086063 34.425362 -0.371662 -9.650400 200.000000 -9.650400 0.283765 113.505940 -0.173648 34.297696 200.000000 34.297696 0.011868 4.747021 -0.984808 -26.530659 200.000000 -26.530659
 89.400000 -0.361411 -0.932407 -0.988973 -0.148099 -2.771812 -1.719442 -0.932407 -0.361411 -0.148099 -0.988973 0.001631 0.652420 -0.928368 19.441805 200.000000 19.441805 0.010509 4.203582 -0.371662 -9.650400 200.000000 -9.650400 0.065276 26.110509 -0.173648 34.297696 200.000000 34.297696 0.001735 0.693820 -0.984808 -26.530659 200.000000 -26.530659
 89.600000 -0.356398 -0.934334 -0.978913 -0.204277 -2.777183 -1.776521 -0.934334 -0.356398 -0.204277 -0.978913 0.003560 1.423957 -0.928368 19.441805 200.000000 19.441805 0.023302 9.320719 -0.371662 -9.650400 200.000000 -9.650400 0.093813 37.525018 -0.173648 34.297696 200.000000 34.297696 0.003475 1.389866 -0.984808 -26.530659 200.000000 -26.530659
 89.800000 -0.343724 -0.939071 -0.993533 -0.113541 -2.790713 -1.684583 -0.939071 -0.343724 -0.113541 -0.993533 0.011455 4.581900 -0.928368 19.441805 200.000000 19.441805 0.078054 31.221695 -0.371662 -9.650400 200.000000 -9.650400 0.361283 144.513290 -0.173648 34.297696 200.000000 34.297696 0.007613 3.045388 -0.984808 -26.530659 200.000000 -26.530659
 90.000000 -0.276860 -0.960910 -0.983989 -0.178230 -2.861068 -1.749983 -0.960910 -0.276860 -0.178230 -0.983989 0.105901 42.360432 -0.928368 19.441805 200.000000 19.441805 0.898758 359.503189 -0.371662 -9.650400 200.000000 -9.650400 0.002099 0.839616 -0.173648 34.297696 200.000000 34.297696 0.000067 0.026820 -0.984808 -26.530659 200.000000 -26.530659
 90.200000 -0.373708 -0.927547 -0.989796 -0.142490 -2.758590 -1.713773 -0.927547 -0.373708 -0.142490 -0.989796 0.000067 0.026983 -0.928368 19.441805 200.000000 19.441805 0.000418 0.167289 -0.371662 -9.650400 200.000000 -9.650400 0.097082 38.832728 -0.173648 34.297696 200.000000 34.297696 0.002488 0.995388 -0.984808 -26.530659 200.000000 -26.530659
 90.400000 -0.384566 -0.923097 -0.977786 -0.209604 -2.746855 -1.781967 -0.923097 -0.384566 -0.209604 -0.977786 0.002778 1.111159 -0.928368 19.441805 200.000000 19.441805 0.016651 6.660411 -0.371662 -9.650400 200.000000 -9.650400 0.129285 51.714174 -0.173648 34.297696 200.000000 34.297696 0.004930 1.972055 -0.984808 -26.530659 200.000000 -26.530659
 90.600000 -0.281430 -0.959582 -0.988648 -0.150249 -2.856309 -1.721617 -0.959582 -0.281430 -0.150249 -0.988648 0.097431 38.972280 -0.928368 19.441805 200.000000 19.441805 0.814194 325.677410 -0.371662 -9.650400 200.000000 -9.650400 0.054750 21.900177 -0.173648 34.297696 200.000000 34.297696 0.001475 0.589940 -0.984808 -26.530659 200.000000 -26.530659
 90.800000 -0.310697 -0.950509 -0.984276 -0.176638 -2.825666 -1.748366 -0.950509 -0.310697 -0.176638 -0.984276 0.049023 19.609008 -0.928368 19.441805 200.000000 19.441805 0.371677 148.670795 -0.371662 -9.650400 200.000000 -9.650400 0.000894 0.357481 -0.173648 34.297696 200.000000 34.297696 0.000028 0.011313 -0.984808 -26.530659 200.000000 -26.530659
 91.000000 -0.348329 -0.937372 -0.992747 -0.120221 -2.785805 -1.691309 -0.937372 -0.348329 -0.120221 -0.992747 0.008108 3.243241 -0.928368 19.441805 200.000000 19.441805 0.054446 21.778466 -0.371662 -9.650400 200.000000 -9.650400 0.285447 114.178815 -0.173648 34.297696 200.000000 34.297696 0.006303 2.521368 -0.984808 -26.530659 200.000000 -26.530659
 91.200000 -0.442900 -0.896571 -0.990703 -0.136045 -2.682762 -1.707264 -0.896571 -0.442900 -0.136045 -0.990703 0.101105 40.442021 -0.928368 19.441805 200.000000 19.441805 0.507482 202.992727 -0.371662 -9.650400 200.000000 -9.650400 0.141402 56.560665 -0.173648 34.297696 200.000000 34.297696 0.003475 1.390012 -0.984808 -26.530659 200.000000 -26.530659
 91.400000 -0.288507 -0.957478 -0.956339 -0.292259 -2.848926 -1.867385 -0.957478 -0.288507 -0.292259 -0.956339 0.084739 33.895639 -0.928368 19.441805 200.000000 19.441805 0.691490 276.596007 -0.371662 -9.650400 200.000000 -9.650400 1.406856 562.742484 -0.173648 34.297696 200.000000 34.297696 0.081046 32.418429 -0.984808 -26.530659 200.000000 -26.530659
 91.600000 -0.372886 -0.927877 -0.985263 -0.171045 -2.759475 -1.742686 -0.927877 -0.372886 -0.171045 -0.985263 0.000024 0.009632 -0.928368 19.441805 200.000000 19.441805 0.000150 0.059870 -0.371662 -9.650400 200.000000 -9.650400 0.000678 0.271070 -0.173648 34.297696 200.000000 34.297696 0.000021 0.008298 -0.984808 -26.530659 200.000000 -26.530659
 91.800000 -0.390229 -0.920718 -0.977958 -0.208800 -2.740713 -1.781144 -0.920718 -0.390229 -0.208800 -0.977958 0.005852 2.340872 -0.928368 19.441805 200.000000 19.441805 0.034470 13.788154 -0.371662 -9.650400 200.000000 -9.650400 0.123566 49.426225 -0.173648 34.297696 200.000000 34.297696 0.004691 1.876574 -0.984808 -26.530659 200.000000 -26.530659
 92.000000 -0.404180 -0.914679 -0.980828 -0.194876 -2.725510 -1.766927 -0.914679 -0.404180 -0.194876 -0.980828 0.018738 7.495090 -0.928368 19.441805 200.000000 19.441805 0.105741 42.296306 -0.371662 -9.650400 200.000000 -9.650400 0.045062 18.024847 -0.173648 34.297696 200.000000 34.297696 0.001584 0.633574 -0.984808 -26.530659 200.000000 -26.530659
 92.200000 -0.391603 -0.920134 -0.981827 -0.189780 -2.739220 -1.761734 -0.920134 -0.391603 -0.189780 -0.981827 0.006779 2.711705 -0.928368 19.441805 200.000000 19.441805 0.039762 15.904911 -0.371662 -9.650400 200.000000 -9.650400 0.026023 10.409116 -0.173648 34.297696 200.000000 34.297696 0.000889 0.355470 -0.984808 -26.530659 200.000000 -26.530659
 92.400000 -0.431855 -0.901943 -0.976650 -0.214838 -2.695044 -1.787322 -0.901943 -0.431855 -0.214838 -0.976650 0.069828 27.931166 -0.928368 19.441805 200.000000 19.441805 0.362316 144.926556 -0.371662 -9.650400 200.000000 -9.650400 0.169660 67.864024 -0.173648 34.297696 200.000000 34.297696 0.006655 2.662153 -0.984808 -26.530659 200.000000 -26.530659
 92.600000 -0.354672 -0.934991 -0.973255 -0.229726 -2.779030 -1.802593 -0.934991 -0.354672 -0.229726 -0.973255 0.004386 1.754575 -0.928368 19.441805 200.000000 19.441805 0.028869 11.547614 -0.371662 -9.650400 200.000000 -9.650400 0.314474 125.789657 -0.173648 34.297696 200.000000 34.297696 0.013346 5.338363 -0.984808 -26.530659 200.000000 -26.530659
 92.800000 -0.442442 -0.896797 -0.970110 -0.242667 -2.683273 -1.815911 -0.896797 -0.442442 -0.242667 -0.970110 0.099671 39.868517 -0.928368 19.441805 200.000000 19.441805 0.500973 200.389170 -0.371662 -9.650400 200.000000 -9.650400 0.476366 190.546522 -0.173648 34.297696 200.000000 34.297696 0.021604 8.641512 -0.984808 -26.530659 200.000000 -26.530659
 93.000000 -0.417537 -0.908660 -0.974490 -0.224429 -2.710860 -1.797154 -0.908660 -0.417537 -0.224429 -0.974490 0.038840 15.536164 -0.928368 19.441805 200.000000 19.441805 0.210447 84.178626 -0.371662 -9.650400 200.000000 -9.650400 0.257873 103.149166 -0.173648 34.297696 200.000000 34.297696 0.010645 4.257945 -0.984808 -26.530659 200.000000 -26.530659
 93.200000 -0.429400 -0.903114 -0.979391 -0.201974 -2.697764 -1.774169 -0.903114 -0.429400 -0.201974 -0.979391 0.063775 25.510025 -0.928368 19.441805 200.000000 19.441805 0.333367 133.346935 -0.371662 -9.650400 200.000000 -9.650400 0.080236 32.094213 -0.173648 34.297696 200.000000 34.297696 0.002934 1.173704 -0.984808 -26.530659 200.000000 -26.530659
 93.400000 -0.418054 -0.908422 -0.985352 -0.170533 -2.710290 -1.742167 -0.908422 -0.418054 -0.170533 -0.985352 0.039784 15.913517 -0.928368 19.441805 200.000000 19.441805 0.215220 86.087981 -0.371662 -9.650400 200.000000 -9.650400 0.000970 0.388152 -0.173648 34.297696 200.000000 34.297696 0.000030 0.011846 -0.984808 -26.530659 200.000000 -26.530659
 93.600000 -0.455107 -0.890437 -0.979394 -0.201959 -2.669100 -1.774154 -0.890437 -0.455107 -0.201959 -0.979394 0.143877 57.550746 -0.928368 19.441805 200.000000 19.441805 0.696297 278.518739 -0.371662 -9.650400 200.000000 -9.650400 0.080152 32.060732 -0.173648 34.297696 200.000000 34.297696 0.002931 1.172383 -0.984808 -26.530659 200.000000 -26.530659
 93.800000 -0.411196 -0.911547 -0.972993 -0.230834 -2.717827 -1.803731 -0.911547 -0.411196 -0.230834 -0.972993 0.028294 11.317604 -0.928368 19.441805 200.000000 19.441805 0.156287 62.514957 -0.371662 -9.650400 200.000000 -9.650400 0.327025 130.809950 -0.173648 34.297696 200.000000 34.297696 0.013959 5.583456 -0.984808 -26.530659 200.000000 -26.530659
 94.000000 -0.434933 -0.900463 -0.979108 -0.203343 -2.691629 -1.775567 -0.900463 -0.434933 -0.203343 -0.979108 0.077869 31.147431 -0.928368 19.441805 200.000000 19.441805 0.400312 160.124649 -0.371662 -9.650400 200.000000 -9.650400 0.088177 35.270628 -0.173648 34.297696 200.000000 34.297696 0.003249 1.299659 -0.984808 -26.530659 200.000000 -26.530659
 94.200000 -0.421675 -0.906747 -0.987955 -0.154741 -2.706301 -1.726161 -0.906747 -0.421675 -0.154741 -0.987955 0.046747 18.698755 -0.928368 19.441805 200.000000 19.441805 0.250128 100.051349 -0.371662 -9.650400 200.000000 -9.650400 0.035749 14.299781 -0.173648 34.297696 200.000000 34.297696 0.000991 0.396238 -0.984808 -26.530659 200.000000 -26.530659
 94.400000 -0.441986 -0.897022 -0.993082 -0.117419 -2.683781 -1.688487 -0.897022 -0.441986 -0.117419 -0.993082 0.098257 39.302652 -0.928368 19.441805 200.000000 19.441805 0.494538 197.815224 -0.371662 -9.650400 200.000000 -9.650400 0.316175 126.469874 -0.173648 34.297696 200.000000 34.297696 0.006847 2.738851 -0.984808 -26.530659 200.000000 -26.530659
 94.600000 -0.383859 -0.923392 -0.984820 -0.173581 -2.747621 -1.745261 -0.923392 -0.383859 -0.173581 -0.984820 0.002476 0.990494 -0.928368 19.441805 200.000000 19.441805 0.014875 5.950143 -0.371662 -9.650400 200.000000 -9.650400 0.000000 0.000178 -0.173648 34.297696 200.000000 34.297696 0.000000 0.000006 -0.984808 -26.530659 200.000000 -26.530659
 94.800000 -0.388172 -0.921587 -0.990810 -0.135258 -2.742945 -1.706470 -0.921587 -0.388172 -0.135258 -0.990810 0.004598 1.839292 -0.928368 19.441805 200.000000 19.441805 0.027257 10.902722 -0.371662 -9.650400 200.000000 -9.650400 0.147381 58.952221 -0.173648 34.297696 200.000000 34.297696 0.003603 1.441277 -0.984808 -26.530659 200.000000 -26.530659
 95.000000 -0.358176 -0.933654 -0.983237 -0.182330 -2.775279 -1.754152 -0.933654 -0.358176 -0.182330 -0.983237 0.002794 1.117657 -0.928368 19.441805 200.000000 19.441805 0.018187 7.274851 -0.371662 -9.650400 200.000000 -9.650400 0.007538 3.015094 -0.173648 34.297696 200.000000 34.297696 0.000247 0.098646 -0.984808 -26.530659 200.000000 -26.530659
 95.200000 -0.382547 -0.923936 -0.987977 -0.154604 -2.749041 -1.726023 -0.923936 -0.382547 -0.154604 -0.987977 0.001964 0.785701 -0.928368 19.441805 200.000000 19.441805 0.011848 4.739121 -0.371662 -9.650400 200.000000 -9.650400 0.036268 14.507389 -0.173648 34.297696 200.000000 34.297696 0.001004 0.401647 -0.984808 -26.530659 200.000000 -26.530659
 95.400000 -0.480964 -0.876741 -0.997231 -0.074368 -2.639839 -1.645233 -0.876741 -0.480964 -0.074368 -0.997231 0.266538 106.615266 -0.928368 19.441805 200.000000 19.441805 1.194673 477.869045 -0.371662 -9.650400 200.000000 -9.650400 0.985665 394.266020 -0.173648 34.297696 200.000000 34.297696 0.015433 6.173386 -0.984808 -26.530659 200.000000 -26.530659
 95.600000 -0.373228 -0.927740 -0.997373 -0.072444 -2.759107 -1.643303 -0.927740 -0.373228 -0.072444 -0.997373 0.000039 0.015787 -0.928368 19.441805 200.000000 19.441805 0.000245 0.098020 -0.371662 -9.650400 200.000000 -9.650400 1.024238 409.695277 -0.173648 34.297696 200.000000 34.297696 0.015787 6.314931 -0.984808 -26.530659 200.000000 -26.530659
 95.800000 -0.378574 -0.925571 -0.984611 -0.174762 -2.753337 -1.746460 -0.925571 -0.378574 -0.174762 -0.984611 0.000782 0.312914 -0.928368 19.441805 200.000000 19.441805 0.004777 1.910816 -0.371662 -9.650400 200.000000 -9.650400 0.000124 0.049585 -0.173648 34.297696 200.000000 34.297696 0.000004 0.001552 -0.984808 -26.530659 200.000000 -26.530659
 96.000000 -0.384004 -0.923331 -0.981275 -0.192612 -2.747464 -1.764619 -0.923331 -0.384004 -0.192612 -0.981275 0.002537 1.014666 -0.928368 19.441805 200.000000 19.441805 0.015232 6.092613 -0.371662 -9.650400 200.000000 -9.650400 0.035961 14.384345 -0.173648 34.297696 200.000000 34.297696 0.001248 0.499189 -0.984808 -26.530659 200.000000 -26.530659
 96.200000 -0.374571 -0.927198 -0.977340 -0.211674 -2.757658 -1.784084 -0.927198 -0.374571 -0.211674 -0.977340 0.000137 0.054736 -0.928368 19.441805 200.000000 19.441805 0.000846 0.338435 -0.371662 -9.650400 200.000000 -9.650400 0.144595 57.837959 -0.173648 34.297696 200.000000 34.297696 0.005576 2.230473 -0.984808 -26.530659 200.000000 -26.530659
 96.400000 -0.330217 -0.943905 -0.977976 -0.208719 -2.805059 -1.781062 -0.943905 -0.330217 -0.208719 -0.977976 0.024140 9.655917 -0.928368 19.441805 200.000000 19.441805 0.171770 68.707838 -0.371662 -9.650400 200.000000 -9.650400 0.122998 49.199330 -0.173648 34.297696 200.000000 34.297696 0.004668 1.867138 -0.984808 -26.530659 200.000000 -26.530659
 96.600000 -0.411014 -0.911629 -0.990719 -0.135928 -2.718027 -1.707147 -0.911629 -0.411014 -0.135928 -0.990719 0.028019 11.207553 -0.928368 19.441805 200.000000 19.441805 0.154853 61.941347 -0.371662 -9.650400 200.000000 -9.650400 0.142279 56.911462 -0.173648 34.297696 200.000000 34.297696 0.003494 1.397559 -0.984808 -26.530659 200.000000 -26.530659
 96.800000 -0.443288 -0.896379 -0.978851 -0.204576 -2.682330 -1.776827 -0.896379 -0.443288 -0.204576 -0.978851 0.102326 40.930445 -0.928368 19.441805 200.000000 19.441805 0.513015 205.206010 -0.371662 -9.650400 200.000000 -9.650400 0.095654 38.261585 -0.173648 34.297696 200.000000 34.297696 0.003549 1.419482 -0.984808 -26.530659 200.000000 -26.530659
 97.000000 -0.432351 -0.901705 -0.970781 -0.239967 -2.694494 -1.813128 -0.901705 -0.432351 -0.239967 -0.970781 0.071090 28.436154 -0.928368 19.441805 200.000000 19.441805 0.368316 147.326394 -0.371662 -9.650400 200.000000 -9.650400 0.439814 175.925661 -0.173648 34.297696 200.000000 34.297696 0.019675 7.869847 -0.984808 -26.530659 200.000000 -26.530659
 97.200000 -0.358292 -0.933610 -0.970728 -0.240181 -2.775155 -1.813349 -0.933610 -0.358292 -0.240181 -0.970728 0.002747 1.098995 -0.928368 19.441805 200.000000 19.441805 0.017877 7.150773 -0.371662 -9.650400 200.000000 -9.650400 0.442665 177.065983 -0.173648 34.297696 200.000000 34.297696 0.019824 7.929510 -0.984808 -26.530659 200.000000 -26.530659
 97.400000 -0.287377 -0.957818 -0.964110 -0.265504 -2.850106 -1.839523 -0.957818 -0.287377 -0.265504 -0.964110 0.086729 34.691476 -0.928368 19.441805 200.000000 19.441805 0.710410 284.164163 -0.371662 -9.650400 200.000000 -9.650400 0.843744 337.497630 -0.173648 34.297696 200.000000 34.297696 0.042840 17.136152 -0.984808 -26.530659 200.000000 -26.530659
 97.600000 -0.378027 -0.925795 -0.984755 -0.173949 -2.753929 -1.745634 -0.925795 -0.378027 -0.173949 -0.984755 0.000662 0.264853 -0.928368 19.441805 200.000000 19.441805 0.004050 1.620084 -0.371662 -9.650400 200.000000 -9.650400 0.000009 0.003611 -0.173648 34.297696 200.000000 34.297696 0.000000 0.000112 -0.984808 -26.530659 200.000000 -26.530659
 97.800000 -0.417045 -0.908886 -0.983318 -0.181894 -2.711401 -1.753709 -0.908886 -0.417045 -0.181894 -0.983318 0.037955 15.181944 -0.928368 19.441805 200.000000 19.441805 0.205956 82.382324 -0.371662 -9.650400 200.000000 -9.650400 0.006800 2.720073 -0.173648 34.297696 200.000000 34.297696 0.000222 0.088768 -0.984808 -26.530659 200.000000 -26.530659
 98.000000 -0.438675 -0.898646 -0.983886 -0.178799 -2.687469 -1.750562 -0.898646 -0.438675 -0.178799 -0.983886 0.088342 35.336601 -0.928368 19.441805 200.000000 19.441805 0.449072 179.628880 -0.371662 -9.650400 200.000000 -9.650400 0.002653 1.061298 -0.173648 34.297696 200.000000 34.297696 0.000085 0.034015 -0.984808 -26.530659 200.000000 -26.530659
 98.200000 -0.347925 -0.937522 -0.978004 -0.208584 -2.786235 -1.780924 -0.937522 -0.347925 -0.208584 -0.978004 0.008380 3.352078 -0.928368 19.441805 200.000000 19.441805 0.056345 22.538178 -0.371662 -9.650400 200.000000 -9.650400 0.122054 48.821408 -0.173648 34.297696 200.000000 34.297696 0.004629 1.851433 -0.984808 -26.530659 200.000000 -26.530659
 98.400000 -0.386570 -0.922260 -0.969544 -0.244919 -2.744683 -1.818232 -0.922260 -0.386570 -0.244919 -0.969544 0.003731 1.492210 -0.928368 19.441805 200.000000 19.441805 0.022223 8.889219 -0.371662 -9.650400 200.000000 -9.650400 0.507948 203.179314 -0.173648 34.297696 200.000000 34.297696 0.023299 9.319741 -0.984808 -26.530659 200.000000 -26.530659
 98.600000 -0.331714 -0.943380 -0.965059 -0.262031 -2.803473 -1.835923 -0.943380 -0.331714 -0.262031 -0.965059 0.022536 9.014504 -0.928368 19.441805 200.000000 19.441805 0.159588 63.835313 -0.371662 -9.650400 200.000000 -9.650400 0.781155 312.462141 -0.173648 34.297696 200.000000 34.297696 0.039000 15.599882 -0.984808 -26.530659 200.000000 -26.530659
 98.800000 -0.412437 -0.910986 -0.987801 -0.155721 -2.716465 -1.727154 -0.910986 -0.412437 -0.155721 -0.987801 0.030213 12.085363 -0.928368 19.441805 200.000000 19.441805 0.166260 66.503955 -0.371662 -9.650400 200.000000 -9.650400 0.032137 12.854837 -0.173648 34.297696 200.000000 34.297696 0.000896 0.358386 -0.984808 -26.530659 200.000000 -26.530659
 99.000000 -0.393813 -0.919191 -0.988248 -0.152857 -2.736816 -1.724255 -0.919191 -0.393813 -0.152857 -0.988248 0.008422 3.368996 -0.928368 19.441805 200.000000 19.441805 0.049065 19.626108 -0.371662 -9.650400 200.000000 -9.650400 0.043225 17.290129 -0.173648 34.297696 200.000000 34.297696 0.001184 0.473479 -0.984808 -26.530659 200.000000 -26.530659
 99.200000 -0.346183 -0.938167 -0.978496 -0.206266 -2.788093 -1.778554 -0.938167 -0.346183 -0.206266 -0.978496 0.009602 3.840943 -0.928368 19.441805 200.000000 19.441805 0.064922 25.968601 -0.371662 -9.650400 200.000000 -9.650400 0.106392 42.556627 -0.173648 34.297696 200.000000 34.297696 0.003984 1.593540 -0.984808 -26.530659 200.000000 -26.530659
 99.400000 -0.391370 -0.920233 -0.988800 -0.149248 -2.739473 -1.720604 -0.920233 -0.391370 -0.149248 -0.988800 0.006617 2.646855 -0.928368 19.441805 200.000000 19.441805 0.038839 15.535685 -0.371662 -9.650400 200.000000 -9.650400 0.059539 23.815403 -0.173648 34.297696 200.000000 34.297696 0.001594 0.637472 -0.984808 -26.530659 200.000000 -26.530659
 99.600000 -0.372556 -0.928010 -0.974854 -0.222843 -2.759830 -1.795527 -0.928010 -0.372556 -0.222843 -0.974854 0.000013 0.005138 -0.928368 19.441805 200.000000 19.441805 0.000080 0.031966 -0.371662 -9.650400 200.000000 -9.650400 0.242016 96.806556 -0.173648 34.297696 200.000000 34.297696 0.009907 3.962874 -0.984808 -26.530659 200.000000 -26.530659
 99.800000 -0.354920 -0.934897 -0.975158 -0.221509 -2.778764 -1.794158 -0.934897 -0.354920 -0.221509 -0.975158 0.004263 1.705038 -0.928368 19.441805 200.000000 19.441805 0.028032 11.212788 -0.371662 -9.650400 200.000000 -9.650400 0.229069 91.627775 -0.173648 34.297696 200.000000 34.297696 0.009311 3.724523 -0.984808 -26.530659 200.000000 -26.530659
 100.000000 -0.402918 -0.915236 -0.979002 -0.203852 -2.726890 -1.776088 -0.915236 -0.402918 -0.203852 -0.979002 0.017244 6.897628 -0.928368 19.441805 200.000000 19.441805 0.097688 39.075320 -0.371662 -9.650400 200.000000 -9.650400 0.091230 36.491962 -0.173648 34.297696 200.000000 34.297696 0.003371 1.348447 -0.984808 -26.530659 200.000000 -26.530659
