#! FIELDS time sin_phi cos_phi sin_psi cos_psi phi psi cos_phi sin_phi cos_psi sin_psi restraint_phi_cos.bias restraint_phi_cos.force2 restraint_phi_cos.cos_phi_cntr restraint_phi_cos.cos_phi_work restraint_phi_cos.cos_phi_kappa restraint_phi_cos.work restraint_phi_sin.bias restraint_phi_sin.force2 restraint_phi_sin.sin_phi_cntr restraint_phi_sin.sin_phi_work restraint_phi_sin.sin_phi_kappa restraint_phi_sin.work restraint_psi_cos.bias restraint_psi_cos.force2 restraint_psi_cos.cos_psi_cntr restraint_psi_cos.cos_psi_work restraint_psi_cos.cos_psi_kappa restraint_psi_cos.work restraint_psi_sin.bias restraint_psi_sin.force2 restraint_psi_sin.sin_psi_cntr restraint_psi_sin.sin_psi_work restraint_psi_sin.sin_psi_kappa restraint_psi_sin.work
#! SET min_phi -pi
#! SET max_phi pi
#! SET min_psi -pi
#! SET max_psi pi
 0.000000 -0.999983 -0.005782 0.966116 0.258110 -1.576579 1.309731 -0.005782 -0.999983 0.258110 0.966116 0.000000 0.000000 1.000000 0.000000 0.000000 0.000000 0.000000 0.000000 0.000000 0.000000 0.000000 0.000000 0.000000 0.000000 1.000000 0.000000 0.000000 0.000000 0.000000 0.000000 0.000000 0.000000 0.000000 0.000000
 0.200000 -0.992318 0.123711 0.651177 0.758926 -1.446768 0.709134 0.123711 -0.992318 0.758926 0.651177 0.000000 0.000000 1.000000 0.000000 0.000000 0.000000 0.000000 0.000000 0.000000 0.000000 0.000000 0.000000 0.000000 0.000000 1.000000 0.000000 0.000000 0.000000 0.000000 0.000000 0.000000 0.000000 0.000000 0.000000
 0.400000 -0.961266 0.275622 0.530288 0.847817 -1.291559 0.558941 0.275622 -0.961266 0.847817 0.530288 0.000000 0.000000 1.000000 0.000000 0.000000 0.000000 0.000000 0.000000 0.000000 0.000000 0.000000 0.000000 0.000000 0.000000 1.000000 0.000000 0.000000 0.000000 0.000000 0.000000 0.000000 0.000000 0.000000 0.000000
 0.600000 -0.964668 0.263470 0.974191 0.225724 -1.304179 1.343111 0.263470 -0.964668 0.225724 0.974191 0.000000 0.000000 1.000000 0.000000 0.000000 0.000000 0.000000 0.000000 0.000000 0.000000 0.000000 0.000000 0.000000 0.000000 1.000000 0.000000 0.000000 0.000000 0.000000 0.000000 0.000000 0.000000 0.000000 0.000000
 0.800000 -0.999801 0.019934 0.982355 0.187025 -1.550861 1.382663 0.019934 -0.999801 0.187025 0.982355 0.000000 0.000000 1.000000 0.000000 0.000000 0.000000 0.000000 0.000000 0.000000 0.000000 0.000000 0.000000 0.000000 0.000000 1.000000 0.000000 0.000000 0.000000 0.000000 0.000000 0.000000 0.000000 0.000000 0.000000
 1.000000 -0.999595 0.028448 0.659832 0.751413 -1.542345 0.720595 0.028448 -0.999595 0.751413 0.659832 0.000000 0.000000 1.000000 0.000000 0.000000 0.000000 0.000000 0.000000 0.000000 0.000000 0.000000 0.000000 0.000000 0.000000 1.000000 0.000000 0.000000 0.000000 0.000000 0.000000 0.000000 0.000000 0.000000 0.000000
 1.200000 -0.523337 0.852126 -0.267996 0.963420 -0.550763 -0.271313 0.852126 -0.523337 0.963420 -0.267996 0.218668 8.746724 1.000000 4.924676 20.000000 4.924676 2.738818 109.552721 0.000000 7.202907 20.000000 7.202907 0.013381 0.535240 1.000000 0.201922 20.000000 0.201922 0.718220 28.728808 0.000000 1.668522 20.000000 1.668522
 1.400000 0.151769 0.988416 0.008803 0.999961 0.152358 0.008803 0.988416 0.151769 0.999961 0.008803 0.002684 0.214702 1.000000 4.977587 40.000000 4.977587 0.460675 36.854037 0.000000 8.361116 40.000000 8.361116 0.000000 0.000002 1.000000 0.226016 40.000000 0.226016 0.001550 0.123992 0.000000 2.416413 40.000000 2.416413
 1.600000 0.303346 0.952881 -0.214685 0.976683 0.308202 -0.216370 0.952881 0.303346 0.976683 -0.214685 0.066607 7.992877 1.000000 4.988918 60.000000 4.988918 2.760560 331.267251 0.000000 8.907892 60.000000 8.907892 0.016310 1.957213 1.000000 0.229927 60.000000 0.229927 1.382694 165.923319 0.000000 2.705398 60.000000 2.705398
 1.800000 -0.090985 0.995852 0.066053 0.997816 -0.091111 0.066101 0.995852 -0.090985 0.997816 0.066053 0.000688 0.110102 1.000000 4.992377 80.000000 4.992377 0.331127 52.980383 0.000000 9.205546 80.000000 9.205546 0.000191 0.030524 1.000000 0.230389 80.000000 0.230389 0.174520 27.923144 0.000000 2.779924 80.000000 2.779924
 2.000000 -0.266080 0.963951 0.072661 0.997357 -0.269324 0.072725 0.963951 -0.266080 0.997357 0.072661 0.064976 12.995266 1.000000 4.993496 100.000000 4.993496 3.539918 707.983673 0.000000 9.347121 100.000000 9.347121 0.000349 0.069869 1.000000 0.231416 100.000000 0.231416 0.263978 52.795693 0.000000 2.907307 100.000000 2.907307
 2.200000 -0.080140 0.996784 -0.154553 0.987984 -0.080226 -0.155175 0.996784 -0.080140 0.987984 -0.154553 0.000621 0.148970 1.000000 4.994917 120.000000 4.994917 0.385345 92.482909 0.000000 9.475784 120.000000 9.475784 0.008662 2.078966 1.000000 0.231836 120.000000 0.231836 1.433200 343.967953 0.000000 2.993694 120.000000 2.993694
 2.400000 0.044667 0.999002 -0.093595 0.995610 0.044682 -0.093732 0.999002 0.044667 0.995610 -0.093595 0.000070 0.019524 1.000000 4.998059 140.000000 4.998059 0.139660 39.104719 0.000000 9.672366 140.000000 9.672366 0.001349 0.377668 1.000000 0.232655 140.000000 0.232655 0.613198 171.695451 0.000000 3.117438 140.000000 3.117438
 2.600000 -0.113503 0.993538 0.000918 1.000000 -0.113748 0.000918 0.993538 -0.113503 1.000000 0.000918 0.003341 1.069103 1.000000 4.998217 160.000000 4.998217 1.030634 329.802753 0.000000 9.722387 160.000000 9.722387 0.000000 0.000000 1.000000 0.232813 160.000000 0.232813 0.000067 0.021563 0.000000 3.169724 160.000000 3.169724
 2.800000 -0.009796 0.999952 -0.037832 0.999284 -0.009797 -0.037841 0.999952 -0.009796 0.999284 -0.037832 0.000000 0.000075 1.000000 4.998378 180.000000 4.998378 0.008637 3.109428 0.000000 9.775342 180.000000 9.775342 0.000046 0.016606 1.000000 0.232985 180.000000 0.232985 0.128816 46.373937 0.000000 3.222536 180.000000 3.222536
 3.000000 0.072890 0.997340 -0.073600 0.997288 0.072954 -0.073666 0.997340 0.072890 0.997288 -0.073600 0.000708 0.283021 1.000000 4.998579 200.000000 4.998579 0.531289 212.515740 0.000000 9.831728 200.000000 9.831728 0.000736 0.294226 1.000000 0.233078 200.000000 0.233078 0.541691 216.676285 0.000000 3.259799 200.000000 3.259799
 3.200000 0.056172 0.998421 0.023236 0.999730 0.056202 0.023238 0.998421 0.056172 0.999730 0.023236 0.076788 30.715294 0.970710 5.068271 200.000000 5.068271 0.144580 57.831827 0.094196 9.708041 200.000000 9.708041 0.473117 189.246937 0.930946 0.691441 200.000000 0.691441 0.117546 47.018408 -0.011049 3.272095 200.000000 3.272095
 3.400000 0.273856 0.961771 0.035497 0.999370 0.277400 0.035505 0.961771 0.273856 0.999370 0.035497 0.041412 16.564684 0.941421 5.262085 200.000000 5.262085 0.730413 292.165081 0.188392 9.941595 200.000000 9.941595 1.889987 755.994774 0.861893 2.093937 200.000000 2.093937 0.331729 132.691420 -0.022099 3.252543 200.000000 3.252543
 3.600000 0.420196 0.907433 -0.001222 0.999999 0.433661 -0.001222 0.907433 0.420196 0.999999 -0.001222 0.002207 0.882778 0.912131 5.397466 200.000000 5.397466 1.893597 757.438690 0.282588 8.573770 200.000000 8.573770 4.291518 1716.607023 0.792839 4.441004 200.000000 4.441004 0.101926 40.770498 -0.033148 3.196860 200.000000 3.196860
 3.800000 0.494187 0.869355 -0.069058 0.997613 0.516900 -0.069113 0.869355 0.494187 0.997613 -0.069058 0.018187 7.274981 0.882842 5.518966 200.000000 5.518966 1.378353 551.341118 0.376784 7.392351 200.000000 7.392351 7.498107 2999.242874 0.723786 7.717052 200.000000 7.717052 0.061803 24.721093 -0.044197 3.147512 200.000000 3.147512
 4.000000 0.588187 0.808725 -0.075178 0.997170 0.628815 -0.075249 0.808725 0.588187 0.997170 -0.075178 0.200944 80.377767 0.853552 5.583721 200.000000 5.583721 1.373743 549.497113 0.470980 6.466801 200.000000 6.466801 11.726356 4690.542312 0.654732 11.961531 200.000000 11.961531 0.039726 15.890442 -0.055247 3.119381 200.000000 3.119381
 4.200000 0.596596 0.802542 -0.052298 0.998632 0.639253 -0.052321 0.802542 0.596596 0.998632 -0.052298 0.047178 18.871238 0.824262 5.441396 200.000000 5.441396 0.098721 39.488343 0.565176 5.340232 200.000000 5.340232 17.052986 6821.194219 0.585679 17.113373 200.000000 17.113373 0.019596 7.838350 -0.066296 3.038628 200.000000 3.038628
 4.400000 0.602052 0.798457 0.008621 0.999963 0.646069 0.008621 0.798457 0.602052 0.999963 0.008621 0.063603 25.441283 0.823677 5.437719 200.000000 5.437719 0.122445 48.977891 0.567060 5.323843 200.000000 5.323843 23.361505 9344.602107 0.516625 23.122150 200.000000 23.122150 0.739015 295.606115 -0.077345 2.878505 200.000000 2.878505
 4.600000 0.594452 0.804131 -0.200282 0.979738 0.636585 -0.201646 0.804131 0.594452 0.979738 -0.200282 0.038204 15.281594 0.823677 5.437719 200.000000 5.437719 0.075036 30.014216 0.567060 5.323843 200.000000 5.323843 28.320099 11328.039522 0.447572 29.974507 200.000000 29.974507 1.251882 500.752704 -0.088395 2.632526 200.000000 2.632526
 4.800000 0.567870 0.823118 -0.338856 0.940838 0.603916 -0.345700 0.823118 0.567870 0.940838 -0.338856 0.000031 0.012467 0.823677 5.437719 200.000000 5.437719 0.000066 0.026248 0.567060 5.323843 200.000000 5.323843 31.620379 12648.151534 0.378518 37.708588 200.000000 37.708588 5.731784 2292.713659 -0.099444 2.364694 200.000000 2.364694
 5.000000 0.682840 0.730568 -0.309115 0.951025 0.751643 -0.314263 0.730568 0.682840 0.951025 -0.309115 0.866922 346.768818 0.823677 5.437719 200.000000 5.437719 1.340504 536.201800 0.567060 5.323843 200.000000 5.323843 41.159876 16463.950475 0.309465 46.227056 200.000000 46.227056 3.945069 1578.027615 -0.110493 2.011063 200.000000 2.011063
 5.200000 0.618416 0.785851 -0.326347 0.945250 0.666725 -0.332436 0.785851 0.618416 0.945250 -0.326347 0.143075 57.230088 0.823677 5.437719 200.000000 5.437719 0.263740 105.496086 0.567060 5.323843 200.000000 5.323843 49.679755 19871.902196 0.240411 54.928577 200.000000 54.928577 4.194474 1677.789621 -0.121543 1.345196 200.000000 1.345196
 5.400000 0.600821 0.799384 -0.731675 0.681654 0.644528 -0.820776 0.799384 0.600821 0.681654 -0.731675 0.059015 23.605809 0.823677 5.437719 200.000000 5.437719 0.113981 45.592265 0.567060 5.323843 200.000000 5.323843 26.040193 10416.077083 0.171358 63.883798 200.000000 63.883798 35.890013 14356.005118 -0.132592 0.523360 200.000000 0.523360
 5.600000 0.522844 0.852428 -0.725653 0.688061 0.550184 -0.811983 0.852428 0.522844 0.688061 -0.725653 0.082666 33.066587 0.823677 5.437719 200.000000 5.437719 0.195504 78.201551 0.567060 5.323843 200.000000 5.323843 34.311074 13724.429417 0.102304 72.110540 200.000000 72.110540 33.873735 13549.493888 -0.143641 -0.669451 200.000000 -0.669451
 5.800000 0.593275 0.805000 -0.975438 0.220273 0.635121 -1.348702 0.805000 0.593275 0.220273 -0.975438 0.034881 13.952537 0.823677 5.437719 200.000000 5.437719 0.068722 27.488839 0.567060 5.323843 200.000000 5.323843 3.497713 1399.085334 0.033251 76.880613 200.000000 76.880613 67.362654 26945.061641 -0.154691 -2.323094 200.000000 -2.323094
 6.000000 0.546459 0.837486 -0.993001 -0.118103 0.578130 -1.689176 0.837486 0.546459 -0.118103 -0.993001 0.019070 7.627976 0.823677 5.437719 200.000000 5.437719 0.042440 16.976125 0.567060 5.323843 200.000000 5.323843 0.677338 270.935111 -0.035803 78.806919 200.000000 78.806919 68.436107 27374.442661 -0.165740 -4.144183 200.000000 -4.144183
 6.200000 0.591687 0.806168 -0.868131 -0.496336 0.633150 -2.090169 0.806168 0.591687 -0.496336 -0.868131 0.030656 12.262428 0.823677 5.437719 200.000000 5.437719 0.060650 24.260038 0.567060 5.323843 200.000000 5.323843 15.325638 6130.255333 -0.104856 74.613695 200.000000 74.613695 47.795249 19118.099522 -0.176789 -5.797995 200.000000 -5.797995
 6.400000 0.581129 0.813811 -0.822465 -0.568815 0.620115 -2.175861 0.813811 0.581129 -0.568815 -0.822465 0.009732 3.892862 0.823677 5.437719 200.000000 5.437719 0.019794 7.917690 0.567060 5.323843 200.000000 5.323843 15.595046 6238.018409 -0.173910 69.332202 200.000000 69.332202 40.275074 16110.029693 -0.187839 -7.274400 200.000000 -7.274400
 6.600000 0.626682 0.779275 -0.675598 -0.737270 0.677288 -2.399817 0.779275 0.626682 -0.737270 -0.675598 0.197151 78.860559 0.823677 5.437719 200.000000 5.437719 0.355484 142.193422 0.567060 5.323843 200.000000 5.323843 24.433909 9773.563569 -0.242963 62.456986 200.000000 62.456986 22.725262 9090.104660 -0.198888 -8.396791 200.000000 -8.396791
 6.800000 0.627796 0.778378 -0.558433 -0.829549 0.678718 -2.549097 0.778378 0.627796 -0.829549 -0.558433 0.205194 82.077659 0.823677 5.437719 200.000000 5.437719 0.368883 147.553302 0.567060 5.323843 200.000000 5.323843 26.784007 10713.602758 -0.312017 55.782171 200.000000 55.782171 12.144938 4857.975110 -0.209938 -9.370149 200.000000 -9.370149
 7.000000 0.597895 0.801574 -0.548530 -0.836131 0.640872 -2.560987 0.801574 0.597895 -0.836131 -0.548530 0.048850 19.540155 0.823677 5.437719 200.000000 5.437719 0.095080 38.032138 0.567060 5.323843 200.000000 5.323843 20.708002 8283.200682 -0.381070 48.999152 200.000000 48.999152 10.728473 4291.389278 -0.220987 -10.091459 200.000000 -10.091459
 7.200000 0.642783 0.766049 -0.391739 -0.920077 0.698125 -2.739072 0.766049 0.642783 -0.920077 -0.391739 0.332098 132.839241 0.823677 5.437719 200.000000 5.437719 0.573394 229.357446 0.567060 5.323843 200.000000 5.323843 22.085565 8834.225928 -0.450124 43.172347 200.000000 43.172347 2.550488 1020.195275 -0.232036 -10.784318 200.000000 -10.784318
 7.400000 0.624066 0.781371 -0.533067 -0.846073 0.673936 -2.579372 0.781371 0.624066 -0.846073 -0.533067 0.178972 71.588861 0.823677 5.437719 200.000000 5.437719 0.324972 129.988847 0.567060 5.323843 200.000000 5.323843 10.686099 4274.439465 -0.519177 37.644375 200.000000 37.644375 8.408908 3363.563388 -0.243086 -11.284422 200.000000 -11.284422
 7.600000 0.650148 0.759808 -0.328461 -0.944518 0.707779 -2.806919 0.759808 0.650148 -0.944518 -0.328461 0.407924 163.169410 0.823677 5.437719 200.000000 5.437719 0.690362 276.144777 0.567060 5.323843 200.000000 5.323843 12.694037 5077.614903 -0.588231 32.909542 200.000000 32.909542 0.552432 220.972834 -0.254135 -11.698993 200.000000 -11.698993
 7.800000 0.690735 0.723108 -0.422229 -0.906489 0.762505 -2.705690 0.723108 0.690735 -0.906489 -0.422229 1.011403 404.561261 0.823677 5.437719 200.000000 5.437719 1.529553 611.821015 0.567060 5.323843 200.000000 5.323843 6.210312 2484.124734 -0.657284 29.044847 200.000000 29.044847 2.466305 986.522169 -0.265184 -12.067351 200.000000 -12.067351
 8.000000 0.654559 0.756011 -0.417642 -0.908612 0.713599 -2.710744 0.756011 0.654559 -0.908612 -0.417642 0.457863 183.145188 0.823677 5.437719 200.000000 5.437719 0.765608 306.243258 0.567060 5.323843 200.000000 5.323843 3.322375 1328.949891 -0.726338 25.848599 200.000000 25.848599 1.999640 799.856057 -0.276234 -12.308339 200.000000 -12.308339
 8.200000 0.579308 0.815108 -0.305245 -0.952274 0.617880 -2.831397 0.815108 0.579308 -0.952274 -0.305245 0.007341 2.936493 0.823677 5.437719 200.000000 5.437719 0.015003 6.001015 0.567060 5.323843 200.000000 5.323843 2.461219 984.487665 -0.795391 23.635759 200.000000 23.635759 0.032262 12.904850 -0.287283 -12.536261 200.000000 -12.536261
 8.400000 0.610310 0.792162 -0.381393 -0.924413 0.656452 -2.750290 0.792162 0.610310 -0.924413 -0.381393 0.099315 39.725976 0.823677 5.437719 200.000000 5.437719 0.187062 74.824619 0.567060 5.323843 200.000000 5.323843 0.359620 143.847945 -0.864445 22.242224 200.000000 22.242224 0.689905 275.962054 -0.298332 -12.686157 200.000000 -12.686157
 8.600000 0.574205 0.818712 -0.329661 -0.944099 0.611632 -2.805648 0.818712 0.574205 -0.944099 -0.329661 0.002465 0.985989 0.823677 5.437719 200.000000 5.437719 0.005105 2.041978 0.567060 5.323843 200.000000 5.323843 0.011238 4.495339 -0.933498 21.652909 200.000000 21.652909 0.041125 16.450107 -0.309382 -12.748572 200.000000 -12.748572
 8.800000 0.629690 0.776846 -0.353011 -0.935619 0.681154 -2.780806 0.776846 0.629690 -0.935619 -0.353011 0.219306 87.722348 0.823677 5.437719 200.000000 5.437719 0.392254 156.901579 0.567060 5.323843 200.000000 5.323843 0.020886 8.354235 -0.950071 21.713725 200.000000 21.713725 0.167914 67.165534 -0.312033 -12.786909 200.000000 -12.786909
 9.000000 0.504375 0.863485 -0.339441 -0.940627 0.528658 -2.795270 0.863485 0.504375 -0.940627 -0.339441 0.158469 63.387437 0.823677 5.437719 200.000000 5.437719 0.392939 157.175485 0.567060 5.323843 200.000000 5.323843 0.008918 3.567299 -0.950071 21.713725 200.000000 21.713725 0.075116 30.046216 -0.312033 -12.786909 200.000000 -12.786909
 9.200000 0.667417 0.744684 -0.353869 -0.935295 0.730734 -2.779888 0.744684 0.667417 -0.935295 -0.353869 0.623975 249.589968 0.823677 5.437719 200.000000 5.437719 1.007149 402.859461 0.567060 5.323843 200.000000 5.323843 0.021833 8.733186 -0.950071 21.713725 200.000000 21.713725 0.175018 70.007317 -0.312033 -12.786909 200.000000 -12.786909
 9.400000 0.577190 0.816610 -0.377222 -0.926123 0.615284 -2.754798 0.816610 0.577190 -0.926123 -0.377222 0.004994 1.997591 0.823677 5.437719 200.000000 5.437719 0.010262 4.104915 0.567060 5.323843 200.000000 5.323843 0.057352 22.940744 -0.950071 21.713725 200.000000 21.713725 0.424955 169.981858 -0.312033 -12.786909 200.000000 -12.786909
 9.600000 0.683194 0.730237 -0.388766 -0.921337 0.752128 -2.742301 0.730237 0.683194 -0.921337 -0.388766 0.873102 349.240877 0.823677 5.437719 200.000000 5.437719 1.348721 539.488238 0.567060 5.323843 200.000000 5.323843 0.082567 33.026615 -0.950071 21.713725 200.000000 21.713725 0.588781 235.512538 -0.312033 -12.786909 200.000000 -12.786909
 9.800000 0.630318 0.776337 -0.338742 -0.940879 0.681962 -2.796013 0.776337 0.630318 -0.940879 -0.338742 0.224102 89.640620 0.823677 5.437719 200.000000 5.437719 0.400157 160.062650 0.567060 5.323843 200.000000 5.323843 0.008449 3.379502 -0.950071 21.713725 200.000000 21.713725 0.071333 28.533242 -0.312033 -12.786909 200.000000 -12.786909
 10.000000 0.644288 0.764783 -0.278425 -0.960458 0.700092 -2.859438 0.764783 0.644288 -0.960458 -0.278425 0.346849 138.739559 0.823677 5.437719 200.000000 5.437719 0.596423 238.569276 0.567060 5.323843 200.000000 5.323843 0.010788 4.315395 -0.950071 21.713725 200.000000 21.713725 0.112951 45.180254 -0.312033 -12.786909 200.000000 -12.786909
 10.200000 0.579608 0.814895 -0.443981 -0.896036 0.618248 -2.681556 0.814895 0.579608 -0.896036 -0.443981 0.007711 3.084569 0.823677 5.437719 200.000000 5.437719 0.015747 6.298683 0.567060 5.323843 200.000000 5.323843 0.291975 116.790175 -0.950071 21.713725 200.000000 21.713725 1.741007 696.402741 -0.312033 -12.786909 200.000000 -12.786909
 10.400000 0.658529 0.752555 -0.236473 -0.971638 0.718863 -2.902859 0.752555 0.658529 -0.971638 -0.236473 0.505824 202.329543 0.823677 5.437719 200.000000 5.437719 0.836662 334.664652 0.567060 5.323843 200.000000 5.323843 0.046513 18.605376 -0.950071 21.713725 200.000000 21.713725 0.570940 228.376030 -0.312033 -12.786909 200.000000 -12.786909
 10.600000 0.645788 0.763517 -0.290968 -0.956733 0.702054 -2.846354 0.763517 0.645788 -0.956733 -0.290968 0.361917 144.766668 0.823677 5.437719 200.000000 5.437719 0.619806 247.922540 0.567060 5.323843 200.000000 5.323843 0.004438 1.775137 -0.950071 21.713725 200.000000 21.713725 0.044376 17.750370 -0.312033 -12.786909 200.000000 -12.786909
 10.800000 0.665771 0.746156 -0.400758 -0.916184 0.728527 -2.729248 0.746156 0.665771 -0.916184 -0.400758 0.600949 240.379433 0.823677 5.437719 200.000000 5.437719 0.974398 389.759302 0.567060 5.323843 200.000000 5.323843 0.114835 45.933950 -0.950071 21.713725 200.000000 21.713725 0.787210 314.883878 -0.312033 -12.786909 200.000000 -12.786909
 11.000000 0.570676 0.821175 -0.317176 -0.948367 0.607329 -2.818843 0.821175 0.570676 -0.948367 -0.317176 0.000626 0.250287 0.823677 5.437719 200.000000 5.437719 0.001308 0.523129 0.567060 5.323843 200.000000 5.323843 0.000290 0.116180 -0.950071 21.713725 200.000000 21.713725 0.002644 1.057634 -0.312033 -12.786909 200.000000 -12.786909
 11.200000 0.616610 0.787269 -0.354589 -0.935022 0.664429 -2.779118 0.787269 0.616610 -0.935022 -0.354589 0.132553 53.021370 0.823677 5.437719 200.000000 5.437719 0.245522 98.208997 0.567060 5.323843 200.000000 5.323843 0.022647 9.058870 -0.950071 21.713725 200.000000 21.713725 0.181100 72.440160 -0.312033 -12.786909 200.000000 -12.786909
 11.400000 0.593805 0.804609 -0.354460 -0.935071 0.635779 -2.779256 0.804609 0.593805 -0.935071 -0.354460 0.036357 14.542705 0.823677 5.437719 200.000000 5.437719 0.071529 28.611671 0.567060 5.323843 200.000000 5.323843 0.022500 8.999950 -0.950071 21.713725 200.000000 21.713725 0.180002 72.000666 -0.312033 -12.786909 200.000000 -12.786909
 11.600000 0.560601 0.828086 -0.314707 -0.949189 0.595111 -2.821444 0.828086 0.560601 -0.949189 -0.314707 0.001944 0.777796 0.823677 5.437719 200.000000 5.437719 0.004172 1.668801 0.567060 5.323843 200.000000 5.323843 0.000078 0.031145 -0.950071 21.713725 200.000000 21.713725 0.000715 0.286014 -0.312033 -12.786909 200.000000 -12.786909
 11.800000 0.550433 0.834879 -0.382040 -0.924146 0.582883 -2.749589 0.834879 0.550433 -0.924146 -0.382040 0.012550 5.019819 0.823677 5.437719 200.000000 5.437719 0.027644 11.057534 0.567060 5.323843 200.000000 5.323843 0.067213 26.885316 -0.950071 21.713725 200.000000 21.713725 0.490098 196.039374 -0.312033 -12.786909 200.000000 -12.786909
 12.000000 0.598767 0.800924 -0.312070 -0.950059 0.641960 -2.824222 0.800924 0.598767 -0.950059 -0.312070 0.051770 20.707917 0.823677 5.437719 200.000000 5.437719 0.100531 40.212551 0.567060 5.323843 200.000000 5.323843 0.000000 0.000006 -0.950071 21.713725 200.000000 21.713725 0.000000 0.000052 -0.312033 -12.786909 200.000000 -12.786909
 12.200000 0.689960 0.723847 -0.265208 -0.964191 0.761434 -2.873173 0.723847 0.689960 -0.964191 -0.265208 0.996586 398.634420 0.823677 5.437719 200.000000 5.437719 1.510446 604.178479 0.567060 5.323843 200.000000 5.323843 0.019938 7.975128 -0.950071 21.713725 200.000000 21.713725 0.219263 87.705281 -0.312033 -12.786909 200.000000 -12.786909
 12.400000 0.584018 0.811741 -0.409458 -0.912329 0.623669 -2.719733 0.811741 0.584018 -0.912329 -0.409458 0.014246 5.698266 0.823677 5.437719 200.000000 5.437719 0.028756 11.502469 0.567060 5.323843 200.000000 5.323843 0.142447 56.978906 -0.950071 21.713725 200.000000 21.713725 0.949156 379.662395 -0.312033 -12.786909 200.000000 -12.786909
 12.600000 0.631751 0.775172 -0.334245 -0.942486 0.683810 -2.800789 0.775172 0.631751 -0.942486 -0.334245 0.235274 94.109596 0.823677 5.437719 200.000000 5.437719 0.418492 167.396786 0.567060 5.323843 200.000000 5.323843 0.005753 2.301145 -0.950071 21.713725 200.000000 21.713725 0.049334 19.733465 -0.312033 -12.786909 200.000000 -12.786909
 12.800000 0.587701 0.809078 -0.304569 -0.952490 0.628214 -2.832107 0.809078 0.587701 -0.952490 -0.304569 0.021311 8.524410 0.823677 5.437719 200.000000 5.437719 0.042605 17.042067 0.567060 5.323843 200.000000 5.323843 0.000585 0.234080 -0.950071 21.713725 200.000000 21.713725 0.005571 2.228591 -0.312033 -12.786909 200.000000 -12.786909
 13.000000 0.636045 0.771652 -0.336689 -0.941616 0.689363 -2.798194 0.771652 0.636045 -0.941616 -0.336689 0.270660 108.263938 0.823677 5.437719 200.000000 5.437719 0.475901 190.360400 0.567060 5.323843 200.000000 5.323843 0.007149 2.859654 -0.950071 21.713725 200.000000 21.713725 0.060790 24.316105 -0.312033 -12.786909 200.000000 -12.786909
 13.200000 0.659835 0.751411 -0.388638 -0.921391 0.720599 -2.742440 0.751411 0.659835 -0.921391 -0.388638 0.522237 208.894760 0.823677 5.437719 200.000000 5.437719 0.860720 344.288197 0.567060 5.323843 200.000000 5.323843 0.082257 32.902947 -0.950071 21.713725 200.000000 21.713725 0.586824 234.729659 -0.312033 -12.786909 200.000000 -12.786909
 13.400000 0.542217 0.840238 -0.260843 -0.965381 0.573074 -2.877698 0.840238 0.542217 -0.965381 -0.260843 0.027429 10.971575 0.823677 5.437719 200.000000 5.437719 0.061715 24.686015 0.567060 5.323843 200.000000 5.323843 0.023440 9.376145 -0.950071 21.713725 200.000000 21.713725 0.262051 104.820413 -0.312033 -12.786909 200.000000 -12.786909
 13.600000 0.604902 0.796300 -0.393330 -0.919397 0.649642 -2.737342 0.796300 0.604902 -0.919397 -0.393330 0.074947 29.978669 0.823677 5.437719 200.000000 5.437719 0.143200 57.280027 0.567060 5.323843 200.000000 5.323843 0.094088 37.635289 -0.950071 21.713725 200.000000 21.713725 0.660915 264.365933 -0.312033 -12.786909 200.000000 -12.786909
 13.800000 0.592788 0.805358 -0.464861 -0.885384 0.634517 -2.658115 0.805358 0.592788 -0.885384 -0.464861 0.033556 13.422332 0.823677 5.437719 200.000000 5.437719 0.066195 26.478080 0.567060 5.323843 200.000000 5.323843 0.418445 167.377891 -0.950071 21.713725 200.000000 21.713725 2.335618 934.247201 -0.312033 -12.786909 200.000000 -12.786909
 14.000000 0.690464 0.723366 -0.285194 -0.958470 0.762131 -2.852384 0.723366 0.690464 -0.958470 -0.285194 1.006211 402.484519 0.823677 5.437719 200.000000 5.437719 1.522865 609.145916 0.567060 5.323843 200.000000 5.323843 0.007054 2.821488 -0.950071 21.713725 200.000000 21.713725 0.072035 28.813850 -0.312033 -12.786909 200.000000 -12.786909
 14.200000 0.555941 0.831222 -0.372751 -0.927931 0.589495 -2.759620 0.831222 0.555941 -0.927931 -0.372751 0.005693 2.277192 0.823677 5.437719 200.000000 5.437719 0.012363 4.945179 0.567060 5.323843 200.000000 5.323843 0.049017 19.606929 -0.950071 21.713725 200.000000 21.713725 0.368666 147.466589 -0.312033 -12.786909 200.000000 -12.786909
 14.400000 0.634752 0.772716 -0.466839 -0.884342 0.687688 -2.655880 0.772716 0.634752 -0.884342 -0.466839 0.259700 103.880135 0.823677 5.437719 200.000000 5.437719 0.458225 183.289964 0.567060 5.323843 200.000000 5.323843 0.432028 172.811301 -0.950071 21.713725 200.000000 21.713725 2.396480 958.591874 -0.312033 -12.786909 200.000000 -12.786909
 14.600000 0.523888 0.851787 -0.301562 -0.953447 0.551409 -2.835263 0.851787 0.523888 -0.953447 -0.301562 0.079019 31.607735 0.823677 5.437719 200.000000 5.437719 0.186378 74.551277 0.567060 5.323843 200.000000 5.323843 0.001139 0.455784 -0.950071 21.713725 200.000000 21.713725 0.010966 4.386410 -0.312033 -12.786909 200.000000 -12.786909
 14.800000 0.664561 0.747234 -0.275097 -0.961417 0.726907 -2.862902 0.747234 0.664561 -0.961417 -0.275097 0.584352 233.740619 0.823677 5.437719 200.000000 5.437719 0.950654 380.261726 0.567060 5.323843 200.000000 5.323843 0.012872 5.148748 -0.950071 21.713725 200.000000 21.713725 0.136432 54.572742 -0.312033 -12.786909 200.000000 -12.786909
 15.000000 0.635941 0.771738 -0.445069 -0.895496 0.689227 -2.680342 0.771738 0.635941 -0.895496 -0.445069 0.269764 107.905644 0.823677 5.437719 200.000000 5.437719 0.474460 189.783887 0.567060 5.323843 200.000000 5.323843 0.297840 119.136179 -0.950071 21.713725 200.000000 21.713725 1.769842 707.936665 -0.312033 -12.786909 200.000000 -12.786909
 15.200000 0.617105 0.786881 -0.368063 -0.929801 0.665058 -2.764668 0.786881 0.617105 -0.929801 -0.368063 0.135393 54.157358 0.823677 5.437719 200.000000 5.437719 0.250453 100.181015 0.567060 5.323843 200.000000 5.323843 0.041088 16.435287 -0.950071 21.713725 200.000000 21.713725 0.313930 125.572044 -0.312033 -12.786909 200.000000 -12.786909
 15.400000 0.643330 0.765589 -0.346836 -0.937926 0.698840 -2.787397 0.765589 0.643330 -0.937926 -0.346836 0.337420 134.967961 0.823677 5.437719 200.000000 5.437719 0.581718 232.687314 0.567060 5.323843 200.000000 5.323843 0.014751 5.900261 -0.950071 21.713725 200.000000 21.713725 0.121120 48.447951 -0.312033 -12.786909 200.000000 -12.786909
 15.600000 0.587256 0.809401 -0.360718 -0.932675 0.627664 -2.772555 0.809401 0.587256 -0.932675 -0.360718 0.020378 8.151135 0.823677 5.437719 200.000000 5.437719 0.040787 16.314842 0.567060 5.323843 200.000000 5.323843 0.030262 12.104890 -0.950071 21.713725 200.000000 21.713725 0.237015 94.805953 -0.312033 -12.786909 200.000000 -12.786909
 15.800000 0.635611 0.772009 -0.352589 -0.935778 0.688800 -2.781257 0.772009 0.635611 -0.935778 -0.352589 0.266951 106.780582 0.823677 5.437719 200.000000 5.437719 0.469930 187.972038 0.567060 5.323843 200.000000 5.323843 0.020428 8.171290 -0.950071 21.713725 200.000000 21.713725 0.164473 65.789261 -0.312033 -12.786909 200.000000 -12.786909
 16.000000 0.590401 0.807110 -0.368290 -0.929711 0.631556 -2.764424 0.807110 0.590401 -0.929711 -0.368290 0.027446 10.978374 0.823677 5.437719 200.000000 5.437719 0.054483 21.793110 0.567060 5.323843 200.000000 5.323843 0.041453 16.581291 -0.950071 21.713725 200.000000 21.713725 0.316477 126.590988 -0.312033 -12.786909 200.000000 -12.786909
 16.200000 0.667706 0.744425 -0.300814 -0.953683 0.731123 -2.836046 0.744425 0.667706 -0.953683 -0.300814 0.628085 251.234025 0.823677 5.437719 200.000000 5.437719 1.012972 405.188615 0.567060 5.323843 200.000000 5.323843 0.001304 0.521742 -0.950071 21.713725 200.000000 21.713725 0.012587 5.034683 -0.312033 -12.786909 200.000000 -12.786909
 16.400000 0.586393 0.810027 -0.283390 -0.959005 0.626599 -2.854266 0.810027 0.586393 -0.959005 -0.283390 0.018632 7.452695 0.823677 5.437719 200.000000 5.437719 0.037377 14.950652 0.567060 5.323843 200.000000 5.323843 0.007981 3.192476 -0.950071 21.713725 200.000000 21.713725 0.082047 32.818804 -0.312033 -12.786909 200.000000 -12.786909
 16.600000 0.634006 0.773328 -0.400344 -0.916365 0.686723 -2.729701 0.773328 0.634006 -0.916365 -0.400344 0.253500 101.399886 0.823677 5.437719 200.000000 5.437719 0.448183 179.273371 0.567060 5.323843 200.000000 5.323843 0.113609 45.443751 -0.950071 21.713725 200.000000 21.713725 0.779867 311.946939 -0.312033 -12.786909 200.000000 -12.786909
 16.800000 0.616694 0.787203 -0.376251 -0.926518 0.664536 -2.755847 0.787203 0.616694 -0.926518 -0.376251 0.133032 53.212606 0.823677 5.437719 200.000000 5.437719 0.246353 98.541243 0.567060 5.323843 200.000000 5.323843 0.055475 22.190036 -0.950071 21.713725 200.000000 21.713725 0.412383 164.953322 -0.312033 -12.786909 200.000000 -12.786909
 17.000000 0.660537 0.750794 -0.232420 -0.972615 0.721533 -2.907027 0.750794 0.660537 -0.972615 -0.232420 0.531191 212.476529 0.823677 5.437719 200.000000 5.437719 0.873793 349.517185 0.567060 5.323843 200.000000 5.323843 0.050825 20.329828 -0.950071 21.713725 200.000000 21.713725 0.633824 253.529524 -0.312033 -12.786909 200.000000 -12.786909
 17.200000 0.564301 0.825569 -0.368655 -0.929566 0.599587 -2.764031 0.825569 0.564301 -0.929566 -0.368655 0.000358 0.143231 0.823677 5.437719 200.000000 5.437719 0.000761 0.304373 0.567060 5.323843 200.000000 5.323843 0.042045 16.818117 -0.950071 21.713725 200.000000 21.713725 0.320604 128.241417 -0.312033 -12.786909 200.000000 -12.786909
 17.400000 0.637294 0.770621 -0.377969 -0.925818 0.690981 -2.753992 0.770621 0.637294 -0.925818 -0.377969 0.281489 112.595521 0.823677 5.437719 200.000000 5.437719 0.493278 197.311304 0.567060 5.323843 200.000000 5.323843 0.058819 23.527747 -0.950071 21.713725 200.000000 21.713725 0.434745 173.897801 -0.312033 -12.786909 200.000000 -12.786909
 17.600000 0.588862 0.808234 -0.300361 -0.953826 0.629650 -2.836522 0.808234 0.588862 -0.953826 -0.300361 0.023848 9.539281 0.823677 5.437719 200.000000 5.437719 0.047533 19.013033 0.567060 5.323843 200.000000 5.323843 0.001410 0.563847 -0.950071 21.713725 200.000000 21.713725 0.013625 5.449859 -0.312033 -12.786909 200.000000 -12.786909
 17.800000 0.638207 0.769865 -0.247764 -0.968820 0.692167 -2.891221 0.769865 0.638207 -0.968820 -0.247764 0.289572 115.828658 0.823677 5.437719 200.000000 5.437719 0.506193 202.477216 0.567060 5.323843 200.000000 5.323843 0.035153 14.061367 -0.950071 21.713725 200.000000 21.713725 0.413053 165.221363 -0.312033 -12.786909 200.000000 -12.786909
 18.000000 0.549157 0.835719 -0.361936 -0.932203 0.581355 -2.771249 0.835719 0.549157 -0.932203 -0.361936 0.014503 5.801104 0.823677 5.437719 200.000000 5.437719 0.032052 12.820756 0.567060 5.323843 200.000000 5.323843 0.031927 12.770786 -0.950071 21.713725 200.000000 21.713725 0.249025 99.610041 -0.312033 -12.786909 200.000000 -12.786909
 18.200000 0.669064 0.743205 -0.341611 -0.939841 0.732949 -2.792962 0.743205 0.669064 -0.939841 -0.341611 0.647575 259.029999 0.823677 5.437719 200.000000 5.437719 1.040490 416.196071 0.567060 5.323843 200.000000 5.323843 0.010465 4.185995 -0.950071 21.713725 200.000000 21.713725 0.087486 34.994378 -0.312033 -12.786909 200.000000 -12.786909
 18.400000 0.586354 0.810055 -0.194432 -0.980916 0.626551 -2.945914 0.810055 0.586354 -0.980916 -0.194432 0.018555 7.422083 0.823677 5.437719 200.000000 5.437719 0.037227 14.890755 0.567060 5.323843 200.000000 5.323843 0.095140 38.056036 -0.950071 21.713725 200.000000 21.713725 1.382999 553.199524 -0.312033 -12.786909 200.000000 -12.786909
 18.600000 0.614437 0.788966 -0.313658 -0.949536 0.661672 -2.822550 0.788966 0.614437 -0.949536 -0.313658 0.120484 48.193403 0.823677 5.437719 200.000000 5.437719 0.224460 89.783922 0.567060 5.323843 200.000000 5.323843 0.000029 0.011450 -0.950071 21.713725 200.000000 21.713725 0.000264 0.105535 -0.312033 -12.786909 200.000000 -12.786909
 18.800000 0.612453 0.790507 -0.370848 -0.928693 0.659159 -2.761670 0.790507 0.612453 -0.928693 -0.370848 0.110020 44.007981 0.823677 5.437719 200.000000 5.437719 0.206050 82.419964 0.567060 5.323843 200.000000 5.323843 0.045701 18.280210 -0.950071 21.713725 200.000000 21.713725 0.345919 138.367731 -0.312033 -12.786909 200.000000 -12.786909
 19.000000 0.562477 0.826813 -0.280804 -0.959765 0.597378 -2.856961 0.826813 0.562477 -0.959765 -0.280804 0.000984 0.393485 0.823677 5.437719 200.000000 5.437719 0.002100 0.840143 0.567060 5.323843 200.000000 5.323843 0.009397 3.758925 -0.950071 21.713725 200.000000 21.713725 0.097527 39.010759 -0.312033 -12.786909 200.000000 -12.786909
 19.200000 0.620779 0.783986 -0.312846 -0.949804 0.669736 -2.823405 0.783986 0.620779 -0.949804 -0.312846 0.157536 63.014246 0.823677 5.437719 200.000000 5.437719 0.288572 115.428644 0.567060 5.323843 200.000000 5.323843 0.000007 0.002855 -0.950071 21.713725 200.000000 21.713725 0.000066 0.026387 -0.312033 -12.786909 200.000000 -12.786909
 19.400000 0.572011 0.820246 -0.303613 -0.952795 0.608956 -2.833110 0.820246 0.572011 -0.952795 -0.303613 0.001177 0.470863 0.823677 5.437719 200.000000 5.437719 0.002452 0.980742 0.567060 5.323843 200.000000 5.323843 0.000742 0.296869 -0.950071 21.713725 200.000000 21.713725 0.007090 2.836085 -0.312033 -12.786909 200.000000 -12.786909
 19.600000 0.643567 0.765390 -0.312790 -0.949822 0.699150 -2.823463 0.765390 0.643567 -0.949822 -0.312790 0.339736 135.894263 0.823677 5.437719 200.000000 5.437719 0.585335 234.134015 0.567060 5.323843 200.000000 5.323843 0.000006 0.002478 -0.950071 21.713725 200.000000 21.713725 0.000057 0.022911 -0.312033 -12.786909 200.000000 -12.786909
 19.800000 0.574582 0.818447 -0.290329 -0.956927 0.612093 -2.847022 0.818447 0.574582 -0.956927 -0.290329 0.002735 1.093963 0.823677 5.437719 200.000000 5.437719 0.005658 2.263363 0.567060 5.323843 200.000000 5.323843 0.004700 1.880068 -0.950071 21.713725 200.000000 21.713725 0.047108 18.843353 -0.312033 -12.786909 200.000000 -12.786909
 20.000000 0.557857 0.829937 -0.266568 -0.963816 0.591802 -2.871762 0.829937 0.557857 -0.963816 -0.266568 0.003919 1.567727 0.823677 5.437719 200.000000 5.437719 0.008469 3.387642 0.567060 5.323843 200.000000 5.323843 0.018893 7.557011 -0.950071 21.713725 200.000000 21.713725 0.206711 82.684445 -0.312033 -12.786909 200.000000 -12.786909
 20.200000 0.677045 0.735942 -0.327228 -0.944945 0.743740 -2.808224 0.735942 0.677045 -0.944945 -0.327228 0.769737 307.894968 0.823677 5.437719 200.000000 5.437719 1.209666 483.866522 0.567060 5.323843 200.000000 5.323843 0.002627 1.050982 -0.950071 21.713725 200.000000 21.713725 0.023089 9.235567 -0.312033 -12.786909 200.000000 -12.786909
 20.400000 0.617986 0.786189 -0.339439 -0.940628 0.666178 -2.795272 0.786189 0.617986 -0.940628 -0.339439 0.140530 56.212153 0.823677 5.437719 200.000000 5.437719 0.259346 103.738349 0.567060 5.323843 200.000000 5.323843 0.008917 3.566789 -0.950071 21.713725 200.000000 21.713725 0.075105 30.042117 -0.312033 -12.786909 200.000000 -12.786909
 20.600000 0.722509 0.691362 -0.326351 -0.945249 0.807424 -2.809152 0.691362 0.722509 -0.945249 -0.326351 1.750714 700.285557 0.823677 5.437719 200.000000 5.437719 2.416428 966.571161 0.567060 5.323843 200.000000 5.323843 0.002326 0.930228 -0.950071 21.713725 200.000000 21.713725 0.020499 8.199547 -0.312033 -12.786909 200.000000 -12.786909
 20.800000 0.614606 0.788834 -0.317512 -0.948254 0.661887 -2.818488 0.788834 0.614606 -0.948254 -0.317512 0.121401 48.560307 0.823677 5.437719 200.000000 5.437719 0.226067 90.426748 0.567060 5.323843 200.000000 5.323843 0.000330 0.132029 -0.950071 21.713725 200.000000 21.713725 0.003001 1.200483 -0.312033 -12.786909 200.000000 -12.786909
 21.000000 0.580849 0.814011 -0.319598 -0.947553 0.619771 -2.816288 0.814011 0.580849 -0.947553 -0.319598 0.009342 3.736762 0.823677 5.437719 200.000000 5.437719 0.019014 7.605761 0.567060 5.323843 200.000000 5.323843 0.000634 0.253564 -0.950071 21.713725 200.000000 21.713725 0.005722 2.288662 -0.312033 -12.786909 200.000000 -12.786909
 21.200000 0.620721 0.784031 -0.326581 -0.945169 0.669662 -2.808908 0.784031 0.620721 -0.945169 -0.326581 0.157174 62.869721 0.823677 5.437719 200.000000 5.437719 0.287954 115.181586 0.567060 5.323843 200.000000 5.323843 0.002403 0.961189 -0.950071 21.713725 200.000000 21.713725 0.021164 8.465632 -0.312033 -12.786909 200.000000 -12.786909
 21.400000 0.615683 0.787994 -0.351876 -0.936046 0.663252 -2.782018 0.787994 0.615683 -0.936046 -0.351876 0.127323 50.929273 0.823677 5.437719 200.000000 5.437719 0.236418 94.567025 0.567060 5.323843 200.000000 5.323843 0.019669 7.867599 -0.950071 21.713725 200.000000 21.713725 0.158746 63.498230 -0.312033 -12.786909 200.000000 -12.786909
 21.600000 0.621551 0.783374 -0.385384 -0.922756 0.670721 -2.745968 0.783374 0.621551 -0.922756 -0.385384 0.162433 64.973197 0.823677 5.437719 200.000000 5.437719 0.296930 118.771882 0.567060 5.323843 200.000000 5.323843 0.074611 29.844315 -0.950071 21.713725 200.000000 21.713725 0.538036 215.214240 -0.312033 -12.786909 200.000000 -12.786909
 21.800000 0.645693 0.763597 -0.378310 -0.925679 0.701930 -2.753622 0.763597 0.645693 -0.925679 -0.378310 0.360950 144.380017 0.823677 5.437719 200.000000 5.437719 0.618310 247.324191 0.567060 5.323843 200.000000 5.323843 0.059498 23.799275 -0.950071 21.713725 200.000000 21.713725 0.439261 175.704517 -0.312033 -12.786909 200.000000 -12.786909
 22.000000 0.577464 0.816416 -0.298871 -0.954293 0.615619 -2.838083 0.816416 0.577464 -0.954293 -0.298871 0.005272 2.108675 0.823677 5.437719 200.000000 5.437719 0.010825 4.330085 0.567060 5.323843 200.000000 5.323843 0.001783 0.713101 -0.950071 21.713725 200.000000 21.713725 0.017324 6.929532 -0.312033 -12.786909 200.000000 -12.786909
 22.200000 0.581063 0.813858 -0.347918 -0.937525 0.620034 -2.786243 0.813858 0.581063 -0.937525 -0.347918 0.009639 3.855789 0.823677 5.437719 200.000000 5.437719 0.019609 7.843641 0.567060 5.323843 200.000000 5.323843 0.015741 6.296415 -0.950071 21.713725 200.000000 21.713725 0.128774 51.509435 -0.312033 -12.786909 200.000000 -12.786909
 22.400000 0.604980 0.796241 -0.270037 -0.962850 0.649741 -2.868161 0.796241 0.604980 -0.962850 -0.270037 0.075274 30.109446 0.823677 5.437719 200.000000 5.437719 0.143795 57.517960 0.567060 5.323843 200.000000 5.323843 0.016330 6.531800 -0.950071 21.713725 200.000000 21.713725 0.176366 70.546443 -0.312033 -12.786909 200.000000 -12.786909
 22.600000 0.675953 0.736944 -0.331387 -0.943495 0.742258 -2.803819 0.736944 0.675953 -0.943495 -0.331387 0.752249 300.899704 0.823677 5.437719 200.000000 5.437719 1.185782 474.312947 0.567060 5.323843 200.000000 5.323843 0.004325 1.729938 -0.950071 21.713725 200.000000 21.713725 0.037458 14.983082 -0.312033 -12.786909 200.000000 -12.786909
 22.800000 0.601355 0.798982 -0.450138 -0.892959 0.645196 -2.674673 0.798982 0.601355 -0.892959 -0.450138 0.060983 24.393363 0.823677 5.437719 200.000000 5.437719 0.117617 47.046954 0.567060 5.323843 200.000000 5.323843 0.326181 130.472208 -0.950071 21.713725 200.000000 21.713725 1.907292 762.916931 -0.312033 -12.786909 200.000000 -12.786909
 23.000000 0.597771 0.801667 -0.291570 -0.956550 0.640717 -2.845725 0.801667 0.597771 -0.956550 -0.291570 0.048441 19.376497 0.823677 5.437719 200.000000 5.437719 0.094315 37.725960 0.567060 5.323843 200.000000 5.323843 0.004197 1.678815 -0.950071 21.713725 200.000000 21.713725 0.041876 16.750528 -0.312033 -12.786909 200.000000 -12.786909
 23.200000 0.601281 0.799038 -0.345322 -0.938484 0.645103 -2.789011 0.799038 0.601281 -0.938484 -0.345322 0.060708 24.283016 0.823677 5.437719 200.000000 5.437719 0.117108 46.843316 0.567060 5.323843 200.000000 5.323843 0.013426 5.370260 -0.950071 21.713725 200.000000 21.713725 0.110814 44.325534 -0.312033 -12.786909 200.000000 -12.786909
 23.400000 0.615785 0.787914 -0.392300 -0.919838 0.663382 -2.738462 0.787914 0.615785 -0.919838 -0.392300 0.127894 51.157690 0.823677 5.437719 200.000000 5.437719 0.237413 94.965309 0.567060 5.323843 200.000000 5.323843 0.091407 36.562810 -0.950071 21.713725 200.000000 21.713725 0.644265 257.705852 -0.312033 -12.786909 200.000000 -12.786909
 23.600000 0.632665 0.774425 -0.389714 -0.920936 0.684990 -2.741272 0.774425 0.632665 -0.920936 -0.389714 0.242570 97.027918 0.823677 5.437719 200.000000 5.437719 0.430410 172.163834 0.567060 5.323843 200.000000 5.323843 0.084885 33.954185 -0.950071 21.713725 200.000000 21.713725 0.603424 241.369684 -0.312033 -12.786909 200.000000 -12.786909
 23.800000 0.613426 0.789752 -0.338208 -0.941071 0.660391 -2.796581 0.789752 0.613426 -0.941071 -0.338208 0.115086 46.034516 0.823677 5.437719 200.000000 5.437719 0.214982 85.992705 0.567060 5.323843 200.000000 5.323843 0.008099 3.239748 -0.950071 21.713725 200.000000 21.713725 0.068510 27.403804 -0.312033 -12.786909 200.000000 -12.786909
 24.000000 0.631284 0.775552 -0.398079 -0.917351 0.683208 -2.732171 0.775552 0.631284 -0.917351 -0.398079 0.231601 92.640255 0.823677 5.437719 200.000000 5.437719 0.412475 164.990021 0.567060 5.323843 200.000000 5.323843 0.107061 42.824208 -0.950071 21.713725 200.000000 21.713725 0.740389 296.155459 -0.312033 -12.786909 200.000000 -12.786909
 24.200000 0.576202 0.817307 -0.404440 -0.914565 0.614074 -2.725226 0.817307 0.576202 -0.914565 -0.404440 0.004057 1.622649 0.823677 5.437719 200.000000 5.437719 0.008358 3.343042 0.567060 5.323843 200.000000 5.323843 0.126071 50.428555 -0.950071 21.713725 200.000000 21.713725 0.853895 341.557993 -0.312033 -12.786909 200.000000 -12.786909
 24.400000 0.630486 0.776201 -0.332653 -0.943049 0.682179 -2.802477 0.776201 0.630486 -0.943049 -0.332653 0.225394 90.157411 0.823677 5.437719 200.000000 5.437719 0.402282 160.912913 0.567060 5.323843 200.000000 5.323843 0.004931 1.972223 -0.950071 21.713725 200.000000 21.713725 0.042516 17.006525 -0.312033 -12.786909 200.000000 -12.786909
 24.600000 0.602037 0.798468 -0.300723 -0.953712 0.646050 -2.836142 0.798468 0.602037 -0.953712 -0.300723 0.063547 25.418700 0.823677 5.437719 200.000000 5.437719 0.122341 48.936333 0.567060 5.323843 200.000000 5.323843 0.001325 0.530134 -0.950071 21.713725 200.000000 21.713725 0.012793 5.117353 -0.312033 -12.786909 200.000000 -12.786909
 24.800000 0.662438 0.749116 -0.423524 -0.905885 0.724069 -2.704261 0.749116 0.662438 -0.905885 -0.423524 0.555921 222.368383 0.823677 5.437719 200.000000 5.437719 0.909705 363.881882 0.567060 5.323843 200.000000 5.323843 0.195241 78.096326 -0.950071 21.713725 200.000000 21.713725 1.243006 497.202472 -0.312033 -12.786909 200.000000 -12.786909
 25.000000 0.599280 0.800540 -0.377496 -0.926011 0.642601 -2.754502 0.800540 0.599280 -0.926011 -0.377496 0.053532 21.412944 0.823677 5.437719 200.000000 5.437719 0.103813 41.525396 0.567060 5.323843 200.000000 5.323843 0.057888 23.155162 -0.950071 21.713725 200.000000 21.713725 0.428535 171.413874 -0.312033 -12.786909 200.000000 -12.786909
 25.200000 0.631421 0.775440 -0.274011 -0.961727 0.683384 -2.864031 0.775440 0.631421 -0.961727 -0.274011 0.232676 93.070228 0.823677 5.437719 200.000000 5.437719 0.414237 165.694775 0.567060 5.323843 200.000000 5.323843 0.013585 5.433922 -0.950071 21.713725 200.000000 21.713725 0.144569 57.827689 -0.312033 -12.786909 200.000000 -12.786909
 25.400000 0.543231 0.839583 -0.345667 -0.938357 0.574281 -2.788643 0.839583 0.543231 -0.938357 -0.345667 0.025302 10.120618 0.823677 5.437719 200.000000 5.437719 0.056780 22.711891 0.567060 5.323843 200.000000 5.323843 0.013722 5.488610 -0.950071 21.713725 200.000000 21.713725 0.113122 45.248801 -0.312033 -12.786909 200.000000 -12.786909
 25.600000 0.665379 0.746506 -0.255685 -0.966760 0.728001 -2.883037 0.746506 0.665379 -0.966760 -0.255685 0.595535 238.213814 0.823677 5.437719 200.000000 5.437719 0.966666 386.666279 0.567060 5.323843 200.000000 5.323843 0.027853 11.141037 -0.950071 21.713725 200.000000 21.713725 0.317518 127.007043 -0.312033 -12.786909 200.000000 -12.786909
 25.800000 0.578881 0.815412 -0.377216 -0.926125 0.617355 -2.754804 0.815412 0.578881 -0.926125 -0.377216 0.006830 2.731919 0.823677 5.437719 200.000000 5.437719 0.013973 5.589188 0.567060 5.323843 200.000000 5.323843 0.057340 22.936072 -0.950071 21.713725 200.000000 21.713725 0.424877 169.950637 -0.312033 -12.786909 200.000000 -12.786909
 26.000000 0.637900 0.770120 -0.345819 -0.938301 0.691768 -2.788481 0.770120 0.637900 -0.938301 -0.345819 0.286836 114.734265 0.823677 5.437719 200.000000 5.437719 0.501827 200.730699 0.567060 5.323843 200.000000 5.323843 0.013853 5.541243 -0.950071 21.713725 200.000000 21.713725 0.114147 45.658882 -0.312033 -12.786909 200.000000 -12.786909
 26.200000 0.656416 0.754399 -0.284658 -0.958629 0.716059 -2.852943 0.754399 0.656416 -0.958629 -0.284658 0.479942 191.976969 0.823677 5.437719 200.000000 5.437719 0.798460 319.384191 0.567060 5.323843 200.000000 5.323843 0.007324 2.929587 -0.950071 21.713725 200.000000 21.713725 0.074941 29.976589 -0.312033 -12.786909 200.000000 -12.786909
 26.400000 0.580538 0.814233 -0.356741 -0.934204 0.619389 -2.776816 0.814233 0.580538 -0.934204 -0.356741 0.008917 3.566985 0.823677 5.437719 200.000000 5.437719 0.018165 7.266111 0.567060 5.323843 200.000000 5.323843 0.025178 10.071234 -0.950071 21.713725 200.000000 21.713725 0.199872 79.948882 -0.312033 -12.786909 200.000000 -12.786909
 26.600000 0.617836 0.786307 -0.298258 -0.954485 0.665987 -2.838726 0.786307 0.617836 -0.954485 -0.298258 0.139646 55.858319 0.823677 5.437719 200.000000 5.437719 0.257817 103.126658 0.567060 5.323843 200.000000 5.323843 0.001948 0.779395 -0.950071 21.713725 200.000000 21.713725 0.018976 7.590507 -0.312033 -12.786909 200.000000 -12.786909
 26.800000 0.591246 0.806491 -0.339673 -0.940544 0.632603 -2.795023 0.806491 0.591246 -0.940544 -0.339673 0.029534 11.813489 0.823677 5.437719 200.000000 5.437719 0.058497 23.398942 0.567060 5.323843 200.000000 5.323843 0.009077 3.630997 -0.950071 21.713725 200.000000 21.713725 0.076395 30.558192 -0.312033 -12.786909 200.000000 -12.786909
 27.000000 0.625391 0.780311 -0.391534 -0.920163 0.675633 -2.739294 0.780311 0.625391 -0.920163 -0.391534 0.188055 75.222007 0.823677 5.437719 200.000000 5.437719 0.340256 136.102417 0.567060 5.323843 200.000000 5.323843 0.089447 35.778743 -0.950071 21.713725 200.000000 21.713725 0.632041 252.816379 -0.312033 -12.786909 200.000000 -12.786909
 27.200000 0.626925 0.779080 -0.399211 -0.916859 0.677599 -2.730937 0.779080 0.626925 -0.916859 -0.399211 0.198886 79.554262 0.823677 5.437719 200.000000 5.437719 0.358378 143.351180 0.567060 5.323843 200.000000 5.323843 0.110303 44.121137 -0.950071 21.713725 200.000000 21.713725 0.759986 303.994423 -0.312033 -12.786909 200.000000 -12.786909
 27.400000 0.615216 0.788358 -0.325974 -0.945379 0.662660 -2.809550 0.788358 0.615216 -0.945379 -0.325974 0.124737 49.894737 0.823677 5.437719 200.000000 5.437719 0.231903 92.761112 0.567060 5.323843 200.000000 5.323843 0.002202 0.880785 -0.950071 21.713725 200.000000 21.713725 0.019435 7.773962 -0.312033 -12.786909 200.000000 -12.786909
 27.600000 0.557196 0.830381 -0.324677 -0.945825 0.591005 -2.810923 0.830381 0.557196 -0.945825 -0.324677 0.004495 1.797925 0.823677 5.437719 200.000000 5.437719 0.009729 3.891726 0.567060 5.323843 200.000000 5.323843 0.001803 0.721163 -0.950071 21.713725 200.000000 21.713725 0.015985 6.394093 -0.312033 -12.786909 200.000000 -12.786909
 27.800000 0.577029 0.816724 -0.365472 -0.930822 0.615086 -2.767453 0.816724 0.577029 -0.930822 -0.365472 0.004834 1.933678 0.823677 5.437719 200.000000 5.437719 0.009938 3.975249 0.567060 5.323843 200.000000 5.323843 0.037051 14.820402 -0.950071 21.713725 200.000000 21.713725 0.285564 114.225568 -0.312033 -12.786909 200.000000 -12.786909
 28.000000 0.585721 0.810513 -0.340031 -0.940414 0.625769 -2.794642 0.810513 0.585721 -0.940414 -0.340031 0.017329 6.931455 0.823677 5.437719 200.000000 5.437719 0.034824 13.929503 0.567060 5.323843 200.000000 5.323843 0.009326 3.730321 -0.950071 21.713725 200.000000 21.713725 0.078388 31.355319 -0.312033 -12.786909 200.000000 -12.786909
 28.200000 0.642852 0.765991 -0.400274 -0.916396 0.698216 -2.729777 0.765991 0.642852 -0.916396 -0.400274 0.332768 133.107337 0.823677 5.437719 200.000000 5.437719 0.574443 229.777220 0.567060 5.323843 200.000000 5.323843 0.113404 45.361647 -0.950071 21.713725 200.000000 21.713725 0.778636 311.454472 -0.312033 -12.786909 200.000000 -12.786909
 28.400000 0.687276 0.726396 -0.387855 -0.921720 0.757733 -2.743289 0.726396 0.687276 -0.921720 -0.387855 0.946351 378.540417 0.823677 5.437719 200.000000 5.437719 1.445201 578.080573 0.567060 5.323843 200.000000 5.323843 0.080377 32.150706 -0.950071 21.713725 200.000000 21.713725 0.574894 229.957479 -0.312033 -12.786909 200.000000 -12.786909
 28.600000 0.591885 0.806022 -0.328793 -0.944402 0.633395 -2.806568 0.806022 0.591885 -0.944402 -0.328793 0.031167 12.466681 0.823677 5.437719 200.000000 5.437719 0.061628 24.651321 0.567060 5.323843 200.000000 5.323843 0.003214 1.285537 -0.950071 21.713725 200.000000 21.713725 0.028088 11.235197 -0.312033 -12.786909 200.000000 -12.786909
 28.800000 0.600330 0.799753 -0.377266 -0.926105 0.643913 -2.754750 0.799753 0.600330 -0.926105 -0.377266 0.057236 22.894231 0.823677 5.437719 200.000000 5.437719 0.110688 44.275265 0.567060 5.323843 200.000000 5.323843 0.057438 22.975379 -0.950071 21.713725 200.000000 21.713725 0.425533 170.213300 -0.312033 -12.786909 200.000000 -12.786909
 29.000000 0.561063 0.827773 -0.375735 -0.926727 0.595670 -2.756403 0.827773 0.561063 -0.926727 -0.375735 0.001678 0.671169 0.823677 5.437719 200.000000 5.437719 0.003596 1.438299 0.567060 5.323843 200.000000 5.323843 0.054493 21.797298 -0.950071 21.713725 200.000000 21.713725 0.405783 162.313259 -0.312033 -12.786909 200.000000 -12.786909
 29.200000 0.622696 0.782464 -0.372620 -0.927984 0.672184 -2.759762 0.782464 0.622696 -0.927984 -0.372620 0.169850 67.939808 0.823677 5.437719 200.000000 5.437719 0.309539 123.815645 0.567060 5.323843 200.000000 5.323843 0.048784 19.513588 -0.950071 21.713725 200.000000 21.713725 0.367073 146.829131 -0.312033 -12.786909 200.000000 -12.786909
 29.400000 0.679476 0.733698 -0.406858 -0.913492 0.747048 -2.722581 0.733698 0.679476 -0.913492 -0.406858 0.809617 323.846663 0.823677 5.437719 200.000000 5.437719 1.263735 505.494085 0.567060 5.323843 200.000000 5.323843 0.133806 53.522366 -0.950071 21.713725 200.000000 21.713725 0.899161 359.664258 -0.312033 -12.786909 200.000000 -12.786909
 29.600000 0.658147 0.752890 -0.400379 -0.916349 0.718355 -2.729662 0.752890 0.658147 -0.916349 -0.400379 0.501078 200.431193 0.823677 5.437719 200.000000 5.437719 0.829681 331.872422 0.567060 5.323843 200.000000 5.323843 0.113715 45.485927 -0.950071 21.713725 200.000000 21.713725 0.780500 312.199849 -0.312033 -12.786909 200.000000 -12.786909
 29.800000 0.609073 0.793114 -0.249206 -0.968450 0.654891 -2.889732 0.793114 0.609073 -0.968450 -0.249206 0.093405 37.361867 0.823677 5.437719 200.000000 5.437719 0.176508 70.603103 0.567060 5.323843 200.000000 5.323843 0.033780 13.511953 -0.950071 21.713725 200.000000 21.713725 0.394725 157.890007 -0.312033 -12.786909 200.000000 -12.786909
 30.000000 0.616767 0.787146 -0.329418 -0.944184 0.664628 -2.805906 0.787146 0.616767 -0.944184 -0.329418 0.133447 53.378982 0.823677 5.437719 200.000000 5.437719 0.247076 98.830209 0.567060 5.323843 200.000000 5.323843 0.003466 1.386243 -0.950071 21.713725 200.000000 21.713725 0.030222 12.088955 -0.312033 -12.786909 200.000000 -12.786909
 30.200000 0.561888 0.827213 -0.365566 -0.930785 0.596666 -2.767351 0.827213 0.561888 -0.930785 -0.365566 0.001251 0.500356 0.823677 5.437719 200.000000 5.437719 0.002675 1.069960 0.567060 5.323843 200.000000 5.323843 0.037194 14.877760 -0.950071 21.713725 200.000000 21.713725 0.286578 114.631039 -0.312033 -12.786909 200.000000 -12.786909
 30.400000 0.651322 0.758802 -0.265979 -0.963979 0.709325 -2.872374 0.758802 0.651322 -0.963979 -0.265979 0.420875 168.349842 0.823677 5.437719 200.000000 5.437719 0.710005 284.002148 0.567060 5.323843 200.000000 5.323843 0.019343 7.737052 -0.950071 21.713725 200.000000 21.713725 0.212104 84.841449 -0.312033 -12.786909 200.000000 -12.786909
 30.600000 0.632001 0.774968 -0.376758 -0.926312 0.684132 -2.755299 0.774968 0.632001 -0.926312 -0.376758 0.237256 94.902259 0.823677 5.437719 200.000000 5.437719 0.421733 168.693312 0.567060 5.323843 200.000000 5.323843 0.056451 22.580304 -0.950071 21.713725 200.000000 21.713725 0.418926 167.570392 -0.312033 -12.786909 200.000000 -12.786909
 30.800000 0.675482 0.737376 -0.326185 -0.945306 0.741619 -2.809328 0.737376 0.675482 -0.945306 -0.326185 0.744778 297.911211 0.823677 5.437719 200.000000 5.437719 1.175546 470.218340 0.567060 5.323843 200.000000 5.323843 0.002271 0.908261 -0.950071 21.713725 200.000000 21.713725 0.020026 8.010565 -0.312033 -12.786909 200.000000 -12.786909
 31.000000 0.585461 0.810701 -0.187280 -0.982307 0.625448 -2.953200 0.810701 0.585461 -0.982307 -0.187280 0.016837 6.734978 0.823677 5.437719 200.000000 5.437719 0.033860 13.543885 0.567060 5.323843 200.000000 5.323843 0.103912 41.564904 -0.950071 21.713725 200.000000 21.713725 1.556338 622.535334 -0.312033 -12.786909 200.000000 -12.786909
 31.200000 0.545248 0.838275 -0.316065 -0.948738 0.576685 -2.820014 0.838275 0.545248 -0.948738 -0.316065 0.021311 8.524477 0.823677 5.437719 200.000000 5.437719 0.047577 19.030693 0.567060 5.323843 200.000000 5.323843 0.000178 0.071136 -0.950071 21.713725 200.000000 21.713725 0.001625 0.650120 -0.312033 -12.786909 200.000000 -12.786909
 31.400000 0.636231 0.771498 -0.370852 -0.928692 0.689604 -2.761666 0.771498 0.636231 -0.928692 -0.370852 0.272258 108.903116 0.823677 5.437719 200.000000 5.437719 0.478471 191.388276 0.567060 5.323843 200.000000 5.323843 0.045707 18.282626 -0.950071 21.713725 200.000000 21.713725 0.345961 138.384380 -0.312033 -12.786909 200.000000 -12.786909
 31.600000 0.618553 0.785743 -0.291239 -0.956650 0.666899 -2.846071 0.785743 0.618553 -0.956650 -0.291239 0.143893 57.557143 0.823677 5.437719 200.000000 5.437719 0.265151 106.060203 0.567060 5.323843 200.000000 5.323843 0.004329 1.731446 -0.950071 21.713725 200.000000 21.713725 0.043241 17.296430 -0.312033 -12.786909 200.000000 -12.786909
 31.800000 0.678063 0.735004 -0.297656 -0.954673 0.745124 -2.839356 0.735004 0.678063 -0.954673 -0.297656 0.786290 314.516033 0.823677 5.437719 200.000000 5.437719 1.232175 492.869830 0.567060 5.323843 200.000000 5.323843 0.002118 0.847179 -0.950071 21.713725 200.000000 21.713725 0.020671 8.268592 -0.312033 -12.786909 200.000000 -12.786909
 32.000000 0.581220 0.813746 -0.384373 -0.923178 0.620228 -2.747064 0.813746 0.581220 -0.923178 -0.384373 0.009861 3.944548 0.823677 5.437719 200.000000 5.437719 0.020052 8.020898 0.567060 5.323843 200.000000 5.323843 0.072325 28.929913 -0.950071 21.713725 200.000000 21.713725 0.523302 209.320846 -0.312033 -12.786909 200.000000 -12.786909
 32.200000 0.626804 0.779177 -0.265785 -0.964032 0.677444 -2.872575 0.779177 0.626804 -0.964032 -0.265785 0.198019 79.207798 0.823677 5.437719 200.000000 5.437719 0.356933 142.773087 0.567060 5.323843 200.000000 5.323843 0.019492 7.796627 -0.950071 21.713725 200.000000 21.713725 0.213892 85.556850 -0.312033 -12.786909 200.000000 -12.786909
 32.400000 0.575495 0.817805 -0.252281 -0.967654 0.613209 -2.886556 0.817805 0.575495 -0.967654 -0.252281 0.003447 1.378829 0.823677 5.437719 200.000000 5.437719 0.007115 2.845959 0.567060 5.323843 200.000000 5.323843 0.030916 12.366279 -0.950071 21.713725 200.000000 21.713725 0.357034 142.813475 -0.312033 -12.786909 200.000000 -12.786909
 32.600000 0.641660 0.766989 -0.305802 -0.952095 0.696660 -2.830812 0.766989 0.641660 -0.952095 -0.305802 0.321344 128.537485 0.823677 5.437719 200.000000 5.437719 0.556515 222.605877 0.567060 5.323843 200.000000 5.323843 0.000410 0.163876 -0.950071 21.713725 200.000000 21.713725 0.003883 1.553345 -0.312033 -12.786909 200.000000 -12.786909
 32.800000 0.579669 0.814852 -0.256746 -0.966479 0.618322 -2.881939 0.814852 0.579669 -0.966479 -0.256746 0.007787 3.114775 0.823677 5.437719 200.000000 5.437719 0.015898 6.359362 0.567060 5.323843 200.000000 5.323843 0.026922 10.768759 -0.950071 21.713725 200.000000 21.713725 0.305674 122.269691 -0.312033 -12.786909 200.000000 -12.786909
 33.000000 0.647695 0.761900 -0.347479 -0.937688 0.704555 -2.786712 0.761900 0.647695 -0.937688 -0.347479 0.381638 152.655316 0.823677 5.437719 200.000000 5.437719 0.650203 260.081166 0.567060 5.323843 200.000000 5.323843 0.015334 6.133764 -0.950071 21.713725 200.000000 21.713725 0.125636 50.254466 -0.312033 -12.786909 200.000000 -12.786909
 33.200000 0.630948 0.775825 -0.379224 -0.925305 0.682774 -2.752635 0.775825 0.630948 -0.925305 -0.379224 0.228975 91.589933 0.823677 5.437719 200.000000 5.437719 0.408167 163.266855 0.567060 5.323843 200.000000 5.323843 0.061336 24.534446 -0.950071 21.713725 200.000000 21.713725 0.451454 180.581658 -0.312033 -12.786909 200.000000 -12.786909
 33.400000 0.692243 0.721664 -0.237538 -0.971378 0.764593 -2.901762 0.721664 0.692243 -0.971378 -0.237538 1.040656 416.262402 0.823677 5.437719 200.000000 5.437719 1.567094 626.837423 0.567060 5.323843 200.000000 5.323843 0.045399 18.159715 -0.950071 21.713725 200.000000 21.713725 0.554956 221.982360 -0.312033 -12.786909 200.000000 -12.786909
 33.600000 0.591372 0.806399 -0.449279 -0.893392 0.632759 -2.675635 0.806399 0.591372 -0.893392 -0.449279 0.029852 11.940743 0.823677 5.437719 200.000000 5.437719 0.059108 23.643175 0.567060 5.323843 200.000000 5.323843 0.321257 128.502956 -0.950071 21.713725 200.000000 21.713725 1.883632 753.452790 -0.312033 -12.786909 200.000000 -12.786909
 33.800000 0.644379 0.764706 -0.393598 -0.919283 0.700211 -2.737051 0.764706 0.644379 -0.919283 -0.393598 0.347748 139.099077 0.823677 5.437719 200.000000 5.437719 0.597822 239.128784 0.567060 5.323843 200.000000 5.323843 0.094792 37.916670 -0.950071 21.713725 200.000000 21.713725 0.665270 266.108040 -0.312033 -12.786909 200.000000 -12.786909
 34.000000 0.609651 0.792670 -0.387586 -0.921834 0.655621 -2.743582 0.792670 0.609651 -0.921834 -0.387586 0.096143 38.457037 0.823677 5.437719 200.000000 5.437719 0.181403 72.561272 0.567060 5.323843 200.000000 5.323843 0.079735 31.893992 -0.950071 21.713725 200.000000 21.713725 0.570812 228.324875 -0.312033 -12.786909 200.000000 -12.786909
 34.200000 0.632279 0.774741 -0.363677 -0.931525 0.684492 -2.769380 0.774741 0.632279 -0.931525 -0.363677 0.239474 95.789600 0.823677 5.437719 200.000000 5.437719 0.425358 170.143173 0.567060 5.323843 200.000000 5.323843 0.034396 13.758387 -0.950071 21.713725 200.000000 21.713725 0.266710 106.683822 -0.312033 -12.786909 200.000000 -12.786909
 34.400000 0.674155 0.738590 -0.417937 -0.908476 0.739819 -2.710419 0.738590 0.674155 -0.908476 -0.417937 0.723968 289.587116 0.823677 5.437719 200.000000 5.437719 1.146928 458.771088 0.567060 5.323843 200.000000 5.323843 0.173016 69.206295 -0.950071 21.713725 200.000000 21.713725 1.121559 448.623517 -0.312033 -12.786909 200.000000 -12.786909
 34.600000 0.611198 0.791478 -0.313017 -0.949748 0.657573 -2.823225 0.791478 0.611198 -0.949748 -0.313017 0.103675 41.469895 0.823677 5.437719 200.000000 5.437719 0.194814 77.925700 0.567060 5.323843 200.000000 5.323843 0.000010 0.004189 -0.950071 21.713725 200.000000 21.713725 0.000097 0.038698 -0.312033 -12.786909 200.000000 -12.786909
 34.800000 0.627684 0.778468 -0.278128 -0.960544 0.678575 -2.859748 0.778468 0.627684 -0.960544 -0.278128 0.204381 81.752307 0.823677 5.437719 200.000000 5.437719 0.367531 147.012319 0.567060 5.323843 200.000000 5.323843 0.010968 4.387381 -0.950071 21.713725 200.000000 21.713725 0.114961 45.984440 -0.312033 -12.786909 200.000000 -12.786909
 35.000000 0.639707 0.768619 -0.426787 -0.904352 0.694117 -2.700655 0.768619 0.639707 -0.904352 -0.426787 0.303134 121.253425 0.823677 5.437719 200.000000 5.437719 0.527758 211.103183 0.567060 5.323843 200.000000 5.323843 0.209023 83.609198 -0.950071 21.713725 200.000000 21.713725 1.316842 526.736883 -0.312033 -12.786909 200.000000 -12.786909
 35.200000 0.660327 0.750978 -0.224958 -0.974369 0.721254 -2.914693 0.750978 0.660327 -0.974369 -0.224958 0.528501 211.400447 0.823677 5.437719 200.000000 5.437719 0.869869 347.947788 0.567060 5.323843 200.000000 5.323843 0.059037 23.614639 -0.950071 21.713725 200.000000 21.713725 0.758221 303.288473 -0.312033 -12.786909 200.000000 -12.786909
 35.400000 0.612739 0.790286 -0.344970 -0.938614 0.659521 -2.789386 0.790286 0.612739 -0.938614 -0.344970 0.111495 44.597979 0.823677 5.437719 200.000000 5.437719 0.208654 83.461535 0.567060 5.323843 200.000000 5.323843 0.013127 5.250853 -0.950071 21.713725 200.000000 21.713725 0.108481 43.392402 -0.312033 -12.786909 200.000000 -12.786909
 35.600000 0.576415 0.817157 -0.352947 -0.935643 0.614335 -2.780874 0.817157 0.576415 -0.935643 -0.352947 0.004250 1.700178 0.823677 5.437719 200.000000 5.437719 0.008752 3.500824 0.567060 5.323843 200.000000 5.323843 0.020816 8.326456 -0.950071 21.713725 200.000000 21.713725 0.167392 66.956738 -0.312033 -12.786909 200.000000 -12.786909
 35.800000 0.546711 0.837321 -0.320380 -0.947289 0.578431 -2.815462 0.837321 0.546711 -0.947289 -0.320380 0.018618 7.447022 0.823677 5.437719 200.000000 5.437719 0.041407 16.562613 0.567060 5.323843 200.000000 5.323843 0.000774 0.309614 -0.950071 21.713725 200.000000 21.713725 0.006967 2.786878 -0.312033 -12.786909 200.000000 -12.786909
 36.000000 0.635979 0.771706 -0.322419 -0.946597 0.689277 -2.813309 0.771706 0.635979 -0.946597 -0.322419 0.270091 108.036289 0.823677 5.437719 200.000000 5.437719 0.474985 189.994129 0.567060 5.323843 200.000000 5.323843 0.001207 0.482735 -0.950071 21.713725 200.000000 21.713725 0.010785 4.314138 -0.312033 -12.786909 200.000000 -12.786909
 36.200000 0.602532 0.798094 -0.383194 -0.923668 0.646670 -2.748341 0.798094 0.602532 -0.923668 -0.383194 0.065445 26.177884 0.823677 5.437719 200.000000 5.437719 0.125830 50.332050 0.567060 5.323843 200.000000 5.323843 0.069713 27.885186 -0.950071 21.713725 200.000000 21.713725 0.506382 202.552679 -0.312033 -12.786909 200.000000 -12.786909
 36.400000 0.698371 0.715736 -0.258548 -0.965998 0.773119 -2.880074 0.715736 0.698371 -0.965998 -0.258548 1.165124 466.049433 0.823677 5.437719 200.000000 5.437719 1.724268 689.707339 0.567060 5.323843 200.000000 5.323843 0.025368 10.147117 -0.950071 21.713725 200.000000 21.713725 0.286068 114.427328 -0.312033 -12.786909 200.000000 -12.786909
 36.600000 0.555326 0.831633 -0.336211 -0.941787 0.588755 -2.798702 0.831633 0.555326 -0.941787 -0.336211 0.006330 2.531911 0.823677 5.437719 200.000000 5.437719 0.013768 5.507090 0.567060 5.323843 200.000000 5.323843 0.006863 2.745260 -0.950071 21.713725 200.000000 21.713725 0.058455 23.382071 -0.312033 -12.786909 200.000000 -12.786909
 36.800000 0.674699 0.738093 -0.335669 -0.941980 0.740557 -2.799277 0.738093 0.674699 -0.941980 -0.335669 0.732455 292.982042 0.823677 5.437719 200.000000 5.437719 1.158618 463.447325 0.567060 5.323843 200.000000 5.323843 0.006547 2.618731 -0.950071 21.713725 200.000000 21.713725 0.055866 22.346268 -0.312033 -12.786909 200.000000 -12.786909
 37.000000 0.563316 0.826242 -0.217082 -0.976153 0.598393 -2.922769 0.826242 0.563316 -0.976153 -0.217082 0.000658 0.263186 0.823677 5.437719 200.000000 5.437719 0.001402 0.560716 0.567060 5.323843 200.000000 5.323843 0.068029 27.211449 -0.950071 21.713725 200.000000 21.713725 0.901581 360.632547 -0.312033 -12.786909 200.000000 -12.786909
 37.200000 0.713719 0.700432 -0.324446 -0.945904 0.794793 -2.811166 0.700432 0.713719 -0.945904 -0.324446 1.518915 607.566113 0.823677 5.437719 200.000000 5.437719 2.150886 860.354294 0.567060 5.323843 200.000000 5.323843 0.001736 0.694579 -0.950071 21.713725 200.000000 21.713725 0.015408 6.163355 -0.312033 -12.786909 200.000000 -12.786909
 37.400000 0.626568 0.779367 -0.336070 -0.941837 0.677142 -2.798852 0.779367 0.626568 -0.941837 -0.336070 0.196338 78.535089 0.823677 5.437719 200.000000 5.437719 0.354125 141.649843 0.567060 5.323843 200.000000 5.323843 0.006780 2.711953 -0.950071 21.713725 200.000000 21.713725 0.057774 23.109685 -0.312033 -12.786909 200.000000 -12.786909
 37.600000 0.633817 0.773483 -0.337086 -0.941474 0.686478 -2.797773 0.773483 0.633817 -0.941474 -0.337086 0.251938 100.775339 0.823677 5.437719 200.000000 5.437719 0.445650 178.260071 0.567060 5.323843 200.000000 5.323843 0.007391 2.956422 -0.950071 21.713725 200.000000 21.713725 0.062761 25.104474 -0.312033 -12.786909 200.000000 -12.786909
 37.800000 0.554747 0.832019 -0.337224 -0.941424 0.588059 -2.797626 0.832019 0.554747 -0.941424 -0.337224 0.006959 2.783775 0.823677 5.437719 200.000000 5.437719 0.015160 6.063992 0.567060 5.323843 200.000000 5.323843 0.007477 2.990703 -0.950071 21.713725 200.000000 21.713725 0.063458 25.383377 -0.312033 -12.786909 200.000000 -12.786909
 38.000000 0.617620 0.786477 -0.323795 -0.946127 0.665713 -2.811855 0.786477 0.617620 -0.946127 -0.323795 0.138383 55.353295 0.823677 5.437719 200.000000 5.437719 0.255632 102.252968 0.567060 5.323843 200.000000 5.323843 0.001555 0.622178 -0.950071 21.713725 200.000000 21.713725 0.013834 5.533524 -0.312033 -12.786909 200.000000 -12.786909
 38.200000 0.659505 0.751700 -0.290815 -0.956779 0.720160 -2.846514 0.751700 0.659505 -0.956779 -0.290815 0.518059 207.223621 0.823677 5.437719 200.000000 5.437719 0.854609 341.843404 0.567060 5.323843 200.000000 5.323843 0.004500 1.799914 -0.950071 21.713725 200.000000 21.713725 0.045020 18.008100 -0.312033 -12.786909 200.000000 -12.786909
 38.400000 0.599950 0.800038 -0.330938 -0.943652 0.643438 -2.804295 0.800038 0.599950 -0.943652 -0.330938 0.055880 22.351968 0.823677 5.437719 200.000000 5.437719 0.108175 43.269916 0.567060 5.323843 200.000000 5.323843 0.004120 1.647965 -0.950071 21.713725 200.000000 21.713725 0.035739 14.295440 -0.312033 -12.786909 200.000000 -12.786909
 38.600000 0.618859 0.785502 -0.406082 -0.913837 0.667289 -2.723431 0.785502 0.618859 -0.913837 -0.406082 0.145730 58.291999 0.823677 5.437719 200.000000 5.437719 0.268316 107.326599 0.567060 5.323843 200.000000 5.323843 0.131292 52.516972 -0.950071 21.713725 200.000000 21.713725 0.884506 353.802211 -0.312033 -12.786909 200.000000 -12.786909
 38.800000 0.632897 0.774236 -0.295133 -0.955456 0.685290 -2.841998 0.774236 0.632897 -0.955456 -0.295133 0.244439 97.775602 0.823677 5.437719 200.000000 5.437719 0.433456 173.382390 0.567060 5.323843 200.000000 5.323843 0.002900 1.159995 -0.950071 21.713725 200.000000 21.713725 0.028563 11.425395 -0.312033 -12.786909 200.000000 -12.786909
 39.000000 0.637511 0.770441 -0.334755 -0.942305 0.691263 -2.800248 0.770441 0.637511 -0.942305 -0.334755 0.283398 113.359107 0.823677 5.437719 200.000000 5.437719 0.496333 198.533065 0.567060 5.323843 200.000000 5.323843 0.006031 2.412336 -0.950071 21.713725 200.000000 21.713725 0.051626 20.650403 -0.312033 -12.786909 200.000000 -12.786909
 39.200000 0.543086 0.839677 -0.332271 -0.943184 0.574108 -2.802882 0.839677 0.543086 -0.943184 -0.332271 0.025602 10.240733 0.823677 5.437719 200.000000 5.437719 0.057475 22.990070 0.567060 5.323843 200.000000 5.323843 0.004743 1.897331 -0.950071 21.713725 200.000000 21.713725 0.040956 16.382455 -0.312033 -12.786909 200.000000 -12.786909
 39.400000 0.604082 0.796922 -0.384185 -0.923256 0.648614 -2.747268 0.796922 0.604082 -0.923256 -0.384185 0.071581 28.632213 0.823677 5.437719 200.000000 5.437719 0.137065 54.826020 0.567060 5.323843 200.000000 5.323843 0.071905 28.761824 -0.950071 21.713725 200.000000 21.713725 0.520586 208.234426 -0.312033 -12.786909 200.000000 -12.786909
 39.600000 0.619654 0.784875 -0.361740 -0.932279 0.668302 -2.771459 0.784875 0.619654 -0.932279 -0.361740 0.150556 60.222593 0.823677 5.437719 200.000000 5.437719 0.276616 110.646395 0.567060 5.323843 200.000000 5.323843 0.031656 12.662508 -0.950071 21.713725 200.000000 21.713725 0.247077 98.830806 -0.312033 -12.786909 200.000000 -12.786909
 39.800000 0.707243 0.706971 -0.370958 -0.928650 0.785591 -2.761552 0.706971 0.707243 -0.928650 -0.370958 1.362026 544.810270 0.823677 5.437719 200.000000 5.437719 1.965126 786.050341 0.567060 5.323843 200.000000 5.323843 0.045888 18.355357 -0.950071 21.713725 200.000000 21.713725 0.347213 138.885338 -0.312033 -12.786909 200.000000 -12.786909
 40.000000 0.535776 0.844360 -0.396408 -0.918074 0.565427 -2.733992 0.844360 0.535776 -0.918074 -0.396408 0.042781 17.112377 0.823677 5.437719 200.000000 5.437719 0.097868 39.147114 0.567060 5.323843 200.000000 5.323843 0.102379 40.951409 -0.950071 21.713725 200.000000 21.713725 0.711906 284.762260 -0.312033 -12.786909 200.000000 -12.786909
 40.200000 0.647153 0.762360 -0.288861 -0.957371 0.703844 -2.848556 0.762360 0.647153 -0.957371 -0.288861 0.375974 150.389623 0.823677 5.437719 200.000000 5.437719 0.641497 256.598604 0.567060 5.323843 200.000000 5.323843 0.005329 2.131524 -0.950071 21.713725 200.000000 21.713725 0.053695 21.478125 -0.312033 -12.786909 200.000000 -12.786909
 40.400000 0.559240 0.829006 -0.432367 -0.901698 0.593469 -2.694476 0.829006 0.559240 -0.901698 -0.432367 0.002840 1.135945 0.823677 5.437719 200.000000 5.437719 0.006115 2.445838 0.567060 5.323843 200.000000 5.323843 0.234000 93.599850 -0.950071 21.713725 200.000000 21.713725 1.448022 579.208769 -0.312033 -12.786909 200.000000 -12.786909
 40.600000 0.688161 0.725558 -0.358461 -0.933545 0.758952 -2.774974 0.725558 0.688161 -0.933545 -0.358461 0.962729 385.091702 0.823677 5.437719 200.000000 5.437719 1.466554 586.621497 0.567060 5.323843 200.000000 5.323843 0.027312 10.924822 -0.950071 21.713725 200.000000 21.713725 0.215550 86.220168 -0.312033 -12.786909 200.000000 -12.786909
 40.800000 0.614310 0.789065 -0.357336 -0.933976 0.661511 -2.776178 0.789065 0.614310 -0.933976 -0.357336 0.119796 47.918251 0.823677 5.437719 200.000000 5.437719 0.223254 89.301566 0.567060 5.323843 200.000000 5.323843 0.025906 10.362463 -0.950071 21.713725 200.000000 21.713725 0.205236 82.094495 -0.312033 -12.786909 200.000000 -12.786909
 41.000000 0.709856 0.704347 -0.373927 -0.927458 0.789294 -2.758353 0.704347 0.709856 -0.927458 -0.373927 1.423965 569.586066 0.823677 5.437719 200.000000 5.437719 2.039081 815.632426 0.567060 5.323843 200.000000 5.323843 0.051135 20.454153 -0.950071 21.713725 200.000000 21.713725 0.383086 153.234384 -0.312033 -12.786909 200.000000 -12.786909
 41.200000 0.549374 0.835576 -0.401191 -0.915994 0.581615 -2.728776 0.835576 0.549374 -0.915994 -0.401191 0.014160 5.664080 0.823677 5.437719 200.000000 5.437719 0.031277 12.510888 0.567060 5.323843 200.000000 5.323843 0.116122 46.448980 -0.950071 21.713725 200.000000 21.713725 0.794909 317.963573 -0.312033 -12.786909 200.000000 -12.786909
 41.400000 0.607985 0.793949 -0.254467 -0.967081 0.653520 -2.884296 0.793949 0.607985 -0.967081 -0.254467 0.088375 35.349903 0.823677 5.437719 200.000000 5.437719 0.167485 66.993913 0.567060 5.323843 200.000000 5.323843 0.028935 11.574100 -0.950071 21.713725 200.000000 21.713725 0.331391 132.556258 -0.312033 -12.786909 200.000000 -12.786909
 41.600000 0.603008 0.797735 -0.274732 -0.961521 0.647267 -2.863281 0.797735 0.603008 -0.961521 -0.274732 0.067298 26.919106 0.823677 5.437719 200.000000 5.437719 0.129230 51.692149 0.567060 5.323843 200.000000 5.323843 0.013109 5.243787 -0.950071 21.713725 200.000000 21.713725 0.139138 55.655229 -0.312033 -12.786909 200.000000 -12.786909
 41.800000 0.571368 0.820694 -0.333560 -0.942729 0.608172 -2.801515 0.820694 0.571368 -0.942729 -0.333560 0.000890 0.355880 0.823677 5.437719 200.000000 5.437719 0.001856 0.742492 0.567060 5.323843 200.000000 5.323843 0.005391 2.156370 -0.950071 21.713725 200.000000 21.713725 0.046340 18.535928 -0.312033 -12.786909 200.000000 -12.786909
 42.000000 0.610072 0.792346 -0.231356 -0.972869 0.656151 -2.908121 0.792346 0.610072 -0.972869 -0.231356 0.098158 39.263376 0.823677 5.437719 200.000000 5.437719 0.185000 74.000181 0.567060 5.323843 200.000000 5.323843 0.051975 20.790013 -0.950071 21.713725 200.000000 21.713725 0.650884 260.353778 -0.312033 -12.786909 200.000000 -12.786909
 42.200000 0.622501 0.782619 -0.374047 -0.927410 0.671935 -2.758224 0.782619 0.622501 -0.927410 -0.374047 0.168575 67.429992 0.823677 5.437719 200.000000 5.437719 0.307376 122.950489 0.567060 5.323843 200.000000 5.323843 0.051353 20.541214 -0.950071 21.713725 200.000000 21.713725 0.384563 153.825255 -0.312033 -12.786909 200.000000 -12.786909
 42.400000 0.666807 0.745230 -0.310950 -0.950426 0.729916 -2.825401 0.745230 0.666807 -0.950426 -0.310950 0.615381 246.152429 0.823677 5.437719 200.000000 5.437719 0.994951 397.980518 0.567060 5.323843 200.000000 5.323843 0.000013 0.005049 -0.950071 21.713725 200.000000 21.713725 0.000117 0.046988 -0.312033 -12.786909 200.000000 -12.786909
 42.600000 0.590212 0.807248 -0.228025 -0.973655 0.631321 -2.911544 0.807248 0.590212 -0.973655 -0.228025 0.026989 10.795534 0.823677 5.437719 200.000000 5.437719 0.053602 21.440815 0.567060 5.323843 200.000000 5.323843 0.055621 22.248503 -0.950071 21.713725 200.000000 21.713725 0.705742 282.296743 -0.312033 -12.786909 200.000000 -12.786909
 42.800000 0.635402 0.772182 -0.327989 -0.944682 0.688528 -2.807419 0.772182 0.635402 -0.944682 -0.327989 0.265170 106.068130 0.823677 5.437719 200.000000 5.437719 0.467059 186.823439 0.567060 5.323843 200.000000 5.323843 0.002905 1.161865 -0.950071 21.713725 200.000000 21.713725 0.025457 10.182885 -0.312033 -12.786909 200.000000 -12.786909
 43.000000 0.697689 0.716400 -0.317956 -0.948105 0.772167 -2.818020 0.716400 0.697689 -0.948105 -0.317956 1.150818 460.327102 0.823677 5.437719 200.000000 5.437719 1.706407 682.562711 0.567060 5.323843 200.000000 5.323843 0.000386 0.154551 -0.950071 21.713725 200.000000 21.713725 0.003508 1.403070 -0.312033 -12.786909 200.000000 -12.786909
 43.200000 0.615762 0.787932 -0.304177 -0.952616 0.663353 -2.832519 0.787932 0.615762 -0.952616 -0.304177 0.127765 51.106109 0.823677 5.437719 200.000000 5.437719 0.237188 94.875383 0.567060 5.323843 200.000000 5.323843 0.000647 0.258986 -0.950071 21.713725 200.000000 21.713725 0.006173 2.469187 -0.312033 -12.786909 200.000000 -12.786909
 43.400000 0.643147 0.765742 -0.326231 -0.945290 0.698602 -2.809279 0.765742 0.643147 -0.945290 -0.326231 0.335637 134.254897 0.823677 5.437719 200.000000 5.437719 0.578932 231.572711 0.567060 5.323843 200.000000 5.323843 0.002286 0.914351 -0.950071 21.713725 200.000000 21.713725 0.020157 8.062973 -0.312033 -12.786909 200.000000 -12.786909
 43.600000 0.574916 0.818212 -0.415489 -0.909598 0.612502 -2.713112 0.818212 0.574916 -0.909598 -0.415489 0.002986 1.194414 0.823677 5.437719 200.000000 5.437719 0.006173 2.469040 0.567060 5.323843 200.000000 5.323843 0.163807 65.522871 -0.950071 21.713725 200.000000 21.713725 1.070314 428.125415 -0.312033 -12.786909 200.000000 -12.786909
 43.800000 0.594912 0.803791 -0.293135 -0.956071 0.637156 -2.844088 0.803791 0.594912 -0.956071 -0.293135 0.039544 15.817726 0.823677 5.437719 200.000000 5.437719 0.077574 31.029688 0.567060 5.323843 200.000000 5.323843 0.003600 1.439917 -0.950071 21.713725 200.000000 21.713725 0.035714 14.285478 -0.312033 -12.786909 200.000000 -12.786909
 44.000000 0.542365 0.840143 -0.335780 -0.941940 0.573250 -2.799160 0.840143 0.542365 -0.941940 -0.335780 0.027114 10.845429 0.823677 5.437719 200.000000 5.437719 0.060982 24.392879 0.567060 5.323843 200.000000 5.323843 0.006611 2.644294 -0.950071 21.713725 200.000000 21.713725 0.056389 22.555762 -0.312033 -12.786909 200.000000 -12.786909
 44.200000 0.631718 0.775199 -0.464310 -0.885672 0.683767 -2.658737 0.775199 0.631718 -0.885672 -0.464310 0.235012 94.004843 0.823677 5.437719 200.000000 5.437719 0.418063 167.225351 0.567060 5.323843 200.000000 5.323843 0.414718 165.887284 -0.950071 21.713725 200.000000 21.713725 2.318830 927.531841 -0.312033 -12.786909 200.000000 -12.786909
 44.400000 0.690687 0.723154 -0.359495 -0.933147 0.762438 -2.773866 0.723154 0.690687 -0.933147 -0.359495 1.010477 404.190882 0.823677 5.437719 200.000000 5.437719 1.528360 611.344143 0.567060 5.323843 200.000000 5.323843 0.028642 11.456924 -0.950071 21.713725 200.000000 21.713725 0.225258 90.103307 -0.312033 -12.786909 200.000000 -12.786909
 44.600000 0.592107 0.805859 -0.316625 -0.948551 0.633671 -2.819423 0.805859 0.592107 -0.948551 -0.316625 0.031746 12.698422 0.823677 5.437719 200.000000 5.437719 0.062737 25.094897 0.567060 5.323843 200.000000 5.323843 0.000231 0.092459 -0.950071 21.713725 200.000000 21.713725 0.002108 0.843330 -0.312033 -12.786909 200.000000 -12.786909
 44.800000 0.620167 0.784470 -0.379082 -0.925363 0.668956 -2.752789 0.784470 0.620167 -0.925363 -0.379082 0.153718 61.487141 0.823677 5.437719 200.000000 5.437719 0.282038 112.815270 0.567060 5.323843 200.000000 5.323843 0.061048 24.419316 -0.950071 21.713725 200.000000 21.713725 0.449548 179.819275 -0.312033 -12.786909 200.000000 -12.786909
 45.000000 0.598210 0.801340 -0.327447 -0.944869 0.641265 -2.807992 0.801340 0.598210 -0.944869 -0.327447 0.049894 19.957607 0.823677 5.437719 200.000000 5.437719 0.097031 38.812451 0.567060 5.323843 200.000000 5.323843 0.002706 1.082323 -0.950071 21.713725 200.000000 21.713725 0.023759 9.503702 -0.312033 -12.786909 200.000000 -12.786909
 45.200000 0.619643 0.784884 -0.272314 -0.962208 0.668288 -2.865795 0.784884 0.619643 -0.962208 -0.272314 0.150489 60.195409 0.823677 5.437719 200.000000 5.437719 0.276499 110.599723 0.567060 5.323843 200.000000 5.323843 0.014731 5.892472 -0.950071 21.713725 200.000000 21.713725 0.157760 63.104068 -0.312033 -12.786909 200.000000 -12.786909
 45.400000 0.639199 0.769041 -0.336201 -0.941790 0.693457 -2.798712 0.769041 0.639199 -0.941790 -0.336201 0.298505 119.401831 0.823677 5.437719 200.000000 5.437719 0.520412 208.164749 0.567060 5.323843 200.000000 5.323843 0.006857 2.742950 -0.950071 21.713725 200.000000 21.713725 0.058408 23.363184 -0.312033 -12.786909 200.000000 -12.786909
 45.600000 0.621543 0.783380 -0.400627 -0.916241 0.670711 -2.729392 0.783380 0.621543 -0.916241 -0.400627 0.162381 64.952588 0.823677 5.437719 200.000000 5.437719 0.296842 118.736762 0.567060 5.323843 200.000000 5.323843 0.114446 45.778306 -0.950071 21.713725 200.000000 21.713725 0.784880 313.951977 -0.312033 -12.786909 200.000000 -12.786909
 45.800000 0.620591 0.784135 -0.191926 -0.981409 0.669496 -2.948469 0.784135 0.620591 -0.981409 -0.191926 0.156357 62.542717 0.823677 5.437719 200.000000 5.437719 0.286556 114.622379 0.567060 5.323843 200.000000 5.323843 0.098209 39.283719 -0.950071 21.713725 200.000000 21.713725 1.442590 577.035895 -0.312033 -12.786909 200.000000 -12.786909
 46.000000 0.558393 0.829577 -0.385594 -0.922668 0.592447 -2.745741 0.829577 0.558393 -0.922668 -0.385594 0.003481 1.392489 0.823677 5.437719 200.000000 5.437719 0.007512 3.004805 0.567060 5.323843 200.000000 5.323843 0.075090 30.036188 -0.950071 21.713725 200.000000 21.713725 0.541118 216.447337 -0.312033 -12.786909 200.000000 -12.786909
 46.200000 0.630899 0.775865 -0.317549 -0.948242 0.682712 -2.818449 0.775865 0.630899 -0.948242 -0.317549 0.228596 91.438411 0.823677 5.437719 200.000000 5.437719 0.407545 163.018076 0.567060 5.323843 200.000000 5.323843 0.000335 0.133832 -0.950071 21.713725 200.000000 21.713725 0.003042 1.216725 -0.312033 -12.786909 200.000000 -12.786909
 46.400000 0.615066 0.788476 -0.274633 -0.961549 0.662469 -2.863385 0.788476 0.615066 -0.961549 -0.274633 0.123909 49.563706 0.823677 5.437719 200.000000 5.437719 0.230456 92.182551 0.567060 5.323843 200.000000 5.323843 0.013174 5.269790 -0.950071 21.713725 200.000000 21.713725 0.139879 55.951800 -0.312033 -12.786909 200.000000 -12.786909
 46.600000 0.659855 0.751393 -0.322078 -0.946713 0.720626 -2.813669 0.751393 0.659855 -0.946713 -0.322078 0.522495 208.998068 0.823677 5.437719 200.000000 5.437719 0.861098 344.439225 0.567060 5.323843 200.000000 5.323843 0.001128 0.451001 -0.950071 21.713725 200.000000 21.713725 0.010088 4.035366 -0.312033 -12.786909 200.000000 -12.786909
 46.800000 0.544294 0.838895 -0.370676 -0.928762 0.575547 -2.761856 0.838895 0.544294 -0.928762 -0.370676 0.023159 9.263734 0.823677 5.437719 200.000000 5.437719 0.051830 20.732048 0.567060 5.323843 200.000000 5.323843 0.045407 18.162797 -0.950071 21.713725 200.000000 21.713725 0.343896 137.558454 -0.312033 -12.786909 200.000000 -12.786909
 47.000000 0.624432 0.781079 -0.219022 -0.975720 0.674404 -2.920780 0.781079 0.624432 -0.975720 -0.219022 0.181455 72.582025 0.823677 5.437719 200.000000 5.437719 0.329158 131.663261 0.567060 5.323843 200.000000 5.323843 0.065786 26.314384 -0.950071 21.713725 200.000000 21.713725 0.865110 346.044195 -0.312033 -12.786909 200.000000 -12.786909
 47.200000 0.596856 0.802348 -0.332942 -0.942947 0.639577 -2.802171 0.802348 0.596856 -0.942947 -0.332942 0.045489 18.195792 0.823677 5.437719 200.000000 5.437719 0.088781 35.512570 0.567060 5.323843 200.000000 5.323843 0.005075 2.029972 -0.950071 21.713725 200.000000 21.713725 0.043717 17.486917 -0.312033 -12.786909 200.000000 -12.786909
 47.400000 0.572747 0.819732 -0.246196 -0.969220 0.609853 -2.892839 0.819732 0.572747 -0.969220 -0.246196 0.001556 0.622353 0.823677 5.437719 200.000000 5.437719 0.003234 1.293795 0.567060 5.323843 200.000000 5.323843 0.036668 14.667281 -0.950071 21.713725 200.000000 21.713725 0.433457 173.382732 -0.312033 -12.786909 200.000000 -12.786909
 47.600000 0.646325 0.763062 -0.372897 -0.927873 0.702759 -2.759464 0.763062 0.646325 -0.927873 -0.372897 0.367413 146.965333 0.823677 5.437719 200.000000 5.437719 0.628302 251.320690 0.567060 5.323843 200.000000 5.323843 0.049276 19.710498 -0.950071 21.713725 200.000000 21.713725 0.370434 148.173418 -0.312033 -12.786909 200.000000 -12.786909
 47.800000 0.633120 0.774054 -0.398916 -0.916987 0.685577 -2.731258 0.774054 0.633120 -0.916987 -0.398916 0.246239 98.495793 0.823677 5.437719 200.000000 5.437719 0.436388 174.555079 0.567060 5.323843 200.000000 5.323843 0.109454 43.781516 -0.950071 21.713725 200.000000 21.713725 0.754864 301.945623 -0.312033 -12.786909 200.000000 -12.786909
 48.000000 0.618261 0.785973 -0.269393 -0.963030 0.666528 -2.868830 0.785973 0.618261 -0.963030 -0.269393 0.142155 56.861820 0.823677 5.437719 200.000000 5.437719 0.262151 104.860517 0.567060 5.323843 200.000000 5.323843 0.016794 6.717706 -0.950071 21.713725 200.000000 21.713725 0.181823 72.729022 -0.312033 -12.786909 200.000000 -12.786909
 48.200000 0.563204 0.826318 -0.443325 -0.896361 0.598258 -2.682288 0.826318 0.563204 -0.896361 -0.443325 0.000698 0.279026 0.823677 5.437719 200.000000 5.437719 0.001487 0.594633 0.567060 5.323843 200.000000 5.323843 0.288479 115.391592 -0.950071 21.713725 200.000000 21.713725 1.723751 689.500309 -0.312033 -12.786909 200.000000 -12.786909
 48.400000 0.626775 0.779200 -0.413079 -0.910695 0.677407 -2.715760 0.779200 0.626775 -0.910695 -0.413079 0.197812 79.124895 0.823677 5.437719 200.000000 5.437719 0.356587 142.634717 0.567060 5.323843 200.000000 5.323843 0.155046 62.018399 -0.950071 21.713725 200.000000 21.713725 1.021019 408.407424 -0.312033 -12.786909 200.000000 -12.786909
 48.600000 0.614657 0.788795 -0.298384 -0.954446 0.661951 -2.838593 0.788795 0.614657 -0.954446 -0.298384 0.121675 48.670146 0.823677 5.437719 200.000000 5.437719 0.226548 90.619106 0.567060 5.323843 200.000000 5.323843 0.001914 0.765526 -0.950071 21.713725 200.000000 21.713725 0.018630 7.452044 -0.312033 -12.786909 200.000000 -12.786909
 48.800000 0.655774 0.754958 -0.325825 -0.945430 0.715207 -2.809708 0.754958 0.655774 -0.945430 -0.325825 0.472229 188.891559 0.823677 5.437719 200.000000 5.437719 0.787011 314.804560 0.567060 5.323843 200.000000 5.323843 0.002154 0.861614 -0.950071 21.713725 200.000000 21.713725 0.019022 7.608719 -0.312033 -12.786909 200.000000 -12.786909
 49.000000 0.548716 0.836009 -0.492493 -0.870316 0.580828 -2.626640 0.836009 0.548716 -0.870316 -0.492493 0.015209 6.083410 0.823677 5.437719 200.000000 5.437719 0.033650 13.459991 0.567060 5.323843 200.000000 5.323843 0.636085 254.434026 -0.950071 21.713725 200.000000 21.713725 3.256580 1302.631862 -0.312033 -12.786909 200.000000 -12.786909
 49.200000 0.639058 0.769159 -0.256587 -0.966521 0.693272 -2.882103 0.769159 0.639058 -0.966521 -0.256587 0.297218 118.887315 0.823677 5.437719 200.000000 5.437719 0.518368 207.347163 0.567060 5.323843 200.000000 5.323843 0.027060 10.824052 -0.950071 21.713725 200.000000 21.713725 0.307428 122.971380 -0.312033 -12.786909 200.000000 -12.786909
 49.400000 0.581056 0.813864 -0.294771 -0.955568 0.620026 -2.842377 0.813864 0.581056 -0.955568 -0.294771 0.009630 3.851854 0.823677 5.437719 200.000000 5.437719 0.019589 7.835780 0.567060 5.323843 200.000000 5.323843 0.003021 1.208587 -0.950071 21.713725 200.000000 21.713725 0.029799 11.919598 -0.312033 -12.786909 200.000000 -12.786909
 49.600000 0.619839 0.784729 -0.379957 -0.925004 0.668537 -2.751843 0.784729 0.619839 -0.925004 -0.379957 0.151690 60.676030 0.823677 5.437719 200.000000 5.437719 0.278562 111.424609 0.567060 5.323843 200.000000 5.323843 0.062836 25.134334 -0.950071 21.713725 200.000000 21.713725 0.461365 184.545819 -0.312033 -12.786909 200.000000 -12.786909
 49.800000 0.631737 0.775183 -0.314393 -0.949293 0.683791 -2.821775 0.775183 0.631737 -0.949293 -0.314393 0.235161 94.064410 0.823677 5.437719 200.000000 5.437719 0.418307 167.322840 0.567060 5.323843 200.000000 5.323843 0.000061 0.024233 -0.950071 21.713725 200.000000 21.713725 0.000557 0.222780 -0.312033 -12.786909 200.000000 -12.786909
 50.000000 0.614708 0.788755 -0.292917 -0.956138 0.662015 -2.844317 0.788755 0.614708 -0.956138 -0.292917 0.121952 48.780848 0.823677 5.437719 200.000000 5.437719 0.227032 90.812936 0.567060 5.323843 200.000000 5.323843 0.003681 1.472281 -0.950071 21.713725 200.000000 21.713725 0.036545 14.618160 -0.312033 -12.786909 200.000000 -12.786909
 50.200000 0.571309 0.820735 -0.320858 -0.947127 0.608100 -2.814958 0.820735 0.571309 -0.947127 -0.320858 0.000865 0.346079 0.823677 5.437719 200.000000 5.437719 0.001805 0.722156 0.567060 5.323843 200.000000 5.323843 0.000867 0.346611 -0.950071 21.713725 200.000000 21.713725 0.007787 3.114656 -0.312033 -12.786909 200.000000 -12.786909
 50.400000 0.557098 0.830447 -0.386226 -0.922404 0.590887 -2.745056 0.830447 0.557098 -0.922404 -0.386226 0.004583 1.833399 0.823677 5.437719 200.000000 5.437719 0.009924 3.969521 0.567060 5.323843 200.000000 5.323843 0.076545 30.618060 -0.950071 21.713725 200.000000 21.713725 0.550449 220.179416 -0.312033 -12.786909 200.000000 -12.786909
 50.600000 0.705812 0.708399 -0.384131 -0.923279 0.783569 -2.747326 0.708399 0.705812 -0.923279 -0.384131 1.328895 531.558167 0.823677 5.437719 200.000000 5.437719 1.925225 770.090007 0.567060 5.323843 200.000000 5.323843 0.071784 28.713580 -0.950071 21.713725 200.000000 21.713725 0.519806 207.922432 -0.312033 -12.786909 200.000000 -12.786909
 50.800000 0.625318 0.780370 -0.321492 -0.946912 0.675539 -2.814288 0.780370 0.625318 -0.946912 -0.321492 0.187546 75.018249 0.823677 5.437719 200.000000 5.437719 0.339401 135.760394 0.567060 5.323843 200.000000 5.323843 0.000998 0.399102 -0.950071 21.713725 200.000000 21.713725 0.008946 3.578358 -0.312033 -12.786909 200.000000 -12.786909
 51.000000 0.621668 0.783281 -0.347276 -0.937763 0.670871 -2.786928 0.783281 0.621668 -0.937763 -0.347276 0.163184 65.273618 0.823677 5.437719 200.000000 5.437719 0.298209 119.283695 0.567060 5.323843 200.000000 5.323843 0.015149 6.059605 -0.950071 21.713725 200.000000 21.713725 0.124203 49.681353 -0.312033 -12.786909 200.000000 -12.786909
 51.200000 0.585410 0.810738 -0.411161 -0.911563 0.625385 -2.717865 0.810738 0.585410 -0.911563 -0.411161 0.016741 6.696545 0.823677 5.437719 200.000000 5.437719 0.033671 13.468410 0.567060 5.323843 200.000000 5.323843 0.148290 59.315826 -0.950071 21.713725 200.000000 21.713725 0.982628 393.051023 -0.312033 -12.786909 200.000000 -12.786909
 51.400000 0.633615 0.773649 -0.262087 -0.965044 0.686217 -2.876408 0.773649 0.633615 -0.965044 -0.262087 0.250279 100.111594 0.823677 5.437719 200.000000 5.437719 0.442956 177.182333 0.567060 5.323843 200.000000 5.323843 0.022419 8.967771 -0.950071 21.713725 200.000000 21.713725 0.249464 99.785691 -0.312033 -12.786909 200.000000 -12.786909
 51.600000 0.607435 0.794369 -0.312686 -0.949857 0.652828 -2.823573 0.794369 0.607435 -0.949857 -0.312686 0.085891 34.356374 0.823677 5.437719 200.000000 5.437719 0.163015 65.205893 0.567060 5.323843 200.000000 5.323843 0.000005 0.001841 -0.950071 21.713725 200.000000 21.713725 0.000043 0.017027 -0.312033 -12.786909 200.000000 -12.786909
 51.800000 0.620386 0.784297 -0.411519 -0.911401 0.669234 -2.717472 0.784297 0.620386 -0.911401 -0.411519 0.155076 62.030513 0.823677 5.437719 200.000000 5.437719 0.284365 113.745881 0.567060 5.323843 200.000000 5.323843 0.149538 59.815245 -0.950071 21.713725 200.000000 21.713725 0.989747 395.898920 -0.312033 -12.786909 200.000000 -12.786909
 52.000000 0.640806 0.767703 -0.346671 -0.937987 0.695548 -2.787573 0.767703 0.640806 -0.937987 -0.346671 0.313308 125.323250 0.823677 5.437719 200.000000 5.437719 0.543853 217.541154 0.567060 5.323843 200.000000 5.323843 0.014603 5.841127 -0.950071 21.713725 200.000000 21.713725 0.119974 47.989535 -0.312033 -12.786909 200.000000 -12.786909
 52.200000 0.632813 0.774305 -0.280649 -0.959811 0.685181 -2.857123 0.774305 0.632813 -0.959811 -0.280649 0.243758 97.503102 0.823677 5.437719 200.000000 5.437719 0.432346 172.938407 0.567060 5.323843 200.000000 5.323843 0.009486 3.794296 -0.950071 21.713725 200.000000 21.713725 0.098501 39.400404 -0.312033 -12.786909 200.000000 -12.786909
 52.400000 0.663784 0.747925 -0.323156 -0.946346 0.725866 -2.812531 0.747925 0.663784 -0.946346 -0.323156 0.573834 229.533726 0.823677 5.437719 200.000000 5.437719 0.935547 374.218850 0.567060 5.323843 200.000000 5.323843 0.001388 0.555099 -0.950071 21.713725 200.000000 21.713725 0.012370 4.948026 -0.312033 -12.786909 200.000000 -12.786909
 52.600000 0.509896 0.860236 -0.438891 -0.898540 0.535064 -2.687228 0.860236 0.509896 -0.898540 -0.438891 0.133659 53.463777 0.823677 5.437719 200.000000 5.437719 0.326771 130.708225 0.567060 5.323843 200.000000 5.323843 0.265543 106.217127 -0.950071 21.713725 200.000000 21.713725 1.609286 643.714390 -0.312033 -12.786909 200.000000 -12.786909
 52.800000 0.644761 0.764384 -0.357049 -0.934086 0.700710 -2.776486 0.764384 0.644761 -0.934086 -0.357049 0.351556 140.622531 0.823677 5.437719 200.000000 5.437719 0.603744 241.497449 0.567060 5.323843 200.000000 5.323843 0.025554 10.221500 -0.950071 21.713725 200.000000 21.713725 0.202642 81.056741 -0.312033 -12.786909 200.000000 -12.786909
 53.000000 0.554858 0.831945 -0.366460 -0.930434 0.588193 -2.766391 0.831945 0.554858 -0.930434 -0.366460 0.006836 2.734576 0.823677 5.437719 200.000000 5.437719 0.014888 5.955110 0.567060 5.323843 200.000000 5.323843 0.038562 15.424847 -0.950071 21.713725 200.000000 21.713725 0.296223 118.489203 -0.312033 -12.786909 200.000000 -12.786909
 53.200000 0.690368 0.723458 -0.409452 -0.912332 0.761998 -2.719739 0.723458 0.690368 -0.912332 -0.409452 1.004373 401.749385 0.823677 5.437719 200.000000 5.437719 1.520496 608.198246 0.567060 5.323843 200.000000 5.323843 0.142428 56.971068 -0.950071 21.713725 200.000000 21.713725 0.949043 379.617314 -0.312033 -12.786909 200.000000 -12.786909
 53.400000 0.598248 0.801311 -0.315157 -0.949040 0.641313 -2.820971 0.801311 0.598248 -0.949040 -0.315157 0.050021 20.008518 0.823677 5.437719 200.000000 5.437719 0.097269 38.907548 0.567060 5.323843 200.000000 5.323843 0.000106 0.042554 -0.950071 21.713725 200.000000 21.713725 0.000975 0.390160 -0.312033 -12.786909 200.000000 -12.786909
 53.600000 0.658843 0.752280 -0.349062 -0.937099 0.719280 -2.785022 0.752280 0.658843 -0.937099 -0.349062 0.509741 203.896437 0.823677 5.437719 200.000000 5.437719 0.842415 336.966104 0.567060 5.323843 200.000000 5.323843 0.016826 6.730516 -0.950071 21.713725 200.000000 21.713725 0.137114 54.845615 -0.312033 -12.786909 200.000000 -12.786909
 53.800000 0.600045 0.799966 -0.426848 -0.904323 0.643558 -2.700588 0.799966 0.600045 -0.904323 -0.426848 0.056219 22.487696 0.823677 5.437719 200.000000 5.437719 0.108804 43.521695 0.567060 5.323843 200.000000 5.323843 0.209287 83.714842 -0.950071 21.713725 200.000000 21.713725 1.318247 527.298679 -0.312033 -12.786909 200.000000 -12.786909
 54.000000 0.647738 0.761863 -0.332277 -0.943182 0.704611 -2.802876 0.761863 0.647738 -0.943182 -0.332277 0.382088 152.835253 0.823677 5.437719 200.000000 5.437719 0.650894 260.357420 0.567060 5.323843 200.000000 5.323843 0.004746 1.898505 -0.950071 21.713725 200.000000 21.713725 0.040981 16.392246 -0.312033 -12.786909 200.000000 -12.786909
 54.200000 0.690516 0.723317 -0.304254 -0.952591 0.762202 -2.832437 0.723317 0.690516 -0.952591 -0.304254 1.007198 402.879340 0.823677 5.437719 200.000000 5.437719 1.524137 609.654726 0.567060 5.323843 200.000000 5.323843 0.000635 0.253959 -0.950071 21.713725 200.000000 21.713725 0.006051 2.420585 -0.312033 -12.786909 200.000000 -12.786909
 54.400000 0.501965 0.864888 -0.337858 -0.941197 0.525870 -2.796952 0.864888 0.501965 -0.941197 -0.337858 0.169835 67.934096 0.823677 5.437719 200.000000 5.437719 0.423728 169.491126 0.567060 5.323843 200.000000 5.323843 0.007875 3.149950 -0.950071 21.713725 200.000000 21.713725 0.066691 26.676461 -0.312033 -12.786909 200.000000 -12.786909
 54.600000 0.605757 0.795650 -0.264258 -0.964452 0.650716 -2.874159 0.795650 0.605757 -0.964452 -0.264258 0.078549 31.419586 0.823677 5.437719 200.000000 5.437719 0.149744 59.897572 0.567060 5.323843 200.000000 5.323843 0.020681 8.272558 -0.950071 21.713725 200.000000 21.713725 0.228253 91.301397 -0.312033 -12.786909 200.000000 -12.786909
 54.800000 0.551199 0.834374 -0.342379 -0.939562 0.583800 -2.792145 0.834374 0.551199 -0.939562 -0.342379 0.011443 4.577397 0.823677 5.437719 200.000000 5.437719 0.025158 10.063051 0.567060 5.323843 200.000000 5.323843 0.011044 4.417679 -0.950071 21.713725 200.000000 21.713725 0.092084 36.833774 -0.312033 -12.786909 200.000000 -12.786909
 55.000000 0.660837 0.750530 -0.408365 -0.912819 0.721933 -2.720930 0.750530 0.660837 -0.912819 -0.408365 0.535047 214.018726 0.823677 5.437719 200.000000 5.437719 0.879410 351.764053 0.567060 5.323843 200.000000 5.323843 0.138774 55.509648 -0.950071 21.713725 200.000000 21.713725 0.927977 371.190854 -0.312033 -12.786909 200.000000 -12.786909
 55.200000 0.572519 0.819891 -0.288028 -0.957622 0.609575 -2.849426 0.819891 0.572519 -0.957622 -0.288028 0.001433 0.573109 0.823677 5.437719 200.000000 5.437719 0.002980 1.192130 0.567060 5.323843 200.000000 5.323843 0.005702 2.280690 -0.950071 21.713725 200.000000 21.713725 0.057628 23.051143 -0.312033 -12.786909 200.000000 -12.786909
 55.400000 0.621545 0.783378 -0.413852 -0.910344 0.670714 -2.714912 0.783378 0.621545 -0.910344 -0.413852 0.162395 64.958193 0.823677 5.437719 200.000000 5.437719 0.296866 118.746314 0.567060 5.323843 200.000000 5.323843 0.157822 63.128874 -0.950071 21.713725 200.000000 21.713725 1.036697 414.678938 -0.312033 -12.786909 200.000000 -12.786909
 55.600000 0.543531 0.839389 -0.282969 -0.959129 0.574638 -2.854704 0.839389 0.543531 -0.959129 -0.282969 0.024689 9.875401 0.823677 5.437719 200.000000 5.437719 0.055361 22.144478 0.567060 5.323843 200.000000 5.323843 0.008205 3.281842 -0.950071 21.713725 200.000000 21.713725 0.084474 33.789595 -0.312033 -12.786909 200.000000 -12.786909
 55.800000 0.539495 0.841989 -0.285882 -0.958265 0.569837 -2.851666 0.841989 0.539495 -0.958265 -0.285882 0.033534 13.413464 0.823677 5.437719 200.000000 5.437719 0.075982 30.392786 0.567060 5.323843 200.000000 5.323843 0.006714 2.685491 -0.950071 21.713725 200.000000 21.713725 0.068390 27.356083 -0.312033 -12.786909 200.000000 -12.786909
 56.000000 0.657860 0.753140 -0.365576 -0.930782 0.717974 -2.767342 0.753140 0.657860 -0.930782 -0.365576 0.497536 199.014579 0.823677 5.437719 200.000000 5.437719 0.824465 329.785937 0.567060 5.323843 200.000000 5.323843 0.037208 14.883340 -0.950071 21.713725 200.000000 21.713725 0.286676 114.670478 -0.312033 -12.786909 200.000000 -12.786909
 56.200000 0.674776 0.738023 -0.305657 -0.952142 0.740661 -2.830964 0.738023 0.674776 -0.952142 -0.305657 0.733657 293.462645 0.823677 5.437719 200.000000 5.437719 1.160271 464.108473 0.567060 5.323843 200.000000 5.323843 0.000429 0.171492 -0.950071 21.713725 200.000000 21.713725 0.004066 1.626370 -0.312033 -12.786909 200.000000 -12.786909
 56.400000 0.715922 0.698180 -0.221656 -0.975125 0.797944 -2.918080 0.698180 0.715922 -0.975125 -0.221656 1.574937 629.974758 0.823677 5.437719 200.000000 5.437719 2.215999 886.399499 0.567060 5.323843 200.000000 5.323843 0.062769 25.107701 -0.950071 21.713725 200.000000 21.713725 0.816807 326.722864 -0.312033 -12.786909 200.000000 -12.786909
 56.600000 0.604281 0.796771 -0.318746 -0.947840 0.648863 -2.817186 0.796771 0.604281 -0.947840 -0.318746 0.072390 28.955993 0.823677 5.437719 200.000000 5.437719 0.138542 55.416854 0.567060 5.323843 200.000000 5.323843 0.000498 0.199102 -0.950071 21.713725 200.000000 21.713725 0.004506 1.802490 -0.312033 -12.786909 200.000000 -12.786909
 56.800000 0.579378 0.815059 -0.350514 -0.936558 0.617966 -2.783473 0.815059 0.579378 -0.936558 -0.350514 0.007427 2.970691 0.823677 5.437719 200.000000 5.437719 0.015174 6.069791 0.567060 5.323843 200.000000 5.323843 0.018261 7.304555 -0.950071 21.713725 200.000000 21.713725 0.148072 59.228843 -0.312033 -12.786909 200.000000 -12.786909
 57.000000 0.566903 0.823784 -0.317637 -0.948212 0.602742 -2.818356 0.823784 0.566903 -0.948212 -0.317637 0.000001 0.000465 0.823677 5.437719 200.000000 5.437719 0.000002 0.000982 0.567060 5.323843 200.000000 5.323843 0.000345 0.138184 -0.950071 21.713725 200.000000 21.713725 0.003140 1.255897 -0.312033 -12.786909 200.000000 -12.786909
 57.200000 0.705877 0.708334 -0.279185 -0.960237 0.783661 -2.858648 0.708334 0.705877 -0.960237 -0.279185 1.330384 532.153757 0.823677 5.437719 200.000000 5.437719 1.927024 770.809408 0.567060 5.323843 200.000000 5.323843 0.010335 4.134121 -0.950071 21.713725 200.000000 21.713725 0.107903 43.161304 -0.312033 -12.786909 200.000000 -12.786909
 57.400000 0.648080 0.761572 -0.389033 -0.921224 0.705061 -2.742012 0.761572 0.648080 -0.921224 -0.389033 0.385696 154.278311 0.823677 5.437719 200.000000 5.437719 0.656428 262.571206 0.567060 5.323843 200.000000 5.323843 0.083215 33.286188 -0.950071 21.713725 200.000000 21.713725 0.592886 237.154239 -0.312033 -12.786909 200.000000 -12.786909
 57.600000 0.519277 0.854606 -0.416064 -0.909335 0.546005 -2.712480 0.854606 0.519277 -0.909335 -0.416064 0.095662 38.264826 0.823677 5.437719 200.000000 5.437719 0.228318 91.327307 0.567060 5.323843 200.000000 5.323843 0.165940 66.375890 -0.950071 21.713725 200.000000 21.713725 1.082232 432.892705 -0.312033 -12.786909 200.000000 -12.786909
 57.800000 0.582012 0.813180 -0.264209 -0.964466 0.621201 -2.874209 0.813180 0.582012 -0.964466 -0.264209 0.011018 4.407034 0.823677 5.437719 200.000000 5.437719 0.022357 8.942795 0.567060 5.323843 200.000000 5.323843 0.020720 8.287942 -0.950071 21.713725 200.000000 21.713725 0.228720 91.487950 -0.312033 -12.786909 200.000000 -12.786909
 58.000000 0.545359 0.838203 -0.320102 -0.947383 0.576817 -2.815756 0.838203 0.545359 -0.947383 -0.320102 0.021100 8.440128 0.823677 5.437719 200.000000 5.437719 0.047092 18.836974 0.567060 5.323843 200.000000 5.323843 0.000722 0.288997 -0.950071 21.713725 200.000000 21.713725 0.006510 2.603847 -0.312033 -12.786909 200.000000 -12.786909
 58.200000 0.615105 0.788445 -0.355007 -0.934864 0.662519 -2.778671 0.788445 0.615105 -0.934864 -0.355007 0.124124 49.649744 0.823677 5.437719 200.000000 5.437719 0.230832 92.332958 0.567060 5.323843 200.000000 5.323843 0.023127 9.250755 -0.950071 21.713725 200.000000 21.713725 0.184674 73.869525 -0.312033 -12.786909 200.000000 -12.786909
 58.400000 0.542586 0.840000 -0.361940 -0.932201 0.573512 -2.771245 0.840000 0.542586 -0.932201 -0.361940 0.026647 10.658688 0.823677 5.437719 200.000000 5.437719 0.059898 23.959247 0.567060 5.323843 200.000000 5.323843 0.031932 12.772950 -0.950071 21.713725 200.000000 21.713725 0.249064 99.625612 -0.312033 -12.786909 200.000000 -12.786909
 58.600000 0.663405 0.748260 -0.317555 -0.948240 0.725360 -2.818443 0.748260 0.663405 -0.948240 -0.317555 0.568760 227.504022 0.823677 5.437719 200.000000 5.437719 0.928241 371.296462 0.567060 5.323843 200.000000 5.323843 0.000335 0.134118 -0.950071 21.713725 200.000000 21.713725 0.003048 1.219299 -0.312033 -12.786909 200.000000 -12.786909
 58.800000 0.623695 0.781668 -0.293649 -0.955913 0.673461 -2.843551 0.781668 0.623695 -0.955913 -0.293649 0.176472 70.588993 0.823677 5.437719 200.000000 5.437719 0.320752 128.300664 0.567060 5.323843 200.000000 5.323843 0.003413 1.365256 -0.950071 21.713725 200.000000 21.713725 0.033799 13.519566 -0.312033 -12.786909 200.000000 -12.786909
 59.000000 0.670626 0.741796 -0.331271 -0.943536 0.735052 -2.803942 0.741796 0.670626 -0.943536 -0.331271 0.670442 268.176655 0.823677 5.437719 200.000000 5.437719 1.072584 429.033721 0.567060 5.323843 200.000000 5.323843 0.004271 1.708470 -0.950071 21.713725 200.000000 21.713725 0.037008 14.803142 -0.312033 -12.786909 200.000000 -12.786909
 59.200000 0.576985 0.816755 -0.326635 -0.945151 0.615032 -2.808852 0.816755 0.576985 -0.945151 -0.326635 0.004791 1.916412 0.823677 5.437719 200.000000 5.437719 0.009851 3.940208 0.567060 5.323843 200.000000 5.323843 0.002421 0.968483 -0.950071 21.713725 200.000000 21.713725 0.021321 8.528268 -0.312033 -12.786909 200.000000 -12.786909
 59.400000 0.685606 0.727972 -0.393684 -0.919246 0.755436 -2.736957 0.727972 0.685606 -0.919246 -0.393684 0.915930 366.372001 0.823677 5.437719 200.000000 5.437719 1.405330 562.132098 0.567060 5.323843 200.000000 5.323843 0.095021 38.008236 -0.950071 21.713725 200.000000 21.713725 0.666686 266.674489 -0.312033 -12.786909 200.000000 -12.786909
 59.600000 0.687100 0.726563 -0.371364 -0.928487 0.757490 -2.761115 0.726563 0.687100 -0.928487 -0.371364 0.943103 377.241121 0.823677 5.437719 200.000000 5.437719 1.440957 576.382924 0.567060 5.323843 200.000000 5.323843 0.046586 18.634450 -0.950071 21.713725 200.000000 21.713725 0.352013 140.805324 -0.312033 -12.786909 200.000000 -12.786909
 59.800000 0.677220 0.735780 -0.365978 -0.930623 0.743978 -2.766909 0.735780 0.677220 -0.930623 -0.365978 0.772574 309.029432 0.823677 5.437719 200.000000 5.437719 1.213530 485.411852 0.567060 5.323843 200.000000 5.323843 0.037822 15.128630 -0.950071 21.713725 200.000000 21.713725 0.291006 116.402292 -0.312033 -12.786909 200.000000 -12.786909
 60.000000 0.573913 0.818916 -0.373266 -0.927724 0.611276 -2.759065 0.818916 0.573913 -0.927724 -0.373266 0.002266 0.906346 0.823677 5.437719 200.000000 5.437719 0.004696 1.878466 0.567060 5.323843 200.000000 5.323843 0.049938 19.975305 -0.950071 21.713725 200.000000 21.713725 0.374946 149.978438 -0.312033 -12.786909 200.000000 -12.786909
 60.200000 0.617889 0.786265 -0.419932 -0.907555 0.666056 -2.708222 0.786265 0.617889 -0.907555 -0.419932 0.139963 55.985091 0.823677 5.437719 200.000000 5.437719 0.258365 103.345857 0.567060 5.323843 200.000000 5.323843 0.180758 72.303366 -0.950071 21.713725 200.000000 21.713725 1.164217 465.686659 -0.312033 -12.786909 200.000000 -12.786909
 60.400000 0.673917 0.738807 -0.344756 -0.938692 0.739498 -2.789614 0.738807 0.673917 -0.938692 -0.344756 0.720289 288.115499 0.823677 5.437719 200.000000 5.437719 1.141852 456.740795 0.567060 5.323843 200.000000 5.323843 0.012947 5.178931 -0.950071 21.713725 200.000000 21.713725 0.107074 42.829553 -0.312033 -12.786909 200.000000 -12.786909
 60.600000 0.643565 0.765392 -0.320295 -0.947318 0.699147 -2.815552 0.765392 0.643565 -0.947318 -0.320295 0.339715 135.885961 0.823677 5.437719 200.000000 5.437719 0.585303 234.121055 0.567060 5.323843 200.000000 5.323843 0.000758 0.303218 -0.950071 21.713725 200.000000 21.713725 0.006825 2.730123 -0.312033 -12.786909 200.000000 -12.786909
 60.800000 0.577466 0.816415 -0.326187 -0.945305 0.615621 -2.809326 0.816415 0.577466 -0.945305 -0.326187 0.005273 2.109321 0.823677 5.437719 200.000000 5.437719 0.010828 4.331394 0.567060 5.323843 200.000000 5.323843 0.002271 0.908525 -0.950071 21.713725 200.000000 21.713725 0.020032 8.012838 -0.312033 -12.786909 200.000000 -12.786909
 61.000000 0.584998 0.811035 -0.379413 -0.925227 0.624877 -2.752430 0.811035 0.584998 -0.925227 -0.379413 0.015981 6.392433 0.823677 5.437719 200.000000 5.437719 0.032177 12.870637 0.567060 5.323843 200.000000 5.323843 0.061722 24.688707 -0.950071 21.713725 200.000000 21.713725 0.454006 181.602360 -0.312033 -12.786909 200.000000 -12.786909
 61.200000 0.564253 0.825602 -0.347574 -0.937653 0.599528 -2.786610 0.825602 0.564253 -0.937653 -0.347574 0.000371 0.148263 0.823677 5.437719 200.000000 5.437719 0.000788 0.315105 0.567060 5.323843 200.000000 5.323843 0.015422 6.168850 -0.950071 21.713725 200.000000 21.713725 0.126314 50.525415 -0.312033 -12.786909 200.000000 -12.786909
 61.400000 0.654102 0.756406 -0.322851 -0.946450 0.712995 -2.812853 0.756406 0.654102 -0.946450 -0.322851 0.452531 181.012576 0.823677 5.437719 200.000000 5.437719 0.757638 303.055195 0.567060 5.323843 200.000000 5.323843 0.001311 0.524519 -0.950071 21.713725 200.000000 21.713725 0.011701 4.680454 -0.312033 -12.786909 200.000000 -12.786909
 61.600000 0.598473 0.801143 -0.441644 -0.897190 0.641594 -2.684162 0.801143 0.598473 -0.897190 -0.441644 0.050776 20.310421 0.823677 5.437719 200.000000 5.437719 0.098678 39.471193 0.567060 5.323843 200.000000 5.323843 0.279639 111.855650 -0.950071 21.713725 200.000000 21.713725 1.679899 671.959574 -0.312033 -12.786909 200.000000 -12.786909
 61.800000 0.608213 0.793774 -0.290904 -0.956752 0.653807 -2.846421 0.793774 0.608213 -0.956752 -0.290904 0.089417 35.766942 0.823677 5.437719 200.000000 5.437719 0.169358 67.743298 0.567060 5.323843 200.000000 5.323843 0.004464 1.785502 -0.950071 21.713725 200.000000 21.713725 0.044645 17.858161 -0.312033 -12.786909 200.000000 -12.786909
 62.000000 0.569905 0.821710 -0.408357 -0.912822 0.606391 -2.720939 0.821710 0.569905 -0.912822 -0.408357 0.000387 0.154640 0.823677 5.437719 200.000000 5.437719 0.000810 0.323864 0.567060 5.323843 200.000000 5.323843 0.138748 55.499351 -0.950071 21.713725 200.000000 21.713725 0.927828 371.131332 -0.312033 -12.786909 200.000000 -12.786909
 62.200000 0.611312 0.791390 -0.278615 -0.960403 0.657717 -2.859240 0.791390 0.611312 -0.960403 -0.278615 0.104244 41.697401 0.823677 5.437719 200.000000 5.437719 0.195824 78.329463 0.567060 5.323843 200.000000 5.323843 0.010674 4.269701 -0.950071 21.713725 200.000000 21.713725 0.111676 44.670507 -0.312033 -12.786909 200.000000 -12.786909
 62.400000 0.622796 0.782384 -0.339731 -0.940522 0.672311 -2.794961 0.782384 0.622796 -0.940522 -0.339731 0.170504 68.201634 0.823677 5.437719 200.000000 5.437719 0.310649 124.259704 0.567060 5.323843 200.000000 5.323843 0.009118 3.647054 -0.950071 21.713725 200.000000 21.713725 0.076718 30.687153 -0.312033 -12.786909 200.000000 -12.786909
 62.600000 0.574600 0.818434 -0.388015 -0.921653 0.612115 -2.743115 0.818434 0.574600 -0.921653 -0.388015 0.002748 1.099249 0.823677 5.437719 200.000000 5.437719 0.005685 2.274194 0.567060 5.323843 200.000000 5.323843 0.080760 32.303805 -0.950071 21.713725 200.000000 21.713725 0.577325 230.930155 -0.312033 -12.786909 200.000000 -12.786909
 62.800000 0.658698 0.752408 -0.354413 -0.935089 0.719087 -2.779306 0.752408 0.658698 -0.935089 -0.354413 0.507927 203.170822 0.823677 5.437719 200.000000 5.437719 0.839752 335.900685 0.567060 5.323843 200.000000 5.323843 0.022446 8.978544 -0.950071 21.713725 200.000000 21.713725 0.179602 71.840927 -0.312033 -12.786909 200.000000 -12.786909
 63.000000 0.624551 0.780984 -0.321995 -0.946741 0.674556 -2.813757 0.780984 0.624551 -0.946741 -0.321995 0.182265 72.905823 0.823677 5.437719 200.000000 5.437719 0.330522 132.208641 0.567060 5.323843 200.000000 5.323843 0.001109 0.443474 -0.950071 21.713725 200.000000 21.713725 0.009923 3.969167 -0.312033 -12.786909 200.000000 -12.786909
 63.200000 0.646146 0.763213 -0.356405 -0.934332 0.702524 -2.777175 0.763213 0.646146 -0.934332 -0.356405 0.365578 146.231400 0.823677 5.437719 200.000000 5.437719 0.625468 250.187174 0.567060 5.323843 200.000000 5.323843 0.024774 9.909416 -0.950071 21.713725 200.000000 21.713725 0.196885 78.753959 -0.312033 -12.786909 200.000000 -12.786909
 63.400000 0.534940 0.844890 -0.209478 -0.977813 0.564436 -2.930552 0.844890 0.534940 -0.977813 -0.209478 0.045002 18.000766 0.823677 5.437719 200.000000 5.437719 0.103170 41.268183 0.567060 5.323843 200.000000 5.323843 0.076963 30.785349 -0.950071 21.713725 200.000000 21.713725 1.051765 420.705962 -0.312033 -12.786909 200.000000 -12.786909
 63.600000 0.584055 0.811714 -0.310360 -0.950619 0.623716 -2.826021 0.811714 0.584055 -0.950619 -0.310360 0.014310 5.724173 0.823677 5.437719 200.000000 5.437719 0.028884 11.553624 0.567060 5.323843 200.000000 5.323843 0.000030 0.012007 -0.950071 21.713725 200.000000 21.713725 0.000280 0.111974 -0.312033 -12.786909 200.000000 -12.786909
 63.800000 0.611823 0.790995 -0.377397 -0.926052 0.658363 -2.754609 0.790995 0.611823 -0.926052 -0.377397 0.106810 42.724136 0.823677 5.437719 200.000000 5.437719 0.200373 80.149399 0.567060 5.323843 200.000000 5.323843 0.057694 23.077569 -0.950071 21.713725 200.000000 21.713725 0.427240 170.895877 -0.312033 -12.786909 200.000000 -12.786909
 64.000000 0.626820 0.779164 -0.342483 -0.939524 0.677465 -2.792035 0.779164 0.626820 -0.939524 -0.342483 0.198137 79.254889 0.823677 5.437719 200.000000 5.437719 0.357129 142.851676 0.567060 5.323843 200.000000 5.323843 0.011124 4.449524 -0.950071 21.713725 200.000000 21.713725 0.092715 37.086049 -0.312033 -12.786909 200.000000 -12.786909
 64.200000 0.659718 0.751513 -0.304778 -0.952423 0.720443 -2.831887 0.751513 0.659718 -0.952423 -0.304778 0.520753 208.301275 0.823677 5.437719 200.000000 5.437719 0.858551 343.420333 0.567060 5.323843 200.000000 5.323843 0.000553 0.221318 -0.950071 21.713725 200.000000 21.713725 0.005264 2.105519 -0.312033 -12.786909 200.000000 -12.786909
 64.400000 0.627196 0.778861 -0.280923 -0.959730 0.677948 -2.856837 0.778861 0.627196 -0.959730 -0.280923 0.200840 80.335809 0.823677 5.437719 200.000000 5.437719 0.361636 144.654216 0.567060 5.323843 200.000000 5.323843 0.009330 3.732049 -0.950071 21.713725 200.000000 21.713725 0.096787 38.714938 -0.312033 -12.786909 200.000000 -12.786909
 64.600000 0.600656 0.799508 -0.362364 -0.932036 0.644321 -2.770789 0.799508 0.600656 -0.932036 -0.362364 0.058414 23.365485 0.823677 5.437719 200.000000 5.437719 0.112869 45.147754 0.567060 5.323843 200.000000 5.323843 0.032525 13.009923 -0.950071 21.713725 200.000000 21.713725 0.253321 101.328403 -0.312033 -12.786909 200.000000 -12.786909
 64.800000 0.584303 0.811536 -0.354150 -0.935188 0.624020 -2.779587 0.811536 0.584303 -0.935188 -0.354150 0.014740 5.895849 0.823677 5.437719 200.000000 5.437719 0.029731 11.892430 0.567060 5.323843 200.000000 5.323843 0.022149 8.859716 -0.950071 21.713725 200.000000 21.713725 0.177384 70.953516 -0.312033 -12.786909 200.000000 -12.786909
 65.000000 0.595357 0.803461 -0.347895 -0.937533 0.637710 -2.786268 0.803461 0.595357 -0.937533 -0.347895 0.040866 16.346257 0.823677 5.437719 200.000000 5.437719 0.080072 32.028993 0.567060 5.323843 200.000000 5.323843 0.015719 6.287679 -0.950071 21.713725 200.000000 21.713725 0.128605 51.442101 -0.312033 -12.786909 200.000000 -12.786909
 65.200000 0.641412 0.767197 -0.292045 -0.956404 0.696337 -2.845228 0.767197 0.641412 -0.956404 -0.292045 0.318994 127.597603 0.823677 5.437719 200.000000 5.437719 0.552817 221.126676 0.567060 5.323843 200.000000 5.323843 0.004011 1.604435 -0.950071 21.713725 200.000000 21.713725 0.039952 15.980753 -0.312033 -12.786909 200.000000 -12.786909
 65.400000 0.636153 0.771563 -0.373966 -0.927442 0.689502 -2.758311 0.771563 0.636153 -0.927442 -0.373966 0.271584 108.633419 0.823677 5.437719 200.000000 5.437719 0.477387 190.954664 0.567060 5.323843 200.000000 5.323843 0.051205 20.482194 -0.950071 21.713725 200.000000 21.713725 0.383562 153.424728 -0.312033 -12.786909 200.000000 -12.786909
 65.600000 0.673905 0.738818 -0.305045 -0.952338 0.739482 -2.831607 0.738818 0.673905 -0.952338 -0.305045 0.720103 288.041307 0.823677 5.437719 200.000000 5.437719 1.141596 456.638385 0.567060 5.323843 200.000000 5.323843 0.000514 0.205559 -0.950071 21.713725 200.000000 21.713725 0.004884 1.953723 -0.312033 -12.786909 200.000000 -12.786909
 65.800000 0.661517 0.749930 -0.276863 -0.960910 0.722840 -2.861065 0.749930 0.661517 -0.960910 -0.276863 0.543854 217.541701 0.823677 5.437719 200.000000 5.437719 0.892216 356.886557 0.567060 5.323843 200.000000 5.323843 0.011747 4.698835 -0.950071 21.713725 200.000000 21.713725 0.123699 49.479520 -0.312033 -12.786909 200.000000 -12.786909
 66.000000 0.580804 0.814043 -0.377650 -0.925948 0.619716 -2.754335 0.814043 0.580804 -0.925948 -0.377650 0.009280 3.712029 0.823677 5.437719 200.000000 5.437719 0.018891 7.556307 0.567060 5.323843 200.000000 5.323843 0.058191 23.276550 -0.950071 21.713725 200.000000 21.713725 0.430559 172.223752 -0.312033 -12.786909 200.000000 -12.786909
 66.200000 0.683280 0.730156 -0.339744 -0.940518 0.752245 -2.794947 0.730156 0.683280 -0.940518 -0.339744 0.874601 349.840542 0.823677 5.437719 200.000000 5.437719 1.350712 540.284726 0.567060 5.323843 200.000000 5.323843 0.009127 3.650652 -0.950071 21.713725 200.000000 21.713725 0.076790 30.716052 -0.312033 -12.786909 200.000000 -12.786909
 66.400000 0.655467 0.755224 -0.337185 -0.941438 0.714800 -2.797667 0.755224 0.655467 -0.941438 -0.337185 0.468574 187.429799 0.823677 5.437719 200.000000 5.437719 0.781577 312.630717 0.567060 5.323843 200.000000 5.323843 0.007453 2.981011 -0.950071 21.713725 200.000000 21.713725 0.063261 25.304543 -0.312033 -12.786909 200.000000 -12.786909
 66.600000 0.589299 0.807915 -0.307170 -0.951655 0.630190 -2.829375 0.807915 0.589299 -0.951655 -0.307170 0.024842 9.936721 0.823677 5.437719 200.000000 5.437719 0.049456 19.782501 0.567060 5.323843 200.000000 5.323843 0.000251 0.100292 -0.950071 21.713725 200.000000 21.713725 0.002365 0.946012 -0.312033 -12.786909 200.000000 -12.786909
 66.800000 0.544184 0.838966 -0.246035 -0.969261 0.575416 -2.893005 0.838966 0.544184 -0.969261 -0.246035 0.023377 9.350636 0.823677 5.437719 200.000000 5.437719 0.052331 20.932460 0.567060 5.323843 200.000000 5.323843 0.036825 14.729905 -0.950071 21.713725 200.000000 21.713725 0.435577 174.230797 -0.312033 -12.786909 200.000000 -12.786909
 67.000000 0.618582 0.785720 -0.407062 -0.913400 0.666937 -2.722357 0.785720 0.618582 -0.913400 -0.407062 0.144069 57.627647 0.823677 5.437719 200.000000 5.437719 0.265454 106.181771 0.567060 5.323843 200.000000 5.323843 0.134474 53.789573 -0.950071 21.713725 200.000000 21.713725 0.903047 361.218745 -0.312033 -12.786909 200.000000 -12.786909
 67.200000 0.636631 0.771169 -0.280444 -0.959870 0.690121 -2.857336 0.771169 0.636631 -0.959870 -0.280444 0.275705 110.281999 0.823677 5.437719 200.000000 5.437719 0.484008 193.603097 0.567060 5.323843 200.000000 5.323843 0.009603 3.841023 -0.950071 21.713725 200.000000 21.713725 0.099789 39.915667 -0.312033 -12.786909 200.000000 -12.786909
 67.400000 0.637721 0.770267 -0.346441 -0.938072 0.691536 -2.787818 0.770267 0.637721 -0.938072 -0.346441 0.285257 114.102896 0.823677 5.437719 200.000000 5.437719 0.499305 199.722135 0.567060 5.323843 200.000000 5.323843 0.014398 5.759388 -0.950071 21.713725 200.000000 21.713725 0.118388 47.355254 -0.312033 -12.786909 200.000000 -12.786909
 67.600000 0.583204 0.812326 -0.364448 -0.931224 0.622667 -2.768553 0.812326 0.583204 -0.931224 -0.364448 0.012884 5.153556 0.823677 5.437719 200.000000 5.437719 0.026063 10.425096 0.567060 5.323843 200.000000 5.323843 0.035522 14.208772 -0.950071 21.713725 200.000000 21.713725 0.274725 109.890190 -0.312033 -12.786909 200.000000 -12.786909
 67.800000 0.591429 0.806357 -0.255024 -0.966935 0.632830 -2.883720 0.806357 0.591429 -0.966935 -0.255024 0.029997 11.998857 0.823677 5.437719 200.000000 5.437719 0.059387 23.754670 0.567060 5.323843 200.000000 5.323843 0.028438 11.375114 -0.950071 21.713725 200.000000 21.713725 0.325003 130.001364 -0.312033 -12.786909 200.000000 -12.786909
 68.000000 0.524298 0.851535 -0.324480 -0.945893 0.551890 -2.811131 0.851535 0.524298 -0.945893 -0.324480 0.077609 31.043588 0.823677 5.437719 200.000000 5.437719 0.182859 73.143715 0.567060 5.323843 200.000000 5.323843 0.001746 0.698389 -0.950071 21.713725 200.000000 21.713725 0.015491 6.196445 -0.312033 -12.786909 200.000000 -12.786909
 68.200000 0.590071 0.807351 -0.341938 -0.939723 0.631147 -2.792615 0.807351 0.590071 -0.939723 -0.341938 0.026651 10.660352 0.823677 5.437719 200.000000 5.437719 0.052950 21.180178 0.567060 5.323843 200.000000 5.323843 0.010709 4.283623 -0.950071 21.713725 200.000000 21.713725 0.089426 35.770340 -0.312033 -12.786909 200.000000 -12.786909
 68.400000 0.639162 0.769072 -0.311946 -0.950100 0.693408 -2.824353 0.769072 0.639162 -0.950100 -0.311946 0.298162 119.264796 0.823677 5.437719 200.000000 5.437719 0.519868 207.947040 0.567060 5.323843 200.000000 5.323843 0.000000 0.000033 -0.950071 21.713725 200.000000 21.713725 0.000001 0.000309 -0.312033 -12.786909 200.000000 -12.786909
 68.600000 0.594086 0.804402 -0.331468 -0.943467 0.636128 -2.803734 0.804402 0.594086 -0.943467 -0.331468 0.037152 14.860685 0.823677 5.437719 200.000000 5.437719 0.073039 29.215692 0.567060 5.323843 200.000000 5.323843 0.004362 1.744775 -0.950071 21.713725 200.000000 21.713725 0.037768 15.107373 -0.312033 -12.786909 200.000000 -12.786909
 68.800000 0.624319 0.781170 -0.310409 -0.950603 0.674259 -2.825969 0.781170 0.624319 -0.950603 -0.310409 0.180684 72.273577 0.823677 5.437719 200.000000 5.437719 0.327859 131.143496 0.567060 5.323843 200.000000 5.323843 0.000028 0.011319 -0.950071 21.713725 200.000000 21.713725 0.000264 0.105543 -0.312033 -12.786909 200.000000 -12.786909
 69.000000 0.595514 0.803345 -0.249249 -0.968439 0.637906 -2.889688 0.803345 0.595514 -0.968439 -0.249249 0.041338 16.535386 0.823677 5.437719 200.000000 5.437719 0.080965 32.386163 0.567060 5.323843 200.000000 5.323843 0.033740 13.495855 -0.950071 21.713725 200.000000 21.713725 0.394190 157.676193 -0.312033 -12.786909 200.000000 -12.786909
 69.200000 0.698778 0.715338 -0.268942 -0.963156 0.773688 -2.869298 0.715338 0.698778 -0.963156 -0.268942 1.173721 469.488514 0.823677 5.437719 200.000000 5.437719 1.734978 693.991362 0.567060 5.323843 200.000000 5.323843 0.017122 6.848886 -0.950071 21.713725 200.000000 21.713725 0.185685 74.274068 -0.312033 -12.786909 200.000000 -12.786909
 69.400000 0.629960 0.776628 -0.396014 -0.918245 0.681501 -2.734421 0.776628 0.629960 -0.918245 -0.396014 0.221359 88.543464 0.823677 5.437719 200.000000 5.437719 0.395639 158.255640 0.567060 5.323843 200.000000 5.323843 0.101293 40.517183 -0.950071 21.713725 200.000000 21.713725 0.705270 282.107934 -0.312033 -12.786909 200.000000 -12.786909
 69.600000 0.606893 0.794784 -0.343988 -0.938974 0.652146 -2.790432 0.794784 0.606893 -0.938974 -0.343988 0.083481 33.392402 0.823677 5.437719 200.000000 5.437719 0.158668 63.467337 0.567060 5.323843 200.000000 5.323843 0.012314 4.925779 -0.950071 21.713725 200.000000 21.713725 0.102109 40.843561 -0.312033 -12.786909 200.000000 -12.786909
 69.800000 0.657881 0.753122 -0.284396 -0.958707 0.718002 -2.853216 0.753122 0.657881 -0.958707 -0.284396 0.497801 199.120588 0.823677 5.437719 200.000000 5.437719 0.824855 329.942158 0.567060 5.323843 200.000000 5.323843 0.007458 2.983068 -0.950071 21.713725 200.000000 21.713725 0.076383 30.553136 -0.312033 -12.786909 200.000000 -12.786909
 70.000000 0.585614 0.810590 -0.362152 -0.932119 0.625638 -2.771017 0.810590 0.585614 -0.932119 -0.362152 0.017126 6.850466 0.823677 5.437719 200.000000 5.437719 0.034426 13.770597 0.567060 5.323843 200.000000 5.323843 0.032228 12.891249 -0.950071 21.713725 200.000000 21.713725 0.251190 100.476099 -0.312033 -12.786909 200.000000 -12.786909
 70.200000 0.599920 0.800060 -0.325827 -0.945429 0.643401 -2.809706 0.800060 0.599920 -0.945429 -0.325827 0.055774 22.309755 0.823677 5.437719 200.000000 5.437719 0.107979 43.191592 0.567060 5.323843 200.000000 5.323843 0.002155 0.861860 -0.950071 21.713725 200.000000 21.713725 0.019027 7.610838 -0.312033 -12.786909 200.000000 -12.786909
 70.400000 0.644217 0.764843 -0.374687 -0.927151 0.699999 -2.757534 0.764843 0.644217 -0.927151 -0.374687 0.346143 138.457333 0.823677 5.437719 200.000000 5.437719 0.595325 238.129911 0.567060 5.323843 200.000000 5.323843 0.052531 21.012577 -0.950071 21.713725 200.000000 21.713725 0.392546 157.018529 -0.312033 -12.786909 200.000000 -12.786909
 70.600000 0.648239 0.761437 -0.354024 -0.935236 0.705269 -2.779722 0.761437 0.648239 -0.935236 -0.354024 0.387377 154.950723 0.823677 5.437719 200.000000 5.437719 0.659004 263.601713 0.567060 5.323843 200.000000 5.323843 0.022007 8.802946 -0.950071 21.713725 200.000000 21.713725 0.176323 70.529149 -0.312033 -12.786909 200.000000 -12.786909
 70.800000 0.653471 0.756951 -0.306489 -0.951874 0.712161 -2.830090 0.756951 0.653471 -0.951874 -0.306489 0.445228 178.091067 0.823677 5.437719 200.000000 5.437719 0.746696 298.678206 0.567060 5.323843 200.000000 5.323843 0.000325 0.130051 -0.950071 21.713725 200.000000 21.713725 0.003074 1.229696 -0.312033 -12.786909 200.000000 -12.786909
 71.000000 0.552673 0.833398 -0.333088 -0.942896 0.585569 -2.802016 0.833398 0.552673 -0.942896 -0.333088 0.009451 3.780208 0.823677 5.437719 200.000000 5.437719 0.020697 8.278863 0.567060 5.323843 200.000000 5.323843 0.005149 2.059465 -0.950071 21.713725 200.000000 21.713725 0.044330 17.731983 -0.312033 -12.786909 200.000000 -12.786909
 71.200000 0.601950 0.798534 -0.382561 -0.923930 0.645941 -2.749026 0.798534 0.601950 -0.923930 -0.382561 0.063217 25.286678 0.823677 5.437719 200.000000 5.437719 0.121733 48.693341 0.567060 5.323843 200.000000 5.323843 0.068335 27.334168 -0.950071 21.713725 200.000000 21.713725 0.497419 198.967656 -0.312033 -12.786909 200.000000 -12.786909
 71.400000 0.647347 0.762196 -0.230325 -0.973114 0.704098 -2.909181 0.762196 0.647347 -0.973114 -0.230325 0.377991 151.196277 0.823677 5.437719 200.000000 5.437719 0.644598 257.839369 0.567060 5.323843 200.000000 5.323843 0.053096 21.238325 -0.950071 21.713725 200.000000 21.713725 0.667619 267.047608 -0.312033 -12.786909 200.000000 -12.786909
 71.600000 0.652032 0.758192 -0.344340 -0.938845 0.710261 -2.790057 0.758192 0.652032 -0.938845 -0.344340 0.428827 171.530902 0.823677 5.437719 200.000000 5.437719 0.722022 288.808733 0.567060 5.323843 200.000000 5.323843 0.012602 5.040960 -0.950071 21.713725 200.000000 21.713725 0.104370 41.748110 -0.312033 -12.786909 200.000000 -12.786909
 71.800000 0.637414 0.770522 -0.386344 -0.922355 0.691137 -2.744929 0.770522 0.637414 -0.922355 -0.386344 0.282545 113.018102 0.823677 5.437719 200.000000 5.437719 0.494969 197.987577 0.567060 5.323843 200.000000 5.323843 0.076819 30.727499 -0.950071 21.713725 200.000000 21.713725 0.552200 220.880114 -0.312033 -12.786909 200.000000 -12.786909
 72.000000 0.633793 0.773503 -0.236672 -0.971590 0.686447 -2.902654 0.773503 0.633793 -0.971590 -0.236672 0.251743 100.697360 0.823677 5.437719 200.000000 5.437719 0.445334 178.133499 0.567060 5.323843 200.000000 5.323843 0.046305 18.521855 -0.950071 21.713725 200.000000 21.713725 0.567936 227.174475 -0.312033 -12.786909 200.000000 -12.786909
 72.200000 0.553006 0.833178 -0.226066 -0.974112 0.585967 -2.913556 0.833178 0.553006 -0.974112 -0.226066 0.009027 3.610753 0.823677 5.437719 200.000000 5.437719 0.019752 7.900954 0.567060 5.323843 200.000000 5.323843 0.057797 23.118624 -0.950071 21.713725 200.000000 21.713725 0.739044 295.617415 -0.312033 -12.786909 200.000000 -12.786909
 72.400000 0.541650 0.840604 -0.367884 -0.929872 0.572398 -2.764860 0.840604 0.541650 -0.929872 -0.367884 0.028655 11.461947 0.823677 5.437719 200.000000 5.437719 0.064568 25.827126 0.567060 5.323843 200.000000 5.323843 0.040802 16.320617 -0.950071 21.713725 200.000000 21.713725 0.311927 124.770988 -0.312033 -12.786909 200.000000 -12.786909
 72.600000 0.659884 0.751368 -0.381918 -0.924196 0.720664 -2.749722 0.751368 0.659884 -0.924196 -0.381918 0.522858 209.143147 0.823677 5.437719 200.000000 5.437719 0.861628 344.651296 0.567060 5.323843 200.000000 5.323843 0.066951 26.780332 -0.950071 21.713725 200.000000 21.713725 0.488384 195.353416 -0.312033 -12.786909 200.000000 -12.786909
 72.800000 0.621310 0.783565 -0.308066 -0.951365 0.670413 -2.828433 0.783565 0.621310 -0.951365 -0.308066 0.160894 64.357540 0.823677 5.437719 200.000000 5.437719 0.294306 117.722272 0.567060 5.323843 200.000000 5.323843 0.000167 0.066947 -0.950071 21.713725 200.000000 21.713725 0.001574 0.629469 -0.312033 -12.786909 200.000000 -12.786909
 73.000000 0.650109 0.759841 -0.347414 -0.937712 0.707728 -2.786781 0.759841 0.650109 -0.937712 -0.347414 0.407502 163.000761 0.823677 5.437719 200.000000 5.437719 0.689721 275.888353 0.567060 5.323843 200.000000 5.323843 0.015275 6.110093 -0.950071 21.713725 200.000000 21.713725 0.125179 50.071598 -0.312033 -12.786909 200.000000 -12.786909
 73.200000 0.494574 0.869136 -0.404579 -0.914503 0.517345 -2.725075 0.869136 0.494574 -0.914503 -0.404579 0.206652 82.660672 0.823677 5.437719 200.000000 5.437719 0.525420 210.168171 0.567060 5.323843 200.000000 5.323843 0.126507 50.602957 -0.950071 21.713725 200.000000 21.713725 0.856460 342.584046 -0.312033 -12.786909 200.000000 -12.786909
 73.400000 0.615138 0.788420 -0.307095 -0.951679 0.662560 -2.829454 0.788420 0.615138 -0.951679 -0.307095 0.124304 49.721716 0.823677 5.437719 200.000000 5.437719 0.231147 92.458757 0.567060 5.323843 200.000000 5.323843 0.000259 0.103410 -0.950071 21.713725 200.000000 21.713725 0.002439 0.975681 -0.312033 -12.786909 200.000000 -12.786909
 73.600000 0.537592 0.843205 -0.373964 -0.927443 0.567579 -2.758314 0.843205 0.537592 -0.927443 -0.373964 0.038137 15.254638 0.823677 5.437719 200.000000 5.437719 0.086836 34.734474 0.567060 5.323843 200.000000 5.323843 0.051201 20.480542 -0.950071 21.713725 200.000000 21.713725 0.383534 153.413515 -0.312033 -12.786909 200.000000 -12.786909
 73.800000 0.710457 0.703740 -0.333174 -0.942865 0.790148 -2.801925 0.703740 0.710457 -0.942865 -0.333174 1.438470 575.387831 0.823677 5.437719 200.000000 5.437719 2.056281 822.512360 0.567060 5.323843 200.000000 5.323843 0.005192 2.076913 -0.950071 21.713725 200.000000 21.713725 0.044692 17.876878 -0.312033 -12.786909 200.000000 -12.786909
 74.000000 0.655152 0.755497 -0.376925 -0.926244 0.714384 -2.755119 0.755497 0.655152 -0.926244 -0.376925 0.464847 185.938816 0.823677 5.437719 200.000000 5.437719 0.776027 310.410628 0.567060 5.323843 200.000000 5.323843 0.056773 22.709365 -0.950071 21.713725 200.000000 21.713725 0.421086 168.434471 -0.312033 -12.786909 200.000000 -12.786909
 74.200000 0.611785 0.791024 -0.363105 -0.931748 0.658316 -2.769995 0.791024 0.611785 -0.931748 -0.363105 0.106620 42.647917 0.823677 5.437719 200.000000 5.437719 0.200036 80.014423 0.567060 5.323843 200.000000 5.323843 0.033573 13.429100 -0.950071 21.713725 200.000000 21.713725 0.260830 104.331913 -0.312033 -12.786909 200.000000 -12.786909
 74.400000 0.629815 0.776745 -0.263736 -0.964595 0.681315 -2.874700 0.776745 0.629815 -0.964595 -0.263736 0.220253 88.101321 0.823677 5.437719 200.000000 5.437719 0.393817 157.526704 0.567060 5.323843 200.000000 5.323843 0.021094 8.437693 -0.950071 21.713725 200.000000 21.713725 0.233267 93.306726 -0.312033 -12.786909 200.000000 -12.786909
 74.600000 0.546191 0.837660 -0.287076 -0.957908 0.577811 -2.850420 0.837660 0.546191 -0.957908 -0.287076 0.019555 7.821915 0.823677 5.437719 200.000000 5.437719 0.043549 17.419762 0.567060 5.323843 200.000000 5.323843 0.006142 2.456633 -0.950071 21.713725 200.000000 21.713725 0.062290 24.915856 -0.312033 -12.786909 200.000000 -12.786909
 74.800000 0.724804 0.688955 -0.321175 -0.947020 0.810750 -2.814623 0.688955 0.724804 -0.947020 -0.321175 1.814989 725.995628 0.823677 5.437719 200.000000 5.437719 2.488323 995.329361 0.567060 5.323843 200.000000 5.323843 0.000931 0.372396 -0.950071 21.713725 200.000000 21.713725 0.008357 3.342631 -0.312033 -12.786909 200.000000 -12.786909
 75.000000 0.630036 0.776566 -0.430926 -0.902387 0.681599 -2.696074 0.776566 0.630036 -0.902387 -0.430926 0.221940 88.776133 0.823677 5.437719 200.000000 5.437719 0.396598 158.639060 0.567060 5.323843 200.000000 5.323843 0.227375 90.950078 -0.950071 21.713725 200.000000 21.713725 1.413545 565.418099 -0.312033 -12.786909 200.000000 -12.786909
 75.200000 0.655969 0.754788 -0.353758 -0.935337 0.715465 -2.780007 0.754788 0.655969 -0.935337 -0.353758 0.474560 189.824076 0.823677 5.437719 200.000000 5.437719 0.790475 316.189938 0.567060 5.323843 200.000000 5.323843 0.021709 8.683753 -0.950071 21.713725 200.000000 21.713725 0.174093 69.637291 -0.312033 -12.786909 200.000000 -12.786909
 75.400000 0.605420 0.795906 -0.354636 -0.935005 0.650293 -2.779068 0.795906 0.605420 -0.935005 -0.354636 0.077119 30.847563 0.823677 5.437719 200.000000 5.437719 0.147149 58.859498 0.567060 5.323843 200.000000 5.323843 0.022700 9.080012 -0.950071 21.713725 200.000000 21.713725 0.181494 72.597791 -0.312033 -12.786909 200.000000 -12.786909
 75.600000 0.626537 0.779392 -0.348303 -0.937382 0.677101 -2.785833 0.779392 0.626537 -0.937382 -0.348303 0.196112 78.444789 0.823677 5.437719 200.000000 5.437719 0.353747 141.498986 0.567060 5.323843 200.000000 5.323843 0.016101 6.440369 -0.950071 21.713725 200.000000 21.713725 0.131545 52.617871 -0.312033 -12.786909 200.000000 -12.786909
 75.800000 0.620810 0.783961 -0.395682 -0.918388 0.669775 -2.734782 0.783961 0.620810 -0.918388 -0.395682 0.157730 63.091875 0.823677 5.437719 200.000000 5.437719 0.288903 115.561325 0.567060 5.323843 200.000000 5.323843 0.100385 40.153920 -0.950071 21.713725 200.000000 21.713725 0.699709 279.883642 -0.312033 -12.786909 200.000000 -12.786909
 76.000000 0.610120 0.792309 -0.372431 -0.928060 0.656212 -2.759965 0.792309 0.610120 -0.928060 -0.372431 0.098393 39.357344 0.823677 5.437719 200.000000 5.437719 0.185419 74.167711 0.567060 5.323843 200.000000 5.323843 0.048450 19.380078 -0.950071 21.713725 200.000000 21.713725 0.364792 145.916660 -0.312033 -12.786909 200.000000 -12.786909
 76.200000 0.604390 0.796688 -0.339224 -0.940706 0.649000 -2.795501 0.796688 0.604390 -0.940706 -0.339224 0.072836 29.134462 0.823677 5.437719 200.000000 5.437719 0.139356 55.742328 0.567060 5.323843 200.000000 5.323843 0.008771 3.508397 -0.950071 21.713725 200.000000 21.713725 0.073931 29.572255 -0.312033 -12.786909 200.000000 -12.786909
 76.400000 0.641157 0.767410 -0.403736 -0.914876 0.696005 -2.725996 0.767410 0.641157 -0.914876 -0.403736 0.316593 126.637235 0.823677 5.437719 200.000000 5.437719 0.549034 219.613712 0.567060 5.323843 200.000000 5.323843 0.123873 49.549090 -0.950071 21.713725 200.000000 21.713725 0.840935 336.373896 -0.312033 -12.786909 200.000000 -12.786909
 76.600000 0.547280 0.836950 -0.329720 -0.944079 0.579110 -2.805586 0.836950 0.547280 -0.944079 -0.329720 0.017618 7.047129 0.823677 5.437719 200.000000 5.437719 0.039126 15.650240 0.567060 5.323843 200.000000 5.323843 0.003591 1.436339 -0.950071 21.713725 200.000000 21.713725 0.031282 12.512645 -0.312033 -12.786909 200.000000 -12.786909
 76.800000 0.586020 0.810297 -0.174435 -0.984669 0.626138 -2.966261 0.810297 0.586020 -0.984669 -0.174435 0.017902 7.160910 0.823677 5.437719 200.000000 5.437719 0.035948 14.379353 0.567060 5.323843 200.000000 5.323843 0.119699 47.879736 -0.950071 21.713725 200.000000 21.713725 1.893336 757.334483 -0.312033 -12.786909 200.000000 -12.786909
 77.000000 0.584421 0.811451 -0.301681 -0.953409 0.624166 -2.835138 0.811451 0.584421 -0.953409 -0.301681 0.014947 5.978831 0.823677 5.437719 200.000000 5.437719 0.030140 12.056080 0.567060 5.323843 200.000000 5.323843 0.001114 0.445665 -0.950071 21.713725 200.000000 21.713725 0.010718 4.287197 -0.312033 -12.786909 200.000000 -12.786909
 77.200000 0.692794 0.721135 -0.317519 -0.948252 0.765357 -2.818481 0.721135 0.692794 -0.948252 -0.317519 1.051473 420.589125 0.823677 5.437719 200.000000 5.437719 1.580915 632.366181 0.567060 5.323843 200.000000 5.323843 0.000331 0.132374 -0.950071 21.713725 200.000000 21.713725 0.003009 1.203589 -0.312033 -12.786909 200.000000 -12.786909
 77.400000 0.567588 0.823312 -0.369853 -0.929090 0.603574 -2.762742 0.823312 0.567588 -0.929090 -0.369853 0.000013 0.005303 0.823677 5.437719 200.000000 5.437719 0.000028 0.011174 0.567060 5.323843 200.000000 5.323843 0.044019 17.607724 -0.950071 21.713725 200.000000 21.713725 0.334309 133.723419 -0.312033 -12.786909 200.000000 -12.786909
 77.600000 0.648112 0.761545 -0.287976 -0.957638 0.705103 -2.849480 0.761545 0.648112 -0.957638 -0.287976 0.386032 154.412993 0.823677 5.437719 200.000000 5.437719 0.656944 262.777667 0.567060 5.323843 200.000000 5.323843 0.005725 2.290053 -0.950071 21.713725 200.000000 21.713725 0.057875 23.150121 -0.312033 -12.786909 200.000000 -12.786909
 77.800000 0.587336 0.809343 -0.342482 -0.939524 0.627763 -2.792035 0.809343 0.587336 -0.939524 -0.342482 0.020545 8.217898 0.823677 5.437719 200.000000 5.437719 0.041113 16.445006 0.567060 5.323843 200.000000 5.323843 0.011124 4.449435 -0.950071 21.713725 200.000000 21.713725 0.092713 37.085343 -0.312033 -12.786909 200.000000 -12.786909
 78.000000 0.643963 0.765057 -0.330778 -0.943709 0.699667 -2.804465 0.765057 0.643963 -0.943709 -0.330778 0.343630 137.452191 0.823677 5.437719 200.000000 5.437719 0.591410 236.564108 0.567060 5.323843 200.000000 5.323843 0.004048 1.619182 -0.950071 21.713725 200.000000 21.713725 0.035134 14.053619 -0.312033 -12.786909 200.000000 -12.786909
 78.200000 0.601979 0.798512 -0.276979 -0.960876 0.645978 -2.860944 0.798512 0.601979 -0.960876 -0.276979 0.063328 25.331092 0.823677 5.437719 200.000000 5.437719 0.121938 48.775097 0.567060 5.323843 200.000000 5.323843 0.011674 4.669717 -0.950071 21.713725 200.000000 21.713725 0.122879 49.151687 -0.312033 -12.786909 200.000000 -12.786909
 78.400000 0.604941 0.796270 -0.270423 -0.962742 0.649692 -2.867760 0.796270 0.604941 -0.962742 -0.270423 0.075111 30.044284 0.823677 5.437719 200.000000 5.437719 0.143499 57.399415 0.567060 5.323843 200.000000 5.323843 0.016054 6.421599 -0.950071 21.713725 200.000000 21.713725 0.173141 69.256553 -0.312033 -12.786909 200.000000 -12.786909
 78.600000 0.650160 0.759798 -0.338691 -0.940897 0.707794 -2.796067 0.759798 0.650160 -0.940897 -0.338691 0.408051 163.220493 0.823677 5.437719 200.000000 5.437719 0.690556 276.222438 0.567060 5.323843 200.000000 5.323843 0.008416 3.366213 -0.950071 21.713725 200.000000 21.713725 0.071065 28.425972 -0.312033 -12.786909 200.000000 -12.786909
 78.800000 0.632598 0.774481 -0.389591 -0.920988 0.684903 -2.741405 0.774481 0.632598 -0.920988 -0.389591 0.242025 96.809811 0.823677 5.437719 200.000000 5.437719 0.429520 171.808157 0.567060 5.323843 200.000000 5.323843 0.084583 33.833284 -0.950071 21.713725 200.000000 21.713725 0.601519 240.607721 -0.312033 -12.786909 200.000000 -12.786909
 79.000000 0.560729 0.827999 -0.198876 -0.980025 0.595266 -2.941382 0.827999 0.560729 -0.980025 -0.198876 0.001869 0.747494 0.823677 5.437719 200.000000 5.437719 0.004008 1.603253 0.567060 5.323843 200.000000 5.323843 0.089722 35.888611 -0.950071 21.713725 200.000000 21.713725 1.280462 512.184670 -0.312033 -12.786909 200.000000 -12.786909
 79.200000 0.620674 0.784069 -0.292363 -0.956308 0.669602 -2.844896 0.784069 0.620674 -0.956308 -0.292363 0.156880 62.751897 0.823677 5.437719 200.000000 5.437719 0.287450 114.980129 0.567060 5.323843 200.000000 5.323843 0.003889 1.555725 -0.950071 21.713725 200.000000 21.713725 0.038694 15.477758 -0.312033 -12.786909 200.000000 -12.786909
 79.400000 0.590517 0.807025 -0.402294 -0.915510 0.631699 -2.727571 0.807025 0.590517 -0.915510 -0.402294 0.027727 11.090615 0.823677 5.437719 200.000000 5.437719 0.055023 22.009247 0.567060 5.323843 200.000000 5.323843 0.119445 47.777841 -0.950071 21.713725 200.000000 21.713725 0.814704 325.881577 -0.312033 -12.786909 200.000000 -12.786909
 79.600000 0.663498 0.748178 -0.251363 -0.967893 0.725484 -2.887505 0.748178 0.663498 -0.967893 -0.251363 0.569997 227.998925 0.823677 5.437719 200.000000 5.437719 0.930024 372.009443 0.567060 5.323843 200.000000 5.323843 0.031762 12.704670 -0.950071 21.713725 200.000000 21.713725 0.368092 147.236786 -0.312033 -12.786909 200.000000 -12.786909
 79.800000 0.575400 0.817872 -0.397411 -0.917641 0.613093 -2.732899 0.817872 0.575400 -0.917641 -0.397411 0.003369 1.347614 0.823677 5.437719 200.000000 5.437719 0.006956 2.782219 0.567060 5.323843 200.000000 5.323843 0.105173 42.069145 -0.950071 21.713725 200.000000 21.713725 0.728932 291.572617 -0.312033 -12.786909 200.000000 -12.786909
 80.000000 0.589262 0.807942 -0.325996 -0.945371 0.630145 -2.809527 0.807942 0.589262 -0.945371 -0.325996 0.024757 9.902979 0.823677 5.437719 200.000000 5.437719 0.049293 19.717224 0.567060 5.323843 200.000000 5.323843 0.002209 0.883622 -0.950071 21.713725 200.000000 21.713725 0.019496 7.798405 -0.312033 -12.786909 200.000000 -12.786909
 80.200000 0.603557 0.797320 -0.284751 -0.958602 0.647955 -2.852846 0.797320 0.603557 -0.958602 -0.284751 0.069467 27.786712 0.823677 5.437719 200.000000 5.437719 0.133202 53.280954 0.567060 5.323843 200.000000 5.323843 0.007277 2.910787 -0.950071 21.713725 200.000000 21.713725 0.074435 29.774126 -0.312033 -12.786909 200.000000 -12.786909
 80.400000 0.555087 0.831792 -0.300277 -0.953852 0.588468 -2.836610 0.831792 0.555087 -0.953852 -0.300277 0.006586 2.634555 0.823677 5.437719 200.000000 5.437719 0.014335 5.733897 0.567060 5.323843 200.000000 5.323843 0.001430 0.571807 -0.950071 21.713725 200.000000 21.713725 0.013821 5.528465 -0.312033 -12.786909 200.000000 -12.786909
 80.600000 0.666050 0.745907 -0.386220 -0.922407 0.728900 -2.745063 0.745907 0.666050 -0.922407 -0.386220 0.604807 241.922655 0.823677 5.437719 200.000000 5.437719 0.979901 391.960381 0.567060 5.323843 200.000000 5.323843 0.076532 30.612662 -0.950071 21.713725 200.000000 21.713725 0.550362 220.144844 -0.312033 -12.786909 200.000000 -12.786909
 80.800000 0.667766 0.744371 -0.392020 -0.919957 0.731203 -2.738766 0.744371 0.667766 -0.919957 -0.392020 0.628931 251.572379 0.823677 5.437719 200.000000 5.437719 1.014169 405.667624 0.567060 5.323843 200.000000 5.323843 0.090689 36.275506 -0.950071 21.713725 200.000000 21.713725 0.639791 255.916240 -0.312033 -12.786909 200.000000 -12.786909
 81.000000 0.663900 0.747821 -0.402954 -0.915220 0.726022 -2.726851 0.747821 0.663900 -0.915220 -0.402954 0.575405 230.162124 0.823677 5.437719 200.000000 5.437719 0.937807 375.122713 0.567060 5.323843 200.000000 5.323843 0.121457 48.582886 -0.950071 21.713725 200.000000 21.713725 0.826648 330.659029 -0.312033 -12.786909 200.000000 -12.786909
 81.200000 0.650513 0.759495 -0.300428 -0.953804 0.708260 -2.836451 0.759495 0.650513 -0.953804 -0.300428 0.411930 164.771918 0.823677 5.437719 200.000000 5.437719 0.696448 278.579340 0.567060 5.323843 200.000000 5.323843 0.001394 0.557517 -0.950071 21.713725 200.000000 21.713725 0.013468 5.387382 -0.312033 -12.786909 200.000000 -12.786909
 81.400000 0.528505 0.848930 -0.372571 -0.928004 0.556839 -2.759814 0.848930 0.528505 -0.928004 -0.372571 0.063774 25.509568 0.823677 5.437719 200.000000 5.437719 0.148646 59.458563 0.567060 5.323843 200.000000 5.323843 0.048698 19.479146 -0.950071 21.713725 200.000000 21.713725 0.366485 146.593821 -0.312033 -12.786909 200.000000 -12.786909
 81.600000 0.667670 0.744458 -0.343627 -0.939106 0.731074 -2.790817 0.744458 0.667670 -0.939106 -0.343627 0.627566 251.026202 0.823677 5.437719 200.000000 5.437719 1.012236 404.894342 0.567060 5.323843 200.000000 5.323843 0.012023 4.809052 -0.950071 21.713725 200.000000 21.713725 0.099813 39.925235 -0.312033 -12.786909 200.000000 -12.786909
 81.800000 0.552552 0.833478 -0.335727 -0.941959 0.585423 -2.799215 0.833478 0.552552 -0.941959 -0.335727 0.009607 3.842980 0.823677 5.437719 200.000000 5.437719 0.021047 8.418977 0.567060 5.323843 200.000000 5.323843 0.006580 2.632140 -0.950071 21.713725 200.000000 21.713725 0.056140 22.456175 -0.312033 -12.786909 200.000000 -12.786909
 82.000000 0.649511 0.760352 -0.375188 -0.926949 0.706941 -2.756993 0.760352 0.649511 -0.926949 -0.375188 0.400996 160.398355 0.823677 5.437719 200.000000 5.437719 0.679816 271.926435 0.567060 5.323843 200.000000 5.323843 0.053464 21.385690 -0.950071 21.713725 200.000000 21.713725 0.398848 159.539327 -0.312033 -12.786909 200.000000 -12.786909
 82.200000 0.660777 0.750583 -0.322867 -0.946445 0.721853 -2.812836 0.750583 0.660777 -0.946445 -0.322867 0.534272 213.708905 0.823677 5.437719 200.000000 5.437719 0.878282 351.312886 0.567060 5.323843 200.000000 5.323843 0.001315 0.526093 -0.950071 21.713725 200.000000 21.713725 0.011736 4.694236 -0.312033 -12.786909 200.000000 -12.786909
 82.400000 0.530488 0.847692 -0.343689 -0.939083 0.559177 -2.790750 0.847692 0.530488 -0.939083 -0.343689 0.057675 23.069977 0.823677 5.437719 200.000000 5.437719 0.133747 53.498851 0.567060 5.323843 200.000000 5.323843 0.012073 4.829186 -0.950071 21.713725 200.000000 21.713725 0.100209 40.083757 -0.312033 -12.786909 200.000000 -12.786909
 82.600000 0.626604 0.779338 -0.257573 -0.966259 0.677188 -2.881083 0.779338 0.626604 -0.966259 -0.257573 0.196592 78.636725 0.823677 5.437719 200.000000 5.437719 0.354549 141.819616 0.567060 5.323843 200.000000 5.323843 0.026205 10.481836 -0.950071 21.713725 200.000000 21.713725 0.296598 118.639360 -0.312033 -12.786909 200.000000 -12.786909
 82.800000 0.523268 0.852168 -0.389835 -0.920885 0.550681 -2.741141 0.852168 0.523268 -0.920885 -0.389835 0.081177 32.470766 0.823677 5.437719 200.000000 5.437719 0.191772 76.708912 0.567060 5.323843 200.000000 5.323843 0.085184 34.073525 -0.950071 21.713725 200.000000 21.713725 0.605303 242.121378 -0.312033 -12.786909 200.000000 -12.786909
 83.000000 0.663575 0.748110 -0.402591 -0.915380 0.725588 -2.727247 0.748110 0.663575 -0.915380 -0.402591 0.571035 228.414151 0.823677 5.437719 200.000000 5.437719 0.931519 372.607432 0.567060 5.323843 200.000000 5.323843 0.120346 48.138568 -0.950071 21.713725 200.000000 21.713725 0.820060 328.024064 -0.312033 -12.786909 200.000000 -12.786909
 83.200000 0.598626 0.801028 -0.396199 -0.918165 0.641785 -2.734219 0.801028 0.598626 -0.918165 -0.396199 0.051294 20.517691 0.823677 5.437719 200.000000 5.437719 0.099645 39.857873 0.567060 5.323843 200.000000 5.323843 0.101803 40.721072 -0.950071 21.713725 200.000000 21.713725 0.708387 283.354863 -0.312033 -12.786909 200.000000 -12.786909
 83.400000 0.658050 0.752974 -0.337685 -0.941259 0.718226 -2.797136 0.752974 0.658050 -0.941259 -0.337685 0.499884 199.953613 0.823677 5.437719 200.000000 5.437719 0.827923 331.169280 0.567060 5.323843 200.000000 5.323843 0.007765 3.106068 -0.950071 21.713725 200.000000 21.713725 0.065801 26.320550 -0.312033 -12.786909 200.000000 -12.786909
 83.600000 0.558100 0.829774 -0.307156 -0.951659 0.592094 -2.829390 0.829774 0.558100 -0.951659 -0.307156 0.003718 1.487140 0.823677 5.437719 200.000000 5.437719 0.008029 3.211488 0.567060 5.323843 200.000000 5.323843 0.000252 0.100883 -0.950071 21.713725 200.000000 21.713725 0.002379 0.951635 -0.312033 -12.786909 200.000000 -12.786909
 83.800000 0.589853 0.807511 -0.374257 -0.927325 0.630877 -2.757998 0.807511 0.589853 -0.927325 -0.374257 0.026133 10.453285 0.823677 5.437719 200.000000 5.437719 0.051952 20.780661 0.567060 5.323843 200.000000 5.323843 0.051738 20.695040 -0.950071 21.713725 200.000000 21.713725 0.387171 154.868434 -0.312033 -12.786909 200.000000 -12.786909
 84.000000 0.619628 0.784896 -0.301368 -0.953508 0.668268 -2.835466 0.784896 0.619628 -0.953508 -0.301368 0.150393 60.157390 0.823677 5.437719 200.000000 5.437719 0.276336 110.534445 0.567060 5.323843 200.000000 5.323843 0.001181 0.472485 -0.950071 21.713725 200.000000 21.713725 0.011376 4.550305 -0.312033 -12.786909 200.000000 -12.786909
 84.200000 0.698762 0.715354 -0.377307 -0.926088 0.773666 -2.754706 0.715354 0.698762 -0.926088 -0.377307 1.173376 469.350414 0.823677 5.437719 200.000000 5.437719 1.734549 693.819475 0.567060 5.323843 200.000000 5.323843 0.057518 23.007207 -0.950071 21.713725 200.000000 21.713725 0.426065 170.425939 -0.312033 -12.786909 200.000000 -12.786909
 84.400000 0.662286 0.749251 -0.341220 -0.939984 0.723865 -2.793378 0.749251 0.662286 -0.939984 -0.341220 0.553911 221.564480 0.823677 5.437719 200.000000 5.437719 0.906796 362.718597 0.567060 5.323843 200.000000 5.323843 0.010176 4.070379 -0.950071 21.713725 200.000000 21.713725 0.085184 34.073783 -0.312033 -12.786909 200.000000 -12.786909
 84.600000 0.638918 0.769275 -0.307951 -0.951402 0.693090 -2.828554 0.769275 0.638918 -0.951402 -0.307951 0.295951 118.380506 0.823677 5.437719 200.000000 5.437719 0.516353 206.541371 0.567060 5.323843 200.000000 5.323843 0.000177 0.070878 -0.950071 21.713725 200.000000 21.713725 0.001667 0.666697 -0.312033 -12.786909 200.000000 -12.786909
 84.800000 0.559873 0.828579 -0.319168 -0.947698 0.594232 -2.816742 0.828579 0.559873 -0.947698 -0.319168 0.002403 0.961234 0.823677 5.437719 200.000000 5.437719 0.005166 2.066272 0.567060 5.323843 200.000000 5.323843 0.000563 0.225210 -0.950071 21.713725 200.000000 21.713725 0.005090 2.035820 -0.312033 -12.786909 200.000000 -12.786909
 85.000000 0.688892 0.724864 -0.364252 -0.931300 0.759959 -2.768763 0.724864 0.688892 -0.931300 -0.364252 0.976387 390.554717 0.823677 5.437719 200.000000 5.437719 1.484299 593.719706 0.567060 5.323843 200.000000 5.323843 0.035234 14.093783 -0.950071 21.713725 200.000000 21.713725 0.272682 109.072704 -0.312033 -12.786909 200.000000 -12.786909
 85.200000 0.655795 0.754939 -0.405449 -0.914118 0.715235 -2.724123 0.754939 0.655795 -0.914118 -0.405449 0.472487 188.994997 0.823677 5.437719 200.000000 5.437719 0.787396 314.958285 0.567060 5.323843 200.000000 5.323843 0.129264 51.705584 -0.950071 21.713725 200.000000 21.713725 0.872640 349.056043 -0.312033 -12.786909 200.000000 -12.786909
 85.400000 0.697164 0.716912 -0.303711 -0.952764 0.771434 -2.833008 0.716912 0.697164 -0.952764 -0.303711 1.139867 455.946989 0.823677 5.437719 200.000000 5.437719 1.692700 677.079970 0.567060 5.323843 200.000000 5.323843 0.000725 0.290137 -0.950071 21.713725 200.000000 21.713725 0.006927 2.770802 -0.312033 -12.786909 200.000000 -12.786909
 85.600000 0.629195 0.777247 -0.300965 -0.953635 0.680518 -2.835888 0.777247 0.629195 -0.953635 -0.300965 0.215570 86.227906 0.823677 5.437719 200.000000 5.437719 0.386084 154.433426 0.567060 5.323843 200.000000 5.323843 0.001270 0.508108 -0.950071 21.713725 200.000000 21.713725 0.012251 4.900462 -0.312033 -12.786909 200.000000 -12.786909
 85.800000 0.567395 0.823446 -0.347597 -0.937644 0.603339 -2.786586 0.823446 0.567395 -0.937644 -0.347597 0.000005 0.002131 0.823677 5.437719 200.000000 5.437719 0.000011 0.004491 0.567060 5.323843 200.000000 5.323843 0.015443 6.177228 -0.950071 21.713725 200.000000 21.713725 0.126475 50.590091 -0.312033 -12.786909 200.000000 -12.786909
 86.000000 0.609953 0.792437 -0.282190 -0.959358 0.656002 -2.855516 0.792437 0.609953 -0.959358 -0.282190 0.097590 39.035805 0.823677 5.437719 200.000000 5.437719 0.183986 73.594321 0.567060 5.323843 200.000000 5.323843 0.008625 3.450180 -0.950071 21.713725 200.000000 21.713725 0.089061 35.624524 -0.312033 -12.786909 200.000000 -12.786909
 86.200000 0.604578 0.796546 -0.257028 -0.966404 0.649236 -2.881647 0.796546 0.604578 -0.966404 -0.257028 0.073608 29.443244 0.823677 5.437719 200.000000 5.437719 0.140763 56.305124 0.567060 5.323843 200.000000 5.323843 0.026676 10.670458 -0.950071 21.713725 200.000000 21.713725 0.302560 121.023880 -0.312033 -12.786909 200.000000 -12.786909
 86.400000 0.736973 0.675922 -0.374474 -0.927237 0.828581 -2.757763 0.675922 0.736973 -0.927237 -0.374474 2.183133 873.253046 0.823677 5.437719 200.000000 5.437719 2.887044 1154.817428 0.567060 5.323843 200.000000 5.323843 0.052138 20.855308 -0.950071 21.713725 200.000000 21.713725 0.389885 155.954188 -0.312033 -12.786909 200.000000 -12.786909
 86.600000 0.588164 0.808742 -0.255151 -0.966901 0.628787 -2.883589 0.808742 0.588164 -0.966901 -0.255151 0.022305 8.922024 0.823677 5.437719 200.000000 5.437719 0.044538 17.815335 0.567060 5.323843 200.000000 5.323843 0.028325 11.330112 -0.950071 21.713725 200.000000 21.713725 0.323562 129.424755 -0.312033 -12.786909 200.000000 -12.786909
 86.800000 0.514931 0.857231 -0.252259 -0.967660 0.540928 -2.886579 0.857231 0.514931 -0.967660 -0.252259 0.112593 45.037063 0.823677 5.437719 200.000000 5.437719 0.271738 108.695225 0.567060 5.323843 200.000000 5.323843 0.030936 12.374376 -0.950071 21.713725 200.000000 21.713725 0.357298 142.919027 -0.312033 -12.786909 200.000000 -12.786909
 87.000000 0.571649 0.820498 -0.308257 -0.951303 0.608514 -2.828233 0.820498 0.571649 -0.951303 -0.308257 0.001010 0.404053 0.823677 5.437719 200.000000 5.437719 0.002106 0.842381 0.567060 5.323843 200.000000 5.323843 0.000152 0.060727 -0.950071 21.713725 200.000000 21.713725 0.001426 0.570595 -0.312033 -12.786909 200.000000 -12.786909
 87.200000 0.687104 0.726559 -0.322918 -0.946427 0.757496 -2.812781 0.726559 0.687104 -0.946427 -0.322918 0.943185 377.274104 0.823677 5.437719 200.000000 5.437719 1.441065 576.426035 0.567060 5.323843 200.000000 5.323843 0.001328 0.531215 -0.950071 21.713725 200.000000 21.713725 0.011848 4.739074 -0.312033 -12.786909 200.000000 -12.786909
 87.400000 0.682132 0.731229 -0.238817 -0.971065 0.750674 -2.900445 0.731229 0.682132 -0.971065 -0.238817 0.854652 341.860742 0.823677 5.437719 200.000000 5.437719 1.324156 529.662466 0.567060 5.323843 200.000000 5.323843 0.044072 17.628909 -0.950071 21.713725 200.000000 21.713725 0.536060 214.424102 -0.312033 -12.786909 200.000000 -12.786909
 87.600000 0.556666 0.830736 -0.317738 -0.948179 0.590367 -2.818250 0.830736 0.556666 -0.948179 -0.317738 0.004984 1.993548 0.823677 5.437719 200.000000 5.437719 0.010803 4.321091 0.567060 5.323843 200.000000 5.323843 0.000358 0.143272 -0.950071 21.713725 200.000000 21.713725 0.003254 1.301675 -0.312033 -12.786909 200.000000 -12.786909
 87.800000 0.616946 0.787006 -0.332239 -0.943195 0.664856 -2.802917 0.787006 0.616946 -0.943195 -0.332239 0.134474 53.789625 0.823677 5.437719 200.000000 5.437719 0.248858 99.543071 0.567060 5.323843 200.000000 5.323843 0.004728 1.891060 -0.950071 21.713725 200.000000 21.713725 0.040825 16.330143 -0.312033 -12.786909 200.000000 -12.786909
 88.000000 0.525452 0.850823 -0.249292 -0.968428 0.553246 -2.889643 0.850823 0.525452 -0.968428 -0.249292 0.073694 29.477449 0.823677 5.437719 200.000000 5.437719 0.173120 69.248061 0.567060 5.323843 200.000000 5.323843 0.033699 13.479404 -0.950071 21.713725 200.000000 21.713725 0.393644 157.457740 -0.312033 -12.786909 200.000000 -12.786909
 88.200000 0.588395 0.808573 -0.325050 -0.945697 0.629073 -2.810528 0.808573 0.588395 -0.945697 -0.325050 0.022811 9.124357 0.823677 5.437719 200.000000 5.437719 0.045521 18.208294 0.567060 5.323843 200.000000 5.323843 0.001914 0.765432 -0.950071 21.713725 200.000000 21.713725 0.016944 6.777723 -0.312033 -12.786909 200.000000 -12.786909
 88.400000 0.663429 0.748240 -0.369769 -0.929124 0.725392 -2.762833 0.748240 0.663429 -0.929124 -0.369769 0.569075 227.629804 0.823677 5.437719 200.000000 5.437719 0.928694 371.477696 0.567060 5.323843 200.000000 5.323843 0.043879 17.551544 -0.950071 21.713725 200.000000 21.713725 0.333336 133.334415 -0.312033 -12.786909 200.000000 -12.786909
 88.600000 0.634921 0.772577 -0.286571 -0.958059 0.687906 -2.850946 0.772577 0.634921 -0.958059 -0.286571 0.261115 104.446131 0.823677 5.437719 200.000000 5.437719 0.460512 184.204891 0.567060 5.323843 200.000000 5.323843 0.006380 2.552162 -0.950071 21.713725 200.000000 21.713725 0.064831 25.932450 -0.312033 -12.786909 200.000000 -12.786909
 88.800000 0.677272 0.735733 -0.285466 -0.958389 0.744048 -2.852100 0.735733 0.677272 -0.958389 -0.285466 0.773405 309.362092 0.823677 5.437719 200.000000 5.437719 1.214662 485.864779 0.567060 5.323843 200.000000 5.323843 0.006918 2.767377 -0.950071 21.713725 200.000000 21.713725 0.070583 28.233151 -0.312033 -12.786909 200.000000 -12.786909
 89.000000 0.603810 0.797128 -0.343200 -0.939262 0.648272 -2.791270 0.797128 0.603810 -0.939262 -0.343200 0.070481 28.192337 0.823677 5.437719 200.000000 5.437719 0.135056 54.022590 0.567060 5.323843 200.000000 5.323843 0.011683 4.673317 -0.950071 21.713725 200.000000 21.713725 0.097138 38.855250 -0.312033 -12.786909 200.000000 -12.786909
 89.200000 0.677902 0.735152 -0.319576 -0.947561 0.744905 -2.816311 0.735152 0.677902 -0.947561 -0.319576 0.783653 313.461189 0.823677 5.437719 200.000000 5.437719 1.228595 491.437983 0.567060 5.323843 200.000000 5.323843 0.000630 0.252095 -0.950071 21.713725 200.000000 21.713725 0.005689 2.275570 -0.312033 -12.786909 200.000000 -12.786909
 89.400000 0.608964 0.793198 -0.323900 -0.946091 0.654754 -2.811744 0.793198 0.608964 -0.946091 -0.323900 0.092897 37.158727 0.823677 5.437719 200.000000 5.437719 0.175598 70.239394 0.567060 5.323843 200.000000 5.323843 0.001584 0.633584 -0.950071 21.713725 200.000000 21.713725 0.014082 5.632891 -0.312033 -12.786909 200.000000 -12.786909
 89.600000 0.678983 0.734154 -0.349327 -0.937001 0.746377 -2.784740 0.734154 0.678983 -0.937001 -0.349327 0.801431 320.572586 0.823677 5.437719 200.000000 5.437719 1.252682 501.072664 0.567060 5.323843 200.000000 5.323843 0.017083 6.833386 -0.950071 21.713725 200.000000 21.713725 0.139084 55.633443 -0.312033 -12.786909 200.000000 -12.786909
 89.800000 0.634270 0.773112 -0.360905 -0.932603 0.687064 -2.772355 0.773112 0.634270 -0.932603 -0.360905 0.255682 102.272686 0.823677 5.437719 200.000000 5.437719 0.451720 180.688173 0.567060 5.323843 200.000000 5.323843 0.030515 12.205877 -0.950071 21.713725 200.000000 21.713725 0.238841 95.536365 -0.312033 -12.786909 200.000000 -12.786909
 90.000000 0.642596 0.766205 -0.399028 -0.916939 0.697881 -2.731136 0.766205 0.642596 -0.916939 -0.399028 0.330294 132.117688 0.823677 5.437719 200.000000 5.437719 0.570568 228.227088 0.567060 5.323843 200.000000 5.323843 0.109776 43.910364 -0.950071 21.713725 200.000000 21.713725 0.756808 302.723241 -0.312033 -12.786909 200.000000 -12.786909
 90.200000 0.615118 0.788435 -0.385759 -0.922599 0.662536 -2.745562 0.788435 0.615118 -0.922599 -0.385759 0.124197 49.678639 0.823677 5.437719 200.000000 5.437719 0.230959 92.383465 0.567060 5.323843 200.000000 5.323843 0.075469 30.187624 -0.950071 21.713725 200.000000 21.713725 0.543549 217.419698 -0.312033 -12.786909 200.000000 -12.786909
 90.400000 0.550847 0.834606 -0.371500 -0.928433 0.583379 -2.760969 0.834606 0.550847 -0.928433 -0.371500 0.011946 4.778212 0.823677 5.437719 200.000000 5.437719 0.026285 10.514077 0.567060 5.323843 200.000000 5.323843 0.046820 18.728066 -0.950071 21.713725 200.000000 21.713725 0.353621 141.448515 -0.312033 -12.786909 200.000000 -12.786909
 90.600000 0.610220 0.792232 -0.390768 -0.920489 0.656339 -2.740127 0.792232 0.610220 -0.920489 -0.390768 0.098878 39.551289 0.823677 5.437719 200.000000 5.437719 0.186283 74.513385 0.567060 5.323843 200.000000 5.323843 0.087509 35.003745 -0.950071 21.713725 200.000000 21.713725 0.619915 247.966169 -0.312033 -12.786909 200.000000 -12.786909
 90.800000 0.643013 0.765855 -0.270571 -0.962700 0.698426 -2.867606 0.765855 0.643013 -0.962700 -0.270571 0.334332 133.732969 0.823677 5.437719 200.000000 5.437719 0.576891 230.756357 0.567060 5.323843 200.000000 5.323843 0.015949 6.379437 -0.950071 21.713725 200.000000 21.713725 0.171910 68.763822 -0.312033 -12.786909 200.000000 -12.786909
 91.000000 0.625906 0.779898 -0.390221 -0.920721 0.676293 -2.740722 0.779898 0.625906 -0.920721 -0.390221 0.191654 76.661435 0.823677 5.437719 200.000000 5.437719 0.346289 138.515779 0.567060 5.323843 200.000000 5.323843 0.086141 34.456233 -0.950071 21.713725 200.000000 21.713725 0.611323 244.529109 -0.312033 -12.786909 200.000000 -12.786909
 91.200000 0.570914 0.821010 -0.386410 -0.922327 0.607618 -2.744857 0.821010 0.570914 -0.922327 -0.386410 0.000711 0.284428 0.823677 5.437719 200.000000 5.437719 0.001485 0.594120 0.567060 5.323843 200.000000 5.323843 0.076973 30.789044 -0.950071 21.713725 200.000000 21.713725 0.553185 221.273993 -0.312033 -12.786909 200.000000 -12.786909
 91.400000 0.545984 0.837796 -0.284177 -0.958772 0.577563 -2.853444 0.837796 0.545984 -0.958772 -0.284177 0.019934 7.973769 0.823677 5.437719 200.000000 5.437719 0.044419 17.767450 0.567060 5.323843 200.000000 5.323843 0.007570 3.028017 -0.950071 21.713725 200.000000 21.713725 0.077596 31.038372 -0.312033 -12.786909 200.000000 -12.786909
 91.600000 0.636012 0.771679 -0.319687 -0.947523 0.689319 -2.816193 0.771679 0.636012 -0.947523 -0.319687 0.270373 108.149329 0.823677 5.437719 200.000000 5.437719 0.475440 190.176015 0.567060 5.323843 200.000000 5.323843 0.000649 0.259696 -0.950071 21.713725 200.000000 21.713725 0.005858 2.343270 -0.312033 -12.786909 200.000000 -12.786909
 91.800000 0.614410 0.788987 -0.375576 -0.926791 0.661638 -2.756574 0.788987 0.614410 -0.926791 -0.375576 0.120338 48.135194 0.823677 5.437719 200.000000 5.437719 0.224205 89.681899 0.567060 5.323843 200.000000 5.323843 0.054194 21.677644 -0.950071 21.713725 200.000000 21.713725 0.403769 161.507624 -0.312033 -12.786909 200.000000 -12.786909
 92.000000 0.636660 0.771145 -0.322038 -0.946727 0.690159 -2.813711 0.771145 0.636660 -0.946727 -0.322038 0.275960 110.384057 0.823677 5.437719 200.000000 5.437719 0.484417 193.766887 0.567060 5.323843 200.000000 5.323843 0.001118 0.447384 -0.950071 21.713725 200.000000 21.713725 0.010009 4.003560 -0.312033 -12.786909 200.000000 -12.786909
 92.200000 0.621803 0.783173 -0.353402 -0.935471 0.671043 -2.780387 0.783173 0.621803 -0.935471 -0.353402 0.164051 65.620441 0.823677 5.437719 200.000000 5.437719 0.299686 119.874266 0.567060 5.323843 200.000000 5.323843 0.021315 8.525982 -0.950071 21.713725 200.000000 21.713725 0.171137 68.454966 -0.312033 -12.786909 200.000000 -12.786909
 92.400000 0.591850 0.806048 -0.344894 -0.938642 0.633352 -2.789467 0.806048 0.591850 -0.938642 -0.344894 0.031077 12.430615 0.823677 5.437719 200.000000 5.437719 0.061456 24.582252 0.567060 5.323843 200.000000 5.323843 0.013063 5.225248 -0.950071 21.713725 200.000000 21.713725 0.107980 43.192089 -0.312033 -12.786909 200.000000 -12.786909
 92.600000 0.603025 0.797722 -0.259318 -0.965792 0.647288 -2.879276 0.797722 0.603025 -0.965792 -0.259318 0.067362 26.944828 0.823677 5.437719 200.000000 5.437719 0.129348 51.739301 0.567060 5.323843 200.000000 5.323843 0.024714 9.885722 -0.950071 21.713725 200.000000 21.713725 0.277888 111.155283 -0.312033 -12.786909 200.000000 -12.786909
 92.800000 0.654561 0.756009 -0.332145 -0.943228 0.713602 -2.803016 0.756009 0.654561 -0.943228 -0.332145 0.457889 183.155433 0.823677 5.437719 200.000000 5.437719 0.765646 306.258559 0.567060 5.323843 200.000000 5.323843 0.004682 1.872969 -0.950071 21.713725 200.000000 21.713725 0.040448 16.179187 -0.312033 -12.786909 200.000000 -12.786909
 93.000000 0.687394 0.726284 -0.239942 -0.970787 0.757895 -2.899286 0.726284 0.687394 -0.970787 -0.239942 0.948526 379.410291 0.823677 5.437719 200.000000 5.437719 1.448041 579.216446 0.567060 5.323843 200.000000 5.323843 0.042915 17.166125 -0.950071 21.713725 200.000000 21.713725 0.519712 207.884824 -0.312033 -12.786909 200.000000 -12.786909
 93.200000 0.637843 0.770166 -0.319569 -0.947563 0.691694 -2.816318 0.770166 0.637843 -0.947563 -0.319569 0.286334 114.533727 0.823677 5.437719 200.000000 5.437719 0.501026 200.410434 0.567060 5.323843 200.000000 5.323843 0.000629 0.251638 -0.950071 21.713725 200.000000 21.713725 0.005679 2.271504 -0.312033 -12.786909 200.000000 -12.786909
 93.400000 0.669514 0.742799 -0.326179 -0.945308 0.733555 -2.809334 0.742799 0.669514 -0.945308 -0.326179 0.654118 261.647335 0.823677 5.437719 200.000000 5.437719 1.049695 419.877987 0.567060 5.323843 200.000000 5.323843 0.002269 0.907539 -0.950071 21.713725 200.000000 21.713725 0.020011 8.004351 -0.312033 -12.786909 200.000000 -12.786909
 93.600000 0.571030 0.820929 -0.220191 -0.975457 0.607760 -2.919583 0.820929 0.571030 -0.975457 -0.220191 0.000755 0.301914 0.823677 5.437719 200.000000 5.437719 0.001576 0.630454 0.567060 5.323843 200.000000 5.323843 0.064444 25.777419 -0.950071 21.713725 200.000000 21.713725 0.843510 337.403823 -0.312033 -12.786909 200.000000 -12.786909
 93.800000 0.594127 0.804371 -0.256816 -0.966460 0.636180 -2.881866 0.804371 0.594127 -0.966460 -0.256816 0.037269 14.907628 0.823677 5.437719 200.000000 5.437719 0.073262 29.304806 0.567060 5.323843 200.000000 5.323843 0.026861 10.744267 -0.950071 21.713725 200.000000 21.713725 0.304898 121.959090 -0.312033 -12.786909 200.000000 -12.786909
 94.000000 0.599014 0.800739 -0.399327 -0.916808 0.642269 -2.730810 0.800739 0.599014 -0.916808 -0.399327 0.052615 21.046066 0.823677 5.437719 200.000000 5.437719 0.102106 40.842555 0.567060 5.323843 200.000000 5.323843 0.110641 44.256203 -0.950071 21.713725 200.000000 21.713725 0.762021 304.808452 -0.312033 -12.786909 200.000000 -12.786909
 94.200000 0.629806 0.776753 -0.274044 -0.961717 0.681303 -2.863997 0.776753 0.629806 -0.961717 -0.274044 0.220184 88.073745 0.823677 5.437719 200.000000 5.437719 0.393703 157.481227 0.567060 5.323843 200.000000 5.323843 0.013563 5.425245 -0.950071 21.713725 200.000000 21.713725 0.144321 57.728350 -0.312033 -12.786909 200.000000 -12.786909
 94.400000 0.633003 0.774149 -0.270293 -0.962778 0.685427 -2.867896 0.774149 0.633003 -0.962778 -0.270293 0.245297 98.118740 0.823677 5.437719 200.000000 5.437719 0.434853 173.941253 0.567060 5.323843 200.000000 5.323843 0.016147 6.458824 -0.950071 21.713725 200.000000 21.713725 0.174230 69.691943 -0.312033 -12.786909 200.000000 -12.786909
 94.600000 0.580532 0.814237 -0.405812 -0.913957 0.619382 -2.723726 0.814237 0.580532 -0.913957 -0.405812 0.008910 3.563988 0.823677 5.437719 200.000000 5.437719 0.018150 7.260112 0.567060 5.323843 200.000000 5.323843 0.130425 52.169837 -0.950071 21.713725 200.000000 21.713725 0.879433 351.773349 -0.312033 -12.786909 200.000000 -12.786909
 94.800000 0.671811 0.740722 -0.359389 -0.933188 0.736652 -2.773980 0.740722 0.671811 -0.933188 -0.359389 0.688143 275.257008 0.823677 5.437719 200.000000 5.437719 1.097289 438.915546 0.567060 5.323843 200.000000 5.323843 0.028505 11.401838 -0.950071 21.713725 200.000000 21.713725 0.224256 89.702209 -0.312033 -12.786909 200.000000 -12.786909
 95.000000 0.628227 0.778030 -0.358970 -0.933349 0.679273 -2.774428 0.778030 0.628227 -0.933349 -0.358970 0.208364 83.345458 0.823677 5.437719 200.000000 5.437719 0.374148 149.659077 0.567060 5.323843 200.000000 5.323843 0.027963 11.185146 -0.950071 21.713725 200.000000 21.713725 0.220306 88.122395 -0.312033 -12.786909 200.000000 -12.786909
 95.200000 0.639681 0.768640 -0.421341 -0.906902 0.694084 -2.706669 0.768640 0.639681 -0.906902 -0.421341 0.302901 121.160353 0.823677 5.437719 200.000000 5.437719 0.527389 210.955623 0.567060 5.323843 200.000000 5.323843 0.186355 74.542128 -0.950071 21.713725 200.000000 21.713725 1.194817 477.926839 -0.312033 -12.786909 200.000000 -12.786909
 95.400000 0.660696 0.750653 -0.370087 -0.928997 0.721746 -2.762490 0.750653 0.660696 -0.928997 -0.370087 0.533239 213.295541 0.823677 5.437719 200.000000 5.437719 0.876777 350.710767 0.567060 5.323843 200.000000 5.323843 0.044412 17.764641 -0.950071 21.713725 200.000000 21.713725 0.337023 134.809110 -0.312033 -12.786909 200.000000 -12.786909
 95.600000 0.652491 0.757796 -0.331696 -0.943386 0.710867 -2.803492 0.757796 0.652491 -0.943386 -0.331696 0.434020 173.607828 0.823677 5.437719 200.000000 5.437719 0.729849 291.939585 0.567060 5.323843 200.000000 5.323843 0.004469 1.787469 -0.950071 21.713725 200.000000 21.713725 0.038662 15.464743 -0.312033 -12.786909 200.000000 -12.786909
 95.800000 0.657190 0.753725 -0.399422 -0.916767 0.717085 -2.730706 0.753725 0.657190 -0.916767 -0.399422 0.489324 195.729601 0.823677 5.437719 200.000000 5.437719 0.812346 324.938226 0.567060 5.323843 200.000000 5.323843 0.110916 44.366409 -0.950071 21.713725 200.000000 21.713725 0.763681 305.472327 -0.312033 -12.786909 200.000000 -12.786909
 96.000000 0.545907 0.837846 -0.306312 -0.951931 0.577471 -2.830276 0.837846 0.545907 -0.951931 -0.306312 0.020077 8.030617 0.823677 5.437719 200.000000 5.437719 0.044744 17.897683 0.567060 5.323843 200.000000 5.323843 0.000346 0.138377 -0.950071 21.713725 200.000000 21.713725 0.003273 1.309248 -0.312033 -12.786909 200.000000 -12.786909
 96.200000 0.648165 0.761500 -0.289400 -0.957208 0.705173 -2.847992 0.761500 0.648165 -0.957208 -0.289400 0.386597 154.638912 0.823677 5.437719 200.000000 5.437719 0.657810 263.123929 0.567060 5.323843 200.000000 5.323843 0.005094 2.037467 -0.950071 21.713725 200.000000 21.713725 0.051225 20.490062 -0.312033 -12.786909 200.000000 -12.786909
 96.400000 0.687017 0.726641 -0.404349 -0.914605 0.757376 -2.725326 0.726641 0.687017 -0.914605 -0.404349 0.941583 376.633375 0.823677 5.437719 200.000000 5.437719 1.438971 575.588420 0.567060 5.323843 200.000000 5.323843 0.125785 50.314181 -0.950071 21.713725 200.000000 21.713725 0.852212 340.884755 -0.312033 -12.786909 200.000000 -12.786909
 96.600000 0.579257 0.815145 -0.354044 -0.935229 0.617817 -2.779700 0.815145 0.579257 -0.935229 -0.354044 0.007279 2.911705 0.823677 5.437719 200.000000 5.437719 0.014878 5.951150 0.567060 5.323843 200.000000 5.323843 0.022030 8.812038 -0.950071 21.713725 200.000000 21.713725 0.176493 70.597131 -0.312033 -12.786909 200.000000 -12.786909
 96.800000 0.562145 0.827039 -0.301238 -0.953549 0.596977 -2.835601 0.827039 0.562145 -0.953549 -0.301238 0.001130 0.452192 0.823677 5.437719 200.000000 5.437719 0.002416 0.966323 0.567060 5.323843 200.000000 5.323843 0.001209 0.483779 -0.950071 21.713725 200.000000 21.713725 0.011653 4.661236 -0.312033 -12.786909 200.000000 -12.786909
 97.000000 0.537724 0.843121 -0.285183 -0.958473 0.567736 -2.852396 0.843121 0.537724 -0.958473 -0.285183 0.037808 15.123019 0.823677 5.437719 200.000000 5.437719 0.086058 34.423039 0.567060 5.323843 200.000000 5.323843 0.007059 2.823762 -0.950071 21.713725 200.000000 21.713725 0.072096 28.838282 -0.312033 -12.786909 200.000000 -12.786909
 97.200000 0.552266 0.833668 -0.317369 -0.948302 0.585079 -2.818639 0.833668 0.552266 -0.948302 -0.317369 0.009983 3.993317 0.823677 5.437719 200.000000 5.437719 0.021887 8.754810 0.567060 5.323843 200.000000 5.323843 0.000313 0.125189 -0.950071 21.713725 200.000000 21.713725 0.002847 1.138868 -0.312033 -12.786909 200.000000 -12.786909
 97.400000 0.656561 0.754273 -0.226163 -0.974089 0.716251 -2.913455 0.754273 0.656561 -0.974089 -0.226163 0.481689 192.675616 0.823677 5.437719 200.000000 5.437719 0.801049 320.419533 0.567060 5.323843 200.000000 5.323843 0.057688 23.075060 -0.950071 21.713725 200.000000 21.713725 0.737366 294.946388 -0.312033 -12.786909 200.000000 -12.786909
 97.600000 0.572417 0.819963 -0.328411 -0.944535 0.609451 -2.806972 0.819963 0.572417 -0.944535 -0.328411 0.001379 0.551734 0.823677 5.437719 200.000000 5.437719 0.002870 1.147973 0.567060 5.323843 200.000000 5.323843 0.003065 1.225904 -0.950071 21.713725 200.000000 21.713725 0.026821 10.728333 -0.312033 -12.786909 200.000000 -12.786909
 97.800000 0.639183 0.769054 -0.311565 -0.950225 0.693436 -2.824753 0.769054 0.639183 -0.950225 -0.311565 0.298359 119.343580 0.823677 5.437719 200.000000 5.437719 0.520181 208.072209 0.567060 5.323843 200.000000 5.323843 0.000002 0.000945 -0.950071 21.713725 200.000000 21.713725 0.000022 0.008771 -0.312033 -12.786909 200.000000 -12.786909
 98.000000 0.595233 0.803553 -0.332789 -0.943001 0.637556 -2.802333 0.803553 0.595233 -0.943001 -0.332789 0.040495 16.198086 0.823677 5.437719 200.000000 5.437719 0.079373 31.749019 0.567060 5.323843 200.000000 5.323843 0.004998 1.999207 -0.950071 21.713725 200.000000 21.713725 0.043078 17.231077 -0.312033 -12.786909 200.000000 -12.786909
 98.200000 0.641211 0.767364 -0.258829 -0.965923 0.696076 -2.879783 0.767364 0.641211 -0.965923 -0.258829 0.317105 126.842122 0.823677 5.437719 200.000000 5.437719 0.549842 219.936621 0.567060 5.323843 200.000000 5.323843 0.025128 10.051362 -0.950071 21.713725 200.000000 21.713725 0.283067 113.226940 -0.312033 -12.786909 200.000000 -12.786909
 98.400000 0.681161 0.732134 -0.259179 -0.965829 0.749347 -2.879421 0.732134 0.681161 -0.965829 -0.259179 0.838010 335.203859 0.823677 5.437719 200.000000 5.437719 1.301906 520.762209 0.567060 5.323843 200.000000 5.323843 0.024832 9.932789 -0.950071 21.713725 200.000000 21.713725 0.279358 111.743330 -0.312033 -12.786909 200.000000 -12.786909
 98.600000 0.635217 0.772334 -0.364699 -0.931126 0.688289 -2.768284 0.772334 0.635217 -0.931126 -0.364699 0.263607 105.442789 0.823677 5.437719 200.000000 5.437719 0.464536 185.814484 0.567060 5.323843 200.000000 5.323843 0.035893 14.357262 -0.950071 21.713725 200.000000 21.713725 0.277362 110.944711 -0.312033 -12.786909 200.000000 -12.786909
 98.800000 0.743137 0.669139 -0.307066 -0.951688 0.837747 -2.829485 0.669139 0.743137 -0.951688 -0.307066 2.388191 955.276276 0.823677 5.437719 200.000000 5.437719 3.100330 1240.131844 0.567060 5.323843 200.000000 5.323843 0.000262 0.104618 -0.950071 21.713725 200.000000 21.713725 0.002468 0.987182 -0.312033 -12.786909 200.000000 -12.786909
 99.000000 0.620397 0.784288 -0.356730 -0.934207 0.669248 -2.776827 0.784288 0.620397 -0.934207 -0.356730 0.155144 62.057736 0.823677 5.437719 200.000000 5.437719 0.284481 113.792484 0.567060 5.323843 200.000000 5.323843 0.025166 10.066323 -0.950071 21.713725 200.000000 21.713725 0.199782 79.912644 -0.312033 -12.786909 200.000000 -12.786909
 99.200000 0.651061 0.759025 -0.320887 -0.947118 0.708982 -2.814927 0.759025 0.651061 -0.947118 -0.320887 0.417979 167.191512 0.823677 5.437719 200.000000 5.437719 0.705621 282.248480 0.567060 5.323843 200.000000 5.323843 0.000872 0.348951 -0.950071 21.713725 200.000000 21.713725 0.007838 3.135363 -0.312033 -12.786909 200.000000 -12.786909
 99.400000 0.566978 0.823733 -0.321603 -0.946875 0.602833 -2.814171 0.823733 0.566978 -0.946875 -0.321603 0.000000 0.000127 0.823677 5.437719 200.000000 5.437719 0.000001 0.000268 0.567060 5.323843 200.000000 5.323843 0.001022 0.408673 -0.950071 21.713725 200.000000 21.713725 0.009157 3.662739 -0.312033 -12.786909 200.000000 -12.786909
 99.600000 0.605192 0.796079 -0.312706 -0.949850 0.650007 -2.823552 0.796079 0.605192 -0.949850 -0.312706 0.076161 30.464389 0.823677 5.437719 200.000000 5.437719 0.145408 58.163363 0.567060 5.323843 200.000000 5.323843 0.000005 0.001955 -0.950071 21.713725 200.000000 21.713725 0.000045 0.018083 -0.312033 -12.786909 200.000000 -12.786909
 99.800000 0.626027 0.779801 -0.381708 -0.924283 0.676448 -2.749949 0.779801 0.626027 -0.924283 -0.381708 0.192505 77.002162 0.823677 5.437719 200.000000 5.437719 0.347716 139.086326 0.567060 5.323843 200.000000 5.323843 0.066503 26.601218 -0.950071 21.713725 200.000000 21.713725 0.485455 194.182191 -0.312033 -12.786909 200.000000 -12.786909
 100.000000 0.630793 0.775951 -0.396495 -0.918037 0.682575 -2.733897 0.775951 0.630793 -0.918037 -0.396495 0.227773 91.109145 0.823677 5.437719 200.000000 5.437719 0.406193 162.477298 0.567060 5.323843 200.000000 5.323843 0.102619 41.047557 -0.950071 21.713725 200.000000 21.713725 0.713373 285.349337 -0.312033 -12.786909 200.000000 -12.786909
