#! FIELDS time sin_phi cos_phi sin_psi cos_psi phi psi cos_phi sin_phi cos_psi sin_psi restraint_phi_cos.bias restraint_phi_cos.force2 restraint_phi_cos.cos_phi_cntr restraint_phi_cos.cos_phi_work restraint_phi_cos.cos_phi_kappa restraint_phi_cos.work restraint_phi_sin.bias restraint_phi_sin.force2 restraint_phi_sin.sin_phi_cntr restraint_phi_sin.sin_phi_work restraint_phi_sin.sin_phi_kappa restraint_phi_sin.work restraint_psi_cos.bias restraint_psi_cos.force2 restraint_psi_cos.cos_psi_cntr restraint_psi_cos.cos_psi_work restraint_psi_cos.cos_psi_kappa restraint_psi_cos.work restraint_psi_sin.bias restraint_psi_sin.force2 restraint_psi_sin.sin_psi_cntr restraint_psi_sin.sin_psi_work restraint_psi_sin.sin_psi_kappa restraint_psi_sin.work
#! SET min_phi -pi
#! SET max_phi pi
#! SET min_psi -pi
#! SET max_psi pi
 0.000000 -0.999983 -0.005782 0.966116 0.258110 -1.576579 1.309731 -0.005782 -0.999983 0.258110 0.966116 0.000000 0.000000 1.000000 0.000000 0.000000 0.000000 0.000000 0.000000 0.000000 0.000000 0.000000 0.000000 0.000000 0.000000 1.000000 0.000000 0.000000 0.000000 0.000000 0.000000 0.000000 0.000000 0.000000 0.000000
 0.200000 -0.992318 0.123711 0.651177 0.758926 -1.446768 0.709134 0.123711 -0.992318 0.758926 0.651177 0.000000 0.000000 1.000000 0.000000 0.000000 0.000000 0.000000 0.000000 0.000000 0.000000 0.000000 0.000000 0.000000 0.000000 1.000000 0.000000 0.000000 0.000000 0.000000 0.000000 0.000000 0.000000 0.000000 0.000000
 0.400000 -0.961266 0.275622 0.530288 0.847817 -1.291559 0.558941 0.275622 -0.961266 0.847817 0.530288 0.000000 0.000000 1.000000 0.000000 0.000000 0.000000 0.000000 0.000000 0.000000 0.000000 0.000000 0.000000 0.000000 0.000000 1.000000 0.000000 0.000000 0.000000 0.000000 0.000000 0.000000 0.000000 0.000000 0.000000
 0.600000 -0.964668 0.263470 0.974191 0.225724 -1.304179 1.343111 0.263470 -0.964668 0.225724 0.974191 0.000000 0.000000 1.000000 0.000000 0.000000 0.000000 0.000000 0.000000 0.000000 0.000000 0.000000 0.000000 0.000000 0.000000 1.000000 0.000000 0.000000 0.000000 0.000000 0.000000 0.000000 0.000000 0.000000 0.000000
 0.800000 -0.999801 0.019934 0.982355 0.187025 -1.550861 1.382663 0.019934 -0.999801 0.187025 0.982355 0.000000 0.000000 1.000000 0.000000 0.000000 0.000000 0.000000 0.000000 0.000000 0.000000 0.000000 0.000000 0.000000 0.000000 1.000000 0.000000 0.000000 0.000000 0.000000 0.000000 0.000000 0.000000 0.000000 0.000000
 1.000000 -0.999595 0.028448 0.659832 0.751413 -1.542345 0.720595 0.028448 -0.999595 0.751413 0.659832 0.000000 0.000000 1.000000 0.000000 0.000000 0.000000 0.000000 0.000000 0.000000 0.000000 0.000000 0.000000 0.000000 0.000000 1.000000 0.000000 0.000000 0.000000 0.000000 0.000000 0.000000 0.000000 0.000000 0.000000
 1.200000 -0.523337 0.852126 -0.267996 0.963420 -0.550763 -0.271313 0.852126 -0.523337 0.963420 -0.267996 0.218668 8.746724 1.000000 4.924676 20.000000 4.924676 2.738818 109.552721 0.000000 7.202907 20.000000 7.202907 0.013381 0.535240 1.000000 0.201922 20.000000 0.201922 0.718220 28.728808 0.000000 1.668522 20.000000 1.668522
 1.400000 0.151769 0.988416 0.008803 0.999961 0.152358 0.008803 0.988416 0.151769 0.999961 0.008803 0.002684 0.214702 1.000000 4.977587 40.000000 4.977587 0.460675 36.854037 0.000000 8.361116 40.000000 8.361116 0.000000 0.000002 1.000000 0.226016 40.000000 0.226016 0.001550 0.123992 0.000000 2.416413 40.000000 2.416413
 1.600000 0.303346 0.952881 -0.214685 0.976683 0.308202 -0.216370 0.952881 0.303346 0.976683 -0.214685 0.066607 7.992877 1.000000 4.988918 60.000000 4.988918 2.760560 331.267251 0.000000 8.907892 60.000000 8.907892 0.016310 1.957213 1.000000 0.229927 60.000000 0.229927 1.382694 165.923319 0.000000 2.705398 60.000000 2.705398
 1.800000 -0.090985 0.995852 0.066053 0.997816 -0.091111 0.066101 0.995852 -0.090985 0.997816 0.066053 0.000688 0.110102 1.000000 4.992377 80.000000 4.992377 0.331127 52.980383 0.000000 9.205546 80.000000 9.205546 0.000191 0.030524 1.000000 0.230389 80.000000 0.230389 0.174520 27.923144 0.000000 2.779924 80.000000 2.779924
 2.000000 -0.266080 0.963951 0.072661 0.997357 -0.269324 0.072725 0.963951 -0.266080 0.997357 0.072661 0.064976 12.995266 1.000000 4.993496 100.000000 4.993496 3.539918 707.983673 0.000000 9.347121 100.000000 9.347121 0.000349 0.069869 1.000000 0.231416 100.000000 0.231416 0.263978 52.795693 0.000000 2.907307 100.000000 2.907307
 2.200000 -0.080140 0.996784 -0.154553 0.987984 -0.080226 -0.155175 0.996784 -0.080140 0.987984 -0.154553 0.000621 0.148970 1.000000 4.994917 120.000000 4.994917 0.385345 92.482909 0.000000 9.475784 120.000000 9.475784 0.008662 2.078966 1.000000 0.231836 120.000000 0.231836 1.433200 343.967953 0.000000 2.993694 120.000000 2.993694
 2.400000 0.044667 0.999002 -0.093595 0.995610 0.044682 -0.093732 0.999002 0.044667 0.995610 -0.093595 0.000070 0.019524 1.000000 4.998059 140.000000 4.998059 0.139660 39.104719 0.000000 9.672366 140.000000 9.672366 0.001349 0.377668 1.000000 0.232655 140.000000 0.232655 0.613198 171.695451 0.000000 3.117438 140.000000 3.117438
 2.600000 -0.113503 0.993538 0.000918 1.000000 -0.113748 0.000918 0.993538 -0.113503 1.000000 0.000918 0.003341 1.069103 1.000000 4.998217 160.000000 4.998217 1.030634 329.802753 0.000000 9.722387 160.000000 9.722387 0.000000 0.000000 1.000000 0.232813 160.000000 0.232813 0.000067 0.021563 0.000000 3.169724 160.000000 3.169724
 2.800000 -0.009796 0.999952 -0.037832 0.999284 -0.009797 -0.037841 0.999952 -0.009796 0.999284 -0.037832 0.000000 0.000075 1.000000 4.998378 180.000000 4.998378 0.008637 3.109428 0.000000 9.775342 180.000000 9.775342 0.000046 0.016606 1.000000 0.232985 180.000000 0.232985 0.128816 46.373937 0.000000 3.222536 180.000000 3.222536
 3.000000 0.072890 0.997340 -0.073600 0.997288 0.072954 -0.073666 0.997340 0.072890 0.997288 -0.073600 0.000708 0.283021 1.000000 4.998579 200.000000 4.998579 0.531289 212.515740 0.000000 9.831728 200.000000 9.831728 0.000736 0.294226 1.000000 0.233078 200.000000 0.233078 0.541691 216.676285 0.000000 3.259799 200.000000 3.259799
 3.200000 0.045956 0.998943 -0.044439 0.999012 0.045972 -0.044454 0.998943 0.045956 0.999012 -0.044439 0.218079 87.231720 0.952245 5.202369 200.000000 5.202369 0.135123 54.049076 0.082715 9.721314 200.000000 9.721314 0.241044 96.417420 0.949916 0.460872 200.000000 0.460872 0.131632 52.652740 -0.080720 3.342365 200.000000 3.342365
 3.400000 0.247214 0.968961 -0.127064 0.991894 0.249804 -0.127409 0.968961 0.247214 0.991894 -0.127064 0.415662 166.264873 0.904489 5.808071 200.000000 5.808071 0.668866 267.546269 0.165430 9.968244 200.000000 9.968244 0.847553 339.021296 0.899832 1.108918 200.000000 1.108918 0.118171 47.268317 -0.161440 3.075808 200.000000 3.075808
 3.600000 0.422859 0.906196 -0.226163 0.974090 0.436598 -0.228137 0.906196 0.422859 0.974090 -0.226163 0.244650 97.859944 0.856734 6.510665 200.000000 6.510665 3.052495 1220.998056 0.248145 8.513596 200.000000 8.513596 1.546088 618.435302 0.849748 2.056136 200.000000 2.056136 0.025593 10.237102 -0.242160 2.469834 200.000000 2.469834
 3.800000 0.494730 0.869047 -0.364514 0.931198 0.517524 -0.373111 0.869047 0.494730 0.931198 -0.364514 0.360823 144.329133 0.808978 7.356756 200.000000 7.356756 2.685356 1074.142273 0.330860 6.952246 200.000000 6.952246 1.730122 692.048633 0.799664 3.230519 200.000000 3.230519 0.173337 69.334980 -0.322881 1.807514 200.000000 1.807514
 4.000000 0.560306 0.828286 -0.475265 0.879843 0.594755 -0.495265 0.828286 0.560306 0.879843 -0.475265 0.449749 179.899769 0.761223 8.307339 200.000000 8.307339 2.152999 861.199450 0.413575 5.464636 200.000000 5.464636 1.696854 678.741544 0.749580 4.527783 200.000000 4.527783 0.513571 205.428218 -0.403601 0.884212 200.000000 0.884212
 4.200000 0.636967 0.770891 -0.513237 0.858247 0.690557 -0.538952 0.770891 0.636967 0.858247 -0.513237 0.329754 131.901583 0.713467 8.957210 200.000000 8.957210 1.979006 791.602361 0.496290 3.224659 200.000000 3.224659 2.520205 1008.082138 0.699495 5.876614 200.000000 5.876614 0.083613 33.445153 -0.484321 -0.183752 200.000000 -0.183752
 4.400000 0.688528 0.725210 -0.657869 0.753133 0.759457 -0.717985 0.725210 0.688528 0.753133 -0.657869 0.354007 141.602802 0.665712 9.640260 200.000000 9.640260 1.199532 479.812643 0.579005 1.420379 200.000000 1.420379 1.075814 430.325416 0.649411 7.024040 200.000000 7.024040 0.861692 344.676956 -0.565041 -1.579508 200.000000 -1.579508
 4.600000 0.696604 0.717456 -0.661249 0.750167 0.770653 -0.722482 0.717456 0.696604 0.750167 -0.661249 0.990019 396.007570 0.617956 10.059689 200.000000 10.059689 0.121693 48.677317 0.661720 -0.303396 200.000000 -0.303396 2.275254 910.101740 0.599327 7.880723 200.000000 7.880723 0.023986 9.594411 -0.645761 -3.139664 200.000000 -3.139664
 4.800000 0.753405 0.657557 -0.787386 0.616461 0.853225 -0.906557 0.657557 0.753405 0.616461 -0.787386 0.763107 305.242950 0.570201 10.316846 200.000000 10.316846 0.008047 3.218947 0.744434 -1.617562 200.000000 -1.617562 0.451817 180.726680 0.549243 8.627518 200.000000 8.627518 0.370934 148.373774 -0.726481 -4.282666 200.000000 -4.282666
 5.000000 0.878895 0.477016 -0.865018 0.501741 1.073540 -1.045186 0.477016 0.878895 0.501741 -0.865018 0.206382 82.552877 0.522445 10.442629 200.000000 10.442629 0.267758 107.103249 0.827149 -2.284158 200.000000 -2.284158 0.000667 0.266609 0.499159 9.194789 200.000000 9.194789 0.334274 133.709480 -0.807202 -5.022890 200.000000 -5.022890
 5.200000 0.903256 0.429102 -0.892947 0.450162 1.127298 -1.103849 0.429102 0.903256 0.450162 -0.892947 0.502650 201.060111 0.500000 10.484838 200.000000 10.484838 0.138611 55.444575 0.866025 -2.322473 200.000000 -2.322473 0.000118 0.047296 0.449075 9.479892 200.000000 9.479892 0.002525 1.010002 -0.887922 -5.268682 200.000000 -5.268682
 5.400000 0.858147 0.513404 -0.860458 0.509521 1.031650 -1.036169 0.513404 0.858147 0.509521 -0.860458 0.017967 7.186708 0.500000 10.484838 200.000000 10.484838 0.006207 2.482755 0.866025 -2.322473 200.000000 -2.322473 0.428422 171.368755 0.444067 9.447666 200.000000 9.447666 0.126276 50.510276 -0.895994 -5.297304 200.000000 -5.297304
 5.600000 0.839848 0.542822 -0.869352 0.494193 0.997003 -1.053889 0.542822 0.839848 0.494193 -0.869352 0.183370 73.348131 0.500000 10.484838 200.000000 10.484838 0.068526 27.410418 0.866025 -2.322473 200.000000 -2.322473 0.251270 100.508143 0.444067 9.447666 200.000000 9.447666 0.070979 28.391491 -0.895994 -5.297304 200.000000 -5.297304
 5.800000 0.838079 0.545549 -0.899380 0.437167 0.993752 -1.118350 0.545549 0.838079 0.437167 -0.899380 0.207475 82.989919 0.500000 10.484838 200.000000 10.484838 0.078102 31.240806 0.866025 -2.322473 200.000000 -2.322473 0.004761 1.904206 0.444067 9.447666 200.000000 9.447666 0.001147 0.458761 -0.895994 -5.297304 200.000000 -5.297304
 6.000000 0.881288 0.472580 -0.928337 0.371740 1.078580 -1.189914 0.472580 0.881288 0.371740 -0.928337 0.075186 30.074336 0.500000 10.484838 200.000000 10.484838 0.023294 9.317624 0.866025 -2.322473 200.000000 -2.322473 0.523117 209.246922 0.444067 9.447666 200.000000 9.447666 0.104608 41.843318 -0.895994 -5.297304 200.000000 -5.297304
 6.200000 0.839182 0.543851 -0.906394 0.422434 0.995776 -1.134668 0.543851 0.839182 0.422434 -0.906394 0.192295 76.917936 0.500000 10.484838 200.000000 10.484838 0.072059 28.823773 0.866025 -2.322473 200.000000 -2.322473 0.046799 18.719415 0.444067 9.447666 200.000000 9.447666 0.010816 4.326466 -0.895994 -5.297304 200.000000 -5.297304
 6.400000 0.873198 0.487365 -0.899882 0.436134 1.061727 -1.119498 0.487365 0.873198 0.436134 -0.899882 0.015965 6.385978 0.500000 10.484838 200.000000 10.484838 0.005145 2.058125 0.866025 -2.322473 200.000000 -2.322473 0.006292 2.516843 0.444067 9.447666 200.000000 9.447666 0.001511 0.604599 -0.895994 -5.297304 200.000000 -5.297304
 6.600000 0.894222 0.447624 -0.926050 0.377401 1.106690 -1.183808 0.447624 0.894222 0.377401 -0.926050 0.274329 109.731667 0.500000 10.484838 200.000000 10.484838 0.079505 31.802130 0.866025 -2.322473 200.000000 -2.322473 0.444429 177.771674 0.444067 9.447666 200.000000 9.447666 0.090337 36.134827 -0.895994 -5.297304 200.000000 -5.297304
 6.800000 0.909455 0.415802 -0.874339 0.485316 1.141972 -1.064072 0.415802 0.909455 0.485316 -0.874339 0.708927 283.571000 0.500000 10.484838 200.000000 10.484838 0.188614 75.445500 0.866025 -2.322473 200.000000 -2.322473 0.170151 68.060242 0.444067 9.447666 200.000000 9.447666 0.046894 18.757405 -0.895994 -5.297304 200.000000 -5.297304
 7.000000 0.837893 0.545834 -0.920813 0.390004 0.993412 -1.170161 0.545834 0.837893 0.390004 -0.920813 0.210078 84.031024 0.500000 10.484838 200.000000 10.484838 0.079142 31.656848 0.866025 -2.322473 200.000000 -2.322473 0.292279 116.911479 0.444067 9.447666 200.000000 9.447666 0.061601 24.640243 -0.895994 -5.297304 200.000000 -5.297304
 7.200000 0.873494 0.486836 -0.913840 0.406075 1.062333 -1.152641 0.486836 0.873494 0.406075 -0.913840 0.017330 6.932069 0.500000 10.484838 200.000000 10.484838 0.005577 2.230972 0.866025 -2.322473 200.000000 -2.322473 0.144336 57.734451 0.444067 9.447666 200.000000 9.447666 0.031848 12.739147 -0.895994 -5.297304 200.000000 -5.297304
 7.400000 0.808736 0.588172 -0.916709 0.399555 0.942000 -1.159765 0.588172 0.808736 0.399555 -0.916709 0.777423 310.969245 0.500000 10.484838 200.000000 10.484838 0.328206 131.282321 0.866025 -2.322473 200.000000 -2.322473 0.198128 79.251285 0.444067 9.447666 200.000000 9.447666 0.042913 17.165182 -0.895994 -5.297304 200.000000 -5.297304
 7.600000 0.790761 0.612125 -0.852906 0.522065 0.912052 -1.021526 0.612125 0.790761 0.522065 -0.852906 1.257192 502.876604 0.500000 10.484838 200.000000 10.484838 0.566468 226.587034 0.866025 -2.322473 200.000000 -2.322473 0.608372 243.348793 0.444067 9.447666 200.000000 9.447666 0.185657 74.262893 -0.895994 -5.297304 200.000000 -5.297304
 7.800000 0.892902 0.450251 -0.898729 0.438505 1.103750 -1.116862 0.450251 0.892902 0.438505 -0.898729 0.247501 99.000308 0.500000 10.484838 200.000000 10.484838 0.072237 28.894611 0.866025 -2.322473 200.000000 -2.322473 0.003093 1.237207 0.444067 9.447666 200.000000 9.447666 0.000748 0.299191 -0.895994 -5.297304 200.000000 -5.297304
 8.000000 0.845842 0.533433 -0.908757 0.417325 1.008142 -1.140296 0.533433 0.845842 0.417325 -0.908757 0.111777 44.710759 0.500000 10.484838 200.000000 10.484838 0.040736 16.294324 0.866025 -2.322473 200.000000 -2.322473 0.071509 28.603781 0.444067 9.447666 200.000000 9.447666 0.016290 6.516142 -0.895994 -5.297304 200.000000 -5.297304
 8.200000 0.861870 0.507130 -0.930170 0.367128 1.038945 -1.194877 0.507130 0.861870 0.367128 -0.930170 0.005084 2.033512 0.500000 10.484838 200.000000 10.484838 0.001727 0.690849 0.866025 -2.322473 200.000000 -2.322473 0.591955 236.782185 0.444067 9.447666 200.000000 9.447666 0.116804 46.721788 -0.895994 -5.297304 200.000000 -5.297304
 8.400000 0.910268 0.414020 -0.929460 0.368924 1.143931 -1.192945 0.414020 0.910268 0.368924 -0.929460 0.739260 295.703856 0.500000 10.484838 200.000000 10.484838 0.195740 78.295867 0.866025 -2.322473 200.000000 -2.322473 0.564639 225.855666 0.444067 9.447666 200.000000 9.447666 0.111996 44.798219 -0.895994 -5.297304 200.000000 -5.297304
 8.600000 0.866577 0.499044 -0.868726 0.495292 1.048301 -1.052625 0.499044 0.866577 0.495292 -0.868726 0.000091 0.036574 0.500000 10.484838 200.000000 10.484838 0.000030 0.012160 0.866025 -2.322473 200.000000 -2.322473 0.262408 104.963090 0.444067 9.447666 200.000000 9.447666 0.074351 29.740489 -0.895994 -5.297304 200.000000 -5.297304
 8.800000 0.823139 0.567839 -0.858460 0.512880 0.966918 -1.032260 0.567839 0.823139 0.512880 -0.858460 0.460217 184.086976 0.500000 10.484838 200.000000 10.484838 0.183921 73.568319 0.866025 -2.322473 200.000000 -2.322473 0.473528 189.411304 0.444067 9.447666 200.000000 9.447666 0.140876 56.350439 -0.895994 -5.297304 200.000000 -5.297304
 9.000000 0.880327 0.474368 -0.908084 0.418788 1.076551 -1.138686 0.474368 0.880327 0.418788 -0.908084 0.065701 26.280334 0.500000 10.484838 200.000000 10.484838 0.020453 8.181126 0.866025 -2.322473 200.000000 -2.322473 0.063900 25.559914 0.444067 9.447666 200.000000 9.447666 0.014617 5.846882 -0.895994 -5.297304 200.000000 -5.297304
 9.200000 0.871887 0.489708 -0.903645 0.428283 1.059042 -1.128205 0.489708 0.871887 0.428283 -0.903645 0.010593 4.237049 0.500000 10.484838 200.000000 10.484838 0.003435 1.374112 0.866025 -2.322473 200.000000 -2.322473 0.024912 9.964981 0.444067 9.447666 200.000000 9.447666 0.005854 2.341462 -0.895994 -5.297304 200.000000 -5.297304
 9.400000 0.844575 0.535438 -0.862206 0.506558 1.005770 -1.039608 0.535438 0.844575 0.506558 -0.862206 0.125583 50.233039 0.500000 10.484838 200.000000 10.484838 0.046013 18.405191 0.866025 -2.322473 200.000000 -2.322473 0.390516 156.206462 0.444067 9.447666 200.000000 9.447666 0.114162 45.664700 -0.895994 -5.297304 200.000000 -5.297304
 9.600000 0.900831 0.434170 -0.938009 0.346610 1.121680 -1.216842 0.434170 0.900831 0.346610 -0.938009 0.433361 173.344398 0.500000 10.484838 200.000000 10.484838 0.121143 48.457273 0.866025 -2.322473 200.000000 -2.322473 0.949785 379.913840 0.444067 9.447666 200.000000 9.447666 0.176532 70.612634 -0.895994 -5.297304 200.000000 -5.297304
 9.800000 0.897710 0.440586 -0.904246 0.427011 1.114545 -1.129611 0.440586 0.897710 0.427011 -0.904246 0.353003 141.201076 0.500000 10.484838 200.000000 10.484838 0.100394 40.157616 0.866025 -2.322473 200.000000 -2.322473 0.029089 11.635433 0.444067 9.447666 200.000000 9.447666 0.006810 2.724179 -0.895994 -5.297304 200.000000 -5.297304
 10.000000 0.855678 0.517508 -0.873304 0.487176 1.026860 -1.061943 0.517508 0.855678 0.487176 -0.873304 0.030653 12.261311 0.500000 10.484838 200.000000 10.484838 0.010706 4.282484 0.866025 -2.322473 200.000000 -2.322473 0.185844 74.337468 0.444067 9.447666 200.000000 9.447666 0.051484 20.593583 -0.895994 -5.297304 200.000000 -5.297304
 10.200000 0.871667 0.490099 -0.867187 0.497982 1.058593 -1.049526 0.490099 0.871667 0.497982 -0.867187 0.009803 3.921163 0.500000 10.484838 200.000000 10.484838 0.003182 1.272994 0.866025 -2.322473 200.000000 -2.322473 0.290691 116.276247 0.444067 9.447666 200.000000 9.447666 0.082982 33.192823 -0.895994 -5.297304 200.000000 -5.297304
 10.400000 0.856949 0.515401 -0.859851 0.510545 1.029321 -1.034978 0.515401 0.856949 0.510545 -0.859851 0.023720 9.487950 0.500000 10.484838 200.000000 10.484838 0.008238 3.295264 0.866025 -2.322473 200.000000 -2.322473 0.441940 176.776023 0.444067 9.447666 200.000000 9.447666 0.130631 52.252220 -0.895994 -5.297304 200.000000 -5.297304
 10.600000 0.864055 0.503397 -0.872998 0.487724 1.043270 -1.061315 0.503397 0.864055 0.487724 -0.872998 0.001154 0.461677 0.500000 10.484838 200.000000 10.484838 0.000388 0.155293 0.866025 -2.322473 200.000000 -2.322473 0.190598 76.239017 0.444067 9.447666 200.000000 9.447666 0.052881 21.152538 -0.895994 -5.297304 200.000000 -5.297304
 10.800000 0.889758 0.456432 -0.874367 0.485265 1.096816 -1.064130 0.456432 0.889758 0.485265 -0.874367 0.189818 75.927355 0.500000 10.484838 200.000000 10.484838 0.056325 22.530159 0.866025 -2.322473 200.000000 -2.322473 0.169731 67.892524 0.444067 9.447666 200.000000 9.447666 0.046771 18.708538 -0.895994 -5.297304 200.000000 -5.297304
 11.000000 0.912209 0.409725 -0.865340 0.501185 1.148644 -1.045828 0.409725 0.912209 0.501185 -0.865340 0.814957 325.982992 0.500000 10.484838 200.000000 10.484838 0.213293 85.317308 0.866025 -2.322473 200.000000 -2.322473 0.326254 130.501461 0.444067 9.447666 200.000000 9.447666 0.093965 37.586086 -0.895994 -5.297304 200.000000 -5.297304
 11.200000 0.848224 0.529637 -0.864529 0.502584 1.012624 -1.044212 0.529637 0.848224 0.502584 -0.864529 0.087836 35.134339 0.500000 10.484838 200.000000 10.484838 0.031688 12.675117 0.866025 -2.322473 200.000000 -2.322473 0.342423 136.969159 0.444067 9.447666 200.000000 9.447666 0.099005 39.602141 -0.895994 -5.297304 200.000000 -5.297304
 11.400000 0.887282 0.461227 -0.878740 0.477301 1.091419 -1.073216 0.461227 0.887282 0.477301 -0.878740 0.150333 60.133278 0.500000 10.484838 200.000000 10.484838 0.045185 18.073855 0.866025 -2.322473 200.000000 -2.322473 0.110449 44.179795 0.444067 9.447666 200.000000 9.447666 0.029769 11.907557 -0.895994 -5.297304 200.000000 -5.297304
 11.600000 0.870543 0.492092 -0.878463 0.477811 1.056305 -1.072635 0.492092 0.870543 0.477811 -0.878463 0.006254 2.501583 0.500000 10.484838 200.000000 10.484838 0.002041 0.816460 0.866025 -2.322473 200.000000 -2.322473 0.113870 45.547980 0.444067 9.447666 200.000000 9.447666 0.030734 12.293775 -0.895994 -5.297304 200.000000 -5.297304
 11.800000 0.857210 0.514967 -0.891222 0.453567 1.029827 -1.100033 0.514967 0.857210 0.453567 -0.891222 0.022401 8.960536 0.500000 10.484838 200.000000 10.484838 0.007771 3.108485 0.866025 -2.322473 200.000000 -2.322473 0.009026 3.610260 0.444067 9.447666 200.000000 9.447666 0.002277 0.910715 -0.895994 -5.297304 200.000000 -5.297304
 12.000000 0.872335 0.488909 -0.839325 0.543630 1.059957 -0.996041 0.488909 0.872335 0.543630 -0.839325 0.012301 4.920204 0.500000 10.484838 200.000000 10.484838 0.003981 1.592269 0.866025 -2.322473 200.000000 -2.322473 0.991281 396.512217 0.444067 9.447666 200.000000 9.447666 0.321133 128.453163 -0.895994 -5.297304 200.000000 -5.297304
 12.200000 0.845250 0.534371 -0.874074 0.485793 1.007033 -1.063527 0.534371 0.845250 0.485793 -0.874074 0.118134 47.253553 0.500000 10.484838 200.000000 10.484838 0.043161 17.264215 0.866025 -2.322473 200.000000 -2.322473 0.174106 69.642423 0.444067 9.447666 200.000000 9.447666 0.048047 19.218897 -0.895994 -5.297304 200.000000 -5.297304
 12.400000 0.876602 0.481215 -0.848147 0.529761 1.068756 -1.012477 0.481215 0.876602 0.529761 -0.848147 0.035286 14.114541 0.500000 10.484838 200.000000 10.484838 0.011187 4.474929 0.866025 -2.322473 200.000000 -2.322473 0.734354 293.741571 0.444067 9.447666 200.000000 9.447666 0.228932 91.572824 -0.895994 -5.297304 200.000000 -5.297304
 12.600000 0.835650 0.549262 -0.907256 0.420578 0.989316 -1.136714 0.549262 0.835650 0.420578 -0.907256 0.242671 97.068390 0.500000 10.484838 200.000000 10.484838 0.092264 36.905557 0.866025 -2.322473 200.000000 -2.322473 0.055172 22.068909 0.444067 9.447666 200.000000 9.447666 0.012685 5.073924 -0.895994 -5.297304 200.000000 -5.297304
 12.800000 0.896650 0.442740 -0.911020 0.412362 1.112145 -1.145751 0.442740 0.896650 0.412362 -0.911020 0.327875 131.150191 0.500000 10.484838 200.000000 10.484838 0.093788 37.515230 0.866025 -2.322473 200.000000 -2.322473 0.100520 40.207824 0.444067 9.447666 200.000000 9.447666 0.022579 9.031704 -0.895994 -5.297304 200.000000 -5.297304
 13.000000 0.885943 0.463795 -0.892341 0.451362 1.088523 -1.102505 0.463795 0.885943 0.451362 -0.892341 0.131082 52.432791 0.500000 10.484838 200.000000 10.484838 0.039670 15.867909 0.866025 -2.322473 200.000000 -2.322473 0.005323 2.129158 0.444067 9.447666 200.000000 9.447666 0.001334 0.533793 -0.895994 -5.297304 200.000000 -5.297304
 13.200000 0.840818 0.541317 -0.892249 0.451543 0.998793 -1.102303 0.541317 0.840818 0.451543 -0.892249 0.170713 68.285025 0.500000 10.484838 200.000000 10.484838 0.063540 25.415822 0.866025 -2.322473 200.000000 -2.322473 0.005589 2.235751 0.444067 9.447666 200.000000 9.447666 0.001402 0.560799 -0.895994 -5.297304 200.000000 -5.297304
 13.400000 0.884431 0.466671 -0.876613 0.481196 1.085273 -1.068778 0.466671 0.884431 0.481196 -0.876613 0.111079 44.431745 0.500000 10.484838 200.000000 10.484838 0.033876 13.550292 0.866025 -2.322473 200.000000 -2.322473 0.137859 55.143453 0.444067 9.447666 200.000000 9.447666 0.037561 15.024467 -0.895994 -5.297304 200.000000 -5.297304
 13.600000 0.819066 0.573699 -0.930492 0.366313 0.959781 -1.195753 0.573699 0.819066 0.366313 -0.930492 0.543155 217.261933 0.500000 10.484838 200.000000 10.484838 0.220517 88.206735 0.866025 -2.322473 200.000000 -2.322473 0.604565 241.825940 0.444067 9.447666 200.000000 9.447666 0.119011 47.604418 -0.895994 -5.297304 200.000000 -5.297304
 13.800000 0.854703 0.519118 -0.893541 0.448982 1.024978 -1.105170 0.519118 0.854703 0.448982 -0.893541 0.036548 14.619239 0.500000 10.484838 200.000000 10.484838 0.012820 5.128009 0.866025 -2.322473 200.000000 -2.322473 0.002417 0.966635 0.444067 9.447666 200.000000 9.447666 0.000602 0.240732 -0.895994 -5.297304 200.000000 -5.297304
 14.000000 0.869963 0.493117 -0.891354 0.453307 1.055127 -1.100324 0.493117 0.869963 0.453307 -0.891354 0.004737 1.894965 0.500000 10.484838 200.000000 10.484838 0.001550 0.620167 0.866025 -2.322473 200.000000 -2.322473 0.008539 3.415616 0.444067 9.447666 200.000000 9.447666 0.002152 0.860989 -0.895994 -5.297304 200.000000 -5.297304
 14.200000 0.881688 0.471832 -0.892141 0.451757 1.079428 -1.102063 0.471832 0.881688 0.451757 -0.892141 0.079341 31.736542 0.500000 10.484838 200.000000 10.484838 0.024533 9.813000 0.866025 -2.322473 200.000000 -2.322473 0.005914 2.365405 0.444067 9.447666 200.000000 9.447666 0.001484 0.593676 -0.895994 -5.297304 200.000000 -5.297304
 14.400000 0.807215 0.590257 -0.903596 0.428386 0.939419 -1.128090 0.590257 0.807215 0.428386 -0.903596 0.814640 325.855977 0.500000 10.484838 200.000000 10.484838 0.345865 138.346142 0.866025 -2.322473 200.000000 -2.322473 0.024587 9.834916 0.444067 9.447666 200.000000 9.447666 0.005779 2.311574 -0.895994 -5.297304 200.000000 -5.297304
 14.600000 0.841783 0.539816 -0.886627 0.462486 1.000577 -1.090000 0.539816 0.841783 0.462486 -0.886627 0.158534 63.413438 0.500000 10.484838 200.000000 10.484838 0.058770 23.508034 0.866025 -2.322473 200.000000 -2.322473 0.033926 13.570263 0.444067 9.447666 200.000000 9.447666 0.008774 3.509587 -0.895994 -5.297304 200.000000 -5.297304
 14.800000 0.872259 0.489043 -0.919139 0.393934 1.059804 -1.165889 0.489043 0.872259 0.393934 -0.919139 0.012005 4.801884 0.500000 10.484838 200.000000 10.484838 0.003886 1.554535 0.866025 -2.322473 200.000000 -2.322473 0.251330 100.532193 0.444067 9.447666 200.000000 9.447666 0.053569 21.427763 -0.895994 -5.297304 200.000000 -5.297304
 15.000000 0.833406 0.552662 -0.896653 0.442734 0.985242 -1.112151 0.552662 0.833406 0.442734 -0.896653 0.277326 110.930301 0.500000 10.484838 200.000000 10.484838 0.106405 42.561875 0.866025 -2.322473 200.000000 -2.322473 0.000178 0.071031 0.444067 9.447666 200.000000 9.447666 0.000043 0.017382 -0.895994 -5.297304 200.000000 -5.297304
 15.200000 0.829429 0.558612 -0.905424 0.424508 0.978084 -1.132377 0.558612 0.829429 0.424508 -0.905424 0.343542 137.416661 0.500000 10.484838 200.000000 10.484838 0.133931 53.572416 0.866025 -2.322473 200.000000 -2.322473 0.038252 15.300837 0.444067 9.447666 200.000000 9.447666 0.008893 3.557141 -0.895994 -5.297304 200.000000 -5.297304
 15.400000 0.904690 0.426071 -0.904969 0.425478 1.130651 -1.131306 0.426071 0.904690 0.425478 -0.904969 0.546553 218.621193 0.500000 10.484838 200.000000 10.484838 0.149494 59.797520 0.866025 -2.322473 200.000000 -2.322473 0.034552 13.820864 0.444067 9.447666 200.000000 9.447666 0.008055 3.221885 -0.895994 -5.297304 200.000000 -5.297304
 15.600000 0.914129 0.405423 -0.878474 0.477791 1.153354 -1.072658 0.405423 0.914129 0.477791 -0.878474 0.894474 357.789423 0.500000 10.484838 200.000000 10.484838 0.231396 92.558340 0.866025 -2.322473 200.000000 -2.322473 0.113733 45.493119 0.444067 9.447666 200.000000 9.447666 0.030696 12.278273 -0.895994 -5.297304 200.000000 -5.297304
 15.800000 0.855947 0.517063 -0.905106 0.425186 1.027380 -1.131628 0.517063 0.855947 0.425186 -0.905106 0.029115 11.646020 0.500000 10.484838 200.000000 10.484838 0.010157 4.062757 0.866025 -2.322473 200.000000 -2.322473 0.035646 14.258459 0.444067 9.447666 200.000000 9.447666 0.008303 3.321158 -0.895994 -5.297304 200.000000 -5.297304
 16.000000 0.874449 0.485117 -0.875140 0.483869 1.064299 -1.065726 0.485117 0.874449 0.483869 -0.875140 0.022150 8.859951 0.500000 10.484838 200.000000 10.484838 0.007096 2.838388 0.866025 -2.322473 200.000000 -2.322473 0.158425 63.369925 0.444067 9.447666 200.000000 9.447666 0.043487 17.394671 -0.895994 -5.297304 200.000000 -5.297304
 16.200000 0.870529 0.492117 -0.895568 0.444924 1.056276 -1.109707 0.492117 0.870529 0.444924 -0.895568 0.006214 2.485432 0.500000 10.484838 200.000000 10.484838 0.002028 0.811244 0.866025 -2.322473 200.000000 -2.322473 0.000073 0.029388 0.444067 9.447666 200.000000 9.447666 0.000018 0.007236 -0.895994 -5.297304 200.000000 -5.297304
 16.400000 0.876074 0.482176 -0.882853 0.469649 1.067659 -1.081903 0.482176 0.876074 0.469649 -0.882853 0.031768 12.707101 0.500000 10.484838 200.000000 10.484838 0.010098 4.039054 0.866025 -2.322473 200.000000 -2.322473 0.065448 26.179149 0.444067 9.447666 200.000000 9.447666 0.017268 6.907182 -0.895994 -5.297304 200.000000 -5.297304
 16.600000 0.912223 0.409695 -0.904777 0.425885 1.148677 -1.130856 0.409695 0.912223 0.425885 -0.904777 0.815508 326.203042 0.500000 10.484838 200.000000 10.484838 0.213420 85.367869 0.866025 -2.322473 200.000000 -2.322473 0.033056 13.222481 0.444067 9.447666 200.000000 9.447666 0.007715 3.085933 -0.895994 -5.297304 200.000000 -5.297304
 16.800000 0.859925 0.510421 -0.883502 0.468427 1.035122 -1.083287 0.510421 0.859925 0.468427 -0.883502 0.010859 4.343656 0.500000 10.484838 200.000000 10.484838 0.003722 1.488687 0.866025 -2.322473 200.000000 -2.322473 0.059342 23.736815 0.444067 9.447666 200.000000 9.447666 0.015604 6.241484 -0.895994 -5.297304 200.000000 -5.297304
 17.000000 0.839267 0.543719 -0.835453 0.549562 0.995934 -0.988957 0.543719 0.839267 0.549562 -0.835453 0.191137 76.454965 0.500000 10.484838 200.000000 10.484838 0.071600 28.640151 0.866025 -2.322473 200.000000 -2.322473 1.112921 445.168354 0.444067 9.447666 200.000000 9.447666 0.366517 146.606699 -0.895994 -5.297304 200.000000 -5.297304
 17.200000 0.884271 0.466974 -0.889858 0.456237 1.084931 -1.097034 0.466974 0.884271 0.456237 -0.889858 0.109075 43.629811 0.500000 10.484838 200.000000 10.484838 0.033291 13.316473 0.866025 -2.322473 200.000000 -2.322473 0.014812 5.924960 0.444067 9.447666 200.000000 9.447666 0.003765 1.505819 -0.895994 -5.297304 200.000000 -5.297304
 17.400000 0.845363 0.534192 -0.895115 0.445836 1.007245 -1.108688 0.534192 0.845363 0.445836 -0.895115 0.116910 46.763877 0.500000 10.484838 200.000000 10.484838 0.042693 17.077161 0.866025 -2.322473 200.000000 -2.322473 0.000313 0.125255 0.444067 9.447666 200.000000 9.447666 0.000077 0.030920 -0.895994 -5.297304 200.000000 -5.297304
 17.600000 0.860124 0.510085 -0.905244 0.424892 1.035512 -1.131954 0.510085 0.860124 0.424892 -0.905244 0.010171 4.068456 0.500000 10.484838 200.000000 10.484838 0.003483 1.393121 0.866025 -2.322473 200.000000 -2.322473 0.036766 14.706290 0.444067 9.447666 200.000000 9.447666 0.008557 3.422626 -0.895994 -5.297304 200.000000 -5.297304
 17.800000 0.861819 0.507215 -0.866906 0.498471 1.038846 -1.048962 0.507215 0.861819 0.498471 -0.866906 0.005206 2.082399 0.500000 10.484838 200.000000 10.484838 0.001769 0.707618 0.866025 -2.322473 200.000000 -2.322473 0.295989 118.395660 0.444067 9.447666 200.000000 9.447666 0.084609 33.843739 -0.895994 -5.297304 200.000000 -5.297304
 18.000000 0.881506 0.472172 -0.890265 0.455443 1.079043 -1.097926 0.472172 0.881506 0.455443 -0.890265 0.077439 30.975777 0.500000 10.484838 200.000000 10.484838 0.023966 9.586461 0.866025 -2.322473 200.000000 -2.322473 0.012943 5.177158 0.444067 9.447666 200.000000 9.447666 0.003282 1.312849 -0.895994 -5.297304 200.000000 -5.297304
 18.200000 0.892195 0.451651 -0.909296 0.416149 1.102182 -1.141590 0.451651 0.892195 0.416149 -0.909296 0.233766 93.506444 0.500000 10.484838 200.000000 10.484838 0.068484 27.393659 0.866025 -2.322473 200.000000 -2.322473 0.077937 31.174848 0.444067 9.447666 200.000000 9.447666 0.017696 7.078242 -0.895994 -5.297304 200.000000 -5.297304
 18.400000 0.861927 0.507033 -0.895073 0.445919 1.039057 -1.108595 0.507033 0.861927 0.445919 -0.895073 0.004946 1.978530 0.500000 10.484838 200.000000 10.484838 0.001680 0.671996 0.866025 -2.322473 200.000000 -2.322473 0.000343 0.137312 0.444067 9.447666 200.000000 9.447666 0.000085 0.033904 -0.895994 -5.297304 200.000000 -5.297304
 18.600000 0.852713 0.522379 -0.917060 0.398748 1.021157 -1.160645 0.522379 0.852713 0.398748 -0.917060 0.050084 20.033634 0.500000 10.484838 200.000000 10.484838 0.017722 7.088663 0.866025 -2.322473 200.000000 -2.322473 0.205374 82.149782 0.444067 9.447666 200.000000 9.447666 0.044380 17.752084 -0.895994 -5.297304 200.000000 -5.297304
 18.800000 0.859180 0.511674 -0.863477 0.504388 1.033664 -1.042123 0.511674 0.859180 0.504388 -0.863477 0.013628 5.451145 0.500000 10.484838 200.000000 10.484838 0.004686 1.874508 0.866025 -2.322473 200.000000 -2.322473 0.363867 145.546621 0.444067 9.447666 200.000000 9.447666 0.105733 42.293246 -0.895994 -5.297304 200.000000 -5.297304
 19.000000 0.841065 0.540934 -0.909398 0.415928 0.999249 -1.141833 0.540934 0.841065 0.415928 -0.909398 0.167563 67.025101 0.500000 10.484838 200.000000 10.484838 0.062303 24.921335 0.866025 -2.322473 200.000000 -2.322473 0.079179 31.671649 0.444067 9.447666 200.000000 9.447666 0.017966 7.186530 -0.895994 -5.297304 200.000000 -5.297304
 19.200000 0.890369 0.455240 -0.872930 0.487845 1.098154 -1.061177 0.455240 0.890369 0.487845 -0.872930 0.200344 80.137510 0.500000 10.484838 200.000000 10.484838 0.059259 23.703754 0.866025 -2.322473 200.000000 -2.322473 0.191652 76.660627 0.444067 9.447666 200.000000 9.447666 0.053192 21.276638 -0.895994 -5.297304 200.000000 -5.297304
 19.400000 0.832746 0.553655 -0.925855 0.377879 0.984050 -1.183292 0.553655 0.832746 0.377879 -0.925855 0.287882 115.152701 0.500000 10.484838 200.000000 10.484838 0.110749 44.299680 0.866025 -2.322473 200.000000 -2.322473 0.438077 175.230634 0.444067 9.447666 200.000000 9.447666 0.089169 35.667435 -0.895994 -5.297304 200.000000 -5.297304
 19.600000 0.896648 0.442744 -0.888573 0.458735 1.112140 -1.094225 0.442744 0.896648 0.458735 -0.888573 0.327828 131.131236 0.500000 10.484838 200.000000 10.484838 0.093776 37.510224 0.866025 -2.322473 200.000000 -2.322473 0.021517 8.606873 0.444067 9.447666 200.000000 9.447666 0.005507 2.202748 -0.895994 -5.297304 200.000000 -5.297304
 19.800000 0.814977 0.579493 -0.860047 0.510215 0.952689 -1.035361 0.579493 0.814977 0.510215 -0.860047 0.631919 252.767479 0.500000 10.484838 200.000000 10.484838 0.260594 104.237610 0.866025 -2.322473 200.000000 -2.322473 0.437562 175.024949 0.444067 9.447666 200.000000 9.447666 0.129218 51.687326 -0.895994 -5.297304 200.000000 -5.297304
 20.000000 0.844043 0.536276 -0.883756 0.467948 1.004778 -1.083829 0.536276 0.844043 0.467948 -0.883756 0.131592 52.636852 0.500000 10.484838 200.000000 10.484838 0.048323 19.329185 0.866025 -2.322473 200.000000 -2.322473 0.057033 22.813065 0.444067 9.447666 200.000000 9.447666 0.014976 5.990589 -0.895994 -5.297304 200.000000 -5.297304
 20.200000 0.898054 0.439886 -0.865452 0.500992 1.115325 -1.046051 0.439886 0.898054 0.500992 -0.865452 0.361372 144.548767 0.500000 10.484838 200.000000 10.484838 0.102581 41.032542 0.866025 -2.322473 200.000000 -2.322473 0.324053 129.621169 0.444067 9.447666 200.000000 9.447666 0.093281 37.312575 -0.895994 -5.297304 200.000000 -5.297304
 20.400000 0.886510 0.462710 -0.907917 0.419151 1.089747 -1.138287 0.462710 0.886510 0.419151 -0.907917 0.139055 55.622095 0.500000 10.484838 200.000000 10.484838 0.041961 16.784358 0.866025 -2.322473 200.000000 -2.322473 0.062081 24.832338 0.444067 9.447666 200.000000 9.447666 0.014216 5.686274 -0.895994 -5.297304 200.000000 -5.297304
 20.600000 0.885191 0.465228 -0.866398 0.499355 1.086904 -1.047943 0.465228 0.885191 0.499355 -0.866398 0.120910 48.363854 0.500000 10.484838 200.000000 10.484838 0.036732 14.692682 0.866025 -2.322473 200.000000 -2.322473 0.305676 122.270398 0.444067 9.447666 200.000000 9.447666 0.087593 35.037073 -0.895994 -5.297304 200.000000 -5.297304
 20.800000 0.819304 0.573359 -0.917854 0.396919 0.960197 -1.162639 0.573359 0.819304 0.396919 -0.917854 0.538152 215.260603 0.500000 10.484838 200.000000 10.484838 0.218285 87.314146 0.866025 -2.322473 200.000000 -2.322473 0.222293 88.917310 0.444067 9.447666 200.000000 9.447666 0.047786 19.114436 -0.895994 -5.297304 200.000000 -5.297304
 21.000000 0.895711 0.444636 -0.896674 0.442692 1.110028 -1.112197 0.444636 0.895711 0.442692 -0.896674 0.306515 122.605997 0.500000 10.484838 200.000000 10.484838 0.088125 35.249982 0.866025 -2.322473 200.000000 -2.322473 0.000189 0.075551 0.444067 9.447666 200.000000 9.447666 0.000046 0.018486 -0.895994 -5.297304 200.000000 -5.297304
 21.200000 0.853485 0.521117 -0.906122 0.423017 1.022638 -1.134024 0.521117 0.853485 0.423017 -0.906122 0.044591 17.836530 0.500000 10.484838 200.000000 10.484838 0.015725 6.290009 0.866025 -2.322473 200.000000 -2.322473 0.044310 17.724004 0.444067 9.447666 200.000000 9.447666 0.010258 4.103157 -0.895994 -5.297304 200.000000 -5.297304
 21.400000 0.879581 0.475750 -0.866495 0.499186 1.074980 -1.048137 0.475750 0.879581 0.499186 -0.866495 0.058808 23.523049 0.500000 10.484838 200.000000 10.484838 0.018375 7.349842 0.866025 -2.322473 200.000000 -2.322473 0.303813 121.525347 0.444067 9.447666 200.000000 9.447666 0.087018 34.807282 -0.895994 -5.297304 200.000000 -5.297304
 21.600000 0.864333 0.502921 -0.877747 0.479125 1.043822 -1.071139 0.502921 0.864333 0.479125 -0.877747 0.000853 0.341185 0.500000 10.484838 200.000000 10.484838 0.000287 0.114617 0.866025 -2.322473 200.000000 -2.322473 0.122909 49.163775 0.444067 9.447666 200.000000 9.447666 0.033296 13.318302 -0.895994 -5.297304 200.000000 -5.297304
 21.800000 0.861210 0.508250 -0.881144 0.472848 1.037645 -1.078276 0.508250 0.861210 0.472848 -0.881144 0.006806 2.722406 0.500000 10.484838 200.000000 10.484838 0.002319 0.927655 0.866025 -2.322473 200.000000 -2.322473 0.082839 33.135761 0.444067 9.447666 200.000000 9.447666 0.022052 8.820904 -0.895994 -5.297304 200.000000 -5.297304
 22.000000 0.864851 0.502029 -0.913067 0.407809 1.044853 -1.150744 0.502029 0.864851 0.407809 -0.913067 0.000412 0.164634 0.500000 10.484838 200.000000 10.484838 0.000138 0.055176 0.866025 -2.322473 200.000000 -2.322473 0.131465 52.585802 0.444067 9.447666 200.000000 9.447666 0.029151 11.660413 -0.895994 -5.297304 200.000000 -5.297304
 22.200000 0.850865 0.525385 -0.894757 0.446554 1.017629 -1.107887 0.525385 0.850865 0.446554 -0.894757 0.064440 25.776131 0.500000 10.484838 200.000000 10.484838 0.022985 9.194049 0.866025 -2.322473 200.000000 -2.322473 0.000618 0.247388 0.444067 9.447666 200.000000 9.447666 0.000153 0.061192 -0.895994 -5.297304 200.000000 -5.297304
 22.400000 0.861638 0.507523 -0.916468 0.400107 1.038489 -1.159163 0.507523 0.861638 0.400107 -0.916468 0.005660 2.263933 0.500000 10.484838 200.000000 10.484838 0.001925 0.769937 0.866025 -2.322473 200.000000 -2.322473 0.193243 77.297226 0.444067 9.447666 200.000000 9.447666 0.041921 16.768329 -0.895994 -5.297304 200.000000 -5.297304
 22.600000 0.839543 0.543294 -0.883594 0.468254 0.996441 -1.083482 0.543294 0.839543 0.468254 -0.883594 0.187436 74.974252 0.500000 10.484838 200.000000 10.484838 0.070134 28.053518 0.866025 -2.322473 200.000000 -2.322473 0.058504 23.401780 0.444067 9.447666 200.000000 9.447666 0.015376 6.150430 -0.895994 -5.297304 200.000000 -5.297304
 22.800000 0.862162 0.506632 -0.897571 0.440869 1.039522 -1.114229 0.506632 0.862162 0.440869 -0.897571 0.004398 1.759380 0.500000 10.484838 200.000000 10.484838 0.001492 0.596924 0.866025 -2.322473 200.000000 -2.322473 0.001022 0.408896 0.444067 9.447666 200.000000 9.447666 0.000249 0.099541 -0.895994 -5.297304 200.000000 -5.297304
 23.000000 0.850061 0.526685 -0.893274 0.449512 1.016100 -1.104578 0.526685 0.850061 0.449512 -0.893274 0.071209 28.483489 0.500000 10.484838 200.000000 10.484838 0.025488 10.195054 0.866025 -2.322473 200.000000 -2.322473 0.002965 1.185942 0.444067 9.447666 200.000000 9.447666 0.000739 0.295786 -0.895994 -5.297304 200.000000 -5.297304
 23.200000 0.886072 0.463548 -0.897242 0.441539 1.088801 -1.113483 0.463548 0.886072 0.441539 -0.897242 0.132875 53.150045 0.500000 10.484838 200.000000 10.484838 0.040186 16.074368 0.866025 -2.322473 200.000000 -2.322473 0.000639 0.255569 0.444067 9.447666 200.000000 9.447666 0.000156 0.062332 -0.895994 -5.297304 200.000000 -5.297304
 23.400000 0.914904 0.403671 -0.890492 0.454999 1.155271 -1.098425 0.403671 0.914904 0.454999 -0.890492 0.927930 371.172125 0.500000 10.484838 200.000000 10.484838 0.238914 95.565771 0.866025 -2.322473 200.000000 -2.322473 0.011952 4.780756 0.444067 9.447666 200.000000 9.447666 0.003027 1.210822 -0.895994 -5.297304 200.000000 -5.297304
 23.600000 0.891093 0.453822 -0.839630 0.543159 1.099747 -0.996601 0.453822 0.891093 0.543159 -0.839630 0.213245 85.297995 0.500000 10.484838 200.000000 10.484838 0.062836 25.134556 0.866025 -2.322473 200.000000 -2.322473 0.981930 392.771849 0.444067 9.447666 200.000000 9.447666 0.317689 127.075562 -0.895994 -5.297304 200.000000 -5.297304
 23.800000 0.875201 0.483759 -0.884406 0.466719 1.065852 -1.085219 0.483759 0.875201 0.466719 -0.884406 0.026378 10.551110 0.500000 10.484838 200.000000 10.484838 0.008420 3.367943 0.866025 -2.322473 200.000000 -2.322473 0.051314 20.525554 0.444067 9.447666 200.000000 9.447666 0.013429 5.371462 -0.895994 -5.297304 200.000000 -5.297304
 24.000000 0.873477 0.486865 -0.879129 0.476584 1.062299 -1.074032 0.486865 0.873477 0.476584 -0.879129 0.017252 6.900694 0.500000 10.484838 200.000000 10.484838 0.005553 2.221051 0.866025 -2.322473 200.000000 -2.322473 0.105736 42.294521 0.444067 9.447666 200.000000 9.447666 0.028442 11.376711 -0.895994 -5.297304 200.000000 -5.297304
 24.200000 0.848091 0.529850 -0.916950 0.399003 1.012372 -1.160367 0.529850 0.848091 0.399003 -0.916950 0.089105 35.641825 0.500000 10.484838 200.000000 10.484838 0.032164 12.865525 0.866025 -2.322473 200.000000 -2.322473 0.203071 81.228271 0.444067 9.447666 200.000000 9.447666 0.043914 17.565718 -0.895994 -5.297304 200.000000 -5.297304
 24.400000 0.848875 0.528594 -0.840615 0.541633 1.013853 -0.998418 0.528594 0.848875 0.541633 -0.840615 0.081763 32.705342 0.500000 10.484838 200.000000 10.484838 0.029415 11.766013 0.866025 -2.322473 200.000000 -2.322473 0.951924 380.769706 0.444067 9.447666 200.000000 9.447666 0.306682 122.672667 -0.895994 -5.297304 200.000000 -5.297304
 24.600000 0.873285 0.487210 -0.862187 0.506590 1.061904 -1.039571 0.487210 0.873285 0.506590 -0.862187 0.016358 6.543321 0.500000 10.484838 200.000000 10.484838 0.005270 2.107964 0.866025 -2.322473 200.000000 -2.322473 0.390917 156.366943 0.444067 9.447666 200.000000 9.447666 0.114289 45.715681 -0.895994 -5.297304 200.000000 -5.297304
 24.800000 0.883722 0.468012 -0.899657 0.436598 1.083756 -1.118983 0.468012 0.883722 0.436598 -0.899657 0.102322 40.928609 0.500000 10.484838 200.000000 10.484838 0.031317 12.526738 0.866025 -2.322473 200.000000 -2.322473 0.005579 2.231439 0.444067 9.447666 200.000000 9.447666 0.001342 0.536738 -0.895994 -5.297304 200.000000 -5.297304
 25.000000 0.869293 0.494297 -0.893446 0.449171 1.053770 -1.104959 0.494297 0.869293 0.449171 -0.893446 0.003252 1.300779 0.500000 10.484838 200.000000 10.484838 0.001068 0.427049 0.866025 -2.322473 200.000000 -2.322473 0.002605 1.042096 0.444067 9.447666 200.000000 9.447666 0.000649 0.259661 -0.895994 -5.297304 200.000000 -5.297304
 25.200000 0.886328 0.463058 -0.905952 0.423380 1.089354 -1.133624 0.463058 0.886328 0.423380 -0.905952 0.136469 54.587424 0.500000 10.484838 200.000000 10.484838 0.041219 16.487488 0.866025 -2.322473 200.000000 -2.322473 0.042796 17.118252 0.444067 9.447666 200.000000 9.447666 0.009917 3.966987 -0.895994 -5.297304 200.000000 -5.297304
 25.400000 0.850578 0.525849 -0.850021 0.526749 1.017083 -1.016025 0.525849 0.850578 0.526749 -0.850021 0.066817 26.726895 0.500000 10.484838 200.000000 10.484838 0.023862 9.544991 0.866025 -2.322473 200.000000 -2.322473 0.683632 273.452896 0.444067 9.447666 200.000000 9.447666 0.211349 84.539537 -0.895994 -5.297304 200.000000 -5.297304
 25.600000 0.867985 0.496591 -0.914437 0.404729 1.051130 -1.154114 0.496591 0.867985 0.404729 -0.914437 0.001162 0.464875 0.500000 10.484838 200.000000 10.484838 0.000384 0.153556 0.866025 -2.322473 200.000000 -2.322473 0.154748 61.899041 0.444067 9.447666 200.000000 9.447666 0.034015 13.605861 -0.895994 -5.297304 200.000000 -5.297304
 25.800000 0.863796 0.503842 -0.902890 0.429872 1.042756 -1.126446 0.503842 0.863796 0.429872 -0.902890 0.001476 0.590321 0.500000 10.484838 200.000000 10.484838 0.000497 0.198800 0.866025 -2.322473 200.000000 -2.322473 0.020150 8.059841 0.444067 9.447666 200.000000 9.447666 0.004756 1.902312 -0.895994 -5.297304 200.000000 -5.297304
 26.000000 0.851259 0.524746 -0.910815 0.412814 1.018380 -1.145255 0.524746 0.851259 0.412814 -0.910815 0.061234 24.493696 0.500000 10.484838 200.000000 10.484838 0.021804 8.721715 0.866025 -2.322473 200.000000 -2.322473 0.097673 39.069051 0.444067 9.447666 200.000000 9.447666 0.021968 8.787168 -0.895994 -5.297304 200.000000 -5.297304
 26.200000 0.896104 0.443844 -0.927895 0.372843 1.110913 -1.188725 0.443844 0.896104 0.372843 -0.927895 0.315350 126.139826 0.500000 10.484838 200.000000 10.484838 0.090473 36.189038 0.866025 -2.322473 200.000000 -2.322473 0.507283 202.913065 0.444067 9.447666 200.000000 9.447666 0.101766 40.706277 -0.895994 -5.297304 200.000000 -5.297304
 26.400000 0.819257 0.573427 -0.884853 0.465871 0.960114 -1.086178 0.573427 0.819257 0.465871 -0.884853 0.539148 215.659115 0.500000 10.484838 200.000000 10.484838 0.218729 87.491786 0.866025 -2.322473 200.000000 -2.322473 0.047543 19.017319 0.444067 9.447666 200.000000 9.447666 0.012413 4.965004 -0.895994 -5.297304 200.000000 -5.297304
 26.600000 0.851236 0.524783 -0.897094 0.441839 1.018336 -1.113148 0.524783 0.851236 0.441839 -0.897094 0.061421 24.568574 0.500000 10.484838 200.000000 10.484838 0.021873 8.749260 0.866025 -2.322473 200.000000 -2.322473 0.000496 0.198428 0.444067 9.447666 200.000000 9.447666 0.000121 0.048437 -0.895994 -5.297304 200.000000 -5.297304
 26.800000 0.894768 0.446530 -0.902174 0.431373 1.107912 -1.124782 0.446530 0.894768 0.431373 -0.902174 0.285901 114.360222 0.500000 10.484838 200.000000 10.484838 0.082617 33.046617 0.866025 -2.322473 200.000000 -2.322473 0.016113 6.445154 0.444067 9.447666 200.000000 9.447666 0.003819 1.527655 -0.895994 -5.297304 200.000000 -5.297304
 27.000000 0.881451 0.472276 -0.885211 0.465190 1.078925 -1.086947 0.472276 0.881451 0.465190 -0.885211 0.076861 30.744227 0.500000 10.484838 200.000000 10.484838 0.023794 9.517448 0.866025 -2.322473 200.000000 -2.322473 0.044622 17.848613 0.444067 9.447666 200.000000 9.447666 0.011628 4.651042 -0.895994 -5.297304 200.000000 -5.297304
 27.200000 0.851908 0.523692 -0.892150 0.451740 1.019618 -1.102082 0.523692 0.851908 0.451740 -0.892150 0.056129 22.451535 0.500000 10.484838 200.000000 10.484838 0.019930 7.972080 0.866025 -2.322473 200.000000 -2.322473 0.005888 2.355276 0.444067 9.447666 200.000000 9.447666 0.001478 0.591106 -0.895994 -5.297304 200.000000 -5.297304
 27.400000 0.864293 0.502988 -0.870601 0.491989 1.043744 -1.056423 0.502988 0.864293 0.491989 -0.870601 0.000893 0.357127 0.500000 10.484838 200.000000 10.484838 0.000300 0.119995 0.866025 -2.322473 200.000000 -2.322473 0.229658 91.863254 0.444067 9.447666 200.000000 9.447666 0.064478 25.791189 -0.895994 -5.297304 200.000000 -5.297304
 27.600000 0.873094 0.487552 -0.912215 0.409712 1.061512 -1.148658 0.487552 0.873094 0.409712 -0.912215 0.015494 6.197695 0.500000 10.484838 200.000000 10.484838 0.004996 1.998443 0.866025 -2.322473 200.000000 -2.322473 0.118021 47.208413 0.444067 9.447666 200.000000 9.447666 0.026312 10.524788 -0.895994 -5.297304 200.000000 -5.297304
 27.800000 0.902839 0.429978 -0.878372 0.477978 1.126327 -1.072445 0.429978 0.902839 0.477978 -0.878372 0.490301 196.120456 0.500000 10.484838 200.000000 10.484838 0.135525 54.210019 0.866025 -2.322473 200.000000 -2.322473 0.114997 45.998985 0.444067 9.447666 200.000000 9.447666 0.031053 12.421264 -0.895994 -5.297304 200.000000 -5.297304
 28.000000 0.862842 0.505473 -0.930490 0.366318 1.040866 -1.195748 0.505473 0.862842 0.366318 -0.930490 0.002996 1.198306 0.500000 10.484838 200.000000 10.484838 0.001013 0.405308 0.866025 -2.322473 200.000000 -2.322473 0.604492 241.796798 0.444067 9.447666 200.000000 9.447666 0.118998 47.599328 -0.895994 -5.297304 200.000000 -5.297304
 28.200000 0.867188 0.497981 -0.843267 0.537496 1.049527 -1.003332 0.497981 0.867188 0.537496 -0.843267 0.000408 0.163052 0.500000 10.484838 200.000000 10.484838 0.000135 0.054059 0.866025 -2.322473 200.000000 -2.322473 0.872898 349.159301 0.444067 9.447666 200.000000 9.447666 0.278016 111.206491 -0.895994 -5.297304 200.000000 -5.297304
 28.400000 0.873263 0.487249 -0.896347 0.443352 1.061859 -1.111461 0.487249 0.873263 0.443352 -0.896347 0.016259 6.503415 0.500000 10.484838 200.000000 10.484838 0.005238 2.095327 0.866025 -2.322473 200.000000 -2.322473 0.000051 0.020412 0.444067 9.447666 200.000000 9.447666 0.000013 0.005004 -0.895994 -5.297304 200.000000 -5.297304
 28.600000 0.886882 0.461996 -0.868128 0.496341 1.090552 -1.051417 0.461996 0.886882 0.496341 -0.868128 0.144432 57.772842 0.500000 10.484838 200.000000 10.484838 0.043500 17.400112 0.866025 -2.322473 200.000000 -2.322473 0.273262 109.304842 0.444067 9.447666 200.000000 9.447666 0.077652 31.060957 -0.895994 -5.297304 200.000000 -5.297304
 28.800000 0.908581 0.417709 -0.891390 0.453236 1.139874 -1.100404 0.417709 0.908581 0.453236 -0.891390 0.677184 270.873775 0.500000 10.484838 200.000000 10.484838 0.181098 72.439036 0.866025 -2.322473 200.000000 -2.322473 0.008408 3.363236 0.444067 9.447666 200.000000 9.447666 0.002119 0.847617 -0.895994 -5.297304 200.000000 -5.297304
 29.000000 0.887618 0.460580 -0.874171 0.485618 1.092148 -1.063726 0.460580 0.887618 0.485618 -0.874171 0.155394 62.157463 0.500000 10.484838 200.000000 10.484838 0.046625 18.649951 0.866025 -2.322473 200.000000 -2.322473 0.172653 69.061372 0.444067 9.447666 200.000000 9.447666 0.047623 19.049311 -0.895994 -5.297304 200.000000 -5.297304
 29.200000 0.880746 0.473589 -0.829743 0.558146 1.077435 -0.978647 0.473589 0.880746 0.558146 -0.829743 0.069755 27.902040 0.500000 10.484838 200.000000 10.484838 0.021670 8.667920 0.866025 -2.322473 200.000000 -2.322473 1.301413 520.565015 0.444067 9.447666 200.000000 9.447666 0.438920 175.568185 -0.895994 -5.297304 200.000000 -5.297304
 29.400000 0.870096 0.492882 -0.913803 0.406158 1.055397 -1.152550 0.492882 0.870096 0.406158 -0.913803 0.005067 2.026671 0.500000 10.484838 200.000000 10.484838 0.001657 0.662854 0.866025 -2.322473 200.000000 -2.322473 0.143703 57.481178 0.444067 9.447666 200.000000 9.447666 0.031716 12.686271 -0.895994 -5.297304 200.000000 -5.297304
 29.600000 0.842817 0.538200 -0.880412 0.474209 1.002497 -1.076730 0.538200 0.842817 0.474209 -0.880412 0.145921 58.368218 0.500000 10.484838 200.000000 10.484838 0.053861 21.544373 0.866025 -2.322473 200.000000 -2.322473 0.090859 36.343569 0.444067 9.447666 200.000000 9.447666 0.024279 9.711575 -0.895994 -5.297304 200.000000 -5.297304
 29.800000 0.912763 0.408489 -0.909757 0.415141 1.149999 -1.142698 0.408489 0.912763 0.415141 -0.909757 0.837432 334.972898 0.500000 10.484838 200.000000 10.484838 0.218444 87.377565 0.866025 -2.322473 200.000000 -2.322473 0.083667 33.466663 0.444067 9.447666 200.000000 9.447666 0.018942 7.576934 -0.895994 -5.297304 200.000000 -5.297304
 30.000000 0.883924 0.467630 -0.866760 0.498726 1.084188 -1.048668 0.467630 0.883924 0.498726 -0.866760 0.104780 41.911942 0.500000 10.484838 200.000000 10.484838 0.032037 12.814617 0.866025 -2.322473 200.000000 -2.322473 0.298763 119.505235 0.444067 9.447666 200.000000 9.447666 0.085463 34.185026 -0.895994 -5.297304 200.000000 -5.297304
 30.200000 0.852794 0.522248 -0.871517 0.490365 1.021312 -1.058287 0.522248 0.852794 0.490365 -0.871517 0.049496 19.798258 0.500000 10.484838 200.000000 10.484838 0.017507 7.002913 0.866025 -2.322473 200.000000 -2.322473 0.214358 85.743004 0.444067 9.447666 200.000000 9.447666 0.059911 23.964588 -0.895994 -5.297304 200.000000 -5.297304
 30.400000 0.852735 0.522343 -0.913287 0.407316 1.021200 -1.151283 0.522343 0.852735 0.407316 -0.913287 0.049921 19.968429 0.500000 10.484838 200.000000 10.484838 0.017662 7.064904 0.866025 -2.322473 200.000000 -2.322473 0.135062 54.024723 0.444067 9.447666 200.000000 9.447666 0.029907 11.962717 -0.895994 -5.297304 200.000000 -5.297304
 30.600000 0.845907 0.533331 -0.880339 0.474344 1.008263 -1.076577 0.533331 0.845907 0.474344 -0.880339 0.111095 44.438021 0.500000 10.484838 200.000000 10.484838 0.040476 16.190509 0.866025 -2.322473 200.000000 -2.322473 0.091675 36.669900 0.444067 9.447666 200.000000 9.447666 0.024506 9.802461 -0.895994 -5.297304 200.000000 -5.297304
 30.800000 0.905359 0.424647 -0.892947 0.450162 1.132225 -1.103849 0.424647 0.905359 0.450162 -0.892947 0.567813 227.125003 0.500000 10.484838 200.000000 10.484838 0.154714 61.885777 0.866025 -2.322473 200.000000 -2.322473 0.003716 1.486343 0.444067 9.447666 200.000000 9.447666 0.000928 0.371385 -0.895994 -5.297304 200.000000 -5.297304
 31.000000 0.842194 0.539175 -0.898748 0.438465 1.001340 -1.116907 0.539175 0.842194 0.438465 -0.898748 0.153465 61.385889 0.500000 10.484838 200.000000 10.484838 0.056793 22.717381 0.866025 -2.322473 200.000000 -2.322473 0.003138 1.255271 0.444067 9.447666 200.000000 9.447666 0.000759 0.303524 -0.895994 -5.297304 200.000000 -5.297304
 31.200000 0.877328 0.479891 -0.942169 0.335138 1.070265 -1.229044 0.479891 0.877328 0.335138 -0.942169 0.040435 16.174173 0.500000 10.484838 200.000000 10.484838 0.012775 5.109839 0.866025 -2.322473 200.000000 -2.322473 1.186538 474.615115 0.444067 9.447666 200.000000 9.447666 0.213215 85.285857 -0.895994 -5.297304 200.000000 -5.297304
 31.400000 0.833111 0.553106 -0.931534 0.363654 0.984708 -1.198609 0.553106 0.833111 0.363654 -0.931534 0.282029 112.811472 0.500000 10.484838 200.000000 10.484838 0.108338 43.335263 0.866025 -2.322473 200.000000 -2.322473 0.646626 258.650595 0.444067 9.447666 200.000000 9.447666 0.126313 50.525102 -0.895994 -5.297304 200.000000 -5.297304
 31.600000 0.850245 0.526387 -0.875243 0.483684 1.016450 -1.065938 0.526387 0.850245 0.483684 -0.875243 0.069629 27.851791 0.500000 10.484838 200.000000 10.484838 0.024903 9.961033 0.866025 -2.322473 200.000000 -2.322473 0.156953 62.781107 0.444067 9.447666 200.000000 9.447666 0.043060 17.224167 -0.895994 -5.297304 200.000000 -5.297304
 31.800000 0.916525 0.399976 -0.902342 0.431021 1.159305 -1.125172 0.399976 0.916525 0.431021 -0.902342 1.000473 400.189068 0.500000 10.484838 200.000000 10.484838 0.255025 102.010195 0.866025 -2.322473 200.000000 -2.322473 0.017018 6.807210 0.444067 9.447666 200.000000 9.447666 0.004030 1.611874 -0.895994 -5.297304 200.000000 -5.297304
 32.000000 0.818492 0.574518 -0.905461 0.424430 0.958781 -1.132464 0.574518 0.818492 0.424430 -0.905461 0.555295 222.118093 0.500000 10.484838 200.000000 10.484838 0.225944 90.377538 0.866025 -2.322473 200.000000 -2.322473 0.038561 15.424339 0.444067 9.447666 200.000000 9.447666 0.008963 3.585055 -0.895994 -5.297304 200.000000 -5.297304
 32.200000 0.863646 0.504099 -0.874982 0.484156 1.042457 -1.065398 0.504099 0.863646 0.484156 -0.874982 0.001681 0.672228 0.500000 10.484838 200.000000 10.484838 0.000566 0.226539 0.866025 -2.322473 200.000000 -2.322473 0.160713 64.285208 0.444067 9.447666 200.000000 9.447666 0.044150 17.659964 -0.895994 -5.297304 200.000000 -5.297304
 32.400000 0.887494 0.460820 -0.895057 0.445952 1.091877 -1.108559 0.460820 0.887494 0.445952 -0.895057 0.153507 61.402702 0.500000 10.484838 200.000000 10.484838 0.046088 18.435319 0.866025 -2.322473 200.000000 -2.322473 0.000355 0.142188 0.444067 9.447666 200.000000 9.447666 0.000088 0.035111 -0.895994 -5.297304 200.000000 -5.297304
 32.600000 0.909379 0.415969 -0.912248 0.409639 1.141788 -1.148738 0.415969 0.909379 0.409639 -0.912248 0.706124 282.449566 0.500000 10.484838 200.000000 10.484838 0.187952 75.180943 0.866025 -2.322473 200.000000 -2.322473 0.118525 47.409936 0.444067 9.447666 200.000000 9.447666 0.026419 10.567518 -0.895994 -5.297304 200.000000 -5.297304
 32.800000 0.874739 0.484594 -0.879872 0.475211 1.064897 -1.075593 0.484594 0.874739 0.475211 -0.879872 0.023734 9.493610 0.500000 10.484838 200.000000 10.484838 0.007593 3.037147 0.866025 -2.322473 200.000000 -2.322473 0.096995 38.797851 0.444067 9.447666 200.000000 9.447666 0.025991 10.396336 -0.895994 -5.297304 200.000000 -5.297304
 33.000000 0.827769 0.561069 -0.883008 0.469358 0.975120 -1.082233 0.561069 0.827769 0.469358 -0.883008 0.372944 149.177494 0.500000 10.484838 200.000000 10.484838 0.146356 58.542234 0.866025 -2.322473 200.000000 -2.322473 0.063966 25.586453 0.444067 9.447666 200.000000 9.447666 0.016863 6.745326 -0.895994 -5.297304 200.000000 -5.297304
 33.200000 0.883724 0.468009 -0.849752 0.527182 1.083760 -1.015515 0.468009 0.883724 0.527182 -0.849752 0.102344 40.937530 0.500000 10.484838 200.000000 10.484838 0.031323 12.529352 0.866025 -2.322473 200.000000 -2.322473 0.690819 276.327637 0.444067 9.447666 200.000000 9.447666 0.213827 85.530915 -0.895994 -5.297304 200.000000 -5.297304
 33.400000 0.837120 0.547020 -0.869666 0.493640 0.991997 -1.054526 0.547020 0.837120 0.493640 -0.869666 0.221084 88.433634 0.500000 10.484838 200.000000 10.484838 0.083553 33.421329 0.866025 -2.322473 200.000000 -2.322473 0.245754 98.301434 0.444067 9.447666 200.000000 9.447666 0.069314 27.725525 -0.895994 -5.297304 200.000000 -5.297304
 33.600000 0.862748 0.505633 -0.860839 0.508878 1.040680 -1.036916 0.505633 0.862748 0.508878 -0.860839 0.003173 1.269369 0.500000 10.484838 200.000000 10.484838 0.001074 0.429527 0.866025 -2.322473 200.000000 -2.322473 0.420045 168.018176 0.444067 9.447666 200.000000 9.447666 0.123586 49.434522 -0.895994 -5.297304 200.000000 -5.297304
 33.800000 0.854310 0.519764 -0.881079 0.472969 1.024221 -1.078139 0.519764 0.854310 0.472969 -0.881079 0.039063 15.625397 0.500000 10.484838 200.000000 10.484838 0.013726 5.490410 0.866025 -2.322473 200.000000 -2.322473 0.083536 33.414546 0.444067 9.447666 200.000000 9.447666 0.022245 8.898111 -0.895994 -5.297304 200.000000 -5.297304
 34.000000 0.827196 0.561914 -0.887172 0.461440 0.974098 -1.091179 0.561914 0.827196 0.461440 -0.887172 0.383336 153.334592 0.500000 10.484838 200.000000 10.484838 0.150776 60.310331 0.866025 -2.322473 200.000000 -2.322473 0.030182 12.072981 0.444067 9.447666 200.000000 9.447666 0.007783 3.113252 -0.895994 -5.297304 200.000000 -5.297304
 34.200000 0.916898 0.399122 -0.900527 0.434800 1.160237 -1.120980 0.399122 0.916898 0.434800 -0.900527 1.017635 407.054047 0.500000 10.484838 200.000000 10.484838 0.258800 103.519974 0.866025 -2.322473 200.000000 -2.322473 0.008587 3.434699 0.444067 9.447666 200.000000 9.447666 0.002055 0.821997 -0.895994 -5.297304 200.000000 -5.297304
 34.400000 0.891589 0.452845 -0.868385 0.495890 1.100842 -1.051936 0.452845 0.891589 0.495890 -0.868385 0.222357 88.942810 0.500000 10.484838 200.000000 10.484838 0.065350 26.140165 0.866025 -2.322473 200.000000 -2.322473 0.268571 107.428235 0.444067 9.447666 200.000000 9.447666 0.076224 30.489530 -0.895994 -5.297304 200.000000 -5.297304
 34.600000 0.888566 0.458750 -0.857061 0.515215 1.094209 -1.029538 0.458750 0.888566 0.515215 -0.857061 0.170160 68.064129 0.500000 10.484838 200.000000 10.484838 0.050806 20.322484 0.866025 -2.322473 200.000000 -2.322473 0.506211 202.484297 0.444067 9.447666 200.000000 9.447666 0.151577 60.630724 -0.895994 -5.297304 200.000000 -5.297304
 34.800000 0.847675 0.530515 -0.877287 0.479966 1.011588 -1.070180 0.530515 0.847675 0.479966 -0.877287 0.093119 37.247772 0.500000 10.484838 200.000000 10.484838 0.033673 13.469126 0.866025 -2.322473 200.000000 -2.322473 0.128879 51.551567 0.444067 9.447666 200.000000 9.447666 0.034995 13.997865 -0.895994 -5.297304 200.000000 -5.297304
 35.000000 0.856482 0.516176 -0.876051 0.482219 1.028416 -1.067610 0.516176 0.856482 0.482219 -0.876051 0.026167 10.466755 0.500000 10.484838 200.000000 10.484838 0.009107 3.642736 0.866025 -2.322473 200.000000 -2.322473 0.145563 58.225145 0.444067 9.447666 200.000000 9.447666 0.039773 15.909318 -0.895994 -5.297304 200.000000 -5.297304
 35.200000 0.876427 0.481535 -0.885870 0.463934 1.068391 -1.088365 0.481535 0.876427 0.463934 -0.885870 0.034095 13.638015 0.500000 10.484838 200.000000 10.484838 0.010819 4.327541 0.866025 -2.322473 200.000000 -2.322473 0.039472 15.788907 0.444067 9.447666 200.000000 9.447666 0.010250 4.099923 -0.895994 -5.297304 200.000000 -5.297304
 35.400000 0.894830 0.446407 -0.871060 0.491177 1.108050 -1.057356 0.446407 0.894830 0.491177 -0.871060 0.287218 114.887333 0.500000 10.484838 200.000000 10.484838 0.082970 33.187987 0.866025 -2.322473 200.000000 -2.322473 0.221942 88.776670 0.444067 9.447666 200.000000 9.447666 0.062171 24.868482 -0.895994 -5.297304 200.000000 -5.297304
 35.600000 0.906899 0.421348 -0.904815 0.425805 1.135866 -1.130945 0.421348 0.906899 0.425805 -0.904815 0.618620 247.447938 0.500000 10.484838 200.000000 10.484838 0.167067 66.826747 0.866025 -2.322473 200.000000 -2.322473 0.033350 13.340166 0.444067 9.447666 200.000000 9.447666 0.007782 3.112689 -0.895994 -5.297304 200.000000 -5.297304
 35.800000 0.907063 0.420995 -0.923921 0.382583 1.136254 -1.178206 0.420995 0.907063 0.382583 -0.923921 0.624181 249.672269 0.500000 10.484838 200.000000 10.484838 0.168408 67.363396 0.866025 -2.322473 200.000000 -2.322473 0.378022 151.208619 0.444067 9.447666 200.000000 9.447666 0.077993 31.197336 -0.895994 -5.297304 200.000000 -5.297304
 36.000000 0.880270 0.474472 -0.878269 0.478167 1.076432 -1.072230 0.474472 0.880270 0.478167 -0.878269 0.065167 26.066631 0.500000 10.484838 200.000000 10.484838 0.020292 8.116863 0.866025 -2.322473 200.000000 -2.322473 0.116284 46.513663 0.444067 9.447666 200.000000 9.447666 0.031417 12.566857 -0.895994 -5.297304 200.000000 -5.297304
 36.200000 0.805736 0.592275 -0.870240 0.492629 0.936917 -1.055689 0.592275 0.805736 0.492629 -0.870240 0.851471 340.588256 0.500000 10.484838 200.000000 10.484838 0.363484 145.393610 0.866025 -2.322473 200.000000 -2.322473 0.235827 94.330700 0.444067 9.447666 200.000000 9.447666 0.066327 26.530991 -0.895994 -5.297304 200.000000 -5.297304
 36.400000 0.824513 0.565843 -0.850442 0.526069 0.969341 -1.016824 0.565843 0.824513 0.526069 -0.850442 0.433536 173.414200 0.500000 10.484838 200.000000 10.484838 0.172330 68.932103 0.866025 -2.322473 200.000000 -2.322473 0.672446 268.978357 0.444067 9.447666 200.000000 9.447666 0.207500 82.999895 -0.895994 -5.297304 200.000000 -5.297304
 36.600000 0.850701 0.525649 -0.881534 0.472121 1.017318 -1.079102 0.525649 0.850701 0.472121 -0.881534 0.065790 26.315869 0.500000 10.484838 200.000000 10.484838 0.023483 9.393196 0.866025 -2.322473 200.000000 -2.322473 0.078702 31.480994 0.444067 9.447666 200.000000 9.447666 0.020909 8.363424 -0.895994 -5.297304 200.000000 -5.297304
 36.800000 0.878980 0.476859 -0.919409 0.393302 1.073718 -1.166576 0.476859 0.878980 0.393302 -0.919409 0.053550 21.419930 0.500000 10.484838 200.000000 10.484838 0.016781 6.712566 0.866025 -2.322473 200.000000 -2.322473 0.257702 103.080699 0.444067 9.447666 200.000000 9.447666 0.054828 21.931327 -0.895994 -5.297304 200.000000 -5.297304
 37.000000 0.910347 0.413846 -0.929521 0.368769 1.144121 -1.193112 0.413846 0.910347 0.368769 -0.929521 0.742248 296.899355 0.500000 10.484838 200.000000 10.484838 0.196439 78.575560 0.866025 -2.322473 200.000000 -2.322473 0.566969 226.787634 0.444067 9.447666 200.000000 9.447666 0.112407 44.962910 -0.895994 -5.297304 200.000000 -5.297304
 37.200000 0.849825 0.527065 -0.926048 0.377406 1.015653 -1.183803 0.527065 0.849825 0.377406 -0.926048 0.073254 29.301456 0.500000 10.484838 200.000000 10.484838 0.026246 10.498487 0.866025 -2.322473 200.000000 -2.322473 0.444368 177.747067 0.444067 9.447666 200.000000 9.447666 0.090326 36.130306 -0.895994 -5.297304 200.000000 -5.297304
 37.400000 0.845964 0.533239 -0.905496 0.424355 1.008371 -1.132547 0.533239 0.845964 0.424355 -0.905496 0.110486 44.194375 0.500000 10.484838 200.000000 10.484838 0.040245 16.097803 0.866025 -2.322473 200.000000 -2.322473 0.038856 15.542415 0.444067 9.447666 200.000000 9.447666 0.009029 3.611734 -0.895994 -5.297304 200.000000 -5.297304
 37.600000 0.855134 0.518407 -0.889702 0.456542 1.025810 -1.096692 0.518407 0.855134 0.456542 -0.889702 0.033881 13.552292 0.500000 10.484838 200.000000 10.484838 0.011862 4.744746 0.866025 -2.322473 200.000000 -2.322473 0.015563 6.225127 0.444067 9.447666 200.000000 9.447666 0.003959 1.583453 -0.895994 -5.297304 200.000000 -5.297304
 37.800000 0.843900 0.536500 -0.896356 0.443334 1.004512 -1.111481 0.536500 0.843900 0.443334 -0.896356 0.133228 53.291093 0.500000 10.484838 200.000000 10.484838 0.048953 19.581195 0.866025 -2.322473 200.000000 -2.322473 0.000054 0.021462 0.444067 9.447666 200.000000 9.447666 0.000013 0.005261 -0.895994 -5.297304 200.000000 -5.297304
 38.000000 0.859649 0.510884 -0.911847 0.410531 1.034583 -1.147760 0.510884 0.859649 0.410531 -0.911847 0.011847 4.738768 0.500000 10.484838 200.000000 10.484838 0.004065 1.626112 0.866025 -2.322473 200.000000 -2.322473 0.112462 44.984835 0.444067 9.447666 200.000000 9.447666 0.025131 10.052396 -0.895994 -5.297304 200.000000 -5.297304
 38.200000 0.825791 0.563977 -0.899007 0.437934 0.971603 -1.117497 0.563977 0.825791 0.437934 -0.899007 0.409302 163.720914 0.500000 10.484838 200.000000 10.484838 0.161883 64.753333 0.866025 -2.322473 200.000000 -2.322473 0.003760 1.504158 0.444067 9.447666 200.000000 9.447666 0.000908 0.363164 -0.895994 -5.297304 200.000000 -5.297304
 38.400000 0.867958 0.496637 -0.896066 0.443922 1.051077 -1.110826 0.496637 0.867958 0.443922 -0.896066 0.001131 0.452402 0.500000 10.484838 200.000000 10.484838 0.000374 0.149454 0.866025 -2.322473 200.000000 -2.322473 0.000002 0.000842 0.444067 9.447666 200.000000 9.447666 0.000001 0.000207 -0.895994 -5.297304 200.000000 -5.297304
 38.600000 0.893313 0.449435 -0.929120 0.369777 1.104664 -1.192027 0.449435 0.893313 0.369777 -0.929120 0.255684 102.273534 0.500000 10.484838 200.000000 10.484838 0.074462 29.784803 0.866025 -2.322473 200.000000 -2.322473 0.551893 220.757296 0.444067 9.447666 200.000000 9.447666 0.109738 43.895193 -0.895994 -5.297304 200.000000 -5.297304
 38.800000 0.869905 0.493220 -0.904627 0.426203 1.055009 -1.130504 0.493220 0.869905 0.426203 -0.904627 0.004597 1.838978 0.500000 10.484838 200.000000 10.484838 0.001505 0.602008 0.866025 -2.322473 200.000000 -2.322473 0.031909 12.763660 0.444067 9.447666 200.000000 9.447666 0.007454 2.981526 -0.895994 -5.297304 200.000000 -5.297304
 39.000000 0.854047 0.520195 -0.882103 0.471056 1.023717 -1.080309 0.520195 0.854047 0.471056 -0.882103 0.040785 16.313831 0.500000 10.484838 200.000000 10.484838 0.014347 5.738902 0.866025 -2.322473 200.000000 -2.322473 0.072841 29.136328 0.444067 9.447666 200.000000 9.447666 0.019294 7.717596 -0.895994 -5.297304 200.000000 -5.297304
 39.200000 0.853242 0.521515 -0.890997 0.454008 1.022171 -1.099538 0.521515 0.853242 0.454008 -0.890997 0.046290 18.515919 0.500000 10.484838 200.000000 10.484838 0.016341 6.536540 0.866025 -2.322473 200.000000 -2.322473 0.009884 3.953442 0.444067 9.447666 200.000000 9.447666 0.002496 0.998517 -0.895994 -5.297304 200.000000 -5.297304
 39.400000 0.859876 0.510504 -0.865853 0.500299 1.035026 -1.046852 0.510504 0.859876 0.500299 -0.865853 0.011033 4.413143 0.500000 10.484838 200.000000 10.484838 0.003782 1.512837 0.866025 -2.322473 200.000000 -2.322473 0.316209 126.483753 0.444067 9.447666 200.000000 9.447666 0.090849 36.339511 -0.895994 -5.297304 200.000000 -5.297304
 39.600000 0.832066 0.554677 -0.866817 0.498626 0.982822 -1.048783 0.554677 0.832066 0.498626 -0.866817 0.298954 119.581487 0.500000 10.484838 200.000000 10.484838 0.115324 46.129686 0.866025 -2.322473 200.000000 -2.322473 0.297675 119.070015 0.444067 9.447666 200.000000 9.447666 0.085128 34.051118 -0.895994 -5.297304 200.000000 -5.297304
 39.800000 0.883053 0.469274 -0.894586 0.446896 1.082328 -1.107504 0.469274 0.883053 0.446896 -0.894586 0.094409 37.763505 0.500000 10.484838 200.000000 10.484838 0.028993 11.597037 0.866025 -2.322473 200.000000 -2.322473 0.000801 0.320224 0.444067 9.447666 200.000000 9.447666 0.000198 0.079284 -0.895994 -5.297304 200.000000 -5.297304
 40.000000 0.890391 0.455196 -0.922149 0.386835 1.098204 -1.173599 0.455196 0.890391 0.386835 -0.922149 0.200736 80.294364 0.500000 10.484838 200.000000 10.484838 0.059368 23.747367 0.866025 -2.322473 200.000000 -2.322473 0.327545 131.017939 0.444067 9.447666 200.000000 9.447666 0.068409 27.363656 -0.895994 -5.297304 200.000000 -5.297304
 40.200000 0.871481 0.490429 -0.898429 0.439119 1.058214 -1.116178 0.490429 0.871481 0.439119 -0.898429 0.009160 3.664035 0.500000 10.484838 200.000000 10.484838 0.002976 1.190566 0.866025 -2.322473 200.000000 -2.322473 0.002448 0.979137 0.444067 9.447666 200.000000 9.447666 0.000593 0.237191 -0.895994 -5.297304 200.000000 -5.297304
 40.400000 0.862865 0.505435 -0.890363 0.455251 1.040911 -1.098142 0.505435 0.862865 0.455251 -0.890363 0.002953 1.181383 0.500000 10.484838 200.000000 10.484838 0.000999 0.399543 0.866025 -2.322473 200.000000 -2.322473 0.012510 5.003971 0.444067 9.447666 200.000000 9.447666 0.003171 1.268250 -0.895994 -5.297304 200.000000 -5.297304
 40.600000 0.857308 0.514804 -0.886684 0.462375 1.030017 -1.090124 0.514804 0.857308 0.462375 -0.886684 0.021917 8.766889 0.500000 10.484838 200.000000 10.484838 0.007600 3.039988 0.866025 -2.322473 200.000000 -2.322473 0.033521 13.408459 0.444067 9.447666 200.000000 9.447666 0.008667 3.466675 -0.895994 -5.297304 200.000000 -5.297304
 40.800000 0.845753 0.533575 -0.882083 0.471094 1.007975 -1.080266 0.533575 0.845753 0.471094 -0.882083 0.112726 45.090459 0.500000 10.484838 200.000000 10.484838 0.041097 16.438923 0.866025 -2.322473 200.000000 -2.322473 0.073048 29.219377 0.444067 9.447666 200.000000 9.447666 0.019351 7.740423 -0.895994 -5.297304 200.000000 -5.297304
 41.000000 0.898234 0.439518 -0.923838 0.382783 1.115735 -1.177989 0.439518 0.898234 0.382783 -0.923838 0.365812 146.324912 0.500000 10.484838 200.000000 10.484838 0.103739 41.495712 0.866025 -2.322473 200.000000 -2.322473 0.375564 150.225442 0.444067 9.447666 200.000000 9.447666 0.077531 31.012329 -0.895994 -5.297304 200.000000 -5.297304
 41.200000 0.880021 0.474935 -0.859852 0.510543 1.075906 -1.034981 0.474935 0.880021 0.510543 -0.859852 0.062825 25.130155 0.500000 10.484838 200.000000 10.484838 0.019587 7.834928 0.866025 -2.322473 200.000000 -2.322473 0.441906 176.762343 0.444067 9.447666 200.000000 9.447666 0.130620 52.247805 -0.895994 -5.297304 200.000000 -5.297304
 41.400000 0.834810 0.550539 -0.917105 0.398646 0.987787 -1.160756 0.550539 0.834810 0.398646 -0.917105 0.255418 102.167032 0.500000 10.484838 200.000000 10.484838 0.097443 38.977203 0.866025 -2.322473 200.000000 -2.322473 0.206300 82.520151 0.444067 9.447666 200.000000 9.447666 0.044567 17.826928 -0.895994 -5.297304 200.000000 -5.297304
 41.600000 0.871395 0.490582 -0.894337 0.447394 1.058038 -1.106946 0.490582 0.871395 0.447394 -0.894337 0.008869 3.547676 0.500000 10.484838 200.000000 10.484838 0.002883 1.153229 0.866025 -2.322473 200.000000 -2.322473 0.001107 0.442984 0.444067 9.447666 200.000000 9.447666 0.000275 0.109831 -0.895994 -5.297304 200.000000 -5.297304
 41.800000 0.851072 0.525049 -0.893946 0.448174 1.018024 -1.106075 0.525049 0.851072 0.448174 -0.893946 0.062746 25.098292 0.500000 10.484838 200.000000 10.484838 0.022361 8.944245 0.866025 -2.322473 200.000000 -2.322473 0.001687 0.674854 0.444067 9.447666 200.000000 9.447666 0.000419 0.167686 -0.895994 -5.297304 200.000000 -5.297304
 42.000000 0.895627 0.444806 -0.874655 0.484746 1.109838 -1.064724 0.444806 0.895627 0.484746 -0.874655 0.304635 121.853914 0.500000 10.484838 200.000000 10.484838 0.087624 35.049729 0.866025 -2.322473 200.000000 -2.322473 0.165479 66.191747 0.444067 9.447666 200.000000 9.447666 0.045534 18.213564 -0.895994 -5.297304 200.000000 -5.297304
 42.200000 0.875217 0.483730 -0.863777 0.503874 1.065885 -1.042718 0.483730 0.875217 0.503874 -0.863777 0.026471 10.588261 0.500000 10.484838 200.000000 10.484838 0.008449 3.379544 0.866025 -2.322473 200.000000 -2.322473 0.357698 143.079271 0.444067 9.447666 200.000000 9.447666 0.103793 41.517126 -0.895994 -5.297304 200.000000 -5.297304
 42.400000 0.896705 0.442629 -0.897292 0.441437 1.112268 -1.113597 0.442629 0.896705 0.441437 -0.897292 0.329139 131.655673 0.500000 10.484838 200.000000 10.484838 0.094122 37.648690 0.866025 -2.322473 200.000000 -2.322473 0.000692 0.276676 0.444067 9.447666 200.000000 9.447666 0.000169 0.067461 -0.895994 -5.297304 200.000000 -5.297304
 42.600000 0.870519 0.492134 -0.865449 0.500997 1.056257 -1.046046 0.492134 0.870519 0.500997 -0.865449 0.006187 2.474901 0.500000 10.484838 200.000000 10.484838 0.002020 0.807842 0.866025 -2.322473 200.000000 -2.322473 0.324108 129.643291 0.444067 9.447666 200.000000 9.447666 0.093299 37.319446 -0.895994 -5.297304 200.000000 -5.297304
 42.800000 0.825581 0.564284 -0.904561 0.426344 0.971231 -1.130349 0.564284 0.825581 0.426344 -0.904561 0.413244 165.297581 0.500000 10.484838 200.000000 10.484838 0.163577 65.430934 0.866025 -2.322473 200.000000 -2.322473 0.031410 12.564048 0.444067 9.447666 200.000000 9.447666 0.007340 2.936059 -0.895994 -5.297304 200.000000 -5.297304
 43.000000 0.893702 0.448662 -0.936679 0.350190 1.105529 -1.213022 0.448662 0.893702 0.350190 -0.936679 0.263562 105.424886 0.500000 10.484838 200.000000 10.484838 0.076598 30.639045 0.866025 -2.322473 200.000000 -2.322473 0.881284 352.513409 0.444067 9.447666 200.000000 9.447666 0.165526 66.210596 -0.895994 -5.297304 200.000000 -5.297304
 43.200000 0.829586 0.558379 -0.901405 0.432976 0.978365 -1.123004 0.558379 0.829586 0.432976 -0.901405 0.340816 136.326359 0.500000 10.484838 200.000000 10.484838 0.132785 53.114137 0.866025 -2.322473 200.000000 -2.322473 0.012300 4.919821 0.444067 9.447666 200.000000 9.447666 0.002928 1.171391 -0.895994 -5.297304 200.000000 -5.297304
 43.400000 0.868528 0.495641 -0.879930 0.475103 1.052224 -1.075716 0.495641 0.868528 0.475103 -0.879930 0.001900 0.760045 0.500000 10.484838 200.000000 10.484838 0.000626 0.250421 0.866025 -2.322473 200.000000 -2.322473 0.096323 38.529293 0.444067 9.447666 200.000000 9.447666 0.025803 10.321270 -0.895994 -5.297304 200.000000 -5.297304
 43.600000 0.884858 0.465861 -0.873681 0.486498 1.086188 -1.062719 0.465861 0.884858 0.486498 -0.873681 0.116544 46.617729 0.500000 10.484838 200.000000 10.484838 0.035466 14.186212 0.866025 -2.322473 200.000000 -2.322473 0.180046 72.018579 0.444067 9.447666 200.000000 9.447666 0.049784 19.913654 -0.895994 -5.297304 200.000000 -5.297304
 43.800000 0.849358 0.527818 -0.906310 0.422615 1.014767 -1.134468 0.527818 0.849358 0.422615 -0.906310 0.077383 30.953209 0.500000 10.484838 200.000000 10.484838 0.027782 11.112601 0.866025 -2.322473 200.000000 -2.322473 0.046019 18.407670 0.444067 9.447666 200.000000 9.447666 0.010641 4.256589 -0.895994 -5.297304 200.000000 -5.297304
 44.000000 0.861951 0.506991 -0.875409 0.483382 1.039106 -1.066282 0.506991 0.861951 0.483382 -0.875409 0.004888 1.955168 0.500000 10.484838 200.000000 10.484838 0.001660 0.663988 0.866025 -2.322473 200.000000 -2.322473 0.154571 61.828403 0.444067 9.447666 200.000000 9.447666 0.042371 16.948568 -0.895994 -5.297304 200.000000 -5.297304
 44.200000 0.821991 0.569501 -0.843085 0.537781 0.964898 -1.002993 0.569501 0.821991 0.537781 -0.843085 0.483036 193.214322 0.500000 10.484838 200.000000 10.484838 0.193905 77.561876 0.866025 -2.322473 200.000000 -2.322473 0.878238 351.295191 0.444067 9.447666 200.000000 9.447666 0.279938 111.975251 -0.895994 -5.297304 200.000000 -5.297304
 44.400000 0.832987 0.553293 -0.884994 0.465602 0.984484 -1.086481 0.553293 0.832987 0.465602 -0.884994 0.284014 113.605759 0.500000 10.484838 200.000000 10.484838 0.109156 43.662218 0.866025 -2.322473 200.000000 -2.322473 0.046378 18.551190 0.444067 9.447666 200.000000 9.447666 0.012099 4.839677 -0.895994 -5.297304 200.000000 -5.297304
 44.600000 0.848837 0.528655 -0.908818 0.417193 1.013781 -1.140442 0.528655 0.848837 0.417193 -0.908818 0.082113 32.845381 0.500000 10.484838 200.000000 10.484838 0.029546 11.818323 0.866025 -2.322473 200.000000 -2.322473 0.072222 28.888652 0.444067 9.447666 200.000000 9.447666 0.016446 6.578563 -0.895994 -5.297304 200.000000 -5.297304
 44.800000 0.903321 0.428966 -0.938071 0.346444 1.127449 -1.217019 0.428966 0.903321 0.346444 -0.938071 0.504590 201.835888 0.500000 10.484838 200.000000 10.484838 0.139095 55.638051 0.866025 -2.322473 200.000000 -2.322473 0.953019 381.207433 0.444067 9.447666 200.000000 9.447666 0.177047 70.818630 -0.895994 -5.297304 200.000000 -5.297304
 45.000000 0.884087 0.467323 -0.926964 0.375149 1.084536 -1.186239 0.467323 0.884087 0.375149 -0.926964 0.106782 42.712654 0.500000 10.484838 200.000000 10.484838 0.032622 13.048703 0.866025 -2.322473 200.000000 -2.322473 0.474962 189.984865 0.444067 9.447666 200.000000 9.447666 0.095918 38.367378 -0.895994 -5.297304 200.000000 -5.297304
 45.200000 0.855464 0.517863 -0.885971 0.463741 1.026446 -1.088583 0.517863 0.855464 0.463741 -0.885971 0.031908 12.763124 0.500000 10.484838 200.000000 10.484838 0.011155 4.461972 0.866025 -2.322473 200.000000 -2.322473 0.038707 15.482990 0.444067 9.447666 200.000000 9.447666 0.010046 4.018316 -0.895994 -5.297304 200.000000 -5.297304
 45.400000 0.858946 0.512066 -0.919860 0.392246 1.033208 -1.167724 0.512066 0.858946 0.392246 -0.919860 0.014559 5.823693 0.500000 10.484838 200.000000 10.484838 0.005012 2.004714 0.866025 -2.322473 200.000000 -2.322473 0.268533 107.413172 0.444067 9.447666 200.000000 9.447666 0.056960 22.784184 -0.895994 -5.297304 200.000000 -5.297304
 45.600000 0.846289 0.532724 -0.867759 0.496985 1.008980 -1.050676 0.532724 0.846289 0.496985 -0.867759 0.107087 42.834988 0.500000 10.484838 200.000000 10.484838 0.038953 15.581182 0.866025 -2.322473 200.000000 -2.322473 0.280035 112.013934 0.444067 9.447666 200.000000 9.447666 0.079719 31.887713 -0.895994 -5.297304 200.000000 -5.297304
 45.800000 0.914653 0.404240 -0.891836 0.452359 1.154648 -1.101388 0.404240 0.914653 0.452359 -0.891836 0.916994 366.797568 0.500000 10.484838 200.000000 10.484838 0.236463 94.585193 0.866025 -2.322473 200.000000 -2.322473 0.006877 2.750614 0.444067 9.447666 200.000000 9.447666 0.001729 0.691522 -0.895994 -5.297304 200.000000 -5.297304
 46.000000 0.861348 0.508015 -0.891550 0.452923 1.037918 -1.100755 0.508015 0.861348 0.452923 -0.891550 0.006423 2.569398 0.500000 10.484838 200.000000 10.484838 0.002187 0.874968 0.866025 -2.322473 200.000000 -2.322473 0.007843 3.137247 0.444067 9.447666 200.000000 9.447666 0.001975 0.789969 -0.895994 -5.297304 200.000000 -5.297304
 46.200000 0.885898 0.463880 -0.881740 0.471736 1.088426 -1.079538 0.463880 0.885898 0.471736 -0.881740 0.130464 52.185546 0.500000 10.484838 200.000000 10.484838 0.039492 15.796693 0.866025 -2.322473 200.000000 -2.322473 0.076557 30.622947 0.444067 9.447666 200.000000 9.447666 0.020317 8.126750 -0.895994 -5.297304 200.000000 -5.297304
 46.400000 0.906911 0.421322 -0.892824 0.450407 1.135894 -1.103576 0.421322 0.906911 0.450407 -0.892824 0.619027 247.610671 0.500000 10.484838 200.000000 10.484838 0.167165 66.866036 0.866025 -2.322473 200.000000 -2.322473 0.004019 1.607795 0.444067 9.447666 200.000000 9.447666 0.001005 0.402007 -0.895994 -5.297304 200.000000 -5.297304
 46.600000 0.867447 0.497529 -0.862037 0.506845 1.050048 -1.039276 0.497529 0.867447 0.506845 -0.862037 0.000610 0.244197 0.500000 10.484838 200.000000 10.484838 0.000202 0.080864 0.866025 -2.322473 200.000000 -2.322473 0.394110 157.644071 0.444067 9.447666 200.000000 9.447666 0.115304 46.121632 -0.895994 -5.297304 200.000000 -5.297304
 46.800000 0.859800 0.510632 -0.894697 0.446674 1.034877 -1.107752 0.510632 0.859800 0.446674 -0.894697 0.011303 4.521373 0.500000 10.484838 200.000000 10.484838 0.003876 1.550468 0.866025 -2.322473 200.000000 -2.322473 0.000680 0.271915 0.444067 9.447666 200.000000 9.447666 0.000168 0.067281 -0.895994 -5.297304 200.000000 -5.297304
 47.000000 0.833307 0.552810 -0.845943 0.533274 0.985063 -1.008330 0.552810 0.833307 0.533274 -0.845943 0.278894 111.557588 0.500000 10.484838 200.000000 10.484838 0.107049 42.819615 0.866025 -2.322473 200.000000 -2.322473 0.795792 318.316986 0.444067 9.447666 200.000000 9.447666 0.250511 100.204429 -0.895994 -5.297304 200.000000 -5.297304
 47.200000 0.851338 0.524618 -0.881593 0.472011 1.018530 -1.079226 0.524618 0.851338 0.472011 -0.881593 0.060603 24.241290 0.500000 10.484838 200.000000 10.484838 0.021572 8.628893 0.866025 -2.322473 200.000000 -2.322473 0.078089 31.235655 0.444067 9.447666 200.000000 9.447666 0.020739 8.295714 -0.895994 -5.297304 200.000000 -5.297304
 47.400000 0.886398 0.462925 -0.866432 0.499295 1.089505 -1.048012 0.462925 0.886398 0.499295 -0.866432 0.137459 54.983494 0.500000 10.484838 200.000000 10.484838 0.041503 16.601179 0.866025 -2.322473 200.000000 -2.322473 0.305012 122.004905 0.444067 9.447666 200.000000 9.447666 0.087388 34.955170 -0.895994 -5.297304 200.000000 -5.297304
 47.600000 0.896365 0.443318 -0.897700 0.440608 1.111500 -1.114521 0.443318 0.896365 0.440608 -0.897700 0.321287 128.514952 0.500000 10.484838 200.000000 10.484838 0.092046 36.818467 0.866025 -2.322473 200.000000 -2.322473 0.001196 0.478582 0.444067 9.447666 200.000000 9.447666 0.000291 0.116420 -0.895994 -5.297304 200.000000 -5.297304
 47.800000 0.889242 0.457438 -0.863050 0.505119 1.095685 -1.041276 0.457438 0.889242 0.505119 -0.863050 0.181154 72.461576 0.500000 10.484838 200.000000 10.484838 0.053899 21.559692 0.866025 -2.322473 200.000000 -2.322473 0.372741 149.096284 0.444067 9.447666 200.000000 9.447666 0.108532 43.412630 -0.895994 -5.297304 200.000000 -5.297304
 48.000000 0.873448 0.486918 -0.845454 0.534048 1.062239 -1.007414 0.486918 0.873448 0.534048 -0.845454 0.017115 6.845842 0.500000 10.484838 200.000000 10.484838 0.005509 2.203704 0.866025 -2.322473 200.000000 -2.322473 0.809673 323.869076 0.444067 9.447666 200.000000 9.447666 0.255428 102.171202 -0.895994 -5.297304 200.000000 -5.297304
 48.200000 0.862346 0.506319 -0.888458 0.458957 1.039885 -1.093975 0.506319 0.862346 0.458957 -0.888458 0.003994 1.597408 0.500000 10.484838 200.000000 10.484838 0.001354 0.541519 0.866025 -2.322473 200.000000 -2.322473 0.022174 8.869405 0.444067 9.447666 200.000000 9.447666 0.005678 2.271346 -0.895994 -5.297304 200.000000 -5.297304
 48.400000 0.849836 0.527047 -0.885738 0.464185 1.015674 -1.088082 0.527047 0.849836 0.464185 -0.885738 0.073156 29.262570 0.500000 10.484838 200.000000 10.484838 0.026210 10.484051 0.866025 -2.322473 200.000000 -2.322473 0.040475 16.189963 0.444067 9.447666 200.000000 9.447666 0.010518 4.207009 -0.895994 -5.297304 200.000000 -5.297304
 48.600000 0.809549 0.587052 -0.871838 0.489794 0.943384 -1.058943 0.587052 0.809549 0.489794 -0.871838 0.757799 303.119440 0.500000 10.484838 200.000000 10.484838 0.318953 127.581129 0.866025 -2.322473 200.000000 -2.322473 0.209102 83.640831 0.444067 9.447666 200.000000 9.447666 0.058350 23.340000 -0.895994 -5.297304 200.000000 -5.297304
 48.800000 0.881520 0.472147 -0.895218 0.445628 1.079072 -1.108921 0.472147 0.881520 0.445628 -0.895218 0.077579 31.031521 0.500000 10.484838 200.000000 10.484838 0.024008 9.603071 0.866025 -2.322473 200.000000 -2.322473 0.000244 0.097484 0.444067 9.447666 200.000000 9.447666 0.000060 0.024050 -0.895994 -5.297304 200.000000 -5.297304
 49.000000 0.860507 0.509439 -0.907570 0.419902 1.036263 -1.137459 0.509439 0.860507 0.419902 -0.907570 0.008910 3.564033 0.500000 10.484838 200.000000 10.484838 0.003046 1.218296 0.866025 -2.322473 200.000000 -2.322473 0.058393 23.357399 0.444067 9.447666 200.000000 9.447666 0.013400 5.359910 -0.895994 -5.297304 200.000000 -5.297304
 49.200000 0.816108 0.577899 -0.885255 0.465106 0.954645 -1.087042 0.577899 0.816108 0.465106 -0.885255 0.606821 242.728592 0.500000 10.484838 200.000000 10.484838 0.249170 99.668003 0.866025 -2.322473 200.000000 -2.322473 0.044264 17.705478 0.444067 9.447666 200.000000 9.447666 0.011532 4.612651 -0.895994 -5.297304 200.000000 -5.297304
 49.400000 0.875601 0.483035 -0.901359 0.433073 1.066678 -1.122897 0.483035 0.875601 0.433073 -0.901359 0.028780 11.511854 0.500000 10.484838 200.000000 10.484838 0.009169 3.667530 0.866025 -2.322473 200.000000 -2.322473 0.012086 4.834207 0.444067 9.447666 200.000000 9.447666 0.002878 1.151321 -0.895994 -5.297304 200.000000 -5.297304
 49.600000 0.902569 0.430545 -0.886833 0.462090 1.125700 -1.090446 0.430545 0.902569 0.462090 -0.886833 0.482402 192.960855 0.500000 10.484838 200.000000 10.484838 0.133545 53.417950 0.866025 -2.322473 200.000000 -2.322473 0.032483 12.993096 0.444067 9.447666 200.000000 9.447666 0.008392 3.356606 -0.895994 -5.297304 200.000000 -5.297304
 49.800000 0.858499 0.512816 -0.879278 0.476308 1.032335 -1.074345 0.512816 0.858499 0.476308 -0.879278 0.016424 6.569796 0.500000 10.484838 200.000000 10.484838 0.005665 2.266075 0.866025 -2.322473 200.000000 -2.322473 0.103952 41.580859 0.444067 9.447666 200.000000 9.447666 0.027940 11.176171 -0.895994 -5.297304 200.000000 -5.297304
 50.000000 0.849606 0.527418 -0.879854 0.475244 1.015238 -1.075555 0.527418 0.849606 0.475244 -0.879854 0.075174 30.069510 0.500000 10.484838 200.000000 10.484838 0.026960 10.783818 0.866025 -2.322473 200.000000 -2.322473 0.097201 38.880570 0.444067 9.447666 200.000000 9.447666 0.026049 10.419464 -0.895994 -5.297304 200.000000 -5.297304
 50.200000 0.847712 0.530456 -0.918396 0.395662 1.011658 -1.164007 0.530456 0.847712 0.395662 -0.918396 0.092757 37.102651 0.500000 10.484838 200.000000 10.484838 0.033536 13.414517 0.866025 -2.322473 200.000000 -2.322473 0.234297 93.718651 0.444067 9.447666 200.000000 9.447666 0.050186 20.074428 -0.895994 -5.297304 200.000000 -5.297304
 50.400000 0.890234 0.455503 -0.873890 0.486124 1.097860 -1.063147 0.455503 0.890234 0.486124 -0.873890 0.198001 79.200390 0.500000 10.484838 200.000000 10.484838 0.058608 23.443024 0.866025 -2.322473 200.000000 -2.322473 0.176884 70.753663 0.444067 9.447666 200.000000 9.447666 0.048859 19.543560 -0.895994 -5.297304 200.000000 -5.297304
 50.600000 0.867512 0.497416 -0.957309 0.289068 1.050179 -1.277544 0.497416 0.867512 0.289068 -0.957309 0.000668 0.267114 0.500000 10.484838 200.000000 10.484838 0.000221 0.088426 0.866025 -2.322473 200.000000 -2.322473 2.402471 960.988229 0.444067 9.447666 200.000000 9.447666 0.375952 150.380798 -0.895994 -5.297304 200.000000 -5.297304
 50.800000 0.849661 0.527329 -0.922384 0.386274 1.015342 -1.174207 0.527329 0.849661 0.386274 -0.922384 0.074688 29.875115 0.500000 10.484838 200.000000 10.484838 0.026779 10.711563 0.866025 -2.322473 200.000000 -2.322473 0.333994 133.597554 0.444067 9.447666 200.000000 9.447666 0.069644 27.857575 -0.895994 -5.297304 200.000000 -5.297304
 51.000000 0.836020 0.548699 -0.946031 0.324077 0.989989 -1.240760 0.548699 0.836020 0.324077 -0.946031 0.237164 94.865434 0.500000 10.484838 200.000000 10.484838 0.090034 36.013717 0.866025 -2.322473 200.000000 -2.322473 1.439751 575.900236 0.444067 9.447666 200.000000 9.447666 0.250369 100.147777 -0.895994 -5.297304 200.000000 -5.297304
 51.200000 0.870734 0.491754 -0.934506 0.355948 1.056694 -1.206868 0.491754 0.870734 0.355948 -0.934506 0.006800 2.720115 0.500000 10.484838 200.000000 10.484838 0.002217 0.886983 0.866025 -2.322473 200.000000 -2.322473 0.776482 310.592665 0.444067 9.447666 200.000000 9.447666 0.148316 59.326444 -0.895994 -5.297304 200.000000 -5.297304
 51.400000 0.836810 0.547493 -0.915123 0.403174 0.991430 -1.155814 0.547493 0.836810 0.403174 -0.915123 0.225563 90.225110 0.500000 10.484838 200.000000 10.484838 0.085354 34.141667 0.866025 -2.322473 200.000000 -2.322473 0.167219 66.887708 0.444067 9.447666 200.000000 9.447666 0.036594 14.637502 -0.895994 -5.297304 200.000000 -5.297304
 51.600000 0.848162 0.529737 -0.874954 0.484205 1.012506 -1.065342 0.529737 0.848162 0.484205 -0.874954 0.088429 35.371487 0.500000 10.484838 200.000000 10.484838 0.031910 12.764075 0.866025 -2.322473 200.000000 -2.322473 0.161112 64.444685 0.444067 9.447666 200.000000 9.447666 0.044266 17.706220 -0.895994 -5.297304 200.000000 -5.297304
 51.800000 0.877848 0.478939 -0.902612 0.430455 1.071351 -1.125799 0.478939 0.877848 0.430455 -0.902612 0.044357 17.742763 0.500000 10.484838 200.000000 10.484838 0.013978 5.591166 0.866025 -2.322473 200.000000 -2.322473 0.018526 7.410498 0.444067 9.447666 200.000000 9.447666 0.004380 1.751931 -0.895994 -5.297304 200.000000 -5.297304
 52.000000 0.863013 0.505182 -0.902100 0.431526 1.041203 -1.124612 0.505182 0.863013 0.431526 -0.902100 0.002685 1.074195 0.500000 10.484838 200.000000 10.484838 0.000908 0.363047 0.866025 -2.322473 200.000000 -2.322473 0.015726 6.290539 0.444067 9.447666 200.000000 9.447666 0.003729 1.491651 -0.895994 -5.297304 200.000000 -5.297304
 52.200000 0.869008 0.494798 -0.889810 0.456332 1.053194 -1.096928 0.494798 0.869008 0.456332 -0.889810 0.002706 1.082583 0.500000 10.484838 200.000000 10.484838 0.000890 0.355889 0.866025 -2.322473 200.000000 -2.322473 0.015043 6.017205 0.444067 9.447666 200.000000 9.447666 0.003824 1.529666 -0.895994 -5.297304 200.000000 -5.297304
 52.400000 0.884852 0.465873 -0.918274 0.395945 1.086175 -1.163700 0.465873 0.884852 0.395945 -0.918274 0.116465 46.585997 0.500000 10.484838 200.000000 10.484838 0.035442 14.176996 0.866025 -2.322473 200.000000 -2.322473 0.231573 92.629375 0.444067 9.447666 200.000000 9.447666 0.049643 19.857101 -0.895994 -5.297304 200.000000 -5.297304
 52.600000 0.832069 0.554673 -0.931061 0.364863 0.982827 -1.197311 0.554673 0.832069 0.364863 -0.931061 0.298912 119.564823 0.500000 10.484838 200.000000 10.484838 0.115307 46.122787 0.866025 -2.322473 200.000000 -2.322473 0.627325 250.930075 0.444067 9.447666 200.000000 9.447666 0.122973 49.189299 -0.895994 -5.297304 200.000000 -5.297304
 52.800000 0.822331 0.569010 -0.885507 0.464626 0.965495 -1.087584 0.569010 0.822331 0.464626 -0.885507 0.476238 190.495348 0.500000 10.484838 200.000000 10.484838 0.190924 76.369489 0.866025 -2.322473 200.000000 -2.322473 0.042268 16.907039 0.444067 9.447666 200.000000 9.447666 0.010997 4.398749 -0.895994 -5.297304 200.000000 -5.297304
 53.000000 0.865498 0.500913 -0.901982 0.431774 1.046143 -1.124338 0.500913 0.865498 0.431774 -0.901982 0.000083 0.033323 0.500000 10.484838 200.000000 10.484838 0.000028 0.011135 0.866025 -2.322473 200.000000 -2.322473 0.015111 6.044215 0.444067 9.447666 200.000000 9.447666 0.003586 1.434243 -0.895994 -5.297304 200.000000 -5.297304
 53.200000 0.853896 0.520444 -0.913832 0.406092 1.023426 -1.152623 0.520444 0.853896 0.406092 -0.913832 0.041796 16.718251 0.500000 10.484838 200.000000 10.484838 0.014713 5.885076 0.866025 -2.322473 200.000000 -2.322473 0.144205 57.681982 0.444067 9.447666 200.000000 9.447666 0.031820 12.728195 -0.895994 -5.297304 200.000000 -5.297304
 53.400000 0.850264 0.526356 -0.890131 0.455704 1.016487 -1.097633 0.526356 0.850264 0.455704 -0.890131 0.069465 27.785888 0.500000 10.484838 200.000000 10.484838 0.024842 9.936635 0.866025 -2.322473 200.000000 -2.322473 0.013543 5.417184 0.444067 9.447666 200.000000 9.447666 0.003437 1.374717 -0.895994 -5.297304 200.000000 -5.297304
 53.600000 0.860646 0.509204 -0.894896 0.446275 1.036537 -1.108198 0.509204 0.860646 0.446275 -0.894896 0.008471 3.388258 0.500000 10.484838 200.000000 10.484838 0.002894 1.157483 0.866025 -2.322473 200.000000 -2.322473 0.000488 0.195123 0.444067 9.447666 200.000000 9.447666 0.000121 0.048226 -0.895994 -5.297304 200.000000 -5.297304
 53.800000 0.909994 0.414621 -0.886957 0.461851 1.143270 -1.090715 0.414621 0.909994 0.461851 -0.886957 0.728959 291.583566 0.500000 10.484838 200.000000 10.484838 0.193326 77.330313 0.866025 -2.322473 200.000000 -2.322473 0.031630 12.651880 0.444067 9.447666 200.000000 9.447666 0.008166 3.266284 -0.895994 -5.297304 200.000000 -5.297304
 54.000000 0.887922 0.459995 -0.828668 0.559740 1.092807 -0.976724 0.459995 0.887922 0.559740 -0.828668 0.160040 64.016067 0.500000 10.484838 200.000000 10.484838 0.047944 19.177590 0.866025 -2.322473 200.000000 -2.322473 1.338032 535.212994 0.444067 9.447666 200.000000 9.447666 0.453272 181.308720 -0.895994 -5.297304 200.000000 -5.297304
 54.200000 0.843336 0.537387 -0.857834 0.513927 1.003460 -1.031040 0.537387 0.843336 0.513927 -0.857834 0.139781 55.912286 0.500000 10.484838 200.000000 10.484838 0.051483 20.593088 0.866025 -2.322473 200.000000 -2.322473 0.488047 195.218631 0.444067 9.447666 200.000000 9.447666 0.145617 58.246867 -0.895994 -5.297304 200.000000 -5.297304
 54.400000 0.923785 0.382913 -0.908974 0.416853 1.177849 -1.140816 0.382913 0.923785 0.416853 -0.908974 1.370948 548.379132 0.500000 10.484838 200.000000 10.484838 0.333613 133.445030 0.866025 -2.322473 200.000000 -2.322473 0.074058 29.623017 0.444067 9.447666 200.000000 9.447666 0.016848 6.739315 -0.895994 -5.297304 200.000000 -5.297304
 54.600000 0.881710 0.471793 -0.909983 0.414646 1.079474 -1.143243 0.471793 0.881710 0.414646 -0.909983 0.079566 31.826300 0.500000 10.484838 200.000000 10.484838 0.024599 9.839707 0.866025 -2.322473 200.000000 -2.322473 0.086558 34.623158 0.444067 9.447666 200.000000 9.447666 0.019569 7.827769 -0.895994 -5.297304 200.000000 -5.297304
 54.800000 0.862025 0.506866 -0.839725 0.543011 1.039251 -0.996777 0.506866 0.862025 0.543011 -0.839725 0.004715 1.885908 0.500000 10.484838 200.000000 10.484838 0.001601 0.640253 0.866025 -2.322473 200.000000 -2.322473 0.979009 391.603448 0.444067 9.447666 200.000000 9.447666 0.316614 126.645765 -0.895994 -5.297304 200.000000 -5.297304
 55.000000 0.866865 0.498543 -0.860467 0.509506 1.048879 -1.036185 0.498543 0.866865 0.509506 -0.860467 0.000212 0.084934 0.500000 10.484838 200.000000 10.484838 0.000071 0.028202 0.866025 -2.322473 200.000000 -2.322473 0.428234 171.293768 0.444067 9.447666 200.000000 9.447666 0.126215 50.486170 -0.895994 -5.297304 200.000000 -5.297304
 55.200000 0.891842 0.452347 -0.864516 0.502606 1.101401 -1.044186 0.452347 0.891842 0.502606 -0.864516 0.227084 90.833492 0.500000 10.484838 200.000000 10.484838 0.066651 26.660228 0.866025 -2.322473 200.000000 -2.322473 0.342682 137.072846 0.444067 9.447666 200.000000 9.447666 0.099086 39.634554 -0.895994 -5.297304 200.000000 -5.297304
 55.400000 0.854591 0.519302 -0.900800 0.434235 1.024762 -1.121608 0.519302 0.854591 0.434235 -0.900800 0.037258 14.903200 0.500000 10.484838 200.000000 10.484838 0.013075 5.230192 0.866025 -2.322473 200.000000 -2.322473 0.009666 3.866565 0.444067 9.447666 200.000000 9.447666 0.002310 0.923881 -0.895994 -5.297304 200.000000 -5.297304
 55.600000 0.875441 0.483325 -0.835669 0.549234 1.066347 -0.989350 0.483325 0.875441 0.549234 -0.835669 0.027804 11.121618 0.500000 10.484838 200.000000 10.484838 0.008865 3.545949 0.866025 -2.322473 200.000000 -2.322473 1.106009 442.403432 0.444067 9.447666 200.000000 9.447666 0.363909 145.563643 -0.895994 -5.297304 200.000000 -5.297304
 55.800000 0.862881 0.505407 -0.907092 0.420933 1.040943 -1.136323 0.505407 0.862881 0.420933 -0.907092 0.002924 1.169499 0.500000 10.484838 200.000000 10.484838 0.000989 0.395495 0.866025 -2.322473 200.000000 -2.322473 0.053517 21.406825 0.444067 9.447666 200.000000 9.447666 0.012317 4.926645 -0.895994 -5.297304 200.000000 -5.297304
 56.000000 0.866253 0.499606 -0.873770 0.486340 1.047652 -1.062900 0.499606 0.866253 0.486340 -0.873770 0.000016 0.006202 0.500000 10.484838 200.000000 10.484838 0.000005 0.002065 0.866025 -2.322473 200.000000 -2.322473 0.178703 71.481212 0.444067 9.447666 200.000000 9.447666 0.049391 19.756360 -0.895994 -5.297304 200.000000 -5.297304
 56.200000 0.880067 0.474850 -0.894756 0.446556 1.076003 -1.107884 0.474850 0.880067 0.446556 -0.894756 0.063253 25.301198 0.500000 10.484838 200.000000 10.484838 0.019716 7.886461 0.866025 -2.322473 200.000000 -2.322473 0.000620 0.247889 0.444067 9.447666 200.000000 9.447666 0.000153 0.061316 -0.895994 -5.297304 200.000000 -5.297304
 56.400000 0.882125 0.471016 -0.867117 0.498105 1.080355 -1.049385 0.471016 0.882125 0.498105 -0.867117 0.084010 33.604037 0.500000 10.484838 200.000000 10.484838 0.025919 10.367791 0.866025 -2.322473 200.000000 -2.322473 0.292012 116.804650 0.444067 9.447666 200.000000 9.447666 0.083387 33.354985 -0.895994 -5.297304 200.000000 -5.297304
 56.600000 0.884989 0.465612 -0.893577 0.448911 1.086470 -1.105251 0.465612 0.884989 0.448911 -0.893577 0.118250 47.300019 0.500000 10.484838 200.000000 10.484838 0.035961 14.384268 0.866025 -2.322473 200.000000 -2.322473 0.002346 0.938565 0.444067 9.447666 200.000000 9.447666 0.000584 0.233694 -0.895994 -5.297304 200.000000 -5.297304
 56.800000 0.883889 0.467696 -0.882266 0.470752 1.084114 -1.080653 0.467696 0.883889 0.470752 -0.882266 0.104354 41.741508 0.500000 10.484838 200.000000 10.484838 0.031912 12.764753 0.866025 -2.322473 200.000000 -2.322473 0.071210 28.484198 0.444067 9.447666 200.000000 9.447666 0.018846 7.538478 -0.895994 -5.297304 200.000000 -5.297304
 57.000000 0.813272 0.581884 -0.849118 0.528202 0.949753 -1.014314 0.581884 0.813272 0.528202 -0.849118 0.670502 268.200925 0.500000 10.484838 200.000000 10.484838 0.278296 111.318355 0.866025 -2.322473 200.000000 -2.322473 0.707883 283.153392 0.444067 9.447666 200.000000 9.447666 0.219729 87.891716 -0.895994 -5.297304 200.000000 -5.297304
 57.200000 0.869521 0.493897 -0.835079 0.550129 1.054231 -0.988277 0.493897 0.869521 0.550129 -0.835079 0.003725 1.490012 0.500000 10.484838 200.000000 10.484838 0.001222 0.488652 0.866025 -2.322473 200.000000 -2.322473 1.124931 449.972370 0.444067 9.447666 200.000000 9.447666 0.371056 148.422241 -0.895994 -5.297304 200.000000 -5.297304
 57.400000 0.879091 0.476655 -0.898239 0.439507 1.073951 -1.115746 0.476655 0.879091 0.439507 -0.898239 0.054500 21.800165 0.500000 10.484838 200.000000 10.484838 0.017070 6.827996 0.866025 -2.322473 200.000000 -2.322473 0.002079 0.831443 0.444067 9.447666 200.000000 9.447666 0.000504 0.201633 -0.895994 -5.297304 200.000000 -5.297304
 57.600000 0.863723 0.503966 -0.875678 0.482896 1.042611 -1.066838 0.503966 0.863723 0.482896 -0.875678 0.001573 0.629302 0.500000 10.484838 200.000000 10.484838 0.000530 0.211998 0.866025 -2.322473 200.000000 -2.322473 0.150769 60.307491 0.444067 9.447666 200.000000 9.447666 0.041273 16.509305 -0.895994 -5.297304 200.000000 -5.297304
 57.800000 0.898932 0.438088 -0.896835 0.442365 1.117325 -1.112562 0.438088 0.898932 0.442365 -0.896835 0.383305 153.322179 0.500000 10.484838 200.000000 10.484838 0.108284 43.313575 0.866025 -2.322473 200.000000 -2.322473 0.000290 0.115835 0.444067 9.447666 200.000000 9.447666 0.000071 0.028317 -0.895994 -5.297304 200.000000 -5.297304
 58.000000 0.851332 0.524627 -0.900917 0.433992 1.018519 -1.121877 0.524627 0.851332 0.433992 -0.900917 0.060649 24.259570 0.500000 10.484838 200.000000 10.484838 0.021589 8.635614 0.866025 -2.322473 200.000000 -2.322473 0.010150 4.059946 0.444067 9.447666 200.000000 9.447666 0.002424 0.969425 -0.895994 -5.297304 200.000000 -5.297304
 58.200000 0.844680 0.535271 -0.828332 0.560238 1.005968 -0.976124 0.535271 0.844680 0.560238 -0.828332 0.124406 49.762308 0.500000 10.484838 200.000000 10.484838 0.045562 18.224608 0.866025 -2.322473 200.000000 -2.322473 1.349571 539.828512 0.444067 9.447666 200.000000 9.447666 0.457813 183.125087 -0.895994 -5.297304 200.000000 -5.297304
 58.400000 0.874886 0.484328 -0.901041 0.433735 1.065201 -1.122163 0.484328 0.874886 0.433735 -0.901041 0.024560 9.824050 0.500000 10.484838 200.000000 10.484838 0.007852 3.140632 0.866025 -2.322473 200.000000 -2.322473 0.010674 4.269740 0.444067 9.447666 200.000000 9.447666 0.002547 1.018782 -0.895994 -5.297304 200.000000 -5.297304
 58.600000 0.905806 0.423693 -0.853624 0.520890 1.133278 -1.022903 0.423693 0.905806 0.520890 -0.853624 0.582278 232.911286 0.500000 10.484838 200.000000 10.484838 0.158249 63.299596 0.866025 -2.322473 200.000000 -2.322473 0.590186 236.074300 0.444067 9.447666 200.000000 9.447666 0.179522 71.808889 -0.895994 -5.297304 200.000000 -5.297304
 58.800000 0.849957 0.526853 -0.895082 0.445902 1.015903 -1.108614 0.526853 0.849957 0.445902 -0.895082 0.072107 28.842611 0.500000 10.484838 200.000000 10.484838 0.025821 10.328217 0.866025 -2.322473 200.000000 -2.322473 0.000337 0.134784 0.444067 9.447666 200.000000 9.447666 0.000083 0.033278 -0.895994 -5.297304 200.000000 -5.297304
 59.000000 0.895846 0.444365 -0.927789 0.373105 1.110330 -1.188443 0.444365 0.895846 0.373105 -0.927789 0.309520 123.807969 0.500000 10.484838 200.000000 10.484838 0.088924 35.569733 0.866025 -2.322473 200.000000 -2.322473 0.503553 201.421129 0.444067 9.447666 200.000000 9.447666 0.101094 40.437611 -0.895994 -5.297304 200.000000 -5.297304
 59.200000 0.882070 0.471118 -0.882468 0.470372 1.080238 -1.081084 0.471118 0.882070 0.470372 -0.882468 0.083415 33.365846 0.500000 10.484838 200.000000 10.484838 0.025743 10.297132 0.866025 -2.322473 200.000000 -2.322473 0.069197 27.678799 0.444067 9.447666 200.000000 9.447666 0.018294 7.317573 -0.895994 -5.297304 200.000000 -5.297304
 59.400000 0.874361 0.485277 -0.859273 0.511516 1.064117 -1.033848 0.485277 0.874361 0.511516 -0.859273 0.021678 8.671187 0.500000 10.484838 200.000000 10.484838 0.006948 2.779097 0.866025 -2.322473 200.000000 -2.322473 0.454948 181.979359 0.444067 9.447666 200.000000 9.447666 0.134838 53.935231 -0.895994 -5.297304 200.000000 -5.297304
 59.600000 0.864009 0.503476 -0.888720 0.458451 1.043179 -1.094544 0.503476 0.864009 0.458451 -0.888720 0.001208 0.483242 0.500000 10.484838 200.000000 10.484838 0.000406 0.162581 0.866025 -2.322473 200.000000 -2.322473 0.020692 8.276834 0.444067 9.447666 200.000000 9.447666 0.005292 2.116601 -0.895994 -5.297304 200.000000 -5.297304
 59.800000 0.801986 0.597343 -0.893981 0.448106 0.930613 -1.106151 0.597343 0.801986 0.448106 -0.893981 0.947558 379.023137 0.500000 10.484838 200.000000 10.484838 0.410102 164.040869 0.866025 -2.322473 200.000000 -2.322473 0.001632 0.652614 0.444067 9.447666 200.000000 9.447666 0.000405 0.162129 -0.895994 -5.297304 200.000000 -5.297304
 60.000000 0.830112 0.557596 -0.910848 0.412742 0.979309 -1.145334 0.557596 0.830112 0.412742 -0.910848 0.331731 132.692466 0.500000 10.484838 200.000000 10.484838 0.128974 51.589782 0.866025 -2.322473 200.000000 -2.322473 0.098126 39.250200 0.444067 9.447666 200.000000 9.447666 0.022065 8.826100 -0.895994 -5.297304 200.000000 -5.297304
 60.200000 0.901611 0.432548 -0.928303 0.371824 1.123480 -1.189823 0.432548 0.901611 0.371824 -0.928303 0.454983 181.993345 0.500000 10.484838 200.000000 10.484838 0.126634 50.653743 0.866025 -2.322473 200.000000 -2.322473 0.521898 208.759042 0.444067 9.447666 200.000000 9.447666 0.104390 41.755937 -0.895994 -5.297304 200.000000 -5.297304
 60.400000 0.865339 0.501187 -0.892757 0.450539 1.045827 -1.103427 0.501187 0.865339 0.450539 -0.892757 0.000141 0.056329 0.500000 10.484838 200.000000 10.484838 0.000047 0.018836 0.866025 -2.322473 200.000000 -2.322473 0.004190 1.675916 0.444067 9.447666 200.000000 9.447666 0.001048 0.419195 -0.895994 -5.297304 200.000000 -5.297304
 60.600000 0.863478 0.504387 -0.902819 0.430021 1.042125 -1.126281 0.504387 0.863478 0.430021 -0.902819 0.001924 0.769726 0.500000 10.484838 200.000000 10.484838 0.000649 0.259594 0.866025 -2.322473 200.000000 -2.322473 0.019729 7.891706 0.444067 9.447666 200.000000 9.447666 0.004659 1.863410 -0.895994 -5.297304 200.000000 -5.297304
 60.800000 0.857879 0.513852 -0.905229 0.424924 1.031127 -1.131918 0.513852 0.857879 0.424924 -0.905229 0.019189 7.675532 0.500000 10.484838 200.000000 10.484838 0.006637 2.654800 0.866025 -2.322473 200.000000 -2.322473 0.036644 14.657641 0.444067 9.447666 200.000000 9.447666 0.008529 3.411610 -0.895994 -5.297304 200.000000 -5.297304
 61.000000 0.867829 0.496863 -0.932759 0.360500 1.050816 -1.201992 0.496863 0.867829 0.360500 -0.932759 0.000984 0.393670 0.500000 10.484838 200.000000 10.484838 0.000325 0.130130 0.866025 -2.322473 200.000000 -2.322473 0.698333 279.333230 0.444067 9.447666 200.000000 9.447666 0.135169 54.067574 -0.895994 -5.297304 200.000000 -5.297304
 61.200000 0.875847 0.482590 -0.869151 0.494547 1.067187 -1.053483 0.482590 0.875847 0.494547 -0.869151 0.030312 12.124809 0.500000 10.484838 200.000000 10.484838 0.009646 3.858219 0.866025 -2.322473 200.000000 -2.322473 0.254827 101.930663 0.444067 9.447666 200.000000 9.447666 0.072054 28.821588 -0.895994 -5.297304 200.000000 -5.297304
 61.400000 0.864569 0.502514 -0.883057 0.469265 1.044292 -1.082338 0.502514 0.864569 0.469265 -0.883057 0.000632 0.252845 0.500000 10.484838 200.000000 10.484838 0.000212 0.084848 0.866025 -2.322473 200.000000 -2.322473 0.063495 25.398052 0.444067 9.447666 200.000000 9.447666 0.016735 6.693917 -0.895994 -5.297304 200.000000 -5.297304
 61.600000 0.876531 0.481345 -0.915049 0.403343 1.068608 -1.155629 0.481345 0.876531 0.403343 -0.915049 0.034801 13.920370 0.500000 10.484838 200.000000 10.484838 0.011037 4.414895 0.866025 -2.322473 200.000000 -2.322473 0.165839 66.335661 0.444067 9.447666 200.000000 9.447666 0.036309 14.523684 -0.895994 -5.297304 200.000000 -5.297304
 61.800000 0.899622 0.436670 -0.875508 0.483204 1.118903 -1.066486 0.436670 0.899622 0.483204 -0.875508 0.401073 160.429091 0.500000 10.484838 200.000000 10.484838 0.112873 45.149001 0.866025 -2.322473 200.000000 -2.322473 0.153170 61.267969 0.444067 9.447666 200.000000 9.447666 0.041967 16.786604 -0.895994 -5.297304 200.000000 -5.297304
 62.000000 0.836853 0.547427 -0.876633 0.481159 0.991509 -1.068820 0.547427 0.836853 0.481159 -0.876633 0.224935 89.974031 0.500000 10.484838 200.000000 10.484838 0.085102 34.040629 0.866025 -2.322473 200.000000 -2.322473 0.137586 55.034281 0.444067 9.447666 200.000000 9.447666 0.037483 14.993189 -0.895994 -5.297304 200.000000 -5.297304
 62.200000 0.855234 0.518241 -0.900462 0.434935 1.026003 -1.120830 0.518241 0.855234 0.434935 -0.900462 0.033275 13.310042 0.500000 10.484838 200.000000 10.484838 0.011645 4.657878 0.866025 -2.322473 200.000000 -2.322473 0.008338 3.335216 0.444067 9.447666 200.000000 9.447666 0.001996 0.798492 -0.895994 -5.297304 200.000000 -5.297304
 62.400000 0.809439 0.587203 -0.905484 0.424381 0.943197 -1.132519 0.587203 0.809439 0.424381 -0.905484 0.760442 304.176769 0.500000 10.484838 200.000000 10.484838 0.320197 128.078705 0.866025 -2.322473 200.000000 -2.322473 0.038754 15.501487 0.444067 9.447666 200.000000 9.447666 0.009006 3.602488 -0.895994 -5.297304 200.000000 -5.297304
 62.600000 0.889043 0.457824 -0.847990 0.530013 1.095250 -1.012180 0.457824 0.889043 0.530013 -0.847990 0.177878 71.151065 0.500000 10.484838 200.000000 10.484838 0.052979 21.191678 0.866025 -2.322473 200.000000 -2.322473 0.738677 295.470881 0.444067 9.447666 200.000000 9.447666 0.230441 92.176219 -0.895994 -5.297304 200.000000 -5.297304
 62.800000 0.905743 0.423827 -0.896009 0.444036 1.133129 -1.110698 0.423827 0.905743 0.444036 -0.896009 0.580226 232.090212 0.500000 10.484838 200.000000 10.484838 0.157748 63.099321 0.866025 -2.322473 200.000000 -2.322473 0.000000 0.000037 0.444067 9.447666 200.000000 9.447666 0.000000 0.000009 -0.895994 -5.297304 200.000000 -5.297304
 63.000000 0.854456 0.519524 -0.859245 0.511564 1.024503 -1.033793 0.519524 0.854456 0.511564 -0.859245 0.038117 15.246785 0.500000 10.484838 200.000000 10.484838 0.013385 5.353931 0.866025 -2.322473 200.000000 -2.322473 0.455585 182.233884 0.444067 9.447666 200.000000 9.447666 0.135044 54.017726 -0.895994 -5.297304 200.000000 -5.297304
 63.200000 0.880275 0.474464 -0.893380 0.449302 1.076441 -1.104813 0.474464 0.880275 0.449302 -0.893380 0.065208 26.083115 0.500000 10.484838 200.000000 10.484838 0.020305 8.121821 0.866025 -2.322473 200.000000 -2.322473 0.002741 1.096247 0.444067 9.447666 200.000000 9.447666 0.000683 0.273254 -0.895994 -5.297304 200.000000 -5.297304
 63.400000 0.879911 0.475138 -0.918907 0.394474 1.075675 -1.165301 0.475138 0.879911 0.394474 -0.918907 0.061811 24.724445 0.500000 10.484838 200.000000 10.484838 0.019282 7.712620 0.866025 -2.322473 200.000000 -2.322473 0.245945 98.378058 0.444067 9.447666 200.000000 9.447666 0.052503 21.001017 -0.895994 -5.297304 200.000000 -5.297304
 63.600000 0.888595 0.458692 -0.820781 0.571243 1.094274 -0.962777 0.458692 0.888595 0.571243 -0.820781 0.170636 68.254480 0.500000 10.484838 200.000000 10.484838 0.050940 20.376177 0.866025 -2.322473 200.000000 -2.322473 1.617390 646.956082 0.444067 9.447666 200.000000 9.447666 0.565699 226.279640 -0.895994 -5.297304 200.000000 -5.297304
 63.800000 0.819572 0.572976 -0.857834 0.513927 0.960664 -1.031040 0.572976 0.819572 0.513927 -0.857834 0.532546 213.018550 0.500000 10.484838 200.000000 10.484838 0.215789 86.315620 0.866025 -2.322473 200.000000 -2.322473 0.488043 195.217142 0.444067 9.447666 200.000000 9.447666 0.145616 58.246380 -0.895994 -5.297304 200.000000 -5.297304
 64.000000 0.899142 0.437658 -0.909046 0.416696 1.117804 -1.140988 0.437658 0.899142 0.416696 -0.909046 0.388657 155.462879 0.500000 10.484838 200.000000 10.484838 0.109669 43.867575 0.866025 -2.322473 200.000000 -2.322473 0.074913 29.965378 0.444067 9.447666 200.000000 9.447666 0.017035 6.814177 -0.895994 -5.297304 200.000000 -5.297304
 64.200000 0.868591 0.495530 -0.890248 0.455476 1.052351 -1.097890 0.495530 0.868591 0.455476 -0.890248 0.001998 0.799090 0.500000 10.484838 200.000000 10.484838 0.000658 0.263207 0.866025 -2.322473 200.000000 -2.322473 0.013017 5.206771 0.444067 9.447666 200.000000 9.447666 0.003301 1.320478 -0.895994 -5.297304 200.000000 -5.297304
 64.400000 0.856744 0.515741 -0.867464 0.497500 1.028924 -1.050082 0.515741 0.856744 0.497500 -0.867464 0.024779 9.911535 0.500000 10.484838 200.000000 10.484838 0.008614 3.445503 0.866025 -2.322473 200.000000 -2.322473 0.285513 114.205074 0.444067 9.447666 200.000000 9.447666 0.081395 32.557975 -0.895994 -5.297304 200.000000 -5.297304
 64.600000 0.924718 0.380652 -0.888417 0.459037 1.180295 -1.093885 0.380652 0.924718 0.459037 -0.888417 1.424384 569.753799 0.500000 10.484838 200.000000 10.484838 0.344484 137.793738 0.866025 -2.322473 200.000000 -2.322473 0.022412 8.964647 0.444067 9.447666 200.000000 9.447666 0.005741 2.296248 -0.895994 -5.297304 200.000000 -5.297304
 64.800000 0.835742 0.549122 -0.881938 0.471365 0.989483 -1.079958 0.549122 0.835742 0.471365 -0.881938 0.241296 96.518588 0.500000 10.484838 200.000000 10.484838 0.091707 36.682791 0.866025 -2.322473 200.000000 -2.322473 0.074521 29.808247 0.444067 9.447666 200.000000 9.447666 0.019756 7.902383 -0.895994 -5.297304 200.000000 -5.297304
 65.000000 0.887094 0.461589 -0.853702 0.520761 1.091010 -1.023054 0.461589 0.887094 0.520761 -0.853702 0.147537 59.014799 0.500000 10.484838 200.000000 10.484838 0.044387 17.754870 0.866025 -2.322473 200.000000 -2.322473 0.588209 235.283665 0.444067 9.447666 200.000000 9.447666 0.178857 71.542873 -0.895994 -5.297304 200.000000 -5.297304
 65.200000 0.911528 0.411238 -0.859592 0.510981 1.146985 -1.034471 0.411238 0.911528 0.510981 -0.859592 0.787871 315.148300 0.500000 10.484838 200.000000 10.484838 0.207049 82.819613 0.866025 -2.322473 200.000000 -2.322473 0.447751 179.100600 0.444067 9.447666 200.000000 9.447666 0.132508 53.003286 -0.895994 -5.297304 200.000000 -5.297304
 65.400000 0.898409 0.439160 -0.907757 0.419496 1.116133 -1.137907 0.439160 0.898409 0.419496 -0.907757 0.370150 148.059864 0.500000 10.484838 200.000000 10.484838 0.104869 41.947457 0.866025 -2.322473 200.000000 -2.322473 0.060374 24.149577 0.444067 9.447666 200.000000 9.447666 0.013838 5.535329 -0.895994 -5.297304 200.000000 -5.297304
 65.600000 0.886438 0.462847 -0.907528 0.419991 1.089592 -1.137361 0.462847 0.886438 0.419991 -0.907528 0.138032 55.212786 0.500000 10.484838 200.000000 10.484838 0.041667 16.666969 0.866025 -2.322473 200.000000 -2.322473 0.057964 23.185428 0.444067 9.447666 200.000000 9.447666 0.013304 5.321788 -0.895994 -5.297304 200.000000 -5.297304
 65.800000 0.813315 0.581823 -0.885860 0.463953 0.949827 -1.088345 0.581823 0.813315 0.463953 -0.885860 0.669507 267.802916 0.500000 10.484838 200.000000 10.484838 0.277837 111.134915 0.866025 -2.322473 200.000000 -2.322473 0.039545 15.817965 0.444067 9.447666 200.000000 9.447666 0.010269 4.107679 -0.895994 -5.297304 200.000000 -5.297304
 66.000000 0.831802 0.555072 -0.877532 0.479518 0.982346 -1.070691 0.555072 0.831802 0.479518 -0.877532 0.303296 121.318468 0.500000 10.484838 200.000000 10.484838 0.117124 46.849425 0.866025 -2.322473 200.000000 -2.322473 0.125679 50.271725 0.444067 9.447666 200.000000 9.447666 0.034083 13.633332 -0.895994 -5.297304 200.000000 -5.297304
 66.200000 0.876947 0.480588 -0.895237 0.445589 1.069471 -1.108964 0.480588 0.876947 0.445589 -0.895237 0.037683 15.073209 0.500000 10.484838 200.000000 10.484838 0.011927 4.770874 0.866025 -2.322473 200.000000 -2.322473 0.000232 0.092760 0.444067 9.447666 200.000000 9.447666 0.000057 0.022882 -0.895994 -5.297304 200.000000 -5.297304
 66.400000 0.878339 0.478039 -0.886722 0.462303 1.072375 -1.090206 0.478039 0.878339 0.462303 -0.886722 0.048228 19.291070 0.500000 10.484838 200.000000 10.484838 0.015161 6.064495 0.866025 -2.322473 200.000000 -2.322473 0.033256 13.302364 0.444067 9.447666 200.000000 9.447666 0.008596 3.438548 -0.895994 -5.297304 200.000000 -5.297304
 66.600000 0.882457 0.470393 -0.881957 0.471330 1.081060 -1.079998 0.470393 0.882457 0.471330 -0.881957 0.087655 35.062028 0.500000 10.484838 200.000000 10.484838 0.026999 10.799664 0.866025 -2.322473 200.000000 -2.322473 0.074331 29.732442 0.444067 9.447666 200.000000 9.447666 0.019704 7.881523 -0.895994 -5.297304 200.000000 -5.297304
 66.800000 0.893086 0.449886 -0.906317 0.422598 1.104158 -1.134486 0.449886 0.893086 0.422598 -0.906317 0.251139 100.455446 0.500000 10.484838 200.000000 10.484838 0.073227 29.290723 0.866025 -2.322473 200.000000 -2.322473 0.046089 18.435449 0.444067 9.447666 200.000000 9.447666 0.010657 4.262818 -0.895994 -5.297304 200.000000 -5.297304
 67.000000 0.848674 0.528916 -0.863974 0.503536 1.013474 -1.043110 0.528916 0.848674 0.503536 -0.863974 0.083612 33.444693 0.500000 10.484838 200.000000 10.484838 0.030106 12.042333 0.866025 -2.322473 200.000000 -2.322473 0.353659 141.463742 0.444067 9.447666 200.000000 9.447666 0.102525 41.009827 -0.895994 -5.297304 200.000000 -5.297304
 67.200000 0.851323 0.524642 -0.902485 0.430722 1.018502 -1.125503 0.524642 0.851323 0.430722 -0.902485 0.060721 24.288232 0.500000 10.484838 200.000000 10.484838 0.021615 8.646152 0.866025 -2.322473 200.000000 -2.322473 0.017807 7.122797 0.444067 9.447666 200.000000 9.447666 0.004213 1.685182 -0.895994 -5.297304 200.000000 -5.297304
 67.400000 0.879923 0.475116 -0.938212 0.346061 1.075700 -1.217427 0.475116 0.879923 0.346061 -0.938212 0.061921 24.768458 0.500000 10.484838 200.000000 10.484838 0.019315 7.725893 0.866025 -2.322473 200.000000 -2.322473 0.960507 384.202642 0.444067 9.447666 200.000000 9.447666 0.178237 71.294976 -0.895994 -5.297304 200.000000 -5.297304
 67.600000 0.831956 0.554842 -0.939984 0.341218 0.982623 -1.222584 0.554842 0.831956 0.341218 -0.939984 0.300767 120.306748 0.500000 10.484838 200.000000 10.484838 0.116075 46.430070 0.866025 -2.322473 200.000000 -2.322473 1.057783 423.113365 0.444067 9.447666 200.000000 9.447666 0.193516 77.406247 -0.895994 -5.297304 200.000000 -5.297304
 67.800000 0.829428 0.558614 -0.912353 0.409404 0.978083 -1.148996 0.558614 0.829428 0.409404 -0.912353 0.343558 137.423166 0.500000 10.484838 200.000000 10.484838 0.133938 53.575151 0.866025 -2.322473 200.000000 -2.322473 0.120153 48.061164 0.444067 9.447666 200.000000 9.447666 0.026764 10.705509 -0.895994 -5.297304 200.000000 -5.297304
 68.000000 0.871052 0.491190 -0.913261 0.407374 1.057341 -1.151219 0.491190 0.871052 0.407374 -0.913261 0.007762 3.104643 0.500000 10.484838 200.000000 10.484838 0.002527 1.010850 0.866025 -2.322473 200.000000 -2.322473 0.134633 53.853117 0.444067 9.447666 200.000000 9.447666 0.029817 11.926699 -0.895994 -5.297304 200.000000 -5.297304
 68.200000 0.829038 0.559192 -0.908998 0.416800 0.977385 -1.140875 0.559192 0.829038 0.416800 -0.908998 0.350372 140.148752 0.500000 10.484838 200.000000 10.484838 0.136807 54.722621 0.866025 -2.322473 200.000000 -2.322473 0.074349 29.739704 0.444067 9.447666 200.000000 9.447666 0.016912 6.764836 -0.895994 -5.297304 200.000000 -5.297304
 68.400000 0.839151 0.543899 -0.914037 0.405631 0.995720 -1.153128 0.543899 0.839151 0.405631 -0.914037 0.192714 77.085467 0.500000 10.484838 200.000000 10.484838 0.072226 28.890243 0.866025 -2.322473 200.000000 -2.322473 0.147733 59.093147 0.444067 9.447666 200.000000 9.447666 0.032556 13.022474 -0.895994 -5.297304 200.000000 -5.297304
 68.600000 0.862428 0.506180 -0.898860 0.438235 1.040046 -1.117162 0.506180 0.862428 0.438235 -0.898860 0.003820 1.527887 0.500000 10.484838 200.000000 10.484838 0.001294 0.517759 0.866025 -2.322473 200.000000 -2.322473 0.003400 1.360187 0.444067 9.447666 200.000000 9.447666 0.000822 0.328681 -0.895994 -5.297304 200.000000 -5.297304
 68.800000 0.817387 0.576089 -0.888524 0.458831 0.956861 -1.094117 0.576089 0.817387 0.458831 -0.888524 0.578948 231.579022 0.500000 10.484838 200.000000 10.484838 0.236567 94.626789 0.866025 -2.322473 200.000000 -2.322473 0.021799 8.719530 0.444067 9.447666 200.000000 9.447666 0.005580 2.232177 -0.895994 -5.297304 200.000000 -5.297304
 69.000000 0.882810 0.469730 -0.895645 0.444770 1.081812 -1.109879 0.469730 0.882810 0.444770 -0.895645 0.091628 36.651340 0.500000 10.484838 200.000000 10.484838 0.028173 11.269207 0.866025 -2.322473 200.000000 -2.322473 0.000049 0.019766 0.444067 9.447666 200.000000 9.447666 0.000012 0.004865 -0.895994 -5.297304 200.000000 -5.297304
 69.200000 0.878555 0.477641 -0.925746 0.378145 1.072829 -1.183004 0.477641 0.878555 0.378145 -0.925746 0.049993 19.997304 0.500000 10.484838 200.000000 10.484838 0.015700 6.279832 0.866025 -2.322473 200.000000 -2.322473 0.434563 173.825273 0.444067 9.447666 200.000000 9.447666 0.088521 35.408500 -0.895994 -5.297304 200.000000 -5.297304
 69.400000 0.829687 0.558229 -0.877830 0.478972 0.978547 -1.071314 0.558229 0.829687 0.478972 -0.877830 0.339062 135.624893 0.500000 10.484838 200.000000 10.484838 0.132049 52.819518 0.866025 -2.322473 200.000000 -2.322473 0.121836 48.734268 0.444067 9.447666 200.000000 9.447666 0.032991 13.196314 -0.895994 -5.297304 200.000000 -5.297304
 69.600000 0.831957 0.554840 -0.943717 0.330753 0.982625 -1.233695 0.554840 0.831957 0.330753 -0.943717 0.300745 120.297930 0.500000 10.484838 200.000000 10.484838 0.116066 46.426417 0.866025 -2.322473 200.000000 -2.322473 1.283997 513.598894 0.444067 9.447666 200.000000 9.447666 0.227754 91.101606 -0.895994 -5.297304 200.000000 -5.297304
 69.800000 0.880345 0.474334 -0.898818 0.438322 1.076589 -1.117065 0.474334 0.880345 0.438322 -0.898818 0.065874 26.349776 0.500000 10.484838 200.000000 10.484838 0.020505 8.202003 0.866025 -2.322473 200.000000 -2.322473 0.003300 1.320013 0.444067 9.447666 200.000000 9.447666 0.000798 0.319051 -0.895994 -5.297304 200.000000 -5.297304
 70.000000 0.862824 0.505504 -0.893362 0.449337 1.040830 -1.104774 0.505504 0.862824 0.449337 -0.893362 0.003030 1.211896 0.500000 10.484838 200.000000 10.484838 0.001025 0.409939 0.866025 -2.322473 200.000000 -2.322473 0.002777 1.110968 0.444067 9.447666 200.000000 9.447666 0.000692 0.276951 -0.895994 -5.297304 200.000000 -5.297304
 70.200000 0.890315 0.455345 -0.892489 0.451069 1.098036 -1.102834 0.455345 0.890315 0.451069 -0.892489 0.199403 79.761035 0.500000 10.484838 200.000000 10.484838 0.058998 23.599043 0.866025 -2.322473 200.000000 -2.322473 0.004903 1.961197 0.444067 9.447666 200.000000 9.447666 0.001228 0.491280 -0.895994 -5.297304 200.000000 -5.297304
 70.400000 0.828085 0.560602 -0.875233 0.483701 0.975683 -1.065918 0.560602 0.828085 0.483701 -0.875233 0.367265 146.905828 0.500000 10.484838 200.000000 10.484838 0.143946 57.578548 0.866025 -2.322473 200.000000 -2.322473 0.157086 62.834464 0.444067 9.447666 200.000000 9.447666 0.043099 17.239612 -0.895994 -5.297304 200.000000 -5.297304
 70.600000 0.883860 0.467751 -0.876457 0.481480 1.084052 -1.068454 0.467751 0.883860 0.481480 -0.876457 0.104000 41.600105 0.500000 10.484838 200.000000 10.484838 0.031808 12.723373 0.866025 -2.322473 200.000000 -2.322473 0.139975 55.990012 0.444067 9.447666 200.000000 9.447666 0.038168 15.267171 -0.895994 -5.297304 200.000000 -5.297304
 70.800000 0.905392 0.424577 -0.907205 0.420688 1.132302 -1.136593 0.424577 0.905392 0.420688 -0.907205 0.568867 227.546811 0.500000 10.484838 200.000000 10.484838 0.154973 61.989034 0.866025 -2.322473 200.000000 -2.322473 0.054655 21.862109 0.444067 9.447666 200.000000 9.447666 0.012570 5.027946 -0.895994 -5.297304 200.000000 -5.297304
 71.000000 0.893503 0.449057 -0.873540 0.486753 1.105087 -1.062427 0.449057 0.893503 0.486753 -0.873540 0.259518 103.807394 0.500000 10.484838 200.000000 10.484838 0.075502 30.200930 0.866025 -2.322473 200.000000 -2.322473 0.182214 72.885688 0.444067 9.447666 200.000000 9.447666 0.050419 20.167681 -0.895994 -5.297304 200.000000 -5.297304
 71.200000 0.826724 0.562607 -0.866182 0.499729 0.973260 -1.047511 0.562607 0.826724 0.499729 -0.866182 0.391965 156.785920 0.500000 10.484838 200.000000 10.484838 0.154457 61.782706 0.866025 -2.322473 200.000000 -2.322473 0.309827 123.930888 0.444067 9.447666 200.000000 9.447666 0.088874 35.549770 -0.895994 -5.297304 200.000000 -5.297304
 71.400000 0.888254 0.459352 -0.840934 0.541138 1.093531 -0.999006 0.459352 0.888254 0.541138 -0.840934 0.165227 66.090883 0.500000 10.484838 200.000000 10.484838 0.049413 19.765129 0.866025 -2.322473 200.000000 -2.322473 0.942294 376.917511 0.444067 9.447666 200.000000 9.447666 0.303163 121.265227 -0.895994 -5.297304 200.000000 -5.297304
 71.600000 0.870622 0.491952 -0.876761 0.480927 1.056466 -1.069085 0.491952 0.870622 0.480927 -0.876761 0.006476 2.590598 0.500000 10.484838 200.000000 10.484838 0.002113 0.845198 0.866025 -2.322473 200.000000 -2.322473 0.135869 54.347503 0.444067 9.447666 200.000000 9.447666 0.036991 14.796531 -0.895994 -5.297304 200.000000 -5.297304
 71.800000 0.869910 0.493211 -0.882645 0.470040 1.055019 -1.081460 0.493211 0.869910 0.470040 -0.882645 0.004609 1.843668 0.500000 10.484838 200.000000 10.484838 0.001509 0.603530 0.866025 -2.322473 200.000000 -2.322473 0.067462 26.984648 0.444067 9.447666 200.000000 9.447666 0.017819 7.127462 -0.895994 -5.297304 200.000000 -5.297304
 72.000000 0.882474 0.470362 -0.878443 0.477848 1.081096 -1.072593 0.470362 0.882474 0.477848 -0.878443 0.087842 35.136825 0.500000 10.484838 200.000000 10.484838 0.027054 10.821791 0.866025 -2.322473 200.000000 -2.322473 0.114116 45.646352 0.444067 9.447666 200.000000 9.447666 0.030804 12.321575 -0.895994 -5.297304 200.000000 -5.297304
 72.200000 0.867719 0.497055 -0.869559 0.493829 1.050594 -1.054308 0.497055 0.867719 0.493829 -0.869559 0.000867 0.346804 0.500000 10.484838 200.000000 10.484838 0.000287 0.114697 0.866025 -2.322473 200.000000 -2.322473 0.247633 99.053180 0.444067 9.447666 200.000000 9.447666 0.069881 27.952227 -0.895994 -5.297304 200.000000 -5.297304
 72.400000 0.918011 0.396554 -0.864955 0.501849 1.163036 -1.045061 0.396554 0.918011 0.501849 -0.864955 1.070102 428.040818 0.500000 10.484838 200.000000 10.484838 0.270253 108.101267 0.866025 -2.322473 200.000000 -2.322473 0.333881 133.552228 0.444067 9.447666 200.000000 9.447666 0.096339 38.535622 -0.895994 -5.297304 200.000000 -5.297304
 72.600000 0.909245 0.416261 -0.871255 0.490831 1.141467 -1.057753 0.416261 0.909245 0.490831 -0.871255 0.701221 280.488204 0.500000 10.484838 200.000000 10.484838 0.186794 74.717787 0.866025 -2.322473 200.000000 -2.322473 0.218692 87.476693 0.444067 9.447666 200.000000 9.447666 0.061202 24.480783 -0.895994 -5.297304 200.000000 -5.297304
 72.800000 0.877894 0.478855 -0.846338 0.532646 1.071446 -1.009073 0.478855 0.877894 0.532646 -0.846338 0.044711 17.884435 0.500000 10.484838 200.000000 10.484838 0.014086 5.634549 0.866025 -2.322473 200.000000 -2.322473 0.784624 313.849793 0.444067 9.447666 200.000000 9.447666 0.246566 98.626411 -0.895994 -5.297304 200.000000 -5.297304
 73.000000 0.805299 0.592869 -0.876083 0.482160 0.936179 -1.067678 0.592869 0.805299 0.482160 -0.876083 0.862466 344.986236 0.500000 10.484838 200.000000 10.484838 0.368771 147.508330 0.866025 -2.322473 200.000000 -2.322473 0.145109 58.043701 0.444067 9.447666 200.000000 9.447666 0.039643 15.857117 -0.895994 -5.297304 200.000000 -5.297304
 73.200000 0.883078 0.469226 -0.838656 0.544662 1.082382 -0.994811 0.469226 0.883078 0.544662 -0.838656 0.094704 37.881633 0.500000 10.484838 200.000000 10.484838 0.029080 11.631822 0.866025 -2.322473 200.000000 -2.322473 1.011935 404.774179 0.444067 9.447666 200.000000 9.447666 0.328763 131.505255 -0.895994 -5.297304 200.000000 -5.297304
 73.400000 0.870781 0.491672 -0.891929 0.452175 1.056788 -1.101594 0.491672 0.870781 0.452175 -0.891929 0.006936 2.774351 0.500000 10.484838 200.000000 10.484838 0.002261 0.904471 0.866025 -2.322473 200.000000 -2.322473 0.006575 2.629918 0.444067 9.447666 200.000000 9.447666 0.001652 0.660838 -0.895994 -5.297304 200.000000 -5.297304
 73.600000 0.891951 0.452133 -0.868745 0.495259 1.101641 -1.052664 0.452133 0.891951 0.495259 -0.868745 0.229129 91.651481 0.500000 10.484838 200.000000 10.484838 0.067212 26.884900 0.866025 -2.322473 200.000000 -2.322473 0.262064 104.825627 0.444067 9.447666 200.000000 9.447666 0.074247 29.698774 -0.895994 -5.297304 200.000000 -5.297304
 73.800000 0.890564 0.454859 -0.910529 0.413446 1.098583 -1.144561 0.454859 0.890564 0.413446 -0.910529 0.203775 81.509898 0.500000 10.484838 200.000000 10.484838 0.060213 24.085080 0.866025 -2.322473 200.000000 -2.322473 0.093763 37.505106 0.444067 9.447666 200.000000 9.447666 0.021126 8.450543 -0.895994 -5.297304 200.000000 -5.297304
 74.000000 0.876691 0.481054 -0.868016 0.496537 1.068940 -1.051192 0.481054 0.876691 0.496537 -0.868016 0.035896 14.358572 0.500000 10.484838 200.000000 10.484838 0.011376 4.550334 0.866025 -2.322473 200.000000 -2.322473 0.275313 110.125157 0.444067 9.447666 200.000000 9.447666 0.078278 31.311071 -0.895994 -5.297304 200.000000 -5.297304
 74.200000 0.867121 0.498097 -0.869390 0.494126 1.049393 -1.053967 0.498097 0.867121 0.494126 -0.869390 0.000362 0.144785 0.500000 10.484838 200.000000 10.484838 0.000120 0.048017 0.866025 -2.322473 200.000000 -2.322473 0.250596 100.238595 0.444067 9.447666 200.000000 9.447666 0.070775 28.310064 -0.895994 -5.297304 200.000000 -5.297304
 74.400000 0.895332 0.445399 -0.850783 0.525518 1.109177 -1.017473 0.445399 0.895332 0.525518 -0.850783 0.298129 119.251417 0.500000 10.484838 200.000000 10.484838 0.085889 34.355682 0.866025 -2.322473 200.000000 -2.322473 0.663425 265.369993 0.444067 9.447666 200.000000 9.447666 0.204403 81.761359 -0.895994 -5.297304 200.000000 -5.297304
 74.600000 0.858255 0.513224 -0.888306 0.459251 1.031859 -1.093644 0.513224 0.858255 0.459251 -0.888306 0.017487 6.994887 0.500000 10.484838 200.000000 10.484838 0.006038 2.415327 0.866025 -2.322473 200.000000 -2.322473 0.023057 9.222927 0.444067 9.447666 200.000000 9.447666 0.005910 2.363819 -0.895994 -5.297304 200.000000 -5.297304
 74.800000 0.864370 0.502857 -0.845731 0.533610 1.043895 -1.007933 0.502857 0.864370 0.533610 -0.845731 0.000816 0.326539 0.500000 10.484838 200.000000 10.484838 0.000274 0.109679 0.866025 -2.322473 200.000000 -2.322473 0.801797 320.718693 0.444067 9.447666 200.000000 9.447666 0.252636 101.054461 -0.895994 -5.297304 200.000000 -5.297304
 75.000000 0.882849 0.469657 -0.900370 0.435125 1.081894 -1.120619 0.469657 0.882849 0.435125 -0.900370 0.092070 36.828131 0.500000 10.484838 200.000000 10.484838 0.028303 11.321361 0.866025 -2.322473 200.000000 -2.322473 0.007995 3.198128 0.444067 9.447666 200.000000 9.447666 0.001915 0.766080 -0.895994 -5.297304 200.000000 -5.297304
 75.200000 0.886004 0.463677 -0.911648 0.410973 1.088655 -1.147276 0.463677 0.886004 0.410973 -0.911648 0.131935 52.773813 0.500000 10.484838 200.000000 10.484838 0.039915 15.966097 0.866025 -2.322473 200.000000 -2.322473 0.109521 43.808592 0.444067 9.447666 200.000000 9.447666 0.024505 9.801820 -0.895994 -5.297304 200.000000 -5.297304
 75.400000 0.868054 0.496470 -0.849595 0.527435 1.051268 -1.015218 0.496470 0.868054 0.527435 -0.849595 0.001246 0.498305 0.500000 10.484838 200.000000 10.484838 0.000411 0.164546 0.866025 -2.322473 200.000000 -2.322473 0.695026 278.010364 0.444067 9.447666 200.000000 9.447666 0.215280 86.112016 -0.895994 -5.297304 200.000000 -5.297304
 75.600000 0.901828 0.432095 -0.865637 0.500673 1.123982 -1.046421 0.432095 0.901828 0.500673 -0.865637 0.461111 184.444454 0.500000 10.484838 200.000000 10.484838 0.128184 51.273530 0.866025 -2.322473 200.000000 -2.322473 0.320425 128.169945 0.444067 9.447666 200.000000 9.447666 0.092155 36.862141 -0.895994 -5.297304 200.000000 -5.297304
 75.800000 0.873106 0.487530 -0.879241 0.476377 1.061538 -1.074267 0.487530 0.873106 0.476377 -0.879241 0.015551 6.220461 0.500000 10.484838 200.000000 10.484838 0.005014 2.005662 0.866025 -2.322473 200.000000 -2.322473 0.104395 41.758111 0.444067 9.447666 200.000000 9.447666 0.028065 11.225958 -0.895994 -5.297304 200.000000 -5.297304
 76.000000 0.862336 0.506336 -0.848647 0.528959 1.039866 -1.013423 0.506336 0.862336 0.528959 -0.848647 0.004015 1.605825 0.500000 10.484838 200.000000 10.484838 0.001361 0.544396 0.866025 -2.322473 200.000000 -2.322473 0.720673 288.269196 0.444067 9.447666 200.000000 9.447666 0.224169 89.667414 -0.895994 -5.297304 200.000000 -5.297304
 76.200000 0.848891 0.528567 -0.844729 0.535194 1.013884 -1.006059 0.528567 0.848891 0.535194 -0.844729 0.081609 32.643748 0.500000 10.484838 200.000000 10.484838 0.029358 11.743009 0.866025 -2.322473 200.000000 -2.322473 0.830416 332.166387 0.444067 9.447666 200.000000 9.447666 0.262804 105.121772 -0.895994 -5.297304 200.000000 -5.297304
 76.400000 0.852660 0.522467 -0.856380 0.516346 1.021055 -1.028218 0.522467 0.852660 0.516346 -0.856380 0.050476 20.190595 0.500000 10.484838 200.000000 10.484838 0.017865 7.145871 0.866025 -2.322473 200.000000 -2.322473 0.522424 208.969629 0.444067 9.447666 200.000000 9.447666 0.156922 62.768939 -0.895994 -5.297304 200.000000 -5.297304
 76.600000 0.905309 0.424754 -0.860918 0.508744 1.132106 -1.037071 0.424754 0.905309 0.508744 -0.860918 0.566194 226.477429 0.500000 10.484838 200.000000 10.484838 0.154318 61.727194 0.866025 -2.322473 200.000000 -2.322473 0.418315 167.326116 0.444067 9.447666 200.000000 9.447666 0.123032 49.212674 -0.895994 -5.297304 200.000000 -5.297304
 76.800000 0.844977 0.534803 -0.901842 0.432066 1.006522 -1.124014 0.534803 0.844977 0.432066 -0.901842 0.121124 48.449454 0.500000 10.484838 200.000000 10.484838 0.044304 17.721599 0.866025 -2.322473 200.000000 -2.322473 0.014401 5.760286 0.444067 9.447666 200.000000 9.447666 0.003420 1.367994 -0.895994 -5.297304 200.000000 -5.297304
 77.000000 0.876748 0.480951 -0.852979 0.521945 1.069057 -1.021667 0.480951 0.876748 0.521945 -0.852979 0.036287 14.514827 0.500000 10.484838 200.000000 10.484838 0.011496 4.598590 0.866025 -2.322473 200.000000 -2.322473 0.606499 242.599775 0.444067 9.447666 200.000000 9.447666 0.185024 74.009683 -0.895994 -5.297304 200.000000 -5.297304
 77.200000 0.857644 0.514244 -0.886918 0.461926 1.030671 -1.090630 0.514244 0.857644 0.461926 -0.886918 0.020288 8.115364 0.500000 10.484838 200.000000 10.484838 0.007025 2.809860 0.866025 -2.322473 200.000000 -2.322473 0.031897 12.758832 0.444067 9.447666 200.000000 9.447666 0.008236 3.294585 -0.895994 -5.297304 200.000000 -5.297304
 77.400000 0.907739 0.419536 -0.873527 0.486776 1.137862 -1.062401 0.419536 0.907739 0.486776 -0.873527 0.647442 258.976834 0.500000 10.484838 200.000000 10.484838 0.173999 69.599628 0.866025 -2.322473 200.000000 -2.322473 0.182408 72.963150 0.444067 9.447666 200.000000 9.447666 0.050476 20.190388 -0.895994 -5.297304 200.000000 -5.297304
 77.600000 0.887270 0.461251 -0.892366 0.451312 1.091392 -1.102561 0.461251 0.887270 0.451312 -0.892366 0.150149 60.059519 0.500000 10.484838 200.000000 10.484838 0.045132 18.052834 0.866025 -2.322473 200.000000 -2.322473 0.005249 2.099767 0.444067 9.447666 200.000000 9.447666 0.001316 0.526350 -0.895994 -5.297304 200.000000 -5.297304
 77.800000 0.915138 0.403142 -0.860531 0.509398 1.155849 -1.036311 0.403142 0.915138 0.509398 -0.860531 0.938154 375.261653 0.500000 10.484838 200.000000 10.484838 0.241201 96.480289 0.866025 -2.322473 200.000000 -2.322473 0.426817 170.726698 0.444067 9.447666 200.000000 9.447666 0.125760 50.303918 -0.895994 -5.297304 200.000000 -5.297304
 78.000000 0.884219 0.467072 -0.911438 0.411437 1.084819 -1.146766 0.467072 0.884219 0.411437 -0.911438 0.108423 43.369220 0.500000 10.484838 200.000000 10.484838 0.033101 13.240430 0.866025 -2.322473 200.000000 -2.322473 0.106468 42.587171 0.444067 9.447666 200.000000 9.447666 0.023853 9.541108 -0.895994 -5.297304 200.000000 -5.297304
 78.200000 0.901579 0.432614 -0.868480 0.495724 1.123406 -1.052128 0.432614 0.901579 0.495724 -0.868480 0.454087 181.634810 0.500000 10.484838 200.000000 10.484838 0.126407 50.562985 0.866025 -2.322473 200.000000 -2.322473 0.266848 106.739165 0.444067 9.447666 200.000000 9.447666 0.075700 30.279971 -0.895994 -5.297304 200.000000 -5.297304
 78.400000 0.908935 0.416938 -0.903192 0.429236 1.140722 -1.127149 0.416938 0.908935 0.429236 -0.903192 0.689930 275.972162 0.500000 10.484838 200.000000 10.484838 0.184123 73.649170 0.866025 -2.322473 200.000000 -2.322473 0.021994 8.797497 0.444067 9.447666 200.000000 9.447666 0.005182 2.072702 -0.895994 -5.297304 200.000000 -5.297304
 78.600000 0.854257 0.519851 -0.872286 0.488997 1.024120 -1.059857 0.519851 0.854257 0.488997 -0.872286 0.039405 15.762197 0.500000 10.484838 200.000000 10.484838 0.013849 5.539755 0.866025 -2.322473 200.000000 -2.322473 0.201871 80.748273 0.444067 9.447666 200.000000 9.447666 0.056207 22.482966 -0.895994 -5.297304 200.000000 -5.297304
 78.800000 0.840461 0.541872 -0.895652 0.444756 0.998133 -1.109895 0.541872 0.840461 0.444756 -0.895652 0.175327 70.130837 0.500000 10.484838 200.000000 10.484838 0.065354 26.141600 0.866025 -2.322473 200.000000 -2.322473 0.000048 0.019000 0.444067 9.447666 200.000000 9.447666 0.000012 0.004676 -0.895994 -5.297304 200.000000 -5.297304
 79.000000 0.871389 0.490592 -0.858884 0.512170 1.058027 -1.033087 0.490592 0.871389 0.512170 -0.858884 0.008851 3.540380 0.500000 10.484838 200.000000 10.484838 0.002877 1.150887 0.866025 -2.322473 200.000000 -2.322473 0.463807 185.522904 0.444067 9.447666 200.000000 9.447666 0.137713 55.085144 -0.895994 -5.297304 200.000000 -5.297304
 79.200000 0.836980 0.547233 -0.910225 0.414113 0.991742 -1.143828 0.547233 0.836980 0.414113 -0.910225 0.223093 89.237359 0.500000 10.484838 200.000000 10.484838 0.084361 33.744334 0.866025 -2.322473 200.000000 -2.322473 0.089720 35.887959 0.444067 9.447666 200.000000 9.447666 0.020254 8.101485 -0.895994 -5.297304 200.000000 -5.297304
 79.400000 0.906316 0.422600 -0.897291 0.441440 1.134484 -1.113594 0.422600 0.906316 0.441440 -0.897291 0.599077 239.630911 0.500000 10.484838 200.000000 10.484838 0.162336 64.934384 0.866025 -2.322473 200.000000 -2.322473 0.000690 0.276030 0.444067 9.447666 200.000000 9.447666 0.000168 0.067304 -0.895994 -5.297304 200.000000 -5.297304
 79.600000 0.855696 0.517479 -0.889264 0.457394 1.026895 -1.095734 0.517479 0.855696 0.457394 -0.889264 0.030550 12.220147 0.500000 10.484838 200.000000 10.484838 0.010669 4.267772 0.866025 -2.322473 200.000000 -2.322473 0.017762 7.104977 0.444067 9.447666 200.000000 9.447666 0.004529 1.811567 -0.895994 -5.297304 200.000000 -5.297304
 79.800000 0.815032 0.579417 -0.936509 0.350642 0.952784 -1.212539 0.579417 0.815032 0.350642 -0.936509 0.630700 252.279813 0.500000 10.484838 200.000000 10.484838 0.260037 104.014966 0.866025 -2.322473 200.000000 -2.322473 0.872809 349.123706 0.444067 9.447666 200.000000 9.447666 0.164152 65.660785 -0.895994 -5.297304 200.000000 -5.297304
 80.000000 0.857679 0.514186 -0.897131 0.441765 1.030738 -1.113231 0.514186 0.857679 0.441765 -0.897131 0.020124 8.049543 0.500000 10.484838 200.000000 10.484838 0.006967 2.786640 0.866025 -2.322473 200.000000 -2.322473 0.000530 0.211904 0.444067 9.447666 200.000000 9.447666 0.000129 0.051715 -0.895994 -5.297304 200.000000 -5.297304
 80.200000 0.856524 0.516108 -0.938457 0.345395 1.028496 -1.218136 0.516108 0.856524 0.345395 -0.938457 0.025946 10.378276 0.500000 10.484838 200.000000 10.484838 0.009028 3.611282 0.866025 -2.322473 200.000000 -2.322473 0.973602 389.440610 0.444067 9.447666 200.000000 9.447666 0.180315 72.125929 -0.895994 -5.297304 200.000000 -5.297304
 80.400000 0.869738 0.493514 -0.901383 0.433022 1.054671 -1.122954 0.493514 0.869738 0.433022 -0.901383 0.004207 1.682747 0.500000 10.484838 200.000000 10.484838 0.001378 0.551297 0.866025 -2.322473 200.000000 -2.322473 0.012199 4.879439 0.444067 9.447666 200.000000 9.447666 0.002905 1.161925 -0.895994 -5.297304 200.000000 -5.297304
 80.600000 0.848172 0.529721 -0.943681 0.330858 1.012525 -1.233584 0.529721 0.848172 0.330858 -0.943681 0.088331 35.332404 0.500000 10.484838 200.000000 10.484838 0.031874 12.749412 0.866025 -2.322473 200.000000 -2.322473 1.281619 512.647756 0.444067 9.447666 200.000000 9.447666 0.227403 90.961173 -0.895994 -5.297304 200.000000 -5.297304
 80.800000 0.873135 0.487479 -0.909448 0.415818 1.061596 -1.141954 0.487479 0.873135 0.415818 -0.909448 0.015677 6.270935 0.500000 10.484838 200.000000 10.484838 0.005054 2.021664 0.866025 -2.322473 200.000000 -2.322473 0.079796 31.918333 0.444067 9.447666 200.000000 9.447666 0.018101 7.240261 -0.895994 -5.297304 200.000000 -5.297304
 81.000000 0.858434 0.512924 -0.896681 0.442677 1.032208 -1.112215 0.512924 0.858434 0.442677 -0.896681 0.016704 6.681700 0.500000 10.484838 200.000000 10.484838 0.005763 2.305342 0.866025 -2.322473 200.000000 -2.322473 0.000193 0.077294 0.444067 9.447666 200.000000 9.447666 0.000047 0.018912 -0.895994 -5.297304 200.000000 -5.297304
 81.200000 0.864541 0.502562 -0.923072 0.384627 1.044236 -1.175993 0.502562 0.864541 0.384627 -0.923072 0.000657 0.262652 0.500000 10.484838 200.000000 10.484838 0.000220 0.088151 0.866025 -2.322473 200.000000 -2.322473 0.353308 141.323188 0.444067 9.447666 200.000000 9.447666 0.073324 29.329485 -0.895994 -5.297304 200.000000 -5.297304
 81.400000 0.874022 0.485886 -0.903226 0.429165 1.063419 -1.127228 0.485886 0.874022 0.429165 -0.903226 0.019919 7.967755 0.500000 10.484838 200.000000 10.484838 0.006395 2.557806 0.866025 -2.322473 200.000000 -2.322473 0.022205 8.881832 0.444067 9.447666 200.000000 9.447666 0.005230 2.092153 -0.895994 -5.297304 200.000000 -5.297304
 81.600000 0.852017 0.523514 -0.881005 0.473106 1.019827 -1.077983 0.523514 0.852017 0.473106 -0.881005 0.055290 22.115901 0.500000 10.484838 200.000000 10.484838 0.019623 7.849178 0.866025 -2.322473 200.000000 -2.322473 0.084329 33.731737 0.444067 9.447666 200.000000 9.447666 0.022465 8.986002 -0.895994 -5.297304 200.000000 -5.297304
 81.800000 0.849568 0.527479 -0.937052 0.349191 1.015166 -1.214089 0.527479 0.849568 0.349191 -0.937052 0.075510 30.203946 0.500000 10.484838 200.000000 10.484838 0.027085 10.833802 0.866025 -2.322473 200.000000 -2.322473 0.900137 360.054916 0.444067 9.447666 200.000000 9.447666 0.168574 67.429647 -0.895994 -5.297304 200.000000 -5.297304
 82.000000 0.886791 0.462171 -0.901923 0.431897 1.090354 -1.124201 0.462171 0.886791 0.431897 -0.901923 0.143102 57.240748 0.500000 10.484838 200.000000 10.484838 0.043120 17.247942 0.866025 -2.322473 200.000000 -2.322473 0.014810 5.923888 0.444067 9.447666 200.000000 9.447666 0.003515 1.406177 -0.895994 -5.297304 200.000000 -5.297304
 82.200000 0.805872 0.592089 -0.930396 0.366556 0.937148 -1.195492 0.592089 0.805872 0.366556 -0.930396 0.848040 339.216187 0.500000 10.484838 200.000000 10.484838 0.361837 144.734884 0.866025 -2.322473 200.000000 -2.322473 0.600794 240.317585 0.444067 9.447666 200.000000 9.447666 0.118352 47.340810 -0.895994 -5.297304 200.000000 -5.297304
 82.400000 0.843302 0.537439 -0.882458 0.470392 1.003399 -1.081062 0.537439 0.843302 0.470392 -0.882458 0.140169 56.067771 0.500000 10.484838 200.000000 10.484838 0.051633 20.653223 0.866025 -2.322473 200.000000 -2.322473 0.069301 27.720215 0.444067 9.447666 200.000000 9.447666 0.018322 7.328925 -0.895994 -5.297304 200.000000 -5.297304
 82.600000 0.842272 0.539053 -0.875815 0.482648 1.001483 -1.067121 0.539053 0.842272 0.482648 -0.875815 0.152517 61.006774 0.500000 10.484838 200.000000 10.484838 0.056424 22.569766 0.866025 -2.322473 200.000000 -2.322473 0.148851 59.540406 0.444067 9.447666 200.000000 9.447666 0.040720 16.288091 -0.895994 -5.297304 200.000000 -5.297304
 82.800000 0.907888 0.419212 -0.892968 0.450120 1.138219 -1.103897 0.419212 0.907888 0.450120 -0.892968 0.652662 261.064961 0.500000 10.484838 200.000000 10.484838 0.175249 70.099594 0.866025 -2.322473 200.000000 -2.322473 0.003664 1.465644 0.444067 9.447666 200.000000 9.447666 0.000915 0.366170 -0.895994 -5.297304 200.000000 -5.297304
 83.000000 0.839389 0.543530 -0.904009 0.427514 0.996159 -1.129055 0.543530 0.839389 0.427514 -0.904009 0.189490 75.795999 0.500000 10.484838 200.000000 10.484838 0.070947 28.378958 0.866025 -2.322473 200.000000 -2.322473 0.027399 10.959651 0.444067 9.447666 200.000000 9.447666 0.006424 2.569600 -0.895994 -5.297304 200.000000 -5.297304
 83.200000 0.877986 0.478687 -0.904675 0.426102 1.071638 -1.130617 0.478687 0.877986 0.426102 -0.904675 0.045425 18.170167 0.500000 10.484838 200.000000 10.484838 0.014305 5.722000 0.866025 -2.322473 200.000000 -2.322473 0.032273 12.909044 0.444067 9.447666 200.000000 9.447666 0.007537 3.014624 -0.895994 -5.297304 200.000000 -5.297304
 83.400000 0.880577 0.473903 -0.941657 0.336574 1.077078 -1.227520 0.473903 0.880577 0.336574 -0.941657 0.068103 27.241344 0.500000 10.484838 200.000000 10.484838 0.021174 8.469782 0.866025 -2.322473 200.000000 -2.322473 1.155470 462.188029 0.444067 9.447666 200.000000 9.447666 0.208514 83.405515 -0.895994 -5.297304 200.000000 -5.297304
 83.600000 0.888615 0.458653 -0.864779 0.502153 1.094317 -1.044709 0.458653 0.888615 0.502153 -0.864779 0.170954 68.381417 0.500000 10.484838 200.000000 10.484838 0.051030 20.411976 0.866025 -2.322473 200.000000 -2.322473 0.337407 134.962690 0.444067 9.447666 200.000000 9.447666 0.097439 38.975482 -0.895994 -5.297304 200.000000 -5.297304
 83.800000 0.830580 0.556899 -0.868850 0.495075 0.980148 -1.052875 0.556899 0.830580 0.495075 -0.868850 0.323753 129.501044 0.500000 10.484838 200.000000 10.484838 0.125637 50.254938 0.866025 -2.322473 200.000000 -2.322473 0.260190 104.076053 0.444067 9.447666 200.000000 9.447666 0.073679 29.471407 -0.895994 -5.297304 200.000000 -5.297304
 84.000000 0.863317 0.504661 -0.881566 0.472060 1.041807 -1.079170 0.504661 0.863317 0.472060 -0.881566 0.002173 0.869160 0.500000 10.484838 200.000000 10.484838 0.000733 0.293344 0.866025 -2.322473 200.000000 -2.322473 0.078366 31.346282 0.444067 9.447666 200.000000 9.447666 0.020816 8.326241 -0.895994 -5.297304 200.000000 -5.297304
 84.200000 0.860368 0.509673 -0.878707 0.477361 1.035991 -1.073147 0.509673 0.860368 0.477361 -0.878707 0.009357 3.742917 0.500000 10.484838 200.000000 10.484838 0.003201 1.280243 0.866025 -2.322473 200.000000 -2.322473 0.110851 44.340357 0.444067 9.447666 200.000000 9.447666 0.029882 11.952840 -0.895994 -5.297304 200.000000 -5.297304
 84.400000 0.876556 0.481299 -0.905700 0.423918 1.068660 -1.133029 0.481299 0.876556 0.423918 -0.905700 0.034973 13.989075 0.500000 10.484838 200.000000 10.484838 0.011090 4.436141 0.866025 -2.322473 200.000000 -2.322473 0.040596 16.238349 0.444067 9.447666 200.000000 9.447666 0.009422 3.768807 -0.895994 -5.297304 200.000000 -5.297304
 84.600000 0.868086 0.496415 -0.895166 0.445732 1.051333 -1.108804 0.496415 0.868086 0.445732 -0.895166 0.001286 0.514207 0.500000 10.484838 200.000000 10.484838 0.000424 0.169771 0.866025 -2.322473 200.000000 -2.322473 0.000277 0.110954 0.444067 9.447666 200.000000 9.447666 0.000068 0.027382 -0.895994 -5.297304 200.000000 -5.297304
 84.800000 0.861961 0.506974 -0.856319 0.516447 1.039126 -1.028100 0.506974 0.861961 0.516447 -0.856319 0.004863 1.945355 0.500000 10.484838 200.000000 10.484838 0.001652 0.660624 0.866025 -2.322473 200.000000 -2.322473 0.523888 209.555255 0.444067 9.447666 200.000000 9.447666 0.157406 62.962498 -0.895994 -5.297304 200.000000 -5.297304
 85.000000 0.911420 0.411477 -0.876875 0.480718 1.146723 -1.069323 0.411477 0.911420 0.480718 -0.876875 0.783637 313.454855 0.500000 10.484838 200.000000 10.484838 0.206069 82.427758 0.866025 -2.322473 200.000000 -2.322473 0.134331 53.732222 0.444067 9.447666 200.000000 9.447666 0.036551 14.620505 -0.895994 -5.297304 200.000000 -5.297304
 85.200000 0.900579 0.434692 -0.846218 0.532837 1.121100 -1.008847 0.434692 0.900579 0.532837 -0.846218 0.426516 170.606575 0.500000 10.484838 200.000000 10.484838 0.119397 47.758848 0.866025 -2.322473 200.000000 -2.322473 0.788018 315.207262 0.444067 9.447666 200.000000 9.447666 0.247764 99.105511 -0.895994 -5.297304 200.000000 -5.297304
 85.400000 0.833039 0.553214 -0.840627 0.541615 0.984578 -0.998439 0.553214 0.833039 0.541615 -0.840627 0.283178 113.271157 0.500000 10.484838 200.000000 10.484838 0.108811 43.524455 0.866025 -2.322473 200.000000 -2.322473 0.951572 380.628740 0.444067 9.447666 200.000000 9.447666 0.306553 122.621115 -0.895994 -5.297304 200.000000 -5.297304
 85.600000 0.891596 0.452831 -0.851757 0.523937 1.100858 -1.019330 0.452831 0.891596 0.523937 -0.851757 0.222487 88.994946 0.500000 10.484838 200.000000 10.484838 0.065386 26.154520 0.866025 -2.322473 200.000000 -2.322473 0.637923 255.169392 0.444067 9.447666 200.000000 9.447666 0.195688 78.275020 -0.895994 -5.297304 200.000000 -5.297304
 85.800000 0.886763 0.462225 -0.848185 0.529701 1.090293 -1.012549 0.462225 0.886763 0.529701 -0.848185 0.142693 57.077384 0.500000 10.484838 200.000000 10.484838 0.043003 17.201200 0.866025 -2.322473 200.000000 -2.322473 0.733321 293.328566 0.444067 9.447666 200.000000 9.447666 0.228572 91.428807 -0.895994 -5.297304 200.000000 -5.297304
 86.000000 0.889557 0.456825 -0.873867 0.486165 1.096374 -1.063100 0.456825 0.889557 0.486165 -0.873867 0.186412 74.564786 0.500000 10.484838 200.000000 10.484838 0.055373 22.149098 0.866025 -2.322473 200.000000 -2.322473 0.177228 70.891159 0.444067 9.447666 200.000000 9.447666 0.048959 19.583762 -0.895994 -5.297304 200.000000 -5.297304
 86.200000 0.886720 0.462306 -0.884230 0.467052 1.090202 -1.084842 0.462306 0.886720 0.467052 -0.884230 0.142083 56.833093 0.500000 10.484838 200.000000 10.484838 0.042828 17.131285 0.866025 -2.322473 200.000000 -2.322473 0.052833 21.133384 0.444067 9.447666 200.000000 9.447666 0.013839 5.535667 -0.895994 -5.297304 200.000000 -5.297304
 86.400000 0.857481 0.514515 -0.878474 0.477789 1.030354 -1.072660 0.514515 0.857481 0.477789 -0.878474 0.021070 8.427834 0.500000 10.484838 200.000000 10.484838 0.007300 2.920165 0.866025 -2.322473 200.000000 -2.322473 0.113722 45.488826 0.444067 9.447666 200.000000 9.447666 0.030693 12.277060 -0.895994 -5.297304 200.000000 -5.297304
 86.600000 0.871039 0.491213 -0.831343 0.555760 1.057314 -0.981519 0.491213 0.871039 0.555760 -0.831343 0.007721 3.088419 0.500000 10.484838 200.000000 10.484838 0.002514 1.005630 0.866025 -2.322473 200.000000 -2.322473 1.247551 499.020269 0.444067 9.447666 200.000000 9.447666 0.417979 167.191482 -0.895994 -5.297304 200.000000 -5.297304
 86.800000 0.841636 0.540046 -0.891477 0.453066 1.000305 -1.100595 0.540046 0.841636 0.453066 -0.891477 0.160365 64.145948 0.500000 10.484838 200.000000 10.484838 0.059485 23.794170 0.866025 -2.322473 200.000000 -2.322473 0.008099 3.239696 0.444067 9.447666 200.000000 9.447666 0.002040 0.816094 -0.895994 -5.297304 200.000000 -5.297304
 87.000000 0.890147 0.455674 -0.879646 0.475628 1.097667 -1.075118 0.455674 0.890147 0.475628 -0.879646 0.196480 78.591858 0.500000 10.484838 200.000000 10.484838 0.058184 23.273565 0.866025 -2.322473 200.000000 -2.322473 0.099615 39.846082 0.444067 9.447666 200.000000 9.447666 0.026724 10.689651 -0.895994 -5.297304 200.000000 -5.297304
 87.200000 0.854541 0.519384 -0.890762 0.454469 1.024667 -1.099020 0.519384 0.854541 0.454469 -0.890762 0.037573 15.029152 0.500000 10.484838 200.000000 10.484838 0.013189 5.275540 0.866025 -2.322473 200.000000 -2.322473 0.010822 4.328769 0.444067 9.447666 200.000000 9.447666 0.002737 1.094725 -0.895994 -5.297304 200.000000 -5.297304
 87.400000 0.893781 0.448503 -0.919922 0.392100 1.105707 -1.167883 0.448503 0.893781 0.392100 -0.919922 0.265195 106.077928 0.500000 10.484838 200.000000 10.484838 0.077039 30.815727 0.866025 -2.322473 200.000000 -2.322473 0.270048 108.019251 0.444067 9.447666 200.000000 9.447666 0.057258 22.903175 -0.895994 -5.297304 200.000000 -5.297304
 87.600000 0.864820 0.502082 -0.907128 0.420855 1.044792 -1.136409 0.502082 0.864820 0.420855 -0.907128 0.000433 0.173325 0.500000 10.484838 200.000000 10.484838 0.000145 0.058097 0.866025 -2.322473 200.000000 -2.322473 0.053878 21.551310 0.444067 9.447666 200.000000 9.447666 0.012397 4.958805 -0.895994 -5.297304 200.000000 -5.297304
 87.800000 0.830518 0.556992 -0.893258 0.449544 0.980037 -1.104542 0.556992 0.830518 0.449544 -0.893258 0.324804 129.921642 0.500000 10.484838 200.000000 10.484838 0.126077 50.430648 0.866025 -2.322473 200.000000 -2.322473 0.003000 1.199950 0.444067 9.447666 200.000000 9.447666 0.000748 0.299307 -0.895994 -5.297304 200.000000 -5.297304
 88.000000 0.838866 0.544338 -0.877604 0.479386 0.995197 -1.070841 0.544338 0.838866 0.479386 -0.877604 0.196582 78.632921 0.500000 10.484838 200.000000 10.484838 0.073762 29.504800 0.866025 -2.322473 200.000000 -2.322473 0.124747 49.898954 0.444067 9.447666 200.000000 9.447666 0.033818 13.527283 -0.895994 -5.297304 200.000000 -5.297304
 88.200000 0.830762 0.556627 -0.911184 0.412000 0.980476 -1.146148 0.556627 0.830762 0.412000 -0.911184 0.320663 128.265325 0.500000 10.484838 200.000000 10.484838 0.124348 49.739075 0.866025 -2.322473 200.000000 -2.322473 0.102824 41.129479 0.444067 9.447666 200.000000 9.447666 0.023073 9.229267 -0.895994 -5.297304 200.000000 -5.297304
 88.400000 0.859134 0.511750 -0.915984 0.401216 1.033575 -1.157953 0.511750 0.859134 0.401216 -0.915984 0.013807 5.522952 0.500000 10.484838 200.000000 10.484838 0.004749 1.899589 0.866025 -2.322473 200.000000 -2.322473 0.183621 73.448362 0.444067 9.447666 200.000000 9.447666 0.039959 15.983799 -0.895994 -5.297304 200.000000 -5.297304
 88.600000 0.858497 0.512818 -0.833572 0.552411 1.032332 -0.985542 0.512818 0.858497 0.552411 -0.833572 0.016431 6.572324 0.500000 10.484838 200.000000 10.484838 0.005667 2.266962 0.866025 -2.322473 200.000000 -2.322473 1.173851 469.540531 0.444067 9.447666 200.000000 9.447666 0.389649 155.859799 -0.895994 -5.297304 200.000000 -5.297304
 88.800000 0.859595 0.510976 -0.889153 0.457611 1.034476 -1.095490 0.510976 0.859595 0.457611 -0.889153 0.012048 4.819233 0.500000 10.484838 200.000000 10.484838 0.004135 1.654130 0.866025 -2.322473 200.000000 -2.322473 0.018344 7.337524 0.444067 9.447666 200.000000 9.447666 0.004680 1.871992 -0.895994 -5.297304 200.000000 -5.297304
 89.000000 0.921136 0.389241 -0.910608 0.413271 1.170989 -1.144753 0.389241 0.921136 0.413271 -0.910608 1.226756 490.702498 0.500000 10.484838 200.000000 10.484838 0.303717 121.486959 0.866025 -2.322473 200.000000 -2.322473 0.094835 37.934112 0.444067 9.447666 200.000000 9.447666 0.021357 8.542974 -0.895994 -5.297304 200.000000 -5.297304
 89.200000 0.899214 0.437509 -0.907393 0.420283 1.117970 -1.137039 0.437509 0.899214 0.420283 -0.907393 0.390514 156.205418 0.500000 10.484838 200.000000 10.484838 0.110149 44.059508 0.866025 -2.322473 200.000000 -2.322473 0.056566 22.626587 0.444067 9.447666 200.000000 9.447666 0.012995 5.197805 -0.895994 -5.297304 200.000000 -5.297304
 89.400000 0.846834 0.531858 -0.834849 0.550479 1.010004 -0.987859 0.531858 0.846834 0.550479 -0.834849 0.101491 40.596479 0.500000 10.484838 200.000000 10.484838 0.036832 14.732779 0.866025 -2.322473 200.000000 -2.322473 1.132350 452.939887 0.444067 9.447666 200.000000 9.447666 0.373864 149.545784 -0.895994 -5.297304 200.000000 -5.297304
 89.600000 0.872951 0.487807 -0.912654 0.408733 1.061220 -1.149731 0.487807 0.872951 0.408733 -0.912654 0.014866 5.946330 0.500000 10.484838 200.000000 10.484838 0.004797 1.918696 0.866025 -2.322473 200.000000 -2.322473 0.124848 49.939200 0.444067 9.447666 200.000000 9.447666 0.027757 11.102667 -0.895994 -5.297304 200.000000 -5.297304
 89.800000 0.871583 0.490248 -0.867770 0.496966 1.058422 -1.050697 0.490248 0.871583 0.496966 -0.867770 0.009510 3.804092 0.500000 10.484838 200.000000 10.484838 0.003089 1.235478 0.866025 -2.322473 200.000000 -2.322473 0.279839 111.935542 0.444067 9.447666 200.000000 9.447666 0.079659 31.863759 -0.895994 -5.297304 200.000000 -5.297304
 90.000000 0.889076 0.457759 -0.887049 0.461676 1.095323 -1.090913 0.457759 0.889076 0.461676 -0.887049 0.178429 71.371659 0.500000 10.484838 200.000000 10.484838 0.053134 21.253665 0.866025 -2.322473 200.000000 -2.322473 0.031008 12.403041 0.444067 9.447666 200.000000 9.447666 0.008001 3.200471 -0.895994 -5.297304 200.000000 -5.297304
 90.200000 0.894789 0.446489 -0.882685 0.469965 1.107959 -1.081545 0.446489 0.894789 0.469965 -0.882685 0.286344 114.537725 0.500000 10.484838 200.000000 10.484838 0.082736 33.094231 0.866025 -2.322473 200.000000 -2.322473 0.067072 26.828736 0.444067 9.447666 200.000000 9.447666 0.017712 7.084796 -0.895994 -5.297304 200.000000 -5.297304
 90.400000 0.861815 0.507222 -0.890793 0.454409 1.038838 -1.099088 0.507222 0.861815 0.454409 -0.890793 0.005216 2.086356 0.500000 10.484838 200.000000 10.484838 0.001772 0.708976 0.866025 -2.322473 200.000000 -2.322473 0.010696 4.278450 0.444067 9.447666 200.000000 9.447666 0.002705 1.081816 -0.895994 -5.297304 200.000000 -5.297304
 90.600000 0.869513 0.493910 -0.865662 0.500629 1.054216 -1.046471 0.493910 0.869513 0.500629 -0.865662 0.003709 1.483520 0.500000 10.484838 200.000000 10.484838 0.001216 0.486541 0.866025 -2.322473 200.000000 -2.322473 0.319929 127.971563 0.444067 9.447666 200.000000 9.447666 0.092002 36.800612 -0.895994 -5.297304 200.000000 -5.297304
 90.800000 0.834471 0.551052 -0.873059 0.487614 0.987172 -1.061441 0.551052 0.834471 0.487614 -0.873059 0.260631 104.252223 0.500000 10.484838 200.000000 10.484838 0.099569 39.827434 0.866025 -2.322473 200.000000 -2.322473 0.189639 75.855516 0.444067 9.447666 200.000000 9.447666 0.052599 21.039709 -0.895994 -5.297304 200.000000 -5.297304
 91.000000 0.884676 0.466206 -0.887385 0.461030 1.085799 -1.091641 0.466206 0.884676 0.461030 -0.887385 0.114202 45.680629 0.500000 10.484838 200.000000 10.484838 0.034785 13.913859 0.866025 -2.322473 200.000000 -2.322473 0.028775 11.510088 0.444067 9.447666 200.000000 9.447666 0.007412 2.964704 -0.895994 -5.297304 200.000000 -5.297304
 91.200000 0.847888 0.530175 -0.909807 0.415032 1.011989 -1.142819 0.530175 0.847888 0.415032 -0.909807 0.091054 36.421661 0.500000 10.484838 200.000000 10.484838 0.032896 13.158431 0.866025 -2.322473 200.000000 -2.322473 0.084303 33.721327 0.444067 9.447666 200.000000 9.447666 0.019081 7.632215 -0.895994 -5.297304 200.000000 -5.297304
 91.400000 0.816460 0.577401 -0.882527 0.470261 0.955254 -1.081210 0.577401 0.816460 0.470261 -0.882527 0.599099 239.639436 0.500000 10.484838 200.000000 10.484838 0.245669 98.267657 0.866025 -2.322473 200.000000 -2.322473 0.068616 27.446348 0.444067 9.447666 200.000000 9.447666 0.018135 7.253881 -0.895994 -5.297304 200.000000 -5.297304
 91.600000 0.895296 0.445472 -0.913062 0.407820 1.109094 -1.150731 0.445472 0.895296 0.407820 -0.913062 0.297325 118.930021 0.500000 10.484838 200.000000 10.484838 0.085675 34.269852 0.866025 -2.322473 200.000000 -2.322473 0.131383 52.553094 0.444067 9.447666 200.000000 9.447666 0.029134 11.653533 -0.895994 -5.297304 200.000000 -5.297304
 91.800000 0.869858 0.493302 -0.954285 0.298899 1.054914 -1.267257 0.493302 0.869858 0.298899 -0.954285 0.004486 1.794416 0.500000 10.484838 200.000000 10.484838 0.001469 0.587550 0.866025 -2.322473 200.000000 -2.322473 2.107354 842.941525 0.444067 9.447666 200.000000 9.447666 0.339783 135.913032 -0.895994 -5.297304 200.000000 -5.297304
 92.000000 0.837348 0.546670 -0.888064 0.459720 0.992414 -1.093116 0.546670 0.837348 0.459720 -0.888064 0.217809 87.123758 0.500000 10.484838 200.000000 10.484838 0.082239 32.895495 0.866025 -2.322473 200.000000 -2.322473 0.024504 9.801663 0.444067 9.447666 200.000000 9.447666 0.006289 2.515442 -0.895994 -5.297304 200.000000 -5.297304
 92.200000 0.828047 0.560659 -0.888600 0.458682 0.975615 -1.094285 0.560659 0.828047 0.458682 -0.888600 0.367953 147.181228 0.500000 10.484838 200.000000 10.484838 0.144238 57.695284 0.866025 -2.322473 200.000000 -2.322473 0.021361 8.544436 0.444067 9.447666 200.000000 9.447666 0.005466 2.186443 -0.895994 -5.297304 200.000000 -5.297304
 92.400000 0.864706 0.502278 -0.891821 0.452388 1.044565 -1.101355 0.502278 0.864706 0.452388 -0.891821 0.000519 0.207540 0.500000 10.484838 200.000000 10.484838 0.000174 0.069601 0.866025 -2.322473 200.000000 -2.322473 0.006925 2.769875 0.444067 9.447666 200.000000 9.447666 0.001741 0.696421 -0.895994 -5.297304 200.000000 -5.297304
 92.600000 0.882032 0.471190 -0.932417 0.361383 1.080157 -1.201046 0.471190 0.882032 0.361383 -0.932417 0.083001 33.200245 0.500000 10.484838 200.000000 10.484838 0.025620 10.247989 0.866025 -2.322473 200.000000 -2.322473 0.683658 273.463255 0.444067 9.447666 200.000000 9.447666 0.132669 53.067418 -0.895994 -5.297304 200.000000 -5.297304
 92.800000 0.850983 0.525192 -0.892750 0.450552 1.017855 -1.103413 0.525192 0.850983 0.450552 -0.892750 0.063466 25.386407 0.500000 10.484838 200.000000 10.484838 0.022626 9.050383 0.866025 -2.322473 200.000000 -2.322473 0.004206 1.682275 0.444067 9.447666 200.000000 9.447666 0.001052 0.420801 -0.895994 -5.297304 200.000000 -5.297304
 93.000000 0.876132 0.482072 -0.880637 0.473792 1.067779 -1.077204 0.482072 0.876132 0.473792 -0.880637 0.032142 12.856976 0.500000 10.484838 200.000000 10.484838 0.010214 4.085550 0.866025 -2.322473 200.000000 -2.322473 0.088361 35.344484 0.444067 9.447666 200.000000 9.447666 0.023584 9.433639 -0.895994 -5.297304 200.000000 -5.297304
 93.200000 0.868188 0.496236 -0.902258 0.431196 1.051538 -1.124978 0.496236 0.868188 0.431196 -0.902258 0.001417 0.566636 0.500000 10.484838 200.000000 10.484838 0.000467 0.186992 0.866025 -2.322473 200.000000 -2.322473 0.016565 6.625975 0.444067 9.447666 200.000000 9.447666 0.003924 1.569732 -0.895994 -5.297304 200.000000 -5.297304
 93.400000 0.890989 0.454025 -0.888781 0.458332 1.099518 -1.094679 0.454025 0.890989 0.458332 -0.888781 0.211367 84.546994 0.500000 10.484838 200.000000 10.484838 0.062317 24.926850 0.866025 -2.322473 200.000000 -2.322473 0.020350 8.139952 0.444067 9.447666 200.000000 9.447666 0.005202 2.080902 -0.895994 -5.297304 200.000000 -5.297304
 93.600000 0.841018 0.541008 -0.916042 0.401083 0.999162 -1.158097 0.541008 0.841018 0.401083 -0.916042 0.168163 67.265156 0.500000 10.484838 200.000000 10.484838 0.062539 25.015492 0.866025 -2.322473 200.000000 -2.322473 0.184757 73.902861 0.444067 9.447666 200.000000 9.447666 0.040192 16.076641 -0.895994 -5.297304 200.000000 -5.297304
 93.800000 0.834301 0.551309 -0.856250 0.516562 0.986865 -1.027965 0.551309 0.834301 0.516562 -0.856250 0.263256 105.302531 0.500000 10.484838 200.000000 10.484838 0.100641 40.256345 0.866025 -2.322473 200.000000 -2.322473 0.525560 210.224045 0.444067 9.447666 200.000000 9.447666 0.157959 63.183640 -0.895994 -5.297304 200.000000 -5.297304
 94.000000 0.851020 0.525134 -0.874803 0.484479 1.017924 -1.065029 0.525134 0.851020 0.484479 -0.874803 0.063169 25.267714 0.500000 10.484838 200.000000 10.484838 0.022517 9.006651 0.866025 -2.322473 200.000000 -2.322473 0.163314 65.325517 0.444067 9.447666 200.000000 9.447666 0.044905 17.961872 -0.895994 -5.297304 200.000000 -5.297304
 94.200000 0.868338 0.495973 -0.936784 0.349907 1.051841 -1.213325 0.495973 0.868338 0.349907 -0.936784 0.001622 0.648617 0.500000 10.484838 200.000000 10.484838 0.000535 0.213897 0.866025 -2.322473 200.000000 -2.322473 0.886603 354.641370 0.444067 9.447666 200.000000 9.447666 0.166388 66.555154 -0.895994 -5.297304 200.000000 -5.297304
 94.400000 0.856723 0.515776 -0.901937 0.431868 1.028883 -1.124233 0.515776 0.856723 0.431868 -0.901937 0.024889 9.955577 0.500000 10.484838 200.000000 10.484838 0.008653 3.461136 0.866025 -2.322473 200.000000 -2.322473 0.014880 5.952078 0.444067 9.447666 200.000000 9.447666 0.003532 1.412753 -0.895994 -5.297304 200.000000 -5.297304
 94.600000 0.865065 0.501660 -0.885853 0.463966 1.045280 -1.088330 0.501660 0.865065 0.463966 -0.885853 0.000275 0.110198 0.500000 10.484838 200.000000 10.484838 0.000092 0.036896 0.866025 -2.322473 200.000000 -2.322473 0.039598 15.839075 0.444067 9.447666 200.000000 9.447666 0.010283 4.113313 -0.895994 -5.297304 200.000000 -5.297304
 94.800000 0.843384 0.537311 -0.854046 0.520197 1.003550 -1.023714 0.537311 0.843384 0.520197 -0.854046 0.139214 55.685490 0.500000 10.484838 200.000000 10.484838 0.051263 20.505395 0.866025 -2.322473 200.000000 -2.322473 0.579587 231.834660 0.444067 9.447666 200.000000 9.447666 0.175960 70.384038 -0.895994 -5.297304 200.000000 -5.297304
 95.000000 0.887568 0.460677 -0.911505 0.411288 1.092039 -1.146929 0.460677 0.887568 0.411288 -0.911505 0.154632 61.852699 0.500000 10.484838 200.000000 10.484838 0.046408 18.563310 0.866025 -2.322473 200.000000 -2.322473 0.107442 42.976785 0.444067 9.447666 200.000000 9.447666 0.024061 9.624328 -0.895994 -5.297304 200.000000 -5.297304
 95.200000 0.889763 0.456423 -0.898478 0.439020 1.096825 -1.116289 0.456423 0.889763 0.439020 -0.898478 0.189893 75.957071 0.500000 10.484838 200.000000 10.484838 0.056346 22.538463 0.866025 -2.322473 200.000000 -2.322473 0.002547 1.018926 0.444067 9.447666 200.000000 9.447666 0.000617 0.246761 -0.895994 -5.297304 200.000000 -5.297304
 95.400000 0.852801 0.522237 -0.887861 0.460113 1.021325 -1.092674 0.522237 0.852801 0.460113 -0.887861 0.049448 19.779010 0.500000 10.484838 200.000000 10.484838 0.017490 6.995903 0.866025 -2.322473 200.000000 -2.322473 0.025747 10.298947 0.444067 9.447666 200.000000 9.447666 0.006615 2.645959 -0.895994 -5.297304 200.000000 -5.297304
 95.600000 0.867427 0.497565 -0.867042 0.498234 1.050007 -1.049235 0.497565 0.867427 0.498234 -0.867042 0.000593 0.237142 0.500000 10.484838 200.000000 10.484838 0.000196 0.078536 0.866025 -2.322473 200.000000 -2.322473 0.293414 117.365491 0.444067 9.447666 200.000000 9.447666 0.083818 33.527191 -0.895994 -5.297304 200.000000 -5.297304
 95.800000 0.891083 0.453841 -0.871967 0.489565 1.099725 -1.059205 0.453841 0.891083 0.489565 -0.871967 0.213064 85.225631 0.500000 10.484838 200.000000 10.484838 0.062786 25.114550 0.866025 -2.322473 200.000000 -2.322473 0.207014 82.805610 0.444067 9.447666 200.000000 9.447666 0.057731 23.092247 -0.895994 -5.297304 200.000000 -5.297304
 96.000000 0.898514 0.438945 -0.858673 0.512524 1.116372 -1.032675 0.438945 0.898514 0.512524 -0.858673 0.372767 149.106890 0.500000 10.484838 200.000000 10.484838 0.105549 42.219756 0.866025 -2.322473 200.000000 -2.322473 0.468639 187.455635 0.444067 9.447666 200.000000 9.447666 0.139284 55.713606 -0.895994 -5.297304 200.000000 -5.297304
 96.200000 0.892123 0.451792 -0.818319 0.574764 1.102023 -0.958480 0.451792 0.892123 0.574764 -0.818319 0.232401 92.960516 0.500000 10.484838 200.000000 10.484838 0.068110 27.244033 0.866025 -2.322473 200.000000 -2.322473 1.708191 683.276474 0.444067 9.447666 200.000000 9.447666 0.603338 241.335211 -0.895994 -5.297304 200.000000 -5.297304
 96.400000 0.852455 0.522801 -0.873266 0.487244 1.020663 -1.061866 0.522801 0.852455 0.487244 -0.873266 0.051987 20.794715 0.500000 10.484838 200.000000 10.484838 0.018416 7.366238 0.866025 -2.322473 200.000000 -2.322473 0.186427 74.570815 0.444067 9.447666 200.000000 9.447666 0.051655 20.662108 -0.895994 -5.297304 200.000000 -5.297304
 96.600000 0.831030 0.556227 -0.884738 0.466088 0.980958 -1.085932 0.556227 0.831030 0.466088 -0.884738 0.316148 126.459253 0.500000 10.484838 200.000000 10.484838 0.122465 48.986110 0.866025 -2.322473 200.000000 -2.322473 0.048496 19.398363 0.444067 9.447666 200.000000 9.447666 0.012669 5.067558 -0.895994 -5.297304 200.000000 -5.297304
 96.800000 0.888305 0.459254 -0.883970 0.467544 1.093641 -1.084286 0.459254 0.888305 0.467544 -0.883970 0.166023 66.409025 0.500000 10.484838 200.000000 10.484838 0.049638 19.855084 0.866025 -2.322473 200.000000 -2.322473 0.055117 22.046708 0.444067 9.447666 200.000000 9.447666 0.014457 5.782821 -0.895994 -5.297304 200.000000 -5.297304
 97.000000 0.901381 0.433026 -0.862220 0.506534 1.122949 -1.039636 0.433026 0.901381 0.506534 -0.862220 0.448553 179.421145 0.500000 10.484838 200.000000 10.484838 0.125005 50.002066 0.866025 -2.322473 200.000000 -2.322473 0.390218 156.087058 0.444067 9.447666 200.000000 9.447666 0.114067 45.626772 -0.895994 -5.297304 200.000000 -5.297304
 97.200000 0.841520 0.540225 -0.867972 0.496614 1.000091 -1.051103 0.540225 0.841520 0.496614 -0.867972 0.161808 64.723135 0.500000 10.484838 200.000000 10.484838 0.060050 24.019816 0.866025 -2.322473 200.000000 -2.322473 0.276119 110.447414 0.444067 9.447666 200.000000 9.447666 0.078523 31.409382 -0.895994 -5.297304 200.000000 -5.297304
 97.400000 0.885620 0.464411 -0.899603 0.436709 1.087827 -1.118859 0.464411 0.885620 0.436709 -0.899603 0.126661 50.664306 0.500000 10.484838 200.000000 10.484838 0.038395 15.357963 0.866025 -2.322473 200.000000 -2.322473 0.005413 2.165344 0.444067 9.447666 200.000000 9.447666 0.001303 0.521003 -0.895994 -5.297304 200.000000 -5.297304
 97.600000 0.846083 0.533051 -0.906897 0.421353 1.008594 -1.135859 0.533051 0.846083 0.421353 -0.906897 0.109235 43.693993 0.500000 10.484838 200.000000 10.484838 0.039769 15.907515 0.866025 -2.322473 200.000000 -2.322473 0.051590 20.635972 0.444067 9.447666 200.000000 9.447666 0.011887 4.754884 -0.895994 -5.297304 200.000000 -5.297304
 97.800000 0.866756 0.498732 -0.868124 0.496347 1.048661 -1.051411 0.498732 0.866756 0.496347 -0.868124 0.000161 0.064276 0.500000 10.484838 200.000000 10.484838 0.000053 0.021353 0.866025 -2.322473 200.000000 -2.322473 0.273319 109.327569 0.444067 9.447666 200.000000 9.447666 0.077670 31.067884 -0.895994 -5.297304 200.000000 -5.297304
 98.000000 0.850979 0.525199 -0.880198 0.474606 1.017847 -1.076280 0.525199 0.850979 0.474606 -0.880198 0.063499 25.399460 0.500000 10.484838 200.000000 10.484838 0.022638 9.055193 0.866025 -2.322473 200.000000 -2.322473 0.093265 37.306123 0.444067 9.447666 200.000000 9.447666 0.024949 9.979798 -0.895994 -5.297304 200.000000 -5.297304
 98.200000 0.887364 0.461070 -0.883149 0.469093 1.091596 -1.082533 0.461070 0.887364 0.469093 -0.883149 0.151555 60.622101 0.500000 10.484838 200.000000 10.484838 0.045533 18.213117 0.866025 -2.322473 200.000000 -2.322473 0.062631 25.052293 0.444067 9.447666 200.000000 9.447666 0.016499 6.599622 -0.895994 -5.297304 200.000000 -5.297304
 98.400000 0.890621 0.454746 -0.910285 0.413982 1.098709 -1.143972 0.454746 0.890621 0.413982 -0.910285 0.204793 81.917151 0.500000 10.484838 200.000000 10.484838 0.060495 24.198124 0.866025 -2.322473 200.000000 -2.322473 0.090509 36.203585 0.444067 9.447666 200.000000 9.447666 0.020424 8.169692 -0.895994 -5.297304 200.000000 -5.297304
 98.600000 0.877511 0.479556 -0.865278 0.501292 1.070648 -1.045705 0.479556 0.877511 0.501292 -0.865278 0.041797 16.718901 0.500000 10.484838 200.000000 10.484838 0.013193 5.277201 0.866025 -2.322473 200.000000 -2.322473 0.327477 130.990616 0.444067 9.447666 200.000000 9.447666 0.094345 37.738161 -0.895994 -5.297304 200.000000 -5.297304
 98.800000 0.818219 0.574907 -0.875759 0.482748 0.958306 -1.067007 0.574907 0.818219 0.482748 -0.875759 0.561109 224.443409 0.500000 10.484838 200.000000 10.484838 0.228549 91.419479 0.866025 -2.322473 200.000000 -2.322473 0.149623 59.849347 0.444067 9.447666 200.000000 9.447666 0.040943 16.377157 -0.895994 -5.297304 200.000000 -5.297304
 99.000000 0.822731 0.568431 -0.885378 0.464872 0.966199 -1.087306 0.568431 0.822731 0.464872 -0.885378 0.468276 187.310527 0.500000 10.484838 200.000000 10.484838 0.187439 74.975752 0.866025 -2.322473 200.000000 -2.322473 0.043288 17.315346 0.444067 9.447666 200.000000 9.447666 0.011270 4.508082 -0.895994 -5.297304 200.000000 -5.297304
 99.200000 0.845269 0.534340 -0.895286 0.445492 1.007069 -1.109072 0.534340 0.845269 0.445492 -0.895286 0.117925 47.170182 0.500000 10.484838 200.000000 10.484838 0.043081 17.232359 0.866025 -2.322473 200.000000 -2.322473 0.000203 0.081324 0.444067 9.447666 200.000000 9.447666 0.000050 0.020056 -0.895994 -5.297304 200.000000 -5.297304
 99.400000 0.899293 0.437346 -0.908678 0.417498 1.118151 -1.140106 0.437346 0.899293 0.417498 -0.908678 0.392554 157.021759 0.500000 10.484838 200.000000 10.484838 0.110676 44.270380 0.866025 -2.322473 200.000000 -2.322473 0.070587 28.234689 0.444067 9.447666 200.000000 9.447666 0.016088 6.435212 -0.895994 -5.297304 200.000000 -5.297304
 99.600000 0.905392 0.424576 -0.913144 0.407638 1.132303 -1.150931 0.424576 0.905392 0.407638 -0.913144 0.568882 227.552611 0.500000 10.484838 200.000000 10.484838 0.154976 61.990454 0.866025 -2.322473 200.000000 -2.322473 0.132706 53.082201 0.444067 9.447666 200.000000 9.447666 0.029412 11.764775 -0.895994 -5.297304 200.000000 -5.297304
 99.800000 0.870552 0.492077 -0.883561 0.468316 1.056322 -1.083412 0.492077 0.870552 0.468316 -0.883561 0.006278 2.511043 0.500000 10.484838 200.000000 10.484838 0.002049 0.819514 0.866025 -2.322473 200.000000 -2.322473 0.058805 23.522157 0.444067 9.447666 200.000000 9.447666 0.015458 6.183138 -0.895994 -5.297304 200.000000 -5.297304
 100.000000 0.856071 0.516858 -0.907217 0.420663 1.027619 -1.136621 0.516858 0.856071 0.420663 -0.907217 0.028421 11.368335 0.500000 10.484838 200.000000 10.484838 0.009909 3.963721 0.866025 -2.322473 200.000000 -2.322473 0.054774 21.909781 0.444067 9.447666 200.000000 9.447666 0.012596 5.038547 -0.895994 -5.297304 200.000000 -5.297304
