#! FIELDS time sin_phi cos_phi sin_psi cos_psi phi psi cos_phi sin_phi cos_psi sin_psi restraint_phi_cos.bias restraint_phi_cos.force2 restraint_phi_cos.cos_phi_cntr restraint_phi_cos.cos_phi_work restraint_phi_cos.cos_phi_kappa restraint_phi_cos.work restraint_phi_sin.bias restraint_phi_sin.force2 restraint_phi_sin.sin_phi_cntr restraint_phi_sin.sin_phi_work restraint_phi_sin.sin_phi_kappa restraint_phi_sin.work restraint_psi_cos.bias restraint_psi_cos.force2 restraint_psi_cos.cos_psi_cntr restraint_psi_cos.cos_psi_work restraint_psi_cos.cos_psi_kappa restraint_psi_cos.work restraint_psi_sin.bias restraint_psi_sin.force2 restraint_psi_sin.sin_psi_cntr restraint_psi_sin.sin_psi_work restraint_psi_sin.sin_psi_kappa restraint_psi_sin.work
#! SET min_phi -pi
#! SET max_phi pi
#! SET min_psi -pi
#! SET max_psi pi
 0.000000 -0.999983 -0.005782 0.966116 0.258110 -1.576579 1.309731 -0.005782 -0.999983 0.258110 0.966116 0.000000 0.000000 1.000000 0.000000 0.000000 0.000000 0.000000 0.000000 0.000000 0.000000 0.000000 0.000000 0.000000 0.000000 1.000000 0.000000 0.000000 0.000000 0.000000 0.000000 0.000000 0.000000 0.000000 0.000000
 0.200000 -0.992318 0.123711 0.651177 0.758926 -1.446768 0.709134 0.123711 -0.992318 0.758926 0.651177 0.000000 0.000000 1.000000 0.000000 0.000000 0.000000 0.000000 0.000000 0.000000 0.000000 0.000000 0.000000 0.000000 0.000000 1.000000 0.000000 0.000000 0.000000 0.000000 0.000000 0.000000 0.000000 0.000000 0.000000
 0.400000 -0.961266 0.275622 0.530288 0.847817 -1.291559 0.558941 0.275622 -0.961266 0.847817 0.530288 0.000000 0.000000 1.000000 0.000000 0.000000 0.000000 0.000000 0.000000 0.000000 0.000000 0.000000 0.000000 0.000000 0.000000 1.000000 0.000000 0.000000 0.000000 0.000000 0.000000 0.000000 0.000000 0.000000 0.000000
 0.600000 -0.964668 0.263470 0.974191 0.225724 -1.304179 1.343111 0.263470 -0.964668 0.225724 0.974191 0.000000 0.000000 1.000000 0.000000 0.000000 0.000000 0.000000 0.000000 0.000000 0.000000 0.000000 0.000000 0.000000 0.000000 1.000000 0.000000 0.000000 0.000000 0.000000 0.000000 0.000000 0.000000 0.000000 0.000000
 0.800000 -0.999801 0.019934 0.982355 0.187025 -1.550861 1.382663 0.019934 -0.999801 0.187025 0.982355 0.000000 0.000000 1.000000 0.000000 0.000000 0.000000 0.000000 0.000000 0.000000 0.000000 0.000000 0.000000 0.000000 0.000000 1.000000 0.000000 0.000000 0.000000 0.000000 0.000000 0.000000 0.000000 0.000000 0.000000
 1.000000 -0.999595 0.028448 0.659832 0.751413 -1.542345 0.720595 0.028448 -0.999595 0.751413 0.659832 0.000000 0.000000 1.000000 0.000000 0.000000 0.000000 0.000000 0.000000 0.000000 0.000000 0.000000 0.000000 0.000000 0.000000 1.000000 0.000000 0.000000 0.000000 0.000000 0.000000 0.000000 0.000000 0.000000 0.000000
 1.200000 -0.523337 0.852126 -0.267996 0.963420 -0.550763 -0.271313 0.852126 -0.523337 0.963420 -0.267996 0.218668 8.746724 1.000000 4.924676 20.000000 4.924676 2.738818 109.552721 0.000000 7.202907 20.000000 7.202907 0.013381 0.535240 1.000000 0.201922 20.000000 0.201922 0.718220 28.728808 0.000000 1.668522 20.000000 1.668522
 1.400000 0.151769 0.988416 0.008803 0.999961 0.152358 0.008803 0.988416 0.151769 0.999961 0.008803 0.002684 0.214702 1.000000 4.977587 40.000000 4.977587 0.460675 36.854037 0.000000 8.361116 40.000000 8.361116 0.000000 0.000002 1.000000 0.226016 40.000000 0.226016 0.001550 0.123992 0.000000 2.416413 40.000000 2.416413
 1.600000 0.303346 0.952881 -0.214685 0.976683 0.308202 -0.216370 0.952881 0.303346 0.976683 -0.214685 0.066607 7.992877 1.000000 4.988918 60.000000 4.988918 2.760560 331.267251 0.000000 8.907892 60.000000 8.907892 0.016310 1.957213 1.000000 0.229927 60.000000 0.229927 1.382694 165.923319 0.000000 2.705398 60.000000 2.705398
 1.800000 -0.090985 0.995852 0.066053 0.997816 -0.091111 0.066101 0.995852 -0.090985 0.997816 0.066053 0.000688 0.110102 1.000000 4.992377 80.000000 4.992377 0.331127 52.980383 0.000000 9.205546 80.000000 9.205546 0.000191 0.030524 1.000000 0.230389 80.000000 0.230389 0.174520 27.923144 0.000000 2.779924 80.000000 2.779924
 2.000000 -0.266080 0.963951 0.072661 0.997357 -0.269324 0.072725 0.963951 -0.266080 0.997357 0.072661 0.064976 12.995266 1.000000 4.993496 100.000000 4.993496 3.539918 707.983673 0.000000 9.347121 100.000000 9.347121 0.000349 0.069869 1.000000 0.231416 100.000000 0.231416 0.263978 52.795693 0.000000 2.907307 100.000000 2.907307
 2.200000 -0.080140 0.996784 -0.154553 0.987984 -0.080226 -0.155175 0.996784 -0.080140 0.987984 -0.154553 0.000621 0.148970 1.000000 4.994917 120.000000 4.994917 0.385345 92.482909 0.000000 9.475784 120.000000 9.475784 0.008662 2.078966 1.000000 0.231836 120.000000 0.231836 1.433200 343.967953 0.000000 2.993694 120.000000 2.993694
 2.400000 0.044667 0.999002 -0.093595 0.995610 0.044682 -0.093732 0.999002 0.044667 0.995610 -0.093595 0.000070 0.019524 1.000000 4.998059 140.000000 4.998059 0.139660 39.104719 0.000000 9.672366 140.000000 9.672366 0.001349 0.377668 1.000000 0.232655 140.000000 0.232655 0.613198 171.695451 0.000000 3.117438 140.000000 3.117438
 2.600000 -0.113503 0.993538 0.000918 1.000000 -0.113748 0.000918 0.993538 -0.113503 1.000000 0.000918 0.003341 1.069103 1.000000 4.998217 160.000000 4.998217 1.030634 329.802753 0.000000 9.722387 160.000000 9.722387 0.000000 0.000000 1.000000 0.232813 160.000000 0.232813 0.000067 0.021563 0.000000 3.169724 160.000000 3.169724
 2.800000 -0.009796 0.999952 -0.037832 0.999284 -0.009797 -0.037841 0.999952 -0.009796 0.999284 -0.037832 0.000000 0.000075 1.000000 4.998378 180.000000 4.998378 0.008637 3.109428 0.000000 9.775342 180.000000 9.775342 0.000046 0.016606 1.000000 0.232985 180.000000 0.232985 0.128816 46.373937 0.000000 3.222536 180.000000 3.222536
 3.000000 0.072890 0.997340 -0.073600 0.997288 0.072954 -0.073666 0.997340 0.072890 0.997288 -0.073600 0.000708 0.283021 1.000000 4.998579 200.000000 4.998579 0.531289 212.515740 0.000000 9.831728 200.000000 9.831728 0.000736 0.294226 1.000000 0.233078 200.000000 0.233078 0.541691 216.676285 0.000000 3.259799 200.000000 3.259799
 3.200000 -0.044186 0.999023 0.006718 0.999977 -0.044200 0.006718 0.999023 -0.044186 0.999977 0.006718 0.463445 185.378199 0.930946 5.439466 200.000000 5.439466 0.109804 43.921529 -0.011049 9.836389 200.000000 9.836389 0.520694 208.277510 0.927818 0.731786 200.000000 0.731786 0.192983 77.193009 -0.037212 3.299351 200.000000 3.299351
 3.400000 0.000843 1.000000 0.002287 0.999997 0.000843 0.002287 1.000000 0.000843 0.999997 0.002287 1.907345 762.938027 0.861893 6.819473 200.000000 6.819473 0.052633 21.053274 -0.022099 9.729563 200.000000 9.729563 2.084002 833.600917 0.855637 2.234384 200.000000 2.234384 0.588465 235.385858 -0.074424 3.168805 200.000000 3.168805
 3.600000 0.091338 0.995820 -0.071198 0.997462 0.091465 -0.071258 0.995820 0.091338 0.997462 -0.071198 4.120109 1648.043715 0.792839 9.195474 200.000000 9.195474 1.549665 619.865925 -0.033148 9.809838 200.000000 9.809838 4.579911 1831.964372 0.783455 4.679326 200.000000 4.679326 0.163533 65.413033 -0.111637 2.857661 200.000000 2.857661
 3.800000 -0.043961 0.999033 -0.098835 0.995104 -0.043975 -0.098997 0.999033 -0.043961 0.995104 -0.098835 7.576106 3030.442529 0.723786 12.460307 200.000000 12.460307 0.000006 0.002230 -0.044197 9.802189 200.000000 9.802189 8.055978 3222.391136 0.711273 8.010673 200.000000 8.010673 0.250140 100.055944 -0.148849 2.499295 200.000000 2.499295
 4.000000 -0.105920 0.994375 -0.263672 0.964612 -0.106119 -0.266827 0.994375 -0.105920 0.964612 -0.263672 11.535685 4614.273950 0.654732 16.585980 200.000000 16.585980 0.256775 102.710029 -0.055247 9.610567 200.000000 9.610567 10.596375 4238.550054 0.639092 12.223277 200.000000 12.223277 0.602346 240.938408 -0.186061 1.957692 200.000000 1.957692
 4.200000 -0.036682 0.999327 -0.374782 0.927113 -0.036690 -0.384161 0.999327 -0.036682 0.927113 -0.374782 17.110472 6844.188843 0.585679 21.762300 200.000000 21.762300 0.087702 35.080748 -0.066296 9.587891 200.000000 9.587891 12.974631 5189.852412 0.566910 17.121645 200.000000 17.121645 2.295475 918.190001 -0.223273 1.030461 200.000000 1.030461
 4.400000 -0.314588 0.949228 -0.455678 0.890145 -0.320023 -0.473134 0.949228 -0.314588 0.890145 -0.455678 18.714511 7485.804426 0.516625 27.770165 200.000000 27.770165 5.628429 2251.371483 -0.077345 9.492359 200.000000 9.492359 15.635401 6254.160222 0.494728 22.474766 200.000000 22.474766 3.810018 1524.007090 -0.260486 -0.336344 200.000000 -0.336344
 4.600000 -0.288717 0.957415 -0.620226 0.784423 -0.292886 -0.669031 0.957415 -0.288717 0.784423 -0.620226 25.993948 10397.579234 0.447572 34.275762 200.000000 34.275762 4.012895 1605.158050 -0.088395 9.031713 200.000000 9.031713 13.095451 5238.180250 0.422547 28.012774 200.000000 28.012774 10.402453 4160.981397 -0.297698 -2.185182 200.000000 -2.185182
 4.800000 -0.200776 0.979637 -0.740683 0.671855 -0.202150 -0.834086 0.979637 -0.200776 0.671855 -0.740683 36.134382 14453.752856 0.378518 42.132793 200.000000 42.132793 1.026811 410.724568 -0.099444 8.885716 200.000000 8.885716 10.335575 4134.229905 0.350365 33.931688 200.000000 33.931688 16.465150 6586.059913 -0.334910 -4.275768 200.000000 -4.275768
 5.000000 -0.424441 0.905456 -0.681509 0.731810 -0.438344 -0.749822 0.905456 -0.424441 0.731810 -0.681509 35.520506 14208.202437 0.309465 50.110250 200.000000 50.110250 9.856291 3942.516224 -0.110493 8.294825 200.000000 8.294825 20.577724 8231.089473 0.278183 39.146359 200.000000 39.146359 9.571989 3828.795665 -0.372122 -7.074985 200.000000 -7.074985
 5.200000 -0.384410 0.923162 -0.827241 0.561847 -0.394569 -0.974179 0.923162 -0.384410 0.561847 -0.827241 46.614882 18645.952629 0.240411 58.576007 200.000000 58.576007 6.909939 2763.975429 -0.121543 7.561881 200.000000 7.561881 12.662600 5065.039862 0.206002 43.703512 200.000000 43.703512 17.464585 6985.833847 -0.409335 -10.317761 200.000000 -10.317761
 5.400000 -0.604024 0.796966 -0.872132 0.489270 -0.648540 -1.059543 0.796966 -0.604024 0.489270 -0.872132 39.138612 15655.444768 0.171358 67.770295 200.000000 67.770295 22.224758 8889.903239 -0.132592 6.795502 200.000000 6.795502 12.634514 5053.805720 0.133820 47.468863 200.000000 47.468863 18.112276 7244.910489 -0.446547 -13.796676 200.000000 -13.796676
 5.600000 -0.846496 0.532394 -0.999853 0.017120 -1.009370 -1.553676 0.532394 -0.846496 0.017120 -0.999853 18.497748 7399.099288 0.102304 74.659840 200.000000 74.659840 49.400506 19760.202260 -0.143641 5.459586 200.000000 5.459586 0.198189 79.275407 0.061638 50.357621 200.000000 50.357621 26.635334 10654.133638 -0.483759 -17.329171 200.000000 -17.329171
 5.800000 -0.988633 0.150350 -0.998912 0.046633 -1.419874 -1.524146 0.150350 -0.988633 0.046633 -0.998912 1.371230 548.491813 0.033251 77.073623 200.000000 77.073623 69.545922 27818.368649 -0.154691 3.658589 200.000000 3.658589 0.326917 130.766711 -0.010543 51.807364 200.000000 51.807364 22.842732 9137.092917 -0.520971 -20.949674 200.000000 -20.949674
 6.000000 -0.894196 -0.447677 -0.986356 -0.164625 -2.034962 -1.736174 -0.447677 -0.894196 -0.164625 -0.986356 16.964008 6785.603345 -0.035803 76.908908 200.000000 76.908908 53.064732 21225.892904 -0.165740 1.874771 200.000000 1.874771 0.670757 268.302657 -0.082725 51.666086 200.000000 51.666086 18.333180 7333.272191 -0.558184 -24.347835 200.000000 -24.347835
 6.200000 -0.841627 -0.540059 -0.973150 -0.230174 -2.141303 -1.803052 -0.540059 -0.841627 -0.230174 -0.973150 18.940139 7576.055683 -0.104856 70.269524 200.000000 70.269524 44.200925 17680.370016 -0.176789 0.419488 200.000000 0.419488 0.566509 226.603577 -0.154907 49.878479 200.000000 49.878479 14.269788 5707.915107 -0.595396 -27.267776 200.000000 -27.267776
 6.400000 -0.694868 -0.719137 -0.923904 -0.382624 -2.373356 -1.963432 -0.719137 -0.694868 -0.382624 -0.923904 29.727271 11890.908595 -0.173910 63.815009 200.000000 63.815009 25.707902 10283.160909 -0.187839 -0.925166 200.000000 -0.925166 2.419141 967.656452 -0.227089 48.365439 200.000000 48.365439 8.485330 3394.131838 -0.632608 -29.765067 200.000000 -29.765067
 6.600000 -0.655949 -0.754805 -0.884902 -0.465778 -2.426154 -2.055309 -0.754805 -0.655949 -0.465778 -0.884902 26.198250 10479.299998 -0.242963 56.257202 200.000000 56.257202 20.890436 8356.174496 -0.198888 -1.937415 200.000000 -1.937415 2.772471 1108.988397 -0.299270 46.803745 200.000000 46.803745 4.626005 1850.402013 -0.669820 -31.801254 200.000000 -31.801254
 6.800000 -0.515961 -0.856612 -0.845993 -0.533194 -2.599464 -2.133168 -0.856612 -0.515961 -0.533194 -0.845993 29.658437 11863.374926 -0.312017 48.693545 200.000000 48.693545 9.365015 3746.006063 -0.209938 -2.726392 200.000000 -2.726392 2.616051 1046.420257 -0.371452 44.815765 200.000000 44.815765 1.931001 772.400262 -0.707033 -33.210125 200.000000 -33.210125
 7.000000 -0.402645 -0.915356 -0.821464 -0.570261 -2.727188 -2.177619 -0.915356 -0.402645 -0.570261 -0.821464 28.546171 11418.468258 -0.381070 42.131193 200.000000 42.131193 3.299956 1319.982408 -0.220987 -3.486382 200.000000 -3.486382 1.603439 641.375525 -0.443634 43.628469 200.000000 43.628469 0.596279 238.511540 -0.744245 -34.283880 200.000000 -34.283880
 7.200000 -0.526353 -0.850266 -0.832115 -0.554603 -2.587287 -2.158682 -0.850266 -0.526353 -0.554603 -0.832115 16.011394 6404.557431 -0.450124 35.916955 200.000000 35.916955 8.662242 3464.896814 -0.232036 -4.075155 200.000000 -4.075155 0.150446 60.178410 -0.515815 42.294087 200.000000 42.294087 0.256626 102.650533 -0.781457 -34.700579 200.000000 -34.700579
 7.400000 -0.387867 -0.921716 -0.773465 -0.633839 -2.743277 -2.257303 -0.921716 -0.387867 -0.633839 -0.773465 16.203712 6481.484757 -0.519177 30.301480 200.000000 30.301480 2.096153 838.461032 -0.243086 -4.534477 200.000000 -4.534477 0.289252 115.700965 -0.580057 41.817251 200.000000 41.817251 0.169012 67.604654 -0.814576 -34.766857 200.000000 -34.766857
 7.600000 -0.405803 -0.913961 -0.789339 -0.613957 -2.723736 -2.231861 -0.913961 -0.405803 -0.613957 -0.789339 10.610003 4244.001262 -0.588231 25.437042 200.000000 25.437042 2.300311 920.124455 -0.254135 -4.914032 200.000000 -4.914032 0.114923 45.969265 -0.580057 41.817251 200.000000 41.817251 0.063689 25.475556 -0.814576 -34.766857 200.000000 -34.766857
 7.800000 -0.444469 -0.895794 -0.813720 -0.581257 -2.681011 -2.191069 -0.895794 -0.444469 -0.581257 -0.813720 5.688701 2275.480266 -0.657284 21.475543 200.000000 21.475543 3.214305 1285.721858 -0.265184 -5.244330 200.000000 -5.244330 0.000144 0.057621 -0.580057 41.817251 200.000000 41.817251 0.000073 0.029310 -0.814576 -34.766857 200.000000 -34.766857
 8.000000 -0.403768 -0.914861 -0.842811 -0.538210 -2.725961 -2.139108 -0.914861 -0.403768 -0.538210 -0.842811 3.554115 1421.646033 -0.726338 18.288095 200.000000 18.288095 1.626506 650.602516 -0.276234 -5.488406 200.000000 -5.488406 0.175118 70.047065 -0.580057 41.817251 200.000000 41.817251 0.079721 31.888421 -0.814576 -34.766857 200.000000 -34.766857
 8.200000 -0.443656 -0.896197 -0.790963 -0.611864 -2.681919 -2.229211 -0.896197 -0.443656 -0.611864 -0.790963 1.016183 406.473191 -0.795391 16.022225 200.000000 16.022225 2.445254 978.101767 -0.287283 -5.681421 200.000000 -5.681421 0.101166 40.466546 -0.580057 41.817251 200.000000 41.817251 0.055756 22.302258 -0.814576 -34.766857 200.000000 -34.766857
 8.400000 -0.432712 -0.901532 -0.798657 -0.601787 -2.694094 -2.216533 -0.901532 -0.432712 -0.601787 -0.798657 0.137548 55.019034 -0.864445 14.576777 200.000000 14.576777 1.805793 722.317378 -0.298332 -5.803561 200.000000 -5.803561 0.047220 18.888108 -0.580057 41.817251 200.000000 41.817251 0.025343 10.137127 -0.814576 -34.766857 200.000000 -34.766857
 8.600000 -0.392865 -0.919596 -0.776300 -0.630363 -2.737848 -2.252817 -0.919596 -0.392865 -0.630363 -0.776300 0.019326 7.730524 -0.933498 13.975012 200.000000 13.975012 0.696940 278.775836 -0.309382 -5.856815 200.000000 -5.856815 0.253071 101.228576 -0.580057 41.817251 200.000000 41.817251 0.146502 58.600655 -0.814576 -34.766857 200.000000 -34.766857
 8.800000 -0.295039 -0.955485 -0.765988 -0.642855 -2.842096 -2.269016 -0.955485 -0.295039 -0.642855 -0.765988 0.002931 1.172495 -0.950071 14.073122 200.000000 14.073122 0.028881 11.552436 -0.312033 -5.908081 200.000000 -5.908081 0.394362 157.744803 -0.580057 41.817251 200.000000 41.817251 0.236081 94.432505 -0.814576 -34.766857 200.000000 -34.766857
 9.000000 -0.241582 -0.970380 -0.783932 -0.620847 -2.897596 -2.240619 -0.970380 -0.241582 -0.620847 -0.783932 0.041246 16.498551 -0.950071 14.073122 200.000000 14.073122 0.496336 198.534285 -0.312033 -5.908081 200.000000 -5.908081 0.166380 66.551998 -0.580057 41.817251 200.000000 41.817251 0.093905 37.561913 -0.814576 -34.766857 200.000000 -34.766857
 9.200000 -0.386989 -0.922084 -0.798042 -0.602601 -2.744228 -2.217553 -0.922084 -0.386989 -0.602601 -0.798042 0.078327 31.330737 -0.950071 14.073122 200.000000 14.073122 0.561839 224.735501 -0.312033 -5.908081 200.000000 -5.908081 0.050825 20.329850 -0.580057 41.817251 200.000000 41.817251 0.027336 10.934260 -0.814576 -34.766857 200.000000 -34.766857
 9.400000 -0.276800 -0.960927 -0.817255 -0.576276 -2.861130 -2.184961 -0.960927 -0.276800 -0.576276 -0.817255 0.011786 4.714395 -0.950071 14.073122 200.000000 14.073122 0.124137 49.654792 -0.312033 -5.908081 200.000000 -5.908081 0.001429 0.571763 -0.580057 41.817251 200.000000 41.817251 0.000718 0.287099 -0.814576 -34.766857 200.000000 -34.766857
 9.600000 -0.333568 -0.942726 -0.810268 -0.586059 -2.801507 -2.196983 -0.942726 -0.333568 -0.586059 -0.810268 0.005395 2.157985 -0.950071 14.073122 200.000000 14.073122 0.046373 18.549312 -0.312033 -5.908081 200.000000 -5.908081 0.003603 1.441025 -0.580057 41.817251 200.000000 41.817251 0.001856 0.742218 -0.814576 -34.766857 200.000000 -34.766857
 9.800000 -0.365109 -0.930965 -0.853631 -0.520877 -2.767843 -2.118675 -0.930965 -0.365109 -0.520877 -0.853631 0.036504 14.601790 -0.950071 14.073122 200.000000 14.073122 0.281696 112.678465 -0.312033 -5.908081 200.000000 -5.908081 0.350221 140.088560 -0.580057 41.817251 200.000000 41.817251 0.152534 61.013421 -0.814576 -34.766857 200.000000 -34.766857
 10.000000 -0.302471 -0.953159 -0.748405 -0.663243 -2.834309 -2.295939 -0.953159 -0.302471 -0.663243 -0.748405 0.000953 0.381304 -0.950071 14.073122 200.000000 14.073122 0.009144 3.657668 -0.312033 -5.908081 200.000000 -5.908081 0.691985 276.793871 -0.580057 41.817251 200.000000 41.817251 0.437866 175.146244 -0.814576 -34.766857 200.000000 -34.766857
 10.200000 -0.321458 -0.946924 -0.843884 -0.536526 -2.814324 -2.137112 -0.946924 -0.321458 -0.536526 -0.843884 0.000991 0.396227 -0.950071 14.073122 200.000000 14.073122 0.008882 3.552995 -0.312033 -5.908081 200.000000 -5.908081 0.189492 75.796619 -0.580057 41.817251 200.000000 41.817251 0.085894 34.357554 -0.814576 -34.766857 200.000000 -34.766857
 10.400000 -0.310753 -0.950491 -0.803377 -0.595470 -2.825607 -2.208647 -0.950491 -0.310753 -0.595470 -0.803377 0.000018 0.007038 -0.950071 14.073122 200.000000 14.073122 0.000164 0.065546 -0.312033 -5.908081 200.000000 -5.908081 0.023757 9.502833 -0.580057 41.817251 200.000000 41.817251 0.012541 5.016334 -0.814576 -34.766857 200.000000 -34.766857
 10.600000 -0.312568 -0.949895 -0.815376 -0.578932 -2.823697 -2.188215 -0.949895 -0.312568 -0.578932 -0.815376 0.000003 0.001236 -0.950071 14.073122 200.000000 14.073122 0.000029 0.011435 -0.312033 -5.908081 200.000000 -5.908081 0.000126 0.050589 -0.580057 41.817251 200.000000 41.817251 0.000064 0.025578 -0.814576 -34.766857 200.000000 -34.766857
 10.800000 -0.244304 -0.969699 -0.812577 -0.582854 -2.894791 -2.193033 -0.969699 -0.244304 -0.582854 -0.812577 0.038524 15.409769 -0.950071 14.073122 200.000000 14.073122 0.458731 183.492490 -0.312033 -5.908081 200.000000 -5.908081 0.000782 0.312904 -0.580057 41.817251 200.000000 41.817251 0.000400 0.159826 -0.814576 -34.766857 200.000000 -34.766857
 11.000000 -0.265178 -0.964200 -0.806388 -0.591387 -2.873204 -2.203575 -0.964200 -0.265178 -0.591387 -0.806388 0.019961 7.984457 -0.950071 14.073122 200.000000 14.073122 0.219544 87.817759 -0.312033 -5.908081 200.000000 -5.908081 0.012838 5.135223 -0.580057 41.817251 200.000000 41.817251 0.006705 2.681984 -0.814576 -34.766857 200.000000 -34.766857
 11.200000 -0.271033 -0.962570 -0.778241 -0.627966 -2.867127 -2.249734 -0.962570 -0.271033 -0.627966 -0.778241 0.015622 6.248958 -0.950071 14.073122 200.000000 14.073122 0.168104 67.241690 -0.312033 -5.908081 200.000000 -5.908081 0.229531 91.812392 -0.580057 41.817251 200.000000 41.817251 0.132026 52.810512 -0.814576 -34.766857 200.000000 -34.766857
 11.400000 -0.298006 -0.954564 -0.834159 -0.551524 -2.838990 -2.154987 -0.954564 -0.298006 -0.551524 -0.834159 0.002019 0.807430 -0.950071 14.073122 200.000000 14.073122 0.019677 7.870683 -0.312033 -5.908081 200.000000 -5.908081 0.081411 32.564405 -0.580057 41.817251 200.000000 41.817251 0.038349 15.339563 -0.814576 -34.766857 200.000000 -34.766857
 11.600000 -0.409388 -0.912360 -0.736276 -0.676682 -2.719810 -2.314042 -0.912360 -0.409388 -0.676682 -0.736276 0.142209 56.883728 -0.950071 14.073122 200.000000 14.073122 0.947787 379.114886 -0.312033 -5.908081 200.000000 -5.908081 0.933632 373.452679 -0.580057 41.817251 200.000000 41.817251 0.613091 245.236317 -0.814576 -34.766857 200.000000 -34.766857
 11.800000 -0.378758 -0.925496 -0.804226 -0.594324 -2.753139 -2.207221 -0.925496 -0.378758 -0.594324 -0.804226 0.060394 24.157718 -0.950071 14.073122 200.000000 14.073122 0.445213 178.085077 -0.312033 -5.908081 200.000000 -5.908081 0.020354 8.141722 -0.580057 41.817251 200.000000 41.817251 0.010712 4.284959 -0.814576 -34.766857 200.000000 -34.766857
 12.000000 -0.456417 -0.889766 -0.761542 -0.648116 -2.667628 -2.275904 -0.889766 -0.456417 -0.648116 -0.761542 0.363673 145.469326 -0.950071 14.073122 200.000000 14.073122 2.084673 833.869109 -0.312033 -5.908081 200.000000 -5.908081 0.463198 185.279270 -0.580057 41.817251 200.000000 41.817251 0.281260 112.504043 -0.814576 -34.766857 200.000000 -34.766857
 12.200000 -0.314995 -0.949093 -0.800328 -0.599563 -2.821141 -2.213751 -0.949093 -0.314995 -0.599563 -0.800328 0.000096 0.038251 -0.950071 14.073122 200.000000 14.073122 0.000877 0.350905 -0.312033 -5.908081 200.000000 -5.908081 0.038048 15.219057 -0.580057 41.817251 200.000000 41.817251 0.020301 8.120419 -0.814576 -34.766857 200.000000 -34.766857
 12.400000 -0.327698 -0.944783 -0.770357 -0.637612 -2.807727 -2.262191 -0.944783 -0.327698 -0.637612 -0.770357 0.002797 1.118752 -0.950071 14.073122 200.000000 14.073122 0.024537 9.814992 -0.312033 -5.908081 200.000000 -5.908081 0.331262 132.504768 -0.580057 41.817251 200.000000 41.817251 0.195528 78.211046 -0.814576 -34.766857 200.000000 -34.766857
 12.600000 -0.348830 -0.937186 -0.795764 -0.605607 -2.785271 -2.221325 -0.937186 -0.348830 -0.605607 -0.795764 0.016602 6.640940 -0.950071 14.073122 200.000000 14.073122 0.135397 54.158746 -0.312033 -5.908081 200.000000 -5.908081 0.065280 26.111994 -0.580057 41.817251 200.000000 41.817251 0.035389 14.155591 -0.814576 -34.766857 200.000000 -34.766857
 12.800000 -0.371504 -0.928432 -0.820422 -0.571758 -2.760965 -2.179444 -0.928432 -0.371504 -0.571758 -0.820422 0.046827 18.730867 -0.950071 14.073122 200.000000 14.073122 0.353669 141.467751 -0.312033 -5.908081 200.000000 -5.908081 0.006887 2.754746 -0.580057 41.817251 200.000000 41.817251 0.003418 1.367139 -0.814576 -34.766857 200.000000 -34.766857
 13.000000 -0.407748 -0.913095 -0.856808 -0.515635 -2.721607 -2.112545 -0.913095 -0.407748 -0.515635 -0.856808 0.136726 54.690270 -0.950071 14.073122 200.000000 14.073122 0.916120 366.447928 -0.312033 -5.908081 200.000000 -5.908081 0.415015 166.006030 -0.580057 41.817251 200.000000 41.817251 0.178356 71.342514 -0.814576 -34.766857 200.000000 -34.766857
 13.200000 -0.376034 -0.926606 -0.797221 -0.603687 -2.756080 -2.218915 -0.926606 -0.376034 -0.603687 -0.797221 0.055062 22.024884 -0.950071 14.073122 200.000000 14.073122 0.409610 163.843932 -0.312033 -5.908081 200.000000 -5.908081 0.055840 22.335914 -0.580057 41.817251 200.000000 41.817251 0.030119 12.047551 -0.814576 -34.766857 200.000000 -34.766857
 13.400000 -0.313668 -0.949533 -0.841969 -0.539525 -2.822540 -2.140669 -0.949533 -0.313668 -0.539525 -0.841969 0.000029 0.011589 -0.950071 14.073122 200.000000 14.073122 0.000267 0.106821 -0.312033 -5.908081 200.000000 -5.908081 0.164282 65.712760 -0.580057 41.817251 200.000000 41.817251 0.075040 30.016146 -0.814576 -34.766857 200.000000 -34.766857
 13.600000 -0.324638 -0.945838 -0.879706 -0.475517 -2.810963 -2.066348 -0.945838 -0.324638 -0.475517 -0.879706 0.001792 0.716697 -0.950071 14.073122 200.000000 14.073122 0.015888 6.355353 -0.312033 -5.908081 200.000000 -5.908081 1.092852 437.140866 -0.580057 41.817251 200.000000 41.817251 0.424197 169.678742 -0.814576 -34.766857 200.000000 -34.766857
 13.800000 -0.323275 -0.946305 -0.748226 -0.663444 -2.812405 -2.296209 -0.946305 -0.323275 -0.663444 -0.748226 0.001418 0.567278 -0.950071 14.073122 200.000000 14.073122 0.012636 5.054476 -0.312033 -5.908081 200.000000 -5.908081 0.695349 278.139467 -0.580057 41.817251 200.000000 41.817251 0.440238 176.095211 -0.814576 -34.766857 200.000000 -34.766857
 14.000000 -0.332534 -0.943091 -0.774693 -0.632338 -2.802604 -2.255364 -0.943091 -0.332534 -0.632338 -0.774693 0.004872 1.948638 -0.950071 14.073122 200.000000 14.073122 0.042025 16.810125 -0.312033 -5.908081 200.000000 -5.908081 0.273332 109.332707 -0.580057 41.817251 200.000000 41.817251 0.159068 63.627341 -0.814576 -34.766857 200.000000 -34.766857
 14.200000 -0.355167 -0.934803 -0.780160 -0.625579 -2.778500 -2.246670 -0.934803 -0.355167 -0.625579 -0.780160 0.023312 9.324858 -0.950071 14.073122 200.000000 14.073122 0.186052 74.420734 -0.312033 -5.908081 200.000000 -5.908081 0.207230 82.891919 -0.580057 41.817251 200.000000 41.817251 0.118442 47.376939 -0.814576 -34.766857 200.000000 -34.766857
 14.400000 -0.403270 -0.915081 -0.789051 -0.614327 -2.726506 -2.232330 -0.915081 -0.403270 -0.614327 -0.789051 0.122429 48.971701 -0.950071 14.073122 200.000000 14.073122 0.832403 332.961250 -0.312033 -5.908081 200.000000 -5.908081 0.117447 46.978929 -0.580057 41.817251 200.000000 41.817251 0.065152 26.060611 -0.814576 -34.766857 200.000000 -34.766857
 14.600000 -0.298982 -0.954259 -0.800062 -0.599918 -2.837967 -2.214194 -0.954259 -0.298982 -0.599918 -0.800062 0.001754 0.701425 -0.950071 14.073122 200.000000 14.073122 0.017033 6.813353 -0.312033 -5.908081 200.000000 -5.908081 0.039445 15.777815 -0.580057 41.817251 200.000000 41.817251 0.021066 8.426396 -0.814576 -34.766857 200.000000 -34.766857
 14.800000 -0.280106 -0.959969 -0.824873 -0.565318 -2.857689 -2.171616 -0.959969 -0.280106 -0.565318 -0.824873 0.009797 3.918876 -0.950071 14.073122 200.000000 14.073122 0.101939 40.775493 -0.312033 -5.908081 200.000000 -5.908081 0.021722 8.688881 -0.580057 41.817251 200.000000 41.817251 0.010602 4.240957 -0.814576 -34.766857 200.000000 -34.766857
 15.000000 -0.274112 -0.961698 -0.752568 -0.658515 -2.863926 -2.289640 -0.961698 -0.274112 -0.658515 -0.752568 0.013518 5.407122 -0.950071 14.073122 200.000000 14.073122 0.143802 57.520925 -0.312033 -5.908081 200.000000 -5.908081 0.615563 246.225048 -0.580057 41.817251 200.000000 41.817251 0.384500 153.800156 -0.814576 -34.766857 200.000000 -34.766857
 15.200000 -0.306250 -0.951951 -0.851931 -0.523655 -2.830341 -2.121931 -0.951951 -0.306250 -0.523655 -0.851931 0.000353 0.141371 -0.950071 14.073122 200.000000 14.073122 0.003345 1.337875 -0.312033 -5.908081 200.000000 -5.908081 0.318122 127.248697 -0.580057 41.817251 200.000000 41.817251 0.139537 55.814936 -0.814576 -34.766857 200.000000 -34.766857
 15.400000 -0.321413 -0.946939 -0.824121 -0.566413 -2.814371 -2.172943 -0.946939 -0.321413 -0.566413 -0.824121 0.000981 0.392420 -0.950071 14.073122 200.000000 14.073122 0.008799 3.519411 -0.312033 -5.908081 200.000000 -5.908081 0.018615 7.445934 -0.580057 41.817251 200.000000 41.817251 0.009111 3.644578 -0.814576 -34.766857 200.000000 -34.766857
 15.600000 -0.373290 -0.927715 -0.780251 -0.625466 -2.759040 -2.246525 -0.927715 -0.373290 -0.625466 -0.780251 0.049981 19.992365 -0.950071 14.073122 200.000000 14.073122 0.375237 150.094615 -0.312033 -5.908081 200.000000 -5.908081 0.206199 82.479734 -0.580057 41.817251 200.000000 41.817251 0.117818 47.127123 -0.814576 -34.766857 200.000000 -34.766857
 15.800000 -0.376151 -0.926559 -0.786655 -0.617393 -2.755954 -2.236221 -0.926559 -0.376151 -0.617393 -0.786655 0.055284 22.113630 -0.950071 14.073122 200.000000 14.073122 0.411101 164.440213 -0.312033 -5.908081 200.000000 -5.908081 0.139400 55.760030 -0.580057 41.817251 200.000000 41.817251 0.077960 31.183876 -0.814576 -34.766857 200.000000 -34.766857
 16.000000 -0.293378 -0.955997 -0.801963 -0.597373 -2.843834 -2.211018 -0.955997 -0.293378 -0.597373 -0.801963 0.003511 1.404441 -0.950071 14.073122 200.000000 14.073122 0.034803 13.921282 -0.312033 -5.908081 200.000000 -5.908081 0.029986 11.994286 -0.580057 41.817251 200.000000 41.817251 0.015908 6.363151 -0.814576 -34.766857 200.000000 -34.766857
 16.200000 -0.328750 -0.944417 -0.777126 -0.629345 -2.806613 -2.251507 -0.944417 -0.328750 -0.629345 -0.777126 0.003197 1.278820 -0.950071 14.073122 200.000000 14.073122 0.027945 11.178151 -0.312033 -5.908081 200.000000 -5.908081 0.242933 97.173010 -0.580057 41.817251 200.000000 41.817251 0.140250 56.100089 -0.814576 -34.766857 200.000000 -34.766857
 16.400000 -0.365495 -0.930813 -0.802553 -0.596581 -2.767428 -2.210030 -0.930813 -0.365495 -0.596581 -0.802553 0.037087 14.834818 -0.950071 14.073122 200.000000 14.073122 0.285819 114.327494 -0.312033 -5.908081 200.000000 -5.908081 0.027304 10.921732 -0.580057 41.817251 200.000000 41.817251 0.014455 5.782130 -0.814576 -34.766857 200.000000 -34.766857
 16.600000 -0.386243 -0.922397 -0.763495 -0.645814 -2.745038 -2.272885 -0.922397 -0.386243 -0.645814 -0.763495 0.076586 30.634210 -0.950071 14.073122 200.000000 14.073122 0.550707 220.282839 -0.312033 -5.908081 200.000000 -5.908081 0.432399 172.959709 -0.580057 41.817251 200.000000 41.817251 0.260928 104.371392 -0.814576 -34.766857 200.000000 -34.766857
 16.800000 -0.453670 -0.891170 -0.779809 -0.626018 -2.670713 -2.247232 -0.891170 -0.453670 -0.626018 -0.779809 0.346937 138.774887 -0.950071 14.073122 200.000000 14.073122 2.006092 802.436836 -0.312033 -5.908081 200.000000 -5.908081 0.211240 84.496063 -0.580057 41.817251 200.000000 41.817251 0.120876 48.350239 -0.814576 -34.766857 200.000000 -34.766857
 17.000000 -0.304944 -0.952370 -0.767287 -0.641303 -2.831713 -2.266992 -0.952370 -0.304944 -0.641303 -0.767287 0.000529 0.211456 -0.950071 14.073122 200.000000 14.073122 0.005026 2.010502 -0.312033 -5.908081 200.000000 -5.908081 0.375114 150.045655 -0.580057 41.817251 200.000000 41.817251 0.223621 89.448525 -0.814576 -34.766857 200.000000 -34.766857
 17.200000 -0.262157 -0.965025 -0.757328 -0.653035 -2.876336 -2.282381 -0.965025 -0.262157 -0.653035 -0.757328 0.022363 8.945095 -0.950071 14.073122 200.000000 14.073122 0.248768 99.507231 -0.312033 -5.908081 200.000000 -5.908081 0.532575 213.029928 -0.580057 41.817251 200.000000 41.817251 0.327732 131.092916 -0.814576 -34.766857 200.000000 -34.766857
 17.400000 -0.285515 -0.958374 -0.812102 -0.583516 -2.852049 -2.193848 -0.958374 -0.285515 -0.583516 -0.812102 0.006894 2.757602 -0.950071 14.073122 200.000000 14.073122 0.070321 28.128353 -0.312033 -5.908081 200.000000 -5.908081 0.001196 0.478586 -0.580057 41.817251 200.000000 41.817251 0.000612 0.244875 -0.814576 -34.766857 200.000000 -34.766857
 17.600000 -0.399896 -0.916561 -0.793189 -0.608975 -2.730189 -2.225564 -0.916561 -0.399896 -0.608975 -0.793189 0.112296 44.918281 -0.950071 14.073122 200.000000 14.073122 0.771981 308.792403 -0.312033 -5.908081 200.000000 -5.908081 0.083626 33.450561 -0.580057 41.817251 200.000000 41.817251 0.045739 18.295541 -0.814576 -34.766857 200.000000 -34.766857
 17.800000 -0.349652 -0.936880 -0.803003 -0.595975 -2.784393 -2.209276 -0.936880 -0.349652 -0.595975 -0.803003 0.017401 6.960579 -0.950071 14.073122 200.000000 14.073122 0.141515 56.606124 -0.312033 -5.908081 200.000000 -5.908081 0.025339 10.135628 -0.580057 41.817251 200.000000 41.817251 0.013394 5.357449 -0.814576 -34.766857 200.000000 -34.766857
 18.000000 -0.293183 -0.956056 -0.846850 -0.531831 -2.844038 -2.131558 -0.956056 -0.293183 -0.531831 -0.846850 0.003582 1.432885 -0.950071 14.073122 200.000000 14.073122 0.035533 14.213247 -0.312033 -5.908081 200.000000 -5.908081 0.232573 93.029374 -0.580057 41.817251 200.000000 41.817251 0.104165 41.665818 -0.814576 -34.766857 200.000000 -34.766857
 18.200000 -0.373049 -0.927812 -0.763477 -0.645835 -2.759300 -2.272913 -0.927812 -0.373049 -0.645835 -0.763477 0.049548 19.819014 -0.950071 14.073122 200.000000 14.073122 0.372284 148.913489 -0.312033 -5.908081 200.000000 -5.908081 0.432678 173.071046 -0.580057 41.817251 200.000000 41.817251 0.261111 104.444552 -0.814576 -34.766857 200.000000 -34.766857
 18.400000 -0.277346 -0.960770 -0.794172 -0.607693 -2.860562 -2.223949 -0.960770 -0.277346 -0.607693 -0.794172 0.011447 4.578825 -0.950071 14.073122 200.000000 14.073122 0.120324 48.129775 -0.312033 -5.908081 200.000000 -5.908081 0.076376 30.550337 -0.580057 41.817251 200.000000 41.817251 0.041632 16.652908 -0.814576 -34.766857 200.000000 -34.766857
 18.600000 -0.355556 -0.934655 -0.848811 -0.528696 -2.778083 -2.127860 -0.934655 -0.355556 -0.528696 -0.848811 0.023766 9.506468 -0.950071 14.073122 200.000000 14.073122 0.189425 75.769810 -0.312033 -5.908081 200.000000 -5.908081 0.263792 105.516969 -0.580057 41.817251 200.000000 41.817251 0.117205 46.881915 -0.814576 -34.766857 200.000000 -34.766857
 18.800000 -0.371184 -0.928559 -0.821824 -0.569741 -2.761309 -2.176987 -0.928559 -0.371184 -0.569741 -0.821824 0.046276 18.510417 -0.950071 14.073122 200.000000 14.073122 0.349881 139.952516 -0.312033 -5.908081 200.000000 -5.908081 0.010642 4.256628 -0.580057 41.817251 200.000000 41.817251 0.005254 2.101502 -0.814576 -34.766857 200.000000 -34.766857
 19.000000 -0.351980 -0.936008 -0.796980 -0.604006 -2.781907 -2.219314 -0.936008 -0.351980 -0.604006 -0.796980 0.019779 7.911412 -0.950071 14.073122 200.000000 14.073122 0.159573 63.829251 -0.312033 -5.908081 200.000000 -5.908081 0.057356 22.942411 -0.580057 41.817251 200.000000 41.817251 0.030963 12.385056 -0.814576 -34.766857 200.000000 -34.766857
 19.200000 -0.286750 -0.958005 -0.795133 -0.606435 -2.850760 -2.222366 -0.958005 -0.286750 -0.606435 -0.795133 0.006295 2.518099 -0.950071 14.073122 200.000000 14.073122 0.063924 25.569627 -0.312033 -5.908081 200.000000 -5.908081 0.069583 27.833015 -0.580057 41.817251 200.000000 41.817251 0.037804 15.121523 -0.814576 -34.766857 200.000000 -34.766857
 19.400000 -0.282796 -0.959180 -0.798930 -0.601424 -2.854885 -2.216078 -0.959180 -0.282796 -0.601424 -0.798930 0.008297 3.318879 -0.950071 14.073122 200.000000 14.073122 0.085482 34.192617 -0.312033 -5.908081 200.000000 -5.908081 0.045654 18.261450 -0.580057 41.817251 200.000000 41.817251 0.024479 9.791452 -0.814576 -34.766857 200.000000 -34.766857
 19.600000 -0.378812 -0.925474 -0.797923 -0.602759 -2.753080 -2.217751 -0.925474 -0.378812 -0.602759 -0.797923 0.060503 24.201398 -0.950071 14.073122 200.000000 14.073122 0.445937 178.374828 -0.312033 -5.908081 200.000000 -5.908081 0.051539 20.615501 -0.580057 41.817251 200.000000 41.817251 0.027731 11.092495 -0.814576 -34.766857 200.000000 -34.766857
 19.800000 -0.266933 -0.963715 -0.838484 -0.544926 -2.871383 -2.147097 -0.963715 -0.266933 -0.544926 -0.838484 0.018616 7.446211 -0.950071 14.073122 200.000000 14.073122 0.203402 81.360723 -0.312033 -5.908081 200.000000 -5.908081 0.123417 49.366970 -0.580057 41.817251 200.000000 41.817251 0.057160 22.863944 -0.814576 -34.766857 200.000000 -34.766857
 20.000000 -0.360073 -0.932924 -0.820732 -0.571314 -2.773247 -2.178902 -0.932924 -0.360073 -0.571314 -0.820732 0.029402 11.760666 -0.950071 14.073122 200.000000 14.073122 0.230778 92.311227 -0.312033 -5.908081 200.000000 -5.908081 0.007644 3.057672 -0.580057 41.817251 200.000000 41.817251 0.003789 1.515732 -0.814576 -34.766857 200.000000 -34.766857
 20.200000 -0.390456 -0.920621 -0.891211 -0.453588 -2.740466 -2.041584 -0.920621 -0.390456 -0.453588 -0.891211 0.086728 34.691232 -0.950071 14.073122 200.000000 14.073122 0.615014 246.005419 -0.312033 -5.908081 200.000000 -5.908081 1.599428 639.771164 -0.580057 41.817251 200.000000 41.817251 0.587297 234.918941 -0.814576 -34.766857 200.000000 -34.766857
 20.400000 -0.385584 -0.922673 -0.832612 -0.553857 -2.745752 -2.157785 -0.922673 -0.385584 -0.553857 -0.832612 0.075067 30.026808 -0.950071 14.073122 200.000000 14.073122 0.540968 216.387085 -0.312033 -5.908081 200.000000 -5.908081 0.068645 27.458155 -0.580057 41.817251 200.000000 41.817251 0.032530 13.012025 -0.814576 -34.766857 200.000000 -34.766857
 20.600000 -0.333226 -0.942847 -0.784824 -0.619718 -2.801870 -2.239180 -0.942847 -0.333226 -0.619718 -0.784824 0.005219 2.087481 -0.950071 14.073122 200.000000 14.073122 0.044912 17.964606 -0.312033 -5.908081 200.000000 -5.908081 0.157302 62.920952 -0.580057 41.817251 200.000000 41.817251 0.088516 35.406311 -0.814576 -34.766857 200.000000 -34.766857
 20.800000 -0.247479 -0.968893 -0.812199 -0.583381 -2.891515 -2.193682 -0.968893 -0.247479 -0.583381 -0.812199 0.035427 14.170821 -0.950071 14.073122 200.000000 14.073122 0.416724 166.689761 -0.312033 -5.908081 200.000000 -5.908081 0.001105 0.442008 -0.580057 41.817251 200.000000 41.817251 0.000565 0.226080 -0.814576 -34.766857 200.000000 -34.766857
 21.000000 -0.391535 -0.920163 -0.807457 -0.589926 -2.739294 -2.201764 -0.920163 -0.391535 -0.589926 -0.807457 0.089447 35.778920 -0.950071 14.073122 200.000000 14.073122 0.632044 252.817491 -0.312033 -5.908081 200.000000 -5.908081 0.009740 3.896008 -0.580057 41.817251 200.000000 41.817251 0.005068 2.027027 -0.814576 -34.766857 200.000000 -34.766857
 21.200000 -0.379637 -0.925135 -0.795566 -0.605867 -2.752188 -2.221652 -0.925135 -0.379637 -0.605867 -0.795566 0.062179 24.871744 -0.950071 14.073122 200.000000 14.073122 0.457031 182.812276 -0.312033 -5.908081 200.000000 -5.908081 0.066616 26.646465 -0.580057 41.817251 200.000000 41.817251 0.036138 14.455229 -0.814576 -34.766857 200.000000 -34.766857
 21.400000 -0.278813 -0.960346 -0.764575 -0.644535 -2.859035 -2.271212 -0.960346 -0.278813 -0.644535 -0.764575 0.010556 4.222551 -0.950071 14.073122 200.000000 14.073122 0.110363 44.145095 -0.312033 -5.908081 200.000000 -5.908081 0.415746 166.298214 -0.580057 41.817251 200.000000 41.817251 0.250014 100.005401 -0.814576 -34.766857 200.000000 -34.766857
 21.600000 -0.356325 -0.934362 -0.746845 -0.664998 -2.777261 -2.298288 -0.934362 -0.356325 -0.664998 -0.746845 0.024677 9.870789 -0.950071 14.073122 200.000000 14.073122 0.196171 78.468433 -0.312033 -5.908081 200.000000 -5.908081 0.721503 288.601150 -0.580057 41.817251 200.000000 41.817251 0.458749 183.499660 -0.814576 -34.766857 200.000000 -34.766857
 21.800000 -0.275281 -0.961364 -0.781016 -0.624511 -2.862711 -2.245301 -0.961364 -0.275281 -0.624511 -0.781016 0.012752 5.100983 -0.950071 14.073122 200.000000 14.073122 0.135074 54.029563 -0.312033 -5.908081 200.000000 -5.908081 0.197613 79.045368 -0.580057 41.817251 200.000000 41.817251 0.112625 45.050012 -0.814576 -34.766857 200.000000 -34.766857
 22.000000 -0.276270 -0.961080 -0.767780 -0.640714 -2.861682 -2.266224 -0.961080 -0.276270 -0.640714 -0.767780 0.012120 4.847909 -0.950071 14.073122 200.000000 14.073122 0.127903 51.161344 -0.312033 -5.908081 200.000000 -5.908081 0.367930 147.171912 -0.580057 41.817251 200.000000 41.817251 0.218990 87.596197 -0.814576 -34.766857 200.000000 -34.766857
 22.200000 -0.282477 -0.959274 -0.796559 -0.604560 -2.855217 -2.220010 -0.959274 -0.282477 -0.604560 -0.796559 0.008469 3.387722 -0.950071 14.073122 200.000000 14.073122 0.087357 34.942764 -0.312033 -5.908081 200.000000 -5.908081 0.060041 24.016564 -0.580057 41.817251 200.000000 41.817251 0.032460 12.983831 -0.814576 -34.766857 200.000000 -34.766857
 22.400000 -0.349856 -0.936803 -0.824632 -0.565669 -2.784175 -2.172041 -0.936803 -0.349856 -0.565669 -0.824632 0.017603 7.041238 -0.950071 14.073122 200.000000 14.073122 0.143055 57.222129 -0.312033 -5.908081 200.000000 -5.908081 0.020701 8.280561 -0.580057 41.817251 200.000000 41.817251 0.010113 4.045320 -0.814576 -34.766857 200.000000 -34.766857
 22.600000 -0.300060 -0.953920 -0.825862 -0.563872 -2.836837 -2.169863 -0.953920 -0.300060 -0.563872 -0.825862 0.001482 0.592668 -0.950071 14.073122 200.000000 14.073122 0.014337 5.734644 -0.312033 -5.908081 200.000000 -5.908081 0.026194 10.477771 -0.580057 41.817251 200.000000 41.817251 0.012738 5.095039 -0.814576 -34.766857 200.000000 -34.766857
 22.800000 -0.358893 -0.933379 -0.798552 -0.601926 -2.774511 -2.216707 -0.933379 -0.358893 -0.601926 -0.798552 0.027863 11.145351 -0.950071 14.073122 200.000000 14.073122 0.219580 87.831916 -0.312033 -5.908081 200.000000 -5.908081 0.047826 19.130551 -0.580057 41.817251 200.000000 41.817251 0.025677 10.270994 -0.814576 -34.766857 200.000000 -34.766857
 23.000000 -0.437072 -0.899426 -0.785385 -0.619008 -2.689252 -2.238275 -0.899426 -0.437072 -0.619008 -0.785385 0.256489 102.595747 -0.950071 14.073122 200.000000 14.073122 1.563473 625.389361 -0.312033 -5.908081 200.000000 -5.908081 0.151715 60.686072 -0.580057 41.817251 200.000000 41.817251 0.085211 34.084372 -0.814576 -34.766857 200.000000 -34.766857
 23.200000 -0.358680 -0.933460 -0.844199 -0.536030 -2.774739 -2.136524 -0.933460 -0.358680 -0.536030 -0.844199 0.027591 11.036514 -0.950071 14.073122 200.000000 14.073122 0.217592 87.036900 -0.312033 -5.908081 200.000000 -5.908081 0.193835 77.534179 -0.580057 41.817251 200.000000 41.817251 0.087751 35.100596 -0.814576 -34.766857 200.000000 -34.766857
 23.400000 -0.404627 -0.914482 -0.773371 -0.633954 -2.725022 -2.257452 -0.914482 -0.404627 -0.633954 -0.773371 0.126659 50.663651 -0.950071 14.073122 200.000000 14.073122 0.857352 342.940968 -0.312033 -5.908081 200.000000 -5.908081 0.290493 116.197024 -0.580057 41.817251 200.000000 41.817251 0.169789 67.915461 -0.814576 -34.766857 200.000000 -34.766857
 23.600000 -0.356160 -0.934425 -0.827968 -0.560776 -2.777437 -2.166119 -0.934425 -0.356160 -0.560776 -0.827968 0.024480 9.792175 -0.950071 14.073122 200.000000 14.073122 0.194717 77.886981 -0.312033 -5.908081 200.000000 -5.908081 0.037175 14.870089 -0.580057 41.817251 200.000000 41.817251 0.017933 7.173382 -0.814576 -34.766857 200.000000 -34.766857
 23.800000 -0.395366 -0.918524 -0.800522 -0.599303 -2.735126 -2.213427 -0.918524 -0.395366 -0.599303 -0.800522 0.099524 39.809691 -0.950071 14.073122 200.000000 14.073122 0.694432 277.772733 -0.312033 -5.908081 200.000000 -5.908081 0.037042 14.816886 -0.580057 41.817251 200.000000 41.817251 0.019751 7.900455 -0.814576 -34.766857 200.000000 -34.766857
 24.000000 -0.347082 -0.937835 -0.813047 -0.582197 -2.787135 -2.192225 -0.937835 -0.347082 -0.582197 -0.813047 0.014973 5.989058 -0.950071 14.073122 200.000000 14.073122 0.122839 49.135619 -0.312033 -5.908081 200.000000 -5.908081 0.000458 0.183263 -0.580057 41.817251 200.000000 41.817251 0.000234 0.093448 -0.814576 -34.766857 200.000000 -34.766857
 24.200000 -0.365641 -0.930756 -0.789730 -0.613454 -2.767271 -2.231223 -0.930756 -0.365641 -0.613454 -0.789730 0.037307 14.922987 -0.950071 14.073122 200.000000 14.073122 0.287377 114.950622 -0.312033 -5.908081 200.000000 -5.908081 0.111537 44.614798 -0.580057 41.817251 200.000000 41.817251 0.061730 24.692050 -0.814576 -34.766857 200.000000 -34.766857
 24.400000 -0.386351 -0.922352 -0.754389 -0.656427 -2.744920 -2.286869 -0.922352 -0.386351 -0.656427 -0.754389 0.076836 30.734505 -0.950071 14.073122 200.000000 14.073122 0.552312 220.924957 -0.312033 -5.908081 200.000000 -5.908081 0.583242 233.296605 -0.580057 41.817251 200.000000 41.817251 0.362242 144.896787 -0.814576 -34.766857 200.000000 -34.766857
 24.600000 -0.317891 -0.948127 -0.823536 -0.567264 -2.818089 -2.173976 -0.948127 -0.317891 -0.567264 -0.823536 0.000378 0.151129 -0.950071 14.073122 200.000000 14.073122 0.003431 1.372316 -0.312033 -5.908081 200.000000 -5.908081 0.016366 6.546457 -0.580057 41.817251 200.000000 41.817251 0.008028 3.211359 -0.814576 -34.766857 200.000000 -34.766857
 24.800000 -0.307828 -0.951442 -0.827464 -0.561519 -2.828683 -2.167017 -0.951442 -0.307828 -0.561519 -0.827464 0.000188 0.075169 -0.950071 14.073122 200.000000 14.073122 0.001768 0.707376 -0.312033 -5.908081 200.000000 -5.908081 0.034366 13.746223 -0.580057 41.817251 200.000000 41.817251 0.016610 6.643938 -0.814576 -34.766857 200.000000 -34.766857
 25.000000 -0.323733 -0.946148 -0.855692 -0.517485 -2.811920 -2.114706 -0.946148 -0.323733 -0.517485 -0.855692 0.001539 0.615534 -0.950071 14.073122 200.000000 14.073122 0.013689 5.475625 -0.312033 -5.908081 200.000000 -5.908081 0.391524 156.609530 -0.580057 41.817251 200.000000 41.817251 0.169055 67.622002 -0.814576 -34.766857 200.000000 -34.766857
 25.200000 -0.319842 -0.947471 -0.798452 -0.602058 -2.816030 -2.216872 -0.947471 -0.319842 -0.602058 -0.798452 0.000676 0.270445 -0.950071 14.073122 200.000000 14.073122 0.006097 2.438931 -0.312033 -5.908081 200.000000 -5.908081 0.048405 19.361893 -0.580057 41.817251 200.000000 41.817251 0.025997 10.398800 -0.814576 -34.766857 200.000000 -34.766857
 25.400000 -0.346169 -0.938172 -0.822303 -0.569050 -2.788108 -2.176147 -0.938172 -0.346169 -0.569050 -0.822303 0.014159 5.663480 -0.950071 14.073122 200.000000 14.073122 0.116525 46.610091 -0.312033 -5.908081 200.000000 -5.908081 0.012115 4.845809 -0.580057 41.817251 200.000000 41.817251 0.005970 2.388111 -0.814576 -34.766857 200.000000 -34.766857
 25.600000 -0.230672 -0.973032 -0.791799 -0.610782 -2.908825 -2.227844 -0.973032 -0.230672 -0.610782 -0.791799 0.052719 21.087488 -0.950071 14.073122 200.000000 14.073122 0.661976 264.790398 -0.312033 -5.908081 200.000000 -5.908081 0.094404 37.761690 -0.580057 41.817251 200.000000 41.817251 0.051880 20.752190 -0.814576 -34.766857 200.000000 -34.766857
 25.800000 -0.318947 -0.947773 -0.819729 -0.572751 -2.816975 -2.180654 -0.947773 -0.318947 -0.572751 -0.819729 0.000528 0.211308 -0.950071 14.073122 200.000000 14.073122 0.004779 1.911642 -0.312033 -5.908081 200.000000 -5.908081 0.005338 2.135046 -0.580057 41.817251 200.000000 41.817251 0.002656 1.062318 -0.814576 -34.766857 200.000000 -34.766857
 26.000000 -0.342283 -0.939597 -0.816258 -0.577687 -2.792247 -2.186689 -0.939597 -0.342283 -0.577687 -0.816258 0.010971 4.388513 -0.950071 14.073122 200.000000 14.073122 0.091507 36.602610 -0.312033 -5.908081 200.000000 -5.908081 0.000562 0.224631 -0.580057 41.817251 200.000000 41.817251 0.000283 0.113208 -0.814576 -34.766857 200.000000 -34.766857
 26.200000 -0.350192 -0.936678 -0.805050 -0.593207 -2.783816 -2.205832 -0.936678 -0.350192 -0.593207 -0.805050 0.017938 7.175209 -0.950071 14.073122 200.000000 14.073122 0.145610 58.243932 -0.312033 -5.908081 200.000000 -5.908081 0.017291 6.916522 -0.580057 41.817251 200.000000 41.817251 0.009074 3.629520 -0.814576 -34.766857 200.000000 -34.766857
 26.400000 -0.339385 -0.940648 -0.747914 -0.663796 -2.795330 -2.296679 -0.940648 -0.339385 -0.663796 -0.747914 0.008880 3.552134 -0.950071 14.073122 200.000000 14.073122 0.074811 29.924241 -0.312033 -5.908081 200.000000 -5.908081 0.701218 280.487347 -0.580057 41.817251 200.000000 41.817251 0.444382 177.752891 -0.814576 -34.766857 200.000000 -34.766857
 26.600000 -0.273467 -0.961881 -0.776133 -0.630569 -2.864597 -2.253083 -0.961881 -0.273467 -0.630569 -0.776133 0.013948 5.579213 -0.950071 14.073122 200.000000 14.073122 0.148735 59.493868 -0.312033 -5.908081 200.000000 -5.908081 0.255149 102.059564 -0.580057 41.817251 200.000000 41.817251 0.147786 59.114264 -0.814576 -34.766857 200.000000 -34.766857
 26.800000 -0.364042 -0.931382 -0.730877 -0.682509 -2.768989 -2.321986 -0.931382 -0.364042 -0.682509 -0.730877 0.034926 13.970597 -0.950071 14.073122 200.000000 14.073122 0.270490 108.196078 -0.312033 -5.908081 200.000000 -5.908081 1.049639 419.855780 -0.580057 41.817251 200.000000 41.817251 0.700546 280.218211 -0.814576 -34.766857 200.000000 -34.766857
 27.000000 -0.335717 -0.941963 -0.836302 -0.548270 -2.799227 -2.151090 -0.941963 -0.335717 -0.548270 -0.836302 0.006574 2.629679 -0.950071 14.073122 200.000000 14.073122 0.056090 22.436004 -0.312033 -5.908081 200.000000 -5.908081 0.101042 40.416785 -0.580057 41.817251 200.000000 41.817251 0.047200 18.879993 -0.814576 -34.766857 200.000000 -34.766857
 27.200000 -0.328169 -0.944619 -0.831761 -0.555134 -2.807228 -2.159321 -0.944619 -0.328169 -0.555134 -0.831761 0.002973 1.189015 -0.950071 14.073122 200.000000 14.073122 0.026036 10.414277 -0.312033 -5.908081 200.000000 -5.908081 0.062115 24.845861 -0.580057 41.817251 200.000000 41.817251 0.029532 11.812846 -0.814576 -34.766857 200.000000 -34.766857
 27.400000 -0.318687 -0.947860 -0.807277 -0.590173 -2.817249 -2.202069 -0.947860 -0.318687 -0.590173 -0.807277 0.000489 0.195535 -0.950071 14.073122 200.000000 14.073122 0.004426 1.770566 -0.312033 -5.908081 200.000000 -5.908081 0.010233 4.093040 -0.580057 41.817251 200.000000 41.817251 0.005327 2.130910 -0.814576 -34.766857 200.000000 -34.766857
 27.600000 -0.352771 -0.935710 -0.826284 -0.563253 -2.781061 -2.169114 -0.935710 -0.352771 -0.563253 -0.826284 0.020625 8.250158 -0.950071 14.073122 200.000000 14.073122 0.165957 66.382927 -0.312033 -5.908081 200.000000 -5.908081 0.028237 11.294818 -0.580057 41.817251 200.000000 41.817251 0.013709 5.483577 -0.814576 -34.766857 200.000000 -34.766857
 27.800000 -0.381052 -0.924554 -0.866341 -0.499453 -2.750659 -2.093763 -0.924554 -0.381052 -0.499453 -0.866341 0.065114 26.045644 -0.950071 14.073122 200.000000 14.073122 0.476355 190.541853 -0.312033 -5.908081 200.000000 -5.908081 0.649702 259.880658 -0.580057 41.817251 200.000000 41.817251 0.267963 107.185130 -0.814576 -34.766857 200.000000 -34.766857
 28.000000 -0.376188 -0.926543 -0.814024 -0.580832 -2.755914 -2.190547 -0.926543 -0.376188 -0.580832 -0.814024 0.055356 22.142387 -0.950071 14.073122 200.000000 14.073122 0.411583 164.633365 -0.312033 -5.908081 200.000000 -5.908081 0.000060 0.024023 -0.580057 41.817251 200.000000 41.817251 0.000031 0.012206 -0.814576 -34.766857 200.000000 -34.766857
 28.200000 -0.301692 -0.953405 -0.809078 -0.587701 -2.835125 -2.199011 -0.953405 -0.301692 -0.587701 -0.809078 0.001112 0.444680 -0.950071 14.073122 200.000000 14.073122 0.010694 4.277540 -0.312033 -5.908081 200.000000 -5.908081 0.005843 2.337190 -0.580057 41.817251 200.000000 41.817251 0.003022 1.208961 -0.814576 -34.766857 200.000000 -34.766857
 28.400000 -0.329719 -0.944079 -0.868118 -0.496358 -2.805586 -2.090194 -0.944079 -0.329719 -0.496358 -0.868118 0.003591 1.436232 -0.950071 14.073122 200.000000 14.073122 0.031279 12.511741 -0.312033 -5.908081 200.000000 -5.908081 0.700558 280.223357 -0.580057 41.817251 200.000000 41.817251 0.286677 114.670844 -0.814576 -34.766857 200.000000 -34.766857
 28.600000 -0.390558 -0.920578 -0.824537 -0.565807 -2.740355 -2.172209 -0.920578 -0.390558 -0.565807 -0.824537 0.086983 34.793239 -0.950071 14.073122 200.000000 14.073122 0.616614 246.645740 -0.312033 -5.908081 200.000000 -5.908081 0.020305 8.121898 -0.580057 41.817251 200.000000 41.817251 0.009923 3.969227 -0.814576 -34.766857 200.000000 -34.766857
 28.800000 -0.376179 -0.926547 -0.768905 -0.639363 -2.755923 -2.264466 -0.926547 -0.376179 -0.639363 -0.768905 0.055339 22.135674 -0.950071 14.073122 200.000000 14.073122 0.411471 164.588279 -0.312033 -5.908081 200.000000 -5.908081 0.351719 140.687462 -0.580057 41.817251 200.000000 41.817251 0.208582 83.432642 -0.814576 -34.766857 200.000000 -34.766857
 29.000000 -0.322761 -0.946481 -0.795236 -0.606300 -2.812948 -2.222196 -0.946481 -0.322761 -0.606300 -0.795236 0.001289 0.515690 -0.950071 14.073122 200.000000 14.073122 0.011508 4.603121 -0.312033 -5.908081 200.000000 -5.908081 0.068871 27.548438 -0.580057 41.817251 200.000000 41.817251 0.037404 14.961587 -0.814576 -34.766857 200.000000 -34.766857
 29.200000 -0.285227 -0.958460 -0.749266 -0.662269 -2.852350 -2.294640 -0.958460 -0.285227 -0.662269 -0.749266 0.007037 2.814993 -0.950071 14.073122 200.000000 14.073122 0.071860 28.744109 -0.312033 -5.908081 200.000000 -5.908081 0.675888 270.355096 -0.580057 41.817251 200.000000 41.817251 0.426540 170.616174 -0.814576 -34.766857 200.000000 -34.766857
 29.400000 -0.299282 -0.954165 -0.829038 -0.559192 -2.837652 -2.164208 -0.954165 -0.299282 -0.559192 -0.829038 0.001676 0.670276 -0.950071 14.073122 200.000000 14.073122 0.016259 6.503757 -0.312033 -5.908081 200.000000 -5.908081 0.043533 17.413160 -0.580057 41.817251 200.000000 41.817251 0.020915 8.365955 -0.814576 -34.766857 200.000000 -34.766857
 29.600000 -0.284132 -0.958785 -0.755703 -0.654914 -2.853492 -2.284865 -0.958785 -0.284132 -0.654914 -0.755703 0.007593 3.037373 -0.950071 14.073122 200.000000 14.073122 0.077849 31.139442 -0.312033 -5.908081 200.000000 -5.908081 0.560361 224.144412 -0.580057 41.817251 200.000000 41.817251 0.346599 138.639738 -0.814576 -34.766857 200.000000 -34.766857
 29.800000 -0.332268 -0.943185 -0.827724 -0.561136 -2.802885 -2.166553 -0.943185 -0.332268 -0.561136 -0.827724 0.004742 1.896811 -0.950071 14.073122 200.000000 14.073122 0.040945 16.378114 -0.312033 -5.908081 200.000000 -5.908081 0.035802 14.320767 -0.580057 41.817251 200.000000 41.817251 0.017287 6.914792 -0.814576 -34.766857 200.000000 -34.766857
 30.000000 -0.329797 -0.944052 -0.798248 -0.602329 -2.805504 -2.217212 -0.944052 -0.329797 -0.602329 -0.798248 0.003623 1.449298 -0.950071 14.073122 200.000000 14.073122 0.031555 12.622140 -0.312033 -5.908081 200.000000 -5.908081 0.049604 19.841665 -0.580057 41.817251 200.000000 41.817251 0.026660 10.664060 -0.814576 -34.766857 200.000000 -34.766857
 30.200000 -0.271508 -0.962436 -0.796258 -0.604957 -2.866633 -2.220508 -0.962436 -0.271508 -0.604957 -0.796258 0.015290 6.115894 -0.950071 14.073122 200.000000 14.073122 0.164234 65.693635 -0.312033 -5.908081 200.000000 -5.908081 0.062000 24.799905 -0.580057 41.817251 200.000000 41.817251 0.033553 13.421310 -0.814576 -34.766857 200.000000 -34.766857
 30.400000 -0.300992 -0.953627 -0.850622 -0.525778 -2.835860 -2.124426 -0.953627 -0.300992 -0.525778 -0.850622 0.001264 0.505670 -0.950071 14.073122 200.000000 14.073122 0.012191 4.876480 -0.312033 -5.908081 200.000000 -5.908081 0.294619 117.847547 -0.580057 41.817251 200.000000 41.817251 0.129930 51.972022 -0.814576 -34.766857 200.000000 -34.766857
 30.600000 -0.312935 -0.949775 -0.861105 -0.508427 -2.823311 -2.104153 -0.949775 -0.312935 -0.508427 -0.861105 0.000009 0.003516 -0.950071 14.073122 200.000000 14.073122 0.000081 0.032494 -0.312033 -5.908081 200.000000 -5.908081 0.513089 205.235431 -0.580057 41.817251 200.000000 41.817251 0.216498 86.599090 -0.814576 -34.766857 200.000000 -34.766857
 30.800000 -0.377775 -0.925897 -0.787273 -0.616604 -2.754200 -2.235219 -0.925897 -0.377775 -0.616604 -0.787273 0.058437 23.374786 -0.950071 14.073122 200.000000 14.073122 0.432197 172.878724 -0.312033 -5.908081 200.000000 -5.908081 0.133573 53.429019 -0.580057 41.817251 200.000000 41.817251 0.074545 29.817869 -0.814576 -34.766857 200.000000 -34.766857
 31.000000 -0.381242 -0.924475 -0.840347 -0.542049 -2.750453 -2.143670 -0.924475 -0.381242 -0.542049 -0.840347 0.065516 26.206230 -0.950071 14.073122 200.000000 14.073122 0.478988 191.595232 -0.312033 -5.908081 200.000000 -5.908081 0.144456 57.782579 -0.580057 41.817251 200.000000 41.817251 0.066412 26.564990 -0.814576 -34.766857 200.000000 -34.766857
 31.200000 -0.364435 -0.931229 -0.818178 -0.574965 -2.768566 -2.183358 -0.931229 -0.364435 -0.574965 -0.818178 0.035504 14.201440 -0.950071 14.073122 200.000000 14.073122 0.274595 109.838091 -0.312033 -5.908081 200.000000 -5.908081 0.002593 1.037007 -0.580057 41.817251 200.000000 41.817251 0.001297 0.518944 -0.814576 -34.766857 200.000000 -34.766857
 31.400000 -0.345319 -0.938485 -0.750802 -0.660528 -2.789014 -2.292318 -0.938485 -0.345319 -0.660528 -0.750802 0.013423 5.369198 -0.950071 14.073122 200.000000 14.073122 0.110793 44.317240 -0.312033 -5.908081 200.000000 -5.908081 0.647558 259.023124 -0.580057 41.817251 200.000000 41.817251 0.406718 162.687165 -0.814576 -34.766857 200.000000 -34.766857
 31.600000 -0.298265 -0.954483 -0.762341 -0.647176 -2.838718 -2.274670 -0.954483 -0.298265 -0.647176 -0.762341 0.001946 0.778574 -0.950071 14.073122 200.000000 14.073122 0.018956 7.582310 -0.312033 -5.908081 200.000000 -5.908081 0.450493 180.197365 -0.580057 41.817251 200.000000 41.817251 0.272850 109.140176 -0.814576 -34.766857 200.000000 -34.766857
 31.800000 -0.456333 -0.889809 -0.791199 -0.611558 -2.667723 -2.228825 -0.889809 -0.456333 -0.611558 -0.791199 0.363152 145.260655 -0.950071 14.073122 200.000000 14.073122 2.082237 832.894976 -0.312033 -5.908081 200.000000 -5.908081 0.099233 39.693290 -0.580057 41.817251 200.000000 41.817251 0.054646 21.858458 -0.814576 -34.766857 200.000000 -34.766857
 32.000000 -0.368667 -0.929562 -0.799184 -0.601087 -2.764019 -2.215657 -0.929562 -0.368667 -0.601087 -0.799184 0.042064 16.825403 -0.950071 14.073122 200.000000 14.073122 0.320730 128.292153 -0.312033 -5.908081 200.000000 -5.908081 0.044227 17.690615 -0.580057 41.817251 200.000000 41.817251 0.023693 9.477001 -0.814576 -34.766857 200.000000 -34.766857
 32.200000 -0.303183 -0.952932 -0.770338 -0.637636 -2.833562 -2.262222 -0.952932 -0.303183 -0.637636 -0.770338 0.000819 0.327485 -0.950071 14.073122 200.000000 14.073122 0.007833 3.133391 -0.312033 -5.908081 200.000000 -5.908081 0.331536 132.614202 -0.580057 41.817251 200.000000 41.817251 0.195702 78.280638 -0.814576 -34.766857 200.000000 -34.766857
 32.400000 -0.357323 -0.933981 -0.792568 -0.609783 -2.776192 -2.226584 -0.933981 -0.357323 -0.609783 -0.792568 0.025890 10.355970 -0.950071 14.073122 200.000000 14.073122 0.205117 82.046724 -0.312033 -5.908081 200.000000 -5.908081 0.088367 35.346674 -0.580057 41.817251 200.000000 41.817251 0.048435 19.373868 -0.814576 -34.766857 200.000000 -34.766857
 32.600000 -0.362956 -0.931806 -0.792189 -0.610276 -2.770154 -2.227205 -0.931806 -0.362956 -0.610276 -0.792189 0.033360 13.344154 -0.950071 14.073122 200.000000 14.073122 0.259310 103.724122 -0.312033 -5.908081 200.000000 -5.908081 0.091318 36.527092 -0.580057 41.817251 200.000000 41.817251 0.050117 20.046891 -0.814576 -34.766857 200.000000 -34.766857
 32.800000 -0.350307 -0.936635 -0.767316 -0.641269 -2.783694 -2.266948 -0.936635 -0.350307 -0.641269 -0.767316 0.018053 7.221338 -0.950071 14.073122 200.000000 14.073122 0.146488 58.595365 -0.312033 -5.908081 200.000000 -5.908081 0.374696 149.878282 -0.580057 41.817251 200.000000 41.817251 0.223351 89.340522 -0.814576 -34.766857 200.000000 -34.766857
 33.000000 -0.402490 -0.915424 -0.799214 -0.601046 -2.727357 -2.215606 -0.915424 -0.402490 -0.601046 -0.799214 0.120039 48.015746 -0.950071 14.073122 200.000000 14.073122 0.818237 327.294908 -0.312033 -5.908081 200.000000 -5.908081 0.044056 17.622438 -0.580057 41.817251 200.000000 41.817251 0.023599 9.439473 -0.814576 -34.766857 200.000000 -34.766857
 33.200000 -0.378580 -0.925569 -0.835785 -0.549056 -2.753332 -2.152031 -0.925569 -0.378580 -0.549056 -0.835785 0.060037 24.014639 -0.950071 14.073122 200.000000 14.073122 0.442839 177.135443 -0.312033 -5.908081 200.000000 -5.908081 0.096104 38.441503 -0.580057 41.817251 200.000000 41.817251 0.044984 17.993567 -0.814576 -34.766857 200.000000 -34.766857
 33.400000 -0.327986 -0.944683 -0.802295 -0.596927 -2.807422 -2.210462 -0.944683 -0.327986 -0.596927 -0.802295 0.002904 1.161444 -0.950071 14.073122 200.000000 14.073122 0.025448 10.179293 -0.312033 -5.908081 200.000000 -5.908081 0.028461 11.384539 -0.580057 41.817251 200.000000 41.817251 0.015082 6.032620 -0.814576 -34.766857 200.000000 -34.766857
 33.600000 -0.395748 -0.918359 -0.811248 -0.584702 -2.734711 -2.195309 -0.918359 -0.395748 -0.584702 -0.811248 0.100564 40.225444 -0.950071 14.073122 200.000000 14.073122 0.700805 280.321863 -0.312033 -5.908081 200.000000 -5.908081 0.002157 0.862957 -0.580057 41.817251 200.000000 41.817251 0.001107 0.442908 -0.814576 -34.766857 200.000000 -34.766857
 33.800000 -0.322538 -0.946557 -0.757653 -0.652658 -2.813183 -2.281884 -0.946557 -0.322538 -0.652658 -0.757653 0.001235 0.494090 -0.950071 14.073122 200.000000 14.073122 0.011034 4.413763 -0.312033 -5.908081 200.000000 -5.908081 0.527092 210.836971 -0.580057 41.817251 200.000000 41.817251 0.324027 129.610662 -0.814576 -34.766857 200.000000 -34.766857
 34.000000 -0.258325 -0.966058 -0.752503 -0.658589 -2.880305 -2.289739 -0.966058 -0.258325 -0.658589 -0.752503 0.025558 10.223246 -0.950071 14.073122 200.000000 14.073122 0.288458 115.383132 -0.312033 -5.908081 200.000000 -5.908081 0.616734 246.693525 -0.580057 41.817251 200.000000 41.817251 0.385310 154.124186 -0.814576 -34.766857 200.000000 -34.766857
 34.200000 -0.274966 -0.961454 -0.787890 -0.615817 -2.863039 -2.234218 -0.961454 -0.274966 -0.615817 -0.787890 0.012957 5.182862 -0.950071 14.073122 200.000000 14.073122 0.137403 54.961036 -0.312033 -5.908081 200.000000 -5.908081 0.127875 51.150062 -0.580057 41.817251 200.000000 41.817251 0.071216 28.486509 -0.814576 -34.766857 200.000000 -34.766857
 34.400000 -0.310984 -0.950415 -0.819844 -0.572587 -2.825364 -2.180454 -0.950415 -0.310984 -0.572587 -0.819844 0.000012 0.004730 -0.950071 14.073122 200.000000 14.073122 0.000110 0.044015 -0.312033 -5.908081 200.000000 -5.908081 0.005580 2.232141 -0.580057 41.817251 200.000000 41.817251 0.002775 1.110157 -0.814576 -34.766857 200.000000 -34.766857
 34.600000 -0.286764 -0.958001 -0.774448 -0.632638 -2.850745 -2.255751 -0.958001 -0.286764 -0.632638 -0.774448 0.006289 2.515461 -0.950071 14.073122 200.000000 14.073122 0.063854 25.541551 -0.312033 -5.908081 200.000000 -5.908081 0.276472 110.588903 -0.580057 41.817251 200.000000 41.817251 0.161025 64.410019 -0.814576 -34.766857 200.000000 -34.766857
 34.800000 -0.379348 -0.925254 -0.840082 -0.542460 -2.752501 -2.144159 -0.925254 -0.379348 -0.542460 -0.840082 0.061588 24.635182 -0.950071 14.073122 200.000000 14.073122 0.453121 181.248303 -0.312033 -5.908081 200.000000 -5.908081 0.141354 56.541513 -0.580057 41.817251 200.000000 41.817251 0.065054 26.021768 -0.814576 -34.766857 200.000000 -34.766857
 35.000000 -0.270536 -0.962710 -0.857998 -0.513653 -2.867643 -2.110233 -0.962710 -0.270536 -0.513653 -0.857998 0.015974 6.389512 -0.950071 14.073122 200.000000 14.073122 0.172204 68.881531 -0.312033 -5.908081 200.000000 -5.908081 0.440947 176.378708 -0.580057 41.817251 200.000000 41.817251 0.188547 75.418845 -0.814576 -34.766857 200.000000 -34.766857
 35.200000 -0.387941 -0.921684 -0.789788 -0.613380 -2.743196 -2.231129 -0.921684 -0.387941 -0.613380 -0.789788 0.080582 32.232607 -0.950071 14.073122 200.000000 14.073122 0.576195 230.477907 -0.312033 -5.908081 200.000000 -5.908081 0.111043 44.417186 -0.580057 41.817251 200.000000 41.817251 0.061445 24.577870 -0.814576 -34.766857 200.000000 -34.766857
 35.400000 -0.280408 -0.959881 -0.804899 -0.593412 -2.857373 -2.206088 -0.959881 -0.280408 -0.593412 -0.804899 0.009623 3.849254 -0.950071 14.073122 200.000000 14.073122 0.100016 40.006486 -0.312033 -5.908081 200.000000 -5.908081 0.017836 7.134533 -0.580057 41.817251 200.000000 41.817251 0.009365 3.745938 -0.814576 -34.766857 200.000000 -34.766857
 35.600000 -0.318092 -0.948060 -0.860497 -0.509455 -2.817877 -2.105348 -0.948060 -0.318092 -0.509455 -0.860497 0.000404 0.161784 -0.950071 14.073122 200.000000 14.073122 0.003670 1.468028 -0.312033 -5.908081 200.000000 -5.908081 0.498457 199.382892 -0.580057 41.817251 200.000000 41.817251 0.210875 84.349924 -0.814576 -34.766857 200.000000 -34.766857
 35.800000 -0.345158 -0.938545 -0.811749 -0.584006 -2.789186 -2.194452 -0.938545 -0.345158 -0.584006 -0.811749 0.013286 5.314340 -0.950071 14.073122 200.000000 14.073122 0.109722 43.888744 -0.312033 -5.908081 200.000000 -5.908081 0.001560 0.623892 -0.580057 41.817251 200.000000 41.817251 0.000799 0.319630 -0.814576 -34.766857 200.000000 -34.766857
 36.000000 -0.342245 -0.939611 -0.826219 -0.563350 -2.792287 -2.169231 -0.939611 -0.342245 -0.563350 -0.826219 0.010942 4.376887 -0.950071 14.073122 200.000000 14.073122 0.091276 36.510433 -0.312033 -5.908081 200.000000 -5.908081 0.027913 11.165296 -0.580057 41.817251 200.000000 41.817251 0.013555 5.422046 -0.814576 -34.766857 200.000000 -34.766857
 36.200000 -0.384585 -0.923090 -0.824143 -0.566382 -2.746834 -2.172905 -0.923090 -0.384585 -0.566382 -0.824143 0.072800 29.120129 -0.950071 14.073122 200.000000 14.073122 0.526373 210.549123 -0.312033 -5.908081 200.000000 -5.908081 0.018700 7.480151 -0.580057 41.817251 200.000000 41.817251 0.009153 3.661030 -0.814576 -34.766857 200.000000 -34.766857
 36.400000 -0.299297 -0.954160 -0.784450 -0.620192 -2.837637 -2.239783 -0.954160 -0.299297 -0.620192 -0.784450 0.001672 0.668723 -0.950071 14.073122 200.000000 14.073122 0.016221 6.488335 -0.312033 -5.908081 200.000000 -5.908081 0.161080 64.432189 -0.580057 41.817251 200.000000 41.817251 0.090756 36.302303 -0.814576 -34.766857 200.000000 -34.766857
 36.600000 -0.320459 -0.947262 -0.749969 -0.661473 -2.815379 -2.293578 -0.947262 -0.320459 -0.661473 -0.749969 0.000789 0.315565 -0.950071 14.073122 200.000000 14.073122 0.007099 2.839650 -0.312033 -5.908081 200.000000 -5.908081 0.662865 265.145879 -0.580057 41.817251 200.000000 41.817251 0.417411 166.964317 -0.814576 -34.766857 200.000000 -34.766857
 36.800000 -0.309081 -0.951036 -0.762038 -0.647533 -2.827366 -2.275138 -0.951036 -0.309081 -0.647533 -0.762038 0.000093 0.037208 -0.950071 14.073122 200.000000 14.073122 0.000871 0.348581 -0.312033 -5.908081 200.000000 -5.908081 0.455297 182.118696 -0.580057 41.817251 200.000000 41.817251 0.276026 110.410471 -0.814576 -34.766857 200.000000 -34.766857
 37.000000 -0.343957 -0.938985 -0.764696 -0.644391 -2.790465 -2.271022 -0.938985 -0.343957 -0.644391 -0.764696 0.012290 4.915825 -0.950071 14.073122 200.000000 14.073122 0.101913 40.765321 -0.312033 -5.908081 200.000000 -5.908081 0.413883 165.553237 -0.580057 41.817251 200.000000 41.817251 0.248796 99.518532 -0.814576 -34.766857 200.000000 -34.766857
 37.200000 -0.377684 -0.925935 -0.750537 -0.660828 -2.754299 -2.292718 -0.925935 -0.377684 -0.660828 -0.750537 0.058257 23.302738 -0.950071 14.073122 200.000000 14.073122 0.430996 172.398392 -0.312033 -5.908081 200.000000 -5.908081 0.652402 260.960897 -0.580057 41.817251 200.000000 41.817251 0.410098 164.039054 -0.814576 -34.766857 200.000000 -34.766857
 37.400000 -0.369212 -0.929345 -0.782457 -0.622705 -2.763432 -2.242992 -0.929345 -0.369212 -0.622705 -0.782457 0.042956 17.182282 -0.950071 14.073122 200.000000 14.073122 0.326934 130.773636 -0.312033 -5.908081 200.000000 -5.908081 0.181888 72.755107 -0.580057 41.817251 200.000000 41.817251 0.103166 41.266294 -0.814576 -34.766857 200.000000 -34.766857
 37.600000 -0.383099 -0.923707 -0.806276 -0.591540 -2.748444 -2.203764 -0.923707 -0.383099 -0.591540 -0.806276 0.069506 27.802226 -0.950071 14.073122 200.000000 14.073122 0.505034 202.013609 -0.312033 -5.908081 200.000000 -5.908081 0.013186 5.274389 -0.580057 41.817251 200.000000 41.817251 0.006889 2.755764 -0.814576 -34.766857 200.000000 -34.766857
 37.800000 -0.328242 -0.944594 -0.833478 -0.552552 -2.807150 -2.156220 -0.944594 -0.328242 -0.552552 -0.833478 0.003000 1.200163 -0.950071 14.073122 200.000000 14.073122 0.026273 10.509223 -0.312033 -5.908081 200.000000 -5.908081 0.075651 30.260404 -0.580057 41.817251 200.000000 41.817251 0.035730 14.291960 -0.814576 -34.766857 200.000000 -34.766857
 38.000000 -0.314341 -0.949310 -0.836212 -0.548406 -2.821831 -2.151253 -0.949310 -0.314341 -0.548406 -0.836212 0.000058 0.023157 -0.950071 14.073122 200.000000 14.073122 0.000532 0.212932 -0.312033 -5.908081 200.000000 -5.908081 0.100179 40.071496 -0.580057 41.817251 200.000000 41.817251 0.046813 18.725237 -0.814576 -34.766857 200.000000 -34.766857
 38.200000 -0.307770 -0.951461 -0.819345 -0.573301 -2.828744 -2.181325 -0.951461 -0.307770 -0.573301 -0.819345 0.000193 0.077247 -0.950071 14.073122 200.000000 14.073122 0.001818 0.727074 -0.312033 -5.908081 200.000000 -5.908081 0.004564 1.825704 -0.580057 41.817251 200.000000 41.817251 0.002274 0.909696 -0.814576 -34.766857 200.000000 -34.766857
 38.400000 -0.233443 -0.972370 -0.798874 -0.601499 -2.905976 -2.216172 -0.972370 -0.233443 -0.601499 -0.798874 0.049726 19.890462 -0.950071 14.073122 200.000000 14.073122 0.617645 247.058118 -0.312033 -5.908081 200.000000 -5.908081 0.045974 18.389717 -0.580057 41.817251 200.000000 41.817251 0.024655 9.862166 -0.814576 -34.766857 200.000000 -34.766857
 38.600000 -0.321595 -0.946877 -0.800463 -0.599382 -2.814179 -2.213526 -0.946877 -0.321595 -0.599382 -0.800463 0.001020 0.408040 -0.950071 14.073122 200.000000 14.073122 0.009143 3.657163 -0.312033 -5.908081 200.000000 -5.908081 0.037347 14.938965 -0.580057 41.817251 200.000000 41.817251 0.019918 7.967201 -0.814576 -34.766857 200.000000 -34.766857
 38.800000 -0.314195 -0.949359 -0.820413 -0.571771 -2.821985 -2.179459 -0.949359 -0.314195 -0.571771 -0.820413 0.000051 0.020306 -0.950071 14.073122 200.000000 14.073122 0.000467 0.186815 -0.312033 -5.908081 200.000000 -5.908081 0.006866 2.746244 -0.580057 41.817251 200.000000 41.817251 0.003407 1.362964 -0.814576 -34.766857 200.000000 -34.766857
 39.000000 -0.205422 -0.978673 -0.812761 -0.582597 -2.934698 -2.192716 -0.978673 -0.205422 -0.582597 -0.812761 0.081809 32.723784 -0.950071 14.073122 200.000000 14.073122 1.136598 454.639199 -0.312033 -5.908081 200.000000 -5.908081 0.000645 0.258004 -0.580057 41.817251 200.000000 41.817251 0.000329 0.131696 -0.814576 -34.766857 200.000000 -34.766857
 39.200000 -0.304708 -0.952446 -0.817855 -0.575424 -2.831960 -2.183919 -0.952446 -0.304708 -0.575424 -0.817855 0.000564 0.225539 -0.950071 14.073122 200.000000 14.073122 0.005366 2.146204 -0.312033 -5.908081 200.000000 -5.908081 0.002146 0.858439 -0.580057 41.817251 200.000000 41.817251 0.001075 0.430096 -0.814576 -34.766857 200.000000 -34.766857
 39.400000 -0.431962 -0.901892 -0.783043 -0.621968 -2.694925 -2.242049 -0.901892 -0.431962 -0.621968 -0.783043 0.232125 92.850064 -0.950071 14.073122 200.000000 14.073122 1.438289 575.315480 -0.312033 -5.908081 200.000000 -5.908081 0.175652 70.260654 -0.580057 41.817251 200.000000 41.817251 0.099433 39.773388 -0.814576 -34.766857 200.000000 -34.766857
 39.600000 -0.391180 -0.920314 -0.774688 -0.632343 -2.739680 -2.255370 -0.920314 -0.391180 -0.632343 -0.774688 0.088547 35.418711 -0.950071 14.073122 200.000000 14.073122 0.626413 250.565330 -0.312033 -5.908081 200.000000 -5.908081 0.273385 109.354062 -0.580057 41.817251 200.000000 41.817251 0.159102 63.640639 -0.814576 -34.766857 200.000000 -34.766857
 39.800000 -0.208293 -0.978067 -0.783217 -0.621748 -2.931764 -2.241769 -0.978067 -0.208293 -0.621748 -0.783217 0.078374 31.349732 -0.950071 14.073122 200.000000 14.073122 1.076214 430.485548 -0.312033 -5.908081 200.000000 -5.908081 0.173817 69.526628 -0.580057 41.817251 200.000000 41.817251 0.098337 39.334911 -0.814576 -34.766857 200.000000 -34.766857
 40.000000 -0.237423 -0.971406 -0.774866 -0.632125 -2.901881 -2.255089 -0.971406 -0.237423 -0.632125 -0.774866 0.045520 18.207851 -0.950071 14.073122 200.000000 14.073122 0.556677 222.670838 -0.312033 -5.908081 200.000000 -5.908081 0.271108 108.443231 -0.580057 41.817251 200.000000 41.817251 0.157684 63.073715 -0.814576 -34.766857 200.000000 -34.766857
 40.200000 -0.193435 -0.981113 -0.807600 -0.589730 -2.946930 -2.201521 -0.981113 -0.193435 -0.589730 -0.807600 0.096360 38.543957 -0.950071 14.073122 200.000000 14.073122 1.406549 562.619554 -0.312033 -5.908081 200.000000 -5.908081 0.009358 3.743083 -0.580057 41.817251 200.000000 41.817251 0.004866 1.946468 -0.814576 -34.766857 200.000000 -34.766857
 40.400000 -0.317159 -0.948372 -0.779993 -0.625789 -2.818861 -2.246939 -0.948372 -0.317159 -0.625789 -0.779993 0.000289 0.115418 -0.950071 14.073122 200.000000 14.073122 0.002627 1.050759 -0.312033 -5.908081 200.000000 -5.908081 0.209141 83.656292 -0.580057 41.817251 200.000000 41.817251 0.119601 47.840505 -0.814576 -34.766857 200.000000 -34.766857
 40.600000 -0.361219 -0.932481 -0.740660 -0.671880 -2.772018 -2.307540 -0.932481 -0.361219 -0.671880 -0.740660 0.030941 12.376567 -0.950071 14.073122 200.000000 14.073122 0.241924 96.769408 -0.312033 -5.908081 200.000000 -5.908081 0.843143 337.257085 -0.580057 41.817251 200.000000 41.817251 0.546353 218.541057 -0.814576 -34.766857 200.000000 -34.766857
 40.800000 -0.452146 -0.891944 -0.798899 -0.601466 -2.672423 -2.216131 -0.891944 -0.452146 -0.601466 -0.798899 0.337877 135.150777 -0.950071 14.073122 200.000000 14.073122 1.963153 785.261269 -0.312033 -5.908081 200.000000 -5.908081 0.045834 18.333695 -0.580057 41.817251 200.000000 41.817251 0.024578 9.831278 -0.814576 -34.766857 200.000000 -34.766857
 41.000000 -0.376526 -0.926406 -0.799735 -0.600353 -2.755549 -2.214738 -0.926406 -0.376526 -0.600353 -0.799735 0.056003 22.401216 -0.950071 14.073122 200.000000 14.073122 0.415926 166.370247 -0.312033 -5.908081 200.000000 -5.908081 0.041192 16.476881 -0.580057 41.817251 200.000000 41.817251 0.022024 8.809799 -0.814576 -34.766857 200.000000 -34.766857
 41.200000 -0.297535 -0.954711 -0.825423 -0.564514 -2.839483 -2.170641 -0.954711 -0.297535 -0.564514 -0.825423 0.002153 0.861087 -0.950071 14.073122 200.000000 14.073122 0.021020 8.407989 -0.312033 -5.908081 200.000000 -5.908081 0.024157 9.662853 -0.580057 41.817251 200.000000 41.817251 0.011766 4.706562 -0.814576 -34.766857 200.000000 -34.766857
 41.400000 -0.345983 -0.938241 -0.875644 -0.482957 -2.788306 -2.074825 -0.938241 -0.345983 -0.482957 -0.875644 0.013996 5.598369 -0.950071 14.073122 200.000000 14.073122 0.115259 46.103625 -0.312033 -5.908081 200.000000 -5.908081 0.942832 377.132799 -0.580057 41.817251 200.000000 41.817251 0.372929 149.171592 -0.814576 -34.766857 200.000000 -34.766857
 41.600000 -0.374482 -0.927234 -0.745062 -0.666995 -2.757754 -2.300964 -0.927234 -0.374482 -0.666995 -0.745062 0.052153 20.861098 -0.950071 14.073122 200.000000 14.073122 0.389983 155.993391 -0.312033 -5.908081 200.000000 -5.908081 0.755820 302.327880 -0.580057 41.817251 200.000000 41.817251 0.483214 193.285523 -0.814576 -34.766857 200.000000 -34.766857
 41.800000 -0.372155 -0.928171 -0.777549 -0.628822 -2.760263 -2.250834 -0.928171 -0.372155 -0.628822 -0.777549 0.047963 19.185266 -0.950071 14.073122 200.000000 14.073122 0.361459 144.583724 -0.312033 -5.908081 200.000000 -5.908081 0.237808 95.123292 -0.580057 41.817251 200.000000 41.817251 0.137100 54.840145 -0.814576 -34.766857 200.000000 -34.766857
 42.000000 -0.354413 -0.935089 -0.756554 -0.653931 -2.779306 -2.283565 -0.935089 -0.354413 -0.653931 -0.756554 0.022447 8.978665 -0.950071 14.073122 200.000000 14.073122 0.179605 71.841836 -0.312033 -5.908081 200.000000 -5.908081 0.545739 218.295594 -0.580057 41.817251 200.000000 41.817251 0.336653 134.661214 -0.814576 -34.766857 200.000000 -34.766857
 42.200000 -0.276889 -0.960902 -0.806916 -0.590666 -2.861038 -2.202680 -0.960902 -0.276889 -0.590666 -0.806916 0.011731 4.692255 -0.950071 14.073122 200.000000 14.073122 0.123514 49.405424 -0.312033 -5.908081 200.000000 -5.908081 0.011255 4.501974 -0.580057 41.817251 200.000000 41.817251 0.005867 2.346829 -0.814576 -34.766857 200.000000 -34.766857
 42.400000 -0.316364 -0.948638 -0.789177 -0.614166 -2.819698 -2.232125 -0.948638 -0.316364 -0.614166 -0.789177 0.000205 0.082173 -0.950071 14.073122 200.000000 14.073122 0.001876 0.750203 -0.312033 -5.908081 200.000000 -5.908081 0.116345 46.538019 -0.580057 41.817251 200.000000 41.817251 0.064513 25.805018 -0.814576 -34.766857 200.000000 -34.766857
 42.600000 -0.359464 -0.933159 -0.786737 -0.617288 -2.773899 -2.236088 -0.933159 -0.359464 -0.617288 -0.786737 0.028603 11.441082 -0.950071 14.073122 200.000000 14.073122 0.224970 89.987973 -0.312033 -5.908081 200.000000 -5.908081 0.138619 55.447580 -0.580057 41.817251 200.000000 41.817251 0.077501 31.000530 -0.814576 -34.766857 200.000000 -34.766857
 42.800000 -0.354376 -0.935103 -0.775341 -0.631543 -2.779346 -2.254338 -0.935103 -0.354376 -0.631543 -0.775341 0.022404 8.961545 -0.950071 14.073122 200.000000 14.073122 0.179285 71.714049 -0.312033 -5.908081 200.000000 -5.908081 0.265080 106.032028 -0.580057 41.817251 200.000000 41.817251 0.153938 61.575301 -0.814576 -34.766857 200.000000 -34.766857
 43.000000 -0.243025 -0.970020 -0.823218 -0.567725 -2.896109 -2.174536 -0.970020 -0.243025 -0.567725 -0.823218 0.039796 15.918318 -0.950071 14.073122 200.000000 14.073122 0.476215 190.486089 -0.312033 -5.908081 200.000000 -5.908081 0.015208 6.083260 -0.580057 41.817251 200.000000 41.817251 0.007469 2.987695 -0.814576 -34.766857 200.000000 -34.766857
 43.200000 -0.283560 -0.958955 -0.797185 -0.603735 -2.854088 -2.218974 -0.958955 -0.283560 -0.603735 -0.797185 0.007892 3.156620 -0.950071 14.073122 200.000000 14.073122 0.081075 32.429955 -0.312033 -5.908081 200.000000 -5.908081 0.056064 22.425730 -0.580057 41.817251 200.000000 41.817251 0.030244 12.097505 -0.814576 -34.766857 200.000000 -34.766857
 43.400000 -0.389742 -0.920924 -0.763865 -0.645377 -2.741242 -2.272312 -0.920924 -0.389742 -0.645377 -0.763865 0.084954 33.981711 -0.950071 14.073122 200.000000 14.073122 0.603858 241.543101 -0.312033 -5.908081 200.000000 -5.908081 0.426665 170.666006 -0.580057 41.817251 200.000000 41.817251 0.257164 102.865559 -0.814576 -34.766857 200.000000 -34.766857
 43.600000 -0.275700 -0.961244 -0.822879 -0.568217 -2.862275 -2.175134 -0.961244 -0.275700 -0.568217 -0.822879 0.012483 4.993128 -0.950071 14.073122 200.000000 14.073122 0.132013 52.805188 -0.312033 -5.908081 200.000000 -5.908081 0.014019 5.607459 -0.580057 41.817251 200.000000 41.817251 0.006894 2.757518 -0.814576 -34.766857 200.000000 -34.766857
 43.800000 -0.375481 -0.926830 -0.824801 -0.565423 -2.756677 -2.171742 -0.926830 -0.375481 -0.565423 -0.824801 0.054014 21.605472 -0.950071 14.073122 200.000000 14.073122 0.402553 161.021395 -0.312033 -5.908081 200.000000 -5.908081 0.021417 8.566637 -0.580057 41.817251 200.000000 41.817251 0.010456 4.182414 -0.814576 -34.766857 200.000000 -34.766857
 44.000000 -0.315002 -0.949091 -0.824904 -0.565273 -2.821134 -2.171561 -0.949091 -0.315002 -0.565273 -0.824904 0.000096 0.038430 -0.950071 14.073122 200.000000 14.073122 0.000881 0.352540 -0.312033 -5.908081 200.000000 -5.908081 0.021856 8.742423 -0.580057 41.817251 200.000000 41.817251 0.010666 4.266591 -0.814576 -34.766857 200.000000 -34.766857
 44.200000 -0.383013 -0.923743 -0.800655 -0.599126 -2.748537 -2.213205 -0.923743 -0.383013 -0.599126 -0.800655 0.069317 27.726925 -0.950071 14.073122 200.000000 14.073122 0.503810 201.524098 -0.312033 -5.908081 200.000000 -5.908081 0.036362 14.544927 -0.580057 41.817251 200.000000 41.817251 0.019380 7.751836 -0.814576 -34.766857 200.000000 -34.766857
 44.400000 -0.308330 -0.951279 -0.801692 -0.597737 -2.828155 -2.211472 -0.951279 -0.308330 -0.597737 -0.801692 0.000146 0.058398 -0.950071 14.073122 200.000000 14.073122 0.001371 0.548571 -0.312033 -5.908081 200.000000 -5.908081 0.031258 12.503338 -0.580057 41.817251 200.000000 41.817251 0.016599 6.639535 -0.814576 -34.766857 200.000000 -34.766857
 44.600000 -0.315602 -0.948892 -0.823155 -0.567817 -2.820501 -2.174648 -0.948892 -0.315602 -0.567817 -0.823155 0.000139 0.055659 -0.950071 14.073122 200.000000 14.073122 0.001274 0.509512 -0.312033 -5.908081 200.000000 -5.908081 0.014981 5.992587 -0.580057 41.817251 200.000000 41.817251 0.007360 2.943864 -0.814576 -34.766857 200.000000 -34.766857
 44.800000 -0.347302 -0.937753 -0.829128 -0.559059 -2.786901 -2.164047 -0.937753 -0.347302 -0.559059 -0.829128 0.015172 6.068975 -0.950071 14.073122 200.000000 14.073122 0.124384 49.753799 -0.312033 -5.908081 200.000000 -5.908081 0.044090 17.635830 -0.580057 41.817251 200.000000 41.817251 0.021175 8.470032 -0.814576 -34.766857 200.000000 -34.766857
 45.000000 -0.346301 -0.938124 -0.798156 -0.602450 -2.787968 -2.217364 -0.938124 -0.346301 -0.602450 -0.798156 0.014274 5.709715 -0.950071 14.073122 200.000000 14.073122 0.117424 46.969440 -0.312033 -5.908081 200.000000 -5.908081 0.050147 20.058903 -0.580057 41.817251 200.000000 41.817251 0.026961 10.784261 -0.814576 -34.766857 200.000000 -34.766857
 45.200000 -0.358868 -0.933388 -0.788849 -0.614587 -2.774538 -2.232659 -0.933388 -0.358868 -0.614587 -0.788849 0.027832 11.132608 -0.950071 14.073122 200.000000 14.073122 0.219347 87.738878 -0.312033 -5.908081 200.000000 -5.908081 0.119233 47.693128 -0.580057 41.817251 200.000000 41.817251 0.066187 26.474969 -0.814576 -34.766857 200.000000 -34.766857
 45.400000 -0.345641 -0.938367 -0.796210 -0.605021 -2.788671 -2.220588 -0.938367 -0.345641 -0.605021 -0.796210 0.013699 5.479541 -0.950071 14.073122 200.000000 14.073122 0.112945 45.178103 -0.312033 -5.908081 200.000000 -5.908081 0.062320 24.927809 -0.580057 41.817251 200.000000 41.817251 0.033732 13.492806 -0.814576 -34.766857 200.000000 -34.766857
 45.600000 -0.404902 -0.914360 -0.805513 -0.592578 -2.724721 -2.205052 -0.914360 -0.404902 -0.592578 -0.805513 0.127527 51.010634 -0.950071 14.073122 200.000000 14.073122 0.862450 344.979961 -0.312033 -5.908081 200.000000 -5.908081 0.015677 6.270822 -0.580057 41.817251 200.000000 41.817251 0.008213 3.285277 -0.814576 -34.766857 200.000000 -34.766857
 45.800000 -0.354038 -0.935231 -0.860321 -0.509752 -2.779708 -2.105693 -0.935231 -0.354038 -0.509752 -0.860321 0.022022 8.808920 -0.950071 14.073122 200.000000 14.073122 0.176435 70.573817 -0.312033 -5.908081 200.000000 -5.908081 0.494277 197.710690 -0.580057 41.817251 200.000000 41.817251 0.209264 83.705612 -0.814576 -34.766857 200.000000 -34.766857
 46.000000 -0.287690 -0.957724 -0.845478 -0.534011 -2.849779 -2.134133 -0.957724 -0.287690 -0.534011 -0.845478 0.005856 2.342497 -0.950071 14.073122 200.000000 14.073122 0.059263 23.705060 -0.312033 -5.908081 200.000000 -5.908081 0.212027 84.810740 -0.580057 41.817251 200.000000 41.817251 0.095493 38.197022 -0.814576 -34.766857 200.000000 -34.766857
 46.200000 -0.314186 -0.949361 -0.792006 -0.610514 -2.821993 -2.227505 -0.949361 -0.314186 -0.610514 -0.792006 0.000050 0.020149 -0.950071 14.073122 200.000000 14.073122 0.000463 0.185375 -0.312033 -5.908081 200.000000 -5.908081 0.092761 37.104362 -0.580057 41.817251 200.000000 41.817251 0.050941 20.376498 -0.814576 -34.766857 200.000000 -34.766857
 46.400000 -0.275733 -0.961234 -0.792510 -0.609859 -2.862241 -2.226679 -0.961234 -0.275733 -0.609859 -0.792510 0.012462 4.984691 -0.950071 14.073122 200.000000 14.073122 0.131774 52.709535 -0.312033 -5.908081 200.000000 -5.908081 0.088816 35.526475 -0.580057 41.817251 200.000000 41.817251 0.048691 19.476299 -0.814576 -34.766857 200.000000 -34.766857
 46.600000 -0.330567 -0.943782 -0.773321 -0.634014 -2.804688 -2.257530 -0.943782 -0.330567 -0.634014 -0.773321 0.003955 1.581943 -0.950071 14.073122 200.000000 14.073122 0.034351 13.740446 -0.312033 -5.908081 200.000000 -5.908081 0.291142 116.456655 -0.580057 41.817251 200.000000 41.817251 0.170195 68.078191 -0.814576 -34.766857 200.000000 -34.766857
 46.800000 -0.304005 -0.952670 -0.823534 -0.567267 -2.832699 -2.173980 -0.952670 -0.304005 -0.567267 -0.823534 0.000676 0.270256 -0.950071 14.073122 200.000000 14.073122 0.006446 2.578215 -0.312033 -5.908081 200.000000 -5.908081 0.016357 6.542794 -0.580057 41.817251 200.000000 41.817251 0.008024 3.209592 -0.814576 -34.766857 200.000000 -34.766857
 47.000000 -0.293783 -0.955872 -0.835243 -0.549881 -2.843410 -2.153018 -0.955872 -0.293783 -0.549881 -0.835243 0.003365 1.346034 -0.950071 14.073122 200.000000 14.073122 0.033307 13.322740 -0.312033 -5.908081 200.000000 -5.908081 0.091058 36.423297 -0.580057 41.817251 200.000000 41.817251 0.042713 17.085036 -0.814576 -34.766857 200.000000 -34.766857
 47.200000 -0.299710 -0.954030 -0.759785 -0.650175 -2.837204 -2.278611 -0.954030 -0.299710 -0.650175 -0.759785 0.001568 0.627052 -0.950071 14.073122 200.000000 14.073122 0.015187 6.074991 -0.312033 -5.908081 200.000000 -5.908081 0.491651 196.660483 -0.580057 41.817251 200.000000 41.817251 0.300208 120.083254 -0.814576 -34.766857 200.000000 -34.766857
 47.400000 -0.232207 -0.972666 -0.763879 -0.645359 -2.907246 -2.272290 -0.972666 -0.232207 -0.645359 -0.763879 0.051054 20.421691 -0.950071 14.073122 200.000000 14.073122 0.637220 254.888021 -0.312033 -5.908081 200.000000 -5.908081 0.426440 170.576080 -0.580057 41.817251 200.000000 41.817251 0.257016 102.806576 -0.814576 -34.766857 200.000000 -34.766857
 47.600000 -0.265253 -0.964179 -0.768738 -0.639563 -2.873127 -2.264727 -0.964179 -0.265253 -0.639563 -0.768738 0.019903 7.961226 -0.950071 14.073122 200.000000 14.073122 0.218844 87.537697 -0.312033 -5.908081 200.000000 -5.908081 0.354103 141.641250 -0.580057 41.817251 200.000000 41.817251 0.210109 84.043641 -0.814576 -34.766857 200.000000 -34.766857
 47.800000 -0.247609 -0.968860 -0.795545 -0.605894 -2.891381 -2.221685 -0.968860 -0.247609 -0.605894 -0.795545 0.035302 14.120890 -0.950071 14.073122 200.000000 14.073122 0.415049 166.019577 -0.312033 -5.908081 200.000000 -5.908081 0.066755 26.702197 -0.580057 41.817251 200.000000 41.817251 0.036216 14.486491 -0.814576 -34.766857 200.000000 -34.766857
 48.000000 -0.277178 -0.960818 -0.794973 -0.606645 -2.860736 -2.222630 -0.960818 -0.277178 -0.606645 -0.794973 0.011551 4.620231 -0.950071 14.073122 200.000000 14.073122 0.121488 48.595045 -0.312033 -5.908081 200.000000 -5.908081 0.070695 28.278023 -0.580057 41.817251 200.000000 41.817251 0.038429 15.371793 -0.814576 -34.766857 200.000000 -34.766857
 48.200000 -0.249315 -0.968422 -0.831794 -0.555084 -2.889620 -2.159260 -0.968422 -0.249315 -0.555084 -0.831794 0.033677 13.470857 -0.950071 14.073122 200.000000 14.073122 0.393361 157.344262 -0.312033 -5.908081 200.000000 -5.908081 0.062365 24.945878 -0.580057 41.817251 200.000000 41.817251 0.029647 11.858870 -0.814576 -34.766857 200.000000 -34.766857
 48.400000 -0.322904 -0.946432 -0.799983 -0.600022 -2.812796 -2.214325 -0.946432 -0.322904 -0.600022 -0.799983 0.001325 0.529841 -0.950071 14.073122 200.000000 14.073122 0.011818 4.727051 -0.312033 -5.908081 200.000000 -5.908081 0.039861 15.944508 -0.580057 41.817251 200.000000 41.817251 0.021294 8.517759 -0.814576 -34.766857 200.000000 -34.766857
 48.600000 -0.357644 -0.933858 -0.847686 -0.530498 -2.775849 -2.129985 -0.933858 -0.357644 -0.530498 -0.847686 0.026287 10.514684 -0.950071 14.073122 200.000000 14.073122 0.208034 83.213494 -0.312033 -5.908081 200.000000 -5.908081 0.245604 98.241724 -0.580057 41.817251 200.000000 41.817251 0.109627 43.850797 -0.814576 -34.766857 200.000000 -34.766857
 48.800000 -0.369352 -0.929289 -0.809436 -0.587208 -2.763281 -2.198402 -0.929289 -0.369352 -0.587208 -0.809436 0.043188 17.275030 -0.950071 14.073122 200.000000 14.073122 0.328544 131.417476 -0.312033 -5.908081 200.000000 -5.908081 0.005114 2.045728 -0.580057 41.817251 200.000000 41.817251 0.002642 1.056839 -0.814576 -34.766857 200.000000 -34.766857
 49.000000 -0.323261 -0.946310 -0.774625 -0.632421 -2.812419 -2.255471 -0.946310 -0.323261 -0.632421 -0.774625 0.001415 0.565879 -0.950071 14.073122 200.000000 14.073122 0.012606 5.042253 -0.312033 -5.908081 200.000000 -5.908081 0.274203 109.681359 -0.580057 41.817251 200.000000 41.817251 0.159611 63.844477 -0.814576 -34.766857 200.000000 -34.766857
 49.200000 -0.320139 -0.947371 -0.795779 -0.605587 -2.815716 -2.221300 -0.947371 -0.320139 -0.605587 -0.795779 0.000729 0.291731 -0.950071 14.073122 200.000000 14.073122 0.006570 2.628133 -0.312033 -5.908081 200.000000 -5.908081 0.065180 26.072162 -0.580057 41.817251 200.000000 41.817251 0.035333 14.133272 -0.814576 -34.766857 200.000000 -34.766857
 49.400000 -0.369480 -0.929239 -0.800884 -0.598820 -2.763143 -2.212823 -0.929239 -0.369480 -0.598820 -0.800884 0.043399 17.359708 -0.950071 14.073122 200.000000 14.073122 0.330012 132.004916 -0.312033 -5.908081 200.000000 -5.908081 0.035204 14.081677 -0.580057 41.817251 200.000000 41.817251 0.018747 7.498920 -0.814576 -34.766857 200.000000 -34.766857
 49.600000 -0.361072 -0.932538 -0.818999 -0.573795 -2.772176 -2.181928 -0.932538 -0.361072 -0.573795 -0.818999 0.030741 12.296233 -0.950071 14.073122 200.000000 14.073122 0.240473 96.189324 -0.312033 -5.908081 200.000000 -5.908081 0.003921 1.568525 -0.580057 41.817251 200.000000 41.817251 0.001956 0.782552 -0.814576 -34.766857 200.000000 -34.766857
 49.800000 -0.339543 -0.940590 -0.817220 -0.576326 -2.795161 -2.185022 -0.940590 -0.339543 -0.576326 -0.817220 0.008988 3.595338 -0.950071 14.073122 200.000000 14.073122 0.075679 30.271659 -0.312033 -5.908081 200.000000 -5.908081 0.001392 0.556704 -0.580057 41.817251 200.000000 41.817251 0.000699 0.279574 -0.814576 -34.766857 200.000000 -34.766857
 50.000000 -0.359061 -0.933314 -0.785795 -0.618487 -2.774331 -2.237612 -0.933314 -0.359061 -0.618487 -0.785795 0.028080 11.232033 -0.950071 14.073122 200.000000 14.073122 0.221161 88.464507 -0.312033 -5.908081 200.000000 -5.908081 0.147686 59.074292 -0.580057 41.817251 200.000000 41.817251 0.082833 33.133313 -0.814576 -34.766857 200.000000 -34.766857
 50.200000 -0.287787 -0.957695 -0.788988 -0.614409 -2.849678 -2.232433 -0.957695 -0.287787 -0.614409 -0.788988 0.005812 2.324668 -0.950071 14.073122 200.000000 14.073122 0.058791 23.516296 -0.312033 -5.908081 200.000000 -5.908081 0.118008 47.203094 -0.580057 41.817251 200.000000 41.817251 0.065477 26.190619 -0.814576 -34.766857 200.000000 -34.766857
 50.400000 -0.273613 -0.961840 -0.810924 -0.585152 -2.864445 -2.195863 -0.961840 -0.273613 -0.585152 -0.810924 0.013850 5.540185 -0.950071 14.073122 200.000000 14.073122 0.147614 59.045780 -0.312033 -5.908081 200.000000 -5.908081 0.002596 1.038244 -0.580057 41.817251 200.000000 41.817251 0.001334 0.533498 -0.814576 -34.766857 200.000000 -34.766857
 50.600000 -0.359991 -0.932956 -0.785310 -0.619102 -2.773335 -2.238395 -0.932956 -0.359991 -0.619102 -0.785310 0.029293 11.717267 -0.950071 14.073122 200.000000 14.073122 0.229990 91.996138 -0.312033 -5.908081 200.000000 -5.908081 0.152454 60.981631 -0.580057 41.817251 200.000000 41.817251 0.085647 34.258983 -0.814576 -34.766857 200.000000 -34.766857
 50.800000 -0.342160 -0.939642 -0.792571 -0.609780 -2.792378 -2.226580 -0.939642 -0.342160 -0.609780 -0.792571 0.010878 4.351006 -0.950071 14.073122 200.000000 14.073122 0.090763 36.305168 -0.312033 -5.908081 200.000000 -5.908081 0.088348 35.339092 -0.580057 41.817251 200.000000 41.817251 0.048424 19.369550 -0.814576 -34.766857 200.000000 -34.766857
 51.000000 -0.383420 -0.923574 -0.799013 -0.601313 -2.748096 -2.215940 -0.923574 -0.383420 -0.601313 -0.799013 0.070209 28.083695 -0.950071 14.073122 200.000000 14.073122 0.509604 203.841606 -0.312033 -5.908081 200.000000 -5.908081 0.045183 18.073043 -0.580057 41.817251 200.000000 41.817251 0.024219 9.687620 -0.814576 -34.766857 200.000000 -34.766857
 51.200000 -0.310576 -0.950549 -0.729052 -0.684458 -2.825794 -2.324656 -0.950549 -0.310576 -0.684458 -0.729052 0.000023 0.009118 -0.950071 14.073122 200.000000 14.073122 0.000212 0.084972 -0.312033 -5.908081 200.000000 -5.908081 1.089961 435.984272 -0.580057 41.817251 200.000000 41.817251 0.731431 292.572437 -0.814576 -34.766857 200.000000 -34.766857
 51.400000 -0.348160 -0.937435 -0.782076 -0.623183 -2.785985 -2.243602 -0.937435 -0.348160 -0.623183 -0.782076 0.015967 6.386656 -0.950071 14.073122 200.000000 14.073122 0.130511 52.204535 -0.312033 -5.908081 200.000000 -5.908081 0.185984 74.393700 -0.580057 41.817251 200.000000 41.817251 0.105623 42.249332 -0.814576 -34.766857 200.000000 -34.766857
 51.600000 -0.350383 -0.936606 -0.788980 -0.614419 -2.783612 -2.232446 -0.936606 -0.350383 -0.614419 -0.788980 0.018130 7.251953 -0.950071 14.073122 200.000000 14.073122 0.147071 58.828490 -0.312033 -5.908081 200.000000 -5.908081 0.118076 47.230244 -0.580057 41.817251 200.000000 41.817251 0.065516 26.206368 -0.814576 -34.766857 200.000000 -34.766857
 51.800000 -0.283322 -0.959025 -0.830880 -0.556451 -2.854337 -2.160905 -0.959025 -0.283322 -0.556451 -0.830880 0.008017 3.206848 -0.950071 14.073122 200.000000 14.073122 0.082437 32.974774 -0.312033 -5.908081 200.000000 -5.908081 0.055724 22.289416 -0.580057 41.817251 200.000000 41.817251 0.026583 10.633371 -0.814576 -34.766857 200.000000 -34.766857
 52.000000 -0.350284 -0.936644 -0.783924 -0.620857 -2.783719 -2.240632 -0.936644 -0.350284 -0.620857 -0.783924 0.018030 7.211901 -0.950071 14.073122 200.000000 14.073122 0.146309 58.523480 -0.312033 -5.908081 200.000000 -5.908081 0.166464 66.585702 -0.580057 41.817251 200.000000 41.817251 0.093955 37.581966 -0.814576 -34.766857 200.000000 -34.766857
 52.200000 -0.320364 -0.947295 -0.771243 -0.636541 -2.815479 -2.260801 -0.947295 -0.320364 -0.636541 -0.771243 0.000771 0.308363 -0.950071 14.073122 200.000000 14.073122 0.006939 2.775773 -0.312033 -5.908081 200.000000 -5.908081 0.319044 127.617713 -0.580057 41.817251 200.000000 41.817251 0.187775 75.110016 -0.814576 -34.766857 200.000000 -34.766857
 52.400000 -0.341253 -0.939971 -0.836443 -0.548054 -2.793343 -2.150832 -0.939971 -0.341253 -0.548054 -0.836443 0.010201 4.080242 -0.950071 14.073122 200.000000 14.073122 0.085381 34.152394 -0.312033 -5.908081 200.000000 -5.908081 0.102422 40.968633 -0.580057 41.817251 200.000000 41.817251 0.047818 19.127159 -0.814576 -34.766857 200.000000 -34.766857
 52.600000 -0.286128 -0.958191 -0.842723 -0.538348 -2.851409 -2.139272 -0.958191 -0.286128 -0.538348 -0.842723 0.006594 2.637495 -0.950071 14.073122 200.000000 14.073122 0.067107 26.842962 -0.312033 -5.908081 200.000000 -5.908081 0.173962 69.584917 -0.580057 41.817251 200.000000 41.817251 0.079223 31.689243 -0.814576 -34.766857 200.000000 -34.766857
 52.800000 -0.305919 -0.952058 -0.789228 -0.614100 -2.830690 -2.232042 -0.952058 -0.305919 -0.614100 -0.789228 0.000395 0.157857 -0.950071 14.073122 200.000000 14.073122 0.003739 1.495669 -0.312033 -5.908081 200.000000 -5.908081 0.115894 46.357569 -0.580057 41.817251 200.000000 41.817251 0.064251 25.700459 -0.814576 -34.766857 200.000000 -34.766857
 53.000000 -0.356993 -0.934107 -0.827386 -0.561634 -2.776546 -2.167155 -0.934107 -0.356993 -0.561634 -0.827386 0.025485 10.194099 -0.950071 14.073122 200.000000 14.073122 0.202137 80.854848 -0.312033 -5.908081 200.000000 -5.908081 0.033941 13.576596 -0.580057 41.817251 200.000000 41.817251 0.016410 6.563894 -0.814576 -34.766857 200.000000 -34.766857
 53.200000 -0.316467 -0.948603 -0.816265 -0.577677 -2.819590 -2.186677 -0.948603 -0.316467 -0.577677 -0.816265 0.000215 0.086161 -0.950071 14.073122 200.000000 14.073122 0.001966 0.786320 -0.312033 -5.908081 200.000000 -5.908081 0.000566 0.226474 -0.580057 41.817251 200.000000 41.817251 0.000285 0.114133 -0.814576 -34.766857 200.000000 -34.766857
 53.400000 -0.280913 -0.959733 -0.766696 -0.642010 -2.856847 -2.267914 -0.959733 -0.280913 -0.642010 -0.766696 0.009336 3.734201 -0.950071 14.073122 200.000000 14.073122 0.096847 38.738611 -0.312033 -5.908081 200.000000 -5.908081 0.383824 153.529626 -0.580057 41.817251 200.000000 41.817251 0.229250 91.700014 -0.814576 -34.766857 200.000000 -34.766857
 53.600000 -0.349866 -0.936800 -0.800541 -0.599278 -2.784165 -2.213395 -0.936800 -0.349866 -0.599278 -0.800541 0.017613 7.045118 -0.950071 14.073122 200.000000 14.073122 0.143129 57.251749 -0.312033 -5.908081 200.000000 -5.908081 0.036945 14.778140 -0.580057 41.817251 200.000000 41.817251 0.019698 7.879274 -0.814576 -34.766857 200.000000 -34.766857
 53.800000 -0.380896 -0.924618 -0.782799 -0.622274 -2.750828 -2.242441 -0.924618 -0.380896 -0.622274 -0.782799 0.064786 25.914413 -0.950071 14.073122 200.000000 14.073122 0.474201 189.680317 -0.312033 -5.908081 200.000000 -5.908081 0.178231 71.292519 -0.580057 41.817251 200.000000 41.817251 0.100976 40.390421 -0.814576 -34.766857 200.000000 -34.766857
 54.000000 -0.329603 -0.944120 -0.760866 -0.648910 -2.805710 -2.276947 -0.944120 -0.329603 -0.648910 -0.760866 0.003542 1.416808 -0.950071 14.073122 200.000000 14.073122 0.030869 12.347536 -0.312033 -5.908081 200.000000 -5.908081 0.474068 189.627396 -0.580057 41.817251 200.000000 41.817251 0.288481 115.392230 -0.814576 -34.766857 200.000000 -34.766857
 54.200000 -0.326213 -0.945296 -0.753031 -0.657985 -2.809298 -2.288936 -0.945296 -0.326213 -0.657985 -0.753031 0.002280 0.911928 -0.950071 14.073122 200.000000 14.073122 0.020105 8.042127 -0.312033 -5.908081 200.000000 -5.908081 0.607282 242.912617 -0.580057 41.817251 200.000000 41.817251 0.378780 151.511849 -0.814576 -34.766857 200.000000 -34.766857
 54.400000 -0.369256 -0.929328 -0.809807 -0.586697 -2.763384 -2.197770 -0.929328 -0.369256 -0.586697 -0.809807 0.043029 17.211548 -0.950071 14.073122 200.000000 14.073122 0.327442 130.976841 -0.312033 -5.908081 200.000000 -5.908081 0.004409 1.763623 -0.580057 41.817251 200.000000 41.817251 0.002275 0.909887 -0.814576 -34.766857 200.000000 -34.766857
 54.600000 -0.272784 -0.962075 -0.799860 -0.600187 -2.865307 -2.214531 -0.962075 -0.272784 -0.600187 -0.799860 0.014410 5.764090 -0.950071 14.073122 200.000000 14.073122 0.154054 61.621582 -0.312033 -5.908081 200.000000 -5.908081 0.040521 16.208299 -0.580057 41.817251 200.000000 41.817251 0.021656 8.662417 -0.814576 -34.766857 200.000000 -34.766857
 54.800000 -0.277877 -0.960617 -0.834296 -0.551317 -2.860010 -2.154738 -0.960617 -0.277877 -0.551317 -0.834296 0.011121 4.448421 -0.950071 14.073122 200.000000 14.073122 0.116669 46.667407 -0.312033 -5.908081 200.000000 -5.908081 0.082598 33.039334 -0.580057 41.817251 200.000000 41.817251 0.038887 15.554992 -0.814576 -34.766857 200.000000 -34.766857
 55.000000 -0.385131 -0.922862 -0.814642 -0.579965 -2.746243 -2.189482 -0.922862 -0.385131 -0.579965 -0.814642 0.074033 29.613370 -0.950071 14.073122 200.000000 14.073122 0.534321 213.728426 -0.312033 -5.908081 200.000000 -5.908081 0.000001 0.000340 -0.580057 41.817251 200.000000 41.817251 0.000000 0.000172 -0.814576 -34.766857 200.000000 -34.766857
 55.200000 -0.396665 -0.917963 -0.825621 -0.564225 -2.733711 -2.170290 -0.917963 -0.396665 -0.564225 -0.825621 0.103091 41.236344 -0.950071 14.073122 200.000000 14.073122 0.716253 286.501378 -0.312033 -5.908081 200.000000 -5.908081 0.025067 10.026601 -0.580057 41.817251 200.000000 41.817251 0.012200 4.880083 -0.814576 -34.766857 200.000000 -34.766857
 55.400000 -0.322939 -0.946420 -0.815630 -0.578574 -2.812759 -2.187776 -0.946420 -0.322939 -0.578574 -0.815630 0.001333 0.533319 -0.950071 14.073122 200.000000 14.073122 0.011894 4.757495 -0.312033 -5.908081 200.000000 -5.908081 0.000220 0.087903 -0.580057 41.817251 200.000000 41.817251 0.000111 0.044403 -0.814576 -34.766857 200.000000 -34.766857
 55.600000 -0.288782 -0.957395 -0.802921 -0.596085 -2.848639 -2.209413 -0.957395 -0.288782 -0.596085 -0.802921 0.005364 2.145586 -0.950071 14.073122 200.000000 14.073122 0.054065 21.626100 -0.312033 -5.908081 200.000000 -5.908081 0.025691 10.276379 -0.580057 41.817251 200.000000 41.817251 0.013584 5.433414 -0.814576 -34.766857 200.000000 -34.766857
 55.800000 -0.317501 -0.948258 -0.808366 -0.588680 -2.818499 -2.200221 -0.948258 -0.317501 -0.588680 -0.808366 0.000329 0.131521 -0.950071 14.073122 200.000000 14.073122 0.002990 1.195907 -0.312033 -5.908081 200.000000 -5.908081 0.007435 2.974158 -0.580057 41.817251 200.000000 41.817251 0.003856 1.542379 -0.814576 -34.766857 200.000000 -34.766857
 56.000000 -0.278452 -0.960450 -0.828690 -0.559708 -2.859411 -2.164829 -0.960450 -0.278452 -0.559708 -0.828690 0.010773 4.309062 -0.950071 14.073122 200.000000 14.073122 0.112774 45.109578 -0.312033 -5.908081 200.000000 -5.908081 0.041409 16.563722 -0.580057 41.817251 200.000000 41.817251 0.019921 7.968424 -0.814576 -34.766857 200.000000 -34.766857
 56.200000 -0.311980 -0.950089 -0.780126 -0.625622 -2.824316 -2.246725 -0.950089 -0.311980 -0.625622 -0.780126 0.000000 0.000012 -0.950071 14.073122 200.000000 14.073122 0.000000 0.000113 -0.312033 -5.908081 200.000000 -5.908081 0.207620 83.048167 -0.580057 41.817251 200.000000 41.817251 0.118679 47.471667 -0.814576 -34.766857 200.000000 -34.766857
 56.400000 -0.322128 -0.946696 -0.832057 -0.554690 -2.813616 -2.158787 -0.946696 -0.322128 -0.554690 -0.832057 0.001139 0.455644 -0.950071 14.073122 200.000000 14.073122 0.010190 4.076187 -0.312033 -5.908081 200.000000 -5.908081 0.064348 25.739241 -0.580057 41.817251 200.000000 41.817251 0.030559 12.223627 -0.814576 -34.766857 200.000000 -34.766857
 56.600000 -0.304873 -0.952393 -0.803810 -0.594886 -2.831788 -2.207921 -0.952393 -0.304873 -0.594886 -0.803810 0.000539 0.215658 -0.950071 14.073122 200.000000 14.073122 0.005127 2.050972 -0.312033 -5.908081 200.000000 -5.908081 0.021991 8.796519 -0.580057 41.817251 200.000000 41.817251 0.011591 4.636396 -0.814576 -34.766857 200.000000 -34.766857
 56.800000 -0.311925 -0.950107 -0.774934 -0.632042 -2.824374 -2.254982 -0.950107 -0.311925 -0.632042 -0.774934 0.000000 0.000051 -0.950071 14.073122 200.000000 14.073122 0.000001 0.000469 -0.312033 -5.908081 200.000000 -5.908081 0.270250 108.099986 -0.580057 41.817251 200.000000 41.817251 0.157150 62.860197 -0.814576 -34.766857 200.000000 -34.766857
 57.000000 -0.306905 -0.951740 -0.841845 -0.539720 -2.829653 -2.140901 -0.951740 -0.306905 -0.539720 -0.841845 0.000279 0.111426 -0.950071 14.073122 200.000000 14.073122 0.002630 1.052022 -0.312033 -5.908081 200.000000 -5.908081 0.162709 65.083448 -0.580057 41.817251 200.000000 41.817251 0.074359 29.743500 -0.814576 -34.766857 200.000000 -34.766857
 57.200000 -0.306802 -0.951773 -0.784709 -0.619864 -2.829762 -2.239366 -0.951773 -0.306802 -0.619864 -0.784709 0.000290 0.115912 -0.950071 14.073122 200.000000 14.073122 0.002737 1.094786 -0.312033 -5.908081 200.000000 -5.908081 0.158464 63.385419 -0.580057 41.817251 200.000000 41.817251 0.089204 35.681509 -0.814576 -34.766857 200.000000 -34.766857
 57.400000 -0.264357 -0.964425 -0.784175 -0.620539 -2.874055 -2.240227 -0.964425 -0.264357 -0.620539 -0.784175 0.020603 8.241141 -0.950071 14.073122 200.000000 14.073122 0.227301 90.920589 -0.312033 -5.908081 200.000000 -5.908081 0.163883 65.553122 -0.580057 41.817251 200.000000 41.817251 0.092420 36.967966 -0.814576 -34.766857 200.000000 -34.766857
 57.600000 -0.303702 -0.952767 -0.795779 -0.605587 -2.833016 -2.221300 -0.952767 -0.303702 -0.605587 -0.795779 0.000727 0.290694 -0.950071 14.073122 200.000000 14.073122 0.006940 2.776200 -0.312033 -5.908081 200.000000 -5.908081 0.065181 26.072221 -0.580057 41.817251 200.000000 41.817251 0.035333 14.133306 -0.814576 -34.766857 200.000000 -34.766857
 57.800000 -0.389347 -0.921091 -0.788959 -0.614446 -2.741670 -2.232480 -0.921091 -0.389347 -0.614446 -0.788959 0.083984 33.593541 -0.950071 14.073122 200.000000 14.073122 0.597739 239.095483 -0.312033 -5.908081 200.000000 -5.908081 0.118260 47.303856 -0.580057 41.817251 200.000000 41.817251 0.065623 26.249072 -0.814576 -34.766857 200.000000 -34.766857
 58.000000 -0.363566 -0.931568 -0.824209 -0.566285 -2.769499 -2.172788 -0.931568 -0.363566 -0.566285 -0.824209 0.034235 13.694048 -0.950071 14.073122 200.000000 14.073122 0.265562 106.224801 -0.312033 -5.908081 200.000000 -5.908081 0.018967 7.586606 -0.580057 41.817251 200.000000 41.817251 0.009281 3.712203 -0.814576 -34.766857 200.000000 -34.766857
 58.200000 -0.303872 -0.952713 -0.765150 -0.643852 -2.832839 -2.270318 -0.952713 -0.303872 -0.643852 -0.765150 0.000698 0.279179 -0.950071 14.073122 200.000000 14.073122 0.006662 2.664613 -0.312033 -5.908081 200.000000 -5.908081 0.406975 162.790200 -0.580057 41.817251 200.000000 41.817251 0.244288 97.715256 -0.814576 -34.766857 200.000000 -34.766857
 58.400000 -0.373172 -0.927762 -0.765375 -0.643585 -2.759167 -2.269970 -0.927762 -0.373172 -0.643585 -0.765375 0.049770 19.907844 -0.950071 14.073122 200.000000 14.073122 0.373797 149.518899 -0.312033 -5.908081 200.000000 -5.908081 0.403584 161.433465 -0.580057 41.817251 200.000000 41.817251 0.242078 96.831221 -0.814576 -34.766857 200.000000 -34.766857
 58.600000 -0.369962 -0.929047 -0.805711 -0.592309 -2.762625 -2.204718 -0.929047 -0.369962 -0.592309 -0.805711 0.044202 17.680721 -0.950071 14.073122 200.000000 14.073122 0.335572 134.228626 -0.312033 -5.908081 200.000000 -5.908081 0.015011 6.004278 -0.580057 41.817251 200.000000 41.817251 0.007859 3.143425 -0.814576 -34.766857 200.000000 -34.766857
 58.800000 -0.325112 -0.945675 -0.815505 -0.578750 -2.810462 -2.187991 -0.945675 -0.325112 -0.578750 -0.815505 0.001932 0.772859 -0.950071 14.073122 200.000000 14.073122 0.017105 6.842012 -0.312033 -5.908081 200.000000 -5.908081 0.000171 0.068327 -0.580057 41.817251 200.000000 41.817251 0.000086 0.034530 -0.814576 -34.766857 200.000000 -34.766857
 59.000000 -0.388491 -0.921453 -0.814383 -0.580327 -2.742600 -2.189927 -0.921453 -0.388491 -0.580327 -0.814383 0.081901 32.760578 -0.950071 14.073122 200.000000 14.073122 0.584570 233.827821 -0.312033 -5.908081 200.000000 -5.908081 0.000007 0.002924 -0.580057 41.817251 200.000000 41.817251 0.000004 0.001484 -0.814576 -34.766857 200.000000 -34.766857
 59.200000 -0.348332 -0.937371 -0.768075 -0.640359 -2.785801 -2.265762 -0.937371 -0.348332 -0.640359 -0.768075 0.016129 6.451584 -0.950071 14.073122 200.000000 14.073122 0.131760 52.704134 -0.312033 -5.908081 200.000000 -5.908081 0.363638 145.455365 -0.580057 41.817251 200.000000 41.817251 0.216230 86.491848 -0.814576 -34.766857 200.000000 -34.766857
 59.400000 -0.281738 -0.959492 -0.811022 -0.585016 -2.855988 -2.195696 -0.959492 -0.281738 -0.585016 -0.811022 0.008874 3.549758 -0.950071 14.073122 200.000000 14.073122 0.091784 36.713744 -0.312033 -5.908081 200.000000 -5.908081 0.002459 0.983688 -0.580057 41.817251 200.000000 41.817251 0.001263 0.505286 -0.814576 -34.766857 200.000000 -34.766857
 59.600000 -0.311671 -0.950190 -0.761630 -0.648013 -2.824641 -2.275768 -0.950190 -0.311671 -0.648013 -0.761630 0.000001 0.000566 -0.950071 14.073122 200.000000 14.073122 0.000013 0.005249 -0.312033 -5.908081 200.000000 -5.908081 0.461798 184.719025 -0.580057 41.817251 200.000000 41.817251 0.280331 112.132579 -0.814576 -34.766857 200.000000 -34.766857
 59.800000 -0.348436 -0.937333 -0.840353 -0.542040 -2.785691 -2.143659 -0.937333 -0.348436 -0.542040 -0.840353 0.016227 6.490818 -0.950071 14.073122 200.000000 14.073122 0.132515 53.005819 -0.312033 -5.908081 200.000000 -5.908081 0.144532 57.812677 -0.580057 41.817251 200.000000 41.817251 0.066445 26.578154 -0.814576 -34.766857 200.000000 -34.766857
 60.000000 -0.306565 -0.951850 -0.782167 -0.623069 -2.830011 -2.243457 -0.951850 -0.306565 -0.623069 -0.782167 0.000316 0.126560 -0.950071 14.073122 200.000000 14.073122 0.002991 1.196368 -0.312033 -5.908081 200.000000 -5.908081 0.185004 74.001460 -0.580057 41.817251 200.000000 41.817251 0.105035 42.013847 -0.814576 -34.766857 200.000000 -34.766857
 60.200000 -0.319400 -0.947620 -0.780150 -0.625593 -2.816496 -2.246688 -0.947620 -0.319400 -0.625593 -0.780150 0.000601 0.240329 -0.950071 14.073122 200.000000 14.073122 0.005427 2.170706 -0.312033 -5.908081 200.000000 -5.908081 0.207353 82.941377 -0.580057 41.817251 200.000000 41.817251 0.118517 47.406922 -0.814576 -34.766857 200.000000 -34.766857
 60.400000 -0.390484 -0.920610 -0.831671 -0.555268 -2.740435 -2.159482 -0.920610 -0.390484 -0.555268 -0.831671 0.086798 34.719268 -0.950071 14.073122 200.000000 14.073122 0.615454 246.181436 -0.312033 -5.908081 200.000000 -5.908081 0.061448 24.579211 -0.580057 41.817251 200.000000 41.817251 0.029225 11.690101 -0.814576 -34.766857 200.000000 -34.766857
 60.600000 -0.377594 -0.925971 -0.799686 -0.600419 -2.754396 -2.214821 -0.925971 -0.377594 -0.600419 -0.799686 0.058081 23.232319 -0.950071 14.073122 200.000000 14.073122 0.429822 171.928721 -0.312033 -5.908081 200.000000 -5.908081 0.041461 16.584305 -0.580057 41.817251 200.000000 41.817251 0.022172 8.868773 -0.814576 -34.766857 200.000000 -34.766857
 60.800000 -0.344145 -0.938917 -0.817434 -0.576022 -2.790265 -2.184650 -0.938917 -0.344145 -0.576022 -0.817434 0.012442 4.976915 -0.950071 14.073122 200.000000 14.073122 0.103113 41.245344 -0.312033 -5.908081 200.000000 -5.908081 0.001628 0.651212 -0.580057 41.817251 200.000000 41.817251 0.000817 0.326777 -0.814576 -34.766857 200.000000 -34.766857
 61.000000 -0.222002 -0.975046 -0.849659 -0.527332 -2.917725 -2.126253 -0.975046 -0.222002 -0.527332 -0.849659 0.062376 24.950206 -0.950071 14.073122 200.000000 14.073122 0.810566 324.226382 -0.312033 -5.908081 200.000000 -5.908081 0.277994 111.197573 -0.580057 41.817251 200.000000 41.817251 0.123085 49.234095 -0.814576 -34.766857 200.000000 -34.766857
 61.200000 -0.394824 -0.918757 -0.803125 -0.595811 -2.735716 -2.209072 -0.918757 -0.394824 -0.595811 -0.803125 0.098060 39.223883 -0.950071 14.073122 200.000000 14.073122 0.685433 274.173231 -0.312033 -5.908081 200.000000 -5.908081 0.024819 9.927799 -0.580057 41.817251 200.000000 41.817251 0.013113 5.245343 -0.814576 -34.766857 200.000000 -34.766857
 61.400000 -0.333532 -0.942739 -0.804179 -0.594387 -2.801545 -2.207299 -0.942739 -0.333532 -0.594387 -0.804179 0.005376 2.150594 -0.950071 14.073122 200.000000 14.073122 0.046220 18.488066 -0.312033 -5.908081 200.000000 -5.908081 0.020534 8.213741 -0.580057 41.817251 200.000000 41.817251 0.010809 4.323574 -0.814576 -34.766857 200.000000 -34.766857
 61.600000 -0.276445 -0.961030 -0.769246 -0.638953 -2.861500 -2.263933 -0.961030 -0.276445 -0.638953 -0.769246 0.012009 4.803647 -0.950071 14.073122 200.000000 14.073122 0.126653 50.661397 -0.312033 -5.908081 200.000000 -5.908081 0.346878 138.751064 -0.580057 41.817251 200.000000 41.817251 0.205484 82.193689 -0.814576 -34.766857 200.000000 -34.766857
 61.800000 -0.368568 -0.929601 -0.781719 -0.623630 -2.764124 -2.244174 -0.929601 -0.368568 -0.623630 -0.781719 0.041904 16.761453 -0.950071 14.073122 200.000000 14.073122 0.319617 127.846794 -0.312033 -5.908081 200.000000 -5.908081 0.189864 75.945638 -0.580057 41.817251 200.000000 41.817251 0.107955 43.182087 -0.814576 -34.766857 200.000000 -34.766857
 62.000000 -0.312473 -0.949926 -0.824432 -0.565961 -2.823797 -2.172395 -0.949926 -0.312473 -0.565961 -0.824432 0.000002 0.000837 -0.950071 14.073122 200.000000 14.073122 0.000019 0.007745 -0.312033 -5.908081 200.000000 -5.908081 0.019869 7.947716 -0.580057 41.817251 200.000000 41.817251 0.009714 3.885645 -0.814576 -34.766857 200.000000 -34.766857
 62.200000 -0.307439 -0.951568 -0.778874 -0.627180 -2.829092 -2.248724 -0.951568 -0.307439 -0.627180 -0.778874 0.000224 0.089608 -0.950071 14.073122 200.000000 14.073122 0.002111 0.844419 -0.312033 -5.908081 200.000000 -5.908081 0.222058 88.823077 -0.580057 41.817251 200.000000 41.817251 0.127460 50.983973 -0.814576 -34.766857 200.000000 -34.766857
 62.400000 -0.323020 -0.946392 -0.772396 -0.635142 -2.812674 -2.258988 -0.946392 -0.323020 -0.635142 -0.772396 0.001353 0.541385 -0.950071 14.073122 200.000000 14.073122 0.012070 4.828085 -0.312033 -5.908081 200.000000 -5.908081 0.303432 121.372874 -0.580057 41.817251 200.000000 41.817251 0.177917 71.166848 -0.814576 -34.766857 200.000000 -34.766857
 62.600000 -0.315497 -0.948926 -0.777291 -0.629141 -2.820612 -2.251244 -0.948926 -0.315497 -0.629141 -0.777291 0.000131 0.052410 -0.950071 14.073122 200.000000 14.073122 0.001200 0.479947 -0.312033 -5.908081 200.000000 -5.908081 0.240924 96.369591 -0.580057 41.817251 200.000000 41.817251 0.139015 55.605923 -0.814576 -34.766857 200.000000 -34.766857
 62.800000 -0.346537 -0.938036 -0.776241 -0.630436 -2.787716 -2.252911 -0.938036 -0.346537 -0.630436 -0.776241 0.014483 5.793375 -0.950071 14.073122 200.000000 14.073122 0.119048 47.619079 -0.312033 -5.908081 200.000000 -5.908081 0.253803 101.521170 -0.580057 41.817251 200.000000 41.817251 0.146954 58.781450 -0.814576 -34.766857 200.000000 -34.766857
 63.000000 -0.332384 -0.943144 -0.766734 -0.641965 -2.802762 -2.267854 -0.943144 -0.332384 -0.641965 -0.766734 0.004799 1.919414 -0.950071 14.073122 200.000000 14.073122 0.041416 16.566598 -0.312033 -5.908081 200.000000 -5.908081 0.383259 153.303665 -0.580057 41.817251 200.000000 41.817251 0.228884 91.553796 -0.814576 -34.766857 200.000000 -34.766857
 63.200000 -0.343321 -0.939218 -0.819541 -0.573021 -2.791142 -2.180983 -0.939218 -0.343321 -0.573021 -0.819541 0.011779 4.711653 -0.950071 14.073122 200.000000 14.073122 0.097894 39.157683 -0.312033 -5.908081 200.000000 -5.908081 0.004951 1.980294 -0.580057 41.817251 200.000000 41.817251 0.002465 0.986008 -0.814576 -34.766857 200.000000 -34.766857
 63.400000 -0.377266 -0.926105 -0.806759 -0.590881 -2.754750 -2.202946 -0.926105 -0.377266 -0.590881 -0.806759 0.057437 22.974957 -0.950071 14.073122 200.000000 14.073122 0.425526 170.210482 -0.312033 -5.908081 200.000000 -5.908081 0.011715 4.686131 -0.580057 41.817251 200.000000 41.817251 0.006110 2.444198 -0.814576 -34.766857 200.000000 -34.766857
 63.600000 -0.287400 -0.957811 -0.809619 -0.586955 -2.850082 -2.198089 -0.957811 -0.287400 -0.586955 -0.809619 0.005990 2.396061 -0.950071 14.073122 200.000000 14.073122 0.060682 24.272766 -0.312033 -5.908081 200.000000 -5.908081 0.004759 1.903470 -0.580057 41.817251 200.000000 41.817251 0.002457 0.982698 -0.814576 -34.766857 200.000000 -34.766857
 63.800000 -0.337416 -0.941356 -0.835592 -0.549350 -2.797423 -2.152383 -0.941356 -0.337416 -0.549350 -0.835592 0.007596 3.038279 -0.950071 14.073122 200.000000 14.073122 0.064425 25.770134 -0.312033 -5.908081 200.000000 -5.908081 0.094291 37.716422 -0.580057 41.817251 200.000000 41.817251 0.044169 17.667494 -0.814576 -34.766857 200.000000 -34.766857
 64.000000 -0.359808 -0.933026 -0.805178 -0.593033 -2.773531 -2.205617 -0.933026 -0.359808 -0.593033 -0.805178 0.029052 11.620949 -0.950071 14.073122 200.000000 14.073122 0.228241 91.296389 -0.312033 -5.908081 200.000000 -5.908081 0.016838 6.735346 -0.580057 41.817251 200.000000 41.817251 0.008832 3.532844 -0.814576 -34.766857 200.000000 -34.766857
 64.200000 -0.373718 -0.927542 -0.831985 -0.554798 -2.758578 -2.158917 -0.927542 -0.373718 -0.554798 -0.831985 0.050755 20.302057 -0.950071 14.073122 200.000000 14.073122 0.380503 152.201313 -0.312033 -5.908081 200.000000 -5.908081 0.063800 25.520189 -0.580057 41.817251 200.000000 41.817251 0.030307 12.122971 -0.814576 -34.766857 200.000000 -34.766857
 64.400000 -0.330667 -0.943748 -0.770175 -0.637832 -2.804583 -2.262477 -0.943748 -0.330667 -0.637832 -0.770175 0.003999 1.599495 -0.950071 14.073122 200.000000 14.073122 0.034720 13.888100 -0.312033 -5.908081 200.000000 -5.908081 0.333798 133.519242 -0.580057 41.817251 200.000000 41.817251 0.197141 78.856425 -0.814576 -34.766857 200.000000 -34.766857
 64.600000 -0.269777 -0.962923 -0.749640 -0.661846 -2.868432 -2.294074 -0.962923 -0.269777 -0.661846 -0.749640 0.016517 6.606752 -0.950071 14.073122 200.000000 14.073122 0.178564 71.425401 -0.312033 -5.908081 200.000000 -5.908081 0.668937 267.574961 -0.580057 41.817251 200.000000 41.817251 0.421664 168.665727 -0.814576 -34.766857 200.000000 -34.766857
 64.800000 -0.321013 -0.947075 -0.858895 -0.512152 -2.814794 -2.108485 -0.947075 -0.321013 -0.512152 -0.858895 0.000898 0.359129 -0.950071 14.073122 200.000000 14.073122 0.008063 3.225380 -0.312033 -5.908081 200.000000 -5.908081 0.461108 184.443081 -0.580057 41.817251 200.000000 41.817251 0.196416 78.566522 -0.814576 -34.766857 200.000000 -34.766857
 65.000000 -0.313193 -0.949690 -0.802356 -0.596845 -2.823040 -2.210360 -0.949690 -0.313193 -0.596845 -0.802356 0.000015 0.005823 -0.950071 14.073122 200.000000 14.073122 0.000134 0.053766 -0.312033 -5.908081 200.000000 -5.908081 0.028186 11.274200 -0.580057 41.817251 200.000000 41.817251 0.014932 5.972869 -0.814576 -34.766857 200.000000 -34.766857
 65.200000 -0.409294 -0.912403 -0.799216 -0.601043 -2.719913 -2.215602 -0.912403 -0.409294 -0.601043 -0.799216 0.141892 56.756658 -0.950071 14.073122 200.000000 14.073122 0.945959 378.383650 -0.312033 -5.908081 200.000000 -5.908081 0.044044 17.617407 -0.580057 41.817251 200.000000 41.817251 0.023592 9.436704 -0.814576 -34.766857 200.000000 -34.766857
 65.400000 -0.356790 -0.934185 -0.788112 -0.615532 -2.776763 -2.233858 -0.934185 -0.356790 -0.615532 -0.788112 0.025238 10.095282 -0.950071 14.073122 200.000000 14.073122 0.200316 80.126290 -0.312033 -5.908081 200.000000 -5.908081 0.125851 50.340530 -0.580057 41.817251 200.000000 41.817251 0.070036 28.014583 -0.814576 -34.766857 200.000000 -34.766857
 65.600000 -0.348173 -0.937430 -0.801479 -0.598023 -2.785972 -2.211829 -0.937430 -0.348173 -0.598023 -0.801479 0.015979 6.391498 -0.950071 14.073122 200.000000 14.073122 0.130605 52.241801 -0.312033 -5.908081 200.000000 -5.908081 0.032280 12.911921 -0.580057 41.817251 200.000000 41.817251 0.017154 6.861652 -0.814576 -34.766857 200.000000 -34.766857
 65.800000 -0.338761 -0.940873 -0.753865 -0.657030 -2.795993 -2.287668 -0.940873 -0.338761 -0.657030 -0.753865 0.008461 3.384553 -0.950071 14.073122 200.000000 14.073122 0.071435 28.574007 -0.312033 -5.908081 200.000000 -5.908081 0.592483 236.993147 -0.580057 41.817251 200.000000 41.817251 0.368587 147.434786 -0.814576 -34.766857 200.000000 -34.766857
 66.000000 -0.282048 -0.959400 -0.812716 -0.582660 -2.855665 -2.192794 -0.959400 -0.282048 -0.582660 -0.812716 0.008704 3.481442 -0.950071 14.073122 200.000000 14.073122 0.089915 35.966173 -0.312033 -5.908081 200.000000 -5.908081 0.000678 0.271010 -0.580057 41.817251 200.000000 41.817251 0.000346 0.138357 -0.814576 -34.766857 200.000000 -34.766857
 66.200000 -0.310189 -0.950675 -0.811123 -0.584876 -2.826201 -2.195524 -0.950675 -0.310189 -0.584876 -0.811123 0.000036 0.014589 -0.950071 14.073122 200.000000 14.073122 0.000340 0.136135 -0.312033 -5.908081 200.000000 -5.908081 0.002322 0.928945 -0.580057 41.817251 200.000000 41.817251 0.001192 0.476993 -0.814576 -34.766857 200.000000 -34.766857
 66.400000 -0.253498 -0.967336 -0.848684 -0.528900 -2.885298 -2.128101 -0.967336 -0.253498 -0.528900 -0.848684 0.029808 11.923022 -0.950071 14.073122 200.000000 14.073122 0.342643 137.057216 -0.312033 -5.908081 200.000000 -5.908081 0.261700 104.679809 -0.580057 41.817251 200.000000 41.817251 0.116336 46.534205 -0.814576 -34.766857 200.000000 -34.766857
 66.600000 -0.342192 -0.939630 -0.818956 -0.573857 -2.792344 -2.182004 -0.939630 -0.342192 -0.573857 -0.818956 0.010902 4.360641 -0.950071 14.073122 200.000000 14.073122 0.090954 36.381593 -0.312033 -5.908081 200.000000 -5.908081 0.003844 1.537774 -0.580057 41.817251 200.000000 41.817251 0.001918 0.767333 -0.814576 -34.766857 200.000000 -34.766857
 66.800000 -0.303581 -0.952806 -0.754592 -0.656195 -2.833144 -2.286561 -0.952806 -0.303581 -0.656195 -0.754592 0.000748 0.299102 -0.950071 14.073122 200.000000 14.073122 0.007144 2.857740 -0.312033 -5.908081 200.000000 -5.908081 0.579695 231.877985 -0.580057 41.817251 200.000000 41.817251 0.359811 143.924425 -0.814576 -34.766857 200.000000 -34.766857
 67.000000 -0.313632 -0.949545 -0.772607 -0.634884 -2.822577 -2.258655 -0.949545 -0.313632 -0.634884 -0.772607 0.000028 0.011088 -0.950071 14.073122 200.000000 14.073122 0.000256 0.102211 -0.312033 -5.908081 200.000000 -5.908081 0.300601 120.240421 -0.580057 41.817251 200.000000 41.817251 0.176135 70.454148 -0.814576 -34.766857 200.000000 -34.766857
 67.200000 -0.289369 -0.957218 -0.799273 -0.600969 -2.848026 -2.215509 -0.957218 -0.289369 -0.600969 -0.799273 0.005107 2.042986 -0.950071 14.073122 200.000000 14.073122 0.051370 20.547959 -0.312033 -5.908081 200.000000 -5.908081 0.043730 17.492018 -0.580057 41.817251 200.000000 41.817251 0.023419 9.367699 -0.814576 -34.766857 200.000000 -34.766857
 67.400000 -0.419587 -0.907715 -0.785933 -0.618312 -2.708602 -2.237389 -0.907715 -0.419587 -0.618312 -0.785933 0.179404 71.761691 -0.950071 14.073122 200.000000 14.073122 1.156783 462.713364 -0.312033 -5.908081 200.000000 -5.908081 0.146342 58.536751 -0.580057 41.817251 200.000000 41.817251 0.082041 32.816564 -0.814576 -34.766857 200.000000 -34.766857
 67.600000 -0.329379 -0.944198 -0.814756 -0.579804 -2.805947 -2.189284 -0.944198 -0.329379 -0.579804 -0.814756 0.003450 1.379845 -0.950071 14.073122 200.000000 14.073122 0.030087 12.034795 -0.312033 -5.908081 200.000000 -5.908081 0.000006 0.002561 -0.580057 41.817251 200.000000 41.817251 0.000003 0.001298 -0.814576 -34.766857 200.000000 -34.766857
 67.800000 -0.326297 -0.945267 -0.801182 -0.598421 -2.809209 -2.212325 -0.945267 -0.326297 -0.598421 -0.801182 0.002308 0.923052 -0.950071 14.073122 200.000000 14.073122 0.020345 8.137836 -0.312033 -5.908081 200.000000 -5.908081 0.033724 13.489491 -0.580057 41.817251 200.000000 41.817251 0.017940 7.176057 -0.814576 -34.766857 200.000000 -34.766857
 68.000000 -0.377635 -0.925955 -0.755033 -0.655686 -2.754352 -2.285887 -0.925955 -0.377635 -0.655686 -0.755033 0.058160 23.264093 -0.950071 14.073122 200.000000 14.073122 0.430352 172.140666 -0.312033 -5.908081 200.000000 -5.908081 0.571980 228.791930 -0.580057 41.817251 200.000000 41.817251 0.354531 141.812315 -0.814576 -34.766857 200.000000 -34.766857
 68.200000 -0.361792 -0.932259 -0.839712 -0.543033 -2.771404 -2.144841 -0.932259 -0.361792 -0.543033 -0.839712 0.031727 12.690830 -0.950071 14.073122 200.000000 14.073122 0.247587 99.034702 -0.312033 -5.908081 200.000000 -5.908081 0.137080 54.831914 -0.580057 41.817251 200.000000 41.817251 0.063180 25.272032 -0.814576 -34.766857 200.000000 -34.766857
 68.400000 -0.226262 -0.974066 -0.817856 -0.575422 -2.913354 -2.183917 -0.974066 -0.226262 -0.575422 -0.817856 0.057578 23.031115 -0.950071 14.073122 200.000000 14.073122 0.735675 294.269924 -0.312033 -5.908081 200.000000 -5.908081 0.002148 0.859192 -0.580057 41.817251 200.000000 41.817251 0.001076 0.430471 -0.814576 -34.766857 200.000000 -34.766857
 68.600000 -0.335045 -0.942202 -0.822930 -0.568143 -2.799940 -2.175044 -0.942202 -0.335045 -0.568143 -0.822930 0.006192 2.476858 -0.950071 14.073122 200.000000 14.073122 0.052954 21.181405 -0.312033 -5.908081 200.000000 -5.908081 0.014194 5.677590 -0.580057 41.817251 200.000000 41.817251 0.006979 2.791473 -0.814576 -34.766857 200.000000 -34.766857
 68.800000 -0.333118 -0.942885 -0.870815 -0.491611 -2.801984 -2.084735 -0.942885 -0.333118 -0.491611 -0.870815 0.005164 2.065534 -0.950071 14.073122 200.000000 14.073122 0.044456 17.782390 -0.312033 -5.908081 200.000000 -5.908081 0.782268 312.907049 -0.580057 41.817251 200.000000 41.817251 0.316282 126.512821 -0.814576 -34.766857 200.000000 -34.766857
 69.000000 -0.319709 -0.947516 -0.755069 -0.655645 -2.816170 -2.285833 -0.947516 -0.319709 -0.655645 -0.755069 0.000653 0.261213 -0.950071 14.073122 200.000000 14.073122 0.005892 2.356772 -0.312033 -5.908081 200.000000 -5.908081 0.571360 228.544095 -0.580057 41.817251 200.000000 41.817251 0.354107 141.642883 -0.814576 -34.766857 200.000000 -34.766857
 69.200000 -0.369244 -0.929332 -0.774491 -0.632585 -2.763397 -2.255682 -0.929332 -0.369244 -0.632585 -0.774491 0.043010 17.203817 -0.950071 14.073122 200.000000 14.073122 0.327308 130.923168 -0.312033 -5.908081 200.000000 -5.908081 0.275918 110.367322 -0.580057 41.817251 200.000000 41.817251 0.160680 64.271894 -0.814576 -34.766857 200.000000 -34.766857
 69.400000 -0.410516 -0.911854 -0.773823 -0.633402 -2.718573 -2.256737 -0.911854 -0.410516 -0.633402 -0.773823 0.146058 58.423124 -0.950071 14.073122 200.000000 14.073122 0.969872 387.948824 -0.312033 -5.908081 200.000000 -5.908081 0.284565 113.826098 -0.580057 41.817251 200.000000 41.817251 0.166078 66.431239 -0.814576 -34.766857 200.000000 -34.766857
 69.600000 -0.360042 -0.932936 -0.789801 -0.613363 -2.773279 -2.231108 -0.932936 -0.360042 -0.613363 -0.789801 0.029361 11.744566 -0.950071 14.073122 200.000000 14.073122 0.230486 92.194354 -0.312033 -5.908081 200.000000 -5.908081 0.110931 44.372299 -0.580057 41.817251 200.000000 41.817251 0.061380 24.551939 -0.814576 -34.766857 200.000000 -34.766857
 69.800000 -0.291343 -0.956619 -0.670719 -0.741712 -2.845963 -2.406415 -0.956619 -0.291343 -0.741712 -0.670719 0.004287 1.714870 -0.950071 14.073122 200.000000 14.073122 0.042811 17.124391 -0.312033 -5.908081 200.000000 -5.908081 2.613229 1045.291652 -0.580057 41.817251 200.000000 41.817251 2.069489 827.795607 -0.814576 -34.766857 200.000000 -34.766857
 70.000000 -0.366486 -0.930423 -0.798964 -0.601380 -2.766363 -2.216023 -0.930423 -0.366486 -0.601380 -0.798964 0.038603 15.441308 -0.950071 14.073122 200.000000 14.073122 0.296513 118.605032 -0.312033 -5.908081 200.000000 -5.908081 0.045465 18.186119 -0.580057 41.817251 200.000000 41.817251 0.024375 9.749931 -0.814576 -34.766857 200.000000 -34.766857
 70.200000 -0.315744 -0.948844 -0.738615 -0.674127 -2.820352 -2.310579 -0.948844 -0.315744 -0.674127 -0.738615 0.000150 0.060197 -0.950071 14.073122 200.000000 14.073122 0.001377 0.550773 -0.312033 -5.908081 200.000000 -5.908081 0.884919 353.967719 -0.580057 41.817251 200.000000 41.817251 0.577001 230.800221 -0.814576 -34.766857 200.000000 -34.766857
 70.400000 -0.263917 -0.964545 -0.761479 -0.648189 -2.874512 -2.276000 -0.964545 -0.263917 -0.648189 -0.761479 0.020951 8.380245 -0.950071 14.073122 200.000000 14.073122 0.231521 92.608403 -0.312033 -5.908081 200.000000 -5.908081 0.464202 185.680846 -0.580057 41.817251 200.000000 41.817251 0.281926 112.770398 -0.814576 -34.766857 200.000000 -34.766857
 70.600000 -0.271285 -0.962499 -0.816005 -0.578045 -2.866865 -2.187127 -0.962499 -0.271285 -0.578045 -0.816005 0.015445 6.178138 -0.950071 14.073122 200.000000 14.073122 0.166043 66.417245 -0.312033 -5.908081 200.000000 -5.908081 0.000405 0.161915 -0.580057 41.817251 200.000000 41.817251 0.000204 0.081676 -0.814576 -34.766857 200.000000 -34.766857
 70.800000 -0.339880 -0.940469 -0.840925 -0.541152 -2.794803 -2.142602 -0.940469 -0.339880 -0.541152 -0.840925 0.009221 3.688293 -0.950071 14.073122 200.000000 14.073122 0.077546 31.018201 -0.312033 -5.908081 200.000000 -5.908081 0.151362 60.544963 -0.580057 41.817251 200.000000 41.817251 0.069428 27.771023 -0.814576 -34.766857 200.000000 -34.766857
 71.000000 -0.300027 -0.953931 -0.900494 -0.434868 -2.836872 -2.020688 -0.953931 -0.300027 -0.434868 -0.900494 0.001490 0.595854 -0.950071 14.073122 200.000000 14.073122 0.014415 5.766149 -0.312033 -5.908081 200.000000 -5.908081 2.107970 843.187857 -0.580057 41.817251 200.000000 41.817251 0.738191 295.276477 -0.814576 -34.766857 200.000000 -34.766857
 71.200000 -0.211603 -0.977356 -0.885637 -0.464377 -2.928378 -2.053728 -0.977356 -0.211603 -0.464377 -0.885637 0.074445 29.777836 -0.950071 14.073122 200.000000 14.073122 1.008623 403.449134 -0.312033 -5.908081 200.000000 -5.908081 1.338174 535.269745 -0.580057 41.817251 200.000000 41.817251 0.504973 201.989191 -0.814576 -34.766857 200.000000 -34.766857
 71.400000 -0.390665 -0.920533 -0.823219 -0.567724 -2.740239 -2.174534 -0.920533 -0.390665 -0.567724 -0.823219 0.087251 34.900298 -0.950071 14.073122 200.000000 14.073122 0.618294 247.317441 -0.312033 -5.908081 200.000000 -5.908081 0.015211 6.084332 -0.580057 41.817251 200.000000 41.817251 0.007471 2.988213 -0.814576 -34.766857 200.000000 -34.766857
 71.600000 -0.310285 -0.950644 -0.760247 -0.649634 -2.826100 -2.277899 -0.950644 -0.310285 -0.649634 -0.760247 0.000033 0.013111 -0.950071 14.073122 200.000000 14.073122 0.000306 0.122307 -0.312033 -5.908081 200.000000 -5.908081 0.484093 193.637060 -0.580057 41.817251 200.000000 41.817251 0.295159 118.063728 -0.814576 -34.766857 200.000000 -34.766857
 71.800000 -0.302007 -0.953306 -0.812292 -0.583251 -2.834795 -2.193522 -0.953306 -0.302007 -0.583251 -0.812292 0.001046 0.418490 -0.950071 14.073122 200.000000 14.073122 0.010053 4.021058 -0.312033 -5.908081 200.000000 -5.908081 0.001020 0.408148 -0.580057 41.817251 200.000000 41.817251 0.000522 0.208691 -0.814576 -34.766857 200.000000 -34.766857
 72.000000 -0.355705 -0.934598 -0.823655 -0.567091 -2.777924 -2.173766 -0.934598 -0.355705 -0.567091 -0.823655 0.023941 9.576458 -0.950071 14.073122 200.000000 14.073122 0.190723 76.289039 -0.312033 -5.908081 200.000000 -5.908081 0.016811 6.724470 -0.580057 41.817251 200.000000 41.817251 0.008243 3.297211 -0.814576 -34.766857 200.000000 -34.766857
 72.200000 -0.329392 -0.944193 -0.802478 -0.596682 -2.805933 -2.210157 -0.944193 -0.329392 -0.596682 -0.802478 0.003455 1.381918 -0.950071 14.073122 200.000000 14.073122 0.030131 12.052344 -0.312033 -5.908081 200.000000 -5.908081 0.027640 11.055967 -0.580057 41.817251 200.000000 41.817251 0.014637 5.854749 -0.814576 -34.766857 200.000000 -34.766857
 72.400000 -0.344298 -0.938860 -0.817996 -0.575224 -2.790101 -2.183674 -0.938860 -0.344298 -0.575224 -0.817996 0.012568 5.027320 -0.950071 14.073122 200.000000 14.073122 0.104103 41.641074 -0.312033 -5.908081 200.000000 -5.908081 0.002336 0.934258 -0.580057 41.817251 200.000000 41.817251 0.001170 0.467840 -0.814576 -34.766857 200.000000 -34.766857
 72.600000 -0.292592 -0.956237 -0.754728 -0.656038 -2.844656 -2.286353 -0.956237 -0.292592 -0.656038 -0.754728 0.003802 1.520902 -0.950071 14.073122 200.000000 14.073122 0.037797 15.118710 -0.312033 -5.908081 200.000000 -5.908081 0.577307 230.922740 -0.580057 41.817251 200.000000 41.817251 0.358175 143.270188 -0.814576 -34.766857 200.000000 -34.766857
 72.800000 -0.331160 -0.943574 -0.809039 -0.587754 -2.804060 -2.199077 -0.943574 -0.331160 -0.587754 -0.809039 0.004221 1.688261 -0.950071 14.073122 200.000000 14.073122 0.036584 14.633664 -0.312033 -5.908081 200.000000 -5.908081 0.005925 2.369990 -0.580057 41.817251 200.000000 41.817251 0.003065 1.226099 -0.814576 -34.766857 200.000000 -34.766857
 73.000000 -0.361879 -0.932225 -0.777298 -0.629133 -2.771309 -2.251233 -0.932225 -0.361879 -0.629133 -0.777298 0.031849 12.739520 -0.950071 14.073122 200.000000 14.073122 0.248463 99.385112 -0.312033 -5.908081 200.000000 -5.908081 0.240844 96.337458 -0.580057 41.817251 200.000000 41.817251 0.138965 55.586167 -0.814576 -34.766857 200.000000 -34.766857
 73.200000 -0.338339 -0.941024 -0.814396 -0.580310 -2.796442 -2.189906 -0.941024 -0.338339 -0.580310 -0.814396 0.008184 3.273701 -0.950071 14.073122 200.000000 14.073122 0.069196 27.678477 -0.312033 -5.908081 200.000000 -5.908081 0.000006 0.002563 -0.580057 41.817251 200.000000 41.817251 0.000003 0.001301 -0.814576 -34.766857 200.000000 -34.766857
 73.400000 -0.391144 -0.920330 -0.829241 -0.558891 -2.739719 -2.163844 -0.920330 -0.391144 -0.558891 -0.829241 0.088455 35.382121 -0.950071 14.073122 200.000000 14.073122 0.625841 250.336350 -0.312033 -5.908081 200.000000 -5.908081 0.044799 17.919621 -0.580057 41.817251 200.000000 41.817251 0.021506 8.602599 -0.814576 -34.766857 200.000000 -34.766857
 73.600000 -0.338655 -0.940911 -0.826721 -0.562613 -2.796106 -2.168339 -0.940911 -0.338655 -0.562613 -0.826721 0.008391 3.356577 -0.950071 14.073122 200.000000 14.073122 0.070870 28.348178 -0.312033 -5.908081 200.000000 -5.908081 0.030430 12.172066 -0.580057 41.817251 200.000000 41.817251 0.014749 5.899722 -0.814576 -34.766857 200.000000 -34.766857
 73.800000 -0.435037 -0.900413 -0.806665 -0.591008 -2.691513 -2.203105 -0.900413 -0.435037 -0.591008 -0.806665 0.246597 98.638616 -0.950071 14.073122 200.000000 14.073122 1.512985 605.193892 -0.312033 -5.908081 200.000000 -5.908081 0.011994 4.797421 -0.580057 41.817251 200.000000 41.817251 0.006258 2.503080 -0.814576 -34.766857 200.000000 -34.766857
 74.000000 -0.275958 -0.961170 -0.839567 -0.543257 -2.862007 -2.145108 -0.961170 -0.275958 -0.543257 -0.839567 0.012318 4.927252 -0.950071 14.073122 200.000000 14.073122 0.130147 52.058815 -0.312033 -5.908081 200.000000 -5.908081 0.135425 54.170105 -0.580057 41.817251 200.000000 41.817251 0.062453 24.981348 -0.814576 -34.766857 200.000000 -34.766857
 74.200000 -0.373358 -0.927687 -0.785110 -0.619356 -2.758967 -2.238719 -0.927687 -0.373358 -0.619356 -0.785110 0.050103 20.041269 -0.950071 14.073122 200.000000 14.073122 0.376069 150.427574 -0.312033 -5.908081 200.000000 -5.908081 0.154445 61.777953 -0.580057 41.817251 200.000000 41.817251 0.086824 34.729760 -0.814576 -34.766857 200.000000 -34.766857
 74.400000 -0.374590 -0.927190 -0.778474 -0.627677 -2.757638 -2.249361 -0.927190 -0.374590 -0.627677 -0.778474 0.052353 20.941004 -0.950071 14.073122 200.000000 14.073122 0.391336 156.534282 -0.312033 -5.908081 200.000000 -5.908081 0.226764 90.705726 -0.580057 41.817251 200.000000 41.817251 0.130334 52.133651 -0.814576 -34.766857 200.000000 -34.766857
 74.600000 -0.378518 -0.925594 -0.801555 -0.597921 -2.753398 -2.211701 -0.925594 -0.378518 -0.597921 -0.801555 0.059914 23.965453 -0.950071 14.073122 200.000000 14.073122 0.442022 176.808799 -0.312033 -5.908081 200.000000 -5.908081 0.031911 12.764384 -0.580057 41.817251 200.000000 41.817251 0.016954 6.781418 -0.814576 -34.766857 200.000000 -34.766857
 74.800000 -0.267806 -0.963473 -0.851956 -0.523613 -2.870477 -2.121883 -0.963473 -0.267806 -0.523613 -0.851956 0.017961 7.184256 -0.950071 14.073122 200.000000 14.073122 0.195606 78.242574 -0.312033 -5.908081 200.000000 -5.908081 0.318590 127.436152 -0.580057 41.817251 200.000000 41.817251 0.139728 55.891241 -0.814576 -34.766857 200.000000 -34.766857
 75.000000 -0.347137 -0.937814 -0.833135 -0.553069 -2.787076 -2.156840 -0.937814 -0.347137 -0.553069 -0.833135 0.015023 6.009003 -0.950071 14.073122 200.000000 14.073122 0.123225 49.289963 -0.312033 -5.908081 200.000000 -5.908081 0.072833 29.133174 -0.580057 41.817251 200.000000 41.817251 0.034445 13.777874 -0.814576 -34.766857 200.000000 -34.766857
 75.200000 -0.454219 -0.890890 -0.816009 -0.578039 -2.670097 -2.187120 -0.890890 -0.454219 -0.578039 -0.816009 0.350240 140.095947 -0.950071 14.073122 200.000000 14.073122 2.021674 808.669493 -0.312033 -5.908081 200.000000 -5.908081 0.000407 0.162837 -0.580057 41.817251 200.000000 41.817251 0.000205 0.082140 -0.814576 -34.766857 200.000000 -34.766857
 75.400000 -0.347621 -0.937635 -0.767536 -0.641006 -2.786560 -2.266605 -0.937635 -0.347621 -0.641006 -0.767536 0.015465 6.186092 -0.950071 14.073122 200.000000 14.073122 0.126646 50.658518 -0.312033 -5.908081 200.000000 -5.908081 0.371479 148.591450 -0.580057 41.817251 200.000000 41.817251 0.221277 88.510644 -0.814576 -34.766857 200.000000 -34.766857
 75.600000 -0.269049 -0.963126 -0.824699 -0.565572 -2.869187 -2.171923 -0.963126 -0.269049 -0.565572 -0.824699 0.017044 6.817649 -0.950071 14.073122 200.000000 14.073122 0.184764 73.905793 -0.312033 -5.908081 200.000000 -5.908081 0.020981 8.392538 -0.580057 41.817251 200.000000 41.817251 0.010247 4.098997 -0.814576 -34.766857 200.000000 -34.766857
 75.800000 -0.267093 -0.963671 -0.852418 -0.522862 -2.871218 -2.121001 -0.963671 -0.267093 -0.522862 -0.852418 0.018495 7.398104 -0.950071 14.073122 200.000000 14.073122 0.201967 80.786885 -0.312033 -5.908081 200.000000 -5.908081 0.327130 130.852063 -0.580057 41.817251 200.000000 41.817251 0.143199 57.279551 -0.814576 -34.766857 200.000000 -34.766857
 76.000000 -0.350494 -0.936565 -0.809980 -0.586457 -2.783494 -2.197474 -0.936565 -0.350494 -0.586457 -0.809980 0.018241 7.296561 -0.950071 14.073122 200.000000 14.073122 0.147920 59.168016 -0.312033 -5.908081 200.000000 -5.908081 0.004096 1.638497 -0.580057 41.817251 200.000000 41.817251 0.002112 0.844804 -0.814576 -34.766857 200.000000 -34.766857
 76.200000 -0.330230 -0.943900 -0.792990 -0.609235 -2.805045 -2.225892 -0.943900 -0.330230 -0.609235 -0.792990 0.003808 1.523111 -0.950071 14.073122 200.000000 14.073122 0.033112 13.244989 -0.312033 -5.908081 200.000000 -5.908081 0.085135 34.054141 -0.580057 41.817251 200.000000 41.817251 0.046596 18.638427 -0.814576 -34.766857 200.000000 -34.766857
 76.400000 -0.292309 -0.956324 -0.771780 -0.635890 -2.844952 -2.259957 -0.956324 -0.292309 -0.635890 -0.771780 0.003910 1.563832 -0.950071 14.073122 200.000000 14.073122 0.038904 15.561412 -0.312033 -5.908081 200.000000 -5.908081 0.311733 124.693372 -0.580057 41.817251 200.000000 41.817251 0.183152 73.260770 -0.814576 -34.766857 200.000000 -34.766857
 76.600000 -0.308734 -0.951148 -0.742688 -0.669638 -2.827730 -2.304517 -0.951148 -0.308734 -0.669638 -0.742688 0.000116 0.046411 -0.950071 14.073122 200.000000 14.073122 0.001088 0.435342 -0.312033 -5.908081 200.000000 -5.908081 0.802469 320.987527 -0.580057 41.817251 200.000000 41.817251 0.516787 206.714686 -0.814576 -34.766857 200.000000 -34.766857
 76.800000 -0.296469 -0.955042 -0.796478 -0.604667 -2.840599 -2.220144 -0.955042 -0.296469 -0.604667 -0.796478 0.002471 0.988527 -0.950071 14.073122 200.000000 14.073122 0.024224 9.689578 -0.312033 -5.908081 200.000000 -5.908081 0.060567 24.226658 -0.580057 41.817251 200.000000 41.817251 0.032753 13.101097 -0.814576 -34.766857 200.000000 -34.766857
 77.000000 -0.335305 -0.942110 -0.847371 -0.531002 -2.799664 -2.130578 -0.942110 -0.335305 -0.531002 -0.847371 0.006338 2.535302 -0.950071 14.073122 200.000000 14.073122 0.054154 21.661718 -0.312033 -5.908081 200.000000 -5.908081 0.240642 96.256947 -0.580057 41.817251 200.000000 41.817251 0.107550 43.020130 -0.814576 -34.766857 200.000000 -34.766857
 77.200000 -0.319822 -0.947478 -0.790011 -0.613092 -2.816051 -2.230765 -0.947478 -0.319822 -0.613092 -0.790011 0.000673 0.269063 -0.950071 14.073122 200.000000 14.073122 0.006067 2.426631 -0.312033 -5.908081 200.000000 -5.908081 0.109132 43.652783 -0.580057 41.817251 200.000000 41.817251 0.060341 24.136510 -0.814576 -34.766857 200.000000 -34.766857
 77.400000 -0.341428 -0.939908 -0.814019 -0.580838 -2.793157 -2.190554 -0.939908 -0.341428 -0.580838 -0.814019 0.010329 4.131504 -0.950071 14.073122 200.000000 14.073122 0.086402 34.560717 -0.312033 -5.908081 200.000000 -5.908081 0.000061 0.024379 -0.580057 41.817251 200.000000 41.817251 0.000031 0.012387 -0.814576 -34.766857 200.000000 -34.766857
 77.600000 -0.312532 -0.949907 -0.810413 -0.585859 -2.823736 -2.196736 -0.949907 -0.312532 -0.585859 -0.810413 0.000003 0.001073 -0.950071 14.073122 200.000000 14.073122 0.000025 0.009933 -0.312033 -5.908081 200.000000 -5.908081 0.003367 1.346679 -0.580057 41.817251 200.000000 41.817251 0.001733 0.693263 -0.814576 -34.766857 200.000000 -34.766857
 77.800000 -0.294175 -0.955752 -0.815364 -0.578948 -2.843000 -2.188235 -0.955752 -0.294175 -0.578948 -0.815364 0.003227 1.290678 -0.950071 14.073122 200.000000 14.073122 0.031892 12.756706 -0.312033 -5.908081 200.000000 -5.908081 0.000123 0.049152 -0.580057 41.817251 200.000000 41.817251 0.000062 0.024852 -0.814576 -34.766857 200.000000 -34.766857
 78.000000 -0.315514 -0.948921 -0.824535 -0.565811 -2.820595 -2.172213 -0.948921 -0.315514 -0.565811 -0.824535 0.000132 0.052908 -0.950071 14.073122 200.000000 14.073122 0.001211 0.484478 -0.312033 -5.908081 200.000000 -5.908081 0.020294 8.117450 -0.580057 41.817251 200.000000 41.817251 0.009918 3.967093 -0.814576 -34.766857 200.000000 -34.766857
 78.200000 -0.328662 -0.944448 -0.824006 -0.566581 -2.806707 -2.173147 -0.944448 -0.328662 -0.566581 -0.824006 0.003162 1.264892 -0.950071 14.073122 200.000000 14.073122 0.027650 11.059830 -0.312033 -5.908081 200.000000 -5.908081 0.018159 7.263623 -0.580057 41.817251 200.000000 41.817251 0.008892 3.556886 -0.814576 -34.766857 200.000000 -34.766857
 78.400000 -0.419519 -0.907746 -0.785212 -0.619227 -2.708677 -2.238555 -0.907746 -0.419519 -0.619227 -0.785212 0.179139 71.655443 -0.950071 14.073122 200.000000 14.073122 1.155324 462.129618 -0.312033 -5.908081 200.000000 -5.908081 0.153431 61.372596 -0.580057 41.817251 200.000000 41.817251 0.086225 34.490059 -0.814576 -34.766857 200.000000 -34.766857
 78.600000 -0.313382 -0.949627 -0.803437 -0.595389 -2.822840 -2.208546 -0.949627 -0.313382 -0.595389 -0.803437 0.000020 0.007885 -0.950071 14.073122 200.000000 14.073122 0.000182 0.072749 -0.312033 -5.908081 200.000000 -5.908081 0.023508 9.403164 -0.580057 41.817251 200.000000 41.817251 0.012407 4.962668 -0.814576 -34.766857 200.000000 -34.766857
 78.800000 -0.335493 -0.942043 -0.723110 -0.690732 -2.799464 -2.333298 -0.942043 -0.335493 -0.690732 -0.723110 0.006445 2.578175 -0.950071 14.073122 200.000000 14.073122 0.055034 22.013660 -0.312033 -5.908081 200.000000 -5.908081 1.224907 489.962778 -0.580057 41.817251 200.000000 41.817251 0.836594 334.637544 -0.814576 -34.766857 200.000000 -34.766857
 79.000000 -0.304528 -0.952503 -0.771644 -0.636055 -2.832150 -2.260171 -0.952503 -0.304528 -0.636055 -0.771644 0.000592 0.236631 -0.950071 14.073122 200.000000 14.073122 0.005633 2.253213 -0.312033 -5.908081 200.000000 -5.908081 0.313579 125.431530 -0.580057 41.817251 200.000000 41.817251 0.184318 73.727101 -0.814576 -34.766857 200.000000 -34.766857
 79.200000 -0.305979 -0.952038 -0.743306 -0.668952 -2.830626 -2.303594 -0.952038 -0.305979 -0.668952 -0.743306 0.000387 0.154776 -0.950071 14.073122 200.000000 14.073122 0.003665 1.466153 -0.312033 -5.908081 200.000000 -5.908081 0.790225 316.090148 -0.580057 41.817251 200.000000 41.817251 0.507940 203.176091 -0.814576 -34.766857 200.000000 -34.766857
 79.400000 -0.363797 -0.931478 -0.777412 -0.628992 -2.769252 -2.251052 -0.931478 -0.363797 -0.628992 -0.777412 0.034569 13.827684 -0.950071 14.073122 200.000000 14.073122 0.267945 107.177946 -0.312033 -5.908081 200.000000 -5.908081 0.239466 95.786441 -0.580057 41.817251 200.000000 41.817251 0.138119 55.247491 -0.814576 -34.766857 200.000000 -34.766857
 79.600000 -0.284089 -0.958798 -0.799702 -0.600397 -2.853536 -2.214794 -0.958798 -0.284089 -0.600397 -0.799702 0.007616 3.046227 -0.950071 14.073122 200.000000 14.073122 0.078088 31.235119 -0.312033 -5.908081 200.000000 -5.908081 0.041373 16.549061 -0.580057 41.817251 200.000000 41.817251 0.022124 8.849423 -0.814576 -34.766857 200.000000 -34.766857
 79.800000 -0.372788 -0.927917 -0.814259 -0.580502 -2.759581 -2.190141 -0.927917 -0.372788 -0.580502 -0.814259 0.049082 19.632871 -0.950071 14.073122 200.000000 14.073122 0.369109 147.643682 -0.312033 -5.908081 200.000000 -5.908081 0.000020 0.007927 -0.580057 41.817251 200.000000 41.817251 0.000010 0.004024 -0.814576 -34.766857 200.000000 -34.766857
 80.000000 -0.306861 -0.951754 -0.780653 -0.624965 -2.829700 -2.245883 -0.951754 -0.306861 -0.624965 -0.780653 0.000283 0.113333 -0.950071 14.073122 200.000000 14.073122 0.002675 1.070195 -0.312033 -5.908081 200.000000 -5.908081 0.201676 80.670587 -0.580057 41.817251 200.000000 41.817251 0.115080 46.031968 -0.814576 -34.766857 200.000000 -34.766857
 80.200000 -0.291211 -0.956659 -0.830020 -0.557734 -2.846100 -2.162450 -0.956659 -0.291211 -0.557734 -0.830020 0.004340 1.735951 -0.950071 14.073122 200.000000 14.073122 0.043358 17.343207 -0.312033 -5.908081 200.000000 -5.908081 0.049831 19.932411 -0.580057 41.817251 200.000000 41.817251 0.023851 9.540398 -0.814576 -34.766857 200.000000 -34.766857
 80.400000 -0.376238 -0.926523 -0.868178 -0.496252 -2.755860 -2.090073 -0.926523 -0.376238 -0.496252 -0.868178 0.055452 22.180787 -0.950071 14.073122 200.000000 14.073122 0.412228 164.891227 -0.312033 -5.908081 200.000000 -5.908081 0.702325 280.930107 -0.580057 41.817251 200.000000 41.817251 0.287323 114.929287 -0.814576 -34.766857 200.000000 -34.766857
 80.600000 -0.338668 -0.940906 -0.847889 -0.530174 -2.796092 -2.129602 -0.940906 -0.338668 -0.530174 -0.847889 0.008400 3.360020 -0.950071 14.073122 200.000000 14.073122 0.070940 28.375982 -0.312033 -5.908081 200.000000 -5.908081 0.248834 99.533700 -0.580057 41.817251 200.000000 41.817251 0.110977 44.390642 -0.814576 -34.766857 200.000000 -34.766857
 80.800000 -0.307910 -0.951416 -0.812879 -0.582432 -2.828598 -2.192514 -0.951416 -0.307910 -0.582432 -0.812879 0.000181 0.072309 -0.950071 14.073122 200.000000 14.073122 0.001701 0.680264 -0.312033 -5.908081 200.000000 -5.908081 0.000564 0.225730 -0.580057 41.817251 200.000000 41.817251 0.000288 0.115173 -0.814576 -34.766857 200.000000 -34.766857
 81.000000 -0.395055 -0.918657 -0.806153 -0.591707 -2.735465 -2.203971 -0.918657 -0.395055 -0.591707 -0.806153 0.098682 39.472941 -0.950071 14.073122 200.000000 14.073122 0.689262 275.704676 -0.312033 -5.908081 200.000000 -5.908081 0.013573 5.429027 -0.580057 41.817251 200.000000 41.817251 0.007094 2.837798 -0.814576 -34.766857 200.000000 -34.766857
 81.200000 -0.397178 -0.917742 -0.781083 -0.624427 -2.733153 -2.245194 -0.917742 -0.397178 -0.624427 -0.781083 0.104519 41.807712 -0.950071 14.073122 200.000000 14.073122 0.724956 289.982540 -0.312033 -5.908081 200.000000 -5.908081 0.196869 78.747659 -0.580057 41.817251 200.000000 41.817251 0.112176 44.870328 -0.814576 -34.766857 200.000000 -34.766857
 81.400000 -0.320904 -0.947112 -0.816206 -0.577761 -2.814909 -2.186779 -0.947112 -0.320904 -0.577761 -0.816206 0.000876 0.350291 -0.950071 14.073122 200.000000 14.073122 0.007868 3.147214 -0.312033 -5.908081 200.000000 -5.908081 0.000527 0.210871 -0.580057 41.817251 200.000000 41.817251 0.000266 0.106293 -0.814576 -34.766857 200.000000 -34.766857
 81.600000 -0.267267 -0.963623 -0.768627 -0.639698 -2.871037 -2.264901 -0.963623 -0.267267 -0.639698 -0.768627 0.018364 7.345657 -0.950071 14.073122 200.000000 14.073122 0.200405 80.161894 -0.312033 -5.908081 200.000000 -5.908081 0.355703 142.281140 -0.580057 41.817251 200.000000 41.817251 0.211135 84.453831 -0.814576 -34.766857 200.000000 -34.766857
 81.800000 -0.325552 -0.945524 -0.737075 -0.675811 -2.809997 -2.312861 -0.945524 -0.325552 -0.675811 -0.737075 0.002067 0.826999 -0.950071 14.073122 200.000000 14.073122 0.018275 7.310034 -0.312033 -5.908081 200.000000 -5.908081 0.916891 366.756519 -0.580057 41.817251 200.000000 41.817251 0.600645 240.258162 -0.814576 -34.766857 200.000000 -34.766857
 82.000000 -0.416999 -0.908907 -0.815039 -0.579406 -2.711452 -2.188796 -0.908907 -0.416999 -0.579406 -0.815039 0.169448 67.779039 -0.950071 14.073122 200.000000 14.073122 1.101769 440.707773 -0.312033 -5.908081 200.000000 -5.908081 0.000042 0.016956 -0.580057 41.817251 200.000000 41.817251 0.000021 0.008584 -0.814576 -34.766857 200.000000 -34.766857
 82.200000 -0.407769 -0.913085 -0.809961 -0.586484 -2.721583 -2.197507 -0.913085 -0.407769 -0.586484 -0.809961 0.136797 54.718806 -0.950071 14.073122 200.000000 14.073122 0.916533 366.613333 -0.312033 -5.908081 200.000000 -5.908081 0.004130 1.652097 -0.580057 41.817251 200.000000 41.817251 0.002130 0.851875 -0.814576 -34.766857 200.000000 -34.766857
 82.400000 -0.348902 -0.937159 -0.788134 -0.615503 -2.785193 -2.233821 -0.937159 -0.348902 -0.615503 -0.788134 0.016672 6.668848 -0.950071 14.073122 200.000000 14.073122 0.135932 54.372833 -0.312033 -5.908081 200.000000 -5.908081 0.125645 50.258184 -0.580057 41.817251 200.000000 41.817251 0.069917 27.966608 -0.814576 -34.766857 200.000000 -34.766857
 82.600000 -0.352656 -0.935753 -0.873094 -0.487552 -2.781184 -2.080080 -0.935753 -0.352656 -0.487552 -0.873094 0.020501 8.200390 -0.950071 14.073122 200.000000 14.073122 0.165021 66.008370 -0.312033 -5.908081 200.000000 -5.908081 0.855716 342.286590 -0.580057 41.817251 200.000000 41.817251 0.342436 136.974339 -0.814576 -34.766857 200.000000 -34.766857
 82.800000 -0.369761 -0.929127 -0.808959 -0.587865 -2.762841 -2.199214 -0.929127 -0.369761 -0.587865 -0.808959 0.043866 17.546244 -0.950071 14.073122 200.000000 14.073122 0.333244 133.297713 -0.312033 -5.908081 200.000000 -5.908081 0.006097 2.438759 -0.580057 41.817251 200.000000 41.817251 0.003155 1.262041 -0.814576 -34.766857 200.000000 -34.766857
 83.000000 -0.302050 -0.953292 -0.779016 -0.627005 -2.834750 -2.248499 -0.953292 -0.302050 -0.627005 -0.779016 0.001037 0.414996 -0.950071 14.073122 200.000000 14.073122 0.009967 3.986877 -0.312033 -5.908081 200.000000 -5.908081 0.220409 88.163668 -0.580057 41.817251 200.000000 41.817251 0.126455 50.581827 -0.814576 -34.766857 200.000000 -34.766857
 83.200000 -0.281972 -0.959423 -0.812811 -0.582527 -2.855743 -2.192631 -0.959423 -0.281972 -0.582527 -0.812811 0.008745 3.497936 -0.950071 14.073122 200.000000 14.073122 0.090366 36.146546 -0.312033 -5.908081 200.000000 -5.908081 0.000610 0.244052 -0.580057 41.817251 200.000000 41.817251 0.000311 0.124551 -0.814576 -34.766857 200.000000 -34.766857
 83.400000 -0.326605 -0.945161 -0.837894 -0.545833 -2.808883 -2.148179 -0.945161 -0.326605 -0.545833 -0.837894 0.002411 0.964377 -0.950071 14.073122 200.000000 14.073122 0.021233 8.493011 -0.312033 -5.908081 200.000000 -5.908081 0.117127 46.850701 -0.580057 41.817251 200.000000 41.817251 0.054373 21.749083 -0.814576 -34.766857 200.000000 -34.766857
 83.600000 -0.245644 -0.969360 -0.890505 -0.454974 -2.893408 -2.043139 -0.969360 -0.245644 -0.454974 -0.890505 0.037206 14.882514 -0.950071 14.073122 200.000000 14.073122 0.440753 176.301029 -0.312033 -5.908081 200.000000 -5.908081 1.564572 625.828685 -0.580057 41.817251 200.000000 41.817251 0.576517 230.606910 -0.814576 -34.766857 200.000000 -34.766857
 83.800000 -0.395917 -0.918286 -0.798889 -0.601478 -2.734526 -2.216146 -0.918286 -0.395917 -0.601478 -0.798889 0.101028 40.411368 -0.950071 14.073122 200.000000 14.073122 0.703651 281.460374 -0.312033 -5.908081 200.000000 -5.908081 0.045886 18.354513 -0.580057 41.817251 200.000000 41.817251 0.024607 9.842756 -0.814576 -34.766857 200.000000 -34.766857
 84.000000 -0.385354 -0.922769 -0.741076 -0.671421 -2.746001 -2.306921 -0.922769 -0.385354 -0.671421 -0.741076 0.074543 29.817038 -0.950071 14.073122 200.000000 14.073122 0.537597 215.038841 -0.312033 -5.908081 200.000000 -5.908081 0.834739 333.895799 -0.580057 41.817251 200.000000 41.817251 0.540222 216.088853 -0.814576 -34.766857 200.000000 -34.766857
 84.200000 -0.316454 -0.948608 -0.790639 -0.612282 -2.819604 -2.229740 -0.948608 -0.316454 -0.612282 -0.790639 0.000214 0.085639 -0.950071 14.073122 200.000000 14.073122 0.001954 0.781594 -0.312033 -5.908081 200.000000 -5.908081 0.103847 41.538639 -0.580057 41.817251 200.000000 41.817251 0.057296 22.918449 -0.814576 -34.766857 200.000000 -34.766857
 84.400000 -0.245293 -0.969449 -0.817305 -0.576206 -2.893771 -2.184875 -0.969449 -0.245293 -0.576206 -0.817305 0.037550 15.019995 -0.950071 14.073122 200.000000 14.073122 0.445426 178.170365 -0.312033 -5.908081 200.000000 -5.908081 0.001483 0.593316 -0.580057 41.817251 200.000000 41.817251 0.000745 0.297867 -0.814576 -34.766857 200.000000 -34.766857
 84.600000 -0.321436 -0.946931 -0.739964 -0.672647 -2.814347 -2.308576 -0.946931 -0.321436 -0.672647 -0.739964 0.000986 0.394321 -0.950071 14.073122 200.000000 14.073122 0.008840 3.536179 -0.312033 -5.908081 200.000000 -5.908081 0.857284 342.913713 -0.580057 41.817251 200.000000 41.817251 0.556695 222.678187 -0.814576 -34.766857 200.000000 -34.766857
 84.800000 -0.314881 -0.949131 -0.765594 -0.643324 -2.821261 -2.269628 -0.949131 -0.314881 -0.643324 -0.765594 0.000088 0.035347 -0.950071 14.073122 200.000000 14.073122 0.000811 0.324402 -0.312033 -5.908081 200.000000 -5.908081 0.400270 160.107813 -0.580057 41.817251 200.000000 41.817251 0.239921 95.968351 -0.814576 -34.766857 200.000000 -34.766857
 85.000000 -0.295102 -0.955466 -0.779371 -0.626563 -2.842030 -2.247932 -0.955466 -0.295102 -0.626563 -0.779371 0.002910 1.164077 -0.950071 14.073122 200.000000 14.073122 0.028667 11.466878 -0.312033 -5.908081 200.000000 -5.908081 0.216281 86.512326 -0.580057 41.817251 200.000000 41.817251 0.123940 49.575974 -0.814576 -34.766857 200.000000 -34.766857
 85.200000 -0.322575 -0.946544 -0.818012 -0.575201 -2.813143 -2.183647 -0.946544 -0.322575 -0.575201 -0.818012 0.001244 0.497695 -0.950071 14.073122 200.000000 14.073122 0.011113 4.445381 -0.312033 -5.908081 200.000000 -5.908081 0.002358 0.943027 -0.580057 41.817251 200.000000 41.817251 0.001181 0.472204 -0.814576 -34.766857 200.000000 -34.766857
 85.400000 -0.320510 -0.947245 -0.842414 -0.538832 -2.815325 -2.139846 -0.947245 -0.320510 -0.538832 -0.842414 0.000799 0.319427 -0.950071 14.073122 200.000000 14.073122 0.007185 2.873898 -0.312033 -5.908081 200.000000 -5.908081 0.169953 67.981162 -0.580057 41.817251 200.000000 41.817251 0.077493 30.997216 -0.814576 -34.766857 200.000000 -34.766857
 85.600000 -0.283122 -0.959084 -0.768714 -0.639592 -2.854545 -2.264764 -0.959084 -0.283122 -0.639592 -0.768714 0.008123 3.249205 -0.950071 14.073122 200.000000 14.073122 0.083587 33.434790 -0.312033 -5.908081 200.000000 -5.908081 0.354444 141.777637 -0.580057 41.817251 200.000000 41.817251 0.210328 84.131051 -0.814576 -34.766857 200.000000 -34.766857
 85.800000 -0.287208 -0.957868 -0.814253 -0.580510 -2.850282 -2.190151 -0.957868 -0.287208 -0.580510 -0.814253 0.006079 2.431795 -0.950071 14.073122 200.000000 14.073122 0.061630 24.652010 -0.312033 -5.908081 200.000000 -5.908081 0.000021 0.008200 -0.580057 41.817251 200.000000 41.817251 0.000010 0.004163 -0.814576 -34.766857 200.000000 -34.766857
 86.000000 -0.374153 -0.927367 -0.827215 -0.561885 -2.758109 -2.167459 -0.927367 -0.374153 -0.561885 -0.827215 0.051548 20.619281 -0.950071 14.073122 200.000000 14.073122 0.385887 154.354799 -0.312033 -5.908081 200.000000 -5.908081 0.033021 13.208279 -0.580057 41.817251 200.000000 41.817251 0.015975 6.389968 -0.814576 -34.766857 200.000000 -34.766857
 86.200000 -0.399340 -0.916803 -0.808119 -0.589019 -2.730796 -2.200641 -0.916803 -0.399340 -0.589019 -0.808119 0.110677 44.270801 -0.950071 14.073122 200.000000 14.073122 0.762241 304.896406 -0.312033 -5.908081 200.000000 -5.908081 0.008033 3.213001 -0.580057 41.817251 200.000000 41.817251 0.004169 1.667719 -0.814576 -34.766857 200.000000 -34.766857
 86.400000 -0.313360 -0.949634 -0.785522 -0.618833 -2.822864 -2.238053 -0.949634 -0.313360 -0.618833 -0.785522 0.000019 0.007627 -0.950071 14.073122 200.000000 14.073122 0.000176 0.070373 -0.312033 -5.908081 200.000000 -5.908081 0.150362 60.144716 -0.580057 41.817251 200.000000 41.817251 0.084412 33.764718 -0.814576 -34.766857 200.000000 -34.766857
 86.600000 -0.315977 -0.948767 -0.757548 -0.652779 -2.820107 -2.282044 -0.948767 -0.315977 -0.652779 -0.757548 0.000170 0.068037 -0.950071 14.073122 200.000000 14.073122 0.001555 0.621995 -0.312033 -5.908081 200.000000 -5.908081 0.528852 211.540803 -0.580057 41.817251 200.000000 41.817251 0.325215 130.086148 -0.814576 -34.766857 200.000000 -34.766857
 86.800000 -0.291453 -0.956585 -0.734389 -0.678729 -2.845847 -2.316827 -0.956585 -0.291453 -0.678729 -0.734389 0.004243 1.697235 -0.950071 14.073122 200.000000 14.073122 0.042354 16.941467 -0.312033 -5.908081 200.000000 -5.908081 0.973619 389.447789 -0.580057 41.817251 200.000000 41.817251 0.642999 257.199421 -0.814576 -34.766857 200.000000 -34.766857
 87.000000 -0.337419 -0.941354 -0.703921 -0.710278 -2.797419 -2.360689 -0.941354 -0.337419 -0.710278 -0.703921 0.007598 3.039207 -0.950071 14.073122 200.000000 14.073122 0.064444 25.777669 -0.312033 -5.908081 200.000000 -5.908081 1.695751 678.300504 -0.580057 41.817251 200.000000 41.817251 1.224444 489.777615 -0.814576 -34.766857 200.000000 -34.766857
 87.200000 -0.311990 -0.950085 -0.796962 -0.604029 -2.824305 -2.219343 -0.950085 -0.311990 -0.604029 -0.796962 0.000000 0.000008 -0.950071 14.073122 200.000000 14.073122 0.000000 0.000075 -0.312033 -5.908081 200.000000 -5.908081 0.057466 22.986341 -0.580057 41.817251 200.000000 41.817251 0.031024 12.409519 -0.814576 -34.766857 200.000000 -34.766857
 87.400000 -0.400349 -0.916363 -0.766446 -0.642309 -2.729695 -2.268303 -0.916363 -0.400349 -0.642309 -0.766446 0.113626 45.450574 -0.950071 14.073122 200.000000 14.073122 0.779970 311.987854 -0.312033 -5.908081 200.000000 -5.908081 0.387533 155.013114 -0.580057 41.817251 200.000000 41.817251 0.231652 92.660633 -0.814576 -34.766857 200.000000 -34.766857
 87.600000 -0.279643 -0.960104 -0.804161 -0.594412 -2.858171 -2.207331 -0.960104 -0.279643 -0.594412 -0.804161 0.010066 4.026435 -0.950071 14.073122 200.000000 14.073122 0.104915 41.966123 -0.312033 -5.908081 200.000000 -5.908081 0.020607 8.242752 -0.580057 41.817251 200.000000 41.817251 0.010848 4.339133 -0.814576 -34.766857 200.000000 -34.766857
 87.800000 -0.326372 -0.945242 -0.798908 -0.601453 -2.809130 -2.216115 -0.945242 -0.326372 -0.601453 -0.798908 0.002333 0.933002 -0.950071 14.073122 200.000000 14.073122 0.020559 8.223406 -0.312033 -5.908081 200.000000 -5.908081 0.045778 18.311276 -0.580057 41.817251 200.000000 41.817251 0.024547 9.818919 -0.814576 -34.766857 200.000000 -34.766857
 88.000000 -0.374456 -0.927245 -0.855849 -0.517225 -2.757782 -2.114402 -0.927245 -0.374456 -0.517225 -0.855849 0.052105 20.842019 -0.950071 14.073122 200.000000 14.073122 0.389661 155.864202 -0.312033 -5.908081 200.000000 -5.908081 0.394784 157.913452 -0.580057 41.817251 200.000000 41.817251 0.170350 68.139901 -0.814576 -34.766857 200.000000 -34.766857
 88.200000 -0.310802 -0.950475 -0.852975 -0.521952 -2.825556 -2.119934 -0.950475 -0.310802 -0.521952 -0.852975 0.000016 0.006519 -0.950071 14.073122 200.000000 14.073122 0.000152 0.060697 -0.312033 -5.908081 200.000000 -5.908081 0.337623 135.049036 -0.580057 41.817251 200.000000 41.817251 0.147449 58.979776 -0.814576 -34.766857 200.000000 -34.766857
 88.400000 -0.371032 -0.928620 -0.833482 -0.552547 -2.761472 -2.156213 -0.928620 -0.371032 -0.552547 -0.833482 0.046015 18.406159 -0.950071 14.073122 200.000000 14.073122 0.348088 139.235107 -0.312033 -5.908081 200.000000 -5.908081 0.075681 30.272415 -0.580057 41.817251 200.000000 41.817251 0.035744 14.297432 -0.814576 -34.766857 200.000000 -34.766857
 88.600000 -0.316326 -0.948651 -0.769134 -0.639088 -2.819739 -2.264108 -0.948651 -0.316326 -0.639088 -0.769134 0.000202 0.080709 -0.950071 14.073122 200.000000 14.073122 0.001842 0.736937 -0.312033 -5.908081 200.000000 -5.908081 0.348464 139.385756 -0.580057 41.817251 200.000000 41.817251 0.206499 82.599557 -0.814576 -34.766857 200.000000 -34.766857
 88.800000 -0.281118 -0.959673 -0.781830 -0.623492 -2.856634 -2.243998 -0.959673 -0.281118 -0.623492 -0.781830 0.009220 3.687991 -0.950071 14.073122 200.000000 14.073122 0.095576 38.230418 -0.312033 -5.908081 200.000000 -5.908081 0.188661 75.464550 -0.580057 41.817251 200.000000 41.817251 0.107232 42.892764 -0.814576 -34.766857 200.000000 -34.766857
 89.000000 -0.323568 -0.946205 -0.765248 -0.643735 -2.812095 -2.270166 -0.946205 -0.323568 -0.643735 -0.765248 0.001495 0.597876 -0.950071 14.073122 200.000000 14.073122 0.013304 5.321631 -0.312033 -5.908081 200.000000 -5.908081 0.405492 162.196826 -0.580057 41.817251 200.000000 41.817251 0.243321 97.328504 -0.814576 -34.766857 200.000000 -34.766857
 89.200000 -0.319879 -0.947458 -0.769164 -0.639051 -2.815991 -2.264060 -0.947458 -0.319879 -0.639051 -0.769164 0.000683 0.273041 -0.950071 14.073122 200.000000 14.073122 0.006155 2.462018 -0.312033 -5.908081 200.000000 -5.908081 0.348031 139.212427 -0.580057 41.817251 200.000000 41.817251 0.206222 82.488696 -0.814576 -34.766857 200.000000 -34.766857
 89.400000 -0.301315 -0.953525 -0.718734 -0.695285 -2.835521 -2.339613 -0.953525 -0.301315 -0.695285 -0.718734 0.001193 0.477065 -0.950071 14.073122 200.000000 14.073122 0.011488 4.595281 -0.312033 -5.908081 200.000000 -5.908081 1.327757 531.102887 -0.580057 41.817251 200.000000 41.817251 0.918570 367.428002 -0.814576 -34.766857 200.000000 -34.766857
 89.600000 -0.305562 -0.952172 -0.792738 -0.609563 -2.831064 -2.226306 -0.952172 -0.305562 -0.609563 -0.792738 0.000441 0.176561 -0.950071 14.073122 200.000000 14.073122 0.004188 1.675015 -0.312033 -5.908081 200.000000 -5.908081 0.087061 34.824573 -0.580057 41.817251 200.000000 41.817251 0.047692 19.076606 -0.814576 -34.766857 200.000000 -34.766857
 89.800000 -0.294066 -0.955785 -0.759055 -0.651027 -2.843115 -2.279732 -0.955785 -0.294066 -0.651027 -0.759055 0.003265 1.306005 -0.950071 14.073122 200.000000 14.073122 0.032283 12.913305 -0.312033 -5.908081 200.000000 -5.908081 0.503668 201.467369 -0.580057 41.817251 200.000000 41.817251 0.308258 123.303074 -0.814576 -34.766857 200.000000 -34.766857
 90.000000 -0.271917 -0.962321 -0.846846 -0.531838 -2.866208 -2.131565 -0.962321 -0.271917 -0.531838 -0.846846 0.015005 6.002168 -0.950071 14.073122 200.000000 14.073122 0.160935 64.373971 -0.312033 -5.908081 200.000000 -5.908081 0.232510 93.003987 -0.580057 41.817251 200.000000 41.817251 0.104138 41.655148 -0.814576 -34.766857 200.000000 -34.766857
 90.200000 -0.311472 -0.950255 -0.828462 -0.560045 -2.824851 -2.165236 -0.950255 -0.311472 -0.560045 -0.828462 0.000003 0.001355 -0.950071 14.073122 200.000000 14.073122 0.000031 0.012589 -0.312033 -5.908081 200.000000 -5.908081 0.040048 16.019061 -0.580057 41.817251 200.000000 41.817251 0.019283 7.713103 -0.814576 -34.766857 200.000000 -34.766857
 90.400000 -0.307074 -0.951686 -0.862292 -0.506412 -2.829476 -2.101815 -0.951686 -0.307074 -0.506412 -0.862292 0.000261 0.104285 -0.950071 14.073122 200.000000 14.073122 0.002460 0.984015 -0.312033 -5.908081 200.000000 -5.908081 0.542354 216.941759 -0.580057 41.817251 200.000000 41.817251 0.227678 91.071068 -0.814576 -34.766857 200.000000 -34.766857
 90.600000 -0.324332 -0.945943 -0.813424 -0.581671 -2.811287 -2.191578 -0.945943 -0.324332 -0.581671 -0.813424 0.001704 0.681582 -0.950071 14.073122 200.000000 14.073122 0.015126 6.050449 -0.312033 -5.908081 200.000000 -5.908081 0.000261 0.104243 -0.580057 41.817251 200.000000 41.817251 0.000133 0.053082 -0.814576 -34.766857 200.000000 -34.766857
 90.800000 -0.286398 -0.958111 -0.826512 -0.562919 -2.851127 -2.168709 -0.958111 -0.286398 -0.562919 -0.826512 0.006463 2.585324 -0.950071 14.073122 200.000000 14.073122 0.065715 26.286022 -0.312033 -5.908081 200.000000 -5.908081 0.029371 11.748489 -0.580057 41.817251 200.000000 41.817251 0.014247 5.698916 -0.814576 -34.766857 200.000000 -34.766857
 91.000000 -0.376186 -0.926544 -0.805713 -0.592307 -2.755916 -2.204715 -0.926544 -0.376186 -0.592307 -0.805713 0.055352 22.140735 -0.950071 14.073122 200.000000 14.073122 0.411556 164.622267 -0.312033 -5.908081 200.000000 -5.908081 0.015006 6.002313 -0.580057 41.817251 200.000000 41.817251 0.007856 3.142379 -0.814576 -34.766857 200.000000 -34.766857
 91.200000 -0.353787 -0.935326 -0.788511 -0.615021 -2.779976 -2.233209 -0.935326 -0.353787 -0.615021 -0.788511 0.021741 8.696522 -0.950071 14.073122 200.000000 14.073122 0.174332 69.732894 -0.312033 -5.908081 200.000000 -5.908081 0.122247 48.898612 -0.580057 41.817251 200.000000 41.817251 0.067938 27.175315 -0.814576 -34.766857 200.000000 -34.766857
 91.400000 -0.344505 -0.938785 -0.727801 -0.685788 -2.789881 -2.326482 -0.938785 -0.344505 -0.685788 -0.727801 0.012739 5.095485 -0.950071 14.073122 200.000000 14.073122 0.105439 42.175758 -0.312033 -5.908081 200.000000 -5.908081 1.117910 447.163868 -0.580057 41.817251 200.000000 41.817251 0.752986 301.194223 -0.814576 -34.766857 200.000000 -34.766857
 91.600000 -0.384715 -0.923035 -0.770525 -0.637409 -2.746694 -2.261928 -0.923035 -0.384715 -0.637409 -0.770525 0.073093 29.237263 -0.950071 14.073122 200.000000 14.073122 0.528262 211.304878 -0.312033 -5.908081 200.000000 -5.908081 0.328930 131.572059 -0.580057 41.817251 200.000000 41.817251 0.194045 77.618185 -0.814576 -34.766857 200.000000 -34.766857
 91.800000 -0.353750 -0.935340 -0.671202 -0.741274 -2.780016 -2.405763 -0.935340 -0.353750 -0.741274 -0.671202 0.021700 8.680046 -0.950071 14.073122 200.000000 14.073122 0.174024 69.609541 -0.312033 -5.908081 200.000000 -5.908081 2.599105 1039.641860 -0.580057 41.817251 200.000000 41.817251 2.055603 822.241131 -0.814576 -34.766857 200.000000 -34.766857
 92.000000 -0.345661 -0.938360 -0.762844 -0.646582 -2.788650 -2.273892 -0.938360 -0.345661 -0.646582 -0.762844 0.013716 5.486401 -0.950071 14.073122 200.000000 14.073122 0.113079 45.231577 -0.312033 -5.908081 200.000000 -5.908081 0.442563 177.025020 -0.580057 41.817251 200.000000 41.817251 0.267617 107.046760 -0.814576 -34.766857 200.000000 -34.766857
 92.200000 -0.371656 -0.928370 -0.768231 -0.640173 -2.760800 -2.265519 -0.928370 -0.371656 -0.640173 -0.768231 0.047092 18.836738 -0.950071 14.073122 200.000000 14.073122 0.355487 142.194617 -0.312033 -5.908081 200.000000 -5.908081 0.361389 144.555577 -0.580057 41.817251 200.000000 41.817251 0.214784 85.913591 -0.814576 -34.766857 200.000000 -34.766857
 92.400000 -0.288590 -0.957453 -0.792956 -0.609279 -2.848839 -2.225947 -0.957453 -0.288590 -0.609279 -0.792956 0.005449 2.179508 -0.950071 14.073122 200.000000 14.073122 0.054958 21.983331 -0.312033 -5.908081 200.000000 -5.908081 0.085394 34.157408 -0.580057 41.817251 200.000000 41.817251 0.046743 18.697127 -0.814576 -34.766857 200.000000 -34.766857
 92.600000 -0.369694 -0.929154 -0.778822 -0.627245 -2.762913 -2.248807 -0.929154 -0.369694 -0.627245 -0.778822 0.043754 17.501459 -0.950071 14.073122 200.000000 14.073122 0.332469 132.987483 -0.312033 -5.908081 200.000000 -5.908081 0.222674 89.069704 -0.580057 41.817251 200.000000 41.817251 0.127836 51.134452 -0.814576 -34.766857 200.000000 -34.766857
 92.800000 -0.271420 -0.962461 -0.806392 -0.591381 -2.866724 -2.203566 -0.962461 -0.271420 -0.591381 -0.806392 0.015351 6.140323 -0.950071 14.073122 200.000000 14.073122 0.164944 65.977517 -0.312033 -5.908081 200.000000 -5.908081 0.012823 5.129136 -0.580057 41.817251 200.000000 41.817251 0.006697 2.678758 -0.814576 -34.766857 200.000000 -34.766857
 93.000000 -0.395088 -0.918643 -0.815934 -0.578145 -2.735430 -2.187250 -0.918643 -0.395088 -0.578145 -0.815934 0.098770 39.507877 -0.950071 14.073122 200.000000 14.073122 0.689798 275.919367 -0.312033 -5.908081 200.000000 -5.908081 0.000365 0.146187 -0.580057 41.817251 200.000000 41.817251 0.000184 0.073761 -0.814576 -34.766857 200.000000 -34.766857
 93.200000 -0.399561 -0.916707 -0.795460 -0.606007 -2.730555 -2.221827 -0.916707 -0.399561 -0.606007 -0.795460 0.111319 44.527457 -0.950071 14.073122 200.000000 14.073122 0.766105 306.441944 -0.312033 -5.908081 200.000000 -5.908081 0.067338 26.935276 -0.580057 41.817251 200.000000 41.817251 0.036543 14.617270 -0.814576 -34.766857 200.000000 -34.766857
 93.400000 -0.359588 -0.933111 -0.757608 -0.652710 -2.773766 -2.281953 -0.933111 -0.359588 -0.652710 -0.757608 0.028764 11.505639 -0.950071 14.073122 200.000000 14.073122 0.226145 90.457836 -0.312033 -5.908081 200.000000 -5.908081 0.527853 211.141117 -0.580057 41.817251 200.000000 41.817251 0.324540 129.816105 -0.814576 -34.766857 200.000000 -34.766857
 93.600000 -0.295536 -0.955332 -0.810842 -0.585265 -2.841577 -2.196003 -0.955332 -0.295536 -0.585265 -0.810842 0.002767 1.106963 -0.950071 14.073122 200.000000 14.073122 0.027218 10.887183 -0.312033 -5.908081 200.000000 -5.908081 0.002713 1.085035 -0.580057 41.817251 200.000000 41.817251 0.001394 0.557706 -0.814576 -34.766857 200.000000 -34.766857
 93.800000 -0.276563 -0.960996 -0.834212 -0.551444 -2.861377 -2.154891 -0.960996 -0.276563 -0.551444 -0.834212 0.011935 4.774023 -0.950071 14.073122 200.000000 14.073122 0.125818 50.327058 -0.312033 -5.908081 200.000000 -5.908081 0.081869 32.747617 -0.580057 41.817251 200.000000 41.817251 0.038557 15.422690 -0.814576 -34.766857 200.000000 -34.766857
 94.000000 -0.292963 -0.956124 -0.783005 -0.622015 -2.844268 -2.242110 -0.956124 -0.292963 -0.622015 -0.783005 0.003663 1.465341 -0.950071 14.073122 200.000000 14.073122 0.036367 14.546787 -0.312033 -5.908081 200.000000 -5.908081 0.176049 70.419595 -0.580057 41.817251 200.000000 41.817251 0.099671 39.868382 -0.814576 -34.766857 200.000000 -34.766857
 94.200000 -0.307501 -0.951548 -0.718967 -0.695045 -2.829027 -2.339278 -0.951548 -0.307501 -0.695045 -0.718967 0.000218 0.087225 -0.950071 14.073122 200.000000 14.073122 0.002054 0.821782 -0.312033 -5.908081 200.000000 -5.908081 1.322215 528.885967 -0.580057 41.817251 200.000000 41.817251 0.914113 365.645121 -0.814576 -34.766857 200.000000 -34.766857
 94.400000 -0.345083 -0.938572 -0.746255 -0.665660 -2.789266 -2.299175 -0.938572 -0.345083 -0.665660 -0.746255 0.013222 5.288890 -0.950071 14.073122 200.000000 14.073122 0.109225 43.689827 -0.312033 -5.908081 200.000000 -5.908081 0.732793 293.117059 -0.580057 41.817251 200.000000 41.817251 0.466776 186.710287 -0.814576 -34.766857 200.000000 -34.766857
 94.600000 -0.353726 -0.935349 -0.790314 -0.612702 -2.780041 -2.230271 -0.935349 -0.353726 -0.612702 -0.790314 0.021673 8.669388 -0.950071 14.073122 200.000000 14.073122 0.173824 69.529727 -0.312033 -5.908081 200.000000 -5.908081 0.106570 42.627815 -0.580057 41.817251 200.000000 41.817251 0.058864 23.545492 -0.814576 -34.766857 200.000000 -34.766857
 94.800000 -0.296585 -0.955006 -0.842347 -0.538935 -2.840478 -2.139969 -0.955006 -0.296585 -0.538935 -0.842347 0.002436 0.974271 -0.950071 14.073122 200.000000 14.073122 0.023865 9.545845 -0.312033 -5.908081 200.000000 -5.908081 0.169098 67.639400 -0.580057 41.817251 200.000000 41.817251 0.077124 30.849575 -0.814576 -34.766857 200.000000 -34.766857
 95.000000 -0.265372 -0.964146 -0.795057 -0.606535 -2.873003 -2.222491 -0.964146 -0.265372 -0.606535 -0.795057 0.019810 7.924189 -0.950071 14.073122 200.000000 14.073122 0.217729 87.091431 -0.312033 -5.908081 200.000000 -5.908081 0.070109 28.043547 -0.580057 41.817251 200.000000 41.817251 0.038100 15.239900 -0.814576 -34.766857 200.000000 -34.766857
 95.200000 -0.300879 -0.953662 -0.797066 -0.603892 -2.835978 -2.219171 -0.953662 -0.300879 -0.603892 -0.797066 0.001290 0.515834 -0.950071 14.073122 200.000000 14.073122 0.012441 4.976506 -0.312033 -5.908081 200.000000 -5.908081 0.056811 22.724456 -0.580057 41.817251 200.000000 41.817251 0.030659 12.263719 -0.814576 -34.766857 200.000000 -34.766857
 95.400000 -0.329253 -0.944242 -0.860229 -0.509908 -2.806080 -2.105874 -0.944242 -0.329253 -0.509908 -0.860229 0.003398 1.359306 -0.950071 14.073122 200.000000 14.073122 0.029652 11.860857 -0.312033 -5.908081 200.000000 -5.908081 0.492090 196.836170 -0.580057 41.817251 200.000000 41.817251 0.208421 83.368353 -0.814576 -34.766857 200.000000 -34.766857
 95.600000 -0.301399 -0.953498 -0.821481 -0.570236 -2.835433 -2.177589 -0.953498 -0.301399 -0.570236 -0.821481 0.001174 0.469741 -0.950071 14.073122 200.000000 14.073122 0.011308 4.523371 -0.312033 -5.908081 200.000000 -5.908081 0.009646 3.858262 -0.580057 41.817251 200.000000 41.817251 0.004768 1.907267 -0.814576 -34.766857 200.000000 -34.766857
 95.800000 -0.421453 -0.906850 -0.833477 -0.552554 -2.706546 -2.156222 -0.906850 -0.421453 -0.552554 -0.833477 0.186803 74.721053 -0.950071 14.073122 200.000000 14.073122 1.197254 478.901758 -0.312033 -5.908081 200.000000 -5.908081 0.075639 30.255567 -0.580057 41.817251 200.000000 41.817251 0.035724 14.289757 -0.814576 -34.766857 200.000000 -34.766857
 96.000000 -0.331932 -0.943303 -0.848538 -0.529135 -2.803242 -2.128377 -0.943303 -0.331932 -0.529135 -0.848538 0.004580 1.832052 -0.950071 14.073122 200.000000 14.073122 0.039594 15.837491 -0.312033 -5.908081 200.000000 -5.908081 0.259302 103.720941 -0.580057 41.817251 200.000000 41.817251 0.115339 46.135602 -0.814576 -34.766857 200.000000 -34.766857
 96.200000 -0.270606 -0.962690 -0.812587 -0.582840 -2.867570 -2.193016 -0.962690 -0.270606 -0.582840 -0.812587 0.015924 6.369708 -0.950071 14.073122 200.000000 14.073122 0.171625 68.650192 -0.312033 -5.908081 200.000000 -5.908081 0.000775 0.309875 -0.580057 41.817251 200.000000 41.817251 0.000396 0.158273 -0.814576 -34.766857 200.000000 -34.766857
 96.400000 -0.340247 -0.940336 -0.773515 -0.633778 -2.794413 -2.257224 -0.940336 -0.340247 -0.633778 -0.773515 0.009477 3.790922 -0.950071 14.073122 200.000000 14.073122 0.079602 31.840975 -0.312033 -5.908081 200.000000 -5.908081 0.288596 115.438562 -0.580057 41.817251 200.000000 41.817251 0.168601 67.440302 -0.814576 -34.766857 200.000000 -34.766857
 96.600000 -0.234664 -0.972077 -0.751701 -0.659504 -2.904720 -2.290955 -0.972077 -0.234664 -0.659504 -0.751701 0.048424 19.369589 -0.950071 14.073122 200.000000 14.073122 0.598604 239.441793 -0.312033 -5.908081 200.000000 -5.908081 0.631182 252.472602 -0.580057 41.817251 200.000000 41.817251 0.395324 158.129416 -0.814576 -34.766857 200.000000 -34.766857
 96.800000 -0.365801 -0.930693 -0.735644 -0.677369 -2.767100 -2.314976 -0.930693 -0.365801 -0.677369 -0.735644 0.037550 15.020134 -0.950071 14.073122 200.000000 14.073122 0.289092 115.636697 -0.312033 -5.908081 200.000000 -5.908081 0.946958 378.783071 -0.580057 41.817251 200.000000 41.817251 0.623030 249.211823 -0.814576 -34.766857 200.000000 -34.766857
 97.000000 -0.297600 -0.954691 -0.788719 -0.614754 -2.839414 -2.232870 -0.954691 -0.297600 -0.614754 -0.788719 0.002134 0.853557 -0.950071 14.073122 200.000000 14.073122 0.020831 8.332502 -0.312033 -5.908081 200.000000 -5.908081 0.120386 48.154547 -0.580057 41.817251 200.000000 41.817251 0.066857 26.742897 -0.814576 -34.766857 200.000000 -34.766857
 97.200000 -0.420914 -0.907100 -0.750650 -0.660700 -2.707139 -2.292548 -0.907100 -0.420914 -0.660700 -0.750650 0.184649 73.859550 -0.950071 14.073122 200.000000 14.073122 1.185508 474.203136 -0.312033 -5.908081 200.000000 -5.908081 0.650338 260.135058 -0.580057 41.817251 200.000000 41.817251 0.408657 163.462705 -0.814576 -34.766857 200.000000 -34.766857
 97.400000 -0.424672 -0.905347 -0.814277 -0.580476 -2.702993 -2.190109 -0.905347 -0.424672 -0.580476 -0.814277 0.200023 80.009205 -0.950071 14.073122 200.000000 14.073122 1.268749 507.499524 -0.312033 -5.908081 200.000000 -5.908081 0.000018 0.007022 -0.580057 41.817251 200.000000 41.817251 0.000009 0.003565 -0.814576 -34.766857 200.000000 -34.766857
 97.600000 -0.285159 -0.958480 -0.848980 -0.528424 -2.852421 -2.127540 -0.958480 -0.285159 -0.528424 -0.848980 0.007072 2.828611 -0.950071 14.073122 200.000000 14.073122 0.072226 28.890361 -0.312033 -5.908081 200.000000 -5.908081 0.266592 106.636610 -0.580057 41.817251 200.000000 41.817251 0.118366 47.346521 -0.814576 -34.766857 200.000000 -34.766857
 97.800000 -0.370381 -0.928880 -0.818306 -0.574784 -2.762173 -2.183136 -0.928880 -0.370381 -0.574784 -0.818306 0.044907 17.962667 -0.950071 14.073122 200.000000 14.073122 0.340444 136.177490 -0.312033 -5.908081 200.000000 -5.908081 0.002781 1.112345 -0.580057 41.817251 200.000000 41.817251 0.001391 0.556383 -0.814576 -34.766857 200.000000 -34.766857
 98.000000 -0.336390 -0.941723 -0.834392 -0.551171 -2.798512 -2.154564 -0.941723 -0.336390 -0.551171 -0.834392 0.006969 2.787756 -0.950071 14.073122 200.000000 14.073122 0.059323 23.729315 -0.312033 -5.908081 200.000000 -5.908081 0.083438 33.375393 -0.580057 41.817251 200.000000 41.817251 0.039268 15.707325 -0.814576 -34.766857 200.000000 -34.766857
 98.200000 -0.382700 -0.923873 -0.891095 -0.453817 -2.748876 -2.041841 -0.923873 -0.382700 -0.453817 -0.891095 0.068636 27.454368 -0.950071 14.073122 200.000000 14.073122 0.499377 199.750611 -0.312033 -5.908081 200.000000 -5.908081 1.593639 637.455734 -0.580057 41.817251 200.000000 41.817251 0.585511 234.204510 -0.814576 -34.766857 200.000000 -34.766857
 98.400000 -0.284662 -0.958628 -0.803834 -0.594853 -2.852938 -2.207879 -0.958628 -0.284662 -0.594853 -0.803834 0.007322 2.928675 -0.950071 14.073122 200.000000 14.073122 0.074917 29.966761 -0.312033 -5.908081 200.000000 -5.908081 0.021893 8.757056 -0.580057 41.817251 200.000000 41.817251 0.011538 4.615195 -0.814576 -34.766857 200.000000 -34.766857
 98.600000 -0.341761 -0.939787 -0.792509 -0.609860 -2.792802 -2.226680 -0.939787 -0.341761 -0.609860 -0.792509 0.010577 4.230724 -0.950071 14.073122 200.000000 14.073122 0.088375 35.350049 -0.312033 -5.908081 200.000000 -5.908081 0.088823 35.529142 -0.580057 41.817251 200.000000 41.817251 0.048695 19.477819 -0.814576 -34.766857 200.000000 -34.766857
 98.800000 -0.385855 -0.922560 -0.785106 -0.619362 -2.745459 -2.238726 -0.922560 -0.385855 -0.619362 -0.785106 0.075688 30.275255 -0.950071 14.073122 200.000000 14.073122 0.544955 217.982033 -0.312033 -5.908081 200.000000 -5.908081 0.154488 61.795076 -0.580057 41.817251 200.000000 41.817251 0.086850 34.739889 -0.814576 -34.766857 200.000000 -34.766857
 99.000000 -0.276667 -0.960966 -0.740897 -0.671619 -2.861269 -2.307188 -0.960966 -0.276667 -0.671619 -0.740897 0.011870 4.747882 -0.950071 14.073122 200.000000 14.073122 0.125081 50.032221 -0.312033 -5.908081 200.000000 -5.908081 0.838364 335.345514 -0.580057 41.817251 200.000000 41.817251 0.542865 217.145918 -0.814576 -34.766857 200.000000 -34.766857
 99.200000 -0.356424 -0.934324 -0.777338 -0.629083 -2.777155 -2.251170 -0.934324 -0.356424 -0.629083 -0.777338 0.024796 9.918239 -0.950071 14.073122 200.000000 14.073122 0.197048 78.819164 -0.312033 -5.908081 200.000000 -5.908081 0.240359 96.143603 -0.580057 41.817251 200.000000 41.817251 0.138667 55.466995 -0.814576 -34.766857 200.000000 -34.766857
 99.400000 -0.195224 -0.980759 -0.777110 -0.629365 -2.945107 -2.251533 -0.980759 -0.195224 -0.629365 -0.777110 0.094173 37.669185 -0.950071 14.073122 200.000000 14.073122 1.364451 545.780235 -0.312033 -5.908081 200.000000 -5.908081 0.243132 97.252654 -0.580057 41.817251 200.000000 41.817251 0.140373 56.149098 -0.814576 -34.766857 200.000000 -34.766857
 99.600000 -0.302003 -0.953307 -0.805353 -0.592795 -2.834799 -2.205321 -0.953307 -0.302003 -0.592795 -0.805353 0.001047 0.418817 -0.950071 14.073122 200.000000 14.073122 0.010061 4.024255 -0.312033 -5.908081 200.000000 -5.908081 0.016226 6.490467 -0.580057 41.817251 200.000000 41.817251 0.008506 3.402282 -0.814576 -34.766857 200.000000 -34.766857
 99.800000 -0.330569 -0.943782 -0.834799 -0.550555 -2.804686 -2.153825 -0.943782 -0.330569 -0.550555 -0.834799 0.003955 1.582174 -0.950071 14.073122 200.000000 14.073122 0.034356 13.742394 -0.312033 -5.908081 200.000000 -5.908081 0.087039 34.815477 -0.580057 41.817251 200.000000 41.817251 0.040898 16.359133 -0.814576 -34.766857 200.000000 -34.766857
 100.000000 -0.334054 -0.942554 -0.844491 -0.535570 -2.800991 -2.135979 -0.942554 -0.334054 -0.535570 -0.844491 0.005651 2.260371 -0.950071 14.073122 200.000000 14.073122 0.048492 19.396617 -0.312033 -5.908081 200.000000 -5.908081 0.197906 79.162552 -0.580057 41.817251 200.000000 41.817251 0.089489 35.795652 -0.814576 -34.766857 200.000000 -34.766857
