#! FIELDS time sin_phi cos_phi sin_psi cos_psi phi psi cos_phi sin_phi cos_psi sin_psi restraint_phi_cos.bias restraint_phi_cos.force2 restraint_phi_cos.cos_phi_cntr restraint_phi_cos.cos_phi_work restraint_phi_cos.cos_phi_kappa restraint_phi_cos.work restraint_phi_sin.bias restraint_phi_sin.force2 restraint_phi_sin.sin_phi_cntr restraint_phi_sin.sin_phi_work restraint_phi_sin.sin_phi_kappa restraint_phi_sin.work restraint_psi_cos.bias restraint_psi_cos.force2 restraint_psi_cos.cos_psi_cntr restraint_psi_cos.cos_psi_work restraint_psi_cos.cos_psi_kappa restraint_psi_cos.work restraint_psi_sin.bias restraint_psi_sin.force2 restraint_psi_sin.sin_psi_cntr restraint_psi_sin.sin_psi_work restraint_psi_sin.sin_psi_kappa restraint_psi_sin.work
#! SET min_phi -pi
#! SET max_phi pi
#! SET min_psi -pi
#! SET max_psi pi
 0.000000 -0.999983 -0.005782 0.966116 0.258110 -1.576579 1.309731 -0.005782 -0.999983 0.258110 0.966116 0.000000 0.000000 1.000000 0.000000 0.000000 0.000000 0.000000 0.000000 0.000000 0.000000 0.000000 0.000000 0.000000 0.000000 1.000000 0.000000 0.000000 0.000000 0.000000 0.000000 0.000000 0.000000 0.000000 0.000000
 0.200000 -0.992318 0.123711 0.651177 0.758926 -1.446768 0.709134 0.123711 -0.992318 0.758926 0.651177 0.000000 0.000000 1.000000 0.000000 0.000000 0.000000 0.000000 0.000000 0.000000 0.000000 0.000000 0.000000 0.000000 0.000000 1.000000 0.000000 0.000000 0.000000 0.000000 0.000000 0.000000 0.000000 0.000000 0.000000
 0.400000 -0.961266 0.275622 0.530288 0.847817 -1.291559 0.558941 0.275622 -0.961266 0.847817 0.530288 0.000000 0.000000 1.000000 0.000000 0.000000 0.000000 0.000000 0.000000 0.000000 0.000000 0.000000 0.000000 0.000000 0.000000 1.000000 0.000000 0.000000 0.000000 0.000000 0.000000 0.000000 0.000000 0.000000 0.000000
 0.600000 -0.964668 0.263470 0.974191 0.225724 -1.304179 1.343111 0.263470 -0.964668 0.225724 0.974191 0.000000 0.000000 1.000000 0.000000 0.000000 0.000000 0.000000 0.000000 0.000000 0.000000 0.000000 0.000000 0.000000 0.000000 1.000000 0.000000 0.000000 0.000000 0.000000 0.000000 0.000000 0.000000 0.000000 0.000000
 0.800000 -0.999801 0.019934 0.982355 0.187025 -1.550861 1.382663 0.019934 -0.999801 0.187025 0.982355 0.000000 0.000000 1.000000 0.000000 0.000000 0.000000 0.000000 0.000000 0.000000 0.000000 0.000000 0.000000 0.000000 0.000000 1.000000 0.000000 0.000000 0.000000 0.000000 0.000000 0.000000 0.000000 0.000000 0.000000
 1.000000 -0.999595 0.028448 0.659832 0.751413 -1.542345 0.720595 0.028448 -0.999595 0.751413 0.659832 0.000000 0.000000 1.000000 0.000000 0.000000 0.000000 0.000000 0.000000 0.000000 0.000000 0.000000 0.000000 0.000000 0.000000 1.000000 0.000000 0.000000 0.000000 0.000000 0.000000 0.000000 0.000000 0.000000 0.000000
 1.200000 -0.523337 0.852126 -0.267996 0.963420 -0.550763 -0.271313 0.852126 -0.523337 0.963420 -0.267996 0.218668 8.746724 1.000000 4.924676 20.000000 4.924676 2.738818 109.552721 0.000000 7.202907 20.000000 7.202907 0.013381 0.535240 1.000000 0.201922 20.000000 0.201922 0.718220 28.728808 0.000000 1.668522 20.000000 1.668522
 1.400000 0.151769 0.988416 0.008803 0.999961 0.152358 0.008803 0.988416 0.151769 0.999961 0.008803 0.002684 0.214702 1.000000 4.977587 40.000000 4.977587 0.460675 36.854037 0.000000 8.361116 40.000000 8.361116 0.000000 0.000002 1.000000 0.226016 40.000000 0.226016 0.001550 0.123992 0.000000 2.416413 40.000000 2.416413
 1.600000 0.303346 0.952881 -0.214685 0.976683 0.308202 -0.216370 0.952881 0.303346 0.976683 -0.214685 0.066607 7.992877 1.000000 4.988918 60.000000 4.988918 2.760560 331.267251 0.000000 8.907892 60.000000 8.907892 0.016310 1.957213 1.000000 0.229927 60.000000 0.229927 1.382694 165.923319 0.000000 2.705398 60.000000 2.705398
 1.800000 -0.090985 0.995852 0.066053 0.997816 -0.091111 0.066101 0.995852 -0.090985 0.997816 0.066053 0.000688 0.110102 1.000000 4.992377 80.000000 4.992377 0.331127 52.980383 0.000000 9.205546 80.000000 9.205546 0.000191 0.030524 1.000000 0.230389 80.000000 0.230389 0.174520 27.923144 0.000000 2.779924 80.000000 2.779924
 2.000000 -0.266080 0.963951 0.072661 0.997357 -0.269324 0.072725 0.963951 -0.266080 0.997357 0.072661 0.064976 12.995266 1.000000 4.993496 100.000000 4.993496 3.539918 707.983673 0.000000 9.347121 100.000000 9.347121 0.000349 0.069869 1.000000 0.231416 100.000000 0.231416 0.263978 52.795693 0.000000 2.907307 100.000000 2.907307
 2.200000 -0.080140 0.996784 -0.154553 0.987984 -0.080226 -0.155175 0.996784 -0.080140 0.987984 -0.154553 0.000621 0.148970 1.000000 4.994917 120.000000 4.994917 0.385345 92.482909 0.000000 9.475784 120.000000 9.475784 0.008662 2.078966 1.000000 0.231836 120.000000 0.231836 1.433200 343.967953 0.000000 2.993694 120.000000 2.993694
 2.400000 0.044667 0.999002 -0.093595 0.995610 0.044682 -0.093732 0.999002 0.044667 0.995610 -0.093595 0.000070 0.019524 1.000000 4.998059 140.000000 4.998059 0.139660 39.104719 0.000000 9.672366 140.000000 9.672366 0.001349 0.377668 1.000000 0.232655 140.000000 0.232655 0.613198 171.695451 0.000000 3.117438 140.000000 3.117438
 2.600000 -0.113503 0.993538 0.000918 1.000000 -0.113748 0.000918 0.993538 -0.113503 1.000000 0.000918 0.003341 1.069103 1.000000 4.998217 160.000000 4.998217 1.030634 329.802753 0.000000 9.722387 160.000000 9.722387 0.000000 0.000000 1.000000 0.232813 160.000000 0.232813 0.000067 0.021563 0.000000 3.169724 160.000000 3.169724
 2.800000 -0.009796 0.999952 -0.037832 0.999284 -0.009797 -0.037841 0.999952 -0.009796 0.999284 -0.037832 0.000000 0.000075 1.000000 4.998378 180.000000 4.998378 0.008637 3.109428 0.000000 9.775342 180.000000 9.775342 0.000046 0.016606 1.000000 0.232985 180.000000 0.232985 0.128816 46.373937 0.000000 3.222536 180.000000 3.222536
 3.000000 0.072890 0.997340 -0.073600 0.997288 0.072954 -0.073666 0.997340 0.072890 0.997288 -0.073600 0.000708 0.283021 1.000000 4.998579 200.000000 4.998579 0.531289 212.515740 0.000000 9.831728 200.000000 9.831728 0.000736 0.294226 1.000000 0.233078 200.000000 0.233078 0.541691 216.676285 0.000000 3.259799 200.000000 3.259799
 3.200000 -0.120990 0.992654 0.054424 0.998518 -0.121287 0.054451 0.992654 -0.120990 0.998518 0.054424 0.040607 16.242671 0.972503 5.044724 200.000000 5.044724 0.067901 27.160380 -0.094932 9.828020 200.000000 9.828020 0.386784 154.713412 0.936326 0.621142 200.000000 0.621142 0.296194 118.477426 0.000000 3.259799 200.000000 3.259799
 3.400000 -0.144128 0.989559 0.079428 0.996841 -0.144632 0.079512 0.989559 -0.144128 0.996841 0.079428 0.198503 79.401340 0.945005 5.148421 200.000000 5.148421 0.209175 83.670051 -0.189864 8.717886 200.000000 8.717886 1.542280 616.912122 0.872652 1.809761 200.000000 1.809761 0.630882 252.352709 0.000000 3.259799 200.000000 3.259799
 3.600000 -0.293381 0.955996 0.076610 0.997061 -0.297762 0.076685 0.955996 -0.293381 0.997061 0.076610 0.148129 59.251612 0.917508 5.353478 200.000000 5.353478 0.007372 2.948640 -0.284795 8.596999 200.000000 8.596999 3.537525 1415.009825 0.808978 3.803660 200.000000 3.803660 0.586913 234.765386 0.000000 3.259799 200.000000 3.259799
 3.800000 -0.417263 0.908786 -0.018955 0.999820 -0.430431 -0.018956 0.908786 -0.417263 0.999820 -0.018955 0.035250 14.100160 0.890011 5.415930 200.000000 5.415930 0.140894 56.357695 -0.379727 7.394803 200.000000 7.394803 6.477855 2591.141832 0.745304 6.615003 200.000000 6.615003 0.035929 14.371428 0.000000 3.259799 200.000000 3.259799
 4.000000 -0.517228 0.855847 -0.060608 0.998162 -0.543609 -0.060645 0.855847 -0.517228 0.998162 -0.060608 0.004444 1.777446 0.862513 5.418229 200.000000 5.418229 0.181218 72.487085 -0.474659 6.412626 200.000000 6.412626 10.019225 4007.689916 0.681630 10.254395 200.000000 10.254395 0.367333 146.933233 0.000000 3.259799 200.000000 3.259799
 4.200000 -0.527854 0.849335 0.028110 0.999605 -0.556072 0.028114 0.849335 -0.527854 0.999605 0.028110 0.001718 0.687249 0.845190 5.381980 200.000000 5.381980 0.004372 1.748636 -0.534466 6.075168 200.000000 6.075168 14.565578 5826.231192 0.617956 14.690769 200.000000 14.690769 0.079018 31.607362 0.000000 3.259799 200.000000 3.259799
 4.400000 -0.521908 0.853002 0.088557 0.996071 -0.549086 0.088673 0.853002 -0.521908 0.996071 0.088557 0.006103 2.441037 0.845190 5.381980 200.000000 5.381980 0.015771 6.308310 -0.534466 6.075168 200.000000 6.075168 19.517758 7807.103138 0.554282 19.923387 200.000000 19.923387 0.784228 313.691255 0.000000 3.259799 200.000000 3.259799
 4.600000 -0.647291 0.762243 0.017580 0.999845 -0.704026 0.017581 0.762243 -0.647291 0.999845 0.017580 0.688029 275.211651 0.845190 5.381980 200.000000 5.381980 1.272963 509.185217 -0.534466 6.075168 200.000000 6.075168 25.932271 10372.908317 0.490608 25.860926 200.000000 25.860926 0.030905 12.361817 0.000000 3.259799 200.000000 3.259799
 4.800000 -0.602646 0.798008 -0.185999 0.982550 -0.646813 -0.187089 0.798008 -0.602646 0.982550 -0.185999 0.222612 89.044732 0.845190 5.381980 200.000000 5.381980 0.464859 185.943743 -0.534466 6.075168 200.000000 6.075168 30.870885 12348.354101 0.426934 32.665134 200.000000 32.665134 3.459581 1383.832538 0.000000 3.259799 200.000000 3.259799
 5.000000 -0.567748 0.823203 -0.086640 0.996240 -0.603767 -0.086749 0.823203 -0.567748 0.996240 -0.086640 0.048345 19.337899 0.845190 5.381980 200.000000 5.381980 0.110768 44.307213 -0.534466 6.075168 200.000000 6.075168 40.066316 16026.526340 0.363260 40.318435 200.000000 40.318435 0.750647 300.258726 0.000000 3.259799 200.000000 3.259799
 5.200000 -0.556030 0.831162 -0.195288 0.980746 -0.589601 -0.196551 0.831162 -0.556030 0.980746 -0.195288 0.019677 7.870935 0.845190 5.381980 200.000000 5.381980 0.046500 18.599848 -0.534466 6.075168 200.000000 6.075168 46.397871 18559.148276 0.299586 48.766318 200.000000 48.766318 3.813739 1525.495745 0.000000 3.259799 200.000000 3.259799
 5.400000 -0.522786 0.852464 0.062539 0.998043 -0.550116 0.062580 0.852464 -0.522786 0.998043 0.062539 0.005291 2.116418 0.845190 5.381980 200.000000 5.381980 0.013642 5.456863 -0.534466 6.075168 200.000000 6.075168 58.084272 23233.708630 0.235912 57.929542 200.000000 57.929542 0.391115 156.445957 0.000000 3.259799 200.000000 3.259799
 5.600000 -0.514298 0.857611 -0.066150 0.997810 -0.540189 -0.066198 0.857611 -0.514298 0.997810 -0.066150 0.015429 6.171497 0.845190 5.381980 200.000000 5.381980 0.040673 16.269074 -0.534466 6.075168 200.000000 6.075168 68.156837 27262.734897 0.172238 67.944440 200.000000 67.944440 0.437584 175.033412 0.000000 3.259799 200.000000 3.259799
 5.800000 -0.519319 0.854580 -0.000549 1.000000 -0.546054 -0.000549 0.854580 -0.519319 1.000000 -0.000549 0.008818 3.527069 0.845190 5.381980 200.000000 5.381980 0.022942 9.176782 -0.534466 6.075168 200.000000 6.075168 79.465760 31786.304111 0.108564 78.799392 200.000000 78.799392 0.000030 0.012077 0.000000 3.259799 200.000000 3.259799
 6.000000 -0.553141 0.833087 -0.138355 0.990383 -0.586130 -0.138800 0.833087 -0.553141 0.990383 -0.138355 0.014648 5.859038 0.845190 5.381980 200.000000 5.381980 0.034878 13.951138 -0.534466 6.075168 200.000000 6.075168 89.395608 35758.243198 0.044890 90.240940 200.000000 90.240940 1.914217 765.686764 0.000000 3.259799 200.000000 3.259799
 6.200000 -0.549926 0.835213 0.360806 0.932641 -0.582276 0.369132 0.835213 -0.549926 0.932641 0.360806 0.009954 3.981433 0.845190 5.381980 200.000000 5.381980 0.023902 9.560793 -0.534466 6.075168 200.000000 6.075168 90.520879 36208.351764 -0.018784 102.547699 200.000000 102.547699 13.018116 5207.246562 0.000000 3.259799 200.000000 3.259799
 6.400000 -0.588526 0.808478 0.999953 0.009659 -0.629234 1.561137 0.808478 -0.588526 0.009659 0.999953 0.134774 53.909642 0.845190 5.381980 200.000000 5.381980 0.292247 116.898898 -0.534466 6.075168 200.000000 6.075168 0.848554 339.421592 -0.082458 111.940587 200.000000 111.940587 99.990670 39996.268015 0.000000 3.259799 200.000000 3.259799
 6.600000 -0.615940 0.787793 -0.044241 -0.999021 -0.663579 -3.097337 0.787793 -0.615940 -0.999021 -0.044241 0.329441 131.776554 0.845190 5.381980 200.000000 5.381980 0.663803 265.521358 -0.534466 6.075168 200.000000 6.075168 72.741980 29096.792142 -0.146132 103.296139 200.000000 103.296139 0.195725 78.289868 0.000000 3.259799 200.000000 3.259799
 6.800000 -0.408490 0.912763 0.475781 -0.879564 -0.420799 2.645740 0.912763 -0.408490 -0.879564 0.475781 0.456605 182.642053 0.845190 5.381980 200.000000 5.381980 1.586983 634.793063 -0.534466 6.075168 200.000000 6.075168 44.857540 17943.015935 -0.209806 93.139788 200.000000 93.139788 22.636803 9054.721239 0.000000 3.259799 200.000000 3.259799
 7.000000 -0.658120 0.752913 -0.184936 -0.982750 -0.718319 -2.955586 0.752913 -0.658120 -0.982750 -0.184936 0.851500 340.600019 0.845190 5.381980 200.000000 5.381980 1.529028 611.611108 -0.534466 6.075168 200.000000 6.075168 50.306494 20122.597575 -0.273480 84.539825 200.000000 84.539825 3.420147 1368.058738 0.000000 3.259799 200.000000 3.259799
 7.200000 -0.588771 0.808300 0.374509 -0.927223 -0.629538 2.757726 0.808300 -0.588771 -0.927223 0.374509 0.136090 54.435944 0.845190 5.381980 200.000000 5.381980 0.294908 117.963042 -0.534466 6.075168 200.000000 6.075168 34.818209 13927.283430 -0.337154 76.128824 200.000000 76.128824 14.025689 5610.275645 0.000000 3.259799 200.000000 3.259799
 7.400000 -0.558526 0.829487 -0.123913 -0.992293 -0.592608 -3.017360 0.829487 -0.558526 -0.992293 -0.123913 0.024659 9.863539 0.845190 5.381980 200.000000 5.381980 0.057890 23.155865 -0.534466 6.075168 200.000000 6.075168 34.983118 13993.247178 -0.400828 68.384825 200.000000 68.384825 1.535452 614.180629 0.000000 3.259799 200.000000 3.259799
 7.600000 -0.589823 0.807532 0.218846 -0.975760 -0.630840 2.920962 0.807532 -0.589823 -0.975760 0.218846 0.141810 56.723928 0.845190 5.381980 200.000000 5.381980 0.306443 122.577364 -0.534466 6.075168 200.000000 6.075168 26.138451 10455.380380 -0.464502 61.527823 200.000000 61.527823 4.789335 1915.734123 0.000000 3.259799 200.000000 3.259799
 7.800000 -0.589720 0.807608 0.110088 -0.993922 -0.630712 3.031281 0.807608 -0.589720 -0.993922 0.110088 0.141242 56.496673 0.845190 5.381980 200.000000 5.381980 0.305300 122.119896 -0.534466 6.075168 200.000000 6.075168 21.691946 8676.778422 -0.528176 55.166449 200.000000 55.166449 1.211931 484.772387 0.000000 3.259799 200.000000 3.259799
 8.000000 -0.548253 0.836312 0.072251 -0.997386 -0.580274 3.069278 0.836312 -0.548253 -0.997386 0.072251 0.007881 3.152514 0.845190 5.381980 200.000000 5.381980 0.019009 7.603622 -0.534466 6.075168 200.000000 6.075168 16.446004 6578.401557 -0.591850 49.747957 200.000000 49.747957 0.522025 208.810069 0.000000 3.259799 200.000000 3.259799
 8.200000 -0.666107 0.745856 0.173488 -0.984836 -0.728977 2.967223 0.745856 -0.666107 -0.984836 0.173488 0.986728 394.691221 0.845190 5.381980 200.000000 5.381980 1.732949 693.179439 -0.534466 6.075168 200.000000 6.075168 10.844658 4337.863310 -0.655524 45.040822 200.000000 45.040822 3.009804 1203.921641 0.000000 3.259799 200.000000 3.259799
 8.400000 -0.679214 0.733941 -0.109305 -0.994008 -0.746691 -3.032069 0.733941 -0.679214 -0.994008 -0.109305 1.237645 495.057813 0.845190 5.381980 200.000000 5.381980 2.095193 838.077262 -0.534466 6.075168 200.000000 6.075168 7.552085 3020.833901 -0.719198 41.125798 200.000000 41.125798 1.194755 477.902020 0.000000 3.259799 200.000000 3.259799
 8.600000 -0.645915 0.763410 -0.090338 -0.995911 -0.702221 -3.051131 0.763410 -0.645915 -0.995911 -0.090338 0.668806 267.522257 0.845190 5.381980 200.000000 5.381980 1.242086 496.834497 -0.534466 6.075168 200.000000 6.075168 4.538581 1815.432263 -0.782872 38.093708 200.000000 38.093708 0.816099 326.439628 0.000000 3.259799 200.000000 3.259799
 8.800000 -0.547923 0.836529 0.182580 -0.983191 -0.579879 2.957983 0.836529 -0.547923 -0.983191 0.182580 0.007502 3.000667 0.845190 5.381980 200.000000 5.381980 0.018109 7.243662 -0.534466 6.075168 200.000000 6.075168 1.867195 746.877977 -0.846546 35.788660 200.000000 35.788660 3.333540 1333.416110 0.000000 3.259799 200.000000 3.259799
 9.000000 -0.578848 0.815435 0.111232 -0.993794 -0.617315 3.030130 0.815435 -0.578848 -0.993794 0.111232 0.088534 35.413428 0.845190 5.381980 200.000000 5.381980 0.196977 78.790933 -0.534466 6.075168 200.000000 6.075168 0.698474 279.389718 -0.910220 34.276135 200.000000 34.276135 1.237259 494.903654 0.000000 3.259799 200.000000 3.259799
 9.200000 -0.623102 0.782141 -0.057518 -0.998344 -0.672702 -3.084043 0.782141 -0.623102 -0.998344 -0.057518 0.397520 159.007833 0.845190 5.381980 200.000000 5.381980 0.785629 314.251786 -0.534466 6.075168 200.000000 6.075168 0.059784 23.913654 -0.973894 33.594121 200.000000 33.594121 0.330834 132.333654 0.000000 3.259799 200.000000 3.259799
 9.400000 -0.569714 0.821843 0.120274 -0.992741 -0.606157 3.021027 0.821843 -0.569714 -0.992741 0.120274 0.054507 21.802906 0.845190 5.381980 200.000000 5.381980 0.124241 49.696255 -0.534466 6.075168 200.000000 6.075168 0.005270 2.107889 -1.000000 33.532327 200.000000 33.532327 1.446588 578.635012 0.000000 3.259799 200.000000 3.259799
 9.600000 -0.583596 0.812044 0.054145 -0.998533 -0.623150 3.087421 0.812044 -0.583596 -0.998533 0.054145 0.109866 43.946362 0.845190 5.381980 200.000000 5.381980 0.241379 96.551480 -0.534466 6.075168 200.000000 6.075168 0.000215 0.086074 -1.000000 33.532327 200.000000 33.532327 0.293168 117.267271 0.000000 3.259799 200.000000 3.259799
 9.800000 -0.582517 0.812819 -0.000908 -1.000000 -0.621822 -3.140685 0.812819 -0.582517 -1.000000 -0.000908 0.104791 41.916449 0.845190 5.381980 200.000000 5.381980 0.230890 92.356025 -0.534466 6.075168 200.000000 6.075168 0.000000 0.000000 -1.000000 33.532327 200.000000 33.532327 0.000082 0.032963 0.000000 3.259799 200.000000 3.259799
 10.000000 -0.579110 0.815249 0.097273 -0.995258 -0.617637 3.044166 0.815249 -0.579110 -0.995258 0.097273 0.089645 35.857950 0.845190 5.381980 200.000000 5.381980 0.199311 79.724507 -0.534466 6.075168 200.000000 6.075168 0.002249 0.899551 -1.000000 33.532327 200.000000 33.532327 0.946198 378.479102 0.000000 3.259799 200.000000 3.259799
 10.200000 -0.626689 0.779269 0.093334 -0.995635 -0.677297 3.048123 0.779269 -0.626689 -0.995635 0.093334 0.434556 173.822512 0.845190 5.381980 200.000000 5.381980 0.850517 340.206947 -0.534466 6.075168 200.000000 6.075168 0.001905 0.762176 -1.000000 33.532327 200.000000 33.532327 0.871122 348.448643 0.000000 3.259799 200.000000 3.259799
 10.400000 -0.571059 0.820909 -0.017679 -0.999844 -0.607795 -3.123913 0.820909 -0.571059 -0.999844 -0.017679 0.058956 23.582466 0.845190 5.381980 200.000000 5.381980 0.133904 53.561677 -0.534466 6.075168 200.000000 6.075168 0.000002 0.000977 -1.000000 33.532327 200.000000 33.532327 0.031255 12.502064 0.000000 3.259799 200.000000 3.259799
 10.600000 -0.612526 0.790450 0.243350 -0.969938 -0.659252 2.895774 0.790450 -0.612526 -0.969938 0.243350 0.299643 119.857208 0.845190 5.381980 200.000000 5.381980 0.609339 243.735740 -0.534466 6.075168 200.000000 6.075168 0.090369 36.147769 -1.000000 33.532327 200.000000 33.532327 5.921932 2368.772823 0.000000 3.259799 200.000000 3.259799
 10.800000 -0.670724 0.741707 0.068461 -0.997654 -0.735185 3.073078 0.741707 -0.670724 -0.997654 0.068461 1.070882 428.352858 0.845190 5.381980 200.000000 5.381980 1.856640 742.656160 -0.534466 6.075168 200.000000 6.075168 0.000550 0.220187 -1.000000 33.532327 200.000000 33.532327 0.468690 187.475952 0.000000 3.259799 200.000000 3.259799
 11.000000 -0.649035 0.760759 0.000962 -1.000000 -0.706315 3.140630 0.760759 -0.649035 -1.000000 0.000962 0.712863 285.145253 0.845190 5.381980 200.000000 5.381980 1.312601 525.040443 -0.534466 6.075168 200.000000 6.075168 0.000000 0.000000 -1.000000 33.532327 200.000000 33.532327 0.000093 0.037034 0.000000 3.259799 200.000000 3.259799
 11.200000 -0.601768 0.798671 0.144617 -0.989488 -0.645712 2.996466 0.798671 -0.601768 -0.989488 0.144617 0.216400 86.559971 0.845190 5.381980 200.000000 5.381980 0.452952 181.180892 -0.534466 6.075168 200.000000 6.075168 0.011051 4.420374 -1.000000 33.532327 200.000000 33.532327 2.091418 836.567068 0.000000 3.259799 200.000000 3.259799
 11.400000 -0.552837 0.833289 0.031585 -0.999501 -0.585765 3.110002 0.833289 -0.552837 -0.999501 0.031585 0.014163 5.665037 0.845190 5.381980 200.000000 5.381980 0.033750 13.500002 -0.534466 6.075168 200.000000 6.075168 0.000025 0.009958 -1.000000 33.532327 200.000000 33.532327 0.099764 39.905601 0.000000 3.259799 200.000000 3.259799
 11.600000 -0.560889 0.827891 0.058729 -0.998274 -0.595460 3.082830 0.827891 -0.560889 -0.998274 0.058729 0.029927 11.970666 0.845190 5.381980 200.000000 5.381980 0.069820 27.928153 -0.534466 6.075168 200.000000 6.075168 0.000298 0.119168 -1.000000 33.532327 200.000000 33.532327 0.344909 137.963767 0.000000 3.259799 200.000000 3.259799
 11.800000 -0.578808 0.815464 0.109624 -0.993973 -0.617266 3.031748 0.815464 -0.578808 -0.993973 0.109624 0.088365 35.345913 0.845190 5.381980 200.000000 5.381980 0.196623 78.649055 -0.534466 6.075168 200.000000 6.075168 0.003632 1.452906 -1.000000 33.532327 200.000000 33.532327 1.201733 480.693232 0.000000 3.259799 200.000000 3.259799
 12.000000 -0.663558 0.748125 0.014636 -0.999893 -0.725564 3.126957 0.748125 -0.663558 -0.999893 0.014636 0.942158 376.863305 0.845190 5.381980 200.000000 5.381980 1.666467 666.586854 -0.534466 6.075168 200.000000 6.075168 0.000001 0.000459 -1.000000 33.532327 200.000000 33.532327 0.021420 8.567928 0.000000 3.259799 200.000000 3.259799
 12.200000 -0.632678 0.774415 0.057057 -0.998371 -0.685006 3.084505 0.774415 -0.632678 -0.998371 0.057057 0.500908 200.363284 0.845190 5.381980 200.000000 5.381980 0.964557 385.822889 -0.534466 6.075168 200.000000 6.075168 0.000265 0.106156 -1.000000 33.532327 200.000000 33.532327 0.325551 130.220298 0.000000 3.259799 200.000000 3.259799
 12.400000 -0.632214 0.774794 0.054690 -0.998503 -0.684408 3.086876 0.774794 -0.632214 -0.998503 0.054690 0.495567 198.226604 0.845190 5.381980 200.000000 5.381980 0.955476 382.190290 -0.534466 6.075168 200.000000 6.075168 0.000224 0.089591 -1.000000 33.532327 200.000000 33.532327 0.299094 119.637658 0.000000 3.259799 200.000000 3.259799
 12.600000 -0.604384 0.796693 0.041775 -0.999127 -0.648992 3.099806 0.796693 -0.604384 -0.999127 0.041775 0.235195 94.077926 0.845190 5.381980 200.000000 5.381980 0.488854 195.541716 -0.534466 6.075168 200.000000 6.075168 0.000076 0.030481 -1.000000 33.532327 200.000000 33.532327 0.174513 69.805309 0.000000 3.259799 200.000000 3.259799
 12.800000 -0.547801 0.836609 -0.012494 -0.999922 -0.579733 -3.129098 0.836609 -0.547801 -0.999922 -0.012494 0.007364 2.945452 0.845190 5.381980 200.000000 5.381980 0.017782 7.112656 -0.534466 6.075168 200.000000 6.075168 0.000001 0.000244 -1.000000 33.532327 200.000000 33.532327 0.015610 6.244176 0.000000 3.259799 200.000000 3.259799
 13.000000 -0.632524 0.774540 0.136606 -0.990625 -0.684808 3.004558 0.774540 -0.632524 -0.990625 0.136606 0.499137 199.654882 0.845190 5.381980 200.000000 5.381980 0.961548 384.619271 -0.534466 6.075168 200.000000 6.075168 0.008788 3.515271 -1.000000 33.532327 200.000000 33.532327 1.866117 746.446949 0.000000 3.259799 200.000000 3.259799
 13.200000 -0.592293 0.805723 0.066316 -0.997799 -0.633901 3.075228 0.805723 -0.592293 -0.997799 0.066316 0.155765 62.306009 0.845190 5.381980 200.000000 5.381980 0.334393 133.757082 -0.534466 6.075168 200.000000 6.075168 0.000485 0.193838 -1.000000 33.532327 200.000000 33.532327 0.439785 175.914089 0.000000 3.259799 200.000000 3.259799
 13.400000 -0.666497 0.745508 -0.002027 -0.999998 -0.729499 -3.139565 0.745508 -0.666497 -0.999998 -0.002027 0.993650 397.459933 0.845190 5.381980 200.000000 5.381980 1.743212 697.284659 -0.534466 6.075168 200.000000 6.075168 0.000000 0.000000 -1.000000 33.532327 200.000000 33.532327 0.000411 0.164422 0.000000 3.259799 200.000000 3.259799
 13.600000 -0.604604 0.796526 0.165021 -0.986290 -0.649268 2.975813 0.796526 -0.604604 -0.986290 0.165021 0.236816 94.726218 0.845190 5.381980 200.000000 5.381980 0.491933 196.773222 -0.534466 6.075168 200.000000 6.075168 0.018796 7.518588 -1.000000 33.532327 200.000000 33.532327 2.723208 1089.283191 0.000000 3.259799 200.000000 3.259799
 13.800000 -0.624611 0.780936 0.108992 -0.994043 -0.674634 3.032384 0.780936 -0.624611 -0.994043 0.108992 0.412860 165.144184 0.845190 5.381980 200.000000 5.381980 0.812619 325.047656 -0.534466 6.075168 200.000000 6.075168 0.003549 1.419605 -1.000000 33.532327 200.000000 33.532327 1.187923 475.169174 0.000000 3.259799 200.000000 3.259799
 14.000000 -0.549295 0.835628 0.123347 -0.992364 -0.581520 3.017931 0.835628 -0.549295 -0.992364 0.123347 0.009142 3.656965 0.845190 5.381980 200.000000 5.381980 0.021991 8.796208 -0.534466 6.075168 200.000000 6.075168 0.005831 2.332564 -1.000000 33.532327 200.000000 33.532327 1.521442 608.576828 0.000000 3.259799 200.000000 3.259799
 14.200000 -0.556901 0.830579 0.058516 -0.998286 -0.590650 3.083043 0.830579 -0.556901 -0.998286 0.058516 0.021348 8.539277 0.845190 5.381980 200.000000 5.381980 0.050332 20.132987 -0.534466 6.075168 200.000000 6.075168 0.000294 0.117446 -1.000000 33.532327 200.000000 33.532327 0.342411 136.964224 0.000000 3.259799 200.000000 3.259799
 14.400000 -0.664954 0.746884 0.053542 -0.998566 -0.727432 3.088025 0.746884 -0.664954 -0.998566 0.053542 0.966406 386.562216 0.845190 5.381980 200.000000 5.381980 1.702721 681.088366 -0.534466 6.075168 200.000000 6.075168 0.000206 0.082301 -1.000000 33.532327 200.000000 33.532327 0.286675 114.670125 0.000000 3.259799 200.000000 3.259799
 14.600000 -0.611717 0.791077 0.065397 -0.997859 -0.658229 3.076149 0.791077 -0.611717 -0.997859 0.065397 0.292826 117.130365 0.845190 5.381980 200.000000 5.381980 0.596774 238.709632 -0.534466 6.075168 200.000000 6.075168 0.000458 0.183300 -1.000000 33.532327 200.000000 33.532327 0.427677 171.070931 0.000000 3.259799 200.000000 3.259799
 14.800000 -0.665023 0.746823 -0.019204 -0.999816 -0.727525 -3.122387 0.746823 -0.665023 -0.999816 -0.019204 0.967612 387.044969 0.845190 5.381980 200.000000 5.381980 1.704520 681.808009 -0.534466 6.075168 200.000000 6.075168 0.000003 0.001360 -1.000000 33.532327 200.000000 33.532327 0.036880 14.751974 0.000000 3.259799 200.000000 3.259799
 15.000000 -0.611044 0.791596 0.079989 -0.996796 -0.657379 3.061518 0.791596 -0.611044 -0.996796 0.079989 0.287229 114.891464 0.845190 5.381980 200.000000 5.381980 0.586427 234.570777 -0.534466 6.075168 200.000000 6.075168 0.001027 0.410697 -1.000000 33.532327 200.000000 33.532327 0.639830 255.932023 0.000000 3.259799 200.000000 3.259799
 15.200000 -0.586528 0.809929 0.016378 -0.999866 -0.626765 3.125214 0.809929 -0.586528 -0.999866 0.016378 0.124332 49.732970 0.845190 5.381980 200.000000 5.381980 0.271042 108.416891 -0.534466 6.075168 200.000000 6.075168 0.000002 0.000720 -1.000000 33.532327 200.000000 33.532327 0.026825 10.730024 0.000000 3.259799 200.000000 3.259799
 15.400000 -0.567865 0.823122 0.053267 -0.998580 -0.603910 3.088300 0.823122 -0.567865 -0.998580 0.053267 0.048702 19.480604 0.845190 5.381980 200.000000 5.381980 0.111551 44.620341 -0.534466 6.075168 200.000000 6.075168 0.000202 0.080623 -1.000000 33.532327 200.000000 33.532327 0.283741 113.496426 0.000000 3.259799 200.000000 3.259799
 15.600000 -0.537522 0.843250 0.114100 -0.993469 -0.567496 3.027244 0.843250 -0.537522 -0.993469 0.114100 0.000377 0.150626 0.845190 5.381980 200.000000 5.381980 0.000934 0.373672 -0.534466 6.075168 200.000000 6.075168 0.004265 1.706002 -1.000000 33.532327 200.000000 33.532327 1.301875 520.750035 0.000000 3.259799 200.000000 3.259799
 15.800000 -0.668763 0.743476 0.020718 -0.999785 -0.732544 3.120873 0.743476 -0.668763 -0.999785 0.020718 1.034580 413.832183 0.845190 5.381980 200.000000 5.381980 1.803570 721.428017 -0.534466 6.075168 200.000000 6.075168 0.000005 0.001843 -1.000000 33.532327 200.000000 33.532327 0.042923 17.169370 0.000000 3.259799 200.000000 3.259799
 16.000000 -0.579178 0.815201 0.102154 -0.994769 -0.617720 3.039260 0.815201 -0.579178 -0.994769 0.102154 0.089933 35.973120 0.845190 5.381980 200.000000 5.381980 0.199916 79.966229 -0.534466 6.075168 200.000000 6.075168 0.002737 1.094689 -1.000000 33.532327 200.000000 33.532327 1.043537 417.414822 0.000000 3.259799 200.000000 3.259799
 16.200000 -0.615511 0.788128 0.136979 -0.990574 -0.663035 3.004182 0.788128 -0.615511 -0.990574 0.136979 0.325608 130.243041 0.845190 5.381980 200.000000 5.381980 0.656837 262.734848 -0.534466 6.075168 200.000000 6.075168 0.008885 3.553973 -1.000000 33.532327 200.000000 33.532327 1.876313 750.525350 0.000000 3.259799 200.000000 3.259799
 16.400000 -0.647312 0.762225 0.103963 -0.994581 -0.704053 3.037442 0.762225 -0.647312 -0.994581 0.103963 0.688320 275.328064 0.845190 5.381980 200.000000 5.381980 1.273429 509.371676 -0.534466 6.075168 200.000000 6.075168 0.002936 1.174532 -1.000000 33.532327 200.000000 33.532327 1.080822 432.328777 0.000000 3.259799 200.000000 3.259799
 16.600000 -0.515926 0.856633 0.009876 -0.999951 -0.542089 3.131717 0.856633 -0.515926 -0.999951 0.009876 0.013094 5.237580 0.845190 5.381980 200.000000 5.381980 0.034371 13.748538 -0.534466 6.075168 200.000000 6.075168 0.000000 0.000095 -1.000000 33.532327 200.000000 33.532327 0.009753 3.901047 0.000000 3.259799 200.000000 3.259799
 16.800000 -0.657779 0.753211 0.101840 -0.994801 -0.717866 3.039576 0.753211 -0.657779 -0.994801 0.101840 0.846017 338.406620 0.845190 5.381980 200.000000 5.381980 1.520615 608.246198 -0.534466 6.075168 200.000000 6.075168 0.002703 1.081251 -1.000000 33.532327 200.000000 33.532327 1.037129 414.851678 0.000000 3.259799 200.000000 3.259799
 17.000000 -0.658761 0.752352 0.121584 -0.992581 -0.719171 3.019707 0.752352 -0.658761 -0.992581 0.121584 0.861886 344.754314 0.845190 5.381980 200.000000 5.381980 1.544929 617.971530 -0.534466 6.075168 200.000000 6.075168 0.005504 2.201587 -1.000000 33.532327 200.000000 33.532327 1.478270 591.308194 0.000000 3.259799 200.000000 3.259799
 17.200000 -0.612039 0.790828 0.047243 -0.998883 -0.658636 3.094332 0.790828 -0.612039 -0.998883 0.047243 0.295526 118.210389 0.845190 5.381980 200.000000 5.381980 0.601756 240.702254 -0.534466 6.075168 200.000000 6.075168 0.000125 0.049871 -1.000000 33.532327 200.000000 33.532327 0.223194 89.277478 0.000000 3.259799 200.000000 3.259799
 17.400000 -0.602046 0.798462 0.052408 -0.998626 -0.646061 3.089161 0.798462 -0.602046 -0.998626 0.052408 0.218356 87.342338 0.845190 5.381980 200.000000 5.381980 0.456706 182.682335 -0.534466 6.075168 200.000000 6.075168 0.000189 0.075540 -1.000000 33.532327 200.000000 33.532327 0.274657 109.862643 0.000000 3.259799 200.000000 3.259799
 17.600000 -0.551523 0.834159 0.049530 -0.998773 -0.584189 3.092042 0.834159 -0.551523 -0.998773 0.049530 0.012168 4.867030 0.845190 5.381980 200.000000 5.381980 0.029096 11.638450 -0.534466 6.075168 200.000000 6.075168 0.000151 0.060256 -1.000000 33.532327 200.000000 33.532327 0.245321 98.128420 0.000000 3.259799 200.000000 3.259799
 17.800000 -0.639060 0.769157 0.078242 -0.996934 -0.693275 3.063271 0.769157 -0.639060 -0.996934 0.078242 0.578099 231.239581 0.845190 5.381980 200.000000 5.381980 1.093985 437.593821 -0.534466 6.075168 200.000000 6.075168 0.000940 0.375912 -1.000000 33.532327 200.000000 33.532327 0.612177 244.870677 0.000000 3.259799 200.000000 3.259799
 18.000000 -0.571201 0.820810 0.051773 -0.998659 -0.607968 3.089796 0.820810 -0.571201 -0.998659 0.051773 0.059437 23.774613 0.845190 5.381980 200.000000 5.381980 0.134945 53.977836 -0.534466 6.075168 200.000000 6.075168 0.000180 0.071945 -1.000000 33.532327 200.000000 33.532327 0.268045 107.218106 0.000000 3.259799 200.000000 3.259799
 18.200000 -0.620756 0.784004 0.078992 -0.996875 -0.669707 3.062518 0.784004 -0.620756 -0.996875 0.078992 0.374376 149.750492 0.845190 5.381980 200.000000 5.381980 0.744600 297.839986 -0.534466 6.075168 200.000000 6.075168 0.000976 0.390570 -1.000000 33.532327 200.000000 33.532327 0.623979 249.591692 0.000000 3.259799 200.000000 3.259799
 18.400000 -0.626026 0.779802 0.019931 -0.999801 -0.676447 3.121660 0.779802 -0.626026 -0.999801 0.019931 0.427561 171.024280 0.845190 5.381980 200.000000 5.381980 0.838332 335.332670 -0.534466 6.075168 200.000000 6.075168 0.000004 0.001578 -1.000000 33.532327 200.000000 33.532327 0.039726 15.890281 0.000000 3.259799 200.000000 3.259799
 18.600000 -0.671575 0.740937 0.084744 -0.996403 -0.736332 3.056747 0.740937 -0.671575 -0.996403 0.084744 1.086876 434.750324 0.845190 5.381980 200.000000 5.381980 1.879888 751.955003 -0.534466 6.075168 200.000000 6.075168 0.001294 0.517602 -1.000000 33.532327 200.000000 33.532327 0.718151 287.260544 0.000000 3.259799 200.000000 3.259799
 18.800000 -0.601580 0.798813 0.077598 -0.996985 -0.645478 3.063917 0.798813 -0.601580 -0.996985 0.077598 0.215087 86.034962 0.845190 5.381980 200.000000 5.381980 0.450431 180.172420 -0.534466 6.075168 200.000000 6.075168 0.000909 0.363669 -1.000000 33.532327 200.000000 33.532327 0.602141 240.856315 0.000000 3.259799 200.000000 3.259799
 19.000000 -0.543286 0.839547 0.017427 -0.999848 -0.574347 3.124165 0.839547 -0.543286 -0.999848 0.017427 0.003184 1.273560 0.845190 5.381980 200.000000 5.381980 0.007780 3.112047 -0.534466 6.075168 200.000000 6.075168 0.000002 0.000922 -1.000000 33.532327 200.000000 33.532327 0.030370 12.147939 0.000000 3.259799 200.000000 3.259799
 19.200000 -0.545148 0.838340 0.072547 -0.997365 -0.576566 3.068982 0.838340 -0.545148 -0.997365 0.072547 0.004693 1.877106 0.845190 5.381980 200.000000 5.381980 0.011411 4.564502 -0.534466 6.075168 200.000000 6.075168 0.000694 0.277732 -1.000000 33.532327 200.000000 33.532327 0.526309 210.523483 0.000000 3.259799 200.000000 3.259799
 19.400000 -0.597455 0.801903 0.055074 -0.998482 -0.640323 3.086491 0.801903 -0.597455 -0.998482 0.055074 0.187381 74.952337 0.845190 5.381980 200.000000 5.381980 0.396761 158.704515 -0.534466 6.075168 200.000000 6.075168 0.000230 0.092140 -1.000000 33.532327 200.000000 33.532327 0.303315 121.326171 0.000000 3.259799 200.000000 3.259799
 19.600000 -0.627750 0.778415 0.049271 -0.998785 -0.678660 3.092302 0.778415 -0.627750 -0.998785 0.049271 0.445894 178.357762 0.845190 5.381980 200.000000 5.381980 0.870200 348.079852 -0.534466 6.075168 200.000000 6.075168 0.000148 0.059004 -1.000000 33.532327 200.000000 33.532327 0.242760 97.104105 0.000000 3.259799 200.000000 3.259799
 19.800000 -0.659944 0.751314 0.092255 -0.995735 -0.720745 3.049207 0.751314 -0.659944 -0.995735 0.092255 0.881264 352.505451 0.845190 5.381980 200.000000 5.381980 1.574487 629.794875 -0.534466 6.075168 200.000000 6.075168 0.001819 0.727456 -1.000000 33.532327 200.000000 33.532327 0.851091 340.436557 0.000000 3.259799 200.000000 3.259799
 20.000000 -0.683722 0.729743 0.105676 -0.994401 -0.752851 3.035719 0.729743 -0.683722 -0.994401 0.105676 1.332810 533.124034 0.845190 5.381980 200.000000 5.381980 2.227737 891.094745 -0.534466 6.075168 200.000000 6.075168 0.003135 1.254132 -1.000000 33.532327 200.000000 33.532327 1.116745 446.698044 0.000000 3.259799 200.000000 3.259799
 20.200000 -0.568318 0.822809 0.012455 -0.999922 -0.604460 3.129137 0.822809 -0.568318 -0.999922 0.012455 0.050092 20.036694 0.845190 5.381980 200.000000 5.381980 0.114598 45.839169 -0.534466 6.075168 200.000000 6.075168 0.000001 0.000241 -1.000000 33.532327 200.000000 33.532327 0.015512 6.204923 0.000000 3.259799 200.000000 3.259799
 20.400000 -0.592345 0.805685 0.081715 -0.996656 -0.633966 3.059787 0.805685 -0.592345 -0.996656 0.081715 0.156067 62.426747 0.845190 5.381980 200.000000 5.381980 0.334994 133.997709 -0.534466 6.075168 200.000000 6.075168 0.001118 0.447361 -1.000000 33.532327 200.000000 33.532327 0.667732 267.092898 0.000000 3.259799 200.000000 3.259799
 20.600000 -0.662979 0.748638 0.065671 -0.997841 -0.724790 3.075875 0.748638 -0.662979 -0.997841 0.065671 0.932223 372.889140 0.845190 5.381980 200.000000 5.381980 1.651552 660.620748 -0.534466 6.075168 200.000000 6.075168 0.000466 0.186389 -1.000000 33.532327 200.000000 33.532327 0.431262 172.504736 0.000000 3.259799 200.000000 3.259799
 20.800000 -0.644848 0.764311 0.038494 -0.999259 -0.700824 3.103089 0.764311 -0.644848 -0.999259 0.038494 0.654141 261.656373 0.845190 5.381980 200.000000 5.381980 1.218415 487.366166 -0.534466 6.075168 200.000000 6.075168 0.000055 0.021973 -1.000000 33.532327 200.000000 33.532327 0.148178 59.271138 0.000000 3.259799 200.000000 3.259799
 21.000000 -0.507960 0.861381 0.074626 -0.997212 -0.532815 3.066897 0.861381 -0.507960 -0.997212 0.074626 0.026213 10.485331 0.845190 5.381980 200.000000 5.381980 0.070255 28.102200 -0.534466 6.075168 200.000000 6.075168 0.000778 0.311010 -1.000000 33.532327 200.000000 33.532327 0.556905 222.762102 0.000000 3.259799 200.000000 3.259799
 21.200000 -0.634815 0.772664 -0.004611 -0.999989 -0.687769 -3.136982 0.772664 -0.634815 -0.999989 -0.004611 0.526003 210.401213 0.845190 5.381980 200.000000 5.381980 1.006999 402.799720 -0.534466 6.075168 200.000000 6.075168 0.000000 0.000005 -1.000000 33.532327 200.000000 33.532327 0.002126 0.850417 0.000000 3.259799 200.000000 3.259799
 21.400000 -0.626823 0.779162 0.090256 -0.995919 -0.677469 3.051214 0.779162 -0.626823 -0.995919 0.090256 0.435974 174.389445 0.845190 5.381980 200.000000 5.381980 0.852982 341.192932 -0.534466 6.075168 200.000000 6.075168 0.001666 0.666299 -1.000000 33.532327 200.000000 33.532327 0.814606 325.842312 0.000000 3.259799 200.000000 3.259799
 21.600000 -0.542734 0.839905 0.008336 -0.999965 -0.573688 3.133257 0.839905 -0.542734 -0.999965 0.008336 0.002793 1.117319 0.845190 5.381980 200.000000 5.381980 0.006836 2.734223 -0.534466 6.075168 200.000000 6.075168 0.000000 0.000048 -1.000000 33.532327 200.000000 33.532327 0.006948 2.779394 0.000000 3.259799 200.000000 3.259799
 21.800000 -0.618889 0.785478 0.030882 -0.999523 -0.667328 3.110706 0.785478 -0.618889 -0.999523 0.030882 0.356548 142.619322 0.845190 5.381980 200.000000 5.381980 0.712728 285.091209 -0.534466 6.075168 200.000000 6.075168 0.000023 0.009099 -1.000000 33.532327 200.000000 33.532327 0.095368 38.147235 0.000000 3.259799 200.000000 3.259799
 22.000000 -0.638170 0.769896 0.130842 -0.991403 -0.692118 3.010374 0.769896 -0.638170 -0.991403 0.130842 0.566923 226.769029 0.845190 5.381980 200.000000 5.381980 1.075447 430.178784 -0.534466 6.075168 200.000000 6.075168 0.007391 2.956216 -1.000000 33.532327 200.000000 33.532327 1.711974 684.789775 0.000000 3.259799 200.000000 3.259799
 22.200000 -0.586746 0.809771 0.006628 -0.999978 -0.627035 3.134965 0.809771 -0.586746 -0.999978 0.006628 0.125452 50.180822 0.845190 5.381980 200.000000 5.381980 0.273324 109.329602 -0.534466 6.075168 200.000000 6.075168 0.000000 0.000019 -1.000000 33.532327 200.000000 33.532327 0.004392 1.756997 0.000000 3.259799 200.000000 3.259799
 22.400000 -0.518239 0.855236 0.038370 -0.999264 -0.544791 3.103214 0.855236 -0.518239 -0.999264 0.038370 0.010092 4.036603 0.845190 5.381980 200.000000 5.381980 0.026330 10.532174 -0.534466 6.075168 200.000000 6.075168 0.000054 0.021691 -1.000000 33.532327 200.000000 33.532327 0.147224 58.889447 0.000000 3.259799 200.000000 3.259799
 22.600000 -0.576663 0.816982 0.194990 -0.980805 -0.614638 2.945346 0.816982 -0.576663 -0.980805 0.194990 0.079569 31.827749 0.845190 5.381980 200.000000 5.381980 0.178061 71.224434 -0.534466 6.075168 200.000000 6.075168 0.036844 14.737501 -1.000000 33.532327 200.000000 33.532327 3.802102 1520.840635 0.000000 3.259799 200.000000 3.259799
 22.800000 -0.646084 0.763266 0.090229 -0.995921 -0.702442 3.051241 0.763266 -0.646084 -0.995921 0.090229 0.671148 268.459219 0.845190 5.381980 200.000000 5.381980 1.245858 498.343125 -0.534466 6.075168 200.000000 6.075168 0.001664 0.665501 -1.000000 33.532327 200.000000 33.532327 0.814119 325.647596 0.000000 3.259799 200.000000 3.259799
 23.000000 -0.620150 0.784483 0.062987 -0.998014 -0.668934 3.078564 0.784483 -0.620150 -0.998014 0.062987 0.368536 147.414262 0.845190 5.381980 200.000000 5.381980 0.734184 293.673769 -0.534466 6.075168 200.000000 6.075168 0.000394 0.157717 -1.000000 33.532327 200.000000 33.532327 0.396741 158.696555 0.000000 3.259799 200.000000 3.259799
 23.200000 -0.606258 0.795268 0.177303 -0.984156 -0.651347 2.963347 0.795268 -0.606258 -0.984156 0.177303 0.249221 99.688220 0.845190 5.381980 200.000000 5.381980 0.515410 206.164176 -0.534466 6.075168 200.000000 6.075168 0.025102 10.040922 -1.000000 33.532327 200.000000 33.532327 3.143639 1257.455663 0.000000 3.259799 200.000000 3.259799
 23.400000 -0.584770 0.811199 0.091247 -0.995828 -0.624597 3.050219 0.811199 -0.584770 -0.995828 0.091247 0.115539 46.215540 0.845190 5.381980 200.000000 5.381980 0.253052 101.220744 -0.534466 6.075168 200.000000 6.075168 0.001740 0.696119 -1.000000 33.532327 200.000000 33.532327 0.832597 333.038752 0.000000 3.259799 200.000000 3.259799
 23.600000 -0.586044 0.810279 -0.029201 -0.999574 -0.626168 -3.112387 0.810279 -0.586044 -0.999574 -0.029201 0.121876 48.750366 0.845190 5.381980 200.000000 5.381980 0.266029 106.411610 -0.534466 6.075168 200.000000 6.075168 0.000018 0.007274 -1.000000 33.532327 200.000000 33.532327 0.085270 34.108065 0.000000 3.259799 200.000000 3.259799
 23.800000 -0.641760 0.766906 0.065995 -0.997820 -0.696791 3.075550 0.766906 -0.641760 -0.997820 0.065995 0.612844 245.137753 0.845190 5.381980 200.000000 5.381980 1.151200 460.479838 -0.534466 6.075168 200.000000 6.075168 0.000475 0.190103 -1.000000 33.532327 200.000000 33.532327 0.435533 174.213050 0.000000 3.259799 200.000000 3.259799
 24.000000 -0.645656 0.763628 0.063604 -0.997975 -0.701883 3.077946 0.763628 -0.645656 -0.997975 0.063604 0.665236 266.094433 0.845190 5.381980 200.000000 5.381980 1.236334 494.533537 -0.534466 6.075168 200.000000 6.075168 0.000410 0.163986 -1.000000 33.532327 200.000000 33.532327 0.404542 161.816601 0.000000 3.259799 200.000000 3.259799
 24.200000 -0.566904 0.823784 -0.044957 -0.998989 -0.602742 -3.096621 0.823784 -0.566904 -0.998989 -0.044957 0.045821 18.328542 0.845190 5.381980 200.000000 5.381980 0.105221 42.088280 -0.534466 6.075168 200.000000 6.075168 0.000102 0.040890 -1.000000 33.532327 200.000000 33.532327 0.202110 80.843888 0.000000 3.259799 200.000000 3.259799
 24.400000 -0.579460 0.815001 -0.002405 -0.999997 -0.618066 -3.139187 0.815001 -0.579460 -0.999997 -0.002405 0.091141 36.456373 0.845190 5.381980 200.000000 5.381980 0.202449 80.979792 -0.534466 6.075168 200.000000 6.075168 0.000000 0.000000 -1.000000 33.532327 200.000000 33.532327 0.000579 0.231431 0.000000 3.259799 200.000000 3.259799
 24.600000 -0.635498 0.772103 0.110643 -0.993860 -0.688653 3.030723 0.772103 -0.635498 -0.993860 0.110643 0.534178 213.671022 0.845190 5.381980 200.000000 5.381980 1.020747 408.298826 -0.534466 6.075168 200.000000 6.075168 0.003770 1.507886 -1.000000 33.532327 200.000000 33.532327 1.224190 489.676079 0.000000 3.259799 200.000000 3.259799
 24.800000 -0.605723 0.795675 0.048914 -0.998803 -0.650675 3.092660 0.795675 -0.605723 -0.998803 0.048914 0.245172 98.068620 0.845190 5.381980 200.000000 5.381980 0.507764 203.105693 -0.534466 6.075168 200.000000 6.075168 0.000143 0.057311 -1.000000 33.532327 200.000000 33.532327 0.239254 95.701509 0.000000 3.259799 200.000000 3.259799
 25.000000 -0.595099 0.803652 -0.016092 -0.999871 -0.637389 -3.125500 0.803652 -0.595099 -0.999871 -0.016092 0.172539 69.015747 0.845190 5.381980 200.000000 5.381980 0.367641 147.056404 -0.534466 6.075168 200.000000 6.075168 0.000002 0.000671 -1.000000 33.532327 200.000000 33.532327 0.025894 10.357710 0.000000 3.259799 200.000000 3.259799
 25.200000 -0.642017 0.766691 0.107384 -0.994218 -0.697126 3.034001 0.766691 -0.642017 -0.994218 0.107384 0.616217 246.486839 0.845190 5.381980 200.000000 5.381980 1.156721 462.688274 -0.534466 6.075168 200.000000 6.075168 0.003344 1.337454 -1.000000 33.532327 200.000000 33.532327 1.153140 461.255906 0.000000 3.259799 200.000000 3.259799
 25.400000 -0.601544 0.798839 0.120313 -0.992736 -0.645433 3.020988 0.798839 -0.601544 -0.992736 0.120313 0.214839 85.935617 0.845190 5.381980 200.000000 5.381980 0.449954 179.981507 -0.534466 6.075168 200.000000 6.075168 0.005277 2.110607 -1.000000 33.532327 200.000000 33.532327 1.447516 579.006591 0.000000 3.259799 200.000000 3.259799
 25.600000 -0.600484 0.799637 0.062293 -0.998058 -0.644107 3.079259 0.799637 -0.600484 -0.998058 0.062293 0.207513 83.005094 0.845190 5.381980 200.000000 5.381980 0.435844 174.337739 -0.534466 6.075168 200.000000 6.075168 0.000377 0.150868 -1.000000 33.532327 200.000000 33.532327 0.388040 155.215924 0.000000 3.259799 200.000000 3.259799
 25.800000 -0.593088 0.805137 0.076398 -0.997077 -0.634889 3.065120 0.805137 -0.593088 -0.997077 0.076398 0.160423 64.169034 0.845190 5.381980 200.000000 5.381980 0.343661 137.464573 -0.534466 6.075168 200.000000 6.075168 0.000854 0.341657 -1.000000 33.532327 200.000000 33.532327 0.583660 233.464004 0.000000 3.259799 200.000000 3.259799
 26.000000 -0.525422 0.850842 0.080683 -0.996740 -0.553211 3.060822 0.850842 -0.525422 -0.996740 0.080683 0.003194 1.277712 0.845190 5.381980 200.000000 5.381980 0.008179 3.271760 -0.534466 6.075168 200.000000 6.075168 0.001063 0.425154 -1.000000 33.532327 200.000000 33.532327 0.650975 260.390167 0.000000 3.259799 200.000000 3.259799
 26.200000 -0.609968 0.792426 0.108904 -0.994052 -0.656020 3.032472 0.792426 -0.609968 -0.994052 0.108904 0.278404 111.361663 0.845190 5.381980 200.000000 5.381980 0.570057 228.022962 -0.534466 6.075168 200.000000 6.075168 0.003538 1.415041 -1.000000 33.532327 200.000000 33.532327 1.186018 474.407024 0.000000 3.259799 200.000000 3.259799
 26.400000 -0.667819 0.744324 0.036237 -0.999343 -0.731274 3.105348 0.744324 -0.667819 -0.999343 0.036237 1.017398 406.959294 0.845190 5.381980 200.000000 5.381980 1.778300 711.320186 -0.534466 6.075168 200.000000 6.075168 0.000043 0.017254 -1.000000 33.532327 200.000000 33.532327 0.131311 52.524206 0.000000 3.259799 200.000000 3.259799
 26.600000 -0.602391 0.798201 0.083387 -0.996517 -0.646494 3.058109 0.798201 -0.602391 -0.996517 0.083387 0.220798 88.319058 0.845190 5.381980 200.000000 5.381980 0.461386 184.554458 -0.534466 6.075168 200.000000 6.075168 0.001213 0.485176 -1.000000 33.532327 200.000000 33.532327 0.695333 278.133003 0.000000 3.259799 200.000000 3.259799
 26.800000 -0.605926 0.795521 0.088032 -0.996118 -0.650930 3.053447 0.795521 -0.605926 -0.996118 0.088032 0.246704 98.681458 0.845190 5.381980 200.000000 5.381980 0.510659 204.263746 -0.534466 6.075168 200.000000 6.075168 0.001507 0.602894 -1.000000 33.532327 200.000000 33.532327 0.774955 309.982034 0.000000 3.259799 200.000000 3.259799
 27.000000 -0.624630 0.780921 0.034367 -0.999409 -0.674657 3.107219 0.780921 -0.624630 -0.999409 0.034367 0.413050 165.220017 0.845190 5.381980 200.000000 5.381980 0.812952 325.180668 -0.534466 6.075168 200.000000 6.075168 0.000035 0.013958 -1.000000 33.532327 200.000000 33.532327 0.118109 47.243774 0.000000 3.259799 200.000000 3.259799
 27.200000 -0.578481 0.815696 0.145764 -0.989319 -0.616865 2.995308 0.815696 -0.578481 -0.989319 0.145764 0.086990 34.796022 0.845190 5.381980 200.000000 5.381980 0.193732 77.492670 -0.534466 6.075168 200.000000 6.075168 0.011407 4.562964 -1.000000 33.532327 200.000000 33.532327 2.124702 849.880834 0.000000 3.259799 200.000000 3.259799
 27.400000 -0.630851 0.775904 0.061361 -0.998116 -0.682650 3.080193 0.775904 -0.630851 -0.998116 0.061361 0.480061 192.024426 0.845190 5.381980 200.000000 5.381980 0.929019 371.607414 -0.534466 6.075168 200.000000 6.075168 0.000355 0.142034 -1.000000 33.532327 200.000000 33.532327 0.376518 150.607358 0.000000 3.259799 200.000000 3.259799
 27.600000 -0.622285 0.782791 0.071147 -0.997466 -0.671658 3.070385 0.782791 -0.622285 -0.997466 0.071147 0.389368 155.747261 0.845190 5.381980 200.000000 5.381980 0.771222 308.488723 -0.534466 6.075168 200.000000 6.075168 0.000642 0.256883 -1.000000 33.532327 200.000000 33.532327 0.506194 202.477436 0.000000 3.259799 200.000000 3.259799
 27.800000 -0.631585 0.775307 0.059006 -0.998258 -0.683595 3.082552 0.775307 -0.631585 -0.998258 0.059006 0.488366 195.346415 0.845190 5.381980 200.000000 5.381980 0.943207 377.282939 -0.534466 6.075168 200.000000 6.075168 0.000304 0.121434 -1.000000 33.532327 200.000000 33.532327 0.348171 139.268231 0.000000 3.259799 200.000000 3.259799
 28.000000 -0.614532 0.788892 0.047236 -0.998884 -0.661792 3.094340 0.788892 -0.614532 -0.998884 0.047236 0.316944 126.777779 0.845190 5.381980 200.000000 5.381980 0.641052 256.420630 -0.534466 6.075168 200.000000 6.075168 0.000125 0.049838 -1.000000 33.532327 200.000000 33.532327 0.223120 89.247804 0.000000 3.259799 200.000000 3.259799
 28.200000 -0.571107 0.820875 0.097692 -0.995217 -0.607854 3.043744 0.820875 -0.571107 -0.995217 0.097692 0.059120 23.648073 0.845190 5.381980 200.000000 5.381980 0.134259 53.703797 -0.534466 6.075168 200.000000 6.075168 0.002288 0.915204 -1.000000 33.532327 200.000000 33.532327 0.954375 381.749927 0.000000 3.259799 200.000000 3.259799
 28.400000 -0.628104 0.778130 0.171343 -0.985211 -0.679114 2.969400 0.778130 -0.628104 -0.985211 0.171343 0.449709 179.883675 0.845190 5.381980 200.000000 5.381980 0.876803 350.721295 -0.534466 6.075168 200.000000 6.075168 0.021870 8.748040 -1.000000 33.532327 200.000000 33.532327 2.935839 1174.335415 0.000000 3.259799 200.000000 3.259799
 28.600000 -0.646722 0.762726 0.143342 -0.989673 -0.703279 2.997755 0.762726 -0.646722 -0.989673 0.143342 0.680034 272.013419 0.845190 5.381980 200.000000 5.381980 1.260141 504.056531 -0.534466 6.075168 200.000000 6.075168 0.010664 4.265716 -1.000000 33.532327 200.000000 33.532327 2.054697 821.878653 0.000000 3.259799 200.000000 3.259799
 28.800000 -0.605400 0.795922 0.060174 -0.998188 -0.650268 3.081382 0.795922 -0.605400 -0.998188 0.060174 0.242738 97.095340 0.845190 5.381980 200.000000 5.381980 0.503162 201.264612 -0.534466 6.075168 200.000000 6.075168 0.000328 0.131347 -1.000000 33.532327 200.000000 33.532327 0.362090 144.836040 0.000000 3.259799 200.000000 3.259799
 29.000000 -0.552079 0.833792 0.048745 -0.998811 -0.584856 3.092829 0.833792 -0.552079 -0.998811 0.048745 0.012992 5.196876 0.845190 5.381980 200.000000 5.381980 0.031023 12.409062 -0.534466 6.075168 200.000000 6.075168 0.000141 0.056522 -1.000000 33.532327 200.000000 33.532327 0.237603 95.041136 0.000000 3.259799 200.000000 3.259799
 29.200000 -0.651112 0.758982 0.103683 -0.994610 -0.709049 3.037723 0.758982 -0.651112 -0.994610 0.103683 0.743189 297.275596 0.845190 5.381980 200.000000 5.381980 1.360633 544.253046 -0.534466 6.075168 200.000000 6.075168 0.002905 1.161901 -1.000000 33.532327 200.000000 33.532327 1.075010 430.004200 0.000000 3.259799 200.000000 3.259799
 29.400000 -0.591123 0.806581 0.072352 -0.997379 -0.632450 3.069177 0.806581 -0.591123 -0.997379 0.072352 0.149063 59.625076 0.845190 5.381980 200.000000 5.381980 0.321003 128.401287 -0.534466 6.075168 200.000000 6.075168 0.000687 0.274758 -1.000000 33.532327 200.000000 33.532327 0.523487 209.394766 0.000000 3.259799 200.000000 3.259799
 29.600000 -0.604330 0.796734 0.054011 -0.998540 -0.648925 3.087555 0.796734 -0.604330 -0.998540 0.054011 0.234800 93.919854 0.845190 5.381980 200.000000 5.381980 0.488103 195.241278 -0.534466 6.075168 200.000000 6.075168 0.000213 0.085226 -1.000000 33.532327 200.000000 33.532327 0.291722 116.688685 0.000000 3.259799 200.000000 3.259799
 29.800000 -0.622896 0.782304 0.046723 -0.998908 -0.672440 3.094852 0.782304 -0.622896 -0.998908 0.046723 0.395461 158.184401 0.845190 5.381980 200.000000 5.381980 0.781995 312.798131 -0.534466 6.075168 200.000000 6.075168 0.000119 0.047710 -1.000000 33.532327 200.000000 33.532327 0.218307 87.322634 0.000000 3.259799 200.000000 3.259799
 30.000000 -0.580421 0.814317 0.055384 -0.998465 -0.619245 3.086181 0.814317 -0.580421 -0.998465 0.055384 0.095316 38.126410 0.845190 5.381980 200.000000 5.381980 0.211185 84.473931 -0.534466 6.075168 200.000000 6.075168 0.000236 0.094231 -1.000000 33.532327 200.000000 33.532327 0.306736 122.694213 0.000000 3.259799 200.000000 3.259799
 30.200000 -0.664913 0.746921 0.062338 -0.998055 -0.727377 3.079214 0.746921 -0.664913 -0.998055 0.062338 0.965682 386.272753 0.845190 5.381980 200.000000 5.381980 1.701642 680.656764 -0.534466 6.075168 200.000000 6.075168 0.000378 0.151311 -1.000000 33.532327 200.000000 33.532327 0.388608 155.443308 0.000000 3.259799 200.000000 3.259799
 30.400000 -0.538509 0.842620 0.127698 -0.991813 -0.568667 3.013545 0.842620 -0.538509 -0.991813 0.127698 0.000661 0.264301 0.845190 5.381980 200.000000 5.381980 0.001635 0.653983 -0.534466 6.075168 200.000000 6.075168 0.006703 2.681042 -1.000000 33.532327 200.000000 33.532327 1.630686 652.274454 0.000000 3.259799 200.000000 3.259799
 30.600000 -0.595332 0.803480 0.035586 -0.999367 -0.637679 3.105999 0.803480 -0.595332 -0.999367 0.035586 0.173975 69.590006 0.845190 5.381980 200.000000 5.381980 0.370470 148.187905 -0.534466 6.075168 200.000000 6.075168 0.000040 0.016047 -1.000000 33.532327 200.000000 33.532327 0.126637 50.654910 0.000000 3.259799 200.000000 3.259799
 30.800000 -0.598046 0.801461 0.060011 -0.998198 -0.641061 3.081545 0.801461 -0.598046 -0.998198 0.060011 0.191219 76.487606 0.845190 5.381980 200.000000 5.381980 0.404249 161.699512 -0.534466 6.075168 200.000000 6.075168 0.000325 0.129931 -1.000000 33.532327 200.000000 33.532327 0.360135 144.053870 0.000000 3.259799 200.000000 3.259799
 31.000000 -0.605705 0.795689 0.031430 -0.999506 -0.650651 3.110158 0.795689 -0.605705 -0.999506 0.031430 0.245031 98.012556 0.845190 5.381980 200.000000 5.381980 0.507499 202.999705 -0.534466 6.075168 200.000000 6.075168 0.000024 0.009763 -1.000000 33.532327 200.000000 33.532327 0.098784 39.513439 0.000000 3.259799 200.000000 3.259799
 31.200000 -0.629764 0.776787 0.060310 -0.998180 -0.681249 3.081246 0.776787 -0.629764 -0.998180 0.060310 0.467901 187.160244 0.845190 5.381980 200.000000 5.381980 0.908167 363.266854 -0.534466 6.075168 200.000000 6.075168 0.000331 0.132543 -1.000000 33.532327 200.000000 33.532327 0.363733 145.493017 0.000000 3.259799 200.000000 3.259799
 31.400000 -0.636354 0.771397 0.071268 -0.997457 -0.689763 3.070264 0.771397 -0.636354 -0.997457 0.071268 0.544541 217.816423 0.845190 5.381980 200.000000 5.381980 1.038123 415.249037 -0.534466 6.075168 200.000000 6.075168 0.000647 0.258630 -1.000000 33.532327 200.000000 33.532327 0.507910 203.164120 0.000000 3.259799 200.000000 3.259799
 31.600000 -0.675802 0.737083 0.044339 -0.999017 -0.742053 3.097239 0.737083 -0.675802 -0.999017 0.044339 1.168715 467.485939 0.845190 5.381980 200.000000 5.381980 1.997599 799.039510 -0.534466 6.075168 200.000000 6.075168 0.000097 0.038687 -1.000000 33.532327 200.000000 33.532327 0.196594 78.637684 0.000000 3.259799 200.000000 3.259799
 31.800000 -0.612068 0.790805 0.201417 -0.979506 -0.658673 2.938789 0.790805 -0.612068 -0.979506 0.201417 0.295771 118.308295 0.845190 5.381980 200.000000 5.381980 0.602207 240.882764 -0.534466 6.075168 200.000000 6.075168 0.042002 16.800767 -1.000000 33.532327 200.000000 33.532327 4.056872 1622.748773 0.000000 3.259799 200.000000 3.259799
 32.000000 -0.573011 0.819548 0.091305 -0.995823 -0.610175 3.050160 0.819548 -0.573011 -0.995823 0.091305 0.065754 26.301559 0.845190 5.381980 200.000000 5.381980 0.148574 59.429719 -0.534466 6.075168 200.000000 6.075168 0.001745 0.697901 -1.000000 33.532327 200.000000 33.532327 0.833660 333.464023 0.000000 3.259799 200.000000 3.259799
 32.200000 -0.714310 0.699829 0.034407 -0.999408 -0.795638 3.107179 0.699829 -0.714310 -0.999408 0.034407 2.112983 845.193323 0.845190 5.381980 200.000000 5.381980 3.234406 1293.762476 -0.534466 6.075168 200.000000 6.075168 0.000035 0.014023 -1.000000 33.532327 200.000000 33.532327 0.118383 47.353116 0.000000 3.259799 200.000000 3.259799
 32.400000 -0.583801 0.811897 0.113130 -0.993580 -0.623403 3.028220 0.811897 -0.583801 -0.993580 0.113130 0.110846 44.338212 0.845190 5.381980 200.000000 5.381980 0.243398 97.359327 -0.534466 6.075168 200.000000 6.075168 0.004121 1.648536 -1.000000 33.532327 200.000000 33.532327 1.279832 511.932832 0.000000 3.259799 200.000000 3.259799
 32.600000 -0.589004 0.808130 -0.075284 -0.997162 -0.629826 -3.066237 0.808130 -0.589004 -0.997162 -0.075284 0.137343 54.937330 0.845190 5.381980 200.000000 5.381980 0.297440 118.975856 -0.534466 6.075168 200.000000 6.075168 0.000805 0.322146 -1.000000 33.532327 200.000000 33.532327 0.566774 226.709505 0.000000 3.259799 200.000000 3.259799
 32.800000 -0.629939 0.776645 0.102258 -0.994758 -0.681474 3.039156 0.776645 -0.629939 -0.994758 0.102258 0.469846 187.938448 0.845190 5.381980 200.000000 5.381980 0.911509 364.603670 -0.534466 6.075168 200.000000 6.075168 0.002748 1.099167 -1.000000 33.532327 200.000000 33.532327 1.045664 418.265469 0.000000 3.259799 200.000000 3.259799
 33.000000 -0.501284 0.865283 0.160923 -0.986967 -0.525082 2.979967 0.865283 -0.501284 -0.986967 0.160923 0.040372 16.148801 0.845190 5.381980 200.000000 5.381980 0.110104 44.041595 -0.534466 6.075168 200.000000 6.075168 0.016986 6.794376 -1.000000 33.532327 200.000000 33.532327 2.589616 1035.846575 0.000000 3.259799 200.000000 3.259799
 33.200000 -0.653861 0.756614 0.026821 -0.999640 -0.712677 3.114768 0.756614 -0.653861 -0.999640 0.026821 0.784564 313.825423 0.845190 5.381980 200.000000 5.381980 1.425526 570.210504 -0.534466 6.075168 200.000000 6.075168 0.000013 0.005177 -1.000000 33.532327 200.000000 33.532327 0.071939 28.775409 0.000000 3.259799 200.000000 3.259799
 33.400000 -0.606599 0.795008 0.136941 -0.990579 -0.651775 3.004220 0.795008 -0.606599 -0.990579 0.136941 0.251823 100.729233 0.845190 5.381980 200.000000 5.381980 0.520317 208.126653 -0.534466 6.075168 200.000000 6.075168 0.008875 3.550031 -1.000000 33.532327 200.000000 33.532327 1.875278 750.111038 0.000000 3.259799 200.000000 3.259799
 33.600000 -0.659721 0.751511 0.144946 -0.989440 -0.720447 2.996134 0.751511 -0.659721 -0.989440 0.144946 0.877578 351.031213 0.845190 5.381980 200.000000 5.381980 1.568876 627.550495 -0.534466 6.075168 200.000000 6.075168 0.011152 4.460959 -1.000000 33.532327 200.000000 33.532327 2.100946 840.378351 0.000000 3.259799 200.000000 3.259799
 33.800000 -0.625523 0.780206 0.082124 -0.996622 -0.675801 3.059376 0.780206 -0.625523 -0.996622 0.082124 0.422293 168.917262 0.845190 5.381980 200.000000 5.381980 0.829135 331.653888 -0.534466 6.075168 200.000000 6.075168 0.001141 0.456408 -1.000000 33.532327 200.000000 33.532327 0.674439 269.775632 0.000000 3.259799 200.000000 3.259799
 34.000000 -0.587578 0.809168 0.019996 -0.999800 -0.628062 3.121596 0.809168 -0.587578 -0.999800 0.019996 0.129761 51.904256 0.845190 5.381980 200.000000 5.381980 0.282087 112.834659 -0.534466 6.075168 200.000000 6.075168 0.000004 0.001599 -1.000000 33.532327 200.000000 33.532327 0.039982 15.992934 0.000000 3.259799 200.000000 3.259799
 34.200000 -0.606193 0.795317 0.124836 -0.992177 -0.651265 3.016430 0.795317 -0.606193 -0.992177 0.124836 0.248728 99.491098 0.845190 5.381980 200.000000 5.381980 0.514481 205.792271 -0.534466 6.075168 200.000000 6.075168 0.006119 2.447733 -1.000000 33.532327 200.000000 33.532327 1.558404 623.361572 0.000000 3.259799 200.000000 3.259799
 34.400000 -0.517089 0.855931 0.080017 -0.996794 -0.543447 3.061490 0.855931 -0.517089 -0.996794 0.080017 0.011538 4.615080 0.845190 5.381980 200.000000 5.381980 0.030194 12.077744 -0.534466 6.075168 200.000000 6.075168 0.001028 0.411261 -1.000000 33.532327 200.000000 33.532327 0.640268 256.107309 0.000000 3.259799 200.000000 3.259799
 34.600000 -0.639418 0.768859 -0.014449 -0.999896 -0.693742 -3.127143 0.768859 -0.639418 -0.999896 -0.014449 0.582644 233.057563 0.845190 5.381980 200.000000 5.381980 1.101504 440.601663 -0.534466 6.075168 200.000000 6.075168 0.000001 0.000436 -1.000000 33.532327 200.000000 33.532327 0.020877 8.350765 0.000000 3.259799 200.000000 3.259799
 34.800000 -0.551013 0.834496 0.097587 -0.995227 -0.583578 3.043850 0.834496 -0.551013 -0.995227 0.097587 0.011436 4.574223 0.845190 5.381980 200.000000 5.381980 0.027382 10.952941 -0.534466 6.075168 200.000000 6.075168 0.002278 0.911260 -1.000000 33.532327 200.000000 33.532327 0.952321 380.928555 0.000000 3.259799 200.000000 3.259799
 35.000000 -0.648112 0.761545 0.090060 -0.995936 -0.705102 3.051410 0.761545 -0.648112 -0.995936 0.090060 0.699644 279.857590 0.845190 5.381980 200.000000 5.381980 1.291536 516.614584 -0.534466 6.075168 200.000000 6.075168 0.001651 0.660538 -1.000000 33.532327 200.000000 33.532327 0.811084 324.433406 0.000000 3.259799 200.000000 3.259799
 35.200000 -0.585142 0.810931 0.053746 -0.998555 -0.625055 3.087821 0.810931 -0.585142 -0.998555 0.053746 0.117370 46.947873 0.845190 5.381980 200.000000 5.381980 0.256808 102.723104 -0.534466 6.075168 200.000000 6.075168 0.000209 0.083562 -1.000000 33.532327 200.000000 33.532327 0.288862 115.544804 0.000000 3.259799 200.000000 3.259799
 35.400000 -0.617965 0.786205 0.130955 -0.991388 -0.666152 3.010260 0.786205 -0.617965 -0.991388 0.130955 0.347919 139.167646 0.845190 5.381980 200.000000 5.381980 0.697215 278.886111 -0.534466 6.075168 200.000000 6.075168 0.007416 2.966491 -1.000000 33.532327 200.000000 33.532327 1.714934 685.973692 0.000000 3.259799 200.000000 3.259799
 35.600000 -0.625424 0.780285 -0.002228 -0.999998 -0.675674 -3.139365 0.780285 -0.625424 -0.999998 -0.002228 0.421263 168.505213 0.845190 5.381980 200.000000 5.381980 0.827334 330.933600 -0.534466 6.075168 200.000000 6.075168 0.000000 0.000000 -1.000000 33.532327 200.000000 33.532327 0.000496 0.198502 0.000000 3.259799 200.000000 3.259799
 35.800000 -0.610248 0.792210 0.030885 -0.999523 -0.656374 3.110703 0.792210 -0.610248 -0.999523 0.030885 0.280685 112.274131 0.845190 5.381980 200.000000 5.381980 0.574296 229.718277 -0.534466 6.075168 200.000000 6.075168 0.000023 0.009103 -1.000000 33.532327 200.000000 33.532327 0.095388 38.155180 0.000000 3.259799 200.000000 3.259799
 36.000000 -0.665756 0.746169 0.223886 -0.974615 -0.728507 2.915793 0.746169 -0.665756 -0.974615 0.223886 0.980511 392.204446 0.845190 5.381980 200.000000 5.381980 1.723717 689.486661 -0.534466 6.075168 200.000000 6.075168 0.064438 25.775087 -1.000000 33.532327 200.000000 33.532327 5.012479 2004.991730 0.000000 3.259799 200.000000 3.259799
 36.200000 -0.585883 0.810396 0.044640 -0.999003 -0.625969 3.096938 0.810396 -0.585883 -0.999003 0.044640 0.121065 48.426090 0.845190 5.381980 200.000000 5.381980 0.264372 105.748993 -0.534466 6.075168 200.000000 6.075168 0.000099 0.039749 -1.000000 33.532327 200.000000 33.532327 0.199273 79.709026 0.000000 3.259799 200.000000 3.259799
 36.400000 -0.544867 0.838523 0.007273 -0.999974 -0.576230 3.134320 0.838523 -0.544867 -0.999974 0.007273 0.004445 1.778142 0.845190 5.381980 200.000000 5.381980 0.010818 4.327050 -0.534466 6.075168 200.000000 6.075168 0.000000 0.000028 -1.000000 33.532327 200.000000 33.532327 0.005289 2.115780 0.000000 3.259799 200.000000 3.259799
 36.600000 -0.592446 0.805610 0.095220 -0.995456 -0.634091 3.046228 0.805610 -0.592446 -0.995456 0.095220 0.156655 62.662149 0.845190 5.381980 200.000000 5.381980 0.336167 134.466713 -0.534466 6.075168 200.000000 6.075168 0.002065 0.825838 -1.000000 33.532327 200.000000 33.532327 0.906692 362.676622 0.000000 3.259799 200.000000 3.259799
 36.800000 -0.626373 0.779524 0.091996 -0.995759 -0.676892 3.049467 0.779524 -0.626373 -0.995759 0.091996 0.431210 172.483875 0.845190 5.381980 200.000000 5.381980 0.844692 337.876765 -0.534466 6.075168 200.000000 6.075168 0.001798 0.719308 -1.000000 33.532327 200.000000 33.532327 0.846322 338.528895 0.000000 3.259799 200.000000 3.259799
 37.000000 -0.654176 0.756342 0.030091 -0.999547 -0.713093 3.111497 0.756342 -0.654176 -0.999547 0.030091 0.789397 315.758926 0.845190 5.381980 200.000000 5.381980 1.433061 573.224412 -0.534466 6.075168 200.000000 6.075168 0.000021 0.008203 -1.000000 33.532327 200.000000 33.532327 0.090548 36.219307 0.000000 3.259799 200.000000 3.259799
 37.200000 -0.614864 0.788633 0.127366 -0.991856 -0.662214 3.013880 0.788633 -0.614864 -0.991856 0.127366 0.319870 127.947954 0.845190 5.381980 200.000000 5.381980 0.646389 258.555607 -0.534466 6.075168 200.000000 6.075168 0.006633 2.653136 -1.000000 33.532327 200.000000 33.532327 1.622212 648.884905 0.000000 3.259799 200.000000 3.259799
 37.400000 -0.620722 0.784031 0.113459 -0.993543 -0.669663 3.027889 0.784031 -0.620722 -0.993543 0.113459 0.374047 149.618619 0.845190 5.381980 200.000000 5.381980 0.744013 297.605082 -0.534466 6.075168 200.000000 6.075168 0.004170 1.667893 -1.000000 33.532327 200.000000 33.532327 1.287300 514.919820 0.000000 3.259799 200.000000 3.259799
 37.600000 -0.617008 0.786957 0.084964 -0.996384 -0.664935 3.056527 0.786957 -0.617008 -0.996384 0.084964 0.339112 135.644624 0.845190 5.381980 200.000000 5.381980 0.681323 272.529080 -0.534466 6.075168 200.000000 6.075168 0.001307 0.523000 -1.000000 33.532327 200.000000 33.532327 0.721880 288.751898 0.000000 3.259799 200.000000 3.259799
 37.800000 -0.563897 0.825845 0.047414 -0.998875 -0.599097 3.094161 0.825845 -0.563897 -0.998875 0.047414 0.037422 14.968757 0.845190 5.381980 200.000000 5.381980 0.086618 34.647001 -0.534466 6.075168 200.000000 6.075168 0.000126 0.050594 -1.000000 33.532327 200.000000 33.532327 0.224804 89.921616 0.000000 3.259799 200.000000 3.259799
 38.000000 -0.644865 0.764297 0.039015 -0.999239 -0.700846 3.102568 0.764297 -0.644865 -0.999239 0.039015 0.654372 261.748697 0.845190 5.381980 200.000000 5.381980 1.218789 487.515505 -0.534466 6.075168 200.000000 6.075168 0.000058 0.023187 -1.000000 33.532327 200.000000 33.532327 0.152213 60.885356 0.000000 3.259799 200.000000 3.259799
 38.200000 -0.561041 0.827788 0.083015 -0.996548 -0.595643 3.058482 0.827788 -0.561041 -0.996548 0.083015 0.030283 12.113364 0.845190 5.381980 200.000000 5.381980 0.070624 28.249776 -0.534466 6.075168 200.000000 6.075168 0.001191 0.476564 -1.000000 33.532327 200.000000 33.532327 0.689145 275.657939 0.000000 3.259799 200.000000 3.259799
 38.400000 -0.591687 0.806168 0.061087 -0.998132 -0.633149 3.080468 0.806168 -0.591687 -0.998132 0.061087 0.152272 60.908608 0.845190 5.381980 200.000000 5.381980 0.327421 130.968519 -0.534466 6.075168 200.000000 6.075168 0.000349 0.139506 -1.000000 33.532327 200.000000 33.532327 0.373157 149.262608 0.000000 3.259799 200.000000 3.259799
 38.600000 -0.539048 0.842275 0.087304 -0.996182 -0.569306 3.054178 0.842275 -0.539048 -0.996182 0.087304 0.000850 0.339892 0.845190 5.381980 200.000000 5.381980 0.002100 0.839837 -0.534466 6.075168 200.000000 6.075168 0.001458 0.583165 -1.000000 33.532327 200.000000 33.532327 0.762194 304.877692 0.000000 3.259799 200.000000 3.259799
 38.800000 -0.612642 0.790360 0.013345 -0.999911 -0.659399 3.128248 0.790360 -0.612642 -0.999911 0.013345 0.300629 120.251690 0.845190 5.381980 200.000000 5.381980 0.611154 244.461520 -0.534466 6.075168 200.000000 6.075168 0.000001 0.000317 -1.000000 33.532327 200.000000 33.532327 0.017808 7.123077 0.000000 3.259799 200.000000 3.259799
 39.000000 -0.603554 0.797322 0.109833 -0.993950 -0.647951 3.031537 0.797322 -0.603554 -0.993950 0.109833 0.229132 91.652827 0.845190 5.381980 200.000000 5.381980 0.477314 190.925423 -0.534466 6.075168 200.000000 6.075168 0.003660 1.464081 -1.000000 33.532327 200.000000 33.532327 1.206332 482.532717 0.000000 3.259799 200.000000 3.259799
 39.200000 -0.607198 0.794551 0.038404 -0.999262 -0.652529 3.103179 0.794551 -0.607198 -0.999262 0.038404 0.256434 102.573446 0.845190 5.381980 200.000000 5.381980 0.528992 211.596837 -0.534466 6.075168 200.000000 6.075168 0.000054 0.021768 -1.000000 33.532327 200.000000 33.532327 0.147487 58.994774 0.000000 3.259799 200.000000 3.259799
 39.400000 -0.624333 0.781158 -0.018640 -0.999826 -0.674277 -3.122951 0.781158 -0.624333 -0.999826 -0.018640 0.410006 164.002204 0.845190 5.381980 200.000000 5.381980 0.807609 323.043431 -0.534466 6.075168 200.000000 6.075168 0.000003 0.001208 -1.000000 33.532327 200.000000 33.532327 0.034746 13.898490 0.000000 3.259799 200.000000 3.259799
 39.600000 -0.626403 0.779500 0.035399 -0.999373 -0.676930 3.106187 0.779500 -0.626403 -0.999373 0.035399 0.431523 172.609079 0.845190 5.381980 200.000000 5.381980 0.845237 338.094834 -0.534466 6.075168 200.000000 6.075168 0.000039 0.015712 -1.000000 33.532327 200.000000 33.532327 0.125307 50.122787 0.000000 3.259799 200.000000 3.259799
 39.800000 -0.563970 0.825795 0.050768 -0.998710 -0.599186 3.090803 0.825795 -0.563970 -0.998710 0.050768 0.037617 15.046742 0.845190 5.381980 200.000000 5.381980 0.087052 34.820736 -0.534466 6.075168 200.000000 6.075168 0.000166 0.066515 -1.000000 33.532327 200.000000 33.532327 0.257738 103.095353 0.000000 3.259799 200.000000 3.259799
 40.000000 -0.635478 0.772119 0.093689 -0.995601 -0.688628 3.047766 0.772119 -0.635478 -0.995601 0.093689 0.533943 213.577355 0.845190 5.381980 200.000000 5.381980 1.020354 408.141506 -0.534466 6.075168 200.000000 6.075168 0.001935 0.773882 -1.000000 33.532327 200.000000 33.532327 0.877771 351.108367 0.000000 3.259799 200.000000 3.259799
 40.200000 -0.569369 0.822082 0.081960 -0.996636 -0.605738 3.059540 0.822082 -0.569369 -0.996636 0.081960 0.053399 21.359503 0.845190 5.381980 200.000000 5.381980 0.121825 48.729919 -0.534466 6.075168 200.000000 6.075168 0.001132 0.452773 -1.000000 33.532327 200.000000 33.532327 0.671752 268.700764 0.000000 3.259799 200.000000 3.259799
 40.400000 -0.651450 0.758691 0.053403 -0.998573 -0.709494 3.088164 0.758691 -0.651450 -0.998573 0.053403 0.748204 299.281559 0.845190 5.381980 200.000000 5.381980 1.368537 547.414756 -0.534466 6.075168 200.000000 6.075168 0.000204 0.081450 -1.000000 33.532327 200.000000 33.532327 0.285191 114.076490 0.000000 3.259799 200.000000 3.259799
 40.600000 -0.616835 0.787092 0.070020 -0.997546 -0.664715 3.071516 0.787092 -0.616835 -0.997546 0.070020 0.337533 135.013287 0.845190 5.381980 200.000000 5.381980 0.678468 271.387318 -0.534466 6.075168 200.000000 6.075168 0.000602 0.240959 -1.000000 33.532327 200.000000 33.532327 0.490274 196.109490 0.000000 3.259799 200.000000 3.259799
 40.800000 -0.636825 0.771009 0.052887 -0.998600 -0.690373 3.088681 0.771009 -0.636825 -0.998600 0.052887 0.550289 220.115718 0.845190 5.381980 200.000000 5.381980 1.047735 419.093832 -0.534466 6.075168 200.000000 6.075168 0.000196 0.078344 -1.000000 33.532327 200.000000 33.532327 0.279705 111.881954 0.000000 3.259799 200.000000 3.259799
 41.000000 -0.623765 0.781612 0.066650 -0.997776 -0.673550 3.074894 0.781612 -0.623765 -0.997776 0.066650 0.404218 161.687071 0.845190 5.381980 200.000000 5.381980 0.797434 318.973430 -0.534466 6.075168 200.000000 6.075168 0.000494 0.197768 -1.000000 33.532327 200.000000 33.532327 0.444217 177.686855 0.000000 3.259799 200.000000 3.259799
 41.200000 -0.567836 0.823142 0.144858 -0.989452 -0.603874 2.996223 0.823142 -0.567836 -0.989452 0.144858 0.048612 19.444902 0.845190 5.381980 200.000000 5.381980 0.111355 44.542016 -0.534466 6.075168 200.000000 6.075168 0.011125 4.450034 -1.000000 33.532327 200.000000 33.532327 2.098385 839.354128 0.000000 3.259799 200.000000 3.259799
 41.400000 -0.652849 0.757488 0.052717 -0.998610 -0.711340 3.088851 0.757488 -0.652849 -0.998610 0.052717 0.769166 307.666500 0.845190 5.381980 200.000000 5.381980 1.401461 560.584273 -0.534466 6.075168 200.000000 6.075168 0.000193 0.077339 -1.000000 33.532327 200.000000 33.532327 0.277905 111.162151 0.000000 3.259799 200.000000 3.259799
 41.600000 -0.618306 0.785937 0.109857 -0.993947 -0.666586 3.031514 0.785937 -0.618306 -0.993947 0.109857 0.351088 140.435289 0.845190 5.381980 200.000000 5.381980 0.702919 281.167604 -0.534466 6.075168 200.000000 6.075168 0.003663 1.465349 -1.000000 33.532327 200.000000 33.532327 1.206853 482.741114 0.000000 3.259799 200.000000 3.259799
 41.800000 -0.647301 0.762235 0.084515 -0.996422 -0.704038 3.056977 0.762235 -0.647301 -0.996422 0.084515 0.688158 275.263024 0.845190 5.381980 200.000000 5.381980 1.273169 509.267504 -0.534466 6.075168 200.000000 6.075168 0.001280 0.512025 -1.000000 33.532327 200.000000 33.532327 0.714279 285.711668 0.000000 3.259799 200.000000 3.259799
 42.000000 -0.560563 0.828112 -0.023340 -0.999728 -0.595065 -3.118250 0.828112 -0.560563 -0.999728 -0.023340 0.029166 11.666442 0.845190 5.381980 200.000000 5.381980 0.068105 27.241830 -0.534466 6.075168 200.000000 6.075168 0.000007 0.002968 -1.000000 33.532327 200.000000 33.532327 0.054476 21.790477 0.000000 3.259799 200.000000 3.259799
 42.200000 -0.681349 0.731959 -0.002178 -0.999998 -0.749604 -3.139415 0.731959 -0.681349 -0.999998 -0.002178 1.282129 512.851752 0.845190 5.381980 200.000000 5.381980 2.157459 862.983738 -0.534466 6.075168 200.000000 6.075168 0.000000 0.000000 -1.000000 33.532327 200.000000 33.532327 0.000474 0.189674 0.000000 3.259799 200.000000 3.259799
 42.400000 -0.571337 0.820716 0.126976 -0.991906 -0.608133 3.014273 0.820716 -0.571337 -0.991906 0.126976 0.059899 23.959485 0.845190 5.381980 200.000000 5.381980 0.135945 54.378021 -0.534466 6.075168 200.000000 6.075168 0.006552 2.620655 -1.000000 33.532327 200.000000 33.532327 1.612292 644.916875 0.000000 3.259799 200.000000 3.259799
 42.600000 -0.602389 0.798203 -0.003794 -0.999993 -0.646490 -3.137798 0.798203 -0.602389 -0.999993 -0.003794 0.220780 88.311943 0.845190 5.381980 200.000000 5.381980 0.461352 184.540830 -0.534466 6.075168 200.000000 6.075168 0.000000 0.000002 -1.000000 33.532327 200.000000 33.532327 0.001440 0.575919 0.000000 3.259799 200.000000 3.259799
 42.800000 -0.597664 0.801747 0.129680 -0.991556 -0.640584 3.011547 0.801747 -0.597664 -0.991556 0.129680 0.188733 75.493338 0.845190 5.381980 200.000000 5.381980 0.399402 159.760695 -0.534466 6.075168 200.000000 6.075168 0.007130 2.852084 -1.000000 33.532327 200.000000 33.532327 1.681681 672.672483 0.000000 3.259799 200.000000 3.259799
 43.000000 -0.665024 0.746822 0.095324 -0.995446 -0.727525 3.046123 0.746822 -0.665024 -0.995446 0.095324 0.967621 387.048529 0.845190 5.381980 200.000000 5.381980 1.704533 681.813315 -0.534466 6.075168 200.000000 6.075168 0.002074 0.829464 -1.000000 33.532327 200.000000 33.532327 0.908675 363.470132 0.000000 3.259799 200.000000 3.259799
 43.200000 -0.579024 0.815310 0.024688 -0.999695 -0.617531 3.116902 0.815310 -0.579024 -0.999695 0.024688 0.089279 35.711739 0.845190 5.381980 200.000000 5.381980 0.198544 79.417546 -0.534466 6.075168 200.000000 6.075168 0.000009 0.003716 -1.000000 33.532327 200.000000 33.532327 0.060948 24.379193 0.000000 3.259799 200.000000 3.259799
 43.400000 -0.551282 0.834319 0.119851 -0.992792 -0.583900 3.021453 0.834319 -0.551282 -0.992792 0.119851 0.011819 4.727452 0.845190 5.381980 200.000000 5.381980 0.028280 11.311846 -0.534466 6.075168 200.000000 6.075168 0.005196 2.078255 -1.000000 33.532327 200.000000 33.532327 1.436420 574.567967 0.000000 3.259799 200.000000 3.259799
 43.600000 -0.621207 0.783646 0.084573 -0.996417 -0.670282 3.056919 0.783646 -0.621207 -0.996417 0.084573 0.378764 151.505458 0.845190 5.381980 200.000000 5.381980 0.752408 300.963070 -0.534466 6.075168 200.000000 6.075168 0.001284 0.513431 -1.000000 33.532327 200.000000 33.532327 0.715257 286.102919 0.000000 3.259799 200.000000 3.259799
 43.800000 -0.652500 0.757789 0.066948 -0.997756 -0.710879 3.074595 0.757789 -0.652500 -0.997756 0.066948 0.763902 305.560989 0.845190 5.381980 200.000000 5.381980 1.393211 557.284324 -0.534466 6.075168 200.000000 6.075168 0.000503 0.201336 -1.000000 33.532327 200.000000 33.532327 0.448201 179.280566 0.000000 3.259799 200.000000 3.259799
 44.000000 -0.588752 0.808314 0.100127 -0.994975 -0.629514 3.041297 0.808314 -0.588752 -0.994975 0.100127 0.135984 54.393770 0.845190 5.381980 200.000000 5.381980 0.294695 117.877807 -0.534466 6.075168 200.000000 6.075168 0.002525 1.010173 -1.000000 33.532327 200.000000 33.532327 1.002548 401.019358 0.000000 3.259799 200.000000 3.259799
 44.200000 -0.700762 0.713395 0.076474 -0.997072 -0.776466 3.065044 0.713395 -0.700762 -0.997072 0.076474 1.737004 694.801491 0.845190 5.381980 200.000000 5.381980 2.765458 1106.183296 -0.534466 6.075168 200.000000 6.075168 0.000858 0.343028 -1.000000 33.532327 200.000000 33.532327 0.584829 233.931511 0.000000 3.259799 200.000000 3.259799
 44.400000 -0.577108 0.816668 0.139757 -0.990186 -0.615183 3.001377 0.816668 -0.577108 -0.990186 0.139757 0.081353 32.541293 0.845190 5.381980 200.000000 5.381980 0.181838 72.735358 -0.534466 6.075168 200.000000 6.075168 0.009632 3.852707 -1.000000 33.532327 200.000000 33.532327 1.953200 781.279807 0.000000 3.259799 200.000000 3.259799
 44.600000 -0.611948 0.790898 0.033354 -0.999444 -0.658521 3.108232 0.790898 -0.611948 -0.999444 0.033354 0.294761 117.904270 0.845190 5.381980 200.000000 5.381980 0.600344 240.137730 -0.534466 6.075168 200.000000 6.075168 0.000031 0.012383 -1.000000 33.532327 200.000000 33.532327 0.111250 44.500019 0.000000 3.259799 200.000000 3.259799
 44.800000 -0.688340 0.725388 0.061981 -0.998077 -0.759199 3.079572 0.725388 -0.688340 -0.998077 0.061981 1.435257 574.102986 0.845190 5.381980 200.000000 5.381980 2.367737 947.094975 -0.534466 6.075168 200.000000 6.075168 0.000370 0.147868 -1.000000 33.532327 200.000000 33.532327 0.384167 153.666653 0.000000 3.259799 200.000000 3.259799
 45.000000 -0.589320 0.807899 0.051883 -0.998653 -0.630217 3.089687 0.807899 -0.589320 -0.998653 0.051883 0.139059 55.623584 0.845190 5.381980 200.000000 5.381980 0.300902 120.360611 -0.534466 6.075168 200.000000 6.075168 0.000181 0.072556 -1.000000 33.532327 200.000000 33.532327 0.269181 107.672216 0.000000 3.259799 200.000000 3.259799
 45.200000 -0.610870 0.791731 -0.037300 -0.999304 -0.657158 -3.104284 0.791731 -0.610870 -0.999304 -0.037300 0.285785 114.314029 0.845190 5.381980 200.000000 5.381980 0.583754 233.501533 -0.534466 6.075168 200.000000 6.075168 0.000048 0.019371 -1.000000 33.532327 200.000000 33.532327 0.139131 55.652598 0.000000 3.259799 200.000000 3.259799
 45.400000 -0.545618 0.838034 0.096588 -0.995324 -0.577127 3.044854 0.838034 -0.545618 -0.995324 0.096588 0.005121 2.048483 0.845190 5.381980 200.000000 5.381980 0.012438 4.975089 -0.534466 6.075168 200.000000 6.075168 0.002186 0.874433 -1.000000 33.532327 200.000000 33.532327 0.932925 373.170125 0.000000 3.259799 200.000000 3.259799
 45.600000 -0.637692 0.770292 0.055364 -0.998466 -0.691498 3.086201 0.770292 -0.637692 -0.998466 0.055364 0.560977 224.390880 0.845190 5.381980 200.000000 5.381980 1.065559 426.223450 -0.534466 6.075168 200.000000 6.075168 0.000235 0.094094 -1.000000 33.532327 200.000000 33.532327 0.306513 122.605193 0.000000 3.259799 200.000000 3.259799
 45.800000 -0.555462 0.831542 0.020940 -0.999781 -0.588919 3.120651 0.831542 -0.555462 -0.999781 0.020940 0.018628 7.451204 0.845190 5.381980 200.000000 5.381980 0.044086 17.634282 -0.534466 6.075168 200.000000 6.075168 0.000005 0.001923 -1.000000 33.532327 200.000000 33.532327 0.043849 17.539557 0.000000 3.259799 200.000000 3.259799
 46.000000 -0.531004 0.847370 0.092525 -0.995710 -0.559784 3.048935 0.847370 -0.531004 -0.995710 0.092525 0.000475 0.190007 0.845190 5.381980 200.000000 5.381980 0.001199 0.479486 -0.534466 6.075168 200.000000 6.075168 0.001840 0.736041 -1.000000 33.532327 200.000000 33.532327 0.856089 342.435401 0.000000 3.259799 200.000000 3.259799
 46.200000 -0.682783 0.730622 0.073284 -0.997311 -0.751564 3.068243 0.730622 -0.682783 -0.997311 0.073284 1.312593 525.037387 0.845190 5.381980 200.000000 5.381980 2.199786 879.914428 -0.534466 6.075168 200.000000 6.075168 0.000723 0.289201 -1.000000 33.532327 200.000000 33.532327 0.537051 214.820316 0.000000 3.259799 200.000000 3.259799
 46.400000 -0.675951 0.736947 0.077195 -0.997016 -0.742254 3.064321 0.736947 -0.675951 -0.997016 0.077195 1.171658 468.663390 0.845190 5.381980 200.000000 5.381980 2.001795 800.717953 -0.534466 6.075168 200.000000 6.075168 0.000890 0.356158 -1.000000 33.532327 200.000000 33.532327 0.595899 238.359679 0.000000 3.259799 200.000000 3.259799
 46.600000 -0.610898 0.791710 0.061691 -0.998095 -0.657194 3.079862 0.791710 -0.610898 -0.998095 0.061691 0.286016 114.406299 0.845190 5.381980 200.000000 5.381980 0.584181 233.672441 -0.534466 6.075168 200.000000 6.075168 0.000363 0.145118 -1.000000 33.532327 200.000000 33.532327 0.380580 152.232051 0.000000 3.259799 200.000000 3.259799
 46.800000 -0.569031 0.822316 0.004433 -0.999990 -0.605327 3.137159 0.822316 -0.569031 -0.999990 0.004433 0.052321 20.928365 0.845190 5.381980 200.000000 5.381980 0.119473 47.789054 -0.534466 6.075168 200.000000 6.075168 0.000000 0.000004 -1.000000 33.532327 200.000000 33.532327 0.001965 0.786150 0.000000 3.259799 200.000000 3.259799
 47.000000 -0.568058 0.822988 0.034831 -0.999393 -0.604144 3.106754 0.822988 -0.568058 -0.999393 0.034831 0.049291 19.716547 0.845190 5.381980 200.000000 5.381980 0.112844 45.137742 -0.534466 6.075168 200.000000 6.075168 0.000037 0.014728 -1.000000 33.532327 200.000000 33.532327 0.121323 48.529005 0.000000 3.259799 200.000000 3.259799
 47.200000 -0.540700 0.841216 0.104818 -0.994491 -0.571269 3.036581 0.841216 -0.540700 -0.994491 0.104818 0.001580 0.631881 0.845190 5.381980 200.000000 5.381980 0.003886 1.554565 -0.534466 6.075168 200.000000 6.075168 0.003034 1.213791 -1.000000 33.532327 200.000000 33.532327 1.098687 439.474875 0.000000 3.259799 200.000000 3.259799
 47.400000 -0.642075 0.766642 0.062810 -0.998025 -0.697201 3.078741 0.766642 -0.642075 -0.998025 0.062810 0.616978 246.791299 0.845190 5.381980 200.000000 5.381980 1.157966 463.186357 -0.534466 6.075168 200.000000 6.075168 0.000390 0.155946 -1.000000 33.532327 200.000000 33.532327 0.394511 157.804229 0.000000 3.259799 200.000000 3.259799
 47.600000 -0.540663 0.841240 0.057611 -0.998339 -0.571225 3.083950 0.841240 -0.540663 -0.998339 0.057611 0.001561 0.624282 0.845190 5.381980 200.000000 5.381980 0.003840 1.536019 -0.534466 6.075168 200.000000 6.075168 0.000276 0.110339 -1.000000 33.532327 200.000000 33.532327 0.331898 132.759009 0.000000 3.259799 200.000000 3.259799
 47.800000 -0.676820 0.736148 -0.043754 -0.999042 -0.743435 -3.097825 0.736148 -0.676820 -0.999042 -0.043754 1.189015 475.606127 0.845190 5.381980 200.000000 5.381980 2.026485 810.593925 -0.534466 6.075168 200.000000 6.075168 0.000092 0.036684 -1.000000 33.532327 200.000000 33.532327 0.191440 76.575886 0.000000 3.259799 200.000000 3.259799
 48.000000 -0.641199 0.767374 0.036048 -0.999350 -0.696060 3.105537 0.767374 -0.641199 -0.999350 0.036048 0.605529 242.211574 0.845190 5.381980 200.000000 5.381980 1.139205 455.681851 -0.534466 6.075168 200.000000 6.075168 0.000042 0.016896 -1.000000 33.532327 200.000000 33.532327 0.129942 51.976933 0.000000 3.259799 200.000000 3.259799
 48.200000 -0.519126 0.854698 0.046296 -0.998928 -0.545828 3.095280 0.854698 -0.519126 -0.998928 0.046296 0.009040 3.615951 0.845190 5.381980 200.000000 5.381980 0.023532 9.412796 -0.534466 6.075168 200.000000 6.075168 0.000115 0.045988 -1.000000 33.532327 200.000000 33.532327 0.214332 85.732865 0.000000 3.259799 200.000000 3.259799
 48.400000 -0.548780 0.835967 0.006929 -0.999976 -0.580904 3.134664 0.835967 -0.548780 -0.999976 0.006929 0.008507 3.402752 0.845190 5.381980 200.000000 5.381980 0.020490 8.195826 -0.534466 6.075168 200.000000 6.075168 0.000000 0.000023 -1.000000 33.532327 200.000000 33.532327 0.004801 1.920461 0.000000 3.259799 200.000000 3.259799
 48.600000 -0.535808 0.844340 0.090815 -0.995868 -0.565465 3.050652 0.844340 -0.535808 -0.995868 0.090815 0.000072 0.028936 0.845190 5.381980 200.000000 5.381980 0.000180 0.072107 -0.534466 6.075168 200.000000 6.075168 0.001708 0.683022 -1.000000 33.532327 200.000000 33.532327 0.824744 329.897594 0.000000 3.259799 200.000000 3.259799
 48.800000 -0.643512 0.765436 0.053524 -0.998567 -0.699078 3.088043 0.765436 -0.643512 -0.998567 0.053524 0.636076 254.430235 0.845190 5.381980 200.000000 5.381980 1.189114 475.645678 -0.534466 6.075168 200.000000 6.075168 0.000205 0.082190 -1.000000 33.532327 200.000000 33.532327 0.286482 114.592930 0.000000 3.259799 200.000000 3.259799
 49.000000 -0.566047 0.824373 -0.005417 -0.999985 -0.601702 -3.136176 0.824373 -0.566047 -0.999985 -0.005417 0.043335 17.333807 0.845190 5.381980 200.000000 5.381980 0.099735 39.894193 -0.534466 6.075168 200.000000 6.075168 0.000000 0.000009 -1.000000 33.532327 200.000000 33.532327 0.002934 1.173603 0.000000 3.259799 200.000000 3.259799
 49.200000 -0.604134 0.796883 -0.043213 -0.999066 -0.648679 -3.098366 0.796883 -0.604134 -0.999066 -0.043213 0.233360 93.344183 0.845190 5.381980 200.000000 5.381980 0.485366 194.146595 -0.534466 6.075168 200.000000 6.075168 0.000087 0.034904 -1.000000 33.532327 200.000000 33.532327 0.186739 74.695423 0.000000 3.259799 200.000000 3.259799
 49.400000 -0.611124 0.791535 0.036860 -0.999320 -0.657480 3.104724 0.791535 -0.611124 -0.999320 0.036860 0.287890 115.156130 0.845190 5.381980 200.000000 5.381980 0.587652 235.060617 -0.534466 6.075168 200.000000 6.075168 0.000046 0.018472 -1.000000 33.532327 200.000000 33.532327 0.135867 54.346695 0.000000 3.259799 200.000000 3.259799
 49.600000 -0.544320 0.838878 0.066040 -0.997817 -0.575578 3.075504 0.838878 -0.544320 -0.997817 0.066040 0.003984 1.593780 0.845190 5.381980 200.000000 5.381980 0.009710 3.883983 -0.534466 6.075168 200.000000 6.075168 0.000477 0.190629 -1.000000 33.532327 200.000000 33.532327 0.436134 174.453619 0.000000 3.259799 200.000000 3.259799
 49.800000 -0.594765 0.803899 -0.002192 -0.999998 -0.636974 -3.139401 0.803899 -0.594765 -0.999998 -0.002192 0.170492 68.196928 0.845190 5.381980 200.000000 5.381980 0.363603 145.441229 -0.534466 6.075168 200.000000 6.075168 0.000000 0.000000 -1.000000 33.532327 200.000000 33.532327 0.000480 0.192140 0.000000 3.259799 200.000000 3.259799
 50.000000 -0.632878 0.774251 0.077875 -0.996963 -0.685265 3.063638 0.774251 -0.632878 -0.996963 0.077875 0.503231 201.292469 0.845190 5.381980 200.000000 5.381980 0.968501 387.400517 -0.534466 6.075168 200.000000 6.075168 0.000922 0.368910 -1.000000 33.532327 200.000000 33.532327 0.606457 242.582916 0.000000 3.259799 200.000000 3.259799
 50.200000 -0.682797 0.730608 0.028076 -0.999606 -0.751584 3.113513 0.730608 -0.682797 -0.999606 0.028076 1.312894 525.157601 0.845190 5.381980 200.000000 5.381980 2.200202 880.080952 -0.534466 6.075168 200.000000 6.075168 0.000016 0.006216 -1.000000 33.532327 200.000000 33.532327 0.078826 31.530320 0.000000 3.259799 200.000000 3.259799
 50.400000 -0.588431 0.808548 0.137481 -0.990504 -0.629117 3.003675 0.808548 -0.588431 -0.990504 0.137481 0.134267 53.706755 0.845190 5.381980 200.000000 5.381980 0.291221 116.488401 -0.534466 6.075168 200.000000 6.075168 0.009017 3.606686 -1.000000 33.532327 200.000000 33.532327 1.890111 756.044417 0.000000 3.259799 200.000000 3.259799
 50.600000 -0.591732 0.806134 0.076238 -0.997090 -0.633206 3.065281 0.806134 -0.591732 -0.997090 0.076238 0.152535 61.013893 0.845190 5.381980 200.000000 5.381980 0.327947 131.178850 -0.534466 6.075168 200.000000 6.075168 0.000847 0.338805 -1.000000 33.532327 200.000000 33.532327 0.581223 232.489176 0.000000 3.259799 200.000000 3.259799
 50.800000 -0.675890 0.737002 0.019380 -0.999812 -0.742172 3.122212 0.737002 -0.675890 -0.999812 0.019380 1.170462 468.184823 0.845190 5.381980 200.000000 5.381980 2.000090 800.035884 -0.534466 6.075168 200.000000 6.075168 0.000004 0.001411 -1.000000 33.532327 200.000000 33.532327 0.037558 15.023023 0.000000 3.259799 200.000000 3.259799
 51.000000 -0.581319 0.813676 0.159168 -0.987251 -0.620348 2.981745 0.813676 -0.581319 -0.987251 0.159168 0.099314 39.725454 0.845190 5.381980 200.000000 5.381980 0.219518 87.807361 -0.534466 6.075168 200.000000 6.075168 0.016253 6.501005 -1.000000 33.532327 200.000000 33.532327 2.533454 1013.381758 0.000000 3.259799 200.000000 3.259799
 51.200000 -0.660320 0.750984 0.102044 -0.994780 -0.721245 3.039371 0.750984 -0.660320 -0.994780 0.102044 0.887474 354.989623 0.845190 5.381980 200.000000 5.381980 1.583930 633.572165 -0.534466 6.075168 200.000000 6.075168 0.002725 1.089964 -1.000000 33.532327 200.000000 33.532327 1.041288 416.515329 0.000000 3.259799 200.000000 3.259799
 51.400000 -0.631365 0.775486 0.021787 -0.999763 -0.683313 3.119804 0.775486 -0.631365 -0.999763 0.021787 0.485872 194.348914 0.845190 5.381980 200.000000 5.381980 0.938951 375.580482 -0.534466 6.075168 200.000000 6.075168 0.000006 0.002254 -1.000000 33.532327 200.000000 33.532327 0.047466 18.986544 0.000000 3.259799 200.000000 3.259799
 51.600000 -0.584582 0.811334 0.086797 -0.996226 -0.624365 3.054687 0.811334 -0.584582 -0.996226 0.086797 0.114621 45.848373 0.845190 5.381980 200.000000 5.381980 0.251167 100.466681 -0.534466 6.075168 200.000000 6.075168 0.001424 0.569711 -1.000000 33.532327 200.000000 33.532327 0.753368 301.347029 0.000000 3.259799 200.000000 3.259799
 51.800000 -0.608667 0.793426 -0.032252 -0.999480 -0.654380 -3.109335 0.793426 -0.608667 -0.999480 -0.032252 0.267956 107.182551 0.845190 5.381980 200.000000 5.381980 0.550585 220.234169 -0.534466 6.075168 200.000000 6.075168 0.000027 0.010825 -1.000000 33.532327 200.000000 33.532327 0.104017 41.606612 0.000000 3.259799 200.000000 3.259799
 52.000000 -0.508268 0.861199 0.129251 -0.991612 -0.533172 3.011979 0.861199 -0.508268 -0.991612 0.129251 0.025629 10.251650 0.845190 5.381980 200.000000 5.381980 0.068635 27.453857 -0.534466 6.075168 200.000000 6.075168 0.007036 2.814380 -1.000000 33.532327 200.000000 33.532327 1.670575 668.230187 0.000000 3.259799 200.000000 3.259799
 52.200000 -0.552242 0.833684 -0.031448 -0.999505 -0.585051 -3.110139 0.833684 -0.552242 -0.999505 -0.031448 0.013240 5.295899 0.845190 5.381980 200.000000 5.381980 0.031600 12.640083 -0.534466 6.075168 200.000000 6.075168 0.000024 0.009786 -1.000000 33.532327 200.000000 33.532327 0.098900 39.559865 0.000000 3.259799 200.000000 3.259799
 52.400000 -0.587930 0.808912 -0.050052 -0.998747 -0.628498 -3.091520 0.808912 -0.587930 -0.998747 -0.050052 0.131613 52.645164 0.845190 5.381980 200.000000 5.381980 0.285845 114.337994 -0.534466 6.075168 200.000000 6.075168 0.000157 0.062838 -1.000000 33.532327 200.000000 33.532327 0.250519 100.207445 0.000000 3.259799 200.000000 3.259799
 52.600000 -0.598863 0.800851 0.062107 -0.998070 -0.642081 3.079446 0.800851 -0.598863 -0.998070 0.062107 0.196593 78.637393 0.845190 5.381980 200.000000 5.381980 0.414704 165.881680 -0.534466 6.075168 200.000000 6.075168 0.000373 0.149072 -1.000000 33.532327 200.000000 33.532327 0.385725 154.290148 0.000000 3.259799 200.000000 3.259799
 52.800000 -0.604578 0.796546 0.003865 -0.999993 -0.649236 3.137728 0.796546 -0.604578 -0.999993 0.003865 0.236626 94.650220 0.845190 5.381980 200.000000 5.381980 0.491572 196.628910 -0.534466 6.075168 200.000000 6.075168 0.000000 0.000002 -1.000000 33.532327 200.000000 33.532327 0.001494 0.597540 0.000000 3.259799 200.000000 3.259799
 53.000000 -0.621046 0.783774 0.068730 -0.997635 -0.670077 3.072809 0.783774 -0.621046 -0.997635 0.068730 0.377194 150.877600 0.845190 5.381980 200.000000 5.381980 0.749616 299.846395 -0.534466 6.075168 200.000000 6.075168 0.000559 0.223669 -1.000000 33.532327 200.000000 33.532327 0.472377 188.950750 0.000000 3.259799 200.000000 3.259799
 53.200000 -0.587125 0.809497 0.079725 -0.996817 -0.627502 3.061783 0.809497 -0.587125 -0.996817 0.079725 0.127402 50.960864 0.845190 5.381980 200.000000 5.381980 0.277294 110.917440 -0.534466 6.075168 200.000000 6.075168 0.001013 0.405278 -1.000000 33.532327 200.000000 33.532327 0.635601 254.240374 0.000000 3.259799 200.000000 3.259799
 53.400000 -0.620627 0.784106 0.013297 -0.999912 -0.669542 3.128296 0.784106 -0.620627 -0.999912 0.013297 0.373127 149.250805 0.845190 5.381980 200.000000 5.381980 0.742374 296.949731 -0.534466 6.075168 200.000000 6.075168 0.000001 0.000313 -1.000000 33.532327 200.000000 33.532327 0.017680 7.071944 0.000000 3.259799 200.000000 3.259799
 53.600000 -0.712848 0.701319 0.082871 -0.996560 -0.793550 3.058627 0.701319 -0.712848 -0.996560 0.082871 2.069894 827.957601 0.845190 5.381980 200.000000 5.381980 3.182011 1272.804361 -0.534466 6.075168 200.000000 6.075168 0.001183 0.473259 -1.000000 33.532327 200.000000 33.532327 0.686755 274.701924 0.000000 3.259799 200.000000 3.259799
 53.800000 -0.635103 0.772428 0.029236 -0.999573 -0.688141 3.112353 0.772428 -0.635103 -0.999573 0.029236 0.529436 211.774569 0.845190 5.381980 200.000000 5.381980 1.012778 405.111235 -0.534466 6.075168 200.000000 6.075168 0.000018 0.007309 -1.000000 33.532327 200.000000 33.532327 0.085474 34.189630 0.000000 3.259799 200.000000 3.259799
 54.000000 -0.595760 0.803163 -0.022686 -0.999743 -0.638211 -3.118905 0.803163 -0.595760 -0.999743 -0.022686 0.176630 70.652027 0.845190 5.381980 200.000000 5.381980 0.375694 150.277759 -0.534466 6.075168 200.000000 6.075168 0.000007 0.002649 -1.000000 33.532327 200.000000 33.532327 0.051464 20.585459 0.000000 3.259799 200.000000 3.259799
 54.200000 -0.560421 0.828208 0.045492 -0.998965 -0.594894 3.096085 0.828208 -0.560421 -0.998965 0.045492 0.028840 11.536080 0.845190 5.381980 200.000000 5.381980 0.067369 26.947466 -0.534466 6.075168 200.000000 6.075168 0.000107 0.042875 -1.000000 33.532327 200.000000 33.532327 0.206955 82.782156 0.000000 3.259799 200.000000 3.259799
 54.400000 -0.542254 0.840215 0.076566 -0.997065 -0.573117 3.064952 0.840215 -0.542254 -0.997065 0.076566 0.002475 0.990087 0.845190 5.381980 200.000000 5.381980 0.006065 2.425923 -0.534466 6.075168 200.000000 6.075168 0.000862 0.344681 -1.000000 33.532327 200.000000 33.532327 0.586234 234.493479 0.000000 3.259799 200.000000 3.259799
 54.600000 -0.526681 0.850063 -0.000525 -1.000000 -0.554691 -3.141068 0.850063 -0.526681 -1.000000 -0.000525 0.002375 0.949898 0.845190 5.381980 200.000000 5.381980 0.006061 2.424351 -0.534466 6.075168 200.000000 6.075168 0.000000 0.000000 -1.000000 33.532327 200.000000 33.532327 0.000028 0.011031 0.000000 3.259799 200.000000 3.259799
 54.800000 -0.592383 0.805657 0.019811 -0.999804 -0.634013 3.121780 0.805657 -0.592383 -0.999804 0.019811 0.156288 62.515359 0.845190 5.381980 200.000000 5.381980 0.335436 134.174277 -0.534466 6.075168 200.000000 6.075168 0.000004 0.001541 -1.000000 33.532327 200.000000 33.532327 0.039248 15.699336 0.000000 3.259799 200.000000 3.259799
 55.000000 -0.637517 0.770436 0.016995 -0.999856 -0.691271 3.124597 0.770436 -0.637517 -0.999856 0.016995 0.558815 223.526030 0.845190 5.381980 200.000000 5.381980 1.061958 424.783149 -0.534466 6.075168 200.000000 6.075168 0.000002 0.000834 -1.000000 33.532327 200.000000 33.532327 0.028883 11.553011 0.000000 3.259799 200.000000 3.259799
 55.200000 -0.670758 0.741676 0.012451 -0.999922 -0.735231 3.129141 0.741676 -0.670758 -0.999922 0.012451 1.071516 428.606574 0.845190 5.381980 200.000000 5.381980 1.857564 743.025561 -0.534466 6.075168 200.000000 6.075168 0.000001 0.000240 -1.000000 33.532327 200.000000 33.532327 0.015503 6.201105 0.000000 3.259799 200.000000 3.259799
 55.400000 -0.662871 0.748734 -0.006972 -0.999976 -0.724646 -3.134620 0.748734 -0.662871 -0.999976 -0.006972 0.930378 372.151308 0.845190 5.381980 200.000000 5.381980 1.648779 659.511543 -0.534466 6.075168 200.000000 6.075168 0.000000 0.000024 -1.000000 33.532327 200.000000 33.532327 0.004861 1.944458 0.000000 3.259799 200.000000 3.259799
 55.600000 -0.593873 0.804559 0.029224 -0.999573 -0.635864 3.112365 0.804559 -0.593873 -0.999573 0.029224 0.165088 66.035306 0.845190 5.381980 200.000000 5.381980 0.352917 141.166998 -0.534466 6.075168 200.000000 6.075168 0.000018 0.007297 -1.000000 33.532327 200.000000 33.532327 0.085403 34.161006 0.000000 3.259799 200.000000 3.259799
 55.800000 -0.590954 0.806705 0.013642 -0.999907 -0.632241 3.127951 0.806705 -0.590954 -0.999907 0.013642 0.148107 59.242780 0.845190 5.381980 200.000000 5.381980 0.319089 127.635541 -0.534466 6.075168 200.000000 6.075168 0.000001 0.000346 -1.000000 33.532327 200.000000 33.532327 0.018610 7.443865 0.000000 3.259799 200.000000 3.259799
 56.000000 -0.639299 0.768958 0.008545 -0.999963 -0.693587 3.133048 0.768958 -0.639299 -0.999963 0.008545 0.581135 232.454090 0.845190 5.381980 200.000000 5.381980 1.099009 439.603699 -0.534466 6.075168 200.000000 6.075168 0.000000 0.000053 -1.000000 33.532327 200.000000 33.532327 0.007302 2.920658 0.000000 3.259799 200.000000 3.259799
 56.200000 -0.585352 0.810779 0.076506 -0.997069 -0.625314 3.065012 0.810779 -0.585352 -0.997069 0.076506 0.118411 47.364432 0.845190 5.381980 200.000000 5.381980 0.258942 103.576687 -0.534466 6.075168 200.000000 6.075168 0.000859 0.343593 -1.000000 33.532327 200.000000 33.532327 0.585309 234.123752 0.000000 3.259799 200.000000 3.259799
 56.400000 -0.620839 0.783938 -0.011945 -0.999929 -0.669813 -3.129648 0.783938 -0.620839 -0.999929 -0.011945 0.375185 150.073982 0.845190 5.381980 200.000000 5.381980 0.746040 298.416081 -0.534466 6.075168 200.000000 6.075168 0.000001 0.000204 -1.000000 33.532327 200.000000 33.532327 0.014268 5.707076 0.000000 3.259799 200.000000 3.259799
 56.600000 -0.589981 0.807417 -0.012312 -0.999924 -0.631035 -3.129280 0.807417 -0.589981 -0.999924 -0.012312 0.142677 57.070843 0.845190 5.381980 200.000000 5.381980 0.308188 123.275353 -0.534466 6.075168 200.000000 6.075168 0.000001 0.000230 -1.000000 33.532327 200.000000 33.532327 0.015159 6.063725 0.000000 3.259799 200.000000 3.259799
 56.800000 -0.554621 0.832103 0.102338 -0.994750 -0.587908 3.039075 0.832103 -0.554621 -0.994750 0.102338 0.017127 6.850998 0.845190 5.381980 200.000000 5.381980 0.040624 16.249742 -0.534466 6.075168 200.000000 6.075168 0.002757 1.102629 -1.000000 33.532327 200.000000 33.532327 1.047305 418.922011 0.000000 3.259799 200.000000 3.259799
 57.000000 -0.510579 0.859831 0.122600 -0.992456 -0.535858 3.018683 0.859831 -0.510579 -0.992456 0.122600 0.021436 8.574337 0.845190 5.381980 200.000000 5.381980 0.057060 22.823938 -0.534466 6.075168 200.000000 6.075168 0.005691 2.276413 -1.000000 33.532327 200.000000 33.532327 1.503088 601.235094 0.000000 3.259799 200.000000 3.259799
 57.200000 -0.644102 0.764940 0.002868 -0.999996 -0.699849 3.138725 0.764940 -0.644102 -0.999996 0.002868 0.644013 257.605279 0.845190 5.381980 200.000000 5.381980 1.202008 480.803226 -0.534466 6.075168 200.000000 6.075168 0.000000 0.000001 -1.000000 33.532327 200.000000 33.532327 0.000823 0.329012 0.000000 3.259799 200.000000 3.259799
 57.400000 -0.596576 0.802556 0.108366 -0.994111 -0.639229 3.033013 0.802556 -0.596576 -0.994111 0.108366 0.181764 72.705783 0.845190 5.381980 200.000000 5.381980 0.385773 154.309255 -0.534466 6.075168 200.000000 6.075168 0.003468 1.387197 -1.000000 33.532327 200.000000 33.532327 1.174325 469.730046 0.000000 3.259799 200.000000 3.259799
 57.600000 -0.710857 0.703336 0.056061 -0.998427 -0.790716 3.085502 0.703336 -0.710857 -0.998427 0.056061 2.012250 804.900000 0.845190 5.381980 200.000000 5.381980 3.111394 1244.557741 -0.534466 6.075168 200.000000 6.075168 0.000247 0.098932 -1.000000 33.532327 200.000000 33.532327 0.314288 125.715125 0.000000 3.259799 200.000000 3.259799
 57.800000 -0.575602 0.817730 0.020470 -0.999790 -0.613340 3.121121 0.817730 -0.575602 -0.999790 0.020470 0.075407 30.162631 0.845190 5.381980 200.000000 5.381980 0.169220 67.688154 -0.534466 6.075168 200.000000 6.075168 0.000004 0.001756 -1.000000 33.532327 200.000000 33.532327 0.041902 16.760643 0.000000 3.259799 200.000000 3.259799
 58.000000 -0.578750 0.815505 0.013709 -0.999906 -0.617195 3.127884 0.815505 -0.578750 -0.999906 0.013709 0.088120 35.248151 0.845190 5.381980 200.000000 5.381980 0.196109 78.443577 -0.534466 6.075168 200.000000 6.075168 0.000001 0.000353 -1.000000 33.532327 200.000000 33.532327 0.018793 7.517064 0.000000 3.259799 200.000000 3.259799
 58.200000 -0.622285 0.782791 -0.006179 -0.999981 -0.671659 -3.135414 0.782791 -0.622285 -0.999981 -0.006179 0.389369 155.747565 0.845190 5.381980 200.000000 5.381980 0.771223 308.489262 -0.534466 6.075168 200.000000 6.075168 0.000000 0.000015 -1.000000 33.532327 200.000000 33.532327 0.003817 1.526996 0.000000 3.259799 200.000000 3.259799
 58.400000 -0.618078 0.786117 0.017077 -0.999854 -0.666295 3.124515 0.786117 -0.618078 -0.999854 0.017077 0.348966 139.586250 0.845190 5.381980 200.000000 5.381980 0.699100 279.639853 -0.534466 6.075168 200.000000 6.075168 0.000002 0.000851 -1.000000 33.532327 200.000000 33.532327 0.029163 11.665325 0.000000 3.259799 200.000000 3.259799
 58.600000 -0.615377 0.788233 0.047855 -0.998854 -0.662864 3.093719 0.788233 -0.615377 -0.998854 0.047855 0.324407 129.762937 0.845190 5.381980 200.000000 5.381980 0.654654 261.861488 -0.534466 6.075168 200.000000 6.075168 0.000131 0.052508 -1.000000 33.532327 200.000000 33.532327 0.229014 91.605735 0.000000 3.259799 200.000000 3.259799
 58.800000 -0.648250 0.761427 -0.002189 -0.999998 -0.705284 -3.139404 0.761427 -0.648250 -0.999998 -0.002189 0.701617 280.646874 0.845190 5.381980 200.000000 5.381980 1.294686 517.874300 -0.534466 6.075168 200.000000 6.075168 0.000000 0.000000 -1.000000 33.532327 200.000000 33.532327 0.000479 0.191589 0.000000 3.259799 200.000000 3.259799
 59.000000 -0.575112 0.818074 0.007241 -0.999974 -0.612742 3.134352 0.818074 -0.575112 -0.999974 0.007241 0.073526 29.410563 0.845190 5.381980 200.000000 5.381980 0.165215 66.086083 -0.534466 6.075168 200.000000 6.075168 0.000000 0.000027 -1.000000 33.532327 200.000000 33.532327 0.005243 2.097245 0.000000 3.259799 200.000000 3.259799
 59.200000 -0.576726 0.816938 0.048146 -0.998840 -0.614715 3.093428 0.816938 -0.576726 -0.998840 0.048146 0.079820 31.928180 0.845190 5.381980 200.000000 5.381980 0.178593 71.437254 -0.534466 6.075168 200.000000 6.075168 0.000134 0.053796 -1.000000 33.532327 200.000000 33.532327 0.231805 92.722089 0.000000 3.259799 200.000000 3.259799
 59.400000 -0.610199 0.792248 -0.039702 -0.999212 -0.656311 -3.101881 0.792248 -0.610199 -0.999212 -0.039702 0.280282 112.112860 0.845190 5.381980 200.000000 5.381980 0.573547 229.418781 -0.534466 6.075168 200.000000 6.075168 0.000062 0.024864 -1.000000 33.532327 200.000000 33.532327 0.157622 63.048953 0.000000 3.259799 200.000000 3.259799
 59.600000 -0.552419 0.833567 0.002341 -0.999997 -0.585263 3.139251 0.833567 -0.552419 -0.999997 0.002341 0.013510 5.404105 0.845190 5.381980 200.000000 5.381980 0.032231 12.892361 -0.534466 6.075168 200.000000 6.075168 0.000000 0.000000 -1.000000 33.532327 200.000000 33.532327 0.000548 0.219305 0.000000 3.259799 200.000000 3.259799
 59.800000 -0.580294 0.814407 0.086712 -0.996233 -0.619089 3.054772 0.814407 -0.580294 -0.996233 0.086712 0.094759 37.903433 0.845190 5.381980 200.000000 5.381980 0.210020 84.008167 -0.534466 6.075168 200.000000 6.075168 0.001419 0.567475 -1.000000 33.532327 200.000000 33.532327 0.751891 300.756298 0.000000 3.259799 200.000000 3.259799
 60.000000 -0.626587 0.779352 0.001711 -0.999999 -0.677166 3.139881 0.779352 -0.626587 -0.999999 0.001711 0.433469 173.387549 0.845190 5.381980 200.000000 5.381980 0.848625 339.450124 -0.534466 6.075168 200.000000 6.075168 0.000000 0.000000 -1.000000 33.532327 200.000000 33.532327 0.000293 0.117159 0.000000 3.259799 200.000000 3.259799
 60.200000 -0.574823 0.818278 0.049357 -0.998781 -0.612388 3.092216 0.818278 -0.574823 -0.998781 0.049357 0.072427 28.970895 0.845190 5.381980 200.000000 5.381980 0.162870 65.148057 -0.534466 6.075168 200.000000 6.075168 0.000149 0.059417 -1.000000 33.532327 200.000000 33.532327 0.243607 97.442935 0.000000 3.259799 200.000000 3.259799
 60.400000 -0.601218 0.799085 0.064595 -0.997912 -0.645025 3.076953 0.799085 -0.601218 -0.997912 0.064595 0.212568 85.027230 0.845190 5.381980 200.000000 5.381980 0.445587 178.234602 -0.534466 6.075168 200.000000 6.075168 0.000436 0.174463 -1.000000 33.532327 200.000000 33.532327 0.417252 166.900672 0.000000 3.259799 200.000000 3.259799
 60.600000 -0.637957 0.770072 0.095247 -0.995454 -0.691842 3.046201 0.770072 -0.637957 -0.995454 0.095247 0.564269 225.707448 0.845190 5.381980 200.000000 5.381980 1.071035 428.414100 -0.534466 6.075168 200.000000 6.075168 0.002067 0.826765 -1.000000 33.532327 200.000000 33.532327 0.907199 362.879777 0.000000 3.259799 200.000000 3.259799
 60.800000 -0.564272 0.825589 0.036665 -0.999328 -0.599551 3.104920 0.825589 -0.564272 -0.999328 0.036665 0.038421 15.368253 0.845190 5.381980 200.000000 5.381980 0.088841 35.536472 -0.534466 6.075168 200.000000 6.075168 0.000045 0.018083 -1.000000 33.532327 200.000000 33.532327 0.134430 53.771854 0.000000 3.259799 200.000000 3.259799
 61.000000 -0.598223 0.801329 0.009496 -0.999955 -0.641282 3.132096 0.801329 -0.598223 -0.999955 0.009496 0.192377 76.950633 0.845190 5.381980 200.000000 5.381980 0.406504 162.601417 -0.534466 6.075168 200.000000 6.075168 0.000000 0.000081 -1.000000 33.532327 200.000000 33.532327 0.009018 3.607127 0.000000 3.259799 200.000000 3.259799
 61.200000 -0.605657 0.795726 0.025010 -0.999687 -0.650591 3.116580 0.795726 -0.605657 -0.999687 0.025010 0.244672 97.868971 0.845190 5.381980 200.000000 5.381980 0.506821 202.728223 -0.534466 6.075168 200.000000 6.075168 0.000010 0.003914 -1.000000 33.532327 200.000000 33.532327 0.062551 25.020374 0.000000 3.259799 200.000000 3.259799
 61.400000 -0.621365 0.783521 0.112920 -0.993604 -0.670484 3.028431 0.783521 -0.621365 -0.993604 0.112920 0.380309 152.123598 0.845190 5.381980 200.000000 5.381980 0.755154 302.061763 -0.534466 6.075168 200.000000 6.075168 0.004091 1.636333 -1.000000 33.532327 200.000000 33.532327 1.275102 510.040652 0.000000 3.259799 200.000000 3.259799
 61.600000 -0.691700 0.722185 0.081072 -0.996708 -0.763840 3.060431 0.722185 -0.691700 -0.996708 0.081072 1.513026 605.210416 0.845190 5.381980 200.000000 5.381980 2.472258 988.903332 -0.534466 6.075168 200.000000 6.075168 0.001084 0.433430 -1.000000 33.532327 200.000000 33.532327 0.657270 262.908097 0.000000 3.259799 200.000000 3.259799
 61.800000 -0.537016 0.843572 0.094705 -0.995505 -0.566896 3.046745 0.843572 -0.537016 -0.995505 0.094705 0.000262 0.104759 0.845190 5.381980 200.000000 5.381980 0.000651 0.260231 -0.534466 6.075168 200.000000 6.075168 0.002020 0.808071 -1.000000 33.532327 200.000000 33.532327 0.896908 358.763097 0.000000 3.259799 200.000000 3.259799
 62.000000 -0.616163 0.787619 0.062777 -0.998028 -0.663862 3.078775 0.787619 -0.616163 -0.998028 0.062777 0.331446 132.578527 0.845190 5.381980 200.000000 5.381980 0.667442 266.976724 -0.534466 6.075168 200.000000 6.075168 0.000389 0.155615 -1.000000 33.532327 200.000000 33.532327 0.394091 157.636453 0.000000 3.259799 200.000000 3.259799
 62.200000 -0.654902 0.755714 0.039303 -0.999227 -0.714053 3.102280 0.755714 -0.654902 -0.999227 0.039303 0.800603 320.241389 0.845190 5.381980 200.000000 5.381980 1.450492 580.196852 -0.534466 6.075168 200.000000 6.075168 0.000060 0.023879 -1.000000 33.532327 200.000000 33.532327 0.154469 61.787799 0.000000 3.259799 200.000000 3.259799
 62.400000 -0.522900 0.852394 0.088029 -0.996118 -0.550249 3.053450 0.852394 -0.522900 -0.996118 0.088029 0.005190 2.075964 0.845190 5.381980 200.000000 5.381980 0.013377 5.350965 -0.534466 6.075168 200.000000 6.075168 0.001507 0.602820 -1.000000 33.532327 200.000000 33.532327 0.774908 309.963002 0.000000 3.259799 200.000000 3.259799
 62.600000 -0.647026 0.762468 -0.041029 -0.999158 -0.703678 -3.100552 0.762468 -0.647026 -0.999158 -0.041029 0.684302 273.720921 0.845190 5.381980 200.000000 5.381980 1.266990 506.796149 -0.534466 6.075168 200.000000 6.075168 0.000071 0.028363 -1.000000 33.532327 200.000000 33.532327 0.168341 67.336491 0.000000 3.259799 200.000000 3.259799
 62.800000 -0.567700 0.823236 0.030517 -0.999534 -0.603709 3.111071 0.823236 -0.567700 -0.999534 0.030517 0.048200 19.279951 0.845190 5.381980 200.000000 5.381980 0.110450 44.180020 -0.534466 6.075168 200.000000 6.075168 0.000022 0.008677 -1.000000 33.532327 200.000000 33.532327 0.093129 37.251556 0.000000 3.259799 200.000000 3.259799
 63.000000 -0.629121 0.777308 0.039242 -0.999230 -0.680422 3.102341 0.777308 -0.629121 -0.999230 0.039242 0.460804 184.321569 0.845190 5.381980 200.000000 5.381980 0.895956 358.382554 -0.534466 6.075168 200.000000 6.075168 0.000059 0.023731 -1.000000 33.532327 200.000000 33.532327 0.153990 61.595858 0.000000 3.259799 200.000000 3.259799
 63.200000 -0.611949 0.790897 0.052422 -0.998625 -0.658523 3.089147 0.790897 -0.611949 -0.998625 0.052422 0.294775 117.910019 0.845190 5.381980 200.000000 5.381980 0.600371 240.148333 -0.534466 6.075168 200.000000 6.075168 0.000189 0.075622 -1.000000 33.532327 200.000000 33.532327 0.274805 109.922121 0.000000 3.259799 200.000000 3.259799
 63.400000 -0.615300 0.788293 0.114675 -0.993403 -0.662767 3.026664 0.788293 -0.615300 -0.993403 0.114675 0.323728 129.491395 0.845190 5.381980 200.000000 5.381980 0.653418 261.367318 -0.534466 6.075168 200.000000 6.075168 0.004352 1.740807 -1.000000 33.532327 200.000000 33.532327 1.315044 526.017710 0.000000 3.259799 200.000000 3.259799
 63.600000 -0.665834 0.746100 0.053341 -0.998576 -0.728611 3.088227 0.746100 -0.665834 -0.998576 0.053341 0.981880 392.752050 0.845190 5.381980 200.000000 5.381980 1.725751 690.300290 -0.534466 6.075168 200.000000 6.075168 0.000203 0.081068 -1.000000 33.532327 200.000000 33.532327 0.284521 113.808534 0.000000 3.259799 200.000000 3.259799
 63.800000 -0.571028 0.820930 0.036005 -0.999352 -0.607758 3.105580 0.820930 -0.571028 -0.999352 0.036005 0.058853 23.541134 0.845190 5.381980 200.000000 5.381980 0.133680 53.472129 -0.534466 6.075168 200.000000 6.075168 0.000042 0.016817 -1.000000 33.532327 200.000000 33.532327 0.129638 51.855119 0.000000 3.259799 200.000000 3.259799
 64.000000 -0.646267 0.763111 0.134375 -0.990931 -0.702682 3.006810 0.763111 -0.646267 -0.990931 0.134375 0.673690 269.475904 0.845190 5.381980 200.000000 5.381980 1.249947 499.978956 -0.534466 6.075168 200.000000 6.075168 0.008225 3.290193 -1.000000 33.532327 200.000000 33.532327 1.805664 722.265401 0.000000 3.259799 200.000000 3.259799
 64.200000 -0.602888 0.797825 0.079172 -0.996861 -0.647117 3.062338 0.797825 -0.602888 -0.996861 0.079172 0.224341 89.736254 0.845190 5.381980 200.000000 5.381980 0.468166 187.266349 -0.534466 6.075168 200.000000 6.075168 0.000985 0.394143 -1.000000 33.532327 200.000000 33.532327 0.626822 250.728963 0.000000 3.259799 200.000000 3.259799
 64.400000 -0.578389 0.815761 0.128989 -0.991646 -0.616752 3.012243 0.815761 -0.578389 -0.991646 0.128989 0.086605 34.642070 0.845190 5.381980 200.000000 5.381980 0.192922 77.168653 -0.534466 6.075168 200.000000 6.075168 0.006979 2.791569 -1.000000 33.532327 200.000000 33.532327 1.663820 665.528047 0.000000 3.259799 200.000000 3.259799
 64.600000 -0.662003 0.749501 0.112643 -0.993636 -0.723489 3.028710 0.749501 -0.662003 -0.993636 0.112643 0.915645 366.257951 0.845190 5.381980 200.000000 5.381980 1.626586 650.634257 -0.534466 6.075168 200.000000 6.075168 0.004051 1.620243 -1.000000 33.532327 200.000000 33.532327 1.268837 507.534747 0.000000 3.259799 200.000000 3.259799
 64.800000 -0.563585 0.826058 0.138129 -0.990414 -0.598720 3.003021 0.826058 -0.563585 -0.990414 0.138129 0.036604 14.641567 0.845190 5.381980 200.000000 5.381980 0.084794 33.917539 -0.534466 6.075168 200.000000 6.075168 0.009189 3.675443 -1.000000 33.532327 200.000000 33.532327 1.907956 763.182321 0.000000 3.259799 200.000000 3.259799
 65.000000 -0.627760 0.778407 0.060373 -0.998176 -0.678672 3.081183 0.778407 -0.627760 -0.998176 0.060373 0.445997 178.398624 0.845190 5.381980 200.000000 5.381980 0.870377 348.150634 -0.534466 6.075168 200.000000 6.075168 0.000333 0.133099 -1.000000 33.532327 200.000000 33.532327 0.364495 145.797977 0.000000 3.259799 200.000000 3.259799
 65.200000 -0.584375 0.811484 0.090153 -0.995928 -0.624109 3.051317 0.811484 -0.584375 -0.995928 0.090153 0.113611 45.444346 0.845190 5.381980 200.000000 5.381980 0.249091 99.636275 -0.534466 6.075168 200.000000 6.075168 0.001658 0.663267 -1.000000 33.532327 200.000000 33.532327 0.812754 325.101540 0.000000 3.259799 200.000000 3.259799
 65.400000 -0.568661 0.822572 0.058085 -0.998312 -0.604877 3.083475 0.822572 -0.568661 -0.998312 0.058085 0.051157 20.462756 0.845190 5.381980 200.000000 5.381980 0.116929 46.771552 -0.534466 6.075168 200.000000 6.075168 0.000285 0.114022 -1.000000 33.532327 200.000000 33.532327 0.337387 134.954693 0.000000 3.259799 200.000000 3.259799
 65.600000 -0.626851 0.779139 0.058978 -0.998259 -0.677505 3.082580 0.779139 -0.626851 -0.998259 0.058978 0.436273 174.509116 0.845190 5.381980 200.000000 5.381980 0.853502 341.400992 -0.534466 6.075168 200.000000 6.075168 0.000303 0.121206 -1.000000 33.532327 200.000000 33.532327 0.347844 139.137525 0.000000 3.259799 200.000000 3.259799
 65.800000 -0.578211 0.815887 0.019212 -0.999815 -0.616534 3.122379 0.815887 -0.578211 -0.999815 0.019212 0.085865 34.346153 0.845190 5.381980 200.000000 5.381980 0.191364 76.545517 -0.534466 6.075168 200.000000 6.075168 0.000003 0.001363 -1.000000 33.532327 200.000000 33.532327 0.036911 14.764404 0.000000 3.259799 200.000000 3.259799
 66.000000 -0.720426 0.693532 0.118023 -0.993011 -0.804417 3.023294 0.693532 -0.720426 -0.993011 0.118023 2.300026 920.010517 0.845190 5.381980 200.000000 5.381980 3.458122 1383.248958 -0.534466 6.075168 200.000000 6.075168 0.004885 1.953901 -1.000000 33.532327 200.000000 33.532327 1.392935 557.174143 0.000000 3.259799 200.000000 3.259799
 66.200000 -0.596242 0.802805 0.107844 -0.994168 -0.638812 3.033539 0.802805 -0.596242 -0.994168 0.107844 0.179650 71.860142 0.845190 5.381980 200.000000 5.381980 0.381627 152.650841 -0.534466 6.075168 200.000000 6.075168 0.003401 1.360546 -1.000000 33.532327 200.000000 33.532327 1.163023 465.209281 0.000000 3.259799 200.000000 3.259799
 66.400000 -0.604791 0.796384 0.056770 -0.998387 -0.649504 3.084792 0.796384 -0.604791 -0.998387 0.056770 0.238204 95.281598 0.845190 5.381980 200.000000 5.381980 0.494568 197.827381 -0.534466 6.075168 200.000000 6.075168 0.000260 0.104037 -1.000000 33.532327 200.000000 33.532327 0.322288 128.915030 0.000000 3.259799 200.000000 3.259799
 66.600000 -0.617280 0.786744 0.053637 -0.998561 -0.665280 3.087930 0.786744 -0.617280 -0.998561 0.053637 0.341596 136.638560 0.845190 5.381980 200.000000 5.381980 0.685813 274.325011 -0.534466 6.075168 200.000000 6.075168 0.000207 0.082884 -1.000000 33.532327 200.000000 33.532327 0.287689 115.075770 0.000000 3.259799 200.000000 3.259799
 66.800000 -0.567057 0.823678 0.103037 -0.994677 -0.602929 3.038372 0.823678 -0.567057 -0.994677 0.103037 0.046276 18.510428 0.845190 5.381980 200.000000 5.381980 0.106222 42.488676 -0.534466 6.075168 200.000000 6.075168 0.002833 1.133172 -1.000000 33.532327 200.000000 33.532327 1.061673 424.669034 0.000000 3.259799 200.000000 3.259799
 67.000000 -0.598037 0.801469 0.040704 -0.999171 -0.641049 3.100877 0.801469 -0.598037 -0.999171 0.040704 0.191156 76.462454 0.845190 5.381980 200.000000 5.381980 0.404126 161.650500 -0.534466 6.075168 200.000000 6.075168 0.000069 0.027473 -1.000000 33.532327 200.000000 33.532327 0.165682 66.272710 0.000000 3.259799 200.000000 3.259799
 67.200000 -0.596180 0.802850 0.073220 -0.997316 -0.638735 3.068307 0.802850 -0.596180 -0.997316 0.073220 0.179264 71.705733 0.845190 5.381980 200.000000 5.381980 0.380869 152.347788 -0.534466 6.075168 200.000000 6.075168 0.000720 0.288196 -1.000000 33.532327 200.000000 33.532327 0.536118 214.447337 0.000000 3.259799 200.000000 3.259799
 67.400000 -0.629974 0.776616 0.078516 -0.996913 -0.681520 3.062996 0.776616 -0.629974 -0.996913 0.078516 0.470242 188.096775 0.845190 5.381980 200.000000 5.381980 0.912189 364.875533 -0.534466 6.075168 200.000000 6.075168 0.000953 0.381211 -1.000000 33.532327 200.000000 33.532327 0.616470 246.587950 0.000000 3.259799 200.000000 3.259799
 67.600000 -0.555412 0.831575 0.054683 -0.998504 -0.588858 3.086882 0.831575 -0.555412 -0.998504 0.054683 0.018536 7.414294 0.845190 5.381980 200.000000 5.381980 0.043873 17.549269 -0.534466 6.075168 200.000000 6.075168 0.000224 0.089548 -1.000000 33.532327 200.000000 33.532327 0.299022 119.608783 0.000000 3.259799 200.000000 3.259799
 67.800000 -0.598114 0.801411 0.031940 -0.999490 -0.641146 3.109647 0.801411 -0.598114 -0.999490 0.031940 0.191661 76.664523 0.845190 5.381980 200.000000 5.381980 0.405110 162.044192 -0.534466 6.075168 200.000000 6.075168 0.000026 0.010412 -1.000000 33.532327 200.000000 33.532327 0.102015 40.805973 0.000000 3.259799 200.000000 3.259799
 68.000000 -0.626381 0.779517 0.041489 -0.999139 -0.676902 3.100092 0.779517 -0.626381 -0.999139 0.041489 0.431300 172.519867 0.845190 5.381980 200.000000 5.381980 0.844849 337.939455 -0.534466 6.075168 200.000000 6.075168 0.000074 0.029655 -1.000000 33.532327 200.000000 33.532327 0.172133 68.853302 0.000000 3.259799 200.000000 3.259799
 68.200000 -0.625122 0.780527 -0.009054 -0.999959 -0.675288 -3.132538 0.780527 -0.625122 -0.999959 -0.009054 0.418128 167.251265 0.845190 5.381980 200.000000 5.381980 0.821850 328.739871 -0.534466 6.075168 200.000000 6.075168 0.000000 0.000067 -1.000000 33.532327 200.000000 33.532327 0.008198 3.279334 0.000000 3.259799 200.000000 3.259799
 68.400000 -0.612556 0.790427 -0.008679 -0.999962 -0.659290 -3.132914 0.790427 -0.612556 -0.999962 -0.008679 0.299895 119.957937 0.845190 5.381980 200.000000 5.381980 0.609803 243.921095 -0.534466 6.075168 200.000000 6.075168 0.000000 0.000057 -1.000000 33.532327 200.000000 33.532327 0.007532 3.012898 0.000000 3.259799 200.000000 3.259799
 68.600000 -0.606823 0.794837 0.095509 -0.995429 -0.652058 3.045938 0.794837 -0.606823 -0.995429 0.095509 0.253544 101.417758 0.845190 5.381980 200.000000 5.381980 0.523558 209.423184 -0.534466 6.075168 200.000000 6.075168 0.002090 0.835912 -1.000000 33.532327 200.000000 33.532327 0.912192 364.876894 0.000000 3.259799 200.000000 3.259799
 68.800000 -0.654356 0.756187 -0.052055 -0.998644 -0.713330 -3.089514 0.756187 -0.654356 -0.998644 -0.052055 0.792159 316.863588 0.845190 5.381980 200.000000 5.381980 1.437362 574.944614 -0.534466 6.075168 200.000000 6.075168 0.000184 0.073526 -1.000000 33.532327 200.000000 33.532327 0.270974 108.389412 0.000000 3.259799 200.000000 3.259799
 69.000000 -0.572586 0.819845 0.064874 -0.997893 -0.609656 3.076673 0.819845 -0.572586 -0.997893 0.064874 0.064239 25.695412 0.845190 5.381980 200.000000 5.381980 0.145314 58.125467 -0.534466 6.075168 200.000000 6.075168 0.000444 0.177501 -1.000000 33.532327 200.000000 33.532327 0.420864 168.345754 0.000000 3.259799 200.000000 3.259799
 69.200000 -0.572158 0.820143 0.066645 -0.997777 -0.609135 3.074898 0.820143 -0.572158 -0.997777 0.066645 0.062734 25.093797 0.845190 5.381980 200.000000 5.381980 0.142072 56.828799 -0.534466 6.075168 200.000000 6.075168 0.000494 0.197712 -1.000000 33.532327 200.000000 33.532327 0.444153 177.661348 0.000000 3.259799 200.000000 3.259799
 69.400000 -0.666816 0.745222 0.048071 -0.998844 -0.729928 3.093503 0.745222 -0.666816 -0.998844 0.048071 0.999355 399.741886 0.845190 5.381980 200.000000 5.381980 1.751658 700.663246 -0.534466 6.075168 200.000000 6.075168 0.000134 0.053460 -1.000000 33.532327 200.000000 33.532327 0.231080 92.431851 0.000000 3.259799 200.000000 3.259799
 69.600000 -0.630130 0.776490 0.179711 -0.983719 -0.681720 2.960900 0.776490 -0.630130 -0.983719 0.179711 0.471973 188.789189 0.845190 5.381980 200.000000 5.381980 0.915160 366.064026 -0.534466 6.075168 200.000000 6.075168 0.026506 10.602332 -1.000000 33.532327 200.000000 33.532327 3.229616 1291.846554 0.000000 3.259799 200.000000 3.259799
 69.800000 -0.605191 0.796081 -0.034471 -0.999406 -0.650005 -3.107115 0.796081 -0.605191 -0.999406 -0.034471 0.241175 96.469801 0.845190 5.381980 200.000000 5.381980 0.500200 200.080082 -0.534466 6.075168 200.000000 6.075168 0.000035 0.014128 -1.000000 33.532327 200.000000 33.532327 0.118825 47.529829 0.000000 3.259799 200.000000 3.259799
 70.000000 -0.612840 0.790207 0.026382 -0.999652 -0.659649 3.115207 0.790207 -0.612840 -0.999652 0.026382 0.302313 120.925020 0.845190 5.381980 200.000000 5.381980 0.614249 245.699563 -0.534466 6.075168 200.000000 6.075168 0.000012 0.004846 -1.000000 33.532327 200.000000 33.532327 0.069602 27.840806 0.000000 3.259799 200.000000 3.259799
 70.200000 -0.598048 0.801460 0.162408 -0.986724 -0.641063 2.978462 0.801460 -0.598048 -0.986724 0.162408 0.191228 76.491310 0.845190 5.381980 200.000000 5.381980 0.404267 161.706729 -0.534466 6.075168 200.000000 6.075168 0.017626 7.050359 -1.000000 33.532327 200.000000 33.532327 2.637625 1055.050112 0.000000 3.259799 200.000000 3.259799
 70.400000 -0.648012 0.761631 -0.015678 -0.999877 -0.704971 -3.125914 0.761631 -0.648012 -0.999877 -0.015678 0.698220 279.287908 0.845190 5.381980 200.000000 5.381980 1.289262 515.704920 -0.534466 6.075168 200.000000 6.075168 0.000002 0.000604 -1.000000 33.532327 200.000000 33.532327 0.024580 9.831947 0.000000 3.259799 200.000000 3.259799
 70.600000 -0.580311 0.814395 0.125651 -0.992074 -0.619111 3.015608 0.814395 -0.580311 -0.992074 0.125651 0.094836 37.934437 0.845190 5.381980 200.000000 5.381980 0.210182 84.072944 -0.534466 6.075168 200.000000 6.075168 0.006281 2.512563 -1.000000 33.532327 200.000000 33.532327 1.578825 631.530135 0.000000 3.259799 200.000000 3.259799
 70.800000 -0.573642 0.819106 0.091033 -0.995848 -0.610946 3.050433 0.819106 -0.573642 -0.995848 0.091033 0.068039 27.215439 0.845190 5.381980 200.000000 5.381980 0.153480 61.392050 -0.534466 6.075168 200.000000 6.075168 0.001724 0.689613 -1.000000 33.532327 200.000000 33.532327 0.828706 331.482242 0.000000 3.259799 200.000000 3.259799
 71.000000 -0.654430 0.756123 0.004636 -0.999989 -0.713428 3.136957 0.756123 -0.654430 -0.999989 0.004636 0.793301 317.320549 0.845190 5.381980 200.000000 5.381980 1.439140 575.655836 -0.534466 6.075168 200.000000 6.075168 0.000000 0.000005 -1.000000 33.532327 200.000000 33.532327 0.002149 0.859558 0.000000 3.259799 200.000000 3.259799
 71.200000 -0.513430 0.858131 0.153366 -0.988169 -0.539177 2.987619 0.858131 -0.513430 -0.988169 0.153366 0.016747 6.698975 0.845190 5.381980 200.000000 5.381980 0.044249 17.699664 -0.534466 6.075168 200.000000 6.075168 0.013996 5.598449 -1.000000 33.532327 200.000000 33.532327 2.352108 940.843246 0.000000 3.259799 200.000000 3.259799
 71.400000 -0.605460 0.795876 -0.002093 -0.999998 -0.650344 -3.139500 0.795876 -0.605460 -0.999998 -0.002093 0.243190 97.275943 0.845190 5.381980 200.000000 5.381980 0.504016 201.606423 -0.534466 6.075168 200.000000 6.075168 0.000000 0.000000 -1.000000 33.532327 200.000000 33.532327 0.000438 0.175162 0.000000 3.259799 200.000000 3.259799
 71.600000 -0.664905 0.746928 -0.035271 -0.999378 -0.727367 -3.106314 0.746928 -0.664905 -0.999378 -0.035271 0.965554 386.221409 0.845190 5.381980 200.000000 5.381980 1.701450 680.580200 -0.534466 6.075168 200.000000 6.075168 0.000039 0.015486 -1.000000 33.532327 200.000000 33.532327 0.124404 49.761655 0.000000 3.259799 200.000000 3.259799
 71.800000 -0.591492 0.806311 0.076241 -0.997089 -0.632907 3.065278 0.806311 -0.591492 -0.997089 0.076241 0.151157 60.462795 0.845190 5.381980 200.000000 5.381980 0.325194 130.077480 -0.534466 6.075168 200.000000 6.075168 0.000847 0.338855 -1.000000 33.532327 200.000000 33.532327 0.581265 232.506083 0.000000 3.259799 200.000000 3.259799
 72.000000 -0.603614 0.797277 -0.107124 -0.994246 -0.648026 -3.034263 0.797277 -0.603614 -0.994246 -0.107124 0.229569 91.827727 0.845190 5.381980 200.000000 5.381980 0.478147 191.258860 -0.534466 6.075168 200.000000 6.075168 0.003311 1.324486 -1.000000 33.532327 200.000000 33.532327 1.147552 459.020856 0.000000 3.259799 200.000000 3.259799
 72.200000 -0.531320 0.847171 0.066931 -0.997758 -0.560158 3.074611 0.847171 -0.531320 -0.997758 0.066931 0.000393 0.157024 0.845190 5.381980 200.000000 5.381980 0.000990 0.395926 -0.534466 6.075168 200.000000 6.075168 0.000503 0.201138 -1.000000 33.532327 200.000000 33.532327 0.447981 179.192573 0.000000 3.259799 200.000000 3.259799
 72.400000 -0.588820 0.808264 0.012198 -0.999926 -0.629598 3.129395 0.808264 -0.588820 -0.999926 0.012198 0.136351 54.540480 0.845190 5.381980 200.000000 5.381980 0.295436 118.174284 -0.534466 6.075168 200.000000 6.075168 0.000001 0.000221 -1.000000 33.532327 200.000000 33.532327 0.014879 5.951501 0.000000 3.259799 200.000000 3.259799
 72.600000 -0.606119 0.795374 0.035649 -0.999364 -0.651172 3.105937 0.795374 -0.606119 -0.999364 0.035649 0.248163 99.265273 0.845190 5.381980 200.000000 5.381980 0.513415 205.366097 -0.534466 6.075168 200.000000 6.075168 0.000040 0.016160 -1.000000 33.532327 200.000000 33.532327 0.127082 50.832861 0.000000 3.259799 200.000000 3.259799
 72.800000 -0.564572 0.825384 0.042186 -0.999110 -0.599914 3.099394 0.825384 -0.564572 -0.999110 0.042186 0.039228 15.691052 0.845190 5.381980 200.000000 5.381980 0.090636 36.254229 -0.534466 6.075168 200.000000 6.075168 0.000079 0.031699 -1.000000 33.532327 200.000000 33.532327 0.177964 71.185604 0.000000 3.259799 200.000000 3.259799
 73.000000 -0.658020 0.753001 -0.015052 -0.999887 -0.718186 -3.126540 0.753001 -0.658020 -0.999887 -0.015052 0.849885 339.954003 0.845190 5.381980 200.000000 5.381980 1.526551 610.620534 -0.534466 6.075168 200.000000 6.075168 0.000001 0.000513 -1.000000 33.532327 200.000000 33.532327 0.022656 9.062533 0.000000 3.259799 200.000000 3.259799
 73.200000 -0.576408 0.817162 0.113775 -0.993507 -0.614326 3.027571 0.817162 -0.576408 -0.993507 0.113775 0.078558 31.423184 0.845190 5.381980 200.000000 5.381980 0.175916 70.366591 -0.534466 6.075168 200.000000 6.075168 0.004217 1.686604 -1.000000 33.532327 200.000000 33.532327 1.294477 517.790677 0.000000 3.259799 200.000000 3.259799
 73.400000 -0.622999 0.782223 0.098858 -0.995102 -0.672571 3.042573 0.782223 -0.622999 -0.995102 0.098858 0.396488 158.595018 0.845190 5.381980 200.000000 5.381980 0.783808 313.523167 -0.534466 6.075168 200.000000 6.075168 0.002400 0.959803 -1.000000 33.532327 200.000000 33.532327 0.977296 390.918335 0.000000 3.259799 200.000000 3.259799
 73.600000 -0.570568 0.821250 0.058801 -0.998270 -0.607197 3.082758 0.821250 -0.570568 -0.998270 0.058801 0.057311 22.924414 0.845190 5.381980 200.000000 5.381980 0.130337 52.134677 -0.534466 6.075168 200.000000 6.075168 0.000299 0.119751 -1.000000 33.532327 200.000000 33.532327 0.345751 138.300377 0.000000 3.259799 200.000000 3.259799
 73.800000 -0.674038 0.738696 0.124058 -0.992275 -0.739662 3.017214 0.738696 -0.674038 -0.992275 0.124058 1.134093 453.637132 0.845190 5.381980 200.000000 5.381980 1.948051 779.220344 -0.534466 6.075168 200.000000 6.075168 0.005968 2.387029 -1.000000 33.532327 200.000000 33.532327 1.539034 615.613526 0.000000 3.259799 200.000000 3.259799
 74.000000 -0.617216 0.786794 0.163988 -0.986462 -0.665200 2.976860 0.786794 -0.617216 -0.986462 0.163988 0.341014 136.405764 0.845190 5.381980 200.000000 5.381980 0.684761 273.904548 -0.534466 6.075168 200.000000 6.075168 0.018327 7.330797 -1.000000 33.532327 200.000000 33.532327 2.689217 1075.686958 0.000000 3.259799 200.000000 3.259799
 74.200000 -0.615646 0.788023 0.107271 -0.994230 -0.663205 3.034115 0.788023 -0.615646 -0.994230 0.107271 0.326807 130.722982 0.845190 5.381980 200.000000 5.381980 0.659019 263.607448 -0.534466 6.075168 200.000000 6.075168 0.003329 1.331796 -1.000000 33.532327 200.000000 33.532327 1.150705 460.281983 0.000000 3.259799 200.000000 3.259799
 74.400000 -0.592404 0.805641 0.162268 -0.986747 -0.634039 2.978604 0.805641 -0.592404 -0.986747 0.162268 0.156411 62.564313 0.845190 5.381980 200.000000 5.381980 0.335680 134.271812 -0.534466 6.075168 200.000000 6.075168 0.017565 7.025968 -1.000000 33.532327 200.000000 33.532327 2.633089 1053.235716 0.000000 3.259799 200.000000 3.259799
 74.600000 -0.572914 0.819615 0.147094 -0.989122 -0.610057 2.993963 0.819615 -0.572914 -0.989122 0.147094 0.065407 26.162853 0.845190 5.381980 200.000000 5.381980 0.147829 59.131456 -0.534466 6.075168 200.000000 6.075168 0.011832 4.732824 -1.000000 33.532327 200.000000 33.532327 2.163674 865.469400 0.000000 3.259799 200.000000 3.259799
 74.800000 -0.569077 0.822284 0.179118 -0.983828 -0.605382 2.961502 0.822284 -0.569077 -0.983828 0.179118 0.052467 20.986643 0.845190 5.381980 200.000000 5.381980 0.119791 47.916306 -0.534466 6.075168 200.000000 6.075168 0.026155 10.461976 -1.000000 33.532327 200.000000 33.532327 3.208343 1283.337114 0.000000 3.259799 200.000000 3.259799
 75.000000 -0.684613 0.728907 0.052572 -0.998617 -0.754072 3.088996 0.728907 -0.684613 -0.998617 0.052572 1.352178 540.871358 0.845190 5.381980 200.000000 5.381980 2.254413 901.765206 -0.534466 6.075168 200.000000 6.075168 0.000191 0.076495 -1.000000 33.532327 200.000000 33.532327 0.276385 110.554086 0.000000 3.259799 200.000000 3.259799
 75.200000 -0.576846 0.816853 0.018077 -0.999837 -0.614863 3.123515 0.816853 -0.576846 -0.999837 0.018077 0.080301 32.120482 0.845190 5.381980 200.000000 5.381980 0.179612 71.844613 -0.534466 6.075168 200.000000 6.075168 0.000003 0.001068 -1.000000 33.532327 200.000000 33.532327 0.032676 13.070591 0.000000 3.259799 200.000000 3.259799
 75.400000 -0.656422 0.754394 0.114117 -0.993467 -0.716066 3.027227 0.754394 -0.656422 -0.993467 0.114117 0.824393 329.757086 0.845190 5.381980 200.000000 5.381980 1.487328 594.931100 -0.534466 6.075168 200.000000 6.075168 0.004268 1.707032 -1.000000 33.532327 200.000000 33.532327 1.302267 520.906666 0.000000 3.259799 200.000000 3.259799
 75.600000 -0.549711 0.835355 0.119669 -0.992814 -0.582018 3.021636 0.835355 -0.549711 -0.992814 0.119669 0.009673 3.869157 0.845190 5.381980 200.000000 5.381980 0.023241 9.296438 -0.534466 6.075168 200.000000 6.075168 0.005164 2.065642 -1.000000 33.532327 200.000000 33.532327 1.432070 572.827961 0.000000 3.259799 200.000000 3.259799
 75.800000 -0.612002 0.790856 0.089157 -0.996018 -0.658590 3.052317 0.790856 -0.612002 -0.996018 0.089157 0.295220 118.087889 0.845190 5.381980 200.000000 5.381980 0.601191 240.476371 -0.534466 6.075168 200.000000 6.075168 0.001586 0.634392 -1.000000 33.532327 200.000000 33.532327 0.794902 317.960642 0.000000 3.259799 200.000000 3.259799
 76.000000 -0.635843 0.771818 0.010819 -0.999941 -0.689101 3.130773 0.771818 -0.635843 -0.999941 0.010819 0.538342 215.336969 0.845190 5.381980 200.000000 5.381980 1.027737 411.094831 -0.534466 6.075168 200.000000 6.075168 0.000000 0.000137 -1.000000 33.532327 200.000000 33.532327 0.011705 4.682199 0.000000 3.259799 200.000000 3.259799
 76.200000 -0.614162 0.789180 0.017103 -0.999854 -0.661323 3.124489 0.789180 -0.614162 -0.999854 0.017103 0.313710 125.484031 0.845190 5.381980 200.000000 5.381980 0.635142 254.056911 -0.534466 6.075168 200.000000 6.075168 0.000002 0.000856 -1.000000 33.532327 200.000000 33.532327 0.029250 11.699914 0.000000 3.259799 200.000000 3.259799
 76.400000 -0.568066 0.822983 0.031796 -0.999494 -0.604154 3.109792 0.822983 -0.568066 -0.999494 0.031796 0.049316 19.726244 0.845190 5.381980 200.000000 5.381980 0.112897 45.158999 -0.534466 6.075168 200.000000 6.075168 0.000026 0.010226 -1.000000 33.532327 200.000000 33.532327 0.101096 40.438340 0.000000 3.259799 200.000000 3.259799
 76.600000 -0.537803 0.843070 0.092039 -0.995755 -0.567830 3.049423 0.843070 -0.537803 -0.995755 0.092039 0.000449 0.179750 0.845190 5.381980 200.000000 5.381980 0.001114 0.445596 -0.534466 6.075168 200.000000 6.075168 0.001802 0.720673 -1.000000 33.532327 200.000000 33.532327 0.847123 338.849287 0.000000 3.259799 200.000000 3.259799
 76.800000 -0.639271 0.768982 0.038713 -0.999250 -0.693550 3.102870 0.768982 -0.639271 -0.999250 0.038713 0.580771 232.308280 0.845190 5.381980 200.000000 5.381980 1.098406 439.362502 -0.534466 6.075168 200.000000 6.075168 0.000056 0.022478 -1.000000 33.532327 200.000000 33.532327 0.149869 59.947649 0.000000 3.259799 200.000000 3.259799
 77.000000 -0.620237 0.784415 -0.022909 -0.999738 -0.669044 -3.118681 0.784415 -0.620237 -0.999738 -0.022909 0.369364 147.745491 0.845190 5.381980 200.000000 5.381980 0.735663 294.265062 -0.534466 6.075168 200.000000 6.075168 0.000007 0.002755 -1.000000 33.532327 200.000000 33.532327 0.052484 20.993673 0.000000 3.259799 200.000000 3.259799
 77.200000 -0.629195 0.777247 0.084434 -0.996429 -0.680518 3.057058 0.777247 -0.629195 -0.996429 0.084434 0.461624 184.649655 0.845190 5.381980 200.000000 5.381980 0.897369 358.947709 -0.534466 6.075168 200.000000 6.075168 0.001275 0.510072 -1.000000 33.532327 200.000000 33.532327 0.712918 285.167109 0.000000 3.259799 200.000000 3.259799
 77.400000 -0.680235 0.732994 0.172024 -0.985093 -0.748083 2.968709 0.732994 -0.680235 -0.985093 0.172024 1.258787 503.514621 0.845190 5.381980 200.000000 5.381980 2.124855 849.941907 -0.534466 6.075168 200.000000 6.075168 0.022223 8.889043 -1.000000 33.532327 200.000000 33.532327 2.959227 1183.690850 0.000000 3.259799 200.000000 3.259799
 77.600000 -0.581987 0.813198 0.036378 -0.999338 -0.621170 3.105207 0.813198 -0.581987 -0.999338 0.036378 0.102350 40.939829 0.845190 5.381980 200.000000 5.381980 0.225828 90.331133 -0.534466 6.075168 200.000000 6.075168 0.000044 0.017524 -1.000000 33.532327 200.000000 33.532327 0.132334 52.933460 0.000000 3.259799 200.000000 3.259799
 77.800000 -0.639749 0.768584 0.012514 -0.999922 -0.694172 3.129078 0.768584 -0.639749 -0.999922 0.012514 0.586851 234.740406 0.845190 5.381980 200.000000 5.381980 1.108455 443.382070 -0.534466 6.075168 200.000000 6.075168 0.000001 0.000245 -1.000000 33.532327 200.000000 33.532327 0.015661 6.264443 0.000000 3.259799 200.000000 3.259799
 78.000000 -0.541925 0.840427 0.101908 -0.994794 -0.572726 3.039507 0.840427 -0.541925 -0.994794 0.101908 0.002269 0.907636 0.845190 5.381980 200.000000 5.381980 0.005565 2.225815 -0.534466 6.075168 200.000000 6.075168 0.002710 1.084182 -1.000000 33.532327 200.000000 33.532327 1.038530 415.412025 0.000000 3.259799 200.000000 3.259799
 78.200000 -0.589373 0.807861 0.045601 -0.998960 -0.630283 3.095975 0.807861 -0.589373 -0.998960 0.045601 0.139348 55.739065 0.845190 5.381980 200.000000 5.381980 0.301484 120.593467 -0.534466 6.075168 200.000000 6.075168 0.000108 0.043288 -1.000000 33.532327 200.000000 33.532327 0.207950 83.179812 0.000000 3.259799 200.000000 3.259799
 78.400000 -0.593074 0.805148 -0.024401 -0.999702 -0.634871 -3.117189 0.805148 -0.593074 -0.999702 -0.024401 0.160336 64.134528 0.845190 5.381980 200.000000 5.381980 0.343490 137.396008 -0.534466 6.075168 200.000000 6.075168 0.000009 0.003546 -1.000000 33.532327 200.000000 33.532327 0.059543 23.817267 0.000000 3.259799 200.000000 3.259799
 78.600000 -0.638243 0.769835 0.154184 -0.988042 -0.692214 2.986791 0.769835 -0.638243 -0.988042 0.154184 0.567839 227.135414 0.845190 5.381980 200.000000 5.381980 1.076969 430.787483 -0.534466 6.075168 200.000000 6.075168 0.014299 5.719646 -1.000000 33.532327 200.000000 33.532327 2.377279 950.911602 0.000000 3.259799 200.000000 3.259799
 78.800000 -0.599675 0.800244 0.012579 -0.999921 -0.643094 3.129013 0.800244 -0.599675 -0.999921 0.012579 0.202015 80.806046 0.845190 5.381980 200.000000 5.381980 0.425218 170.087038 -0.534466 6.075168 200.000000 6.075168 0.000001 0.000250 -1.000000 33.532327 200.000000 33.532327 0.015824 6.329744 0.000000 3.259799 200.000000 3.259799
 79.000000 -0.611633 0.791141 -0.010726 -0.999942 -0.658123 -3.130867 0.791141 -0.611633 -0.999942 -0.010726 0.292125 116.850088 0.845190 5.381980 200.000000 5.381980 0.595480 238.192112 -0.534466 6.075168 200.000000 6.075168 0.000000 0.000132 -1.000000 33.532327 200.000000 33.532327 0.011504 4.601534 0.000000 3.259799 200.000000 3.259799
 79.200000 -0.617424 0.786631 0.089946 -0.995947 -0.665464 3.051525 0.786631 -0.617424 -0.995947 0.089946 0.342921 137.168353 0.845190 5.381980 200.000000 5.381980 0.688204 275.281498 -0.534466 6.075168 200.000000 6.075168 0.001643 0.657195 -1.000000 33.532327 200.000000 33.532327 0.809033 323.613108 0.000000 3.259799 200.000000 3.259799
 79.400000 -0.657414 0.753529 -0.005350 -0.999986 -0.717382 -3.136242 0.753529 -0.657414 -0.999986 -0.005350 0.840173 336.069099 0.845190 5.381980 200.000000 5.381980 1.511638 604.655044 -0.534466 6.075168 200.000000 6.075168 0.000000 0.000008 -1.000000 33.532327 200.000000 33.532327 0.002863 1.145024 0.000000 3.259799 200.000000 3.259799
 79.600000 -0.576419 0.817154 0.061192 -0.998126 -0.614339 3.080363 0.817154 -0.576419 -0.998126 0.061192 0.078600 31.439937 0.845190 5.381980 200.000000 5.381980 0.176005 70.402132 -0.534466 6.075168 200.000000 6.075168 0.000351 0.140470 -1.000000 33.532327 200.000000 33.532327 0.374442 149.776617 0.000000 3.259799 200.000000 3.259799
 79.800000 -0.680613 0.732643 0.103547 -0.994625 -0.748599 3.037860 0.732643 -0.680613 -0.994625 0.103547 1.266679 506.671564 0.845190 5.381980 200.000000 5.381980 2.135895 854.358185 -0.534466 6.075168 200.000000 6.075168 0.002890 1.155812 -1.000000 33.532327 200.000000 33.532327 1.072198 428.879024 0.000000 3.259799 200.000000 3.259799
 80.000000 -0.580634 0.814165 0.056832 -0.998384 -0.619507 3.084730 0.814165 -0.580634 -0.998384 0.056832 0.096256 38.502250 0.845190 5.381980 200.000000 5.381980 0.213146 85.258482 -0.534466 6.075168 200.000000 6.075168 0.000261 0.104492 -1.000000 33.532327 200.000000 33.532327 0.322990 129.196116 0.000000 3.259799 200.000000 3.259799
 80.200000 -0.616348 0.787474 0.099628 -0.995025 -0.664096 3.041799 0.787474 -0.616348 -0.995025 0.099628 0.333114 133.245732 0.845190 5.381980 200.000000 5.381980 0.670466 268.186542 -0.534466 6.075168 200.000000 6.075168 0.002475 0.990107 -1.000000 33.532327 200.000000 33.532327 0.992566 397.026366 0.000000 3.259799 200.000000 3.259799
 80.400000 -0.628401 0.777890 0.197877 -0.980227 -0.679496 2.942401 0.777890 -0.628401 -0.980227 0.197877 0.452935 181.174105 0.845190 5.381980 200.000000 5.381980 0.882381 352.952208 -0.534466 6.075168 200.000000 6.075168 0.039098 15.639046 -1.000000 33.532327 200.000000 33.532327 3.915526 1566.210326 0.000000 3.259799 200.000000 3.259799
 80.600000 -0.638630 0.769514 0.082773 -0.996568 -0.692716 3.058724 0.769514 -0.638630 -0.996568 0.082773 0.572683 229.073047 0.845190 5.381980 200.000000 5.381980 1.085009 434.003626 -0.534466 6.075168 200.000000 6.075168 0.001178 0.471036 -1.000000 33.532327 200.000000 33.532327 0.685143 274.057167 0.000000 3.259799 200.000000 3.259799
 80.800000 -0.675756 0.737125 0.060853 -0.998147 -0.741990 3.080702 0.737125 -0.675756 -0.998147 0.060853 1.167803 467.121233 0.845190 5.381980 200.000000 5.381980 1.996299 798.519417 -0.534466 6.075168 200.000000 6.075168 0.000343 0.137386 -1.000000 33.532327 200.000000 33.532327 0.370312 148.124964 0.000000 3.259799 200.000000 3.259799
 81.000000 -0.573865 0.818950 0.161732 -0.986835 -0.611218 2.979147 0.818950 -0.573865 -0.986835 0.161732 0.068856 27.542507 0.845190 5.381980 200.000000 5.381980 0.155233 62.093173 -0.534466 6.075168 200.000000 6.075168 0.017333 6.933037 -1.000000 33.532327 200.000000 33.532327 2.615734 1046.293410 0.000000 3.259799 200.000000 3.259799
 81.200000 -0.640035 0.768345 0.101605 -0.994825 -0.694544 3.039812 0.768345 -0.640035 -0.994825 0.101605 0.590511 236.204592 0.845190 5.381980 200.000000 5.381980 1.114496 445.798216 -0.534466 6.075168 200.000000 6.075168 0.002678 1.071282 -1.000000 33.532327 200.000000 33.532327 1.032350 412.939803 0.000000 3.259799 200.000000 3.259799
 81.400000 -0.574152 0.818749 0.137627 -0.990484 -0.611568 3.003527 0.818749 -0.574152 -0.990484 0.137627 0.069915 27.966158 0.845190 5.381980 200.000000 5.381980 0.157501 63.000433 -0.534466 6.075168 200.000000 6.075168 0.009055 3.622077 -1.000000 33.532327 200.000000 33.532327 1.894120 757.648102 0.000000 3.259799 200.000000 3.259799
 81.600000 -0.539824 0.841778 0.121607 -0.992578 -0.570228 3.019684 0.841778 -0.539824 -0.992578 0.121607 0.001164 0.465671 0.845190 5.381980 200.000000 5.381980 0.002871 1.148285 -0.534466 6.075168 200.000000 6.075168 0.005508 2.203235 -1.000000 33.532327 200.000000 33.532327 1.478822 591.528713 0.000000 3.259799 200.000000 3.259799
 81.800000 -0.616450 0.787394 0.093211 -0.995646 -0.664226 3.048246 0.787394 -0.616450 -0.995646 0.093211 0.334039 133.615636 0.845190 5.381980 200.000000 5.381980 0.672142 268.856896 -0.534466 6.075168 200.000000 6.075168 0.001895 0.758161 -1.000000 33.532327 200.000000 33.532327 0.868829 347.531710 0.000000 3.259799 200.000000 3.259799
 82.000000 -0.645384 0.763859 0.050309 -0.998734 -0.701525 3.091263 0.763859 -0.645384 -0.998734 0.050309 0.661480 264.591951 0.845190 5.381980 200.000000 5.381980 1.230274 492.109674 -0.534466 6.075168 200.000000 6.075168 0.000160 0.064139 -1.000000 33.532327 200.000000 33.532327 0.253096 101.238591 0.000000 3.259799 200.000000 3.259799
 82.200000 -0.686571 0.727063 0.063075 -0.998009 -0.756762 3.078476 0.727063 -0.686571 -0.998009 0.063075 1.395402 558.160616 0.845190 5.381980 200.000000 5.381980 2.313592 925.436694 -0.534466 6.075168 200.000000 6.075168 0.000396 0.158593 -1.000000 33.532327 200.000000 33.532327 0.397841 159.136462 0.000000 3.259799 200.000000 3.259799
 82.400000 -0.619083 0.785326 0.053123 -0.998588 -0.667574 3.088444 0.785326 -0.619083 -0.998588 0.053123 0.358376 143.350448 0.845190 5.381980 200.000000 5.381980 0.716007 286.402650 -0.534466 6.075168 200.000000 6.075168 0.000199 0.079754 -1.000000 33.532327 200.000000 33.532327 0.282207 112.882913 0.000000 3.259799 200.000000 3.259799
 82.600000 -0.530559 0.847648 0.032836 -0.999461 -0.559259 3.108750 0.847648 -0.530559 -0.999461 0.032836 0.000604 0.241706 0.845190 5.381980 200.000000 5.381980 0.001527 0.610660 -0.534466 6.075168 200.000000 6.075168 0.000029 0.011632 -1.000000 33.532327 200.000000 33.532327 0.107823 43.129088 0.000000 3.259799 200.000000 3.259799
 82.800000 -0.619503 0.784994 0.101539 -0.994832 -0.668109 3.039878 0.784994 -0.619503 -0.994832 0.101539 0.362353 144.941192 0.845190 5.381980 200.000000 5.381980 0.723131 289.252539 -0.534466 6.075168 200.000000 6.075168 0.002671 1.068515 -1.000000 33.532327 200.000000 33.532327 1.031019 412.407489 0.000000 3.259799 200.000000 3.259799
 83.000000 -0.605902 0.795539 0.106082 -0.994357 -0.650900 3.035311 0.795539 -0.605902 -0.994357 0.106082 0.246522 98.608791 0.845190 5.381980 200.000000 5.381980 0.510316 204.126479 -0.534466 6.075168 200.000000 6.075168 0.003184 1.273563 -1.000000 33.532327 200.000000 33.532327 1.125339 450.135410 0.000000 3.259799 200.000000 3.259799
 83.200000 -0.638364 0.769735 0.039894 -0.999204 -0.692371 3.101688 0.769735 -0.638364 -0.999204 0.039894 0.569348 227.739273 0.845190 5.381980 200.000000 5.381980 1.079476 431.790322 -0.534466 6.075168 200.000000 6.075168 0.000063 0.025349 -1.000000 33.532327 200.000000 33.532327 0.159151 63.660238 0.000000 3.259799 200.000000 3.259799
 83.400000 -0.597904 0.801568 0.027482 -0.999622 -0.640884 3.114108 0.801568 -0.597904 -0.999622 0.027482 0.190291 76.116559 0.845190 5.381980 200.000000 5.381980 0.402441 160.976313 -0.534466 6.075168 200.000000 6.075168 0.000014 0.005706 -1.000000 33.532327 200.000000 33.532327 0.075523 30.209357 0.000000 3.259799 200.000000 3.259799
 83.600000 -0.629008 0.777399 0.020846 -0.999783 -0.680277 3.120745 0.777399 -0.629008 -0.999783 0.020846 0.459570 183.827872 0.845190 5.381980 200.000000 5.381980 0.893830 357.531804 -0.534466 6.075168 200.000000 6.075168 0.000005 0.001889 -1.000000 33.532327 200.000000 33.532327 0.043455 17.381962 0.000000 3.259799 200.000000 3.259799
 83.800000 -0.638194 0.769876 0.023708 -0.999719 -0.692150 3.117883 0.769876 -0.638194 -0.999719 0.023708 0.567224 226.889472 0.845190 5.381980 200.000000 5.381980 1.075947 430.378904 -0.534466 6.075168 200.000000 6.075168 0.000008 0.003160 -1.000000 33.532327 200.000000 33.532327 0.056206 22.482302 0.000000 3.259799 200.000000 3.259799
 84.000000 -0.605716 0.795681 0.063781 -0.997964 -0.650665 3.077769 0.795681 -0.605716 -0.997964 0.063781 0.245114 98.045627 0.845190 5.381980 200.000000 5.381980 0.507656 203.062225 -0.534466 6.075168 200.000000 6.075168 0.000415 0.165823 -1.000000 33.532327 200.000000 33.532327 0.406799 162.719716 0.000000 3.259799 200.000000 3.259799
 84.200000 -0.664144 0.747604 0.033891 -0.999426 -0.726349 3.107695 0.747604 -0.664144 -0.999426 0.033891 0.952298 380.919092 0.845190 5.381980 200.000000 5.381980 1.681653 672.661015 -0.534466 6.075168 200.000000 6.075168 0.000033 0.013200 -1.000000 33.532327 200.000000 33.532327 0.114859 45.943781 0.000000 3.259799 200.000000 3.259799
 84.400000 -0.613826 0.789441 0.083106 -0.996541 -0.660898 3.058390 0.789441 -0.613826 -0.996541 0.083106 0.310795 124.317822 0.845190 5.381980 200.000000 5.381980 0.629808 251.923231 -0.534466 6.075168 200.000000 6.075168 0.001197 0.478676 -1.000000 33.532327 200.000000 33.532327 0.690668 276.267021 0.000000 3.259799 200.000000 3.259799
 84.600000 -0.558708 0.829365 0.090448 -0.995901 -0.592827 3.051021 0.829365 -0.558708 -0.995901 0.090448 0.025045 10.017808 0.845190 5.381980 200.000000 5.381980 0.058767 23.506780 -0.534466 6.075168 200.000000 6.075168 0.001680 0.672014 -1.000000 33.532327 200.000000 33.532327 0.818084 327.233711 0.000000 3.259799 200.000000 3.259799
 84.800000 -0.649205 0.760613 0.126036 -0.992026 -0.706539 3.015221 0.760613 -0.649205 -0.992026 0.126036 0.715327 286.130727 0.845190 5.381980 200.000000 5.381980 1.316518 526.607329 -0.534466 6.075168 200.000000 6.075168 0.006359 2.543578 -1.000000 33.532327 200.000000 33.532327 1.588501 635.400425 0.000000 3.259799 200.000000 3.259799
 85.000000 -0.558375 0.829589 0.051000 -0.998699 -0.592425 3.090570 0.829589 -0.558375 -0.998699 0.051000 0.024340 9.735857 0.845190 5.381980 200.000000 5.381980 0.057163 22.865234 -0.534466 6.075168 200.000000 6.075168 0.000169 0.067742 -1.000000 33.532327 200.000000 33.532327 0.260103 104.041117 0.000000 3.259799 200.000000 3.259799
 85.200000 -0.621862 0.783127 -0.003748 -0.999993 -0.671118 -3.137844 0.783127 -0.621862 -0.999993 -0.003748 0.385188 154.075025 0.845190 5.381980 200.000000 5.381980 0.763814 305.525748 -0.534466 6.075168 200.000000 6.075168 0.000000 0.000002 -1.000000 33.532327 200.000000 33.532327 0.001405 0.562049 0.000000 3.259799 200.000000 3.259799
 85.400000 -0.648886 0.760886 0.116276 -0.993217 -0.706120 3.025053 0.760886 -0.648886 -0.993217 0.116276 0.710726 284.290231 0.845190 5.381980 200.000000 5.381980 1.309200 523.680094 -0.534466 6.075168 200.000000 6.075168 0.004601 1.840396 -1.000000 33.532327 200.000000 33.532327 1.352011 540.804333 0.000000 3.259799 200.000000 3.259799
 85.600000 -0.573107 0.819480 0.056185 -0.998420 -0.610293 3.085378 0.819480 -0.573107 -0.998420 0.056185 0.066099 26.439615 0.845190 5.381980 200.000000 5.381980 0.149316 59.726471 -0.534466 6.075168 200.000000 6.075168 0.000250 0.099807 -1.000000 33.532327 200.000000 33.532327 0.315673 126.269372 0.000000 3.259799 200.000000 3.259799
 85.800000 -0.643417 0.765516 -0.049098 -0.998794 -0.698953 -3.092475 0.765516 -0.643417 -0.998794 -0.049098 0.634795 253.917992 0.845190 5.381980 200.000000 5.381980 1.187031 474.812439 -0.534466 6.075168 200.000000 6.075168 0.000145 0.058180 -1.000000 33.532327 200.000000 33.532327 0.241061 96.424277 0.000000 3.259799 200.000000 3.259799
 86.000000 -0.602461 0.798149 0.023708 -0.999719 -0.646580 3.117882 0.798149 -0.602461 -0.999719 0.023708 0.221290 88.516020 0.845190 5.381980 200.000000 5.381980 0.462329 184.931675 -0.534466 6.075168 200.000000 6.075168 0.000008 0.003160 -1.000000 33.532327 200.000000 33.532327 0.056208 22.483092 0.000000 3.259799 200.000000 3.259799
 86.200000 -0.491938 0.870630 0.078396 -0.996922 -0.514314 3.063116 0.870630 -0.491938 -0.996922 0.078396 0.064720 25.887992 0.845190 5.381980 200.000000 5.381980 0.180861 72.344480 -0.534466 6.075168 200.000000 6.075168 0.000947 0.378890 -1.000000 33.532327 200.000000 33.532327 0.614594 245.837422 0.000000 3.259799 200.000000 3.259799
 86.400000 -0.633608 0.773654 0.056248 -0.998417 -0.686208 3.085315 0.773654 -0.633608 -0.998417 0.056248 0.511734 204.693653 0.845190 5.381980 200.000000 5.381980 0.982911 393.164518 -0.534466 6.075168 200.000000 6.075168 0.000251 0.100257 -1.000000 33.532327 200.000000 33.532327 0.316383 126.553086 0.000000 3.259799 200.000000 3.259799
 86.600000 -0.531765 0.846892 0.103807 -0.994597 -0.560683 3.037598 0.846892 -0.531765 -0.994597 0.103807 0.000290 0.115862 0.845190 5.381980 200.000000 5.381980 0.000729 0.291797 -0.534466 6.075168 200.000000 6.075168 0.002919 1.167492 -1.000000 33.532327 200.000000 33.532327 1.077587 431.034758 0.000000 3.259799 200.000000 3.259799
 86.800000 -0.581747 0.813370 0.020357 -0.999793 -0.620875 3.121234 0.813370 -0.581747 -0.999793 0.020357 0.101252 40.500909 0.845190 5.381980 200.000000 5.381980 0.223549 89.419712 -0.534466 6.075168 200.000000 6.075168 0.000004 0.001718 -1.000000 33.532327 200.000000 33.532327 0.041442 16.576921 0.000000 3.259799 200.000000 3.259799
 87.000000 -0.596684 0.802477 -0.018466 -0.999829 -0.639362 -3.123126 0.802477 -0.596684 -0.999829 -0.018466 0.182445 72.977963 0.845190 5.381980 200.000000 5.381980 0.387106 154.842571 -0.534466 6.075168 200.000000 6.075168 0.000003 0.001163 -1.000000 33.532327 200.000000 33.532327 0.034099 13.639568 0.000000 3.259799 200.000000 3.259799
 87.200000 -0.589309 0.807908 0.065536 -0.997850 -0.630203 3.076009 0.807908 -0.589309 -0.997850 0.065536 0.138998 55.599035 0.845190 5.381980 200.000000 5.381980 0.300778 120.311106 -0.534466 6.075168 200.000000 6.075168 0.000462 0.184866 -1.000000 33.532327 200.000000 33.532327 0.429499 171.799510 0.000000 3.259799 200.000000 3.259799
 87.400000 -0.623202 0.782061 0.037658 -0.999291 -0.672831 3.103926 0.782061 -0.623202 -0.999291 0.037658 0.398530 159.412185 0.845190 5.381980 200.000000 5.381980 0.787413 314.965178 -0.534466 6.075168 200.000000 6.075168 0.000050 0.020125 -1.000000 33.532327 200.000000 33.532327 0.141812 56.724992 0.000000 3.259799 200.000000 3.259799
 87.600000 -0.532773 0.846258 0.042909 -0.999079 -0.561874 3.098670 0.846258 -0.532773 -0.999079 0.042909 0.000114 0.045632 0.845190 5.381980 200.000000 5.381980 0.000287 0.114622 -0.534466 6.075168 200.000000 6.075168 0.000085 0.033931 -1.000000 33.532327 200.000000 33.532327 0.184120 73.647987 0.000000 3.259799 200.000000 3.259799
 87.800000 -0.589374 0.807860 0.014473 -0.999895 -0.630284 3.127120 0.807860 -0.589374 -0.999895 0.014473 0.139352 55.740684 0.845190 5.381980 200.000000 5.381980 0.301492 120.596731 -0.534466 6.075168 200.000000 6.075168 0.000001 0.000439 -1.000000 33.532327 200.000000 33.532327 0.020946 8.378218 0.000000 3.259799 200.000000 3.259799
 88.000000 -0.542574 0.840008 0.115831 -0.993269 -0.573498 3.025501 0.840008 -0.542574 -0.993269 0.115831 0.002685 1.074147 0.845190 5.381980 200.000000 5.381980 0.006574 2.629674 -0.534466 6.075168 200.000000 6.075168 0.004531 1.812274 -1.000000 33.532327 200.000000 33.532327 1.341677 536.670623 0.000000 3.259799 200.000000 3.259799
 88.200000 -0.615271 0.788316 0.001026 -0.999999 -0.662729 3.140567 0.788316 -0.615271 -0.999999 0.001026 0.323468 129.387113 0.845190 5.381980 200.000000 5.381980 0.652944 261.177499 -0.534466 6.075168 200.000000 6.075168 0.000000 0.000000 -1.000000 33.532327 200.000000 33.532327 0.000105 0.042089 0.000000 3.259799 200.000000 3.259799
 88.400000 -0.579230 0.815164 0.053283 -0.998579 -0.617784 3.088285 0.815164 -0.579230 -0.998579 0.053283 0.090155 36.062189 0.845190 5.381980 200.000000 5.381980 0.200383 80.153125 -0.534466 6.075168 200.000000 6.075168 0.000202 0.080716 -1.000000 33.532327 200.000000 33.532327 0.283904 113.561455 0.000000 3.259799 200.000000 3.259799
 88.600000 -0.630714 0.776015 0.112353 -0.993668 -0.682473 3.029002 0.776015 -0.630714 -0.993668 0.112353 0.478517 191.406695 0.845190 5.381980 200.000000 5.381980 0.926376 370.550200 -0.534466 6.075168 200.000000 6.075168 0.004009 1.603590 -1.000000 33.532327 200.000000 33.532327 1.262321 504.928224 0.000000 3.259799 200.000000 3.259799
 88.800000 -0.626827 0.779158 0.020135 -0.999797 -0.677474 3.121456 0.779158 -0.626827 -0.999797 0.020135 0.436018 174.407239 0.845190 5.381980 200.000000 5.381980 0.853060 341.223871 -0.534466 6.075168 200.000000 6.075168 0.000004 0.001644 -1.000000 33.532327 200.000000 33.532327 0.040542 16.216658 0.000000 3.259799 200.000000 3.259799
 89.000000 -0.710749 0.703446 -0.035627 -0.999365 -0.790562 -3.105958 0.703446 -0.710749 -0.999365 -0.035627 2.009142 803.656948 0.845190 5.381980 200.000000 5.381980 3.107570 1243.028036 -0.534466 6.075168 200.000000 6.075168 0.000040 0.016122 -1.000000 33.532327 200.000000 33.532327 0.126931 50.772451 0.000000 3.259799 200.000000 3.259799
 89.200000 -0.565753 0.824574 0.113702 -0.993515 -0.601347 3.027644 0.824574 -0.565753 -0.993515 0.113702 0.042500 17.000115 0.845190 5.381980 200.000000 5.381980 0.097891 39.156500 -0.534466 6.075168 200.000000 6.075168 0.004206 1.682251 -1.000000 33.532327 200.000000 33.532327 1.292811 517.124255 0.000000 3.259799 200.000000 3.259799
 89.400000 -0.655700 0.755022 0.081681 -0.996659 -0.715109 3.059821 0.755022 -0.655700 -0.996659 0.081681 0.813030 325.211827 0.845190 5.381980 200.000000 5.381980 1.469761 587.904487 -0.534466 6.075168 200.000000 6.075168 0.001117 0.446608 -1.000000 33.532327 200.000000 33.532327 0.667171 266.868421 0.000000 3.259799 200.000000 3.259799
 89.600000 -0.570187 0.821515 0.095955 -0.995386 -0.606733 3.045489 0.821515 -0.570187 -0.995386 0.095955 0.056050 22.419976 0.845190 5.381980 200.000000 5.381980 0.127597 51.038920 -0.534466 6.075168 200.000000 6.075168 0.002129 0.851695 -1.000000 33.532327 200.000000 33.532327 0.920744 368.297572 0.000000 3.259799 200.000000 3.259799
 89.800000 -0.545720 0.837967 0.054920 -0.998491 -0.577249 3.086645 0.837967 -0.545720 -0.998491 0.054920 0.005217 2.086732 0.845190 5.381980 200.000000 5.381980 0.012667 5.066627 -0.534466 6.075168 200.000000 6.075168 0.000228 0.091114 -1.000000 33.532327 200.000000 33.532327 0.301623 120.649051 0.000000 3.259799 200.000000 3.259799
 90.000000 -0.635544 0.772065 -0.045601 -0.998960 -0.688712 -3.095976 0.772065 -0.635544 -0.998960 -0.045601 0.534728 213.891051 0.845190 5.381980 200.000000 5.381980 1.021671 408.668329 -0.534466 6.075168 200.000000 6.075168 0.000108 0.043285 -1.000000 33.532327 200.000000 33.532327 0.207942 83.176933 0.000000 3.259799 200.000000 3.259799
 90.200000 -0.595185 0.803589 0.056734 -0.998389 -0.637496 3.084829 0.803589 -0.595185 -0.998389 0.056734 0.173066 69.226519 0.845190 5.381980 200.000000 5.381980 0.368680 147.471823 -0.534466 6.075168 200.000000 6.075168 0.000259 0.103767 -1.000000 33.532327 200.000000 33.532327 0.321869 128.747737 0.000000 3.259799 200.000000 3.259799
 90.400000 -0.674753 0.738043 0.031134 -0.999515 -0.740630 3.110454 0.738043 -0.674753 -0.999515 0.031134 1.148043 459.217149 0.845190 5.381980 200.000000 5.381980 1.968058 787.223325 -0.534466 6.075168 200.000000 6.075168 0.000024 0.009400 -1.000000 33.532327 200.000000 33.532327 0.096930 38.772124 0.000000 3.259799 200.000000 3.259799
 90.600000 -0.628068 0.778159 0.015038 -0.999887 -0.679068 3.126555 0.778159 -0.628068 -0.999887 0.015038 0.449321 179.728346 0.845190 5.381980 200.000000 5.381980 0.876131 350.452581 -0.534466 6.075168 200.000000 6.075168 0.000001 0.000511 -1.000000 33.532327 200.000000 33.532327 0.022613 9.045129 0.000000 3.259799 200.000000 3.259799
 90.800000 -0.555271 0.831669 0.013813 -0.999905 -0.588689 3.127779 0.831669 -0.555271 -0.999905 0.013813 0.018281 7.312396 0.845190 5.381980 200.000000 5.381980 0.043286 17.314488 -0.534466 6.075168 200.000000 6.075168 0.000001 0.000364 -1.000000 33.532327 200.000000 33.532327 0.019079 7.631738 0.000000 3.259799 200.000000 3.259799
 91.000000 -0.507255 0.861796 0.038468 -0.999260 -0.531997 3.103115 0.861796 -0.507255 -0.999260 0.038468 0.027575 11.030055 0.845190 5.381980 200.000000 5.381980 0.074041 29.616563 -0.534466 6.075168 200.000000 6.075168 0.000055 0.021914 -1.000000 33.532327 200.000000 33.532327 0.147978 59.191373 0.000000 3.259799 200.000000 3.259799
 91.200000 -0.646618 0.762814 0.061332 -0.998117 -0.703143 3.080222 0.762814 -0.646618 -0.998117 0.061332 0.678583 271.433255 0.845190 5.381980 200.000000 5.381980 1.257812 503.124915 -0.534466 6.075168 200.000000 6.075168 0.000354 0.141767 -1.000000 33.532327 200.000000 33.532327 0.376166 150.466267 0.000000 3.259799 200.000000 3.259799
 91.400000 -0.576347 0.817205 -0.001006 -0.999999 -0.614252 -3.140587 0.817205 -0.576347 -0.999999 -0.001006 0.078318 31.327108 0.845190 5.381980 200.000000 5.381980 0.175407 70.162745 -0.534466 6.075168 200.000000 6.075168 0.000000 0.000000 -1.000000 33.532327 200.000000 33.532327 0.000101 0.040447 0.000000 3.259799 200.000000 3.259799
 91.600000 -0.585050 0.810998 -0.065383 -0.997860 -0.624941 -3.076163 0.810998 -0.585050 -0.997860 -0.065383 0.116913 46.765181 0.845190 5.381980 200.000000 5.381980 0.255871 102.348521 -0.534466 6.075168 200.000000 6.075168 0.000458 0.183142 -1.000000 33.532327 200.000000 33.532327 0.427493 170.997148 0.000000 3.259799 200.000000 3.259799
 91.800000 -0.624453 0.781062 -0.023019 -0.999735 -0.674431 -3.118571 0.781062 -0.624453 -0.999735 -0.023019 0.411238 164.495144 0.845190 5.381980 200.000000 5.381980 0.809772 323.908834 -0.534466 6.075168 200.000000 6.075168 0.000007 0.002809 -1.000000 33.532327 200.000000 33.532327 0.052989 21.195726 0.000000 3.259799 200.000000 3.259799
 92.000000 -0.600848 0.799363 0.035993 -0.999352 -0.644561 3.105592 0.799363 -0.600848 -0.999352 0.035993 0.210008 84.003178 0.845190 5.381980 200.000000 5.381980 0.440656 176.262557 -0.534466 6.075168 200.000000 6.075168 0.000042 0.016794 -1.000000 33.532327 200.000000 33.532327 0.129551 51.820484 0.000000 3.259799 200.000000 3.259799
 92.200000 -0.526767 0.850010 0.077939 -0.996958 -0.554793 3.063575 0.850010 -0.526767 -0.996958 0.077939 0.002323 0.929140 0.845190 5.381980 200.000000 5.381980 0.005927 2.370836 -0.534466 6.075168 200.000000 6.075168 0.000925 0.370114 -1.000000 33.532327 200.000000 33.532327 0.607445 242.977960 0.000000 3.259799 200.000000 3.259799
 92.400000 -0.515704 0.856767 0.031546 -0.999502 -0.541829 3.110041 0.856767 -0.515704 -0.999502 0.031546 0.013402 5.360775 0.845190 5.381980 200.000000 5.381980 0.035200 14.080092 -0.534466 6.075168 200.000000 6.075168 0.000025 0.009908 -1.000000 33.532327 200.000000 33.532327 0.099515 39.805829 0.000000 3.259799 200.000000 3.259799
 92.600000 -0.664974 0.746867 0.071752 -0.997422 -0.727459 3.069779 0.746867 -0.664974 -0.997422 0.071752 0.966751 386.700385 0.845190 5.381980 200.000000 5.381980 1.703236 681.294357 -0.534466 6.075168 200.000000 6.075168 0.000664 0.265742 -1.000000 33.532327 200.000000 33.532327 0.514837 205.934801 0.000000 3.259799 200.000000 3.259799
 92.800000 -0.602034 0.798470 0.148340 -0.988936 -0.646046 2.992703 0.798470 -0.602034 -0.988936 0.148340 0.218273 87.309080 0.845190 5.381980 200.000000 5.381980 0.456546 182.618543 -0.534466 6.075168 200.000000 6.075168 0.012240 4.896168 -1.000000 33.532327 200.000000 33.532327 2.200488 880.195296 0.000000 3.259799 200.000000 3.259799
 93.000000 -0.594667 0.803972 0.122259 -0.992498 -0.636852 3.019027 0.803972 -0.594667 -0.992498 0.122259 0.169893 67.957164 0.845190 5.381980 200.000000 5.381980 0.362420 144.967875 -0.534466 6.075168 200.000000 6.075168 0.005628 2.251029 -1.000000 33.532327 200.000000 33.532327 1.494716 597.886204 0.000000 3.259799 200.000000 3.259799
 93.200000 -0.605668 0.795718 0.090502 -0.995896 -0.650604 3.050967 0.795718 -0.605668 -0.995896 0.090502 0.244750 97.900159 0.845190 5.381980 200.000000 5.381980 0.506968 202.787195 -0.534466 6.075168 200.000000 6.075168 0.001684 0.673621 -1.000000 33.532327 200.000000 33.532327 0.819060 327.624147 0.000000 3.259799 200.000000 3.259799
 93.400000 -0.591795 0.806088 0.058953 -0.998261 -0.633284 3.082606 0.806088 -0.591795 -0.998261 0.058953 0.152895 61.158128 0.845190 5.381980 200.000000 5.381980 0.328667 131.466933 -0.534466 6.075168 200.000000 6.075168 0.000302 0.120995 -1.000000 33.532327 200.000000 33.532327 0.347541 139.016492 0.000000 3.259799 200.000000 3.259799
 93.600000 -0.648127 0.761532 0.053178 -0.998585 -0.705123 3.088390 0.761532 -0.648127 -0.998585 0.053178 0.699866 279.946406 0.845190 5.381980 200.000000 5.381980 1.291891 516.756372 -0.534466 6.075168 200.000000 6.075168 0.000200 0.080081 -1.000000 33.532327 200.000000 33.532327 0.282785 113.114199 0.000000 3.259799 200.000000 3.259799
 93.800000 -0.698844 0.715274 0.011834 -0.999930 -0.773780 3.129758 0.715274 -0.698844 -0.999930 0.011834 1.687811 675.124336 0.845190 5.381980 200.000000 5.381980 2.702012 1080.804758 -0.534466 6.075168 200.000000 6.075168 0.000000 0.000196 -1.000000 33.532327 200.000000 33.532327 0.014005 5.601810 0.000000 3.259799 200.000000 3.259799
 94.000000 -0.598208 0.801341 0.095708 -0.995409 -0.641263 3.045737 0.801341 -0.598208 -0.995409 0.095708 0.192277 76.910890 0.845190 5.381980 200.000000 5.381980 0.406310 162.524029 -0.534466 6.075168 200.000000 6.075168 0.002107 0.842941 -1.000000 33.532327 200.000000 33.532327 0.916011 366.404371 0.000000 3.259799 200.000000 3.259799
 94.200000 -0.604070 0.796932 0.041786 -0.999127 -0.648598 3.099794 0.796932 -0.604070 -0.999127 0.041786 0.232888 93.155337 0.845190 5.381980 200.000000 5.381980 0.484468 193.787304 -0.534466 6.075168 200.000000 6.075168 0.000076 0.030514 -1.000000 33.532327 200.000000 33.532327 0.174607 69.842881 0.000000 3.259799 200.000000 3.259799
 94.400000 -0.567134 0.823626 0.076026 -0.997106 -0.603022 3.065493 0.823626 -0.567134 -0.997106 0.076026 0.046502 18.600914 0.845190 5.381980 200.000000 5.381980 0.106719 42.687777 -0.534466 6.075168 200.000000 6.075168 0.000838 0.335055 -1.000000 33.532327 200.000000 33.532327 0.578001 231.200587 0.000000 3.259799 200.000000 3.259799
 94.600000 -0.589119 0.808046 0.197052 -0.980393 -0.629968 2.943243 0.808046 -0.589119 -0.980393 0.197052 0.137966 55.186432 0.845190 5.381980 200.000000 5.381980 0.298697 119.478704 -0.534466 6.075168 200.000000 6.075168 0.038443 15.377300 -1.000000 33.532327 200.000000 33.532327 3.882947 1553.178749 0.000000 3.259799 200.000000 3.259799
 94.800000 -0.657846 0.753153 0.004424 -0.999990 -0.717955 3.137169 0.753153 -0.657846 -0.999990 0.004424 0.847087 338.834812 0.845190 5.381980 200.000000 5.381980 1.522259 608.903456 -0.534466 6.075168 200.000000 6.075168 0.000000 0.000004 -1.000000 33.532327 200.000000 33.532327 0.001957 0.782715 0.000000 3.259799 200.000000 3.259799
 95.000000 -0.543070 0.839688 0.037372 -0.999301 -0.574089 3.104212 0.839688 -0.543070 -0.999301 0.037372 0.003028 1.211096 0.845190 5.381980 200.000000 5.381980 0.007403 2.961094 -0.534466 6.075168 200.000000 6.075168 0.000049 0.019520 -1.000000 33.532327 200.000000 33.532327 0.139664 55.865716 0.000000 3.259799 200.000000 3.259799
 95.200000 -0.627555 0.778572 -0.014270 -0.999898 -0.678409 -3.127322 0.778572 -0.627555 -0.999898 -0.014270 0.443793 177.517173 0.845190 5.381980 200.000000 5.381980 0.866558 346.623150 -0.534466 6.075168 200.000000 6.075168 0.000001 0.000415 -1.000000 33.532327 200.000000 33.532327 0.020363 8.145141 0.000000 3.259799 200.000000 3.259799
 95.400000 -0.547252 0.836968 0.058708 -0.998275 -0.579077 3.082851 0.836968 -0.547252 -0.998275 0.058708 0.006760 2.704073 0.845190 5.381980 200.000000 5.381980 0.016348 6.539194 -0.534466 6.075168 200.000000 6.075168 0.000297 0.118995 -1.000000 33.532327 200.000000 33.532327 0.344659 137.863772 0.000000 3.259799 200.000000 3.259799
 95.600000 -0.576501 0.817096 0.073708 -0.997280 -0.614440 3.067818 0.817096 -0.576501 -0.997280 0.073708 0.078925 31.570010 0.845190 5.381980 200.000000 5.381980 0.176695 70.678021 -0.534466 6.075168 200.000000 6.075168 0.000740 0.295962 -1.000000 33.532327 200.000000 33.532327 0.543284 217.313514 0.000000 3.259799 200.000000 3.259799
 95.800000 -0.574149 0.818751 0.019040 -0.999819 -0.611564 3.122551 0.818751 -0.574149 -0.999819 0.019040 0.069903 27.961153 0.845190 5.381980 200.000000 5.381980 0.157474 62.989720 -0.534466 6.075168 200.000000 6.075168 0.000003 0.001315 -1.000000 33.532327 200.000000 33.532327 0.036254 14.501611 0.000000 3.259799 200.000000 3.259799
 96.000000 -0.595234 0.803553 0.102716 -0.994711 -0.637556 3.038695 0.803553 -0.595234 -0.994711 0.102716 0.173368 69.347031 0.845190 5.381980 200.000000 5.381980 0.369273 147.709281 -0.534466 6.075168 200.000000 6.075168 0.002798 1.119059 -1.000000 33.532327 200.000000 33.532327 1.055058 422.023257 0.000000 3.259799 200.000000 3.259799
 96.200000 -0.639749 0.768584 0.009073 -0.999959 -0.694172 3.132520 0.768584 -0.639749 -0.999959 0.009073 0.586854 234.741524 0.845190 5.381980 200.000000 5.381980 1.108460 443.383915 -0.534466 6.075168 200.000000 6.075168 0.000000 0.000068 -1.000000 33.532327 200.000000 33.532327 0.008231 3.292449 0.000000 3.259799 200.000000 3.259799
 96.400000 -0.619161 0.785264 0.061437 -0.998111 -0.667674 3.080117 0.785264 -0.619161 -0.998111 0.061437 0.359115 143.646157 0.845190 5.381980 200.000000 5.381980 0.717332 286.932786 -0.534466 6.075168 200.000000 6.075168 0.000357 0.142736 -1.000000 33.532327 200.000000 33.532327 0.377448 150.979091 0.000000 3.259799 200.000000 3.259799
 96.600000 -0.672597 0.740009 0.087608 -0.996155 -0.737713 3.053872 0.740009 -0.672597 -0.996155 0.087608 1.106316 442.526498 0.845190 5.381980 200.000000 5.381980 1.908036 763.214360 -0.534466 6.075168 200.000000 6.075168 0.001478 0.591356 -1.000000 33.532327 200.000000 33.532327 0.767518 307.007324 0.000000 3.259799 200.000000 3.259799
 96.800000 -0.547355 0.836900 0.056186 -0.998420 -0.579201 3.085377 0.836900 -0.547355 -0.998420 0.056186 0.006872 2.748795 0.845190 5.381980 200.000000 5.381980 0.016614 6.645538 -0.534466 6.075168 200.000000 6.075168 0.000250 0.099814 -1.000000 33.532327 200.000000 33.532327 0.315685 126.273915 0.000000 3.259799 200.000000 3.259799
 97.000000 -0.604006 0.796980 0.105918 -0.994375 -0.648518 3.035476 0.796980 -0.604006 -0.994375 0.105918 0.232421 92.968423 0.845190 5.381980 200.000000 5.381980 0.483579 193.431599 -0.534466 6.075168 200.000000 6.075168 0.003164 1.265662 -1.000000 33.532327 200.000000 33.532327 1.121852 448.740832 0.000000 3.259799 200.000000 3.259799
 97.200000 -0.592917 0.805264 0.098203 -0.995166 -0.634677 3.043231 0.805264 -0.592917 -0.995166 0.098203 0.159413 63.765258 0.845190 5.381980 200.000000 5.381980 0.341655 136.662026 -0.534466 6.075168 200.000000 6.075168 0.002336 0.934545 -1.000000 33.532327 200.000000 33.532327 0.964382 385.752885 0.000000 3.259799 200.000000 3.259799
 97.400000 -0.606303 0.795234 0.081238 -0.996695 -0.651404 3.060265 0.795234 -0.606303 -0.996695 0.081238 0.249566 99.826247 0.845190 5.381980 200.000000 5.381980 0.516061 206.424532 -0.534466 6.075168 200.000000 6.075168 0.001092 0.436997 -1.000000 33.532327 200.000000 33.532327 0.659965 263.985974 0.000000 3.259799 200.000000 3.259799
 97.600000 -0.693371 0.720581 0.018341 -0.999832 -0.766156 3.123251 0.720581 -0.693371 -0.999832 0.018341 1.552743 621.097399 0.845190 5.381980 200.000000 5.381980 2.525079 1010.031798 -0.534466 6.075168 200.000000 6.075168 0.000003 0.001132 -1.000000 33.532327 200.000000 33.532327 0.033638 13.455251 0.000000 3.259799 200.000000 3.259799
 97.800000 -0.576605 0.817023 0.101168 -0.994869 -0.614568 3.040252 0.817023 -0.576605 -0.994869 0.101168 0.079339 31.735607 0.845190 5.381980 200.000000 5.381980 0.177573 71.029130 -0.534466 6.075168 200.000000 6.075168 0.002632 1.052921 -1.000000 33.532327 200.000000 33.532327 1.023487 409.394813 0.000000 3.259799 200.000000 3.259799
 98.000000 -0.595936 0.803032 0.074387 -0.997229 -0.638431 3.067136 0.803032 -0.595936 -0.997229 0.074387 0.177731 71.092554 0.845190 5.381980 200.000000 5.381980 0.377859 151.143601 -0.534466 6.075168 200.000000 6.075168 0.000768 0.307045 -1.000000 33.532327 200.000000 33.532327 0.553349 221.339451 0.000000 3.259799 200.000000 3.259799
 98.200000 -0.615126 0.788429 0.078932 -0.996880 -0.662545 3.062578 0.788429 -0.615126 -0.996880 0.078932 0.322182 128.872611 0.845190 5.381980 200.000000 5.381980 0.650602 260.240652 -0.534466 6.075168 200.000000 6.075168 0.000973 0.389380 -1.000000 33.532327 200.000000 33.532327 0.623029 249.211766 0.000000 3.259799 200.000000 3.259799
 98.400000 -0.532798 0.846243 0.102136 -0.994770 -0.561903 3.039278 0.846243 -0.532798 -0.994770 0.102136 0.000111 0.044323 0.845190 5.381980 200.000000 5.381980 0.000278 0.111326 -0.534466 6.075168 200.000000 6.075168 0.002735 1.093941 -1.000000 33.532327 200.000000 33.532327 1.043182 417.272661 0.000000 3.259799 200.000000 3.259799
 98.600000 -0.676818 0.736150 0.036725 -0.999325 -0.743431 3.104860 0.736150 -0.676818 -0.999325 0.036725 1.188964 475.585626 0.845190 5.381980 200.000000 5.381980 2.026412 810.564815 -0.534466 6.075168 200.000000 6.075168 0.000046 0.018202 -1.000000 33.532327 200.000000 33.532327 0.134869 53.947663 0.000000 3.259799 200.000000 3.259799
 98.800000 -0.612477 0.790489 0.038670 -0.999252 -0.659190 3.102913 0.790489 -0.612477 -0.999252 0.038670 0.299225 119.689975 0.845190 5.381980 200.000000 5.381980 0.608570 243.427958 -0.534466 6.075168 200.000000 6.075168 0.000056 0.022379 -1.000000 33.532327 200.000000 33.532327 0.149540 59.816020 0.000000 3.259799 200.000000 3.259799
 99.000000 -0.643373 0.765553 0.055659 -0.998450 -0.698896 3.085905 0.765553 -0.643373 -0.998450 0.055659 0.634208 253.683068 0.845190 5.381980 200.000000 5.381980 1.186075 474.430195 -0.534466 6.075168 200.000000 6.075168 0.000240 0.096121 -1.000000 33.532327 200.000000 33.532327 0.309794 123.917414 0.000000 3.259799 200.000000 3.259799
 99.200000 -0.631784 0.775144 0.016872 -0.999858 -0.683853 3.124720 0.775144 -0.631784 -0.999858 0.016872 0.490641 196.256221 0.845190 5.381980 200.000000 5.381980 0.947086 378.834428 -0.534466 6.075168 200.000000 6.075168 0.000002 0.000810 -1.000000 33.532327 200.000000 33.532327 0.028466 11.386583 0.000000 3.259799 200.000000 3.259799
 99.400000 -0.486761 0.873535 0.074229 -0.997241 -0.508378 3.067295 0.873535 -0.486761 -0.997241 0.074229 0.080344 32.137535 0.845190 5.381980 200.000000 5.381980 0.227573 91.029221 -0.534466 6.075168 200.000000 6.075168 0.000761 0.304431 -1.000000 33.532327 200.000000 33.532327 0.550992 220.396740 0.000000 3.259799 200.000000 3.259799
 99.600000 -0.624501 0.781024 0.112893 -0.993607 -0.674492 3.028458 0.781024 -0.624501 -0.993607 0.112893 0.411728 164.691042 0.845190 5.381980 200.000000 5.381980 0.810632 324.252636 -0.534466 6.075168 200.000000 6.075168 0.004087 1.634755 -1.000000 33.532327 200.000000 33.532327 1.274488 509.795381 0.000000 3.259799 200.000000 3.259799
 99.800000 -0.675247 0.737591 0.039672 -0.999213 -0.741300 3.101910 0.737591 -0.675247 -0.999213 0.039672 1.157750 463.099811 0.845190 5.381980 200.000000 5.381980 1.981945 792.778060 -0.534466 6.075168 200.000000 6.075168 0.000062 0.024790 -1.000000 33.532327 200.000000 33.532327 0.157387 62.954811 0.000000 3.259799 200.000000 3.259799
 100.000000 -0.552573 0.833465 0.017764 -0.999842 -0.585448 3.123828 0.833465 -0.552573 -0.999842 0.017764 0.013749 5.499429 0.845190 5.381980 200.000000 5.381980 0.032786 13.114459 -0.534466 6.075168 200.000000 6.075168 0.000002 0.000996 -1.000000 33.532327 200.000000 33.532327 0.031556 12.622415 0.000000 3.259799 200.000000 3.259799
