#! FIELDS time d1 d2 rc steer.bias steer.force2 steer.d1_cntr steer.d1_work steer.d1_kappa steer.d2_cntr steer.d2_work steer.d2_kappa steer.work ener an res.bias res.force2 an2 res2.bias res2.force2
 0.000000 2.644139 1.840637 -0.803502 0.008586 17.136183 2.640000 0.000000 1000.000000 1.840000 0.000000 100.000000 0.000000 -400576.064421 1.275815 4.350712 870.142465 0.097644 0.476720 95.344035
 0.050000 2.629192 1.778628 -0.850563 0.246736 154.488049 2.640000 0.000000 1000.000000 1.840000 0.000000 100.000000 0.000000 -400566.922117 1.428387 1.014023 202.804684 0.148717 1.105839 221.167824
 0.100000 2.663211 1.886505 -0.776706 0.377516 560.385731 2.640000 0.000000 1000.000000 1.840000 0.000000 100.000000 0.000000 -400572.215024 1.319293 3.162689 632.537845 0.135966 0.924341 184.868235
 0.150000 2.635790 1.886497 -0.749293 0.116959 39.343550 2.640000 0.000000 1000.000000 1.840000 0.000000 100.000000 0.000000 -400568.552057 1.439839 0.857489 171.497794 0.097139 0.471803 94.360629
 0.200000 2.603244 1.864103 -0.739141 0.704532 1356.776822 2.640000 0.000000 1000.000000 1.840000 0.000000 100.000000 0.000000 -400571.559582 1.336249 2.750613 550.122627 0.151300 1.144590 228.917956
 0.250000 2.629112 1.809340 -0.819772 0.106272 127.944143 2.640000 0.000000 1000.000000 1.840000 0.000000 100.000000 0.000000 -400570.445313 1.430983 0.977383 195.476533 0.145102 1.052729 210.545745
 0.300000 2.660922 1.878522 -0.782401 0.293066 452.578739 2.640000 0.000000 1000.000000 1.840000 0.000000 100.000000 0.000000 -400569.979178 1.355011 2.328156 465.631223 0.088825 0.394496 78.899184
 0.350000 2.621995 1.892479 -0.729516 0.299799 351.732217 2.640000 0.000000 1000.000000 1.840000 0.000000 100.000000 0.000000 -400571.239761 1.337963 2.710560 542.111913 0.149413 1.116205 223.240979
 0.400000 2.634005 1.794282 -0.839724 0.122478 56.839577 2.640000 0.000000 1000.000000 1.840000 0.000000 100.000000 0.000000 -400566.415025 1.432836 0.951653 190.330577 0.156521 1.224947 244.989428
 0.450000 2.644649 1.808909 -0.835741 0.059143 31.284535 2.640000 0.000000 1000.000000 1.840000 0.000000 100.000000 0.000000 -400570.877371 1.300681 3.648105 729.620934 0.122709 0.752878 150.575684
 0.500000 2.634125 1.895544 -0.738581 0.171512 65.364380 2.640000 0.000000 1000.000000 1.840000 0.000000 100.000000 0.000000 -400567.357895 1.429283 1.001305 200.260954 0.108671 0.590465 118.093027
 0.550000 2.609493 1.922892 -0.686601 0.343605 414.184562 2.629085 -0.033093 1000.000000 1.867814 0.050118 100.000000 0.017025 -400571.136328 1.347515 2.492731 498.546253 0.193123 1.864830 372.965960
 0.600000 2.618683 1.813852 -0.804831 0.334488 67.135256 2.618169 -0.132356 1000.000000 1.895627 0.091260 100.000000 -0.041096 -400570.092638 1.415433 1.206893 241.378534 0.106449 0.566569 113.313891
 0.650000 2.584894 1.888360 -0.696534 0.311514 512.270172 2.607254 -0.114448 1000.000000 1.923441 0.112401 100.000000 -0.002048 -400570.111626 1.297049 3.746876 749.375154 0.142930 1.021446 204.289137
 0.700000 2.591161 1.908935 -0.682226 0.102952 44.722528 2.596339 -0.126096 1000.000000 1.951254 0.308134 100.000000 0.182037 -400568.437212 1.467213 0.536477 107.295423 0.156987 1.232248 246.449641
 0.750000 2.609932 1.880148 -0.729784 0.789592 698.525689 2.585424 -0.209479 1000.000000 1.979068 0.519343 100.000000 0.309864 -400567.749283 1.344295 2.565138 513.027580 0.208931 2.182614 436.522780
 0.800000 2.566182 1.886095 -0.680087 0.764130 215.222224 2.574508 -0.196814 1000.000000 2.006881 0.752417 100.000000 0.555603 -400569.349873 1.368816 2.039802 407.960329 0.069757 0.243303 48.660552
 0.850000 2.579295 1.914805 -0.664490 0.841956 390.283916 2.563593 -0.177848 1000.000000 2.034695 1.007060 100.000000 0.829212 -400570.050254 1.368648 2.043201 408.640192 0.221221 2.446947 489.389421
 0.900000 2.566457 1.965749 -0.600708 0.563057 283.496365 2.552678 -0.235425 1000.000000 2.062508 1.430280 100.000000 1.194855 -400568.403573 1.420247 1.133259 226.651718 0.099918 0.499182 99.836497
 0.950000 2.524030 1.950158 -0.573871 1.139520 510.914074 2.541763 -0.185365 1000.000000 2.090322 1.661126 100.000000 1.475760 -400569.293061 1.363295 2.152844 430.568842 0.198233 1.964825 392.965097
 1.000000 2.531789 1.988746 -0.543043 0.837524 168.303340 2.530847 -0.248372 1000.000000 2.118136 2.130466 100.000000 1.882094 -400568.992612 1.415716 1.202497 240.499391 0.134001 0.897812 179.562356
 1.050000 2.497197 1.950527 -0.546670 2.167919 898.769848 2.519932 -0.249375 1000.000000 2.145949 2.624679 100.000000 2.375304 -400567.534291 1.411624 1.266792 253.358419 0.196020 1.921200 384.240027
 1.100000 2.513849 2.016828 -0.497022 1.243105 269.638541 2.509017 -0.313391 1000.000000 2.173763 3.097632 100.000000 2.784241 -400568.361367 1.382933 1.764639 352.927745 0.092817 0.430753 86.150550
 1.150000 2.463793 1.994394 -0.469399 2.734778 1606.352605 2.498102 -0.260453 1000.000000 2.201576 3.635805 100.000000 3.375352 -400567.874682 1.453426 0.688794 137.758772 0.204787 2.096887 419.377372
 1.200000 2.468012 2.067333 -0.400679 1.496964 630.298655 2.487186 -0.331252 1000.000000 2.229390 4.215730 100.000000 3.884477 -400565.421591 1.411517 1.268497 253.699482 0.100795 0.507986 101.597278
 1.250000 2.464002 2.062752 -0.401250 1.965831 528.639833 2.476271 -0.335248 1000.000000 2.257203 4.693726 100.000000 4.358478 -400565.495389 1.421929 1.108074 221.614728 0.181063 1.639188 327.837543
 1.300000 2.451439 2.139029 -0.312410 1.162466 406.811978 2.465356 -0.389082 1000.000000 2.285017 5.229043 100.000000 4.839961 -400562.310557 1.447657 0.758160 151.631934 0.134479 0.904235 180.846950
 1.350000 2.453686 2.125446 -0.328240 1.755932 351.698870 2.454441 -0.386564 1000.000000 2.312831 5.716888 100.000000 5.330323 -400562.915989 1.472001 0.488030 97.605981 0.176407 1.555974 311.194877
 1.400000 2.431740 2.170303 -0.261437 1.520248 429.047532 2.443525 -0.434933 1000.000000 2.340644 6.233705 100.000000 5.798773 -400563.073280 1.407347 1.335785 267.156925 0.093345 0.435669 87.133716
 1.450000 2.412022 2.377901 -0.034120 0.216406 424.784719 2.432610 -0.461483 1000.000000 2.368458 6.443896 100.000000 5.982413 -400558.053637 1.536525 0.058728 11.745541 0.146131 1.067716 213.543124
 1.500000 2.428078 2.350644 -0.077434 0.124465 61.562642 2.421695 -0.480186 1000.000000 2.396271 6.460940 100.000000 5.980754 -400558.826394 1.435738 0.912034 182.406774 0.198884 1.977748 395.549555
 1.550000 2.380390 2.445755 0.065365 0.485259 928.255289 2.410780 -0.510656 1000.000000 2.424085 6.602848 100.000000 6.092192 -400559.244410 1.594239 0.027479 5.495815 0.069983 0.244880 48.976069
 1.600000 2.399588 2.766353 0.366765 4.944119 988.892383 2.399864 -0.508719 1000.000000 2.451898 6.214307 100.000000 5.705588 -400565.156733 1.510261 0.183227 36.645484 0.040118 0.080471 16.094143
 1.650000 2.364955 2.752135 0.387180 3.998583 1317.852963 2.388949 -0.580521 1000.000000 2.479712 5.284173 100.000000 4.703652 -400570.917976 1.658125 0.381317 76.263349 0.025432 0.032339 6.467829
 1.700000 2.332432 2.718587 0.386155 3.267116 2525.018596 2.378034 -0.917190 1000.000000 2.507525 4.787940 100.000000 3.870750 -400571.938091 1.572871 0.000215 0.043047 0.206215 2.126237 425.247415
 1.750000 2.339975 2.781127 0.441152 3.388970 1340.897243 2.367119 -1.260433 1000.000000 2.535339 4.002093 100.000000 2.741660 -400571.649769 1.469090 0.517210 103.442013 0.278621 3.881493 776.298546
 1.800000 2.318811 2.732040 0.413230 2.125262 1683.443764 2.356203 -1.593260 1000.000000 2.563153 3.551607 100.000000 1.958346 -400573.488042 1.721249 1.131795 226.359001 0.214344 2.297165 459.432981
 1.850000 2.315353 2.818556 0.503203 3.037912 1414.068435 2.345288 -1.900934 1000.000000 2.590966 3.012423 100.000000 1.111488 -400573.012083 1.560657 0.005141 1.028114 0.041846 0.087556 17.511254
 1.900000 2.291665 2.852028 0.560363 3.632219 2368.019295 2.334373 -2.138917 1000.000000 2.618780 2.359361 100.000000 0.220444 -400573.809781 1.636080 0.213101 42.620178 0.050515 0.127588 25.517604
 1.950000 2.327302 2.776473 0.449171 0.850833 183.468092 2.323458 -2.399515 1000.000000 2.646593 1.936076 100.000000 -0.463439 -400574.418865 1.631350 0.183338 36.667617 0.117359 0.688660 137.731928
 2.000000 2.253539 2.919791 0.666252 4.751366 4083.543200 2.312542 -2.687665 1000.000000 2.674407 1.347377 100.000000 -1.340287 -400577.872566 1.499630 0.253234 50.646764 0.240817 2.899639 579.927830
 2.050000 2.258297 2.810974 0.552676 1.530103 1995.751078 2.301627 -3.007762 1000.000000 2.702220 0.933287 100.000000 -2.074475 -400575.083061 1.597553 0.035795 7.159062 0.293699 4.312957 862.591333
 2.100000 2.272557 2.810171 0.537614 0.485897 393.819998 2.290712 -3.271903 1000.000000 2.730034 0.641277 100.000000 -2.630626 -400576.344377 1.661962 0.415562 83.112440 0.160955 1.295319 259.063717
 2.150000 2.296325 2.996195 0.699870 2.977064 841.269183 2.279797 -3.473557 1000.000000 2.757847 0.195159 100.000000 -3.278398 -400573.853853 1.613705 0.092056 18.411231 0.110244 0.607689 121.537873
 2.200000 2.245978 2.797356 0.551378 0.269117 525.924204 2.268881 -3.782647 1000.000000 2.785661 -0.212816 100.000000 -3.995463 -400573.878642 1.664510 0.439116 87.823229 0.119219 0.710657 142.131332
 2.250000 2.259501 3.042899 0.783398 2.632958 528.711472 2.257966 -4.007174 1000.000000 2.813475 -0.514115 100.000000 -4.521288 -400579.177084 1.579180 0.003514 0.702813 0.159820 1.277115 255.422989
 2.300000 2.231922 2.819070 0.587148 0.139120 233.810613 2.247051 -4.291791 1000.000000 2.841288 -0.882015 100.000000 -5.173806 -400577.594550 1.536022 0.060464 12.092881 0.218119 2.378787 475.757316
 2.350000 2.216527 2.984546 0.768019 0.858612 517.768949 2.236136 -4.491481 1000.000000 2.869102 -0.995304 100.000000 -5.486785 -400579.302551 1.717305 1.073245 214.648933 0.163433 1.335517 267.103497
 2.400000 2.210253 2.968515 0.758262 0.368342 275.297678 2.225220 -4.798342 1000.000000 2.896915 -1.218138 100.000000 -6.016480 -400575.274633 1.513859 0.162091 32.418153 0.052602 0.138350 27.670065
 2.450000 2.206427 3.049954 0.843527 0.815096 218.877276 2.214305 -5.007744 1000.000000 2.924729 -1.644984 100.000000 -6.652728 -400576.811417 1.770911 2.002292 400.458334 0.050906 0.129572 25.914460
 2.500000 2.174796 2.900816 0.726020 0.542579 844.356325 2.203390 -5.230870 1000.000000 2.952542 -1.624464 100.000000 -6.855333 -400573.325513 1.592837 0.024290 4.858060 0.032916 0.054173 10.834545
 2.550000 2.195686 3.200519 1.004833 3.104288 674.275909 2.203390 -5.230870 1000.000000 2.952542 -1.624464 100.000000 -6.855333 -400578.849814 1.558782 0.007217 1.443453 0.150841 1.137649 227.529727
 2.600000 2.190838 2.849026 0.658189 0.614556 264.712716 2.203390 -5.230870 1000.000000 2.952542 -1.624464 100.000000 -6.855333 -400576.780401 1.541322 0.043437 8.687350 0.187204 1.752263 350.452654
 2.650000 2.207118 3.111056 0.903938 1.263287 265.168774 2.203390 -5.230870 1000.000000 2.952542 -1.624464 100.000000 -6.855333 -400579.038091 1.726191 1.207368 241.473591 0.172173 1.482183 296.436626
 2.700000 2.163079 3.004309 0.841229 0.946456 1651.734857 2.203390 -5.230870 1000.000000 2.952542 -1.624464 100.000000 -6.855333 -400576.266874 1.457851 0.637829 127.565742 0.028647 0.041034 8.206786
 2.750000 2.207789 3.068085 0.860296 0.677181 152.855154 2.203390 -5.230870 1000.000000 2.952542 -1.624464 100.000000 -6.855333 -400578.188837 1.781138 2.212188 442.437594 0.033439 0.055908 11.181658
 2.800000 2.194248 2.899162 0.704914 0.184257 112.063917 2.203390 -5.230870 1000.000000 2.952542 -1.624464 100.000000 -6.855333 -400577.559679 1.558916 0.007057 1.411341 0.075661 0.286232 57.246410
 2.850000 2.169087 3.148269 0.979182 2.503786 1559.771221 2.203390 -5.230870 1000.000000 2.952542 -1.624464 100.000000 -6.855333 -400580.088176 1.574706 0.000764 0.152841 0.194792 1.897198 379.439640
 2.900000 2.179792 2.918708 0.738916 0.335667 568.306731 2.203390 -5.230870 1000.000000 2.952542 -1.624464 100.000000 -6.855333 -400578.440527 1.602828 0.051300 10.259989 0.172043 1.479934 295.986871
 2.950000 2.182529 3.100558 0.918029 1.313019 654.260835 2.203390 -5.230870 1000.000000 2.952542 -1.624464 100.000000 -6.855333 -400579.023284 1.647553 0.294576 58.915277 0.089754 0.402787 80.557344
 3.000000 2.202603 2.920141 0.717538 0.052802 11.117491 2.203390 -5.230870 1000.000000 2.952542 -1.624464 100.000000 -6.855333 -400576.635743 1.614503 0.095513 19.102644 0.059237 0.175452 35.090488
 3.050000 2.159815 3.075477 0.915662 1.705029 2049.903421 2.203390 -5.230870 1000.000000 2.952542 -1.624464 100.000000 -6.855333 -400580.071613 1.677569 0.570025 114.004911 0.068207 0.232611 46.522175
 3.100000 2.180197 2.998791 0.818594 0.375910 559.316867 2.203390 -5.230870 1000.000000 2.952542 -1.624464 100.000000 -6.855333 -400576.643995 1.552666 0.016435 3.286958 0.177124 1.568645 313.729077
 3.150000 2.152105 3.065432 0.913327 1.952261 2757.560553 2.203390 -5.230870 1000.000000 2.952542 -1.624464 100.000000 -6.855333 -400579.602171 1.592305 0.023131 4.626138 0.263075 3.460429 692.085748
 3.200000 2.206906 3.004228 0.797322 0.139755 39.080957 2.203390 -5.230870 1000.000000 2.952542 -1.624464 100.000000 -6.855333 -400578.557320 1.551789 0.018064 3.612804 0.147214 1.083605 216.721008
 3.250000 2.155420 3.034321 0.878901 1.484930 2367.958874 2.203390 -5.230870 1000.000000 2.952542 -1.624464 100.000000 -6.855333 -400579.189655 1.697528 0.803052 160.610325 0.051460 0.132405 26.480988
 3.300000 2.167606 2.977725 0.810119 0.671966 1286.856594 2.203390 -5.230870 1000.000000 2.952542 -1.624464 100.000000 -6.855333 -400575.993282 1.646303 0.285062 57.012325 0.059535 0.177219 35.443890
 3.350000 2.159735 3.156591 0.996856 3.034663 2322.112676 2.203390 -5.230870 1000.000000 2.952542 -1.624464 100.000000 -6.855333 -400579.950290 1.623194 0.137277 27.455426 0.091807 0.421423 84.284501
 3.400000 2.192798 2.917455 0.724656 0.117648 124.492647 2.203390 -5.230870 1000.000000 2.952542 -1.624464 100.000000 -6.855333 -400576.198513 1.600619 0.044469 8.893763 0.194831 1.897958 379.591523
 3.450000 2.140662 3.118837 0.978176 3.350110 4211.354598 2.203390 -5.230870 1000.000000 2.952542 -1.624464 100.000000 -6.855333 -400577.119111 1.563213 0.002875 0.575076 0.224532 2.520725 504.145098
 3.500000 2.163726 2.998242 0.834516 0.891042 1594.123368 2.203390 -5.230870 1000.000000 2.952542 -1.624464 100.000000 -6.855333 -400579.321630 1.592913 0.024457 4.891488 0.129858 0.843161 168.632243
 3.550000 2.164258 3.006902 0.842644 0.913390 1560.832850 2.203390 -5.230870 1000.000000 2.952542 -1.624464 100.000000 -6.855333 -400579.951660 1.746954 1.551568 310.313519 0.044754 0.100147 20.029321
 3.600000 2.191213 3.037601 0.846388 0.435890 220.629151 2.203390 -5.230870 1000.000000 2.952542 -1.624464 100.000000 -6.855333 -400576.127846 1.546973 0.028377 5.675302 0.093311 0.435349 87.069783
 3.650000 2.181763 3.039975 0.858212 0.616085 544.165347 2.203390 -5.230870 1000.000000 2.952542 -1.624464 100.000000 -6.855333 -400581.625222 1.693776 0.756198 151.239689 0.136892 0.936968 187.393658
 3.700000 2.177187 2.904186 0.726999 0.460224 709.994465 2.203390 -5.230870 1000.000000 2.952542 -1.624464 100.000000 -6.855333 -400578.098694 1.569066 0.000150 0.029933 0.188765 1.781608 356.321635
 3.750000 2.200868 3.126466 0.925597 1.515644 308.851548 2.203390 -5.230870 1000.000000 2.952542 -1.624464 100.000000 -6.855333 -400576.496575 1.592444 0.023431 4.686164 0.195456 1.910161 382.032216
 3.800000 2.214357 2.873666 0.659309 0.371211 182.489446 2.203390 -5.230870 1000.000000 2.952542 -1.624464 100.000000 -6.855333 -400576.980897 1.662164 0.417404 83.480756 0.078948 0.311640 62.328088
 3.850000 2.208354 3.105538 0.897184 1.182707 258.722168 2.203390 -5.230870 1000.000000 2.952542 -1.624464 100.000000 -6.855333 -400575.885817 1.639556 0.236397 47.279335 0.116415 0.677618 135.523511
 3.900000 2.203572 2.967148 0.763576 0.010683 2.166425 2.203390 -5.230870 1000.000000 2.952542 -1.624464 100.000000 -6.855333 -400577.501796 1.607852 0.068655 13.730928 0.074816 0.279869 55.973742
 3.950000 2.210497 2.997793 0.787296 0.127632 70.980999 2.203390 -5.230870 1000.000000 2.952542 -1.624464 100.000000 -6.855333 -400580.324934 1.640193 0.240792 48.158489 0.177989 1.584000 316.799912
 4.000000 2.209850 2.982311 0.772461 0.065178 50.598184 2.203390 -5.230870 1000.000000 2.952542 -1.624464 100.000000 -6.855333 -400578.967532 1.533076 0.071139 14.227865 0.208888 2.181700 436.339962
 4.050000 2.184096 3.003810 0.819714 0.317537 398.522334 2.203390 -5.230870 1000.000000 2.952542 -1.624464 100.000000 -6.855333 -400575.160711 1.633307 0.195382 39.076334 0.131765 0.868095 173.619086
 4.100000 2.185263 3.052018 0.866755 0.659056 427.533386 2.203390 -5.230870 1000.000000 2.952542 -1.624464 100.000000 -6.855333 -400578.696613 1.647375 0.293215 58.642915 0.133561 0.891932 178.386428
 4.150000 2.185457 3.003053 0.817596 0.288364 347.108315 2.203390 -5.230870 1000.000000 2.952542 -1.624464 100.000000 -6.855333 -400577.875332 1.635679 0.210490 42.097928 0.112489 0.632694 126.538837
 4.200000 2.206882 3.004746 0.797864 0.142362 39.450622 2.203390 -5.230870 1000.000000 2.952542 -1.624464 100.000000 -6.855333 -400580.626344 1.681551 0.613331 122.666165 0.106131 0.563186 112.637200
 4.250000 2.157726 2.978048 0.820322 1.075130 2091.712883 2.203390 -5.230870 1000.000000 2.952542 -1.624464 100.000000 -6.855333 -400577.277019 1.572301 0.000113 0.022641 0.191066 1.825316 365.063195
 4.300000 2.172357 3.024495 0.852139 0.740382 1014.811903 2.203390 -5.230870 1000.000000 2.952542 -1.624464 100.000000 -6.855333 -400582.245782 1.638289 0.227766 45.553148 0.179593 1.612679 322.535771
 4.350000 2.175397 3.026927 0.851531 0.668466 838.949541 2.203390 -5.230870 1000.000000 2.952542 -1.624464 100.000000 -6.855333 -400579.565095 1.590674 0.019756 3.951289 0.123125 0.757984 151.596771
 4.400000 2.177248 3.078327 0.901079 1.132793 841.633042 2.203390 -5.230870 1000.000000 2.952542 -1.624464 100.000000 -6.855333 -400580.448117 1.687151 0.676918 135.383646 0.075444 0.284589 56.917728
 4.450000 2.170984 2.921115 0.750132 0.574461 1060.031617 2.203390 -5.230870 1000.000000 2.952542 -1.624464 100.000000 -6.855333 -400578.829730 1.650387 0.316732 63.346323 0.028915 0.041804 8.360774
 4.500000 2.169359 3.119090 0.949731 1.965949 1435.468768 2.203390 -5.230870 1000.000000 2.952542 -1.624464 100.000000 -6.855333 -400579.095597 1.619387 0.118052 23.610454 0.137967 0.951739 190.347872
 4.550000 2.177863 2.890040 0.712177 0.521130 690.675017 2.203390 -5.230870 1000.000000 2.952542 -1.624464 100.000000 -6.855333 -400578.150879 1.610334 0.078160 15.632012 0.159210 1.267396 253.479208
 4.600000 2.174572 3.115204 0.940632 1.738181 1095.075684 2.203390 -5.230870 1000.000000 2.952542 -1.624464 100.000000 -6.855333 -400577.322790 1.614566 0.095791 19.158115 0.179309 1.607586 321.517203
 4.650000 2.177470 2.991775 0.814305 0.412882 687.236084 2.203390 -5.230870 1000.000000 2.952542 -1.624464 100.000000 -6.855333 -400571.960108 1.548089 0.025782 5.156358 0.042369 0.089755 17.950978
 4.700000 2.187422 3.009857 0.822435 0.291732 287.821630 2.203390 -5.230870 1000.000000 2.952542 -1.624464 100.000000 -6.855333 -400576.248546 1.723106 1.159914 231.982810 0.068846 0.236992 47.398371
 4.750000 2.190445 2.978251 0.787806 0.116834 174.183773 2.203390 -5.230870 1000.000000 2.952542 -1.624464 100.000000 -6.855333 -400572.988266 1.511668 0.174811 34.962164 0.090548 0.409945 81.989054
 4.800000 2.192549 3.053684 0.861135 0.570243 219.824657 2.203390 -5.230870 1000.000000 2.952542 -1.624464 100.000000 -6.855333 -400580.695623 1.597542 0.035767 7.153476 0.192782 1.858243 371.648619
 4.850000 2.198217 2.970563 0.772346 0.029617 30.006380 2.203390 -5.230870 1000.000000 2.952542 -1.624464 100.000000 -6.855333 -400574.444673 1.618427 0.113432 22.686488 0.146875 1.078618 215.723632
 4.900000 2.175945 3.093958 0.918013 1.376528 953.197930 2.203390 -5.230870 1000.000000 2.952542 -1.624464 100.000000 -6.855333 -400577.400039 1.602135 0.049105 9.821075 0.047403 0.112352 22.470388
 4.950000 2.178753 2.949279 0.770526 0.304019 607.080298 2.203390 -5.230870 1000.000000 2.952542 -1.624464 100.000000 -6.855333 -400576.666448 1.688947 0.697978 139.595601 0.041847 0.087561 17.512108
 5.000000 2.186604 3.041688 0.855084 0.538235 361.243063 2.203390 -5.230870 1000.000000 2.952542 -1.624464 100.000000 -6.855333 -400578.191199 1.649209 0.307428 61.485659 0.081030 0.328291 65.658270
 5.050000 2.200325 3.019850 0.819524 0.231209 54.693491 2.203390 -5.230870 1000.000000 2.952542 -1.624464 100.000000 -6.855333 -400578.433326 1.554797 0.012799 2.559889 0.146922 1.079303 215.860548
 5.100000 2.152254 3.013139 0.860885 1.491051 2651.626375 2.203390 -5.230870 1000.000000 2.952542 -1.624464 100.000000 -6.855333 -400578.617658 1.648298 0.300323 60.064683 0.229501 2.633546 526.709286
 5.150000 2.156773 3.064531 0.907758 1.713641 2298.541531 2.203390 -5.230870 1000.000000 2.952542 -1.624464 100.000000 -6.855333 -400577.001796 1.590792 0.019991 3.998116 0.097361 0.473957 94.791334
 5.200000 2.153412 3.070572 0.917160 1.945440 2637.090066 2.203390 -5.230870 1000.000000 2.952542 -1.624464 100.000000 -6.855333 -400578.376268 1.654260 0.348308 69.661502 0.074548 0.277868 55.573664
 5.250000 2.188957 2.926007 0.737051 0.139363 215.355830 2.203390 -5.230870 1000.000000 2.952542 -1.624464 100.000000 -6.855333 -400578.274126 1.697756 0.805937 161.187450 0.042900 0.092019 18.403824
 5.300000 2.153540 3.151265 0.997725 3.217028 2879.878157 2.203390 -5.230870 1000.000000 2.952542 -1.624464 100.000000 -6.855333 -400580.184973 1.540212 0.046771 9.354265 0.171977 1.478798 295.759515
 5.350000 2.164739 2.982687 0.817948 0.792375 1502.966997 2.203390 -5.230870 1000.000000 2.952542 -1.624464 100.000000 -6.855333 -400575.775462 1.561867 0.003987 0.797310 0.186105 1.731758 346.351597
 5.400000 2.170789 3.035515 0.864726 0.875629 1131.655183 2.203390 -5.230870 1000.000000 2.952542 -1.624464 100.000000 -6.855333 -400578.475593 1.715430 1.045951 209.190233 0.165968 1.377261 275.452258
 5.450000 2.213233 2.956173 0.742940 0.049103 97.019828 2.203390 -5.230870 1000.000000 2.952542 -1.624464 100.000000 -6.855333 -400572.412255 1.561443 0.004374 0.874881 0.026296 0.034574 6.914700
 5.500000 2.187811 3.081851 0.894040 0.957388 409.906634 2.203390 -5.230870 1000.000000 2.952542 -1.624464 100.000000 -6.855333 -400573.639705 1.727262 1.224080 244.815937 0.044016 0.096871 19.374224
 5.550000 2.155267 2.909081 0.753814 1.252325 2334.650256 2.203390 -5.230870 1000.000000 2.952542 -1.624464 100.000000 -6.855333 -400576.018928 1.603952 0.054963 10.992664 0.045855 0.105133 21.026635
 5.600000 2.192579 3.175025 0.982446 2.533357 611.865681 2.203390 -5.230870 1000.000000 2.952542 -1.624464 100.000000 -6.855333 -400576.614864 1.588433 0.015552 3.110374 0.136218 0.927770 185.554092
 5.650000 2.189666 2.889574 0.699908 0.292422 227.990438 2.203390 -5.230870 1000.000000 2.952542 -1.624464 100.000000 -6.855333 -400576.489595 1.526198 0.099449 19.889785 0.183571 1.684907 336.981469
 5.700000 2.208313 3.061051 0.852738 0.600828 141.980710 2.203390 -5.230870 1000.000000 2.952542 -1.624464 100.000000 -6.855333 -400575.497466 1.681670 0.614652 122.930301 0.136388 0.930086 186.017272
 5.750000 2.155461 2.977553 0.822092 1.179861 2303.426061 2.203390 -5.230870 1000.000000 2.952542 -1.624464 100.000000 -6.855333 -400575.925946 1.590496 0.019404 3.880730 0.022856 0.026120 5.224010
 5.800000 2.188186 3.071433 0.883247 0.822321 372.497325 2.203390 -5.230870 1000.000000 2.952542 -1.624464 100.000000 -6.855333 -400577.655340 1.704891 0.899067 179.813373 0.040633 0.082550 16.510065
 5.850000 2.166462 2.991839 0.825377 0.759054 1379.127856 2.203390 -5.230870 1000.000000 2.952542 -1.624464 100.000000 -6.855333 -400577.900801 1.563544 0.002630 0.525946 0.139931 0.979029 195.805829
 5.900000 2.204214 3.066530 0.862316 0.650000 130.611607 2.203390 -5.230870 1000.000000 2.952542 -1.624464 100.000000 -6.855333 -400577.765175 1.618095 0.111856 22.371224 0.173535 1.505721 301.144145
 5.950000 2.168363 2.959605 0.791242 0.615927 1227.364528 2.203390 -5.230870 1000.000000 2.952542 -1.624464 100.000000 -6.855333 -400578.861363 1.582481 0.006826 1.365211 0.156605 1.226259 245.251736
 6.000000 2.167258 3.054625 0.887367 1.173797 1409.717375 2.203390 -5.230870 1000.000000 2.952542 -1.624464 100.000000 -6.855333 -400576.522530 1.717683 1.078780 215.756033 0.059097 0.174621 34.924100
 6.050000 2.159668 3.000470 0.840802 1.070638 1934.542503 2.203390 -5.230870 1000.000000 2.952542 -1.624464 100.000000 -6.855333 -400575.616382 1.652088 0.330413 66.082694 0.102724 0.527613 105.522584
 6.100000 2.172882 3.098578 0.925695 1.531670 1143.973271 2.203390 -5.230870 1000.000000 2.952542 -1.624464 100.000000 -6.855333 -400576.447021 1.668633 0.478602 95.720351 0.089119 0.397106 79.421209
 6.150000 2.184312 2.993168 0.808856 0.264508 380.478923 2.203390 -5.230870 1000.000000 2.952542 -1.624464 100.000000 -6.855333 -400575.135098 1.573773 0.000443 0.088577 0.136939 0.937614 187.522846
 6.200000 2.148421 3.030187 0.881766 1.812204 3081.823618 2.203390 -5.230870 1000.000000 2.952542 -1.624464 100.000000 -6.855333 -400578.150280 1.599359 0.040792 8.158333 0.172023 1.479594 295.918876
 6.249999 2.192506 2.998119 0.805613 0.163093 139.237769 2.203390 -5.230870 1000.000000 2.952542 -1.624464 100.000000 -6.855333 -400577.802474 1.648249 0.299947 59.989488 0.121500 0.738109 147.621832
 6.299999 2.164196 3.038746 0.874550 1.139633 1610.475907 2.203390 -5.230870 1000.000000 2.952542 -1.624464 100.000000 -6.855333 -400577.503492 1.676935 0.563267 112.653393 0.046290 0.107139 21.427739
 6.349999 2.183185 3.026779 0.843594 0.479673 463.345669 2.203390 -5.230870 1000.000000 2.952542 -1.624464 100.000000 -6.855333 -400575.872190 1.647976 0.297835 59.566926 0.078742 0.310013 62.002633
 6.399999 2.172332 3.015894 0.843562 0.682973 1004.741254 2.203390 -5.230870 1000.000000 2.952542 -1.624464 100.000000 -6.855333 -400579.186693 1.645670 0.280301 56.060199 0.119115 0.709425 141.884983
 6.449999 2.194576 3.042350 0.847774 0.442111 158.338057 2.203390 -5.230870 1000.000000 2.952542 -1.624464 100.000000 -6.855333 -400574.072776 1.600653 0.044571 8.914192 0.178613 1.595131 319.026292
 6.499999 2.139156 2.975143 0.835988 2.088555 4131.136653 2.203390 -5.230870 1000.000000 2.952542 -1.624464 100.000000 -6.855333 -400579.098485 1.602141 0.049126 9.825150 0.191737 1.838151 367.630145
 6.549999 2.205387 3.041162 0.835774 0.394663 82.523399 2.203390 -5.230870 1000.000000 2.952542 -1.624464 100.000000 -6.855333 -400577.870902 1.722427 1.149593 229.918575 0.083642 0.349796 69.959146
 6.599999 2.205001 2.999919 0.794918 0.113525 25.041001 2.203390 -5.230870 1000.000000 2.952542 -1.624464 100.000000 -6.855333 -400574.165595 1.532857 0.071968 14.393688 0.069660 0.242628 48.525627
 6.649999 2.214166 3.035008 0.820841 0.398090 184.134666 2.203390 -5.230870 1000.000000 2.952542 -1.624464 100.000000 -6.855333 -400572.950384 1.676781 0.561638 112.327654 0.040668 0.082693 16.538556
 6.699999 2.176073 2.973397 0.797324 0.394855 750.566464 2.203390 -5.230870 1000.000000 2.952542 -1.624464 100.000000 -6.855333 -400574.467148 1.663070 0.425725 85.144974 0.070559 0.248926 49.785102
 6.749999 2.194382 3.028444 0.834061 0.328618 138.743045 2.203390 -5.230870 1000.000000 2.952542 -1.624464 100.000000 -6.855333 -400575.059779 1.562972 0.003061 0.612178 0.130460 0.850991 170.198117
 6.799999 2.234975 2.962461 0.727486 0.503736 998.617842 2.203390 -5.230870 1000.000000 2.952542 -1.624464 100.000000 -6.855333 -400577.145050 1.572460 0.000138 0.027664 0.141893 1.006681 201.336275
 6.849999 2.209930 2.968736 0.758806 0.034495 45.390254 2.203390 -5.230870 1000.000000 2.952542 -1.624464 100.000000 -6.855333 -400576.791321 1.620122 0.121651 24.330138 0.101218 0.512255 102.451035
 6.899999 2.214783 3.054582 0.839798 0.585509 233.935230 2.203390 -5.230870 1000.000000 2.952542 -1.624464 100.000000 -6.855333 -400578.233323 1.604255 0.055974 11.194844 0.051119 0.130655 26.131092
 6.949999 2.180458 2.998760 0.818302 0.369733 547.220491 2.203390 -5.230870 1000.000000 2.952542 -1.624464 100.000000 -6.855333 -400578.779909 1.616923 0.106383 21.276687 0.063442 0.201246 40.249223
 6.999999 2.237700 2.922939 0.685239 0.632396 1185.918436 2.203390 -5.230870 1000.000000 2.952542 -1.624464 100.000000 -6.855333 -400576.500148 1.694812 0.768998 153.799617 0.090217 0.406956 81.391219
 7.049999 2.219319 3.006891 0.787572 0.274564 283.283390 2.203390 -5.230870 1000.000000 2.952542 -1.624464 100.000000 -6.855333 -400577.540603 1.546920 0.028504 5.700764 0.174698 1.525965 305.193057
 7.099999 2.201968 2.984544 0.782577 0.052218 12.264139 2.203390 -5.230870 1000.000000 2.952542 -1.624464 100.000000 -6.855333 -400578.210034 1.584492 0.009379 1.875783 0.132521 0.878092 175.618415
 7.149999 2.172903 3.053454 0.880550 0.973868 1031.260407 2.203390 -5.230870 1000.000000 2.952542 -1.624464 100.000000 -6.855333 -400577.715702 1.645728 0.280741 56.148297 0.144302 1.041150 208.229971
 7.199999 2.218489 2.978160 0.759671 0.146810 234.556088 2.203390 -5.230870 1000.000000 2.952542 -1.624464 100.000000 -6.855333 -400578.474888 1.611858 0.084303 16.860677 0.077567 0.300832 60.166473
 7.249999 2.187284 3.028109 0.840826 0.415221 316.510760 2.203390 -5.230870 1000.000000 2.952542 -1.624464 100.000000 -6.855333 -400579.994426 1.697295 0.800099 160.019836 0.083870 0.351708 70.341646
 7.299999 2.127445 2.994057 0.866613 2.970019 5784.924588 2.203390 -5.230870 1000.000000 2.952542 -1.624464 100.000000 -6.855333 -400578.889015 1.607474 0.067263 13.452583 0.135383 0.916424 183.284750
 7.349999 2.145504 3.082721 0.937217 2.522712 3520.241654 2.203390 -5.230870 1000.000000 2.952542 -1.624464 100.000000 -6.855333 -400582.007390 1.615214 0.098648 19.729541 0.207861 2.160318 432.063565
 7.399999 2.188769 3.001415 0.812646 0.226310 237.655978 2.203390 -5.230870 1000.000000 2.952542 -1.624464 100.000000 -6.855333 -400576.358971 1.555996 0.010953 2.190528 0.151051 1.140823 228.164620
 7.449999 2.173174 3.071807 0.898633 1.167709 1055.261110 2.203390 -5.230870 1000.000000 2.952542 -1.624464 100.000000 -6.855333 -400579.261939 1.687887 0.685515 137.103015 0.040564 0.082272 16.454496
 7.499999 2.130106 2.964498 0.834393 2.692431 5371.996839 2.203390 -5.230870 1000.000000 2.952542 -1.624464 100.000000 -6.855333 -400579.647840 1.672493 0.517114 103.422899 0.036609 0.067011 13.402297
 7.549999 2.157996 3.094726 0.936730 2.041113 2262.768931 2.203390 -5.230870 1000.000000 2.952542 -1.624464 100.000000 -6.855333 -400581.171987 1.671754 0.509620 101.923944 0.069137 0.238998 47.799658
 7.599999 2.183392 2.963993 0.780601 0.206521 401.241249 2.203390 -5.230870 1000.000000 2.952542 -1.624464 100.000000 -6.855333 -400580.060505 1.589266 0.017056 3.411262 0.134155 0.899882 179.976346
 7.649999 2.159312 3.097519 0.938207 2.022345 2153.056551 2.203390 -5.230870 1000.000000 2.952542 -1.624464 100.000000 -6.855333 -400580.826224 1.624622 0.144860 28.971948 0.187459 1.757045 351.408914
 7.699999 2.153871 2.993121 0.839250 1.308395 2468.593683 2.203390 -5.230870 1000.000000 2.952542 -1.624464 100.000000 -6.855333 -400580.551766 1.584756 0.009743 1.948689 0.093277 0.435026 87.005110
 7.749999 2.150252 3.049760 0.899508 1.884374 2918.139556 2.203390 -5.230870 1000.000000 2.952542 -1.624464 100.000000 -6.855333 -400579.170348 1.723143 1.160478 232.095700 0.073816 0.272444 54.488713
 7.799999 2.178172 2.967286 0.789114 0.328837 638.110492 2.203390 -5.230870 1000.000000 2.952542 -1.624464 100.000000 -6.855333 -400577.416966 1.610817 0.080083 16.016633 0.019657 0.019320 3.864003
 7.849999 2.168230 3.049794 0.881564 1.090986 1330.762717 2.203390 -5.230870 1000.000000 2.952542 -1.624464 100.000000 -6.855333 -400579.740096 1.627256 0.159383 31.876556 0.096991 0.470367 94.073454
 7.899999 2.185429 2.994048 0.808620 0.247436 339.825702 2.203390 -5.230870 1000.000000 2.952542 -1.624464 100.000000 -6.855333 -400580.713277 1.603188 0.052461 10.492212 0.124160 0.770791 154.158226
 7.949999 2.183539 3.054920 0.871381 0.721084 498.856183 2.203390 -5.230870 1000.000000 2.952542 -1.624464 100.000000 -6.855333 -400580.754893 1.599743 0.041896 8.379133 0.123606 0.763924 152.784813
 7.999999 2.176407 2.955151 0.778744 0.364378 728.144301 2.203390 -5.230870 1000.000000 2.952542 -1.624464 100.000000 -6.855333 -400579.494232 1.625394 0.149045 29.809080 0.073066 0.266934 53.386715
 8.049999 2.205662 3.007822 0.802160 0.155372 35.720575 2.203390 -5.230870 1000.000000 2.952542 -1.624464 100.000000 -6.855333 -400579.880147 1.672287 0.515016 103.003132 0.050911 0.129596 25.919295
 8.099999 2.194930 3.019091 0.824161 0.257218 115.851198 2.203390 -5.230870 1000.000000 2.952542 -1.624464 100.000000 -6.855333 -400578.951103 1.609176 0.073650 14.729937 0.055853 0.155977 31.195306
 8.149999 2.193525 3.007681 0.814156 0.200668 127.714475 2.203390 -5.230870 1000.000000 2.952542 -1.624464 100.000000 -6.855333 -400579.765812 1.650896 0.320797 64.159394 0.147765 1.091726 218.345154
 8.199999 2.164385 3.002533 0.838148 0.885636 1546.356973 2.203390 -5.230870 1000.000000 2.952542 -1.624464 100.000000 -6.855333 -400582.093182 1.578539 0.002997 0.599483 0.139880 0.978316 195.663161
 8.249999 2.172419 3.058978 0.886559 1.046036 1072.504153 2.203390 -5.230870 1000.000000 2.952542 -1.624464 100.000000 -6.855333 -400580.482949 1.625865 0.151629 30.325768 0.120051 0.720612 144.122482
 8.299999 2.211797 2.929844 0.718047 0.061103 75.838130 2.203390 -5.230870 1000.000000 2.952542 -1.624464 100.000000 -6.855333 -400578.869515 1.672851 0.520762 104.152490 0.065477 0.214363 42.872648
 8.349999 2.178944 3.047454 0.868509 0.749198 687.659459 2.203390 -5.230870 1000.000000 2.952542 -1.624464 100.000000 -6.855333 -400581.945930 1.650682 0.319084 63.816853 0.072386 0.261986 52.397246
 8.399999 2.137955 3.050972 0.913017 2.625286 4378.612028 2.203390 -5.230870 1000.000000 2.952542 -1.624464 100.000000 -6.855333 -400582.355529 1.628722 0.167771 33.554151 0.078990 0.311969 62.393804
 8.449999 2.176466 3.002352 0.825886 0.486493 749.693482 2.203390 -5.230870 1000.000000 2.952542 -1.624464 100.000000 -6.855333 -400581.235139 1.627002 0.157951 31.590262 0.127245 0.809561 161.912268
 8.499999 2.183993 3.015171 0.831179 0.384246 415.478105 2.203390 -5.230870 1000.000000 2.952542 -1.624464 100.000000 -6.855333 -400577.780093 1.584841 0.009863 1.972549 0.162929 1.327293 265.458626
 8.549999 2.164992 2.980184 0.815192 0.775400 1482.031831 2.203390 -5.230870 1000.000000 2.952542 -1.624464 100.000000 -6.855333 -400581.264801 1.643030 0.260886 52.177131 0.131331 0.862394 172.478828
 8.599999 2.145947 3.079292 0.933345 2.453097 3460.294667 2.203390 -5.230870 1000.000000 2.952542 -1.624464 100.000000 -6.855333 -400580.263987 1.675553 0.548701 109.740242 0.069277 0.239964 47.992847
 8.649999 2.168017 3.064442 0.896425 1.251690 1376.447067 2.203390 -5.230870 1000.000000 2.952542 -1.624464 100.000000 -6.855333 -400577.304570 1.615105 0.098162 19.632423 0.146008 1.065911 213.182209
 8.699999 2.159742 3.006527 0.846785 1.098268 1934.247136 2.203390 -5.230870 1000.000000 2.952542 -1.624464 100.000000 -6.855333 -400581.299902 1.736717 1.376490 275.298045 0.077101 0.297229 59.445892
 8.749999 2.170704 3.013786 0.843082 0.721712 1105.849622 2.203390 -5.230870 1000.000000 2.952542 -1.624464 100.000000 -6.855333 -400579.289321 1.533579 0.069258 13.851656 0.140036 0.980502 196.100396
 8.799999 2.188491 3.034718 0.846227 0.448631 289.506184 2.203390 -5.230870 1000.000000 2.952542 -1.624464 100.000000 -6.855333 -400580.795297 1.576820 0.001814 0.362860 0.157217 1.235854 247.170852
 8.849999 2.175114 2.950065 0.774952 0.400079 799.605222 2.203390 -5.230870 1000.000000 2.952542 -1.624464 100.000000 -6.855333 -400577.920808 1.672882 0.521076 104.215223 0.115955 0.672283 134.456689
 8.899999 2.183550 3.098684 0.915134 1.264688 607.210521 2.203390 -5.230870 1000.000000 2.952542 -1.624464 100.000000 -6.855333 -400578.340788 1.632974 0.193301 38.660246 0.109585 0.600439 120.087768
 8.949999 2.182678 3.009734 0.827056 0.378042 461.703635 2.203390 -5.230870 1000.000000 2.952542 -1.624464 100.000000 -6.855333 -400577.460136 1.693794 0.756417 151.283431 0.018467 0.017052 3.410344
 8.999999 2.164300 3.021785 0.857485 1.003734 1575.957785 2.203390 -5.230870 1000.000000 2.952542 -1.624464 100.000000 -6.855333 -400578.827356 1.651925 0.329096 65.819163 0.171553 1.471514 294.302762
 9.049999 2.183423 2.972666 0.789243 0.219587 402.729607 2.203390 -5.230870 1000.000000 2.952542 -1.624464 100.000000 -6.855333 -400578.356148 1.607748 0.068271 13.654175 0.189815 1.801491 360.298155
 9.099999 2.173797 3.098384 0.924587 1.501357 1088.428054 2.203390 -5.230870 1000.000000 2.952542 -1.624464 100.000000 -6.855333 -400581.792726 1.645615 0.279893 55.978587 0.150393 1.130902 226.180449
 9.149999 2.199631 2.989930 0.790299 0.076955 28.104058 2.203390 -5.230870 1000.000000 2.952542 -1.624464 100.000000 -6.855333 -400575.893117 1.557534 0.008795 1.758955 0.143486 1.029413 205.882608
 9.199999 2.185652 3.046321 0.860669 0.597040 402.576183 2.203390 -5.230870 1000.000000 2.952542 -1.624464 100.000000 -6.855333 -400580.673742 1.756757 1.729075 345.814947 0.035258 0.062157 12.431461
 9.249999 2.162454 3.002165 0.839711 0.961007 1700.396037 2.203390 -5.230870 1000.000000 2.952542 -1.624464 100.000000 -6.855333 -400578.471668 1.545277 0.032562 6.512473 0.141707 1.004048 200.809561
 9.299999 2.176665 3.051537 0.874872 0.847102 812.209451 2.203390 -5.230870 1000.000000 2.952542 -1.624464 100.000000 -6.855333 -400581.291036 1.701493 0.854080 170.815908 0.169660 1.439228 287.845691
 9.349999 2.175307 2.938004 0.762696 0.404886 790.747513 2.203390 -5.230870 1000.000000 2.952542 -1.624464 100.000000 -6.855333 -400578.606886 1.567257 0.000626 0.125246 0.161930 1.311067 262.213383
 9.399999 2.152194 3.241855 1.089661 5.495580 3458.009215 2.203390 -5.230870 1000.000000 2.952542 -1.624464 100.000000 -6.855333 -400581.271196 1.644723 0.273257 54.651398 0.085702 0.367238 73.447532
 9.449999 2.140931 2.881401 0.740471 2.203629 3951.762369 2.203390 -5.230870 1000.000000 2.952542 -1.624464 100.000000 -6.855333 -400580.775921 1.678651 0.581635 116.326927 0.015731 0.012373 2.474684
 9.499999 2.198340 3.149258 0.950917 1.947597 412.465841 2.203390 -5.230870 1000.000000 2.952542 -1.624464 100.000000 -6.855333 -400579.414568 1.746369 1.541285 308.256982 0.138688 0.961718 192.343677
 9.549999 2.152717 2.892029 0.739313 1.466984 2604.401620 2.203390 -5.230870 1000.000000 2.952542 -1.624464 100.000000 -6.855333 -400579.099134 1.488793 0.336225 67.244913 0.120030 0.720358 144.071534
 9.599999 2.200737 3.139380 0.938643 1.748935 356.122089 2.203390 -5.230870 1000.000000 2.952542 -1.624464 100.000000 -6.855333 -400579.711112 1.767307 1.930824 386.164897 0.176598 1.559343 311.868593
 9.649999 2.158790 2.997805 0.839014 1.096987 2009.590481 2.203390 -5.230870 1000.000000 2.952542 -1.624464 100.000000 -6.855333 -400579.434126 1.542178 0.040951 8.190148 0.128411 0.824470 164.894090
 9.699999 2.168636 3.142632 0.973996 2.410620 1569.168058 2.203390 -5.230870 1000.000000 2.952542 -1.624464 100.000000 -6.855333 -400580.296270 1.730684 1.278207 255.641380 0.056032 0.156980 31.396002
 9.749999 2.139875 2.891445 0.751570 2.203697 4071.432743 2.203390 -5.230870 1000.000000 2.952542 -1.624464 100.000000 -6.855333 -400578.389522 1.662151 0.417284 83.456862 0.102851 0.528919 105.783858
 9.799999 2.182799 3.157192 0.974393 2.306067 842.804546 2.203390 -5.230870 1000.000000 2.952542 -1.624464 100.000000 -6.855333 -400581.058033 1.718715 1.093995 218.798935 0.176199 1.552303 310.460578
 9.849999 2.197495 2.895581 0.698086 0.179599 67.189678 2.203390 -5.230870 1000.000000 2.952542 -1.624464 100.000000 -6.855333 -400579.300796 1.586513 0.012351 2.470138 0.124758 0.778224 155.644807
 9.899999 2.212009 3.148164 0.936155 1.950533 456.968531 2.203390 -5.230870 1000.000000 2.952542 -1.624464 100.000000 -6.855333 -400579.391619 1.613991 0.093291 18.658114 0.201152 2.023106 404.621205
 9.949999 2.193997 2.969561 0.775565 0.058598 91.128295 2.203390 -5.230870 1000.000000 2.952542 -1.624464 100.000000 -6.855333 -400577.007046 1.610922 0.080502 16.100410 0.081917 0.335518 67.103550
 9.999999 2.150809 3.075000 0.924192 2.132196 2914.754211 2.203390 -5.230870 1000.000000 2.952542 -1.624464 100.000000 -6.855333 -400579.212129 1.718649 1.093018 218.603564 0.112229 0.629767 125.953437
 10.049999 2.193573 2.915472 0.721899 0.116891 110.105189 2.203390 -5.230870 1000.000000 2.952542 -1.624464 100.000000 -6.855333 -400576.474861 1.577371 0.002161 0.432230 0.118424 0.701215 140.243047
 10.099999 2.197549 3.044403 0.846854 0.438978 118.496551 2.203390 -5.230870 1000.000000 2.952542 -1.624464 100.000000 -6.855333 -400577.993803 1.690323 0.714335 142.867027 0.123089 0.757546 151.509155
 10.149999 2.172151 3.028751 0.856600 0.778313 1033.927289 2.203390 -5.230870 1000.000000 2.952542 -1.624464 100.000000 -6.855333 -400578.447514 1.558513 0.007544 1.508792 0.145999 1.065783 213.156522
 10.199999 2.161484 3.133478 0.971994 2.514921 2083.439059 2.203390 -5.230870 1000.000000 2.952542 -1.624464 100.000000 -6.855333 -400581.969291 1.659122 0.390071 78.014153 0.134473 0.904153 180.830554
 10.249999 2.203942 2.898925 0.694982 0.143895 29.053859 2.203390 -5.230870 1000.000000 2.952542 -1.624464 100.000000 -6.855333 -400578.318810 1.673575 0.528176 105.635219 0.066190 0.219054 43.810845
 10.299999 2.201500 3.095720 0.894221 1.026783 208.571947 2.203390 -5.230870 1000.000000 2.952542 -1.624464 100.000000 -6.855333 -400576.456878 1.632285 0.189045 37.809045 0.197145 1.943313 388.662523
 10.349999 2.198198 2.887662 0.689465 0.223950 69.053402 2.203390 -5.230870 1000.000000 2.952542 -1.624464 100.000000 -6.855333 -400578.359416 1.678253 0.577346 115.469231 0.112240 0.629891 125.978183
 10.399999 2.201032 3.065183 0.864151 0.637170 132.437607 2.203390 -5.230870 1000.000000 2.952542 -1.624464 100.000000 -6.855333 -400581.308870 1.599963 0.042534 8.506860 0.119496 0.713962 142.792317
 10.449999 2.206251 3.029035 0.822784 0.296654 66.699720 2.203390 -5.230870 1000.000000 2.952542 -1.624464 100.000000 -6.855333 -400576.036417 1.527776 0.092537 18.507480 0.129231 0.835034 167.006730
 10.499999 2.197404 2.988078 0.790673 0.081051 48.454055 2.203390 -5.230870 1000.000000 2.952542 -1.624464 100.000000 -6.855333 -400579.544985 1.714703 1.035458 207.091548 0.088688 0.393281 78.656175
 10.549999 2.181186 3.002113 0.820927 0.369374 517.595543 2.203390 -5.230870 1000.000000 2.952542 -1.624464 100.000000 -6.855333 -400577.852809 1.588631 0.015903 3.180581 0.077168 0.297745 59.548965
 10.599999 2.183519 3.021195 0.837676 0.433082 441.975491 2.203390 -5.230870 1000.000000 2.952542 -1.624464 100.000000 -6.855333 -400580.854371 1.682791 0.627135 125.427019 0.081044 0.328404 65.680775
 10.649999 2.173876 2.969215 0.795339 0.449420 873.822494 2.203390 -5.230870 1000.000000 2.952542 -1.624464 100.000000 -6.855333 -400581.170338 1.643707 0.265799 53.159873 0.102772 0.528100 105.620081
 10.699999 2.170604 3.165903 0.995298 2.813575 1530.112600 2.203390 -5.230870 1000.000000 2.952542 -1.624464 100.000000 -6.855333 -400580.693752 1.561823 0.004026 0.805172 0.158897 1.262405 252.481041
 10.749999 2.160614 2.958954 0.798340 0.916944 1830.189051 2.203390 -5.230870 1000.000000 2.952542 -1.624464 100.000000 -6.855333 -400582.199353 1.644770 0.273605 54.721003 0.127182 0.808761 161.752131
 10.799999 2.177503 3.014056 0.836553 0.524258 707.959953 2.203390 -5.230870 1000.000000 2.952542 -1.624464 100.000000 -6.855333 -400578.681569 1.679417 0.589924 117.984835 0.136799 0.935701 187.140270
 10.849999 2.179113 3.036847 0.857734 0.650054 660.452860 2.203390 -5.230870 1000.000000 2.952542 -1.624464 100.000000 -6.855333 -400576.632162 1.607544 0.067518 13.503678 0.075357 0.283933 56.786600
 10.899999 2.183764 3.014890 0.831126 0.386956 424.063664 2.203390 -5.230870 1000.000000 2.952542 -1.624464 100.000000 -6.855333 -400578.148276 1.730113 1.269088 253.817517 0.093215 0.434450 86.889954
 10.949999 2.140858 3.078881 0.938023 2.753178 4069.820463 2.203390 -5.230870 1000.000000 2.952542 -1.624464 100.000000 -6.855333 -400578.519098 1.585281 0.010491 2.098108 0.115285 0.664535 132.907065
 10.999999 2.173635 3.114376 0.940741 1.752172 1147.227233 2.203390 -5.230870 1000.000000 2.952542 -1.624464 100.000000 -6.855333 -400577.724364 1.605612 0.060607 12.121379 0.093218 0.434479 86.895813
 11.049999 2.174786 2.887662 0.712876 0.619560 860.272128 2.203390 -5.230870 1000.000000 2.952542 -1.624464 100.000000 -6.855333 -400576.890659 1.665549 0.448907 89.781301 0.135104 0.912653 182.530504
 11.099999 2.174822 3.082449 0.907627 1.251856 984.891032 2.203390 -5.230870 1000.000000 2.952542 -1.624464 100.000000 -6.855333 -400576.501932 1.675614 0.549341 109.868230 0.139097 0.967405 193.480964
 11.149999 2.111194 3.024073 0.912880 4.505917 8551.330018 2.203390 -5.230870 1000.000000 2.952542 -1.624464 100.000000 -6.855333 -400580.911616 1.622703 0.134717 26.943319 0.079496 0.315982 63.196435
 11.199999 2.160273 3.061373 0.901100 1.521730 1977.482355 2.203390 -5.230870 1000.000000 2.952542 -1.624464 100.000000 -6.855333 -400579.343761 1.679763 0.593692 118.738349 0.165578 1.370808 274.161617
 11.249999 2.178580 3.019319 0.840740 0.530735 660.143502 2.203390 -5.230870 1000.000000 2.952542 -1.624464 100.000000 -6.855333 -400577.732077 1.582872 0.007291 1.458163 0.108766 0.591503 118.300618
 11.299999 2.203422 3.046891 0.843469 0.445085 89.017848 2.203390 -5.230870 1000.000000 2.952542 -1.624464 100.000000 -6.855333 -400578.910120 1.628748 0.167922 33.584349 0.116263 0.675857 135.171421
 11.349999 2.133343 2.929376 0.796034 2.480130 4911.959871 2.203390 -5.230870 1000.000000 2.952542 -1.624464 100.000000 -6.855333 -400580.579318 1.671976 0.511864 102.372870 0.104679 0.547889 109.577794
 11.399999 2.151077 3.091720 0.940643 2.336859 2930.384905 2.203390 -5.230870 1000.000000 2.952542 -1.624464 100.000000 -6.855333 -400579.522272 1.653549 0.342399 68.479757 0.071007 0.252100 50.419927
 11.449999 2.182544 3.027923 0.845379 0.501381 491.356338 2.203390 -5.230870 1000.000000 2.952542 -1.624464 100.000000 -6.855333 -400579.327818 1.596250 0.032395 6.478983 0.113308 0.641940 128.387994
 11.499999 2.212524 2.961632 0.749108 0.045849 84.261612 2.203390 -5.230870 1000.000000 2.952542 -1.624464 100.000000 -6.855333 -400577.818170 1.640286 0.241440 48.287949 0.128176 0.821457 164.291390
 11.549999 2.181576 3.056500 0.874924 0.778279 583.913305 2.203390 -5.230870 1000.000000 2.952542 -1.624464 100.000000 -6.855333 -400579.389064 1.588055 0.014893 2.978581 0.095095 0.452155 90.430901
 11.599999 2.172353 2.986017 0.813665 0.537675 974.496920 2.203390 -5.230870 1000.000000 2.952542 -1.624464 100.000000 -6.855333 -400580.583798 1.660268 0.400263 80.052579 0.119468 0.713636 142.727192
 11.649999 2.207856 2.998160 0.790305 0.114023 40.755367 2.203390 -5.230870 1000.000000 2.952542 -1.624464 100.000000 -6.855333 -400577.194973 1.690169 0.712487 142.497493 0.089622 0.401608 80.321610
 11.699999 2.194869 3.064590 0.869722 0.664043 198.159073 2.203390 -5.230870 1000.000000 2.952542 -1.624464 100.000000 -6.855333 -400576.080411 1.517247 0.143378 28.675570 0.105178 0.553116 110.623204
 11.749999 2.184441 3.008795 0.824354 0.337748 390.708033 2.203390 -5.230870 1000.000000 2.952542 -1.624464 100.000000 -6.855333 -400577.773168 1.697045 0.796938 159.387563 0.126072 0.794701 158.940260
 11.799999 2.170925 2.978454 0.807530 0.560560 1060.691359 2.203390 -5.230870 1000.000000 2.952542 -1.624464 100.000000 -6.855333 -400577.742092 1.583865 0.008539 1.707884 0.087404 0.381975 76.395076
 11.849999 2.202729 3.058740 0.856011 0.564116 113.215919 2.203390 -5.230870 1000.000000 2.952542 -1.624464 100.000000 -6.855333 -400578.699982 1.605363 0.059743 11.948580 0.069152 0.239103 47.820515
 11.899999 2.215588 2.895311 0.679723 0.238171 181.551761 2.203390 -5.230870 1000.000000 2.952542 -1.624464 100.000000 -6.855333 -400575.247913 1.678198 0.576757 115.351474 0.064440 0.207629 41.525709
 11.949999 2.163158 3.134978 0.971821 2.473458 1951.453772 2.203390 -5.230870 1000.000000 2.952542 -1.624464 100.000000 -6.855333 -400578.200547 1.584237 0.009033 1.806584 0.104090 0.541734 108.346841
 11.999999 2.165545 2.990986 0.825441 0.790017 1447.019604 2.203390 -5.230870 1000.000000 2.952542 -1.624464 100.000000 -6.855333 -400577.763000 1.588335 0.015380 3.075970 0.138260 0.955789 191.157751
 12.049999 2.197905 3.014963 0.817059 0.209864 69.052342 2.203390 -5.230870 1000.000000 2.952542 -1.624464 100.000000 -6.855333 -400580.977010 1.714056 1.026162 205.232443 0.125669 0.789638 157.927643
 12.099999 2.198780 2.969141 0.770361 0.024399 24.002940 2.203390 -5.230870 1000.000000 2.952542 -1.624464 100.000000 -6.855333 -400577.689443 1.559528 0.006349 1.269710 0.078119 0.305129 61.025738
 12.149999 2.187043 3.041700 0.854657 0.531059 346.698923 2.203390 -5.230870 1000.000000 2.952542 -1.624464 100.000000 -6.855333 -400581.556397 1.701433 0.853293 170.658551 0.053928 0.145409 29.081765
 12.199999 2.169336 2.953519 0.784183 0.579894 1159.701999 2.203390 -5.230870 1000.000000 2.952542 -1.624464 100.000000 -6.855333 -400576.849904 1.611762 0.083911 16.782268 0.114496 0.655465 131.092939
 12.249999 2.195511 3.166699 0.971188 2.324191 520.702961 2.203390 -5.230870 1000.000000 2.952542 -1.624464 100.000000 -6.855333 -400578.598959 1.589416 0.017334 3.466811 0.138162 0.954430 190.886068
 12.299999 2.197307 2.912856 0.715549 0.097249 52.748816 2.203390 -5.230870 1000.000000 2.952542 -1.624464 100.000000 -6.855333 -400580.114756 1.613607 0.091640 18.327919 0.119500 0.714007 142.801486
 12.349999 2.198037 3.057986 0.859949 0.570246 139.840007 2.203390 -5.230870 1000.000000 2.952542 -1.624464 100.000000 -6.855333 -400580.696909 1.694562 0.765900 153.179983 0.140324 0.984539 196.907784
 12.399999 2.146443 2.966247 0.819804 1.630858 3244.813230 2.203390 -5.230870 1000.000000 2.952542 -1.624464 100.000000 -6.855333 -400579.088921 1.613786 0.092404 18.480797 0.043982 0.096722 19.344321
 12.449999 2.171003 3.118550 0.947547 1.902375 1324.486123 2.203390 -5.230870 1000.000000 2.952542 -1.624464 100.000000 -6.855333 -400580.406902 1.738274 1.402441 280.488145 0.134748 0.907853 181.570528
 12.499999 2.158944 2.989347 0.830403 1.055426 1988.936095 2.203390 -5.230870 1000.000000 2.952542 -1.624464 100.000000 -6.855333 -400577.922381 1.553989 0.014124 2.824799 0.132244 0.874428 174.885601
 12.549999 2.177856 3.119857 0.942001 1.725690 931.902508 2.203390 -5.230870 1000.000000 2.952542 -1.624464 100.000000 -6.855333 -400576.744400 1.648929 0.305235 61.047088 0.141124 0.995794 199.158710
 12.599999 2.123167 2.894547 0.771381 3.386061 6469.410808 2.203390 -5.230870 1000.000000 2.952542 -1.624464 100.000000 -6.855333 -400578.071995 1.629254 0.170864 34.172824 0.121713 0.740705 148.140978
 12.649999 2.149892 3.152351 1.002459 3.427179 3261.252061 2.203390 -5.230870 1000.000000 2.952542 -1.624464 100.000000 -6.855333 -400579.450316 1.756390 1.722248 344.449699 0.064906 0.210637 42.127372
 12.699999 2.132994 2.996638 0.863644 2.574992 4974.983731 2.203390 -5.230870 1000.000000 2.952542 -1.624464 100.000000 -6.855333 -400580.816416 1.589748 0.017959 3.591809 0.098437 0.484492 96.898448
 12.749999 2.168206 3.100660 0.932454 1.715891 1457.294686 2.203390 -5.230870 1000.000000 2.952542 -1.624464 100.000000 -6.855333 -400579.888637 1.722032 1.143614 228.722867 0.192835 1.859269 371.853729
 12.799999 2.152627 2.995570 0.842944 1.381015 2595.403205 2.203390 -5.230870 1000.000000 2.952542 -1.624464 100.000000 -6.855333 -400579.765638 1.528980 0.087429 17.485782 0.146869 1.078523 215.704606
 12.849999 2.178526 3.082386 0.903860 1.152069 786.789946 2.203390 -5.230870 1000.000000 2.952542 -1.624464 100.000000 -6.855333 -400580.664713 1.684613 0.647710 129.542064 0.139942 0.979182 195.836397
 12.899999 2.143449 2.908496 0.765048 1.893472 3612.338507 2.203390 -5.230870 1000.000000 2.952542 -1.624464 100.000000 -6.855333 -400580.581490 1.682907 0.628441 125.688107 0.026784 0.035869 7.173724
 12.949999 2.191076 3.140731 0.949656 1.846571 505.790496 2.203390 -5.230870 1000.000000 2.952542 -1.624464 100.000000 -6.855333 -400579.175194 1.635566 0.209754 41.950709 0.076271 0.290867 58.173402
 12.999999 2.169056 2.967975 0.798919 0.601314 1181.192898 2.203390 -5.230870 1000.000000 2.952542 -1.624464 100.000000 -6.855333 -400578.344672 1.629840 0.174309 34.861716 0.128560 0.826389 165.277768
 13.049999 2.206430 3.025248 0.818818 0.268927 62.103143 2.203390 -5.230870 1000.000000 2.952542 -1.624464 100.000000 -6.855333 -400577.838698 1.629123 0.170103 34.020549 0.166795 1.391036 278.207221
 13.099999 2.154229 2.990962 0.836733 1.282213 2431.580773 2.203390 -5.230870 1000.000000 2.952542 -1.624464 100.000000 -6.855333 -400577.326599 1.500419 0.247649 49.529757 0.149566 1.118503 223.700627
 13.149999 2.240335 2.996224 0.755889 0.777880 1384.031974 2.203390 -5.230870 1000.000000 2.952542 -1.624464 100.000000 -6.855333 -400577.681634 1.743147 1.485235 297.046930 0.084822 0.359741 71.948190
 13.199999 2.200728 2.996273 0.795546 0.099163 26.211698 2.203390 -5.230870 1000.000000 2.952542 -1.624464 100.000000 -6.855333 -400577.214596 1.569416 0.000095 0.019062 0.112843 0.636674 127.334721
 13.249999 2.215166 3.065291 0.850125 0.704960 265.809776 2.203390 -5.230870 1000.000000 2.952542 -1.624464 100.000000 -6.855333 -400579.091617 1.626097 0.152909 30.581769 0.130927 0.857100 171.420024
 13.299999 2.205313 2.931849 0.726536 0.023260 7.981297 2.203390 -5.230870 1000.000000 2.952542 -1.624464 100.000000 -6.855333 -400576.896207 1.646058 0.283219 56.643735 0.183803 1.689172 337.834320
 13.349999 2.203868 3.047374 0.843506 0.449768 90.159525 2.203390 -5.230870 1000.000000 2.952542 -1.624464 100.000000 -6.855333 -400577.604877 1.566871 0.000771 0.154115 0.194543 1.892344 378.468748
 13.399999 2.198708 2.934647 0.735939 0.026973 25.123062 2.203390 -5.230870 1000.000000 2.952542 -1.624464 100.000000 -6.855333 -400577.704781 1.626152 0.153215 30.642932 0.084472 0.356774 71.354760
 13.449999 2.193472 3.045026 0.851554 0.476840 183.897401 2.203390 -5.230870 1000.000000 2.952542 -1.624464 100.000000 -6.855333 -400579.152461 1.656243 0.365058 73.011649 0.090453 0.409083 81.816629
 13.499999 2.185721 3.008661 0.822940 0.313558 343.683841 2.203390 -5.230870 1000.000000 2.952542 -1.624464 100.000000 -6.855333 -400578.166066 1.592095 0.022682 4.536345 0.067602 0.228499 45.699719
 13.549999 2.200898 3.033331 0.832432 0.329441 71.475557 2.203390 -5.230870 1000.000000 2.952542 -1.624464 100.000000 -6.855333 -400580.056335 1.633514 0.196678 39.335670 0.122981 0.756215 151.242906
 13.599999 2.197957 2.917357 0.719400 0.076660 41.895906 2.203390 -5.230870 1000.000000 2.952542 -1.624464 100.000000 -6.855333 -400579.197426 1.587412 0.013803 2.760691 0.158332 1.253444 250.688841
 13.649999 2.183638 3.051583 0.867945 0.685524 488.241948 2.203390 -5.230870 1000.000000 2.952542 -1.624464 100.000000 -6.855333 -400581.400662 1.635674 0.210454 42.090867 0.111830 0.625297 125.059386
 13.699999 2.155202 3.041234 0.886032 1.554366 2400.773936 2.203390 -5.230870 1000.000000 2.952542 -1.624464 100.000000 -6.855333 -400581.075915 1.608461 0.070931 14.186254 0.102831 0.528712 105.742497
 13.749999 2.178210 2.979056 0.800847 0.352168 641.067506 2.203390 -5.230870 1000.000000 2.952542 -1.624464 100.000000 -6.855333 -400580.335142 1.678577 0.580831 116.166163 0.104181 0.542683 108.536562
 13.799999 2.198792 3.047721 0.848929 0.463521 111.727013 2.203390 -5.230870 1000.000000 2.952542 -1.624464 100.000000 -6.855333 -400578.870294 1.647410 0.293482 58.696318 0.079273 0.314212 62.842369
 13.849999 2.160759 2.978440 0.817680 0.942208 1824.054927 2.203390 -5.230870 1000.000000 2.952542 -1.624464 100.000000 -6.855333 -400582.087546 1.607341 0.066777 13.355435 0.135953 0.924164 184.832729
 13.899999 2.142938 3.029593 0.886655 2.124067 3713.822206 2.203390 -5.230870 1000.000000 2.952542 -1.624464 100.000000 -6.855333 -400580.272826 1.663929 0.433687 86.737361 0.147037 1.080996 216.199270
 13.949999 2.149995 3.051582 0.901587 1.915942 2949.094959 2.203390 -5.230870 1000.000000 2.952542 -1.624464 100.000000 -6.855333 -400579.636190 1.556921 0.009626 1.925122 0.109286 0.597168 119.433656
 13.999999 2.200618 3.043566 0.842948 0.418106 90.536271 2.203390 -5.230870 1000.000000 2.952542 -1.624464 100.000000 -6.855333 -400580.007879 1.669859 0.490668 98.133633 0.066719 0.222570 44.513954
 14.049999 2.169499 2.950099 0.780600 0.574585 1148.632985 2.203390 -5.230870 1000.000000 2.952542 -1.624464 100.000000 -6.855333 -400579.329892 1.664096 0.435243 87.048552 0.045089 0.101650 20.329921
 14.099999 2.175768 3.054622 0.878854 0.902504 867.194252 2.203390 -5.230870 1000.000000 2.952542 -1.624464 100.000000 -6.855333 -400579.054349 1.608921 0.072675 14.534928 0.088305 0.389886 77.977193
 14.149999 2.216969 2.942482 0.725513 0.097252 185.395032 2.203390 -5.230870 1000.000000 2.952542 -1.624464 100.000000 -6.855333 -400578.622885 1.614708 0.096413 19.282571 0.133686 0.893604 178.720799
 14.199999 2.201063 3.056330 0.855267 0.541305 113.132757 2.203390 -5.230870 1000.000000 2.952542 -1.624464 100.000000 -6.855333 -400578.550399 1.620284 0.122452 24.490455 0.164683 1.356018 271.203566
 14.249999 2.184112 3.008466 0.824354 0.342192 402.912337 2.203390 -5.230870 1000.000000 2.952542 -1.624464 100.000000 -6.855333 -400577.657780 1.542039 0.041349 8.269780 0.072430 0.262307 52.461406
 14.299999 2.205869 2.991626 0.785757 0.079450 21.421819 2.203390 -5.230870 1000.000000 2.952542 -1.624464 100.000000 -6.855333 -400578.034935 1.712022 0.997241 199.448280 0.094872 0.450036 90.007113
 14.349999 2.235585 2.961295 0.725710 0.522092 1037.288238 2.203390 -5.230870 1000.000000 2.952542 -1.624464 100.000000 -6.855333 -400576.442691 1.585656 0.011041 2.208228 0.064618 0.208772 41.754339
 14.399999 2.210364 3.038278 0.827915 0.391851 122.141773 2.203390 -5.230870 1000.000000 2.952542 -1.624464 100.000000 -6.855333 -400574.010500 1.554107 0.013927 2.785449 0.112133 0.628694 125.738794
 14.449999 2.192893 2.954840 0.761947 0.055357 110.238831 2.203390 -5.230870 1000.000000 2.952542 -1.624464 100.000000 -6.855333 -400578.416344 1.635440 0.208937 41.787490 0.143745 1.033137 206.627338
 14.499999 2.201438 3.050501 0.849062 0.481696 99.767093 2.203390 -5.230870 1000.000000 2.952542 -1.624464 100.000000 -6.855333 -400578.444564 1.573362 0.000329 0.065823 0.085565 0.366068 73.213594
 14.549999 2.220776 3.000169 0.779393 0.264546 324.949697 2.203390 -5.230870 1000.000000 2.952542 -1.624464 100.000000 -6.855333 -400579.545247 1.604543 0.056941 11.388134 0.052668 0.138694 27.738727
 14.599999 2.193269 2.908681 0.715412 0.147409 121.670908 2.203390 -5.230870 1000.000000 2.952542 -1.624464 100.000000 -6.855333 -400578.095160 1.689502 0.704550 140.910023 0.047995 0.115175 23.034976
 14.649999 2.151707 3.134179 0.982472 2.985147 3001.033103 2.203390 -5.230870 1000.000000 2.952542 -1.624464 100.000000 -6.855333 -400580.178077 1.584267 0.009073 1.814623 0.056589 0.160118 32.023544
 14.699999 2.184963 2.988163 0.803200 0.233218 352.242535 2.203390 -5.230870 1000.000000 2.952542 -1.624464 100.000000 -6.855333 -400579.856321 1.604239 0.055922 11.184325 0.135445 0.917264 183.452836
 14.749999 2.204254 2.964002 0.759748 0.006939 2.059443 2.203390 -5.230870 1000.000000 2.952542 -1.624464 100.000000 -6.855333 -400576.655465 1.668849 0.480716 96.143156 0.157251 1.236388 247.277533
 14.799999 2.174392 3.051459 0.877067 0.909656 938.705904 2.203390 -5.230870 1000.000000 2.952542 -1.624464 100.000000 -6.855333 -400575.269218 1.555603 0.011542 2.308424 0.098352 0.483655 96.731092
 14.849999 2.175025 3.009457 0.834432 0.564253 836.972145 2.203390 -5.230870 1000.000000 2.952542 -1.624464 100.000000 -6.855333 -400576.866772 1.690758 0.719536 143.907152 0.068113 0.231969 46.393768
 14.899999 2.146541 3.018479 0.871937 1.833254 3275.222139 2.203390 -5.230870 1000.000000 2.952542 -1.624464 100.000000 -6.855333 -400580.776795 1.648523 0.302072 60.414308 0.092039 0.423555 84.710924
 14.949999 2.175502 3.066858 0.891356 1.042268 908.419422 2.203390 -5.230870 1000.000000 2.952542 -1.624464 100.000000 -6.855333 -400575.338644 1.592598 0.023765 4.753086 0.107727 0.580256 116.051157
 14.999999 2.167566 3.009240 0.841674 0.802403 1315.487491 2.203390 -5.230870 1000.000000 2.952542 -1.624464 100.000000 -6.855333 -400579.613542 1.661905 0.415038 83.007666 0.137799 0.949422 189.884349
 15.049999 2.167823 3.003904 0.836081 0.764412 1291.405292 2.203390 -5.230870 1000.000000 2.952542 -1.624464 100.000000 -6.855333 -400579.532120 1.645248 0.277151 55.430118 0.120875 0.730535 146.107035
 15.099999 2.138820 3.053340 0.914520 2.592644 4270.867833 2.203390 -5.230870 1000.000000 2.952542 -1.624464 100.000000 -6.855333 -400577.612748 1.632244 0.188789 37.757826 0.080987 0.327948 65.589611
 15.149999 2.164811 3.012751 0.847940 0.925414 1524.568537 2.203390 -5.230870 1000.000000 2.952542 -1.624464 100.000000 -6.855333 -400579.328110 1.671453 0.506588 101.317532 0.082531 0.340566 68.113176
 15.199999 2.172884 3.059362 0.886478 1.035837 1044.733017 2.203390 -5.230870 1000.000000 2.952542 -1.624464 100.000000 -6.855333 -400579.362784 1.661967 0.415607 83.121432 0.068460 0.234338 46.867536
 15.249999 2.166296 3.016373 0.850078 0.891710 1416.725067 2.203390 -5.230870 1000.000000 2.952542 -1.624464 100.000000 -6.855333 -400575.897469 1.569537 0.000079 0.015865 0.094117 0.442904 88.580835
 15.299999 2.184889 2.993077 0.808188 0.253295 358.712714 2.203390 -5.230870 1000.000000 2.952542 -1.624464 100.000000 -6.855333 -400577.088058 1.692487 0.740437 148.087364 0.144136 1.038759 207.751871
 15.349999 2.198271 2.974945 0.776674 0.038194 31.217733 2.203390 -5.230870 1000.000000 2.952542 -1.624464 100.000000 -6.855333 -400576.057935 1.620938 0.125709 25.141882 0.104360 0.544555 108.911049
 15.399999 2.230349 3.058076 0.827727 0.920252 838.145357 2.203390 -5.230870 1000.000000 2.952542 -1.624464 100.000000 -6.855333 -400579.705625 1.615358 0.099288 19.857609 0.086310 0.372470 74.494071
 15.449999 2.224740 2.906348 0.681608 0.334610 477.165130 2.203390 -5.230870 1000.000000 2.952542 -1.624464 100.000000 -6.855333 -400576.155871 1.596650 0.033420 6.684050 0.097536 0.475664 95.132749
 15.499999 2.238182 3.023853 0.785672 0.859505 1261.335533 2.203390 -5.230870 1000.000000 2.952542 -1.624464 100.000000 -6.855333 -400577.563975 1.623193 0.137273 27.454550 0.083794 0.351074 70.214875
 15.549999 2.229030 2.946748 0.717718 0.330382 657.742556 2.203390 -5.230870 1000.000000 2.952542 -1.624464 100.000000 -6.855333 -400576.989160 1.552405 0.016911 3.382250 0.103450 0.535093 107.018671
 15.599999 2.194297 2.995437 0.801139 0.133334 101.076298 2.203390 -5.230870 1000.000000 2.952542 -1.624464 100.000000 -6.855333 -400576.492913 1.691511 0.728600 145.719990 0.124739 0.777993 155.598614
 15.649999 2.210962 3.021115 0.810153 0.263783 104.361373 2.203390 -5.230870 1000.000000 2.952542 -1.624464 100.000000 -6.855333 -400572.785328 1.594630 0.028401 5.680274 0.088635 0.392806 78.561271
 15.699999 2.182703 3.041256 0.858553 0.607469 506.627676 2.203390 -5.230870 1000.000000 2.952542 -1.624464 100.000000 -6.855333 -400578.442609 1.610133 0.077369 15.473886 0.077212 0.298084 59.616777
 15.749999 2.208541 2.930106 0.721566 0.038434 31.563681 2.203390 -5.230870 1000.000000 2.952542 -1.624464 100.000000 -6.855333 -400576.762096 1.658465 0.384289 76.857765 0.078504 0.308142 61.628313
 15.799999 2.165667 3.053978 0.888311 1.225952 1525.880855 2.203390 -5.230870 1000.000000 2.952542 -1.624464 100.000000 -6.855333 -400578.932724 1.597343 0.035236 7.047108 0.099299 0.493015 98.603017
 15.849999 2.189971 3.001127 0.811156 0.208058 203.676449 2.203390 -5.230870 1000.000000 2.952542 -1.624464 100.000000 -6.855333 -400578.637213 1.633632 0.197415 39.483093 0.103778 0.538497 107.699371
 15.899999 2.144188 3.013562 0.869374 1.938616 3542.128066 2.203390 -5.230870 1000.000000 2.952542 -1.624464 100.000000 -6.855333 -400579.264462 1.665110 0.444755 88.950920 0.122777 0.753707 150.741368
 15.949999 2.157955 3.042644 0.884689 1.438080 2145.519069 2.203390 -5.230870 1000.000000 2.952542 -1.624464 100.000000 -6.855333 -400573.905336 1.599668 0.041679 8.335708 0.063850 0.203842 40.768487
 15.999999 2.140660 3.022035 0.881375 2.208971 3983.310217 2.203390 -5.230870 1000.000000 2.952542 -1.624464 100.000000 -6.855333 -400577.069842 1.678491 0.579905 115.981039 0.088640 0.392856 78.571292
 16.049999 2.173181 2.986828 0.813647 0.515049 924.301979 2.203390 -5.230870 1000.000000 2.952542 -1.624464 100.000000 -6.855333 -400576.340274 1.664108 0.435354 87.070899 0.073744 0.271907 54.381460
 16.099999 2.156269 3.054927 0.898658 1.634319 2325.196474 2.203390 -5.230870 1000.000000 2.952542 -1.624464 100.000000 -6.855333 -400578.211316 1.613724 0.092139 18.427882 0.102229 0.522541 104.508124
 16.149999 2.162001 3.006305 0.844304 1.001033 1741.930534 2.203390 -5.230870 1000.000000 2.952542 -1.624464 100.000000 -6.855333 -400577.044174 1.647127 0.291320 58.264030 0.101711 0.517255 103.451048
 16.199999 2.117476 3.052639 0.935163 4.191575 7481.419531 2.203390 -5.230870 1000.000000 2.952542 -1.624464 100.000000 -6.855333 -400578.560565 1.642806 0.259270 51.853928 0.109817 0.602992 120.598386
 16.249999 2.164516 3.048473 0.883956 1.215711 1603.188274 2.203390 -5.230870 1000.000000 2.952542 -1.624464 100.000000 -6.855333 -400579.436847 1.647398 0.293390 58.677919 0.073290 0.268574 53.714754
 16.299999 2.160126 2.971061 0.810934 0.953010 1875.156530 2.203390 -5.230870 1000.000000 2.952542 -1.624464 100.000000 -6.855333 -400578.347598 1.644985 0.275197 55.039476 0.079401 0.315229 63.045809
 16.349999 2.216933 3.014248 0.797315 0.282085 221.491850 2.203390 -5.230870 1000.000000 2.952542 -1.624464 100.000000 -6.855333 -400578.747430 1.624450 0.143937 28.787308 0.074386 0.276662 55.332482
 16.399999 2.162854 3.011645 0.848791 0.996231 1678.083158 2.203390 -5.230870 1000.000000 2.952542 -1.624464 100.000000 -6.855333 -400579.568972 1.614649 0.096151 19.230134 0.105822 0.559919 111.983761
 16.449999 2.191565 2.987614 0.796050 0.131420 152.135973 2.203390 -5.230870 1000.000000 2.952542 -1.624464 100.000000 -6.855333 -400576.630804 1.634803 0.204841 40.968143 0.101620 0.516334 103.266848
 16.499999 2.185450 3.016232 0.830782 0.363741 362.409703 2.203390 -5.230870 1000.000000 2.952542 -1.624464 100.000000 -6.855333 -400576.167009 1.550533 0.020529 4.105828 0.094468 0.446215 89.242952
 16.549999 2.240742 2.950344 0.709602 0.697821 1395.207064 2.203390 -5.230870 1000.000000 2.952542 -1.624464 100.000000 -6.855333 -400578.514142 1.644471 0.271398 54.279687 0.067567 0.228266 45.653259
 16.599999 2.193143 2.981010 0.787867 0.093018 113.100200 2.203390 -5.230870 1000.000000 2.952542 -1.624464 100.000000 -6.855333 -400578.244029 1.613631 0.091742 18.348307 0.066593 0.221734 44.346744
 16.649999 2.202186 3.034632 0.832446 0.337659 68.835632 2.203390 -5.230870 1000.000000 2.952542 -1.624464 100.000000 -6.855333 -400579.555829 1.613981 0.093244 18.648769 0.083485 0.348491 69.698146
 16.699999 2.180422 2.949809 0.769388 0.264141 527.609012 2.203390 -5.230870 1000.000000 2.952542 -1.624464 100.000000 -6.855333 -400579.179101 1.621224 0.127148 25.429591 0.128457 0.825056 165.011186
 16.749999 2.234173 3.028858 0.794685 0.765008 1005.844497 2.203390 -5.230870 1000.000000 2.952542 -1.624464 100.000000 -6.855333 -400579.069720 1.584447 0.009317 1.863459 0.107441 0.577176 115.435295
 16.799999 2.175989 3.012740 0.836751 0.556591 787.043000 2.203390 -5.230870 1000.000000 2.952542 -1.624464 100.000000 -6.855333 -400578.633423 1.643173 0.261919 52.383764 0.092610 0.428828 85.765695
 16.849999 2.160003 2.969018 0.809015 0.954771 1885.110638 2.203390 -5.230870 1000.000000 2.952542 -1.624464 100.000000 -6.855333 -400579.099156 1.674874 0.541607 108.321361 0.062660 0.196313 39.262544
 16.899999 2.184097 3.069553 0.885456 0.870679 509.134964 2.203390 -5.230870 1000.000000 2.952542 -1.624464 100.000000 -6.855333 -400578.631189 1.588401 0.015496 3.099197 0.069932 0.244528 48.905518
 16.949999 2.206205 2.988380 0.782176 0.068180 20.767265 2.203390 -5.230870 1000.000000 2.952542 -1.624464 100.000000 -6.855333 -400578.241105 1.628746 0.167908 33.581656 0.102732 0.527694 105.538865
 16.999999 2.144979 2.969643 0.824664 1.720526 3414.732948 2.203390 -5.230870 1000.000000 2.952542 -1.624464 100.000000 -6.855333 -400581.881956 1.666747 0.460325 92.065079 0.133944 0.897046 179.409160
 17.049999 2.172263 3.070556 0.898293 1.180797 1108.146952 2.203390 -5.230870 1000.000000 2.952542 -1.624464 100.000000 -6.855333 -400579.780528 1.570124 0.000023 0.004514 0.087930 0.386585 77.316931
 17.099999 2.186365 2.990120 0.803755 0.215521 303.955421 2.203390 -5.230870 1000.000000 2.952542 -1.624464 100.000000 -6.855333 -400578.198251 1.654680 0.351827 70.365376 0.091745 0.420853 84.170688
 17.149999 2.215114 2.976600 0.761486 0.097660 143.232774 2.203390 -5.230870 1000.000000 2.952542 -1.624464 100.000000 -6.855333 -400578.682517 1.672854 0.520789 104.157763 0.088414 0.390852 78.170359
 17.199999 2.147598 3.064848 0.917250 2.186972 3238.813191 2.203390 -5.230870 1000.000000 2.952542 -1.624464 100.000000 -6.855333 -400578.612980 1.561932 0.003929 0.785721 0.042801 0.091598 18.319594
 17.249999 2.202458 2.976298 0.773840 0.028650 6.511197 2.203390 -5.230870 1000.000000 2.952542 -1.624464 100.000000 -6.855333 -400578.723708 1.690686 0.718675 143.735047 0.116064 0.673542 134.708412
 17.299999 2.189600 2.961246 0.771646 0.098867 190.915587 2.203390 -5.230870 1000.000000 2.952542 -1.624464 100.000000 -6.855333 -400578.252480 1.593369 0.025477 5.095473 0.126072 0.794713 158.942612
 17.349999 2.210704 3.056430 0.845726 0.566381 161.421499 2.203390 -5.230870 1000.000000 2.952542 -1.624464 100.000000 -6.855333 -400580.423012 1.561258 0.004549 0.909818 0.105078 0.552064 110.412849
 17.399999 2.187986 2.951598 0.763612 0.118687 237.293635 2.203390 -5.230870 1000.000000 2.952542 -1.624464 100.000000 -6.855333 -400576.612711 1.695167 0.773398 154.679685 0.090453 0.409091 81.818101
 17.449999 2.188910 3.032376 0.843467 0.423511 273.413455 2.203390 -5.230870 1000.000000 2.952542 -1.624464 100.000000 -6.855333 -400578.322518 1.609052 0.073176 14.635173 0.047679 0.113664 22.732889
 17.499999 2.199482 3.020938 0.821456 0.241535 62.050161 2.203390 -5.230870 1000.000000 2.952542 -1.624464 100.000000 -6.855333 -400577.972456 1.633058 0.193824 38.764817 0.064976 0.211096 42.219277
 17.549999 2.159825 2.944618 0.784793 0.952085 1898.518793 2.203390 -5.230870 1000.000000 2.952542 -1.624464 100.000000 -6.855333 -400576.222832 1.672707 0.519285 103.857024 0.121491 0.738005 147.600945
 17.599999 2.152207 3.110722 0.958516 2.560906 2869.940651 2.203390 -5.230870 1000.000000 2.952542 -1.624464 100.000000 -6.855333 -400578.383674 1.592382 0.023297 4.659364 0.151112 1.141738 228.347562
 17.649999 2.129864 3.039266 0.909403 3.079098 5481.300431 2.203390 -5.230870 1000.000000 2.952542 -1.624464 100.000000 -6.855333 -400578.547580 1.571121 0.000005 0.001054 0.117175 0.686500 137.299971
 17.699999 2.149670 3.025868 0.876198 1.711743 2939.591789 2.203390 -5.230870 1000.000000 2.952542 -1.624464 100.000000 -6.855333 -400580.551723 1.717371 1.074208 214.841537 0.074442 0.277077 55.415426
 17.749999 2.153633 3.022060 0.868427 1.479518 2524.097510 2.203390 -5.230870 1000.000000 2.952542 -1.624464 100.000000 -6.855333 -400577.128536 1.638287 0.227751 45.550145 0.039877 0.079508 15.901593
 17.799999 2.132789 3.082212 0.949423 3.332946 5152.603567 2.203390 -5.230870 1000.000000 2.952542 -1.624464 100.000000 -6.855333 -400581.472145 1.684482 0.646216 129.243270 0.070043 0.245302 49.060397
 17.849999 2.130610 2.976946 0.846336 2.678227 5302.855683 2.203390 -5.230870 1000.000000 2.952542 -1.624464 100.000000 -6.855333 -400580.715685 1.678401 0.578934 115.786894 0.125434 0.786689 157.337830
 17.899999 2.156368 3.086531 0.930163 2.003182 2390.607336 2.203390 -5.230870 1000.000000 2.952542 -1.624464 100.000000 -6.855333 -400578.964244 1.540420 0.046135 9.226949 0.128175 0.821447 164.289342
 17.949999 2.221762 3.000357 0.778595 0.283087 360.412822 2.203390 -5.230870 1000.000000 2.952542 -1.624464 100.000000 -6.855333 -400578.514955 1.583628 0.008232 1.646399 0.095935 0.460173 92.034508
 17.999999 2.204634 2.929347 0.724713 0.027676 6.928260 2.203390 -5.230870 1000.000000 2.952542 -1.624464 100.000000 -6.855333 -400579.179924 1.721754 1.139408 227.881616 0.072756 0.264673 52.934642
 18.049999 2.208226 3.048694 0.840468 0.473954 115.840000 2.203390 -5.230870 1000.000000 2.952542 -1.624464 100.000000 -6.855333 -400575.030290 1.526728 0.097100 19.419989 0.014833 0.011001 2.200181
 18.099999 2.228563 2.997199 0.768635 0.416562 653.645707 2.203390 -5.230870 1000.000000 2.952542 -1.624464 100.000000 -6.855333 -400576.110369 1.646830 0.289058 57.811593 0.098394 0.484070 96.813945
 18.149999 2.225316 2.891079 0.665763 0.429262 518.522934 2.203390 -5.230870 1000.000000 2.952542 -1.624464 100.000000 -6.855333 -400577.512442 1.603048 0.052008 10.401549 0.135506 0.918094 183.618739
 18.199999 2.234876 3.089903 0.855027 1.439070 1180.035841 2.203390 -5.230870 1000.000000 2.952542 -1.624464 100.000000 -6.855333 -400577.402800 1.468124 0.527085 105.417025 0.107609 0.578987 115.797338
 18.249999 2.207063 2.977163 0.770101 0.037053 19.550820 2.203390 -5.230870 1000.000000 2.952542 -1.624464 100.000000 -6.855333 -400578.905432 1.615455 0.099719 19.943847 0.084394 0.356113 71.222661
 18.299999 2.214399 2.913171 0.698772 0.138103 136.695706 2.203390 -5.230870 1000.000000 2.952542 -1.624464 100.000000 -6.855333 -400577.013922 1.672413 0.516295 103.258950 0.061109 0.186716 37.343172
 18.349999 2.190670 3.124916 0.934246 1.566527 458.916395 2.203390 -5.230870 1000.000000 2.952542 -1.624464 100.000000 -6.855333 -400577.626047 1.492261 0.308388 61.677694 0.083188 0.346014 69.202881
 18.399999 2.189480 2.949230 0.759750 0.097292 193.597669 2.203390 -5.230870 1000.000000 2.952542 -1.624464 100.000000 -6.855333 -400580.754198 1.641638 0.250926 50.185168 0.114983 0.661051 132.210272
 18.449999 2.141258 3.011066 0.869808 2.101409 3894.565646 2.203390 -5.230870 1000.000000 2.952542 -1.624464 100.000000 -6.855333 -400579.746438 1.704090 0.888362 177.672483 0.131948 0.870511 174.102164
 18.499999 2.173486 3.075174 0.901688 1.199046 1044.625994 2.203390 -5.230870 1000.000000 2.952542 -1.624464 100.000000 -6.855333 -400580.703573 1.488057 0.342291 68.458249 0.074123 0.274711 54.942275
 18.549999 2.174376 2.991815 0.817439 0.498010 857.205207 2.203390 -5.230870 1000.000000 2.952542 -1.624464 100.000000 -6.855333 -400577.773109 1.673089 0.523191 104.638133 0.088924 0.395373 79.074601
 18.599999 2.154119 2.981599 0.827480 1.256030 2436.073568 2.203390 -5.230870 1000.000000 2.952542 -1.624464 100.000000 -6.855333 -400581.535127 1.670470 0.496745 99.349023 0.062939 0.198063 39.612683
 18.649999 2.135232 3.157163 1.021931 4.416241 5064.204898 2.203390 -5.230870 1000.000000 2.952542 -1.624464 100.000000 -6.855333 -400578.976240 1.527627 0.093181 18.636167 0.060439 0.182646 36.529271
 18.699998 2.156260 2.973383 0.817124 1.132338 2225.585192 2.203390 -5.230870 1000.000000 2.952542 -1.624464 100.000000 -6.855333 -400580.380033 1.659691 0.395110 79.021953 0.087735 0.384870 76.974003
 18.749998 2.153230 2.989964 0.836734 1.328039 2530.046959 2.203390 -5.230870 1000.000000 2.952542 -1.624464 100.000000 -6.855333 -400580.119911 1.689963 0.710037 142.007386 0.096202 0.462740 92.547937
 18.799998 2.143915 3.113872 0.969958 3.070011 3797.558613 2.203390 -5.230870 1000.000000 2.952542 -1.624464 100.000000 -6.855333 -400577.955327 1.536305 0.059481 11.896265 0.061115 0.186752 37.350417
 18.849998 2.141240 3.023194 0.881955 2.180913 3912.570734 2.203390 -5.230870 1000.000000 2.952542 -1.624464 100.000000 -6.855333 -400582.842478 1.722741 1.154362 230.872453 0.101961 0.519801 103.960173
 18.899998 2.154415 2.963046 0.808631 1.204767 2399.603804 2.203390 -5.230870 1000.000000 2.952542 -1.624464 100.000000 -6.855333 -400581.573009 1.607950 0.069021 13.804149 0.103969 0.540480 108.095926
 18.949998 2.182046 3.106965 0.924918 1.420086 694.014789 2.203390 -5.230870 1000.000000 2.952542 -1.624464 100.000000 -6.855333 -400581.134242 1.561356 0.004456 0.891119 0.056383 0.158951 31.790202
 18.999998 2.212115 2.884632 0.672517 0.268659 122.254403 2.203390 -5.230870 1000.000000 2.952542 -1.624464 100.000000 -6.855333 -400579.771335 1.683606 0.636303 127.260509 0.097179 0.472187 94.437439
 19.049998 2.203026 3.036203 0.833178 0.350025 70.124357 2.203390 -5.230870 1000.000000 2.952542 -1.624464 100.000000 -6.855333 -400580.935336 1.587961 0.014732 2.946401 0.097457 0.474894 94.978844
 19.099998 2.206097 3.029547 0.823450 0.300146 66.622963 2.203390 -5.230870 1000.000000 2.952542 -1.624464 100.000000 -6.855333 -400574.909036 1.520621 0.125878 25.175572 0.099462 0.494635 98.927026
 19.149998 2.214437 2.939382 0.724944 0.069681 123.772744 2.203390 -5.230870 1000.000000 2.952542 -1.624464 100.000000 -6.855333 -400578.453231 1.690659 0.718357 143.671457 0.116383 0.677251 135.450213
 19.199998 2.216098 2.990012 0.773915 0.150944 175.527374 2.203390 -5.230870 1000.000000 2.952542 -1.624464 100.000000 -6.855333 -400578.061024 1.573934 0.000492 0.098444 0.057221 0.163713 32.742510
 19.249998 2.206282 3.068226 0.861943 0.673316 142.192827 2.203390 -5.230870 1000.000000 2.952542 -1.624464 100.000000 -6.855333 -400579.699594 1.597550 0.035789 7.157760 0.055438 0.153667 30.733395
 19.299998 2.197763 2.863727 0.665964 0.410239 110.545483 2.203390 -5.230870 1000.000000 2.952542 -1.624464 100.000000 -6.855333 -400579.842899 1.658090 0.381009 76.201801 0.083881 0.351800 70.359976
 19.349998 2.195954 3.108458 0.912504 1.243131 298.386935 2.203390 -5.230870 1000.000000 2.952542 -1.624464 100.000000 -6.855333 -400579.637057 1.592270 0.023056 4.611262 0.103638 0.537042 107.408311
 19.399998 2.181619 3.002446 0.820826 0.361493 498.855873 2.203390 -5.230870 1000.000000 2.952542 -1.624464 100.000000 -6.855333 -400578.818250 1.545369 0.032327 6.465446 0.096718 0.467722 93.544376
 19.449998 2.169307 2.967967 0.798660 0.592714 1164.015492 2.203390 -5.230870 1000.000000 2.952542 -1.624464 100.000000 -6.855333 -400580.146166 1.756225 1.719186 343.837181 0.123174 0.758587 151.717306
 19.499998 2.179817 3.033548 0.853731 0.605935 621.302909 2.203390 -5.230870 1000.000000 2.952542 -1.624464 100.000000 -6.855333 -400577.398152 1.556354 0.010429 2.085708 0.067345 0.226770 45.353922
 19.549998 2.160946 3.107419 0.946472 2.100062 2041.322098 2.203390 -5.230870 1000.000000 2.952542 -1.624464 100.000000 -6.855333 -400581.619483 1.665805 0.451332 90.266467 0.077839 0.302943 60.588681
 19.599998 2.157417 2.923868 0.766451 1.097866 2121.734967 2.203390 -5.230870 1000.000000 2.952542 -1.624464 100.000000 -6.855333 -400580.753117 1.690556 0.717114 143.422883 0.101168 0.511750 102.349976
 19.649998 2.134253 3.177462 1.043209 4.919414 5285.833483 2.203390 -5.230870 1000.000000 2.952542 -1.624464 100.000000 -6.855333 -400582.137971 1.630486 0.178141 35.628174 0.088278 0.389654 77.930729
 19.699998 2.141736 2.953817 0.812082 1.900707 3801.267684 2.203390 -5.230870 1000.000000 2.952542 -1.624464 100.000000 -6.855333 -400578.348209 1.629938 0.174890 34.977961 0.087825 0.385659 77.131836
 19.749998 2.163855 3.040095 0.876241 1.164791 1639.687050 2.203390 -5.230870 1000.000000 2.952542 -1.624464 100.000000 -6.855333 -400581.041860 1.714810 1.036990 207.398036 0.115667 0.668939 133.787867
 19.799998 2.150044 3.046499 0.896455 1.864265 2934.016143 2.203390 -5.230870 1000.000000 2.952542 -1.624464 100.000000 -6.855333 -400580.670604 1.516910 0.145189 29.037850 0.063664 0.202656 40.531196
 19.849998 2.153952 3.040533 0.886581 1.609176 2521.537165 2.203390 -5.230870 1000.000000 2.952542 -1.624464 100.000000 -6.855333 -400582.463930 1.722339 1.148259 229.651859 0.080534 0.324290 64.858022
 19.899998 2.181852 2.922433 0.740581 0.277275 472.955480 2.203390 -5.230870 1000.000000 2.952542 -1.624464 100.000000 -6.855333 -400578.828680 1.629288 0.171061 34.212261 0.062275 0.193906 38.781183
 19.949998 2.190710 3.161884 0.971174 2.271584 599.014860 2.203390 -5.230870 1000.000000 2.952542 -1.624464 100.000000 -6.855333 -400580.565648 1.593465 0.025693 5.138521 0.090640 0.410783 82.156664
 19.999998 2.175156 2.883183 0.708027 0.639118 845.267786 2.203390 -5.230870 1000.000000 2.952542 -1.624464 100.000000 -6.855333 -400580.713859 1.633083 0.193979 38.795756 0.121563 0.738873 147.774592
 20.049998 2.177138 3.050143 0.873005 0.820882 784.433483 2.203390 -5.230870 1000.000000 2.952542 -1.624464 100.000000 -6.855333 -400581.172153 1.643722 0.265904 53.180866 0.137805 0.949516 189.903289
 20.099998 2.204040 2.988364 0.784324 0.064372 13.254813 2.203390 -5.230870 1000.000000 2.952542 -1.624464 100.000000 -6.855333 -400579.663902 1.530224 0.082306 16.461196 0.061721 0.190471 38.094289
 20.149998 2.213695 2.988538 0.774843 0.117883 119.155094 2.203390 -5.230870 1000.000000 2.952542 -1.624464 100.000000 -6.855333 -400580.015934 1.711219 0.985932 197.186335 0.081420 0.331458 66.291534
 20.199998 2.233558 2.965111 0.731553 0.462950 911.683905 2.203390 -5.230870 1000.000000 2.952542 -1.624464 100.000000 -6.855333 -400578.856889 1.580015 0.004250 0.849904 0.048957 0.119838 23.967535
 20.249998 2.187574 3.095164 0.907590 1.142113 453.536388 2.203390 -5.230870 1000.000000 2.952542 -1.624464 100.000000 -6.855333 -400579.077277 1.590592 0.019593 3.918634 0.108270 0.586119 117.223706
 20.299998 2.216920 2.855253 0.638333 0.564790 277.704992 2.203390 -5.230870 1000.000000 2.952542 -1.624464 100.000000 -6.855333 -400579.396409 1.636369 0.214989 42.997763 0.162112 1.314020 262.803955
 20.349998 2.207825 3.055023 0.847198 0.534953 124.697439 2.203390 -5.230870 1000.000000 2.952542 -1.624464 100.000000 -6.855333 -400580.660640 1.549841 0.021957 4.391312 0.137016 0.938670 187.733962
 20.399998 2.236244 2.996080 0.759836 0.634469 1098.341687 2.203390 -5.230870 1000.000000 2.952542 -1.624464 100.000000 -6.855333 -400581.182432 1.591137 0.020687 4.137460 0.076180 0.290173 58.034643
 20.449998 2.192798 2.925849 0.733051 0.091718 119.309189 2.203390 -5.230870 1000.000000 2.952542 -1.624464 100.000000 -6.855333 -400580.327692 1.691462 0.728007 145.601422 0.088612 0.392608 78.521538
 20.499998 2.197188 3.122545 0.925357 1.464281 327.475652 2.203390 -5.230870 1000.000000 2.952542 -1.624464 100.000000 -6.855333 -400579.992127 1.546897 0.028560 5.712002 0.044477 0.098911 19.782199
 20.549998 2.149459 2.959994 0.810536 1.457061 2909.123523 2.203390 -5.230870 1000.000000 2.952542 -1.624464 100.000000 -6.855333 -400582.070975 1.646455 0.286215 57.242979 0.147019 1.080727 216.145422
 20.599998 2.182056 2.998357 0.816301 0.332509 476.106044 2.203390 -5.230870 1000.000000 2.952542 -1.624464 100.000000 -6.855333 -400579.960127 1.679765 0.593705 118.741039 0.172931 1.495252 299.050491
 20.649998 2.161060 3.105666 0.944606 2.068248 2026.273955 2.203390 -5.230870 1000.000000 2.952542 -1.624464 100.000000 -6.855333 -400580.050566 1.500526 0.246893 49.378678 0.106756 0.569845 113.969095
 20.699998 2.179065 2.973448 0.794383 0.317698 596.060482 2.203390 -5.230870 1000.000000 2.952542 -1.624464 100.000000 -6.855333 -400580.557370 1.741552 1.457881 291.576103 0.081159 0.329337 65.867351
 20.749998 2.118070 3.045804 0.927734 4.074608 7366.422104 2.203390 -5.230870 1000.000000 2.952542 -1.624464 100.000000 -6.855333 -400582.988968 1.584518 0.009414 1.882900 0.060092 0.180554 36.110869
 20.799998 2.181189 3.096276 0.915087 1.279403 699.454196 2.203390 -5.230870 1000.000000 2.952542 -1.624464 100.000000 -6.855333 -400580.950774 1.641931 0.253008 50.601601 0.094683 0.448240 89.647958
 20.849998 2.145499 2.865712 0.720213 2.052668 3426.779977 2.203390 -5.230870 1000.000000 2.952542 -1.624464 100.000000 -6.855333 -400582.141107 1.646118 0.283671 56.734250 0.137927 0.951193 190.238668
 20.899998 2.189612 3.176805 0.987193 2.609599 692.753472 2.203390 -5.230870 1000.000000 2.952542 -1.624464 100.000000 -6.855333 -400581.788654 1.607367 0.066869 13.373878 0.104718 0.548296 109.659287
 20.949998 2.172313 2.993624 0.821311 0.567264 982.633813 2.203390 -5.230870 1000.000000 2.952542 -1.624464 100.000000 -6.855333 -400581.233877 1.578109 0.002674 0.534768 0.082979 0.344273 68.854561
 20.999998 2.210897 3.001477 0.790580 0.147909 80.304125 2.203390 -5.230870 1000.000000 2.952542 -1.624464 100.000000 -6.855333 -400578.727679 1.756191 1.718562 343.712461 0.081699 0.333733 66.746565
 21.049998 2.173161 3.030752 0.857591 0.762733 974.956098 2.203390 -5.230870 1000.000000 2.952542 -1.624464 100.000000 -6.855333 -400577.397522 1.478037 0.430211 86.042296 0.058183 0.169261 33.852239
 21.099998 2.200956 3.025438 0.824481 0.268647 59.058889 2.203390 -5.230870 1000.000000 2.952542 -1.624464 100.000000 -6.855333 -400579.580517 1.663464 0.429365 85.872938 0.141365 0.999207 199.841355
 21.149998 2.236663 2.844664 0.608001 1.135433 1223.470668 2.203390 -5.230870 1000.000000 2.952542 -1.624464 100.000000 -6.855333 -400577.835229 1.578595 0.003041 0.608267 0.134858 0.909330 181.865982
 21.199998 2.229339 3.138659 0.909320 2.068636 1019.729934 2.203390 -5.230870 1000.000000 2.952542 -1.624464 100.000000 -6.855333 -400579.986458 1.567504 0.000542 0.108413 0.065434 0.214080 42.816024
 21.249998 2.176026 2.887405 0.711379 0.586526 791.196603 2.203390 -5.230870 1000.000000 2.952542 -1.624464 100.000000 -6.855333 -400578.896163 1.660149 0.399197 79.839404 0.064409 0.207426 41.485225
 21.299998 2.209787 3.052349 0.842562 0.518534 140.537647 2.203390 -5.230870 1000.000000 2.952542 -1.624464 100.000000 -6.855333 -400580.780363 1.668404 0.476360 95.272076 0.082595 0.341094 68.218818
 21.349998 2.197896 3.001783 0.803886 0.136319 54.424888 2.203390 -5.230870 1000.000000 2.952542 -1.624464 100.000000 -6.855333 -400580.028366 1.493138 0.301543 60.308506 0.099942 0.499419 99.883811
 21.399998 2.200631 2.975427 0.774795 0.029989 12.845931 2.203390 -5.230870 1000.000000 2.952542 -1.624464 100.000000 -6.855333 -400580.212133 1.714891 1.038170 207.634030 0.134368 0.902741 180.548131
 21.449998 2.138300 3.016138 0.877838 2.320543 4277.088972 2.203390 -5.230870 1000.000000 2.952542 -1.624464 100.000000 -6.855333 -400581.226949 1.566160 0.001075 0.214916 0.061931 0.191773 38.354587
 21.499998 2.161761 3.116947 0.955186 2.217906 2003.212267 2.203390 -5.230870 1000.000000 2.952542 -1.624464 100.000000 -6.855333 -400580.044197 1.653597 0.342799 68.559767 0.054818 0.150252 30.050369
 21.549998 2.147830 2.885920 0.738090 1.765367 3131.263080 2.203390 -5.230870 1000.000000 2.952542 -1.624464 100.000000 -6.855333 -400579.637185 1.696164 0.785853 157.170689 0.058195 0.169333 33.866695
 21.599998 2.170903 3.152845 0.981942 2.533768 1456.634004 2.203390 -5.230870 1000.000000 2.952542 -1.624464 100.000000 -6.855333 -400578.967609 1.608225 0.070044 14.008824 0.109912 0.604027 120.805480
 21.649998 2.153326 2.990990 0.837664 1.327109 2521.179189 2.203390 -5.230870 1000.000000 2.952542 -1.624464 100.000000 -6.855333 -400582.332741 1.577346 0.002145 0.429034 0.144869 1.049354 209.870771
 21.699998 2.171001 3.011824 0.840823 0.700226 1084.159023 2.203390 -5.230870 1000.000000 2.952542 -1.624464 100.000000 -6.855333 -400581.376983 1.686661 0.671230 134.246053 0.140080 0.981119 196.223742
 21.749998 2.185683 3.040233 0.854550 0.541252 390.435200 2.203390 -5.230870 1000.000000 2.952542 -1.624464 100.000000 -6.855333 -400581.256715 1.566727 0.000828 0.165606 0.071633 0.256567 51.313408
 21.799998 2.162787 2.987270 0.824483 0.884593 1660.644768 2.203390 -5.230870 1000.000000 2.952542 -1.624464 100.000000 -6.855333 -400579.701163 1.737788 1.394317 278.863362 0.045735 0.104585 20.917038
 21.849998 2.185379 2.969083 0.783704 0.175882 327.140632 2.203390 -5.230870 1000.000000 2.952542 -1.624464 100.000000 -6.855333 -400579.373471 1.627577 0.161203 32.240501 0.055331 0.153074 30.614720
 21.899998 2.197546 3.110382 0.912836 1.262745 283.283094 2.203390 -5.230870 1000.000000 2.952542 -1.624464 100.000000 -6.855333 -400580.546788 1.552796 0.016200 3.240010 0.101309 0.513172 102.634362
 21.949998 2.152408 2.933195 0.780787 1.318269 2602.850119 2.203390 -5.230870 1000.000000 2.952542 -1.624464 100.000000 -6.855333 -400579.614005 1.669421 0.486340 97.267973 0.146244 1.069372 213.874420
 21.999998 2.171849 3.103191 0.931343 1.632178 1221.791949 2.203390 -5.230870 1000.000000 2.952542 -1.624464 100.000000 -6.855333 -400581.351918 1.622679 0.134590 26.918037 0.102586 0.526194 105.238783
 22.049998 2.176744 2.986682 0.809938 0.413279 721.663838 2.203390 -5.230870 1000.000000 2.952542 -1.624464 100.000000 -6.855333 -400580.391160 1.567167 0.000659 0.131703 0.053524 0.143244 28.648714
 22.099998 2.229324 2.959789 0.730465 0.338923 673.119137 2.203390 -5.230870 1000.000000 2.952542 -1.624464 100.000000 -6.855333 -400579.220260 1.713766 1.022013 204.402605 0.065097 0.211883 42.376579
 22.149998 2.186490 3.042394 0.855904 0.546466 366.334339 2.203390 -5.230870 1000.000000 2.952542 -1.624464 100.000000 -6.855333 -400578.656252 1.520941 0.124276 24.855175 0.103846 0.539201 107.840210
 22.199998 2.181842 3.009459 0.827617 0.394127 496.699430 2.203390 -5.230870 1000.000000 2.952542 -1.624464 100.000000 -6.855333 -400579.117070 1.628971 0.169217 33.843302 0.157819 1.245339 249.067702
 22.249998 2.179424 2.979700 0.800276 0.324052 581.722921 2.203390 -5.230870 1000.000000 2.952542 -1.624464 100.000000 -6.855333 -400580.123442 1.610906 0.080437 16.087480 0.122669 0.752384 150.476706
 22.299998 2.219387 3.102659 0.883272 1.254715 481.275775 2.203390 -5.230870 1000.000000 2.952542 -1.624464 100.000000 -6.855333 -400577.635664 1.613028 0.089176 17.835154 0.045903 0.105352 21.070473
 22.349998 2.190151 2.891938 0.701787 0.271272 211.987112 2.203390 -5.230870 1000.000000 2.952542 -1.624464 100.000000 -6.855333 -400578.654858 1.670491 0.496955 99.391053 0.017385 0.015112 3.022429
 22.399998 2.197245 3.071839 0.874593 0.730458 180.071974 2.203390 -5.230870 1000.000000 2.952542 -1.624464 100.000000 -6.855333 -400580.350045 1.649179 0.307194 61.438879 0.064302 0.206740 41.348078
 22.449998 2.177225 3.021484 0.844259 0.579947 732.129418 2.203390 -5.230870 1000.000000 2.952542 -1.624464 100.000000 -6.855333 -400580.261888 1.541287 0.043539 8.707749 0.146552 1.073877 214.775321
 22.499998 2.202861 2.982968 0.780107 0.046425 9.536481 2.203390 -5.230870 1000.000000 2.952542 -1.624464 100.000000 -6.855333 -400579.949627 1.659167 0.390469 78.093793 0.189267 1.791094 358.218850
 22.549998 2.197826 2.986406 0.788580 0.072816 42.424766 2.203390 -5.230870 1000.000000 2.952542 -1.624464 100.000000 -6.855333 -400579.093089 1.565908 0.001195 0.238917 0.135457 0.917425 183.484995
 22.599998 2.197614 3.044947 0.847333 0.443612 118.743764 2.203390 -5.230870 1000.000000 2.952542 -1.624464 100.000000 -6.855333 -400578.091647 1.643892 0.267149 53.429834 0.046940 0.110167 22.033337
 22.649998 2.197178 2.918384 0.721206 0.077636 50.258438 2.203390 -5.230870 1000.000000 2.952542 -1.624464 100.000000 -6.855333 -400579.808700 1.654978 0.354326 70.865282 0.064027 0.204971 40.994200
 22.699998 2.200167 3.104585 0.904418 1.161041 241.558588 2.203390 -5.230870 1000.000000 2.952542 -1.624464 100.000000 -6.855333 -400581.345948 1.593406 0.025559 5.111747 0.108988 0.593916 118.783270
 22.749998 2.181612 2.972242 0.790631 0.256547 478.165629 2.203390 -5.230870 1000.000000 2.952542 -1.624464 100.000000 -6.855333 -400580.935510 1.591655 0.021755 4.350933 0.143111 1.024038 204.807564
 22.799998 2.178230 3.001756 0.823526 0.437615 657.252560 2.203390 -5.230870 1000.000000 2.952542 -1.624464 100.000000 -6.855333 -400580.475002 1.623083 0.136695 27.339089 0.143253 1.026065 205.213068
 22.849998 2.195918 2.995722 0.799803 0.121135 74.470644 2.203390 -5.230870 1000.000000 2.952542 -1.624464 100.000000 -6.855333 -400579.733138 1.592143 0.022783 4.556619 0.074287 0.275930 55.185941
 22.899998 2.195384 3.008715 0.813330 0.189812 95.645256 2.203390 -5.230870 1000.000000 2.952542 -1.624464 100.000000 -6.855333 -400580.000266 1.719086 1.099491 219.898155 0.049451 0.122271 24.454133
 22.949998 2.152611 3.014280 0.861669 1.479817 2616.591041 2.203390 -5.230870 1000.000000 2.952542 -1.624464 100.000000 -6.855333 -400580.863448 1.589708 0.017882 3.576387 0.098775 0.487828 97.565698
 22.999998 2.159556 3.062564 0.903007 1.565918 2042.415524 2.203390 -5.230870 1000.000000 2.952542 -1.624464 100.000000 -6.855333 -400581.333059 1.611877 0.084381 16.876213 0.130700 0.854125 170.824928
 23.049998 2.164728 2.943873 0.779145 0.751144 1495.524126 2.203390 -5.230870 1000.000000 2.952542 -1.624464 100.000000 -6.855333 -400581.214155 1.609624 0.075381 15.076241 0.144353 1.041890 208.378077
 23.099998 2.178780 3.059015 0.880235 0.869643 719.007111 2.203390 -5.230870 1000.000000 2.952542 -1.624464 100.000000 -6.855333 -400579.504834 1.667040 0.463147 92.629361 0.106673 0.568952 113.790455
 23.149998 2.123009 2.998172 0.875163 3.334616 6481.846182 2.203390 -5.230870 1000.000000 2.952542 -1.624464 100.000000 -6.855333 -400581.767855 1.637613 0.223222 44.644310 0.053209 0.141560 28.311920
 23.199998 2.123646 3.115679 0.992033 4.510196 6625.166909 2.203390 -5.230870 1000.000000 2.952542 -1.624464 100.000000 -6.855333 -400580.980196 1.726547 1.212921 242.584274 0.096906 0.469538 93.907507
 23.249998 2.139864 3.009767 0.869903 2.181494 4068.271797 2.203390 -5.230870 1000.000000 2.952542 -1.624464 100.000000 -6.855333 -400576.965912 1.603010 0.051886 10.377197 0.104782 0.548964 109.792815
 23.299998 2.159207 3.084241 0.925034 1.843306 2125.610227 2.203390 -5.230870 1000.000000 2.952542 -1.624464 100.000000 -6.855333 -400576.230805 1.671121 0.503248 100.649662 0.178727 1.597169 319.433709
 23.349998 2.106015 2.940506 0.834490 4.748139 9483.238447 2.203390 -5.230870 1000.000000 2.952542 -1.624464 100.000000 -6.855333 -400578.268087 1.600986 0.045571 9.114240 0.185802 1.726114 345.222838
 23.399998 2.164260 3.104157 0.939897 1.914915 1761.009617 2.203390 -5.230870 1000.000000 2.952542 -1.624464 100.000000 -6.855333 -400578.057979 1.696370 0.788437 157.687306 0.095329 0.454383 90.876524
 23.449998 2.141634 2.999384 0.857751 2.016623 3835.773644 2.203390 -5.230870 1000.000000 2.952542 -1.624464 100.000000 -6.855333 -400576.393668 1.602534 0.050363 10.072640 0.109840 0.603245 120.649085
 23.499998 2.164467 3.074535 0.910068 1.501596 1663.783082 2.203390 -5.230870 1000.000000 2.952542 -1.624464 100.000000 -6.855333 -400580.948228 1.699026 0.822147 164.429412 0.092999 0.432445 86.489069
 23.549998 2.171889 2.981193 0.809304 0.537187 1000.497678 2.203390 -5.230870 1000.000000 2.952542 -1.624464 100.000000 -6.855333 -400578.401788 1.610187 0.077583 15.516645 0.104030 0.541116 108.223219
 23.599998 2.216499 3.023838 0.807338 0.340081 222.689774 2.203390 -5.230870 1000.000000 2.952542 -1.624464 100.000000 -6.855333 -400579.854480 1.632271 0.188958 37.791639 0.179308 1.607565 321.513055
 23.649998 2.158782 2.942240 0.783458 1.000248 1990.942498 2.203390 -5.230870 1000.000000 2.952542 -1.624464 100.000000 -6.855333 -400578.190738 1.638810 0.231291 46.258229 0.158388 1.254342 250.868339
 23.699998 2.163863 3.076534 0.912671 1.549884 1716.107336 2.203390 -5.230870 1000.000000 2.952542 -1.624464 100.000000 -6.855333 -400581.291907 1.630627 0.178984 35.796811 0.111105 0.617220 123.444066
 23.749998 2.141433 3.058843 0.917410 2.484340 3951.693571 2.203390 -5.230870 1000.000000 2.952542 -1.624464 100.000000 -6.855333 -400579.614747 1.595794 0.031245 6.249018 0.058167 0.169169 33.833717
 23.799998 2.218428 2.958347 0.739920 0.114753 226.473908 2.203390 -5.230870 1000.000000 2.952542 -1.624464 100.000000 -6.855333 -400577.647119 1.689328 0.702484 140.496801 0.039788 0.079156 15.831117
 23.849998 2.208810 2.997559 0.788749 0.116015 49.645741 2.203390 -5.230870 1000.000000 2.952542 -1.624464 100.000000 -6.855333 -400576.797990 1.606886 0.065122 13.024395 0.095437 0.455409 91.081843
 23.899998 2.167690 3.001930 0.834240 0.759205 1298.886751 2.203390 -5.230870 1000.000000 2.952542 -1.624464 100.000000 -6.855333 -400579.882404 1.619946 0.120783 24.156620 0.150268 1.129027 225.805301
 23.949998 2.151572 3.056109 0.904536 1.878838 2792.340574 2.203390 -5.230870 1000.000000 2.952542 -1.624464 100.000000 -6.855333 -400577.589197 1.621390 0.127985 25.597051 0.136516 0.931835 186.366919
 23.999998 2.208991 3.001446 0.792455 0.135264 55.288398 2.203390 -5.230870 1000.000000 2.952542 -1.624464 100.000000 -6.855333 -400579.005656 1.592566 0.023696 4.739142 0.110393 0.609325 121.865061
 24.049998 2.206693 2.966157 0.759464 0.014725 12.767188 2.203390 -5.230870 1000.000000 2.952542 -1.624464 100.000000 -6.855333 -400578.582034 1.674297 0.535615 107.122966 0.013567 0.009203 1.840659
 24.099998 2.200921 3.052487 0.851566 0.502492 105.986080 2.203390 -5.230870 1000.000000 2.952542 -1.624464 100.000000 -6.855333 -400575.868598 1.614090 0.093719 18.743716 0.093292 0.435168 87.033561
 24.149998 2.167666 2.971569 0.803904 0.656212 1279.841798 2.203390 -5.230870 1000.000000 2.952542 -1.624464 100.000000 -6.855333 -400578.837215 1.616413 0.104046 20.809230 0.128062 0.819989 163.997737
 24.199998 2.191354 3.002238 0.810884 0.195910 169.550508 2.203390 -5.230870 1000.000000 2.952542 -1.624464 100.000000 -6.855333 -400579.931652 1.616520 0.104534 20.906875 0.158239 1.251975 250.395063
 24.249998 2.222302 3.083510 0.861207 1.036463 529.210155 2.203390 -5.230870 1000.000000 2.952542 -1.624464 100.000000 -6.855333 -400578.934853 1.581551 0.005783 1.156653 0.095702 0.457943 91.588631
 24.299998 2.174236 2.953526 0.779290 0.425028 849.968562 2.203390 -5.230870 1000.000000 2.952542 -1.624464 100.000000 -6.855333 -400573.148845 1.692357 0.738846 147.769179 0.020757 0.021543 4.308555
 24.349998 2.190428 3.032739 0.842311 0.405574 232.312479 2.203390 -5.230870 1000.000000 2.952542 -1.624464 100.000000 -6.855333 -400574.384809 1.642105 0.254250 50.849967 0.043984 0.096730 19.346076
 24.399998 2.168669 3.043628 0.874959 1.017608 1288.529195 2.203390 -5.230870 1000.000000 2.952542 -1.624464 100.000000 -6.855333 -400575.730264 1.602059 0.048867 9.773493 0.074271 0.275810 55.161947
 24.449998 2.190171 2.977870 0.787699 0.119448 181.164138 2.203390 -5.230870 1000.000000 2.952542 -1.624464 100.000000 -6.855333 -400577.152194 1.703824 0.884813 176.962515 0.143798 1.033887 206.777309
 24.499998 2.190835 3.074179 0.883344 0.818588 305.584292 2.203390 -5.230870 1000.000000 2.952542 -1.624464 100.000000 -6.855333 -400576.613837 1.532795 0.072205 14.441006 0.134601 0.905878 181.175535
 24.549998 2.188789 3.026771 0.837982 0.382091 268.294192 2.203390 -5.230870 1000.000000 2.952542 -1.624464 100.000000 -6.855333 -400580.311054 1.634030 0.199927 39.985327 0.106315 0.565145 113.028941
 24.599998 2.153469 2.957706 0.804237 1.247354 2492.308498 2.203390 -5.230870 1000.000000 2.952542 -1.624464 100.000000 -6.855333 -400580.622909 1.688800 0.696241 139.248241 0.074238 0.275564 55.112721
 24.649998 2.162602 3.116711 0.954109 2.179390 1933.173059 2.203390 -5.230870 1000.000000 2.952542 -1.624464 100.000000 -6.855333 -400578.907711 1.595982 0.031716 6.343216 0.078660 0.309373 61.874633
 24.699998 2.173256 2.981488 0.808232 0.495918 916.428365 2.203390 -5.230870 1000.000000 2.952542 -1.624464 100.000000 -6.855333 -400580.052875 1.674853 0.541387 108.277335 0.118443 0.701433 140.286572
 24.749998 2.133974 3.046421 0.912448 2.849971 4906.749172 2.203390 -5.230870 1000.000000 2.952542 -1.624464 100.000000 -6.855333 -400579.951294 1.650213 0.315352 63.070481 0.143464 1.029097 205.819428
 24.799998 2.184577 3.117283 0.932706 1.533940 625.321100 2.203390 -5.230870 1000.000000 2.952542 -1.624464 100.000000 -6.855333 -400580.006295 1.537020 0.057042 11.408356 0.081794 0.334511 66.902261
 24.849998 2.162226 2.933652 0.771426 0.865066 1698.014795 2.203390 -5.230870 1000.000000 2.952542 -1.624464 100.000000 -6.855333 -400578.511000 1.692275 0.737853 147.570590 0.074334 0.276280 55.256076
 24.899998 2.185619 2.995346 0.809727 0.249506 334.118069 2.203390 -5.230870 1000.000000 2.952542 -1.624464 100.000000 -6.855333 -400579.931217 1.661179 0.408451 81.690103 0.065644 0.215457 43.091352
 24.949998 2.176064 3.090750 0.914686 1.328423 937.732503 2.203390 -5.230870 1000.000000 2.952542 -1.624464 100.000000 -6.855333 -400577.021927 1.535985 0.060590 12.118055 0.067924 0.230683 46.136588
 24.999998 2.236190 2.947254 0.711064 0.539330 1076.143850 2.203390 -5.230870 1000.000000 2.952542 -1.624464 100.000000 -6.855333 -400579.478878 1.712286 1.000966 200.193201 0.156219 1.220224 244.044871
 25.049998 2.198957 3.036557 0.837601 0.362753 90.239166 2.203390 -5.230870 1000.000000 2.952542 -1.624464 100.000000 -6.855333 -400576.723564 1.551482 0.018653 3.730619 0.133471 0.890719 178.143884
 25.099998 2.192774 3.073012 0.880238 0.781996 257.834130 2.203390 -5.230870 1000.000000 2.952542 -1.624464 100.000000 -6.855333 -400580.000076 1.579750 0.004008 0.801653 0.081639 0.333248 66.649698
 25.149998 2.183771 2.892533 0.708762 0.372504 420.904240 2.203390 -5.230870 1000.000000 2.952542 -1.624464 100.000000 -6.855333 -400577.477812 1.732131 1.301451 260.290106 0.096194 0.462661 92.532285
 25.199998 2.223742 3.107850 0.884108 1.413118 655.403937 2.203390 -5.230870 1000.000000 2.952542 -1.624464 100.000000 -6.855333 -400578.044508 1.556568 0.010122 2.024477 0.070457 0.248207 49.641435
 25.249998 2.187278 2.982375 0.795097 0.174288 268.478208 2.203390 -5.230870 1000.000000 2.952542 -1.624464 100.000000 -6.855333 -400578.489871 1.577720 0.002397 0.479382 0.114066 0.650556 130.111221
 25.299998 2.171945 2.970290 0.798345 0.510145 991.943021 2.203390 -5.230870 1000.000000 2.952542 -1.624464 100.000000 -6.855333 -400578.401780 1.690691 0.718736 143.747296 0.112611 0.634063 126.812598
 25.349998 2.177137 3.107670 0.930533 1.547835 929.855500 2.203390 -5.230870 1000.000000 2.952542 -1.624464 100.000000 -6.855333 -400577.448983 1.541551 0.042765 8.552996 0.065753 0.216170 43.234091
 25.399998 2.205324 2.953109 0.747785 0.001887 3.745298 2.203390 -5.230870 1000.000000 2.952542 -1.624464 100.000000 -6.855333 -400575.971553 1.657911 0.379448 75.889534 0.038787 0.075222 15.044376
 25.449998 2.174039 2.983646 0.809608 0.479119 871.167071 2.203390 -5.230870 1000.000000 2.952542 -1.624464 100.000000 -6.855333 -400579.332880 1.685476 0.657574 131.514831 0.073342 0.268950 53.790017
 25.499998 2.154948 3.174244 1.019296 3.630906 2838.164217 2.203390 -5.230870 1000.000000 2.952542 -1.624464 100.000000 -6.855333 -400578.779905 1.506715 0.205319 41.063734 0.109979 0.604766 120.953290
 25.549998 2.166498 2.951279 0.784781 0.680574 1361.005080 2.203390 -5.230870 1000.000000 2.952542 -1.624464 100.000000 -6.855333 -400579.668767 1.660428 0.401689 80.337722 0.194178 1.885260 377.052009
 25.599998 2.208826 2.980580 0.771753 0.054082 37.416339 2.203390 -5.230870 1000.000000 2.952542 -1.624464 100.000000 -6.855333 -400580.085038 1.656369 0.366137 73.227365 0.128265 0.822591 164.518233
 25.649998 2.156870 3.107864 0.950994 2.288294 2405.365213 2.203390 -5.230870 1000.000000 2.952542 -1.624464 100.000000 -6.855333 -400579.507488 1.540320 0.046439 9.287841 0.059989 0.179935 35.987060
 25.699998 2.174370 2.906305 0.731935 0.527965 863.521436 2.203390 -5.230870 1000.000000 2.952542 -1.624464 100.000000 -6.855333 -400581.106212 1.763870 1.863874 372.774760 0.046607 0.108612 21.722316
 25.749998 2.196245 3.069540 0.873295 0.709949 187.929207 2.203390 -5.230870 1000.000000 2.952542 -1.624464 100.000000 -6.855333 -400580.579593 1.535261 0.063137 12.627412 0.101476 0.514870 102.974090
 25.799998 2.198651 3.080793 0.882142 0.833642 186.939505 2.203390 -5.230870 1000.000000 2.952542 -1.624464 100.000000 -6.855333 -400582.922295 1.566379 0.000976 0.195153 0.166687 1.389224 277.844891
 25.849998 2.169954 2.860458 0.690504 0.982957 1202.748080 2.203390 -5.230870 1000.000000 2.952542 -1.624464 100.000000 -6.855333 -400581.102491 1.678422 0.579160 115.832025 0.190545 1.815363 363.072613
 25.899998 2.204982 3.085701 0.880719 0.887826 179.845788 2.203390 -5.230870 1000.000000 2.952542 -1.624464 100.000000 -6.855333 -400579.294885 1.558600 0.007438 1.487540 0.119191 0.710328 142.065578
 25.949998 2.212090 2.995806 0.783716 0.131430 94.405364 2.203390 -5.230870 1000.000000 2.952542 -1.624464 100.000000 -6.855333 -400579.566698 1.633212 0.194783 38.956595 0.035733 0.063842 12.768317
 25.999998 2.174502 3.005038 0.830536 0.555033 862.042013 2.203390 -5.230870 1000.000000 2.952542 -1.624464 100.000000 -6.855333 -400580.337206 1.656533 0.367535 73.507012 0.133579 0.892173 178.434672
 26.049998 2.196430 3.115208 0.918777 1.347218 313.033241 2.203390 -5.230870 1000.000000 2.952542 -1.624464 100.000000 -6.855333 -400580.326311 1.537506 0.055412 11.082402 0.144696 1.046850 209.370096
 26.099998 2.164588 2.944222 0.779633 0.756239 1506.246816 2.203390 -5.230870 1000.000000 2.952542 -1.624464 100.000000 -6.855333 -400580.333496 1.606516 0.063793 12.758624 0.200205 2.004108 400.821558
 26.149998 2.182103 2.982503 0.800400 0.271453 462.119230 2.203390 -5.230870 1000.000000 2.952542 -1.624464 100.000000 -6.855333 -400581.624612 1.699592 0.829414 165.882886 0.179569 1.612249 322.449881
 26.199998 2.169533 3.066306 0.896773 1.220243 1275.691758 2.203390 -5.230870 1000.000000 2.952542 -1.624464 100.000000 -6.855333 -400579.086188 1.588542 0.015745 3.149088 0.025042 0.031354 6.270778
 26.249998 2.189577 3.023402 0.833825 0.346452 241.008188 2.203390 -5.230870 1000.000000 2.952542 -1.624464 100.000000 -6.855333 -400577.017036 1.697537 0.803155 160.631028 0.150344 1.130173 226.034541
 26.299998 2.151309 3.022618 0.871308 1.601711 2761.468421 2.203390 -5.230870 1000.000000 2.952542 -1.624464 100.000000 -6.855333 -400579.591472 1.676045 0.553864 110.772888 0.151448 1.146830 229.365947
 26.349998 2.157405 3.112244 0.954839 2.332531 2369.642176 2.203390 -5.230870 1000.000000 2.952542 -1.624464 100.000000 -6.855333 -400581.799300 1.578957 0.003330 0.666030 0.126781 0.803667 160.733438
 26.399998 2.169785 2.953620 0.783835 0.564699 1129.293276 2.203390 -5.230870 1000.000000 2.952542 -1.624464 100.000000 -6.855333 -400579.279654 1.678200 0.576776 115.355112 0.204742 2.095960 419.192097
 26.449998 2.189729 2.983851 0.794122 0.142324 196.427817 2.203390 -5.230870 1000.000000 2.952542 -1.624464 100.000000 -6.855333 -400576.005605 1.707477 0.934075 186.814975 0.211375 2.233972 446.794381
 26.499998 2.180024 3.029116 0.849092 0.566153 604.585835 2.203390 -5.230870 1000.000000 2.952542 -1.624464 100.000000 -6.855333 -400579.396781 1.606426 0.063474 12.694836 0.060680 0.184105 36.821095
 26.549998 2.182833 3.093484 0.910651 1.204514 621.226565 2.203390 -5.230870 1000.000000 2.952542 -1.624464 100.000000 -6.855333 -400581.568201 1.685123 0.653532 130.706339 0.210310 2.211520 442.304059
 26.599998 2.175591 3.021608 0.846017 0.624887 820.465576 2.203390 -5.230870 1000.000000 2.952542 -1.624464 100.000000 -6.855333 -400574.920985 1.635886 0.211833 42.366652 0.228444 2.609340 521.867945
 26.649998 2.224869 3.089980 0.865112 1.175122 650.224453 2.203390 -5.230870 1000.000000 2.952542 -1.624464 100.000000 -6.855333 -400578.690744 1.626552 0.155433 31.086673 0.076677 0.293971 58.794299
 26.699998 2.174980 2.966626 0.791646 0.413467 809.082865 2.203390 -5.230870 1000.000000 2.952542 -1.624464 100.000000 -6.855333 -400574.657304 1.600061 0.042821 8.564261 0.173863 1.511411 302.282272
 26.749998 2.218202 3.012608 0.794405 0.290097 255.490778 2.203390 -5.230870 1000.000000 2.952542 -1.624464 100.000000 -6.855333 -400578.983973 1.774757 2.079989 415.997745 0.223859 2.505652 501.130456
 26.799998 2.199968 2.968833 0.768865 0.019123 14.362927 2.203390 -5.230870 1000.000000 2.952542 -1.624464 100.000000 -6.855333 -400579.581590 1.537992 0.053805 10.760981 0.117140 0.686094 137.218709
 26.849998 2.216193 3.158836 0.942643 2.209824 589.495335 2.203390 -5.230870 1000.000000 2.952542 -1.624464 100.000000 -6.855333 -400575.894273 1.614285 0.094563 18.912566 0.234049 2.738956 547.791123
 26.899998 2.160863 2.928918 0.768056 0.932176 1814.123686 2.203390 -5.230870 1000.000000 2.952542 -1.624464 100.000000 -6.855333 -400577.706616 1.652052 0.330122 66.024440 0.174677 1.525598 305.119694
 26.949998 2.204782 3.169318 0.964535 2.350548 471.854691 2.203390 -5.230870 1000.000000 2.952542 -1.624464 100.000000 -6.855333 -400578.927763 1.667844 0.470909 94.181817 0.043661 0.095313 19.062693
 26.999998 2.161536 2.923023 0.761487 0.919425 1760.424090 2.203390 -5.230870 1000.000000 2.952542 -1.624464 100.000000 -6.855333 -400577.847321 1.613144 0.089664 17.932835 0.134804 0.908601 181.720167
 27.049998 2.184054 3.017062 0.833008 0.395083 415.518161 2.203390 -5.230870 1000.000000 2.952542 -1.624464 100.000000 -6.855333 -400580.408629 1.725330 1.194034 238.806816 0.155072 1.202365 240.473092
 27.099998 2.144199 3.090128 0.945929 2.698285 3692.881905 2.203390 -5.230870 1000.000000 2.952542 -1.624464 100.000000 -6.855333 -400581.175296 1.465895 0.550211 110.042175 0.147993 1.095101 219.020234
 27.149998 2.129706 3.074387 0.944681 3.456927 5577.705073 2.203390 -5.230870 1000.000000 2.952542 -1.624464 100.000000 -6.855333 -400583.170836 1.723535 1.166461 233.292134 0.185205 1.715047 343.009339
 27.199998 2.166433 2.957693 0.791260 0.684239 1366.090622 2.203390 -5.230870 1000.000000 2.952542 -1.624464 100.000000 -6.855333 -400580.051605 1.653151 0.339115 67.822961 0.048043 0.115404 23.080879
 27.249998 2.171543 3.121734 0.950191 1.938395 1300.460113 2.203390 -5.230870 1000.000000 2.952542 -1.624464 100.000000 -6.855333 -400578.447362 1.609155 0.073571 14.714239 0.049616 0.123085 24.617070
 27.299998 2.153508 2.858569 0.705060 1.685629 2576.460482 2.203390 -5.230870 1000.000000 2.952542 -1.624464 100.000000 -6.855333 -400580.872086 1.725226 1.192420 238.483945 0.094320 0.444814 88.962721
 27.349998 2.200938 3.105887 0.904949 1.178741 241.156944 2.203390 -5.230870 1000.000000 2.952542 -1.624464 100.000000 -6.855333 -400581.685802 1.547596 0.026913 5.382536 0.148338 1.100214 220.042778
 27.399998 2.197328 3.047235 0.849908 0.466712 126.418975 2.203390 -5.230870 1000.000000 2.952542 -1.624464 100.000000 -6.855333 -400579.025465 1.475351 0.455490 91.097946 0.186463 1.738427 347.685308
 27.449998 2.223699 2.912212 0.688513 0.287549 428.710012 2.203390 -5.230870 1000.000000 2.952542 -1.624464 100.000000 -6.855333 -400575.124550 1.775757 2.100448 420.089699 0.141416 0.999922 199.984348
 27.499998 2.185852 3.025830 0.839977 0.422333 361.271776 2.203390 -5.230870 1000.000000 2.952542 -1.624464 100.000000 -6.855333 -400576.488577 1.525904 0.100768 20.153623 0.072967 0.266208 53.241590
 27.549998 2.220094 3.038773 0.818679 0.511299 353.383424 2.203390 -5.230870 1000.000000 2.952542 -1.624464 100.000000 -6.855333 -400580.744734 1.672817 0.520407 104.081471 0.039615 0.078466 15.693299
 27.599998 2.160649 2.914953 0.754304 0.984050 1840.935230 2.203390 -5.230870 1000.000000 2.952542 -1.624464 100.000000 -6.855333 -400578.369445 1.662239 0.418091 83.618220 0.107708 0.580050 116.009917
 27.649998 2.175526 3.194728 1.019202 3.320903 1362.958568 2.203390 -5.230870 1000.000000 2.952542 -1.624464 100.000000 -6.855333 -400579.339201 1.515834 0.151040 30.208098 0.141729 1.004349 200.869731
 27.699998 2.189291 2.932773 0.743482 0.118925 202.675746 2.203390 -5.230870 1000.000000 2.952542 -1.624464 100.000000 -6.855333 -400580.001933 1.618922 0.115803 23.160537 0.157754 1.244323 248.864612
 27.749998 2.243948 2.934219 0.690272 0.839251 1648.285554 2.203390 -5.230870 1000.000000 2.952542 -1.624464 100.000000 -6.855333 -400578.732479 1.686317 0.667252 133.450410 0.138566 0.960030 192.006099
 27.799998 2.202208 3.054703 0.852495 0.522535 105.765034 2.203390 -5.230870 1000.000000 2.952542 -1.624464 100.000000 -6.855333 -400577.817275 1.545408 0.032229 6.445838 0.057212 0.163659 32.731870
 27.849998 2.154835 3.008653 0.853818 1.336227 2389.101891 2.203390 -5.230870 1000.000000 2.952542 -1.624464 100.000000 -6.855333 -400579.963704 1.718121 1.085223 217.044674 0.091725 0.420675 84.134985
 27.899998 2.162067 3.018035 0.855968 1.068251 1750.467873 2.203390 -5.230870 1000.000000 2.952542 -1.624464 100.000000 -6.855333 -400580.198059 1.620093 0.121510 24.302042 0.140477 0.986686 197.337125
 27.949998 2.207077 3.134442 0.927366 1.661173 344.468074 2.203390 -5.230870 1000.000000 2.952542 -1.624464 100.000000 -6.855333 -400578.308032 1.525105 0.104383 20.876613 0.141847 1.006023 201.204689
 27.999998 2.197649 2.862078 0.664429 0.425669 114.794941 2.203390 -5.230870 1000.000000 2.952542 -1.624464 100.000000 -6.855333 -400577.885629 1.730577 1.276492 255.298352 0.169560 1.437533 287.506641
 28.049998 2.125663 3.067879 0.942216 3.685862 6174.504442 2.203390 -5.230870 1000.000000 2.952542 -1.624464 100.000000 -6.855333 -400581.607837 1.662479 0.420286 84.057191 0.134105 0.899212 179.842352
 28.099998 2.147603 3.108494 0.960891 2.772134 3355.375485 2.203390 -5.230870 1000.000000 2.952542 -1.624464 100.000000 -6.855333 -400576.479390 1.611260 0.081865 16.373016 0.048965 0.119881 23.976175
 28.149998 2.158098 3.005779 0.847681 1.167367 2079.660781 2.203390 -5.230870 1000.000000 2.952542 -1.624464 100.000000 -6.855333 -400575.843404 1.745422 1.524715 304.942952 0.166420 1.384788 276.957695
 28.199998 2.187139 3.166125 0.978987 2.412934 720.271653 2.203390 -5.230870 1000.000000 2.952542 -1.624464 100.000000 -6.855333 -400579.168252 1.667598 0.468527 93.705399 0.199666 1.993332 398.666307
 28.249998 2.177022 3.026264 0.849242 0.619368 749.599225 2.203390 -5.230870 1000.000000 2.952542 -1.624464 100.000000 -6.855333 -400580.560085 1.558217 0.007912 1.582425 0.098448 0.484600 96.920018
 28.299998 2.174571 3.003750 0.829180 0.546388 856.772404 2.203390 -5.230870 1000.000000 2.952542 -1.624464 100.000000 -6.855333 -400577.578989 1.777522 2.136772 427.354484 0.172096 1.480849 296.169864
 28.349998 2.141696 3.016286 0.874589 2.106212 3846.736415 2.203390 -5.230870 1000.000000 2.952542 -1.624464 100.000000 -6.855333 -400578.651430 1.673032 0.522602 104.520472 0.178922 1.600655 320.131054
 28.399998 2.174151 3.044466 0.870315 0.849950 939.407786 2.203390 -5.230870 1000.000000 2.952542 -1.624464 100.000000 -6.855333 -400580.883085 1.637697 0.223787 44.757413 0.078849 0.310857 62.171453
 28.449998 2.187598 3.044969 0.857371 0.551827 334.810530 2.203390 -5.230870 1000.000000 2.952542 -1.624464 100.000000 -6.855333 -400579.361454 1.664452 0.438566 87.713217 0.171524 1.471022 294.204350
 28.499998 2.167071 3.073104 0.906032 1.386267 1464.375672 2.203390 -5.230870 1000.000000 2.952542 -1.624464 100.000000 -6.855333 -400578.502181 1.591098 0.020609 4.121739 0.180522 1.629402 325.880339
 28.549998 2.175899 3.074068 0.898169 1.116302 903.433331 2.203390 -5.230870 1000.000000 2.952542 -1.624464 100.000000 -6.855333 -400580.344291 1.662454 0.420054 84.010708 0.104275 0.543659 108.731794
 28.599998 2.181887 2.899607 0.717720 0.371301 490.404842 2.203390 -5.230870 1000.000000 2.952542 -1.624464 100.000000 -6.855333 -400579.799231 1.645925 0.282217 56.443340 0.131807 0.868651 173.730161
 28.649998 2.180713 3.100388 0.919674 1.350021 732.801470 2.203390 -5.230870 1000.000000 2.952542 -1.624464 100.000000 -6.855333 -400579.380974 1.695178 0.773541 154.708229 0.078044 0.304541 60.908232
 28.699998 2.169273 2.955772 0.786499 0.582497 1164.054439 2.203390 -5.230870 1000.000000 2.952542 -1.624464 100.000000 -6.855333 -400579.380765 1.561051 0.004748 0.949624 0.089454 0.400103 80.020543
 28.749998 2.210294 3.097995 0.887701 1.081653 259.232483 2.203390 -5.230870 1000.000000 2.952542 -1.624464 100.000000 -6.855333 -400578.837494 1.718680 1.093474 218.694747 0.129033 0.832477 166.495368
 28.799998 2.191232 2.961994 0.770762 0.078371 148.702337 2.203390 -5.230870 1000.000000 2.952542 -1.624464 100.000000 -6.855333 -400577.906593 1.566078 0.001113 0.222616 0.086547 0.374522 74.904363
 28.849998 2.162250 3.083419 0.921169 1.702676 1863.780772 2.203390 -5.230870 1000.000000 2.952542 -1.624464 100.000000 -6.855333 -400577.484098 1.655594 0.359531 71.906300 0.098500 0.485115 97.023015
 28.899998 2.182576 2.915259 0.732684 0.286115 447.127685 2.203390 -5.230870 1000.000000 2.952542 -1.624464 100.000000 -6.855333 -400578.142073 1.669762 0.489713 97.942566 0.123801 0.766339 153.267879
 28.949998 2.169423 3.095054 0.925631 1.592345 1356.829801 2.203390 -5.230870 1000.000000 2.952542 -1.624464 100.000000 -6.855333 -400577.000666 1.684221 0.643253 128.650541 0.071297 0.254166 50.833275
 28.999998 2.203416 3.030487 0.827072 0.303771 60.754710 2.203390 -5.230870 1000.000000 2.952542 -1.624464 100.000000 -6.855333 -400578.239865 1.558961 0.007003 1.400634 0.133482 0.890874 178.174746
 29.049998 2.206277 3.012867 0.806590 0.186121 44.727762 2.203390 -5.230870 1000.000000 2.952542 -1.624464 100.000000 -6.855333 -400577.981607 1.699678 0.830521 166.104164 0.162934 1.327374 265.474732
 29.099998 2.173433 2.998821 0.825388 0.555796 918.841331 2.203390 -5.230870 1000.000000 2.952542 -1.624464 100.000000 -6.855333 -400580.053565 1.576989 0.001917 0.383499 0.114082 0.650732 130.146394
 29.149998 2.171992 3.059795 0.887804 1.068084 1100.886281 2.203390 -5.230870 1000.000000 2.952542 -1.624464 100.000000 -6.855333 -400579.002049 1.668609 0.478368 95.673528 0.133967 0.897359 179.471742
 29.199998 2.177234 2.913964 0.736730 0.416478 699.010201 2.203390 -5.230870 1000.000000 2.952542 -1.624464 100.000000 -6.855333 -400577.391051 1.683305 0.632911 126.582134 0.066202 0.219132 43.826487
 29.249998 2.202437 3.116968 0.914531 1.352237 271.264466 2.203390 -5.230870 1000.000000 2.952542 -1.624464 100.000000 -6.855333 -400577.675207 1.575297 0.001013 0.202521 0.137721 0.948360 189.672030
 29.299998 2.172384 3.021191 0.848807 0.716302 1008.468896 2.203390 -5.230870 1000.000000 2.952542 -1.624464 100.000000 -6.855333 -400581.524860 1.641717 0.251488 50.297535 0.112224 0.629712 125.942435
 29.349998 2.167297 2.953630 0.786333 0.651407 1302.707822 2.203390 -5.230870 1000.000000 2.952542 -1.624464 100.000000 -6.855333 -400579.978299 1.665217 0.445765 89.152973 0.138958 0.965460 193.092070
 29.399998 2.204734 3.043008 0.838274 0.410107 83.647923 2.203390 -5.230870 1000.000000 2.952542 -1.624464 100.000000 -6.855333 -400576.953669 1.581564 0.005797 1.159379 0.134544 0.905102 181.020369
 29.449998 2.198662 2.964552 0.765890 0.018389 23.796469 2.203390 -5.230870 1000.000000 2.952542 -1.624464 100.000000 -6.855333 -400577.506920 1.672050 0.512620 102.523983 0.069336 0.240377 48.075327
 29.499998 2.185681 3.043317 0.857636 0.568801 395.998674 2.203390 -5.230870 1000.000000 2.952542 -1.624464 100.000000 -6.855333 -400579.521211 1.658843 0.387610 77.522033 0.140427 0.985984 197.196789
 29.549998 2.143573 3.067935 0.924361 2.454765 3711.147308 2.203390 -5.230870 1000.000000 2.952542 -1.624464 100.000000 -6.855333 -400579.681828 1.584726 0.009702 1.940378 0.108602 0.589721 117.944280
 29.599998 2.177895 2.992988 0.815093 0.406784 666.342993 2.203390 -5.230870 1000.000000 2.952542 -1.624464 100.000000 -6.855333 -400579.968272 1.692204 0.736996 147.399117 0.171888 1.477276 295.455216
 29.649998 2.186417 2.992606 0.806189 0.224292 304.129557 2.203390 -5.230870 1000.000000 2.952542 -1.624464 100.000000 -6.855333 -400577.798505 1.687914 0.685826 137.165168 0.208499 2.173583 434.716544
 29.699998 2.163776 3.011170 0.847394 0.956470 1603.591514 2.203390 -5.230870 1000.000000 2.952542 -1.624464 100.000000 -6.855333 -400581.586788 1.618656 0.114525 22.905050 0.090581 0.410246 82.049181
 29.749998 2.153214 3.076404 0.923190 2.025903 2671.059556 2.203390 -5.230870 1000.000000 2.952542 -1.624464 100.000000 -6.855333 -400580.240328 1.659455 0.393015 78.602994 0.125131 0.782888 156.577637
 29.799998 2.160896 3.002320 0.841424 1.026768 1830.534015 2.203390 -5.230870 1000.000000 2.952542 -1.624464 100.000000 -6.855333 -400579.356795 1.655653 0.360035 72.007024 0.123122 0.757954 151.590747
 29.849998 2.238803 3.066791 0.827988 1.279700 1384.650060 2.203390 -5.230870 1000.000000 2.952542 -1.624464 100.000000 -6.855333 -400577.743790 1.639436 0.235569 47.113760 0.120041 0.720490 144.098068
 29.899998 2.182589 2.919058 0.736469 0.272392 443.877583 2.203390 -5.230870 1000.000000 2.952542 -1.624464 100.000000 -6.855333 -400576.585752 1.573466 0.000356 0.071280 0.156974 1.232035 246.407084
 29.949998 2.175776 3.032967 0.857191 0.704660 827.188166 2.203390 -5.230870 1000.000000 2.952542 -1.624464 100.000000 -6.855333 -400579.587378 1.702565 0.868144 173.628824 0.128204 0.821814 164.362884
 29.999998 2.180801 3.052637 0.871836 0.756077 610.453859 2.203390 -5.230870 1000.000000 2.952542 -1.624464 100.000000 -6.855333 -400577.574902 1.585245 0.010439 2.087738 0.098770 0.487776 97.555118
 30.049998 2.156658 3.051575 0.894918 1.582325 2281.968960 2.203390 -5.230870 1000.000000 2.952542 -1.624464 100.000000 -6.855333 -400575.850869 1.673927 0.531801 106.360118 0.145054 1.052033 210.406534
 30.099998 2.190781 2.959518 0.768737 0.081925 159.472098 2.203390 -5.230870 1000.000000 2.952542 -1.624464 100.000000 -6.855333 -400576.736304 1.648609 0.302739 60.547760 0.088315 0.389974 77.994754
 30.149998 2.161235 3.113805 0.952570 2.188785 2037.055104 2.203390 -5.230870 1000.000000 2.952542 -1.624464 100.000000 -6.855333 -400579.811852 1.622920 0.135845 27.169018 0.156256 1.220791 244.158264
 30.199998 2.149297 2.899343 0.750047 1.604539 2954.366606 2.203390 -5.230870 1000.000000 2.952542 -1.624464 100.000000 -6.855333 -400580.893214 1.688837 0.696675 139.334935 0.122696 0.752712 150.542493
 30.249998 2.169327 3.123232 0.953905 2.036891 1451.646337 2.203390 -5.230870 1000.000000 2.952542 -1.624464 100.000000 -6.855333 -400579.248146 1.633618 0.197328 39.465675 0.124076 0.769739 153.947737
 30.299998 2.178190 3.010269 0.832079 0.484132 668.351583 2.203390 -5.230870 1000.000000 2.952542 -1.624464 100.000000 -6.855333 -400580.074928 1.589969 0.018380 3.676022 0.106085 0.562704 112.540900
 30.349998 2.216776 2.942237 0.725461 0.094902 180.245458 2.203390 -5.230870 1000.000000 2.952542 -1.624464 100.000000 -6.855333 -400579.027003 1.711872 0.995120 199.024033 0.106847 0.570812 114.162386
 30.399998 2.187482 3.034252 0.846770 0.460352 319.823083 2.203390 -5.230870 1000.000000 2.952542 -1.624464 100.000000 -6.855333 -400580.410724 1.549542 0.022588 4.517675 0.130077 0.846001 169.200129
 30.449998 2.176390 2.998190 0.821799 0.468668 749.803908 2.203390 -5.230870 1000.000000 2.952542 -1.624464 100.000000 -6.855333 -400580.477876 1.673657 0.529014 105.802888 0.095321 0.454301 90.860277
 30.499998 2.192431 3.001932 0.809501 0.182019 144.496754 2.203390 -5.230870 1000.000000 2.952542 -1.624464 100.000000 -6.855333 -400578.089564 1.616941 0.106466 21.293283 0.146316 1.070419 214.083845
 30.549998 2.222816 3.095048 0.872232 1.204076 580.452798 2.203390 -5.230870 1000.000000 2.952542 -1.624464 100.000000 -6.855333 -400578.508410 1.556840 0.009739 1.947739 0.103556 0.536187 107.237492
 30.599998 2.219925 2.905671 0.685746 0.246558 295.394264 2.203390 -5.230870 1000.000000 2.952542 -1.624464 100.000000 -6.855333 -400578.497875 1.649866 0.312604 62.520700 0.113319 0.642064 128.412707
 30.649998 2.191322 3.019500 0.828178 0.296984 190.466299 2.203390 -5.230870 1000.000000 2.952542 -1.624464 100.000000 -6.855333 -400579.827510 1.623068 0.136615 27.323031 0.146052 1.066560 213.311979
 30.699998 2.190342 2.988315 0.797972 0.149100 183.030463 2.203390 -5.230870 1000.000000 2.952542 -1.624464 100.000000 -6.855333 -400578.462406 1.575657 0.001181 0.236251 0.096353 0.464191 92.838212
 30.749998 2.180592 3.042900 0.862308 0.668093 601.383147 2.203390 -5.230870 1000.000000 2.952542 -1.624464 100.000000 -6.855333 -400580.403772 1.701402 0.852898 170.579516 0.124274 0.772200 154.439903
 30.799998 2.166476 3.029734 0.863258 0.979233 1422.199225 2.203390 -5.230870 1000.000000 2.952542 -1.624464 100.000000 -6.855333 -400580.561405 1.605198 0.059174 11.834783 0.123512 0.762763 152.552544
 30.849998 2.169930 3.056871 0.886942 1.104012 1228.416011 2.203390 -5.230870 1000.000000 2.952542 -1.624464 100.000000 -6.855333 -400580.480243 1.657907 0.379414 75.882842 0.083426 0.347994 69.598727
 30.899998 2.161770 2.943224 0.781455 0.870459 1733.104769 2.203390 -5.230870 1000.000000 2.952542 -1.624464 100.000000 -6.855333 -400580.099799 1.648045 0.298370 59.674076 0.169712 1.440115 288.023096
 30.949998 2.187903 3.033151 0.845248 0.444812 304.833566 2.203390 -5.230870 1000.000000 2.952542 -1.624464 100.000000 -6.855333 -400581.535858 1.659267 0.391354 78.270774 0.140656 0.989211 197.842104
 30.999998 2.162474 3.000924 0.838451 0.954113 1697.552662 2.203390 -5.230870 1000.000000 2.952542 -1.624464 100.000000 -6.855333 -400580.828869 1.582287 0.006601 1.320248 0.110208 0.607286 121.457205
 31.049998 2.182032 3.114416 0.932384 1.538233 718.180937 2.203390 -5.230870 1000.000000 2.952542 -1.624464 100.000000 -6.855333 -400579.942727 1.711791 0.993982 198.796344 0.145460 1.057930 211.586001
 31.099998 2.144274 2.954677 0.810402 1.747545 3494.680170 2.203390 -5.230870 1000.000000 2.952542 -1.624464 100.000000 -6.855333 -400580.678763 1.638544 0.229488 45.897602 0.063284 0.200245 40.049050
 31.149997 2.180174 3.101148 0.920973 1.373658 759.790014 2.203390 -5.230870 1000.000000 2.952542 -1.624464 100.000000 -6.855333 -400580.979070 1.664709 0.440979 88.195711 0.136878 0.936779 187.355716
 31.199997 2.167310 2.878024 0.710714 0.928510 1357.254367 2.203390 -5.230870 1000.000000 2.952542 -1.624464 100.000000 -6.855333 -400578.781325 1.606625 0.064185 12.837041 0.157399 1.238715 247.742938
 31.249997 2.189498 3.090623 0.901125 1.049803 383.647460 2.203390 -5.230870 1000.000000 2.952542 -1.624464 100.000000 -6.855333 -400580.063188 1.676931 0.563233 112.646653 0.121537 0.738557 147.711373
 31.299997 2.179465 3.031002 0.851537 0.593986 633.934265 2.203390 -5.230870 1000.000000 2.952542 -1.624464 100.000000 -6.855333 -400579.260833 1.497985 0.265074 53.014760 0.136928 0.937458 187.491615
 31.349997 2.190433 3.002658 0.812224 0.209514 192.989424 2.203390 -5.230870 1000.000000 2.952542 -1.624464 100.000000 -6.855333 -400577.968414 1.785215 2.298778 459.755582 0.080336 0.322697 64.539362
 31.399997 2.189976 2.983707 0.793731 0.138530 189.649905 2.203390 -5.230870 1000.000000 2.952542 -1.624464 100.000000 -6.855333 -400579.573623 1.533006 0.071405 14.281018 0.111183 0.618082 123.616301
 31.449997 2.199135 3.044017 0.844882 0.427432 101.778312 2.203390 -5.230870 1000.000000 2.952542 -1.624464 100.000000 -6.855333 -400581.096158 1.631088 0.181754 36.350863 0.158357 1.253845 250.768916
 31.499997 2.229784 2.902534 0.672750 0.473376 721.679051 2.203390 -5.230870 1000.000000 2.952542 -1.624464 100.000000 -6.855333 -400579.836955 1.630525 0.178376 35.675244 0.146229 1.069143 213.828552
 31.549997 2.184526 3.206933 1.022407 3.413659 1002.987768 2.203390 -5.230870 1000.000000 2.952542 -1.624464 100.000000 -6.855333 -400578.446170 1.571601 0.000032 0.006475 0.116421 0.677688 135.537660
 31.599997 2.195331 2.888969 0.693638 0.234548 105.357524 2.203390 -5.230870 1000.000000 2.952542 -1.624464 100.000000 -6.855333 -400575.377461 1.622586 0.134107 26.821450 0.017475 0.015268 3.053681
 31.649997 2.199834 3.053114 0.853280 0.512055 113.787994 2.203390 -5.230870 1000.000000 2.952542 -1.624464 100.000000 -6.855333 -400579.833210 1.664389 0.437977 87.595304 0.116865 0.682873 136.574631
 31.699997 2.203921 2.989509 0.785588 0.068466 13.946885 2.203390 -5.230870 1000.000000 2.952542 -1.624464 100.000000 -6.855333 -400575.159436 1.492459 0.306839 61.367743 0.149485 1.117293 223.458618
 31.749997 2.198889 3.075395 0.876506 0.764768 171.186349 2.203390 -5.230870 1000.000000 2.952542 -1.624464 100.000000 -6.855333 -400578.910638 1.605695 0.060895 12.179044 0.231897 2.688817 537.763425
 31.799997 2.178423 3.000604 0.822181 0.427157 646.420094 2.203390 -5.230870 1000.000000 2.952542 -1.624464 100.000000 -6.855333 -400576.697432 1.615703 0.100832 20.166458 0.164978 1.360888 272.177529
 31.849997 2.193951 3.051329 0.857377 0.532480 186.674190 2.203390 -5.230870 1000.000000 2.952542 -1.624464 100.000000 -6.855333 -400580.403940 1.608925 0.072689 14.537718 0.081928 0.335608 67.121628
 31.899997 2.192731 2.962500 0.769768 0.061758 114.592788 2.203390 -5.230870 1000.000000 2.952542 -1.624464 100.000000 -6.855333 -400578.001819 1.659281 0.391479 78.295762 0.010106 0.005107 1.021375
 31.949997 2.165121 3.008864 0.843743 0.890870 1496.248227 2.203390 -5.230870 1000.000000 2.952542 -1.624464 100.000000 -6.855333 -400581.429931 1.702159 0.862810 172.562063 0.022481 0.025270 5.054071
 31.999997 2.196386 3.039787 0.843401 0.405108 125.171801 2.203390 -5.230870 1000.000000 2.952542 -1.624464 100.000000 -6.855333 -400579.256492 1.579144 0.003484 0.696890 0.075611 0.285852 57.170383
 32.049997 2.173210 3.049629 0.876419 0.926696 1005.077622 2.203390 -5.230870 1000.000000 2.952542 -1.624464 100.000000 -6.855333 -400579.555575 1.627773 0.162315 32.463074 0.181855 1.653562 330.712321
 32.099997 2.185946 2.935336 0.749389 0.166943 307.239599 2.203390 -5.230870 1000.000000 2.952542 -1.624464 100.000000 -6.855333 -400576.434778 1.592493 0.023538 4.707526 0.174985 1.530985 306.197007
 32.149997 2.153319 3.111104 0.957785 2.510630 2758.511301 2.203390 -5.230870 1000.000000 2.952542 -1.624464 100.000000 -6.855333 -400580.145447 1.597304 0.035133 7.026627 0.132057 0.871958 174.391659
 32.199997 2.177929 2.932213 0.754284 0.344784 652.373076 2.203390 -5.230870 1000.000000 2.952542 -1.624464 100.000000 -6.855333 -400577.139997 1.650875 0.320627 64.125484 0.017870 0.015968 3.193528
 32.249997 2.168482 3.106538 0.938056 1.795003 1455.695512 2.203390 -5.230870 1000.000000 2.952542 -1.624464 100.000000 -6.855333 -400577.736620 1.698173 0.811242 162.248405 0.105654 0.558136 111.627167
 32.299997 2.148631 2.990045 0.841414 1.569585 3012.590874 2.203390 -5.230870 1000.000000 2.952542 -1.624464 100.000000 -6.855333 -400580.229306 1.563901 0.002377 0.475495 0.110616 0.611797 122.359325
 32.349997 2.137069 3.082744 0.945676 3.046884 4568.034608 2.203390 -5.230870 1000.000000 2.952542 -1.624464 100.000000 -6.855333 -400578.266482 1.675691 0.550145 110.028923 0.161261 1.300250 260.049915
 32.399997 2.172915 2.941422 0.768507 0.470546 929.963035 2.203390 -5.230870 1000.000000 2.952542 -1.624464 100.000000 -6.855333 -400575.459197 1.552724 0.016331 3.266137 0.145132 1.053170 210.634015
 32.449997 2.193764 3.068993 0.875230 0.724373 228.269520 2.203390 -5.230870 1000.000000 2.952542 -1.624464 100.000000 -6.855333 -400575.555811 1.694247 0.762008 152.401657 0.098018 0.480374 96.074737
 32.499997 2.171721 2.950757 0.779036 0.501625 1002.963418 2.203390 -5.230870 1000.000000 2.952542 -1.624464 100.000000 -6.855333 -400576.734196 1.618066 0.111722 22.344454 0.065486 0.214422 42.884465
 32.549997 2.153240 3.124126 0.970886 2.729548 2809.409522 2.203390 -5.230870 1000.000000 2.952542 -1.624464 100.000000 -6.855333 -400577.687423 1.672190 0.514037 102.807387 0.072750 0.264628 52.925664
 32.599997 2.201392 2.925938 0.724545 0.037385 11.068136 2.203390 -5.230870 1000.000000 2.952542 -1.624464 100.000000 -6.855333 -400578.217579 1.590315 0.019048 3.809646 0.089207 0.397892 79.578466
 32.649997 2.227331 3.040059 0.812728 0.669538 649.755754 2.203390 -5.230870 1000.000000 2.952542 -1.624464 100.000000 -6.855333 -400578.166660 1.640001 0.239462 47.892364 0.159196 1.267161 253.432286
 32.699997 2.182060 2.938503 0.756443 0.237336 456.931824 2.203390 -5.230870 1000.000000 2.952542 -1.624464 100.000000 -6.855333 -400577.671788 1.558405 0.007677 1.535485 0.111136 0.617557 123.511441
 32.749997 2.182310 3.081494 0.899184 1.053607 610.650038 2.203390 -5.230870 1000.000000 2.952542 -1.624464 100.000000 -6.855333 -400579.712259 1.686578 0.670274 134.054714 0.106240 0.564345 112.869085
 32.799997 2.186756 2.957399 0.770643 0.139518 276.912894 2.203390 -5.230870 1000.000000 2.952542 -1.624464 100.000000 -6.855333 -400577.320704 1.567442 0.000562 0.112482 0.079527 0.316224 63.244815
 32.849997 2.196475 3.067552 0.871077 0.685271 180.088936 2.203390 -5.230870 1000.000000 2.952542 -1.624464 100.000000 -6.855333 -400578.591340 1.711900 0.995506 199.101155 0.055152 0.152087 30.417362
 32.899997 2.181392 2.934036 0.752643 0.259067 487.308701 2.203390 -5.230870 1000.000000 2.952542 -1.624464 100.000000 -6.855333 -400577.373529 1.590109 0.018648 3.729619 0.137885 0.950615 190.123033
 32.949997 2.182230 3.050941 0.868711 0.707989 544.578135 2.203390 -5.230870 1000.000000 2.952542 -1.624464 100.000000 -6.855333 -400578.715646 1.629566 0.172692 34.538431 0.173462 1.504460 300.891989
 32.999997 2.209994 2.987317 0.777322 0.082273 55.712861 2.203390 -5.230870 1000.000000 2.952542 -1.624464 100.000000 -6.855333 -400578.570964 1.597963 0.036902 7.380463 0.128340 0.823558 164.711534
 33.049997 2.181363 3.058130 0.876767 0.800028 596.674801 2.203390 -5.230870 1000.000000 2.952542 -1.624464 100.000000 -6.855333 -400575.691750 1.594245 0.027493 5.498540 0.074630 0.278480 55.696001
 33.099997 2.196507 2.964288 0.767781 0.030586 48.754126 2.203390 -5.230870 1000.000000 2.952542 -1.624464 100.000000 -6.855333 -400578.541913 1.684727 0.649013 129.802555 0.015353 0.011785 2.357082
 33.149997 2.203901 3.016832 0.812931 0.206788 41.592799 2.203390 -5.230870 1000.000000 2.952542 -1.624464 100.000000 -6.855333 -400576.304587 1.640089 0.240072 48.014375 0.120402 0.724837 144.967411
 33.199997 2.191869 2.983023 0.791154 0.112818 142.021948 2.203390 -5.230870 1000.000000 2.952542 -1.624464 100.000000 -6.855333 -400576.399934 1.555519 0.011669 2.333846 0.160355 1.285682 257.136340
 33.249997 2.174099 3.024711 0.850612 0.689386 910.019869 2.203390 -5.230870 1000.000000 2.952542 -1.624464 100.000000 -6.855333 -400580.308943 1.627316 0.159722 31.944313 0.165810 1.374644 274.928790
 33.299997 2.159749 3.060060 0.900311 1.530269 2020.134266 2.203390 -5.230870 1000.000000 2.952542 -1.624464 100.000000 -6.855333 -400577.038034 1.621110 0.126571 25.314166 0.071587 0.256237 51.247464
 33.349997 2.193879 2.996822 0.802943 0.143259 110.056741 2.203390 -5.230870 1000.000000 2.952542 -1.624464 100.000000 -6.855333 -400579.741499 1.674593 0.538685 107.736921 0.021489 0.023089 4.617783
 33.399997 2.189263 3.007366 0.818103 0.250063 229.616987 2.203390 -5.230870 1000.000000 2.952542 -1.624464 100.000000 -6.855333 -400577.476150 1.682415 0.622940 124.587905 0.092802 0.430607 86.121376
 33.449997 2.140991 3.009428 0.868436 2.108586 3925.938007 2.203390 -5.230870 1000.000000 2.952542 -1.624464 100.000000 -6.855333 -400582.729701 1.597321 0.035178 7.035601 0.143322 1.027055 205.410998
 33.499997 2.171534 3.108193 0.936660 1.718770 1257.090933 2.203390 -5.230870 1000.000000 2.952542 -1.624464 100.000000 -6.855333 -400578.064830 1.625982 0.152274 30.454737 0.187547 1.758701 351.740218
 33.549997 2.170524 3.010277 0.839754 0.706764 1113.528396 2.203390 -5.230870 1000.000000 2.952542 -1.624464 100.000000 -6.855333 -400579.133010 1.575950 0.001328 0.265569 0.098554 0.485648 97.129587
 33.599997 2.197018 3.017101 0.820083 0.228692 82.280587 2.203390 -5.230870 1000.000000 2.952542 -1.624464 100.000000 -6.855333 -400577.132496 1.711010 0.982996 196.599254 0.017892 0.016006 3.201157
 33.649997 2.179553 2.978574 0.799021 0.317972 574.954498 2.203390 -5.230870 1000.000000 2.952542 -1.624464 100.000000 -6.855333 -400578.353380 1.653823 0.344672 68.934435 0.084446 0.356558 71.311603
 33.699997 2.178338 3.035763 0.857425 0.660072 696.831536 2.203390 -5.230870 1000.000000 2.952542 -1.624464 100.000000 -6.855333 -400579.863976 1.641520 0.250093 50.018679 0.104474 0.545740 109.147902
 33.749997 2.189920 2.980033 0.790113 0.128510 189.002937 2.203390 -5.230870 1000.000000 2.952542 -1.624464 100.000000 -6.855333 -400579.772397 1.566204 0.001054 0.210898 0.148459 1.101999 220.399857
 33.799997 2.217361 3.058533 0.841171 0.659296 307.537931 2.203390 -5.230870 1000.000000 2.952542 -1.624464 100.000000 -6.855333 -400580.988312 1.596795 0.033796 6.759132 0.150698 1.135500 227.099951
 33.849997 2.190752 2.978494 0.787743 0.113537 166.457311 2.203390 -5.230870 1000.000000 2.952542 -1.624464 100.000000 -6.855333 -400576.369200 1.633282 0.195225 39.044969 0.062903 0.197841 39.568230
 33.899997 2.215801 3.002758 0.786957 0.203101 179.259540 2.203390 -5.230870 1000.000000 2.952542 -1.624464 100.000000 -6.855333 -400577.619845 1.707259 0.931100 186.219964 0.108064 0.583889 116.777841
 33.949997 2.202305 2.942132 0.739827 0.006007 2.259884 2.203390 -5.230870 1000.000000 2.952542 -1.624464 100.000000 -6.855333 -400576.010189 1.560947 0.004851 0.970129 0.078378 0.307156 61.431192
 33.999997 2.227500 3.039163 0.811663 0.665819 656.354207 2.203390 -5.230870 1000.000000 2.952542 -1.624464 100.000000 -6.855333 -400579.992371 1.623608 0.139452 27.890424 0.127346 0.810855 162.170910
 34.049997 2.166873 3.003670 0.836797 0.797439 1359.611127 2.203390 -5.230870 1000.000000 2.952542 -1.624464 100.000000 -6.855333 -400579.221500 1.587878 0.014590 2.917958 0.128831 0.829875 165.975045
 34.099997 2.190550 3.059914 0.869364 0.658868 280.156969 2.203390 -5.230870 1000.000000 2.952542 -1.624464 100.000000 -6.855333 -400580.840286 1.660436 0.401764 80.352786 0.087904 0.386356 77.271153
 34.149997 2.173301 2.945519 0.772218 0.455128 905.817102 2.203390 -5.230870 1000.000000 2.952542 -1.624464 100.000000 -6.855333 -400581.046435 1.633765 0.198251 39.650214 0.073914 0.273166 54.633141
 34.199997 2.181096 3.040244 0.859148 0.633083 573.929789 2.203390 -5.230870 1000.000000 2.952542 -1.624464 100.000000 -6.855333 -400580.456805 1.693243 0.749653 149.930700 0.089073 0.396699 79.339701
 34.249997 2.166795 2.995146 0.828352 0.760355 1357.350146 2.203390 -5.230870 1000.000000 2.952542 -1.624464 100.000000 -6.855333 -400581.377135 1.590689 0.019786 3.957168 0.113503 0.644141 128.828257
 34.299997 2.149746 3.102447 0.952701 2.562399 3102.371790 2.203390 -5.230870 1000.000000 2.952542 -1.624464 100.000000 -6.855333 -400579.546100 1.633710 0.197904 39.580857 0.153678 1.180844 236.168713
 34.349997 2.150827 2.990964 0.840137 1.455230 2777.600206 2.203390 -5.230870 1000.000000 2.952542 -1.624464 100.000000 -6.855333 -400577.249726 1.610322 0.078113 15.622658 0.093215 0.434453 86.890603
 34.399997 2.181968 3.080637 0.898669 1.049864 622.989420 2.203390 -5.230870 1000.000000 2.952542 -1.624464 100.000000 -6.855333 -400578.175233 1.728727 1.247108 249.421539 0.094253 0.444181 88.836214
 34.449997 2.180885 2.904435 0.723550 0.368963 529.632705 2.203390 -5.230870 1000.000000 2.952542 -1.624464 100.000000 -6.855333 -400572.844173 1.639597 0.236674 47.334898 0.095863 0.459488 91.897509
 34.499997 2.238535 3.063470 0.824935 1.232836 1358.234635 2.203390 -5.230870 1000.000000 2.952542 -1.624464 100.000000 -6.855333 -400579.708052 1.640370 0.242022 48.404390 0.073690 0.271511 54.302116
 34.549997 2.181866 2.952889 0.771022 0.231633 463.255001 2.203390 -5.230870 1000.000000 2.952542 -1.624464 100.000000 -6.855333 -400577.208273 1.582467 0.006811 1.362128 0.116632 0.680150 136.030004
 34.599997 2.192152 3.096234 0.904082 1.095504 332.756536 2.203390 -5.230870 1000.000000 2.952542 -1.624464 100.000000 -6.855333 -400578.329542 1.647635 0.295213 59.042543 0.166273 1.382330 276.465940
 34.649997 2.176407 2.991315 0.814908 0.439199 743.102335 2.203390 -5.230870 1000.000000 2.952542 -1.624464 100.000000 -6.855333 -400577.578702 1.557505 0.008833 1.766609 0.095579 0.456771 91.354243
 34.699997 2.194600 3.009648 0.815047 0.201677 109.863147 2.203390 -5.230870 1000.000000 2.952542 -1.624464 100.000000 -6.855333 -400577.750519 1.716674 1.064019 212.803840 0.113407 0.643052 128.610392
 34.749997 2.191185 2.925512 0.734327 0.111017 156.273946 2.203390 -5.230870 1000.000000 2.952542 -1.624464 100.000000 -6.855333 -400580.186836 1.632560 0.190740 38.147993 0.080666 0.325350 65.070031
 34.799997 2.185729 3.090814 0.905085 1.111898 503.079630 2.203390 -5.230870 1000.000000 2.952542 -1.624464 100.000000 -6.855333 -400580.733256 1.610542 0.078986 15.797292 0.072888 0.265635 53.126903
 34.849997 2.159477 2.980160 0.820683 1.002306 1935.963707 2.203390 -5.230870 1000.000000 2.952542 -1.624464 100.000000 -6.855333 -400580.534918 1.629279 0.171011 34.202195 0.144830 1.048788 209.757688
 34.899997 2.203433 3.068977 0.865545 0.677855 135.572705 2.203390 -5.230870 1000.000000 2.952542 -1.624464 100.000000 -6.855333 -400578.023498 1.623346 0.138075 27.614916 0.134168 0.900049 180.009825
 34.949997 2.179704 2.991862 0.812158 0.357813 576.485410 2.203390 -5.230870 1000.000000 2.952542 -1.624464 100.000000 -6.855333 -400578.143226 1.567909 0.000417 0.083344 0.089196 0.397799 79.559709
 34.999997 2.174387 2.986611 0.812224 0.478619 852.780049 2.203390 -5.230870 1000.000000 2.952542 -1.624464 100.000000 -6.855333 -400577.656208 1.758365 1.759091 351.818294 0.122771 0.753630 150.726044
 35.049997 2.131965 3.050278 0.918313 3.028388 5197.073576 2.203390 -5.230870 1000.000000 2.952542 -1.624464 100.000000 -6.855333 -400578.602564 1.525317 0.103419 20.683800 0.077562 0.300791 60.158278
 35.099997 2.188437 3.088340 0.899904 1.033854 408.011502 2.203390 -5.230870 1000.000000 2.952542 -1.624464 100.000000 -6.855333 -400582.244175 1.619698 0.119571 23.914168 0.163128 1.330539 266.107735
 35.149997 2.194253 2.925925 0.731672 0.077168 90.572124 2.203390 -5.230870 1000.000000 2.952542 -1.624464 100.000000 -6.855333 -400577.654597 1.663346 0.428269 85.653782 0.112026 0.627490 125.498048
 35.199997 2.189024 3.125446 0.936422 1.597967 505.333633 2.203390 -5.230870 1000.000000 2.952542 -1.624464 100.000000 -6.855333 -400578.615865 1.578061 0.002639 0.527718 0.078899 0.311249 62.249834
 35.249997 2.199236 2.900802 0.701567 0.142481 44.028634 2.203390 -5.230870 1000.000000 2.952542 -1.624464 100.000000 -6.855333 -400577.386175 1.631764 0.185853 37.170566 0.048022 0.115304 23.060889
 35.299997 2.204729 3.013517 0.808788 0.186794 38.972460 2.203390 -5.230870 1000.000000 2.952542 -1.624464 100.000000 -6.855333 -400578.532652 1.721530 1.136032 227.206418 0.074463 0.277239 55.447860
 35.349997 2.212411 3.057291 0.844880 0.589307 191.110590 2.203390 -5.230870 1000.000000 2.952542 -1.624464 100.000000 -6.855333 -400578.204799 1.490415 0.323057 64.611468 0.085767 0.367796 73.559253
 35.399997 2.178790 3.017788 0.838998 0.515423 647.716246 2.203390 -5.230870 1000.000000 2.952542 -1.624464 100.000000 -6.855333 -400578.866813 1.640008 0.239512 47.902454 0.110661 0.612288 122.457543
 35.449997 2.207387 2.890494 0.683106 0.200494 54.481770 2.203390 -5.230870 1000.000000 2.952542 -1.624464 100.000000 -6.855333 -400578.546378 1.669852 0.490602 98.120497 0.108414 0.587676 117.535138
 35.499997 2.189859 3.102210 0.912351 1.211568 407.096959 2.203390 -5.230870 1000.000000 2.952542 -1.624464 100.000000 -6.855333 -400575.277680 1.571338 0.000015 0.002930 0.107330 0.575985 115.197001
 35.549997 2.207903 2.918862 0.710958 0.066905 31.713303 2.203390 -5.230870 1000.000000 2.952542 -1.624464 100.000000 -6.855333 -400580.309321 1.679731 0.593334 118.666805 0.068093 0.231830 46.366069
 35.599997 2.188695 3.101997 0.913302 1.224805 439.305787 2.203390 -5.230870 1000.000000 2.952542 -1.624464 100.000000 -6.855333 -400581.014773 1.619112 0.116722 23.344387 0.158734 1.259827 251.965452
 35.649997 2.187373 2.986838 0.799465 0.187074 268.288903 2.203390 -5.230870 1000.000000 2.952542 -1.624464 100.000000 -6.855333 -400580.089296 1.525505 0.102566 20.513258 0.106106 0.562929 112.585793
 35.699997 2.200107 3.015399 0.815292 0.202935 50.288955 2.203390 -5.230870 1000.000000 2.952542 -1.624464 100.000000 -6.855333 -400579.488412 1.707361 0.932489 186.497821 0.153399 1.176566 235.313288
 35.749997 2.175008 2.929048 0.754041 0.430363 811.049795 2.203390 -5.230870 1000.000000 2.952542 -1.624464 100.000000 -6.855333 -400576.181804 1.575311 0.001019 0.203815 0.082325 0.338869 67.773770
 35.799997 2.197771 3.091436 0.893665 0.980362 224.483228 2.203390 -5.230870 1000.000000 2.952542 -1.624464 100.000000 -6.855333 -400578.568029 1.661548 0.411791 82.358134 0.037186 0.069141 13.828183
 35.849997 2.177232 2.938914 0.761682 0.351406 686.097777 2.203390 -5.230870 1000.000000 2.952542 -1.624464 100.000000 -6.855333 -400580.111603 1.670595 0.497992 99.598441 0.087843 0.385820 77.163917
 35.899997 2.169499 3.084071 0.914572 1.439282 1321.593878 2.203390 -5.230870 1000.000000 2.952542 -1.624464 100.000000 -6.855333 -400581.932328 1.622476 0.133538 26.707596 0.133531 0.891520 178.303961
 35.949997 2.147612 3.028467 0.880855 1.843836 3168.865219 2.203390 -5.230870 1000.000000 2.952542 -1.624464 100.000000 -6.855333 -400581.800993 1.536664 0.058251 11.650214 0.117317 0.688164 137.632713
 35.999997 2.154138 3.023467 0.869329 1.464390 2476.050333 2.203390 -5.230870 1000.000000 2.952542 -1.624464 100.000000 -6.855333 -400581.182328 1.757608 1.744934 348.986888 0.131591 0.865804 173.160743
 36.049997 2.171284 2.977996 0.806712 0.547775 1037.239545 2.203390 -5.230870 1000.000000 2.952542 -1.624464 100.000000 -6.855333 -400577.562928 1.599511 0.041228 8.245563 0.055246 0.152606 30.521262
 36.099997 2.165877 3.152875 0.986998 2.710270 1808.559301 2.203390 -5.230870 1000.000000 2.952542 -1.624464 100.000000 -6.855333 -400581.255660 1.674224 0.534863 106.972679 0.107011 0.572569 114.513877
 36.149997 2.141955 2.923459 0.781505 1.929425 3782.726136 2.203390 -5.230870 1000.000000 2.952542 -1.624464 100.000000 -6.855333 -400580.976903 1.652851 0.336649 67.329723 0.134285 0.901622 180.324406
 36.199997 2.172442 3.161470 0.989028 2.661427 1394.290364 2.203390 -5.230870 1000.000000 2.952542 -1.624464 100.000000 -6.855333 -400581.356520 1.593735 0.026309 5.261734 0.129850 0.843055 168.611095
 36.249997 2.204052 2.908114 0.704062 0.098914 20.177349 2.203390 -5.230870 1000.000000 2.952542 -1.624464 100.000000 -6.855333 -400577.899520 1.556913 0.009638 1.927534 0.096660 0.467161 93.432262
 36.299997 2.248462 2.993663 0.745201 1.100286 2048.390415 2.203390 -5.230870 1000.000000 2.952542 -1.624464 100.000000 -6.855333 -400578.191681 1.744644 1.511151 302.230131 0.072990 0.266381 53.276124
 36.349997 2.195679 3.019066 0.823387 0.251001 103.713824 2.203390 -5.230870 1000.000000 2.952542 -1.624464 100.000000 -6.855333 -400576.507279 1.485527 0.363541 72.708144 0.079822 0.318574 63.714817
 36.399997 2.208059 3.060817 0.852757 0.597068 139.037302 2.203390 -5.230870 1000.000000 2.952542 -1.624464 100.000000 -6.855333 -400579.432190 1.655124 0.355558 71.111686 0.108420 0.587745 117.549015
 36.449997 2.221128 2.860812 0.639685 0.578039 398.781441 2.203390 -5.230870 1000.000000 2.952542 -1.624464 100.000000 -6.855333 -400576.852567 1.588792 0.016191 3.238279 0.102454 0.524845 104.968933
 36.499997 2.238101 3.105177 0.867076 1.767299 1437.838030 2.203390 -5.230870 1000.000000 2.952542 -1.624464 100.000000 -6.855333 -400576.322072 1.645444 0.278615 55.722900 0.113084 0.639402 127.880316
 36.549997 2.177385 2.908575 0.731190 0.434775 695.569192 2.203390 -5.230870 1000.000000 2.952542 -1.624464 100.000000 -6.855333 -400577.382472 1.640058 0.239857 47.971431 0.059565 0.177400 35.480005
 36.599997 2.205315 3.071383 0.866068 0.708002 144.934471 2.203390 -5.230870 1000.000000 2.952542 -1.624464 100.000000 -6.855333 -400578.657501 1.633294 0.195295 39.059015 0.113430 0.643314 128.662735
 36.649997 2.215758 2.968333 0.752575 0.088957 155.473445 2.203390 -5.230870 1000.000000 2.952542 -1.624464 100.000000 -6.855333 -400577.325477 1.502747 0.231539 46.307704 0.119186 0.710264 142.052728
 36.699997 2.186870 3.052442 0.865572 0.635448 372.696528 2.203390 -5.230870 1000.000000 2.952542 -1.624464 100.000000 -6.855333 -400578.528621 1.730725 1.278863 255.772670 0.134688 0.907047 181.409408
 36.749997 2.137753 2.964577 0.826824 2.161336 4309.637205 2.203390 -5.230870 1000.000000 2.952542 -1.624464 100.000000 -6.855333 -400577.149069 1.599853 0.042214 8.442892 0.108077 0.584036 116.807210
 36.799997 2.150128 3.115108 0.964979 2.739768 3101.057263 2.203390 -5.230870 1000.000000 2.952542 -1.624464 100.000000 -6.855333 -400577.934182 1.678560 0.580654 116.130783 0.062575 0.195784 39.156857
 36.849997 2.112866 3.009634 0.896768 4.260248 8227.140371 2.203390 -5.230870 1000.000000 2.952542 -1.624464 100.000000 -6.855333 -400577.678890 1.700203 0.837299 167.459867 0.070007 0.245049 49.009781
 36.899997 2.132999 3.100384 0.967385 3.570285 5173.414488 2.203390 -5.230870 1000.000000 2.952542 -1.624464 100.000000 -6.855333 -400576.889305 1.666889 0.461690 92.338050 0.078208 0.305823 61.164630
 36.949997 2.156357 3.032419 0.876062 1.425038 2275.845445 2.203390 -5.230870 1000.000000 2.952542 -1.624464 100.000000 -6.855333 -400578.264736 1.604412 0.056500 11.299964 0.094321 0.444822 88.964340
 36.999997 2.133563 3.020922 0.887359 2.671703 4922.590993 2.203390 -5.230870 1000.000000 2.952542 -1.624464 100.000000 -6.855333 -400581.209622 1.709539 0.962471 192.494237 0.123573 0.763509 152.701896
 37.049997 2.154621 3.033773 0.879152 1.519128 2444.405235 2.203390 -5.230870 1000.000000 2.952542 -1.624464 100.000000 -6.855333 -400578.975786 1.634820 0.204953 40.990650 0.102140 0.521633 104.326557
 37.099997 2.155597 3.069247 0.913650 1.823072 2420.341847 2.203390 -5.230870 1000.000000 2.952542 -1.624464 100.000000 -6.855333 -400579.316031 1.663463 0.429353 85.870621 0.090177 0.406596 81.319241
 37.149997 2.163216 2.960017 0.796801 0.809775 1614.522667 2.203390 -5.230870 1000.000000 2.952542 -1.624464 100.000000 -6.855333 -400577.712317 1.637759 0.224201 44.840263 0.117621 0.691738 138.347652
 37.199997 2.151778 3.116323 0.964546 2.673110 2932.040706 2.203390 -5.230870 1000.000000 2.952542 -1.624464 100.000000 -6.855333 -400580.079807 1.640550 0.243281 48.656135 0.086661 0.375503 75.100660
 37.249997 2.178065 2.987092 0.809027 0.380356 653.278669 2.203390 -5.230870 1000.000000 2.952542 -1.624464 100.000000 -6.855333 -400578.688423 1.614997 0.097685 19.536901 0.107631 0.579221 115.844258
 37.299997 2.170124 3.004391 0.834266 0.687705 1133.467204 2.203390 -5.230870 1000.000000 2.952542 -1.624464 100.000000 -6.855333 -400576.991612 1.711846 0.994745 198.949025 0.120649 0.727806 145.561108
 37.349997 2.218621 2.981998 0.763377 0.159384 240.678443 2.203390 -5.230870 1000.000000 2.952542 -1.624464 100.000000 -6.855333 -400574.920822 1.595646 0.030875 6.175025 0.072214 0.260743 52.148521
 37.399997 2.178981 3.058086 0.879105 0.854869 707.188324 2.203390 -5.230870 1000.000000 2.952542 -1.624464 100.000000 -6.855333 -400578.343563 1.626109 0.152972 30.594425 0.105587 0.557432 111.486417
 37.449997 2.213992 2.967158 0.753166 0.066886 114.546899 2.203390 -5.230870 1000.000000 2.952542 -1.624464 100.000000 -6.855333 -400577.706754 1.613562 0.091445 18.288922 0.093996 0.441762 88.352451
 37.499997 2.187913 3.021825 0.833912 0.359771 287.535922 2.203390 -5.230870 1000.000000 2.952542 -1.624464 100.000000 -6.855333 -400578.692998 1.630086 0.175761 35.152152 0.098242 0.482575 96.515095
 37.549997 2.237000 2.931424 0.694424 0.587128 1134.116506 2.203390 -5.230870 1000.000000 2.952542 -1.624464 100.000000 -6.855333 -400575.191159 1.618318 0.112917 22.583460 0.113593 0.645174 129.034757
 37.599997 2.173479 3.016022 0.842543 0.648816 934.966937 2.203390 -5.230870 1000.000000 2.952542 -1.624464 100.000000 -6.855333 -400579.107536 1.621365 0.127861 25.572282 0.104262 0.543527 108.705356
 37.649997 2.227192 2.974477 0.747284 0.307333 571.367258 2.203390 -5.230870 1000.000000 2.952542 -1.624464 100.000000 -6.855333 -400578.682809 1.595627 0.030828 6.165609 0.104823 0.549390 109.877927
 37.699997 2.200494 3.030085 0.829591 0.304835 68.514520 2.203390 -5.230870 1000.000000 2.952542 -1.624464 100.000000 -6.855333 -400576.531116 1.630887 0.180545 36.108971 0.109587 0.600465 120.092954
 37.749997 2.215397 2.973281 0.757884 0.093586 148.464645 2.203390 -5.230870 1000.000000 2.952542 -1.624464 100.000000 -6.855333 -400578.822952 1.617118 0.107285 21.457056 0.065719 0.215948 43.189570
 37.799997 2.153896 3.034227 0.880332 1.558451 2516.383886 2.203390 -5.230870 1000.000000 2.952542 -1.624464 100.000000 -6.855333 -400578.678940 1.671594 0.508006 101.601235 0.118674 0.704175 140.834996
 37.849997 2.199573 2.959877 0.760304 0.009974 15.105701 2.203390 -5.230870 1000.000000 2.952542 -1.624464 100.000000 -6.855333 -400577.760447 1.619345 0.117847 23.569347 0.109689 0.601588 120.317599
 37.899997 2.202790 3.039680 0.836890 0.379831 76.290213 2.203390 -5.230870 1000.000000 2.952542 -1.624464 100.000000 -6.855333 -400580.020755 1.585275 0.010482 2.096321 0.113612 0.645383 129.076530
 37.949997 2.216400 2.983516 0.767115 0.132603 178.865792 2.203390 -5.230870 1000.000000 2.952542 -1.624464 100.000000 -6.855333 -400578.086679 1.630493 0.178182 35.636368 0.116587 0.679621 135.924292
 37.999997 2.135108 3.020955 0.885847 2.565206 4709.183381 2.203390 -5.230870 1000.000000 2.952542 -1.624464 100.000000 -6.855333 -400575.512316 1.665386 0.447356 89.471152 0.066572 0.221594 44.318709
 38.049997 2.200088 3.012886 0.812798 0.187521 47.317077 2.203390 -5.230870 1000.000000 2.952542 -1.624464 100.000000 -6.855333 -400577.180348 1.598926 0.039563 7.912603 0.092893 0.431453 86.290694
 38.099997 2.185529 2.994871 0.809342 0.249087 336.919782 2.203390 -5.230870 1000.000000 2.952542 -1.624464 100.000000 -6.855333 -400574.401359 1.693328 0.750703 150.140627 0.125531 0.787903 157.580505
 38.149997 2.174044 2.986314 0.812270 0.487604 872.558951 2.203390 -5.230870 1000.000000 2.952542 -1.624464 100.000000 -6.855333 -400578.232779 1.610077 0.077150 15.429915 0.127363 0.811065 162.213069
 38.199997 2.158856 3.114175 0.955319 2.297880 2244.489540 2.203390 -5.230870 1000.000000 2.952542 -1.624464 100.000000 -6.855333 -400579.687682 1.596163 0.032174 6.434746 0.105242 0.553793 110.758599
 38.249997 2.205725 2.925665 0.719940 0.038847 12.678528 2.203390 -5.230870 1000.000000 2.952542 -1.624464 100.000000 -6.855333 -400577.952940 1.647739 0.296012 59.202358 0.057744 0.166721 33.344172
 38.299997 2.198269 2.999188 0.800919 0.121901 47.978594 2.203390 -5.230870 1000.000000 2.952542 -1.624464 100.000000 -6.855333 -400575.623560 1.709346 0.959806 191.961240 0.082945 0.343990 68.797906
 38.349997 2.174783 3.014778 0.839995 0.602851 857.109017 2.203390 -5.230870 1000.000000 2.952542 -1.624464 100.000000 -6.855333 -400577.807525 1.584759 0.009748 1.949684 0.066733 0.222663 44.532531
 38.399997 2.138168 3.077103 0.938935 2.902733 4409.089935 2.203390 -5.230870 1000.000000 2.952542 -1.624464 100.000000 -6.855333 -400578.410600 1.686548 0.669928 133.985628 0.140086 0.981198 196.239620
 38.449997 2.182643 2.995737 0.813094 0.308508 449.092618 2.203390 -5.230870 1000.000000 2.952542 -1.624464 100.000000 -6.855333 -400574.018720 1.590833 0.020073 4.014502 0.152727 1.166281 233.256242
 38.499997 2.189784 3.098138 0.908354 1.152465 397.105767 2.203390 -5.230870 1000.000000 2.952542 -1.624464 100.000000 -6.855333 -400578.130023 1.658890 0.388024 77.604851 0.104245 0.543347 108.669318
 38.549997 2.174329 2.900073 0.725744 0.559925 872.072843 2.203390 -5.230870 1000.000000 2.952542 -1.624464 100.000000 -6.855333 -400577.242829 1.634261 0.201390 40.278057 0.082866 0.343338 68.667595
 38.599997 2.177355 3.070146 0.892791 1.030433 816.118306 2.203390 -5.230870 1000.000000 2.952542 -1.624464 100.000000 -6.855333 -400577.401673 1.668173 0.474108 94.821638 0.073757 0.272005 54.401092
 38.649997 2.220785 2.962237 0.741452 0.155988 303.516665 2.203390 -5.230870 1000.000000 2.952542 -1.624464 100.000000 -6.855333 -400573.874185 1.521057 0.123701 24.740260 0.105225 0.553620 110.723962
 38.699997 2.195053 3.047640 0.852587 0.486928 159.942555 2.203390 -5.230870 1000.000000 2.952542 -1.624464 100.000000 -6.855333 -400577.391582 1.692982 0.746473 149.294517 0.144374 1.042186 208.437292
 38.749997 2.188134 2.966832 0.778698 0.126584 234.792176 2.203390 -5.230870 1000.000000 2.952542 -1.624464 100.000000 -6.855333 -400575.750691 1.555370 0.011899 2.379806 0.062783 0.197082 39.416463
 38.799997 2.175517 3.066364 0.890847 1.036212 906.439402 2.203390 -5.230870 1000.000000 2.952542 -1.624464 100.000000 -6.855333 -400576.382732 1.694863 0.769624 153.924878 0.103658 0.537250 107.450089
 38.849997 2.235451 2.877296 0.641845 0.797057 1084.528437 2.203390 -5.230870 1000.000000 2.952542 -1.624464 100.000000 -6.855333 -400573.552438 1.644717 0.273215 54.643030 0.074767 0.279508 55.901500
 38.899997 2.186935 3.139643 0.952708 1.885716 620.832505 2.203390 -5.230870 1000.000000 2.952542 -1.624464 100.000000 -6.855333 -400576.575217 1.566127 0.001090 0.218069 0.123455 0.762061 152.412177
 38.949997 2.192663 2.918835 0.726172 0.114344 126.430371 2.203390 -5.230870 1000.000000 2.952542 -1.624464 100.000000 -6.855333 -400574.843630 1.584392 0.009241 1.848295 0.129562 0.839311 167.862234
 38.999997 2.186533 3.030683 0.844150 0.447372 345.208334 2.203390 -5.230870 1000.000000 2.952542 -1.624464 100.000000 -6.855333 -400582.032090 1.684861 0.650543 130.108562 0.122486 0.750145 150.029006
 39.049997 2.183062 3.000481 0.817420 0.321526 436.220426 2.203390 -5.230870 1000.000000 2.952542 -1.624464 100.000000 -6.855333 -400575.850013 1.534987 0.064114 12.822819 0.075568 0.285528 57.105612
 39.099997 2.161659 3.026056 0.864397 1.140930 1795.471912 2.203390 -5.230870 1000.000000 2.952542 -1.624464 100.000000 -6.855333 -400580.240290 1.766999 1.924765 384.952947 0.079837 0.318696 63.739173
 39.149997 2.186934 2.978102 0.791168 0.168058 277.318717 2.203390 -5.230870 1000.000000 2.952542 -1.624464 100.000000 -6.855333 -400579.389061 1.580509 0.004717 0.943389 0.084975 0.361037 72.207365
 39.199997 2.202025 3.117231 0.915206 1.357045 273.086077 2.203390 -5.230870 1000.000000 2.952542 -1.624464 100.000000 -6.855333 -400579.499739 1.604874 0.058065 11.612963 0.118987 0.707900 141.580090
 39.249997 2.208969 2.907077 0.698108 0.118921 51.801432 2.203390 -5.230870 1000.000000 2.952542 -1.624464 100.000000 -6.855333 -400577.971161 1.638713 0.230635 46.127100 0.136922 0.937386 187.477220
 39.299997 2.167368 3.057083 0.889715 1.195224 1406.867335 2.203390 -5.230870 1000.000000 2.952542 -1.624464 100.000000 -6.855333 -400579.845640 1.629990 0.175194 35.038866 0.100398 0.503989 100.797838
 39.349997 2.163213 2.986830 0.823617 0.865883 1625.961404 2.203390 -5.230870 1000.000000 2.952542 -1.624464 100.000000 -6.855333 -400579.142793 1.622249 0.132367 26.473371 0.035837 0.064214 12.842735
 39.399997 2.201285 3.029043 0.827758 0.294834 62.955321 2.203390 -5.230870 1000.000000 2.952542 -1.624464 100.000000 -6.855333 -400582.776524 1.673269 0.525030 105.006010 0.091903 0.422311 84.462241
 39.449997 2.175504 3.021731 0.846227 0.628159 825.478361 2.203390 -5.230870 1000.000000 2.952542 -1.624464 100.000000 -6.855333 -400577.474151 1.555797 0.011249 2.249833 0.116451 0.678037 135.607302
 39.499997 2.178822 3.014118 0.835296 0.491374 641.510420 2.203390 -5.230870 1000.000000 2.952542 -1.624464 100.000000 -6.855333 -400578.595632 1.672018 0.512294 102.458737 0.147603 1.089333 217.866506
 39.549997 2.159194 3.009727 0.850533 1.140155 1986.000366 2.203390 -5.230870 1000.000000 2.952542 -1.624464 100.000000 -6.855333 -400580.459087 1.656792 0.369762 73.952359 0.132851 0.882465 176.492991
 39.599997 2.193492 3.011277 0.817785 0.221471 132.465087 2.203390 -5.230870 1000.000000 2.952542 -1.624464 100.000000 -6.855333 -400576.360687 1.631477 0.184105 36.821055 0.063002 0.198464 39.692762
 39.649997 2.173465 3.026830 0.853365 0.723688 950.698072 2.203390 -5.230870 1000.000000 2.952542 -1.624464 100.000000 -6.855333 -400576.799981 1.669317 0.485315 97.062902 0.112841 0.636649 127.329809
 39.699997 2.169556 3.002134 0.832578 0.695335 1169.333913 2.203390 -5.230870 1000.000000 2.952542 -1.624464 100.000000 -6.855333 -400577.836272 1.617117 0.107279 21.455723 0.083592 0.349381 69.876140
 39.749997 2.171883 3.067202 0.895319 1.153673 1124.126679 2.203390 -5.230870 1000.000000 2.952542 -1.624464 100.000000 -6.855333 -400579.050647 1.642565 0.257534 51.506728 0.118421 0.701176 140.235248
 39.799997 2.163464 2.943648 0.780184 0.800994 1594.867952 2.203390 -5.230870 1000.000000 2.952542 -1.624464 100.000000 -6.855333 -400579.196341 1.635750 0.210948 42.189606 0.125217 0.783969 156.793757
 39.849997 2.182320 3.045176 0.862856 0.651012 529.741060 2.203390 -5.230870 1000.000000 2.952542 -1.624464 100.000000 -6.855333 -400579.093996 1.655656 0.360058 72.011667 0.111488 0.621480 124.296035
 39.899997 2.187732 2.999218 0.811487 0.231518 266.956333 2.203390 -5.230870 1000.000000 2.952542 -1.624464 100.000000 -6.855333 -400577.687673 1.610398 0.078415 15.682999 0.084908 0.360468 72.093543
 39.949997 2.162576 3.048485 0.885908 1.293116 1757.789171 2.203390 -5.230870 1000.000000 2.952542 -1.624464 100.000000 -6.855333 -400579.774305 1.688382 0.691319 138.263898 0.113703 0.646417 129.283392
 39.999997 2.146349 3.006461 0.860112 1.772175 3282.700197 2.203390 -5.230870 1000.000000 2.952542 -1.624464 100.000000 -6.855333 -400581.052176 1.603049 0.052010 10.402095 0.062614 0.196025 39.205011
