#! FIELDS time d1 d2 rc steer.bias steer.force2 steer.d1_cntr steer.d1_work steer.d1_kappa steer.d2_cntr steer.d2_work steer.d2_kappa steer.work ener an res.bias res.force2 an2 res2.bias res2.force2
 0.000000 2.644139 1.840637 -0.803502 0.008586 17.136183 2.640000 0.000000 1000.000000 1.840000 0.000000 100.000000 0.000000 -400576.064421 1.275815 4.350712 870.142465 0.097644 0.476720 95.344035
 0.050000 2.636736 1.794728 -0.842008 0.107807 31.151820 2.640000 0.000000 1000.000000 1.840000 0.000000 100.000000 0.000000 -400571.452691 1.407517 1.333015 266.602911 0.077529 0.300538 60.107542
 0.100000 2.635414 1.891475 -0.743939 0.142999 47.525733 2.640000 0.000000 1000.000000 1.840000 0.000000 100.000000 0.000000 -400573.355984 1.349794 2.442097 488.419413 0.137466 0.944844 188.968766
 0.150000 2.633048 1.901814 -0.731234 0.215213 86.537198 2.640000 0.000000 1000.000000 1.840000 0.000000 100.000000 0.000000 -400571.019418 1.438463 0.875599 175.119771 0.055189 0.152292 30.458459
 0.200000 2.633254 1.845561 -0.787693 0.024300 45.815903 2.640000 0.000000 1000.000000 1.840000 0.000000 100.000000 0.000000 -400573.755139 1.336724 2.739493 547.898620 0.120803 0.729671 145.934152
 0.250000 2.637802 1.795746 -0.842057 0.100337 24.414650 2.640000 0.000000 1000.000000 1.840000 0.000000 100.000000 0.000000 -400573.025807 1.390215 1.630483 326.096666 0.119726 0.716721 143.344221
 0.300000 2.652725 1.854940 -0.797785 0.092128 164.167294 2.640000 0.000000 1000.000000 1.840000 0.000000 100.000000 0.000000 -400573.370933 1.355842 2.310278 462.055589 0.081280 0.330325 66.065096
 0.350000 2.637593 1.893654 -0.743939 0.146835 34.581709 2.640000 0.000000 1000.000000 1.840000 0.000000 100.000000 0.000000 -400572.067480 1.378397 1.850879 370.175803 0.091360 0.417330 83.465911
 0.400000 2.620115 1.842962 -0.777154 0.198137 395.483990 2.640000 0.000000 1000.000000 1.840000 0.000000 100.000000 0.000000 -400572.736613 1.405577 1.364871 272.974192 0.118513 0.702270 140.453949
 0.450000 2.621194 1.813753 -0.807441 0.211273 360.544305 2.640000 0.000000 1000.000000 1.840000 0.000000 100.000000 0.000000 -400572.794866 1.310882 3.377770 675.554087 0.089449 0.400052 80.010379
 0.500000 2.644652 1.841443 -0.803209 0.010925 21.663545 2.640000 0.000000 1000.000000 1.840000 0.000000 100.000000 0.000000 -400572.036511 1.403921 1.392363 278.472608 0.073807 0.272375 54.474981
 0.550000 2.628965 1.929276 -0.699690 0.305131 82.329212 2.633831 -0.021567 1000.000000 1.852686 0.008658 100.000000 -0.012909 -400571.890109 1.365579 2.105707 421.141479 0.134786 0.908357 181.671338
 0.600000 2.638457 1.853958 -0.784499 0.064790 117.852453 2.627661 -0.065156 1000.000000 1.865373 0.026692 100.000000 -0.038464 -400571.738258 1.399553 1.466215 293.242967 0.070380 0.247670 49.533973
 0.650000 2.619993 1.802454 -0.817540 0.286933 59.406330 2.621492 -0.067406 1000.000000 1.878059 0.009117 100.000000 -0.058290 -400574.396511 1.299743 3.673494 734.698838 0.110703 0.612753 122.550552
 0.700000 2.602405 1.861795 -0.740610 0.125337 175.239264 2.615322 -0.080314 1000.000000 1.890746 0.022723 100.000000 -0.057591 -400571.958815 1.427235 1.030487 206.097471 0.120410 0.724932 144.986429
 0.750000 2.591096 1.938093 -0.653003 0.223094 338.067685 2.609153 -0.122887 1000.000000 1.903432 0.070183 100.000000 -0.052704 -400572.368862 1.388343 1.664456 332.891230 0.083601 0.349457 69.891414
 0.800000 2.596798 1.868866 -0.727932 0.130764 60.577740 2.602983 -0.159815 1000.000000 1.916119 0.127592 100.000000 -0.032224 -400573.610666 1.375321 1.910537 382.107364 0.068497 0.234591 46.918193
 0.850000 2.598047 1.821797 -0.776250 0.573300 116.029450 2.596814 -0.159179 1000.000000 1.928805 0.166490 100.000000 0.007311 -400572.214352 1.370017 2.015610 403.122043 0.138136 0.954071 190.814193
 0.900000 2.596165 1.906460 -0.689705 0.076603 42.756258 2.590644 -0.178801 1000.000000 1.941492 0.240706 100.000000 0.061905 -400572.513473 1.367512 2.066231 413.246103 0.092771 0.430323 86.064583
 0.950000 2.592927 1.922813 -0.670114 0.084912 81.286983 2.584475 -0.217131 1000.000000 1.954178 0.327210 100.000000 0.110079 -400569.095537 1.410303 1.287901 257.580142 0.051233 0.131243 26.248599
 1.000000 2.562556 1.852938 -0.709618 0.772972 377.822352 2.578305 -0.228601 1000.000000 1.966864 0.420628 100.000000 0.192027 -400571.661113 1.332227 2.845759 569.151753 0.162244 1.316162 263.232495
 1.050000 2.567357 1.870453 -0.696905 0.606536 141.855965 2.572136 -0.239490 1000.000000 1.979551 0.506409 100.000000 0.266919 -400571.340861 1.435033 0.921580 184.316007 0.097459 0.474911 94.982187
 1.100000 2.548726 1.987905 -0.560821 0.149556 297.422141 2.565966 -0.264652 1000.000000 1.992237 0.619176 100.000000 0.354524 -400569.188205 1.362855 2.161974 432.394807 0.077951 0.303821 60.764195
 1.150000 2.534961 1.869975 -0.664986 1.218972 798.928936 2.559797 -0.308920 1000.000000 2.004924 0.744729 100.000000 0.435809 -400572.747398 1.447162 0.764271 152.854293 0.126220 0.796573 159.314689
 1.200000 2.565262 1.874704 -0.690557 1.088786 339.580934 2.553627 -0.291242 1000.000000 2.017610 0.860706 100.000000 0.569464 -400572.664216 1.352067 2.392130 478.425935 0.127024 0.806758 161.351570
 1.250000 2.557586 1.980924 -0.576662 0.173174 126.956252 2.547458 -0.308919 1000.000000 2.030297 1.003624 100.000000 0.694704 -400570.049304 1.412888 1.246759 249.351809 0.045067 0.101552 20.310393
 1.300000 2.535455 1.900150 -0.635305 1.037083 238.044758 2.541288 -0.326927 1000.000000 2.042983 1.146158 100.000000 0.819231 -400572.628203 1.387818 1.674058 334.811639 0.123726 0.765401 153.080291
 1.350000 2.536312 1.893429 -0.642883 1.316810 264.644644 2.535119 -0.320054 1000.000000 2.055669 1.304262 100.000000 0.984208 -400570.556035 1.419749 1.140770 228.153959 0.123065 0.757253 151.450543
 1.400000 2.535782 1.983780 -0.552002 0.380999 118.218058 2.528949 -0.356100 1000.000000 2.068356 1.479336 100.000000 1.123236 -400570.798838 1.399341 1.469844 293.968864 0.069775 0.243428 48.685568
 1.450000 2.494639 1.913335 -0.581304 1.802245 1073.165439 2.522780 -0.349036 1000.000000 2.081042 1.654892 100.000000 1.305856 -400571.305083 1.385231 1.721727 344.345374 0.108183 0.585175 117.034989
 1.500000 2.506585 1.932775 -0.573810 1.345558 359.566456 2.516610 -0.370642 1000.000000 2.093729 1.824902 100.000000 1.454261 -400571.707358 1.439987 0.855557 171.111423 0.120314 0.723774 144.754752
 1.550000 2.520161 2.016098 -0.504063 0.455102 176.048001 2.510441 -0.388458 1000.000000 2.106415 2.046256 100.000000 1.657797 -400568.839212 1.374954 1.917705 383.541056 0.078638 0.309200 61.840091
 1.600000 2.487913 1.903182 -0.584731 2.464873 733.809479 2.504271 -0.377430 1000.000000 2.119102 2.190695 100.000000 1.813265 -400570.559655 1.422095 1.105610 221.122013 0.081492 0.332051 66.410229
 1.650000 2.511697 2.012376 -0.499321 0.805376 327.415843 2.498102 -0.411684 1000.000000 2.131788 2.426296 100.000000 2.014612 -400569.410321 1.416971 1.183114 236.622759 0.155604 1.210630 242.125916
 1.700000 2.494562 1.932748 -0.561814 2.244863 455.194880 2.491932 -0.414831 1000.000000 2.144475 2.666113 100.000000 2.251282 -400568.428463 1.412856 1.247259 249.451877 0.035151 0.061778 12.355642
 1.750000 2.500534 1.987243 -0.513291 1.552703 506.916149 2.485763 -0.403859 1000.000000 2.157161 2.839870 100.000000 2.436011 -400570.234131 1.360950 2.201771 440.354211 0.103595 0.536597 107.319351
 1.800000 2.478344 1.977956 -0.500388 1.841904 369.785366 2.479593 -0.430981 1000.000000 2.169847 3.113784 100.000000 2.682803 -400568.809288 1.492868 0.303638 60.727587 0.137926 0.951175 190.235008
 1.850000 2.467927 1.957950 -0.509977 2.537010 534.598059 2.473424 -0.434385 1000.000000 2.182534 3.351921 100.000000 2.917536 -400572.331186 1.344644 2.557238 511.447501 0.084050 0.353221 70.644172
 1.900000 2.488188 2.047475 -0.440713 1.310552 656.521031 2.467254 -0.436702 1000.000000 2.195220 3.585018 100.000000 3.148315 -400567.397067 1.479135 0.420086 84.017208 0.058278 0.169816 33.963172
 1.950000 2.438685 1.955137 -0.483548 3.445510 1140.683299 2.461085 -0.445612 1000.000000 2.207907 3.843737 100.000000 3.398125 -400571.011757 1.377889 1.860666 372.133203 0.141995 1.008127 201.625406
 2.000000 2.443223 2.057203 -0.386021 1.403172 403.664324 2.454915 -0.472270 1000.000000 2.220593 4.107066 100.000000 3.634795 -400568.245711 1.487133 0.349978 69.995625 0.080614 0.324930 64.986081
 2.050000 2.436116 2.021191 -0.414925 2.328839 609.330323 2.448746 -0.471412 1000.000000 2.233280 4.368113 100.000000 3.896701 -400569.022015 1.370837 1.999179 399.835892 0.075033 0.281500 56.299996
 2.100000 2.431784 2.045388 -0.386396 2.069811 518.787789 2.442576 -0.470211 1000.000000 2.245966 4.613827 100.000000 4.143616 -400567.381500 1.523958 0.109693 21.938560 0.128814 0.829657 165.931393
 2.150000 2.421461 2.000994 -0.420467 3.431085 887.250723 2.436407 -0.511932 1000.000000 2.258653 4.924492 100.000000 4.412560 -400569.622719 1.401256 1.437200 287.439903 0.139664 0.975305 195.060944
 2.200000 2.414148 2.181501 -0.232646 0.532972 339.573527 2.430237 -0.511493 1000.000000 2.271339 5.159148 100.000000 4.647656 -400565.122003 1.478638 0.424661 84.932154 0.000700 0.000025 0.004903
 2.250000 2.407951 2.088924 -0.319027 2.033096 640.396885 2.424068 -0.503314 1000.000000 2.284025 5.319762 100.000000 4.816448 -400565.953982 1.398378 1.486411 297.282183 0.070075 0.245526 49.105293
 2.300000 2.400140 2.028778 -0.371362 3.747107 1033.251621 2.417898 -0.528355 1000.000000 2.296712 5.652097 100.000000 5.123742 -400567.031831 1.522892 0.114739 22.947791 0.158916 1.262713 252.542652
 2.350000 2.394816 2.123881 -0.270935 1.863863 630.223742 2.411729 -0.546298 1000.000000 2.309398 5.924177 100.000000 5.377879 -400566.932842 1.465627 0.553032 110.606459 0.121825 0.742065 148.413018
 2.400000 2.389359 2.115735 -0.273624 2.260229 688.251352 2.405559 -0.571799 1000.000000 2.322085 6.225259 100.000000 5.653460 -400565.137446 1.422122 1.105210 221.041903 0.019194 0.018421 3.684218
 2.450000 2.399921 2.200940 -0.198981 0.895678 179.389268 2.399390 -0.577870 1000.000000 2.334771 6.402985 100.000000 5.825114 -400564.972307 1.475666 0.452493 90.498690 0.114932 0.660466 132.093189
 2.500000 2.370252 1.983887 -0.386365 6.872942 1849.362212 2.393220 -0.608772 1000.000000 2.347458 6.760771 100.000000 6.151999 -400568.782963 1.458876 0.626310 125.262054 0.130133 0.846726 169.345251
 2.550000 2.372575 2.286481 -0.086093 0.399031 463.431394 2.393220 -0.608772 1000.000000 2.347458 6.760771 100.000000 6.151999 -400562.569641 1.451245 0.714629 142.925776 0.065532 0.214723 42.944517
 2.600000 2.383507 2.226334 -0.157174 0.780723 241.052370 2.393220 -0.608772 1000.000000 2.347458 6.760771 100.000000 6.151999 -400562.043617 1.486715 0.353482 70.696425 0.064947 0.210907 42.181311
 2.650000 2.368709 2.086499 -0.282210 3.705358 1281.781670 2.393220 -0.608772 1000.000000 2.347458 6.760771 100.000000 6.151999 -400568.070529 1.441226 0.839423 167.884665 0.103670 0.537374 107.474790
 2.700000 2.375781 2.164908 -0.210873 1.818294 637.387446 2.393220 -0.608772 1000.000000 2.347458 6.760771 100.000000 6.151999 -400565.972398 1.486161 0.358159 71.631772 0.128758 0.828928 165.785617
 2.750000 2.369717 2.162011 -0.207706 1.995735 896.329628 2.393220 -0.608772 1000.000000 2.347458 6.760771 100.000000 6.151999 -400563.211650 1.425239 1.059350 211.869966 0.039092 0.076409 15.281726
 2.800000 2.376582 2.251268 -0.125315 0.601037 369.347862 2.393220 -0.608772 1000.000000 2.347458 6.760771 100.000000 6.151999 -400563.364528 1.507586 0.199774 39.954847 0.062695 0.196535 39.306943
 2.850000 2.365442 2.078583 -0.286859 4.000498 1494.578816 2.393220 -0.608772 1000.000000 2.347458 6.760771 100.000000 6.151999 -400568.507805 1.433548 0.941862 188.372329 0.118333 0.700137 140.027436
 2.900000 2.394757 2.169752 -0.225005 1.580143 318.152776 2.393220 -0.608772 1000.000000 2.347458 6.760771 100.000000 6.151999 -400566.117491 1.510644 0.180917 36.183304 0.089028 0.396295 79.258983
 2.950000 2.370979 2.210212 -0.160767 1.189168 683.058881 2.393220 -0.608772 1000.000000 2.347458 6.760771 100.000000 6.151999 -400563.846251 1.414215 1.225880 245.176015 0.042698 0.091156 18.231223
 3.000000 2.371251 2.130767 -0.240485 2.589073 952.193759 2.393220 -0.608772 1000.000000 2.347458 6.760771 100.000000 6.151999 -400565.716620 1.488680 0.337153 67.430592 0.083826 0.351337 70.267400
 3.050000 2.380983 2.158077 -0.222905 1.868125 508.407288 2.393220 -0.608772 1000.000000 2.347458 6.760771 100.000000 6.151999 -400564.353056 1.486918 0.351780 70.356052 0.162780 1.324866 264.973251
 3.100000 2.357867 2.091824 -0.266043 3.892369 1903.371040 2.393220 -0.608772 1000.000000 2.347458 6.760771 100.000000 6.151999 -400565.517482 1.454204 0.679690 135.938056 0.028227 0.039837 7.967388
 3.150000 2.378734 2.329501 -0.049233 0.121043 213.066877 2.393220 -0.608772 1000.000000 2.347458 6.760771 100.000000 6.151999 -400560.220938 1.470772 0.500247 100.049494 0.110059 0.605649 121.129748
 3.200000 2.375465 2.168042 -0.207422 1.767125 637.163402 2.393220 -0.608772 1000.000000 2.347458 6.760771 100.000000 6.151999 -400563.973334 1.480796 0.405003 81.000519 0.076920 0.295838 59.167552
 3.250000 2.360081 2.098019 -0.262062 3.660096 1720.410988 2.393220 -0.608772 1000.000000 2.347458 6.760771 100.000000 6.151999 -400566.157903 1.450848 0.719385 143.877058 0.147263 1.084325 216.864920
 3.300000 2.370222 2.308655 -0.061567 0.339743 543.980177 2.393220 -0.608772 1000.000000 2.347458 6.760771 100.000000 6.151999 -400562.539326 1.490600 0.321572 64.314370 0.093947 0.441302 88.260441
 3.350000 2.371869 2.096586 -0.275283 3.374772 1085.242664 2.393220 -0.608772 1000.000000 2.347458 6.760771 100.000000 6.151999 -400561.437959 1.470019 0.507799 101.559751 0.011916 0.007099 1.419803
 3.400000 2.357696 2.255304 -0.102392 1.055596 1346.893379 2.393220 -0.608772 1000.000000 2.347458 6.760771 100.000000 6.151999 -400561.422994 1.470558 0.502385 100.477027 0.116005 0.672854 134.570825
 3.450000 2.392542 2.299105 -0.093437 0.117131 23.840848 2.393220 -0.608772 1000.000000 2.347458 6.760771 100.000000 6.151999 -400561.167975 1.535679 0.061661 12.332124 0.098126 0.481440 96.287956
 3.500000 2.395056 2.042221 -0.352836 4.660161 935.066390 2.393220 -0.608772 1000.000000 2.347458 6.760771 100.000000 6.151999 -400565.924578 1.381758 1.786770 357.353973 0.032278 0.052093 10.418578
 3.550000 2.379034 2.262303 -0.116732 0.463188 273.752085 2.393220 -0.608772 1000.000000 2.347458 6.760771 100.000000 6.151999 -400561.412169 1.526041 0.100153 20.030581 0.136649 0.933644 186.728722
 3.600000 2.398879 2.058981 -0.339898 4.176951 864.206101 2.393220 -0.608772 1000.000000 2.347458 6.760771 100.000000 6.151999 -400566.620785 1.406210 1.354433 270.886635 0.083634 0.349731 69.946125
 3.650000 2.384924 2.198525 -0.186399 1.143467 290.642624 2.393220 -0.608772 1000.000000 2.347458 6.760771 100.000000 6.151999 -400564.563370 1.504265 0.221323 44.264626 0.055854 0.155982 31.196395
 3.700000 2.375340 2.184737 -0.190603 1.483766 584.499235 2.393220 -0.608772 1000.000000 2.347458 6.760771 100.000000 6.151999 -400563.646280 1.402721 1.412464 282.492839 0.111957 0.626721 125.344146
 3.750000 2.384981 2.078950 -0.306031 3.638765 788.854695 2.393220 -0.608772 1000.000000 2.347458 6.760771 100.000000 6.151999 -400564.364957 1.525460 0.102771 20.554223 0.075266 0.283247 56.649391
 3.800000 2.363661 2.220913 -0.142748 1.237546 1033.872020 2.393220 -0.608772 1000.000000 2.347458 6.760771 100.000000 6.151999 -400563.123652 1.398815 1.478878 295.775570 0.123082 0.757457 151.491342
 3.850000 2.386914 2.164579 -0.222336 1.692122 374.215557 2.393220 -0.608772 1000.000000 2.347458 6.760771 100.000000 6.151999 -400563.367624 1.539483 0.049026 9.805133 0.077459 0.299995 59.998913
 3.900000 2.369800 2.141808 -0.227991 2.388849 971.446615 2.393220 -0.608772 1000.000000 2.347458 6.760771 100.000000 6.151999 -400562.408807 1.404035 1.390464 278.092894 0.125794 0.791212 158.242342
 3.950000 2.349847 2.189849 -0.159997 2.182667 2129.692586 2.393220 -0.608772 1000.000000 2.347458 6.760771 100.000000 6.151999 -400562.738236 1.574974 0.000873 0.174531 0.113356 0.642484 128.496870
 4.000000 2.361457 2.128608 -0.232849 2.899198 1487.831979 2.393220 -0.608772 1000.000000 2.347458 6.760771 100.000000 6.151999 -400567.027747 1.373307 1.950093 390.018688 0.059832 0.178995 35.799049
 4.050000 2.375769 2.196051 -0.179717 1.298467 533.789620 2.393220 -0.608772 1000.000000 2.347458 6.760771 100.000000 6.151999 -400563.755238 1.554248 0.013693 2.738554 0.081452 0.331718 66.343594
 4.100000 2.360007 2.095280 -0.264727 3.731223 1739.047053 2.393220 -0.608772 1000.000000 2.347458 6.760771 100.000000 6.151999 -400568.649606 1.395683 1.533242 306.648419 0.117273 0.687650 137.529939
 4.150000 2.362202 2.181256 -0.180946 1.862221 1238.373979 2.393220 -0.608772 1000.000000 2.347458 6.760771 100.000000 6.151999 -400563.425539 1.544907 0.033513 6.702679 0.103497 0.535584 107.116701
 4.200000 2.372872 2.173265 -0.199607 1.724181 717.490171 2.393220 -0.608772 1000.000000 2.347458 6.760771 100.000000 6.151999 -400566.231509 1.400412 1.451549 290.309838 0.064219 0.206206 41.241170
 4.250000 2.377112 2.118739 -0.258373 2.745355 782.609501 2.393220 -0.608772 1000.000000 2.347458 6.760771 100.000000 6.151999 -400566.890877 1.513539 0.163918 32.783590 0.081746 0.334121 66.824140
 4.300000 2.366044 2.124201 -0.241843 2.861465 1237.011135 2.393220 -0.608772 1000.000000 2.347458 6.760771 100.000000 6.151999 -400566.082043 1.423681 1.082147 216.429329 0.141287 0.998106 199.621236
 4.350000 2.362477 2.176309 -0.186169 1.937164 1238.051723 2.393220 -0.608772 1000.000000 2.347458 6.760771 100.000000 6.151999 -400564.837944 1.520424 0.126866 25.373219 0.040680 0.082744 16.548720
 4.400000 2.362337 2.241745 -0.120592 1.035654 1065.547637 2.393220 -0.608772 1000.000000 2.347458 6.760771 100.000000 6.151999 -400562.330939 1.416142 1.195905 239.180917 0.126622 0.801653 160.330657
 4.450000 2.369649 2.270885 -0.098764 0.570978 614.248507 2.393220 -0.608772 1000.000000 2.347458 6.760771 100.000000 6.151999 -400560.341483 1.596049 0.031885 6.376917 0.126304 0.797639 159.527760
 4.500000 2.349325 2.083131 -0.266194 4.456826 2625.492775 2.393220 -0.608772 1000.000000 2.347458 6.760771 100.000000 6.151999 -400567.786333 1.369723 2.021533 404.306580 0.081913 0.335486 67.097136
 4.550000 2.353861 2.294689 -0.059172 0.913810 1577.008375 2.393220 -0.608772 1000.000000 2.347458 6.760771 100.000000 6.151999 -400561.564132 1.553167 0.015539 3.107889 0.080565 0.324533 64.906654
 4.600000 2.389633 2.255762 -0.133871 0.426838 96.950908 2.393220 -0.608772 1000.000000 2.347458 6.760771 100.000000 6.151999 -400559.622455 1.435979 0.908786 181.757146 0.086526 0.374338 74.867683
 4.650000 2.360287 2.144930 -0.215357 2.593155 1494.753954 2.393220 -0.608772 1000.000000 2.347458 6.760771 100.000000 6.151999 -400561.335031 1.518395 0.137293 27.458575 0.040882 0.083567 16.713382
 4.700000 2.368572 2.340377 -0.028195 0.306274 608.035381 2.393220 -0.608772 1000.000000 2.347458 6.760771 100.000000 6.151999 -400560.637532 1.442196 0.826896 165.379181 0.063179 0.199582 39.916387
 4.750000 2.379632 2.380782 0.001150 0.147850 195.753210 2.393220 -0.608772 1000.000000 2.347458 6.760771 100.000000 6.151999 -400560.404719 1.595956 0.031651 6.330292 0.085441 0.365010 73.002007
 4.800000 2.368428 2.297036 -0.071391 0.434452 640.097237 2.393220 -0.608772 1000.000000 2.347458 6.760771 100.000000 6.151999 -400560.620957 1.405855 1.360282 272.056312 0.046366 0.107489 21.497852
 4.850000 2.381692 2.282307 -0.099384 0.278685 175.357846 2.393220 -0.608772 1000.000000 2.347458 6.760771 100.000000 6.151999 -400562.120331 1.531999 0.075262 15.052432 0.067940 0.230789 46.157864
 4.900000 2.395488 2.042588 -0.352899 4.649834 934.592971 2.393220 -0.608772 1000.000000 2.347458 6.760771 100.000000 6.151999 -400569.758925 1.398974 1.476147 295.229432 0.097525 0.475556 95.111282
 4.950000 2.396262 2.243931 -0.152331 0.540512 116.430952 2.393220 -0.608772 1000.000000 2.347458 6.760771 100.000000 6.151999 -400559.607680 1.549550 0.022570 4.513993 0.077099 0.297212 59.442333
 5.000000 2.403777 2.316082 -0.087694 0.104941 121.285305 2.393220 -0.608772 1000.000000 2.347458 6.760771 100.000000 6.151999 -400562.461920 1.456142 0.657280 131.455960 0.046271 0.107052 21.410310
 5.050000 2.384377 2.045022 -0.339355 4.612479 992.883725 2.393220 -0.608772 1000.000000 2.347458 6.760771 100.000000 6.151999 -400567.339950 1.380367 1.813158 362.631529 0.013718 0.009409 1.881847
 5.100000 2.395669 2.237936 -0.157733 0.602746 125.946676 2.393220 -0.608772 1000.000000 2.347458 6.760771 100.000000 6.151999 -400563.723029 1.529665 0.084591 16.918156 0.130414 0.850397 170.079304
 5.150000 2.401360 2.079190 -0.322171 3.631517 785.939368 2.393220 -0.608772 1000.000000 2.347458 6.760771 100.000000 6.151999 -400567.424174 1.397958 1.493648 298.729555 0.110566 0.611238 122.247690
 5.200000 2.390601 2.210991 -0.179609 0.934581 193.091071 2.393220 -0.608772 1000.000000 2.347458 6.760771 100.000000 6.151999 -400562.814406 1.487966 0.343041 68.608211 0.022076 0.024367 4.873460
 5.250000 2.400998 2.508119 0.107120 1.320843 318.612972 2.393220 -0.608772 1000.000000 2.347458 6.760771 100.000000 6.151999 -400561.501340 1.455699 0.662372 132.474417 0.094915 0.450440 90.087970
 5.300000 2.380576 2.531180 0.150605 1.767643 497.429521 2.393220 -0.608772 1000.000000 2.347458 6.760771 100.000000 6.151999 -400559.470669 1.494869 0.288249 57.649775 0.035859 0.064295 12.858909
 5.350000 2.407695 2.472910 0.065215 0.891673 366.902877 2.393220 -0.608772 1000.000000 2.347458 6.760771 100.000000 6.151999 -400559.768004 1.440447 0.849548 169.909638 0.088362 0.390391 78.078194
 5.400000 2.404935 2.489665 0.084730 1.079767 339.469554 2.393220 -0.608772 1000.000000 2.347458 6.760771 100.000000 6.151999 -400558.229838 1.545230 0.032682 6.536407 0.046336 0.107353 21.470602
 5.450000 2.421988 2.274402 -0.147585 0.680637 880.939203 2.393220 -0.608772 1000.000000 2.347458 6.760771 100.000000 6.151999 -400561.134541 1.431204 0.974303 194.860698 0.118710 0.704606 140.921241
 5.500000 2.393419 2.072636 -0.320783 3.776354 755.306316 2.393220 -0.608772 1000.000000 2.347458 6.760771 100.000000 6.151999 -400566.668936 1.468051 0.527829 105.565794 0.086513 0.374224 74.844817
 5.550000 2.414270 2.197195 -0.217075 1.350488 668.877086 2.393220 -0.608772 1000.000000 2.347458 6.760771 100.000000 6.151999 -400561.952433 1.386806 1.692617 338.523451 0.088134 0.388382 77.676475
 5.600000 2.423638 2.441020 0.017383 0.900303 1012.745813 2.393220 -0.608772 1000.000000 2.347458 6.760771 100.000000 6.151999 -400558.694623 1.503275 0.227955 45.591024 0.038433 0.073856 14.771274
 5.650000 2.389716 2.643638 0.253922 4.392280 889.506466 2.393220 -0.608772 1000.000000 2.347458 6.760771 100.000000 6.151999 -400563.504454 1.578390 0.002883 0.576606 0.097358 0.473927 94.785478
 5.700000 2.409969 2.595830 0.185861 3.224695 897.397847 2.393220 -0.608772 1000.000000 2.347458 6.760771 100.000000 6.151999 -400569.868624 1.594505 0.028105 5.620996 0.164585 1.354417 270.883301
 5.750000 2.354055 2.534143 0.180089 2.509556 1882.475235 2.393220 -0.608772 1000.000000 2.347458 6.760771 100.000000 6.151999 -400563.721805 1.608271 0.070219 14.043884 0.199812 1.996232 399.246404
 5.800000 2.400143 2.648127 0.247984 4.544054 951.935552 2.393220 -0.608772 1000.000000 2.347458 6.760771 100.000000 6.151999 -400566.210116 1.579204 0.003534 0.706853 0.147085 1.081702 216.340450
 5.850000 2.429959 2.562358 0.132398 2.983970 1811.562306 2.393220 -0.608772 1000.000000 2.347458 6.760771 100.000000 6.151999 -400563.108286 1.587290 0.013603 2.720551 0.095812 0.458995 91.798954
 5.900000 2.416169 2.656175 0.240006 5.028658 1479.713451 2.393220 -0.608772 1000.000000 2.347458 6.760771 100.000000 6.151999 -400565.011457 1.590344 0.019105 3.821085 0.096829 0.468792 93.758328
 5.950000 2.352353 2.562681 0.210328 3.151113 2133.315236 2.393220 -0.608772 1000.000000 2.347458 6.760771 100.000000 6.151999 -400565.190634 1.618176 0.112242 22.448493 0.166312 1.382978 276.595606
 6.000000 2.410384 2.510268 0.099884 1.472650 559.655506 2.393220 -0.608772 1000.000000 2.347458 6.760771 100.000000 6.151999 -400565.546973 1.599271 0.040539 8.107883 0.202367 2.047629 409.525780
 6.050000 2.390347 2.707071 0.316725 6.470232 1301.478463 2.393220 -0.608772 1000.000000 2.347458 6.760771 100.000000 6.151999 -400567.845142 1.587555 0.014043 2.808665 0.151106 1.141652 228.330383
 6.100000 2.339223 2.570878 0.231655 3.953688 3414.881385 2.393220 -0.608772 1000.000000 2.347458 6.760771 100.000000 6.151999 -400566.451120 1.611669 0.083530 16.705934 0.058500 0.171113 34.222549
 6.150000 2.395734 2.699948 0.304214 6.215620 1248.809132 2.393220 -0.608772 1000.000000 2.347458 6.760771 100.000000 6.151999 -400569.533738 1.629875 0.174514 34.902845 0.111619 0.622937 124.587410
 6.200000 2.359658 2.552670 0.193012 2.668818 1547.562239 2.393220 -0.608772 1000.000000 2.347458 6.760771 100.000000 6.151999 -400568.872578 1.610800 0.080016 16.003125 0.163584 1.337994 267.598793
 6.249999 2.315052 2.634680 0.319628 7.179995 6935.267985 2.393220 -0.608772 1000.000000 2.347458 6.760771 100.000000 6.151999 -400572.421688 1.624424 0.143799 28.759727 0.178672 1.596193 319.238501
 6.299999 2.345080 2.645326 0.300246 5.595008 3204.714855 2.393220 -0.608772 1000.000000 2.347458 6.760771 100.000000 6.151999 -400570.895816 1.610938 0.080566 16.113282 0.133768 0.894691 178.938169
 6.349999 2.348926 2.659357 0.310431 5.845054 2934.817583 2.393220 -0.608772 1000.000000 2.347458 6.760771 100.000000 6.151999 -400566.109460 1.640720 0.244468 48.893669 0.046730 0.109183 21.836605
 6.399999 2.374066 2.653643 0.279577 4.870905 1304.379607 2.393220 -0.608772 1000.000000 2.347458 6.760771 100.000000 6.151999 -400564.500474 1.555492 0.011712 2.342307 0.074374 0.276576 55.315206
 6.449999 2.364429 2.353020 -0.011409 0.416015 829.245141 2.393220 -0.608772 1000.000000 2.347458 6.760771 100.000000 6.151999 -400561.184303 1.479710 0.414837 82.967500 0.039509 0.078049 15.609804
 6.499999 2.384848 2.058501 -0.326347 4.209848 905.059971 2.393220 -0.608772 1000.000000 2.347458 6.760771 100.000000 6.151999 -400565.436006 1.453063 0.693060 138.612057 0.033457 0.055968 11.193623
 6.549999 2.370288 2.203823 -0.166464 1.294501 732.223146 2.393220 -0.608772 1000.000000 2.347458 6.760771 100.000000 6.151999 -400564.059157 1.507996 0.197194 39.438897 0.158821 1.261202 252.240443
 6.599999 2.353735 2.083574 -0.270161 4.261292 2255.456535 2.393220 -0.608772 1000.000000 2.347458 6.760771 100.000000 6.151999 -400565.891312 1.466921 0.539499 107.899814 0.074175 0.275097 55.019466
 6.649999 2.375508 2.265661 -0.109847 0.491400 380.639832 2.393220 -0.608772 1000.000000 2.347458 6.760771 100.000000 6.151999 -400560.289276 1.437414 0.889548 177.909561 0.031160 0.048548 9.709602
 6.699999 2.375917 2.344114 -0.031803 0.150264 299.522368 2.393220 -0.608772 1000.000000 2.347458 6.760771 100.000000 6.151999 -400560.376457 1.582422 0.006758 1.351516 0.071353 0.254559 50.911873
 6.749999 2.350024 2.242206 -0.107819 1.486846 1976.672178 2.393220 -0.608772 1000.000000 2.347458 6.760771 100.000000 6.151999 -400563.583011 1.404937 1.375465 275.092992 0.119279 0.711374 142.274824
 6.799999 2.379062 2.106197 -0.272865 3.010557 782.511496 2.393220 -0.608772 1000.000000 2.347458 6.760771 100.000000 6.151999 -400564.259405 1.520542 0.126274 25.254897 0.089282 0.398565 79.713042
 6.849999 2.380952 2.211709 -0.169243 0.996643 334.795917 2.393220 -0.608772 1000.000000 2.347458 6.760771 100.000000 6.151999 -400560.956879 1.414033 1.228742 245.748472 0.187449 1.756860 351.371988
 6.899999 2.396303 2.228891 -0.167413 0.707659 150.086503 2.393220 -0.608772 1000.000000 2.347458 6.760771 100.000000 6.151999 -400562.731454 1.525048 0.104643 20.928686 0.090546 0.409930 81.986090
 6.949999 2.390510 2.146980 -0.243531 2.013245 409.259974 2.393220 -0.608772 1000.000000 2.347458 6.760771 100.000000 6.151999 -400562.532112 1.384785 1.730006 346.001194 0.085017 0.361393 72.278685
 6.999999 2.381242 2.189623 -0.191619 1.317323 392.596045 2.393220 -0.608772 1000.000000 2.347458 6.760771 100.000000 6.151999 -400561.947499 1.564812 0.001791 0.358176 0.179415 1.609495 321.899056
 7.049999 2.363684 2.183882 -0.179802 1.774049 1139.961979 2.393220 -0.608772 1000.000000 2.347458 6.760771 100.000000 6.151999 -400561.365555 1.394996 1.545294 309.058897 0.095070 0.451917 90.383365
 7.099999 2.375047 2.175189 -0.199858 1.648959 627.039849 2.393220 -0.608772 1000.000000 2.347458 6.760771 100.000000 6.151999 -400560.682434 1.503428 0.226922 45.384471 0.102467 0.524972 104.994423
 7.149999 2.362919 2.270556 -0.092363 0.754782 977.313939 2.393220 -0.608772 1000.000000 2.347458 6.760771 100.000000 6.151999 -400562.235104 1.451242 0.714660 142.931944 0.093887 0.440743 88.148571
 7.199999 2.360434 2.148091 -0.212342 2.524824 1472.428731 2.393220 -0.608772 1000.000000 2.347458 6.760771 100.000000 6.151999 -400562.834592 1.494301 0.292576 58.515140 0.151482 1.147333 229.466561
 7.249999 2.393477 2.183614 -0.209864 1.342274 268.514166 2.393220 -0.608772 1000.000000 2.347458 6.760771 100.000000 6.151999 -400562.067715 1.436491 0.901899 180.379831 0.101874 0.518912 103.782313
 7.299999 2.397018 2.244419 -0.152599 0.538055 120.591127 2.393220 -0.608772 1000.000000 2.347458 6.760771 100.000000 6.151999 -400560.881911 1.517290 0.143144 28.628742 0.149871 1.123064 224.612707
 7.349999 2.367305 2.344593 -0.022712 0.336201 671.664140 2.393220 -0.608772 1000.000000 2.347458 6.760771 100.000000 6.151999 -400560.884723 1.478725 0.423856 84.771138 0.201775 2.035648 407.129698
 7.399999 2.402238 2.371137 -0.031100 0.068692 86.917582 2.393220 -0.608772 1000.000000 2.347458 6.760771 100.000000 6.151999 -400560.105845 1.522423 0.116999 23.399868 0.053452 0.142856 28.571150
 7.449999 2.417612 2.517929 0.100317 1.750483 885.534955 2.393220 -0.608772 1000.000000 2.347458 6.760771 100.000000 6.151999 -400560.393032 1.491459 0.314717 62.943375 0.049066 0.120374 24.074795
 7.499999 2.366612 2.677959 0.311347 5.815562 1800.298780 2.393220 -0.608772 1000.000000 2.347458 6.760771 100.000000 6.151999 -400571.443455 1.591547 0.021529 4.305734 0.017959 0.016127 3.225353
 7.549999 2.364078 2.645963 0.281885 4.879924 1740.343058 2.393220 -0.608772 1000.000000 2.347458 6.760771 100.000000 6.151999 -400568.868337 1.636208 0.213937 42.787478 0.175436 1.538885 307.776939
 7.599999 2.339689 2.540606 0.200917 3.298105 3238.651442 2.393220 -0.608772 1000.000000 2.347458 6.760771 100.000000 6.151999 -400568.475958 1.564491 0.001988 0.397535 0.267116 3.567547 713.509339
 7.649999 2.364147 2.602333 0.238186 3.670697 1494.877125 2.393220 -0.608772 1000.000000 2.347458 6.760771 100.000000 6.151999 -400570.656017 1.648224 0.299754 59.950718 0.188452 1.775716 355.143174
 7.699999 2.356231 2.709782 0.353551 7.248049 2681.008523 2.393220 -0.608772 1000.000000 2.347458 6.760771 100.000000 6.151999 -400571.084254 1.631077 0.181685 36.337036 0.021685 0.023512 4.702349
 7.749999 2.346323 2.649373 0.303050 5.657321 3110.901419 2.393220 -0.608772 1000.000000 2.347458 6.760771 100.000000 6.151999 -400570.506531 1.595446 0.030380 6.075987 0.092318 0.426135 85.227054
 7.799999 2.356424 2.678500 0.322076 6.156451 2449.876321 2.393220 -0.608772 1000.000000 2.347458 6.760771 100.000000 6.151999 -400572.563421 1.663952 0.433898 86.779611 0.201129 2.022642 404.528343
 7.849999 2.349963 2.501485 0.151522 2.121820 2108.437190 2.393220 -0.608772 1000.000000 2.347458 6.760771 100.000000 6.151999 -400568.679387 1.545065 0.033106 6.621226 0.258440 3.339555 667.911076
 7.899999 2.350948 2.553738 0.202790 3.021057 2212.465248 2.393220 -0.608772 1000.000000 2.347458 6.760771 100.000000 6.151999 -400567.962181 1.670378 0.495828 99.165652 0.148706 1.105669 221.133735
 7.949999 2.389671 2.710837 0.321166 6.608520 1333.040836 2.393220 -0.608772 1000.000000 2.347458 6.760771 100.000000 6.151999 -400570.033558 1.536320 0.059431 11.886189 0.045904 0.105361 21.072109
 7.999999 2.392206 2.556027 0.163821 2.175578 436.041932 2.393220 -0.608772 1000.000000 2.347458 6.760771 100.000000 6.151999 -400566.104991 1.684764 0.649432 129.886445 0.092774 0.430354 86.070796
 8.049999 2.346157 2.683489 0.337333 6.753359 3344.149863 2.393220 -0.608772 1000.000000 2.347458 6.760771 100.000000 6.151999 -400570.130980 1.517640 0.141282 28.256465 0.209910 2.203108 440.621544
 8.099999 2.352152 2.560643 0.208491 3.115701 2141.086908 2.393220 -0.608772 1000.000000 2.347458 6.760771 100.000000 6.151999 -400569.966377 1.606450 0.063561 12.712121 0.224041 2.509727 501.945488
 8.149999 2.389315 2.565381 0.176065 2.382145 490.152996 2.393220 -0.608772 1000.000000 2.347458 6.760771 100.000000 6.151999 -400566.814971 1.596064 0.031923 6.384508 0.139339 0.970772 194.154330
 8.199999 2.369511 2.687092 0.317581 6.048652 1715.655904 2.393220 -0.608772 1000.000000 2.347458 6.760771 100.000000 6.151999 -400569.776183 1.593246 0.025200 5.039972 0.059414 0.176500 35.299944
 8.249999 2.343773 2.518066 0.174293 2.677899 2736.149376 2.393220 -0.608772 1000.000000 2.347458 6.760771 100.000000 6.151999 -400566.140019 1.626360 0.154368 30.873610 0.072088 0.259834 51.966824
 8.299999 2.359555 2.777383 0.417828 9.808468 2981.725619 2.393220 -0.608772 1000.000000 2.347458 6.760771 100.000000 6.151999 -400572.050612 1.569737 0.000056 0.011224 0.189295 1.791637 358.327376
 8.349999 2.355453 2.435186 0.079733 1.097994 1503.330113 2.393220 -0.608772 1000.000000 2.347458 6.760771 100.000000 6.151999 -400565.076009 1.626528 0.155300 31.059916 0.175395 1.538173 307.634554
 8.399999 2.385292 2.604454 0.219162 3.333788 723.328896 2.393220 -0.608772 1000.000000 2.347458 6.760771 100.000000 6.151999 -400567.834203 1.607284 0.066569 13.313709 0.185409 1.718828 343.765697
 8.449999 2.362418 2.626074 0.263656 4.355733 1725.046876 2.393220 -0.608772 1000.000000 2.347458 6.760771 100.000000 6.151999 -400566.298729 1.529617 0.084786 16.957282 0.070925 0.251521 50.304252
 8.499999 2.373828 2.658524 0.284697 5.026157 1343.703032 2.393220 -0.608772 1000.000000 2.347458 6.760771 100.000000 6.151999 -400567.798487 1.666505 0.458012 91.602363 0.131933 0.870311 174.062204
 8.549999 2.363759 2.722504 0.358745 7.466979 2274.561208 2.393220 -0.608772 1000.000000 2.347458 6.760771 100.000000 6.151999 -400570.885008 1.541097 0.044103 8.820650 0.166579 1.387429 277.485780
 8.599999 2.374292 2.401998 0.027706 0.327870 388.021299 2.393220 -0.608772 1000.000000 2.347458 6.760771 100.000000 6.151999 -400564.810160 1.628181 0.164651 32.930161 0.248971 3.099332 619.866396
 8.649999 2.389175 2.317692 -0.071482 0.052483 25.227930 2.393220 -0.608772 1000.000000 2.347458 6.760771 100.000000 6.151999 -400562.357631 1.524696 0.106263 21.252613 0.223485 2.497276 499.455106
 8.699999 2.384787 2.699761 0.314974 6.241445 1312.303433 2.393220 -0.608772 1000.000000 2.347458 6.760771 100.000000 6.151999 -400569.845380 1.683643 0.636724 127.344768 0.150837 1.137585 227.516934
 8.749999 2.343098 2.617867 0.274769 4.912181 3243.447970 2.393220 -0.608772 1000.000000 2.347458 6.760771 100.000000 6.151999 -400565.459873 1.527752 0.092641 18.528194 0.059851 0.179110 35.821972
 8.799999 2.399712 2.688423 0.288711 5.833948 1204.719838 2.393220 -0.608772 1000.000000 2.347458 6.760771 100.000000 6.151999 -400565.233224 1.689003 0.698641 139.728141 0.032977 0.054374 10.874735
 8.849999 2.340543 2.580891 0.240348 4.112000 3319.812974 2.393220 -0.608772 1000.000000 2.347458 6.760771 100.000000 6.151999 -400569.822281 1.485762 0.361543 72.308610 0.186698 1.742802 348.560318
 8.899999 2.383994 2.547604 0.163611 2.045501 485.713990 2.393220 -0.608772 1000.000000 2.347458 6.760771 100.000000 6.151999 -400564.902156 1.707278 0.931356 186.271166 0.256925 3.300517 660.103315
 8.949999 2.364262 2.510683 0.146421 1.751411 1105.000938 2.393220 -0.608772 1000.000000 2.347458 6.760771 100.000000 6.151999 -400567.787327 1.583452 0.008008 1.601663 0.168213 1.414788 282.957667
 8.999999 2.370150 2.736470 0.366320 7.832644 2045.524637 2.393220 -0.608772 1000.000000 2.347458 6.760771 100.000000 6.151999 -400569.989903 1.635499 0.209324 41.864757 0.100423 0.504236 100.847240
 9.049999 2.324728 2.585924 0.261196 5.188939 5259.916955 2.393220 -0.608772 1000.000000 2.347458 6.760771 100.000000 6.151999 -400566.081111 1.587179 0.013420 2.683901 0.072961 0.266164 53.232808
 9.099999 2.373777 2.727145 0.353368 7.397157 1819.657027 2.393220 -0.608772 1000.000000 2.347458 6.760771 100.000000 6.151999 -400572.577515 1.641525 0.250126 50.025162 0.131091 0.859237 171.847405
 9.149999 2.349997 2.517712 0.167715 2.383445 2158.110087 2.393220 -0.608772 1000.000000 2.347458 6.760771 100.000000 6.151999 -400566.040036 1.563741 0.002489 0.497712 0.247523 3.063379 612.675866
 9.199999 2.364453 2.530152 0.165699 2.082641 1161.334779 2.393220 -0.608772 1000.000000 2.347458 6.760771 100.000000 6.151999 -400568.329120 1.610637 0.079364 15.872707 0.223178 2.490422 498.084384
 9.249999 2.365583 2.740845 0.375263 8.119619 2311.383152 2.393220 -0.608772 1000.000000 2.347458 6.760771 100.000000 6.151999 -400570.674914 1.558133 0.008019 1.603702 0.095010 0.451340 90.268095
 9.299999 2.350071 2.574499 0.224428 3.508319 2377.326732 2.393220 -0.608772 1000.000000 2.347458 6.760771 100.000000 6.151999 -400564.252890 1.643055 0.261068 52.213558 0.031372 0.049209 9.841789
 9.349999 2.372604 2.705940 0.333336 6.638005 1710.142931 2.393220 -0.608772 1000.000000 2.347458 6.760771 100.000000 6.151999 -400569.328959 1.568647 0.000231 0.046189 0.228364 2.607495 521.499043
 9.399999 2.361078 2.457927 0.096848 1.126727 1155.148957 2.393220 -0.608772 1000.000000 2.347458 6.760771 100.000000 6.151999 -400563.042470 1.563270 0.002832 0.566437 0.248955 3.098921 619.784281
 9.449999 2.377902 2.662025 0.284123 5.064964 1224.166954 2.393220 -0.608772 1000.000000 2.347458 6.760771 100.000000 6.151999 -400568.721965 1.654681 0.351836 70.367185 0.150109 1.126642 225.328449
 9.499999 2.352167 2.634454 0.282287 4.961035 2509.029939 2.393220 -0.608772 1000.000000 2.347458 6.760771 100.000000 6.151999 -400568.177767 1.558401 0.007682 1.536403 0.044830 0.100487 20.097451
 9.549999 2.367362 2.601015 0.233653 3.548900 1311.586878 2.393220 -0.608772 1000.000000 2.347458 6.760771 100.000000 6.151999 -400565.135829 1.667499 0.467571 93.514102 0.068353 0.233603 46.720660
 9.599999 2.353363 2.680226 0.326863 6.331058 2695.991591 2.393220 -0.608772 1000.000000 2.347458 6.760771 100.000000 6.151999 -400569.740742 1.576240 0.001482 0.296327 0.155526 1.209415 241.882960
 9.649999 2.366784 2.479809 0.113025 1.225291 874.067326 2.393220 -0.608772 1000.000000 2.347458 6.760771 100.000000 6.151999 -400564.933030 1.639601 0.236707 47.341450 0.199571 1.991430 398.285953
 9.699999 2.332379 2.717332 0.384953 8.691205 5069.793363 2.393220 -0.608772 1000.000000 2.347458 6.760771 100.000000 6.151999 -400571.564828 1.573394 0.000337 0.067478 0.192211 1.847261 369.452159
 9.749999 2.328687 2.634338 0.305651 6.197283 4987.515355 2.393220 -0.608772 1000.000000 2.347458 6.760771 100.000000 6.151999 -400568.457666 1.565821 0.001238 0.247561 0.082801 0.342801 68.560296
 9.799999 2.336377 2.630580 0.294203 5.623497 4032.769900 2.393220 -0.608772 1000.000000 2.347458 6.760771 100.000000 6.151999 -400569.522283 1.592247 0.023007 4.601477 0.095806 0.458944 91.788772
 9.849999 2.388737 2.706638 0.317901 6.460567 1310.204794 2.393220 -0.608772 1000.000000 2.347458 6.760771 100.000000 6.151999 -400568.783693 1.600220 0.043289 8.657811 0.200383 2.007676 401.535224
 9.899999 2.342136 2.439744 0.097608 1.730627 2694.736670 2.393220 -0.608772 1000.000000 2.347458 6.760771 100.000000 6.151999 -400566.361410 1.623105 0.136812 27.362392 0.216420 2.341878 468.375515
 9.949999 2.363867 2.689433 0.325566 6.278181 2031.102962 2.393220 -0.608772 1000.000000 2.347458 6.760771 100.000000 6.151999 -400568.562180 1.600587 0.044375 8.874981 0.240502 2.892066 578.413288
 9.999999 2.357917 2.590605 0.232688 3.579195 1837.547307 2.393220 -0.608772 1000.000000 2.347458 6.760771 100.000000 6.151999 -400568.819674 1.613740 0.092206 18.441290 0.100004 0.500039 100.007737
 10.049999 2.399276 2.699304 0.300028 6.208115 1274.623593 2.393220 -0.608772 1000.000000 2.347458 6.760771 100.000000 6.151999 -400570.235769 1.601330 0.046614 9.322858 0.082104 0.337054 67.410758
 10.099999 2.373893 2.540575 0.166682 2.051490 746.487346 2.393220 -0.608772 1000.000000 2.347458 6.760771 100.000000 6.151999 -400567.242431 1.580182 0.004405 0.880911 0.192324 1.849422 369.884421
 10.149999 2.360100 2.469197 0.109096 1.289492 1245.151706 2.393220 -0.608772 1000.000000 2.347458 6.760771 100.000000 6.151999 -400565.801954 1.635316 0.208141 41.628129 0.264950 3.509930 701.986052
 10.199999 2.350333 2.603385 0.253052 4.194609 2494.329266 2.393220 -0.608772 1000.000000 2.347458 6.760771 100.000000 6.151999 -400570.069648 1.590171 0.018768 3.753614 0.185054 1.712253 342.450696
 10.249999 2.388497 2.711967 0.323470 6.654503 1350.983336 2.393220 -0.608772 1000.000000 2.347458 6.760771 100.000000 6.151999 -400568.376637 1.593575 0.025943 5.188624 0.050516 0.127594 25.518727
 10.299999 2.361727 2.567208 0.205481 2.910437 1474.738299 2.393220 -0.608772 1000.000000 2.347458 6.760771 100.000000 6.151999 -400567.111446 1.603529 0.053572 10.714403 0.056173 0.157768 31.553562
 10.349999 2.370100 2.687677 0.317577 6.054730 1692.023645 2.393220 -0.608772 1000.000000 2.347458 6.760771 100.000000 6.151999 -400568.096204 1.585982 0.011530 2.306061 0.219792 2.415417 483.083379
 10.399999 2.345518 2.455573 0.110055 1.722209 2392.408030 2.393220 -0.608772 1000.000000 2.347458 6.760771 100.000000 6.151999 -400564.447175 1.603346 0.052975 10.595069 0.253277 3.207451 641.490238
 10.449999 2.364879 2.699734 0.334855 6.606542 2044.212871 2.393220 -0.608772 1000.000000 2.347458 6.760771 100.000000 6.151999 -400571.022514 1.638761 0.230959 46.191860 0.168467 1.419060 283.812000
 10.499999 2.338276 2.664090 0.325815 6.522279 4021.496101 2.393220 -0.608772 1000.000000 2.347458 6.760771 100.000000 6.151999 -400566.073744 1.549407 0.022875 4.574932 0.005386 0.001450 0.290041
 10.549999 2.379654 2.609876 0.230222 3.535182 872.676310 2.393220 -0.608772 1000.000000 2.347458 6.760771 100.000000 6.151999 -400567.532383 1.645849 0.281646 56.329196 0.060423 0.182548 36.509567
 10.599999 2.347516 2.704941 0.357425 7.434144 3366.823068 2.393220 -0.608772 1000.000000 2.347458 6.760771 100.000000 6.151999 -400570.344846 1.557513 0.008823 1.764581 0.243892 2.974162 594.832409
 10.649999 2.343941 2.409106 0.065165 1.404247 2466.445551 2.393220 -0.608772 1000.000000 2.347458 6.760771 100.000000 6.151999 -400563.660712 1.634516 0.203009 40.601899 0.222836 2.482802 496.560470
 10.699999 2.357451 2.603090 0.245639 3.907108 1932.901568 2.393220 -0.608772 1000.000000 2.347458 6.760771 100.000000 6.151999 -400566.337544 1.591327 0.021076 4.215117 0.197543 1.951166 390.233108
 10.749999 2.382612 2.644933 0.262321 4.480839 997.455002 2.393220 -0.608772 1000.000000 2.347458 6.760771 100.000000 6.151999 -400570.627936 1.621598 0.129042 25.808493 0.067386 0.227047 45.409338
 10.799999 2.361251 2.657041 0.295790 5.303111 1980.445728 2.393220 -0.608772 1000.000000 2.347458 6.760771 100.000000 6.151999 -400568.224252 1.619101 0.116668 23.333529 0.135467 0.917567 183.513381
 10.849999 2.382959 2.646896 0.263937 4.535820 1001.933819 2.393220 -0.608772 1000.000000 2.347458 6.760771 100.000000 6.151999 -400570.424377 1.568915 0.000177 0.035392 0.168719 1.423301 284.660195
 10.899999 2.380290 2.412426 0.032137 0.294648 209.410873 2.393220 -0.608772 1000.000000 2.347458 6.760771 100.000000 6.151999 -400565.512165 1.642184 0.254813 50.962511 0.211961 2.246365 449.272988
 10.949999 2.374130 2.552194 0.178064 2.278079 783.613476 2.393220 -0.608772 1000.000000 2.347458 6.760771 100.000000 6.151999 -400567.198691 1.582414 0.006748 1.349652 0.164246 1.348837 269.767322
 10.999999 2.384672 2.704428 0.319755 6.407920 1347.345087 2.393220 -0.608772 1000.000000 2.347458 6.760771 100.000000 6.151999 -400567.345411 1.556864 0.009705 1.941072 0.111950 0.626643 125.328599
 11.049999 2.389798 2.562461 0.172663 2.317173 473.975276 2.393220 -0.608772 1000.000000 2.347458 6.760771 100.000000 6.151999 -400564.279429 1.642155 0.254604 50.920865 0.061494 0.189073 37.814587
 11.099999 2.386335 2.655149 0.268814 4.757402 994.143546 2.393220 -0.608772 1000.000000 2.347458 6.760771 100.000000 6.151999 -400568.122339 1.527870 0.092134 18.426841 0.169652 1.439094 287.818828
 11.149999 2.379437 2.479007 0.099570 0.960255 363.035533 2.393220 -0.608772 1000.000000 2.347458 6.760771 100.000000 6.151999 -400562.867629 1.643574 0.264828 52.965663 0.198257 1.965283 393.056684
 11.199999 2.385841 2.666532 0.280691 5.117645 1072.543697 2.393220 -0.608772 1000.000000 2.347458 6.760771 100.000000 6.151999 -400570.582141 1.522392 0.117150 23.430080 0.176672 1.560656 312.131166
 11.249999 2.378811 2.617295 0.238485 3.744437 935.763800 2.393220 -0.608772 1000.000000 2.347458 6.760771 100.000000 6.151999 -400567.769148 1.626681 0.156154 31.230790 0.098455 0.484670 96.934088
 11.299999 2.349829 2.584045 0.234216 3.740099 2442.567294 2.393220 -0.608772 1000.000000 2.347458 6.760771 100.000000 6.151999 -400568.478742 1.575962 0.001334 0.266882 0.121055 0.732719 146.543890
 11.349999 2.338308 2.694752 0.356444 7.538370 4221.537604 2.393220 -0.608772 1000.000000 2.347458 6.760771 100.000000 6.151999 -400570.455966 1.619227 0.117278 23.455664 0.183076 1.675850 335.169967
 11.399999 2.341587 2.526468 0.184881 2.935253 2986.480096 2.393220 -0.608772 1000.000000 2.347458 6.760771 100.000000 6.151999 -400565.237043 1.636133 0.213444 42.688874 0.147151 1.082675 216.535090
 11.449999 2.340314 2.708221 0.367907 7.907041 4100.581164 2.393220 -0.608772 1000.000000 2.347458 6.760771 100.000000 6.151999 -400570.075971 1.593003 0.024658 4.931542 0.153395 1.176508 235.301650
 11.499999 2.346503 2.563914 0.217411 3.433933 2651.047748 2.393220 -0.608772 1000.000000 2.347458 6.760771 100.000000 6.151999 -400567.927239 1.648311 0.300425 60.085015 0.077844 0.302986 60.597230
 11.549999 2.331771 2.728397 0.396626 9.143731 5227.125176 2.393220 -0.608772 1000.000000 2.347458 6.760771 100.000000 6.151999 -400572.602596 1.578608 0.003051 0.610265 0.119887 0.718650 143.729977
 11.599999 2.361270 2.570780 0.209511 3.004073 1519.569743 2.393220 -0.608772 1000.000000 2.347458 6.760771 100.000000 6.151999 -400569.469185 1.647462 0.293880 58.775961 0.161439 1.303128 260.625657
 11.649999 2.335863 2.542020 0.206157 3.537638 3668.357547 2.393220 -0.608772 1000.000000 2.347458 6.760771 100.000000 6.151999 -400565.332549 1.618076 0.111769 22.353834 0.194859 1.898498 379.699666
 11.699999 2.362449 2.679087 0.316638 5.972347 2046.647620 2.393220 -0.608772 1000.000000 2.347458 6.760771 100.000000 6.151999 -400572.045680 1.614980 0.097608 19.521605 0.154432 1.192465 238.492988
 11.749999 2.343374 2.609176 0.265801 4.667132 3169.591949 2.393220 -0.608772 1000.000000 2.347458 6.760771 100.000000 6.151999 -400569.062677 1.616396 0.103965 20.792972 0.114214 0.652246 130.449128
 11.799999 2.409065 2.683228 0.274164 5.762615 1378.461351 2.393220 -0.608772 1000.000000 2.347458 6.760771 100.000000 6.151999 -400564.343901 1.598202 0.037553 7.510673 0.073440 0.269674 53.934851
 11.849999 2.346748 2.547843 0.201096 3.087568 2561.232843 2.393220 -0.608772 1000.000000 2.347458 6.760771 100.000000 6.151999 -400567.528559 1.592455 0.023454 4.690897 0.216302 2.339328 467.865694
 11.899999 2.387265 2.553764 0.166499 2.145848 461.094069 2.393220 -0.608772 1000.000000 2.347458 6.760771 100.000000 6.151999 -400563.651967 1.604359 0.056323 11.264586 0.219860 2.416918 483.383601
 11.949999 2.342816 2.678957 0.336141 6.764888 3639.535184 2.393220 -0.608772 1000.000000 2.347458 6.760771 100.000000 6.151999 -400568.370997 1.591452 0.021333 4.266682 0.133879 0.896174 179.234804
 11.999999 2.411464 2.620859 0.209394 3.903822 1080.318507 2.393220 -0.608772 1000.000000 2.347458 6.760771 100.000000 6.151999 -400564.050905 1.640167 0.240618 48.123584 0.072192 0.260587 52.117359
 12.049999 2.362244 2.632767 0.270523 4.549845 1773.549919 2.393220 -0.608772 1000.000000 2.347458 6.760771 100.000000 6.151999 -400567.659407 1.535667 0.061705 12.340962 0.149803 1.122040 224.408083
 12.099999 2.398713 2.573457 0.174744 2.568867 540.924054 2.393220 -0.608772 1000.000000 2.347458 6.760771 100.000000 6.151999 -400564.970297 1.655339 0.357377 71.475407 0.181804 1.652634 330.526717
 12.149999 2.333693 2.605871 0.272177 5.110597 4211.235037 2.393220 -0.608772 1000.000000 2.347458 6.760771 100.000000 6.151999 -400567.625499 1.557758 0.008500 1.699918 0.168908 1.426496 285.299187
 12.199999 2.401431 2.627772 0.226341 3.962515 853.171977 2.393220 -0.608772 1000.000000 2.347458 6.760771 100.000000 6.151999 -400567.956524 1.660112 0.398861 79.772199 0.072800 0.264989 52.997805
 12.249999 2.342263 2.574661 0.232398 3.879382 3112.835273 2.393220 -0.608772 1000.000000 2.347458 6.760771 100.000000 6.151999 -400565.071127 1.574585 0.000718 0.143539 0.059915 0.179491 35.898132
 12.299999 2.385604 2.687863 0.302260 5.822806 1216.774454 2.393220 -0.608772 1000.000000 2.347458 6.760771 100.000000 6.151999 -400569.424812 1.649582 0.310356 62.071100 0.144271 1.040710 208.141955
 12.349999 2.301754 2.537031 0.235278 5.979971 8725.500413 2.393220 -0.608772 1000.000000 2.347458 6.760771 100.000000 6.151999 -400568.760594 1.608588 0.071410 14.281928 0.197223 1.944839 388.967791
 12.399999 2.360973 2.706853 0.345879 6.978168 2331.512250 2.393220 -0.608772 1000.000000 2.347458 6.760771 100.000000 6.151999 -400567.865459 1.643422 0.263723 52.744676 0.182210 1.660020 332.003951
 12.449999 2.307710 2.588698 0.280988 6.565821 7893.926488 2.393220 -0.608772 1000.000000 2.347458 6.760771 100.000000 6.151999 -400570.173090 1.634082 0.200256 40.051104 0.080113 0.320908 64.181646
 12.499999 2.372968 2.720246 0.347278 7.153625 1799.863019 2.393220 -0.608772 1000.000000 2.347458 6.760771 100.000000 6.151999 -400567.581999 1.606481 0.063669 12.733769 0.107834 0.581406 116.281286
 12.549999 2.337521 2.580445 0.242924 4.265344 3645.194276 2.393220 -0.608772 1000.000000 2.347458 6.760771 100.000000 6.151999 -400569.382689 1.647348 0.293007 58.601470 0.180064 1.621156 324.231214
 12.599999 2.349413 2.572085 0.222672 3.482399 2423.622495 2.393220 -0.608772 1000.000000 2.347458 6.760771 100.000000 6.151999 -400567.529975 1.594066 0.027074 5.414844 0.205824 2.118180 423.636041
 12.649999 2.326884 2.647232 0.320348 6.693483 5299.122608 2.393220 -0.608772 1000.000000 2.347458 6.760771 100.000000 6.151999 -400572.678959 1.661670 0.412904 82.580788 0.119782 0.717381 143.476103
 12.699999 2.414946 2.631048 0.216103 4.257183 1276.225456 2.393220 -0.608772 1000.000000 2.347458 6.760771 100.000000 6.151999 -400564.851263 1.552767 0.016252 3.250456 0.054938 0.150909 30.181822
 12.749999 2.375595 2.609246 0.233651 3.581994 995.991499 2.393220 -0.608772 1000.000000 2.347458 6.760771 100.000000 6.151999 -400566.965201 1.663777 0.432268 86.453575 0.146758 1.076893 215.378509
 12.799999 2.388660 2.474683 0.086023 0.819716 182.658959 2.393220 -0.608772 1000.000000 2.347458 6.760771 100.000000 6.151999 -400564.426214 1.548104 0.025747 5.149427 0.232159 2.694900 538.979916
 12.849999 2.365383 2.628842 0.263459 4.346306 1566.689192 2.393220 -0.608772 1000.000000 2.347458 6.760771 100.000000 6.151999 -400569.304246 1.644600 0.272353 54.470533 0.211944 2.246009 449.201808
 12.899999 2.386714 2.619483 0.232769 3.721059 782.308705 2.393220 -0.608772 1000.000000 2.347458 6.760771 100.000000 6.151999 -400566.356472 1.548128 0.025694 5.138703 0.053378 0.142460 28.492093
 12.949999 2.365880 2.649829 0.283949 4.945173 1661.793319 2.393220 -0.608772 1000.000000 2.347458 6.760771 100.000000 6.151999 -400567.321636 1.627665 0.161704 32.340738 0.030105 0.045317 9.063393
 12.999999 2.382016 2.585604 0.203588 2.898456 692.678448 2.393220 -0.608772 1000.000000 2.347458 6.760771 100.000000 6.151999 -400568.383920 1.584757 0.009746 1.949106 0.163297 1.333288 266.657657
 13.049999 2.302604 2.605767 0.303162 7.441803 8878.481058 2.393220 -0.608772 1000.000000 2.347458 6.760771 100.000000 6.151999 -400567.926452 1.638144 0.226784 45.356792 0.236091 2.786939 557.387887
 13.099999 2.364765 2.633664 0.268900 4.500576 1628.865078 2.393220 -0.608772 1000.000000 2.347458 6.760771 100.000000 6.151999 -400565.135899 1.568277 0.000317 0.063478 0.161630 1.306208 261.241550
 13.149999 2.368724 2.614531 0.245807 3.866447 1313.348568 2.393220 -0.608772 1000.000000 2.347458 6.760771 100.000000 6.151999 -400563.158878 1.654890 0.353586 70.717247 0.086442 0.373613 74.722676
 13.199999 2.350793 2.595255 0.244462 3.970217 2414.130672 2.393220 -0.608772 1000.000000 2.347458 6.760771 100.000000 6.151999 -400566.706287 1.582993 0.007438 1.487677 0.067029 0.224645 44.929033
 13.249999 2.317307 2.701688 0.384381 9.155365 7017.604742 2.393220 -0.608772 1000.000000 2.347458 6.760771 100.000000 6.151999 -400572.560889 1.642060 0.253926 50.785238 0.142558 1.016138 203.227659
 13.299999 2.382092 2.542859 0.160767 1.971009 505.661716 2.393220 -0.608772 1000.000000 2.347458 6.760771 100.000000 6.151999 -400568.136567 1.602150 0.049154 9.830761 0.174711 1.526197 305.239402
 13.349999 2.354702 2.622440 0.267738 4.522595 2239.820407 2.393220 -0.608772 1000.000000 2.347458 6.760771 100.000000 6.151999 -400567.858149 1.606160 0.062529 12.505861 0.170444 1.452562 290.512311
 13.399999 2.366904 2.598722 0.231818 3.502976 1323.900414 2.393220 -0.608772 1000.000000 2.347458 6.760771 100.000000 6.151999 -400567.639231 1.624745 0.145524 29.104766 0.074932 0.280743 56.148632
 13.449999 2.363218 2.696895 0.333677 6.555383 2121.202691 2.393220 -0.608772 1000.000000 2.347458 6.760771 100.000000 6.151999 -400570.082957 1.596166 0.032181 6.436198 0.156337 1.222063 244.412550
 13.499999 2.393246 2.561239 0.167992 2.285114 457.023336 2.393220 -0.608772 1000.000000 2.347458 6.760771 100.000000 6.151999 -400565.747880 1.621547 0.128783 25.756648 0.188669 1.779801 355.960236
 13.549999 2.333073 2.590408 0.257334 4.760068 4207.911123 2.393220 -0.608772 1000.000000 2.347458 6.760771 100.000000 6.151999 -400567.694082 1.599420 0.040965 8.192998 0.217771 2.371204 474.240876
 13.599999 2.387864 2.524074 0.136210 1.574013 340.628600 2.393220 -0.608772 1000.000000 2.347458 6.760771 100.000000 6.151999 -400565.113757 1.620308 0.122571 24.514272 0.083238 0.346428 69.285620
 13.649999 2.360588 2.719693 0.359105 7.460398 2450.442154 2.393220 -0.608772 1000.000000 2.347458 6.760771 100.000000 6.151999 -400568.764379 1.591161 0.020737 4.147377 0.051310 0.131636 26.327174
 13.699999 2.356173 2.592039 0.235866 3.677248 1970.678929 2.393220 -0.608772 1000.000000 2.347458 6.760771 100.000000 6.151999 -400569.609759 1.642516 0.257183 51.436507 0.136280 0.928608 185.721579
 13.749999 2.316807 2.650280 0.333474 7.504605 6756.062601 2.393220 -0.608772 1000.000000 2.347458 6.760771 100.000000 6.151999 -400571.486856 1.588666 0.015967 3.193342 0.198458 1.969284 393.856711
 13.799999 2.363529 2.532546 0.169017 2.153674 1224.152987 2.393220 -0.608772 1000.000000 2.347458 6.760771 100.000000 6.151999 -400565.594476 1.639306 0.234678 46.935588 0.155733 1.212637 242.527379
 13.849999 2.354038 2.748748 0.394710 8.819338 3145.614181 2.393220 -0.608772 1000.000000 2.347458 6.760771 100.000000 6.151999 -400569.216258 1.590126 0.018682 3.736386 0.103254 0.533068 106.613698
 13.899999 2.371448 2.555547 0.184099 2.402069 907.031314 2.393220 -0.608772 1000.000000 2.347458 6.760771 100.000000 6.151999 -400563.516608 1.603733 0.054242 10.848464 0.087141 0.379674 75.934712
 13.949999 2.333733 2.627419 0.293685 5.688254 4322.478345 2.393220 -0.608772 1000.000000 2.347458 6.760771 100.000000 6.151999 -400567.866044 1.628954 0.169115 33.822959 0.272682 3.717777 743.555409
 13.999999 2.394876 2.522921 0.128045 1.540735 310.614338 2.393220 -0.608772 1000.000000 2.347458 6.760771 100.000000 6.151999 -400565.557970 1.538225 0.053045 10.608970 0.210663 2.218951 443.790281
 14.049999 2.364942 2.696375 0.331433 6.486989 2017.088340 2.393220 -0.608772 1000.000000 2.347458 6.760771 100.000000 6.151999 -400569.064964 1.674026 0.532821 106.564142 0.117587 0.691338 138.267685
 14.099999 2.385628 2.635619 0.249991 4.180677 888.019709 2.393220 -0.608772 1000.000000 2.347458 6.760771 100.000000 6.151999 -400565.518527 1.534029 0.067593 13.518649 0.099521 0.495222 99.044398
 14.149999 2.357695 2.508901 0.151207 1.934247 1522.725827 2.393220 -0.608772 1000.000000 2.347458 6.760771 100.000000 6.151999 -400565.997971 1.706736 0.923985 184.796924 0.171425 1.469320 293.864059
 14.199999 2.367631 2.617411 0.249780 3.971154 1383.563428 2.393220 -0.608772 1000.000000 2.347458 6.760771 100.000000 6.151999 -400569.483790 1.567943 0.000407 0.081429 0.210100 2.207090 441.418077
 14.249999 2.342876 2.683393 0.340517 6.909912 3663.081856 2.393220 -0.608772 1000.000000 2.347458 6.760771 100.000000 6.151999 -400571.710452 1.619175 0.117024 23.404821 0.160160 1.282569 256.513807
 14.299999 2.355390 2.552521 0.197131 2.818121 1851.671072 2.393220 -0.608772 1000.000000 2.347458 6.760771 100.000000 6.151999 -400566.896119 1.588300 0.015319 3.063846 0.075067 0.281752 56.350336
 14.349999 2.410606 2.696429 0.285822 6.240168 1520.074566 2.393220 -0.608772 1000.000000 2.347458 6.760771 100.000000 6.151999 -400565.606459 1.569155 0.000135 0.026926 0.113727 0.646690 129.338053
 14.399999 2.366417 2.586211 0.219794 3.209366 1288.431146 2.393220 -0.608772 1000.000000 2.347458 6.760771 100.000000 6.151999 -400563.615635 1.535194 0.063375 12.674968 0.157040 1.233077 246.615307
 14.449999 2.398889 2.609502 0.210613 3.449435 718.808177 2.393220 -0.608772 1000.000000 2.347458 6.760771 100.000000 6.151999 -400569.168562 1.688775 0.695951 139.190271 0.198401 1.968147 393.629354
 14.499999 2.362998 2.566580 0.203582 2.857440 1393.565334 2.393220 -0.608772 1000.000000 2.347458 6.760771 100.000000 6.151999 -400566.225173 1.506812 0.204698 40.939679 0.215886 2.330341 466.068168
 14.549999 2.388632 2.573161 0.184529 2.557627 530.471320 2.393220 -0.608772 1000.000000 2.347458 6.760771 100.000000 6.151999 -400568.017289 1.681718 0.615178 123.035646 0.113710 0.646496 129.299297
 14.599999 2.361157 2.732880 0.371723 7.941545 2513.564621 2.393220 -0.608772 1000.000000 2.347458 6.760771 100.000000 6.151999 -400569.657829 1.490482 0.322518 64.503592 0.127006 0.806520 161.304082
 14.649999 2.346513 2.645108 0.298596 5.520594 3067.545591 2.393220 -0.608772 1000.000000 2.347458 6.760771 100.000000 6.151999 -400569.100320 1.700951 0.847007 169.401480 0.140053 0.980747 196.149310
 14.699999 2.332139 2.562314 0.230174 4.173594 4192.512714 2.393220 -0.608772 1000.000000 2.347458 6.760771 100.000000 6.151999 -400569.464924 1.539268 0.049702 9.940429 0.262871 3.455063 691.012546
 14.749999 2.351798 2.641630 0.289831 5.184752 2581.161281 2.393220 -0.608772 1000.000000 2.347458 6.760771 100.000000 6.151999 -400568.920496 1.643609 0.265081 53.016295 0.210299 2.211291 442.258187
 14.799999 2.341736 2.575993 0.234257 3.936733 3172.901180 2.393220 -0.608772 1000.000000 2.347458 6.760771 100.000000 6.151999 -400567.696976 1.709555 0.962692 192.538467 0.084295 0.355286 71.057233
 14.849999 2.334516 2.761935 0.427419 10.312692 5164.154454 2.393220 -0.608772 1000.000000 2.347458 6.760771 100.000000 6.151999 -400572.265629 1.546156 0.030356 6.071219 0.078468 0.307861 61.572144
 14.899999 2.349287 2.529839 0.180552 2.628217 2262.771135 2.393220 -0.608772 1000.000000 2.347458 6.760771 100.000000 6.151999 -400568.530052 1.656863 0.370372 74.074471 0.159214 1.267452 253.490441
 14.949999 2.368408 2.620588 0.252180 4.037828 1361.635512 2.393220 -0.608772 1000.000000 2.347458 6.760771 100.000000 6.151999 -400568.105681 1.547157 0.027942 5.588317 0.248441 3.086159 617.231737
 14.999999 2.368740 2.649399 0.280659 4.858064 1510.979108 2.393220 -0.608772 1000.000000 2.347458 6.760771 100.000000 6.151999 -400567.561204 1.538085 0.053502 10.700362 0.202420 2.048700 409.739961
 15.049999 2.340963 2.493295 0.152332 2.428829 2943.495761 2.393220 -0.608772 1000.000000 2.347458 6.760771 100.000000 6.151999 -400561.216548 1.717539 1.076665 215.332975 0.144808 1.048471 209.694182
 15.099999 2.364380 2.767229 0.402849 9.226293 2593.828756 2.393220 -0.608772 1000.000000 2.347458 6.760771 100.000000 6.151999 -400568.034454 1.516875 0.145378 29.075558 0.090388 0.408502 81.700357
 15.149999 2.379725 2.541148 0.161423 1.966854 557.289197 2.393220 -0.608772 1000.000000 2.347458 6.760771 100.000000 6.151999 -400563.796768 1.654489 0.350224 70.044765 0.182171 1.659321 331.864111
 15.199999 2.386820 2.629349 0.242529 3.993623 835.596529 2.393220 -0.608772 1000.000000 2.347458 6.760771 100.000000 6.151999 -400566.242866 1.601787 0.048021 9.604231 0.182222 1.660241 332.048231
 15.249999 2.350329 2.630955 0.280626 4.938378 2643.386763 2.393220 -0.608772 1000.000000 2.347458 6.760771 100.000000 6.151999 -400569.590215 1.560204 0.005609 1.121869 0.158379 1.254200 250.840074
 15.299999 2.332948 2.485032 0.152084 2.762686 3821.965302 2.393220 -0.608772 1000.000000 2.347458 6.760771 100.000000 6.151999 -400563.804219 1.699532 0.828647 165.729475 0.048848 0.119305 23.861057
 15.349999 2.351499 2.814278 0.462778 11.766371 3919.865245 2.393220 -0.608772 1000.000000 2.347458 6.760771 100.000000 6.151999 -400569.577083 1.513110 0.166383 33.276661 0.094168 0.443383 88.676585
 15.399999 2.361890 2.497589 0.135699 1.617770 1206.980761 2.393220 -0.608772 1000.000000 2.347458 6.760771 100.000000 6.151999 -400562.811059 1.732017 1.299602 259.920359 0.182829 1.671321 334.264263
 15.449999 2.305048 2.682368 0.377320 9.495443 8896.052696 2.393220 -0.608772 1000.000000 2.347458 6.760771 100.000000 6.151999 -400572.945106 1.537508 0.055404 11.080847 0.227515 2.588153 517.630564
 15.499999 2.372715 2.611315 0.238600 3.691269 1116.669853 2.393220 -0.608772 1000.000000 2.347458 6.760771 100.000000 6.151999 -400566.892252 1.547365 0.027452 5.490426 0.147248 1.084102 216.820463
 15.549999 2.364588 2.614215 0.249626 3.967866 1531.382831 2.393220 -0.608772 1000.000000 2.347458 6.760771 100.000000 6.151999 -400564.372944 1.672611 0.518315 103.663062 0.027182 0.036942 7.388494
 15.599999 2.409273 2.722899 0.313625 7.176646 1667.254166 2.393220 -0.608772 1000.000000 2.347458 6.760771 100.000000 6.151999 -400565.530431 1.417465 1.175522 235.104319 0.103166 0.532164 106.432835
 15.649999 2.375277 2.508423 0.133145 1.456463 581.045872 2.393220 -0.608772 1000.000000 2.347458 6.760771 100.000000 6.151999 -400565.378189 1.750443 1.613644 322.728802 0.186530 1.739665 347.932928
 15.699999 2.396996 2.503289 0.106293 1.221300 257.092745 2.393220 -0.608772 1000.000000 2.347458 6.760771 100.000000 6.151999 -400562.590507 1.457421 0.642703 128.540646 0.263691 3.476640 695.327989
 15.749999 2.373640 2.657320 0.283679 4.992412 1343.522415 2.393220 -0.608772 1000.000000 2.347458 6.760771 100.000000 6.151999 -400570.761554 1.662866 0.423837 84.767442 0.165253 1.365424 273.084872
 15.799999 2.383734 2.595465 0.211730 3.120370 705.059231 2.393220 -0.608772 1000.000000 2.347458 6.760771 100.000000 6.151999 -400563.955806 1.527672 0.092987 18.597372 0.104507 0.546085 109.217071
 15.849999 2.386623 2.742474 0.355851 7.823677 1603.907687 2.393220 -0.608772 1000.000000 2.347458 6.760771 100.000000 6.151999 -400569.499139 1.666768 0.460530 92.106009 0.057141 0.163254 32.650885
 15.899999 2.365492 2.433830 0.068338 0.757433 843.442679 2.393220 -0.608772 1000.000000 2.347458 6.760771 100.000000 6.151999 -400564.565090 1.510316 0.182892 36.578493 0.237657 2.824046 564.809103
 15.949999 2.335063 2.471962 0.136898 2.466176 3537.235535 2.393220 -0.608772 1000.000000 2.347458 6.760771 100.000000 6.151999 -400567.533373 1.633235 0.194929 38.985876 0.333595 5.564268 1112.853680
 15.999999 2.341711 2.488838 0.147126 2.326013 2853.079103 2.393220 -0.608772 1000.000000 2.347458 6.760771 100.000000 6.151999 -400566.692131 1.650321 0.316205 63.240989 0.184590 1.703668 340.733680
 16.049999 2.334517 2.817576 0.483059 12.773596 5656.157511 2.393220 -0.608772 1000.000000 2.347458 6.760771 100.000000 6.151999 -400574.955607 1.643174 0.261928 52.385630 0.047520 0.112908 22.581651
 16.099999 2.324817 2.513620 0.188804 3.720042 4955.175303 2.393220 -0.608772 1000.000000 2.347458 6.760771 100.000000 6.151999 -400566.070328 1.577333 0.002136 0.427231 0.077803 0.302669 60.533826
 16.149999 2.364183 2.764900 0.400717 9.134480 2585.732299 2.393220 -0.608772 1000.000000 2.347458 6.760771 100.000000 6.151999 -400569.172843 1.646998 0.290334 58.066892 0.232291 2.697946 539.589155
 16.199999 2.355546 2.402881 0.047335 0.863264 1450.065065 2.393220 -0.608772 1000.000000 2.347458 6.760771 100.000000 6.151999 -400563.774752 1.550446 0.020707 4.141464 0.214027 2.290375 458.075051
 16.249999 2.336440 2.709523 0.373084 8.166591 4534.930105 2.393220 -0.608772 1000.000000 2.347458 6.760771 100.000000 6.151999 -400573.348917 1.696873 0.794771 158.954288 0.149129 1.111974 222.394889
 16.299999 2.357550 2.566871 0.209321 3.043295 1753.797296 2.393220 -0.608772 1000.000000 2.347458 6.760771 100.000000 6.151999 -400561.937747 1.510585 0.181272 36.254447 0.057655 0.166203 33.240593
 16.349999 2.396893 2.667556 0.270663 5.129905 1038.123638 2.393220 -0.608772 1000.000000 2.347458 6.760771 100.000000 6.151999 -400568.400547 1.711950 0.996216 199.243105 0.113288 0.641713 128.342501
 16.399999 2.390054 2.545679 0.155625 1.969592 402.940539 2.393220 -0.608772 1000.000000 2.347458 6.760771 100.000000 6.151999 -400564.193152 1.424519 1.069850 213.969970 0.176404 1.555915 311.182943
 16.449999 2.348123 2.618335 0.270212 4.685621 2767.527585 2.393220 -0.608772 1000.000000 2.347458 6.760771 100.000000 6.151999 -400566.039163 1.729609 1.261075 252.214951 0.192541 1.853594 370.718814
 16.499999 2.410810 2.578281 0.167471 2.818666 842.182044 2.393220 -0.608772 1000.000000 2.347458 6.760771 100.000000 6.151999 -400564.699651 1.466410 0.544828 108.965652 0.110303 0.608337 121.667336
 16.549999 2.366060 2.636231 0.270171 4.538353 1571.604323 2.393220 -0.608772 1000.000000 2.347458 6.760771 100.000000 6.151999 -400563.738029 1.664265 0.436819 87.363723 0.037547 0.070491 14.098128
 16.599999 2.390104 2.570902 0.180798 2.501220 508.983083 2.393220 -0.608772 1000.000000 2.347458 6.760771 100.000000 6.151999 -400566.230118 1.549078 0.023584 4.716742 0.091310 0.416873 83.374625
 16.649999 2.355575 2.665379 0.309804 5.762295 2427.904438 2.393220 -0.608772 1000.000000 2.347458 6.760771 100.000000 6.151999 -400569.800429 1.631907 0.186726 37.345193 0.202317 2.046618 409.323643
 16.699999 2.379283 2.390944 0.011661 0.191682 213.171180 2.393220 -0.608772 1000.000000 2.347458 6.760771 100.000000 6.151999 -400562.820623 1.570492 0.000005 0.000926 0.185338 1.717510 343.502074
 16.749999 2.382609 2.702417 0.319808 6.356110 1372.553575 2.393220 -0.608772 1000.000000 2.347458 6.760771 100.000000 6.151999 -400570.186080 1.672782 0.520057 104.011433 0.208026 2.163736 432.747119
 16.799999 2.364758 2.528576 0.163818 2.045249 1138.137148 2.393220 -0.608772 1000.000000 2.347458 6.760771 100.000000 6.151999 -400563.302161 1.546988 0.028342 5.668497 0.031412 0.049335 9.866902
 16.849999 2.330296 2.801182 0.470886 12.273017 6018.146595 2.393220 -0.608772 1000.000000 2.347458 6.760771 100.000000 6.151999 -400572.602393 1.672205 0.514184 102.836863 0.107499 0.577802 115.560334
 16.899999 2.367223 2.496506 0.129283 1.448704 898.033437 2.393220 -0.608772 1000.000000 2.347458 6.760771 100.000000 6.151999 -400566.981568 1.570692 0.000001 0.000109 0.219101 2.400265 480.053061
 16.949999 2.393299 2.527181 0.133882 1.615032 323.011889 2.393220 -0.608772 1000.000000 2.347458 6.760771 100.000000 6.151999 -400568.072432 1.624907 0.146401 29.280152 0.311839 4.862185 972.437022
 16.999999 2.340879 2.468387 0.127508 2.100999 2885.845021 2.393220 -0.608772 1000.000000 2.347458 6.760771 100.000000 6.151999 -400565.164972 1.546455 0.029624 5.924812 0.112873 0.637019 127.403895
 17.049999 2.353009 2.786611 0.433603 10.451284 3545.520047 2.393220 -0.608772 1000.000000 2.347458 6.760771 100.000000 6.151999 -400571.669663 1.634953 0.205803 41.160660 0.045737 0.104595 20.918985
 17.099999 2.328564 2.532268 0.203704 3.797944 4521.947825 2.393220 -0.608772 1000.000000 2.347458 6.760771 100.000000 6.151999 -400567.172708 1.589581 0.017644 3.528797 0.090652 0.410888 82.177577
 17.149999 2.358610 2.647081 0.288472 5.087667 2095.650000 2.393220 -0.608772 1000.000000 2.347458 6.760771 100.000000 6.151999 -400569.479784 1.659439 0.392873 78.574687 0.196874 1.937978 387.595603
 17.199999 2.423624 2.321719 -0.101905 0.495314 931.007091 2.393220 -0.608772 1000.000000 2.347458 6.760771 100.000000 6.151999 -400562.768902 1.425008 1.062707 212.541426 0.201337 2.026823 405.364684
 17.249999 2.359199 2.541757 0.182557 2.466316 1534.945362 2.393220 -0.608772 1000.000000 2.347458 6.760771 100.000000 6.151999 -400566.119605 1.719177 1.100839 220.167813 0.163133 1.330615 266.123023
 17.299999 2.347812 2.689015 0.341203 6.864017 3228.499900 2.393220 -0.608772 1000.000000 2.347458 6.760771 100.000000 6.151999 -400568.246164 1.517173 0.143773 28.754688 0.081886 0.335269 67.053798
 17.349999 2.413399 2.595871 0.182472 3.289066 1024.283945 2.393220 -0.608772 1000.000000 2.347458 6.760771 100.000000 6.151999 -400566.489513 1.673587 0.528300 105.659955 0.113498 0.644089 128.817767
 17.399999 2.384763 2.623720 0.238956 3.851798 834.726460 2.393220 -0.608772 1000.000000 2.347458 6.760771 100.000000 6.151999 -400568.839667 1.552254 0.017190 3.438033 0.145337 1.056148 211.229585
 17.449999 2.327766 2.626236 0.298470 6.028004 5061.439105 2.393220 -0.608772 1000.000000 2.347458 6.760771 100.000000 6.151999 -400571.479993 1.614017 0.093402 18.680467 0.225526 2.543104 508.620825
 17.499999 2.357810 2.498283 0.140472 1.764342 1481.342875 2.393220 -0.608772 1000.000000 2.347458 6.760771 100.000000 6.151999 -400567.014719 1.647739 0.296007 59.201384 0.151383 1.145834 229.166760
 17.549999 2.358793 2.687296 0.328503 6.367110 2340.113797 2.393220 -0.608772 1000.000000 2.347458 6.760771 100.000000 6.151999 -400570.370619 1.554133 0.013884 2.776762 0.072153 0.260303 52.060658
 17.599999 2.313223 2.598577 0.285354 6.352861 7030.243572 2.393220 -0.608772 1000.000000 2.347458 6.760771 100.000000 6.151999 -400568.040309 1.619159 0.116949 23.389705 0.058708 0.172333 34.466617
 17.649999 2.363503 2.628877 0.265374 4.401398 1675.082831 2.393220 -0.608772 1000.000000 2.347458 6.760771 100.000000 6.151999 -400570.513375 1.614659 0.096198 19.239686 0.179326 1.607886 321.577188
 17.699999 2.347107 2.560860 0.213752 3.340219 2581.799344 2.393220 -0.608772 1000.000000 2.347458 6.760771 100.000000 6.151999 -400567.025880 1.611161 0.081464 16.292886 0.183759 1.688372 337.674486
 17.749999 2.336646 2.486263 0.149617 2.563679 3393.326953 2.393220 -0.608772 1000.000000 2.347458 6.760771 100.000000 6.151999 -400563.821320 1.607091 0.065864 13.172850 0.144799 1.048332 209.666369
 17.799999 2.395582 2.712380 0.316798 6.661194 1337.258454 2.393220 -0.608772 1000.000000 2.347458 6.760771 100.000000 6.151999 -400570.744091 1.578661 0.003093 0.618550 0.117936 0.695451 139.090101
 17.849999 2.386240 2.562963 0.176723 2.346487 513.149940 2.393220 -0.608772 1000.000000 2.347458 6.760771 100.000000 6.151999 -400565.451804 1.670229 0.494338 98.867588 0.181009 1.638219 327.643857
 17.899999 2.346308 2.702951 0.356643 7.419156 3464.531760 2.393220 -0.608772 1000.000000 2.347458 6.760771 100.000000 6.151999 -400571.240678 1.537823 0.054363 10.872619 0.157570 1.241413 248.282663
 17.949999 2.360123 2.519721 0.159598 2.031448 1392.190363 2.393220 -0.608772 1000.000000 2.347458 6.760771 100.000000 6.151999 -400566.893894 1.616195 0.103054 20.610789 0.186926 1.747064 349.412748
 17.999999 2.348126 2.600362 0.252236 4.214771 2673.083974 2.393220 -0.608772 1000.000000 2.347458 6.760771 100.000000 6.151999 -400567.175930 1.679036 0.585790 117.157922 0.100905 0.509094 101.818704
 18.049999 2.371136 2.703136 0.332001 6.569229 1752.801399 2.393220 -0.608772 1000.000000 2.347458 6.760771 100.000000 6.151999 -400569.058293 1.455442 0.665329 133.065701 0.108755 0.591382 118.276492
 18.099999 2.390283 2.556189 0.165906 2.182756 444.313878 2.393220 -0.608772 1000.000000 2.347458 6.760771 100.000000 6.151999 -400563.506153 1.746893 1.550501 310.100295 0.150006 1.125095 225.019049
 18.149999 2.358400 2.588561 0.230161 3.512772 1793.774373 2.393220 -0.608772 1000.000000 2.347458 6.760771 100.000000 6.151999 -400567.400125 1.444429 0.798431 159.686102 0.191119 1.826319 365.263718
 18.199999 2.343285 2.659321 0.316036 6.109693 3466.123502 2.393220 -0.608772 1000.000000 2.347458 6.760771 100.000000 6.151999 -400569.936107 1.731664 1.293919 258.783889 0.171899 1.477462 295.492361
 18.249999 2.372776 2.483070 0.110294 1.128523 601.885571 2.393220 -0.608772 1000.000000 2.347458 6.760771 100.000000 6.151999 -400563.884356 1.580243 0.004462 0.892433 0.089266 0.398417 79.683372
 18.299999 2.363029 2.772609 0.409580 9.493460 2719.062143 2.393220 -0.608772 1000.000000 2.347458 6.760771 100.000000 6.151999 -400571.410051 1.585965 0.011504 2.300831 0.138794 0.963190 192.638015
 18.349999 2.380559 2.449670 0.069111 0.602522 264.787006 2.393220 -0.608772 1000.000000 2.347458 6.760771 100.000000 6.151999 -400561.317978 1.623974 0.141391 28.278220 0.161432 1.303012 260.602415
 18.399999 2.362404 2.796981 0.434577 10.578402 2970.385728 2.393220 -0.608772 1000.000000 2.347458 6.760771 100.000000 6.151999 -400572.431814 1.550526 0.020544 4.108766 0.190021 1.805400 361.080074
 18.449999 2.389033 2.440720 0.051688 0.443666 104.515181 2.393220 -0.608772 1000.000000 2.347458 6.760771 100.000000 6.151999 -400562.356682 1.654452 0.349913 69.982519 0.190698 1.818282 363.656453
 18.499999 2.344940 2.570201 0.225261 3.646230 2827.152033 2.393220 -0.608772 1000.000000 2.347458 6.760771 100.000000 6.151999 -400565.165878 1.542639 0.039642 7.928480 0.174775 1.527321 305.464211
 18.549999 2.379972 2.732638 0.352666 7.505966 1659.167173 2.393220 -0.608772 1000.000000 2.347458 6.760771 100.000000 6.151999 -400570.775883 1.581921 0.006187 1.237490 0.136336 0.929379 185.875771
 18.599999 2.341107 2.512240 0.171133 2.715558 2987.315007 2.393220 -0.608772 1000.000000 2.347458 6.760771 100.000000 6.151999 -400565.947024 1.645623 0.279955 55.990964 0.079181 0.313484 62.696803
 18.649999 2.357013 2.696423 0.339410 6.744319 2528.709560 2.393220 -0.608772 1000.000000 2.347458 6.760771 100.000000 6.151999 -400569.296935 1.588406 0.015506 3.101111 0.186702 1.742884 348.576859
 18.699998 2.343827 2.562834 0.219007 3.539199 2903.567633 2.393220 -0.608772 1000.000000 2.347458 6.760771 100.000000 6.151999 -400565.719531 1.599874 0.042276 8.455295 0.127039 0.806948 161.389568
 18.749998 2.325874 2.722555 0.396680 9.302631 5942.454130 2.393220 -0.608772 1000.000000 2.347458 6.760771 100.000000 6.151999 -400570.043953 1.653258 0.339994 67.998751 0.139082 0.967190 193.438071
 18.799998 2.334387 2.632352 0.297965 5.788915 4272.981456 2.393220 -0.608772 1000.000000 2.347458 6.760771 100.000000 6.151999 -400569.383395 1.601332 0.046621 9.324292 0.131618 0.866161 173.232189
 18.849998 2.344458 2.528435 0.183977 2.826525 2705.300835 2.393220 -0.608772 1000.000000 2.347458 6.760771 100.000000 6.151999 -400565.412398 1.641844 0.252392 50.478427 0.218194 2.380432 476.086362
 18.899998 2.313540 2.700551 0.387011 9.408229 7595.737174 2.393220 -0.608772 1000.000000 2.347458 6.760771 100.000000 6.151999 -400572.088245 1.587014 0.013151 2.630171 0.184323 1.698745 339.749062
 18.949998 2.376469 2.635831 0.259362 4.298261 1112.186559 2.393220 -0.608772 1000.000000 2.347458 6.760771 100.000000 6.151999 -400569.255491 1.621775 0.129942 25.988368 0.110986 0.615894 123.178851
 18.999998 2.387247 2.632612 0.245365 4.083493 848.811397 2.393220 -0.608772 1000.000000 2.347458 6.760771 100.000000 6.151999 -400567.699687 1.543176 0.038145 7.628997 0.157852 1.245856 249.171193
 19.049998 2.340025 2.615437 0.275412 5.005516 3547.885538 2.393220 -0.608772 1000.000000 2.347458 6.760771 100.000000 6.151999 -400566.357088 1.668872 0.480938 96.187550 0.136557 0.932393 186.478673
 19.099998 2.392641 2.606213 0.213572 3.347891 669.879810 2.393220 -0.608772 1000.000000 2.347458 6.760771 100.000000 6.151999 -400568.699618 1.579685 0.003950 0.790063 0.195513 1.911265 382.253043
 19.149998 2.367122 2.693742 0.326620 6.336202 1880.271504 2.393220 -0.608772 1000.000000 2.347458 6.760771 100.000000 6.151999 -400569.854119 1.467905 0.529327 105.865318 0.147065 1.081410 216.281980
 19.199998 2.372465 2.496894 0.124429 1.331954 654.093197 2.393220 -0.608772 1000.000000 2.347458 6.760771 100.000000 6.151999 -400564.908584 1.703937 0.886319 177.263854 0.135631 0.919791 183.958276
 19.249998 2.346692 2.618881 0.272189 4.765981 2901.625459 2.393220 -0.608772 1000.000000 2.347458 6.760771 100.000000 6.151999 -400569.071796 1.432128 0.961441 192.288144 0.141677 1.003622 200.724399
 19.299998 2.385503 2.647761 0.262258 4.538885 961.375514 2.393220 -0.608772 1000.000000 2.347458 6.760771 100.000000 6.151999 -400571.523274 1.643259 0.262542 52.508332 0.148397 1.101086 220.217297
 19.349998 2.368266 2.502441 0.134175 1.512346 862.903809 2.393220 -0.608772 1000.000000 2.347458 6.760771 100.000000 6.151999 -400566.987291 1.557144 0.009320 1.863908 0.166079 1.379105 275.820976
 19.399998 2.373687 2.734689 0.361002 7.688201 1881.036285 2.393220 -0.608772 1000.000000 2.347458 6.760771 100.000000 6.151999 -400571.352364 1.618069 0.111735 22.347010 0.166864 1.392179 278.435801
 19.449998 2.364148 2.457145 0.092997 1.024174 965.532043 2.393220 -0.608772 1000.000000 2.347458 6.760771 100.000000 6.151999 -400562.569042 1.617795 0.110444 22.088818 0.107375 0.576466 115.293156
 19.499998 2.403138 2.781119 0.377980 9.452286 1978.990106 2.393220 -0.608772 1000.000000 2.347458 6.760771 100.000000 6.151999 -400571.902742 1.594776 0.028752 5.750307 0.125164 0.783301 156.660192
 19.549998 2.362184 2.450873 0.088689 1.016352 1070.172334 2.393220 -0.608772 1000.000000 2.347458 6.760771 100.000000 6.151999 -400564.392063 1.626349 0.154305 30.860908 0.103429 0.534875 106.975055
 19.599998 2.338526 2.656337 0.317810 6.266036 3945.515884 2.393220 -0.608772 1000.000000 2.347458 6.760771 100.000000 6.151999 -400569.942709 1.698981 0.821569 164.313856 0.214087 2.291661 458.332282
 19.649998 2.350784 2.655920 0.305136 5.657869 2752.327956 2.393220 -0.608772 1000.000000 2.347458 6.760771 100.000000 6.151999 -400567.237110 1.401737 1.429059 285.811841 0.203013 2.060710 412.142088
 19.699998 2.373549 2.627189 0.253640 4.105964 1169.471572 2.393220 -0.608772 1000.000000 2.347458 6.760771 100.000000 6.151999 -400568.247771 1.794157 2.494496 498.899172 0.134691 0.907079 181.415838
 19.749998 2.352636 2.678931 0.326295 6.317264 2745.804763 2.393220 -0.608772 1000.000000 2.347458 6.760771 100.000000 6.151999 -400568.485953 1.381433 1.792929 358.585700 0.086023 0.369997 73.999477
 19.799998 2.383579 2.641379 0.257800 4.365961 956.860264 2.393220 -0.608772 1000.000000 2.347458 6.760771 100.000000 6.151999 -400570.383339 1.738526 1.406670 281.333935 0.153337 1.175612 235.122313
 19.849998 2.355732 2.320169 -0.035563 0.739927 1412.832928 2.393220 -0.608772 1000.000000 2.347458 6.760771 100.000000 6.151999 -400564.787626 1.446939 0.767032 153.406335 0.200315 2.006311 401.262106
 19.899998 2.365373 2.671922 0.306548 5.651577 1828.233620 2.393220 -0.608772 1000.000000 2.347458 6.760771 100.000000 6.151999 -400573.915717 1.653077 0.338507 67.701499 0.248257 3.081584 616.316759
 19.949998 2.317592 2.570816 0.253225 5.354298 6218.571424 2.393220 -0.608772 1000.000000 2.347458 6.760771 100.000000 6.151999 -400569.643589 1.601032 0.045710 9.141940 0.092877 0.431311 86.262128
 19.999998 2.371507 2.786312 0.414805 9.865398 2397.399024 2.393220 -0.608772 1000.000000 2.347458 6.760771 100.000000 6.151999 -400573.235631 1.693733 0.755672 151.134428 0.036611 0.067020 13.403914
 20.049998 2.341718 2.450724 0.109007 1.859456 2759.148349 2.393220 -0.608772 1000.000000 2.347458 6.760771 100.000000 6.151999 -400564.795774 1.534393 0.066262 13.252334 0.144250 1.040400 208.080077
 20.099998 2.322948 2.463938 0.140990 3.147470 5073.856696 2.393220 -0.608772 1000.000000 2.347458 6.760771 100.000000 6.151999 -400569.586801 1.662307 0.418709 83.741797 0.278920 3.889825 777.964909
 20.149998 2.349262 2.633060 0.283798 5.044605 2748.011983 2.393220 -0.608772 1000.000000 2.347458 6.760771 100.000000 6.151999 -400572.804998 1.520671 0.125626 25.125250 0.204841 2.097986 419.597215
 20.199998 2.406470 2.707281 0.300811 6.561413 1470.274925 2.393220 -0.608772 1000.000000 2.347458 6.760771 100.000000 6.151999 -400571.420387 1.674793 0.540761 108.152228 0.081917 0.335520 67.103981
 20.249998 2.365988 2.555303 0.189316 2.530800 1173.617150 2.393220 -0.608772 1000.000000 2.347458 6.760771 100.000000 6.151999 -400567.848608 1.512594 0.169378 33.875561 0.047451 0.112579 22.515714
 20.299998 2.388873 2.678043 0.289170 5.473796 1111.767086 2.393220 -0.608772 1000.000000 2.347458 6.760771 100.000000 6.151999 -400572.628336 1.666710 0.459972 91.994373 0.185349 1.717710 343.541943
 20.349998 2.367009 2.367305 0.000295 0.363199 690.947621 2.393220 -0.608772 1000.000000 2.347458 6.760771 100.000000 6.151999 -400565.306921 1.509878 0.185549 37.109864 0.192818 1.858933 371.786628
 20.399998 2.391632 2.788394 0.396762 9.722523 1946.775392 2.393220 -0.608772 1000.000000 2.347458 6.760771 100.000000 6.151999 -400572.887507 1.669585 0.487961 97.592222 0.183413 1.682021 336.404222
 20.449998 2.331777 2.474852 0.143075 2.699093 3937.545629 2.393220 -0.608772 1000.000000 2.347458 6.760771 100.000000 6.151999 -400564.644683 1.547704 0.026663 5.332572 0.031752 0.050411 10.082127
 20.499998 2.362037 2.802005 0.439969 10.816884 3038.564646 2.393220 -0.608772 1000.000000 2.347458 6.760771 100.000000 6.151999 -400573.462756 1.656513 0.367366 73.473184 0.035399 0.062656 12.531141
 20.549998 2.331232 2.539365 0.208134 3.762723 4210.877293 2.393220 -0.608772 1000.000000 2.347458 6.760771 100.000000 6.151999 -400569.360088 1.558982 0.006979 1.395803 0.184013 1.693047 338.609301
 20.599998 2.354905 2.534342 0.179437 2.480317 1817.302555 2.393220 -0.608772 1000.000000 2.347458 6.760771 100.000000 6.151999 -400569.011689 1.699889 0.833241 166.648215 0.315116 4.964897 992.979345
 20.649998 2.364230 2.547960 0.183730 2.430277 1242.429421 2.393220 -0.608772 1000.000000 2.347458 6.760771 100.000000 6.151999 -400563.523299 1.499769 0.252245 50.449009 0.189189 1.789615 357.922939
 20.699998 2.380846 2.726299 0.345452 7.252581 1588.319771 2.393220 -0.608772 1000.000000 2.347458 6.760771 100.000000 6.151999 -400566.675053 1.704956 0.899935 179.987067 0.019638 0.019282 3.856390
 20.749998 2.357932 2.654399 0.296467 5.333287 2187.380191 2.393220 -0.608772 1000.000000 2.347458 6.760771 100.000000 6.151999 -400567.879325 1.557540 0.008787 1.757349 0.104916 0.550368 110.073511
 20.799998 2.375712 2.605873 0.230161 3.492192 974.325442 2.393220 -0.608772 1000.000000 2.347458 6.760771 100.000000 6.151999 -400568.161064 1.670260 0.494648 98.929622 0.238219 2.837415 567.483038
 20.849998 2.347063 2.382650 0.035586 1.127155 2142.846817 2.393220 -0.608772 1000.000000 2.347458 6.760771 100.000000 6.151999 -400567.258122 1.551733 0.018170 3.633996 0.328883 5.408201 1081.640138
 20.899998 2.376798 2.553861 0.177063 2.264956 695.714493 2.393220 -0.608772 1000.000000 2.347458 6.760771 100.000000 6.151999 -400564.392257 1.689405 0.703398 140.679651 0.190106 1.807009 361.401898
 20.949998 2.375312 2.759014 0.383702 8.629282 2014.492909 2.393220 -0.608772 1000.000000 2.347458 6.760771 100.000000 6.151999 -400570.070645 1.486074 0.358897 71.779374 0.038569 0.074380 14.876031
 20.999998 2.327619 2.597837 0.270218 5.286259 4930.424877 2.393220 -0.608772 1000.000000 2.347458 6.760771 100.000000 6.151999 -400565.471489 1.734534 1.340494 268.098794 0.057413 0.164810 32.962011
 21.049998 2.344268 2.727466 0.383197 8.418454 3840.364926 2.393220 -0.608772 1000.000000 2.347458 6.760771 100.000000 6.151999 -400571.173516 1.485441 0.364273 72.854565 0.257683 3.320038 664.007515
 21.099998 2.328061 2.603086 0.275025 5.390191 4899.259095 2.393220 -0.608772 1000.000000 2.347458 6.760771 100.000000 6.151999 -400570.387137 1.543190 0.038105 7.621055 0.331733 5.502336 1100.467200
 21.149998 2.339580 2.498462 0.158881 2.578729 3105.260349 2.393220 -0.608772 1000.000000 2.347458 6.760771 100.000000 6.151999 -400564.920164 1.645234 0.277051 55.410261 0.235702 2.777763 555.552626
 21.199998 2.336842 2.769886 0.433043 10.511515 4962.935676 2.393220 -0.608772 1000.000000 2.347458 6.760771 100.000000 6.151999 -400574.236201 1.590735 0.019878 3.975510 0.097248 0.472859 94.571724
 21.249998 2.351780 2.589601 0.237821 3.790324 2303.647131 2.393220 -0.608772 1000.000000 2.347458 6.760771 100.000000 6.151999 -400565.251852 1.631224 0.182576 36.515223 0.110531 0.610856 122.171251
 21.299998 2.374899 2.729708 0.354808 7.473579 1796.804122 2.393220 -0.608772 1000.000000 2.347458 6.760771 100.000000 6.151999 -400572.337147 1.609899 0.076453 15.290574 0.151253 1.143877 228.775368
 21.349998 2.393237 2.433950 0.040713 0.374046 74.809462 2.393220 -0.608772 1000.000000 2.347458 6.760771 100.000000 6.151999 -400568.019653 1.547295 0.027614 5.522889 0.212879 2.265871 453.174208
 21.399998 2.365759 2.453028 0.087269 0.934316 865.565704 2.393220 -0.608772 1000.000000 2.347458 6.760771 100.000000 6.151999 -400565.450287 1.657324 0.374355 74.871021 0.197123 1.942870 388.574014
 21.449998 2.402617 2.677394 0.274777 5.487029 1176.864806 2.393220 -0.608772 1000.000000 2.347458 6.760771 100.000000 6.151999 -400569.386295 1.537067 0.056885 11.376955 0.153567 1.179144 235.828705
 21.499998 2.377806 2.594645 0.216839 3.173889 848.612299 2.393220 -0.608772 1000.000000 2.347458 6.760771 100.000000 6.151999 -400565.697630 1.683970 0.640412 128.082419 0.058471 0.170945 34.189027
 21.549998 2.371421 2.684535 0.313114 5.918667 1611.404325 2.393220 -0.608772 1000.000000 2.347458 6.760771 100.000000 6.151999 -400570.179479 1.522568 0.116297 23.259463 0.082086 0.336904 67.380840
 21.599998 2.357614 2.588921 0.231307 3.549125 1850.846482 2.393220 -0.608772 1000.000000 2.347458 6.760771 100.000000 6.151999 -400570.280444 1.661708 0.413245 82.649050 0.219070 2.399594 479.918716
 21.649998 2.355875 2.388245 0.032370 0.780522 1411.322546 2.393220 -0.608772 1000.000000 2.347458 6.760771 100.000000 6.151999 -400566.367995 1.571883 0.000059 0.011801 0.262856 3.454670 690.934073
 21.699998 2.325249 2.709300 0.384051 8.856540 5929.416327 2.393220 -0.608772 1000.000000 2.347458 6.760771 100.000000 6.151999 -400574.530233 1.692450 0.739977 147.995466 0.169642 1.438924 287.784710
 21.749998 2.303410 2.633597 0.330187 8.126744 8884.670354 2.393220 -0.608772 1000.000000 2.347458 6.760771 100.000000 6.151999 -400568.373567 1.564872 0.001755 0.351034 0.059016 0.174145 34.829045
 21.799998 2.349113 2.742791 0.393679 8.787180 3508.380977 2.393220 -0.608772 1000.000000 2.347458 6.760771 100.000000 6.151999 -400572.937302 1.721715 1.138824 227.764793 0.093769 0.439627 87.925441
 21.849998 2.354851 2.512215 0.157363 2.093336 1743.634871 2.393220 -0.608772 1000.000000 2.347458 6.760771 100.000000 6.151999 -400567.035410 1.522195 0.118102 23.620407 0.183104 1.676350 335.269932
 21.899998 2.311098 2.621781 0.310682 7.134664 7496.547634 2.393220 -0.608772 1000.000000 2.347458 6.760771 100.000000 6.151999 -400572.712380 1.721756 1.139441 227.888262 0.241524 2.916689 583.337703
 21.949998 2.351328 2.614051 0.262722 4.431066 2465.656409 2.393220 -0.608772 1000.000000 2.347458 6.760771 100.000000 6.151999 -400569.479119 1.500371 0.247987 49.597314 0.116704 0.680991 136.198285
 21.999998 2.395105 2.654941 0.259835 4.729063 949.010246 2.393220 -0.608772 1000.000000 2.347458 6.760771 100.000000 6.151999 -400565.503292 1.687189 0.677363 135.472515 0.013783 0.009498 1.899628
 22.049998 2.367487 2.544101 0.176614 2.264537 1048.883266 2.393220 -0.608772 1000.000000 2.347458 6.760771 100.000000 6.151999 -400565.309977 1.547983 0.026023 5.204608 0.061554 0.189447 37.889342
 22.099998 2.356341 2.684891 0.328550 6.373113 2498.703440 2.393220 -0.608772 1000.000000 2.347458 6.760771 100.000000 6.151999 -400570.632361 1.670619 0.498224 99.644719 0.217099 2.356588 471.317675
 22.149998 2.386376 2.467617 0.081241 0.745339 191.230978 2.393220 -0.608772 1000.000000 2.347458 6.760771 100.000000 6.151999 -400565.569601 1.543880 0.036224 7.244759 0.178691 1.596521 319.304185
 22.199998 2.376415 2.738918 0.362503 7.803261 1814.822104 2.393220 -0.608772 1000.000000 2.347458 6.760771 100.000000 6.151999 -400569.811588 1.643122 0.261547 52.309410 0.115583 0.667966 133.593227
 22.249998 2.369040 2.500691 0.131651 1.466363 819.490685 2.393220 -0.608772 1000.000000 2.347458 6.760771 100.000000 6.151999 -400563.324239 1.574013 0.000517 0.103478 0.114107 0.651022 130.204424
 22.299998 2.379809 2.677730 0.297921 5.543923 1270.667212 2.393220 -0.608772 1000.000000 2.347458 6.760771 100.000000 6.151999 -400569.052610 1.618888 0.115639 23.127776 0.156853 1.230142 246.028408
 22.349998 2.382632 2.520850 0.138218 1.559304 412.771404 2.393220 -0.608772 1000.000000 2.347458 6.760771 100.000000 6.151999 -400563.193644 1.590639 0.019688 3.937515 0.151577 1.148787 229.757324
 22.399998 2.364223 2.721649 0.357426 7.421370 2241.035636 2.393220 -0.608772 1000.000000 2.347458 6.760771 100.000000 6.151999 -400569.369945 1.640490 0.242859 48.571823 0.144631 1.045913 209.182558
 22.449998 2.362715 2.533788 0.171074 2.201259 1277.795819 2.393220 -0.608772 1000.000000 2.347458 6.760771 100.000000 6.151999 -400567.742645 1.567604 0.000509 0.101887 0.124356 0.773224 154.644831
 22.499998 2.384941 2.572090 0.187148 2.557245 573.135321 2.393220 -0.608772 1000.000000 2.347458 6.760771 100.000000 6.151999 -400565.402509 1.665060 0.444284 88.856839 0.116602 0.679806 135.961230
 22.549998 2.368605 2.622766 0.254162 4.092710 1363.879947 2.393220 -0.608772 1000.000000 2.347458 6.760771 100.000000 6.151999 -400567.271568 1.601170 0.046127 9.225445 0.114039 0.650239 130.047819
 22.599998 2.370222 2.566798 0.196576 2.669967 1010.026974 2.393220 -0.608772 1000.000000 2.347458 6.760771 100.000000 6.151999 -400563.595601 1.550706 0.020181 4.036105 0.110019 0.605205 121.040982
 22.649998 2.354748 2.675057 0.320309 6.106123 2553.300269 2.393220 -0.608772 1000.000000 2.347458 6.760771 100.000000 6.151999 -400570.600124 1.643354 0.263232 52.646444 0.117065 0.685212 137.042413
 22.699998 2.369535 2.541691 0.172156 2.166821 938.256426 2.393220 -0.608772 1000.000000 2.347458 6.760771 100.000000 6.151999 -400564.473011 1.625683 0.150626 30.125168 0.094321 0.444825 88.965056
 22.749998 2.378919 2.682913 0.303993 5.728763 1329.823660 2.393220 -0.608772 1000.000000 2.347458 6.760771 100.000000 6.151999 -400571.253941 1.606315 0.063078 12.615643 0.115781 0.670266 134.053229
 22.799998 2.323493 2.532119 0.208626 4.135933 5202.869471 2.393220 -0.608772 1000.000000 2.347458 6.760771 100.000000 6.151999 -400565.483027 1.597748 0.036321 7.264166 0.119082 0.709027 141.805302
 22.849998 2.346029 2.633264 0.287235 5.197777 3043.869539 2.393220 -0.608772 1000.000000 2.347458 6.760771 100.000000 6.151999 -400570.285222 1.714629 1.034396 206.879153 0.180948 1.637101 327.420122
 22.899998 2.385661 2.632663 0.247002 4.095684 870.561825 2.393220 -0.608772 1000.000000 2.347458 6.760771 100.000000 6.151999 -400567.799250 1.507789 0.198493 39.698607 0.157255 1.236449 247.289872
 22.949998 2.355188 2.607637 0.252449 4.107890 2123.375270 2.393220 -0.608772 1000.000000 2.347458 6.760771 100.000000 6.151999 -400567.116458 1.687468 0.680617 136.123442 0.154529 1.193957 238.791419
 22.999998 2.347398 2.673669 0.326271 6.370540 3163.825314 2.393220 -0.608772 1000.000000 2.347458 6.760771 100.000000 6.151999 -400567.829500 1.551505 0.018608 3.721518 0.141244 0.997498 199.499520
 23.049998 2.376030 2.561175 0.185145 2.431519 752.261985 2.393220 -0.608772 1000.000000 2.347458 6.760771 100.000000 6.151999 -400568.899919 1.667915 0.471605 94.321015 0.166271 1.382309 276.461705
 23.099998 2.392914 2.544331 0.151417 1.937996 387.683732 2.393220 -0.608772 1000.000000 2.347458 6.760771 100.000000 6.151999 -400565.406568 1.560525 0.005275 1.054945 0.170682 1.456619 291.323869
 23.149998 2.357051 2.670880 0.313829 5.884211 2354.216546 2.393220 -0.608772 1000.000000 2.347458 6.760771 100.000000 6.151999 -400571.825682 1.570780 0.000000 0.000003 0.139288 0.970051 194.010227
 23.199998 2.368472 2.548735 0.180263 2.331876 1017.606806 2.393220 -0.608772 1000.000000 2.347458 6.760771 100.000000 6.151999 -400567.927183 1.674244 0.535073 107.014572 0.128943 0.831319 166.263891
 23.249998 2.363807 2.629657 0.265850 4.414388 1661.493523 2.393220 -0.608772 1000.000000 2.347458 6.760771 100.000000 6.151999 -400570.498074 1.568312 0.000309 0.061723 0.130439 0.850723 170.144568
 23.299998 2.364391 2.645543 0.281152 4.858308 1719.682512 2.393220 -0.608772 1000.000000 2.347458 6.760771 100.000000 6.151999 -400570.246008 1.633467 0.196379 39.275823 0.135661 0.920202 184.040304
 23.349998 2.348693 2.601446 0.252752 4.216828 2627.756709 2.393220 -0.608772 1000.000000 2.347458 6.760771 100.000000 6.151999 -400568.740159 1.592029 0.022542 4.508465 0.097672 0.476993 95.398642
 23.399998 2.330384 2.632514 0.302130 6.037037 4760.933349 2.393220 -0.608772 1000.000000 2.347458 6.760771 100.000000 6.151999 -400570.034730 1.652846 0.336604 67.320818 0.152747 1.166587 233.317345
 23.449998 2.354549 2.539496 0.184947 2.591682 1864.273061 2.393220 -0.608772 1000.000000 2.347458 6.760771 100.000000 6.151999 -400567.503220 1.607423 0.067074 13.414780 0.113359 0.642519 128.503736
 23.499998 2.388057 2.765435 0.377378 8.748582 1773.712801 2.393220 -0.608772 1000.000000 2.347458 6.760771 100.000000 6.151999 -400569.769542 1.617427 0.108723 21.744534 0.188626 1.778982 355.796372
 23.549998 2.363039 2.481947 0.118908 1.359826 1091.795651 2.393220 -0.608772 1000.000000 2.347458 6.760771 100.000000 6.151999 -400567.258661 1.558694 0.007323 1.464697 0.130447 0.850818 170.163640
 23.599998 2.343132 2.520289 0.177157 2.747956 2807.545834 2.393220 -0.608772 1000.000000 2.347458 6.760771 100.000000 6.151999 -400567.419199 1.602539 0.050379 10.075805 0.141096 0.995402 199.080494
 23.649998 2.417198 2.512218 0.095021 1.644761 846.374334 2.393220 -0.608772 1000.000000 2.347458 6.760771 100.000000 6.151999 -400565.051033 1.536341 0.059359 11.871701 0.163869 1.342655 268.530967
 23.699998 2.375720 2.470977 0.095257 0.915987 458.842327 2.393220 -0.608772 1000.000000 2.347458 6.760771 100.000000 6.151999 -400568.860404 1.621833 0.130236 26.047250 0.191401 1.831721 366.344134
 23.749998 2.334919 2.620756 0.285837 5.434109 4145.922144 2.393220 -0.608772 1000.000000 2.347458 6.760771 100.000000 6.151999 -400571.554694 1.563046 0.003003 0.600699 0.153327 1.175456 235.091220
 23.799998 2.344629 2.478610 0.133981 2.040607 2533.133513 2.393220 -0.608772 1000.000000 2.347458 6.760771 100.000000 6.151999 -400565.181025 1.635477 0.209180 41.835979 0.076837 0.295197 59.039300
 23.849998 2.356404 2.548544 0.192140 2.699493 1759.767097 2.393220 -0.608772 1000.000000 2.347458 6.760771 100.000000 6.151999 -400570.601822 1.499978 0.250759 50.151726 0.091903 0.422311 84.462266
 23.899998 2.414882 2.519569 0.104687 1.715722 765.446887 2.393220 -0.608772 1000.000000 2.347458 6.760771 100.000000 6.151999 -400569.159754 1.518997 0.134161 26.832136 0.100714 0.507166 101.433229
 23.949998 2.374520 2.470074 0.095554 0.926595 500.057360 2.393220 -0.608772 1000.000000 2.347458 6.760771 100.000000 6.151999 -400565.289786 1.584075 0.008816 1.763279 0.097193 0.472320 94.464054
 23.999998 2.415293 2.545344 0.130051 2.201568 878.810935 2.393220 -0.608772 1000.000000 2.347458 6.760771 100.000000 6.151999 -400565.811273 1.442858 0.818413 163.682587 0.131749 0.867884 173.576748
 24.049998 2.394160 2.487532 0.093372 0.981488 197.092073 2.393220 -0.608772 1000.000000 2.347458 6.760771 100.000000 6.151999 -400565.282765 1.553274 0.015352 3.070321 0.082077 0.336830 67.365934
 24.099998 2.361249 2.527382 0.166133 2.129730 1345.921519 2.393220 -0.608772 1000.000000 2.347458 6.760771 100.000000 6.151999 -400568.677623 1.571438 0.000021 0.004111 0.062866 0.197608 39.521632
 24.149998 2.328099 2.587779 0.259680 5.008133 4818.379445 2.393220 -0.608772 1000.000000 2.347458 6.760771 100.000000 6.151999 -400569.436665 1.526258 0.099183 19.836597 0.108463 0.588215 117.642947
 24.199998 2.337627 2.503355 0.165728 2.760488 3333.619950 2.393220 -0.608772 1000.000000 2.347458 6.760771 100.000000 6.151999 -400567.793928 1.668115 0.473542 94.708363 0.126482 0.799885 159.977022
 24.249998 2.353587 2.557176 0.203589 2.984509 2010.654309 2.393220 -0.608772 1000.000000 2.347458 6.760771 100.000000 6.151999 -400569.411597 1.499625 0.253268 50.653626 0.202298 2.046225 409.245039
 24.299998 2.372425 2.514236 0.141811 1.606970 710.582896 2.393220 -0.608772 1000.000000 2.347458 6.760771 100.000000 6.151999 -400563.645658 1.671484 0.506903 101.380586 0.185163 1.714269 342.853860
 24.349998 2.398728 2.469635 0.070907 0.761535 179.611482 2.393220 -0.608772 1000.000000 2.347458 6.760771 100.000000 6.151999 -400565.631293 1.470043 0.507566 101.513252 0.143719 1.032763 206.552671
 24.399998 2.373278 2.548718 0.175440 2.224135 802.736607 2.393220 -0.608772 1000.000000 2.347458 6.760771 100.000000 6.151999 -400568.076723 1.550047 0.021527 4.305428 0.068715 0.236089 47.217888
 24.449998 2.353832 2.484654 0.130822 1.716862 1739.664784 2.393220 -0.608772 1000.000000 2.347458 6.760771 100.000000 6.151999 -400567.008393 1.597808 0.036480 7.296038 0.089341 0.399091 79.818240
 24.499998 2.331135 2.582191 0.251056 4.682270 4405.560319 2.393220 -0.608772 1000.000000 2.347458 6.760771 100.000000 6.151999 -400570.763109 1.449505 0.735574 147.114779 0.148872 1.108141 221.628220
 24.549998 2.353482 2.565374 0.211891 3.163919 2053.971843 2.393220 -0.608772 1000.000000 2.347458 6.760771 100.000000 6.151999 -400568.850264 1.685842 0.661776 132.355286 0.146832 1.077979 215.595871
 24.599998 2.357384 2.483852 0.126468 1.572293 1470.280648 2.393220 -0.608772 1000.000000 2.347458 6.760771 100.000000 6.151999 -400567.004700 1.493998 0.294903 58.980526 0.178119 1.586325 317.264977
 24.649998 2.419817 2.576888 0.157071 2.985597 1233.750957 2.393220 -0.608772 1000.000000 2.347458 6.760771 100.000000 6.151999 -400568.759815 1.567694 0.000481 0.096251 0.180009 1.620167 324.033458
 24.699998 2.379000 2.423616 0.044616 0.391110 260.214592 2.393220 -0.608772 1000.000000 2.347458 6.760771 100.000000 6.151999 -400566.291296 1.528927 0.087654 17.530713 0.136579 0.932689 186.537701
 24.749998 2.403168 2.600958 0.197790 3.262611 741.582409 2.393220 -0.608772 1000.000000 2.347458 6.760771 100.000000 6.151999 -400566.373265 1.560496 0.005305 1.061034 0.144302 1.041155 208.231089
 24.799998 2.409143 2.403262 -0.005880 0.282472 284.668524 2.393220 -0.608772 1000.000000 2.347458 6.760771 100.000000 6.151999 -400566.077585 1.603072 0.052085 10.416946 0.163625 1.338650 267.730042
 24.849998 2.400791 2.575670 0.174879 2.632709 578.131647 2.393220 -0.608772 1000.000000 2.347458 6.760771 100.000000 6.151999 -400570.395042 1.498931 0.258233 51.646584 0.158137 1.250371 250.074170
 24.899998 2.333986 2.468503 0.134517 2.486977 3655.273337 2.393220 -0.608772 1000.000000 2.347458 6.760771 100.000000 6.151999 -400569.562915 1.665654 0.449895 89.979084 0.146784 1.077273 215.454650
 24.949998 2.336307 2.614331 0.278023 5.180596 3951.290631 2.393220 -0.608772 1000.000000 2.347458 6.760771 100.000000 6.151999 -400571.963450 1.534809 0.064756 12.951122 0.166521 1.386462 277.292393
 24.999998 2.328742 2.533066 0.204323 3.801228 4501.922391 2.393220 -0.608772 1000.000000 2.347458 6.760771 100.000000 6.151999 -400569.802751 1.666978 0.462550 92.510092 0.136545 0.932227 186.445423
 25.049998 2.367445 2.571513 0.204068 2.842223 1166.358496 2.393220 -0.608772 1000.000000 2.347458 6.760771 100.000000 6.151999 -400568.946942 1.534950 0.064249 12.849722 0.162850 1.326008 265.201666
 25.099998 2.388758 2.512195 0.123437 1.366872 291.293115 2.393220 -0.608772 1000.000000 2.347458 6.760771 100.000000 6.151999 -400566.965759 1.585890 0.011391 2.278158 0.210184 2.208870 441.774071
 25.149998 2.400230 2.449579 0.049349 0.546009 153.425348 2.393220 -0.608772 1000.000000 2.347458 6.760771 100.000000 6.151999 -400563.251246 1.553405 0.015123 3.024658 0.144035 1.037299 207.459853
 25.199998 2.384096 2.595942 0.211846 3.128859 700.694553 2.393220 -0.608772 1000.000000 2.347458 6.760771 100.000000 6.151999 -400570.668294 1.593251 0.025210 5.041927 0.090980 0.413868 82.773642
 25.249998 2.357206 2.443872 0.086666 1.113313 1390.011165 2.393220 -0.608772 1000.000000 2.347458 6.760771 100.000000 6.151999 -400565.760611 1.576192 0.001455 0.291082 0.178515 1.593376 318.675245
 25.299998 2.319261 2.599427 0.280166 5.909426 6104.863612 2.393220 -0.608772 1000.000000 2.347458 6.760771 100.000000 6.151999 -400572.921471 1.574640 0.000739 0.147721 0.194196 1.885610 377.121993
 25.349998 2.353039 2.521463 0.168424 2.321163 1917.315817 2.393220 -0.608772 1000.000000 2.347458 6.760771 100.000000 6.151999 -400565.311691 1.644809 0.273894 54.778861 0.084405 0.356206 71.241271
 25.399998 2.352436 2.507228 0.154792 2.108022 1918.664553 2.393220 -0.608772 1000.000000 2.347458 6.760771 100.000000 6.151999 -400567.787227 1.458811 0.627037 125.407476 0.117504 0.690360 138.072033
 25.449998 2.406643 2.561553 0.154910 2.381930 638.533666 2.393220 -0.608772 1000.000000 2.347458 6.760771 100.000000 6.151999 -400569.005995 1.652391 0.332883 66.576681 0.146995 1.080373 216.074568
 25.499998 2.389745 2.411242 0.021497 0.209463 52.760748 2.393220 -0.608772 1000.000000 2.347458 6.760771 100.000000 6.151999 -400566.190157 1.499104 0.256986 51.397186 0.168055 1.412119 282.423897
 25.549998 2.405807 2.593923 0.188116 3.116466 765.865951 2.393220 -0.608772 1000.000000 2.347458 6.760771 100.000000 6.151999 -400571.616622 1.622312 0.132693 26.538620 0.159561 1.272989 254.597841
 25.599998 2.346131 2.450876 0.104745 1.643473 2324.355517 2.393220 -0.608772 1000.000000 2.347458 6.760771 100.000000 6.151999 -400569.890624 1.554601 0.013114 2.622755 0.136400 0.930253 186.050650
 25.649998 2.350830 2.556843 0.206013 3.090591 2235.368069 2.393220 -0.608772 1000.000000 2.347458 6.760771 100.000000 6.151999 -400570.353689 1.585982 0.011531 2.306114 0.136504 0.931664 186.332783
 25.699998 2.347261 2.496975 0.149714 2.173921 2335.855524 2.393220 -0.608772 1000.000000 2.347458 6.760771 100.000000 6.151999 -400568.149138 1.640029 0.239655 47.931032 0.164383 1.351081 270.216107
 25.749998 2.347667 2.501457 0.153791 2.223364 2312.295303 2.393220 -0.608772 1000.000000 2.347458 6.760771 100.000000 6.151999 -400567.199318 1.486134 0.358382 71.676459 0.128502 0.825640 165.128083
 25.799998 2.393093 2.542358 0.149265 1.899311 379.876792 2.393220 -0.608772 1000.000000 2.347458 6.760771 100.000000 6.151999 -400566.880154 1.690186 0.712698 142.539598 0.199495 1.989918 397.983649
 25.849998 2.376305 2.466731 0.090426 0.854370 428.385285 2.393220 -0.608772 1000.000000 2.347458 6.760771 100.000000 6.151999 -400564.935128 1.468391 0.524347 104.869435 0.136996 0.938393 187.678688
 25.899998 2.380838 2.506176 0.125338 1.336233 405.231646 2.393220 -0.608772 1000.000000 2.347458 6.760771 100.000000 6.151999 -400565.822522 1.653399 0.341161 68.232225 0.141601 1.002544 200.508823
 25.949998 2.368233 2.548803 0.180570 2.339181 1029.759212 2.393220 -0.608772 1000.000000 2.347458 6.760771 100.000000 6.151999 -400570.882051 1.550316 0.020973 4.194543 0.155359 1.206816 241.363270
 25.999998 2.337880 2.455777 0.117897 2.117934 3179.886473 2.393220 -0.608772 1000.000000 2.347458 6.760771 100.000000 6.151999 -400565.723067 1.606649 0.064270 12.853902 0.163374 1.334546 266.909257
 26.049998 2.361311 2.587855 0.226544 3.398637 1596.099011 2.393220 -0.608772 1000.000000 2.347458 6.760771 100.000000 6.151999 -400570.810203 1.568919 0.000176 0.035234 0.123284 0.759944 151.988743
 26.099998 2.391263 2.437527 0.046265 0.407544 84.958596 2.393220 -0.608772 1000.000000 2.347458 6.760771 100.000000 6.151999 -400563.626072 1.594548 0.028208 5.641542 0.139673 0.975434 195.086799
 26.149998 2.376046 2.558259 0.182213 2.369338 739.334748 2.393220 -0.608772 1000.000000 2.347458 6.760771 100.000000 6.151999 -400567.299970 1.572521 0.000149 0.029732 0.172430 1.486610 297.321946
 26.199998 2.396797 2.494882 0.098085 1.093101 230.135298 2.393220 -0.608772 1000.000000 2.347458 6.760771 100.000000 6.151999 -400569.029781 1.547534 0.027056 5.411156 0.175164 1.534123 306.824541
 26.249998 2.381682 2.466330 0.084648 0.773103 274.442884 2.393220 -0.608772 1000.000000 2.347458 6.760771 100.000000 6.151999 -400567.742299 1.529770 0.084157 16.831494 0.145720 1.061715 212.342906
 26.299998 2.357211 2.580599 0.223388 3.366087 1840.232682 2.393220 -0.608772 1000.000000 2.347458 6.760771 100.000000 6.151999 -400570.675783 1.636652 0.216850 43.370085 0.153966 1.185269 237.053818
 26.349998 2.353634 2.471947 0.118313 1.558419 1722.043155 2.393220 -0.608772 1000.000000 2.347458 6.760771 100.000000 6.151999 -400566.610351 1.550598 0.020398 4.079591 0.159650 1.274411 254.882196
 26.399998 2.364219 2.596398 0.232179 3.519112 1460.807112 2.393220 -0.608772 1000.000000 2.347458 6.760771 100.000000 6.151999 -400569.645770 1.626975 0.157803 31.560503 0.127091 0.807611 161.522146
 26.449998 2.355705 2.474352 0.118647 1.508815 1568.440699 2.393220 -0.608772 1000.000000 2.347458 6.760771 100.000000 6.151999 -400568.266518 1.525653 0.101896 20.379183 0.109790 0.602694 120.538733
 26.499998 2.416196 2.512356 0.096160 1.623522 799.807403 2.393220 -0.608772 1000.000000 2.347458 6.760771 100.000000 6.151999 -400564.817592 1.519041 0.133931 26.786115 0.044560 0.099278 19.855563
 26.549998 2.364914 2.496338 0.131424 1.508889 1022.897631 2.393220 -0.608772 1000.000000 2.347458 6.760771 100.000000 6.151999 -400566.185373 1.574532 0.000698 0.139530 0.074307 0.276079 55.215881
 26.599998 2.423698 2.524592 0.100895 2.033271 1242.638777 2.393220 -0.608772 1000.000000 2.347458 6.760771 100.000000 6.151999 -400568.527819 1.560089 0.005733 1.146552 0.193074 1.863880 372.775945
 26.649998 2.310709 2.541247 0.230538 5.281785 7183.690671 2.393220 -0.608772 1000.000000 2.347458 6.760771 100.000000 6.151999 -400572.850982 1.618183 0.112276 22.455272 0.211011 2.226287 445.257378
 26.699998 2.348525 2.511460 0.162935 2.343672 2266.647117 2.393220 -0.608772 1000.000000 2.347458 6.760771 100.000000 6.151999 -400569.881142 1.544616 0.034271 6.854136 0.123138 0.758150 151.630090
 26.749998 2.380247 2.549535 0.169289 2.125927 576.670279 2.393220 -0.608772 1000.000000 2.347458 6.760771 100.000000 6.151999 -400568.339537 1.555064 0.012376 2.475197 0.062176 0.193292 38.658415
 26.799998 2.354464 2.460927 0.106463 1.394777 1630.772914 2.393220 -0.608772 1000.000000 2.347458 6.760771 100.000000 6.151999 -400567.444823 1.524209 0.108520 21.704006 0.091524 0.418835 83.767022
 26.849998 2.414016 2.586110 0.172095 3.063973 1001.991449 2.393220 -0.608772 1000.000000 2.347458 6.760771 100.000000 6.151999 -400570.246394 1.602929 0.051624 10.324796 0.167626 1.404926 280.985295
 26.899998 2.363567 2.446720 0.083153 0.932316 977.858569 2.393220 -0.608772 1000.000000 2.347458 6.760771 100.000000 6.151999 -400566.901430 1.575987 0.001347 0.269471 0.215661 2.325491 465.098109
 26.949998 2.377914 2.557779 0.179866 2.328910 676.644637 2.393220 -0.608772 1000.000000 2.347458 6.760771 100.000000 6.151999 -400571.167817 1.573569 0.000384 0.076883 0.131615 0.866126 173.225119
 26.999998 2.393764 2.479535 0.085772 0.872375 174.740901 2.393220 -0.608772 1000.000000 2.347458 6.760771 100.000000 6.151999 -400567.018678 1.577433 0.002203 0.440516 0.076272 0.290869 58.173883
 27.049998 2.358406 2.524128 0.165722 2.166652 1524.195272 2.393220 -0.608772 1000.000000 2.347458 6.760771 100.000000 6.151999 -400569.302683 1.535592 0.061969 12.393701 0.133350 0.889107 177.821399
 27.099998 2.375099 2.542928 0.167830 2.074636 710.476445 2.393220 -0.608772 1000.000000 2.347458 6.760771 100.000000 6.151999 -400568.438311 1.562342 0.003574 0.714776 0.146450 1.072375 214.474963
 27.149998 2.402753 2.466137 0.063384 0.749672 231.715742 2.393220 -0.608772 1000.000000 2.347458 6.760771 100.000000 6.151999 -400566.042782 1.531605 0.076797 15.359406 0.059290 0.175766 35.153284
 27.199998 2.332967 2.594580 0.261613 4.868688 4241.119172 2.393220 -0.608772 1000.000000 2.347458 6.760771 100.000000 6.151999 -400567.385681 1.586066 0.011658 2.331665 0.123209 0.759020 151.804021
 27.249998 2.356124 2.478149 0.122025 1.542072 1546.930828 2.393220 -0.608772 1000.000000 2.347458 6.760771 100.000000 6.151999 -400566.729036 1.584249 0.009048 1.809633 0.190273 1.810184 362.036839
 27.299998 2.361044 2.594566 0.233522 3.570796 1645.970438 2.393220 -0.608772 1000.000000 2.347458 6.760771 100.000000 6.151999 -400569.793474 1.589442 0.017384 3.476758 0.185079 1.712707 342.541337
 27.349998 2.365075 2.500730 0.135654 1.570692 1027.078206 2.393220 -0.608772 1000.000000 2.347458 6.760771 100.000000 6.151999 -400567.068038 1.591045 0.020500 4.100091 0.067688 0.229083 45.816536
 27.399998 2.378607 2.504345 0.125738 1.337456 459.673127 2.393220 -0.608772 1000.000000 2.347458 6.760771 100.000000 6.151999 -400567.674152 1.508159 0.196171 39.234208 0.072051 0.259570 51.913983
 27.449998 2.396772 2.504228 0.107457 1.235161 258.384169 2.393220 -0.608772 1000.000000 2.347458 6.760771 100.000000 6.151999 -400561.737179 1.564968 0.001698 0.339667 0.055415 0.153540 30.707948
 27.499998 2.349241 2.540574 0.191333 2.831778 2307.105656 2.393220 -0.608772 1000.000000 2.347458 6.760771 100.000000 6.151999 -400568.107954 1.565742 0.001277 0.255454 0.208530 2.174232 434.846487
 27.549998 2.382870 2.526125 0.143255 1.649665 426.340669 2.393220 -0.608772 1000.000000 2.347458 6.760771 100.000000 6.151999 -400567.656751 1.593524 0.025826 5.165287 0.229789 2.640160 528.032089
 27.599998 2.345049 2.538397 0.193348 2.983139 2685.074686 2.393220 -0.608772 1000.000000 2.347458 6.760771 100.000000 6.151999 -400567.883680 1.603663 0.054010 10.801924 0.082274 0.338451 67.690184
 27.649998 2.356256 2.540700 0.184443 2.550285 1739.751086 2.393220 -0.608772 1000.000000 2.347458 6.760771 100.000000 6.151999 -400568.744596 1.525679 0.101778 20.355519 0.101575 0.515874 103.174817
 27.699998 2.364982 2.519504 0.154522 1.878703 1093.400029 2.393220 -0.608772 1000.000000 2.347458 6.760771 100.000000 6.151999 -400569.682866 1.587327 0.013663 2.732611 0.131362 0.862802 172.560437
 27.749998 2.362124 2.498796 0.136672 1.628644 1195.987257 2.393220 -0.608772 1000.000000 2.347458 6.760771 100.000000 6.151999 -400569.699893 1.564647 0.001890 0.378091 0.091168 0.415579 83.115742
 27.799998 2.392772 2.559076 0.166304 2.239211 448.023013 2.393220 -0.608772 1000.000000 2.347458 6.760771 100.000000 6.151999 -400566.909467 1.526718 0.097144 19.428878 0.098233 0.482486 96.497217
 27.849998 2.375938 2.439550 0.063612 0.573396 383.497298 2.393220 -0.608772 1000.000000 2.347458 6.760771 100.000000 6.151999 -400565.980686 1.535651 0.061758 12.351658 0.119154 0.709880 141.975945
 27.899998 2.358933 2.628189 0.269256 4.528302 1963.698378 2.393220 -0.608772 1000.000000 2.347458 6.760771 100.000000 6.151999 -400569.425093 1.608426 0.070798 14.159653 0.161370 1.302007 260.401328
 27.949998 2.365168 2.455062 0.089893 0.972393 902.709935 2.393220 -0.608772 1000.000000 2.347458 6.760771 100.000000 6.151999 -400570.066015 1.619089 0.116609 23.321742 0.193582 1.873709 374.741819
 27.999998 2.387967 2.546942 0.158974 2.003490 425.532033 2.393220 -0.608772 1000.000000 2.347458 6.760771 100.000000 6.151999 -400569.456972 1.535830 0.061132 12.226452 0.132010 0.871326 174.265251
 28.049998 2.362326 2.485930 0.123605 1.435973 1146.222624 2.393220 -0.608772 1000.000000 2.347458 6.760771 100.000000 6.151999 -400567.942715 1.608965 0.072844 14.568718 0.128995 0.831983 166.396592
 28.099998 2.355031 2.546160 0.191128 2.703317 1853.215018 2.393220 -0.608772 1000.000000 2.347458 6.760771 100.000000 6.151999 -400569.660898 1.541557 0.042747 8.549317 0.211284 2.232037 446.407356
 28.149998 2.382961 2.550779 0.167818 2.119598 518.644213 2.393220 -0.608772 1000.000000 2.347458 6.760771 100.000000 6.151999 -400569.142483 1.676754 0.561355 112.270958 0.169069 1.429218 285.843658
 28.199998 2.365512 2.500608 0.135096 1.556628 1002.308115 2.393220 -0.608772 1000.000000 2.347458 6.760771 100.000000 6.151999 -400568.568817 1.516059 0.149807 29.961496 0.091798 0.421347 84.269486
 28.249998 2.351004 2.515699 0.164695 2.306348 2065.229913 2.393220 -0.608772 1000.000000 2.347458 6.760771 100.000000 6.151999 -400569.922850 1.607560 0.067577 13.515366 0.149866 1.122985 224.596920
 28.299998 2.368030 2.556555 0.188525 2.503364 1071.788681 2.393220 -0.608772 1000.000000 2.347458 6.760771 100.000000 6.151999 -400572.610679 1.599672 0.041691 8.338257 0.216353 2.340427 468.085498
 28.349998 2.374921 2.449065 0.074144 0.683628 438.090889 2.393220 -0.608772 1000.000000 2.347458 6.760771 100.000000 6.151999 -400565.781445 1.543813 0.036405 7.281034 0.115584 0.667983 133.596624
 28.399998 2.381942 2.590763 0.208821 3.023472 719.182323 2.393220 -0.608772 1000.000000 2.347458 6.760771 100.000000 6.151999 -400568.121169 1.600729 0.044797 8.959424 0.102965 0.530086 106.017127
 28.449998 2.369431 2.482410 0.112978 1.193562 748.039457 2.393220 -0.608772 1000.000000 2.347458 6.760771 100.000000 6.151999 -400568.285480 1.561133 0.004669 0.933795 0.186582 1.740644 348.128835
 28.499998 2.384948 2.500559 0.115611 1.206213 302.826246 2.393220 -0.608772 1000.000000 2.347458 6.760771 100.000000 6.151999 -400571.530122 1.580894 0.005098 1.019660 0.171986 1.478959 295.791720
 28.549998 2.396889 2.575287 0.178398 2.602044 532.524175 2.393220 -0.608772 1000.000000 2.347458 6.760771 100.000000 6.151999 -400570.192178 1.603514 0.053521 10.704234 0.098085 0.481038 96.207505
 28.599998 2.330470 2.488871 0.158401 2.968666 4137.531914 2.393220 -0.608772 1000.000000 2.347458 6.760771 100.000000 6.151999 -400570.744922 1.563547 0.002628 0.525517 0.131615 0.866125 173.225035
 28.649998 2.328899 2.571199 0.242300 4.571639 4637.874723 2.393220 -0.608772 1000.000000 2.347458 6.760771 100.000000 6.151999 -400571.176590 1.619242 0.117349 23.469840 0.205711 2.115851 423.170163
 28.699998 2.376100 2.530568 0.154468 1.823018 628.399287 2.393220 -0.608772 1000.000000 2.347458 6.760771 100.000000 6.151999 -400568.333196 1.601159 0.046093 9.218646 0.147514 1.088015 217.603066
 28.749998 2.366935 2.513079 0.146144 1.716987 965.245177 2.393220 -0.608772 1000.000000 2.347458 6.760771 100.000000 6.151999 -400569.672834 1.572535 0.000151 0.030246 0.111264 0.618986 123.797172
 28.799998 2.379018 2.550837 0.171820 2.169022 615.351284 2.393220 -0.608772 1000.000000 2.347458 6.760771 100.000000 6.151999 -400569.781118 1.597050 0.034463 6.892523 0.174085 1.515285 303.057096
 28.849998 2.385520 2.467900 0.082379 0.754959 204.355349 2.393220 -0.608772 1000.000000 2.347458 6.760771 100.000000 6.151999 -400567.391460 1.573614 0.000397 0.079414 0.188230 1.771524 354.304793
 28.899998 2.387279 2.525487 0.138208 1.602379 352.245285 2.393220 -0.608772 1000.000000 2.347458 6.760771 100.000000 6.151999 -400570.343022 1.600628 0.044496 8.899140 0.138324 0.956678 191.335602
 28.949998 2.357816 2.563923 0.206107 2.969603 1722.062952 2.393220 -0.608772 1000.000000 2.347458 6.760771 100.000000 6.151999 -400570.746349 1.605459 0.060076 12.015220 0.119474 0.713697 142.739364
 28.999998 2.319842 2.520467 0.200625 4.188787 5683.678352 2.393220 -0.608772 1000.000000 2.347458 6.760771 100.000000 6.151999 -400572.618729 1.581329 0.005547 1.109357 0.184770 1.706989 341.397772
 29.049998 2.359794 2.565187 0.205392 2.928942 1591.348857 2.393220 -0.608772 1000.000000 2.347458 6.760771 100.000000 6.151999 -400568.893639 1.606958 0.065383 13.076503 0.187427 1.756453 351.290649
 29.099998 2.375755 2.467701 0.091946 0.875441 449.614369 2.393220 -0.608772 1000.000000 2.347458 6.760771 100.000000 6.151999 -400568.637118 1.570743 0.000000 0.000028 0.118942 0.707365 141.472907
 29.149998 2.402754 2.540301 0.137547 1.904863 462.767656 2.393220 -0.608772 1000.000000 2.347458 6.760771 100.000000 6.151999 -400567.547600 1.465051 0.559104 111.820716 0.059890 0.179342 35.868377
 29.199998 2.373332 2.482163 0.108831 1.105057 577.006672 2.393220 -0.608772 1000.000000 2.347458 6.760771 100.000000 6.151999 -400569.811533 1.581498 0.005726 1.145263 0.078888 0.311169 62.233751
 29.249998 2.343021 2.568663 0.225642 3.706569 3009.282287 2.393220 -0.608772 1000.000000 2.347458 6.760771 100.000000 6.151999 -400570.717961 1.600675 0.044638 8.927551 0.123376 0.761087 152.217419
 29.299998 2.334891 2.524445 0.189553 3.267351 3715.500327 2.393220 -0.608772 1000.000000 2.347458 6.760771 100.000000 6.151999 -400571.822324 1.556752 0.009862 1.972433 0.186255 1.734553 346.910592
 29.349998 2.371313 2.543707 0.172395 2.165668 865.085191 2.393220 -0.608772 1000.000000 2.347458 6.760771 100.000000 6.151999 -400570.079142 1.620209 0.122082 24.416343 0.178483 1.592817 318.563487
 29.399998 2.400232 2.548481 0.148250 2.045110 453.266332 2.393220 -0.608772 1000.000000 2.347458 6.760771 100.000000 6.151999 -400569.567087 1.526441 0.098370 19.673950 0.205572 2.112987 422.597365
 29.449998 2.373134 2.443743 0.070609 0.665281 496.185732 2.393220 -0.608772 1000.000000 2.347458 6.760771 100.000000 6.151999 -400565.405280 1.621490 0.128491 25.698141 0.157603 1.241935 248.387019
 29.499998 2.394003 2.602138 0.208135 3.243414 649.234617 2.393220 -0.608772 1000.000000 2.347458 6.760771 100.000000 6.151999 -400569.542918 1.543607 0.036963 7.392530 0.106948 0.571891 114.378264
 29.549998 2.347196 2.467822 0.120626 1.783503 2263.130046 2.393220 -0.608772 1000.000000 2.347458 6.760771 100.000000 6.151999 -400569.456656 1.650360 0.316518 63.303679 0.174851 1.528635 305.727060
 29.599998 2.341974 2.600058 0.258084 4.503452 3264.290838 2.393220 -0.608772 1000.000000 2.347458 6.760771 100.000000 6.151999 -400571.240751 1.548086 0.025788 5.157596 0.216496 2.343517 468.703317
 29.649998 2.349113 2.477409 0.128297 1.817122 2114.374207 2.393220 -0.608772 1000.000000 2.347458 6.760771 100.000000 6.151999 -400571.297922 1.600491 0.044089 8.817895 0.140502 0.987046 197.409299
 29.699998 2.403462 2.593022 0.189560 3.067547 707.918747 2.393220 -0.608772 1000.000000 2.347458 6.760771 100.000000 6.151999 -400568.391272 1.547134 0.027995 5.598959 0.114489 0.655387 131.077467
 29.749998 2.369015 2.492965 0.123950 1.351564 797.623413 2.393220 -0.608772 1000.000000 2.347458 6.760771 100.000000 6.151999 -400570.402290 1.552494 0.016749 3.349747 0.210784 2.221498 444.299687
 29.799998 2.413725 2.490736 0.077011 1.236654 625.727648 2.393220 -0.608772 1000.000000 2.347458 6.760771 100.000000 6.151999 -400568.274613 1.690979 0.722189 144.437860 0.180354 1.626376 325.275152
 29.849998 2.404789 2.548899 0.144110 2.095846 539.616038 2.393220 -0.608772 1000.000000 2.347458 6.760771 100.000000 6.151999 -400567.081779 1.429472 0.998628 199.725633 0.092109 0.424201 84.840290
 29.899998 2.339658 2.476599 0.136941 2.268352 3035.738312 2.393220 -0.608772 1000.000000 2.347458 6.760771 100.000000 6.151999 -400569.011191 1.625728 0.150874 30.174828 0.061199 0.187267 37.453402
 29.949998 2.331885 2.618482 0.286597 5.553725 4496.564998 2.393220 -0.608772 1000.000000 2.347458 6.760771 100.000000 6.151999 -400572.611087 1.602166 0.049203 9.840619 0.158970 1.263572 252.714384
 29.999998 2.316830 2.492695 0.175865 3.972464 6046.483212 2.393220 -0.608772 1000.000000 2.347458 6.760771 100.000000 6.151999 -400569.111777 1.562412 0.003515 0.703040 0.169529 1.437009 287.401841
 30.049998 2.354985 2.601338 0.246353 3.953727 2106.470787 2.393220 -0.608772 1000.000000 2.347458 6.760771 100.000000 6.151999 -400571.060563 1.669473 0.486853 97.370501 0.084347 0.355723 71.144582
 30.099998 2.388315 2.430150 0.041834 0.353928 92.438302 2.393220 -0.608772 1000.000000 2.347458 6.760771 100.000000 6.151999 -400567.180853 1.456223 0.656351 131.270113 0.117380 0.688904 137.780791
 30.149998 2.425529 2.517165 0.091636 1.961963 1331.866189 2.393220 -0.608772 1000.000000 2.347458 6.760771 100.000000 6.151999 -400569.795528 1.657785 0.378351 75.670151 0.195637 1.913689 382.737832
 30.199998 2.378431 2.484770 0.106339 1.052093 407.273966 2.393220 -0.608772 1000.000000 2.347458 6.760771 100.000000 6.151999 -400569.547588 1.533364 0.070058 14.011616 0.186588 1.740748 348.149690
 30.249998 2.370310 2.488138 0.117828 1.251989 722.803135 2.393220 -0.608772 1000.000000 2.347458 6.760771 100.000000 6.151999 -400569.888610 1.567063 0.000697 0.139371 0.108075 0.584009 116.801715
 30.299998 2.363723 2.568416 0.204693 2.876173 1358.307658 2.393220 -0.608772 1000.000000 2.347458 6.760771 100.000000 6.151999 -400569.001483 1.565664 0.001317 0.263438 0.037628 0.070794 14.158703
 30.349998 2.332970 2.479946 0.146976 2.692696 3805.609357 2.393220 -0.608772 1000.000000 2.347458 6.760771 100.000000 6.151999 -400569.072383 1.518377 0.137389 27.477753 0.061517 0.189214 37.842822
 30.399998 2.373526 2.592041 0.218515 3.184978 986.077548 2.393220 -0.608772 1000.000000 2.347458 6.760771 100.000000 6.151999 -400571.822118 1.652517 0.333910 66.782040 0.158070 1.249314 249.862721
 30.449998 2.363642 2.436260 0.072618 0.831722 953.712508 2.393220 -0.608772 1000.000000 2.347458 6.760771 100.000000 6.151999 -400570.044057 1.540978 0.044456 8.891229 0.222052 2.465349 493.069742
 30.499998 2.364942 2.589712 0.224770 3.334180 1386.531380 2.393220 -0.608772 1000.000000 2.347458 6.760771 100.000000 6.151999 -400570.926192 1.606211 0.062708 12.541681 0.159726 1.275614 255.122708
 30.549998 2.370804 2.475874 0.105069 1.075773 667.377509 2.393220 -0.608772 1000.000000 2.347458 6.760771 100.000000 6.151999 -400566.315709 1.550995 0.019605 3.920939 0.064942 0.210871 42.174102
 30.599998 2.393504 2.535794 0.142290 1.773578 354.788090 2.393220 -0.608772 1000.000000 2.347458 6.760771 100.000000 6.151999 -400568.973920 1.511904 0.173416 34.683153 0.097806 0.478301 95.660295
 30.649998 2.351857 2.516139 0.164282 2.278147 1995.480513 2.393220 -0.608772 1000.000000 2.347458 6.760771 100.000000 6.151999 -400569.334897 1.562457 0.003477 0.695411 0.096835 0.468849 93.769750
 30.699998 2.354529 2.552251 0.197721 2.845504 1916.383893 2.393220 -0.608772 1000.000000 2.347458 6.760771 100.000000 6.151999 -400570.370340 1.573630 0.000401 0.080285 0.191582 1.835181 367.036170
 30.749998 2.358978 2.551100 0.192122 2.659769 1587.226377 2.393220 -0.608772 1000.000000 2.347458 6.760771 100.000000 6.151999 -400571.163724 1.591206 0.020827 4.165485 0.199355 1.987123 397.424500
 30.799998 2.376251 2.509923 0.133672 1.463735 551.913151 2.393220 -0.608772 1000.000000 2.347458 6.760771 100.000000 6.151999 -400569.428176 1.567817 0.000444 0.088753 0.198536 1.970823 394.164672
 30.849998 2.385874 2.503900 0.118026 1.250699 298.710017 2.393220 -0.608772 1000.000000 2.347458 6.760771 100.000000 6.151999 -400569.048895 1.535187 0.063401 12.680220 0.116530 0.678961 135.792231
 30.899998 2.368400 2.552384 0.183984 2.407768 1036.015090 2.393220 -0.608772 1000.000000 2.347458 6.760771 100.000000 6.151999 -400570.053401 1.575289 0.001009 0.201805 0.089749 0.402745 80.548967
 30.949998 2.315323 2.527243 0.211920 4.650108 6391.155945 2.393220 -0.608772 1000.000000 2.347458 6.760771 100.000000 6.151999 -400571.930700 1.545549 0.031870 6.374068 0.159981 1.279697 255.939412
 30.999998 2.344194 2.571398 0.227204 3.709234 2905.031876 2.393220 -0.608772 1000.000000 2.347458 6.760771 100.000000 6.151999 -400571.560460 1.652919 0.337205 67.441067 0.137938 0.951348 190.269530
 31.049998 2.364499 2.470640 0.106141 1.171145 976.644887 2.393220 -0.608772 1000.000000 2.347458 6.760771 100.000000 6.151999 -400570.453454 1.551675 0.018281 3.656231 0.214101 2.291967 458.393452
 31.099998 2.397648 2.564626 0.166978 2.367904 491.226929 2.393220 -0.608772 1000.000000 2.347458 6.760771 100.000000 6.151999 -400570.165185 1.594421 0.027907 5.581319 0.147934 1.094219 218.843742
 31.149997 2.374134 2.462898 0.088763 0.848456 497.539135 2.393220 -0.608772 1000.000000 2.347458 6.760771 100.000000 6.151999 -400567.901355 1.521327 0.122359 24.471795 0.123488 0.762468 152.493665
 31.199997 2.410048 2.525082 0.115035 1.719110 598.666018 2.393220 -0.608772 1000.000000 2.347458 6.760771 100.000000 6.151999 -400569.633093 1.497755 0.266749 53.349721 0.144286 1.040929 208.185773
 31.249997 2.354314 2.533210 0.178896 2.482052 1858.746597 2.393220 -0.608772 1000.000000 2.347458 6.760771 100.000000 6.151999 -400570.085004 1.626401 0.154594 30.918895 0.112712 0.635196 127.039258
 31.299997 2.318344 2.520376 0.202032 4.298301 5905.533599 2.393220 -0.608772 1000.000000 2.347458 6.760771 100.000000 6.151999 -400571.609227 1.541071 0.044180 8.835945 0.179747 1.615450 323.089929
 31.349997 2.375934 2.539334 0.163400 1.990237 666.998539 2.393220 -0.608772 1000.000000 2.347458 6.760771 100.000000 6.151999 -400568.436143 1.668408 0.476401 95.280128 0.172164 1.482016 296.403299
 31.399997 2.368499 2.487586 0.119087 1.287368 807.508714 2.393220 -0.608772 1000.000000 2.347458 6.760771 100.000000 6.151999 -400568.902522 1.552215 0.017263 3.452618 0.130809 0.855546 171.109102
 31.449997 2.373752 2.589060 0.215309 3.108106 962.748062 2.393220 -0.608772 1000.000000 2.347458 6.760771 100.000000 6.151999 -400568.201004 1.527514 0.093669 18.733825 0.073415 0.269487 53.897452
 31.499997 2.391006 2.450856 0.059849 0.537007 111.813749 2.393220 -0.608772 1000.000000 2.347458 6.760771 100.000000 6.151999 -400565.864380 1.593088 0.024846 4.969281 0.119375 0.712520 142.503934
 31.549997 2.368786 2.548096 0.179309 2.311294 999.583195 2.393220 -0.608772 1000.000000 2.347458 6.760771 100.000000 6.151999 -400569.481797 1.574932 0.000855 0.171065 0.187661 1.760829 352.165770
 31.599997 2.358646 2.555251 0.196605 2.756591 1627.144979 2.393220 -0.608772 1000.000000 2.347458 6.760771 100.000000 6.151999 -400568.430700 1.637340 0.221400 44.280027 0.172967 1.495876 299.175299
 31.649997 2.357725 2.508524 0.150798 1.927065 1519.321643 2.393220 -0.608772 1000.000000 2.347458 6.760771 100.000000 6.151999 -400569.610002 1.557795 0.008452 1.690383 0.120133 0.721601 144.320254
 31.699997 2.351304 2.569281 0.217977 3.338783 2249.060867 2.393220 -0.608772 1000.000000 2.347458 6.760771 100.000000 6.151999 -400571.775479 1.646096 0.283506 56.701116 0.230620 2.659283 531.856560
 31.749997 2.343345 2.535150 0.191806 3.005227 2839.878197 2.393220 -0.608772 1000.000000 2.347458 6.760771 100.000000 6.151999 -400572.893934 1.610639 0.079371 15.874215 0.222366 2.472330 494.465917
 31.799997 2.373828 2.477352 0.103524 1.031667 544.798494 2.393220 -0.608772 1000.000000 2.347458 6.760771 100.000000 6.151999 -400570.200336 1.567378 0.000584 0.116833 0.100616 0.506174 101.234868
 31.849997 2.380813 2.574406 0.193593 2.652251 669.004770 2.393220 -0.608772 1000.000000 2.347458 6.760771 100.000000 6.151999 -400570.320100 1.596435 0.032868 6.573631 0.098061 0.480794 96.158887
 31.899997 2.362886 2.448119 0.085234 0.966736 1021.521993 2.393220 -0.608772 1000.000000 2.347458 6.760771 100.000000 6.151999 -400571.278859 1.564998 0.001681 0.336151 0.244947 2.999948 599.989594
 31.949997 2.385200 2.565813 0.180613 2.416114 541.121452 2.393220 -0.608772 1000.000000 2.347458 6.760771 100.000000 6.151999 -400570.028396 1.635793 0.211229 42.245847 0.209462 2.193723 438.744522
 31.999997 2.346309 2.500576 0.154267 2.272577 2435.083194 2.393220 -0.608772 1000.000000 2.347458 6.760771 100.000000 6.151999 -400569.159235 1.546632 0.029195 5.839060 0.066958 0.224172 44.834323
 32.049997 2.414691 2.594593 0.179903 3.284294 1071.736845 2.393220 -0.608772 1000.000000 2.347458 6.760771 100.000000 6.151999 -400568.350539 1.498714 0.259796 51.959158 0.055117 0.151896 30.379210
 32.099997 2.358496 2.445068 0.086572 1.079268 1301.037244 2.393220 -0.608772 1000.000000 2.347458 6.760771 100.000000 6.151999 -400567.802328 1.541844 0.041910 8.382092 0.076349 0.291459 58.291783
 32.149997 2.368667 2.590888 0.222221 3.264349 1195.462912 2.393220 -0.608772 1000.000000 2.347458 6.760771 100.000000 6.151999 -400571.374036 1.631175 0.182277 36.455366 0.261765 3.426057 685.211406
 32.199997 2.350093 2.409920 0.059827 1.125080 1899.024521 2.393220 -0.608772 1000.000000 2.347458 6.760771 100.000000 6.151999 -400568.952148 1.546075 0.030556 6.111222 0.203151 2.063508 412.701670
 32.249997 2.359950 2.595150 0.235200 3.621029 1720.436134 2.393220 -0.608772 1000.000000 2.347458 6.760771 100.000000 6.151999 -400572.847099 1.607112 0.065942 13.188356 0.149029 1.110479 222.095895
 32.299997 2.374353 2.557890 0.183537 2.392075 798.798092 2.393220 -0.608772 1000.000000 2.347458 6.760771 100.000000 6.151999 -400572.207149 1.575595 0.001151 0.230290 0.187596 1.759617 351.923427
 32.349997 2.382456 2.414298 0.031842 0.281317 160.545014 2.393220 -0.608772 1000.000000 2.347458 6.760771 100.000000 6.151999 -400567.116557 1.568466 0.000272 0.054314 0.105843 0.560134 112.026782
 32.399997 2.372317 2.660196 0.287879 5.108744 1414.990414 2.393220 -0.608772 1000.000000 2.347458 6.760771 100.000000 6.151999 -400573.805769 1.578604 0.003048 0.609654 0.246297 3.033109 606.621812
 32.449997 2.358073 2.437506 0.079433 1.023103 1316.429774 2.393220 -0.608772 1000.000000 2.347458 6.760771 100.000000 6.151999 -400569.951294 1.614277 0.094528 18.905634 0.152096 1.156665 231.333000
 32.499997 2.372563 2.537101 0.164538 2.011602 786.378002 2.393220 -0.608772 1000.000000 2.347458 6.760771 100.000000 6.151999 -400571.624545 1.593142 0.024966 4.993202 0.153438 1.177157 235.431452
 32.549997 2.391968 2.548600 0.156632 2.023702 406.152074 2.393220 -0.608772 1000.000000 2.347458 6.760771 100.000000 6.151999 -400571.196465 1.559579 0.006291 1.258201 0.163512 1.336814 267.362740
 32.599997 2.339411 2.464215 0.124804 2.129339 3031.765988 2.393220 -0.608772 1000.000000 2.347458 6.760771 100.000000 6.151999 -400570.441251 1.552530 0.016683 3.336570 0.170861 1.459676 291.935209
 32.649997 2.387189 2.583397 0.196208 2.801560 593.053910 2.393220 -0.608772 1000.000000 2.347458 6.760771 100.000000 6.151999 -400573.357413 1.606893 0.065150 13.030053 0.274309 3.762274 752.454779
 32.699997 2.390191 2.476264 0.086072 0.834136 175.084541 2.393220 -0.608772 1000.000000 2.347458 6.760771 100.000000 6.151999 -400571.891678 1.583222 0.007720 1.544064 0.152778 1.167050 233.409944
 32.749997 2.379402 2.531379 0.151977 1.786829 529.219518 2.393220 -0.608772 1000.000000 2.347458 6.760771 100.000000 6.151999 -400571.179097 1.512562 0.169562 33.912324 0.186523 1.739544 347.908824
 32.799997 2.378863 2.566084 0.187221 2.492941 684.100735 2.393220 -0.608772 1000.000000 2.347458 6.760771 100.000000 6.151999 -400572.403591 1.701120 0.849209 169.841814 0.259123 3.357241 671.448211
 32.849997 2.354686 2.477285 0.122599 1.585211 1653.449161 2.393220 -0.608772 1000.000000 2.347458 6.760771 100.000000 6.151999 -400569.324256 1.554183 0.013800 2.759912 0.155060 1.202177 240.435335
 32.899997 2.337864 2.632204 0.294340 5.586184 3875.124979 2.393220 -0.608772 1000.000000 2.347458 6.760771 100.000000 6.151999 -400571.508057 1.550068 0.021482 4.296463 0.111137 0.617569 123.513776
 32.949997 2.372265 2.441529 0.069264 0.662037 527.625152 2.393220 -0.608772 1000.000000 2.347458 6.760771 100.000000 6.151999 -400565.879500 1.534447 0.066062 13.212390 0.066266 0.219557 43.911402
 32.999997 2.397837 2.588740 0.190903 2.921524 603.490951 2.393220 -0.608772 1000.000000 2.347458 6.760771 100.000000 6.151999 -400569.952785 1.536350 0.059327 11.865334 0.193827 1.878453 375.690628
 33.049997 2.371570 2.442662 0.071092 0.687569 559.392559 2.393220 -0.608772 1000.000000 2.347458 6.760771 100.000000 6.151999 -400567.205437 1.644575 0.272162 54.432336 0.254598 3.241009 648.201860
 33.099997 2.358349 2.562798 0.204448 2.926555 1679.693118 2.393220 -0.608772 1000.000000 2.347458 6.760771 100.000000 6.151999 -400570.536296 1.528883 0.087837 17.567340 0.144070 1.037802 207.560423
 33.149997 2.376527 2.555950 0.179423 2.312784 713.353660 2.393220 -0.608772 1000.000000 2.347458 6.760771 100.000000 6.151999 -400569.684106 1.642797 0.259208 51.841502 0.110847 0.614352 122.870394
 33.199997 2.361295 2.541308 0.180013 2.388502 1394.999595 2.393220 -0.608772 1000.000000 2.347458 6.760771 100.000000 6.151999 -400570.594874 1.534697 0.065159 13.031836 0.262967 3.457572 691.514462
 33.249997 2.348249 2.541179 0.192930 2.887612 2397.705282 2.393220 -0.608772 1000.000000 2.347458 6.760771 100.000000 6.151999 -400568.442274 1.588863 0.016320 3.264041 0.246392 3.035439 607.087864
 33.299997 2.385428 2.499495 0.114067 1.186133 291.874579 2.393220 -0.608772 1000.000000 2.347458 6.760771 100.000000 6.151999 -400567.972728 1.608703 0.071846 14.369249 0.095176 0.452922 90.584440
 33.349997 2.391098 2.529627 0.138529 1.661539 336.362527 2.393220 -0.608772 1000.000000 2.347458 6.760771 100.000000 6.151999 -400568.098369 1.530980 0.079268 15.853531 0.095507 0.456075 91.214961
 33.399997 2.356291 2.539729 0.183438 2.530298 1733.464400 2.393220 -0.608772 1000.000000 2.347458 6.760771 100.000000 6.151999 -400571.285938 1.710326 0.973423 194.684635 0.199371 1.987433 397.486510
 33.449997 2.362623 2.508389 0.145766 1.763046 1195.205847 2.393220 -0.608772 1000.000000 2.347458 6.760771 100.000000 6.151999 -400569.589490 1.540431 0.046102 9.220463 0.191901 1.841291 368.258211
 33.499997 2.351166 2.576931 0.225765 3.517168 2295.112280 2.393220 -0.608772 1000.000000 2.347458 6.760771 100.000000 6.151999 -400570.083735 1.611723 0.083748 16.749608 0.063951 0.204488 40.897593
 33.549997 2.359414 2.506184 0.146770 1.831124 1394.778524 2.393220 -0.608772 1000.000000 2.347458 6.760771 100.000000 6.151999 -400571.256309 1.558874 0.007107 1.421458 0.207703 2.157031 431.406171
 33.599997 2.411496 2.527417 0.115921 1.786257 657.837786 2.393220 -0.608772 1000.000000 2.347458 6.760771 100.000000 6.151999 -400568.868769 1.564418 0.002034 0.406880 0.251991 3.174985 634.997035
 33.649997 2.396274 2.526886 0.130612 1.614389 331.267697 2.393220 -0.608772 1000.000000 2.347458 6.760771 100.000000 6.151999 -400570.077368 1.628820 0.168336 33.667233 0.120877 0.730560 146.112060
 33.699997 2.363344 2.489385 0.126041 1.453469 1094.040823 2.393220 -0.608772 1000.000000 2.347458 6.760771 100.000000 6.151999 -400570.247440 1.485542 0.363411 72.682253 0.130074 0.845968 169.193594
 33.749997 2.381958 2.568169 0.186210 2.499086 613.966733 2.393220 -0.608772 1000.000000 2.347458 6.760771 100.000000 6.151999 -400568.902681 1.638696 0.230518 46.103690 0.104751 0.548638 109.727547
 33.799997 2.328215 2.486870 0.158656 3.084674 4420.117761 2.393220 -0.608772 1000.000000 2.347458 6.760771 100.000000 6.151999 -400571.585225 1.584005 0.008724 1.744774 0.176366 1.555242 311.048331
 33.849997 2.347152 2.585137 0.237986 3.885739 2687.229857 2.393220 -0.608772 1000.000000 2.347458 6.760771 100.000000 6.151999 -400569.068584 1.568768 0.000206 0.041129 0.256328 3.285207 657.041492
 33.899997 2.393482 2.522607 0.129125 1.533899 306.841250 2.393220 -0.608772 1000.000000 2.347458 6.760771 100.000000 6.151999 -400565.965539 1.592431 0.023403 4.680587 0.174000 1.513800 302.760096
 33.949997 2.350770 2.472891 0.122121 1.687684 1959.352335 2.393220 -0.608772 1000.000000 2.347458 6.760771 100.000000 6.151999 -400568.844512 1.552573 0.016604 3.320737 0.187718 1.761910 352.382076
 33.999997 2.380725 2.571098 0.190373 2.578817 656.278923 2.393220 -0.608772 1000.000000 2.347458 6.760771 100.000000 6.151999 -400570.988611 1.614286 0.094567 18.913434 0.181818 1.652881 330.576156
 34.049997 2.400965 2.485609 0.084645 0.984282 250.833633 2.393220 -0.608772 1000.000000 2.347458 6.760771 100.000000 6.151999 -400567.497039 1.546575 0.029335 5.866930 0.170667 1.456368 291.273560
 34.099997 2.355898 2.492185 0.136287 1.743779 1602.404352 2.393220 -0.608772 1000.000000 2.347458 6.760771 100.000000 6.151999 -400567.511896 1.541810 0.042011 8.402138 0.128554 0.826308 165.261642
 34.149997 2.368782 2.574287 0.205504 2.871179 1111.730631 2.393220 -0.608772 1000.000000 2.347458 6.760771 100.000000 6.151999 -400572.287382 1.641637 0.250920 50.183970 0.200524 2.010497 402.099388
 34.199997 2.374383 2.484988 0.110605 1.123156 543.990857 2.393220 -0.608772 1000.000000 2.347458 6.760771 100.000000 6.151999 -400568.065111 1.517320 0.142984 28.596789 0.242977 2.951896 590.379154
 34.249997 2.361971 2.567019 0.205048 2.898619 1458.578037 2.393220 -0.608772 1000.000000 2.347458 6.760771 100.000000 6.151999 -400571.051873 1.634720 0.204312 40.862409 0.135469 0.917588 183.517648
 34.299997 2.364888 2.502573 0.137685 1.604387 1043.304512 2.393220 -0.608772 1000.000000 2.347458 6.760771 100.000000 6.151999 -400568.664649 1.541793 0.042061 8.412191 0.090189 0.406705 81.340969
 34.349997 2.359978 2.519506 0.159528 2.032569 1401.081311 2.393220 -0.608772 1000.000000 2.347458 6.760771 100.000000 6.151999 -400571.851080 1.600602 0.044419 8.883898 0.168398 1.417890 283.577993
 34.399997 2.362407 2.553759 0.191353 2.602763 1375.094698 2.393220 -0.608772 1000.000000 2.347458 6.760771 100.000000 6.151999 -400570.525774 1.603094 0.052157 10.431481 0.208979 2.183601 436.720156
 34.449997 2.332290 2.475702 0.143412 2.678590 3876.978519 2.393220 -0.608772 1000.000000 2.347458 6.760771 100.000000 6.151999 -400570.853376 1.547278 0.027656 5.531181 0.146676 1.075690 215.138061
 34.499997 2.387219 2.576876 0.189656 2.649643 562.338467 2.393220 -0.608772 1000.000000 2.347458 6.760771 100.000000 6.151999 -400570.457487 1.619392 0.118077 23.615432 0.107665 0.579590 115.917915
 34.549997 2.388336 2.431242 0.042906 0.362919 94.058660 2.393220 -0.608772 1000.000000 2.347458 6.760771 100.000000 6.151999 -400567.942780 1.540978 0.044457 8.891485 0.160743 1.291913 258.382620
 34.599997 2.351730 2.572322 0.220592 3.388931 2227.088867 2.393220 -0.608772 1000.000000 2.347458 6.760771 100.000000 6.151999 -400571.699535 1.621112 0.126586 25.317155 0.205789 2.117450 423.489924
 34.649997 2.367644 2.535505 0.167861 2.095165 1007.768962 2.393220 -0.608772 1000.000000 2.347458 6.760771 100.000000 6.151999 -400568.969075 1.568668 0.000226 0.045290 0.101358 0.513670 102.733987
 34.699997 2.350883 2.473870 0.122987 1.695222 1952.240007 2.393220 -0.608772 1000.000000 2.347458 6.760771 100.000000 6.151999 -400569.237443 1.532747 0.072388 14.477586 0.111760 0.624520 124.904022
 34.749997 2.372939 2.570118 0.197179 2.684555 907.120108 2.393220 -0.608772 1000.000000 2.347458 6.760771 100.000000 6.151999 -400568.679064 1.559048 0.006901 1.380271 0.136631 0.933403 186.680585
 34.799997 2.380739 2.448549 0.067811 0.588874 257.990749 2.393220 -0.608772 1000.000000 2.347458 6.760771 100.000000 6.151999 -400570.689588 1.617790 0.110419 22.083710 0.155089 1.202636 240.527297
 34.849997 2.394302 2.522329 0.128028 1.529591 306.970516 2.393220 -0.608772 1000.000000 2.347458 6.760771 100.000000 6.151999 -400569.778974 1.526066 0.100039 20.007709 0.156180 1.219605 243.920904
 34.899997 2.394352 2.500508 0.106155 1.171856 235.524456 2.393220 -0.608772 1000.000000 2.347458 6.760771 100.000000 6.151999 -400569.117158 1.658571 0.385218 77.043544 0.163455 1.335873 267.174521
 34.949997 2.362772 2.488438 0.125666 1.457332 1125.875963 2.393220 -0.608772 1000.000000 2.347458 6.760771 100.000000 6.151999 -400569.698992 1.545809 0.031218 6.243557 0.188307 1.772978 354.595624
 34.999997 2.350519 2.552099 0.201580 3.005588 2242.150363 2.393220 -0.608772 1000.000000 2.347458 6.760771 100.000000 6.151999 -400570.954307 1.548578 0.024683 4.936553 0.097354 0.473893 94.778611
 35.049997 2.355039 2.514248 0.159209 2.119842 1735.971697 2.393220 -0.608772 1000.000000 2.347458 6.760771 100.000000 6.151999 -400569.138532 1.560379 0.005426 1.085116 0.122105 0.745488 149.097522
 35.099997 2.365331 2.515626 0.150295 1.802944 1060.639805 2.393220 -0.608772 1000.000000 2.347458 6.760771 100.000000 6.151999 -400569.446880 1.525592 0.102173 20.434627 0.199785 1.995706 399.141115
 35.149997 2.415582 2.500926 0.085344 1.427659 735.576497 2.393220 -0.608772 1000.000000 2.347458 6.760771 100.000000 6.151999 -400567.660690 1.605257 0.059377 11.875414 0.159386 1.270193 254.038546
 35.199997 2.406065 2.530914 0.124848 1.765302 501.552363 2.393220 -0.608772 1000.000000 2.347458 6.760771 100.000000 6.151999 -400568.734560 1.524494 0.107196 21.439235 0.180598 1.630773 326.154595
 35.249997 2.354105 2.472920 0.118814 1.552034 1687.403555 2.393220 -0.608772 1000.000000 2.347458 6.760771 100.000000 6.151999 -400568.022488 1.566533 0.000909 0.181773 0.103288 0.533426 106.685107
 35.299997 2.325389 2.584585 0.259196 5.112033 5163.411702 2.393220 -0.608772 1000.000000 2.347458 6.760771 100.000000 6.151999 -400569.817184 1.573669 0.000413 0.082515 0.073953 0.273454 54.690873
 35.349997 2.312002 2.513966 0.201963 4.684430 6873.614873 2.393220 -0.608772 1000.000000 2.347458 6.760771 100.000000 6.151999 -400571.496391 1.559074 0.006871 1.374189 0.161222 1.299632 259.926334
 35.399997 2.363319 2.563189 0.199869 2.774031 1359.468369 2.393220 -0.608772 1000.000000 2.347458 6.760771 100.000000 6.151999 -400572.126663 1.642445 0.256674 51.334866 0.166964 1.393843 278.768563
 35.449997 2.395006 2.503032 0.108026 1.211756 245.220567 2.393220 -0.608772 1000.000000 2.347458 6.760771 100.000000 6.151999 -400570.021407 1.467704 0.531402 106.280448 0.155849 1.214445 242.888921
 35.499997 2.391510 2.470829 0.079319 0.762482 155.130424 2.393220 -0.608772 1000.000000 2.347458 6.760771 100.000000 6.151999 -400566.442773 1.583624 0.008228 1.645541 0.094435 0.445902 89.180412
 35.549997 2.393816 2.573262 0.179447 2.549567 510.232490 2.393220 -0.608772 1000.000000 2.347458 6.760771 100.000000 6.151999 -400573.541769 1.587212 0.013474 2.694824 0.253872 3.222558 644.511639
 35.599997 2.399306 2.450596 0.051289 0.550391 143.411547 2.393220 -0.608772 1000.000000 2.347458 6.760771 100.000000 6.151999 -400568.624661 1.586142 0.011775 2.354953 0.232917 2.712506 542.501141
 35.649997 2.323527 2.626692 0.303165 6.327178 5636.902250 2.393220 -0.608772 1000.000000 2.347458 6.760771 100.000000 6.151999 -400572.615635 1.573834 0.000461 0.092252 0.113740 0.646842 129.368345
 35.699997 2.317774 2.496305 0.178531 3.953880 5913.768120 2.393220 -0.608772 1000.000000 2.347458 6.760771 100.000000 6.151999 -400568.580810 1.569262 0.000118 0.023542 0.169291 1.432970 286.593910
 35.749997 2.360185 2.574691 0.214506 3.127414 1607.684532 2.393220 -0.608772 1000.000000 2.347458 6.760771 100.000000 6.151999 -400570.914385 1.537738 0.054641 10.928289 0.171349 1.468016 293.603267
 35.799997 2.387056 2.472749 0.085694 0.803903 194.983275 2.393220 -0.608772 1000.000000 2.347458 6.760771 100.000000 6.151999 -400568.480478 1.642409 0.256419 51.283716 0.243650 2.968268 593.653580
 35.849997 2.368069 2.553280 0.185211 2.434443 1056.231743 2.393220 -0.608772 1000.000000 2.347458 6.760771 100.000000 6.151999 -400569.403638 1.607801 0.068468 13.693691 0.190674 1.817823 363.564666
 35.899997 2.389818 2.491309 0.101490 1.040441 218.504071 2.393220 -0.608772 1000.000000 2.347458 6.760771 100.000000 6.151999 -400565.584404 1.547194 0.027854 5.570778 0.075242 0.283068 56.613552
 35.949997 2.390096 2.555185 0.165089 2.162414 441.266864 2.393220 -0.608772 1000.000000 2.347458 6.760771 100.000000 6.151999 -400569.695016 1.563550 0.002626 0.525153 0.105701 0.558632 111.726486
 35.999997 2.352565 2.536830 0.184264 2.619507 2011.450172 2.393220 -0.608772 1000.000000 2.347458 6.760771 100.000000 6.151999 -400569.924949 1.652832 0.336492 67.298307 0.292453 4.276448 855.289594
 36.049997 2.343267 2.526266 0.182998 2.846259 2815.010910 2.393220 -0.608772 1000.000000 2.347458 6.760771 100.000000 6.151999 -400568.201782 1.570345 0.000010 0.002034 0.283990 4.032512 806.502479
 36.099997 2.351380 2.614559 0.263179 4.442447 2464.012028 2.393220 -0.608772 1000.000000 2.347458 6.760771 100.000000 6.151999 -400570.964085 1.627594 0.161297 32.259344 0.101915 0.519337 103.867457
 36.149997 2.355624 2.496978 0.141354 1.824548 1637.029154 2.393220 -0.608772 1000.000000 2.347458 6.760771 100.000000 6.151999 -400568.644315 1.571592 0.000032 0.006328 0.252810 3.195652 639.130378
 36.199997 2.382166 2.572489 0.190323 2.593058 628.582634 2.393220 -0.608772 1000.000000 2.347458 6.760771 100.000000 6.151999 -400570.610070 1.614997 0.097683 19.536688 0.223878 2.506075 501.215043
 36.249997 2.363419 2.480030 0.116611 1.322826 1063.865342 2.393220 -0.608772 1000.000000 2.347458 6.760771 100.000000 6.151999 -400565.354021 1.549889 0.021855 4.371003 0.041473 0.086000 17.199979
 36.299997 2.382892 2.570385 0.187493 2.538166 603.647469 2.393220 -0.608772 1000.000000 2.347458 6.760771 100.000000 6.151999 -400566.853759 1.531658 0.076592 15.318331 0.047990 0.115153 23.030651
 36.349997 2.370077 2.477884 0.107807 1.118352 705.703252 2.393220 -0.608772 1000.000000 2.347458 6.760771 100.000000 6.151999 -400569.536414 1.552622 0.016516 3.303200 0.130873 0.856390 171.277924
 36.399997 2.367137 2.531222 0.164085 2.028639 1018.020506 2.393220 -0.608772 1000.000000 2.347458 6.760771 100.000000 6.151999 -400569.681414 1.595252 0.029905 5.980988 0.243131 2.955642 591.128319
 36.449997 2.360302 2.585210 0.224908 3.368114 1648.884957 2.393220 -0.608772 1000.000000 2.347458 6.760771 100.000000 6.151999 -400571.051585 1.618981 0.116086 23.217272 0.138476 0.958781 191.756253
 36.499997 2.375802 2.455689 0.079888 0.737411 420.548750 2.393220 -0.608772 1000.000000 2.347458 6.760771 100.000000 6.151999 -400566.395624 1.519019 0.134042 26.808409 0.050189 0.125946 25.189140
 36.549997 2.381007 2.540051 0.159044 1.929192 520.084240 2.393220 -0.608772 1000.000000 2.347458 6.760771 100.000000 6.151999 -400569.836397 1.561904 0.003954 0.790764 0.112902 0.637348 127.469504
 36.599997 2.370454 2.546135 0.175681 2.232781 913.023378 2.393220 -0.608772 1000.000000 2.347458 6.760771 100.000000 6.151999 -400569.519515 1.614358 0.094880 18.975932 0.208472 2.173026 434.605167
 36.649997 2.351486 2.537776 0.186291 2.681954 2104.002918 2.393220 -0.608772 1000.000000 2.347458 6.760771 100.000000 6.151999 -400571.377651 1.554421 0.013407 2.681401 0.216519 2.344016 468.803233
 36.699997 2.368429 2.553752 0.185322 2.435162 1040.167239 2.393220 -0.608772 1000.000000 2.347458 6.760771 100.000000 6.151999 -400570.890827 1.641572 0.250458 50.091659 0.171818 1.476073 295.214619
 36.749997 2.357772 2.567098 0.209326 3.040380 1738.975135 2.393220 -0.608772 1000.000000 2.347458 6.760771 100.000000 6.151999 -400571.148383 1.565721 0.001288 0.257560 0.137120 0.940088 188.017629
 36.799997 2.357322 2.466131 0.108809 1.348526 1429.545745 2.393220 -0.608772 1000.000000 2.347458 6.760771 100.000000 6.151999 -400569.502437 1.596573 0.033221 6.644261 0.211384 2.234169 446.833831
 36.849997 2.394693 2.541835 0.147142 1.890210 379.992646 2.393220 -0.608772 1000.000000 2.347458 6.760771 100.000000 6.151999 -400570.990647 1.579787 0.004041 0.808266 0.158919 1.262760 252.552013
 36.899997 2.363998 2.438185 0.074188 0.838559 936.281421 2.393220 -0.608772 1000.000000 2.347458 6.760771 100.000000 6.151999 -400568.386369 1.528659 0.088778 17.755511 0.116133 0.674348 134.869555
 36.949997 2.376831 2.601645 0.224814 3.364861 914.717824 2.393220 -0.608772 1000.000000 2.347458 6.760771 100.000000 6.151999 -400568.617514 1.578469 0.002944 0.588726 0.099760 0.497602 99.520459
 36.999997 2.347414 2.472834 0.125420 1.835054 2255.377235 2.393220 -0.608772 1000.000000 2.347458 6.760771 100.000000 6.151999 -400567.934247 1.520581 0.126079 25.215784 0.090904 0.413179 82.635787
 37.049997 2.385801 2.535226 0.149425 1.790369 407.620309 2.393220 -0.608772 1000.000000 2.347458 6.760771 100.000000 6.151999 -400568.314021 1.649426 0.309133 61.826626 0.137790 0.949304 189.860746
 37.099997 2.373094 2.515657 0.142562 1.617075 687.962106 2.393220 -0.608772 1000.000000 2.347458 6.760771 100.000000 6.151999 -400568.401573 1.528424 0.089770 17.953909 0.202144 2.043105 408.621031
 37.149997 2.353830 2.490441 0.136611 1.798011 1756.043110 2.393220 -0.608772 1000.000000 2.347458 6.760771 100.000000 6.151999 -400568.131006 1.613336 0.090482 18.096400 0.169446 1.435602 287.120402
 37.199997 2.366755 2.545312 0.178557 2.307535 1091.901524 2.393220 -0.608772 1000.000000 2.347458 6.760771 100.000000 6.151999 -400570.786188 1.566040 0.001131 0.226197 0.110700 0.612730 122.545901
 37.249997 2.343491 2.490066 0.146574 2.253332 2676.333094 2.393220 -0.608772 1000.000000 2.347458 6.760771 100.000000 6.151999 -400568.637536 1.616469 0.104300 20.860049 0.142449 1.014581 202.916229
 37.299997 2.324933 2.553195 0.228262 4.447954 5086.399418 2.393220 -0.608772 1000.000000 2.347458 6.760771 100.000000 6.151999 -400570.346984 1.575517 0.001114 0.222819 0.179931 1.618750 323.750092
 37.349997 2.381901 2.467255 0.085354 0.781640 271.651551 2.393220 -0.608772 1000.000000 2.347458 6.760771 100.000000 6.151999 -400567.187129 1.592674 0.023932 4.786470 0.140392 0.985490 197.098040
 37.399997 2.416570 2.577513 0.160943 2.918868 1074.448407 2.393220 -0.608772 1000.000000 2.347458 6.760771 100.000000 6.151999 -400567.313413 1.570101 0.000024 0.004833 0.127241 0.809514 161.902874
 37.449997 2.378657 2.398789 0.020131 0.237785 238.431823 2.393220 -0.608772 1000.000000 2.347458 6.760771 100.000000 6.151999 -400563.782248 1.542848 0.039054 7.810897 0.130342 0.849455 169.890952
 37.499997 2.402393 2.602076 0.199683 3.283607 732.447546 2.393220 -0.608772 1000.000000 2.347458 6.760771 100.000000 6.151999 -400569.616623 1.592111 0.022715 4.543004 0.167511 1.403002 280.600390
 37.549997 2.364244 2.493181 0.128937 1.481576 1051.980646 2.393220 -0.608772 1000.000000 2.347458 6.760771 100.000000 6.151999 -400567.369786 1.578888 0.003273 0.654672 0.164701 1.356314 271.262798
 37.599997 2.322479 2.516312 0.193833 3.927756 5289.459263 2.393220 -0.608772 1000.000000 2.347458 6.760771 100.000000 6.151999 -400567.725336 1.540428 0.046111 9.222177 0.142341 1.013049 202.609784
 37.649997 2.395544 2.542386 0.146843 1.902562 385.370405 2.393220 -0.608772 1000.000000 2.347458 6.760771 100.000000 6.151999 -400566.242822 1.524556 0.106910 21.382091 0.082451 0.339909 67.981788
 37.699997 2.350157 2.475126 0.124969 1.742176 2017.416518 2.393220 -0.608772 1000.000000 2.347458 6.760771 100.000000 6.151999 -400566.694184 1.558485 0.007578 1.515626 0.004017 0.000807 0.161385
 37.749997 2.416178 2.561427 0.145249 2.552674 984.886800 2.393220 -0.608772 1000.000000 2.347458 6.760771 100.000000 6.151999 -400569.246153 1.491728 0.312587 62.517352 0.033665 0.056666 11.333177
 37.799997 2.352825 2.468725 0.115900 1.551176 1778.825153 2.393220 -0.608772 1000.000000 2.347458 6.760771 100.000000 6.151999 -400568.220407 1.565051 0.001650 0.330042 0.138419 0.957988 191.597504
 37.849997 2.393834 2.502822 0.108988 1.207097 241.758212 2.393220 -0.608772 1000.000000 2.347458 6.760771 100.000000 6.151999 -400568.497582 1.612050 0.085094 17.018847 0.218433 2.385643 477.128675
 37.899997 2.353317 2.648600 0.295283 5.330461 2499.114238 2.393220 -0.608772 1000.000000 2.347458 6.760771 100.000000 6.151999 -400569.255941 1.594361 0.027764 5.552859 0.202625 2.052839 410.567714
 37.949997 2.329257 2.389968 0.060711 2.136035 4109.428213 2.393220 -0.608772 1000.000000 2.347458 6.760771 100.000000 6.151999 -400565.664161 1.598791 0.039184 7.836817 0.168398 1.417890 283.578012
 37.999997 2.393351 2.661888 0.268537 4.943332 988.681864 2.393220 -0.608772 1000.000000 2.347458 6.760771 100.000000 6.151999 -400568.749188 1.493996 0.294913 58.982678 0.122536 0.750750 150.150052
 38.049997 2.400454 2.478809 0.078355 0.888822 224.856352 2.393220 -0.608772 1000.000000 2.347458 6.760771 100.000000 6.151999 -400565.102241 1.609853 0.076273 15.254574 0.059980 0.179881 35.976242
 38.099997 2.362426 2.522220 0.159794 2.001237 1253.697658 2.393220 -0.608772 1000.000000 2.347458 6.760771 100.000000 6.151999 -400568.652631 1.618574 0.114137 22.827320 0.230989 2.667792 533.558316
 38.149997 2.401067 2.578729 0.177662 2.705108 596.438376 2.393220 -0.608772 1000.000000 2.347458 6.760771 100.000000 6.151999 -400568.743026 1.501384 0.240904 48.180720 0.270786 3.666260 733.252077
 38.199997 2.392662 2.463061 0.070400 0.668368 133.954293 2.393220 -0.608772 1000.000000 2.347458 6.760771 100.000000 6.151999 -400568.078152 1.649263 0.307849 61.569831 0.166395 1.384372 276.874487
 38.249997 2.365305 2.553065 0.187761 2.503368 1202.033801 2.393220 -0.608772 1000.000000 2.347458 6.760771 100.000000 6.151999 -400566.675425 1.462174 0.589945 117.989072 0.204689 2.094877 418.975491
 38.299997 2.385203 2.526133 0.140930 1.628382 383.527548 2.393220 -0.608772 1000.000000 2.347458 6.760771 100.000000 6.151999 -400569.800353 1.612198 0.085706 17.141280 0.101706 0.517209 103.441768
 38.349997 2.358366 2.471929 0.113563 1.382068 1369.755183 2.393220 -0.608772 1000.000000 2.347458 6.760771 100.000000 6.151999 -400568.228055 1.586752 0.012730 2.545934 0.152783 1.167127 233.425481
 38.399997 2.338655 2.627825 0.289170 5.418968 3763.418425 2.393220 -0.608772 1000.000000 2.347458 6.760771 100.000000 6.151999 -400571.305486 1.472951 0.478685 95.736905 0.146253 1.069493 213.898529
 38.449997 2.331068 2.469813 0.138746 2.680030 4012.677855 2.393220 -0.608772 1000.000000 2.347458 6.760771 100.000000 6.151999 -400568.207400 1.622420 0.133249 26.649885 0.068654 0.235669 47.133722
 38.499997 2.383651 2.596675 0.213024 3.151243 712.668625 2.393220 -0.608772 1000.000000 2.347458 6.760771 100.000000 6.151999 -400570.498487 1.491378 0.315365 63.072935 0.165198 1.364513 272.902617
 38.549997 2.372916 2.544197 0.171282 2.141468 799.348561 2.393220 -0.608772 1000.000000 2.347458 6.760771 100.000000 6.151999 -400571.078262 1.635408 0.208732 41.746314 0.259761 3.373780 674.756078
 38.599997 2.386287 2.467312 0.081025 0.742289 191.717219 2.393220 -0.608772 1000.000000 2.347458 6.760771 100.000000 6.151999 -400568.953581 1.538823 0.051116 10.223113 0.165849 1.375287 275.057476
 38.649997 2.407064 2.581874 0.174810 2.843362 741.149728 2.393220 -0.608772 1000.000000 2.347458 6.760771 100.000000 6.151999 -400569.047877 1.435760 0.911737 182.347343 0.017133 0.014677 2.935301
 38.699997 2.362079 2.477966 0.115887 1.336513 1140.108904 2.393220 -0.608772 1000.000000 2.347458 6.760771 100.000000 6.151999 -400567.335541 1.654097 0.346950 69.389997 0.079460 0.315693 63.138506
 38.749997 2.332930 2.656676 0.323746 6.598288 4591.130112 2.393220 -0.608772 1000.000000 2.347458 6.760771 100.000000 6.151999 -400573.287553 1.473074 0.477485 95.496977 0.232737 2.708327 541.665441
 38.799997 2.372686 2.512502 0.139817 1.572826 694.074299 2.393220 -0.608772 1000.000000 2.347458 6.760771 100.000000 6.151999 -400568.148334 1.603437 0.053271 10.654113 0.327668 5.368329 1073.665895
 38.849997 2.364993 2.531291 0.166298 2.088127 1134.744750 2.393220 -0.608772 1000.000000 2.347458 6.760771 100.000000 6.151999 -400571.040404 1.670400 0.496047 99.209319 0.166901 1.392795 278.558935
 38.899997 2.416450 2.510701 0.094251 1.602232 806.107074 2.393220 -0.608772 1000.000000 2.347458 6.760771 100.000000 6.151999 -400561.388892 1.377535 1.867494 373.498891 0.035925 0.064529 12.905776
 38.949997 2.382995 2.529430 0.146435 1.707972 435.693178 2.393220 -0.608772 1000.000000 2.347458 6.760771 100.000000 6.151999 -400561.876555 1.501617 0.239288 47.857647 0.103309 0.533634 106.726739
 38.999997 2.386082 2.526768 0.140686 1.633092 372.477465 2.393220 -0.608772 1000.000000 2.347458 6.760771 100.000000 6.151999 -400565.631496 1.526877 0.096445 19.289013 0.119233 0.710826 142.165132
 39.049997 2.382645 2.521058 0.138413 1.562779 413.214033 2.393220 -0.608772 1000.000000 2.347458 6.760771 100.000000 6.151999 -400569.020984 1.637444 0.222095 44.418920 0.171331 1.467711 293.542153
 39.099997 2.373458 2.544159 0.170701 2.129845 777.469695 2.393220 -0.608772 1000.000000 2.347458 6.760771 100.000000 6.151999 -400570.231988 1.529761 0.084195 16.838927 0.210752 2.220810 444.161956
 39.149997 2.417583 2.456351 0.038768 0.889661 712.114431 2.393220 -0.608772 1000.000000 2.347458 6.760771 100.000000 6.151999 -400566.348072 1.615395 0.099451 19.890232 0.104394 0.544908 108.981597
 39.199997 2.363740 2.560719 0.196978 2.708546 1323.872369 2.393220 -0.608772 1000.000000 2.347458 6.760771 100.000000 6.151999 -400569.198330 1.488523 0.338442 67.688336 0.107579 0.578667 115.733416
 39.249997 2.369346 2.495096 0.125750 1.374849 787.953561 2.393220 -0.608772 1000.000000 2.347458 6.760771 100.000000 6.151999 -400568.324301 1.559716 0.006138 1.227659 0.170648 1.456031 291.206262
 39.299997 2.350011 2.478339 0.128328 1.790016 2038.339740 2.393220 -0.608772 1000.000000 2.347458 6.760771 100.000000 6.151999 -400569.865389 1.624800 0.145820 29.164064 0.192207 1.847181 369.436266
 39.349997 2.353676 2.575437 0.221760 3.380586 2083.476629 2.393220 -0.608772 1000.000000 2.347458 6.760771 100.000000 6.151999 -400569.124911 1.563594 0.002594 0.518766 0.113367 0.642608 128.521674
 39.399997 2.343900 2.448206 0.104306 1.723760 2533.995804 2.393220 -0.608772 1000.000000 2.347458 6.760771 100.000000 6.151999 -400566.565362 1.593559 0.025907 5.181364 0.118727 0.704800 140.959965
 39.449997 2.358019 2.553771 0.195751 2.747805 1664.751700 2.393220 -0.608772 1000.000000 2.347458 6.760771 100.000000 6.151999 -400568.838548 1.500366 0.248019 49.603860 0.139524 0.973347 194.669334
 39.499997 2.376402 2.486145 0.109743 1.103133 475.194937 2.393220 -0.608772 1000.000000 2.347458 6.760771 100.000000 6.151999 -400568.176584 1.632038 0.187527 37.505320 0.129130 0.833729 166.745848
 39.549997 2.364825 2.535153 0.170328 2.164629 1158.613107 2.393220 -0.608772 1000.000000 2.347458 6.760771 100.000000 6.151999 -400568.252619 1.504341 0.220818 44.163691 0.184883 1.709089 341.817810
 39.599997 2.369324 2.524667 0.155343 1.855672 885.053654 2.393220 -0.608772 1000.000000 2.347458 6.760771 100.000000 6.151999 -400570.235658 1.575197 0.000968 0.193617 0.150619 1.134307 226.861406
 39.649997 2.371259 2.534734 0.163475 1.994779 833.028318 2.393220 -0.608772 1000.000000 2.347458 6.760771 100.000000 6.151999 -400569.425250 1.543880 0.036224 7.244735 0.021198 0.022469 4.493764
 39.699997 2.341776 2.523877 0.182101 2.879436 2957.724370 2.393220 -0.608772 1000.000000 2.347458 6.760771 100.000000 6.151999 -400569.660470 1.525300 0.103495 20.699035 0.164892 1.359475 271.895044
 39.749997 2.403116 2.550122 0.147006 2.102598 508.651018 2.393220 -0.608772 1000.000000 2.347458 6.760771 100.000000 6.151999 -400569.226015 1.643614 0.265121 53.024221 0.183591 1.685282 337.056453
 39.799997 2.371855 2.416689 0.044834 0.467889 504.412805 2.393220 -0.608772 1000.000000 2.347458 6.760771 100.000000 6.151999 -400565.241374 1.478111 0.429524 85.904891 0.176163 1.551676 310.335291
 39.849997 2.400068 2.527608 0.127540 1.646156 371.436139 2.393220 -0.608772 1000.000000 2.347458 6.760771 100.000000 6.151999 -400568.852454 1.618821 0.115317 23.063307 0.162878 1.326468 265.293687
 39.899997 2.354195 2.526833 0.172638 2.370267 1844.747047 2.393220 -0.608772 1000.000000 2.347458 6.760771 100.000000 6.151999 -400571.203347 1.586343 0.012086 2.417127 0.118795 0.705615 141.123036
 39.949997 2.361710 2.483039 0.121329 1.415560 1176.700590 2.393220 -0.608772 1000.000000 2.347458 6.760771 100.000000 6.151999 -400570.657682 1.547776 0.026496 5.299226 0.162309 1.317207 263.441333
 39.999997 2.356175 2.575574 0.219398 3.288018 1892.716835 2.393220 -0.608772 1000.000000 2.347458 6.760771 100.000000 6.151999 -400570.368374 1.698437 0.814603 162.920582 0.204247 2.085848 417.169676
