#! FIELDS time d1 d2 rc steer.bias steer.force2 steer.d1_cntr steer.d1_work steer.d1_kappa steer.d2_cntr steer.d2_work steer.d2_kappa steer.work ener an res.bias res.force2 an2 res2.bias res2.force2
 0.000000 2.644139 1.840637 -0.803502 0.008586 17.136183 2.640000 0.000000 1000.000000 1.840000 0.000000 100.000000 0.000000 -400576.064421 1.275815 4.350712 870.142465 0.097644 0.476720 95.344035
 0.050000 2.639690 1.845941 -0.793748 0.001813 0.449202 2.640000 0.000000 1000.000000 1.840000 0.000000 100.000000 0.000000 -400569.793360 1.450343 0.725453 145.090560 0.106380 0.565834 113.166800
 0.100000 2.630186 1.884837 -0.745348 0.148678 116.421843 2.640000 0.000000 1000.000000 1.840000 0.000000 100.000000 0.000000 -400573.920219 1.348911 2.461663 492.332638 0.117738 0.693114 138.622893
 0.150000 2.624312 1.835705 -0.788607 0.123983 246.305468 2.640000 0.000000 1000.000000 1.840000 0.000000 100.000000 0.000000 -400571.871467 1.368870 2.038705 407.740990 0.036986 0.068398 13.679596
 0.200000 2.629809 1.837288 -0.792521 0.052296 103.930475 2.640000 0.000000 1000.000000 1.840000 0.000000 100.000000 0.000000 -400571.872378 1.368179 2.052681 410.536187 0.132289 0.875013 175.002699
 0.250000 2.645540 1.871648 -0.773892 0.065424 40.706867 2.640000 0.000000 1000.000000 1.840000 0.000000 100.000000 0.000000 -400573.041722 1.394769 1.549287 309.857396 0.133615 0.892649 178.529854
 0.300000 2.652646 1.863389 -0.789256 0.107308 165.380376 2.640000 0.000000 1000.000000 1.840000 0.000000 100.000000 0.000000 -400571.453895 1.374118 1.934112 386.822385 0.046573 0.108450 21.690052
 0.350000 2.633860 1.832116 -0.801743 0.021960 38.326688 2.640000 0.000000 1000.000000 1.840000 0.000000 100.000000 0.000000 -400574.578635 1.334569 2.790179 558.035747 0.110731 0.613066 122.613142
 0.400000 2.628503 1.815304 -0.813199 0.096585 138.279615 2.640000 0.000000 1000.000000 1.840000 0.000000 100.000000 0.000000 -400571.843565 1.411817 1.263724 252.744731 0.125063 0.782044 156.408709
 0.450000 2.632901 1.899998 -0.732903 0.205188 86.399394 2.640000 0.000000 1000.000000 1.840000 0.000000 100.000000 0.000000 -400572.308458 1.319979 3.145475 629.095090 0.075077 0.281824 56.364832
 0.500000 2.624219 1.881275 -0.742944 0.209701 266.074287 2.640000 0.000000 1000.000000 1.840000 0.000000 100.000000 0.000000 -400571.310983 1.430148 0.989095 197.818919 0.081989 0.336112 67.222400
 0.550000 2.597241 1.842829 -0.754412 0.158080 269.279344 2.613492 -0.177653 1000.000000 1.865653 0.002513 100.000000 -0.175140 -400571.781479 1.363010 2.158765 431.752955 0.146895 1.078902 215.780448
 0.600000 2.619075 1.822300 -0.796775 0.753043 1077.537176 2.586983 -0.142741 1000.000000 1.891305 0.018142 100.000000 -0.124599 -400572.065436 1.344684 2.556332 511.266447 0.040132 0.080528 16.105600
 0.650000 2.602384 1.894369 -0.708015 0.903727 1761.530986 2.560475 -0.092183 1000.000000 1.916958 0.060779 100.000000 -0.031404 -400572.293682 1.372711 1.961893 392.378656 0.099481 0.494820 98.964011
 0.700000 2.514754 1.908022 -0.606732 0.244369 381.066204 2.533966 -0.220818 1000.000000 1.942610 0.237059 100.000000 0.016241 -400570.185367 1.433667 0.940224 188.044826 0.150527 1.132920 226.584064
 0.750000 2.484105 1.886754 -0.597352 0.604855 611.772846 2.507458 -0.198240 1000.000000 1.968263 0.367454 100.000000 0.169213 -400570.892863 1.393117 1.578490 315.698092 0.049124 0.120656 24.131190
 0.800000 2.458956 1.950513 -0.508442 0.336043 502.550329 2.480949 -0.110666 1000.000000 1.993915 0.509147 100.000000 0.398481 -400570.008478 1.380521 1.810231 362.046166 0.103753 0.538233 107.646676
 0.850000 2.444460 1.938824 -0.505636 0.375788 164.812081 2.454441 -0.196149 1000.000000 2.019568 0.781097 100.000000 0.584948 -400569.477279 1.511936 0.173226 34.645183 0.169957 1.444261 288.852288
 0.900000 2.399320 1.929423 -0.469897 1.079779 952.749875 2.427932 -0.067029 1000.000000 2.045220 1.041080 100.000000 0.974051 -400570.602495 1.371855 1.978886 395.777245 0.082947 0.344012 68.802425
 0.950000 2.392347 2.010516 -0.381831 0.223339 118.816978 2.401424 0.012191 1000.000000 2.070873 1.258419 100.000000 1.270610 -400568.389734 1.458588 0.629530 125.906072 0.054781 0.150049 30.009722
 1.000000 2.382134 1.954198 -0.427936 1.038913 254.678714 2.374915 0.066566 1000.000000 2.096525 1.618687 100.000000 1.685253 -400570.406921 1.420525 1.129073 225.814666 0.177681 1.578533 315.706573
 1.050000 2.353917 1.955296 -0.398622 1.407671 308.864118 2.348407 0.249155 1000.000000 2.122178 1.923706 100.000000 2.172861 -400570.474099 1.440911 0.843504 168.700768 0.079492 0.315945 63.189068
 1.100000 2.362755 2.064184 -0.298571 1.184460 1739.207778 2.321898 0.326675 1000.000000 2.147831 2.279426 100.000000 2.606101 -400569.349336 1.432066 0.962300 192.459963 0.082267 0.338394 67.678821
 1.150000 2.305888 1.936021 -0.369867 2.874513 674.086001 2.295390 0.528224 1000.000000 2.173483 2.610638 100.000000 3.138863 -400571.785416 1.435125 0.920335 184.067082 0.136183 0.927293 185.458599
 1.200000 2.284102 2.140780 -0.143322 0.286104 265.727807 2.268881 0.534009 1000.000000 2.199136 2.980215 100.000000 3.514224 -400566.993750 1.465776 0.551462 110.292324 0.081322 0.330662 66.132328
 1.250000 2.273344 2.028639 -0.244704 2.403316 1343.943950 2.242373 0.594164 1000.000000 2.224788 3.260028 100.000000 3.854192 -400569.036028 1.448158 0.752004 150.400722 0.057491 0.165259 33.051872
 1.300000 2.223055 2.170544 -0.052511 0.345025 115.541255 2.215864 0.603823 1000.000000 2.250441 3.585054 100.000000 4.188877 -400565.939337 1.492834 0.303908 60.781607 0.163928 1.343616 268.723236
 1.350000 2.180628 2.121367 -0.059261 1.235107 315.582788 2.189356 0.473185 1000.000000 2.276093 3.907314 100.000000 4.380499 -400566.649469 1.470117 0.506821 101.364172 0.043200 0.093312 18.662492
 1.400000 2.157128 2.409620 0.252493 0.598206 149.086708 2.162847 0.203775 1000.000000 2.301746 3.971113 100.000000 4.174888 -400565.299157 1.558234 0.007891 1.578194 0.058344 0.170199 34.039875
 1.450000 2.088942 2.375066 0.286124 1.236846 2269.191253 2.136339 -0.324045 1000.000000 2.327398 3.689077 100.000000 3.365031 -400566.610770 1.527336 0.094439 18.887881 0.084857 0.360031 72.006271
 1.500000 2.072650 2.278763 0.206113 0.967139 1437.591345 2.109831 -0.863299 1000.000000 2.353051 3.863596 100.000000 3.000297 -400566.242465 1.574695 0.000760 0.151984 0.047455 0.112598 22.519522
 1.550000 2.043638 2.593775 0.550137 3.100208 2037.402105 2.083322 -1.620787 1000.000000 2.378703 3.703576 100.000000 2.082789 -400570.653185 1.556347 0.010438 2.087697 0.062280 0.193940 38.788024
 1.600000 2.021431 2.490724 0.469294 0.998951 1326.546668 2.056814 -2.506757 1000.000000 2.404356 3.212371 100.000000 0.705614 -400569.883771 1.578719 0.003138 0.627632 0.054116 0.146425 29.284999
 1.650000 1.992396 2.454945 0.462549 0.749633 1443.300907 2.030305 -3.594867 1000.000000 2.430008 3.186870 100.000000 -0.407996 -400569.927146 1.578425 0.002910 0.581980 0.051930 0.134838 26.967576
 1.700000 1.972131 2.679795 0.707664 3.013162 1505.093381 2.003797 -4.815463 1000.000000 2.455661 2.774296 100.000000 -2.041168 -400573.601425 1.557568 0.008749 1.749851 0.077496 0.300285 60.056962
 1.750000 1.919979 2.508267 0.588287 1.678468 3291.553623 1.977288 -6.137085 1000.000000 2.481314 2.450133 100.000000 -3.686952 -400574.374634 1.611314 0.082085 16.417037 0.061048 0.186345 37.269030
 1.800000 1.909671 2.701530 0.791859 2.737698 2068.437273 1.950780 -7.670026 1000.000000 2.506966 2.238949 100.000000 -5.431077 -400577.728547 1.570777 0.000000 0.000004 0.046872 0.109849 21.969813
 1.850000 1.877673 2.664649 0.786976 1.957286 2345.680916 1.924271 -8.998980 1000.000000 2.532619 1.643980 100.000000 -7.354999 -400577.858175 1.583451 0.008007 1.601369 0.088824 0.394483 78.896558
 1.900000 1.843941 2.661800 0.817858 1.984273 3003.916160 1.897763 -10.886167 1000.000000 2.558271 1.487933 100.000000 -9.398234 -400581.786147 1.567747 0.000465 0.093003 0.081434 0.331574 66.314899
 1.950000 1.825709 2.810509 0.984801 3.604253 2587.823239 1.871254 -12.528649 1000.000000 2.583924 0.902026 100.000000 -11.626623 -400583.634803 1.541657 0.042456 8.491190 0.038162 0.072818 14.563617
 2.000000 1.803331 2.625166 0.821835 0.869749 1717.625665 1.844746 -14.419193 1000.000000 2.609576 0.622017 100.000000 -13.797176 -400583.746821 1.623520 0.138991 27.798174 0.083863 0.351648 70.329566
 2.050000 1.775130 2.899957 1.124827 4.433158 2559.043292 1.818237 -16.276441 1000.000000 2.635229 0.196383 100.000000 -16.080058 -400587.951825 1.479515 0.416615 83.323089 0.119997 0.719961 143.992290
 2.100000 1.733764 2.711295 0.977531 1.807059 3385.378581 1.791729 -18.284189 1000.000000 2.660881 -0.295531 100.000000 -18.579720 -400588.072940 1.595237 0.029868 5.973535 0.113448 0.643525 128.705078
 2.150000 1.734129 2.868089 1.133960 2.131462 1296.323490 1.765220 -20.217209 1000.000000 2.686534 -0.533415 100.000000 -20.750624 -400591.126220 1.601012 0.045648 9.129688 0.052926 0.140060 28.011901
 2.200000 1.685603 2.855988 1.170385 2.444220 3027.351247 1.738712 -21.926784 1000.000000 2.712186 -1.137755 100.000000 -23.064538 -400595.726295 1.648490 0.301817 60.363467 0.099317 0.493195 98.639054
 2.250000 1.651416 2.842003 1.190588 2.390069 3803.615477 1.712203 -23.879077 1000.000000 2.737839 -1.288026 100.000000 -25.167103 -400597.785090 1.587103 0.013296 2.659128 0.123301 0.760154 152.030818
 2.300000 1.607948 2.957248 1.349301 4.899401 6420.051982 1.685695 -25.690944 1000.000000 2.763492 -1.862565 100.000000 -27.553509 -400602.504576 1.583677 0.008296 1.659210 0.103659 0.537262 107.452361
 2.350000 1.585557 2.870457 1.284900 3.041207 5487.347253 1.659186 -27.496560 1000.000000 2.789144 -2.057250 100.000000 -29.553810 -400601.468034 1.710788 0.979888 195.977681 0.089059 0.396576 79.315174
 2.400000 1.560009 3.005136 1.445127 4.451828 5643.034790 1.632678 -29.051347 1000.000000 2.814797 -2.465637 100.000000 -31.516983 -400606.078591 1.594730 0.028641 5.728135 0.107987 0.583061 116.612266
 2.450000 1.565795 2.900641 1.334846 0.996199 1666.317766 1.606169 -30.539847 1000.000000 2.840449 -2.794089 100.000000 -33.333936 -400605.066136 1.638792 0.231174 46.234788 0.135848 0.922729 184.545840
 2.500000 1.529462 3.072486 1.543024 3.389683 2945.856909 1.579661 -31.944139 1000.000000 2.866102 -3.067610 100.000000 -35.011749 -400607.837675 1.631319 0.183152 36.630436 0.126961 0.805955 161.191012
 2.550000 1.513958 2.909984 1.396027 2.254744 4336.177251 1.579661 -31.944139 1000.000000 2.866102 -3.067610 100.000000 -35.011749 -400606.912552 1.642875 0.259764 51.952844 0.076822 0.295085 59.016912
 2.600000 1.522209 3.042733 1.520524 3.210311 3612.741174 1.579661 -31.944139 1000.000000 2.866102 -3.067610 100.000000 -35.011749 -400609.260087 1.661318 0.409712 81.942307 0.128414 0.824509 164.901722
 2.650000 1.541519 2.992691 1.451172 1.528663 1615.090998 1.579661 -31.944139 1000.000000 2.866102 -3.067610 100.000000 -35.011749 -400608.124899 1.615530 0.100056 20.011236 0.132973 0.884095 176.819036
 2.700000 1.526503 2.956388 1.429885 1.820470 2907.298454 1.579661 -31.944139 1000.000000 2.866102 -3.067610 100.000000 -35.011749 -400606.129476 1.619590 0.119040 23.807985 0.116730 0.681298 136.259679
 2.750000 1.528239 3.012374 1.484134 2.391865 2858.131922 1.579661 -31.944139 1000.000000 2.866102 -3.067610 100.000000 -35.011749 -400608.130545 1.684480 0.646195 129.238991 0.107278 0.575430 115.085934
 2.800000 1.524787 2.949184 1.424397 1.850715 3080.184797 1.579661 -31.944139 1000.000000 2.866102 -3.067610 100.000000 -35.011749 -400608.296737 1.655870 0.361878 72.375612 0.114208 0.652178 130.435620
 2.850000 1.531279 3.024487 1.493208 2.424718 2591.705719 1.579661 -31.944139 1000.000000 2.866102 -3.067610 100.000000 -35.011749 -400608.434481 1.578092 0.002662 0.532320 0.148268 1.099174 219.834895
 2.900000 1.543327 2.947817 1.404490 0.993956 1386.944247 1.579661 -31.944139 1000.000000 2.866102 -3.067610 100.000000 -35.011749 -400604.516508 1.664688 0.440781 88.156158 0.103140 0.531891 106.378170
 2.950000 1.530820 3.018998 1.488178 2.361578 2619.206335 1.579661 -31.944139 1000.000000 2.866102 -3.067610 100.000000 -35.011749 -400606.192940 1.679171 0.587259 117.451738 0.116192 0.675032 135.006337
 3.000000 1.534052 2.936225 1.402173 1.285953 2129.346803 1.579661 -31.944139 1000.000000 2.866102 -3.067610 100.000000 -35.011749 -400606.973189 1.653059 0.338357 67.671361 0.105828 0.559973 111.994674
 3.050000 1.534325 3.058145 1.523820 2.871695 2424.134738 1.579661 -31.944139 1000.000000 2.866102 -3.067610 100.000000 -35.011749 -400607.733997 1.560167 0.005650 1.129926 0.168950 1.427197 285.439344
 3.100000 1.551783 2.922070 1.370287 0.545212 808.506614 1.579661 -31.944139 1000.000000 2.866102 -3.067610 100.000000 -35.011749 -400606.295640 1.611674 0.083548 16.709688 0.105730 0.558940 111.788096
 3.150000 1.531046 3.026293 1.495247 2.464756 2619.985980 1.579661 -31.944139 1000.000000 2.866102 -3.067610 100.000000 -35.011749 -400605.999025 1.719950 1.112335 222.467020 0.089331 0.399001 79.800200
 3.200000 1.533433 2.942551 1.409118 1.360719 2195.430393 1.579661 -31.944139 1000.000000 2.866102 -3.067610 100.000000 -35.011749 -400606.360171 1.687796 0.684448 136.889656 0.108533 0.588971 117.794180
 3.250000 1.520260 3.025972 1.505713 3.042182 3784.085391 1.579661 -31.944139 1000.000000 2.866102 -3.067610 100.000000 -35.011749 -400607.564763 1.485668 0.362338 72.467511 0.165492 1.369374 273.874804
 3.300000 1.537147 3.019883 1.482736 2.086142 2043.901154 1.579661 -31.944139 1000.000000 2.866102 -3.067610 100.000000 -35.011749 -400607.268405 1.580009 0.004244 0.848709 0.163170 1.331226 266.245285
 3.350000 1.533268 2.958207 1.424939 1.500314 2237.126770 1.579661 -31.944139 1000.000000 2.866102 -3.067610 100.000000 -35.011749 -400606.774015 1.707672 0.936747 187.349322 0.067487 0.227727 45.545328
 3.400000 1.520079 3.024778 1.504700 3.033950 3801.857311 1.579661 -31.944139 1000.000000 2.866102 -3.067610 100.000000 -35.011749 -400607.604585 1.695130 0.772945 154.588913 0.063201 0.199717 39.943381
 3.450000 1.506502 2.941580 1.435078 2.960945 5409.162686 1.579661 -31.944139 1000.000000 2.866102 -3.067610 100.000000 -35.011749 -400608.569503 1.579563 0.003843 0.768558 0.156946 1.231604 246.320828
 3.500000 1.543824 3.089270 1.545446 3.132349 1782.311679 1.579661 -31.944139 1000.000000 2.866102 -3.067610 100.000000 -35.011749 -400608.121166 1.481405 0.399543 79.908503 0.180939 1.636939 327.387891
 3.550000 1.518587 2.918967 1.400380 2.004745 3757.961397 1.579661 -31.944139 1000.000000 2.866102 -3.067610 100.000000 -35.011749 -400607.672876 1.684347 0.644693 128.938589 0.100760 0.507633 101.526662
 3.600000 1.514510 3.052595 1.538085 3.861293 4592.402746 1.579661 -31.944139 1000.000000 2.866102 -3.067610 100.000000 -35.011749 -400607.887372 1.695722 0.780327 156.065398 0.042894 0.091995 18.399081
 3.650000 1.543190 2.926267 1.383077 0.846065 1366.337661 1.579661 -31.944139 1000.000000 2.866102 -3.067610 100.000000 -35.011749 -400607.541778 1.628711 0.167703 33.540591 0.121482 0.737897 147.579387
 3.700000 1.546550 3.060597 1.514047 2.439594 1474.628674 1.579661 -31.944139 1000.000000 2.866102 -3.067610 100.000000 -35.011749 -400607.415806 1.537440 0.055633 11.126506 0.178863 1.599592 319.918302
 3.750000 1.545916 2.963730 1.417814 1.045918 1234.021492 1.579661 -31.944139 1000.000000 2.866102 -3.067610 100.000000 -35.011749 -400605.636034 1.584799 0.009804 1.960716 0.104881 0.550001 110.000106
 3.800000 1.532905 2.936925 1.404021 1.343884 2236.328169 1.579661 -31.944139 1000.000000 2.866102 -3.067610 100.000000 -35.011749 -400604.760935 1.690035 0.710894 142.178791 0.042886 0.091961 18.392237
 3.850000 1.544588 3.090000 1.545412 3.121576 1731.408216 1.579661 -31.944139 1000.000000 2.866102 -3.067610 100.000000 -35.011749 -400608.051484 1.699249 0.825004 165.000780 0.107856 0.581645 116.329069
 3.900000 1.526188 2.913373 1.387184 1.541395 2881.682732 1.579661 -31.944139 1000.000000 2.866102 -3.067610 100.000000 -35.011749 -400605.657018 1.534976 0.064153 12.830674 0.160568 1.289098 257.819580
 3.950000 1.564329 3.015331 1.451003 1.231017 457.779941 1.579661 -31.944139 1000.000000 2.866102 -3.067610 100.000000 -35.011749 -400605.454981 1.547727 0.026609 5.321763 0.108804 0.591912 118.382428
 4.000000 1.522876 2.955546 1.432671 2.012309 3304.587742 1.579661 -31.944139 1000.000000 2.866102 -3.067610 100.000000 -35.011749 -400606.829790 1.755794 1.711210 342.242001 0.087174 0.379966 75.993191
 4.050000 1.525771 3.047732 1.521961 3.101542 3234.031943 1.579661 -31.944139 1000.000000 2.866102 -3.067610 100.000000 -35.011749 -400607.533173 1.632645 0.191260 38.251998 0.083786 0.351004 70.200711
 4.100000 1.538572 2.913675 1.375103 0.957328 1710.966005 1.579661 -31.944139 1000.000000 2.866102 -3.067610 100.000000 -35.011749 -400606.471622 1.515270 0.154161 30.832218 0.147396 1.086281 217.256205
 4.150000 1.548432 3.066562 1.518130 2.496844 1377.114466 1.579661 -31.944139 1000.000000 2.866102 -3.067610 100.000000 -35.011749 -400608.102753 1.656705 0.369014 73.802893 0.132223 0.874151 174.830188
 4.200000 1.501369 3.000960 1.499591 3.974176 6311.547776 1.579661 -31.944139 1000.000000 2.866102 -3.067610 100.000000 -35.011749 -400607.369238 1.696963 0.795898 159.179678 0.055024 0.151384 30.276827
 4.250000 1.500283 2.935340 1.435057 3.390120 6348.786294 1.579661 -31.944139 1000.000000 2.866102 -3.067610 100.000000 -35.011749 -400606.333254 1.570853 0.000000 0.000032 0.095982 0.460625 92.124908
 4.300000 1.529080 3.098494 1.569414 3.979510 3098.461047 1.579661 -31.944139 1000.000000 2.866102 -3.067610 100.000000 -35.011749 -400607.638366 1.569435 0.000093 0.018521 0.183303 1.679998 335.999524
 4.350000 1.520174 2.946706 1.426532 2.094217 3603.699389 1.579661 -31.944139 1000.000000 2.866102 -3.067610 100.000000 -35.011749 -400605.898145 1.616126 0.102740 20.548072 0.129802 0.842434 168.486784
 4.400000 1.543586 3.000826 1.457241 1.558248 1482.932693 1.579661 -31.944139 1000.000000 2.866102 -3.067610 100.000000 -35.011749 -400604.452470 1.656900 0.370688 74.137617 0.023383 0.027337 5.467469
 4.450000 1.510408 2.963546 1.453137 2.872731 4890.878661 1.579661 -31.944139 1000.000000 2.866102 -3.067610 100.000000 -35.011749 -400607.314967 1.704206 0.889906 177.981130 0.119621 0.715456 143.091122
 4.500000 1.528141 3.079878 1.551737 3.612157 3111.287227 1.579661 -31.944139 1000.000000 2.866102 -3.067610 100.000000 -35.011749 -400606.604994 1.519197 0.133127 26.625380 0.150047 1.125703 225.140551
 4.550000 1.538670 2.911094 1.372424 0.941346 1700.508904 1.579661 -31.944139 1000.000000 2.866102 -3.067610 100.000000 -35.011749 -400605.146947 1.563266 0.002835 0.567078 0.144400 1.042569 208.513825
 4.600000 1.544201 3.011302 1.467101 1.682863 1468.253699 1.579661 -31.944139 1000.000000 2.866102 -3.067610 100.000000 -35.011749 -400607.992796 1.722280 1.147366 229.473179 0.057171 0.163428 32.685700
 4.650000 1.531428 3.009433 1.478004 2.190380 2531.820080 1.579661 -31.944139 1000.000000 2.866102 -3.067610 100.000000 -35.011749 -400607.077986 1.685290 0.655442 131.088369 0.078493 0.308061 61.612236
 4.700000 1.535696 2.915020 1.379324 1.086104 1956.840723 1.579661 -31.944139 1000.000000 2.866102 -3.067610 100.000000 -35.011749 -400605.791477 1.536923 0.057369 11.473833 0.150029 1.125436 225.087140
 4.750000 1.558164 3.080195 1.522032 2.522873 920.493989 1.579661 -31.944139 1000.000000 2.866102 -3.067610 100.000000 -35.011749 -400606.579453 1.566379 0.000976 0.195163 0.129630 0.840202 168.040361
 4.800000 1.534524 2.909109 1.374585 1.111172 2055.879565 1.579661 -31.944139 1000.000000 2.866102 -3.067610 100.000000 -35.011749 -400604.498436 1.726909 1.218555 243.710979 0.090100 0.405898 81.179607
 4.850000 1.528954 3.040538 1.511585 2.807028 2875.529436 1.579661 -31.944139 1000.000000 2.866102 -3.067610 100.000000 -35.011749 -400606.191868 1.626411 0.154651 30.930154 0.065556 0.214882 42.976407
 4.900000 1.503754 2.947378 1.443624 3.211248 5827.974885 1.579661 -31.944139 1000.000000 2.866102 -3.067610 100.000000 -35.011749 -400607.912948 1.577595 0.002311 0.462179 0.156182 1.219640 243.927967
 4.950000 1.532482 3.058341 1.525859 2.960722 2595.397962 1.579661 -31.944139 1000.000000 2.866102 -3.067610 100.000000 -35.011749 -400606.518183 1.579915 0.004157 0.831497 0.153214 1.173726 234.745112
 5.000000 1.548133 2.944051 1.395918 0.800806 1054.762782 1.579661 -31.944139 1000.000000 2.866102 -3.067610 100.000000 -35.011749 -400605.835742 1.631663 0.185235 37.047034 0.066067 0.218240 43.647941
 5.050000 1.533016 2.965560 1.432544 1.582463 2274.650113 1.579661 -31.944139 1000.000000 2.866102 -3.067610 100.000000 -35.011749 -400606.126387 1.662178 0.417535 83.507002 0.069251 0.239785 47.957053
 5.100000 1.502591 3.076386 1.573796 5.180892 6382.014015 1.579661 -31.944139 1000.000000 2.866102 -3.067610 100.000000 -35.011749 -400607.301945 1.583607 0.008205 1.641059 0.145732 1.061894 212.378704
 5.150000 1.540314 2.946988 1.406674 1.101223 1613.608410 1.579661 -31.944139 1000.000000 2.866102 -3.067610 100.000000 -35.011749 -400603.841357 1.548083 0.025795 5.159072 0.173034 1.497032 299.406455
 5.200000 1.551251 3.024559 1.473308 1.659000 1058.223849 1.579661 -31.944139 1000.000000 2.866102 -3.067610 100.000000 -35.011749 -400603.331890 1.640249 0.241183 48.236639 0.054162 0.146675 29.335027
 5.250000 1.539701 2.915299 1.375598 0.919430 1621.029100 1.579661 -31.944139 1000.000000 2.866102 -3.067610 100.000000 -35.011749 -400605.558736 1.712822 1.008568 201.713600 0.058869 0.173276 34.655187
 5.300000 1.538830 3.075001 1.536170 3.015514 2103.531541 1.579661 -31.944139 1000.000000 2.866102 -3.067610 100.000000 -35.011749 -400607.477660 1.562208 0.003688 0.737636 0.149376 1.115660 223.131993
 5.350000 1.524904 2.937946 1.413042 1.757222 3049.897729 1.579661 -31.944139 1000.000000 2.866102 -3.067610 100.000000 -35.011749 -400605.389252 1.548987 0.023783 4.756671 0.151887 1.153483 230.696520
 5.400000 1.555252 2.997623 1.442371 1.162792 768.778877 1.579661 -31.944139 1000.000000 2.866102 -3.067610 100.000000 -35.011749 -400606.405348 1.662440 0.419926 83.985296 0.097177 0.472167 94.433380
 5.450000 1.560200 2.972468 1.412268 0.755056 491.874500 1.579661 -31.944139 1000.000000 2.866102 -3.067610 100.000000 -35.011749 -400603.903337 1.727835 1.233061 246.612241 0.052610 0.138390 27.677992
 5.500000 1.492202 2.986580 1.494378 4.550330 7794.311696 1.579661 -31.944139 1000.000000 2.866102 -3.067610 100.000000 -35.011749 -400606.695682 1.562411 0.003516 0.703208 0.127607 0.814178 162.835601
 5.550000 1.503353 3.053505 1.550151 4.667422 6174.057656 1.579661 -31.944139 1000.000000 2.866102 -3.067610 100.000000 -35.011749 -400608.933384 1.517787 0.140497 28.099484 0.175030 1.531782 306.356303
 5.600000 1.561173 2.953861 1.392688 0.555988 418.818116 1.579661 -31.944139 1000.000000 2.866102 -3.067610 100.000000 -35.011749 -400604.349965 1.679651 0.592470 118.494005 0.118385 0.700755 140.151085
 5.650000 1.533876 2.989726 1.455850 1.812285 2249.103099 1.579661 -31.944139 1000.000000 2.866102 -3.067610 100.000000 -35.011749 -400603.750294 1.687562 0.681717 136.343331 0.081030 0.328291 65.658140
 5.700000 1.514854 2.976748 1.461894 2.712081 4322.323150 1.579661 -31.944139 1000.000000 2.866102 -3.067610 100.000000 -35.011749 -400607.696532 1.642594 0.257745 51.548985 0.103020 0.530655 106.131045
 5.750000 1.522494 3.086943 1.564449 4.072572 3755.754936 1.579661 -31.944139 1000.000000 2.866102 -3.067610 100.000000 -35.011749 -400607.304801 1.536777 0.057865 11.573035 0.194410 1.889767 377.953359
 5.800000 1.541317 2.923637 1.382320 0.900653 1503.372938 1.579661 -31.944139 1000.000000 2.866102 -3.067610 100.000000 -35.011749 -400604.875261 1.599404 0.040919 8.183735 0.116119 0.674181 134.836296
 5.850000 1.547986 3.011945 1.463959 1.565167 1216.005378 1.579661 -31.944139 1000.000000 2.866102 -3.067610 100.000000 -35.011749 -400603.071657 1.728094 1.237126 247.425242 0.077729 0.302092 60.418447
 5.900000 1.567058 2.935940 1.368882 0.323293 207.621420 1.579661 -31.944139 1000.000000 2.866102 -3.067610 100.000000 -35.011749 -400603.523067 1.724700 1.184312 236.862452 0.105254 0.553923 110.784605
 5.950000 1.512540 3.040350 1.527810 3.770764 4808.905284 1.579661 -31.944139 1000.000000 2.866102 -3.067610 100.000000 -35.011749 -400608.662076 1.529337 0.085943 17.188606 0.136760 0.935166 187.033111
 6.000000 1.522534 2.995916 1.473382 2.474325 3431.990283 1.579661 -31.944139 1000.000000 2.866102 -3.067610 100.000000 -35.011749 -400606.179419 1.611436 0.082578 16.515666 0.158166 1.250818 250.163686
 6.050000 1.570194 2.960041 1.389847 0.486039 177.861762 1.579661 -31.944139 1000.000000 2.866102 -3.067610 100.000000 -35.011749 -400604.318896 1.667825 0.470732 94.146328 0.074053 0.274190 54.837928
 6.100000 1.527576 3.008375 1.480800 2.368533 2915.310325 1.579661 -31.944139 1000.000000 2.866102 -3.067610 100.000000 -35.011749 -400606.571119 1.692049 0.735116 147.023184 0.098665 0.486744 97.348801
 6.150000 1.480400 2.961394 1.480994 5.380419 9943.589552 1.579661 -31.944139 1000.000000 2.866102 -3.067610 100.000000 -35.011749 -400605.383948 1.636084 0.213125 42.624965 0.138127 0.953958 190.791690
 6.200000 1.519538 3.091211 1.571673 4.341094 4121.513557 1.579661 -31.944139 1000.000000 2.866102 -3.067610 100.000000 -35.011749 -400606.858642 1.539157 0.050052 10.010341 0.144620 1.045752 209.150426
 6.249999 1.536736 2.896400 1.359663 0.967170 1851.723534 1.579661 -31.944139 1000.000000 2.866102 -3.067610 100.000000 -35.011749 -400603.692301 1.658836 0.387547 77.509457 0.103906 0.539820 107.963940
 6.299999 1.514641 3.067777 1.553137 4.147486 4634.392919 1.579661 -31.944139 1000.000000 2.866102 -3.067610 100.000000 -35.011749 -400606.084925 1.668394 0.476263 95.252527 0.071861 0.258204 51.640751
 6.349999 1.537735 2.896587 1.358852 0.925357 1767.069859 1.579661 -31.944139 1000.000000 2.866102 -3.067610 100.000000 -35.011749 -400603.439527 1.647162 0.291585 58.317095 0.127799 0.816626 163.325109
 6.399999 1.486399 3.096157 1.609757 6.995120 9226.964475 1.579661 -31.944139 1000.000000 2.866102 -3.067610 100.000000 -35.011749 -400608.285894 1.585127 0.010269 2.053807 0.147129 1.082344 216.468851
 6.449999 1.502214 2.989482 1.487268 3.760163 6150.273411 1.579661 -31.944139 1000.000000 2.866102 -3.067610 100.000000 -35.011749 -400607.935610 1.650607 0.318487 63.697386 0.110067 0.605742 121.148449
 6.499999 1.548151 2.927489 1.379338 0.684869 1030.583084 1.579661 -31.944139 1000.000000 2.866102 -3.067610 100.000000 -35.011749 -400603.181247 1.638272 0.227647 45.529435 0.085552 0.365961 73.192247
 6.549999 1.579303 3.033202 1.453899 1.396192 279.353372 1.579661 -31.944139 1000.000000 2.866102 -3.067610 100.000000 -35.011749 -400603.555027 1.649006 0.305835 61.167098 0.100388 0.503892 100.778370
 6.599999 1.488111 2.937020 1.448909 4.442178 8431.705076 1.579661 -31.944139 1000.000000 2.866102 -3.067610 100.000000 -35.011749 -400609.402251 1.598874 0.039419 7.883705 0.125382 0.786032 157.206445
 6.649999 1.534516 3.053062 1.518546 2.766752 2387.623201 1.579661 -31.944139 1000.000000 2.866102 -3.067610 100.000000 -35.011749 -400606.001682 1.613372 0.090636 18.127279 0.119721 0.716651 143.330256
 6.699999 1.581764 2.900139 1.318374 0.060138 16.009603 1.579661 -31.944139 1000.000000 2.866102 -3.067610 100.000000 -35.011749 -400603.670817 1.708561 0.948958 189.791580 0.082981 0.344294 68.858891
 6.749999 1.540889 3.043535 1.502646 2.325763 1818.101804 1.579661 -31.944139 1000.000000 2.866102 -3.067610 100.000000 -35.011749 -400603.460103 1.585636 0.011011 2.202189 0.113450 0.643545 128.708957
 6.799999 1.522959 2.930280 1.407322 1.813514 3256.326818 1.579661 -31.944139 1000.000000 2.866102 -3.067610 100.000000 -35.011749 -400604.120678 1.591080 0.020571 4.114254 0.134764 0.908067 181.613356
 6.849999 1.528409 3.087511 1.559102 3.764492 3116.980772 1.579661 -31.944139 1000.000000 2.866102 -3.067610 100.000000 -35.011749 -400606.192380 1.683686 0.637203 127.440632 0.134079 0.898854 179.770718
 6.899999 1.527812 2.916575 1.388763 1.471546 2713.808892 1.579661 -31.944139 1000.000000 2.866102 -3.067610 100.000000 -35.011749 -400602.167095 1.658601 0.385486 77.097202 0.053509 0.143158 28.631665
 6.949999 1.532093 2.980742 1.448649 1.788478 2394.132655 1.579661 -31.944139 1000.000000 2.866102 -3.067610 100.000000 -35.011749 -400605.072066 1.590573 0.019556 3.911253 0.110348 0.608831 121.766199
 6.999999 1.544713 3.040572 1.495859 2.132677 1525.772461 1.579661 -31.944139 1000.000000 2.866102 -3.067610 100.000000 -35.011749 -400606.354737 1.625332 0.148707 29.741380 0.157861 1.246000 249.200084
 7.049999 1.481257 2.937391 1.456134 5.095797 9734.197166 1.579661 -31.944139 1000.000000 2.866102 -3.067610 100.000000 -35.011749 -400607.985749 1.606753 0.064646 12.929112 0.103844 0.539179 107.835704
 7.099999 1.521824 3.079888 1.558064 3.957778 3802.159318 1.579661 -31.944139 1000.000000 2.866102 -3.067610 100.000000 -35.011749 -400608.009152 1.690425 0.715546 143.109129 0.063129 0.199262 39.852468
 7.149999 1.576403 2.883412 1.307009 0.020291 13.613754 1.579661 -31.944139 1000.000000 2.866102 -3.067610 100.000000 -35.011749 -400601.257406 1.692004 0.734570 146.913944 0.110882 0.614737 122.947391
 7.199999 1.553432 3.042299 1.488866 1.896243 998.404851 1.579661 -31.944139 1000.000000 2.866102 -3.067610 100.000000 -35.011749 -400605.707318 1.530928 0.079475 15.895039 0.132768 0.881369 176.273769
 7.249999 1.491095 2.948953 1.457858 4.265151 7912.506688 1.579661 -31.944139 1000.000000 2.866102 -3.067610 100.000000 -35.011749 -400608.530341 1.604493 0.056774 11.354708 0.129777 0.842099 168.419876
 7.299999 1.536277 3.023277 1.486999 2.176267 2129.179290 1.579661 -31.944139 1000.000000 2.866102 -3.067610 100.000000 -35.011749 -400605.304106 1.722770 1.154793 230.958655 0.082997 0.344429 68.885763
 7.349999 1.554140 2.944425 1.390285 0.632384 712.661391 1.579661 -31.944139 1000.000000 2.866102 -3.067610 100.000000 -35.011749 -400605.200658 1.667647 0.469006 93.801288 0.048713 0.118647 23.729302
 7.399999 1.534316 2.955305 1.420990 1.425969 2135.780011 1.579661 -31.944139 1000.000000 2.866102 -3.067610 100.000000 -35.011749 -400603.241459 1.586575 0.012448 2.489603 0.146563 1.074038 214.807564
 7.449999 1.560365 3.063275 1.502910 2.130028 761.116211 1.579661 -31.944139 1000.000000 2.866102 -3.067610 100.000000 -35.011749 -400605.205722 1.542780 0.039245 7.848908 0.151261 1.144000 228.800040
 7.499999 1.498172 2.929987 1.431815 3.524266 6681.209269 1.579661 -31.944139 1000.000000 2.866102 -3.067610 100.000000 -35.011749 -400607.662570 1.677851 0.573033 114.606527 0.109061 0.594710 118.941963
 7.549999 1.512490 3.046387 1.533896 3.881071 4836.906502 1.579661 -31.944139 1000.000000 2.866102 -3.067610 100.000000 -35.011749 -400607.286988 1.706863 0.925702 185.140463 0.052721 0.138977 27.795335
 7.599999 1.573298 2.928073 1.354775 0.212268 78.890937 1.579661 -31.944139 1000.000000 2.866102 -3.067610 100.000000 -35.011749 -400603.633764 1.587709 0.014301 2.860247 0.138353 0.957073 191.414547
 7.649999 1.561310 2.997193 1.435884 1.027635 508.613969 1.579661 -31.944139 1000.000000 2.866102 -3.067610 100.000000 -35.011749 -400605.030116 1.571481 0.000023 0.004693 0.159622 1.273962 254.792439
 7.699999 1.493510 3.035916 1.542406 5.152869 7710.424004 1.579661 -31.944139 1000.000000 2.866102 -3.067610 100.000000 -35.011749 -400607.201393 1.638781 0.231094 46.218771 0.088582 0.392337 78.467446
 7.749999 1.553516 2.925774 1.372258 0.519819 719.164813 1.579661 -31.944139 1000.000000 2.866102 -3.067610 100.000000 -35.011749 -400604.403290 1.715012 1.039911 207.982225 0.086096 0.370630 74.125974
 7.799999 1.566369 3.018050 1.451681 1.242749 407.550440 1.579661 -31.944139 1000.000000 2.866102 -3.067610 100.000000 -35.011749 -400606.071954 1.629101 0.169971 33.994134 0.099604 0.496052 99.210315
 7.849999 1.528956 2.957626 1.428671 1.704360 2654.813575 1.579661 -31.944139 1000.000000 2.866102 -3.067610 100.000000 -35.011749 -400606.320429 1.568113 0.000360 0.071980 0.161740 1.307992 261.598465
 7.899999 1.529212 2.999946 1.470734 2.168252 2724.217571 1.579661 -31.944139 1000.000000 2.866102 -3.067610 100.000000 -35.011749 -400607.594797 1.590380 0.019177 3.835301 0.115537 0.667443 133.488560
 7.949999 1.522014 3.011720 1.489707 2.721851 3535.271245 1.579661 -31.944139 1000.000000 2.866102 -3.067610 100.000000 -35.011749 -400607.210851 1.752703 1.654503 330.900540 0.077924 0.303607 60.721370
 7.999999 1.515083 2.964786 1.449703 2.572112 4267.755233 1.579661 -31.944139 1000.000000 2.866102 -3.067610 100.000000 -35.011749 -400606.082924 1.682159 0.620082 124.016344 0.097172 0.472118 94.423586
 8.049999 1.550519 2.964439 1.413920 0.908132 945.946498 1.579661 -31.944139 1000.000000 2.866102 -3.067610 100.000000 -35.011749 -400603.274038 1.504453 0.220075 44.014969 0.139881 0.978334 195.666753
 8.099999 1.537594 3.034525 1.496931 2.303125 2053.272155 1.579661 -31.944139 1000.000000 2.866102 -3.067610 100.000000 -35.011749 -400606.986400 1.636558 0.216233 43.246560 0.170714 1.457164 291.432858
 8.149999 1.490538 2.983521 1.492983 4.660835 8080.814775 1.579661 -31.944139 1000.000000 2.866102 -3.067610 100.000000 -35.011749 -400609.764730 1.664059 0.434901 86.980158 0.067343 0.226753 45.350699
 8.199999 1.552715 2.983736 1.431020 1.054920 864.444308 1.579661 -31.944139 1000.000000 2.866102 -3.067610 100.000000 -35.011749 -400604.978566 1.673422 0.526598 105.319696 0.072935 0.265973 53.194681
 8.249999 1.558344 2.966853 1.408509 0.734751 555.920836 1.579661 -31.944139 1000.000000 2.866102 -3.067610 100.000000 -35.011749 -400603.239760 1.593604 0.026010 5.202045 0.171638 1.472981 294.596223
 8.299999 1.527297 3.031520 1.504223 2.739173 3015.664055 1.579661 -31.944139 1000.000000 2.866102 -3.067610 100.000000 -35.011749 -400604.659349 1.515609 0.152283 30.456619 0.155174 1.203947 240.789339
 8.349999 1.523969 2.948304 1.424334 1.888637 3169.125156 1.579661 -31.944139 1000.000000 2.866102 -3.067610 100.000000 -35.011749 -400606.323909 1.653044 0.338233 67.646626 0.091965 0.422877 84.575426
 8.399999 1.554933 2.998577 1.443644 1.183230 786.994696 1.579661 -31.944139 1000.000000 2.866102 -3.067610 100.000000 -35.011749 -400604.401170 1.724833 1.186365 237.273059 0.054352 0.147708 29.541681
 8.449999 1.531891 2.992553 1.460662 1.940479 2441.874781 1.579661 -31.944139 1000.000000 2.866102 -3.067610 100.000000 -35.011749 -400605.551739 1.587144 0.013362 2.672489 0.125202 0.783774 156.754808
 8.499999 1.557621 2.962644 1.405023 0.708902 578.962784 1.579661 -31.944139 1000.000000 2.866102 -3.067610 100.000000 -35.011749 -400604.876329 1.567493 0.000545 0.109093 0.177182 1.569672 313.934331
 8.549999 1.549285 3.045841 1.496556 2.076656 1245.749110 1.579661 -31.944139 1000.000000 2.866102 -3.067610 100.000000 -35.011749 -400605.389798 1.610437 0.078569 15.713803 0.110784 0.613651 122.730240
 8.599999 1.497503 2.903000 1.405497 3.443046 6763.556264 1.579661 -31.944139 1000.000000 2.866102 -3.067610 100.000000 -35.011749 -400606.997789 1.710023 0.969208 193.841602 0.049709 0.123551 24.710221
 8.649999 1.541245 3.047684 1.506439 2.386503 1805.530766 1.579661 -31.944139 1000.000000 2.866102 -3.067610 100.000000 -35.011749 -400606.063923 1.684372 0.644968 128.993639 0.088076 0.387871 77.574118
 8.699999 1.539816 2.982542 1.442726 1.471728 1723.200791 1.579661 -31.944139 1000.000000 2.866102 -3.067610 100.000000 -35.011749 -400605.609393 1.527110 0.095423 19.084631 0.164725 1.356711 271.342280
 8.749999 1.507498 2.966997 1.459499 3.112753 5309.318527 1.579661 -31.944139 1000.000000 2.866102 -3.067610 100.000000 -35.011749 -400604.782869 1.590848 0.020103 4.020578 0.139578 0.974106 194.821173
 8.799999 1.524762 3.055783 1.531020 3.305885 3373.677095 1.579661 -31.944139 1000.000000 2.866102 -3.067610 100.000000 -35.011749 -400607.080229 1.691073 0.723324 144.664745 0.078335 0.306817 61.363316
 8.849999 1.552736 2.877490 1.324753 0.368951 726.230236 1.579661 -31.944139 1000.000000 2.866102 -3.067610 100.000000 -35.011749 -400603.933580 1.658631 0.385744 77.148809 0.099372 0.493744 98.748748
 8.899999 1.514212 3.083702 1.569489 4.509246 4757.021201 1.579661 -31.944139 1000.000000 2.866102 -3.067610 100.000000 -35.011749 -400606.749311 1.544334 0.035012 7.002443 0.131905 0.869941 173.988189
 8.949999 1.539459 2.944645 1.405186 1.116559 1677.898267 1.579661 -31.944139 1000.000000 2.866102 -3.067610 100.000000 -35.011749 -400603.793606 1.598755 0.039084 7.816787 0.167164 1.397183 279.436650
 8.999999 1.532458 2.993658 1.461199 1.927570 2390.790711 1.579661 -31.944139 1000.000000 2.866102 -3.067610 100.000000 -35.011749 -400604.126489 1.632689 0.191536 38.307137 0.071331 0.254406 50.881250
 9.049999 1.517703 3.021600 1.503897 3.128399 4080.618365 1.579661 -31.944139 1000.000000 2.866102 -3.067610 100.000000 -35.011749 -400603.351983 1.734115 1.333644 266.728874 0.051314 0.131657 26.331485
 9.099999 1.539205 2.934565 1.395360 1.052699 1683.547721 1.579661 -31.944139 1000.000000 2.866102 -3.067610 100.000000 -35.011749 -400605.709510 1.640989 0.246353 49.270535 0.131106 0.859439 171.887726
 9.149999 1.562280 3.053694 1.491415 1.910608 654.024443 1.579661 -31.944139 1000.000000 2.866102 -3.067610 100.000000 -35.011749 -400603.463660 1.511584 0.175303 35.060590 0.141805 1.005439 201.087757
 9.199999 1.529965 2.930335 1.400370 1.441125 2510.915163 1.579661 -31.944139 1000.000000 2.866102 -3.067610 100.000000 -35.011749 -400603.436681 1.695973 0.783464 156.692880 0.140786 0.991028 198.205690
 9.249999 1.533966 3.038957 1.504991 2.537965 2386.840120 1.579661 -31.944139 1000.000000 2.866102 -3.067610 100.000000 -35.011749 -400604.635663 1.631100 0.181827 36.365319 0.060236 0.181417 36.283415
 9.299999 1.541183 2.912931 1.371748 0.849911 1502.451690 1.579661 -31.944139 1000.000000 2.866102 -3.067610 100.000000 -35.011749 -400603.704430 1.651138 0.322741 64.548147 0.117090 0.685498 137.099582
 9.349999 1.507748 3.062920 1.555172 4.522589 5558.805605 1.579661 -31.944139 1000.000000 2.866102 -3.067610 100.000000 -35.011749 -400608.607004 1.608683 0.071770 14.354098 0.137524 0.945638 189.127649
 9.399999 1.549908 2.964704 1.414796 0.928742 982.464979 1.579661 -31.944139 1000.000000 2.866102 -3.067610 100.000000 -35.011749 -400604.216635 1.578033 0.002618 0.523665 0.105201 0.553365 110.673050
 9.449999 1.532978 2.918707 1.385729 1.228008 2206.952701 1.579661 -31.944139 1000.000000 2.866102 -3.067610 100.000000 -35.011749 -400606.906456 1.653183 0.339379 67.875726 0.100678 0.506804 101.360816
 9.499999 1.505405 3.150102 1.644697 6.789803 6320.552643 1.579661 -31.944139 1000.000000 2.866102 -3.067610 100.000000 -35.011749 -400610.019652 1.704408 0.892608 178.521611 0.092341 0.426339 85.267859
 9.549999 1.521250 2.843295 1.322044 1.731908 3417.001584 1.579661 -31.944139 1000.000000 2.866102 -3.067610 100.000000 -35.011749 -400603.624440 1.571677 0.000039 0.007753 0.147492 1.087693 217.538520
 9.599999 1.552539 3.081942 1.529403 2.697153 1201.456763 1.579661 -31.944139 1000.000000 2.866102 -3.067610 100.000000 -35.011749 -400604.388011 1.554385 0.013467 2.693452 0.109875 0.603623 120.724681
 9.649999 1.516478 2.954020 1.437543 2.382560 4069.452733 1.579661 -31.944139 1000.000000 2.866102 -3.067610 100.000000 -35.011749 -400605.234231 1.734846 1.345611 269.122197 0.108644 0.590177 118.035374
 9.699999 1.524573 2.988356 1.463783 2.264661 3184.174940 1.579661 -31.944139 1000.000000 2.866102 -3.067610 100.000000 -35.011749 -400606.199871 1.599548 0.041333 8.266647 0.083813 0.351233 70.246686
 9.749999 1.567110 2.993206 1.426096 0.886535 319.084815 1.579661 -31.944139 1000.000000 2.866102 -3.067610 100.000000 -35.011749 -400603.006464 1.602397 0.049931 9.986261 0.118858 0.706363 141.272632
 9.799999 1.504724 2.991411 1.486687 3.592924 5772.633536 1.579661 -31.944139 1000.000000 2.866102 -3.067610 100.000000 -35.011749 -400608.090205 1.647196 0.291849 58.369734 0.162330 1.317552 263.510453
 9.849999 1.565621 3.012767 1.447147 1.174106 412.242416 1.579661 -31.944139 1000.000000 2.866102 -3.067610 100.000000 -35.011749 -400601.613729 1.583738 0.008374 1.674866 0.064363 0.207128 41.425624
 9.899999 1.558358 2.890433 1.332075 0.256519 459.758690 1.579661 -31.944139 1000.000000 2.866102 -3.067610 100.000000 -35.011749 -400603.861409 1.678925 0.584586 116.917245 0.112874 0.637030 127.405948
 9.949999 1.512328 3.103988 1.591660 5.096367 5099.638743 1.579661 -31.944139 1000.000000 2.866102 -3.067610 100.000000 -35.011749 -400607.573933 1.639481 0.235882 47.176341 0.119104 0.709287 141.857383
 9.999999 1.521498 2.916571 1.395073 1.818837 3408.429825 1.579661 -31.944139 1000.000000 2.866102 -3.067610 100.000000 -35.011749 -400605.903574 1.564003 0.002307 0.461447 0.120569 0.726847 145.369369
 10.049999 1.562386 2.989867 1.427482 0.915118 451.619636 1.579661 -31.944139 1000.000000 2.866102 -3.067610 100.000000 -35.011749 -400604.896378 1.671492 0.506978 101.395553 0.115960 0.672336 134.467143
 10.099999 1.542509 3.019913 1.477404 1.873046 1616.887529 1.579661 -31.944139 1000.000000 2.866102 -3.067610 100.000000 -35.011749 -400606.730829 1.684342 0.644627 128.925361 0.074814 0.279859 55.971891
 10.149999 1.501189 2.917023 1.415834 3.208612 6183.859409 1.579661 -31.944139 1000.000000 2.866102 -3.067610 100.000000 -35.011749 -400605.572058 1.574368 0.000638 0.127569 0.116976 0.684168 136.833618
 10.199999 1.550324 3.069452 1.519128 2.497907 1274.176417 1.579661 -31.944139 1000.000000 2.866102 -3.067610 100.000000 -35.011749 -400604.626334 1.612905 0.088658 17.731625 0.146271 1.069758 213.951570
 10.249999 1.505807 2.963110 1.457303 3.197761 5548.562201 1.579661 -31.944139 1000.000000 2.866102 -3.067610 100.000000 -35.011749 -400608.379538 1.641205 0.247869 49.573857 0.117100 0.685620 137.123980
 10.299999 1.532304 2.961717 1.429413 1.578457 2334.103423 1.579661 -31.944139 1000.000000 2.866102 -3.067610 100.000000 -35.011749 -400605.742074 1.624672 0.145129 29.025759 0.082017 0.336342 67.268414
 10.349999 1.560067 2.983156 1.423089 0.877045 520.932871 1.579661 -31.944139 1000.000000 2.866102 -3.067610 100.000000 -35.011749 -400604.443215 1.674938 0.542275 108.455065 0.103183 0.532335 106.466937
 10.399999 1.526947 3.016883 1.489935 2.526109 3006.076965 1.579661 -31.944139 1000.000000 2.866102 -3.067610 100.000000 -35.011749 -400605.986932 1.621575 0.128922 25.784344 0.150303 1.129554 225.910876
 10.449999 1.519758 2.947997 1.428239 2.129511 3655.406332 1.579661 -31.944139 1000.000000 2.866102 -3.067610 100.000000 -35.011749 -400605.421890 1.563654 0.002551 0.510195 0.095491 0.455930 91.185914
 10.499999 1.550892 3.015384 1.464492 1.528101 1050.530774 1.579661 -31.944139 1000.000000 2.866102 -3.067610 100.000000 -35.011749 -400606.119648 1.697776 0.806191 161.238163 0.137198 0.941167 188.233361
 10.549999 1.556097 2.985684 1.429587 0.992635 698.270388 1.579661 -31.944139 1000.000000 2.866102 -3.067610 100.000000 -35.011749 -400605.386676 1.654746 0.352379 70.475837 0.098528 0.485393 97.078537
 10.599999 1.514313 2.931481 1.417167 2.348880 4313.062863 1.579661 -31.944139 1000.000000 2.866102 -3.067610 100.000000 -35.011749 -400603.828886 1.567897 0.000420 0.084069 0.099952 0.499522 99.904307
 10.649999 1.550042 3.060166 1.510124 2.321692 1253.889793 1.579661 -31.944139 1000.000000 2.866102 -3.067610 100.000000 -35.011749 -400604.692196 1.703645 0.882434 176.486892 0.150076 1.126137 225.227449
 10.699999 1.517550 2.966388 1.448838 2.431777 3958.390736 1.579661 -31.944139 1000.000000 2.866102 -3.067610 100.000000 -35.011749 -400606.478569 1.622698 0.134691 26.938249 0.106853 0.570874 114.174733
 10.749999 1.535841 2.972470 1.436629 1.525817 2033.360529 1.579661 -31.944139 1000.000000 2.866102 -3.067610 100.000000 -35.011749 -400606.082539 1.608950 0.072785 14.557010 0.134087 0.898963 179.792582
 10.799999 1.552734 2.982801 1.430066 1.043456 861.235257 1.579661 -31.944139 1000.000000 2.866102 -3.067610 100.000000 -35.011749 -400606.178340 1.659223 0.390965 78.193018 0.108806 0.591942 118.388311
 10.849999 1.528447 2.989635 1.461188 2.074469 2775.498260 1.579661 -31.944139 1000.000000 2.866102 -3.067610 100.000000 -35.011749 -400606.795619 1.628229 0.164926 32.985130 0.103541 0.536039 107.207771
 10.899999 1.494654 2.946041 1.451387 3.932644 7290.162075 1.579661 -31.944139 1000.000000 2.866102 -3.067610 100.000000 -35.011749 -400606.021247 1.641032 0.246656 49.331128 0.111901 0.626092 125.218392
 10.949999 1.547303 3.042788 1.495484 2.084400 1359.189339 1.579661 -31.944139 1000.000000 2.866102 -3.067610 100.000000 -35.011749 -400604.430599 1.648659 0.303128 60.625595 0.106679 0.569024 113.804752
 10.999999 1.556756 2.930741 1.373984 0.471224 566.410757 1.579661 -31.944139 1000.000000 2.866102 -3.067610 100.000000 -35.011749 -400604.444660 1.617387 0.108534 21.706770 0.135036 0.911738 182.347650
 11.049999 1.503961 3.001799 1.497837 3.785914 5914.600551 1.579661 -31.944139 1000.000000 2.866102 -3.067610 100.000000 -35.011749 -400607.668442 1.622857 0.135514 27.102736 0.105049 0.551760 110.352099
 11.099999 1.535684 3.046725 1.511041 2.598240 2260.241344 1.579661 -31.944139 1000.000000 2.866102 -3.067610 100.000000 -35.011749 -400606.761677 1.696491 0.789962 157.992367 0.129101 0.833354 166.670723
 11.149999 1.536029 2.884304 1.348275 0.968449 1907.079685 1.579661 -31.944139 1000.000000 2.866102 -3.067610 100.000000 -35.011749 -400603.982148 1.597876 0.036664 7.332826 0.099123 0.491264 98.252864
 11.199999 1.541955 3.054685 1.512730 2.489057 1777.395702 1.579661 -31.944139 1000.000000 2.866102 -3.067610 100.000000 -35.011749 -400606.799142 1.590642 0.019692 3.938405 0.122419 0.749319 149.863710
 11.249999 1.550488 2.940818 1.390330 0.704657 906.886397 1.579661 -31.944139 1000.000000 2.866102 -3.067610 100.000000 -35.011749 -400603.825283 1.682229 0.620866 124.173162 0.131474 0.864265 172.852901
 11.299999 1.513350 3.004241 1.490891 3.152724 4588.033717 1.579661 -31.944139 1000.000000 2.866102 -3.067610 100.000000 -35.011749 -400604.058693 1.604354 0.056306 11.261207 0.059252 0.175538 35.107564
 11.349999 1.492896 2.990751 1.497854 4.540913 7683.458523 1.579661 -31.944139 1000.000000 2.866102 -3.067610 100.000000 -35.011749 -400608.326509 1.698435 0.814577 162.915303 0.099162 0.491660 98.331989
 11.399999 1.539560 3.011221 1.471661 1.857017 1818.678610 1.579661 -31.944139 1000.000000 2.866102 -3.067610 100.000000 -35.011749 -400606.162163 1.649672 0.311070 62.214023 0.119794 0.717531 143.506291
 11.449999 1.545840 2.950689 1.404849 0.929670 1215.390519 1.579661 -31.944139 1000.000000 2.866102 -3.067610 100.000000 -35.011749 -400604.842245 1.549009 0.023734 4.746818 0.117632 0.691864 138.372768
 11.499999 1.491212 2.991160 1.499948 4.693562 7979.555162 1.579661 -31.944139 1000.000000 2.866102 -3.067610 100.000000 -35.011749 -400609.284683 1.672708 0.519296 103.859267 0.122765 0.753558 150.711665
 11.549999 1.511269 3.077242 1.565973 4.567766 5123.308253 1.579661 -31.944139 1000.000000 2.866102 -3.067610 100.000000 -35.011749 -400608.086767 1.691088 0.723500 144.700036 0.088488 0.391509 78.301857
 11.599999 1.541569 2.860876 1.319307 0.726868 1451.278205 1.579661 -31.944139 1000.000000 2.866102 -3.067610 100.000000 -35.011749 -400601.039593 1.594062 0.027065 5.413088 0.091008 0.414121 82.824118
 11.649999 1.548548 3.062305 1.513757 2.408805 1352.986300 1.579661 -31.944139 1000.000000 2.866102 -3.067610 100.000000 -35.011749 -400605.745530 1.643956 0.267618 53.523632 0.112964 0.638041 127.608285
 11.699999 1.532712 2.968135 1.435423 1.622641 2308.301298 1.579661 -31.944139 1000.000000 2.866102 -3.067610 100.000000 -35.011749 -400606.633347 1.635295 0.208004 41.600742 0.129920 0.843955 168.790922
 11.749999 1.549759 2.950181 1.400422 0.800531 964.819969 1.579661 -31.944139 1000.000000 2.866102 -3.067610 100.000000 -35.011749 -400604.254754 1.590645 0.019698 3.939505 0.105850 0.560209 112.041710
 11.799999 1.510034 3.049428 1.539394 4.104405 5184.031237 1.579661 -31.944139 1000.000000 2.866102 -3.067610 100.000000 -35.011749 -400606.752018 1.696643 0.791866 158.373198 0.087533 0.383099 76.619865
 11.849999 1.521106 2.923331 1.402225 1.878111 3461.453210 1.579661 -31.944139 1000.000000 2.866102 -3.067610 100.000000 -35.011749 -400608.281493 1.648784 0.304102 60.820491 0.102274 0.523003 104.600585
 11.899999 1.588872 3.008279 1.419407 1.053140 286.982347 1.579661 -31.944139 1000.000000 2.866102 -3.067610 100.000000 -35.011749 -400603.167372 1.579188 0.003521 0.704160 0.105308 0.554485 110.896936
 11.949999 1.515924 2.959191 1.443267 2.464495 4149.077985 1.579661 -31.944139 1000.000000 2.866102 -3.067610 100.000000 -35.011749 -400606.867464 1.655887 0.362023 72.404610 0.132886 0.882941 176.588141
 11.999999 1.513206 3.027008 1.513802 3.502697 4675.210700 1.579661 -31.944139 1000.000000 2.866102 -3.067610 100.000000 -35.011749 -400605.402266 1.629879 0.174536 34.907203 0.098772 0.487793 97.558585
 12.049999 1.541559 2.938462 1.396903 0.987680 1504.116482 1.579661 -31.944139 1000.000000 2.866102 -3.067610 100.000000 -35.011749 -400604.930214 1.644563 0.272073 54.414700 0.087909 0.386403 77.280624
 12.099999 1.548786 3.006172 1.457386 1.457612 1149.439656 1.579661 -31.944139 1000.000000 2.866102 -3.067610 100.000000 -35.011749 -400604.406520 1.689421 0.703588 140.717508 0.123293 0.760053 152.010594
 12.149999 1.533752 2.988814 1.455062 1.806720 2258.183006 1.579661 -31.944139 1000.000000 2.866102 -3.067610 100.000000 -35.011749 -400603.224071 1.562439 0.003492 0.698398 0.109623 0.600865 120.172944
 12.199999 1.551303 2.917654 1.366351 0.534978 830.768940 1.579661 -31.944139 1000.000000 2.866102 -3.067610 100.000000 -35.011749 -400602.316277 1.606442 0.063532 12.706458 0.141237 0.997398 199.479690
 12.249999 1.506296 3.088349 1.582053 5.160906 5876.346892 1.579661 -31.944139 1000.000000 2.866102 -3.067610 100.000000 -35.011749 -400605.302194 1.711843 0.994715 198.943042 0.096819 0.468697 93.739313
 12.299999 1.500830 2.937027 1.436196 3.358667 6264.603279 1.579661 -31.944139 1000.000000 2.866102 -3.067610 100.000000 -35.011749 -400606.566687 1.670897 0.501004 100.200837 0.074978 0.281082 56.216413
 12.349999 1.567699 2.999523 1.431824 0.961610 321.100170 1.579661 -31.944139 1000.000000 2.866102 -3.067610 100.000000 -35.011749 -400605.218616 1.599888 0.042316 8.463271 0.136855 0.936462 187.292417
 12.399999 1.583189 2.976905 1.393716 0.620094 135.223497 1.579661 -31.944139 1000.000000 2.866102 -3.067610 100.000000 -35.011749 -400603.915744 1.604590 0.057100 11.419943 0.144946 1.050470 210.093998
 12.449999 1.519011 2.972694 1.453683 2.407316 3792.056528 1.579661 -31.944139 1000.000000 2.866102 -3.067610 100.000000 -35.011749 -400607.570293 1.621992 0.131052 26.210334 0.111253 0.618864 123.772881
 12.499999 1.512905 3.000535 1.487630 3.131812 4637.110664 1.579661 -31.944139 1000.000000 2.866102 -3.067610 100.000000 -35.011749 -400605.857154 1.696007 0.783880 156.776075 0.066966 0.224225 44.845024
 12.549999 1.564338 2.956805 1.392466 0.528742 317.050526 1.579661 -31.944139 1000.000000 2.866102 -3.067610 100.000000 -35.011749 -400605.371181 1.671418 0.506240 101.247951 0.098225 0.482408 96.481537
 12.599999 1.551685 2.971973 1.420288 0.951760 894.734185 1.579661 -31.944139 1000.000000 2.866102 -3.067610 100.000000 -35.011749 -400602.113402 1.555305 0.011999 2.399794 0.134142 0.899700 179.939925
 12.649999 1.541797 2.985166 1.443369 1.425653 1575.447454 1.579661 -31.944139 1000.000000 2.866102 -3.067610 100.000000 -35.011749 -400605.721109 1.632383 0.189646 37.929125 0.128308 0.823151 164.630236
 12.699999 1.526432 3.014554 1.488122 2.518552 3053.675724 1.579661 -31.944139 1000.000000 2.866102 -3.067610 100.000000 -35.011749 -400604.474899 1.680398 0.600627 120.125325 0.121212 0.734616 146.923186
 12.749999 1.522151 2.946742 1.424591 1.978824 3372.392561 1.579661 -31.944139 1000.000000 2.866102 -3.067610 100.000000 -35.011749 -400606.780761 1.651551 0.326066 65.213300 0.068093 0.231835 46.366964
 12.799999 1.532664 3.011891 1.479227 2.167076 2421.237223 1.579661 -31.944139 1000.000000 2.866102 -3.067610 100.000000 -35.011749 -400604.561353 1.649929 0.313101 62.620113 0.123318 0.760365 152.073057
 12.849999 1.577439 2.950872 1.373433 0.361768 76.798271 1.579661 -31.944139 1000.000000 2.866102 -3.067610 100.000000 -35.011749 -400603.261385 1.602575 0.050495 10.099006 0.137506 0.945400 189.080064
 12.899999 1.518517 2.998877 1.480360 2.750754 3914.883661 1.579661 -31.944139 1000.000000 2.866102 -3.067610 100.000000 -35.011749 -400605.989407 1.613408 0.090786 18.157287 0.108853 0.592452 118.490326
 12.949999 1.505147 2.992724 1.487577 3.577818 5712.636327 1.579661 -31.944139 1000.000000 2.866102 -3.067610 100.000000 -35.011749 -400607.527279 1.700165 0.836807 167.361424 0.132268 0.874737 174.947468
 12.999999 1.548229 3.004930 1.456700 1.457636 1180.685487 1.579661 -31.944139 1000.000000 2.866102 -3.067610 100.000000 -35.011749 -400606.208042 1.633832 0.198672 39.734488 0.095625 0.457206 91.441165
 13.049999 1.549860 2.951092 1.401232 0.805221 960.343663 1.579661 -31.944139 1000.000000 2.866102 -3.067610 100.000000 -35.011749 -400604.200266 1.624999 0.146896 29.379140 0.147594 1.089195 217.838903
 13.099999 1.532154 2.994032 1.461878 1.946770 2420.593596 1.579661 -31.944139 1000.000000 2.866102 -3.067610 100.000000 -35.011749 -400606.117376 1.654070 0.346727 69.345373 0.112734 0.635451 127.090122
 13.149999 1.532672 3.024240 1.491568 2.354366 2458.046855 1.579661 -31.944139 1000.000000 2.866102 -3.067610 100.000000 -35.011749 -400605.823240 1.599942 0.042473 8.494690 0.107384 0.576568 115.313562
 13.199999 1.550717 2.885008 1.334291 0.436743 841.314733 1.579661 -31.944139 1000.000000 2.866102 -3.067610 100.000000 -35.011749 -400603.600126 1.651736 0.327563 65.512634 0.110901 0.614947 122.989461
 13.249999 1.559470 3.077120 1.517650 2.430269 852.970964 1.579661 -31.944139 1000.000000 2.866102 -3.067610 100.000000 -35.011749 -400606.336568 1.644826 0.274023 54.804585 0.088218 0.389122 77.824466
 13.299999 1.547798 2.892417 1.344619 0.542264 1022.203384 1.579661 -31.944139 1000.000000 2.866102 -3.067610 100.000000 -35.011749 -400603.476203 1.627156 0.158822 31.764407 0.125865 0.792096 158.419160
 13.349999 1.523300 3.054033 1.530733 3.354179 3529.731604 1.579661 -31.944139 1000.000000 2.866102 -3.067610 100.000000 -35.011749 -400606.642734 1.608735 0.071968 14.393548 0.103906 0.539824 107.964728
 13.399999 1.526381 3.022282 1.495901 2.638994 3082.678026 1.579661 -31.944139 1000.000000 2.866102 -3.067610 100.000000 -35.011749 -400606.497929 1.675560 0.548767 109.753326 0.140441 0.986190 197.238012
 13.449999 1.532850 2.929618 1.396768 1.297335 2231.577919 1.579661 -31.944139 1000.000000 2.866102 -3.067610 100.000000 -35.011749 -400605.565709 1.598410 0.038127 7.625420 0.095632 0.457275 91.454936
 13.499999 1.545186 3.044691 1.499505 2.188971 1507.470652 1.579661 -31.944139 1000.000000 2.866102 -3.067610 100.000000 -35.011749 -400604.205425 1.644389 0.270797 54.159355 0.079088 0.312748 62.549679
 13.549999 1.500748 2.930616 1.429868 3.321729 6268.871374 1.579661 -31.944139 1000.000000 2.866102 -3.067610 100.000000 -35.011749 -400608.156864 1.683703 0.637398 127.479614 0.127523 0.813101 162.620265
 13.599999 1.514728 3.101121 1.586393 4.869845 4768.630905 1.579661 -31.944139 1000.000000 2.866102 -3.067610 100.000000 -35.011749 -400605.044090 1.557292 0.009118 1.823572 0.099059 0.490637 98.127436
 13.649999 1.553654 2.904055 1.350400 0.410193 690.747561 1.579661 -31.944139 1000.000000 2.866102 -3.067610 100.000000 -35.011749 -400604.364668 1.631434 0.183848 36.769517 0.150926 1.138939 227.787896
 13.699999 1.544844 3.030217 1.485373 1.952791 1481.537963 1.579661 -31.944139 1000.000000 2.866102 -3.067610 100.000000 -35.011749 -400602.468282 1.648410 0.301193 60.238616 0.083504 0.348642 69.728499
 13.749999 1.525896 2.972663 1.446766 2.013078 3004.179451 1.579661 -31.944139 1000.000000 2.866102 -3.067610 100.000000 -35.011749 -400606.863560 1.657830 0.378746 75.749174 0.077410 0.299612 59.922312
 13.799999 1.522840 2.966424 1.443584 2.117551 3329.296420 1.579661 -31.944139 1000.000000 2.866102 -3.067610 100.000000 -35.011749 -400603.623895 1.626759 0.156590 31.317956 0.131276 0.861668 172.333638
 13.849999 1.548456 3.051481 1.503025 2.205143 1317.381720 1.579661 -31.944139 1000.000000 2.866102 -3.067610 100.000000 -35.011749 -400605.090371 1.570500 0.000004 0.000879 0.120178 0.722141 144.428297
 13.899999 1.521741 2.901441 1.379701 1.739822 3367.242573 1.579661 -31.944139 1000.000000 2.866102 -3.067610 100.000000 -35.011749 -400603.820287 1.649218 0.307499 61.499893 0.127008 0.806554 161.310767
 13.949999 1.550644 3.079415 1.528771 2.696126 1297.038376 1.579661 -31.944139 1000.000000 2.866102 -3.067610 100.000000 -35.011749 -400605.443846 1.675874 0.552070 110.414030 0.061779 0.190831 38.166282
 13.999999 1.519089 2.903425 1.384336 1.904140 3682.908312 1.579661 -31.944139 1000.000000 2.866102 -3.067610 100.000000 -35.011749 -400604.746735 1.642500 0.257071 51.414167 0.108751 0.591343 118.268609
 14.049999 1.513192 3.043629 1.530437 3.784875 4733.321871 1.579661 -31.944139 1000.000000 2.866102 -3.067610 100.000000 -35.011749 -400607.355931 1.599876 0.042280 8.456095 0.136662 0.933831 186.766185
 14.099999 1.541142 2.994166 1.453024 1.561869 1647.700037 1.579661 -31.944139 1000.000000 2.866102 -3.067610 100.000000 -35.011749 -400606.899321 1.613667 0.091895 18.378921 0.119905 0.718858 143.771652
 14.149999 1.528395 2.907894 1.379499 1.401414 2645.631796 1.579661 -31.944139 1000.000000 2.866102 -3.067610 100.000000 -35.011749 -400603.499583 1.628410 0.165968 33.193666 0.077698 0.301849 60.369780
 14.199999 1.527399 3.050858 1.523459 3.072387 3072.635604 1.579661 -31.944139 1000.000000 2.866102 -3.067610 100.000000 -35.011749 -400607.579266 1.689763 0.707649 141.529857 0.081410 0.331380 66.275968
 14.249999 1.504624 2.948647 1.444023 3.155979 5698.727941 1.579661 -31.944139 1000.000000 2.866102 -3.067610 100.000000 -35.011749 -400606.875973 1.638223 0.227317 45.463335 0.141397 0.999661 199.932284
 14.299999 1.544768 3.006094 1.461326 1.588656 1413.497869 1.579661 -31.944139 1000.000000 2.866102 -3.067610 100.000000 -35.011749 -400603.041915 1.516804 0.145759 29.151860 0.117726 0.692972 138.594396
 14.349999 1.535293 2.973645 1.438352 1.562535 2084.165673 1.579661 -31.944139 1000.000000 2.866102 -3.067610 100.000000 -35.011749 -400606.671463 1.659043 0.389373 77.874517 0.115454 0.666485 133.296947
 14.399999 1.558039 2.987197 1.429159 0.966969 614.165519 1.579661 -31.944139 1000.000000 2.866102 -3.067610 100.000000 -35.011749 -400604.425616 1.697157 0.798346 159.669128 0.088957 0.395669 79.133775
 14.449999 1.548686 2.955732 1.407047 0.881422 1039.814916 1.579661 -31.944139 1000.000000 2.866102 -3.067610 100.000000 -35.011749 -400604.155141 1.612421 0.086629 17.325753 0.080839 0.326745 65.349010
 14.499999 1.524676 3.005988 1.481311 2.490064 3218.997471 1.579661 -31.944139 1000.000000 2.866102 -3.067610 100.000000 -35.011749 -400606.989632 1.633175 0.194557 38.911412 0.146699 1.076034 215.206874
 14.549999 1.572647 3.010919 1.438272 1.073202 258.919468 1.579661 -31.944139 1000.000000 2.866102 -3.067610 100.000000 -35.011749 -400604.458475 1.590106 0.018643 3.728658 0.120934 0.731257 146.251392
 14.599999 1.523050 2.916864 1.393814 1.731263 3230.615982 1.579661 -31.944139 1000.000000 2.866102 -3.067610 100.000000 -35.011749 -400601.525682 1.631081 0.181710 36.342001 0.101549 0.515614 103.122704
 14.649999 1.515266 3.084943 1.569677 4.467926 4625.625755 1.579661 -31.944139 1000.000000 2.866102 -3.067610 100.000000 -35.011749 -400604.845826 1.714672 1.035005 207.000949 0.087161 0.379852 75.970440
 14.699999 1.506055 2.933416 1.427361 2.935481 5463.154678 1.579661 -31.944139 1000.000000 2.866102 -3.067610 100.000000 -35.011749 -400604.770766 1.579610 0.003884 0.776890 0.122762 0.753520 150.704091
 14.749999 1.525644 3.009905 1.484261 2.492906 3124.679358 1.579661 -31.944139 1000.000000 2.866102 -3.067610 100.000000 -35.011749 -400607.048955 1.598937 0.039596 7.919127 0.139062 0.966916 193.383258
 14.799999 1.510607 3.017997 1.507390 3.537869 4999.244607 1.579661 -31.944139 1000.000000 2.866102 -3.067610 100.000000 -35.011749 -400609.653690 1.658655 0.385955 77.190983 0.102877 0.529187 105.837314
 14.849999 1.516142 2.939550 1.423408 2.287092 4088.671717 1.579661 -31.944139 1000.000000 2.866102 -3.067610 100.000000 -35.011749 -400607.148348 1.629478 0.172177 34.435381 0.101097 0.511035 102.206948
 14.899999 1.532404 3.008797 1.476394 2.134731 2436.882440 1.579661 -31.944139 1000.000000 2.866102 -3.067610 100.000000 -35.011749 -400608.203459 1.650421 0.317007 63.401317 0.104648 0.547560 109.512016
 14.949999 1.507662 3.009741 1.502079 3.623545 5390.198035 1.579661 -31.944139 1000.000000 2.866102 -3.067610 100.000000 -35.011749 -400606.725334 1.616257 0.103336 20.667117 0.144076 1.037898 207.579675
 14.999999 1.559492 2.944936 1.385445 0.514143 468.943283 1.579661 -31.944139 1000.000000 2.866102 -3.067610 100.000000 -35.011749 -400602.149900 1.581963 0.006234 1.246889 0.106714 0.569395 113.879083
 15.049999 1.535766 2.986387 1.450621 1.686827 2071.489912 1.579661 -31.944139 1000.000000 2.866102 -3.067610 100.000000 -35.011749 -400602.757598 1.664018 0.434515 86.902969 0.095705 0.457972 91.594432
 15.099999 1.542687 3.010186 1.467499 1.721569 1574.714405 1.579661 -31.944139 1000.000000 2.866102 -3.067610 100.000000 -35.011749 -400606.031186 1.682547 0.624413 124.882501 0.128660 0.827669 165.533705
 15.149999 1.537793 2.947075 1.409282 1.204301 1818.505082 1.579661 -31.944139 1000.000000 2.866102 -3.067610 100.000000 -35.011749 -400605.924167 1.568720 0.000216 0.043104 0.109453 0.599001 119.800279
 15.199999 1.541288 3.047901 1.506613 2.388782 1802.982354 1.579661 -31.944139 1000.000000 2.866102 -3.067610 100.000000 -35.011749 -400606.475891 1.665795 0.451234 90.246829 0.149540 1.118109 223.621786
 15.249999 1.523658 2.943555 1.419897 1.868122 3196.337766 1.579661 -31.944139 1000.000000 2.866102 -3.067610 100.000000 -35.011749 -400606.360621 1.674909 0.541977 108.395415 0.098128 0.481454 96.290852
 15.299999 1.538663 3.016127 1.477465 1.965815 1905.940527 1.579661 -31.944139 1000.000000 2.866102 -3.067610 100.000000 -35.011749 -400604.679602 1.600337 0.043631 8.726248 0.096223 0.462944 92.588830
 15.349999 1.510924 2.947078 1.436153 2.690239 4790.339728 1.579661 -31.944139 1000.000000 2.866102 -3.067610 100.000000 -35.011749 -400607.627647 1.652425 0.333163 66.632628 0.129000 0.832046 166.409230
 15.399999 1.536086 3.048175 1.512089 2.606920 2230.278443 1.579661 -31.944139 1000.000000 2.866102 -3.067610 100.000000 -35.011749 -400603.916209 1.626222 0.153602 30.720421 0.119916 0.718990 143.798055
 15.449999 1.550108 2.913557 1.363450 0.549306 895.928056 1.579661 -31.944139 1000.000000 2.866102 -3.067610 100.000000 -35.011749 -400604.293890 1.620089 0.121486 24.297191 0.116309 0.676393 135.278579
 15.499999 1.500485 3.029592 1.529107 4.470899 6536.194014 1.579661 -31.944139 1000.000000 2.866102 -3.067610 100.000000 -35.011749 -400607.695608 1.678734 0.582527 116.505400 0.097711 0.477373 95.474550
 15.549999 1.514721 3.060746 1.546024 4.002903 4596.042859 1.579661 -31.944139 1000.000000 2.866102 -3.067610 100.000000 -35.011749 -400607.365598 1.631961 0.187055 37.410934 0.153859 1.183631 236.726106
 15.599999 1.527238 2.896013 1.368775 1.418815 2757.110744 1.579661 -31.944139 1000.000000 2.866102 -3.067610 100.000000 -35.011749 -400604.580903 1.575874 0.001289 0.257819 0.129926 0.844034 168.806856
 15.649999 1.535939 3.105529 1.569590 3.822066 2484.857319 1.579661 -31.944139 1000.000000 2.866102 -3.067610 100.000000 -35.011749 -400604.750505 1.704334 0.891613 178.322521 0.091948 0.422720 84.544004
 15.699999 1.522373 2.876037 1.353663 1.645880 3282.876646 1.579661 -31.944139 1000.000000 2.866102 -3.067610 100.000000 -35.011749 -400603.965461 1.685217 0.654606 130.921288 0.086180 0.371348 74.269553
 15.749999 1.539790 3.042072 1.502282 2.343116 1899.330886 1.579661 -31.944139 1000.000000 2.866102 -3.067610 100.000000 -35.011749 -400604.912202 1.557360 0.009026 1.805258 0.106404 0.566095 113.218959
 15.799999 1.531920 2.970495 1.438575 1.684494 2388.172230 1.579661 -31.944139 1000.000000 2.866102 -3.067610 100.000000 -35.011749 -400606.383701 1.614854 0.097055 19.411027 0.153183 1.173257 234.651478
 15.849999 1.551871 2.990077 1.438206 1.154633 925.971217 1.579661 -31.944139 1000.000000 2.866102 -3.067610 100.000000 -35.011749 -400605.397450 1.628426 0.166060 33.211956 0.093133 0.433687 86.737468
 15.899999 1.556396 2.951736 1.395341 0.637301 614.604298 1.579661 -31.944139 1000.000000 2.866102 -3.067610 100.000000 -35.011749 -400605.073875 1.679205 0.587620 117.523900 0.074310 0.276096 55.219299
 15.949999 1.521366 2.978416 1.457050 2.329884 3524.458458 1.579661 -31.944139 1000.000000 2.866102 -3.067610 100.000000 -35.011749 -400606.432913 1.648218 0.299703 59.940615 0.111321 0.619623 123.924692
 15.999999 1.541652 3.052046 1.510395 2.451128 1790.468419 1.579661 -31.944139 1000.000000 2.866102 -3.067610 100.000000 -35.011749 -400606.453663 1.538814 0.051142 10.228487 0.133187 0.886934 177.386782
 16.049999 1.536495 2.902590 1.366095 0.998238 1876.653479 1.579661 -31.944139 1000.000000 2.866102 -3.067610 100.000000 -35.011749 -400605.032115 1.618209 0.112398 22.479673 0.136371 0.929853 185.970617
 16.099999 1.546424 3.048822 1.502397 2.221667 1438.533125 1.579661 -31.944139 1000.000000 2.866102 -3.067610 100.000000 -35.011749 -400606.769304 1.694810 0.768976 153.795117 0.058950 0.173754 34.750840
 16.149999 1.508386 2.911827 1.403441 2.644625 5101.078277 1.579661 -31.944139 1000.000000 2.866102 -3.067610 100.000000 -35.011749 -400606.498481 1.646664 0.287792 57.558374 0.076980 0.296295 59.258971
 16.199999 1.524943 3.030275 1.505332 2.844649 3263.540928 1.579661 -31.944139 1000.000000 2.866102 -3.067610 100.000000 -35.011749 -400608.368890 1.614523 0.095601 19.120141 0.139673 0.975424 195.084761
 16.249999 1.525193 3.008842 1.483649 2.502120 3170.498490 1.579661 -31.944139 1000.000000 2.866102 -3.067610 100.000000 -35.011749 -400607.865880 1.587863 0.014564 2.912866 0.133776 0.894797 178.959385
 16.299999 1.520387 2.923598 1.403211 1.922011 3546.502153 1.579661 -31.944139 1000.000000 2.866102 -3.067610 100.000000 -35.011749 -400605.154462 1.634980 0.205974 41.194850 0.080429 0.323442 64.688422
 16.349999 1.535137 3.040821 1.505684 2.517527 2287.652914 1.579661 -31.944139 1000.000000 2.866102 -3.067610 100.000000 -35.011749 -400605.219673 1.705132 0.902304 180.460725 0.066122 0.218607 43.721423
 16.399999 1.518652 2.955028 1.436376 2.256454 3801.201934 1.579661 -31.944139 1000.000000 2.866102 -3.067610 100.000000 -35.011749 -400607.883029 1.643798 0.266460 53.291973 0.124971 0.780885 156.177043
 16.449999 1.519773 3.001399 1.481626 2.708535 3769.579823 1.579661 -31.944139 1000.000000 2.866102 -3.067610 100.000000 -35.011749 -400603.508055 1.504553 0.219410 43.881985 0.131955 0.870611 174.122141
 16.499999 1.536667 3.015807 1.479140 2.044838 2072.619490 1.579661 -31.944139 1000.000000 2.866102 -3.067610 100.000000 -35.011749 -400607.144527 1.648327 0.300553 60.110622 0.129562 0.839311 167.862273
 16.549999 1.545167 2.960239 1.415071 1.037997 1278.435651 1.579661 -31.944139 1000.000000 2.866102 -3.067610 100.000000 -35.011749 -400604.177407 1.720588 1.121880 224.375901 0.077140 0.297529 59.505730
 16.599999 1.542283 3.004608 1.462324 1.657750 1588.951938 1.579661 -31.944139 1000.000000 2.866102 -3.067610 100.000000 -35.011749 -400605.515279 1.615629 0.100497 20.099463 0.081654 0.333367 66.673485
 16.649999 1.547144 2.952575 1.405431 0.902554 1132.123746 1.579661 -31.944139 1000.000000 2.866102 -3.067610 100.000000 -35.011749 -400602.470581 1.605756 0.061109 12.221824 0.168548 1.420423 284.084651
 16.699999 1.554837 3.050222 1.495384 2.003119 955.224825 1.579661 -31.944139 1000.000000 2.866102 -3.067610 100.000000 -35.011749 -400604.771848 1.578324 0.002834 0.566722 0.110423 0.609664 121.932822
 16.749999 1.532235 2.912223 1.379988 1.230955 2270.464029 1.579661 -31.944139 1000.000000 2.866102 -3.067610 100.000000 -35.011749 -400603.420801 1.683883 0.639430 127.885968 0.058874 0.173307 34.661448
 16.799999 1.532801 3.033784 1.500982 2.503784 2477.016161 1.579661 -31.944139 1000.000000 2.866102 -3.067610 100.000000 -35.011749 -400606.595429 1.703458 0.879950 175.990100 0.085380 0.364486 72.897281
 16.849999 1.516104 2.975226 1.459122 2.615156 4158.579683 1.579661 -31.944139 1000.000000 2.866102 -3.067610 100.000000 -35.011749 -400606.217919 1.554919 0.012604 2.520896 0.140525 0.987363 197.472501
 16.899999 1.510077 2.981722 1.471645 3.089395 4975.675054 1.579661 -31.944139 1000.000000 2.866102 -3.067610 100.000000 -35.011749 -400607.107041 1.569528 0.000080 0.016086 0.144667 1.046434 209.286738
 16.949999 1.527136 3.032272 1.505136 2.760074 3035.028895 1.579661 -31.944139 1000.000000 2.866102 -3.067610 100.000000 -35.011749 -400606.048587 1.687521 0.681227 136.245360 0.085152 0.362546 72.509248
 16.999999 1.535040 2.925297 1.390256 1.170702 2026.039583 1.579661 -31.944139 1000.000000 2.866102 -3.067610 100.000000 -35.011749 -400602.804062 1.690417 0.715453 143.090641 0.077936 0.303703 60.740593
 17.049999 1.516764 3.002862 1.486099 2.913210 4143.108480 1.579661 -31.944139 1000.000000 2.866102 -3.067610 100.000000 -35.011749 -400606.255487 1.583281 0.007794 1.558741 0.110146 0.606607 121.321350
 17.099999 1.526952 3.012149 1.485196 2.455586 2991.499916 1.579661 -31.944139 1000.000000 2.866102 -3.067610 100.000000 -35.011749 -400608.556162 1.602017 0.048738 9.747579 0.155268 1.205405 241.080993
 17.149999 1.560091 2.960174 1.400083 0.633973 471.478980 1.579661 -31.944139 1000.000000 2.866102 -3.067610 100.000000 -35.011749 -400604.169439 1.616628 0.105028 21.005664 0.093853 0.440416 88.083197
 17.199999 1.558706 2.953243 1.394537 0.599243 515.057515 1.579661 -31.944139 1000.000000 2.866102 -3.067610 100.000000 -35.011749 -400602.214512 1.676927 0.563189 112.637857 0.084881 0.360241 72.048268
 17.249999 1.525816 3.022978 1.497161 2.680134 3145.360335 1.579661 -31.944139 1000.000000 2.866102 -3.067610 100.000000 -35.011749 -400607.748045 1.679996 0.596226 119.245233 0.116104 0.674003 134.800589
 17.299999 1.543011 3.001535 1.458524 1.588735 1526.681232 1.579661 -31.944139 1000.000000 2.866102 -3.067610 100.000000 -35.011749 -400604.926789 1.576017 0.001363 0.272567 0.148627 1.104505 220.901068
 17.349999 1.546297 2.939699 1.393402 0.827417 1167.340077 1.579661 -31.944139 1000.000000 2.866102 -3.067610 100.000000 -35.011749 -400604.294040 1.598657 0.038812 7.762374 0.120896 0.730797 146.159406
 17.399999 1.538674 3.027656 1.488982 2.144969 1940.967691 1.579661 -31.944139 1000.000000 2.866102 -3.067610 100.000000 -35.011749 -400606.772767 1.705452 0.906605 181.320918 0.083075 0.345069 69.013747
 17.449999 1.522692 2.910478 1.387786 1.721184 3265.137464 1.579661 -31.944139 1000.000000 2.866102 -3.067610 100.000000 -35.011749 -400606.562186 1.646458 0.286231 57.246291 0.081507 0.332172 66.434425
 17.499999 1.514072 3.024688 1.510616 3.408438 4553.421312 1.579661 -31.944139 1000.000000 2.866102 -3.067610 100.000000 -35.011749 -400607.792015 1.595802 0.031264 6.252741 0.123837 0.766786 153.357239
 17.549999 1.521302 2.998475 1.477173 2.579017 3580.984955 1.579661 -31.944139 1000.000000 2.866102 -3.067610 100.000000 -35.011749 -400605.213638 1.641093 0.247081 49.416173 0.143672 1.032075 206.415029
 17.599999 1.533268 2.965301 1.432033 1.568180 2250.708875 1.579661 -31.944139 1000.000000 2.866102 -3.067610 100.000000 -35.011749 -400604.119702 1.597125 0.034659 6.931843 0.096793 0.468444 93.688746
 17.649999 1.523695 2.973499 1.449804 2.142788 3247.491840 1.579661 -31.944139 1000.000000 2.866102 -3.067610 100.000000 -35.011749 -400604.725084 1.666791 0.460751 92.150181 0.100675 0.506773 101.354628
 17.699999 1.518794 3.022017 1.503223 3.067861 3947.865283 1.579661 -31.944139 1000.000000 2.866102 -3.067610 100.000000 -35.011749 -400607.758752 1.692328 0.738495 147.698989 0.114408 0.654457 130.891484
 17.749999 1.523447 2.965940 1.442493 2.078400 3259.712702 1.579661 -31.944139 1000.000000 2.866102 -3.067610 100.000000 -35.011749 -400602.847521 1.544535 0.034483 6.896500 0.105407 0.555533 111.106693
 17.799999 1.534259 2.950340 1.416081 1.385485 2132.317332 1.579661 -31.944139 1000.000000 2.866102 -3.067610 100.000000 -35.011749 -400606.876165 1.619899 0.120551 24.110247 0.125108 0.782601 156.520208
 17.849999 1.547450 3.072047 1.524597 2.639457 1461.698736 1.579661 -31.944139 1000.000000 2.866102 -3.067610 100.000000 -35.011749 -400605.508553 1.669185 0.484020 96.804032 0.111543 0.622088 124.417636
 17.899999 1.536210 2.879633 1.343422 0.953134 1889.790750 1.579661 -31.944139 1000.000000 2.866102 -3.067610 100.000000 -35.011749 -400602.324459 1.618246 0.112574 22.514884 0.100356 0.503571 100.714249
 17.949999 1.529030 3.054928 1.525898 3.064533 2920.083192 1.579661 -31.944139 1000.000000 2.866102 -3.067610 100.000000 -35.011749 -400604.821536 1.627273 0.159479 31.895719 0.099377 0.493790 98.758060
 17.999999 1.545940 2.997386 1.451446 1.430317 1309.432603 1.579661 -31.944139 1000.000000 2.866102 -3.067610 100.000000 -35.011749 -400604.417948 1.674645 0.539232 107.846313 0.145796 1.062819 212.563723
 18.049999 1.545070 2.934734 1.389664 0.833785 1243.629272 1.579661 -31.944139 1000.000000 2.866102 -3.067610 100.000000 -35.011749 -400604.064657 1.559368 0.006531 1.306118 0.103477 0.535373 107.074660
 18.099999 1.530489 3.038924 1.508435 2.702327 2716.587526 1.579661 -31.944139 1000.000000 2.866102 -3.067610 100.000000 -35.011749 -400606.404894 1.621664 0.129376 25.875212 0.099897 0.498972 99.794478
 18.149999 1.509437 2.927905 1.418469 2.656700 4969.626355 1.579661 -31.944139 1000.000000 2.866102 -3.067610 100.000000 -35.011749 -400604.519040 1.698870 0.820138 164.027628 0.114192 0.651986 130.397257
 18.199999 1.525491 3.065565 1.540074 3.456496 3332.284470 1.579661 -31.944139 1000.000000 2.866102 -3.067610 100.000000 -35.011749 -400605.601360 1.586267 0.011967 2.393431 0.096035 0.461132 92.226361
 18.249999 1.534246 2.886094 1.351848 1.051251 2066.529072 1.579661 -31.944139 1000.000000 2.866102 -3.067610 100.000000 -35.011749 -400604.178355 1.648120 0.298945 59.788901 0.138795 0.963196 192.639239
 18.299999 1.522758 3.110826 1.588068 4.613465 3836.831091 1.579661 -31.944139 1000.000000 2.866102 -3.067610 100.000000 -35.011749 -400606.403054 1.593995 0.026909 5.381856 0.118280 0.699504 139.900737
 18.349999 1.516547 2.938851 1.422304 2.256300 4036.276822 1.579661 -31.944139 1000.000000 2.866102 -3.067610 100.000000 -35.011749 -400606.611786 1.626291 0.153983 30.796581 0.097196 0.472355 94.471016
 18.399999 1.517205 2.979560 1.462355 2.594006 4029.451874 1.579661 -31.944139 1000.000000 2.866102 -3.067610 100.000000 -35.011749 -400605.942100 1.670218 0.494230 98.846077 0.101955 0.519736 103.947219
 18.449999 1.538790 3.062095 1.523305 2.755904 2054.601823 1.579661 -31.944139 1000.000000 2.866102 -3.067610 100.000000 -35.011749 -400605.990709 1.610879 0.080330 16.066046 0.097654 0.476814 95.362844
 18.499999 1.536722 2.854008 1.317286 0.929184 1845.204527 1.579661 -31.944139 1000.000000 2.866102 -3.067610 100.000000 -35.011749 -400602.767550 1.584858 0.009887 1.977434 0.138830 0.963682 192.736346
 18.549999 1.532449 3.119619 1.587170 4.328040 2871.691795 1.579661 -31.944139 1000.000000 2.866102 -3.067610 100.000000 -35.011749 -400608.349290 1.631726 0.185623 37.124569 0.105271 0.554104 110.820834
 18.599999 1.513353 2.901628 1.388275 2.261490 4409.388408 1.579661 -31.944139 1000.000000 2.866102 -3.067610 100.000000 -35.011749 -400605.952718 1.670127 0.493329 98.665819 0.087501 0.382822 76.564372
 18.649999 1.551263 3.007094 1.455831 1.397169 1005.239813 1.579661 -31.944139 1000.000000 2.866102 -3.067610 100.000000 -35.011749 -400602.787058 1.605952 0.061796 12.359289 0.097595 0.476235 95.247082
 18.699998 1.549050 3.014225 1.465175 1.565542 1156.429404 1.579661 -31.944139 1000.000000 2.866102 -3.067610 100.000000 -35.011749 -400602.916452 1.622747 0.134942 26.988424 0.124818 0.778976 155.795174
 18.749998 1.532169 2.936992 1.404823 1.379025 2305.759953 1.579661 -31.944139 1000.000000 2.866102 -3.067610 100.000000 -35.011749 -400601.187747 1.609223 0.073829 14.765833 0.131121 0.859633 171.926697
 18.799998 1.557792 3.037564 1.479773 1.709103 772.256732 1.579661 -31.944139 1000.000000 2.866102 -3.067610 100.000000 -35.011749 -400605.099465 1.609861 0.076302 15.260493 0.076499 0.292608 58.521691
 18.849998 1.525194 2.892090 1.366896 1.517109 2973.435432 1.579661 -31.944139 1000.000000 2.866102 -3.067610 100.000000 -35.011749 -400604.831585 1.683486 0.634951 126.990284 0.099076 0.490804 98.160774
 18.899998 1.542114 3.101523 1.559408 3.476025 1963.972338 1.579661 -31.944139 1000.000000 2.866102 -3.067610 100.000000 -35.011749 -400604.959611 1.622575 0.134051 26.810132 0.104467 0.545669 109.133798
 18.949998 1.522429 2.899032 1.376603 1.691951 3286.306460 1.579661 -31.944139 1000.000000 2.866102 -3.067610 100.000000 -35.011749 -400605.156030 1.583227 0.007726 1.545292 0.135070 0.912189 182.437772
 18.999998 1.537104 3.058208 1.521105 2.750813 2180.175357 1.579661 -31.944139 1000.000000 2.866102 -3.067610 100.000000 -35.011749 -400604.895034 1.640538 0.243192 48.638397 0.135682 0.920479 184.095876
 19.049998 1.536359 3.006348 1.469989 1.920989 2071.760438 1.579661 -31.944139 1000.000000 2.866102 -3.067610 100.000000 -35.011749 -400604.435867 1.663102 0.426013 85.202590 0.087462 0.382481 76.496217
 19.099998 1.543173 2.886338 1.343166 0.686181 1335.506439 1.579661 -31.944139 1000.000000 2.866102 -3.067610 100.000000 -35.011749 -400599.261592 1.603457 0.053337 10.667335 0.095141 0.452594 90.518878
 19.149998 1.511346 3.099578 1.588232 5.059033 5212.065065 1.579661 -31.944139 1000.000000 2.866102 -3.067610 100.000000 -35.011749 -400606.749901 1.625919 0.151927 30.385480 0.121734 0.740957 148.191404
 19.199998 1.534576 2.928361 1.393785 1.210132 2071.407239 1.579661 -31.944139 1000.000000 2.866102 -3.067610 100.000000 -35.011749 -400605.663485 1.641512 0.250037 50.007344 0.130718 0.854353 170.870649
 19.249998 1.565053 2.997991 1.432937 0.976426 387.332183 1.579661 -31.944139 1000.000000 2.866102 -3.067610 100.000000 -35.011749 -400603.939758 1.592693 0.023974 4.794734 0.099640 0.496411 99.282101
 19.299998 1.518357 2.949237 1.430880 2.224668 3827.302766 1.579661 -31.944139 1000.000000 2.866102 -3.067610 100.000000 -35.011749 -400606.675345 1.683963 0.640337 128.067447 0.097878 0.479006 95.801201
 19.349998 1.501623 3.081365 1.579743 5.361916 6553.377911 1.579661 -31.944139 1000.000000 2.866102 -3.067610 100.000000 -35.011749 -400605.224187 1.684632 0.647930 129.585955 0.137427 0.944316 188.863151
 19.399998 1.557131 2.904401 1.347270 0.327136 522.254774 1.579661 -31.944139 1000.000000 2.866102 -3.067610 100.000000 -35.011749 -400601.344562 1.549129 0.023473 4.694539 0.105854 0.560255 112.050915
 19.449998 1.554873 2.999518 1.444645 1.197215 792.449472 1.579661 -31.944139 1000.000000 2.866102 -3.067610 100.000000 -35.011749 -400604.290639 1.658451 0.384168 76.833515 0.133802 0.895149 179.029883
 19.499998 1.511786 3.037793 1.526007 3.777376 4901.740039 1.579661 -31.944139 1000.000000 2.866102 -3.067610 100.000000 -35.011749 -400608.686300 1.677810 0.572593 114.518593 0.107353 0.576234 115.246845
 19.549998 1.533316 2.902195 1.368879 1.139071 2160.893669 1.579661 -31.944139 1000.000000 2.866102 -3.067610 100.000000 -35.011749 -400605.226394 1.610122 0.077327 15.465473 0.082145 0.337387 67.477378
 19.599998 1.525288 3.085973 1.560685 3.895371 3439.850927 1.579661 -31.944139 1000.000000 2.866102 -3.067610 100.000000 -35.011749 -400607.451940 1.653019 0.338028 67.605564 0.141424 1.000034 200.006793
 19.649998 1.523992 2.963447 1.439455 2.023322 3193.794846 1.579661 -31.944139 1000.000000 2.866102 -3.067610 100.000000 -35.011749 -400602.666180 1.644623 0.272519 54.503850 0.142437 1.014416 202.883274
 19.699998 1.539569 2.978411 1.438842 1.434349 1733.486185 1.579661 -31.944139 1000.000000 2.866102 -3.067610 100.000000 -35.011749 -400601.204563 1.557749 0.008512 1.702418 0.137212 0.941357 188.271415
 19.749998 1.527974 2.981759 1.453785 2.004596 2805.305168 1.579661 -31.944139 1000.000000 2.866102 -3.067610 100.000000 -35.011749 -400603.981052 1.722106 1.144731 228.946188 0.098884 0.488900 97.780030
 19.799998 1.506148 3.020976 1.514828 3.901398 5644.054150 1.579661 -31.944139 1000.000000 2.866102 -3.067610 100.000000 -35.011749 -400606.355843 1.667770 0.470195 94.038904 0.083019 0.344609 68.921878
 19.849998 1.542045 2.910614 1.368569 0.806551 1434.778019 1.579661 -31.944139 1000.000000 2.866102 -3.067610 100.000000 -35.011749 -400602.925129 1.585268 0.010471 2.094239 0.105407 0.555532 111.106429
 19.899998 1.562765 3.026957 1.464192 1.436453 544.216835 1.579661 -31.944139 1000.000000 2.866102 -3.067610 100.000000 -35.011749 -400605.036247 1.630167 0.176243 35.248547 0.134306 0.901908 180.381583
 19.949998 1.532846 2.977637 1.444791 1.717821 2316.032687 1.579661 -31.944139 1000.000000 2.866102 -3.067610 100.000000 -35.011749 -400603.589347 1.639298 0.234625 46.924909 0.113011 0.638571 127.714107
 19.999998 1.523074 2.944187 1.421113 1.905913 3263.067717 1.579661 -31.944139 1000.000000 2.866102 -3.067610 100.000000 -35.011749 -400600.101884 1.624087 0.141995 28.398961 0.095655 0.457494 91.498712
 20.049998 1.569374 3.035989 1.466615 1.496000 394.444811 1.579661 -31.944139 1000.000000 2.866102 -3.067610 100.000000 -35.011749 -400602.975171 1.674385 0.536535 107.306908 0.120659 0.727927 145.585331
 20.099998 1.534727 2.934321 1.399594 1.242228 2065.612154 1.579661 -31.944139 1000.000000 2.866102 -3.067610 100.000000 -35.011749 -400605.115873 1.626286 0.153958 30.791587 0.128500 0.825612 165.122364
 20.149998 1.525950 3.037651 1.511700 2.913874 3179.129134 1.579661 -31.944139 1000.000000 2.866102 -3.067610 100.000000 -35.011749 -400604.727287 1.585081 0.010203 2.040512 0.130447 0.850824 170.164891
 20.199998 1.532126 2.947214 1.415087 1.458735 2325.347211 1.579661 -31.944139 1000.000000 2.866102 -3.067610 100.000000 -35.011749 -400603.657612 1.702046 0.861327 172.265462 0.114340 0.653678 130.735538
 20.249998 1.538738 3.012679 1.473941 1.911602 1889.568659 1.579661 -31.944139 1000.000000 2.866102 -3.067610 100.000000 -35.011749 -400603.031480 1.663843 0.432883 86.576625 0.084882 0.360246 72.049245
 20.299998 1.516433 2.953653 1.437221 2.382163 4074.447346 1.579661 -31.944139 1000.000000 2.866102 -3.067610 100.000000 -35.011749 -400601.702571 1.609948 0.076644 15.328888 0.100960 0.509644 101.928791
 20.349998 1.524493 3.011900 1.487407 2.584591 3256.035139 1.579661 -31.944139 1000.000000 2.866102 -3.067610 100.000000 -35.011749 -400604.117763 1.652594 0.334541 66.908184 0.140374 0.985241 197.048134
 20.399998 1.535044 3.024158 1.489114 2.244425 2240.497374 1.579661 -31.944139 1000.000000 2.866102 -3.067610 100.000000 -35.011749 -400605.745795 1.641641 0.250948 50.189687 0.127715 0.815552 163.110442
 20.449998 1.518159 2.903855 1.385696 1.962534 3796.788470 1.579661 -31.944139 1000.000000 2.866102 -3.067610 100.000000 -35.011749 -400604.436332 1.633279 0.195207 39.041372 0.072310 0.261436 52.287295
 20.499998 1.538066 3.074924 1.536858 3.045420 2166.236371 1.579661 -31.944139 1000.000000 2.866102 -3.067610 100.000000 -35.011749 -400605.717242 1.695944 0.783092 156.618314 0.156673 1.227327 245.465324
 20.549998 1.524256 2.964606 1.440350 2.020036 3166.791467 1.579661 -31.944139 1000.000000 2.866102 -3.067610 100.000000 -35.011749 -400603.469754 1.595881 0.031463 6.292517 0.138355 0.957100 191.420009
 20.599998 1.551563 3.023332 1.471769 1.630824 1036.736088 1.579661 -31.944139 1000.000000 2.866102 -3.067610 100.000000 -35.011749 -400601.954977 1.652039 0.330023 66.004503 0.183763 1.688440 337.688036
 20.649998 1.548066 2.963121 1.415054 0.969748 1092.353415 1.579661 -31.944139 1000.000000 2.866102 -3.067610 100.000000 -35.011749 -400601.397359 1.668621 0.478488 95.697533 0.089436 0.399936 79.987236
 20.699998 1.544074 3.009281 1.465206 1.658219 1471.421283 1.579661 -31.944139 1000.000000 2.866102 -3.067610 100.000000 -35.011749 -400602.543451 1.671562 0.507684 101.536778 0.151882 1.153412 230.682417
 20.749998 1.527136 2.965341 1.438205 1.871852 2857.345483 1.579661 -31.944139 1000.000000 2.866102 -3.067610 100.000000 -35.011749 -400601.791306 1.621709 0.129607 25.921459 0.121644 0.739865 147.972924
 20.799998 1.560920 3.006676 1.445756 1.163671 548.836761 1.579661 -31.944139 1000.000000 2.866102 -3.067610 100.000000 -35.011749 -400604.236175 1.645504 0.279063 55.812523 0.122394 0.749016 149.803284
 20.849998 1.519994 2.928365 1.408371 1.973924 3598.939775 1.579661 -31.944139 1000.000000 2.866102 -3.067610 100.000000 -35.011749 -400605.653212 1.662080 0.416632 83.326491 0.081284 0.330353 66.070606
 20.899998 1.493136 3.059463 1.566327 5.612750 7860.521414 1.579661 -31.944139 1000.000000 2.866102 -3.067610 100.000000 -35.011749 -400606.811557 1.689222 0.701226 140.245221 0.136495 0.931550 186.310010
 20.949998 1.562662 2.939761 1.377098 0.415761 343.212767 1.579661 -31.944139 1000.000000 2.866102 -3.067610 100.000000 -35.011749 -400605.019626 1.646676 0.287889 57.577842 0.128070 0.820094 164.018806
 20.999998 1.560767 3.048547 1.487780 1.842811 689.841685 1.579661 -31.944139 1000.000000 2.866102 -3.067610 100.000000 -35.011749 -400604.520527 1.618800 0.115220 23.043957 0.143775 1.033566 206.713292
 21.049998 1.502040 2.912159 1.410120 3.118587 6046.255764 1.579661 -31.944139 1000.000000 2.866102 -3.067610 100.000000 -35.011749 -400606.370426 1.689309 0.702261 140.452143 0.136235 0.927997 185.599396
 21.099998 1.555142 3.085377 1.530235 2.704671 1081.987571 1.579661 -31.944139 1000.000000 2.866102 -3.067610 100.000000 -35.011749 -400606.353078 1.630150 0.176140 35.228041 0.113987 0.649652 129.930438
 21.149998 1.560076 2.876018 1.315942 0.196696 384.540762 1.579661 -31.944139 1000.000000 2.866102 -3.067610 100.000000 -35.011749 -400603.145088 1.611780 0.083984 16.796896 0.123356 0.760838 152.167682
 21.199998 1.529668 3.029015 1.499347 2.576677 2764.695653 1.579661 -31.944139 1000.000000 2.866102 -3.067610 100.000000 -35.011749 -400606.292561 1.649702 0.311303 62.260558 0.083358 0.347426 69.485215
 21.249998 1.537663 2.998466 1.460803 1.757932 1939.039541 1.579661 -31.944139 1000.000000 2.866102 -3.067610 100.000000 -35.011749 -400607.737153 1.671021 0.502251 100.450225 0.110622 0.611860 122.372097
 21.299998 1.513126 2.910867 1.397741 2.313652 4446.952640 1.579661 -31.944139 1000.000000 2.866102 -3.067610 100.000000 -35.011749 -400605.220974 1.611750 0.083861 16.772109 0.124604 0.776302 155.260363
 21.349998 1.522170 3.138439 1.616269 5.360985 4046.905407 1.579661 -31.944139 1000.000000 2.866102 -3.067610 100.000000 -35.011749 -400607.274155 1.603214 0.052547 10.509349 0.134551 0.905192 181.038406
 21.399998 1.537910 2.845631 1.307721 0.892532 1747.348271 1.579661 -31.944139 1000.000000 2.866102 -3.067610 100.000000 -35.011749 -400604.294634 1.678754 0.582741 116.548200 0.119305 0.711690 142.337963
 21.449998 1.544762 3.136966 1.592205 4.277362 1951.645341 1.579661 -31.944139 1000.000000 2.866102 -3.067610 100.000000 -35.011749 -400604.668941 1.631027 0.181385 36.277094 0.109061 0.594710 118.942010
 21.499998 1.483155 2.841404 1.358249 4.687204 9319.508125 1.579661 -31.944139 1000.000000 2.866102 -3.067610 100.000000 -35.011749 -400607.984139 1.648093 0.298735 59.747059 0.131028 0.858417 171.683332
 21.549998 1.531489 3.136611 1.605122 4.819039 3052.295814 1.579661 -31.944139 1000.000000 2.866102 -3.067610 100.000000 -35.011749 -400607.888027 1.598103 0.037282 7.456319 0.126895 0.805117 161.023362
 21.599998 1.548570 2.905628 1.357059 0.561457 982.303377 1.579661 -31.944139 1000.000000 2.866102 -3.067610 100.000000 -35.011749 -400606.346695 1.640330 0.241744 48.348850 0.105686 0.558482 111.696320
 21.649998 1.494162 2.977460 1.483298 4.275095 7434.123482 1.579661 -31.944139 1000.000000 2.866102 -3.067610 100.000000 -35.011749 -400608.782993 1.651006 0.321683 64.336657 0.082694 0.341913 68.382637
 21.699998 1.527559 3.080672 1.553113 3.659324 3175.030024 1.579661 -31.944139 1000.000000 2.866102 -3.067610 100.000000 -35.011749 -400606.697737 1.641695 0.251329 50.265808 0.117341 0.688451 137.690215
 21.749998 1.532899 2.883769 1.350870 1.108949 2189.804684 1.579661 -31.944139 1000.000000 2.866102 -3.067610 100.000000 -35.011749 -400604.816687 1.608925 0.072689 14.537794 0.149136 1.112074 222.414722
 21.799998 1.539129 3.087050 1.547921 3.262341 2131.049424 1.579661 -31.944139 1000.000000 2.866102 -3.067610 100.000000 -35.011749 -400605.194377 1.609495 0.074881 14.976186 0.108876 0.592701 118.540266
 21.849998 1.532156 2.882082 1.349926 1.141128 2259.273749 1.579661 -31.944139 1000.000000 2.866102 -3.067610 100.000000 -35.011749 -400603.068634 1.698805 0.819309 163.861752 0.109925 0.604171 120.834254
 21.899998 1.572619 3.091951 1.519332 2.575194 559.669564 1.579661 -31.944139 1000.000000 2.866102 -3.067610 100.000000 -35.011749 -400604.937877 1.638368 0.228295 45.658968 0.110670 0.612391 122.478134
 21.949998 1.510628 2.891897 1.381269 2.416081 4772.277938 1.579661 -31.944139 1000.000000 2.866102 -3.067610 100.000000 -35.011749 -400602.863068 1.568283 0.000316 0.063148 0.135853 0.922798 184.559623
 21.999998 1.574787 3.024994 1.450207 1.274213 276.227474 1.579661 -31.944139 1000.000000 2.866102 -3.067610 100.000000 -35.011749 -400603.170145 1.621165 0.126848 25.369685 0.104469 0.545686 109.137241
 22.049998 1.570717 2.970745 1.400028 0.587513 189.498304 1.579661 -31.944139 1000.000000 2.866102 -3.067610 100.000000 -35.011749 -400601.262625 1.683826 0.638781 127.756158 0.087739 0.384905 76.980906
 22.099998 1.517973 2.935989 1.418016 2.146891 3854.196129 1.579661 -31.944139 1000.000000 2.866102 -3.067610 100.000000 -35.011749 -400601.968103 1.648609 0.302744 60.548861 0.078931 0.311503 62.300538
 22.149998 1.513745 3.059119 1.545374 4.035262 4717.504666 1.579661 -31.944139 1000.000000 2.866102 -3.067610 100.000000 -35.011749 -400607.156438 1.613849 0.092678 18.535554 0.114393 0.654291 130.858105
 22.199998 1.551791 2.941994 1.390203 0.676342 834.317775 1.579661 -31.944139 1000.000000 2.866102 -3.067610 100.000000 -35.011749 -400602.973943 1.644096 0.268638 53.727694 0.135887 0.923262 184.652479
 22.249998 1.524120 3.051790 1.527670 3.266412 3429.620133 1.579661 -31.944139 1000.000000 2.866102 -3.067610 100.000000 -35.011749 -400606.185016 1.629783 0.173973 34.794659 0.132377 0.876182 175.236394
 22.299998 1.495312 2.956231 1.460919 3.963525 7195.948563 1.579661 -31.944139 1000.000000 2.866102 -3.067610 100.000000 -35.011749 -400604.644868 1.687887 0.685506 137.101119 0.096941 0.469878 93.975529
 22.349998 1.561123 3.027168 1.466044 1.468933 603.065563 1.579661 -31.944139 1000.000000 2.866102 -3.067610 100.000000 -35.011749 -400602.569675 1.678647 0.581593 116.318534 0.166533 1.386663 277.332517
 22.399998 1.539320 2.960858 1.421539 1.262654 1717.217122 1.579661 -31.944139 1000.000000 2.866102 -3.067610 100.000000 -35.011749 -400602.570534 1.557810 0.008432 1.686365 0.120700 0.728428 145.685527
 22.449998 1.541954 3.015622 1.473668 1.828715 1645.352184 1.579661 -31.944139 1000.000000 2.866102 -3.067610 100.000000 -35.011749 -400601.544359 1.664321 0.437346 87.469181 0.143972 1.036399 207.279803
 22.499998 1.558416 2.972216 1.413800 0.788686 563.943701 1.579661 -31.944139 1000.000000 2.866102 -3.067610 100.000000 -35.011749 -400603.975941 1.709745 0.965331 193.066268 0.086619 0.375140 75.027995
 22.549998 1.549673 2.961979 1.412306 0.909258 991.193253 1.579661 -31.944139 1000.000000 2.866102 -3.067610 100.000000 -35.011749 -400602.189424 1.616581 0.104813 20.962582 0.071103 0.252780 50.556052
 22.599998 1.497312 2.969353 1.472041 3.923741 6888.004565 1.579661 -31.944139 1000.000000 2.866102 -3.067610 100.000000 -35.011749 -400606.117170 1.615147 0.098351 19.670106 0.137794 0.949353 189.870562
 22.649998 1.543432 3.061480 1.518048 2.564899 1694.238913 1.579661 -31.944139 1000.000000 2.866102 -3.067610 100.000000 -35.011749 -400603.063754 1.652222 0.331510 66.301991 0.124179 0.771019 154.203840
 22.699998 1.543211 2.944004 1.400793 0.967741 1389.285537 1.579661 -31.944139 1000.000000 2.866102 -3.067610 100.000000 -35.011749 -400600.722109 1.625000 0.146903 29.380570 0.123535 0.763042 152.608346
 22.749998 1.488621 2.977596 1.488975 4.765678 8412.575838 1.579661 -31.944139 1000.000000 2.866102 -3.067610 100.000000 -35.011749 -400605.324699 1.677242 0.566534 113.306745 0.086089 0.370566 74.113177
 22.799998 1.505560 3.118967 1.613407 5.942549 6130.422743 1.579661 -31.944139 1000.000000 2.866102 -3.067610 100.000000 -35.011749 -400608.514613 1.691635 0.730097 146.019482 0.143760 1.033350 206.669983
 22.849998 1.532672 2.883849 1.351176 1.119711 2211.076154 1.579661 -31.944139 1000.000000 2.866102 -3.067610 100.000000 -35.011749 -400599.670703 1.610856 0.080239 16.047712 0.199550 1.991016 398.203113
 22.899998 1.536914 3.085595 1.548681 3.322521 2309.073220 1.579661 -31.944139 1000.000000 2.866102 -3.067610 100.000000 -35.011749 -400605.670620 1.597487 0.035620 7.123958 0.084925 0.360610 72.121935
 22.949998 1.512364 2.936339 1.423975 2.511081 4578.167139 1.579661 -31.944139 1000.000000 2.866102 -3.067610 100.000000 -35.011749 -400602.712730 1.722493 1.150597 230.119344 0.137505 0.945382 189.076319
 22.999998 1.548878 3.011963 1.463085 1.537575 1160.365171 1.579661 -31.944139 1000.000000 2.866102 -3.067610 100.000000 -35.011749 -400605.023269 1.613406 0.090780 18.156059 0.077846 0.303003 60.600652
 23.049998 1.530633 2.965686 1.435053 1.697725 2502.910254 1.579661 -31.944139 1000.000000 2.866102 -3.067610 100.000000 -35.011749 -400605.498709 1.623639 0.139616 27.923252 0.103951 0.540292 108.058421
 23.099998 1.523324 3.000270 1.476945 2.486961 3353.827498 1.579661 -31.944139 1000.000000 2.866102 -3.067610 100.000000 -35.011749 -400607.744071 1.684177 0.642757 128.551347 0.145927 1.064734 212.946747
 23.149998 1.539528 3.014311 1.474783 1.903627 1830.327318 1.579661 -31.944139 1000.000000 2.866102 -3.067610 100.000000 -35.011749 -400606.249487 1.596700 0.033550 6.709958 0.088191 0.388887 77.777321
 23.199998 1.508434 2.941459 1.433025 2.820549 5130.011204 1.579661 -31.944139 1000.000000 2.866102 -3.067610 100.000000 -35.011749 -400605.981139 1.655314 0.357158 71.431603 0.157487 1.240111 248.022273
 23.249998 1.500654 3.100965 1.600311 5.879108 6793.749006 1.579661 -31.944139 1000.000000 2.866102 -3.067610 100.000000 -35.011749 -400607.601451 1.670135 0.493405 98.680938 0.102326 0.523531 104.706190
 23.299998 1.533234 2.938499 1.405265 1.339822 2207.921375 1.579661 -31.944139 1000.000000 2.866102 -3.067610 100.000000 -35.011749 -400603.588733 1.640297 0.241518 48.303604 0.125224 0.784053 156.810675
 23.349998 1.531798 2.982968 1.451169 1.828312 2427.438430 1.579661 -31.944139 1000.000000 2.866102 -3.067610 100.000000 -35.011749 -400603.795427 1.623051 0.136527 27.305384 0.091377 0.417488 83.497536
 23.399998 1.526545 3.017868 1.491323 2.562321 3051.681307 1.579661 -31.944139 1000.000000 2.866102 -3.067610 100.000000 -35.011749 -400604.697994 1.658018 0.380377 76.075363 0.105993 0.561722 112.344486
 23.449998 1.564103 2.924394 1.360291 0.290927 276.038902 1.579661 -31.944139 1000.000000 2.866102 -3.067610 100.000000 -35.011749 -400599.990144 1.622815 0.135296 27.059278 0.108403 0.587562 117.512420
 23.499998 1.543770 2.999253 1.455482 1.530529 1465.425122 1.579661 -31.944139 1000.000000 2.866102 -3.067610 100.000000 -35.011749 -400602.216062 1.586661 0.012584 2.516722 0.100239 0.502389 100.477855
 23.549998 1.550193 2.955514 1.405321 0.833918 948.320536 1.579661 -31.944139 1000.000000 2.866102 -3.067610 100.000000 -35.011749 -400603.847993 1.703488 0.880350 176.069977 0.107980 0.582984 116.596757
 23.599998 1.547661 3.016751 1.469090 1.646761 1250.942673 1.579661 -31.944139 1000.000000 2.866102 -3.067610 100.000000 -35.011749 -400602.514456 1.640637 0.243883 48.776557 0.121938 0.743442 148.688393
 23.649998 1.512714 2.940901 1.428187 2.520677 4537.810112 1.579661 -31.944139 1000.000000 2.866102 -3.067610 100.000000 -35.011749 -400604.837375 1.587760 0.014388 2.877617 0.110821 0.614065 122.812937
 23.699998 1.523920 3.035292 1.511372 2.984800 3393.326565 1.579661 -31.944139 1000.000000 2.866102 -3.067610 100.000000 -35.011749 -400604.580334 1.669254 0.484692 96.938335 0.133786 0.894933 178.986694
 23.749998 1.530327 2.968950 1.438623 1.745833 2539.670033 1.579661 -31.944139 1000.000000 2.866102 -3.067610 100.000000 -35.011749 -400603.248200 1.630108 0.175895 35.178992 0.098591 0.486004 97.200873
 23.799998 1.558967 2.934664 1.375698 0.449171 475.265173 1.579661 -31.944139 1000.000000 2.866102 -3.067610 100.000000 -35.011749 -400600.275239 1.630257 0.176780 35.356026 0.087389 0.381840 76.367966
 23.849998 1.509162 3.027374 1.518212 3.785503 5230.215317 1.579661 -31.944139 1000.000000 2.866102 -3.067610 100.000000 -35.011749 -400608.151348 1.646607 0.287361 57.472158 0.128051 0.819850 163.969964
 23.899998 1.521912 3.000835 1.478923 2.575107 3516.437516 1.579661 -31.944139 1000.000000 2.866102 -3.067610 100.000000 -35.011749 -400601.957531 1.614552 0.095729 19.145721 0.126399 0.798831 159.766146
 23.949998 1.523364 2.957761 1.434398 2.004771 3253.408216 1.579661 -31.944139 1000.000000 2.866102 -3.067610 100.000000 -35.011749 -400602.031741 1.602538 0.050375 10.075055 0.139187 0.968645 193.728996
 23.999998 1.548547 3.021555 1.473008 1.692322 1209.726107 1.579661 -31.944139 1000.000000 2.866102 -3.067610 100.000000 -35.011749 -400603.109482 1.702568 0.868190 173.638081 0.093215 0.434450 86.890010
 24.049998 1.544294 2.954826 1.410531 1.018998 1329.520691 1.579661 -31.944139 1000.000000 2.866102 -3.067610 100.000000 -35.011749 -400604.758555 1.638513 0.229275 45.854975 0.120463 0.725570 145.114076
 24.099998 1.524190 2.975729 1.451539 2.139450 3197.269013 1.579661 -31.944139 1000.000000 2.866102 -3.067610 100.000000 -35.011749 -400607.899730 1.582209 0.006513 1.302535 0.118498 0.702085 140.416936
 24.149998 1.531822 3.036115 1.504294 2.589540 2577.664271 1.579661 -31.944139 1000.000000 2.866102 -3.067610 100.000000 -35.011749 -400604.543163 1.649522 0.309887 61.977375 0.117883 0.694814 138.962891
 24.199998 1.552255 2.905732 1.353477 0.454086 766.822317 1.579661 -31.944139 1000.000000 2.866102 -3.067610 100.000000 -35.011749 -400602.049926 1.633913 0.199186 39.837112 0.101857 0.518739 103.747726
 24.249998 1.554539 3.017584 1.463045 1.462897 860.587380 1.579661 -31.944139 1000.000000 2.866102 -3.067610 100.000000 -35.011749 -400602.687239 1.641940 0.253072 50.614333 0.077311 0.298853 59.770565
 24.299998 1.489395 2.978329 1.488934 4.703703 8273.857188 1.579661 -31.944139 1000.000000 2.866102 -3.067610 100.000000 -35.011749 -400605.468836 1.657521 0.376057 75.211345 0.147279 1.084555 216.910974
 24.349998 1.553756 3.018847 1.465091 1.502100 904.399299 1.579661 -31.944139 1000.000000 2.866102 -3.067610 100.000000 -35.011749 -400603.181269 1.576840 0.001826 0.365225 0.115814 0.670642 134.128470
 24.399998 1.547551 2.946912 1.399361 0.842040 1096.348009 1.579661 -31.944139 1000.000000 2.866102 -3.067610 100.000000 -35.011749 -400606.020874 1.620837 0.125205 25.041054 0.117704 0.692713 138.542510
 24.449998 1.490810 3.012125 1.521315 5.013378 8107.711961 1.579661 -31.944139 1000.000000 2.866102 -3.067610 100.000000 -35.011749 -400607.737421 1.706313 0.918240 183.648008 0.091654 0.420027 84.005432
 24.499998 1.530513 3.015113 1.484600 2.317966 2637.529116 1.579661 -31.944139 1000.000000 2.866102 -3.067610 100.000000 -35.011749 -400605.113863 1.631576 0.184710 36.942058 0.091169 0.415593 83.118678
 24.549998 1.550263 2.895908 1.345645 0.476534 873.110346 1.579661 -31.944139 1000.000000 2.866102 -3.067610 100.000000 -35.011749 -400602.758400 1.591444 0.021316 4.263123 0.137740 0.948621 189.724224
 24.599998 1.529487 3.071997 1.542510 3.378378 2941.401602 1.579661 -31.944139 1000.000000 2.866102 -3.067610 100.000000 -35.011749 -400603.151294 1.597428 0.035462 7.092450 0.107150 0.574060 114.811949
 24.649998 1.521278 2.923459 1.402181 1.868764 3441.435699 1.579661 -31.944139 1000.000000 2.866102 -3.067610 100.000000 -35.011749 -400604.027397 1.660286 0.400418 80.083676 0.111913 0.626225 125.244985
 24.699998 1.586036 2.980027 1.393991 0.669269 170.432334 1.579661 -31.944139 1000.000000 2.866102 -3.067610 100.000000 -35.011749 -400601.206606 1.639913 0.238855 47.771000 0.068493 0.234565 46.913032
 24.749998 1.505923 3.005946 1.500023 3.696474 5632.862610 1.579661 -31.944139 1000.000000 2.866102 -3.067610 100.000000 -35.011749 -400605.517237 1.633828 0.198648 39.729631 0.125156 0.783198 156.639685
 24.799998 1.542626 2.947607 1.404981 1.017950 1438.016831 1.579661 -31.944139 1000.000000 2.866102 -3.067610 100.000000 -35.011749 -400601.194977 1.591110 0.020632 4.126375 0.131345 0.862575 172.515079
 24.849998 1.594358 3.007939 1.413580 1.113895 417.190198 1.579661 -31.944139 1000.000000 2.866102 -3.067610 100.000000 -35.011749 -400602.565279 1.570995 0.000002 0.000396 0.091299 0.416775 83.355019
 24.899998 1.514229 2.914929 1.400699 2.259854 4305.141793 1.579661 -31.944139 1000.000000 2.866102 -3.067610 100.000000 -35.011749 -400603.933585 1.725056 1.189806 237.961160 0.086424 0.373457 74.691397
 24.949998 1.486693 3.092266 1.605573 6.879014 9154.492259 1.579661 -31.944139 1000.000000 2.866102 -3.067610 100.000000 -35.011749 -400610.258871 1.652300 0.332141 66.428110 0.090520 0.409698 81.939511
 24.999998 1.538791 2.899503 1.360712 0.890953 1681.495992 1.579661 -31.944139 1000.000000 2.866102 -3.067610 100.000000 -35.011749 -400598.994720 1.544779 0.033844 6.768784 0.146928 1.079385 215.877047
 25.049998 1.541511 3.030679 1.489168 2.081979 1726.245567 1.579661 -31.944139 1000.000000 2.866102 -3.067610 100.000000 -35.011749 -400606.739015 1.638641 0.230143 46.028632 0.119821 0.717856 143.571128
 25.099998 1.481048 3.023679 1.542631 6.103807 9972.870076 1.579661 -31.944139 1000.000000 2.866102 -3.067610 100.000000 -35.011749 -400606.815611 1.692069 0.735357 147.071343 0.085267 0.363521 72.704195
 25.149998 1.540110 2.909974 1.369864 0.878380 1583.529065 1.579661 -31.944139 1000.000000 2.866102 -3.067610 100.000000 -35.011749 -400603.970664 1.605748 0.061080 12.215939 0.094445 0.445992 89.198405
 25.199998 1.548957 3.053033 1.504075 2.218521 1292.156828 1.579661 -31.944139 1000.000000 2.866102 -3.067610 100.000000 -35.011749 -400602.536737 1.576293 0.001510 0.302086 0.134624 0.906187 181.237327
 25.249998 1.526221 2.951542 1.425322 1.792950 2928.888891 1.579661 -31.944139 1000.000000 2.866102 -3.067610 100.000000 -35.011749 -400602.153297 1.659077 0.389669 77.933890 0.127838 0.817124 163.424773
 25.299998 1.536188 3.007372 1.471183 1.942795 2089.443867 1.579661 -31.944139 1000.000000 2.866102 -3.067610 100.000000 -35.011749 -400604.358651 1.646516 0.286675 57.335017 0.074171 0.275068 55.013569
 25.349998 1.544005 2.954973 1.410968 1.030584 1350.342510 1.579661 -31.944139 1000.000000 2.866102 -3.067610 100.000000 -35.011749 -400605.330558 1.684555 0.647049 129.409894 0.112327 0.630870 126.173932
 25.399998 1.516855 3.037088 1.520234 3.434137 4236.999287 1.579661 -31.944139 1000.000000 2.866102 -3.067610 100.000000 -35.011749 -400606.624699 1.594950 0.029170 5.833923 0.128378 0.824045 164.809079
 25.449998 1.505018 2.966126 1.461108 3.286009 5671.579892 1.579661 -31.944139 1000.000000 2.866102 -3.067610 100.000000 -35.011749 -400606.649075 1.567129 0.000673 0.134523 0.129885 0.843504 168.700818
 25.499998 1.567628 2.958766 1.391138 0.501735 230.669050 1.579661 -31.944139 1000.000000 2.866102 -3.067610 100.000000 -35.011749 -400602.088784 1.676306 0.556618 111.323660 0.087476 0.382601 76.520265
 25.549998 1.509717 3.019178 1.509460 3.617681 5126.458819 1.579661 -31.944139 1000.000000 2.866102 -3.067610 100.000000 -35.011749 -400604.432590 1.689375 0.703044 140.608886 0.064660 0.209044 41.808803
 25.599998 1.510863 2.945430 1.434566 2.681216 4796.068934 1.579661 -31.944139 1000.000000 2.866102 -3.067610 100.000000 -35.011749 -400604.307635 1.617005 0.106760 21.351988 0.123153 0.758334 151.666769
 25.649998 1.505723 3.060080 1.554358 4.614822 5843.147517 1.579661 -31.944139 1000.000000 2.866102 -3.067610 100.000000 -35.011749 -400605.845916 1.549957 0.021713 4.342674 0.143727 1.032873 206.574656
 25.699998 1.519083 2.953532 1.434449 2.217057 3746.143470 1.579661 -31.944139 1000.000000 2.866102 -3.067610 100.000000 -35.011749 -400606.885005 1.673942 0.531955 106.390957 0.109717 0.601890 120.377935
 25.749998 1.513485 3.007727 1.494242 3.192496 4579.797518 1.579661 -31.944139 1000.000000 2.866102 -3.067610 100.000000 -35.011749 -400605.077701 1.671303 0.505080 101.015951 0.052619 0.138437 27.687369
 25.799998 1.551398 2.960175 1.408777 0.841883 887.279293 1.579661 -31.944139 1000.000000 2.866102 -3.067610 100.000000 -35.011749 -400604.342385 1.613185 0.089842 17.968307 0.120320 0.723843 144.768588
 25.849998 1.544419 3.001996 1.457577 1.544373 1426.698870 1.579661 -31.944139 1000.000000 2.866102 -3.067610 100.000000 -35.011749 -400600.550658 1.568035 0.000381 0.076240 0.147566 1.088780 217.755905
 25.899998 1.492687 2.991785 1.499098 4.572020 7722.363511 1.579661 -31.944139 1000.000000 2.866102 -3.067610 100.000000 -35.011749 -400605.770643 1.600173 0.043150 8.630004 0.098408 0.484209 96.841725
 25.949998 1.561203 2.958106 1.396903 0.593587 425.339348 1.579661 -31.944139 1000.000000 2.866102 -3.067610 100.000000 -35.011749 -400601.484482 1.705508 0.907365 181.473039 0.065241 0.212822 42.564404
 25.999998 1.563682 2.989028 1.425345 0.883202 406.433835 1.579661 -31.944139 1000.000000 2.866102 -3.067610 100.000000 -35.011749 -400601.459254 1.634434 0.202488 40.497676 0.104553 0.546564 109.312803
 26.049998 1.533925 2.942804 1.408878 1.340038 2150.589184 1.579661 -31.944139 1000.000000 2.866102 -3.067610 100.000000 -35.011749 -400602.068644 1.541337 0.043392 8.678483 0.138105 0.953651 190.730174
 26.099998 1.524076 3.020030 1.495954 2.729521 3326.583773 1.579661 -31.944139 1000.000000 2.866102 -3.067610 100.000000 -35.011749 -400605.165659 1.601278 0.046456 9.291218 0.123676 0.764793 152.958680
 26.149998 1.533092 2.973688 1.440596 1.663071 2284.405719 1.579661 -31.944139 1000.000000 2.866102 -3.067610 100.000000 -35.011749 -400606.721109 1.710706 0.978737 195.747325 0.070105 0.245733 49.146602
 26.199998 1.512937 2.983360 1.470422 2.913501 4589.550602 1.579661 -31.944139 1000.000000 2.866102 -3.067610 100.000000 -35.011749 -400604.718463 1.632794 0.192184 38.436740 0.074270 0.275798 55.159685
 26.249998 1.533961 2.968846 1.434884 1.572049 2194.030001 1.579661 -31.944139 1000.000000 2.866102 -3.067610 100.000000 -35.011749 -400604.061987 1.589402 0.017309 3.461879 0.150497 1.132463 226.492620
 26.299998 1.510551 3.052862 1.542311 4.132080 5125.016721 1.579661 -31.944139 1000.000000 2.866102 -3.067610 100.000000 -35.011749 -400603.234321 1.580728 0.004932 0.986349 0.145092 1.052590 210.517963
 26.349998 1.493222 2.956439 1.463217 4.143863 7553.252519 1.579661 -31.944139 1000.000000 2.866102 -3.067610 100.000000 -35.011749 -400606.355214 1.651051 0.322037 64.407420 0.065946 0.217442 43.488366
 26.399998 1.530459 2.981281 1.450821 1.873719 2553.482215 1.579661 -31.944139 1000.000000 2.866102 -3.067610 100.000000 -35.011749 -400600.551088 1.692725 0.743330 148.666089 0.071253 0.253847 50.769444
 26.449998 1.543945 2.990565 1.446620 1.412379 1430.562398 1.579661 -31.944139 1000.000000 2.866102 -3.067610 100.000000 -35.011749 -400602.066423 1.578722 0.003141 0.628225 0.138309 0.956465 191.293055
 26.499998 1.537606 2.967825 1.430219 1.401677 1872.068645 1.579661 -31.944139 1000.000000 2.866102 -3.067610 100.000000 -35.011749 -400601.462865 1.548538 0.024771 4.954167 0.142650 1.017457 203.491326
 26.549998 1.518805 3.013835 1.495030 2.942999 3921.729747 1.579661 -31.944139 1000.000000 2.866102 -3.067610 100.000000 -35.011749 -400604.316945 1.653499 0.341987 68.397336 0.090466 0.409204 81.840730
 26.599998 1.539709 2.945770 1.406061 1.115451 1659.672574 1.579661 -31.944139 1000.000000 2.866102 -3.067610 100.000000 -35.011749 -400605.361948 1.706363 0.918918 183.783513 0.072680 0.264118 52.823564
 26.649998 1.523669 3.007765 1.484096 2.570973 3335.774115 1.579661 -31.944139 1000.000000 2.866102 -3.067610 100.000000 -35.011749 -400603.577383 1.585234 0.010422 2.084357 0.108229 0.585678 117.135539
 26.699998 1.542946 2.973298 1.430351 1.248533 1462.877012 1.579661 -31.944139 1000.000000 2.866102 -3.067610 100.000000 -35.011749 -400604.016951 1.566545 0.000904 0.180733 0.171134 1.464344 292.868726
 26.749998 1.557763 3.008750 1.450987 1.257184 682.989240 1.579661 -31.944139 1000.000000 2.866102 -3.067610 100.000000 -35.011749 -400600.548544 1.633973 0.199568 39.913510 0.109699 0.601694 120.338830
 26.799998 1.512329 2.952704 1.440375 2.641777 4608.555433 1.579661 -31.944139 1000.000000 2.866102 -3.067610 100.000000 -35.011749 -400606.519236 1.685131 0.653624 130.724827 0.050632 0.128178 25.635650
 26.849998 1.525468 3.006579 1.481111 2.455121 3134.189813 1.579661 -31.944139 1000.000000 2.866102 -3.067610 100.000000 -35.011749 -400601.443106 1.681797 0.616053 123.210681 0.115305 0.664768 132.953519
 26.899998 1.542435 2.992932 1.450496 1.497167 1546.601895 1.579661 -31.944139 1000.000000 2.866102 -3.067610 100.000000 -35.011749 -400605.511059 1.534214 0.066913 13.382676 0.145584 1.059730 211.946038
 26.949998 1.556144 2.934764 1.378620 0.512245 600.188653 1.579661 -31.944139 1000.000000 2.866102 -3.067610 100.000000 -35.011749 -400601.516658 1.591096 0.020603 4.120666 0.116750 0.681524 136.304810
 26.999998 1.530611 3.030973 1.500363 2.562111 2677.779265 1.579661 -31.944139 1000.000000 2.866102 -3.067610 100.000000 -35.011749 -400603.587332 1.718835 1.095768 219.153513 0.072713 0.264362 52.872428
 27.049998 1.531466 2.922456 1.390990 1.320192 2354.562167 1.579661 -31.944139 1000.000000 2.866102 -3.067610 100.000000 -35.011749 -400600.505578 1.683319 0.633073 126.614565 0.085003 0.361275 72.255018
 27.099998 1.519473 3.009175 1.489701 2.834776 3827.266094 1.579661 -31.944139 1000.000000 2.866102 -3.067610 100.000000 -35.011749 -400605.019350 1.588145 0.015049 3.009857 0.124191 0.771168 154.233585
 27.149998 1.523961 3.037487 1.513527 3.019912 3396.252882 1.579661 -31.944139 1000.000000 2.866102 -3.067610 100.000000 -35.011749 -400605.366827 1.594747 0.028683 5.736561 0.164332 1.350251 270.050142
 27.199998 1.532478 2.918425 1.385947 1.250009 2253.620120 1.579661 -31.944139 1000.000000 2.866102 -3.067610 100.000000 -35.011749 -400604.784636 1.637730 0.224004 44.800802 0.089584 0.401266 80.253202
 27.249998 1.528652 3.027302 1.498651 2.600255 2861.799138 1.579661 -31.944139 1000.000000 2.866102 -3.067610 100.000000 -35.011749 -400603.546471 1.701317 0.851787 170.357390 0.072683 0.264141 52.828238
 27.299998 1.516624 2.951745 1.435120 2.353540 4046.956440 1.579661 -31.944139 1000.000000 2.866102 -3.067610 100.000000 -35.011749 -400603.631392 1.639266 0.234405 46.881088 0.124101 0.770048 154.009689
 27.349998 1.522070 2.990464 1.468395 2.431679 3471.411763 1.579661 -31.944139 1000.000000 2.866102 -3.067610 100.000000 -35.011749 -400604.709667 1.520421 0.126881 25.376240 0.137430 0.944347 188.869475
 27.399998 1.565912 2.979566 1.413654 0.738223 317.773003 1.579661 -31.944139 1000.000000 2.866102 -3.067610 100.000000 -35.011749 -400602.245715 1.660191 0.399566 79.913198 0.110713 0.612868 122.573581
 27.449998 1.530677 2.976828 1.446151 1.812738 2522.044284 1.579661 -31.944139 1000.000000 2.866102 -3.067610 100.000000 -35.011749 -400605.801550 1.698221 0.811854 162.370811 0.065760 0.216219 43.243886
 27.499998 1.536208 2.980927 1.444719 1.603343 2020.049584 1.579661 -31.944139 1000.000000 2.866102 -3.067610 100.000000 -35.011749 -400603.474437 1.613636 0.091761 18.352150 0.091041 0.414419 82.883788
 27.549998 1.554133 2.977531 1.423398 0.946660 775.838396 1.579661 -31.944139 1000.000000 2.866102 -3.067610 100.000000 -35.011749 -400602.203482 1.602489 0.050221 10.044298 0.171596 1.472257 294.451325
 27.599998 1.555902 3.033999 1.478097 1.691727 846.404860 1.579661 -31.944139 1000.000000 2.866102 -3.067610 100.000000 -35.011749 -400599.573750 1.576425 0.001584 0.316823 0.117595 0.691431 138.286195
 27.649998 1.530908 2.906952 1.376045 1.271882 2393.574240 1.579661 -31.944139 1000.000000 2.866102 -3.067610 100.000000 -35.011749 -400603.571137 1.684201 0.643033 128.606549 0.065641 0.215435 43.087058
 27.699998 1.555752 3.068041 1.512289 2.324796 979.426078 1.579661 -31.944139 1000.000000 2.866102 -3.067610 100.000000 -35.011749 -400602.125827 1.697523 0.802977 160.595373 0.106270 0.564669 112.933884
 27.749998 1.533699 2.951654 1.417956 1.422238 2185.742540 1.579661 -31.944139 1000.000000 2.866102 -3.067610 100.000000 -35.011749 -400602.352864 1.540322 0.046435 9.287070 0.133980 0.897537 179.507431
 27.799998 1.486209 2.980570 1.494361 5.021779 8864.292445 1.579661 -31.944139 1000.000000 2.866102 -3.067610 100.000000 -35.011749 -400607.314687 1.597981 0.036951 7.390163 0.122018 0.744425 148.885011
 27.849998 1.543382 3.043383 1.500001 2.229512 1630.439285 1.579661 -31.944139 1000.000000 2.866102 -3.067610 100.000000 -35.011749 -400605.977827 1.699137 0.823570 164.713993 0.086009 0.369879 73.975877
 27.899998 1.574427 2.879880 1.305453 0.023191 29.295498 1.579661 -31.944139 1000.000000 2.866102 -3.067610 100.000000 -35.011749 -400602.979668 1.639227 0.234140 46.828075 0.075866 0.287784 57.556723
 27.949998 1.521652 3.016789 1.495137 2.817872 3592.146179 1.579661 -31.944139 1000.000000 2.866102 -3.067610 100.000000 -35.011749 -400604.845128 1.572340 0.000119 0.023825 0.119238 0.710888 142.177680
 27.999998 1.509859 3.025937 1.516078 3.713521 5127.774516 1.579661 -31.944139 1000.000000 2.866102 -3.067610 100.000000 -35.011749 -400603.547688 1.626605 0.155732 31.146339 0.148029 1.095625 219.124903
 28.049998 1.564037 2.949402 1.385365 0.469003 313.499414 1.579661 -31.944139 1000.000000 2.866102 -3.067610 100.000000 -35.011749 -400597.632430 1.608541 0.071235 14.246919 0.066265 0.219550 43.909926
 28.099998 1.548240 2.957999 1.409759 0.915900 1071.745421 1.579661 -31.944139 1000.000000 2.866102 -3.067610 100.000000 -35.011749 -400603.539882 1.663500 0.429701 85.940155 0.069491 0.241448 48.289647
 28.149998 1.536753 2.984593 1.447840 1.622567 1981.509012 1.579661 -31.944139 1000.000000 2.866102 -3.067610 100.000000 -35.011749 -400606.482616 1.664525 0.439253 87.850609 0.109461 0.599083 119.816673
 28.199998 1.535160 2.998771 1.463611 1.870241 2156.387621 1.579661 -31.944139 1000.000000 2.866102 -3.067610 100.000000 -35.011749 -400604.732357 1.545885 0.031029 6.205771 0.128169 0.821366 164.273295
 28.249998 1.495867 2.966625 1.470758 4.015965 7122.493886 1.579661 -31.944139 1000.000000 2.866102 -3.067610 100.000000 -35.011749 -400600.648204 1.619258 0.117426 23.485289 0.129839 0.842909 168.581850
 28.299998 1.487819 3.077612 1.589792 6.454259 8882.238727 1.579661 -31.944139 1000.000000 2.866102 -3.067610 100.000000 -35.011749 -400605.837089 1.701962 0.860221 172.044227 0.074814 0.279857 55.971336
 28.349998 1.546846 2.903628 1.356783 0.608831 1090.919137 1.579661 -31.944139 1000.000000 2.866102 -3.067610 100.000000 -35.011749 -400601.876081 1.632597 0.190964 38.192737 0.081625 0.333130 66.625935
 28.399998 1.567267 2.992228 1.424961 0.872203 312.689942 1.579661 -31.944139 1000.000000 2.866102 -3.067610 100.000000 -35.011749 -400604.891725 1.614864 0.097097 19.419406 0.116313 0.676432 135.286352
 28.449998 1.509421 3.024072 1.514651 3.714588 5183.269440 1.579661 -31.944139 1000.000000 2.866102 -3.067610 100.000000 -35.011749 -400605.236786 1.618513 0.113842 22.768378 0.135517 0.918247 183.649356
 28.499998 1.528723 2.940804 1.412081 1.576348 2650.454276 1.579661 -31.944139 1000.000000 2.866102 -3.067610 100.000000 -35.011749 -400602.310294 1.611995 0.084866 16.973185 0.095936 0.460186 92.037299
 28.549998 1.562985 3.012856 1.449871 1.215890 493.468617 1.579661 -31.944139 1000.000000 2.866102 -3.067610 100.000000 -35.011749 -400602.083688 1.662650 0.421853 84.370523 0.079202 0.313648 62.729551
 28.599998 1.526758 2.948381 1.421623 1.737860 2866.428830 1.579661 -31.944139 1000.000000 2.866102 -3.067610 100.000000 -35.011749 -400606.945092 1.661785 0.413945 82.788989 0.091607 0.419589 83.917793
 28.649998 1.540911 2.994360 1.453450 1.573310 1666.100743 1.579661 -31.944139 1000.000000 2.866102 -3.067610 100.000000 -35.011749 -400604.767958 1.586960 0.013063 2.612677 0.102382 0.524099 104.819862
 28.699998 1.543947 2.977193 1.433246 1.254811 1398.901275 1.579661 -31.944139 1000.000000 2.866102 -3.067610 100.000000 -35.011749 -400604.889899 1.617600 0.109531 21.906227 0.139471 0.972603 194.520561
 28.749998 1.503893 2.998441 1.494548 3.746061 5915.892720 1.579661 -31.944139 1000.000000 2.866102 -3.067610 100.000000 -35.011749 -400603.136359 1.639130 0.233478 46.695569 0.086011 0.369894 73.978798
 28.799998 1.518100 3.003966 1.485866 2.845219 3979.837923 1.579661 -31.944139 1000.000000 2.866102 -3.067610 100.000000 -35.011749 -400600.887764 1.666174 0.454841 90.968267 0.066464 0.220872 44.174373
 28.849998 1.585557 2.936729 1.351171 0.266791 84.646544 1.579661 -31.944139 1000.000000 2.866102 -3.067610 100.000000 -35.011749 -400600.341263 1.653404 0.341200 68.239901 0.103861 0.539360 107.871991
 28.899998 1.560147 3.004469 1.444322 1.147675 572.247136 1.579661 -31.944139 1000.000000 2.866102 -3.067610 100.000000 -35.011749 -400602.391972 1.567532 0.000533 0.106544 0.104985 0.551090 110.218003
 28.949998 1.502299 2.964715 1.462416 3.478671 6082.138396 1.579661 -31.944139 1000.000000 2.866102 -3.067610 100.000000 -35.011749 -400605.950317 1.638324 0.228002 45.600421 0.116078 0.673702 134.740395
 28.999998 1.544483 3.008510 1.464028 1.632768 1440.317728 1.579661 -31.944139 1000.000000 2.866102 -3.067610 100.000000 -35.011749 -400603.456374 1.644973 0.275112 55.022365 0.087207 0.380255 76.050934
 29.049998 1.562912 2.956205 1.393294 0.546207 361.731177 1.579661 -31.944139 1000.000000 2.866102 -3.067610 100.000000 -35.011749 -400599.596116 1.650281 0.315893 63.178686 0.092202 0.425065 85.013008
 29.099998 1.499003 2.995712 1.496709 4.092812 6673.725330 1.579661 -31.944139 1000.000000 2.866102 -3.067610 100.000000 -35.011749 -400608.072314 1.652577 0.334403 66.880654 0.098507 0.485182 97.036454
 29.149998 1.522275 3.050931 1.528655 3.354646 3634.736788 1.579661 -31.944139 1000.000000 2.866102 -3.067610 100.000000 -35.011749 -400604.572592 1.616656 0.105155 21.031056 0.123605 0.763912 152.782445
 29.199998 1.530144 2.906091 1.375947 1.305910 2467.893794 1.579661 -31.944139 1000.000000 2.866102 -3.067610 100.000000 -35.011749 -400603.614016 1.616107 0.102655 20.531020 0.123355 0.760828 152.165676
 29.249998 1.508927 3.077719 1.568792 4.740731 5451.108754 1.579661 -31.944139 1000.000000 2.866102 -3.067610 100.000000 -35.011749 -400603.465786 1.663160 0.426554 85.310739 0.090004 0.405038 81.007502
 29.299998 1.548057 2.928517 1.380460 0.694194 1037.777211 1.579661 -31.944139 1000.000000 2.866102 -3.067610 100.000000 -35.011749 -400601.287697 1.669973 0.491803 98.360696 0.103359 0.534149 106.829834
 29.349998 1.571368 2.965570 1.394202 0.529086 167.720579 1.579661 -31.944139 1000.000000 2.866102 -3.067610 100.000000 -35.011749 -400600.906300 1.573481 0.000360 0.072048 0.104765 0.548780 109.756092
 29.399998 1.505640 3.001991 1.496352 3.662888 5663.837876 1.579661 -31.944139 1000.000000 2.866102 -3.067610 100.000000 -35.011749 -400604.654676 1.619164 0.116971 23.394264 0.106788 0.570180 114.035992
 29.449998 1.523439 2.969719 1.446281 2.117295 3268.291715 1.579661 -31.944139 1000.000000 2.866102 -3.067610 100.000000 -35.011749 -400605.007818 1.671972 0.511821 102.364250 0.099349 0.493514 98.702701
 29.499998 1.589646 2.984685 1.395039 0.752948 240.314837 1.579661 -31.944139 1000.000000 2.866102 -3.067610 100.000000 -35.011749 -400598.695919 1.609868 0.076328 15.265587 0.099859 0.498595 99.719008
 29.549998 1.555960 2.885401 1.329441 0.299495 565.466850 1.579661 -31.944139 1000.000000 2.866102 -3.067610 100.000000 -35.011749 -400600.777398 1.602853 0.051381 10.276258 0.107312 0.575793 115.158545
 29.599998 1.509581 3.101056 1.591475 5.215793 5463.277650 1.579661 -31.944139 1000.000000 2.866102 -3.067610 100.000000 -35.011749 -400606.160598 1.662998 0.425061 85.012139 0.113864 0.648256 129.651243
 29.649998 1.538007 2.924630 1.386623 1.038802 1769.299646 1.579661 -31.944139 1000.000000 2.866102 -3.067610 100.000000 -35.011749 -400602.968821 1.644025 0.268124 53.624798 0.118703 0.704521 140.904124
 29.699998 1.528422 2.982336 1.453913 1.988216 2760.502722 1.579661 -31.944139 1000.000000 2.866102 -3.067610 100.000000 -35.011749 -400602.220304 1.598377 0.038034 7.606708 0.066824 0.223274 44.654711
 29.749998 1.526001 3.021245 1.495245 2.643196 3120.134659 1.579661 -31.944139 1000.000000 2.866102 -3.067610 100.000000 -35.011749 -400600.657669 1.705637 0.909097 181.819415 0.120688 0.728275 145.654942
 29.799998 1.551302 2.958611 1.407309 0.830021 889.817794 1.579661 -31.944139 1000.000000 2.866102 -3.067610 100.000000 -35.011749 -400604.232496 1.610995 0.080796 16.159112 0.113999 0.649788 129.957545
 29.849998 1.534688 2.988010 1.453323 1.754392 2171.228601 1.579661 -31.944139 1000.000000 2.866102 -3.067610 100.000000 -35.011749 -400604.327138 1.570778 0.000000 0.000003 0.099881 0.498807 99.761441
 29.899998 1.508078 2.983239 1.475161 3.248123 5261.351327 1.579661 -31.944139 1000.000000 2.866102 -3.067610 100.000000 -35.011749 -400604.215895 1.715650 1.049131 209.826142 0.109949 0.604441 120.888162
 29.949998 1.515303 3.048709 1.533407 3.738275 4475.448720 1.579661 -31.944139 1000.000000 2.866102 -3.067610 100.000000 -35.011749 -400604.893416 1.612779 0.088126 17.625140 0.102930 0.529726 105.945154
 29.999998 1.566462 2.880109 1.313647 0.096914 176.168232 1.579661 -31.944139 1000.000000 2.866102 -3.067610 100.000000 -35.011749 -400595.200261 1.594480 0.028045 5.609061 0.106116 0.563034 112.606817
 30.049998 1.528988 3.049500 1.520512 2.965625 2904.091729 1.579661 -31.944139 1000.000000 2.866102 -3.067610 100.000000 -35.011749 -400606.628611 1.659397 0.392505 78.501047 0.124207 0.771371 154.274136
 30.099998 1.505253 2.981279 1.476026 3.431556 5669.181571 1.579661 -31.944139 1000.000000 2.866102 -3.067610 100.000000 -35.011749 -400605.469284 1.624849 0.146084 29.216740 0.103276 0.533296 106.659131
 30.149998 1.556785 2.920977 1.364192 0.412218 553.415717 1.579661 -31.944139 1000.000000 2.866102 -3.067610 100.000000 -35.011749 -400600.678017 1.598362 0.037994 7.598878 0.095213 0.453276 90.655211
 30.199998 1.511246 3.067138 1.555892 4.361099 5084.809870 1.579661 -31.944139 1000.000000 2.866102 -3.067610 100.000000 -35.011749 -400604.478571 1.659613 0.394418 78.883550 0.112054 0.627805 125.560920
 30.249998 1.517366 2.929416 1.412050 2.140784 3920.786547 1.579661 -31.944139 1000.000000 2.866102 -3.067610 100.000000 -35.011749 -400602.807804 1.647056 0.290774 58.154813 0.102100 0.521217 104.243499
 30.299998 1.565635 3.000697 1.435062 1.004164 377.900886 1.579661 -31.944139 1000.000000 2.866102 -3.067610 100.000000 -35.011749 -400596.503132 1.571743 0.000045 0.008959 0.094757 0.448942 89.788377
 30.349998 1.562229 2.951671 1.389442 0.518048 377.102786 1.579661 -31.944139 1000.000000 2.866102 -3.067610 100.000000 -35.011749 -400602.155331 1.696484 0.789875 157.975043 0.124968 0.780846 156.169244
 30.399998 1.495752 3.018637 1.522886 4.683735 7273.425675 1.579661 -31.944139 1000.000000 2.866102 -3.067610 100.000000 -35.011749 -400601.216597 1.593809 0.026480 5.296038 0.090549 0.409956 81.991245
 30.449998 1.537879 2.979182 1.441303 1.512213 1873.586779 1.579661 -31.944139 1000.000000 2.866102 -3.067610 100.000000 -35.011749 -400601.719672 1.637222 0.220618 44.123501 0.094122 0.442951 88.590239
 30.499998 1.580625 2.957248 1.376623 0.415850 84.006666 1.579661 -31.944139 1000.000000 2.866102 -3.067610 100.000000 -35.011749 -400600.565854 1.656132 0.364109 72.821846 0.106655 0.568760 113.752011
 30.549998 1.535506 3.003900 1.468394 1.924238 2139.516336 1.579661 -31.944139 1000.000000 2.866102 -3.067610 100.000000 -35.011749 -400602.445540 1.583431 0.007982 1.596307 0.085913 0.369056 73.811122
 30.599998 1.537131 2.896833 1.359702 0.951605 1818.212873 1.579661 -31.944139 1000.000000 2.866102 -3.067610 100.000000 -35.011749 -400597.748803 1.658183 0.381818 76.363540 0.112495 0.632753 126.550520
 30.649998 1.514535 3.082221 1.567686 4.456056 4708.421591 1.579661 -31.944139 1000.000000 2.866102 -3.067610 100.000000 -35.011749 -400601.238281 1.610730 0.079735 15.947083 0.109975 0.604725 120.945037
 30.699998 1.516838 2.927208 1.410370 2.160038 3984.017273 1.579661 -31.944139 1000.000000 2.866102 -3.067610 100.000000 -35.011749 -400601.596027 1.653485 0.341875 68.374913 0.105013 0.551390 110.278056
 30.749998 1.511875 3.027817 1.515942 3.605081 4856.502164 1.579661 -31.944139 1000.000000 2.866102 -3.067610 100.000000 -35.011749 -400606.277999 1.646826 0.289023 57.804683 0.100427 0.504282 100.856420
 30.799998 1.551151 2.970482 1.419331 0.951174 921.776092 1.579661 -31.944139 1000.000000 2.866102 -3.067610 100.000000 -35.011749 -400601.590342 1.610393 0.078396 15.679193 0.113494 0.644041 128.808256
 30.849998 1.548153 2.942252 1.394099 0.786311 1050.722065 1.579661 -31.944139 1000.000000 2.866102 -3.067610 100.000000 -35.011749 -400604.462821 1.637603 0.223156 44.631286 0.110954 0.615540 123.108025
 30.899998 1.477385 3.085809 1.608423 7.643727 10943.056064 1.579661 -31.944139 1000.000000 2.866102 -3.067610 100.000000 -35.011749 -400607.444202 1.647334 0.292898 58.579625 0.101412 0.514220 102.843960
 30.949998 1.535780 2.914751 1.378971 1.081094 1949.179420 1.579661 -31.944139 1000.000000 2.866102 -3.067610 100.000000 -35.011749 -400599.073254 1.653571 0.342582 68.516422 0.099427 0.494287 98.857352
 30.999998 1.598315 2.976005 1.377690 0.777914 468.744942 1.579661 -31.944139 1000.000000 2.866102 -3.067610 100.000000 -35.011749 -400600.750196 1.603097 0.052167 10.433453 0.086075 0.370444 74.088814
 31.049998 1.557480 2.970726 1.413246 0.793306 601.449756 1.579661 -31.944139 1000.000000 2.866102 -3.067610 100.000000 -35.011749 -400601.560333 1.658986 0.388870 77.773989 0.098069 0.480872 96.174457
 31.099998 1.486660 3.001506 1.514846 5.241295 8832.489376 1.579661 -31.944139 1000.000000 2.866102 -3.067610 100.000000 -35.011749 -400606.783690 1.632291 0.189083 37.816529 0.112004 0.627248 125.449669
 31.149997 1.534734 3.006960 1.472226 2.001277 2216.869713 1.579661 -31.944139 1000.000000 2.866102 -3.067610 100.000000 -35.011749 -400604.873006 1.613007 0.089089 17.817712 0.097163 0.472036 94.407173
 31.199997 1.536123 2.929809 1.393686 1.150695 1936.116310 1.579661 -31.944139 1000.000000 2.866102 -3.067610 100.000000 -35.011749 -400601.237322 1.653370 0.340920 68.183902 0.099440 0.494417 98.883464
 31.249997 1.490834 3.053707 1.562873 5.704935 8242.248213 1.579661 -31.944139 1000.000000 2.866102 -3.067610 100.000000 -35.011749 -400605.485932 1.642106 0.254254 50.850704 0.097601 0.476296 95.259292
 31.299997 1.540197 2.927805 1.387607 0.969054 1595.453562 1.579661 -31.944139 1000.000000 2.866102 -3.067610 100.000000 -35.011749 -400600.706279 1.623097 0.136770 27.353964 0.117995 0.696135 139.227059
 31.349997 1.532106 3.027927 1.495821 2.440102 2523.322097 1.579661 -31.944139 1000.000000 2.866102 -3.067610 100.000000 -35.011749 -400604.026378 1.610467 0.078688 15.737545 0.122562 0.751078 150.215563
 31.399997 1.493785 2.998698 1.504913 4.566435 7550.497546 1.579661 -31.944139 1000.000000 2.866102 -3.067610 100.000000 -35.011749 -400604.544338 1.662752 0.422796 84.559283 0.087713 0.384679 76.935836
 31.449997 1.550475 2.942634 1.392159 0.718784 910.420926 1.579661 -31.944139 1000.000000 2.866102 -3.067610 100.000000 -35.011749 -400599.906376 1.642152 0.254582 50.916462 0.091121 0.415153 83.030653
 31.499997 1.613720 2.994647 1.380926 1.406214 1325.282488 1.579661 -31.944139 1000.000000 2.866102 -3.067610 100.000000 -35.011749 -400596.683650 1.605199 0.059175 11.835096 0.100737 0.507397 101.479383
 31.549997 1.506443 2.940434 1.433991 2.956697 5416.119405 1.579661 -31.944139 1000.000000 2.866102 -3.067610 100.000000 -35.011749 -400604.025453 1.626530 0.155313 31.062614 0.117489 0.690189 138.037761
 31.599997 1.483439 3.091917 1.608478 7.178934 9768.541367 1.579661 -31.944139 1000.000000 2.866102 -3.067610 100.000000 -35.011749 -400606.301911 1.655017 0.354653 70.930647 0.097723 0.477486 95.497231
 31.649997 1.564415 2.892564 1.328149 0.151240 239.456546 1.579661 -31.944139 1000.000000 2.866102 -3.067610 100.000000 -35.011749 -400596.937434 1.670570 0.497741 99.548152 0.089385 0.399480 79.896035
 31.699997 1.566626 3.009887 1.443261 1.118668 376.654711 1.579661 -31.944139 1000.000000 2.866102 -3.067610 100.000000 -35.011749 -400599.626069 1.599733 0.041866 8.373131 0.119221 0.710679 142.135865
 31.749997 1.501564 2.947955 1.446391 3.384576 6166.159558 1.579661 -31.944139 1000.000000 2.866102 -3.067610 100.000000 -35.011749 -400606.059968 1.615519 0.100005 20.000912 0.116148 0.674519 134.903792
 31.799997 1.542672 3.035851 1.493179 2.124821 1656.303232 1.579661 -31.944139 1000.000000 2.866102 -3.067610 100.000000 -35.011749 -400602.515688 1.656684 0.368834 73.766881 0.110565 0.611226 122.245138
 31.849997 1.582025 2.922634 1.340609 0.162591 37.548227 1.579661 -31.944139 1000.000000 2.866102 -3.067610 100.000000 -35.011749 -400598.797302 1.619594 0.119059 23.811706 0.071278 0.254029 50.805797
 31.899997 1.522737 2.960921 1.438183 2.069680 3330.202985 1.579661 -31.944139 1000.000000 2.866102 -3.067610 100.000000 -35.011749 -400606.104233 1.644724 0.273265 54.652912 0.091847 0.421796 84.359292
 31.949997 1.524289 3.065580 1.541291 3.522617 3463.989263 1.579661 -31.944139 1000.000000 2.866102 -3.067610 100.000000 -35.011749 -400606.263111 1.633696 0.197818 39.563694 0.129315 0.836123 167.224622
 31.999997 1.560104 2.874361 1.314258 0.194658 383.176972 1.579661 -31.944139 1000.000000 2.866102 -3.067610 100.000000 -35.011749 -400601.683047 1.602522 0.050327 10.065379 0.126256 0.797024 159.404737
 32.049997 1.516615 3.068003 1.551388 4.025625 4382.485909 1.579661 -31.944139 1000.000000 2.866102 -3.067610 100.000000 -35.011749 -400603.069109 1.630577 0.178688 35.737519 0.100077 0.500775 100.154905
 32.099997 1.508476 2.946211 1.437735 2.854553 5131.536799 1.579661 -31.944139 1000.000000 2.866102 -3.067610 100.000000 -35.011749 -400605.876267 1.706449 0.920079 184.015877 0.098713 0.487214 97.442725
 32.149997 1.549492 3.042728 1.493237 2.014938 1222.145935 1.579661 -31.944139 1000.000000 2.866102 -3.067610 100.000000 -35.011749 -400603.544424 1.576026 0.001367 0.273496 0.124094 0.769963 153.992554
 32.199997 1.524323 2.920485 1.396162 1.679028 3091.874574 1.579661 -31.944139 1000.000000 2.866102 -3.067610 100.000000 -35.011749 -400605.729272 1.578496 0.002964 0.592794 0.122738 0.753225 150.645059
 32.249997 1.491239 3.054124 1.562885 5.676806 8171.899423 1.579661 -31.944139 1000.000000 2.866102 -3.067610 100.000000 -35.011749 -400610.009929 1.711485 0.989671 197.934235 0.088783 0.394122 78.824472
 32.299997 1.555398 2.988480 1.433082 1.043160 738.442608 1.579661 -31.944139 1000.000000 2.866102 -3.067610 100.000000 -35.011749 -400598.417710 1.680079 0.597133 119.426504 0.064993 0.211204 42.240757
 32.349997 1.587135 2.869907 1.282772 0.028651 55.998317 1.579661 -31.944139 1000.000000 2.866102 -3.067610 100.000000 -35.011749 -400593.412047 1.568570 0.000248 0.049546 0.107983 0.583018 116.603603
 32.399997 1.527680 3.083001 1.555320 3.703248 3172.427635 1.579661 -31.944139 1000.000000 2.866102 -3.067610 100.000000 -35.011749 -400603.967844 1.600257 0.043398 8.679579 0.134058 0.898583 179.716684
 32.449997 1.516350 2.938100 1.421750 2.263330 4060.123170 1.579661 -31.944139 1000.000000 2.866102 -3.067610 100.000000 -35.011749 -400605.212214 1.689637 0.706155 141.231017 0.101743 0.517583 103.516566
 32.499997 1.554595 3.007765 1.453170 1.317585 829.010416 1.579661 -31.944139 1000.000000 2.866102 -3.067610 100.000000 -35.011749 -400601.682362 1.636927 0.218665 43.733074 0.091859 0.421906 84.381120
 32.549997 1.535193 2.929512 1.394319 1.189750 2017.621002 1.579661 -31.944139 1000.000000 2.866102 -3.067610 100.000000 -35.011749 -400602.171407 1.661568 0.411971 82.394144 0.113933 0.649033 129.806647
 32.599997 1.500906 3.130789 1.629883 6.604143 6902.947209 1.579661 -31.944139 1000.000000 2.866102 -3.067610 100.000000 -35.011749 -400600.145051 1.570652 0.000001 0.000208 0.176228 1.552817 310.563456
 32.649997 1.532152 2.898324 1.366172 1.180468 2267.490738 1.579661 -31.944139 1000.000000 2.866102 -3.067610 100.000000 -35.011749 -400597.767507 1.540944 0.044557 8.911362 0.112031 0.627552 125.510388
 32.699997 1.540422 2.974236 1.433814 1.354512 1656.661493 1.579661 -31.944139 1000.000000 2.866102 -3.067610 100.000000 -35.011749 -400605.057973 1.690018 0.710687 142.137407 0.050058 0.125288 25.057644
 32.749997 1.524760 3.049776 1.525017 3.193901 3351.531786 1.579661 -31.944139 1000.000000 2.866102 -3.067610 100.000000 -35.011749 -400603.199119 1.738809 1.411409 282.281893 0.093609 0.438136 87.627171
 32.799997 1.548347 2.930499 1.382152 0.697627 1022.018693 1.579661 -31.944139 1000.000000 2.866102 -3.067610 100.000000 -35.011749 -400598.228698 1.518638 0.136022 27.204466 0.146177 1.068388 213.677564
 32.849997 1.552568 2.978346 1.425778 0.996952 860.018192 1.579661 -31.944139 1000.000000 2.866102 -3.067610 100.000000 -35.011749 -400599.010095 1.533757 0.068595 13.719078 0.129203 0.834671 166.934156
 32.899997 1.514395 2.997673 1.483278 2.995402 4432.809931 1.579661 -31.944139 1000.000000 2.866102 -3.067610 100.000000 -35.011749 -400604.549422 1.760295 1.795489 359.097702 0.078648 0.309272 61.854356
 32.949997 1.530745 3.038247 1.507503 2.678107 2689.143338 1.579661 -31.944139 1000.000000 2.866102 -3.067610 100.000000 -35.011749 -400605.274005 1.636503 0.215866 43.173107 0.088498 0.391592 78.318468
 32.999997 1.566929 2.840970 1.274041 0.112638 168.429966 1.579661 -31.944139 1000.000000 2.866102 -3.067610 100.000000 -35.011749 -400599.328609 1.506027 0.209756 41.951152 0.136777 0.935396 187.079248
 33.049997 1.534057 3.108863 1.574807 3.986539 2669.094148 1.579661 -31.944139 1000.000000 2.866102 -3.067610 100.000000 -35.011749 -400604.965055 1.634445 0.202559 40.511857 0.132027 0.871563 174.312527
 33.099997 1.510160 2.951982 1.441822 2.783991 4904.190460 1.579661 -31.944139 1000.000000 2.866102 -3.067610 100.000000 -35.011749 -400607.539760 1.707841 0.939064 187.812824 0.078558 0.308568 61.713560
 33.149997 1.528343 2.958134 1.429791 1.740244 2718.189673 1.579661 -31.944139 1000.000000 2.866102 -3.067610 100.000000 -35.011749 -400603.158757 1.581750 0.006000 1.199913 0.076519 0.292759 58.551739
 33.199997 1.537231 3.034513 1.497282 2.318273 2083.945270 1.579661 -31.944139 1000.000000 2.866102 -3.067610 100.000000 -35.011749 -400603.465526 1.616185 0.103005 20.601054 0.166205 1.381204 276.240830
 33.249997 1.507315 3.009563 1.502248 3.646035 5439.757723 1.579661 -31.944139 1000.000000 2.866102 -3.067610 100.000000 -35.011749 -400603.676248 1.615515 0.099990 19.997986 0.135101 0.912608 182.521682
 33.299997 1.551788 2.943777 1.391989 0.690137 837.266453 1.579661 -31.944139 1000.000000 2.866102 -3.067610 100.000000 -35.011749 -400600.600316 1.584673 0.009628 1.925663 0.059156 0.174971 34.994243
 33.349997 1.551474 2.935231 1.383757 0.636201 842.310161 1.579661 -31.944139 1000.000000 2.866102 -3.067610 100.000000 -35.011749 -400602.943376 1.727507 1.227904 245.580876 0.084382 0.356019 71.203776
 33.399997 1.514242 3.066529 1.552287 4.148389 4681.370908 1.579661 -31.944139 1000.000000 2.866102 -3.067610 100.000000 -35.011749 -400607.119191 1.631983 0.187188 37.437530 0.118926 0.707171 141.434177
 33.449997 1.540908 2.885678 1.344771 0.770071 1505.650206 1.579661 -31.944139 1000.000000 2.866102 -3.067610 100.000000 -35.011749 -400601.250156 1.507104 0.202833 40.566689 0.139919 0.978860 195.771978
 33.499997 1.555804 3.023822 1.468019 1.528377 817.936871 1.579661 -31.944139 1000.000000 2.866102 -3.067610 100.000000 -35.011749 -400605.278366 1.642519 0.257204 51.440715 0.118575 0.703007 140.601402
 33.549997 1.528248 2.994781 1.466533 2.149558 2808.863755 1.579661 -31.944139 1000.000000 2.866102 -3.067610 100.000000 -35.011749 -400603.896237 1.768577 1.955865 391.173055 0.084915 0.360527 72.105489
 33.599997 1.509761 3.011513 1.501752 3.500223 5097.441646 1.579661 -31.944139 1000.000000 2.866102 -3.067610 100.000000 -35.011749 -400605.802838 1.558282 0.007830 1.566073 0.137716 0.948287 189.657457
 33.649997 1.529610 2.959046 1.429436 1.684484 2591.492529 1.579661 -31.944139 1000.000000 2.866102 -3.067610 100.000000 -35.011749 -400602.672942 1.545006 0.033256 6.651167 0.160226 1.283611 256.722147
 33.699997 1.526917 3.031464 1.504548 2.758231 3055.428574 1.579661 -31.944139 1000.000000 2.866102 -3.067610 100.000000 -35.011749 -400605.818260 1.718831 1.095718 219.143665 0.098610 0.486195 97.239032
 33.749997 1.540662 2.921474 1.380813 0.913782 1551.612558 1.579661 -31.944139 1000.000000 2.866102 -3.067610 100.000000 -35.011749 -400604.518222 1.664028 0.434610 86.921970 0.043995 0.096777 19.355483
 33.799997 1.531491 2.963313 1.431821 1.632656 2414.815343 1.579661 -31.944139 1000.000000 2.866102 -3.067610 100.000000 -35.011749 -400604.990092 1.610465 0.078679 15.735771 0.109207 0.596309 119.261833
 33.849997 1.513856 3.054012 1.540156 3.930680 4683.446697 1.579661 -31.944139 1000.000000 2.866102 -3.067610 100.000000 -35.011749 -400608.999796 1.625713 0.150790 30.157974 0.158162 1.250761 250.152158
 33.899997 1.518427 2.952991 1.434563 2.252272 3825.074004 1.579661 -31.944139 1000.000000 2.866102 -3.067610 100.000000 -35.011749 -400603.518909 1.616537 0.104609 20.921833 0.098223 0.482385 96.477071
 33.949997 1.564159 2.970574 1.406414 0.665867 349.441284 1.579661 -31.944139 1000.000000 2.866102 -3.067610 100.000000 -35.011749 -400602.565249 1.688366 0.691130 138.225930 0.121059 0.732769 146.553738
 33.999997 1.532209 2.995539 1.463330 1.963550 2419.232490 1.579661 -31.944139 1000.000000 2.866102 -3.067610 100.000000 -35.011749 -400604.624499 1.673712 0.529581 105.916228 0.107910 0.582224 116.444718
 34.049997 1.508079 3.034757 1.526678 3.984233 5408.442000 1.579661 -31.944139 1000.000000 2.866102 -3.067610 100.000000 -35.011749 -400605.630530 1.577094 0.001983 0.396545 0.171072 1.463277 292.655383
 34.099997 1.546653 2.936144 1.389492 0.790071 1138.603551 1.579661 -31.944139 1000.000000 2.866102 -3.067610 100.000000 -35.011749 -400604.215152 1.600166 0.043130 8.625941 0.112560 0.633485 126.696908
 34.149997 1.550385 3.013886 1.463501 1.520545 1075.478048 1.579661 -31.944139 1000.000000 2.866102 -3.067610 100.000000 -35.011749 -400604.870813 1.724912 1.187584 237.516741 0.092139 0.424479 84.895765
 34.199997 1.541505 2.930799 1.389294 0.937235 1497.758135 1.579661 -31.944139 1000.000000 2.866102 -3.067610 100.000000 -35.011749 -400605.300052 1.690807 0.720126 144.025169 0.082101 0.337029 67.405896
 34.249997 1.515580 3.030305 1.514725 3.401298 4375.948306 1.579661 -31.944139 1000.000000 2.866102 -3.067610 100.000000 -35.011749 -400604.865288 1.539228 0.049827 9.965377 0.133040 0.884988 176.997574
 34.299997 1.530663 3.009597 1.478934 2.229954 2606.724034 1.579661 -31.944139 1000.000000 2.866102 -3.067610 100.000000 -35.011749 -400604.149143 1.591819 0.022097 4.419442 0.188413 1.774978 354.995690
 34.349997 1.535965 2.978885 1.442920 1.590692 2036.577264 1.579661 -31.944139 1000.000000 2.866102 -3.067610 100.000000 -35.011749 -400603.854487 1.654491 0.350240 70.048078 0.073523 0.270279 54.055884
 34.399997 1.557949 2.963528 1.405579 0.710297 566.323273 1.579661 -31.944139 1000.000000 2.866102 -3.067610 100.000000 -35.011749 -400600.994472 1.700095 0.835905 167.181047 0.111830 0.625297 125.059357
 34.449997 1.516314 3.010697 1.494382 3.051795 4221.898964 1.579661 -31.944139 1000.000000 2.866102 -3.067610 100.000000 -35.011749 -400605.923119 1.617114 0.107267 21.453436 0.152363 1.160721 232.144144
 34.499997 1.516216 3.075376 1.559161 4.202455 4463.290017 1.579661 -31.944139 1000.000000 2.866102 -3.067610 100.000000 -35.011749 -400606.336612 1.485039 0.367717 73.543422 0.188189 1.770759 354.151770
 34.549997 1.521315 2.912987 1.391672 1.812047 3426.252779 1.579661 -31.944139 1000.000000 2.866102 -3.067610 100.000000 -35.011749 -400603.895216 1.602411 0.049975 9.995021 0.125006 0.781330 156.266096
 34.599997 1.557003 3.051225 1.494222 1.970225 856.083825 1.579661 -31.944139 1000.000000 2.866102 -3.067610 100.000000 -35.011749 -400601.515487 1.742103 1.467292 293.458373 0.014313 0.010243 2.048521
 34.649997 1.534930 2.901239 1.366309 1.062179 2013.241002 1.579661 -31.944139 1000.000000 2.866102 -3.067610 100.000000 -35.011749 -400601.671563 1.712768 1.007801 201.560114 0.080318 0.322545 64.509032
 34.699997 1.551977 3.033085 1.481108 1.777381 1045.262540 1.579661 -31.944139 1000.000000 2.866102 -3.067610 100.000000 -35.011749 -400604.572885 1.544852 0.033655 6.731085 0.139252 0.969557 193.911348
 34.749997 1.547547 2.951928 1.404381 0.883966 1104.977202 1.579661 -31.944139 1000.000000 2.866102 -3.067610 100.000000 -35.011749 -400600.818224 1.532695 0.072585 14.516932 0.150248 1.128726 225.745279
 34.799997 1.507772 2.991221 1.483450 3.366778 5324.613611 1.579661 -31.944139 1000.000000 2.866102 -3.067610 100.000000 -35.011749 -400608.372423 1.718099 1.084909 216.981851 0.110324 0.608568 121.713618
 34.849997 1.545554 3.020378 1.474824 1.771703 1401.306449 1.579661 -31.944139 1000.000000 2.866102 -3.067610 100.000000 -35.011749 -400604.191455 1.714892 1.038175 207.634922 0.044264 0.097963 19.592604
 34.899997 1.544432 2.944602 1.400169 0.928641 1302.680654 1.579661 -31.944139 1000.000000 2.866102 -3.067610 100.000000 -35.011749 -400603.700745 1.594402 0.027861 5.572142 0.202590 2.052133 410.426693
 34.949997 1.516871 3.073833 1.556962 4.128901 4374.088024 1.579661 -31.944139 1000.000000 2.866102 -3.067610 100.000000 -35.011749 -400607.503108 1.591854 0.022171 4.434122 0.138519 0.959375 191.875035
 34.999997 1.516612 2.999551 1.482939 2.878021 4153.254090 1.579661 -31.944139 1000.000000 2.866102 -3.067610 100.000000 -35.011749 -400605.449710 1.751262 1.628394 325.678777 0.148502 1.102647 220.529390
 35.049997 1.545725 2.910222 1.364497 0.673160 1171.130524 1.579661 -31.944139 1000.000000 2.866102 -3.067610 100.000000 -35.011749 -400600.392096 1.659215 0.390896 78.179277 0.069659 0.242619 48.523766
 35.099997 1.525750 3.033095 1.507346 2.847559 3185.297754 1.579661 -31.944139 1000.000000 2.866102 -3.067610 100.000000 -35.011749 -400603.293784 1.629226 0.170701 34.140153 0.139086 0.967249 193.449826
 35.149997 1.530550 2.989600 1.459050 1.968536 2564.414749 1.579661 -31.944139 1000.000000 2.866102 -3.067610 100.000000 -35.011749 -400601.453950 1.590041 0.018518 3.703547 0.174843 1.528504 305.700804
 35.199997 1.590658 3.012603 1.421944 1.133596 335.567929 1.579661 -31.944139 1000.000000 2.866102 -3.067610 100.000000 -35.011749 -400598.976243 1.554059 0.014007 2.801474 0.119630 0.715561 143.112235
 35.249997 1.521570 2.880040 1.358470 1.697000 3376.513925 1.579661 -31.944139 1000.000000 2.866102 -3.067610 100.000000 -35.011749 -400603.124406 1.764449 1.875071 375.014211 0.115897 0.671600 134.320007
 35.299997 1.513649 3.183421 1.669772 7.213349 5364.472663 1.579661 -31.944139 1000.000000 2.866102 -3.067610 100.000000 -35.011749 -400608.392049 1.701565 0.855016 171.003194 0.102093 0.521149 104.229785
 35.349997 1.545254 2.838282 1.293029 0.630633 1191.612534 1.579661 -31.944139 1000.000000 2.866102 -3.067610 100.000000 -35.011749 -400601.046634 1.489475 0.330658 66.131595 0.190021 1.805404 361.080858
 35.399997 1.519298 3.042191 1.522892 3.372193 3953.725035 1.579661 -31.944139 1000.000000 2.866102 -3.067610 100.000000 -35.011749 -400608.209844 1.607832 0.068583 13.716645 0.127610 0.814217 162.843464
 35.449997 1.509045 3.061384 1.552339 4.400084 5368.014933 1.579661 -31.944139 1000.000000 2.866102 -3.067610 100.000000 -35.011749 -400607.753856 1.791096 2.426591 485.318188 0.087081 0.379155 75.830988
 35.499997 1.548548 2.853535 1.304987 0.491904 969.594832 1.579661 -31.944139 1000.000000 2.866102 -3.067610 100.000000 -35.011749 -400598.306632 1.585646 0.011026 2.205246 0.084346 0.355710 71.142009
 35.549997 1.531477 3.076532 1.545055 3.374904 2764.519261 1.579661 -31.944139 1000.000000 2.866102 -3.067610 100.000000 -35.011749 -400605.569699 1.566899 0.000760 0.151915 0.132004 0.871248 174.249501
 35.599997 1.507647 3.006103 1.498456 3.573010 5381.994838 1.579661 -31.944139 1000.000000 2.866102 -3.067610 100.000000 -35.011749 -400605.033857 1.684251 0.643595 128.719076 0.178269 1.588994 317.798889
 35.649997 1.569157 2.959189 1.390031 0.488421 196.976871 1.579661 -31.944139 1000.000000 2.866102 -3.067610 100.000000 -35.011749 -400598.687380 1.585936 0.011460 2.292026 0.062531 0.195506 39.101255
 35.699997 1.533656 2.973620 1.439964 1.636238 2232.060167 1.579661 -31.944139 1000.000000 2.866102 -3.067610 100.000000 -35.011749 -400605.934696 1.715597 1.048358 209.671536 0.111028 0.616362 123.272392
 35.749997 1.520552 3.036913 1.516361 3.205753 3785.624663 1.579661 -31.944139 1000.000000 2.866102 -3.067610 100.000000 -35.011749 -400605.808805 1.626535 0.155342 31.068487 0.130621 0.853096 170.619260
 35.799997 1.563400 2.948428 1.385028 0.471088 332.185234 1.579661 -31.944139 1000.000000 2.866102 -3.067610 100.000000 -35.011749 -400604.105542 1.529015 0.087285 17.457082 0.134038 0.898312 179.662499
 35.849997 1.564921 2.933278 1.368357 0.334264 262.386411 1.579661 -31.944139 1000.000000 2.866102 -3.067610 100.000000 -35.011749 -400603.120034 1.669886 0.490939 98.187851 0.092620 0.428928 85.785563
 35.899997 1.501182 3.058923 1.557741 4.938499 6530.795832 1.579661 -31.944139 1000.000000 2.866102 -3.067610 100.000000 -35.011749 -400607.487801 1.761689 1.822008 364.401540 0.048606 0.118129 23.625801
 35.949997 1.527401 2.945957 1.418557 1.684413 2794.900654 1.579661 -31.944139 1000.000000 2.866102 -3.067610 100.000000 -35.011749 -400600.962861 1.562946 0.003081 0.616295 0.131811 0.868708 173.741616
 35.999997 1.543623 3.010678 1.467056 1.694506 1507.797674 1.579661 -31.944139 1000.000000 2.866102 -3.067610 100.000000 -35.011749 -400603.542019 1.507653 0.199355 39.870918 0.190442 1.813398 362.679677
 36.049997 1.496677 3.040476 1.543799 4.963483 7190.402568 1.579661 -31.944139 1000.000000 2.866102 -3.067610 100.000000 -35.011749 -400605.589280 1.693297 0.750322 150.064480 0.112575 0.633652 126.730406
 36.099997 1.544804 2.927396 1.382592 0.795361 1252.592766 1.579661 -31.944139 1000.000000 2.866102 -3.067610 100.000000 -35.011749 -400600.061104 1.684975 0.651841 130.368285 0.092093 0.424052 84.810448
 36.149997 1.562641 3.012660 1.450019 1.218805 504.470369 1.579661 -31.944139 1000.000000 2.866102 -3.067610 100.000000 -35.011749 -400600.404273 1.603224 0.052579 10.515748 0.106728 0.569545 113.909096
 36.199997 1.507561 2.982326 1.474765 3.274619 5333.504366 1.579661 -31.944139 1000.000000 2.866102 -3.067610 100.000000 -35.011749 -400604.638049 1.611300 0.082029 16.405705 0.167939 1.410178 282.035632
 36.249997 1.544085 3.017912 1.473827 1.785141 1496.119149 1.579661 -31.944139 1000.000000 2.866102 -3.067610 100.000000 -35.011749 -400604.119642 1.602038 0.048802 9.760346 0.101172 0.511789 102.357718
 36.299997 1.581163 2.912121 1.330958 0.107017 23.433380 1.579661 -31.944139 1000.000000 2.866102 -3.067610 100.000000 -35.011749 -400598.766402 1.687679 0.683074 136.614819 0.063324 0.200499 40.099776
 36.349997 1.531615 2.994249 1.462634 1.975313 2472.677677 1.579661 -31.944139 1000.000000 2.866102 -3.067610 100.000000 -35.011749 -400605.956775 1.673348 0.525839 105.167806 0.094944 0.450718 90.143633
 36.399997 1.522108 3.017273 1.495165 2.798820 3540.897310 1.579661 -31.944139 1000.000000 2.866102 -3.067610 100.000000 -35.011749 -400606.076265 1.582465 0.006808 1.361612 0.126945 0.805753 161.150533
 36.449997 1.572012 2.938956 1.366944 0.294642 111.585528 1.579661 -31.944139 1000.000000 2.866102 -3.067610 100.000000 -35.011749 -400602.287261 1.602667 0.050786 10.157298 0.160944 1.295148 259.029673
 36.499997 1.537339 3.025899 1.488560 2.172343 2046.507133 1.579661 -31.944139 1000.000000 2.866102 -3.067610 100.000000 -35.011749 -400606.083884 1.665155 0.445178 89.035543 0.071148 0.253102 50.620478
 36.549997 1.498033 2.945580 1.447547 3.647390 6726.263307 1.579661 -31.944139 1000.000000 2.866102 -3.067610 100.000000 -35.011749 -400603.434797 1.690512 0.716598 143.319526 0.116890 0.683161 136.632108
 36.599997 1.569059 3.037700 1.468641 1.528501 406.862797 1.579661 -31.944139 1000.000000 2.866102 -3.067610 100.000000 -35.011749 -400602.696718 1.581914 0.006180 1.236021 0.128699 0.828170 165.634078
 36.649997 1.526269 2.957126 1.430856 1.839598 2933.508500 1.579661 -31.944139 1000.000000 2.866102 -3.067610 100.000000 -35.011749 -400603.164766 1.580052 0.004283 0.856673 0.131634 0.866372 173.274444
 36.699997 1.509599 2.975967 1.466369 3.057886 5029.431837 1.579661 -31.944139 1000.000000 2.866102 -3.067610 100.000000 -35.011749 -400606.374743 1.683931 0.639969 127.993796 0.073318 0.268776 53.755186
 36.749997 1.557825 3.013451 1.455626 1.323995 693.933416 1.579661 -31.944139 1000.000000 2.866102 -3.067610 100.000000 -35.011749 -400600.160464 1.684225 0.643303 128.660590 0.051229 0.131220 26.244081
 36.799997 1.575534 2.885736 1.310202 0.027790 20.886434 1.579661 -31.944139 1000.000000 2.866102 -3.067610 100.000000 -35.011749 -400600.325834 1.619435 0.118287 23.657370 0.125138 0.782974 156.594818
 36.849997 1.553321 3.076611 1.523290 2.562616 1136.962212 1.579661 -31.944139 1000.000000 2.866102 -3.067610 100.000000 -35.011749 -400602.967129 1.593291 0.025301 5.060252 0.129585 0.839608 167.921635
 36.899997 1.526209 2.958102 1.431893 1.851751 2941.740077 1.579661 -31.944139 1000.000000 2.866102 -3.067610 100.000000 -35.011749 -400604.696950 1.659712 0.395298 79.059626 0.135975 0.924466 184.893286
 36.949997 1.568963 2.967201 1.398238 0.568272 216.654235 1.579661 -31.944139 1000.000000 2.866102 -3.067610 100.000000 -35.011749 -400601.763344 1.640528 0.243125 48.624913 0.066398 0.220436 44.087235
 36.999997 1.518277 3.027376 1.509099 3.184446 4028.048138 1.579661 -31.944139 1000.000000 2.866102 -3.067610 100.000000 -35.011749 -400605.136063 1.659520 0.393595 78.719018 0.143148 1.024564 204.912781
 37.049997 1.511277 2.974995 1.463718 2.931058 4794.925214 1.579661 -31.944139 1000.000000 2.866102 -3.067610 100.000000 -35.011749 -400605.944990 1.617125 0.107319 21.463794 0.135771 0.921692 184.338429
 37.099997 1.529287 3.026454 1.497168 2.554429 2794.691999 1.579661 -31.944139 1000.000000 2.866102 -3.067610 100.000000 -35.011749 -400605.827784 1.596616 0.033332 6.666427 0.095786 0.458752 91.750314
 37.149997 1.519862 2.887783 1.367921 1.811490 3580.672460 1.579661 -31.944139 1000.000000 2.866102 -3.067610 100.000000 -35.011749 -400604.440175 1.708085 0.942403 188.480578 0.085113 0.362215 72.442950
 37.199997 1.508080 3.095699 1.587619 5.197670 5650.984589 1.579661 -31.944139 1000.000000 2.866102 -3.067610 100.000000 -35.011749 -400606.628832 1.645795 0.281240 56.248057 0.087272 0.380820 76.163974
 37.249997 1.559901 2.910777 1.350875 0.295017 410.408430 1.579661 -31.944139 1000.000000 2.866102 -3.067610 100.000000 -35.011749 -400603.026399 1.590762 0.019931 3.986102 0.137965 0.951719 190.343859
 37.299997 1.540845 3.016566 1.475721 1.885305 1733.049703 1.579661 -31.944139 1000.000000 2.866102 -3.067610 100.000000 -35.011749 -400604.736841 1.625122 0.147562 29.512488 0.144272 1.040724 208.144899
 37.349997 1.514332 3.003792 1.489460 3.081861 4457.447743 1.579661 -31.944139 1000.000000 2.866102 -3.067610 100.000000 -35.011749 -400606.127271 1.681083 0.608154 121.630709 0.090393 0.408541 81.708146
 37.399997 1.535023 2.962483 1.427460 1.460743 2085.438215 1.579661 -31.944139 1000.000000 2.866102 -3.067610 100.000000 -35.011749 -400603.563925 1.668157 0.473959 94.791887 0.155100 1.202801 240.560285
 37.449997 1.555011 3.013026 1.458015 1.383152 823.489659 1.579661 -31.944139 1000.000000 2.866102 -3.067610 100.000000 -35.011749 -400603.797799 1.571106 0.000005 0.000958 0.122224 0.746933 149.386565
 37.499997 1.504359 2.957893 1.453534 3.256464 5754.623344 1.579661 -31.944139 1000.000000 2.866102 -3.067610 100.000000 -35.011749 -400606.403806 1.652264 0.331850 66.369924 0.142168 1.010584 202.116815
 37.549997 1.526593 3.032592 1.505999 2.794066 3093.419189 1.579661 -31.944139 1000.000000 2.866102 -3.067610 100.000000 -35.011749 -400605.405612 1.667907 0.471520 94.303948 0.077975 0.304005 60.800982
 37.599997 1.559487 2.913641 1.354154 0.316490 429.578292 1.579661 -31.944139 1000.000000 2.866102 -3.067610 100.000000 -35.011749 -400603.545452 1.646172 0.284078 56.815560 0.065839 0.216736 43.347177
 37.649997 1.492719 3.009242 1.516523 4.803929 7763.847204 1.579661 -31.944139 1000.000000 2.866102 -3.067610 100.000000 -35.011749 -400605.728102 1.628752 0.167945 33.589082 0.131897 0.869838 173.967630
 37.699997 1.516293 3.027847 1.511554 3.315841 4277.140955 1.579661 -31.944139 1000.000000 2.866102 -3.067610 100.000000 -35.011749 -400607.709746 1.617485 0.108989 21.797856 0.127700 0.815366 163.073146
 37.749997 1.550329 2.931141 1.380812 0.641689 902.661660 1.579661 -31.944139 1000.000000 2.866102 -3.067610 100.000000 -35.011749 -400602.669151 1.632951 0.193160 38.631972 0.132402 0.876513 175.302520
 37.799997 1.526359 3.020987 1.494628 2.620019 3080.994057 1.579661 -31.944139 1000.000000 2.866102 -3.067610 100.000000 -35.011749 -400608.261351 1.696082 0.784819 156.963761 0.094357 0.445161 89.032202
 37.849997 1.524998 3.010474 1.485475 2.536161 3196.429300 1.579661 -31.944139 1000.000000 2.866102 -3.067610 100.000000 -35.011749 -400605.249144 1.647483 0.294039 58.807870 0.157165 1.235037 247.007429
 37.899997 1.576474 2.932372 1.355898 0.224664 54.074385 1.579661 -31.944139 1000.000000 2.866102 -3.067610 100.000000 -35.011749 -400600.629545 1.586205 0.011871 2.374151 0.142213 1.011229 202.245778
 37.949997 1.530771 3.032614 1.501843 2.581418 2667.458194 1.579661 -31.944139 1000.000000 2.866102 -3.067610 100.000000 -35.011749 -400606.287983 1.654868 0.353402 70.680335 0.110217 0.607391 121.478220
 37.999997 1.538049 2.943178 1.405129 1.162823 1790.980766 1.579661 -31.944139 1000.000000 2.866102 -3.067610 100.000000 -35.011749 -400600.972281 1.696295 0.787500 157.500082 0.100960 0.509644 101.928746
 38.049997 1.573939 2.944871 1.370932 0.326602 94.787388 1.579661 -31.944139 1000.000000 2.866102 -3.067610 100.000000 -35.011749 -400602.892200 1.635752 0.210965 42.192989 0.076156 0.289987 57.997479
 38.099997 1.530913 3.029741 1.498828 2.527088 2644.171568 1.579661 -31.944139 1000.000000 2.866102 -3.067610 100.000000 -35.011749 -400603.942431 1.635100 0.206748 41.349512 0.118411 0.701054 140.210816
 38.149997 1.500322 2.971111 1.470789 3.698656 6404.887698 1.579661 -31.944139 1000.000000 2.866102 -3.067610 100.000000 -35.011749 -400606.201115 1.653101 0.338706 67.741114 0.140834 0.991715 198.343020
 38.199997 1.568828 3.008279 1.439451 1.069397 319.504418 1.579661 -31.944139 1000.000000 2.866102 -3.067610 100.000000 -35.011749 -400598.994840 1.623295 0.137804 27.560723 0.087495 0.382765 76.552923
 38.249997 1.547210 2.932629 1.385419 0.747814 1097.297244 1.579661 -31.944139 1000.000000 2.866102 -3.067610 100.000000 -35.011749 -400600.569862 1.694442 0.764410 152.882007 0.161806 1.309061 261.812182
 38.299997 1.512014 3.052388 1.540375 4.023226 4923.204085 1.579661 -31.944139 1000.000000 2.866102 -3.067610 100.000000 -35.011749 -400604.310538 1.582146 0.006441 1.288237 0.105798 0.559658 111.931644
 38.349997 1.556404 2.934232 1.377827 0.502519 587.282947 1.579661 -31.944139 1000.000000 2.866102 -3.067610 100.000000 -35.011749 -400604.836490 1.645494 0.278990 55.798061 0.137559 0.946125 189.225066
 38.399997 1.550094 2.974268 1.424174 1.022098 991.194243 1.579661 -31.944139 1000.000000 2.866102 -3.067610 100.000000 -35.011749 -400599.239090 1.671683 0.508909 101.781761 0.075362 0.283970 56.794050
 38.449997 1.520041 3.013943 1.493903 2.870143 3773.141429 1.579661 -31.944139 1000.000000 2.866102 -3.067610 100.000000 -35.011749 -400607.854557 1.633984 0.199636 39.927226 0.080620 0.324981 64.996146
 38.499997 1.532371 2.921071 1.388700 1.269253 2266.563876 1.579661 -31.944139 1000.000000 2.866102 -3.067610 100.000000 -35.011749 -400602.225771 1.627661 0.161679 32.335880 0.145444 1.057699 211.539882
 38.549997 1.556381 3.056934 1.500552 2.091813 906.105521 1.579661 -31.944139 1000.000000 2.866102 -3.067610 100.000000 -35.011749 -400605.458294 1.578775 0.003183 0.636618 0.111501 0.621623 124.324679
 38.599997 1.504933 2.916553 1.411620 2.919380 5609.676847 1.579661 -31.944139 1000.000000 2.866102 -3.067610 100.000000 -35.011749 -400603.105132 1.672253 0.514668 102.933564 0.105173 0.553070 110.614061
 38.649997 1.533051 3.048799 1.515748 2.755168 2506.275569 1.579661 -31.944139 1000.000000 2.866102 -3.067610 100.000000 -35.011749 -400604.652715 1.665936 0.452582 90.516369 0.089411 0.399719 79.943728
 38.699997 1.553377 2.974204 1.420827 0.929723 807.687504 1.579661 -31.944139 1000.000000 2.866102 -3.067610 100.000000 -35.011749 -400598.146200 1.593382 0.025506 5.101189 0.159695 1.275119 255.023820
 38.749997 1.518340 2.974254 1.455913 2.464961 3877.208446 1.579661 -31.944139 1000.000000 2.866102 -3.067610 100.000000 -35.011749 -400604.213464 1.580201 0.004423 0.884535 0.127521 0.813079 162.615763
 38.799997 1.525024 3.058992 1.533968 3.352934 3357.259358 1.579661 -31.944139 1000.000000 2.866102 -3.067610 100.000000 -35.011749 -400605.541992 1.661769 0.413799 82.759888 0.088417 0.390877 78.175319
 38.849997 1.540222 2.850042 1.309820 0.790619 1558.024360 1.579661 -31.944139 1000.000000 2.866102 -3.067610 100.000000 -35.011749 -400603.487992 1.677490 0.569175 113.834920 0.094004 0.441842 88.368321
 38.899997 1.519390 3.116132 1.596742 4.942054 4257.756453 1.579661 -31.944139 1000.000000 2.866102 -3.067610 100.000000 -35.011749 -400604.943793 1.586851 0.012888 2.577545 0.095491 0.455923 91.184561
 38.949997 1.479110 2.902273 1.423163 5.120647 10123.540586 1.579661 -31.944139 1000.000000 2.866102 -3.067610 100.000000 -35.011749 -400606.719736 1.620678 0.124409 24.881736 0.157661 1.242846 248.569131
 38.999997 1.539164 3.058365 1.519201 2.668251 2009.623011 1.579661 -31.944139 1000.000000 2.866102 -3.067610 100.000000 -35.011749 -400602.172868 1.607925 0.068925 13.785092 0.112050 0.627764 125.552781
 39.049997 1.537150 2.952333 1.415184 1.275404 1881.575448 1.579661 -31.944139 1000.000000 2.866102 -3.067610 100.000000 -35.011749 -400604.835041 1.670695 0.498988 99.797538 0.088251 0.389412 77.882412
 39.099997 1.512071 2.975593 1.463522 2.883596 4688.242564 1.579661 -31.944139 1000.000000 2.866102 -3.067610 100.000000 -35.011749 -400604.557442 1.637703 0.223823 44.764624 0.101696 0.517103 103.420682
 39.149997 1.534645 3.067881 1.533236 3.048961 2433.581915 1.579661 -31.944139 1000.000000 2.866102 -3.067610 100.000000 -35.011749 -400607.431382 1.557280 0.009134 1.826879 0.137404 0.943989 188.797722
 39.199997 1.548781 2.872995 1.324214 0.479165 954.052899 1.579661 -31.944139 1000.000000 2.866102 -3.067610 100.000000 -35.011749 -400600.716030 1.638690 0.230478 46.095576 0.145934 1.064836 212.967166
 39.249997 1.546184 3.101576 1.555393 3.332786 1675.223123 1.579661 -31.944139 1000.000000 2.866102 -3.067610 100.000000 -35.011749 -400605.146270 1.645540 0.279331 55.866131 0.049510 0.122563 24.512641
 39.299997 1.522773 2.878100 1.355326 1.625296 3237.635755 1.579661 -31.944139 1000.000000 2.866102 -3.067610 100.000000 -35.011749 -400603.030843 1.670213 0.494185 98.837041 0.090875 0.412915 82.583042
 39.349997 1.559723 3.065226 1.505503 2.181288 794.045344 1.579661 -31.944139 1000.000000 2.866102 -3.067610 100.000000 -35.011749 -400603.919786 1.612202 0.085722 17.144422 0.135178 0.913651 182.730272
 39.399997 1.499286 2.981868 1.482583 3.900174 6594.173329 1.579661 -31.944139 1000.000000 2.866102 -3.067610 100.000000 -35.011749 -400608.359737 1.576426 0.001585 0.316921 0.131051 0.858717 171.743390
 39.449997 1.534383 2.957108 1.422725 1.439153 2132.905123 1.579661 -31.944139 1000.000000 2.866102 -3.067610 100.000000 -35.011749 -400607.075045 1.650285 0.315920 63.183973 0.111645 0.623226 124.645236
 39.499997 1.568952 3.088520 1.519567 2.530829 609.371302 1.579661 -31.944139 1000.000000 2.866102 -3.067610 100.000000 -35.011749 -400602.106258 1.704790 0.897718 179.543631 0.071451 0.255265 51.052901
 39.549997 1.493446 2.835939 1.342493 3.762025 7442.168825 1.579661 -31.944139 1000.000000 2.866102 -3.067610 100.000000 -35.011749 -400604.259864 1.655344 0.357412 71.482368 0.097903 0.479253 95.850629
 39.599997 1.524936 3.121824 1.596888 4.767110 3648.767046 1.579661 -31.944139 1000.000000 2.866102 -3.067610 100.000000 -35.011749 -400605.618857 1.549459 0.022764 4.552848 0.115811 0.670608 134.121526
 39.649997 1.562568 2.887214 1.324646 0.168373 296.630853 1.579661 -31.944139 1000.000000 2.866102 -3.067610 100.000000 -35.011749 -400603.220285 1.628219 0.164868 32.973609 0.151781 1.151875 230.374982
 39.699997 1.516029 3.030782 1.514753 3.380503 4320.234368 1.579661 -31.944139 1000.000000 2.866102 -3.067610 100.000000 -35.011749 -400605.770105 1.652749 0.335813 67.162693 0.071980 0.259056 51.811244
 39.749997 1.513795 2.990002 1.476207 2.936732 4491.840756 1.579661 -31.944139 1000.000000 2.866102 -3.067610 100.000000 -35.011749 -400605.119221 1.712693 1.006739 201.347744 0.079966 0.319732 63.946337
 39.799997 1.564285 2.946854 1.382569 0.444257 301.622830 1.579661 -31.944139 1000.000000 2.866102 -3.067610 100.000000 -35.011749 -400601.577192 1.604133 0.055566 11.113105 0.159158 1.266571 253.314220
 39.849997 1.536737 3.042550 1.505813 2.477949 2153.844109 1.579661 -31.944139 1000.000000 2.866102 -3.067610 100.000000 -35.011749 -400607.098954 1.557515 0.008819 1.763812 0.106291 0.564892 112.978433
 39.899997 1.501675 2.933990 1.432315 3.271330 6127.861839 1.579661 -31.944139 1000.000000 2.866102 -3.067610 100.000000 -35.011749 -400603.322005 1.720341 1.118184 223.636807 0.146339 1.070760 214.151961
 39.949997 1.582058 3.055191 1.473133 1.790610 363.294066 1.579661 -31.944139 1000.000000 2.866102 -3.067610 100.000000 -35.011749 -400602.413203 1.626009 0.152421 30.484287 0.078397 0.307304 61.460863
 39.999997 1.532195 2.862600 1.330405 1.127127 2253.150266 1.579661 -31.944139 1000.000000 2.866102 -3.067610 100.000000 -35.011749 -400604.018868 1.606677 0.064372 12.874493 0.107017 0.572629 114.525760
