#! FIELDS time d1 d2 rc steer.bias steer.force2 steer.d1_cntr steer.d1_work steer.d1_kappa steer.d2_cntr steer.d2_work steer.d2_kappa steer.work ener an res.bias res.force2 an2 res2.bias res2.force2
 0.000000 2.644139 1.840637 -0.803502 0.008586 17.136183 2.640000 0.000000 1000.000000 1.840000 0.000000 100.000000 0.000000 -400576.064421 1.275815 4.350712 870.142465 0.097644 0.476720 95.344035
 0.050000 2.658016 1.829492 -0.828524 0.167817 325.697110 2.640000 0.000000 1000.000000 1.840000 0.000000 100.000000 0.000000 -400569.519050 1.494630 0.290067 58.013441 0.183457 1.682829 336.565789
 0.100000 2.596234 1.902477 -0.693757 1.152914 1954.524512 2.640000 0.000000 1000.000000 1.840000 0.000000 100.000000 0.000000 -400573.320641 1.324472 3.033778 606.755675 0.106020 0.562014 112.402847
 0.150000 2.615626 1.852469 -0.763157 0.304831 595.670775 2.640000 0.000000 1000.000000 1.840000 0.000000 100.000000 0.000000 -400568.658713 1.391983 1.598702 319.740341 0.074959 0.280941 56.188148
 0.200000 2.645721 1.855483 -0.790239 0.028351 35.128515 2.640000 0.000000 1000.000000 1.840000 0.000000 100.000000 0.000000 -400572.090719 1.344950 2.550339 510.067845 0.195914 1.919122 383.824389
 0.250000 2.683369 1.856040 -0.827329 0.953297 1883.438926 2.640000 0.000000 1000.000000 1.840000 0.000000 100.000000 0.000000 -400570.158838 1.450265 0.726385 145.276903 0.142141 1.010209 202.041885
 0.300000 2.653220 1.854223 -0.798997 0.097493 176.779900 2.640000 0.000000 1000.000000 1.840000 0.000000 100.000000 0.000000 -400571.741606 1.308032 3.452259 690.451850 0.042953 0.092249 18.449896
 0.350000 2.614072 1.790665 -0.823407 0.457838 696.619061 2.640000 0.000000 1000.000000 1.840000 0.000000 100.000000 0.000000 -400572.110077 1.353812 2.354117 470.823452 0.125525 0.787828 157.565653
 0.400000 2.659276 1.835804 -0.823472 0.186658 371.730358 2.640000 0.000000 1000.000000 1.840000 0.000000 100.000000 0.000000 -400571.581006 1.412178 1.257992 251.598324 0.148493 1.102504 220.500856
 0.450000 2.603388 1.969591 -0.633797 1.509907 1508.374978 2.640000 0.000000 1000.000000 1.840000 0.000000 100.000000 0.000000 -400570.837831 1.345597 2.535735 507.147061 0.046369 0.107506 21.501131
 0.500000 2.614117 1.846762 -0.767355 0.337250 670.384239 2.640000 0.000000 1000.000000 1.840000 0.000000 100.000000 0.000000 -400571.976077 1.433548 0.941860 188.372091 0.115786 0.670322 134.064315
 0.550000 2.614996 1.779632 -0.835364 0.236973 66.414228 2.619593 0.119908 1000.000000 1.846924 -0.011968 100.000000 0.107940 -400571.274766 1.398766 1.479727 295.945341 0.199249 1.985014 397.002710
 0.600000 2.635696 1.878254 -0.757442 0.696260 1338.908332 2.599186 0.049644 1000.000000 1.853847 -0.023203 100.000000 0.026441 -400572.853195 1.347420 2.494848 498.969636 0.061812 0.191037 38.207415
 0.650000 2.601001 1.922231 -0.678769 0.435754 531.546279 2.578780 0.023146 1000.000000 1.860771 -0.016811 100.000000 0.006335 -400570.707357 1.356235 2.301831 460.366210 0.089054 0.396531 79.306276
 0.700000 2.514866 1.807826 -0.707040 1.125643 1928.699955 2.558373 -0.059964 1000.000000 1.867695 -0.023571 100.000000 -0.083536 -400571.136086 1.427713 1.023649 204.729775 0.181777 1.652142 330.428321
 0.750000 2.553730 1.831405 -0.722326 0.217630 267.190169 2.537966 -0.005294 1000.000000 1.874619 -0.029211 100.000000 -0.034505 -400571.478797 1.362023 2.179318 435.863678 0.076211 0.290407 58.081312
 0.800000 2.516771 1.936204 -0.580567 0.149705 30.499760 2.517559 0.092593 1000.000000 1.881542 -0.034653 100.000000 0.057940 -400569.746171 1.386195 1.703882 340.776348 0.086560 0.374635 74.926988
 0.850000 2.492322 1.917323 -0.574999 0.053305 31.665309 2.497153 -0.038365 1000.000000 1.888466 -0.016086 100.000000 -0.054451 -400572.503774 1.436780 0.898014 179.602718 0.204450 2.089985 417.996904
 0.900000 2.469090 1.840659 -0.628431 0.179082 88.571067 2.476746 0.015978 1000.000000 1.895390 -0.003317 100.000000 0.012661 -400569.421917 1.406663 1.346981 269.396277 0.067681 0.229035 45.806970
 0.950000 2.440345 1.907072 -0.533273 0.129040 256.042492 2.456339 0.168386 1000.000000 1.902314 -0.022140 100.000000 0.146246 -400573.190153 1.334648 2.788305 557.660999 0.074955 0.280913 56.182616
 1.000000 2.455704 1.917866 -0.537838 0.199186 391.672125 2.435932 0.276463 1000.000000 1.909237 0.004363 100.000000 0.280826 -400570.232821 1.507436 0.200724 40.144843 0.227843 2.595621 519.124297
 1.050000 2.421979 1.892202 -0.529777 0.049526 47.388964 2.415525 0.350051 1000.000000 1.916161 0.026040 100.000000 0.376091 -400570.745994 1.363701 2.144432 428.886306 0.090832 0.412518 82.503699
 1.100000 2.390814 1.882982 -0.507832 0.089676 34.611297 2.395119 0.523520 1000.000000 1.923085 0.023582 100.000000 0.547102 -400570.297978 1.409023 1.308536 261.707216 0.075873 0.287839 57.567723
 1.150000 2.346458 1.919201 -0.427257 0.404972 799.430866 2.374712 0.676000 1000.000000 1.930008 0.043420 100.000000 0.719420 -400571.226344 1.449223 0.739005 147.800970 0.171788 1.475564 295.112753
 1.200000 2.369408 1.955817 -0.413592 0.131882 231.667688 2.354305 0.742230 1000.000000 1.936932 0.068215 100.000000 0.810445 -400569.812531 1.416061 1.197146 239.429196 0.043930 0.096493 19.298647
 1.250000 2.349810 1.873945 -0.475865 0.370974 302.069447 2.333898 1.002244 1000.000000 1.943856 0.074436 100.000000 1.076680 -400569.960866 1.423918 1.078666 215.733158 0.157798 1.245014 249.002891
 1.300000 2.312385 1.930613 -0.381772 0.020946 5.290245 2.313492 1.218106 1000.000000 1.950780 0.096171 100.000000 1.314277 -400569.552334 1.446297 0.775004 155.000717 0.167722 1.406526 281.305136
 1.350000 2.318444 1.970301 -0.348143 0.329490 644.696269 2.293085 1.477008 1000.000000 1.957703 0.118922 100.000000 1.595930 -400566.661643 1.424975 1.063198 212.639520 0.032823 0.053869 10.773765
 1.400000 2.271310 1.894245 -0.377064 0.248617 51.408569 2.272678 1.673003 1000.000000 1.964627 0.123466 100.000000 1.796469 -400568.154554 1.429592 0.996935 199.387050 0.172834 1.493572 298.714321
 1.450000 2.280333 1.945214 -0.335119 0.428413 794.401998 2.252271 1.896104 1000.000000 1.971551 0.145513 100.000000 2.041617 -400568.048033 1.469252 0.515559 103.111891 0.131595 0.865857 173.171386
 1.500000 2.247072 2.004156 -0.242916 0.148606 237.856686 2.231864 2.253363 1000.000000 1.978475 0.160466 100.000000 2.413830 -400569.055595 1.421815 1.109771 221.954170 0.048330 0.116787 23.357499
 1.550000 2.224960 1.912167 -0.312794 0.359307 235.954426 2.211458 2.392707 1000.000000 1.985398 0.160657 100.000000 2.553364 -400566.687606 1.460728 0.605754 121.150725 0.168545 1.420378 284.075595
 1.600000 2.221290 2.006570 -0.214721 0.467366 916.462558 2.191051 2.705925 1000.000000 1.992322 0.182526 100.000000 2.888451 -400567.523326 1.455219 0.667908 133.581545 0.125992 0.793695 158.738961
 1.650000 2.151633 2.020722 -0.130911 0.203779 366.047206 2.170644 2.997026 1000.000000 1.999246 0.178594 100.000000 3.175620 -400563.095801 1.445148 0.789380 157.876097 0.054862 0.150491 30.098211
 1.700000 2.165475 1.971007 -0.194468 0.177920 244.564959 2.150237 3.113203 1000.000000 2.006169 0.172482 100.000000 3.285685 -400567.047669 1.458956 0.625417 125.083486 0.162905 1.326902 265.380346
 1.750000 2.158441 2.036031 -0.122410 0.435600 823.846572 2.129831 3.439253 1000.000000 2.013093 0.185313 100.000000 3.624566 -400567.462979 1.485789 0.361311 72.262219 0.076037 0.289078 57.815695
 1.800000 2.086476 2.076730 -0.009746 0.424119 558.763343 2.109424 3.547649 1000.000000 2.020017 0.149294 100.000000 3.696943 -400565.564410 1.444683 0.795233 159.046678 0.071462 0.255339 51.067713
 1.850000 2.118237 2.008968 -0.109269 0.443058 857.044953 2.089017 3.721113 1000.000000 2.026941 0.139805 100.000000 3.860918 -400566.417410 1.508226 0.195753 39.150584 0.140562 0.987882 197.576428
 1.900000 2.057414 2.154499 0.097085 0.790317 270.891726 2.068610 3.939291 1000.000000 2.033864 0.111434 100.000000 4.050725 -400564.988909 1.488088 0.342037 68.407496 0.043670 0.095353 19.070670
 1.950000 2.031846 2.108089 0.076243 0.360249 312.852508 2.048203 3.819015 1000.000000 2.040788 0.037725 100.000000 3.856740 -400566.059581 1.510356 0.182653 36.530510 0.107220 0.574803 114.960688
 2.000000 2.054084 2.105555 0.051471 0.512799 724.473965 2.027797 3.942009 1000.000000 2.047712 0.011562 100.000000 3.953571 -400565.869121 1.521110 0.123436 24.687216 0.088967 0.395753 79.150674
 2.050000 1.957987 2.294532 0.336545 4.097849 3016.156713 2.007390 3.730207 1000.000000 2.054636 -0.103434 100.000000 3.626773 -400565.414658 1.542828 0.039111 7.822260 0.044735 0.100059 20.011885
 2.100000 1.979089 2.146649 0.167560 0.393169 134.719777 1.986983 3.427670 1000.000000 2.061559 -0.209745 100.000000 3.217925 -400567.493601 1.526911 0.096297 19.259360 0.119514 0.714178 142.835551
 2.150000 1.915898 2.316237 0.400338 4.353218 3182.070742 1.966576 3.225107 1000.000000 2.068483 -0.299840 100.000000 2.925267 -400569.739380 1.579273 0.003593 0.718560 0.040943 0.083816 16.763266
 2.200000 1.899129 2.290203 0.391075 3.413295 2674.211471 1.946169 2.554894 1000.000000 2.075407 -0.478527 100.000000 2.076367 -400570.348073 1.577158 0.002023 0.404656 0.062384 0.194588 38.917522
 2.250000 1.898598 2.289784 0.391186 2.520798 1168.283978 1.925763 2.185631 1000.000000 2.082331 -0.590618 100.000000 1.595012 -400571.034352 1.541319 0.043446 8.689149 0.110093 0.606023 121.204650
 2.300000 1.861509 2.390359 0.528850 5.494490 2829.224573 1.905356 1.424773 1000.000000 2.089254 -0.793278 100.000000 0.631494 -400574.791201 1.604892 0.058124 11.624815 0.019426 0.018869 3.773752
 2.350000 1.880468 2.318505 0.438037 2.481515 514.372466 1.884949 0.799053 1000.000000 2.096178 -0.950792 100.000000 -0.151739 -400570.196246 1.566811 0.000794 0.158841 0.112461 0.632379 126.475778
 2.400000 1.815777 2.437988 0.622211 6.796470 3499.542656 1.864542 -0.125408 1000.000000 2.103102 -1.173058 100.000000 -1.298466 -400573.973313 1.532971 0.071536 14.307278 0.078887 0.311159 62.231723
 2.450000 1.843895 2.396272 0.552377 4.096877 819.427453 1.844136 -0.935160 1000.000000 2.110025 -1.386423 100.000000 -2.321583 -400573.560385 1.555303 0.012002 2.400332 0.068532 0.234832 46.966357
 2.500000 1.795866 2.465887 0.670020 6.476028 1993.885928 1.823729 -2.039920 1000.000000 2.116949 -1.627723 100.000000 -3.667643 -400580.085769 1.534689 0.065185 13.037058 0.102916 0.529590 105.917928
 2.550000 1.824247 2.372163 0.547916 3.256844 651.610343 1.823729 -2.039920 1000.000000 2.116949 -1.627723 100.000000 -3.667643 -400575.343419 1.509652 0.186933 37.386603 0.070342 0.247399 49.479723
 2.600000 1.820371 2.484417 0.664046 6.757283 1361.604539 1.823729 -2.039920 1000.000000 2.116949 -1.627723 100.000000 -3.667643 -400578.509699 1.559438 0.006451 1.290132 0.111632 0.623084 124.616770
 2.650000 1.798092 2.402637 0.604546 4.409514 1473.445329 1.823729 -2.039920 1000.000000 2.116949 -1.627723 100.000000 -3.667643 -400574.911243 1.557887 0.008332 1.666490 0.127076 0.807420 161.483959
 2.700000 1.807205 2.450888 0.643683 5.712270 1388.180787 1.823729 -2.039920 1000.000000 2.116949 -1.627723 100.000000 -3.667643 -400576.588748 1.527393 0.094191 18.838150 0.023924 0.028617 5.723491
 2.750000 1.758646 2.432362 0.673717 7.092177 5230.663709 1.823729 -2.039920 1000.000000 2.116949 -1.627723 100.000000 -3.667643 -400577.337937 1.527126 0.095356 19.071281 0.116330 0.676633 135.326696
 2.800000 1.795854 2.543159 0.747305 9.471252 2593.569737 1.823729 -2.039920 1000.000000 2.116949 -1.627723 100.000000 -3.667643 -400579.456370 1.632876 0.192694 38.538771 0.132373 0.876129 175.225877
 2.850000 1.726436 2.408849 0.682413 8.993191 10317.886251 1.823729 -2.039920 1000.000000 2.116949 -1.627723 100.000000 -3.667643 -400576.357918 1.574372 0.000639 0.127840 0.064311 0.206797 41.359362
 2.900000 1.782087 2.461194 0.679107 6.792242 2919.058299 1.823729 -2.039920 1000.000000 2.116949 -1.627723 100.000000 -3.667643 -400575.650406 1.597858 0.036617 7.323427 0.106434 0.566409 113.281724
 2.950000 1.724982 2.483918 0.758936 11.608802 11097.643619 1.823729 -2.039920 1000.000000 2.116949 -1.627723 100.000000 -3.667643 -400580.068044 1.575900 0.001302 0.260458 0.091627 0.419778 83.955685
 3.000000 1.792460 2.461246 0.668786 6.415887 2163.140729 1.823729 -2.039920 1000.000000 2.116949 -1.627723 100.000000 -3.667643 -400573.361031 1.564604 0.001917 0.383435 0.094232 0.443986 88.797241
 3.050000 1.710873 2.435611 0.724738 11.445472 13751.850060 1.823729 -2.039920 1000.000000 2.116949 -1.627723 100.000000 -3.667643 -400580.767911 1.650290 0.315963 63.192556 0.103151 0.532008 106.401573
 3.100000 1.759324 2.516118 0.756795 10.040821 5741.402711 1.823729 -2.039920 1000.000000 2.116949 -1.627723 100.000000 -3.667643 -400582.629261 1.615680 0.100728 20.145507 0.057757 0.166794 33.358851
 3.150000 1.759169 2.429663 0.670494 6.973483 5145.879462 1.823729 -2.039920 1000.000000 2.116949 -1.627723 100.000000 -3.667643 -400578.409686 1.521863 0.119723 23.944649 0.084534 0.357297 71.459322
 3.200000 1.764648 2.491023 0.726376 8.741857 4889.878883 1.823729 -2.039920 1000.000000 2.116949 -1.627723 100.000000 -3.667643 -400582.412848 1.605025 0.058582 11.716312 0.103931 0.540082 108.016325
 3.250000 1.771976 2.427827 0.655850 6.171404 3644.778404 1.823729 -2.039920 1000.000000 2.116949 -1.627723 100.000000 -3.667643 -400578.373500 1.646731 0.288301 57.660158 0.080819 0.326589 65.317720
 3.300000 1.769815 2.479084 0.709270 8.010462 4218.166814 1.823729 -2.039920 1000.000000 2.116949 -1.627723 100.000000 -3.667643 -400578.358758 1.546787 0.028823 5.764525 0.089007 0.396108 79.221590
 3.350000 1.830002 2.328187 0.498184 2.250745 485.570148 1.823729 -2.039920 1000.000000 2.116949 -1.627723 100.000000 -3.667643 -400571.413849 1.587785 0.014430 2.886094 0.087140 0.379665 75.933009
 3.400000 1.789506 2.483202 0.693696 7.292667 2512.630377 1.823729 -2.039920 1000.000000 2.116949 -1.627723 100.000000 -3.667643 -400577.556049 1.631508 0.184294 36.858855 0.090603 0.410444 82.088754
 3.450000 1.826048 2.372534 0.546487 3.268874 658.613636 1.823729 -2.039920 1000.000000 2.116949 -1.627723 100.000000 -3.667643 -400570.860776 1.537573 0.055188 11.037622 0.134772 0.908178 181.635565
 3.500000 1.773593 2.468253 0.694660 7.427504 3747.719321 1.823729 -2.039920 1000.000000 2.116949 -1.627723 100.000000 -3.667643 -400579.458104 1.580006 0.004241 0.848207 0.111029 0.616368 123.273647
 3.550000 1.842707 2.394311 0.551604 4.026561 1129.470515 1.823729 -2.039920 1000.000000 2.116949 -1.627723 100.000000 -3.667643 -400572.928705 1.672242 0.514566 102.913186 0.053502 0.143124 28.624784
 3.600000 1.812929 2.427502 0.614573 4.880470 1081.070598 1.823729 -2.039920 1000.000000 2.116949 -1.627723 100.000000 -3.667643 -400576.472577 1.519594 0.131085 26.216977 0.101788 0.518044 103.608891
 3.650000 1.821031 2.417626 0.596595 4.523967 911.345755 1.823729 -2.039920 1000.000000 2.116949 -1.627723 100.000000 -3.667643 -400575.045238 1.506426 0.207176 41.435102 0.110209 0.607301 121.460169
 3.700000 1.791550 2.429687 0.638137 5.407989 2013.517121 1.823729 -2.039920 1000.000000 2.116949 -1.627723 100.000000 -3.667643 -400576.074964 1.685371 0.656365 131.272942 0.077215 0.298110 59.622024
 3.750000 1.780048 2.463887 0.683838 6.972275 3111.637617 1.823729 -2.039920 1000.000000 2.116949 -1.627723 100.000000 -3.667643 -400579.380167 1.501309 0.241423 48.284584 0.075743 0.286852 57.370436
 3.800000 1.785496 2.407392 0.621897 4.948752 2305.346891 1.823729 -2.039920 1000.000000 2.116949 -1.627723 100.000000 -3.667643 -400577.905311 1.566948 0.000740 0.148086 0.089221 0.398023 79.604529
 3.850000 1.755233 2.469971 0.714738 8.577081 5937.976449 1.823729 -2.039920 1000.000000 2.116949 -1.627723 100.000000 -3.667643 -400577.937894 1.656718 0.369126 73.825186 0.046112 0.106314 21.262766
 3.900000 1.786217 2.487089 0.700871 7.553724 2777.165349 1.823729 -2.039920 1000.000000 2.116949 -1.627723 100.000000 -3.667643 -400579.324715 1.534559 0.065657 13.131385 0.120313 0.723757 144.751338
 3.950000 1.766334 2.396874 0.630539 5.564952 4077.695549 1.823729 -2.039920 1000.000000 2.116949 -1.627723 100.000000 -3.667643 -400575.471830 1.543897 0.036178 7.235557 0.079272 0.314200 62.839990
 4.000000 1.837056 2.428601 0.591545 4.945137 1148.870606 1.823729 -2.039920 1000.000000 2.116949 -1.627723 100.000000 -3.667643 -400572.713295 1.638778 0.231074 46.214772 0.020543 0.021102 4.220341
 4.050000 1.744650 2.500760 0.756110 10.492280 7726.575485 1.823729 -2.039920 1000.000000 2.116949 -1.627723 100.000000 -3.667643 -400582.645062 1.562678 0.003295 0.659008 0.145799 1.062867 212.573438
 4.100000 1.800985 2.412636 0.611651 4.630176 1391.606557 1.823729 -2.039920 1000.000000 2.116949 -1.627723 100.000000 -3.667643 -400573.420362 1.512782 0.168284 33.656716 0.077744 0.302206 60.441164
 4.150000 1.731158 2.516868 0.785710 12.281417 10168.706286 1.823729 -2.039920 1000.000000 2.116949 -1.627723 100.000000 -3.667643 -400580.525232 1.667608 0.468629 93.725809 0.039601 0.078411 15.682167
 4.200000 1.764018 2.428681 0.664662 6.641491 4537.089702 1.823729 -2.039920 1000.000000 2.116949 -1.627723 100.000000 -3.667643 -400579.277033 1.581722 0.005969 1.193726 0.124679 0.777246 155.449116
 4.250000 1.746766 2.510617 0.763851 10.710324 7472.946588 1.823729 -2.039920 1000.000000 2.116949 -1.627723 100.000000 -3.667643 -400579.611350 1.530212 0.082356 16.471142 0.038465 0.073976 14.795276
 4.300000 1.797617 2.355119 0.557502 3.177154 1249.072427 1.823729 -2.039920 1000.000000 2.116949 -1.627723 100.000000 -3.667643 -400574.898853 1.633091 0.194029 38.805759 0.084558 0.357505 71.501004
 4.350000 1.803126 2.527140 0.724015 8.625086 2107.053838 1.823729 -2.039920 1000.000000 2.116949 -1.627723 100.000000 -3.667643 -400579.317025 1.557772 0.008482 1.696458 0.097174 0.472143 94.428631
 4.400000 1.804518 2.382314 0.577796 3.705453 1073.256111 1.823729 -2.039920 1000.000000 2.116949 -1.627723 100.000000 -3.667643 -400575.909176 1.550469 0.020660 4.132029 0.078834 0.310739 62.147871
 4.450000 1.830636 2.388449 0.557812 3.709454 784.835187 1.823729 -2.039920 1000.000000 2.116949 -1.627723 100.000000 -3.667643 -400576.192894 1.558361 0.007732 1.546383 0.057811 0.167106 33.421287
 4.500000 1.772018 2.469360 0.697342 7.546661 3915.893191 1.823729 -2.039920 1000.000000 2.116949 -1.627723 100.000000 -3.667643 -400576.844032 1.607275 0.066535 13.306905 0.093617 0.438212 87.642357
 4.550000 1.810497 2.451247 0.640749 5.675278 1292.617324 1.823729 -2.039920 1000.000000 2.116949 -1.627723 100.000000 -3.667643 -400578.332041 1.529790 0.084075 16.814952 0.122517 0.750526 150.105266
 4.600000 1.756769 2.447914 0.691145 7.718684 5578.985239 1.823729 -2.039920 1000.000000 2.116949 -1.627723 100.000000 -3.667643 -400576.795220 1.569451 0.000090 0.018093 0.069594 0.242166 48.433218
 4.650000 1.802436 2.429102 0.626666 5.098671 1427.789518 1.823729 -2.039920 1000.000000 2.116949 -1.627723 100.000000 -3.667643 -400576.754156 1.638878 0.231756 46.351233 0.083840 0.351458 70.291576
 4.700000 1.761436 2.469908 0.708472 8.169204 5126.187588 1.823729 -2.039920 1000.000000 2.116949 -1.627723 100.000000 -3.667643 -400579.691018 1.520746 0.125253 25.050636 0.089034 0.396352 79.270448
 4.750000 1.792842 2.430869 0.638028 5.404309 1939.482594 1.823729 -2.039920 1000.000000 2.116949 -1.627723 100.000000 -3.667643 -400577.263435 1.575094 0.000924 0.184736 0.054788 0.150084 30.016887
 4.800000 1.770327 2.406431 0.636103 5.615838 3689.718148 1.823729 -2.039920 1000.000000 2.116949 -1.627723 100.000000 -3.667643 -400579.226350 1.614360 0.094890 18.978072 0.091289 0.416687 83.337376
 4.850000 1.752428 2.522130 0.769702 10.750503 6725.551979 1.823729 -2.039920 1000.000000 2.116949 -1.627723 100.000000 -3.667643 -400582.228941 1.622961 0.136057 27.211322 0.098304 0.483181 96.636105
 4.900000 1.759998 2.444804 0.684806 7.405238 5136.463547 1.823729 -2.039920 1000.000000 2.116949 -1.627723 100.000000 -3.667643 -400580.951060 1.543937 0.036072 7.214331 0.100765 0.507678 101.535589
 4.950000 1.722800 2.474260 0.751460 11.476841 11463.278634 1.823729 -2.039920 1000.000000 2.116949 -1.627723 100.000000 -3.667643 -400582.956841 1.578678 0.003106 0.621177 0.084908 0.360465 72.092903
 5.000000 1.757084 2.455263 0.698180 7.943614 5586.141140 1.823729 -2.039920 1000.000000 2.116949 -1.627723 100.000000 -3.667643 -400579.790056 1.684415 0.645457 129.091428 0.039295 0.077205 15.441061
 5.050000 1.706353 2.515458 0.809105 14.828981 15365.154751 1.823729 -2.039920 1000.000000 2.116949 -1.627723 100.000000 -3.667643 -400586.537032 1.580622 0.004827 0.965387 0.089238 0.398172 79.634429
 5.100000 1.744383 2.408170 0.663787 7.388380 7143.886310 1.823729 -2.039920 1000.000000 2.116949 -1.627723 100.000000 -3.667643 -400577.889345 1.563777 0.002464 0.492722 0.068346 0.233559 46.711821
 5.150000 1.737269 2.530417 0.793148 12.285446 9184.846828 1.823729 -2.039920 1000.000000 2.116949 -1.627723 100.000000 -3.667643 -400584.329211 1.595391 0.030246 6.049164 0.056754 0.161049 32.209822
 5.200000 1.764192 2.404894 0.640701 5.917896 4373.695003 1.823729 -2.039920 1000.000000 2.116949 -1.627723 100.000000 -3.667643 -400579.153140 1.575406 0.001063 0.212529 0.120287 0.723454 144.690786
 5.250000 1.819950 2.442325 0.622375 5.300614 1072.976412 1.823729 -2.039920 1000.000000 2.116949 -1.627723 100.000000 -3.667643 -400577.373273 1.609321 0.074209 14.841823 0.046607 0.108610 21.722016
 5.300000 1.796529 2.400310 0.603781 4.384584 1542.748204 1.823729 -2.039920 1000.000000 2.116949 -1.627723 100.000000 -3.667643 -400576.865790 1.583485 0.008050 1.609942 0.079003 0.312071 62.414237
 5.350000 1.838816 2.420675 0.581860 4.726286 1150.107352 1.823729 -2.039920 1000.000000 2.116949 -1.627723 100.000000 -3.667643 -400575.477431 1.543054 0.038482 7.696474 0.109481 0.599304 119.860712
 5.400000 1.823966 2.411684 0.587718 4.343456 868.741746 1.823729 -2.039920 1000.000000 2.116949 -1.627723 100.000000 -3.667643 -400574.604080 1.538414 0.052432 10.486468 0.080752 0.326046 65.209118
 5.450000 1.841400 2.428023 0.586623 4.994483 1279.938872 1.823729 -2.039920 1000.000000 2.116949 -1.627723 100.000000 -3.667643 -400576.224663 1.544381 0.034890 6.977913 0.124542 0.775538 155.107689
 5.500000 1.811464 2.437117 0.625653 5.200587 1175.496215 1.823729 -2.039920 1000.000000 2.116949 -1.627723 100.000000 -3.667643 -400576.490596 1.552435 0.016857 3.371496 0.089280 0.398543 79.708655
 5.550000 1.819465 2.411429 0.591964 4.345017 885.362404 1.823729 -2.039920 1000.000000 2.116949 -1.627723 100.000000 -3.667643 -400576.557257 1.505697 0.211898 42.379674 0.064087 0.205357 41.071464
 5.600000 1.803091 2.426790 0.623699 5.013032 1385.932243 1.823729 -2.039920 1000.000000 2.116949 -1.627723 100.000000 -3.667643 -400578.413644 1.560498 0.005303 1.060541 0.086488 0.374008 74.801697
 5.650000 1.769728 2.472611 0.702882 7.782771 4180.990677 1.823729 -2.039920 1000.000000 2.116949 -1.627723 100.000000 -3.667643 -400578.982339 1.602380 0.049875 9.975080 0.093858 0.440465 88.093053
 5.700000 1.783817 2.460107 0.676290 6.684338 2770.506752 1.823729 -2.039920 1000.000000 2.116949 -1.627723 100.000000 -3.667643 -400578.115530 1.565658 0.001320 0.263976 0.086349 0.372804 74.560797
 5.750000 1.763080 2.439309 0.676229 7.034947 4717.457660 1.823729 -2.039920 1000.000000 2.116949 -1.627723 100.000000 -3.667643 -400580.597965 1.501286 0.241584 48.316842 0.107300 0.575663 115.132547
 5.800000 1.783118 2.499574 0.716456 8.144706 3113.242020 1.823729 -2.039920 1000.000000 2.116949 -1.627723 100.000000 -3.667643 -400577.347360 1.627512 0.160834 32.166849 0.042204 0.089057 17.811446
 5.850000 1.771480 2.426334 0.654854 6.150923 3687.161351 1.823729 -2.039920 1000.000000 2.116949 -1.627723 100.000000 -3.667643 -400577.372536 1.550109 0.021398 4.279583 0.082990 0.344363 68.872576
 5.900000 1.801483 2.452240 0.650757 5.868441 1619.074108 1.823729 -2.039920 1000.000000 2.116949 -1.627723 100.000000 -3.667643 -400578.725176 1.496553 0.275602 55.120313 0.133870 0.896060 179.212029
 5.950000 1.779342 2.482313 0.702971 7.659637 3305.130712 1.823729 -2.039920 1000.000000 2.116949 -1.627723 100.000000 -3.667643 -400575.588731 1.586470 0.012284 2.456719 0.054612 0.149124 29.824838
 6.000000 1.795113 2.434228 0.639115 5.442723 1825.539804 1.823729 -2.039920 1000.000000 2.116949 -1.627723 100.000000 -3.667643 -400577.658513 1.513785 0.162515 32.503100 0.083130 0.345526 69.105273
 6.050000 1.801586 2.428809 0.627223 5.107981 1462.874507 1.823729 -2.039920 1000.000000 2.116949 -1.627723 100.000000 -3.667643 -400578.025046 1.518290 0.137845 27.569080 0.113354 0.642461 128.492296
 6.100000 1.803499 2.468648 0.665149 6.389237 1646.159001 1.823729 -2.039920 1000.000000 2.116949 -1.627723 100.000000 -3.667643 -400578.864620 1.601562 0.047325 9.464960 0.049296 0.121507 24.301440
 6.150000 1.793529 2.424465 0.630936 5.184319 1857.675310 1.823729 -2.039920 1000.000000 2.116949 -1.627723 100.000000 -3.667643 -400578.532962 1.500466 0.247320 49.463959 0.095323 0.454324 90.864824
 6.200000 1.769311 2.458394 0.689083 7.309856 4127.092046 1.823729 -2.039920 1000.000000 2.116949 -1.627723 100.000000 -3.667643 -400577.878204 1.540892 0.044714 8.942859 0.074377 0.276595 55.318970
 6.249999 1.782706 2.471480 0.688774 7.126054 2939.809400 1.823729 -2.039920 1000.000000 2.116949 -1.627723 100.000000 -3.667643 -400578.978038 1.599064 0.039954 7.990806 0.085565 0.366071 73.214237
 6.299999 1.772055 2.470088 0.698033 7.570448 3917.282101 1.823729 -2.039920 1000.000000 2.116949 -1.627723 100.000000 -3.667643 -400579.304898 1.544881 0.033581 6.716206 0.095913 0.459966 91.993286
 6.349999 1.750325 2.440007 0.689682 7.912400 6431.833210 1.823729 -2.039920 1000.000000 2.116949 -1.627723 100.000000 -3.667643 -400580.562321 1.552358 0.016998 3.399610 0.064767 0.209741 41.948196
 6.399999 1.770091 2.463083 0.692992 7.428930 4075.098268 1.823729 -2.039920 1000.000000 2.116949 -1.627723 100.000000 -3.667643 -400580.323020 1.600751 0.044863 8.972553 0.078729 0.309916 61.983146
 6.449999 1.756736 2.510996 0.754260 10.007661 6040.736289 1.823729 -2.039920 1000.000000 2.116949 -1.627723 100.000000 -3.667643 -400581.586853 1.573015 0.000246 0.049230 0.092348 0.426406 85.281287
 6.499999 1.766919 2.425350 0.658431 6.369247 4178.473018 1.823729 -2.039920 1000.000000 2.116949 -1.627723 100.000000 -3.667643 -400578.049116 1.562879 0.003134 0.626762 0.097893 0.479154 95.830745
 6.549999 1.752519 2.493156 0.740637 9.612010 6486.187156 1.823729 -2.039920 1000.000000 2.116949 -1.627723 100.000000 -3.667643 -400581.759526 1.575375 0.001048 0.209600 0.095592 0.456888 91.377508
 6.599999 1.764711 2.416925 0.652213 6.240804 4382.936670 1.823729 -2.039920 1000.000000 2.116949 -1.627723 100.000000 -3.667643 -400576.398538 1.633235 0.194927 38.985488 0.050420 0.127110 25.421937
 6.649999 1.773138 2.482469 0.709331 7.959962 3895.474184 1.823729 -2.039920 1000.000000 2.116949 -1.627723 100.000000 -3.667643 -400578.388088 1.585056 0.010167 2.033336 0.100516 0.505177 101.035481
 6.699999 1.742431 2.432302 0.689871 8.277036 7603.831459 1.823729 -2.039920 1000.000000 2.116949 -1.627723 100.000000 -3.667643 -400579.811603 1.550584 0.020428 4.085552 0.054487 0.148441 29.688298
 6.749999 1.775777 2.501499 0.725722 8.543600 3778.121663 1.823729 -2.039920 1000.000000 2.116949 -1.627723 100.000000 -3.667643 -400581.532564 1.587658 0.014216 2.843267 0.080916 0.327368 65.473661
 6.799999 1.768063 2.404443 0.636380 5.681980 3925.193095 1.823729 -2.039920 1000.000000 2.116949 -1.627723 100.000000 -3.667643 -400576.176136 1.613701 0.092040 18.407978 0.080108 0.320864 64.172761
 6.849999 1.761065 2.450508 0.689443 7.526465 5039.393941 1.823729 -2.039920 1000.000000 2.116949 -1.627723 100.000000 -3.667643 -400581.706474 1.603623 0.053880 10.775978 0.037405 0.069956 13.991125
 6.899999 1.741811 2.432800 0.690989 8.343349 7708.149470 1.823729 -2.039920 1000.000000 2.116949 -1.627723 100.000000 -3.667643 -400578.692645 1.590107 0.018646 3.729200 0.101373 0.513827 102.765400
 6.949999 1.760254 2.508320 0.748066 9.673087 5560.760910 1.823729 -2.039920 1000.000000 2.116949 -1.627723 100.000000 -3.667643 -400582.727278 1.605664 0.060787 12.157408 0.067071 0.224928 44.985508
 6.999999 1.784126 2.404096 0.619970 4.906852 2392.899267 1.823729 -2.039920 1000.000000 2.116949 -1.627723 100.000000 -3.667643 -400576.434993 1.533201 0.070669 14.133825 0.084218 0.354630 70.925957
 7.049999 1.758287 2.498041 0.739754 9.402860 5734.944640 1.823729 -2.039920 1000.000000 2.116949 -1.627723 100.000000 -3.667643 -400581.736848 1.550758 0.020076 4.015181 0.094940 0.450677 90.135327
 7.099999 1.823925 2.398486 0.574561 3.963172 792.669233 1.823729 -2.039920 1000.000000 2.116949 -1.627723 100.000000 -3.667643 -400573.235166 1.612957 0.088878 17.775620 0.055983 0.156705 31.340933
 7.149999 1.783711 2.471650 0.687939 7.091332 2859.540985 1.823729 -2.039920 1000.000000 2.116949 -1.627723 100.000000 -3.667643 -400577.790817 1.552750 0.016283 3.256566 0.089973 0.404754 80.950795
 7.199999 1.791188 2.370311 0.579123 3.739059 1700.823971 1.823729 -2.039920 1000.000000 2.116949 -1.627723 100.000000 -3.667643 -400576.834925 1.594394 0.027841 5.568287 0.052396 0.137268 27.453618
 7.249999 1.826940 2.444913 0.617973 5.383180 1085.919008 1.823729 -2.039920 1000.000000 2.116949 -1.627723 100.000000 -3.667643 -400576.050802 1.624449 0.143930 28.786059 0.066987 0.224362 44.872413
 7.299999 1.782341 2.383744 0.601402 4.415422 2424.709985 1.823729 -2.039920 1000.000000 2.116949 -1.627723 100.000000 -3.667643 -400576.589797 1.560169 0.005647 1.129310 0.105920 0.560950 112.190067
 7.349999 1.812895 2.440494 0.627599 5.292753 1164.189053 1.823729 -2.039920 1000.000000 2.116949 -1.627723 100.000000 -3.667643 -400576.014946 1.601546 0.047278 9.455523 0.063566 0.202031 40.406191
 7.399999 1.762951 2.429771 0.666820 6.739838 4672.517732 1.823729 -2.039920 1000.000000 2.116949 -1.627723 100.000000 -3.667643 -400578.328088 1.623406 0.138387 27.677314 0.096662 0.467181 93.436181
 7.449999 1.806086 2.427248 0.621162 4.969896 1274.112721 1.823729 -2.039920 1000.000000 2.116949 -1.627723 100.000000 -3.667643 -400573.984785 1.589910 0.018267 3.653407 0.062987 0.198370 39.674068
 7.499999 1.775669 2.389188 0.613519 4.860560 3050.858385 1.823729 -2.039920 1000.000000 2.116949 -1.627723 100.000000 -3.667643 -400576.474157 1.603405 0.053167 10.633305 0.059759 0.178557 35.711361
 7.549999 1.766300 2.519517 0.753216 9.752054 4918.664794 1.823729 -2.039920 1000.000000 2.116949 -1.627723 100.000000 -3.667643 -400577.383193 1.632399 0.189745 37.949024 0.086148 0.371076 74.215233
 7.599999 1.756520 2.394077 0.637557 6.098514 5285.036795 1.823729 -2.039920 1000.000000 2.116949 -1.627723 100.000000 -3.667643 -400577.768816 1.616037 0.102334 20.466816 0.081477 0.331928 66.385506
 7.649999 1.772236 2.478405 0.706168 7.858249 3957.987859 1.823729 -2.039920 1000.000000 2.116949 -1.627723 100.000000 -3.667643 -400576.985390 1.600496 0.044104 8.820804 0.051649 0.133380 26.675915
 7.699999 1.777532 2.386101 0.608569 4.689201 2858.580777 1.823729 -2.039920 1000.000000 2.116949 -1.627723 100.000000 -3.667643 -400576.846990 1.632610 0.191045 38.208987 0.077651 0.301481 60.296182
 7.749999 1.774799 2.458657 0.683858 7.035279 3561.754572 1.823729 -2.039920 1000.000000 2.116949 -1.627723 100.000000 -3.667643 -400578.822125 1.598196 0.037537 7.507475 0.083960 0.352467 70.493337
 7.799999 1.785239 2.425915 0.640676 5.513731 2436.071704 1.823729 -2.039920 1000.000000 2.116949 -1.627723 100.000000 -3.667643 -400576.117374 1.609553 0.075105 15.021098 0.081059 0.328531 65.706283
 7.849999 1.806804 2.438224 0.631420 5.304097 1318.618381 1.823729 -2.039920 1000.000000 2.116949 -1.627723 100.000000 -3.667643 -400575.945591 1.615790 0.101222 20.244444 0.105598 0.557542 111.508367
 7.899999 1.770066 2.451640 0.681574 7.040767 3999.899435 1.823729 -2.039920 1000.000000 2.116949 -1.627723 100.000000 -3.667643 -400574.648074 1.585190 0.010359 2.071728 0.067458 0.227530 45.505952
 7.949999 1.795989 2.379905 0.583916 3.842046 1460.952884 1.823729 -2.039920 1000.000000 2.116949 -1.627723 100.000000 -3.667643 -400573.702984 1.591598 0.021635 4.326958 0.050832 0.129193 25.838685
 7.999999 1.797250 2.460912 0.663662 6.266076 1884.218830 1.823729 -2.039920 1000.000000 2.116949 -1.627723 100.000000 -3.667643 -400574.355934 1.610502 0.078827 15.765365 0.094841 0.449740 89.947999
 8.049999 1.758006 2.202739 0.444732 2.527724 4393.065263 1.823729 -2.039920 1000.000000 2.116949 -1.627723 100.000000 -3.667643 -400578.345575 1.569504 0.000083 0.016693 0.254150 3.229603 645.920578
 8.099999 1.772104 2.393428 0.621324 5.154587 3429.534940 1.823729 -2.039920 1000.000000 2.116949 -1.627723 100.000000 -3.667643 -400578.965114 1.507529 0.200138 40.027527 0.331871 5.506911 1101.382226
 8.149999 1.794595 2.316061 0.521466 2.406660 1245.211336 1.823729 -2.039920 1000.000000 2.116949 -1.627723 100.000000 -3.667643 -400573.184783 1.551686 0.018260 3.651969 0.121828 0.742107 148.421312
 8.199999 1.788616 2.308014 0.519398 2.441751 1597.989833 1.823729 -2.039920 1000.000000 2.116949 -1.627723 100.000000 -3.667643 -400576.532588 1.578625 0.003064 0.612859 0.246380 3.035164 607.032836
 8.249999 1.772051 2.228919 0.456869 1.962178 2795.997003 1.823729 -2.039920 1000.000000 2.116949 -1.627723 100.000000 -3.667643 -400573.822011 1.535734 0.061468 12.293636 0.283352 4.014411 802.882284
 8.299999 1.801661 2.415159 0.613498 4.689961 1376.293748 1.823729 -2.039920 1000.000000 2.116949 -1.627723 100.000000 -3.667643 -400576.838059 1.541584 0.042668 8.533660 0.216589 2.345545 469.109061
 8.349999 1.776567 2.274523 0.497956 2.353585 2472.522006 1.823729 -2.039920 1000.000000 2.116949 -1.627723 100.000000 -3.667643 -400571.493082 1.529111 0.086882 17.376499 0.152159 1.157625 231.524939
 8.399999 1.756133 2.358485 0.602352 5.201568 5152.572575 1.823729 -2.039920 1000.000000 2.116949 -1.627723 100.000000 -3.667643 -400579.863568 1.563379 0.002751 0.550213 0.281652 3.966403 793.280635
 8.449999 1.745494 2.325532 0.580038 5.235705 6555.789977 1.823729 -2.039920 1000.000000 2.116949 -1.627723 100.000000 -3.667643 -400580.469345 1.553009 0.015820 3.164021 0.245687 3.018111 603.622279
 8.499999 1.738554 2.432236 0.693682 8.597681 8248.859560 1.823729 -2.039920 1000.000000 2.116949 -1.627723 100.000000 -3.667643 -400581.035647 1.519884 0.129602 25.920378 0.157182 1.235310 247.062027
 8.549999 1.809140 2.470242 0.661102 6.347216 1460.997730 1.823729 -2.039920 1000.000000 2.116949 -1.627723 100.000000 -3.667643 -400577.299658 1.634192 0.200950 40.189905 0.055590 0.154514 30.902780
 8.599999 1.779240 2.404344 0.625103 5.119400 2805.203062 1.823729 -2.039920 1000.000000 2.116949 -1.627723 100.000000 -3.667643 -400577.277342 1.595473 0.030446 6.089257 0.115351 0.665287 133.057413
 8.649999 1.770153 2.497483 0.727330 8.675464 4318.411373 1.823729 -2.039920 1000.000000 2.116949 -1.627723 100.000000 -3.667643 -400582.438690 1.514408 0.158984 31.796776 0.113909 0.648764 129.752800
 8.699999 1.798858 2.391962 0.593104 4.090878 1374.882099 1.823729 -2.039920 1000.000000 2.116949 -1.627723 100.000000 -3.667643 -400576.862626 1.592115 0.022724 4.544868 0.020892 0.021824 4.364863
 8.749999 1.741742 2.472804 0.731062 9.692536 7988.116052 1.823729 -2.039920 1000.000000 2.116949 -1.627723 100.000000 -3.667643 -400582.768672 1.625300 0.148531 29.706172 0.089936 0.404428 80.885526
 8.799999 1.763443 2.490888 0.727445 8.808699 5032.646677 1.823729 -2.039920 1000.000000 2.116949 -1.627723 100.000000 -3.667643 -400580.182308 1.507917 0.197688 39.537564 0.112556 0.633441 126.688152
 8.849999 1.725026 2.427432 0.702406 9.691098 10706.207797 1.823729 -2.039920 1000.000000 2.116949 -1.627723 100.000000 -3.667643 -400580.359026 1.649024 0.305978 61.195530 0.027453 0.037684 7.536774
 8.899999 1.780291 2.500715 0.720424 8.307218 3359.575906 1.823729 -2.039920 1000.000000 2.116949 -1.627723 100.000000 -3.667643 -400578.852936 1.597137 0.034693 6.938566 0.088037 0.387523 77.504512
 8.949999 1.734350 2.446575 0.712224 9.426893 9075.021443 1.823729 -2.039920 1000.000000 2.116949 -1.627723 100.000000 -3.667643 -400580.631739 1.480867 0.404360 80.872034 0.137518 0.945561 189.112189
 8.999999 1.806553 2.434302 0.627749 5.183146 1302.125652 1.823729 -2.039920 1000.000000 2.116949 -1.627723 100.000000 -3.667643 -400577.151197 1.615130 0.098275 19.655058 0.033411 0.055813 11.162665
 9.049999 1.814315 2.384245 0.569929 3.616651 803.081163 1.823729 -2.039920 1000.000000 2.116949 -1.627723 100.000000 -3.667643 -400572.686677 1.574971 0.000871 0.174250 0.086148 0.371078 74.215556
 9.099999 1.814282 2.517332 0.703050 8.059958 1692.311340 1.823729 -2.039920 1000.000000 2.116949 -1.627723 100.000000 -3.667643 -400579.375315 1.499543 0.253849 50.769839 0.163128 1.330530 266.106088
 9.149999 1.781848 2.381698 0.599850 4.381586 2454.896606 1.823729 -2.039920 1000.000000 2.116949 -1.627723 100.000000 -3.667643 -400575.322912 1.614258 0.094448 18.889584 0.032696 0.053452 10.690487
 9.199999 1.772020 2.490648 0.718628 8.319426 4070.287276 1.823729 -2.039920 1000.000000 2.116949 -1.627723 100.000000 -3.667643 -400580.968162 1.593894 0.026674 5.334822 0.051809 0.134210 26.841933
 9.249999 1.772929 2.454867 0.681937 6.999710 3722.477908 1.823729 -2.039920 1000.000000 2.116949 -1.627723 100.000000 -3.667643 -400575.437576 1.490511 0.322285 64.457029 0.169926 1.443739 288.747727
 9.299999 1.778864 2.478040 0.699175 7.525733 3316.682319 1.823729 -2.039920 1000.000000 2.116949 -1.627723 100.000000 -3.667643 -400580.300832 1.599372 0.040829 8.165897 0.032515 0.052861 10.572134
 9.349999 1.786811 2.405376 0.618565 4.840956 2194.798306 1.823729 -2.039920 1000.000000 2.116949 -1.627723 100.000000 -3.667643 -400577.934664 1.608052 0.069400 13.880099 0.050422 0.127119 25.423810
 9.399999 1.789747 2.467500 0.677753 6.721662 2383.596944 1.823729 -2.039920 1000.000000 2.116949 -1.627723 100.000000 -3.667643 -400578.290110 1.523375 0.112438 22.487563 0.146316 1.070412 214.082435
 9.449999 1.792768 2.438487 0.645719 5.648620 1992.443899 1.823729 -2.039920 1000.000000 2.116949 -1.627723 100.000000 -3.667643 -400576.879381 1.542136 0.041071 8.214263 0.042387 0.089833 17.966695
 9.499999 1.816673 2.426081 0.609408 4.803032 1005.411940 1.823729 -2.039920 1000.000000 2.116949 -1.627723 100.000000 -3.667643 -400577.648799 1.588072 0.014923 2.984552 0.081398 0.331281 66.256196
 9.549999 1.798234 2.420984 0.622750 4.946858 1574.343575 1.823729 -2.039920 1000.000000 2.116949 -1.627723 100.000000 -3.667643 -400574.752828 1.563474 0.002681 0.536110 0.103766 0.538366 107.673291
 9.599999 1.803810 2.448849 0.645040 5.706272 1498.344433 1.823729 -2.039920 1000.000000 2.116949 -1.627723 100.000000 -3.667643 -400578.109877 1.518822 0.135068 27.013696 0.036761 0.067568 13.513595
 9.649999 1.804225 2.446914 0.642689 5.634032 1469.173579 1.823729 -2.039920 1000.000000 2.116949 -1.627723 100.000000 -3.667643 -400577.612093 1.566046 0.001128 0.225687 0.122050 0.744814 148.962871
 9.699999 1.829813 2.393061 0.563248 3.830408 799.400711 1.823729 -2.039920 1000.000000 2.116949 -1.627723 100.000000 -3.667643 -400574.932631 1.617885 0.110865 22.173077 0.040263 0.081057 16.211399
 9.749999 1.806259 2.429000 0.622741 5.021379 1278.946298 1.823729 -2.039920 1000.000000 2.116949 -1.627723 100.000000 -3.667643 -400577.589342 1.558777 0.007223 1.444593 0.058240 0.169597 33.919321
 9.799999 1.778220 2.399479 0.621260 5.026703 2869.309388 1.823729 -2.039920 1000.000000 2.116949 -1.627723 100.000000 -3.667643 -400577.407806 1.575371 0.001046 0.209256 0.103025 0.530711 106.142291
 9.849999 1.809521 2.473348 0.663827 6.451932 1472.052047 1.823729 -2.039920 1000.000000 2.116949 -1.627723 100.000000 -3.667643 -400575.772640 1.655683 0.360285 72.057050 0.023620 0.027896 5.579190
 9.899999 1.783659 2.388071 0.604413 4.478170 2340.685531 1.823729 -2.039920 1000.000000 2.116949 -1.627723 100.000000 -3.667643 -400577.299479 1.554023 0.014068 2.813569 0.092391 0.426802 85.360362
 9.949999 1.798157 2.449581 0.651424 5.859161 1760.354581 1.823729 -2.039920 1000.000000 2.116949 -1.627723 100.000000 -3.667643 -400578.623303 1.576456 0.001602 0.320350 0.077667 0.301609 60.321714
 9.999999 1.746689 2.440670 0.693981 8.207313 6983.038271 1.823729 -2.039920 1000.000000 2.116949 -1.627723 100.000000 -3.667643 -400580.155173 1.656860 0.370350 74.069920 0.036627 0.067078 13.415633
 10.049999 1.786562 2.456054 0.669492 6.440286 2531.271524 1.823729 -2.039920 1000.000000 2.116949 -1.627723 100.000000 -3.667643 -400578.644666 1.558720 0.007292 1.458393 0.103560 0.536237 107.247456
 10.099999 1.776317 2.429758 0.653441 6.016396 3226.366553 1.823729 -2.039920 1000.000000 2.116949 -1.627723 100.000000 -3.667643 -400576.576762 1.542888 0.038945 7.788980 0.057214 0.163671 32.734272
 10.149999 1.763891 2.492698 0.728808 8.849673 4992.471591 1.823729 -2.039920 1000.000000 2.116949 -1.627723 100.000000 -3.667643 -400581.000377 1.630033 0.175450 35.090019 0.068233 0.232788 46.557672
 10.199999 1.761313 2.399670 0.638357 5.944404 4695.002061 1.823729 -2.039920 1000.000000 2.116949 -1.627723 100.000000 -3.667643 -400577.562872 1.594779 0.028757 5.751472 0.087491 0.382730 76.545963
 10.249999 1.750059 2.507856 0.757797 10.354032 6955.343544 1.823729 -2.039920 1000.000000 2.116949 -1.627723 100.000000 -3.667643 -400581.311656 1.525882 0.100865 20.173072 0.034873 0.060807 12.161345
 10.299999 1.779896 2.415453 0.635557 5.415879 2812.338529 1.823729 -2.039920 1000.000000 2.116949 -1.627723 100.000000 -3.667643 -400578.512214 1.616011 0.102219 20.443735 0.096817 0.468679 93.735824
 10.349999 1.732672 2.513923 0.781251 12.025069 9867.227506 1.823729 -2.039920 1000.000000 2.116949 -1.627723 100.000000 -3.667643 -400583.702275 1.628224 0.164899 32.979783 0.059718 0.178312 35.662348
 10.399999 1.764243 2.369634 0.605391 4.961752 4177.044373 1.823729 -2.039920 1000.000000 2.116949 -1.627723 100.000000 -3.667643 -400577.915355 1.583929 0.008623 1.724636 0.040347 0.081394 16.278897
 10.449999 1.762571 2.534032 0.771461 10.568035 5479.830812 1.823729 -2.039920 1000.000000 2.116949 -1.627723 100.000000 -3.667643 -400580.077990 1.595321 0.030072 6.014436 0.106503 0.567140 113.428030
 10.499999 1.775366 2.410806 0.635440 5.487071 3202.484143 1.823729 -2.039920 1000.000000 2.116949 -1.627723 100.000000 -3.667643 -400576.891109 1.652479 0.333606 66.721249 0.064040 0.205054 41.010755
 10.549999 1.769375 2.467966 0.698591 7.637820 4186.485958 1.823729 -2.039920 1000.000000 2.116949 -1.627723 100.000000 -3.667643 -400577.925034 1.541774 0.042115 8.422955 0.062922 0.197957 39.591398
 10.599999 1.738411 2.383643 0.645232 7.195858 7990.420413 1.823729 -2.039920 1000.000000 2.116949 -1.627723 100.000000 -3.667643 -400577.827103 1.628737 0.167858 33.571593 0.105284 0.554238 110.847542
 10.649999 1.806602 2.553234 0.746632 9.663882 2196.763458 1.823729 -2.039920 1000.000000 2.116949 -1.627723 100.000000 -3.667643 -400575.489972 1.658897 0.388088 77.617620 0.017938 0.016089 3.217755
 10.699999 1.765131 2.354418 0.589288 4.536451 3997.665917 1.823729 -2.039920 1000.000000 2.116949 -1.627723 100.000000 -3.667643 -400577.273338 1.555252 0.012082 2.416410 0.091553 0.419094 83.818891
 10.749999 1.782427 2.472371 0.689944 7.169155 2969.090731 1.823729 -2.039920 1000.000000 2.116949 -1.627723 100.000000 -3.667643 -400582.169832 1.601549 0.047286 9.457134 0.062822 0.197333 39.466658
 10.799999 1.777295 2.400233 0.622938 5.090539 2958.598451 1.823729 -2.039920 1000.000000 2.116949 -1.627723 100.000000 -3.667643 -400576.194557 1.664935 0.443107 88.621378 0.061052 0.186367 37.273452
 10.849999 1.778289 2.473725 0.695436 7.396827 3337.672711 1.823729 -2.039920 1000.000000 2.116949 -1.627723 100.000000 -3.667643 -400579.819701 1.532972 0.071536 14.307115 0.103846 0.539204 107.840723
 10.899999 1.797382 2.364306 0.566924 3.406348 1305.990991 1.823729 -2.039920 1000.000000 2.116949 -1.627723 100.000000 -3.667643 -400574.671999 1.592247 0.023006 4.601242 0.043348 0.093951 18.790226
 10.949999 1.764165 2.554676 0.790512 11.354194 5463.954659 1.823729 -2.039920 1000.000000 2.116949 -1.627723 100.000000 -3.667643 -400581.236156 1.601653 0.047608 9.521601 0.077272 0.298545 59.708938
 10.999999 1.783669 2.358389 0.574720 3.717055 2187.740812 1.823729 -2.039920 1000.000000 2.116949 -1.627723 100.000000 -3.667643 -400575.319147 1.504111 0.222343 44.468696 0.122434 0.749510 149.901908
 11.049999 1.772618 2.533047 0.760429 9.963016 4343.644198 1.823729 -2.039920 1000.000000 2.116949 -1.627723 100.000000 -3.667643 -400581.078154 1.574423 0.000658 0.131555 0.021323 0.022733 4.546585
 11.099999 1.791530 2.400300 0.608770 4.532762 1839.610680 1.823729 -2.039920 1000.000000 2.116949 -1.627723 100.000000 -3.667643 -400573.883622 1.594758 0.028708 5.741556 0.105140 0.552716 110.543239
 11.149999 1.754094 2.505975 0.751881 9.991582 6362.461332 1.823729 -2.039920 1000.000000 2.116949 -1.627723 100.000000 -3.667643 -400578.758043 1.503746 0.224790 44.958048 0.100339 0.503397 100.679488
 11.199999 1.788967 2.402374 0.613407 4.677562 2023.078386 1.823729 -2.039920 1000.000000 2.116949 -1.627723 100.000000 -3.667643 -400575.827116 1.587368 0.013732 2.746335 0.032187 0.051800 10.360004
 11.249999 1.741942 2.545731 0.803790 12.537267 8527.649362 1.823729 -2.039920 1000.000000 2.116949 -1.627723 100.000000 -3.667643 -400584.008348 1.571704 0.000041 0.008240 0.092432 0.427187 85.437349
 11.299999 1.757477 2.387888 0.630411 5.865026 5123.342897 1.823729 -2.039920 1000.000000 2.116949 -1.627723 100.000000 -3.667643 -400578.185803 1.528752 0.088387 17.677320 0.079448 0.315601 63.120209
 11.349999 1.735516 2.535821 0.800305 12.663429 9536.025820 1.823729 -2.039920 1000.000000 2.116949 -1.627723 100.000000 -3.667643 -400584.214470 1.579837 0.004087 0.817387 0.051035 0.130226 26.045285
 11.399999 1.752680 2.433798 0.681118 7.543639 6051.867101 1.823729 -2.039920 1000.000000 2.116949 -1.627723 100.000000 -3.667643 -400581.123120 1.590580 0.019569 3.913803 0.093493 0.437045 87.409044
 11.449999 1.760114 2.515455 0.755341 9.963761 5634.876769 1.823729 -2.039920 1000.000000 2.116949 -1.627723 100.000000 -3.667643 -400581.588466 1.554600 0.013117 2.623313 0.040160 0.080640 16.128025
 11.499999 1.735160 2.394645 0.659485 7.777979 8615.588898 1.823729 -2.039920 1000.000000 2.116949 -1.627723 100.000000 -3.667643 -400579.616764 1.535682 0.061652 12.330486 0.075001 0.281260 56.252012
 11.549999 1.743826 2.573001 0.829175 13.591420 8464.351017 1.823729 -2.039920 1000.000000 2.116949 -1.627723 100.000000 -3.667643 -400582.510277 1.623231 0.137470 27.493946 0.106082 0.562666 112.533179
 11.599999 1.739639 2.404508 0.664869 7.670021 7897.932020 1.823729 -2.039920 1000.000000 2.116949 -1.627723 100.000000 -3.667643 -400575.963943 1.572085 0.000083 0.016609 0.021936 0.024060 4.811913
 11.649999 1.786532 2.497209 0.710677 7.921674 2829.577221 1.823729 -2.039920 1000.000000 2.116949 -1.627723 100.000000 -3.667643 -400580.269339 1.501296 0.241513 48.302537 0.099768 0.497686 99.537268
 11.699999 1.738200 2.453994 0.715794 9.337536 8451.112789 1.823729 -2.039920 1000.000000 2.116949 -1.627723 100.000000 -3.667643 -400582.961982 1.579494 0.003783 0.756524 0.115546 0.667548 133.509621
 11.749999 1.802888 2.473063 0.670175 6.558027 1702.497900 1.823729 -2.039920 1000.000000 2.116949 -1.627723 100.000000 -3.667643 -400578.222324 1.559631 0.006233 1.246573 0.008090 0.003273 0.654519
 11.799999 1.770566 2.430312 0.659747 6.322986 3808.290206 1.823729 -2.039920 1000.000000 2.116949 -1.627723 100.000000 -3.667643 -400578.779921 1.517113 0.144094 28.818730 0.142188 1.010872 202.174313
 11.849999 1.811792 2.451148 0.639356 5.655702 1259.376434 1.823729 -2.039920 1000.000000 2.116949 -1.627723 100.000000 -3.667643 -400579.183760 1.588080 0.014936 2.987124 0.101396 0.514057 102.811308
 11.899999 1.788739 2.422804 0.634065 5.289517 2159.761759 1.823729 -2.039920 1000.000000 2.116949 -1.627723 100.000000 -3.667643 -400578.159099 1.605397 0.059860 11.971918 0.006750 0.002278 0.455671
 11.949999 1.761048 2.436927 0.675879 7.083719 4952.705235 1.823729 -2.039920 1000.000000 2.116949 -1.627723 100.000000 -3.667643 -400575.624232 1.572222 0.000102 0.020331 0.162716 1.323823 264.764528
 11.999999 1.751400 2.539060 0.787660 11.524594 7013.180794 1.823729 -2.039920 1000.000000 2.116949 -1.627723 100.000000 -3.667643 -400581.391790 1.562839 0.003166 0.633140 0.067689 0.229089 45.817701
 12.049999 1.708099 2.392347 0.684248 10.477298 14128.640024 1.823729 -2.039920 1000.000000 2.116949 -1.627723 100.000000 -3.667643 -400581.024807 1.619120 0.116759 23.351722 0.057009 0.162499 32.499724
 12.099999 1.737212 2.569654 0.832442 13.989637 9534.532769 1.823729 -2.039920 1000.000000 2.116949 -1.627723 100.000000 -3.667643 -400585.807200 1.555599 0.011549 2.309738 0.120763 0.729181 145.836238
 12.149999 1.753157 2.411562 0.658404 6.829995 5848.288495 1.823729 -2.039920 1000.000000 2.116949 -1.627723 100.000000 -3.667643 -400581.005313 1.635631 0.210176 42.035172 0.064873 0.210426 42.085106
 12.199999 1.789761 2.463367 0.673607 6.577204 2353.900823 1.823729 -2.039920 1000.000000 2.116949 -1.627723 100.000000 -3.667643 -400575.286421 1.565699 0.001299 0.259823 0.073875 0.272879 54.575788
 12.249999 1.764469 2.474325 0.709856 8.141738 4788.874524 1.823729 -2.039920 1000.000000 2.116949 -1.627723 100.000000 -3.667643 -400578.940082 1.514636 0.157702 31.540372 0.167812 1.408043 281.608554
 12.299999 1.808073 2.467011 0.658937 6.249697 1470.523882 1.823729 -2.039920 1000.000000 2.116949 -1.627723 100.000000 -3.667643 -400578.543430 1.648197 0.299542 59.908347 0.104321 0.544142 108.828307
 12.349999 1.779071 2.410084 0.631013 5.293548 2853.594224 1.823729 -2.039920 1000.000000 2.116949 -1.627723 100.000000 -3.667643 -400576.563064 1.612621 0.087465 17.492968 0.036550 0.066796 13.359264
 12.399999 1.770604 2.390720 0.620116 5.158670 3571.802931 1.823729 -2.039920 1000.000000 2.116949 -1.627723 100.000000 -3.667643 -400579.216186 1.546704 0.029023 5.804560 0.255873 3.273552 654.710494
 12.449999 1.772290 2.163869 0.391578 1.433030 2667.930403 1.823729 -2.039920 1000.000000 2.116949 -1.627723 100.000000 -3.667643 -400574.130945 1.548789 0.024217 4.843326 0.313372 4.910093 982.018522
 12.499999 1.774096 2.391899 0.617803 5.011573 3219.396868 1.823729 -2.039920 1000.000000 2.116949 -1.627723 100.000000 -3.667643 -400575.778942 1.518780 0.135285 27.056992 0.169844 1.442342 288.468423
 12.549999 1.769173 2.420380 0.651207 6.091683 3897.035986 1.823729 -2.039920 1000.000000 2.116949 -1.627723 100.000000 -3.667643 -400577.882100 1.648160 0.299256 59.851148 0.067100 0.225117 45.023437
 12.599999 1.776113 2.543676 0.767563 10.238414 4088.200848 1.823729 -2.039920 1000.000000 2.116949 -1.627723 100.000000 -3.667643 -400581.685737 1.528231 0.090592 18.118321 0.094133 0.443051 88.610205
 12.649999 1.809904 2.264635 0.454731 1.186119 409.226039 1.823729 -2.039920 1000.000000 2.116949 -1.627723 100.000000 -3.667643 -400573.085633 1.558259 0.007859 1.571792 0.110369 0.609063 121.812537
 12.699999 1.809882 2.568196 0.758314 10.277041 2227.964642 1.823729 -2.039920 1000.000000 2.116949 -1.627723 100.000000 -3.667643 -400579.761586 1.649523 0.309893 61.978577 0.043365 0.094026 18.805136
 12.749999 1.792583 2.331820 0.539236 2.793487 1431.734983 1.823729 -2.039920 1000.000000 2.116949 -1.627723 100.000000 -3.667643 -400574.986011 1.478067 0.429935 85.986967 0.124726 0.777825 155.564987
 12.799999 1.822339 2.473180 0.650840 6.345974 1270.932364 1.823729 -2.039920 1000.000000 2.116949 -1.627723 100.000000 -3.667643 -400578.661134 1.558229 0.007897 1.579385 0.071131 0.252981 50.596292
 12.849999 1.794472 2.378492 0.584020 3.848215 1540.000601 1.823729 -2.039920 1000.000000 2.116949 -1.627723 100.000000 -3.667643 -400574.531829 1.689401 0.703358 140.671668 0.041881 0.087699 17.539805
 12.899999 1.785764 2.503731 0.717966 8.200645 2937.300901 1.823729 -2.039920 1000.000000 2.116949 -1.627723 100.000000 -3.667643 -400580.265999 1.515061 0.155320 31.063988 0.125613 0.788931 157.786202
 12.949999 1.783066 2.368768 0.585702 3.997370 2287.601600 1.823729 -2.039920 1000.000000 2.116949 -1.627723 100.000000 -3.667643 -400575.028534 1.542653 0.039602 7.920390 0.098965 0.489705 97.940945
 12.999999 1.753690 2.568506 0.814816 12.647917 6944.517379 1.823729 -2.039920 1000.000000 2.116949 -1.627723 100.000000 -3.667643 -400584.498160 1.631020 0.181342 36.268400 0.059817 0.178906 35.781159
 13.049999 1.777299 2.358214 0.580916 3.988329 2737.853115 1.823729 -2.039920 1000.000000 2.116949 -1.627723 100.000000 -3.667643 -400575.934116 1.538349 0.052641 10.528255 0.121133 0.733654 146.730894
 13.099999 1.752862 2.548991 0.796130 11.844101 6888.765586 1.823729 -2.039920 1000.000000 2.116949 -1.627723 100.000000 -3.667643 -400583.874407 1.579148 0.003487 0.697486 0.045240 0.102334 20.466845
 13.149999 1.761695 2.398966 0.637271 5.900785 4643.579623 1.823729 -2.039920 1000.000000 2.116949 -1.627723 100.000000 -3.667643 -400579.290054 1.579907 0.004150 0.830041 0.102189 0.522134 104.426871
 13.199999 1.750746 2.578260 0.827514 13.303623 7454.534386 1.823729 -2.039920 1000.000000 2.116949 -1.627723 100.000000 -3.667643 -400583.817913 1.513353 0.164986 32.997172 0.136687 0.934171 186.834213
 13.249999 1.776283 2.356716 0.580434 3.999982 2826.014198 1.823729 -2.039920 1000.000000 2.116949 -1.627723 100.000000 -3.667643 -400573.803031 1.631458 0.183994 36.798751 0.034446 0.059328 11.865600
 13.299999 1.773735 2.535204 0.761469 9.996553 4248.772396 1.823729 -2.039920 1000.000000 2.116949 -1.627723 100.000000 -3.667643 -400580.887353 1.617694 0.109969 21.993736 0.087824 0.385653 77.130535
 13.349999 1.746720 2.398424 0.651704 6.926596 6722.673830 1.823729 -2.039920 1000.000000 2.116949 -1.627723 100.000000 -3.667643 -400580.567762 1.491705 0.312771 62.554169 0.109787 0.602662 120.532414
 13.399999 1.791715 2.474936 0.683221 6.920186 2306.449790 1.823729 -2.039920 1000.000000 2.116949 -1.627723 100.000000 -3.667643 -400578.894153 1.678418 0.579121 115.824222 0.015956 0.012729 2.545821
 13.449999 1.768259 2.467254 0.698996 7.674149 4304.053432 1.823729 -2.039920 1000.000000 2.116949 -1.627723 100.000000 -3.667643 -400579.089231 1.558039 0.008137 1.627412 0.103784 0.538560 107.711964
 13.499999 1.752349 2.445512 0.693163 7.945228 6174.666681 1.823729 -2.039920 1000.000000 2.116949 -1.627723 100.000000 -3.667643 -400579.792388 1.501439 0.240523 48.104541 0.100028 0.500283 100.056510
 13.549999 1.755886 2.449354 0.693468 7.825967 5707.577282 1.823729 -2.039920 1000.000000 2.116949 -1.627723 100.000000 -3.667643 -400579.087974 1.699173 0.824029 164.805725 0.035025 0.061336 12.267171
 13.599999 1.749227 2.524042 0.774815 11.061494 7207.771004 1.823729 -2.039920 1000.000000 2.116949 -1.627723 100.000000 -3.667643 -400578.893995 1.602757 0.051076 10.215112 0.117175 0.686502 137.300346
 13.649999 1.747144 2.426007 0.678863 7.708426 6820.347981 1.823729 -2.039920 1000.000000 2.116949 -1.627723 100.000000 -3.667643 -400577.945788 1.521056 0.123705 24.740998 0.115359 0.665385 133.077028
 13.699999 1.736793 2.542837 0.806044 12.847903 9371.572853 1.823729 -2.039920 1000.000000 2.116949 -1.627723 100.000000 -3.667643 -400583.362404 1.654543 0.350678 70.135652 0.020632 0.021284 4.256719
 13.749999 1.749127 2.412180 0.663053 7.140772 6437.042724 1.823729 -2.039920 1000.000000 2.116949 -1.627723 100.000000 -3.667643 -400578.670430 1.621482 0.128453 25.690568 0.130143 0.846861 169.372261
 13.799999 1.756173 2.483517 0.727344 9.000485 5907.476008 1.823729 -2.039920 1000.000000 2.116949 -1.627723 100.000000 -3.667643 -400574.118877 1.496327 0.277283 55.456519 0.035633 0.063485 12.696949
 13.849999 1.781492 2.435705 0.654213 5.972241 2800.005424 1.823729 -2.039920 1000.000000 2.116949 -1.627723 100.000000 -3.667643 -400578.481632 1.657543 0.376247 75.249351 0.066377 0.220296 44.059267
 13.899999 1.764437 2.458301 0.693864 7.583817 4680.761723 1.823729 -2.039920 1000.000000 2.116949 -1.627723 100.000000 -3.667643 -400580.542078 1.564568 0.001939 0.387884 0.103851 0.539252 107.850405
 13.949999 1.785368 2.455405 0.670037 6.463396 2617.103253 1.823729 -2.039920 1000.000000 2.116949 -1.627723 100.000000 -3.667643 -400579.762751 1.550109 0.021398 4.279653 0.041790 0.087320 17.463931
 13.999999 1.806571 2.360710 0.554140 3.118176 888.593863 1.823729 -2.039920 1000.000000 2.116949 -1.627723 100.000000 -3.667643 -400569.804758 1.607196 0.066247 13.249335 0.093382 0.436014 87.202772
 14.049999 1.788364 2.550438 0.762074 10.020954 3129.802622 1.823729 -2.039920 1000.000000 2.116949 -1.627723 100.000000 -3.667643 -400579.111599 1.544518 0.034528 6.905542 0.071791 0.257697 51.539385
 14.099999 1.765623 2.360518 0.594896 4.654444 3969.546365 1.823729 -2.039920 1000.000000 2.116949 -1.627723 100.000000 -3.667643 -400574.456142 1.625292 0.148487 29.697384 0.095586 0.456830 91.365986
 14.149999 1.763577 2.537205 0.773628 10.639883 5384.409232 1.823729 -2.039920 1000.000000 2.116949 -1.627723 100.000000 -3.667643 -400582.414621 1.520298 0.127505 25.501070 0.074322 0.276190 55.237917
 14.199999 1.788476 2.390269 0.601794 4.356589 1989.822545 1.823729 -2.039920 1000.000000 2.116949 -1.627723 100.000000 -3.667643 -400575.372034 1.585042 0.010147 2.029345 0.062442 0.194950 38.990067
 14.249999 1.785276 2.494741 0.709465 7.875634 2905.884703 1.823729 -2.039920 1000.000000 2.116949 -1.627723 100.000000 -3.667643 -400580.793328 1.598470 0.038293 7.658576 0.076683 0.294016 58.803212
 14.299999 1.766982 2.353124 0.586142 4.399047 3778.021863 1.823729 -2.039920 1000.000000 2.116949 -1.627723 100.000000 -3.667643 -400575.136611 1.588648 0.015935 3.186904 0.077961 0.303899 60.779856
 14.349999 1.780141 2.527082 0.746941 9.360401 3581.960134 1.823729 -2.039920 1000.000000 2.116949 -1.627723 100.000000 -3.667643 -400582.111030 1.576153 0.001434 0.286892 0.085538 0.365833 73.166698
 14.399999 1.776774 2.383645 0.606871 4.658699 2915.992741 1.823729 -2.039920 1000.000000 2.116949 -1.627723 100.000000 -3.667643 -400573.612508 1.549278 0.023152 4.630491 0.081128 0.329089 65.817794
 14.449999 1.788250 2.529694 0.741443 9.147263 2962.308059 1.823729 -2.039920 1000.000000 2.116949 -1.627723 100.000000 -3.667643 -400580.219510 1.568892 0.000181 0.036249 0.048907 0.119596 23.919100
 14.499999 1.785196 2.302123 0.516927 2.456871 1827.707214 1.823729 -2.039920 1000.000000 2.116949 -1.627723 100.000000 -3.667643 -400572.801910 1.562881 0.003133 0.626577 0.116190 0.675010 135.002080
 14.549999 1.774058 2.548099 0.774041 10.528110 4326.135035 1.823729 -2.039920 1000.000000 2.116949 -1.627723 100.000000 -3.667643 -400581.937428 1.652028 0.329927 65.985398 0.055194 0.152317 30.463404
 14.599999 1.788820 2.329136 0.540316 2.860483 1668.874253 1.823729 -2.039920 1000.000000 2.116949 -1.627723 100.000000 -3.667643 -400569.358189 1.602969 0.051753 10.350527 0.060282 0.181694 36.338745
 14.649999 1.745209 2.555699 0.810490 12.707729 8090.350831 1.823729 -2.039920 1000.000000 2.116949 -1.627723 100.000000 -3.667643 -400583.483446 1.505596 0.212555 42.510912 0.108553 0.589187 117.837346
 14.699999 1.760817 2.395109 0.634291 5.847560 4731.562934 1.823729 -2.039920 1000.000000 2.116949 -1.627723 100.000000 -3.667643 -400576.967313 1.601619 0.047501 9.500216 0.051172 0.130930 26.185998
 14.749999 1.748064 2.542580 0.794515 11.920614 7536.706323 1.823729 -2.039920 1000.000000 2.116949 -1.627723 100.000000 -3.667643 -400581.581738 1.560847 0.004949 0.989853 0.077685 0.301747 60.349367
 14.799999 1.761654 2.369595 0.607942 5.118163 4491.611577 1.823729 -2.039920 1000.000000 2.116949 -1.627723 100.000000 -3.667643 -400576.623008 1.534271 0.066706 13.341284 0.088432 0.391011 78.202136
 14.849999 1.768484 2.544280 0.775795 10.656546 4878.080819 1.823729 -2.039920 1000.000000 2.116949 -1.627723 100.000000 -3.667643 -400583.225324 1.571551 0.000028 0.005694 0.041449 0.085899 17.179897
 14.899999 1.742375 2.399874 0.657498 7.311502 7418.834784 1.823729 -2.039920 1000.000000 2.116949 -1.627723 100.000000 -3.667643 -400579.459039 1.580823 0.005027 1.005389 0.099854 0.498542 99.708414
 14.949999 1.785640 2.496308 0.710669 7.921059 2889.922895 1.823729 -2.039920 1000.000000 2.116949 -1.627723 100.000000 -3.667643 -400575.260966 1.514077 0.160855 32.170917 0.073122 0.267338 53.467582
 14.999999 1.781033 2.406665 0.625632 5.108235 2662.310878 1.823729 -2.039920 1000.000000 2.116949 -1.627723 100.000000 -3.667643 -400578.216004 1.594841 0.028906 5.781267 0.065945 0.217437 43.487481
 15.049999 1.803478 2.479652 0.676173 6.782694 1725.615637 1.823729 -2.039920 1000.000000 2.116949 -1.627723 100.000000 -3.667643 -400576.658018 1.577886 0.002513 0.502568 0.119000 0.708054 141.610851
 15.099999 1.809326 2.368566 0.559240 3.269268 840.544813 1.823729 -2.039920 1000.000000 2.116949 -1.627723 100.000000 -3.667643 -400571.709933 1.465178 0.557762 111.552496 0.065916 0.217249 43.449717
 15.149999 1.800771 2.474457 0.673686 6.654134 1805.176747 1.823729 -2.039920 1000.000000 2.116949 -1.627723 100.000000 -3.667643 -400575.039045 1.547607 0.026887 5.377324 0.082017 0.336337 67.267349
 15.199999 1.823616 2.387806 0.564189 3.668172 733.645817 1.823729 -2.039920 1000.000000 2.116949 -1.627723 100.000000 -3.667643 -400574.959087 1.558959 0.007006 1.401188 0.094343 0.445032 89.006421
 15.249999 1.800690 2.493843 0.693152 7.367829 1951.253647 1.823729 -2.039920 1000.000000 2.116949 -1.627723 100.000000 -3.667643 -400578.317189 1.577824 0.002470 0.493930 0.080389 0.323123 64.624519
 15.299999 1.799642 2.318207 0.518565 2.315317 985.201033 1.823729 -2.039920 1000.000000 2.116949 -1.627723 100.000000 -3.667643 -400572.637913 1.520630 0.125834 25.166751 0.087370 0.381680 76.335994
 15.349999 1.784541 2.540800 0.756258 9.750297 3332.152468 1.823729 -2.039920 1000.000000 2.116949 -1.627723 100.000000 -3.667643 -400580.854438 1.586230 0.011910 2.381938 0.095524 0.456239 91.247850
 15.399999 1.791759 2.374880 0.583121 3.837457 1687.344541 1.823729 -2.039920 1000.000000 2.116949 -1.627723 100.000000 -3.667643 -400575.624541 1.547351 0.027484 5.496874 0.107026 0.572732 114.546375
 15.449999 1.793973 2.482680 0.688707 7.130645 2222.983693 1.823729 -2.039920 1000.000000 2.116949 -1.627723 100.000000 -3.667643 -400579.574766 1.585417 0.010687 2.137499 0.073916 0.273178 54.635591
 15.499999 1.769900 2.450413 0.680513 7.008679 4009.540687 1.823729 -2.039920 1000.000000 2.116949 -1.627723 100.000000 -3.667643 -400578.700349 1.547503 0.027128 5.425688 0.102149 0.521718 104.343586
 15.549999 1.778429 2.342954 0.564525 3.579957 2562.877025 1.823729 -2.039920 1000.000000 2.116949 -1.627723 100.000000 -3.667643 -400571.151406 1.607244 0.066421 13.284166 0.100928 0.509323 101.864548
 15.599999 1.764423 2.604284 0.839861 13.633348 5892.143336 1.823729 -2.039920 1000.000000 2.116949 -1.627723 100.000000 -3.667643 -400583.124374 1.549227 0.023261 4.652144 0.094087 0.442614 88.522876
 15.649999 1.803896 2.313308 0.509412 2.124505 778.890399 1.823729 -2.039920 1000.000000 2.116949 -1.627723 100.000000 -3.667643 -400568.685181 1.566339 0.000994 0.198721 0.175736 1.544156 308.831161
 15.699999 1.789277 2.332631 0.543354 2.919396 1652.103293 1.823729 -2.039920 1000.000000 2.116949 -1.627723 100.000000 -3.667643 -400572.773237 1.566856 0.000776 0.155228 0.215920 2.331065 466.212987
 15.749999 1.745942 2.275924 0.529982 4.289017 6303.461412 1.823729 -2.039920 1000.000000 2.116949 -1.627723 100.000000 -3.667643 -400576.245354 1.537182 0.056495 11.298989 0.198264 1.965438 393.087600
 15.799999 1.746603 2.430790 0.684186 7.898961 6933.280262 1.823729 -2.039920 1000.000000 2.116949 -1.627723 100.000000 -3.667643 -400578.639326 1.558871 0.007110 1.422067 0.248995 3.099920 619.983904
 15.849999 1.761444 2.215015 0.453571 2.420534 3975.537582 1.823729 -2.039920 1000.000000 2.116949 -1.627723 100.000000 -3.667643 -400570.523740 1.525150 0.104181 20.836192 0.184771 1.707025 341.404908
 15.899999 1.778110 2.439496 0.661386 6.242352 3121.410705 1.823729 -2.039920 1000.000000 2.116949 -1.627723 100.000000 -3.667643 -400578.859474 1.525443 0.102848 20.569611 0.231940 2.689806 537.961173
 15.949999 1.770086 2.201572 0.431485 1.796809 2949.128146 1.823729 -2.039920 1000.000000 2.116949 -1.627723 100.000000 -3.667643 -400576.130548 1.553761 0.014510 2.901945 0.201700 2.034139 406.827844
 15.999999 1.731844 2.437900 0.706056 9.371852 9472.838616 1.823729 -2.039920 1000.000000 2.116949 -1.627723 100.000000 -3.667643 -400578.523901 1.516191 0.149085 29.816980 0.220220 2.424832 484.966419
 16.049999 1.744682 2.205321 0.460639 3.514648 6326.435311 1.823729 -2.039920 1000.000000 2.116949 -1.627723 100.000000 -3.667643 -400571.014083 1.559165 0.006764 1.352878 0.204548 2.091988 418.397631
 16.099999 1.724167 2.472816 0.748649 11.288351 11178.980321 1.823729 -2.039920 1000.000000 2.116949 -1.627723 100.000000 -3.667643 -400581.358663 1.524727 0.106119 21.223853 0.233155 2.718053 543.610604
 16.149999 1.776552 2.155672 0.379120 1.187810 2240.671258 1.823729 -2.039920 1000.000000 2.116949 -1.627723 100.000000 -3.667643 -400571.520255 1.556289 0.010523 2.104637 0.176662 1.560470 312.093988
 16.199999 1.782777 2.449916 0.667139 6.381870 2785.728890 1.823729 -2.039920 1000.000000 2.116949 -1.627723 100.000000 -3.667643 -400577.717069 1.547046 0.028205 5.640930 0.218501 2.387129 477.425767
 16.249999 1.690800 2.243443 0.552643 9.635106 17830.160375 1.823729 -2.039920 1000.000000 2.116949 -1.627723 100.000000 -3.667643 -400575.665073 1.534782 0.064851 12.970147 0.184680 1.705342 341.068404
 16.299999 1.737999 2.428085 0.690086 8.515101 8317.703058 1.823729 -2.039920 1000.000000 2.116949 -1.627723 100.000000 -3.667643 -400580.173369 1.545760 0.031341 6.268126 0.235709 2.777947 555.589373
 16.349999 1.776363 2.252359 0.475997 2.038575 2426.921750 1.823729 -2.039920 1000.000000 2.116949 -1.627723 100.000000 -3.667643 -400570.562149 1.551757 0.018124 3.624789 0.170332 1.450649 290.129744
 16.399999 1.750812 2.382093 0.631281 6.173482 6019.852232 1.823729 -2.039920 1000.000000 2.116949 -1.627723 100.000000 -3.667643 -400572.890415 1.556992 0.009528 1.905552 0.189604 1.797480 359.496017
 16.449999 1.772468 2.242334 0.469867 2.099923 2784.916046 1.823729 -2.039920 1000.000000 2.116949 -1.627723 100.000000 -3.667643 -400571.716418 1.563232 0.002861 0.572254 0.235787 2.779781 555.956169
 16.499999 1.796873 2.384800 0.587927 3.947829 1438.686995 1.823729 -2.039920 1000.000000 2.116949 -1.627723 100.000000 -3.667643 -400573.308753 1.505349 0.214169 42.833869 0.244506 2.989166 597.833144
 16.549999 1.790866 2.244248 0.453382 1.350225 1241.999431 1.823729 -2.039920 1000.000000 2.116949 -1.627723 100.000000 -3.667643 -400573.321035 1.525454 0.102795 20.559014 0.176705 1.561230 312.246050
 16.599999 1.773242 2.414326 0.641084 5.696102 3433.255131 1.823729 -2.039920 1000.000000 2.116949 -1.627723 100.000000 -3.667643 -400575.266721 1.540998 0.044396 8.879277 0.212783 2.263836 452.767120
 16.649999 1.798801 2.178964 0.380163 0.502995 659.869149 1.823729 -2.039920 1000.000000 2.116949 -1.627723 100.000000 -3.667643 -400572.475931 1.510923 0.179241 35.848252 0.211514 2.236911 447.382101
 16.699999 1.821194 2.387728 0.566533 3.669262 739.633925 1.823729 -2.039920 1000.000000 2.116949 -1.627723 100.000000 -3.667643 -400576.008284 1.517329 0.142937 28.587494 0.240546 2.893120 578.623918
 16.749999 1.795614 2.211791 0.416177 0.844980 880.417472 1.823729 -2.039920 1000.000000 2.116949 -1.627723 100.000000 -3.667643 -400574.194973 1.508897 0.191578 38.315518 0.222833 2.482718 496.543560
 16.799999 1.806594 2.378236 0.571642 3.560338 976.321171 1.823729 -2.039920 1000.000000 2.116949 -1.627723 100.000000 -3.667643 -400570.123943 1.528618 0.088952 17.790401 0.220940 2.440721 488.144265
 16.849999 1.765853 2.234012 0.468158 2.359967 3486.605403 1.823729 -2.039920 1000.000000 2.116949 -1.627723 100.000000 -3.667643 -400571.824130 1.537272 0.056194 11.238740 0.194783 1.897018 379.403555
 16.899999 1.803057 2.390101 0.587043 3.944240 1173.427220 1.823729 -2.039920 1000.000000 2.116949 -1.627723 100.000000 -3.667643 -400574.751982 1.516043 0.149895 29.979026 0.261939 3.430614 686.122841
 16.949999 1.753359 2.238042 0.484684 3.209157 5098.593263 1.823729 -2.039920 1000.000000 2.116949 -1.627723 100.000000 -3.667643 -400574.066274 1.503184 0.228573 45.714521 0.193020 1.862832 372.566499
 16.999999 1.815604 2.404520 0.588916 4.167865 892.978783 1.823729 -2.039920 1000.000000 2.116949 -1.627723 100.000000 -3.667643 -400572.194270 1.570366 0.000009 0.001853 0.249989 3.124735 624.947082
 17.049999 1.790365 2.201612 0.411248 0.914974 1184.841536 1.823729 -2.039920 1000.000000 2.116949 -1.627723 100.000000 -3.667643 -400572.416028 1.492623 0.305550 61.110041 0.223462 2.496765 499.353068
 17.099999 1.810555 2.389601 0.579046 3.803734 916.932492 1.823729 -2.039920 1000.000000 2.116949 -1.627723 100.000000 -3.667643 -400576.220111 1.513111 0.166381 33.276294 0.223608 2.500021 500.004172
 17.149999 1.776273 2.247773 0.471500 1.981772 2423.204646 1.823729 -2.039920 1000.000000 2.116949 -1.627723 100.000000 -3.667643 -400574.606443 1.522203 0.118066 23.613287 0.225419 2.540676 508.135241
 17.199999 1.761857 2.385855 0.623998 5.529567 4551.204168 1.823729 -2.039920 1000.000000 2.116949 -1.627723 100.000000 -3.667643 -400576.457461 1.521940 0.119348 23.869637 0.208612 2.175953 435.190622
 17.249999 1.790267 2.256054 0.465787 1.527355 1313.183568 1.823729 -2.039920 1000.000000 2.116949 -1.627723 100.000000 -3.667643 -400572.663191 1.542936 0.038811 7.762157 0.185334 1.717428 343.485544
 17.299999 1.759422 2.402731 0.643309 6.151248 4952.068702 1.823729 -2.039920 1000.000000 2.116949 -1.627723 100.000000 -3.667643 -400576.982433 1.498379 0.262211 52.442192 0.214583 2.302289 460.457831
 17.349999 1.736747 2.274445 0.537698 5.023163 7813.870447 1.823729 -2.039920 1000.000000 2.116949 -1.627723 100.000000 -3.667643 -400576.735648 1.562514 0.003430 0.685924 0.239930 2.878312 575.662358
 17.399999 1.788218 2.373149 0.584931 3.912435 1917.423610 1.823729 -2.039920 1000.000000 2.116949 -1.627723 100.000000 -3.667643 -400577.431048 1.542587 0.039789 7.957736 0.253411 3.210864 642.172745
 17.449999 1.797333 2.291459 0.494126 1.871058 1001.294411 1.823729 -2.039920 1000.000000 2.116949 -1.627723 100.000000 -3.667643 -400572.718706 1.519944 0.129298 25.859539 0.134045 0.898404 179.680717
 17.499999 1.806351 2.637246 0.830895 13.686419 3009.080936 1.823729 -2.039920 1000.000000 2.116949 -1.627723 100.000000 -3.667643 -400578.378628 1.602910 0.051565 10.312957 0.046532 0.108262 21.652456
 17.549999 1.787374 2.321795 0.534421 2.758919 1741.263190 1.823729 -2.039920 1000.000000 2.116949 -1.627723 100.000000 -3.667643 -400574.141060 1.551210 0.019182 3.836434 0.121819 0.741995 148.399100
 17.599999 1.770114 2.542515 0.772401 10.492581 4685.592825 1.823729 -2.039920 1000.000000 2.116949 -1.627723 100.000000 -3.667643 -400582.967927 1.510969 0.178967 35.793352 0.088210 0.389051 77.810274
 17.649999 1.797411 2.363523 0.566112 3.386245 1300.604582 1.823729 -2.039920 1000.000000 2.116949 -1.627723 100.000000 -3.667643 -400572.875391 1.623220 0.137411 27.482109 0.034206 0.058502 11.700319
 17.699999 1.739291 2.556112 0.816822 13.208098 9058.395944 1.823729 -2.039920 1000.000000 2.116949 -1.627723 100.000000 -3.667643 -400581.734148 1.517409 0.142508 28.501613 0.156546 1.225336 245.067281
 17.749999 1.757036 2.371532 0.614496 5.464590 5096.045213 1.823729 -2.039920 1000.000000 2.116949 -1.627723 100.000000 -3.667643 -400575.557387 1.585790 0.011240 2.248099 0.068788 0.236592 47.318345
 17.799999 1.776360 2.554371 0.778012 10.688825 4157.228695 1.823729 -2.039920 1000.000000 2.116949 -1.627723 100.000000 -3.667643 -400580.415582 1.671411 0.506170 101.233957 0.077506 0.300356 60.071133
 17.849999 1.690770 2.402210 0.711440 12.907657 18491.665695 1.823729 -2.039920 1000.000000 2.116949 -1.627723 100.000000 -3.667643 -400579.461295 1.544602 0.034306 6.861192 0.146775 1.077142 215.428442
 17.899999 1.753847 2.345843 0.591996 5.061344 5407.355646 1.823729 -2.039920 1000.000000 2.116949 -1.627723 100.000000 -3.667643 -400574.648730 1.542605 0.039738 7.947626 0.166470 1.385611 277.122211
 17.949999 1.745169 2.311090 0.565922 4.970396 6548.627864 1.823729 -2.039920 1000.000000 2.116949 -1.627723 100.000000 -3.667643 -400575.812627 1.603008 0.051879 10.375719 0.289273 4.183950 836.790069
 17.999999 1.759814 2.331799 0.571985 4.350582 4546.742717 1.823729 -2.039920 1000.000000 2.116949 -1.627723 100.000000 -3.667643 -400574.872116 1.507387 0.201035 40.207057 0.227251 2.582152 516.430481
 18.049999 1.727196 2.320407 0.593211 6.729040 9732.529243 1.823729 -2.039920 1000.000000 2.116949 -1.627723 100.000000 -3.667643 -400577.369763 1.547317 0.027563 5.512662 0.117244 0.687313 137.462586
 18.099999 1.753830 2.325620 0.571790 4.620100 5321.287939 1.823729 -2.039920 1000.000000 2.116949 -1.627723 100.000000 -3.667643 -400577.333500 1.607924 0.068925 13.784963 0.256261 3.283486 656.697234
 18.149999 1.736009 2.312847 0.576838 5.766203 8078.558663 1.823729 -2.039920 1000.000000 2.116949 -1.627723 100.000000 -3.667643 -400580.313000 1.487374 0.347967 69.593444 0.266140 3.541531 708.306165
 18.199999 1.782752 2.279678 0.496926 2.163576 1943.895684 1.823729 -2.039920 1000.000000 2.116949 -1.627723 100.000000 -3.667643 -400574.978799 1.592607 0.023785 4.756958 0.152101 1.156737 231.347458
 18.249999 1.763637 2.358236 0.594599 4.716469 4193.188632 1.823729 -2.039920 1000.000000 2.116949 -1.627723 100.000000 -3.667643 -400575.045398 1.604601 0.057138 11.427621 0.201037 2.020803 404.160630
 18.299999 1.770871 2.285684 0.514814 2.820576 3078.708167 1.823729 -2.039920 1000.000000 2.116949 -1.627723 100.000000 -3.667643 -400575.148373 1.447145 0.764488 152.897602 0.309016 4.774538 954.907612
 18.349999 1.779073 2.335060 0.555987 3.375686 2469.857584 1.823729 -2.039920 1000.000000 2.116949 -1.627723 100.000000 -3.667643 -400575.970108 1.624677 0.145157 29.031349 0.222986 2.486130 497.226009
 18.399999 1.779017 2.363702 0.584685 4.043930 2608.053847 1.823729 -2.039920 1000.000000 2.116949 -1.627723 100.000000 -3.667643 -400574.944340 1.496162 0.278511 55.702236 0.137801 0.949450 189.889924
 18.449999 1.780670 2.213708 0.433038 1.395135 1947.668013 1.823729 -2.039920 1000.000000 2.116949 -1.627723 100.000000 -3.667643 -400571.494450 1.562033 0.003839 0.767877 0.285341 4.070977 814.195464
 18.499999 1.734985 2.323216 0.588231 6.065050 8300.952475 1.823729 -2.039920 1000.000000 2.116949 -1.627723 100.000000 -3.667643 -400580.833453 1.576593 0.001680 0.335975 0.244314 2.984478 596.895511
 18.549999 1.791365 2.311981 0.520616 2.425569 1427.779237 1.823729 -2.039920 1000.000000 2.116949 -1.627723 100.000000 -3.667643 -400574.865291 1.450744 0.720628 144.125585 0.173097 1.498128 299.625687
 18.599999 1.748129 2.327422 0.579293 5.072605 6158.324896 1.823729 -2.039920 1000.000000 2.116949 -1.627723 100.000000 -3.667643 -400577.289609 1.614085 0.093694 18.738775 0.260106 3.382749 676.549724
 18.649999 1.763513 2.290559 0.527046 3.319974 3927.323689 1.823729 -2.039920 1000.000000 2.116949 -1.627723 100.000000 -3.667643 -400574.527771 1.515802 0.151216 30.243213 0.230657 2.660132 532.026303
 18.699998 1.787737 2.262229 0.474492 1.703019 1506.465224 1.823729 -2.039920 1000.000000 2.116949 -1.627723 100.000000 -3.667643 -400573.093523 1.557252 0.009172 1.834469 0.156806 1.229413 245.882535
 18.749998 1.769571 2.381468 0.611897 4.965049 3632.791268 1.823729 -2.039920 1000.000000 2.116949 -1.627723 100.000000 -3.667643 -400576.509898 1.572831 0.000207 0.041396 0.231108 2.670555 534.110925
 18.799998 1.739255 2.229505 0.490249 4.201323 7262.460133 1.823729 -2.039920 1000.000000 2.116949 -1.627723 100.000000 -3.667643 -400575.316195 1.472436 0.483735 96.747055 0.272695 3.718136 743.627126
 18.849998 1.772881 2.399016 0.626134 5.270808 3381.079537 1.823729 -2.039920 1000.000000 2.116949 -1.627723 100.000000 -3.667643 -400575.203358 1.598592 0.038629 7.725783 0.198525 1.970609 394.121790
 18.899998 1.765720 2.283210 0.517490 3.064627 3641.421302 1.823729 -2.039920 1000.000000 2.116949 -1.627723 100.000000 -3.667643 -400572.138923 1.601004 0.045625 9.125088 0.139382 0.971371 194.274116
 18.949998 1.721723 2.410487 0.688764 9.510801 11266.777445 1.823729 -2.039920 1000.000000 2.116949 -1.627723 100.000000 -3.667643 -400575.755510 1.567004 0.000719 0.143789 0.213669 2.282719 456.543724
 18.999998 1.766100 2.281462 0.515362 3.013752 3591.694574 1.823729 -2.039920 1000.000000 2.116949 -1.627723 100.000000 -3.667643 -400575.321893 1.576197 0.001458 0.291625 0.202988 2.060208 412.041512
 19.049998 1.759241 2.378919 0.619678 5.510742 4844.948197 1.823729 -2.039920 1000.000000 2.116949 -1.627723 100.000000 -3.667643 -400578.101235 1.511859 0.173681 34.736166 0.235888 2.782162 556.432489
 19.099998 1.746381 2.227407 0.481026 3.601380 6104.675515 1.823729 -2.039920 1000.000000 2.116949 -1.627723 100.000000 -3.667643 -400577.243906 1.533566 0.069305 13.861022 0.198701 1.974111 394.822277
 19.149998 1.747465 2.401386 0.653921 6.953296 6625.206979 1.823729 -2.039920 1000.000000 2.116949 -1.627723 100.000000 -3.667643 -400575.815191 1.623382 0.138265 27.653012 0.181142 1.640614 328.122741
 19.199998 1.741962 2.272816 0.530854 4.557620 6928.741080 1.823729 -2.039920 1000.000000 2.116949 -1.627723 100.000000 -3.667643 -400577.164411 1.512544 0.169668 33.933557 0.210379 2.212957 442.591415
 19.249998 1.750755 2.352285 0.601530 5.431749 5879.018140 1.823729 -2.039920 1000.000000 2.116949 -1.627723 100.000000 -3.667643 -400579.059007 1.537036 0.056989 11.397822 0.222880 2.483766 496.753252
 19.299998 1.789782 2.248587 0.458805 1.442634 1325.699625 1.823729 -2.039920 1000.000000 2.116949 -1.627723 100.000000 -3.667643 -400571.849740 1.635116 0.206850 41.370075 0.172862 1.494067 298.813381
 19.349998 1.750945 2.362749 0.611804 5.669620 5901.654845 1.823729 -2.039920 1000.000000 2.116949 -1.627723 100.000000 -3.667643 -400574.780579 1.465740 0.551838 110.367573 0.218515 2.387435 477.487021
 19.399998 1.784664 2.296329 0.511665 2.371896 1847.844963 1.823729 -2.039920 1000.000000 2.116949 -1.627723 100.000000 -3.667643 -400570.202401 1.582126 0.006418 1.283612 0.255924 3.274863 654.972611
 19.449998 1.759783 2.309857 0.550074 3.905214 4461.227494 1.823729 -2.039920 1000.000000 2.116949 -1.627723 100.000000 -3.667643 -400574.389767 1.507912 0.197722 39.544374 0.196729 1.935110 387.022060
 19.499998 1.770750 2.371569 0.600819 4.644939 3455.058291 1.823729 -2.039920 1000.000000 2.116949 -1.627723 100.000000 -3.667643 -400576.272277 1.528418 0.089797 17.959316 0.155353 1.206726 241.345279
 19.549998 1.782695 2.495583 0.712888 8.010071 3117.444661 1.823729 -2.039920 1000.000000 2.116949 -1.627723 100.000000 -3.667643 -400579.932730 1.668764 0.479888 95.977511 0.079284 0.314294 62.858795
 19.599998 1.744717 2.398107 0.653389 7.073887 7033.323052 1.823729 -2.039920 1000.000000 2.116949 -1.627723 100.000000 -3.667643 -400572.461412 1.554990 0.012492 2.498357 0.116091 0.673851 134.770264
 19.649998 1.784411 2.542391 0.757980 9.822997 3355.911055 1.823729 -2.039920 1000.000000 2.116949 -1.627723 100.000000 -3.667643 -400580.616596 1.538963 0.050670 10.133921 0.150238 1.128570 225.714059
 19.699998 1.759877 2.402504 0.642627 6.115611 4892.471915 1.823729 -2.039920 1000.000000 2.116949 -1.627723 100.000000 -3.667643 -400577.621675 1.590378 0.019172 3.834332 0.071061 0.252483 50.496571
 19.749998 1.782179 2.495287 0.713108 8.020160 3157.779830 1.823729 -2.039920 1000.000000 2.116949 -1.627723 100.000000 -3.667643 -400578.392298 1.549788 0.022067 4.413336 0.051595 0.133100 26.619930
 19.799998 1.745443 2.356284 0.610841 5.928356 6701.403681 1.823729 -2.039920 1000.000000 2.116949 -1.627723 100.000000 -3.667643 -400576.486357 1.650614 0.318540 63.708041 0.127488 0.812655 162.531082
 19.849998 1.775476 2.582602 0.807126 12.005783 4496.624870 1.823729 -2.039920 1000.000000 2.116949 -1.627723 100.000000 -3.667643 -400578.607892 1.646019 0.282925 56.584902 0.068611 0.235370 47.074025
 19.899998 1.780767 2.269349 0.488582 2.084135 2077.943582 1.823729 -2.039920 1000.000000 2.116949 -1.627723 100.000000 -3.667643 -400573.193752 1.557942 0.008262 1.652382 0.067819 0.229970 45.993934
 19.949998 1.781768 2.533427 0.751659 9.553057 3495.259695 1.823729 -2.039920 1000.000000 2.116949 -1.627723 100.000000 -3.667643 -400580.773443 1.600517 0.044165 8.833089 0.096693 0.467479 93.495717
 19.999998 1.794619 2.383276 0.588657 3.970199 1556.704832 1.823729 -2.039920 1000.000000 2.116949 -1.627723 100.000000 -3.667643 -400574.308039 1.631370 0.183459 36.691830 0.097717 0.477433 95.486609
 20.049998 1.791629 2.547632 0.756003 9.789567 2885.271323 1.823729 -2.039920 1000.000000 2.116949 -1.627723 100.000000 -3.667643 -400579.523500 1.457067 0.646721 129.344132 0.129569 0.839411 167.882188
 20.099998 1.791883 2.354823 0.562939 3.336260 1579.971769 1.823729 -2.039920 1000.000000 2.116949 -1.627723 100.000000 -3.667643 -400572.700457 1.574118 0.000552 0.110304 0.099869 0.498692 99.738436
 20.149998 1.778007 2.449600 0.671592 6.578048 3197.024431 1.823729 -2.039920 1000.000000 2.116949 -1.627723 100.000000 -3.667643 -400576.220125 1.613920 0.092982 18.596318 0.123268 0.759750 151.949901
 20.199998 1.794731 2.404605 0.609873 4.557715 1668.306447 1.823729 -2.039920 1000.000000 2.116949 -1.627723 100.000000 -3.667643 -400573.118571 1.520948 0.124242 24.848390 0.121286 0.735519 147.103896
 20.249998 1.800793 2.451220 0.650427 5.849873 1643.422076 1.823729 -2.039920 1000.000000 2.116949 -1.627723 100.000000 -3.667643 -400575.093689 1.569220 0.000124 0.024849 0.055922 0.156365 31.273097
 20.299998 1.781066 2.516153 0.735087 8.878246 3413.769971 1.823729 -2.039920 1000.000000 2.116949 -1.627723 100.000000 -3.667643 -400576.157481 1.532163 0.074628 14.925514 0.158193 1.251257 250.251365
 20.349998 1.833472 2.253281 0.419809 0.976786 280.795061 1.823729 -2.039920 1000.000000 2.116949 -1.627723 100.000000 -3.667643 -400569.550900 1.582129 0.006422 1.284384 0.114880 0.659872 131.974328
 20.399998 1.803684 2.600618 0.796935 11.897693 2741.166391 1.823729 -2.039920 1000.000000 2.116949 -1.627723 100.000000 -3.667643 -400582.259737 1.526464 0.098266 19.653215 0.076705 0.294184 58.836853
 20.449998 1.811018 2.282822 0.471805 1.456484 436.711449 1.823729 -2.039920 1000.000000 2.116949 -1.627723 100.000000 -3.667643 -400568.883956 1.580743 0.004947 0.989370 0.162759 1.324533 264.906537
 20.499998 1.787101 2.555817 0.768716 10.301066 3267.660937 1.823729 -2.039920 1000.000000 2.116949 -1.627723 100.000000 -3.667643 -400579.287655 1.594539 0.028187 5.637351 0.017109 0.014637 2.927329
 20.549998 1.765283 2.353651 0.588367 4.509323 3976.158913 1.823729 -2.039920 1000.000000 2.116949 -1.627723 100.000000 -3.667643 -400573.570976 1.496647 0.274909 54.981881 0.105588 0.557445 111.488978
 20.599998 1.772273 2.533213 0.760940 9.987632 4380.497494 1.823729 -2.039920 1000.000000 2.116949 -1.627723 100.000000 -3.667643 -400583.568902 1.616353 0.103769 20.753705 0.127672 0.815007 163.001348
 20.649998 1.753675 2.403738 0.650063 6.566137 5729.952606 1.823729 -2.039920 1000.000000 2.116949 -1.627723 100.000000 -3.667643 -400577.861216 1.663951 0.433886 86.777132 0.007873 0.003099 0.619835
 20.699998 1.765413 2.497212 0.731798 8.930321 4846.687638 1.823729 -2.039920 1000.000000 2.116949 -1.627723 100.000000 -3.667643 -400580.570737 1.556467 0.010267 2.053399 0.128758 0.828929 165.785762
 20.749998 1.745511 2.439667 0.694157 8.266387 7159.544429 1.823729 -2.039920 1000.000000 2.116949 -1.627723 100.000000 -3.667643 -400580.358055 1.560475 0.005327 1.065333 0.096485 0.465467 93.093347
 20.799998 1.760953 2.490021 0.729068 8.929531 5332.631208 1.823729 -2.039920 1000.000000 2.116949 -1.627723 100.000000 -3.667643 -400581.846350 1.687285 0.678479 135.695812 0.026625 0.035443 7.088656
 20.849998 1.744740 2.453020 0.708280 8.766779 7368.623359 1.823729 -2.039920 1000.000000 2.116949 -1.627723 100.000000 -3.667643 -400581.488365 1.532724 0.072474 14.494701 0.136503 0.931652 186.330348
 20.899998 1.771481 2.475786 0.704305 7.803136 4017.519533 1.823729 -2.039920 1000.000000 2.116949 -1.627723 100.000000 -3.667643 -400581.492165 1.530866 0.079723 15.944666 0.098537 0.485478 97.095561
 20.949998 1.800158 2.441297 0.641139 5.537874 1607.585711 1.823729 -2.039920 1000.000000 2.116949 -1.627723 100.000000 -3.667643 -400577.350902 1.619578 0.118984 23.796881 0.051588 0.133067 26.613302
 20.999998 1.769732 2.434010 0.664279 6.484232 3920.968891 1.823729 -2.039920 1000.000000 2.116949 -1.627723 100.000000 -3.667643 -400578.611273 1.551002 0.019590 3.918055 0.154052 1.186604 237.320712
 21.049998 1.793259 2.241831 0.448572 1.243990 1084.390785 1.823729 -2.039920 1000.000000 2.116949 -1.627723 100.000000 -3.667643 -400572.953010 1.517821 0.140322 28.064311 0.246956 3.049352 609.870491
 21.099998 1.743491 2.331899 0.588408 5.529216 6900.131152 1.823729 -2.039920 1000.000000 2.116949 -1.627723 100.000000 -3.667643 -400579.401994 1.595731 0.031088 6.217575 0.246550 3.039351 607.870131
 21.149998 1.786446 2.374801 0.588355 4.019385 2054.880324 1.823729 -2.039920 1000.000000 2.116949 -1.627723 100.000000 -3.667643 -400572.446513 1.523624 0.111262 22.252337 0.159894 1.278301 255.660118
 21.199998 1.742872 2.243747 0.500876 4.072827 6698.651004 1.823729 -2.039920 1000.000000 2.116949 -1.627723 100.000000 -3.667643 -400576.581180 1.583397 0.007939 1.587889 0.214556 2.301704 460.340857
 21.249998 1.770302 2.423779 0.653477 6.134461 3795.911906 1.823729 -2.039920 1000.000000 2.116949 -1.627723 100.000000 -3.667643 -400577.484179 1.558928 0.007043 1.408644 0.268133 3.594764 718.952793
 21.299998 1.734733 2.180464 0.445731 4.161833 7960.599624 1.823729 -2.039920 1000.000000 2.116949 -1.627723 100.000000 -3.667643 -400574.971411 1.481563 0.398127 79.625316 0.171883 1.477188 295.437535
 21.349998 1.762077 2.480903 0.718825 8.523574 5125.563929 1.823729 -2.039920 1000.000000 2.116949 -1.627723 100.000000 -3.667643 -400578.286846 1.624119 0.142164 28.432801 0.210499 2.215494 443.098731
 21.399998 1.758058 2.160829 0.402772 2.252623 4331.954946 1.823729 -2.039920 1000.000000 2.116949 -1.627723 100.000000 -3.667643 -400575.224515 1.490195 0.324829 64.965831 0.234241 2.743451 548.690270
 21.449998 1.765217 2.445617 0.680401 7.112979 4503.911207 1.823729 -2.039920 1000.000000 2.116949 -1.627723 100.000000 -3.667643 -400575.984401 1.563058 0.002994 0.598765 0.240683 2.896423 579.284564
 21.499998 1.791493 2.197824 0.406331 0.846622 1104.583061 1.823729 -2.039920 1000.000000 2.116949 -1.627723 100.000000 -3.667643 -400570.427209 1.576604 0.001686 0.337266 0.162533 1.320850 264.170066
 21.549998 1.759088 2.460588 0.701500 7.993580 5359.293558 1.823729 -2.039920 1000.000000 2.116949 -1.627723 100.000000 -3.667643 -400578.282338 1.478955 0.421739 84.347794 0.265700 3.529823 705.964604
 21.599998 1.742058 2.331548 0.589490 5.637717 7130.704085 1.823729 -2.039920 1000.000000 2.116949 -1.627723 100.000000 -3.667643 -400578.886251 1.648043 0.298354 59.670708 0.282389 3.987184 797.436889
 21.649998 1.743718 2.307743 0.564025 5.020972 6765.739224 1.823729 -2.039920 1000.000000 2.116949 -1.627723 100.000000 -3.667643 -400578.045222 1.491604 0.313568 62.713533 0.153389 1.176406 235.281221
 21.699998 1.747827 2.382115 0.634288 6.396210 6464.250505 1.823729 -2.039920 1000.000000 2.116949 -1.627723 100.000000 -3.667643 -400579.804857 1.521466 0.121675 24.334925 0.239274 2.862611 572.522193
 21.749998 1.738894 2.149821 0.410927 3.652506 7207.764048 1.823729 -2.039920 1000.000000 2.116949 -1.627723 100.000000 -3.667643 -400576.283865 1.562202 0.003693 0.738621 0.287770 4.140568 828.113614
 21.799998 1.756213 2.562770 0.806557 12.217011 6545.979706 1.823729 -2.039920 1000.000000 2.116949 -1.627723 100.000000 -3.667643 -400577.944205 1.515239 0.154331 30.866187 0.216444 2.342398 468.479596
 21.849998 1.754874 2.125847 0.370973 2.374482 4741.838435 1.823729 -2.039920 1000.000000 2.116949 -1.627723 100.000000 -3.667643 -400565.540608 1.655826 0.361499 72.299734 0.123880 0.767318 153.463643
 21.899998 1.712679 2.560932 0.848252 16.022036 14303.234205 1.823729 -2.039920 1000.000000 2.116949 -1.627723 100.000000 -3.667643 -400582.488130 1.503905 0.223724 44.744853 0.324108 5.252300 1050.459979
 21.949998 1.728940 2.219552 0.490612 5.018782 9090.101717 1.823729 -2.039920 1000.000000 2.116949 -1.627723 100.000000 -3.667643 -400573.685308 1.579522 0.003807 0.761313 0.222292 2.470691 494.138280
 21.999998 1.741891 2.477095 0.735203 9.833937 7994.447075 1.823729 -2.039920 1000.000000 2.116949 -1.627723 100.000000 -3.667643 -400580.439273 1.515486 0.152962 30.592470 0.190757 1.819413 363.882516
 22.049998 1.732950 2.270168 0.537218 5.294173 8475.510614 1.823729 -2.039920 1000.000000 2.116949 -1.627723 100.000000 -3.667643 -400578.539290 1.590424 0.019262 3.852444 0.259188 3.358920 671.784017
 22.099998 1.707272 2.318590 0.611318 8.813997 13968.665648 1.823729 -2.039920 1000.000000 2.116949 -1.627723 100.000000 -3.667643 -400580.688161 1.569492 0.000085 0.017012 0.292825 4.287318 857.463550
 22.149998 1.716273 2.478949 0.762676 12.325598 12857.259358 1.823729 -2.039920 1000.000000 2.116949 -1.627723 100.000000 -3.667643 -400580.763843 1.560406 0.005398 1.079641 0.177984 1.583907 316.781413
 22.199998 1.766169 2.298909 0.532741 3.312066 3644.274875 1.823729 -2.039920 1000.000000 2.116949 -1.627723 100.000000 -3.667643 -400571.822788 1.554097 0.013943 2.788611 0.097380 0.474141 94.828268
 22.249998 1.746876 2.610738 0.863862 15.144557 8344.613781 1.823729 -2.039920 1000.000000 2.116949 -1.627723 100.000000 -3.667643 -400583.002402 1.532042 0.075096 15.019183 0.042776 0.091490 18.298059
 22.299998 1.796532 2.295710 0.499177 1.967590 1059.203206 1.823729 -2.039920 1000.000000 2.116949 -1.627723 100.000000 -3.667643 -400570.128226 1.601542 0.047266 9.453196 0.110269 0.607960 121.592089
 22.349998 1.776691 2.637495 0.860804 14.654656 4922.205010 1.823729 -2.039920 1000.000000 2.116949 -1.627723 100.000000 -3.667643 -400584.373870 1.545450 0.032122 6.424340 0.116087 0.673809 134.761764
 22.399998 1.830235 2.221072 0.390838 0.563244 150.740375 1.823729 -2.039920 1000.000000 2.116949 -1.627723 100.000000 -3.667643 -400567.322831 1.586854 0.012892 2.578401 0.030539 0.046633 9.326522
 22.449998 1.805969 2.595189 0.789220 11.593374 2602.558177 1.823729 -2.039920 1000.000000 2.116949 -1.627723 100.000000 -3.667643 -400581.122534 1.606739 0.064593 12.918599 0.069961 0.244729 48.945846
 22.499998 1.753603 2.304352 0.550749 4.214790 5268.786933 1.823729 -2.039920 1000.000000 2.116949 -1.627723 100.000000 -3.667643 -400572.795702 1.562502 0.003440 0.687908 0.135218 0.914199 182.839704
 22.549998 1.787962 2.568258 0.780296 10.823626 3316.072371 1.823729 -2.039920 1000.000000 2.116949 -1.627723 100.000000 -3.667643 -400580.315233 1.520981 0.124078 24.815602 0.025209 0.031774 6.354785
 22.599998 1.777192 2.320888 0.543696 3.162379 2581.569236 1.823729 -2.039920 1000.000000 2.116949 -1.627723 100.000000 -3.667643 -400571.738208 1.573210 0.000291 0.058240 0.080731 0.325876 65.175227
 22.649998 1.811997 2.565220 0.753224 10.116170 2147.114271 1.823729 -2.039920 1000.000000 2.116949 -1.627723 100.000000 -3.667643 -400576.808677 1.579981 0.004218 0.843572 0.129382 0.836979 167.395757
 22.699998 1.799974 2.279379 0.479405 1.601315 828.123247 1.823729 -2.039920 1000.000000 2.116949 -1.627723 100.000000 -3.667643 -400571.832208 1.593537 0.025856 5.171299 0.051965 0.135018 27.003619
 22.749998 1.809547 2.524222 0.714675 8.394115 1859.832222 1.823729 -2.039920 1000.000000 2.116949 -1.627723 100.000000 -3.667643 -400580.141677 1.557577 0.008737 1.747384 0.071834 0.258003 51.600612
 22.799998 1.801960 2.337917 0.535957 2.678282 962.150419 1.823729 -2.039920 1000.000000 2.116949 -1.627723 100.000000 -3.667643 -400574.682160 1.611863 0.084325 16.865081 0.114338 0.653659 130.731826
 22.849998 1.790854 2.511499 0.720645 8.323840 2637.449674 1.823729 -2.039920 1000.000000 2.116949 -1.627723 100.000000 -3.667643 -400579.687924 1.572238 0.000104 0.020783 0.008061 0.003249 0.649766
 22.899998 1.797573 2.280946 0.483373 1.686800 953.053887 1.823729 -2.039920 1000.000000 2.116949 -1.627723 100.000000 -3.667643 -400572.918112 1.559732 0.006121 1.224266 0.108501 0.588620 117.723935
 22.949998 1.784080 2.572589 0.788508 11.166365 3648.072481 1.823729 -2.039920 1000.000000 2.116949 -1.627723 100.000000 -3.667643 -400579.400405 1.641432 0.249469 49.893882 0.118319 0.699971 139.994115
 22.999998 1.772142 2.372554 0.600412 4.597302 3314.562984 1.823729 -2.039920 1000.000000 2.116949 -1.627723 100.000000 -3.667643 -400574.122649 1.558648 0.007379 1.475864 0.048373 0.116999 23.399718
 23.049998 1.734618 2.566527 0.831909 14.076369 9961.911868 1.823729 -2.039920 1000.000000 2.116949 -1.627723 100.000000 -3.667643 -400584.964699 1.531527 0.077103 15.420511 0.147305 1.084938 216.987697
 23.099998 1.744747 2.434418 0.689671 8.158387 7246.008077 1.823729 -2.039920 1000.000000 2.116949 -1.627723 100.000000 -3.667643 -400579.326088 1.636394 0.215151 43.030161 0.061527 0.189277 37.855413
 23.149998 1.725281 2.463886 0.738605 10.864267 10895.649661 1.823729 -2.039920 1000.000000 2.116949 -1.627723 100.000000 -3.667643 -400581.674066 1.598191 0.037524 7.504800 0.050739 0.128720 25.744018
 23.199998 1.734532 2.469088 0.734556 10.178118 9196.106447 1.823729 -2.039920 1000.000000 2.116949 -1.627723 100.000000 -3.667643 -400579.415267 1.614232 0.094331 18.866283 0.137282 0.942317 188.463425
 23.249998 1.748036 2.461888 0.713851 8.813813 6919.197236 1.823729 -2.039920 1000.000000 2.116949 -1.627723 100.000000 -3.667643 -400580.174959 1.670017 0.492236 98.447297 0.073558 0.270542 54.108360
 23.299998 1.783683 2.423003 0.639320 5.485270 2540.321397 1.823729 -2.039920 1000.000000 2.116949 -1.627723 100.000000 -3.667643 -400579.018170 1.597077 0.034533 6.906596 0.082780 0.342627 68.525367
 23.349998 1.783577 2.407904 0.624326 5.038796 2458.683595 1.823729 -2.039920 1000.000000 2.116949 -1.627723 100.000000 -3.667643 -400577.191692 1.545091 0.033039 6.607781 0.101940 0.519587 103.917385
 23.399998 1.785963 2.448006 0.662043 6.193052 2522.219548 1.823729 -2.039920 1000.000000 2.116949 -1.627723 100.000000 -3.667643 -400579.512019 1.641914 0.252883 50.576674 0.039093 0.076414 15.282839
 23.449998 1.800304 2.410916 0.610612 4.595188 1412.871851 1.823729 -2.039920 1000.000000 2.116949 -1.627723 100.000000 -3.667643 -400577.127543 1.571427 0.000020 0.003981 0.113405 0.643033 128.606621
 23.499998 1.813136 2.423786 0.610650 4.763554 1053.693728 1.823729 -2.039920 1000.000000 2.116949 -1.627723 100.000000 -3.667643 -400573.279875 1.526193 0.099473 19.894676 0.093899 0.440848 88.169520
 23.549998 1.849748 2.391259 0.541511 4.100780 1429.450075 1.823729 -2.039920 1000.000000 2.116949 -1.627723 100.000000 -3.667643 -400571.067577 1.517383 0.142647 28.529405 0.053106 0.141015 28.202909
 23.599998 1.804599 2.486296 0.681697 7.003826 1730.134872 1.823729 -2.039920 1000.000000 2.116949 -1.627723 100.000000 -3.667643 -400574.678616 1.540271 0.046590 9.318083 0.145810 1.063033 212.606632
 23.649998 1.845958 2.333459 0.487501 2.590892 962.902187 1.823729 -2.039920 1000.000000 2.116949 -1.627723 100.000000 -3.667643 -400572.763017 1.516069 0.149751 29.950282 0.088114 0.388203 77.640588
 23.699998 1.815746 2.502180 0.686434 7.452002 1547.752095 1.823729 -2.039920 1000.000000 2.116949 -1.627723 100.000000 -3.667643 -400576.314755 1.565532 0.001386 0.277122 0.071722 0.257205 51.440941
 23.749998 1.839796 2.369221 0.529424 3.311120 894.564574 1.823729 -2.039920 1000.000000 2.116949 -1.627723 100.000000 -3.667643 -400570.341222 1.566477 0.000933 0.186538 0.155499 1.209003 241.800661
 23.799998 1.811763 2.489222 0.677459 7.000954 1529.053069 1.823729 -2.039920 1000.000000 2.116949 -1.627723 100.000000 -3.667643 -400573.326974 1.491711 0.312723 62.544528 0.006621 0.002192 0.438440
 23.849998 1.833309 2.361111 0.527803 3.026641 687.923586 1.823729 -2.039920 1000.000000 2.116949 -1.627723 100.000000 -3.667643 -400573.283506 1.557714 0.008558 1.711531 0.125346 0.785577 157.115355
 23.899998 1.768923 2.514767 0.745845 9.414826 4586.307967 1.823729 -2.039920 1000.000000 2.116949 -1.627723 100.000000 -3.667643 -400579.958657 1.557068 0.009424 1.884776 0.130740 0.854650 170.929933
 23.949998 1.787046 2.426950 0.639904 5.477826 2306.613668 1.823729 -2.039920 1000.000000 2.116949 -1.627723 100.000000 -3.667643 -400574.560431 1.577252 0.002084 0.416754 0.056703 0.160762 32.152310
 23.999998 1.823743 2.381942 0.558199 3.511071 702.214321 1.823729 -2.039920 1000.000000 2.116949 -1.627723 100.000000 -3.667643 -400573.106961 1.547867 0.026288 5.257555 0.123746 0.765658 153.131681
 24.049998 1.801814 2.476704 0.674890 6.711298 1774.488236 1.823729 -2.039920 1000.000000 2.116949 -1.627723 100.000000 -3.667643 -400577.006416 1.543210 0.038050 7.609921 0.120729 0.728780 145.755915
 24.099998 1.822123 2.415220 0.593096 4.449554 892.230220 1.823729 -2.039920 1000.000000 2.116949 -1.627723 100.000000 -3.667643 -400574.555531 1.569786 0.000051 0.010200 0.108456 0.588133 117.626630
 24.149998 1.794110 2.396261 0.602151 4.339395 1657.436530 1.823729 -2.039920 1000.000000 2.116949 -1.627723 100.000000 -3.667643 -400574.888266 1.577099 0.001986 0.397236 0.114244 0.652585 130.517067
 24.199998 1.779938 2.486114 0.706176 7.772955 3280.445788 1.823729 -2.039920 1000.000000 2.116949 -1.627723 100.000000 -3.667643 -400578.564913 1.549517 0.022640 4.528038 0.053626 0.143787 28.757499
 24.249998 1.735126 2.440215 0.705089 9.150229 8895.380850 1.823729 -2.039920 1000.000000 2.116949 -1.627723 100.000000 -3.667643 -400577.048901 1.633719 0.197964 39.592833 0.141096 0.995408 199.081582
 24.299998 1.741907 2.239646 0.497739 4.100170 6845.434690 1.823729 -2.039920 1000.000000 2.116949 -1.627723 100.000000 -3.667643 -400571.743117 1.545921 0.030940 6.187916 0.227566 2.589321 517.864141
 24.349998 1.707725 2.446236 0.738510 12.149871 14541.077015 1.823729 -2.039920 1000.000000 2.116949 -1.627723 100.000000 -3.667643 -400577.600188 1.590679 0.019767 3.953360 0.262281 3.439567 687.913488
 24.399998 1.700927 2.299665 0.598739 9.209440 15414.205954 1.823729 -2.039920 1000.000000 2.116949 -1.627723 100.000000 -3.667643 -400575.949257 1.553228 0.015432 3.086456 0.134355 0.902569 180.513899
 24.449998 1.739102 2.340949 0.601848 6.089696 7663.541564 1.823729 -2.039920 1000.000000 2.116949 -1.627723 100.000000 -3.667643 -400574.305986 1.603475 0.053396 10.679112 0.215643 2.325098 465.019644
 24.499998 1.698667 2.293067 0.594399 9.371041 15950.515391 1.823729 -2.039920 1000.000000 2.116949 -1.627723 100.000000 -3.667643 -400581.204134 1.629008 0.169433 33.886537 0.231604 2.682010 536.401928
 24.549998 1.751768 2.374556 0.622788 5.907240 5841.974967 1.823729 -2.039920 1000.000000 2.116949 -1.627723 100.000000 -3.667643 -400576.638503 1.453129 0.692277 138.455487 0.205225 2.105872 421.174341
 24.599998 1.735294 2.297943 0.562649 5.548261 8148.228512 1.823729 -2.039920 1000.000000 2.116949 -1.627723 100.000000 -3.667643 -400573.960922 1.617255 0.107918 21.583642 0.191705 1.837543 367.508538
 24.649998 1.727574 2.444229 0.716655 9.978461 10316.812461 1.823729 -2.039920 1000.000000 2.116949 -1.627723 100.000000 -3.667643 -400580.176820 1.545591 0.031765 6.353069 0.257783 3.322595 664.519024
 24.699998 1.728098 2.190831 0.462733 4.845586 9199.902181 1.823729 -2.039920 1000.000000 2.116949 -1.627723 100.000000 -3.667643 -400575.041588 1.569591 0.000073 0.014538 0.174466 1.521917 304.383362
 24.749998 1.754247 2.497035 0.742788 9.637107 6272.339273 1.823729 -2.039920 1000.000000 2.116949 -1.627723 100.000000 -3.667643 -400578.594849 1.640307 0.241588 48.317653 0.206405 2.130160 426.031908
 24.799998 1.739235 2.214387 0.475152 4.044291 7234.107909 1.823729 -2.039920 1000.000000 2.116949 -1.627723 100.000000 -3.667643 -400574.264768 1.456388 0.654462 130.892477 0.270664 3.662947 732.589387
 24.849998 1.765388 2.379807 0.614419 5.156514 4094.552134 1.823729 -2.039920 1000.000000 2.116949 -1.627723 100.000000 -3.667643 -400578.789466 1.576769 0.001784 0.356708 0.251045 3.151189 630.237826
 24.899998 1.769251 2.334766 0.565515 3.856117 3442.273662 1.823729 -2.039920 1000.000000 2.116949 -1.627723 100.000000 -3.667643 -400576.036247 1.548753 0.024295 4.859094 0.160070 1.281118 256.223550
 24.949998 1.728786 2.312947 0.584161 6.427816 9398.270724 1.823729 -2.039920 1000.000000 2.116949 -1.627723 100.000000 -3.667643 -400578.642090 1.503670 0.225296 45.059140 0.244400 2.986566 597.313137
 24.999998 1.713745 2.350476 0.636731 8.774973 12641.804029 1.823729 -2.039920 1000.000000 2.116949 -1.627723 100.000000 -3.667643 -400581.380371 1.598119 0.037326 7.465158 0.217501 2.365324 473.064866
 25.049998 1.790599 2.337077 0.546477 2.971593 1582.141494 1.823729 -2.039920 1000.000000 2.116949 -1.627723 100.000000 -3.667643 -400574.412027 1.499831 0.251802 50.360369 0.158231 1.251859 250.371768
 25.099998 1.738110 2.294493 0.556383 5.241397 7645.845657 1.823729 -2.039920 1000.000000 2.116949 -1.627723 100.000000 -3.667643 -400578.564867 1.538785 0.051237 10.247371 0.257942 3.326714 665.342891
 25.149998 1.752525 2.353000 0.600475 5.321018 5627.228132 1.823729 -2.039920 1000.000000 2.116949 -1.627723 100.000000 -3.667643 -400577.018385 1.601183 0.046166 9.233214 0.251628 3.165838 633.167622
 25.199998 1.725732 2.309833 0.584101 6.661884 9975.379270 1.823729 -2.039920 1000.000000 2.116949 -1.627723 100.000000 -3.667643 -400578.800810 1.494398 0.291834 58.366743 0.167773 1.407396 281.479219
 25.249998 1.743878 2.399539 0.655661 7.180923 7174.711508 1.823729 -2.039920 1000.000000 2.116949 -1.627723 100.000000 -3.667643 -400579.433020 1.598140 0.037383 7.476553 0.240875 2.901031 580.206100
 25.299998 1.741605 2.269035 0.527430 4.528666 6975.611397 1.823729 -2.039920 1000.000000 2.116949 -1.627723 100.000000 -3.667643 -400578.613913 1.477157 0.438419 87.683759 0.283217 4.010588 802.117531
 25.349998 1.747357 2.369375 0.622018 6.102278 6469.862530 1.823729 -2.039920 1000.000000 2.116949 -1.627723 100.000000 -3.667643 -400577.643809 1.587925 0.014669 2.933821 0.160116 1.281857 256.371452
 25.399998 1.756046 2.332245 0.576199 4.608082 5044.457788 1.823729 -2.039920 1000.000000 2.116949 -1.627723 100.000000 -3.667643 -400573.359824 1.590087 0.018606 3.721237 0.196418 1.929001 385.800278
 25.449998 1.737098 2.291373 0.554275 5.273667 7809.207674 1.823729 -2.039920 1000.000000 2.116949 -1.627723 100.000000 -3.667643 -400579.029178 1.482241 0.392099 78.419701 0.284446 4.045481 809.096244
 25.499998 1.775092 2.374327 0.599235 4.494933 3027.984975 1.823729 -2.039920 1000.000000 2.116949 -1.627723 100.000000 -3.667643 -400573.022762 1.622749 0.134953 26.990684 0.173046 1.497244 299.448734
 25.549998 1.709513 2.330074 0.620561 8.793714 13499.442381 1.823729 -2.039920 1000.000000 2.116949 -1.627723 100.000000 -3.667643 -400581.328672 1.540181 0.046864 9.372891 0.206409 2.130241 426.048100
 25.599998 1.710228 2.300736 0.590509 8.130121 13220.241561 1.823729 -2.039920 1000.000000 2.116949 -1.627723 100.000000 -3.667643 -400575.718306 1.568517 0.000260 0.051947 0.244117 2.979649 595.929710
 25.649998 1.715548 2.450608 0.735060 11.417986 12816.458177 1.823729 -2.039920 1000.000000 2.116949 -1.627723 100.000000 -3.667643 -400580.649154 1.616495 0.104418 20.883540 0.207133 2.145199 429.039725
 25.699998 1.730513 2.237573 0.507060 5.072131 8834.752481 1.823729 -2.039920 1000.000000 2.116949 -1.627723 100.000000 -3.667643 -400572.835157 1.467797 0.530444 106.088780 0.192919 1.860886 372.177202
 25.749998 1.734110 2.438277 0.704167 9.178341 9064.040216 1.823729 -2.039920 1000.000000 2.116949 -1.627723 100.000000 -3.667643 -400576.837259 1.650311 0.316125 63.225082 0.235281 2.767847 553.569492
 25.799998 1.731725 2.215770 0.484045 4.720630 8562.354484 1.823729 -2.039920 1000.000000 2.116949 -1.627723 100.000000 -3.667643 -400570.597541 1.558237 0.007887 1.577476 0.198780 1.975679 395.135877
 25.849998 1.743029 2.380503 0.637475 6.729298 7207.130875 1.823729 -2.039920 1000.000000 2.116949 -1.627723 100.000000 -3.667643 -400575.218744 1.564746 0.001831 0.366121 0.189252 1.790823 358.164512
 25.899998 1.748250 2.339464 0.591213 5.324135 6192.132537 1.823729 -2.039920 1000.000000 2.116949 -1.627723 100.000000 -3.667643 -400576.346416 1.595964 0.031670 6.334072 0.230285 2.651550 530.310072
 25.949998 1.739907 2.281230 0.541323 4.862473 7296.019169 1.823729 -2.039920 1000.000000 2.116949 -1.627723 100.000000 -3.667643 -400573.763834 1.503399 0.227120 45.424007 0.212972 2.267844 453.568765
 25.999998 1.758074 2.344068 0.585993 4.734402 4826.351938 1.823729 -2.039920 1000.000000 2.116949 -1.627723 100.000000 -3.667643 -400576.497281 1.577019 0.001936 0.387197 0.190778 1.819815 363.963058
 26.049998 1.781723 2.322450 0.540728 2.993794 2186.821477 1.823729 -2.039920 1000.000000 2.116949 -1.627723 100.000000 -3.667643 -400575.040111 1.584568 0.009483 1.896700 0.207629 2.155492 431.098381
 26.099998 1.778840 2.237095 0.458255 1.729275 2159.399076 1.823729 -2.039920 1000.000000 2.116949 -1.627723 100.000000 -3.667643 -400574.375792 1.487560 0.346418 69.283652 0.242081 2.930173 586.034516
 26.149998 1.773502 2.412962 0.639460 5.642544 3398.944174 1.823729 -2.039920 1000.000000 2.116949 -1.627723 100.000000 -3.667643 -400577.738756 1.607461 0.067215 13.442987 0.205041 2.102097 420.419480
 26.199998 1.772914 2.279755 0.506841 2.616370 2847.227149 1.823729 -2.039920 1000.000000 2.116949 -1.627723 100.000000 -3.667643 -400577.099214 1.490610 0.321494 64.298799 0.270846 3.667866 733.573117
 26.249998 1.787447 2.334636 0.547189 3.027578 1790.277926 1.823729 -2.039920 1000.000000 2.116949 -1.627723 100.000000 -3.667643 -400574.148675 1.623391 0.138309 27.661742 0.231374 2.676703 535.340661
 26.299998 1.777726 2.325106 0.547381 3.224607 2549.564555 1.823729 -2.039920 1000.000000 2.116949 -1.627723 100.000000 -3.667643 -400573.237925 1.535116 0.063655 12.731021 0.172193 1.482525 296.504975
 26.349998 1.775495 2.288904 0.513409 2.641688 2622.225578 1.823729 -2.039920 1000.000000 2.116949 -1.627723 100.000000 -3.667643 -400576.144722 1.497358 0.269662 53.932307 0.256106 3.279510 655.902047
 26.399998 1.759050 2.351973 0.592924 4.853512 4735.757835 1.823729 -2.039920 1000.000000 2.116949 -1.627723 100.000000 -3.667643 -400576.968593 1.597996 0.036991 7.398114 0.238270 2.838627 567.725400
 26.449998 1.782453 2.295081 0.512628 2.438394 2020.993576 1.823729 -2.039920 1000.000000 2.116949 -1.627723 100.000000 -3.667643 -400574.649561 1.476539 0.444224 88.844717 0.235311 2.768554 553.710758
 26.499998 1.759973 2.307266 0.547293 3.843412 4426.975449 1.823729 -2.039920 1000.000000 2.116949 -1.627723 100.000000 -3.667643 -400576.247977 1.587624 0.014159 2.831730 0.195219 1.905526 381.105297
 26.549998 1.761585 2.399629 0.638044 5.926305 4660.878535 1.823729 -2.039920 1000.000000 2.116949 -1.627723 100.000000 -3.667643 -400575.430606 1.531676 0.076520 15.303956 0.234448 2.748303 549.660545
 26.599998 1.723630 2.243301 0.519671 5.808110 10179.382189 1.823729 -2.039920 1000.000000 2.116949 -1.627723 100.000000 -3.667643 -400576.639702 1.552778 0.016233 3.246510 0.240016 2.880393 576.078591
 26.649998 1.731302 2.444821 0.713519 9.646376 9617.760571 1.823729 -2.039920 1000.000000 2.116949 -1.627723 100.000000 -3.667643 -400580.037226 1.553940 0.014207 2.841340 0.185951 1.728883 345.776538
 26.699998 1.736739 2.246979 0.510240 4.629029 7736.357031 1.823729 -2.039920 1000.000000 2.116949 -1.627723 100.000000 -3.667643 -400572.079516 1.571183 0.000007 0.001494 0.192049 1.844136 368.827248
 26.749998 1.707338 2.400807 0.693469 10.802162 14352.529153 1.823729 -2.039920 1000.000000 2.116949 -1.627723 100.000000 -3.667643 -400584.661099 1.604498 0.056789 11.357757 0.224045 2.509803 501.960551
 26.799998 1.755526 2.302677 0.547151 4.050559 4996.573860 1.823729 -2.039920 1000.000000 2.116949 -1.627723 100.000000 -3.667643 -400576.855551 1.513666 0.163194 32.638769 0.213757 2.284598 456.919584
 26.849998 1.756698 2.333783 0.577085 4.597403 4963.275040 1.823729 -2.039920 1000.000000 2.116949 -1.627723 100.000000 -3.667643 -400576.907601 1.536705 0.058112 11.622403 0.206001 2.121823 424.364654
 26.899998 1.759450 2.360541 0.601091 5.032758 4725.187737 1.823729 -2.039920 1000.000000 2.116949 -1.627723 100.000000 -3.667643 -400576.347143 1.568393 0.000289 0.057782 0.199710 1.994214 398.842770
 26.949998 1.738903 2.208993 0.470090 4.021324 7280.159307 1.823729 -2.039920 1000.000000 2.116949 -1.627723 100.000000 -3.667643 -400571.937820 1.552832 0.016136 3.227122 0.208601 2.175718 435.143644
 26.999998 1.729734 2.426221 0.696486 9.199935 9791.475433 1.823729 -2.039920 1000.000000 2.116949 -1.627723 100.000000 -3.667643 -400577.862263 1.578044 0.002626 0.525236 0.201148 2.023035 404.606924
 27.049998 1.761552 2.263648 0.502096 3.008983 4081.119756 1.823729 -2.039920 1000.000000 2.116949 -1.627723 100.000000 -3.667643 -400575.551451 1.522172 0.118215 23.642908 0.245500 3.013507 602.701452
 27.099998 1.737425 2.336328 0.598903 6.130558 7929.681813 1.823729 -2.039920 1000.000000 2.116949 -1.627723 100.000000 -3.667643 -400577.840100 1.510063 0.184425 36.885081 0.206678 2.135789 427.157747
 27.149998 1.758659 2.366174 0.607514 5.222657 4855.154909 1.823729 -2.039920 1000.000000 2.116949 -1.627723 100.000000 -3.667643 -400576.436579 1.618772 0.115085 23.016966 0.185026 1.711737 342.347312
 27.199998 1.725131 2.305455 0.580324 6.637502 10076.914113 1.823729 -2.039920 1000.000000 2.116949 -1.627723 100.000000 -3.667643 -400578.832011 1.475623 0.452897 90.579333 0.259067 3.355796 671.159137
 27.249998 1.773236 2.356464 0.583228 4.143141 3123.233896 1.823729 -2.039920 1000.000000 2.116949 -1.627723 100.000000 -3.667643 -400577.016325 1.596947 0.034194 6.838813 0.222121 2.466894 493.378795
 27.299998 1.754741 2.328444 0.573703 4.616148 5206.600329 1.823729 -2.039920 1000.000000 2.116949 -1.627723 100.000000 -3.667643 -400576.452944 1.535691 0.061618 12.323512 0.219052 2.399191 479.838286
 27.349998 1.794787 2.270517 0.475729 1.597950 1073.431276 1.823729 -2.039920 1000.000000 2.116949 -1.627723 100.000000 -3.667643 -400575.614682 1.477088 0.439059 87.811730 0.218117 2.378761 475.752225
 27.399998 1.793712 2.362567 0.568855 3.466910 1504.275982 1.823729 -2.039920 1000.000000 2.116949 -1.627723 100.000000 -3.667643 -400578.351148 1.581643 0.005882 1.176482 0.237125 2.811406 562.281220
 27.449998 1.775056 2.245888 0.470832 2.015785 2535.295434 1.823729 -2.039920 1000.000000 2.116949 -1.627723 100.000000 -3.667643 -400575.358625 1.469442 0.513636 102.727296 0.188985 1.785773 357.154679
 27.499998 1.775375 2.419164 0.643790 5.735763 3251.473661 1.823729 -2.039920 1000.000000 2.116949 -1.627723 100.000000 -3.667643 -400578.079967 1.580944 0.005149 1.029810 0.227255 2.582250 516.450004
 27.549998 1.767458 2.237817 0.470360 2.313671 3312.519056 1.823729 -2.039920 1000.000000 2.116949 -1.627723 100.000000 -3.667643 -400574.682055 1.578422 0.002908 0.581506 0.243833 2.972724 594.544715
 27.599998 1.768296 2.356706 0.588410 4.410584 3647.669065 1.823729 -2.039920 1000.000000 2.116949 -1.627723 100.000000 -3.667643 -400574.540855 1.461847 0.593502 118.700303 0.219428 2.407423 481.484654
 27.649998 1.761354 2.313090 0.551736 3.868856 4275.284024 1.823729 -2.039920 1000.000000 2.116949 -1.627723 100.000000 -3.667643 -400576.682279 1.595742 0.031114 6.222706 0.212775 2.263664 452.732766
 27.699998 1.772478 2.331647 0.559169 3.618062 3087.559822 1.823729 -2.039920 1000.000000 2.116949 -1.627723 100.000000 -3.667643 -400575.667759 1.492264 0.308364 61.672898 0.214993 2.311105 462.221074
 27.749998 1.792767 2.283239 0.490471 1.861913 1235.125808 1.823729 -2.039920 1000.000000 2.116949 -1.627723 100.000000 -3.667643 -400573.583531 1.544016 0.035859 7.171749 0.230606 2.658962 531.792322
 27.799998 1.814784 2.370206 0.555422 3.246963 721.395878 1.823729 -2.039920 1000.000000 2.116949 -1.627723 100.000000 -3.667643 -400573.984719 1.557191 0.009255 1.851038 0.256906 3.300040 660.008052
 27.849998 1.779406 2.286567 0.507161 2.420780 2252.230616 1.823729 -2.039920 1000.000000 2.116949 -1.627723 100.000000 -3.667643 -400572.445568 1.452955 0.694331 138.866290 0.186751 1.743802 348.760321
 27.899998 1.792416 2.422428 0.630012 5.156108 1913.672424 1.823729 -2.039920 1000.000000 2.116949 -1.627723 100.000000 -3.667643 -400571.812087 1.614802 0.096827 19.365327 0.163341 1.334010 266.801973
 27.949998 1.760724 2.274265 0.513541 3.222191 4217.040374 1.823729 -2.039920 1000.000000 2.116949 -1.627723 100.000000 -3.667643 -400573.600126 1.533972 0.067803 13.560536 0.158859 1.261809 252.361860
 27.999998 1.730720 2.346770 0.616050 6.966165 9178.748362 1.823729 -2.039920 1000.000000 2.116949 -1.627723 100.000000 -3.667643 -400579.013461 1.515978 0.150252 30.050455 0.303323 4.600247 920.049306
 28.049998 1.725622 2.381704 0.656081 8.317177 10325.807714 1.823729 -2.039920 1000.000000 2.116949 -1.627723 100.000000 -3.667643 -400578.991348 1.627257 0.159393 31.878622 0.189863 1.802405 360.480961
 28.099998 1.762863 2.323500 0.560637 3.985505 4131.317956 1.823729 -2.039920 1000.000000 2.116949 -1.627723 100.000000 -3.667643 -400573.219767 1.470911 0.498849 99.769871 0.201391 2.027919 405.583775
 28.149998 1.757343 2.310694 0.553351 4.080421 4782.512023 1.823729 -2.039920 1000.000000 2.116949 -1.627723 100.000000 -3.667643 -400578.231157 1.608915 0.072652 14.530372 0.284870 4.057548 811.509561
 28.199998 1.757266 2.342076 0.584810 4.742737 4924.069491 1.823729 -2.039920 1000.000000 2.116949 -1.627723 100.000000 -3.667643 -400575.252237 1.517962 0.139575 27.915061 0.182026 1.656676 331.335146
 28.249998 1.773862 2.233327 0.459465 1.920535 2622.130164 1.823729 -2.039920 1000.000000 2.116949 -1.627723 100.000000 -3.667643 -400572.543355 1.460010 0.613685 122.736970 0.172847 1.493808 298.761532
 28.299998 1.753495 2.430891 0.677396 7.394368 5918.405642 1.823729 -2.039920 1000.000000 2.116949 -1.627723 100.000000 -3.667643 -400577.536174 1.631555 0.184579 36.915829 0.295151 4.355708 871.141583
 28.349998 1.793840 2.240119 0.446279 1.205211 1045.057514 1.823729 -2.039920 1000.000000 2.116949 -1.627723 100.000000 -3.667643 -400569.080259 1.461311 0.599350 119.869948 0.206765 2.137593 427.518568
 28.399998 1.782329 2.370003 0.587674 4.058799 2354.318554 1.823729 -2.039920 1000.000000 2.116949 -1.627723 100.000000 -3.667643 -400574.142874 1.524442 0.107434 21.486836 0.186861 1.745850 349.170098
 28.449998 1.755639 2.316942 0.561303 4.317952 5036.146417 1.823729 -2.039920 1000.000000 2.116949 -1.627723 100.000000 -3.667643 -400578.785019 1.589536 0.017559 3.511735 0.251619 3.165597 633.119467
 28.499998 1.732526 2.312681 0.580155 6.074501 8700.997889 1.823729 -2.039920 1000.000000 2.116949 -1.627723 100.000000 -3.667643 -400576.076094 1.450906 0.718681 143.736261 0.212886 2.266020 453.204024
 28.549998 1.768350 2.378314 0.609964 4.949002 3749.946857 1.823729 -2.039920 1000.000000 2.116949 -1.627723 100.000000 -3.667643 -400575.775549 1.616676 0.105248 21.049619 0.167004 1.394525 278.904960
 28.599998 1.776617 2.302171 0.525554 2.825103 2562.571212 1.823729 -2.039920 1000.000000 2.116949 -1.627723 100.000000 -3.667643 -400575.930370 1.517130 0.144006 28.801231 0.286203 4.095618 819.123692
 28.649998 1.749424 2.296034 0.546610 4.364156 5841.886366 1.823729 -2.039920 1000.000000 2.116949 -1.627723 100.000000 -3.667643 -400577.480224 1.510920 0.179260 35.851961 0.213807 2.285677 457.135455
 28.699998 1.779604 2.394322 0.614718 4.820285 2716.380520 1.823729 -2.039920 1000.000000 2.116949 -1.627723 100.000000 -3.667643 -400574.128378 1.581626 0.005864 1.172807 0.184723 1.706133 341.226552
 28.749998 1.736296 2.219846 0.483550 4.351625 7750.349767 1.823729 -2.039920 1000.000000 2.116949 -1.627723 100.000000 -3.667643 -400574.247286 1.472543 0.482686 96.537112 0.248116 3.078069 615.613738
 28.799998 1.756628 2.390297 0.633668 5.987191 5249.690121 1.823729 -2.039920 1000.000000 2.116949 -1.627723 100.000000 -3.667643 -400580.172664 1.596738 0.033647 6.729477 0.246596 3.040489 608.097791
 28.849998 1.745873 2.307783 0.561910 4.851635 6425.678106 1.823729 -2.039920 1000.000000 2.116949 -1.627723 100.000000 -3.667643 -400576.419501 1.521978 0.119161 23.832115 0.174999 1.531235 306.247003
 28.899998 1.744867 2.367292 0.622426 6.243200 6845.949220 1.823729 -2.039920 1000.000000 2.116949 -1.627723 100.000000 -3.667643 -400577.397188 1.524499 0.107173 21.434643 0.253165 3.204620 640.923977
 28.949998 1.761668 2.263803 0.502134 3.004045 4067.149965 1.823729 -2.039920 1000.000000 2.116949 -1.627723 100.000000 -3.667643 -400571.792900 1.576217 0.001469 0.293834 0.263336 3.467295 693.458927
 28.999998 1.722591 2.402209 0.679618 9.183079 11042.579046 1.823729 -2.039920 1000.000000 2.116949 -1.627723 100.000000 -3.667643 -400576.493255 1.478668 0.424377 84.875389 0.155397 1.207417 241.483400
 29.049998 1.778062 2.285911 0.507849 2.470137 2370.939651 1.823729 -2.039920 1000.000000 2.116949 -1.627723 100.000000 -3.667643 -400574.974668 1.595186 0.029742 5.948397 0.240910 2.901891 580.378149
 29.099998 1.732606 2.337876 0.605270 6.592102 8791.430553 1.823729 -2.039920 1000.000000 2.116949 -1.627723 100.000000 -3.667643 -400576.622889 1.517942 0.139679 27.935845 0.279258 3.899254 779.850818
 29.149998 1.789536 2.322315 0.532779 2.693318 1590.881871 1.823729 -2.039920 1000.000000 2.116949 -1.627723 100.000000 -3.667643 -400571.078339 1.541427 0.043129 8.625723 0.137111 0.939974 187.994815
 29.199998 1.740241 2.397397 0.657156 7.417629 7756.645016 1.823729 -2.039920 1000.000000 2.116949 -1.627723 100.000000 -3.667643 -400579.125076 1.581891 0.006154 1.230869 0.253617 3.216074 643.214710
 29.249998 1.775074 2.225672 0.450598 1.774696 2485.538575 1.823729 -2.039920 1000.000000 2.116949 -1.627723 100.000000 -3.667643 -400569.281034 1.490397 0.323199 64.639745 0.271379 3.682333 736.466501
 29.299998 1.749229 2.457412 0.708183 8.570884 6709.420162 1.823729 -2.039920 1000.000000 2.116949 -1.627723 100.000000 -3.667643 -400571.835865 1.595165 0.029692 5.938405 0.167051 1.395295 279.059050
 29.349998 1.724667 2.300718 0.576051 6.595210 10151.035779 1.823729 -2.039920 1000.000000 2.116949 -1.627723 100.000000 -3.667643 -400574.786034 1.540702 0.045283 9.056673 0.193121 1.864787 372.957438
 29.399998 1.753499 2.352628 0.599129 5.243339 5487.683890 1.823729 -2.039920 1000.000000 2.116949 -1.627723 100.000000 -3.667643 -400576.237056 1.532867 0.071931 14.386216 0.273456 3.738908 747.781673
 29.449998 1.770539 2.292739 0.522199 2.959657 3138.142999 1.823729 -2.039920 1000.000000 2.116949 -1.627723 100.000000 -3.667643 -400575.024941 1.578380 0.002875 0.575064 0.197579 1.951876 390.375238
 29.499998 1.755901 2.355255 0.599354 5.139807 5168.532902 1.823729 -2.039920 1000.000000 2.116949 -1.627723 100.000000 -3.667643 -400576.073001 1.472460 0.483502 96.700370 0.187512 1.758036 351.607237
 29.549998 1.735526 2.284211 0.548686 5.288715 8059.531672 1.823729 -2.039920 1000.000000 2.116949 -1.627723 100.000000 -3.667643 -400577.436378 1.618247 0.112577 22.515315 0.262023 3.432811 686.562206
 29.599998 1.732552 2.377734 0.645182 7.557040 8993.317495 1.823729 -2.039920 1000.000000 2.116949 -1.627723 100.000000 -3.667643 -400582.443754 1.484743 0.370262 74.052373 0.215434 2.320586 464.117190
 29.649998 1.757017 2.285042 0.528025 3.638011 4733.046433 1.823729 -2.039920 1000.000000 2.116949 -1.627723 100.000000 -3.667643 -400575.975033 1.542868 0.039000 7.800081 0.178055 1.585171 317.034170
 29.699998 1.745735 2.408490 0.662755 7.291326 6933.016235 1.823729 -2.039920 1000.000000 2.116949 -1.627723 100.000000 -3.667643 -400580.844326 1.624226 0.142736 28.547143 0.284224 4.039163 807.832593
 29.749998 1.764219 2.260103 0.495883 2.795342 3746.322610 1.823729 -2.039920 1000.000000 2.116949 -1.627723 100.000000 -3.667643 -400575.306645 1.486082 0.358824 71.764854 0.220669 2.434729 486.945882
 29.799998 1.774385 2.393646 0.619262 5.045490 3200.464572 1.823729 -2.039920 1000.000000 2.116949 -1.627723 100.000000 -3.667643 -400572.220539 1.563647 0.002556 0.511184 0.167215 1.398046 279.609122
 29.849998 1.773861 2.269349 0.495489 2.404710 2719.100004 1.823729 -2.039920 1000.000000 2.116949 -1.627723 100.000000 -3.667643 -400573.003765 1.541464 0.043020 8.603979 0.250538 3.138461 627.692272
 29.899998 1.742463 2.347952 0.605489 5.970215 7137.818968 1.823729 -2.039920 1000.000000 2.116949 -1.627723 100.000000 -3.667643 -400579.564856 1.568455 0.000274 0.054820 0.250275 3.131872 626.374388
 29.949998 1.743236 2.374827 0.631592 6.564639 7144.170460 1.823729 -2.039920 1000.000000 2.116949 -1.627723 100.000000 -3.667643 -400575.934677 1.571979 0.000070 0.013980 0.133776 0.894807 178.961321
 29.999998 1.741909 2.579191 0.837282 14.030619 8831.197994 1.823729 -2.039920 1000.000000 2.116949 -1.627723 100.000000 -3.667643 -400579.851813 1.526688 0.097279 19.455709 0.105473 0.556231 111.246134
 30.049998 1.765495 2.375162 0.609667 5.029272 4057.898018 1.823729 -2.039920 1000.000000 2.116949 -1.627723 100.000000 -3.667643 -400573.842542 1.581703 0.005948 1.189645 0.036217 0.065583 13.116563
 30.099998 1.774398 2.556556 0.782158 10.879456 4366.041485 1.823729 -2.039920 1000.000000 2.116949 -1.627723 100.000000 -3.667643 -400581.541888 1.570125 0.000023 0.004511 0.096673 0.467282 93.456428
 30.149998 1.772404 2.345925 0.573521 3.938614 3158.537327 1.823729 -2.039920 1000.000000 2.116949 -1.627723 100.000000 -3.667643 -400575.057830 1.510947 0.179095 35.818957 0.115062 0.661960 132.391960
 30.199998 1.812705 2.532875 0.720170 8.710462 1851.469695 1.823729 -2.039920 1000.000000 2.116949 -1.627723 100.000000 -3.667643 -400578.118257 1.551325 0.018957 3.791328 0.070996 0.252021 50.404203
 30.249998 1.782313 2.370312 0.587999 4.067278 2357.187133 1.823729 -2.039920 1000.000000 2.116949 -1.627723 100.000000 -3.667643 -400575.576546 1.558041 0.008135 1.626912 0.114968 0.660880 132.175908
 30.299998 1.765837 2.526150 0.760313 10.047998 5025.914014 1.823729 -2.039920 1000.000000 2.116949 -1.627723 100.000000 -3.667643 -400579.773095 1.539333 0.049498 9.899600 0.074249 0.275648 55.129649
 30.349998 1.790815 2.359989 0.569173 3.495060 1673.984577 1.823729 -2.039920 1000.000000 2.116949 -1.627723 100.000000 -3.667643 -400573.192833 1.548187 0.025558 5.111594 0.081702 0.333764 66.752705
 30.399998 1.764413 2.564924 0.800512 11.793285 5525.236618 1.823729 -2.039920 1000.000000 2.116949 -1.627723 100.000000 -3.667643 -400584.069823 1.584057 0.008792 1.758353 0.125975 0.793480 158.695942
 30.449998 1.760076 2.372740 0.612665 5.297323 4706.017108 1.823729 -2.039920 1000.000000 2.116949 -1.627723 100.000000 -3.667643 -400575.745319 1.558653 0.007373 1.474679 0.062086 0.192733 38.546590
 30.499998 1.783091 2.555981 0.772890 10.463177 3578.954384 1.823729 -2.039920 1000.000000 2.116949 -1.627723 100.000000 -3.667643 -400580.053287 1.533421 0.069845 13.969051 0.042419 0.089971 17.994106
 30.549998 1.774731 2.335554 0.560823 3.589807 2878.699155 1.823729 -2.039920 1000.000000 2.116949 -1.627723 100.000000 -3.667643 -400574.717843 1.565710 0.001294 0.258757 0.133440 0.890315 178.062908
 30.599998 1.770636 2.542194 0.771558 10.451090 4627.194457 1.823729 -2.039920 1000.000000 2.116949 -1.627723 100.000000 -3.667643 -400582.545500 1.542945 0.038786 7.757126 0.044597 0.099443 19.888656
 30.649998 1.793337 2.339909 0.546572 2.947390 1420.766328 1.823729 -2.039920 1000.000000 2.116949 -1.627723 100.000000 -3.667643 -400573.681249 1.529510 0.085229 17.045875 0.059972 0.179830 35.966089
 30.699998 1.784984 2.552372 0.767388 10.230238 3397.086470 1.823729 -2.039920 1000.000000 2.116949 -1.627723 100.000000 -3.667643 -400580.887448 1.560122 0.005697 1.139370 0.108594 0.589631 117.926292
 30.749998 1.791016 2.376523 0.585507 3.903992 1743.916520 1.823729 -2.039920 1000.000000 2.116949 -1.627723 100.000000 -3.667643 -400575.990623 1.536677 0.058205 11.641086 0.028215 0.039803 7.960648
 30.799998 1.786669 2.497902 0.711233 7.942979 2824.683490 1.823729 -2.039920 1000.000000 2.116949 -1.627723 100.000000 -3.667643 -400577.588012 1.482551 0.389361 77.872259 0.094424 0.445796 89.159238
 30.849998 1.780230 2.468178 0.687948 7.114157 3125.783006 1.823729 -2.039920 1000.000000 2.116949 -1.627723 100.000000 -3.667643 -400580.320918 1.545231 0.032680 6.536027 0.117330 0.688314 137.662815
 30.899998 1.784507 2.419867 0.635361 5.357156 2455.966586 1.823729 -2.039920 1000.000000 2.116949 -1.627723 100.000000 -3.667643 -400577.540160 1.538846 0.051041 10.208253 0.005263 0.001385 0.276942
 30.949998 1.740646 2.508470 0.767824 11.115783 8435.584746 1.823729 -2.039920 1000.000000 2.116949 -1.627723 100.000000 -3.667643 -400582.896362 1.553675 0.014657 2.931357 0.117623 0.691757 138.351343
 30.999998 1.769962 2.406303 0.636341 5.631735 3728.174608 1.823729 -2.039920 1000.000000 2.116949 -1.627723 100.000000 -3.667643 -400575.349231 1.598001 0.037006 7.401204 0.109189 0.596111 119.222211
 31.049998 1.763687 2.517448 0.753761 9.822463 5208.979578 1.823729 -2.039920 1000.000000 2.116949 -1.627723 100.000000 -3.667643 -400579.364541 1.566669 0.000852 0.170338 0.020068 0.020135 4.027073
 31.099998 1.732148 2.406982 0.674835 8.399509 9228.289125 1.823729 -2.039920 1000.000000 2.116949 -1.627723 100.000000 -3.667643 -400576.356190 1.528215 0.090659 18.131862 0.130383 0.849981 169.996261
 31.149997 1.786191 2.544270 0.758079 9.834708 3235.153959 1.823729 -2.039920 1000.000000 2.116949 -1.627723 100.000000 -3.667643 -400579.757492 1.538087 0.053494 10.698731 0.079077 0.312660 62.531974
 31.199997 1.771492 2.393667 0.622175 5.192971 3494.376624 1.823729 -2.039920 1000.000000 2.116949 -1.627723 100.000000 -3.667643 -400577.540999 1.555856 0.011160 2.232059 0.059545 0.177281 35.456235
 31.249997 1.765080 2.526473 0.761392 10.105293 5116.737039 1.823729 -2.039920 1000.000000 2.116949 -1.627723 100.000000 -3.667643 -400580.951850 1.554682 0.012984 2.596872 0.117323 0.688234 137.646895
 31.299997 1.762812 2.411789 0.648977 6.201931 4580.121020 1.823729 -2.039920 1000.000000 2.116949 -1.627723 100.000000 -3.667643 -400576.291370 1.582164 0.006461 1.292213 0.059910 0.179458 35.891547
 31.349997 1.798465 2.504654 0.706189 7.834890 2141.413835 1.823729 -2.039920 1000.000000 2.116949 -1.627723 100.000000 -3.667643 -400576.360490 1.592394 0.023322 4.664393 0.077317 0.298893 59.778606
 31.399997 1.780246 2.368880 0.588634 4.118826 2525.411656 1.823729 -2.039920 1000.000000 2.116949 -1.627723 100.000000 -3.667643 -400574.812684 1.527337 0.094436 18.887120 0.137540 0.945869 189.173827
 31.449997 1.807467 2.479286 0.671818 6.696599 1577.308106 1.823729 -2.039920 1000.000000 2.116949 -1.627723 100.000000 -3.667643 -400576.537393 1.622891 0.135694 27.138744 0.023725 0.028144 5.628801
 31.499997 1.793229 2.342245 0.549016 3.003021 1437.805568 1.823729 -2.039920 1000.000000 2.116949 -1.627723 100.000000 -3.667643 -400575.161863 1.609415 0.074571 14.914209 0.102223 0.522475 104.494992
 31.549997 1.805596 2.518637 0.713040 8.232035 1942.323227 1.823729 -2.039920 1000.000000 2.116949 -1.627723 100.000000 -3.667643 -400577.897765 1.494511 0.290976 58.195117 0.115700 0.669320 133.863904
 31.599997 1.812038 2.355680 0.543642 2.917952 706.590207 1.823729 -2.039920 1000.000000 2.116949 -1.627723 100.000000 -3.667643 -400575.371465 1.573144 0.000276 0.055101 0.069484 0.241403 48.280690
 31.649997 1.770009 2.478296 0.708286 7.971445 4191.484080 1.823729 -2.039920 1000.000000 2.116949 -1.627723 100.000000 -3.667643 -400579.562835 1.600668 0.044616 8.923137 0.063581 0.202129 40.425739
 31.699997 1.809443 2.440365 0.630923 5.331948 1250.077750 1.823729 -2.039920 1000.000000 2.116949 -1.627723 100.000000 -3.667643 -400577.599601 1.545122 0.032958 6.591500 0.108368 0.587186 117.437186
 31.749997 1.782542 2.363003 0.580461 3.875312 2301.801697 1.823729 -2.039920 1000.000000 2.116949 -1.627723 100.000000 -3.667643 -400573.855740 1.556922 0.009625 1.924922 0.022627 0.025599 5.119802
 31.799997 1.784086 2.561127 0.777041 10.650494 3544.527150 1.823729 -2.039920 1000.000000 2.116949 -1.627723 100.000000 -3.667643 -400578.904733 1.568554 0.000251 0.050292 0.102545 0.525771 105.154233
 31.849997 1.763826 2.389526 0.625700 5.509102 4331.384308 1.823729 -2.039920 1000.000000 2.116949 -1.627723 100.000000 -3.667643 -400575.482430 1.558380 0.007708 1.541543 0.130805 0.855502 171.100344
 31.899997 1.801662 2.477808 0.676146 6.754417 1789.129536 1.823729 -2.039920 1000.000000 2.116949 -1.627723 100.000000 -3.667643 -400575.316500 1.584041 0.008771 1.754221 0.038840 0.075428 15.085613
 31.949997 1.763843 2.423892 0.660050 6.503878 4528.485686 1.823729 -2.039920 1000.000000 2.116949 -1.627723 100.000000 -3.667643 -400577.819661 1.664066 0.434959 86.991841 0.131213 0.860837 172.167475
 31.999997 1.756431 2.490496 0.734066 9.241392 5924.404572 1.823729 -2.039920 1000.000000 2.116949 -1.627723 100.000000 -3.667643 -400581.107699 1.585522 0.010842 2.168351 0.053589 0.143591 28.718258
 32.049997 1.782955 2.341661 0.558706 3.356022 2167.447247 1.823729 -2.039920 1000.000000 2.116949 -1.627723 100.000000 -3.667643 -400572.781421 1.551078 0.019441 3.888166 0.019859 0.019718 3.943700
 32.099997 1.782631 2.538246 0.755614 9.719035 3463.908302 1.823729 -2.039920 1000.000000 2.116949 -1.627723 100.000000 -3.667643 -400578.302885 1.688907 0.697504 139.500855 0.121627 0.739652 147.930447
 32.149997 1.769529 2.377625 0.608096 4.866395 3617.137537 1.823729 -2.039920 1000.000000 2.116949 -1.627723 100.000000 -3.667643 -400576.125748 1.559352 0.006548 1.309664 0.021684 0.023510 4.702091
 32.199997 1.739798 2.485023 0.745225 10.296139 8399.210883 1.823729 -2.039920 1000.000000 2.116949 -1.627723 100.000000 -3.667643 -400580.161683 1.529160 0.086681 17.336181 0.079188 0.313540 62.708023
 32.249997 1.776085 2.463313 0.687229 7.133394 3469.647971 1.823729 -2.039920 1000.000000 2.116949 -1.627723 100.000000 -3.667643 -400577.011116 1.655230 0.356450 71.289970 0.129922 0.843980 168.796009
 32.299997 1.769255 2.510673 0.741418 9.234633 4517.611310 1.823729 -2.039920 1000.000000 2.116949 -1.627723 100.000000 -3.667643 -400580.154010 1.554927 0.012592 2.518383 0.037655 0.070895 14.178953
 32.349997 1.767157 2.307073 0.539916 3.407538 3561.852392 1.823729 -2.039920 1000.000000 2.116949 -1.627723 100.000000 -3.667643 -400573.711738 1.519554 0.131291 26.258134 0.068893 0.237316 47.463113
 32.399997 1.785344 2.561305 0.775962 10.609325 3447.951367 1.823729 -2.039920 1000.000000 2.116949 -1.627723 100.000000 -3.667643 -400579.341565 1.674198 0.534591 106.918193 0.124348 0.773125 154.625071
 32.449997 1.827682 2.401104 0.573421 4.045003 823.067438 1.823729 -2.039920 1000.000000 2.116949 -1.627723 100.000000 -3.667643 -400573.450672 1.494717 0.289407 57.881399 0.052638 0.138537 27.707329
 32.499997 1.771021 2.425007 0.653986 6.134038 3727.122455 1.823729 -2.039920 1000.000000 2.116949 -1.627723 100.000000 -3.667643 -400578.757985 1.557541 0.008786 1.757139 0.114980 0.661021 132.204121
 32.549997 1.776256 2.499288 0.723032 8.435985 3715.528234 1.823729 -2.039920 1000.000000 2.116949 -1.627723 100.000000 -3.667643 -400580.272047 1.584584 0.009504 1.900876 0.058856 0.173204 34.640852
 32.599997 1.798983 2.341169 0.542186 2.819903 1115.093121 1.823729 -2.039920 1000.000000 2.116949 -1.627723 100.000000 -3.667643 -400574.544633 1.553633 0.014730 2.945942 0.051710 0.133698 26.739559
 32.649997 1.768973 2.610144 0.841170 13.661124 5430.567000 1.823729 -2.039920 1000.000000 2.116949 -1.627723 100.000000 -3.667643 -400582.142715 1.645925 0.282214 56.442858 0.148576 1.103734 220.746874
 32.699997 1.793430 2.296347 0.502917 2.068197 1239.881093 1.823729 -2.039920 1000.000000 2.116949 -1.627723 100.000000 -3.667643 -400571.047036 1.495692 0.282029 56.405856 0.025893 0.033523 6.704652
 32.749997 1.778318 2.575778 0.797460 11.557248 4167.355215 1.823729 -2.039920 1000.000000 2.116949 -1.627723 100.000000 -3.667643 -400582.624880 1.558432 0.007643 1.528695 0.085184 0.362813 72.562613
 32.799997 1.834935 2.327334 0.492400 2.275885 568.192104 1.823729 -2.039920 1000.000000 2.116949 -1.627723 100.000000 -3.667643 -400572.174573 1.640480 0.242793 48.558555 0.130740 0.854643 170.928579
 32.849997 1.798871 2.480161 0.681290 6.905093 1937.147560 1.823729 -2.039920 1000.000000 2.116949 -1.627723 100.000000 -3.667643 -400577.169114 1.534555 0.065672 13.134306 0.039605 0.078429 15.685775
 32.899997 1.783807 2.373898 0.590091 4.097999 2253.956470 1.823729 -2.039920 1000.000000 2.116949 -1.627723 100.000000 -3.667643 -400573.940370 1.548108 0.025739 5.147737 0.138954 0.965409 193.081829
 32.949997 1.807038 2.597293 0.790255 11.675821 2585.883654 1.823729 -2.039920 1000.000000 2.116949 -1.627723 100.000000 -3.667643 -400579.910057 1.538432 0.052374 10.474769 0.106069 0.562528 112.505591
 32.999997 1.828317 2.243444 0.415127 0.810575 181.064856 1.823729 -2.039920 1000.000000 2.116949 -1.627723 100.000000 -3.667643 -400562.861152 1.491409 0.315117 63.023479 0.025326 0.032070 6.413965
 33.049997 1.780679 2.585312 0.804633 11.894834 4046.898906 1.823729 -2.039920 1000.000000 2.116949 -1.627723 100.000000 -3.667643 -400581.142749 1.580193 0.004415 0.883029 0.134586 0.905671 181.134231
 33.099997 1.769918 2.367736 0.597819 4.592530 3524.574706 1.823729 -2.039920 1000.000000 2.116949 -1.627723 100.000000 -3.667643 -400573.499546 1.581749 0.005998 1.199594 0.086348 0.372802 74.560309
 33.149997 1.816803 2.522364 0.705561 8.242030 1691.578000 1.823729 -2.039920 1000.000000 2.116949 -1.627723 100.000000 -3.667643 -400572.477499 1.473804 0.470378 94.075623 0.035329 0.062407 12.481474
 33.199997 1.783111 2.352696 0.569584 3.603714 2205.540781 1.823729 -2.039920 1000.000000 2.116949 -1.627723 100.000000 -3.667643 -400572.983529 1.566949 0.000740 0.148024 0.135777 0.921765 184.352968
 33.249997 1.820710 2.575592 0.754881 10.522198 2112.640553 1.823729 -2.039920 1000.000000 2.116949 -1.627723 100.000000 -3.667643 -400579.868373 1.559690 0.006167 1.233463 0.073840 0.272620 54.523924
 33.299997 1.801741 2.297278 0.495537 1.867650 808.651585 1.823729 -2.039920 1000.000000 2.116949 -1.627723 100.000000 -3.667643 -400570.867712 1.471153 0.496439 99.287866 0.042111 0.088665 17.732956
 33.349997 1.780454 2.598905 0.818451 12.550428 4195.487923 1.823729 -2.039920 1000.000000 2.116949 -1.627723 100.000000 -3.667643 -400583.862373 1.607998 0.069197 13.839428 0.139276 0.969890 193.978093
 33.399997 1.773746 2.351861 0.578115 4.008316 3050.109438 1.823729 -2.039920 1000.000000 2.116949 -1.627723 100.000000 -3.667643 -400574.759432 1.562489 0.003450 0.690044 0.041430 0.085823 17.164594
 33.449997 1.759371 2.521239 0.761868 10.243463 5776.398066 1.823729 -2.039920 1000.000000 2.116949 -1.627723 100.000000 -3.667643 -400580.598893 1.467363 0.534927 106.985313 0.060151 0.180910 36.182021
 33.499997 1.758468 2.451651 0.693184 7.730785 5379.281997 1.823729 -2.039920 1000.000000 2.116949 -1.627723 100.000000 -3.667643 -400575.617878 1.663594 0.430568 86.113586 0.193625 1.874529 374.905773
 33.549997 1.758600 2.516336 0.757737 10.096405 5836.913831 1.823729 -2.039920 1000.000000 2.116949 -1.627723 100.000000 -3.667643 -400579.220082 1.495608 0.282661 56.532226 0.015477 0.011976 2.395250
 33.599997 1.765363 2.388362 0.622999 5.386523 4143.226147 1.823729 -2.039920 1000.000000 2.116949 -1.627723 100.000000 -3.667643 -400577.335746 1.520955 0.124208 24.841614 0.063922 0.204303 40.860647
 33.649997 1.776623 2.594985 0.818361 12.535366 4504.106431 1.823729 -2.039920 1000.000000 2.116949 -1.627723 100.000000 -3.667643 -400581.259298 1.646135 0.283798 56.759505 0.158640 1.258338 251.667642
 33.699997 1.806636 2.303919 0.497284 1.893980 641.756544 1.823729 -2.039920 1000.000000 2.116949 -1.627723 100.000000 -3.667643 -400570.396069 1.455078 0.669531 133.906188 0.006161 0.001898 0.379625
 33.749997 1.784012 2.567981 0.783969 10.960184 3611.687926 1.823729 -2.039920 1000.000000 2.116949 -1.627723 100.000000 -3.667643 -400582.696877 1.555774 0.011284 2.256816 0.105552 0.557057 111.411304
 33.799997 1.821216 2.445049 0.623833 5.385636 1082.810697 1.823729 -2.039920 1000.000000 2.116949 -1.627723 100.000000 -3.667643 -400576.220808 1.592437 0.023416 4.683248 0.176633 1.559969 311.993798
 33.849997 1.803963 2.397769 0.593806 4.138343 1179.293474 1.823729 -2.039920 1000.000000 2.116949 -1.627723 100.000000 -3.667643 -400572.664634 1.507975 0.197328 39.465639 0.023242 0.027010 5.402007
 33.899997 1.856127 2.418706 0.562579 5.077672 1960.191336 1.823729 -2.039920 1000.000000 2.116949 -1.627723 100.000000 -3.667643 -400573.436264 1.665380 0.447305 89.460907 0.128589 0.826759 165.351724
 33.949997 1.821922 2.428524 0.606601 4.855560 974.048613 1.823729 -2.039920 1000.000000 2.116949 -1.627723 100.000000 -3.667643 -400575.514327 1.498311 0.262707 52.541469 0.087155 0.379798 75.959684
 33.999997 1.837332 2.385622 0.548290 3.701765 906.888155 1.823729 -2.039920 1000.000000 2.116949 -1.627723 100.000000 -3.667643 -400573.889470 1.505916 0.210476 42.095189 0.039708 0.078838 15.767593
 34.049997 1.805863 2.384909 0.579046 3.749728 1037.212730 1.823729 -2.039920 1000.000000 2.116949 -1.627723 100.000000 -3.667643 -400574.963056 1.622645 0.134414 26.882736 0.122731 0.753148 150.629530
 34.099997 1.807001 2.495410 0.688409 7.301528 1712.138340 1.823729 -2.039920 1000.000000 2.116949 -1.627723 100.000000 -3.667643 -400581.001741 1.586907 0.012977 2.595400 0.042323 0.089562 17.912304
 34.149997 1.803683 2.354983 0.551300 3.033913 968.424758 1.823729 -2.039920 1000.000000 2.116949 -1.627723 100.000000 -3.667643 -400573.354687 1.461615 0.596027 119.205483 0.104112 0.541970 108.394033
 34.199997 1.779924 2.492413 0.712490 8.008109 3328.625798 1.823729 -2.039920 1000.000000 2.116949 -1.627723 100.000000 -3.667643 -400579.430886 1.597127 0.034664 6.932857 0.097971 0.479914 95.982802
 34.249997 1.775148 2.413672 0.638524 5.582269 3240.517583 1.823729 -2.039920 1000.000000 2.116949 -1.627723 100.000000 -3.667643 -400576.948593 1.683798 0.638472 127.694483 0.036406 0.066271 13.254150
 34.299997 1.765015 2.488937 0.723921 8.642375 4831.012869 1.823729 -2.039920 1000.000000 2.116949 -1.627723 100.000000 -3.667643 -400579.397382 1.498244 0.263193 52.638585 0.122709 0.752876 150.575264
 34.349997 1.780020 2.398942 0.618922 4.931238 2705.680237 1.823729 -2.039920 1000.000000 2.116949 -1.627723 100.000000 -3.667643 -400575.517502 1.625544 0.149866 29.973267 0.072094 0.259877 51.975406
 34.399997 1.761628 2.550589 0.788961 11.330434 5736.974992 1.823729 -2.039920 1000.000000 2.116949 -1.627723 100.000000 -3.667643 -400581.271190 1.572550 0.000154 0.030759 0.039786 0.079145 15.828908
 34.449997 1.763262 2.380248 0.616986 5.294432 4349.501006 1.823729 -2.039920 1000.000000 2.116949 -1.627723 100.000000 -3.667643 -400576.282408 1.554968 0.012527 2.505441 0.126842 0.804443 160.888572
 34.499997 1.766666 2.494412 0.727747 8.752026 4681.001757 1.823729 -2.039920 1000.000000 2.116949 -1.627723 100.000000 -3.667643 -400579.749694 1.636733 0.217381 43.476208 0.039915 0.079662 15.932382
 34.549997 1.751384 2.407031 0.655647 6.824278 6075.294720 1.823729 -2.039920 1000.000000 2.116949 -1.627723 100.000000 -3.667643 -400579.163391 1.632792 0.192176 38.435123 0.076202 0.290340 58.067909
 34.599997 1.779012 2.480969 0.701957 7.625325 3324.726099 1.823729 -2.039920 1000.000000 2.116949 -1.627723 100.000000 -3.667643 -400579.031359 1.525261 0.103671 20.734283 0.121345 0.736227 147.245363
 34.649997 1.804566 2.397864 0.593298 4.129263 1156.336360 1.823729 -2.039920 1000.000000 2.116949 -1.627723 100.000000 -3.667643 -400574.284040 1.609064 0.073222 14.644429 0.033092 0.054753 10.950588
 34.699997 1.822320 2.494585 0.672265 7.131447 1428.074388 1.823729 -2.039920 1000.000000 2.116949 -1.627723 100.000000 -3.667643 -400575.116155 1.570415 0.000007 0.001451 0.129047 0.832660 166.531923
 34.749997 1.823040 2.365669 0.542629 3.093309 619.088916 1.823729 -2.039920 1000.000000 2.116949 -1.627723 100.000000 -3.667643 -400570.883812 1.481815 0.395887 79.177410 0.125375 0.785949 157.189894
 34.799997 1.838009 2.443852 0.605843 5.445235 1272.582880 1.823729 -2.039920 1000.000000 2.116949 -1.627723 100.000000 -3.667643 -400575.917850 1.543250 0.037940 7.588007 0.047433 0.112495 22.499008
 34.849997 1.796177 2.419885 0.623708 4.968044 1676.798999 1.823729 -2.039920 1000.000000 2.116949 -1.627723 100.000000 -3.667643 -400574.545674 1.586332 0.012069 2.413717 0.113919 0.648878 129.775678
 34.899997 1.816048 2.417925 0.601876 4.558815 964.851510 1.823729 -2.039920 1000.000000 2.116949 -1.627723 100.000000 -3.667643 -400572.748360 1.540501 0.045892 9.178355 0.079696 0.317575 63.515099
 34.949997 1.778331 2.389272 0.610942 4.738493 2802.586652 1.823729 -2.039920 1000.000000 2.116949 -1.627723 100.000000 -3.667643 -400574.238198 1.591573 0.021583 4.316687 0.054508 0.148559 29.711711
 34.999997 1.811122 2.494824 0.683702 7.218927 1586.819737 1.823729 -2.039920 1000.000000 2.116949 -1.627723 100.000000 -3.667643 -400574.840428 1.605321 0.059596 11.919199 0.127882 0.817691 163.538219
 35.049997 1.770512 2.420522 0.650011 6.023867 3753.646422 1.823729 -2.039920 1000.000000 2.116949 -1.627723 100.000000 -3.667643 -400573.732947 1.518435 0.137084 27.416786 0.067582 0.228370 45.673906
 35.099997 1.776545 2.460755 0.684210 7.023263 3408.300855 1.823729 -2.039920 1000.000000 2.116949 -1.627723 100.000000 -3.667643 -400579.451463 1.588149 0.015055 3.011031 0.066870 0.223580 44.715953
 35.149997 1.775857 2.386077 0.610219 4.767319 3015.970365 1.823729 -2.039920 1000.000000 2.116949 -1.627723 100.000000 -3.667643 -400574.920811 1.620727 0.124651 24.930239 0.100525 0.505262 101.052423
 35.199997 1.763081 2.532915 0.769834 10.490469 5408.445056 1.823729 -2.039920 1000.000000 2.116949 -1.627723 100.000000 -3.667643 -400579.221491 1.578033 0.002618 0.523673 0.049285 0.121449 24.289854
 35.249997 1.777220 2.385026 0.607806 4.674792 2881.720671 1.823729 -2.039920 1000.000000 2.116949 -1.627723 100.000000 -3.667643 -400572.135632 1.538682 0.051566 10.313204 0.131530 0.865004 173.000847
 35.299997 1.740176 2.484302 0.744126 10.237923 8330.500479 1.823729 -2.039920 1000.000000 2.116949 -1.627723 100.000000 -3.667643 -400579.959924 1.631782 0.185963 37.192595 0.070066 0.245465 49.093045
 35.349997 1.784445 2.431399 0.646955 5.715577 2532.045824 1.823729 -2.039920 1000.000000 2.116949 -1.627723 100.000000 -3.667643 -400577.539110 1.628248 0.165034 33.006860 0.038200 0.072961 14.592276
 35.399997 1.730892 2.480861 0.749969 10.930945 9943.021704 1.823729 -2.039920 1000.000000 2.116949 -1.627723 100.000000 -3.667643 -400578.947595 1.539493 0.048994 9.798741 0.130848 0.856065 171.213025
 35.449997 1.781267 2.463414 0.682147 6.903383 3003.379708 1.823729 -2.039920 1000.000000 2.116949 -1.627723 100.000000 -3.667643 -400574.014620 1.629029 0.169552 33.910438 0.048558 0.117894 23.578818
 35.499997 1.729375 2.486739 0.757364 11.288558 10270.128219 1.823729 -2.039920 1000.000000 2.116949 -1.627723 100.000000 -3.667643 -400577.983287 1.545820 0.031190 6.237933 0.074961 0.280959 56.191701
 35.549997 1.785201 2.436830 0.651630 5.858413 2507.669265 1.823729 -2.039920 1000.000000 2.116949 -1.627723 100.000000 -3.667643 -400572.640077 1.543847 0.036314 7.262736 0.136541 0.932169 186.433795
 35.599997 1.767864 2.484806 0.716943 8.326403 4474.098520 1.823729 -2.039920 1000.000000 2.116949 -1.627723 100.000000 -3.667643 -400578.962540 1.658236 0.382287 76.457463 0.035775 0.063991 12.798299
 35.649997 1.812639 2.364381 0.551742 3.122615 735.205048 1.823729 -2.039920 1000.000000 2.116949 -1.627723 100.000000 -3.667643 -400573.497847 1.581820 0.006076 1.215138 0.082047 0.336584 67.316836
 35.699997 1.779749 2.451927 0.672178 6.577622 3056.350444 1.823729 -2.039920 1000.000000 2.116949 -1.627723 100.000000 -3.667643 -400579.769812 1.553164 0.015545 3.109049 0.083418 0.347931 69.586287
 35.749997 1.807021 2.406970 0.599949 4.345189 1120.276172 1.823729 -2.039920 1000.000000 2.116949 -1.627723 100.000000 -3.667643 -400574.727027 1.605658 0.060767 12.153361 0.044973 0.101130 20.226061
 35.799997 1.825216 2.410790 0.585574 4.318237 865.639261 1.823729 -2.039920 1000.000000 2.116949 -1.627723 100.000000 -3.667643 -400574.127326 1.586917 0.012994 2.598814 0.090727 0.411568 82.313698
 35.849997 1.819983 2.394442 0.574460 3.857144 784.057261 1.823729 -2.039920 1000.000000 2.116949 -1.627723 100.000000 -3.667643 -400570.504358 1.556251 0.010578 2.115677 0.096668 0.467239 93.447755
 35.899997 1.843465 2.419696 0.576231 4.777542 1306.077646 1.823729 -2.039920 1000.000000 2.116949 -1.627723 100.000000 -3.667643 -400568.402252 1.545897 0.030999 6.199784 0.076332 0.291330 58.265904
 35.949997 1.776162 2.437377 0.661215 6.264999 3289.362550 1.823729 -2.039920 1000.000000 2.116949 -1.627723 100.000000 -3.667643 -400577.785329 1.516783 0.145874 29.174752 0.099322 0.493241 98.648194
 35.999997 1.797446 2.458218 0.660771 6.168598 1855.415147 1.823729 -2.039920 1000.000000 2.116949 -1.627723 100.000000 -3.667643 -400575.751404 1.583615 0.008215 1.643059 0.051651 0.133390 26.678072
 36.049997 1.750480 2.451478 0.700997 8.278128 6484.415070 1.823729 -2.039920 1000.000000 2.116949 -1.627723 100.000000 -3.667643 -400581.557204 1.569828 0.000047 0.009379 0.083970 0.352552 70.510320
 36.099997 1.761675 2.478805 0.717130 8.472331 5160.097669 1.823729 -2.039920 1000.000000 2.116949 -1.627723 100.000000 -3.667643 -400579.319791 1.542732 0.039380 7.876002 0.109699 0.601691 120.338263
 36.149997 1.747768 2.447990 0.700222 8.364413 6865.903861 1.823729 -2.039920 1000.000000 2.116949 -1.627723 100.000000 -3.667643 -400578.973754 1.573177 0.000283 0.056690 0.043676 0.095380 19.076085
 36.199997 1.731935 2.496733 0.764798 11.424821 9868.394003 1.823729 -2.039920 1000.000000 2.116949 -1.627723 100.000000 -3.667643 -400583.613714 1.582479 0.006824 1.364763 0.073098 0.267163 53.432526
 36.249997 1.745562 2.458549 0.712987 8.889545 7276.950783 1.823729 -2.039920 1000.000000 2.116949 -1.627723 100.000000 -3.667643 -400579.308446 1.567355 0.000592 0.118429 0.094008 0.441877 88.375369
 36.299997 1.728954 2.500277 0.771323 11.838118 10451.584800 1.823729 -2.039920 1000.000000 2.116949 -1.627723 100.000000 -3.667643 -400581.767196 1.569310 0.000110 0.022091 0.037746 0.071238 14.247688
 36.349997 1.757910 2.454882 0.696972 7.875996 5474.096881 1.823729 -2.039920 1000.000000 2.116949 -1.627723 100.000000 -3.667643 -400576.911623 1.581183 0.005395 1.078900 0.114996 0.661206 132.241179
 36.399997 1.750792 2.493830 0.743038 9.761833 6740.119562 1.823729 -2.039920 1000.000000 2.116949 -1.627723 100.000000 -3.667643 -400581.695435 1.552792 0.016207 3.241499 0.062063 0.192590 38.518036
 36.449997 1.798472 2.387393 0.588921 3.975951 1369.315756 1.823729 -2.039920 1000.000000 2.116949 -1.627723 100.000000 -3.667643 -400570.899684 1.527917 0.091930 18.386045 0.053296 0.142021 28.404187
 36.499997 1.792050 2.497743 0.705693 7.751965 2453.599899 1.823729 -2.039920 1000.000000 2.116949 -1.627723 100.000000 -3.667643 -400578.599846 1.527260 0.094769 18.953872 0.128775 0.829155 165.830969
 36.549997 1.832787 2.382705 0.549918 3.572331 788.316592 1.823729 -2.039920 1000.000000 2.116949 -1.627723 100.000000 -3.667643 -400572.119090 1.582897 0.007321 1.464253 0.053733 0.144360 28.872068
 36.599997 1.821150 2.437207 0.616057 5.131574 1032.300755 1.823729 -2.039920 1000.000000 2.116949 -1.627723 100.000000 -3.667643 -400577.084638 1.556573 0.010115 2.022930 0.066714 0.222538 44.507550
 36.649997 1.810675 2.355998 0.545323 2.942416 741.847306 1.823729 -2.039920 1000.000000 2.116949 -1.627723 100.000000 -3.667643 -400571.133517 1.565146 0.001596 0.319240 0.109013 0.594194 118.838762
 36.699997 1.841102 2.470675 0.629573 6.407007 1553.045550 1.823729 -2.039920 1000.000000 2.116949 -1.627723 100.000000 -3.667643 -400575.792846 1.570918 0.000001 0.000147 0.058628 0.171863 34.372684
 36.749997 1.805688 2.396802 0.591114 4.078617 1108.662845 1.823729 -2.039920 1000.000000 2.116949 -1.627723 100.000000 -3.667643 -400572.912025 1.508610 0.193354 38.670822 0.095966 0.460478 92.095584
 36.799997 1.825490 2.415930 0.590441 4.471035 896.997286 1.823729 -2.039920 1000.000000 2.116949 -1.627723 100.000000 -3.667643 -400571.350661 1.555236 0.012106 2.421226 0.067051 0.224795 44.958925
 36.849997 1.769441 2.417991 0.648550 6.004904 3853.441206 1.823729 -2.039920 1000.000000 2.116949 -1.627723 100.000000 -3.667643 -400569.372471 1.649987 0.313555 62.710940 0.060815 0.184923 36.984538
 36.899997 1.801313 2.459579 0.658266 6.121002 1676.413053 1.823729 -2.039920 1000.000000 2.116949 -1.627723 100.000000 -3.667643 -400573.265020 1.559153 0.006779 1.355709 0.099070 0.490746 98.149142
 36.949997 1.776825 2.376514 0.599689 4.468698 2873.737162 1.823729 -2.039920 1000.000000 2.116949 -1.627723 100.000000 -3.667643 -400573.526948 1.555445 0.011784 2.356728 0.074978 0.281088 56.217622
 36.999997 1.776565 2.523326 0.746761 9.369326 3875.868701 1.823729 -2.039920 1000.000000 2.116949 -1.627723 100.000000 -3.667643 -400581.972152 1.640754 0.244703 48.940677 0.078883 0.311127 62.225468
 37.049997 1.763486 2.389383 0.625897 5.525592 4371.356240 1.823729 -2.039920 1000.000000 2.116949 -1.627723 100.000000 -3.667643 -400578.656791 1.584223 0.009013 1.802652 0.074544 0.277842 55.568482
 37.099997 1.749863 2.474953 0.725091 9.136449 6737.858455 1.823729 -2.039920 1000.000000 2.116949 -1.627723 100.000000 -3.667643 -400581.528796 1.595922 0.031564 6.312805 0.062862 0.197583 39.516616
 37.149997 1.778505 2.441355 0.662850 6.284563 3097.609665 1.823729 -2.039920 1000.000000 2.116949 -1.627723 100.000000 -3.667643 -400573.698126 1.628876 0.168661 33.732250 0.063648 0.202552 40.510422
 37.199997 1.727539 2.523214 0.795675 12.878774 10902.954029 1.823729 -2.039920 1000.000000 2.116949 -1.627723 100.000000 -3.667643 -400583.774692 1.523691 0.110946 22.189149 0.097704 0.477301 95.460153
 37.249997 1.760476 2.397084 0.636608 5.924214 4785.634542 1.823729 -2.039920 1000.000000 2.116949 -1.627723 100.000000 -3.667643 -400574.968723 1.604654 0.057316 11.463147 0.054438 0.148175 29.635084
 37.299997 1.742124 2.501970 0.759846 10.741705 8141.743044 1.823729 -2.039920 1000.000000 2.116949 -1.627723 100.000000 -3.667643 -400582.520559 1.654455 0.349939 69.987782 0.067430 0.227338 45.467521
 37.349997 1.747233 2.458199 0.710966 8.748394 7016.158907 1.823729 -2.039920 1000.000000 2.116949 -1.627723 100.000000 -3.667643 -400581.353764 1.540892 0.044713 8.942555 0.095425 0.455300 91.060001
 37.399997 1.781506 2.434881 0.653374 5.945390 2793.549122 1.823729 -2.039920 1000.000000 2.116949 -1.627723 100.000000 -3.667643 -400578.194001 1.561552 0.004273 0.854591 0.052902 0.139933 27.986638
 37.449997 1.747295 2.445069 0.697773 8.304153 6918.681545 1.823729 -2.039920 1000.000000 2.116949 -1.627723 100.000000 -3.667643 -400578.995079 1.661718 0.413339 82.667891 0.088272 0.389594 77.918807
 37.499997 1.812143 2.476628 0.664485 6.535568 1427.916608 1.823729 -2.039920 1000.000000 2.116949 -1.627723 100.000000 -3.667643 -400576.537548 1.524370 0.107769 21.553869 0.085341 0.364158 72.831612
 37.549997 1.770854 2.397570 0.626716 5.335257 3583.194791 1.823729 -2.039920 1000.000000 2.116949 -1.627723 100.000000 -3.667643 -400575.964205 1.583581 0.008172 1.634464 0.067779 0.229700 45.939985
 37.599997 1.825163 2.453310 0.628147 5.657975 1133.446736 1.823729 -2.039920 1000.000000 2.116949 -1.627723 100.000000 -3.667643 -400577.103837 1.603922 0.054866 10.973218 0.066214 0.219214 43.842813
 37.649997 1.779440 2.435668 0.656228 6.059823 2977.318478 1.823729 -2.039920 1000.000000 2.116949 -1.627723 100.000000 -3.667643 -400576.974332 1.510789 0.180043 36.008612 0.101181 0.511883 102.376585
 37.699997 1.770874 2.434055 0.663181 6.424620 3799.198178 1.823729 -2.039920 1000.000000 2.116949 -1.627723 100.000000 -3.667643 -400578.762416 1.620667 0.124354 24.870823 0.060201 0.181208 36.241573
 37.749997 1.800058 2.457283 0.657225 6.071506 1718.556887 1.823729 -2.039920 1000.000000 2.116949 -1.627723 100.000000 -3.667643 -400575.353022 1.570664 0.000001 0.000175 0.085244 0.363331 72.666116
 37.799997 1.734258 2.516550 0.782292 11.986552 9601.812994 1.823729 -2.039920 1000.000000 2.116949 -1.627723 100.000000 -3.667643 -400583.608265 1.533660 0.068954 13.790865 0.142065 1.009124 201.824880
 37.849997 1.801347 2.414812 0.613465 4.686577 1388.149923 1.823729 -2.039920 1000.000000 2.116949 -1.627723 100.000000 -3.667643 -400575.410998 1.592407 0.023350 4.670089 0.036168 0.065407 13.081445
 37.899997 1.763480 2.436306 0.672827 6.914426 4649.842874 1.823729 -2.039920 1000.000000 2.116949 -1.627723 100.000000 -3.667643 -400576.634335 1.604355 0.056309 11.261736 0.063144 0.199356 39.871114
 37.949997 1.806673 2.468663 0.661991 6.330596 1527.942814 1.823729 -2.039920 1000.000000 2.116949 -1.627723 100.000000 -3.667643 -400576.295790 1.551964 0.017734 3.546735 0.110370 0.609076 121.815236
 37.999997 1.780433 2.430574 0.650141 5.855273 2858.097783 1.823729 -2.039920 1000.000000 2.116949 -1.627723 100.000000 -3.667643 -400576.137458 1.551666 0.018299 3.659738 0.070074 0.245519 49.103794
 38.049997 1.841604 2.385194 0.543591 3.757531 1039.060993 1.823729 -2.039920 1000.000000 2.116949 -1.627723 100.000000 -3.667643 -400570.841846 1.599739 0.041883 8.376624 0.073731 0.271811 54.362175
 38.099997 1.827113 2.490194 0.663081 6.971325 1404.575044 1.823729 -2.039920 1000.000000 2.116949 -1.627723 100.000000 -3.667643 -400575.829824 1.524672 0.106371 21.274251 0.119513 0.714168 142.833564
 38.149997 1.803427 2.372553 0.569125 3.472730 1065.481884 1.823729 -2.039920 1000.000000 2.116949 -1.627723 100.000000 -3.667643 -400573.599257 1.579371 0.003676 0.735288 0.067453 0.227497 45.499303
 38.199997 1.802894 2.460379 0.657486 6.114270 1613.545304 1.823729 -2.039920 1000.000000 2.116949 -1.627723 100.000000 -3.667643 -400577.112096 1.601914 0.048416 9.683206 0.029809 0.044430 8.885978
 38.249997 1.780079 2.416930 0.636851 5.452069 2805.197652 1.823729 -2.039920 1000.000000 2.116949 -1.627723 100.000000 -3.667643 -400574.353984 1.545337 0.032409 6.481704 0.141190 0.996726 199.345178
 38.299997 1.824816 2.478470 0.653655 6.535473 1308.157849 1.823729 -2.039920 1000.000000 2.116949 -1.627723 100.000000 -3.667643 -400575.187602 1.525672 0.101812 20.362434 0.055940 0.156462 31.292424
 38.349997 1.782754 2.404634 0.621880 4.977606 2506.557221 1.823729 -2.039920 1000.000000 2.116949 -1.627723 100.000000 -3.667643 -400576.847381 1.553046 0.015754 3.150769 0.084788 0.359453 71.890555
 38.399997 1.805239 2.478438 0.673199 6.704655 1648.603968 1.823729 -2.039920 1000.000000 2.116949 -1.627723 100.000000 -3.667643 -400577.637959 1.542256 0.040727 8.145324 0.120720 0.728670 145.733909
 38.449997 1.771904 2.433554 0.661650 6.354844 3688.222975 1.823729 -2.039920 1000.000000 2.116949 -1.627723 100.000000 -3.667643 -400574.943551 1.577722 0.002398 0.479606 0.008857 0.003922 0.784454
 38.499997 1.805133 2.483646 0.678513 6.896238 1690.476844 1.823729 -2.039920 1000.000000 2.116949 -1.627723 100.000000 -3.667643 -400576.895233 1.532023 0.075167 15.033371 0.134291 0.901706 180.341151
 38.549997 1.777998 2.406726 0.628728 5.244189 2931.009645 1.823729 -2.039920 1000.000000 2.116949 -1.627723 100.000000 -3.667643 -400578.701957 1.562737 0.003248 0.649593 0.082459 0.339973 67.994555
 38.599997 1.806680 2.440990 0.634310 5.395464 1340.683548 1.823729 -2.039920 1000.000000 2.116949 -1.627723 100.000000 -3.667643 -400575.218329 1.612261 0.085965 17.193088 0.034941 0.061045 12.208904
 38.649997 1.775229 2.411208 0.635979 5.505532 3218.131814 1.823729 -2.039920 1000.000000 2.116949 -1.627723 100.000000 -3.667643 -400574.960690 1.579914 0.004157 0.831349 0.137698 0.948042 189.608397
 38.699997 1.796461 2.490556 0.694094 7.350847 2139.330873 1.823729 -2.039920 1000.000000 2.116949 -1.627723 100.000000 -3.667643 -400579.596199 1.545889 0.031018 6.203575 0.068489 0.234535 46.907061
 38.749997 1.814480 2.371728 0.557247 3.288372 734.657699 1.823729 -2.039920 1000.000000 2.116949 -1.627723 100.000000 -3.667643 -400576.219532 1.552311 0.017085 3.417090 0.050591 0.127970 25.594028
 38.799997 1.790524 2.428166 0.637641 5.394057 2071.094801 1.823729 -2.039920 1000.000000 2.116949 -1.627723 100.000000 -3.667643 -400578.003363 1.577555 0.002284 0.456775 0.087432 0.382215 76.442913
 38.849997 1.803373 2.462797 0.659424 6.187733 1610.469435 1.823729 -2.039920 1000.000000 2.116949 -1.627723 100.000000 -3.667643 -400577.282101 1.551654 0.018322 3.664336 0.056061 0.157141 31.428120
 38.899997 1.794940 2.370135 0.575194 3.619534 1469.804568 1.823729 -2.039920 1000.000000 2.116949 -1.627723 100.000000 -3.667643 -400576.323817 1.593783 0.026419 5.283871 0.081295 0.330446 66.089108
 38.949997 1.821428 2.508820 0.687392 7.680787 1540.922368 1.823729 -2.039920 1000.000000 2.116949 -1.627723 100.000000 -3.667643 -400577.874399 1.506471 0.206889 41.377842 0.056426 0.159197 31.839388
 38.999997 1.763513 2.343788 0.580276 4.385788 4140.530353 1.823729 -2.039920 1000.000000 2.116949 -1.627723 100.000000 -3.667643 -400573.873785 1.589664 0.017800 3.559940 0.101238 0.512461 102.492294
 39.049997 1.779153 2.529277 0.750124 9.494201 3687.130045 1.823729 -2.039920 1000.000000 2.116949 -1.627723 100.000000 -3.667643 -400579.251381 1.633053 0.193794 38.758870 0.043657 0.095297 19.059321
 39.099997 1.754873 2.395073 0.640201 6.238233 5514.692935 1.823729 -2.039920 1000.000000 2.116949 -1.627723 100.000000 -3.667643 -400579.075123 1.558715 0.007298 1.459581 0.076682 0.294003 58.800624
 39.149997 1.759056 2.530057 0.771001 10.624210 5889.207982 1.823729 -2.039920 1000.000000 2.116949 -1.627723 100.000000 -3.667643 -400583.611554 1.555572 0.011589 2.317705 0.107135 0.573890 114.778034
 39.199997 1.732713 2.429888 0.697175 9.038465 9263.147360 1.823729 -2.039920 1000.000000 2.116949 -1.627723 100.000000 -3.667643 -400578.602946 1.614702 0.096383 19.276662 0.044078 0.097142 19.428472
 39.249997 1.729294 2.540133 0.810839 13.413229 10708.843751 1.823729 -2.039920 1000.000000 2.116949 -1.627723 100.000000 -3.667643 -400585.412349 1.554059 0.014007 2.801498 0.096022 0.461014 92.202876
 39.299997 1.755393 2.388193 0.632800 6.013543 5405.494138 1.823729 -2.039920 1000.000000 2.116949 -1.627723 100.000000 -3.667643 -400577.881925 1.549558 0.022553 4.510658 0.086602 0.374991 74.998253
 39.349997 1.764795 2.538525 0.773730 10.622930 5250.493195 1.823729 -2.039920 1000.000000 2.116949 -1.627723 100.000000 -3.667643 -400582.293187 1.568489 0.000266 0.053221 0.022922 0.026272 5.254382
 39.399997 1.753283 2.395895 0.642612 6.371851 5740.737541 1.823729 -2.039920 1000.000000 2.116949 -1.627723 100.000000 -3.667643 -400576.165384 1.572641 0.000170 0.034032 0.131762 0.868059 173.611704
 39.449997 1.766471 2.519666 0.753196 9.748305 4900.311769 1.823729 -2.039920 1000.000000 2.116949 -1.627723 100.000000 -3.667643 -400583.883537 1.567731 0.000470 0.093954 0.059479 0.176886 35.377255
 39.499997 1.789818 2.368599 0.578782 3.741373 1783.252630 1.823729 -2.039920 1000.000000 2.116949 -1.627723 100.000000 -3.667643 -400571.080653 1.542340 0.040488 8.097668 0.051173 0.130935 26.187085
 39.549997 1.774098 2.531429 0.757331 9.821278 4181.143495 1.823729 -2.039920 1000.000000 2.116949 -1.627723 100.000000 -3.667643 -400582.074524 1.574978 0.000874 0.174844 0.131808 0.868668 173.733557
 39.599997 1.788058 2.368277 0.580218 3.794473 1904.055397 1.823729 -2.039920 1000.000000 2.116949 -1.627723 100.000000 -3.667643 -400573.941597 1.597894 0.036713 7.342614 0.031188 0.048636 9.727134
 39.649997 1.787440 2.463712 0.676272 6.670666 2519.310940 1.823729 -2.039920 1000.000000 2.116949 -1.627723 100.000000 -3.667643 -400579.513543 1.559480 0.006403 1.280648 0.057361 0.164513 32.902514
 39.699997 1.790435 2.416272 0.625837 5.033943 2004.393747 1.823729 -2.039920 1000.000000 2.116949 -1.627723 100.000000 -3.667643 -400576.790494 1.551445 0.018724 3.744768 0.136586 0.932793 186.558678
 39.749997 1.791380 2.517431 0.726051 8.542510 2650.329717 1.823729 -2.039920 1000.000000 2.116949 -1.627723 100.000000 -3.667643 -400577.571344 1.624793 0.145784 29.156833 0.100556 0.505579 101.115857
 39.799997 1.764958 2.347674 0.582716 4.388713 3986.378799 1.823729 -2.039920 1000.000000 2.116949 -1.627723 100.000000 -3.667643 -400573.428668 1.561292 0.004517 0.903320 0.035410 0.062694 12.538740
 39.849997 1.768882 2.507247 0.738365 9.120719 4531.525796 1.823729 -2.039920 1000.000000 2.116949 -1.627723 100.000000 -3.667643 -400581.166897 1.606508 0.063766 12.753275 0.104683 0.547926 109.585186
 39.899997 1.758537 2.450423 0.691887 7.685267 5362.083416 1.823729 -2.039920 1000.000000 2.116949 -1.627723 100.000000 -3.667643 -400580.026729 1.622860 0.135529 27.105770 0.110822 0.614074 122.814784
 39.949997 1.744372 2.509015 0.764642 10.834485 7834.582742 1.823729 -2.039920 1000.000000 2.116949 -1.627723 100.000000 -3.667643 -400578.867022 1.532326 0.073999 14.799839 0.105584 0.557394 111.478861
 39.999997 1.735756 2.428615 0.692859 8.726395 8710.583855 1.823729 -2.039920 1000.000000 2.116949 -1.627723 100.000000 -3.667643 -400577.644776 1.580223 0.004443 0.888574 0.101171 0.511779 102.355818
